{
"type": "FeatureCollection",
"name": "Journey_Links",
"crs": { "type": "name", "properties": { "name": "urn:ogc:def:crs:OGC:1.3:CRS84" } },
"features": [
{ "type": "Feature", "properties": { "OBJECTID": 1, "JOURNEY_LINK_ID": "8", "JOURNEY_LINK_DESCRIPTION": "Bedminster Parade IB > 3 Lamps OB", "JOURNEY_START": "Bedminster Parade IB", "JOURNEY_START_DIRECTION_TYPE": "IB", "JOURNEY_END": "3 Lamps OB", "JOURNEY_END_DIRECTION_TYPE": "OB", "MINIMUM_PLATE_MATCHES": 1, "CANDIDATE_COUNT": 9, "KPI_PRIORITY_LINK": "Yes", "JOURNEY_START_DIRECTION_DESC": "Inbound", "JOURNEY_END_DIRECTION_DESC": "Outbound", "SHAPESTLength": 1433.9878884394132 }, "geometry": { "type": "LineString", "coordinates": [ [ -2.593383509923224, 51.444209676328072 ], [ -2.592687840861013, 51.444771778608924 ], [ -2.592327859339358, 51.444931775657132 ], [ -2.592067868611722, 51.445041773501138 ], [ -2.59175788998949, 51.445291771652499 ], [ -2.591777892799078, 51.445341771282308 ], [ -2.591697915208419, 51.445641770967406 ], [ -2.591517929155375, 51.445831769325785 ], [ -2.591447934154543, 51.445901769296448 ], [ -2.591287943396394, 51.446011766922815 ], [ -2.591247945417062, 51.446021767338692 ], [ -2.590857948558947, 51.446001763946093 ], [ -2.590717945876904, 51.445931762130357 ], [ -2.590657945497311, 51.445881761970931 ], [ -2.590267940079729, 51.445731758330993 ], [ -2.590077941003871, 51.445691756126728 ], [ -2.588807947014345, 51.445511744991734 ], [ -2.587947957748666, 51.445461737292099 ], [ -2.586747982152142, 51.445591726368029 ], [ -2.585338025271227, 51.446041714846672 ], [ -2.583258106463207, 51.447151696456018 ], [ -2.582838125786615, 51.44744169294836 ], [ -2.582718130501785, 51.447501691662211 ], [ -2.582758131684876, 51.447551691321465 ], [ -2.582478145627515, 51.447731689657324 ], [ -2.582148147492996, 51.447691687042585 ], [ -2.58186814223679, 51.447461684609458 ], [ -2.581708139184438, 51.447341683807409 ], [ -2.581538137337369, 51.447241682374781 ], [ -2.581278135974642, 51.447111681002113 ], [ -2.581018135910965, 51.446981679010527 ], [ -2.580738132945812, 51.446811676234582 ], [ -2.580558131452283, 51.446681675291586 ], [ -2.580428130331522, 51.446581674163319 ], [ -2.580178127091853, 51.446401673385878 ], [ -2.579898126323958, 51.446211671740116 ], [ -2.579698124921363, 51.446071670768994 ], [ -2.579408120311024, 51.445831670380159 ], [ -2.578928112659281, 51.445321667979634 ], [ -2.578708105145705, 51.444981668510451 ], [ -2.578609711338875, 51.444569220713227 ] ] } },
{ "type": "Feature", "properties": { "OBJECTID": 2, "JOURNEY_LINK_ID": "9", "JOURNEY_LINK_DESCRIPTION": "Bedminster Parade OB > Parson St Gyratory", "JOURNEY_START": "Bedminster Parade OB", "JOURNEY_START_DIRECTION_TYPE": "OB", "JOURNEY_END": "Parson St Gyratory", "JOURNEY_END_DIRECTION_TYPE": "NA", "MINIMUM_PLATE_MATCHES": 1, "CANDIDATE_COUNT": 9, "KPI_PRIORITY_LINK": "No", "JOURNEY_START_DIRECTION_DESC": "Outbound", "JOURNEY_END_DIRECTION_DESC": "None", "SHAPESTLength": 2344.3741676063946 }, "geometry": { "type": "LineString", "coordinates": [ [ -2.593419972135332, 51.444203807725877 ], [ -2.593827758296568, 51.443841788407425 ], [ -2.59403774327335, 51.443691789311202 ], [ -2.594447715002921, 51.443391793149019 ], [ -2.595737616103665, 51.44239180248492 ], [ -2.595737609008436, 51.442301802858942 ], [ -2.595227571393272, 51.441621795495521 ], [ -2.595297541663431, 51.44122177602992 ], [ -2.595477523466414, 51.441021767630872 ], [ -2.595817500778152, 51.440831760934444 ], [ -2.596147476371254, 51.440641753966062 ], [ -2.596497445528806, 51.440371743306564 ], [ -2.597527349249955, 51.439581710122631 ], [ -2.598067288629988, 51.439101689133864 ], [ -2.598167271876857, 51.438971683071898 ], [ -2.598597216425608, 51.438521660974772 ], [ -2.59906717031209, 51.438231648152517 ], [ -2.599347141834111, 51.438071641048722 ], [ -2.599577120641491, 51.437961636506358 ], [ -2.599847098042809, 51.437841631700834 ], [ -2.600087078702986, 51.4377316280668 ], [ -2.599777062936351, 51.437451609956305 ], [ -2.59907705713382, 51.43702158471428 ], [ -2.598607037598308, 51.436541558329303 ], [ -2.598427027876182, 51.436301544682919 ], [ -2.598287017642589, 51.436101533961413 ], [ -2.598107011305157, 51.435911523122961 ], [ -2.597897011657204, 51.43578151565513 ], [ -2.597707021999557, 51.435761514244405 ], [ -2.597727011332413, 51.435651508659035 ], [ -2.59777700698873, 51.435631508026148 ], [ -2.597926999409973, 51.435661509393078 ], [ -2.598536961474327, 51.43563150984977 ], [ -2.598896939915425, 51.43562150959194 ], [ -2.600166839347971, 51.43531149862995 ], [ -2.600586809822092, 51.435091492592306 ], [ -2.600936780214706, 51.434871484642699 ], [ -2.602626645331241, 51.433871453964876 ], [ -2.602886625033497, 51.433741450949235 ], [ -2.603306595063823, 51.433531444749683 ], [ -2.603756565251076, 51.433311439889728 ], [ -2.605376573724986, 51.432601452594859 ], [ -2.606006571778244, 51.432341456876792 ], [ -2.60627657024513, 51.432211459236797 ], [ -2.606956554327442, 51.432081466844252 ], [ -2.607396540826528, 51.43205147149331 ], [ -2.610176455570752, 51.43171150509562 ], [ -2.61175639995273, 51.431541523737664 ], [ -2.611966393083835, 51.431471525582396 ], [ -2.612076930859686, 51.431463980922537 ] ] } },
{ "type": "Feature", "properties": { "OBJECTID": 3, "JOURNEY_LINK_ID": "21", "JOURNEY_LINK_DESCRIPTION": "M32 OB > Fishponds Rd/Straits Pde EB", "JOURNEY_START": "M32 OB", "JOURNEY_START_DIRECTION_TYPE": "OB", "JOURNEY_END": "Fishponds Rd/Straits Pde EB", "JOURNEY_END_DIRECTION_TYPE": "EB", "MINIMUM_PLATE_MATCHES": 1, "CANDIDATE_COUNT": 9, "KPI_PRIORITY_LINK": "Yes", "JOURNEY_START_DIRECTION_DESC": "Outbound", "JOURNEY_END_DIRECTION_DESC": "East bound", "SHAPESTLength": 5094.2272665242799 }, "geometry": { "type": "LineString", "coordinates": [ [ -2.582728150399149, 51.460439724460088 ], [ -2.582338563888287, 51.460521319918108 ], [ -2.581588582542224, 51.460811305498446 ], [ -2.580818603209352, 51.461251286043144 ], [ -2.579148658870211, 51.462581234389006 ], [ -2.577988702989116, 51.463561198660237 ], [ -2.577798710654555, 51.463741192764687 ], [ -2.577348729250379, 51.464151178155895 ], [ -2.57689874774885, 51.464521165517283 ], [ -2.576598761026403, 51.464761156934784 ], [ -2.574568855164517, 51.466441105328379 ], [ -2.573268895669353, 51.467151099572995 ], [ -2.572428919593887, 51.467441100607687 ], [ -2.572098928286247, 51.467541100397824 ], [ -2.571258952431549, 51.46778110225415 ], [ -2.570458976946017, 51.46799110246166 ], [ -2.5697789993332, 51.46820110458907 ], [ -2.568729029971784, 51.468601106421154 ], [ -2.567819059831991, 51.469021108264343 ], [ -2.567509068661091, 51.469171109622124 ], [ -2.566609100125877, 51.469691113127347 ], [ -2.565949115194982, 51.470091128253813 ], [ -2.564449151201253, 51.471021163119708 ], [ -2.563879162748098, 51.471371175550374 ], [ -2.563519168873786, 51.471621183831267 ], [ -2.563209174820017, 51.471871190996623 ], [ -2.562889178157702, 51.472321198088821 ], [ -2.561989189586215, 51.473241218579119 ], [ -2.561799191488003, 51.473471222859864 ], [ -2.561529192980514, 51.473871229232827 ], [ -2.561469193506859, 51.473971230247372 ], [ -2.561269194160078, 51.474271234976733 ], [ -2.561129192776681, 51.474631238283919 ], [ -2.561259190437381, 51.474741235531397 ], [ -2.56132918701013, 51.474911233651575 ], [ -2.561139184864779, 51.475191240873187 ], [ -2.560919184288058, 51.475301247668781 ], [ -2.56048919139882, 51.475321256800932 ], [ -2.560219198819585, 51.475201260226278 ], [ -2.560059205989234, 51.475011260818896 ], [ -2.559619216690167, 51.474801270140347 ], [ -2.559079226738863, 51.474691281508264 ], [ -2.558689233414446, 51.474591289256509 ], [ -2.55827924220412, 51.474481298389506 ], [ -2.557989249568496, 51.474401305053036 ], [ -2.557609258082926, 51.474281312112481 ], [ -2.557069270279396, 51.474111323133336 ], [ -2.556599282088744, 51.473951332873163 ], [ -2.556309288637511, 51.473831339834234 ], [ -2.556009292579835, 51.473951345529208 ], [ -2.555179305934592, 51.474061363875435 ], [ -2.554789311962116, 51.474061371964439 ], [ -2.553749334867434, 51.473931394210872 ], [ -2.552239379000321, 51.473271426480188 ], [ -2.552119381682469, 51.473271428287134 ], [ -2.551709391920002, 51.473191437082974 ], [ -2.551179406007247, 51.473091448652156 ], [ -2.550419417072806, 51.473171464813035 ], [ -2.550099422156104, 51.473241471987883 ], [ -2.549789420844089, 51.473321475158059 ], [ -2.54945941647409, 51.473411477178594 ], [ -2.548059392193186, 51.473891487658449 ], [ -2.547759386701692, 51.473991490328572 ], [ -2.546629367421488, 51.474391496932803 ], [ -2.544629333512067, 51.475011508875873 ], [ -2.543969325075139, 51.475171511940296 ], [ -2.54342932026511, 51.475291514245328 ], [ -2.542749311956021, 51.475441518201926 ], [ -2.541809302652962, 51.475661522734114 ], [ -2.541499299945632, 51.475741523769635 ], [ -2.539809283568863, 51.476151531715324 ], [ -2.53830926856222, 51.476721536097301 ], [ -2.53805926450715, 51.476831537001814 ], [ -2.537879263946752, 51.476901537371816 ], [ -2.537369259005355, 51.477081539140279 ], [ -2.537059255778052, 51.477211540283818 ], [ -2.536859255461349, 51.47729154032443 ], [ -2.535959247817144, 51.477661542335738 ], [ -2.533789235186139, 51.478581546688197 ], [ -2.533559234647886, 51.478671546754882 ], [ -2.533289232658496, 51.47877154711874 ], [ -2.532339229432198, 51.479091547811564 ], [ -2.532049229507782, 51.479181547346755 ], [ -2.531119225730058, 51.479481548650732 ], [ -2.530359226638565, 51.479741547839375 ], [ -2.530019225230893, 51.479881547884553 ], [ -2.528849226905101, 51.480681546301213 ], [ -2.528429230010104, 51.481181543861524 ], [ -2.528129231330206, 51.481431542553999 ], [ -2.527649233260908, 51.481511544732115 ], [ -2.527229234345648, 51.481561545340362 ], [ -2.526969235892933, 51.481591546017555 ], [ -2.52617689937541, 51.481677244356653 ] ] } },
{ "type": "Feature", "properties": { "OBJECTID": 4, "JOURNEY_LINK_ID": "29", "JOURNEY_LINK_DESCRIPTION": "3 Lamps IB > M32 OB", "JOURNEY_START": "3 Lamps IB", "JOURNEY_START_DIRECTION_TYPE": "IB", "JOURNEY_END": "M32 OB", "JOURNEY_END_DIRECTION_TYPE": "OB", "MINIMUM_PLATE_MATCHES": 1, "CANDIDATE_COUNT": 9, "KPI_PRIORITY_LINK": "Yes", "JOURNEY_START_DIRECTION_DESC": "Inbound", "JOURNEY_END_DIRECTION_DESC": "Outbound", "SHAPESTLength": 2035.8178227891021 }, "geometry": { "type": "LineString", "coordinates": [ [ -2.578718924026408, 51.444633360898635 ], [ -2.578708105145705, 51.444981668510451 ], [ -2.578928112659281, 51.445321667979634 ], [ -2.579408120311024, 51.445831670380159 ], [ -2.579698124921363, 51.446071670768994 ], [ -2.579898126323958, 51.446211671740116 ], [ -2.580178127091853, 51.446401673385878 ], [ -2.580428130331522, 51.446581674163319 ], [ -2.580558131452283, 51.446681675291586 ], [ -2.580918131031562, 51.446801678588578 ], [ -2.581338127881554, 51.446921681177017 ], [ -2.581698121808813, 51.446941683394208 ], [ -2.582088120013927, 51.447051687012276 ], [ -2.58218812196726, 51.447111687477069 ], [ -2.582548126546521, 51.447351689786515 ], [ -2.582638127369409, 51.447421690754055 ], [ -2.582718130501785, 51.447501691662211 ], [ -2.582758131684876, 51.447551691321465 ], [ -2.582818139484702, 51.447711692937823 ], [ -2.582968151611588, 51.448051693381466 ], [ -2.584048167632546, 51.448611702936176 ], [ -2.584468177061843, 51.448841707062883 ], [ -2.584548181263427, 51.448951707363968 ], [ -2.584968224747003, 51.449851711840836 ], [ -2.58497823017913, 51.449971711700634 ], [ -2.584988241292634, 51.450341700377876 ], [ -2.584958245467889, 51.450451696511301 ], [ -2.584758266317884, 51.451021674548763 ], [ -2.584658277607832, 51.451391661199217 ], [ -2.584538295237162, 51.451931640763249 ], [ -2.584358321899358, 51.452701612116421 ], [ -2.584308330427295, 51.452961603452273 ], [ -2.584198340635803, 51.453221592242009 ], [ -2.583928365510528, 51.453851569330922 ], [ -2.5836183936301, 51.454571541422517 ], [ -2.583608419906102, 51.455361513267874 ], [ -2.583718427086082, 51.455621505358856 ], [ -2.583858433934296, 51.455901496834102 ], [ -2.584158445415897, 51.456371483397824 ], [ -2.584418452721461, 51.456751472611785 ], [ -2.584648461480446, 51.457121461965436 ], [ -2.584588477022973, 51.457581444480162 ], [ -2.583798521030299, 51.458671399011799 ], [ -2.583918522491225, 51.459261377706355 ], [ -2.584038520863782, 51.459551367714703 ], [ -2.584098522117101, 51.459791358695028 ], [ -2.58377852979998, 51.459901352075377 ], [ -2.583338543368438, 51.460101340527238 ], [ -2.582898552093865, 51.460291330847696 ], [ -2.58259739848546, 51.460390762125044 ] ] } },
{ "type": "Feature", "properties": { "OBJECTID": 5, "JOURNEY_LINK_ID": "31", "JOURNEY_LINK_DESCRIPTION": "3 Lamps IB > Victoria St NB", "JOURNEY_START": "3 Lamps IB", "JOURNEY_START_DIRECTION_TYPE": "IB", "JOURNEY_END": "Victoria St NB", "JOURNEY_END_DIRECTION_TYPE": "NB", "MINIMUM_PLATE_MATCHES": 1, "CANDIDATE_COUNT": 9, "KPI_PRIORITY_LINK": "Yes", "JOURNEY_START_DIRECTION_DESC": "Inbound", "JOURNEY_END_DIRECTION_DESC": "North bound", "SHAPESTLength": 1237.3941348948304 }, "geometry": { "type": "LineString", "coordinates": [ [ -2.578538193499131, 51.444770634733516 ], [ -2.578708105145705, 51.444981668510451 ], [ -2.578928112659281, 51.445321667979634 ], [ -2.579408120311024, 51.445831670380159 ], [ -2.579698124921363, 51.446071670768994 ], [ -2.579898126323958, 51.446211671740116 ], [ -2.580178127091853, 51.446401673385878 ], [ -2.580428130331522, 51.446581674163319 ], [ -2.580558131452283, 51.446681675291586 ], [ -2.580918131031562, 51.446801678588578 ], [ -2.581338127881554, 51.446921681177017 ], [ -2.581698121808813, 51.446941683394208 ], [ -2.582088120013927, 51.447051687012276 ], [ -2.58218812196726, 51.447111687477069 ], [ -2.582548126546521, 51.447351689786515 ], [ -2.582638127369409, 51.447421690754055 ], [ -2.582718130501785, 51.447501691662211 ], [ -2.582758131684876, 51.447551691321465 ], [ -2.582818139484702, 51.447711692937823 ], [ -2.582968151611588, 51.448051693381466 ], [ -2.584048167632546, 51.448611702936176 ], [ -2.584468177061843, 51.448841707062883 ], [ -2.584548181263427, 51.448951707363968 ], [ -2.584968224747003, 51.449851711840836 ], [ -2.585408225211107, 51.449941716717127 ], [ -2.585728230444689, 51.450081716752038 ], [ -2.5860282365153, 51.450341710422812 ], [ -2.586418244471079, 51.450701701416918 ], [ -2.587878267896857, 51.452001669829961 ], [ -2.589038274479333, 51.452651656643667 ], [ -2.589288273420615, 51.452711657014838 ], [ -2.589528272247787, 51.452821654925259 ], [ -2.589595186211364, 51.452934301709433 ] ] } },
{ "type": "Feature", "properties": { "OBJECTID": 6, "JOURNEY_LINK_ID": "34", "JOURNEY_LINK_DESCRIPTION": "3 Lamps IB > Bedminster Parade SB", "JOURNEY_START": "3 Lamps IB", "JOURNEY_START_DIRECTION_TYPE": "IB", "JOURNEY_END": "Bedminster Parade SB", "JOURNEY_END_DIRECTION_TYPE": "SB", "MINIMUM_PLATE_MATCHES": 1, "CANDIDATE_COUNT": 9, "KPI_PRIORITY_LINK": "No", "JOURNEY_START_DIRECTION_DESC": "Inbound", "JOURNEY_END_DIRECTION_DESC": "South bound", "SHAPESTLength": 1347.4774040672191 }, "geometry": { "type": "LineString", "coordinates": [ [ -2.578553258896891, 51.44459929569912 ], [ -2.578708105145705, 51.444981668510451 ], [ -2.578928112659281, 51.445321667979634 ], [ -2.579408120311024, 51.445831670380159 ], [ -2.579698124921363, 51.446071670768994 ], [ -2.579898126323958, 51.446211671740116 ], [ -2.580178127091853, 51.446401673385878 ], [ -2.580428130331522, 51.446581674163319 ], [ -2.580558131452283, 51.446681675291586 ], [ -2.580918131031562, 51.446801678588578 ], [ -2.581338127881554, 51.446921681177017 ], [ -2.581698121808813, 51.446941683394208 ], [ -2.582088120013927, 51.447051687012276 ], [ -2.58218812196726, 51.447111687477069 ], [ -2.582548126546521, 51.447351689786515 ], [ -2.582728125213105, 51.447361691371341 ], [ -2.583258106463207, 51.447151696456018 ], [ -2.585338025271227, 51.446041714846672 ], [ -2.586747982152142, 51.445591726368029 ], [ -2.587947957748666, 51.445461737292099 ], [ -2.588807947014345, 51.445511744991734 ], [ -2.590077941003871, 51.445691756126728 ], [ -2.590267940079729, 51.445731758330993 ], [ -2.590607931427658, 51.445681761376022 ], [ -2.59077791256354, 51.445421762428701 ], [ -2.591017901323216, 51.445281765188028 ], [ -2.59131789219686, 51.445201766975089 ], [ -2.591607879215517, 51.445081769586494 ], [ -2.591967866050902, 51.444971772121107 ], [ -2.592327859339358, 51.444931775657132 ], [ -2.592687840861013, 51.444771778608924 ], [ -2.593394413153616, 51.44401857091249 ] ] } },
{ "type": "Feature", "properties": { "OBJECTID": 7, "JOURNEY_LINK_ID": "41", "JOURNEY_LINK_DESCRIPTION": "Redcliffe Way EB > M32 OB", "JOURNEY_START": "Redcliffe Way EB", "JOURNEY_START_DIRECTION_TYPE": "EB", "JOURNEY_END": "M32 OB", "JOURNEY_END_DIRECTION_TYPE": "OB", "MINIMUM_PLATE_MATCHES": 1, "CANDIDATE_COUNT": 9, "KPI_PRIORITY_LINK": "No", "JOURNEY_START_DIRECTION_DESC": "East bound", "JOURNEY_END_DIRECTION_DESC": "Outbound", "SHAPESTLength": 1807.7411932326067 }, "geometry": { "type": "LineString", "coordinates": [ [ -2.590551786586987, 51.449131589500226 ], [ -2.590418156114311, 51.449201761748782 ], [ -2.590268158014776, 51.44922176099422 ], [ -2.590148157216899, 51.449211759896023 ], [ -2.590018155444362, 51.449161758338676 ], [ -2.58996815510459, 51.449131757998302 ], [ -2.589908151544716, 51.449081757516105 ], [ -2.589368142820385, 51.448871751541681 ], [ -2.588968144458209, 51.448861747989369 ], [ -2.588208152721921, 51.448911741851937 ], [ -2.587388162861543, 51.448971734140216 ], [ -2.586268174101585, 51.449041723678071 ], [ -2.584548181263427, 51.448951707363968 ], [ -2.584968224747003, 51.449851711840836 ], [ -2.58497823017913, 51.449971711700634 ], [ -2.584988241292634, 51.450341700377876 ], [ -2.584958245467889, 51.450451696511301 ], [ -2.584758266317884, 51.451021674548763 ], [ -2.584658277607832, 51.451391661199217 ], [ -2.584538295237162, 51.451931640763249 ], [ -2.584358321899358, 51.452701612116421 ], [ -2.584308330427295, 51.452961603452273 ], [ -2.584198340635803, 51.453221592242009 ], [ -2.583928365510528, 51.453851569330922 ], [ -2.5836183936301, 51.454571541422517 ], [ -2.583608419906102, 51.455361513267874 ], [ -2.583718427086082, 51.455621505358856 ], [ -2.583858433934296, 51.455901496834102 ], [ -2.584158445415897, 51.456371483397824 ], [ -2.584418452721461, 51.456751472611785 ], [ -2.584648461480446, 51.457121461965436 ], [ -2.584588477022973, 51.457581444480162 ], [ -2.583798521030299, 51.458671399011799 ], [ -2.583918522491225, 51.459261377706355 ], [ -2.584038520863782, 51.459551367714703 ], [ -2.584098522117101, 51.459791358695028 ], [ -2.58377852979998, 51.459901352075377 ], [ -2.583338543368438, 51.460101340527238 ], [ -2.582898552093865, 51.460291330847696 ], [ -2.582533658786637, 51.460346002666334 ] ] } },
{ "type": "Feature", "properties": { "OBJECTID": 8, "JOURNEY_LINK_ID": "42", "JOURNEY_LINK_DESCRIPTION": "Redcliffe Way EB > St Luke's Rd SB", "JOURNEY_START": "Redcliffe Way EB", "JOURNEY_START_DIRECTION_TYPE": "EB", "JOURNEY_END": "St Luke's Rd SB", "JOURNEY_END_DIRECTION_TYPE": "SB", "MINIMUM_PLATE_MATCHES": 1, "CANDIDATE_COUNT": 9, "KPI_PRIORITY_LINK": "No", "JOURNEY_START_DIRECTION_DESC": "East bound", "JOURNEY_END_DIRECTION_DESC": "South bound", "SHAPESTLength": 1021.0383153864633 }, "geometry": { "type": "LineString", "coordinates": [ [ -2.590486707620133, 51.449128921116866 ], [ -2.590418156114311, 51.449201761748782 ], [ -2.590268158014776, 51.44922176099422 ], [ -2.590148157216899, 51.449211759896023 ], [ -2.590018155444362, 51.449161758338676 ], [ -2.58996815510459, 51.449131757998302 ], [ -2.589908151544716, 51.449081757516105 ], [ -2.589968135104608, 51.4488117573473 ], [ -2.590078132187159, 51.448771759557197 ], [ -2.590298117804305, 51.448581760277101 ], [ -2.590428092140167, 51.448181760851028 ], [ -2.590578048888466, 51.447511762182202 ], [ -2.590628036732094, 51.447331762286836 ], [ -2.590708013662506, 51.44700176348676 ], [ -2.590777993846786, 51.446691763176972 ], [ -2.59085796754482, 51.446301763599479 ], [ -2.590857948558947, 51.446001763946093 ], [ -2.590717945876904, 51.445931762130357 ], [ -2.590657945497311, 51.445881761970931 ], [ -2.590607931427658, 51.445681761376022 ], [ -2.59077791256354, 51.445421762428701 ], [ -2.59065790370973, 51.445231761595629 ], [ -2.590407903758972, 51.445171758705513 ], [ -2.590177902601952, 51.445111756890142 ], [ -2.589697904457799, 51.445021751881697 ], [ -2.589277906819348, 51.444941748950477 ], [ -2.588357914606159, 51.444821740355636 ], [ -2.586937942077085, 51.444911727517834 ], [ -2.585727976345032, 51.445191718003016 ], [ -2.584928003166235, 51.445481709954649 ], [ -2.584727995749512, 51.445301708747991 ], [ -2.584447986528598, 51.445041706292052 ], [ -2.584447976196155, 51.444811705789682 ], [ -2.584437089965251, 51.444681099924765 ] ] } },
{ "type": "Feature", "properties": { "OBJECTID": 9, "JOURNEY_LINK_ID": "55", "JOURNEY_LINK_DESCRIPTION": "Old Market IB > Avon St EB", "JOURNEY_START": "Old Market IB", "JOURNEY_START_DIRECTION_TYPE": "IB", "JOURNEY_END": "Avon St EB", "JOURNEY_END_DIRECTION_TYPE": "EB", "MINIMUM_PLATE_MATCHES": 1, "CANDIDATE_COUNT": 9, "KPI_PRIORITY_LINK": "No", "JOURNEY_START_DIRECTION_DESC": "Inbound", "JOURNEY_END_DIRECTION_DESC": "East bound", "SHAPESTLength": 583.27738440616929 }, "geometry": { "type": "LineString", "coordinates": [ [ -2.580037924081884, 51.456400114783349 ], [ -2.580528496490389, 51.456331456451885 ], [ -2.580668492158097, 51.456301458017954 ], [ -2.5816184691212, 51.455961476519597 ], [ -2.582088458144733, 51.455861484293322 ], [ -2.582428451189577, 51.455801488715757 ], [ -2.583198435333899, 51.455621501350237 ], [ -2.583228433047212, 51.455551503286188 ], [ -2.583268430146944, 51.455501505612126 ], [ -2.583288425047049, 51.455321512133551 ], [ -2.583288423512446, 51.455291513204479 ], [ -2.583398394070705, 51.454531540004673 ], [ -2.583508382112086, 51.454201552541399 ], [ -2.583838352001691, 51.453411583735935 ], [ -2.583568348097304, 51.453221587540639 ], [ -2.583258348945641, 51.453141587291455 ], [ -2.582750282924962, 51.452914005368925 ] ] } },
{ "type": "Feature", "properties": { "OBJECTID": 10, "JOURNEY_LINK_ID": "65", "JOURNEY_LINK_DESCRIPTION": "Castle St EB > Old Market OB", "JOURNEY_START": "Castle St EB", "JOURNEY_START_DIRECTION_TYPE": "EB", "JOURNEY_END": "Old Market OB", "JOURNEY_END_DIRECTION_TYPE": "OB", "MINIMUM_PLATE_MATCHES": 1, "CANDIDATE_COUNT": 9, "KPI_PRIORITY_LINK": "Yes", "JOURNEY_START_DIRECTION_DESC": "East bound", "JOURNEY_END_DIRECTION_DESC": "Outbound", "SHAPESTLength": 348.67902507245361 }, "geometry": { "type": "LineString", "coordinates": [ [ -2.584774352344566, 51.455607964797174 ], [ -2.584078426174711, 51.455751503937883 ], [ -2.5840584268916, 51.455781502897807 ], [ -2.58371843675513, 51.45592149470766 ], [ -2.583588440304229, 51.455931492944465 ], [ -2.583548441765847, 51.45593149280274 ], [ -2.583328442023852, 51.455851494060546 ], [ -2.582038464557937, 51.456011478492563 ], [ -2.581788469428012, 51.456061475128649 ], [ -2.581018486266569, 51.456231462926915 ], [ -2.580668492158097, 51.456301458017954 ], [ -2.580528496490389, 51.456331456451885 ], [ -2.580142671941982, 51.456521108922558 ] ] } },
{ "type": "Feature", "properties": { "OBJECTID": 11, "JOURNEY_LINK_ID": "68", "JOURNEY_LINK_DESCRIPTION": "Castle St WB > Victoria St NB", "JOURNEY_START": "Castle St WB", "JOURNEY_START_DIRECTION_TYPE": "WB", "JOURNEY_END": "Victoria St NB", "JOURNEY_END_DIRECTION_TYPE": "NB", "MINIMUM_PLATE_MATCHES": 1, "CANDIDATE_COUNT": 9, "KPI_PRIORITY_LINK": "Yes", "JOURNEY_START_DIRECTION_DESC": "West bound", "JOURNEY_END_DIRECTION_DESC": "North bound", "SHAPESTLength": 525.82597014372186 }, "geometry": { "type": "LineString", "coordinates": [ [ -2.584800237640183, 51.45546181777344 ], [ -2.58536837897648, 51.45489154615322 ], [ -2.585358373288594, 51.45470155215169 ], [ -2.585278359308282, 51.454211568129978 ], [ -2.585998348807677, 51.454171576715595 ], [ -2.586488339728242, 51.454061584465634 ], [ -2.587358319779108, 51.453711604466243 ], [ -2.588158299532513, 51.453311625667908 ], [ -2.58831829404552, 51.453181631774271 ], [ -2.589038274479333, 51.452651656643667 ], [ -2.589288273420615, 51.452711657014838 ], [ -2.589528272247787, 51.452821654925259 ], [ -2.589672009155275, 51.4528602810623 ] ] } },
{ "type": "Feature", "properties": { "OBJECTID": 12, "JOURNEY_LINK_ID": "85", "JOURNEY_LINK_DESCRIPTION": "Coronation Rd EB > Commercial Rd WB", "JOURNEY_START": "Coronation Rd EB", "JOURNEY_START_DIRECTION_TYPE": "EB", "JOURNEY_END": "Commercial Rd WB", "JOURNEY_END_DIRECTION_TYPE": "WB", "MINIMUM_PLATE_MATCHES": 1, "CANDIDATE_COUNT": 9, "KPI_PRIORITY_LINK": "No", "JOURNEY_START_DIRECTION_DESC": "East bound", "JOURNEY_END_DIRECTION_DESC": "West bound", "SHAPESTLength": 110.3822266195548 }, "geometry": { "type": "LineString", "coordinates": [ [ -2.591950291081391, 51.44551905505142 ], [ -2.591697915208419, 51.445641770967406 ], [ -2.591517929155375, 51.445831769325785 ], [ -2.591737940283913, 51.446051772228643 ], [ -2.592227157552401, 51.445987161228111 ] ] } },
{ "type": "Feature", "properties": { "OBJECTID": 13, "JOURNEY_LINK_ID": "105", "JOURNEY_LINK_DESCRIPTION": "Victoria St SB > Old Market St OB", "JOURNEY_START": "Victoria St SB", "JOURNEY_START_DIRECTION_TYPE": "SB", "JOURNEY_END": "Old Market St OB", "JOURNEY_END_DIRECTION_TYPE": "OB", "MINIMUM_PLATE_MATCHES": 1, "CANDIDATE_COUNT": 9, "KPI_PRIORITY_LINK": "Yes", "JOURNEY_START_DIRECTION_DESC": "South bound", "JOURNEY_END_DIRECTION_DESC": "Outbound", "SHAPESTLength": 1190.2257580921487 }, "geometry": { "type": "LineString", "coordinates": [ [ -2.59111606885265, 51.453444480557422 ], [ -2.591618362495052, 51.453768936836042 ], [ -2.591738361998677, 51.453828935734947 ], [ -2.591618362495052, 51.453768936836042 ], [ -2.591108363337411, 51.453508940641441 ], [ -2.591068363604999, 51.453488941409518 ], [ -2.589528369661993, 51.452918947494091 ], [ -2.589228368209433, 51.452768949862858 ], [ -2.589038368246881, 51.452658952251369 ], [ -2.588318387688132, 51.453188927381568 ], [ -2.588158393147406, 51.453318921275084 ], [ -2.587358413254506, 51.453718900073206 ], [ -2.586488433040132, 51.454068879173306 ], [ -2.585998442033655, 51.454178871423288 ], [ -2.585278452419064, 51.454218863736997 ], [ -2.585158455316963, 51.454218863398772 ], [ -2.584268465708814, 51.454238854278891 ], [ -2.583878470477317, 51.454188852002396 ], [ -2.583868471855746, 51.454248850343625 ], [ -2.583738487815948, 51.454638835136379 ], [ -2.58369849864534, 51.454988823303644 ], [ -2.583708507452879, 51.45520881537665 ], [ -2.583748508830376, 51.45528881321772 ], [ -2.583808511343007, 51.45538881005983 ], [ -2.583988511525041, 51.455468808801506 ], [ -2.584098514305185, 51.455608804819093 ], [ -2.584078519085014, 51.455758799542508 ], [ -2.584058519787237, 51.455788797603233 ], [ -2.583718531045462, 51.455928790304391 ], [ -2.583588533133863, 51.455938788548181 ], [ -2.583548534588846, 51.455938788406399 ], [ -2.583328534810085, 51.455858789664006 ], [ -2.582038557119315, 51.456018773194856 ], [ -2.581788561948093, 51.456068769830544 ], [ -2.581018580110079, 51.456238758519511 ], [ -2.580668585943787, 51.456308753609989 ], [ -2.580528588813776, 51.456338752050819 ], [ -2.580180275736909, 51.456475448476823 ] ] } },
{ "type": "Feature", "properties": { "OBJECTID": 14, "JOURNEY_LINK_ID": "106", "JOURNEY_LINK_DESCRIPTION": "Victoria St SB > Cattle Market Rd EB", "JOURNEY_START": "Victoria St SB", "JOURNEY_START_DIRECTION_TYPE": "SB", "JOURNEY_END": "Cattle Market Rd EB", "JOURNEY_END_DIRECTION_TYPE": "EB", "MINIMUM_PLATE_MATCHES": 1, "CANDIDATE_COUNT": 9, "KPI_PRIORITY_LINK": "No", "JOURNEY_START_DIRECTION_DESC": "South bound", "JOURNEY_END_DIRECTION_DESC": "East bound", "SHAPESTLength": 841.80956424981764 }, "geometry": { "type": "LineString", "coordinates": [ [ -2.589588869356191, 51.452883043380943 ], [ -2.588818774400457, 51.45252866727558 ], [ -2.588003804976142, 51.452072012391021 ], [ -2.586126115100123, 51.450432054952678 ], [ -2.585071089156171, 51.449586844255101 ], [ -2.58453750162806, 51.44920784242337 ], [ -2.584378181820223, 51.448931706764938 ], [ -2.583618168473131, 51.44853169983125 ], [ -2.583508165172997, 51.44847169844514 ], [ -2.583168162026988, 51.448311695129597 ], [ -2.582818157566457, 51.448121692116409 ], [ -2.582388152459166, 51.447861689283812 ], [ -2.582028159846409, 51.447911685305513 ], [ -2.58127111109652, 51.448147877658513 ] ] } },
{ "type": "Feature", "properties": { "OBJECTID": 15, "JOURNEY_LINK_ID": "111", "JOURNEY_LINK_DESCRIPTION": "St Luke's Rd NB > Bond St WB", "JOURNEY_START": "St Luke's Rd NB", "JOURNEY_START_DIRECTION_TYPE": "NB", "JOURNEY_END": "Bond St WB", "JOURNEY_END_DIRECTION_TYPE": "WB", "MINIMUM_PLATE_MATCHES": 1, "CANDIDATE_COUNT": 9, "KPI_PRIORITY_LINK": "No", "JOURNEY_START_DIRECTION_DESC": "North bound", "JOURNEY_END_DIRECTION_DESC": "West bound", "SHAPESTLength": 2031.7118502217136 }, "geometry": { "type": "LineString", "coordinates": [ [ -2.584441653338579, 51.444795172851478 ], [ -2.584447976196155, 51.444811705789682 ], [ -2.584447986528598, 51.445041706292052 ], [ -2.584727995749512, 51.445301708747991 ], [ -2.584928003166235, 51.445481709954649 ], [ -2.584678011739246, 51.445581708378185 ], [ -2.583698048291197, 51.44606169885467 ], [ -2.582528100485682, 51.446751691024048 ], [ -2.582358106988285, 51.44686168938108 ], [ -2.58218812196726, 51.447111687477069 ], [ -2.582548126546521, 51.447351689786515 ], [ -2.582638127369409, 51.447421690754055 ], [ -2.582718130501785, 51.447501691662211 ], [ -2.582758131684876, 51.447551691321465 ], [ -2.582818139484702, 51.447711692937823 ], [ -2.582968151611588, 51.448051693381466 ], [ -2.584048167632546, 51.448611702936176 ], [ -2.584468177061843, 51.448841707062883 ], [ -2.584548181263427, 51.448951707363968 ], [ -2.584968224747003, 51.449851711840836 ], [ -2.58497823017913, 51.449971711700634 ], [ -2.584988241292634, 51.450341700377876 ], [ -2.584958245467889, 51.450451696511301 ], [ -2.584758266317884, 51.451021674548763 ], [ -2.584658277607832, 51.451391661199217 ], [ -2.584538295237162, 51.451931640763249 ], [ -2.584358321899358, 51.452701612116421 ], [ -2.584308330427295, 51.452961603452273 ], [ -2.584198340635803, 51.453221592242009 ], [ -2.583928365510528, 51.453851569330922 ], [ -2.5836183936301, 51.454571541422517 ], [ -2.583608419906102, 51.455361513267874 ], [ -2.583718427086082, 51.455621505358856 ], [ -2.583858433934296, 51.455901496834102 ], [ -2.584158445415897, 51.456371483397824 ], [ -2.584418452721461, 51.456751472611785 ], [ -2.584648461480446, 51.457121461965436 ], [ -2.584588477022973, 51.457581444480162 ], [ -2.583798521030299, 51.458671399011799 ], [ -2.583918522491225, 51.459261377706355 ], [ -2.584038520863782, 51.459551367714703 ], [ -2.58582867128516, 51.459299478999625 ], [ -2.586668458318488, 51.459450360943229 ] ] } },
{ "type": "Feature", "properties": { "OBJECTID": 16, "JOURNEY_LINK_ID": "117", "JOURNEY_LINK_DESCRIPTION": "St Luke's Rd NB > M32 OB", "JOURNEY_START": "St Luke's Rd NB", "JOURNEY_START_DIRECTION_TYPE": "NB", "JOURNEY_END": "M32 OB", "JOURNEY_END_DIRECTION_TYPE": "OB", "MINIMUM_PLATE_MATCHES": 1, "CANDIDATE_COUNT": 9, "KPI_PRIORITY_LINK": "No", "JOURNEY_START_DIRECTION_DESC": "North bound", "JOURNEY_END_DIRECTION_DESC": "Outbound", "SHAPESTLength": 2005.5531335840535 }, "geometry": { "type": "LineString", "coordinates": [ [ -2.584556464456097, 51.444691164285203 ], [ -2.584447976196155, 51.444811705789682 ], [ -2.584447986528598, 51.445041706292052 ], [ -2.584727995749512, 51.445301708747991 ], [ -2.584928003166235, 51.445481709954649 ], [ -2.584678011739246, 51.445581708378185 ], [ -2.583698048291197, 51.44606169885467 ], [ -2.582528100485682, 51.446751691024048 ], [ -2.582358106988285, 51.44686168938108 ], [ -2.58218812196726, 51.447111687477069 ], [ -2.582548126546521, 51.447351689786515 ], [ -2.582638127369409, 51.447421690754055 ], [ -2.582718130501785, 51.447501691662211 ], [ -2.582758131684876, 51.447551691321465 ], [ -2.582818139484702, 51.447711692937823 ], [ -2.582968151611588, 51.448051693381466 ], [ -2.584048167632546, 51.448611702936176 ], [ -2.584468177061843, 51.448841707062883 ], [ -2.584548181263427, 51.448951707363968 ], [ -2.584968224747003, 51.449851711840836 ], [ -2.58497823017913, 51.449971711700634 ], [ -2.584988241292634, 51.450341700377876 ], [ -2.584958245467889, 51.450451696511301 ], [ -2.584758266317884, 51.451021674548763 ], [ -2.584658277607832, 51.451391661199217 ], [ -2.584538295237162, 51.451931640763249 ], [ -2.584358321899358, 51.452701612116421 ], [ -2.584308330427295, 51.452961603452273 ], [ -2.584198340635803, 51.453221592242009 ], [ -2.583928365510528, 51.453851569330922 ], [ -2.5836183936301, 51.454571541422517 ], [ -2.583608419906102, 51.455361513267874 ], [ -2.583718427086082, 51.455621505358856 ], [ -2.583858433934296, 51.455901496834102 ], [ -2.584158445415897, 51.456371483397824 ], [ -2.584418452721461, 51.456751472611785 ], [ -2.584648461480446, 51.457121461965436 ], [ -2.584588477022973, 51.457581444480162 ], [ -2.583798521030299, 51.458671399011799 ], [ -2.583918522491225, 51.459261377706355 ], [ -2.584038520863782, 51.459551367714703 ], [ -2.584098522117101, 51.459791358695028 ], [ -2.58377852979998, 51.459901352075377 ], [ -2.583338543368438, 51.460101340527238 ], [ -2.582898552093865, 51.460291330847696 ], [ -2.582648304671369, 51.460400372053655 ] ] } },
{ "type": "Feature", "properties": { "OBJECTID": 17, "JOURNEY_LINK_ID": "118", "JOURNEY_LINK_DESCRIPTION": "St Luke's Rd SB > Parson St Gyratory", "JOURNEY_START": "St Luke's Rd SB", "JOURNEY_START_DIRECTION_TYPE": "SB", "JOURNEY_END": "Parson St Gyratory", "JOURNEY_END_DIRECTION_TYPE": "NA", "MINIMUM_PLATE_MATCHES": 1, "CANDIDATE_COUNT": 9, "KPI_PRIORITY_LINK": "No", "JOURNEY_START_DIRECTION_DESC": "South bound", "JOURNEY_END_DIRECTION_DESC": "None", "SHAPESTLength": 3063.5417527606719 }, "geometry": { "type": "LineString", "coordinates": [ [ -2.584438681894345, 51.444637923708676 ], [ -2.584617960815851, 51.444571708056614 ], [ -2.584707950305364, 51.444361707663774 ], [ -2.58472792945074, 51.443971707795427 ], [ -2.584560776078317, 51.44358323095021 ], [ -2.584357894220316, 51.443111704761741 ], [ -2.583748259955836, 51.442482424602943 ], [ -2.582987862530817, 51.441811694488656 ], [ -2.581687902929048, 51.441031668011433 ], [ -2.581457913261216, 51.440761658398841 ], [ -2.581767904524021, 51.440611654319923 ], [ -2.582007897394103, 51.440371646271551 ], [ -2.582075364411871, 51.439865640802765 ], [ -2.582194877064097, 51.43929128467645 ], [ -2.582387895753759, 51.438771590392278 ], [ -2.582797879916709, 51.438291571084548 ], [ -2.583236015435522, 51.438059661073268 ], [ -2.583960221212125, 51.437691476110388 ], [ -2.584347811117877, 51.437491544007671 ], [ -2.585573192703567, 51.43709745709738 ], [ -2.586489072147345, 51.436789096649562 ], [ -2.587197656455846, 51.436611520134896 ], [ -2.588177599058841, 51.436431516157207 ], [ -2.589430204901066, 51.436412791204418 ], [ -2.590693299626503, 51.436398653874015 ], [ -2.592063888709389, 51.436373376961058 ], [ -2.593049920475067, 51.436221449504181 ], [ -2.594248967020012, 51.436041312458741 ], [ -2.595677971336802, 51.43573981362659 ], [ -2.597130163775349, 51.435608403640103 ], [ -2.59777700698873, 51.435631508026148 ], [ -2.597926999409973, 51.435661509393078 ], [ -2.598536961474327, 51.43563150984977 ], [ -2.599626883579615, 51.435491504515184 ], [ -2.600586809822092, 51.435091492592306 ], [ -2.600936780214706, 51.434871484642699 ], [ -2.602626645331241, 51.433871453964876 ], [ -2.602886625033497, 51.433741450949235 ], [ -2.603306595063823, 51.433531444749683 ], [ -2.603756565251076, 51.433311439889728 ], [ -2.605376573724986, 51.432601452594859 ], [ -2.606006571778244, 51.432341456876792 ], [ -2.60627657024513, 51.432211459236797 ], [ -2.606956554327442, 51.432081466844252 ], [ -2.607396540826528, 51.43205147149331 ], [ -2.610176455570752, 51.43171150509562 ], [ -2.61175639995273, 51.431541523737664 ], [ -2.611966393083835, 51.431471525582396 ], [ -2.611880361417353, 51.431359539393867 ] ] } },
{ "type": "Feature", "properties": { "OBJECTID": 18, "JOURNEY_LINK_ID": "125", "JOURNEY_LINK_DESCRIPTION": "Avon St IB > Cattle Market Rd EB", "JOURNEY_START": "Avon St IB", "JOURNEY_START_DIRECTION_TYPE": "IB", "JOURNEY_END": "Cattle Market Rd EB", "JOURNEY_END_DIRECTION_TYPE": "EB", "MINIMUM_PLATE_MATCHES": 1, "CANDIDATE_COUNT": 9, "KPI_PRIORITY_LINK": "No", "JOURNEY_START_DIRECTION_DESC": "Inbound", "JOURNEY_END_DIRECTION_DESC": "East bound", "SHAPESTLength": 827.90538137129283 }, "geometry": { "type": "LineString", "coordinates": [ [ -2.582828209518294, 51.452979946274141 ], [ -2.583258348945641, 51.453141587291455 ], [ -2.583568348097304, 51.453221587540639 ], [ -2.583998339269483, 51.453101595080881 ], [ -2.584078335166195, 51.452991599975455 ], [ -2.584098330581201, 51.45286160416444 ], [ -2.584128326509688, 51.452771607678265 ], [ -2.584168321624404, 51.452641612689398 ], [ -2.584288304723489, 51.452161630714549 ], [ -2.584318299637871, 51.451991637215116 ], [ -2.58434829586408, 51.451861641716171 ], [ -2.584558271814659, 51.451151668384824 ], [ -2.584798247060296, 51.450451694518861 ], [ -2.584828242459679, 51.450351698088284 ], [ -2.584848237447031, 51.450161705240582 ], [ -2.584828230665124, 51.449951710761155 ], [ -2.584808224118368, 51.449831710536536 ], [ -2.584678205482267, 51.449451709742213 ], [ -2.584378181820223, 51.448931706764938 ], [ -2.583618168473131, 51.44853169983125 ], [ -2.583508165172997, 51.44847169844514 ], [ -2.583168162026988, 51.448311695129597 ], [ -2.582818157566457, 51.448121692116409 ], [ -2.582388152459166, 51.447861689283812 ], [ -2.582028159846409, 51.447911685305513 ], [ -2.58139564443641, 51.448198498105022 ] ] } },
{ "type": "Feature", "properties": { "OBJECTID": 19, "JOURNEY_LINK_ID": "131", "JOURNEY_LINK_DESCRIPTION": "Avon St OB > Church Rd OB", "JOURNEY_START": "Avon St OB", "JOURNEY_START_DIRECTION_TYPE": "OB", "JOURNEY_END": "Church Rd OB", "JOURNEY_END_DIRECTION_TYPE": "OB", "MINIMUM_PLATE_MATCHES": 1, "CANDIDATE_COUNT": 9, "KPI_PRIORITY_LINK": "No", "JOURNEY_START_DIRECTION_DESC": "Outbound", "JOURNEY_END_DIRECTION_DESC": "Outbound", "SHAPESTLength": 3569.0589995880759 }, "geometry": { "type": "LineString", "coordinates": [ [ -2.582742924059687, 51.452916691054781 ], [ -2.582608350665189, 51.452991586280433 ], [ -2.581958352533467, 51.452841586237597 ], [ -2.581398353519049, 51.452681585961251 ], [ -2.581128351883905, 51.452581587451149 ], [ -2.579828347385374, 51.452091591541361 ], [ -2.578998343736291, 51.451731595892333 ], [ -2.57843833971016, 51.451471598793162 ], [ -2.578138336374498, 51.451311601239269 ], [ -2.577538324313925, 51.450871609309893 ], [ -2.57723831977883, 51.450661613532709 ], [ -2.57654830430655, 51.450151622856104 ], [ -2.575598287377186, 51.44923162344179 ], [ -2.575448283785928, 51.449031622774214 ], [ -2.575398278670666, 51.448831623693827 ], [ -2.574768289904302, 51.448951617000354 ], [ -2.573798306417632, 51.44917160625797 ], [ -2.567858394711449, 51.450381528803405 ], [ -2.566998409371117, 51.45055151547102 ], [ -2.566188444497988, 51.450721509947861 ], [ -2.565838464049371, 51.450781509698132 ], [ -2.565688472930006, 51.450811509970222 ], [ -2.565388490769463, 51.450861510946574 ], [ -2.565038513915442, 51.450961509439026 ], [ -2.56465853345236, 51.45099151110697 ], [ -2.564018566376755, 51.451051512739511 ], [ -2.561828688895883, 51.451341517406711 ], [ -2.558978847096254, 51.451721525698481 ], [ -2.557638922063361, 51.451901530857143 ], [ -2.556948956180141, 51.451921534557329 ], [ -2.556468980022618, 51.451911537834306 ], [ -2.556019000940668, 51.451901540837227 ], [ -2.555789010968658, 51.451891542123604 ], [ -2.555089045101269, 51.451881546972736 ], [ -2.554109092746187, 51.451871552420442 ], [ -2.553939119749105, 51.452251547344574 ], [ -2.553569141287162, 51.45232154855757 ], [ -2.553029176029719, 51.452531548851205 ], [ -2.553059227884837, 51.453671530627567 ], [ -2.552929246518159, 51.453931527668303 ], [ -2.552749266930491, 51.454191525308062 ], [ -2.551749350446168, 51.454931522182996 ], [ -2.551619367591198, 51.455181520210509 ], [ -2.551599373995419, 51.455281517896694 ], [ -2.551669392321358, 51.455741510667842 ], [ -2.551689397404181, 51.455911508178261 ], [ -2.551809413883441, 51.456371499737443 ], [ -2.551979433019327, 51.456991489180119 ], [ -2.552079463772751, 51.457761476124894 ], [ -2.551889495193559, 51.458251470602555 ], [ -2.551619513901344, 51.458551472507992 ], [ -2.550989550232852, 51.459271477972436 ], [ -2.550939552608196, 51.459371477990167 ], [ -2.550849558851488, 51.459661478830448 ], [ -2.548339632491762, 51.45945151680484 ], [ -2.54737965210851, 51.459631531624574 ], [ -2.546709666316601, 51.459801542307929 ], [ -2.546349670937608, 51.459891548001011 ], [ -2.545929680051994, 51.459961553967219 ], [ -2.545839688047268, 51.460056211409501 ] ] } },
{ "type": "Feature", "properties": { "OBJECTID": 20, "JOURNEY_LINK_ID": "136", "JOURNEY_LINK_DESCRIPTION": "Brislington P&R IB > Bath Rd/Kings Rd NB", "JOURNEY_START": "Brislington P&R IB", "JOURNEY_START_DIRECTION_TYPE": "IB", "JOURNEY_END": "Bath Rd/Kings Rd NB", "JOURNEY_END_DIRECTION_TYPE": "NB", "MINIMUM_PLATE_MATCHES": 1, "CANDIDATE_COUNT": 9, "KPI_PRIORITY_LINK": "Yes", "JOURNEY_START_DIRECTION_DESC": "Inbound", "JOURNEY_END_DIRECTION_DESC": "North bound", "SHAPESTLength": 2375.7134881701845 }, "geometry": { "type": "LineString", "coordinates": [ [ -2.53430492887609, 51.428355291694473 ], [ -2.53467943878963, 51.428502019768345 ], [ -2.53540942386564, 51.428702010877458 ], [ -2.535679419026911, 51.428762007859852 ], [ -2.536119411442772, 51.428872002887644 ], [ -2.536659400410906, 51.429001997238387 ], [ -2.53693939575719, 51.429071993932496 ], [ -2.537469387285889, 51.429161989543822 ], [ -2.538179374097134, 51.429311980921184 ], [ -2.538549368331473, 51.429381977253357 ], [ -2.538999361873046, 51.429471973300259 ], [ -2.539459353928252, 51.429551968564311 ], [ -2.540009345051792, 51.42965196384776 ], [ -2.540359339327124, 51.429721961010209 ], [ -2.541099325227242, 51.429901952249232 ], [ -2.541369320909117, 51.429961949426989 ], [ -2.541649315287565, 51.430031947297742 ], [ -2.541769312318015, 51.43006194579435 ], [ -2.542369303634891, 51.430161939983854 ], [ -2.542669298085737, 51.430231937352893 ], [ -2.543179286926933, 51.430391931512254 ], [ -2.543649272066133, 51.430611924206431 ], [ -2.543729269933882, 51.430641923441691 ], [ -2.544049264068495, 51.430741919285929 ], [ -2.544329254456446, 51.43087191582508 ], [ -2.544919229608798, 51.431281904057421 ], [ -2.54511921972489, 51.431461899618618 ], [ -2.54537920358289, 51.431771893114252 ], [ -2.545479197572071, 51.431891889943742 ], [ -2.545619190189109, 51.43203188732307 ], [ -2.546239154858808, 51.432641872598879 ], [ -2.547269113302904, 51.433381854315812 ], [ -2.547479109832805, 51.433451853253189 ], [ -2.548019099770515, 51.433781846750293 ], [ -2.548549090193977, 51.434041841155434 ], [ -2.548789085678174, 51.434121838791881 ], [ -2.548879084790835, 51.434131838319672 ], [ -2.549759072541364, 51.434101834416424 ], [ -2.550679063860718, 51.434031824188885 ], [ -2.551559053086457, 51.433981812779415 ], [ -2.552069046937087, 51.434021805527514 ], [ -2.552369040454703, 51.434091801346682 ], [ -2.552559036708928, 51.434141797971165 ], [ -2.552759032335075, 51.434231794696863 ], [ -2.553209015877399, 51.434561785767968 ], [ -2.55332900992858, 51.434681783042059 ], [ -2.553978975524497, 51.435431768861193 ], [ -2.554298956676562, 51.435811762737046 ], [ -2.554468948338696, 51.435971759676214 ], [ -2.554688940011681, 51.436131755799991 ], [ -2.555088925352287, 51.436321749807171 ], [ -2.55531891650157, 51.436421746779381 ], [ -2.555638904245508, 51.436571742209026 ], [ -2.555888896979738, 51.436671738620397 ], [ -2.556228882361471, 51.436881733697547 ], [ -2.556708860147848, 51.437201727726539 ], [ -2.556888850105537, 51.437351724589782 ], [ -2.557168834723847, 51.437591720308575 ], [ -2.557448816501218, 51.437861716006957 ], [ -2.557758794615558, 51.438191711102711 ], [ -2.558998694348544, 51.43977169499982 ], [ -2.559148680028007, 51.439991692044934 ], [ -2.559258667717531, 51.440171691141359 ], [ -2.559358656395444, 51.440341689549527 ], [ -2.559425178458866, 51.440542688817082 ] ] } },
{ "type": "Feature", "properties": { "OBJECTID": 21, "JOURNEY_LINK_ID": "140", "JOURNEY_LINK_DESCRIPTION": "Hotwell Rd OB > Parson St Gyratory", "JOURNEY_START": "Hotwell Rd OB", "JOURNEY_START_DIRECTION_TYPE": "OB", "JOURNEY_END": "Parson St Gyratory", "JOURNEY_END_DIRECTION_TYPE": "NA", "MINIMUM_PLATE_MATCHES": 1, "CANDIDATE_COUNT": 9, "KPI_PRIORITY_LINK": "Yes", "JOURNEY_START_DIRECTION_DESC": "Outbound", "JOURNEY_END_DIRECTION_DESC": "None", "SHAPESTLength": 3835.2364536932851 }, "geometry": { "type": "LineString", "coordinates": [ [ -2.613734490343699, 51.449530547073934 ], [ -2.614407796883794, 51.449631984619813 ], [ -2.615257784734794, 51.449771992816132 ], [ -2.615677777892144, 51.449841996225892 ], [ -2.616207768989161, 51.44992200039583 ], [ -2.616947743767414, 51.449842004067193 ], [ -2.617407729376934, 51.449902004761157 ], [ -2.617687719305445, 51.449942005039134 ], [ -2.618047701745772, 51.449862004256552 ], [ -2.618207689051823, 51.44965200542881 ], [ -2.618287675758947, 51.449362007088446 ], [ -2.618497651482928, 51.448832009981587 ], [ -2.618597643025812, 51.448642012539899 ], [ -2.618777634019274, 51.448542013567412 ], [ -2.619237617753904, 51.448512013955487 ], [ -2.620087598241148, 51.448762014699284 ], [ -2.620667581732425, 51.448922013577857 ], [ -2.621047570123317, 51.449032013652385 ], [ -2.621897541935508, 51.449052014131617 ], [ -2.622177530735828, 51.448852016187089 ], [ -2.622257525884538, 51.44877201766586 ], [ -2.62274750569531, 51.448132026592496 ], [ -2.622817503869001, 51.44803202806618 ], [ -2.623067493548835, 51.447712032944061 ], [ -2.623197488856849, 51.447552035471155 ], [ -2.623967469351454, 51.446532054042443 ], [ -2.62407746664342, 51.44618205939905 ], [ -2.623957469193312, 51.445722065123668 ], [ -2.623537473943953, 51.445282068886193 ], [ -2.623167478089797, 51.444942070422172 ], [ -2.622567477954712, 51.444212074721825 ], [ -2.622507476684867, 51.443982076915326 ], [ -2.622577472746741, 51.443502083583724 ], [ -2.622967466939796, 51.442872095763079 ], [ -2.623327465589797, 51.442372106657928 ], [ -2.623697465932926, 51.4418621181755 ], [ -2.623857463217811, 51.441622122180647 ], [ -2.624057445733075, 51.44137211878099 ], [ -2.624367410760849, 51.440812110537443 ], [ -2.624327388729019, 51.440512103197165 ], [ -2.623977350977473, 51.440102087852694 ], [ -2.623127257008695, 51.439152046320025 ], [ -2.622597205670818, 51.438752023787863 ], [ -2.622327183811424, 51.438592011805198 ], [ -2.621737134987715, 51.438281987612186 ], [ -2.621377104606571, 51.438101972985955 ], [ -2.621297099252912, 51.438081970043832 ], [ -2.621317085218739, 51.437931965653512 ], [ -2.621117049802018, 51.437641950985828 ], [ -2.620816988302577, 51.437161925540678 ], [ -2.620556934205562, 51.436761903216798 ], [ -2.620476917637742, 51.436651897449408 ], [ -2.620396902521366, 51.436531890679554 ], [ -2.620336887821398, 51.436431884626145 ], [ -2.620206862158917, 51.436241873764303 ], [ -2.619416742289689, 51.435561820316721 ], [ -2.618996685964792, 51.435291793982493 ], [ -2.618566641573702, 51.435161773061132 ], [ -2.618406625097063, 51.435101764766003 ], [ -2.618286611992827, 51.435061758695397 ], [ -2.617686546458103, 51.434851726702718 ], [ -2.617486533236022, 51.434851719007789 ], [ -2.616806480848624, 51.434801690819775 ], [ -2.614946472154364, 51.434551650102158 ], [ -2.614516470813689, 51.434491642404723 ], [ -2.614426475908328, 51.434501641721297 ], [ -2.61431646788624, 51.43443163646289 ], [ -2.613416473196797, 51.434321618965946 ], [ -2.612186442031228, 51.433881580716388 ], [ -2.610856403568021, 51.433261533801257 ], [ -2.610326417730489, 51.433171525420271 ], [ -2.61009642341425, 51.433141522100243 ], [ -2.609796432312826, 51.433101517244459 ], [ -2.608456486803853, 51.433591515980488 ], [ -2.608366491776605, 51.433611515966838 ], [ -2.608136495696056, 51.433601512311981 ], [ -2.607186507525056, 51.432881480593117 ], [ -2.606796534281535, 51.432571470621205 ], [ -2.606706543378783, 51.432441468668181 ], [ -2.606776551498633, 51.432261466576378 ], [ -2.607396540826528, 51.43205147149331 ], [ -2.610176455570752, 51.43171150509562 ], [ -2.61175639995273, 51.431541523737664 ], [ -2.611966393083835, 51.431471525582396 ], [ -2.612014222363101, 51.431549208494559 ] ] } },
{ "type": "Feature", "properties": { "OBJECTID": 22, "JOURNEY_LINK_ID": "146", "JOURNEY_LINK_DESCRIPTION": "Queens Rd IB > St Michael's Hill NB", "JOURNEY_START": "Queens Rd IB", "JOURNEY_START_DIRECTION_TYPE": "IB", "JOURNEY_END": "St Michael's Hill NB", "JOURNEY_END_DIRECTION_TYPE": "NB", "MINIMUM_PLATE_MATCHES": 1, "CANDIDATE_COUNT": 9, "KPI_PRIORITY_LINK": "No", "JOURNEY_START_DIRECTION_DESC": "Inbound", "JOURNEY_END_DIRECTION_DESC": "North bound", "SHAPESTLength": 961.16023983447121 }, "geometry": { "type": "LineString", "coordinates": [ [ -2.608775748797397, 51.457782370218489 ], [ -2.608597809720085, 51.457601643131284 ], [ -2.608397821745799, 51.457431649040139 ], [ -2.608187831218034, 51.457291652610692 ], [ -2.607457868462566, 51.456891662194622 ], [ -2.606747902267102, 51.456541668773539 ], [ -2.606127931605539, 51.456281674299362 ], [ -2.605987936809973, 51.456221675513795 ], [ -2.604597994340518, 51.455921675926461 ], [ -2.60424800769819, 51.455851674464874 ], [ -2.603898020812759, 51.455781674664117 ], [ -2.603608032506329, 51.455701675510717 ], [ -2.602458077895033, 51.455421676895291 ], [ -2.601248122776889, 51.455371668449459 ], [ -2.600118163008347, 51.455491654910894 ], [ -2.599778172755897, 51.45555165029586 ], [ -2.599518175892945, 51.455641644751751 ], [ -2.599418177800994, 51.455691642702057 ], [ -2.599228182331758, 51.455791636572073 ], [ -2.598578193758572, 51.456111620048887 ], [ -2.59772821179261, 51.456771587696409 ], [ -2.597558215717919, 51.4569315807327 ], [ -2.597788212997007, 51.457051578898572 ], [ -2.597872887957561, 51.457108436772906 ] ] } },
{ "type": "Feature", "properties": { "OBJECTID": 23, "JOURNEY_LINK_ID": "147", "JOURNEY_LINK_DESCRIPTION": "Queens Rd IB > Victoria St SB", "JOURNEY_START": "Queens Rd IB", "JOURNEY_START_DIRECTION_TYPE": "IB", "JOURNEY_END": "Victoria St SB", "JOURNEY_END_DIRECTION_TYPE": "SB", "MINIMUM_PLATE_MATCHES": 1, "CANDIDATE_COUNT": 9, "KPI_PRIORITY_LINK": "No", "JOURNEY_START_DIRECTION_DESC": "Inbound", "JOURNEY_END_DIRECTION_DESC": "South bound", "SHAPESTLength": 1787.4805933660191 }, "geometry": { "type": "LineString", "coordinates": [ [ -2.609080023226142, 51.457804129387945 ], [ -2.608807796375455, 51.45781163698593 ], [ -2.608597809720085, 51.457601643131284 ], [ -2.608397821745799, 51.457431649040139 ], [ -2.608187831218034, 51.457291652610692 ], [ -2.607457868462566, 51.456891662194622 ], [ -2.606747902267102, 51.456541668773539 ], [ -2.606127931605539, 51.456281674299362 ], [ -2.605987936809973, 51.456221675513795 ], [ -2.604597994340518, 51.455921675926461 ], [ -2.604438001806298, 51.455811677982283 ], [ -2.604188011805178, 51.455601683355688 ], [ -2.601268124814261, 51.453341742552084 ], [ -2.601138129293296, 51.453251745373223 ], [ -2.600978134823422, 51.453131747558672 ], [ -2.600078162861592, 51.452611758341803 ], [ -2.599208170971421, 51.4523217612522 ], [ -2.598708174630072, 51.452281757887633 ], [ -2.598358179916591, 51.452381751049508 ], [ -2.598228181094632, 51.452471746781811 ], [ -2.597938185339852, 51.452751733580669 ], [ -2.597848188004249, 51.452961725566588 ], [ -2.597798189235484, 51.45320171712433 ], [ -2.597708191767872, 51.453491706103648 ], [ -2.597408195348295, 51.453511702680295 ], [ -2.597138199017476, 51.453491701003543 ], [ -2.596758203659138, 51.453461697933562 ], [ -2.59608821038921, 51.453391694454353 ], [ -2.594748225149131, 51.453371682922352 ], [ -2.594238231767356, 51.453411676869749 ], [ -2.592718252431947, 51.453661654520829 ], [ -2.591738267751353, 51.453821640129604 ], [ -2.59161826826908, 51.453761641230578 ], [ -2.591108269202206, 51.45350164503548 ], [ -2.59106826947691, 51.453481645803514 ], [ -2.589528275818774, 51.452911652786028 ], [ -2.589228274419586, 51.452761655154475 ], [ -2.589112927418272, 51.452622625097305 ] ] } },
{ "type": "Feature", "properties": { "OBJECTID": 24, "JOURNEY_LINK_ID": "152", "JOURNEY_LINK_DESCRIPTION": "St Michael's Hill SB > Hotwell Rd OB", "JOURNEY_START": "St Michael's Hill SB", "JOURNEY_START_DIRECTION_TYPE": "SB", "JOURNEY_END": "Hotwell Rd OB", "JOURNEY_END_DIRECTION_TYPE": "OB", "MINIMUM_PLATE_MATCHES": 1, "CANDIDATE_COUNT": 9, "KPI_PRIORITY_LINK": "No", "JOURNEY_START_DIRECTION_DESC": "South bound", "JOURNEY_END_DIRECTION_DESC": "Outbound", "SHAPESTLength": 1992.6136004268233 }, "geometry": { "type": "LineString", "coordinates": [ [ -2.597838775226384, 51.457077957458417 ], [ -2.597788212997007, 51.457051578898572 ], [ -2.597558215717919, 51.4569315807327 ], [ -2.598578193758572, 51.456111620048887 ], [ -2.599228182331758, 51.455791636572073 ], [ -2.599418177800994, 51.455691642702057 ], [ -2.599518175892945, 51.455641644751751 ], [ -2.600118163008347, 51.455491654910894 ], [ -2.600901644315751, 51.455408460686712 ], [ -2.601598108573723, 51.45534167258694 ], [ -2.60229808392831, 51.455401675928442 ], [ -2.60294805878337, 51.455521677265494 ], [ -2.603608032506329, 51.455701675510717 ], [ -2.604647992332259, 51.45584167848795 ], [ -2.605696912704377, 51.455976550828701 ], [ -2.606187931577011, 51.45602168394889 ], [ -2.606987900929824, 51.45605168994414 ], [ -2.607677873337075, 51.45605169524061 ], [ -2.608247852775376, 51.456021700672174 ], [ -2.608697837576093, 51.455851710771817 ], [ -2.609355251175619, 51.455450642962127 ], [ -2.609847816985033, 51.454821758748366 ], [ -2.610027823570728, 51.454281781062882 ], [ -2.609967886148112, 51.453622306757538 ], [ -2.609917854363606, 51.453071825772142 ], [ -2.609067077037687, 51.452373198107615 ], [ -2.608427921965507, 51.451971855496474 ], [ -2.607887951484757, 51.45114188079404 ], [ -2.607567965676149, 51.450831890032703 ], [ -2.607577968858429, 51.450601899249428 ], [ -2.608077955358257, 51.450601903345671 ], [ -2.6082379524417, 51.450561906210204 ], [ -2.608647945181863, 51.45048191344506 ], [ -2.608977937261079, 51.450401919108614 ], [ -2.611187885779881, 51.449881954040713 ], [ -2.613227821047642, 51.449551972964777 ], [ -2.613577813435816, 51.449541977232315 ], [ -2.61367761028284, 51.449598411929443 ] ] } },
{ "type": "Feature", "properties": { "OBJECTID": 25, "JOURNEY_LINK_ID": "160", "JOURNEY_LINK_DESCRIPTION": "Stokes Croft OB > M32 J3/Ashley Down Rd EB", "JOURNEY_START": "Stokes Croft OB", "JOURNEY_START_DIRECTION_TYPE": "OB", "JOURNEY_END": "M32 J3/Ashley Down Rd EB", "JOURNEY_END_DIRECTION_TYPE": "EB", "MINIMUM_PLATE_MATCHES": 1, "CANDIDATE_COUNT": 9, "KPI_PRIORITY_LINK": "No", "JOURNEY_START_DIRECTION_DESC": "Outbound", "JOURNEY_END_DIRECTION_DESC": "East bound", "SHAPESTLength": 1291.4666328175365 }, "geometry": { "type": "LineString", "coordinates": [ [ -2.590293167240883, 51.462061322435495 ], [ -2.590418351846388, 51.461871331667588 ], [ -2.590288354670424, 51.462071324201879 ], [ -2.59003259409756, 51.46265515699023 ], [ -2.58980836141559, 51.463461265363449 ], [ -2.589748358175183, 51.464231235925389 ], [ -2.588921866726608, 51.46441720690845 ], [ -2.588309319282585, 51.464555034472248 ], [ -2.587311581266825, 51.4649166864195 ], [ -2.586568657044538, 51.465185966010822 ], [ -2.586248585511432, 51.465256701936994 ], [ -2.583138592579303, 51.465371139416781 ], [ -2.581937445028329, 51.465679003762297 ], [ -2.580758664808835, 51.465981117174614 ], [ -2.579971716074268, 51.466328714649244 ], [ -2.579588708661992, 51.466511098896298 ], [ -2.578509564641346, 51.466435814020059 ], [ -2.577666600132973, 51.466352293129582 ], [ -2.57719877456491, 51.46632110795003 ], [ -2.576658790563552, 51.466261109018284 ], [ -2.576388863722864, 51.466051683181092 ] ] } },
{ "type": "Feature", "properties": { "OBJECTID": 26, "JOURNEY_LINK_ID": "162", "JOURNEY_LINK_DESCRIPTION": "Filton Rd/Monks Park Ave SB > M32 J3/Lower Ashley Rd EB", "JOURNEY_START": "Filton Rd/Monks Park Ave SB", "JOURNEY_START_DIRECTION_TYPE": "SB", "JOURNEY_END": "M32 J3/Lower Ashley Rd EB", "JOURNEY_END_DIRECTION_TYPE": "EB", "MINIMUM_PLATE_MATCHES": 1, "CANDIDATE_COUNT": 9, "KPI_PRIORITY_LINK": "Yes", "JOURNEY_START_DIRECTION_DESC": "South bound", "JOURNEY_END_DIRECTION_DESC": "East bound", "SHAPESTLength": 4037.5767380794027 }, "geometry": { "type": "LineString", "coordinates": [ [ -2.580378204660714, 51.497693018925297 ], [ -2.580488548739597, 51.497541391767065 ], [ -2.580728543666114, 51.497121392051582 ], [ -2.581308535750296, 51.49612139204639 ], [ -2.581988521955168, 51.49487139104312 ], [ -2.582548507544964, 51.493801391178025 ], [ -2.582838501071489, 51.493321390530269 ], [ -2.583088493304563, 51.492971390473365 ], [ -2.583228490640711, 51.492801389125709 ], [ -2.583628477187607, 51.492341388704737 ], [ -2.584068458758308, 51.491891388267959 ], [ -2.584628431938237, 51.491351385363167 ], [ -2.585138395332972, 51.490551379789707 ], [ -2.585018380713271, 51.489731374642332 ], [ -2.584792107765223, 51.489031061302768 ], [ -2.584862597850953, 51.488418713735008 ], [ -2.585378303583499, 51.48694135893998 ], [ -2.585981847678375, 51.485581078969886 ], [ -2.586739125632035, 51.483926302906902 ], [ -2.586859722063457, 51.483662760534926 ], [ -2.586109571861416, 51.483385215985749 ], [ -2.585446512665046, 51.483023110197927 ], [ -2.584682230395645, 51.482372214057804 ], [ -2.583943328578477, 51.481797314775349 ], [ -2.583598889529636, 51.481558460896636 ], [ -2.582938597094517, 51.481409486798121 ], [ -2.582299007334663, 51.480971116695876 ], [ -2.582074713639329, 51.480591583765673 ], [ -2.581015608299551, 51.479759417189513 ], [ -2.580075939318868, 51.478728713578214 ], [ -2.579606780936868, 51.478332481903649 ], [ -2.57981791416765, 51.47767672629967 ], [ -2.580049942817041, 51.476746801291945 ], [ -2.580239386314661, 51.476304314241759 ], [ -2.58054860237201, 51.475693748069915 ], [ -2.58085625912957, 51.474961368397068 ], [ -2.581405955056595, 51.474090773480164 ], [ -2.581788274486827, 51.473479845797463 ], [ -2.581880946738645, 51.473098741292482 ], [ -2.581830017268249, 51.472928465336103 ], [ -2.580967603423876, 51.472311312990442 ], [ -2.580842290631497, 51.471943691317463 ], [ -2.580713242554677, 51.471380977218821 ], [ -2.580757356045189, 51.471015340452063 ], [ -2.580210031305213, 51.470150182554406 ], [ -2.579909585310143, 51.469527412910665 ], [ -2.579410274375288, 51.468601110342632 ], [ -2.579596406282789, 51.467899804600442 ], [ -2.579753149249999, 51.466802761125258 ], [ -2.579588708661992, 51.466511098896298 ], [ -2.576936373280254, 51.466291952624061 ], [ -2.576561417948581, 51.466284645148498 ] ] } },
{ "type": "Feature", "properties": { "OBJECTID": 27, "JOURNEY_LINK_ID": "167", "JOURNEY_LINK_DESCRIPTION": "Anchor Rd IB > Castle St EB", "JOURNEY_START": "Anchor Rd IB", "JOURNEY_START_DIRECTION_TYPE": "IB", "JOURNEY_END": "Castle St EB", "JOURNEY_END_DIRECTION_TYPE": "EB", "MINIMUM_PLATE_MATCHES": 1, "CANDIDATE_COUNT": 9, "KPI_PRIORITY_LINK": "No", "JOURNEY_START_DIRECTION_DESC": "Inbound", "JOURNEY_END_DIRECTION_DESC": "East bound", "SHAPESTLength": 1521.4520824309302 }, "geometry": { "type": "LineString", "coordinates": [ [ -2.598601950235603, 51.451962124949908 ], [ -2.598438176773667, 51.452111762235447 ], [ -2.598358179916591, 51.452381751049508 ], [ -2.598228181094632, 51.452471746781811 ], [ -2.597938185339852, 51.452751733580669 ], [ -2.59789818606511, 51.452821731077869 ], [ -2.597848188004249, 51.452961725566588 ], [ -2.597798189235484, 51.45320171712433 ], [ -2.597708191767872, 51.453491706103648 ], [ -2.597408195348295, 51.453511702680295 ], [ -2.597138199017476, 51.453491701003543 ], [ -2.596758203659138, 51.453461697933562 ], [ -2.59608821038921, 51.453391694454353 ], [ -2.594898223929788, 51.453371684508099 ], [ -2.594748225149131, 51.453371682922352 ], [ -2.594598226712129, 51.45338168111558 ], [ -2.594238231767356, 51.453411676869749 ], [ -2.592718252431947, 51.453661654520829 ], [ -2.591978800357404, 51.453897102146477 ], [ -2.591918269832973, 51.454051633274752 ], [ -2.592538270216146, 51.454571621029714 ], [ -2.59273103767655, 51.454940079443027 ], [ -2.592308283865337, 51.455181596711476 ], [ -2.591908292110701, 51.455311588592949 ], [ -2.592170032596905, 51.455574516255872 ], [ -2.591963971225948, 51.456102026059263 ], [ -2.591582844016492, 51.456045900935386 ], [ -2.59123620916593, 51.456072448615828 ], [ -2.590367820127316, 51.456143327832855 ], [ -2.589570672415323, 51.456236009467595 ], [ -2.589014078188472, 51.456410602718996 ], [ -2.588422713028009, 51.456640786512011 ], [ -2.588164059140735, 51.456531248722371 ], [ -2.588006720239269, 51.456387998383832 ], [ -2.586948405682719, 51.45667149702544 ], [ -2.585918435309882, 51.457081473207857 ], [ -2.585356220574357, 51.456260003420375 ], [ -2.585140942320596, 51.455716066444097 ] ] } },
{ "type": "Feature", "properties": { "OBJECTID": 28, "JOURNEY_LINK_ID": "168", "JOURNEY_LINK_DESCRIPTION": "Anchor Rd OB > Queens Rd OB", "JOURNEY_START": "Anchor Rd OB", "JOURNEY_START_DIRECTION_TYPE": "OB", "JOURNEY_END": "Queens Rd OB", "JOURNEY_END_DIRECTION_TYPE": "OB", "MINIMUM_PLATE_MATCHES": 1, "CANDIDATE_COUNT": 9, "KPI_PRIORITY_LINK": "No", "JOURNEY_START_DIRECTION_DESC": "Outbound", "JOURNEY_END_DIRECTION_DESC": "Outbound", "SHAPESTLength": 1601.394250016632 }, "geometry": { "type": "LineString", "coordinates": [ [ -2.598169258912666, 51.4523397185284 ], [ -2.598446424976693, 51.451759372850894 ], [ -2.59861236777505, 51.451535859795797 ], [ -2.599228167396194, 51.451141804566866 ], [ -2.600058160342925, 51.450901820251588 ], [ -2.602755967552496, 51.450591657549793 ], [ -2.604757437440183, 51.450496004967775 ], [ -2.607267977444069, 51.450591896232041 ], [ -2.607567967774224, 51.450691895426047 ], [ -2.607567965676149, 51.450831890032703 ], [ -2.607667961918306, 51.450901887798373 ], [ -2.607887951484757, 51.45114188079404 ], [ -2.608077939117531, 51.451531868327223 ], [ -2.608427921965507, 51.451971855496474 ], [ -2.608642785460749, 51.45210677440317 ], [ -2.609717866848198, 51.452781835714617 ], [ -2.609917854363606, 51.453071825772142 ], [ -2.610027823570728, 51.454281781062882 ], [ -2.609847816985033, 51.454821758748366 ], [ -2.609397820246215, 51.455471730520422 ], [ -2.608247852775376, 51.456021700672174 ], [ -2.6080478577665, 51.456201691338677 ], [ -2.607927851315254, 51.456771670413808 ], [ -2.607927850008515, 51.456881665810904 ], [ -2.608007842636532, 51.457071659191691 ], [ -2.608462508017344, 51.457236000480634 ] ] } },
{ "type": "Feature", "properties": { "OBJECTID": 29, "JOURNEY_LINK_ID": "171", "JOURNEY_LINK_DESCRIPTION": "M32 J3/Lower Ashley Rd EB > M32 IB", "JOURNEY_START": "M32 J3/Lower Ashley Rd EB", "JOURNEY_START_DIRECTION_TYPE": "EB", "JOURNEY_END": "M32 IB", "JOURNEY_END_DIRECTION_TYPE": "IB", "MINIMUM_PLATE_MATCHES": 1, "CANDIDATE_COUNT": 9, "KPI_PRIORITY_LINK": "No", "JOURNEY_START_DIRECTION_DESC": "East bound", "JOURNEY_END_DIRECTION_DESC": "Inbound", "SHAPESTLength": 1064.0569632502713 }, "geometry": { "type": "LineString", "coordinates": [ [ -2.577156749759514, 51.466261286813413 ], [ -2.576098804958586, 51.466231111215741 ], [ -2.575708816199096, 51.46623111071461 ], [ -2.575408826520621, 51.466281109718537 ], [ -2.575078834791162, 51.466241110633035 ], [ -2.574548845383279, 51.465991118500902 ], [ -2.574358843164346, 51.465701127597022 ], [ -2.574398838461684, 51.465531132494483 ], [ -2.574618828406015, 51.465361137776981 ], [ -2.575278807809081, 51.465271141045356 ], [ -2.575848786126972, 51.465021148657051 ], [ -2.576088775369747, 51.464811155540012 ], [ -2.576478757458949, 51.464501165023151 ], [ -2.577148734172497, 51.464151178143894 ], [ -2.577698710548663, 51.463671193935149 ], [ -2.579808633012402, 51.46187126112963 ], [ -2.579878629734392, 51.461811262992903 ], [ -2.580848600323858, 51.461081293091553 ], [ -2.5813585852511, 51.460761306117526 ], [ -2.582028570366549, 51.460411322666516 ], [ -2.582228564796059, 51.460301326956518 ], [ -2.582333878433238, 51.460259989605454 ] ] } },
{ "type": "Feature", "properties": { "OBJECTID": 30, "JOURNEY_LINK_ID": "176", "JOURNEY_LINK_DESCRIPTION": "M32 J3/Lower Ashley Rd WB > Stokes Croft IB", "JOURNEY_START": "M32 J3/Lower Ashley Rd WB", "JOURNEY_START_DIRECTION_TYPE": "WB", "JOURNEY_END": "Stokes Croft IB", "JOURNEY_END_DIRECTION_TYPE": "IB", "MINIMUM_PLATE_MATCHES": 1, "CANDIDATE_COUNT": 9, "KPI_PRIORITY_LINK": "No", "JOURNEY_START_DIRECTION_DESC": "West bound", "JOURNEY_END_DIRECTION_DESC": "Inbound", "SHAPESTLength": 1277.6800224558865 }, "geometry": { "type": "LineString", "coordinates": [ [ -2.576482357202684, 51.466161233705002 ], [ -2.576658790563552, 51.466261109018284 ], [ -2.57719877456491, 51.46632110795003 ], [ -2.577868756813812, 51.46639110450932 ], [ -2.579298716097802, 51.466511099423222 ], [ -2.579588708661992, 51.466511098896298 ], [ -2.580218685140551, 51.46621110878479 ], [ -2.580758664808835, 51.465981117174614 ], [ -2.581937445028329, 51.465679003762297 ], [ -2.583138592579303, 51.465371139416781 ], [ -2.586248585511432, 51.465256701936994 ], [ -2.586568657044538, 51.465185966010822 ], [ -2.588309319282585, 51.464555034472248 ], [ -2.589748358175183, 51.464231235925389 ], [ -2.589754680482887, 51.463940483058515 ], [ -2.589848359005769, 51.463231274964009 ], [ -2.59003259409756, 51.46265515699023 ], [ -2.590288354670424, 51.462071324201879 ], [ -2.590418351846388, 51.461871331667588 ], [ -2.590356016821258, 51.462066695472181 ] ] } },
{ "type": "Feature", "properties": { "OBJECTID": 31, "JOURNEY_LINK_ID": "186", "JOURNEY_LINK_DESCRIPTION": "M32 J2/Muller Rd EB > M32 IB", "JOURNEY_START": "M32 J2/Muller Rd EB", "JOURNEY_START_DIRECTION_TYPE": "EB", "JOURNEY_END": "M32 IB", "JOURNEY_END_DIRECTION_TYPE": "IB", "MINIMUM_PLATE_MATCHES": 1, "CANDIDATE_COUNT": 9, "KPI_PRIORITY_LINK": "Yes", "JOURNEY_START_DIRECTION_DESC": "East bound", "JOURNEY_END_DIRECTION_DESC": "Inbound", "SHAPESTLength": 2566.3544770568496 }, "geometry": { "type": "LineString", "coordinates": [ [ -2.563617690104462, 51.475151145706313 ], [ -2.563499145022566, 51.475201193046011 ], [ -2.562789158515613, 51.475151206263533 ], [ -2.56148917982643, 51.475121233039133 ], [ -2.561139184864779, 51.475191240873187 ], [ -2.560919184288058, 51.475301247668781 ], [ -2.56048919139882, 51.475321256800932 ], [ -2.560219198819585, 51.475201260226278 ], [ -2.560059205989234, 51.475011260818896 ], [ -2.560049207616767, 51.474861260528812 ], [ -2.560159208976308, 51.474671259326698 ], [ -2.560359205627776, 51.474551254349137 ], [ -2.560529204495186, 51.474421251197327 ], [ -2.560709202799882, 51.474271246061193 ], [ -2.560789203048134, 51.474191244508653 ], [ -2.560869203127868, 51.474081242503509 ], [ -2.561119202208413, 51.473691237158434 ], [ -2.561349201870763, 51.473341232200433 ], [ -2.562409190360217, 51.472201207804027 ], [ -2.563799165123009, 51.471301177157585 ], [ -2.564259154241364, 51.471021166736911 ], [ -2.565309131596521, 51.470371143753098 ], [ -2.565849118976502, 51.47003113071537 ], [ -2.566969088055403, 51.46935111156246 ], [ -2.567459072037571, 51.469081109404272 ], [ -2.567679064496928, 51.468961108278592 ], [ -2.567909058418059, 51.468831107530285 ], [ -2.568839027201953, 51.468411105809395 ], [ -2.569149018215695, 51.468291105595775 ], [ -2.571178957561331, 51.46767110240453 ], [ -2.573808881580605, 51.466751100205919 ], [ -2.575268817775566, 51.46571112710685 ], [ -2.576288770727071, 51.464861154200072 ], [ -2.576668753455452, 51.464541164659479 ], [ -2.577148734172497, 51.464151178143894 ], [ -2.577698710548663, 51.463671193935149 ], [ -2.579808633012402, 51.46187126112963 ], [ -2.579878629734392, 51.461811262992903 ], [ -2.580848600323858, 51.461081293091553 ], [ -2.5813585852511, 51.460761306117526 ], [ -2.582028570366549, 51.460411322666516 ], [ -2.582228564796059, 51.460301326956518 ], [ -2.582229940099402, 51.460324235191109 ] ] } },
{ "type": "Feature", "properties": { "OBJECTID": 32, "JOURNEY_LINK_ID": "192", "JOURNEY_LINK_DESCRIPTION": "Fishponds Rd/Straits Pde WB > Fishponds Rd/Coombe Rd WB", "JOURNEY_START": "Fishponds Rd/Straits Pde WB", "JOURNEY_START_DIRECTION_TYPE": "WB", "JOURNEY_END": "Fishponds Rd/Coombe Rd WB", "JOURNEY_END_DIRECTION_TYPE": "WB", "MINIMUM_PLATE_MATCHES": 1, "CANDIDATE_COUNT": 9, "KPI_PRIORITY_LINK": "Yes", "JOURNEY_START_DIRECTION_DESC": "West bound", "JOURNEY_END_DIRECTION_DESC": "West bound", "SHAPESTLength": 2581.185743828973 }, "geometry": { "type": "LineString", "coordinates": [ [ -2.526135608676976, 51.481607895350059 ], [ -2.526969235892933, 51.481591546017555 ], [ -2.527229234345648, 51.481561545340362 ], [ -2.527649233260908, 51.481511544732115 ], [ -2.528429230010104, 51.481181543861524 ], [ -2.528849226905101, 51.480681546301213 ], [ -2.530019225230893, 51.479881547884553 ], [ -2.530359226638565, 51.479741547839375 ], [ -2.53073922571365, 51.479601548356307 ], [ -2.531119225730058, 51.479481548650732 ], [ -2.532049229507782, 51.479181547346755 ], [ -2.532339229432198, 51.479091547811564 ], [ -2.533289232658496, 51.47877154711874 ], [ -2.533559234647886, 51.478671546754882 ], [ -2.533789235186139, 51.478581546688197 ], [ -2.535959247817144, 51.477661542335738 ], [ -2.536859255461349, 51.47729154032443 ], [ -2.537059255778052, 51.477211540283818 ], [ -2.537369259005355, 51.477081539140279 ], [ -2.537879263946752, 51.476901537371816 ], [ -2.53805926450715, 51.476831537001814 ], [ -2.53830926856222, 51.476721536097301 ], [ -2.53933927790609, 51.476311534049294 ], [ -2.539979285587914, 51.476101530524041 ], [ -2.540799291822322, 51.475891527255271 ], [ -2.54119929692316, 51.475811525937139 ], [ -2.541499299945632, 51.475741523769635 ], [ -2.541809302652962, 51.475661522734114 ], [ -2.542749311956021, 51.475441518201926 ], [ -2.54342932026511, 51.475291514245328 ], [ -2.543969325075139, 51.475171511940296 ], [ -2.544629333512067, 51.475011508875873 ], [ -2.545009339300742, 51.474921506317791 ], [ -2.54539934591704, 51.474811504593241 ], [ -2.546279361705563, 51.474521499094934 ], [ -2.546629367421488, 51.474391496932803 ], [ -2.547759386701692, 51.473991490328572 ], [ -2.548059392193186, 51.473891487658449 ], [ -2.54945941647409, 51.473411477178594 ], [ -2.549789420844089, 51.473321475158059 ], [ -2.550099422156104, 51.473241471987883 ], [ -2.550419417072806, 51.473171464813035 ], [ -2.551179406007247, 51.473091448652156 ], [ -2.551689395608262, 51.473091438130332 ], [ -2.552239379000321, 51.473271426480188 ], [ -2.553749334867434, 51.473931394210872 ], [ -2.554789311962116, 51.474061371964439 ], [ -2.555179305934592, 51.474061363875435 ], [ -2.556009292579835, 51.473951345529208 ], [ -2.556309288637511, 51.473831339834234 ], [ -2.556569288024368, 51.473701334141673 ], [ -2.557029282803373, 51.473471324021233 ], [ -2.557309280937379, 51.473321318306581 ], [ -2.55752927811411, 51.473201313333711 ], [ -2.557669275965878, 51.473121310208732 ], [ -2.558039271998311, 51.472911302631765 ], [ -2.558233206188323, 51.472823410184269 ] ] } },
{ "type": "Feature", "properties": { "OBJECTID": 33, "JOURNEY_LINK_ID": "199", "JOURNEY_LINK_DESCRIPTION": "Hartcliffe Way NB > Bedminster Down Rd WB", "JOURNEY_START": "Hartcliffe Way NB", "JOURNEY_START_DIRECTION_TYPE": "NB", "JOURNEY_END": "Bedminster Down Rd WB", "JOURNEY_END_DIRECTION_TYPE": "WB", "MINIMUM_PLATE_MATCHES": 1, "CANDIDATE_COUNT": 9, "KPI_PRIORITY_LINK": "No", "JOURNEY_START_DIRECTION_DESC": "North bound", "JOURNEY_END_DIRECTION_DESC": "West bound", "SHAPESTLength": 2227.1395658210149 }, "geometry": { "type": "LineString", "coordinates": [ [ -2.59838408368602, 51.417582893761875 ], [ -2.599038726600876, 51.418051454311581 ], [ -2.599438664386213, 51.418271449853926 ], [ -2.599768610835614, 51.418461446135055 ], [ -2.600018571134452, 51.418601443767464 ], [ -2.600618447454204, 51.418981442282032 ], [ -2.602748021225957, 51.420291440318913 ], [ -2.603937731565718, 51.421401428321225 ], [ -2.604097677593722, 51.421661423640273 ], [ -2.604397533581428, 51.422431407017669 ], [ -2.604487346882049, 51.423621377803485 ], [ -2.604457272559474, 51.424141363901249 ], [ -2.604427211394011, 51.42457135222638 ], [ -2.604387138128214, 51.425191342554378 ], [ -2.604347096581848, 51.425821350633186 ], [ -2.604307066702388, 51.426271355960523 ], [ -2.604216974986289, 51.427621372100091 ], [ -2.60435687914225, 51.428791388907875 ], [ -2.604946711601893, 51.430731422689163 ], [ -2.605106687873449, 51.431011427590427 ], [ -2.605306661148639, 51.431271434682117 ], [ -2.60554663452251, 51.431541440463732 ], [ -2.605656624226597, 51.431651443167347 ], [ -2.605806610438984, 51.431801447746523 ], [ -2.605986594137237, 51.431961452535411 ], [ -2.60627657024513, 51.432211459236797 ], [ -2.606956554327442, 51.432081466844252 ], [ -2.607396540826528, 51.43205147149331 ], [ -2.610176455570752, 51.43171150509562 ], [ -2.61175639995273, 51.431541523737664 ], [ -2.611966393083835, 51.431471525582396 ], [ -2.612089864372617, 51.43149226354852 ] ] } },
{ "type": "Feature", "properties": { "OBJECTID": 34, "JOURNEY_LINK_ID": "203", "JOURNEY_LINK_DESCRIPTION": "Hartcliffe Way SB > Wells Rd OB", "JOURNEY_START": "Hartcliffe Way SB", "JOURNEY_START_DIRECTION_TYPE": "SB", "JOURNEY_END": "Wells Rd OB", "JOURNEY_END_DIRECTION_TYPE": "OB", "MINIMUM_PLATE_MATCHES": 1, "CANDIDATE_COUNT": 9, "KPI_PRIORITY_LINK": "No", "JOURNEY_START_DIRECTION_DESC": "South bound", "JOURNEY_END_DIRECTION_DESC": "Outbound", "SHAPESTLength": 3409.8256631685795 }, "geometry": { "type": "LineString", "coordinates": [ [ -2.598206105827481, 51.417611138984846 ], [ -2.598278846010969, 51.417621461251528 ], [ -2.597748929710758, 51.417301467463894 ], [ -2.597538964088641, 51.417161470292996 ], [ -2.597299002417142, 51.41701147186653 ], [ -2.596879072926733, 51.416711476882448 ], [ -2.596329122670739, 51.416451480134377 ], [ -2.596179136373024, 51.416361481733851 ], [ -2.595639181830357, 51.415961488819384 ], [ -2.595349211255687, 51.415611495605624 ], [ -2.594909250734397, 51.415171503647571 ], [ -2.594479277032229, 51.415111503710477 ], [ -2.594259291058783, 51.415101502742594 ], [ -2.593109352800212, 51.415291492092223 ], [ -2.591399437256094, 51.416361460085369 ], [ -2.590609461223154, 51.416861446817123 ], [ -2.589259453574692, 51.417671430675803 ], [ -2.5886694564049, 51.418001425439897 ], [ -2.58827945834538, 51.418211421750328 ], [ -2.588099461263464, 51.418301419410788 ], [ -2.586459491197069, 51.419101407741536 ], [ -2.585439525581384, 51.41950140315614 ], [ -2.583679592395158, 51.42018139641349 ], [ -2.582229573298447, 51.420741415347955 ], [ -2.581829561035364, 51.420901422091205 ], [ -2.581319548405929, 51.421101430661366 ], [ -2.580889536380912, 51.421271438453346 ], [ -2.580619531184789, 51.421371442708249 ], [ -2.580409528181022, 51.421431446299657 ], [ -2.579389519354891, 51.421661464848178 ], [ -2.578929510394932, 51.421841472030593 ], [ -2.576719479339011, 51.422711506132991 ], [ -2.575309459735506, 51.423441526101563 ], [ -2.573899431227868, 51.424501541262863 ], [ -2.573329421126491, 51.425001546289522 ], [ -2.573049403306439, 51.42522155082667 ], [ -2.572929396958768, 51.425321552300368 ], [ -2.572769385855971, 51.425461555130397 ], [ -2.572219365016674, 51.425801563228234 ], [ -2.571899358899036, 51.425951567337982 ], [ -2.570519362949069, 51.426341589710574 ], [ -2.568039426868659, 51.426511631611724 ], [ -2.564779399444765, 51.427361682733078 ], [ -2.564479392045294, 51.427451687067645 ], [ -2.563929380018295, 51.427611695327442 ], [ -2.563779405460227, 51.427261700930131 ], [ -2.563429479812569, 51.426251716285769 ], [ -2.563359496649695, 51.426041719006953 ], [ -2.562680638075864, 51.423992565418011 ] ] } },
{ "type": "Feature", "properties": { "OBJECTID": 35, "JOURNEY_LINK_ID": "204", "JOURNEY_LINK_DESCRIPTION": "Hartcliffe Way SB > Bath Rd/Kings Rd NB", "JOURNEY_START": "Hartcliffe Way SB", "JOURNEY_START_DIRECTION_TYPE": "SB", "JOURNEY_END": "Bath Rd/Kings Rd NB", "JOURNEY_END_DIRECTION_TYPE": "NB", "MINIMUM_PLATE_MATCHES": 1, "CANDIDATE_COUNT": 9, "KPI_PRIORITY_LINK": "No", "JOURNEY_START_DIRECTION_DESC": "South bound", "JOURNEY_END_DIRECTION_DESC": "North bound", "SHAPESTLength": 5889.855025207773 }, "geometry": { "type": "LineString", "coordinates": [ [ -2.598265033846198, 51.417680650062721 ], [ -2.598278846010969, 51.417621461251528 ], [ -2.597748929710758, 51.417301467463894 ], [ -2.597538964088641, 51.417161470292996 ], [ -2.597299002417142, 51.41701147186653 ], [ -2.596879072926733, 51.416711476882448 ], [ -2.596329122670739, 51.416451480134377 ], [ -2.596179136373024, 51.416361481733851 ], [ -2.595639181830357, 51.415961488819384 ], [ -2.595349211255687, 51.415611495605624 ], [ -2.594909250734397, 51.415171503647571 ], [ -2.594479277032229, 51.415111503710477 ], [ -2.594259291058783, 51.415101502742594 ], [ -2.593109352800212, 51.415291492092223 ], [ -2.591399437256094, 51.416361460085369 ], [ -2.590609461223154, 51.416861446817123 ], [ -2.589259453574692, 51.417671430675803 ], [ -2.5886694564049, 51.418001425439897 ], [ -2.58827945834538, 51.418211421750328 ], [ -2.588099461263464, 51.418301419410788 ], [ -2.586459491197069, 51.419101407741536 ], [ -2.585439525581384, 51.41950140315614 ], [ -2.583679592395158, 51.42018139641349 ], [ -2.582229573298447, 51.420741415347955 ], [ -2.581829561035364, 51.420901422091205 ], [ -2.581319548405929, 51.421101430661366 ], [ -2.580889536380912, 51.421271438453346 ], [ -2.580619531184789, 51.421371442708249 ], [ -2.580409528181022, 51.421431446299657 ], [ -2.579389519354891, 51.421661464848178 ], [ -2.578929510394932, 51.421841472030593 ], [ -2.576719479339011, 51.422711506132991 ], [ -2.575309459735506, 51.423441526101563 ], [ -2.573899431227868, 51.424501541262863 ], [ -2.573329421126491, 51.425001546289522 ], [ -2.573049403306439, 51.42522155082667 ], [ -2.572929396958768, 51.425321552300368 ], [ -2.572769385855971, 51.425461555130397 ], [ -2.572219365016674, 51.425801563228234 ], [ -2.571899358899036, 51.425951567337982 ], [ -2.570519362949069, 51.426341589710574 ], [ -2.568039426868659, 51.426511631611724 ], [ -2.564779399444765, 51.427361682733078 ], [ -2.564479392045294, 51.427451687067645 ], [ -2.563929380018295, 51.427611695327442 ], [ -2.563689373844426, 51.427681699216159 ], [ -2.563479368082723, 51.427751701881959 ], [ -2.563239361872922, 51.427831705513903 ], [ -2.5630293546775, 51.427921707774217 ], [ -2.562649342962834, 51.428091713460624 ], [ -2.562149326817118, 51.428301719588951 ], [ -2.561459307036796, 51.428591728745559 ], [ -2.561299301714011, 51.428651730226576 ], [ -2.5611492980849, 51.428721732073171 ], [ -2.56025927500738, 51.429081744519387 ], [ -2.559299253014823, 51.429411756056048 ], [ -2.557139232269721, 51.429851785938567 ], [ -2.556779224958445, 51.429981790326899 ], [ -2.556439218200555, 51.430121794097758 ], [ -2.556309215950839, 51.430161795026677 ], [ -2.55618921930669, 51.430111797352211 ], [ -2.555789227541958, 51.429991805795765 ], [ -2.555489233138979, 51.42992181231179 ], [ -2.55338922688574, 51.43017184147498 ], [ -2.552779221167221, 51.430341848493995 ], [ -2.552509217336005, 51.430441851092695 ], [ -2.551199193103307, 51.431041862040409 ], [ -2.549709177868163, 51.431531874469179 ], [ -2.548519183070273, 51.431661878706628 ], [ -2.548199184466256, 51.431671879610732 ], [ -2.547599191374688, 51.431631883920147 ], [ -2.54725919508496, 51.431621886063475 ], [ -2.547139194864585, 51.431621886415968 ], [ -2.545829198865923, 51.431811890405854 ], [ -2.545669193777031, 51.431921888897868 ], [ -2.545619190189109, 51.43203188732307 ], [ -2.546239154858808, 51.432641872598879 ], [ -2.547269113302904, 51.433381854315812 ], [ -2.547479109832805, 51.433451853253189 ], [ -2.548019099770515, 51.433781846750293 ], [ -2.548549090193977, 51.434041841155434 ], [ -2.548789085678174, 51.434121838791881 ], [ -2.548879084790835, 51.434131838319672 ], [ -2.549759072541364, 51.434101834416424 ], [ -2.551559053086457, 51.433981812779415 ], [ -2.552069046937087, 51.434021805527514 ], [ -2.552369040454703, 51.434091801346682 ], [ -2.552559036708928, 51.434141797971165 ], [ -2.552759032335075, 51.434231794696863 ], [ -2.553209015877399, 51.434561785767968 ], [ -2.55332900992858, 51.434681783042059 ], [ -2.553978975524497, 51.435431768861193 ], [ -2.554298956676562, 51.435811762737046 ], [ -2.554468948338696, 51.435971759676214 ], [ -2.554688940011681, 51.436131755799991 ], [ -2.555088925352287, 51.436321749807171 ], [ -2.55531891650157, 51.436421746779381 ], [ -2.555638904245508, 51.436571742209026 ], [ -2.556228882361471, 51.436881733697547 ], [ -2.556708860147848, 51.437201727726539 ], [ -2.557448816501218, 51.437861716006957 ], [ -2.557758794615558, 51.438191711102711 ], [ -2.558998694348544, 51.43977169499982 ], [ -2.559148680028007, 51.439991692044934 ], [ -2.559258667717531, 51.440171691141359 ], [ -2.559358656395444, 51.440341689549527 ], [ -2.559487353909733, 51.440631519642537 ] ] } },
{ "type": "Feature", "properties": { "OBJECTID": 36, "JOURNEY_LINK_ID": "207", "JOURNEY_LINK_DESCRIPTION": "Bedminster Rd EB > St Luke's Rd NB", "JOURNEY_START": "Bedminster Rd EB", "JOURNEY_START_DIRECTION_TYPE": "EB", "JOURNEY_END": "St Luke's Rd NB", "JOURNEY_END_DIRECTION_TYPE": "NB", "MINIMUM_PLATE_MATCHES": 1, "CANDIDATE_COUNT": 9, "KPI_PRIORITY_LINK": "No", "JOURNEY_START_DIRECTION_DESC": "East bound", "JOURNEY_END_DIRECTION_DESC": "North bound", "SHAPESTLength": 2606.8568767491834 }, "geometry": { "type": "LineString", "coordinates": [ [ -2.605916544111116, 51.432467413390739 ], [ -2.605376573724986, 51.432601452594859 ], [ -2.603756565251076, 51.433311439889728 ], [ -2.603306595063823, 51.433531444749683 ], [ -2.602886625033497, 51.433741450949235 ], [ -2.602626645331241, 51.433871453964876 ], [ -2.600936780214706, 51.434871484642699 ], [ -2.600586809822092, 51.435091492592306 ], [ -2.599626883579615, 51.435491504515184 ], [ -2.598536961474327, 51.43563150984977 ], [ -2.597926999409973, 51.435661509393078 ], [ -2.596000125198798, 51.435679564096276 ], [ -2.594501632177521, 51.435959802753935 ], [ -2.593049920475067, 51.436221449504181 ], [ -2.592063888709389, 51.436373376961058 ], [ -2.589430204901066, 51.436412791204418 ], [ -2.588177599058841, 51.436431516157207 ], [ -2.586810400328988, 51.436714038291434 ], [ -2.585756588121289, 51.437076172872437 ], [ -2.584936764922971, 51.43733728462184 ], [ -2.583960221212125, 51.437691476110388 ], [ -2.582897877082823, 51.438231568608771 ], [ -2.582387895753759, 51.438771590392278 ], [ -2.582127900487598, 51.439471614677529 ], [ -2.582057898362485, 51.439981632035185 ], [ -2.582007897394103, 51.440371646271551 ], [ -2.581767904524021, 51.440611654319923 ], [ -2.581457913261216, 51.440761658398841 ], [ -2.581687902929048, 51.441031668011433 ], [ -2.582793185539567, 51.441694889244566 ], [ -2.583427865619015, 51.442151696408615 ], [ -2.584088974201496, 51.442834122470977 ], [ -2.584357894220316, 51.443111704761741 ], [ -2.584560776078317, 51.44358323095021 ], [ -2.58472792945074, 51.443971707795427 ], [ -2.584707950305364, 51.444361707663774 ], [ -2.584527538734058, 51.444690221665795 ] ] } },
{ "type": "Feature", "properties": { "OBJECTID": 37, "JOURNEY_LINK_ID": "219", "JOURNEY_LINK_DESCRIPTION": "Portway/Pumping Stn OB > Portway P&R OB", "JOURNEY_START": "Portway/Pumping Stn OB", "JOURNEY_START_DIRECTION_TYPE": "OB", "JOURNEY_END": "Portway P&R OB", "JOURNEY_END_DIRECTION_TYPE": "OB", "MINIMUM_PLATE_MATCHES": 1, "CANDIDATE_COUNT": 9, "KPI_PRIORITY_LINK": "Yes", "JOURNEY_START_DIRECTION_DESC": "Outbound", "JOURNEY_END_DIRECTION_DESC": "Outbound", "SHAPESTLength": 6464.3384449032974 }, "geometry": { "type": "LineString", "coordinates": [ [ -2.630085964434715, 51.461857380901598 ], [ -2.630376658753725, 51.462471590557101 ], [ -2.630666622757679, 51.463041573669955 ], [ -2.630976584393878, 51.463661553963021 ], [ -2.631256546550202, 51.464271535874438 ], [ -2.631416522123878, 51.464701522219151 ], [ -2.631736458848137, 51.465901484661345 ], [ -2.632416389827857, 51.467141454581018 ], [ -2.633126347034802, 51.467811445193625 ], [ -2.633346335866153, 51.467971443584368 ], [ -2.633716343733154, 51.468221436279592 ], [ -2.634906371237211, 51.468791419668676 ], [ -2.635236379251886, 51.468941414833402 ], [ -2.635726390587962, 51.469141408696004 ], [ -2.635996395994664, 51.469231406185159 ], [ -2.637046417746856, 51.469651393282234 ], [ -2.63819644478321, 51.469891384438434 ], [ -2.640686499449549, 51.470341366604934 ], [ -2.642086523181673, 51.470761353357453 ], [ -2.642506529351751, 51.470911349443234 ], [ -2.642866534333238, 51.471041346002458 ], [ -2.644806551361736, 51.471871324425038 ], [ -2.646416554959063, 51.472751302588996 ], [ -2.646756554648913, 51.472951298592896 ], [ -2.647796544569061, 51.473701282733252 ], [ -2.648616506679552, 51.474901259131762 ], [ -2.648856483140893, 51.47566125772282 ], [ -2.648816458446596, 51.476361258310789 ], [ -2.647966376057097, 51.478641262032752 ], [ -2.647886366152742, 51.478951262085232 ], [ -2.647926339544845, 51.479791261970462 ], [ -2.648316315502081, 51.48055126209168 ], [ -2.649176278576958, 51.481521261178777 ], [ -2.652786348535575, 51.484711262659687 ], [ -2.653656389821521, 51.485391268518327 ], [ -2.654266413595423, 51.485781272124193 ], [ -2.655446452942024, 51.486511281639523 ], [ -2.655546456058161, 51.486581282220541 ], [ -2.655776461071647, 51.486721284320197 ], [ -2.657046488785814, 51.487441296508756 ], [ -2.657166491788145, 51.487521296954299 ], [ -2.657736500527103, 51.487741301896698 ], [ -2.659786530139247, 51.488241314555545 ], [ -2.663036573857852, 51.488501325700341 ], [ -2.666656656997465, 51.488021317463414 ], [ -2.667456667716054, 51.487791315262591 ], [ -2.667996680124189, 51.487581312933095 ], [ -2.673776791312647, 51.485801298938874 ], [ -2.67461680856272, 51.485541296151638 ], [ -2.675966834109201, 51.485201296060929 ], [ -2.676466839813171, 51.485121296548513 ], [ -2.676876845786742, 51.485061297716619 ], [ -2.679256853040313, 51.485021314303253 ], [ -2.680696839482561, 51.485221329768237 ], [ -2.68159682329646, 51.485491345679492 ], [ -2.68238678752487, 51.4859813663221 ], [ -2.685756617606065, 51.488261465007291 ], [ -2.686016601297532, 51.488471472801237 ], [ -2.686316583050945, 51.488711482652917 ], [ -2.687076535868256, 51.489361507977328 ], [ -2.687326523373852, 51.489531516023646 ], [ -2.687546509427634, 51.489721522990905 ], [ -2.687946479186464, 51.490141538687027 ], [ -2.68854643262059, 51.490791562462555 ], [ -2.688736411931983, 51.491081572200628 ], [ -2.688896392963417, 51.491341581304539 ], [ -2.689135012797834, 51.49237020499185 ] ] } },
{ "type": "Feature", "properties": { "OBJECTID": 38, "JOURNEY_LINK_ID": "229", "JOURNEY_LINK_DESCRIPTION": "Bath Rd/Kings Rd SB > Hartcliffe Way NB", "JOURNEY_START": "Bath Rd/Kings Rd SB", "JOURNEY_START_DIRECTION_TYPE": "SB", "JOURNEY_END": "Hartcliffe Way NB", "JOURNEY_END_DIRECTION_TYPE": "NB", "MINIMUM_PLATE_MATCHES": 1, "CANDIDATE_COUNT": 9, "KPI_PRIORITY_LINK": "Yes", "JOURNEY_START_DIRECTION_DESC": "South bound", "JOURNEY_END_DIRECTION_DESC": "North bound", "SHAPESTLength": 6196.0988313249964 }, "geometry": { "type": "LineString", "coordinates": [ [ -2.559525813584688, 51.440542553393513 ], [ -2.559358656395444, 51.440341689549527 ], [ -2.559258667717531, 51.440171691141359 ], [ -2.559148680028007, 51.439991692044934 ], [ -2.558998694348544, 51.43977169499982 ], [ -2.557758794615558, 51.438191711102711 ], [ -2.557368818437726, 51.437881716549192 ], [ -2.5571488290843, 51.437701719886519 ], [ -2.556788849852518, 51.437401725065648 ], [ -2.556608860025457, 51.437251727143504 ], [ -2.556508863727614, 51.437181729429057 ], [ -2.555818897753605, 51.436691740167412 ], [ -2.555638904245508, 51.436571742209026 ], [ -2.55531891650157, 51.436421746779381 ], [ -2.555088925352287, 51.436321749807171 ], [ -2.554688940011681, 51.436131755799991 ], [ -2.554378947387591, 51.436051760359831 ], [ -2.55415895441562, 51.435971763038779 ], [ -2.553548971749857, 51.435771771729499 ], [ -2.553008987433478, 51.435531780412639 ], [ -2.552688998511593, 51.435301786344617 ], [ -2.55252901325573, 51.434931790877734 ], [ -2.552539018033398, 51.43478179287689 ], [ -2.552549029736198, 51.434421796055645 ], [ -2.552519032845261, 51.434251797831564 ], [ -2.552369040454703, 51.434091801346682 ], [ -2.552069046937087, 51.434021805527514 ], [ -2.551559053086457, 51.433981812779415 ], [ -2.549759072541364, 51.434101834416424 ], [ -2.548879084790835, 51.434131838319672 ], [ -2.548789085678174, 51.434121838791881 ], [ -2.548539088721493, 51.43411184015946 ], [ -2.548179094688785, 51.434041843212619 ], [ -2.547529106856033, 51.433641849898009 ], [ -2.547269113302904, 51.433381854315812 ], [ -2.546239154858808, 51.432641872598879 ], [ -2.545619190189109, 51.43203188732307 ], [ -2.545479197572071, 51.431891889943742 ], [ -2.54537920358289, 51.431771893114252 ], [ -2.545799203153077, 51.43171189160627 ], [ -2.546859202959261, 51.431541889486887 ], [ -2.547049203137806, 51.431501889366501 ], [ -2.547169204280405, 51.431451889189034 ], [ -2.547299200246758, 51.431521887565538 ], [ -2.547449195240184, 51.431581885295536 ], [ -2.547599191374688, 51.431631883920147 ], [ -2.548199184466256, 51.431671879610732 ], [ -2.548519183070273, 51.431661878706628 ], [ -2.549709177868163, 51.431531874469179 ], [ -2.551199193103307, 51.431041862040409 ], [ -2.552509217336005, 51.430441851092695 ], [ -2.552779221167221, 51.430341848493995 ], [ -2.55338922688574, 51.43017184147498 ], [ -2.555489233138979, 51.42992181231179 ], [ -2.555819230216782, 51.429941805414053 ], [ -2.556259227280802, 51.429971798573582 ], [ -2.556379228516775, 51.429971796437357 ], [ -2.557139232269721, 51.429851785938567 ], [ -2.559299253014823, 51.429411756056048 ], [ -2.56025927500738, 51.429081744519387 ], [ -2.5611492980849, 51.428721732073171 ], [ -2.561299301714011, 51.428651730226576 ], [ -2.561459307036796, 51.428591728745559 ], [ -2.562149326817118, 51.428301719588951 ], [ -2.562649342962834, 51.428091713460624 ], [ -2.5630293546775, 51.427921707774217 ], [ -2.563239361872922, 51.427831705513903 ], [ -2.563479368082723, 51.427751701881959 ], [ -2.563689373844426, 51.427681699216159 ], [ -2.563929380018295, 51.427611695327442 ], [ -2.564479392045294, 51.427451687067645 ], [ -2.564779399444765, 51.427361682733078 ], [ -2.568039426868659, 51.426511631611724 ], [ -2.570519362949069, 51.426341589710574 ], [ -2.571899358899036, 51.425951567337982 ], [ -2.572219365016674, 51.425801563228234 ], [ -2.572769385855971, 51.425461555130397 ], [ -2.572929396958768, 51.425321552300368 ], [ -2.573049403306439, 51.42522155082667 ], [ -2.573329421126491, 51.425001546289522 ], [ -2.573899431227868, 51.424501541262863 ], [ -2.575309459735506, 51.423441526101563 ], [ -2.576719479339011, 51.422711506132991 ], [ -2.578929510394932, 51.421841472030593 ], [ -2.579389519354891, 51.421661464848178 ], [ -2.579579524228647, 51.421581460549234 ], [ -2.580279541397041, 51.421281449980455 ], [ -2.58079955267526, 51.421101440820088 ], [ -2.582819609994528, 51.420311406071413 ], [ -2.583529619619373, 51.420031397794034 ], [ -2.584569577989948, 51.419631401303626 ], [ -2.586199524256533, 51.418971408426842 ], [ -2.586839509097427, 51.418691412758157 ], [ -2.587489498773394, 51.418351417435524 ], [ -2.588139493212807, 51.418001423464737 ], [ -2.589209494016032, 51.417361433919126 ], [ -2.59009950070235, 51.416801445854162 ], [ -2.592109406528319, 51.415531482011673 ], [ -2.592469389862928, 51.415301489167177 ], [ -2.593299352216778, 51.414801504545267 ], [ -2.593489350135445, 51.414441513574552 ], [ -2.593499350091351, 51.414401514469859 ], [ -2.593609350167909, 51.414181520409159 ], [ -2.594059332539248, 51.413911529004217 ], [ -2.594149328705671, 51.413881529930613 ], [ -2.594919291444265, 51.413801535447632 ], [ -2.595069282212727, 51.413831535762526 ], [ -2.595559247853449, 51.414111531839907 ], [ -2.595589231472741, 51.41457152105 ], [ -2.595509232328251, 51.414681518218195 ], [ -2.595289227009546, 51.415211504816781 ], [ -2.595579196676427, 51.415651495580988 ], [ -2.595759179852839, 51.415841492176867 ], [ -2.596339128717606, 51.4162514856542 ], [ -2.596469117865481, 51.416351484094804 ], [ -2.596879072926733, 51.416711476882448 ], [ -2.597299002417142, 51.41701147186653 ], [ -2.597538964088641, 51.417161470292996 ], [ -2.597748929710758, 51.417301467463894 ], [ -2.598278846010969, 51.417621461251528 ], [ -2.598402993809538, 51.417637387869647 ] ] } },
{ "type": "Feature", "properties": { "OBJECTID": 39, "JOURNEY_LINK_ID": "236", "JOURNEY_LINK_DESCRIPTION": "Fishponds Rd/Coombe Rd EB > Fishponds Rd/Straits Pde EB", "JOURNEY_START": "Fishponds Rd/Coombe Rd EB", "JOURNEY_START_DIRECTION_TYPE": "EB", "JOURNEY_END": "Fishponds Rd/Straits Pde EB", "JOURNEY_END_DIRECTION_TYPE": "EB", "MINIMUM_PLATE_MATCHES": 1, "CANDIDATE_COUNT": 9, "KPI_PRIORITY_LINK": "No", "JOURNEY_START_DIRECTION_DESC": "East bound", "JOURNEY_END_DIRECTION_DESC": "East bound", "SHAPESTLength": 2602.4958549145945 }, "geometry": { "type": "LineString", "coordinates": [ [ -2.558263623071021, 51.472705879887748 ], [ -2.558039271998311, 51.472911302631765 ], [ -2.557669275965878, 51.473121310208732 ], [ -2.55752927811411, 51.473201313333711 ], [ -2.557309280937379, 51.473321318306581 ], [ -2.557029282803373, 51.473471324021233 ], [ -2.556569288024368, 51.473701334141673 ], [ -2.556309288637511, 51.473831339834234 ], [ -2.556009292579835, 51.473951345529208 ], [ -2.555179305934592, 51.474061363875435 ], [ -2.554789311962116, 51.474061371964439 ], [ -2.553749334867434, 51.473931394210872 ], [ -2.552239379000321, 51.473271426480188 ], [ -2.552119381682469, 51.473271428287134 ], [ -2.551709391920002, 51.473191437082974 ], [ -2.551179406007247, 51.473091448652156 ], [ -2.550419417072806, 51.473171464813035 ], [ -2.550099422156104, 51.473241471987883 ], [ -2.549789420844089, 51.473321475158059 ], [ -2.54945941647409, 51.473411477178594 ], [ -2.548059392193186, 51.473891487658449 ], [ -2.547759386701692, 51.473991490328572 ], [ -2.546629367421488, 51.474391496932803 ], [ -2.544629333512067, 51.475011508875873 ], [ -2.543969325075139, 51.475171511940296 ], [ -2.54342932026511, 51.475291514245328 ], [ -2.542749311956021, 51.475441518201926 ], [ -2.541809302652962, 51.475661522734114 ], [ -2.541499299945632, 51.475741523769635 ], [ -2.539809283568863, 51.476151531715324 ], [ -2.53830926856222, 51.476721536097301 ], [ -2.53805926450715, 51.476831537001814 ], [ -2.537879263946752, 51.476901537371816 ], [ -2.537369259005355, 51.477081539140279 ], [ -2.537059255778052, 51.477211540283818 ], [ -2.536859255461349, 51.47729154032443 ], [ -2.535959247817144, 51.477661542335738 ], [ -2.533789235186139, 51.478581546688197 ], [ -2.533559234647886, 51.478671546754882 ], [ -2.533289232658496, 51.47877154711874 ], [ -2.532339229432198, 51.479091547811564 ], [ -2.532049229507782, 51.479181547346755 ], [ -2.531119225730058, 51.479481548650732 ], [ -2.530359226638565, 51.479741547839375 ], [ -2.530019225230893, 51.479881547884553 ], [ -2.528849226905101, 51.480681546301213 ], [ -2.528429230010104, 51.481181543861524 ], [ -2.528129231330206, 51.481431542553999 ], [ -2.527649233260908, 51.481511544732115 ], [ -2.527229234345648, 51.481561545340362 ], [ -2.526969235892933, 51.481591546017555 ], [ -2.526032362407515, 51.481726203668906 ] ] } },
{ "type": "Feature", "properties": { "OBJECTID": 40, "JOURNEY_LINK_ID": "238", "JOURNEY_LINK_DESCRIPTION": "Fishponds Rd/Coombe Rd WB > M32 J3/Lower Ashley Rd WB", "JOURNEY_START": "Fishponds Rd/Coombe Rd WB", "JOURNEY_START_DIRECTION_TYPE": "WB", "JOURNEY_END": "M32 J3/Lower Ashley Rd WB", "JOURNEY_END_DIRECTION_TYPE": "WB", "MINIMUM_PLATE_MATCHES": 1, "CANDIDATE_COUNT": 9, "KPI_PRIORITY_LINK": "No", "JOURNEY_START_DIRECTION_DESC": "West bound", "JOURNEY_END_DIRECTION_DESC": "West bound", "SHAPESTLength": 1745.5696316457834 }, "geometry": { "type": "LineString", "coordinates": [ [ -2.558290812621987, 51.47265658045184 ], [ -2.559217125319943, 51.472114680097825 ], [ -2.56219743091699, 51.470762906651949 ], [ -2.563588118027527, 51.470337047994505 ], [ -2.564720548784251, 51.469935903606398 ], [ -2.565171795436118, 51.469700136060695 ], [ -2.566412190460124, 51.46848992041857 ], [ -2.566537293278548, 51.468355706353456 ], [ -2.567035922408792, 51.468034667780934 ], [ -2.567823186364625, 51.467546075623858 ], [ -2.568296030057664, 51.467049121522479 ], [ -2.568928692443266, 51.466881675975856 ], [ -2.56971975638338, 51.466540954700214 ], [ -2.570712252570385, 51.466227802210412 ], [ -2.571308811877688, 51.466041841875551 ], [ -2.571915026079085, 51.465883026176257 ], [ -2.57242505988208, 51.465768382031783 ], [ -2.573475968924453, 51.466471243689448 ], [ -2.573898878053423, 51.466571102605279 ], [ -2.574308858814159, 51.466301110176538 ], [ -2.574468850646392, 51.466151114748413 ], [ -2.574548845383279, 51.465991118500902 ], [ -2.574358843164346, 51.465701127597022 ], [ -2.574398838461684, 51.465531132494483 ], [ -2.574618828406015, 51.465361137776981 ], [ -2.575278807809081, 51.465271141045356 ], [ -2.576088792294929, 51.465611129961871 ], [ -2.576148797019113, 51.46592112085014 ], [ -2.576308393310644, 51.466142102197786 ] ] } },
{ "type": "Feature", "properties": { "OBJECTID": 41, "JOURNEY_LINK_ID": "239", "JOURNEY_LINK_DESCRIPTION": "Fishponds Rd/Coombe Rd WB > M32 IB", "JOURNEY_START": "Fishponds Rd/Coombe Rd WB", "JOURNEY_START_DIRECTION_TYPE": "WB", "JOURNEY_END": "M32 IB", "JOURNEY_END_DIRECTION_TYPE": "IB", "MINIMUM_PLATE_MATCHES": 1, "CANDIDATE_COUNT": 9, "KPI_PRIORITY_LINK": "No", "JOURNEY_START_DIRECTION_DESC": "West bound", "JOURNEY_END_DIRECTION_DESC": "Inbound", "SHAPESTLength": 2384.1659205969645 }, "geometry": { "type": "LineString", "coordinates": [ [ -2.558201194465466, 51.472854450782862 ], [ -2.55907104037599, 51.472208732715295 ], [ -2.56219743091699, 51.470762906651949 ], [ -2.562452225891593, 51.470667766210276 ], [ -2.563588118027527, 51.470337047994505 ], [ -2.564235073159165, 51.470124970311829 ], [ -2.564720548784251, 51.469935903606398 ], [ -2.565171795436118, 51.469700136060695 ], [ -2.565706342505848, 51.469193204138186 ], [ -2.566537293278548, 51.468355706353456 ], [ -2.567419655790537, 51.467796516791388 ], [ -2.567823186364625, 51.467546075623858 ], [ -2.568002157348197, 51.467433982763062 ], [ -2.568296030057664, 51.467049121522479 ], [ -2.568928692443266, 51.466881675975856 ], [ -2.56971975638338, 51.466540954700214 ], [ -2.570712252570385, 51.466227802210412 ], [ -2.571568197375005, 51.465960984660924 ], [ -2.57242505988208, 51.465768382031783 ], [ -2.572886024511324, 51.466080161238359 ], [ -2.573475968924453, 51.466471243689448 ], [ -2.57374226940066, 51.46656700481509 ], [ -2.574468850646392, 51.466151114748413 ], [ -2.574358843164346, 51.465701127597022 ], [ -2.574398838461684, 51.465531132494483 ], [ -2.574618828406015, 51.465361137776981 ], [ -2.575278807809081, 51.465271141045356 ], [ -2.576288770727071, 51.464861154200072 ], [ -2.576668753455452, 51.464541164659479 ], [ -2.577148734172497, 51.464151178143894 ], [ -2.577698710548663, 51.463671193935149 ], [ -2.579808633012402, 51.46187126112963 ], [ -2.579878629734392, 51.461811262992903 ], [ -2.580848600323858, 51.461081293091553 ], [ -2.5813585852511, 51.460761306117526 ], [ -2.582028570366549, 51.460411322666516 ], [ -2.582228564796059, 51.460301326956518 ], [ -2.582185225573336, 51.460418208482174 ] ] } },
{ "type": "Feature", "properties": { "OBJECTID": 42, "JOURNEY_LINK_ID": "5", "JOURNEY_LINK_DESCRIPTION": "Bedminster Parade IB > Redcliffe Way WB", "JOURNEY_START": "Bedminster Parade IB", "JOURNEY_START_DIRECTION_TYPE": "IB", "JOURNEY_END": "Redcliffe Way WB", "JOURNEY_END_DIRECTION_TYPE": "WB", "MINIMUM_PLATE_MATCHES": 1, "CANDIDATE_COUNT": 9, "KPI_PRIORITY_LINK": "Yes", "JOURNEY_START_DIRECTION_DESC": "Inbound", "JOURNEY_END_DIRECTION_DESC": "West bound", "SHAPESTLength": 634.87221503778198 }, "geometry": { "type": "LineString", "coordinates": [ [ -2.593525893651597, 51.444138461850727 ], [ -2.592687840861013, 51.444771778608924 ], [ -2.592327859339358, 51.444931775657132 ], [ -2.592067868611722, 51.445041773501138 ], [ -2.59175788998949, 51.445291771652499 ], [ -2.591777892799078, 51.445341771282308 ], [ -2.591697915208419, 51.445641770967406 ], [ -2.591517929155375, 51.445831769325785 ], [ -2.591447934154543, 51.445901769296448 ], [ -2.591287943396394, 51.446011766922815 ], [ -2.591247945417062, 51.446021767338692 ], [ -2.590917984855899, 51.446581764766002 ], [ -2.590738034927037, 51.447341763083585 ], [ -2.590598066970263, 51.447811763301267 ], [ -2.590458129669233, 51.448801761595142 ], [ -2.590548133373744, 51.448861762857206 ], [ -2.590598139435667, 51.448961764121805 ], [ -2.590594172477941, 51.44920140277128 ] ] } },
{ "type": "Feature", "properties": { "OBJECTID": 43, "JOURNEY_LINK_ID": "23", "JOURNEY_LINK_DESCRIPTION": "M32 OB > Fishponds Rd/Coombe Rd EB", "JOURNEY_START": "M32 OB", "JOURNEY_START_DIRECTION_TYPE": "OB", "JOURNEY_END": "Fishponds Rd/Coombe Rd EB", "JOURNEY_END_DIRECTION_TYPE": "EB", "MINIMUM_PLATE_MATCHES": 1, "CANDIDATE_COUNT": 9, "KPI_PRIORITY_LINK": "Yes", "JOURNEY_START_DIRECTION_DESC": "Outbound", "JOURNEY_END_DIRECTION_DESC": "East bound", "SHAPESTLength": 2747.9540319886974 }, "geometry": { "type": "LineString", "coordinates": [ [ -2.582786354808152, 51.460389679580224 ], [ -2.582338563888287, 51.460521319918108 ], [ -2.581588582542224, 51.460811305498446 ], [ -2.580818603209352, 51.461251286043144 ], [ -2.579148658870211, 51.462581234389006 ], [ -2.577988702989116, 51.463561198660237 ], [ -2.577798710654555, 51.463741192764687 ], [ -2.577348729250379, 51.464151178155895 ], [ -2.57689874774885, 51.464521165517283 ], [ -2.576598761026403, 51.464761156934784 ], [ -2.576328778268629, 51.465261141667092 ], [ -2.576088792294929, 51.465611129961871 ], [ -2.576018805370235, 51.466111114748998 ], [ -2.575408826520621, 51.466281109718537 ], [ -2.574665305445023, 51.466141041840046 ], [ -2.574358843164346, 51.465701127597022 ], [ -2.572788867509244, 51.464971148539711 ], [ -2.571638873118417, 51.464111171742971 ], [ -2.570938865489237, 51.463271192566033 ], [ -2.570144057053739, 51.464343852588868 ], [ -2.569467181924923, 51.465428554350218 ], [ -2.568641198941439, 51.466595381066973 ], [ -2.567823186364625, 51.467546075623858 ], [ -2.567035922408792, 51.468034667780934 ], [ -2.566412190460124, 51.46848992041857 ], [ -2.565706342505848, 51.469193204138186 ], [ -2.564993374051462, 51.469793357561201 ], [ -2.563896334276945, 51.470256890323249 ], [ -2.563177317435016, 51.470443885440943 ], [ -2.56219743091699, 51.470762906651949 ], [ -2.561475609161141, 51.471102771643046 ], [ -2.559878042195418, 51.471835544562865 ], [ -2.558297923834698, 51.472750761455629 ] ] } },
{ "type": "Feature", "properties": { "OBJECTID": 44, "JOURNEY_LINK_ID": "32", "JOURNEY_LINK_DESCRIPTION": "3 Lamps IB > Redcliffe Way WB", "JOURNEY_START": "3 Lamps IB", "JOURNEY_START_DIRECTION_TYPE": "IB", "JOURNEY_END": "Redcliffe Way WB", "JOURNEY_END_DIRECTION_TYPE": "WB", "MINIMUM_PLATE_MATCHES": 1, "CANDIDATE_COUNT": 9, "KPI_PRIORITY_LINK": "Yes", "JOURNEY_START_DIRECTION_DESC": "Inbound", "JOURNEY_END_DIRECTION_DESC": "West bound", "SHAPESTLength": 1115.6312576181895 }, "geometry": { "type": "LineString", "coordinates": [ [ -2.57872159428822, 51.444596472617434 ], [ -2.578708105145705, 51.444981668510451 ], [ -2.578928112659281, 51.445321667979634 ], [ -2.579408120311024, 51.445831670380159 ], [ -2.579698124921363, 51.446071670768994 ], [ -2.579898126323958, 51.446211671740116 ], [ -2.580178127091853, 51.446401673385878 ], [ -2.580428130331522, 51.446581674163319 ], [ -2.580558131452283, 51.446681675291586 ], [ -2.580918131031562, 51.446801678588578 ], [ -2.581338127881554, 51.446921681177017 ], [ -2.581698121808813, 51.446941683394208 ], [ -2.582088120013927, 51.447051687012276 ], [ -2.58218812196726, 51.447111687477069 ], [ -2.582548126546521, 51.447351689786515 ], [ -2.582638127369409, 51.447421690754055 ], [ -2.582718130501785, 51.447501691662211 ], [ -2.582758131684876, 51.447551691321465 ], [ -2.582818139484702, 51.447711692937823 ], [ -2.582968151611588, 51.448051693381466 ], [ -2.584048167632546, 51.448611702936176 ], [ -2.584468177061843, 51.448841707062883 ], [ -2.585148174236365, 51.448901713246848 ], [ -2.585698170766849, 51.448921718528325 ], [ -2.585818171366102, 51.448931719696553 ], [ -2.586368168988355, 51.448941724860674 ], [ -2.586638165698051, 51.448931727341424 ], [ -2.586958163031652, 51.448921730074375 ], [ -2.587568155551264, 51.448871735388032 ], [ -2.588158148513417, 51.448831741548325 ], [ -2.589438136046445, 51.44878175259857 ], [ -2.589968135104608, 51.4488117573473 ], [ -2.590078132187159, 51.448771759557197 ], [ -2.590458129669233, 51.448801761595142 ], [ -2.590548133373744, 51.448861762857206 ], [ -2.590598139435667, 51.448961764121805 ], [ -2.590541614969992, 51.449139506782792 ] ] } },
{ "type": "Feature", "properties": { "OBJECTID": 45, "JOURNEY_LINK_ID": "37", "JOURNEY_LINK_DESCRIPTION": "3 Lamps OB > Parson St Gyratory", "JOURNEY_START": "3 Lamps OB", "JOURNEY_START_DIRECTION_TYPE": "OB", "JOURNEY_END": "Parson St Gyratory", "JOURNEY_END_DIRECTION_TYPE": "NA", "MINIMUM_PLATE_MATCHES": 1, "CANDIDATE_COUNT": 9, "KPI_PRIORITY_LINK": "No", "JOURNEY_START_DIRECTION_DESC": "Outbound", "JOURNEY_END_DIRECTION_DESC": "None", "SHAPESTLength": 3154.482076987616 }, "geometry": { "type": "LineString", "coordinates": [ [ -2.578489145025307, 51.444606496706285 ], [ -2.578608097768776, 51.444671668756001 ], [ -2.57855809146033, 51.444481668987187 ], [ -2.578528085833312, 51.444301668925355 ], [ -2.578498074344699, 51.443951670330264 ], [ -2.578468068118159, 51.443741671116683 ], [ -2.578398056162058, 51.443321672586208 ], [ -2.57835804990839, 51.443121672968886 ], [ -2.578308043793005, 51.442921673276025 ], [ -2.578248038988028, 51.442681673761932 ], [ -2.578198033922195, 51.442501675192638 ], [ -2.578098028615902, 51.442281674731987 ], [ -2.578038023914922, 51.442091675658574 ], [ -2.577908021907744, 51.441901675577952 ], [ -2.578048015641468, 51.44184167719817 ], [ -2.578308004770804, 51.441751677893514 ], [ -2.578687991249326, 51.441631678768182 ], [ -2.579067981958922, 51.441461674826272 ], [ -2.57994796060122, 51.441101667403615 ], [ -2.580497944692698, 51.440891662259951 ], [ -2.581327918397851, 51.440711656339602 ], [ -2.58142791604524, 51.440631655030529 ], [ -2.581527911470637, 51.440681656673341 ], [ -2.581767904524021, 51.440611654319923 ], [ -2.581957898733299, 51.440461649667462 ], [ -2.582057898362485, 51.439981632035185 ], [ -2.582127900487598, 51.439471614677529 ], [ -2.582247898899428, 51.439071600649697 ], [ -2.582507892546472, 51.438601583367792 ], [ -2.58266788651327, 51.438411575959897 ], [ -2.582797879916709, 51.438291571084548 ], [ -2.582897877082823, 51.438231568608771 ], [ -2.583397856270524, 51.43798155777953 ], [ -2.584347811117877, 51.437491544007671 ], [ -2.586617690381618, 51.436761524529246 ], [ -2.588177599058841, 51.436431516157207 ], [ -2.592187376344629, 51.43637152715484 ], [ -2.593797272004482, 51.43609152003669 ], [ -2.596657069690671, 51.435591503041437 ], [ -2.59777700698873, 51.435631508026148 ], [ -2.597926999409973, 51.435661509393078 ], [ -2.598536961474327, 51.43563150984977 ], [ -2.599626883579615, 51.435491504515184 ], [ -2.600586809822092, 51.435091492592306 ], [ -2.600936780214706, 51.434871484642699 ], [ -2.602626645331241, 51.433871453964876 ], [ -2.602886625033497, 51.433741450949235 ], [ -2.603306595063823, 51.433531444749683 ], [ -2.603756565251076, 51.433311439889728 ], [ -2.605376573724986, 51.432601452594859 ], [ -2.606006571778244, 51.432341456876792 ], [ -2.60627657024513, 51.432211459236797 ], [ -2.606956554327442, 51.432081466844252 ], [ -2.607396540826528, 51.43205147149331 ], [ -2.610176455570752, 51.43171150509562 ], [ -2.61175639995273, 51.431541523737664 ], [ -2.611966393083835, 51.431471525582396 ], [ -2.61194690567977, 51.431398358159257 ] ] } },
{ "type": "Feature", "properties": { "OBJECTID": 46, "JOURNEY_LINK_ID": "38", "JOURNEY_LINK_DESCRIPTION": "3 Lamps OB > Wells Rd OB", "JOURNEY_START": "3 Lamps OB", "JOURNEY_START_DIRECTION_TYPE": "OB", "JOURNEY_END": "Wells Rd OB", "JOURNEY_END_DIRECTION_TYPE": "OB", "MINIMUM_PLATE_MATCHES": 1, "CANDIDATE_COUNT": 9, "KPI_PRIORITY_LINK": "Yes", "JOURNEY_START_DIRECTION_DESC": "Outbound", "JOURNEY_END_DIRECTION_DESC": "Outbound", "SHAPESTLength": 2630.4444356572862 }, "geometry": { "type": "LineString", "coordinates": [ [ -2.578599582549778, 51.444605953446647 ], [ -2.578608097768776, 51.444671668756001 ], [ -2.57855809146033, 51.444481668987187 ], [ -2.578528085833312, 51.444301668925355 ], [ -2.578498074344699, 51.443951670330264 ], [ -2.578468068118159, 51.443741671116683 ], [ -2.578398056162058, 51.443321672586208 ], [ -2.57835804990839, 51.443121672968886 ], [ -2.578308043793005, 51.442921673276025 ], [ -2.578248038988028, 51.442681673761932 ], [ -2.578198033922195, 51.442501675192638 ], [ -2.578098028615902, 51.442281674731987 ], [ -2.578038023914922, 51.442091675658574 ], [ -2.577558024821305, 51.441651674852253 ], [ -2.576778056729322, 51.441431667468265 ], [ -2.576138083567449, 51.441191660014191 ], [ -2.575998091521807, 51.441131658262144 ], [ -2.574448166341923, 51.440491642073866 ], [ -2.574228179042344, 51.440371639734089 ], [ -2.573968194765031, 51.44019163671009 ], [ -2.57300826726076, 51.439291620594958 ], [ -2.572658298093926, 51.438921616192943 ], [ -2.572478313734861, 51.438751613607494 ], [ -2.571818362388717, 51.438281608389502 ], [ -2.571468387593463, 51.438091607278999 ], [ -2.571148409146593, 51.437961606695346 ], [ -2.570988416932347, 51.437911606150664 ], [ -2.570738432718526, 51.437831607009024 ], [ -2.570108475064217, 51.437601606612951 ], [ -2.569488536189706, 51.437001604740942 ], [ -2.568918597148491, 51.436431604143038 ], [ -2.568458644479461, 51.436021603361645 ], [ -2.568258664540032, 51.435851603983309 ], [ -2.568038687896791, 51.435681604681058 ], [ -2.5675087406472, 51.435271607310433 ], [ -2.567238770253462, 51.435061609299417 ], [ -2.567078787631056, 51.434921609903725 ], [ -2.566828819013211, 51.434661611682998 ], [ -2.566538853703094, 51.434311613463933 ], [ -2.566298873287739, 51.434031615912716 ], [ -2.566168886593962, 51.433871616894535 ], [ -2.565968903843329, 51.433641619250459 ], [ -2.565828915221139, 51.433471620331666 ], [ -2.565188988707567, 51.432591635378472 ], [ -2.564989030791702, 51.432091640894186 ], [ -2.564639119475761, 51.430961655866128 ], [ -2.564539145183251, 51.43066165981822 ], [ -2.56430917820317, 51.430231666321944 ], [ -2.563879243119717, 51.429401680320048 ], [ -2.563949351194699, 51.427981691885151 ], [ -2.563929380018295, 51.427611695327442 ], [ -2.563779405460227, 51.427261700930131 ], [ -2.563429479812569, 51.426251716285769 ], [ -2.563359496649695, 51.426041719006953 ], [ -2.562976896867918, 51.424520686942998 ] ] } },
{ "type": "Feature", "properties": { "OBJECTID": 47, "JOURNEY_LINK_ID": "45", "JOURNEY_LINK_DESCRIPTION": "Redcliffe Way EB > Bedminster Bridge", "JOURNEY_START": "Redcliffe Way EB", "JOURNEY_START_DIRECTION_TYPE": "EB", "JOURNEY_END": "Bedminster Bridge", "JOURNEY_END_DIRECTION_TYPE": "NA", "MINIMUM_PLATE_MATCHES": 1, "CANDIDATE_COUNT": 9, "KPI_PRIORITY_LINK": "No", "JOURNEY_START_DIRECTION_DESC": "East bound", "JOURNEY_END_DIRECTION_DESC": "None", "SHAPESTLength": 602.93599207076318 }, "geometry": { "type": "LineString", "coordinates": [ [ -2.590574619607489, 51.449066038103545 ], [ -2.590418156114311, 51.449201761748782 ], [ -2.590268158014776, 51.44922176099422 ], [ -2.590148157216899, 51.449211759896023 ], [ -2.590018155444362, 51.449161758338676 ], [ -2.58996815510459, 51.449131757998302 ], [ -2.589908151544716, 51.449081757516105 ], [ -2.589968135104608, 51.4488117573473 ], [ -2.590078132187159, 51.448771759557197 ], [ -2.590298117804305, 51.448581760277101 ], [ -2.590428092140167, 51.448181760851028 ], [ -2.590578048888466, 51.447511762182202 ], [ -2.590628036732094, 51.447331762286836 ], [ -2.590708013662506, 51.44700176348676 ], [ -2.590777993846786, 51.446691763176972 ], [ -2.59085796754482, 51.446301763599479 ], [ -2.590857948558947, 51.446001763946093 ], [ -2.590717945876904, 51.445931762130357 ], [ -2.590657945497311, 51.445881761970931 ], [ -2.590607931427658, 51.445681761376022 ], [ -2.59077791256354, 51.445421762428701 ], [ -2.591017901323216, 51.445281765188028 ], [ -2.59131789219686, 51.445201766975089 ], [ -2.59175788998949, 51.445291771652499 ], [ -2.591777892799078, 51.445341771282308 ], [ -2.591897897656684, 51.445421771981081 ], [ -2.592095547311582, 51.445538608788503 ] ] } },
{ "type": "Feature", "properties": { "OBJECTID": 48, "JOURNEY_LINK_ID": "47", "JOURNEY_LINK_DESCRIPTION": "Redcliffe Way WB > Anchor Rd OB", "JOURNEY_START": "Redcliffe Way WB", "JOURNEY_START_DIRECTION_TYPE": "WB", "JOURNEY_END": "Anchor Rd OB", "JOURNEY_END_DIRECTION_TYPE": "OB", "MINIMUM_PLATE_MATCHES": 1, "CANDIDATE_COUNT": 9, "KPI_PRIORITY_LINK": "No", "JOURNEY_START_DIRECTION_DESC": "West bound", "JOURNEY_END_DIRECTION_DESC": "Outbound", "SHAPESTLength": 1242.6688608169213 }, "geometry": { "type": "LineString", "coordinates": [ [ -2.590661917665879, 51.449124402957622 ], [ -2.590418156114311, 51.449201761748782 ], [ -2.590268158014776, 51.44922176099422 ], [ -2.590148157216899, 51.449211759896023 ], [ -2.590028168663398, 51.449381758743861 ], [ -2.590008171569781, 51.44943175899143 ], [ -2.589948205299744, 51.449941758024643 ], [ -2.590078218561163, 51.450561739867744 ], [ -2.590328228481146, 51.451111722894368 ], [ -2.59044823297968, 51.451341715313944 ], [ -2.590828243295649, 51.452021696077487 ], [ -2.590898247560864, 51.452221688907244 ], [ -2.590928257604026, 51.452781669454708 ], [ -2.590848262642164, 51.453021660910494 ], [ -2.590778268752682, 51.45324165130976 ], [ -2.590768269897655, 51.453281650416763 ], [ -2.59106826947691, 51.453481645803514 ], [ -2.591108269202206, 51.45350164503548 ], [ -2.59161826826908, 51.453761641230578 ], [ -2.591738267751353, 51.453821640129604 ], [ -2.592718252431947, 51.453661654520829 ], [ -2.593278244785402, 51.453551663841345 ], [ -2.593558241331452, 51.453501667922112 ], [ -2.594238231767356, 51.453411676869749 ], [ -2.594748225149131, 51.453371682922352 ], [ -2.59608821038921, 51.453391694454353 ], [ -2.596758203659138, 51.453461697933562 ], [ -2.597138199017476, 51.453491701003543 ], [ -2.597408195348295, 51.453511702680295 ], [ -2.597708191767872, 51.453491706103648 ], [ -2.597798189235484, 51.45320171712433 ], [ -2.597848188004249, 51.452961725566588 ], [ -2.597938185339852, 51.452751733580669 ], [ -2.598038182002059, 51.452451745415829 ], [ -2.598238178877842, 51.452211756385985 ], [ -2.598578268597463, 51.451537676232384 ] ] } },
{ "type": "Feature", "properties": { "OBJECTID": 49, "JOURNEY_LINK_ID": "48", "JOURNEY_LINK_DESCRIPTION": "Redcliffe Way WB > Queens Rd OB", "JOURNEY_START": "Redcliffe Way WB", "JOURNEY_START_DIRECTION_TYPE": "WB", "JOURNEY_END": "Queens Rd OB", "JOURNEY_END_DIRECTION_TYPE": "OB", "MINIMUM_PLATE_MATCHES": 1, "CANDIDATE_COUNT": 9, "KPI_PRIORITY_LINK": "No", "JOURNEY_START_DIRECTION_DESC": "West bound", "JOURNEY_END_DIRECTION_DESC": "Outbound", "SHAPESTLength": 2146.5315284488684 }, "geometry": { "type": "LineString", "coordinates": [ [ -2.590571535270187, 51.449028922496112 ], [ -2.590418156114311, 51.449201761748782 ], [ -2.590268158014776, 51.44922176099422 ], [ -2.590148157216899, 51.449211759896023 ], [ -2.590028168663398, 51.449381758743861 ], [ -2.590008171569781, 51.44943175899143 ], [ -2.589948205299744, 51.449941758024643 ], [ -2.590078218561163, 51.450561739867744 ], [ -2.590328228481146, 51.451111722894368 ], [ -2.59044823297968, 51.451341715313944 ], [ -2.590828243295649, 51.452021696077487 ], [ -2.590898247560864, 51.452221688907244 ], [ -2.590928257604026, 51.452781669454708 ], [ -2.590848262642164, 51.453021660910494 ], [ -2.590778268752682, 51.45324165130976 ], [ -2.590768269897655, 51.453281650416763 ], [ -2.59106826947691, 51.453481645803514 ], [ -2.591108269202206, 51.45350164503548 ], [ -2.59161826826908, 51.453761641230578 ], [ -2.591738267751353, 51.453821640129604 ], [ -2.592718252431947, 51.453661654520829 ], [ -2.593278244785402, 51.453551663841345 ], [ -2.593558241331452, 51.453501667922112 ], [ -2.594238231767356, 51.453411676869749 ], [ -2.594748225149131, 51.453371682922352 ], [ -2.59608821038921, 51.453391694454353 ], [ -2.596758203659138, 51.453461697933562 ], [ -2.597138199017476, 51.453491701003543 ], [ -2.597408195348295, 51.453511702680295 ], [ -2.597708191767872, 51.453491706103648 ], [ -2.597798189235484, 51.45320171712433 ], [ -2.597848188004249, 51.452961725566588 ], [ -2.597938185339852, 51.452751733580669 ], [ -2.598228181094632, 51.452471746781811 ], [ -2.598358179916591, 51.452381751049508 ], [ -2.598708174630072, 51.452281757887633 ], [ -2.599208170971421, 51.4523217612522 ], [ -2.600078162861592, 51.452611758341803 ], [ -2.600978134823422, 51.453131747558672 ], [ -2.601138129293296, 51.453251745373223 ], [ -2.601268124814261, 51.453341742552084 ], [ -2.604188011805178, 51.455601683355688 ], [ -2.604647992332259, 51.45584167848795 ], [ -2.606047937435409, 51.456021683364554 ], [ -2.606187931577011, 51.45602168394889 ], [ -2.606987900929824, 51.45605168994414 ], [ -2.607677873337075, 51.45605169524061 ], [ -2.607727872003915, 51.456051695476184 ], [ -2.6080478577665, 51.456201691338677 ], [ -2.607927851315254, 51.456771670413808 ], [ -2.607927850008515, 51.456881665810904 ], [ -2.608007842636532, 51.457071659191691 ], [ -2.608415212669013, 51.45732807524108 ] ] } },
{ "type": "Feature", "properties": { "OBJECTID": 50, "JOURNEY_LINK_ID": "57", "JOURNEY_LINK_DESCRIPTION": "Old Market IB > 3 Lamps OB", "JOURNEY_START": "Old Market IB", "JOURNEY_START_DIRECTION_TYPE": "IB", "JOURNEY_END": "3 Lamps OB", "JOURNEY_END_DIRECTION_TYPE": "OB", "MINIMUM_PLATE_MATCHES": 1, "CANDIDATE_COUNT": 9, "KPI_PRIORITY_LINK": "Yes", "JOURNEY_START_DIRECTION_DESC": "Inbound", "JOURNEY_END_DIRECTION_DESC": "Outbound", "SHAPESTLength": 1616.8632194829622 }, "geometry": { "type": "LineString", "coordinates": [ [ -2.580202462541013, 51.456424148286587 ], [ -2.580528496490389, 51.456331456451885 ], [ -2.580668492158097, 51.456301458017954 ], [ -2.5816184691212, 51.455961476519597 ], [ -2.582088458144733, 51.455861484293322 ], [ -2.582428451189577, 51.455801488715757 ], [ -2.583198435333899, 51.455621501350237 ], [ -2.583228433047212, 51.455551503286188 ], [ -2.583268430146944, 51.455501505612126 ], [ -2.583288425047049, 51.455321512133551 ], [ -2.583288423512446, 51.455291513204479 ], [ -2.583398394070705, 51.454531540004673 ], [ -2.583508382112086, 51.454201552541399 ], [ -2.583838352001691, 51.453411583735935 ], [ -2.583998339269483, 51.453101595080881 ], [ -2.584078335166195, 51.452991599975455 ], [ -2.584098330581201, 51.45286160416444 ], [ -2.584128326509688, 51.452771607678265 ], [ -2.584168321624404, 51.452641612689398 ], [ -2.584288304723489, 51.452161630714549 ], [ -2.584318299637871, 51.451991637215116 ], [ -2.58434829586408, 51.451861641716171 ], [ -2.584558271814659, 51.451151668384824 ], [ -2.584798247060296, 51.450451694518861 ], [ -2.584828242459679, 51.450351698088284 ], [ -2.584848237447031, 51.450161705240582 ], [ -2.584828230665124, 51.449951710761155 ], [ -2.584808224118368, 51.449831710536536 ], [ -2.584678205482267, 51.449451709742213 ], [ -2.584378181820223, 51.448931706764938 ], [ -2.583618168473131, 51.44853169983125 ], [ -2.583508165172997, 51.44847169844514 ], [ -2.583168162026988, 51.448311695129597 ], [ -2.582818157566457, 51.448121692116409 ], [ -2.582148147492996, 51.447691687042585 ], [ -2.58186814223679, 51.447461684609458 ], [ -2.581708139184438, 51.447341683807409 ], [ -2.581538137337369, 51.447241682374781 ], [ -2.581278135974642, 51.447111681002113 ], [ -2.581018135910965, 51.446981679010527 ], [ -2.580738132945812, 51.446811676234582 ], [ -2.580558131452283, 51.446681675291586 ], [ -2.580428130331522, 51.446581674163319 ], [ -2.580178127091853, 51.446401673385878 ], [ -2.579898126323958, 51.446211671740116 ], [ -2.579698124921363, 51.446071670768994 ], [ -2.579408120311024, 51.445831670380159 ], [ -2.578928112659281, 51.445321667979634 ], [ -2.578708105145705, 51.444981668510451 ], [ -2.57849836394373, 51.444731244643528 ] ] } },
{ "type": "Feature", "properties": { "OBJECTID": 51, "JOURNEY_LINK_ID": "60", "JOURNEY_LINK_DESCRIPTION": "Old Market IB > Bedminster Bridge", "JOURNEY_START": "Old Market IB", "JOURNEY_START_DIRECTION_TYPE": "IB", "JOURNEY_END": "Bedminster Bridge", "JOURNEY_END_DIRECTION_TYPE": "NA", "MINIMUM_PLATE_MATCHES": 1, "CANDIDATE_COUNT": 9, "KPI_PRIORITY_LINK": "Yes", "JOURNEY_START_DIRECTION_DESC": "Inbound", "JOURNEY_END_DIRECTION_DESC": "None", "SHAPESTLength": 2153.5782969630322 }, "geometry": { "type": "LineString", "coordinates": [ [ -2.580028382383345, 51.456505128522892 ], [ -2.580528496490389, 51.456331456451885 ], [ -2.580668492158097, 51.456301458017954 ], [ -2.5816184691212, 51.455961476519597 ], [ -2.582088458144733, 51.455861484293322 ], [ -2.582428451189577, 51.455801488715757 ], [ -2.583198435333899, 51.455621501350237 ], [ -2.583228433047212, 51.455551503286188 ], [ -2.583268430146944, 51.455501505612126 ], [ -2.583288425047049, 51.455321512133551 ], [ -2.583288423512446, 51.455291513204479 ], [ -2.583398394070705, 51.454531540004673 ], [ -2.583508382112086, 51.454201552541399 ], [ -2.583838352001691, 51.453411583735935 ], [ -2.583998339269483, 51.453101595080881 ], [ -2.584078335166195, 51.452991599975455 ], [ -2.584098330581201, 51.45286160416444 ], [ -2.584128326509688, 51.452771607678265 ], [ -2.584168321624404, 51.452641612689398 ], [ -2.584288304723489, 51.452161630714549 ], [ -2.584318299637871, 51.451991637215116 ], [ -2.58434829586408, 51.451861641716171 ], [ -2.584558271814659, 51.451151668384824 ], [ -2.584798247060296, 51.450451694518861 ], [ -2.584828242459679, 51.450351698088284 ], [ -2.584848237447031, 51.450161705240582 ], [ -2.584828230665124, 51.449951710761155 ], [ -2.584808224118368, 51.449831710536536 ], [ -2.584678205482267, 51.449451709742213 ], [ -2.584378181820223, 51.448931706764938 ], [ -2.583618168473131, 51.44853169983125 ], [ -2.583508165172997, 51.44847169844514 ], [ -2.583168162026988, 51.448311695129597 ], [ -2.582818157566457, 51.448121692116409 ], [ -2.582148147492996, 51.447691687042585 ], [ -2.58186814223679, 51.447461684609458 ], [ -2.581708139184438, 51.447341683807409 ], [ -2.58159813458244, 51.447181682782087 ], [ -2.581668128059793, 51.447051683347304 ], [ -2.582088120013927, 51.447051687012276 ], [ -2.58218812196726, 51.447111687477069 ], [ -2.582548126546521, 51.447351689786515 ], [ -2.582728125213105, 51.447361691371341 ], [ -2.583258106463207, 51.447151696456018 ], [ -2.585338025271227, 51.446041714846672 ], [ -2.586747982152142, 51.445591726368029 ], [ -2.587947957748666, 51.445461737292099 ], [ -2.588807947014345, 51.445511744991734 ], [ -2.590077941003871, 51.445691756126728 ], [ -2.590267940079729, 51.445731758330993 ], [ -2.590607931427658, 51.445681761376022 ], [ -2.59077791256354, 51.445421762428701 ], [ -2.591017901323216, 51.445281765188028 ], [ -2.59131789219686, 51.445201766975089 ], [ -2.59175788998949, 51.445291771652499 ], [ -2.591777892799078, 51.445341771282308 ], [ -2.591897897656684, 51.445421771981081 ], [ -2.592107903882088, 51.445561774485448 ], [ -2.59217415756497, 51.445554900360143 ] ] } },
{ "type": "Feature", "properties": { "OBJECTID": 52, "JOURNEY_LINK_ID": "62", "JOURNEY_LINK_DESCRIPTION": "Castle St EB > Bedminster Bridge", "JOURNEY_START": "Castle St EB", "JOURNEY_START_DIRECTION_TYPE": "EB", "JOURNEY_END": "Bedminster Bridge", "JOURNEY_END_DIRECTION_TYPE": "NA", "MINIMUM_PLATE_MATCHES": 1, "CANDIDATE_COUNT": 9, "KPI_PRIORITY_LINK": "No", "JOURNEY_START_DIRECTION_DESC": "East bound", "JOURNEY_END_DIRECTION_DESC": "None", "SHAPESTLength": 2062.8414272771897 }, "geometry": { "type": "LineString", "coordinates": [ [ -2.584780253177604, 51.455584025697569 ], [ -2.584078426174711, 51.455751503937883 ], [ -2.5840584268916, 51.455781502897807 ], [ -2.58371843675513, 51.45592149470766 ], [ -2.583588440304229, 51.455931492944465 ], [ -2.583548441765847, 51.45593149280274 ], [ -2.583328442023852, 51.455851494060546 ], [ -2.583198435333899, 51.455621501350237 ], [ -2.583228433047212, 51.455551503286188 ], [ -2.583268430146944, 51.455501505612126 ], [ -2.583288425047049, 51.455321512133551 ], [ -2.583288423512446, 51.455291513204479 ], [ -2.583398394070705, 51.454531540004673 ], [ -2.583508382112086, 51.454201552541399 ], [ -2.583838352001691, 51.453411583735935 ], [ -2.583998339269483, 51.453101595080881 ], [ -2.584078335166195, 51.452991599975455 ], [ -2.584098330581201, 51.45286160416444 ], [ -2.584128326509688, 51.452771607678265 ], [ -2.584168321624404, 51.452641612689398 ], [ -2.584288304723489, 51.452161630714549 ], [ -2.584318299637871, 51.451991637215116 ], [ -2.58434829586408, 51.451861641716171 ], [ -2.584558271814659, 51.451151668384824 ], [ -2.584798247060296, 51.450451694518861 ], [ -2.584828242459679, 51.450351698088284 ], [ -2.584848237447031, 51.450161705240582 ], [ -2.584828230665124, 51.449951710761155 ], [ -2.584808224118368, 51.449831710536536 ], [ -2.584678205482267, 51.449451709742213 ], [ -2.584378181820223, 51.448931706764938 ], [ -2.583618168473131, 51.44853169983125 ], [ -2.583508165172997, 51.44847169844514 ], [ -2.583168162026988, 51.448311695129597 ], [ -2.582818157566457, 51.448121692116409 ], [ -2.582148147492996, 51.447691687042585 ], [ -2.58186814223679, 51.447461684609458 ], [ -2.581708139184438, 51.447341683807409 ], [ -2.58159813458244, 51.447181682782087 ], [ -2.581668128059793, 51.447051683347304 ], [ -2.582088120013927, 51.447051687012276 ], [ -2.58218812196726, 51.447111687477069 ], [ -2.582548126546521, 51.447351689786515 ], [ -2.582728125213105, 51.447361691371341 ], [ -2.583258106463207, 51.447151696456018 ], [ -2.585338025271227, 51.446041714846672 ], [ -2.58559801613863, 51.445931716544365 ], [ -2.586747982152142, 51.445591726368029 ], [ -2.587947957748666, 51.445461737292099 ], [ -2.588807947014345, 51.445511744991734 ], [ -2.590077941003871, 51.445691756126728 ], [ -2.590267940079729, 51.445731758330993 ], [ -2.590607931427658, 51.445681761376022 ], [ -2.59077791256354, 51.445421762428701 ], [ -2.591017901323216, 51.445281765188028 ], [ -2.59131789219686, 51.445201766975089 ], [ -2.59175788998949, 51.445291771652499 ], [ -2.591777892799078, 51.445341771282308 ], [ -2.591897897656684, 51.445421771981081 ], [ -2.592107903882088, 51.445561774485448 ], [ -2.592117827611579, 51.445698286486305 ] ] } },
{ "type": "Feature", "properties": { "OBJECTID": 53, "JOURNEY_LINK_ID": "67", "JOURNEY_LINK_DESCRIPTION": "Castle St EB > 3 Lamps OB", "JOURNEY_START": "Castle St EB", "JOURNEY_START_DIRECTION_TYPE": "EB", "JOURNEY_END": "3 Lamps OB", "JOURNEY_END_DIRECTION_TYPE": "OB", "MINIMUM_PLATE_MATCHES": 1, "CANDIDATE_COUNT": 9, "KPI_PRIORITY_LINK": "Yes", "JOURNEY_START_DIRECTION_DESC": "East bound", "JOURNEY_END_DIRECTION_DESC": "Outbound", "SHAPESTLength": 1539.8474935768431 }, "geometry": { "type": "LineString", "coordinates": [ [ -2.584819760908124, 51.455493967116531 ], [ -2.584078426174711, 51.455751503937883 ], [ -2.5840584268916, 51.455781502897807 ], [ -2.58371843675513, 51.45592149470766 ], [ -2.583588440304229, 51.455931492944465 ], [ -2.583548441765847, 51.45593149280274 ], [ -2.583328442023852, 51.455851494060546 ], [ -2.583198435333899, 51.455621501350237 ], [ -2.583228433047212, 51.455551503286188 ], [ -2.583268430146944, 51.455501505612126 ], [ -2.583288425047049, 51.455321512133551 ], [ -2.583288423512446, 51.455291513204479 ], [ -2.583398394070705, 51.454531540004673 ], [ -2.583508382112086, 51.454201552541399 ], [ -2.583838352001691, 51.453411583735935 ], [ -2.583998339269483, 51.453101595080881 ], [ -2.584078335166195, 51.452991599975455 ], [ -2.584098330581201, 51.45286160416444 ], [ -2.584128326509688, 51.452771607678265 ], [ -2.584168321624404, 51.452641612689398 ], [ -2.584288304723489, 51.452161630714549 ], [ -2.584318299637871, 51.451991637215116 ], [ -2.58434829586408, 51.451861641716171 ], [ -2.584558271814659, 51.451151668384824 ], [ -2.584798247060296, 51.450451694518861 ], [ -2.584828242459679, 51.450351698088284 ], [ -2.584848237447031, 51.450161705240582 ], [ -2.584828230665124, 51.449951710761155 ], [ -2.584808224118368, 51.449831710536536 ], [ -2.584678205482267, 51.449451709742213 ], [ -2.584378181820223, 51.448931706764938 ], [ -2.583618168473131, 51.44853169983125 ], [ -2.583508165172997, 51.44847169844514 ], [ -2.583168162026988, 51.448311695129597 ], [ -2.582818157566457, 51.448121692116409 ], [ -2.582148147492996, 51.447691687042585 ], [ -2.58186814223679, 51.447461684609458 ], [ -2.581708139184438, 51.447341683807409 ], [ -2.581538137337369, 51.447241682374781 ], [ -2.581278135974642, 51.447111681002113 ], [ -2.581018135910965, 51.446981679010527 ], [ -2.580738132945812, 51.446811676234582 ], [ -2.580558131452283, 51.446681675291586 ], [ -2.580428130331522, 51.446581674163319 ], [ -2.580178127091853, 51.446401673385878 ], [ -2.579898126323958, 51.446211671740116 ], [ -2.579698124921363, 51.446071670768994 ], [ -2.579408120311024, 51.445831670380159 ], [ -2.578928112659281, 51.445321667979634 ], [ -2.578708105145705, 51.444981668510451 ], [ -2.578481745738953, 51.444707723502006 ] ] } },
{ "type": "Feature", "properties": { "OBJECTID": 54, "JOURNEY_LINK_ID": "76", "JOURNEY_LINK_DESCRIPTION": "Bond St EB > M32 OB", "JOURNEY_START": "Bond St EB", "JOURNEY_START_DIRECTION_TYPE": "EB", "JOURNEY_END": "M32 OB", "JOURNEY_END_DIRECTION_TYPE": "OB", "MINIMUM_PLATE_MATCHES": 1, "CANDIDATE_COUNT": 9, "KPI_PRIORITY_LINK": "Yes", "JOURNEY_START_DIRECTION_DESC": "East bound", "JOURNEY_END_DIRECTION_DESC": "Outbound", "SHAPESTLength": 306.07092373805642 }, "geometry": { "type": "LineString", "coordinates": [ [ -2.586647091765484, 51.459374821352156 ], [ -2.585748478771184, 51.459291392088872 ], [ -2.584958499174981, 51.459431379359337 ], [ -2.584098522117101, 51.459791358695028 ], [ -2.58377852979998, 51.459901352075377 ], [ -2.583338543368438, 51.460101340527238 ], [ -2.582898552093865, 51.460291330847696 ], [ -2.582716265407983, 51.460336985854831 ] ] } },
{ "type": "Feature", "properties": { "OBJECTID": 55, "JOURNEY_LINK_ID": "81", "JOURNEY_LINK_DESCRIPTION": "Bond St EB > Bedminster Parade OB", "JOURNEY_START": "Bond St EB", "JOURNEY_START_DIRECTION_TYPE": "EB", "JOURNEY_END": "Bedminster Parade OB", "JOURNEY_END_DIRECTION_TYPE": "OB", "MINIMUM_PLATE_MATCHES": 1, "CANDIDATE_COUNT": 9, "KPI_PRIORITY_LINK": "No", "JOURNEY_START_DIRECTION_DESC": "East bound", "JOURNEY_END_DIRECTION_DESC": "Outbound", "SHAPESTLength": 2928.281696043623 }, "geometry": { "type": "LineString", "coordinates": [ [ -2.586723855430777, 51.459308474048441 ], [ -2.585748478771184, 51.459291392088872 ], [ -2.584958499174981, 51.459431379359337 ], [ -2.584098522117101, 51.459791358695028 ], [ -2.58377852979998, 51.459901352075377 ], [ -2.583338543368438, 51.460101340527238 ], [ -2.582898552093865, 51.460291330847696 ], [ -2.582418560691111, 51.460201331998277 ], [ -2.582548556532237, 51.460091336808617 ], [ -2.583328541006612, 51.459761353315571 ], [ -2.583628532056351, 51.4596713600898 ], [ -2.5837685256529, 51.459421370774109 ], [ -2.583608525778782, 51.458731394851029 ], [ -2.583718521671039, 51.458481405284282 ], [ -2.583798517864655, 51.458371409760176 ], [ -2.58388851340733, 51.458271414584139 ], [ -2.58411850002872, 51.457991426703025 ], [ -2.584438471414813, 51.457321452348033 ], [ -2.584438470414158, 51.457271454417914 ], [ -2.584408462558598, 51.457031462578705 ], [ -2.584048449301088, 51.45640148108253 ], [ -2.58371843675513, 51.45592149470766 ], [ -2.583578430732215, 51.455641503077089 ], [ -2.583478422763843, 51.455381511362773 ], [ -2.583518393958462, 51.454521542302494 ], [ -2.583648380271613, 51.454191554758737 ], [ -2.583998346893211, 51.453301587784559 ], [ -2.584078335166195, 51.452991599975455 ], [ -2.584098330581201, 51.45286160416444 ], [ -2.584128326509688, 51.452771607678265 ], [ -2.584168321624404, 51.452641612689398 ], [ -2.584288304723489, 51.452161630714549 ], [ -2.584318299637871, 51.451991637215116 ], [ -2.58434829586408, 51.451861641716171 ], [ -2.584558271814659, 51.451151668384824 ], [ -2.584798247060296, 51.450451694518861 ], [ -2.584828242459679, 51.450351698088284 ], [ -2.584848237447031, 51.450161705240582 ], [ -2.584828230665124, 51.449951710761155 ], [ -2.584808224118368, 51.449831710536536 ], [ -2.584678205482267, 51.449451709742213 ], [ -2.584378181820223, 51.448931706764938 ], [ -2.583618168473131, 51.44853169983125 ], [ -2.583508165172997, 51.44847169844514 ], [ -2.583168162026988, 51.448311695129597 ], [ -2.582818157566457, 51.448121692116409 ], [ -2.582148147492996, 51.447691687042585 ], [ -2.58186814223679, 51.447461684609458 ], [ -2.581708139184438, 51.447341683807409 ], [ -2.58159813458244, 51.447181682782087 ], [ -2.581668128059793, 51.447051683347304 ], [ -2.582088120013927, 51.447051687012276 ], [ -2.58218812196726, 51.447111687477069 ], [ -2.582548126546521, 51.447351689786515 ], [ -2.582728125213105, 51.447361691371341 ], [ -2.583258106463207, 51.447151696456018 ], [ -2.585338025271227, 51.446041714846672 ], [ -2.586747982152142, 51.445591726368029 ], [ -2.587947957748666, 51.445461737292099 ], [ -2.588807947014345, 51.445511744991734 ], [ -2.590077941003871, 51.445691756126728 ], [ -2.590267940079729, 51.445731758330993 ], [ -2.590607931427658, 51.445681761376022 ], [ -2.59077791256354, 51.445421762428701 ], [ -2.591017901323216, 51.445281765188028 ], [ -2.59131789219686, 51.445201766975089 ], [ -2.591607879215517, 51.445081769586494 ], [ -2.591967866050902, 51.444971772121107 ], [ -2.592327859339358, 51.444931775657132 ], [ -2.592687840861013, 51.444771778608924 ], [ -2.593360022623238, 51.444216020409641 ] ] } },
{ "type": "Feature", "properties": { "OBJECTID": 56, "JOURNEY_LINK_ID": "83", "JOURNEY_LINK_DESCRIPTION": "Bond St EB > 3 Lamps OB", "JOURNEY_START": "Bond St EB", "JOURNEY_START_DIRECTION_TYPE": "EB", "JOURNEY_END": "3 Lamps OB", "JOURNEY_END_DIRECTION_TYPE": "OB", "MINIMUM_PLATE_MATCHES": 1, "CANDIDATE_COUNT": 9, "KPI_PRIORITY_LINK": "Yes", "JOURNEY_START_DIRECTION_DESC": "East bound", "JOURNEY_END_DIRECTION_DESC": "Outbound", "SHAPESTLength": 2293.0756358054318 }, "geometry": { "type": "LineString", "coordinates": [ [ -2.586566092999862, 51.459328246226335 ], [ -2.585748478771184, 51.459291392088872 ], [ -2.584958499174981, 51.459431379359337 ], [ -2.584098522117101, 51.459791358695028 ], [ -2.58377852979998, 51.459901352075377 ], [ -2.583338543368438, 51.460101340527238 ], [ -2.582898552093865, 51.460291330847696 ], [ -2.582418560691111, 51.460201331998277 ], [ -2.582548556532237, 51.460091336808617 ], [ -2.583328541006612, 51.459761353315571 ], [ -2.583628532056351, 51.4596713600898 ], [ -2.5837685256529, 51.459421370774109 ], [ -2.583608525778782, 51.458731394851029 ], [ -2.583718521671039, 51.458481405284282 ], [ -2.583798517864655, 51.458371409760176 ], [ -2.58388851340733, 51.458271414584139 ], [ -2.58411850002872, 51.457991426703025 ], [ -2.584438471414813, 51.457321452348033 ], [ -2.584438470414158, 51.457271454417914 ], [ -2.584408462558598, 51.457031462578705 ], [ -2.584048449301088, 51.45640148108253 ], [ -2.58371843675513, 51.45592149470766 ], [ -2.583578430732215, 51.455641503077089 ], [ -2.583478422763843, 51.455381511362773 ], [ -2.583518393958462, 51.454521542302494 ], [ -2.583648380271613, 51.454191554758737 ], [ -2.583998346893211, 51.453301587784559 ], [ -2.584078335166195, 51.452991599975455 ], [ -2.584098330581201, 51.45286160416444 ], [ -2.584128326509688, 51.452771607678265 ], [ -2.584168321624404, 51.452641612689398 ], [ -2.584288304723489, 51.452161630714549 ], [ -2.584318299637871, 51.451991637215116 ], [ -2.58434829586408, 51.451861641716171 ], [ -2.584558271814659, 51.451151668384824 ], [ -2.584798247060296, 51.450451694518861 ], [ -2.584828242459679, 51.450351698088284 ], [ -2.584848237447031, 51.450161705240582 ], [ -2.584828230665124, 51.449951710761155 ], [ -2.584808224118368, 51.449831710536536 ], [ -2.584678205482267, 51.449451709742213 ], [ -2.584378181820223, 51.448931706764938 ], [ -2.583618168473131, 51.44853169983125 ], [ -2.583508165172997, 51.44847169844514 ], [ -2.583168162026988, 51.448311695129597 ], [ -2.582818157566457, 51.448121692116409 ], [ -2.582148147492996, 51.447691687042585 ], [ -2.58186814223679, 51.447461684609458 ], [ -2.581708139184438, 51.447341683807409 ], [ -2.581538137337369, 51.447241682374781 ], [ -2.581278135974642, 51.447111681002113 ], [ -2.581018135910965, 51.446981679010527 ], [ -2.580738132945812, 51.446811676234582 ], [ -2.580558131452283, 51.446681675291586 ], [ -2.580428130331522, 51.446581674163319 ], [ -2.580178127091853, 51.446401673385878 ], [ -2.579898126323958, 51.446211671740116 ], [ -2.579698124921363, 51.446071670768994 ], [ -2.579408120311024, 51.445831670380159 ], [ -2.578928112659281, 51.445321667979634 ], [ -2.578708105145705, 51.444981668510451 ], [ -2.578542709866787, 51.444652120305527 ] ] } },
{ "type": "Feature", "properties": { "OBJECTID": 57, "JOURNEY_LINK_ID": "86", "JOURNEY_LINK_DESCRIPTION": "Bedminster Bridge > Cattle Market Rd EB", "JOURNEY_START": "Bedminster Bridge", "JOURNEY_START_DIRECTION_TYPE": "NA", "JOURNEY_END": "Cattle Market Rd EB", "JOURNEY_END_DIRECTION_TYPE": "EB", "MINIMUM_PLATE_MATCHES": 1, "CANDIDATE_COUNT": 9, "KPI_PRIORITY_LINK": "No", "JOURNEY_START_DIRECTION_DESC": "None", "JOURNEY_END_DIRECTION_DESC": "East bound", "SHAPESTLength": 1150.583636940411 }, "geometry": { "type": "LineString", "coordinates": [ [ -2.592064299789308, 51.445551270790503 ], [ -2.591697915208419, 51.445641770967406 ], [ -2.591517929155375, 51.445831769325785 ], [ -2.591447934154543, 51.445901769296448 ], [ -2.591287943396394, 51.446011766922815 ], [ -2.591247945417062, 51.446021767338692 ], [ -2.590917984855899, 51.446581764766002 ], [ -2.590887995851608, 51.446721764043922 ], [ -2.590828013478871, 51.447011764050629 ], [ -2.590758031475258, 51.44728176394468 ], [ -2.590738034927037, 51.447341763083585 ], [ -2.590598066970263, 51.447811763301267 ], [ -2.590458129669233, 51.448801761595142 ], [ -2.590548133373744, 51.448861762857206 ], [ -2.590598139435667, 51.448961764121805 ], [ -2.59057814763307, 51.449091763496433 ], [ -2.590418156114311, 51.449201761748782 ], [ -2.590268158014776, 51.44922176099422 ], [ -2.590148157216899, 51.449211759896023 ], [ -2.590018155444362, 51.449161758338676 ], [ -2.58996815510459, 51.449131757998302 ], [ -2.589908151544716, 51.449081757516105 ], [ -2.589368142820385, 51.448871751541681 ], [ -2.588968144458209, 51.448861747989369 ], [ -2.588208152721921, 51.448911741851937 ], [ -2.58759816032663, 51.448961735370752 ], [ -2.587388162861543, 51.448971734140216 ], [ -2.586268174101585, 51.449041723678071 ], [ -2.584548181263427, 51.448951707363968 ], [ -2.584378181820223, 51.448931706764938 ], [ -2.583618168473131, 51.44853169983125 ], [ -2.583508165172997, 51.44847169844514 ], [ -2.583168162026988, 51.448311695129597 ], [ -2.582818157566457, 51.448121692116409 ], [ -2.582388152459166, 51.447861689283812 ], [ -2.582028159846409, 51.447911685305513 ], [ -2.581229553280518, 51.44812102088008 ] ] } },
{ "type": "Feature", "properties": { "OBJECTID": 58, "JOURNEY_LINK_ID": "90", "JOURNEY_LINK_DESCRIPTION": "Bedminster Bridge > St Luke's SB", "JOURNEY_START": "Bedminster Bridge", "JOURNEY_START_DIRECTION_TYPE": "NA", "JOURNEY_END": "St Luke's SB", "JOURNEY_END_DIRECTION_TYPE": "SB", "MINIMUM_PLATE_MATCHES": 1, "CANDIDATE_COUNT": 9, "KPI_PRIORITY_LINK": "No", "JOURNEY_START_DIRECTION_DESC": "None", "JOURNEY_END_DIRECTION_DESC": "South bound", "SHAPESTLength": 714.55980979259823 }, "geometry": { "type": "LineString", "coordinates": [ [ -2.591990719126876, 51.445589225752244 ], [ -2.591697915208419, 51.445641770967406 ], [ -2.591517929155375, 51.445831769325785 ], [ -2.591447934154543, 51.445901769296448 ], [ -2.591287943396394, 51.446011766922815 ], [ -2.591247945417062, 51.446021767338692 ], [ -2.590857948558947, 51.446001763946093 ], [ -2.590717945876904, 51.445931762130357 ], [ -2.590657945497311, 51.445881761970931 ], [ -2.590607931427658, 51.445681761376022 ], [ -2.59077791256354, 51.445421762428701 ], [ -2.59065790370973, 51.445231761595629 ], [ -2.590407903758972, 51.445171758705513 ], [ -2.590177902601952, 51.445111756890142 ], [ -2.589697904457799, 51.445021751881697 ], [ -2.589277906819348, 51.444941748950477 ], [ -2.588357914606159, 51.444821740355636 ], [ -2.586937942077085, 51.444911727517834 ], [ -2.585727976345032, 51.445191718003016 ], [ -2.584928003166235, 51.445481709954649 ], [ -2.584727995749512, 51.445301708747991 ], [ -2.584447986528598, 51.445041706292052 ], [ -2.584447976196155, 51.444811705789682 ], [ -2.584518305728371, 51.444708137890473 ] ] } },
{ "type": "Feature", "properties": { "OBJECTID": 59, "JOURNEY_LINK_ID": "101", "JOURNEY_LINK_DESCRIPTION": "Victoria St SB > M32 OB", "JOURNEY_START": "Victoria St SB", "JOURNEY_START_DIRECTION_TYPE": "SB", "JOURNEY_END": "M32 OB", "JOURNEY_END_DIRECTION_TYPE": "OB", "MINIMUM_PLATE_MATCHES": 1, "CANDIDATE_COUNT": 9, "KPI_PRIORITY_LINK": "No", "JOURNEY_START_DIRECTION_DESC": "South bound", "JOURNEY_END_DIRECTION_DESC": "Outbound", "SHAPESTLength": 1445.2172340342809 }, "geometry": { "type": "LineString", "coordinates": [ [ -2.591570596039391, 51.453698874711783 ], [ -2.591738267751353, 51.453821640129604 ], [ -2.59161826826908, 51.453761641230578 ], [ -2.589528275818774, 51.452911652786028 ], [ -2.589228274419586, 51.452761655154475 ], [ -2.589038274479333, 51.452651656643667 ], [ -2.58831829404552, 51.453181631774271 ], [ -2.588158299532513, 51.453311625667908 ], [ -2.587358319779108, 51.453711604466243 ], [ -2.586488339728242, 51.454061584465634 ], [ -2.585998348807677, 51.454171576715595 ], [ -2.585278359308282, 51.454211568129978 ], [ -2.585158360788204, 51.454211567798922 ], [ -2.584268372772175, 51.454231558672163 ], [ -2.583878376166416, 51.454181556403327 ], [ -2.583868378985425, 51.454241554737465 ], [ -2.583738393538177, 51.454631540437198 ], [ -2.583698405800695, 51.454981527698628 ], [ -2.583708413178124, 51.455201520678195 ], [ -2.583748415976415, 51.455281517612995 ], [ -2.583808418490197, 51.45538151535429 ], [ -2.583988418630656, 51.45546151319666 ], [ -2.584098421392075, 51.455601509214262 ], [ -2.584078426174711, 51.455751503937883 ], [ -2.5840584268916, 51.455781502897807 ], [ -2.584078432817708, 51.455951496563443 ], [ -2.584118436218704, 51.456061493225953 ], [ -2.584598455410037, 51.456921468242037 ], [ -2.584648461480446, 51.457121461965436 ], [ -2.584588477022973, 51.457581444480162 ], [ -2.583798521030299, 51.458671399011799 ], [ -2.583918522491225, 51.459261377706355 ], [ -2.584038520863782, 51.459551367714703 ], [ -2.584098522117101, 51.459791358695028 ], [ -2.58377852979998, 51.459901352075377 ], [ -2.583338543368438, 51.460101340527238 ], [ -2.582898552093865, 51.460291330847696 ], [ -2.582607337849292, 51.460316834814073 ] ] } },
{ "type": "Feature", "properties": { "OBJECTID": 60, "JOURNEY_LINK_ID": "107", "JOURNEY_LINK_DESCRIPTION": "Victoria St SB > 3 Lamps OB", "JOURNEY_START": "Victoria St SB", "JOURNEY_START_DIRECTION_TYPE": "SB", "JOURNEY_END": "3 Lamps OB", "JOURNEY_END_DIRECTION_TYPE": "OB", "MINIMUM_PLATE_MATCHES": 1, "CANDIDATE_COUNT": 9, "KPI_PRIORITY_LINK": "Yes", "JOURNEY_START_DIRECTION_DESC": "South bound", "JOURNEY_END_DIRECTION_DESC": "Outbound", "SHAPESTLength": 1217.3837619770095 }, "geometry": { "type": "LineString", "coordinates": [ [ -2.589679493021144, 51.452910401415828 ], [ -2.589038274479333, 51.452651656643667 ], [ -2.587931249648201, 51.452072138816135 ], [ -2.585071089156171, 51.449586844255101 ], [ -2.584475630695479, 51.448951832488689 ], [ -2.584378181820223, 51.448931706764938 ], [ -2.583618168473131, 51.44853169983125 ], [ -2.583508165172997, 51.44847169844514 ], [ -2.583168162026988, 51.448311695129597 ], [ -2.582818157566457, 51.448121692116409 ], [ -2.582148147492996, 51.447691687042585 ], [ -2.58186814223679, 51.447461684609458 ], [ -2.581708139184438, 51.447341683807409 ], [ -2.581538137337369, 51.447241682374781 ], [ -2.581278135974642, 51.447111681002113 ], [ -2.581018135910965, 51.446981679010527 ], [ -2.580738132945812, 51.446811676234582 ], [ -2.580558131452283, 51.446681675291586 ], [ -2.580428130331522, 51.446581674163319 ], [ -2.580178127091853, 51.446401673385878 ], [ -2.579898126323958, 51.446211671740116 ], [ -2.579698124921363, 51.446071670768994 ], [ -2.579408120311024, 51.445831670380159 ], [ -2.578928112659281, 51.445321667979634 ], [ -2.578708105145705, 51.444981668510451 ], [ -2.578578482296122, 51.444649332257796 ] ] } },
{ "type": "Feature", "properties": { "OBJECTID": 61, "JOURNEY_LINK_ID": "148", "JOURNEY_LINK_DESCRIPTION": "Queens Rd IB > Bond St EB", "JOURNEY_START": "Queens Rd IB", "JOURNEY_START_DIRECTION_TYPE": "IB", "JOURNEY_END": "Bond St EB", "JOURNEY_END_DIRECTION_TYPE": "EB", "MINIMUM_PLATE_MATCHES": 1, "CANDIDATE_COUNT": 9, "KPI_PRIORITY_LINK": "Yes", "JOURNEY_START_DIRECTION_DESC": "Inbound", "JOURNEY_END_DIRECTION_DESC": "East bound", "SHAPESTLength": 1875.2501116162966 }, "geometry": { "type": "LineString", "coordinates": [ [ -2.608767085703593, 51.45780086953679 ], [ -2.608597809720085, 51.457601643131284 ], [ -2.608397821745799, 51.457431649040139 ], [ -2.608187831218034, 51.457291652610692 ], [ -2.607457868462566, 51.456891662194622 ], [ -2.606747902267102, 51.456541668773539 ], [ -2.606127931605539, 51.456281674299362 ], [ -2.605987936809973, 51.456221675513795 ], [ -2.604597994340518, 51.455921675926461 ], [ -2.60424800769819, 51.455851674464874 ], [ -2.603898020812759, 51.455781674664117 ], [ -2.603608032506329, 51.455701675510717 ], [ -2.602458077895033, 51.455421676895291 ], [ -2.601248122776889, 51.455371668449459 ], [ -2.600118163008347, 51.455491654910894 ], [ -2.599778172755897, 51.45555165029586 ], [ -2.599518175892945, 51.455641644751751 ], [ -2.599418177800994, 51.455691642702057 ], [ -2.598888187762517, 51.455951628230963 ], [ -2.598578193758572, 51.456111620048887 ], [ -2.59772821179261, 51.456771587696409 ], [ -2.597558215717919, 51.4569315807327 ], [ -2.597458218397038, 51.457041576785244 ], [ -2.597158226077475, 51.45734156268545 ], [ -2.59668824027492, 51.457811542120503 ], [ -2.596508243400656, 51.457981534159003 ], [ -2.595808255122922, 51.458721500748993 ], [ -2.595468257680013, 51.459011486489558 ], [ -2.595368258197184, 51.459081482701414 ], [ -2.594278272468269, 51.459761446630843 ], [ -2.593928279360411, 51.459811442342122 ], [ -2.593828282270338, 51.459841439983279 ], [ -2.593608288699924, 51.459831438626402 ], [ -2.593548289907892, 51.459831437281913 ], [ -2.593158298283976, 51.459821435009431 ], [ -2.59276830828757, 51.459811432331733 ], [ -2.592458317635084, 51.459791429763115 ], [ -2.59118834895967, 51.459661424584461 ], [ -2.59106835221379, 51.459711421050159 ], [ -2.590968353320749, 51.459741418948489 ], [ -2.590508365059004, 51.459811413182138 ], [ -2.590378367740681, 51.45978141287209 ], [ -2.590318368399685, 51.459761412631792 ], [ -2.590268370110322, 51.459741414060339 ], [ -2.589268396470326, 51.459391418311299 ], [ -2.588028425897105, 51.459421406386518 ], [ -2.587078447591669, 51.459431397735337 ], [ -2.586938451853469, 51.459411397908561 ], [ -2.586616397472877, 51.459364888062623 ] ] } },
{ "type": "Feature", "properties": { "OBJECTID": 62, "JOURNEY_LINK_ID": "154", "JOURNEY_LINK_DESCRIPTION": "Stokes Croft IB > St Michael's Hill NB", "JOURNEY_START": "Stokes Croft IB", "JOURNEY_START_DIRECTION_TYPE": "IB", "JOURNEY_END": "St Michael's Hill NB", "JOURNEY_END_DIRECTION_TYPE": "NB", "MINIMUM_PLATE_MATCHES": 1, "CANDIDATE_COUNT": 9, "KPI_PRIORITY_LINK": "No", "JOURNEY_START_DIRECTION_DESC": "Inbound", "JOURNEY_END_DIRECTION_DESC": "North bound", "SHAPESTLength": 1235.7538398412496 }, "geometry": { "type": "LineString", "coordinates": [ [ -2.589989247201167, 51.462929556811709 ], [ -2.589848359005769, 51.463231274964009 ], [ -2.589918359121681, 51.462931287287745 ], [ -2.590238489034733, 51.46215744994651 ], [ -2.590612537787492, 51.461544890934228 ], [ -2.590888345711138, 51.46109136599474 ], [ -2.590858349151812, 51.460451391650345 ], [ -2.590508365059004, 51.459811413182138 ], [ -2.59009837542298, 51.459451423522765 ], [ -2.590668364891235, 51.459141440037037 ], [ -2.590978358498301, 51.459101444751511 ], [ -2.591378345304778, 51.459481432430216 ], [ -2.592030677433244, 51.459648538553836 ], [ -2.593158298283976, 51.459821435009431 ], [ -2.593928279360411, 51.459811442342122 ], [ -2.594278272468269, 51.459761446630843 ], [ -2.595368258197184, 51.459081482701414 ], [ -2.595468257680013, 51.459011486489558 ], [ -2.595808255122922, 51.458721500748993 ], [ -2.596508243400656, 51.457981534159003 ], [ -2.597558215717919, 51.4569315807327 ], [ -2.597788212997007, 51.457051578898572 ], [ -2.59790241782112, 51.45712106345735 ] ] } },
{ "type": "Feature", "properties": { "OBJECTID": 63, "JOURNEY_LINK_ID": "163", "JOURNEY_LINK_DESCRIPTION": "Filton Rd/Monks Park Ave SB > M32 J2/Muller Rd EB", "JOURNEY_START": "Filton Rd/Monks Park Ave SB", "JOURNEY_START_DIRECTION_TYPE": "SB", "JOURNEY_END": "M32 J2/Muller Rd EB", "JOURNEY_END_DIRECTION_TYPE": "EB", "MINIMUM_PLATE_MATCHES": 1, "CANDIDATE_COUNT": 9, "KPI_PRIORITY_LINK": "Yes", "JOURNEY_START_DIRECTION_DESC": "South bound", "JOURNEY_END_DIRECTION_DESC": "East bound", "SHAPESTLength": 3327.2576121338057 }, "geometry": { "type": "LineString", "coordinates": [ [ -2.580442151479301, 51.497748428517525 ], [ -2.580488548739597, 51.497541391767065 ], [ -2.580728543666114, 51.497121392051582 ], [ -2.581308535750296, 51.49612139204639 ], [ -2.581988521955168, 51.49487139104312 ], [ -2.582548507544964, 51.493801391178025 ], [ -2.582838501071489, 51.493321390530269 ], [ -2.583088493304563, 51.492971390473365 ], [ -2.583228490640711, 51.492801389125709 ], [ -2.583628477187607, 51.492341388704737 ], [ -2.584068458758308, 51.491891388267959 ], [ -2.584628431938237, 51.491351385363167 ], [ -2.585138395332972, 51.490551379789707 ], [ -2.585018380713271, 51.489731374642332 ], [ -2.58481838565942, 51.48962137441751 ], [ -2.584568390121888, 51.489461374036772 ], [ -2.582128442859556, 51.488421370201344 ], [ -2.580998462662532, 51.487831365792175 ], [ -2.580788466534147, 51.487671365325006 ], [ -2.580568468681566, 51.48749136471141 ], [ -2.580018474320555, 51.486861359577127 ], [ -2.579708474545001, 51.486251356638633 ], [ -2.579638473695432, 51.485961353748259 ], [ -2.579558465772344, 51.485301349429072 ], [ -2.579408446345365, 51.483141329290362 ], [ -2.579208462513584, 51.482621312478848 ], [ -2.578938479034867, 51.482261300798768 ], [ -2.578798487473218, 51.482101296309935 ], [ -2.577318560369452, 51.481051262852567 ], [ -2.5769085816445, 51.480781255204668 ], [ -2.576248612381231, 51.480361243322136 ], [ -2.573748740969499, 51.478731198115717 ], [ -2.572448808670679, 51.477911178508016 ], [ -2.571908834904833, 51.477611172211489 ], [ -2.57154885288527, 51.477411167462606 ], [ -2.571328864237546, 51.477301164666699 ], [ -2.571008879968916, 51.477151162067358 ], [ -2.56992893334276, 51.476671152378024 ], [ -2.569828936937564, 51.476641151260949 ], [ -2.569358958732074, 51.476481148672399 ], [ -2.568638991952641, 51.476261145943909 ], [ -2.567469045482838, 51.475951142310961 ], [ -2.567039065070041, 51.475831140838885 ], [ -2.56668908108313, 51.475741139723922 ], [ -2.566159092983403, 51.475621146855168 ], [ -2.565459107537105, 51.475481157616379 ], [ -2.563679141962478, 51.475211189349864 ], [ -2.563448748845897, 51.475164617430899 ] ] } },
{ "type": "Feature", "properties": { "OBJECTID": 64, "JOURNEY_LINK_ID": "170", "JOURNEY_LINK_DESCRIPTION": "M32 J3/Lower Ashley Rd EB > Fishponds Rd/Coombe Rd EB", "JOURNEY_START": "M32 J3/Lower Ashley Rd EB", "JOURNEY_START_DIRECTION_TYPE": "EB", "JOURNEY_END": "Fishponds Rd/Coombe Rd EB", "JOURNEY_END_DIRECTION_TYPE": "EB", "MINIMUM_PLATE_MATCHES": 1, "CANDIDATE_COUNT": 9, "KPI_PRIORITY_LINK": "No", "JOURNEY_START_DIRECTION_DESC": "East bound", "JOURNEY_END_DIRECTION_DESC": "East bound", "SHAPESTLength": 2070.6998649336588 }, "geometry": { "type": "LineString", "coordinates": [ [ -2.576511712553364, 51.466189505474034 ], [ -2.576658790563552, 51.466261109018284 ], [ -2.57719877456491, 51.46632110795003 ], [ -2.576658790563552, 51.466261109018284 ], [ -2.576098804958586, 51.466231111215741 ], [ -2.575708816199096, 51.46623111071461 ], [ -2.575408826520621, 51.466281109718537 ], [ -2.575078834791162, 51.466241110633035 ], [ -2.574548845383279, 51.465991118500902 ], [ -2.574358843164346, 51.465701127597022 ], [ -2.573708855479584, 51.465451134816355 ], [ -2.572788867509244, 51.464971148539711 ], [ -2.572232562664173, 51.464590899828266 ], [ -2.571638873118417, 51.464111171742971 ], [ -2.571118868454321, 51.463521186047906 ], [ -2.570938865489237, 51.463271192566033 ], [ -2.570494249313126, 51.463767804841424 ], [ -2.569467181924923, 51.465428554350218 ], [ -2.568641198941439, 51.466595381066973 ], [ -2.568296030057664, 51.467049121522479 ], [ -2.568043597028854, 51.467379713804227 ], [ -2.567419655790537, 51.467796516791388 ], [ -2.566733233576148, 51.468211903348731 ], [ -2.565171795436118, 51.469700136060695 ], [ -2.564235073159165, 51.470124970311829 ], [ -2.562804992844836, 51.470558846644614 ], [ -2.56219743091699, 51.470762906651949 ], [ -2.559878042195418, 51.471835544562865 ], [ -2.559217125319943, 51.472114680097825 ], [ -2.55827052852282, 51.472803253881523 ] ] } },
{ "type": "Feature", "properties": { "OBJECTID": 65, "JOURNEY_LINK_ID": "178", "JOURNEY_LINK_DESCRIPTION": "Easton Way NB > Fishponds Rd/Coombe Rd EB", "JOURNEY_START": "Easton Way NB", "JOURNEY_START_DIRECTION_TYPE": "NB", "JOURNEY_END": "Fishponds Rd/Coombe Rd EB", "JOURNEY_END_DIRECTION_TYPE": "EB", "MINIMUM_PLATE_MATCHES": 1, "CANDIDATE_COUNT": 9, "KPI_PRIORITY_LINK": "Yes", "JOURNEY_START_DIRECTION_DESC": "North bound", "JOURNEY_END_DIRECTION_DESC": "East bound", "SHAPESTLength": 1632.7943143387645 }, "geometry": { "type": "LineString", "coordinates": [ [ -2.570633904546665, 51.462071643727967 ], [ -2.570758840390353, 51.462331217851151 ], [ -2.570778843983985, 51.462421215169861 ], [ -2.570928850939161, 51.462791205680347 ], [ -2.571088856726006, 51.463091197849884 ], [ -2.570494249313126, 51.463767804841424 ], [ -2.569996739629905, 51.464571116386068 ], [ -2.569211206080453, 51.465843010098794 ], [ -2.568475315124547, 51.466814328623215 ], [ -2.568002157348197, 51.467433982763062 ], [ -2.567286516333207, 51.467887933731703 ], [ -2.56659695602401, 51.468291700432104 ], [ -2.56617513082803, 51.468744238301468 ], [ -2.565620764577983, 51.469280840811464 ], [ -2.565171795436118, 51.469700136060695 ], [ -2.564720548784251, 51.469935903606398 ], [ -2.563896334276945, 51.470256890323249 ], [ -2.563177317435016, 51.470443885440943 ], [ -2.562299037926239, 51.470715064510863 ], [ -2.561475609161141, 51.471102771643046 ], [ -2.560439473327265, 51.471574916165132 ], [ -2.559217125319943, 51.472114680097825 ], [ -2.557555414758032, 51.473221558177258 ] ] } },
{ "type": "Feature", "properties": { "OBJECTID": 66, "JOURNEY_LINK_ID": "183", "JOURNEY_LINK_DESCRIPTION": "Easton Way SB > Church Rd OB", "JOURNEY_START": "Easton Way SB", "JOURNEY_START_DIRECTION_TYPE": "SB", "JOURNEY_END": "Church Rd OB", "JOURNEY_END_DIRECTION_TYPE": "OB", "MINIMUM_PLATE_MATCHES": 1, "CANDIDATE_COUNT": 9, "KPI_PRIORITY_LINK": "Yes", "JOURNEY_START_DIRECTION_DESC": "South bound", "JOURNEY_END_DIRECTION_DESC": "Outbound", "SHAPESTLength": 2253.9575264500713 }, "geometry": { "type": "LineString", "coordinates": [ [ -2.570964794195512, 51.463347260473959 ], [ -2.570488844741614, 51.462281217813619 ], [ -2.570408812284728, 51.461161246746187 ], [ -2.570488794884263, 51.460671260324659 ], [ -2.570548782210076, 51.460311270286162 ], [ -2.570628768540146, 51.459881281753162 ], [ -2.570538751595772, 51.459301295977482 ], [ -2.570248747889478, 51.459071301040879 ], [ -2.56989874415538, 51.458751306589953 ], [ -2.569578743685383, 51.45858130894942 ], [ -2.568998745130804, 51.458371311048161 ], [ -2.567818756558482, 51.458231306661688 ], [ -2.567638758198523, 51.458201305835928 ], [ -2.567488759414326, 51.458181305331038 ], [ -2.566458776692435, 51.458061305905836 ], [ -2.565878803004177, 51.458021313156458 ], [ -2.565648813339543, 51.458011317056418 ], [ -2.565368825572484, 51.457981320527992 ], [ -2.564928844188673, 51.457941326229161 ], [ -2.564658857905072, 51.457931329978585 ], [ -2.564438868260039, 51.457921332910495 ], [ -2.564198878659635, 51.457911335305887 ], [ -2.562738949729487, 51.45788135291015 ], [ -2.562388965772113, 51.457881356937015 ], [ -2.561559009714359, 51.457931364828667 ], [ -2.561399017808417, 51.457951366861138 ], [ -2.559359136053869, 51.458361381514102 ], [ -2.558709170305063, 51.458501387063905 ], [ -2.558469183369581, 51.458551389837737 ], [ -2.558379188395111, 51.458571390155619 ], [ -2.557839216960144, 51.45869139594064 ], [ -2.557619228481521, 51.458741397224067 ], [ -2.557259247605339, 51.458811400943368 ], [ -2.556659277819049, 51.458921407929246 ], [ -2.556199300714884, 51.459011412271437 ], [ -2.555979311554132, 51.459051414671919 ], [ -2.555429339282314, 51.459151421457008 ], [ -2.555329344414317, 51.459171422334521 ], [ -2.554809371155047, 51.459271428092677 ], [ -2.553809419638455, 51.459451439596698 ], [ -2.550849558851488, 51.459661478830448 ], [ -2.548339632491762, 51.45945151680484 ], [ -2.54737965210851, 51.459631531624574 ], [ -2.546709666316601, 51.459801542307929 ], [ -2.546349670937608, 51.459891548001011 ], [ -2.545929680051994, 51.459961553967219 ], [ -2.545934162001398, 51.459968030543386 ] ] } },
{ "type": "Feature", "properties": { "OBJECTID": 67, "JOURNEY_LINK_ID": "184", "JOURNEY_LINK_DESCRIPTION": "Easton Way SB > Bath Rd/Kings Rd SB", "JOURNEY_START": "Easton Way SB", "JOURNEY_START_DIRECTION_TYPE": "SB", "JOURNEY_END": "Bath Rd/Kings Rd SB", "JOURNEY_END_DIRECTION_TYPE": "SB", "MINIMUM_PLATE_MATCHES": 1, "CANDIDATE_COUNT": 9, "KPI_PRIORITY_LINK": "Yes", "JOURNEY_START_DIRECTION_DESC": "South bound", "JOURNEY_END_DIRECTION_DESC": "South bound", "SHAPESTLength": 2983.0229292750155 }, "geometry": { "type": "LineString", "coordinates": [ [ -2.570934326009783, 51.463169543765098 ], [ -2.570488844741614, 51.462281217813619 ], [ -2.570408812284728, 51.461161246746187 ], [ -2.570488794884263, 51.460671260324659 ], [ -2.570548782210076, 51.460311270286162 ], [ -2.570628768540146, 51.459881281753162 ], [ -2.570538751595772, 51.459301295977482 ], [ -2.570248747889478, 51.459071301040879 ], [ -2.56989874415538, 51.458751306589953 ], [ -2.569898733211432, 51.458441314723252 ], [ -2.57028872163918, 51.458271321439163 ], [ -2.570678711696562, 51.458161327918937 ], [ -2.570938682471776, 51.457591346664209 ], [ -2.57090866972006, 51.457291355196276 ], [ -2.570898666525383, 51.457241355987314 ], [ -2.570458644483042, 51.456561373755953 ], [ -2.57022863320094, 51.456231381702203 ], [ -2.570058617984109, 51.455861390538246 ], [ -2.57000858000058, 51.454991416366646 ], [ -2.569938568393561, 51.454701424299977 ], [ -2.569858561773109, 51.454521428427903 ], [ -2.569718552212083, 51.454291433925036 ], [ -2.569598546625722, 51.454131437328527 ], [ -2.569438540146298, 51.453941441432875 ], [ -2.568968519957063, 51.453381454160947 ], [ -2.568728510297189, 51.453091460019543 ], [ -2.567998482911202, 51.452341474447415 ], [ -2.567668474202212, 51.452061479125533 ], [ -2.565838464049371, 51.450781509698132 ], [ -2.563358544610053, 51.449371551844472 ], [ -2.562178588471046, 51.448421570086758 ], [ -2.561688602786805, 51.447801581615899 ], [ -2.560978622797295, 51.446911598770718 ], [ -2.560898623062088, 51.446811600744979 ], [ -2.560568633575348, 51.446591605660302 ], [ -2.560278644765443, 51.446491609003623 ], [ -2.560198644831672, 51.446371610952049 ], [ -2.560208644440595, 51.446241612130713 ], [ -2.560018647063196, 51.445961617967185 ], [ -2.559808650465374, 51.44568162361174 ], [ -2.559748651330716, 51.445601625021496 ], [ -2.559438657429795, 51.445231631800723 ], [ -2.559248658959488, 51.444971636713085 ], [ -2.558958668566636, 51.444871640270833 ], [ -2.558828668544259, 51.44467164395347 ], [ -2.559018657624713, 51.444451646474946 ], [ -2.559588637219116, 51.444461642878196 ], [ -2.560068617629936, 51.444371641525713 ], [ -2.560648592951724, 51.444141641032331 ], [ -2.561078572106614, 51.443871642314356 ], [ -2.56123856373927, 51.443671644063436 ], [ -2.561368554643412, 51.443311649064 ], [ -2.5613185513463, 51.442991653968079 ], [ -2.561258551120095, 51.442861656379414 ], [ -2.561138552167416, 51.442641659257418 ], [ -2.561008554537122, 51.442441664394885 ], [ -2.560898555707583, 51.442321666305588 ], [ -2.56072855765094, 51.442111670701323 ], [ -2.560448562800475, 51.441881675871493 ], [ -2.560198567600883, 51.441671680090728 ], [ -2.560028579866189, 51.441521681690411 ], [ -2.559948586865825, 51.44144168251831 ], [ -2.559778607160206, 51.441111684811681 ], [ -2.559568634244057, 51.440711686656698 ], [ -2.55954656638312, 51.440567025979398 ] ] } },
{ "type": "Feature", "properties": { "OBJECTID": 68, "JOURNEY_LINK_ID": "214", "JOURNEY_LINK_DESCRIPTION": "Winterstoke Rd NB > Portway/Pumping Stn OB", "JOURNEY_START": "Winterstoke Rd NB", "JOURNEY_START_DIRECTION_TYPE": "NB", "JOURNEY_END": "Portway/Pumping Stn OB", "JOURNEY_END_DIRECTION_TYPE": "OB", "MINIMUM_PLATE_MATCHES": 1, "CANDIDATE_COUNT": 9, "KPI_PRIORITY_LINK": "Yes", "JOURNEY_START_DIRECTION_DESC": "North bound", "JOURNEY_END_DIRECTION_DESC": "Outbound", "SHAPESTLength": 4063.3116289161317 }, "geometry": { "type": "LineString", "coordinates": [ [ -2.61043156448212, 51.433035896162927 ], [ -2.610856403568021, 51.433261533801257 ], [ -2.612186442031228, 51.433881580716388 ], [ -2.613416473196797, 51.434321618965946 ], [ -2.61431646788624, 51.43443163646289 ], [ -2.614376458049675, 51.434361633110662 ], [ -2.614526455751248, 51.434371635737619 ], [ -2.614836454990777, 51.434411642645131 ], [ -2.615806451497794, 51.434531661754122 ], [ -2.616456450222052, 51.434621674385475 ], [ -2.616726456803237, 51.434661681386999 ], [ -2.617066487244169, 51.434711696639617 ], [ -2.617426509766281, 51.434701709530444 ], [ -2.617486507821908, 51.434661710801315 ], [ -2.617676522008794, 51.434661717377303 ], [ -2.617766538331712, 51.434751724579641 ], [ -2.618236584142243, 51.434861748009503 ], [ -2.618436603486842, 51.434911757646574 ], [ -2.618696634320498, 51.435031772787134 ], [ -2.618996685964792, 51.435291793982493 ], [ -2.619416742289689, 51.435561820316721 ], [ -2.620206862158917, 51.436241873764303 ], [ -2.620336887821398, 51.436431884626145 ], [ -2.620396902521366, 51.436531890679554 ], [ -2.620476917637742, 51.436651897449408 ], [ -2.620556934205562, 51.436761903216798 ], [ -2.620816988302577, 51.437161925540678 ], [ -2.621117049802018, 51.437641950985828 ], [ -2.621317085218739, 51.437931965653512 ], [ -2.621517095370123, 51.437961972033534 ], [ -2.621547104205897, 51.438031975934614 ], [ -2.622407180544355, 51.438522011716167 ], [ -2.622637196989973, 51.438632021078973 ], [ -2.623277249198442, 51.439012046129641 ], [ -2.623297252524048, 51.439032046755564 ], [ -2.623467268771267, 51.439182054810793 ], [ -2.623677291698601, 51.439402064796774 ], [ -2.624047331178954, 51.439792081855877 ], [ -2.624567384717416, 51.440402105118565 ], [ -2.6246873997387, 51.440592111766328 ], [ -2.62498745173171, 51.441332131436099 ], [ -2.624677471522589, 51.441682133528779 ], [ -2.62428746869054, 51.441882125397413 ], [ -2.623457466678764, 51.442452106526602 ], [ -2.623057467091632, 51.442962094860746 ], [ -2.622887470745738, 51.443192090522544 ], [ -2.622657472192838, 51.443652082774797 ], [ -2.622647475861993, 51.444022077684536 ], [ -2.622727476941934, 51.444212076020406 ], [ -2.623117477127296, 51.444732072113588 ], [ -2.624087467539854, 51.445692066186716 ], [ -2.624247464408477, 51.446132060689052 ], [ -2.624077466270391, 51.4465820541201 ], [ -2.623417483682665, 51.447442037971065 ], [ -2.622857502521557, 51.448162026592627 ], [ -2.622387521383208, 51.44880201718334 ], [ -2.622317525776593, 51.448892016424388 ], [ -2.622287529388878, 51.449202013103928 ], [ -2.622457525692264, 51.449412010151107 ], [ -2.623077504311849, 51.449672007387598 ], [ -2.623587485588571, 51.449772005921453 ], [ -2.623797477233511, 51.449822005165352 ], [ -2.624407450642152, 51.450032001841102 ], [ -2.624857418174822, 51.450391988829864 ], [ -2.625017403200476, 51.450601981086507 ], [ -2.625107391599641, 51.450761975732377 ], [ -2.625297369909581, 51.451091964442654 ], [ -2.625947303769153, 51.451991932899418 ], [ -2.626557235769776, 51.452961900270729 ], [ -2.626837188580708, 51.453731874620161 ], [ -2.626907176077974, 51.453971866324672 ], [ -2.627087108732111, 51.455261821625079 ], [ -2.627117105883795, 51.45531182096078 ], [ -2.627617057061656, 51.45592180160196 ], [ -2.628157013775505, 51.456351788165037 ], [ -2.629036949211023, 51.456921771818692 ], [ -2.62922693080404, 51.457121766731731 ], [ -2.629426913353234, 51.457311759767521 ], [ -2.629536902661093, 51.457441756184934 ], [ -2.62998683263238, 51.45852172255146 ], [ -2.629866815670133, 51.459111702132319 ], [ -2.629676775099313, 51.46033166035766 ], [ -2.629846732608316, 51.461211630400996 ], [ -2.630125415113197, 51.461787151052505 ] ] } },
{ "type": "Feature", "properties": { "OBJECTID": 69, "JOURNEY_LINK_ID": "222", "JOURNEY_LINK_DESCRIPTION": "Wells Rd IB > St Luke's Rd NB", "JOURNEY_START": "Wells Rd IB", "JOURNEY_START_DIRECTION_TYPE": "IB", "JOURNEY_END": "St Luke's Rd NB", "JOURNEY_END_DIRECTION_TYPE": "NB", "MINIMUM_PLATE_MATCHES": 1, "CANDIDATE_COUNT": 9, "KPI_PRIORITY_LINK": "No", "JOURNEY_START_DIRECTION_DESC": "Inbound", "JOURNEY_END_DIRECTION_DESC": "North bound", "SHAPESTLength": 3422.8839434571182 }, "geometry": { "type": "LineString", "coordinates": [ [ -2.563385085538373, 51.425726235828797 ], [ -2.563369515704925, 51.425791721811898 ], [ -2.563929400124613, 51.427331697532807 ], [ -2.563929380018295, 51.427611695327442 ], [ -2.563949351194699, 51.427981691885151 ], [ -2.563879243119717, 51.429401680320048 ], [ -2.56430917820317, 51.430231666321944 ], [ -2.564539145183251, 51.43066165981822 ], [ -2.564639119475761, 51.430961655866128 ], [ -2.564989030791702, 51.432091640894186 ], [ -2.565188988707567, 51.432591635378472 ], [ -2.565828915221139, 51.433471620331666 ], [ -2.565968903843329, 51.433641619250459 ], [ -2.566168886593962, 51.433871616894535 ], [ -2.566298873287739, 51.434031615912716 ], [ -2.566538853703094, 51.434311613463933 ], [ -2.566828819013211, 51.434661611682998 ], [ -2.567078787631056, 51.434921609903725 ], [ -2.567238770253462, 51.435061609299417 ], [ -2.575644840543117, 51.43559995935631 ], [ -2.579112156895527, 51.434432426039912 ], [ -2.580186815399272, 51.435136065108772 ], [ -2.580987248658797, 51.435823924823431 ], [ -2.582145157192576, 51.436484309224056 ], [ -2.583956375016309, 51.437031998277526 ], [ -2.584347811117877, 51.437491544007671 ], [ -2.582897877082823, 51.438231568608771 ], [ -2.582387895753759, 51.438771590392278 ], [ -2.582127900487598, 51.439471614677529 ], [ -2.582057898362485, 51.439981632035185 ], [ -2.581957898733299, 51.440461649667462 ], [ -2.581527911470637, 51.440681656673341 ], [ -2.581687902929048, 51.441031668011433 ], [ -2.582987862530817, 51.441811694488656 ], [ -2.583427865619015, 51.442151696408615 ], [ -2.584357894220316, 51.443111704761741 ], [ -2.58472792945074, 51.443971707795427 ], [ -2.584707950305364, 51.444361707663774 ], [ -2.584617960815851, 51.444571708056614 ], [ -2.584440813940523, 51.444789929485751 ] ] } },
{ "type": "Feature", "properties": { "OBJECTID": 70, "JOURNEY_LINK_ID": "231", "JOURNEY_LINK_DESCRIPTION": "Portway P&R IB > Portway/Pumping Stn IB", "JOURNEY_START": "Portway P&R IB", "JOURNEY_START_DIRECTION_TYPE": "IB", "JOURNEY_END": "Portway/Pumping Stn IB", "JOURNEY_END_DIRECTION_TYPE": "IB", "MINIMUM_PLATE_MATCHES": 1, "CANDIDATE_COUNT": 9, "KPI_PRIORITY_LINK": "Yes", "JOURNEY_START_DIRECTION_DESC": "Inbound", "JOURNEY_END_DIRECTION_DESC": "Inbound", "SHAPESTLength": 6501.4984713717849 }, "geometry": { "type": "LineString", "coordinates": [ [ -2.689101597631899, 51.4928113336371 ], [ -2.689136337056912, 51.492321602773814 ], [ -2.689106345233889, 51.49216160063515 ], [ -2.689086348191871, 51.492091599766987 ], [ -2.688886372023247, 51.491621589158392 ], [ -2.688366434911951, 51.490761560047375 ], [ -2.687996462579651, 51.490361546076109 ], [ -2.68755649729101, 51.489891528831272 ], [ -2.687076535868256, 51.489361507977328 ], [ -2.686316583050945, 51.488711482652917 ], [ -2.686016601297532, 51.488471472801237 ], [ -2.685756617606065, 51.488261465007291 ], [ -2.68238678752487, 51.4859813663221 ], [ -2.681136825573873, 51.485431340244013 ], [ -2.679666844447641, 51.485151321121307 ], [ -2.678606844800639, 51.485091311198275 ], [ -2.677626842618521, 51.485111305002974 ], [ -2.677316840416489, 51.485131303569538 ], [ -2.675556819023208, 51.48541129907484 ], [ -2.673836784222253, 51.485901302609378 ], [ -2.669216693495414, 51.48734131363814 ], [ -2.668936688468024, 51.487431314888518 ], [ -2.66808667450675, 51.487661315190131 ], [ -2.667456667716054, 51.487791315262591 ], [ -2.666656656997465, 51.488021317463414 ], [ -2.663036573857852, 51.488501325700341 ], [ -2.659786530139247, 51.488241314555545 ], [ -2.657736500527103, 51.487741301896698 ], [ -2.657166491788145, 51.487521296954299 ], [ -2.656686481503579, 51.48734129405274 ], [ -2.65585646219794, 51.48688128690079 ], [ -2.653566386926983, 51.485431268907689 ], [ -2.651256257755558, 51.483381254977388 ], [ -2.65089625332215, 51.48304125717091 ], [ -2.649616257278383, 51.481981261445327 ], [ -2.648596299259558, 51.48096126186114 ], [ -2.64808632094606, 51.480371262406237 ], [ -2.648036322632316, 51.480311261615356 ], [ -2.647826339341005, 51.479841262016976 ], [ -2.647766364397322, 51.478971261443164 ], [ -2.647846376439443, 51.478641261400284 ], [ -2.648046391342347, 51.478181261014221 ], [ -2.648536436403012, 51.476901259439153 ], [ -2.648716466927869, 51.476051258835838 ], [ -2.648466501451135, 51.474931258864387 ], [ -2.647686539526176, 51.473741282394741 ], [ -2.646756554648913, 51.472951298592896 ], [ -2.646416554959063, 51.472751302588996 ], [ -2.644806551361736, 51.471871324425038 ], [ -2.642866534333238, 51.471041346002458 ], [ -2.642506529351751, 51.470911349443234 ], [ -2.642086523181673, 51.470761353357453 ], [ -2.639566473762248, 51.470191373021919 ], [ -2.639406470822663, 51.470161375550646 ], [ -2.63757642773791, 51.469881387135558 ], [ -2.636986413935863, 51.469731392879396 ], [ -2.635726390587962, 51.469141408696004 ], [ -2.635236379251886, 51.468941414833402 ], [ -2.634906371237211, 51.468791419668676 ], [ -2.633716343733154, 51.468221436279592 ], [ -2.633346335866153, 51.467971443584368 ], [ -2.633126347034802, 51.467811445193625 ], [ -2.632416389827857, 51.467141454581018 ], [ -2.631736458848137, 51.465901484661345 ], [ -2.631416522123878, 51.464701522219151 ], [ -2.631256546550202, 51.464271535874438 ], [ -2.630976584393878, 51.463661553963021 ], [ -2.630666622757679, 51.463041573669955 ], [ -2.630376658753725, 51.462471590557101 ], [ -2.63002433406784, 51.461842274173463 ] ] } },
{ "type": "Feature", "properties": { "OBJECTID": 71, "JOURNEY_LINK_ID": "7", "JOURNEY_LINK_DESCRIPTION": "Bedminster Parade IB > M32 OB", "JOURNEY_START": "Bedminster Parade IB", "JOURNEY_START_DIRECTION_TYPE": "IB", "JOURNEY_END": "M32 OB", "JOURNEY_END_DIRECTION_TYPE": "OB", "MINIMUM_PLATE_MATCHES": 1, "CANDIDATE_COUNT": 9, "KPI_PRIORITY_LINK": "Yes", "JOURNEY_START_DIRECTION_DESC": "Inbound", "JOURNEY_END_DIRECTION_DESC": "Outbound", "SHAPESTLength": 2436.0268207645095 }, "geometry": { "type": "LineString", "coordinates": [ [ -2.593464000277563, 51.444029454840035 ], [ -2.592687840861013, 51.444771778608924 ], [ -2.592327859339358, 51.444931775657132 ], [ -2.592067868611722, 51.445041773501138 ], [ -2.59175788998949, 51.445291771652499 ], [ -2.591777892799078, 51.445341771282308 ], [ -2.591697915208419, 51.445641770967406 ], [ -2.591517929155375, 51.445831769325785 ], [ -2.591447934154543, 51.445901769296448 ], [ -2.591287943396394, 51.446011766922815 ], [ -2.591247945417062, 51.446021767338692 ], [ -2.590917984855899, 51.446581764766002 ], [ -2.590738034927037, 51.447341763083585 ], [ -2.590598066970263, 51.447811763301267 ], [ -2.590458129669233, 51.448801761595142 ], [ -2.590548133373744, 51.448861762857206 ], [ -2.590598139435667, 51.448961764121805 ], [ -2.59057814763307, 51.449091763496433 ], [ -2.590418156114311, 51.449201761748782 ], [ -2.590268158014776, 51.44922176099422 ], [ -2.590148157216899, 51.449211759896023 ], [ -2.590018155444362, 51.449161758338676 ], [ -2.58996815510459, 51.449131757998302 ], [ -2.589908151544716, 51.449081757516105 ], [ -2.589368142820385, 51.448871751541681 ], [ -2.588968144458209, 51.448861747989369 ], [ -2.588208152721921, 51.448911741851937 ], [ -2.587388162861543, 51.448971734140216 ], [ -2.586268174101585, 51.449041723678071 ], [ -2.584548181263427, 51.448951707363968 ], [ -2.584968224747003, 51.449851711840836 ], [ -2.58497823017913, 51.449971711700634 ], [ -2.584988241292634, 51.450341700377876 ], [ -2.584958245467889, 51.450451696511301 ], [ -2.584758266317884, 51.451021674548763 ], [ -2.584658277607832, 51.451391661199217 ], [ -2.584538295237162, 51.451931640763249 ], [ -2.584358321899358, 51.452701612116421 ], [ -2.584308330427295, 51.452961603452273 ], [ -2.584198340635803, 51.453221592242009 ], [ -2.583928365510528, 51.453851569330922 ], [ -2.5836183936301, 51.454571541422517 ], [ -2.583608419906102, 51.455361513267874 ], [ -2.583718427086082, 51.455621505358856 ], [ -2.583858433934296, 51.455901496834102 ], [ -2.584158445415897, 51.456371483397824 ], [ -2.584418452721461, 51.456751472611785 ], [ -2.584648461480446, 51.457121461965436 ], [ -2.584588477022973, 51.457581444480162 ], [ -2.583798521030299, 51.458671399011799 ], [ -2.583918522491225, 51.459261377706355 ], [ -2.584038520863782, 51.459551367714703 ], [ -2.584098522117101, 51.459791358695028 ], [ -2.58377852979998, 51.459901352075377 ], [ -2.583338543368438, 51.460101340527238 ], [ -2.582898552093865, 51.460291330847696 ], [ -2.582611183491157, 51.46028242686797 ] ] } },
{ "type": "Feature", "properties": { "OBJECTID": 72, "JOURNEY_LINK_ID": "11", "JOURNEY_LINK_DESCRIPTION": "M32 IB > Castle St WB", "JOURNEY_START": "M32 IB", "JOURNEY_START_DIRECTION_TYPE": "IB", "JOURNEY_END": "Castle St WB", "JOURNEY_END_DIRECTION_TYPE": "WB", "MINIMUM_PLATE_MATCHES": 1, "CANDIDATE_COUNT": 9, "KPI_PRIORITY_LINK": "Yes", "JOURNEY_START_DIRECTION_DESC": "Inbound", "JOURNEY_END_DIRECTION_DESC": "West bound", "SHAPESTLength": 790.40321613390859 }, "geometry": { "type": "LineString", "coordinates": [ [ -2.58232450857399, 51.460406202099712 ], [ -2.582418560691111, 51.460201331998277 ], [ -2.582548556532237, 51.460091336808617 ], [ -2.583328541006612, 51.459761353315571 ], [ -2.583628532056351, 51.4596713600898 ], [ -2.5837685256529, 51.459421370774109 ], [ -2.583608525778782, 51.458731394851029 ], [ -2.583718521671039, 51.458481405284282 ], [ -2.583798517864655, 51.458371409760176 ], [ -2.58388851340733, 51.458271414584139 ], [ -2.58411850002872, 51.457991426703025 ], [ -2.584438471414813, 51.457321452348033 ], [ -2.584438470414158, 51.457271454417914 ], [ -2.584408462558598, 51.457031462578705 ], [ -2.58398845253682, 51.456501476949242 ], [ -2.583838448767379, 51.456291482954953 ], [ -2.583648443099637, 51.456051489756675 ], [ -2.583548441765847, 51.45593149280274 ], [ -2.583328442023852, 51.455851494060546 ], [ -2.583198435333899, 51.455621501350237 ], [ -2.583228433047212, 51.455551503286188 ], [ -2.583268430146944, 51.455501505612126 ], [ -2.583688418835397, 51.455361514367858 ], [ -2.583808418490197, 51.45538151535429 ], [ -2.583988418630656, 51.45546151319666 ], [ -2.584788406632041, 51.455451519984855 ], [ -2.584918404711467, 51.455471520981732 ], [ -2.585078406656183, 51.455611517763003 ], [ -2.5850070514408, 51.455780896356217 ] ] } },
{ "type": "Feature", "properties": { "OBJECTID": 73, "JOURNEY_LINK_ID": "22", "JOURNEY_LINK_DESCRIPTION": "M32 OB > Easton Way SB", "JOURNEY_START": "M32 OB", "JOURNEY_START_DIRECTION_TYPE": "OB", "JOURNEY_END": "Easton Way SB", "JOURNEY_END_DIRECTION_TYPE": "SB", "MINIMUM_PLATE_MATCHES": 1, "CANDIDATE_COUNT": 9, "KPI_PRIORITY_LINK": "Yes", "JOURNEY_START_DIRECTION_DESC": "Outbound", "JOURNEY_END_DIRECTION_DESC": "South bound", "SHAPESTLength": 1330.1462542349395 }, "geometry": { "type": "LineString", "coordinates": [ [ -2.58266078317009, 51.460339567537169 ], [ -2.582338563888287, 51.460521319918108 ], [ -2.581588582542224, 51.460811305498446 ], [ -2.580818603209352, 51.461251286043144 ], [ -2.579148658870211, 51.462581234389006 ], [ -2.577988702989116, 51.463561198660237 ], [ -2.577798710654555, 51.463741192764687 ], [ -2.577348729250379, 51.464151178155895 ], [ -2.577018747099381, 51.464671160995245 ], [ -2.576808755891567, 51.464851154524204 ], [ -2.576648763647123, 51.4649911501579 ], [ -2.576328778268629, 51.465261141667092 ], [ -2.576088792294929, 51.465611129961871 ], [ -2.576148797019113, 51.46592112085014 ], [ -2.576018805370235, 51.466111114748998 ], [ -2.575708816199096, 51.46623111071461 ], [ -2.575408826520621, 51.466281109718537 ], [ -2.575078834791162, 51.466241110633035 ], [ -2.574548845383279, 51.465991118500902 ], [ -2.574358843164346, 51.465701127597022 ], [ -2.573708855479584, 51.465451134816355 ], [ -2.572788867509244, 51.464971148539711 ], [ -2.571998872922051, 51.464431163123869 ], [ -2.571638873118417, 51.464111171742971 ], [ -2.571468873373551, 51.46394117562653 ], [ -2.571118868454321, 51.463521186047906 ], [ -2.570945871458899, 51.463248877492312 ] ] } },
{ "type": "Feature", "properties": { "OBJECTID": 74, "JOURNEY_LINK_ID": "24", "JOURNEY_LINK_DESCRIPTION": "M32 OB > M32 J2/Muller Rd WB", "JOURNEY_START": "M32 OB", "JOURNEY_START_DIRECTION_TYPE": "OB", "JOURNEY_END": "M32 J2/Muller Rd WB", "JOURNEY_END_DIRECTION_TYPE": "WB", "MINIMUM_PLATE_MATCHES": 1, "CANDIDATE_COUNT": 9, "KPI_PRIORITY_LINK": "Yes", "JOURNEY_START_DIRECTION_DESC": "Outbound", "JOURNEY_END_DIRECTION_DESC": "West bound", "SHAPESTLength": 2418.0843290298899 }, "geometry": { "type": "LineString", "coordinates": [ [ -2.582671491037209, 51.460389997742709 ], [ -2.582338563888287, 51.460521319918108 ], [ -2.581588582542224, 51.460811305498446 ], [ -2.580818603209352, 51.461251286043144 ], [ -2.579148658870211, 51.462581234389006 ], [ -2.577988702989116, 51.463561198660237 ], [ -2.577798710654555, 51.463741192764687 ], [ -2.577348729250379, 51.464151178155895 ], [ -2.57689874774885, 51.464521165517283 ], [ -2.576598761026403, 51.464761156934784 ], [ -2.574568855164517, 51.466441105328379 ], [ -2.573268895669353, 51.467151099572995 ], [ -2.572428919593887, 51.467441100607687 ], [ -2.572098928286247, 51.467541100397824 ], [ -2.571258952431549, 51.46778110225415 ], [ -2.570458976946017, 51.46799110246166 ], [ -2.5697789993332, 51.46820110458907 ], [ -2.568729029971784, 51.468601106421154 ], [ -2.567819059831991, 51.469021108264343 ], [ -2.567509068661091, 51.469171109622124 ], [ -2.566609100125877, 51.469691113127347 ], [ -2.565949115194982, 51.470091128253813 ], [ -2.564449151201253, 51.471021163119708 ], [ -2.563879162748098, 51.471371175550374 ], [ -2.563519168873786, 51.471621183831267 ], [ -2.563209174820017, 51.471871190996623 ], [ -2.562889178157702, 51.472321198088821 ], [ -2.561989189586215, 51.473241218579119 ], [ -2.561799191488003, 51.473471222859864 ], [ -2.561529192980514, 51.473871229232827 ], [ -2.561469193506859, 51.473971230247372 ], [ -2.561269194160078, 51.474271234976733 ], [ -2.561129192776681, 51.474631238283919 ], [ -2.561259190437381, 51.474741235531397 ], [ -2.56185917876584, 51.474821223099468 ], [ -2.562329170515953, 51.474821212976082 ], [ -2.562689164034155, 51.474981205935102 ], [ -2.562789161367995, 51.475031204718789 ], [ -2.563499145022566, 51.475201193046011 ], [ -2.563585957072869, 51.47521780471827 ] ] } },
{ "type": "Feature", "properties": { "OBJECTID": 75, "JOURNEY_LINK_ID": "26", "JOURNEY_LINK_DESCRIPTION": "3 Lamps IB > Cattle Market Rd EB", "JOURNEY_START": "3 Lamps IB", "JOURNEY_START_DIRECTION_TYPE": "IB", "JOURNEY_END": "Cattle Market Rd EB", "JOURNEY_END_DIRECTION_TYPE": "EB", "MINIMUM_PLATE_MATCHES": 1, "CANDIDATE_COUNT": 9, "KPI_PRIORITY_LINK": "No", "JOURNEY_START_DIRECTION_DESC": "Inbound", "JOURNEY_END_DIRECTION_DESC": "East bound", "SHAPESTLength": 1251.9130603192489 }, "geometry": { "type": "LineString", "coordinates": [ [ -2.578647786650504, 51.444680154933906 ], [ -2.578708105145705, 51.444981668510451 ], [ -2.578928112659281, 51.445321667979634 ], [ -2.579408120311024, 51.445831670380159 ], [ -2.579698124921363, 51.446071670768994 ], [ -2.579898126323958, 51.446211671740116 ], [ -2.580178127091853, 51.446401673385878 ], [ -2.580428130331522, 51.446581674163319 ], [ -2.580558131452283, 51.446681675291586 ], [ -2.580918131031562, 51.446801678588578 ], [ -2.581338127881554, 51.446921681177017 ], [ -2.581698121808813, 51.446941683394208 ], [ -2.582088120013927, 51.447051687012276 ], [ -2.58218812196726, 51.447111687477069 ], [ -2.582548126546521, 51.447351689786515 ], [ -2.582638127369409, 51.447421690754055 ], [ -2.582718130501785, 51.447501691662211 ], [ -2.582758131684876, 51.447551691321465 ], [ -2.582818139484702, 51.447711692937823 ], [ -2.582968151611588, 51.448051693381466 ], [ -2.584048167632546, 51.448611702936176 ], [ -2.584468177061843, 51.448841707062883 ], [ -2.584548181263427, 51.448951707363968 ], [ -2.585071089156171, 51.449586844255101 ], [ -2.585501051513329, 51.449684194869839 ], [ -2.585530741000589, 51.449995317084429 ], [ -2.585298797477019, 51.450152072912104 ], [ -2.58497823017913, 51.449971711700634 ], [ -2.584828230665124, 51.449951710761155 ], [ -2.584808224118368, 51.449831710536536 ], [ -2.584678205482267, 51.449451709742213 ], [ -2.584378181820223, 51.448931706764938 ], [ -2.583618168473131, 51.44853169983125 ], [ -2.583508165172997, 51.44847169844514 ], [ -2.583168162026988, 51.448311695129597 ], [ -2.582818157566457, 51.448121692116409 ], [ -2.582388152459166, 51.447861689283812 ], [ -2.582028159846409, 51.447911685305513 ], [ -2.58125665574345, 51.448042135018099 ] ] } },
{ "type": "Feature", "properties": { "OBJECTID": 76, "JOURNEY_LINK_ID": "28", "JOURNEY_LINK_DESCRIPTION": "3 Lamps IB > Old Market St OB", "JOURNEY_START": "3 Lamps IB", "JOURNEY_START_DIRECTION_TYPE": "IB", "JOURNEY_END": "Old Market St OB", "JOURNEY_END_DIRECTION_TYPE": "OB", "MINIMUM_PLATE_MATCHES": 1, "CANDIDATE_COUNT": 9, "KPI_PRIORITY_LINK": "Yes", "JOURNEY_START_DIRECTION_DESC": "Inbound", "JOURNEY_END_DIRECTION_DESC": "Outbound", "SHAPESTLength": 1727.8360370116495 }, "geometry": { "type": "LineString", "coordinates": [ [ -2.578541317225905, 51.44472290827995 ], [ -2.578708105145705, 51.444981668510451 ], [ -2.578928112659281, 51.445321667979634 ], [ -2.579408120311024, 51.445831670380159 ], [ -2.579698124921363, 51.446071670768994 ], [ -2.579898126323958, 51.446211671740116 ], [ -2.580178127091853, 51.446401673385878 ], [ -2.580428130331522, 51.446581674163319 ], [ -2.580558131452283, 51.446681675291586 ], [ -2.580918131031562, 51.446801678588578 ], [ -2.581338127881554, 51.446921681177017 ], [ -2.581698121808813, 51.446941683394208 ], [ -2.582088120013927, 51.447051687012276 ], [ -2.58218812196726, 51.447111687477069 ], [ -2.582548126546521, 51.447351689786515 ], [ -2.582638127369409, 51.447421690754055 ], [ -2.582718130501785, 51.447501691662211 ], [ -2.582758131684876, 51.447551691321465 ], [ -2.582818139484702, 51.447711692937823 ], [ -2.582968151611588, 51.448051693381466 ], [ -2.584048167632546, 51.448611702936176 ], [ -2.584468177061843, 51.448841707062883 ], [ -2.584548181263427, 51.448951707363968 ], [ -2.584968224747003, 51.449851711840836 ], [ -2.58497823017913, 51.449971711700634 ], [ -2.584988241292634, 51.450341700377876 ], [ -2.584958245467889, 51.450451696511301 ], [ -2.584758266317884, 51.451021674548763 ], [ -2.584658277607832, 51.451391661199217 ], [ -2.584538295237162, 51.451931640763249 ], [ -2.584358321899358, 51.452701612116421 ], [ -2.584308330427295, 51.452961603452273 ], [ -2.584198340635803, 51.453221592242009 ], [ -2.583928365510528, 51.453851569330922 ], [ -2.583878376166416, 51.454181556403327 ], [ -2.583868378985425, 51.454241554737465 ], [ -2.583738393538177, 51.454631540437198 ], [ -2.583698405800695, 51.454981527698628 ], [ -2.583708413178124, 51.455201520678195 ], [ -2.583748415976415, 51.455281517612995 ], [ -2.583808418490197, 51.45538151535429 ], [ -2.583988418630656, 51.45546151319666 ], [ -2.584098421392075, 51.455601509214262 ], [ -2.584078426174711, 51.455751503937883 ], [ -2.5840584268916, 51.455781502897807 ], [ -2.58371843675513, 51.45592149470766 ], [ -2.583588440304229, 51.455931492944465 ], [ -2.583548441765847, 51.45593149280274 ], [ -2.583328442023852, 51.455851494060546 ], [ -2.583198442324869, 51.455851492838583 ], [ -2.582898448189743, 51.45587148946656 ], [ -2.582038464557937, 51.456011478492563 ], [ -2.581788469428012, 51.456061475128649 ], [ -2.581018486266569, 51.456231462926915 ], [ -2.580668492158097, 51.456301458017954 ], [ -2.580528496490389, 51.456331456451885 ], [ -2.580219620011731, 51.456496852027087 ] ] } },
{ "type": "Feature", "properties": { "OBJECTID": 77, "JOURNEY_LINK_ID": "40", "JOURNEY_LINK_DESCRIPTION": "Redcliffe Way EB > Old Market St OB", "JOURNEY_START": "Redcliffe Way EB", "JOURNEY_START_DIRECTION_TYPE": "EB", "JOURNEY_END": "Old Market St OB", "JOURNEY_END_DIRECTION_TYPE": "OB", "MINIMUM_PLATE_MATCHES": 1, "CANDIDATE_COUNT": 9, "KPI_PRIORITY_LINK": "No", "JOURNEY_START_DIRECTION_DESC": "East bound", "JOURNEY_END_DIRECTION_DESC": "Outbound", "SHAPESTLength": 1509.1979780025963 }, "geometry": { "type": "LineString", "coordinates": [ [ -2.590473802672742, 51.449065873596744 ], [ -2.590418156114311, 51.449201761748782 ], [ -2.590268158014776, 51.44922176099422 ], [ -2.590148157216899, 51.449211759896023 ], [ -2.590018155444362, 51.449161758338676 ], [ -2.58996815510459, 51.449131757998302 ], [ -2.589908151544716, 51.449081757516105 ], [ -2.589368142820385, 51.448871751541681 ], [ -2.588968144458209, 51.448861747989369 ], [ -2.588208152721921, 51.448911741851937 ], [ -2.587388162861543, 51.448971734140216 ], [ -2.586268174101585, 51.449041723678071 ], [ -2.584548181263427, 51.448951707363968 ], [ -2.584968224747003, 51.449851711840836 ], [ -2.58497823017913, 51.449971711700634 ], [ -2.584988241292634, 51.450341700377876 ], [ -2.584958245467889, 51.450451696511301 ], [ -2.584758266317884, 51.451021674548763 ], [ -2.584658277607832, 51.451391661199217 ], [ -2.584538295237162, 51.451931640763249 ], [ -2.584358321899358, 51.452701612116421 ], [ -2.584308330427295, 51.452961603452273 ], [ -2.584198340635803, 51.453221592242009 ], [ -2.583928365510528, 51.453851569330922 ], [ -2.583878376166416, 51.454181556403327 ], [ -2.583868378985425, 51.454241554737465 ], [ -2.583738393538177, 51.454631540437198 ], [ -2.583698405800695, 51.454981527698628 ], [ -2.583708413178124, 51.455201520678195 ], [ -2.583748415976415, 51.455281517612995 ], [ -2.583808418490197, 51.45538151535429 ], [ -2.583988418630656, 51.45546151319666 ], [ -2.584098421392075, 51.455601509214262 ], [ -2.584078426174711, 51.455751503937883 ], [ -2.5840584268916, 51.455781502897807 ], [ -2.58371843675513, 51.45592149470766 ], [ -2.583588440304229, 51.455931492944465 ], [ -2.583548441765847, 51.45593149280274 ], [ -2.583328442023852, 51.455851494060546 ], [ -2.583198442324869, 51.455851492838583 ], [ -2.582898448189743, 51.45587148946656 ], [ -2.582038464557937, 51.456011478492563 ], [ -2.581788469428012, 51.456061475128649 ], [ -2.581018486266569, 51.456231462926915 ], [ -2.580668492158097, 51.456301458017954 ], [ -2.580528496490389, 51.456331456451885 ], [ -2.580112763026107, 51.456343954235358 ] ] } },
{ "type": "Feature", "properties": { "OBJECTID": 78, "JOURNEY_LINK_ID": "56", "JOURNEY_LINK_DESCRIPTION": "Old Market IB > Cattle Market Rd EB", "JOURNEY_START": "Old Market IB", "JOURNEY_START_DIRECTION_TYPE": "IB", "JOURNEY_END": "Cattle Market Rd EB", "JOURNEY_END_DIRECTION_TYPE": "EB", "MINIMUM_PLATE_MATCHES": 1, "CANDIDATE_COUNT": 9, "KPI_PRIORITY_LINK": "No", "JOURNEY_START_DIRECTION_DESC": "Inbound", "JOURNEY_END_DIRECTION_DESC": "East bound", "SHAPESTLength": 1240.9225466935684 }, "geometry": { "type": "LineString", "coordinates": [ [ -2.580271080260865, 51.456375571706488 ], [ -2.580528496490389, 51.456331456451885 ], [ -2.580668492158097, 51.456301458017954 ], [ -2.5816184691212, 51.455961476519597 ], [ -2.582088458144733, 51.455861484293322 ], [ -2.582428451189577, 51.455801488715757 ], [ -2.583198435333899, 51.455621501350237 ], [ -2.583228433047212, 51.455551503286188 ], [ -2.583268430146944, 51.455501505612126 ], [ -2.583288425047049, 51.455321512133551 ], [ -2.583288423512446, 51.455291513204479 ], [ -2.583398394070705, 51.454531540004673 ], [ -2.583508382112086, 51.454201552541399 ], [ -2.583838352001691, 51.453411583735935 ], [ -2.583998339269483, 51.453101595080881 ], [ -2.584078335166195, 51.452991599975455 ], [ -2.584098330581201, 51.45286160416444 ], [ -2.584128326509688, 51.452771607678265 ], [ -2.584168321624404, 51.452641612689398 ], [ -2.584288304723489, 51.452161630714549 ], [ -2.584318299637871, 51.451991637215116 ], [ -2.58434829586408, 51.451861641716171 ], [ -2.584558271814659, 51.451151668384824 ], [ -2.584798247060296, 51.450451694518861 ], [ -2.584828242459679, 51.450351698088284 ], [ -2.584848237447031, 51.450161705240582 ], [ -2.584828230665124, 51.449951710761155 ], [ -2.584808224118368, 51.449831710536536 ], [ -2.584678205482267, 51.449451709742213 ], [ -2.584378181820223, 51.448931706764938 ], [ -2.583618168473131, 51.44853169983125 ], [ -2.583508165172997, 51.44847169844514 ], [ -2.583168162026988, 51.448311695129597 ], [ -2.582818157566457, 51.448121692116409 ], [ -2.582388152459166, 51.447861689283812 ], [ -2.582028159846409, 51.447911685305513 ], [ -2.581336346714555, 51.448039155736751 ] ] } },
{ "type": "Feature", "properties": { "OBJECTID": 79, "JOURNEY_LINK_ID": "72", "JOURNEY_LINK_DESCRIPTION": "Bond St WB > Queens Rd OB", "JOURNEY_START": "Bond St WB", "JOURNEY_START_DIRECTION_TYPE": "WB", "JOURNEY_END": "Queens Rd OB", "JOURNEY_END_DIRECTION_TYPE": "OB", "MINIMUM_PLATE_MATCHES": 1, "CANDIDATE_COUNT": 9, "KPI_PRIORITY_LINK": "Yes", "JOURNEY_START_DIRECTION_DESC": "West bound", "JOURNEY_END_DIRECTION_DESC": "Outbound", "SHAPESTLength": 2235.5831043115782 }, "geometry": { "type": "LineString", "coordinates": [ [ -2.582361692368511, 51.460062054493442 ], [ -2.582548556532237, 51.460091336808617 ], [ -2.583328541006612, 51.459761353315571 ], [ -2.583628532056351, 51.4596713600898 ], [ -2.584038520863782, 51.459551367714703 ], [ -2.584418512085526, 51.459471374178371 ], [ -2.584868501027672, 51.45933138363668 ], [ -2.585718479665396, 51.459201395109176 ], [ -2.587178446270439, 51.45932140342164 ], [ -2.588058424633252, 51.459341409621359 ], [ -2.588668409826311, 51.459331415654034 ], [ -2.589238396997652, 51.459321420334369 ], [ -2.589728386496468, 51.459321425316972 ], [ -2.59002837955637, 51.459321427102516 ], [ -2.590308372924145, 51.45927143205067 ], [ -2.59035837226096, 51.459251433404809 ], [ -2.590668364891235, 51.459141440037037 ], [ -2.590978358498301, 51.459101444751511 ], [ -2.591308348518687, 51.459251441511377 ], [ -2.59133834900743, 51.459291439951514 ], [ -2.591358347242688, 51.459331438583625 ], [ -2.591748336452333, 51.459621430822232 ], [ -2.592998304938901, 51.459741436914463 ], [ -2.593588288733972, 51.459771440423218 ], [ -2.593928279360411, 51.459811442342122 ], [ -2.594278272468269, 51.459761446630843 ], [ -2.595368258197184, 51.459081482701414 ], [ -2.595468257680013, 51.459011486489558 ], [ -2.595808255122922, 51.458721500748993 ], [ -2.596508243400656, 51.457981534159003 ], [ -2.597558215717919, 51.4569315807327 ], [ -2.59772821179261, 51.456771587696409 ], [ -2.598578193758572, 51.456111620048887 ], [ -2.598888187762517, 51.455951628230963 ], [ -2.599418177800994, 51.455691642702057 ], [ -2.600118163008347, 51.455491654910894 ], [ -2.601248122776889, 51.455371668449459 ], [ -2.602458077895033, 51.455421676895291 ], [ -2.603608032506329, 51.455701675510717 ], [ -2.603878023267321, 51.455731676322124 ], [ -2.60420800965145, 51.455781676965096 ], [ -2.604438001806298, 51.455811677982283 ], [ -2.604647992332259, 51.45584167848795 ], [ -2.606047937435409, 51.456021683364554 ], [ -2.606187931577011, 51.45602168394889 ], [ -2.606987900929824, 51.45605168994414 ], [ -2.607677873337075, 51.45605169524061 ], [ -2.607727872003915, 51.456051695476184 ], [ -2.6080478577665, 51.456201691338677 ], [ -2.607927851315254, 51.456771670413808 ], [ -2.607927850008515, 51.456881665810904 ], [ -2.608007842636532, 51.457071659191691 ], [ -2.608463059396455, 51.457408768768843 ] ] } },
{ "type": "Feature", "properties": { "OBJECTID": 80, "JOURNEY_LINK_ID": "74", "JOURNEY_LINK_DESCRIPTION": "Bond St WB > Anchor Rd OB", "JOURNEY_START": "Bond St WB", "JOURNEY_START_DIRECTION_TYPE": "WB", "JOURNEY_END": "Anchor Rd OB", "JOURNEY_END_DIRECTION_TYPE": "OB", "MINIMUM_PLATE_MATCHES": 1, "CANDIDATE_COUNT": 9, "KPI_PRIORITY_LINK": "Yes", "JOURNEY_START_DIRECTION_DESC": "West bound", "JOURNEY_END_DIRECTION_DESC": "Outbound", "SHAPESTLength": 1706.5094695309385 }, "geometry": { "type": "LineString", "coordinates": [ [ -2.58241651740079, 51.460187358786449 ], [ -2.582548556532237, 51.460091336808617 ], [ -2.583328541006612, 51.459761353315571 ], [ -2.583628532056351, 51.4596713600898 ], [ -2.584038520863782, 51.459551367714703 ], [ -2.584418512085526, 51.459471374178371 ], [ -2.584868501027672, 51.45933138363668 ], [ -2.585718479665396, 51.459201395109176 ], [ -2.587178446270439, 51.45932140342164 ], [ -2.588058424633252, 51.459341409621359 ], [ -2.588668409826311, 51.459331415654034 ], [ -2.589238396997652, 51.459321420334369 ], [ -2.589728386496468, 51.459321425316972 ], [ -2.59002837955637, 51.459321427102516 ], [ -2.590308372924145, 51.45927143205067 ], [ -2.59035837226096, 51.459251433404809 ], [ -2.590668364891235, 51.459141440037037 ], [ -2.591218354404818, 51.458911452966355 ], [ -2.591868344605309, 51.458301483453468 ], [ -2.592008340866948, 51.458181488704618 ], [ -2.593338301867102, 51.457391527223557 ], [ -2.593558295511907, 51.457291533875662 ], [ -2.594328276075126, 51.456981550981943 ], [ -2.594958262904409, 51.456791563289137 ], [ -2.595318253758187, 51.456681571232593 ], [ -2.595568248705748, 51.456591575100042 ], [ -2.595978238969296, 51.456211593410899 ], [ -2.596038235800696, 51.456051598448752 ], [ -2.596098232935188, 51.455881606172809 ], [ -2.596478222544551, 51.455261631341415 ], [ -2.597028209824234, 51.454691656166624 ], [ -2.59717820608591, 51.454511664319298 ], [ -2.597498199071279, 51.454131680404672 ], [ -2.597708191767872, 51.453491706103648 ], [ -2.597798189235484, 51.45320171712433 ], [ -2.597848188004249, 51.452961725566588 ], [ -2.597938185339852, 51.452751733580669 ], [ -2.598038182002059, 51.452451745415829 ], [ -2.598238178877842, 51.452211756385985 ], [ -2.598528174184804, 51.451581781969551 ], [ -2.598556663033125, 51.451147358518469 ] ] } },
{ "type": "Feature", "properties": { "OBJECTID": 81, "JOURNEY_LINK_ID": "100", "JOURNEY_LINK_DESCRIPTION": "Victoria St NB > Anchor Rd OB", "JOURNEY_START": "Victoria St NB", "JOURNEY_START_DIRECTION_TYPE": "NB", "JOURNEY_END": "Anchor Rd OB", "JOURNEY_END_DIRECTION_TYPE": "OB", "MINIMUM_PLATE_MATCHES": 1, "CANDIDATE_COUNT": 9, "KPI_PRIORITY_LINK": "No", "JOURNEY_START_DIRECTION_DESC": "North bound", "JOURNEY_END_DIRECTION_DESC": "Outbound", "SHAPESTLength": 853.17830664176313 }, "geometry": { "type": "LineString", "coordinates": [ [ -2.589563762036779, 51.452941686937805 ], [ -2.591108269202206, 51.45350164503548 ], [ -2.59161826826908, 51.453761641230578 ], [ -2.591738267751353, 51.453821640129604 ], [ -2.592238261046333, 51.453751646698528 ], [ -2.592518257316757, 51.453701651487989 ], [ -2.592718252431947, 51.453661654520829 ], [ -2.593278244785402, 51.453551663841345 ], [ -2.593558241331452, 51.453501667922112 ], [ -2.594238231767356, 51.453411676869749 ], [ -2.594748225149131, 51.453371682922352 ], [ -2.59608821038921, 51.453391694454353 ], [ -2.596758203659138, 51.453461697933562 ], [ -2.597138199017476, 51.453491701003543 ], [ -2.597408195348295, 51.453511702680295 ], [ -2.597708191767872, 51.453491706103648 ], [ -2.597798189235484, 51.45320171712433 ], [ -2.597848188004249, 51.452961725566588 ], [ -2.597938185339852, 51.452751733580669 ], [ -2.598038182002059, 51.452451745415829 ], [ -2.598238178877842, 51.452211756385985 ], [ -2.598528174184804, 51.451581781969551 ], [ -2.598818156710033, 51.451389454670611 ] ] } },
{ "type": "Feature", "properties": { "OBJECTID": 82, "JOURNEY_LINK_ID": "110", "JOURNEY_LINK_DESCRIPTION": "St Luke's Rd NB > Victoria St NB", "JOURNEY_START": "St Luke's Rd NB", "JOURNEY_START_DIRECTION_TYPE": "NB", "JOURNEY_END": "Victoria St NB", "JOURNEY_END_DIRECTION_TYPE": "NB", "MINIMUM_PLATE_MATCHES": 1, "CANDIDATE_COUNT": 9, "KPI_PRIORITY_LINK": "No", "JOURNEY_START_DIRECTION_DESC": "North bound", "JOURNEY_END_DIRECTION_DESC": "North bound", "SHAPESTLength": 1199.2219279306864 }, "geometry": { "type": "LineString", "coordinates": [ [ -2.584524420976386, 51.444768298701931 ], [ -2.584447976196155, 51.444811705789682 ], [ -2.584447986528598, 51.445041706292052 ], [ -2.584727995749512, 51.445301708747991 ], [ -2.584928003166235, 51.445481709954649 ], [ -2.584678011739246, 51.445581708378185 ], [ -2.583698048291197, 51.44606169885467 ], [ -2.582528100485682, 51.446751691024048 ], [ -2.582358106988285, 51.44686168938108 ], [ -2.58218812196726, 51.447111687477069 ], [ -2.582548126546521, 51.447351689786515 ], [ -2.582638127369409, 51.447421690754055 ], [ -2.582718130501785, 51.447501691662211 ], [ -2.582758131684876, 51.447551691321465 ], [ -2.582818139484702, 51.447711692937823 ], [ -2.582968151611588, 51.448051693381466 ], [ -2.584048167632546, 51.448611702936176 ], [ -2.584468177061843, 51.448841707062883 ], [ -2.584548181263427, 51.448951707363968 ], [ -2.585071089156171, 51.449586844255101 ], [ -2.585408225211107, 51.449941716717127 ], [ -2.585728230444689, 51.450081716752038 ], [ -2.5860282365153, 51.450341710422812 ], [ -2.586418244471079, 51.450701701416918 ], [ -2.587878267896857, 51.452001669829961 ], [ -2.589038274479333, 51.452651656643667 ], [ -2.589288273420615, 51.452711657014838 ], [ -2.589528272247787, 51.452821654925259 ], [ -2.589578959641294, 51.452904102155848 ] ] } },
{ "type": "Feature", "properties": { "OBJECTID": 83, "JOURNEY_LINK_ID": "116", "JOURNEY_LINK_DESCRIPTION": "St Luke's Rd NB > Old Market St OB", "JOURNEY_START": "St Luke's Rd NB", "JOURNEY_START_DIRECTION_TYPE": "NB", "JOURNEY_END": "Old Market St OB", "JOURNEY_END_DIRECTION_TYPE": "OB", "MINIMUM_PLATE_MATCHES": 1, "CANDIDATE_COUNT": 9, "KPI_PRIORITY_LINK": "No", "JOURNEY_START_DIRECTION_DESC": "North bound", "JOURNEY_END_DIRECTION_DESC": "Outbound", "SHAPESTLength": 1698.2595668581798 }, "geometry": { "type": "LineString", "coordinates": [ [ -2.584571466806491, 51.44474919642601 ], [ -2.584447976196155, 51.444811705789682 ], [ -2.584447986528598, 51.445041706292052 ], [ -2.584727995749512, 51.445301708747991 ], [ -2.584928003166235, 51.445481709954649 ], [ -2.584678011739246, 51.445581708378185 ], [ -2.583698048291197, 51.44606169885467 ], [ -2.582528100485682, 51.446751691024048 ], [ -2.582358106988285, 51.44686168938108 ], [ -2.58218812196726, 51.447111687477069 ], [ -2.582548126546521, 51.447351689786515 ], [ -2.582638127369409, 51.447421690754055 ], [ -2.582718130501785, 51.447501691662211 ], [ -2.582758131684876, 51.447551691321465 ], [ -2.582818139484702, 51.447711692937823 ], [ -2.582968151611588, 51.448051693381466 ], [ -2.584048167632546, 51.448611702936176 ], [ -2.584468177061843, 51.448841707062883 ], [ -2.584548181263427, 51.448951707363968 ], [ -2.584968224747003, 51.449851711840836 ], [ -2.58497823017913, 51.449971711700634 ], [ -2.584988241292634, 51.450341700377876 ], [ -2.584958245467889, 51.450451696511301 ], [ -2.584758266317884, 51.451021674548763 ], [ -2.584658277607832, 51.451391661199217 ], [ -2.584538295237162, 51.451931640763249 ], [ -2.584358321899358, 51.452701612116421 ], [ -2.584308330427295, 51.452961603452273 ], [ -2.584198340635803, 51.453221592242009 ], [ -2.583928365510528, 51.453851569330922 ], [ -2.583878376166416, 51.454181556403327 ], [ -2.583868378985425, 51.454241554737465 ], [ -2.583738393538177, 51.454631540437198 ], [ -2.583698405800695, 51.454981527698628 ], [ -2.583708413178124, 51.455201520678195 ], [ -2.583748415976415, 51.455281517612995 ], [ -2.583808418490197, 51.45538151535429 ], [ -2.583988418630656, 51.45546151319666 ], [ -2.584098421392075, 51.455601509214262 ], [ -2.584078426174711, 51.455751503937883 ], [ -2.5840584268916, 51.455781502897807 ], [ -2.58371843675513, 51.45592149470766 ], [ -2.583588440304229, 51.455931492944465 ], [ -2.583548441765847, 51.45593149280274 ], [ -2.583328442023852, 51.455851494060546 ], [ -2.582038464557937, 51.456011478492563 ], [ -2.581788469428012, 51.456061475128649 ], [ -2.581018486266569, 51.456231462926915 ], [ -2.580668492158097, 51.456301458017954 ], [ -2.580528496490389, 51.456331456451885 ], [ -2.580226841637693, 51.456426358115976 ] ] } },
{ "type": "Feature", "properties": { "OBJECTID": 84, "JOURNEY_LINK_ID": "121", "JOURNEY_LINK_DESCRIPTION": "Avon St IB > Castle St WB", "JOURNEY_START": "Avon St IB", "JOURNEY_START_DIRECTION_TYPE": "IB", "JOURNEY_END": "Castle St WB", "JOURNEY_END_DIRECTION_TYPE": "WB", "MINIMUM_PLATE_MATCHES": 1, "CANDIDATE_COUNT": 9, "KPI_PRIORITY_LINK": "No", "JOURNEY_START_DIRECTION_DESC": "Inbound", "JOURNEY_END_DIRECTION_DESC": "West bound", "SHAPESTLength": 957.24633704234907 }, "geometry": { "type": "LineString", "coordinates": [ [ -2.582669611378438, 51.453117672909208 ], [ -2.583258348945641, 51.453141587291455 ], [ -2.583568348097304, 51.453221587540639 ], [ -2.583998339269483, 51.453101595080881 ], [ -2.584078335166195, 51.452991599975455 ], [ -2.584098330581201, 51.45286160416444 ], [ -2.584128326509688, 51.452771607678265 ], [ -2.584168321624404, 51.452641612689398 ], [ -2.584288304723489, 51.452161630714549 ], [ -2.584318299637871, 51.451991637215116 ], [ -2.58434829586408, 51.451861641716171 ], [ -2.583948295502966, 51.451771641642054 ], [ -2.583618292248013, 51.451621642880106 ], [ -2.583168287687527, 51.451381647636502 ], [ -2.583618292248013, 51.451621642880106 ], [ -2.583948295502966, 51.451771641642054 ], [ -2.58434829586408, 51.451861641716171 ], [ -2.584538295237162, 51.451931640763249 ], [ -2.584358321899358, 51.452701612116421 ], [ -2.584308330427295, 51.452961603452273 ], [ -2.584198340635803, 51.453221592242009 ], [ -2.583928365510528, 51.453851569330922 ], [ -2.583878376166416, 51.454181556403327 ], [ -2.583698405800695, 51.454981527698628 ], [ -2.583708413178124, 51.455201520678195 ], [ -2.583748415976415, 51.455281517612995 ], [ -2.583808418490197, 51.45538151535429 ], [ -2.583988418630656, 51.45546151319666 ], [ -2.584788406632041, 51.455451519984855 ], [ -2.584918404711467, 51.455471520981732 ], [ -2.585078406656183, 51.455611517763003 ], [ -2.585093733646854, 51.455759091674999 ] ] } },
{ "type": "Feature", "properties": { "OBJECTID": 85, "JOURNEY_LINK_ID": "122", "JOURNEY_LINK_DESCRIPTION": "Avon St IB > Old Market St OB", "JOURNEY_START": "Avon St IB", "JOURNEY_START_DIRECTION_TYPE": "IB", "JOURNEY_END": "Old Market St OB", "JOURNEY_END_DIRECTION_TYPE": "OB", "MINIMUM_PLATE_MATCHES": 1, "CANDIDATE_COUNT": 9, "KPI_PRIORITY_LINK": "No", "JOURNEY_START_DIRECTION_DESC": "Inbound", "JOURNEY_END_DIRECTION_DESC": "Outbound", "SHAPESTLength": 2263.6290107784685 }, "geometry": { "type": "LineString", "coordinates": [ [ -2.582813965899367, 51.453074062239018 ], [ -2.582608350665189, 51.452991586280433 ], [ -2.583568348097304, 51.453221587540639 ], [ -2.583998339269483, 51.453101595080881 ], [ -2.584214543732377, 51.452456705079335 ], [ -2.584382179812648, 51.451747073165514 ], [ -2.584828242459679, 51.450351698088284 ], [ -2.58453750162806, 51.44920784242337 ], [ -2.583953134894521, 51.448707999183355 ], [ -2.583168162026988, 51.448311695129597 ], [ -2.582388152459166, 51.447861689283812 ], [ -2.581538137337369, 51.447241682374781 ], [ -2.581668128059793, 51.447051683347304 ], [ -2.582088120013927, 51.447051687012276 ], [ -2.582718130501785, 51.447501691662211 ], [ -2.582968151611588, 51.448051693381466 ], [ -2.583376249038314, 51.448263303769423 ], [ -2.584468177061843, 51.448841707062883 ], [ -2.584988241292634, 51.450341700377876 ], [ -2.584701493537704, 51.451231751574916 ], [ -2.584456660962759, 51.452280900639693 ], [ -2.584198340635803, 51.453221592242009 ], [ -2.583928365510528, 51.453851569330922 ], [ -2.583738487815948, 51.454638835136379 ], [ -2.583708413178124, 51.455201520678195 ], [ -2.583808418490197, 51.45538151535429 ], [ -2.583988418630656, 51.45546151319666 ], [ -2.584098514305185, 51.455608804819093 ], [ -2.584058519787237, 51.455788797603233 ], [ -2.583588533133863, 51.455938788548181 ], [ -2.583328534810085, 51.455858789664006 ], [ -2.582734489463447, 51.455932465817362 ], [ -2.581093550265205, 51.45621489121141 ], [ -2.580139187049221, 51.456380745017597 ] ] } },
{ "type": "Feature", "properties": { "OBJECTID": 86, "JOURNEY_LINK_ID": "123", "JOURNEY_LINK_DESCRIPTION": "Avon St IB > M32 OB", "JOURNEY_START": "Avon St IB", "JOURNEY_START_DIRECTION_TYPE": "IB", "JOURNEY_END": "M32 OB", "JOURNEY_END_DIRECTION_TYPE": "OB", "MINIMUM_PLATE_MATCHES": 1, "CANDIDATE_COUNT": 9, "KPI_PRIORITY_LINK": "No", "JOURNEY_START_DIRECTION_DESC": "Inbound", "JOURNEY_END_DIRECTION_DESC": "Outbound", "SHAPESTLength": 1480.6059358167793 }, "geometry": { "type": "LineString", "coordinates": [ [ -2.58279422544181, 51.452938289526649 ], [ -2.583258348945641, 51.453141587291455 ], [ -2.583568348097304, 51.453221587540639 ], [ -2.583998339269483, 51.453101595080881 ], [ -2.584078335166195, 51.452991599975455 ], [ -2.584098330581201, 51.45286160416444 ], [ -2.584128326509688, 51.452771607678265 ], [ -2.584168321624404, 51.452641612689398 ], [ -2.584288304723489, 51.452161630714549 ], [ -2.584318299637871, 51.451991637215116 ], [ -2.58434829586408, 51.451861641716171 ], [ -2.583948295502966, 51.451771641642054 ], [ -2.583618292248013, 51.451621642880106 ], [ -2.583168287687527, 51.451381647636502 ], [ -2.583618292248013, 51.451621642880106 ], [ -2.583948295502966, 51.451771641642054 ], [ -2.58434829586408, 51.451861641716171 ], [ -2.584538295237162, 51.451931640763249 ], [ -2.584358321899358, 51.452701612116421 ], [ -2.584308330427295, 51.452961603452273 ], [ -2.584198340635803, 51.453221592242009 ], [ -2.583928365510528, 51.453851569330922 ], [ -2.5836183936301, 51.454571541422517 ], [ -2.583588418992598, 51.455291515387842 ], [ -2.583608419906102, 51.455361513267874 ], [ -2.583718427086082, 51.455621505358856 ], [ -2.583858433934296, 51.455901496834102 ], [ -2.584158445415897, 51.456371483397824 ], [ -2.584418452721461, 51.456751472611785 ], [ -2.584648461480446, 51.457121461965436 ], [ -2.584588477022973, 51.457581444480162 ], [ -2.583798521030299, 51.458671399011799 ], [ -2.583918522491225, 51.459261377706355 ], [ -2.584038520863782, 51.459551367714703 ], [ -2.584098522117101, 51.459791358695028 ], [ -2.58377852979998, 51.459901352075377 ], [ -2.583338543368438, 51.460101340527238 ], [ -2.582898552093865, 51.460291330847696 ], [ -2.582580535171031, 51.460305343404613 ] ] } },
{ "type": "Feature", "properties": { "OBJECTID": 87, "JOURNEY_LINK_ID": "139", "JOURNEY_LINK_DESCRIPTION": "Hotwell Rd IB > Anchor Rd IB", "JOURNEY_START": "Hotwell Rd IB", "JOURNEY_START_DIRECTION_TYPE": "IB", "JOURNEY_END": "Anchor Rd IB", "JOURNEY_END_DIRECTION_TYPE": "IB", "MINIMUM_PLATE_MATCHES": 1, "CANDIDATE_COUNT": 9, "KPI_PRIORITY_LINK": "Yes", "JOURNEY_START_DIRECTION_DESC": "Inbound", "JOURNEY_END_DIRECTION_DESC": "Inbound", "SHAPESTLength": 1194.6918826669178 }, "geometry": { "type": "LineString", "coordinates": [ [ -2.613601708147164, 51.449542421101604 ], [ -2.613577813435816, 51.449541977232315 ], [ -2.613227821047642, 51.449551972964777 ], [ -2.611187885779881, 51.449881954040713 ], [ -2.608977937261079, 51.450401919108614 ], [ -2.608647945181863, 51.45048191344506 ], [ -2.6082379524417, 51.450561906210204 ], [ -2.60816795287997, 51.450671901396476 ], [ -2.608047954123229, 51.450771896502509 ], [ -2.608027952221545, 51.450821894336528 ], [ -2.607967953967016, 51.450871891374696 ], [ -2.607667961918306, 51.450901887798373 ], [ -2.607567965676149, 51.450831890032703 ], [ -2.607567967774224, 51.450691895426047 ], [ -2.607597966590069, 51.450671896115459 ], [ -2.607437971364384, 51.450631895962722 ], [ -2.607267977444069, 51.450591896232041 ], [ -2.606088006893836, 51.45053188804058 ], [ -2.605678017723082, 51.450511885319145 ], [ -2.604518047639546, 51.450491874698528 ], [ -2.603648069565351, 51.450541865686397 ], [ -2.603238078214554, 51.450561861615668 ], [ -2.602898088135683, 51.450581857813532 ], [ -2.602608094219017, 51.450601854513593 ], [ -2.60175811568012, 51.450701842593176 ], [ -2.601318126982043, 51.450761836761252 ], [ -2.600738141015417, 51.450831828811609 ], [ -2.600358151871738, 51.450861823972154 ], [ -2.600058160342925, 51.450901820251588 ], [ -2.599228167396194, 51.451141804566866 ], [ -2.599018168440562, 51.45126179826574 ], [ -2.598748170832965, 51.451461788358131 ], [ -2.598548175855298, 51.451821773626868 ], [ -2.59837953293121, 51.452062873409602 ] ] } },
{ "type": "Feature", "properties": { "OBJECTID": 88, "JOURNEY_LINK_ID": "157", "JOURNEY_LINK_DESCRIPTION": "Stokes Croft IB > Bond St EB", "JOURNEY_START": "Stokes Croft IB", "JOURNEY_START_DIRECTION_TYPE": "IB", "JOURNEY_END": "Bond St EB", "JOURNEY_END_DIRECTION_TYPE": "EB", "MINIMUM_PLATE_MATCHES": 1, "CANDIDATE_COUNT": 9, "KPI_PRIORITY_LINK": "Yes", "JOURNEY_START_DIRECTION_DESC": "Inbound", "JOURNEY_END_DIRECTION_DESC": "East bound", "SHAPESTLength": 538.45091165163626 }, "geometry": { "type": "LineString", "coordinates": [ [ -2.590249605103609, 51.461993624954403 ], [ -2.590418351846388, 51.461871331667588 ], [ -2.590612537787492, 51.461544890934228 ], [ -2.590888345711138, 51.46109136599474 ], [ -2.590870640645096, 51.460713610094793 ], [ -2.590858349151812, 51.460451391650345 ], [ -2.590601201999861, 51.459989948685738 ], [ -2.590508365059004, 51.459811413182138 ], [ -2.590110171654124, 51.459686044601497 ], [ -2.589710094493853, 51.459546016470725 ], [ -2.589268396470326, 51.459391418311299 ], [ -2.588028425897105, 51.459421406386518 ], [ -2.587078447591669, 51.459431397735337 ], [ -2.586938451853469, 51.459411397908561 ], [ -2.586671297782106, 51.459319820200612 ] ] } },
{ "type": "Feature", "properties": { "OBJECTID": 89, "JOURNEY_LINK_ID": "159", "JOURNEY_LINK_DESCRIPTION": "Stokes Croft OB > Filton Rd/Monks Park Ave NB", "JOURNEY_START": "Stokes Croft OB", "JOURNEY_START_DIRECTION_TYPE": "OB", "JOURNEY_END": "Filton Rd/Monks Park Ave NB", "JOURNEY_END_DIRECTION_TYPE": "NB", "MINIMUM_PLATE_MATCHES": 1, "CANDIDATE_COUNT": 9, "KPI_PRIORITY_LINK": "Yes", "JOURNEY_START_DIRECTION_DESC": "Outbound", "JOURNEY_END_DIRECTION_DESC": "North bound", "SHAPESTLength": 4297.3676183257967 }, "geometry": { "type": "LineString", "coordinates": [ [ -2.590126446853858, 51.462182665651234 ], [ -2.590288354670424, 51.462071324201879 ], [ -2.590418351846388, 51.461871331667588 ], [ -2.590288354670424, 51.462071324201879 ], [ -2.590131765518645, 51.462415434576855 ], [ -2.59003259409756, 51.46265515699023 ], [ -2.58980836141559, 51.463461265363449 ], [ -2.589748358175183, 51.464231235925389 ], [ -2.590368327904241, 51.465411194146974 ], [ -2.590758308163327, 51.466211167100234 ], [ -2.591139529822068, 51.466949461253627 ], [ -2.591658238678262, 51.467821146887069 ], [ -2.592198203977361, 51.468311147189645 ], [ -2.592948156358336, 51.468931148530984 ], [ -2.593438120303893, 51.469521146697282 ], [ -2.593618102820739, 51.469901145150267 ], [ -2.593678088625831, 51.470331141381088 ], [ -2.593000764834173, 51.471067565441089 ], [ -2.592263861205377, 51.471773244633333 ], [ -2.591725057497511, 51.472231104944179 ], [ -2.591398128626717, 51.472481109776005 ], [ -2.591169928352724, 51.472877102601558 ], [ -2.591058128395371, 51.473071103449989 ], [ -2.591498086673947, 51.473951099051668 ], [ -2.591528069257691, 51.474551095085701 ], [ -2.591035702937979, 51.475312056109495 ], [ -2.590758084174896, 51.475741109078058 ], [ -2.590449164905365, 51.476506642670046 ], [ -2.589782285972605, 51.478159149212544 ], [ -2.589628104221891, 51.47854119079885 ], [ -2.58948226492373, 51.479177069739571 ], [ -2.589378103601876, 51.47963122413136 ], [ -2.589178106760367, 51.480081237752046 ], [ -2.588718835163719, 51.480539013894209 ], [ -2.587998140658823, 51.481321274347017 ], [ -2.587598143613926, 51.482401308404519 ], [ -2.586938161127936, 51.483491339440114 ], [ -2.58640204751868, 51.484662886850096 ], [ -2.585757094743944, 51.48607217515719 ], [ -2.585032412255579, 51.487932254645159 ], [ -2.584788364066283, 51.488631369528406 ], [ -2.584928377748049, 51.489461373637972 ], [ -2.585018380713271, 51.489731374642332 ], [ -2.585138395332972, 51.490551379789707 ], [ -2.584628431938237, 51.491351385363167 ], [ -2.584068458758308, 51.491891388267959 ], [ -2.583628477187607, 51.492341388704737 ], [ -2.583228490640711, 51.492801389125709 ], [ -2.583088493304563, 51.492971390473365 ], [ -2.582838501071489, 51.493321390530269 ], [ -2.582548507544964, 51.493801391178025 ], [ -2.581988521955168, 51.49487139104312 ], [ -2.581308535750296, 51.49612139204639 ], [ -2.580728543666114, 51.497121392051582 ], [ -2.580488548739597, 51.497541391767065 ], [ -2.580513347697299, 51.497722138932488 ] ] } },
{ "type": "Feature", "properties": { "OBJECTID": 90, "JOURNEY_LINK_ID": "174", "JOURNEY_LINK_DESCRIPTION": "M32 J3/Lower Ashley Rd EB > M32 J2/Muller Rd WB", "JOURNEY_START": "M32 J3/Lower Ashley Rd EB", "JOURNEY_START_DIRECTION_TYPE": "EB", "JOURNEY_END": "M32 J2/Muller Rd WB", "JOURNEY_END_DIRECTION_TYPE": "WB", "MINIMUM_PLATE_MATCHES": 1, "CANDIDATE_COUNT": 9, "KPI_PRIORITY_LINK": "No", "JOURNEY_START_DIRECTION_DESC": "East bound", "JOURNEY_END_DIRECTION_DESC": "West bound", "SHAPESTLength": 1715.2410851309198 }, "geometry": { "type": "LineString", "coordinates": [ [ -2.577141447335943, 51.46637624357443 ], [ -2.576658790563552, 51.466261109018284 ], [ -2.576098804958586, 51.466231111215741 ], [ -2.575708816199096, 51.46623111071461 ], [ -2.575408826520621, 51.466281109718537 ], [ -2.574968842349154, 51.466381107259153 ], [ -2.574558859656624, 51.466591101112037 ], [ -2.574298867166608, 51.466741099321382 ], [ -2.57389887747276, 51.466971098920638 ], [ -2.573508888362644, 51.467161098470456 ], [ -2.572978902151134, 51.467361100036591 ], [ -2.572098928286247, 51.467541100397824 ], [ -2.571258952431549, 51.46778110225415 ], [ -2.570458976946017, 51.46799110246166 ], [ -2.5697789993332, 51.46820110458907 ], [ -2.568729029971784, 51.468601106421154 ], [ -2.567819059831991, 51.469021108264343 ], [ -2.567509068661091, 51.469171109622124 ], [ -2.566609100125877, 51.469691113127347 ], [ -2.565949115194982, 51.470091128253813 ], [ -2.564449151201253, 51.471021163119708 ], [ -2.563879162748098, 51.471371175550374 ], [ -2.563519168873786, 51.471621183831267 ], [ -2.563209174820017, 51.471871190996623 ], [ -2.562889178157702, 51.472321198088821 ], [ -2.561989189586215, 51.473241218579119 ], [ -2.561799191488003, 51.473471222859864 ], [ -2.561529192980514, 51.473871229232827 ], [ -2.561469193506859, 51.473971230247372 ], [ -2.561269194160078, 51.474271234976733 ], [ -2.561129192776681, 51.474631238283919 ], [ -2.561259190437381, 51.474741235531397 ], [ -2.56185917876584, 51.474821223099468 ], [ -2.562329170515953, 51.474821212976082 ], [ -2.562689164034155, 51.474981205935102 ], [ -2.562789161367995, 51.475031204718789 ], [ -2.563499145022566, 51.475201193046011 ], [ -2.563523526823676, 51.475212311277915 ] ] } },
{ "type": "Feature", "properties": { "OBJECTID": 91, "JOURNEY_LINK_ID": "175", "JOURNEY_LINK_DESCRIPTION": "M32 J3/Lower Ashley Rd WB > Filton Rd/Monks Park Ave NB", "JOURNEY_START": "M32 J3/Lower Ashley Rd WB", "JOURNEY_START_DIRECTION_TYPE": "WB", "JOURNEY_END": "Filton Rd/Monks Park Ave NB", "JOURNEY_END_DIRECTION_TYPE": "NB", "MINIMUM_PLATE_MATCHES": 1, "CANDIDATE_COUNT": 9, "KPI_PRIORITY_LINK": "No", "JOURNEY_START_DIRECTION_DESC": "West bound", "JOURNEY_END_DIRECTION_DESC": "North bound", "SHAPESTLength": 4018.0744595713245 }, "geometry": { "type": "LineString", "coordinates": [ [ -2.576465243856888, 51.466202804691122 ], [ -2.577868756813812, 51.46639110450932 ], [ -2.579588708661992, 51.466511098896298 ], [ -2.579753149249999, 51.466802761125258 ], [ -2.57964463150018, 51.467562269080979 ], [ -2.579410274375288, 51.468601110342632 ], [ -2.580757356045189, 51.471015340452063 ], [ -2.580713242554677, 51.471380977218821 ], [ -2.58114424084575, 51.472437719353195 ], [ -2.581830017268249, 51.472928465336103 ], [ -2.581788274486827, 51.473479845797463 ], [ -2.581577865501828, 51.473816070734266 ], [ -2.58085625912957, 51.474961368397068 ], [ -2.580239386314661, 51.476304314241759 ], [ -2.579606780936868, 51.478332481903649 ], [ -2.580836644331497, 51.479563120463517 ], [ -2.581489225399586, 51.480131555347995 ], [ -2.582074713639329, 51.480591583765673 ], [ -2.582299007334663, 51.480971116695876 ], [ -2.582938597094517, 51.481409486798121 ], [ -2.583598889529636, 51.481558460896636 ], [ -2.58448259703743, 51.482216891967134 ], [ -2.585446512665046, 51.483023110197927 ], [ -2.586109571861416, 51.483385215985749 ], [ -2.586859722063457, 51.483662760534926 ], [ -2.586205413448502, 51.485092563379908 ], [ -2.585585496413391, 51.486447119765302 ], [ -2.584788364066283, 51.488631369528406 ], [ -2.584928377748049, 51.489461373637972 ], [ -2.585018380713271, 51.489731374642332 ], [ -2.585138395332972, 51.490551379789707 ], [ -2.584628431938237, 51.491351385363167 ], [ -2.584068458758308, 51.491891388267959 ], [ -2.583628477187607, 51.492341388704737 ], [ -2.583228490640711, 51.492801389125709 ], [ -2.583088493304563, 51.492971390473365 ], [ -2.582838501071489, 51.493321390530269 ], [ -2.582548507544964, 51.493801391178025 ], [ -2.581988521955168, 51.49487139104312 ], [ -2.581308535750296, 51.49612139204639 ], [ -2.580728543666114, 51.497121392051582 ], [ -2.580464622439387, 51.497488806131372 ] ] } },
{ "type": "Feature", "properties": { "OBJECTID": 92, "JOURNEY_LINK_ID": "188", "JOURNEY_LINK_DESCRIPTION": "M32 J2/Muller Rd EB > Fishponds Rd/Straits Pde EB", "JOURNEY_START": "M32 J2/Muller Rd EB", "JOURNEY_START_DIRECTION_TYPE": "EB", "JOURNEY_END": "Fishponds Rd/Straits Pde EB", "JOURNEY_END_DIRECTION_TYPE": "EB", "MINIMUM_PLATE_MATCHES": 1, "CANDIDATE_COUNT": 9, "KPI_PRIORITY_LINK": "Yes", "JOURNEY_START_DIRECTION_DESC": "East bound", "JOURNEY_END_DIRECTION_DESC": "East bound", "SHAPESTLength": 2972.8346318427398 }, "geometry": { "type": "LineString", "coordinates": [ [ -2.563615983182949, 51.475143156776966 ], [ -2.563499145022566, 51.475201193046011 ], [ -2.562789158515613, 51.475151206263533 ], [ -2.56148917982643, 51.475121233039133 ], [ -2.561139184864779, 51.475191240873187 ], [ -2.560919184288058, 51.475301247668781 ], [ -2.56048919139882, 51.475321256800932 ], [ -2.560219198819585, 51.475201260226278 ], [ -2.560059205989234, 51.475011260818896 ], [ -2.559619216690167, 51.474801270140347 ], [ -2.559079226738863, 51.474691281508264 ], [ -2.558689233414446, 51.474591289256509 ], [ -2.55827924220412, 51.474481298389506 ], [ -2.557989249568496, 51.474401305053036 ], [ -2.557609258082926, 51.474281312112481 ], [ -2.557069270279396, 51.474111323133336 ], [ -2.556599282088744, 51.473951332873163 ], [ -2.556309288637511, 51.473831339834234 ], [ -2.556009292579835, 51.473951345529208 ], [ -2.555179305934592, 51.474061363875435 ], [ -2.554789311962116, 51.474061371964439 ], [ -2.553749334867434, 51.473931394210872 ], [ -2.552239379000321, 51.473271426480188 ], [ -2.552119381682469, 51.473271428287134 ], [ -2.551709391920002, 51.473191437082974 ], [ -2.551179406007247, 51.473091448652156 ], [ -2.550419417072806, 51.473171464813035 ], [ -2.550099422156104, 51.473241471987883 ], [ -2.549789420844089, 51.473321475158059 ], [ -2.54945941647409, 51.473411477178594 ], [ -2.549039408784826, 51.473541481071926 ], [ -2.548629401836699, 51.473681484032738 ], [ -2.54853939965094, 51.473711485060313 ], [ -2.548059392193186, 51.473891487658449 ], [ -2.547759386701692, 51.473991490328572 ], [ -2.547469380831494, 51.474091491505611 ], [ -2.547099376346987, 51.474221493914577 ], [ -2.546629367421488, 51.474391496932803 ], [ -2.544629333512067, 51.475011508875873 ], [ -2.543969325075139, 51.475171511940296 ], [ -2.54342932026511, 51.475291514245328 ], [ -2.542749311956021, 51.475441518201926 ], [ -2.541809302652962, 51.475661522734114 ], [ -2.541499299945632, 51.475741523769635 ], [ -2.539809283568863, 51.476151531715324 ], [ -2.53830926856222, 51.476721536097301 ], [ -2.53805926450715, 51.476831537001814 ], [ -2.537879263946752, 51.476901537371816 ], [ -2.537369259005355, 51.477081539140279 ], [ -2.537059255778052, 51.477211540283818 ], [ -2.536859255461349, 51.47729154032443 ], [ -2.535959247817144, 51.477661542335738 ], [ -2.533789235186139, 51.478581546688197 ], [ -2.533559234647886, 51.478671546754882 ], [ -2.533289232658496, 51.47877154711874 ], [ -2.532339229432198, 51.479091547811564 ], [ -2.532049229507782, 51.479181547346755 ], [ -2.531119225730058, 51.479481548650732 ], [ -2.530359226638565, 51.479741547839375 ], [ -2.530019225230893, 51.479881547884553 ], [ -2.528849226905101, 51.480681546301213 ], [ -2.528429230010104, 51.481181543861524 ], [ -2.528129231330206, 51.481431542553999 ], [ -2.527649233260908, 51.481511544732115 ], [ -2.527229234345648, 51.481561545340362 ], [ -2.526969235892933, 51.481591546017555 ], [ -2.526214094741166, 51.481796788682999 ] ] } },
{ "type": "Feature", "properties": { "OBJECTID": 93, "JOURNEY_LINK_ID": "193", "JOURNEY_LINK_DESCRIPTION": "Fishponds Rd/Straits Pde WB > M32 J3/Lower Ashley Rd WB", "JOURNEY_START": "Fishponds Rd/Straits Pde WB", "JOURNEY_START_DIRECTION_TYPE": "WB", "JOURNEY_END": "M32 J3/Lower Ashley Rd WB", "JOURNEY_END_DIRECTION_TYPE": "WB", "MINIMUM_PLATE_MATCHES": 1, "CANDIDATE_COUNT": 9, "KPI_PRIORITY_LINK": "No", "JOURNEY_START_DIRECTION_DESC": "West bound", "JOURNEY_END_DIRECTION_DESC": "West bound", "SHAPESTLength": 4382.9074766457143 }, "geometry": { "type": "LineString", "coordinates": [ [ -2.526106778431232, 51.48158207385022 ], [ -2.526969235892933, 51.481591546017555 ], [ -2.527229234345648, 51.481561545340362 ], [ -2.527649233260908, 51.481511544732115 ], [ -2.528429230010104, 51.481181543861524 ], [ -2.528849226905101, 51.480681546301213 ], [ -2.530019225230893, 51.479881547884553 ], [ -2.530359226638565, 51.479741547839375 ], [ -2.53073922571365, 51.479601548356307 ], [ -2.531119225730058, 51.479481548650732 ], [ -2.532049229507782, 51.479181547346755 ], [ -2.532339229432198, 51.479091547811564 ], [ -2.533289232658496, 51.47877154711874 ], [ -2.533559234647886, 51.478671546754882 ], [ -2.533789235186139, 51.478581546688197 ], [ -2.535959247817144, 51.477661542335738 ], [ -2.536859255461349, 51.47729154032443 ], [ -2.537059255778052, 51.477211540283818 ], [ -2.537369259005355, 51.477081539140279 ], [ -2.537879263946752, 51.476901537371816 ], [ -2.53805926450715, 51.476831537001814 ], [ -2.53830926856222, 51.476721536097301 ], [ -2.53933927790609, 51.476311534049294 ], [ -2.539979285587914, 51.476101530524041 ], [ -2.540799291822322, 51.475891527255271 ], [ -2.54119929692316, 51.475811525937139 ], [ -2.541499299945632, 51.475741523769635 ], [ -2.541809302652962, 51.475661522734114 ], [ -2.542749311956021, 51.475441518201926 ], [ -2.54342932026511, 51.475291514245328 ], [ -2.543969325075139, 51.475171511940296 ], [ -2.544629333512067, 51.475011508875873 ], [ -2.546629367421488, 51.474391496932803 ], [ -2.547759386701692, 51.473991490328572 ], [ -2.548059392193186, 51.473891487658449 ], [ -2.54945941647409, 51.473411477178594 ], [ -2.549789420844089, 51.473321475158059 ], [ -2.550099422156104, 51.473241471987883 ], [ -2.550419417072806, 51.473171464813035 ], [ -2.551179406007247, 51.473091448652156 ], [ -2.551689395608262, 51.473091438130332 ], [ -2.552239379000321, 51.473271426480188 ], [ -2.553749334867434, 51.473931394210872 ], [ -2.554789311962116, 51.474061371964439 ], [ -2.555179305934592, 51.474061363875435 ], [ -2.556009292579835, 51.473951345529208 ], [ -2.556309288637511, 51.473831339834234 ], [ -2.556599282088744, 51.473951332873163 ], [ -2.557069270279396, 51.474111323133336 ], [ -2.557609258082926, 51.474281312112481 ], [ -2.557989249568496, 51.474401305053036 ], [ -2.55827924220412, 51.474481298389506 ], [ -2.558689233414446, 51.474591289256509 ], [ -2.559079226738863, 51.474691281508264 ], [ -2.559619216690167, 51.474801270140347 ], [ -2.560159208976308, 51.474671259326698 ], [ -2.560359205627776, 51.474551254349137 ], [ -2.560529204495186, 51.474421251197327 ], [ -2.560709202799882, 51.474271246061193 ], [ -2.560789203048134, 51.474191244508653 ], [ -2.560869203127868, 51.474081242503509 ], [ -2.561119202208413, 51.473691237158434 ], [ -2.561349201870763, 51.473341232200433 ], [ -2.562409190360217, 51.472201207804027 ], [ -2.563799165123009, 51.471301177157585 ], [ -2.564259154241364, 51.471021166736911 ], [ -2.565309131596521, 51.470371143753098 ], [ -2.565849118976502, 51.47003113071537 ], [ -2.566969088055403, 51.46935111156246 ], [ -2.567459072037571, 51.469081109404272 ], [ -2.567679064496928, 51.468961108278592 ], [ -2.567909058418059, 51.468831107530285 ], [ -2.568839027201953, 51.468411105809395 ], [ -2.569878995996201, 51.467921103528859 ], [ -2.573338895506077, 51.466851099729979 ], [ -2.573588889433159, 51.466721099399976 ], [ -2.573898878053423, 51.466571102605279 ], [ -2.574308858814159, 51.466301110176538 ], [ -2.574468850646392, 51.466151114748413 ], [ -2.574548845383279, 51.465991118500902 ], [ -2.574358843164346, 51.465701127597022 ], [ -2.574398838461684, 51.465531132494483 ], [ -2.574618828406015, 51.465361137776981 ], [ -2.575278807809081, 51.465271141045356 ], [ -2.576088792294929, 51.465611129961871 ], [ -2.576148797019113, 51.46592112085014 ], [ -2.576441544113292, 51.466121528450316 ] ] } },
{ "type": "Feature", "properties": { "OBJECTID": 94, "JOURNEY_LINK_ID": "198", "JOURNEY_LINK_DESCRIPTION": "Church Rd IB > Old Market IB", "JOURNEY_START": "Church Rd IB", "JOURNEY_START_DIRECTION_TYPE": "IB", "JOURNEY_END": "Old Market IB", "JOURNEY_END_DIRECTION_TYPE": "IB", "MINIMUM_PLATE_MATCHES": 1, "CANDIDATE_COUNT": 9, "KPI_PRIORITY_LINK": "Yes", "JOURNEY_START_DIRECTION_DESC": "Inbound", "JOURNEY_END_DIRECTION_DESC": "Inbound", "SHAPESTLength": 2485.2668145335147 }, "geometry": { "type": "LineString", "coordinates": [ [ -2.545690019676252, 51.459930220430202 ], [ -2.545929680051994, 51.459961553967219 ], [ -2.546349670937608, 51.459891548001011 ], [ -2.546709666316601, 51.459801542307929 ], [ -2.54737965210851, 51.459631531624574 ], [ -2.548339632491762, 51.45945151680484 ], [ -2.54904961666607, 51.4594815049903 ], [ -2.549619604406589, 51.459541496246572 ], [ -2.550249586053239, 51.459621486539959 ], [ -2.550849558851488, 51.459661478830448 ], [ -2.553809419638455, 51.459451439596698 ], [ -2.554809371155047, 51.459271428092677 ], [ -2.556199300714884, 51.459011412271437 ], [ -2.558709170305063, 51.458501387063905 ], [ -2.559359136053869, 51.458361381514102 ], [ -2.561399017808417, 51.457951366861138 ], [ -2.561559009714359, 51.457931364828667 ], [ -2.562388965772113, 51.457881356937015 ], [ -2.562738949729487, 51.45788135291015 ], [ -2.564198878659635, 51.457911335305887 ], [ -2.564438868260039, 51.457921332910495 ], [ -2.564658857905072, 51.457931329978585 ], [ -2.564928844188673, 51.457941326229161 ], [ -2.565368825572484, 51.457981320527992 ], [ -2.565648813339543, 51.458011317056418 ], [ -2.566458776692435, 51.458061305905836 ], [ -2.567488759414326, 51.458181305331038 ], [ -2.567638758198523, 51.458201305835928 ], [ -2.567818756558482, 51.458231306661688 ], [ -2.568998745130804, 51.458371311048161 ], [ -2.569258740556553, 51.458371312758416 ], [ -2.569748733137992, 51.458341316070182 ], [ -2.57028872163918, 51.458271321439163 ], [ -2.570678711696562, 51.458161327918937 ], [ -2.571008704087928, 51.458121331908877 ], [ -2.571518700167822, 51.458181332581965 ], [ -2.57167869903034, 51.458231332886612 ], [ -2.571788699156917, 51.458271331896626 ], [ -2.573668668248415, 51.45819134755844 ], [ -2.573998661211821, 51.458141351275188 ], [ -2.575648622951706, 51.457801372731218 ], [ -2.576418604137758, 51.457641383280439 ], [ -2.576908591265541, 51.457501391557386 ], [ -2.578458546259129, 51.456881422631547 ], [ -2.579428521648359, 51.45661143920978 ], [ -2.579908510454133, 51.45648144621196 ], [ -2.580106126130519, 51.456455239846484 ] ] } },
{ "type": "Feature", "properties": { "OBJECTID": 95, "JOURNEY_LINK_ID": "208", "JOURNEY_LINK_DESCRIPTION": "Bedminster Rd EB > Brislington P&R OB", "JOURNEY_START": "Bedminster Rd EB", "JOURNEY_START_DIRECTION_TYPE": "EB", "JOURNEY_END": "Brislington P&R OB", "JOURNEY_END_DIRECTION_TYPE": "OB", "MINIMUM_PLATE_MATCHES": 1, "CANDIDATE_COUNT": 9, "KPI_PRIORITY_LINK": "No", "JOURNEY_START_DIRECTION_DESC": "East bound", "JOURNEY_END_DIRECTION_DESC": "Outbound", "SHAPESTLength": 6378.5869360450479 }, "geometry": { "type": "LineString", "coordinates": [ [ -2.605934588982996, 51.432405147747382 ], [ -2.606006571778244, 51.432341456876792 ], [ -2.60627657024513, 51.432211459236797 ], [ -2.603306595063823, 51.433531444749683 ], [ -2.602158968846484, 51.434148228640765 ], [ -2.599982173256219, 51.435356577629413 ], [ -2.598896939915425, 51.43562150959194 ], [ -2.598330638303316, 51.435641657552608 ], [ -2.597727011332413, 51.435651508659035 ], [ -2.597130163775349, 51.435608403640103 ], [ -2.596402857295806, 51.435616927230988 ], [ -2.594943459423888, 51.435891126204403 ], [ -2.593976529610095, 51.436060179513838 ], [ -2.592513238476736, 51.436314851969932 ], [ -2.592063888709389, 51.436373376961058 ], [ -2.590693299626503, 51.436398653874015 ], [ -2.589430204901066, 51.436412791204418 ], [ -2.588177599058841, 51.436431516157207 ], [ -2.586810400328988, 51.436714038291434 ], [ -2.586030078871886, 51.436982237649367 ], [ -2.584347811117877, 51.437491544007671 ], [ -2.583956375016309, 51.437031998277526 ], [ -2.583191802150321, 51.436774106014973 ], [ -2.582145157192576, 51.436484309224056 ], [ -2.581325240628174, 51.436063007126926 ], [ -2.580987248658797, 51.435823924823431 ], [ -2.580740700603718, 51.435673806965376 ], [ -2.580186815399272, 51.435136065108772 ], [ -2.579112156895527, 51.434432426039912 ], [ -2.578707054241248, 51.434021425665733 ], [ -2.578557583026404, 51.433759516137187 ], [ -2.577753540411337, 51.432301784276113 ], [ -2.577603696733816, 51.432154070208213 ], [ -2.575194912128919, 51.4323714730481 ], [ -2.57187455436546, 51.432741730605741 ], [ -2.569906850989729, 51.433173839053687 ], [ -2.568049296192394, 51.433651062381074 ], [ -2.566407598174878, 51.43415847072928 ], [ -2.566168886593962, 51.433871616894535 ], [ -2.565186758163493, 51.432567956476852 ], [ -2.564770224169065, 51.431385044245054 ], [ -2.564539145183251, 51.43066165981822 ], [ -2.563879243119717, 51.429401680320048 ], [ -2.563929380018295, 51.427611695327442 ], [ -2.563689373844426, 51.427681699216159 ], [ -2.563479368082723, 51.427751701881959 ], [ -2.563239361872922, 51.427831705513903 ], [ -2.5630293546775, 51.427921707774217 ], [ -2.562649342962834, 51.428091713460624 ], [ -2.562149326817118, 51.428301719588951 ], [ -2.561459307036796, 51.428591728745559 ], [ -2.561299301714011, 51.428651730226576 ], [ -2.5611492980849, 51.428721732073171 ], [ -2.56025927500738, 51.429081744519387 ], [ -2.559299253014823, 51.429411756056048 ], [ -2.557139232269721, 51.429851785938567 ], [ -2.556779224958445, 51.429981790326899 ], [ -2.556439218200555, 51.430121794097758 ], [ -2.556309215950839, 51.430161795026677 ], [ -2.55618921930669, 51.430111797352211 ], [ -2.555789227541958, 51.429991805795765 ], [ -2.555489233138979, 51.42992181231179 ], [ -2.55338922688574, 51.43017184147498 ], [ -2.552779221167221, 51.430341848493995 ], [ -2.552509217336005, 51.430441851092695 ], [ -2.551199193103307, 51.431041862040409 ], [ -2.549709177868163, 51.431531874469179 ], [ -2.548519183070273, 51.431661878706628 ], [ -2.548199184466256, 51.431671879610732 ], [ -2.547599191374688, 51.431631883920147 ], [ -2.54725919508496, 51.431621886063475 ], [ -2.547139194864585, 51.431621886415968 ], [ -2.545829198865923, 51.431811890405854 ], [ -2.545479197572071, 51.431891889943742 ], [ -2.54537920358289, 51.431771893114252 ], [ -2.54511921972489, 51.431461899618618 ], [ -2.544919229608798, 51.431281904057421 ], [ -2.544329254456446, 51.43087191582508 ], [ -2.544049264068495, 51.430741919285929 ], [ -2.543729269933882, 51.430641923441691 ], [ -2.543649272066133, 51.430611924206431 ], [ -2.543149282605762, 51.43048192936736 ], [ -2.542859289419751, 51.430391933214302 ], [ -2.542629294201287, 51.430321935474254 ], [ -2.541769312318015, 51.43006194579435 ], [ -2.541649315287565, 51.430031947297742 ], [ -2.541369320909117, 51.429961949426989 ], [ -2.541099325227242, 51.429901952249232 ], [ -2.540359339327124, 51.429721961010209 ], [ -2.539459353928252, 51.429551968564311 ], [ -2.538999361873046, 51.429471973300259 ], [ -2.538549368331473, 51.429381977253357 ], [ -2.538179374097134, 51.429311980921184 ], [ -2.537469387285889, 51.429161989543822 ], [ -2.53693939575719, 51.429071993932496 ], [ -2.536659400410906, 51.429001997238387 ], [ -2.536119411442772, 51.428872002887644 ], [ -2.535679419026911, 51.428762007859852 ], [ -2.53540942386564, 51.428702010877458 ], [ -2.53467943878963, 51.428502019768345 ], [ -2.534434839580258, 51.42848508524775 ] ] } },
{ "type": "Feature", "properties": { "OBJECTID": 96, "JOURNEY_LINK_ID": "218", "JOURNEY_LINK_DESCRIPTION": "Portway/Pumping Stn IB > Hotwell Rd IB", "JOURNEY_START": "Portway/Pumping Stn IB", "JOURNEY_START_DIRECTION_TYPE": "IB", "JOURNEY_END": "Hotwell Rd IB", "JOURNEY_END_DIRECTION_TYPE": "IB", "MINIMUM_PLATE_MATCHES": 1, "CANDIDATE_COUNT": 9, "KPI_PRIORITY_LINK": "Yes", "JOURNEY_START_DIRECTION_DESC": "Inbound", "JOURNEY_END_DIRECTION_DESC": "Inbound", "SHAPESTLength": 2196.5368378656667 }, "geometry": { "type": "LineString", "coordinates": [ [ -2.630032560846669, 51.461797991330748 ], [ -2.629846732608316, 51.461211630400996 ], [ -2.629676775099313, 51.46033166035766 ], [ -2.629866815670133, 51.459111702132319 ], [ -2.62998683263238, 51.45852172255146 ], [ -2.629536902661093, 51.457441756184934 ], [ -2.629426913353234, 51.457311759767521 ], [ -2.62922693080404, 51.457121766731731 ], [ -2.629046944724014, 51.457021768913357 ], [ -2.62848698629951, 51.456631779776842 ], [ -2.628157013775505, 51.456351788165037 ], [ -2.627617057061656, 51.45592180160196 ], [ -2.627117105883795, 51.45531182096078 ], [ -2.627087108732111, 51.455261821625079 ], [ -2.626907176077974, 51.453971866324672 ], [ -2.626837188580708, 51.453731874620161 ], [ -2.626557235769776, 51.452961900270729 ], [ -2.625947303769153, 51.451991932899418 ], [ -2.625297369909581, 51.451091964442654 ], [ -2.62465743010276, 51.450311991603499 ], [ -2.624327452266346, 51.450081999833344 ], [ -2.623497489732765, 51.449942004499277 ], [ -2.62209754274919, 51.449802005319739 ], [ -2.621267576690656, 51.449892004643146 ], [ -2.620877585630643, 51.450181996653427 ], [ -2.620547585563305, 51.45049198587045 ], [ -2.62007760041621, 51.450611981176294 ], [ -2.619717617242334, 51.450551982917261 ], [ -2.619247640950853, 51.450441987392644 ], [ -2.61890765632024, 51.450371989968545 ], [ -2.618297685841538, 51.450291992827815 ], [ -2.617627716500778, 51.450151998325168 ], [ -2.616967746968382, 51.450032003679382 ], [ -2.616497763932833, 51.44996200385917 ], [ -2.616207768989161, 51.44992200039583 ], [ -2.615677777892144, 51.449841996225892 ], [ -2.615257784734794, 51.449771992816132 ], [ -2.614407796883794, 51.449631984619813 ], [ -2.613819625010399, 51.449454607757687 ] ] } },
{ "type": "Feature", "properties": { "OBJECTID": 97, "JOURNEY_LINK_ID": "226", "JOURNEY_LINK_DESCRIPTION": "Bath Rd/Kings Rd NB > 3 Lamps IB", "JOURNEY_START": "Bath Rd/Kings Rd NB", "JOURNEY_START_DIRECTION_TYPE": "NB", "JOURNEY_END": "3 Lamps IB", "JOURNEY_END_DIRECTION_TYPE": "IB", "MINIMUM_PLATE_MATCHES": 1, "CANDIDATE_COUNT": 9, "KPI_PRIORITY_LINK": "Yes", "JOURNEY_START_DIRECTION_DESC": "North bound", "JOURNEY_END_DIRECTION_DESC": "Inbound", "SHAPESTLength": 1511.2242399615534 }, "geometry": { "type": "LineString", "coordinates": [ [ -2.559515316831713, 51.440653550783964 ], [ -2.559568634244057, 51.440711686656698 ], [ -2.559778607160206, 51.441111684811681 ], [ -2.560148580449682, 51.441451681459057 ], [ -2.560478560554059, 51.441731677542322 ], [ -2.561008545551999, 51.441901671626148 ], [ -2.561148541856233, 51.441931670757057 ], [ -2.561478533042621, 51.442001667073136 ], [ -2.562358505563169, 51.442091659897173 ], [ -2.562688494888439, 51.442141657055153 ], [ -2.563838459480011, 51.442281648026253 ], [ -2.564268446791381, 51.442351644087317 ], [ -2.564538437832621, 51.442401642190177 ], [ -2.565158417706033, 51.442521636368767 ], [ -2.565888393764175, 51.442661630255266 ], [ -2.567378347785173, 51.44280162621412 ], [ -2.567878335061247, 51.442821628521081 ], [ -2.570648255641127, 51.44269164181803 ], [ -2.571188238896401, 51.442651644510605 ], [ -2.571568227193358, 51.442631646012572 ], [ -2.571868218614324, 51.442611647813187 ], [ -2.572288206808222, 51.442591649380994 ], [ -2.573448172495199, 51.442561654083789 ], [ -2.574958131797165, 51.442691659666593 ], [ -2.576168108752809, 51.443071662471844 ], [ -2.576868098640479, 51.443411664864165 ], [ -2.577568091900893, 51.443771666719655 ], [ -2.57787808927664, 51.443961667621693 ], [ -2.57837809339451, 51.444401668194608 ], [ -2.578608097768776, 51.444671668756001 ], [ -2.578657823079928, 51.444694644033618 ] ] } },
{ "type": "Feature", "properties": { "OBJECTID": 98, "JOURNEY_LINK_ID": "227", "JOURNEY_LINK_DESCRIPTION": "Bath Rd/Kings Rd NB >  Easton Way NB", "JOURNEY_START": "Bath Rd/Kings Rd NB", "JOURNEY_START_DIRECTION_TYPE": "NB", "JOURNEY_END": "Easton Way NB", "JOURNEY_END_DIRECTION_TYPE": "NB", "MINIMUM_PLATE_MATCHES": 1, "CANDIDATE_COUNT": 9, "KPI_PRIORITY_LINK": "Yes", "JOURNEY_START_DIRECTION_DESC": "North bound", "JOURNEY_END_DIRECTION_DESC": "North bound", "SHAPESTLength": 2818.1974500166693 }, "geometry": { "type": "LineString", "coordinates": [ [ -2.559590686692898, 51.440534624505823 ], [ -2.559568634244057, 51.440711686656698 ], [ -2.559778607160206, 51.441111684811681 ], [ -2.560148580449682, 51.441451681459057 ], [ -2.560478560554059, 51.441731677542322 ], [ -2.5607985523541, 51.441971672284943 ], [ -2.561018550031585, 51.442201667110517 ], [ -2.561418545116854, 51.442821655936967 ], [ -2.561518550014842, 51.443351646799258 ], [ -2.561368559934186, 51.443741642555601 ], [ -2.560978579237184, 51.444101639538196 ], [ -2.560558597852111, 51.444321638946704 ], [ -2.560138617096275, 51.44449163893897 ], [ -2.55984863342389, 51.444761636900829 ], [ -2.559858638480225, 51.445121631060339 ], [ -2.560108633842741, 51.445441624941637 ], [ -2.560178632698917, 51.445531623007049 ], [ -2.56027863116355, 51.445661620644536 ], [ -2.560628623524718, 51.44606161296575 ], [ -2.560778617842744, 51.446081612047877 ], [ -2.560988614366075, 51.446381605910908 ], [ -2.560968615503334, 51.446431605062585 ], [ -2.560968620137094, 51.446691601526382 ], [ -2.561058617437468, 51.446881598978941 ], [ -2.562288584271292, 51.4484015701522 ], [ -2.562818564120517, 51.448861561266618 ], [ -2.565798459141579, 51.450621514188846 ], [ -2.566908447490627, 51.451331493184036 ], [ -2.567798469474511, 51.452011481753956 ], [ -2.568358487525941, 51.452521472695658 ], [ -2.568868504554438, 51.453011463589569 ], [ -2.569168515885672, 51.453331456548852 ], [ -2.569358522266278, 51.453551452108584 ], [ -2.569528531299936, 51.453761447737421 ], [ -2.569788541061857, 51.454071441657966 ], [ -2.570158572800403, 51.454861420672991 ], [ -2.570238620582455, 51.456001387714316 ], [ -2.570578640179007, 51.456501376535478 ], [ -2.57099865896557, 51.457091361615198 ], [ -2.57106866442284, 51.457221357592601 ], [ -2.57108866603418, 51.457261356662137 ], [ -2.57120867359312, 51.457501351026153 ], [ -2.571338688049641, 51.457881340769283 ], [ -2.571518700167822, 51.458181332581965 ], [ -2.57167869903034, 51.458231332886612 ], [ -2.571788699156917, 51.458271331896626 ], [ -2.572328699969919, 51.458541327754041 ], [ -2.572378703159817, 51.458701323413642 ], [ -2.572178712784456, 51.458931316565604 ], [ -2.571998718247075, 51.459021313004442 ], [ -2.571688727794018, 51.459171306677717 ], [ -2.571288739374125, 51.459351299502806 ], [ -2.570908755910278, 51.459681288134469 ], [ -2.570718791062092, 51.460671261551973 ], [ -2.57063882892099, 51.461871229908056 ], [ -2.570688834394344, 51.462081223929168 ], [ -2.570581011590259, 51.462090285308307 ] ] } },
{ "type": "Feature", "properties": { "OBJECTID": 99, "JOURNEY_LINK_ID": "234", "JOURNEY_LINK_DESCRIPTION": "Fishponds Rd/Coombe Rd EB > M32 J3/Lower Ashley Rd WB", "JOURNEY_START": "Fishponds Rd/Coombe Rd EB", "JOURNEY_START_DIRECTION_TYPE": "EB", "JOURNEY_END": "M32 J3/Lower Ashley Rd WB", "JOURNEY_END_DIRECTION_TYPE": "WB", "MINIMUM_PLATE_MATCHES": 1, "CANDIDATE_COUNT": 9, "KPI_PRIORITY_LINK": "No", "JOURNEY_START_DIRECTION_DESC": "East bound", "JOURNEY_END_DIRECTION_DESC": "West bound", "SHAPESTLength": 2163.2565192072975 }, "geometry": { "type": "LineString", "coordinates": [ [ -2.558269307267053, 51.472805230628978 ], [ -2.558039271998311, 51.472911302631765 ], [ -2.557669275965878, 51.473121310208732 ], [ -2.55752927811411, 51.473201313333711 ], [ -2.557309280937379, 51.473321318306581 ], [ -2.557029282803373, 51.473471324021233 ], [ -2.556569288024368, 51.473701334141673 ], [ -2.556309288637511, 51.473831339834234 ], [ -2.556599282088744, 51.473951332873163 ], [ -2.557069270279396, 51.474111323133336 ], [ -2.557609258082926, 51.474281312112481 ], [ -2.557989249568496, 51.474401305053036 ], [ -2.55827924220412, 51.474481298389506 ], [ -2.558689233414446, 51.474591289256509 ], [ -2.559079226738863, 51.474691281508264 ], [ -2.559619216690167, 51.474801270140347 ], [ -2.560159208976308, 51.474671259326698 ], [ -2.560359205627776, 51.474551254349137 ], [ -2.560529204495186, 51.474421251197327 ], [ -2.560709202799882, 51.474271246061193 ], [ -2.560789203048134, 51.474191244508653 ], [ -2.560869203127868, 51.474081242503509 ], [ -2.561119202208413, 51.473691237158434 ], [ -2.561349201870763, 51.473341232200433 ], [ -2.562409190360217, 51.472201207804027 ], [ -2.563799165123009, 51.471301177157585 ], [ -2.564259154241364, 51.471021166736911 ], [ -2.565309131596521, 51.470371143753098 ], [ -2.565849118976502, 51.47003113071537 ], [ -2.566969088055403, 51.46935111156246 ], [ -2.567459072037571, 51.469081109404272 ], [ -2.567679064496928, 51.468961108278592 ], [ -2.567909058418059, 51.468831107530285 ], [ -2.568839027201953, 51.468411105809395 ], [ -2.569878995996201, 51.467921103528859 ], [ -2.573338895506077, 51.466851099729979 ], [ -2.573588889433159, 51.466721099399976 ], [ -2.573898878053423, 51.466571102605279 ], [ -2.574308858814159, 51.466301110176538 ], [ -2.574468850646392, 51.466151114748413 ], [ -2.574548845383279, 51.465991118500902 ], [ -2.574358843164346, 51.465701127597022 ], [ -2.574398838461684, 51.465531132494483 ], [ -2.574618828406015, 51.465361137776981 ], [ -2.575278807809081, 51.465271141045356 ], [ -2.576088792294929, 51.465611129961871 ], [ -2.576148797019113, 51.46592112085014 ], [ -2.576472514401019, 51.466231094290052 ] ] } },
{ "type": "Feature", "properties": { "OBJECTID": 100, "JOURNEY_LINK_ID": "237", "JOURNEY_LINK_DESCRIPTION": "Fishponds Rd/Coombe Rd EB > M32 J2/Muller Rd WB", "JOURNEY_START": "Fishponds Rd/Coombe Rd EB", "JOURNEY_START_DIRECTION_TYPE": "EB", "JOURNEY_END": "M32 J2/Muller Rd WB", "JOURNEY_END_DIRECTION_TYPE": "WB", "MINIMUM_PLATE_MATCHES": 1, "CANDIDATE_COUNT": 9, "KPI_PRIORITY_LINK": "No", "JOURNEY_START_DIRECTION_DESC": "East bound", "JOURNEY_END_DIRECTION_DESC": "West bound", "SHAPESTLength": 747.45511600141572 }, "geometry": { "type": "LineString", "coordinates": [ [ -2.558419252193036, 51.472840719522374 ], [ -2.558039271998311, 51.472911302631765 ], [ -2.557669275965878, 51.473121310208732 ], [ -2.55752927811411, 51.473201313333711 ], [ -2.557309280937379, 51.473321318306581 ], [ -2.557029282803373, 51.473471324021233 ], [ -2.556569288024368, 51.473701334141673 ], [ -2.556309288637511, 51.473831339834234 ], [ -2.556599282088744, 51.473951332873163 ], [ -2.557069270279396, 51.474111323133336 ], [ -2.557609258082926, 51.474281312112481 ], [ -2.557989249568496, 51.474401305053036 ], [ -2.55827924220412, 51.474481298389506 ], [ -2.558689233414446, 51.474591289256509 ], [ -2.559079226738863, 51.474691281508264 ], [ -2.559619216690167, 51.474801270140347 ], [ -2.560159208976308, 51.474671259326698 ], [ -2.560359205627776, 51.474551254349137 ], [ -2.560959195558089, 51.47453124223609 ], [ -2.561129192776681, 51.474631238283919 ], [ -2.561259190437381, 51.474741235531397 ], [ -2.561549184373205, 51.474791229289771 ], [ -2.56185917876584, 51.474821223099468 ], [ -2.562329170515953, 51.474821212976082 ], [ -2.562689164034155, 51.474981205935102 ], [ -2.562789161367995, 51.475031204718789 ], [ -2.563499145022566, 51.475201193046011 ], [ -2.563421063581311, 51.475160584170375 ] ] } },
{ "type": "Feature", "properties": { "OBJECTID": 101, "JOURNEY_LINK_ID": "1", "JOURNEY_LINK_DESCRIPTION": "Bedminster Parade IB > Cattle Market Rd EB", "JOURNEY_START": "Bedminster Parade IB", "JOURNEY_START_DIRECTION_TYPE": "IB", "JOURNEY_END": "Cattle Market Rd EB", "JOURNEY_END_DIRECTION_TYPE": "EB", "MINIMUM_PLATE_MATCHES": 1, "CANDIDATE_COUNT": 9, "KPI_PRIORITY_LINK": "No", "JOURNEY_START_DIRECTION_DESC": "Inbound", "JOURNEY_END_DIRECTION_DESC": "East bound", "SHAPESTLength": 1347.4689918310135 }, "geometry": { "type": "LineString", "coordinates": [ [ -2.593436836582325, 51.444082293852894 ], [ -2.592687840861013, 51.444771778608924 ], [ -2.592327859339358, 51.444931775657132 ], [ -2.592067868611722, 51.445041773501138 ], [ -2.59175788998949, 51.445291771652499 ], [ -2.591777892799078, 51.445341771282308 ], [ -2.591697915208419, 51.445641770967406 ], [ -2.591517929155375, 51.445831769325785 ], [ -2.591447934154543, 51.445901769296448 ], [ -2.591287943396394, 51.446011766922815 ], [ -2.591247945417062, 51.446021767338692 ], [ -2.590917984855899, 51.446581764766002 ], [ -2.590738034927037, 51.447341763083585 ], [ -2.590598066970263, 51.447811763301267 ], [ -2.590458129669233, 51.448801761595142 ], [ -2.590548133373744, 51.448861762857206 ], [ -2.590598139435667, 51.448961764121805 ], [ -2.59057814763307, 51.449091763496433 ], [ -2.590418156114311, 51.449201761748782 ], [ -2.590268158014776, 51.44922176099422 ], [ -2.590148157216899, 51.449211759896023 ], [ -2.590018155444362, 51.449161758338676 ], [ -2.58996815510459, 51.449131757998302 ], [ -2.589908151544716, 51.449081757516105 ], [ -2.589368142820385, 51.448871751541681 ], [ -2.588968144458209, 51.448861747989369 ], [ -2.588208152721921, 51.448911741851937 ], [ -2.587388162861543, 51.448971734140216 ], [ -2.586268174101585, 51.449041723678071 ], [ -2.584548181263427, 51.448951707363968 ], [ -2.584378181820223, 51.448931706764938 ], [ -2.583618168473131, 51.44853169983125 ], [ -2.583508165172997, 51.44847169844514 ], [ -2.583168162026988, 51.448311695129597 ], [ -2.582818157566457, 51.448121692116409 ], [ -2.582388152459166, 51.447861689283812 ], [ -2.582028159846409, 51.447911685305513 ], [ -2.581377625660389, 51.448326059537862 ] ] } },
{ "type": "Feature", "properties": { "OBJECTID": 102, "JOURNEY_LINK_ID": "3", "JOURNEY_LINK_DESCRIPTION": "Bedminster Parade IB >  Bond St WB", "JOURNEY_START": "Bedminster Parade IB", "JOURNEY_START_DIRECTION_TYPE": "IB", "JOURNEY_END": "Bond St WB", "JOURNEY_END_DIRECTION_TYPE": "WB", "MINIMUM_PLATE_MATCHES": 1, "CANDIDATE_COUNT": 9, "KPI_PRIORITY_LINK": "Yes", "JOURNEY_START_DIRECTION_DESC": "Inbound", "JOURNEY_END_DIRECTION_DESC": "West bound", "SHAPESTLength": 2570.9940406999876 }, "geometry": { "type": "LineString", "coordinates": [ [ -2.593415612051678, 51.444105760139081 ], [ -2.592687840861013, 51.444771778608924 ], [ -2.592327859339358, 51.444931775657132 ], [ -2.592067868611722, 51.445041773501138 ], [ -2.59175788998949, 51.445291771652499 ], [ -2.591777892799078, 51.445341771282308 ], [ -2.591697915208419, 51.445641770967406 ], [ -2.591517929155375, 51.445831769325785 ], [ -2.591447934154543, 51.445901769296448 ], [ -2.591287943396394, 51.446011766922815 ], [ -2.591247945417062, 51.446021767338692 ], [ -2.590917984855899, 51.446581764766002 ], [ -2.590738034927037, 51.447341763083585 ], [ -2.590598066970263, 51.447811763301267 ], [ -2.590458129669233, 51.448801761595142 ], [ -2.590548133373744, 51.448861762857206 ], [ -2.590598139435667, 51.448961764121805 ], [ -2.59057814763307, 51.449091763496433 ], [ -2.590418156114311, 51.449201761748782 ], [ -2.590268158014776, 51.44922176099422 ], [ -2.590148157216899, 51.449211759896023 ], [ -2.590018155444362, 51.449161758338676 ], [ -2.58996815510459, 51.449131757998302 ], [ -2.589908151544716, 51.449081757516105 ], [ -2.589368142820385, 51.448871751541681 ], [ -2.588968144458209, 51.448861747989369 ], [ -2.588208152721921, 51.448911741851937 ], [ -2.587388162861543, 51.448971734140216 ], [ -2.586268174101585, 51.449041723678071 ], [ -2.584548181263427, 51.448951707363968 ], [ -2.584968224747003, 51.449851711840836 ], [ -2.58497823017913, 51.449971711700634 ], [ -2.584988241292634, 51.450341700377876 ], [ -2.584958245467889, 51.450451696511301 ], [ -2.584758266317884, 51.451021674548763 ], [ -2.584658277607832, 51.451391661199217 ], [ -2.584538295237162, 51.451931640763249 ], [ -2.584358321899358, 51.452701612116421 ], [ -2.584308330427295, 51.452961603452273 ], [ -2.584198340635803, 51.453221592242009 ], [ -2.583928365510528, 51.453851569330922 ], [ -2.5836183936301, 51.454571541422517 ], [ -2.583608419906102, 51.455361513267874 ], [ -2.583718427086082, 51.455621505358856 ], [ -2.583858433934296, 51.455901496834102 ], [ -2.584158445415897, 51.456371483397824 ], [ -2.584418452721461, 51.456751472611785 ], [ -2.584648461480446, 51.457121461965436 ], [ -2.584588477022973, 51.457581444480162 ], [ -2.583798521030299, 51.458671399011799 ], [ -2.583918522491225, 51.459261377706355 ], [ -2.584038520863782, 51.459551367714703 ], [ -2.585718479665396, 51.459201395109176 ], [ -2.586316827384265, 51.459250581224687 ], [ -2.588131286398779, 51.459185511982028 ] ] } },
{ "type": "Feature", "properties": { "OBJECTID": 103, "JOURNEY_LINK_ID": "10", "JOURNEY_LINK_DESCRIPTION": "M32 IB > Redcliffe Way WB", "JOURNEY_START": "M32 IB", "JOURNEY_START_DIRECTION_TYPE": "IB", "JOURNEY_END": "Redcliffe Way WB", "JOURNEY_END_DIRECTION_TYPE": "WB", "MINIMUM_PLATE_MATCHES": 1, "CANDIDATE_COUNT": 9, "KPI_PRIORITY_LINK": "Yes", "JOURNEY_START_DIRECTION_DESC": "Inbound", "JOURNEY_END_DIRECTION_DESC": "West bound", "SHAPESTLength": 2402.7720474725852 }, "geometry": { "type": "LineString", "coordinates": [ [ -2.582308107831748, 51.460205614907203 ], [ -2.582418560691111, 51.460201331998277 ], [ -2.582548556532237, 51.460091336808617 ], [ -2.583328541006612, 51.459761353315571 ], [ -2.583628532056351, 51.4596713600898 ], [ -2.5837685256529, 51.459421370774109 ], [ -2.583608525778782, 51.458731394851029 ], [ -2.583718521671039, 51.458481405284282 ], [ -2.583798517864655, 51.458371409760176 ], [ -2.58388851340733, 51.458271414584139 ], [ -2.58411850002872, 51.457991426703025 ], [ -2.584438471414813, 51.457321452348033 ], [ -2.584438470414158, 51.457271454417914 ], [ -2.584408462558598, 51.457031462578705 ], [ -2.584048449301088, 51.45640148108253 ], [ -2.58371843675513, 51.45592149470766 ], [ -2.583578430732215, 51.455641503077089 ], [ -2.583478422763843, 51.455381511362773 ], [ -2.583518393958462, 51.454521542302494 ], [ -2.583648380271613, 51.454191554758737 ], [ -2.583998346893211, 51.453301587784559 ], [ -2.584078335166195, 51.452991599975455 ], [ -2.584098330581201, 51.45286160416444 ], [ -2.584128326509688, 51.452771607678265 ], [ -2.584168321624404, 51.452641612689398 ], [ -2.584258310302255, 51.452321625139554 ], [ -2.584288304723489, 51.452161630714549 ], [ -2.584318299637871, 51.451991637215116 ], [ -2.58434829586408, 51.451861641716171 ], [ -2.584558271814659, 51.451151668384824 ], [ -2.584798247060296, 51.450451694518861 ], [ -2.584828242459679, 51.450351698088284 ], [ -2.584848237447031, 51.450161705240582 ], [ -2.584828230665124, 51.449951710761155 ], [ -2.584808224118368, 51.449831710536536 ], [ -2.584678205482267, 51.449451709742213 ], [ -2.584378181820223, 51.448931706764938 ], [ -2.583618168473131, 51.44853169983125 ], [ -2.582684798035375, 51.448041055202168 ], [ -2.581518130727089, 51.447041682955209 ], [ -2.582088120013927, 51.447051687012276 ], [ -2.582670986096731, 51.447468016936789 ], [ -2.583511412182469, 51.448334902289105 ], [ -2.58367816263219, 51.448421699976272 ], [ -2.584048167632546, 51.448611702936176 ], [ -2.584468177061843, 51.448841707062883 ], [ -2.585148174236365, 51.448901713246848 ], [ -2.585698170766849, 51.448921718528325 ], [ -2.585818171366102, 51.448931719696553 ], [ -2.586368168988355, 51.448941724860674 ], [ -2.586638165698051, 51.448931727341424 ], [ -2.586958163031652, 51.448921730074375 ], [ -2.587568155551264, 51.448871735388032 ], [ -2.588158148513417, 51.448831741548325 ], [ -2.589438136046445, 51.44878175259857 ], [ -2.589968135104608, 51.4488117573473 ], [ -2.590078132187159, 51.448771759557197 ], [ -2.590458129669233, 51.448801761595142 ], [ -2.590548133373744, 51.448861762857206 ], [ -2.590598139435667, 51.448961764121805 ], [ -2.590453366239798, 51.449171927629237 ] ] } },
{ "type": "Feature", "properties": { "OBJECTID": 104, "JOURNEY_LINK_ID": "17", "JOURNEY_LINK_DESCRIPTION": "M32 IB > St Luke's Rd SB", "JOURNEY_START": "M32 IB", "JOURNEY_START_DIRECTION_TYPE": "IB", "JOURNEY_END": "St Luke's Rd SB", "JOURNEY_END_DIRECTION_TYPE": "SB", "MINIMUM_PLATE_MATCHES": 1, "CANDIDATE_COUNT": 9, "KPI_PRIORITY_LINK": "No", "JOURNEY_START_DIRECTION_DESC": "Inbound", "JOURNEY_END_DIRECTION_DESC": "South bound", "SHAPESTLength": 2039.5003463332534 }, "geometry": { "type": "LineString", "coordinates": [ [ -2.582425210004391, 51.460269137764627 ], [ -2.582418560691111, 51.460201331998277 ], [ -2.582548556532237, 51.460091336808617 ], [ -2.583328541006612, 51.459761353315571 ], [ -2.583628532056351, 51.4596713600898 ], [ -2.5837685256529, 51.459421370774109 ], [ -2.583608525778782, 51.458731394851029 ], [ -2.583718521671039, 51.458481405284282 ], [ -2.583798517864655, 51.458371409760176 ], [ -2.58388851340733, 51.458271414584139 ], [ -2.58411850002872, 51.457991426703025 ], [ -2.584438471414813, 51.457321452348033 ], [ -2.584438470414158, 51.457271454417914 ], [ -2.584408462558598, 51.457031462578705 ], [ -2.584048449301088, 51.45640148108253 ], [ -2.58371843675513, 51.45592149470766 ], [ -2.583578430732215, 51.455641503077089 ], [ -2.583478422763843, 51.455381511362773 ], [ -2.583518393958462, 51.454521542302494 ], [ -2.583648380271613, 51.454191554758737 ], [ -2.583998346893211, 51.453301587784559 ], [ -2.584078335166195, 51.452991599975455 ], [ -2.584098330581201, 51.45286160416444 ], [ -2.584128326509688, 51.452771607678265 ], [ -2.584168321624404, 51.452641612689398 ], [ -2.584258310302255, 51.452321625139554 ], [ -2.584288304723489, 51.452161630714549 ], [ -2.584318299637871, 51.451991637215116 ], [ -2.58434829586408, 51.451861641716171 ], [ -2.584558271814659, 51.451151668384824 ], [ -2.584798247060296, 51.450451694518861 ], [ -2.584828242459679, 51.450351698088284 ], [ -2.584848237447031, 51.450161705240582 ], [ -2.584828230665124, 51.449951710761155 ], [ -2.584808224118368, 51.449831710536536 ], [ -2.584678205482267, 51.449451709742213 ], [ -2.584378181820223, 51.448931706764938 ], [ -2.583618168473131, 51.44853169983125 ], [ -2.583508165172997, 51.44847169844514 ], [ -2.583168162026988, 51.448311695129597 ], [ -2.582818157566457, 51.448121692116409 ], [ -2.582148147492996, 51.447691687042585 ], [ -2.58186814223679, 51.447461684609458 ], [ -2.581708139184438, 51.447341683807409 ], [ -2.581538137337369, 51.447241682374781 ], [ -2.581508134200577, 51.447151682393901 ], [ -2.581518130727089, 51.447041682955209 ], [ -2.581698121808813, 51.446941683394208 ], [ -2.582528100485682, 51.446751691024048 ], [ -2.583698048291197, 51.44606169885467 ], [ -2.584678011739246, 51.445581708378185 ], [ -2.584928003166235, 51.445481709954649 ], [ -2.584727995749512, 51.445301708747991 ], [ -2.584447986528598, 51.445041706292052 ], [ -2.584447976196155, 51.444811705789682 ], [ -2.584629469272339, 51.44471001847478 ] ] } },
{ "type": "Feature", "properties": { "OBJECTID": 105, "JOURNEY_LINK_ID": "20", "JOURNEY_LINK_DESCRIPTION": "M32 OB > M32 J3/Lower Ashley Rd WB", "JOURNEY_START": "M32 OB", "JOURNEY_START_DIRECTION_TYPE": "OB", "JOURNEY_END": "M32 J3/Lower Ashley Rd WB", "JOURNEY_END_DIRECTION_TYPE": "WB", "MINIMUM_PLATE_MATCHES": 1, "CANDIDATE_COUNT": 9, "KPI_PRIORITY_LINK": "Yes", "JOURNEY_START_DIRECTION_DESC": "Outbound", "JOURNEY_END_DIRECTION_DESC": "West bound", "SHAPESTLength": 831.7770643913326 }, "geometry": { "type": "LineString", "coordinates": [ [ -2.58265911492533, 51.460346014075334 ], [ -2.582338563888287, 51.460521319918108 ], [ -2.581588582542224, 51.460811305498446 ], [ -2.580818603209352, 51.461251286043144 ], [ -2.579148658870211, 51.462581234389006 ], [ -2.577988702989116, 51.463561198660237 ], [ -2.577798710654555, 51.463741192764687 ], [ -2.577348729250379, 51.464151178155895 ], [ -2.577018747099381, 51.464671160995245 ], [ -2.576808755891567, 51.464851154524204 ], [ -2.576648763647123, 51.4649911501579 ], [ -2.576328778268629, 51.465261141667092 ], [ -2.576088792294929, 51.465611129961871 ], [ -2.576148797019113, 51.46592112085014 ], [ -2.576332353567434, 51.466309990682603 ] ] } },
{ "type": "Feature", "properties": { "OBJECTID": 106, "JOURNEY_LINK_ID": "27", "JOURNEY_LINK_DESCRIPTION": "3 Lamps IB > Castle St WB", "JOURNEY_START": "3 Lamps IB", "JOURNEY_START_DIRECTION_TYPE": "IB", "JOURNEY_END": "Castle St WB", "JOURNEY_END_DIRECTION_TYPE": "WB", "MINIMUM_PLATE_MATCHES": 1, "CANDIDATE_COUNT": 9, "KPI_PRIORITY_LINK": "No", "JOURNEY_START_DIRECTION_DESC": "Inbound", "JOURNEY_END_DIRECTION_DESC": "West bound", "SHAPESTLength": 1484.4949200112776 }, "geometry": { "type": "LineString", "coordinates": [ [ -2.578593032182254, 51.444837958037674 ], [ -2.578708105145705, 51.444981668510451 ], [ -2.578928112659281, 51.445321667979634 ], [ -2.579408120311024, 51.445831670380159 ], [ -2.579698124921363, 51.446071670768994 ], [ -2.579898126323958, 51.446211671740116 ], [ -2.580178127091853, 51.446401673385878 ], [ -2.580428130331522, 51.446581674163319 ], [ -2.580558131452283, 51.446681675291586 ], [ -2.580918131031562, 51.446801678588578 ], [ -2.581338127881554, 51.446921681177017 ], [ -2.581698121808813, 51.446941683394208 ], [ -2.582088120013927, 51.447051687012276 ], [ -2.58218812196726, 51.447111687477069 ], [ -2.582548126546521, 51.447351689786515 ], [ -2.582638127369409, 51.447421690754055 ], [ -2.582718130501785, 51.447501691662211 ], [ -2.582758131684876, 51.447551691321465 ], [ -2.582818139484702, 51.447711692937823 ], [ -2.582968151611588, 51.448051693381466 ], [ -2.584048167632546, 51.448611702936176 ], [ -2.584468177061843, 51.448841707062883 ], [ -2.584548181263427, 51.448951707363968 ], [ -2.584968224747003, 51.449851711840836 ], [ -2.58497823017913, 51.449971711700634 ], [ -2.584988241292634, 51.450341700377876 ], [ -2.584958245467889, 51.450451696511301 ], [ -2.584758266317884, 51.451021674548763 ], [ -2.584658277607832, 51.451391661199217 ], [ -2.584538295237162, 51.451931640763249 ], [ -2.584358321899358, 51.452701612116421 ], [ -2.584308330427295, 51.452961603452273 ], [ -2.584198340635803, 51.453221592242009 ], [ -2.583928365510528, 51.453851569330922 ], [ -2.583878376166416, 51.454181556403327 ], [ -2.583868378985425, 51.454241554737465 ], [ -2.583738393538177, 51.454631540437198 ], [ -2.583698405800695, 51.454981527698628 ], [ -2.583708413178124, 51.455201520678195 ], [ -2.583748415976415, 51.455281517612995 ], [ -2.583808418490197, 51.45538151535429 ], [ -2.583988418630656, 51.45546151319666 ], [ -2.584788406632041, 51.455451519984855 ], [ -2.584918404711467, 51.455471520981732 ], [ -2.585078406656183, 51.455611517763003 ], [ -2.585054579371523, 51.455719678843593 ] ] } },
{ "type": "Feature", "properties": { "OBJECTID": 107, "JOURNEY_LINK_ID": "35", "JOURNEY_LINK_DESCRIPTION": "3 Lamps OB > Easton Way NB", "JOURNEY_START": "3 Lamps OB", "JOURNEY_START_DIRECTION_TYPE": "OB", "JOURNEY_END": "Easton Way NB", "JOURNEY_END_DIRECTION_TYPE": "NB", "MINIMUM_PLATE_MATCHES": 1, "CANDIDATE_COUNT": 9, "KPI_PRIORITY_LINK": "No", "JOURNEY_START_DIRECTION_DESC": "Outbound", "JOURNEY_END_DIRECTION_DESC": "North bound", "SHAPESTLength": 3717.2880249997197 }, "geometry": { "type": "LineString", "coordinates": [ [ -2.579054423525292, 51.445497361767806 ], [ -2.577858092970132, 51.444021666579452 ], [ -2.576868098640479, 51.443411664864165 ], [ -2.574958131797165, 51.442691659666593 ], [ -2.573368176545926, 51.442631653836422 ], [ -2.573078206807832, 51.443801642353776 ], [ -2.571059051765837, 51.443861723723728 ], [ -2.569090543067953, 51.44426717504259 ], [ -2.568634634149476, 51.444832748166824 ], [ -2.568613864566911, 51.44512214136244 ], [ -2.567592532416637, 51.445285438640148 ], [ -2.563846639365864, 51.445805971811446 ], [ -2.560880163701547, 51.446226679161555 ], [ -2.560968615503334, 51.446431605062585 ], [ -2.561286744806854, 51.447163523724285 ], [ -2.562288584271292, 51.4484015701522 ], [ -2.563178644983101, 51.449074241479806 ], [ -2.565147669088202, 51.45023717640656 ], [ -2.566908447490627, 51.451331493184036 ], [ -2.567798469474511, 51.452011481753956 ], [ -2.568868504554438, 51.453011463589569 ], [ -2.569788541061857, 51.454071441657966 ], [ -2.570158572800403, 51.454861420672991 ], [ -2.570238620582455, 51.456001387714316 ], [ -2.57099865896557, 51.457091361615198 ], [ -2.571518700167822, 51.458181332581965 ], [ -2.572618702829854, 51.45881132262808 ], [ -2.572178712784456, 51.458931316565604 ], [ -2.571998718247075, 51.459021313004442 ], [ -2.571688727794018, 51.459171306677717 ], [ -2.571288739374125, 51.459351299502806 ], [ -2.570908755910278, 51.459681288134469 ], [ -2.570718791062092, 51.460671261551973 ], [ -2.57063882892099, 51.461871229908056 ], [ -2.570688834394344, 51.462081223929168 ], [ -2.570677224118723, 51.462170762973443 ] ] } },
{ "type": "Feature", "properties": { "OBJECTID": 108, "JOURNEY_LINK_ID": "49", "JOURNEY_LINK_DESCRIPTION": "Old Market OB >  Easton Way NB", "JOURNEY_START": "Old Market OB", "JOURNEY_START_DIRECTION_TYPE": "OB", "JOURNEY_END": "Easton Way NB", "JOURNEY_END_DIRECTION_TYPE": "NB", "MINIMUM_PLATE_MATCHES": 1, "CANDIDATE_COUNT": 9, "KPI_PRIORITY_LINK": "Yes", "JOURNEY_START_DIRECTION_DESC": "Outbound", "JOURNEY_END_DIRECTION_DESC": "North bound", "SHAPESTLength": 1348.0753140138606 }, "geometry": { "type": "LineString", "coordinates": [ [ -2.580166696892468, 51.456436586118897 ], [ -2.579908510454133, 51.45648144621196 ], [ -2.580258516393434, 51.456791439053681 ], [ -2.580368519403772, 51.456921434855538 ], [ -2.580268538628834, 51.457351419596662 ], [ -2.5793785779014, 51.458091388655042 ], [ -2.578918593625002, 51.458351377148375 ], [ -2.577118634964544, 51.459071342151177 ], [ -2.576608647921039, 51.459251333383527 ], [ -2.576598642696607, 51.458981342259392 ], [ -2.576578632453578, 51.458491357261188 ], [ -2.57656861662753, 51.458001373123302 ], [ -2.576338613679287, 51.457861376074952 ], [ -2.575398630159982, 51.457911368335466 ], [ -2.574788645292989, 51.458051359408771 ], [ -2.574338654878489, 51.458151352948185 ], [ -2.574118660605496, 51.45820135015007 ], [ -2.573808671486045, 51.45831134430879 ], [ -2.572618702829854, 51.45881132262808 ], [ -2.572178712784456, 51.458931316565604 ], [ -2.571998718247075, 51.459021313004442 ], [ -2.571688727794018, 51.459171306677717 ], [ -2.571288739374125, 51.459351299502806 ], [ -2.570908755910278, 51.459681288134469 ], [ -2.570718791062092, 51.460671261551973 ], [ -2.57063882892099, 51.461871229908056 ], [ -2.570688834394344, 51.462081223929168 ], [ -2.570875481371122, 51.461977875333162 ] ] } },
{ "type": "Feature", "properties": { "OBJECTID": 109, "JOURNEY_LINK_ID": "52", "JOURNEY_LINK_DESCRIPTION": "Old Market IB > Redcliffe Way WB", "JOURNEY_START": "Old Market IB", "JOURNEY_START_DIRECTION_TYPE": "IB", "JOURNEY_END": "Redcliffe Way WB", "JOURNEY_END_DIRECTION_TYPE": "WB", "MINIMUM_PLATE_MATCHES": 1, "CANDIDATE_COUNT": 9, "KPI_PRIORITY_LINK": "No", "JOURNEY_START_DIRECTION_DESC": "Inbound", "JOURNEY_END_DIRECTION_DESC": "West bound", "SHAPESTLength": 2056.8369940178595 }, "geometry": { "type": "LineString", "coordinates": [ [ -2.579994660767652, 51.456413656170668 ], [ -2.580528496490389, 51.456331456451885 ], [ -2.580668492158097, 51.456301458017954 ], [ -2.5816184691212, 51.455961476519597 ], [ -2.582088458144733, 51.455861484293322 ], [ -2.582428451189577, 51.455801488715757 ], [ -2.583198435333899, 51.455621501350237 ], [ -2.583228433047212, 51.455551503286188 ], [ -2.583268430146944, 51.455501505612126 ], [ -2.583398394070705, 51.454531540004673 ], [ -2.583838352001691, 51.453411583735935 ], [ -2.584214543732377, 51.452456705079335 ], [ -2.584697395282991, 51.450745867242631 ], [ -2.584798247060296, 51.450451694518861 ], [ -2.584828230665124, 51.449951710761155 ], [ -2.584678205482267, 51.449451709742213 ], [ -2.584378181820223, 51.448931706764938 ], [ -2.583618168473131, 51.44853169983125 ], [ -2.58186814223679, 51.447461684609458 ], [ -2.581518130727089, 51.447041682955209 ], [ -2.581698121808813, 51.446941683394208 ], [ -2.582088120013927, 51.447051687012276 ], [ -2.582548126546521, 51.447351689786515 ], [ -2.582863601737406, 51.447837306267729 ], [ -2.583511412182469, 51.448334902289105 ], [ -2.584279568257836, 51.44873842197304 ], [ -2.584468177061843, 51.448841707062883 ], [ -2.585148174236365, 51.448901713246848 ], [ -2.585818171366102, 51.448931719696553 ], [ -2.586368168988355, 51.448941724860674 ], [ -2.587568155551264, 51.448871735388032 ], [ -2.58840731914391, 51.448822011922253 ], [ -2.589244947810661, 51.448789297974159 ], [ -2.589606507003927, 51.448791284934792 ], [ -2.589968135104608, 51.4488117573473 ], [ -2.590078132187159, 51.448771759557197 ], [ -2.590458129669233, 51.448801761595142 ], [ -2.590548133373744, 51.448861762857206 ], [ -2.590598139435667, 51.448961764121805 ], [ -2.59059462973792, 51.449090591384802 ] ] } },
{ "type": "Feature", "properties": { "OBJECTID": 110, "JOURNEY_LINK_ID": "53", "JOURNEY_LINK_DESCRIPTION": "Old Market IB > M32 OB", "JOURNEY_START": "Old Market IB", "JOURNEY_START_DIRECTION_TYPE": "IB", "JOURNEY_END": "M32 OB", "JOURNEY_END_DIRECTION_TYPE": "OB", "MINIMUM_PLATE_MATCHES": 1, "CANDIDATE_COUNT": 9, "KPI_PRIORITY_LINK": "No", "JOURNEY_START_DIRECTION_DESC": "Inbound", "JOURNEY_END_DIRECTION_DESC": "Outbound", "SHAPESTLength": 932.7109658461826 }, "geometry": { "type": "LineString", "coordinates": [ [ -2.580169220736812, 51.456475343230963 ], [ -2.580528496490389, 51.456331456451885 ], [ -2.580668492158097, 51.456301458017954 ], [ -2.5816184691212, 51.455961476519597 ], [ -2.582088458144733, 51.455861484293322 ], [ -2.582428451189577, 51.455801488715757 ], [ -2.583198435333899, 51.455621501350237 ], [ -2.583228433047212, 51.455551503286188 ], [ -2.583268430146944, 51.455501505612126 ], [ -2.583688418835397, 51.455361514367858 ], [ -2.583808418490197, 51.45538151535429 ], [ -2.583988418630656, 51.45546151319666 ], [ -2.584098421392075, 51.455601509214262 ], [ -2.584078426174711, 51.455751503937883 ], [ -2.5840584268916, 51.455781502897807 ], [ -2.584078432817708, 51.455951496563443 ], [ -2.584118436218704, 51.456061493225953 ], [ -2.584598455410037, 51.456921468242037 ], [ -2.584648461480446, 51.457121461965436 ], [ -2.584588477022973, 51.457581444480162 ], [ -2.583798521030299, 51.458671399011799 ], [ -2.583918522491225, 51.459261377706355 ], [ -2.584038520863782, 51.459551367714703 ], [ -2.584098522117101, 51.459791358695028 ], [ -2.58377852979998, 51.459901352075377 ], [ -2.583338543368438, 51.460101340527238 ], [ -2.582898552093865, 51.460291330847696 ], [ -2.582711388720462, 51.460483494374792 ] ] } },
{ "type": "Feature", "properties": { "OBJECTID": 111, "JOURNEY_LINK_ID": "58", "JOURNEY_LINK_DESCRIPTION": "Old Market IB > St Luke's Rd SB", "JOURNEY_START": "Old Market IB", "JOURNEY_START_DIRECTION_TYPE": "IB", "JOURNEY_END": "St Luke's Rd SB", "JOURNEY_END_DIRECTION_TYPE": "SB", "MINIMUM_PLATE_MATCHES": 1, "CANDIDATE_COUNT": 9, "KPI_PRIORITY_LINK": "No", "JOURNEY_START_DIRECTION_DESC": "Inbound", "JOURNEY_END_DIRECTION_DESC": "South bound", "SHAPESTLength": 1672.5652893052518 }, "geometry": { "type": "LineString", "coordinates": [ [ -2.580199486590068, 51.456360684478355 ], [ -2.580528496490389, 51.456331456451885 ], [ -2.580668492158097, 51.456301458017954 ], [ -2.5816184691212, 51.455961476519597 ], [ -2.582088458144733, 51.455861484293322 ], [ -2.582428451189577, 51.455801488715757 ], [ -2.583198435333899, 51.455621501350237 ], [ -2.583228433047212, 51.455551503286188 ], [ -2.583268430146944, 51.455501505612126 ], [ -2.583288425047049, 51.455321512133551 ], [ -2.583288423512446, 51.455291513204479 ], [ -2.583398394070705, 51.454531540004673 ], [ -2.583508382112086, 51.454201552541399 ], [ -2.583838352001691, 51.453411583735935 ], [ -2.583998339269483, 51.453101595080881 ], [ -2.584078335166195, 51.452991599975455 ], [ -2.584098330581201, 51.45286160416444 ], [ -2.584128326509688, 51.452771607678265 ], [ -2.584168321624404, 51.452641612689398 ], [ -2.584288304723489, 51.452161630714549 ], [ -2.584318299637871, 51.451991637215116 ], [ -2.58434829586408, 51.451861641716171 ], [ -2.584558271814659, 51.451151668384824 ], [ -2.584798247060296, 51.450451694518861 ], [ -2.584828242459679, 51.450351698088284 ], [ -2.584848237447031, 51.450161705240582 ], [ -2.584828230665124, 51.449951710761155 ], [ -2.584808224118368, 51.449831710536536 ], [ -2.584678205482267, 51.449451709742213 ], [ -2.584378181820223, 51.448931706764938 ], [ -2.583618168473131, 51.44853169983125 ], [ -2.583508165172997, 51.44847169844514 ], [ -2.583168162026988, 51.448311695129597 ], [ -2.582818157566457, 51.448121692116409 ], [ -2.582148147492996, 51.447691687042585 ], [ -2.58186814223679, 51.447461684609458 ], [ -2.581708139184438, 51.447341683807409 ], [ -2.581538137337369, 51.447241682374781 ], [ -2.581508134200577, 51.447151682393901 ], [ -2.581518130727089, 51.447041682955209 ], [ -2.581698121808813, 51.446941683394208 ], [ -2.582528100485682, 51.446751691024048 ], [ -2.583698048291197, 51.44606169885467 ], [ -2.584678011739246, 51.445581708378185 ], [ -2.584928003166235, 51.445481709954649 ], [ -2.584727995749512, 51.445301708747991 ], [ -2.584447986528598, 51.445041706292052 ], [ -2.584447976196155, 51.444811705789682 ], [ -2.584553067060103, 51.444794987759373 ] ] } },
{ "type": "Feature", "properties": { "OBJECTID": 112, "JOURNEY_LINK_ID": "69", "JOURNEY_LINK_DESCRIPTION": "Castle St WB > Anchor Rd OB", "JOURNEY_START": "Castle St WB", "JOURNEY_START_DIRECTION_TYPE": "WB", "JOURNEY_END": "Anchor Rd OB", "JOURNEY_END_DIRECTION_TYPE": "OB", "MINIMUM_PLATE_MATCHES": 1, "CANDIDATE_COUNT": 9, "KPI_PRIORITY_LINK": "No", "JOURNEY_START_DIRECTION_DESC": "West bound", "JOURNEY_END_DIRECTION_DESC": "Outbound", "SHAPESTLength": 1480.7020779453305 }, "geometry": { "type": "LineString", "coordinates": [ [ -2.5850869145821, 51.455700558491984 ], [ -2.585088412654492, 51.455831510702993 ], [ -2.585228417428983, 51.456071503398761 ], [ -2.585628428696275, 51.456661485963423 ], [ -2.585748431241239, 51.456831480511113 ], [ -2.585918435309882, 51.457081473207857 ], [ -2.586268424368793, 51.456931483004539 ], [ -2.586948405682719, 51.45667149702544 ], [ -2.588048377622813, 51.456371517152313 ], [ -2.588148375673105, 51.45634151994394 ], [ -2.588488368001821, 51.456251525323992 ], [ -2.589028354544011, 51.456111534719241 ], [ -2.589368347419134, 51.45602154110864 ], [ -2.589758337868618, 51.455911549014175 ], [ -2.590598318913315, 51.455681563752627 ], [ -2.591908292110701, 51.455311588592949 ], [ -2.592308283865337, 51.455181596711476 ], [ -2.59261827393386, 51.454881610382202 ], [ -2.592538270216146, 51.454571621029714 ], [ -2.592458270731408, 51.454501622709579 ], [ -2.592068269003844, 51.454181629973171 ], [ -2.591918269832973, 51.454051633274752 ], [ -2.591738267751353, 51.453821640129604 ], [ -2.592238261046333, 51.453751646698528 ], [ -2.592518257316757, 51.453701651487989 ], [ -2.592718252431947, 51.453661654520829 ], [ -2.594238231767356, 51.453411676869749 ], [ -2.594748225149131, 51.453371682922352 ], [ -2.59608821038921, 51.453391694454353 ], [ -2.596758203659138, 51.453461697933562 ], [ -2.597138199017476, 51.453491701003543 ], [ -2.597408195348295, 51.453511702680295 ], [ -2.597708191767872, 51.453491706103648 ], [ -2.597798189235484, 51.45320171712433 ], [ -2.597848188004249, 51.452961725566588 ], [ -2.597938185339852, 51.452751733580669 ], [ -2.598038182002059, 51.452451745415829 ], [ -2.598238178877842, 51.452211756385985 ], [ -2.598439389987159, 51.451526173024632 ] ] } },
{ "type": "Feature", "properties": { "OBJECTID": 113, "JOURNEY_LINK_ID": "89", "JOURNEY_LINK_DESCRIPTION": "Bedminster Bridge > Redcliffe Way WB", "JOURNEY_START": "Bedminster Bridge", "JOURNEY_START_DIRECTION_TYPE": "NA", "JOURNEY_END": "Redcliffe Way WB", "JOURNEY_END_DIRECTION_TYPE": "WB", "MINIMUM_PLATE_MATCHES": 1, "CANDIDATE_COUNT": 9, "KPI_PRIORITY_LINK": "Yes", "JOURNEY_START_DIRECTION_DESC": "None", "JOURNEY_END_DIRECTION_DESC": "West bound", "SHAPESTLength": 442.66351559313938 }, "geometry": { "type": "LineString", "coordinates": [ [ -2.592113330681092, 51.445469958018691 ], [ -2.591697915208419, 51.445641770967406 ], [ -2.591517929155375, 51.445831769325785 ], [ -2.591447934154543, 51.445901769296448 ], [ -2.591287943396394, 51.446011766922815 ], [ -2.591247945417062, 51.446021767338692 ], [ -2.590917984855899, 51.446581764766002 ], [ -2.590887995851608, 51.446721764043922 ], [ -2.590828013478871, 51.447011764050629 ], [ -2.590758031475258, 51.44728176394468 ], [ -2.590738034927037, 51.447341763083585 ], [ -2.590598066970263, 51.447811763301267 ], [ -2.590458129669233, 51.448801761595142 ], [ -2.590548133373744, 51.448861762857206 ], [ -2.590598139435667, 51.448961764121805 ], [ -2.590521553487446, 51.44912058974257 ] ] } },
{ "type": "Feature", "properties": { "OBJECTID": 114, "JOURNEY_LINK_ID": "91", "JOURNEY_LINK_DESCRIPTION": "Bedminster Bridge > 3 Lamps OB", "JOURNEY_START": "Bedminster Bridge", "JOURNEY_START_DIRECTION_TYPE": "NA", "JOURNEY_END": "3 Lamps OB", "JOURNEY_END_DIRECTION_TYPE": "OB", "MINIMUM_PLATE_MATCHES": 1, "CANDIDATE_COUNT": 9, "KPI_PRIORITY_LINK": "Yes", "JOURNEY_START_DIRECTION_DESC": "None", "JOURNEY_END_DIRECTION_DESC": "Outbound", "SHAPESTLength": 1262.1410346835037 }, "geometry": { "type": "LineString", "coordinates": [ [ -2.592113796197267, 51.445478843950823 ], [ -2.591697915208419, 51.445641770967406 ], [ -2.591517929155375, 51.445831769325785 ], [ -2.591447934154543, 51.445901769296448 ], [ -2.591287943396394, 51.446011766922815 ], [ -2.591247945417062, 51.446021767338692 ], [ -2.590857948558947, 51.446001763946093 ], [ -2.590717945876904, 51.445931762130357 ], [ -2.590657945497311, 51.445881761970931 ], [ -2.590267940079729, 51.445731758330993 ], [ -2.590077941003871, 51.445691756126728 ], [ -2.588807947014345, 51.445511744991734 ], [ -2.587947957748666, 51.445461737292099 ], [ -2.586747982152142, 51.445591726368029 ], [ -2.58559801613863, 51.445931716544365 ], [ -2.585338025271227, 51.446041714846672 ], [ -2.583258106463207, 51.447151696456018 ], [ -2.582838125786615, 51.44744169294836 ], [ -2.582718130501785, 51.447501691662211 ], [ -2.582758131684876, 51.447551691321465 ], [ -2.582478145627515, 51.447731689657324 ], [ -2.582148147492996, 51.447691687042585 ], [ -2.58186814223679, 51.447461684609458 ], [ -2.581708139184438, 51.447341683807409 ], [ -2.581538137337369, 51.447241682374781 ], [ -2.581278135974642, 51.447111681002113 ], [ -2.581018135910965, 51.446981679010527 ], [ -2.580738132945812, 51.446811676234582 ], [ -2.580558131452283, 51.446681675291586 ], [ -2.580428130331522, 51.446581674163319 ], [ -2.580178127091853, 51.446401673385878 ], [ -2.579898126323958, 51.446211671740116 ], [ -2.579698124921363, 51.446071670768994 ], [ -2.579408120311024, 51.445831670380159 ], [ -2.578928112659281, 51.445321667979634 ], [ -2.578708105145705, 51.444981668510451 ], [ -2.578569342145915, 51.44457273554692 ] ] } },
{ "type": "Feature", "properties": { "OBJECTID": 115, "JOURNEY_LINK_ID": "119", "JOURNEY_LINK_DESCRIPTION": "Avon St IB > Redcliffe Way WB", "JOURNEY_START": "Avon St IB", "JOURNEY_START_DIRECTION_TYPE": "IB", "JOURNEY_END": "Redcliffe Way WB", "JOURNEY_END_DIRECTION_TYPE": "WB", "MINIMUM_PLATE_MATCHES": 1, "CANDIDATE_COUNT": 9, "KPI_PRIORITY_LINK": "No", "JOURNEY_START_DIRECTION_DESC": "Inbound", "JOURNEY_END_DIRECTION_DESC": "West bound", "SHAPESTLength": 1609.8831052205385 }, "geometry": { "type": "LineString", "coordinates": [ [ -2.582749195872188, 51.452968685433952 ], [ -2.583258348945641, 51.453141587291455 ], [ -2.583568348097304, 51.453221587540639 ], [ -2.583998339269483, 51.453101595080881 ], [ -2.584078335166195, 51.452991599975455 ], [ -2.584098330581201, 51.45286160416444 ], [ -2.584128326509688, 51.452771607678265 ], [ -2.584168321624404, 51.452641612689398 ], [ -2.584288304723489, 51.452161630714549 ], [ -2.584318299637871, 51.451991637215116 ], [ -2.58434829586408, 51.451861641716171 ], [ -2.584558271814659, 51.451151668384824 ], [ -2.584798247060296, 51.450451694518861 ], [ -2.584828242459679, 51.450351698088284 ], [ -2.584848237447031, 51.450161705240582 ], [ -2.584828230665124, 51.449951710761155 ], [ -2.584808224118368, 51.449831710536536 ], [ -2.584678205482267, 51.449451709742213 ], [ -2.584378181820223, 51.448931706764938 ], [ -2.583618168473131, 51.44853169983125 ], [ -2.582818157566457, 51.448121692116409 ], [ -2.58232075075404, 51.447802461919132 ], [ -2.581708139184438, 51.447341683807409 ], [ -2.58159813458244, 51.447181682782087 ], [ -2.581668128059793, 51.447051683347304 ], [ -2.582088120013927, 51.447051687012276 ], [ -2.582670986096731, 51.447468016936789 ], [ -2.582918813105461, 51.447943157584014 ], [ -2.583263724857571, 51.448204957484258 ], [ -2.583511412182469, 51.448334902289105 ], [ -2.58367816263219, 51.448421699976272 ], [ -2.584048167632546, 51.448611702936176 ], [ -2.584468177061843, 51.448841707062883 ], [ -2.585148174236365, 51.448901713246848 ], [ -2.585698170766849, 51.448921718528325 ], [ -2.585818171366102, 51.448931719696553 ], [ -2.586368168988355, 51.448941724860674 ], [ -2.586638165698051, 51.448931727341424 ], [ -2.586958163031652, 51.448921730074375 ], [ -2.587568155551264, 51.448871735388032 ], [ -2.588158148513417, 51.448831741548325 ], [ -2.589438136046445, 51.44878175259857 ], [ -2.589968135104608, 51.4488117573473 ], [ -2.590078132187159, 51.448771759557197 ], [ -2.590458129669233, 51.448801761595142 ], [ -2.590548133373744, 51.448861762857206 ], [ -2.590598139435667, 51.448961764121805 ], [ -2.590466535764782, 51.449052447923158 ] ] } },
{ "type": "Feature", "properties": { "OBJECTID": 116, "JOURNEY_LINK_ID": "129", "JOURNEY_LINK_DESCRIPTION": "Avon St IB > Bedminster Bridge", "JOURNEY_START": "Avon St IB", "JOURNEY_START_DIRECTION_TYPE": "IB", "JOURNEY_END": "Bedminster Bridge", "JOURNEY_END_DIRECTION_TYPE": "NA", "MINIMUM_PLATE_MATCHES": 1, "CANDIDATE_COUNT": 9, "KPI_PRIORITY_LINK": "No", "JOURNEY_START_DIRECTION_DESC": "Inbound", "JOURNEY_END_DIRECTION_DESC": "None", "SHAPESTLength": 1736.2441491889201 }, "geometry": { "type": "LineString", "coordinates": [ [ -2.582783184193254, 51.452864544902553 ], [ -2.583258348945641, 51.453141587291455 ], [ -2.583568348097304, 51.453221587540639 ], [ -2.583998339269483, 51.453101595080881 ], [ -2.584078335166195, 51.452991599975455 ], [ -2.584098330581201, 51.45286160416444 ], [ -2.584128326509688, 51.452771607678265 ], [ -2.584168321624404, 51.452641612689398 ], [ -2.584288304723489, 51.452161630714549 ], [ -2.584318299637871, 51.451991637215116 ], [ -2.58434829586408, 51.451861641716171 ], [ -2.584558271814659, 51.451151668384824 ], [ -2.584798247060296, 51.450451694518861 ], [ -2.584828242459679, 51.450351698088284 ], [ -2.584848237447031, 51.450161705240582 ], [ -2.584828230665124, 51.449951710761155 ], [ -2.584808224118368, 51.449831710536536 ], [ -2.584678205482267, 51.449451709742213 ], [ -2.584378181820223, 51.448931706764938 ], [ -2.583618168473131, 51.44853169983125 ], [ -2.583508165172997, 51.44847169844514 ], [ -2.583168162026988, 51.448311695129597 ], [ -2.582818157566457, 51.448121692116409 ], [ -2.582148147492996, 51.447691687042585 ], [ -2.58186814223679, 51.447461684609458 ], [ -2.581708139184438, 51.447341683807409 ], [ -2.58159813458244, 51.447181682782087 ], [ -2.581668128059793, 51.447051683347304 ], [ -2.582088120013927, 51.447051687012276 ], [ -2.58218812196726, 51.447111687477069 ], [ -2.582548126546521, 51.447351689786515 ], [ -2.582728125213105, 51.447361691371341 ], [ -2.583258106463207, 51.447151696456018 ], [ -2.585338025271227, 51.446041714846672 ], [ -2.586747982152142, 51.445591726368029 ], [ -2.587947957748666, 51.445461737292099 ], [ -2.588807947014345, 51.445511744991734 ], [ -2.590077941003871, 51.445691756126728 ], [ -2.590267940079729, 51.445731758330993 ], [ -2.590607931427658, 51.445681761376022 ], [ -2.59077791256354, 51.445421762428701 ], [ -2.591017901323216, 51.445281765188028 ], [ -2.59131789219686, 51.445201766975089 ], [ -2.59175788998949, 51.445291771652499 ], [ -2.591777892799078, 51.445341771282308 ], [ -2.591897897656684, 51.445421771981081 ], [ -2.591611285623582, 51.445700066164157 ] ] } },
{ "type": "Feature", "properties": { "OBJECTID": 117, "JOURNEY_LINK_ID": "132", "JOURNEY_LINK_DESCRIPTION": "Avon St OB >  Easton Way NB", "JOURNEY_START": "Avon St OB", "JOURNEY_START_DIRECTION_TYPE": "OB", "JOURNEY_END": "Easton Way NB", "JOURNEY_END_DIRECTION_TYPE": "NB", "MINIMUM_PLATE_MATCHES": 1, "CANDIDATE_COUNT": 9, "KPI_PRIORITY_LINK": "No", "JOURNEY_START_DIRECTION_DESC": "Outbound", "JOURNEY_END_DIRECTION_DESC": "North bound", "SHAPESTLength": 1972.4421063546549 }, "geometry": { "type": "LineString", "coordinates": [ [ -2.582796417527095, 51.453029837334924 ], [ -2.582608350665189, 51.452991586280433 ], [ -2.581958352533467, 51.452841586237597 ], [ -2.581398353519049, 51.452681585961251 ], [ -2.581128351883905, 51.452581587451149 ], [ -2.58061837036262, 51.452921571190608 ], [ -2.58036838033693, 51.453111562409838 ], [ -2.580008399668753, 51.453521545785975 ], [ -2.579868407180568, 51.453691539062092 ], [ -2.579438430863263, 51.454161518979596 ], [ -2.579268439193619, 51.454341512476276 ], [ -2.578568470649143, 51.454931486443712 ], [ -2.57908848559236, 51.45552147231168 ], [ -2.57915849000136, 51.455671467339251 ], [ -2.57963850556934, 51.456261451140676 ], [ -2.579908510454133, 51.45648144621196 ], [ -2.580258516393434, 51.456791439053681 ], [ -2.580368519403772, 51.456921434855538 ], [ -2.580268538628834, 51.457351419596662 ], [ -2.5793785779014, 51.458091388655042 ], [ -2.578918593625002, 51.458351377148375 ], [ -2.577118634964544, 51.459071342151177 ], [ -2.576608647921039, 51.459251333383527 ], [ -2.576598642696607, 51.458981342259392 ], [ -2.576578632453578, 51.458491357261188 ], [ -2.57656861662753, 51.458001373123302 ], [ -2.576338613679287, 51.457861376074952 ], [ -2.575398630159982, 51.457911368335466 ], [ -2.574788645292989, 51.458051359408771 ], [ -2.574338654878489, 51.458151352948185 ], [ -2.574118660605496, 51.45820135015007 ], [ -2.573808671486045, 51.45831134430879 ], [ -2.573468679769572, 51.458451337763364 ], [ -2.572768697832039, 51.45875132483539 ], [ -2.572618702829854, 51.45881132262808 ], [ -2.572178712784456, 51.458931316565604 ], [ -2.571998718247075, 51.459021313004442 ], [ -2.571688727794018, 51.459171306677717 ], [ -2.571288739374125, 51.459351299502806 ], [ -2.570908755910278, 51.459681288134469 ], [ -2.570718791062092, 51.460671261551973 ], [ -2.57063882892099, 51.461871229908056 ], [ -2.570688834394344, 51.462081223929168 ], [ -2.570719324989942, 51.461906612618677 ] ] } },
{ "type": "Feature", "properties": { "OBJECTID": 118, "JOURNEY_LINK_ID": "143", "JOURNEY_LINK_DESCRIPTION": "Hotwell Rd OB > Portway/Pumping Stn OB", "JOURNEY_START": "Hotwell Rd OB", "JOURNEY_START_DIRECTION_TYPE": "OB", "JOURNEY_END": "Portway/Pumping Stn OB", "JOURNEY_END_DIRECTION_TYPE": "OB", "MINIMUM_PLATE_MATCHES": 1, "CANDIDATE_COUNT": 9, "KPI_PRIORITY_LINK": "Yes", "JOURNEY_START_DIRECTION_DESC": "Outbound", "JOURNEY_END_DIRECTION_DESC": "Outbound", "SHAPESTLength": 2327.9391914632101 }, "geometry": { "type": "LineString", "coordinates": [ [ -2.613774708525277, 51.449502912247212 ], [ -2.614407796883794, 51.449631984619813 ], [ -2.615257784734794, 51.449771992816132 ], [ -2.615677777892144, 51.449841996225892 ], [ -2.616207768989161, 51.44992200039583 ], [ -2.616947743767414, 51.449842004067193 ], [ -2.617407729376934, 51.449902004761157 ], [ -2.617687719305445, 51.449942005039134 ], [ -2.618047701745772, 51.449862004256552 ], [ -2.618207689051823, 51.44965200542881 ], [ -2.618287675758947, 51.449362007088446 ], [ -2.618497651482928, 51.448832009981587 ], [ -2.618597643025812, 51.448642012539899 ], [ -2.618777634019274, 51.448542013567412 ], [ -2.619237617753904, 51.448512013955487 ], [ -2.621157562250632, 51.448722016375463 ], [ -2.622177530735828, 51.448852016187089 ], [ -2.622317525776593, 51.448892016424388 ], [ -2.623727480821175, 51.449632007588512 ], [ -2.624407450642152, 51.450032001841102 ], [ -2.624857418174822, 51.450391988829864 ], [ -2.625017403200476, 51.450601981086507 ], [ -2.625107391599641, 51.450761975732377 ], [ -2.625297369909581, 51.451091964442654 ], [ -2.625947303769153, 51.451991932899418 ], [ -2.626557235769776, 51.452961900270729 ], [ -2.626837188580708, 51.453731874620161 ], [ -2.626907176077974, 51.453971866324672 ], [ -2.627087108732111, 51.455261821625079 ], [ -2.627117105883795, 51.45531182096078 ], [ -2.627617057061656, 51.45592180160196 ], [ -2.628157013775505, 51.456351788165037 ], [ -2.629036949211023, 51.456921771818692 ], [ -2.62922693080404, 51.457121766731731 ], [ -2.629426913353234, 51.457311759767521 ], [ -2.629536902661093, 51.457441756184934 ], [ -2.62998683263238, 51.45852172255146 ], [ -2.629866815670133, 51.459111702132319 ], [ -2.629676775099313, 51.46033166035766 ], [ -2.629846732608316, 51.461211630400996 ], [ -2.63003722377579, 51.461889308256431 ] ] } },
{ "type": "Feature", "properties": { "OBJECTID": 119, "JOURNEY_LINK_ID": "153", "JOURNEY_LINK_DESCRIPTION": "St Michael's Hill SB > Bond St EB", "JOURNEY_START": "St Michael's Hill SB", "JOURNEY_START_DIRECTION_TYPE": "SB", "JOURNEY_END": "Bond St EB", "JOURNEY_END_DIRECTION_TYPE": "EB", "MINIMUM_PLATE_MATCHES": 1, "CANDIDATE_COUNT": 9, "KPI_PRIORITY_LINK": "Yes", "JOURNEY_START_DIRECTION_DESC": "South bound", "JOURNEY_END_DIRECTION_DESC": "East bound", "SHAPESTLength": 955.05901509249679 }, "geometry": { "type": "LineString", "coordinates": [ [ -2.597798231207734, 51.457016816898125 ], [ -2.597788212997007, 51.457051578898572 ], [ -2.597558215717919, 51.4569315807327 ], [ -2.597458218397038, 51.457041576785244 ], [ -2.597158226077475, 51.45734156268545 ], [ -2.59668824027492, 51.457811542120503 ], [ -2.596508243400656, 51.457981534159003 ], [ -2.595808255122922, 51.458721500748993 ], [ -2.595468257680013, 51.459011486489558 ], [ -2.595368258197184, 51.459081482701414 ], [ -2.594278272468269, 51.459761446630843 ], [ -2.593928279360411, 51.459811442342122 ], [ -2.593828282270338, 51.459841439983279 ], [ -2.593608288699924, 51.459831438626402 ], [ -2.593548289907892, 51.459831437281913 ], [ -2.593158298283976, 51.459821435009431 ], [ -2.59276830828757, 51.459811432331733 ], [ -2.592458317635084, 51.459791429763115 ], [ -2.59118834895967, 51.459661424584461 ], [ -2.59106835221379, 51.459711421050159 ], [ -2.590968353320749, 51.459741418948489 ], [ -2.590508365059004, 51.459811413182138 ], [ -2.590378367740681, 51.45978141287209 ], [ -2.590318368399685, 51.459761412631792 ], [ -2.590268370110322, 51.459741414060339 ], [ -2.589268396470326, 51.459391418311299 ], [ -2.588028425897105, 51.459421406386518 ], [ -2.587078447591669, 51.459431397735337 ], [ -2.586938451853469, 51.459411397908561 ], [ -2.586797263833849, 51.459362518996485 ] ] } },
{ "type": "Feature", "properties": { "OBJECTID": 120, "JOURNEY_LINK_ID": "155", "JOURNEY_LINK_DESCRIPTION": "Stokes Croft IB > Queens Rd OB", "JOURNEY_START": "Stokes Croft IB", "JOURNEY_START_DIRECTION_TYPE": "IB", "JOURNEY_END": "Queens Rd OB", "JOURNEY_END_DIRECTION_TYPE": "OB", "MINIMUM_PLATE_MATCHES": 1, "CANDIDATE_COUNT": 9, "KPI_PRIORITY_LINK": "Yes", "JOURNEY_START_DIRECTION_DESC": "Inbound", "JOURNEY_END_DIRECTION_DESC": "Outbound", "SHAPESTLength": 2157.5130976326918 }, "geometry": { "type": "LineString", "coordinates": [ [ -2.590081634956656, 51.463015394944229 ], [ -2.589848359005769, 51.463231274964009 ], [ -2.589918359121681, 51.462931287287745 ], [ -2.590131765518645, 51.462415434576855 ], [ -2.590612537787492, 51.461544890934228 ], [ -2.590888345711138, 51.46109136599474 ], [ -2.590870640645096, 51.460713610094793 ], [ -2.590768354484663, 51.460311395978152 ], [ -2.590508365059004, 51.459811413182138 ], [ -2.59009837542298, 51.459451423522765 ], [ -2.590668364891235, 51.459141440037037 ], [ -2.590978358498301, 51.459101444751511 ], [ -2.591358347242688, 51.459331438583625 ], [ -2.591748336452333, 51.459621430822232 ], [ -2.592458317635084, 51.459791429763115 ], [ -2.593928279360411, 51.459811442342122 ], [ -2.594278272468269, 51.459761446630843 ], [ -2.595368258197184, 51.459081482701414 ], [ -2.595468257680013, 51.459011486489558 ], [ -2.595808255122922, 51.458721500748993 ], [ -2.596508243400656, 51.457981534159003 ], [ -2.597558215717919, 51.4569315807327 ], [ -2.59772821179261, 51.456771587696409 ], [ -2.598578193758572, 51.456111620048887 ], [ -2.598888187762517, 51.455951628230963 ], [ -2.599418177800994, 51.455691642702057 ], [ -2.600118163008347, 51.455491654910894 ], [ -2.601248122776889, 51.455371668449459 ], [ -2.602458077895033, 51.455421676895291 ], [ -2.603608032506329, 51.455701675510717 ], [ -2.603878023267321, 51.455731676322124 ], [ -2.60420800965145, 51.455781676965096 ], [ -2.604438001806298, 51.455811677982283 ], [ -2.604647992332259, 51.45584167848795 ], [ -2.606047937435409, 51.456021683364554 ], [ -2.606187931577011, 51.45602168394889 ], [ -2.606987900929824, 51.45605168994414 ], [ -2.607677873337075, 51.45605169524061 ], [ -2.607727872003915, 51.456051695476184 ], [ -2.6080478577665, 51.456201691338677 ], [ -2.607927851315254, 51.456771670413808 ], [ -2.607927850008515, 51.456881665810904 ], [ -2.608007842636532, 51.457071659191691 ], [ -2.608406775247992, 51.457456122745825 ] ] } },
{ "type": "Feature", "properties": { "OBJECTID": 121, "JOURNEY_LINK_ID": "156", "JOURNEY_LINK_DESCRIPTION": "Stokes Croft IB > Hotwell Rd OB", "JOURNEY_START": "Stokes Croft IB", "JOURNEY_START_DIRECTION_TYPE": "IB", "JOURNEY_END": "Hotwell Rd OB", "JOURNEY_END_DIRECTION_TYPE": "OB", "MINIMUM_PLATE_MATCHES": 1, "CANDIDATE_COUNT": 9, "KPI_PRIORITY_LINK": "Yes", "JOURNEY_START_DIRECTION_DESC": "Inbound", "JOURNEY_END_DIRECTION_DESC": "Outbound", "SHAPESTLength": 2539.5696842508082 }, "geometry": { "type": "LineString", "coordinates": [ [ -2.590286649970039, 51.462172053635641 ], [ -2.590288354670424, 51.462071324201879 ], [ -2.590418351846388, 51.461871331667588 ], [ -2.590888345711138, 51.46109136599474 ], [ -2.590858349151812, 51.460451391650345 ], [ -2.590768354484663, 51.460311395978152 ], [ -2.590508365059004, 51.459811413182138 ], [ -2.590378367740681, 51.45978141287209 ], [ -2.590318368399685, 51.459761412631792 ], [ -2.590268370110322, 51.459741414060339 ], [ -2.59009837542298, 51.459451423522765 ], [ -2.590308372924145, 51.45927143205067 ], [ -2.59035837226096, 51.459251433404809 ], [ -2.590668364891235, 51.459141440037037 ], [ -2.591218354404818, 51.458911452966355 ], [ -2.591868344605309, 51.458301483453468 ], [ -2.592008340866948, 51.458181488704618 ], [ -2.593338301867102, 51.457391527223557 ], [ -2.593558295511907, 51.457291533875662 ], [ -2.594328276075126, 51.456981550981943 ], [ -2.594958262904409, 51.456791563289137 ], [ -2.595318253758187, 51.456681571232593 ], [ -2.595568248705748, 51.456591575100042 ], [ -2.595978238969296, 51.456211593410899 ], [ -2.596038235800696, 51.456051598448752 ], [ -2.596098232935188, 51.455881606172809 ], [ -2.596478222544551, 51.455261631341415 ], [ -2.597028209824234, 51.454691656166624 ], [ -2.59717820608591, 51.454511664319298 ], [ -2.597498199071279, 51.454131680404672 ], [ -2.597708191767872, 51.453491706103648 ], [ -2.597798189235484, 51.45320171712433 ], [ -2.597848188004249, 51.452961725566588 ], [ -2.597938185339852, 51.452751733580669 ], [ -2.598038182002059, 51.452451745415829 ], [ -2.598238178877842, 51.452211756385985 ], [ -2.598528174184804, 51.451581781969551 ], [ -2.598748170832965, 51.451461788358131 ], [ -2.599018168440562, 51.45126179826574 ], [ -2.599228167396194, 51.451141804566866 ], [ -2.600058160342925, 51.450901820251588 ], [ -2.600358151871738, 51.450861823972154 ], [ -2.600738141015417, 51.450831828811609 ], [ -2.601318126982043, 51.450761836761252 ], [ -2.60175811568012, 51.450701842593176 ], [ -2.602608094219017, 51.450601854513593 ], [ -2.602898088135683, 51.450581857813532 ], [ -2.603238078214554, 51.450561861615668 ], [ -2.603648069565351, 51.450541865686397 ], [ -2.604518047639546, 51.450491874698528 ], [ -2.605678017723082, 51.450511885319145 ], [ -2.606088006893836, 51.45053188804058 ], [ -2.607267977444069, 51.450591896232041 ], [ -2.607577968858429, 51.450601899249428 ], [ -2.607787963700257, 51.450621899374461 ], [ -2.60785796113583, 51.450621900835863 ], [ -2.608077955358257, 51.450601903345671 ], [ -2.6082379524417, 51.450561906210204 ], [ -2.608647945181863, 51.45048191344506 ], [ -2.608977937261079, 51.450401919108614 ], [ -2.611187885779881, 51.449881954040713 ], [ -2.613227821047642, 51.449551972964777 ], [ -2.613577813435816, 51.449541977232315 ], [ -2.613749409969433, 51.44955254169929 ] ] } },
{ "type": "Feature", "properties": { "OBJECTID": 122, "JOURNEY_LINK_ID": "161", "JOURNEY_LINK_DESCRIPTION": "Filton Rd/Monks Park Ave SB > Stokes Croft IB", "JOURNEY_START": "Filton Rd/Monks Park Ave SB", "JOURNEY_START_DIRECTION_TYPE": "SB", "JOURNEY_END": "Stokes Croft IB", "JOURNEY_END_DIRECTION_TYPE": "IB", "MINIMUM_PLATE_MATCHES": 1, "CANDIDATE_COUNT": 9, "KPI_PRIORITY_LINK": "Yes", "JOURNEY_START_DIRECTION_DESC": "South bound", "JOURNEY_END_DIRECTION_DESC": "Inbound", "SHAPESTLength": 4235.8063197729934 }, "geometry": { "type": "LineString", "coordinates": [ [ -2.580443625782822, 51.497744961261979 ], [ -2.580488548739597, 51.497541391767065 ], [ -2.580728543666114, 51.497121392051582 ], [ -2.581308535750296, 51.49612139204639 ], [ -2.581988521955168, 51.49487139104312 ], [ -2.582548507544964, 51.493801391178025 ], [ -2.582838501071489, 51.493321390530269 ], [ -2.583088493304563, 51.492971390473365 ], [ -2.583228490640711, 51.492801389125709 ], [ -2.583628477187607, 51.492341388704737 ], [ -2.584068458758308, 51.491891388267959 ], [ -2.584628431938237, 51.491351385363167 ], [ -2.585138395332972, 51.490551379789707 ], [ -2.585018380713271, 51.489731374642332 ], [ -2.584928377748049, 51.489461373637972 ], [ -2.584738371618922, 51.488861370437213 ], [ -2.584788364066283, 51.488631369528406 ], [ -2.585378303583499, 51.48694135893998 ], [ -2.585478293543966, 51.486681356809711 ], [ -2.586938161127936, 51.483491339440114 ], [ -2.587188150942866, 51.483071330202037 ], [ -2.587598143613926, 51.482401308404519 ], [ -2.587998140658823, 51.481321274347017 ], [ -2.588818117335006, 51.480431247534916 ], [ -2.589178106760367, 51.480081237752046 ], [ -2.589378103601876, 51.47963122413136 ], [ -2.589628104221891, 51.47854119079885 ], [ -2.590758084174896, 51.475741109078058 ], [ -2.591528069257691, 51.474551095085701 ], [ -2.591498086673947, 51.473951099051668 ], [ -2.591058128395371, 51.473071103449989 ], [ -2.591398128626717, 51.472481109776005 ], [ -2.591908117158214, 51.472091116513162 ], [ -2.591968114897534, 51.472041116305434 ], [ -2.592078112152785, 51.471951118314259 ], [ -2.593258092202211, 51.470821134685941 ], [ -2.593678088625831, 51.470331141381088 ], [ -2.593618102820739, 51.469901145150267 ], [ -2.593518114194163, 51.469651146284967 ], [ -2.593438120303893, 51.469521146697282 ], [ -2.59329812997432, 51.46938114673312 ], [ -2.592948156358336, 51.468931148530984 ], [ -2.592398190483916, 51.468471148790272 ], [ -2.592198203977361, 51.468311147189645 ], [ -2.591658238678262, 51.467821146887069 ], [ -2.591478251516912, 51.467581147665406 ], [ -2.591388260011398, 51.467431148634716 ], [ -2.590758308163327, 51.466211167100234 ], [ -2.590658313070338, 51.465981174579476 ], [ -2.590368327904241, 51.465411194146974 ], [ -2.589748358175183, 51.464231235925389 ], [ -2.589758360124257, 51.463771253718299 ], [ -2.58980836141559, 51.463461265363449 ], [ -2.589918359121681, 51.462931287287745 ], [ -2.590303378266289, 51.462086236223108 ] ] } },
{ "type": "Feature", "properties": { "OBJECTID": 123, "JOURNEY_LINK_ID": "172", "JOURNEY_LINK_DESCRIPTION": "M32 J3/Lower Ashley Rd EB > Easton Way SB", "JOURNEY_START": "M32 J3/Lower Ashley Rd EB", "JOURNEY_START_DIRECTION_TYPE": "EB", "JOURNEY_END": "Easton Way SB", "JOURNEY_END_DIRECTION_TYPE": "SB", "MINIMUM_PLATE_MATCHES": 1, "CANDIDATE_COUNT": 9, "KPI_PRIORITY_LINK": "Yes", "JOURNEY_START_DIRECTION_DESC": "East bound", "JOURNEY_END_DIRECTION_DESC": "South bound", "SHAPESTLength": 742.72897144701017 }, "geometry": { "type": "LineString", "coordinates": [ [ -2.576650038950677, 51.466246343331242 ], [ -2.57719877456491, 51.46632110795003 ], [ -2.576658790563552, 51.466261109018284 ], [ -2.576098804958586, 51.466231111215741 ], [ -2.575708816199096, 51.46623111071461 ], [ -2.575408826520621, 51.466281109718537 ], [ -2.575078834791162, 51.466241110633035 ], [ -2.574548845383279, 51.465991118500902 ], [ -2.574358843164346, 51.465701127597022 ], [ -2.573708855479584, 51.465451134816355 ], [ -2.572788867509244, 51.464971148539711 ], [ -2.571998872922051, 51.464431163123869 ], [ -2.571638873118417, 51.464111171742971 ], [ -2.571468873373551, 51.46394117562653 ], [ -2.571118868454321, 51.463521186047906 ], [ -2.570938865489237, 51.463271192566033 ], [ -2.570475506098175, 51.462353710386317 ] ] } },
{ "type": "Feature", "properties": { "OBJECTID": 124, "JOURNEY_LINK_ID": "177", "JOURNEY_LINK_DESCRIPTION": "Easton Way NB > M32 J2/Muller Rd WB", "JOURNEY_START": "Easton Way NB", "JOURNEY_START_DIRECTION_TYPE": "NB", "JOURNEY_END": "M32 J2/Muller Rd WB", "JOURNEY_END_DIRECTION_TYPE": "WB", "MINIMUM_PLATE_MATCHES": 1, "CANDIDATE_COUNT": 9, "KPI_PRIORITY_LINK": "Yes", "JOURNEY_START_DIRECTION_DESC": "North bound", "JOURNEY_END_DIRECTION_DESC": "West bound", "SHAPESTLength": 2298.2963040198779 }, "geometry": { "type": "LineString", "coordinates": [ [ -2.570555465861998, 51.462173255341206 ], [ -2.570758840390353, 51.462331217851151 ], [ -2.570778843983985, 51.462421215169861 ], [ -2.570928850939161, 51.462791205680347 ], [ -2.571088856726006, 51.463091197849884 ], [ -2.571538864420642, 51.463711182932499 ], [ -2.571798866150611, 51.463991174093728 ], [ -2.571938866381993, 51.464121172081079 ], [ -2.572758861287657, 51.464741154659997 ], [ -2.57388884478103, 51.465251140886345 ], [ -2.574168839962601, 51.465321138559062 ], [ -2.574618828406015, 51.465361137776981 ], [ -2.575278807809081, 51.465271141045356 ], [ -2.576088792294929, 51.465611129961871 ], [ -2.576148797019113, 51.46592112085014 ], [ -2.576018805370235, 51.466111114748998 ], [ -2.575708816199096, 51.46623111071461 ], [ -2.575408826520621, 51.466281109718537 ], [ -2.574968842349154, 51.466381107259153 ], [ -2.574558859656624, 51.466591101112037 ], [ -2.574298867166608, 51.466741099321382 ], [ -2.57389887747276, 51.466971098920638 ], [ -2.573508888362644, 51.467161098470456 ], [ -2.572978902151134, 51.467361100036591 ], [ -2.572098928286247, 51.467541100397824 ], [ -2.571258952431549, 51.46778110225415 ], [ -2.570458976946017, 51.46799110246166 ], [ -2.5697789993332, 51.46820110458907 ], [ -2.568729029971784, 51.468601106421154 ], [ -2.567819059831991, 51.469021108264343 ], [ -2.567509068661091, 51.469171109622124 ], [ -2.566609100125877, 51.469691113127347 ], [ -2.565949115194982, 51.470091128253813 ], [ -2.564449151201253, 51.471021163119708 ], [ -2.563879162748098, 51.471371175550374 ], [ -2.563519168873786, 51.471621183831267 ], [ -2.563209174820017, 51.471871190996623 ], [ -2.562889178157702, 51.472321198088821 ], [ -2.561989189586215, 51.473241218579119 ], [ -2.561799191488003, 51.473471222859864 ], [ -2.561529192980514, 51.473871229232827 ], [ -2.561469193506859, 51.473971230247372 ], [ -2.561269194160078, 51.474271234976733 ], [ -2.561129192776681, 51.474631238283919 ], [ -2.561259190437381, 51.474741235531397 ], [ -2.56185917876584, 51.474821223099468 ], [ -2.562329170515953, 51.474821212976082 ], [ -2.562689164034155, 51.474981205935102 ], [ -2.562789161367995, 51.475031204718789 ], [ -2.563499145022566, 51.475201193046011 ], [ -2.563659184628045, 51.475187917634841 ] ] } },
{ "type": "Feature", "properties": { "OBJECTID": 125, "JOURNEY_LINK_ID": "195", "JOURNEY_LINK_DESCRIPTION": "Church Rd IB > Easton Way NB", "JOURNEY_START": "Church Rd IB", "JOURNEY_START_DIRECTION_TYPE": "IB", "JOURNEY_END": "Easton Way NB", "JOURNEY_END_DIRECTION_TYPE": "NB", "MINIMUM_PLATE_MATCHES": 1, "CANDIDATE_COUNT": 9, "KPI_PRIORITY_LINK": "Yes", "JOURNEY_START_DIRECTION_DESC": "Inbound", "JOURNEY_END_DIRECTION_DESC": "North bound", "SHAPESTLength": 2352.9979400059005 }, "geometry": { "type": "LineString", "coordinates": [ [ -2.545830745143491, 51.459953197641568 ], [ -2.545929680051994, 51.459961553967219 ], [ -2.546349670937608, 51.459891548001011 ], [ -2.546709666316601, 51.459801542307929 ], [ -2.54737965210851, 51.459631531624574 ], [ -2.548339632491762, 51.45945151680484 ], [ -2.54904961666607, 51.4594815049903 ], [ -2.549619604406589, 51.459541496246572 ], [ -2.550249586053239, 51.459621486539959 ], [ -2.550849558851488, 51.459661478830448 ], [ -2.553809419638455, 51.459451439596698 ], [ -2.554809371155047, 51.459271428092677 ], [ -2.556199300714884, 51.459011412271437 ], [ -2.558709170305063, 51.458501387063905 ], [ -2.559359136053869, 51.458361381514102 ], [ -2.561399017808417, 51.457951366861138 ], [ -2.561559009714359, 51.457931364828667 ], [ -2.562388965772113, 51.457881356937015 ], [ -2.562738949729487, 51.45788135291015 ], [ -2.564198878659635, 51.457911335305887 ], [ -2.564438868260039, 51.457921332910495 ], [ -2.564658857905072, 51.457931329978585 ], [ -2.564928844188673, 51.457941326229161 ], [ -2.565368825572484, 51.457981320527992 ], [ -2.565648813339543, 51.458011317056418 ], [ -2.566458776692435, 51.458061305905836 ], [ -2.567488759414326, 51.458181305331038 ], [ -2.567638758198523, 51.458201305835928 ], [ -2.567818756558482, 51.458231306661688 ], [ -2.568998745130804, 51.458371311048161 ], [ -2.569258740556553, 51.458371312758416 ], [ -2.569748733137992, 51.458341316070182 ], [ -2.57028872163918, 51.458271321439163 ], [ -2.570678711696562, 51.458161327918937 ], [ -2.571008704087928, 51.458121331908877 ], [ -2.571518700167822, 51.458181332581965 ], [ -2.57167869903034, 51.458231332886612 ], [ -2.571788699156917, 51.458271331896626 ], [ -2.572328699969919, 51.458541327754041 ], [ -2.572378703159817, 51.458701323413642 ], [ -2.572178712784456, 51.458931316565604 ], [ -2.571998718247075, 51.459021313004442 ], [ -2.571688727794018, 51.459171306677717 ], [ -2.571288739374125, 51.459351299502806 ], [ -2.570908755910278, 51.459681288134469 ], [ -2.570718791062092, 51.460671261551973 ], [ -2.57063882892099, 51.461871229908056 ], [ -2.570688834394344, 51.462081223929168 ], [ -2.570653509349632, 51.462194162950333 ] ] } },
{ "type": "Feature", "properties": { "OBJECTID": 126, "JOURNEY_LINK_ID": "210", "JOURNEY_LINK_DESCRIPTION": "Parson St SB > Hartcliffe Way SB", "JOURNEY_START": "Parson St SB", "JOURNEY_START_DIRECTION_TYPE": "SB", "JOURNEY_END": "Hartcliffe Way SB", "JOURNEY_END_DIRECTION_TYPE": "SB", "MINIMUM_PLATE_MATCHES": 1, "CANDIDATE_COUNT": 9, "KPI_PRIORITY_LINK": "Yes", "JOURNEY_START_DIRECTION_DESC": "South bound", "JOURNEY_END_DIRECTION_DESC": "South bound", "SHAPESTLength": 1707.4072200003941 }, "geometry": { "type": "LineString", "coordinates": [ [ -2.605531162895666, 51.431468969598995 ], [ -2.605306661148639, 51.431271434682117 ], [ -2.605106687873449, 51.431011427590427 ], [ -2.604946711601893, 51.430731422689163 ], [ -2.604866732115398, 51.430491417847257 ], [ -2.604666774644382, 51.430021409449388 ], [ -2.604526816627751, 51.429521401083967 ], [ -2.604476833570544, 51.429321397033775 ], [ -2.60435687914225, 51.428791388907875 ], [ -2.604316894283154, 51.428631385944712 ], [ -2.604286910816295, 51.428411383637439 ], [ -2.604226954505067, 51.427881375229667 ], [ -2.604257021395888, 51.426931363237038 ], [ -2.604307066702388, 51.426271355960523 ], [ -2.604347096581848, 51.425821350633186 ], [ -2.604387138128214, 51.425191342554378 ], [ -2.604427211394011, 51.42457135222638 ], [ -2.604457272559474, 51.424141363901249 ], [ -2.604487346882049, 51.423621377803485 ], [ -2.604397533581428, 51.422431407017669 ], [ -2.604097677593722, 51.421661423640273 ], [ -2.603937731565718, 51.421401428321225 ], [ -2.602847999200018, 51.420361440238331 ], [ -2.600018571134452, 51.418601443767464 ], [ -2.599768610835614, 51.418461446135055 ], [ -2.599438664386213, 51.418271449853926 ], [ -2.599038726600876, 51.418051454311581 ], [ -2.598345222915899, 51.417720172316017 ] ] } },
{ "type": "Feature", "properties": { "OBJECTID": 127, "JOURNEY_LINK_ID": "213", "JOURNEY_LINK_DESCRIPTION": "Winterstoke Rd NB > Hotwell Rd IB", "JOURNEY_START": "Winterstoke Rd NB", "JOURNEY_START_DIRECTION_TYPE": "NB", "JOURNEY_END": "Hotwell Rd IB", "JOURNEY_END_DIRECTION_TYPE": "IB", "MINIMUM_PLATE_MATCHES": 1, "CANDIDATE_COUNT": 9, "KPI_PRIORITY_LINK": "Yes", "JOURNEY_START_DIRECTION_DESC": "North bound", "JOURNEY_END_DIRECTION_DESC": "Inbound", "SHAPESTLength": 3151.6337538508792 }, "geometry": { "type": "LineString", "coordinates": [ [ -2.610374158792113, 51.433083642625363 ], [ -2.610856403568021, 51.433261533801257 ], [ -2.612186442031228, 51.433881580716388 ], [ -2.613416473196797, 51.434321618965946 ], [ -2.61431646788624, 51.43443163646289 ], [ -2.614376458049675, 51.434361633110662 ], [ -2.614526455751248, 51.434371635737619 ], [ -2.614836454990777, 51.434411642645131 ], [ -2.615806451497794, 51.434531661754122 ], [ -2.616456450222052, 51.434621674385475 ], [ -2.616726456803237, 51.434661681386999 ], [ -2.617066487244169, 51.434711696639617 ], [ -2.617426509766281, 51.434701709530444 ], [ -2.617486507821908, 51.434661710801315 ], [ -2.617676522008794, 51.434661717377303 ], [ -2.617766538331712, 51.434751724579641 ], [ -2.618236584142243, 51.434861748009503 ], [ -2.618436603486842, 51.434911757646574 ], [ -2.618696634320498, 51.435031772787134 ], [ -2.618996685964792, 51.435291793982493 ], [ -2.619416742289689, 51.435561820316721 ], [ -2.620206862158917, 51.436241873764303 ], [ -2.620336887821398, 51.436431884626145 ], [ -2.620396902521366, 51.436531890679554 ], [ -2.620476917637742, 51.436651897449408 ], [ -2.620556934205562, 51.436761903216798 ], [ -2.620816988302577, 51.437161925540678 ], [ -2.621117049802018, 51.437641950985828 ], [ -2.621317085218739, 51.437931965653512 ], [ -2.621517095370123, 51.437961972033534 ], [ -2.621547104205897, 51.438031975934614 ], [ -2.622407180544355, 51.438522011716167 ], [ -2.622637196989973, 51.438632021078973 ], [ -2.623277249198442, 51.439012046129641 ], [ -2.623297252524048, 51.439032046755564 ], [ -2.623467268771267, 51.439182054810793 ], [ -2.623677291698601, 51.439402064796774 ], [ -2.624047331178954, 51.439792081855877 ], [ -2.624567384717416, 51.440402105118565 ], [ -2.6246873997387, 51.440592111766328 ], [ -2.62498745173171, 51.441332131436099 ], [ -2.624677471522589, 51.441682133528779 ], [ -2.62428746869054, 51.441882125397413 ], [ -2.623457466678764, 51.442452106526602 ], [ -2.623057467091632, 51.442962094860746 ], [ -2.622887470745738, 51.443192090522544 ], [ -2.622657472192838, 51.443652082774797 ], [ -2.622647475861993, 51.444022077684536 ], [ -2.622727476941934, 51.444212076020406 ], [ -2.623117477127296, 51.444732072113588 ], [ -2.624087467539854, 51.445692066186716 ], [ -2.624247464408477, 51.446132060689052 ], [ -2.624077466270391, 51.4465820541201 ], [ -2.623417483682665, 51.447442037971065 ], [ -2.622857502521557, 51.448162026592627 ], [ -2.622387521383208, 51.44880201718334 ], [ -2.622317525776593, 51.448892016424388 ], [ -2.621987541625127, 51.449292011088794 ], [ -2.621727555368583, 51.449582008024237 ], [ -2.621477566601813, 51.449742006429702 ], [ -2.621267576690656, 51.449892004643146 ], [ -2.620877585630643, 51.450181996653427 ], [ -2.620547585563305, 51.45049198587045 ], [ -2.62007760041621, 51.450611981176294 ], [ -2.619717617242334, 51.450551982917261 ], [ -2.61890765632024, 51.450371989968545 ], [ -2.618297685841538, 51.450291992827815 ], [ -2.617987699347772, 51.450231994433246 ], [ -2.617627716500778, 51.450151998325168 ], [ -2.616967746968382, 51.450032003679382 ], [ -2.616497763932833, 51.44996200385917 ], [ -2.616207768989161, 51.44992200039583 ], [ -2.615677777892144, 51.449841996225892 ], [ -2.615257784734794, 51.449771992816132 ], [ -2.614407796883794, 51.449631984619813 ], [ -2.613709529618443, 51.449541747711159 ] ] } },
{ "type": "Feature", "properties": { "OBJECTID": 128, "JOURNEY_LINK_ID": "220", "JOURNEY_LINK_DESCRIPTION": "Wells Rd IB > Bath Rd/Kings Rd NB", "JOURNEY_START": "Wells Rd IB", "JOURNEY_START_DIRECTION_TYPE": "IB", "JOURNEY_END": "Bath Rd/Kings Rd NB", "JOURNEY_END_DIRECTION_TYPE": "NB", "MINIMUM_PLATE_MATCHES": 1, "CANDIDATE_COUNT": 9, "KPI_PRIORITY_LINK": "Yes", "JOURNEY_START_DIRECTION_DESC": "Inbound", "JOURNEY_END_DIRECTION_DESC": "North bound", "SHAPESTLength": 3088.435423657208 }, "geometry": { "type": "LineString", "coordinates": [ [ -2.563403433223714, 51.425805644973707 ], [ -2.563369515704925, 51.425791721811898 ], [ -2.563929400124613, 51.427331697532807 ], [ -2.563929380018295, 51.427611695327442 ], [ -2.563689373844426, 51.427681699216159 ], [ -2.563479368082723, 51.427751701881959 ], [ -2.563239361872922, 51.427831705513903 ], [ -2.5630293546775, 51.427921707774217 ], [ -2.562649342962834, 51.428091713460624 ], [ -2.562149326817118, 51.428301719588951 ], [ -2.561459307036796, 51.428591728745559 ], [ -2.561299301714011, 51.428651730226576 ], [ -2.5611492980849, 51.428721732073171 ], [ -2.56025927500738, 51.429081744519387 ], [ -2.559299253014823, 51.429411756056048 ], [ -2.557139232269721, 51.429851785938567 ], [ -2.556779224958445, 51.429981790326899 ], [ -2.556439218200555, 51.430121794097758 ], [ -2.556309215950839, 51.430161795026677 ], [ -2.55618921930669, 51.430111797352211 ], [ -2.555789227541958, 51.429991805795765 ], [ -2.555489233138979, 51.42992181231179 ], [ -2.55338922688574, 51.43017184147498 ], [ -2.552779221167221, 51.430341848493995 ], [ -2.552509217336005, 51.430441851092695 ], [ -2.551199193103307, 51.431041862040409 ], [ -2.549709177868163, 51.431531874469179 ], [ -2.548519183070273, 51.431661878706628 ], [ -2.548199184466256, 51.431671879610732 ], [ -2.547599191374688, 51.431631883920147 ], [ -2.54725919508496, 51.431621886063475 ], [ -2.547139194864585, 51.431621886415968 ], [ -2.545829198865923, 51.431811890405854 ], [ -2.545669193777031, 51.431921888897868 ], [ -2.545619190189109, 51.43203188732307 ], [ -2.546239154858808, 51.432641872598879 ], [ -2.547269113302904, 51.433381854315812 ], [ -2.547479109832805, 51.433451853253189 ], [ -2.548019099770515, 51.433781846750293 ], [ -2.548549090193977, 51.434041841155434 ], [ -2.548789085678174, 51.434121838791881 ], [ -2.548879084790835, 51.434131838319672 ], [ -2.549759072541364, 51.434101834416424 ], [ -2.550679063860718, 51.434031824188885 ], [ -2.551559053086457, 51.433981812779415 ], [ -2.552069046937087, 51.434021805527514 ], [ -2.552369040454703, 51.434091801346682 ], [ -2.552559036708928, 51.434141797971165 ], [ -2.552759032335075, 51.434231794696863 ], [ -2.553209015877399, 51.434561785767968 ], [ -2.55332900992858, 51.434681783042059 ], [ -2.553978975524497, 51.435431768861193 ], [ -2.554298956676562, 51.435811762737046 ], [ -2.554468948338696, 51.435971759676214 ], [ -2.554688940011681, 51.436131755799991 ], [ -2.555088925352287, 51.436321749807171 ], [ -2.55531891650157, 51.436421746779381 ], [ -2.555638904245508, 51.436571742209026 ], [ -2.556228882361471, 51.436881733697547 ], [ -2.556708860147848, 51.437201727726539 ], [ -2.557448816501218, 51.437861716006957 ], [ -2.557758794615558, 51.438191711102711 ], [ -2.558998694348544, 51.43977169499982 ], [ -2.559148680028007, 51.439991692044934 ], [ -2.559258667717531, 51.440171691141359 ], [ -2.559358656395444, 51.440341689549527 ], [ -2.559481732658502, 51.440522931539135 ] ] } },
{ "type": "Feature", "properties": { "OBJECTID": 129, "JOURNEY_LINK_ID": "221", "JOURNEY_LINK_DESCRIPTION": "Wells Rd IB > Hartcliffe Way NB", "JOURNEY_START": "Wells Rd IB", "JOURNEY_START_DIRECTION_TYPE": "IB", "JOURNEY_END": "Hartcliffe Way NB", "JOURNEY_END_DIRECTION_TYPE": "NB", "MINIMUM_PLATE_MATCHES": 1, "CANDIDATE_COUNT": 9, "KPI_PRIORITY_LINK": "Yes", "JOURNEY_START_DIRECTION_DESC": "Inbound", "JOURNEY_END_DIRECTION_DESC": "North bound", "SHAPESTLength": 3464.9579727658083 }, "geometry": { "type": "LineString", "coordinates": [ [ -2.563342866717611, 51.425696081827461 ], [ -2.563369515704925, 51.425791721811898 ], [ -2.563929400124613, 51.427331697532807 ], [ -2.563929380018295, 51.427611695327442 ], [ -2.564479392045294, 51.427451687067645 ], [ -2.564779399444765, 51.427361682733078 ], [ -2.568039426868659, 51.426511631611724 ], [ -2.570519362949069, 51.426341589710574 ], [ -2.571899358899036, 51.425951567337982 ], [ -2.572219365016674, 51.425801563228234 ], [ -2.572769385855971, 51.425461555130397 ], [ -2.572929396958768, 51.425321552300368 ], [ -2.573049403306439, 51.42522155082667 ], [ -2.573329421126491, 51.425001546289522 ], [ -2.573599425742796, 51.424771544383361 ], [ -2.573899431227868, 51.424501541262863 ], [ -2.575309459735506, 51.423441526101563 ], [ -2.576719479339011, 51.422711506132991 ], [ -2.578929510394932, 51.421841472030593 ], [ -2.579389519354891, 51.421661464848178 ], [ -2.579579524228647, 51.421581460549234 ], [ -2.580279541397041, 51.421281449980455 ], [ -2.58079955267526, 51.421101440820088 ], [ -2.582819609994528, 51.420311406071413 ], [ -2.583529619619373, 51.420031397794034 ], [ -2.584569577989948, 51.419631401303626 ], [ -2.586199524256533, 51.418971408426842 ], [ -2.586839509097427, 51.418691412758157 ], [ -2.587489498773394, 51.418351417435524 ], [ -2.588139493212807, 51.418001423464737 ], [ -2.589209494016032, 51.417361433919126 ], [ -2.59009950070235, 51.416801445854162 ], [ -2.592109406528319, 51.415531482011673 ], [ -2.592469389862928, 51.415301489167177 ], [ -2.593299352216778, 51.414801504545267 ], [ -2.593489350135445, 51.414441513574552 ], [ -2.593499350091351, 51.414401514469859 ], [ -2.593609350167909, 51.414181520409159 ], [ -2.594059332539248, 51.413911529004217 ], [ -2.594149328705671, 51.413881529930613 ], [ -2.594919291444265, 51.413801535447632 ], [ -2.595069282212727, 51.413831535762526 ], [ -2.595559247853449, 51.414111531839907 ], [ -2.595589231472741, 51.41457152105 ], [ -2.595509232328251, 51.414681518218195 ], [ -2.595289227009546, 51.415211504816781 ], [ -2.595579196676427, 51.415651495580988 ], [ -2.595759179852839, 51.415841492176867 ], [ -2.596339128717606, 51.4162514856542 ], [ -2.596469117865481, 51.416351484094804 ], [ -2.596879072926733, 51.416711476882448 ], [ -2.597299002417142, 51.41701147186653 ], [ -2.597538964088641, 51.417161470292996 ], [ -2.597748929710758, 51.417301467463894 ], [ -2.598278846010969, 51.417621461251528 ], [ -2.598321063242871, 51.417623218263188 ] ] } },
{ "type": "Feature", "properties": { "OBJECTID": 130, "JOURNEY_LINK_ID": "228", "JOURNEY_LINK_DESCRIPTION": "Bath Rd/Kings Rd SB > Wells Rd OB", "JOURNEY_START": "Bath Rd/Kings Rd SB", "JOURNEY_START_DIRECTION_TYPE": "SB", "JOURNEY_END": "Wells Rd OB", "JOURNEY_END_DIRECTION_TYPE": "OB", "MINIMUM_PLATE_MATCHES": 1, "CANDIDATE_COUNT": 9, "KPI_PRIORITY_LINK": "Yes", "JOURNEY_START_DIRECTION_DESC": "South bound", "JOURNEY_END_DIRECTION_DESC": "Outbound", "SHAPESTLength": 3218.6787763800535 }, "geometry": { "type": "LineString", "coordinates": [ [ -2.55947939309552, 51.440483050239848 ], [ -2.559358656395444, 51.440341689549527 ], [ -2.559258667717531, 51.440171691141359 ], [ -2.559148680028007, 51.439991692044934 ], [ -2.558998694348544, 51.43977169499982 ], [ -2.557758794615558, 51.438191711102711 ], [ -2.557368818437726, 51.437881716549192 ], [ -2.5571488290843, 51.437701719886519 ], [ -2.556788849852518, 51.437401725065648 ], [ -2.556608860025457, 51.437251727143504 ], [ -2.556508863727614, 51.437181729429057 ], [ -2.555818897753605, 51.436691740167412 ], [ -2.555638904245508, 51.436571742209026 ], [ -2.55531891650157, 51.436421746779381 ], [ -2.555088925352287, 51.436321749807171 ], [ -2.554688940011681, 51.436131755799991 ], [ -2.554378947387591, 51.436051760359831 ], [ -2.55415895441562, 51.435971763038779 ], [ -2.553548971749857, 51.435771771729499 ], [ -2.553008987433478, 51.435531780412639 ], [ -2.552688998511593, 51.435301786344617 ], [ -2.55252901325573, 51.434931790877734 ], [ -2.552539018033398, 51.43478179287689 ], [ -2.552549029736198, 51.434421796055645 ], [ -2.552519032845261, 51.434251797831564 ], [ -2.552369040454703, 51.434091801346682 ], [ -2.552069046937087, 51.434021805527514 ], [ -2.551559053086457, 51.433981812779415 ], [ -2.549759072541364, 51.434101834416424 ], [ -2.548879084790835, 51.434131838319672 ], [ -2.548789085678174, 51.434121838791881 ], [ -2.548539088721493, 51.43411184015946 ], [ -2.548179094688785, 51.434041843212619 ], [ -2.547529106856033, 51.433641849898009 ], [ -2.547269113302904, 51.433381854315812 ], [ -2.546239154858808, 51.432641872598879 ], [ -2.545619190189109, 51.43203188732307 ], [ -2.545479197572071, 51.431891889943742 ], [ -2.54537920358289, 51.431771893114252 ], [ -2.545799203153077, 51.43171189160627 ], [ -2.546859202959261, 51.431541889486887 ], [ -2.547049203137806, 51.431501889366501 ], [ -2.547169204280405, 51.431451889189034 ], [ -2.547299200246758, 51.431521887565538 ], [ -2.547449195240184, 51.431581885295536 ], [ -2.547599191374688, 51.431631883920147 ], [ -2.548199184466256, 51.431671879610732 ], [ -2.548519183070273, 51.431661878706628 ], [ -2.549709177868163, 51.431531874469179 ], [ -2.551199193103307, 51.431041862040409 ], [ -2.552509217336005, 51.430441851092695 ], [ -2.552779221167221, 51.430341848493995 ], [ -2.55338922688574, 51.43017184147498 ], [ -2.555489233138979, 51.42992181231179 ], [ -2.555819230216782, 51.429941805414053 ], [ -2.556259227280802, 51.429971798573582 ], [ -2.556379228516775, 51.429971796437357 ], [ -2.557139232269721, 51.429851785938567 ], [ -2.559299253014823, 51.429411756056048 ], [ -2.56025927500738, 51.429081744519387 ], [ -2.5611492980849, 51.428721732073171 ], [ -2.561299301714011, 51.428651730226576 ], [ -2.561459307036796, 51.428591728745559 ], [ -2.562149326817118, 51.428301719588951 ], [ -2.562649342962834, 51.428091713460624 ], [ -2.5630293546775, 51.427921707774217 ], [ -2.563239361872922, 51.427831705513903 ], [ -2.563499382591994, 51.427551703165534 ], [ -2.563629393806955, 51.427411702697356 ], [ -2.563779405460227, 51.427261700930131 ], [ -2.563429479812569, 51.426251716285769 ], [ -2.563359496649695, 51.426041719006953 ], [ -2.563008566147225, 51.424943178662112 ] ] } },
{ "type": "Feature", "properties": { "OBJECTID": 131, "JOURNEY_LINK_ID": "240", "JOURNEY_LINK_DESCRIPTION": "Fishponds Rd/Coombe Rd WB > Easton Way SB", "JOURNEY_START": "Fishponds Rd/Coombe Rd WB", "JOURNEY_START_DIRECTION_TYPE": "WB", "JOURNEY_END": "Easton Way SB", "JOURNEY_END_DIRECTION_TYPE": "SB", "MINIMUM_PLATE_MATCHES": 1, "CANDIDATE_COUNT": 9, "KPI_PRIORITY_LINK": "No", "JOURNEY_START_DIRECTION_DESC": "West bound", "JOURNEY_END_DIRECTION_DESC": "South bound", "SHAPESTLength": 1432.2652480284435 }, "geometry": { "type": "LineString", "coordinates": [ [ -2.558256256868893, 51.472872336478559 ], [ -2.558764159167239, 51.472406307052729 ], [ -2.559217125319943, 51.472114680097825 ], [ -2.560567905049838, 51.471516393462849 ], [ -2.561475609161141, 51.471102771643046 ], [ -2.561875157782566, 51.470914647842697 ], [ -2.562299037926239, 51.470715064510863 ], [ -2.562804992844836, 51.470558846644614 ], [ -2.563420688652033, 51.470380591800691 ], [ -2.563896334276945, 51.470256890323249 ], [ -2.564415177420477, 51.470054830445534 ], [ -2.564720548784251, 51.469935903606398 ], [ -2.564993374051462, 51.469793357561201 ], [ -2.565171795436118, 51.469700136060695 ], [ -2.56595148457022, 51.468960720326791 ], [ -2.566537293278548, 51.468355706353456 ], [ -2.566733233576148, 51.468211903348731 ], [ -2.567035922408792, 51.468034667780934 ], [ -2.567927962442195, 51.46748104671277 ], [ -2.568043597028854, 51.467379713804227 ], [ -2.568641198941439, 51.466595381066973 ], [ -2.569211206080453, 51.465843010098794 ], [ -2.570144057053739, 51.464343852588868 ], [ -2.57027355487075, 51.464124155612687 ], [ -2.570494249313126, 51.463767804841424 ], [ -2.570739620825305, 51.46348859847636 ], [ -2.571024400721114, 51.463296934704864 ] ] } },
{ "type": "Feature", "properties": { "OBJECTID": 132, "JOURNEY_LINK_ID": "14", "JOURNEY_LINK_DESCRIPTION": "M32 IB > Bond St WB", "JOURNEY_START": "M32 IB", "JOURNEY_START_DIRECTION_TYPE": "IB", "JOURNEY_END": "Bond St WB", "JOURNEY_END_DIRECTION_TYPE": "WB", "MINIMUM_PLATE_MATCHES": 1, "CANDIDATE_COUNT": 9, "KPI_PRIORITY_LINK": "Yes", "JOURNEY_START_DIRECTION_DESC": "Inbound", "JOURNEY_END_DIRECTION_DESC": "West bound", "SHAPESTLength": 431.01297523437859 }, "geometry": { "type": "LineString", "coordinates": [ [ -2.582230229858814, 51.460194264165736 ], [ -2.582418560691111, 51.460201331998277 ], [ -2.582548556532237, 51.460091336808617 ], [ -2.583328541006612, 51.459761353315571 ], [ -2.583628532056351, 51.4596713600898 ], [ -2.584038520863782, 51.459551367714703 ], [ -2.584418512085526, 51.459471374178371 ], [ -2.584868501027672, 51.45933138363668 ], [ -2.585718479665396, 51.459201395109176 ], [ -2.587178446270439, 51.45932140342164 ], [ -2.587991369319514, 51.459374548436401 ] ] } },
{ "type": "Feature", "properties": { "OBJECTID": 133, "JOURNEY_LINK_ID": "16", "JOURNEY_LINK_DESCRIPTION": "M32 IB > 3 Lamps OB", "JOURNEY_START": "M32 IB", "JOURNEY_START_DIRECTION_TYPE": "IB", "JOURNEY_END": "3 Lamps OB", "JOURNEY_END_DIRECTION_TYPE": "OB", "MINIMUM_PLATE_MATCHES": 1, "CANDIDATE_COUNT": 9, "KPI_PRIORITY_LINK": "Yes", "JOURNEY_START_DIRECTION_DESC": "Inbound", "JOURNEY_END_DIRECTION_DESC": "Outbound", "SHAPESTLength": 1989.0980611608286 }, "geometry": { "type": "LineString", "coordinates": [ [ -2.582063689412497, 51.460310387934392 ], [ -2.582418560691111, 51.460201331998277 ], [ -2.582548556532237, 51.460091336808617 ], [ -2.583328541006612, 51.459761353315571 ], [ -2.583628532056351, 51.4596713600898 ], [ -2.5837685256529, 51.459421370774109 ], [ -2.583608525778782, 51.458731394851029 ], [ -2.583718521671039, 51.458481405284282 ], [ -2.583798517864655, 51.458371409760176 ], [ -2.58388851340733, 51.458271414584139 ], [ -2.58411850002872, 51.457991426703025 ], [ -2.584438471414813, 51.457321452348033 ], [ -2.584438470414158, 51.457271454417914 ], [ -2.584408462558598, 51.457031462578705 ], [ -2.584048449301088, 51.45640148108253 ], [ -2.58371843675513, 51.45592149470766 ], [ -2.583578430732215, 51.455641503077089 ], [ -2.583478422763843, 51.455381511362773 ], [ -2.583518393958462, 51.454521542302494 ], [ -2.583648380271613, 51.454191554758737 ], [ -2.583998346893211, 51.453301587784559 ], [ -2.584078335166195, 51.452991599975455 ], [ -2.584098330581201, 51.45286160416444 ], [ -2.584128326509688, 51.452771607678265 ], [ -2.584168321624404, 51.452641612689398 ], [ -2.584258310302255, 51.452321625139554 ], [ -2.584288304723489, 51.452161630714549 ], [ -2.584318299637871, 51.451991637215116 ], [ -2.58434829586408, 51.451861641716171 ], [ -2.584558271814659, 51.451151668384824 ], [ -2.584798247060296, 51.450451694518861 ], [ -2.584828242459679, 51.450351698088284 ], [ -2.584848237447031, 51.450161705240582 ], [ -2.584828230665124, 51.449951710761155 ], [ -2.584808224118368, 51.449831710536536 ], [ -2.584678205482267, 51.449451709742213 ], [ -2.584378181820223, 51.448931706764938 ], [ -2.583618168473131, 51.44853169983125 ], [ -2.583508165172997, 51.44847169844514 ], [ -2.583168162026988, 51.448311695129597 ], [ -2.582818157566457, 51.448121692116409 ], [ -2.582148147492996, 51.447691687042585 ], [ -2.58186814223679, 51.447461684609458 ], [ -2.581708139184438, 51.447341683807409 ], [ -2.581538137337369, 51.447241682374781 ], [ -2.581278135974642, 51.447111681002113 ], [ -2.581018135910965, 51.446981679010527 ], [ -2.580738132945812, 51.446811676234582 ], [ -2.580558131452283, 51.446681675291586 ], [ -2.580428130331522, 51.446581674163319 ], [ -2.580178127091853, 51.446401673385878 ], [ -2.579898126323958, 51.446211671740116 ], [ -2.579698124921363, 51.446071670768994 ], [ -2.579408120311024, 51.445831670380159 ], [ -2.578928112659281, 51.445321667979634 ], [ -2.578708105145705, 51.444981668510451 ], [ -2.578656793733282, 51.444731807439801 ] ] } },
{ "type": "Feature", "properties": { "OBJECTID": 134, "JOURNEY_LINK_ID": "18", "JOURNEY_LINK_DESCRIPTION": "M32 IB > Bedminster Parade OB", "JOURNEY_START": "M32 IB", "JOURNEY_START_DIRECTION_TYPE": "IB", "JOURNEY_END": "Bedminster Parade OB", "JOURNEY_END_DIRECTION_TYPE": "OB", "MINIMUM_PLATE_MATCHES": 1, "CANDIDATE_COUNT": 9, "KPI_PRIORITY_LINK": "No", "JOURNEY_START_DIRECTION_DESC": "Inbound", "JOURNEY_END_DIRECTION_DESC": "Outbound", "SHAPESTLength": 2628.839361017705 }, "geometry": { "type": "LineString", "coordinates": [ [ -2.582274418585675, 51.460227111371381 ], [ -2.582418560691111, 51.460201331998277 ], [ -2.582548556532237, 51.460091336808617 ], [ -2.583328541006612, 51.459761353315571 ], [ -2.583628532056351, 51.4596713600898 ], [ -2.5837685256529, 51.459421370774109 ], [ -2.583608525778782, 51.458731394851029 ], [ -2.583718521671039, 51.458481405284282 ], [ -2.583798517864655, 51.458371409760176 ], [ -2.58388851340733, 51.458271414584139 ], [ -2.58411850002872, 51.457991426703025 ], [ -2.584438471414813, 51.457321452348033 ], [ -2.584438470414158, 51.457271454417914 ], [ -2.584408462558598, 51.457031462578705 ], [ -2.584048449301088, 51.45640148108253 ], [ -2.58371843675513, 51.45592149470766 ], [ -2.583578430732215, 51.455641503077089 ], [ -2.583478422763843, 51.455381511362773 ], [ -2.583518393958462, 51.454521542302494 ], [ -2.583648380271613, 51.454191554758737 ], [ -2.583998346893211, 51.453301587784559 ], [ -2.584078335166195, 51.452991599975455 ], [ -2.584098330581201, 51.45286160416444 ], [ -2.584128326509688, 51.452771607678265 ], [ -2.584168321624404, 51.452641612689398 ], [ -2.584258310302255, 51.452321625139554 ], [ -2.584288304723489, 51.452161630714549 ], [ -2.584318299637871, 51.451991637215116 ], [ -2.58434829586408, 51.451861641716171 ], [ -2.584558271814659, 51.451151668384824 ], [ -2.584798247060296, 51.450451694518861 ], [ -2.584828242459679, 51.450351698088284 ], [ -2.584848237447031, 51.450161705240582 ], [ -2.584828230665124, 51.449951710761155 ], [ -2.584808224118368, 51.449831710536536 ], [ -2.584678205482267, 51.449451709742213 ], [ -2.584378181820223, 51.448931706764938 ], [ -2.583618168473131, 51.44853169983125 ], [ -2.583508165172997, 51.44847169844514 ], [ -2.583168162026988, 51.448311695129597 ], [ -2.582818157566457, 51.448121692116409 ], [ -2.582148147492996, 51.447691687042585 ], [ -2.58186814223679, 51.447461684609458 ], [ -2.581708139184438, 51.447341683807409 ], [ -2.58159813458244, 51.447181682782087 ], [ -2.581668128059793, 51.447051683347304 ], [ -2.582088120013927, 51.447051687012276 ], [ -2.58218812196726, 51.447111687477069 ], [ -2.582548126546521, 51.447351689786515 ], [ -2.582728125213105, 51.447361691371341 ], [ -2.583258106463207, 51.447151696456018 ], [ -2.583568094737222, 51.446991698957881 ], [ -2.584558055192471, 51.446421707198333 ], [ -2.585338025271227, 51.446041714846672 ], [ -2.58559801613863, 51.445931716544365 ], [ -2.586747982152142, 51.445591726368029 ], [ -2.587947957748666, 51.445461737292099 ], [ -2.588807947014345, 51.445511744991734 ], [ -2.590077941003871, 51.445691756126728 ], [ -2.590267940079729, 51.445731758330993 ], [ -2.590607931427658, 51.445681761376022 ], [ -2.59077791256354, 51.445421762428701 ], [ -2.591017901323216, 51.445281765188028 ], [ -2.59131789219686, 51.445201766975089 ], [ -2.591607879215517, 51.445081769586494 ], [ -2.591967866050902, 51.444971772121107 ], [ -2.592327859339358, 51.444931775657132 ], [ -2.592687840861013, 51.444771778608924 ], [ -2.593524054175895, 51.444049213339433 ] ] } },
{ "type": "Feature", "properties": { "OBJECTID": 135, "JOURNEY_LINK_ID": "19", "JOURNEY_LINK_DESCRIPTION": "M32 IB > Bedminster Bridge", "JOURNEY_START": "M32 IB", "JOURNEY_START_DIRECTION_TYPE": "IB", "JOURNEY_END": "Bedminster Bridge", "JOURNEY_END_DIRECTION_TYPE": "NA", "MINIMUM_PLATE_MATCHES": 1, "CANDIDATE_COUNT": 9, "KPI_PRIORITY_LINK": "Yes", "JOURNEY_START_DIRECTION_DESC": "Inbound", "JOURNEY_END_DIRECTION_DESC": "None", "SHAPESTLength": 2467.7286309303722 }, "geometry": { "type": "LineString", "coordinates": [ [ -2.582212733344327, 51.460339052268665 ], [ -2.582418560691111, 51.460201331998277 ], [ -2.582548556532237, 51.460091336808617 ], [ -2.583328541006612, 51.459761353315571 ], [ -2.583628532056351, 51.4596713600898 ], [ -2.5837685256529, 51.459421370774109 ], [ -2.583608525778782, 51.458731394851029 ], [ -2.583718521671039, 51.458481405284282 ], [ -2.583798517864655, 51.458371409760176 ], [ -2.58388851340733, 51.458271414584139 ], [ -2.58411850002872, 51.457991426703025 ], [ -2.584438471414813, 51.457321452348033 ], [ -2.584438470414158, 51.457271454417914 ], [ -2.584408462558598, 51.457031462578705 ], [ -2.584048449301088, 51.45640148108253 ], [ -2.58371843675513, 51.45592149470766 ], [ -2.583578430732215, 51.455641503077089 ], [ -2.583478422763843, 51.455381511362773 ], [ -2.583518393958462, 51.454521542302494 ], [ -2.583648380271613, 51.454191554758737 ], [ -2.583998346893211, 51.453301587784559 ], [ -2.584078335166195, 51.452991599975455 ], [ -2.584098330581201, 51.45286160416444 ], [ -2.584128326509688, 51.452771607678265 ], [ -2.584168321624404, 51.452641612689398 ], [ -2.584258310302255, 51.452321625139554 ], [ -2.584288304723489, 51.452161630714549 ], [ -2.584318299637871, 51.451991637215116 ], [ -2.58434829586408, 51.451861641716171 ], [ -2.584558271814659, 51.451151668384824 ], [ -2.584798247060296, 51.450451694518861 ], [ -2.584828242459679, 51.450351698088284 ], [ -2.584848237447031, 51.450161705240582 ], [ -2.584828230665124, 51.449951710761155 ], [ -2.584808224118368, 51.449831710536536 ], [ -2.584678205482267, 51.449451709742213 ], [ -2.584378181820223, 51.448931706764938 ], [ -2.583618168473131, 51.44853169983125 ], [ -2.583508165172997, 51.44847169844514 ], [ -2.583168162026988, 51.448311695129597 ], [ -2.582818157566457, 51.448121692116409 ], [ -2.582148147492996, 51.447691687042585 ], [ -2.58186814223679, 51.447461684609458 ], [ -2.581708139184438, 51.447341683807409 ], [ -2.58159813458244, 51.447181682782087 ], [ -2.581668128059793, 51.447051683347304 ], [ -2.582088120013927, 51.447051687012276 ], [ -2.582358106988285, 51.44686168938108 ], [ -2.582690201828785, 51.446656090597038 ], [ -2.583432761650855, 51.446246734090856 ], [ -2.584270517918936, 51.445818111508089 ], [ -2.584928003166235, 51.445481709954649 ], [ -2.586235297494465, 51.445074323917559 ], [ -2.587286019557836, 51.444939796132346 ], [ -2.588061115637986, 51.444840550740267 ], [ -2.589017273334444, 51.444944841921263 ], [ -2.589697904457799, 51.445021751881697 ], [ -2.590177902601952, 51.445111756890142 ], [ -2.59065790370973, 51.445231761595629 ], [ -2.591017901323216, 51.445281765188028 ], [ -2.59131789219686, 51.445201766975089 ], [ -2.59175788998949, 51.445291771652499 ], [ -2.591777892799078, 51.445341771282308 ], [ -2.591854770601528, 51.445526130177392 ] ] } },
{ "type": "Feature", "properties": { "OBJECTID": 136, "JOURNEY_LINK_ID": "25", "JOURNEY_LINK_DESCRIPTION": "3 Lamps IB > St Luke's Rd SB", "JOURNEY_START": "3 Lamps IB", "JOURNEY_START_DIRECTION_TYPE": "IB", "JOURNEY_END": "St Luke's Rd SB", "JOURNEY_END_DIRECTION_TYPE": "SB", "MINIMUM_PLATE_MATCHES": 1, "CANDIDATE_COUNT": 9, "KPI_PRIORITY_LINK": "No", "JOURNEY_START_DIRECTION_DESC": "Inbound", "JOURNEY_END_DIRECTION_DESC": "South bound", "SHAPESTLength": 711.44738011058746 }, "geometry": { "type": "LineString", "coordinates": [ [ -2.578591207077173, 51.444770803346806 ], [ -2.578708105145705, 51.444981668510451 ], [ -2.578928112659281, 51.445321667979634 ], [ -2.579408120311024, 51.445831670380159 ], [ -2.579698124921363, 51.446071670768994 ], [ -2.579898126323958, 51.446211671740116 ], [ -2.580178127091853, 51.446401673385878 ], [ -2.580428130331522, 51.446581674163319 ], [ -2.580558131452283, 51.446681675291586 ], [ -2.580918131031562, 51.446801678588578 ], [ -2.581338127881554, 51.446921681177017 ], [ -2.581698121808813, 51.446941683394208 ], [ -2.582528100485682, 51.446751691024048 ], [ -2.583698048291197, 51.44606169885467 ], [ -2.584678011739246, 51.445581708378185 ], [ -2.584928003166235, 51.445481709954649 ], [ -2.584727995749512, 51.445301708747991 ], [ -2.584447986528598, 51.445041706292052 ], [ -2.584447976196155, 51.444811705789682 ], [ -2.584491455255435, 51.444771584369768 ] ] } },
{ "type": "Feature", "properties": { "OBJECTID": 137, "JOURNEY_LINK_ID": "43", "JOURNEY_LINK_DESCRIPTION": "Redcliffe Way EB > Cattle Market Rd EB", "JOURNEY_START": "Redcliffe Way EB", "JOURNEY_START_DIRECTION_TYPE": "EB", "JOURNEY_END": "Cattle Market Rd EB", "JOURNEY_END_DIRECTION_TYPE": "EB", "MINIMUM_PLATE_MATCHES": 1, "CANDIDATE_COUNT": 9, "KPI_PRIORITY_LINK": "No", "JOURNEY_START_DIRECTION_DESC": "East bound", "JOURNEY_END_DIRECTION_DESC": "East bound", "SHAPESTLength": 705.79990540752624 }, "geometry": { "type": "LineString", "coordinates": [ [ -2.590541843761902, 51.44912617454969 ], [ -2.590418156114311, 51.449201761748782 ], [ -2.590268158014776, 51.44922176099422 ], [ -2.590148157216899, 51.449211759896023 ], [ -2.590018155444362, 51.449161758338676 ], [ -2.58996815510459, 51.449131757998302 ], [ -2.589908151544716, 51.449081757516105 ], [ -2.589368142820385, 51.448871751541681 ], [ -2.588968144458209, 51.448861747989369 ], [ -2.588208152721921, 51.448911741851937 ], [ -2.587388162861543, 51.448971734140216 ], [ -2.586268174101585, 51.449041723678071 ], [ -2.584548181263427, 51.448951707363968 ], [ -2.584378181820223, 51.448931706764938 ], [ -2.583618168473131, 51.44853169983125 ], [ -2.583508165172997, 51.44847169844514 ], [ -2.583168162026988, 51.448311695129597 ], [ -2.582818157566457, 51.448121692116409 ], [ -2.582388152459166, 51.447861689283812 ], [ -2.582028159846409, 51.447911685305513 ], [ -2.581453387526563, 51.448202891313251 ] ] } },
{ "type": "Feature", "properties": { "OBJECTID": 138, "JOURNEY_LINK_ID": "44", "JOURNEY_LINK_DESCRIPTION": "Redcliffe Way EB > 3 Lamps OB", "JOURNEY_START": "Redcliffe Way EB", "JOURNEY_START_DIRECTION_TYPE": "EB", "JOURNEY_END": "3 Lamps OB", "JOURNEY_END_DIRECTION_TYPE": "OB", "MINIMUM_PLATE_MATCHES": 1, "CANDIDATE_COUNT": 9, "KPI_PRIORITY_LINK": "No", "JOURNEY_START_DIRECTION_DESC": "East bound", "JOURNEY_END_DIRECTION_DESC": "Outbound", "SHAPESTLength": 1087.1613539264097 }, "geometry": { "type": "LineString", "coordinates": [ [ -2.590644975782105, 51.449043866326654 ], [ -2.590418156114311, 51.449201761748782 ], [ -2.590268158014776, 51.44922176099422 ], [ -2.590148157216899, 51.449211759896023 ], [ -2.590018155444362, 51.449161758338676 ], [ -2.58996815510459, 51.449131757998302 ], [ -2.589908151544716, 51.449081757516105 ], [ -2.589368142820385, 51.448871751541681 ], [ -2.588968144458209, 51.448861747989369 ], [ -2.588208152721921, 51.448911741851937 ], [ -2.587388162861543, 51.448971734140216 ], [ -2.586268174101585, 51.449041723678071 ], [ -2.584548181263427, 51.448951707363968 ], [ -2.584378181820223, 51.448931706764938 ], [ -2.583618168473131, 51.44853169983125 ], [ -2.583508165172997, 51.44847169844514 ], [ -2.583168162026988, 51.448311695129597 ], [ -2.582818157566457, 51.448121692116409 ], [ -2.582148147492996, 51.447691687042585 ], [ -2.58186814223679, 51.447461684609458 ], [ -2.581708139184438, 51.447341683807409 ], [ -2.581538137337369, 51.447241682374781 ], [ -2.581278135974642, 51.447111681002113 ], [ -2.581018135910965, 51.446981679010527 ], [ -2.580738132945812, 51.446811676234582 ], [ -2.580558131452283, 51.446681675291586 ], [ -2.580428130331522, 51.446581674163319 ], [ -2.580178127091853, 51.446401673385878 ], [ -2.579898126323958, 51.446211671740116 ], [ -2.579698124921363, 51.446071670768994 ], [ -2.579408120311024, 51.445831670380159 ], [ -2.578928112659281, 51.445321667979634 ], [ -2.578708105145705, 51.444981668510451 ], [ -2.578711939732967, 51.444685643670056 ] ] } },
{ "type": "Feature", "properties": { "OBJECTID": 139, "JOURNEY_LINK_ID": "54", "JOURNEY_LINK_DESCRIPTION": "Old Market IB > Castle St WB", "JOURNEY_START": "Old Market IB", "JOURNEY_START_DIRECTION_TYPE": "IB", "JOURNEY_END": "Castle St WB", "JOURNEY_END_DIRECTION_TYPE": "WB", "MINIMUM_PLATE_MATCHES": 1, "CANDIDATE_COUNT": 9, "KPI_PRIORITY_LINK": "Yes", "JOURNEY_START_DIRECTION_DESC": "Inbound", "JOURNEY_END_DIRECTION_DESC": "West bound", "SHAPESTLength": 424.53458367715899 }, "geometry": { "type": "LineString", "coordinates": [ [ -2.580144114097349, 51.456523384824905 ], [ -2.580528496490389, 51.456331456451885 ], [ -2.580668492158097, 51.456301458017954 ], [ -2.5816184691212, 51.455961476519597 ], [ -2.582088458144733, 51.455861484293322 ], [ -2.582428451189577, 51.455801488715757 ], [ -2.583198435333899, 51.455621501350237 ], [ -2.583228433047212, 51.455551503286188 ], [ -2.583268430146944, 51.455501505612126 ], [ -2.583688418835397, 51.455361514367858 ], [ -2.583808418490197, 51.45538151535429 ], [ -2.583988418630656, 51.45546151319666 ], [ -2.584788406632041, 51.455451519984855 ], [ -2.584918404711467, 51.455471520981732 ], [ -2.585078406656183, 51.455611517763003 ], [ -2.585117774725321, 51.455902429050013 ] ] } },
{ "type": "Feature", "properties": { "OBJECTID": 140, "JOURNEY_LINK_ID": "59", "JOURNEY_LINK_DESCRIPTION": "Old Market IB >  Bedminster Parade OB", "JOURNEY_START": "Old Market IB", "JOURNEY_START_DIRECTION_TYPE": "IB", "JOURNEY_END": "Bedminster Parade OB", "JOURNEY_END_DIRECTION_TYPE": "OB", "MINIMUM_PLATE_MATCHES": 1, "CANDIDATE_COUNT": 9, "KPI_PRIORITY_LINK": "No", "JOURNEY_START_DIRECTION_DESC": "Inbound", "JOURNEY_END_DIRECTION_DESC": "Outbound", "SHAPESTLength": 2259.8271639805248 }, "geometry": { "type": "LineString", "coordinates": [ [ -2.580086938713411, 51.456483551654557 ], [ -2.580528496490389, 51.456331456451885 ], [ -2.580668492158097, 51.456301458017954 ], [ -2.5816184691212, 51.455961476519597 ], [ -2.582088458144733, 51.455861484293322 ], [ -2.582428451189577, 51.455801488715757 ], [ -2.583198435333899, 51.455621501350237 ], [ -2.583228433047212, 51.455551503286188 ], [ -2.583268430146944, 51.455501505612126 ], [ -2.583288425047049, 51.455321512133551 ], [ -2.583288423512446, 51.455291513204479 ], [ -2.583398394070705, 51.454531540004673 ], [ -2.583508382112086, 51.454201552541399 ], [ -2.583838352001691, 51.453411583735935 ], [ -2.583998339269483, 51.453101595080881 ], [ -2.584078335166195, 51.452991599975455 ], [ -2.584098330581201, 51.45286160416444 ], [ -2.584128326509688, 51.452771607678265 ], [ -2.584168321624404, 51.452641612689398 ], [ -2.584288304723489, 51.452161630714549 ], [ -2.584318299637871, 51.451991637215116 ], [ -2.58434829586408, 51.451861641716171 ], [ -2.584558271814659, 51.451151668384824 ], [ -2.584798247060296, 51.450451694518861 ], [ -2.584828242459679, 51.450351698088284 ], [ -2.584848237447031, 51.450161705240582 ], [ -2.584828230665124, 51.449951710761155 ], [ -2.584808224118368, 51.449831710536536 ], [ -2.584678205482267, 51.449451709742213 ], [ -2.584378181820223, 51.448931706764938 ], [ -2.583618168473131, 51.44853169983125 ], [ -2.583508165172997, 51.44847169844514 ], [ -2.583168162026988, 51.448311695129597 ], [ -2.582818157566457, 51.448121692116409 ], [ -2.582148147492996, 51.447691687042585 ], [ -2.58186814223679, 51.447461684609458 ], [ -2.581708139184438, 51.447341683807409 ], [ -2.58159813458244, 51.447181682782087 ], [ -2.581668128059793, 51.447051683347304 ], [ -2.582088120013927, 51.447051687012276 ], [ -2.58218812196726, 51.447111687477069 ], [ -2.582548126546521, 51.447351689786515 ], [ -2.582728125213105, 51.447361691371341 ], [ -2.583258106463207, 51.447151696456018 ], [ -2.585338025271227, 51.446041714846672 ], [ -2.586747982152142, 51.445591726368029 ], [ -2.587947957748666, 51.445461737292099 ], [ -2.588807947014345, 51.445511744991734 ], [ -2.590077941003871, 51.445691756126728 ], [ -2.590267940079729, 51.445731758330993 ], [ -2.590607931427658, 51.445681761376022 ], [ -2.59077791256354, 51.445421762428701 ], [ -2.591017901323216, 51.445281765188028 ], [ -2.59131789219686, 51.445201766975089 ], [ -2.591607879215517, 51.445081769586494 ], [ -2.591967866050902, 51.444971772121107 ], [ -2.592327859339358, 51.444931775657132 ], [ -2.592687840861013, 51.444771778608924 ], [ -2.593373069238977, 51.444205546350041 ] ] } },
{ "type": "Feature", "properties": { "OBJECTID": 141, "JOURNEY_LINK_ID": "61", "JOURNEY_LINK_DESCRIPTION": "Castle St EB > Avon St OB", "JOURNEY_START": "Castle St EB", "JOURNEY_START_DIRECTION_TYPE": "EB", "JOURNEY_END": "Avon St OB", "JOURNEY_END_DIRECTION_TYPE": "OB", "MINIMUM_PLATE_MATCHES": 1, "CANDIDATE_COUNT": 9, "KPI_PRIORITY_LINK": "No", "JOURNEY_START_DIRECTION_DESC": "East bound", "JOURNEY_END_DIRECTION_DESC": "Outbound", "SHAPESTLength": 511.33103792166878 }, "geometry": { "type": "LineString", "coordinates": [ [ -2.585237649672595, 51.455486600789456 ], [ -2.584828407834214, 51.455551517347558 ], [ -2.584078426174711, 51.455751503937883 ], [ -2.5840584268916, 51.455781502897807 ], [ -2.58371843675513, 51.45592149470766 ], [ -2.583588440304229, 51.455931492944465 ], [ -2.583548441765847, 51.45593149280274 ], [ -2.583328442023852, 51.455851494060546 ], [ -2.583198435333899, 51.455621501350237 ], [ -2.583228433047212, 51.455551503286188 ], [ -2.583268430146944, 51.455501505612126 ], [ -2.583288425047049, 51.455321512133551 ], [ -2.583288423512446, 51.455291513204479 ], [ -2.583398394070705, 51.454531540004673 ], [ -2.583508382112086, 51.454201552541399 ], [ -2.583838352001691, 51.453411583735935 ], [ -2.583568348097304, 51.453221587540639 ], [ -2.583258348945641, 51.453141587291455 ], [ -2.582783608063659, 51.453055596543145 ] ] } },
{ "type": "Feature", "properties": { "OBJECTID": 142, "JOURNEY_LINK_ID": "75", "JOURNEY_LINK_DESCRIPTION": "Bond St EB > Old Market St OB", "JOURNEY_START": "Bond St EB", "JOURNEY_START_DIRECTION_TYPE": "EB", "JOURNEY_END": "Old Market St OB", "JOURNEY_END_DIRECTION_TYPE": "OB", "MINIMUM_PLATE_MATCHES": 1, "CANDIDATE_COUNT": 9, "KPI_PRIORITY_LINK": "Yes", "JOURNEY_START_DIRECTION_DESC": "East bound", "JOURNEY_END_DIRECTION_DESC": "Outbound", "SHAPESTLength": 1121.6570982803275 }, "geometry": { "type": "LineString", "coordinates": [ [ -2.586638692455399, 51.459269409265005 ], [ -2.585748478771184, 51.459291392088872 ], [ -2.584958499174981, 51.459431379359337 ], [ -2.584098522117101, 51.459791358695028 ], [ -2.58377852979998, 51.459901352075377 ], [ -2.583338543368438, 51.460101340527238 ], [ -2.582898552093865, 51.460291330847696 ], [ -2.582418560691111, 51.460201331998277 ], [ -2.582548556532237, 51.460091336808617 ], [ -2.583328541006612, 51.459761353315571 ], [ -2.583628532056351, 51.4596713600898 ], [ -2.5837685256529, 51.459421370774109 ], [ -2.583608525778782, 51.458731394851029 ], [ -2.583718521671039, 51.458481405284282 ], [ -2.583798517864655, 51.458371409760176 ], [ -2.58388851340733, 51.458271414584139 ], [ -2.58411850002872, 51.457991426703025 ], [ -2.584438471414813, 51.457321452348033 ], [ -2.584438470414158, 51.457271454417914 ], [ -2.584408462558598, 51.457031462578705 ], [ -2.58398845253682, 51.456501476949242 ], [ -2.583838448767379, 51.456291482954953 ], [ -2.583648443099637, 51.456051489756675 ], [ -2.583548441765847, 51.45593149280274 ], [ -2.583328442023852, 51.455851494060546 ], [ -2.582038464557937, 51.456011478492563 ], [ -2.581788469428012, 51.456061475128649 ], [ -2.581018486266569, 51.456231462926915 ], [ -2.580668492158097, 51.456301458017954 ], [ -2.580528496490389, 51.456331456451885 ], [ -2.580115858597549, 51.456347116638639 ] ] } },
{ "type": "Feature", "properties": { "OBJECTID": 143, "JOURNEY_LINK_ID": "77", "JOURNEY_LINK_DESCRIPTION": "Bond St EB > Castle St WB", "JOURNEY_START": "Bond St EB", "JOURNEY_START_DIRECTION_TYPE": "EB", "JOURNEY_END": "Castle St WB", "JOURNEY_END_DIRECTION_TYPE": "WB", "MINIMUM_PLATE_MATCHES": 1, "CANDIDATE_COUNT": 9, "KPI_PRIORITY_LINK": "No", "JOURNEY_START_DIRECTION_DESC": "East bound", "JOURNEY_END_DIRECTION_DESC": "West bound", "SHAPESTLength": 1092.911620363137 }, "geometry": { "type": "LineString", "coordinates": [ [ -2.586574459857772, 51.459370983565883 ], [ -2.585748478771184, 51.459291392088872 ], [ -2.584958499174981, 51.459431379359337 ], [ -2.584098522117101, 51.459791358695028 ], [ -2.58377852979998, 51.459901352075377 ], [ -2.583338543368438, 51.460101340527238 ], [ -2.582898552093865, 51.460291330847696 ], [ -2.582418560691111, 51.460201331998277 ], [ -2.582548556532237, 51.460091336808617 ], [ -2.583328541006612, 51.459761353315571 ], [ -2.583628532056351, 51.4596713600898 ], [ -2.5837685256529, 51.459421370774109 ], [ -2.583608525778782, 51.458731394851029 ], [ -2.583718521671039, 51.458481405284282 ], [ -2.583798517864655, 51.458371409760176 ], [ -2.58388851340733, 51.458271414584139 ], [ -2.58411850002872, 51.457991426703025 ], [ -2.584438471414813, 51.457321452348033 ], [ -2.584438470414158, 51.457271454417914 ], [ -2.584408462558598, 51.457031462578705 ], [ -2.58398845253682, 51.456501476949242 ], [ -2.583838448767379, 51.456291482954953 ], [ -2.583648443099637, 51.456051489756675 ], [ -2.583548441765847, 51.45593149280274 ], [ -2.583328442023852, 51.455851494060546 ], [ -2.583198435333899, 51.455621501350237 ], [ -2.583228433047212, 51.455551503286188 ], [ -2.583268430146944, 51.455501505612126 ], [ -2.583688418835397, 51.455361514367858 ], [ -2.583808418490197, 51.45538151535429 ], [ -2.583988418630656, 51.45546151319666 ], [ -2.584788406632041, 51.455451519984855 ], [ -2.584918404711467, 51.455471520981732 ], [ -2.585078406656183, 51.455611517763003 ], [ -2.584962795050825, 51.455810087036511 ] ] } },
{ "type": "Feature", "properties": { "OBJECTID": 144, "JOURNEY_LINK_ID": "82", "JOURNEY_LINK_DESCRIPTION": "Bond St EB > St Luke's Rd SB", "JOURNEY_START": "Bond St EB", "JOURNEY_START_DIRECTION_TYPE": "EB", "JOURNEY_END": "St Luke's Rd SB", "JOURNEY_END_DIRECTION_TYPE": "SB", "MINIMUM_PLATE_MATCHES": 1, "CANDIDATE_COUNT": 9, "KPI_PRIORITY_LINK": "No", "JOURNEY_START_DIRECTION_DESC": "East bound", "JOURNEY_END_DIRECTION_DESC": "South bound", "SHAPESTLength": 2345.2198309332621 }, "geometry": { "type": "LineString", "coordinates": [ [ -2.586648043706572, 51.459428501323828 ], [ -2.585748478771184, 51.459291392088872 ], [ -2.584958499174981, 51.459431379359337 ], [ -2.584098522117101, 51.459791358695028 ], [ -2.58377852979998, 51.459901352075377 ], [ -2.583338543368438, 51.460101340527238 ], [ -2.582898552093865, 51.460291330847696 ], [ -2.582418560691111, 51.460201331998277 ], [ -2.582548556532237, 51.460091336808617 ], [ -2.583328541006612, 51.459761353315571 ], [ -2.583628532056351, 51.4596713600898 ], [ -2.5837685256529, 51.459421370774109 ], [ -2.583608525778782, 51.458731394851029 ], [ -2.583718521671039, 51.458481405284282 ], [ -2.583798517864655, 51.458371409760176 ], [ -2.58388851340733, 51.458271414584139 ], [ -2.58411850002872, 51.457991426703025 ], [ -2.584438471414813, 51.457321452348033 ], [ -2.584438470414158, 51.457271454417914 ], [ -2.584408462558598, 51.457031462578705 ], [ -2.584048449301088, 51.45640148108253 ], [ -2.58371843675513, 51.45592149470766 ], [ -2.583578430732215, 51.455641503077089 ], [ -2.583478422763843, 51.455381511362773 ], [ -2.583518393958462, 51.454521542302494 ], [ -2.583648380271613, 51.454191554758737 ], [ -2.583998346893211, 51.453301587784559 ], [ -2.584078335166195, 51.452991599975455 ], [ -2.584098330581201, 51.45286160416444 ], [ -2.584128326509688, 51.452771607678265 ], [ -2.584168321624404, 51.452641612689398 ], [ -2.584288304723489, 51.452161630714549 ], [ -2.584318299637871, 51.451991637215116 ], [ -2.58434829586408, 51.451861641716171 ], [ -2.584558271814659, 51.451151668384824 ], [ -2.584798247060296, 51.450451694518861 ], [ -2.584828242459679, 51.450351698088284 ], [ -2.584848237447031, 51.450161705240582 ], [ -2.584828230665124, 51.449951710761155 ], [ -2.584808224118368, 51.449831710536536 ], [ -2.584678205482267, 51.449451709742213 ], [ -2.584378181820223, 51.448931706764938 ], [ -2.583618168473131, 51.44853169983125 ], [ -2.583508165172997, 51.44847169844514 ], [ -2.583168162026988, 51.448311695129597 ], [ -2.582818157566457, 51.448121692116409 ], [ -2.582148147492996, 51.447691687042585 ], [ -2.58186814223679, 51.447461684609458 ], [ -2.581708139184438, 51.447341683807409 ], [ -2.581538137337369, 51.447241682374781 ], [ -2.581508134200577, 51.447151682393901 ], [ -2.581518130727089, 51.447041682955209 ], [ -2.581698121808813, 51.446941683394208 ], [ -2.582528100485682, 51.446751691024048 ], [ -2.583698048291197, 51.44606169885467 ], [ -2.584678011739246, 51.445581708378185 ], [ -2.584928003166235, 51.445481709954649 ], [ -2.584727995749512, 51.445301708747991 ], [ -2.584447986528598, 51.445041706292052 ], [ -2.584447976196155, 51.444811705789682 ], [ -2.584425445748593, 51.44480414748368 ] ] } },
{ "type": "Feature", "properties": { "OBJECTID": 145, "JOURNEY_LINK_ID": "84", "JOURNEY_LINK_DESCRIPTION": "Bedminster Bridge > Bedminster Parade OB", "JOURNEY_START": "Bedminster Bridge", "JOURNEY_START_DIRECTION_TYPE": "NA", "JOURNEY_END": "Bedminster Parade OB", "JOURNEY_END_DIRECTION_TYPE": "OB", "MINIMUM_PLATE_MATCHES": 1, "CANDIDATE_COUNT": 9, "KPI_PRIORITY_LINK": "No", "JOURNEY_START_DIRECTION_DESC": "None", "JOURNEY_END_DIRECTION_DESC": "Outbound", "SHAPESTLength": 414.23967952083979 }, "geometry": { "type": "LineString", "coordinates": [ [ -2.592108384230075, 51.445628247638176 ], [ -2.591697915208419, 51.445641770967406 ], [ -2.591517929155375, 51.445831769325785 ], [ -2.591447934154543, 51.445901769296448 ], [ -2.591287943396394, 51.446011766922815 ], [ -2.591247945417062, 51.446021767338692 ], [ -2.590857948558947, 51.446001763946093 ], [ -2.590717945876904, 51.445931762130357 ], [ -2.590657945497311, 51.445881761970931 ], [ -2.590607931427658, 51.445681761376022 ], [ -2.59077791256354, 51.445421762428701 ], [ -2.591017901323216, 51.445281765188028 ], [ -2.59131789219686, 51.445201766975089 ], [ -2.591607879215517, 51.445081769586494 ], [ -2.591967866050902, 51.444971772121107 ], [ -2.592327859339358, 51.444931775657132 ], [ -2.592687840861013, 51.444771778608924 ], [ -2.593426706107519, 51.444238597496302 ] ] } },
{ "type": "Feature", "properties": { "OBJECTID": 146, "JOURNEY_LINK_ID": "88", "JOURNEY_LINK_DESCRIPTION": "Bedminster Bridge > Bond St WB", "JOURNEY_START": "Bedminster Bridge", "JOURNEY_START_DIRECTION_TYPE": "NA", "JOURNEY_END": "Bond St WB", "JOURNEY_END_DIRECTION_TYPE": "WB", "MINIMUM_PLATE_MATCHES": 1, "CANDIDATE_COUNT": 9, "KPI_PRIORITY_LINK": "Yes", "JOURNEY_START_DIRECTION_DESC": "None", "JOURNEY_END_DIRECTION_DESC": "West bound", "SHAPESTLength": 2383.1810690301472 }, "geometry": { "type": "LineString", "coordinates": [ [ -2.592078183094451, 51.445515095280207 ], [ -2.591697915208419, 51.445641770967406 ], [ -2.591517929155375, 51.445831769325785 ], [ -2.591447934154543, 51.445901769296448 ], [ -2.591287943396394, 51.446011766922815 ], [ -2.591247945417062, 51.446021767338692 ], [ -2.590917984855899, 51.446581764766002 ], [ -2.590887995851608, 51.446721764043922 ], [ -2.590828013478871, 51.447011764050629 ], [ -2.590758031475258, 51.44728176394468 ], [ -2.590738034927037, 51.447341763083585 ], [ -2.590598066970263, 51.447811763301267 ], [ -2.590458129669233, 51.448801761595142 ], [ -2.590548133373744, 51.448861762857206 ], [ -2.590598139435667, 51.448961764121805 ], [ -2.59057814763307, 51.449091763496433 ], [ -2.590418156114311, 51.449201761748782 ], [ -2.590268158014776, 51.44922176099422 ], [ -2.590148157216899, 51.449211759896023 ], [ -2.590018155444362, 51.449161758338676 ], [ -2.58996815510459, 51.449131757998302 ], [ -2.589908151544716, 51.449081757516105 ], [ -2.589368142820385, 51.448871751541681 ], [ -2.588968144458209, 51.448861747989369 ], [ -2.588208152721921, 51.448911741851937 ], [ -2.58759816032663, 51.448961735370752 ], [ -2.587388162861543, 51.448971734140216 ], [ -2.586268174101585, 51.449041723678071 ], [ -2.584548181263427, 51.448951707363968 ], [ -2.584968224747003, 51.449851711840836 ], [ -2.58497823017913, 51.449971711700634 ], [ -2.584988241292634, 51.450341700377876 ], [ -2.584958245467889, 51.450451696511301 ], [ -2.584758266317884, 51.451021674548763 ], [ -2.584658277607832, 51.451391661199217 ], [ -2.584538295237162, 51.451931640763249 ], [ -2.584358321899358, 51.452701612116421 ], [ -2.584308330427295, 51.452961603452273 ], [ -2.584198340635803, 51.453221592242009 ], [ -2.583928365510528, 51.453851569330922 ], [ -2.5836183936301, 51.454571541422517 ], [ -2.583608419906102, 51.455361513267874 ], [ -2.583718427086082, 51.455621505358856 ], [ -2.583858433934296, 51.455901496834102 ], [ -2.584158445415897, 51.456371483397824 ], [ -2.584418452721461, 51.456751472611785 ], [ -2.584648461480446, 51.457121461965436 ], [ -2.584588477022973, 51.457581444480162 ], [ -2.583798521030299, 51.458671399011799 ], [ -2.583918522491225, 51.459261377706355 ], [ -2.584038520863782, 51.459551367714703 ], [ -2.584524326769387, 51.459613121180645 ], [ -2.58582867128516, 51.459299478999625 ], [ -2.586859282339856, 51.459401181821235 ], [ -2.588101679716805, 51.459419862050304 ] ] } },
{ "type": "Feature", "properties": { "OBJECTID": 147, "JOURNEY_LINK_ID": "96", "JOURNEY_LINK_DESCRIPTION": "Commercial Rd EB > Coronation Rd WB", "JOURNEY_START": "Commercial Rd EB", "JOURNEY_START_DIRECTION_TYPE": "EB", "JOURNEY_END": "Coronation Rd WB", "JOURNEY_END_DIRECTION_TYPE": "WB", "MINIMUM_PLATE_MATCHES": 1, "CANDIDATE_COUNT": 9, "KPI_PRIORITY_LINK": "No", "JOURNEY_START_DIRECTION_DESC": "East bound", "JOURNEY_END_DIRECTION_DESC": "West bound", "SHAPESTLength": 345.97912165731003 }, "geometry": { "type": "LineString", "coordinates": [ [ -2.592295871966784, 51.446208160908064 ], [ -2.591737940283913, 51.446051772228643 ], [ -2.591397944192918, 51.446041768226884 ], [ -2.591287943396394, 51.446011766922815 ], [ -2.591247945417062, 51.446021767338692 ], [ -2.590857948558947, 51.446001763946093 ], [ -2.590717945876904, 51.445931762130357 ], [ -2.590657945497311, 51.445881761970931 ], [ -2.590607931427658, 51.445681761376022 ], [ -2.59077791256354, 51.445421762428701 ], [ -2.591017901323216, 51.445281765188028 ], [ -2.59131789219686, 51.445201766975089 ], [ -2.59175788998949, 51.445291771652499 ], [ -2.591777892799078, 51.445341771282308 ], [ -2.591897897656684, 51.445421771981081 ], [ -2.592070407497089, 51.445567542716212 ], [ -2.592559295669782, 51.445621522550063 ], [ -2.592815541297945, 51.445607296021812 ] ] } },
{ "type": "Feature", "properties": { "OBJECTID": 148, "JOURNEY_LINK_ID": "113", "JOURNEY_LINK_DESCRIPTION": "St Luke's Rd NB > Bedminster Bridge", "JOURNEY_START": "St Luke's Rd NB", "JOURNEY_START_DIRECTION_TYPE": "NB", "JOURNEY_END": "Bedminster Bridge", "JOURNEY_END_DIRECTION_TYPE": "NA", "MINIMUM_PLATE_MATCHES": 1, "CANDIDATE_COUNT": 9, "KPI_PRIORITY_LINK": "No", "JOURNEY_START_DIRECTION_DESC": "North bound", "JOURNEY_END_DIRECTION_DESC": "None", "SHAPESTLength": 615.56295621763525 }, "geometry": { "type": "LineString", "coordinates": [ [ -2.584516217317454, 51.444716353249646 ], [ -2.584447976196155, 51.444811705789682 ], [ -2.584447986528598, 51.445041706292052 ], [ -2.584727995749512, 51.445301708747991 ], [ -2.584928003166235, 51.445481709954649 ], [ -2.585727976345032, 51.445191718003016 ], [ -2.587927922049712, 51.444821737012902 ], [ -2.589697904457799, 51.445021751881697 ], [ -2.590177902601952, 51.445111756890142 ], [ -2.590407903758972, 51.445171758705513 ], [ -2.59065790370973, 51.445231761595629 ], [ -2.591017901323216, 51.445281765188028 ], [ -2.59131789219686, 51.445201766975089 ], [ -2.59175788998949, 51.445291771652499 ], [ -2.591777892799078, 51.445341771282308 ], [ -2.591885394769513, 51.445454080352881 ] ] } },
{ "type": "Feature", "properties": { "OBJECTID": 149, "JOURNEY_LINK_ID": "135", "JOURNEY_LINK_DESCRIPTION": "Brislington P&R IB > 3 Lamps IB", "JOURNEY_START": "Brislington P&R IB", "JOURNEY_START_DIRECTION_TYPE": "IB", "JOURNEY_END": "3 Lamps IB", "JOURNEY_END_DIRECTION_TYPE": "IB", "MINIMUM_PLATE_MATCHES": 1, "CANDIDATE_COUNT": 9, "KPI_PRIORITY_LINK": "Yes", "JOURNEY_START_DIRECTION_DESC": "Inbound", "JOURNEY_END_DIRECTION_DESC": "Inbound", "SHAPESTLength": 3894.6677479985892 }, "geometry": { "type": "LineString", "coordinates": [ [ -2.534338344266063, 51.428465712280754 ], [ -2.53467943878963, 51.428502019768345 ], [ -2.53540942386564, 51.428702010877458 ], [ -2.535679419026911, 51.428762007859852 ], [ -2.536119411442772, 51.428872002887644 ], [ -2.536659400410906, 51.429001997238387 ], [ -2.53693939575719, 51.429071993932496 ], [ -2.537469387285889, 51.429161989543822 ], [ -2.538179374097134, 51.429311980921184 ], [ -2.538549368331473, 51.429381977253357 ], [ -2.538999361873046, 51.429471973300259 ], [ -2.539459353928252, 51.429551968564311 ], [ -2.540009345051792, 51.42965196384776 ], [ -2.540359339327124, 51.429721961010209 ], [ -2.541099325227242, 51.429901952249232 ], [ -2.541369320909117, 51.429961949426989 ], [ -2.541649315287565, 51.430031947297742 ], [ -2.541769312318015, 51.43006194579435 ], [ -2.542369303634891, 51.430161939983854 ], [ -2.542669298085737, 51.430231937352893 ], [ -2.543179286926933, 51.430391931512254 ], [ -2.543649272066133, 51.430611924206431 ], [ -2.543729269933882, 51.430641923441691 ], [ -2.544049264068495, 51.430741919285929 ], [ -2.544329254456446, 51.43087191582508 ], [ -2.544919229608798, 51.431281904057421 ], [ -2.54511921972489, 51.431461899618618 ], [ -2.54537920358289, 51.431771893114252 ], [ -2.545479197572071, 51.431891889943742 ], [ -2.545619190189109, 51.43203188732307 ], [ -2.546239154858808, 51.432641872598879 ], [ -2.547269113302904, 51.433381854315812 ], [ -2.547479109832805, 51.433451853253189 ], [ -2.548019099770515, 51.433781846750293 ], [ -2.548549090193977, 51.434041841155434 ], [ -2.548789085678174, 51.434121838791881 ], [ -2.548879084790835, 51.434131838319672 ], [ -2.549759072541364, 51.434101834416424 ], [ -2.550679063860718, 51.434031824188885 ], [ -2.551559053086457, 51.433981812779415 ], [ -2.552069046937087, 51.434021805527514 ], [ -2.552369040454703, 51.434091801346682 ], [ -2.552559036708928, 51.434141797971165 ], [ -2.552759032335075, 51.434231794696863 ], [ -2.553209015877399, 51.434561785767968 ], [ -2.55332900992858, 51.434681783042059 ], [ -2.553978975524497, 51.435431768861193 ], [ -2.554298956676562, 51.435811762737046 ], [ -2.554468948338696, 51.435971759676214 ], [ -2.554688940011681, 51.436131755799991 ], [ -2.555088925352287, 51.436321749807171 ], [ -2.55531891650157, 51.436421746779381 ], [ -2.555638904245508, 51.436571742209026 ], [ -2.555888896979738, 51.436671738620397 ], [ -2.556228882361471, 51.436881733697547 ], [ -2.556708860147848, 51.437201727726539 ], [ -2.556888850105537, 51.437351724589782 ], [ -2.557168834723847, 51.437591720308575 ], [ -2.557448816501218, 51.437861716006957 ], [ -2.557758794615558, 51.438191711102711 ], [ -2.558998694348544, 51.43977169499982 ], [ -2.559148680028007, 51.439991692044934 ], [ -2.559258667717531, 51.440171691141359 ], [ -2.559358656395444, 51.440341689549527 ], [ -2.559568634244057, 51.440711686656698 ], [ -2.559778607160206, 51.441111684811681 ], [ -2.560148580449682, 51.441451681459057 ], [ -2.560478560554059, 51.441731677542322 ], [ -2.561008545551999, 51.441901671626148 ], [ -2.561148541856233, 51.441931670757057 ], [ -2.561478533042621, 51.442001667073136 ], [ -2.562358505563169, 51.442091659897173 ], [ -2.564268446791381, 51.442351644087317 ], [ -2.564538437832621, 51.442401642190177 ], [ -2.565158417706033, 51.442521636368767 ], [ -2.565888393764175, 51.442661630255266 ], [ -2.567378347785173, 51.44280162621412 ], [ -2.567878335061247, 51.442821628521081 ], [ -2.570648255641127, 51.44269164181803 ], [ -2.571188238896401, 51.442651644510605 ], [ -2.571568227193358, 51.442631646012572 ], [ -2.571868218614324, 51.442611647813187 ], [ -2.572288206808222, 51.442591649380994 ], [ -2.573448172495199, 51.442561654083789 ], [ -2.574958131797165, 51.442691659666593 ], [ -2.576168108752809, 51.443071662471844 ], [ -2.576868098640479, 51.443411664864165 ], [ -2.577568091900893, 51.443771666719655 ], [ -2.57787808927664, 51.443961667621693 ], [ -2.57837809339451, 51.444401668194608 ], [ -2.578608097768776, 51.444671668756001 ], [ -2.578620815885543, 51.444624035135895 ] ] } },
{ "type": "Feature", "properties": { "OBJECTID": 150, "JOURNEY_LINK_ID": "138", "JOURNEY_LINK_DESCRIPTION": "Hotwell Rd IB > St Michael's Hill NB", "JOURNEY_START": "Hotwell Rd IB", "JOURNEY_START_DIRECTION_TYPE": "IB", "JOURNEY_END": "St Michael's Hill NB", "JOURNEY_END_DIRECTION_TYPE": "NB", "MINIMUM_PLATE_MATCHES": 1, "CANDIDATE_COUNT": 9, "KPI_PRIORITY_LINK": "No", "JOURNEY_START_DIRECTION_DESC": "Inbound", "JOURNEY_END_DIRECTION_DESC": "North bound", "SHAPESTLength": 2058.1636838868649 }, "geometry": { "type": "LineString", "coordinates": [ [ -2.613746349809166, 51.449600040350226 ], [ -2.613577813435816, 51.449541977232315 ], [ -2.613227821047642, 51.449551972964777 ], [ -2.611187885779881, 51.449881954040713 ], [ -2.608977937261079, 51.450401919108614 ], [ -2.608647945181863, 51.45048191344506 ], [ -2.6082379524417, 51.450561906210204 ], [ -2.60816795287997, 51.450671901396476 ], [ -2.608047954123229, 51.450771896502509 ], [ -2.608027952221545, 51.450821894336528 ], [ -2.607967953967016, 51.450871891374696 ], [ -2.607928434949367, 51.451204106396773 ], [ -2.608427921965507, 51.451971855496474 ], [ -2.609067077037687, 51.452373198107615 ], [ -2.609717866848198, 51.452781835714617 ], [ -2.609917854363606, 51.453071825772142 ], [ -2.610027823570728, 51.454281781062882 ], [ -2.609847816985033, 51.454821758748366 ], [ -2.609355251175619, 51.455450642962127 ], [ -2.608697837576093, 51.455851710771817 ], [ -2.6080478577665, 51.456201691338677 ], [ -2.607927851315254, 51.456771670413808 ], [ -2.607457868462566, 51.456891662194622 ], [ -2.606127931605539, 51.456281674299362 ], [ -2.604597994340518, 51.455921675926461 ], [ -2.60294805878337, 51.455521677265494 ], [ -2.601598108573723, 51.45534167258694 ], [ -2.600118163008347, 51.455491654910894 ], [ -2.599228182331758, 51.455791636572073 ], [ -2.598709897581846, 51.456043646579715 ], [ -2.598206687728465, 51.45628731892694 ], [ -2.597558215717919, 51.4569315807327 ], [ -2.597887178880378, 51.457127930273913 ] ] } },
{ "type": "Feature", "properties": { "OBJECTID": 151, "JOURNEY_LINK_ID": "145", "JOURNEY_LINK_DESCRIPTION": "Queens Rd IB > Stokes Croft OB", "JOURNEY_START": "Queens Rd IB", "JOURNEY_START_DIRECTION_TYPE": "IB", "JOURNEY_END": "Stokes Croft OB", "JOURNEY_END_DIRECTION_TYPE": "OB", "MINIMUM_PLATE_MATCHES": 1, "CANDIDATE_COUNT": 9, "KPI_PRIORITY_LINK": "No", "JOURNEY_START_DIRECTION_DESC": "Inbound", "JOURNEY_END_DIRECTION_DESC": "Outbound", "SHAPESTLength": 1827.5193782221663 }, "geometry": { "type": "LineString", "coordinates": [ [ -2.608720080035296, 51.457761326285819 ], [ -2.608597809720085, 51.457601643131284 ], [ -2.608397821745799, 51.457431649040139 ], [ -2.608187831218034, 51.457291652610692 ], [ -2.607457868462566, 51.456891662194622 ], [ -2.606747902267102, 51.456541668773539 ], [ -2.606127931605539, 51.456281674299362 ], [ -2.605987936809973, 51.456221675513795 ], [ -2.604597994340518, 51.455921675926461 ], [ -2.60424800769819, 51.455851674464874 ], [ -2.603898020812759, 51.455781674664117 ], [ -2.603608032506329, 51.455701675510717 ], [ -2.602458077895033, 51.455421676895291 ], [ -2.601248122776889, 51.455371668449459 ], [ -2.600118163008347, 51.455491654910894 ], [ -2.599778172755897, 51.45555165029586 ], [ -2.599518175892945, 51.455641644751751 ], [ -2.599418177800994, 51.455691642702057 ], [ -2.598888187762517, 51.455951628230963 ], [ -2.598578193758572, 51.456111620048887 ], [ -2.59772821179261, 51.456771587696409 ], [ -2.597558215717919, 51.4569315807327 ], [ -2.597458218397038, 51.457041576785244 ], [ -2.597158226077475, 51.45734156268545 ], [ -2.59668824027492, 51.457811542120503 ], [ -2.596508243400656, 51.457981534159003 ], [ -2.595808255122922, 51.458721500748993 ], [ -2.595468257680013, 51.459011486489558 ], [ -2.595368258197184, 51.459081482701414 ], [ -2.594278272468269, 51.459761446630843 ], [ -2.593928279360411, 51.459811442342122 ], [ -2.593158298283976, 51.459821435009431 ], [ -2.592458317635084, 51.459791429763115 ], [ -2.591758286569806, 51.459719769776292 ], [ -2.59118834895967, 51.459661424584461 ], [ -2.590828354272702, 51.459991408635183 ], [ -2.591108342004244, 51.460711383495862 ], [ -2.590418351846388, 51.461871331667588 ], [ -2.590288354670424, 51.462071324201879 ], [ -2.59034222214167, 51.462083069307234 ] ] } },
{ "type": "Feature", "properties": { "OBJECTID": 152, "JOURNEY_LINK_ID": "158", "JOURNEY_LINK_DESCRIPTION": "Stokes Croft IB > Anchor Rd OB", "JOURNEY_START": "Stokes Croft IB", "JOURNEY_START_DIRECTION_TYPE": "IB", "JOURNEY_END": "Anchor Rd OB", "JOURNEY_END_DIRECTION_TYPE": "OB", "MINIMUM_PLATE_MATCHES": 1, "CANDIDATE_COUNT": 9, "KPI_PRIORITY_LINK": "Yes", "JOURNEY_START_DIRECTION_DESC": "Inbound", "JOURNEY_END_DIRECTION_DESC": "Outbound", "SHAPESTLength": 1418.5376962050721 }, "geometry": { "type": "LineString", "coordinates": [ [ -2.590278492412483, 51.462106851764844 ], [ -2.590288354670424, 51.462071324201879 ], [ -2.590418351846388, 51.461871331667588 ], [ -2.590888345711138, 51.46109136599474 ], [ -2.590858349151812, 51.460451391650345 ], [ -2.590768354484663, 51.460311395978152 ], [ -2.590508365059004, 51.459811413182138 ], [ -2.590378367740681, 51.45978141287209 ], [ -2.590318368399685, 51.459761412631792 ], [ -2.590268370110322, 51.459741414060339 ], [ -2.59009837542298, 51.459451423522765 ], [ -2.590308372924145, 51.45927143205067 ], [ -2.59035837226096, 51.459251433404809 ], [ -2.590668364891235, 51.459141440037037 ], [ -2.591218354404818, 51.458911452966355 ], [ -2.591868344605309, 51.458301483453468 ], [ -2.592008340866948, 51.458181488704618 ], [ -2.593338301867102, 51.457391527223557 ], [ -2.593558295511907, 51.457291533875662 ], [ -2.594328276075126, 51.456981550981943 ], [ -2.594958262904409, 51.456791563289137 ], [ -2.595318253758187, 51.456681571232593 ], [ -2.595568248705748, 51.456591575100042 ], [ -2.595978238969296, 51.456211593410899 ], [ -2.596038235800696, 51.456051598448752 ], [ -2.596098232935188, 51.455881606172809 ], [ -2.596478222544551, 51.455261631341415 ], [ -2.597028209824234, 51.454691656166624 ], [ -2.59717820608591, 51.454511664319298 ], [ -2.597498199071279, 51.454131680404672 ], [ -2.597708191767872, 51.453491706103648 ], [ -2.597798189235484, 51.45320171712433 ], [ -2.597848188004249, 51.452961725566588 ], [ -2.597938185339852, 51.452751733580669 ], [ -2.598038182002059, 51.452451745415829 ], [ -2.598238178877842, 51.452211756385985 ], [ -2.598422034940302, 51.451621849276933 ] ] } },
{ "type": "Feature", "properties": { "OBJECTID": 153, "JOURNEY_LINK_ID": "165", "JOURNEY_LINK_DESCRIPTION": "Anchor Rd IB > Bond St EB", "JOURNEY_START": "Anchor Rd IB", "JOURNEY_START_DIRECTION_TYPE": "IB", "JOURNEY_END": "Bond St EB", "JOURNEY_END_DIRECTION_TYPE": "EB", "MINIMUM_PLATE_MATCHES": 1, "CANDIDATE_COUNT": 9, "KPI_PRIORITY_LINK": "Yes", "JOURNEY_START_DIRECTION_DESC": "Inbound", "JOURNEY_END_DIRECTION_DESC": "East bound", "SHAPESTLength": 1399.9093035472956 }, "geometry": { "type": "LineString", "coordinates": [ [ -2.598354361018783, 51.452058473812386 ], [ -2.598438176773667, 51.452111762235447 ], [ -2.598358179916591, 51.452381751049508 ], [ -2.598228181094632, 51.452471746781811 ], [ -2.597938185339852, 51.452751733580669 ], [ -2.59789818606511, 51.452821731077869 ], [ -2.597848188004249, 51.452961725566588 ], [ -2.597798189235484, 51.45320171712433 ], [ -2.597708191767872, 51.453491706103648 ], [ -2.597498199071279, 51.454131680404672 ], [ -2.59717820608591, 51.454511664319298 ], [ -2.597028209824234, 51.454691656166624 ], [ -2.596478222544551, 51.455261631341415 ], [ -2.595908243886381, 51.456711574391377 ], [ -2.595438256555067, 51.457151554310649 ], [ -2.593698298162765, 51.457741518760749 ], [ -2.593318308601439, 51.457841511861645 ], [ -2.592768320866389, 51.457951502772723 ], [ -2.592248333506542, 51.458121491844132 ], [ -2.5919583436223, 51.45838148010322 ], [ -2.591688346128965, 51.458631469051866 ], [ -2.591348351371506, 51.458921454187752 ], [ -2.591268352028216, 51.459021450007135 ], [ -2.591308348518687, 51.459251441511377 ], [ -2.59133834900743, 51.459291439951514 ], [ -2.591358347242688, 51.459331438583625 ], [ -2.591378345304778, 51.459481432430216 ], [ -2.59118834895967, 51.459661424584461 ], [ -2.59106835221379, 51.459711421050159 ], [ -2.590968353320749, 51.459741418948489 ], [ -2.590508365059004, 51.459811413182138 ], [ -2.590378367740681, 51.45978141287209 ], [ -2.590318368399685, 51.459761412631792 ], [ -2.590268370110322, 51.459741414060339 ], [ -2.589268396470326, 51.459391418311299 ], [ -2.588028425897105, 51.459421406386518 ], [ -2.587078447591669, 51.459431397735337 ], [ -2.586938451853469, 51.459411397908561 ], [ -2.586527184466912, 51.459348754138944 ] ] } },
{ "type": "Feature", "properties": { "OBJECTID": 154, "JOURNEY_LINK_ID": "166", "JOURNEY_LINK_DESCRIPTION": "Anchor Rd IB > Stokes Croft NB", "JOURNEY_START": "Anchor Rd IB", "JOURNEY_START_DIRECTION_TYPE": "IB", "JOURNEY_END": "Stokes Croft NB", "JOURNEY_END_DIRECTION_TYPE": "NB", "MINIMUM_PLATE_MATCHES": 1, "CANDIDATE_COUNT": 9, "KPI_PRIORITY_LINK": "No", "JOURNEY_START_DIRECTION_DESC": "Inbound", "JOURNEY_END_DIRECTION_DESC": "North bound", "SHAPESTLength": 1376.6569881060357 }, "geometry": { "type": "LineString", "coordinates": [ [ -2.598458352627237, 51.452025764014664 ], [ -2.598438176773667, 51.452111762235447 ], [ -2.598358179916591, 51.452381751049508 ], [ -2.598228181094632, 51.452471746781811 ], [ -2.597938185339852, 51.452751733580669 ], [ -2.59789818606511, 51.452821731077869 ], [ -2.597848188004249, 51.452961725566588 ], [ -2.597798189235484, 51.45320171712433 ], [ -2.597708191767872, 51.453491706103648 ], [ -2.597498199071279, 51.454131680404672 ], [ -2.59717820608591, 51.454511664319298 ], [ -2.597028209824234, 51.454691656166624 ], [ -2.596478222544551, 51.455261631341415 ], [ -2.595908243886381, 51.456711574391377 ], [ -2.595438256555067, 51.457151554310649 ], [ -2.593698298162765, 51.457741518760749 ], [ -2.593318308601439, 51.457841511861645 ], [ -2.592768320866389, 51.457951502772723 ], [ -2.592248333506542, 51.458121491844132 ], [ -2.5919583436223, 51.45838148010322 ], [ -2.591688346128965, 51.458631469051866 ], [ -2.591348351371506, 51.458921454187752 ], [ -2.591268352028216, 51.459021450007135 ], [ -2.591308348518687, 51.459251441511377 ], [ -2.59133834900743, 51.459291439951514 ], [ -2.591358347242688, 51.459331438583625 ], [ -2.591378345304778, 51.459481432430216 ], [ -2.59118834895967, 51.459661424584461 ], [ -2.59106835221379, 51.459711421050159 ], [ -2.590968353320749, 51.459741418948489 ], [ -2.590828354272702, 51.459991408635183 ], [ -2.591108342004244, 51.460711383495862 ], [ -2.590888345711138, 51.46109136599474 ], [ -2.590418351846388, 51.461871331667588 ], [ -2.590288354670424, 51.462071324201879 ], [ -2.590186105644895, 51.462282378816781 ] ] } },
{ "type": "Feature", "properties": { "OBJECTID": 155, "JOURNEY_LINK_ID": "189", "JOURNEY_LINK_DESCRIPTION": "M32 J2/Muller Rd WB > Filton Rd/Monks Park Ave NB", "JOURNEY_START": "M32 J2/Muller Rd WB", "JOURNEY_START_DIRECTION_TYPE": "WB", "JOURNEY_END": "Filton Rd/Monks Park Ave NB", "JOURNEY_END_DIRECTION_TYPE": "NB", "MINIMUM_PLATE_MATCHES": 1, "CANDIDATE_COUNT": 9, "KPI_PRIORITY_LINK": "Yes", "JOURNEY_START_DIRECTION_DESC": "West bound", "JOURNEY_END_DIRECTION_DESC": "North bound", "SHAPESTLength": 3322.2641676284034 }, "geometry": { "type": "LineString", "coordinates": [ [ -2.563642520271709, 51.47519626339222 ], [ -2.563679141962478, 51.475211189349864 ], [ -2.565459107537105, 51.475481157616379 ], [ -2.566159092983403, 51.475621146855168 ], [ -2.56668908108313, 51.475741139723922 ], [ -2.567039065070041, 51.475831140838885 ], [ -2.567469045482838, 51.475951142310961 ], [ -2.568638991952641, 51.476261145943909 ], [ -2.569358958732074, 51.476481148672399 ], [ -2.569828936937564, 51.476641151260949 ], [ -2.56992893334276, 51.476671152378024 ], [ -2.571008879968916, 51.477151162067358 ], [ -2.571328864237546, 51.477301164666699 ], [ -2.57154885288527, 51.477411167462606 ], [ -2.571908834904833, 51.477611172211489 ], [ -2.572168820825067, 51.477751174395024 ], [ -2.572448808670679, 51.477911178508016 ], [ -2.573748740969499, 51.478731198115717 ], [ -2.576248612381231, 51.480361243322136 ], [ -2.5769085816445, 51.480781255204668 ], [ -2.577318560369452, 51.481051262852567 ], [ -2.578798487473218, 51.482101296309935 ], [ -2.578938479034867, 51.482261300798768 ], [ -2.579208462513584, 51.482621312478848 ], [ -2.579408446345365, 51.483141329290362 ], [ -2.579558465772344, 51.485301349429072 ], [ -2.579648474438766, 51.48606135482941 ], [ -2.579908476698364, 51.486681359264438 ], [ -2.580358471998705, 51.487291362885777 ], [ -2.580998462662532, 51.487831365792175 ], [ -2.583968407073907, 51.489301373549772 ], [ -2.584568390121888, 51.489461374036772 ], [ -2.584928377748049, 51.489461373637972 ], [ -2.585018380713271, 51.489731374642332 ], [ -2.585138395332972, 51.490551379789707 ], [ -2.584628431938237, 51.491351385363167 ], [ -2.584068458758308, 51.491891388267959 ], [ -2.583628477187607, 51.492341388704737 ], [ -2.583228490640711, 51.492801389125709 ], [ -2.583088493304563, 51.492971390473365 ], [ -2.582838501071489, 51.493321390530269 ], [ -2.582548507544964, 51.493801391178025 ], [ -2.581988521955168, 51.49487139104312 ], [ -2.581308535750296, 51.49612139204639 ], [ -2.580728543666114, 51.497121392051582 ], [ -2.580488548739597, 51.497541391767065 ], [ -2.580381986998075, 51.497695238203853 ] ] } },
{ "type": "Feature", "properties": { "OBJECTID": 156, "JOURNEY_LINK_ID": "191", "JOURNEY_LINK_DESCRIPTION": "Fishponds Rd/Straits Pde WB > Old Market IB", "JOURNEY_START": "Fishponds Rd/Straits Pde WB", "JOURNEY_START_DIRECTION_TYPE": "WB", "JOURNEY_END": "Old Market IB", "JOURNEY_END_DIRECTION_TYPE": "IB", "MINIMUM_PLATE_MATCHES": 1, "CANDIDATE_COUNT": 9, "KPI_PRIORITY_LINK": "No", "JOURNEY_START_DIRECTION_DESC": "West bound", "JOURNEY_END_DIRECTION_DESC": "Inbound", "SHAPESTLength": 5907.4316944568727 }, "geometry": { "type": "LineString", "coordinates": [ [ -2.526092101782366, 51.481706674817197 ], [ -2.526969235892933, 51.481591546017555 ], [ -2.527229234345648, 51.481561545340362 ], [ -2.527649233260908, 51.481511544732115 ], [ -2.528429230010104, 51.481181543861524 ], [ -2.528849226905101, 51.480681546301213 ], [ -2.530019225230893, 51.479881547884553 ], [ -2.530359226638565, 51.479741547839375 ], [ -2.53073922571365, 51.479601548356307 ], [ -2.531119225730058, 51.479481548650732 ], [ -2.532049229507782, 51.479181547346755 ], [ -2.532339229432198, 51.479091547811564 ], [ -2.533289232658496, 51.47877154711874 ], [ -2.533559234647886, 51.478671546754882 ], [ -2.533789235186139, 51.478581546688197 ], [ -2.535959247817144, 51.477661542335738 ], [ -2.536859255461349, 51.47729154032443 ], [ -2.537059255778052, 51.477211540283818 ], [ -2.537369259005355, 51.477081539140279 ], [ -2.537879263946752, 51.476901537371816 ], [ -2.53805926450715, 51.476831537001814 ], [ -2.53830926856222, 51.476721536097301 ], [ -2.53933927790609, 51.476311534049294 ], [ -2.539979285587914, 51.476101530524041 ], [ -2.540799291822322, 51.475891527255271 ], [ -2.54119929692316, 51.475811525937139 ], [ -2.541499299945632, 51.475741523769635 ], [ -2.541809302652962, 51.475661522734114 ], [ -2.542749311956021, 51.475441518201926 ], [ -2.54342932026511, 51.475291514245328 ], [ -2.543969325075139, 51.475171511940296 ], [ -2.544629333512067, 51.475011508875873 ], [ -2.546629367421488, 51.474391496932803 ], [ -2.547759386701692, 51.473991490328572 ], [ -2.548059392193186, 51.473891487658449 ], [ -2.54945941647409, 51.473411477178594 ], [ -2.549789420844089, 51.473321475158059 ], [ -2.550099422156104, 51.473241471987883 ], [ -2.550419417072806, 51.473171464813035 ], [ -2.551179406007247, 51.473091448652156 ], [ -2.551689395608262, 51.473091438130332 ], [ -2.551769411134808, 51.472441436314298 ], [ -2.551785722096625, 51.471700176937034 ], [ -2.551729444229997, 51.471281437524432 ], [ -2.551729450909214, 51.471031437722019 ], [ -2.551639462013894, 51.470711440104189 ], [ -2.55078950321988, 51.470011458614387 ], [ -2.550049545451563, 51.469261474817898 ], [ -2.549699562530997, 51.468701480196906 ], [ -2.549969601360762, 51.467471478546649 ], [ -2.550209617915105, 51.466381473606937 ], [ -2.550349607132689, 51.465211473323251 ], [ -2.551069574688991, 51.463811462770721 ], [ -2.553529470529496, 51.462761423045755 ], [ -2.554009443501236, 51.462121419898416 ], [ -2.553267368058191, 51.461291155286744 ], [ -2.552529488616455, 51.460541451879173 ], [ -2.551549529476298, 51.460101466823666 ], [ -2.550849558851488, 51.459661478830448 ], [ -2.553633111853888, 51.459483378103137 ], [ -2.555711420699454, 51.459100127803424 ], [ -2.557879260480725, 51.458670039067997 ], [ -2.559847307204042, 51.458265752035608 ], [ -2.561399017808417, 51.457951366861138 ], [ -2.562388965772113, 51.457881356937015 ], [ -2.563625680683165, 51.4578995658064 ], [ -2.565878803004177, 51.458021313156458 ], [ -2.569898733211432, 51.458441314723252 ], [ -2.57028872163918, 51.458271321439163 ], [ -2.570678711696562, 51.458161327918937 ], [ -2.571008704087928, 51.458121331908877 ], [ -2.571518700167822, 51.458181332581965 ], [ -2.57167869903034, 51.458231332886612 ], [ -2.571788699156917, 51.458271331896626 ], [ -2.573668668248415, 51.45819134755844 ], [ -2.573998661211821, 51.458141351275188 ], [ -2.575648622951706, 51.457801372731218 ], [ -2.576418604137758, 51.457641383280439 ], [ -2.576908591265541, 51.457501391557386 ], [ -2.578458546259129, 51.456881422631547 ], [ -2.579428521648359, 51.45661143920978 ], [ -2.579908510454133, 51.45648144621196 ], [ -2.580164777472479, 51.456375061128902 ] ] } },
{ "type": "Feature", "properties": { "OBJECTID": 157, "JOURNEY_LINK_ID": "215", "JOURNEY_LINK_DESCRIPTION": "Portway/Pumping Stn IB > Commercial Rd EB", "JOURNEY_START": "Portway/Pumping Stn IB", "JOURNEY_START_DIRECTION_TYPE": "IB", "JOURNEY_END": "Commercial Rd EB", "JOURNEY_END_DIRECTION_TYPE": "EB", "MINIMUM_PLATE_MATCHES": 1, "CANDIDATE_COUNT": 9, "KPI_PRIORITY_LINK": "No", "JOURNEY_START_DIRECTION_DESC": "Inbound", "JOURNEY_END_DIRECTION_DESC": "East bound", "SHAPESTLength": 4220.2342304377889 }, "geometry": { "type": "LineString", "coordinates": [ [ -2.630040347855272, 51.461918930710254 ], [ -2.629846732608316, 51.461211630400996 ], [ -2.629676775099313, 51.46033166035766 ], [ -2.629866815670133, 51.459111702132319 ], [ -2.62998683263238, 51.45852172255146 ], [ -2.629536902661093, 51.457441756184934 ], [ -2.629426913353234, 51.457311759767521 ], [ -2.62922693080404, 51.457121766731731 ], [ -2.629046944724014, 51.457021768913357 ], [ -2.62848698629951, 51.456631779776842 ], [ -2.628157013775505, 51.456351788165037 ], [ -2.627617057061656, 51.45592180160196 ], [ -2.627117105883795, 51.45531182096078 ], [ -2.627087108732111, 51.455261821625079 ], [ -2.626907176077974, 51.453971866324672 ], [ -2.626837188580708, 51.453731874620161 ], [ -2.626557235769776, 51.452961900270729 ], [ -2.625947303769153, 51.451991932899418 ], [ -2.625297369909581, 51.451091964442654 ], [ -2.62465743010276, 51.450311991603499 ], [ -2.624327452266346, 51.450081999833344 ], [ -2.623497489732765, 51.449942004499277 ], [ -2.62209754274919, 51.449802005319739 ], [ -2.621267576690656, 51.449892004643146 ], [ -2.620877585630643, 51.450181996653427 ], [ -2.620547585563305, 51.45049198587045 ], [ -2.62007760041621, 51.450611981176294 ], [ -2.619717617242334, 51.450551982917261 ], [ -2.619247640950853, 51.450441987392644 ], [ -2.61890765632024, 51.450371989968545 ], [ -2.61841768268346, 51.450241995178196 ], [ -2.618207698868968, 51.44996200470306 ], [ -2.618207689051823, 51.44965200542881 ], [ -2.618287675758947, 51.449362007088446 ], [ -2.618497651482928, 51.448832009981587 ], [ -2.618597643025812, 51.448642012539899 ], [ -2.618637633997603, 51.448392014199911 ], [ -2.618657629602741, 51.448282014149328 ], [ -2.618667625750274, 51.448152015284258 ], [ -2.618847599746061, 51.447462019553342 ], [ -2.618887596923815, 51.447402020274318 ], [ -2.618917595337466, 51.447362020214484 ], [ -2.618957581884316, 51.446942024322276 ], [ -2.618687574836287, 51.446502025002943 ], [ -2.61777757935093, 51.446122022017903 ], [ -2.617577582499956, 51.446072021170458 ], [ -2.61610761430475, 51.44625200958501 ], [ -2.614007657186036, 51.446511988206289 ], [ -2.61326767100013, 51.446571979317831 ], [ -2.608047774415235, 51.446951926981733 ], [ -2.604627830549867, 51.446941892774618 ], [ -2.598547853962562, 51.446101832880487 ], [ -2.59696789701731, 51.446381819285165 ], [ -2.596637911077667, 51.446521816499398 ], [ -2.596587920400068, 51.446631815890555 ], [ -2.59650791900765, 51.446601814878129 ], [ -2.596497916294205, 51.446571815667063 ], [ -2.595717905532437, 51.446291806878115 ], [ -2.594207928309528, 51.446331793772941 ], [ -2.593327937550788, 51.44631178596444 ], [ -2.592307938733753, 51.446141776194004 ], [ -2.592229498593235, 51.44600692750187 ] ] } },
{ "type": "Feature", "properties": { "OBJECTID": 158, "JOURNEY_LINK_ID": "217", "JOURNEY_LINK_DESCRIPTION": "Portway/Pumping Stn IB > Parson St Gyratory", "JOURNEY_START": "Portway/Pumping Stn IB", "JOURNEY_START_DIRECTION_TYPE": "IB", "JOURNEY_END": "Parson St Gyratory", "JOURNEY_END_DIRECTION_TYPE": "NA", "MINIMUM_PLATE_MATCHES": 1, "CANDIDATE_COUNT": 9, "KPI_PRIORITY_LINK": "Yes", "JOURNEY_START_DIRECTION_DESC": "Inbound", "JOURNEY_END_DIRECTION_DESC": "None", "SHAPESTLength": 4811.8780559112247 }, "geometry": { "type": "LineString", "coordinates": [ [ -2.630186596351566, 51.461927176284775 ], [ -2.629846732608316, 51.461211630400996 ], [ -2.629676775099313, 51.46033166035766 ], [ -2.629866815670133, 51.459111702132319 ], [ -2.62998683263238, 51.45852172255146 ], [ -2.629536902661093, 51.457441756184934 ], [ -2.629426913353234, 51.457311759767521 ], [ -2.62922693080404, 51.457121766731731 ], [ -2.629046944724014, 51.457021768913357 ], [ -2.62848698629951, 51.456631779776842 ], [ -2.628157013775505, 51.456351788165037 ], [ -2.627617057061656, 51.45592180160196 ], [ -2.627117105883795, 51.45531182096078 ], [ -2.627087108732111, 51.455261821625079 ], [ -2.626907176077974, 51.453971866324672 ], [ -2.626837188580708, 51.453731874620161 ], [ -2.626557235769776, 51.452961900270729 ], [ -2.625947303769153, 51.451991932899418 ], [ -2.625297369909581, 51.451091964442654 ], [ -2.62465743010276, 51.450311991603499 ], [ -2.624327452266346, 51.450081999833344 ], [ -2.623487490056995, 51.449862005444366 ], [ -2.622707518513528, 51.449782005590279 ], [ -2.621857551163679, 51.449652007304678 ], [ -2.621727555368583, 51.449582008024237 ], [ -2.621597556278934, 51.449322011351811 ], [ -2.621897541935508, 51.449052014131617 ], [ -2.622177530735828, 51.448852016187089 ], [ -2.622257525884538, 51.44877201766586 ], [ -2.62274750569531, 51.448132026592496 ], [ -2.622817503869001, 51.44803202806618 ], [ -2.623067493548835, 51.447712032944061 ], [ -2.623197488856849, 51.447552035471155 ], [ -2.623967469351454, 51.446532054042443 ], [ -2.62407746664342, 51.44618205939905 ], [ -2.623957469193312, 51.445722065123668 ], [ -2.623537473943953, 51.445282068886193 ], [ -2.623167478089797, 51.444942070422172 ], [ -2.622567477954712, 51.444212074721825 ], [ -2.622507476684867, 51.443982076915326 ], [ -2.622577472746741, 51.443502083583724 ], [ -2.622967466939796, 51.442872095763079 ], [ -2.623327465589797, 51.442372106657928 ], [ -2.623697465932926, 51.4418621181755 ], [ -2.623857463217811, 51.441622122180647 ], [ -2.624057445733075, 51.44137211878099 ], [ -2.624367410760849, 51.440812110537443 ], [ -2.624327388729019, 51.440512103197165 ], [ -2.623977350977473, 51.440102087852694 ], [ -2.623127257008695, 51.439152046320025 ], [ -2.622597205670818, 51.438752023787863 ], [ -2.622327183811424, 51.438592011805198 ], [ -2.621737134987715, 51.438281987612186 ], [ -2.621377104606571, 51.438101972985955 ], [ -2.621297099252912, 51.438081970043832 ], [ -2.621317085218739, 51.437931965653512 ], [ -2.621117049802018, 51.437641950985828 ], [ -2.620816988302577, 51.437161925540678 ], [ -2.620556934205562, 51.436761903216798 ], [ -2.620476917637742, 51.436651897449408 ], [ -2.620396902521366, 51.436531890679554 ], [ -2.620336887821398, 51.436431884626145 ], [ -2.620206862158917, 51.436241873764303 ], [ -2.619416742289689, 51.435561820316721 ], [ -2.618996685964792, 51.435291793982493 ], [ -2.618566641573702, 51.435161773061132 ], [ -2.618406625097063, 51.435101764766003 ], [ -2.618286611992827, 51.435061758695397 ], [ -2.617686546458103, 51.434851726702718 ], [ -2.617486533236022, 51.434851719007789 ], [ -2.616806480848624, 51.434801690819775 ], [ -2.614946472154364, 51.434551650102158 ], [ -2.614516470813689, 51.434491642404723 ], [ -2.614426475908328, 51.434501641721297 ], [ -2.61431646788624, 51.43443163646289 ], [ -2.613416473196797, 51.434321618965946 ], [ -2.612186442031228, 51.433881580716388 ], [ -2.610856403568021, 51.433261533801257 ], [ -2.610326417730489, 51.433171525420271 ], [ -2.61009642341425, 51.433141522100243 ], [ -2.609796432312826, 51.433101517244459 ], [ -2.608456486803853, 51.433591515980488 ], [ -2.608366491776605, 51.433611515966838 ], [ -2.608136495696056, 51.433601512311981 ], [ -2.607186507525056, 51.432881480593117 ], [ -2.606796534281535, 51.432571470621205 ], [ -2.606706543378783, 51.432441468668181 ], [ -2.606776551498633, 51.432261466576378 ], [ -2.607396540826528, 51.43205147149331 ], [ -2.610176455570752, 51.43171150509562 ], [ -2.61175639995273, 51.431541523737664 ], [ -2.611966393083835, 51.431471525582396 ], [ -2.611986486884577, 51.431482752410432 ] ] } },
{ "type": "Feature", "properties": { "OBJECTID": 159, "JOURNEY_LINK_ID": "223", "JOURNEY_LINK_DESCRIPTION": "Wells Rd IB > 3 Lamps IB", "JOURNEY_START": "Wells Rd IB", "JOURNEY_START_DIRECTION_TYPE": "IB", "JOURNEY_END": "3 Lamps IB", "JOURNEY_END_DIRECTION_TYPE": "IB", "MINIMUM_PLATE_MATCHES": 1, "CANDIDATE_COUNT": 9, "KPI_PRIORITY_LINK": "Yes", "JOURNEY_START_DIRECTION_DESC": "Inbound", "JOURNEY_END_DIRECTION_DESC": "Inbound", "SHAPESTLength": 2508.4586522892778 }, "geometry": { "type": "LineString", "coordinates": [ [ -2.563422666437383, 51.425668501431275 ], [ -2.563369515704925, 51.425791721811898 ], [ -2.563929400124613, 51.427331697532807 ], [ -2.563929380018295, 51.427611695327442 ], [ -2.563949351194699, 51.427981691885151 ], [ -2.563879243119717, 51.429401680320048 ], [ -2.56430917820317, 51.430231666321944 ], [ -2.564539145183251, 51.43066165981822 ], [ -2.564639119475761, 51.430961655866128 ], [ -2.564989030791702, 51.432091640894186 ], [ -2.565188988707567, 51.432591635378472 ], [ -2.565828915221139, 51.433471620331666 ], [ -2.565968903843329, 51.433641619250459 ], [ -2.566168886593962, 51.433871616894535 ], [ -2.566298873287739, 51.434031615912716 ], [ -2.566538853703094, 51.434311613463933 ], [ -2.566828819013211, 51.434661611682998 ], [ -2.567078787631056, 51.434921609903725 ], [ -2.567238770253462, 51.435061609299417 ], [ -2.5675087406472, 51.435271607310433 ], [ -2.568038687896791, 51.435681604681058 ], [ -2.568458644479461, 51.436021603361645 ], [ -2.568918597148491, 51.436431604143038 ], [ -2.569488536189706, 51.437001604740942 ], [ -2.569738509301531, 51.437271606055717 ], [ -2.569988483495008, 51.43752160663081 ], [ -2.570448450607424, 51.437751606696501 ], [ -2.570738432718526, 51.437831607009024 ], [ -2.570988416932347, 51.437911606150664 ], [ -2.571818362388717, 51.438281608389502 ], [ -2.572478313734861, 51.438751613607494 ], [ -2.572658298093926, 51.438921616192943 ], [ -2.57300826726076, 51.439291620594958 ], [ -2.573078261596163, 51.439371622742058 ], [ -2.573328241135448, 51.439641626524725 ], [ -2.573968194765031, 51.44019163671009 ], [ -2.574078187422582, 51.440271638001384 ], [ -2.574228179042344, 51.440371639734089 ], [ -2.574448166341923, 51.440491642073866 ], [ -2.575998091521807, 51.441131658262144 ], [ -2.577558024821305, 51.441651674852253 ], [ -2.578048015641468, 51.44184167719817 ], [ -2.578178020960683, 51.442111676196028 ], [ -2.578208024899022, 51.442281676346894 ], [ -2.578198033922195, 51.442501675192638 ], [ -2.578248038988028, 51.442681673761932 ], [ -2.578308043793005, 51.442921673276025 ], [ -2.57835804990839, 51.443121672968886 ], [ -2.578398056162058, 51.443321672586208 ], [ -2.578468068118159, 51.443741671116683 ], [ -2.578498074344699, 51.443951670330264 ], [ -2.578528085833312, 51.444301668925355 ], [ -2.57855809146033, 51.444481668987187 ], [ -2.578608097768776, 51.444671668756001 ], [ -2.578527704366479, 51.444693179684485 ] ] } },
{ "type": "Feature", "properties": { "OBJECTID": 160, "JOURNEY_LINK_ID": "224", "JOURNEY_LINK_DESCRIPTION": "Bath Rd/Kings Rd NB > Old Market Rd IB", "JOURNEY_START": "Bath Rd/Kings Rd NB", "JOURNEY_START_DIRECTION_TYPE": "NB", "JOURNEY_END": "Old Market Rd IB", "JOURNEY_END_DIRECTION_TYPE": "IB", "MINIMUM_PLATE_MATCHES": 1, "CANDIDATE_COUNT": 9, "KPI_PRIORITY_LINK": "Yes", "JOURNEY_START_DIRECTION_DESC": "North bound", "JOURNEY_END_DIRECTION_DESC": "Inbound", "SHAPESTLength": 2950.3676072697026 }, "geometry": { "type": "LineString", "coordinates": [ [ -2.559464204133542, 51.440565534032004 ], [ -2.559568634244057, 51.440711686656698 ], [ -2.559778607160206, 51.441111684811681 ], [ -2.560148580449682, 51.441451681459057 ], [ -2.560478560554059, 51.441731677542322 ], [ -2.5607985523541, 51.441971672284943 ], [ -2.561018550031585, 51.442201667110517 ], [ -2.561418545116854, 51.442821655936967 ], [ -2.561518550014842, 51.443351646799258 ], [ -2.561368559934186, 51.443741642555601 ], [ -2.560978579237184, 51.444101639538196 ], [ -2.560558597852111, 51.444321638946704 ], [ -2.560138617096275, 51.44449163893897 ], [ -2.55984863342389, 51.444761636900829 ], [ -2.559858638480225, 51.445121631060339 ], [ -2.560108633842741, 51.445441624941637 ], [ -2.560178632698917, 51.445531623007049 ], [ -2.56027863116355, 51.445661620644536 ], [ -2.560628623524718, 51.44606161296575 ], [ -2.560778617842744, 51.446081612047877 ], [ -2.560988614366075, 51.446381605910908 ], [ -2.560968615503334, 51.446431605062585 ], [ -2.560968620137094, 51.446691601526382 ], [ -2.561058617437468, 51.446881598978941 ], [ -2.562288584271292, 51.4484015701522 ], [ -2.562818564120517, 51.448861561266618 ], [ -2.565798459141579, 51.450621514188846 ], [ -2.566908447490627, 51.451331493184036 ], [ -2.567798469474511, 51.452011481753956 ], [ -2.568358487525941, 51.452521472695658 ], [ -2.568868504554438, 51.453011463589569 ], [ -2.569168515885672, 51.453331456548852 ], [ -2.569358522266278, 51.453551452108584 ], [ -2.569528531299936, 51.453761447737421 ], [ -2.569788541061857, 51.454071441657966 ], [ -2.570158572800403, 51.454861420672991 ], [ -2.570238620582455, 51.456001387714316 ], [ -2.570578640179007, 51.456501376535478 ], [ -2.57099865896557, 51.457091361615198 ], [ -2.57106866442284, 51.457221357592601 ], [ -2.57108866603418, 51.457261356662137 ], [ -2.57120867359312, 51.457501351026153 ], [ -2.571338688049641, 51.457881340769283 ], [ -2.571518700167822, 51.458181332581965 ], [ -2.57167869903034, 51.458231332886612 ], [ -2.571788699156917, 51.458271331896626 ], [ -2.573668668248415, 51.45819134755844 ], [ -2.573998661211821, 51.458141351275188 ], [ -2.575648622951706, 51.457801372731218 ], [ -2.576418604137758, 51.457641383280439 ], [ -2.576908591265541, 51.457501391557386 ], [ -2.578458546259129, 51.456881422631547 ], [ -2.579428521648359, 51.45661143920978 ], [ -2.579908510454133, 51.45648144621196 ], [ -2.580085397788763, 51.456331410368968 ] ] } },
{ "type": "Feature", "properties": { "OBJECTID": 161, "JOURNEY_LINK_ID": "232", "JOURNEY_LINK_DESCRIPTION": "Whiteladies Rd IB > Queens Rd IB", "JOURNEY_START": "Whiteladies Rd IB", "JOURNEY_START_DIRECTION_TYPE": "IB", "JOURNEY_END": "Queens Rd IB", "JOURNEY_END_DIRECTION_TYPE": "IB", "MINIMUM_PLATE_MATCHES": 1, "CANDIDATE_COUNT": 9, "KPI_PRIORITY_LINK": "Yes", "JOURNEY_START_DIRECTION_DESC": "Inbound", "JOURNEY_END_DIRECTION_DESC": "Inbound", "SHAPESTLength": 1603.4466276192607 }, "geometry": { "type": "LineString", "coordinates": [ [ -2.614895528923673, 51.470182458226212 ], [ -2.614777160562975, 51.4700712846046 ], [ -2.614307190434455, 51.469641288324077 ], [ -2.614127210199736, 51.469221294084491 ], [ -2.613287270478733, 51.468261302758798 ], [ -2.612587318593302, 51.467631306660039 ], [ -2.611957362457631, 51.466981311999348 ], [ -2.611767375594836, 51.466791312968418 ], [ -2.611307411825483, 51.46633132464018 ], [ -2.611107429092202, 51.466111331838071 ], [ -2.610717461924821, 51.465711344179446 ], [ -2.610307494251006, 51.465281357049811 ], [ -2.610127509574442, 51.46509136339678 ], [ -2.610067513531352, 51.465031365148846 ], [ -2.609747539425973, 51.46468137699938 ], [ -2.609677546861603, 51.464541381336268 ], [ -2.609617555511292, 51.464401386587994 ], [ -2.609297595254287, 51.463631414100966 ], [ -2.609137614716063, 51.463211429357393 ], [ -2.608547694480486, 51.461561489546355 ], [ -2.608597726382453, 51.460501531274858 ], [ -2.608697743992616, 51.459801559673203 ], [ -2.60871774775203, 51.459641565535868 ], [ -2.608767756397078, 51.459311579181737 ], [ -2.608827771870708, 51.458771600316595 ], [ -2.608907781326944, 51.458281619867414 ], [ -2.608807796375455, 51.45781163698593 ], [ -2.608597809720085, 51.457601643131284 ], [ -2.608397821745799, 51.457431649040139 ], [ -2.608187831218034, 51.457291652610692 ], [ -2.607717137666635, 51.457016627497133 ] ] } },
{ "type": "Feature", "properties": { "OBJECTID": 162, "JOURNEY_LINK_ID": "92", "JOURNEY_LINK_DESCRIPTION": "Bedminster Bridge > Castle St WB", "JOURNEY_START": "Bedminster Bridge", "JOURNEY_START_DIRECTION_TYPE": "NA", "JOURNEY_END": "Castle St WB", "JOURNEY_END_DIRECTION_TYPE": "WB", "MINIMUM_PLATE_MATCHES": 1, "CANDIDATE_COUNT": 9, "KPI_PRIORITY_LINK": "No", "JOURNEY_START_DIRECTION_DESC": "None", "JOURNEY_END_DIRECTION_DESC": "West bound", "SHAPESTLength": 1715.7344220494815 }, "geometry": { "type": "LineString", "coordinates": [ [ -2.591968175942698, 51.445641141872933 ], [ -2.591697915208419, 51.445641770967406 ], [ -2.591517929155375, 51.445831769325785 ], [ -2.591447934154543, 51.445901769296448 ], [ -2.591287943396394, 51.446011766922815 ], [ -2.591247945417062, 51.446021767338692 ], [ -2.590917984855899, 51.446581764766002 ], [ -2.590887995851608, 51.446721764043922 ], [ -2.590828013478871, 51.447011764050629 ], [ -2.590758031475258, 51.44728176394468 ], [ -2.590738034927037, 51.447341763083585 ], [ -2.590598066970263, 51.447811763301267 ], [ -2.590458129669233, 51.448801761595142 ], [ -2.590548133373744, 51.448861762857206 ], [ -2.590598139435667, 51.448961764121805 ], [ -2.59057814763307, 51.449091763496433 ], [ -2.590418156114311, 51.449201761748782 ], [ -2.590268158014776, 51.44922176099422 ], [ -2.590148157216899, 51.449211759896023 ], [ -2.590018155444362, 51.449161758338676 ], [ -2.58996815510459, 51.449131757998302 ], [ -2.589908151544716, 51.449081757516105 ], [ -2.589368142820385, 51.448871751541681 ], [ -2.588968144458209, 51.448861747989369 ], [ -2.588208152721921, 51.448911741851937 ], [ -2.58759816032663, 51.448961735370752 ], [ -2.587388162861543, 51.448971734140216 ], [ -2.586268174101585, 51.449041723678071 ], [ -2.584548181263427, 51.448951707363968 ], [ -2.584968224747003, 51.449851711840836 ], [ -2.58497823017913, 51.449971711700634 ], [ -2.584988241292634, 51.450341700377876 ], [ -2.584958245467889, 51.450451696511301 ], [ -2.584758266317884, 51.451021674548763 ], [ -2.584658277607832, 51.451391661199217 ], [ -2.584538295237162, 51.451931640763249 ], [ -2.584358321899358, 51.452701612116421 ], [ -2.584308330427295, 51.452961603452273 ], [ -2.584198340635803, 51.453221592242009 ], [ -2.583928365510528, 51.453851569330922 ], [ -2.583878376166416, 51.454181556403327 ], [ -2.583868378985425, 51.454241554737465 ], [ -2.583738393538177, 51.454631540437198 ], [ -2.583698405800695, 51.454981527698628 ], [ -2.583708413178124, 51.455201520678195 ], [ -2.583748415976415, 51.455281517612995 ], [ -2.583808418490197, 51.45538151535429 ], [ -2.583988418630656, 51.45546151319666 ], [ -2.584788406632041, 51.455451519984855 ], [ -2.584918404711467, 51.455471520981732 ], [ -2.585078406656183, 51.455611517763003 ], [ -2.585030683598538, 51.455840419101747 ] ] } },
{ "type": "Feature", "properties": { "OBJECTID": 163, "JOURNEY_LINK_ID": "114", "JOURNEY_LINK_DESCRIPTION": "St Luke's Rd NB > Redcliffe Way WB", "JOURNEY_START": "St Luke's Rd NB", "JOURNEY_START_DIRECTION_TYPE": "NB", "JOURNEY_END": "Redcliffe Way WB", "JOURNEY_END_DIRECTION_TYPE": "WB", "MINIMUM_PLATE_MATCHES": 1, "CANDIDATE_COUNT": 9, "KPI_PRIORITY_LINK": "No", "JOURNEY_START_DIRECTION_DESC": "North bound", "JOURNEY_END_DIRECTION_DESC": "West bound", "SHAPESTLength": 1035.7247672678134 }, "geometry": { "type": "LineString", "coordinates": [ [ -2.584458791910189, 51.444761198432921 ], [ -2.584447976196155, 51.444811705789682 ], [ -2.584447986528598, 51.445041706292052 ], [ -2.584727995749512, 51.445301708747991 ], [ -2.584928003166235, 51.445481709954649 ], [ -2.585727976345032, 51.445191718003016 ], [ -2.587927922049712, 51.444821737012902 ], [ -2.589697904457799, 51.445021751881697 ], [ -2.590177902601952, 51.445111756890142 ], [ -2.590407903758972, 51.445171758705513 ], [ -2.59065790370973, 51.445231761595629 ], [ -2.591017901323216, 51.445281765188028 ], [ -2.59131789219686, 51.445201766975089 ], [ -2.59175788998949, 51.445291771652499 ], [ -2.591777892799078, 51.445341771282308 ], [ -2.591697915208419, 51.445641770967406 ], [ -2.591517929155375, 51.445831769325785 ], [ -2.591447934154543, 51.445901769296448 ], [ -2.591287943396394, 51.446011766922815 ], [ -2.591247945417062, 51.446021767338692 ], [ -2.590917984855899, 51.446581764766002 ], [ -2.590738034927037, 51.447341763083585 ], [ -2.590598066970263, 51.447811763301267 ], [ -2.590498095593664, 51.448251762066924 ], [ -2.590418118891953, 51.448601761787465 ], [ -2.590458129669233, 51.448801761595142 ], [ -2.590548133373744, 51.448861762857206 ], [ -2.590598139435667, 51.448961764121805 ], [ -2.59044750668635, 51.449078054301104 ] ] } },
{ "type": "Feature", "properties": { "OBJECTID": 164, "JOURNEY_LINK_ID": "2", "JOURNEY_LINK_DESCRIPTION": "Bedminster Parade IB > Victoria St NB", "JOURNEY_START": "Bedminster Parade IB", "JOURNEY_START_DIRECTION_TYPE": "IB", "JOURNEY_END": "Victoria St NB", "JOURNEY_END_DIRECTION_TYPE": "NB", "MINIMUM_PLATE_MATCHES": 1, "CANDIDATE_COUNT": 9, "KPI_PRIORITY_LINK": "No", "JOURNEY_START_DIRECTION_DESC": "Inbound", "JOURNEY_END_DIRECTION_DESC": "North bound", "SHAPESTLength": 1484.7369702034666 }, "geometry": { "type": "LineString", "coordinates": [ [ -2.593383673386074, 51.444183533948468 ], [ -2.592687840861013, 51.444771778608924 ], [ -2.592327859339358, 51.444931775657132 ], [ -2.592067868611722, 51.445041773501138 ], [ -2.59175788998949, 51.445291771652499 ], [ -2.591777892799078, 51.445341771282308 ], [ -2.591697915208419, 51.445641770967406 ], [ -2.591517929155375, 51.445831769325785 ], [ -2.591447934154543, 51.445901769296448 ], [ -2.591287943396394, 51.446011766922815 ], [ -2.591247945417062, 51.446021767338692 ], [ -2.590917984855899, 51.446581764766002 ], [ -2.590738034927037, 51.447341763083585 ], [ -2.590598066970263, 51.447811763301267 ], [ -2.590458129669233, 51.448801761595142 ], [ -2.590548133373744, 51.448861762857206 ], [ -2.590598139435667, 51.448961764121805 ], [ -2.59057814763307, 51.449091763496433 ], [ -2.590418156114311, 51.449201761748782 ], [ -2.590268158014776, 51.44922176099422 ], [ -2.590148157216899, 51.449211759896023 ], [ -2.589368142820385, 51.448871751541681 ], [ -2.587746770755267, 51.448949556695595 ], [ -2.587199452895894, 51.448983527413617 ], [ -2.586158955284957, 51.449197056759189 ], [ -2.585501051513329, 51.449684194869839 ], [ -2.585780037660436, 51.449937290802481 ], [ -2.586260549973482, 51.450553408799102 ], [ -2.587350380359043, 51.451514810094963 ], [ -2.587963074109275, 51.452001965624035 ], [ -2.588818774400457, 51.45252866727558 ], [ -2.589528272247787, 51.452821654925259 ], [ -2.589718448853248, 51.452947008242042 ] ] } },
{ "type": "Feature", "properties": { "OBJECTID": 165, "JOURNEY_LINK_ID": "4", "JOURNEY_LINK_DESCRIPTION": "Bedminster Parade IB > Bedminster Bridge", "JOURNEY_START": "Bedminster Parade IB", "JOURNEY_START_DIRECTION_TYPE": "IB", "JOURNEY_END": "Bedminster Bridge", "JOURNEY_END_DIRECTION_TYPE": "NA", "MINIMUM_PLATE_MATCHES": 1, "CANDIDATE_COUNT": 9, "KPI_PRIORITY_LINK": "No", "JOURNEY_START_DIRECTION_DESC": "Inbound", "JOURNEY_END_DIRECTION_DESC": "None", "SHAPESTLength": 200.95584282782829 }, "geometry": { "type": "LineString", "coordinates": [ [ -2.593441585514709, 51.444251626510976 ], [ -2.592687840861013, 51.444771778608924 ], [ -2.592327859339358, 51.444931775657132 ], [ -2.592067868611722, 51.445041773501138 ], [ -2.59175788998949, 51.445291771652499 ], [ -2.591777892799078, 51.445341771282308 ], [ -2.591660261706526, 51.445596530886377 ] ] } },
{ "type": "Feature", "properties": { "OBJECTID": 166, "JOURNEY_LINK_ID": "6", "JOURNEY_LINK_DESCRIPTION": "Bedminster Parade IB > Old Market St OB", "JOURNEY_START": "Bedminster Parade IB", "JOURNEY_START_DIRECTION_TYPE": "IB", "JOURNEY_END": "Old Market St OB", "JOURNEY_END_DIRECTION_TYPE": "OB", "MINIMUM_PLATE_MATCHES": 1, "CANDIDATE_COUNT": 9, "KPI_PRIORITY_LINK": "Yes", "JOURNEY_START_DIRECTION_DESC": "Inbound", "JOURNEY_END_DIRECTION_DESC": "Outbound", "SHAPESTLength": 2105.461372475289 }, "geometry": { "type": "LineString", "coordinates": [ [ -2.593236869407843, 51.444298396568442 ], [ -2.592687840861013, 51.444771778608924 ], [ -2.592327859339358, 51.444931775657132 ], [ -2.592067868611722, 51.445041773501138 ], [ -2.59175788998949, 51.445291771652499 ], [ -2.591777892799078, 51.445341771282308 ], [ -2.591697915208419, 51.445641770967406 ], [ -2.591517929155375, 51.445831769325785 ], [ -2.591447934154543, 51.445901769296448 ], [ -2.591287943396394, 51.446011766922815 ], [ -2.591247945417062, 51.446021767338692 ], [ -2.590917984855899, 51.446581764766002 ], [ -2.590738034927037, 51.447341763083585 ], [ -2.590598066970263, 51.447811763301267 ], [ -2.590458129669233, 51.448801761595142 ], [ -2.590548133373744, 51.448861762857206 ], [ -2.590598139435667, 51.448961764121805 ], [ -2.59057814763307, 51.449091763496433 ], [ -2.590418156114311, 51.449201761748782 ], [ -2.590268158014776, 51.44922176099422 ], [ -2.590148157216899, 51.449211759896023 ], [ -2.590018155444362, 51.449161758338676 ], [ -2.58996815510459, 51.449131757998302 ], [ -2.589908151544716, 51.449081757516105 ], [ -2.589368142820385, 51.448871751541681 ], [ -2.588968144458209, 51.448861747989369 ], [ -2.588208152721921, 51.448911741851937 ], [ -2.587388162861543, 51.448971734140216 ], [ -2.586268174101585, 51.449041723678071 ], [ -2.584548181263427, 51.448951707363968 ], [ -2.584968224747003, 51.449851711840836 ], [ -2.58497823017913, 51.449971711700634 ], [ -2.584988241292634, 51.450341700377876 ], [ -2.584958245467889, 51.450451696511301 ], [ -2.584758266317884, 51.451021674548763 ], [ -2.584658277607832, 51.451391661199217 ], [ -2.584538295237162, 51.451931640763249 ], [ -2.584358321899358, 51.452701612116421 ], [ -2.584308330427295, 51.452961603452273 ], [ -2.584198340635803, 51.453221592242009 ], [ -2.583928365510528, 51.453851569330922 ], [ -2.583878376166416, 51.454181556403327 ], [ -2.583868378985425, 51.454241554737465 ], [ -2.583738393538177, 51.454631540437198 ], [ -2.583698405800695, 51.454981527698628 ], [ -2.583708413178124, 51.455201520678195 ], [ -2.583748415976415, 51.455281517612995 ], [ -2.583808418490197, 51.45538151535429 ], [ -2.583988418630656, 51.45546151319666 ], [ -2.584098421392075, 51.455601509214262 ], [ -2.584078426174711, 51.455751503937883 ], [ -2.5840584268916, 51.455781502897807 ], [ -2.58371843675513, 51.45592149470766 ], [ -2.583588440304229, 51.455931492944465 ], [ -2.583548441765847, 51.45593149280274 ], [ -2.583328442023852, 51.455851494060546 ], [ -2.582038464557937, 51.456011478492563 ], [ -2.581788469428012, 51.456061475128649 ], [ -2.581018486266569, 51.456231462926915 ], [ -2.580668492158097, 51.456301458017954 ], [ -2.580528496490389, 51.456331456451885 ], [ -2.580129403773275, 51.456379907814451 ] ] } },
{ "type": "Feature", "properties": { "OBJECTID": 167, "JOURNEY_LINK_ID": "12", "JOURNEY_LINK_DESCRIPTION": "M32 IB > Old Market St OB", "JOURNEY_START": "M32 IB", "JOURNEY_START_DIRECTION_TYPE": "IB", "JOURNEY_END": "Old Market St OB", "JOURNEY_END_DIRECTION_TYPE": "OB", "MINIMUM_PLATE_MATCHES": 1, "CANDIDATE_COUNT": 9, "KPI_PRIORITY_LINK": "Yes", "JOURNEY_START_DIRECTION_DESC": "Inbound", "JOURNEY_END_DIRECTION_DESC": "Outbound", "SHAPESTLength": 812.56799857336387 }, "geometry": { "type": "LineString", "coordinates": [ [ -2.582260777077114, 51.460196202865198 ], [ -2.582418560691111, 51.460201331998277 ], [ -2.582548556532237, 51.460091336808617 ], [ -2.583328541006612, 51.459761353315571 ], [ -2.583628532056351, 51.4596713600898 ], [ -2.5837685256529, 51.459421370774109 ], [ -2.583608525778782, 51.458731394851029 ], [ -2.583718521671039, 51.458481405284282 ], [ -2.583798517864655, 51.458371409760176 ], [ -2.58388851340733, 51.458271414584139 ], [ -2.58411850002872, 51.457991426703025 ], [ -2.584438471414813, 51.457321452348033 ], [ -2.584438470414158, 51.457271454417914 ], [ -2.584408462558598, 51.457031462578705 ], [ -2.58398845253682, 51.456501476949242 ], [ -2.583838448767379, 51.456291482954953 ], [ -2.583648443099637, 51.456051489756675 ], [ -2.583548441765847, 51.45593149280274 ], [ -2.583328442023852, 51.455851494060546 ], [ -2.582038464557937, 51.456011478492563 ], [ -2.581788469428012, 51.456061475128649 ], [ -2.581018486266569, 51.456231462926915 ], [ -2.580668492158097, 51.456301458017954 ], [ -2.580528496490389, 51.456331456451885 ], [ -2.580168252557146, 51.456547305986959 ] ] } },
{ "type": "Feature", "properties": { "OBJECTID": 168, "JOURNEY_LINK_ID": "13", "JOURNEY_LINK_DESCRIPTION": "M32 IB >  Avon St OB", "JOURNEY_START": "M32 IB", "JOURNEY_START_DIRECTION_TYPE": "IB", "JOURNEY_END": "Avon St OB", "JOURNEY_END_DIRECTION_TYPE": "OB", "MINIMUM_PLATE_MATCHES": 1, "CANDIDATE_COUNT": 9, "KPI_PRIORITY_LINK": "No", "JOURNEY_START_DIRECTION_DESC": "Inbound", "JOURNEY_END_DIRECTION_DESC": "Outbound", "SHAPESTLength": 935.05721965333089 }, "geometry": { "type": "LineString", "coordinates": [ [ -2.582221584410931, 51.460268911538385 ], [ -2.582418560691111, 51.460201331998277 ], [ -2.582548556532237, 51.460091336808617 ], [ -2.583328541006612, 51.459761353315571 ], [ -2.583628532056351, 51.4596713600898 ], [ -2.5837685256529, 51.459421370774109 ], [ -2.583608525778782, 51.458731394851029 ], [ -2.583718521671039, 51.458481405284282 ], [ -2.583798517864655, 51.458371409760176 ], [ -2.58388851340733, 51.458271414584139 ], [ -2.58411850002872, 51.457991426703025 ], [ -2.584438471414813, 51.457321452348033 ], [ -2.584438470414158, 51.457271454417914 ], [ -2.584408462558598, 51.457031462578705 ], [ -2.584048449301088, 51.45640148108253 ], [ -2.58371843675513, 51.45592149470766 ], [ -2.583578430732215, 51.455641503077089 ], [ -2.583478422763843, 51.455381511362773 ], [ -2.583518393958462, 51.454521542302494 ], [ -2.583648380271613, 51.454191554758737 ], [ -2.583798362151922, 51.453721572247829 ], [ -2.583838352001691, 51.453411583735935 ], [ -2.583568348097304, 51.453221587540639 ], [ -2.583258348945641, 51.453141587291455 ], [ -2.582681955277215, 51.453072249742327 ] ] } },
{ "type": "Feature", "properties": { "OBJECTID": 169, "JOURNEY_LINK_ID": "15", "JOURNEY_LINK_DESCRIPTION": "M32 IB > Cattle Market Rd EB", "JOURNEY_START": "M32 IB", "JOURNEY_START_DIRECTION_TYPE": "IB", "JOURNEY_END": "Cattle Market Rd EB", "JOURNEY_END_DIRECTION_TYPE": "EB", "MINIMUM_PLATE_MATCHES": 1, "CANDIDATE_COUNT": 9, "KPI_PRIORITY_LINK": "No", "JOURNEY_START_DIRECTION_DESC": "Inbound", "JOURNEY_END_DIRECTION_DESC": "East bound", "SHAPESTLength": 1613.3856449479315 }, "geometry": { "type": "LineString", "coordinates": [ [ -2.582341179197271, 51.460217576043327 ], [ -2.582418560691111, 51.460201331998277 ], [ -2.582548556532237, 51.460091336808617 ], [ -2.583328541006612, 51.459761353315571 ], [ -2.583628532056351, 51.4596713600898 ], [ -2.5837685256529, 51.459421370774109 ], [ -2.583608525778782, 51.458731394851029 ], [ -2.583718521671039, 51.458481405284282 ], [ -2.583798517864655, 51.458371409760176 ], [ -2.58388851340733, 51.458271414584139 ], [ -2.58411850002872, 51.457991426703025 ], [ -2.584438471414813, 51.457321452348033 ], [ -2.584438470414158, 51.457271454417914 ], [ -2.584408462558598, 51.457031462578705 ], [ -2.584048449301088, 51.45640148108253 ], [ -2.58371843675513, 51.45592149470766 ], [ -2.583578430732215, 51.455641503077089 ], [ -2.583478422763843, 51.455381511362773 ], [ -2.583518393958462, 51.454521542302494 ], [ -2.583648380271613, 51.454191554758737 ], [ -2.583998346893211, 51.453301587784559 ], [ -2.584078335166195, 51.452991599975455 ], [ -2.584098330581201, 51.45286160416444 ], [ -2.584128326509688, 51.452771607678265 ], [ -2.584168321624404, 51.452641612689398 ], [ -2.584258310302255, 51.452321625139554 ], [ -2.584288304723489, 51.452161630714549 ], [ -2.584318299637871, 51.451991637215116 ], [ -2.58434829586408, 51.451861641716171 ], [ -2.584558271814659, 51.451151668384824 ], [ -2.584798247060296, 51.450451694518861 ], [ -2.584828242459679, 51.450351698088284 ], [ -2.584848237447031, 51.450161705240582 ], [ -2.584828230665124, 51.449951710761155 ], [ -2.584808224118368, 51.449831710536536 ], [ -2.584678205482267, 51.449451709742213 ], [ -2.584378181820223, 51.448931706764938 ], [ -2.583618168473131, 51.44853169983125 ], [ -2.583508165172997, 51.44847169844514 ], [ -2.583168162026988, 51.448311695129597 ], [ -2.582818157566457, 51.448121692116409 ], [ -2.582388152459166, 51.447861689283812 ], [ -2.582028159846409, 51.447911685305513 ], [ -2.58134717192453, 51.448277329237698 ] ] } },
{ "type": "Feature", "properties": { "OBJECTID": 170, "JOURNEY_LINK_ID": "33", "JOURNEY_LINK_DESCRIPTION": "3 Lamps IB > Bedminster Bridge", "JOURNEY_START": "3 Lamps IB", "JOURNEY_START_DIRECTION_TYPE": "IB", "JOURNEY_END": "Bedminster Bridge", "JOURNEY_END_DIRECTION_TYPE": "NA", "MINIMUM_PLATE_MATCHES": 1, "CANDIDATE_COUNT": 9, "KPI_PRIORITY_LINK": "Yes", "JOURNEY_START_DIRECTION_DESC": "Inbound", "JOURNEY_END_DIRECTION_DESC": "None", "SHAPESTLength": 1208.9904315594513 }, "geometry": { "type": "LineString", "coordinates": [ [ -2.57863775753761, 51.444587269615084 ], [ -2.578708105145705, 51.444981668510451 ], [ -2.578928112659281, 51.445321667979634 ], [ -2.579408120311024, 51.445831670380159 ], [ -2.579698124921363, 51.446071670768994 ], [ -2.579898126323958, 51.446211671740116 ], [ -2.580178127091853, 51.446401673385878 ], [ -2.580428130331522, 51.446581674163319 ], [ -2.580558131452283, 51.446681675291586 ], [ -2.580918131031562, 51.446801678588578 ], [ -2.581338127881554, 51.446921681177017 ], [ -2.581698121808813, 51.446941683394208 ], [ -2.582358106988285, 51.44686168938108 ], [ -2.583067061999504, 51.446433834630128 ], [ -2.584928003166235, 51.445481709954649 ], [ -2.586235297494465, 51.445074323917559 ], [ -2.588061115637986, 51.444840550740267 ], [ -2.589277906819348, 51.444941748950477 ], [ -2.590407903758972, 51.445171758705513 ], [ -2.591017901323216, 51.445281765188028 ], [ -2.59131789219686, 51.445201766975089 ], [ -2.59175788998949, 51.445291771652499 ], [ -2.591777892799078, 51.445341771282308 ], [ -2.591897897656684, 51.445421771981081 ], [ -2.591603907791939, 51.445837938036597 ] ] } },
{ "type": "Feature", "properties": { "OBJECTID": 171, "JOURNEY_LINK_ID": "36", "JOURNEY_LINK_DESCRIPTION": "3 Lamps OB > Church Rd OB", "JOURNEY_START": "3 Lamps OB", "JOURNEY_START_DIRECTION_TYPE": "OB", "JOURNEY_END": "Church Rd OB", "JOURNEY_END_DIRECTION_TYPE": "OB", "MINIMUM_PLATE_MATCHES": 1, "CANDIDATE_COUNT": 9, "KPI_PRIORITY_LINK": "No", "JOURNEY_START_DIRECTION_DESC": "Outbound", "JOURNEY_END_DIRECTION_DESC": "Outbound", "SHAPESTLength": 4243.6327157139085 }, "geometry": { "type": "LineString", "coordinates": [ [ -2.578815633523285, 51.44493750705778 ], [ -2.578928112659281, 51.445321667979634 ], [ -2.578708105145705, 51.444981668510451 ], [ -2.578468099496895, 51.444691667886708 ], [ -2.578298097553815, 51.444461667892774 ], [ -2.577858092970132, 51.444021666579452 ], [ -2.576818101785515, 51.443441664035717 ], [ -2.576418106849421, 51.443261662509691 ], [ -2.576138112046394, 51.443131662757956 ], [ -2.57572811660321, 51.442971661550878 ], [ -2.575108130325272, 51.442801659724964 ], [ -2.574828136796475, 51.442751658961321 ], [ -2.574158154360535, 51.442661657008856 ], [ -2.573888161117384, 51.442641656237839 ], [ -2.573568173735966, 51.442731653174533 ], [ -2.573318181776851, 51.442841652080354 ], [ -2.573248187651626, 51.443051650247405 ], [ -2.57314819900346, 51.44346164599628 ], [ -2.573078206807832, 51.443801642353776 ], [ -2.575198164971938, 51.444251650541247 ], [ -2.576078153825902, 51.444641654057207 ], [ -2.576278159447442, 51.444931653690823 ], [ -2.576168177984435, 51.445521648635882 ], [ -2.576108185178463, 51.445761647558335 ], [ -2.57594821034558, 51.446541641980367 ], [ -2.575868220073431, 51.446881640127295 ], [ -2.575748238028727, 51.447441635344646 ], [ -2.575598260616292, 51.448201630167631 ], [ -2.575578268059564, 51.44847162718257 ], [ -2.575548275863445, 51.448801624884041 ], [ -2.575398278670666, 51.448831623693827 ], [ -2.574768289904302, 51.448951617000354 ], [ -2.573798306417632, 51.44917160625797 ], [ -2.567858394711449, 51.450381528803405 ], [ -2.566188444497988, 51.450721509947861 ], [ -2.565838464049371, 51.450781509698132 ], [ -2.565688472930006, 51.450811509970222 ], [ -2.565388490769463, 51.450861510946574 ], [ -2.565038513915442, 51.450961509439026 ], [ -2.56465853345236, 51.45099151110697 ], [ -2.564018566376755, 51.451051512739511 ], [ -2.561828688895883, 51.451341517406711 ], [ -2.558978847096254, 51.451721525698481 ], [ -2.557638922063361, 51.451901530857143 ], [ -2.556948956180141, 51.451921534557329 ], [ -2.556468980022618, 51.451911537834306 ], [ -2.556019000940668, 51.451901540837227 ], [ -2.555789010968658, 51.451891542123604 ], [ -2.555089045101269, 51.451881546972736 ], [ -2.554109092746187, 51.451871552420442 ], [ -2.553939119749105, 51.452251547344574 ], [ -2.553569141287162, 51.45232154855757 ], [ -2.553029176029719, 51.452531548851205 ], [ -2.553059227884837, 51.453671530627567 ], [ -2.552929246518159, 51.453931527668303 ], [ -2.552749266930491, 51.454191525308062 ], [ -2.551749350446168, 51.454931522182996 ], [ -2.551619367591198, 51.455181520210509 ], [ -2.551599373995419, 51.455281517896694 ], [ -2.551669392321358, 51.455741510667842 ], [ -2.551689397404181, 51.455911508178261 ], [ -2.551809413883441, 51.456371499737443 ], [ -2.551979433019327, 51.456991489180119 ], [ -2.552079463772751, 51.457761476124894 ], [ -2.551889495193559, 51.458251470602555 ], [ -2.551619513901344, 51.458551472507992 ], [ -2.550989550232852, 51.459271477972436 ], [ -2.550939552608196, 51.459371477990167 ], [ -2.550849558851488, 51.459661478830448 ], [ -2.548339632491762, 51.45945151680484 ], [ -2.54737965210851, 51.459631531624574 ], [ -2.546709666316601, 51.459801542307929 ], [ -2.546349670937608, 51.459891548001011 ], [ -2.545929680051994, 51.459961553967219 ], [ -2.545796875855614, 51.45996499270241 ] ] } },
{ "type": "Feature", "properties": { "OBJECTID": 172, "JOURNEY_LINK_ID": "51", "JOURNEY_LINK_DESCRIPTION": "Old Market IB > Bond St WB", "JOURNEY_START": "Old Market IB", "JOURNEY_START_DIRECTION_TYPE": "IB", "JOURNEY_END": "Bond St WB", "JOURNEY_END_DIRECTION_TYPE": "WB", "MINIMUM_PLATE_MATCHES": 1, "CANDIDATE_COUNT": 9, "KPI_PRIORITY_LINK": "Yes", "JOURNEY_START_DIRECTION_DESC": "Inbound", "JOURNEY_END_DIRECTION_DESC": "West bound", "SHAPESTLength": 1058.9190577952497 }, "geometry": { "type": "LineString", "coordinates": [ [ -2.58011151289716, 51.456364603216969 ], [ -2.580528496490389, 51.456331456451885 ], [ -2.580668492158097, 51.456301458017954 ], [ -2.5816184691212, 51.455961476519597 ], [ -2.582088458144733, 51.455861484293322 ], [ -2.582428451189577, 51.455801488715757 ], [ -2.583198435333899, 51.455621501350237 ], [ -2.583228433047212, 51.455551503286188 ], [ -2.583268430146944, 51.455501505612126 ], [ -2.583688418835397, 51.455361514367858 ], [ -2.583808418490197, 51.45538151535429 ], [ -2.583988418630656, 51.45546151319666 ], [ -2.584098421392075, 51.455601509214262 ], [ -2.584078426174711, 51.455751503937883 ], [ -2.5840584268916, 51.455781502897807 ], [ -2.584078432817708, 51.455951496563443 ], [ -2.584118436218704, 51.456061493225953 ], [ -2.584598455410037, 51.456921468242037 ], [ -2.584648461480446, 51.457121461965436 ], [ -2.584588477022973, 51.457581444480162 ], [ -2.583798521030299, 51.458671399011799 ], [ -2.583918522491225, 51.459261377706355 ], [ -2.584038520863782, 51.459551367714703 ], [ -2.585748478771184, 51.459291392088872 ], [ -2.586393230922166, 51.45935641503695 ], [ -2.587177907026472, 51.459413597183385 ], [ -2.587964113130945, 51.459283994204903 ] ] } },
{ "type": "Feature", "properties": { "OBJECTID": 173, "JOURNEY_LINK_ID": "63", "JOURNEY_LINK_DESCRIPTION": "Castle St EB > Bond St WB", "JOURNEY_START": "Castle St EB", "JOURNEY_START_DIRECTION_TYPE": "EB", "JOURNEY_END": "Bond St WB", "JOURNEY_END_DIRECTION_TYPE": "WB", "MINIMUM_PLATE_MATCHES": 1, "CANDIDATE_COUNT": 9, "KPI_PRIORITY_LINK": "No", "JOURNEY_START_DIRECTION_DESC": "East bound", "JOURNEY_END_DIRECTION_DESC": "West bound", "SHAPESTLength": 805.36811742945838 }, "geometry": { "type": "LineString", "coordinates": [ [ -2.585173867179856, 51.455529423925555 ], [ -2.584828407834214, 51.455551517347558 ], [ -2.584078426174711, 51.455751503937883 ], [ -2.5840584268916, 51.455781502897807 ], [ -2.584078432817708, 51.455951496563443 ], [ -2.584118436218704, 51.456061493225953 ], [ -2.584598455410037, 51.456921468242037 ], [ -2.584648461480446, 51.457121461965436 ], [ -2.584588477022973, 51.457581444480162 ], [ -2.583798521030299, 51.458671399011799 ], [ -2.583918522491225, 51.459261377706355 ], [ -2.584038520863782, 51.459551367714703 ], [ -2.585718479665396, 51.459201395109176 ], [ -2.586860363566498, 51.459278930592042 ], [ -2.587989289813742, 51.459362603164479 ] ] } },
{ "type": "Feature", "properties": { "OBJECTID": 174, "JOURNEY_LINK_ID": "66", "JOURNEY_LINK_DESCRIPTION": "Castle St EB > Cattle Market Rd EB", "JOURNEY_START": "Castle St EB", "JOURNEY_START_DIRECTION_TYPE": "EB", "JOURNEY_END": "Cattle Market Rd EB", "JOURNEY_END_DIRECTION_TYPE": "EB", "MINIMUM_PLATE_MATCHES": 1, "CANDIDATE_COUNT": 9, "KPI_PRIORITY_LINK": "No", "JOURNEY_START_DIRECTION_DESC": "East bound", "JOURNEY_END_DIRECTION_DESC": "East bound", "SHAPESTLength": 1176.7423964718191 }, "geometry": { "type": "LineString", "coordinates": [ [ -2.58481742008629, 51.45557134558198 ], [ -2.584078426174711, 51.455751503937883 ], [ -2.5840584268916, 51.455781502897807 ], [ -2.58371843675513, 51.45592149470766 ], [ -2.583588440304229, 51.455931492944465 ], [ -2.583548441765847, 51.45593149280274 ], [ -2.583328442023852, 51.455851494060546 ], [ -2.583198435333899, 51.455621501350237 ], [ -2.583228433047212, 51.455551503286188 ], [ -2.583268430146944, 51.455501505612126 ], [ -2.583288425047049, 51.455321512133551 ], [ -2.583288423512446, 51.455291513204479 ], [ -2.583398394070705, 51.454531540004673 ], [ -2.583508382112086, 51.454201552541399 ], [ -2.583838352001691, 51.453411583735935 ], [ -2.583998339269483, 51.453101595080881 ], [ -2.584078335166195, 51.452991599975455 ], [ -2.584098330581201, 51.45286160416444 ], [ -2.584128326509688, 51.452771607678265 ], [ -2.584168321624404, 51.452641612689398 ], [ -2.584288304723489, 51.452161630714549 ], [ -2.584318299637871, 51.451991637215116 ], [ -2.58434829586408, 51.451861641716171 ], [ -2.584558271814659, 51.451151668384824 ], [ -2.584798247060296, 51.450451694518861 ], [ -2.584828242459679, 51.450351698088284 ], [ -2.584848237447031, 51.450161705240582 ], [ -2.584828230665124, 51.449951710761155 ], [ -2.584808224118368, 51.449831710536536 ], [ -2.584678205482267, 51.449451709742213 ], [ -2.584378181820223, 51.448931706764938 ], [ -2.583618168473131, 51.44853169983125 ], [ -2.583508165172997, 51.44847169844514 ], [ -2.583168162026988, 51.448311695129597 ], [ -2.582818157566457, 51.448121692116409 ], [ -2.582388152459166, 51.447861689283812 ], [ -2.582028159846409, 51.447911685305513 ], [ -2.581357483001523, 51.448296687505717 ] ] } },
{ "type": "Feature", "properties": { "OBJECTID": 175, "JOURNEY_LINK_ID": "80", "JOURNEY_LINK_DESCRIPTION": "Bond St EB > Bedminster Bridge", "JOURNEY_START": "Bond St EB", "JOURNEY_START_DIRECTION_TYPE": "EB", "JOURNEY_END": "Bedminster Bridge", "JOURNEY_END_DIRECTION_TYPE": "NA", "MINIMUM_PLATE_MATCHES": 1, "CANDIDATE_COUNT": 9, "KPI_PRIORITY_LINK": "Yes", "JOURNEY_START_DIRECTION_DESC": "East bound", "JOURNEY_END_DIRECTION_DESC": "None", "SHAPESTLength": 2811.3168499909043 }, "geometry": { "type": "LineString", "coordinates": [ [ -2.586603367275605, 51.459396919838156 ], [ -2.585748478771184, 51.459291392088872 ], [ -2.584958499174981, 51.459431379359337 ], [ -2.584098522117101, 51.459791358695028 ], [ -2.58377852979998, 51.459901352075377 ], [ -2.583338543368438, 51.460101340527238 ], [ -2.582898552093865, 51.460291330847696 ], [ -2.582418560691111, 51.460201331998277 ], [ -2.582548556532237, 51.460091336808617 ], [ -2.583328541006612, 51.459761353315571 ], [ -2.583628532056351, 51.4596713600898 ], [ -2.5837685256529, 51.459421370774109 ], [ -2.583608525778782, 51.458731394851029 ], [ -2.583718521671039, 51.458481405284282 ], [ -2.583798517864655, 51.458371409760176 ], [ -2.58388851340733, 51.458271414584139 ], [ -2.58411850002872, 51.457991426703025 ], [ -2.584438471414813, 51.457321452348033 ], [ -2.584438470414158, 51.457271454417914 ], [ -2.584408462558598, 51.457031462578705 ], [ -2.584048449301088, 51.45640148108253 ], [ -2.58371843675513, 51.45592149470766 ], [ -2.583578430732215, 51.455641503077089 ], [ -2.583478422763843, 51.455381511362773 ], [ -2.583518393958462, 51.454521542302494 ], [ -2.583648380271613, 51.454191554758737 ], [ -2.583998346893211, 51.453301587784559 ], [ -2.584078335166195, 51.452991599975455 ], [ -2.584098330581201, 51.45286160416444 ], [ -2.584128326509688, 51.452771607678265 ], [ -2.584168321624404, 51.452641612689398 ], [ -2.584288304723489, 51.452161630714549 ], [ -2.584318299637871, 51.451991637215116 ], [ -2.58434829586408, 51.451861641716171 ], [ -2.584558271814659, 51.451151668384824 ], [ -2.584798247060296, 51.450451694518861 ], [ -2.584828242459679, 51.450351698088284 ], [ -2.584848237447031, 51.450161705240582 ], [ -2.584828230665124, 51.449951710761155 ], [ -2.584808224118368, 51.449831710536536 ], [ -2.584678205482267, 51.449451709742213 ], [ -2.584378181820223, 51.448931706764938 ], [ -2.583618168473131, 51.44853169983125 ], [ -2.583508165172997, 51.44847169844514 ], [ -2.583168162026988, 51.448311695129597 ], [ -2.582818157566457, 51.448121692116409 ], [ -2.582148147492996, 51.447691687042585 ], [ -2.58186814223679, 51.447461684609458 ], [ -2.581708139184438, 51.447341683807409 ], [ -2.58159813458244, 51.447181682782087 ], [ -2.581668128059793, 51.447051683347304 ], [ -2.582088120013927, 51.447051687012276 ], [ -2.58218812196726, 51.447111687477069 ], [ -2.582548126546521, 51.447351689786515 ], [ -2.582728125213105, 51.447361691371341 ], [ -2.583258106463207, 51.447151696456018 ], [ -2.585338025271227, 51.446041714846672 ], [ -2.586747982152142, 51.445591726368029 ], [ -2.587947957748666, 51.445461737292099 ], [ -2.588807947014345, 51.445511744991734 ], [ -2.590077941003871, 51.445691756126728 ], [ -2.590267940079729, 51.445731758330993 ], [ -2.590607931427658, 51.445681761376022 ], [ -2.59077791256354, 51.445421762428701 ], [ -2.591017901323216, 51.445281765188028 ], [ -2.59131789219686, 51.445201766975089 ], [ -2.59175788998949, 51.445291771652499 ], [ -2.591777892799078, 51.445341771282308 ], [ -2.591897897656684, 51.445421771981081 ], [ -2.592107903882088, 51.445561774485448 ], [ -2.592124039843423, 51.445523086978199 ] ] } },
{ "type": "Feature", "properties": { "OBJECTID": 176, "JOURNEY_LINK_ID": "87", "JOURNEY_LINK_DESCRIPTION": "Bedminster Bridge > Victoria St NB", "JOURNEY_START": "Bedminster Bridge", "JOURNEY_START_DIRECTION_TYPE": "NA", "JOURNEY_END": "Victoria St NB", "JOURNEY_END_DIRECTION_TYPE": "NB", "MINIMUM_PLATE_MATCHES": 1, "CANDIDATE_COUNT": 9, "KPI_PRIORITY_LINK": "No", "JOURNEY_START_DIRECTION_DESC": "None", "JOURNEY_END_DIRECTION_DESC": "North bound", "SHAPESTLength": 1296.0853880205377 }, "geometry": { "type": "LineString", "coordinates": [ [ -2.592030247770089, 51.445662623612094 ], [ -2.591697915208419, 51.445641770967406 ], [ -2.591517929155375, 51.445831769325785 ], [ -2.591447934154543, 51.445901769296448 ], [ -2.591287943396394, 51.446011766922815 ], [ -2.591247945417062, 51.446021767338692 ], [ -2.590917984855899, 51.446581764766002 ], [ -2.590887995851608, 51.446721764043922 ], [ -2.590828013478871, 51.447011764050629 ], [ -2.590758031475258, 51.44728176394468 ], [ -2.590738034927037, 51.447341763083585 ], [ -2.590598066970263, 51.447811763301267 ], [ -2.590458129669233, 51.448801761595142 ], [ -2.590548133373744, 51.448861762857206 ], [ -2.590598139435667, 51.448961764121805 ], [ -2.59057814763307, 51.449091763496433 ], [ -2.590418156114311, 51.449201761748782 ], [ -2.590268158014776, 51.44922176099422 ], [ -2.590148157216899, 51.449211759896023 ], [ -2.589908151544716, 51.449081757516105 ], [ -2.589368142820385, 51.448871751541681 ], [ -2.588876898835577, 51.448867750768486 ], [ -2.587296999284429, 51.448977431360525 ], [ -2.586158955284957, 51.449197056759189 ], [ -2.585501051513329, 51.449684194869839 ], [ -2.585926575341952, 51.450256360758651 ], [ -2.586902275385389, 51.451132680868184 ], [ -2.587738403439632, 51.451845695827195 ], [ -2.588312352867868, 51.452244904119752 ], [ -2.588818774400457, 51.45252866727558 ], [ -2.589210426569013, 51.452692973614106 ], [ -2.589528272247787, 51.452821654925259 ], [ -2.589369645869691, 51.45291774751535 ] ] } },
{ "type": "Feature", "properties": { "OBJECTID": 177, "JOURNEY_LINK_ID": "93", "JOURNEY_LINK_DESCRIPTION": "Bedminster Bridge > Old Market St OB", "JOURNEY_START": "Bedminster Bridge", "JOURNEY_START_DIRECTION_TYPE": "NA", "JOURNEY_END": "Old Market St OB", "JOURNEY_END_DIRECTION_TYPE": "OB", "MINIMUM_PLATE_MATCHES": 1, "CANDIDATE_COUNT": 9, "KPI_PRIORITY_LINK": "Yes", "JOURNEY_START_DIRECTION_DESC": "None", "JOURNEY_END_DIRECTION_DESC": "Outbound", "SHAPESTLength": 1954.829580541626 }, "geometry": { "type": "LineString", "coordinates": [ [ -2.592193411605258, 51.445551183735731 ], [ -2.591697915208419, 51.445641770967406 ], [ -2.591517929155375, 51.445831769325785 ], [ -2.591447934154543, 51.445901769296448 ], [ -2.591287943396394, 51.446011766922815 ], [ -2.591247945417062, 51.446021767338692 ], [ -2.590917984855899, 51.446581764766002 ], [ -2.590887995851608, 51.446721764043922 ], [ -2.590828013478871, 51.447011764050629 ], [ -2.590758031475258, 51.44728176394468 ], [ -2.590738034927037, 51.447341763083585 ], [ -2.590598066970263, 51.447811763301267 ], [ -2.590458129669233, 51.448801761595142 ], [ -2.590548133373744, 51.448861762857206 ], [ -2.590598139435667, 51.448961764121805 ], [ -2.59057814763307, 51.449091763496433 ], [ -2.590418156114311, 51.449201761748782 ], [ -2.590268158014776, 51.44922176099422 ], [ -2.590148157216899, 51.449211759896023 ], [ -2.590018155444362, 51.449161758338676 ], [ -2.58996815510459, 51.449131757998302 ], [ -2.589908151544716, 51.449081757516105 ], [ -2.589368142820385, 51.448871751541681 ], [ -2.588968144458209, 51.448861747989369 ], [ -2.588208152721921, 51.448911741851937 ], [ -2.58759816032663, 51.448961735370752 ], [ -2.587388162861543, 51.448971734140216 ], [ -2.586268174101585, 51.449041723678071 ], [ -2.584548181263427, 51.448951707363968 ], [ -2.584968224747003, 51.449851711840836 ], [ -2.58497823017913, 51.449971711700634 ], [ -2.584988241292634, 51.450341700377876 ], [ -2.584958245467889, 51.450451696511301 ], [ -2.584758266317884, 51.451021674548763 ], [ -2.584658277607832, 51.451391661199217 ], [ -2.584538295237162, 51.451931640763249 ], [ -2.584358321899358, 51.452701612116421 ], [ -2.584308330427295, 51.452961603452273 ], [ -2.584198340635803, 51.453221592242009 ], [ -2.583928365510528, 51.453851569330922 ], [ -2.583878376166416, 51.454181556403327 ], [ -2.583868378985425, 51.454241554737465 ], [ -2.583738393538177, 51.454631540437198 ], [ -2.583698405800695, 51.454981527698628 ], [ -2.583708413178124, 51.455201520678195 ], [ -2.583748415976415, 51.455281517612995 ], [ -2.583808418490197, 51.45538151535429 ], [ -2.583988418630656, 51.45546151319666 ], [ -2.584098421392075, 51.455601509214262 ], [ -2.584078426174711, 51.455751503937883 ], [ -2.5840584268916, 51.455781502897807 ], [ -2.58371843675513, 51.45592149470766 ], [ -2.583588440304229, 51.455931492944465 ], [ -2.583548441765847, 51.45593149280274 ], [ -2.583328442023852, 51.455851494060546 ], [ -2.582038464557937, 51.456011478492563 ], [ -2.581788469428012, 51.456061475128649 ], [ -2.581018486266569, 51.456231462926915 ], [ -2.580668492158097, 51.456301458017954 ], [ -2.580528496490389, 51.456331456451885 ], [ -2.580142916265198, 51.456519259868749 ] ] } },
{ "type": "Feature", "properties": { "OBJECTID": 178, "JOURNEY_LINK_ID": "108", "JOURNEY_LINK_DESCRIPTION": "St Luke's Rd NB > 3 Lamps SB", "JOURNEY_START": "St Luke's Rd NB", "JOURNEY_START_DIRECTION_TYPE": "NB", "JOURNEY_END": "3 Lamps SB", "JOURNEY_END_DIRECTION_TYPE": "SB", "MINIMUM_PLATE_MATCHES": 1, "CANDIDATE_COUNT": 9, "KPI_PRIORITY_LINK": "No", "JOURNEY_START_DIRECTION_DESC": "North bound", "JOURNEY_END_DIRECTION_DESC": "South bound", "SHAPESTLength": 877.27139793918877 }, "geometry": { "type": "LineString", "coordinates": [ [ -2.584455359342211, 51.444792928411331 ], [ -2.584447976196155, 51.444811705789682 ], [ -2.584447986528598, 51.445041706292052 ], [ -2.584727995749512, 51.445301708747991 ], [ -2.584928003166235, 51.445481709954649 ], [ -2.584678011739246, 51.445581708378185 ], [ -2.583698048291197, 51.44606169885467 ], [ -2.582528100485682, 51.446751691024048 ], [ -2.582358106988285, 51.44686168938108 ], [ -2.58218812196726, 51.447111687477069 ], [ -2.582548126546521, 51.447351689786515 ], [ -2.582638127369409, 51.447421690754055 ], [ -2.582718130501785, 51.447501691662211 ], [ -2.582758131684876, 51.447551691321465 ], [ -2.582478145627515, 51.447731689657324 ], [ -2.582148147492996, 51.447691687042585 ], [ -2.58186814223679, 51.447461684609458 ], [ -2.581708139184438, 51.447341683807409 ], [ -2.581538137337369, 51.447241682374781 ], [ -2.581278135974642, 51.447111681002113 ], [ -2.581018135910965, 51.446981679010527 ], [ -2.580738132945812, 51.446811676234582 ], [ -2.580558131452283, 51.446681675291586 ], [ -2.580428130331522, 51.446581674163319 ], [ -2.580178127091853, 51.446401673385878 ], [ -2.579898126323958, 51.446211671740116 ], [ -2.579698124921363, 51.446071670768994 ], [ -2.579408120311024, 51.445831670380159 ], [ -2.578928112659281, 51.445321667979634 ], [ -2.578708105145705, 51.444981668510451 ], [ -2.57858287944839, 51.444811505114373 ] ] } },
{ "type": "Feature", "properties": { "OBJECTID": 179, "JOURNEY_LINK_ID": "112", "JOURNEY_LINK_DESCRIPTION": "St Luke's Rd NB > Bedminster Parade OB", "JOURNEY_START": "St Luke's Rd NB", "JOURNEY_START_DIRECTION_TYPE": "NB", "JOURNEY_END": "Bedminster Parade OB", "JOURNEY_END_DIRECTION_TYPE": "OB", "MINIMUM_PLATE_MATCHES": 1, "CANDIDATE_COUNT": 9, "KPI_PRIORITY_LINK": "No", "JOURNEY_START_DIRECTION_DESC": "North bound", "JOURNEY_END_DIRECTION_DESC": "Outbound", "SHAPESTLength": 744.11268413759194 }, "geometry": { "type": "LineString", "coordinates": [ [ -2.584435018643457, 51.444846886694698 ], [ -2.584447976196155, 51.444811705789682 ], [ -2.584447986528598, 51.445041706292052 ], [ -2.584727995749512, 51.445301708747991 ], [ -2.584928003166235, 51.445481709954649 ], [ -2.585727976345032, 51.445191718003016 ], [ -2.587927922049712, 51.444821737012902 ], [ -2.589697904457799, 51.445021751881697 ], [ -2.590177902601952, 51.445111756890142 ], [ -2.590407903758972, 51.445171758705513 ], [ -2.59065790370973, 51.445231761595629 ], [ -2.591017901323216, 51.445281765188028 ], [ -2.59131789219686, 51.445201766975089 ], [ -2.591607879215517, 51.445081769586494 ], [ -2.591967866050902, 51.444971772121107 ], [ -2.592327859339358, 51.444931775657132 ], [ -2.592687840861013, 51.444771778608924 ], [ -2.593476300817862, 51.444241734877558 ] ] } },
{ "type": "Feature", "properties": { "OBJECTID": 180, "JOURNEY_LINK_ID": "120", "JOURNEY_LINK_DESCRIPTION": "Avon St IB > Victoria St NB", "JOURNEY_START": "Avon St IB", "JOURNEY_START_DIRECTION_TYPE": "IB", "JOURNEY_END": "Victoria St NB", "JOURNEY_END_DIRECTION_TYPE": "NB", "MINIMUM_PLATE_MATCHES": 1, "CANDIDATE_COUNT": 9, "KPI_PRIORITY_LINK": "No", "JOURNEY_START_DIRECTION_DESC": "Inbound", "JOURNEY_END_DIRECTION_DESC": "North bound", "SHAPESTLength": 1742.9515850473385 }, "geometry": { "type": "LineString", "coordinates": [ [ -2.582778269213751, 51.453080441819061 ], [ -2.583258348945641, 51.453141587291455 ], [ -2.583568348097304, 51.453221587540639 ], [ -2.583998339269483, 51.453101595080881 ], [ -2.584078335166195, 51.452991599975455 ], [ -2.584098330581201, 51.45286160416444 ], [ -2.584128326509688, 51.452771607678265 ], [ -2.584168321624404, 51.452641612689398 ], [ -2.584288304723489, 51.452161630714549 ], [ -2.584318299637871, 51.451991637215116 ], [ -2.584798247060296, 51.450451694518861 ], [ -2.584646970863768, 51.44963852265213 ], [ -2.584445321880863, 51.449128996244895 ], [ -2.583012905615434, 51.448222126608407 ], [ -2.581538137337369, 51.447241682374781 ], [ -2.581698121808813, 51.446941683394208 ], [ -2.582088120013927, 51.447051687012276 ], [ -2.582718130501785, 51.447501691662211 ], [ -2.582968151611588, 51.448051693381466 ], [ -2.584468177061843, 51.448841707062883 ], [ -2.585728230444689, 51.450081716752038 ], [ -2.586126115100123, 51.450432054952678 ], [ -2.586902275385389, 51.451132680868184 ], [ -2.588003804976142, 51.452072012391021 ], [ -2.589038274479333, 51.452651656643667 ], [ -2.589288273420615, 51.452711657014838 ], [ -2.589528272247787, 51.452821654925259 ], [ -2.589582913505384, 51.452895637872992 ] ] } },
{ "type": "Feature", "properties": { "OBJECTID": 181, "JOURNEY_LINK_ID": "134", "JOURNEY_LINK_DESCRIPTION": "Brislington P&R IB > Hartcliffe Way NB", "JOURNEY_START": "Brislington P&R IB", "JOURNEY_START_DIRECTION_TYPE": "IB", "JOURNEY_END": "Hartcliffe Way NB", "JOURNEY_END_DIRECTION_TYPE": "NB", "MINIMUM_PLATE_MATCHES": 1, "CANDIDATE_COUNT": 9, "KPI_PRIORITY_LINK": "No", "JOURNEY_START_DIRECTION_DESC": "Inbound", "JOURNEY_END_DIRECTION_DESC": "North bound", "SHAPESTLength": 5529.174506232298 }, "geometry": { "type": "LineString", "coordinates": [ [ -2.534518699187355, 51.428441523293586 ], [ -2.53467943878963, 51.428502019768345 ], [ -2.53540942386564, 51.428702010877458 ], [ -2.535679419026911, 51.428762007859852 ], [ -2.536119411442772, 51.428872002887644 ], [ -2.536659400410906, 51.429001997238387 ], [ -2.53693939575719, 51.429071993932496 ], [ -2.537469387285889, 51.429161989543822 ], [ -2.538179374097134, 51.429311980921184 ], [ -2.538549368331473, 51.429381977253357 ], [ -2.538999361873046, 51.429471973300259 ], [ -2.539459353928252, 51.429551968564311 ], [ -2.540009345051792, 51.42965196384776 ], [ -2.540359339327124, 51.429721961010209 ], [ -2.541099325227242, 51.429901952249232 ], [ -2.541369320909117, 51.429961949426989 ], [ -2.541649315287565, 51.430031947297742 ], [ -2.541769312318015, 51.43006194579435 ], [ -2.542369303634891, 51.430161939983854 ], [ -2.542669298085737, 51.430231937352893 ], [ -2.543179286926933, 51.430391931512254 ], [ -2.543649272066133, 51.430611924206431 ], [ -2.543729269933882, 51.430641923441691 ], [ -2.544049264068495, 51.430741919285929 ], [ -2.544329254456446, 51.43087191582508 ], [ -2.544919229608798, 51.431281904057421 ], [ -2.54511921972489, 51.431461899618618 ], [ -2.54537920358289, 51.431771893114252 ], [ -2.545799203153077, 51.43171189160627 ], [ -2.546859202959261, 51.431541889486887 ], [ -2.547049203137806, 51.431501889366501 ], [ -2.547169204280405, 51.431451889189034 ], [ -2.547299200246758, 51.431521887565538 ], [ -2.547449195240184, 51.431581885295536 ], [ -2.547599191374688, 51.431631883920147 ], [ -2.548199184466256, 51.431671879610732 ], [ -2.548519183070273, 51.431661878706628 ], [ -2.549709177868163, 51.431531874469179 ], [ -2.551199193103307, 51.431041862040409 ], [ -2.552509217336005, 51.430441851092695 ], [ -2.552779221167221, 51.430341848493995 ], [ -2.55338922688574, 51.43017184147498 ], [ -2.555489233138979, 51.42992181231179 ], [ -2.555819230216782, 51.429941805414053 ], [ -2.556259227280802, 51.429971798573582 ], [ -2.556379228516775, 51.429971796437357 ], [ -2.557139232269721, 51.429851785938567 ], [ -2.559299253014823, 51.429411756056048 ], [ -2.56025927500738, 51.429081744519387 ], [ -2.5611492980849, 51.428721732073171 ], [ -2.561299301714011, 51.428651730226576 ], [ -2.561459307036796, 51.428591728745559 ], [ -2.562149326817118, 51.428301719588951 ], [ -2.562649342962834, 51.428091713460624 ], [ -2.5630293546775, 51.427921707774217 ], [ -2.563239361872922, 51.427831705513903 ], [ -2.563479368082723, 51.427751701881959 ], [ -2.563689373844426, 51.427681699216159 ], [ -2.563929380018295, 51.427611695327442 ], [ -2.564479392045294, 51.427451687067645 ], [ -2.564779399444765, 51.427361682733078 ], [ -2.568039426868659, 51.426511631611724 ], [ -2.570519362949069, 51.426341589710574 ], [ -2.571899358899036, 51.425951567337982 ], [ -2.572219365016674, 51.425801563228234 ], [ -2.572769385855971, 51.425461555130397 ], [ -2.572929396958768, 51.425321552300368 ], [ -2.573049403306439, 51.42522155082667 ], [ -2.573329421126491, 51.425001546289522 ], [ -2.573899431227868, 51.424501541262863 ], [ -2.575309459735506, 51.423441526101563 ], [ -2.576719479339011, 51.422711506132991 ], [ -2.578929510394932, 51.421841472030593 ], [ -2.579389519354891, 51.421661464848178 ], [ -2.579579524228647, 51.421581460549234 ], [ -2.580279541397041, 51.421281449980455 ], [ -2.58079955267526, 51.421101440820088 ], [ -2.582819609994528, 51.420311406071413 ], [ -2.583529619619373, 51.420031397794034 ], [ -2.584569577989948, 51.419631401303626 ], [ -2.586199524256533, 51.418971408426842 ], [ -2.586839509097427, 51.418691412758157 ], [ -2.587489498773394, 51.418351417435524 ], [ -2.588139493212807, 51.418001423464737 ], [ -2.589209494016032, 51.417361433919126 ], [ -2.59009950070235, 51.416801445854162 ], [ -2.592109406528319, 51.415531482011673 ], [ -2.592469389862928, 51.415301489167177 ], [ -2.593299352216778, 51.414801504545267 ], [ -2.593489350135445, 51.414441513574552 ], [ -2.593499350091351, 51.414401514469859 ], [ -2.593609350167909, 51.414181520409159 ], [ -2.594059332539248, 51.413911529004217 ], [ -2.594149328705671, 51.413881529930613 ], [ -2.594919291444265, 51.413801535447632 ], [ -2.595069282212727, 51.413831535762526 ], [ -2.595559247853449, 51.414111531839907 ], [ -2.595589231472741, 51.41457152105 ], [ -2.595509232328251, 51.414681518218195 ], [ -2.595289227009546, 51.415211504816781 ], [ -2.595579196676427, 51.415651495580988 ], [ -2.595759179852839, 51.415841492176867 ], [ -2.596339128717606, 51.4162514856542 ], [ -2.596469117865481, 51.416351484094804 ], [ -2.596879072926733, 51.416711476882448 ], [ -2.597299002417142, 51.41701147186653 ], [ -2.597538964088641, 51.417161470292996 ], [ -2.597748929710758, 51.417301467463894 ], [ -2.598278846010969, 51.417621461251528 ], [ -2.598245240575253, 51.417681308734494 ] ] } },
{ "type": "Feature", "properties": { "OBJECTID": 182, "JOURNEY_LINK_ID": "141", "JOURNEY_LINK_DESCRIPTION": "Hotwell Rd OB > Coronation Rd EB", "JOURNEY_START": "Hotwell Rd OB", "JOURNEY_START_DIRECTION_TYPE": "OB", "JOURNEY_END": "Coronation Rd EB", "JOURNEY_END_DIRECTION_TYPE": "EB", "MINIMUM_PLATE_MATCHES": 1, "CANDIDATE_COUNT": 9, "KPI_PRIORITY_LINK": "No", "JOURNEY_START_DIRECTION_DESC": "Outbound", "JOURNEY_END_DIRECTION_DESC": "East bound", "SHAPESTLength": 3458.5521500820769 }, "geometry": { "type": "LineString", "coordinates": [ [ -2.61368905243455, 51.449540206032957 ], [ -2.614407796883794, 51.449631984619813 ], [ -2.615257784734794, 51.449771992816132 ], [ -2.615677777892144, 51.449841996225892 ], [ -2.616207768989161, 51.44992200039583 ], [ -2.616947743767414, 51.449842004067193 ], [ -2.617407729376934, 51.449902004761157 ], [ -2.617687719305445, 51.449942005039134 ], [ -2.618047701745772, 51.449862004256552 ], [ -2.618207689051823, 51.44965200542881 ], [ -2.618287675758947, 51.449362007088446 ], [ -2.618497651482928, 51.448832009981587 ], [ -2.618597643025812, 51.448642012539899 ], [ -2.618777634019274, 51.448542013567412 ], [ -2.619237617753904, 51.448512013955487 ], [ -2.620087598241148, 51.448762014699284 ], [ -2.620667581732425, 51.448922013577857 ], [ -2.621047570123317, 51.449032013652385 ], [ -2.621897541935508, 51.449052014131617 ], [ -2.622177530735828, 51.448852016187089 ], [ -2.622257525884538, 51.44877201766586 ], [ -2.62274750569531, 51.448132026592496 ], [ -2.622817503869001, 51.44803202806618 ], [ -2.623067493548835, 51.447712032944061 ], [ -2.623197488856849, 51.447552035471155 ], [ -2.623967469351454, 51.446532054042443 ], [ -2.62407746664342, 51.44618205939905 ], [ -2.623957469193312, 51.445722065123668 ], [ -2.623537473943953, 51.445282068886193 ], [ -2.623167478089797, 51.444942070422172 ], [ -2.623037478608682, 51.444822070702358 ], [ -2.62119749311688, 51.444462059791327 ], [ -2.620667493759516, 51.444332056330282 ], [ -2.620347496081961, 51.444322053479453 ], [ -2.620087499355299, 51.44434205038133 ], [ -2.619497504524261, 51.44432204668891 ], [ -2.618767509420283, 51.444332039407492 ], [ -2.618677511428034, 51.444362037762005 ], [ -2.617887515792066, 51.444352031037297 ], [ -2.617457521280194, 51.444362027619356 ], [ -2.617217521999671, 51.444362025673705 ], [ -2.61697752491996, 51.444392022382651 ], [ -2.616257539799445, 51.444552015595384 ], [ -2.615777561366388, 51.444932008754321 ], [ -2.615427573457021, 51.445132005351908 ], [ -2.614177609189891, 51.445571991488492 ], [ -2.611477659705337, 51.445851962314421 ], [ -2.60513777643523, 51.446301898382828 ], [ -2.602317796782403, 51.446041868777563 ], [ -2.599537795894041, 51.445551840537512 ], [ -2.598267800130566, 51.445391828872147 ], [ -2.596667830477954, 51.445461814609068 ], [ -2.595837847264606, 51.445531807477977 ], [ -2.595457858163481, 51.445601803984559 ], [ -2.593957885306937, 51.445681791005057 ], [ -2.592887900258384, 51.445681781549993 ], [ -2.592787898549323, 51.445651780428349 ], [ -2.592107903882088, 51.445561774485448 ], [ -2.592157140282418, 51.445508382559254 ] ] } },
{ "type": "Feature", "properties": { "OBJECTID": 183, "JOURNEY_LINK_ID": "144", "JOURNEY_LINK_DESCRIPTION": "Queens Rd IB > Hotwell Rd OB", "JOURNEY_START": "Queens Rd IB", "JOURNEY_START_DIRECTION_TYPE": "IB", "JOURNEY_END": "Hotwell Rd OB", "JOURNEY_END_DIRECTION_TYPE": "OB", "MINIMUM_PLATE_MATCHES": 1, "CANDIDATE_COUNT": 9, "KPI_PRIORITY_LINK": "Yes", "JOURNEY_START_DIRECTION_DESC": "Inbound", "JOURNEY_END_DIRECTION_DESC": "Outbound", "SHAPESTLength": 1484.8900581534533 }, "geometry": { "type": "LineString", "coordinates": [ [ -2.608585567348279, 51.457437085079285 ], [ -2.608334319199436, 51.457389313059892 ], [ -2.607843286092098, 51.457102855649339 ], [ -2.606127931605539, 51.456281674299362 ], [ -2.606187931577011, 51.45602168394889 ], [ -2.607677873337075, 51.45605169524061 ], [ -2.608697837576093, 51.455851710771817 ], [ -2.609397820246215, 51.455471730520422 ], [ -2.609847816985033, 51.454821758748366 ], [ -2.610027823570728, 51.454281781062882 ], [ -2.609988612972721, 51.453850355314415 ], [ -2.609917854363606, 51.453071825772142 ], [ -2.609421574229433, 51.452595791744038 ], [ -2.608427921965507, 51.451971855496474 ], [ -2.607887951484757, 51.45114188079404 ], [ -2.608047954123229, 51.450771896502509 ], [ -2.6082379524417, 51.450561906210204 ], [ -2.609828973501955, 51.450201693326534 ], [ -2.611789264972984, 51.44978467961856 ], [ -2.613640302465804, 51.449526786201943 ] ] } },
{ "type": "Feature", "properties": { "OBJECTID": 184, "JOURNEY_LINK_ID": "173", "JOURNEY_LINK_DESCRIPTION": "M32 J3/Lower Ashley Rd EB > Fishponds Rd/Straits Pde EB", "JOURNEY_START": "M32 J3/Lower Ashley Rd EB", "JOURNEY_START_DIRECTION_TYPE": "EB", "JOURNEY_END": "Fishponds Rd/Straits Pde EB", "JOURNEY_END_DIRECTION_TYPE": "EB", "MINIMUM_PLATE_MATCHES": 1, "CANDIDATE_COUNT": 9, "KPI_PRIORITY_LINK": "No", "JOURNEY_START_DIRECTION_DESC": "East bound", "JOURNEY_END_DIRECTION_DESC": "East bound", "SHAPESTLength": 4410.5603672339712 }, "geometry": { "type": "LineString", "coordinates": [ [ -2.577231173558854, 51.466350041657734 ], [ -2.576658790563552, 51.466261109018284 ], [ -2.576098804958586, 51.466231111215741 ], [ -2.575708816199096, 51.46623111071461 ], [ -2.575408826520621, 51.466281109718537 ], [ -2.574968842349154, 51.466381107259153 ], [ -2.574558859656624, 51.466591101112037 ], [ -2.574298867166608, 51.466741099321382 ], [ -2.57389887747276, 51.466971098920638 ], [ -2.573508888362644, 51.467161098470456 ], [ -2.572978902151134, 51.467361100036591 ], [ -2.572098928286247, 51.467541100397824 ], [ -2.571258952431549, 51.46778110225415 ], [ -2.570458976946017, 51.46799110246166 ], [ -2.5697789993332, 51.46820110458907 ], [ -2.568729029971784, 51.468601106421154 ], [ -2.567819059831991, 51.469021108264343 ], [ -2.567509068661091, 51.469171109622124 ], [ -2.566609100125877, 51.469691113127347 ], [ -2.565949115194982, 51.470091128253813 ], [ -2.564449151201253, 51.471021163119708 ], [ -2.563879162748098, 51.471371175550374 ], [ -2.563519168873786, 51.471621183831267 ], [ -2.563209174820017, 51.471871190996623 ], [ -2.562889178157702, 51.472321198088821 ], [ -2.561989189586215, 51.473241218579119 ], [ -2.561799191488003, 51.473471222859864 ], [ -2.561529192980514, 51.473871229232827 ], [ -2.561469193506859, 51.473971230247372 ], [ -2.561269194160078, 51.474271234976733 ], [ -2.561129192776681, 51.474631238283919 ], [ -2.561259190437381, 51.474741235531397 ], [ -2.56132918701013, 51.474911233651575 ], [ -2.561139184864779, 51.475191240873187 ], [ -2.560919184288058, 51.475301247668781 ], [ -2.56048919139882, 51.475321256800932 ], [ -2.560219198819585, 51.475201260226278 ], [ -2.560059205989234, 51.475011260818896 ], [ -2.559619216690167, 51.474801270140347 ], [ -2.559079226738863, 51.474691281508264 ], [ -2.558689233414446, 51.474591289256509 ], [ -2.55827924220412, 51.474481298389506 ], [ -2.557989249568496, 51.474401305053036 ], [ -2.557609258082926, 51.474281312112481 ], [ -2.557069270279396, 51.474111323133336 ], [ -2.556599282088744, 51.473951332873163 ], [ -2.556309288637511, 51.473831339834234 ], [ -2.556009292579835, 51.473951345529208 ], [ -2.555179305934592, 51.474061363875435 ], [ -2.554789311962116, 51.474061371964439 ], [ -2.553749334867434, 51.473931394210872 ], [ -2.552239379000321, 51.473271426480188 ], [ -2.552119381682469, 51.473271428287134 ], [ -2.551709391920002, 51.473191437082974 ], [ -2.551179406007247, 51.473091448652156 ], [ -2.550419417072806, 51.473171464813035 ], [ -2.550099422156104, 51.473241471987883 ], [ -2.549789420844089, 51.473321475158059 ], [ -2.54945941647409, 51.473411477178594 ], [ -2.548059392193186, 51.473891487658449 ], [ -2.547759386701692, 51.473991490328572 ], [ -2.546629367421488, 51.474391496932803 ], [ -2.544629333512067, 51.475011508875873 ], [ -2.543969325075139, 51.475171511940296 ], [ -2.54342932026511, 51.475291514245328 ], [ -2.542749311956021, 51.475441518201926 ], [ -2.541809302652962, 51.475661522734114 ], [ -2.541499299945632, 51.475741523769635 ], [ -2.539809283568863, 51.476151531715324 ], [ -2.53830926856222, 51.476721536097301 ], [ -2.53805926450715, 51.476831537001814 ], [ -2.537879263946752, 51.476901537371816 ], [ -2.537369259005355, 51.477081539140279 ], [ -2.537059255778052, 51.477211540283818 ], [ -2.536859255461349, 51.47729154032443 ], [ -2.535959247817144, 51.477661542335738 ], [ -2.533789235186139, 51.478581546688197 ], [ -2.533559234647886, 51.478671546754882 ], [ -2.533289232658496, 51.47877154711874 ], [ -2.532339229432198, 51.479091547811564 ], [ -2.532049229507782, 51.479181547346755 ], [ -2.531119225730058, 51.479481548650732 ], [ -2.530359226638565, 51.479741547839375 ], [ -2.530019225230893, 51.479881547884553 ], [ -2.528849226905101, 51.480681546301213 ], [ -2.528429230010104, 51.481181543861524 ], [ -2.528129231330206, 51.481431542553999 ], [ -2.527649233260908, 51.481511544732115 ], [ -2.527229234345648, 51.481561545340362 ], [ -2.526969235892933, 51.481591546017555 ], [ -2.526031016050901, 51.481728841559068 ] ] } },
{ "type": "Feature", "properties": { "OBJECTID": 185, "JOURNEY_LINK_ID": "180", "JOURNEY_LINK_DESCRIPTION": "Easton Way NB > M32 J3/Lower Ashley Rd WB", "JOURNEY_START": "Easton Way NB", "JOURNEY_START_DIRECTION_TYPE": "NB", "JOURNEY_END": "M32 J3/Lower Ashley Rd WB", "JOURNEY_END_DIRECTION_TYPE": "WB", "MINIMUM_PLATE_MATCHES": 1, "CANDIDATE_COUNT": 9, "KPI_PRIORITY_LINK": "Yes", "JOURNEY_START_DIRECTION_DESC": "North bound", "JOURNEY_END_DIRECTION_DESC": "West bound", "SHAPESTLength": 677.71654509456994 }, "geometry": { "type": "LineString", "coordinates": [ [ -2.570653260458242, 51.462048467310503 ], [ -2.570758840390353, 51.462331217851151 ], [ -2.570778843983985, 51.462421215169861 ], [ -2.570928850939161, 51.462791205680347 ], [ -2.571088856726006, 51.463091197849884 ], [ -2.571538864420642, 51.463711182932499 ], [ -2.571798866150611, 51.463991174093728 ], [ -2.571938866381993, 51.464121172081079 ], [ -2.572758861287657, 51.464741154659997 ], [ -2.57388884478103, 51.465251140886345 ], [ -2.574168839962601, 51.465321138559062 ], [ -2.574618828406015, 51.465361137776981 ], [ -2.575278807809081, 51.465271141045356 ], [ -2.576088792294929, 51.465611129961871 ], [ -2.576148797019113, 51.46592112085014 ], [ -2.57656197032336, 51.466175753286507 ] ] } },
{ "type": "Feature", "properties": { "OBJECTID": 186, "JOURNEY_LINK_ID": "182", "JOURNEY_LINK_DESCRIPTION": "Easton Way SB > Old Market St IB", "JOURNEY_START": "Easton Way SB", "JOURNEY_START_DIRECTION_TYPE": "SB", "JOURNEY_END": "Old Market St IB", "JOURNEY_END_DIRECTION_TYPE": "IB", "MINIMUM_PLATE_MATCHES": 1, "CANDIDATE_COUNT": 9, "KPI_PRIORITY_LINK": "Yes", "JOURNEY_START_DIRECTION_DESC": "South bound", "JOURNEY_END_DIRECTION_DESC": "Inbound", "SHAPESTLength": 1184.5913660630695 }, "geometry": { "type": "LineString", "coordinates": [ [ -2.570557448075645, 51.462002197202636 ], [ -2.570442579534538, 51.461633793110899 ], [ -2.570408812284728, 51.461161246746187 ], [ -2.570507109814615, 51.460561349920333 ], [ -2.570602673689026, 51.460021562372731 ], [ -2.570615492177938, 51.459795746661605 ], [ -2.570538751595772, 51.459301295977482 ], [ -2.56989874415538, 51.458751306589953 ], [ -2.569898733211432, 51.458441314723252 ], [ -2.570522823407073, 51.458217287420865 ], [ -2.571008704087928, 51.458121331908877 ], [ -2.571518700167822, 51.458181332581965 ], [ -2.571788699156917, 51.458271331896626 ], [ -2.572416153760622, 51.458244640236565 ], [ -2.573668668248415, 51.45819134755844 ], [ -2.576147736021722, 51.457697666726872 ], [ -2.576908591265541, 51.457501391557386 ], [ -2.578458546259129, 51.456881422631547 ], [ -2.579428521648359, 51.45661143920978 ], [ -2.579908510454133, 51.45648144621196 ], [ -2.580227396277035, 51.456438006215784 ] ] } },
{ "type": "Feature", "properties": { "OBJECTID": 187, "JOURNEY_LINK_ID": "185", "JOURNEY_LINK_DESCRIPTION": "M32 J2/Muller Rd EB > Church Rd OB", "JOURNEY_START": "M32 J2/Muller Rd EB", "JOURNEY_START_DIRECTION_TYPE": "EB", "JOURNEY_END": "Church Rd OB", "JOURNEY_END_DIRECTION_TYPE": "OB", "MINIMUM_PLATE_MATCHES": 1, "CANDIDATE_COUNT": 9, "KPI_PRIORITY_LINK": "Yes", "JOURNEY_START_DIRECTION_DESC": "East bound", "JOURNEY_END_DIRECTION_DESC": "Outbound", "SHAPESTLength": 3008.6069774152966 }, "geometry": { "type": "LineString", "coordinates": [ [ -2.563564538316036, 51.475172595156131 ], [ -2.563499145022566, 51.475201193046011 ], [ -2.562789158515613, 51.475151206263533 ], [ -2.56148917982643, 51.475121233039133 ], [ -2.561139184864779, 51.475191240873187 ], [ -2.560919184288058, 51.475301247668781 ], [ -2.56048919139882, 51.475321256800932 ], [ -2.560219198819585, 51.475201260226278 ], [ -2.560059205989234, 51.475011260818896 ], [ -2.559619216690167, 51.474801270140347 ], [ -2.559079226738863, 51.474691281508264 ], [ -2.558689233414446, 51.474591289256509 ], [ -2.55827924220412, 51.474481298389506 ], [ -2.557989249568496, 51.474401305053036 ], [ -2.557609258082926, 51.474281312112481 ], [ -2.557069270279396, 51.474111323133336 ], [ -2.556599282088744, 51.473951332873163 ], [ -2.556309288637511, 51.473831339834234 ], [ -2.556009292579835, 51.473951345529208 ], [ -2.555179305934592, 51.474061363875435 ], [ -2.554789311962116, 51.474061371964439 ], [ -2.553749334867434, 51.473931394210872 ], [ -2.552239379000321, 51.473271426480188 ], [ -2.552119381682469, 51.473271428287134 ], [ -2.551709391920002, 51.473191437082974 ], [ -2.551689395608262, 51.473091438130332 ], [ -2.55168939962071, 51.472901437551734 ], [ -2.551769411134808, 51.472441436314298 ], [ -2.551789435524329, 51.471531435754834 ], [ -2.551729444229997, 51.471281437524432 ], [ -2.551729450909214, 51.471031437722019 ], [ -2.551639462013894, 51.470711440104189 ], [ -2.551519466910375, 51.47059144199627 ], [ -2.55078950321988, 51.470011458614387 ], [ -2.550189535714119, 51.46943147211099 ], [ -2.550049545451563, 51.469261474817898 ], [ -2.54978955724874, 51.468891478190137 ], [ -2.549699562530997, 51.468701480196906 ], [ -2.549869592955475, 51.467711479496408 ], [ -2.549969601360762, 51.467471478546649 ], [ -2.550049606694592, 51.467281476401872 ], [ -2.550209617915105, 51.466381473606937 ], [ -2.550349607132689, 51.465211473323251 ], [ -2.550689592516166, 51.464541468356323 ], [ -2.551069574688991, 51.463811462770721 ], [ -2.552209527202305, 51.4633214435909 ], [ -2.553529470529496, 51.462761423045755 ], [ -2.553879450788028, 51.462351419619772 ], [ -2.553779449086716, 51.46181142502634 ], [ -2.552529488616455, 51.460541451879173 ], [ -2.551549529476298, 51.460101466823666 ], [ -2.55124954087112, 51.459981472578328 ], [ -2.550849558851488, 51.459661478830448 ], [ -2.548339632491762, 51.45945151680484 ], [ -2.54737965210851, 51.459631531624574 ], [ -2.546709666316601, 51.459801542307929 ], [ -2.546349670937608, 51.459891548001011 ], [ -2.545929680051994, 51.459961553967219 ], [ -2.545828404883562, 51.460038043955073 ] ] } },
{ "type": "Feature", "properties": { "OBJECTID": 188, "JOURNEY_LINK_ID": "187", "JOURNEY_LINK_DESCRIPTION": "M32 J2/Muller Rd EB > Easton Way SB", "JOURNEY_START": "M32 J2/Muller Rd EB", "JOURNEY_START_DIRECTION_TYPE": "EB", "JOURNEY_END": "Easton Way SB", "JOURNEY_END_DIRECTION_TYPE": "SB", "MINIMUM_PLATE_MATCHES": 1, "CANDIDATE_COUNT": 9, "KPI_PRIORITY_LINK": "Yes", "JOURNEY_START_DIRECTION_DESC": "East bound", "JOURNEY_END_DIRECTION_DESC": "South bound", "SHAPESTLength": 2134.5664620179068 }, "geometry": { "type": "LineString", "coordinates": [ [ -2.563532978994922, 51.475112598949387 ], [ -2.563499145022566, 51.475201193046011 ], [ -2.562789158515613, 51.475151206263533 ], [ -2.56148917982643, 51.475121233039133 ], [ -2.561139184864779, 51.475191240873187 ], [ -2.560919184288058, 51.475301247668781 ], [ -2.56048919139882, 51.475321256800932 ], [ -2.560219198819585, 51.475201260226278 ], [ -2.560059205989234, 51.475011260818896 ], [ -2.560049207616767, 51.474861260528812 ], [ -2.560159208976308, 51.474671259326698 ], [ -2.560359205627776, 51.474551254349137 ], [ -2.560529204495186, 51.474421251197327 ], [ -2.560709202799882, 51.474271246061193 ], [ -2.560789203048134, 51.474191244508653 ], [ -2.560869203127868, 51.474081242503509 ], [ -2.561119202208413, 51.473691237158434 ], [ -2.561349201870763, 51.473341232200433 ], [ -2.562409190360217, 51.472201207804027 ], [ -2.563799165123009, 51.471301177157585 ], [ -2.564259154241364, 51.471021166736911 ], [ -2.565309131596521, 51.470371143753098 ], [ -2.565849118976502, 51.47003113071537 ], [ -2.566969088055403, 51.46935111156246 ], [ -2.567459072037571, 51.469081109404272 ], [ -2.567679064496928, 51.468961108278592 ], [ -2.567909058418059, 51.468831107530285 ], [ -2.568839027201953, 51.468411105809395 ], [ -2.569878995996201, 51.467921103528859 ], [ -2.573338895506077, 51.466851099729979 ], [ -2.573588889433159, 51.466721099399976 ], [ -2.573898878053423, 51.466571102605279 ], [ -2.574308858814159, 51.466301110176538 ], [ -2.574468850646392, 51.466151114748413 ], [ -2.574548845383279, 51.465991118500902 ], [ -2.574358843164346, 51.465701127597022 ], [ -2.573708855479584, 51.465451134816355 ], [ -2.572788867509244, 51.464971148539711 ], [ -2.571998872922051, 51.464431163123869 ], [ -2.571638873118417, 51.464111171742971 ], [ -2.571468873373551, 51.46394117562653 ], [ -2.571118868454321, 51.463521186047906 ], [ -2.570964869002164, 51.463263237497813 ] ] } },
{ "type": "Feature", "properties": { "OBJECTID": 189, "JOURNEY_LINK_ID": "201", "JOURNEY_LINK_DESCRIPTION": "Hartcliffe Way NB > West St NB", "JOURNEY_START": "Hartcliffe Way NB", "JOURNEY_START_DIRECTION_TYPE": "NB", "JOURNEY_END": "West St NB", "JOURNEY_END_DIRECTION_TYPE": "NB", "MINIMUM_PLATE_MATCHES": 1, "CANDIDATE_COUNT": 9, "KPI_PRIORITY_LINK": "No", "JOURNEY_START_DIRECTION_DESC": "North bound", "JOURNEY_END_DIRECTION_DESC": "North bound", "SHAPESTLength": 2564.7037254005145 }, "geometry": { "type": "LineString", "coordinates": [ [ -2.598482139332427, 51.417699247680758 ], [ -2.599038726600876, 51.418051454311581 ], [ -2.599438664386213, 51.418271449853926 ], [ -2.599768610835614, 51.418461446135055 ], [ -2.600018571134452, 51.418601443767464 ], [ -2.600618447454204, 51.418981442282032 ], [ -2.602748021225957, 51.420291440318913 ], [ -2.603937731565718, 51.421401428321225 ], [ -2.604097677593722, 51.421661423640273 ], [ -2.604397533581428, 51.422431407017669 ], [ -2.604487346882049, 51.423621377803485 ], [ -2.604457272559474, 51.424141363901249 ], [ -2.604427211394011, 51.42457135222638 ], [ -2.604387138128214, 51.425191342554378 ], [ -2.604347096581848, 51.425821350633186 ], [ -2.604307066702388, 51.426271355960523 ], [ -2.604216974986289, 51.427621372100091 ], [ -2.60435687914225, 51.428791388907875 ], [ -2.604946711601893, 51.430731422689163 ], [ -2.605106687873449, 51.431011427590427 ], [ -2.605306661148639, 51.431271434682117 ], [ -2.60554663452251, 51.431541440463732 ], [ -2.605656624226597, 51.431651443167347 ], [ -2.605806610438984, 51.431801447746523 ], [ -2.605986594137237, 51.431961452535411 ], [ -2.60627657024513, 51.432211459236797 ], [ -2.606956554327442, 51.432081466844252 ], [ -2.607396540826528, 51.43205147149331 ], [ -2.610176455570752, 51.43171150509562 ], [ -2.61175639995273, 51.431541523737664 ], [ -2.611926392135486, 51.431561525597679 ], [ -2.61199638986575, 51.431651528649347 ], [ -2.611746395355515, 51.431971529688276 ], [ -2.611536398990668, 51.432211529837424 ], [ -2.61083641331952, 51.43268152680951 ], [ -2.610586420132064, 51.432791524931318 ], [ -2.610126426413713, 51.432971520463823 ], [ -2.609796432312826, 51.433101517244459 ], [ -2.608456486803853, 51.433591515980488 ], [ -2.608416497239311, 51.433671519692908 ], [ -2.608378899048401, 51.433750700802328 ] ] } },
{ "type": "Feature", "properties": { "OBJECTID": 190, "JOURNEY_LINK_ID": "202", "JOURNEY_LINK_DESCRIPTION": "Hartcliffe Way NB > Bedminster Rd EB", "JOURNEY_START": "Hartcliffe Way NB", "JOURNEY_START_DIRECTION_TYPE": "NB", "JOURNEY_END": "Bedminster Rd EB", "JOURNEY_END_DIRECTION_TYPE": "EB", "MINIMUM_PLATE_MATCHES": 1, "CANDIDATE_COUNT": 9, "KPI_PRIORITY_LINK": "No", "JOURNEY_START_DIRECTION_DESC": "North bound", "JOURNEY_END_DIRECTION_DESC": "East bound", "SHAPESTLength": 1833.7136620130054 }, "geometry": { "type": "LineString", "coordinates": [ [ -2.598308242239789, 51.417803966341651 ], [ -2.599038726600876, 51.418051454311581 ], [ -2.599438664386213, 51.418271449853926 ], [ -2.599768610835614, 51.418461446135055 ], [ -2.600018571134452, 51.418601443767464 ], [ -2.600618447454204, 51.418981442282032 ], [ -2.602748021225957, 51.420291440318913 ], [ -2.603937731565718, 51.421401428321225 ], [ -2.604097677593722, 51.421661423640273 ], [ -2.604397533581428, 51.422431407017669 ], [ -2.604487346882049, 51.423621377803485 ], [ -2.604457272559474, 51.424141363901249 ], [ -2.604427211394011, 51.42457135222638 ], [ -2.604387138128214, 51.425191342554378 ], [ -2.604347096581848, 51.425821350633186 ], [ -2.604307066702388, 51.426271355960523 ], [ -2.604216974986289, 51.427621372100091 ], [ -2.60435687914225, 51.428791388907875 ], [ -2.604946711601893, 51.430731422689163 ], [ -2.605106687873449, 51.431011427590427 ], [ -2.605306661148639, 51.431271434682117 ], [ -2.60554663452251, 51.431541440463732 ], [ -2.605656624226597, 51.431651443167347 ], [ -2.605806610438984, 51.431801447746523 ], [ -2.605986594137237, 51.431961452535411 ], [ -2.60627657024513, 51.432211459236797 ], [ -2.606006571778244, 51.432341456876792 ], [ -2.606038757909369, 51.432269594030018 ] ] } },
{ "type": "Feature", "properties": { "OBJECTID": 191, "JOURNEY_LINK_ID": "209", "JOURNEY_LINK_DESCRIPTION": "Bedminster Rd EB > 3 Lamps IB", "JOURNEY_START": "Bedminster Rd EB", "JOURNEY_START_DIRECTION_TYPE": "EB", "JOURNEY_END": "3 Lamps IB", "JOURNEY_END_DIRECTION_TYPE": "IB", "MINIMUM_PLATE_MATCHES": 1, "CANDIDATE_COUNT": 9, "KPI_PRIORITY_LINK": "No", "JOURNEY_START_DIRECTION_DESC": "East bound", "JOURNEY_END_DIRECTION_DESC": "Inbound", "SHAPESTLength": 2712.5192780266802 }, "geometry": { "type": "LineString", "coordinates": [ [ -2.606009737722518, 51.432264578881885 ], [ -2.605376573724986, 51.432601452594859 ], [ -2.603756565251076, 51.433311439889728 ], [ -2.603306595063823, 51.433531444749683 ], [ -2.602886625033497, 51.433741450949235 ], [ -2.602626645331241, 51.433871453964876 ], [ -2.600936780214706, 51.434871484642699 ], [ -2.600586809822092, 51.435091492592306 ], [ -2.599626883579615, 51.435491504515184 ], [ -2.598536961474327, 51.43563150984977 ], [ -2.597926999409973, 51.435661509393078 ], [ -2.597897011657204, 51.43578151565513 ], [ -2.597707021999557, 51.435761514244405 ], [ -2.597307037785249, 51.435671508264221 ], [ -2.596657069690671, 51.435591503041437 ], [ -2.59625709808326, 51.435631503985626 ], [ -2.593797272004482, 51.43609152003669 ], [ -2.592187376344629, 51.43637152715484 ], [ -2.588177599058841, 51.436431516157207 ], [ -2.587197656455846, 51.436611520134896 ], [ -2.586517696215084, 51.436791525699661 ], [ -2.58617771544806, 51.436931529780956 ], [ -2.585187769365843, 51.437271539705691 ], [ -2.584347811117877, 51.437491544007671 ], [ -2.583397856270524, 51.43798155777953 ], [ -2.582797879916709, 51.438291571084548 ], [ -2.582387895753759, 51.438771590392278 ], [ -2.582127900487598, 51.439471614677529 ], [ -2.582007897394103, 51.440371646271551 ], [ -2.581767904524021, 51.440611654319923 ], [ -2.581527911470637, 51.440681656673341 ], [ -2.581457913261216, 51.440761658398841 ], [ -2.581327918397851, 51.440711656339602 ], [ -2.580497944692698, 51.440891662259951 ], [ -2.57994796060122, 51.441101667403615 ], [ -2.579067981958922, 51.441461674826272 ], [ -2.578687991249326, 51.441631678768182 ], [ -2.578398007201802, 51.441871677466779 ], [ -2.578178020960683, 51.442111676196028 ], [ -2.578208024899022, 51.442281676346894 ], [ -2.578198033922195, 51.442501675192638 ], [ -2.578248038988028, 51.442681673761932 ], [ -2.578308043793005, 51.442921673276025 ], [ -2.57835804990839, 51.443121672968886 ], [ -2.578398056162058, 51.443321672586208 ], [ -2.578468068118159, 51.443741671116683 ], [ -2.578498074344699, 51.443951670330264 ], [ -2.578528085833312, 51.444301668925355 ], [ -2.57855809146033, 51.444481668987187 ], [ -2.578608097768776, 51.444671668756001 ], [ -2.578698869978096, 51.444746694694693 ] ] } },
{ "type": "Feature", "properties": { "OBJECTID": 192, "JOURNEY_LINK_ID": "211", "JOURNEY_LINK_DESCRIPTION": "West St NB > Bedminster Parade IB", "JOURNEY_START": "West St NB", "JOURNEY_START_DIRECTION_TYPE": "NB", "JOURNEY_END": "Bedminster Parade IB", "JOURNEY_END_DIRECTION_TYPE": "IB", "MINIMUM_PLATE_MATCHES": 1, "CANDIDATE_COUNT": 9, "KPI_PRIORITY_LINK": "Yes", "JOURNEY_START_DIRECTION_DESC": "North bound", "JOURNEY_END_DIRECTION_DESC": "Inbound", "SHAPESTLength": 1985.1080271360863 }, "geometry": { "type": "LineString", "coordinates": [ [ -2.608364556603246, 51.433680398612275 ], [ -2.608156529826545, 51.433901528781597 ], [ -2.608036565142358, 51.434171540970603 ], [ -2.607746661781756, 51.434961578637264 ], [ -2.60749670569736, 51.435301592362862 ], [ -2.605126907078931, 51.436741637998459 ], [ -2.604136999584905, 51.437451662743705 ], [ -2.603027133328724, 51.43860170978585 ], [ -2.602237209052388, 51.439241734016811 ], [ -2.600987273831844, 51.43978174828996 ], [ -2.600787256655496, 51.439611736634497 ], [ -2.600687240678185, 51.43943172580294 ], [ -2.600537216778145, 51.439181711016431 ], [ -2.600427199348962, 51.438991699072915 ], [ -2.600277139342945, 51.438371664190051 ], [ -2.600237111142905, 51.438081648687835 ], [ -2.600057104337635, 51.438001641105494 ], [ -2.599577120641491, 51.437961636506358 ], [ -2.599347141834111, 51.438071641048722 ], [ -2.59906717031209, 51.438231648152517 ], [ -2.598597216425608, 51.438521660974772 ], [ -2.598167271876857, 51.438971683071898 ], [ -2.598067288629988, 51.439101689133864 ], [ -2.597527349249955, 51.439581710122631 ], [ -2.597127386766945, 51.439871721232358 ], [ -2.596997398334513, 51.439971725956745 ], [ -2.59664743202758, 51.440251737835645 ], [ -2.596497445528806, 51.440371743306564 ], [ -2.596147476371254, 51.440641753966062 ], [ -2.595817500778152, 51.440831760934444 ], [ -2.595297541663431, 51.44122177602992 ], [ -2.595227571393272, 51.441621795495521 ], [ -2.595737609008436, 51.442301802858942 ], [ -2.595737616103665, 51.44239180248492 ], [ -2.594447715002921, 51.443391793149019 ], [ -2.59403774327335, 51.443691789311202 ], [ -2.593827758296568, 51.443841788407425 ], [ -2.593362684105625, 51.444154305010159 ] ] } },
{ "type": "Feature", "properties": { "OBJECTID": 193, "JOURNEY_LINK_ID": "216", "JOURNEY_LINK_DESCRIPTION": "Portway/Pumping Stn IB > Coronation Rd EB", "JOURNEY_START": "Portway/Pumping Stn IB", "JOURNEY_START_DIRECTION_TYPE": "IB", "JOURNEY_END": "Coronation Rd EB", "JOURNEY_END_DIRECTION_TYPE": "EB", "MINIMUM_PLATE_MATCHES": 1, "CANDIDATE_COUNT": 9, "KPI_PRIORITY_LINK": "Yes", "JOURNEY_START_DIRECTION_DESC": "Inbound", "JOURNEY_END_DIRECTION_DESC": "East bound", "SHAPESTLength": 4440.195669572131 }, "geometry": { "type": "LineString", "coordinates": [ [ -2.630115207401523, 51.461925084906859 ], [ -2.629846732608316, 51.461211630400996 ], [ -2.629676775099313, 51.46033166035766 ], [ -2.629866815670133, 51.459111702132319 ], [ -2.62998683263238, 51.45852172255146 ], [ -2.629536902661093, 51.457441756184934 ], [ -2.629426913353234, 51.457311759767521 ], [ -2.62922693080404, 51.457121766731731 ], [ -2.629046944724014, 51.457021768913357 ], [ -2.62848698629951, 51.456631779776842 ], [ -2.628157013775505, 51.456351788165037 ], [ -2.627617057061656, 51.45592180160196 ], [ -2.627117105883795, 51.45531182096078 ], [ -2.627087108732111, 51.455261821625079 ], [ -2.626907176077974, 51.453971866324672 ], [ -2.626837188580708, 51.453731874620161 ], [ -2.626557235769776, 51.452961900270729 ], [ -2.625947303769153, 51.451991932899418 ], [ -2.625297369909581, 51.451091964442654 ], [ -2.62465743010276, 51.450311991603499 ], [ -2.624327452266346, 51.450081999833344 ], [ -2.623487490056995, 51.449862005444366 ], [ -2.622707518513528, 51.449782005590279 ], [ -2.621857551163679, 51.449652007304678 ], [ -2.621727555368583, 51.449582008024237 ], [ -2.621597556278934, 51.449322011351811 ], [ -2.621897541935508, 51.449052014131617 ], [ -2.622177530735828, 51.448852016187089 ], [ -2.622257525884538, 51.44877201766586 ], [ -2.62274750569531, 51.448132026592496 ], [ -2.622817503869001, 51.44803202806618 ], [ -2.623067493548835, 51.447712032944061 ], [ -2.623197488856849, 51.447552035471155 ], [ -2.623967469351454, 51.446532054042443 ], [ -2.62407746664342, 51.44618205939905 ], [ -2.623957469193312, 51.445722065123668 ], [ -2.623537473943953, 51.445282068886193 ], [ -2.623167478089797, 51.444942070422172 ], [ -2.623037478608682, 51.444822070702358 ], [ -2.62119749311688, 51.444462059791327 ], [ -2.620667493759516, 51.444332056330282 ], [ -2.620347496081961, 51.444322053479453 ], [ -2.620087499355299, 51.44434205038133 ], [ -2.619497504524261, 51.44432204668891 ], [ -2.618767509420283, 51.444332039407492 ], [ -2.618677511428034, 51.444362037762005 ], [ -2.617887515792066, 51.444352031037297 ], [ -2.617457521280194, 51.444362027619356 ], [ -2.617217521999671, 51.444362025673705 ], [ -2.61697752491996, 51.444392022382651 ], [ -2.616257539799445, 51.444552015595384 ], [ -2.615777561366388, 51.444932008754321 ], [ -2.615427573457021, 51.445132005351908 ], [ -2.614177609189891, 51.445571991488492 ], [ -2.611477659705337, 51.445851962314421 ], [ -2.60513777643523, 51.446301898382828 ], [ -2.602317796782403, 51.446041868777563 ], [ -2.599537795894041, 51.445551840537512 ], [ -2.598267800130566, 51.445391828872147 ], [ -2.596667830477954, 51.445461814609068 ], [ -2.595837847264606, 51.445531807477977 ], [ -2.595457858163481, 51.445601803984559 ], [ -2.593957885306937, 51.445681791005057 ], [ -2.592887900258384, 51.445681781549993 ], [ -2.592787898549323, 51.445651780428349 ], [ -2.592107903882088, 51.445561774485448 ], [ -2.592095694844845, 51.445640700619983 ] ] } },
{ "type": "Feature", "properties": { "OBJECTID": 194, "JOURNEY_LINK_ID": "30", "JOURNEY_LINK_DESCRIPTION": "3 Lamps IB > Bond St WB", "JOURNEY_START": "3 Lamps IB", "JOURNEY_START_DIRECTION_TYPE": "IB", "JOURNEY_END": "Bond St WB", "JOURNEY_END_DIRECTION_TYPE": "WB", "MINIMUM_PLATE_MATCHES": 1, "CANDIDATE_COUNT": 9, "KPI_PRIORITY_LINK": "Yes", "JOURNEY_START_DIRECTION_DESC": "Inbound", "JOURNEY_END_DIRECTION_DESC": "West bound", "SHAPESTLength": 2098.4823549139219 }, "geometry": { "type": "LineString", "coordinates": [ [ -2.578781534939062, 51.444522839658113 ], [ -2.578708105145705, 51.444981668510451 ], [ -2.578928112659281, 51.445321667979634 ], [ -2.579408120311024, 51.445831670380159 ], [ -2.579698124921363, 51.446071670768994 ], [ -2.579898126323958, 51.446211671740116 ], [ -2.580178127091853, 51.446401673385878 ], [ -2.580428130331522, 51.446581674163319 ], [ -2.580558131452283, 51.446681675291586 ], [ -2.580918131031562, 51.446801678588578 ], [ -2.581338127881554, 51.446921681177017 ], [ -2.581698121808813, 51.446941683394208 ], [ -2.582088120013927, 51.447051687012276 ], [ -2.58218812196726, 51.447111687477069 ], [ -2.582548126546521, 51.447351689786515 ], [ -2.582638127369409, 51.447421690754055 ], [ -2.582718130501785, 51.447501691662211 ], [ -2.582758131684876, 51.447551691321465 ], [ -2.582818139484702, 51.447711692937823 ], [ -2.582968151611588, 51.448051693381466 ], [ -2.584048167632546, 51.448611702936176 ], [ -2.584468177061843, 51.448841707062883 ], [ -2.584548181263427, 51.448951707363968 ], [ -2.584968224747003, 51.449851711840836 ], [ -2.58497823017913, 51.449971711700634 ], [ -2.584988241292634, 51.450341700377876 ], [ -2.584958245467889, 51.450451696511301 ], [ -2.584758266317884, 51.451021674548763 ], [ -2.584658277607832, 51.451391661199217 ], [ -2.584538295237162, 51.451931640763249 ], [ -2.584358321899358, 51.452701612116421 ], [ -2.584308330427295, 51.452961603452273 ], [ -2.584198340635803, 51.453221592242009 ], [ -2.583928365510528, 51.453851569330922 ], [ -2.5836183936301, 51.454571541422517 ], [ -2.583608419906102, 51.455361513267874 ], [ -2.583718427086082, 51.455621505358856 ], [ -2.583858433934296, 51.455901496834102 ], [ -2.584158445415897, 51.456371483397824 ], [ -2.584418452721461, 51.456751472611785 ], [ -2.584648461480446, 51.457121461965436 ], [ -2.584588477022973, 51.457581444480162 ], [ -2.583798521030299, 51.458671399011799 ], [ -2.583918522491225, 51.459261377706355 ], [ -2.584038520863782, 51.459551367714703 ], [ -2.585718479665396, 51.459201395109176 ], [ -2.586842702040471, 51.459204536908572 ] ] } },
{ "type": "Feature", "properties": { "OBJECTID": 195, "JOURNEY_LINK_ID": "46", "JOURNEY_LINK_DESCRIPTION": "Redcliffe Way EB > Bedminster Parade OB", "JOURNEY_START": "Redcliffe Way EB", "JOURNEY_START_DIRECTION_TYPE": "EB", "JOURNEY_END": "Bedminster Parade OB", "JOURNEY_END_DIRECTION_TYPE": "OB", "MINIMUM_PLATE_MATCHES": 1, "CANDIDATE_COUNT": 9, "KPI_PRIORITY_LINK": "No", "JOURNEY_START_DIRECTION_DESC": "East bound", "JOURNEY_END_DIRECTION_DESC": "Outbound", "SHAPESTLength": 724.32883780944542 }, "geometry": { "type": "LineString", "coordinates": [ [ -2.590571255428994, 51.449137530024409 ], [ -2.590418156114311, 51.449201761748782 ], [ -2.590268158014776, 51.44922176099422 ], [ -2.590148157216899, 51.449211759896023 ], [ -2.590018155444362, 51.449161758338676 ], [ -2.58996815510459, 51.449131757998302 ], [ -2.589908151544716, 51.449081757516105 ], [ -2.589968135104608, 51.4488117573473 ], [ -2.590078132187159, 51.448771759557197 ], [ -2.590298117804305, 51.448581760277101 ], [ -2.590428092140167, 51.448181760851028 ], [ -2.590578048888466, 51.447511762182202 ], [ -2.590628036732094, 51.447331762286836 ], [ -2.590708013662506, 51.44700176348676 ], [ -2.590777993846786, 51.446691763176972 ], [ -2.59085796754482, 51.446301763599479 ], [ -2.590857948558947, 51.446001763946093 ], [ -2.590717945876904, 51.445931762130357 ], [ -2.590657945497311, 51.445881761970931 ], [ -2.590607931427658, 51.445681761376022 ], [ -2.59077791256354, 51.445421762428701 ], [ -2.591017901323216, 51.445281765188028 ], [ -2.59131789219686, 51.445201766975089 ], [ -2.591607879215517, 51.445081769586494 ], [ -2.591967866050902, 51.444971772121107 ], [ -2.592327859339358, 51.444931775657132 ], [ -2.592687840861013, 51.444771778608924 ], [ -2.593426901253062, 51.444128593926884 ] ] } },
{ "type": "Feature", "properties": { "OBJECTID": 196, "JOURNEY_LINK_ID": "70", "JOURNEY_LINK_DESCRIPTION": "Castle St WB > Queens Rd OB", "JOURNEY_START": "Castle St WB", "JOURNEY_START_DIRECTION_TYPE": "WB", "JOURNEY_END": "Queens Rd OB", "JOURNEY_END_DIRECTION_TYPE": "OB", "MINIMUM_PLATE_MATCHES": 1, "CANDIDATE_COUNT": 9, "KPI_PRIORITY_LINK": "No", "JOURNEY_START_DIRECTION_DESC": "West bound", "JOURNEY_END_DIRECTION_DESC": "Outbound", "SHAPESTLength": 2379.7371293954166 }, "geometry": { "type": "LineString", "coordinates": [ [ -2.584983966851151, 51.455861777513817 ], [ -2.585088412654492, 51.455831510702993 ], [ -2.585228417428983, 51.456071503398761 ], [ -2.585628428696275, 51.456661485963423 ], [ -2.585748431241239, 51.456831480511113 ], [ -2.585918435309882, 51.457081473207857 ], [ -2.586268424368793, 51.456931483004539 ], [ -2.586948405682719, 51.45667149702544 ], [ -2.588048377622813, 51.456371517152313 ], [ -2.588148375673105, 51.45634151994394 ], [ -2.588488368001821, 51.456251525323992 ], [ -2.589028354544011, 51.456111534719241 ], [ -2.589368347419134, 51.45602154110864 ], [ -2.589758337868618, 51.455911549014175 ], [ -2.590598318913315, 51.455681563752627 ], [ -2.591908292110701, 51.455311588592949 ], [ -2.592308283865337, 51.455181596711476 ], [ -2.59261827393386, 51.454881610382202 ], [ -2.592538270216146, 51.454571621029714 ], [ -2.592458270731408, 51.454501622709579 ], [ -2.592068269003844, 51.454181629973171 ], [ -2.591918269832973, 51.454051633274752 ], [ -2.591738267751353, 51.453821640129604 ], [ -2.592238261046333, 51.453751646698528 ], [ -2.592518257316757, 51.453701651487989 ], [ -2.592718252431947, 51.453661654520829 ], [ -2.594238231767356, 51.453411676869749 ], [ -2.594748225149131, 51.453371682922352 ], [ -2.59608821038921, 51.453391694454353 ], [ -2.596758203659138, 51.453461697933562 ], [ -2.597138199017476, 51.453491701003543 ], [ -2.597408195348295, 51.453511702680295 ], [ -2.597708191767872, 51.453491706103648 ], [ -2.597798189235484, 51.45320171712433 ], [ -2.597848188004249, 51.452961725566588 ], [ -2.597938185339852, 51.452751733580669 ], [ -2.598228181094632, 51.452471746781811 ], [ -2.598358179916591, 51.452381751049508 ], [ -2.598708174630072, 51.452281757887633 ], [ -2.599208170971421, 51.4523217612522 ], [ -2.600078162861592, 51.452611758341803 ], [ -2.600978134823422, 51.453131747558672 ], [ -2.601138129293296, 51.453251745373223 ], [ -2.601268124814261, 51.453341742552084 ], [ -2.604188011805178, 51.455601683355688 ], [ -2.604647992332259, 51.45584167848795 ], [ -2.606047937435409, 51.456021683364554 ], [ -2.606187931577011, 51.45602168394889 ], [ -2.606987900929824, 51.45605168994414 ], [ -2.607677873337075, 51.45605169524061 ], [ -2.607727872003915, 51.456051695476184 ], [ -2.6080478577665, 51.456201691338677 ], [ -2.607927851315254, 51.456771670413808 ], [ -2.607927850008515, 51.456881665810904 ], [ -2.608007842636532, 51.457071659191691 ], [ -2.608493677307095, 51.457322769367089 ] ] } },
{ "type": "Feature", "properties": { "OBJECTID": 197, "JOURNEY_LINK_ID": "73", "JOURNEY_LINK_DESCRIPTION": "Bond St WB > Stokes Croft NB", "JOURNEY_START": "Bond St WB", "JOURNEY_START_DIRECTION_TYPE": "WB", "JOURNEY_END": "Stokes Croft NB", "JOURNEY_END_DIRECTION_TYPE": "NB", "MINIMUM_PLATE_MATCHES": 1, "CANDIDATE_COUNT": 9, "KPI_PRIORITY_LINK": "Yes", "JOURNEY_START_DIRECTION_DESC": "West bound", "JOURNEY_END_DIRECTION_DESC": "North bound", "SHAPESTLength": 663.59586515968192 }, "geometry": { "type": "LineString", "coordinates": [ [ -2.586856822301244, 51.459302682654609 ], [ -2.587178446270439, 51.45932140342164 ], [ -2.588058424633252, 51.459341409621359 ], [ -2.588668409826311, 51.459331415654034 ], [ -2.589238396997652, 51.459321420334369 ], [ -2.589728386496468, 51.459321425316972 ], [ -2.59002837955637, 51.459321427102516 ], [ -2.590308372924145, 51.45927143205067 ], [ -2.59035837226096, 51.459251433404809 ], [ -2.590668364891235, 51.459141440037037 ], [ -2.590978358498301, 51.459101444751511 ], [ -2.591308348518687, 51.459251441511377 ], [ -2.59133834900743, 51.459291439951514 ], [ -2.591358347242688, 51.459331438583625 ], [ -2.591378345304778, 51.459481432430216 ], [ -2.59118834895967, 51.459661424584461 ], [ -2.59106835221379, 51.459711421050159 ], [ -2.590968353320749, 51.459741418948489 ], [ -2.590828354272702, 51.459991408635183 ], [ -2.591108342004244, 51.460711383495862 ], [ -2.590888345711138, 51.46109136599474 ], [ -2.590418351846388, 51.461871331667588 ], [ -2.590288354670424, 51.462071324201879 ], [ -2.590307524196553, 51.462086030072719 ] ] } },
{ "type": "Feature", "properties": { "OBJECTID": 198, "JOURNEY_LINK_ID": "78", "JOURNEY_LINK_DESCRIPTION": "Bond St EB > Avon St OB", "JOURNEY_START": "Bond St EB", "JOURNEY_START_DIRECTION_TYPE": "EB", "JOURNEY_END": "Avon St OB", "JOURNEY_END_DIRECTION_TYPE": "OB", "MINIMUM_PLATE_MATCHES": 1, "CANDIDATE_COUNT": 9, "KPI_PRIORITY_LINK": "No", "JOURNEY_START_DIRECTION_DESC": "East bound", "JOURNEY_END_DIRECTION_DESC": "Outbound", "SHAPESTLength": 1243.1600456571878 }, "geometry": { "type": "LineString", "coordinates": [ [ -2.586705517310638, 51.459325280278073 ], [ -2.585748478771184, 51.459291392088872 ], [ -2.584958499174981, 51.459431379359337 ], [ -2.584098522117101, 51.459791358695028 ], [ -2.58377852979998, 51.459901352075377 ], [ -2.583338543368438, 51.460101340527238 ], [ -2.582898552093865, 51.460291330847696 ], [ -2.582418560691111, 51.460201331998277 ], [ -2.582548556532237, 51.460091336808617 ], [ -2.583328541006612, 51.459761353315571 ], [ -2.583628532056351, 51.4596713600898 ], [ -2.5837685256529, 51.459421370774109 ], [ -2.583608525778782, 51.458731394851029 ], [ -2.583718521671039, 51.458481405284282 ], [ -2.583798517864655, 51.458371409760176 ], [ -2.58388851340733, 51.458271414584139 ], [ -2.58411850002872, 51.457991426703025 ], [ -2.584438471414813, 51.457321452348033 ], [ -2.584438470414158, 51.457271454417914 ], [ -2.584408462558598, 51.457031462578705 ], [ -2.584048449301088, 51.45640148108253 ], [ -2.58371843675513, 51.45592149470766 ], [ -2.583578430732215, 51.455641503077089 ], [ -2.583478422763843, 51.455381511362773 ], [ -2.583518393958462, 51.454521542302494 ], [ -2.583648380271613, 51.454191554758737 ], [ -2.583798362151922, 51.453721572247829 ], [ -2.583838352001691, 51.453411583735935 ], [ -2.583568348097304, 51.453221587540639 ], [ -2.583258348945641, 51.453141587291455 ], [ -2.582838720351268, 51.45298826271555 ] ] } },
{ "type": "Feature", "properties": { "OBJECTID": 199, "JOURNEY_LINK_ID": "94", "JOURNEY_LINK_DESCRIPTION": "Bedminster Bridge > M32 OB", "JOURNEY_START": "Bedminster Bridge", "JOURNEY_START_DIRECTION_TYPE": "NA", "JOURNEY_END": "M32 OB", "JOURNEY_END_DIRECTION_TYPE": "OB", "MINIMUM_PLATE_MATCHES": 1, "CANDIDATE_COUNT": 9, "KPI_PRIORITY_LINK": "Yes", "JOURNEY_START_DIRECTION_DESC": "None", "JOURNEY_END_DIRECTION_DESC": "Outbound", "SHAPESTLength": 2251.0200215290947 }, "geometry": { "type": "LineString", "coordinates": [ [ -2.592100377256566, 51.445566503547838 ], [ -2.591697915208419, 51.445641770967406 ], [ -2.591517929155375, 51.445831769325785 ], [ -2.591447934154543, 51.445901769296448 ], [ -2.591287943396394, 51.446011766922815 ], [ -2.591247945417062, 51.446021767338692 ], [ -2.590917984855899, 51.446581764766002 ], [ -2.590887995851608, 51.446721764043922 ], [ -2.590828013478871, 51.447011764050629 ], [ -2.590758031475258, 51.44728176394468 ], [ -2.590738034927037, 51.447341763083585 ], [ -2.590598066970263, 51.447811763301267 ], [ -2.590458129669233, 51.448801761595142 ], [ -2.590548133373744, 51.448861762857206 ], [ -2.590598139435667, 51.448961764121805 ], [ -2.59057814763307, 51.449091763496433 ], [ -2.590418156114311, 51.449201761748782 ], [ -2.590268158014776, 51.44922176099422 ], [ -2.590148157216899, 51.449211759896023 ], [ -2.590018155444362, 51.449161758338676 ], [ -2.58996815510459, 51.449131757998302 ], [ -2.589908151544716, 51.449081757516105 ], [ -2.589368142820385, 51.448871751541681 ], [ -2.588968144458209, 51.448861747989369 ], [ -2.588208152721921, 51.448911741851937 ], [ -2.58759816032663, 51.448961735370752 ], [ -2.587388162861543, 51.448971734140216 ], [ -2.586268174101585, 51.449041723678071 ], [ -2.584548181263427, 51.448951707363968 ], [ -2.584968224747003, 51.449851711840836 ], [ -2.58497823017913, 51.449971711700634 ], [ -2.584988241292634, 51.450341700377876 ], [ -2.584958245467889, 51.450451696511301 ], [ -2.584758266317884, 51.451021674548763 ], [ -2.584658277607832, 51.451391661199217 ], [ -2.584538295237162, 51.451931640763249 ], [ -2.584358321899358, 51.452701612116421 ], [ -2.584308330427295, 51.452961603452273 ], [ -2.584198340635803, 51.453221592242009 ], [ -2.583928365510528, 51.453851569330922 ], [ -2.5836183936301, 51.454571541422517 ], [ -2.583608419906102, 51.455361513267874 ], [ -2.583718427086082, 51.455621505358856 ], [ -2.583858433934296, 51.455901496834102 ], [ -2.584158445415897, 51.456371483397824 ], [ -2.584418452721461, 51.456751472611785 ], [ -2.584648461480446, 51.457121461965436 ], [ -2.584588477022973, 51.457581444480162 ], [ -2.583798521030299, 51.458671399011799 ], [ -2.583918522491225, 51.459261377706355 ], [ -2.584038520863782, 51.459551367714703 ], [ -2.584098522117101, 51.459791358695028 ], [ -2.58377852979998, 51.459901352075377 ], [ -2.583338543368438, 51.460101340527238 ], [ -2.582898552093865, 51.460291330847696 ], [ -2.582660591418798, 51.460533659704609 ] ] } },
{ "type": "Feature", "properties": { "OBJECTID": 200, "JOURNEY_LINK_ID": "97", "JOURNEY_LINK_DESCRIPTION": "Cattle Market Rd EB > Church Rd OB", "JOURNEY_START": "Cattle Market Rd EB", "JOURNEY_START_DIRECTION_TYPE": "EB", "JOURNEY_END": "Church Rd OB", "JOURNEY_END_DIRECTION_TYPE": "OB", "MINIMUM_PLATE_MATCHES": 1, "CANDIDATE_COUNT": 9, "KPI_PRIORITY_LINK": "No", "JOURNEY_START_DIRECTION_DESC": "East bound", "JOURNEY_END_DIRECTION_DESC": "Outbound", "SHAPESTLength": 3293.3152593164577 }, "geometry": { "type": "LineString", "coordinates": [ [ -2.581371510920329, 51.448080669268535 ], [ -2.580288204173021, 51.448401669441097 ], [ -2.578008233307274, 51.448391649838328 ], [ -2.577138243545209, 51.44833164255261 ], [ -2.575548275863445, 51.448801624884041 ], [ -2.575398278670666, 51.448831623693827 ], [ -2.574768289904302, 51.448951617000354 ], [ -2.573798306417632, 51.44917160625797 ], [ -2.567858394711449, 51.450381528803405 ], [ -2.566998409371117, 51.45055151547102 ], [ -2.566188444497988, 51.450721509947861 ], [ -2.565838464049371, 51.450781509698132 ], [ -2.565688472930006, 51.450811509970222 ], [ -2.565388490769463, 51.450861510946574 ], [ -2.565038513915442, 51.450961509439026 ], [ -2.56465853345236, 51.45099151110697 ], [ -2.564018566376755, 51.451051512739511 ], [ -2.561828688895883, 51.451341517406711 ], [ -2.558978847096254, 51.451721525698481 ], [ -2.557638922063361, 51.451901530857143 ], [ -2.556948956180141, 51.451921534557329 ], [ -2.556468980022618, 51.451911537834306 ], [ -2.556019000940668, 51.451901540837227 ], [ -2.555789010968658, 51.451891542123604 ], [ -2.555089045101269, 51.451881546972736 ], [ -2.554109092746187, 51.451871552420442 ], [ -2.553939119749105, 51.452251547344574 ], [ -2.553569141287162, 51.45232154855757 ], [ -2.553029176029719, 51.452531548851205 ], [ -2.553059227884837, 51.453671530627567 ], [ -2.552929246518159, 51.453931527668303 ], [ -2.552749266930491, 51.454191525308062 ], [ -2.551749350446168, 51.454931522182996 ], [ -2.551619367591198, 51.455181520210509 ], [ -2.551599373995419, 51.455281517896694 ], [ -2.551669392321358, 51.455741510667842 ], [ -2.551689397404181, 51.455911508178261 ], [ -2.551809413883441, 51.456371499737443 ], [ -2.551979433019327, 51.456991489180119 ], [ -2.552079463772751, 51.457761476124894 ], [ -2.551889495193559, 51.458251470602555 ], [ -2.551619513901344, 51.458551472507992 ], [ -2.550989550232852, 51.459271477972436 ], [ -2.550939552608196, 51.459371477990167 ], [ -2.550849558851488, 51.459661478830448 ], [ -2.548339632491762, 51.45945151680484 ], [ -2.54737965210851, 51.459631531624574 ], [ -2.546709666316601, 51.459801542307929 ], [ -2.546349670937608, 51.459891548001011 ], [ -2.545929680051994, 51.459961553967219 ], [ -2.545905391307249, 51.46010755373652 ] ] } },
{ "type": "Feature", "properties": { "OBJECTID": 201, "JOURNEY_LINK_ID": "102", "JOURNEY_LINK_DESCRIPTION": "Victoria St SB > Bond St WB", "JOURNEY_START": "Victoria St SB", "JOURNEY_START_DIRECTION_TYPE": "SB", "JOURNEY_END": "Bond St WB", "JOURNEY_END_DIRECTION_TYPE": "WB", "MINIMUM_PLATE_MATCHES": 1, "CANDIDATE_COUNT": 9, "KPI_PRIORITY_LINK": "No", "JOURNEY_START_DIRECTION_DESC": "South bound", "JOURNEY_END_DIRECTION_DESC": "West bound", "SHAPESTLength": 1290.5204965755972 }, "geometry": { "type": "LineString", "coordinates": [ [ -2.589668037434909, 51.452855612673325 ], [ -2.589038274479333, 51.452651656643667 ], [ -2.58831829404552, 51.453181631774271 ], [ -2.588158393147406, 51.453318921275084 ], [ -2.587684961418625, 51.453555631269602 ], [ -2.586488433040132, 51.454068879173306 ], [ -2.585998442033655, 51.454178871423288 ], [ -2.585158455316963, 51.454218863398772 ], [ -2.584268465708814, 51.454238854278891 ], [ -2.583878470477317, 51.454188852002396 ], [ -2.583738487815948, 51.454638835136379 ], [ -2.583708413178124, 51.455201520678195 ], [ -2.583988418630656, 51.45546151319666 ], [ -2.584098514305185, 51.455608804819093 ], [ -2.584078432817708, 51.455951496563443 ], [ -2.584418452721461, 51.456751472611785 ], [ -2.584648461480446, 51.457121461965436 ], [ -2.584588477022973, 51.457581444480162 ], [ -2.583798521030299, 51.458671399011799 ], [ -2.583918522491225, 51.459261377706355 ], [ -2.584038520863782, 51.459551367714703 ], [ -2.585718479665396, 51.459201395109176 ], [ -2.586726932727825, 51.459201536023912 ] ] } },
{ "type": "Feature", "properties": { "OBJECTID": 202, "JOURNEY_LINK_ID": "103", "JOURNEY_LINK_DESCRIPTION": "Victoria St SB > Bedminster Parade SB", "JOURNEY_START": "Victoria St SB", "JOURNEY_START_DIRECTION_TYPE": "SB", "JOURNEY_END": "Bedminster Parade SB", "JOURNEY_END_DIRECTION_TYPE": "SB", "MINIMUM_PLATE_MATCHES": 1, "CANDIDATE_COUNT": 9, "KPI_PRIORITY_LINK": "No", "JOURNEY_START_DIRECTION_DESC": "South bound", "JOURNEY_END_DIRECTION_DESC": "South bound", "SHAPESTLength": 1853.2282145125732 }, "geometry": { "type": "LineString", "coordinates": [ [ -2.589692662827656, 51.452855042531738 ], [ -2.589038274479333, 51.452651656643667 ], [ -2.587878267896857, 51.452001669829961 ], [ -2.587350380359043, 51.451514810094963 ], [ -2.5860282365153, 51.450341710422812 ], [ -2.585071089156171, 51.449586844255101 ], [ -2.583953134894521, 51.448707999183355 ], [ -2.583012905615434, 51.448222126608407 ], [ -2.58186814223679, 51.447461684609458 ], [ -2.581518130727089, 51.447041682955209 ], [ -2.582088120013927, 51.447051687012276 ], [ -2.582548126546521, 51.447351689786515 ], [ -2.583568094737222, 51.446991698957881 ], [ -2.584213211051931, 51.446642002412304 ], [ -2.585338025271227, 51.446041714846672 ], [ -2.586134524693716, 51.44578751456185 ], [ -2.586747982152142, 51.445591726368029 ], [ -2.587947957748666, 51.445461737292099 ], [ -2.588807947014345, 51.445511744991734 ], [ -2.589446943900944, 51.445602319289186 ], [ -2.590077941003871, 51.445691756126728 ], [ -2.590607931427658, 51.445681761376022 ], [ -2.591017901323216, 51.445281765188028 ], [ -2.59131789219686, 51.445201766975089 ], [ -2.591607879215517, 51.445081769586494 ], [ -2.591967866050902, 51.444971772121107 ], [ -2.592327859339358, 51.444931775657132 ], [ -2.592687840861013, 51.444771778608924 ], [ -2.59355458696549, 51.444187767887627 ] ] } },
{ "type": "Feature", "properties": { "OBJECTID": 203, "JOURNEY_LINK_ID": "104", "JOURNEY_LINK_DESCRIPTION": "Victoria St SB > Bedminster Bridge", "JOURNEY_START": "Victoria St SB", "JOURNEY_START_DIRECTION_TYPE": "SB", "JOURNEY_END": "Bedminster Bridge", "JOURNEY_END_DIRECTION_TYPE": "NA", "MINIMUM_PLATE_MATCHES": 1, "CANDIDATE_COUNT": 9, "KPI_PRIORITY_LINK": "Yes", "JOURNEY_START_DIRECTION_DESC": "South bound", "JOURNEY_END_DIRECTION_DESC": "None", "SHAPESTLength": 1708.2060091018352 }, "geometry": { "type": "LineString", "coordinates": [ [ -2.589594131070762, 51.452954865357015 ], [ -2.588528272289779, 51.452391661110624 ], [ -2.587878267896857, 51.452001669829961 ], [ -2.586902275385389, 51.451132680868184 ], [ -2.585926575341952, 51.450256360758651 ], [ -2.584445321880863, 51.449128996244895 ], [ -2.583508165172997, 51.44847169844514 ], [ -2.582148147492996, 51.447691687042585 ], [ -2.581508134200577, 51.447151682393901 ], [ -2.582528100485682, 51.446751691024048 ], [ -2.583067061999504, 51.446433834630128 ], [ -2.583698048291197, 51.44606169885467 ], [ -2.584678011739246, 51.445581708378185 ], [ -2.585727976345032, 51.445191718003016 ], [ -2.586937942077085, 51.444911727517834 ], [ -2.588061115637986, 51.444840550740267 ], [ -2.589017273334444, 51.444944841921263 ], [ -2.590177902601952, 51.445111756890142 ], [ -2.591017901323216, 51.445281765188028 ], [ -2.59131789219686, 51.445201766975089 ], [ -2.59175788998949, 51.445291771652499 ], [ -2.591777892799078, 51.445341771282308 ], [ -2.591897897656684, 51.445421771981081 ], [ -2.592107903882088, 51.445561774485448 ], [ -2.592062372740665, 51.445496818759267 ] ] } },
{ "type": "Feature", "properties": { "OBJECTID": 204, "JOURNEY_LINK_ID": "109", "JOURNEY_LINK_DESCRIPTION": "St Luke's Rd NB > Cattle Market Rd EB", "JOURNEY_START": "St Luke's Rd NB", "JOURNEY_START_DIRECTION_TYPE": "NB", "JOURNEY_END": "Cattle Market Rd EB", "JOURNEY_END_DIRECTION_TYPE": "EB", "MINIMUM_PLATE_MATCHES": 1, "CANDIDATE_COUNT": 9, "KPI_PRIORITY_LINK": "No", "JOURNEY_START_DIRECTION_DESC": "North bound", "JOURNEY_END_DIRECTION_DESC": "East bound", "SHAPESTLength": 1741.6353274906344 }, "geometry": { "type": "LineString", "coordinates": [ [ -2.584589961332055, 51.444777472863315 ], [ -2.584447976196155, 51.444811705789682 ], [ -2.584447986528598, 51.445041706292052 ], [ -2.584727995749512, 51.445301708747991 ], [ -2.584928003166235, 51.445481709954649 ], [ -2.586235297494465, 51.445074323917559 ], [ -2.587286019557836, 51.444939796132346 ], [ -2.587927922049712, 51.444821737012902 ], [ -2.589697904457799, 51.445021751881697 ], [ -2.591017901323216, 51.445281765188028 ], [ -2.59131789219686, 51.445201766975089 ], [ -2.59175788998949, 51.445291771652499 ], [ -2.591697915208419, 51.445641770967406 ], [ -2.591247945417062, 51.446021767338692 ], [ -2.590917984855899, 51.446581764766002 ], [ -2.590428092140167, 51.448181760851028 ], [ -2.590458129669233, 51.448801761595142 ], [ -2.59057814763307, 51.449091763496433 ], [ -2.590268158014776, 51.44922176099422 ], [ -2.589908151544716, 51.449081757516105 ], [ -2.58963914379261, 51.44897714230752 ], [ -2.589368142820385, 51.448871751541681 ], [ -2.588208152721921, 51.448911741851937 ], [ -2.587199452895894, 51.448983527413617 ], [ -2.585818171366102, 51.448931719696553 ], [ -2.584468177061843, 51.448841707062883 ], [ -2.583953134894521, 51.448707999183355 ], [ -2.583618168473131, 51.44853169983125 ], [ -2.583508165172997, 51.44847169844514 ], [ -2.583168162026988, 51.448311695129597 ], [ -2.582818157566457, 51.448121692116409 ], [ -2.582388152459166, 51.447861689283812 ], [ -2.582028159846409, 51.447911685305513 ], [ -2.581305207799397, 51.448140422258312 ] ] } },
{ "type": "Feature", "properties": { "OBJECTID": 205, "JOURNEY_LINK_ID": "115", "JOURNEY_LINK_DESCRIPTION": "St Luke's Rd NB > Castle St WB", "JOURNEY_START": "St Luke's Rd NB", "JOURNEY_START_DIRECTION_TYPE": "NB", "JOURNEY_END": "Castle St WB", "JOURNEY_END_DIRECTION_TYPE": "WB", "MINIMUM_PLATE_MATCHES": 1, "CANDIDATE_COUNT": 9, "KPI_PRIORITY_LINK": "No", "JOURNEY_START_DIRECTION_DESC": "North bound", "JOURNEY_END_DIRECTION_DESC": "West bound", "SHAPESTLength": 1476.2424367936585 }, "geometry": { "type": "LineString", "coordinates": [ [ -2.584408097678511, 51.444769161079876 ], [ -2.584447976196155, 51.444811705789682 ], [ -2.584447986528598, 51.445041706292052 ], [ -2.584727995749512, 51.445301708747991 ], [ -2.584928003166235, 51.445481709954649 ], [ -2.584678011739246, 51.445581708378185 ], [ -2.583698048291197, 51.44606169885467 ], [ -2.582528100485682, 51.446751691024048 ], [ -2.582358106988285, 51.44686168938108 ], [ -2.58218812196726, 51.447111687477069 ], [ -2.582548126546521, 51.447351689786515 ], [ -2.582638127369409, 51.447421690754055 ], [ -2.582718130501785, 51.447501691662211 ], [ -2.582758131684876, 51.447551691321465 ], [ -2.582818139484702, 51.447711692937823 ], [ -2.582968151611588, 51.448051693381466 ], [ -2.584048167632546, 51.448611702936176 ], [ -2.584468177061843, 51.448841707062883 ], [ -2.584548181263427, 51.448951707363968 ], [ -2.584968224747003, 51.449851711840836 ], [ -2.58497823017913, 51.449971711700634 ], [ -2.584988241292634, 51.450341700377876 ], [ -2.584958245467889, 51.450451696511301 ], [ -2.584758266317884, 51.451021674548763 ], [ -2.584658277607832, 51.451391661199217 ], [ -2.584538295237162, 51.451931640763249 ], [ -2.584358321899358, 51.452701612116421 ], [ -2.584308330427295, 51.452961603452273 ], [ -2.584198340635803, 51.453221592242009 ], [ -2.583928365510528, 51.453851569330922 ], [ -2.583878376166416, 51.454181556403327 ], [ -2.583868378985425, 51.454241554737465 ], [ -2.583738393538177, 51.454631540437198 ], [ -2.583698405800695, 51.454981527698628 ], [ -2.583708413178124, 51.455201520678195 ], [ -2.583748415976415, 51.455281517612995 ], [ -2.583808418490197, 51.45538151535429 ], [ -2.583988418630656, 51.45546151319666 ], [ -2.584788406632041, 51.455451519984855 ], [ -2.584918404711467, 51.455471520981732 ], [ -2.585078406656183, 51.455611517763003 ], [ -2.585091741740637, 51.455797561119823 ] ] } },
{ "type": "Feature", "properties": { "OBJECTID": 206, "JOURNEY_LINK_ID": "124", "JOURNEY_LINK_DESCRIPTION": "Avon St IB > Bond St WB", "JOURNEY_START": "Avon St IB", "JOURNEY_START_DIRECTION_TYPE": "IB", "JOURNEY_END": "Bond St WB", "JOURNEY_END_DIRECTION_TYPE": "WB", "MINIMUM_PLATE_MATCHES": 1, "CANDIDATE_COUNT": 9, "KPI_PRIORITY_LINK": "No", "JOURNEY_START_DIRECTION_DESC": "Inbound", "JOURNEY_END_DIRECTION_DESC": "West bound", "SHAPESTLength": 1616.7549392805302 }, "geometry": { "type": "LineString", "coordinates": [ [ -2.582617956552872, 51.453115509540744 ], [ -2.583258348945641, 51.453141587291455 ], [ -2.583568348097304, 51.453221587540639 ], [ -2.583998339269483, 51.453101595080881 ], [ -2.584078335166195, 51.452991599975455 ], [ -2.584098330581201, 51.45286160416444 ], [ -2.584128326509688, 51.452771607678265 ], [ -2.584168321624404, 51.452641612689398 ], [ -2.584288304723489, 51.452161630714549 ], [ -2.584318299637871, 51.451991637215116 ], [ -2.58434829586408, 51.451861641716171 ], [ -2.583948295502966, 51.451771641642054 ], [ -2.583618292248013, 51.451621642880106 ], [ -2.583168287687527, 51.451381647636502 ], [ -2.583618292248013, 51.451621642880106 ], [ -2.583948295502966, 51.451771641642054 ], [ -2.58434829586408, 51.451861641716171 ], [ -2.584538295237162, 51.451931640763249 ], [ -2.584358321899358, 51.452701612116421 ], [ -2.584308330427295, 51.452961603452273 ], [ -2.584198340635803, 51.453221592242009 ], [ -2.583928365510528, 51.453851569330922 ], [ -2.5836183936301, 51.454571541422517 ], [ -2.583588418992598, 51.455291515387842 ], [ -2.583608419906102, 51.455361513267874 ], [ -2.583718427086082, 51.455621505358856 ], [ -2.583858433934296, 51.455901496834102 ], [ -2.584158445415897, 51.456371483397824 ], [ -2.584418452721461, 51.456751472611785 ], [ -2.584648461480446, 51.457121461965436 ], [ -2.584588477022973, 51.457581444480162 ], [ -2.583798521030299, 51.458671399011799 ], [ -2.583918522491225, 51.459261377706355 ], [ -2.584038520863782, 51.459551367714703 ], [ -2.585718479665396, 51.459201395109176 ], [ -2.586222478436711, 51.459242825447056 ], [ -2.587947795911934, 51.459451329531731 ] ] } },
{ "type": "Feature", "properties": { "OBJECTID": 207, "JOURNEY_LINK_ID": "127", "JOURNEY_LINK_DESCRIPTION": "Avon St IB > St Luke's Rd SB", "JOURNEY_START": "Avon St IB", "JOURNEY_START_DIRECTION_TYPE": "IB", "JOURNEY_END": "St Luke's Rd SB", "JOURNEY_END_DIRECTION_TYPE": "SB", "MINIMUM_PLATE_MATCHES": 1, "CANDIDATE_COUNT": 9, "KPI_PRIORITY_LINK": "No", "JOURNEY_START_DIRECTION_DESC": "Inbound", "JOURNEY_END_DIRECTION_DESC": "South bound", "SHAPESTLength": 1252.4100899021425 }, "geometry": { "type": "LineString", "coordinates": [ [ -2.582821274747966, 51.453086807883061 ], [ -2.583258348945641, 51.453141587291455 ], [ -2.583568348097304, 51.453221587540639 ], [ -2.583998339269483, 51.453101595080881 ], [ -2.584078335166195, 51.452991599975455 ], [ -2.584098330581201, 51.45286160416444 ], [ -2.584128326509688, 51.452771607678265 ], [ -2.584168321624404, 51.452641612689398 ], [ -2.584288304723489, 51.452161630714549 ], [ -2.584318299637871, 51.451991637215116 ], [ -2.58434829586408, 51.451861641716171 ], [ -2.584558271814659, 51.451151668384824 ], [ -2.584798247060296, 51.450451694518861 ], [ -2.584828242459679, 51.450351698088284 ], [ -2.584848237447031, 51.450161705240582 ], [ -2.584828230665124, 51.449951710761155 ], [ -2.584808224118368, 51.449831710536536 ], [ -2.584678205482267, 51.449451709742213 ], [ -2.584378181820223, 51.448931706764938 ], [ -2.583618168473131, 51.44853169983125 ], [ -2.583508165172997, 51.44847169844514 ], [ -2.583168162026988, 51.448311695129597 ], [ -2.582818157566457, 51.448121692116409 ], [ -2.582148147492996, 51.447691687042585 ], [ -2.58186814223679, 51.447461684609458 ], [ -2.581708139184438, 51.447341683807409 ], [ -2.581538137337369, 51.447241682374781 ], [ -2.581508134200577, 51.447151682393901 ], [ -2.581518130727089, 51.447041682955209 ], [ -2.581698121808813, 51.446941683394208 ], [ -2.582528100485682, 51.446751691024048 ], [ -2.583698048291197, 51.44606169885467 ], [ -2.584678011739246, 51.445581708378185 ], [ -2.584928003166235, 51.445481709954649 ], [ -2.584727995749512, 51.445301708747991 ], [ -2.584447986528598, 51.445041706292052 ], [ -2.584447976196155, 51.444811705789682 ], [ -2.584536234159655, 51.44470831989355 ] ] } },
{ "type": "Feature", "properties": { "OBJECTID": 208, "JOURNEY_LINK_ID": "130", "JOURNEY_LINK_DESCRIPTION": "Avon St OB > Bath Rd/Kings Rd SB", "JOURNEY_START": "Avon St OB", "JOURNEY_START_DIRECTION_TYPE": "OB", "JOURNEY_END": "Bath Rd/Kings Rd SB", "JOURNEY_END_DIRECTION_TYPE": "SB", "MINIMUM_PLATE_MATCHES": 1, "CANDIDATE_COUNT": 9, "KPI_PRIORITY_LINK": "No", "JOURNEY_START_DIRECTION_DESC": "Outbound", "JOURNEY_END_DIRECTION_DESC": "South bound", "SHAPESTLength": 2736.049728000462 }, "geometry": { "type": "LineString", "coordinates": [ [ -2.582638870456033, 51.453074822019964 ], [ -2.583258348945641, 51.453141587291455 ], [ -2.583568348097304, 51.453221587540639 ], [ -2.583998339269483, 51.453101595080881 ], [ -2.584078335166195, 51.452991599975455 ], [ -2.584098330581201, 51.45286160416444 ], [ -2.584128326509688, 51.452771607678265 ], [ -2.584168321624404, 51.452641612689398 ], [ -2.584288304723489, 51.452161630714549 ], [ -2.584318299637871, 51.451991637215116 ], [ -2.58434829586408, 51.451861641716171 ], [ -2.584558271814659, 51.451151668384824 ], [ -2.584798247060296, 51.450451694518861 ], [ -2.584828242459679, 51.450351698088284 ], [ -2.584848237447031, 51.450161705240582 ], [ -2.584828230665124, 51.449951710761155 ], [ -2.584808224118368, 51.449831710536536 ], [ -2.584678205482267, 51.449451709742213 ], [ -2.584378181820223, 51.448931706764938 ], [ -2.583618168473131, 51.44853169983125 ], [ -2.583508165172997, 51.44847169844514 ], [ -2.583168162026988, 51.448311695129597 ], [ -2.582818157566457, 51.448121692116409 ], [ -2.582148147492996, 51.447691687042585 ], [ -2.58186814223679, 51.447461684609458 ], [ -2.581708139184438, 51.447341683807409 ], [ -2.581538137337369, 51.447241682374781 ], [ -2.581278135974642, 51.447111681002113 ], [ -2.581018135910965, 51.446981679010527 ], [ -2.580738132945812, 51.446811676234582 ], [ -2.580558131452283, 51.446681675291586 ], [ -2.580428130331522, 51.446581674163319 ], [ -2.580178127091853, 51.446401673385878 ], [ -2.579898126323958, 51.446211671740116 ], [ -2.579698124921363, 51.446071670768994 ], [ -2.579408120311024, 51.445831670380159 ], [ -2.578928112659281, 51.445321667979634 ], [ -2.578708105145705, 51.444981668510451 ], [ -2.578468099496895, 51.444691667886708 ], [ -2.578298097553815, 51.444461667892774 ], [ -2.577858092970132, 51.444021666579452 ], [ -2.576818101785515, 51.443441664035717 ], [ -2.576418106849421, 51.443261662509691 ], [ -2.576138112046394, 51.443131662757956 ], [ -2.57572811660321, 51.442971661550878 ], [ -2.575108130325272, 51.442801659724964 ], [ -2.574828136796475, 51.442751658961321 ], [ -2.574158154360535, 51.442661657008856 ], [ -2.573888161117384, 51.442641656237839 ], [ -2.573368176545926, 51.442631653836422 ], [ -2.573068184675308, 51.442621652173877 ], [ -2.572638195763942, 51.44261165097199 ], [ -2.572288206808222, 51.442591649380994 ], [ -2.571868218614324, 51.442611647813187 ], [ -2.571568227193358, 51.442631646012572 ], [ -2.571188238896401, 51.442651644510605 ], [ -2.570648255641127, 51.44269164181803 ], [ -2.567878335061247, 51.442821628521081 ], [ -2.567378347785173, 51.44280162621412 ], [ -2.565888393764175, 51.442661630255266 ], [ -2.565158417706033, 51.442521636368767 ], [ -2.564868426824013, 51.442461638248012 ], [ -2.564538437832621, 51.442401642190177 ], [ -2.564268446791381, 51.442351644087317 ], [ -2.562358505563169, 51.442091659897173 ], [ -2.561478533042621, 51.442001667073136 ], [ -2.561208541604419, 51.442001668775852 ], [ -2.5607985523541, 51.441971672284943 ], [ -2.560448562800475, 51.441881675871493 ], [ -2.560198567600883, 51.441671680090728 ], [ -2.560028579866189, 51.441521681690411 ], [ -2.559948586865825, 51.44144168251831 ], [ -2.559778607160206, 51.441111684811681 ], [ -2.559568634244057, 51.440711686656698 ], [ -2.559319337213141, 51.440524126505437 ] ] } },
{ "type": "Feature", "properties": { "OBJECTID": 209, "JOURNEY_LINK_ID": "142", "JOURNEY_LINK_DESCRIPTION": "Hotwell Rd OB > Commercial Rd EB", "JOURNEY_START": "Hotwell Rd OB", "JOURNEY_START_DIRECTION_TYPE": "OB", "JOURNEY_END": "Commercial Rd EB", "JOURNEY_END_DIRECTION_TYPE": "EB", "MINIMUM_PLATE_MATCHES": 1, "CANDIDATE_COUNT": 9, "KPI_PRIORITY_LINK": "No", "JOURNEY_START_DIRECTION_DESC": "Outbound", "JOURNEY_END_DIRECTION_DESC": "East bound", "SHAPESTLength": 2601.5302186735162 }, "geometry": { "type": "LineString", "coordinates": [ [ -2.613661264592544, 51.449466675386617 ], [ -2.614407796883794, 51.449631984619813 ], [ -2.615257784734794, 51.449771992816132 ], [ -2.615677777892144, 51.449841996225892 ], [ -2.616207768989161, 51.44992200039583 ], [ -2.616947743767414, 51.449842004067193 ], [ -2.617407729376934, 51.449902004761157 ], [ -2.617687719305445, 51.449942005039134 ], [ -2.618047701745772, 51.449862004256552 ], [ -2.618207689051823, 51.44965200542881 ], [ -2.618287675758947, 51.449362007088446 ], [ -2.618497651482928, 51.448832009981587 ], [ -2.618597643025812, 51.448642012539899 ], [ -2.618657629602741, 51.448282014149328 ], [ -2.618667625750274, 51.448152015284258 ], [ -2.618847599746061, 51.447462019553342 ], [ -2.618887596923815, 51.447402020274318 ], [ -2.618917595337466, 51.447362020214484 ], [ -2.618957581884316, 51.446942024322276 ], [ -2.618687574836287, 51.446502025002943 ], [ -2.61777757935093, 51.446122022017903 ], [ -2.617577582499956, 51.446072021170458 ], [ -2.61610761430475, 51.44625200958501 ], [ -2.614007657186036, 51.446511988206289 ], [ -2.61326767100013, 51.446571979317831 ], [ -2.608047774415235, 51.446951926981733 ], [ -2.604627830549867, 51.446941892774618 ], [ -2.603747836704334, 51.446831883813942 ], [ -2.599347850466087, 51.446201839941644 ], [ -2.5979978623163, 51.446121826970945 ], [ -2.59696789701731, 51.446381819285165 ], [ -2.596637911077667, 51.446521816499398 ], [ -2.596587920400068, 51.446631815890555 ], [ -2.59650791900765, 51.446601814878129 ], [ -2.596497916294205, 51.446571815667063 ], [ -2.595717905532437, 51.446291806878115 ], [ -2.594207928309528, 51.446331793772941 ], [ -2.593327937550788, 51.44631178596444 ], [ -2.592307938733753, 51.446141776194004 ], [ -2.592282040858061, 51.446148624114649 ] ] } },
{ "type": "Feature", "properties": { "OBJECTID": 210, "JOURNEY_LINK_ID": "150", "JOURNEY_LINK_DESCRIPTION": "St Michael's Hill SB > Stokes Croft OB", "JOURNEY_START": "St Michael's Hill SB", "JOURNEY_START_DIRECTION_TYPE": "SB", "JOURNEY_END": "Stokes Croft OB", "JOURNEY_END_DIRECTION_TYPE": "OB", "MINIMUM_PLATE_MATCHES": 1, "CANDIDATE_COUNT": 9, "KPI_PRIORITY_LINK": "No", "JOURNEY_START_DIRECTION_DESC": "South bound", "JOURNEY_END_DIRECTION_DESC": "Outbound", "SHAPESTLength": 950.0134806801816 }, "geometry": { "type": "LineString", "coordinates": [ [ -2.59784570431659, 51.457174793467665 ], [ -2.597788212997007, 51.457051578898572 ], [ -2.597558215717919, 51.4569315807327 ], [ -2.597458218397038, 51.457041576785244 ], [ -2.597158226077475, 51.45734156268545 ], [ -2.59668824027492, 51.457811542120503 ], [ -2.596508243400656, 51.457981534159003 ], [ -2.595808255122922, 51.458721500748993 ], [ -2.595468257680013, 51.459011486489558 ], [ -2.595368258197184, 51.459081482701414 ], [ -2.594278272468269, 51.459761446630843 ], [ -2.593928279360411, 51.459811442342122 ], [ -2.593158298283976, 51.459821435009431 ], [ -2.592458317635084, 51.459791429763115 ], [ -2.59118834895967, 51.459661424584461 ], [ -2.590828354272702, 51.459991408635183 ], [ -2.591108342004244, 51.460711383495862 ], [ -2.590888345711138, 51.46109136599474 ], [ -2.590745124769915, 51.46132199766744 ], [ -2.590418351846388, 51.461871331667588 ], [ -2.590288354670424, 51.462071324201879 ], [ -2.590297062365062, 51.462243429704913 ] ] } },
{ "type": "Feature", "properties": { "OBJECTID": 211, "JOURNEY_LINK_ID": "151", "JOURNEY_LINK_DESCRIPTION": "St Michael's Hill SB > Queens Rd OB", "JOURNEY_START": "St Michael's Hill SB", "JOURNEY_START_DIRECTION_TYPE": "SB", "JOURNEY_END": "Queens Rd OB", "JOURNEY_END_DIRECTION_TYPE": "OB", "MINIMUM_PLATE_MATCHES": 1, "CANDIDATE_COUNT": 9, "KPI_PRIORITY_LINK": "No", "JOURNEY_START_DIRECTION_DESC": "South bound", "JOURNEY_END_DIRECTION_DESC": "Outbound", "SHAPESTLength": 980.94195919282959 }, "geometry": { "type": "LineString", "coordinates": [ [ -2.597876602550197, 51.457197187440237 ], [ -2.597788212997007, 51.457051578898572 ], [ -2.598078205962247, 51.456851588219777 ], [ -2.598788190140144, 51.456111621766013 ], [ -2.599228182331758, 51.455791636572073 ], [ -2.599418177800994, 51.455691642702057 ], [ -2.600118163008347, 51.455491654910894 ], [ -2.601248122776889, 51.455371668449459 ], [ -2.601438115568117, 51.455351671291389 ], [ -2.601598108573723, 51.45534167258694 ], [ -2.60229808392831, 51.455401675928442 ], [ -2.60294805878337, 51.455521677265494 ], [ -2.603608032506329, 51.455701675510717 ], [ -2.603878023267321, 51.455731676322124 ], [ -2.60420800965145, 51.455781676965096 ], [ -2.604438001806298, 51.455811677982283 ], [ -2.604647992332259, 51.45584167848795 ], [ -2.606047937435409, 51.456021683364554 ], [ -2.606187931577011, 51.45602168394889 ], [ -2.606987900929824, 51.45605168994414 ], [ -2.60719789157621, 51.456051690427103 ], [ -2.607677873337075, 51.45605169524061 ], [ -2.607727872003915, 51.456051695476184 ], [ -2.6080478577665, 51.456201691338677 ], [ -2.607927851315254, 51.456771670413808 ], [ -2.607927850008515, 51.456881665810904 ], [ -2.608007842636532, 51.457071659191691 ], [ -2.608579831560904, 51.457396580823065 ] ] } },
{ "type": "Feature", "properties": { "OBJECTID": 212, "JOURNEY_LINK_ID": "169", "JOURNEY_LINK_DESCRIPTION": "Anchor Rd OB > Hotwells Rd OB", "JOURNEY_START": "Anchor Rd OB", "JOURNEY_START_DIRECTION_TYPE": "OB", "JOURNEY_END": "Hotwells Rd OB", "JOURNEY_END_DIRECTION_TYPE": "OB", "MINIMUM_PLATE_MATCHES": 1, "CANDIDATE_COUNT": 9, "KPI_PRIORITY_LINK": "Yes", "JOURNEY_START_DIRECTION_DESC": "Outbound", "JOURNEY_END_DIRECTION_DESC": "Outbound", "SHAPESTLength": 1249.8347980914355 }, "geometry": { "type": "LineString", "coordinates": [ [ -2.597793237669233, 51.452838232707343 ], [ -2.598038182002059, 51.452451745415829 ], [ -2.598238178877842, 51.452211756385985 ], [ -2.598528174184804, 51.451581781969551 ], [ -2.598748170832965, 51.451461788358131 ], [ -2.599018168440562, 51.45126179826574 ], [ -2.599228167396194, 51.451141804566866 ], [ -2.600058160342925, 51.450901820251588 ], [ -2.600358151871738, 51.450861823972154 ], [ -2.600738141015417, 51.450831828811609 ], [ -2.601318126982043, 51.450761836761252 ], [ -2.60175811568012, 51.450701842593176 ], [ -2.602608094219017, 51.450601854513593 ], [ -2.602898088135683, 51.450581857813532 ], [ -2.603238078214554, 51.450561861615668 ], [ -2.603648069565351, 51.450541865686397 ], [ -2.604518047639546, 51.450491874698528 ], [ -2.605678017723082, 51.450511885319145 ], [ -2.606088006893836, 51.45053188804058 ], [ -2.607267977444069, 51.450591896232041 ], [ -2.607577968858429, 51.450601899249428 ], [ -2.607787963700257, 51.450621899374461 ], [ -2.60785796113583, 51.450621900835863 ], [ -2.608077955358257, 51.450601903345671 ], [ -2.6082379524417, 51.450561906210204 ], [ -2.608647945181863, 51.45048191344506 ], [ -2.608977937261079, 51.450401919108614 ], [ -2.611187885779881, 51.449881954040713 ], [ -2.613227821047642, 51.449551972964777 ], [ -2.613577813435816, 51.449541977232315 ], [ -2.613578950901772, 51.449498654537017 ] ] } },
{ "type": "Feature", "properties": { "OBJECTID": 213, "JOURNEY_LINK_ID": "179", "JOURNEY_LINK_DESCRIPTION": "Easton Way NB > M32 IB", "JOURNEY_START": "Easton Way NB", "JOURNEY_START_DIRECTION_TYPE": "NB", "JOURNEY_END": "M32 IB", "JOURNEY_END_DIRECTION_TYPE": "IB", "MINIMUM_PLATE_MATCHES": 1, "CANDIDATE_COUNT": 9, "KPI_PRIORITY_LINK": "Yes", "JOURNEY_START_DIRECTION_DESC": "North bound", "JOURNEY_END_DIRECTION_DESC": "Inbound", "SHAPESTLength": 1279.046114318375 }, "geometry": { "type": "LineString", "coordinates": [ [ -2.570597314767706, 51.462069449069766 ], [ -2.570758840390353, 51.462331217851151 ], [ -2.570778843983985, 51.462421215169861 ], [ -2.570928850939161, 51.462791205680347 ], [ -2.571088856726006, 51.463091197849884 ], [ -2.571538864420642, 51.463711182932499 ], [ -2.571798866150611, 51.463991174093728 ], [ -2.571938866381993, 51.464121172081079 ], [ -2.572758861287657, 51.464741154659997 ], [ -2.57388884478103, 51.465251140886345 ], [ -2.574168839962601, 51.465321138559062 ], [ -2.574618828406015, 51.465361137776981 ], [ -2.575278807809081, 51.465271141045356 ], [ -2.575848786126972, 51.465021148657051 ], [ -2.576088775369747, 51.464811155540012 ], [ -2.576478757458949, 51.464501165023151 ], [ -2.577148734172497, 51.464151178143894 ], [ -2.577698710548663, 51.463671193935149 ], [ -2.579808633012402, 51.46187126112963 ], [ -2.579878629734392, 51.461811262992903 ], [ -2.580848600323858, 51.461081293091553 ], [ -2.5813585852511, 51.460761306117526 ], [ -2.582028570366549, 51.460411322666516 ], [ -2.582228564796059, 51.460301326956518 ], [ -2.582321467475804, 51.460319010633398 ] ] } },
{ "type": "Feature", "properties": { "OBJECTID": 214, "JOURNEY_LINK_ID": "194", "JOURNEY_LINK_DESCRIPTION": "Fishponds Rd/Straits Pde WB > M32 J2/Muller Rd WB", "JOURNEY_START": "Fishponds Rd/Straits Pde WB", "JOURNEY_START_DIRECTION_TYPE": "WB", "JOURNEY_END": "M32 J2/Muller Rd WB", "JOURNEY_END_DIRECTION_TYPE": "WB", "MINIMUM_PLATE_MATCHES": 1, "CANDIDATE_COUNT": 9, "KPI_PRIORITY_LINK": "No", "JOURNEY_START_DIRECTION_DESC": "West bound", "JOURNEY_END_DIRECTION_DESC": "West bound", "SHAPESTLength": 2962.2487470608025 }, "geometry": { "type": "LineString", "coordinates": [ [ -2.526177569774928, 51.481678438137855 ], [ -2.526969235892933, 51.481591546017555 ], [ -2.527229234345648, 51.481561545340362 ], [ -2.527649233260908, 51.481511544732115 ], [ -2.528429230010104, 51.481181543861524 ], [ -2.528849226905101, 51.480681546301213 ], [ -2.530019225230893, 51.479881547884553 ], [ -2.530359226638565, 51.479741547839375 ], [ -2.53073922571365, 51.479601548356307 ], [ -2.531119225730058, 51.479481548650732 ], [ -2.532049229507782, 51.479181547346755 ], [ -2.532339229432198, 51.479091547811564 ], [ -2.533289232658496, 51.47877154711874 ], [ -2.533559234647886, 51.478671546754882 ], [ -2.533789235186139, 51.478581546688197 ], [ -2.535959247817144, 51.477661542335738 ], [ -2.536859255461349, 51.47729154032443 ], [ -2.537059255778052, 51.477211540283818 ], [ -2.537369259005355, 51.477081539140279 ], [ -2.537879263946752, 51.476901537371816 ], [ -2.53805926450715, 51.476831537001814 ], [ -2.53830926856222, 51.476721536097301 ], [ -2.53933927790609, 51.476311534049294 ], [ -2.539979285587914, 51.476101530524041 ], [ -2.540799291822322, 51.475891527255271 ], [ -2.54119929692316, 51.475811525937139 ], [ -2.541499299945632, 51.475741523769635 ], [ -2.541809302652962, 51.475661522734114 ], [ -2.542749311956021, 51.475441518201926 ], [ -2.54342932026511, 51.475291514245328 ], [ -2.543969325075139, 51.475171511940296 ], [ -2.544629333512067, 51.475011508875873 ], [ -2.545009339300742, 51.474921506317791 ], [ -2.54539934591704, 51.474811504593241 ], [ -2.546279361705563, 51.474521499094934 ], [ -2.546629367421488, 51.474391496932803 ], [ -2.547759386701692, 51.473991490328572 ], [ -2.548059392193186, 51.473891487658449 ], [ -2.54945941647409, 51.473411477178594 ], [ -2.549789420844089, 51.473321475158059 ], [ -2.550099422156104, 51.473241471987883 ], [ -2.550419417072806, 51.473171464813035 ], [ -2.551179406007247, 51.473091448652156 ], [ -2.551689395608262, 51.473091438130332 ], [ -2.552239379000321, 51.473271426480188 ], [ -2.553749334867434, 51.473931394210872 ], [ -2.554789311962116, 51.474061371964439 ], [ -2.555179305934592, 51.474061363875435 ], [ -2.556009292579835, 51.473951345529208 ], [ -2.556309288637511, 51.473831339834234 ], [ -2.556599282088744, 51.473951332873163 ], [ -2.557069270279396, 51.474111323133336 ], [ -2.557609258082926, 51.474281312112481 ], [ -2.557989249568496, 51.474401305053036 ], [ -2.55827924220412, 51.474481298389506 ], [ -2.558689233414446, 51.474591289256509 ], [ -2.559079226738863, 51.474691281508264 ], [ -2.559619216690167, 51.474801270140347 ], [ -2.560159208976308, 51.474671259326698 ], [ -2.560359205627776, 51.474551254349137 ], [ -2.560959195558089, 51.47453124223609 ], [ -2.561129192776681, 51.474631238283919 ], [ -2.561259190437381, 51.474741235531397 ], [ -2.56185917876584, 51.474821223099468 ], [ -2.562329170515953, 51.474821212976082 ], [ -2.562689164034155, 51.474981205935102 ], [ -2.562789161367995, 51.475031204718789 ], [ -2.563499145022566, 51.475201193046011 ], [ -2.56349619279134, 51.475226129118532 ] ] } },
{ "type": "Feature", "properties": { "OBJECTID": 215, "JOURNEY_LINK_ID": "196", "JOURNEY_LINK_DESCRIPTION": "Church Rd IB > Bath Rd/Kings Rd SB", "JOURNEY_START": "Church Rd IB", "JOURNEY_START_DIRECTION_TYPE": "IB", "JOURNEY_END": "Bath Rd/Kings Rd SB", "JOURNEY_END_DIRECTION_TYPE": "SB", "MINIMUM_PLATE_MATCHES": 1, "CANDIDATE_COUNT": 9, "KPI_PRIORITY_LINK": "No", "JOURNEY_START_DIRECTION_DESC": "Inbound", "JOURNEY_END_DIRECTION_DESC": "South bound", "SHAPESTLength": 3017.9784056306803 }, "geometry": { "type": "LineString", "coordinates": [ [ -2.545864560998014, 51.459828852357361 ], [ -2.545929680051994, 51.459961553967219 ], [ -2.546349670937608, 51.459891548001011 ], [ -2.546709666316601, 51.459801542307929 ], [ -2.54737965210851, 51.459631531624574 ], [ -2.548339632491762, 51.45945151680484 ], [ -2.54904961666607, 51.4594815049903 ], [ -2.549619604406589, 51.459541496246572 ], [ -2.550249586053239, 51.459621486539959 ], [ -2.550849558851488, 51.459661478830448 ], [ -2.550939552608196, 51.459371477990167 ], [ -2.550989550232852, 51.459271477972436 ], [ -2.551619513901344, 51.458551472507992 ], [ -2.551889495193559, 51.458251470602555 ], [ -2.552079463772751, 51.457761476124894 ], [ -2.551979433019327, 51.456991489180119 ], [ -2.551809413883441, 51.456371499737443 ], [ -2.551689397404181, 51.455911508178261 ], [ -2.551669392321358, 51.455741510667842 ], [ -2.551599373995419, 51.455281517896694 ], [ -2.551619367591198, 51.455181520210509 ], [ -2.551749350446168, 51.454931522182996 ], [ -2.552749266930491, 51.454191525308062 ], [ -2.552929246518159, 51.453931527668303 ], [ -2.553059227884837, 51.453671530627567 ], [ -2.553029176029719, 51.452531548851205 ], [ -2.553569141287162, 51.45232154855757 ], [ -2.553749126618649, 51.452191549370774 ], [ -2.553789113901499, 51.451971553116501 ], [ -2.553799108281681, 51.451851555675837 ], [ -2.553319126483026, 51.451731559723093 ], [ -2.553099131241312, 51.451601562963134 ], [ -2.552369145027489, 51.451141574749684 ], [ -2.553549062800611, 51.450611577344397 ], [ -2.555778931931898, 51.450161573940399 ], [ -2.555888925973258, 51.450121574151957 ], [ -2.556248902055835, 51.449991575111234 ], [ -2.556828866642522, 51.449731575843941 ], [ -2.556968854386106, 51.449521578740175 ], [ -2.557018850282184, 51.449421580133993 ], [ -2.557058846836819, 51.449341581773943 ], [ -2.557198833569177, 51.449061585163676 ], [ -2.557218822539292, 51.448601592790993 ], [ -2.556658809163151, 51.447031619415931 ], [ -2.557588747370758, 51.446061629567041 ], [ -2.558398704845455, 51.445571632401368 ], [ -2.558588690727375, 51.445251636156335 ], [ -2.558708682465382, 51.445041639592198 ], [ -2.558958668566636, 51.444871640270833 ], [ -2.558828668544259, 51.44467164395347 ], [ -2.559018657624713, 51.444451646474946 ], [ -2.559588637219116, 51.444461642878196 ], [ -2.560068617629936, 51.444371641525713 ], [ -2.560648592951724, 51.444141641032331 ], [ -2.561078572106614, 51.443871642314356 ], [ -2.56123856373927, 51.443671644063436 ], [ -2.561368554643412, 51.443311649064 ], [ -2.5613185513463, 51.442991653968079 ], [ -2.561258551120095, 51.442861656379414 ], [ -2.561138552167416, 51.442641659257418 ], [ -2.561008554537122, 51.442441664394885 ], [ -2.560898555707583, 51.442321666305588 ], [ -2.56072855765094, 51.442111670701323 ], [ -2.560448562800475, 51.441881675871493 ], [ -2.560198567600883, 51.441671680090728 ], [ -2.560028579866189, 51.441521681690411 ], [ -2.559948586865825, 51.44144168251831 ], [ -2.559778607160206, 51.441111684811681 ], [ -2.559568634244057, 51.440711686656698 ], [ -2.559580552051915, 51.440537107779434 ] ] } },
{ "type": "Feature", "properties": { "OBJECTID": 216, "JOURNEY_LINK_ID": "197", "JOURNEY_LINK_DESCRIPTION": "Church Rd IB > M32 J2/Muller Rd WB", "JOURNEY_START": "Church Rd IB", "JOURNEY_START_DIRECTION_TYPE": "IB", "JOURNEY_END": "M32 J2/Muller Rd WB", "JOURNEY_END_DIRECTION_TYPE": "WB", "MINIMUM_PLATE_MATCHES": 1, "CANDIDATE_COUNT": 9, "KPI_PRIORITY_LINK": "No", "JOURNEY_START_DIRECTION_DESC": "Inbound", "JOURNEY_END_DIRECTION_DESC": "West bound", "SHAPESTLength": 3008.3393695313675 }, "geometry": { "type": "LineString", "coordinates": [ [ -2.545731059046337, 51.459974379638261 ], [ -2.545929680051994, 51.459961553967219 ], [ -2.546349670937608, 51.459891548001011 ], [ -2.546709666316601, 51.459801542307929 ], [ -2.54737965210851, 51.459631531624574 ], [ -2.548339632491762, 51.45945151680484 ], [ -2.54904961666607, 51.4594815049903 ], [ -2.549619604406589, 51.459541496246572 ], [ -2.550249586053239, 51.459621486539959 ], [ -2.550849558851488, 51.459661478830448 ], [ -2.55124954087112, 51.459981472578328 ], [ -2.551549529476298, 51.460101466823666 ], [ -2.552529488616455, 51.460541451879173 ], [ -2.553779449086716, 51.46181142502634 ], [ -2.554009443501236, 51.462121419898416 ], [ -2.553879450788028, 51.462351419619772 ], [ -2.553529470529496, 51.462761423045755 ], [ -2.552209527202305, 51.4633214435909 ], [ -2.551069574688991, 51.463811462770721 ], [ -2.550689592516166, 51.464541468356323 ], [ -2.550349607132689, 51.465211473323251 ], [ -2.550209617915105, 51.466381473606937 ], [ -2.550049606694592, 51.467281476401872 ], [ -2.549969601360762, 51.467471478546649 ], [ -2.549869592955475, 51.467711479496408 ], [ -2.549699562530997, 51.468701480196906 ], [ -2.54978955724874, 51.468891478190137 ], [ -2.550049545451563, 51.469261474817898 ], [ -2.550189535714119, 51.46943147211099 ], [ -2.550419521908902, 51.469671467244474 ], [ -2.55078950321988, 51.470011458614387 ], [ -2.551519466910375, 51.47059144199627 ], [ -2.551639462013894, 51.470711440104189 ], [ -2.551729450909214, 51.471031437722019 ], [ -2.551729444229997, 51.471281437524432 ], [ -2.551789435524329, 51.471531435754834 ], [ -2.551769411134808, 51.472441436314298 ], [ -2.55168939962071, 51.472901437551734 ], [ -2.551689395608262, 51.473091438130332 ], [ -2.552239379000321, 51.473271426480188 ], [ -2.553749334867434, 51.473931394210872 ], [ -2.554789311962116, 51.474061371964439 ], [ -2.555179305934592, 51.474061363875435 ], [ -2.556009292579835, 51.473951345529208 ], [ -2.556309288637511, 51.473831339834234 ], [ -2.556599282088744, 51.473951332873163 ], [ -2.557069270279396, 51.474111323133336 ], [ -2.557609258082926, 51.474281312112481 ], [ -2.557989249568496, 51.474401305053036 ], [ -2.55827924220412, 51.474481298389506 ], [ -2.558689233414446, 51.474591289256509 ], [ -2.559079226738863, 51.474691281508264 ], [ -2.559619216690167, 51.474801270140347 ], [ -2.560159208976308, 51.474671259326698 ], [ -2.560359205627776, 51.474551254349137 ], [ -2.560959195558089, 51.47453124223609 ], [ -2.561129192776681, 51.474631238283919 ], [ -2.561259190437381, 51.474741235531397 ], [ -2.56185917876584, 51.474821223099468 ], [ -2.562329170515953, 51.474821212976082 ], [ -2.562689164034155, 51.474981205935102 ], [ -2.562789161367995, 51.475031204718789 ], [ -2.563499145022566, 51.475201193046011 ], [ -2.563472369363289, 51.47523155989218 ] ] } },
{ "type": "Feature", "properties": { "OBJECTID": 217, "JOURNEY_LINK_ID": "225", "JOURNEY_LINK_DESCRIPTION": "Bath Rd/Kings Rd NB > Church Rd OB", "JOURNEY_START": "Bath Rd/Kings Rd NB", "JOURNEY_START_DIRECTION_TYPE": "NB", "JOURNEY_END": "Church Rd OB", "JOURNEY_END_DIRECTION_TYPE": "OB", "MINIMUM_PLATE_MATCHES": 1, "CANDIDATE_COUNT": 9, "KPI_PRIORITY_LINK": "Yes", "JOURNEY_START_DIRECTION_DESC": "North bound", "JOURNEY_END_DIRECTION_DESC": "Outbound", "SHAPESTLength": 4357.0510794064012 }, "geometry": { "type": "LineString", "coordinates": [ [ -2.559463248732986, 51.440576438292432 ], [ -2.559568634244057, 51.440711686656698 ], [ -2.559778607160206, 51.441111684811681 ], [ -2.560148580449682, 51.441451681459057 ], [ -2.560478560554059, 51.441731677542322 ], [ -2.5607985523541, 51.441971672284943 ], [ -2.561018550031585, 51.442201667110517 ], [ -2.561418545116854, 51.442821655936967 ], [ -2.561518550014842, 51.443351646799258 ], [ -2.561368559934186, 51.443741642555601 ], [ -2.560978579237184, 51.444101639538196 ], [ -2.560558597852111, 51.444321638946704 ], [ -2.560138617096275, 51.44449163893897 ], [ -2.559748634866368, 51.444661638152532 ], [ -2.559678640535116, 51.44484163706678 ], [ -2.559858638480225, 51.445121631060339 ], [ -2.560178632698917, 51.445531623007049 ], [ -2.560778617842744, 51.446081612047877 ], [ -2.560988614366075, 51.446381605910908 ], [ -2.560968620137094, 51.446691601526382 ], [ -2.561551787019777, 51.447491063679223 ], [ -2.562288584271292, 51.4484015701522 ], [ -2.563178644983101, 51.449074241479806 ], [ -2.564148262863196, 51.44964692660534 ], [ -2.566547274707436, 51.451107031358191 ], [ -2.567798469474511, 51.452011481753956 ], [ -2.569088309598489, 51.453245907587828 ], [ -2.569788541061857, 51.454071441657966 ], [ -2.570158572800403, 51.454861420672991 ], [ -2.570229736121537, 51.455874856553301 ], [ -2.570578640179007, 51.456501376535478 ], [ -2.57106866442284, 51.457221357592601 ], [ -2.571292419070842, 51.457746109974153 ], [ -2.571518700167822, 51.458181332581965 ], [ -2.572328699969919, 51.458541327754041 ], [ -2.572378703159817, 51.458701323413642 ], [ -2.572178712784456, 51.458931316565604 ], [ -2.571288739374125, 51.459351299502806 ], [ -2.570538751595772, 51.459301295977482 ], [ -2.56989874415538, 51.458751306589953 ], [ -2.569578743685383, 51.45858130894942 ], [ -2.56870158823183, 51.458336055009305 ], [ -2.566458776692435, 51.458061305905836 ], [ -2.564928844188673, 51.457941326229161 ], [ -2.563625680683165, 51.4578995658064 ], [ -2.562388965772113, 51.457881356937015 ], [ -2.561399017808417, 51.457951366861138 ], [ -2.560407814391011, 51.458150602938311 ], [ -2.557879260480725, 51.458670039067997 ], [ -2.555979311554132, 51.459051414671919 ], [ -2.553809419638455, 51.459451439596698 ], [ -2.552313743958404, 51.459557587133851 ], [ -2.550849558851488, 51.459661478830448 ], [ -2.548339632491762, 51.45945151680484 ], [ -2.54737965210851, 51.459631531624574 ], [ -2.546709666316601, 51.459801542307929 ], [ -2.546349670937608, 51.459891548001011 ], [ -2.545929680051994, 51.459961553967219 ], [ -2.545828339677767, 51.459916066035163 ] ] } },
{ "type": "Feature", "properties": { "OBJECTID": 218, "JOURNEY_LINK_ID": "233", "JOURNEY_LINK_DESCRIPTION": "Whiteladies Rd IB > St Michael's Hill IB", "JOURNEY_START": "Whiteladies Rd IB", "JOURNEY_START_DIRECTION_TYPE": "IB", "JOURNEY_END": "St Michael's Hill IB", "JOURNEY_END_DIRECTION_TYPE": "IB", "MINIMUM_PLATE_MATCHES": 1, "CANDIDATE_COUNT": 9, "KPI_PRIORITY_LINK": "No", "JOURNEY_START_DIRECTION_DESC": "Inbound", "JOURNEY_END_DIRECTION_DESC": "Inbound", "SHAPESTLength": 2165.0025253531926 }, "geometry": { "type": "LineString", "coordinates": [ [ -2.614953023084064, 51.470213680400576 ], [ -2.614777160562975, 51.4700712846046 ], [ -2.614307190434455, 51.469641288324077 ], [ -2.614127210199736, 51.469221294084491 ], [ -2.613287270478733, 51.468261302758798 ], [ -2.612587318593302, 51.467631306660039 ], [ -2.609026915339666, 51.468961258253593 ], [ -2.608238919696067, 51.4677680583343 ], [ -2.60756142696254, 51.466873596004753 ], [ -2.606560089841351, 51.465648223511224 ], [ -2.605293483528953, 51.464490734396456 ], [ -2.604620052865372, 51.463895563514043 ], [ -2.603969085604597, 51.462984318860116 ], [ -2.603647798021075, 51.462489369081879 ], [ -2.60343790553064, 51.462251423012461 ], [ -2.602877944474705, 51.461801436623055 ], [ -2.602507974688839, 51.461351451518929 ], [ -2.60220799524962, 51.461121459061019 ], [ -2.60173802569413, 51.460771468800871 ], [ -2.601478043440971, 51.460591473748877 ], [ -2.601158072131574, 51.460061492899648 ], [ -2.600558123528096, 51.459231520301877 ], [ -2.599618174988578, 51.458561539705883 ], [ -2.598988192435018, 51.457841561110264 ], [ -2.598168206856863, 51.457361570925215 ], [ -2.59790821056899, 51.457121576968575 ], [ -2.597931347250051, 51.457087196612704 ] ] } },
{ "type": "Feature", "properties": { "OBJECTID": 219, "JOURNEY_LINK_ID": "39", "JOURNEY_LINK_DESCRIPTION": "3 Lamps OB > Bath Rd/Kings Rd SB", "JOURNEY_START": "3 Lamps OB", "JOURNEY_START_DIRECTION_TYPE": "OB", "JOURNEY_END": "Bath Rd/Kings Rd SB", "JOURNEY_END_DIRECTION_TYPE": "SB", "MINIMUM_PLATE_MATCHES": 1, "CANDIDATE_COUNT": 9, "KPI_PRIORITY_LINK": "Yes", "JOURNEY_START_DIRECTION_DESC": "Outbound", "JOURNEY_END_DIRECTION_DESC": "South bound", "SHAPESTLength": 1773.1995089898423 }, "geometry": { "type": "LineString", "coordinates": [ [ -2.578641042219355, 51.444975498210027 ], [ -2.578928112659281, 51.445321667979634 ], [ -2.579408120311024, 51.445831670380159 ], [ -2.578928112659281, 51.445321667979634 ], [ -2.578708105145705, 51.444981668510451 ], [ -2.578468099496895, 51.444691667886708 ], [ -2.578298097553815, 51.444461667892774 ], [ -2.577858092970132, 51.444021666579452 ], [ -2.576818101785515, 51.443441664035717 ], [ -2.576418106849421, 51.443261662509691 ], [ -2.576138112046394, 51.443131662757956 ], [ -2.57572811660321, 51.442971661550878 ], [ -2.575108130325272, 51.442801659724964 ], [ -2.574828136796475, 51.442751658961321 ], [ -2.574158154360535, 51.442661657008856 ], [ -2.573888161117384, 51.442641656237839 ], [ -2.573368176545926, 51.442631653836422 ], [ -2.573068184675308, 51.442621652173877 ], [ -2.572638195763942, 51.44261165097199 ], [ -2.572288206808222, 51.442591649380994 ], [ -2.571868218614324, 51.442611647813187 ], [ -2.571568227193358, 51.442631646012572 ], [ -2.571188238896401, 51.442651644510605 ], [ -2.570648255641127, 51.44269164181803 ], [ -2.567878335061247, 51.442821628521081 ], [ -2.567378347785173, 51.44280162621412 ], [ -2.565888393764175, 51.442661630255266 ], [ -2.565158417706033, 51.442521636368767 ], [ -2.564538437832621, 51.442401642190177 ], [ -2.564268446791381, 51.442351644087317 ], [ -2.562358505563169, 51.442091659897173 ], [ -2.561478533042621, 51.442001667073136 ], [ -2.561208541604419, 51.442001668775852 ], [ -2.5607985523541, 51.441971672284943 ], [ -2.560448562800475, 51.441881675871493 ], [ -2.560198567600883, 51.441671680090728 ], [ -2.560028579866189, 51.441521681690411 ], [ -2.559948586865825, 51.44144168251831 ], [ -2.559778607160206, 51.441111684811681 ], [ -2.559568634244057, 51.440711686656698 ], [ -2.559556440845129, 51.440539233292732 ] ] } },
{ "type": "Feature", "properties": { "OBJECTID": 220, "JOURNEY_LINK_ID": "50", "JOURNEY_LINK_DESCRIPTION": "Old Market OB > Church Rd OB", "JOURNEY_START": "Old Market OB", "JOURNEY_START_DIRECTION_TYPE": "OB", "JOURNEY_END": "Church Rd OB", "JOURNEY_END_DIRECTION_TYPE": "OB", "MINIMUM_PLATE_MATCHES": 1, "CANDIDATE_COUNT": 9, "KPI_PRIORITY_LINK": "Yes", "JOURNEY_START_DIRECTION_DESC": "Outbound", "JOURNEY_END_DIRECTION_DESC": "Outbound", "SHAPESTLength": 2873.5369659417888 }, "geometry": { "type": "LineString", "coordinates": [ [ -2.580150145250265, 51.456352483889539 ], [ -2.579908510454133, 51.45648144621196 ], [ -2.580258516393434, 51.456791439053681 ], [ -2.580368519403772, 51.456921434855538 ], [ -2.580268538628834, 51.457351419596662 ], [ -2.5793785779014, 51.458091388655042 ], [ -2.578918593625002, 51.458351377148375 ], [ -2.577118634964544, 51.459071342151177 ], [ -2.576608647921039, 51.459251333383527 ], [ -2.576598642696607, 51.458981342259392 ], [ -2.576578632453578, 51.458491357261188 ], [ -2.57656861662753, 51.458001373123302 ], [ -2.576338613679287, 51.457861376074952 ], [ -2.575398630159982, 51.457911368335466 ], [ -2.574788645292989, 51.458051359408771 ], [ -2.574338654878489, 51.458151352948185 ], [ -2.574118660605496, 51.45820135015007 ], [ -2.573808671486045, 51.45831134430879 ], [ -2.572618702829854, 51.45881132262808 ], [ -2.572178712784456, 51.458931316565604 ], [ -2.571998718247075, 51.459021313004442 ], [ -2.571688727794018, 51.459171306677717 ], [ -2.571288739374125, 51.459351299502806 ], [ -2.570538751595772, 51.459301295977482 ], [ -2.570248747889478, 51.459071301040879 ], [ -2.56989874415538, 51.458751306589953 ], [ -2.569578743685383, 51.45858130894942 ], [ -2.568998745130804, 51.458371311048161 ], [ -2.567818756558482, 51.458231306661688 ], [ -2.567638758198523, 51.458201305835928 ], [ -2.567488759414326, 51.458181305331038 ], [ -2.566458776692435, 51.458061305905836 ], [ -2.565648813339543, 51.458011317056418 ], [ -2.565368825572484, 51.457981320527992 ], [ -2.564928844188673, 51.457941326229161 ], [ -2.564658857905072, 51.457931329978585 ], [ -2.564438868260039, 51.457921332910495 ], [ -2.564198878659635, 51.457911335305887 ], [ -2.562738949729487, 51.45788135291015 ], [ -2.562388965772113, 51.457881356937015 ], [ -2.561559009714359, 51.457931364828667 ], [ -2.561399017808417, 51.457951366861138 ], [ -2.559359136053869, 51.458361381514102 ], [ -2.558709170305063, 51.458501387063905 ], [ -2.556199300714884, 51.459011412271437 ], [ -2.554809371155047, 51.459271428092677 ], [ -2.553809419638455, 51.459451439596698 ], [ -2.550849558851488, 51.459661478830448 ], [ -2.548339632491762, 51.45945151680484 ], [ -2.54737965210851, 51.459631531624574 ], [ -2.546709666316601, 51.459801542307929 ], [ -2.546349670937608, 51.459891548001011 ], [ -2.545929680051994, 51.459961553967219 ], [ -2.545907323594431, 51.459982906819036 ] ] } },
{ "type": "Feature", "properties": { "OBJECTID": 221, "JOURNEY_LINK_ID": "64", "JOURNEY_LINK_DESCRIPTION": "Castle St EB > M32 OB", "JOURNEY_START": "Castle St EB", "JOURNEY_START_DIRECTION_TYPE": "EB", "JOURNEY_END": "M32 OB", "JOURNEY_END_DIRECTION_TYPE": "OB", "MINIMUM_PLATE_MATCHES": 1, "CANDIDATE_COUNT": 9, "KPI_PRIORITY_LINK": "Yes", "JOURNEY_START_DIRECTION_DESC": "East bound", "JOURNEY_END_DIRECTION_DESC": "Outbound", "SHAPESTLength": 656.173977311258 }, "geometry": { "type": "LineString", "coordinates": [ [ -2.584916985590923, 51.455561681399679 ], [ -2.584078426174711, 51.455751503937883 ], [ -2.5840584268916, 51.455781502897807 ], [ -2.584078432817708, 51.455951496563443 ], [ -2.584118436218704, 51.456061493225953 ], [ -2.584598455410037, 51.456921468242037 ], [ -2.584648461480446, 51.457121461965436 ], [ -2.584588477022973, 51.457581444480162 ], [ -2.583798521030299, 51.458671399011799 ], [ -2.583918522491225, 51.459261377706355 ], [ -2.584038520863782, 51.459551367714703 ], [ -2.584098522117101, 51.459791358695028 ], [ -2.58377852979998, 51.459901352075377 ], [ -2.583338543368438, 51.460101340527238 ], [ -2.582898552093865, 51.460291330847696 ], [ -2.582600264763149, 51.460401762098797 ] ] } },
{ "type": "Feature", "properties": { "OBJECTID": 222, "JOURNEY_LINK_ID": "71", "JOURNEY_LINK_DESCRIPTION": "Bond St WB > St Michael's Hill OB", "JOURNEY_START": "Bond St WB", "JOURNEY_START_DIRECTION_TYPE": "WB", "JOURNEY_END": "St Michael's Hill OB", "JOURNEY_END_DIRECTION_TYPE": "OB", "MINIMUM_PLATE_MATCHES": 1, "CANDIDATE_COUNT": 9, "KPI_PRIORITY_LINK": "Yes", "JOURNEY_START_DIRECTION_DESC": "West bound", "JOURNEY_END_DIRECTION_DESC": "Outbound", "SHAPESTLength": 1309.420691569248 }, "geometry": { "type": "LineString", "coordinates": [ [ -2.582383236811935, 51.460162123001815 ], [ -2.582548556532237, 51.460091336808617 ], [ -2.583328541006612, 51.459761353315571 ], [ -2.583628532056351, 51.4596713600898 ], [ -2.584038520863782, 51.459551367714703 ], [ -2.584418512085526, 51.459471374178371 ], [ -2.584868501027672, 51.45933138363668 ], [ -2.585718479665396, 51.459201395109176 ], [ -2.587178446270439, 51.45932140342164 ], [ -2.588058424633252, 51.459341409621359 ], [ -2.588668409826311, 51.459331415654034 ], [ -2.589238396997652, 51.459321420334369 ], [ -2.589728386496468, 51.459321425316972 ], [ -2.59002837955637, 51.459321427102516 ], [ -2.590308372924145, 51.45927143205067 ], [ -2.59035837226096, 51.459251433404809 ], [ -2.590668364891235, 51.459141440037037 ], [ -2.590978358498301, 51.459101444751511 ], [ -2.591308348518687, 51.459251441511377 ], [ -2.59133834900743, 51.459291439951514 ], [ -2.591358347242688, 51.459331438583625 ], [ -2.591748336452333, 51.459621430822232 ], [ -2.592998304938901, 51.459741436914463 ], [ -2.593588288733972, 51.459771440423218 ], [ -2.593928279360411, 51.459811442342122 ], [ -2.594278272468269, 51.459761446630843 ], [ -2.595368258197184, 51.459081482701414 ], [ -2.595468257680013, 51.459011486489558 ], [ -2.595808255122922, 51.458721500748993 ], [ -2.596508243400656, 51.457981534159003 ], [ -2.597558215717919, 51.4569315807327 ], [ -2.597788212997007, 51.457051578898572 ], [ -2.597912417466921, 51.456992376791824 ] ] } },
{ "type": "Feature", "properties": { "OBJECTID": 223, "JOURNEY_LINK_ID": "79", "JOURNEY_LINK_DESCRIPTION": "Bond St EB > Cattle Market Rd EB", "JOURNEY_START": "Bond St EB", "JOURNEY_START_DIRECTION_TYPE": "EB", "JOURNEY_END": "Cattle Market Rd EB", "JOURNEY_END_DIRECTION_TYPE": "EB", "MINIMUM_PLATE_MATCHES": 1, "CANDIDATE_COUNT": 9, "KPI_PRIORITY_LINK": "No", "JOURNEY_START_DIRECTION_DESC": "East bound", "JOURNEY_END_DIRECTION_DESC": "East bound", "SHAPESTLength": 1937.2797250053104 }, "geometry": { "type": "LineString", "coordinates": [ [ -2.586741572878982, 51.459374897885965 ], [ -2.585748478771184, 51.459291392088872 ], [ -2.584958499174981, 51.459431379359337 ], [ -2.584098522117101, 51.459791358695028 ], [ -2.58377852979998, 51.459901352075377 ], [ -2.583338543368438, 51.460101340527238 ], [ -2.582898552093865, 51.460291330847696 ], [ -2.582418560691111, 51.460201331998277 ], [ -2.582548556532237, 51.460091336808617 ], [ -2.583328541006612, 51.459761353315571 ], [ -2.583628532056351, 51.4596713600898 ], [ -2.5837685256529, 51.459421370774109 ], [ -2.583608525778782, 51.458731394851029 ], [ -2.583718521671039, 51.458481405284282 ], [ -2.583798517864655, 51.458371409760176 ], [ -2.58388851340733, 51.458271414584139 ], [ -2.58411850002872, 51.457991426703025 ], [ -2.584438471414813, 51.457321452348033 ], [ -2.584438470414158, 51.457271454417914 ], [ -2.584408462558598, 51.457031462578705 ], [ -2.584048449301088, 51.45640148108253 ], [ -2.58371843675513, 51.45592149470766 ], [ -2.583578430732215, 51.455641503077089 ], [ -2.583478422763843, 51.455381511362773 ], [ -2.583518393958462, 51.454521542302494 ], [ -2.583648380271613, 51.454191554758737 ], [ -2.583998346893211, 51.453301587784559 ], [ -2.584078335166195, 51.452991599975455 ], [ -2.584098330581201, 51.45286160416444 ], [ -2.584128326509688, 51.452771607678265 ], [ -2.584168321624404, 51.452641612689398 ], [ -2.584288304723489, 51.452161630714549 ], [ -2.584318299637871, 51.451991637215116 ], [ -2.58434829586408, 51.451861641716171 ], [ -2.584558271814659, 51.451151668384824 ], [ -2.584798247060296, 51.450451694518861 ], [ -2.584828242459679, 51.450351698088284 ], [ -2.584848237447031, 51.450161705240582 ], [ -2.584828230665124, 51.449951710761155 ], [ -2.584808224118368, 51.449831710536536 ], [ -2.584678205482267, 51.449451709742213 ], [ -2.584378181820223, 51.448931706764938 ], [ -2.583618168473131, 51.44853169983125 ], [ -2.583508165172997, 51.44847169844514 ], [ -2.583168162026988, 51.448311695129597 ], [ -2.582818157566457, 51.448121692116409 ], [ -2.582388152459166, 51.447861689283812 ], [ -2.582028159846409, 51.447911685305513 ], [ -2.581282232541858, 51.448150320297827 ] ] } },
{ "type": "Feature", "properties": { "OBJECTID": 224, "JOURNEY_LINK_ID": "95", "JOURNEY_LINK_DESCRIPTION": "Coronation Rd WB > Portway/Pumping Stn OB", "JOURNEY_START": "Coronation Rd WB", "JOURNEY_START_DIRECTION_TYPE": "WB", "JOURNEY_END": "Portway/Pumping Stn OB", "JOURNEY_END_DIRECTION_TYPE": "OB", "MINIMUM_PLATE_MATCHES": 1, "CANDIDATE_COUNT": 9, "KPI_PRIORITY_LINK": "No", "JOURNEY_START_DIRECTION_DESC": "West bound", "JOURNEY_END_DIRECTION_DESC": "Outbound", "SHAPESTLength": 4592.6530826685785 }, "geometry": { "type": "LineString", "coordinates": [ [ -2.592094455633235, 51.445596982089107 ], [ -2.592787898549323, 51.445651780428349 ], [ -2.594333405993993, 51.445661767290993 ], [ -2.595837847264606, 51.445531807477977 ], [ -2.597539979869959, 51.44542366755848 ], [ -2.598056165704461, 51.445401088039347 ], [ -2.598267800130566, 51.445391828872147 ], [ -2.599045538191822, 51.445489820877633 ], [ -2.599537795894041, 51.445551840537512 ], [ -2.601454329605018, 51.445889675045997 ], [ -2.602317796782403, 51.446041868777563 ], [ -2.60513777643523, 51.446301898382828 ], [ -2.610807904288832, 51.445899511192785 ], [ -2.614177609189891, 51.445571991488492 ], [ -2.61526693645166, 51.445188550675923 ], [ -2.615777561366388, 51.444932008754321 ], [ -2.616257539799445, 51.444552015595384 ], [ -2.61697752491996, 51.444392022382651 ], [ -2.618677511428034, 51.444362037762005 ], [ -2.619497504524261, 51.44432204668891 ], [ -2.620667493759516, 51.444332056330282 ], [ -2.622484094620615, 51.444422997399322 ], [ -2.623342126644135, 51.444361340522903 ], [ -2.623518938440788, 51.443926460139352 ], [ -2.623041524325276, 51.443757706765872 ], [ -2.622647475861993, 51.444022077684536 ], [ -2.623350886836089, 51.444963080764126 ], [ -2.624087467539854, 51.445692066186716 ], [ -2.624247464408477, 51.446132060689052 ], [ -2.624077466270391, 51.4465820541201 ], [ -2.623614717462792, 51.447185037156636 ], [ -2.623017496847679, 51.447952030199936 ], [ -2.622857502521557, 51.448162026592627 ], [ -2.622387521383208, 51.44880201718334 ], [ -2.622317525776593, 51.448892016424388 ], [ -2.622287529388878, 51.449202013103928 ], [ -2.622457525692264, 51.449412010151107 ], [ -2.623077504311849, 51.449672007387598 ], [ -2.623587485588571, 51.449772005921453 ], [ -2.623797477233511, 51.449822005165352 ], [ -2.624407450642152, 51.450032001841102 ], [ -2.624857418174822, 51.450391988829864 ], [ -2.625017403200476, 51.450601981086507 ], [ -2.625107391599641, 51.450761975732377 ], [ -2.625297369909581, 51.451091964442654 ], [ -2.625947303769153, 51.451991932899418 ], [ -2.626557235769776, 51.452961900270729 ], [ -2.626837188580708, 51.453731874620161 ], [ -2.626907176077974, 51.453971866324672 ], [ -2.627087108732111, 51.455261821625079 ], [ -2.627117105883795, 51.45531182096078 ], [ -2.627617057061656, 51.45592180160196 ], [ -2.628157013775505, 51.456351788165037 ], [ -2.629036949211023, 51.456921771818692 ], [ -2.62922693080404, 51.457121766731731 ], [ -2.629426913353234, 51.457311759767521 ], [ -2.629536902661093, 51.457441756184934 ], [ -2.62998683263238, 51.45852172255146 ], [ -2.629866815670133, 51.459111702132319 ], [ -2.629676775099313, 51.46033166035766 ], [ -2.629846732608316, 51.461211630400996 ], [ -2.630136225112788, 51.461851500417858 ] ] } },
{ "type": "Feature", "properties": { "OBJECTID": 225, "JOURNEY_LINK_ID": "98", "JOURNEY_LINK_DESCRIPTION": "Cattle Market Rd EB > Bath Rd/Kings Rd SB", "JOURNEY_START": "Cattle Market Rd EB", "JOURNEY_START_DIRECTION_TYPE": "EB", "JOURNEY_END": "Bath Rd/Kings Rd SB", "JOURNEY_END_DIRECTION_TYPE": "SB", "MINIMUM_PLATE_MATCHES": 1, "CANDIDATE_COUNT": 9, "KPI_PRIORITY_LINK": "No", "JOURNEY_START_DIRECTION_DESC": "East bound", "JOURNEY_END_DIRECTION_DESC": "South bound", "SHAPESTLength": 2339.0524112200337 }, "geometry": { "type": "LineString", "coordinates": [ [ -2.581199791425141, 51.448115444615262 ], [ -2.580288204173021, 51.448401669441097 ], [ -2.578008233307274, 51.448391649838328 ], [ -2.577138243545209, 51.44833164255261 ], [ -2.575548275863445, 51.448801624884041 ], [ -2.575398278670666, 51.448831623693827 ], [ -2.575598260616292, 51.448201630167631 ], [ -2.575748238028727, 51.447441635344646 ], [ -2.575828228133163, 51.447091638459419 ], [ -2.575868220073431, 51.446881640127295 ], [ -2.57594821034558, 51.446541641980367 ], [ -2.576108185178463, 51.445761647558335 ], [ -2.576168177984435, 51.445521648635882 ], [ -2.576278159447442, 51.444931653690823 ], [ -2.576078153825902, 51.444641654057207 ], [ -2.575198164971938, 51.444251650541247 ], [ -2.573078206807832, 51.443801642353776 ], [ -2.57314819900346, 51.44346164599628 ], [ -2.573248187651626, 51.443051650247405 ], [ -2.573318181776851, 51.442841652080354 ], [ -2.573368176545926, 51.442631653836422 ], [ -2.573068184675308, 51.442621652173877 ], [ -2.572638195763942, 51.44261165097199 ], [ -2.572288206808222, 51.442591649380994 ], [ -2.571868218614324, 51.442611647813187 ], [ -2.571568227193358, 51.442631646012572 ], [ -2.571188238896401, 51.442651644510605 ], [ -2.570648255641127, 51.44269164181803 ], [ -2.567878335061247, 51.442821628521081 ], [ -2.567378347785173, 51.44280162621412 ], [ -2.565888393764175, 51.442661630255266 ], [ -2.565158417706033, 51.442521636368767 ], [ -2.564538437832621, 51.442401642190177 ], [ -2.564268446791381, 51.442351644087317 ], [ -2.563838459480011, 51.442281648026253 ], [ -2.562688494888439, 51.442141657055153 ], [ -2.562358505563169, 51.442091659897173 ], [ -2.561478533042621, 51.442001667073136 ], [ -2.561208541604419, 51.442001668775852 ], [ -2.5607985523541, 51.441971672284943 ], [ -2.560448562800475, 51.441881675871493 ], [ -2.560198567600883, 51.441671680090728 ], [ -2.560028579866189, 51.441521681690411 ], [ -2.559948586865825, 51.44144168251831 ], [ -2.559778607160206, 51.441111684811681 ], [ -2.559568634244057, 51.440711686656698 ], [ -2.559448580443618, 51.440519459659164 ] ] } },
{ "type": "Feature", "properties": { "OBJECTID": 226, "JOURNEY_LINK_ID": "99", "JOURNEY_LINK_DESCRIPTION": "Victoria St NB > Queens Rd OB", "JOURNEY_START": "Victoria St NB", "JOURNEY_START_DIRECTION_TYPE": "NB", "JOURNEY_END": "Queens Rd OB", "JOURNEY_END_DIRECTION_TYPE": "OB", "MINIMUM_PLATE_MATCHES": 1, "CANDIDATE_COUNT": 9, "KPI_PRIORITY_LINK": "No", "JOURNEY_START_DIRECTION_DESC": "North bound", "JOURNEY_END_DIRECTION_DESC": "Outbound", "SHAPESTLength": 1738.1975538864076 }, "geometry": { "type": "LineString", "coordinates": [ [ -2.589646862380862, 51.452872340163907 ], [ -2.589988272375331, 51.453001653187179 ], [ -2.590588269788282, 51.453221650460669 ], [ -2.590768269897655, 51.453281650416763 ], [ -2.59106826947691, 51.453481645803514 ], [ -2.591108269202206, 51.45350164503548 ], [ -2.59161826826908, 51.453761641230578 ], [ -2.591738267751353, 51.453821640129604 ], [ -2.592238261046333, 51.453751646698528 ], [ -2.592518257316757, 51.453701651487989 ], [ -2.592718252431947, 51.453661654520829 ], [ -2.593278244785402, 51.453551663841345 ], [ -2.593558241331452, 51.453501667922112 ], [ -2.594238231767356, 51.453411676869749 ], [ -2.594748225149131, 51.453371682922352 ], [ -2.59608821038921, 51.453391694454353 ], [ -2.596758203659138, 51.453461697933562 ], [ -2.597138199017476, 51.453491701003543 ], [ -2.597408195348295, 51.453511702680295 ], [ -2.597708191767872, 51.453491706103648 ], [ -2.597798189235484, 51.45320171712433 ], [ -2.597848188004249, 51.452961725566588 ], [ -2.597938185339852, 51.452751733580669 ], [ -2.598228181094632, 51.452471746781811 ], [ -2.598358179916591, 51.452381751049508 ], [ -2.598708174630072, 51.452281757887633 ], [ -2.599208170971421, 51.4523217612522 ], [ -2.600078162861592, 51.452611758341803 ], [ -2.600978134823422, 51.453131747558672 ], [ -2.601138129293296, 51.453251745373223 ], [ -2.601268124814261, 51.453341742552084 ], [ -2.604188011805178, 51.455601683355688 ], [ -2.604388002337407, 51.455711680986134 ], [ -2.604458000397895, 51.455751679978249 ], [ -2.604647992332259, 51.45584167848795 ], [ -2.606047937435409, 51.456021683364554 ], [ -2.606187931577011, 51.45602168394889 ], [ -2.606987900929824, 51.45605168994414 ], [ -2.607677873337075, 51.45605169524061 ], [ -2.607727872003915, 51.456051695476184 ], [ -2.6080478577665, 51.456201691338677 ], [ -2.607927851315254, 51.456771670413808 ], [ -2.607927850008515, 51.456881665810904 ], [ -2.608007842636532, 51.457071659191691 ], [ -2.60857935842407, 51.457310087553019 ] ] } },
{ "type": "Feature", "properties": { "OBJECTID": 227, "JOURNEY_LINK_ID": "126", "JOURNEY_LINK_DESCRIPTION": "Avon St IB > 3 Lamps OB", "JOURNEY_START": "Avon St IB", "JOURNEY_START_DIRECTION_TYPE": "IB", "JOURNEY_END": "3 Lamps OB", "JOURNEY_END_DIRECTION_TYPE": "OB", "MINIMUM_PLATE_MATCHES": 1, "CANDIDATE_COUNT": 9, "KPI_PRIORITY_LINK": "No", "JOURNEY_START_DIRECTION_DESC": "Inbound", "JOURNEY_END_DIRECTION_DESC": "Outbound", "SHAPESTLength": 1189.8334297619865 }, "geometry": { "type": "LineString", "coordinates": [ [ -2.582796055711263, 51.452982893966912 ], [ -2.583258348945641, 51.453141587291455 ], [ -2.583568348097304, 51.453221587540639 ], [ -2.583998339269483, 51.453101595080881 ], [ -2.584078335166195, 51.452991599975455 ], [ -2.584098330581201, 51.45286160416444 ], [ -2.584128326509688, 51.452771607678265 ], [ -2.584168321624404, 51.452641612689398 ], [ -2.584288304723489, 51.452161630714549 ], [ -2.584318299637871, 51.451991637215116 ], [ -2.58434829586408, 51.451861641716171 ], [ -2.584558271814659, 51.451151668384824 ], [ -2.584798247060296, 51.450451694518861 ], [ -2.584828242459679, 51.450351698088284 ], [ -2.584848237447031, 51.450161705240582 ], [ -2.584828230665124, 51.449951710761155 ], [ -2.584808224118368, 51.449831710536536 ], [ -2.584678205482267, 51.449451709742213 ], [ -2.584378181820223, 51.448931706764938 ], [ -2.583618168473131, 51.44853169983125 ], [ -2.583508165172997, 51.44847169844514 ], [ -2.583168162026988, 51.448311695129597 ], [ -2.582818157566457, 51.448121692116409 ], [ -2.582148147492996, 51.447691687042585 ], [ -2.58186814223679, 51.447461684609458 ], [ -2.581708139184438, 51.447341683807409 ], [ -2.581538137337369, 51.447241682374781 ], [ -2.581278135974642, 51.447111681002113 ], [ -2.581018135910965, 51.446981679010527 ], [ -2.580738132945812, 51.446811676234582 ], [ -2.580558131452283, 51.446681675291586 ], [ -2.580428130331522, 51.446581674163319 ], [ -2.580178127091853, 51.446401673385878 ], [ -2.579898126323958, 51.446211671740116 ], [ -2.579698124921363, 51.446071670768994 ], [ -2.579408120311024, 51.445831670380159 ], [ -2.578928112659281, 51.445321667979634 ], [ -2.578708105145705, 51.444981668510451 ], [ -2.57855403484411, 51.444766885096264 ] ] } },
{ "type": "Feature", "properties": { "OBJECTID": 228, "JOURNEY_LINK_ID": "128", "JOURNEY_LINK_DESCRIPTION": "Avon St IB > Bedminster Parade OB", "JOURNEY_START": "Avon St IB", "JOURNEY_START_DIRECTION_TYPE": "IB", "JOURNEY_END": "Bedminster Parade OB", "JOURNEY_END_DIRECTION_TYPE": "OB", "MINIMUM_PLATE_MATCHES": 1, "CANDIDATE_COUNT": 9, "KPI_PRIORITY_LINK": "No", "JOURNEY_START_DIRECTION_DESC": "Inbound", "JOURNEY_END_DIRECTION_DESC": "Outbound", "SHAPESTLength": 1836.9361622787978 }, "geometry": { "type": "LineString", "coordinates": [ [ -2.582790493680887, 51.453055193571167 ], [ -2.583258348945641, 51.453141587291455 ], [ -2.583568348097304, 51.453221587540639 ], [ -2.583998339269483, 51.453101595080881 ], [ -2.584078335166195, 51.452991599975455 ], [ -2.584098330581201, 51.45286160416444 ], [ -2.584128326509688, 51.452771607678265 ], [ -2.584168321624404, 51.452641612689398 ], [ -2.584288304723489, 51.452161630714549 ], [ -2.584318299637871, 51.451991637215116 ], [ -2.58434829586408, 51.451861641716171 ], [ -2.584558271814659, 51.451151668384824 ], [ -2.584798247060296, 51.450451694518861 ], [ -2.584828242459679, 51.450351698088284 ], [ -2.584848237447031, 51.450161705240582 ], [ -2.584828230665124, 51.449951710761155 ], [ -2.584808224118368, 51.449831710536536 ], [ -2.584678205482267, 51.449451709742213 ], [ -2.584378181820223, 51.448931706764938 ], [ -2.583618168473131, 51.44853169983125 ], [ -2.583508165172997, 51.44847169844514 ], [ -2.583168162026988, 51.448311695129597 ], [ -2.582818157566457, 51.448121692116409 ], [ -2.582148147492996, 51.447691687042585 ], [ -2.58186814223679, 51.447461684609458 ], [ -2.581708139184438, 51.447341683807409 ], [ -2.58159813458244, 51.447181682782087 ], [ -2.581668128059793, 51.447051683347304 ], [ -2.582088120013927, 51.447051687012276 ], [ -2.58218812196726, 51.447111687477069 ], [ -2.582548126546521, 51.447351689786515 ], [ -2.582728125213105, 51.447361691371341 ], [ -2.583258106463207, 51.447151696456018 ], [ -2.585338025271227, 51.446041714846672 ], [ -2.586747982152142, 51.445591726368029 ], [ -2.587947957748666, 51.445461737292099 ], [ -2.588807947014345, 51.445511744991734 ], [ -2.590077941003871, 51.445691756126728 ], [ -2.590267940079729, 51.445731758330993 ], [ -2.590607931427658, 51.445681761376022 ], [ -2.59077791256354, 51.445421762428701 ], [ -2.591017901323216, 51.445281765188028 ], [ -2.59131789219686, 51.445201766975089 ], [ -2.591607879215517, 51.445081769586494 ], [ -2.591967866050902, 51.444971772121107 ], [ -2.592327859339358, 51.444931775657132 ], [ -2.592687840861013, 51.444771778608924 ], [ -2.593385365643545, 51.444082162003056 ] ] } },
{ "type": "Feature", "properties": { "OBJECTID": 229, "JOURNEY_LINK_ID": "133", "JOURNEY_LINK_DESCRIPTION": "Brislington P&R IB > Parson St Gyratory", "JOURNEY_START": "Brislington P&R IB", "JOURNEY_START_DIRECTION_TYPE": "IB", "JOURNEY_END": "Parson St Gyratory", "JOURNEY_END_DIRECTION_TYPE": "NA", "MINIMUM_PLATE_MATCHES": 1, "CANDIDATE_COUNT": 9, "KPI_PRIORITY_LINK": "No", "JOURNEY_START_DIRECTION_DESC": "Inbound", "JOURNEY_END_DIRECTION_DESC": "None", "SHAPESTLength": 6631.0372167620726 }, "geometry": { "type": "LineString", "coordinates": [ [ -2.534447518149521, 51.428379923490731 ], [ -2.53467943878963, 51.428502019768345 ], [ -2.53540942386564, 51.428702010877458 ], [ -2.535679419026911, 51.428762007859852 ], [ -2.536119411442772, 51.428872002887644 ], [ -2.536659400410906, 51.429001997238387 ], [ -2.53693939575719, 51.429071993932496 ], [ -2.537469387285889, 51.429161989543822 ], [ -2.538179374097134, 51.429311980921184 ], [ -2.538549368331473, 51.429381977253357 ], [ -2.538999361873046, 51.429471973300259 ], [ -2.539459353928252, 51.429551968564311 ], [ -2.540009345051792, 51.42965196384776 ], [ -2.540359339327124, 51.429721961010209 ], [ -2.541099325227242, 51.429901952249232 ], [ -2.541369320909117, 51.429961949426989 ], [ -2.541649315287565, 51.430031947297742 ], [ -2.541769312318015, 51.43006194579435 ], [ -2.542369303634891, 51.430161939983854 ], [ -2.542669298085737, 51.430231937352893 ], [ -2.543179286926933, 51.430391931512254 ], [ -2.543649272066133, 51.430611924206431 ], [ -2.543729269933882, 51.430641923441691 ], [ -2.544049264068495, 51.430741919285929 ], [ -2.544329254456446, 51.43087191582508 ], [ -2.544919229608798, 51.431281904057421 ], [ -2.54511921972489, 51.431461899618618 ], [ -2.54537920358289, 51.431771893114252 ], [ -2.545799203153077, 51.43171189160627 ], [ -2.546859202959261, 51.431541889486887 ], [ -2.547049203137806, 51.431501889366501 ], [ -2.547169204280405, 51.431451889189034 ], [ -2.547299200246758, 51.431521887565538 ], [ -2.547449195240184, 51.431581885295536 ], [ -2.547599191374688, 51.431631883920147 ], [ -2.548199184466256, 51.431671879610732 ], [ -2.548519183070273, 51.431661878706628 ], [ -2.549709177868163, 51.431531874469179 ], [ -2.551199193103307, 51.431041862040409 ], [ -2.552509217336005, 51.430441851092695 ], [ -2.552779221167221, 51.430341848493995 ], [ -2.55338922688574, 51.43017184147498 ], [ -2.555489233138979, 51.42992181231179 ], [ -2.555819230216782, 51.429941805414053 ], [ -2.556259227280802, 51.429971798573582 ], [ -2.556379228516775, 51.429971796437357 ], [ -2.557139232269721, 51.429851785938567 ], [ -2.559299253014823, 51.429411756056048 ], [ -2.56025927500738, 51.429081744519387 ], [ -2.5611492980849, 51.428721732073171 ], [ -2.561299301714011, 51.428651730226576 ], [ -2.561459307036796, 51.428591728745559 ], [ -2.562149326817118, 51.428301719588951 ], [ -2.562649342962834, 51.428091713460624 ], [ -2.5630293546775, 51.427921707774217 ], [ -2.563239361872922, 51.427831705513903 ], [ -2.563479368082723, 51.427751701881959 ], [ -2.563689373844426, 51.427681699216159 ], [ -2.563929380018295, 51.427611695327442 ], [ -2.563888256202513, 51.429079892594771 ], [ -2.563879243119717, 51.429401680320048 ], [ -2.56430917820317, 51.430231666321944 ], [ -2.564539145183251, 51.43066165981822 ], [ -2.564989030791702, 51.432091640894186 ], [ -2.565316917084363, 51.432767556736096 ], [ -2.565968903843329, 51.433641619250459 ], [ -2.566828819013211, 51.434661611682998 ], [ -2.567238770253462, 51.435061609299417 ], [ -2.569964236033124, 51.435231858708327 ], [ -2.575644840543117, 51.43559995935631 ], [ -2.579112156895527, 51.434432426039912 ], [ -2.580186815399272, 51.435136065108772 ], [ -2.580987248658797, 51.435823924823431 ], [ -2.582145157192576, 51.436484309224056 ], [ -2.583191802150321, 51.436774106014973 ], [ -2.583956375016309, 51.437031998277526 ], [ -2.584347811117877, 51.437491544007671 ], [ -2.586489072147345, 51.436789096649562 ], [ -2.588177599058841, 51.436431516157207 ], [ -2.590693299626503, 51.436398653874015 ], [ -2.593049920475067, 51.436221449504181 ], [ -2.597130163775349, 51.435608403640103 ], [ -2.599626883579615, 51.435491504515184 ], [ -2.600586809822092, 51.435091492592306 ], [ -2.602158968846484, 51.434148228640765 ], [ -2.604418700944965, 51.433021256728281 ], [ -2.60627657024513, 51.432211459236797 ], [ -2.606956554327442, 51.432081466844252 ], [ -2.607396540826528, 51.43205147149331 ], [ -2.610176455570752, 51.43171150509562 ], [ -2.61175639995273, 51.431541523737664 ], [ -2.611966393083835, 51.431471525582396 ], [ -2.612026833396201, 51.431512896598534 ] ] } },
{ "type": "Feature", "properties": { "OBJECTID": 230, "JOURNEY_LINK_ID": "137", "JOURNEY_LINK_DESCRIPTION": "Hotwell Rd IB > Queens Rd OB", "JOURNEY_START": "Hotwell Rd IB", "JOURNEY_START_DIRECTION_TYPE": "IB", "JOURNEY_END": "Queens Rd OB", "JOURNEY_END_DIRECTION_TYPE": "OB", "MINIMUM_PLATE_MATCHES": 1, "CANDIDATE_COUNT": 9, "KPI_PRIORITY_LINK": "Yes", "JOURNEY_START_DIRECTION_DESC": "Inbound", "JOURNEY_END_DIRECTION_DESC": "Outbound", "SHAPESTLength": 1273.0346638048409 }, "geometry": { "type": "LineString", "coordinates": [ [ -2.613604928429891, 51.449480842375699 ], [ -2.613577813435816, 51.449541977232315 ], [ -2.613227821047642, 51.449551972964777 ], [ -2.611187885779881, 51.449881954040713 ], [ -2.608977937261079, 51.450401919108614 ], [ -2.608647945181863, 51.45048191344506 ], [ -2.6082379524417, 51.450561906210204 ], [ -2.60816795287997, 51.450671901396476 ], [ -2.608047954123229, 51.450771896502509 ], [ -2.608027952221545, 51.450821894336528 ], [ -2.607967953967016, 51.450871891374696 ], [ -2.607937953261284, 51.45097188808888 ], [ -2.607887951484757, 51.45114188079404 ], [ -2.608077939117531, 51.451531868327223 ], [ -2.608427921965507, 51.451971855496474 ], [ -2.609717866848198, 51.452781835714617 ], [ -2.609917854363606, 51.453071825772142 ], [ -2.610027823570728, 51.454281781062882 ], [ -2.609847816985033, 51.454821758748366 ], [ -2.609397820246215, 51.455471730520422 ], [ -2.608697837576093, 51.455851710771817 ], [ -2.608247852775376, 51.456021700672174 ], [ -2.6080478577665, 51.456201691338677 ], [ -2.607927851315254, 51.456771670413808 ], [ -2.607927850008515, 51.456881665810904 ], [ -2.608007842636532, 51.457071659191691 ], [ -2.608449266715011, 51.457379645291461 ] ] } },
{ "type": "Feature", "properties": { "OBJECTID": 231, "JOURNEY_LINK_ID": "149", "JOURNEY_LINK_DESCRIPTION": "Queens Rd OB > Whiteladies Rd OB", "JOURNEY_START": "Queens Rd OB", "JOURNEY_START_DIRECTION_TYPE": "OB", "JOURNEY_END": "Whiteladies Rd OB", "JOURNEY_END_DIRECTION_TYPE": "OB", "MINIMUM_PLATE_MATCHES": 1, "CANDIDATE_COUNT": 9, "KPI_PRIORITY_LINK": "Yes", "JOURNEY_START_DIRECTION_DESC": "Outbound", "JOURNEY_END_DIRECTION_DESC": "Outbound", "SHAPESTLength": 1564.122026763434 }, "geometry": { "type": "LineString", "coordinates": [ [ -2.608548186061489, 51.457292561507963 ], [ -2.608497818821816, 51.457351652578801 ], [ -2.60884779979606, 51.457541647667931 ], [ -2.609107785768386, 51.457681644406968 ], [ -2.609097781479526, 51.45787163693474 ], [ -2.608907781326944, 51.458281619867414 ], [ -2.608827771870708, 51.458771600316595 ], [ -2.608767756397078, 51.459311579181737 ], [ -2.60871774775203, 51.459641565535868 ], [ -2.608697743992616, 51.459801559673203 ], [ -2.608597726382453, 51.460501531274858 ], [ -2.608547694480486, 51.461561489546355 ], [ -2.609137614716063, 51.463211429357393 ], [ -2.609817533397971, 51.464771374513411 ], [ -2.613287270478733, 51.468261302758798 ], [ -2.614127210199736, 51.469221294084491 ], [ -2.614417186325316, 51.469591289761517 ], [ -2.614777160562975, 51.4700712846046 ], [ -2.614804159601959, 51.470206036069733 ] ] } },
{ "type": "Feature", "properties": { "OBJECTID": 232, "JOURNEY_LINK_ID": "164", "JOURNEY_LINK_DESCRIPTION": "Anchor Rd IB > Victoria St SB", "JOURNEY_START": "Anchor Rd IB", "JOURNEY_START_DIRECTION_TYPE": "IB", "JOURNEY_END": "Victoria St SB", "JOURNEY_END_DIRECTION_TYPE": "SB", "MINIMUM_PLATE_MATCHES": 1, "CANDIDATE_COUNT": 9, "KPI_PRIORITY_LINK": "No", "JOURNEY_START_DIRECTION_DESC": "Inbound", "JOURNEY_END_DIRECTION_DESC": "South bound", "SHAPESTLength": 925.27793050484149 }, "geometry": { "type": "LineString", "coordinates": [ [ -2.598462684733308, 51.451920491610331 ], [ -2.598438176773667, 51.452111762235447 ], [ -2.598358179916591, 51.452381751049508 ], [ -2.598228181094632, 51.452471746781811 ], [ -2.597938185339852, 51.452751733580669 ], [ -2.59789818606511, 51.452821731077869 ], [ -2.597848188004249, 51.452961725566588 ], [ -2.597798189235484, 51.45320171712433 ], [ -2.597708191767872, 51.453491706103648 ], [ -2.597408195348295, 51.453511702680295 ], [ -2.597138199017476, 51.453491701003543 ], [ -2.596758203659138, 51.453461697933562 ], [ -2.59608821038921, 51.453391694454353 ], [ -2.594898223929788, 51.453371684508099 ], [ -2.594748225149131, 51.453371682922352 ], [ -2.594598226712129, 51.45338168111558 ], [ -2.594238231767356, 51.453411676869749 ], [ -2.592718252431947, 51.453661654520829 ], [ -2.591738267751353, 51.453821640129604 ], [ -2.59161826826908, 51.453761641230578 ], [ -2.591108269202206, 51.45350164503548 ], [ -2.59106826947691, 51.453481645803514 ], [ -2.589528275818774, 51.452911652786028 ], [ -2.589228274419586, 51.452761655154475 ], [ -2.589038274479333, 51.452651656643667 ], [ -2.588528272289779, 51.452391661110624 ], [ -2.589053229557158, 51.452577482151085 ] ] } },
{ "type": "Feature", "properties": { "OBJECTID": 233, "JOURNEY_LINK_ID": "181", "JOURNEY_LINK_DESCRIPTION": "Easton Way SB > Avon St WB", "JOURNEY_START": "Easton Way SB", "JOURNEY_START_DIRECTION_TYPE": "SB", "JOURNEY_END": "Avon St WB", "JOURNEY_END_DIRECTION_TYPE": "WB", "MINIMUM_PLATE_MATCHES": 1, "CANDIDATE_COUNT": 9, "KPI_PRIORITY_LINK": "No", "JOURNEY_START_DIRECTION_DESC": "South bound", "JOURNEY_END_DIRECTION_DESC": "West bound", "SHAPESTLength": 2001.9439205844981 }, "geometry": { "type": "LineString", "coordinates": [ [ -2.570591486274464, 51.462059148524105 ], [ -2.570442579534538, 51.461633793110899 ], [ -2.570408812284728, 51.461161246746187 ], [ -2.570548782210076, 51.460311270286162 ], [ -2.570628768540146, 51.459881281753162 ], [ -2.570538751595772, 51.459301295977482 ], [ -2.56989874415538, 51.458751306589953 ], [ -2.569898733211432, 51.458441314723252 ], [ -2.570678711696562, 51.458161327918937 ], [ -2.570873750667829, 51.457733711144215 ], [ -2.57090866972006, 51.457291355196276 ], [ -2.570458644483042, 51.456561373755953 ], [ -2.570238620582455, 51.456001387714316 ], [ -2.570042188830483, 51.45557576380785 ], [ -2.57000858000058, 51.454991416366646 ], [ -2.569858561773109, 51.454521428427903 ], [ -2.569598546625722, 51.454131437328527 ], [ -2.572665464192494, 51.453022035440583 ], [ -2.57408578685286, 51.452480097019375 ], [ -2.575680297937884, 51.451990301748083 ], [ -2.577178963204235, 51.451549154741471 ], [ -2.578138336374498, 51.451311601239269 ], [ -2.579252299116836, 51.451841744178012 ], [ -2.580257634456808, 51.452253401221512 ], [ -2.581398353519049, 51.452681585961251 ], [ -2.582818747793473, 51.453127264462893 ] ] } },
{ "type": "Feature", "properties": { "OBJECTID": 234, "JOURNEY_LINK_ID": "190", "JOURNEY_LINK_DESCRIPTION": "Fishponds Rd/Straits Pde WB > M32 IB", "JOURNEY_START": "Fishponds Rd/Straits Pde WB", "JOURNEY_START_DIRECTION_TYPE": "WB", "JOURNEY_END": "M32 IB", "JOURNEY_END_DIRECTION_TYPE": "IB", "MINIMUM_PLATE_MATCHES": 1, "CANDIDATE_COUNT": 9, "KPI_PRIORITY_LINK": "No", "JOURNEY_START_DIRECTION_DESC": "West bound", "JOURNEY_END_DIRECTION_DESC": "Inbound", "SHAPESTLength": 4951.053663033611 }, "geometry": { "type": "LineString", "coordinates": [ [ -2.526308812885364, 51.481713789078441 ], [ -2.526969235892933, 51.481591546017555 ], [ -2.527229234345648, 51.481561545340362 ], [ -2.527649233260908, 51.481511544732115 ], [ -2.528429230010104, 51.481181543861524 ], [ -2.528849226905101, 51.480681546301213 ], [ -2.530019225230893, 51.479881547884553 ], [ -2.530359226638565, 51.479741547839375 ], [ -2.53073922571365, 51.479601548356307 ], [ -2.531119225730058, 51.479481548650732 ], [ -2.532049229507782, 51.479181547346755 ], [ -2.532339229432198, 51.479091547811564 ], [ -2.533289232658496, 51.47877154711874 ], [ -2.533559234647886, 51.478671546754882 ], [ -2.533789235186139, 51.478581546688197 ], [ -2.535959247817144, 51.477661542335738 ], [ -2.536859255461349, 51.47729154032443 ], [ -2.537059255778052, 51.477211540283818 ], [ -2.537369259005355, 51.477081539140279 ], [ -2.537879263946752, 51.476901537371816 ], [ -2.53805926450715, 51.476831537001814 ], [ -2.53830926856222, 51.476721536097301 ], [ -2.53933927790609, 51.476311534049294 ], [ -2.539979285587914, 51.476101530524041 ], [ -2.540799291822322, 51.475891527255271 ], [ -2.54119929692316, 51.475811525937139 ], [ -2.541499299945632, 51.475741523769635 ], [ -2.541809302652962, 51.475661522734114 ], [ -2.542749311956021, 51.475441518201926 ], [ -2.54342932026511, 51.475291514245328 ], [ -2.543969325075139, 51.475171511940296 ], [ -2.544629333512067, 51.475011508875873 ], [ -2.546629367421488, 51.474391496932803 ], [ -2.547759386701692, 51.473991490328572 ], [ -2.548059392193186, 51.473891487658449 ], [ -2.54945941647409, 51.473411477178594 ], [ -2.549789420844089, 51.473321475158059 ], [ -2.550099422156104, 51.473241471987883 ], [ -2.550419417072806, 51.473171464813035 ], [ -2.550839412136777, 51.473111455846464 ], [ -2.551179406007247, 51.473091448652156 ], [ -2.551689395608262, 51.473091438130332 ], [ -2.552239379000321, 51.473271426480188 ], [ -2.553749334867434, 51.473931394210872 ], [ -2.554789311962116, 51.474061371964439 ], [ -2.555179305934592, 51.474061363875435 ], [ -2.556009292579835, 51.473951345529208 ], [ -2.556309288637511, 51.473831339834234 ], [ -2.556599282088744, 51.473951332873163 ], [ -2.557069270279396, 51.474111323133336 ], [ -2.557609258082926, 51.474281312112481 ], [ -2.557989249568496, 51.474401305053036 ], [ -2.55827924220412, 51.474481298389506 ], [ -2.558689233414446, 51.474591289256509 ], [ -2.559079226738863, 51.474691281508264 ], [ -2.559619216690167, 51.474801270140347 ], [ -2.560159208976308, 51.474671259326698 ], [ -2.560359205627776, 51.474551254349137 ], [ -2.560529204495186, 51.474421251197327 ], [ -2.560709202799882, 51.474271246061193 ], [ -2.560789203048134, 51.474191244508653 ], [ -2.560869203127868, 51.474081242503509 ], [ -2.561119202208413, 51.473691237158434 ], [ -2.561349201870763, 51.473341232200433 ], [ -2.562409190360217, 51.472201207804027 ], [ -2.563799165123009, 51.471301177157585 ], [ -2.564259154241364, 51.471021166736911 ], [ -2.565309131596521, 51.470371143753098 ], [ -2.565849118976502, 51.47003113071537 ], [ -2.566969088055403, 51.46935111156246 ], [ -2.567459072037571, 51.469081109404272 ], [ -2.567679064496928, 51.468961108278592 ], [ -2.567909058418059, 51.468831107530285 ], [ -2.568839027201953, 51.468411105809395 ], [ -2.569149018215695, 51.468291105595775 ], [ -2.571178957561331, 51.46767110240453 ], [ -2.573808881580605, 51.466751100205919 ], [ -2.575268817775566, 51.46571112710685 ], [ -2.576288770727071, 51.464861154200072 ], [ -2.576668753455452, 51.464541164659479 ], [ -2.577148734172497, 51.464151178143894 ], [ -2.577698710548663, 51.463671193935149 ], [ -2.579808633012402, 51.46187126112963 ], [ -2.579878629734392, 51.461811262992903 ], [ -2.580848600323858, 51.461081293091553 ], [ -2.5813585852511, 51.460761306117526 ], [ -2.582028570366549, 51.460411322666516 ], [ -2.582228564796059, 51.460301326956518 ], [ -2.582185587103003, 51.460358141389264 ] ] } },
{ "type": "Feature", "properties": { "OBJECTID": 235, "JOURNEY_LINK_ID": "200", "JOURNEY_LINK_DESCRIPTION": "Hartcliffe Way NB > Winterstoke Rd NB", "JOURNEY_START": "Hartcliffe Way NB", "JOURNEY_START_DIRECTION_TYPE": "NB", "JOURNEY_END": "Winterstoke Rd NB", "JOURNEY_END_DIRECTION_TYPE": "NB", "MINIMUM_PLATE_MATCHES": 1, "CANDIDATE_COUNT": 9, "KPI_PRIORITY_LINK": "No", "JOURNEY_START_DIRECTION_DESC": "North bound", "JOURNEY_END_DIRECTION_DESC": "North bound", "SHAPESTLength": 2424.3507413596926 }, "geometry": { "type": "LineString", "coordinates": [ [ -2.598344999566692, 51.417679446398516 ], [ -2.599038726600876, 51.418051454311581 ], [ -2.599438664386213, 51.418271449853926 ], [ -2.599768610835614, 51.418461446135055 ], [ -2.600018571134452, 51.418601443767464 ], [ -2.600618447454204, 51.418981442282032 ], [ -2.602748021225957, 51.420291440318913 ], [ -2.603937731565718, 51.421401428321225 ], [ -2.604097677593722, 51.421661423640273 ], [ -2.604397533581428, 51.422431407017669 ], [ -2.604487346882049, 51.423621377803485 ], [ -2.604457272559474, 51.424141363901249 ], [ -2.604427211394011, 51.42457135222638 ], [ -2.604387138128214, 51.425191342554378 ], [ -2.604347096581848, 51.425821350633186 ], [ -2.604307066702388, 51.426271355960523 ], [ -2.604216974986289, 51.427621372100091 ], [ -2.60435687914225, 51.428791388907875 ], [ -2.604946711601893, 51.430731422689163 ], [ -2.605106687873449, 51.431011427590427 ], [ -2.605306661148639, 51.431271434682117 ], [ -2.60554663452251, 51.431541440463732 ], [ -2.605656624226597, 51.431651443167347 ], [ -2.605806610438984, 51.431801447746523 ], [ -2.605986594137237, 51.431961452535411 ], [ -2.60627657024513, 51.432211459236797 ], [ -2.606956554327442, 51.432081466844252 ], [ -2.607396540826528, 51.43205147149331 ], [ -2.610176455570752, 51.43171150509562 ], [ -2.61175639995273, 51.431541523737664 ], [ -2.611926392135486, 51.431561525597679 ], [ -2.61199638986575, 51.431651528649347 ], [ -2.611746395355515, 51.431971529688276 ], [ -2.611536398990668, 51.432211529837424 ], [ -2.61083641331952, 51.43268152680951 ], [ -2.610586420132064, 51.432791524931318 ], [ -2.610436419654171, 51.432961525063398 ], [ -2.610426418770437, 51.433051526079623 ], [ -2.610439826133637, 51.433148321120612 ] ] } },
{ "type": "Feature", "properties": { "OBJECTID": 236, "JOURNEY_LINK_ID": "205", "JOURNEY_LINK_DESCRIPTION": "Hartcliffe Way SB > Brislington P&R OB", "JOURNEY_START": "Hartcliffe Way SB", "JOURNEY_START_DIRECTION_TYPE": "SB", "JOURNEY_END": "Brislington P&R OB", "JOURNEY_END_DIRECTION_TYPE": "OB", "MINIMUM_PLATE_MATCHES": 1, "CANDIDATE_COUNT": 9, "KPI_PRIORITY_LINK": "No", "JOURNEY_START_DIRECTION_DESC": "South bound", "JOURNEY_END_DIRECTION_DESC": "Outbound", "SHAPESTLength": 5297.5320354023497 }, "geometry": { "type": "LineString", "coordinates": [ [ -2.598309541210394, 51.417738593913036 ], [ -2.598278846010969, 51.417621461251528 ], [ -2.597748929710758, 51.417301467463894 ], [ -2.597538964088641, 51.417161470292996 ], [ -2.597299002417142, 51.41701147186653 ], [ -2.596879072926733, 51.416711476882448 ], [ -2.596329122670739, 51.416451480134377 ], [ -2.596179136373024, 51.416361481733851 ], [ -2.595639181830357, 51.415961488819384 ], [ -2.595349211255687, 51.415611495605624 ], [ -2.594909250734397, 51.415171503647571 ], [ -2.594479277032229, 51.415111503710477 ], [ -2.594259291058783, 51.415101502742594 ], [ -2.593109352800212, 51.415291492092223 ], [ -2.591399437256094, 51.416361460085369 ], [ -2.590609461223154, 51.416861446817123 ], [ -2.589259453574692, 51.417671430675803 ], [ -2.5886694564049, 51.418001425439897 ], [ -2.58827945834538, 51.418211421750328 ], [ -2.588099461263464, 51.418301419410788 ], [ -2.586459491197069, 51.419101407741536 ], [ -2.585439525581384, 51.41950140315614 ], [ -2.583679592395158, 51.42018139641349 ], [ -2.582229573298447, 51.420741415347955 ], [ -2.581829561035364, 51.420901422091205 ], [ -2.581319548405929, 51.421101430661366 ], [ -2.580889536380912, 51.421271438453346 ], [ -2.580619531184789, 51.421371442708249 ], [ -2.580409528181022, 51.421431446299657 ], [ -2.579389519354891, 51.421661464848178 ], [ -2.578929510394932, 51.421841472030593 ], [ -2.576719479339011, 51.422711506132991 ], [ -2.575309459735506, 51.423441526101563 ], [ -2.573899431227868, 51.424501541262863 ], [ -2.573329421126491, 51.425001546289522 ], [ -2.573049403306439, 51.42522155082667 ], [ -2.572929396958768, 51.425321552300368 ], [ -2.572769385855971, 51.425461555130397 ], [ -2.572219365016674, 51.425801563228234 ], [ -2.571899358899036, 51.425951567337982 ], [ -2.570519362949069, 51.426341589710574 ], [ -2.568039426868659, 51.426511631611724 ], [ -2.564779399444765, 51.427361682733078 ], [ -2.564479392045294, 51.427451687067645 ], [ -2.563929380018295, 51.427611695327442 ], [ -2.563689373844426, 51.427681699216159 ], [ -2.563479368082723, 51.427751701881959 ], [ -2.563239361872922, 51.427831705513903 ], [ -2.5630293546775, 51.427921707774217 ], [ -2.562649342962834, 51.428091713460624 ], [ -2.562149326817118, 51.428301719588951 ], [ -2.561459307036796, 51.428591728745559 ], [ -2.561299301714011, 51.428651730226576 ], [ -2.5611492980849, 51.428721732073171 ], [ -2.56025927500738, 51.429081744519387 ], [ -2.559299253014823, 51.429411756056048 ], [ -2.557139232269721, 51.429851785938567 ], [ -2.556779224958445, 51.429981790326899 ], [ -2.556439218200555, 51.430121794097758 ], [ -2.556309215950839, 51.430161795026677 ], [ -2.55618921930669, 51.430111797352211 ], [ -2.555789227541958, 51.429991805795765 ], [ -2.555489233138979, 51.42992181231179 ], [ -2.55338922688574, 51.43017184147498 ], [ -2.552779221167221, 51.430341848493995 ], [ -2.552509217336005, 51.430441851092695 ], [ -2.551199193103307, 51.431041862040409 ], [ -2.549709177868163, 51.431531874469179 ], [ -2.548519183070273, 51.431661878706628 ], [ -2.548199184466256, 51.431671879610732 ], [ -2.547599191374688, 51.431631883920147 ], [ -2.54725919508496, 51.431621886063475 ], [ -2.547139194864585, 51.431621886415968 ], [ -2.545829198865923, 51.431811890405854 ], [ -2.545479197572071, 51.431891889943742 ], [ -2.54537920358289, 51.431771893114252 ], [ -2.54511921972489, 51.431461899618618 ], [ -2.544919229608798, 51.431281904057421 ], [ -2.544329254456446, 51.43087191582508 ], [ -2.544049264068495, 51.430741919285929 ], [ -2.543729269933882, 51.430641923441691 ], [ -2.543649272066133, 51.430611924206431 ], [ -2.543149282605762, 51.43048192936736 ], [ -2.542859289419751, 51.430391933214302 ], [ -2.542629294201287, 51.430321935474254 ], [ -2.541769312318015, 51.43006194579435 ], [ -2.541649315287565, 51.430031947297742 ], [ -2.541369320909117, 51.429961949426989 ], [ -2.541099325227242, 51.429901952249232 ], [ -2.540359339327124, 51.429721961010209 ], [ -2.539459353928252, 51.429551968564311 ], [ -2.538999361873046, 51.429471973300259 ], [ -2.538549368331473, 51.429381977253357 ], [ -2.538179374097134, 51.429311980921184 ], [ -2.537469387285889, 51.429161989543822 ], [ -2.53693939575719, 51.429071993932496 ], [ -2.536659400410906, 51.429001997238387 ], [ -2.536119411442772, 51.428872002887644 ], [ -2.535679419026911, 51.428762007859852 ], [ -2.53540942386564, 51.428702010877458 ], [ -2.53467943878963, 51.428502019768345 ], [ -2.534499972398428, 51.428438171056634 ] ] } },
{ "type": "Feature", "properties": { "OBJECTID": 237, "JOURNEY_LINK_ID": "206", "JOURNEY_LINK_DESCRIPTION": "Bedminster Rd EB > Bedminster Parade NB", "JOURNEY_START": "Bedminster Rd EB", "JOURNEY_START_DIRECTION_TYPE": "EB", "JOURNEY_END": "Bedminster Parade NB", "JOURNEY_END_DIRECTION_TYPE": "NB", "MINIMUM_PLATE_MATCHES": 1, "CANDIDATE_COUNT": 9, "KPI_PRIORITY_LINK": "No", "JOURNEY_START_DIRECTION_DESC": "East bound", "JOURNEY_END_DIRECTION_DESC": "North bound", "SHAPESTLength": 1862.6781027861689 }, "geometry": { "type": "LineString", "coordinates": [ [ -2.606021625826243, 51.432430087651461 ], [ -2.605376573724986, 51.432601452594859 ], [ -2.603756565251076, 51.433311439889728 ], [ -2.603306595063823, 51.433531444749683 ], [ -2.602886625033497, 51.433741450949235 ], [ -2.602626645331241, 51.433871453964876 ], [ -2.600936780214706, 51.434871484642699 ], [ -2.600586809822092, 51.435091492592306 ], [ -2.599626883579615, 51.435491504515184 ], [ -2.598536961474327, 51.43563150984977 ], [ -2.597926999409973, 51.435661509393078 ], [ -2.597897011657204, 51.43578151565513 ], [ -2.598107011305157, 51.435911523122961 ], [ -2.598287017642589, 51.436101533961413 ], [ -2.598427027876182, 51.436301544682919 ], [ -2.598607037598308, 51.436541558329303 ], [ -2.59907705713382, 51.43702158471428 ], [ -2.599777062936351, 51.437451609956305 ], [ -2.600087078702986, 51.4377316280668 ], [ -2.599847098042809, 51.437841631700834 ], [ -2.599577120641491, 51.437961636506358 ], [ -2.599347141834111, 51.438071641048722 ], [ -2.59906717031209, 51.438231648152517 ], [ -2.598597216425608, 51.438521660974772 ], [ -2.598167271876857, 51.438971683071898 ], [ -2.598067288629988, 51.439101689133864 ], [ -2.597527349249955, 51.439581710122631 ], [ -2.597127386766945, 51.439871721232358 ], [ -2.596997398334513, 51.439971725956745 ], [ -2.59664743202758, 51.440251737835645 ], [ -2.596497445528806, 51.440371743306564 ], [ -2.596147476371254, 51.440641753966062 ], [ -2.595817500778152, 51.440831760934444 ], [ -2.595297541663431, 51.44122177602992 ], [ -2.595227571393272, 51.441621795495521 ], [ -2.595737609008436, 51.442301802858942 ], [ -2.595737616103665, 51.44239180248492 ], [ -2.594447715002921, 51.443391793149019 ], [ -2.59403774327335, 51.443691789311202 ], [ -2.593827758296568, 51.443841788407425 ], [ -2.593431644189172, 51.444053119667345 ] ] } },
{ "type": "Feature", "properties": { "OBJECTID": 238, "JOURNEY_LINK_ID": "212", "JOURNEY_LINK_DESCRIPTION": "Winterstoke Rd NB > Coronation Rd EB", "JOURNEY_START": "Winterstoke Rd NB", "JOURNEY_START_DIRECTION_TYPE": "NB", "JOURNEY_END": "Coronation Rd EB", "JOURNEY_END_DIRECTION_TYPE": "EB", "MINIMUM_PLATE_MATCHES": 1, "CANDIDATE_COUNT": 9, "KPI_PRIORITY_LINK": "Yes", "JOURNEY_START_DIRECTION_DESC": "North bound", "JOURNEY_END_DIRECTION_DESC": "East bound", "SHAPESTLength": 4169.1085345251086 }, "geometry": { "type": "LineString", "coordinates": [ [ -2.610343301720333, 51.433005703180946 ], [ -2.611416403087409, 51.433441548228011 ], [ -2.611619703988509, 51.433617378752956 ], [ -2.612186442031228, 51.433881580716388 ], [ -2.613416473196797, 51.434321618965946 ], [ -2.61431646788624, 51.43443163646289 ], [ -2.614526455751248, 51.434371635737619 ], [ -2.616726456803237, 51.434661681386999 ], [ -2.617426509766281, 51.434701709530444 ], [ -2.617676522008794, 51.434661717377303 ], [ -2.617766538331712, 51.434751724579641 ], [ -2.618436603486842, 51.434911757646574 ], [ -2.618696634320498, 51.435031772787134 ], [ -2.618996685964792, 51.435291793982493 ], [ -2.619416742289689, 51.435561820316721 ], [ -2.620206862158917, 51.436241873764303 ], [ -2.621317085218739, 51.437931965653512 ], [ -2.621517095370123, 51.437961972033534 ], [ -2.621547104205897, 51.438031975934614 ], [ -2.622637196989973, 51.438632021078973 ], [ -2.623277249198442, 51.439012046129641 ], [ -2.624567384717416, 51.440402105118565 ], [ -2.62498745173171, 51.441332131436099 ], [ -2.624677471522589, 51.441682133528779 ], [ -2.62428746869054, 51.441882125397413 ], [ -2.623457466678764, 51.442452106526602 ], [ -2.623057467091632, 51.442962094860746 ], [ -2.622577472746741, 51.443502083583724 ], [ -2.623518938440788, 51.443926460139352 ], [ -2.623342126644135, 51.444361340522903 ], [ -2.622078148208923, 51.444402677778541 ], [ -2.620667493759516, 51.444332056330282 ], [ -2.618677511428034, 51.444362037762005 ], [ -2.61697752491996, 51.444392022382651 ], [ -2.616257539799445, 51.444552015595384 ], [ -2.615777561366388, 51.444932008754321 ], [ -2.61526693645166, 51.445188550675923 ], [ -2.614177609189891, 51.445571991488492 ], [ -2.612179690238933, 51.445766191288897 ], [ -2.610179962638066, 51.445944088433897 ], [ -2.607748551252771, 51.44611665622331 ], [ -2.60513777643523, 51.446301898382828 ], [ -2.602994580131844, 51.44610428185873 ], [ -2.602317796782403, 51.446041868777563 ], [ -2.599977796794, 51.445631844258237 ], [ -2.599637796433972, 51.445571840728427 ], [ -2.599537795894041, 51.445551840537512 ], [ -2.598267800130566, 51.445391828872147 ], [ -2.596667830477954, 51.445461814609068 ], [ -2.595837847264606, 51.445531807477977 ], [ -2.595457858163481, 51.445601803984559 ], [ -2.593957885306937, 51.445681791005057 ], [ -2.592887900258384, 51.445681781549993 ], [ -2.592787898549323, 51.445651780428349 ], [ -2.592107903882088, 51.445561774485448 ], [ -2.591982877141795, 51.44549412253599 ] ] } },
{ "type": "Feature", "properties": { "OBJECTID": 239, "JOURNEY_LINK_ID": "230", "JOURNEY_LINK_DESCRIPTION": "Bath Rd/Kings Rd SB > Brislington P&R OB", "JOURNEY_START": "Bath Rd/Kings Rd SB", "JOURNEY_START_DIRECTION_TYPE": "SB", "JOURNEY_END": "Brislington P&R OB", "JOURNEY_END_DIRECTION_TYPE": "OB", "MINIMUM_PLATE_MATCHES": 1, "CANDIDATE_COUNT": 9, "KPI_PRIORITY_LINK": "Yes", "JOURNEY_START_DIRECTION_DESC": "South bound", "JOURNEY_END_DIRECTION_DESC": "Outbound", "SHAPESTLength": 2399.839300087287 }, "geometry": { "type": "LineString", "coordinates": [ [ -2.559408676198184, 51.440574186191732 ], [ -2.559358656395444, 51.440341689549527 ], [ -2.559258667717531, 51.440171691141359 ], [ -2.559148680028007, 51.439991692044934 ], [ -2.558998694348544, 51.43977169499982 ], [ -2.557758794615558, 51.438191711102711 ], [ -2.557368818437726, 51.437881716549192 ], [ -2.5571488290843, 51.437701719886519 ], [ -2.556788849852518, 51.437401725065648 ], [ -2.556608860025457, 51.437251727143504 ], [ -2.556508863727614, 51.437181729429057 ], [ -2.555818897753605, 51.436691740167412 ], [ -2.555638904245508, 51.436571742209026 ], [ -2.55531891650157, 51.436421746779381 ], [ -2.555088925352287, 51.436321749807171 ], [ -2.554688940011681, 51.436131755799991 ], [ -2.554378947387591, 51.436051760359831 ], [ -2.55415895441562, 51.435971763038779 ], [ -2.553548971749857, 51.435771771729499 ], [ -2.553008987433478, 51.435531780412639 ], [ -2.552688998511593, 51.435301786344617 ], [ -2.55252901325573, 51.434931790877734 ], [ -2.552539018033398, 51.43478179287689 ], [ -2.552549029736198, 51.434421796055645 ], [ -2.552519032845261, 51.434251797831564 ], [ -2.552369040454703, 51.434091801346682 ], [ -2.552069046937087, 51.434021805527514 ], [ -2.551559053086457, 51.433981812779415 ], [ -2.549759072541364, 51.434101834416424 ], [ -2.548879084790835, 51.434131838319672 ], [ -2.548789085678174, 51.434121838791881 ], [ -2.548539088721493, 51.43411184015946 ], [ -2.548179094688785, 51.434041843212619 ], [ -2.547529106856033, 51.433641849898009 ], [ -2.547269113302904, 51.433381854315812 ], [ -2.546239154858808, 51.432641872598879 ], [ -2.545619190189109, 51.43203188732307 ], [ -2.545479197572071, 51.431891889943742 ], [ -2.54537920358289, 51.431771893114252 ], [ -2.54511921972489, 51.431461899618618 ], [ -2.544919229608798, 51.431281904057421 ], [ -2.544329254456446, 51.43087191582508 ], [ -2.544049264068495, 51.430741919285929 ], [ -2.543729269933882, 51.430641923441691 ], [ -2.543649272066133, 51.430611924206431 ], [ -2.543149282605762, 51.43048192936736 ], [ -2.542859289419751, 51.430391933214302 ], [ -2.542629294201287, 51.430321935474254 ], [ -2.541769312318015, 51.43006194579435 ], [ -2.541649315287565, 51.430031947297742 ], [ -2.541369320909117, 51.429961949426989 ], [ -2.541099325227242, 51.429901952249232 ], [ -2.540359339327124, 51.429721961010209 ], [ -2.539459353928252, 51.429551968564311 ], [ -2.538999361873046, 51.429471973300259 ], [ -2.538549368331473, 51.429381977253357 ], [ -2.538179374097134, 51.429311980921184 ], [ -2.537469387285889, 51.429161989543822 ], [ -2.53693939575719, 51.429071993932496 ], [ -2.536659400410906, 51.429001997238387 ], [ -2.536119411442772, 51.428872002887644 ], [ -2.535679419026911, 51.428762007859852 ], [ -2.53540942386564, 51.428702010877458 ], [ -2.53467943878963, 51.428502019768345 ], [ -2.534404740033728, 51.428374594729185 ] ] } },
{ "type": "Feature", "properties": { "OBJECTID": 240, "JOURNEY_LINK_ID": "235", "JOURNEY_LINK_DESCRIPTION": "Fishponds Rd/Coombe Rd EB > M32 IB", "JOURNEY_START": "Fishponds Rd/Coombe Rd EB", "JOURNEY_START_DIRECTION_TYPE": "EB", "JOURNEY_END": "M32 IB", "JOURNEY_END_DIRECTION_TYPE": "IB", "MINIMUM_PLATE_MATCHES": 1, "CANDIDATE_COUNT": 9, "KPI_PRIORITY_LINK": "No", "JOURNEY_START_DIRECTION_DESC": "East bound", "JOURNEY_END_DIRECTION_DESC": "Inbound", "SHAPESTLength": 2746.8572046734826 }, "geometry": { "type": "LineString", "coordinates": [ [ -2.558455891332364, 51.472775433141834 ], [ -2.558039271998311, 51.472911302631765 ], [ -2.557669275965878, 51.473121310208732 ], [ -2.55752927811411, 51.473201313333711 ], [ -2.557309280937379, 51.473321318306581 ], [ -2.557029282803373, 51.473471324021233 ], [ -2.556569288024368, 51.473701334141673 ], [ -2.556309288637511, 51.473831339834234 ], [ -2.556599282088744, 51.473951332873163 ], [ -2.557069270279396, 51.474111323133336 ], [ -2.557609258082926, 51.474281312112481 ], [ -2.557989249568496, 51.474401305053036 ], [ -2.55827924220412, 51.474481298389506 ], [ -2.558689233414446, 51.474591289256509 ], [ -2.559079226738863, 51.474691281508264 ], [ -2.559619216690167, 51.474801270140347 ], [ -2.560159208976308, 51.474671259326698 ], [ -2.560359205627776, 51.474551254349137 ], [ -2.560529204495186, 51.474421251197327 ], [ -2.560709202799882, 51.474271246061193 ], [ -2.560789203048134, 51.474191244508653 ], [ -2.560869203127868, 51.474081242503509 ], [ -2.561119202208413, 51.473691237158434 ], [ -2.561349201870763, 51.473341232200433 ], [ -2.562409190360217, 51.472201207804027 ], [ -2.563799165123009, 51.471301177157585 ], [ -2.564259154241364, 51.471021166736911 ], [ -2.565309131596521, 51.470371143753098 ], [ -2.565849118976502, 51.47003113071537 ], [ -2.566969088055403, 51.46935111156246 ], [ -2.567459072037571, 51.469081109404272 ], [ -2.567679064496928, 51.468961108278592 ], [ -2.567909058418059, 51.468831107530285 ], [ -2.568839027201953, 51.468411105809395 ], [ -2.569149018215695, 51.468291105595775 ], [ -2.571178957561331, 51.46767110240453 ], [ -2.573808881580605, 51.466751100205919 ], [ -2.575268817775566, 51.46571112710685 ], [ -2.576288770727071, 51.464861154200072 ], [ -2.576668753455452, 51.464541164659479 ], [ -2.577148734172497, 51.464151178143894 ], [ -2.577698710548663, 51.463671193935149 ], [ -2.579808633012402, 51.46187126112963 ], [ -2.579878629734392, 51.461811262992903 ], [ -2.580848600323858, 51.461081293091553 ], [ -2.5813585852511, 51.460761306117526 ], [ -2.582028570366549, 51.460411322666516 ], [ -2.582228564796059, 51.460301326956518 ], [ -2.582131983151194, 51.460251623202261 ] ] } }
]
}
