SITE_ID,DATE_TIME,traffic_nox_index
203,2023-01-01 00:00:00+00:00,0.19049336750101148
203,2023-01-01 01:00:00+00:00,0.20652152993664571
203,2023-01-01 02:00:00+00:00,0.22748931017336002
203,2023-01-01 03:00:00+00:00,0.22134302617077786
203,2023-01-01 04:00:00+00:00,0.12277847482513038
203,2023-01-01 05:00:00+00:00,0.10649138674342688
203,2023-01-01 06:00:00+00:00,0.0753554463571111
203,2023-01-01 07:00:00+00:00,0.12333725275407041
203,2023-01-01 08:00:00+00:00,0.18484819321302826
203,2023-01-01 09:00:00+00:00,0.17568864259983624
203,2023-01-01 10:00:00+00:00,0.21581359612515874
203,2023-01-01 11:00:00+00:00,0.5277233779428665
203,2023-01-01 12:00:00+00:00,0.7555302929844081
203,2023-01-01 13:00:00+00:00,0.743223357134459
203,2023-01-01 14:00:00+00:00,0.8043836390627173
203,2023-01-01 15:00:00+00:00,1.155711574852671
203,2023-01-01 16:00:00+00:00,0.6687622453785281
203,2023-01-01 17:00:00+00:00,0.19584156495218777
203,2023-01-01 18:00:00+00:00,2.8263743067403353
203,2023-01-01 19:00:00+00:00,2.1527985170651878
203,2023-01-01 20:00:00+00:00,1.0642094600635243
203,2023-01-01 21:00:00+00:00,0.8002487453587487
203,2023-01-01 22:00:00+00:00,0.41113879551820737
203,2023-01-01 23:00:00+00:00,0.1756998744626904
203,2023-01-02 00:00:00+00:00,0.17407612442520487
203,2023-01-02 01:00:00+00:00,0.06587500844696888
203,2023-01-02 02:00:00+00:00,0.026912390862518662
203,2023-01-02 03:00:00+00:00,0.011098057404736033
203,2023-01-02 04:00:00+00:00,0.005964011288646532
203,2023-01-02 05:00:00+00:00,0.005858639714031853
203,2023-01-02 06:00:00+00:00,0.061321468815075
203,2023-01-02 07:00:00+00:00,0.052718924495867854
203,2023-01-02 08:00:00+00:00,0.07698337647663339
203,2023-01-02 09:00:00+00:00,0.11320444643480151
203,2023-01-02 10:00:00+00:00,0.22505098015663685
203,2023-01-02 11:00:00+00:00,0.5134123045932351
203,2023-01-02 12:00:00+00:00,0.596561368402774
203,2023-01-02 13:00:00+00:00,0.5902692591446816
203,2023-01-02 14:00:00+00:00,0.3322523691494036
203,2023-01-02 15:00:00+00:00,0.3520324824557195
203,2023-01-02 16:00:00+00:00,0.3857910314628978
203,2023-01-02 17:00:00+00:00,0.9243561237685669
203,2023-01-02 18:00:00+00:00,0.7044003102914975
203,2023-01-02 19:00:00+00:00,0.8207938773967435
203,2023-01-02 20:00:00+00:00,4.019842866718663e-05
203,2023-01-02 21:00:00+00:00,2.337684291587847e-09
203,2023-01-02 22:00:00+00:00,5.072570104402754e-11
203,2023-01-02 23:00:00+00:00,0.00024426461163916266
203,2023-01-03 00:00:00+00:00,1.2735049249310202e-05
203,2023-01-03 01:00:00+00:00,7.810515412535755e-05
203,2023-01-03 02:00:00+00:00,3.444259952954926e-05
203,2023-01-03 03:00:00+00:00,3.426093849447101e-05
203,2023-01-03 04:00:00+00:00,6.856745107585974e-06
203,2023-01-03 05:00:00+00:00,0.0017440252230405085
203,2023-01-03 06:00:00+00:00,9.797927073660896e-06
203,2023-01-03 07:00:00+00:00,0.01806690868690991
203,2023-01-03 08:00:00+00:00,2.190097554518569
203,2023-01-03 09:00:00+00:00,1.2513031336371867
203,2023-01-03 10:00:00+00:00,1.019466601943767
203,2023-01-03 11:00:00+00:00,0.662624211099685
203,2023-01-03 12:00:00+00:00,0.6915988979349277
203,2023-01-03 13:00:00+00:00,1.0303537672740473
203,2023-01-03 14:00:00+00:00,0.934878801520143
203,2023-01-03 15:00:00+00:00,1.0934496389346204
203,2023-01-03 16:00:00+00:00,1.2035954344978126
203,2023-01-03 17:00:00+00:00,0.9666567947809641
203,2023-01-03 18:00:00+00:00,0.6125312609241765
203,2023-01-03 19:00:00+00:00,0.5855041719317097
203,2023-01-03 20:00:00+00:00,0.5116196624954487
203,2023-01-03 21:00:00+00:00,0.23395134708762425
203,2023-01-03 22:00:00+00:00,0.31859612541294086
203,2023-01-03 23:00:00+00:00,0.2774203714125429
203,2023-01-04 00:00:00+00:00,0.054574774376933394
203,2023-01-04 01:00:00+00:00,0.06901699564631897
203,2023-01-04 02:00:00+00:00,0.03809198316692001
203,2023-01-04 03:00:00+00:00,0.03803005978135986
203,2023-01-04 04:00:00+00:00,0.025817495436943748
203,2023-01-04 05:00:00+00:00,0.0136198052187085
203,2023-01-04 06:00:00+00:00,0.06840425169954205
203,2023-01-04 07:00:00+00:00,0.14046001144320258
203,2023-01-04 08:00:00+00:00,0.4253885712511097
203,2023-01-04 09:00:00+00:00,0.36088863679081945
203,2023-01-04 10:00:00+00:00,0.3589061789834746
203,2023-01-04 11:00:00+00:00,0.2915630352330429
203,2023-01-04 12:00:00+00:00,0.2712152747181959
203,2023-01-04 13:00:00+00:00,0.2635278369905681
203,2023-01-04 14:00:00+00:00,0.24943662888827808
203,2023-01-04 15:00:00+00:00,0.273006656729227
203,2023-01-04 16:00:00+00:00,0.28917986449307076
203,2023-01-04 17:00:00+00:00,0.3072965865854882
203,2023-01-04 18:00:00+00:00,0.3531034780077535
203,2023-01-04 19:00:00+00:00,0.312589752104373
203,2023-01-04 20:00:00+00:00,0.20815241268630974
203,2023-01-04 21:00:00+00:00,0.17916080427671127
203,2023-01-04 22:00:00+00:00,0.14374813691034646
203,2023-01-04 23:00:00+00:00,0.12016470365717515
203,2023-01-05 00:00:00+00:00,0.044289589784300795
203,2023-01-05 01:00:00+00:00,0.02826926564264811
203,2023-01-05 02:00:00+00:00,0.01669043685028996
203,2023-01-05 03:00:00+00:00,0.008482939683954223
203,2023-01-05 04:00:00+00:00,0.010079545409081524
203,2023-01-05 05:00:00+00:00,0.014477323388912553
203,2023-01-05 06:00:00+00:00,0.07483823790697151
203,2023-01-05 07:00:00+00:00,0.5537149942504785
203,2023-01-05 08:00:00+00:00,0.4890317066188446
203,2023-01-05 09:00:00+00:00,0.43424574345495853
203,2023-01-05 10:00:00+00:00,0.944237243640715
203,2023-01-05 11:00:00+00:00,0.7228950400655749
203,2023-01-05 12:00:00+00:00,0.7085499366833246
203,2023-01-05 13:00:00+00:00,0.37784187675415515
203,2023-01-05 14:00:00+00:00,0.7113466893717305
203,2023-01-05 15:00:00+00:00,0.9019430743940016
203,2023-01-05 16:00:00+00:00,0.8387265293177647
203,2023-01-05 17:00:00+00:00,0.6044913038609371
203,2023-01-05 18:00:00+00:00,0.5645675548101042
203,2023-01-05 19:00:00+00:00,0.8182677601731768
203,2023-01-05 20:00:00+00:00,0.6919525050907129
203,2023-01-05 21:00:00+00:00,0.5330423737378541
203,2023-01-05 22:00:00+00:00,0.368634537806623
203,2023-01-05 23:00:00+00:00,0.3108441534444443
203,2023-01-06 00:00:00+00:00,0.08059336379736262
203,2023-01-06 01:00:00+00:00,0.016096190943630264
203,2023-01-06 02:00:00+00:00,0.007716681895798545
203,2023-01-06 03:00:00+00:00,0.0067876608049152
203,2023-01-06 04:00:00+00:00,0.005858639714031853
203,2023-01-06 05:00:00+00:00,0.025234895635132235
203,2023-01-06 06:00:00+00:00,0.07472996375237588
203,2023-01-06 07:00:00+00:00,0.43391611764064325
203,2023-01-06 08:00:00+00:00,0.9794515524786105
203,2023-01-06 09:00:00+00:00,1.0949718881268828
203,2023-01-06 10:00:00+00:00,2.703237410733417
203,2023-01-06 11:00:00+00:00,1.1144042798144391
203,2023-01-06 12:00:00+00:00,1.0035079056742446
203,2023-01-06 13:00:00+00:00,1.1123483918243122
203,2023-01-06 14:00:00+00:00,0.7416209702245895
203,2023-01-06 15:00:00+00:00,0.995677400076534
203,2023-01-06 16:00:00+00:00,0.925150563264404
203,2023-01-06 17:00:00+00:00,1.2915326624679184
203,2023-01-06 18:00:00+00:00,2.652059719214537
203,2023-01-06 19:00:00+00:00,0.7545374386121542
203,2023-01-06 20:00:00+00:00,0.6063006323566681
203,2023-01-06 21:00:00+00:00,0.506456843743108
203,2023-01-06 22:00:00+00:00,0.5732267196030987
203,2023-01-06 23:00:00+00:00,0.4093680080737888
203,2023-01-07 00:00:00+00:00,0.3079794978659348
203,2023-01-07 01:00:00+00:00,0.16821854918245366
203,2023-01-07 02:00:00+00:00,0.09292806428894024
203,2023-01-07 03:00:00+00:00,0.1667341138819868
203,2023-01-07 04:00:00+00:00,0.12294248603844626
203,2023-01-07 05:00:00+00:00,0.141237578381802
203,2023-01-07 06:00:00+00:00,0.19163950278476355
203,2023-01-07 07:00:00+00:00,0.6705291476114257
203,2023-01-07 08:00:00+00:00,1.0178133932564917
203,2023-01-07 09:00:00+00:00,0.6394966471463036
203,2023-01-07 10:00:00+00:00,0.8227600899882275
203,2023-01-07 11:00:00+00:00,0.7845602221814885
203,2023-01-07 12:00:00+00:00,0.4098058794583111
203,2023-01-07 13:00:00+00:00,0.7383918511833482
203,2023-01-07 14:00:00+00:00,0.8430038304580904
203,2023-01-07 15:00:00+00:00,0.7316810577938491
203,2023-01-07 16:00:00+00:00,0.8119869800889207
203,2023-01-07 17:00:00+00:00,0.38884838289421664
203,2023-01-07 18:00:00+00:00,0.39047829412202206
203,2023-01-07 19:00:00+00:00,0.7167479334542519
203,2023-01-07 20:00:00+00:00,0.6474344231185384
203,2023-01-07 21:00:00+00:00,0.4152403835341132
203,2023-01-07 22:00:00+00:00,0.5029823223004194
203,2023-01-07 23:00:00+00:00,0.4583488775615307
203,2023-01-08 00:00:00+00:00,0.2827420243443886
203,2023-01-08 01:00:00+00:00,0.1677080487276955
203,2023-01-08 02:00:00+00:00,0.04265404423654202
203,2023-01-08 03:00:00+00:00,0.06792812859650528
203,2023-01-08 04:00:00+00:00,0.040769366024330005
203,2023-01-08 05:00:00+00:00,0.020018494402046574
203,2023-01-08 06:00:00+00:00,0.06830369931275752
203,2023-01-08 07:00:00+00:00,0.13427022587947313
203,2023-01-08 08:00:00+00:00,0.29467677443605517
203,2023-01-08 09:00:00+00:00,1.0458941597076987
203,2023-01-08 10:00:00+00:00,1.7551071139512682
203,2023-01-08 11:00:00+00:00,0.7441932972831223
203,2023-01-08 12:00:00+00:00,0.8510810274521459
203,2023-01-08 13:00:00+00:00,0.8527468596585837
203,2023-01-08 14:00:00+00:00,0.9102505172784813
203,2023-01-08 15:00:00+00:00,0.8566693343871787
203,2023-01-08 16:00:00+00:00,0.461040215263901
203,2023-01-08 17:00:00+00:00,1.084787035829872
203,2023-01-08 18:00:00+00:00,0.7233216642017176
203,2023-01-08 19:00:00+00:00,0.9595737976116744
203,2023-01-08 20:00:00+00:00,1.1699414472794332
203,2023-01-08 21:00:00+00:00,1.0013267265183592
203,2023-01-08 22:00:00+00:00,0.35197907316313304
203,2023-01-08 23:00:00+00:00,0.18544987513412492
203,2023-01-09 00:00:00+00:00,0.10170791820271903
203,2023-01-09 01:00:00+00:00,0.01837440813013489
203,2023-01-09 02:00:00+00:00,0.018400201968164446
203,2023-01-09 03:00:00+00:00,0.007820058043728163
203,2023-01-09 04:00:00+00:00,0.012979985874452288
203,2023-01-09 05:00:00+00:00,0.016472155422924115
203,2023-01-09 06:00:00+00:00,0.0911834071031323
203,2023-01-09 07:00:00+00:00,0.25736154576221987
203,2023-01-09 08:00:00+00:00,0.7573665010100793
203,2023-01-09 09:00:00+00:00,0.2590683285950338
203,2023-01-09 10:00:00+00:00,0.5049630096780907
203,2023-01-09 11:00:00+00:00,0.5740491017604188
203,2023-01-09 12:00:00+00:00,0.5421580957553918
203,2023-01-09 13:00:00+00:00,0.5280292820044469
203,2023-01-09 14:00:00+00:00,0.5324830034687437
203,2023-01-09 15:00:00+00:00,0.4932012021985484
203,2023-01-09 16:00:00+00:00,0.5303133105656863
203,2023-01-09 17:00:00+00:00,0.3260378537722842
203,2023-01-09 18:00:00+00:00,0.3394086518587575
203,2023-01-09 19:00:00+00:00,0.3283938012135895
203,2023-01-09 20:00:00+00:00,0.253217687005543
203,2023-01-09 21:00:00+00:00,0.3502311262673411
203,2023-01-09 22:00:00+00:00,0.3164700740020404
203,2023-01-09 23:00:00+00:00,0.2082882815248377
203,2023-01-10 00:00:00+00:00,0.039786980408632294
203,2023-01-10 01:00:00+00:00,0.13759865245373387
203,2023-01-10 02:00:00+00:00,0.04100831269911046
203,2023-01-10 03:00:00+00:00,0.04641937600765456
203,2023-01-10 04:00:00+00:00,0.13057046951814244
203,2023-01-10 05:00:00+00:00,0.1786634739183895
203,2023-01-10 06:00:00+00:00,0.006416357008025635
203,2023-01-10 07:00:00+00:00,0.0006700055720458707
203,2023-01-10 08:00:00+00:00,2.159258882919054
203,2023-01-10 09:00:00+00:00,1.593502222305995
203,2023-01-10 10:00:00+00:00,2.9083934621929903
203,2023-01-10 11:00:00+00:00,0.8659757695052935
203,2023-01-10 12:00:00+00:00,0.7723288596210739
203,2023-01-10 13:00:00+00:00,0.7515267677351185
203,2023-01-10 14:00:00+00:00,0.8867789155512512
203,2023-01-10 15:00:00+00:00,0.7005395646770156
203,2023-01-10 16:00:00+00:00,0.8518892046182985
203,2023-01-10 17:00:00+00:00,0.8825849978437543
203,2023-01-10 18:00:00+00:00,0.9018518414529948
203,2023-01-10 19:00:00+00:00,0.7726440403574015
203,2023-01-10 20:00:00+00:00,0.38193766828272974
203,2023-01-10 21:00:00+00:00,0.20555159689791974
203,2023-01-10 22:00:00+00:00,0.16471631777734985
203,2023-01-10 23:00:00+00:00,0.1428708864586608
203,2023-01-11 00:00:00+00:00,0.054580185552336964
203,2023-01-11 01:00:00+00:00,0.013355617064364387
203,2023-01-11 02:00:00+00:00,0.01155495438333313
203,2023-01-11 03:00:00+00:00,0.007123098609408
203,2023-01-11 04:00:00+00:00,0.011161738723668341
203,2023-01-11 05:00:00+00:00,0.021759133828475562
203,2023-01-11 06:00:00+00:00,0.041443738364564296
203,2023-01-11 07:00:00+00:00,0.27602365323357786
203,2023-01-11 08:00:00+00:00,0.279476224051469
203,2023-01-11 09:00:00+00:00,0.23386485689945896
203,2023-01-11 10:00:00+00:00,0.4601400685484691
203,2023-01-11 11:00:00+00:00,0.7480481954672553
203,2023-01-11 12:00:00+00:00,0.39923836772494203
203,2023-01-11 13:00:00+00:00,0.391500792276948
203,2023-01-11 14:00:00+00:00,0.4252630152291128
203,2023-01-11 15:00:00+00:00,0.23635580107102153
203,2023-01-11 16:00:00+00:00,0.22881363048036424
203,2023-01-11 17:00:00+00:00,0.23968391060183702
203,2023-01-11 18:00:00+00:00,0.3270865874947278
203,2023-01-11 19:00:00+00:00,0.3659793834722795
203,2023-01-11 20:00:00+00:00,0.19086828789664015
203,2023-01-11 21:00:00+00:00,0.14410393817969766
203,2023-01-11 22:00:00+00:00,0.2614876594120253
203,2023-01-11 23:00:00+00:00,0.30735151871702904
203,2023-01-12 00:00:00+00:00,0.18159851797793047
203,2023-01-12 01:00:00+00:00,0.0249126562932122
203,2023-01-12 02:00:00+00:00,0.008387557504784147
203,2023-01-12 03:00:00+00:00,0.009868211139555567
203,2023-01-12 04:00:00+00:00,0.011348864774326986
203,2023-01-12 05:00:00+00:00,0.014884264114084646
203,2023-01-12 06:00:00+00:00,0.07767470705978323
203,2023-01-12 07:00:00+00:00,0.1566403360077756
203,2023-01-12 08:00:00+00:00,0.27541826085655985
203,2023-01-12 09:00:00+00:00,0.22994876443150106
203,2023-01-12 10:00:00+00:00,0.4421667435939036
203,2023-01-12 11:00:00+00:00,0.20442051191943872
203,2023-01-12 12:00:00+00:00,0.2187395737888036
203,2023-01-12 13:00:00+00:00,0.20609795314519316
203,2023-01-12 14:00:00+00:00,0.33063350159468585
203,2023-01-12 15:00:00+00:00,0.33749391087081876
203,2023-01-12 16:00:00+00:00,0.336478900179677
203,2023-01-12 17:00:00+00:00,0.2794648383659937
203,2023-01-12 18:00:00+00:00,0.2844908619297936
203,2023-01-12 19:00:00+00:00,0.31340021706728743
203,2023-01-12 20:00:00+00:00,0.260687479684753
203,2023-01-12 21:00:00+00:00,0.2167377245767345
203,2023-01-12 22:00:00+00:00,0.13172574647262392
203,2023-01-12 23:00:00+00:00,0.13441295843244516
203,2023-01-13 00:00:00+00:00,0.08984801942416161
203,2023-01-13 01:00:00+00:00,0.023875162613362817
203,2023-01-13 02:00:00+00:00,0.009499523973883723
203,2023-01-13 03:00:00+00:00,0.013779395870886106
203,2023-01-13 04:00:00+00:00,0.01161555275877098
203,2023-01-13 05:00:00+00:00,0.016969316653093657
203,2023-01-13 06:00:00+00:00,0.12778186766281868
203,2023-01-13 07:00:00+00:00,0.37306854830383956
203,2023-01-13 08:00:00+00:00,0.7339187518761291
203,2023-01-13 09:00:00+00:00,0.6166431471347718
203,2023-01-13 10:00:00+00:00,0.5714228716053538
203,2023-01-13 11:00:00+00:00,0.5605741386298267
203,2023-01-13 12:00:00+00:00,0.4801256084908729
203,2023-01-13 13:00:00+00:00,0.5618306227987486
203,2023-01-13 14:00:00+00:00,0.5700521860083698
203,2023-01-13 15:00:00+00:00,0.5578343781973004
203,2023-01-13 16:00:00+00:00,0.6109336126521536
203,2023-01-13 17:00:00+00:00,0.5860398490165657
203,2023-01-13 18:00:00+00:00,0.35372802310213214
203,2023-01-13 19:00:00+00:00,0.23982611759984215
203,2023-01-13 20:00:00+00:00,0.36094115031208707
203,2023-01-13 21:00:00+00:00,0.48141348736212025
203,2023-01-13 22:00:00+00:00,0.579090225502015
203,2023-01-13 23:00:00+00:00,0.32175053402319287
203,2023-01-14 00:00:00+00:00,0.44654861182499594
203,2023-01-14 01:00:00+00:00,0.7579486989747125
203,2023-01-14 02:00:00+00:00,0.38808047209991847
203,2023-01-14 03:00:00+00:00,0.23319671406170614
203,2023-01-14 04:00:00+00:00,0.14961889300661324
203,2023-01-14 05:00:00+00:00,0.04317179742069684
203,2023-01-14 06:00:00+00:00,0.058093432977883004
203,2023-01-14 07:00:00+00:00,0.1486536418747465
203,2023-01-14 08:00:00+00:00,0.35854771727959805
203,2023-01-14 09:00:00+00:00,0.19329341913758732
203,2023-01-14 10:00:00+00:00,0.2766358241012898
203,2023-01-14 11:00:00+00:00,0.3531529749144205
203,2023-01-14 12:00:00+00:00,0.3577486227368221
203,2023-01-14 13:00:00+00:00,0.31112301686719784
203,2023-01-14 14:00:00+00:00,0.6323889101100656
203,2023-01-14 15:00:00+00:00,0.667286581080872
203,2023-01-14 16:00:00+00:00,0.6020250958825988
203,2023-01-14 17:00:00+00:00,0.626120389132594
203,2023-01-14 18:00:00+00:00,0.5681117013421573
203,2023-01-14 19:00:00+00:00,0.33195556438554774
203,2023-01-14 20:00:00+00:00,0.25284378489736026
203,2023-01-14 21:00:00+00:00,0.2114569332845164
203,2023-01-14 22:00:00+00:00,0.17250147656041578
203,2023-01-14 23:00:00+00:00,0.1343585471703407
203,2023-01-15 00:00:00+00:00,0.10585585050646729
203,2023-01-15 01:00:00+00:00,0.05998836070876411
203,2023-01-15 02:00:00+00:00,0.02881187565439604
203,2023-01-15 03:00:00+00:00,0.019032258871376478
203,2023-01-15 04:00:00+00:00,0.008387557504784147
203,2023-01-15 05:00:00+00:00,0.02295661118447305
203,2023-01-15 06:00:00+00:00,0.03846863441291668
203,2023-01-15 07:00:00+00:00,0.03821818085729471
203,2023-01-15 08:00:00+00:00,0.11304057626954013
203,2023-01-15 09:00:00+00:00,0.17375675386250639
203,2023-01-15 10:00:00+00:00,0.25273496237315135
203,2023-01-15 11:00:00+00:00,0.22005158377593034
203,2023-01-15 12:00:00+00:00,0.25984440163214323
203,2023-01-15 13:00:00+00:00,0.2546577455129802
203,2023-01-15 14:00:00+00:00,0.26154785916871975
203,2023-01-15 15:00:00+00:00,0.23898082985843677
203,2023-01-15 16:00:00+00:00,0.3262824954364915
203,2023-01-15 17:00:00+00:00,0.2833880567316437
203,2023-01-15 18:00:00+00:00,0.21992674036158472
203,2023-01-15 19:00:00+00:00,0.7520513822935414
203,2023-01-15 20:00:00+00:00,0.5409717751962996
203,2023-01-15 21:00:00+00:00,0.6801253799285513
203,2023-01-15 22:00:00+00:00,8.293249535767646e-11
203,2023-01-15 23:00:00+00:00,1.5080967852166665e-88
203,2023-01-16 00:00:00+00:00,1.9512461544473188e-29
203,2023-01-16 01:00:00+00:00,1.0180414718852176e-29
203,2023-01-16 02:00:00+00:00,0.00027276538994668986
203,2023-01-16 03:00:00+00:00,0.018810155513780676
203,2023-01-16 04:00:00+00:00,0.017228660538190676
203,2023-01-16 05:00:00+00:00,0.030264395087669753
203,2023-01-16 06:00:00+00:00,0.2960084487172771
203,2023-01-16 07:00:00+00:00,0.8988428981739863
203,2023-01-16 08:00:00+00:00,1.4265868519253053
203,2023-01-16 09:00:00+00:00,1.2507869407521224
203,2023-01-16 10:00:00+00:00,1.0531711764840939
203,2023-01-16 11:00:00+00:00,0.9120940603447454
203,2023-01-16 12:00:00+00:00,0.886607837424139
203,2023-01-16 13:00:00+00:00,1.3061035000481076
203,2023-01-16 14:00:00+00:00,1.073417294586246
203,2023-01-16 15:00:00+00:00,1.2167140548929343
203,2023-01-16 16:00:00+00:00,1.2324852144077145
203,2023-01-16 17:00:00+00:00,1.0617740856205355
203,2023-01-16 18:00:00+00:00,0.5882602004014197
203,2023-01-16 19:00:00+00:00,0.6765713822445525
203,2023-01-16 20:00:00+00:00,0.4396990933369355
203,2023-01-16 21:00:00+00:00,0.3252106981628195
203,2023-01-16 22:00:00+00:00,0.22542280346161375
203,2023-01-16 23:00:00+00:00,2.3530789753952075e-05
203,2023-01-17 00:00:00+00:00,0.12947925658081919
203,2023-01-17 01:00:00+00:00,1.0857409902282191e-155
203,2023-01-17 02:00:00+00:00,2.109654680396319e-55
203,2023-01-17 03:00:00+00:00,0.011196804393092924
203,2023-01-17 04:00:00+00:00,3.921796469737863e-06
203,2023-01-17 05:00:00+00:00,4.674718152371499e-156
203,2023-01-17 06:00:00+00:00,0.0007030225211408432
203,2023-01-17 07:00:00+00:00,3.351053178293696e-29
203,2023-01-17 08:00:00+00:00,2.935333185937056e-15
203,2023-01-17 09:00:00+00:00,0.006888845460468666
203,2023-01-17 10:00:00+00:00,7.849831383861574e-54
203,2023-01-17 11:00:00+00:00,0.2172654156517128
203,2023-01-17 12:00:00+00:00,0.23565115098675463
203,2023-01-17 13:00:00+00:00,0.5477138879139901
203,2023-01-17 14:00:00+00:00,1.3264396937061775
203,2023-01-17 15:00:00+00:00,1.2439629826761909
203,2023-01-17 16:00:00+00:00,0.5291954920844602
203,2023-01-17 17:00:00+00:00,0.5139071774481703
203,2023-01-17 18:00:00+00:00,0.4675358562867473
203,2023-01-17 19:00:00+00:00,0.5152400643627072
203,2023-01-17 20:00:00+00:00,0.4571162355333675
203,2023-01-17 21:00:00+00:00,0.27372189661761137
203,2023-01-17 22:00:00+00:00,0.23661959666978388
203,2023-01-17 23:00:00+00:00,0.20796686009734106
203,2023-01-18 00:00:00+00:00,0.1317616442272273
203,2023-01-18 01:00:00+00:00,0.03277715265011503
203,2023-01-18 02:00:00+00:00,0.01123958827947713
203,2023-01-18 03:00:00+00:00,0.014578805867319924
203,2023-01-18 04:00:00+00:00,0.025883807634614342
203,2023-01-18 05:00:00+00:00,0.016604768499072983
203,2023-01-18 06:00:00+00:00,0.13196702459722717
203,2023-01-18 07:00:00+00:00,0.4306319405441557
203,2023-01-18 08:00:00+00:00,0.6683725013733618
203,2023-01-18 09:00:00+00:00,0.5774748761420376
203,2023-01-18 10:00:00+00:00,0.6286538870819993
203,2023-01-18 11:00:00+00:00,0.6366209964699986
203,2023-01-18 12:00:00+00:00,0.46136082294300795
203,2023-01-18 13:00:00+00:00,0.5298224089051404
203,2023-01-18 14:00:00+00:00,0.7213816089600905
203,2023-01-18 15:00:00+00:00,0.5481920275726925
203,2023-01-18 16:00:00+00:00,0.5552101809284731
203,2023-01-18 17:00:00+00:00,0.5083879786789888
203,2023-01-18 18:00:00+00:00,0.5259736562993313
203,2023-01-18 19:00:00+00:00,0.5631236431027977
203,2023-01-18 20:00:00+00:00,0.5198765384622047
203,2023-01-18 21:00:00+00:00,0.3245943598270629
203,2023-01-18 22:00:00+00:00,0.15476793724618113
203,2023-01-18 23:00:00+00:00,0.25091221539329056
203,2023-01-19 00:00:00+00:00,0.13123555639503293
203,2023-01-19 01:00:00+00:00,0.056271746783325555
203,2023-01-19 02:00:00+00:00,0.03226600507043329
203,2023-01-19 03:00:00+00:00,0.013079830818227379
203,2023-01-19 04:00:00+00:00,0.007820058043728163
203,2023-01-19 05:00:00+00:00,0.026683083400928016
203,2023-01-19 06:00:00+00:00,0.1476558757981356
203,2023-01-19 07:00:00+00:00,0.43039415681489246
203,2023-01-19 08:00:00+00:00,0.02351252982195931
203,2023-01-19 09:00:00+00:00,4.1240279527985274e-09
203,2023-01-19 10:00:00+00:00,0.8754821946131267
203,2023-01-19 11:00:00+00:00,0.306805612468652
203,2023-01-19 12:00:00+00:00,0.41631315848547923
203,2023-01-19 13:00:00+00:00,0.6760176087665429
203,2023-01-19 14:00:00+00:00,0.7872254350390385
203,2023-01-19 15:00:00+00:00,0.8141765008170913
203,2023-01-19 16:00:00+00:00,0.6401967889593144
203,2023-01-19 17:00:00+00:00,1.273702111494534
203,2023-01-19 18:00:00+00:00,0.7141382071124083
203,2023-01-19 19:00:00+00:00,0.5505435587330472
203,2023-01-19 20:00:00+00:00,0.4248155279038351
203,2023-01-19 21:00:00+00:00,0.31875154128505884
203,2023-01-19 22:00:00+00:00,0.2558028340745879
203,2023-01-19 23:00:00+00:00,0.25263338563389204
203,2023-01-20 00:00:00+00:00,0.10696091543332956
203,2023-01-20 01:00:00+00:00,0.04997856396412898
203,2023-01-20 02:00:00+00:00,0.02222963039687146
203,2023-01-20 03:00:00+00:00,0.010651529486150812
203,2023-01-20 04:00:00+00:00,0.008068638658812936
203,2023-01-20 05:00:00+00:00,0.03182174497335641
203,2023-01-20 06:00:00+00:00,0.10157870272287851
203,2023-01-20 07:00:00+00:00,0.33339420065398095
203,2023-01-20 08:00:00+00:00,0.59334686119085
203,2023-01-20 09:00:00+00:00,0.6143378571313899
203,2023-01-20 10:00:00+00:00,0.5941469423378845
203,2023-01-20 11:00:00+00:00,0.3082909090458273
203,2023-01-20 12:00:00+00:00,0.320345279571743
203,2023-01-20 13:00:00+00:00,0.3534403051689179
203,2023-01-20 14:00:00+00:00,0.45098719572326684
203,2023-01-20 15:00:00+00:00,0.6763489217969241
203,2023-01-20 16:00:00+00:00,0.38546446819856583
203,2023-01-20 17:00:00+00:00,0.4146977217681573
203,2023-01-20 18:00:00+00:00,0.4186000012697886
203,2023-01-20 19:00:00+00:00,0.5529295124546062
203,2023-01-20 20:00:00+00:00,0.8163696757095139
203,2023-01-20 21:00:00+00:00,0.2775041212153728
203,2023-01-20 22:00:00+00:00,1.3410151484370125e-15
203,2023-01-20 23:00:00+00:00,0.0813838269477414
203,2023-01-21 00:00:00+00:00,8.823094485018886e-08
203,2023-01-21 01:00:00+00:00,1.9516546632215682e-88
203,2023-01-21 02:00:00+00:00,0.00023365419550364186
203,2023-01-21 03:00:00+00:00,3.817655519568746e-30
203,2023-01-21 04:00:00+00:00,8.94010103819885e-17
203,2023-01-21 05:00:00+00:00,1.641508642836872e-08
203,2023-01-21 06:00:00+00:00,2.205362542902178e-10
203,2023-01-21 07:00:00+00:00,5.9754276328545925e-55
203,2023-01-21 08:00:00+00:00,4.316204817495105e-20
203,2023-01-21 09:00:00+00:00,4.076821018852261e-54
203,2023-01-21 10:00:00+00:00,7.784583693298346e-20
203,2023-01-21 11:00:00+00:00,6.1192909196013e-11
203,2023-01-21 12:00:00+00:00,4.026289505429646e-155
203,2023-01-21 13:00:00+00:00,6.521875848521283e-11
203,2023-01-21 14:00:00+00:00,1.8420945566933905e-19
203,2023-01-21 15:00:00+00:00,1.7264819274818158e-19
203,2023-01-21 16:00:00+00:00,1.642546509996561e-10
203,2023-01-21 17:00:00+00:00,1.5878797143850382e-10
203,2023-01-21 18:00:00+00:00,4.177420930065911e-09
203,2023-01-21 19:00:00+00:00,1.4027665659715106e-19
203,2023-01-21 20:00:00+00:00,5.413734100528706e-54
203,2023-01-21 21:00:00+00:00,8.940709978168347e-20
203,2023-01-21 22:00:00+00:00,6.19980790537863e-11
203,2023-01-21 23:00:00+00:00,3.7037813460704006e-11
203,2023-01-22 00:00:00+00:00,5.934781622877098e-20
203,2023-01-22 01:00:00+00:00,0.022404769706358796
203,2023-01-22 02:00:00+00:00,0.01760139906243199
203,2023-01-22 03:00:00+00:00,0.016800800043913246
203,2023-01-22 04:00:00+00:00,0.014932781863890791
203,2023-01-22 05:00:00+00:00,0.013064806205666335
203,2023-01-22 06:00:00+00:00,0.018098968948156022
203,2023-01-22 07:00:00+00:00,0.030190663414060338
203,2023-01-22 08:00:00+00:00,0.04611199026335271
203,2023-01-22 09:00:00+00:00,0.08733723742668154
203,2023-01-22 10:00:00+00:00,0.17241674469659124
203,2023-01-22 11:00:00+00:00,0.00094060580219897
203,2023-01-22 12:00:00+00:00,0.02531766322362507
203,2023-01-22 13:00:00+00:00,0.00018709171981538497
203,2023-01-22 14:00:00+00:00,0.00017044132924527874
203,2023-01-22 15:00:00+00:00,0.001060827879801556
203,2023-01-22 16:00:00+00:00,0.0010144725734250062
203,2023-01-22 17:00:00+00:00,0.00020472180513537666
203,2023-01-22 18:00:00+00:00,0.0001719072447690118
203,2023-01-22 19:00:00+00:00,0.015778066367639808
203,2023-01-22 20:00:00+00:00,0.0001214607743430515
203,2023-01-22 21:00:00+00:00,3.170118226761966e-05
203,2023-01-22 22:00:00+00:00,5.485337139922207e-05
203,2023-01-22 23:00:00+00:00,0.00016050418208804373
203,2023-01-23 00:00:00+00:00,0.00013092725146799096
203,2023-01-23 01:00:00+00:00,7.51677312416836e-06
203,2023-01-23 02:00:00+00:00,4.738836757132343e-06
203,2023-01-23 03:00:00+00:00,1.9609003900963255e-06
203,2023-01-23 04:00:00+00:00,1.0467208151941803e-11
203,2023-01-23 05:00:00+00:00,7.033971898998781e-55
203,2023-01-23 06:00:00+00:00,2.0810273236284502e-20
203,2023-01-23 07:00:00+00:00,5.797222976459939e-11
203,2023-01-23 08:00:00+00:00,1.2372776815500874e-10
203,2023-01-23 09:00:00+00:00,1.2587488777590587e-10
203,2023-01-23 10:00:00+00:00,1.5861846199478266e-10
203,2023-01-23 11:00:00+00:00,6.470964011890856e-05
203,2023-01-23 12:00:00+00:00,5.768308471057575e-05
203,2023-01-23 13:00:00+00:00,0.0002008019228946962
203,2023-01-23 14:00:00+00:00,0.0009852103696667417
203,2023-01-23 15:00:00+00:00,1.0574875268537929
203,2023-01-23 16:00:00+00:00,6.575861338542518e-54
203,2023-01-23 17:00:00+00:00,1.1407112733316908e-19
203,2023-01-23 18:00:00+00:00,9.827073472550665e-20
203,2023-01-23 19:00:00+00:00,1.1191861023996251e-10
203,2023-01-23 20:00:00+00:00,9.403160495273848e-20
203,2023-01-23 21:00:00+00:00,8.401184375844315e-20
203,2023-01-23 22:00:00+00:00,7.090907914014936e-20
203,2023-01-23 23:00:00+00:00,3.23715361426762e-20
203,2023-01-24 00:00:00+00:00,8.595449505973401e-156
203,2023-01-24 01:00:00+00:00,4.939479916509278e-55
203,2023-01-24 02:00:00+00:00,4.624505170839763e-21
203,2023-01-24 03:00:00+00:00,2.614534651777385e-06
203,2023-01-24 04:00:00+00:00,3.523387321961996e-55
203,2023-01-24 05:00:00+00:00,8.320088531032086e-12
203,2023-01-24 06:00:00+00:00,3.0875075581708244e-10
203,2023-01-24 07:00:00+00:00,0.15533927123745622
203,2023-01-24 08:00:00+00:00,4.539309292089402e-54
203,2023-01-24 09:00:00+00:00,0.00015574607829534353
203,2023-01-24 10:00:00+00:00,1.1139454317907334
203,2023-01-24 11:00:00+00:00,6.69973526050467e-05
203,2023-01-24 12:00:00+00:00,0.0007378644799504472
203,2023-01-24 13:00:00+00:00,8.324014258416348e-155
203,2023-01-24 14:00:00+00:00,0.5595598649868797
203,2023-01-24 15:00:00+00:00,0.7884664105598506
203,2023-01-24 16:00:00+00:00,7.387684322614726e-51
203,2023-01-24 17:00:00+00:00,0.4234887420562154
203,2023-01-24 18:00:00+00:00,0.5405519178027223
203,2023-01-24 19:00:00+00:00,0.46238788943851855
203,2023-01-24 20:00:00+00:00,0.371305014035858
203,2023-01-24 21:00:00+00:00,0.18779704600161679
203,2023-01-24 22:00:00+00:00,3.308634783625371e-29
203,2023-01-24 23:00:00+00:00,2.0765382960863015e-51
203,2023-01-25 00:00:00+00:00,1.2666978219329224e-155
203,2023-01-25 01:00:00+00:00,5.55587629628458e-06
203,2023-01-25 02:00:00+00:00,0.008942434501297477
203,2023-01-25 03:00:00+00:00,0.015821706670504965
203,2023-01-25 04:00:00+00:00,0.05008162744139754
203,2023-01-25 05:00:00+00:00,0.026912390862518662
203,2023-01-25 06:00:00+00:00,0.1190381538056967
203,2023-01-25 07:00:00+00:00,0.36264264953943526
203,2023-01-25 08:00:00+00:00,0.3145363599896135
203,2023-01-25 09:00:00+00:00,0.16650531152893175
203,2023-01-25 10:00:00+00:00,0.26764361216490434
203,2023-01-25 11:00:00+00:00,0.28375443509674153
203,2023-01-25 12:00:00+00:00,0.1977048629037299
203,2023-01-25 13:00:00+00:00,0.3119770931063302
203,2023-01-25 14:00:00+00:00,0.21548863438797725
203,2023-01-25 15:00:00+00:00,0.17051275532193924
203,2023-01-25 16:00:00+00:00,0.2813736607580039
203,2023-01-25 17:00:00+00:00,0.2946768519410825
203,2023-01-25 18:00:00+00:00,0.3045534633618213
203,2023-01-25 19:00:00+00:00,0.287567141290079
203,2023-01-25 20:00:00+00:00,0.20982845050880247
203,2023-01-25 21:00:00+00:00,0.1238125775312941
203,2023-01-25 22:00:00+00:00,0.12371891651588787
203,2023-01-25 23:00:00+00:00,0.1020347416266537
203,2023-01-26 00:00:00+00:00,0.03485702905552207
203,2023-01-26 01:00:00+00:00,2.257071805737854e-08
203,2023-01-26 02:00:00+00:00,0.0003889364359104347
203,2023-01-26 03:00:00+00:00,0.00039935159053292865
203,2023-01-26 04:00:00+00:00,0.012613255457693123
203,2023-01-26 05:00:00+00:00,0.03316197838224928
203,2023-01-26 06:00:00+00:00,0.038852092652225875
203,2023-01-26 07:00:00+00:00,0.3364496724210154
203,2023-01-26 08:00:00+00:00,0.4090112758114517
203,2023-01-26 09:00:00+00:00,0.3936140078639495
203,2023-01-26 10:00:00+00:00,0.7248561033792289
203,2023-01-26 11:00:00+00:00,0.4081642134418021
203,2023-01-26 12:00:00+00:00,0.1848033504831972
203,2023-01-26 13:00:00+00:00,0.3569585223737506
203,2023-01-26 14:00:00+00:00,2.9763086102614532e-15
203,2023-01-26 15:00:00+00:00,2.5106783552166598e-15
203,2023-01-26 16:00:00+00:00,3.0265262146072505e-07
203,2023-01-26 17:00:00+00:00,0.12943378950854328
203,2023-01-26 18:00:00+00:00,0.09631318123506664
203,2023-01-26 19:00:00+00:00,0.22855229422599896
203,2023-01-26 20:00:00+00:00,0.17203458004064456
203,2023-01-26 21:00:00+00:00,0.14138195274762172
203,2023-01-26 22:00:00+00:00,0.10598618913089482
203,2023-01-26 23:00:00+00:00,0.1285827845704921
203,2023-01-27 00:00:00+00:00,0.04173199713928498
203,2023-01-27 01:00:00+00:00,0.02570156502801719
203,2023-01-27 02:00:00+00:00,0.04539898775508818
203,2023-01-27 03:00:00+00:00,0.043652545484250876
203,2023-01-27 04:00:00+00:00,0.030500702824362284
203,2023-01-27 05:00:00+00:00,0.011232447831107745
203,2023-01-27 06:00:00+00:00,0.0002511262483052536
203,2023-01-27 07:00:00+00:00,8.19509257475243e-16
203,2023-01-27 08:00:00+00:00,2.2160524712712167e-07
203,2023-01-27 09:00:00+00:00,0.16638945300129676
203,2023-01-27 10:00:00+00:00,0.17527338844462395
203,2023-01-27 11:00:00+00:00,0.1885129553363393
203,2023-01-27 12:00:00+00:00,3.467686710226697e-07
203,2023-01-27 13:00:00+00:00,0.34441250902942616
203,2023-01-27 14:00:00+00:00,0.19462659910882046
203,2023-01-27 15:00:00+00:00,0.008319418991644975
203,2023-01-27 16:00:00+00:00,0.008186893405293027
203,2023-01-27 17:00:00+00:00,3.6010570119381483e-07
203,2023-01-27 18:00:00+00:00,0.004726220151171608
203,2023-01-27 19:00:00+00:00,0.26949563522217224
203,2023-01-27 20:00:00+00:00,0.2073354323336804
203,2023-01-27 21:00:00+00:00,0.003148100846928474
203,2023-01-27 22:00:00+00:00,0.10392691233993746
203,2023-01-27 23:00:00+00:00,0.10724903544644532
203,2023-01-28 00:00:00+00:00,0.06180245416580522
203,2023-01-28 01:00:00+00:00,0.06732610117741616
203,2023-01-28 02:00:00+00:00,0.019618545205595174
203,2023-01-28 03:00:00+00:00,0.03914746259402875
203,2023-01-28 04:00:00+00:00,0.026720775800149095
203,2023-01-28 05:00:00+00:00,0.019491609104993684
203,2023-01-28 06:00:00+00:00,0.50747154842197
203,2023-01-28 07:00:00+00:00,0.036405866882381115
203,2023-01-28 08:00:00+00:00,0.05563960279536218
203,2023-01-28 09:00:00+00:00,0.09900659777432497
203,2023-01-28 10:00:00+00:00,0.18373815127102333
203,2023-01-28 11:00:00+00:00,0.1914727630222965
203,2023-01-28 12:00:00+00:00,0.4335922626272958
203,2023-01-28 13:00:00+00:00,0.22863580654981036
203,2023-01-28 14:00:00+00:00,0.23895912037471737
203,2023-01-28 15:00:00+00:00,0.16948138649939826
203,2023-01-28 16:00:00+00:00,0.16151443259001877
203,2023-01-28 17:00:00+00:00,0.13886884816397096
203,2023-01-28 18:00:00+00:00,0.132037410613311
203,2023-01-28 19:00:00+00:00,0.19643885878343956
203,2023-01-28 20:00:00+00:00,0.132008528572193
203,2023-01-28 21:00:00+00:00,0.042697835839473994
203,2023-01-28 22:00:00+00:00,0.057952724171278704
203,2023-01-28 23:00:00+00:00,0.03561660103292324
203,2023-01-29 00:00:00+00:00,0.08647552817848699
203,2023-01-29 01:00:00+00:00,0.07908382161639162
203,2023-01-29 02:00:00+00:00,0.03760386644695034
203,2023-01-29 03:00:00+00:00,0.011322448484505388
203,2023-01-29 04:00:00+00:00,0.00617475443787589
203,2023-01-29 05:00:00+00:00,0.015262810233323886
203,2023-01-29 06:00:00+00:00,0.05315598362389016
203,2023-01-29 07:00:00+00:00,0.07174072421496604
203,2023-01-29 08:00:00+00:00,0.04132186326036968
203,2023-01-29 09:00:00+00:00,0.054444097016629105
203,2023-01-29 10:00:00+00:00,0.13670035311123138
203,2023-01-29 11:00:00+00:00,0.31020294791321
203,2023-01-29 12:00:00+00:00,0.1677767158577717
203,2023-01-29 13:00:00+00:00,0.19000186633667898
203,2023-01-29 14:00:00+00:00,0.24706519599602472
203,2023-01-29 15:00:00+00:00,0.21261139597450224
203,2023-01-29 16:00:00+00:00,0.1853026077111823
203,2023-01-29 17:00:00+00:00,0.17647722534957358
203,2023-01-29 18:00:00+00:00,0.11366448498497081
203,2023-01-29 19:00:00+00:00,0.15027959373440095
203,2023-01-29 20:00:00+00:00,0.09933802690461996
203,2023-01-29 21:00:00+00:00,0.07217293559014022
203,2023-01-29 22:00:00+00:00,0.043985605030122804
203,2023-01-29 23:00:00+00:00,0.031604798424655266
203,2023-01-30 00:00:00+00:00,0.011051606039830207
203,2023-01-30 01:00:00+00:00,0.00934390329306685
203,2023-01-30 02:00:00+00:00,0.009376264851896899
203,2023-01-30 03:00:00+00:00,0.019823049925106712
203,2023-01-30 04:00:00+00:00,0.035000150042567804
203,2023-01-30 05:00:00+00:00,0.05389121245832764
203,2023-01-30 06:00:00+00:00,0.07214499368130109
203,2023-01-30 07:00:00+00:00,0.16749396947033257
203,2023-01-30 08:00:00+00:00,0.23132609390919398
203,2023-01-30 09:00:00+00:00,0.37272701786061474
203,2023-01-30 10:00:00+00:00,0.1796087266111233
203,2023-01-30 11:00:00+00:00,0.17328306832777443
203,2023-01-30 12:00:00+00:00,0.20897572726187857
203,2023-01-30 13:00:00+00:00,0.29450601960441003
203,2023-01-30 14:00:00+00:00,0.27829049066057093
203,2023-01-30 15:00:00+00:00,0.3454969813714594
203,2023-01-30 16:00:00+00:00,0.5901372060717067
203,2023-01-30 17:00:00+00:00,0.570815887869012
203,2023-01-30 18:00:00+00:00,0.6219889933424085
203,2023-01-30 19:00:00+00:00,0.22794398380071718
203,2023-01-30 20:00:00+00:00,0.18625181625686899
203,2023-01-30 21:00:00+00:00,0.2418311655203188
203,2023-01-30 22:00:00+00:00,0.14918013189131865
203,2023-01-30 23:00:00+00:00,0.06566811658263952
203,2023-01-31 00:00:00+00:00,0.019245459979071945
203,2023-01-31 01:00:00+00:00,0.017001678211923707
203,2023-01-31 02:00:00+00:00,0.015995193651233846
203,2023-01-31 03:00:00+00:00,0.019657329515050198
203,2023-01-31 04:00:00+00:00,0.010429421156004542
203,2023-01-31 05:00:00+00:00,0.019491609104993684
203,2023-01-31 06:00:00+00:00,0.015928620109558228
203,2023-01-31 07:00:00+00:00,0.09664599352166395
203,2023-01-31 08:00:00+00:00,0.20959567222804731
203,2023-01-31 09:00:00+00:00,0.2388564849638418
203,2023-01-31 10:00:00+00:00,0.23783741405016923
203,2023-01-31 11:00:00+00:00,0.15946518929390271
203,2023-01-31 12:00:00+00:00,0.2018955071822765
203,2023-01-31 13:00:00+00:00,0.3028985843522832
203,2023-01-31 14:00:00+00:00,0.3392478130060476
203,2023-01-31 15:00:00+00:00,0.33065014019880473
203,2023-01-31 16:00:00+00:00,0.34322055140021523
203,2023-01-31 17:00:00+00:00,0.36081754503676816
203,2023-01-31 18:00:00+00:00,0.30995915710145855
203,2023-01-31 19:00:00+00:00,0.26778449619934985
203,2023-01-31 20:00:00+00:00,0.1700443031125067
203,2023-01-31 21:00:00+00:00,0.13000414517719366
203,2023-01-31 22:00:00+00:00,0.09501268936916835
203,2023-01-31 23:00:00+00:00,0.12812478515061826
203,2023-02-01 00:00:00+00:00,0.03189652778484677
203,2023-02-01 01:00:00+00:00,0.009574724077565237
203,2023-02-01 02:00:00+00:00,0.009374202480785772
203,2023-02-01 03:00:00+00:00,0.009063992304707589
203,2023-02-01 04:00:00+00:00,0.008753782128629404
203,2023-02-01 05:00:00+00:00,0.008317219273897709
203,2023-02-01 06:00:00+00:00,0.08062057054670758
203,2023-02-01 07:00:00+00:00,0.23135518025842117
203,2023-02-01 08:00:00+00:00,0.3016645792673097
203,2023-02-01 09:00:00+00:00,0.5643415776847905
203,2023-02-01 10:00:00+00:00,0.3509515993007619
203,2023-02-01 11:00:00+00:00,0.4621405614476138
203,2023-02-01 12:00:00+00:00,0.531937661062396
203,2023-02-01 13:00:00+00:00,0.5155822659565328
203,2023-02-01 14:00:00+00:00,0.3157062904629327
203,2023-02-01 15:00:00+00:00,0.4240005059977979
203,2023-02-01 16:00:00+00:00,0.3053141287781434
203,2023-02-01 17:00:00+00:00,0.2744390888226312
203,2023-02-01 18:00:00+00:00,0.21738392456777994
203,2023-02-01 19:00:00+00:00,0.14079001703397423
203,2023-02-01 20:00:00+00:00,0.13982113358887233
203,2023-02-01 21:00:00+00:00,0.10772022947578372
203,2023-02-01 22:00:00+00:00,0.09697378256454797
203,2023-02-01 23:00:00+00:00,0.07244150245718338
203,2023-02-02 00:00:00+00:00,0.03177533103397107
203,2023-02-02 01:00:00+00:00,0.022007714443560335
203,2023-02-02 02:00:00+00:00,0.01396168405008422
203,2023-02-02 03:00:00+00:00,0.013046438073841765
203,2023-02-02 04:00:00+00:00,0.008542478421028185
203,2023-02-02 05:00:00+00:00,0.031163160166259203
203,2023-02-02 06:00:00+00:00,0.03604402395168399
203,2023-02-02 07:00:00+00:00,0.20619470333229845
203,2023-02-02 08:00:00+00:00,0.32947594534803337
203,2023-02-02 09:00:00+00:00,0.46014909308543606
203,2023-02-02 10:00:00+00:00,0.4085778372332971
203,2023-02-02 11:00:00+00:00,0.2869228637514605
203,2023-02-02 12:00:00+00:00,0.3011550438104734
203,2023-02-02 13:00:00+00:00,0.3072545495500505
203,2023-02-02 14:00:00+00:00,0.2577065746748468
203,2023-02-02 15:00:00+00:00,0.24474944712377172
203,2023-02-02 16:00:00+00:00,0.27364584073235815
203,2023-02-02 17:00:00+00:00,0.18733938562894106
203,2023-02-02 18:00:00+00:00,0.16488558734183315
203,2023-02-02 19:00:00+00:00,0.21983359767507277
203,2023-02-02 20:00:00+00:00,0.1805313066751237
203,2023-02-02 21:00:00+00:00,0.1606660553338889
203,2023-02-02 22:00:00+00:00,0.15774987344164282
203,2023-02-02 23:00:00+00:00,0.10479268018624584
203,2023-02-03 00:00:00+00:00,0.03993026718299747
203,2023-02-03 01:00:00+00:00,0.01783625524922367
203,2023-02-03 02:00:00+00:00,0.010194071471487466
203,2023-02-03 03:00:00+00:00,0.007820058043728163
203,2023-02-03 04:00:00+00:00,0.007820058043728163
203,2023-02-03 05:00:00+00:00,0.00856579988898248
203,2023-02-03 06:00:00+00:00,0.12241480323426635
203,2023-02-03 07:00:00+00:00,0.2838840787235652
203,2023-02-03 08:00:00+00:00,0.27052394413504605
203,2023-02-03 09:00:00+00:00,0.17420800338508122
203,2023-02-03 10:00:00+00:00,0.20702646982949563
203,2023-02-03 11:00:00+00:00,0.21042643946918496
203,2023-02-03 12:00:00+00:00,0.2997179713820693
203,2023-02-03 13:00:00+00:00,0.30133065182345364
203,2023-02-03 14:00:00+00:00,0.30655084474023386
203,2023-02-03 15:00:00+00:00,0.28595450361030206
203,2023-02-03 16:00:00+00:00,0.2571364408425727
203,2023-02-03 17:00:00+00:00,0.292133169065317
203,2023-02-03 18:00:00+00:00,0.21544350379587285
203,2023-02-03 19:00:00+00:00,0.2129546040883584
203,2023-02-03 20:00:00+00:00,0.145667503862757
203,2023-02-03 21:00:00+00:00,0.09284624345954348
203,2023-02-03 22:00:00+00:00,0.10413980736398115
203,2023-02-03 23:00:00+00:00,0.0880926540041951
203,2023-02-04 00:00:00+00:00,0.06937988934577712
203,2023-02-04 01:00:00+00:00,0.035322728113518255
203,2023-02-04 02:00:00+00:00,0.012090759814551688
203,2023-02-04 03:00:00+00:00,0.011864133373855753
203,2023-02-04 04:00:00+00:00,0.013665194442824132
203,2023-02-04 05:00:00+00:00,0.011803534998417903
203,2023-02-04 06:00:00+00:00,0.027317298407220716
203,2023-02-04 07:00:00+00:00,0.0678341178672679
203,2023-02-04 08:00:00+00:00,0.07249655117844073
203,2023-02-04 09:00:00+00:00,0.15166274192873258
203,2023-02-04 10:00:00+00:00,0.14627990582321543
203,2023-02-04 11:00:00+00:00,0.8071467973936493
203,2023-02-04 12:00:00+00:00,0.9366329409418238
203,2023-02-04 13:00:00+00:00,0.4305408166900711
203,2023-02-04 14:00:00+00:00,0.3478195931588687
203,2023-02-04 15:00:00+00:00,0.20748529595792572
203,2023-02-04 16:00:00+00:00,0.18276292841609984
203,2023-02-04 17:00:00+00:00,0.2604347743274459
203,2023-02-04 18:00:00+00:00,0.22508619369979319
203,2023-02-04 19:00:00+00:00,0.20268363915444476
203,2023-02-04 20:00:00+00:00,0.2162830078964032
203,2023-02-04 21:00:00+00:00,0.10210857994019557
203,2023-02-04 22:00:00+00:00,0.08450139330461441
203,2023-02-04 23:00:00+00:00,0.0838203745770202
203,2023-02-05 00:00:00+00:00,0.09491253340129624
203,2023-02-05 01:00:00+00:00,0.0013996680829323044
203,2023-02-05 02:00:00+00:00,0.021566457949642022
203,2023-02-05 03:00:00+00:00,0.02570156502801719
203,2023-02-05 04:00:00+00:00,1.2311343157841144e-08
203,2023-02-05 05:00:00+00:00,2.1202786910650895e-08
203,2023-02-05 06:00:00+00:00,1.2311514106296456e-08
203,2023-02-05 07:00:00+00:00,0.1653228111025246
203,2023-02-05 08:00:00+00:00,0.10797231907518177
203,2023-02-05 09:00:00+00:00,0.0027246693737159617
203,2023-02-05 10:00:00+00:00,7.592892644476655e-29
203,2023-02-05 11:00:00+00:00,7.932239801774962e-29
203,2023-02-05 12:00:00+00:00,0.2178582470806703
203,2023-02-05 13:00:00+00:00,1.0392506692164908e-28
203,2023-02-05 14:00:00+00:00,9.492138589304901e-88
203,2023-02-05 15:00:00+00:00,0.6816156020668699
203,2023-02-05 16:00:00+00:00,4.856148045434842e-07
203,2023-02-05 17:00:00+00:00,0.28353166521809603
203,2023-02-05 18:00:00+00:00,3.7959968078358403e-07
203,2023-02-05 19:00:00+00:00,6.831120396852545e-155
203,2023-02-05 20:00:00+00:00,1.1561262906527699e-19
203,2023-02-05 21:00:00+00:00,0.4429396021833129
203,2023-02-05 22:00:00+00:00,4.380124026658976e-11
203,2023-02-05 23:00:00+00:00,2.0403662388225485e-88
203,2023-02-06 00:00:00+00:00,0.04645981608172397
203,2023-02-06 01:00:00+00:00,3.2681670716313847e-06
203,2023-02-06 02:00:00+00:00,3.1730722494475232e-55
203,2023-02-06 03:00:00+00:00,3.2681673018597674e-06
203,2023-02-06 04:00:00+00:00,0.11265307183971501
203,2023-02-06 05:00:00+00:00,8.320088531032086e-12
203,2023-02-06 06:00:00+00:00,4.2486190031349305e-06
203,2023-02-06 07:00:00+00:00,4.408115891089865e-05
203,2023-02-06 08:00:00+00:00,0.00011656825793267218
203,2023-02-06 09:00:00+00:00,2.091072939890814
203,2023-02-06 10:00:00+00:00,1.0506786814805273
203,2023-02-06 11:00:00+00:00,0.9665768091992297
203,2023-02-06 12:00:00+00:00,5.3488961876021114e-05
203,2023-02-06 13:00:00+00:00,2.0036134406871215
203,2023-02-06 14:00:00+00:00,1.0002881011991953
203,2023-02-06 15:00:00+00:00,0.905786019193028
203,2023-02-06 16:00:00+00:00,0.9683852827222706
203,2023-02-06 17:00:00+00:00,0.82441864739361
203,2023-02-06 18:00:00+00:00,0.46642122439796857
203,2023-02-06 19:00:00+00:00,0.3154175040604144
203,2023-02-06 20:00:00+00:00,0.5256144649886157
203,2023-02-06 21:00:00+00:00,0.1628941633551143
203,2023-02-06 22:00:00+00:00,3.7548542578725915e-155
203,2023-02-06 23:00:00+00:00,0.06359092304165706
203,2023-02-07 00:00:00+00:00,0.11168714553051341
203,2023-02-07 01:00:00+00:00,0.08683045124762914
203,2023-02-07 02:00:00+00:00,9.976374448314282e-05
203,2023-02-07 03:00:00+00:00,1.5396840565339333e-16
203,2023-02-07 04:00:00+00:00,4.583431406050653e-89
203,2023-02-07 05:00:00+00:00,4.925556193917805e-55
203,2023-02-07 06:00:00+00:00,5.8783086332547574e-06
203,2023-02-07 07:00:00+00:00,0.385087456302534
203,2023-02-07 08:00:00+00:00,1.7319697585288372
203,2023-02-07 09:00:00+00:00,0.6072393840747371
203,2023-02-07 10:00:00+00:00,4.146081578450258e-09
203,2023-02-07 11:00:00+00:00,3.857551284571909e-07
203,2023-02-07 12:00:00+00:00,0.6869844491911835
203,2023-02-07 13:00:00+00:00,0.44526980694174223
203,2023-02-07 14:00:00+00:00,1.123978130501627
203,2023-02-07 15:00:00+00:00,1.0430951125833317
203,2023-02-07 16:00:00+00:00,6.01342303990112e-05
203,2023-02-07 17:00:00+00:00,0.008366035690482177
203,2023-02-07 18:00:00+00:00,3.149663764782944e-07
203,2023-02-07 19:00:00+00:00,7.87162217915459e-155
203,2023-02-07 20:00:00+00:00,5.559608974997687e-54
203,2023-02-07 21:00:00+00:00,3.333528003276458e-05
203,2023-02-07 22:00:00+00:00,0.012717264181753481
203,2023-02-07 23:00:00+00:00,4.3479172323448385e-11
203,2023-02-08 00:00:00+00:00,2.8986114882294766e-11
203,2023-02-08 01:00:00+00:00,1.9848262889333566e-10
203,2023-02-08 02:00:00+00:00,2.9901917670579823e-55
203,2023-02-08 03:00:00+00:00,0.010396245702855803
203,2023-02-08 04:00:00+00:00,4.674718152371499e-156
203,2023-02-08 05:00:00+00:00,1.5437537765705942e-10
203,2023-02-08 06:00:00+00:00,1.3232175384413943e-10
203,2023-02-08 07:00:00+00:00,4.995914706330229e-05
203,2023-02-08 08:00:00+00:00,3.693027424210925e-05
203,2023-02-08 09:00:00+00:00,0.0219981109594902
203,2023-02-08 10:00:00+00:00,1.1463436342216762
203,2023-02-08 11:00:00+00:00,0.8313296046773381
203,2023-02-08 12:00:00+00:00,1.7439589163369393
203,2023-02-08 13:00:00+00:00,1.787309293979658
203,2023-02-08 14:00:00+00:00,1.8579984330776669
203,2023-02-08 15:00:00+00:00,0.9128250470887154
203,2023-02-08 16:00:00+00:00,0.8362128308322033
203,2023-02-08 17:00:00+00:00,0.6977705428508159
203,2023-02-08 18:00:00+00:00,0.7301497357355086
203,2023-02-08 19:00:00+00:00,0.5409709810223329
203,2023-02-08 20:00:00+00:00,0.47463414709701257
203,2023-02-08 21:00:00+00:00,0.3479628291286206
203,2023-02-08 22:00:00+00:00,0.3188962126138815
203,2023-02-08 23:00:00+00:00,0.2690392889554344
203,2023-02-09 00:00:00+00:00,0.1011251876970271
203,2023-02-09 01:00:00+00:00,0.019359958574183055
203,2023-02-09 02:00:00+00:00,0.026353225786723188
203,2023-02-09 03:00:00+00:00,0.01078931350766223
203,2023-02-09 04:00:00+00:00,0.007413449225720351
203,2023-02-09 05:00:00+00:00,0.02445723479862361
203,2023-02-09 06:00:00+00:00,0.02356690169687848
203,2023-02-09 07:00:00+00:00,0.16144891985914347
203,2023-02-09 08:00:00+00:00,0.8218872943086222
203,2023-02-09 09:00:00+00:00,0.5619591558298972
203,2023-02-09 10:00:00+00:00,0.5416944979299568
203,2023-02-09 11:00:00+00:00,0.0059217935757819385
203,2023-02-09 12:00:00+00:00,3.6523626159558687e-07
203,2023-02-09 13:00:00+00:00,1.2586894057969746
203,2023-02-09 14:00:00+00:00,1.1440406724892505
203,2023-02-09 15:00:00+00:00,0.8499152721099811
203,2023-02-09 16:00:00+00:00,0.7789069923552239
203,2023-02-09 17:00:00+00:00,0.4590279086073499
203,2023-02-09 18:00:00+00:00,0.3790076937136629
203,2023-02-09 19:00:00+00:00,0.43856498035712915
203,2023-02-09 20:00:00+00:00,0.35011288054740664
203,2023-02-09 21:00:00+00:00,0.43085907527767514
203,2023-02-09 22:00:00+00:00,0.40272540313298727
203,2023-02-09 23:00:00+00:00,0.6838876560221547
203,2023-02-10 00:00:00+00:00,0.09648612258574081
203,2023-02-10 01:00:00+00:00,0.03627113045375814
203,2023-02-10 02:00:00+00:00,0.0754844790582226
203,2023-02-10 03:00:00+00:00,0.00147057715398872
203,2023-02-10 04:00:00+00:00,3.7307404165048895e-05
203,2023-02-10 05:00:00+00:00,2.2877149164782776e-06
203,2023-02-10 06:00:00+00:00,0.07072828923591196
203,2023-02-10 07:00:00+00:00,0.5833829946110811
203,2023-02-10 08:00:00+00:00,0.5718822595457804
203,2023-02-10 09:00:00+00:00,1.1553921599133394
203,2023-02-10 10:00:00+00:00,0.914107741189663
203,2023-02-10 11:00:00+00:00,0.7098484731830692
203,2023-02-10 12:00:00+00:00,0.27244580356695297
203,2023-02-10 13:00:00+00:00,0.2763655885895382
203,2023-02-10 14:00:00+00:00,0.25800337943870266
203,2023-02-10 15:00:00+00:00,0.3004290771710665
203,2023-02-10 16:00:00+00:00,0.29513839827592475
203,2023-02-10 17:00:00+00:00,0.18301463287111466
203,2023-02-10 18:00:00+00:00,0.2726425336551779
203,2023-02-10 19:00:00+00:00,0.15723492810732795
203,2023-02-10 20:00:00+00:00,0.13382261105563958
203,2023-02-10 21:00:00+00:00,0.10019750303111732
203,2023-02-10 22:00:00+00:00,0.09045121116538152
203,2023-02-10 23:00:00+00:00,0.08783621309053999
203,2023-02-11 00:00:00+00:00,0.11187144260987428
203,2023-02-11 01:00:00+00:00,0.03588619185286989
203,2023-02-11 02:00:00+00:00,0.015599029713460718
203,2023-02-11 03:00:00+00:00,0.007123098609408
203,2023-02-11 04:00:00+00:00,0.00856579988898248
203,2023-02-11 05:00:00+00:00,0.007820058043728163
203,2023-02-11 06:00:00+00:00,0.03143125278278622
203,2023-02-11 07:00:00+00:00,0.07057469174653377
203,2023-02-11 08:00:00+00:00,0.16303002853544651
203,2023-02-11 09:00:00+00:00,0.12093225426716532
203,2023-02-11 10:00:00+00:00,0.2727673567841424
203,2023-02-11 11:00:00+00:00,0.5756510503144642
203,2023-02-11 12:00:00+00:00,0.5385595638296445
203,2023-02-11 13:00:00+00:00,0.24336778983095578
203,2023-02-11 14:00:00+00:00,0.5102160069087012
203,2023-02-11 15:00:00+00:00,0.7514866435032436
203,2023-02-11 16:00:00+00:00,0.4877478491058789
203,2023-02-11 17:00:00+00:00,0.37665748567748064
203,2023-02-11 18:00:00+00:00,0.762633056872015
203,2023-02-11 19:00:00+00:00,0.5815532154241196
203,2023-02-11 20:00:00+00:00,3.79367573323459e-51
203,2023-02-11 21:00:00+00:00,4.0945075633086305e-51
203,2023-02-11 22:00:00+00:00,2.923724637259326e-54
203,2023-02-11 23:00:00+00:00,2.250904047021352e-54
203,2023-02-12 00:00:00+00:00,1.5968083608176468e-88
203,2023-02-12 01:00:00+00:00,1.2419620584137252e-88
203,2023-02-12 02:00:00+00:00,4.8791366580539206e-89
203,2023-02-12 03:00:00+00:00,2.714352475570548e-156
203,2023-02-12 04:00:00+00:00,2.714352475570548e-156
203,2023-02-12 05:00:00+00:00,3.3175419145862253e-156
203,2023-02-12 06:00:00+00:00,3.9207313536019023e-156
203,2023-02-12 07:00:00+00:00,4.5239207926175793e-156
203,2023-02-12 08:00:00+00:00,1.5818280185254583e-54
203,2023-02-12 09:00:00+00:00,2.1446779278123307e-54
203,2023-02-12 10:00:00+00:00,9.249010328008227e-20
203,2023-02-12 11:00:00+00:00,3.4403655627901983e-09
203,2023-02-12 12:00:00+00:00,5.3761332400090325e-05
203,2023-02-12 13:00:00+00:00,4.3666178292950606e-09
203,2023-02-12 14:00:00+00:00,0.0009999419968809774
203,2023-02-12 15:00:00+00:00,4.5430468272826034e-09
203,2023-02-12 16:00:00+00:00,0.0001998268458721783
203,2023-02-12 17:00:00+00:00,7.418730907956592e-05
203,2023-02-12 18:00:00+00:00,3.6498749982085397e-09
203,2023-02-12 19:00:00+00:00,3.921796977642178e-05
203,2023-02-12 20:00:00+00:00,2.6864072401922076e-09
203,2023-02-12 21:00:00+00:00,1.6457517945862966e-09
203,2023-02-12 22:00:00+00:00,4.2674002465597054e-11
203,2023-02-12 23:00:00+00:00,3.9453323034223127e-11
203,2023-02-13 00:00:00+00:00,8.170407414627969e-06
203,2023-02-13 01:00:00+00:00,1.5182607636635012e-05
203,2023-02-13 02:00:00+00:00,2.933129223152973e-05
203,2023-02-13 03:00:00+00:00,2.9292329178916384e-05
203,2023-02-13 04:00:00+00:00,2.9253366126303038e-05
203,2023-02-13 05:00:00+00:00,5.877349589977192e-06
203,2023-02-13 06:00:00+00:00,1.2734323035284113e-05
203,2023-02-13 07:00:00+00:00,2.0262621275604936e-05
203,2023-02-13 08:00:00+00:00,3.043400305581593e-09
203,2023-02-13 09:00:00+00:00,3.28599018721233e-09
203,2023-02-13 10:00:00+00:00,4.8695643985886034e-05
203,2023-02-13 11:00:00+00:00,3.4403655612365075e-09
203,2023-02-13 12:00:00+00:00,1.543753783475499e-10
203,2023-02-13 13:00:00+00:00,0.0008596453039805938
203,2023-02-13 14:00:00+00:00,0.0001812145752552621
203,2023-02-13 15:00:00+00:00,4.738838835524151e-05
203,2023-02-13 16:00:00+00:00,4.2110817306509485e-09
203,2023-02-13 17:00:00+00:00,6.500207336014494e-05
203,2023-02-13 18:00:00+00:00,1.42112479909027e-10
203,2023-02-13 19:00:00+00:00,1.1869563252133273e-19
203,2023-02-13 20:00:00+00:00,2.8449176732281913e-09
203,2023-02-13 21:00:00+00:00,0.00010676848705315455
203,2023-02-13 22:00:00+00:00,0.010072909351512307
203,2023-02-13 23:00:00+00:00,0.17699571157439709
203,2023-02-14 00:00:00+00:00,4.3210488169396103e-16
203,2023-02-14 01:00:00+00:00,8.940101486403112e-17
203,2023-02-14 02:00:00+00:00,2.6613472680294113e-89
203,2023-02-14 03:00:00+00:00,2.714352475570548e-156
203,2023-02-14 04:00:00+00:00,2.714352475570548e-156
203,2023-02-14 05:00:00+00:00,7.649113649497799e-12
203,2023-02-14 06:00:00+00:00,1.046720815195105e-11
203,2023-02-14 07:00:00+00:00,5.3181809411795136e-20
203,2023-02-14 08:00:00+00:00,4.3466607362088866e-05
203,2023-02-14 09:00:00+00:00,0.0008416137054337376
203,2023-02-14 10:00:00+00:00,3.820243316027085e-05
203,2023-02-14 11:00:00+00:00,1.1761933539281092e-09
203,2023-02-14 12:00:00+00:00,2.0807311289444e-05
203,2023-02-14 13:00:00+00:00,0.00037458926963443564
203,2023-02-14 14:00:00+00:00,1.1903285542151407
203,2023-02-14 15:00:00+00:00,0.0008993220028300802
203,2023-02-14 16:00:00+00:00,0.0002027638035901796
203,2023-02-14 17:00:00+00:00,3.977003779781424e-09
203,2023-02-14 18:00:00+00:00,1.366104858804469e-10
203,2023-02-14 19:00:00+00:00,1.2640314116555212e-19
203,2023-02-14 20:00:00+00:00,1.0456520006181645e-19
203,2023-02-14 21:00:00+00:00,6.951299772697654e-11
203,2023-02-14 22:00:00+00:00,6.782607571207089e-20
203,2023-02-14 23:00:00+00:00,1.2504287892274392e-10
203,2023-02-15 00:00:00+00:00,2.7858877081309617e-11
203,2023-02-15 01:00:00+00:00,7.026125055334943e-55
203,2023-02-15 02:00:00+00:00,7.690665347449885e-156
203,2023-02-15 03:00:00+00:00,1.079051204389967e-20
203,2023-02-15 04:00:00+00:00,3.377105640398856e-06
203,2023-02-15 05:00:00+00:00,1.7642900297122642e-10
203,2023-02-15 06:00:00+00:00,0.0033054731629978927
203,2023-02-15 07:00:00+00:00,6.367226072278442e-05
203,2023-02-15 08:00:00+00:00,0.01939930452131495
203,2023-02-15 09:00:00+00:00,1.6289481183543322
203,2023-02-15 10:00:00+00:00,1.4359806944880549
203,2023-02-15 11:00:00+00:00,2.302700641094799
203,2023-02-15 12:00:00+00:00,0.9936210137586352
203,2023-02-15 13:00:00+00:00,0.6145635756857252
203,2023-02-15 14:00:00+00:00,1.0355112973432767
203,2023-02-15 15:00:00+00:00,0.6812510278519559
203,2023-02-15 16:00:00+00:00,0.3061464313180163
203,2023-02-15 17:00:00+00:00,0.2314537374587675
203,2023-02-15 18:00:00+00:00,0.30785449301363366
203,2023-02-15 19:00:00+00:00,0.3304175997320916
203,2023-02-15 20:00:00+00:00,0.5767557116884295
203,2023-02-15 21:00:00+00:00,0.3783715393463633
203,2023-02-15 22:00:00+00:00,0.36758704550679
203,2023-02-15 23:00:00+00:00,0.2669027886916886
203,2023-02-16 00:00:00+00:00,0.23918937861168715
203,2023-02-16 01:00:00+00:00,0.08658269121814773
203,2023-02-16 02:00:00+00:00,2.9251364598860172e-05
203,2023-02-16 03:00:00+00:00,0.04690905121219515
203,2023-02-16 04:00:00+00:00,0.029082774205010917
203,2023-02-16 05:00:00+00:00,0.03666154542219202
203,2023-02-16 06:00:00+00:00,0.10707117670032354
203,2023-02-16 07:00:00+00:00,0.5226444123322788
203,2023-02-16 08:00:00+00:00,2.282915763173111
203,2023-02-16 09:00:00+00:00,1.0405240790836285
203,2023-02-16 10:00:00+00:00,0.6441813947383069
203,2023-02-16 11:00:00+00:00,0.18975710731512796
203,2023-02-16 12:00:00+00:00,0.2240133479029641
203,2023-02-16 13:00:00+00:00,0.20871635940525057
203,2023-02-16 14:00:00+00:00,0.24830254833706317
203,2023-02-16 15:00:00+00:00,0.18623400876551613
203,2023-02-16 16:00:00+00:00,0.20637522570071606
203,2023-02-16 17:00:00+00:00,0.16671912643252038
203,2023-02-16 18:00:00+00:00,0.26229757766529443
203,2023-02-16 19:00:00+00:00,0.26061953320563636
203,2023-02-16 20:00:00+00:00,0.12925530233039878
203,2023-02-16 21:00:00+00:00,0.3717713125760549
203,2023-02-16 22:00:00+00:00,0.1918398939582851
203,2023-02-16 23:00:00+00:00,0.061811855474866645
203,2023-02-17 00:00:00+00:00,0.05215400162712579
203,2023-02-17 01:00:00+00:00,0.015792804552075258
203,2023-02-17 02:00:00+00:00,0.012011152347468693
203,2023-02-17 03:00:00+00:00,0.010429421156004542
203,2023-02-17 04:00:00+00:00,0.009810073762082311
203,2023-02-17 05:00:00+00:00,0.009810073762082311
203,2023-02-17 06:00:00+00:00,0.014360928544103887
203,2023-02-17 07:00:00+00:00,0.09091007803471404
203,2023-02-17 08:00:00+00:00,0.21662890205252555
203,2023-02-17 09:00:00+00:00,0.18485198397816438
203,2023-02-17 10:00:00+00:00,0.1972507155446841
203,2023-02-17 11:00:00+00:00,0.22210941343210935
203,2023-02-17 12:00:00+00:00,0.22133646595580278
203,2023-02-17 13:00:00+00:00,0.24524042124060788
203,2023-02-17 14:00:00+00:00,0.21858291091694657
203,2023-02-17 15:00:00+00:00,0.3489377382834397
203,2023-02-17 16:00:00+00:00,0.37501238872305565
203,2023-02-17 17:00:00+00:00,0.19748382837643544
203,2023-02-17 18:00:00+00:00,0.21710440838602826
203,2023-02-17 19:00:00+00:00,0.22518946548961677
203,2023-02-17 20:00:00+00:00,0.17543494703476603
203,2023-02-17 21:00:00+00:00,0.124843082656929
203,2023-02-17 22:00:00+00:00,0.07767606531559566
203,2023-02-17 23:00:00+00:00,0.0723577691077054
203,2023-02-18 00:00:00+00:00,0.04727362665944044
203,2023-02-18 01:00:00+00:00,0.03378432295868823
203,2023-02-18 02:00:00+00:00,0.014686880001112845
203,2023-02-18 03:00:00+00:00,0.005858639714031853
203,2023-02-18 04:00:00+00:00,0.007820058043728163
203,2023-02-18 05:00:00+00:00,0.0093115417342368
203,2023-02-18 06:00:00+00:00,0.01761337374891452
203,2023-02-18 07:00:00+00:00,0.03577831999010305
203,2023-02-18 08:00:00+00:00,0.08512593839899303
203,2023-02-18 09:00:00+00:00,0.1262518351700854
203,2023-02-18 10:00:00+00:00,0.1416156091565702
203,2023-02-18 11:00:00+00:00,0.22549864448013937
203,2023-02-18 12:00:00+00:00,0.24487434436423766
203,2023-02-18 13:00:00+00:00,0.17897816064513378
203,2023-02-18 14:00:00+00:00,0.20290128420286263
203,2023-02-18 15:00:00+00:00,0.19763038051356827
203,2023-02-18 16:00:00+00:00,0.21521160482996868
203,2023-02-18 17:00:00+00:00,0.20079453608797546
203,2023-02-18 18:00:00+00:00,0.20674460826006896
203,2023-02-18 19:00:00+00:00,0.1814359421056897
203,2023-02-18 20:00:00+00:00,0.11491151280261691
203,2023-02-18 21:00:00+00:00,0.08707989956383379
203,2023-02-18 22:00:00+00:00,0.07710593099224887
203,2023-02-18 23:00:00+00:00,0.05928878064116976
203,2023-02-19 00:00:00+00:00,0.05157818933771748
203,2023-02-19 01:00:00+00:00,0.05353373129744725
203,2023-02-19 02:00:00+00:00,0.02006020595405439
203,2023-02-19 03:00:00+00:00,0.008814380504067253
203,2023-02-19 04:00:00+00:00,0.013665194442824132
203,2023-02-19 05:00:00+00:00,0.007097334501876314
203,2023-02-19 06:00:00+00:00,0.01761337374891452
203,2023-02-19 07:00:00+00:00,0.03531764506098581
203,2023-02-19 08:00:00+00:00,0.058527824319069895
203,2023-02-19 09:00:00+00:00,0.07784412795943002
203,2023-02-19 10:00:00+00:00,0.15399641576203774
203,2023-02-19 11:00:00+00:00,0.3433432351877602
203,2023-02-19 12:00:00+00:00,0.18102827455827045
203,2023-02-19 13:00:00+00:00,0.2445614648841248
203,2023-02-19 14:00:00+00:00,0.21142732066894224
203,2023-02-19 15:00:00+00:00,0.18779600870323454
203,2023-02-19 16:00:00+00:00,0.17931837599481096
203,2023-02-19 17:00:00+00:00,0.25131517852685137
203,2023-02-19 18:00:00+00:00,0.19953625007974454
203,2023-02-19 19:00:00+00:00,0.14938856341402215
203,2023-02-19 20:00:00+00:00,0.11105541971213624
203,2023-02-19 21:00:00+00:00,0.07608343994272536
203,2023-02-19 22:00:00+00:00,0.046907974035702224
203,2023-02-19 23:00:00+00:00,0.03875303788667582
203,2023-02-20 00:00:00+00:00,0.017023727915198128
203,2023-02-20 01:00:00+00:00,0.011051606039830207
203,2023-02-20 02:00:00+00:00,0.018461278577090637
203,2023-02-20 03:00:00+00:00,0.013546074149344662
203,2023-02-20 04:00:00+00:00,0.010429421156004542
203,2023-02-20 05:00:00+00:00,0.009810073762082311
203,2023-02-20 06:00:00+00:00,0.02652193607506536
203,2023-02-20 07:00:00+00:00,0.10564874565906102
203,2023-02-20 08:00:00+00:00,0.2837110909612057
203,2023-02-20 09:00:00+00:00,0.19916224789469222
203,2023-02-20 10:00:00+00:00,0.28676703094432765
203,2023-02-20 11:00:00+00:00,0.20444781553442373
203,2023-02-20 12:00:00+00:00,0.19893018147483965
203,2023-02-20 13:00:00+00:00,0.19377677404683066
203,2023-02-20 14:00:00+00:00,0.19406739169735318
203,2023-02-20 15:00:00+00:00,0.19039309373318605
203,2023-02-20 16:00:00+00:00,0.1819351657069704
203,2023-02-20 17:00:00+00:00,0.2136817845936126
203,2023-02-20 18:00:00+00:00,0.20373237287688833
203,2023-02-20 19:00:00+00:00,0.19693243770671798
203,2023-02-20 20:00:00+00:00,0.1381840683392676
203,2023-02-20 21:00:00+00:00,0.013025551158325443
203,2023-02-20 22:00:00+00:00,0.028478372463171885
203,2023-02-20 23:00:00+00:00,0.0628094127169742
203,2023-02-21 00:00:00+00:00,0.024742101209492835
203,2023-02-21 01:00:00+00:00,0.007716681895798545
203,2023-02-21 02:00:00+00:00,0.0067876608049152
203,2023-02-21 03:00:00+00:00,0.005858639714031853
203,2023-02-21 04:00:00+00:00,0.020403470188168547
203,2023-02-21 05:00:00+00:00,0.0093115417342368
203,2023-02-21 06:00:00+00:00,0.03127653898649175
203,2023-02-21 07:00:00+00:00,0.11695158339485127
203,2023-02-21 08:00:00+00:00,0.3524913071400416
203,2023-02-21 09:00:00+00:00,0.2274520517751634
203,2023-02-21 10:00:00+00:00,0.2352716909283672
203,2023-02-21 11:00:00+00:00,0.6360785571930437
203,2023-02-21 12:00:00+00:00,0.7434334268813845
203,2023-02-21 13:00:00+00:00,0.8097251642164045
203,2023-02-21 14:00:00+00:00,1.9360617138204081
203,2023-02-21 15:00:00+00:00,0.8784592937579355
203,2023-02-21 16:00:00+00:00,0.8809386491706374
203,2023-02-21 17:00:00+00:00,0.9990634402783086
203,2023-02-21 18:00:00+00:00,0.40076061453703693
203,2023-02-21 19:00:00+00:00,0.15316408285865296
203,2023-02-21 20:00:00+00:00,0.44940114752969973
203,2023-02-21 21:00:00+00:00,0.3771459974475739
203,2023-02-21 22:00:00+00:00,0.24900378149232344
203,2023-02-21 23:00:00+00:00,0.2054476640873514
203,2023-02-22 00:00:00+00:00,0.10588388453524554
203,2023-02-22 01:00:00+00:00,0.05321675497891728
203,2023-02-22 02:00:00+00:00,0.032998192301118605
203,2023-02-22 03:00:00+00:00,0.04377280979170683
203,2023-02-22 04:00:00+00:00,0.044724506158223036
203,2023-02-22 05:00:00+00:00,0.05660944944872248
203,2023-02-22 06:00:00+00:00,0.09568601482087925
203,2023-02-22 07:00:00+00:00,0.33411257448888537
203,2023-02-22 08:00:00+00:00,0.7450703091474734
203,2023-02-22 09:00:00+00:00,0.3399101440682604
203,2023-02-22 10:00:00+00:00,0.5237512166834335
203,2023-02-22 11:00:00+00:00,0.4221875674353884
203,2023-02-22 12:00:00+00:00,0.46341923125266726
203,2023-02-22 13:00:00+00:00,0.3835648709501816
203,2023-02-22 14:00:00+00:00,0.4028172364964768
203,2023-02-22 15:00:00+00:00,0.2253559151704606
203,2023-02-22 16:00:00+00:00,0.47069205224224125
203,2023-02-22 17:00:00+00:00,2.741630987588316e-15
203,2023-02-22 18:00:00+00:00,0.5235480693536775
203,2023-02-22 19:00:00+00:00,0.78469460633308
203,2023-02-22 20:00:00+00:00,0.8199396805214901
203,2023-02-22 21:00:00+00:00,0.24927124574068232
203,2023-02-22 22:00:00+00:00,0.23065023606574633
203,2023-02-22 23:00:00+00:00,0.16732212985205105
203,2023-02-23 00:00:00+00:00,0.03371388198228747
203,2023-02-23 01:00:00+00:00,0.016816991306361728
203,2023-02-23 02:00:00+00:00,0.009951153168937209
203,2023-02-23 03:00:00+00:00,0.010055105908562694
203,2023-02-23 04:00:00+00:00,0.013994063084278502
203,2023-02-23 05:00:00+00:00,0.01675567833744926
203,2023-02-23 06:00:00+00:00,0.027447605346181392
203,2023-02-23 07:00:00+00:00,0.12128932878769853
203,2023-02-23 08:00:00+00:00,0.00910900561715346
203,2023-02-23 09:00:00+00:00,0.008138160189484904
203,2023-02-23 10:00:00+00:00,4.1858619507704787e-07
203,2023-02-23 11:00:00+00:00,0.005876706531372892
203,2023-02-23 12:00:00+00:00,1.8178205617964062e-15
203,2023-02-23 13:00:00+00:00,2.294625933146146e-15
203,2023-02-23 14:00:00+00:00,2.8906326614631497e-15
203,2023-02-23 15:00:00+00:00,2.9353331608680043e-15
203,2023-02-23 16:00:00+00:00,4.92452603999874e-07
203,2023-02-23 17:00:00+00:00,5.786313631899191e-07
203,2023-02-23 18:00:00+00:00,4.0524831034943975e-07
203,2023-02-23 19:00:00+00:00,0.008516647386034998
203,2023-02-23 20:00:00+00:00,0.19726026069391348
203,2023-02-23 21:00:00+00:00,0.13796882006044583
203,2023-02-23 22:00:00+00:00,0.09575567135175965
203,2023-02-23 23:00:00+00:00,0.13386609426718593
203,2023-02-24 00:00:00+00:00,0.08071968591790828
203,2023-02-24 01:00:00+00:00,0.08303647235889475
203,2023-02-24 02:00:00+00:00,0.03380628732299075
203,2023-02-24 03:00:00+00:00,0.01839075449564641
203,2023-02-24 04:00:00+00:00,0.008442540766995658
203,2023-02-24 05:00:00+00:00,0.007820058043728163
203,2023-02-24 06:00:00+00:00,0.04579141689984797
203,2023-02-24 07:00:00+00:00,0.15461826364654155
203,2023-02-24 08:00:00+00:00,0.5579021762153964
203,2023-02-24 09:00:00+00:00,0.6234876494536944
203,2023-02-24 10:00:00+00:00,0.5387631424013113
203,2023-02-24 11:00:00+00:00,0.6180381369859195
203,2023-02-24 12:00:00+00:00,0.7896413665621095
203,2023-02-24 13:00:00+00:00,0.4937935987553943
203,2023-02-24 14:00:00+00:00,0.55275139575117
203,2023-02-24 15:00:00+00:00,1.013520555234706
203,2023-02-24 16:00:00+00:00,0.9829692130012871
203,2023-02-24 17:00:00+00:00,0.48542801461105095
203,2023-02-24 18:00:00+00:00,3.8472954382714653e-07
203,2023-02-24 19:00:00+00:00,0.2207012196469883
203,2023-02-24 20:00:00+00:00,0.3145367032577132
203,2023-02-24 21:00:00+00:00,2.708484271587333e-07
203,2023-02-24 22:00:00+00:00,1.430416155982906e-15
203,2023-02-24 23:00:00+00:00,1.6415043319627816e-07
203,2023-02-25 00:00:00+00:00,1.5183868124865255e-07
203,2023-02-25 01:00:00+00:00,6.155626240417206e-08
203,2023-02-25 02:00:00+00:00,0.0005442594671019784
203,2023-02-25 03:00:00+00:00,0.006559563223156061
203,2023-02-25 04:00:00+00:00,0.028219609489030573
203,2023-02-25 05:00:00+00:00,0.014358877115304425
203,2023-02-25 06:00:00+00:00,0.04713469057143518
203,2023-02-25 07:00:00+00:00,0.10428306155900695
203,2023-02-25 08:00:00+00:00,0.06931489315174647
203,2023-02-25 09:00:00+00:00,0.15396687805317144
203,2023-02-25 10:00:00+00:00,0.007623494067050776
203,2023-02-25 11:00:00+00:00,0.006035945477900517
203,2023-02-25 12:00:00+00:00,4.001190326185232e-07
203,2023-02-25 13:00:00+00:00,4.7603871792696313e-07
203,2023-02-25 14:00:00+00:00,5.150242037424921e-07
203,2023-02-25 15:00:00+00:00,0.007704918532539814
203,2023-02-25 16:00:00+00:00,4.076422107602362e-07
203,2023-02-25 17:00:00+00:00,3.610807463990991e-15
203,2023-02-25 18:00:00+00:00,2.9353331677176792e-15
203,2023-02-25 19:00:00+00:00,6.659687961915192e-29
203,2023-02-25 20:00:00+00:00,6.405177593941569e-29
203,2023-02-25 21:00:00+00:00,2.6264063402533984e-07
203,2023-02-25 22:00:00+00:00,1.549617497604872e-15
203,2023-02-25 23:00:00+00:00,1.5389106944555306e-07
203,2023-02-26 00:00:00+00:00,0.0034289461190706717
203,2023-02-26 01:00:00+00:00,9.130848473158927e-08
203,2023-02-26 02:00:00+00:00,4.3089459494844106e-08
203,2023-02-26 03:00:00+00:00,0.0004665673584176434
203,2023-02-26 04:00:00+00:00,0.0003975077062537901
203,2023-02-26 05:00:00+00:00,0.00028960199974776933
203,2023-02-26 06:00:00+00:00,2.5648679735511078e-08
203,2023-02-26 07:00:00+00:00,3.8986029320128706e-08
203,2023-02-26 08:00:00+00:00,8.791099298055624e-16
203,2023-02-26 09:00:00+00:00,9.38710607149692e-16
203,2023-02-26 10:00:00+00:00,0.007194351883973147
203,2023-02-26 11:00:00+00:00,0.006382439471946585
203,2023-02-26 12:00:00+00:00,0.00685226329468017
203,2023-02-26 13:00:00+00:00,7.041453513878376e-29
203,2023-02-26 14:00:00+00:00,8.465886899428767e-51
203,2023-02-26 15:00:00+00:00,1.0290542769713723e-87
203,2023-02-26 16:00:00+00:00,9.024954902221235e-51
203,2023-02-26 17:00:00+00:00,9.743756620097261e-51
203,2023-02-26 18:00:00+00:00,8.718394049502124e-29
203,2023-02-26 19:00:00+00:00,2.206218253278254e-15
203,2023-02-26 20:00:00+00:00,6.229614888258905e-51
203,2023-02-26 21:00:00+00:00,4.073209734630823e-51
203,2023-02-26 22:00:00+00:00,3.1148074441294527e-51
203,2023-02-26 23:00:00+00:00,2.5026852850483832e-29
203,2023-02-27 00:00:00+00:00,4.924503259258934e-08
203,2023-02-27 01:00:00+00:00,0.0003500699861758918
203,2023-02-27 02:00:00+00:00,0.00035982229054618454
203,2023-02-27 03:00:00+00:00,0.00037021704977630303
203,2023-02-27 04:00:00+00:00,2.1202995950881575e-08
203,2023-02-27 05:00:00+00:00,0.0003896400769473868
203,2023-02-27 06:00:00+00:00,3.7250420827478385e-16
203,2023-02-27 07:00:00+00:00,1.1771133085496945e-15
203,2023-02-27 08:00:00+00:00,3.2631368952627863e-15
203,2023-02-27 09:00:00+00:00,2.77143134529007e-15
203,2023-02-27 10:00:00+00:00,4.0627506560477586e-07
203,2023-02-27 11:00:00+00:00,2.6522299674319293e-15
203,2023-02-27 12:00:00+00:00,1.2814144938829298e-15
203,2023-02-27 13:00:00+00:00,1.2565808792534694e-15
203,2023-02-27 14:00:00+00:00,2.599279891335056e-08
203,2023-02-27 15:00:00+00:00,3.488205025222092e-07
203,2023-02-27 16:00:00+00:00,3.061984588003117e-15
203,2023-02-27 17:00:00+00:00,4.4320751194695227e-07
203,2023-02-27 18:00:00+00:00,3.857547326743541e-07
203,2023-02-27 19:00:00+00:00,0.007116720961465938
203,2023-02-27 20:00:00+00:00,3.3445679903949834e-07
203,2023-02-27 21:00:00+00:00,4.8356969914529907e-29
203,2023-02-27 22:00:00+00:00,3.0965428103156627e-29
203,2023-02-27 23:00:00+00:00,1.993664549107507e-29
203,2023-02-28 00:00:00+00:00,0.014994181403622065
203,2023-02-28 01:00:00+00:00,3.4881931145742814e-08
203,2023-02-28 02:00:00+00:00,2.1232739789795764e-16
203,2023-02-28 03:00:00+00:00,2.3596690666091033e-08
203,2023-02-28 04:00:00+00:00,2.1202995950881575e-08
203,2023-02-28 05:00:00+00:00,1.2311552198071825e-08
203,2023-02-28 06:00:00+00:00,0.0006619125782450039
203,2023-02-28 07:00:00+00:00,0.22874219856063188
203,2023-02-28 08:00:00+00:00,0.22706988951276363
203,2023-02-28 09:00:00+00:00,0.22905135138687832
203,2023-02-28 10:00:00+00:00,0.007903431836649492
203,2023-02-28 11:00:00+00:00,0.0064992223796815915
203,2023-02-28 12:00:00+00:00,3.65236044193747e-07
203,2023-02-28 13:00:00+00:00,4.021692754123095e-07
203,2023-02-28 14:00:00+00:00,0.007695860245745469
203,2023-02-28 15:00:00+00:00,0.00795943409900096
203,2023-02-28 16:00:00+00:00,0.22987061885879365
203,2023-02-28 17:00:00+00:00,0.207003801709229
203,2023-02-28 18:00:00+00:00,0.0075687737838108496
203,2023-02-28 19:00:00+00:00,0.009218262625101937
203,2023-02-28 20:00:00+00:00,0.006960113020554743
203,2023-02-28 21:00:00+00:00,0.004120220986620494
203,2023-02-28 22:00:00+00:00,0.00046877006079418905
203,2023-02-28 23:00:00+00:00,1.8625210984756487e-16
203,2023-03-01 00:00:00+00:00,1.9370219005886075e-16
203,2023-03-01 01:00:00+00:00,4.126454306325343e-52
203,2023-03-01 02:00:00+00:00,4.383234115065663e-30
203,2023-03-01 03:00:00+00:00,4.383234115065663e-30
203,2023-03-01 04:00:00+00:00,4.383234115065663e-30
203,2023-03-01 05:00:00+00:00,0.012459832388072526
203,2023-03-01 06:00:00+00:00,0.000623861944205478
203,2023-03-01 07:00:00+00:00,2.1750055063314222e-07
203,2023-03-01 08:00:00+00:00,3.0247341984207933e-15
203,2023-03-01 09:00:00+00:00,3.307837409481172e-15
203,2023-03-01 10:00:00+00:00,2.2201251232149345e-15
203,2023-03-01 11:00:00+00:00,3.016284750274678e-07
203,2023-03-01 12:00:00+00:00,3.41213854953818e-15
203,2023-03-01 13:00:00+00:00,4.206367288548353e-07
203,2023-03-01 14:00:00+00:00,4.0114414899845085e-07
203,2023-03-01 15:00:00+00:00,4.575702845038359e-07
203,2023-03-01 16:00:00+00:00,2.89063265690514e-15
203,2023-03-01 17:00:00+00:00,4.349996965159342e-07
203,2023-03-01 18:00:00+00:00,3.878071004317654e-07
203,2023-03-01 19:00:00+00:00,0.007351449314301352
203,2023-03-01 20:00:00+00:00,3.7652046600753535e-07
203,2023-03-01 21:00:00+00:00,0.00431470776961236
203,2023-03-01 22:00:00+00:00,1.620986730491374e-07
203,2023-03-01 23:00:00+00:00,1.8261703821418774e-07
203,2023-03-02 00:00:00+00:00,9.028251546752047e-08
203,2023-03-02 01:00:00+00:00,2.667449198713995e-08
203,2023-03-02 02:00:00+00:00,1.4363259388354145e-08
203,2023-03-02 03:00:00+00:00,1.3679466621581018e-08
203,2023-03-02 04:00:00+00:00,1.504738104509021e-08
203,2023-03-02 05:00:00+00:00,8.94010132307444e-17
203,2023-03-02 06:00:00+00:00,5.1913457402157544e-52
203,2023-03-02 07:00:00+00:00,3.5484630240392153e-88
203,2023-03-02 08:00:00+00:00,8.50582032819966e-51
203,2023-03-02 09:00:00+00:00,9.226000838964862e-29
203,2023-03-02 10:00:00+00:00,4.3705352476775716e-07
203,2023-03-02 11:00:00+00:00,3.441938892654304e-15
203,2023-03-02 12:00:00+00:00,0.009140998819657487
203,2023-03-02 13:00:00+00:00,3.9601508866937413e-07
203,2023-03-02 14:00:00+00:00,0.009099735911318832
203,2023-03-02 15:00:00+00:00,0.008402434297739294
203,2023-03-02 16:00:00+00:00,0.009220404141301358
203,2023-03-02 17:00:00+00:00,0.008359928465154574
203,2023-03-02 18:00:00+00:00,0.1867712528051207
203,2023-03-02 19:00:00+00:00,0.20441542733272755
203,2023-03-02 20:00:00+00:00,2.9353331580572318e-15
203,2023-03-02 21:00:00+00:00,3.902492308892887e-29
203,2023-03-02 22:00:00+00:00,4.114584282200198e-29
203,2023-03-02 23:00:00+00:00,3.987329098214189e-29
203,2023-03-03 00:00:00+00:00,2.2481749170777406e-29
203,2023-03-03 01:00:00+00:00,2.969287626332021e-30
203,2023-03-03 02:00:00+00:00,3.817655519568676e-30
203,2023-03-03 03:00:00+00:00,1.1920134698015908e-16
203,2023-03-03 04:00:00+00:00,1.0430118137029936e-16
203,2023-03-03 05:00:00+00:00,8.94010132307444e-17
203,2023-03-03 06:00:00+00:00,1.7880202200476848e-16
203,2023-03-03 07:00:00+00:00,3.6055635462608675e-29
203,2023-03-03 08:00:00+00:00,2.965133521304564e-15
203,2023-03-03 09:00:00+00:00,8.589724919037398e-29
203,2023-03-03 10:00:00+00:00,8.106486040490753e-51
203,2023-03-03 11:00:00+00:00,2.682030324829816e-15
203,2023-03-03 12:00:00+00:00,3.2333365355099284e-15
203,2023-03-03 13:00:00+00:00,3.2482367029657816e-15
203,2023-03-03 14:00:00+00:00,0.008093256703607237
203,2023-03-03 15:00:00+00:00,0.0021084862947398303
203,2023-03-03 16:00:00+00:00,0.009063735014213033
203,2023-03-03 17:00:00+00:00,0.2729720709974191
203,2023-03-03 18:00:00+00:00,0.2061620609112682
203,2023-03-03 19:00:00+00:00,0.006827823000984733
203,2023-03-03 20:00:00+00:00,0.18081226458810917
203,2023-03-03 21:00:00+00:00,0.18565407228127187
203,2023-03-03 22:00:00+00:00,0.10944993048293362
203,2023-03-03 23:00:00+00:00,0.0032260988864984404
203,2023-03-04 00:00:00+00:00,6.360828454840193e-08
203,2023-03-04 01:00:00+00:00,4.1720471036379947e-16
203,2023-03-04 02:00:00+00:00,2.235025242457177e-16
203,2023-03-04 03:00:00+00:00,5.93857525266012e-30
203,2023-03-04 04:00:00+00:00,5.514391306041143e-30
203,2023-03-04 05:00:00+00:00,2.4622684457546902e-08
203,2023-03-04 06:00:00+00:00,7.211127092526651e-30
203,2023-03-04 07:00:00+00:00,1.9512461544460134e-29
203,2023-03-04 08:00:00+00:00,3.9024923088919213e-29
203,2023-03-04 09:00:00+00:00,2.585378662758888e-07
203,2023-03-04 10:00:00+00:00,3.8267755512935353e-07
203,2023-03-04 11:00:00+00:00,0.008016727132288301
203,2023-03-04 12:00:00+00:00,4.10378792152085e-07
203,2023-03-04 13:00:00+00:00,4.452610949249046e-07
203,2023-03-04 14:00:00+00:00,0.010000935212595156
203,2023-03-04 15:00:00+00:00,3.4866393927428602e-15
203,2023-03-04 16:00:00+00:00,0.20624711678588847
203,2023-03-04 17:00:00+00:00,0.5184086916740707
203,2023-03-04 18:00:00+00:00,5.540081891136986e-07
203,2023-03-04 19:00:00+00:00,8.441260537711917e-29
203,2023-03-04 20:00:00+00:00,0.006629656418545439
203,2023-03-04 21:00:00+00:00,0.11652031749704886
203,2023-03-04 22:00:00+00:00,0.08384746192271907
203,2023-03-04 23:00:00+00:00,0.08984034902020857
203,2023-03-05 00:00:00+00:00,0.048433109283578614
203,2023-03-05 01:00:00+00:00,0.04023279787744849
203,2023-03-05 02:00:00+00:00,0.04395541472228385
203,2023-03-05 03:00:00+00:00,0.032407060834074325
203,2023-03-05 04:00:00+00:00,0.024223101657810463
203,2023-03-05 05:00:00+00:00,0.02072588109800057
203,2023-03-05 06:00:00+00:00,0.05584315226925191
203,2023-03-05 07:00:00+00:00,0.09138763823402758
203,2023-03-05 08:00:00+00:00,0.27115673471373536
203,2023-03-05 09:00:00+00:00,0.07603727816506539
203,2023-03-05 10:00:00+00:00,0.16276970989210937
203,2023-03-05 11:00:00+00:00,0.19021492463039627
203,2023-03-05 12:00:00+00:00,0.4077849770539588
203,2023-03-05 13:00:00+00:00,0.269844351399615
203,2023-03-05 14:00:00+00:00,0.22754788777625543
203,2023-03-05 15:00:00+00:00,0.3361752477286555
203,2023-03-05 16:00:00+00:00,0.36736116150314374
203,2023-03-05 17:00:00+00:00,0.4404449747182416
203,2023-03-05 18:00:00+00:00,0.4003738100565719
203,2023-03-05 19:00:00+00:00,0.2671302127845757
203,2023-03-05 20:00:00+00:00,0.1975827492074428
203,2023-03-05 21:00:00+00:00,0.13943112921911413
203,2023-03-05 22:00:00+00:00,0.13628513818753848
203,2023-03-05 23:00:00+00:00,0.03176482904612703
203,2023-03-06 00:00:00+00:00,0.007755328057096074
203,2023-03-06 01:00:00+00:00,0.013012269566593605
203,2023-03-06 02:00:00+00:00,0.02471325551182367
203,2023-03-06 03:00:00+00:00,0.012493912469078643
203,2023-03-06 04:00:00+00:00,0.022103562903889668
203,2023-03-06 05:00:00+00:00,0.008542478421028185
203,2023-03-06 06:00:00+00:00,0.022967137643237195
203,2023-03-06 07:00:00+00:00,0.06577863548025309
203,2023-03-06 08:00:00+00:00,0.3059028239504176
203,2023-03-06 09:00:00+00:00,0.3512793396312847
203,2023-03-06 10:00:00+00:00,0.311171241015969
203,2023-03-06 11:00:00+00:00,0.2302464246200836
203,2023-03-06 12:00:00+00:00,0.25140671246895613
203,2023-03-06 13:00:00+00:00,0.24063239919153956
203,2023-03-06 14:00:00+00:00,0.1522687256831111
203,2023-03-06 15:00:00+00:00,0.1645283355377029
203,2023-03-06 16:00:00+00:00,0.12804830827038807
203,2023-03-06 17:00:00+00:00,0.16654098938007825
203,2023-03-06 18:00:00+00:00,0.1252548039708551
203,2023-03-06 19:00:00+00:00,0.11027452803282897
203,2023-03-06 20:00:00+00:00,0.11256867478625295
203,2023-03-06 21:00:00+00:00,0.03655601998912197
203,2023-03-06 22:00:00+00:00,0.039990678951676385
203,2023-03-06 23:00:00+00:00,0.029272612285730148
203,2023-03-07 00:00:00+00:00,0.007441416387388664
203,2023-03-07 01:00:00+00:00,0.0077693676831058845
203,2023-03-07 02:00:00+00:00,0.032584659411695534
203,2023-03-07 03:00:00+00:00,1.0321809367721512e-29
203,2023-03-07 04:00:00+00:00,4.583431406050653e-89
203,2023-03-07 05:00:00+00:00,8.320088531032086e-12
203,2023-03-07 06:00:00+00:00,3.6162325077653136e-54
203,2023-03-07 07:00:00+00:00,0.0002760798890636262
203,2023-03-07 08:00:00+00:00,0.19206501256553737
203,2023-03-07 09:00:00+00:00,0.6996762709663747
203,2023-03-07 10:00:00+00:00,0.4839629887754252
203,2023-03-07 11:00:00+00:00,0.0
203,2023-03-07 12:00:00+00:00,0.0
203,2023-03-07 13:00:00+00:00,0.0
203,2023-03-07 14:00:00+00:00,0.0
203,2023-03-07 15:00:00+00:00,0.0
203,2023-03-07 16:00:00+00:00,0.0
203,2023-03-07 17:00:00+00:00,0.22621625022575248
203,2023-03-07 18:00:00+00:00,0.65165413213807
203,2023-03-07 19:00:00+00:00,0.3663995523607814
203,2023-03-07 20:00:00+00:00,4.391222992248529e-88
203,2023-03-07 21:00:00+00:00,3.347701386537009e-155
203,2023-03-07 22:00:00+00:00,1.9452859408255593e-155
203,2023-03-07 23:00:00+00:00,1.5833722774161528e-155
203,2023-03-08 00:00:00+00:00,4.5239207926175793e-156
203,2023-03-08 01:00:00+00:00,2.714352475570548e-156
203,2023-03-08 02:00:00+00:00,2.114610581657691e-55
203,2023-03-08 03:00:00+00:00,2.714352475570548e-156
203,2023-03-08 04:00:00+00:00,4.583431406050653e-89
203,2023-03-08 05:00:00+00:00,4.126454306325343e-52
203,2023-03-08 06:00:00+00:00,4.113143163401713e-51
203,2023-03-08 07:00:00+00:00,2.396005726253425e-52
203,2023-03-08 08:00:00+00:00,3.7138088756928086e-51
203,2023-03-08 09:00:00+00:00,1.3750294218151957e-88
203,2023-03-08 10:00:00+00:00,2.4839241168274505e-88
203,2023-03-08 11:00:00+00:00,3.548463024039215e-88
203,2023-03-08 12:00:00+00:00,3.1492609338348033e-88
203,2023-03-08 13:00:00+00:00,2.7500588436303913e-88
203,2023-03-08 14:00:00+00:00,5.292987327362569e-155
203,2023-03-08 15:00:00+00:00,2.2621451778249996e-88
203,2023-03-08 16:00:00+00:00,2.7953400139623295e-51
203,2023-03-08 17:00:00+00:00,5.990014315633563e-51
203,2023-03-08 18:00:00+00:00,4.193010020943494e-51
203,2023-03-08 19:00:00+00:00,5.766252414063726e-88
203,2023-03-08 20:00:00+00:00,4.193010020943494e-51
203,2023-03-08 21:00:00+00:00,3.064890658165839e-51
203,2023-03-08 22:00:00+00:00,1.6971707227628427e-51
203,2023-03-08 23:00:00+00:00,1.2301334451945599e-29
203,2023-03-09 00:00:00+00:00,2.8310319953874324e-16
203,2023-03-09 01:00:00+00:00,0.00035047789402340026
203,2023-03-09 02:00:00+00:00,1.6928054337184667e-08
203,2023-03-09 03:00:00+00:00,1.1175126333199748e-16
203,2023-03-09 04:00:00+00:00,4.126454306325343e-52
203,2023-03-09 05:00:00+00:00,2.6613472680294113e-89
203,2023-03-09 06:00:00+00:00,5.428704951141096e-156
203,2023-03-09 07:00:00+00:00,2.223562446560467e-54
203,2023-03-09 08:00:00+00:00,4.243015088492867e-54
203,2023-03-09 09:00:00+00:00,4.7460692946524496e-88
203,2023-03-09 10:00:00+00:00,5.455761899460292e-88
203,2023-03-09 11:00:00+00:00,5.031612025132193e-51
203,2023-03-09 12:00:00+00:00,0.1608537059852403
203,2023-03-09 13:00:00+00:00,1.7441201556065155e-07
203,2023-03-09 14:00:00+00:00,1.2516686218926226e-07
203,2023-03-09 15:00:00+00:00,1.0579119784746863e-15
203,2023-03-09 16:00:00+00:00,1.5594468586994226e-07
203,2023-03-09 17:00:00+00:00,5.896156858007929e-29
203,2023-03-09 18:00:00+00:00,7.289134461880553e-88
203,2023-03-09 19:00:00+00:00,7.404150363917439e-155
203,2023-03-09 20:00:00+00:00,2.5582205434629137e-09
203,2023-03-09 21:00:00+00:00,8.132215564197776e-11
203,2023-03-09 22:00:00+00:00,2.971837782632843e-88
203,2023-03-09 23:00:00+00:00,0.05056300015485935
203,2023-03-10 00:00:00+00:00,0.009623852445663026
203,2023-03-10 01:00:00+00:00,0.0394048259276635
203,2023-03-10 02:00:00+00:00,0.048354627229705155
203,2023-03-10 03:00:00+00:00,0.05805432232820845
203,2023-03-10 04:00:00+00:00,0.0785199814085416
203,2023-03-10 05:00:00+00:00,0.0785199814085416
203,2023-03-10 06:00:00+00:00,0.4118985331067427
203,2023-03-10 07:00:00+00:00,0.35723642043889825
203,2023-03-10 08:00:00+00:00,0.9497487830115487
203,2023-03-10 09:00:00+00:00,0.6078702853002818
203,2023-03-10 10:00:00+00:00,1.0034004537346597
203,2023-03-10 11:00:00+00:00,0.5015785765007137
203,2023-03-10 12:00:00+00:00,0.4378417112147889
203,2023-03-10 13:00:00+00:00,1.0903846408569722
203,2023-03-10 14:00:00+00:00,0.49071869087241243
203,2023-03-10 15:00:00+00:00,1.0731210422925328
203,2023-03-10 16:00:00+00:00,0.8765295632604322
203,2023-03-10 17:00:00+00:00,1.1396291485451768
203,2023-03-10 18:00:00+00:00,0.4506411171152686
203,2023-03-10 19:00:00+00:00,1.1715413081020778e-19
203,2023-03-10 20:00:00+00:00,3.921798087676497e-05
203,2023-03-10 21:00:00+00:00,6.705532487428563e-20
203,2023-03-10 22:00:00+00:00,2.661347268029411e-88
203,2023-03-10 23:00:00+00:00,5.79034717177911e-52
203,2023-03-11 00:00:00+00:00,1.195746313405768e-54
203,2023-03-11 01:00:00+00:00,6.333489109664612e-156
203,2023-03-11 02:00:00+00:00,5.609661782845799e-156
203,2023-03-11 03:00:00+00:00,3.7980392115482235e-55
203,2023-03-11 04:00:00+00:00,4.674718152371499e-156
203,2023-03-11 05:00:00+00:00,3.630082013568697e-55
203,2023-03-11 06:00:00+00:00,4.624505169512137e-21
203,2023-03-11 07:00:00+00:00,2.1369121373338645e-55
203,2023-03-11 08:00:00+00:00,2.8517781863018114e-20
203,2023-03-11 09:00:00+00:00,5.475155033324129e-11
203,2023-03-11 10:00:00+00:00,3.74911643749411e-10
203,2023-03-11 11:00:00+00:00,1.1765444855732719e-05
203,2023-03-11 12:00:00+00:00,3.429292726904714e-05
203,2023-03-11 13:00:00+00:00,0.00011580497075407687
203,2023-03-11 14:00:00+00:00,0.0004051305953025176
203,2023-03-11 15:00:00+00:00,0.00014203520973803948
203,2023-03-11 16:00:00+00:00,0.00011656674724824692
203,2023-03-11 17:00:00+00:00,0.00013615613125043396
203,2023-03-11 18:00:00+00:00,4.4855544867621016e-05
203,2023-03-11 19:00:00+00:00,0.00011509493265090562
203,2023-03-11 20:00:00+00:00,9.99113695021416e-05
203,2023-03-11 21:00:00+00:00,0.008872134740814707
203,2023-03-11 22:00:00+00:00,0.19603981754414582
203,2023-03-11 23:00:00+00:00,0.08745857670812512
203,2023-03-12 00:00:00+00:00,0.026421567139648394
203,2023-03-12 01:00:00+00:00,0.014349939524703478
203,2023-03-12 02:00:00+00:00,0.01152259282450308
203,2023-03-12 03:00:00+00:00,0.008624006439745533
203,2023-03-12 04:00:00+00:00,0.020119840114026108
203,2023-03-12 05:00:00+00:00,0.012493912469078643
203,2023-03-12 06:00:00+00:00,0.15704662510798056
203,2023-03-12 07:00:00+00:00,0.021099689473434713
203,2023-03-12 08:00:00+00:00,0.052534035812887625
203,2023-03-12 09:00:00+00:00,0.05969155594490825
203,2023-03-12 10:00:00+00:00,0.062327137625500365
203,2023-03-12 11:00:00+00:00,0.16010558810835104
203,2023-03-12 12:00:00+00:00,0.21410361296284022
203,2023-03-12 13:00:00+00:00,0.10593215084190954
203,2023-03-12 14:00:00+00:00,0.23559819204462248
203,2023-03-12 15:00:00+00:00,0.13121657945319087
203,2023-03-12 16:00:00+00:00,0.17830539946899251
203,2023-03-12 17:00:00+00:00,0.7282499663549383
203,2023-03-12 18:00:00+00:00,1.2104791239992314
203,2023-03-12 19:00:00+00:00,0.5331734779841308
203,2023-03-12 20:00:00+00:00,0.875641111450975
203,2023-03-12 21:00:00+00:00,0.32897002855408664
203,2023-03-12 22:00:00+00:00,0.11688265891145985
203,2023-03-12 23:00:00+00:00,0.06934290587216077
203,2023-03-13 00:00:00+00:00,0.04800868169982242
203,2023-03-13 01:00:00+00:00,0.0438943307873521
203,2023-03-13 02:00:00+00:00,0.031642708070219294
203,2023-03-13 03:00:00+00:00,0.02852734450242691
203,2023-03-13 04:00:00+00:00,0.028962044605184048
203,2023-03-13 05:00:00+00:00,0.016777730679366585
203,2023-03-13 06:00:00+00:00,0.01876519751540263
203,2023-03-13 07:00:00+00:00,0.13796028629185095
203,2023-03-13 08:00:00+00:00,0.7655421184952224
203,2023-03-13 09:00:00+00:00,0.315110898069539
203,2023-03-13 10:00:00+00:00,0.2640238578250919
203,2023-03-13 11:00:00+00:00,0.2429791041543102
203,2023-03-13 12:00:00+00:00,0.280527510721451
203,2023-03-13 13:00:00+00:00,0.3188397377479197
203,2023-03-13 14:00:00+00:00,0.3135770483688631
203,2023-03-13 15:00:00+00:00,0.49411275723375475
203,2023-03-13 16:00:00+00:00,0.658243601136347
203,2023-03-13 17:00:00+00:00,0.3193068903132567
203,2023-03-13 18:00:00+00:00,0.1503058320192369
203,2023-03-13 19:00:00+00:00,0.2966122125965169
203,2023-03-13 20:00:00+00:00,0.38212162869591615
203,2023-03-13 21:00:00+00:00,0.272519769130078
203,2023-03-13 22:00:00+00:00,0.18197026436053856
203,2023-03-13 23:00:00+00:00,0.04876083300295282
203,2023-03-14 00:00:00+00:00,0.054433442290655755
203,2023-03-14 01:00:00+00:00,0.03544482195547132
203,2023-03-14 02:00:00+00:00,0.0389864302827184
203,2023-03-14 03:00:00+00:00,0.027561798431714944
203,2023-03-14 04:00:00+00:00,0.017145219471150427
203,2023-03-14 05:00:00+00:00,0.0359387033567828
203,2023-03-14 06:00:00+00:00,0.06800290427516154
203,2023-03-14 07:00:00+00:00,0.3196257699539594
203,2023-03-14 08:00:00+00:00,0.5511140931531419
203,2023-03-14 09:00:00+00:00,0.8925252779576562
203,2023-03-14 10:00:00+00:00,0.5296554938299167
203,2023-03-14 11:00:00+00:00,0.8571488040721739
203,2023-03-14 12:00:00+00:00,0.7940617894685373
203,2023-03-14 13:00:00+00:00,0.4543806967607305
203,2023-03-14 14:00:00+00:00,0.24176647974275445
203,2023-03-14 15:00:00+00:00,0.24205709739327694
203,2023-03-14 16:00:00+00:00,0.25456528786295357
203,2023-03-14 17:00:00+00:00,0.30767255106478203
203,2023-03-14 18:00:00+00:00,0.5927759882806602
203,2023-03-14 19:00:00+00:00,0.4597418392812051
203,2023-03-14 20:00:00+00:00,0.24071987633299657
203,2023-03-14 21:00:00+00:00,0.1176198645303584
203,2023-03-14 22:00:00+00:00,0.053444042630010916
203,2023-03-14 23:00:00+00:00,0.13968185312730413
203,2023-03-15 00:00:00+00:00,0.015682974699300623
203,2023-03-15 01:00:00+00:00,0.011281018381991258
203,2023-03-15 02:00:00+00:00,0.011385521705276586
203,2023-03-15 03:00:00+00:00,2.2788746218622423e-10
203,2023-03-15 04:00:00+00:00,3.377105640398856e-06
203,2023-03-15 05:00:00+00:00,2.2788746288198034e-10
203,2023-03-15 06:00:00+00:00,1.5437537861791335e-10
203,2023-03-15 07:00:00+00:00,0.00022322824149120636
203,2023-03-15 08:00:00+00:00,4.0852126606311916e-05
203,2023-03-15 09:00:00+00:00,0.020714237516080408
203,2023-03-15 10:00:00+00:00,0.0008179123871558923
203,2023-03-15 11:00:00+00:00,0.02624786406713994
203,2023-03-15 12:00:00+00:00,1.2429147319170566
203,2023-03-15 13:00:00+00:00,1.6812023546719677
203,2023-03-15 14:00:00+00:00,0.7042468751327864
203,2023-03-15 15:00:00+00:00,1.626655029424738
203,2023-03-15 16:00:00+00:00,0.019271957165363507
203,2023-03-15 17:00:00+00:00,0.0008888924280578043
203,2023-03-15 18:00:00+00:00,0.00015036085935378428
203,2023-03-15 19:00:00+00:00,0.000799737882132869
203,2023-03-15 20:00:00+00:00,0.013827441777522325
203,2023-03-15 21:00:00+00:00,0.012113628640863874
203,2023-03-15 22:00:00+00:00,0.009994026099702914
203,2023-03-15 23:00:00+00:00,0.007359536501329793
203,2023-03-16 00:00:00+00:00,0.1151246335345616
203,2023-03-16 01:00:00+00:00,0.10083928622786147
203,2023-03-16 02:00:00+00:00,0.09994220032151808
203,2023-03-16 03:00:00+00:00,0.05727004176919236
203,2023-03-16 04:00:00+00:00,0.02821756294269532
203,2023-03-16 05:00:00+00:00,0.046544400527177
203,2023-03-16 06:00:00+00:00,0.10215455464116453
203,2023-03-16 07:00:00+00:00,0.56325752499809
203,2023-03-16 08:00:00+00:00,0.9509978587146395
203,2023-03-16 09:00:00+00:00,2.078811370220272
203,2023-03-16 10:00:00+00:00,0.7106439272541447
203,2023-03-16 11:00:00+00:00,2.0826287777531953
203,2023-03-16 12:00:00+00:00,0.6750686585791932
203,2023-03-16 13:00:00+00:00,0.36173907975494873
203,2023-03-16 14:00:00+00:00,0.640502954168659
203,2023-03-16 15:00:00+00:00,0.6475667318697049
203,2023-03-16 16:00:00+00:00,1.7361901098580268
203,2023-03-16 17:00:00+00:00,1.4767879142763658
203,2023-03-16 18:00:00+00:00,0.9271691153964053
203,2023-03-16 19:00:00+00:00,1.7720118558544806
203,2023-03-16 20:00:00+00:00,1.5217826038603512
203,2023-03-16 21:00:00+00:00,1.0599201148477246
203,2023-03-16 22:00:00+00:00,0.9096341122245347
203,2023-03-16 23:00:00+00:00,0.1584422559277096
203,2023-03-17 00:00:00+00:00,0.08101650892474811
203,2023-03-17 01:00:00+00:00,0.019403914641533383
203,2023-03-17 02:00:00+00:00,0.021474822513987576
203,2023-03-17 03:00:00+00:00,0.03556558706330476
203,2023-03-17 04:00:00+00:00,0.0018194174703605353
203,2023-03-17 05:00:00+00:00,5.023311150429191e-05
203,2023-03-17 06:00:00+00:00,1.1755173290149405e-05
203,2023-03-17 07:00:00+00:00,0.010436498489337346
203,2023-03-17 08:00:00+00:00,1.3058958967613963
203,2023-03-17 09:00:00+00:00,1.153509115886825
203,2023-03-17 10:00:00+00:00,1.0408831410336288
203,2023-03-17 11:00:00+00:00,1.7491457729916515
203,2023-03-17 12:00:00+00:00,0.8333005275619509
203,2023-03-17 13:00:00+00:00,0.5810183759225485
203,2023-03-17 14:00:00+00:00,0.9360214087654576
203,2023-03-17 15:00:00+00:00,1.9268751699400457
203,2023-03-17 16:00:00+00:00,1.0063518578728843
203,2023-03-17 17:00:00+00:00,1.3691771928557748
203,2023-03-17 18:00:00+00:00,1.427115890973134
203,2023-03-17 19:00:00+00:00,0.9932320584587152
203,2023-03-17 20:00:00+00:00,0.930531399010972
203,2023-03-17 21:00:00+00:00,0.012227374480588993
203,2023-03-17 22:00:00+00:00,0.010153085298951025
203,2023-03-17 23:00:00+00:00,0.007633376862634106
203,2023-03-18 00:00:00+00:00,0.0026029721163129357
203,2023-03-18 01:00:00+00:00,0.00010182383625521898
203,2023-03-18 02:00:00+00:00,5.877296927100629e-06
203,2023-03-18 03:00:00+00:00,5.877244262517078e-06
203,2023-03-18 04:00:00+00:00,5.877302778686312e-06
203,2023-03-18 05:00:00+00:00,1.323217525680562e-10
203,2023-03-18 06:00:00+00:00,5.55588067720267e-06
203,2023-03-18 07:00:00+00:00,0.0001376128858803704
203,2023-03-18 08:00:00+00:00,0.0002112976903465552
203,2023-03-18 09:00:00+00:00,0.8457107183558807
203,2023-03-18 10:00:00+00:00,0.8887737970016613
203,2023-03-18 11:00:00+00:00,0.5264708265999049
203,2023-03-18 12:00:00+00:00,0.5749378160824774
203,2023-03-18 13:00:00+00:00,0.32733516810981256
203,2023-03-18 14:00:00+00:00,0.3439183694762837
203,2023-03-18 15:00:00+00:00,0.27063895377258834
203,2023-03-18 16:00:00+00:00,0.27586533380270195
203,2023-03-18 17:00:00+00:00,0.2846930391948781
203,2023-03-18 18:00:00+00:00,0.2352242240351124
203,2023-03-18 19:00:00+00:00,0.22322969376449436
203,2023-03-18 20:00:00+00:00,0.13701370114871855
203,2023-03-18 21:00:00+00:00,0.10569326018913577
203,2023-03-18 22:00:00+00:00,0.1316648951904193
203,2023-03-18 23:00:00+00:00,0.12675821683704727
203,2023-03-19 00:00:00+00:00,0.14045748228790889
203,2023-03-19 01:00:00+00:00,0.0289571280821321
203,2023-03-19 02:00:00+00:00,0.02100096059087313
203,2023-03-19 03:00:00+00:00,0.022591843262349726
203,2023-03-19 04:00:00+00:00,0.01440667245317291
203,2023-03-19 05:00:00+00:00,0.015670617230700994
203,2023-03-19 06:00:00+00:00,0.0314031108050004
203,2023-03-19 07:00:00+00:00,0.06553024397920167
203,2023-03-19 08:00:00+00:00,0.037295600793294297
203,2023-03-19 09:00:00+00:00,0.08501092876145072
203,2023-03-19 10:00:00+00:00,0.15208691814946246
203,2023-03-19 11:00:00+00:00,0.2415599361631074
203,2023-03-19 12:00:00+00:00,0.5362523217453895
203,2023-03-19 13:00:00+00:00,0.3542857827077395
203,2023-03-19 14:00:00+00:00,0.23781349077288533
203,2023-03-19 15:00:00+00:00,0.27210568900976345
203,2023-03-19 16:00:00+00:00,0.26912555834337976
203,2023-03-19 17:00:00+00:00,0.3172454846181463
203,2023-03-19 18:00:00+00:00,0.15976978251838228
203,2023-03-19 19:00:00+00:00,0.1587874224745285
203,2023-03-19 20:00:00+00:00,0.10646629041950068
203,2023-03-19 21:00:00+00:00,0.07893787279542995
203,2023-03-19 22:00:00+00:00,0.0504868751073588
203,2023-03-19 23:00:00+00:00,0.11340154184515076
203,2023-03-20 00:00:00+00:00,0.030431790098893862
203,2023-03-20 01:00:00+00:00,0.03715839334190612
203,2023-03-20 02:00:00+00:00,0.019403891122334437
203,2023-03-20 03:00:00+00:00,0.03982480845342828
203,2023-03-20 04:00:00+00:00,0.06131170604086561
203,2023-03-20 05:00:00+00:00,0.03609567544411342
203,2023-03-20 06:00:00+00:00,0.10745143189945408
203,2023-03-20 07:00:00+00:00,0.32063217873743205
203,2023-03-20 08:00:00+00:00,0.7849178529560615
203,2023-03-20 09:00:00+00:00,0.7105813535392912
203,2023-03-20 10:00:00+00:00,0.5960090783959161
203,2023-03-20 11:00:00+00:00,0.4914934289717681
203,2023-03-20 12:00:00+00:00,0.5533453085363201
203,2023-03-20 13:00:00+00:00,0.49708507972972293
203,2023-03-20 14:00:00+00:00,0.49228312515884504
203,2023-03-20 15:00:00+00:00,0.6214474648540433
203,2023-03-20 16:00:00+00:00,0.5986238099850065
203,2023-03-20 17:00:00+00:00,0.6221545124329522
203,2023-03-20 18:00:00+00:00,0.5664652122597034
203,2023-03-20 19:00:00+00:00,0.5289540401044288
203,2023-03-20 20:00:00+00:00,1.1555481370969791
203,2023-03-20 21:00:00+00:00,0.5290467551735824
203,2023-03-20 22:00:00+00:00,0.5122235199156814
203,2023-03-20 23:00:00+00:00,0.14743135360035242
203,2023-03-21 00:00:00+00:00,0.05266472075859695
203,2023-03-21 01:00:00+00:00,0.11336181420947539
203,2023-03-21 02:00:00+00:00,0.12957198286817048
203,2023-03-21 03:00:00+00:00,0.06350432919365824
203,2023-03-21 04:00:00+00:00,0.06529829359139766
203,2023-03-21 05:00:00+00:00,0.04357398917576897
203,2023-03-21 06:00:00+00:00,0.10810403633349484
203,2023-03-21 07:00:00+00:00,0.5923613131069602
203,2023-03-21 08:00:00+00:00,0.8480922849469484
203,2023-03-21 09:00:00+00:00,0.8227506715067874
203,2023-03-21 10:00:00+00:00,0.21560715896804594
203,2023-03-21 11:00:00+00:00,0.29988210977339613
203,2023-03-21 12:00:00+00:00,0.18048745143872832
203,2023-03-21 13:00:00+00:00,0.24066269837925847
203,2023-03-21 14:00:00+00:00,0.2606833549425307
203,2023-03-21 15:00:00+00:00,0.246983579102868
203,2023-03-21 16:00:00+00:00,0.2534435815384054
203,2023-03-21 17:00:00+00:00,0.3059977254696265
203,2023-03-21 18:00:00+00:00,0.16755027110370768
203,2023-03-21 19:00:00+00:00,0.6944504804073528
203,2023-03-21 20:00:00+00:00,0.4468798494487531
203,2023-03-21 21:00:00+00:00,0.3480533818015647
203,2023-03-21 22:00:00+00:00,0.30439684562661984
203,2023-03-21 23:00:00+00:00,0.22934075314150662
203,2023-03-22 00:00:00+00:00,0.06831493946005668
203,2023-03-22 01:00:00+00:00,0.066419667081689
203,2023-03-22 02:00:00+00:00,0.07120751377152346
203,2023-03-22 03:00:00+00:00,0.039892355441843955
203,2023-03-22 04:00:00+00:00,0.04357398917576897
203,2023-03-22 05:00:00+00:00,0.022103562903889668
203,2023-03-22 06:00:00+00:00,0.020734751236047993
203,2023-03-22 07:00:00+00:00,0.10611249959463136
203,2023-03-22 08:00:00+00:00,0.3932363250764027
203,2023-03-22 09:00:00+00:00,0.36794813138727955
203,2023-03-22 10:00:00+00:00,0.445041705131273
203,2023-03-22 11:00:00+00:00,0.5097452694768573
203,2023-03-22 12:00:00+00:00,0.4045720060780358
203,2023-03-22 13:00:00+00:00,0.6580573509398615
203,2023-03-22 14:00:00+00:00,0.622473119793507
203,2023-03-22 15:00:00+00:00,0.6992296254238858
203,2023-03-22 16:00:00+00:00,0.6137193704282107
203,2023-03-22 17:00:00+00:00,0.9676083546853841
203,2023-03-22 18:00:00+00:00,0.8335339783510826
203,2023-03-22 19:00:00+00:00,0.5391112136282187
203,2023-03-22 20:00:00+00:00,0.5568198364883161
203,2023-03-22 21:00:00+00:00,0.27026613208215194
203,2023-03-22 22:00:00+00:00,0.16482748098482156
203,2023-03-22 23:00:00+00:00,0.04192601345603813
203,2023-03-23 00:00:00+00:00,0.011193943858082948
203,2023-03-23 01:00:00+00:00,0.008052119700291346
203,2023-03-23 02:00:00+00:00,0.012024289095957439
203,2023-03-23 03:00:00+00:00,0.04597974480594471
203,2023-03-23 04:00:00+00:00,0.0732433672963071
203,2023-03-23 05:00:00+00:00,0.03164270807021653
203,2023-03-23 06:00:00+00:00,0.3787745333631643
203,2023-03-23 07:00:00+00:00,0.5507315116752456
203,2023-03-23 08:00:00+00:00,0.848522857666555
203,2023-03-23 09:00:00+00:00,1.0396417497290664
203,2023-03-23 10:00:00+00:00,0.7754361565663638
203,2023-03-23 11:00:00+00:00,0.6174431214350083
203,2023-03-23 12:00:00+00:00,0.4701633986488163
203,2023-03-23 13:00:00+00:00,0.6349592997276565
203,2023-03-23 14:00:00+00:00,0.6432394784697787
203,2023-03-23 15:00:00+00:00,0.472050699680652
203,2023-03-23 16:00:00+00:00,0.5497024128477568
203,2023-03-23 17:00:00+00:00,0.2969711251633539
203,2023-03-23 18:00:00+00:00,0.20132572644147856
203,2023-03-23 19:00:00+00:00,0.5721748601812972
203,2023-03-23 20:00:00+00:00,0.6607696971663242
203,2023-03-23 21:00:00+00:00,0.32850093746865694
203,2023-03-23 22:00:00+00:00,0.20882134425549384
203,2023-03-23 23:00:00+00:00,0.1992932540756738
203,2023-03-24 00:00:00+00:00,0.03477507101571443
203,2023-03-24 01:00:00+00:00,0.013568008581326448
203,2023-03-24 02:00:00+00:00,0.012873334812910394
203,2023-03-24 03:00:00+00:00,0.028546581985512413
203,2023-03-24 04:00:00+00:00,0.05340939873902474
203,2023-03-24 05:00:00+00:00,0.023322576225001
203,2023-03-24 06:00:00+00:00,0.11827775664680547
203,2023-03-24 07:00:00+00:00,0.3495673421947835
203,2023-03-24 08:00:00+00:00,0.8919219779266823
203,2023-03-24 09:00:00+00:00,0.7879077942372673
203,2023-03-24 10:00:00+00:00,0.7983545062182043
203,2023-03-24 11:00:00+00:00,0.3073942336123173
203,2023-03-24 12:00:00+00:00,0.1599055484895045
203,2023-03-24 13:00:00+00:00,0.22874875381624152
203,2023-03-24 14:00:00+00:00,0.1724411443928372
203,2023-03-24 15:00:00+00:00,0.1872925997932049
203,2023-03-24 16:00:00+00:00,0.16080467959046116
203,2023-03-24 17:00:00+00:00,0.29310686781454487
203,2023-03-24 18:00:00+00:00,0.2750713678086766
203,2023-03-24 19:00:00+00:00,0.15214438298482785
203,2023-03-24 20:00:00+00:00,0.11485522321841649
203,2023-03-24 21:00:00+00:00,0.09013336008317152
203,2023-03-24 22:00:00+00:00,0.068849860545623
203,2023-03-24 23:00:00+00:00,0.045371070283907924
203,2023-03-25 00:00:00+00:00,0.019296988194135316
203,2023-03-25 01:00:00+00:00,0.008652144013564813
203,2023-03-25 02:00:00+00:00,0.008535500701263556
203,2023-03-25 03:00:00+00:00,0.00794434835127055
203,2023-03-25 04:00:00+00:00,0.007820058043728163
203,2023-03-25 05:00:00+00:00,0.00889724070909551
203,2023-03-25 06:00:00+00:00,0.020452882549465683
203,2023-03-25 07:00:00+00:00,0.1156773216689703
203,2023-03-25 08:00:00+00:00,0.1112219886274567
203,2023-03-25 09:00:00+00:00,0.31894190368678904
203,2023-03-25 10:00:00+00:00,0.4382742079742231
203,2023-03-25 11:00:00+00:00,0.29167804487058524
203,2023-03-25 12:00:00+00:00,0.31209259087420343
203,2023-03-25 13:00:00+00:00,0.33317371900763804
203,2023-03-25 14:00:00+00:00,0.3142568438078618
203,2023-03-25 15:00:00+00:00,0.2871628312369876
203,2023-03-25 16:00:00+00:00,0.29646549663726174
203,2023-03-25 17:00:00+00:00,0.26410907229161307
203,2023-03-25 18:00:00+00:00,0.159389257525709
203,2023-03-25 19:00:00+00:00,0.46646844777792845
203,2023-03-25 20:00:00+00:00,0.3450175028553766
203,2023-03-25 21:00:00+00:00,1.8328955288578874e-05
203,2023-03-25 22:00:00+00:00,1.5414845012703732e-05
203,2023-03-25 23:00:00+00:00,3.542747374502712e-11
203,2023-03-26 00:00:00+00:00,8.170410004697272e-06
203,2023-03-26 01:00:00+00:00,3.23241182284565e-05
203,2023-03-26 02:00:00+00:00,6.372918224056284e-06
203,2023-03-26 03:00:00+00:00,5.877279372348385e-06
203,2023-03-26 04:00:00+00:00,5.877314482698759e-06
203,2023-03-26 05:00:00+00:00,2.111306647483443e-55
203,2023-03-26 06:00:00+00:00,2.396005726253425e-52
203,2023-03-26 07:00:00+00:00,5.7453225225090344e-08
203,2023-03-26 08:00:00+00:00,0.0017134482372770819
203,2023-03-26 09:00:00+00:00,0.3505269632467627
203,2023-03-26 10:00:00+00:00,3.3445785260226095e-07
203,2023-03-26 11:00:00+00:00,2.8623987256666924e-07
203,2023-03-26 12:00:00+00:00,0.007435260040698314
203,2023-03-26 13:00:00+00:00,0.007048206779350543
203,2023-03-26 14:00:00+00:00,0.0065800349833993665
203,2023-03-26 15:00:00+00:00,0.008016482387579797
203,2023-03-26 16:00:00+00:00,0.006908459694443269
203,2023-03-26 17:00:00+00:00,0.00591575144079072
203,2023-03-26 18:00:00+00:00,0.31995394505350105
203,2023-03-26 19:00:00+00:00,0.24158389258679755
203,2023-03-26 20:00:00+00:00,0.07460296365262394
203,2023-03-26 21:00:00+00:00,0.3319343073020045
203,2023-03-26 22:00:00+00:00,0.10367164827877176
203,2023-03-26 23:00:00+00:00,3.478308362275473e-30
203,2023-03-27 00:00:00+00:00,2.7953400139623292e-52
203,2023-03-27 01:00:00+00:00,3.308634783626114e-30
203,2023-03-27 02:00:00+00:00,3.434274874296576e-52
203,2023-03-27 03:00:00+00:00,4.126454306325343e-52
203,2023-03-27 04:00:00+00:00,4.383234115059077e-30
203,2023-03-27 05:00:00+00:00,4.666023412820398e-30
203,2023-03-27 06:00:00+00:00,2.1564051536280826e-51
203,2023-03-27 07:00:00+00:00,5.455761899460294e-88
203,2023-03-27 08:00:00+00:00,6.254166079869117e-88
203,2023-03-27 09:00:00+00:00,1.5217710313207507e-10
203,2023-03-27 10:00:00+00:00,1.6505982085750246e-10
203,2023-03-27 11:00:00+00:00,1.317983971524494e-19
203,2023-03-27 12:00:00+00:00,6.929975935357377e-54
203,2023-03-27 13:00:00+00:00,0.9473423811996645
203,2023-03-27 14:00:00+00:00,9.59071208034927e-155
203,2023-03-27 15:00:00+00:00,6.14415058868717e-05
203,2023-03-27 16:00:00+00:00,1.1988247541388504
203,2023-03-27 17:00:00+00:00,0.8945614888324079
203,2023-03-27 18:00:00+00:00,0.7524076518208423
203,2023-03-27 19:00:00+00:00,0.6700854773319916
203,2023-03-27 20:00:00+00:00,0.7349591427461998
203,2023-03-27 21:00:00+00:00,0.58438701567883
203,2023-03-27 22:00:00+00:00,0.006956497704302555
203,2023-03-27 23:00:00+00:00,6.982929508024047e-05
203,2023-03-28 00:00:00+00:00,1.3010230319123759e-05
203,2023-03-28 01:00:00+00:00,1.1101585832583422e-05
203,2023-03-28 02:00:00+00:00,3.3771058418486903e-06
203,2023-03-28 03:00:00+00:00,2.2788746288198034e-10
203,2023-03-28 04:00:00+00:00,5.067368313296053e-05
203,2023-03-28 05:00:00+00:00,5.878086895325219e-06
203,2023-03-28 06:00:00+00:00,0.00025332592859006654
203,2023-03-28 07:00:00+00:00,0.00014497912140413273
203,2023-03-28 08:00:00+00:00,0.00013910106816182458
203,2023-03-28 09:00:00+00:00,1.707126329401228
203,2023-03-28 10:00:00+00:00,1.0953827838765977
203,2023-03-28 11:00:00+00:00,1.1337716993441955
203,2023-03-28 12:00:00+00:00,0.9994665026640654
203,2023-03-28 13:00:00+00:00,1.1507241229316003
203,2023-03-28 14:00:00+00:00,1.161789018298212
203,2023-03-28 15:00:00+00:00,1.8128392685265489
203,2023-03-28 16:00:00+00:00,2.0397073539644004
203,2023-03-28 17:00:00+00:00,2.108539740961646
203,2023-03-28 18:00:00+00:00,1.1237010453185035
203,2023-03-28 19:00:00+00:00,1.4417844138537583
203,2023-03-28 20:00:00+00:00,0.6635963319763565
203,2023-03-28 21:00:00+00:00,0.00035174638908050485
203,2023-03-28 22:00:00+00:00,0.5950523610399572
203,2023-03-28 23:00:00+00:00,0.0037549357951770297
203,2023-03-29 00:00:00+00:00,1.9609002174250386e-06
203,2023-03-29 01:00:00+00:00,2.97957234810327e-05
203,2023-03-29 02:00:00+00:00,0.11131384233299031
203,2023-03-29 03:00:00+00:00,0.09867232533378373
203,2023-03-29 04:00:00+00:00,0.15495311381098467
203,2023-03-29 05:00:00+00:00,0.23194223718071433
203,2023-03-29 06:00:00+00:00,5.485924942252439e-05
203,2023-03-29 07:00:00+00:00,0.00012441083502249132
203,2023-03-29 08:00:00+00:00,0.0005892675080573506
203,2023-03-29 09:00:00+00:00,0.0006436853867537647
203,2023-03-29 10:00:00+00:00,1.1595121631631111
203,2023-03-29 11:00:00+00:00,0.6668012216300208
203,2023-03-29 12:00:00+00:00,0.4314754829377693
203,2023-03-29 13:00:00+00:00,0.5011943229108556
203,2023-03-29 14:00:00+00:00,0.7862464299198646
203,2023-03-29 15:00:00+00:00,0.8085102043914821
203,2023-03-29 16:00:00+00:00,0.5511355599217617
203,2023-03-29 17:00:00+00:00,1.6601030090042135
203,2023-03-29 18:00:00+00:00,1.0904667127274141
203,2023-03-29 19:00:00+00:00,1.4099494877500411
203,2023-03-29 20:00:00+00:00,0.2066846100234693
203,2023-03-29 21:00:00+00:00,0.16495489403385588
203,2023-03-29 22:00:00+00:00,0.23584084224051752
203,2023-03-29 23:00:00+00:00,0.07197771698723895
203,2023-03-30 00:00:00+00:00,0.046166133164543204
203,2023-03-30 01:00:00+00:00,0.019289777086267845
203,2023-03-30 02:00:00+00:00,0.005858639714031853
203,2023-03-30 03:00:00+00:00,0.01078931350766223
203,2023-03-30 04:00:00+00:00,0.01078931350766223
203,2023-03-30 05:00:00+00:00,0.05914150365018904
203,2023-03-30 06:00:00+00:00,0.34914403376826825
203,2023-03-30 07:00:00+00:00,1.0538347422385317
203,2023-03-30 08:00:00+00:00,0.7208293131145338
203,2023-03-30 09:00:00+00:00,0.7888468453479495
203,2023-03-30 10:00:00+00:00,0.329968129163117
203,2023-03-30 11:00:00+00:00,0.1573087477131911
203,2023-03-30 12:00:00+00:00,0.20691569672421925
203,2023-03-30 13:00:00+00:00,0.24238483772379968
203,2023-03-30 14:00:00+00:00,0.2433123746953676
203,2023-03-30 15:00:00+00:00,0.16511830498725313
203,2023-03-30 16:00:00+00:00,0.3193410487284981
203,2023-03-30 17:00:00+00:00,0.6694213636266552
203,2023-03-30 18:00:00+00:00,0.6179920803073066
203,2023-03-30 19:00:00+00:00,0.7088085451964248
203,2023-03-30 20:00:00+00:00,0.9415205286733414
203,2023-03-30 21:00:00+00:00,0.6054135676083536
203,2023-03-30 22:00:00+00:00,0.00016706994796644652
203,2023-03-30 23:00:00+00:00,0.004614308481645658
203,2023-03-31 00:00:00+00:00,4.869399365909264e-05
203,2023-03-31 01:00:00+00:00,8.48929918575801e-06
203,2023-03-31 02:00:00+00:00,0.001270516291404595
203,2023-03-31 03:00:00+00:00,0.0011863185816699618
203,2023-03-31 04:00:00+00:00,0.0013330194411458785
203,2023-03-31 05:00:00+00:00,0.0895653783651052
203,2023-03-31 06:00:00+00:00,0.2775694778386343
203,2023-03-31 07:00:00+00:00,0.32181106821728056
203,2023-03-31 08:00:00+00:00,0.34026263285211666
203,2023-03-31 09:00:00+00:00,0.4306220411434701
203,2023-03-31 10:00:00+00:00,0.4227441560589961
203,2023-03-31 11:00:00+00:00,0.2429425973294071
203,2023-03-31 12:00:00+00:00,0.2550204120576854
203,2023-03-31 13:00:00+00:00,0.27662344987462306
203,2023-03-31 14:00:00+00:00,0.2456769840953396
203,2023-03-31 15:00:00+00:00,0.28160743640298525
203,2023-03-31 16:00:00+00:00,0.27551411777674156
203,2023-03-31 17:00:00+00:00,0.28517227546399543
203,2023-03-31 18:00:00+00:00,0.2617568371183077
203,2023-03-31 19:00:00+00:00,0.21089917367890904
203,2023-03-31 20:00:00+00:00,0.12128022286838994
203,2023-03-31 21:00:00+00:00,0.09346885678766637
203,2023-03-31 22:00:00+00:00,0.09497065233373064
203,2023-03-31 23:00:00+00:00,0.02512932820578442
203,2023-04-01 00:00:00+00:00,0.014040760534180857
203,2023-04-01 01:00:00+00:00,0.00856579988898248
203,2023-04-01 02:00:00+00:00,0.009797820711985449
203,2023-04-01 03:00:00+00:00,0.014142255151325889
203,2023-04-01 04:00:00+00:00,0.01792324019647418
203,2023-04-01 05:00:00+00:00,0.021969377897712895
203,2023-04-01 06:00:00+00:00,0.04761374121662996
203,2023-04-01 07:00:00+00:00,0.10512248288787972
203,2023-04-01 08:00:00+00:00,0.2524804309980842
203,2023-04-01 09:00:00+00:00,0.535753868323816
203,2023-04-01 10:00:00+00:00,2.3542266316850193e-15
203,2023-04-01 11:00:00+00:00,3.9806702719751176e-07
203,2023-04-01 12:00:00+00:00,3.652376830691555e-07
203,2023-04-01 13:00:00+00:00,0.008792975171183262
203,2023-04-01 14:00:00+00:00,0.008791812633817864
203,2023-04-01 15:00:00+00:00,0.2640662316620907
203,2023-04-01 16:00:00+00:00,0.5460986924757288
203,2023-04-01 17:00:00+00:00,0.5035815849944145
203,2023-04-01 18:00:00+00:00,0.4404712613395792
203,2023-04-01 19:00:00+00:00,0.11821163020365608
203,2023-04-01 20:00:00+00:00,0.003153512424372086
203,2023-04-01 21:00:00+00:00,0.14574654591240047
203,2023-04-01 22:00:00+00:00,0.16196828724354065
203,2023-04-01 23:00:00+00:00,0.08900182191400029
203,2023-04-02 00:00:00+00:00,0.07156383842255613
203,2023-04-02 01:00:00+00:00,0.05021625291222557
203,2023-04-02 02:00:00+00:00,0.03158868795436709
203,2023-04-02 03:00:00+00:00,0.018277826706133645
203,2023-04-02 04:00:00+00:00,0.02388949996639429
203,2023-04-02 05:00:00+00:00,0.048080824228418396
203,2023-04-02 06:00:00+00:00,0.12533222685830606
203,2023-04-02 07:00:00+00:00,0.16522888652682463
203,2023-04-02 08:00:00+00:00,0.11734910619456482
203,2023-04-02 09:00:00+00:00,0.13984048218083778
203,2023-04-02 10:00:00+00:00,0.0037428045481701097
203,2023-04-02 11:00:00+00:00,0.007823965328828494
203,2023-04-02 12:00:00+00:00,0.0065220718327717465
203,2023-04-02 13:00:00+00:00,4.698823114554983e-07
203,2023-04-02 14:00:00+00:00,3.2780370513995837e-15
203,2023-04-02 15:00:00+00:00,1.0307669902835774e-28
203,2023-04-02 16:00:00+00:00,3.412138558654199e-15
203,2023-04-02 17:00:00+00:00,0.24292357476502127
203,2023-04-02 18:00:00+00:00,0.20094704116092402
203,2023-04-02 19:00:00+00:00,0.32134328648157057
203,2023-04-02 20:00:00+00:00,0.20896440731286983
203,2023-04-02 21:00:00+00:00,2.6299404690385015e-29
203,2023-04-02 22:00:00+00:00,4.2531746860786796e-55
203,2023-04-02 23:00:00+00:00,1.0857409902282191e-155
203,2023-04-03 00:00:00+00:00,4.0715287133558217e-156
203,2023-04-03 01:00:00+00:00,6.1358839790678086e-89
203,2023-04-03 02:00:00+00:00,8.279747056091502e-89
203,2023-04-03 03:00:00+00:00,4.674718152371499e-156
203,2023-04-03 04:00:00+00:00,4.583431406050653e-89
203,2023-04-03 05:00:00+00:00,4.383234115072248e-30
203,2023-04-03 06:00:00+00:00,1.517470293293836e-51
203,2023-04-03 07:00:00+00:00,4.712144594965069e-51
203,2023-04-03 08:00:00+00:00,5.430946312841096e-51
203,2023-04-03 09:00:00+00:00,7.3287516840404794e-155
203,2023-04-03 10:00:00+00:00,1.5183791955211438e-19
203,2023-04-03 11:00:00+00:00,1.4644266351887977e-19
203,2023-04-03 12:00:00+00:00,7.355128207256531e-54
203,2023-04-03 13:00:00+00:00,1.4104740751070804e-19
203,2023-04-03 14:00:00+00:00,1.3950590579025738e-19
203,2023-04-03 15:00:00+00:00,1.4952566695963545e-19
203,2023-04-03 16:00:00+00:00,7.042149136080045e-54
203,2023-04-03 17:00:00+00:00,4.583913948610733e-54
203,2023-04-03 18:00:00+00:00,5.564422574919623e-155
203,2023-04-03 19:00:00+00:00,5.202508911510216e-155
203,2023-04-03 20:00:00+00:00,2.7953400139623295e-51
203,2023-04-03 21:00:00+00:00,1.9072988754210782e-88
203,2023-04-03 22:00:00+00:00,4.316204818699682e-20
203,2023-04-03 23:00:00+00:00,1.2332013763411318e-20
203,2023-04-04 00:00:00+00:00,8.478259463515049e-21
203,2023-04-04 01:00:00+00:00,7.707508603872557e-21
203,2023-04-04 02:00:00+00:00,3.1976865590456705e-55
203,2023-04-04 03:00:00+00:00,3.700621008188891e-55
203,2023-04-04 04:00:00+00:00,1.4363423833335614e-08
203,2023-04-04 05:00:00+00:00,1.0178821783389555e-155
203,2023-04-04 06:00:00+00:00,1.2419079146389884e-05
203,2023-04-04 07:00:00+00:00,4.315952525727357e-54
203,2023-04-04 08:00:00+00:00,4.2749821967976987e-54
203,2023-04-04 09:00:00+00:00,1.287153937465196e-19
203,2023-04-04 10:00:00+00:00,3.1757220606684144e-09
203,2023-04-04 11:00:00+00:00,0.5777081056831019
203,2023-04-04 12:00:00+00:00,0.40875554382249785
203,2023-04-04 13:00:00+00:00,0.46484113010693917
203,2023-04-04 14:00:00+00:00,0.28768957578168364
203,2023-04-04 15:00:00+00:00,0.4486799358306753
203,2023-04-04 16:00:00+00:00,0.5020811168669728
203,2023-04-04 17:00:00+00:00,0.0340914162830809
203,2023-04-04 18:00:00+00:00,0.19262545735827188
203,2023-04-04 19:00:00+00:00,0.2112099954647702
203,2023-04-04 20:00:00+00:00,0.07873803282653243
203,2023-04-04 21:00:00+00:00,0.21713586148494432
203,2023-04-04 22:00:00+00:00,0.14157634626348847
203,2023-04-04 23:00:00+00:00,0.40778446324745304
203,2023-04-05 00:00:00+00:00,0.1607092060741637
203,2023-04-05 01:00:00+00:00,0.049787624897810426
203,2023-04-05 02:00:00+00:00,0.046477509033870996
203,2023-04-05 03:00:00+00:00,2.2788746219523078e-10
203,2023-04-05 04:00:00+00:00,0.0014980531795454007
203,2023-04-05 05:00:00+00:00,3.1062005849558876e-05
203,2023-04-05 06:00:00+00:00,0.8263280210508827
203,2023-04-05 07:00:00+00:00,0.021526322362843398
203,2023-04-05 08:00:00+00:00,2.1606733453731164
203,2023-04-05 09:00:00+00:00,1.5452170660228113
203,2023-04-05 10:00:00+00:00,0.4980294320835094
203,2023-04-05 11:00:00+00:00,0.5930931197595036
203,2023-04-05 12:00:00+00:00,0.48689749800103194
203,2023-04-05 13:00:00+00:00,0.4764015357534718
203,2023-04-05 14:00:00+00:00,0.5021212746343096
203,2023-04-05 15:00:00+00:00,0.5322939334582163
203,2023-04-05 16:00:00+00:00,0.7040050133446927
203,2023-04-05 17:00:00+00:00,0.436824171547623
203,2023-04-05 18:00:00+00:00,0.4936119454501225
203,2023-04-05 19:00:00+00:00,0.4232932816755252
203,2023-04-05 20:00:00+00:00,0.29632970815218357
203,2023-04-05 21:00:00+00:00,0.3902694314056444
203,2023-04-05 22:00:00+00:00,0.2643957281867779
203,2023-04-05 23:00:00+00:00,0.05219048002239161
203,2023-04-06 00:00:00+00:00,0.043215035670226914
203,2023-04-06 01:00:00+00:00,0.048153245319730406
203,2023-04-06 02:00:00+00:00,0.07172179055271019
203,2023-04-06 03:00:00+00:00,0.02943917057692283
203,2023-04-06 04:00:00+00:00,0.02056879177036103
203,2023-04-06 05:00:00+00:00,0.02150318209863369
203,2023-04-06 06:00:00+00:00,0.0969838187644518
203,2023-04-06 07:00:00+00:00,0.3892559416783796
203,2023-04-06 08:00:00+00:00,0.33908032815213063
203,2023-04-06 09:00:00+00:00,0.25620271675767137
203,2023-04-06 10:00:00+00:00,0.4652239552619137
203,2023-04-06 11:00:00+00:00,0.26852086261659
203,2023-04-06 12:00:00+00:00,0.43370641931198434
203,2023-04-06 13:00:00+00:00,0.7225744605959155
203,2023-04-06 14:00:00+00:00,0.5940446736646996
203,2023-04-06 15:00:00+00:00,0.32908141952873937
203,2023-04-06 16:00:00+00:00,0.514094264404696
203,2023-04-06 17:00:00+00:00,0.8005066947478736
203,2023-04-06 18:00:00+00:00,0.7632189576328272
203,2023-04-06 19:00:00+00:00,0.5280183909840632
203,2023-04-06 20:00:00+00:00,0.44713128882323866
203,2023-04-06 21:00:00+00:00,0.1582718144770571
203,2023-04-06 22:00:00+00:00,0.18703925261851134
203,2023-04-06 23:00:00+00:00,0.11309563483703898
203,2023-04-07 00:00:00+00:00,0.03945129415200855
203,2023-04-07 01:00:00+00:00,0.013436791586700185
203,2023-04-07 02:00:00+00:00,0.007820058043728163
203,2023-04-07 03:00:00+00:00,0.012979985874452288
203,2023-04-07 04:00:00+00:00,0.014847941120003899
203,2023-04-07 05:00:00+00:00,0.03090886384183746
203,2023-04-07 06:00:00+00:00,0.08667512423858306
203,2023-04-07 07:00:00+00:00,0.31381363762140607
203,2023-04-07 08:00:00+00:00,0.3181860319953676
203,2023-04-07 09:00:00+00:00,2.6059090853644443e-07
203,2023-04-07 10:00:00+00:00,0.0073212305109339884
203,2023-04-07 11:00:00+00:00,3.7344443378859866e-07
203,2023-04-07 12:00:00+00:00,2.4734279692807435e-15
203,2023-04-07 13:00:00+00:00,3.725042092319659e-15
203,2023-04-07 14:00:00+00:00,4.306148641329984e-15
203,2023-04-07 15:00:00+00:00,3.88894393547355e-15
203,2023-04-07 16:00:00+00:00,9.671393982906728e-29
203,2023-04-07 17:00:00+00:00,4.201847465264701e-15
203,2023-04-07 18:00:00+00:00,3.3856228152474517e-07
203,2023-04-07 19:00:00+00:00,1.4751166779499073e-15
203,2023-04-07 20:00:00+00:00,2.6755397276496583e-51
203,2023-04-07 21:00:00+00:00,2.4359391550243153e-51
203,2023-04-07 22:00:00+00:00,1.153250482812745e-88
203,2023-04-07 23:00:00+00:00,1.5298227298990965e-11
203,2023-04-08 00:00:00+00:00,5.881097030402854e-156
203,2023-04-08 01:00:00+00:00,7.012077228557249e-156
203,2023-04-08 02:00:00+00:00,1.7631394865286266e-05
203,2023-04-08 03:00:00+00:00,7.964425558349585e-21
203,2023-04-08 04:00:00+00:00,7.964425556601006e-21
203,2023-04-08 05:00:00+00:00,7.964425558932445e-21
203,2023-04-08 06:00:00+00:00,9.856068289096982e-55
203,2023-04-08 07:00:00+00:00,8.110687803101332e-55
203,2023-04-08 08:00:00+00:00,1.860010601468168e-54
203,2023-04-08 09:00:00+00:00,0.00012489173075652682
203,2023-04-08 10:00:00+00:00,0.022874132184300757
203,2023-04-08 11:00:00+00:00,0.02521776218115404
203,2023-04-08 12:00:00+00:00,7.353369579751805e-05
203,2023-04-08 13:00:00+00:00,5.948059553307043e-05
203,2023-04-08 14:00:00+00:00,1.4335966008934413e-19
203,2023-04-08 15:00:00+00:00,0.00019688788849376432
203,2023-04-08 16:00:00+00:00,0.0008429316367093897
203,2023-04-08 17:00:00+00:00,1.437228196247003e-10
203,2023-04-08 18:00:00+00:00,9.259453365179375e-11
203,2023-04-08 19:00:00+00:00,7.640604145178657e-05
203,2023-04-08 20:00:00+00:00,0.061221893664290206
203,2023-04-08 21:00:00+00:00,0.07305843552627037
203,2023-04-08 22:00:00+00:00,0.0001854796552281877
203,2023-04-08 23:00:00+00:00,0.00015598765063810203
203,2023-04-09 00:00:00+00:00,5.229065626228035e-06
203,2023-04-09 01:00:00+00:00,2.86697130465233e-10
203,2023-04-09 02:00:00+00:00,8.051698578416873e-12
203,2023-04-09 03:00:00+00:00,3.104905146034313e-89
203,2023-04-09 04:00:00+00:00,3.338772274130975e-55
203,2023-04-09 05:00:00+00:00,4.2151794430748284e-55
203,2023-04-09 06:00:00+00:00,7.93873385965082e-20
203,2023-04-09 07:00:00+00:00,1.3687887583314546e-11
203,2023-04-09 08:00:00+00:00,9.04198642406852e-10
203,2023-04-09 09:00:00+00:00,3.065453927248167e-09
203,2023-04-09 10:00:00+00:00,0.0001586854244419396
203,2023-04-09 11:00:00+00:00,0.00019492720155835956
203,2023-04-09 12:00:00+00:00,0.0009482208653646392
203,2023-04-09 13:00:00+00:00,0.02391472002186604
203,2023-04-09 14:00:00+00:00,0.9935205122896359
203,2023-04-09 15:00:00+00:00,1.6207749976232755
203,2023-04-09 16:00:00+00:00,0.9265771815544925
203,2023-04-09 17:00:00+00:00,0.7967505152875809
203,2023-04-09 18:00:00+00:00,0.0004598315417351166
203,2023-04-09 19:00:00+00:00,8.252746531894113e-05
203,2023-04-09 20:00:00+00:00,6.80786692062324e-05
203,2023-04-09 21:00:00+00:00,0.00016319968802642597
203,2023-04-09 22:00:00+00:00,0.4461102596806117
203,2023-04-09 23:00:00+00:00,0.3590848097935181
203,2023-04-10 00:00:00+00:00,0.11044158679974564
203,2023-04-10 01:00:00+00:00,0.0014960087259181948
203,2023-04-10 02:00:00+00:00,0.10461158509687167
203,2023-04-10 03:00:00+00:00,0.1828728501877222
203,2023-04-10 04:00:00+00:00,0.1383006680028102
203,2023-04-10 05:00:00+00:00,0.04047332030097565
203,2023-04-10 06:00:00+00:00,0.3578650360039585
203,2023-04-10 07:00:00+00:00,0.055485078203399846
203,2023-04-10 08:00:00+00:00,0.06730810253171336
203,2023-04-10 09:00:00+00:00,0.10241464417986752
203,2023-04-10 10:00:00+00:00,0.13383549310940543
203,2023-04-10 11:00:00+00:00,0.1694861100146503
203,2023-04-10 12:00:00+00:00,0.1842216269311254
203,2023-04-10 13:00:00+00:00,0.268819729751557
203,2023-04-10 14:00:00+00:00,0.2579365939499314
203,2023-04-10 15:00:00+00:00,0.20246610653771865
203,2023-04-10 16:00:00+00:00,0.23259247268005545
203,2023-04-10 17:00:00+00:00,0.27581092254059747
203,2023-04-10 18:00:00+00:00,0.18695008780199945
203,2023-04-10 19:00:00+00:00,0.1455295565266458
203,2023-04-10 20:00:00+00:00,0.11077866482314323
203,2023-04-10 21:00:00+00:00,0.0855122147338425
203,2023-04-10 22:00:00+00:00,0.09797748736393914
203,2023-04-10 23:00:00+00:00,0.03401552312659179
203,2023-04-11 00:00:00+00:00,0.015038644841936953
203,2023-04-11 01:00:00+00:00,0.024856021628080607
203,2023-04-11 02:00:00+00:00,0.03650365452558498
203,2023-04-11 03:00:00+00:00,0.035380821469441055
203,2023-04-11 04:00:00+00:00,0.012493912469078643
203,2023-04-11 05:00:00+00:00,0.03981525754545515
203,2023-04-11 06:00:00+00:00,0.08795819436439903
203,2023-04-11 07:00:00+00:00,0.8686258651317196
203,2023-04-11 08:00:00+00:00,0.8498323465603557
203,2023-04-11 09:00:00+00:00,0.6451450268724319
203,2023-04-11 10:00:00+00:00,0.6093064298571864
203,2023-04-11 11:00:00+00:00,0.5803691477254295
203,2023-04-11 12:00:00+00:00,0.7028035234265629
203,2023-04-11 13:00:00+00:00,0.4933297472636114
203,2023-04-11 14:00:00+00:00,0.7928060456712908
203,2023-04-11 15:00:00+00:00,1.6966650486295611
203,2023-04-11 16:00:00+00:00,1.7090932075022225
203,2023-04-11 17:00:00+00:00,1.0451839870921817
203,2023-04-11 18:00:00+00:00,0.9486130527041645
203,2023-04-11 19:00:00+00:00,0.33474656242599876
203,2023-04-11 20:00:00+00:00,0.07166163879783263
203,2023-04-11 21:00:00+00:00,0.05259662174414032
203,2023-04-11 22:00:00+00:00,0.0560352375451272
203,2023-04-11 23:00:00+00:00,0.022716494657041297
203,2023-04-12 00:00:00+00:00,0.015226158790833558
203,2023-04-12 01:00:00+00:00,0.007716681895798545
203,2023-04-12 02:00:00+00:00,0.008542478421028185
203,2023-04-12 03:00:00+00:00,0.008542478421028185
203,2023-04-12 04:00:00+00:00,0.03164270807021889
203,2023-04-12 05:00:00+00:00,0.06100476903425593
203,2023-04-12 06:00:00+00:00,0.3772858707922266
203,2023-04-12 07:00:00+00:00,0.7402031929608835
203,2023-04-12 08:00:00+00:00,0.7402538053391439
203,2023-04-12 09:00:00+00:00,0.702203764828374
203,2023-04-12 10:00:00+00:00,0.562275351867085
203,2023-04-12 11:00:00+00:00,0.627253186209906
203,2023-04-12 12:00:00+00:00,0.5417997397511071
203,2023-04-12 13:00:00+00:00,0.5207446554483919
203,2023-04-12 14:00:00+00:00,0.5781361966337557
203,2023-04-12 15:00:00+00:00,0.2065010627865918
203,2023-04-12 16:00:00+00:00,0.2536043581470001
203,2023-04-12 17:00:00+00:00,0.20811108437873085
203,2023-04-12 18:00:00+00:00,0.264109072291613
203,2023-04-12 19:00:00+00:00,0.3031699104387997
203,2023-04-12 20:00:00+00:00,0.19444493471461113
203,2023-04-12 21:00:00+00:00,0.13726063093533591
203,2023-04-12 22:00:00+00:00,0.10589310562298203
203,2023-04-12 23:00:00+00:00,0.051215268725539984
203,2023-04-13 00:00:00+00:00,0.029309582016233272
203,2023-04-13 01:00:00+00:00,0.018118647446880687
203,2023-04-13 02:00:00+00:00,0.015549316660666487
203,2023-04-13 03:00:00+00:00,0.01566371943390868
203,2023-04-13 04:00:00+00:00,0.018347452993365067
203,2023-04-13 05:00:00+00:00,0.04251130776554021
203,2023-04-13 06:00:00+00:00,0.22979876029658106
203,2023-04-13 07:00:00+00:00,0.38840198424183997
203,2023-04-13 08:00:00+00:00,0.6022917001115302
203,2023-04-13 09:00:00+00:00,0.5023367795230257
203,2023-04-13 10:00:00+00:00,0.49628396960562093
203,2023-04-13 11:00:00+00:00,0.2616776774028698
203,2023-04-13 12:00:00+00:00,0.25722115129239603
203,2023-04-13 13:00:00+00:00,0.46590853742305816
203,2023-04-13 14:00:00+00:00,0.22846368690010446
203,2023-04-13 15:00:00+00:00,0.30330073540413166
203,2023-04-13 16:00:00+00:00,0.22006123419978507
203,2023-04-13 17:00:00+00:00,0.2661961150790566
203,2023-04-13 18:00:00+00:00,0.27238211163484843
203,2023-04-13 19:00:00+00:00,0.19471803462009482
203,2023-04-13 20:00:00+00:00,0.09430610418972925
203,2023-04-13 21:00:00+00:00,0.07011869752668458
203,2023-04-13 22:00:00+00:00,0.17116035776374408
203,2023-04-13 23:00:00+00:00,0.49607071600990243
203,2023-04-14 00:00:00+00:00,0.001345488178246139
203,2023-04-14 01:00:00+00:00,6.367135124651482e-06
203,2023-04-14 02:00:00+00:00,3.416499774211771e-05
203,2023-04-14 03:00:00+00:00,0.0011740059835400338
203,2023-04-14 04:00:00+00:00,1.3967296078094806e-10
203,2023-04-14 05:00:00+00:00,1.9609030952798203e-06
203,2023-04-14 06:00:00+00:00,4.3104218832115276e-05
203,2023-04-14 07:00:00+00:00,8.424971972267761e-05
203,2023-04-14 08:00:00+00:00,3.863665921837699e-54
203,2023-04-14 09:00:00+00:00,2.20536254648028e-09
203,2023-04-14 10:00:00+00:00,6.360841876952455e-11
203,2023-04-14 11:00:00+00:00,1.336581964017078e-10
203,2023-04-14 12:00:00+00:00,1.521771031320553e-10
203,2023-04-14 13:00:00+00:00,1.2486163946200434e-19
203,2023-04-14 14:00:00+00:00,5.835857822476677e-155
203,2023-04-14 15:00:00+00:00,3.9134760195472606e-51
203,2023-04-14 16:00:00+00:00,3.0163043164402695e-07
203,2023-04-14 17:00:00+00:00,0.8137503883335566
203,2023-04-14 18:00:00+00:00,1.0317531908395732
203,2023-04-14 19:00:00+00:00,0.6466889040840477
203,2023-04-14 20:00:00+00:00,0.48305404209559627
203,2023-04-14 21:00:00+00:00,0.30168087173180164
203,2023-04-14 22:00:00+00:00,0.27079772618304776
203,2023-04-14 23:00:00+00:00,0.07902575572348285
203,2023-04-15 00:00:00+00:00,0.03253555862541066
203,2023-04-15 01:00:00+00:00,0.03471644419781389
203,2023-04-15 02:00:00+00:00,0.038622548464137915
203,2023-04-15 03:00:00+00:00,0.05452614329448266
203,2023-04-15 04:00:00+00:00,0.045698677631473804
203,2023-04-15 05:00:00+00:00,0.036721765185350815
203,2023-04-15 06:00:00+00:00,0.07025622958015791
203,2023-04-15 07:00:00+00:00,0.00619490046289896
203,2023-04-15 08:00:00+00:00,0.4682772352971661
203,2023-04-15 09:00:00+00:00,1.0690425362340954
203,2023-04-15 10:00:00+00:00,1.3498335129385828
203,2023-04-15 11:00:00+00:00,1.3828482346083562
203,2023-04-15 12:00:00+00:00,1.075864043016973
203,2023-04-15 13:00:00+00:00,0.00945745756886757
203,2023-04-15 14:00:00+00:00,0.009145771341473334
203,2023-04-15 15:00:00+00:00,4.350007835251338e-07
203,2023-04-15 16:00:00+00:00,4.144816825384714e-07
203,2023-04-15 17:00:00+00:00,0.7239593786051031
203,2023-04-15 18:00:00+00:00,0.3802099621350964
203,2023-04-15 19:00:00+00:00,0.29753851696866723
203,2023-04-15 20:00:00+00:00,0.19732592878510255
203,2023-04-15 21:00:00+00:00,0.0873014215718747
203,2023-04-15 22:00:00+00:00,0.2321848679097775
203,2023-04-15 23:00:00+00:00,0.15641217781473918
203,2023-04-16 00:00:00+00:00,0.12795751814749098
203,2023-04-16 01:00:00+00:00,0.001602803064527651
203,2023-04-16 02:00:00+00:00,0.12901310939332972
203,2023-04-16 03:00:00+00:00,0.009162393365185935
203,2023-04-16 04:00:00+00:00,0.017145219471150427
203,2023-04-16 05:00:00+00:00,0.028217560078492247
203,2023-04-16 06:00:00+00:00,0.43127093592333693
203,2023-04-16 07:00:00+00:00,1.665383614335677e-05
203,2023-04-16 08:00:00+00:00,0.13656455590297378
203,2023-04-16 09:00:00+00:00,0.4091456302065027
203,2023-04-16 10:00:00+00:00,0.4525487714572898
203,2023-04-16 11:00:00+00:00,0.5867001264203511
203,2023-04-16 12:00:00+00:00,2.3509284675484
203,2023-04-16 13:00:00+00:00,0.9517454697487829
203,2023-04-16 14:00:00+00:00,0.17986636768644015
203,2023-04-16 15:00:00+00:00,0.6292276576852284
203,2023-04-16 16:00:00+00:00,0.5872017390080829
203,2023-04-16 17:00:00+00:00,0.21209591497667288
203,2023-04-16 18:00:00+00:00,0.12467410273823039
203,2023-04-16 19:00:00+00:00,0.11310783606590342
203,2023-04-16 20:00:00+00:00,0.11332770555678834
203,2023-04-16 21:00:00+00:00,0.14721667846773473
203,2023-04-16 22:00:00+00:00,0.1689915686131053
203,2023-04-16 23:00:00+00:00,0.025190499330263717
203,2023-04-17 00:00:00+00:00,0.022237290738853062
203,2023-04-17 01:00:00+00:00,0.006648926523641945
203,2023-04-17 02:00:00+00:00,0.01440667245317291
203,2023-04-17 03:00:00+00:00,0.007158608325027549
203,2023-04-17 04:00:00+00:00,0.01128411193865795
203,2023-04-17 05:00:00+00:00,0.06548439537944604
203,2023-04-17 06:00:00+00:00,0.6209795294861398
203,2023-04-17 07:00:00+00:00,5.411406111659803e-88
203,2023-04-17 08:00:00+00:00,5.202508911510216e-155
203,2023-04-17 09:00:00+00:00,1.1352894995568399e-10
203,2023-04-17 10:00:00+00:00,1.7284195465778633e-15
203,2023-04-17 11:00:00+00:00,6.4900143832713e-29
203,2023-04-17 12:00:00+00:00,8.504971090121051e-155
203,2023-04-17 13:00:00+00:00,5.71048031423733e-51
203,2023-04-17 14:00:00+00:00,7.826952039094521e-51
203,2023-04-17 15:00:00+00:00,3.3823382159938756e-15
203,2023-04-17 16:00:00+00:00,0.007591378492192499
203,2023-04-17 17:00:00+00:00,0.006773653393338941
203,2023-04-17 18:00:00+00:00,0.005994284859410541
203,2023-04-17 19:00:00+00:00,2.1339740939847896e-07
203,2023-04-17 20:00:00+00:00,1.1285457742131537e-07
203,2023-04-17 21:00:00+00:00,8.94010109530058e-16
203,2023-04-17 22:00:00+00:00,1.5694806024907072e-29
203,2023-04-17 23:00:00+00:00,4.8791366580539206e-89
203,2023-04-18 00:00:00+00:00,2.6613472680294113e-89
203,2023-04-18 01:00:00+00:00,2.9274819948323523e-89
203,2023-04-18 02:00:00+00:00,3.0541244156551494e-30
203,2023-04-18 03:00:00+00:00,4.126454306325343e-52
203,2023-04-18 04:00:00+00:00,4.3832341150677696e-30
203,2023-04-18 05:00:00+00:00,3.817655519585429e-30
203,2023-04-18 06:00:00+00:00,2.120919733103017e-29
203,2023-04-18 07:00:00+00:00,2.1456243126000224e-15
203,2023-04-18 08:00:00+00:00,5.79034717177911e-51
203,2023-04-18 09:00:00+00:00,8.292796156403288e-29
203,2023-04-18 10:00:00+00:00,2.6671301539554555e-15
203,2023-04-18 11:00:00+00:00,0.007002079569930351
203,2023-04-18 12:00:00+00:00,2.793781575620957e-15
203,2023-04-18 13:00:00+00:00,8.465886899428769e-51
203,2023-04-18 14:00:00+00:00,8.555737114163273e-51
203,2023-04-18 15:00:00+00:00,1.1909529024431616e-87
203,2023-04-18 16:00:00+00:00,8.715912302796321e-88
203,2023-04-18 17:00:00+00:00,7.347750893843838e-51
203,2023-04-18 18:00:00+00:00,7.584839713883823e-88
203,2023-04-18 19:00:00+00:00,5.351079455299315e-51
203,2023-04-18 20:00:00+00:00,3.0639830802392284e-51
203,2023-04-18 21:00:00+00:00,2.9032879287593577e-88
203,2023-04-18 22:00:00+00:00,5.012204021455392e-88
203,2023-04-18 23:00:00+00:00,3.594008589380138e-52
203,2023-04-19 00:00:00+00:00,3.6605643039982885e-52
203,2023-04-19 01:00:00+00:00,1.3906823751383835e-16
203,2023-04-19 02:00:00+00:00,1.5396840565339333e-16
203,2023-04-19 03:00:00+00:00,1.5396840850214923e-16
203,2023-04-19 04:00:00+00:00,1.5396840565339333e-16
203,2023-04-19 05:00:00+00:00,1.490016913725258e-16
203,2023-04-19 06:00:00+00:00,1.3747876092958318e-07
203,2023-04-19 07:00:00+00:00,2.1158239779162154e-15
203,2023-04-19 08:00:00+00:00,2.1406575923937428e-15
203,2023-04-19 09:00:00+00:00,2.7167973974961393e-15
203,2023-04-19 10:00:00+00:00,7.986685754178083e-51
203,2023-04-19 11:00:00+00:00,6.74874946228048e-51
203,2023-04-19 12:00:00+00:00,7.229993411479901e-88
203,2023-04-19 13:00:00+00:00,9.66956174050686e-88
203,2023-04-19 14:00:00+00:00,8.738090196696568e-88
203,2023-04-19 15:00:00+00:00,8.826801772297547e-88
203,2023-04-19 16:00:00+00:00,8.982047029599263e-88
203,2023-04-19 17:00:00+00:00,9.4921385893049e-88
203,2023-04-19 18:00:00+00:00,7.806618652886273e-88
203,2023-04-19 19:00:00+00:00,5.100915597056371e-88
203,2023-04-19 20:00:00+00:00,3.681530387440686e-88
203,2023-04-19 21:00:00+00:00,2.5158060125660964e-51
203,2023-04-19 22:00:00+00:00,1.7970042946900687e-51
203,2023-04-19 23:00:00+00:00,1.1976062706132351e-88
203,2023-04-20 00:00:00+00:00,1.0719315385118463e-88
203,2023-04-20 01:00:00+00:00,8.519131471123286e-52
203,2023-04-20 02:00:00+00:00,1.5396840884399993e-16
203,2023-04-20 03:00:00+00:00,1.5396841089510418e-16
203,2023-04-20 04:00:00+00:00,2.1202995950881575e-08
203,2023-04-20 05:00:00+00:00,2.051951535085293e-08
203,2023-04-20 06:00:00+00:00,8.344094597998687e-16
203,2023-04-20 07:00:00+00:00,2.3244263307304825e-15
203,2023-04-20 08:00:00+00:00,6.574851172606493e-29
203,2023-04-20 09:00:00+00:00,1.0382691480431508e-50
203,2023-04-20 10:00:00+00:00,8.46588689942877e-51
203,2023-04-20 11:00:00+00:00,8.54575375697055e-51
203,2023-04-20 12:00:00+00:00,8.306153184345206e-51
203,2023-04-20 13:00:00+00:00,8.026619182948974e-51
203,2023-04-20 14:00:00+00:00,8.026619182948974e-51
203,2023-04-20 15:00:00+00:00,8.017076591098723e-29
203,2023-04-20 16:00:00+00:00,9.886313849198905e-29
203,2023-04-20 17:00:00+00:00,3.3545245952364945e-15
203,2023-04-20 18:00:00+00:00,3.1066851304811607e-15
203,2023-04-20 19:00:00+00:00,2.5181284873734364e-15
203,2023-04-20 20:00:00+00:00,1.5496175361960184e-15
203,2023-04-20 21:00:00+00:00,2.5956728701078772e-51
203,2023-04-20 22:00:00+00:00,2.3560722974825345e-51
203,2023-04-20 23:00:00+00:00,1.5574037220647263e-51
203,2023-04-21 00:00:00+00:00,5.1913457402157544e-52
203,2023-04-21 01:00:00+00:00,2.9692876263428066e-30
203,2023-04-21 02:00:00+00:00,7.427617751385617e-52
203,2023-04-21 03:00:00+00:00,1.2810355187875467e-29
203,2023-04-21 04:00:00+00:00,2.1203037758927713e-08
203,2023-04-21 05:00:00+00:00,1.5396842251802826e-16
203,2023-04-21 06:00:00+00:00,1.3542804319639278e-07
203,2023-04-21 07:00:00+00:00,2.3597274678042174e-07
203,2023-04-21 08:00:00+00:00,0.004027698398116051
203,2023-04-21 09:00:00+00:00,2.3186796667034998e-07
203,2023-04-21 10:00:00+00:00,0.00794454177954533
203,2023-04-21 11:00:00+00:00,0.9368067813535558
203,2023-04-21 12:00:00+00:00,0.21154860494041525
203,2023-04-21 13:00:00+00:00,8.441260537721e-29
203,2023-04-21 14:00:00+00:00,8.65576844987497e-155
203,2023-04-21 15:00:00+00:00,5.5281087664934825e-09
203,2023-04-21 16:00:00+00:00,1.7457506998427964e-19
203,2023-04-21 17:00:00+00:00,8.210916238600907e-155
203,2023-04-21 18:00:00+00:00,5.701146663278476e-54
203,2023-04-21 19:00:00+00:00,3.919215632895717e-54
203,2023-04-21 20:00:00+00:00,2.8632416396845236e-29
203,2023-04-21 21:00:00+00:00,0.08077312189814581
203,2023-04-21 22:00:00+00:00,3.125698379248786e-51
203,2023-04-21 23:00:00+00:00,1.7788527361578458e-51
203,2023-04-22 00:00:00+00:00,4.957769552116722e-55
203,2023-04-22 01:00:00+00:00,0.05169200813723884
203,2023-04-22 02:00:00+00:00,7.890664606849243e-12
203,2023-04-22 03:00:00+00:00,0.02725255677051929
203,2023-04-22 04:00:00+00:00,0.01756700828097292
203,2023-04-22 05:00:00+00:00,5.09671566069581e-05
203,2023-04-22 06:00:00+00:00,0.00012525790057355882
203,2023-04-22 07:00:00+00:00,1.1765427013033072e-05
203,2023-04-22 08:00:00+00:00,0.756203865688986
203,2023-04-22 09:00:00+00:00,1.641699333693431e-19
203,2023-04-22 10:00:00+00:00,0.029778117731442857
203,2023-04-22 11:00:00+00:00,2.913504623213071
203,2023-04-22 12:00:00+00:00,1.4420141586773771
203,2023-04-22 13:00:00+00:00,1.1479656257221185
203,2023-04-22 14:00:00+00:00,1.3299470509142133
203,2023-04-22 15:00:00+00:00,1.251127845001114
203,2023-04-22 16:00:00+00:00,1.486840550955769
203,2023-04-22 17:00:00+00:00,1.3744063836933837
203,2023-04-22 18:00:00+00:00,0.00058830995388991
203,2023-04-22 19:00:00+00:00,9.404040617789091e-05
203,2023-04-22 20:00:00+00:00,3.279842574647745e-155
203,2023-04-22 21:00:00+00:00,4.547430083052458e-20
203,2023-04-22 22:00:00+00:00,1.0559348323795752
203,2023-04-22 23:00:00+00:00,7.27769642662894e-10
203,2023-04-23 00:00:00+00:00,0.25089743526695646
203,2023-04-23 01:00:00+00:00,0.15297951721006967
203,2023-04-23 02:00:00+00:00,0.04361266120439841
203,2023-04-23 03:00:00+00:00,0.055266325847323945
203,2023-04-23 04:00:00+00:00,0.014356126638036855
203,2023-04-23 05:00:00+00:00,0.017077575964817175
203,2023-04-23 06:00:00+00:00,0.05938237695438563
203,2023-04-23 07:00:00+00:00,0.14199799662687193
203,2023-04-23 08:00:00+00:00,0.3718784678953885
203,2023-04-23 09:00:00+00:00,0.5304543812939047
203,2023-04-23 10:00:00+00:00,0.6578662384519005
203,2023-04-23 11:00:00+00:00,0.6601508039336206
203,2023-04-23 12:00:00+00:00,0.6809746518829686
203,2023-04-23 13:00:00+00:00,0.7454535743488896
203,2023-04-23 14:00:00+00:00,0.6814176915925447
203,2023-04-23 15:00:00+00:00,0.6466002434381345
203,2023-04-23 16:00:00+00:00,0.4310428403988786
203,2023-04-23 17:00:00+00:00,0.9006883226932225
203,2023-04-23 18:00:00+00:00,0.8527970921269661
203,2023-04-23 19:00:00+00:00,0.3951585450766226
203,2023-04-23 20:00:00+00:00,0.5762420856895816
203,2023-04-23 21:00:00+00:00,0.2376353728830368
203,2023-04-23 22:00:00+00:00,0.17374189532114784
203,2023-04-23 23:00:00+00:00,0.07561462357482139
203,2023-04-24 00:00:00+00:00,0.05036988310676447
203,2023-04-24 01:00:00+00:00,0.01920654218885661
203,2023-04-24 02:00:00+00:00,0.022534167538370058
203,2023-04-24 03:00:00+00:00,0.009830964793996753
203,2023-04-24 04:00:00+00:00,0.05165324978213098
203,2023-04-24 05:00:00+00:00,0.15348949905867176
203,2023-04-24 06:00:00+00:00,0.5570318809081034
203,2023-04-24 07:00:00+00:00,0.960759956966408
203,2023-04-24 08:00:00+00:00,1.1572763184248107
203,2023-04-24 09:00:00+00:00,8.560667045494605e-88
203,2023-04-24 10:00:00+00:00,0.15371071529964053
203,2023-04-24 11:00:00+00:00,0.4721211512023396
203,2023-04-24 12:00:00+00:00,0.5332987262453149
203,2023-04-24 13:00:00+00:00,2.7267308381365996e-15
203,2023-04-24 14:00:00+00:00,4.657791757952412e-07
203,2023-04-24 15:00:00+00:00,0.2037381094631941
203,2023-04-24 16:00:00+00:00,0.17718600951530636
203,2023-04-24 17:00:00+00:00,0.11890818999395669
203,2023-04-24 18:00:00+00:00,2.83163737435619e-07
203,2023-04-24 19:00:00+00:00,0.003900024350852568
203,2023-04-24 20:00:00+00:00,1.3132300248283342e-07
203,2023-04-24 21:00:00+00:00,0.002575332390186604
203,2023-04-24 22:00:00+00:00,0.30547932772538694
203,2023-04-24 23:00:00+00:00,0.0006641560714063004
203,2023-04-25 00:00:00+00:00,2.545103679723756e-30
203,2023-04-25 01:00:00+00:00,0.025447463014285344
203,2023-04-25 02:00:00+00:00,1.2311343157841144e-08
203,2023-04-25 03:00:00+00:00,4.383234115059077e-30
203,2023-04-25 04:00:00+00:00,4.383234115061711e-30
203,2023-04-25 05:00:00+00:00,0.020473604125961213
203,2023-04-25 06:00:00+00:00,7.599086459943497e-16
203,2023-04-25 07:00:00+00:00,6.165454504268136e-88
203,2023-04-25 08:00:00+00:00,6.023412042004632e-29
203,2023-04-25 09:00:00+00:00,9.863556906409933e-51
203,2023-04-25 10:00:00+00:00,7.720147828469934e-29
203,2023-04-25 11:00:00+00:00,6.868549748593152e-51
203,2023-04-25 12:00:00+00:00,8.693734408896076e-88
203,2023-04-25 13:00:00+00:00,8.605022833295097e-88
203,2023-04-25 14:00:00+00:00,3.039634374992666e-15
203,2023-04-25 15:00:00+00:00,9.36451604071839e-155
203,2023-04-25 16:00:00+00:00,1.0689744859918135e-87
203,2023-04-25 17:00:00+00:00,8.414492674268699e-155
203,2023-04-25 18:00:00+00:00,9.58085016490588e-88
203,2023-04-25 19:00:00+00:00,5.677540838462744e-88
203,2023-04-25 20:00:00+00:00,3.554075160609247e-51
203,2023-04-25 21:00:00+00:00,3.1148074441294527e-51
203,2023-04-25 22:00:00+00:00,1.4153020102984445e-54
203,2023-04-25 23:00:00+00:00,7.984041804088234e-89
203,2023-04-26 00:00:00+00:00,2.714352475570548e-156
203,2023-04-26 01:00:00+00:00,2.109654680396319e-55
203,2023-04-26 02:00:00+00:00,2.6613472680294113e-89
203,2023-04-26 03:00:00+00:00,4.583431406050653e-89
203,2023-04-26 04:00:00+00:00,4.674718152371499e-156
203,2023-04-26 05:00:00+00:00,2.1749073803377158e-55
203,2023-04-26 06:00:00+00:00,2.063974700099374e-54
203,2023-04-26 07:00:00+00:00,5.829220819799203e-54
203,2023-04-26 08:00:00+00:00,6.494249528931644e-54
203,2023-04-26 09:00:00+00:00,2.0531831374963517e-10
203,2023-04-26 10:00:00+00:00,1.6747533043107624e-10
203,2023-04-26 11:00:00+00:00,1.433202346958358e-10
203,2023-04-26 12:00:00+00:00,1.5620295242130848e-10
203,2023-04-26 13:00:00+00:00,1.7069600986243867e-10
203,2023-04-26 14:00:00+00:00,7.078824350583181e-54
203,2023-04-26 15:00:00+00:00,7.193034060261952e-155
203,2023-04-26 16:00:00+00:00,7.141281835878921e-88
203,2023-04-26 17:00:00+00:00,5.810608201864215e-88
203,2023-04-26 18:00:00+00:00,7.895330228487253e-88
203,2023-04-26 19:00:00+00:00,5.790618614550502e-155
203,2023-04-26 20:00:00+00:00,3.2572229706846573e-155
203,2023-04-26 21:00:00+00:00,2.081487096391872e-54
203,2023-04-26 22:00:00+00:00,1.9535090470897286e-54
203,2023-04-26 23:00:00+00:00,1.2075096844245876e-20
203,2023-04-27 00:00:00+00:00,4.6245051832093406e-21
203,2023-04-27 01:00:00+00:00,4.6245051676340344e-21
203,2023-04-27 02:00:00+00:00,4.6245051653025954e-21
203,2023-04-27 03:00:00+00:00,7.964425560681024e-21
203,2023-04-27 04:00:00+00:00,2.111306647483443e-55
203,2023-04-27 05:00:00+00:00,2.174081396794154e-55
203,2023-04-27 06:00:00+00:00,1.8845633485927935e-54
203,2023-04-27 07:00:00+00:00,1.1330037669530469e-19
203,2023-04-27 08:00:00+00:00,1.271738921636238e-19
203,2023-04-27 09:00:00+00:00,8.937385422049642e-11
203,2023-04-27 10:00:00+00:00,1.2802200739686486e-10
203,2023-04-27 11:00:00+00:00,3.793223574639318e-09
203,2023-04-27 12:00:00+00:00,2.3597379291509442e-09
203,2023-04-27 13:00:00+00:00,1.1594445952921497e-10
203,2023-04-27 14:00:00+00:00,1.5620295242127578e-10
203,2023-04-27 15:00:00+00:00,1.7024310181740843e-10
203,2023-04-27 16:00:00+00:00,2.533410226541236e-09
203,2023-04-27 17:00:00+00:00,8.414025014451065e-11
203,2023-04-27 18:00:00+00:00,3.782196763671115e-09
203,2023-04-27 19:00:00+00:00,1.1433411981353088e-10
203,2023-04-27 20:00:00+00:00,8.132215564203104e-11
203,2023-04-27 21:00:00+00:00,2.1229530154476668e-54
203,2023-04-27 22:00:00+00:00,4.6245051670641274e-20
203,2023-04-27 23:00:00+00:00,2.737577516662618e-11
203,2023-04-28 00:00:00+00:00,0.0026766763615127605
203,2023-04-28 01:00:00+00:00,0.06314136040222658
203,2023-04-28 02:00:00+00:00,0.007221203980660761
203,2023-04-28 03:00:00+00:00,0.012632137048700478
203,2023-04-28 04:00:00+00:00,0.012632137048700478
203,2023-04-28 05:00:00+00:00,0.09210380629992468
203,2023-04-28 06:00:00+00:00,0.2733140149209789
203,2023-04-28 07:00:00+00:00,0.5104304355792273
203,2023-04-28 08:00:00+00:00,0.43030085793526324
203,2023-04-28 09:00:00+00:00,0.3911574189715157
203,2023-04-28 10:00:00+00:00,0.36970524071422467
203,2023-04-28 11:00:00+00:00,0.275569801796742
203,2023-04-28 12:00:00+00:00,0.5651400480703833
203,2023-04-28 13:00:00+00:00,0.5505249498808535
203,2023-04-28 14:00:00+00:00,0.3334470480760563
203,2023-04-28 15:00:00+00:00,0.3547829439379091
203,2023-04-28 16:00:00+00:00,0.40768675711675717
203,2023-04-28 17:00:00+00:00,0.3967399293830271
203,2023-04-28 18:00:00+00:00,0.36449614926621526
203,2023-04-28 19:00:00+00:00,0.21036202920035574
203,2023-04-28 20:00:00+00:00,0.1090288878115207
203,2023-04-28 21:00:00+00:00,0.09997749930393622
203,2023-04-28 22:00:00+00:00,0.14867699918052263
203,2023-04-28 23:00:00+00:00,0.09725261365499038
203,2023-04-29 00:00:00+00:00,0.12203389317606839
203,2023-04-29 01:00:00+00:00,0.025640926033731845
203,2023-04-29 02:00:00+00:00,0.026207375364565043
203,2023-04-29 03:00:00+00:00,3.337533298815632e-55
203,2023-04-29 04:00:00+00:00,0.03317406691652779
203,2023-04-29 05:00:00+00:00,0.04144309080352914
203,2023-04-29 06:00:00+00:00,0.7391681079601697
203,2023-04-29 07:00:00+00:00,1.2129494029182428e-09
203,2023-04-29 08:00:00+00:00,2.206016385023914e-05
203,2023-04-29 09:00:00+00:00,0.00015673112871860122
203,2023-04-29 10:00:00+00:00,2.533067835822779
203,2023-04-29 11:00:00+00:00,0.0010063074448037341
203,2023-04-29 12:00:00+00:00,1.7221882450977217
203,2023-04-29 13:00:00+00:00,2.7704578392589396
203,2023-04-29 14:00:00+00:00,0.6503305549612519
203,2023-04-29 15:00:00+00:00,0.615776167214249
203,2023-04-29 16:00:00+00:00,0.6603787380490567
203,2023-04-29 17:00:00+00:00,0.6235880772600442
203,2023-04-29 18:00:00+00:00,0.33148624516537833
203,2023-04-29 19:00:00+00:00,0.3686268136159763
203,2023-04-29 20:00:00+00:00,0.4085065534649261
203,2023-04-29 21:00:00+00:00,0.46588815181586524
203,2023-04-29 22:00:00+00:00,0.8002926749790734
203,2023-04-29 23:00:00+00:00,0.008903010316735259
203,2023-04-30 00:00:00+00:00,5.617252882446596e-05
203,2023-04-30 01:00:00+00:00,0.0028863299935422194
203,2023-04-30 02:00:00+00:00,0.19469212171045214
203,2023-04-30 03:00:00+00:00,1.3232175370887425e-10
203,2023-04-30 04:00:00+00:00,0.002070873604125051
203,2023-04-30 05:00:00+00:00,0.2226921152532855
203,2023-04-30 06:00:00+00:00,4.63924680272585e-05
203,2023-04-30 07:00:00+00:00,7.277696415822443e-10
203,2023-04-30 08:00:00+00:00,6.863178899828579e-06
203,2023-04-30 09:00:00+00:00,7.151227097439187e-05
203,2023-04-30 10:00:00+00:00,0.00010971575417507108
203,2023-04-30 11:00:00+00:00,0.023310451341763523
203,2023-04-30 12:00:00+00:00,1.2541410633450234
203,2023-04-30 13:00:00+00:00,1.2503842500250635
203,2023-04-30 14:00:00+00:00,1.4116793151079239
203,2023-04-30 15:00:00+00:00,1.2940834489796142
203,2023-04-30 16:00:00+00:00,1.281703182218482
203,2023-04-30 17:00:00+00:00,0.9842060383110572
203,2023-04-30 18:00:00+00:00,0.5685942452991614
203,2023-04-30 19:00:00+00:00,0.1265896097553625
203,2023-04-30 20:00:00+00:00,0.17732222930246458
203,2023-04-30 21:00:00+00:00,0.08315206323790926
203,2023-04-30 22:00:00+00:00,0.05277234020788625
203,2023-04-30 23:00:00+00:00,0.052031718654940266
203,2023-05-01 00:00:00+00:00,0.028421703526868923
203,2023-05-01 01:00:00+00:00,0.01518540323685155
203,2023-05-01 02:00:00+00:00,0.02731235460575889
203,2023-05-01 03:00:00+00:00,0.011905907204888402
203,2023-05-01 04:00:00+00:00,0.014356126638036855
203,2023-05-01 05:00:00+00:00,0.02176222738514225
203,2023-05-01 06:00:00+00:00,0.09286906014662126
203,2023-05-01 07:00:00+00:00,0.13107877502546755
203,2023-05-01 08:00:00+00:00,0.15317897407257475
203,2023-05-01 09:00:00+00:00,0.23158395519427888
203,2023-05-01 10:00:00+00:00,0.6360166387107826
203,2023-05-01 11:00:00+00:00,0.5971164479277361
203,2023-05-01 12:00:00+00:00,0.7559889733434615
203,2023-05-01 13:00:00+00:00,0.5451387031985802
203,2023-05-01 14:00:00+00:00,1.075703015486507
203,2023-05-01 15:00:00+00:00,1.2473976956732338
203,2023-05-01 16:00:00+00:00,0.8062694039757259
203,2023-05-01 17:00:00+00:00,0.6518140996850964
203,2023-05-01 18:00:00+00:00,0.5707041476771229
203,2023-05-01 19:00:00+00:00,0.2516986028773745
203,2023-05-01 20:00:00+00:00,0.33835346185492177
203,2023-05-01 21:00:00+00:00,0.3530209940280556
203,2023-05-01 22:00:00+00:00,0.08458055302005241
203,2023-05-01 23:00:00+00:00,0.027725884648765735
203,2023-05-02 00:00:00+00:00,2.62222803365381e-30
203,2023-05-02 01:00:00+00:00,9.23810456052028e-17
203,2023-05-02 02:00:00+00:00,2.5557394413369866e-52
203,2023-05-02 03:00:00+00:00,4.583431406050653e-89
203,2023-05-02 04:00:00+00:00,4.383234115065926e-30
203,2023-05-02 05:00:00+00:00,2.537529607651262e-55
203,2023-05-02 06:00:00+00:00,5.009880609970572e-20
203,2023-05-02 07:00:00+00:00,5.411419801437749e-54
203,2023-05-02 08:00:00+00:00,6.121098716467646e-88
203,2023-05-02 09:00:00+00:00,7.193034060261952e-155
203,2023-05-02 10:00:00+00:00,6.012308570659127e-54
203,2023-05-02 11:00:00+00:00,1.0950310066650811e-10
203,2023-05-02 12:00:00+00:00,1.0559286798230786e-19
203,2023-05-02 13:00:00+00:00,1.2023713432046947e-19
203,2023-05-02 14:00:00+00:00,1.3025689550543903e-19
203,2023-05-02 15:00:00+00:00,9.319276832792216e-155
203,2023-05-02 16:00:00+00:00,7.986685754178083e-51
203,2023-05-02 17:00:00+00:00,8.871157560098037e-88
203,2023-05-02 18:00:00+00:00,8.007339802933115e-155
203,2023-05-02 19:00:00+00:00,5.383465743214919e-155
203,2023-05-02 20:00:00+00:00,2.7641302908830174e-54
203,2023-05-02 21:00:00+00:00,2.4890864454058434e-54
203,2023-05-02 22:00:00+00:00,2.7747031025815723e-20
203,2023-05-02 23:00:00+00:00,1.233201379449717e-20
203,2023-05-03 00:00:00+00:00,4.624505181169332e-21
203,2023-05-03 01:00:00+00:00,5.2411058515011526e-21
203,2023-05-03 02:00:00+00:00,6.119290919596209e-12
203,2023-05-03 03:00:00+00:00,8.320088531029748e-12
203,2023-05-03 04:00:00+00:00,7.964425558349585e-21
203,2023-05-03 05:00:00+00:00,7.707508647004175e-21
203,2023-05-03 06:00:00+00:00,3.2572229706846573e-155
203,2023-05-03 07:00:00+00:00,6.462447617335523e-54
203,2023-05-03 08:00:00+00:00,7.723614917729368e-54
203,2023-05-03 09:00:00+00:00,9.262903238592401e-54
203,2023-05-03 10:00:00+00:00,8.369253466342523e-155
203,2023-05-03 11:00:00+00:00,7.996030000951572e-155
203,2023-05-03 12:00:00+00:00,7.1251752483726874e-155
203,2023-05-03 13:00:00+00:00,8.821645545604281e-155
203,2023-05-03 14:00:00+00:00,9.726429704127797e-155
203,2023-05-03 15:00:00+00:00,7.626351492552485e-54
203,2023-05-03 16:00:00+00:00,6.345979302186333e-54
203,2023-05-03 17:00:00+00:00,9.635951288275446e-155
203,2023-05-03 18:00:00+00:00,1.0133582575463379e-154
203,2023-05-03 19:00:00+00:00,5.609661782845799e-155
203,2023-05-03 20:00:00+00:00,4.52392079261758e-155
203,2023-05-03 21:00:00+00:00,3.282355863976977e-155
203,2023-05-03 22:00:00+00:00,1.9503125194840233e-155
203,2023-05-03 23:00:00+00:00,1.3571762377852739e-155
203,2023-05-04 00:00:00+00:00,4.0715287133558217e-156
203,2023-05-04 01:00:00+00:00,3.7258861752411764e-89
203,2023-05-04 02:00:00+00:00,3.528658218241712e-156
203,2023-05-04 03:00:00+00:00,4.674718152371499e-156
203,2023-05-04 04:00:00+00:00,4.583431406050653e-89
203,2023-05-04 05:00:00+00:00,2.396005726253425e-52
203,2023-05-04 06:00:00+00:00,2.3161388687116444e-51
203,2023-05-04 07:00:00+00:00,5.630613456695549e-51
203,2023-05-04 08:00:00+00:00,9.27035965030245e-88
203,2023-05-04 09:00:00+00:00,1.0857409902282193e-154
203,2023-05-04 10:00:00+00:00,6.24301069381226e-155
203,2023-05-04 11:00:00+00:00,5.5191833669934465e-155
203,2023-05-04 12:00:00+00:00,4.9715650224631905e-54
203,2023-05-04 13:00:00+00:00,4.308436075480943e-54
203,2023-05-04 14:00:00+00:00,1.495256670101985e-19
203,2023-05-04 15:00:00+00:00,7.255327040657606e-05
203,2023-05-04 16:00:00+00:00,8.816793311609505e-05
203,2023-05-04 17:00:00+00:00,0.022480638765610413
203,2023-05-04 18:00:00+00:00,0.022822004466929433
203,2023-05-04 19:00:00+00:00,1.4777723686169277
203,2023-05-04 20:00:00+00:00,1.67619325922531
203,2023-05-04 21:00:00+00:00,0.014447524169722455
203,2023-05-04 22:00:00+00:00,0.8348197177074825
203,2023-05-04 23:00:00+00:00,0.20760116759076627
203,2023-05-05 00:00:00+00:00,0.15890916349647363
203,2023-05-05 01:00:00+00:00,0.14650885917536025
203,2023-05-05 02:00:00+00:00,0.14084991239243347
203,2023-05-05 03:00:00+00:00,0.11968751041831853
203,2023-05-05 04:00:00+00:00,0.18742085653966467
203,2023-05-05 05:00:00+00:00,0.3708538958704338
203,2023-05-05 06:00:00+00:00,1.1487357841358803
203,2023-05-05 07:00:00+00:00,1.6855922328250232
203,2023-05-05 08:00:00+00:00,1.4443353686596232
203,2023-05-05 09:00:00+00:00,2.471392300111033
203,2023-05-05 10:00:00+00:00,0.6831449825386271
203,2023-05-05 11:00:00+00:00,0.6550053209329616
203,2023-05-05 12:00:00+00:00,1.1047360335576812
203,2023-05-05 13:00:00+00:00,0.35136960081549345
203,2023-05-05 14:00:00+00:00,0.3552034320763837
203,2023-05-05 15:00:00+00:00,0.6393819171980352
203,2023-05-05 16:00:00+00:00,0.9405088582406211
203,2023-05-05 17:00:00+00:00,1.0412499300605318
203,2023-05-05 18:00:00+00:00,0.8270062504890899
203,2023-05-05 19:00:00+00:00,0.9471594646371815
203,2023-05-05 20:00:00+00:00,1.359615492331839
203,2023-05-05 21:00:00+00:00,0.013322251338894175
203,2023-05-05 22:00:00+00:00,0.010468727518702987
203,2023-05-05 23:00:00+00:00,0.6632560391710497
203,2023-05-06 00:00:00+00:00,0.004899379599327375
203,2023-05-06 01:00:00+00:00,0.0032922569104168772
203,2023-05-06 02:00:00+00:00,0.0024958379540616733
203,2023-05-06 03:00:00+00:00,0.0017837133077809348
203,2023-05-06 04:00:00+00:00,3.0006668550605268e-05
203,2023-05-06 05:00:00+00:00,1.3232175531505443e-10
203,2023-05-06 06:00:00+00:00,1.6185768123892616e-20
203,2023-05-06 07:00:00+00:00,2.6205529326930828e-20
203,2023-05-06 08:00:00+00:00,4.239129741876616e-20
203,2023-05-06 09:00:00+00:00,7.327045706364332e-11
203,2023-05-06 10:00:00+00:00,8.856868436264053e-11
203,2023-05-06 11:00:00+00:00,4.706160703941149e-05
203,2023-05-06 12:00:00+00:00,0.0001890554322786824
203,2023-05-06 13:00:00+00:00,0.0008686995442154394
203,2023-05-06 14:00:00+00:00,0.021743959440907637
203,2023-05-06 15:00:00+00:00,1.3145353218744995
203,2023-05-06 16:00:00+00:00,2.4145643287418728
203,2023-05-06 17:00:00+00:00,1.2797358954161218
203,2023-05-06 18:00:00+00:00,0.9022731333860838
203,2023-05-06 19:00:00+00:00,0.5386162774282716
203,2023-05-06 20:00:00+00:00,0.31560711145426673
203,2023-05-06 21:00:00+00:00,0.32808959538875465
203,2023-05-06 22:00:00+00:00,0.25589134835595845
203,2023-05-06 23:00:00+00:00,0.07456358411294725
203,2023-05-07 00:00:00+00:00,0.03173435630176006
203,2023-05-07 01:00:00+00:00,0.03585129259220766
203,2023-05-07 02:00:00+00:00,0.008239737510128079
203,2023-05-07 03:00:00+00:00,0.012374801314690723
203,2023-05-07 04:00:00+00:00,0.021035653812811653
203,2023-05-07 05:00:00+00:00,0.026966279282802052
203,2023-05-07 06:00:00+00:00,0.02770215721438264
203,2023-05-07 07:00:00+00:00,0.20680308129617808
203,2023-05-07 08:00:00+00:00,0.3842409997185302
203,2023-05-07 09:00:00+00:00,0.18982694979767833
203,2023-05-07 10:00:00+00:00,0.4405767372246144
203,2023-05-07 11:00:00+00:00,0.6811617190151014
203,2023-05-07 12:00:00+00:00,0.3839225599228278
203,2023-05-07 13:00:00+00:00,0.36002788530802277
203,2023-05-07 14:00:00+00:00,0.35570429379614354
203,2023-05-07 15:00:00+00:00,0.36948013579457756
203,2023-05-07 16:00:00+00:00,0.3715899774661314
203,2023-05-07 17:00:00+00:00,0.3194349996892043
203,2023-05-07 18:00:00+00:00,0.3185136498309698
203,2023-05-07 19:00:00+00:00,0.2329573356905785
203,2023-05-07 20:00:00+00:00,0.11105902698121922
203,2023-05-07 21:00:00+00:00,0.07505133404634483
203,2023-05-07 22:00:00+00:00,0.09959987479938594
203,2023-05-07 23:00:00+00:00,0.20214383922279258
203,2023-05-08 00:00:00+00:00,0.11925813635867703
203,2023-05-08 01:00:00+00:00,0.16789699798192778
203,2023-05-08 02:00:00+00:00,0.12534116344967944
203,2023-05-08 03:00:00+00:00,0.001382149979315754
203,2023-05-08 04:00:00+00:00,0.1795388664349514
203,2023-05-08 05:00:00+00:00,0.15791952352551616
203,2023-05-08 06:00:00+00:00,0.14205600316155367
203,2023-05-08 07:00:00+00:00,0.7066433665400467
203,2023-05-08 08:00:00+00:00,1.007081112549091
203,2023-05-08 09:00:00+00:00,0.6088004007342375
203,2023-05-08 10:00:00+00:00,0.8975838563147136
203,2023-05-08 11:00:00+00:00,2.3907983446783896
203,2023-05-08 12:00:00+00:00,2.7542828001120134
203,2023-05-08 13:00:00+00:00,2.4626304554310585
203,2023-05-08 14:00:00+00:00,2.6045844479228086
203,2023-05-08 15:00:00+00:00,1.0696957437710346
203,2023-05-08 16:00:00+00:00,2.076481837352975
203,2023-05-08 17:00:00+00:00,0.8882605548280654
203,2023-05-08 18:00:00+00:00,0.5973352679455542
203,2023-05-08 19:00:00+00:00,0.1306733370578033
203,2023-05-08 20:00:00+00:00,1.3635716267333269
203,2023-05-08 21:00:00+00:00,0.8160605037907995
203,2023-05-08 22:00:00+00:00,0.30030402453227295
203,2023-05-08 23:00:00+00:00,0.09532358875367508
203,2023-05-09 00:00:00+00:00,0.023043467006413552
203,2023-05-09 01:00:00+00:00,0.015381063861704406
203,2023-05-09 02:00:00+00:00,0.009830964793996753
203,2023-05-09 03:00:00+00:00,0.008542478421028185
203,2023-05-09 04:00:00+00:00,0.01486477289790892
203,2023-05-09 05:00:00+00:00,0.037128233267059794
203,2023-05-09 06:00:00+00:00,0.33262960638659334
203,2023-05-09 07:00:00+00:00,0.2514688165406846
203,2023-05-09 08:00:00+00:00,0.4530911148076243
203,2023-05-09 09:00:00+00:00,0.7250115774077757
203,2023-05-09 10:00:00+00:00,0.5960879639245775
203,2023-05-09 11:00:00+00:00,0.31688859516291873
203,2023-05-09 12:00:00+00:00,0.2070591793704911
203,2023-05-09 13:00:00+00:00,0.27773896908583784
203,2023-05-09 14:00:00+00:00,0.5353373680196923
203,2023-05-09 15:00:00+00:00,0.33022478074995437
203,2023-05-09 16:00:00+00:00,0.6343426234928158
203,2023-05-09 17:00:00+00:00,0.5652605137646635
203,2023-05-09 18:00:00+00:00,0.3169071565029189
203,2023-05-09 19:00:00+00:00,0.42279974021305383
203,2023-05-09 20:00:00+00:00,0.20460619281793133
203,2023-05-09 21:00:00+00:00,0.1634314933717515
203,2023-05-09 22:00:00+00:00,0.0700602238781574
203,2023-05-09 23:00:00+00:00,0.08770121612083437
203,2023-05-10 00:00:00+00:00,0.035226403769310514
203,2023-05-10 01:00:00+00:00,0.016261911353686778
203,2023-05-10 02:00:00+00:00,0.009830964793996753
203,2023-05-10 03:00:00+00:00,0.009806937316404332
203,2023-05-10 04:00:00+00:00,0.023836826067515377
203,2023-05-10 05:00:00+00:00,0.091667243445193
203,2023-05-10 06:00:00+00:00,0.339165674980902
203,2023-05-10 07:00:00+00:00,0.9508627230542213
203,2023-05-10 08:00:00+00:00,0.8227596775613766
203,2023-05-10 09:00:00+00:00,0.40148461596630464
203,2023-05-10 10:00:00+00:00,0.34522187092714535
203,2023-05-10 11:00:00+00:00,0.3468501287600381
203,2023-05-10 12:00:00+00:00,0.3587617257535113
203,2023-05-10 13:00:00+00:00,0.3663697845493512
203,2023-05-10 14:00:00+00:00,0.30211351634870826
203,2023-05-10 15:00:00+00:00,0.3804844683470787
203,2023-05-10 16:00:00+00:00,0.23594816688660092
203,2023-05-10 17:00:00+00:00,0.38809280525131734
203,2023-05-10 18:00:00+00:00,0.3468827755173008
203,2023-05-10 19:00:00+00:00,0.31923188257871016
203,2023-05-10 20:00:00+00:00,0.2057632578369235
203,2023-05-10 21:00:00+00:00,0.18427045941396122
203,2023-05-10 22:00:00+00:00,0.2645851559654261
203,2023-05-10 23:00:00+00:00,0.07767883180200548
203,2023-05-11 00:00:00+00:00,0.026306557502106073
203,2023-05-11 01:00:00+00:00,0.022759643402148026
203,2023-05-11 02:00:00+00:00,0.005858639714031853
203,2023-05-11 03:00:00+00:00,0.014356126638036855
203,2023-05-11 04:00:00+00:00,0.02742826382665424
203,2023-05-11 05:00:00+00:00,0.13996204085047673
203,2023-05-11 06:00:00+00:00,0.37258201117157946
203,2023-05-11 07:00:00+00:00,0.8780290076096475
203,2023-05-11 08:00:00+00:00,0.9190359361637365
203,2023-05-11 09:00:00+00:00,0.7723522407702618
203,2023-05-11 10:00:00+00:00,0.66654501006413
203,2023-05-11 11:00:00+00:00,0.34016491179667857
203,2023-05-11 12:00:00+00:00,0.2224070982474246
203,2023-05-11 13:00:00+00:00,0.5613366024092764
203,2023-05-11 14:00:00+00:00,0.5877965988487217
203,2023-05-11 15:00:00+00:00,0.6935797733019852
203,2023-05-11 16:00:00+00:00,0.6320588633918166
203,2023-05-11 17:00:00+00:00,0.6895670219330157
203,2023-05-11 18:00:00+00:00,0.6258931943475513
203,2023-05-11 19:00:00+00:00,0.3152821018348678
203,2023-05-11 20:00:00+00:00,0.4556294692866395
203,2023-05-11 21:00:00+00:00,3.034940586587671e-51
203,2023-05-11 22:00:00+00:00,1.696735786480873e-29
203,2023-05-11 23:00:00+00:00,3.283146983523536e-08
203,2023-05-12 00:00:00+00:00,2.7700898842091646e-08
203,2023-05-12 01:00:00+00:00,0.0004283331658467386
203,2023-05-12 02:00:00+00:00,1.5396840565339333e-16
203,2023-05-12 03:00:00+00:00,2.545103679717434e-30
203,2023-05-12 04:00:00+00:00,1.2665143460518393e-16
203,2023-05-12 05:00:00+00:00,2.2571805066578086e-08
203,2023-05-12 06:00:00+00:00,1.0430118360878846e-15
203,2023-05-12 07:00:00+00:00,3.036848619317143e-07
203,2023-05-12 08:00:00+00:00,4.6988626370945974e-07
203,2023-05-12 09:00:00+00:00,3.939655917311309e-07
203,2023-05-12 10:00:00+00:00,0.006314353593071073
203,2023-05-12 11:00:00+00:00,3.488234123622203e-07
203,2023-05-12 12:00:00+00:00,0.008216464159940502
203,2023-05-12 13:00:00+00:00,3.960167275447827e-07
203,2023-05-12 14:00:00+00:00,4.657800955722562e-07
203,2023-05-12 15:00:00+00:00,5.10921505673118e-07
203,2023-05-12 16:00:00+00:00,3.631878851129801e-07
203,2023-05-12 17:00:00+00:00,3.5703233710006256e-07
203,2023-05-12 18:00:00+00:00,4.49878943283103e-07
203,2023-05-12 19:00:00+00:00,2.2468474362508125e-07
203,2023-05-12 20:00:00+00:00,0.0035491861382305353
203,2023-05-12 21:00:00+00:00,1.456860467920169e-07
203,2023-05-12 22:00:00+00:00,6.8789112927749e-16
203,2023-05-12 23:00:00+00:00,7.044921496291349e-08
203,2023-05-13 00:00:00+00:00,1.2312283374345365e-08
203,2023-05-13 01:00:00+00:00,1.043011829348542e-16
203,2023-05-13 02:00:00+00:00,9.685109935343486e-17
203,2023-05-13 03:00:00+00:00,8.940101106568992e-17
203,2023-05-13 04:00:00+00:00,1.53892342268291e-08
203,2023-05-13 05:00:00+00:00,1.8467493206623054e-08
203,2023-05-13 06:00:00+00:00,1.93702214073873e-16
203,2023-05-13 07:00:00+00:00,1.0054472030724746e-07
203,2023-05-13 08:00:00+00:00,8.642098010927892e-16
203,2023-05-13 09:00:00+00:00,2.2160753820804993e-07
203,2023-05-13 10:00:00+00:00,3.6523903764985036e-07
203,2023-05-13 11:00:00+00:00,4.4526236588950716e-07
203,2023-05-13 12:00:00+00:00,4.4321159798666133e-07
203,2023-05-13 13:00:00+00:00,3.337637751229893e-15
203,2023-05-13 14:00:00+00:00,3.925978110933694e-07
203,2023-05-13 15:00:00+00:00,4.671490133888727e-07
203,2023-05-13 16:00:00+00:00,3.0545345358394055e-15
203,2023-05-13 17:00:00+00:00,3.3823382474441407e-15
203,2023-05-13 18:00:00+00:00,8.667491975918258e-29
203,2023-05-13 19:00:00+00:00,2.230058557246281e-15
203,2023-05-13 20:00:00+00:00,3.775237124914236e-29
203,2023-05-13 21:00:00+00:00,2.2827245443395596e-54
203,2023-05-13 22:00:00+00:00,4.2178513322343384e-11
203,2023-05-13 23:00:00+00:00,2.543477845164827e-20
203,2023-05-14 00:00:00+00:00,6.374393136084866e-55
203,2023-05-14 01:00:00+00:00,2.646435068623108e-10
203,2023-05-14 02:00:00+00:00,4.579453637475498e-55
203,2023-05-14 03:00:00+00:00,6.209810292068626e-89
203,2023-05-14 04:00:00+00:00,3.643297750265689e-55
203,2023-05-14 05:00:00+00:00,3.377106359862551e-06
203,2023-05-14 06:00:00+00:00,5.555899383258751e-06
203,2023-05-14 07:00:00+00:00,1.1026812731389679e-09
203,2023-05-14 08:00:00+00:00,0.5245524840323941
203,2023-05-14 09:00:00+00:00,0.17478870461770593
203,2023-05-14 10:00:00+00:00,0.40459806076819765
203,2023-05-14 11:00:00+00:00,0.4639167457904787
203,2023-05-14 12:00:00+00:00,0.7244412414180665
203,2023-05-14 13:00:00+00:00,0.43668352145413336
203,2023-05-14 14:00:00+00:00,0.4193311025469704
203,2023-05-14 15:00:00+00:00,0.4080052167772798
203,2023-05-14 16:00:00+00:00,0.2540641622265896
203,2023-05-14 17:00:00+00:00,0.3716790247844931
203,2023-05-14 18:00:00+00:00,0.3608725620745624
203,2023-05-14 19:00:00+00:00,0.26008974541481894
203,2023-05-14 20:00:00+00:00,0.1902607955135395
203,2023-05-14 21:00:00+00:00,0.14469469601060475
203,2023-05-14 22:00:00+00:00,0.11686316700746022
203,2023-05-14 23:00:00+00:00,0.09649282405576011
203,2023-05-15 00:00:00+00:00,0.06473607980523641
203,2023-05-15 01:00:00+00:00,0.060093502162479336
203,2023-05-15 02:00:00+00:00,0.027063256137809782
203,2023-05-15 03:00:00+00:00,0.029280973317605964
203,2023-05-15 04:00:00+00:00,0.02817211472770787
203,2023-05-15 05:00:00+00:00,0.1324048221781285
203,2023-05-15 06:00:00+00:00,0.4221586902374427
203,2023-05-15 07:00:00+00:00,0.9389092391435526
203,2023-05-15 08:00:00+00:00,0.7637516327414587
203,2023-05-15 09:00:00+00:00,0.7897594025579388
203,2023-05-15 10:00:00+00:00,0.943090475181798
203,2023-05-15 11:00:00+00:00,0.9964585368828784
203,2023-05-15 12:00:00+00:00,0.9653159724890434
203,2023-05-15 13:00:00+00:00,0.6294857564760182
203,2023-05-15 14:00:00+00:00,0.6755845864072496
203,2023-05-15 15:00:00+00:00,1.096347119385871
203,2023-05-15 16:00:00+00:00,0.7576158067184046
203,2023-05-15 17:00:00+00:00,0.6295638993249058
203,2023-05-15 18:00:00+00:00,0.24422771876960253
203,2023-05-15 19:00:00+00:00,0.004832635585950219
203,2023-05-15 20:00:00+00:00,0.0846050479899939
203,2023-05-15 21:00:00+00:00,0.079696552804611
203,2023-05-15 22:00:00+00:00,0.45310903844450007
203,2023-05-15 23:00:00+00:00,0.16958155112730375
203,2023-05-16 00:00:00+00:00,0.0933380255536135
203,2023-05-16 01:00:00+00:00,0.0679235987229842
203,2023-05-16 02:00:00+00:00,0.03538728119232195
203,2023-05-16 03:00:00+00:00,0.11267891105107643
203,2023-05-16 04:00:00+00:00,0.02233512082669502
203,2023-05-16 05:00:00+00:00,0.03494119430768323
203,2023-05-16 06:00:00+00:00,0.5870786184804699
203,2023-05-16 07:00:00+00:00,0.735316740033736
203,2023-05-16 08:00:00+00:00,1.8453800274586538
203,2023-05-16 09:00:00+00:00,1.6059609946643827
203,2023-05-16 10:00:00+00:00,0.9766179542120837
203,2023-05-16 11:00:00+00:00,0.8737608681508883
203,2023-05-16 12:00:00+00:00,0.6221422970096239
203,2023-05-16 13:00:00+00:00,1.157121238598553
203,2023-05-16 14:00:00+00:00,0.9920797650236111
203,2023-05-16 15:00:00+00:00,0.9887003103983961
203,2023-05-16 16:00:00+00:00,0.640772683351173
203,2023-05-16 17:00:00+00:00,0.35267928937968857
203,2023-05-16 18:00:00+00:00,0.6329120060260588
203,2023-05-16 19:00:00+00:00,0.672236512404748
203,2023-05-16 20:00:00+00:00,0.29189842177779174
203,2023-05-16 21:00:00+00:00,0.002652171971469647
203,2023-05-16 22:00:00+00:00,0.0021828315195353584
203,2023-05-16 23:00:00+00:00,0.09707837363989909
203,2023-05-17 00:00:00+00:00,0.04981799691188837
203,2023-05-17 01:00:00+00:00,0.0539948348515449
203,2023-05-17 02:00:00+00:00,0.0076298740618333805
203,2023-05-17 03:00:00+00:00,0.02329050950852783
203,2023-05-17 04:00:00+00:00,0.02110222647471643
203,2023-05-17 05:00:00+00:00,0.00437777353522228
203,2023-05-17 06:00:00+00:00,0.0003606818360144091
203,2023-05-17 07:00:00+00:00,0.8985194733049983
203,2023-05-17 08:00:00+00:00,1.3393415010732652
203,2023-05-17 09:00:00+00:00,1.27911877808386
203,2023-05-17 10:00:00+00:00,1.0955606606232366
203,2023-05-17 11:00:00+00:00,0.5916835337009417
203,2023-05-17 12:00:00+00:00,1.2131564735591511
203,2023-05-17 13:00:00+00:00,0.9453256404504838
203,2023-05-17 14:00:00+00:00,1.1541444191099883
203,2023-05-17 15:00:00+00:00,0.5728875237073945
203,2023-05-17 16:00:00+00:00,0.6600315894838162
203,2023-05-17 17:00:00+00:00,0.6422535187097786
203,2023-05-17 18:00:00+00:00,0.6159579385664
203,2023-05-17 19:00:00+00:00,0.4875078734874978
203,2023-05-17 20:00:00+00:00,0.35369857893765305
203,2023-05-17 21:00:00+00:00,0.306989433473632
203,2023-05-17 22:00:00+00:00,0.07819134746622938
203,2023-05-17 23:00:00+00:00,3.0875075824868444e-10
203,2023-05-18 00:00:00+00:00,0.03321825951460108
203,2023-05-18 01:00:00+00:00,0.15993793614625978
203,2023-05-18 02:00:00+00:00,2.9011881773167198e-55
203,2023-05-18 03:00:00+00:00,2.637894334038961e-55
203,2023-05-18 04:00:00+00:00,7.964425564761042e-21
203,2023-05-18 05:00:00+00:00,1.2312747908191325e-08
203,2023-05-18 06:00:00+00:00,0.5260647387092857
203,2023-05-18 07:00:00+00:00,3.118933184194398e-07
203,2023-05-18 08:00:00+00:00,0.24292784276053858
203,2023-05-18 09:00:00+00:00,0.9646320813160647
203,2023-05-18 10:00:00+00:00,0.691791349053624
203,2023-05-18 11:00:00+00:00,0.5840031824707158
203,2023-05-18 12:00:00+00:00,0.5455372926901755
203,2023-05-18 13:00:00+00:00,0.5799383659334935
203,2023-05-18 14:00:00+00:00,0.5405909021707834
203,2023-05-18 15:00:00+00:00,0.35491651491545145
203,2023-05-18 16:00:00+00:00,0.3702258776398319
203,2023-05-18 17:00:00+00:00,0.6509003540304806
203,2023-05-18 18:00:00+00:00,0.3632408719641247
203,2023-05-18 19:00:00+00:00,0.16818894157827868
203,2023-05-18 20:00:00+00:00,0.12937573120793422
203,2023-05-18 21:00:00+00:00,0.1061621441695381
203,2023-05-18 22:00:00+00:00,0.11769745884632755
203,2023-05-18 23:00:00+00:00,0.13463314796581624
203,2023-05-19 00:00:00+00:00,0.05825813485298178
203,2023-05-19 01:00:00+00:00,0.017697421443238746
203,2023-05-19 02:00:00+00:00,0.028005167127290266
203,2023-05-19 03:00:00+00:00,0.04381916654390465
203,2023-05-19 04:00:00+00:00,0.034925381118342036
203,2023-05-19 05:00:00+00:00,0.19474732069920636
203,2023-05-19 06:00:00+00:00,0.6629378843184134
203,2023-05-19 07:00:00+00:00,0.8952885932056985
203,2023-05-19 08:00:00+00:00,0.28130029884530794
203,2023-05-19 09:00:00+00:00,4.780927635806261e-07
203,2023-05-19 10:00:00+00:00,0.7431825913634144
203,2023-05-19 11:00:00+00:00,0.5831342107671672
203,2023-05-19 12:00:00+00:00,0.008412774761673633
203,2023-05-19 13:00:00+00:00,0.007826535148267796
203,2023-05-19 14:00:00+00:00,0.009281344074411547
203,2023-05-19 15:00:00+00:00,0.6603383204636009
203,2023-05-19 16:00:00+00:00,0.6771657105620912
203,2023-05-19 17:00:00+00:00,5.32467378638335e-07
203,2023-05-19 18:00:00+00:00,3.508989674351353e-15
203,2023-05-19 19:00:00+00:00,6.697723957874018e-88
203,2023-05-19 20:00:00+00:00,3.5631451516058885e-29
203,2023-05-19 21:00:00+00:00,0.10141683362729068
203,2023-05-19 22:00:00+00:00,0.002571681614951404
203,2023-05-19 23:00:00+00:00,7.366369122122476e-08
203,2023-05-20 00:00:00+00:00,2.2160862150097873e-08
203,2023-05-20 01:00:00+00:00,0.0002739891134892152
203,2023-05-20 02:00:00+00:00,1.9287807057048753e-08
203,2023-05-20 03:00:00+00:00,5.005370570099213e-30
203,2023-05-20 04:00:00+00:00,2.1202987589272348e-08
203,2023-05-20 05:00:00+00:00,1.5396841294620843e-16
203,2023-05-20 06:00:00+00:00,0.0007464575387674808
203,2023-05-20 07:00:00+00:00,0.002964476179252856
203,2023-05-20 08:00:00+00:00,0.1529806279594443
203,2023-05-20 09:00:00+00:00,0.005691470627699616
203,2023-05-20 10:00:00+00:00,4.021729946560938e-07
203,2023-05-20 11:00:00+00:00,0.008216770090826135
203,2023-05-20 12:00:00+00:00,0.00845296691191258
203,2023-05-20 13:00:00+00:00,4.637290433746967e-07
203,2023-05-20 14:00:00+00:00,0.007051204902029731
203,2023-05-20 15:00:00+00:00,4.2474308094744175e-07
203,2023-05-20 16:00:00+00:00,4.2269097518711966e-07
203,2023-05-20 17:00:00+00:00,3.129035387932204e-15
203,2023-05-20 18:00:00+00:00,2.9204330296483257e-15
203,2023-05-20 19:00:00+00:00,6.235504015302654e-29
203,2023-05-20 20:00:00+00:00,2.799614047690465e-29
203,2023-05-20 21:00:00+00:00,2.5956728701078772e-51
203,2023-05-20 22:00:00+00:00,2.3560722974825345e-51
203,2023-05-20 23:00:00+00:00,8.823178472738236e-08
203,2023-05-21 00:00:00+00:00,0.0010149201189651497
203,2023-05-21 01:00:00+00:00,2.8727137873633905e-08
203,2023-05-21 02:00:00+00:00,2.175424625354739e-16
203,2023-05-21 03:00:00+00:00,3.118909734525854e-08
203,2023-05-21 04:00:00+00:00,0.014371101742853455
203,2023-05-21 05:00:00+00:00,0.00040347596129644016
203,2023-05-21 06:00:00+00:00,3.488307204086849e-08
203,2023-05-21 07:00:00+00:00,8.618056529763828e-08
203,2023-05-21 08:00:00+00:00,0.0033120715244871965
203,2023-05-21 09:00:00+00:00,0.005377336953220331
203,2023-05-21 10:00:00+00:00,0.005966146386065471
203,2023-05-21 11:00:00+00:00,0.006665008247161728
203,2023-05-21 12:00:00+00:00,0.00693790960639092
203,2023-05-21 13:00:00+00:00,4.2269169428551325e-07
203,2023-05-21 14:00:00+00:00,0.2451685965156129
203,2023-05-21 15:00:00+00:00,0.24899322131012727
203,2023-05-21 16:00:00+00:00,0.004111119222680208
203,2023-05-21 17:00:00+00:00,5.129738957281538e-07
203,2023-05-21 18:00:00+00:00,3.5087504987242574e-07
203,2023-05-21 19:00:00+00:00,2.7495518060858275e-07
203,2023-05-21 20:00:00+00:00,1.5594578960236024e-07
203,2023-05-21 21:00:00+00:00,1.0259624577188923e-07
203,2023-05-21 22:00:00+00:00,4.470050691645405e-16
203,2023-05-21 23:00:00+00:00,4.6660234128303496e-30
203,2023-05-22 00:00:00+00:00,1.744133998715125e-08
203,2023-05-22 01:00:00+00:00,0.00793567715859833
203,2023-05-22 02:00:00+00:00,0.03045957556285629
203,2023-05-22 03:00:00+00:00,0.0399071224710196
203,2023-05-22 04:00:00+00:00,0.048080824228418396
203,2023-05-22 05:00:00+00:00,0.21128352040680126
203,2023-05-22 06:00:00+00:00,1.0064067303669635
203,2023-05-22 07:00:00+00:00,0.8365016396533499
203,2023-05-22 08:00:00+00:00,0.7676167937672183
203,2023-05-22 09:00:00+00:00,8.959869135699018e-88
203,2023-05-22 10:00:00+00:00,4.3295063438137075e-07
203,2023-05-22 11:00:00+00:00,0.19321324431765852
203,2023-05-22 12:00:00+00:00,3.4129953184533217e-07
203,2023-05-22 13:00:00+00:00,3.960155569194909e-07
203,2023-05-22 14:00:00+00:00,3.9704107465666144e-07
203,2023-05-22 15:00:00+00:00,4.452610949249046e-07
203,2023-05-22 16:00:00+00:00,0.23795093246734922
203,2023-05-22 17:00:00+00:00,0.2529509298459754
203,2023-05-22 18:00:00+00:00,0.6829322681288824
203,2023-05-22 19:00:00+00:00,0.4464907633895993
203,2023-05-22 20:00:00+00:00,0.0027690388711387095
203,2023-05-22 21:00:00+00:00,1.3132285412761517e-07
203,2023-05-22 22:00:00+00:00,1.1490681278658053e-07
203,2023-05-22 23:00:00+00:00,1.6415786945408427e-08
203,2023-05-23 00:00:00+00:00,1.231196191692396e-08
203,2023-05-23 01:00:00+00:00,1.2311393327496507e-08
203,2023-05-23 02:00:00+00:00,0.00023385814942739608
203,2023-05-23 03:00:00+00:00,0.00040228283084247794
203,2023-05-23 04:00:00+00:00,0.011924676968733866
203,2023-05-23 05:00:00+00:00,0.18890426120640005
203,2023-05-23 06:00:00+00:00,0.1213327108760751
203,2023-05-23 07:00:00+00:00,4.232066857037621e-07
203,2023-05-23 08:00:00+00:00,4.6475623343371267e-07
203,2023-05-23 09:00:00+00:00,3.1439355702015883e-15
203,2023-05-23 10:00:00+00:00,2.6969305016295888e-15
203,2023-05-23 11:00:00+00:00,3.433518215610573e-07
203,2023-05-23 12:00:00+00:00,3.8096938459146785e-07
203,2023-05-23 13:00:00+00:00,0.007710670033189684
203,2023-05-23 14:00:00+00:00,4.021711718252822e-07
203,2023-05-23 15:00:00+00:00,4.596246311754309e-07
203,2023-05-23 16:00:00+00:00,3.6952417811096e-15
203,2023-05-23 17:00:00+00:00,2.9800337110946638e-15
203,2023-05-23 18:00:00+00:00,0.0074403384933997944
203,2023-05-23 19:00:00+00:00,2.9137033764609603e-07
203,2023-05-23 20:00:00+00:00,1.723610804256212e-07
203,2023-05-23 21:00:00+00:00,0.6354317945271266
203,2023-05-23 22:00:00+00:00,0.21184073204300644
203,2023-05-23 23:00:00+00:00,0.12974131392177893
203,2023-05-24 00:00:00+00:00,0.12614835812818415
203,2023-05-24 01:00:00+00:00,1.4363333182873675e-08
203,2023-05-24 02:00:00+00:00,1.5902202135645045e-08
203,2023-05-24 03:00:00+00:00,3.394341445525685e-52
203,2023-05-24 04:00:00+00:00,0.013300790904176135
203,2023-05-24 05:00:00+00:00,8.051698578449109e-12
203,2023-05-24 06:00:00+00:00,2.01547642153445
203,2023-05-24 07:00:00+00:00,0.853033187344226
203,2023-05-24 08:00:00+00:00,1.2398597176939796
203,2023-05-24 09:00:00+00:00,1.317999242849938
203,2023-05-24 10:00:00+00:00,0.5383679221602626
203,2023-05-24 11:00:00+00:00,0.8761221887991858
203,2023-05-24 12:00:00+00:00,0.6253227399517888
203,2023-05-24 13:00:00+00:00,0.9531275550858044
203,2023-05-24 14:00:00+00:00,1.0877967354792162
203,2023-05-24 15:00:00+00:00,1.1472019828374331
203,2023-05-24 16:00:00+00:00,0.6066738578431561
203,2023-05-24 17:00:00+00:00,0.008549103068933975
203,2023-05-24 18:00:00+00:00,0.009538147800231092
203,2023-05-24 19:00:00+00:00,2.8310319998441525e-15
203,2023-05-24 20:00:00+00:00,1.2529687396144903e-15
203,2023-05-24 21:00:00+00:00,1.4400729289645642e-07
203,2023-05-24 22:00:00+00:00,0.002143232875214538
203,2023-05-24 23:00:00+00:00,0.08794839745739466
203,2023-05-25 00:00:00+00:00,0.04724448994502084
203,2023-05-25 01:00:00+00:00,0.030073025840484297
203,2023-05-25 02:00:00+00:00,0.00040200749304540975
203,2023-05-25 03:00:00+00:00,0.000401823934514031
203,2023-05-25 04:00:00+00:00,2.1203021035709256e-08
203,2023-05-25 05:00:00+00:00,0.000549888595397595
203,2023-05-25 06:00:00+00:00,0.12162912659055382
203,2023-05-25 07:00:00+00:00,0.2513405570490034
203,2023-05-25 08:00:00+00:00,0.009432561962910192
203,2023-05-25 09:00:00+00:00,0.010282157891913522
203,2023-05-25 10:00:00+00:00,4.1756239983137815e-07
203,2023-05-25 11:00:00+00:00,0.008448867438045118
203,2023-05-25 12:00:00+00:00,0.007400268715515102
203,2023-05-25 13:00:00+00:00,3.0694347140065817e-15
203,2023-05-25 14:00:00+00:00,4.975841059188449e-07
203,2023-05-25 15:00:00+00:00,0.00930403130916694
203,2023-05-25 16:00:00+00:00,2.965133542043507e-15
203,2023-05-25 17:00:00+00:00,4.0832845905291904e-07
203,2023-05-25 18:00:00+00:00,3.352537912076633e-15
203,2023-05-25 19:00:00+00:00,7.70715175278185e-51
203,2023-05-25 20:00:00+00:00,3.4834190103155363e-155
203,2023-05-25 21:00:00+00:00,3.5512778222048003e-155
203,2023-05-25 22:00:00+00:00,2.5786348517920206e-155
203,2023-05-25 23:00:00+00:00,7.09692604807843e-89
203,2023-05-26 00:00:00+00:00,9.41287963885274e-52
203,2023-05-26 01:00:00+00:00,1.321030005183237e-29
203,2023-05-26 02:00:00+00:00,4.3832341150638186e-30
203,2023-05-26 03:00:00+00:00,4.3832341150667165e-30
203,2023-05-26 04:00:00+00:00,1.5396841021140277e-16
203,2023-05-26 05:00:00+00:00,4.383234115103331e-30
203,2023-05-26 06:00:00+00:00,3.0605493582338233e-88
203,2023-05-26 07:00:00+00:00,6.589015747196918e-51
203,2023-05-26 08:00:00+00:00,9.22600386250196e-88
203,2023-05-26 09:00:00+00:00,8.54575375697055e-51
203,2023-05-26 10:00:00+00:00,9.395674417614015e-29
203,2023-05-26 11:00:00+00:00,8.338888106492156e-88
203,2023-05-26 12:00:00+00:00,8.945083873098854e-88
203,2023-05-26 13:00:00+00:00,9.637267476708219e-51
203,2023-05-26 14:00:00+00:00,1.0859109033443693e-28
203,2023-05-26 15:00:00+00:00,9.048580711299999e-88
203,2023-05-26 16:00:00+00:00,9.184688617304795e-51
203,2023-05-26 17:00:00+00:00,1.0601033284317154e-87
203,2023-05-26 18:00:00+00:00,9.104821759763015e-51
203,2023-05-26 19:00:00+00:00,7.946752325407192e-51
203,2023-05-26 20:00:00+00:00,4.073209734630823e-51
203,2023-05-26 21:00:00+00:00,2.7953400139623295e-51
203,2023-05-26 22:00:00+00:00,2.675539727649658e-51
203,2023-05-26 23:00:00+00:00,2.056495616204545e-88
203,2023-05-27 00:00:00+00:00,5.6452820836987515e-89
203,2023-05-27 01:00:00+00:00,4.65735771905147e-89
203,2023-05-27 02:00:00+00:00,3.594008589380138e-52
203,2023-05-27 03:00:00+00:00,4.126454306325343e-52
203,2023-05-27 04:00:00+00:00,2.396005726253425e-52
203,2023-05-27 05:00:00+00:00,5.3910128840702064e-52
203,2023-05-27 06:00:00+00:00,8.386020041886989e-52
203,2023-05-27 07:00:00+00:00,2.7953400139623295e-51
203,2023-05-27 08:00:00+00:00,5.745379406624326e-155
203,2023-05-27 09:00:00+00:00,7.148083749989385e-51
203,2023-05-27 10:00:00+00:00,1.1452966558713281e-28
203,2023-05-27 11:00:00+00:00,3.9261943877285034e-15
203,2023-05-27 12:00:00+00:00,3.7548424438681e-15
203,2023-05-27 13:00:00+00:00,0.009223402263980544
203,2023-05-27 14:00:00+00:00,4.780909992810791e-07
203,2023-05-27 15:00:00+00:00,5.505903884725832e-07
203,2023-05-27 16:00:00+00:00,0.23657690461685946
203,2023-05-27 17:00:00+00:00,0.008060039777560686
203,2023-05-27 18:00:00+00:00,0.20865286290343443
203,2023-05-27 19:00:00+00:00,0.4215572891557761
203,2023-05-27 20:00:00+00:00,0.09773177611495117
203,2023-05-27 21:00:00+00:00,6.854077661736605e-16
203,2023-05-27 22:00:00+00:00,1.5270622078335861e-29
203,2023-05-27 23:00:00+00:00,1.6772040083773972e-51
203,2023-05-28 00:00:00+00:00,0.0003910303628609781
203,2023-05-28 01:00:00+00:00,1.3906824508519849e-16
203,2023-05-28 02:00:00+00:00,1.7783418932339275e-08
203,2023-05-28 03:00:00+00:00,0.0004021298653996623
203,2023-05-28 04:00:00+00:00,0.011924676968733866
203,2023-05-28 05:00:00+00:00,2.1203238437549167e-08
203,2023-05-28 06:00:00+00:00,0.07781022975947302
203,2023-05-28 07:00:00+00:00,0.20186044114214793
203,2023-05-28 08:00:00+00:00,0.0032337981471201624
203,2023-05-28 09:00:00+00:00,1.7284195577449863e-15
203,2023-05-28 10:00:00+00:00,3.4882376354980783e-07
203,2023-05-28 11:00:00+00:00,2.6224296809870555e-15
203,2023-05-28 12:00:00+00:00,4.5552143977111235e-07
203,2023-05-28 13:00:00+00:00,4.801432973584135e-07
203,2023-05-28 14:00:00+00:00,4.10378976107488e-07
203,2023-05-28 15:00:00+00:00,8.398842143058278e-29
203,2023-05-28 16:00:00+00:00,8.495836971006937e-51
203,2023-05-28 17:00:00+00:00,3.1513856269233093e-15
203,2023-05-28 18:00:00+00:00,2.331876379019886e-15
203,2023-05-28 19:00:00+00:00,5.544473475061274e-88
203,2023-05-28 20:00:00+00:00,2.7896352384236304e-51
203,2023-05-28 21:00:00+00:00,1.945328458696233e-51
203,2023-05-28 22:00:00+00:00,1.4376034357520548e-51
203,2023-05-28 23:00:00+00:00,1.3178031494393838e-51
203,2023-05-29 00:00:00+00:00,3.817655519595966e-30
203,2023-05-29 01:00:00+00:00,2.396005726253425e-52
203,2023-05-29 02:00:00+00:00,3.5141417318383566e-52
203,2023-05-29 03:00:00+00:00,4.9205337807792465e-30
203,2023-05-29 04:00:00+00:00,2.1202786910650895e-08
203,2023-05-29 05:00:00+00:00,0.0004034147751193139
203,2023-05-29 06:00:00+00:00,0.0007826114013160925
203,2023-05-29 07:00:00+00:00,1.2106248343643342e-07
203,2023-05-29 08:00:00+00:00,1.1771133206284195e-15
203,2023-05-29 09:00:00+00:00,5.302299332741237e-29
203,2023-05-29 10:00:00+00:00,7.70715175278185e-51
203,2023-05-29 11:00:00+00:00,9.289628430956392e-29
203,2023-05-29 12:00:00+00:00,7.906818896636302e-51
203,2023-05-29 13:00:00+00:00,1.0622292053056851e-50
203,2023-05-29 14:00:00+00:00,8.82528775836678e-51
203,2023-05-29 15:00:00+00:00,8.871157560098037e-88
203,2023-05-29 16:00:00+00:00,8.066552611719864e-51
203,2023-05-29 17:00:00+00:00,7.66721832401096e-51
203,2023-05-29 18:00:00+00:00,8.649378621095586e-88
203,2023-05-29 19:00:00+00:00,6.047172403466829e-88
203,2023-05-29 20:00:00+00:00,3.700497732769179e-51
203,2023-05-29 21:00:00+00:00,2.375430101070955e-29
203,2023-05-29 22:00:00+00:00,1.862167525659846e-29
203,2023-05-29 23:00:00+00:00,5.429554516786972e-30
203,2023-05-30 00:00:00+00:00,2.7953400139623292e-52
203,2023-05-30 01:00:00+00:00,6.389348603342466e-52
203,2023-05-30 02:00:00+00:00,1.0604598665460441e-29
203,2023-05-30 03:00:00+00:00,2.120288724996162e-08
203,2023-05-30 04:00:00+00:00,0.0004026805409937987
203,2023-05-30 05:00:00+00:00,2.120445923249635e-08
203,2023-05-30 06:00:00+00:00,0.0023901066842095158
203,2023-05-30 07:00:00+00:00,3.1599652654697684e-07
203,2023-05-30 08:00:00+00:00,8.226286326803425e-51
203,2023-05-30 09:00:00+00:00,8.106486040490755e-51
203,2023-05-30 10:00:00+00:00,3.5387900021981456e-15
203,2023-05-30 11:00:00+00:00,2.935333190495065e-15
203,2023-05-30 12:00:00+00:00,2.8980827717414817e-15
203,2023-05-30 13:00:00+00:00,2.7863315122901226e-15
203,2023-05-30 14:00:00+00:00,4.5757217422752124e-07
203,2023-05-30 15:00:00+00:00,4.3295035008665705e-07
203,2023-05-30 16:00:00+00:00,1.0137996324194785e-28
203,2023-05-30 17:00:00+00:00,1.0095577929534854e-28
203,2023-05-30 18:00:00+00:00,9.247210036297145e-29
203,2023-05-30 19:00:00+00:00,2.0860235998173693e-15
203,2023-05-30 20:00:00+00:00,2.7996140476920453e-29
203,2023-05-30 21:00:00+00:00,3.393471572955471e-29
203,2023-05-30 22:00:00+00:00,1.717137437148288e-51
203,2023-05-30 23:00:00+00:00,5.9385752526872596e-30
203,2023-05-31 00:00:00+00:00,5.9141050400653586e-89
203,2023-05-31 01:00:00+00:00,5.058234310979452e-52
203,2023-05-31 02:00:00+00:00,4.126454306325343e-52
203,2023-05-31 03:00:00+00:00,4.383234115065399e-30
203,2023-05-31 04:00:00+00:00,4.383234115065926e-30
203,2023-05-31 05:00:00+00:00,1.4900170664185743e-16
203,2023-05-31 06:00:00+00:00,1.1026125232317345e-15
203,2023-05-31 07:00:00+00:00,5.72648327937421e-29
203,2023-05-31 08:00:00+00:00,7.518306032183087e-88
203,2023-05-31 09:00:00+00:00,6.786435533474999e-88
203,2023-05-31 10:00:00+00:00,5.510813170382878e-51
203,2023-05-31 11:00:00+00:00,7.068216892447604e-51
203,2023-05-31 12:00:00+00:00,8.026619182948974e-51
203,2023-05-31 13:00:00+00:00,7.587351466469179e-51
203,2023-05-31 14:00:00+00:00,8.483678932380563e-29
203,2023-05-31 15:00:00+00:00,2.9899671464934128e-15
203,2023-05-31 16:00:00+00:00,9.982462210435647e-29
203,2023-05-31 17:00:00+00:00,3.5611402708163125e-15
203,2023-05-31 18:00:00+00:00,3.2482367300859376e-15
203,2023-05-31 19:00:00+00:00,9.834111220517786e-16
203,2023-05-31 20:00:00+00:00,3.690400335590002e-29
203,2023-05-31 21:00:00+00:00,9.238104663581939e-16
203,2023-05-31 22:00:00+00:00,8.493096117129101e-16
203,2023-05-31 23:00:00+00:00,1.3998070238448694e-29
203,2023-06-01 00:00:00+00:00,2.969287626341504e-30
203,2023-06-01 01:00:00+00:00,2.7953400139623292e-52
203,2023-06-01 02:00:00+00:00,2.7953400139623292e-52
203,2023-06-01 03:00:00+00:00,4.3832341150638186e-30
203,2023-06-01 04:00:00+00:00,1.5396840565339333e-16
203,2023-06-01 05:00:00+00:00,2.9692876263725873e-30
203,2023-06-01 06:00:00+00:00,2.5875220743884926e-29
203,2023-06-01 07:00:00+00:00,5.231279168986644e-51
203,2023-06-01 08:00:00+00:00,5.870214029320892e-51
203,2023-06-01 09:00:00+00:00,2.6671301719595928e-15
203,2023-06-01 10:00:00+00:00,6.999035119218287e-29
203,2023-06-01 11:00:00+00:00,2.682030334629536e-15
203,2023-06-01 12:00:00+00:00,2.7118306690854428e-15
203,2023-06-01 13:00:00+00:00,2.3815436063796363e-15
203,2023-06-01 14:00:00+00:00,7.069732443651453e-29
203,2023-06-01 15:00:00+00:00,9.024954902221234e-51
203,2023-06-01 16:00:00+00:00,1.008319076464983e-50
203,2023-06-01 17:00:00+00:00,7.656520236479406e-29
203,2023-06-01 18:00:00+00:00,9.863556906409933e-51
203,2023-06-01 19:00:00+00:00,6.229614888258905e-51
203,2023-06-01 20:00:00+00:00,3.9534094483181516e-51
203,2023-06-01 21:00:00+00:00,2.6613472680294113e-88
203,2023-06-01 22:00:00+00:00,2.2762054399407535e-51
203,2023-06-01 23:00:00+00:00,1.2863178462142154e-88
203,2023-06-02 00:00:00+00:00,2.6613472680294113e-89
203,2023-06-02 01:00:00+00:00,5.990014315633562e-52
203,2023-06-02 02:00:00+00:00,9.5840229050137e-52
203,2023-06-02 03:00:00+00:00,4.126454306325343e-52
203,2023-06-02 04:00:00+00:00,4.3832341150643455e-30
203,2023-06-02 05:00:00+00:00,4.126454306325343e-52
203,2023-06-02 06:00:00+00:00,2.396005726253425e-51
203,2023-06-02 07:00:00+00:00,4.8781153861328136e-29
203,2023-06-02 08:00:00+00:00,7.540483926083332e-88
203,2023-06-02 09:00:00+00:00,8.66555404328322e-51
203,2023-06-02 10:00:00+00:00,9.464222618701028e-51
203,2023-06-02 11:00:00+00:00,8.907862879001419e-29
203,2023-06-02 12:00:00+00:00,7.66721832401096e-51
203,2023-06-02 13:00:00+00:00,8.905154615908564e-51
203,2023-06-02 14:00:00+00:00,1.022283311351744e-28
203,2023-06-02 15:00:00+00:00,9.81985836423266e-29
203,2023-06-02 16:00:00+00:00,9.332046825622645e-29
203,2023-06-02 17:00:00+00:00,9.501720404266845e-29
203,2023-06-02 18:00:00+00:00,8.356423748398348e-29
203,2023-06-02 19:00:00+00:00,6.065830436658873e-29
203,2023-06-02 20:00:00+00:00,4.352743736027055e-51
203,2023-06-02 21:00:00+00:00,3.1936167216352936e-88
203,2023-06-02 22:00:00+00:00,3.0605493582338233e-88
203,2023-06-02 23:00:00+00:00,2.3065009656254896e-88
203,2023-06-03 00:00:00+00:00,7.984041804088234e-89
203,2023-06-03 01:00:00+00:00,2.396005726253425e-52
203,2023-06-03 02:00:00+00:00,2.396005726253425e-52
203,2023-06-03 03:00:00+00:00,2.545103679717961e-30
203,2023-06-03 04:00:00+00:00,1.5396841089510418e-16
203,2023-06-03 05:00:00+00:00,1.2311928470487053e-08
203,2023-06-03 06:00:00+00:00,5.950611697667986e-08
203,2023-06-03 07:00:00+00:00,1.147312985488812e-15
203,2023-06-03 08:00:00+00:00,2.2648256160106753e-15
203,2023-06-03 09:00:00+00:00,4.124312156535578e-07
203,2023-06-03 10:00:00+00:00,4.2063900321254515e-07
203,2023-06-03 11:00:00+00:00,3.0247342102716176e-15
203,2023-06-03 12:00:00+00:00,3.4270387434304883e-15
203,2023-06-03 13:00:00+00:00,9.31083762828915e-29
203,2023-06-03 14:00:00+00:00,8.226286326803426e-51
203,2023-06-03 15:00:00+00:00,7.986685754178084e-51
203,2023-06-03 16:00:00+00:00,8.915513347898528e-88
203,2023-06-03 17:00:00+00:00,8.693734408896076e-88
203,2023-06-03 18:00:00+00:00,7.407416562681861e-88
203,2023-06-03 19:00:00+00:00,5.391012884070206e-51
203,2023-06-03 20:00:00+00:00,3.3144745879839046e-51
203,2023-06-03 21:00:00+00:00,2.5158060125660964e-51
203,2023-06-03 22:00:00+00:00,1.9072988754210782e-88
203,2023-06-03 23:00:00+00:00,1.5524525730171565e-88
203,2023-06-04 00:00:00+00:00,6.78868289105137e-52
203,2023-06-04 01:00:00+00:00,5.322694536058823e-89
203,2023-06-04 02:00:00+00:00,2.5451036797268584e-30
203,2023-06-04 03:00:00+00:00,3.6055635462671015e-30
203,2023-06-04 04:00:00+00:00,2.257090572905231e-08
203,2023-06-04 05:00:00+00:00,2.120322543060148e-08
203,2023-06-04 06:00:00+00:00,0.0006267376945304125
203,2023-06-04 07:00:00+00:00,1.190106285243881e-07
203,2023-06-04 08:00:00+00:00,1.5794178569778965e-15
203,2023-06-04 09:00:00+00:00,2.9136996973528997e-07
203,2023-06-04 10:00:00+00:00,3.672908758386772e-07
203,2023-06-04 11:00:00+00:00,0.008040689328951751
203,2023-06-04 12:00:00+00:00,0.009019221430168171
203,2023-06-04 13:00:00+00:00,0.007712505618503472
203,2023-06-04 14:00:00+00:00,4.350019039807702e-07
203,2023-06-04 15:00:00+00:00,7.126290303202348e-29
203,2023-06-04 16:00:00+00:00,9.819858364234503e-29
203,2023-06-04 17:00:00+00:00,7.889821407118561e-29
203,2023-06-04 18:00:00+00:00,2.6075294966665674e-15
203,2023-06-04 19:00:00+00:00,2.8537257574315885e-07
203,2023-06-04 20:00:00+00:00,1.7677992766599268e-07
203,2023-06-04 21:00:00+00:00,9.238104622559852e-16
203,2023-06-04 22:00:00+00:00,1.6772040083773972e-51
203,2023-06-04 23:00:00+00:00,1.1976062706132351e-88
203,2023-06-05 00:00:00+00:00,2.6613472680294113e-89
203,2023-06-05 01:00:00+00:00,3.4597514484382345e-89
203,2023-06-05 02:00:00+00:00,4.2581556288470576e-89
203,2023-06-05 03:00:00+00:00,4.583431406050653e-89
203,2023-06-05 04:00:00+00:00,2.120295414283544e-08
203,2023-06-05 05:00:00+00:00,0.0005892853253338988
203,2023-06-05 06:00:00+00:00,2.248174917095243e-29
203,2023-06-05 07:00:00+00:00,6.2779224099776e-29
203,2023-06-05 08:00:00+00:00,7.423219065843886e-29
203,2023-06-05 09:00:00+00:00,6.36275919929372e-29
203,2023-06-05 10:00:00+00:00,8.123122577755873e-29
203,2023-06-05 11:00:00+00:00,8.066552611719864e-51
203,2023-06-05 12:00:00+00:00,7.338382276511115e-29
203,2023-06-05 13:00:00+00:00,2.6522299846763983e-15
203,2023-06-05 14:00:00+00:00,8.73818930035174e-29
203,2023-06-05 15:00:00+00:00,4.370537087231602e-07
203,2023-06-05 16:00:00+00:00,0.008138221375662032
203,2023-06-05 17:00:00+00:00,4.21665674851789e-07
203,2023-06-05 18:00:00+00:00,9.289628430957182e-29
203,2023-06-05 19:00:00+00:00,7.164938256039181e-88
203,2023-06-05 20:00:00+00:00,4.7490263471724826e-88
203,2023-06-05 21:00:00+00:00,2.4395683290269602e-88
203,2023-06-05 22:00:00+00:00,1.9516546632215682e-88
203,2023-06-05 23:00:00+00:00,2.396005726253425e-52
203,2023-06-06 00:00:00+00:00,2.396005726253425e-52
203,2023-06-06 01:00:00+00:00,2.6613472680294113e-89
203,2023-06-06 02:00:00+00:00,2.396005726253425e-52
203,2023-06-06 03:00:00+00:00,4.126454306325343e-52
203,2023-06-06 04:00:00+00:00,4.126454306325343e-52
203,2023-06-06 05:00:00+00:00,2.396005726253425e-52
203,2023-06-06 06:00:00+00:00,2.838770419231372e-88
203,2023-06-06 07:00:00+00:00,5.231279168986644e-51
203,2023-06-06 08:00:00+00:00,5.854963989664705e-88
203,2023-06-06 09:00:00+00:00,6.875147109075979e-88
203,2023-06-06 10:00:00+00:00,5.3011626693357026e-51
203,2023-06-06 11:00:00+00:00,7.119103941978674e-88
203,2023-06-06 12:00:00+00:00,7.984041804088234e-88
203,2023-06-06 13:00:00+00:00,8.959869135699018e-88
203,2023-06-06 14:00:00+00:00,9.997794570230489e-88
203,2023-06-06 15:00:00+00:00,9.695836505572192e-51
203,2023-06-06 16:00:00+00:00,8.08651932610531e-51
203,2023-06-06 17:00:00+00:00,7.966719039792638e-51
203,2023-06-06 18:00:00+00:00,8.026619182948974e-51
203,2023-06-06 19:00:00+00:00,6.475945018871567e-88
203,2023-06-06 20:00:00+00:00,3.8145977508421564e-88
203,2023-06-06 21:00:00+00:00,2.396005726253425e-51
203,2023-06-06 22:00:00+00:00,1.6772040083773972e-51
203,2023-06-06 23:00:00+00:00,4.7920114525068505e-52
203,2023-06-07 00:00:00+00:00,2.6613472680294113e-89
203,2023-06-07 01:00:00+00:00,2.475872583795206e-52
203,2023-06-07 02:00:00+00:00,2.7147772583642172e-30
203,2023-06-07 03:00:00+00:00,4.383234115060658e-30
203,2023-06-07 04:00:00+00:00,4.3832341150648724e-30
203,2023-06-07 05:00:00+00:00,2.7953400139623292e-52
203,2023-06-07 06:00:00+00:00,2.5956728701078772e-51
203,2023-06-07 07:00:00+00:00,8.865444484346916e-29
203,2023-06-07 08:00:00+00:00,9.504156047471919e-51
203,2023-06-07 09:00:00+00:00,1.0024408042910784e-87
203,2023-06-07 10:00:00+00:00,9.048580711299999e-88
203,2023-06-07 11:00:00+00:00,7.307817465072947e-51
203,2023-06-07 12:00:00+00:00,7.906818896636302e-51
203,2023-06-07 13:00:00+00:00,8.106486040490755e-51
203,2023-06-07 14:00:00+00:00,9.424289189930138e-51
203,2023-06-07 15:00:00+00:00,8.226286326803427e-51
203,2023-06-07 16:00:00+00:00,7.984041804088234e-88
203,2023-06-07 17:00:00+00:00,9.728702790907513e-88
203,2023-06-07 18:00:00+00:00,1.058624802171699e-87
203,2023-06-07 19:00:00+00:00,7.373990891966655e-155
203,2023-06-07 20:00:00+00:00,4.199014578446404e-88
203,2023-06-07 21:00:00+00:00,2.6089840130315074e-51
203,2023-06-07 22:00:00+00:00,2.5956728701078772e-51
203,2023-06-07 23:00:00+00:00,1.1580694343558221e-51
203,2023-06-08 00:00:00+00:00,5.1913457402157544e-52
203,2023-06-08 01:00:00+00:00,4.7920114525068505e-52
203,2023-06-08 02:00:00+00:00,2.5135657940769002e-08
203,2023-06-08 03:00:00+00:00,2.5648692742458767e-08
203,2023-06-08 04:00:00+00:00,4.38323411506698e-30
203,2023-06-08 05:00:00+00:00,5.514391306091719e-30
203,2023-06-08 06:00:00+00:00,3.034940586587671e-51
203,2023-06-08 07:00:00+00:00,6.235504015317511e-29
203,2023-06-08 08:00:00+00:00,6.674587380277399e-51
203,2023-06-08 09:00:00+00:00,8.962400814997042e-29
203,2023-06-08 10:00:00+00:00,8.386020041886988e-51
203,2023-06-08 11:00:00+00:00,7.550474249821149e-29
203,2023-06-08 12:00:00+00:00,7.70715175278185e-51
203,2023-06-08 13:00:00+00:00,6.389348603342466e-51
203,2023-06-08 14:00:00+00:00,8.205820743090685e-88
203,2023-06-08 15:00:00+00:00,1.054073544679896e-154
203,2023-06-08 16:00:00+00:00,9.545472872423093e-155
203,2023-06-08 17:00:00+00:00,9.092936499100489e-88
203,2023-06-08 18:00:00+00:00,1.0947888318134542e-154
203,2023-06-08 19:00:00+00:00,7.283512476114303e-155
203,2023-06-08 20:00:00+00:00,4.1694440532460776e-88
203,2023-06-08 21:00:00+00:00,2.715473156420549e-51
203,2023-06-08 22:00:00+00:00,2.675539727649658e-51
203,2023-06-08 23:00:00+00:00,9.184688617304797e-52
203,2023-06-09 00:00:00+00:00,8.71879861497774e-52
203,2023-06-09 01:00:00+00:00,8.252908612650686e-52
203,2023-06-09 02:00:00+00:00,2.120292069639853e-08
203,2023-06-09 03:00:00+00:00,2.120288724996162e-08
203,2023-06-09 04:00:00+00:00,2.1203004312490802e-08
203,2023-06-09 05:00:00+00:00,3.283159804657684e-08
203,2023-06-09 06:00:00+00:00,9.42435700917988e-16
203,2023-06-09 07:00:00+00:00,7.44442826317696e-29
203,2023-06-09 08:00:00+00:00,9.628975588257333e-29
203,2023-06-09 09:00:00+00:00,8.026619182948973e-51
203,2023-06-09 10:00:00+00:00,9.586557193591081e-29
203,2023-06-09 11:00:00+00:00,2.965133524723071e-15
203,2023-06-09 12:00:00+00:00,8.823026089676184e-29
203,2023-06-09 13:00:00+00:00,7.473950244382596e-88
203,2023-06-09 14:00:00+00:00,7.407416562681861e-88
203,2023-06-09 15:00:00+00:00,8.964903037370504e-155
203,2023-06-09 16:00:00+00:00,1.0349683820114376e-87
203,2023-06-09 17:00:00+00:00,9.869162785609066e-88
203,2023-06-09 18:00:00+00:00,9.558672271005634e-88
203,2023-06-09 19:00:00+00:00,6.908483177364041e-51
203,2023-06-09 20:00:00+00:00,1.2379362918976029e-51
203,2023-06-09 21:00:00+00:00,1.9966714385445207e-51
203,2023-06-09 22:00:00+00:00,1.1580694343558221e-51
203,2023-06-09 23:00:00+00:00,2.68203046035463e-16
203,2023-06-10 00:00:00+00:00,2.257170472726736e-08
203,2023-06-10 01:00:00+00:00,0.0003312792161684461
203,2023-06-10 02:00:00+00:00,1.2311460220370325e-08
203,2023-06-10 03:00:00+00:00,1.3679592045719427e-08
203,2023-06-10 04:00:00+00:00,1.0926790556483742e-16
203,2023-06-10 05:00:00+00:00,1.6415671741014628e-08
203,2023-06-10 06:00:00+00:00,5.335085325847604e-08
203,2023-06-10 07:00:00+00:00,0.0021479136177646975
203,2023-06-10 08:00:00+00:00,2.995776736781851e-07
203,2023-06-10 09:00:00+00:00,3.775494480237288e-07
203,2023-06-10 10:00:00+00:00,2.8161318595844217e-15
203,2023-06-10 11:00:00+00:00,3.4568390855590438e-15
203,2023-06-10 12:00:00+00:00,4.0217239262022945e-07
203,2023-06-10 13:00:00+00:00,0.6117982053160329
203,2023-06-10 14:00:00+00:00,0.5771762612436896
203,2023-06-10 15:00:00+00:00,0.552322673431735
203,2023-06-10 16:00:00+00:00,0.6788787205831233
203,2023-06-10 17:00:00+00:00,0.5999159341777545
203,2023-06-10 18:00:00+00:00,0.6746287942957758
203,2023-06-10 19:00:00+00:00,0.456456785452133
203,2023-06-10 20:00:00+00:00,0.3485988907796799
203,2023-06-10 21:00:00+00:00,0.251555159939225
203,2023-06-10 22:00:00+00:00,0.21251279475228968
203,2023-06-10 23:00:00+00:00,0.15340827597387652
203,2023-06-11 00:00:00+00:00,7.188017178760276e-52
203,2023-06-11 01:00:00+00:00,0.10236399948408748
203,2023-06-11 02:00:00+00:00,0.014728997560664014
203,2023-06-11 03:00:00+00:00,0.02624586241294329
203,2023-06-11 04:00:00+00:00,0.02624586241294329
203,2023-06-11 05:00:00+00:00,0.055802165644688935
203,2023-06-11 06:00:00+00:00,0.033746983128716865
203,2023-06-11 07:00:00+00:00,0.21969756402639307
203,2023-06-11 08:00:00+00:00,0.3178694551849397
203,2023-06-11 09:00:00+00:00,0.4736873248233333
203,2023-06-11 10:00:00+00:00,0.632112763814584
203,2023-06-11 11:00:00+00:00,0.17581333229867133
203,2023-06-11 12:00:00+00:00,0.8606641352399034
203,2023-06-11 13:00:00+00:00,0.6933588562655998
203,2023-06-11 14:00:00+00:00,0.35684456146069177
203,2023-06-11 15:00:00+00:00,0.8150223721522025
203,2023-06-11 16:00:00+00:00,0.6750767896259728
203,2023-06-11 17:00:00+00:00,0.5897891672184324
203,2023-06-11 18:00:00+00:00,0.4840304451703515
203,2023-06-11 19:00:00+00:00,0.4976690712949146
203,2023-06-11 20:00:00+00:00,0.5049118322372702
203,2023-06-11 21:00:00+00:00,0.17702651766271754
203,2023-06-11 22:00:00+00:00,0.21035198738458877
203,2023-06-11 23:00:00+00:00,0.08203448497793818
203,2023-06-12 00:00:00+00:00,0.040211156183077
203,2023-06-12 01:00:00+00:00,0.013915526225134771
203,2023-06-12 02:00:00+00:00,0.0004021298653996623
203,2023-06-12 03:00:00+00:00,0.02720122987337155
203,2023-06-12 04:00:00+00:00,0.07484072246410568
203,2023-06-12 05:00:00+00:00,0.21863552243635262
203,2023-06-12 06:00:00+00:00,0.8287090272876767
203,2023-06-12 07:00:00+00:00,1.138340347129138
203,2023-06-12 08:00:00+00:00,1.6305557544187617
203,2023-06-12 09:00:00+00:00,0.007363054292562968
203,2023-06-12 10:00:00+00:00,3.1394154996748667e-07
203,2023-06-12 11:00:00+00:00,1.2034947374786757
203,2023-06-12 12:00:00+00:00,0.8498481629323837
203,2023-06-12 13:00:00+00:00,0.5239572469514772
203,2023-06-12 14:00:00+00:00,0.3027071258764199
203,2023-06-12 15:00:00+00:00,0.549962304369425
203,2023-06-12 16:00:00+00:00,0.6399725787752341
203,2023-06-12 17:00:00+00:00,0.6089920541449799
203,2023-06-12 18:00:00+00:00,0.553266392664219
203,2023-06-12 19:00:00+00:00,0.9477442782068596
203,2023-06-12 20:00:00+00:00,0.5111501640087983
203,2023-06-12 21:00:00+00:00,0.45498382145128935
203,2023-06-12 22:00:00+00:00,0.2625893856425436
203,2023-06-12 23:00:00+00:00,0.15302680377529096
203,2023-06-13 00:00:00+00:00,0.07217965295419382
203,2023-06-13 01:00:00+00:00,1.3906823774173884e-16
203,2023-06-13 02:00:00+00:00,2.396005726253425e-52
203,2023-06-13 03:00:00+00:00,8.940101186334157e-17
203,2023-06-13 04:00:00+00:00,1.2311443497151871e-08
203,2023-06-13 05:00:00+00:00,5.438561589215568e-16
203,2023-06-13 06:00:00+00:00,9.983113469385513e-16
203,2023-06-13 07:00:00+00:00,2.622429704916605e-15
203,2023-06-13 08:00:00+00:00,0.00701682543861778
203,2023-06-13 09:00:00+00:00,0.6190927826784489
203,2023-06-13 10:00:00+00:00,0.20773545361313958
203,2023-06-13 11:00:00+00:00,3.0983761716714995e-07
203,2023-06-13 12:00:00+00:00,3.882188460627314e-07
203,2023-06-13 13:00:00+00:00,6.634236925122568e-29
203,2023-06-13 14:00:00+00:00,7.717907077285292e-88
203,2023-06-13 15:00:00+00:00,7.629195501684313e-88
203,2023-06-13 16:00:00+00:00,7.939686016287744e-88
203,2023-06-13 17:00:00+00:00,7.326532479045673e-88
203,2023-06-13 18:00:00+00:00,9.463437785433995e-88
203,2023-06-13 19:00:00+00:00,6.469206733443139e-155
203,2023-06-13 20:00:00+00:00,3.2572229706846573e-155
203,2023-06-13 21:00:00+00:00,3.0762661389799547e-155
203,2023-06-13 22:00:00+00:00,1.1313165066699662e-54
203,2023-06-13 23:00:00+00:00,8.595449505973401e-156
203,2023-06-14 00:00:00+00:00,6.72212717643322e-52
203,2023-06-14 01:00:00+00:00,5.856902886397262e-52
203,2023-06-14 02:00:00+00:00,4.126454306325343e-52
203,2023-06-14 03:00:00+00:00,0.000401823934514031
203,2023-06-14 04:00:00+00:00,2.1203004312490802e-08
203,2023-06-14 05:00:00+00:00,1.2313165988652688e-08
203,2023-06-14 06:00:00+00:00,1.2927403371957303e-07
203,2023-06-14 07:00:00+00:00,3.9396786608884075e-07
203,2023-06-14 08:00:00+00:00,0.008843813716242177
203,2023-06-14 09:00:00+00:00,0.007950109721663821
203,2023-06-14 10:00:00+00:00,2.6671301617040713e-15
203,2023-06-14 11:00:00+00:00,3.960160502544353e-07
203,2023-06-14 12:00:00+00:00,2.7565311730483065e-15
203,2023-06-14 13:00:00+00:00,0.007319823228860084
203,2023-06-14 14:00:00+00:00,8.823482835314107e-08
203,2023-06-14 15:00:00+00:00,0.1994537369810561
203,2023-06-14 16:00:00+00:00,3.317246214285092e-07
203,2023-06-14 17:00:00+00:00,3.7618182904374564e-07
203,2023-06-14 18:00:00+00:00,7.148083749989385e-51
203,2023-06-14 19:00:00+00:00,1.3857156921305253e-15
203,2023-06-14 20:00:00+00:00,3.944910703560966e-29
203,2023-06-14 21:00:00+00:00,1.645257265360685e-51
203,2023-06-14 22:00:00+00:00,1.603634602143088e-54
203,2023-06-14 23:00:00+00:00,8.143057426711643e-156
203,2023-06-15 00:00:00+00:00,2.872668415075745e-08
203,2023-06-15 01:00:00+00:00,4.807418061684727e-30
203,2023-06-15 02:00:00+00:00,3.844168276042483e-89
203,2023-06-15 03:00:00+00:00,2.714352475570548e-156
203,2023-06-15 04:00:00+00:00,1.4045999470155224e-88
203,2023-06-15 05:00:00+00:00,2.5430651672281043e-88
203,2023-06-15 06:00:00+00:00,3.434274874296576e-51
203,2023-06-15 07:00:00+00:00,7.802991981831987e-51
203,2023-06-15 08:00:00+00:00,9.438911643944311e-88
203,2023-06-15 09:00:00+00:00,6.70881603350959e-51
203,2023-06-15 10:00:00+00:00,7.252171305380146e-88
203,2023-06-15 11:00:00+00:00,6.96385868467696e-88
203,2023-06-15 12:00:00+00:00,5.351079455299317e-51
203,2023-06-15 13:00:00+00:00,6.065830436655686e-29
203,2023-06-15 14:00:00+00:00,3.0983684789910104e-07
203,2023-06-15 15:00:00+00:00,4.288460215034836e-07
203,2023-06-15 16:00:00+00:00,0.00654675687117569
203,2023-06-15 17:00:00+00:00,3.98105029750347e-156
203,2023-06-15 18:00:00+00:00,5.768901674131816e-30
203,2023-06-15 19:00:00+00:00,4.252485545060525e-155
203,2023-06-15 20:00:00+00:00,1.400615854344668e-15
203,2023-06-15 21:00:00+00:00,9.98311303492434e-16
203,2023-06-15 22:00:00+00:00,2.4359391550243153e-51
203,2023-06-15 23:00:00+00:00,6.386782889238296e-55
203,2023-06-16 00:00:00+00:00,5.818070041961117e-55
203,2023-06-16 01:00:00+00:00,3.3080438118363254e-10
203,2023-06-16 02:00:00+00:00,4.126454306325343e-52
203,2023-06-16 03:00:00+00:00,4.674718152371499e-156
203,2023-06-16 04:00:00+00:00,3.638341849004317e-55
203,2023-06-16 05:00:00+00:00,3.2363425888843713e-55
203,2023-06-16 06:00:00+00:00,2.4429172280134926e-155
203,2023-06-16 07:00:00+00:00,1.4644266367712617e-19
203,2023-06-16 08:00:00+00:00,1.6425465099974079e-10
203,2023-06-16 09:00:00+00:00,4.2122424568246035e-09
203,2023-06-16 10:00:00+00:00,0.0009061335732894794
203,2023-06-16 11:00:00+00:00,5.588564305281766e-05
203,2023-06-16 12:00:00+00:00,1.325691480852408e-19
203,2023-06-16 13:00:00+00:00,1.553977825634472e-10
203,2023-06-16 14:00:00+00:00,4.940012087666187e-09
203,2023-06-16 15:00:00+00:00,1.6339918250241485e-19
203,2023-06-16 16:00:00+00:00,0.000933532487177937
203,2023-06-16 17:00:00+00:00,5.215682411118718e-09
203,2023-06-16 18:00:00+00:00,0.0010041771843656714
203,2023-06-16 19:00:00+00:00,0.2858098311639888
203,2023-06-16 20:00:00+00:00,0.1219930642058581
203,2023-06-16 21:00:00+00:00,0.1306647107621204
203,2023-06-16 22:00:00+00:00,0.1880019539782406
203,2023-06-16 23:00:00+00:00,0.16706420585349455
203,2023-06-17 00:00:00+00:00,2.6464350828546247e-10
203,2023-06-17 01:00:00+00:00,1.32321753890763e-10
203,2023-06-17 02:00:00+00:00,7.407562692150669e-12
203,2023-06-17 03:00:00+00:00,2.734649554343475e-10
203,2023-06-17 04:00:00+00:00,0.0021122345276712263
203,2023-06-17 05:00:00+00:00,2.2788746480713075e-10
203,2023-06-17 06:00:00+00:00,0.240519185645572
203,2023-06-17 07:00:00+00:00,0.4448691515971086
203,2023-06-17 08:00:00+00:00,4.352743736027055e-51
203,2023-06-17 09:00:00+00:00,8.028397591888724e-88
203,2023-06-17 10:00:00+00:00,6.173919204217455e-54
203,2023-06-17 11:00:00+00:00,8.233535842563995e-155
203,2023-06-17 12:00:00+00:00,1.6494068424734567e-19
203,2023-06-17 13:00:00+00:00,4.708449028149411e-09
203,2023-06-17 14:00:00+00:00,3.9255453272673e-09
203,2023-06-17 15:00:00+00:00,0.00018611681866131553
203,2023-06-17 16:00:00+00:00,0.00022676610412838155
203,2023-06-17 17:00:00+00:00,0.028045931049152168
203,2023-06-17 18:00:00+00:00,0.0008102939842879873
203,2023-06-17 19:00:00+00:00,8.212732549988188e-11
203,2023-06-17 20:00:00+00:00,0.20365448591934626
203,2023-06-17 21:00:00+00:00,0.31558278712096205
203,2023-06-17 22:00:00+00:00,4.6095974361456424e-11
203,2023-06-17 23:00:00+00:00,3.085858498417317e-05
203,2023-06-18 00:00:00+00:00,9.469065954356503e-05
203,2023-06-18 01:00:00+00:00,0.06843359986034492
203,2023-06-18 02:00:00+00:00,7.964425577583955e-21
203,2023-06-18 03:00:00+00:00,4.624505171131192e-21
203,2023-06-18 04:00:00+00:00,2.6964040769895737e-55
203,2023-06-18 05:00:00+00:00,0.0003643851622457676
203,2023-06-18 06:00:00+00:00,0.15667227859021537
203,2023-06-18 07:00:00+00:00,0.001677049630019965
203,2023-06-18 08:00:00+00:00,5.934781631807805e-20
203,2023-06-18 09:00:00+00:00,0.022210836771140913
203,2023-06-18 10:00:00+00:00,6.55578839326498e-54
203,2023-06-18 11:00:00+00:00,1.465409141272169e-10
203,2023-06-18 12:00:00+00:00,1.0661702426689401
203,2023-06-18 13:00:00+00:00,0.6259484463223541
203,2023-06-18 14:00:00+00:00,0.6112608390762141
203,2023-06-18 15:00:00+00:00,0.6307632999042609
203,2023-06-18 16:00:00+00:00,0.7247147879249347
203,2023-06-18 17:00:00+00:00,0.6176558626493359
203,2023-06-18 18:00:00+00:00,0.3388741027619576
203,2023-06-18 19:00:00+00:00,0.16973449051201542
203,2023-06-18 20:00:00+00:00,0.21883554639584982
203,2023-06-18 21:00:00+00:00,0.16215285027273582
203,2023-06-18 22:00:00+00:00,0.041654481513793654
203,2023-06-18 23:00:00+00:00,0.03531930498314708
203,2023-06-19 00:00:00+00:00,0.023167825338385774
203,2023-06-19 01:00:00+00:00,0.028481912510566698
203,2023-06-19 02:00:00+00:00,0.048431295585305865
203,2023-06-19 03:00:00+00:00,0.05935894511022327
203,2023-06-19 04:00:00+00:00,0.1948894795554532
203,2023-06-19 05:00:00+00:00,0.5923973252986313
203,2023-06-19 06:00:00+00:00,2.017836557822351
203,2023-06-19 07:00:00+00:00,0.8846826381315528
203,2023-06-19 08:00:00+00:00,0.9481365623165153
203,2023-06-19 09:00:00+00:00,0.825170319996871
203,2023-06-19 10:00:00+00:00,0.22803868962809012
203,2023-06-19 11:00:00+00:00,0.554179664039077
203,2023-06-19 12:00:00+00:00,0.6099056655694757
203,2023-06-19 13:00:00+00:00,0.5366912612929005
203,2023-06-19 14:00:00+00:00,0.7305338717672581
203,2023-06-19 15:00:00+00:00,1.0686587835223729
203,2023-06-19 16:00:00+00:00,0.7378208471017135
203,2023-06-19 17:00:00+00:00,0.8350537833635933
203,2023-06-19 18:00:00+00:00,1.12275996596349
203,2023-06-19 19:00:00+00:00,0.6235883734755187
203,2023-06-19 20:00:00+00:00,0.4907979363856477
203,2023-06-19 21:00:00+00:00,0.4190523959596421
203,2023-06-19 22:00:00+00:00,0.30516118981114354
203,2023-06-19 23:00:00+00:00,0.13676325027262895
203,2023-06-20 00:00:00+00:00,0.0018541164731211987
203,2023-06-20 01:00:00+00:00,4.831019147053694e-12
203,2023-06-20 02:00:00+00:00,2.8117715958036757e-55
203,2023-06-20 03:00:00+00:00,9.79559874807127e-06
203,2023-06-20 04:00:00+00:00,0.07969214237624025
203,2023-06-20 05:00:00+00:00,0.000549888595397595
203,2023-06-20 06:00:00+00:00,9.834111769757926e-16
203,2023-06-20 07:00:00+00:00,1.9519221299764146e-15
203,2023-06-20 08:00:00+00:00,3.529284934902242e-07
203,2023-06-20 09:00:00+00:00,0.28285747647599135
203,2023-06-20 10:00:00+00:00,4.698837886731285e-07
203,2023-06-20 11:00:00+00:00,0.007218497639167976
203,2023-06-20 12:00:00+00:00,1.143124714911142
203,2023-06-20 13:00:00+00:00,0.5498246083092047
203,2023-06-20 14:00:00+00:00,0.5316838619325502
203,2023-06-20 15:00:00+00:00,0.322236171943908
203,2023-06-20 16:00:00+00:00,0.4043371059264461
203,2023-06-20 17:00:00+00:00,0.3624654673100994
203,2023-06-20 18:00:00+00:00,0.21912306709162788
203,2023-06-20 19:00:00+00:00,0.16003436902716292
203,2023-06-20 20:00:00+00:00,0.12142871774373115
203,2023-06-20 21:00:00+00:00,0.19342763278954317
203,2023-06-20 22:00:00+00:00,0.2690870261287795
203,2023-06-20 23:00:00+00:00,0.0806076680438061
203,2023-06-21 00:00:00+00:00,0.032722454620472935
203,2023-06-21 01:00:00+00:00,0.015871254446914285
203,2023-06-21 02:00:00+00:00,0.0093115417342368
203,2023-06-21 03:00:00+00:00,0.03138385686312839
203,2023-06-21 04:00:00+00:00,0.08912282227687886
203,2023-06-21 05:00:00+00:00,0.5902204369777226
203,2023-06-21 06:00:00+00:00,0.8146406743458128
203,2023-06-21 07:00:00+00:00,1.3189701791442534
203,2023-06-21 08:00:00+00:00,1.2524458334832207
203,2023-06-21 09:00:00+00:00,0.4575218175809805
203,2023-06-21 10:00:00+00:00,0.3319493772722143
203,2023-06-21 11:00:00+00:00,0.31357788745137877
203,2023-06-21 12:00:00+00:00,0.29807435537401805
203,2023-06-21 13:00:00+00:00,0.3123287972626215
203,2023-06-21 14:00:00+00:00,0.8285364381014553
203,2023-06-21 15:00:00+00:00,0.8669585834224988
203,2023-06-21 16:00:00+00:00,0.8649708267769209
203,2023-06-21 17:00:00+00:00,1.017698143078346
203,2023-06-21 18:00:00+00:00,0.24970296636160239
203,2023-06-21 19:00:00+00:00,0.3345195317304945
203,2023-06-21 20:00:00+00:00,0.2056352382054694
203,2023-06-21 21:00:00+00:00,0.1152481258582747
203,2023-06-21 22:00:00+00:00,0.30648211850787505
203,2023-06-21 23:00:00+00:00,0.15766053475361028
203,2023-06-22 00:00:00+00:00,0.09248551731789034
203,2023-06-22 01:00:00+00:00,0.06503189857467623
203,2023-06-22 02:00:00+00:00,0.025341280895462795
203,2023-06-22 03:00:00+00:00,0.012489406223383355
203,2023-06-22 04:00:00+00:00,0.14900222427441062
203,2023-06-22 05:00:00+00:00,0.09698492133093431
203,2023-06-22 06:00:00+00:00,0.40885087690266025
203,2023-06-22 07:00:00+00:00,1.3186261676106699
203,2023-06-22 08:00:00+00:00,0.8436838954740961
203,2023-06-22 09:00:00+00:00,1.5901058907495123
203,2023-06-22 10:00:00+00:00,0.9708207021222015
203,2023-06-22 11:00:00+00:00,0.7989136387051171
203,2023-06-22 12:00:00+00:00,0.7487168074848685
203,2023-06-22 13:00:00+00:00,0.7910574808032771
203,2023-06-22 14:00:00+00:00,0.5412531411619895
203,2023-06-22 15:00:00+00:00,0.5545774175169982
203,2023-06-22 16:00:00+00:00,0.49593935186963284
203,2023-06-22 17:00:00+00:00,0.6055645347717992
203,2023-06-22 18:00:00+00:00,0.3878392513887463
203,2023-06-22 19:00:00+00:00,0.285465591864577
203,2023-06-22 20:00:00+00:00,0.12172369864901939
203,2023-06-22 21:00:00+00:00,0.09797775453074527
203,2023-06-22 22:00:00+00:00,0.13090205530281837
203,2023-06-22 23:00:00+00:00,0.043524086500370186
203,2023-06-23 00:00:00+00:00,0.04992586030806464
203,2023-06-23 01:00:00+00:00,0.026792836479854726
203,2023-06-23 02:00:00+00:00,0.007674070237055086
203,2023-06-23 03:00:00+00:00,0.009490822592560295
203,2023-06-23 04:00:00+00:00,0.02477055015241662
203,2023-06-23 05:00:00+00:00,0.0886174905754045
203,2023-06-23 06:00:00+00:00,0.26783286716244714
203,2023-06-23 07:00:00+00:00,0.4873421011851144
203,2023-06-23 08:00:00+00:00,0.429002270839839
203,2023-06-23 09:00:00+00:00,0.3651330685872607
203,2023-06-23 10:00:00+00:00,0.5675397545910064
203,2023-06-23 11:00:00+00:00,0.36712790062127226
203,2023-06-23 12:00:00+00:00,0.5582901100685872
203,2023-06-23 13:00:00+00:00,0.6247513142970518
203,2023-06-23 14:00:00+00:00,0.4774427474271974
203,2023-06-23 15:00:00+00:00,0.6592063146882152
203,2023-06-23 16:00:00+00:00,0.3873451837152435
203,2023-06-23 17:00:00+00:00,0.8093427645770529
203,2023-06-23 18:00:00+00:00,0.44101195590259984
203,2023-06-23 19:00:00+00:00,0.3021308049308124
203,2023-06-23 20:00:00+00:00,0.3695281698037982
203,2023-06-23 21:00:00+00:00,0.18148750138346786
203,2023-06-23 22:00:00+00:00,0.10259109854056322
203,2023-06-23 23:00:00+00:00,0.11477302746963701
203,2023-06-24 00:00:00+00:00,0.12099523782049514
203,2023-06-24 01:00:00+00:00,0.059787108773776965
203,2023-06-24 02:00:00+00:00,0.04311769100566804
203,2023-06-24 03:00:00+00:00,0.04037895526559226
203,2023-06-24 04:00:00+00:00,0.04247726401355075
203,2023-06-24 05:00:00+00:00,0.1342775634020026
203,2023-06-24 06:00:00+00:00,0.20810455042882542
203,2023-06-24 07:00:00+00:00,0.4683811462467941
203,2023-06-24 08:00:00+00:00,0.16531119952268683
203,2023-06-24 09:00:00+00:00,0.33190115312344326
203,2023-06-24 10:00:00+00:00,0.34714837069405236
203,2023-06-24 11:00:00+00:00,0.6132046711175618
203,2023-06-24 12:00:00+00:00,0.6506811761064496
203,2023-06-24 13:00:00+00:00,1.3322822367228728
203,2023-06-24 14:00:00+00:00,0.9717894285881976
203,2023-06-24 15:00:00+00:00,1.2213007681779993
203,2023-06-24 16:00:00+00:00,0.7027931865374539
203,2023-06-24 17:00:00+00:00,0.7461806590535877
203,2023-06-24 18:00:00+00:00,0.6802141879869043
203,2023-06-24 19:00:00+00:00,1.8458182814383939
203,2023-06-24 20:00:00+00:00,0.01433706125042121
203,2023-06-24 21:00:00+00:00,0.01157884984984017
203,2023-06-24 22:00:00+00:00,0.0001691722232727458
203,2023-06-24 23:00:00+00:00,0.0001488639670124723
203,2023-06-25 00:00:00+00:00,6.863160769361413e-06
203,2023-06-25 01:00:00+00:00,1.3687887583313827e-11
203,2023-06-25 02:00:00+00:00,4.624505175923594e-21
203,2023-06-25 03:00:00+00:00,3.279842574647745e-156
203,2023-06-25 04:00:00+00:00,3.394341445525685e-52
203,2023-06-25 05:00:00+00:00,7.964425574086798e-21
203,2023-06-25 06:00:00+00:00,5.6517267502865326e-05
203,2023-06-25 07:00:00+00:00,0.010419441761917
203,2023-06-25 08:00:00+00:00,0.00048446175089819643
203,2023-06-25 09:00:00+00:00,1.9118768470599763
203,2023-06-25 10:00:00+00:00,2.6175349752161146
203,2023-06-25 11:00:00+00:00,0.7346566173348898
203,2023-06-25 12:00:00+00:00,1.020083938076541
203,2023-06-25 13:00:00+00:00,0.4261562257703833
203,2023-06-25 14:00:00+00:00,0.3501266977400696
203,2023-06-25 15:00:00+00:00,0.34557927406643907
203,2023-06-25 16:00:00+00:00,0.4015862201916246
203,2023-06-25 17:00:00+00:00,0.359716643946389
203,2023-06-25 18:00:00+00:00,0.33954426584074643
203,2023-06-25 19:00:00+00:00,0.29968864697896197
203,2023-06-25 20:00:00+00:00,0.4292508186260055
203,2023-06-25 21:00:00+00:00,0.3665589326741868
203,2023-06-25 22:00:00+00:00,0.22387505383542194
203,2023-06-25 23:00:00+00:00,0.16934796595449375
203,2023-06-26 00:00:00+00:00,0.18084293057377995
203,2023-06-26 01:00:00+00:00,0.20653623843592195
203,2023-06-26 02:00:00+00:00,0.17570426900135153
203,2023-06-26 03:00:00+00:00,0.15100070684908
203,2023-06-26 04:00:00+00:00,0.09519857103330664
203,2023-06-26 05:00:00+00:00,0.12440818479217432
203,2023-06-26 06:00:00+00:00,0.6399359430955699
203,2023-06-26 07:00:00+00:00,1.0010148179842238
203,2023-06-26 08:00:00+00:00,0.8659254012266402
203,2023-06-26 09:00:00+00:00,0.49614505812395704
203,2023-06-26 10:00:00+00:00,0.7060530665085268
203,2023-06-26 11:00:00+00:00,0.33763215425495563
203,2023-06-26 12:00:00+00:00,0.18854215900849164
203,2023-06-26 13:00:00+00:00,0.37012942934228965
203,2023-06-26 14:00:00+00:00,0.3876216063403285
203,2023-06-26 15:00:00+00:00,0.38177068121583624
203,2023-06-26 16:00:00+00:00,0.4534423308335847
203,2023-06-26 17:00:00+00:00,0.41516583046596717
203,2023-06-26 18:00:00+00:00,0.5147651285598774
203,2023-06-26 19:00:00+00:00,0.3858450557336828
203,2023-06-26 20:00:00+00:00,0.2841365523471666
203,2023-06-26 21:00:00+00:00,0.3516171441461271
203,2023-06-26 22:00:00+00:00,0.248062027408223
203,2023-06-26 23:00:00+00:00,0.15610140568002565
203,2023-06-27 00:00:00+00:00,0.07097825773225656
203,2023-06-27 01:00:00+00:00,0.03588394638257667
203,2023-06-27 02:00:00+00:00,0.02946211904722286
203,2023-06-27 03:00:00+00:00,0.020821280347560592
203,2023-06-27 04:00:00+00:00,0.022903101982614138
203,2023-06-27 05:00:00+00:00,0.05799504093871916
203,2023-06-27 06:00:00+00:00,0.6509970144460449
203,2023-06-27 07:00:00+00:00,1.1601436875983075
203,2023-06-27 08:00:00+00:00,1.0750426289826012
203,2023-06-27 09:00:00+00:00,0.5626832733217461
203,2023-06-27 10:00:00+00:00,0.5252147813795054
203,2023-06-27 11:00:00+00:00,0.49453294888891675
203,2023-06-27 12:00:00+00:00,0.6984831107176196
203,2023-06-27 13:00:00+00:00,0.8325976646987133
203,2023-06-27 14:00:00+00:00,0.3472402078711747
203,2023-06-27 15:00:00+00:00,0.19667197626523744
203,2023-06-27 16:00:00+00:00,0.3613081021622811
203,2023-06-27 17:00:00+00:00,0.3580662912430058
203,2023-06-27 18:00:00+00:00,0.3357603397705905
203,2023-06-27 19:00:00+00:00,0.16461368236647428
203,2023-06-27 20:00:00+00:00,0.1534089933476594
203,2023-06-27 21:00:00+00:00,0.1534089933476594
203,2023-06-27 22:00:00+00:00,0.09479643612304156
203,2023-06-27 23:00:00+00:00,0.1550007116722688
203,2023-06-28 00:00:00+00:00,0.02056879177036103
203,2023-06-28 01:00:00+00:00,0.012493912469078643
203,2023-06-28 02:00:00+00:00,0.012493912469078643
203,2023-06-28 03:00:00+00:00,0.012493912469078643
203,2023-06-28 04:00:00+00:00,0.012493912469078643
203,2023-06-28 05:00:00+00:00,0.019842561926548954
203,2023-06-28 06:00:00+00:00,0.2907814434656843
203,2023-06-28 07:00:00+00:00,0.32159433826742523
203,2023-06-28 08:00:00+00:00,0.33746764771074633
203,2023-06-28 09:00:00+00:00,0.320660614182524
203,2023-06-28 10:00:00+00:00,0.3218787688046143
203,2023-06-28 11:00:00+00:00,0.3302822855687255
203,2023-06-28 12:00:00+00:00,0.31583986144047516
203,2023-06-28 13:00:00+00:00,0.5565772228777777
203,2023-06-28 14:00:00+00:00,0.32150280432532047
203,2023-06-28 15:00:00+00:00,0.3225639122744308
203,2023-06-28 16:00:00+00:00,0.33750349763285065
203,2023-06-28 17:00:00+00:00,0.3431058421422581
203,2023-06-28 18:00:00+00:00,0.3506999251290104
203,2023-06-28 19:00:00+00:00,0.15621016560236312
203,2023-06-28 20:00:00+00:00,0.15813821214760343
203,2023-06-28 21:00:00+00:00,0.09712890481715868
203,2023-06-28 22:00:00+00:00,0.15639691041934337
203,2023-06-28 23:00:00+00:00,0.2498950503368129
203,2023-06-29 00:00:00+00:00,0.03373225171608221
203,2023-06-29 01:00:00+00:00,1.5396840850214923e-16
203,2023-06-29 02:00:00+00:00,2.1202995950881575e-08
203,2023-06-29 03:00:00+00:00,0.03316197838224928
203,2023-06-29 04:00:00+00:00,0.0785199814085416
203,2023-06-29 05:00:00+00:00,0.03958517769537667
203,2023-06-29 06:00:00+00:00,0.5143003482693734
203,2023-06-29 07:00:00+00:00,0.465657903997584
203,2023-06-29 08:00:00+00:00,0.4967059445147306
203,2023-06-29 09:00:00+00:00,0.4612224696379917
203,2023-06-29 10:00:00+00:00,1.2867387867525721
203,2023-06-29 11:00:00+00:00,0.7172595154050181
203,2023-06-29 12:00:00+00:00,0.7180643378325384
203,2023-06-29 13:00:00+00:00,0.5571480957879674
203,2023-06-29 14:00:00+00:00,0.5659797441215882
203,2023-06-29 15:00:00+00:00,0.5832071043500846
203,2023-06-29 16:00:00+00:00,0.5879800652225379
203,2023-06-29 17:00:00+00:00,0.3571117034157767
203,2023-06-29 18:00:00+00:00,0.7621414014343694
203,2023-06-29 19:00:00+00:00,0.5213844505747202
203,2023-06-29 20:00:00+00:00,0.4442837937471736
203,2023-06-29 21:00:00+00:00,0.48365095800996655
203,2023-06-29 22:00:00+00:00,0.2495446242403271
203,2023-06-29 23:00:00+00:00,0.15496520015582813
203,2023-06-30 00:00:00+00:00,0.035380821469441055
203,2023-06-30 01:00:00+00:00,0.02056879177036103
203,2023-06-30 02:00:00+00:00,0.02056879177036103
203,2023-06-30 03:00:00+00:00,0.012493912469078643
203,2023-06-30 04:00:00+00:00,0.164557024065009
203,2023-06-30 05:00:00+00:00,0.0035089091824842154
203,2023-06-30 06:00:00+00:00,0.8372027701975264
203,2023-06-30 07:00:00+00:00,0.602378604696332
203,2023-06-30 08:00:00+00:00,0.7659746263506042
203,2023-06-30 09:00:00+00:00,0.5860343712941963
203,2023-06-30 10:00:00+00:00,0.8742566701947206
203,2023-06-30 11:00:00+00:00,0.8435817699047156
203,2023-06-30 12:00:00+00:00,0.19921377610975557
203,2023-06-30 13:00:00+00:00,0.2020588086243519
203,2023-06-30 14:00:00+00:00,0.32163018818952954
203,2023-06-30 15:00:00+00:00,0.32629880861403576
203,2023-06-30 16:00:00+00:00,0.20743275892970056
203,2023-06-30 17:00:00+00:00,0.21343893868273725
203,2023-06-30 18:00:00+00:00,0.3721118871496344
203,2023-06-30 19:00:00+00:00,0.09949391788113623
203,2023-06-30 20:00:00+00:00,0.09775528689999403
203,2023-06-30 21:00:00+00:00,0.09601665591885183
203,2023-06-30 22:00:00+00:00,0.15527644151746187
203,2023-06-30 23:00:00+00:00,0.1534089933476594
203,2023-07-01 00:00:00+00:00,0.019842561926548954
203,2023-07-01 01:00:00+00:00,0.019842561926548954
203,2023-07-01 02:00:00+00:00,0.019842561926548954
203,2023-07-01 03:00:00+00:00,0.03404857587658925
203,2023-07-01 04:00:00+00:00,0.03404857587658925
203,2023-07-01 05:00:00+00:00,0.036721765185350815
203,2023-07-01 06:00:00+00:00,0.5288272154695591
203,2023-07-01 07:00:00+00:00,0.5098722746693292
203,2023-07-01 08:00:00+00:00,0.5211649337784375
203,2023-07-01 09:00:00+00:00,0.5220990850468095
203,2023-07-01 10:00:00+00:00,0.5899213552694712
203,2023-07-01 11:00:00+00:00,0.6164531092886455
203,2023-07-01 12:00:00+00:00,0.5790731592144247
203,2023-07-01 13:00:00+00:00,0.5633145702129536
203,2023-07-01 14:00:00+00:00,0.5646848531195772
203,2023-07-01 15:00:00+00:00,0.33090373710643745
203,2023-07-01 16:00:00+00:00,0.3422327164327947
203,2023-07-01 17:00:00+00:00,0.33943154417809096
203,2023-07-01 18:00:00+00:00,0.5940323382194621
203,2023-07-01 19:00:00+00:00,0.2828181987283201
203,2023-07-01 20:00:00+00:00,0.2775272685851424
203,2023-07-01 21:00:00+00:00,0.274348863515931
203,2023-07-01 22:00:00+00:00,0.28234409235725605
203,2023-07-01 23:00:00+00:00,0.28860858698580016
203,2023-07-02 00:00:00+00:00,0.03404857587658925
203,2023-07-02 01:00:00+00:00,0.03404857587658925
203,2023-07-02 02:00:00+00:00,0.019842561926548954
203,2023-07-02 03:00:00+00:00,0.012493912469078643
203,2023-07-02 04:00:00+00:00,0.012493912469078643
203,2023-07-02 05:00:00+00:00,0.012248045461644394
203,2023-07-02 06:00:00+00:00,0.2907814434656843
203,2023-07-02 07:00:00+00:00,0.5108418999660597
203,2023-07-02 08:00:00+00:00,0.5116983435614645
203,2023-07-02 09:00:00+00:00,0.509985456370655
203,2023-07-02 10:00:00+00:00,0.5180828380015681
203,2023-07-02 11:00:00+00:00,0.5693667089797576
203,2023-07-02 12:00:00+00:00,0.34316644051769596
203,2023-07-02 13:00:00+00:00,0.3308400451743329
203,2023-07-02 14:00:00+00:00,0.31596415174801756
203,2023-07-02 15:00:00+00:00,0.31229294734051716
203,2023-07-02 16:00:00+00:00,0.3393709458026531
203,2023-07-02 17:00:00+00:00,0.33376860129324565
203,2023-07-02 18:00:00+00:00,0.5708511933144432
203,2023-07-02 19:00:00+00:00,0.2649631228674211
203,2023-07-02 20:00:00+00:00,0.26328537457755374
203,2023-07-02 21:00:00+00:00,0.2633863854947504
203,2023-07-02 22:00:00+00:00,0.26355767421383136
203,2023-07-02 23:00:00+00:00,0.2660699087603519
203,2023-07-03 00:00:00+00:00,0.035380821469441055
203,2023-07-03 01:00:00+00:00,0.035380821469441055
203,2023-07-03 02:00:00+00:00,0.035380821469441055
203,2023-07-03 03:00:00+00:00,0.035380821469441055
203,2023-07-03 04:00:00+00:00,0.035380821469441055
203,2023-07-03 05:00:00+00:00,0.035380821469441055
203,2023-07-03 06:00:00+00:00,0.5114383983264652
203,2023-07-03 07:00:00+00:00,0.5675166711037544
203,2023-07-03 08:00:00+00:00,0.5887782671478904
203,2023-07-03 09:00:00+00:00,0.5693656351387966
203,2023-07-03 10:00:00+00:00,0.32218794779513693
203,2023-07-03 11:00:00+00:00,0.3170221661404612
203,2023-07-03 12:00:00+00:00,0.31229294734051716
203,2023-07-03 13:00:00+00:00,0.31891187613985406
203,2023-07-03 14:00:00+00:00,0.3124586677505736
203,2023-07-03 15:00:00+00:00,0.3256136651442193
203,2023-07-03 16:00:00+00:00,0.3348266156856893
203,2023-07-03 17:00:00+00:00,0.5641138459792674
203,2023-07-03 18:00:00+00:00,0.5966587026046473
203,2023-07-03 19:00:00+00:00,0.27006664553890736
203,2023-07-03 20:00:00+00:00,0.2674973147526931
203,2023-07-03 21:00:00+00:00,0.2656131925348508
203,2023-07-03 22:00:00+00:00,0.2661156340749501
203,2023-07-03 23:00:00+00:00,0.2666180756150494
203,2023-07-04 00:00:00+00:00,0.035380821469441055
203,2023-07-04 01:00:00+00:00,0.035380821469441055
203,2023-07-04 02:00:00+00:00,0.02056879177036103
203,2023-07-04 03:00:00+00:00,0.035380821469441055
203,2023-07-04 04:00:00+00:00,0.02056879177036103
203,2023-07-04 05:00:00+00:00,0.022103562903889668
203,2023-07-04 06:00:00+00:00,0.5674972233563443
203,2023-07-04 07:00:00+00:00,0.7219050996081356
203,2023-07-04 08:00:00+00:00,0.6313786124736758
203,2023-07-04 09:00:00+00:00,0.6189952163492806
203,2023-07-04 10:00:00+00:00,1.0513418266938435
203,2023-07-04 11:00:00+00:00,0.025871819458779616
203,2023-07-04 12:00:00+00:00,0.0008225374585455806
203,2023-07-04 13:00:00+00:00,3.696187622243686e-09
203,2023-07-04 14:00:00+00:00,1.2948614463967653e-19
203,2023-07-04 15:00:00+00:00,0.00016456653767135793
203,2023-07-04 16:00:00+00:00,2.3269889821844654
203,2023-07-04 17:00:00+00:00,1.0740639670572079
203,2023-07-04 18:00:00+00:00,1.0606012191748624
203,2023-07-04 19:00:00+00:00,0.41828542526525364
203,2023-07-04 20:00:00+00:00,0.16869424471120884
203,2023-07-04 21:00:00+00:00,0.15471620706652112
203,2023-07-04 22:00:00+00:00,0.2662982937191265
203,2023-07-04 23:00:00+00:00,0.2660699087603519
203,2023-07-05 00:00:00+00:00,0.035380821469441055
203,2023-07-05 01:00:00+00:00,0.02056879177036103
203,2023-07-05 02:00:00+00:00,0.035380821469441055
203,2023-07-05 03:00:00+00:00,0.012493912469078643
203,2023-07-05 04:00:00+00:00,0.035380821469441055
203,2023-07-05 05:00:00+00:00,0.035380821469441055
203,2023-07-05 06:00:00+00:00,0.29545006389019046
203,2023-07-05 07:00:00+00:00,0.5785009440030336
203,2023-07-05 08:00:00+00:00,0.5919426772291668
203,2023-07-05 09:00:00+00:00,0.5423006994923869
203,2023-07-05 10:00:00+00:00,0.5722580460649064
203,2023-07-05 11:00:00+00:00,0.328414837398923
203,2023-07-05 12:00:00+00:00,0.19758167427547202
203,2023-07-05 13:00:00+00:00,0.31870163207061675
203,2023-07-05 14:00:00+00:00,0.3150941195952209
203,2023-07-05 15:00:00+00:00,0.3179558902253624
203,2023-07-05 16:00:00+00:00,0.33849782009318974
203,2023-07-05 17:00:00+00:00,0.3441001646025972
203,2023-07-05 18:00:00+00:00,0.33476292375358474
203,2023-07-05 19:00:00+00:00,0.15901133785706684
203,2023-07-05 20:00:00+00:00,0.15434271743256062
203,2023-07-05 21:00:00+00:00,0.15452946224954087
203,2023-07-05 22:00:00+00:00,0.15471620706652112
203,2023-07-05 23:00:00+00:00,0.15496520015582813
203,2023-07-06 00:00:00+00:00,0.02056879177036103
203,2023-07-06 01:00:00+00:00,0.022103562903889668
203,2023-07-06 02:00:00+00:00,0.022103562903889668
203,2023-07-06 03:00:00+00:00,0.04439389825306246
203,2023-07-06 04:00:00+00:00,0.05340939873902783
203,2023-07-06 05:00:00+00:00,0.05340939873903889
203,2023-07-06 06:00:00+00:00,0.8411691454995329
203,2023-07-06 07:00:00+00:00,0.9359642891531862
203,2023-07-06 08:00:00+00:00,0.9427151348643394
203,2023-07-06 09:00:00+00:00,0.7342731578881246
203,2023-07-06 10:00:00+00:00,0.707799437637954
203,2023-07-06 11:00:00+00:00,0.6954757006203717
203,2023-07-06 12:00:00+00:00,0.8291149887475338
203,2023-07-06 13:00:00+00:00,1.024015142957954
203,2023-07-06 14:00:00+00:00,0.6928057389830062
203,2023-07-06 15:00:00+00:00,1.0287492513603975
203,2023-07-06 16:00:00+00:00,1.0649991514159955
203,2023-07-06 17:00:00+00:00,1.073401758574882
203,2023-07-06 18:00:00+00:00,0.7337238061065762
203,2023-07-06 19:00:00+00:00,0.34636874874343554
203,2023-07-06 20:00:00+00:00,0.5022353864018246
203,2023-07-06 21:00:00+00:00,1.2723064741773134
203,2023-07-06 22:00:00+00:00,0.8899990111703622
203,2023-07-06 23:00:00+00:00,0.7573830588013146
203,2023-07-07 00:00:00+00:00,0.2399812421403662
203,2023-07-07 01:00:00+00:00,0.14562619198221866
203,2023-07-07 02:00:00+00:00,5.067660115155464e-05
203,2023-07-07 03:00:00+00:00,8.320088531032086e-12
203,2023-07-07 04:00:00+00:00,8.320088531032086e-12
203,2023-07-07 05:00:00+00:00,3.640406807863222e-55
203,2023-07-07 06:00:00+00:00,8.293249535773994e-11
203,2023-07-07 07:00:00+00:00,0.00010089958686011482
203,2023-07-07 08:00:00+00:00,0.0005342765877987982
203,2023-07-07 09:00:00+00:00,0.0005575325035926564
203,2023-07-07 10:00:00+00:00,0.02941571479698759
203,2023-07-07 11:00:00+00:00,0.029630733945650054
203,2023-07-07 12:00:00+00:00,0.027665173121869516
203,2023-07-07 13:00:00+00:00,1.5242755441725206
203,2023-07-07 14:00:00+00:00,1.3342106604686519
203,2023-07-07 15:00:00+00:00,1.4881719399802915
203,2023-07-07 16:00:00+00:00,0.0008212379984348786
203,2023-07-07 17:00:00+00:00,0.02418050820904475
203,2023-07-07 18:00:00+00:00,0.0008191094153169129
203,2023-07-07 19:00:00+00:00,0.00039236007436186895
203,2023-07-07 20:00:00+00:00,2.6145332479631108e-05
203,2023-07-07 21:00:00+00:00,6.166006887806257e-20
203,2023-07-07 22:00:00+00:00,6.166006887864543e-20
203,2023-07-07 23:00:00+00:00,6.166006887806257e-20
203,2023-07-08 00:00:00+00:00,7.964425563506274e-21
203,2023-07-08 01:00:00+00:00,7.964425563579131e-21
203,2023-07-08 02:00:00+00:00,8.320088531032086e-12
203,2023-07-08 03:00:00+00:00,2.2788746288198034e-10
203,2023-07-08 04:00:00+00:00,3.377105640398856e-06
203,2023-07-08 05:00:00+00:00,0.0025907159131557137
203,2023-07-08 06:00:00+00:00,0.0001008989491003973
203,2023-07-08 07:00:00+00:00,0.0005086946777665052
203,2023-07-08 08:00:00+00:00,0.15578216621260443
203,2023-07-08 09:00:00+00:00,0.5948833298759049
203,2023-07-08 10:00:00+00:00,1.3446336625958322e-10
203,2023-07-08 11:00:00+00:00,0.024360569100965387
203,2023-07-08 12:00:00+00:00,0.0008335599502335142
203,2023-07-08 13:00:00+00:00,0.023656015438038462
203,2023-07-08 14:00:00+00:00,0.0008194792142864783
203,2023-07-08 15:00:00+00:00,0.02256517460033135
203,2023-07-08 16:00:00+00:00,1.1207640059535042
203,2023-07-08 17:00:00+00:00,1.3241294852014673
203,2023-07-08 18:00:00+00:00,1.24074401645508
203,2023-07-08 19:00:00+00:00,0.9378088536005611
203,2023-07-08 20:00:00+00:00,0.9657395577349871
203,2023-07-08 21:00:00+00:00,0.3356890508434585
203,2023-07-08 22:00:00+00:00,0.3383589574220057
203,2023-07-08 23:00:00+00:00,0.35119677854017833
203,2023-07-09 00:00:00+00:00,0.021743361690636863
203,2023-07-09 01:00:00+00:00,0.043379598011597256
203,2023-07-09 02:00:00+00:00,0.04253572100190827
203,2023-07-09 03:00:00+00:00,0.04439389825306246
203,2023-07-09 04:00:00+00:00,5.0681186609345386e-05
203,2023-07-09 05:00:00+00:00,2.2788746288198034e-10
203,2023-07-09 06:00:00+00:00,0.8841571467317503
203,2023-07-09 07:00:00+00:00,0.0005090664913825444
203,2023-07-09 08:00:00+00:00,0.00010089855935932783
203,2023-07-09 09:00:00+00:00,1.0970686140090862
203,2023-07-09 10:00:00+00:00,2.3161933574099787
203,2023-07-09 11:00:00+00:00,0.6963234048529471
203,2023-07-09 12:00:00+00:00,1.0291368205828026
203,2023-07-09 13:00:00+00:00,1.0445973586453758
203,2023-07-09 14:00:00+00:00,1.0467486777274648
203,2023-07-09 15:00:00+00:00,0.3512939724816301
203,2023-07-09 16:00:00+00:00,0.5266159217874898
203,2023-07-09 17:00:00+00:00,0.586550009127278
203,2023-07-09 18:00:00+00:00,0.8674243779351054
203,2023-07-09 19:00:00+00:00,0.16950619840238892
203,2023-07-09 20:00:00+00:00,0.1555779744114466
203,2023-07-09 21:00:00+00:00,0.27053484902227476
203,2023-07-09 22:00:00+00:00,0.16900298860828267
203,2023-07-09 23:00:00+00:00,0.33772107533214063
203,2023-07-10 00:00:00+00:00,1.0122186804743404e-05
203,2023-07-10 01:00:00+00:00,0.0019377784771887792
203,2023-07-10 02:00:00+00:00,0.13751297823245137
203,2023-07-10 03:00:00+00:00,0.14021738281570714
203,2023-07-10 04:00:00+00:00,0.0021418214259284465
203,2023-07-10 05:00:00+00:00,0.0032232490542486816
203,2023-07-10 06:00:00+00:00,0.019508306981835928
203,2023-07-10 07:00:00+00:00,0.020888050257962778
203,2023-07-10 08:00:00+00:00,0.0005148832689698431
203,2023-07-10 09:00:00+00:00,1.6115211009255046
203,2023-07-10 10:00:00+00:00,2.1008769237068385
203,2023-07-10 11:00:00+00:00,2.5455679205856248
203,2023-07-10 12:00:00+00:00,2.5761389912849553
203,2023-07-10 13:00:00+00:00,2.7727160375193445
203,2023-07-10 14:00:00+00:00,1.0613878972169961
203,2023-07-10 15:00:00+00:00,2.5357146803852997
203,2023-07-10 16:00:00+00:00,0.9188208379657344
203,2023-07-10 17:00:00+00:00,0.8027448066916378
203,2023-07-10 18:00:00+00:00,1.291215559433325
203,2023-07-10 19:00:00+00:00,0.6288389467884595
203,2023-07-10 20:00:00+00:00,0.4781785267537623
203,2023-07-10 21:00:00+00:00,0.47695793439009115
203,2023-07-10 22:00:00+00:00,0.0005018993312889432
203,2023-07-10 23:00:00+00:00,0.0001703616280642219
203,2023-07-11 00:00:00+00:00,0.2934226918789735
203,2023-07-11 01:00:00+00:00,0.03392859131843993
203,2023-07-11 02:00:00+00:00,0.017641820166029325
203,2023-07-11 03:00:00+00:00,0.021203436593979292
203,2023-07-11 04:00:00+00:00,0.04080158085409921
203,2023-07-11 05:00:00+00:00,0.170926299059678
203,2023-07-11 06:00:00+00:00,0.8856818300442235
203,2023-07-11 07:00:00+00:00,1.2913786397599938
203,2023-07-11 08:00:00+00:00,1.2571336393986017
203,2023-07-11 09:00:00+00:00,1.0857223628973172
203,2023-07-11 10:00:00+00:00,0.8153041010054891
203,2023-07-11 11:00:00+00:00,0.7545649878167588
203,2023-07-11 12:00:00+00:00,0.7899577565017284
203,2023-07-11 13:00:00+00:00,0.7465527611741221
203,2023-07-11 14:00:00+00:00,0.32627406016070226
203,2023-07-11 15:00:00+00:00,0.3478770979776399
203,2023-07-11 16:00:00+00:00,0.26376066223562805
203,2023-07-11 17:00:00+00:00,0.23953526257694893
203,2023-07-11 18:00:00+00:00,0.40644694759799993
203,2023-07-11 19:00:00+00:00,0.3126503504798108
203,2023-07-11 20:00:00+00:00,0.23074977296358648
203,2023-07-11 21:00:00+00:00,0.31928419476736125
203,2023-07-11 22:00:00+00:00,0.13915248908794486
203,2023-07-11 23:00:00+00:00,0.08326467734252394
203,2023-07-12 00:00:00+00:00,0.030582330058986657
203,2023-07-12 01:00:00+00:00,0.01617029602973354
203,2023-07-12 02:00:00+00:00,0.018975091042285418
203,2023-07-12 03:00:00+00:00,0.013436791586700185
203,2023-07-12 04:00:00+00:00,0.025883807634614342
203,2023-07-12 05:00:00+00:00,0.09782116044687444
203,2023-07-12 06:00:00+00:00,0.3467319159576541
203,2023-07-12 07:00:00+00:00,0.5343127359673657
203,2023-07-12 08:00:00+00:00,0.4961005344647762
203,2023-07-12 09:00:00+00:00,0.2541867098728921
203,2023-07-12 10:00:00+00:00,0.4071384568731172
203,2023-07-12 11:00:00+00:00,0.23645140766110362
203,2023-07-12 12:00:00+00:00,0.23025843812846217
203,2023-07-12 13:00:00+00:00,0.33163401116835833
203,2023-07-12 14:00:00+00:00,0.15302065464169878
203,2023-07-12 15:00:00+00:00,0.31972689009762273
203,2023-07-12 16:00:00+00:00,0.39896295989335245
203,2023-07-12 17:00:00+00:00,0.36510649933515643
203,2023-07-12 18:00:00+00:00,0.3551416198350987
203,2023-07-12 19:00:00+00:00,0.28748310998081095
203,2023-07-12 20:00:00+00:00,0.22043776564373235
203,2023-07-12 21:00:00+00:00,0.18004004402739143
203,2023-07-12 22:00:00+00:00,0.13515774961625737
203,2023-07-12 23:00:00+00:00,0.07439176083412995
203,2023-07-13 00:00:00+00:00,0.04205248308121811
203,2023-07-13 01:00:00+00:00,0.019270234120961148
203,2023-07-13 02:00:00+00:00,0.010194071471487466
203,2023-07-13 03:00:00+00:00,0.017240846524977288
203,2023-07-13 04:00:00+00:00,0.010864947080473069
203,2023-07-13 05:00:00+00:00,0.08611931019789001
203,2023-07-13 06:00:00+00:00,0.5395426064209083
203,2023-07-13 07:00:00+00:00,1.1573757977805497
203,2023-07-13 08:00:00+00:00,0.9644868860799051
203,2023-07-13 09:00:00+00:00,0.7251271060091558
203,2023-07-13 10:00:00+00:00,0.5601738093160894
203,2023-07-13 11:00:00+00:00,0.7161757861469134
203,2023-07-13 12:00:00+00:00,0.3356503040400161
203,2023-07-13 13:00:00+00:00,0.1678658814209708
203,2023-07-13 14:00:00+00:00,0.325814021610533
203,2023-07-13 15:00:00+00:00,0.20272917982675664
203,2023-07-13 16:00:00+00:00,0.36938987461036865
203,2023-07-13 17:00:00+00:00,0.19695487704150513
203,2023-07-13 18:00:00+00:00,0.37579855934046835
203,2023-07-13 19:00:00+00:00,0.2924003110204019
203,2023-07-13 20:00:00+00:00,0.1184479192580126
203,2023-07-13 21:00:00+00:00,0.18621672018341193
203,2023-07-13 22:00:00+00:00,0.1518323235712209
203,2023-07-13 23:00:00+00:00,0.2759604101489361
203,2023-07-14 00:00:00+00:00,0.24944623155812146
203,2023-07-14 01:00:00+00:00,0.0022983861867995575
203,2023-07-14 02:00:00+00:00,0.10945800088520553
203,2023-07-14 03:00:00+00:00,0.0014005703847462941
203,2023-07-14 04:00:00+00:00,5.877560250499002e-06
203,2023-07-14 05:00:00+00:00,1.3716586459390642e-05
203,2023-07-14 06:00:00+00:00,2.4511291216374386e-05
203,2023-07-14 07:00:00+00:00,2.756703196897367e-09
203,2023-07-14 08:00:00+00:00,4.2813037824062274e-05
203,2023-07-14 09:00:00+00:00,2.800810439892709e-09
203,2023-07-14 10:00:00+00:00,3.9218031814956244e-05
203,2023-07-14 11:00:00+00:00,4.215937993469058e-05
203,2023-07-14 12:00:00+00:00,4.684373939870753e-05
203,2023-07-14 13:00:00+00:00,2.9037273453260232e-09
203,2023-07-14 14:00:00+00:00,4.6407893991557586e-05
203,2023-07-14 15:00:00+00:00,0.0001508437171219283
203,2023-07-14 16:00:00+00:00,0.0008129855440603486
203,2023-07-14 17:00:00+00:00,2.4070877400600037
203,2023-07-14 18:00:00+00:00,1.1126369313509725
203,2023-07-14 19:00:00+00:00,0.16628530780175066
203,2023-07-14 20:00:00+00:00,0.13189567707515
203,2023-07-14 21:00:00+00:00,0.16011159195379698
203,2023-07-14 22:00:00+00:00,0.2931570509269972
203,2023-07-14 23:00:00+00:00,0.1738896232427761
203,2023-07-15 00:00:00+00:00,0.12641815679642926
203,2023-07-15 01:00:00+00:00,0.13261379493375242
203,2023-07-15 02:00:00+00:00,0.16419248586167112
203,2023-07-15 03:00:00+00:00,0.046110750092892366
203,2023-07-15 04:00:00+00:00,0.05846775736369085
203,2023-07-15 05:00:00+00:00,0.06386062837940626
203,2023-07-15 06:00:00+00:00,0.33488234165950287
203,2023-07-15 07:00:00+00:00,0.37835539812240565
203,2023-07-15 08:00:00+00:00,0.48553367226268146
203,2023-07-15 09:00:00+00:00,0.6459890285436203
203,2023-07-15 10:00:00+00:00,0.7168635257762505
203,2023-07-15 11:00:00+00:00,0.7129181300952578
203,2023-07-15 12:00:00+00:00,0.7158005366329633
203,2023-07-15 13:00:00+00:00,0.3433669684972373
203,2023-07-15 14:00:00+00:00,0.3161894662713861
203,2023-07-15 15:00:00+00:00,0.7197741427115739
203,2023-07-15 16:00:00+00:00,0.7469150284477933
203,2023-07-15 17:00:00+00:00,0.654130717980826
203,2023-07-15 18:00:00+00:00,0.6809870347591395
203,2023-07-15 19:00:00+00:00,0.4645906667578503
203,2023-07-15 20:00:00+00:00,0.16790637471400266
203,2023-07-15 21:00:00+00:00,0.16855995389301548
203,2023-07-15 22:00:00+00:00,0.0849503254398226
203,2023-07-15 23:00:00+00:00,0.07126688166711422
203,2023-07-16 00:00:00+00:00,0.05548305100829751
203,2023-07-16 01:00:00+00:00,0.024658056445718095
203,2023-07-16 02:00:00+00:00,0.03212486327137935
203,2023-07-16 03:00:00+00:00,0.031722466550199946
203,2023-07-16 04:00:00+00:00,0.03327918895114646
203,2023-07-16 05:00:00+00:00,0.014393737257820843
203,2023-07-16 06:00:00+00:00,0.0679997743774066
203,2023-07-16 07:00:00+00:00,0.06763667766201978
203,2023-07-16 08:00:00+00:00,0.14909307812284472
203,2023-07-16 09:00:00+00:00,0.19136290576435125
203,2023-07-16 10:00:00+00:00,0.3000506273190224
203,2023-07-16 11:00:00+00:00,0.20461248170947413
203,2023-07-16 12:00:00+00:00,0.1984388352574815
203,2023-07-16 13:00:00+00:00,0.3774780252706239
203,2023-07-16 14:00:00+00:00,0.20067740243192145
203,2023-07-16 15:00:00+00:00,0.3234790721117668
203,2023-07-16 16:00:00+00:00,0.7540529092608362
203,2023-07-16 17:00:00+00:00,0.3680739989328402
203,2023-07-16 18:00:00+00:00,0.31966010460885147
203,2023-07-16 19:00:00+00:00,0.24307061757256415
203,2023-07-16 20:00:00+00:00,0.20731331610017995
203,2023-07-16 21:00:00+00:00,0.08305198040241847
203,2023-07-16 22:00:00+00:00,0.07047036920384891
203,2023-07-16 23:00:00+00:00,0.17656724428695636
203,2023-07-17 00:00:00+00:00,0.11061365054219631
203,2023-07-17 01:00:00+00:00,0.07033862806962432
203,2023-07-17 02:00:00+00:00,0.030824002755962913
203,2023-07-17 03:00:00+00:00,0.02794395711723291
203,2023-07-17 04:00:00+00:00,0.05145211920610988
203,2023-07-17 05:00:00+00:00,0.24245701145443668
203,2023-07-17 06:00:00+00:00,0.6567571275002937
203,2023-07-17 07:00:00+00:00,0.9103610306828253
203,2023-07-17 08:00:00+00:00,0.8029257091347858
203,2023-07-17 09:00:00+00:00,0.18811010580075502
203,2023-07-17 10:00:00+00:00,0.18523286815174408
203,2023-07-17 11:00:00+00:00,0.3039747774051773
203,2023-07-17 12:00:00+00:00,0.2971839410824505
203,2023-07-17 13:00:00+00:00,0.28953235327692695
203,2023-07-17 14:00:00+00:00,0.29506791229756324
203,2023-07-17 15:00:00+00:00,0.28685237777309897
203,2023-07-17 16:00:00+00:00,0.35596403477204785
203,2023-07-17 17:00:00+00:00,0.16192381925972263
203,2023-07-17 18:00:00+00:00,0.28485754573908745
203,2023-07-17 19:00:00+00:00,0.2730774984551112
203,2023-07-17 20:00:00+00:00,0.17074683864682577
203,2023-07-17 21:00:00+00:00,0.1872757657614111
203,2023-07-17 22:00:00+00:00,0.2353514696032428
203,2023-07-17 23:00:00+00:00,0.12778177817607192
203,2023-07-18 00:00:00+00:00,0.08806971359766266
203,2023-07-18 01:00:00+00:00,0.0179030407379949
203,2023-07-18 02:00:00+00:00,0.04380410122749488
203,2023-07-18 03:00:00+00:00,0.1306814898068332
203,2023-07-18 04:00:00+00:00,4.624505172296912e-21
203,2023-07-18 05:00:00+00:00,1.323217578819216e-10
203,2023-07-18 06:00:00+00:00,1.960906727729374e-05
203,2023-07-18 07:00:00+00:00,0.00010874267648010381
203,2023-07-18 08:00:00+00:00,0.00012931012470789646
203,2023-07-18 09:00:00+00:00,1.6902092497930727
203,2023-07-18 10:00:00+00:00,1.1070734050171098
203,2023-07-18 11:00:00+00:00,0.8953522622887045
203,2023-07-18 12:00:00+00:00,0.8130855756788703
203,2023-07-18 13:00:00+00:00,0.35037374463585413
203,2023-07-18 14:00:00+00:00,0.5301992433677445
203,2023-07-18 15:00:00+00:00,0.6739886292502998
203,2023-07-18 16:00:00+00:00,0.8282099543591703
203,2023-07-18 17:00:00+00:00,1.2535265500535917
203,2023-07-18 18:00:00+00:00,0.21047535966451225
203,2023-07-18 19:00:00+00:00,0.5863283646424936
203,2023-07-18 20:00:00+00:00,0.48593672663890575
203,2023-07-18 21:00:00+00:00,0.4013720726215494
203,2023-07-18 22:00:00+00:00,0.8618481733702511
203,2023-07-18 23:00:00+00:00,0.1122527394598064
203,2023-07-19 00:00:00+00:00,0.04163088917261924
203,2023-07-19 01:00:00+00:00,0.008961817710525927
203,2023-07-19 02:00:00+00:00,0.024513479984617413
203,2023-07-19 03:00:00+00:00,0.03395341547709983
203,2023-07-19 04:00:00+00:00,0.04103077462448544
203,2023-07-19 05:00:00+00:00,0.08077173341690072
203,2023-07-19 06:00:00+00:00,0.5888916917581175
203,2023-07-19 07:00:00+00:00,0.6500509533861444
203,2023-07-19 08:00:00+00:00,0.7172166338404892
203,2023-07-19 09:00:00+00:00,0.7334173884388244
203,2023-07-19 10:00:00+00:00,0.47676001334289914
203,2023-07-19 11:00:00+00:00,0.44727814968674573
203,2023-07-19 12:00:00+00:00,0.5096529396783658
203,2023-07-19 13:00:00+00:00,0.5756465794520851
203,2023-07-19 14:00:00+00:00,0.16787876347473668
203,2023-07-19 15:00:00+00:00,0.3225602117848405
203,2023-07-19 16:00:00+00:00,0.6633083633248663
203,2023-07-19 17:00:00+00:00,0.31330892469752303
203,2023-07-19 18:00:00+00:00,0.292518414214611
203,2023-07-19 19:00:00+00:00,0.2508580091579241
203,2023-07-19 20:00:00+00:00,0.33194655834338854
203,2023-07-19 21:00:00+00:00,0.3549119082865605
203,2023-07-19 22:00:00+00:00,0.22340760916728067
203,2023-07-19 23:00:00+00:00,0.15229292465115152
203,2023-07-20 00:00:00+00:00,0.11909316699114363
203,2023-07-20 01:00:00+00:00,0.03679054739767046
203,2023-07-20 02:00:00+00:00,0.03287492489503334
203,2023-07-20 03:00:00+00:00,0.022446555315296823
203,2023-07-20 04:00:00+00:00,0.010916475295536441
203,2023-07-20 05:00:00+00:00,0.14743273584255856
203,2023-07-20 06:00:00+00:00,1.3114468050538928
203,2023-07-20 07:00:00+00:00,0.8840327496489017
203,2023-07-20 08:00:00+00:00,0.7817197860381082
203,2023-07-20 09:00:00+00:00,0.5505151629856091
203,2023-07-20 10:00:00+00:00,0.5144305834599231
203,2023-07-20 11:00:00+00:00,0.5389690371366016
203,2023-07-20 12:00:00+00:00,0.41674842421884645
203,2023-07-20 13:00:00+00:00,0.9406505386734748
203,2023-07-20 14:00:00+00:00,0.4781156461774936
203,2023-07-20 15:00:00+00:00,0.47355079851083015
203,2023-07-20 16:00:00+00:00,0.6283454977943377
203,2023-07-20 17:00:00+00:00,0.12962850858158795
203,2023-07-20 18:00:00+00:00,0.6208107050807848
203,2023-07-20 19:00:00+00:00,0.37785208688071764
203,2023-07-20 20:00:00+00:00,0.7949738631441144
203,2023-07-20 21:00:00+00:00,0.30304624942106434
203,2023-07-20 22:00:00+00:00,0.20305802174746196
203,2023-07-20 23:00:00+00:00,0.13467933189178094
203,2023-07-21 00:00:00+00:00,0.10691840010181183
203,2023-07-21 01:00:00+00:00,0.08894958635893944
203,2023-07-21 02:00:00+00:00,0.05587337828833398
203,2023-07-21 03:00:00+00:00,0.008361793397252461
203,2023-07-21 04:00:00+00:00,0.005858639714031853
203,2023-07-21 05:00:00+00:00,0.05271030330359931
203,2023-07-21 06:00:00+00:00,0.2940921511772243
203,2023-07-21 07:00:00+00:00,0.4671279116478098
203,2023-07-21 08:00:00+00:00,0.6542104504527159
203,2023-07-21 09:00:00+00:00,0.5290377195849314
203,2023-07-21 10:00:00+00:00,0.6352546241558699
203,2023-07-21 11:00:00+00:00,0.6244066965610637
203,2023-07-21 12:00:00+00:00,0.3179661063883582
203,2023-07-21 13:00:00+00:00,0.4973886109738179
203,2023-07-21 14:00:00+00:00,0.5113634948509966
203,2023-07-21 15:00:00+00:00,0.6522469912707708
203,2023-07-21 16:00:00+00:00,0.6703123148889737
203,2023-07-21 17:00:00+00:00,0.35774552918015545
203,2023-07-21 18:00:00+00:00,0.3798426346705959
203,2023-07-21 19:00:00+00:00,0.30675461295268824
203,2023-07-21 20:00:00+00:00,0.37963479484210266
203,2023-07-21 21:00:00+00:00,0.17254073468364384
203,2023-07-21 22:00:00+00:00,0.08169734572148545
203,2023-07-21 23:00:00+00:00,0.09877233416210682
203,2023-07-22 00:00:00+00:00,0.06190926947922895
203,2023-07-22 01:00:00+00:00,0.03682610305110451
203,2023-07-22 02:00:00+00:00,0.0118197322788881
203,2023-07-22 03:00:00+00:00,0.04475468478400125
203,2023-07-22 04:00:00+00:00,0.05989061654860233
203,2023-07-22 05:00:00+00:00,0.08601064535117285
203,2023-07-22 06:00:00+00:00,0.23816370179017343
203,2023-07-22 07:00:00+00:00,0.4210076741144327
203,2023-07-22 08:00:00+00:00,0.6038060299690522
203,2023-07-22 09:00:00+00:00,0.7175289069638209
203,2023-07-22 10:00:00+00:00,0.8608126592821611
203,2023-07-22 11:00:00+00:00,1.0596051355337772
203,2023-07-22 12:00:00+00:00,2.3168587104987544
203,2023-07-22 13:00:00+00:00,0.9120586640829286
203,2023-07-22 14:00:00+00:00,0.6396007027373078
203,2023-07-22 15:00:00+00:00,0.6374618530727603
203,2023-07-22 16:00:00+00:00,0.6265526330790162
203,2023-07-22 17:00:00+00:00,0.8465245787431596
203,2023-07-22 18:00:00+00:00,0.8148687757492916
203,2023-07-22 19:00:00+00:00,0.4838119230708555
203,2023-07-22 20:00:00+00:00,0.5874240905283823
203,2023-07-22 21:00:00+00:00,0.49023646938428933
203,2023-07-22 22:00:00+00:00,0.3077768313525886
203,2023-07-22 23:00:00+00:00,0.2678202487654867
203,2023-07-23 00:00:00+00:00,0.15184221926484753
203,2023-07-23 01:00:00+00:00,0.0318587268834343
203,2023-07-23 02:00:00+00:00,0.030131904868716128
203,2023-07-23 03:00:00+00:00,0.008348911343486618
203,2023-07-23 04:00:00+00:00,0.00963913434639445
203,2023-07-23 05:00:00+00:00,0.034273511411485554
203,2023-07-23 06:00:00+00:00,0.0401019871465931
203,2023-07-23 07:00:00+00:00,0.06514640603256501
203,2023-07-23 08:00:00+00:00,0.17183489443059946
203,2023-07-23 09:00:00+00:00,0.25162563027526996
203,2023-07-23 10:00:00+00:00,0.17799443463774586
203,2023-07-23 11:00:00+00:00,0.1908451364517608
203,2023-07-23 12:00:00+00:00,0.35874913231049455
203,2023-07-23 13:00:00+00:00,0.3015371954031007
203,2023-07-23 14:00:00+00:00,0.35396209050230537
203,2023-07-23 15:00:00+00:00,0.612702593831093
203,2023-07-23 16:00:00+00:00,0.40773316046675745
203,2023-07-23 17:00:00+00:00,0.3765443011857227
203,2023-07-23 18:00:00+00:00,0.3899379915915294
203,2023-07-23 19:00:00+00:00,0.49947973036967425
203,2023-07-23 20:00:00+00:00,0.3416651690385988
203,2023-07-23 21:00:00+00:00,0.14918312289121824
203,2023-07-23 22:00:00+00:00,0.11283466906884103
203,2023-07-23 23:00:00+00:00,0.056384972975590475
203,2023-07-24 00:00:00+00:00,0.06882032306303311
203,2023-07-24 01:00:00+00:00,0.01947423657422432
203,2023-07-24 02:00:00+00:00,0.01622357480783934
203,2023-07-24 03:00:00+00:00,0.02600151044188917
203,2023-07-24 04:00:00+00:00,0.050663504072260536
203,2023-07-24 05:00:00+00:00,0.2527923415678734
203,2023-07-24 06:00:00+00:00,0.42073295086986695
203,2023-07-24 07:00:00+00:00,0.6589795555730652
203,2023-07-24 08:00:00+00:00,0.0052283772844499195
203,2023-07-24 09:00:00+00:00,2.441784272138838e-07
203,2023-07-24 10:00:00+00:00,3.3446123069238877e-07
203,2023-07-24 11:00:00+00:00,3.129162273345314e-07
203,2023-07-24 12:00:00+00:00,0.005339898180952068
203,2023-07-24 13:00:00+00:00,0.16153998554143412
203,2023-07-24 14:00:00+00:00,0.15248124465772328
203,2023-07-24 15:00:00+00:00,0.14268302905152996
203,2023-07-24 16:00:00+00:00,0.004909482480539809
203,2023-07-24 17:00:00+00:00,2.332349613168442e-07
203,2023-07-24 18:00:00+00:00,0.1604712392664712
203,2023-07-24 19:00:00+00:00,0.4770377733790236
203,2023-07-24 20:00:00+00:00,0.6896815676272806
203,2023-07-24 21:00:00+00:00,0.24693699538154226
203,2023-07-24 22:00:00+00:00,0.2242231666974965
203,2023-07-24 23:00:00+00:00,0.17421527507622567
203,2023-07-25 00:00:00+00:00,0.049842351992043364
203,2023-07-25 01:00:00+00:00,0.055622059327387376
203,2023-07-25 02:00:00+00:00,0.03758458130376389
203,2023-07-25 03:00:00+00:00,0.02212088724459107
203,2023-07-25 04:00:00+00:00,0.029147196559946482
203,2023-07-25 05:00:00+00:00,0.24740826804425195
203,2023-07-25 06:00:00+00:00,0.589286115270114
203,2023-07-25 07:00:00+00:00,0.8103486818484836
203,2023-07-25 08:00:00+00:00,0.8455136365508559
203,2023-07-25 09:00:00+00:00,0.5561768899826854
203,2023-07-25 10:00:00+00:00,0.7450441676215019
203,2023-07-25 11:00:00+00:00,0.5866095585990475
203,2023-07-25 12:00:00+00:00,0.567325478090813
203,2023-07-25 13:00:00+00:00,0.5061497338963552
203,2023-07-25 14:00:00+00:00,0.5439013414364582
203,2023-07-25 15:00:00+00:00,0.798652900660338
203,2023-07-25 16:00:00+00:00,0.48779252097751685
203,2023-07-25 17:00:00+00:00,0.6221448016680098
203,2023-07-25 18:00:00+00:00,0.491957241733485
203,2023-07-25 19:00:00+00:00,0.13742402184144545
203,2023-07-25 20:00:00+00:00,0.35129744212051517
203,2023-07-25 21:00:00+00:00,0.3944762689185922
203,2023-07-25 22:00:00+00:00,0.1870952527878592
203,2023-07-25 23:00:00+00:00,0.12762958072727768
203,2023-07-26 00:00:00+00:00,0.06280614885824153
203,2023-07-26 01:00:00+00:00,6.936757751515813e-21
203,2023-07-26 02:00:00+00:00,0.027162637076637377
203,2023-07-26 03:00:00+00:00,0.02914171264568274
203,2023-07-26 04:00:00+00:00,0.03275732318539617
203,2023-07-26 05:00:00+00:00,9.079548394496537e-05
203,2023-07-26 06:00:00+00:00,5.976148993831807e-05
203,2023-07-26 07:00:00+00:00,0.8718653017109854
203,2023-07-26 08:00:00+00:00,0.40649025739133354
203,2023-07-26 09:00:00+00:00,0.33149437158869804
203,2023-07-26 10:00:00+00:00,0.713660470590148
203,2023-07-26 11:00:00+00:00,0.6146361684193227
203,2023-07-26 12:00:00+00:00,0.5555745504164857
203,2023-07-26 13:00:00+00:00,0.7399457243236813
203,2023-07-26 14:00:00+00:00,0.5861399577842333
203,2023-07-26 15:00:00+00:00,2.0849290391320268
203,2023-07-26 16:00:00+00:00,0.021167214376521457
203,2023-07-26 17:00:00+00:00,0.01960765012298628
203,2023-07-26 18:00:00+00:00,2.1608827812950757
203,2023-07-26 19:00:00+00:00,1.8338514210402863
203,2023-07-26 20:00:00+00:00,0.6107762050250669
203,2023-07-26 21:00:00+00:00,0.3964668943843567
203,2023-07-26 22:00:00+00:00,0.3429045451102854
203,2023-07-26 23:00:00+00:00,0.16491672676120728
203,2023-07-27 00:00:00+00:00,0.10940840080563617
203,2023-07-27 01:00:00+00:00,0.06281627865697045
203,2023-07-27 02:00:00+00:00,0.038941818327814855
203,2023-07-27 03:00:00+00:00,0.031642708070217504
203,2023-07-27 04:00:00+00:00,0.04572896025411396
203,2023-07-27 05:00:00+00:00,0.06475731913492322
203,2023-07-27 06:00:00+00:00,0.15456229009882783
203,2023-07-27 07:00:00+00:00,0.45480151630444676
203,2023-07-27 08:00:00+00:00,0.4063566864137912
203,2023-07-27 09:00:00+00:00,0.4015730563517426
203,2023-07-27 10:00:00+00:00,0.3395589280423001
203,2023-07-27 11:00:00+00:00,0.351827818566892
203,2023-07-27 12:00:00+00:00,0.1748075232917738
203,2023-07-27 13:00:00+00:00,0.19040714662372213
203,2023-07-27 14:00:00+00:00,0.18109811704082082
203,2023-07-27 15:00:00+00:00,0.3348903076177938
203,2023-07-27 16:00:00+00:00,0.4051620074871384
203,2023-07-27 17:00:00+00:00,0.37087517118754393
203,2023-07-27 18:00:00+00:00,0.6442758658221651
203,2023-07-27 19:00:00+00:00,0.5194635037491981
203,2023-07-27 20:00:00+00:00,0.39529298778859906
203,2023-07-27 21:00:00+00:00,0.36892445742791374
203,2023-07-27 22:00:00+00:00,0.14880154513483942
203,2023-07-27 23:00:00+00:00,0.08065561206968938
203,2023-07-28 00:00:00+00:00,0.03364896631710693
203,2023-07-28 01:00:00+00:00,0.02144995483795294
203,2023-07-28 02:00:00+00:00,0.013483000928573461
203,2023-07-28 03:00:00+00:00,0.010574596464160717
203,2023-07-28 04:00:00+00:00,0.009968131124004331
203,2023-07-28 05:00:00+00:00,0.0836335040470423
203,2023-07-28 06:00:00+00:00,0.27927994968301345
203,2023-07-28 07:00:00+00:00,0.3282526631377107
203,2023-07-28 08:00:00+00:00,0.19652231942718762
203,2023-07-28 09:00:00+00:00,0.3644788606841111
203,2023-07-28 10:00:00+00:00,0.18151034276132777
203,2023-07-28 11:00:00+00:00,0.17842648784548248
203,2023-07-28 12:00:00+00:00,0.3193872148346305
203,2023-07-28 13:00:00+00:00,0.19907801013863335
203,2023-07-28 14:00:00+00:00,0.5725636778148921
203,2023-07-28 15:00:00+00:00,0.7078247322898691
203,2023-07-28 16:00:00+00:00,0.35381336993090345
203,2023-07-28 17:00:00+00:00,0.37557409079976917
203,2023-07-28 18:00:00+00:00,0.314797314831365
203,2023-07-28 19:00:00+00:00,0.2924003110204019
203,2023-07-28 20:00:00+00:00,0.11749957508648047
203,2023-07-28 21:00:00+00:00,0.08555216049100313
203,2023-07-28 22:00:00+00:00,0.3010762379066007
203,2023-07-28 23:00:00+00:00,0.20494621001363098
203,2023-07-29 00:00:00+00:00,0.17165161735415388
203,2023-07-29 01:00:00+00:00,0.06234673249136815
203,2023-07-29 02:00:00+00:00,0.04555625827761457
203,2023-07-29 03:00:00+00:00,0.035296157787942636
203,2023-07-29 04:00:00+00:00,0.042188199642660636
203,2023-07-29 05:00:00+00:00,0.02685153643197759
203,2023-07-29 06:00:00+00:00,0.223308307664437
203,2023-07-29 07:00:00+00:00,0.423106429655682
203,2023-07-29 08:00:00+00:00,0.22612661341238213
203,2023-07-29 09:00:00+00:00,0.18418790857696815
203,2023-07-29 10:00:00+00:00,0.19872918587379385
203,2023-07-29 11:00:00+00:00,0.4275293484893305
203,2023-07-29 12:00:00+00:00,0.3714997162819226
203,2023-07-29 13:00:00+00:00,0.3850752018140428
203,2023-07-29 14:00:00+00:00,0.370135616455623
203,2023-07-29 15:00:00+00:00,0.3677042215668798
203,2023-07-29 16:00:00+00:00,0.36541877188234567
203,2023-07-29 17:00:00+00:00,0.5545210602521816
203,2023-07-29 18:00:00+00:00,0.36042241112731677
203,2023-07-29 19:00:00+00:00,0.2601200446025379
203,2023-07-29 20:00:00+00:00,0.2130399509171298
203,2023-07-29 21:00:00+00:00,0.18908261555577574
203,2023-07-29 22:00:00+00:00,0.16869086524255483
203,2023-07-29 23:00:00+00:00,0.06635207050951587
203,2023-07-30 00:00:00+00:00,0.08313015570353936
203,2023-07-30 01:00:00+00:00,0.05269941249442561
203,2023-07-30 02:00:00+00:00,0.03109946823415467
203,2023-07-30 03:00:00+00:00,0.021637937077599863
203,2023-07-30 04:00:00+00:00,0.02443910933230359
203,2023-07-30 05:00:00+00:00,0.0291077297568098
203,2023-07-30 06:00:00+00:00,0.08060326317869602
203,2023-07-30 07:00:00+00:00,0.10817223575766821
203,2023-07-30 08:00:00+00:00,0.15370828473525835
203,2023-07-30 09:00:00+00:00,0.45969036146655406
203,2023-07-30 10:00:00+00:00,0.7016393487732496
203,2023-07-30 11:00:00+00:00,0.31508087884231134
203,2023-07-30 12:00:00+00:00,0.7515722646116351
203,2023-07-30 13:00:00+00:00,0.19217501442912793
203,2023-07-30 14:00:00+00:00,0.3868648691045851
203,2023-07-30 15:00:00+00:00,0.3647474875536554
203,2023-07-30 16:00:00+00:00,0.43835807302885155
203,2023-07-30 17:00:00+00:00,0.3465501208313406
203,2023-07-30 18:00:00+00:00,0.30230149858835514
203,2023-07-30 19:00:00+00:00,0.12279391792474612
203,2023-07-30 20:00:00+00:00,0.1711802744545124
203,2023-07-30 21:00:00+00:00,0.37980212872261376
203,2023-07-30 22:00:00+00:00,0.33339326062254776
203,2023-07-30 23:00:00+00:00,0.19298043095359263
203,2023-07-31 00:00:00+00:00,0.10833622977174581
203,2023-07-31 01:00:00+00:00,0.08534148113155302
203,2023-07-31 02:00:00+00:00,0.03138385686312839
203,2023-07-31 03:00:00+00:00,0.010755281487936441
203,2023-07-31 04:00:00+00:00,0.026494539741753
203,2023-07-31 05:00:00+00:00,0.1107115025091783
203,2023-07-31 06:00:00+00:00,0.14270451523794453
203,2023-07-31 07:00:00+00:00,0.2205212743318027
203,2023-07-31 08:00:00+00:00,0.35667704617446117
203,2023-07-31 09:00:00+00:00,0.3842991607810697
203,2023-07-31 10:00:00+00:00,0.3822740295593392
203,2023-07-31 11:00:00+00:00,0.3188537643881593
203,2023-07-31 12:00:00+00:00,0.18400061439078255
203,2023-07-31 13:00:00+00:00,0.17521381239197875
203,2023-07-31 14:00:00+00:00,0.17507210980055443
203,2023-07-31 15:00:00+00:00,0.30309546458238057
203,2023-07-31 16:00:00+00:00,0.373003574199098
203,2023-07-31 17:00:00+00:00,0.3712635098935046
203,2023-07-31 18:00:00+00:00,0.3223338929993461
203,2023-07-31 19:00:00+00:00,0.28791142335109815
203,2023-07-31 20:00:00+00:00,0.2144749609744228
203,2023-07-31 21:00:00+00:00,0.3031820171274898
203,2023-07-31 22:00:00+00:00,0.23181162802368202
203,2023-07-31 23:00:00+00:00,0.06871136831895354
203,2023-08-01 00:00:00+00:00,0.03358836794166908
203,2023-08-01 01:00:00+00:00,0.03593272792334719
203,2023-08-01 02:00:00+00:00,0.024970196210118548
203,2023-08-01 03:00:00+00:00,0.024018651873055578
203,2023-08-01 04:00:00+00:00,0.041908866634896735
203,2023-08-01 05:00:00+00:00,0.1454434409372112
203,2023-08-01 06:00:00+00:00,0.5878638503426737
203,2023-08-01 07:00:00+00:00,0.8333792023000589
203,2023-08-01 08:00:00+00:00,0.7710297864023059
203,2023-08-01 09:00:00+00:00,0.6681424877557961
203,2023-08-01 10:00:00+00:00,0.5924327128458735
203,2023-08-01 11:00:00+00:00,0.3437365743499702
203,2023-08-01 12:00:00+00:00,0.1644893607443252
203,2023-08-01 13:00:00+00:00,0.30603227018573786
203,2023-08-01 14:00:00+00:00,0.15301442602060314
203,2023-08-01 15:00:00+00:00,0.3494786769502534
203,2023-08-01 16:00:00+00:00,0.3752024631890135
203,2023-08-01 17:00:00+00:00,0.34224139016987126
203,2023-08-01 18:00:00+00:00,0.17714914689634048
203,2023-08-01 19:00:00+00:00,0.14442657653150068
203,2023-08-01 20:00:00+00:00,0.5478206817200633
203,2023-08-01 21:00:00+00:00,0.00031725055681802765
203,2023-08-01 22:00:00+00:00,5.58365938848043e-05
203,2023-08-01 23:00:00+00:00,4.799819964986935e-05
203,2023-08-02 00:00:00+00:00,1.1329636700840057e-05
203,2023-08-02 01:00:00+00:00,4.484237161249741e-10
203,2023-08-02 02:00:00+00:00,5.877384701342466e-06
203,2023-08-02 03:00:00+00:00,0.1445657090379804
203,2023-08-02 04:00:00+00:00,0.016503483894602357
203,2023-08-02 05:00:00+00:00,0.07821914177728176
203,2023-08-02 06:00:00+00:00,0.3548510021845762
203,2023-08-02 07:00:00+00:00,0.3973229664336068
203,2023-08-02 08:00:00+00:00,0.7893911735449545
203,2023-08-02 09:00:00+00:00,0.7234393683106245
203,2023-08-02 10:00:00+00:00,0.66143191367249
203,2023-08-02 11:00:00+00:00,1.052438528965172
203,2023-08-02 12:00:00+00:00,0.00011950990261501692
203,2023-08-02 13:00:00+00:00,5.500117687260783e-88
203,2023-08-02 14:00:00+00:00,2.4212632145356164e-07
203,2023-08-02 15:00:00+00:00,0.5211801657528948
203,2023-08-02 16:00:00+00:00,0.650897018227804
203,2023-08-02 17:00:00+00:00,0.3252018507428211
203,2023-08-02 18:00:00+00:00,0.36870782469721897
203,2023-08-02 19:00:00+00:00,0.1407251948650026
203,2023-08-02 20:00:00+00:00,0.21090582361329546
203,2023-08-02 21:00:00+00:00,0.17932290133401974
203,2023-08-02 22:00:00+00:00,0.2557425744392781
203,2023-08-02 23:00:00+00:00,0.14341202996350982
203,2023-08-03 00:00:00+00:00,0.0741144165241055
203,2023-08-03 01:00:00+00:00,0.04227322517455846
203,2023-08-03 02:00:00+00:00,0.062084518403550434
203,2023-08-03 03:00:00+00:00,0.03679054739767046
203,2023-08-03 04:00:00+00:00,0.01155495438333313
203,2023-08-03 05:00:00+00:00,0.19622287301886193
203,2023-08-03 06:00:00+00:00,0.8505274577776901
203,2023-08-03 07:00:00+00:00,1.1365649681194874
203,2023-08-03 08:00:00+00:00,1.3210305281726544
203,2023-08-03 09:00:00+00:00,1.186674166957853
203,2023-08-03 10:00:00+00:00,1.0027133483801183
203,2023-08-03 11:00:00+00:00,0.7259165992727987
203,2023-08-03 12:00:00+00:00,0.43255141573238803
203,2023-08-03 13:00:00+00:00,0.7062241521347389
203,2023-08-03 14:00:00+00:00,0.529353245825927
203,2023-08-03 15:00:00+00:00,0.6709683400770993
203,2023-08-03 16:00:00+00:00,0.8882838785518655
203,2023-08-03 17:00:00+00:00,0.8534600422973776
203,2023-08-03 18:00:00+00:00,0.7357377707654937
203,2023-08-03 19:00:00+00:00,0.5924925568314806
203,2023-08-03 20:00:00+00:00,0.5716393711654458
203,2023-08-03 21:00:00+00:00,0.4445059919961212
203,2023-08-03 22:00:00+00:00,0.28813273319555704
203,2023-08-03 23:00:00+00:00,0.1803467168904931
203,2023-08-04 00:00:00+00:00,0.06779242259506482
203,2023-08-04 01:00:00+00:00,0.01753891976744497
203,2023-08-04 02:00:00+00:00,0.020863510691277464
203,2023-08-04 03:00:00+00:00,0.0249794267137278
203,2023-08-04 04:00:00+00:00,0.04559655162244752
203,2023-08-04 05:00:00+00:00,0.13189356136792338
203,2023-08-04 06:00:00+00:00,0.45304283172763626
203,2023-08-04 07:00:00+00:00,0.786331435461409
203,2023-08-04 08:00:00+00:00,0.7944937044360519
203,2023-08-04 09:00:00+00:00,0.9195012195171315
203,2023-08-04 10:00:00+00:00,1.0456971980318603
203,2023-08-04 11:00:00+00:00,1.2003630061340032
203,2023-08-04 12:00:00+00:00,0.8817948082839825
203,2023-08-04 13:00:00+00:00,0.7308435152553915
203,2023-08-04 14:00:00+00:00,0.9711570062544902
203,2023-08-04 15:00:00+00:00,0.9450848021717759
203,2023-08-04 16:00:00+00:00,0.5286011991571827
203,2023-08-04 17:00:00+00:00,0.5875891215552279
203,2023-08-04 18:00:00+00:00,0.5649468508071781
203,2023-08-04 19:00:00+00:00,0.5392858143536945
203,2023-08-04 20:00:00+00:00,0.4352099928938088
203,2023-08-04 21:00:00+00:00,0.22838378976445328
203,2023-08-04 22:00:00+00:00,0.1981736191886763
203,2023-08-04 23:00:00+00:00,0.20646061124211224
203,2023-08-05 00:00:00+00:00,0.02162572974493616
203,2023-08-05 01:00:00+00:00,0.0710678857928204
203,2023-08-05 02:00:00+00:00,0.06324020835293814
203,2023-08-05 03:00:00+00:00,0.1801627538546753
203,2023-08-05 04:00:00+00:00,0.0021061172633488456
203,2023-08-05 05:00:00+00:00,3.0873860343278675e-05
203,2023-08-05 06:00:00+00:00,3.820285477813327e-05
203,2023-08-05 07:00:00+00:00,0.00031050878244239677
203,2023-08-05 08:00:00+00:00,0.015229082828248128
203,2023-08-05 09:00:00+00:00,0.970075573764299
203,2023-08-05 10:00:00+00:00,0.9907066109858443
203,2023-08-05 11:00:00+00:00,0.2102450819033014
203,2023-08-05 12:00:00+00:00,0.3588579548347035
203,2023-08-05 13:00:00+00:00,0.709754829777413
203,2023-08-05 14:00:00+00:00,1.1385449270205998
203,2023-08-05 15:00:00+00:00,1.2096193700887625
203,2023-08-05 16:00:00+00:00,1.1524610574879843
203,2023-08-05 17:00:00+00:00,0.8019399329547424
203,2023-08-05 18:00:00+00:00,0.9469590840102347
203,2023-08-05 19:00:00+00:00,0.7507126102927708
203,2023-08-05 20:00:00+00:00,0.5603850924621055
203,2023-08-05 21:00:00+00:00,0.5040124048830277
203,2023-08-05 22:00:00+00:00,0.5276818102845323
203,2023-08-05 23:00:00+00:00,0.3416350175708365
203,2023-08-06 00:00:00+00:00,0.15547420599398326
203,2023-08-06 01:00:00+00:00,0.09336083889270008
203,2023-08-06 02:00:00+00:00,0.06420335176410932
203,2023-08-06 03:00:00+00:00,0.04464576996644248
203,2023-08-06 04:00:00+00:00,0.036082624037182515
203,2023-08-06 05:00:00+00:00,0.036646903391016235
203,2023-08-06 06:00:00+00:00,0.027360278383006916
203,2023-08-06 07:00:00+00:00,0.06700444821433171
203,2023-08-06 08:00:00+00:00,0.3065767960758314
203,2023-08-06 09:00:00+00:00,0.46160972710110504
203,2023-08-06 10:00:00+00:00,0.6712135417507525
203,2023-08-06 11:00:00+00:00,0.5375489269052426
203,2023-08-06 12:00:00+00:00,0.70479525332233
203,2023-08-06 13:00:00+00:00,0.7397945433755854
203,2023-08-06 14:00:00+00:00,1.028887767446595
203,2023-08-06 15:00:00+00:00,0.8467678823017863
203,2023-08-06 16:00:00+00:00,0.9919932499622898
203,2023-08-06 17:00:00+00:00,0.8402238544721602
203,2023-08-06 18:00:00+00:00,0.8270300688192376
203,2023-08-06 19:00:00+00:00,0.6022394420414651
203,2023-08-06 20:00:00+00:00,0.6288660976816981
203,2023-08-06 21:00:00+00:00,0.21970017682854354
203,2023-08-06 22:00:00+00:00,0.19410470338014948
203,2023-08-06 23:00:00+00:00,0.15468988861471064
203,2023-08-07 00:00:00+00:00,0.07555753616808884
203,2023-08-07 01:00:00+00:00,0.01655501210966573
203,2023-08-07 02:00:00+00:00,0.012979985874452288
203,2023-08-07 03:00:00+00:00,0.03069515106863281
203,2023-08-07 04:00:00+00:00,0.05434942054693385
203,2023-08-07 05:00:00+00:00,0.11516100679684574
203,2023-08-07 06:00:00+00:00,0.54336364718298
203,2023-08-07 07:00:00+00:00,0.6059364546628789
203,2023-08-07 08:00:00+00:00,0.7197572378759638
203,2023-08-07 09:00:00+00:00,0.35258902819547977
203,2023-08-07 10:00:00+00:00,0.3339751448728927
203,2023-08-07 11:00:00+00:00,0.33701871062934785
203,2023-08-07 12:00:00+00:00,0.35289820718600234
203,2023-08-07 13:00:00+00:00,0.31872638052395025
203,2023-08-07 14:00:00+00:00,0.29843303127120774
203,2023-08-07 15:00:00+00:00,0.36914129399528395
203,2023-08-07 16:00:00+00:00,0.3298401719796084
203,2023-08-07 17:00:00+00:00,0.3453770968013546
203,2023-08-07 18:00:00+00:00,0.3625215461367074
203,2023-08-07 19:00:00+00:00,0.2777781541369492
203,2023-08-07 20:00:00+00:00,0.1681041228332167
203,2023-08-07 21:00:00+00:00,0.27794578343783605
203,2023-08-07 22:00:00+00:00,0.22690136930737756
203,2023-08-07 23:00:00+00:00,0.09706396542619011
203,2023-08-08 00:00:00+00:00,0.045520138171905734
203,2023-08-08 01:00:00+00:00,0.018801956386732613
203,2023-08-08 02:00:00+00:00,0.021253749546378747
203,2023-08-08 03:00:00+00:00,0.015682618775132197
203,2023-08-08 04:00:00+00:00,0.03722134655756968
203,2023-08-08 05:00:00+00:00,0.14915850541460246
203,2023-08-08 06:00:00+00:00,1.283227661075756
203,2023-08-08 07:00:00+00:00,0.025294575408494432
203,2023-08-08 08:00:00+00:00,1.2865256586915683
203,2023-08-08 09:00:00+00:00,0.8091593495032015
203,2023-08-08 10:00:00+00:00,1.135030713706432
203,2023-08-08 11:00:00+00:00,0.9560408512482487
203,2023-08-08 12:00:00+00:00,0.6373604022388177
203,2023-08-08 13:00:00+00:00,0.2970193608634932
203,2023-08-08 14:00:00+00:00,0.3129966521503338
203,2023-08-08 15:00:00+00:00,0.37916367831411285
203,2023-08-08 16:00:00+00:00,0.3594466500069778
203,2023-08-08 17:00:00+00:00,0.3559121101336865
203,2023-08-08 18:00:00+00:00,0.3443734936710155
203,2023-08-08 19:00:00+00:00,0.5085669079474789
203,2023-08-08 20:00:00+00:00,3.308634783634819e-29
203,2023-08-08 21:00:00+00:00,1.3099821527769027
203,2023-08-08 22:00:00+00:00,0.35914601157575016
203,2023-08-08 23:00:00+00:00,0.15122784779128245
203,2023-08-09 00:00:00+00:00,0.06996233734365284
203,2023-08-09 01:00:00+00:00,0.037596348430605435
203,2023-08-09 02:00:00+00:00,0.026262534894926415
203,2023-08-09 03:00:00+00:00,0.026262534894926415
203,2023-08-09 04:00:00+00:00,0.010561714410394874
203,2023-08-09 05:00:00+00:00,0.5442057954736209
203,2023-08-09 06:00:00+00:00,4.778655349542386e-20
203,2023-08-09 07:00:00+00:00,0.00012049711148805912
203,2023-08-09 08:00:00+00:00,0.8606457151628377
203,2023-08-09 09:00:00+00:00,0.4325133350176927
203,2023-08-09 10:00:00+00:00,0.3232070187088095
203,2023-08-09 11:00:00+00:00,0.5977995088141856
203,2023-08-09 12:00:00+00:00,0.5220900023645033
203,2023-08-09 13:00:00+00:00,0.4785664337662918
203,2023-08-09 14:00:00+00:00,0.49233529768004597
203,2023-08-09 15:00:00+00:00,0.5083869048380276
203,2023-08-09 16:00:00+00:00,0.5954012788248841
203,2023-08-09 17:00:00+00:00,0.6544387190787196
203,2023-08-09 18:00:00+00:00,0.6295452239033719
203,2023-08-09 19:00:00+00:00,0.24029355739224598
203,2023-08-09 20:00:00+00:00,0.30775016373671554
203,2023-08-09 21:00:00+00:00,0.3520442061561404
203,2023-08-09 22:00:00+00:00,0.20920296807082625
203,2023-08-09 23:00:00+00:00,0.07753717673240768
203,2023-08-10 00:00:00+00:00,0.0005062428253830781
203,2023-08-10 01:00:00+00:00,5.535778577181432e-55
203,2023-08-10 02:00:00+00:00,1.42588909144766e-20
203,2023-08-10 03:00:00+00:00,7.964425557183866e-21
203,2023-08-10 04:00:00+00:00,5.292870086058408e-10
203,2023-08-10 05:00:00+00:00,2.2053625758495948e-10
203,2023-08-10 06:00:00+00:00,2.8433091203566147e-05
203,2023-08-10 07:00:00+00:00,9.942686121357983e-20
203,2023-08-10 08:00:00+00:00,9.788535946690044e-20
203,2023-08-10 09:00:00+00:00,0.00012245042479572127
203,2023-08-10 10:00:00+00:00,0.00013028608111611477
203,2023-08-10 11:00:00+00:00,1.6420591500795945
203,2023-08-10 12:00:00+00:00,0.020224975823787808
203,2023-08-10 13:00:00+00:00,0.0005584318752636512
203,2023-08-10 14:00:00+00:00,1.2876578601012523
203,2023-08-10 15:00:00+00:00,0.0006464017817102558
203,2023-08-10 16:00:00+00:00,2.269586193069376
203,2023-08-10 17:00:00+00:00,0.9377887898954645
203,2023-08-10 18:00:00+00:00,1.6406893890429053
203,2023-08-10 19:00:00+00:00,0.9603812250975116
203,2023-08-10 20:00:00+00:00,0.7400136905699386
203,2023-08-10 21:00:00+00:00,0.6563559425696857
203,2023-08-10 22:00:00+00:00,0.7864241160067359
203,2023-08-10 23:00:00+00:00,0.6079429722111109
203,2023-08-11 00:00:00+00:00,0.19110774855447216
203,2023-08-11 01:00:00+00:00,0.14990349526993846
203,2023-08-11 02:00:00+00:00,0.03774315421244945
203,2023-08-11 03:00:00+00:00,0.021881759786113467
203,2023-08-11 04:00:00+00:00,0.008336029289720775
203,2023-08-11 05:00:00+00:00,0.02830278510695846
203,2023-08-11 06:00:00+00:00,0.10970570004080835
203,2023-08-11 07:00:00+00:00,0.4261170245142598
203,2023-08-11 08:00:00+00:00,0.39289065978482773
203,2023-08-11 09:00:00+00:00,0.37543496908784124
203,2023-08-11 10:00:00+00:00,0.3289305599690927
203,2023-08-11 11:00:00+00:00,0.31679833397870993
203,2023-08-11 12:00:00+00:00,0.6285272481809
203,2023-08-11 13:00:00+00:00,0.5886650053306695
203,2023-08-11 14:00:00+00:00,0.3317861434859009
203,2023-08-11 15:00:00+00:00,0.37314653545481546
203,2023-08-11 16:00:00+00:00,0.6448932246843005
203,2023-08-11 17:00:00+00:00,0.363287275314125
203,2023-08-11 18:00:00+00:00,0.3648455444934049
203,2023-08-11 19:00:00+00:00,0.31674144787127206
203,2023-08-11 20:00:00+00:00,0.4486475656817607
203,2023-08-11 21:00:00+00:00,0.31513959848370987
203,2023-08-11 22:00:00+00:00,0.2889009258215324
203,2023-08-11 23:00:00+00:00,0.7412025082576739
203,2023-08-12 00:00:00+00:00,0.13762312846635147
203,2023-08-12 01:00:00+00:00,0.08250459180092602
203,2023-08-12 02:00:00+00:00,0.028987202325593337
203,2023-08-12 03:00:00+00:00,0.0511926398113423
203,2023-08-12 04:00:00+00:00,0.15890379009535255
203,2023-08-12 05:00:00+00:00,0.13185905519779026
203,2023-08-12 06:00:00+00:00,0.21195044490491824
203,2023-08-12 07:00:00+00:00,0.4096661948981508
203,2023-08-12 08:00:00+00:00,0.47898590242502426
203,2023-08-12 09:00:00+00:00,0.7187797813363254
203,2023-08-12 10:00:00+00:00,0.7014535786165691
203,2023-08-12 11:00:00+00:00,0.7353583320695487
203,2023-08-12 12:00:00+00:00,0.22674745781202052
203,2023-08-12 13:00:00+00:00,0.3952539547419745
203,2023-08-12 14:00:00+00:00,0.3937940846820101
203,2023-08-12 15:00:00+00:00,0.38819174017260266
203,2023-08-12 16:00:00+00:00,0.37750028710021427
203,2023-08-12 17:00:00+00:00,0.37620048613894286
203,2023-08-12 18:00:00+00:00,0.283117481433494
203,2023-08-12 19:00:00+00:00,0.14245350434197843
203,2023-08-12 20:00:00+00:00,0.1084614469375975
203,2023-08-12 21:00:00+00:00,0.17251945332158133
203,2023-08-12 22:00:00+00:00,0.0791327462042977
203,2023-08-12 23:00:00+00:00,0.24901923661768965
203,2023-08-13 00:00:00+00:00,0.1507614140670538
203,2023-08-13 01:00:00+00:00,0.1086936201163782
203,2023-08-13 02:00:00+00:00,0.04301334953049967
203,2023-08-13 03:00:00+00:00,0.03643496978895991
203,2023-08-13 04:00:00+00:00,0.05775869564100404
203,2023-08-13 05:00:00+00:00,0.08529779256374438
203,2023-08-13 06:00:00+00:00,0.2318087671831838
203,2023-08-13 07:00:00+00:00,0.19249364562066387
203,2023-08-13 08:00:00+00:00,0.20995358188868102
203,2023-08-13 09:00:00+00:00,0.4725747014894411
203,2023-08-13 10:00:00+00:00,0.3166987823792256
203,2023-08-13 11:00:00+00:00,0.3659273553957853
203,2023-08-13 12:00:00+00:00,0.22596658033944436
203,2023-08-13 13:00:00+00:00,0.7872453153461451
203,2023-08-13 14:00:00+00:00,0.695738884292064
203,2023-08-13 15:00:00+00:00,0.4034788410673925
203,2023-08-13 16:00:00+00:00,0.23279228372635474
203,2023-08-13 17:00:00+00:00,0.45087863772519493
203,2023-08-13 18:00:00+00:00,0.3525284298200419
203,2023-08-13 19:00:00+00:00,0.23840218524378834
203,2023-08-13 20:00:00+00:00,0.19416561621979744
203,2023-08-13 21:00:00+00:00,1.107512045681175
203,2023-08-13 22:00:00+00:00,0.8406672688538074
203,2023-08-13 23:00:00+00:00,0.00014264815904374903
203,2023-08-14 00:00:00+00:00,0.0026796461606970706
203,2023-08-14 01:00:00+00:00,0.14783935284969857
203,2023-08-14 02:00:00+00:00,0.15621181003822554
203,2023-08-14 03:00:00+00:00,0.09669829343956583
203,2023-08-14 04:00:00+00:00,0.14759633112456624
203,2023-08-14 05:00:00+00:00,0.005329513349103088
203,2023-08-14 06:00:00+00:00,0.017496363679106838
203,2023-08-14 07:00:00+00:00,0.024854783893657608
203,2023-08-14 08:00:00+00:00,1.7213958304172925
203,2023-08-14 09:00:00+00:00,1.5952703647878563
203,2023-08-14 10:00:00+00:00,0.022106668948670947
203,2023-08-14 11:00:00+00:00,1.8073464383166655
203,2023-08-14 12:00:00+00:00,1.1208846654318214
203,2023-08-14 13:00:00+00:00,0.9358231974408472
203,2023-08-14 14:00:00+00:00,0.1878648423726231
203,2023-08-14 15:00:00+00:00,0.20285850477099596
203,2023-08-14 16:00:00+00:00,0.1778844327741553
203,2023-08-14 17:00:00+00:00,0.16102975988386473
203,2023-08-14 18:00:00+00:00,0.34873602866166575
203,2023-08-14 19:00:00+00:00,0.26618324586361913
203,2023-08-14 20:00:00+00:00,0.11239006717374654
203,2023-08-14 21:00:00+00:00,0.1618739996113201
203,2023-08-14 22:00:00+00:00,0.21490250847659592
203,2023-08-14 23:00:00+00:00,0.06261186257937655
203,2023-08-15 00:00:00+00:00,0.0291077297568098
203,2023-08-15 01:00:00+00:00,0.04815134111513739
203,2023-08-15 02:00:00+00:00,0.008652144013564813
203,2023-08-15 03:00:00+00:00,0.033247122247195275
203,2023-08-15 04:00:00+00:00,0.02260777333890361
203,2023-08-15 05:00:00+00:00,0.12956477490259954
203,2023-08-15 06:00:00+00:00,0.6359941831609354
203,2023-08-15 07:00:00+00:00,0.8549603108728923
203,2023-08-15 08:00:00+00:00,0.2182381243757632
203,2023-08-15 09:00:00+00:00,0.394849005517787
203,2023-08-15 10:00:00+00:00,0.3764169173215136
203,2023-08-15 11:00:00+00:00,0.3625990382876419
203,2023-08-15 12:00:00+00:00,0.3311770661748557
203,2023-08-15 13:00:00+00:00,0.3561421294087712
203,2023-08-15 14:00:00+00:00,0.6504422060170312
203,2023-08-15 15:00:00+00:00,0.37026300031983206
203,2023-08-15 16:00:00+00:00,0.6910946928842104
203,2023-08-15 17:00:00+00:00,0.33766800417706
203,2023-08-15 18:00:00+00:00,0.34014762321457437
203,2023-08-15 19:00:00+00:00,0.2910017872641612
203,2023-08-15 20:00:00+00:00,0.11015428002985864
203,2023-08-15 21:00:00+00:00,0.32915732965600186
203,2023-08-15 22:00:00+00:00,0.2555636458388906
203,2023-08-15 23:00:00+00:00,0.08493744301549815
203,2023-08-16 00:00:00+00:00,0.11556946145491317
203,2023-08-16 01:00:00+00:00,0.07315549114860906
203,2023-08-16 02:00:00+00:00,0.04186900068409524
203,2023-08-16 03:00:00+00:00,0.05352091410103116
203,2023-08-16 04:00:00+00:00,0.0211393809030344
203,2023-08-16 05:00:00+00:00,0.11463147137264915
203,2023-08-16 06:00:00+00:00,0.10678203076031012
203,2023-08-16 07:00:00+00:00,5.810608201864215e-88
203,2023-08-16 08:00:00+00:00,1.802920454962078e-15
203,2023-08-16 09:00:00+00:00,5.471972911397607e-29
203,2023-08-16 10:00:00+00:00,2.9957969718761806e-07
203,2023-08-16 11:00:00+00:00,0.0
203,2023-08-16 12:00:00+00:00,0.0
203,2023-08-16 13:00:00+00:00,0.0
203,2023-08-16 14:00:00+00:00,2.2981477390082827e-07
203,2023-08-16 15:00:00+00:00,2.4751261828187673e-07
203,2023-08-16 16:00:00+00:00,0.005197468344556632
203,2023-08-16 17:00:00+00:00,0.004083948335784135
203,2023-08-16 18:00:00+00:00,0.00509296676984647
203,2023-08-16 19:00:00+00:00,0.11338808861504392
203,2023-08-16 20:00:00+00:00,0.09931801703642755
203,2023-08-16 21:00:00+00:00,0.08846928712184188
203,2023-08-16 22:00:00+00:00,1.0875148014844612e-07
203,2023-08-16 23:00:00+00:00,5.7453336713213375e-08
203,2023-08-17 00:00:00+00:00,4.51418244650523e-08
203,2023-08-17 01:00:00+00:00,2.545103679717961e-30
203,2023-08-17 02:00:00+00:00,2.6613472680294113e-89
203,2023-08-17 03:00:00+00:00,2.714352475570548e-156
203,2023-08-17 04:00:00+00:00,2.714352475570548e-156
203,2023-08-17 05:00:00+00:00,4.4355787800490184e-89
203,2023-08-17 06:00:00+00:00,2.035764356677911e-155
203,2023-08-17 07:00:00+00:00,5.100915597056371e-88
203,2023-08-17 08:00:00+00:00,4.0489091093927335e-155
203,2023-08-17 09:00:00+00:00,3.7548542578725915e-155
203,2023-08-17 10:00:00+00:00,4.2072463371343485e-155
203,2023-08-17 11:00:00+00:00,3.3956014870970224e-54
203,2023-08-17 12:00:00+00:00,3.679917384142926e-54
203,2023-08-17 13:00:00+00:00,3.747898920116044e-54
203,2023-08-17 14:00:00+00:00,7.707508617990715e-20
203,2023-08-17 15:00:00+00:00,8.09288405050283e-20
203,2023-08-17 16:00:00+00:00,9.788535942163167e-20
203,2023-08-17 17:00:00+00:00,3.2906969415577e-54
203,2023-08-17 18:00:00+00:00,3.151264738728503e-54
203,2023-08-17 19:00:00+00:00,4.2594807239071914e-54
203,2023-08-17 20:00:00+00:00,2.8027398122814094e-54
203,2023-08-17 21:00:00+00:00,2.9986993975566706e-54
203,2023-08-17 22:00:00+00:00,2.5786348517920206e-155
203,2023-08-17 23:00:00+00:00,1.2666978219329224e-155
203,2023-08-18 00:00:00+00:00,6.010118941684196e-55
203,2023-08-18 01:00:00+00:00,5.274136700990798e-55
203,2023-08-18 02:00:00+00:00,4.750116832248459e-156
203,2023-08-18 03:00:00+00:00,2.6613472680294113e-89
203,2023-08-18 04:00:00+00:00,2.714352475570548e-156
203,2023-08-18 05:00:00+00:00,1.0405017823020433e-155
203,2023-08-18 06:00:00+00:00,2.2177893900245094e-88
203,2023-08-18 07:00:00+00:00,5.278338748258332e-88
203,2023-08-18 08:00:00+00:00,4.1167679212819976e-155
203,2023-08-18 09:00:00+00:00,3.6787610071819386e-54
203,2023-08-18 10:00:00+00:00,8.863634909815033e-20
203,2023-08-18 11:00:00+00:00,1.0405136629974303e-19
203,2023-08-18 12:00:00+00:00,9.788535940191158e-20
203,2023-08-18 13:00:00+00:00,1.006462322302692e-10
203,2023-08-18 14:00:00+00:00,1.0306174180379695e-10
203,2023-08-18 15:00:00+00:00,1.1567606957664152e-10
203,2023-08-18 16:00:00+00:00,1.1460250976619097e-10
203,2023-08-18 17:00:00+00:00,4.853229894186156e-05
203,2023-08-18 18:00:00+00:00,5.049319174074865e-05
203,2023-08-18 19:00:00+00:00,2.5802741808065026e-09
203,2023-08-18 20:00:00+00:00,1.6540219136091984e-09
203,2023-08-18 21:00:00+00:00,1.3570330889121065e-09
203,2023-08-18 22:00:00+00:00,3.7290184109264215e-05
203,2023-08-18 23:00:00+00:00,0.00014762381033028838
203,2023-08-19 00:00:00+00:00,0.19393524915845634
203,2023-08-19 01:00:00+00:00,0.05510941787312801
203,2023-08-19 02:00:00+00:00,0.043290930360978835
203,2023-08-19 03:00:00+00:00,0.03511450122006042
203,2023-08-19 04:00:00+00:00,0.04517861447996578
203,2023-08-19 05:00:00+00:00,0.08270667001647636
203,2023-08-19 06:00:00+00:00,0.22002883023809844
203,2023-08-19 07:00:00+00:00,0.38166800320991834
203,2023-08-19 08:00:00+00:00,0.46148613966526936
203,2023-08-19 09:00:00+00:00,0.586871103233268
203,2023-08-19 10:00:00+00:00,0.6723899769132992
203,2023-08-19 11:00:00+00:00,0.6982711204271796
203,2023-08-19 12:00:00+00:00,0.3238920875998052
203,2023-08-19 13:00:00+00:00,0.3724031411791049
203,2023-08-19 14:00:00+00:00,0.20076808121486323
203,2023-08-19 15:00:00+00:00,0.3458105660994196
203,2023-08-19 16:00:00+00:00,0.3743293374795501
203,2023-08-19 17:00:00+00:00,0.36369848278259964
203,2023-08-19 18:00:00+00:00,0.33821957666933405
203,2023-08-19 19:00:00+00:00,0.27069928385372355
203,2023-08-19 20:00:00+00:00,0.19316898094595097
203,2023-08-19 21:00:00+00:00,0.09364450560176535
203,2023-08-19 22:00:00+00:00,0.23278217051564776
203,2023-08-19 23:00:00+00:00,0.32675296279117094
203,2023-08-20 00:00:00+00:00,0.11922646697881867
203,2023-08-20 01:00:00+00:00,0.10548804814066066
203,2023-08-20 02:00:00+00:00,0.059526463565102966
203,2023-08-20 03:00:00+00:00,0.0019632414575888133
203,2023-08-20 04:00:00+00:00,8.16295689747888e-06
203,2023-08-20 05:00:00+00:00,0.0014699530355973996
203,2023-08-20 06:00:00+00:00,0.49420220506769824
203,2023-08-20 07:00:00+00:00,0.00024123275379017202
203,2023-08-20 08:00:00+00:00,0.3393022531193639
203,2023-08-20 09:00:00+00:00,0.27448298934672977
203,2023-08-20 10:00:00+00:00,0.3276150259010278
203,2023-08-20 11:00:00+00:00,0.6722023521399454
203,2023-08-20 12:00:00+00:00,0.2825544954949657
203,2023-08-20 13:00:00+00:00,0.6063073138596226
203,2023-08-20 14:00:00+00:00,0.6685027746843702
203,2023-08-20 15:00:00+00:00,0.867217226635175
203,2023-08-20 16:00:00+00:00,0.6993740950735233
203,2023-08-20 17:00:00+00:00,0.3304220436596013
203,2023-08-20 18:00:00+00:00,0.16931416178580067
203,2023-08-20 19:00:00+00:00,0.14213770487224747
203,2023-08-20 20:00:00+00:00,0.39027188434758187
203,2023-08-20 21:00:00+00:00,0.3711187489137344
203,2023-08-20 22:00:00+00:00,0.21848136378063004
203,2023-08-20 23:00:00+00:00,0.12439295300539134
203,2023-08-21 00:00:00+00:00,0.08360014587804997
203,2023-08-21 01:00:00+00:00,0.04013916410191328
203,2023-08-21 02:00:00+00:00,0.029450102523087572
203,2023-08-21 03:00:00+00:00,0.1285304618089583
203,2023-08-21 04:00:00+00:00,0.09571333432728991
203,2023-08-21 05:00:00+00:00,0.3922897104047492
203,2023-08-21 06:00:00+00:00,0.987874011253319
203,2023-08-21 07:00:00+00:00,2.655480971266946
203,2023-08-21 08:00:00+00:00,2.2968565373635323
203,2023-08-21 09:00:00+00:00,0.6581476508243738
203,2023-08-21 10:00:00+00:00,0.7036883843096293
203,2023-08-21 11:00:00+00:00,0.6302798083144204
203,2023-08-21 12:00:00+00:00,0.709462096004021
203,2023-08-21 13:00:00+00:00,0.6114632389162735
203,2023-08-21 14:00:00+00:00,0.3237041799389791
203,2023-08-21 15:00:00+00:00,0.3474776578029085
203,2023-08-21 16:00:00+00:00,0.366588702355665
203,2023-08-21 17:00:00+00:00,0.7569688721906905
203,2023-08-21 18:00:00+00:00,0.7094049268594141
203,2023-08-21 19:00:00+00:00,0.6577314757778303
203,2023-08-21 20:00:00+00:00,0.3466736442652567
203,2023-08-21 21:00:00+00:00,0.31089732989796076
203,2023-08-21 22:00:00+00:00,0.20916181832545452
203,2023-08-21 23:00:00+00:00,0.48534286195163295
203,2023-08-22 00:00:00+00:00,0.10688678766036154
203,2023-08-22 01:00:00+00:00,0.05114097791429368
203,2023-08-22 02:00:00+00:00,0.050434928839857604
203,2023-08-22 03:00:00+00:00,0.032004945324484016
203,2023-08-22 04:00:00+00:00,0.010439166764092405
203,2023-08-22 05:00:00+00:00,0.03640582944301082
203,2023-08-22 06:00:00+00:00,0.21612459389090977
203,2023-08-22 07:00:00+00:00,0.8381927770220443
203,2023-08-22 08:00:00+00:00,0.2095157326457886
203,2023-08-22 09:00:00+00:00,0.3931089412121936
203,2023-08-22 10:00:00+00:00,0.368519842457572
203,2023-08-22 11:00:00+00:00,0.3100742831447543
203,2023-08-22 12:00:00+00:00,0.30988217616288516
203,2023-08-22 13:00:00+00:00,0.3166750748567231
203,2023-08-22 14:00:00+00:00,0.3189796562781226
203,2023-08-22 15:00:00+00:00,0.35764919049078814
203,2023-08-22 16:00:00+00:00,0.3563270180917514
203,2023-08-22 17:00:00+00:00,0.3263631369250883
203,2023-08-22 18:00:00+00:00,0.5901486842846341
203,2023-08-22 19:00:00+00:00,0.45014851663363886
203,2023-08-22 20:00:00+00:00,0.36005021191200176
203,2023-08-22 21:00:00+00:00,0.08121664466578403
203,2023-08-22 22:00:00+00:00,0.11474557114384769
203,2023-08-22 23:00:00+00:00,0.12263569741929041
203,2023-08-23 00:00:00+00:00,0.01565819615319699
203,2023-08-23 01:00:00+00:00,0.038693281072402386
203,2023-08-23 02:00:00+00:00,0.009000463871823456
203,2023-08-23 03:00:00+00:00,4.674718152371499e-156
203,2023-08-23 04:00:00+00:00,1.9848262902843393e-10
203,2023-08-23 05:00:00+00:00,0.14332490886717492
203,2023-08-23 06:00:00+00:00,0.13540811248200002
203,2023-08-23 07:00:00+00:00,0.9145917652287374
203,2023-08-23 08:00:00+00:00,1.5491419247133298
203,2023-08-23 09:00:00+00:00,0.7225012444831648
203,2023-08-23 10:00:00+00:00,2.817625946732103
203,2023-08-23 11:00:00+00:00,2.502690749589144
203,2023-08-23 12:00:00+00:00,0.30452140998114685
203,2023-08-23 13:00:00+00:00,0.672309710789633
203,2023-08-23 14:00:00+00:00,0.617993383655365
203,2023-08-23 15:00:00+00:00,0.49874424380841237
203,2023-08-23 16:00:00+00:00,0.5087404607154087
203,2023-08-23 17:00:00+00:00,0.9341522830724684
203,2023-08-23 18:00:00+00:00,0.961368079252282
203,2023-08-23 19:00:00+00:00,0.4220931523922003
203,2023-08-23 20:00:00+00:00,0.6853027573101395
203,2023-08-23 21:00:00+00:00,0.00032559939742719823
203,2023-08-23 22:00:00+00:00,0.12863443551319229
203,2023-08-23 23:00:00+00:00,0.0811589604131923
203,2023-08-24 00:00:00+00:00,0.054739565639294704
203,2023-08-24 01:00:00+00:00,0.001465937570248959
203,2023-08-24 02:00:00+00:00,2.9922567259168873e-55
203,2023-08-24 03:00:00+00:00,0.03137008797761837
203,2023-08-24 04:00:00+00:00,0.017736051191822776
203,2023-08-24 05:00:00+00:00,0.003787977813078609
203,2023-08-24 06:00:00+00:00,0.5201669443259749
203,2023-08-24 07:00:00+00:00,0.8384943524362741
203,2023-08-24 08:00:00+00:00,0.7330719163169086
203,2023-08-24 09:00:00+00:00,0.6712255236231089
203,2023-08-24 10:00:00+00:00,0.6263477181477568
203,2023-08-24 11:00:00+00:00,0.6731670821302826
203,2023-08-24 12:00:00+00:00,0.3761807109330956
203,2023-08-24 13:00:00+00:00,0.5650262493326818
203,2023-08-24 14:00:00+00:00,0.30105240839959796
203,2023-08-24 15:00:00+00:00,0.3332900014030763
203,2023-08-24 16:00:00+00:00,0.3739372982839993
203,2023-08-24 17:00:00+00:00,0.667571346385366
203,2023-08-24 18:00:00+00:00,0.7161343127998102
203,2023-08-24 19:00:00+00:00,0.7589867393569807
203,2023-08-24 20:00:00+00:00,0.5096696965100048
203,2023-08-24 21:00:00+00:00,0.38382757346057256
203,2023-08-24 22:00:00+00:00,0.19451252674507585
203,2023-08-24 23:00:00+00:00,0.11464377249375811
203,2023-08-25 00:00:00+00:00,0.06555322165074574
203,2023-08-25 01:00:00+00:00,0.017274855357692857
203,2023-08-25 02:00:00+00:00,0.04386084305914956
203,2023-08-25 03:00:00+00:00,3.1628300535073545e-55
203,2023-08-25 04:00:00+00:00,0.2135867267511063
203,2023-08-25 05:00:00+00:00,0.4793038554786968
203,2023-08-25 06:00:00+00:00,5.4751550333285875e-11
203,2023-08-25 07:00:00+00:00,0.0005445577096265646
203,2023-08-25 08:00:00+00:00,0.9418494842307592
203,2023-08-25 09:00:00+00:00,0.35800339046524027
203,2023-08-25 10:00:00+00:00,0.7268374579555659
203,2023-08-25 11:00:00+00:00,0.39566153285181255
203,2023-08-25 12:00:00+00:00,0.4145845951649222
203,2023-08-25 13:00:00+00:00,0.3954098586800611
203,2023-08-25 14:00:00+00:00,0.3557537907028106
203,2023-08-25 15:00:00+00:00,0.40282214654049986
203,2023-08-25 16:00:00+00:00,0.39155067203291377
203,2023-08-25 17:00:00+00:00,0.4074116072495681
203,2023-08-25 18:00:00+00:00,0.2066707001311923
203,2023-08-25 19:00:00+00:00,0.6139004336396024
203,2023-08-25 20:00:00+00:00,0.20824394662841447
203,2023-08-25 21:00:00+00:00,0.0971324667893399
203,2023-08-25 22:00:00+00:00,0.2552451023568505
203,2023-08-25 23:00:00+00:00,0.1716467087791721
203,2023-08-26 00:00:00+00:00,0.06826199289929902
203,2023-08-26 01:00:00+00:00,0.0759118194096681
203,2023-08-26 02:00:00+00:00,0.03581843090568559
203,2023-08-26 03:00:00+00:00,0.03957999902611781
203,2023-08-26 04:00:00+00:00,0.022626695018589407
203,2023-08-26 05:00:00+00:00,0.06696610549981753
203,2023-08-26 06:00:00+00:00,0.18202044193003877
203,2023-08-26 07:00:00+00:00,0.09159698640533735
203,2023-08-26 08:00:00+00:00,0.23576469505861558
203,2023-08-26 09:00:00+00:00,0.5303116998042446
203,2023-08-26 10:00:00+00:00,0.7090233774790994
203,2023-08-26 11:00:00+00:00,0.3865790597312183
203,2023-08-26 12:00:00+00:00,0.7840482122808904
203,2023-08-26 13:00:00+00:00,0.7584307702438826
203,2023-08-26 14:00:00+00:00,0.3654144350138075
203,2023-08-26 15:00:00+00:00,0.3480477916351826
203,2023-08-26 16:00:00+00:00,0.30224090021291733
203,2023-08-26 17:00:00+00:00,0.5666253377857897
203,2023-08-26 18:00:00+00:00,0.512655644538792
203,2023-08-26 19:00:00+00:00,0.40240948300108614
203,2023-08-26 20:00:00+00:00,0.3922265006898051
203,2023-08-26 21:00:00+00:00,0.27352356619563367
203,2023-08-26 22:00:00+00:00,0.2340956565849215
203,2023-08-26 23:00:00+00:00,0.15197027869823912
203,2023-08-27 00:00:00+00:00,0.07080994747350967
203,2023-08-27 01:00:00+00:00,0.014645441712835666
203,2023-08-27 02:00:00+00:00,0.019032258871376478
203,2023-08-27 03:00:00+00:00,0.025608290554247248
203,2023-08-27 04:00:00+00:00,0.03884648589335944
203,2023-08-27 05:00:00+00:00,0.03669395693147106
203,2023-08-27 06:00:00+00:00,0.07421586515619674
203,2023-08-27 07:00:00+00:00,0.20060190126115277
203,2023-08-27 08:00:00+00:00,0.2633020768056903
203,2023-08-27 09:00:00+00:00,0.3806843465372422
203,2023-08-27 10:00:00+00:00,0.49478327951471796
203,2023-08-27 11:00:00+00:00,0.5109361014178067
203,2023-08-27 12:00:00+00:00,0.547029518845448
203,2023-08-27 13:00:00+00:00,0.5204343691619229
203,2023-08-27 14:00:00+00:00,0.54781823262472
203,2023-08-27 15:00:00+00:00,0.4871904320575163
203,2023-08-27 16:00:00+00:00,0.7333415819499678
203,2023-08-27 17:00:00+00:00,0.5225829972921862
203,2023-08-27 18:00:00+00:00,0.40536527026294633
203,2023-08-27 19:00:00+00:00,0.3044434385893368
203,2023-08-27 20:00:00+00:00,0.3660810676491142
203,2023-08-27 21:00:00+00:00,0.5868862494369601
203,2023-08-27 22:00:00+00:00,0.20612501967968802
203,2023-08-27 23:00:00+00:00,0.04397728644429246
203,2023-08-28 00:00:00+00:00,0.023671066112888457
203,2023-08-28 01:00:00+00:00,0.036196007768590915
203,2023-08-28 02:00:00+00:00,0.03258199126481531
203,2023-08-28 03:00:00+00:00,0.02436284224905225
203,2023-08-28 04:00:00+00:00,0.0703148546346511
203,2023-08-28 05:00:00+00:00,0.039957688916263834
203,2023-08-28 06:00:00+00:00,0.03876544905391322
203,2023-08-28 07:00:00+00:00,0.3885904120309019
203,2023-08-28 08:00:00+00:00,0.44221176055150413
203,2023-08-28 09:00:00+00:00,0.6504434131573192
203,2023-08-28 10:00:00+00:00,0.545496170734194
203,2023-08-28 11:00:00+00:00,1.5077426805819976
203,2023-08-28 12:00:00+00:00,1.2925927180686343
203,2023-08-28 13:00:00+00:00,1.2706894711052956
203,2023-08-28 14:00:00+00:00,0.9925902031400343
203,2023-08-28 15:00:00+00:00,1.326443161962452
203,2023-08-28 16:00:00+00:00,0.9191416273638259
203,2023-08-28 17:00:00+00:00,0.8619004923758364
203,2023-08-28 18:00:00+00:00,0.76297888433438
203,2023-08-28 19:00:00+00:00,0.5058747024300307
203,2023-08-28 20:00:00+00:00,0.30874723875802
203,2023-08-28 21:00:00+00:00,0.31884922497234125
203,2023-08-28 22:00:00+00:00,0.21028059282825948
203,2023-08-28 23:00:00+00:00,0.16537670306425117
203,2023-08-29 00:00:00+00:00,0.08503959426469096
203,2023-08-29 01:00:00+00:00,0.015883587809379963
203,2023-08-29 02:00:00+00:00,0.00802635559275966
203,2023-08-29 03:00:00+00:00,0.041986794966250365
203,2023-08-29 04:00:00+00:00,0.07045379261921338
203,2023-08-29 05:00:00+00:00,0.25144216154928606
203,2023-08-29 06:00:00+00:00,0.5418839056488535
203,2023-08-29 07:00:00+00:00,0.9097303865574279
203,2023-08-29 08:00:00+00:00,0.8121163346651428
203,2023-08-29 09:00:00+00:00,0.8173667292885829
203,2023-08-29 10:00:00+00:00,0.6960750937270391
203,2023-08-29 11:00:00+00:00,0.862420902221912
203,2023-08-29 12:00:00+00:00,0.682518456861948
203,2023-08-29 13:00:00+00:00,0.8889895461455131
203,2023-08-29 14:00:00+00:00,0.689405747454567
203,2023-08-29 15:00:00+00:00,0.8846897378404942
203,2023-08-29 16:00:00+00:00,0.8903779757481995
203,2023-08-29 17:00:00+00:00,0.6295302365544562
203,2023-08-29 18:00:00+00:00,0.6040092500793128
203,2023-08-29 19:00:00+00:00,0.5391104879670625
203,2023-08-29 20:00:00+00:00,0.5517625586115985
203,2023-08-29 21:00:00+00:00,0.3483088429888463
203,2023-08-29 22:00:00+00:00,0.19369796865739183
203,2023-08-29 23:00:00+00:00,0.13180239151688605
203,2023-08-30 00:00:00+00:00,0.046746140752909976
203,2023-08-30 01:00:00+00:00,0.013208388730576236
203,2023-08-30 02:00:00+00:00,0.007820058043728163
203,2023-08-30 03:00:00+00:00,0.014692873065261753
203,2023-08-30 04:00:00+00:00,0.023803414395989098
203,2023-08-30 05:00:00+00:00,0.16673330459316846
203,2023-08-30 06:00:00+00:00,0.14535631694605325
203,2023-08-30 07:00:00+00:00,0.24183079018017337
203,2023-08-30 08:00:00+00:00,0.7623945287084404
203,2023-08-30 09:00:00+00:00,0.7103187477266569
203,2023-08-30 10:00:00+00:00,0.48752177081891235
203,2023-08-30 11:00:00+00:00,0.7085798408096114
203,2023-08-30 12:00:00+00:00,0.601226625497006
203,2023-08-30 13:00:00+00:00,0.5848970293552251
203,2023-08-30 14:00:00+00:00,0.5759895864266312
203,2023-08-30 15:00:00+00:00,0.6472467137132182
203,2023-08-30 16:00:00+00:00,0.6488449967856054
203,2023-08-30 17:00:00+00:00,0.7303781049158474
203,2023-08-30 18:00:00+00:00,0.7089867868677336
203,2023-08-30 19:00:00+00:00,0.4798989615378812
203,2023-08-30 20:00:00+00:00,0.4051568676772118
203,2023-08-30 21:00:00+00:00,0.32200786605734555
203,2023-08-30 22:00:00+00:00,0.2919067092506849
203,2023-08-30 23:00:00+00:00,0.10425798424349376
203,2023-08-31 00:00:00+00:00,0.090226560285346
203,2023-08-31 01:00:00+00:00,0.012309259236393142
203,2023-08-31 02:00:00+00:00,6.367100015425752e-06
203,2023-08-31 03:00:00+00:00,3.635863898373631e-55
203,2023-08-31 04:00:00+00:00,2.112958614570567e-55
203,2023-08-31 05:00:00+00:00,7.707508650501334e-21
203,2023-08-31 06:00:00+00:00,5.475155033331032e-11
203,2023-08-31 07:00:00+00:00,1.2641166768122784e-10
203,2023-08-31 08:00:00+00:00,5.4088203793780755e-05
203,2023-08-31 09:00:00+00:00,5.163707872948034e-05
203,2023-08-31 10:00:00+00:00,0.00013420625872913544
203,2023-08-31 11:00:00+00:00,3.616794577462637e-09
203,2023-08-31 12:00:00+00:00,3.065453932449435e-09
203,2023-08-31 13:00:00+00:00,3.6388481979806486e-09
203,2023-08-31 14:00:00+00:00,5.359793095043541e-05
203,2023-08-31 15:00:00+00:00,5.425157708799502e-05
203,2023-08-31 16:00:00+00:00,5.6539295569678916e-05
203,2023-08-31 17:00:00+00:00,4.08521168214979e-05
203,2023-08-31 18:00:00+00:00,3.936572142626425e-09
203,2023-08-31 19:00:00+00:00,1.333398989327404e-19
203,2023-08-31 20:00:00+00:00,5.514391306048373e-29
203,2023-08-31 21:00:00+00:00,4.1530765921726036e-51
203,2023-08-31 22:00:00+00:00,0.2231335722656948
203,2023-08-31 23:00:00+00:00,0.2530274971014464
203,2023-09-01 00:00:00+00:00,5.881097030402854e-156
203,2023-09-01 01:00:00+00:00,5.766252414063725e-89
203,2023-09-01 02:00:00+00:00,0.052598057134962135
203,2023-09-01 03:00:00+00:00,0.03612717449548836
203,2023-09-01 04:00:00+00:00,3.1768717737479084e-55
203,2023-09-01 05:00:00+00:00,0.2280710488384397
203,2023-09-01 06:00:00+00:00,0.6250969521430456
203,2023-09-01 07:00:00+00:00,2.7495864231480283e-07
203,2023-09-01 08:00:00+00:00,0.8568320894756647
203,2023-09-01 09:00:00+00:00,6.405177593951966e-29
203,2023-09-01 10:00:00+00:00,0.6144355317744823
203,2023-09-01 11:00:00+00:00,1.3280145013487565
203,2023-09-01 12:00:00+00:00,1.0270206425443855
203,2023-09-01 13:00:00+00:00,0.5409796615920995
203,2023-09-01 14:00:00+00:00,1.3435989039696026
203,2023-09-01 15:00:00+00:00,0.6163119639241921
203,2023-09-01 16:00:00+00:00,0.8778737324756974
203,2023-09-01 17:00:00+00:00,1.0070667173447807
203,2023-09-01 18:00:00+00:00,0.7105574965437748
203,2023-09-01 19:00:00+00:00,0.7295230945558975
203,2023-09-01 20:00:00+00:00,0.4094309855963848
203,2023-09-01 21:00:00+00:00,0.4501230097874784
203,2023-09-01 22:00:00+00:00,0.3003357114983223
203,2023-09-01 23:00:00+00:00,1.9935817608226587e-05
203,2023-09-02 00:00:00+00:00,0.03471283964299069
203,2023-09-02 01:00:00+00:00,2.714352475570548e-156
203,2023-09-02 02:00:00+00:00,0.02129716532160944
203,2023-09-02 03:00:00+00:00,9.685109445176598e-17
203,2023-09-02 04:00:00+00:00,2.1202912334789302e-08
203,2023-09-02 05:00:00+00:00,1.436346564138175e-08
203,2023-09-02 06:00:00+00:00,8.002498383828383e-08
203,2023-09-02 07:00:00+00:00,0.07509386071599308
203,2023-09-02 08:00:00+00:00,0.40669827026637856
203,2023-09-02 09:00:00+00:00,0.14880847836911515
203,2023-09-02 10:00:00+00:00,2.324426319335459e-15
203,2023-09-02 11:00:00+00:00,1.877421271958204e-15
203,2023-09-02 12:00:00+00:00,2.13072414582787e-15
203,2023-09-02 13:00:00+00:00,1.922121786176589e-15
203,2023-09-02 14:00:00+00:00,2.626460077528699e-07
203,2023-09-02 15:00:00+00:00,0.00464629833108867
203,2023-09-02 16:00:00+00:00,0.006159214120410908
203,2023-09-02 17:00:00+00:00,0.55674297289004
203,2023-09-02 18:00:00+00:00,0.1649069487332773
203,2023-09-02 19:00:00+00:00,0.4097872975188015
203,2023-09-02 20:00:00+00:00,0.11772252713604178
203,2023-09-02 21:00:00+00:00,1.4568555624427554e-07
203,2023-09-02 22:00:00+00:00,1.1324128118796458e-15
203,2023-09-02 23:00:00+00:00,2.16333812775926e-29
203,2023-09-03 00:00:00+00:00,1.637270579606507e-51
203,2023-09-03 01:00:00+00:00,1.7564891968994114e-88
203,2023-09-03 02:00:00+00:00,1.3460058175577724e-54
203,2023-09-03 03:00:00+00:00,4.583431406050653e-89
203,2023-09-03 04:00:00+00:00,4.674718152371499e-156
203,2023-09-03 05:00:00+00:00,4.583431406050653e-89
203,2023-09-03 06:00:00+00:00,4.5686461434504896e-88
203,2023-09-03 07:00:00+00:00,4.5686461434504896e-88
203,2023-09-03 08:00:00+00:00,4.5686461434504896e-88
203,2023-09-03 09:00:00+00:00,4.5686461434504896e-88
203,2023-09-03 10:00:00+00:00,1.2948614464084225e-19
203,2023-09-03 11:00:00+00:00,5.921487817122028e-54
203,2023-09-03 12:00:00+00:00,6.708816033509591e-51
203,2023-09-03 13:00:00+00:00,7.600186931597534e-155
203,2023-09-03 14:00:00+00:00,7.600186931597534e-155
203,2023-09-03 15:00:00+00:00,6.708816033509591e-51
203,2023-09-03 16:00:00+00:00,7.429594456582106e-88
203,2023-09-03 17:00:00+00:00,6.688849319124145e-51
203,2023-09-03 18:00:00+00:00,7.429594456582106e-88
203,2023-09-03 19:00:00+00:00,3.6191366340940643e-155
203,2023-09-03 20:00:00+00:00,3.5484630240392153e-88
203,2023-09-03 21:00:00+00:00,3.6191366340940643e-155
203,2023-09-03 22:00:00+00:00,3.5484630240392153e-88
203,2023-09-03 23:00:00+00:00,3.5484630240392153e-88
203,2023-09-04 00:00:00+00:00,4.674718152371499e-156
203,2023-09-04 01:00:00+00:00,2.1187404993755008e-55
203,2023-09-04 02:00:00+00:00,3.104905146034313e-89
203,2023-09-04 03:00:00+00:00,3.104905146034313e-89
203,2023-09-04 04:00:00+00:00,4.8791366580539206e-89
203,2023-09-04 05:00:00+00:00,8.871157560098037e-89
203,2023-09-04 06:00:00+00:00,2.794414631430882e-88
203,2023-09-04 07:00:00+00:00,4.87187831004863e-51
203,2023-09-04 08:00:00+00:00,5.564422574919623e-155
203,2023-09-04 09:00:00+00:00,5.056559809255881e-88
203,2023-09-04 10:00:00+00:00,3.997274168100292e-54
203,2023-09-04 11:00:00+00:00,3.998015000475786e-155
203,2023-09-04 12:00:00+00:00,3.8409708651015955e-54
203,2023-09-04 13:00:00+00:00,4.022550809702272e-54
203,2023-09-04 14:00:00+00:00,5.700140198698151e-155
203,2023-09-04 15:00:00+00:00,5.38346574321492e-155
203,2023-09-04 16:00:00+00:00,4.590824037350734e-88
203,2023-09-04 17:00:00+00:00,4.817975644137722e-155
203,2023-09-04 18:00:00+00:00,5.100915597056372e-88
203,2023-09-04 19:00:00+00:00,4.1530765921726036e-51
203,2023-09-04 20:00:00+00:00,3.111479658398545e-51
203,2023-09-04 21:00:00+00:00,1.855550456320506e-88
203,2023-09-04 22:00:00+00:00,1.2666978219329224e-155
203,2023-09-04 23:00:00+00:00,1.1762194060805708e-155
203,2023-09-05 00:00:00+00:00,3.104905146034313e-89
203,2023-09-05 01:00:00+00:00,4.7920114525068505e-52
203,2023-09-05 02:00:00+00:00,3.594008589380138e-52
203,2023-09-05 03:00:00+00:00,2.6613472680294113e-89
203,2023-09-05 04:00:00+00:00,6.362759199277693e-30
203,2023-09-05 05:00:00+00:00,0.0009370642290996182
203,2023-09-05 06:00:00+00:00,1.0877123457482603e-15
203,2023-09-05 07:00:00+00:00,1.6241184470871387e-15
203,2023-09-05 08:00:00+00:00,1.847620951860027e-15
203,2023-09-05 09:00:00+00:00,3.6904003356030145e-29
203,2023-09-05 10:00:00+00:00,1.2516141950554643e-15
203,2023-09-05 11:00:00+00:00,5.047788964773644e-29
203,2023-09-05 12:00:00+00:00,5.383465743214919e-155
203,2023-09-05 13:00:00+00:00,4.614399208469931e-155
203,2023-09-05 14:00:00+00:00,4.071528713355821e-155
203,2023-09-05 15:00:00+00:00,3.48192934233848e-88
203,2023-09-05 16:00:00+00:00,3.770241963041666e-88
203,2023-09-05 17:00:00+00:00,3.548463024039215e-88
203,2023-09-05 18:00:00+00:00,5.411406111659803e-88
203,2023-09-05 19:00:00+00:00,3.893073375412254e-88
203,2023-09-05 20:00:00+00:00,3.643496207592774e-155
203,2023-09-05 21:00:00+00:00,1.797494735246944e-05
203,2023-09-05 22:00:00+00:00,0.06342181467743263
203,2023-09-05 23:00:00+00:00,0.07991253773457047
203,2023-09-06 00:00:00+00:00,0.05270279744242249
203,2023-09-06 01:00:00+00:00,3.817655519573312e-30
203,2023-09-06 02:00:00+00:00,2.714352475570548e-156
203,2023-09-06 03:00:00+00:00,2.8109456122601138e-55
203,2023-09-06 04:00:00+00:00,4.5239207926175793e-156
203,2023-09-06 05:00:00+00:00,7.238273268188128e-156
203,2023-09-06 06:00:00+00:00,1.1696208480959675e-07
203,2023-09-06 07:00:00+00:00,0.0048479321302317855
203,2023-09-06 08:00:00+00:00,1.5347174172829657e-15
203,2023-09-06 09:00:00+00:00,4.346867204448038e-88
203,2023-09-06 10:00:00+00:00,4.302511416647548e-88
203,2023-09-06 11:00:00+00:00,4.6660234128175646e-29
203,2023-09-06 12:00:00+00:00,5.189627172657352e-88
203,2023-09-06 13:00:00+00:00,4.74606929465245e-88
203,2023-09-06 14:00:00+00:00,0.6893306965883725
203,2023-09-06 15:00:00+00:00,0.7374650611940936
203,2023-09-06 16:00:00+00:00,1.5645177197568386e-15
203,2023-09-06 17:00:00+00:00,4.442971411349101e-88
203,2023-09-06 18:00:00+00:00,4.220630268868008e-29
203,2023-09-06 19:00:00+00:00,1.9288019256109585e-07
203,2023-09-06 20:00:00+00:00,1.1920134975801262e-15
203,2023-09-06 21:00:00+00:00,2.969287626338127e-29
203,2023-09-06 22:00:00+00:00,1.3178031494393838e-51
203,2023-09-06 23:00:00+00:00,2.2351774961786655e-20
203,2023-09-07 00:00:00+00:00,4.0715287133558217e-156
203,2023-09-07 01:00:00+00:00,2.6613472680294113e-89
203,2023-09-07 02:00:00+00:00,2.396005726253425e-52
203,2023-09-07 03:00:00+00:00,2.6613472680294113e-89
203,2023-09-07 04:00:00+00:00,3.1667445548323054e-156
203,2023-09-07 05:00:00+00:00,6.786943145938114e-30
203,2023-09-07 06:00:00+00:00,2.236272011169863e-51
203,2023-09-07 07:00:00+00:00,4.8985005958958903e-51
203,2023-09-07 08:00:00+00:00,2.1203355871705425e-07
203,2023-09-07 09:00:00+00:00,4.199421071543785e-29
203,2023-09-07 10:00:00+00:00,4.9205337807877926e-29
203,2023-09-07 11:00:00+00:00,4.270118395970997e-29
203,2023-09-07 12:00:00+00:00,4.177086865183565e-155
203,2023-09-07 13:00:00+00:00,5.7906186145505025e-155
203,2023-09-07 14:00:00+00:00,8.092884043877658e-20
203,2023-09-07 15:00:00+00:00,2.971837782632842e-88
203,2023-09-07 16:00:00+00:00,4.1250882654455873e-88
203,2023-09-07 17:00:00+00:00,4.199421071539412e-29
203,2023-09-07 18:00:00+00:00,0.0045661587753192834
203,2023-09-07 19:00:00+00:00,0.1396580001520706
203,2023-09-07 20:00:00+00:00,0.2204268590074076
203,2023-09-07 21:00:00+00:00,0.10515590365830928
203,2023-09-07 22:00:00+00:00,0.19369796865739183
203,2023-09-07 23:00:00+00:00,0.08995416829369297
203,2023-09-08 00:00:00+00:00,0.06179525912635586
203,2023-09-08 01:00:00+00:00,0.014520628470660173
203,2023-09-08 02:00:00+00:00,0.0014363490794658997
203,2023-09-08 03:00:00+00:00,0.024970196210118548
203,2023-09-08 04:00:00+00:00,0.08244051261113389
203,2023-09-08 05:00:00+00:00,3.391303788184317e-20
203,2023-09-08 06:00:00+00:00,4.855730432738051e-20
203,2023-09-08 07:00:00+00:00,2.9163769114805826
203,2023-09-08 08:00:00+00:00,3.725715484423454e-05
203,2023-09-08 09:00:00+00:00,0.830894611397911
203,2023-09-08 10:00:00+00:00,0.9119099315446401
203,2023-09-08 11:00:00+00:00,0.9853196784115158
203,2023-09-08 12:00:00+00:00,0.6332379673003041
203,2023-09-08 13:00:00+00:00,0.5986737489332994
203,2023-09-08 14:00:00+00:00,0.6651917555498061
203,2023-09-08 15:00:00+00:00,0.5135728997882087
203,2023-09-08 16:00:00+00:00,0.7165448814718097
203,2023-09-08 17:00:00+00:00,0.49034285539470923
203,2023-09-08 18:00:00+00:00,0.6156676743919449
203,2023-09-08 19:00:00+00:00,0.3511329635183398
203,2023-09-08 20:00:00+00:00,0.3617630096160645
203,2023-09-08 21:00:00+00:00,0.17787998890807197
203,2023-09-08 22:00:00+00:00,0.1330068215707079
203,2023-09-08 23:00:00+00:00,0.2291557597862211
203,2023-09-09 00:00:00+00:00,0.12451187263763408
203,2023-09-09 01:00:00+00:00,0.0856266734065215
203,2023-09-09 02:00:00+00:00,5.619775357558371e-05
203,2023-09-09 03:00:00+00:00,2.396005726253425e-52
203,2023-09-09 04:00:00+00:00,0.037236072967908894
203,2023-09-09 05:00:00+00:00,0.06955079396209009
203,2023-09-09 06:00:00+00:00,2.7375775166643477e-11
203,2023-09-09 07:00:00+00:00,1.0464791171156601e-07
203,2023-09-09 08:00:00+00:00,0.9041786454504496
203,2023-09-09 09:00:00+00:00,1.0521320145267112
203,2023-09-09 10:00:00+00:00,0.8622051269673988
203,2023-09-09 11:00:00+00:00,0.8739471623064505
203,2023-09-09 12:00:00+00:00,0.807182693364593
203,2023-09-09 13:00:00+00:00,0.6539895625095032
203,2023-09-09 14:00:00+00:00,0.781265073321493
203,2023-09-09 15:00:00+00:00,0.7282840240774138
203,2023-09-09 16:00:00+00:00,0.6368270077516549
203,2023-09-09 17:00:00+00:00,0.6655471242856205
203,2023-09-09 18:00:00+00:00,0.42936965562697105
203,2023-09-09 19:00:00+00:00,0.6311811825521227
203,2023-09-09 20:00:00+00:00,2.891812491512799e-54
203,2023-09-09 21:00:00+00:00,2.5158060125660964e-51
203,2023-09-09 22:00:00+00:00,2.0119361916859855e-54
203,2023-09-09 23:00:00+00:00,0.00021598162678098157
203,2023-09-10 00:00:00+00:00,0.06450387523763026
203,2023-09-10 01:00:00+00:00,0.17271734720399404
203,2023-09-10 02:00:00+00:00,0.03511430747530488
203,2023-09-10 03:00:00+00:00,3.79367573323459e-52
203,2023-09-10 04:00:00+00:00,4.57614970330125e-55
203,2023-09-10 05:00:00+00:00,0.016129231793285067
203,2023-09-10 06:00:00+00:00,4.1038720393096765e-08
203,2023-09-10 07:00:00+00:00,1.685519936418627e-88
203,2023-09-10 08:00:00+00:00,9.08910292521127e-16
203,2023-09-10 09:00:00+00:00,4.073209734630823e-51
203,2023-09-10 10:00:00+00:00,0.8651808765502819
203,2023-09-10 11:00:00+00:00,0.686635809763599
203,2023-09-10 12:00:00+00:00,1.5049170709762348e-15
203,2023-09-10 13:00:00+00:00,6.276343973769362e-88
203,2023-09-10 14:00:00+00:00,4.6624680739414444e-54
203,2023-09-10 15:00:00+00:00,0.9553858040032631
203,2023-09-10 16:00:00+00:00,2.8061037160711146
203,2023-09-10 17:00:00+00:00,2.4897698397787718
203,2023-09-10 18:00:00+00:00,0.022656998124977408
203,2023-09-10 19:00:00+00:00,1.6068878034980867
203,2023-09-10 20:00:00+00:00,0.4302728291190385
203,2023-09-10 21:00:00+00:00,0.3628060259078494
203,2023-09-10 22:00:00+00:00,0.09592501849587204
203,2023-09-10 23:00:00+00:00,0.029089500027115182
203,2023-09-11 00:00:00+00:00,0.027635758067743404
203,2023-09-11 01:00:00+00:00,0.014604707253121628
203,2023-09-11 02:00:00+00:00,0.00679410183179812
203,2023-09-11 03:00:00+00:00,0.007426331279486193
203,2023-09-11 04:00:00+00:00,0.01947423657422432
203,2023-09-11 05:00:00+00:00,0.19245640745692483
203,2023-09-11 06:00:00+00:00,0.6020153293164421
203,2023-09-11 07:00:00+00:00,0.9091981135450075
203,2023-09-11 08:00:00+00:00,0.8746940956829269
203,2023-09-11 09:00:00+00:00,0.31647623022458987
203,2023-09-11 10:00:00+00:00,0.2641141204433513
203,2023-09-11 11:00:00+00:00,0.28842302117904556
203,2023-09-11 12:00:00+00:00,0.14338233628039396
203,2023-09-11 13:00:00+00:00,0.30074941652240866
203,2023-09-11 14:00:00+00:00,0.32153373989198736
203,2023-09-11 15:00:00+00:00,0.5441862337029334
203,2023-09-11 16:00:00+00:00,0.6113881364523591
203,2023-09-11 17:00:00+00:00,0.15833634370430752
203,2023-09-11 18:00:00+00:00,0.32010285457691656
203,2023-09-11 19:00:00+00:00,0.2554449335982365
203,2023-09-11 20:00:00+00:00,0.10131000932040045
203,2023-09-11 21:00:00+00:00,0.0836812362554706
203,2023-09-11 22:00:00+00:00,0.05988839421110898
203,2023-09-11 23:00:00+00:00,0.10185988848431246
203,2023-09-12 00:00:00+00:00,0.01626466149335338
203,2023-09-12 01:00:00+00:00,0.021467435863984037
203,2023-09-12 02:00:00+00:00,0.027930649246964992
203,2023-09-12 03:00:00+00:00,0.032004945324484016
203,2023-09-12 04:00:00+00:00,0.033309045632755434
203,2023-09-12 05:00:00+00:00,0.05907364329666225
203,2023-09-12 06:00:00+00:00,0.4983706339870051
203,2023-09-12 07:00:00+00:00,0.3824411513256031
203,2023-09-12 08:00:00+00:00,0.4316909200807435
203,2023-09-12 09:00:00+00:00,0.8969777717341116
203,2023-09-12 10:00:00+00:00,0.2652749119801013
203,2023-09-12 11:00:00+00:00,0.31567662765416177
203,2023-09-12 12:00:00+00:00,0.2968203508298234
203,2023-09-12 13:00:00+00:00,0.29270949001092456
203,2023-09-12 14:00:00+00:00,1.0541803549198774
203,2023-09-12 15:00:00+00:00,0.5421334646817297
203,2023-09-12 16:00:00+00:00,0.5796710579731338
203,2023-09-12 17:00:00+00:00,0.5932478478257524
203,2023-09-12 18:00:00+00:00,0.5216143818434639
203,2023-09-12 19:00:00+00:00,0.11662405415050581
203,2023-09-12 20:00:00+00:00,0.0028862028018858212
203,2023-09-12 21:00:00+00:00,0.0025754649602370444
203,2023-09-12 22:00:00+00:00,1.1080282424218228e-07
203,2023-09-12 23:00:00+00:00,0.0007811735261536252
203,2023-09-13 00:00:00+00:00,2.7700618263648688e-08
203,2023-09-13 01:00:00+00:00,1.4363382025289478e-08
203,2023-09-13 02:00:00+00:00,0.00025969433281171486
203,2023-09-13 03:00:00+00:00,1.2995350539251102e-08
203,2023-09-13 04:00:00+00:00,0.0002340417079587749
203,2023-09-13 05:00:00+00:00,0.0005495214783348373
203,2023-09-13 06:00:00+00:00,0.0915853240492991
203,2023-09-13 07:00:00+00:00,2.605958920555439e-07
203,2023-09-13 08:00:00+00:00,0.004340241231990052
203,2023-09-13 09:00:00+00:00,2.1134901619265375e-07
203,2023-09-13 10:00:00+00:00,1.3857157080835582e-15
203,2023-09-13 11:00:00+00:00,5.247748119436393e-155
203,2023-09-13 12:00:00+00:00,3.9134760195472606e-51
203,2023-09-13 13:00:00+00:00,4.388203168839052e-155
203,2023-09-13 14:00:00+00:00,3.947665114243627e-88
203,2023-09-13 15:00:00+00:00,4.5524108798815075e-51
203,2023-09-13 16:00:00+00:00,2.758905249643945e-54
203,2023-09-13 17:00:00+00:00,3.6343209293017274e-54
203,2023-09-13 18:00:00+00:00,7.052370391476617e-20
203,2023-09-13 19:00:00+00:00,0.47755439848297665
203,2023-09-13 20:00:00+00:00,0.22194062891141053
203,2023-09-13 21:00:00+00:00,0.3997673504678228
203,2023-09-13 22:00:00+00:00,0.01156698170747932
203,2023-09-13 23:00:00+00:00,1.045813422622737e-05
203,2023-09-14 00:00:00+00:00,0.0812828576846061
203,2023-09-14 01:00:00+00:00,0.1031842061260198
203,2023-09-14 02:00:00+00:00,0.034127978090655174
203,2023-09-14 03:00:00+00:00,0.11646716745175617
203,2023-09-14 04:00:00+00:00,0.13761776883756507
203,2023-09-14 05:00:00+00:00,0.21389839380411368
203,2023-09-14 06:00:00+00:00,1.27204820057974
203,2023-09-14 07:00:00+00:00,0.029893730504126012
203,2023-09-14 08:00:00+00:00,2.8595244534987843
203,2023-09-14 09:00:00+00:00,1.1218229806111766
203,2023-09-14 10:00:00+00:00,0.5270682592007279
203,2023-09-14 11:00:00+00:00,0.5710392635120378
203,2023-09-14 12:00:00+00:00,0.2652428231588657
203,2023-09-14 13:00:00+00:00,0.5533378901198553
203,2023-09-14 14:00:00+00:00,0.2678911958218712
203,2023-09-14 15:00:00+00:00,0.6587842449833881
203,2023-09-14 16:00:00+00:00,0.6533765097457858
203,2023-09-14 17:00:00+00:00,0.6364232057710151
203,2023-09-14 18:00:00+00:00,0.3265814183524541
203,2023-09-14 19:00:00+00:00,0.5065594135287957
203,2023-09-14 20:00:00+00:00,0.12189941711276531
203,2023-09-14 21:00:00+00:00,0.3910379194571
203,2023-09-14 22:00:00+00:00,0.24272777602339604
203,2023-09-14 23:00:00+00:00,0.005332116481528082
203,2023-09-15 00:00:00+00:00,1.2735049252976105e-05
203,2023-09-15 01:00:00+00:00,8.478259464389338e-21
203,2023-09-15 02:00:00+00:00,6.84394379165252e-12
203,2023-09-15 03:00:00+00:00,0.001277610405949554
203,2023-09-15 04:00:00+00:00,3.435743800507523e-05
203,2023-09-15 05:00:00+00:00,2.86697134743345e-10
203,2023-09-15 06:00:00+00:00,3.314228712811924e-20
203,2023-09-15 07:00:00+00:00,8.324109314156173e-20
203,2023-09-15 08:00:00+00:00,3.4362414226092556e-54
203,2023-09-15 09:00:00+00:00,0.00011853274124678247
203,2023-09-15 10:00:00+00:00,0.02633214160222166
203,2023-09-15 11:00:00+00:00,9.894047408288054e-05
203,2023-09-15 12:00:00+00:00,9.991934134336585e-05
203,2023-09-15 13:00:00+00:00,0.025096397955947657
203,2023-09-15 14:00:00+00:00,0.0005146238527751581
203,2023-09-15 15:00:00+00:00,9.249010338499702e-20
203,2023-09-15 16:00:00+00:00,4.448859458562414e-54
203,2023-09-15 17:00:00+00:00,1.062824212351457e-10
203,2023-09-15 18:00:00+00:00,4.048982901163849e-54
203,2023-09-15 19:00:00+00:00,4.288676911401465e-155
203,2023-09-15 20:00:00+00:00,3.5484630240392153e-88
203,2023-09-15 21:00:00+00:00,2.645493382639731e-54
203,2023-09-15 22:00:00+00:00,3.326684085036764e-88
203,2023-09-15 23:00:00+00:00,2.096505010471747e-51
203,2023-09-16 00:00:00+00:00,7.09692604807843e-89
203,2023-09-16 01:00:00+00:00,8.051698578421426e-12
203,2023-09-16 02:00:00+00:00,3.1946743016712335e-52
203,2023-09-16 03:00:00+00:00,0.00023355221854176475
203,2023-09-16 04:00:00+00:00,3.39347157296136e-30
203,2023-09-16 05:00:00+00:00,4.241839466196328e-30
203,2023-09-16 06:00:00+00:00,4.719505439728168e-08
203,2023-09-16 07:00:00+00:00,0.07509073158856434
203,2023-09-16 08:00:00+00:00,3.1389612049896685e-29
203,2023-09-16 09:00:00+00:00,0.003866134376857628
203,2023-09-16 10:00:00+00:00,0.005228560842981298
203,2023-09-16 11:00:00+00:00,0.005775036609388072
203,2023-09-16 12:00:00+00:00,2.2366041323642097e-07
203,2023-09-16 13:00:00+00:00,0.003906999575044963
203,2023-09-16 14:00:00+00:00,0.18622284650701604
203,2023-09-16 15:00:00+00:00,0.005264102843758647
203,2023-09-16 16:00:00+00:00,0.00510981997757825
203,2023-09-16 17:00:00+00:00,0.004528169327456885
203,2023-09-16 18:00:00+00:00,0.17458042493794682
203,2023-09-16 19:00:00+00:00,0.004600048749314224
203,2023-09-16 20:00:00+00:00,1.6415297512548324e-07
203,2023-09-16 21:00:00+00:00,1.4158127922435897e-07
203,2023-09-16 22:00:00+00:00,2.036082943774594e-29
203,2023-09-16 23:00:00+00:00,2.205756522419595e-29
203,2023-09-17 00:00:00+00:00,5.938575252691145e-30
203,2023-09-17 01:00:00+00:00,6.78694314590785e-30
203,2023-09-17 02:00:00+00:00,4.666023412808749e-30
203,2023-09-17 03:00:00+00:00,2.396005726253425e-52
203,2023-09-17 04:00:00+00:00,3.627286446689213e-52
203,2023-09-17 05:00:00+00:00,4.858567167125002e-52
203,2023-09-17 06:00:00+00:00,5.1913457402157544e-52
203,2023-09-17 07:00:00+00:00,1.717137437148288e-51
203,2023-09-17 08:00:00+00:00,2.2621451778249996e-88
203,2023-09-17 09:00:00+00:00,5.322694536058823e-88
203,2023-09-17 10:00:00+00:00,4.391222992248528e-88
203,2023-09-17 11:00:00+00:00,5.056559809255881e-88
203,2023-09-17 12:00:00+00:00,4.83478087025343e-88
203,2023-09-17 13:00:00+00:00,5.544473475061274e-88
203,2023-09-17 14:00:00+00:00,4.967848233654901e-88
203,2023-09-17 15:00:00+00:00,6.107293070033732e-155
203,2023-09-17 16:00:00+00:00,5.050779934628752e-54
203,2023-09-17 17:00:00+00:00,1.1416180404131518e-19
203,2023-09-17 18:00:00+00:00,5.377486979812369e-88
203,2023-09-17 19:00:00+00:00,1.9627726680244122e-09
203,2023-09-17 20:00:00+00:00,1.565807408113765e-09
203,2023-09-17 21:00:00+00:00,0.00022234537864834286
203,2023-09-17 22:00:00+00:00,0.00019623620812574802
203,2023-09-17 23:00:00+00:00,8.400124298948557e-05
203,2023-09-18 00:00:00+00:00,7.343884574023546e-05
203,2023-09-18 01:00:00+00:00,0.08728183208528847
203,2023-09-18 02:00:00+00:00,0.015252056886430177
203,2023-09-18 03:00:00+00:00,0.012178661044494339
203,2023-09-18 04:00:00+00:00,0.040885026637266265
203,2023-09-18 05:00:00+00:00,0.15343225119055748
203,2023-09-18 06:00:00+00:00,1.5351578611238126
203,2023-09-18 07:00:00+00:00,0.026565207000885105
203,2023-09-18 08:00:00+00:00,8.615317478916815e-11
203,2023-09-18 09:00:00+00:00,0.025353593787338386
203,2023-09-18 10:00:00+00:00,0.6366182489171568
203,2023-09-18 11:00:00+00:00,0.33061621301258165
203,2023-09-18 12:00:00+00:00,0.5241456280696188
203,2023-09-18 13:00:00+00:00,0.5715355965020941
203,2023-09-18 14:00:00+00:00,0.5902630199428163
203,2023-09-18 15:00:00+00:00,0.6084195704733485
203,2023-09-18 16:00:00+00:00,0.5996267316631773
203,2023-09-18 17:00:00+00:00,0.6097895849197318
203,2023-09-18 18:00:00+00:00,0.5848959555142638
203,2023-09-18 19:00:00+00:00,0.5171415422753914
203,2023-09-18 20:00:00+00:00,0.35100991430267625
203,2023-09-18 21:00:00+00:00,0.3264775871774376
203,2023-09-18 22:00:00+00:00,0.11096722089903856
203,2023-09-18 23:00:00+00:00,0.08251871626158243
203,2023-09-19 00:00:00+00:00,0.03113722338612306
203,2023-09-19 01:00:00+00:00,0.008703672228628183
203,2023-09-19 02:00:00+00:00,0.014494240272547854
203,2023-09-19 03:00:00+00:00,0.03551192299953051
203,2023-09-19 04:00:00+00:00,0.03970937419580223
203,2023-09-19 05:00:00+00:00,0.1832136456724571
203,2023-09-19 06:00:00+00:00,0.5402631371170176
203,2023-09-19 07:00:00+00:00,0.8531148324523469
203,2023-09-19 08:00:00+00:00,0.8068361554997067
203,2023-09-19 09:00:00+00:00,0.8130470401176307
203,2023-09-19 10:00:00+00:00,0.7557344069146985
203,2023-09-19 11:00:00+00:00,0.7000180260068348
203,2023-09-19 12:00:00+00:00,0.6261854464728239
203,2023-09-19 13:00:00+00:00,0.2612391589059821
203,2023-09-19 14:00:00+00:00,0.1674982384820634
203,2023-09-19 15:00:00+00:00,0.29517890517194184
203,2023-09-19 16:00:00+00:00,0.2762694104292702
203,2023-09-19 17:00:00+00:00,0.30597937896775745
203,2023-09-19 18:00:00+00:00,0.33297069088703685
203,2023-09-19 19:00:00+00:00,0.5209211525697505
203,2023-09-19 20:00:00+00:00,0.3911557534704525
203,2023-09-19 21:00:00+00:00,0.38689574973360485
203,2023-09-19 22:00:00+00:00,0.373900389330531
203,2023-09-19 23:00:00+00:00,0.18220714395230805
203,2023-09-20 00:00:00+00:00,0.058737747335762376
203,2023-09-20 01:00:00+00:00,0.03953067902348523
203,2023-09-20 02:00:00+00:00,0.03377058774602722
203,2023-09-20 03:00:00+00:00,0.03489426784294283
203,2023-09-20 04:00:00+00:00,0.05439067381000136
203,2023-09-20 05:00:00+00:00,0.15000162762114375
203,2023-09-20 06:00:00+00:00,0.474316765074544
203,2023-09-20 07:00:00+00:00,0.8390851777006008
203,2023-09-20 08:00:00+00:00,1.2046188240113855
203,2023-09-20 09:00:00+00:00,2.153097034262371
203,2023-09-20 10:00:00+00:00,2.336880303585815
203,2023-09-20 11:00:00+00:00,0.7492059867896397
203,2023-09-20 12:00:00+00:00,0.6960791127772535
203,2023-09-20 13:00:00+00:00,0.5679946378760586
203,2023-09-20 14:00:00+00:00,0.342821411605069
203,2023-09-20 15:00:00+00:00,0.17654268155618408
203,2023-09-20 16:00:00+00:00,0.3309983646052089
203,2023-09-20 17:00:00+00:00,0.17741967002542317
203,2023-09-20 18:00:00+00:00,0.17149772802844535
203,2023-09-20 19:00:00+00:00,0.2512731624571844
203,2023-09-20 20:00:00+00:00,0.19957701784483303
203,2023-09-20 21:00:00+00:00,0.3052374638591119
203,2023-09-20 22:00:00+00:00,0.13144855239142803
203,2023-09-20 23:00:00+00:00,0.03415085791171241
203,2023-09-21 00:00:00+00:00,0.08317818349729737
203,2023-09-21 01:00:00+00:00,0.03953067902348631
203,2023-09-21 02:00:00+00:00,0.04189988415868982
203,2023-09-21 03:00:00+00:00,0.035162452340061115
203,2023-09-21 04:00:00+00:00,0.001611627555462468
203,2023-09-21 05:00:00+00:00,4.248624406923098e-06
203,2023-09-21 06:00:00+00:00,3.985590796321788e-11
203,2023-09-21 07:00:00+00:00,0.0005084578046936299
203,2023-09-21 08:00:00+00:00,1.8052802500927538
203,2023-09-21 09:00:00+00:00,1.8185623661297114
203,2023-09-21 10:00:00+00:00,1.4445902079094886
203,2023-09-21 11:00:00+00:00,0.6492594499005271
203,2023-09-21 12:00:00+00:00,0.608609199380715
203,2023-09-21 13:00:00+00:00,0.255751950246569
203,2023-09-21 14:00:00+00:00,0.3164347437260828
203,2023-09-21 15:00:00+00:00,0.26087230952407653
203,2023-09-21 16:00:00+00:00,0.6938935936167365
203,2023-09-21 17:00:00+00:00,0.6218941309135801
203,2023-09-21 18:00:00+00:00,0.6043089902137181
203,2023-09-21 19:00:00+00:00,0.5232249566765969
203,2023-09-21 20:00:00+00:00,0.41807743456009455
203,2023-09-21 21:00:00+00:00,0.1755305291019594
203,2023-09-21 22:00:00+00:00,0.21451161057530121
203,2023-09-21 23:00:00+00:00,0.1519901986476894
203,2023-09-22 00:00:00+00:00,0.07274269719089185
203,2023-09-22 01:00:00+00:00,0.02265762793183274
203,2023-09-22 02:00:00+00:00,0.019785111832923554
203,2023-09-22 03:00:00+00:00,0.022272093486789424
203,2023-09-22 04:00:00+00:00,0.04858297092667474
203,2023-09-22 05:00:00+00:00,0.09213611218030672
203,2023-09-22 06:00:00+00:00,0.3511429479569017
203,2023-09-22 07:00:00+00:00,0.7672103407331474
203,2023-09-22 08:00:00+00:00,0.20361260932287867
203,2023-09-22 09:00:00+00:00,0.6559236061037657
203,2023-09-22 10:00:00+00:00,0.6085339061315307
203,2023-09-22 11:00:00+00:00,0.5587455734796337
203,2023-09-22 12:00:00+00:00,0.8369984278594581
203,2023-09-22 13:00:00+00:00,0.9825589000183219
203,2023-09-22 14:00:00+00:00,0.49681387589202336
203,2023-09-22 15:00:00+00:00,0.494317610795795
203,2023-09-22 16:00:00+00:00,0.6984114712848688
203,2023-09-22 17:00:00+00:00,0.5257177448254684
203,2023-09-22 18:00:00+00:00,0.812689704928853
203,2023-09-22 19:00:00+00:00,0.45265460947377467
203,2023-09-22 20:00:00+00:00,0.3766136906650258
203,2023-09-22 21:00:00+00:00,0.09473067335901689
203,2023-09-22 22:00:00+00:00,0.239348283084724
203,2023-09-22 23:00:00+00:00,0.16522095615075158
203,2023-09-23 00:00:00+00:00,0.06421328050376314
203,2023-09-23 01:00:00+00:00,0.039627275305808236
203,2023-09-23 02:00:00+00:00,0.01062123029843189
203,2023-09-23 03:00:00+00:00,0.014356126638036855
203,2023-09-23 04:00:00+00:00,0.017364793133829746
203,2023-09-23 05:00:00+00:00,0.021543892589066346
203,2023-09-23 06:00:00+00:00,0.21005923780345293
203,2023-09-23 07:00:00+00:00,0.4627965907051541
203,2023-09-23 08:00:00+00:00,0.5663407539660391
203,2023-09-23 09:00:00+00:00,0.28925466564270724
203,2023-09-23 10:00:00+00:00,0.3095771219145848
203,2023-09-23 11:00:00+00:00,0.36105933044836214
203,2023-09-23 12:00:00+00:00,0.4238933870710108
203,2023-09-23 13:00:00+00:00,0.3873408762927297
203,2023-09-23 14:00:00+00:00,0.18261327157805002
203,2023-09-23 15:00:00+00:00,0.17094279090335232
203,2023-09-23 16:00:00+00:00,0.8766633662918183
203,2023-09-23 17:00:00+00:00,0.7635905986599318
203,2023-09-23 18:00:00+00:00,0.9795820580927097
203,2023-09-23 19:00:00+00:00,1.948358623608658
203,2023-09-23 20:00:00+00:00,0.015473016973330832
203,2023-09-23 21:00:00+00:00,0.9260460013444731
203,2023-09-23 22:00:00+00:00,0.012369107142813664
203,2023-09-23 23:00:00+00:00,0.009578204563458932
203,2023-09-24 00:00:00+00:00,0.45936536302737724
203,2023-09-24 01:00:00+00:00,0.00446764143890533
203,2023-09-24 02:00:00+00:00,0.0029700163150864056
203,2023-09-24 03:00:00+00:00,0.17859023448194492
203,2023-09-24 04:00:00+00:00,0.19163585629179433
203,2023-09-24 05:00:00+00:00,0.1802159136109315
203,2023-09-24 06:00:00+00:00,0.21624851039876763
203,2023-09-24 07:00:00+00:00,0.711844113615511
203,2023-09-24 08:00:00+00:00,0.4808390774524553
203,2023-09-24 09:00:00+00:00,0.7062224185617605
203,2023-09-24 10:00:00+00:00,0.939909316825928
203,2023-09-24 11:00:00+00:00,0.9403344518248121
203,2023-09-24 12:00:00+00:00,2.576770538098378
203,2023-09-24 13:00:00+00:00,1.0374504897064007
203,2023-09-24 14:00:00+00:00,0.6498680787023589
203,2023-09-24 15:00:00+00:00,0.622994358152958
203,2023-09-24 16:00:00+00:00,2.7792258762191433
203,2023-09-24 17:00:00+00:00,0.02860649430534885
203,2023-09-24 18:00:00+00:00,0.0192735426736063
203,2023-09-24 19:00:00+00:00,1.205048855669977
203,2023-09-24 20:00:00+00:00,1.0315242480642708
203,2023-09-24 21:00:00+00:00,0.5208977214561669
203,2023-09-24 22:00:00+00:00,0.41263477186915654
203,2023-09-24 23:00:00+00:00,0.12870497889176724
203,2023-09-25 00:00:00+00:00,0.0839208931919492
203,2023-09-25 01:00:00+00:00,0.03566881086475601
203,2023-09-25 02:00:00+00:00,0.01770396237058799
203,2023-09-25 03:00:00+00:00,0.033309045632755434
203,2023-09-25 04:00:00+00:00,0.04421859926705518
203,2023-09-25 05:00:00+00:00,0.17432827423261565
203,2023-09-25 06:00:00+00:00,0.46239888216960023
203,2023-09-25 07:00:00+00:00,0.8176605089745805
203,2023-09-25 08:00:00+00:00,1.177325099763811
203,2023-09-25 09:00:00+00:00,0.841608663258038
203,2023-09-25 10:00:00+00:00,0.6088550383172014
203,2023-09-25 11:00:00+00:00,0.6302835175237448
203,2023-09-25 12:00:00+00:00,0.1635819778785786
203,2023-09-25 13:00:00+00:00,0.159085352313523
203,2023-09-25 14:00:00+00:00,0.315963544815094
203,2023-09-25 15:00:00+00:00,0.5156952593135133
203,2023-09-25 16:00:00+00:00,0.5848954185937832
203,2023-09-25 17:00:00+00:00,0.5872935143529646
203,2023-09-25 18:00:00+00:00,0.2587311492188074
203,2023-09-25 19:00:00+00:00,0.7598747030296196
203,2023-09-25 20:00:00+00:00,0.015660492925123348
203,2023-09-25 21:00:00+00:00,0.7811990400637042
203,2023-09-25 22:00:00+00:00,0.008172337106322676
203,2023-09-25 23:00:00+00:00,0.00010838529980527727
203,2023-09-26 00:00:00+00:00,0.001975060895434447
203,2023-09-26 01:00:00+00:00,2.9520563159199834e-05
203,2023-09-26 02:00:00+00:00,1.6540219051679032e-10
203,2023-09-26 03:00:00+00:00,1.984826286231391e-10
203,2023-09-26 04:00:00+00:00,1.9609022319233856e-06
203,2023-09-26 05:00:00+00:00,1.5437538184510588e-10
203,2023-09-26 06:00:00+00:00,2.0916327800039968e-05
203,2023-09-26 07:00:00+00:00,4.1178969220664295e-05
203,2023-09-26 08:00:00+00:00,1.5335087124748388
203,2023-09-26 09:00:00+00:00,0.7172540582479444
203,2023-09-26 10:00:00+00:00,0.7405237100460182
203,2023-09-26 11:00:00+00:00,0.7774490998827456
203,2023-09-26 12:00:00+00:00,0.5559804052907926
203,2023-09-26 13:00:00+00:00,0.8440560991230989
203,2023-09-26 14:00:00+00:00,0.7159206721898028
203,2023-09-26 15:00:00+00:00,0.3047780522388349
203,2023-09-26 16:00:00+00:00,0.5917472358172614
203,2023-09-26 17:00:00+00:00,0.32851255845436117
203,2023-09-26 18:00:00+00:00,0.3279393310654203
203,2023-09-26 19:00:00+00:00,0.4314210484495435
203,2023-09-26 20:00:00+00:00,0.18547468930779
203,2023-09-26 21:00:00+00:00,0.013270134252069304
203,2023-09-26 22:00:00+00:00,0.2650861973980869
203,2023-09-26 23:00:00+00:00,0.06756799530573637
203,2023-09-27 00:00:00+00:00,0.10324637384318393
203,2023-09-27 01:00:00+00:00,4.624505170548333e-21
203,2023-09-27 02:00:00+00:00,2.4731028912534273e-55
203,2023-09-27 03:00:00+00:00,8.221342509912312e-21
203,2023-09-27 04:00:00+00:00,1.1047429002748142e-20
203,2023-09-27 05:00:00+00:00,1.3873515515401204e-20
203,2023-09-27 06:00:00+00:00,4.831019147058224e-11
203,2023-09-27 07:00:00+00:00,3.921807210512075e-05
203,2023-09-27 08:00:00+00:00,3.627672916613566e-05
203,2023-09-27 09:00:00+00:00,3.693035136933579e-05
203,2023-09-27 10:00:00+00:00,3.856439781222824e-05
203,2023-09-27 11:00:00+00:00,9.698118925596649e-05
203,2023-09-27 12:00:00+00:00,0.0005232653403882709
203,2023-09-27 13:00:00+00:00,0.020713808401657614
203,2023-09-27 14:00:00+00:00,9.502053866428368e-05
203,2023-09-27 15:00:00+00:00,0.00010285868488386521
203,2023-09-27 16:00:00+00:00,1.1609292708891499
203,2023-09-27 17:00:00+00:00,1.9380197511358208
203,2023-09-27 18:00:00+00:00,0.8555430996597203
203,2023-09-27 19:00:00+00:00,0.5904114443463649
203,2023-09-27 20:00:00+00:00,0.4410558459308671
203,2023-09-27 21:00:00+00:00,0.30722519913459684
203,2023-09-27 22:00:00+00:00,0.266196199774448
203,2023-09-27 23:00:00+00:00,0.14374825240841363
203,2023-09-28 00:00:00+00:00,0.03198436825115894
203,2023-09-28 01:00:00+00:00,0.008555360474794028
203,2023-09-28 02:00:00+00:00,0.009735917885165233
203,2023-09-28 03:00:00+00:00,0.008387557504784147
203,2023-09-28 04:00:00+00:00,0.019958471147444305
203,2023-09-28 05:00:00+00:00,0.08132949302250811
203,2023-09-28 06:00:00+00:00,0.6257704560608478
203,2023-09-28 07:00:00+00:00,1.2594483643101697
203,2023-09-28 08:00:00+00:00,0.7716282225790554
203,2023-09-28 09:00:00+00:00,0.955335343624223
203,2023-09-28 10:00:00+00:00,0.9636902705568341
203,2023-09-28 11:00:00+00:00,0.5819677950380269
203,2023-09-28 12:00:00+00:00,0.5522409412052379
203,2023-09-28 13:00:00+00:00,0.7939690092219726
203,2023-09-28 14:00:00+00:00,0.5796910579438542
203,2023-09-28 15:00:00+00:00,0.622704792693548
203,2023-09-28 16:00:00+00:00,1.9540778853654488
203,2023-09-28 17:00:00+00:00,1.1449521827520404
203,2023-09-28 18:00:00+00:00,1.1029592638773096
203,2023-09-28 19:00:00+00:00,0.0004865950871365015
203,2023-09-28 20:00:00+00:00,1.7670467453202871e-09
203,2023-09-28 21:00:00+00:00,0.5232891690705261
203,2023-09-28 22:00:00+00:00,0.4181338400508391
203,2023-09-28 23:00:00+00:00,0.2905521112462118
203,2023-09-29 00:00:00+00:00,0.02710469500012493
203,2023-09-29 01:00:00+00:00,0.033157486304493715
203,2023-09-29 02:00:00+00:00,2.5451036797148e-30
203,2023-09-29 03:00:00+00:00,0.02624586241294329
203,2023-09-29 04:00:00+00:00,0.02462709157195052
203,2023-09-29 05:00:00+00:00,0.14098998793315465
203,2023-09-29 06:00:00+00:00,0.3347555505965989
203,2023-09-29 07:00:00+00:00,0.7574418299147331
203,2023-09-29 08:00:00+00:00,0.7455656867770089
203,2023-09-29 09:00:00+00:00,0.6792196235874471
203,2023-09-29 10:00:00+00:00,0.5340810180808905
203,2023-09-29 11:00:00+00:00,0.4869752780324287
203,2023-09-29 12:00:00+00:00,0.5127254852634214
203,2023-09-29 13:00:00+00:00,0.5193480942500548
203,2023-09-29 14:00:00+00:00,0.3212245609014647
203,2023-09-29 15:00:00+00:00,0.3439975291917216
203,2023-09-29 16:00:00+00:00,0.3631147608578115
203,2023-09-29 17:00:00+00:00,0.4111473091709529
203,2023-09-29 18:00:00+00:00,0.3493763799450415
203,2023-09-29 19:00:00+00:00,0.2716703989129277
203,2023-09-29 20:00:00+00:00,0.3879133916506947
203,2023-09-29 21:00:00+00:00,0.31083319960402844
203,2023-09-29 22:00:00+00:00,0.12360279523292424
203,2023-09-29 23:00:00+00:00,0.08167069759109025
203,2023-09-30 00:00:00+00:00,0.1260626121765033
203,2023-09-30 01:00:00+00:00,0.13563903739352234
203,2023-09-30 02:00:00+00:00,3.087507562072112e-10
203,2023-09-30 03:00:00+00:00,4.8665035241659094e-05
203,2023-09-30 04:00:00+00:00,0.0016229785402524677
203,2023-09-30 05:00:00+00:00,0.00397862944354551
203,2023-09-30 06:00:00+00:00,0.005901562753436463
203,2023-09-30 07:00:00+00:00,5.314121061757303e-11
203,2023-09-30 08:00:00+00:00,1.7422364192734514e-09
203,2023-09-30 09:00:00+00:00,3.5949869283828436e-05
203,2023-09-30 10:00:00+00:00,0.00010971663675200796
203,2023-09-30 11:00:00+00:00,0.0006581195380671521
203,2023-09-30 12:00:00+00:00,1.7381482303842266
203,2023-09-30 13:00:00+00:00,1.5710432094656779
203,2023-09-30 14:00:00+00:00,2.3317472617621675
203,2023-09-30 15:00:00+00:00,1.044666538661335
203,2023-09-30 16:00:00+00:00,1.03558824989338
203,2023-09-30 17:00:00+00:00,1.0270593521262232
203,2023-09-30 18:00:00+00:00,2.244876429602702
203,2023-09-30 19:00:00+00:00,0.6999917243298617
203,2023-09-30 20:00:00+00:00,0.5648827066459158
203,2023-09-30 21:00:00+00:00,0.28704137873478064
203,2023-09-30 22:00:00+00:00,0.2875482650137043
203,2023-09-30 23:00:00+00:00,0.2031249725706558
203,2023-10-01 00:00:00+00:00,0.15931635641894548
203,2023-10-01 01:00:00+00:00,0.11285959929753271
203,2023-10-01 02:00:00+00:00,0.06533337743402334
203,2023-10-01 03:00:00+00:00,0.04200293773965923
203,2023-10-01 04:00:00+00:00,0.06690157403226418
203,2023-10-01 05:00:00+00:00,0.06470375165897248
203,2023-10-01 06:00:00+00:00,0.5173109370803772
203,2023-10-01 07:00:00+00:00,0.7685923100795969
203,2023-10-01 08:00:00+00:00,0.47419078542443643
203,2023-10-01 09:00:00+00:00,1.1070199787057888
203,2023-10-01 10:00:00+00:00,0.7454637620345913
203,2023-10-01 11:00:00+00:00,1.0148143566796162
203,2023-10-01 12:00:00+00:00,0.9252219218565284
203,2023-10-01 13:00:00+00:00,0.8223744946288128
203,2023-10-01 14:00:00+00:00,0.2383872465720462
203,2023-10-01 15:00:00+00:00,0.2412382157069446
203,2023-10-01 16:00:00+00:00,0.40696267016816967
203,2023-10-01 17:00:00+00:00,0.40921947625564203
203,2023-10-01 18:00:00+00:00,0.3661196833866182
203,2023-10-01 19:00:00+00:00,0.4333628754169575
203,2023-10-01 20:00:00+00:00,0.19304959354157647
203,2023-10-01 21:00:00+00:00,0.0863072738560476
203,2023-10-01 22:00:00+00:00,0.06467339151904293
203,2023-10-01 23:00:00+00:00,0.03715389820187002
203,2023-10-02 00:00:00+00:00,0.04520816427534258
203,2023-10-02 01:00:00+00:00,0.023321765415338206
203,2023-10-02 02:00:00+00:00,0.009161825814950416
203,2023-10-02 03:00:00+00:00,0.00782634748833517
203,2023-10-02 04:00:00+00:00,0.010284245847848367
203,2023-10-02 05:00:00+00:00,0.1435383379802242
203,2023-10-02 06:00:00+00:00,0.5076851063190562
203,2023-10-02 07:00:00+00:00,1.168161743057582
203,2023-10-02 08:00:00+00:00,0.7565936227662783
203,2023-10-02 09:00:00+00:00,0.8463003215426493
203,2023-10-02 10:00:00+00:00,1.029527586898248
203,2023-10-02 11:00:00+00:00,0.14866809333044764
203,2023-10-02 12:00:00+00:00,0.13653254671451484
203,2023-10-02 13:00:00+00:00,2.257106961659316e-07
203,2023-10-02 14:00:00+00:00,4.61300193125098e-88
203,2023-10-02 15:00:00+00:00,2.0519251495628428e-07
203,2023-10-02 16:00:00+00:00,1.1771133529902866e-15
203,2023-10-02 17:00:00+00:00,7.649113649502228e-11
203,2023-10-02 18:00:00+00:00,7.32213318592546e-20
203,2023-10-02 19:00:00+00:00,1.281414514944732e-15
203,2023-10-02 20:00:00+00:00,1.735297963446677e-29
203,2023-10-02 21:00:00+00:00,0.33429304713882074
203,2023-10-02 22:00:00+00:00,0.18252889577965725
203,2023-10-02 23:00:00+00:00,0.10341967896367955
203,2023-10-03 00:00:00+00:00,0.13694068874169332
203,2023-10-03 01:00:00+00:00,0.02326797203069833
203,2023-10-03 02:00:00+00:00,0.023342631946468316
203,2023-10-03 03:00:00+00:00,0.02946185058698257
203,2023-10-03 04:00:00+00:00,0.01983108728323523
203,2023-10-03 05:00:00+00:00,0.06409208375288744
203,2023-10-03 06:00:00+00:00,0.47789633161656186
203,2023-10-03 07:00:00+00:00,0.19603179257092382
203,2023-10-03 08:00:00+00:00,0.343908339270217
203,2023-10-03 09:00:00+00:00,0.4249891310763783
203,2023-10-03 10:00:00+00:00,0.33559401242761044
203,2023-10-03 11:00:00+00:00,0.4961680231859971
203,2023-10-03 12:00:00+00:00,0.5250589710338743
203,2023-10-03 13:00:00+00:00,0.2920243465411081
203,2023-10-03 14:00:00+00:00,0.3241951540558152
203,2023-10-03 15:00:00+00:00,0.3130028392636671
203,2023-10-03 16:00:00+00:00,0.5897599967388629
203,2023-10-03 17:00:00+00:00,0.36408262367422134
203,2023-10-03 18:00:00+00:00,0.37475910628802483
203,2023-10-03 19:00:00+00:00,0.11305082305366503
203,2023-10-03 20:00:00+00:00,0.2592179125633802
203,2023-10-03 21:00:00+00:00,0.29496040917449534
203,2023-10-03 22:00:00+00:00,0.2586473081134308
203,2023-10-03 23:00:00+00:00,0.05297198635121567
203,2023-10-04 00:00:00+00:00,0.04102380929603088
203,2023-10-04 01:00:00+00:00,0.02014232864486898
203,2023-10-04 02:00:00+00:00,0.015848641514101057
203,2023-10-04 03:00:00+00:00,0.025234895635132235
203,2023-10-04 04:00:00+00:00,0.01565503180929743
203,2023-10-04 05:00:00+00:00,0.15583255122470832
203,2023-10-04 06:00:00+00:00,0.6624715914197123
203,2023-10-04 07:00:00+00:00,1.0538310096393961
203,2023-10-04 08:00:00+00:00,0.9291240519392855
203,2023-10-04 09:00:00+00:00,0.7359165698708572
203,2023-10-04 10:00:00+00:00,0.6621392354206901
203,2023-10-04 11:00:00+00:00,0.273974844660277
203,2023-10-04 12:00:00+00:00,0.14513732203203392
203,2023-10-04 13:00:00+00:00,0.13437603496098993
203,2023-10-04 14:00:00+00:00,0.29962152308452716
203,2023-10-04 15:00:00+00:00,0.3126268747843733
203,2023-10-04 16:00:00+00:00,0.16121358135331845
203,2023-10-04 17:00:00+00:00,0.15600116112662374
203,2023-10-04 18:00:00+00:00,0.17066532234080584
203,2023-10-04 19:00:00+00:00,0.24866288246085866
203,2023-10-04 20:00:00+00:00,0.10749984240736389
203,2023-10-04 21:00:00+00:00,0.17238716378520313
203,2023-10-04 22:00:00+00:00,0.2582248432845704
203,2023-10-04 23:00:00+00:00,0.12848405641326777
203,2023-10-05 00:00:00+00:00,0.02328057701010647
203,2023-10-05 01:00:00+00:00,0.03306135209051481
203,2023-10-05 02:00:00+00:00,0.04546946547325954
203,2023-10-05 03:00:00+00:00,0.021335705724835587
203,2023-10-05 04:00:00+00:00,0.03512537857722961
203,2023-10-05 05:00:00+00:00,0.05352225699477945
203,2023-10-05 06:00:00+00:00,0.5464439936593833
203,2023-10-05 07:00:00+00:00,1.2102469499923656
203,2023-10-05 08:00:00+00:00,1.2453436294503377
203,2023-10-05 09:00:00+00:00,0.8605705077451677
203,2023-10-05 10:00:00+00:00,0.29982207131893995
203,2023-10-05 11:00:00+00:00,0.34596513833438425
203,2023-10-05 12:00:00+00:00,0.7288545219384853
203,2023-10-05 13:00:00+00:00,0.71227090363638
203,2023-10-05 14:00:00+00:00,0.7350016285476244
203,2023-10-05 15:00:00+00:00,0.8706410428852555
203,2023-10-05 16:00:00+00:00,0.7586574950504175
203,2023-10-05 17:00:00+00:00,0.7705838772127036
203,2023-10-05 18:00:00+00:00,0.8851988887989761
203,2023-10-05 19:00:00+00:00,0.751605390702547
203,2023-10-05 20:00:00+00:00,0.6392448982140845
203,2023-10-05 21:00:00+00:00,0.494392602929146
203,2023-10-05 22:00:00+00:00,0.34175412817775247
203,2023-10-05 23:00:00+00:00,0.1918624306347979
203,2023-10-06 00:00:00+00:00,0.09540277918097503
203,2023-10-06 01:00:00+00:00,0.03553317048112451
203,2023-10-06 02:00:00+00:00,0.030754302245552124
203,2023-10-06 03:00:00+00:00,0.0534809605936093
203,2023-10-06 04:00:00+00:00,0.04130411880247479
203,2023-10-06 05:00:00+00:00,0.1284097884351811
203,2023-10-06 06:00:00+00:00,1.6652730958863755
203,2023-10-06 07:00:00+00:00,1.174674000005648
203,2023-10-06 08:00:00+00:00,0.7610864680031969
203,2023-10-06 09:00:00+00:00,0.6216414758447547
203,2023-10-06 10:00:00+00:00,0.2264754512579512
203,2023-10-06 11:00:00+00:00,0.16378809073883208
203,2023-10-06 12:00:00+00:00,0.16523340279351093
203,2023-10-06 13:00:00+00:00,0.31088062336544653
203,2023-10-06 14:00:00+00:00,0.18120711009124957
203,2023-10-06 15:00:00+00:00,0.37344632416716306
203,2023-10-06 16:00:00+00:00,0.36236901901255725
203,2023-10-06 17:00:00+00:00,0.3531529749144205
203,2023-10-06 18:00:00+00:00,0.1817620472163426
203,2023-10-06 19:00:00+00:00,0.15963401654726003
203,2023-10-06 20:00:00+00:00,0.09581300696216848
203,2023-10-06 21:00:00+00:00,0.08739732061900399
203,2023-10-06 22:00:00+00:00,0.07074629668539677
203,2023-10-06 23:00:00+00:00,0.0839862768191438
203,2023-10-07 00:00:00+00:00,0.10917474019592743
203,2023-10-07 01:00:00+00:00,0.04601902526803108
203,2023-10-07 02:00:00+00:00,0.06400901634023322
203,2023-10-07 03:00:00+00:00,0.05765881224779315
203,2023-10-07 04:00:00+00:00,0.043492299950932053
203,2023-10-07 05:00:00+00:00,0.08261901841058268
203,2023-10-07 06:00:00+00:00,0.047146685447522804
203,2023-10-07 07:00:00+00:00,0.07747488026248245
203,2023-10-07 08:00:00+00:00,0.13771209873843096
203,2023-10-07 09:00:00+00:00,0.18666529815265706
203,2023-10-07 10:00:00+00:00,0.3618594835557209
203,2023-10-07 11:00:00+00:00,0.6788766166129008
203,2023-10-07 12:00:00+00:00,0.37481042399346265
203,2023-10-07 13:00:00+00:00,0.19171618830069787
203,2023-10-07 14:00:00+00:00,0.2138125182419467
203,2023-10-07 15:00:00+00:00,0.19372287850735262
203,2023-10-07 16:00:00+00:00,0.17740746051376519
203,2023-10-07 17:00:00+00:00,0.17852988054666313
203,2023-10-07 18:00:00+00:00,0.16215598890454852
203,2023-10-07 19:00:00+00:00,0.26112488090594127
203,2023-10-07 20:00:00+00:00,0.10523864757107024
203,2023-10-07 21:00:00+00:00,0.08359733477046566
203,2023-10-07 22:00:00+00:00,0.30778621882269797
203,2023-10-07 23:00:00+00:00,0.22842001556251645
203,2023-10-08 00:00:00+00:00,0.03817953469599719
203,2023-10-08 01:00:00+00:00,0.0312894210402576
203,2023-10-08 02:00:00+00:00,0.013670983168220387
203,2023-10-08 03:00:00+00:00,0.009335901676316257
203,2023-10-08 04:00:00+00:00,0.019359958574183055
203,2023-10-08 05:00:00+00:00,0.12704036699082236
203,2023-10-08 06:00:00+00:00,1.7727269816366048e-20
203,2023-10-08 07:00:00+00:00,0.09869770972409117
203,2023-10-08 08:00:00+00:00,6.551382317248643e-20
203,2023-10-08 09:00:00+00:00,0.6009941312599686
203,2023-10-08 10:00:00+00:00,0.00012832616433183856
203,2023-10-08 11:00:00+00:00,2.788010815647007
203,2023-10-08 12:00:00+00:00,0.8916206164940473
203,2023-10-08 13:00:00+00:00,0.5290465574868867
203,2023-10-08 14:00:00+00:00,0.6355434710678747
203,2023-10-08 15:00:00+00:00,0.6335096449060946
203,2023-10-08 16:00:00+00:00,0.3893165400538174
203,2023-10-08 17:00:00+00:00,0.1943873130894553
203,2023-10-08 18:00:00+00:00,0.5606023995973629
203,2023-10-08 19:00:00+00:00,0.4741556024106003
203,2023-10-08 20:00:00+00:00,0.41565500409804834
203,2023-10-08 21:00:00+00:00,0.288205003033477
203,2023-10-08 22:00:00+00:00,0.26163077715606287
203,2023-10-08 23:00:00+00:00,0.027455083048343692
203,2023-10-09 00:00:00+00:00,0.023293441339151212
203,2023-10-09 01:00:00+00:00,0.009297255515018728
203,2023-10-09 02:00:00+00:00,0.005858639714031853
203,2023-10-09 03:00:00+00:00,0.01861848339553029
203,2023-10-09 04:00:00+00:00,0.02817400567190856
203,2023-10-09 05:00:00+00:00,0.060229803549073396
203,2023-10-09 06:00:00+00:00,0.25239612057385774
203,2023-10-09 07:00:00+00:00,0.4422933258347702
203,2023-10-09 08:00:00+00:00,0.8028891659990737
203,2023-10-09 09:00:00+00:00,0.31230218376864705
203,2023-10-09 10:00:00+00:00,0.32582639583719974
203,2023-10-09 11:00:00+00:00,0.1576144442868394
203,2023-10-09 12:00:00+00:00,0.2177083390125826
203,2023-10-09 13:00:00+00:00,0.37669266260658363
203,2023-10-09 14:00:00+00:00,0.40919293560758374
203,2023-10-09 15:00:00+00:00,0.5561410092415281
203,2023-10-09 16:00:00+00:00,0.46818317662575654
203,2023-10-09 17:00:00+00:00,0.4626135927313776
203,2023-10-09 18:00:00+00:00,0.5337215376650739
203,2023-10-09 19:00:00+00:00,0.44786444332902603
203,2023-10-09 20:00:00+00:00,0.18678066690235268
203,2023-10-09 21:00:00+00:00,0.1676357234836092
203,2023-10-09 22:00:00+00:00,0.006461628778481513
203,2023-10-09 23:00:00+00:00,8.413006585460379e-05
203,2023-10-10 00:00:00+00:00,0.13222364103477954
203,2023-10-10 01:00:00+00:00,0.04415205991571766
203,2023-10-10 02:00:00+00:00,0.00856579988898248
203,2023-10-10 03:00:00+00:00,0.02010192972791041
203,2023-10-10 04:00:00+00:00,0.02506391147850291
203,2023-10-10 05:00:00+00:00,0.08093966857744218
203,2023-10-10 06:00:00+00:00,0.10430598562792803
203,2023-10-10 07:00:00+00:00,0.3446120188068009
203,2023-10-10 08:00:00+00:00,0.20769633662531944
203,2023-10-10 09:00:00+00:00,0.19662588026389524
203,2023-10-10 10:00:00+00:00,0.15857567051213736
203,2023-10-10 11:00:00+00:00,0.1459437114088513
203,2023-10-10 12:00:00+00:00,0.1618532606410512
203,2023-10-10 13:00:00+00:00,0.15817531803223447
203,2023-10-10 14:00:00+00:00,0.1550211162272579
203,2023-10-10 15:00:00+00:00,0.3211254002170325
203,2023-10-10 16:00:00+00:00,0.5930107914106553
203,2023-10-10 17:00:00+00:00,0.6567342821222928
203,2023-10-10 18:00:00+00:00,0.5725232179205482
203,2023-10-10 19:00:00+00:00,0.2393464284713466
203,2023-10-10 20:00:00+00:00,0.11630299917666545
203,2023-10-10 21:00:00+00:00,0.10045514410643419
203,2023-10-10 22:00:00+00:00,0.11989876831303296
203,2023-10-10 23:00:00+00:00,0.15191234672640613
203,2023-10-11 00:00:00+00:00,0.04690395047651331
203,2023-10-11 01:00:00+00:00,0.03697179840957498
203,2023-10-11 02:00:00+00:00,0.026539923246280694
203,2023-10-11 03:00:00+00:00,0.04479825486495755
203,2023-10-11 04:00:00+00:00,0.046350048715469584
203,2023-10-11 05:00:00+00:00,0.15043223444069628
203,2023-10-11 06:00:00+00:00,0.634252831574821
203,2023-10-11 07:00:00+00:00,0.7970207322615444
203,2023-10-11 08:00:00+00:00,0.7845407488931376
203,2023-10-11 09:00:00+00:00,0.7912507297961316
203,2023-10-11 10:00:00+00:00,0.6548737986140993
203,2023-10-11 11:00:00+00:00,0.5684316379679282
203,2023-10-11 12:00:00+00:00,0.3160525921334556
203,2023-10-11 13:00:00+00:00,0.2556256645556364
203,2023-10-11 14:00:00+00:00,0.6188543770888195
203,2023-10-11 15:00:00+00:00,0.6179855950895909
203,2023-10-11 16:00:00+00:00,0.3269604763884146
203,2023-10-11 17:00:00+00:00,0.1599491224579423
203,2023-10-11 18:00:00+00:00,0.7400750840399986
203,2023-10-11 19:00:00+00:00,0.5804082881251027
203,2023-10-11 20:00:00+00:00,1.4904961068799372
203,2023-10-11 21:00:00+00:00,0.5516178463035969
203,2023-10-11 22:00:00+00:00,0.5204034560733225
203,2023-10-11 23:00:00+00:00,8.483678932403779e-30
203,2023-10-12 00:00:00+00:00,0.0005460338662386401
203,2023-10-12 01:00:00+00:00,0.0002732548793637
203,2023-10-12 02:00:00+00:00,0.0002597555189888411
203,2023-10-12 03:00:00+00:00,1.2995317092814193e-08
203,2023-10-12 04:00:00+00:00,0.0002334910323646385
203,2023-10-12 05:00:00+00:00,0.00035554954826075524
203,2023-10-12 06:00:00+00:00,0.09848153936365416
203,2023-10-12 07:00:00+00:00,0.00410826625712532
203,2023-10-12 08:00:00+00:00,2.0519376919766839e-07
203,2023-10-12 09:00:00+00:00,1.7433197669066263e-15
203,2023-10-12 10:00:00+00:00,2.865838077891057e-07
203,2023-10-12 11:00:00+00:00,1.4502831006201575e-15
203,2023-10-12 12:00:00+00:00,3.753742304463699e-51
203,2023-10-12 13:00:00+00:00,0.004098292910253739
203,2023-10-12 14:00:00+00:00,1.9221217588285323e-15
203,2023-10-12 15:00:00+00:00,8.63240965020285e-20
203,2023-10-12 16:00:00+00:00,7.445330171876148e-05
203,2023-10-12 17:00:00+00:00,6.465798239574916e-05
203,2023-10-12 18:00:00+00:00,7.837084964449577e-05
203,2023-10-12 19:00:00+00:00,0.00018318569233970595
203,2023-10-12 20:00:00+00:00,1.382693695354534
203,2023-10-12 21:00:00+00:00,0.01691414901301715
203,2023-10-12 22:00:00+00:00,1.3363698173448233
203,2023-10-12 23:00:00+00:00,0.9700181868477616
203,2023-10-13 00:00:00+00:00,1.4053125589677454e-05
203,2023-10-13 01:00:00+00:00,0.4875311743991492
203,2023-10-13 02:00:00+00:00,0.15958133674459918
203,2023-10-13 03:00:00+00:00,1.0122186804455035e-05
203,2023-10-13 04:00:00+00:00,0.06548069139220423
203,2023-10-13 05:00:00+00:00,0.05340939873902767
203,2023-10-13 06:00:00+00:00,0.5766259255295312
203,2023-10-13 07:00:00+00:00,0.26795133674461485
203,2023-10-13 08:00:00+00:00,0.15704662510798056
203,2023-10-13 09:00:00+00:00,0.15704662510798056
203,2023-10-13 10:00:00+00:00,0.1973042057129255
203,2023-10-13 11:00:00+00:00,0.31721014838010814
203,2023-10-13 12:00:00+00:00,0.31721014838010814
203,2023-10-13 13:00:00+00:00,0.31721014838010814
203,2023-10-13 14:00:00+00:00,0.1973042057129255
203,2023-10-13 15:00:00+00:00,0.3508308566360193
203,2023-10-13 16:00:00+00:00,0.7401028696334538
203,2023-10-13 17:00:00+00:00,0.20189546806403255
203,2023-10-13 18:00:00+00:00,0.5370054468822355
203,2023-10-13 19:00:00+00:00,0.815446412062206
203,2023-10-13 20:00:00+00:00,0.32321941464961346
203,2023-10-13 21:00:00+00:00,0.3035826219093001
203,2023-10-13 22:00:00+00:00,0.2590466775363473
203,2023-10-13 23:00:00+00:00,0.19629735529519735
203,2023-10-14 00:00:00+00:00,0.13143577644032126
203,2023-10-14 01:00:00+00:00,0.14319162362988822
203,2023-10-14 02:00:00+00:00,0.16546530108370894
203,2023-10-14 03:00:00+00:00,0.035380821469441055
203,2023-10-14 04:00:00+00:00,0.035380821469441055
203,2023-10-14 05:00:00+00:00,0.035380821469441055
203,2023-10-14 06:00:00+00:00,0.5288272154695591
203,2023-10-14 07:00:00+00:00,0.5288272154695591
203,2023-10-14 08:00:00+00:00,0.5288272154695591
203,2023-10-14 09:00:00+00:00,0.5288272154695591
203,2023-10-14 10:00:00+00:00,0.7180643378325384
203,2023-10-14 11:00:00+00:00,0.7180643378325384
203,2023-10-14 12:00:00+00:00,0.7180643378325384
203,2023-10-14 13:00:00+00:00,1.1569208462281617
203,2023-10-14 14:00:00+00:00,0.5156852352898648
203,2023-10-14 15:00:00+00:00,0.5156852352898648
203,2023-10-14 16:00:00+00:00,0.7401028696334538
203,2023-10-14 17:00:00+00:00,0.8829717707891375
203,2023-10-14 18:00:00+00:00,0.7401028696334538
203,2023-10-14 19:00:00+00:00,0.45849237286344807
203,2023-10-14 20:00:00+00:00,0.08248118762892365
203,2023-10-14 21:00:00+00:00,0.1590175249704002
203,2023-10-14 22:00:00+00:00,0.2010691710632598
203,2023-10-14 23:00:00+00:00,0.15910134468570933
203,2023-10-15 00:00:00+00:00,0.10984957303590737
203,2023-10-15 01:00:00+00:00,0.12047201083749894
203,2023-10-15 02:00:00+00:00,0.21976644490039232
203,2023-10-15 03:00:00+00:00,0.04439389825306246
203,2023-10-15 04:00:00+00:00,0.04439389825306246
203,2023-10-15 05:00:00+00:00,0.032794828139235795
203,2023-10-15 06:00:00+00:00,0.15704662510798056
203,2023-10-15 07:00:00+00:00,0.42457445020356427
203,2023-10-15 08:00:00+00:00,0.8435007629120337
203,2023-10-15 09:00:00+00:00,0.42457445020356427
203,2023-10-15 10:00:00+00:00,0.6195673908288577
203,2023-10-15 11:00:00+00:00,2.5032283146758726e-15
203,2023-10-15 12:00:00+00:00,3.4471936807376055e-07
203,2023-10-15 13:00:00+00:00,3.4471936807376055e-07
203,2023-10-15 14:00:00+00:00,3.4471936807376055e-07
203,2023-10-15 15:00:00+00:00,2.5032283146758726e-15
203,2023-10-15 16:00:00+00:00,7.429594456582106e-88
203,2023-10-15 17:00:00+00:00,6.688849319124145e-51
203,2023-10-15 18:00:00+00:00,7.429594456582106e-88
203,2023-10-15 19:00:00+00:00,3.947665114243627e-88
203,2023-10-15 20:00:00+00:00,6.320157062823912e-20
203,2023-10-15 21:00:00+00:00,2.0810035646040865e-155
203,2023-10-15 22:00:00+00:00,1.3571762377852739e-155
203,2023-10-15 23:00:00+00:00,4.8791366580539206e-89
203,2023-10-16 00:00:00+00:00,3.594008589380138e-52
203,2023-10-16 01:00:00+00:00,5.556146050798244e-89
203,2023-10-16 02:00:00+00:00,7.262083377622957e-156
203,2023-10-16 03:00:00+00:00,4.674718152371499e-156
203,2023-10-16 04:00:00+00:00,4.126454306325343e-52
203,2023-10-16 05:00:00+00:00,4.126454306325343e-52
203,2023-10-16 06:00:00+00:00,4.113143163401713e-51
203,2023-10-16 07:00:00+00:00,4.659638416396107e-155
203,2023-10-16 08:00:00+00:00,4.659638416396107e-155
203,2023-10-16 09:00:00+00:00,4.659638416396107e-155
203,2023-10-16 10:00:00+00:00,7.600186931597534e-155
203,2023-10-16 11:00:00+00:00,5.921487817122028e-54
203,2023-10-16 12:00:00+00:00,7.600186931597534e-155
203,2023-10-16 13:00:00+00:00,7.451772350482352e-88
203,2023-10-16 14:00:00+00:00,7.451772350482352e-88
203,2023-10-16 15:00:00+00:00,7.451772350482352e-88
203,2023-10-16 16:00:00+00:00,7.429594456582106e-88
203,2023-10-16 17:00:00+00:00,7.429594456582106e-88
203,2023-10-16 18:00:00+00:00,6.688849319124145e-51
203,2023-10-16 19:00:00+00:00,3.371039872837254e-88
203,2023-10-16 20:00:00+00:00,1.9516546632215682e-88
203,2023-10-16 21:00:00+00:00,2.5340654421671347e-88
203,2023-10-16 22:00:00+00:00,2.3624278285043686e-88
203,2023-10-16 23:00:00+00:00,6.653368170073528e-89
203,2023-10-17 00:00:00+00:00,6.209810292068626e-89
203,2023-10-17 01:00:00+00:00,7.960696652614292e-89
203,2023-10-17 02:00:00+00:00,9.711583013159957e-89
203,2023-10-17 03:00:00+00:00,4.674718152371499e-156
203,2023-10-17 04:00:00+00:00,4.583431406050653e-89
203,2023-10-17 05:00:00+00:00,4.583431406050653e-89
203,2023-10-17 06:00:00+00:00,4.5686461434504896e-88
203,2023-10-17 07:00:00+00:00,4.5686461434504896e-88
203,2023-10-17 08:00:00+00:00,4.5686461434504896e-88
203,2023-10-17 09:00:00+00:00,4.659638416396107e-155
203,2023-10-17 10:00:00+00:00,5.921487817122028e-54
203,2023-10-17 11:00:00+00:00,5.921487817122028e-54
203,2023-10-17 12:00:00+00:00,1.2948614464084225e-19
203,2023-10-17 13:00:00+00:00,5.921487817122028e-54
203,2023-10-17 14:00:00+00:00,5.921487817122028e-54
203,2023-10-17 15:00:00+00:00,5.921487817122028e-54
203,2023-10-17 16:00:00+00:00,5.905339066260899e-54
203,2023-10-17 17:00:00+00:00,5.905339066260899e-54
203,2023-10-17 18:00:00+00:00,7.577567327634446e-155
203,2023-10-17 19:00:00+00:00,4.162007129208173e-155
203,2023-10-17 20:00:00+00:00,1.799896759619445e-54
203,2023-10-17 21:00:00+00:00,2.4248635362998678e-54
203,2023-10-17 22:00:00+00:00,1.905049285642114e-54
203,2023-10-17 23:00:00+00:00,1.6892105146954665e-54
203,2023-10-18 00:00:00+00:00,5.629325076412286e-55
203,2023-10-18 01:00:00+00:00,9.166892132409307e-156
203,2023-10-18 02:00:00+00:00,1.0878840586857066e-88
203,2023-10-18 03:00:00+00:00,4.583431406050653e-89
203,2023-10-18 04:00:00+00:00,4.583431406050653e-89
203,2023-10-18 05:00:00+00:00,4.674718152371499e-156
203,2023-10-18 06:00:00+00:00,4.659638416396107e-155
203,2023-10-18 07:00:00+00:00,4.659638416396107e-155
203,2023-10-18 08:00:00+00:00,4.659638416396107e-155
203,2023-10-18 09:00:00+00:00,4.659638416396107e-155
203,2023-10-18 10:00:00+00:00,7.600186931597534e-155
203,2023-10-18 11:00:00+00:00,7.600186931597534e-155
203,2023-10-18 12:00:00+00:00,7.600186931597534e-155
203,2023-10-18 13:00:00+00:00,7.451772350482352e-88
203,2023-10-18 14:00:00+00:00,7.451772350482352e-88
203,2023-10-18 15:00:00+00:00,7.451772350482352e-88
203,2023-10-18 16:00:00+00:00,7.429594456582106e-88
203,2023-10-18 17:00:00+00:00,6.688849319124145e-51
203,2023-10-18 18:00:00+00:00,7.10508110587254e-29
203,2023-10-18 19:00:00+00:00,0.1284350229051012
203,2023-10-18 20:00:00+00:00,0.6517777289241347
203,2023-10-18 21:00:00+00:00,0.2872448518455181
203,2023-10-18 22:00:00+00:00,0.0799737725385588
203,2023-10-18 23:00:00+00:00,0.18364219577066276
203,2023-10-19 00:00:00+00:00,0.05616176272028529
203,2023-10-19 01:00:00+00:00,0.0872957117103785
203,2023-10-19 02:00:00+00:00,0.17454587585994824
203,2023-10-19 03:00:00+00:00,3.377105640398856e-06
203,2023-10-19 04:00:00+00:00,3.377105640398856e-06
203,2023-10-19 05:00:00+00:00,1.0122186804455035e-05
203,2023-10-19 06:00:00+00:00,1.956203207930915
203,2023-10-19 07:00:00+00:00,1.2222077196387202
203,2023-10-19 08:00:00+00:00,1.2222077196387202
203,2023-10-19 09:00:00+00:00,1.2222077196387202
203,2023-10-19 10:00:00+00:00,0.0008231101315642169
203,2023-10-19 11:00:00+00:00,0.0008231101315642169
203,2023-10-19 12:00:00+00:00,0.00016456650224627015
203,2023-10-19 13:00:00+00:00,0.00016456650224627015
203,2023-10-19 14:00:00+00:00,0.025686040294756875
203,2023-10-19 15:00:00+00:00,2.3851359389264593
203,2023-10-19 16:00:00+00:00,1.3745005963840982
203,2023-10-19 17:00:00+00:00,0.0008213074383198411
203,2023-10-19 18:00:00+00:00,1.348659511885038e-10
203,2023-10-19 19:00:00+00:00,1.368788758330883e-10
203,2023-10-19 20:00:00+00:00,8.615317478907684e-11
203,2023-10-19 21:00:00+00:00,8.102937309843726e-20
203,2023-10-19 22:00:00+00:00,4.6262007409724114e-155
203,2023-10-19 23:00:00+00:00,2.5786348517920206e-155
203,2023-10-20 00:00:00+00:00,8.785354329595892e-52
203,2023-10-20 01:00:00+00:00,1.4007090884365323e-88
203,2023-10-20 02:00:00+00:00,1.64357585783349e-51
203,2023-10-20 03:00:00+00:00,4.126454306325343e-52
203,2023-10-20 04:00:00+00:00,4.383234115065663e-30
203,2023-10-20 05:00:00+00:00,0.05805432232820845
203,2023-10-20 06:00:00+00:00,0.7293862968278818
203,2023-10-20 07:00:00+00:00,0.7293862968278818
203,2023-10-20 08:00:00+00:00,0.5270996348978255
203,2023-10-20 09:00:00+00:00,0.5270996348978255
203,2023-10-20 10:00:00+00:00,0.31721014838010814
203,2023-10-20 11:00:00+00:00,0.1973042057129255
203,2023-10-20 12:00:00+00:00,0.31721014838010814
203,2023-10-20 13:00:00+00:00,0.31721014838010814
203,2023-10-20 14:00:00+00:00,0.1973042057129255
203,2023-10-20 15:00:00+00:00,0.1973042057129255
203,2023-10-20 16:00:00+00:00,0.20236848232131305
203,2023-10-20 17:00:00+00:00,0.20236848232131305
203,2023-10-20 18:00:00+00:00,0.7189762480293567
203,2023-10-20 19:00:00+00:00,0.7444781784174765
203,2023-10-20 20:00:00+00:00,0.37090618832026945
203,2023-10-20 21:00:00+00:00,0.4224620429445133
203,2023-10-20 22:00:00+00:00,0.37709857835090155
203,2023-10-20 23:00:00+00:00,0.5976763423291559
203,2023-10-21 00:00:00+00:00,0.0049232116365904915
203,2023-10-21 01:00:00+00:00,0.549903027768313
203,2023-10-21 02:00:00+00:00,0.0064216869290083635
203,2023-10-21 03:00:00+00:00,1.0122186804455035e-05
203,2023-10-21 04:00:00+00:00,2.2788746288198034e-10
203,2023-10-21 05:00:00+00:00,8.320088531032086e-12
203,2023-10-21 06:00:00+00:00,0.44458959078952026
203,2023-10-21 07:00:00+00:00,0.0040191935194955
203,2023-10-21 08:00:00+00:00,0.1399214137983592
203,2023-10-21 09:00:00+00:00,0.1399214137983592
203,2023-10-21 10:00:00+00:00,0.5187251241878009
203,2023-10-21 11:00:00+00:00,0.6195673908288577
203,2023-10-21 12:00:00+00:00,0.6195673908288577
203,2023-10-21 13:00:00+00:00,1.2334020259610683
203,2023-10-21 14:00:00+00:00,1.2334020259610683
203,2023-10-21 15:00:00+00:00,0.9977985956108939
203,2023-10-21 16:00:00+00:00,0.7401028696334538
203,2023-10-21 17:00:00+00:00,0.5726782819333147
203,2023-10-21 18:00:00+00:00,0.5726782819333147
203,2023-10-21 19:00:00+00:00,0.4482079872240529
203,2023-10-21 20:00:00+00:00,0.18961150196582738
203,2023-10-21 21:00:00+00:00,0.1474306843589581
203,2023-10-21 22:00:00+00:00,0.0997585043899169
203,2023-10-21 23:00:00+00:00,0.1565329508798436
203,2023-10-22 00:00:00+00:00,0.05105298767966815
203,2023-10-22 01:00:00+00:00,0.10004186383203381
203,2023-10-22 02:00:00+00:00,0.22773511838501884
203,2023-10-22 03:00:00+00:00,0.04357400154912624
203,2023-10-22 04:00:00+00:00,0.002039799951558613
203,2023-10-22 05:00:00+00:00,5.0681186609345386e-05
203,2023-10-22 06:00:00+00:00,2.27152342728641e-09
203,2023-10-22 07:00:00+00:00,1.2222077196387202
203,2023-10-22 08:00:00+00:00,1.2222077196387202
203,2023-10-22 09:00:00+00:00,1.956203207930915
203,2023-10-22 10:00:00+00:00,0.025686040294756875
203,2023-10-22 11:00:00+00:00,0.8362590331007224
203,2023-10-22 12:00:00+00:00,0.697738175480776
203,2023-10-22 13:00:00+00:00,0.1973042057129255
203,2023-10-22 14:00:00+00:00,0.3508308566360193
203,2023-10-22 15:00:00+00:00,0.3508308566360193
203,2023-10-22 16:00:00+00:00,0.3580662912430058
203,2023-10-22 17:00:00+00:00,0.20236848232131305
203,2023-10-22 18:00:00+00:00,0.7189762480293567
203,2023-10-22 19:00:00+00:00,5.000293616512466e-05
203,2023-10-22 20:00:00+00:00,2.7346495516560376e-09
203,2023-10-22 21:00:00+00:00,0.00044616311424269394
203,2023-10-22 22:00:00+00:00,1.8083972840086556e-09
203,2023-10-22 23:00:00+00:00,2.158102411758995e-20
203,2023-10-23 00:00:00+00:00,1.5415017221280414e-20
203,2023-10-23 01:00:00+00:00,7.101699046929832e-55
203,2023-10-23 02:00:00+00:00,7.153319515761425e-55
203,2023-10-23 03:00:00+00:00,3.640406807863222e-55
203,2023-10-23 04:00:00+00:00,3.640406807863222e-55
203,2023-10-23 05:00:00+00:00,7.964425563886752e-21
203,2023-10-23 06:00:00+00:00,7.938733874513742e-20
203,2023-10-23 07:00:00+00:00,7.938733874513742e-20
203,2023-10-23 08:00:00+00:00,7.938733874513742e-20
203,2023-10-23 09:00:00+00:00,3.63911225192198e-54
203,2023-10-23 10:00:00+00:00,5.921487817122028e-54
203,2023-10-23 11:00:00+00:00,1.3526853611741826e-10
203,2023-10-23 12:00:00+00:00,3.7050090727071744e-09
203,2023-10-23 13:00:00+00:00,3.7050090727071744e-09
203,2023-10-23 14:00:00+00:00,3.7050090727071744e-09
203,2023-10-23 15:00:00+00:00,1.3526853611741826e-10
203,2023-10-23 16:00:00+00:00,1.2910076922078392e-19
203,2023-10-23 17:00:00+00:00,1.2910076922078392e-19
203,2023-10-23 18:00:00+00:00,5.905339066260899e-54
203,2023-10-23 19:00:00+00:00,2.8260611111072986e-54
203,2023-10-23 20:00:00+00:00,2.820527021365433e-54
203,2023-10-23 21:00:00+00:00,2.82168339832642e-54
203,2023-10-23 22:00:00+00:00,6.166006886679394e-20
203,2023-10-23 23:00:00+00:00,6.166006883590237e-20
203,2023-10-24 00:00:00+00:00,1.7727269797585014e-20
203,2023-10-24 01:00:00+00:00,2.0595397416372985e-11
203,2023-10-24 02:00:00+00:00,9.925192509588193e-55
203,2023-10-24 03:00:00+00:00,4.126454306325343e-52
203,2023-10-24 04:00:00+00:00,4.583431406050653e-89
203,2023-10-24 05:00:00+00:00,3.640406807863222e-55
203,2023-10-24 06:00:00+00:00,7.938733874513742e-20
203,2023-10-24 07:00:00+00:00,3.366214710897241e-05
203,2023-10-24 08:00:00+00:00,0.0005091085942222595
203,2023-10-24 09:00:00+00:00,0.018985821591283657
203,2023-10-24 10:00:00+00:00,0.00016456650224627015
203,2023-10-24 11:00:00+00:00,2.3851359389264593
203,2023-10-24 12:00:00+00:00,0.31721014838010814
203,2023-10-24 13:00:00+00:00,0.697738175480776
203,2023-10-24 14:00:00+00:00,0.697738175480776
203,2023-10-24 15:00:00+00:00,0.6838519261898094
203,2023-10-24 16:00:00+00:00,0.0008213074383198411
203,2023-10-24 17:00:00+00:00,3.693982261198426e-09
203,2023-10-24 18:00:00+00:00,5.474179290096842e-05
203,2023-10-24 19:00:00+00:00,2.5453795416530675e-54
203,2023-10-24 20:00:00+00:00,2.5078783436063705e-54
203,2023-10-24 21:00:00+00:00,5.626481287222233e-20
203,2023-10-24 22:00:00+00:00,5.549406200325408e-20
203,2023-10-24 23:00:00+00:00,1.2379362918976029e-51
203,2023-10-25 00:00:00+00:00,5.090207359439794e-30
203,2023-10-25 01:00:00+00:00,2.4310801803576566e-16
203,2023-10-25 02:00:00+00:00,4.233439795862509e-08
203,2023-10-25 03:00:00+00:00,0.0004025887617281093
203,2023-10-25 04:00:00+00:00,0.0004025887617281093
203,2023-10-25 05:00:00+00:00,2.1202995950881575e-08
203,2023-10-25 06:00:00+00:00,1.5347173856048e-15
203,2023-10-25 07:00:00+00:00,0.0040191935194955
203,2023-10-25 08:00:00+00:00,2.113477117816143e-07
203,2023-10-25 09:00:00+00:00,0.0040191935194955
203,2023-10-25 10:00:00+00:00,0.1997564109503923
203,2023-10-25 11:00:00+00:00,0.006544187051736386
203,2023-10-25 12:00:00+00:00,3.4471936807376055e-07
203,2023-10-25 13:00:00+00:00,3.4471936807376055e-07
203,2023-10-25 14:00:00+00:00,3.4471936807376055e-07
203,2023-10-25 15:00:00+00:00,3.4471936807376055e-07
203,2023-10-25 16:00:00+00:00,3.4369371655084237e-07
203,2023-10-25 17:00:00+00:00,0.006525804189576449
203,2023-10-25 18:00:00+00:00,7.10508110587254e-29
203,2023-10-25 19:00:00+00:00,4.1694440532460776e-88
203,2023-10-25 20:00:00+00:00,2.929561484622565e-54
203,2023-10-25 21:00:00+00:00,6.441358862735119e-11
203,2023-10-25 22:00:00+00:00,4.3932799114736756e-20
203,2023-10-25 23:00:00+00:00,1.8498020689122884e-20
203,2023-10-26 00:00:00+00:00,1.387351549961866e-20
203,2023-10-26 01:00:00+00:00,2.174328744489484e-20
203,2023-10-26 02:00:00+00:00,2.961305938940035e-20
203,2023-10-26 03:00:00+00:00,3.640406807863222e-55
203,2023-10-26 04:00:00+00:00,2.2788746288198034e-10
203,2023-10-26 05:00:00+00:00,3.377105640398856e-06
203,2023-10-26 06:00:00+00:00,1.2222077196387202
203,2023-10-26 07:00:00+00:00,0.26795133674461485
203,2023-10-26 08:00:00+00:00,0.7114570717544736
203,2023-10-26 09:00:00+00:00,0.7114570717544736
203,2023-10-26 10:00:00+00:00,0.697738175480776
203,2023-10-26 11:00:00+00:00,0.3508308566360193
203,2023-10-26 12:00:00+00:00,0.697738175480776
203,2023-10-26 13:00:00+00:00,0.697738175480776
203,2023-10-26 14:00:00+00:00,0.8362590331007224
203,2023-10-26 15:00:00+00:00,0.697738175480776
203,2023-10-26 16:00:00+00:00,0.3580662912430058
203,2023-10-26 17:00:00+00:00,0.7056898060594474
203,2023-10-26 18:00:00+00:00,0.7056898060594474
203,2023-10-26 19:00:00+00:00,1.0777825132853502
203,2023-10-26 20:00:00+00:00,5.392472032395349e-05
203,2023-10-26 21:00:00+00:00,0.962883241520698
203,2023-10-26 22:00:00+00:00,3.644714477393501e-05
203,2023-10-26 23:00:00+00:00,2.464595260754739e-54
203,2023-10-27 00:00:00+00:00,2.9386528538891662e-05
203,2023-10-27 01:00:00+00:00,2.8180945024459698e-11
203,2023-10-27 02:00:00+00:00,3.0830034436156184e-20
203,2023-10-27 03:00:00+00:00,0.15373940573198594
203,2023-10-27 04:00:00+00:00,3.377105640398856e-06
203,2023-10-27 05:00:00+00:00,3.640406807863222e-55
203,2023-10-27 06:00:00+00:00,3.63911225192198e-54
203,2023-10-27 07:00:00+00:00,0.00010089894910505928
203,2023-10-27 08:00:00+00:00,1.2222077196387202
203,2023-10-27 09:00:00+00:00,1.2222077196387202
203,2023-10-27 10:00:00+00:00,1.5614900212670524
203,2023-10-27 11:00:00+00:00,1.0258567876577
203,2023-10-27 12:00:00+00:00,0.6838519261898094
203,2023-10-27 13:00:00+00:00,0.6838519261898094
203,2023-10-27 14:00:00+00:00,0.6838519261898094
203,2023-10-27 15:00:00+00:00,0.3508308566360193
203,2023-10-27 16:00:00+00:00,0.5311314382618907
203,2023-10-27 17:00:00+00:00,5.474179290096842e-05
203,2023-10-27 18:00:00+00:00,0.0008213074383198411
203,2023-10-27 19:00:00+00:00,0.0001283245882343237
203,2023-10-27 20:00:00+00:00,7.488079677929973e-11
203,2023-10-27 21:00:00+00:00,5.233604075973584e-11
203,2023-10-27 22:00:00+00:00,4.750502161268142e-11
203,2023-10-27 23:00:00+00:00,1.861299258938032e-05
203,2023-10-28 00:00:00+00:00,1.173428142091589e-05
203,2023-10-28 01:00:00+00:00,8.496449398818451e-10
203,2023-10-28 02:00:00+00:00,3.2412102013335537e-20
203,2023-10-28 03:00:00+00:00,3.640406807863222e-55
203,2023-10-28 04:00:00+00:00,3.640406807863222e-55
203,2023-10-28 05:00:00+00:00,5.0681186609345386e-05
203,2023-10-28 06:00:00+00:00,0.8566917273251322
203,2023-10-28 07:00:00+00:00,1.2222077196387202
203,2023-10-28 08:00:00+00:00,1.2222077196387202
203,2023-10-28 09:00:00+00:00,1.2222077196387202
203,2023-10-28 10:00:00+00:00,1.0258567876577
203,2023-10-28 11:00:00+00:00,1.0258567876577
203,2023-10-28 12:00:00+00:00,2.3851359389264593
203,2023-10-28 13:00:00+00:00,1.5614900212670524
203,2023-10-28 14:00:00+00:00,0.00016456650224627015
203,2023-10-28 15:00:00+00:00,0.00016456650224627015
203,2023-10-28 16:00:00+00:00,3.693982261198426e-09
203,2023-10-28 17:00:00+00:00,1.2910076922078392e-19
203,2023-10-28 18:00:00+00:00,1.2910076922078392e-19
203,2023-10-28 19:00:00+00:00,2.249469800823983e-09
203,2023-10-28 20:00:00+00:00,1.676075537116536e-09
203,2023-10-28 21:00:00+00:00,1.2579197640920488
203,2023-10-28 22:00:00+00:00,0.010970237777447694
203,2023-10-28 23:00:00+00:00,0.3218611740798483
203,2023-10-29 00:00:00+00:00,0.23611060082798352
203,2023-10-29 01:00:00+00:00,0.24693572054383392
203,2023-10-29 02:00:00+00:00,0.2577608402596844
203,2023-10-29 03:00:00+00:00,0.05340939873902767
203,2023-10-29 04:00:00+00:00,0.04357400154912624
203,2023-10-29 05:00:00+00:00,0.06548069139220423
203,2023-10-29 06:00:00+00:00,1.956203207930915
203,2023-10-29 07:00:00+00:00,1.2222077196387202
203,2023-10-29 08:00:00+00:00,1.2222077196387202
203,2023-10-29 09:00:00+00:00,0.0005091085942222595
203,2023-10-29 10:00:00+00:00,0.025686040294756875
203,2023-10-29 11:00:00+00:00,0.0008231101315642169
203,2023-10-29 12:00:00+00:00,5.4905196077605606e-05
203,2023-10-29 13:00:00+00:00,1.5614900212670524
203,2023-10-29 14:00:00+00:00,1.0258567876577
203,2023-10-29 15:00:00+00:00,0.6838519261898094
203,2023-10-29 16:00:00+00:00,0.7056898060594474
203,2023-10-29 17:00:00+00:00,1.3745005963840982
203,2023-10-29 18:00:00+00:00,2.329285396322392
203,2023-10-29 19:00:00+00:00,1.2194136323415554
203,2023-10-29 20:00:00+00:00,0.8689836834779089
203,2023-10-29 21:00:00+00:00,0.8689836834779089
203,2023-10-29 22:00:00+00:00,1.2194136323415554
203,2023-10-29 23:00:00+00:00,1.2194136323415554
203,2023-10-30 00:00:00+00:00,0.1828728501877222
203,2023-10-30 01:00:00+00:00,0.06548069139220423
203,2023-10-30 02:00:00+00:00,0.04357400154912624
203,2023-10-30 03:00:00+00:00,0.06548069139220423
203,2023-10-30 04:00:00+00:00,0.1828728501877222
203,2023-10-30 05:00:00+00:00,0.06548069139220423
203,2023-10-30 06:00:00+00:00,1.956203207930915
203,2023-10-30 07:00:00+00:00,1.2222077196387202
203,2023-10-30 08:00:00+00:00,1.2222077196387202
203,2023-10-30 09:00:00+00:00,1.2222077196387202
203,2023-10-30 10:00:00+00:00,0.6838519261898094
203,2023-10-30 11:00:00+00:00,0.697738175480776
203,2023-10-30 12:00:00+00:00,0.3508308566360193
203,2023-10-30 13:00:00+00:00,0.697738175480776
203,2023-10-30 14:00:00+00:00,0.697738175480776
203,2023-10-30 15:00:00+00:00,0.8362590331007224
203,2023-10-30 16:00:00+00:00,0.7056898060594474
203,2023-10-30 17:00:00+00:00,2.329285396322392
203,2023-10-30 18:00:00+00:00,0.0008213074383198411
203,2023-10-30 19:00:00+00:00,3.921801569884375e-05
203,2023-10-30 20:00:00+00:00,0.000615187162119361
203,2023-10-30 21:00:00+00:00,6.563259852388961e-05
203,2023-10-30 22:00:00+00:00,4.855730427667172e-20
203,2023-10-30 23:00:00+00:00,2.7747031021735707e-20
203,2023-10-31 00:00:00+00:00,9.176252929365797e-55
203,2023-10-31 01:00:00+00:00,2.4239850457139474e-11
203,2023-10-31 02:00:00+00:00,1.1180577516661276e-05
203,2023-10-31 03:00:00+00:00,5.0681186609345386e-05
203,2023-10-31 04:00:00+00:00,0.002039799951558613
203,2023-10-31 05:00:00+00:00,0.15373940573198594
203,2023-10-31 06:00:00+00:00,0.018985821591283657
203,2023-10-31 07:00:00+00:00,1.2222077196387202
203,2023-10-31 08:00:00+00:00,1.956203207930915
203,2023-10-31 09:00:00+00:00,0.8566917273251322
203,2023-10-31 10:00:00+00:00,0.8362590331007224
203,2023-10-31 11:00:00+00:00,0.697738175480776
203,2023-10-31 12:00:00+00:00,0.697738175480776
203,2023-10-31 13:00:00+00:00,0.9977985956108939
203,2023-10-31 14:00:00+00:00,0.5436734011176156
203,2023-10-31 15:00:00+00:00,0.1973042057129255
203,2023-10-31 16:00:00+00:00,0.8649017171971001
203,2023-10-31 17:00:00+00:00,2.329285396322392
203,2023-10-31 18:00:00+00:00,0.02433445056466552
203,2023-10-31 19:00:00+00:00,2.328095327157896
203,2023-10-31 20:00:00+00:00,1.6170436214985755
203,2023-10-31 21:00:00+00:00,0.00037491361331735995
203,2023-10-31 22:00:00+00:00,6.857124214914446e-05
203,2023-10-31 23:00:00+00:00,3.3307523821824625e-05
203,2023-11-01 00:00:00+00:00,7.843614938994907e-06
203,2023-11-01 01:00:00+00:00,2.6501868622178226e-05
203,2023-11-01 02:00:00+00:00,0.008809655787128648
203,2023-11-01 03:00:00+00:00,0.15373940573198594
203,2023-11-01 04:00:00+00:00,0.15373940573198594
203,2023-11-01 05:00:00+00:00,0.1828728501877222
203,2023-11-01 06:00:00+00:00,0.5716746891067988
203,2023-11-01 07:00:00+00:00,0.5716746891067988
203,2023-11-01 08:00:00+00:00,0.8566917273251322
203,2023-11-01 09:00:00+00:00,0.5716746891067988
203,2023-11-01 10:00:00+00:00,1.0258567876577
203,2023-11-01 11:00:00+00:00,0.697738175480776
203,2023-11-01 12:00:00+00:00,0.1973042057129255
203,2023-11-01 13:00:00+00:00,0.1973042057129255
203,2023-11-01 14:00:00+00:00,0.3508308566360193
203,2023-11-01 15:00:00+00:00,0.697738175480776
203,2023-11-01 16:00:00+00:00,0.8649017171971001
203,2023-11-01 17:00:00+00:00,0.8649017171971001
203,2023-11-01 18:00:00+00:00,1.3745005963840982
203,2023-11-01 19:00:00+00:00,0.0004088812346961201
203,2023-11-01 20:00:00+00:00,2.516492147805282e-05
203,2023-11-01 21:00:00+00:00,1.4114320330086192e-09
203,2023-11-01 22:00:00+00:00,5.555672019109178e-11
203,2023-11-01 23:00:00+00:00,3.86481531764247e-11
203,2023-11-02 00:00:00+00:00,2.415509573525695e-11
203,2023-11-02 01:00:00+00:00,8.11341272960684e-10
203,2023-11-02 02:00:00+00:00,9.61073782390814e-10
203,2023-11-02 03:00:00+00:00,3.640406807863222e-55
203,2023-11-02 04:00:00+00:00,4.674718152371499e-156
203,2023-11-02 05:00:00+00:00,4.126454306325343e-52
203,2023-11-02 06:00:00+00:00,0.0040191935194955
203,2023-11-02 07:00:00+00:00,0.5286396562738004
203,2023-11-02 08:00:00+00:00,0.9657559380152583
203,2023-11-02 09:00:00+00:00,0.7293862968278818
203,2023-11-02 10:00:00+00:00,0.5156852352898648
203,2023-11-02 11:00:00+00:00,0.5156852352898648
203,2023-11-02 12:00:00+00:00,0.5156852352898648
203,2023-11-02 13:00:00+00:00,0.5156852352898648
203,2023-11-02 14:00:00+00:00,0.5156852352898648
203,2023-11-02 15:00:00+00:00,0.5681778401674883
203,2023-11-02 16:00:00+00:00,0.5944859561444188
203,2023-11-02 17:00:00+00:00,0.5726782819333147
203,2023-11-02 18:00:00+00:00,0.5944859561444188
203,2023-11-02 19:00:00+00:00,0.5381920010308813
203,2023-11-02 20:00:00+00:00,0.5024497728800065
203,2023-11-02 21:00:00+00:00,0.34155190722137785
203,2023-11-02 22:00:00+00:00,0.29107863446134935
203,2023-11-02 23:00:00+00:00,0.2685511583226397
203,2023-11-03 00:00:00+00:00,0.1399151049553087
203,2023-11-03 01:00:00+00:00,0.16352155607952965
203,2023-11-03 02:00:00+00:00,0.1835785243027954
203,2023-11-03 03:00:00+00:00,0.035380821469441055
203,2023-11-03 04:00:00+00:00,0.02056879177036103
203,2023-11-03 05:00:00+00:00,0.04439389825306246
203,2023-11-03 06:00:00+00:00,0.7114570717544736
203,2023-11-03 07:00:00+00:00,0.7114570717544736
203,2023-11-03 08:00:00+00:00,0.5716746891067988
203,2023-11-03 09:00:00+00:00,0.5716746891067988
203,2023-11-03 10:00:00+00:00,0.697738175480776
203,2023-11-03 11:00:00+00:00,0.697738175480776
203,2023-11-03 12:00:00+00:00,0.3508308566360193
203,2023-11-03 13:00:00+00:00,0.3508308566360193
203,2023-11-03 14:00:00+00:00,0.5681778401674883
203,2023-11-03 15:00:00+00:00,0.5156852352898648
203,2023-11-03 16:00:00+00:00,0.5726782819333147
203,2023-11-03 17:00:00+00:00,0.5944859561444188
203,2023-11-03 18:00:00+00:00,0.5726782819333147
203,2023-11-03 19:00:00+00:00,0.3473193383720325
203,2023-11-03 20:00:00+00:00,0.30108207120836883
203,2023-11-03 21:00:00+00:00,0.16018725749512389
203,2023-11-03 22:00:00+00:00,0.19108357026416276
203,2023-11-03 23:00:00+00:00,0.49987719353043786
203,2023-11-04 00:00:00+00:00,0.36176787836855306
203,2023-11-04 01:00:00+00:00,0.01118677305336202
203,2023-11-04 02:00:00+00:00,7.722425515297833e-05
203,2023-11-04 03:00:00+00:00,3.377105640398856e-06
203,2023-11-04 04:00:00+00:00,8.320088531032086e-12
203,2023-11-04 05:00:00+00:00,7.964425563886752e-21
203,2023-11-04 06:00:00+00:00,8.29324953577439e-11
203,2023-11-04 07:00:00+00:00,2.27152342728641e-09
203,2023-11-04 08:00:00+00:00,3.63911225192198e-54
203,2023-11-04 09:00:00+00:00,3.63911225192198e-54
203,2023-11-04 10:00:00+00:00,1.2948614464084225e-19
203,2023-11-04 11:00:00+00:00,0.00016456650224627015
203,2023-11-04 12:00:00+00:00,0.697738175480776
203,2023-11-04 13:00:00+00:00,0.697738175480776
203,2023-11-04 14:00:00+00:00,0.697738175480776
203,2023-11-04 15:00:00+00:00,0.697738175480776
203,2023-11-04 16:00:00+00:00,0.7189762480293567
203,2023-11-04 17:00:00+00:00,0.8649017171971001
203,2023-11-04 18:00:00+00:00,2.329285396322392
203,2023-11-04 19:00:00+00:00,0.8689836834779089
203,2023-11-04 20:00:00+00:00,0.00039214621045989057
203,2023-11-04 21:00:00+00:00,7.836514847562825e-05
203,2023-11-04 22:00:00+00:00,0.15496520015582813
203,2023-11-04 23:00:00+00:00,2.820031431239296e-54
203,2023-11-05 00:00:00+00:00,0.032794828139235795
203,2023-11-05 01:00:00+00:00,0.07370539971357028
203,2023-11-05 02:00:00+00:00,0.05805432232820845
203,2023-11-05 03:00:00+00:00,0.0785199814085416
203,2023-11-05 04:00:00+00:00,0.07370539971357028
203,2023-11-05 05:00:00+00:00,0.05452614329448266
203,2023-11-05 06:00:00+00:00,0.5288272154695591
203,2023-11-05 07:00:00+00:00,0.15704662510798056
203,2023-11-05 08:00:00+00:00,0.3010524083995979
203,2023-11-05 09:00:00+00:00,0.3010524083995979
203,2023-11-05 10:00:00+00:00,0.31721014838010814
203,2023-11-05 11:00:00+00:00,0.31721014838010814
203,2023-11-05 12:00:00+00:00,0.5436734011176156
203,2023-11-05 13:00:00+00:00,0.31721014838010814
203,2023-11-05 14:00:00+00:00,0.5436734011176156
203,2023-11-05 15:00:00+00:00,0.5681778401674883
203,2023-11-05 16:00:00+00:00,0.5944859561444188
203,2023-11-05 17:00:00+00:00,0.5726782819333147
203,2023-11-05 18:00:00+00:00,0.33295916751588683
203,2023-11-05 19:00:00+00:00,0.17842055122518044
203,2023-11-05 20:00:00+00:00,0.26831218228107556
203,2023-11-05 21:00:00+00:00,0.488316790257211
203,2023-11-05 22:00:00+00:00,0.35320841275134923
203,2023-11-05 23:00:00+00:00,0.21977806036709568
203,2023-11-06 00:00:00+00:00,0.10209798795768568
203,2023-11-06 01:00:00+00:00,0.06484307157798025
203,2023-11-06 02:00:00+00:00,0.1640853891373677
203,2023-11-06 03:00:00+00:00,0.022103562903889668
203,2023-11-06 04:00:00+00:00,0.022103562903889668
203,2023-11-06 05:00:00+00:00,0.035380821469441055
203,2023-11-06 06:00:00+00:00,0.15704662510798056
203,2023-11-06 07:00:00+00:00,0.15704662510798056
203,2023-11-06 08:00:00+00:00,0.15704662510798056
203,2023-11-06 09:00:00+00:00,0.15704662510798056
203,2023-11-06 10:00:00+00:00,0.31721014838010814
203,2023-11-06 11:00:00+00:00,0.1973042057129255
203,2023-11-06 12:00:00+00:00,0.1973042057129255
203,2023-11-06 13:00:00+00:00,0.1973042057129255
203,2023-11-06 14:00:00+00:00,0.31721014838010814
203,2023-11-06 15:00:00+00:00,0.31721014838010814
203,2023-11-06 16:00:00+00:00,0.33295916751588683
203,2023-11-06 17:00:00+00:00,0.20236848232131305
203,2023-11-06 18:00:00+00:00,0.20236848232131305
203,2023-11-06 19:00:00+00:00,0.344455508952065
203,2023-11-06 20:00:00+00:00,0.14481527068788783
203,2023-11-06 21:00:00+00:00,0.18398307146180776
203,2023-11-06 22:00:00+00:00,0.09534825478240623
203,2023-11-06 23:00:00+00:00,0.1362598446895638
203,2023-11-07 00:00:00+00:00,0.03458304106808335
203,2023-11-07 01:00:00+00:00,0.19111827747591628
203,2023-11-07 02:00:00+00:00,0.05180121463690633
203,2023-11-07 03:00:00+00:00,0.012493912469078643
203,2023-11-07 04:00:00+00:00,0.012493912469078643
203,2023-11-07 05:00:00+00:00,0.022103562903889668
203,2023-11-07 06:00:00+00:00,0.5766259255295312
203,2023-11-07 07:00:00+00:00,0.8566917273251322
203,2023-11-07 08:00:00+00:00,1.2222077196387202
203,2023-11-07 09:00:00+00:00,0.5766259255295312
203,2023-11-07 10:00:00+00:00,0.31721014838010814
203,2023-11-07 11:00:00+00:00,0.5436734011176156
203,2023-11-07 12:00:00+00:00,0.31721014838010814
203,2023-11-07 13:00:00+00:00,0.5436734011176156
203,2023-11-07 14:00:00+00:00,0.5436734011176156
203,2023-11-07 15:00:00+00:00,0.5436734011176156
203,2023-11-07 16:00:00+00:00,0.5726782819333147
203,2023-11-07 17:00:00+00:00,0.5726782819333147
203,2023-11-07 18:00:00+00:00,0.5726782819333147
203,2023-11-07 19:00:00+00:00,0.2069620595606664
203,2023-11-07 20:00:00+00:00,0.7540197151586064
203,2023-11-07 21:00:00+00:00,0.5182138243919817
203,2023-11-07 22:00:00+00:00,0.3582327479610642
203,2023-11-07 23:00:00+00:00,0.41099262442627105
203,2023-11-08 00:00:00+00:00,0.5928534091799512
203,2023-11-08 01:00:00+00:00,0.4984364170161154
203,2023-11-08 02:00:00+00:00,0.007202428011391582
203,2023-11-08 03:00:00+00:00,0.15373940573198594
203,2023-11-08 04:00:00+00:00,0.002039799951558613
203,2023-11-08 05:00:00+00:00,5.0681186609345386e-05
203,2023-11-08 06:00:00+00:00,1.2222077196387202
203,2023-11-08 07:00:00+00:00,1.2222077196387202
203,2023-11-08 08:00:00+00:00,0.8566917273251322
203,2023-11-08 09:00:00+00:00,0.5716746891067988
203,2023-11-08 10:00:00+00:00,0.8362590331007224
203,2023-11-08 11:00:00+00:00,0.1973042057129255
203,2023-11-08 12:00:00+00:00,0.5436734011176156
203,2023-11-08 13:00:00+00:00,0.5436734011176156
203,2023-11-08 14:00:00+00:00,0.5681778401674883
203,2023-11-08 15:00:00+00:00,0.5681778401674883
203,2023-11-08 16:00:00+00:00,0.5311314382618907
203,2023-11-08 17:00:00+00:00,0.5726782819333147
203,2023-11-08 18:00:00+00:00,0.33295916751588683
203,2023-11-08 19:00:00+00:00,0.16900298860828267
203,2023-11-08 20:00:00+00:00,0.33772107533214063
203,2023-11-08 21:00:00+00:00,0.497266353110348
203,2023-11-08 22:00:00+00:00,0.497266353110348
203,2023-11-08 23:00:00+00:00,1.2194136323415554
203,2023-11-09 00:00:00+00:00,0.06548069139220423
203,2023-11-09 01:00:00+00:00,0.05340939873902767
203,2023-11-09 02:00:00+00:00,0.05340939873902767
203,2023-11-09 03:00:00+00:00,0.04439389825306246
203,2023-11-09 04:00:00+00:00,0.04357400154912624
203,2023-11-09 05:00:00+00:00,0.05340939873902767
203,2023-11-09 06:00:00+00:00,0.5716746891067988
203,2023-11-09 07:00:00+00:00,0.7114570717544736
203,2023-11-09 08:00:00+00:00,0.5716746891067988
203,2023-11-09 09:00:00+00:00,0.5766259255295312
203,2023-11-09 10:00:00+00:00,0.697738175480776
203,2023-11-09 11:00:00+00:00,0.3508308566360193
203,2023-11-09 12:00:00+00:00,0.8362590331007224
203,2023-11-09 13:00:00+00:00,0.697738175480776
203,2023-11-09 14:00:00+00:00,0.697738175480776
203,2023-11-09 15:00:00+00:00,0.3508308566360193
203,2023-11-09 16:00:00+00:00,0.8649017171971001
203,2023-11-09 17:00:00+00:00,0.20236848232131305
203,2023-11-09 18:00:00+00:00,0.20236848232131305
203,2023-11-09 19:00:00+00:00,0.33595141556690417
203,2023-11-09 20:00:00+00:00,0.16411809632960372
203,2023-11-09 21:00:00+00:00,0.23156165212021657
203,2023-11-09 22:00:00+00:00,0.17636474306229738
203,2023-11-09 23:00:00+00:00,0.3343034549770978
203,2023-11-10 00:00:00+00:00,0.16771760264133553
203,2023-11-10 01:00:00+00:00,0.24271558039651234
203,2023-11-10 02:00:00+00:00,0.23446221377717033
203,2023-11-10 03:00:00+00:00,0.04439389825306246
203,2023-11-10 04:00:00+00:00,0.05340939873902767
203,2023-11-10 05:00:00+00:00,0.04357400154912624
203,2023-11-10 06:00:00+00:00,0.018985821591283657
203,2023-11-10 07:00:00+00:00,4.659638416396107e-155
203,2023-11-10 08:00:00+00:00,4.5686461434504896e-88
203,2023-11-10 09:00:00+00:00,0.0040191935194955
203,2023-11-10 10:00:00+00:00,0.9104499359461216
203,2023-11-10 11:00:00+00:00,1.1569208462281617
203,2023-11-10 12:00:00+00:00,1.1569208462281617
203,2023-11-10 13:00:00+00:00,1.1569208462281617
203,2023-11-10 14:00:00+00:00,0.85319780987811
203,2023-11-10 15:00:00+00:00,0.85319780987811
203,2023-11-10 16:00:00+00:00,0.8829717707891375
203,2023-11-10 17:00:00+00:00,0.5944859561444188
203,2023-11-10 18:00:00+00:00,0.7401028696334538
203,2023-11-10 19:00:00+00:00,0.6809127108971561
203,2023-11-10 20:00:00+00:00,0.5049627412178505
203,2023-11-10 21:00:00+00:00,0.3618781506549675
203,2023-11-10 22:00:00+00:00,0.2839986828419876
203,2023-11-10 23:00:00+00:00,0.23147005283708386
203,2023-11-11 00:00:00+00:00,0.11223052378084794
203,2023-11-11 01:00:00+00:00,0.12240017446969907
203,2023-11-11 02:00:00+00:00,0.12741359326748444
203,2023-11-11 03:00:00+00:00,0.02056879177036103
203,2023-11-11 04:00:00+00:00,0.035380821469441055
203,2023-11-11 05:00:00+00:00,0.036721765185350815
203,2023-11-11 06:00:00+00:00,0.5270996348978255
203,2023-11-11 07:00:00+00:00,0.5288272154695591
203,2023-11-11 08:00:00+00:00,0.5288272154695591
203,2023-11-11 09:00:00+00:00,0.42457445020356427
203,2023-11-11 10:00:00+00:00,0.7180643378325384
203,2023-11-11 11:00:00+00:00,0.5156852352898648
203,2023-11-11 12:00:00+00:00,0.5436734011176156
203,2023-11-11 13:00:00+00:00,0.31721014838010814
203,2023-11-11 14:00:00+00:00,0.85319780987811
203,2023-11-11 15:00:00+00:00,0.85319780987811
203,2023-11-11 16:00:00+00:00,7.10508110587254e-29
203,2023-11-11 17:00:00+00:00,5.905339066260899e-54
203,2023-11-11 18:00:00+00:00,1.348659511885038e-10
203,2023-11-11 19:00:00+00:00,1.1835996910275172e-10
203,2023-11-11 20:00:00+00:00,9.017785073466924e-20
203,2023-11-11 21:00:00+00:00,2.7147964922825485e-54
203,2023-11-11 22:00:00+00:00,3.0301709157353655e-54
203,2023-11-11 23:00:00+00:00,2.67543865073137e-54
203,2023-11-12 00:00:00+00:00,2.0017802330372408e-54
203,2023-11-12 01:00:00+00:00,2.726257530287963e-155
203,2023-11-12 02:00:00+00:00,5.2759814369103224e-11
203,2023-11-12 03:00:00+00:00,4.674718152371499e-156
203,2023-11-12 04:00:00+00:00,3.640406807863222e-55
203,2023-11-12 05:00:00+00:00,3.640406807863222e-55
203,2023-11-12 06:00:00+00:00,3.63911225192198e-54
203,2023-11-12 07:00:00+00:00,3.63911225192198e-54
203,2023-11-12 08:00:00+00:00,3.63911225192198e-54
203,2023-11-12 09:00:00+00:00,7.938733874513742e-20
203,2023-11-12 10:00:00+00:00,5.921487817122028e-54
203,2023-11-12 11:00:00+00:00,1.3526853611741826e-10
203,2023-11-12 12:00:00+00:00,3.7050090727071744e-09
203,2023-11-12 13:00:00+00:00,3.7050090727071744e-09
203,2023-11-12 14:00:00+00:00,5.4905196077605606e-05
203,2023-11-12 15:00:00+00:00,5.4905196077605606e-05
203,2023-11-12 16:00:00+00:00,5.474179290096842e-05
203,2023-11-12 17:00:00+00:00,0.8649017171971001
203,2023-11-12 18:00:00+00:00,0.20236848232131305
203,2023-11-12 19:00:00+00:00,0.16775688837054206
203,2023-11-12 20:00:00+00:00,0.28655402055983575
203,2023-11-12 21:00:00+00:00,0.5613029739019392
203,2023-11-12 22:00:00+00:00,0.4486621677739257
203,2023-11-12 23:00:00+00:00,0.5901246272030953
203,2023-11-13 00:00:00+00:00,0.004487596187112964
203,2023-11-13 01:00:00+00:00,3.413019151278985e-05
203,2023-11-13 02:00:00+00:00,1.029556092189393e-09
203,2023-11-13 03:00:00+00:00,3.377105640398856e-06
203,2023-11-13 04:00:00+00:00,3.377105640398856e-06
203,2023-11-13 05:00:00+00:00,0.1828728501877222
203,2023-11-13 06:00:00+00:00,0.5716746891067988
203,2023-11-13 07:00:00+00:00,0.7114570717544736
203,2023-11-13 08:00:00+00:00,0.26795133674461485
203,2023-11-13 09:00:00+00:00,0.15704662510798056
203,2023-11-13 10:00:00+00:00,0.1973042057129255
203,2023-11-13 11:00:00+00:00,0.1973042057129255
203,2023-11-13 12:00:00+00:00,0.1973042057129255
203,2023-11-13 13:00:00+00:00,0.1973042057129255
203,2023-11-13 14:00:00+00:00,0.31721014838010814
203,2023-11-13 15:00:00+00:00,0.31721014838010814
203,2023-11-13 16:00:00+00:00,0.33295916751588683
203,2023-11-13 17:00:00+00:00,0.33295916751588683
203,2023-11-13 18:00:00+00:00,0.20236848232131305
203,2023-11-13 19:00:00+00:00,0.30628370278514894
203,2023-11-13 20:00:00+00:00,0.2618112483804122
203,2023-11-13 21:00:00+00:00,0.19913672505448674
203,2023-11-13 22:00:00+00:00,0.19360741099981552
203,2023-11-13 23:00:00+00:00,0.08610512226565209
203,2023-11-14 00:00:00+00:00,0.04274795140712121
203,2023-11-14 01:00:00+00:00,0.09395664167004146
203,2023-11-14 02:00:00+00:00,0.11131348899213576
203,2023-11-14 03:00:00+00:00,0.022103562903889668
203,2023-11-14 04:00:00+00:00,0.012493912469078643
203,2023-11-14 05:00:00+00:00,0.022103562903889668
203,2023-11-14 06:00:00+00:00,0.26795133674461485
203,2023-11-14 07:00:00+00:00,0.26795133674461485
203,2023-11-14 08:00:00+00:00,0.26795133674461485
203,2023-11-14 09:00:00+00:00,0.26795133674461485
203,2023-11-14 10:00:00+00:00,0.3508308566360193
203,2023-11-14 11:00:00+00:00,0.3508308566360193
203,2023-11-14 12:00:00+00:00,0.31721014838010814
203,2023-11-14 13:00:00+00:00,0.1973042057129255
203,2023-11-14 14:00:00+00:00,0.31721014838010814
203,2023-11-14 15:00:00+00:00,0.31721014838010814
203,2023-11-14 16:00:00+00:00,0.33295916751588683
203,2023-11-14 17:00:00+00:00,0.33295916751588683
203,2023-11-14 18:00:00+00:00,0.33295916751588683
203,2023-11-14 19:00:00+00:00,0.3282688921947138
203,2023-11-14 20:00:00+00:00,0.26952343456137356
203,2023-11-14 21:00:00+00:00,0.19378296116016405
203,2023-11-14 22:00:00+00:00,0.15694972033428403
203,2023-11-14 23:00:00+00:00,0.15464570930974986
203,2023-11-15 00:00:00+00:00,0.041540858174389
203,2023-11-15 01:00:00+00:00,0.050508751362668185
203,2023-11-15 02:00:00+00:00,0.08754582825037524
203,2023-11-15 03:00:00+00:00,0.02056879177036103
203,2023-11-15 04:00:00+00:00,0.02056879177036103
203,2023-11-15 05:00:00+00:00,0.02056879177036103
203,2023-11-15 06:00:00+00:00,0.3010524083995979
203,2023-11-15 07:00:00+00:00,0.5288272154695591
203,2023-11-15 08:00:00+00:00,0.5288272154695591
203,2023-11-15 09:00:00+00:00,0.5288272154695591
203,2023-11-15 10:00:00+00:00,0.5436734011176156
203,2023-11-15 11:00:00+00:00,0.5436734011176156
203,2023-11-15 12:00:00+00:00,0.5436734011176156
203,2023-11-15 13:00:00+00:00,0.5436734011176156
203,2023-11-15 14:00:00+00:00,0.5436734011176156
203,2023-11-15 15:00:00+00:00,0.5436734011176156
203,2023-11-15 16:00:00+00:00,0.5726782819333147
203,2023-11-15 17:00:00+00:00,0.33295916751588683
203,2023-11-15 18:00:00+00:00,0.5726782819333147
203,2023-11-15 19:00:00+00:00,0.5795305018471532
203,2023-11-15 20:00:00+00:00,0.18770482551371187
203,2023-11-15 21:00:00+00:00,0.0006932284975125642
203,2023-11-15 22:00:00+00:00,9.387460745898325e-05
203,2023-11-15 23:00:00+00:00,1.9333678287781727e-09
203,2023-11-16 00:00:00+00:00,8.380377661114393e-10
203,2023-11-16 01:00:00+00:00,3.6590382971453625e-20
203,2023-11-16 02:00:00+00:00,4.3892233229410485e-20
203,2023-11-16 03:00:00+00:00,4.583431406050653e-89
203,2023-11-16 04:00:00+00:00,4.583431406050653e-89
203,2023-11-16 05:00:00+00:00,4.126454306325343e-52
203,2023-11-16 06:00:00+00:00,4.113143163401713e-51
203,2023-11-16 07:00:00+00:00,4.5686461434504896e-88
203,2023-11-16 08:00:00+00:00,4.113143163401713e-51
203,2023-11-16 09:00:00+00:00,1.5347173856048e-15
203,2023-11-16 10:00:00+00:00,0.006544187051736386
203,2023-11-16 11:00:00+00:00,3.4471936807376055e-07
203,2023-11-16 12:00:00+00:00,0.006544187051736386
203,2023-11-16 13:00:00+00:00,0.6195673908288577
203,2023-11-16 14:00:00+00:00,0.7180643378325384
203,2023-11-16 15:00:00+00:00,0.5156852352898648
203,2023-11-16 16:00:00+00:00,0.33295916751588683
203,2023-11-16 17:00:00+00:00,0.33295916751588683
203,2023-11-16 18:00:00+00:00,0.33295916751588683
203,2023-11-16 19:00:00+00:00,0.21910424841756
203,2023-11-16 20:00:00+00:00,0.7952273814528374
203,2023-11-16 21:00:00+00:00,1.1709211695589543
203,2023-11-16 22:00:00+00:00,0.4266412729029548
203,2023-11-16 23:00:00+00:00,0.3541814751977717
203,2023-11-17 00:00:00+00:00,0.30179645115266485
203,2023-11-17 01:00:00+00:00,0.2387438530944056
203,2023-11-17 02:00:00+00:00,0.07823709744801904
203,2023-11-17 03:00:00+00:00,0.022103562903889668
203,2023-11-17 04:00:00+00:00,0.022103562903889668
203,2023-11-17 05:00:00+00:00,0.02056879177036103
203,2023-11-17 06:00:00+00:00,0.15704662510798056
203,2023-11-17 07:00:00+00:00,0.15704662510798056
203,2023-11-17 08:00:00+00:00,0.018985821591283657
203,2023-11-17 09:00:00+00:00,1.956203207930915
203,2023-11-17 10:00:00+00:00,0.697738175480776
203,2023-11-17 11:00:00+00:00,0.3508308566360193
203,2023-11-17 12:00:00+00:00,0.3508308566360193
203,2023-11-17 13:00:00+00:00,0.1973042057129255
203,2023-11-17 14:00:00+00:00,0.3508308566360193
203,2023-11-17 15:00:00+00:00,0.697738175480776
203,2023-11-17 16:00:00+00:00,0.7056898060594474
203,2023-11-17 17:00:00+00:00,0.7056898060594474
203,2023-11-17 18:00:00+00:00,2.329285396322392
203,2023-11-17 19:00:00+00:00,1.9735090456985318
203,2023-11-17 20:00:00+00:00,2.3682017027229327
203,2023-11-17 21:00:00+00:00,1.3311264887751901
203,2023-11-17 22:00:00+00:00,0.0005908161793815404
203,2023-11-17 23:00:00+00:00,4.150570017394583e-05
203,2023-11-18 00:00:00+00:00,8.032216105284513e-05
203,2023-11-18 01:00:00+00:00,8.53230720644103e-05
203,2023-11-18 02:00:00+00:00,0.0004496017670985058
203,2023-11-18 03:00:00+00:00,0.15373940573198594
203,2023-11-18 04:00:00+00:00,0.15373940573198594
203,2023-11-18 05:00:00+00:00,0.15373940573198594
203,2023-11-18 06:00:00+00:00,1.956203207930915
203,2023-11-18 07:00:00+00:00,0.8566917273251322
203,2023-11-18 08:00:00+00:00,0.5716746891067988
203,2023-11-18 09:00:00+00:00,0.5766259255295312
203,2023-11-18 10:00:00+00:00,0.1973042057129255
203,2023-11-18 11:00:00+00:00,0.1973042057129255
203,2023-11-18 12:00:00+00:00,0.3508308566360193
203,2023-11-18 13:00:00+00:00,0.3508308566360193
203,2023-11-18 14:00:00+00:00,0.3508308566360193
203,2023-11-18 15:00:00+00:00,0.1973042057129255
203,2023-11-18 16:00:00+00:00,0.20236848232131305
203,2023-11-18 17:00:00+00:00,0.20236848232131305
203,2023-11-18 18:00:00+00:00,0.20236848232131305
203,2023-11-18 19:00:00+00:00,0.19020797919693247
203,2023-11-18 20:00:00+00:00,0.13450636871839103
203,2023-11-18 21:00:00+00:00,0.2254889761756993
203,2023-11-18 22:00:00+00:00,0.11845189638132538
203,2023-11-18 23:00:00+00:00,0.08997183000451761
203,2023-11-19 00:00:00+00:00,0.14449193889396547
203,2023-11-19 01:00:00+00:00,0.1555487740297346
203,2023-11-19 02:00:00+00:00,0.16660560916550374
203,2023-11-19 03:00:00+00:00,0.022103562903889668
203,2023-11-19 04:00:00+00:00,0.012493912469078643
203,2023-11-19 05:00:00+00:00,0.012493912469078643
203,2023-11-19 06:00:00+00:00,0.26795133674461485
203,2023-11-19 07:00:00+00:00,0.15704662510798056
203,2023-11-19 08:00:00+00:00,0.26795133674461485
203,2023-11-19 09:00:00+00:00,0.26795133674461485
203,2023-11-19 10:00:00+00:00,0.3508308566360193
203,2023-11-19 11:00:00+00:00,0.3508308566360193
203,2023-11-19 12:00:00+00:00,0.3508308566360193
203,2023-11-19 13:00:00+00:00,0.1973042057129255
203,2023-11-19 14:00:00+00:00,0.1973042057129255
203,2023-11-19 15:00:00+00:00,0.31721014838010814
203,2023-11-19 16:00:00+00:00,0.33295916751588683
203,2023-11-19 17:00:00+00:00,0.33295916751588683
203,2023-11-19 18:00:00+00:00,0.33295916751588683
203,2023-11-19 19:00:00+00:00,0.26902008621787066
203,2023-11-19 20:00:00+00:00,0.2248382494636564
203,2023-11-19 21:00:00+00:00,0.17879515165297308
203,2023-11-19 22:00:00+00:00,0.13725320593265103
203,2023-11-19 23:00:00+00:00,0.1073463249725422
203,2023-11-20 00:00:00+00:00,0.04567579529005622
203,2023-11-20 01:00:00+00:00,0.04411917949504394
203,2023-11-20 02:00:00+00:00,0.09815094396378568
203,2023-11-20 03:00:00+00:00,0.05340939873902767
203,2023-11-20 04:00:00+00:00,0.04357400154912624
203,2023-11-20 05:00:00+00:00,0.1828728501877222
203,2023-11-20 06:00:00+00:00,0.018985821591283657
203,2023-11-20 07:00:00+00:00,0.7114570717544736
203,2023-11-20 08:00:00+00:00,0.9657559380152583
203,2023-11-20 09:00:00+00:00,0.5945843158507174
203,2023-11-20 10:00:00+00:00,0.5681778401674883
203,2023-11-20 11:00:00+00:00,0.5156852352898648
203,2023-11-20 12:00:00+00:00,0.5436734011176156
203,2023-11-20 13:00:00+00:00,0.5681778401674883
203,2023-11-20 14:00:00+00:00,0.5436734011176156
203,2023-11-20 15:00:00+00:00,0.5436734011176156
203,2023-11-20 16:00:00+00:00,0.5726782819333147
203,2023-11-20 17:00:00+00:00,0.7401028696334538
203,2023-11-20 18:00:00+00:00,0.7401028696334538
203,2023-11-20 19:00:00+00:00,0.8010707186693345
203,2023-11-20 20:00:00+00:00,0.47881743939125115
203,2023-11-20 21:00:00+00:00,0.33072610657130097
203,2023-11-20 22:00:00+00:00,0.30919575955056794
203,2023-11-20 23:00:00+00:00,0.25767492755764265
203,2023-11-21 00:00:00+00:00,0.09258668406575503
203,2023-11-21 01:00:00+00:00,0.11557876896121295
203,2023-11-21 02:00:00+00:00,0.3088017454697658
203,2023-11-21 03:00:00+00:00,0.03958517769537667
203,2023-11-21 04:00:00+00:00,0.03958517769537667
203,2023-11-21 05:00:00+00:00,0.03958517769537667
203,2023-11-21 06:00:00+00:00,0.5286396562738004
203,2023-11-21 07:00:00+00:00,0.7651641934815501
203,2023-11-21 08:00:00+00:00,0.7651641934815501
203,2023-11-21 09:00:00+00:00,0.7651641934815501
203,2023-11-21 10:00:00+00:00,0.9104499359461216
203,2023-11-21 11:00:00+00:00,0.6195673908288577
203,2023-11-21 12:00:00+00:00,0.6195673908288577
203,2023-11-21 13:00:00+00:00,0.6195673908288577
203,2023-11-21 14:00:00+00:00,0.5187251241878009
203,2023-11-21 15:00:00+00:00,0.6195673908288577
203,2023-11-21 16:00:00+00:00,0.64102869545101
203,2023-11-21 17:00:00+00:00,0.64102869545101
203,2023-11-21 18:00:00+00:00,0.9401595292565843
203,2023-11-21 19:00:00+00:00,0.9497564872862025
203,2023-11-21 20:00:00+00:00,0.46885817572015454
203,2023-11-21 21:00:00+00:00,0.3291734573387891
203,2023-11-21 22:00:00+00:00,0.2918955192864483
203,2023-11-21 23:00:00+00:00,0.21333630878573606
203,2023-11-22 00:00:00+00:00,0.28332658821050877
203,2023-11-22 01:00:00+00:00,0.05821132896842001
203,2023-11-22 02:00:00+00:00,0.2173636156712393
203,2023-11-22 03:00:00+00:00,0.022103562903889668
203,2023-11-22 04:00:00+00:00,0.04439389825306246
203,2023-11-22 05:00:00+00:00,0.012493912469078643
203,2023-11-22 06:00:00+00:00,0.5716746891067988
203,2023-11-22 07:00:00+00:00,1.956203207930915
203,2023-11-22 08:00:00+00:00,0.26795133674461485
203,2023-11-22 09:00:00+00:00,0.26795133674461485
203,2023-11-22 10:00:00+00:00,0.1973042057129255
203,2023-11-22 11:00:00+00:00,0.31721014838010814
203,2023-11-22 12:00:00+00:00,0.31721014838010814
203,2023-11-22 13:00:00+00:00,0.31721014838010814
203,2023-11-22 14:00:00+00:00,0.5436734011176156
203,2023-11-22 15:00:00+00:00,0.31721014838010814
203,2023-11-22 16:00:00+00:00,0.5726782819333147
203,2023-11-22 17:00:00+00:00,0.33295916751588683
203,2023-11-22 18:00:00+00:00,0.33295916751588683
203,2023-11-22 19:00:00+00:00,0.29715300551578355
203,2023-11-22 20:00:00+00:00,0.18925963502540033
203,2023-11-22 21:00:00+00:00,0.517580998965378
203,2023-11-22 22:00:00+00:00,0.18015925147927261
203,2023-11-22 23:00:00+00:00,0.1511049823231252
203,2023-11-23 00:00:00+00:00,0.07916000363695849
203,2023-11-23 01:00:00+00:00,0.09092114971120534
203,2023-11-23 02:00:00+00:00,0.10268229578545218
203,2023-11-23 03:00:00+00:00,0.0285636376581296
203,2023-11-23 04:00:00+00:00,0.035380821469441055
203,2023-11-23 05:00:00+00:00,0.02056879177036103
203,2023-11-23 06:00:00+00:00,0.3010524083995979
203,2023-11-23 07:00:00+00:00,0.5288272154695591
203,2023-11-23 08:00:00+00:00,0.5288272154695591
203,2023-11-23 09:00:00+00:00,0.15704662510798056
203,2023-11-23 10:00:00+00:00,0.5436734011176156
203,2023-11-23 11:00:00+00:00,0.5436734011176156
203,2023-11-23 12:00:00+00:00,0.31721014838010814
203,2023-11-23 13:00:00+00:00,0.1973042057129255
203,2023-11-23 14:00:00+00:00,0.1973042057129255
203,2023-11-23 15:00:00+00:00,0.1973042057129255
203,2023-11-23 16:00:00+00:00,0.33295916751588683
203,2023-11-23 17:00:00+00:00,0.20236848232131305
203,2023-11-23 18:00:00+00:00,0.20236848232131305
203,2023-11-23 19:00:00+00:00,0.5046205396240249
203,2023-11-23 20:00:00+00:00,0.4552887442241356
203,2023-11-23 21:00:00+00:00,0.20978365446769423
203,2023-11-23 22:00:00+00:00,0.1790920721220922
203,2023-11-23 23:00:00+00:00,0.23384718945644278
203,2023-11-24 00:00:00+00:00,0.12058353813522335
203,2023-11-24 01:00:00+00:00,0.19881401652581668
203,2023-11-24 02:00:00+00:00,0.18639807253087617
203,2023-11-24 03:00:00+00:00,0.036721765185350815
203,2023-11-24 04:00:00+00:00,0.032794828139235795
203,2023-11-24 05:00:00+00:00,0.032794828139235795
203,2023-11-24 06:00:00+00:00,0.5270996348978255
203,2023-11-24 07:00:00+00:00,0.5270996348978255
203,2023-11-24 08:00:00+00:00,0.42457445020356427
203,2023-11-24 09:00:00+00:00,0.8435007629120337
203,2023-11-24 10:00:00+00:00,0.85319780987811
203,2023-11-24 11:00:00+00:00,0.85319780987811
203,2023-11-24 12:00:00+00:00,0.5187251241878009
203,2023-11-24 13:00:00+00:00,0.6195673908288577
203,2023-11-24 14:00:00+00:00,0.1997564109503923
203,2023-11-24 15:00:00+00:00,0.6195673908288577
203,2023-11-24 16:00:00+00:00,0.64102869545101
203,2023-11-24 17:00:00+00:00,0.64102869545101
203,2023-11-24 18:00:00+00:00,0.5944859561444188
203,2023-11-24 19:00:00+00:00,1.010397744001593
203,2023-11-24 20:00:00+00:00,0.8418114569996147
203,2023-11-24 21:00:00+00:00,0.8374273319935045
203,2023-11-24 22:00:00+00:00,0.3758664510486839
203,2023-11-24 23:00:00+00:00,0.45021129955150374
203,2023-11-25 00:00:00+00:00,0.2963742337019998
203,2023-11-25 01:00:00+00:00,0.17732604681579353
203,2023-11-25 02:00:00+00:00,0.2004568893333391
203,2023-11-25 03:00:00+00:00,0.036721765185350815
203,2023-11-25 04:00:00+00:00,0.032794828139235795
203,2023-11-25 05:00:00+00:00,0.04357400154912624
203,2023-11-25 06:00:00+00:00,4.659638416396107e-155
203,2023-11-25 07:00:00+00:00,0.5766259255295312
203,2023-11-25 08:00:00+00:00,0.00010089894910505928
203,2023-11-25 09:00:00+00:00,0.5766259255295312
203,2023-11-25 10:00:00+00:00,0.8362590331007224
203,2023-11-25 11:00:00+00:00,0.0008231101315642169
203,2023-11-25 12:00:00+00:00,0.5156852352898648
203,2023-11-25 13:00:00+00:00,0.7180643378325384
203,2023-11-25 14:00:00+00:00,0.5681778401674883
203,2023-11-25 15:00:00+00:00,0.7180643378325384
203,2023-11-25 16:00:00+00:00,0.5726782819333147
203,2023-11-25 17:00:00+00:00,0.33295916751588683
203,2023-11-25 18:00:00+00:00,0.20236848232131305
203,2023-11-25 19:00:00+00:00,0.22558706415993288
203,2023-11-25 20:00:00+00:00,0.6578368481130195
203,2023-11-25 21:00:00+00:00,9.339970350964066e-11
203,2023-11-25 22:00:00+00:00,0.0005568962927651865
203,2023-11-25 23:00:00+00:00,0.29605117066711234
203,2023-11-26 00:00:00+00:00,0.00039022650974079366
203,2023-11-26 01:00:00+00:00,6.856656999935278e-11
203,2023-11-26 02:00:00+00:00,4.085814779016719e-155
203,2023-11-26 03:00:00+00:00,7.964425563886752e-21
203,2023-11-26 04:00:00+00:00,3.640406807863222e-55
203,2023-11-26 05:00:00+00:00,8.320088531032086e-12
203,2023-11-26 06:00:00+00:00,7.938733874513742e-20
203,2023-11-26 07:00:00+00:00,8.29324953577439e-11
203,2023-11-26 08:00:00+00:00,2.27152342728641e-09
203,2023-11-26 09:00:00+00:00,7.938733874513742e-20
203,2023-11-26 10:00:00+00:00,1.3526853611741826e-10
203,2023-11-26 11:00:00+00:00,5.4905196077605606e-05
203,2023-11-26 12:00:00+00:00,0.0008231101315642169
203,2023-11-26 13:00:00+00:00,1.3526853611741826e-10
203,2023-11-26 14:00:00+00:00,5.4905196077605606e-05
203,2023-11-26 15:00:00+00:00,1.3526853611741826e-10
203,2023-11-26 16:00:00+00:00,1.2910076922078392e-19
203,2023-11-26 17:00:00+00:00,1.2910076922078392e-19
203,2023-11-26 18:00:00+00:00,1.348659511885038e-10
203,2023-11-26 19:00:00+00:00,1.3719365325766723e-19
203,2023-11-26 20:00:00+00:00,9.823072265669398e-11
203,2023-11-26 21:00:00+00:00,1.4777156859643183
203,2023-11-26 22:00:00+00:00,0.13877858697976214
203,2023-11-26 23:00:00+00:00,0.11412482985651326
203,2023-11-27 00:00:00+00:00,0.0376701891656655
203,2023-11-27 01:00:00+00:00,0.0469273311032511
203,2023-11-27 02:00:00+00:00,0.06786106019866167
203,2023-11-27 03:00:00+00:00,0.012493912469078643
203,2023-11-27 04:00:00+00:00,0.012493912469078643
203,2023-11-27 05:00:00+00:00,0.02056879177036103
203,2023-11-27 06:00:00+00:00,0.3010524083995979
203,2023-11-27 07:00:00+00:00,0.3010524083995979
203,2023-11-27 08:00:00+00:00,0.5288272154695591
203,2023-11-27 09:00:00+00:00,0.5288272154695591
203,2023-11-27 10:00:00+00:00,0.31721014838010814
203,2023-11-27 11:00:00+00:00,0.31721014838010814
203,2023-11-27 12:00:00+00:00,0.5436734011176156
203,2023-11-27 13:00:00+00:00,0.5156852352898648
203,2023-11-27 14:00:00+00:00,0.9104499359461216
203,2023-11-27 15:00:00+00:00,3.4471936807376055e-07
203,2023-11-27 16:00:00+00:00,0.006525804189576449
203,2023-11-27 17:00:00+00:00,0.20189546806403255
203,2023-11-27 18:00:00+00:00,0.64102869545101
203,2023-11-27 19:00:00+00:00,0.9522872991530913
203,2023-11-27 20:00:00+00:00,0.5069526665477405
203,2023-11-27 21:00:00+00:00,0.7946164282101338
203,2023-11-27 22:00:00+00:00,0.7175625565978939
203,2023-11-27 23:00:00+00:00,0.35684479306617883
203,2023-11-28 00:00:00+00:00,0.16204279428051882
203,2023-11-28 01:00:00+00:00,0.13880063689687844
203,2023-11-28 02:00:00+00:00,0.16610323211269587
203,2023-11-28 03:00:00+00:00,0.03316197838224928
203,2023-11-28 04:00:00+00:00,2.1202995950881575e-08
203,2023-11-28 05:00:00+00:00,0.03316197838224928
203,2023-11-28 06:00:00+00:00,0.9657559380152583
203,2023-11-28 07:00:00+00:00,0.44458959078952026
203,2023-11-28 08:00:00+00:00,0.0040191935194955
203,2023-11-28 09:00:00+00:00,0.1399214137983592
203,2023-11-28 10:00:00+00:00,0.1997564109503923
203,2023-11-28 11:00:00+00:00,2.5032283146758726e-15
203,2023-11-28 12:00:00+00:00,7.126290303202558e-29
203,2023-11-28 13:00:00+00:00,0.1997564109503923
203,2023-11-28 14:00:00+00:00,0.7180643378325384
203,2023-11-28 15:00:00+00:00,0.5156852352898648
203,2023-11-28 16:00:00+00:00,0.5311314382618907
203,2023-11-28 17:00:00+00:00,0.5726782819333147
203,2023-11-28 18:00:00+00:00,0.20236848232131305
203,2023-11-28 19:00:00+00:00,0.35730247078367866
203,2023-11-28 20:00:00+00:00,0.31295162375964636
203,2023-11-28 21:00:00+00:00,0.4430540928032912
203,2023-11-28 22:00:00+00:00,0.9522994943664976
203,2023-11-28 23:00:00+00:00,1.2332013765703898e-19
203,2023-11-29 00:00:00+00:00,1.0365203942091389e-09
203,2023-11-29 01:00:00+00:00,0.20770469012422943
203,2023-11-29 02:00:00+00:00,0.47489481980627496
203,2023-11-29 03:00:00+00:00,7.964425563886752e-21
203,2023-11-29 04:00:00+00:00,1.5396840850214923e-16
203,2023-11-29 05:00:00+00:00,0.04439389825306246
203,2023-11-29 06:00:00+00:00,2.27152342728641e-09
203,2023-11-29 07:00:00+00:00,1.956203207930915
203,2023-11-29 08:00:00+00:00,0.5766259255295312
203,2023-11-29 09:00:00+00:00,0.0040191935194955
203,2023-11-29 10:00:00+00:00,6.708816033509591e-51
203,2023-11-29 11:00:00+00:00,7.451772350482352e-88
203,2023-11-29 12:00:00+00:00,6.708816033509591e-51
203,2023-11-29 13:00:00+00:00,3.4471936807376055e-07
203,2023-11-29 14:00:00+00:00,2.5032283146758726e-15
203,2023-11-29 15:00:00+00:00,2.5032283146758726e-15
203,2023-11-29 16:00:00+00:00,3.4369371655084237e-07
203,2023-11-29 17:00:00+00:00,2.495778234480403e-15
203,2023-11-29 18:00:00+00:00,3.4369371655084237e-07
203,2023-11-29 19:00:00+00:00,3.4270387463931942e-15
203,2023-11-29 20:00:00+00:00,5.333688944787605e-29
203,2023-11-29 21:00:00+00:00,8.577700499987262e-52
203,2023-11-29 22:00:00+00:00,2.6613472680294113e-88
203,2023-11-29 23:00:00+00:00,4.391222992248529e-88
203,2023-11-30 00:00:00+00:00,1.3132088420849583e-07
203,2023-11-30 01:00:00+00:00,1.4449627671348144e-07
203,2023-11-30 02:00:00+00:00,1.5767156098208094e-07
203,2023-11-30 03:00:00+00:00,2.1202995950881575e-08
203,2023-11-30 04:00:00+00:00,0.0004025887617281093
203,2023-11-30 05:00:00+00:00,2.1202995950881575e-08
203,2023-11-30 06:00:00+00:00,1.5347173856048e-15
203,2023-11-30 07:00:00+00:00,2.113477117816143e-07
203,2023-11-30 08:00:00+00:00,2.113477117816143e-07
203,2023-11-30 09:00:00+00:00,1.5347173856048e-15
203,2023-11-30 10:00:00+00:00,2.5032283146758726e-15
203,2023-11-30 11:00:00+00:00,2.5032283146758726e-15
203,2023-11-30 12:00:00+00:00,2.5032283146758726e-15
203,2023-11-30 13:00:00+00:00,2.5032283146758726e-15
203,2023-11-30 14:00:00+00:00,2.5032283146758726e-15
203,2023-11-30 15:00:00+00:00,3.4471936807376055e-07
203,2023-11-30 16:00:00+00:00,3.4369371655084237e-07
203,2023-11-30 17:00:00+00:00,2.495778234480403e-15
203,2023-11-30 18:00:00+00:00,3.4369371655084237e-07
203,2023-11-30 19:00:00+00:00,3.816533418032224e-07
203,2023-11-30 20:00:00+00:00,3.8370492914377253e-07
203,2023-11-30 21:00:00+00:00,2.5648729905166444e-07
203,2023-11-30 22:00:00+00:00,2.503309984939164e-07
203,2023-11-30 23:00:00+00:00,1.9269957660633313e-07
203,2023-12-01 00:00:00+00:00,1.207048525932818e-07
203,2023-12-01 01:00:00+00:00,1.2786540364454058e-07
203,2023-12-01 02:00:00+00:00,1.022622087646809e-15
203,2023-12-01 03:00:00+00:00,2.1202995950881575e-08
203,2023-12-01 04:00:00+00:00,1.5396840850214923e-16
203,2023-12-01 05:00:00+00:00,1.5396840850214923e-16
203,2023-12-01 06:00:00+00:00,2.113477117816143e-07
203,2023-12-01 07:00:00+00:00,2.113477117816143e-07
203,2023-12-01 08:00:00+00:00,2.113477117816143e-07
203,2023-12-01 09:00:00+00:00,2.113477117816143e-07
203,2023-12-01 10:00:00+00:00,3.4471936807376055e-07
203,2023-12-01 11:00:00+00:00,3.4471936807376055e-07
203,2023-12-01 12:00:00+00:00,3.4471936807376055e-07
203,2023-12-01 13:00:00+00:00,0.1997564109503923
203,2023-12-01 14:00:00+00:00,2.5032283146758726e-15
203,2023-12-01 15:00:00+00:00,3.4471936807376055e-07
203,2023-12-01 16:00:00+00:00,0.5370054468822355
203,2023-12-01 17:00:00+00:00,2.495778234480403e-15
203,2023-12-01 18:00:00+00:00,7.10508110587254e-29
203,2023-12-01 19:00:00+00:00,2.6224296604760132e-15
203,2023-12-01 20:00:00+00:00,0.15759896568520596
203,2023-12-01 21:00:00+00:00,0.1397897402840272
203,2023-12-01 22:00:00+00:00,0.26674442735596077
203,2023-12-01 23:00:00+00:00,0.18240236760055986
203,2023-12-02 00:00:00+00:00,1.575540373158228e-29
203,2023-12-02 01:00:00+00:00,9.743391219930203e-10
203,2023-12-02 02:00:00+00:00,2.2528071172354228e-88
203,2023-12-02 03:00:00+00:00,0.0004025887617281093
203,2023-12-02 04:00:00+00:00,0.012459832388072526
203,2023-12-02 05:00:00+00:00,2.1202995950881575e-08
203,2023-12-02 06:00:00+00:00,4.5686461434504896e-88
203,2023-12-02 07:00:00+00:00,3.366214710897241e-05
203,2023-12-02 08:00:00+00:00,8.29324953577439e-11
203,2023-12-02 09:00:00+00:00,0.018985821591283657
203,2023-12-02 10:00:00+00:00,0.6838519261898094
203,2023-12-02 11:00:00+00:00,0.025686040294756875
203,2023-12-02 12:00:00+00:00,0.00016456650224627015
203,2023-12-02 13:00:00+00:00,0.31721014838010814
203,2023-12-02 14:00:00+00:00,2.3851359389264593
203,2023-12-02 15:00:00+00:00,5.4905196077605606e-05
203,2023-12-02 16:00:00+00:00,3.693982261198426e-09
203,2023-12-02 17:00:00+00:00,3.693982261198426e-09
203,2023-12-02 18:00:00+00:00,5.474179290096842e-05
203,2023-12-02 19:00:00+00:00,3.7050090713563285e-09
203,2023-12-02 20:00:00+00:00,4.5427518291532905e-05
203,2023-12-02 21:00:00+00:00,3.1047583470744264e-05
203,2023-12-02 22:00:00+00:00,2.1833089157621363e-09
203,2023-12-02 23:00:00+00:00,1.9186654132079863e-09
203,2023-12-03 00:00:00+00:00,6.185143224563933e-05
203,2023-12-03 01:00:00+00:00,6.864208870138016e-05
203,2023-12-03 02:00:00+00:00,0.00037421814766599125
203,2023-12-03 03:00:00+00:00,5.0681186609345386e-05
203,2023-12-03 04:00:00+00:00,3.377105640398856e-06
203,2023-12-03 05:00:00+00:00,8.320088531032086e-12
203,2023-12-03 06:00:00+00:00,0.00010089894910505928
203,2023-12-03 07:00:00+00:00,0.00010089894910505928
203,2023-12-03 08:00:00+00:00,2.27152342728641e-09
203,2023-12-03 09:00:00+00:00,7.938733874513742e-20
203,2023-12-03 10:00:00+00:00,1.2948614464084225e-19
203,2023-12-03 11:00:00+00:00,1.3526853611741826e-10
203,2023-12-03 12:00:00+00:00,5.4905196077605606e-05
203,2023-12-03 13:00:00+00:00,0.025686040294756875
203,2023-12-03 14:00:00+00:00,0.8362590331007224
203,2023-12-03 15:00:00+00:00,0.697738175480776
203,2023-12-03 16:00:00+00:00,0.00016407734867668732
203,2023-12-03 17:00:00+00:00,1.348659511885038e-10
203,2023-12-03 18:00:00+00:00,1.348659511885038e-10
203,2023-12-03 19:00:00+00:00,6.27487900082606e-05
203,2023-12-03 20:00:00+00:00,1.3333989891370032e-19
203,2023-12-03 21:00:00+00:00,8.786559813738168e-20
203,2023-12-03 22:00:00+00:00,8.05169857841712e-11
203,2023-12-03 23:00:00+00:00,1.3673247762880088e-09
203,2023-12-04 00:00:00+00:00,1.14678852036397e-09
203,2023-12-04 01:00:00+00:00,1.3696462085420937e-09
203,2023-12-04 02:00:00+00:00,5.814173920834858e-11
203,2023-12-04 03:00:00+00:00,2.2788746288198034e-10
203,2023-12-04 04:00:00+00:00,1.0122186804455035e-05
203,2023-12-04 05:00:00+00:00,5.0681186609345386e-05
203,2023-12-04 06:00:00+00:00,3.366214710897241e-05
203,2023-12-04 07:00:00+00:00,2.27152342728641e-09
203,2023-12-04 08:00:00+00:00,7.938733874513742e-20
203,2023-12-04 09:00:00+00:00,2.27152342728641e-09
203,2023-12-04 10:00:00+00:00,0.6195673908288577
203,2023-12-04 11:00:00+00:00,0.5187251241878009
203,2023-12-04 12:00:00+00:00,0.6195673908288577
203,2023-12-04 13:00:00+00:00,0.6195673908288577
203,2023-12-04 14:00:00+00:00,0.9104499359461216
203,2023-12-04 15:00:00+00:00,0.9104499359461216
203,2023-12-04 16:00:00+00:00,0.9401595292565843
203,2023-12-04 17:00:00+00:00,0.9401595292565843
203,2023-12-04 18:00:00+00:00,1.2716429183419327
203,2023-12-04 19:00:00+00:00,1.5230563819088192
203,2023-12-04 20:00:00+00:00,0.9666649701988439
203,2023-12-04 21:00:00+00:00,0.8216615402422591
203,2023-12-04 22:00:00+00:00,0.6964561286923583
203,2023-12-04 23:00:00+00:00,0.5398300527262667
203,2023-12-05 00:00:00+00:00,0.23039543177763128
203,2023-12-05 01:00:00+00:00,0.3135479970422074
203,2023-12-05 02:00:00+00:00,0.35656893802468237
203,2023-12-05 03:00:00+00:00,0.032794828139235795
203,2023-12-05 04:00:00+00:00,0.032794828139235795
203,2023-12-05 05:00:00+00:00,0.045698677631473804
203,2023-12-05 06:00:00+00:00,0.8435007629120337
203,2023-12-05 07:00:00+00:00,0.7651641934815501
203,2023-12-05 08:00:00+00:00,0.8435007629120337
203,2023-12-05 09:00:00+00:00,0.7651641934815501
203,2023-12-05 10:00:00+00:00,0.9104499359461216
203,2023-12-05 11:00:00+00:00,0.6195673908288577
203,2023-12-05 12:00:00+00:00,0.6195673908288577
203,2023-12-05 13:00:00+00:00,1.1569208462281617
203,2023-12-05 14:00:00+00:00,0.6195673908288577
203,2023-12-05 15:00:00+00:00,1.2334020259610683
203,2023-12-05 16:00:00+00:00,1.2716429183419327
203,2023-12-05 17:00:00+00:00,0.64102869545101
203,2023-12-05 18:00:00+00:00,0.5370054468822355
203,2023-12-05 19:00:00+00:00,1.3027471335333336
203,2023-12-05 20:00:00+00:00,1.1992255388796327
203,2023-12-05 21:00:00+00:00,0.48100734552847524
203,2023-12-05 22:00:00+00:00,0.1363278974611821
203,2023-12-05 23:00:00+00:00,0.3101597263709351
203,2023-12-06 00:00:00+00:00,0.3787865257405318
203,2023-12-06 01:00:00+00:00,0.28532691582429087
203,2023-12-06 02:00:00+00:00,0.1958283846393004
203,2023-12-06 03:00:00+00:00,0.06367296233283332
203,2023-12-06 04:00:00+00:00,4.583431406050653e-89
203,2023-12-06 05:00:00+00:00,8.320088531032086e-12
203,2023-12-06 06:00:00+00:00,0.5945843158507174
203,2023-12-06 07:00:00+00:00,3.63911225192198e-54
203,2023-12-06 08:00:00+00:00,2.27152342728641e-09
203,2023-12-06 09:00:00+00:00,2.27152342728641e-09
203,2023-12-06 10:00:00+00:00,5.921487817122028e-54
203,2023-12-06 11:00:00+00:00,1.3526853611741826e-10
203,2023-12-06 12:00:00+00:00,1.3526853611741826e-10
203,2023-12-06 13:00:00+00:00,3.7050090727071744e-09
203,2023-12-06 14:00:00+00:00,1.3526853611741826e-10
203,2023-12-06 15:00:00+00:00,1.3526853611741826e-10
203,2023-12-06 16:00:00+00:00,1.348659511885038e-10
203,2023-12-06 17:00:00+00:00,1.348659511885038e-10
203,2023-12-06 18:00:00+00:00,1.348659511885038e-10
203,2023-12-06 19:00:00+00:00,1.4009955526438385e-10
203,2023-12-06 20:00:00+00:00,1.9002008645059195e-10
203,2023-12-06 21:00:00+00:00,4.6533149549005495e-09
203,2023-12-06 22:00:00+00:00,1.2802200739682425e-10
203,2023-12-06 23:00:00+00:00,3.065453930833879e-09
203,2023-12-07 00:00:00+00:00,1.7422364059777603e-09
203,2023-12-07 01:00:00+00:00,1.765824196659694e-09
203,2023-12-07 02:00:00+00:00,1.789411987300628e-09
203,2023-12-07 03:00:00+00:00,2.2788746288198034e-10
203,2023-12-07 04:00:00+00:00,3.377105640398856e-06
203,2023-12-07 05:00:00+00:00,3.377105640398856e-06
203,2023-12-07 06:00:00+00:00,0.00010089894910505928
203,2023-12-07 07:00:00+00:00,0.00010089894910505928
203,2023-12-07 08:00:00+00:00,0.00010089894910505928
203,2023-12-07 09:00:00+00:00,0.00010089894910505928
203,2023-12-07 10:00:00+00:00,0.00016456650224627015
203,2023-12-07 11:00:00+00:00,5.4905196077605606e-05
203,2023-12-07 12:00:00+00:00,0.00016456650224627015
203,2023-12-07 13:00:00+00:00,0.00016456650224627015
203,2023-12-07 14:00:00+00:00,0.00016456650224627015
203,2023-12-07 15:00:00+00:00,5.4905196077605606e-05
203,2023-12-07 16:00:00+00:00,0.00016407734867668732
203,2023-12-07 17:00:00+00:00,0.00016407734867668732
203,2023-12-07 18:00:00+00:00,0.02433445056466552
203,2023-12-07 19:00:00+00:00,0.8689836834779089
203,2023-12-07 20:00:00+00:00,1.2194136323415554
203,2023-12-07 21:00:00+00:00,0.16900298860828267
203,2023-12-07 22:00:00+00:00,0.16900298860828267
203,2023-12-07 23:00:00+00:00,0.3312392226099659
203,2023-12-08 00:00:00+00:00,0.06548069139220423
203,2023-12-08 01:00:00+00:00,0.06548069139220423
203,2023-12-08 02:00:00+00:00,3.377105640398856e-06
203,2023-12-08 03:00:00+00:00,0.06548069139220423
203,2023-12-08 04:00:00+00:00,0.04357400154912624
203,2023-12-08 05:00:00+00:00,0.06548069139220423
203,2023-12-08 06:00:00+00:00,0.5716746891067988
203,2023-12-08 07:00:00+00:00,0.5716746891067988
203,2023-12-08 08:00:00+00:00,0.5716746891067988
203,2023-12-08 09:00:00+00:00,0.5716746891067988
203,2023-12-08 10:00:00+00:00,0.8362590331007224
203,2023-12-08 11:00:00+00:00,0.8362590331007224
203,2023-12-08 12:00:00+00:00,0.697738175480776
203,2023-12-08 13:00:00+00:00,0.3508308566360193
203,2023-12-08 14:00:00+00:00,0.697738175480776
203,2023-12-08 15:00:00+00:00,0.697738175480776
203,2023-12-08 16:00:00+00:00,0.3580662912430058
203,2023-12-08 17:00:00+00:00,0.7056898060594474
203,2023-12-08 18:00:00+00:00,0.7189762480293567
203,2023-12-08 19:00:00+00:00,0.40551561344412995
203,2023-12-08 20:00:00+00:00,0.3312392226099659
203,2023-12-08 21:00:00+00:00,0.40551561344412995
203,2023-12-08 22:00:00+00:00,0.40551561344412995
203,2023-12-08 23:00:00+00:00,0.40551561344412995
203,2023-12-09 00:00:00+00:00,0.04357400154912624
203,2023-12-09 01:00:00+00:00,0.05340939873902767
203,2023-12-09 02:00:00+00:00,0.1828728501877222
203,2023-12-09 03:00:00+00:00,0.002039799951558613
203,2023-12-09 04:00:00+00:00,5.0681186609345386e-05
203,2023-12-09 05:00:00+00:00,1.0122186804455035e-05
203,2023-12-09 06:00:00+00:00,0.00010089894910505928
203,2023-12-09 07:00:00+00:00,0.00010089894910505928
203,2023-12-09 08:00:00+00:00,0.018985821591283657
203,2023-12-09 09:00:00+00:00,0.5716746891067988
203,2023-12-09 10:00:00+00:00,0.1973042057129255
203,2023-12-09 11:00:00+00:00,0.31721014838010814
203,2023-12-09 12:00:00+00:00,0.31721014838010814
203,2023-12-09 13:00:00+00:00,0.31721014838010814
203,2023-12-09 14:00:00+00:00,0.5436734011176156
203,2023-12-09 15:00:00+00:00,0.31721014838010814
203,2023-12-09 16:00:00+00:00,0.5726782819333147
203,2023-12-09 17:00:00+00:00,0.5726782819333147
203,2023-12-09 18:00:00+00:00,0.5726782819333147
203,2023-12-09 19:00:00+00:00,0.2660699087603519
203,2023-12-09 20:00:00+00:00,0.2660699087603519
203,2023-12-09 21:00:00+00:00,0.2660699087603519
203,2023-12-09 22:00:00+00:00,0.2660699087603519
203,2023-12-09 23:00:00+00:00,0.2660699087603519
203,2023-12-10 00:00:00+00:00,0.02056879177036103
203,2023-12-10 01:00:00+00:00,0.035380821469441055
203,2023-12-10 02:00:00+00:00,0.02056879177036103
203,2023-12-10 03:00:00+00:00,0.035380821469441055
203,2023-12-10 04:00:00+00:00,0.02056879177036103
203,2023-12-10 05:00:00+00:00,0.02056879177036103
203,2023-12-10 06:00:00+00:00,0.5766259255295312
203,2023-12-10 07:00:00+00:00,0.5716746891067988
203,2023-12-10 08:00:00+00:00,1.2222077196387202
203,2023-12-10 09:00:00+00:00,0.0005091085942222595
203,2023-12-10 10:00:00+00:00,0.0008231101315642169
203,2023-12-10 11:00:00+00:00,0.025686040294756875
203,2023-12-10 12:00:00+00:00,1.0258567876577
203,2023-12-10 13:00:00+00:00,0.697738175480776
203,2023-12-10 14:00:00+00:00,0.1973042057129255
203,2023-12-10 15:00:00+00:00,0.31721014838010814
203,2023-12-10 16:00:00+00:00,0.33295916751588683
203,2023-12-10 17:00:00+00:00,0.20236848232131305
203,2023-12-10 18:00:00+00:00,0.20236848232131305
203,2023-12-10 19:00:00+00:00,0.16900298860828267
203,2023-12-10 20:00:00+00:00,0.16900298860828267
203,2023-12-10 21:00:00+00:00,0.09527905489654907
203,2023-12-10 22:00:00+00:00,0.09527905489654907
203,2023-12-10 23:00:00+00:00,0.15496520015582813
203,2023-12-11 00:00:00+00:00,0.02056879177036103
203,2023-12-11 01:00:00+00:00,0.02056879177036103
203,2023-12-11 02:00:00+00:00,0.02056879177036103
203,2023-12-11 03:00:00+00:00,0.02056879177036103
203,2023-12-11 04:00:00+00:00,0.035380821469441055
203,2023-12-11 05:00:00+00:00,0.02056879177036103
203,2023-12-11 06:00:00+00:00,0.3010524083995979
203,2023-12-11 07:00:00+00:00,0.5288272154695591
203,2023-12-11 08:00:00+00:00,0.5288272154695591
203,2023-12-11 09:00:00+00:00,0.5288272154695591
203,2023-12-11 10:00:00+00:00,0.31721014838010814
203,2023-12-11 11:00:00+00:00,0.5681778401674883
203,2023-12-11 12:00:00+00:00,0.5436734011176156
203,2023-12-11 13:00:00+00:00,0.31721014838010814
203,2023-12-11 14:00:00+00:00,0.31721014838010814
203,2023-12-11 15:00:00+00:00,0.1973042057129255
203,2023-12-11 16:00:00+00:00,0.3580662912430058
203,2023-12-11 17:00:00+00:00,0.02433445056466552
203,2023-12-11 18:00:00+00:00,3.693982261198426e-09
203,2023-12-11 19:00:00+00:00,6.601693181869031e-05
203,2023-12-11 20:00:00+00:00,0.02267986639605372
203,2023-12-11 21:00:00+00:00,1.029762877867083
203,2023-12-11 22:00:00+00:00,0.00010415868291081386
203,2023-12-11 23:00:00+00:00,7.93431507596312e-05
203,2023-12-12 00:00:00+00:00,1.1787184523717694e-05
203,2023-12-12 01:00:00+00:00,0.006130839131668372
203,2023-12-12 02:00:00+00:00,0.6637234437224816
203,2023-12-12 03:00:00+00:00,0.1828728501877222
203,2023-12-12 04:00:00+00:00,0.06548069139220423
203,2023-12-12 05:00:00+00:00,0.1828728501877222
203,2023-12-12 06:00:00+00:00,0.8566917273251322
203,2023-12-12 07:00:00+00:00,1.2222077196387202
203,2023-12-12 08:00:00+00:00,1.2222077196387202
203,2023-12-12 09:00:00+00:00,1.2222077196387202
203,2023-12-12 10:00:00+00:00,2.3851359389264593
203,2023-12-12 11:00:00+00:00,1.0258567876577
203,2023-12-12 12:00:00+00:00,2.3851359389264593
203,2023-12-12 13:00:00+00:00,1.0258567876577
203,2023-12-12 14:00:00+00:00,0.3508308566360193
203,2023-12-12 15:00:00+00:00,0.3508308566360193
203,2023-12-12 16:00:00+00:00,0.3580662912430058
203,2023-12-12 17:00:00+00:00,0.20236848232131305
203,2023-12-12 18:00:00+00:00,0.20236848232131305
203,2023-12-12 19:00:00+00:00,0.21505222184295295
203,2023-12-12 20:00:00+00:00,0.2674074057764863
203,2023-12-12 21:00:00+00:00,0.20131747695703409
203,2023-12-12 22:00:00+00:00,0.301698785607259
203,2023-12-12 23:00:00+00:00,0.252138497864499
203,2023-12-13 00:00:00+00:00,0.1596116744112218
203,2023-12-13 01:00:00+00:00,0.2559082190030294
203,2023-12-13 02:00:00+00:00,0.28718363048979634
203,2023-12-13 03:00:00+00:00,0.05805432232820845
203,2023-12-13 04:00:00+00:00,0.05805432232820845
203,2023-12-13 05:00:00+00:00,0.05805432232820845
203,2023-12-13 06:00:00+00:00,0.7293862968278818
203,2023-12-13 07:00:00+00:00,0.5945843158507174
203,2023-12-13 08:00:00+00:00,0.7651641934815501
203,2023-12-13 09:00:00+00:00,0.7651641934815501
203,2023-12-13 10:00:00+00:00,0.6195673908288577
203,2023-12-13 11:00:00+00:00,0.9104499359461216
203,2023-12-13 12:00:00+00:00,0.9104499359461216
203,2023-12-13 13:00:00+00:00,0.9104499359461216
203,2023-12-13 14:00:00+00:00,0.9104499359461216
203,2023-12-13 15:00:00+00:00,0.9104499359461216
203,2023-12-13 16:00:00+00:00,0.9401595292565843
203,2023-12-13 17:00:00+00:00,0.9401595292565843
203,2023-12-13 18:00:00+00:00,1.1936475076761233
203,2023-12-13 19:00:00+00:00,1.1253609320398057
203,2023-12-13 20:00:00+00:00,0.9877976326928393
203,2023-12-13 21:00:00+00:00,0.6675420745100503
203,2023-12-13 22:00:00+00:00,0.8010658414541505
203,2023-12-13 23:00:00+00:00,0.4605352047107668
203,2023-12-14 00:00:00+00:00,0.1411814268379687
203,2023-12-14 01:00:00+00:00,0.15131607410517087
203,2023-12-14 02:00:00+00:00,0.1704344621668778
203,2023-12-14 03:00:00+00:00,0.035380821469441055
203,2023-12-14 04:00:00+00:00,0.06548069139220423
203,2023-12-14 05:00:00+00:00,0.002039799951558613
203,2023-12-14 06:00:00+00:00,0.00010089894910505928
203,2023-12-14 07:00:00+00:00,0.0005091085942222595
203,2023-12-14 08:00:00+00:00,1.2222077196387202
203,2023-12-14 09:00:00+00:00,0.8566917273251322
203,2023-12-14 10:00:00+00:00,2.3851359389264593
203,2023-12-14 11:00:00+00:00,0.697738175480776
203,2023-12-14 12:00:00+00:00,0.1973042057129255
203,2023-12-14 13:00:00+00:00,0.5681778401674883
203,2023-12-14 14:00:00+00:00,0.31721014838010814
203,2023-12-14 15:00:00+00:00,0.31721014838010814
203,2023-12-14 16:00:00+00:00,0.5726782819333147
203,2023-12-14 17:00:00+00:00,0.5311314382618907
203,2023-12-14 18:00:00+00:00,0.5311314382618907
203,2023-12-14 19:00:00+00:00,1.0911226451079414
203,2023-12-14 20:00:00+00:00,0.8228989056298526
203,2023-12-14 21:00:00+00:00,0.45376959145113777
203,2023-12-14 22:00:00+00:00,0.370707360805605
203,2023-12-14 23:00:00+00:00,0.3182561581979366
203,2023-12-15 00:00:00+00:00,0.10709875358189114
203,2023-12-15 01:00:00+00:00,0.12024008039785761
203,2023-12-15 02:00:00+00:00,0.13338140721382408
203,2023-12-15 03:00:00+00:00,0.02056879177036103
203,2023-12-15 04:00:00+00:00,0.02056879177036103
203,2023-12-15 05:00:00+00:00,0.035380821469441055
203,2023-12-15 06:00:00+00:00,0.26795133674461485
203,2023-12-15 07:00:00+00:00,0.8566917273251322
203,2023-12-15 08:00:00+00:00,0.5766259255295312
203,2023-12-15 09:00:00+00:00,0.5270996348978255
203,2023-12-15 10:00:00+00:00,1.0258567876577
203,2023-12-15 11:00:00+00:00,0.697738175480776
203,2023-12-15 12:00:00+00:00,0.3508308566360193
203,2023-12-15 13:00:00+00:00,1.0258567876577
203,2023-12-15 14:00:00+00:00,0.6838519261898094
203,2023-12-15 15:00:00+00:00,0.3508308566360193
203,2023-12-15 16:00:00+00:00,0.7189762480293567
203,2023-12-15 17:00:00+00:00,0.7189762480293567
203,2023-12-15 18:00:00+00:00,0.8649017171971001
203,2023-12-15 19:00:00+00:00,0.8177265315330506
203,2023-12-15 20:00:00+00:00,0.3591548829319784
203,2023-12-15 21:00:00+00:00,0.13929317676423203
203,2023-12-15 22:00:00+00:00,0.22559725033029507
203,2023-12-15 23:00:00+00:00,0.4450327589135382
203,2023-12-16 00:00:00+00:00,0.3261733302249999
203,2023-12-16 01:00:00+00:00,0.30272106594595016
203,2023-12-16 02:00:00+00:00,0.32671580556314817
203,2023-12-16 03:00:00+00:00,0.04439389825306246
203,2023-12-16 04:00:00+00:00,0.022103562903889668
203,2023-12-16 05:00:00+00:00,0.022103562903889668
203,2023-12-16 06:00:00+00:00,0.15704662510798056
203,2023-12-16 07:00:00+00:00,0.15704662510798056
203,2023-12-16 08:00:00+00:00,0.26795133674461485
203,2023-12-16 09:00:00+00:00,0.26795133674461485
203,2023-12-16 10:00:00+00:00,0.3508308566360193
203,2023-12-16 11:00:00+00:00,0.697738175480776
203,2023-12-16 12:00:00+00:00,0.3508308566360193
203,2023-12-16 13:00:00+00:00,0.3508308566360193
203,2023-12-16 14:00:00+00:00,0.3508308566360193
203,2023-12-16 15:00:00+00:00,0.3508308566360193
203,2023-12-16 16:00:00+00:00,0.20236848232131305
203,2023-12-16 17:00:00+00:00,0.7189762480293567
203,2023-12-16 18:00:00+00:00,0.3580662912430058
203,2023-12-16 19:00:00+00:00,0.3657708455410492
203,2023-12-16 20:00:00+00:00,0.5885671445007244
203,2023-12-16 21:00:00+00:00,0.4171532202801582
203,2023-12-16 22:00:00+00:00,0.3696473714094688
203,2023-12-16 23:00:00+00:00,0.1771686233140253
203,2023-12-17 00:00:00+00:00,0.253017715082439
203,2023-12-17 01:00:00+00:00,0.2754339045671503
203,2023-12-17 02:00:00+00:00,0.2975602939828715
203,2023-12-17 03:00:00+00:00,0.04439389825306246
203,2023-12-17 04:00:00+00:00,0.05340939873902767
203,2023-12-17 05:00:00+00:00,0.04439389825306246
203,2023-12-17 06:00:00+00:00,0.5766259255295312
203,2023-12-17 07:00:00+00:00,0.5766259255295312
203,2023-12-17 08:00:00+00:00,0.5766259255295312
203,2023-12-17 09:00:00+00:00,0.7114570717544736
203,2023-12-17 10:00:00+00:00,0.697738175480776
203,2023-12-17 11:00:00+00:00,0.697738175480776
203,2023-12-17 12:00:00+00:00,0.697738175480776
203,2023-12-17 13:00:00+00:00,0.697738175480776
203,2023-12-17 14:00:00+00:00,0.697738175480776
203,2023-12-17 15:00:00+00:00,0.1973042057129255
203,2023-12-17 16:00:00+00:00,0.3580662912430058
203,2023-12-17 17:00:00+00:00,0.3580662912430058
203,2023-12-17 18:00:00+00:00,0.7189762480293567
203,2023-12-17 19:00:00+00:00,0.8037553543817428
203,2023-12-17 20:00:00+00:00,0.543289610200772
203,2023-12-17 21:00:00+00:00,0.4508768400493495
203,2023-12-17 22:00:00+00:00,0.36209957019019884
203,2023-12-17 23:00:00+00:00,0.18917769303854082
203,2023-12-18 00:00:00+00:00,0.15264713834091717
203,2023-12-18 01:00:00+00:00,0.17767580941151748
203,2023-12-18 02:00:00+00:00,0.20322812514386135
203,2023-12-18 03:00:00+00:00,0.05340939873902767
203,2023-12-18 04:00:00+00:00,0.05340939873902767
203,2023-12-18 05:00:00+00:00,0.05340939873902767
203,2023-12-18 06:00:00+00:00,0.7114570717544736
203,2023-12-18 07:00:00+00:00,0.5766259255295312
203,2023-12-18 08:00:00+00:00,0.7114570717544736
203,2023-12-18 09:00:00+00:00,0.7114570717544736
203,2023-12-18 10:00:00+00:00,0.8362590331007224
203,2023-12-18 11:00:00+00:00,0.8362590331007224
203,2023-12-18 12:00:00+00:00,0.697738175480776
203,2023-12-18 13:00:00+00:00,0.697738175480776
203,2023-12-18 14:00:00+00:00,0.3508308566360193
203,2023-12-18 15:00:00+00:00,0.697738175480776
203,2023-12-18 16:00:00+00:00,0.7189762480293567
203,2023-12-18 17:00:00+00:00,0.7189762480293567
203,2023-12-18 18:00:00+00:00,0.7189762480293567
203,2023-12-18 19:00:00+00:00,0.5693901624237412
203,2023-12-18 20:00:00+00:00,0.5056778251834666
203,2023-12-18 21:00:00+00:00,0.38384663026691324
203,2023-12-18 22:00:00+00:00,0.3678791727929019
203,2023-12-18 23:00:00+00:00,0.2711897946455234
203,2023-12-19 00:00:00+00:00,0.11013175356403385
203,2023-12-19 01:00:00+00:00,0.17205363187730732
203,2023-12-19 02:00:00+00:00,0.09395189100592258
203,2023-12-19 03:00:00+00:00,0.012493912469078643
203,2023-12-19 04:00:00+00:00,0.012493912469078643
203,2023-12-19 05:00:00+00:00,0.012493912469078643
203,2023-12-19 06:00:00+00:00,0.15704662510798056
203,2023-12-19 07:00:00+00:00,0.3010524083995979
203,2023-12-19 08:00:00+00:00,1.0237665582454345
203,2023-12-19 09:00:00+00:00,1.5347173856048e-15
203,2023-12-19 10:00:00+00:00,1.2334020259610683
203,2023-12-19 11:00:00+00:00,0.5156852352898648
203,2023-12-19 12:00:00+00:00,0.5156852352898648
203,2023-12-19 13:00:00+00:00,0.5681778401674883
203,2023-12-19 14:00:00+00:00,0.85319780987811
203,2023-12-19 15:00:00+00:00,0.7180643378325384
203,2023-12-19 16:00:00+00:00,0.7401028696334538
203,2023-12-19 17:00:00+00:00,0.5944859561444188
203,2023-12-19 18:00:00+00:00,0.5726782819333147
203,2023-12-19 19:00:00+00:00,0.5781603531706498
203,2023-12-19 20:00:00+00:00,0.4431836613098067
203,2023-12-19 21:00:00+00:00,0.3242520687464906
203,2023-12-19 22:00:00+00:00,0.27394976255325476
203,2023-12-19 23:00:00+00:00,0.2778319847001345
203,2023-12-20 00:00:00+00:00,0.09208597001759089
203,2023-12-20 01:00:00+00:00,0.07101598072404972
203,2023-12-20 02:00:00+00:00,0.11959036278802027
203,2023-12-20 03:00:00+00:00,0.035380821469441055
203,2023-12-20 04:00:00+00:00,0.035380821469441055
203,2023-12-20 05:00:00+00:00,0.035380821469441055
203,2023-12-20 06:00:00+00:00,0.5288272154695591
203,2023-12-20 07:00:00+00:00,0.5288272154695591
203,2023-12-20 08:00:00+00:00,0.3010524083995979
203,2023-12-20 09:00:00+00:00,0.5288272154695591
203,2023-12-20 10:00:00+00:00,0.31721014838010814
203,2023-12-20 11:00:00+00:00,0.31721014838010814
203,2023-12-20 12:00:00+00:00,0.31721014838010814
203,2023-12-20 13:00:00+00:00,0.31721014838010814
203,2023-12-20 14:00:00+00:00,0.31721014838010814
203,2023-12-20 15:00:00+00:00,0.31721014838010814
203,2023-12-20 16:00:00+00:00,0.33295916751588683
203,2023-12-20 17:00:00+00:00,0.33295916751588683
203,2023-12-20 18:00:00+00:00,0.33295916751588683
203,2023-12-20 19:00:00+00:00,0.3710384049738574
203,2023-12-20 20:00:00+00:00,0.2679527911554269
203,2023-12-20 21:00:00+00:00,0.2033843874178134
203,2023-12-20 22:00:00+00:00,0.17359402550715694
203,2023-12-20 23:00:00+00:00,0.15126249181715828
203,2023-12-21 00:00:00+00:00,0.05454131599917527
203,2023-12-21 01:00:00+00:00,0.08875839864445133
203,2023-12-21 02:00:00+00:00,0.10336029218174862
203,2023-12-21 03:00:00+00:00,0.035380821469441055
203,2023-12-21 04:00:00+00:00,0.02056879177036103
203,2023-12-21 05:00:00+00:00,0.02056879177036103
203,2023-12-21 06:00:00+00:00,0.3010524083995979
203,2023-12-21 07:00:00+00:00,0.3010524083995979
203,2023-12-21 08:00:00+00:00,0.3010524083995979
203,2023-12-21 09:00:00+00:00,0.3010524083995979
203,2023-12-21 10:00:00+00:00,0.5436734011176156
203,2023-12-21 11:00:00+00:00,0.5436734011176156
203,2023-12-21 12:00:00+00:00,0.5681778401674883
203,2023-12-21 13:00:00+00:00,0.5681778401674883
203,2023-12-21 14:00:00+00:00,0.5156852352898648
203,2023-12-21 15:00:00+00:00,0.5681778401674883
203,2023-12-21 16:00:00+00:00,0.5311314382618907
203,2023-12-21 17:00:00+00:00,0.7401028696334538
203,2023-12-21 18:00:00+00:00,0.7401028696334538
203,2023-12-21 19:00:00+00:00,0.6586571861880955
203,2023-12-21 20:00:00+00:00,0.6110112655876057
203,2023-12-21 21:00:00+00:00,0.41386948422242714
203,2023-12-21 22:00:00+00:00,0.3527339495326629
203,2023-12-21 23:00:00+00:00,0.23610126476770915
203,2023-12-22 00:00:00+00:00,0.08441452957240161
203,2023-12-22 01:00:00+00:00,0.09471164284101981
203,2023-12-22 02:00:00+00:00,0.10543856560903699
203,2023-12-22 03:00:00+00:00,0.02056879177036103
203,2023-12-22 04:00:00+00:00,0.02056879177036103
203,2023-12-22 05:00:00+00:00,0.035380821469441055
203,2023-12-22 06:00:00+00:00,0.5288272154695591
203,2023-12-22 07:00:00+00:00,0.5288272154695591
203,2023-12-22 08:00:00+00:00,0.3010524083995979
203,2023-12-22 09:00:00+00:00,0.5288272154695591
203,2023-12-22 10:00:00+00:00,0.5436734011176156
203,2023-12-22 11:00:00+00:00,0.5681778401674883
203,2023-12-22 12:00:00+00:00,0.5681778401674883
203,2023-12-22 13:00:00+00:00,0.5436734011176156
203,2023-12-22 14:00:00+00:00,0.5681778401674883
203,2023-12-22 15:00:00+00:00,0.5681778401674883
203,2023-12-22 16:00:00+00:00,0.5944859561444188
203,2023-12-22 17:00:00+00:00,0.5944859561444188
203,2023-12-22 18:00:00+00:00,0.5726782819333147
203,2023-12-22 19:00:00+00:00,0.5042775326494786
203,2023-12-22 20:00:00+00:00,0.3955652900212074
203,2023-12-22 21:00:00+00:00,0.18359115594168837
203,2023-12-22 22:00:00+00:00,0.1781038210698232
203,2023-12-22 23:00:00+00:00,0.2744631991741131
203,2023-12-23 00:00:00+00:00,0.12334802750450609
203,2023-12-23 01:00:00+00:00,0.08269826696306737
203,2023-12-23 02:00:00+00:00,0.08724383262120287
203,2023-12-23 03:00:00+00:00,0.02056879177036103
203,2023-12-23 04:00:00+00:00,0.035380821469441055
203,2023-12-23 05:00:00+00:00,0.035380821469441055
203,2023-12-23 06:00:00+00:00,0.5288272154695591
203,2023-12-23 07:00:00+00:00,0.15704662510798056
203,2023-12-23 08:00:00+00:00,0.3010524083995979
203,2023-12-23 09:00:00+00:00,0.3010524083995979
203,2023-12-23 10:00:00+00:00,0.31721014838010814
203,2023-12-23 11:00:00+00:00,0.31721014838010814
203,2023-12-23 12:00:00+00:00,0.31721014838010814
203,2023-12-23 13:00:00+00:00,0.1973042057129255
203,2023-12-23 14:00:00+00:00,0.1973042057129255
203,2023-12-23 15:00:00+00:00,0.31721014838010814
203,2023-12-23 16:00:00+00:00,0.5726782819333147
203,2023-12-23 17:00:00+00:00,0.33295916751588683
203,2023-12-23 18:00:00+00:00,0.33295916751588683
203,2023-12-23 19:00:00+00:00,0.16451844880950664
203,2023-12-23 20:00:00+00:00,0.25759427059555334
203,2023-12-23 21:00:00+00:00,0.11658741317267578
203,2023-12-23 22:00:00+00:00,0.19936205836237808
203,2023-12-23 23:00:00+00:00,0.16673350717417054
203,2023-12-24 00:00:00+00:00,0.06741887007206088
203,2023-12-24 01:00:00+00:00,0.06925233669413172
203,2023-12-24 02:00:00+00:00,0.09889420832495566
203,2023-12-24 03:00:00+00:00,0.02056879177036103
203,2023-12-24 04:00:00+00:00,0.02056879177036103
203,2023-12-24 05:00:00+00:00,0.02056879177036103
203,2023-12-24 06:00:00+00:00,0.3010524083995979
203,2023-12-24 07:00:00+00:00,0.3010524083995979
203,2023-12-24 08:00:00+00:00,0.3010524083995979
203,2023-12-24 09:00:00+00:00,0.15704662510798056
203,2023-12-24 10:00:00+00:00,0.1973042057129255
203,2023-12-24 11:00:00+00:00,0.1973042057129255
203,2023-12-24 12:00:00+00:00,0.1973042057129255
203,2023-12-24 13:00:00+00:00,0.1973042057129255
203,2023-12-24 14:00:00+00:00,0.31721014838010814
203,2023-12-24 15:00:00+00:00,0.1973042057129255
203,2023-12-24 16:00:00+00:00,0.20236848232131305
203,2023-12-24 17:00:00+00:00,0.20236848232131305
203,2023-12-24 18:00:00+00:00,0.20236848232131305
203,2023-12-24 19:00:00+00:00,0.10222358957773788
203,2023-12-24 20:00:00+00:00,0.09662743218166381
203,2023-12-24 21:00:00+00:00,0.08833892505509496
203,2023-12-24 22:00:00+00:00,0.07974253550210378
203,2023-12-24 23:00:00+00:00,0.06137918329987125
203,2023-12-25 00:00:00+00:00,0.02936442432381796
203,2023-12-25 01:00:00+00:00,0.032194691938323895
203,2023-12-25 02:00:00+00:00,0.03732539273025526
203,2023-12-25 03:00:00+00:00,0.012493912469078643
203,2023-12-25 04:00:00+00:00,0.012493912469078643
203,2023-12-25 05:00:00+00:00,0.02056879177036103
203,2023-12-25 06:00:00+00:00,0.3010524083995979
203,2023-12-25 07:00:00+00:00,0.3010524083995979
203,2023-12-25 08:00:00+00:00,0.3010524083995979
203,2023-12-25 09:00:00+00:00,0.15704662510798056
203,2023-12-25 10:00:00+00:00,0.1973042057129255
203,2023-12-25 11:00:00+00:00,0.31721014838010814
203,2023-12-25 12:00:00+00:00,0.1973042057129255
203,2023-12-25 13:00:00+00:00,0.31721014838010814
203,2023-12-25 14:00:00+00:00,0.1973042057129255
203,2023-12-25 15:00:00+00:00,0.1973042057129255
203,2023-12-25 16:00:00+00:00,0.20236848232131305
203,2023-12-25 17:00:00+00:00,0.20236848232131305
203,2023-12-25 18:00:00+00:00,0.20236848232131305
203,2023-12-25 19:00:00+00:00,0.12551707533514783
203,2023-12-25 20:00:00+00:00,0.11521410998595305
203,2023-12-25 21:00:00+00:00,0.16060958170067327
203,2023-12-25 22:00:00+00:00,0.13122992177475856
203,2023-12-25 23:00:00+00:00,0.16874774880115212
203,2023-12-26 00:00:00+00:00,0.12386165294554055
203,2023-12-26 01:00:00+00:00,0.08167895618497832
203,2023-12-26 02:00:00+00:00,0.15103965708466302
203,2023-12-26 03:00:00+00:00,0.035380821469441055
203,2023-12-26 04:00:00+00:00,0.035380821469441055
203,2023-12-26 05:00:00+00:00,0.035380821469441055
203,2023-12-26 06:00:00+00:00,0.5288272154695591
203,2023-12-26 07:00:00+00:00,0.5270996348978255
203,2023-12-26 08:00:00+00:00,0.5288272154695591
203,2023-12-26 09:00:00+00:00,0.5288272154695591
203,2023-12-26 10:00:00+00:00,0.31721014838010814
203,2023-12-26 11:00:00+00:00,0.1973042057129255
203,2023-12-26 12:00:00+00:00,0.1973042057129255
203,2023-12-26 13:00:00+00:00,0.31721014838010814
203,2023-12-26 14:00:00+00:00,0.1973042057129255
203,2023-12-26 15:00:00+00:00,0.31721014838010814
203,2023-12-26 16:00:00+00:00,0.7189762480293567
203,2023-12-26 17:00:00+00:00,3.693982261198426e-09
203,2023-12-26 18:00:00+00:00,0.00016407734867668732
203,2023-12-26 19:00:00+00:00,0.00014889122188202603
203,2023-12-26 20:00:00+00:00,1.0547725137725037e-10
203,2023-12-26 21:00:00+00:00,9.259453365179505e-11
203,2023-12-26 22:00:00+00:00,8.615317478906234e-11
203,2023-12-26 23:00:00+00:00,5.797222976460395e-11
203,2023-12-27 00:00:00+00:00,7.498232651925168e-10
203,2023-12-27 01:00:00+00:00,9.007164916413438e-10
203,2023-12-27 02:00:00+00:00,1.5583993985333417e-05
203,2023-12-27 03:00:00+00:00,1.0122186804455035e-05
203,2023-12-27 04:00:00+00:00,5.0681186609345386e-05
203,2023-12-27 05:00:00+00:00,0.15373940573198594
203,2023-12-27 06:00:00+00:00,1.2222077196387202
203,2023-12-27 07:00:00+00:00,1.956203207930915
203,2023-12-27 08:00:00+00:00,1.956203207930915
203,2023-12-27 09:00:00+00:00,0.8566917273251322
203,2023-12-27 10:00:00+00:00,1.0258567876577
203,2023-12-27 11:00:00+00:00,1.0258567876577
203,2023-12-27 12:00:00+00:00,1.0258567876577
203,2023-12-27 13:00:00+00:00,1.0258567876577
203,2023-12-27 14:00:00+00:00,1.0258567876577
203,2023-12-27 15:00:00+00:00,0.3508308566360193
203,2023-12-27 16:00:00+00:00,0.20236848232131305
203,2023-12-27 17:00:00+00:00,0.3580662912430058
203,2023-12-27 18:00:00+00:00,0.3580662912430058
203,2023-12-27 19:00:00+00:00,0.6263841988435768
203,2023-12-27 20:00:00+00:00,0.518513558951553
203,2023-12-27 21:00:00+00:00,0.4587729857166922
203,2023-12-27 22:00:00+00:00,0.3942824422748525
203,2023-12-27 23:00:00+00:00,0.2893366205066107
203,2023-12-28 00:00:00+00:00,0.155933132916928
203,2023-12-28 01:00:00+00:00,0.09194236172778836
203,2023-12-28 02:00:00+00:00,0.10436549812664846
203,2023-12-28 03:00:00+00:00,0.022103562903889668
203,2023-12-28 04:00:00+00:00,0.022103562903889668
203,2023-12-28 05:00:00+00:00,0.022103562903889668
203,2023-12-28 06:00:00+00:00,0.15704662510798056
203,2023-12-28 07:00:00+00:00,0.26795133674461485
203,2023-12-28 08:00:00+00:00,0.5766259255295312
203,2023-12-28 09:00:00+00:00,0.5766259255295312
203,2023-12-28 10:00:00+00:00,0.697738175480776
203,2023-12-28 11:00:00+00:00,0.697738175480776
203,2023-12-28 12:00:00+00:00,0.697738175480776
203,2023-12-28 13:00:00+00:00,0.697738175480776
203,2023-12-28 14:00:00+00:00,0.3508308566360193
203,2023-12-28 15:00:00+00:00,0.3508308566360193
203,2023-12-28 16:00:00+00:00,0.20236848232131305
203,2023-12-28 17:00:00+00:00,0.20236848232131305
203,2023-12-28 18:00:00+00:00,0.3580662912430058
203,2023-12-28 19:00:00+00:00,0.1764663980467508
203,2023-12-28 20:00:00+00:00,0.1542927757829069
203,2023-12-28 21:00:00+00:00,0.1332416142726547
203,2023-12-28 22:00:00+00:00,0.0889971306247335
203,2023-12-28 23:00:00+00:00,0.0787850748687859
203,2023-12-29 00:00:00+00:00,0.053263155296481984
203,2023-12-29 01:00:00+00:00,0.060737342663428
203,2023-12-29 02:00:00+00:00,0.12350358122780881
203,2023-12-29 03:00:00+00:00,0.022103562903889668
203,2023-12-29 04:00:00+00:00,0.012493912469078643
203,2023-12-29 05:00:00+00:00,0.012493912469078643
203,2023-12-29 06:00:00+00:00,0.3010524083995979
203,2023-12-29 07:00:00+00:00,0.3010524083995979
203,2023-12-29 08:00:00+00:00,0.15704662510798056
203,2023-12-29 09:00:00+00:00,0.26795133674461485
203,2023-12-29 10:00:00+00:00,0.697738175480776
203,2023-12-29 11:00:00+00:00,0.1973042057129255
203,2023-12-29 12:00:00+00:00,0.5156852352898648
203,2023-12-29 13:00:00+00:00,0.5436734011176156
203,2023-12-29 14:00:00+00:00,0.31721014838010814
203,2023-12-29 15:00:00+00:00,0.31721014838010814
203,2023-12-29 16:00:00+00:00,0.33295916751588683
203,2023-12-29 17:00:00+00:00,0.33295916751588683
203,2023-12-29 18:00:00+00:00,0.33295916751588683
203,2023-12-29 19:00:00+00:00,0.20175557595427374
203,2023-12-29 20:00:00+00:00,0.2554149378769794
203,2023-12-29 21:00:00+00:00,0.17903754515472445
203,2023-12-29 22:00:00+00:00,0.10229089489740109
203,2023-12-29 23:00:00+00:00,0.15382902184733654
203,2023-12-30 00:00:00+00:00,0.06405635926960862
203,2023-12-30 01:00:00+00:00,0.2478845273136733
203,2023-12-30 02:00:00+00:00,0.3218156038349715
203,2023-12-30 03:00:00+00:00,0.1828728501877222
203,2023-12-30 04:00:00+00:00,0.06548069139220423
203,2023-12-30 05:00:00+00:00,5.0681186609345386e-05
203,2023-12-30 06:00:00+00:00,0.0005091085942222595
203,2023-12-30 07:00:00+00:00,0.0005091085942222595
203,2023-12-30 08:00:00+00:00,0.018985821591283657
203,2023-12-30 09:00:00+00:00,1.2222077196387202
203,2023-12-30 10:00:00+00:00,2.3851359389264593
203,2023-12-30 11:00:00+00:00,0.6838519261898094
203,2023-12-30 12:00:00+00:00,0.6838519261898094
203,2023-12-30 13:00:00+00:00,1.0258567876577
203,2023-12-30 14:00:00+00:00,1.0258567876577
203,2023-12-30 15:00:00+00:00,2.3851359389264593
203,2023-12-30 16:00:00+00:00,1.0577557048847754
203,2023-12-30 17:00:00+00:00,2.329285396322392
203,2023-12-30 18:00:00+00:00,1.0577557048847754
203,2023-12-30 19:00:00+00:00,0.19574345958093503
203,2023-12-30 20:00:00+00:00,0.02056325911019393
203,2023-12-30 21:00:00+00:00,0.01536219337495927
203,2023-12-30 22:00:00+00:00,0.013316329362002775
203,2023-12-30 23:00:00+00:00,0.4800100751176258
203,2023-12-31 00:00:00+00:00,0.27877267773787595
203,2023-12-31 01:00:00+00:00,0.6761145094192081
203,2023-12-31 02:00:00+00:00,0.007774058609088322
203,2023-12-31 03:00:00+00:00,0.04357400154912624
203,2023-12-31 04:00:00+00:00,0.04439389825306246
203,2023-12-31 05:00:00+00:00,0.04439389825306246
203,2023-12-31 06:00:00+00:00,0.7114570717544736
203,2023-12-31 07:00:00+00:00,0.5716746891067988
203,2023-12-31 08:00:00+00:00,0.5716746891067988
203,2023-12-31 09:00:00+00:00,0.8566917273251322
203,2023-12-31 10:00:00+00:00,0.8362590331007224
203,2023-12-31 11:00:00+00:00,0.697738175480776
203,2023-12-31 12:00:00+00:00,0.1973042057129255
203,2023-12-31 13:00:00+00:00,0.31721014838010814
203,2023-12-31 14:00:00+00:00,0.31721014838010814
203,2023-12-31 15:00:00+00:00,0.31721014838010814
203,2023-12-31 16:00:00+00:00,0.33295916751588683
203,2023-12-31 17:00:00+00:00,0.33295916751588683
203,2023-12-31 18:00:00+00:00,0.33295916751588683
203,2023-12-31 19:00:00+00:00,0.23722524318245733
203,2023-12-31 20:00:00+00:00,0.22720904597696184
203,2023-12-31 21:00:00+00:00,0.18134774329259204
203,2023-12-31 22:00:00+00:00,0.18465845100413206
203,2023-12-31 23:00:00+00:00,0.11680577179686404
