SITE_ID,DATE_TIME,traffic_nox_index
501,2023-01-01 00:00:00+00:00,0.4183730809871888
501,2023-01-01 01:00:00+00:00,0.3988821677792552
501,2023-01-01 02:00:00+00:00,0.41073574789885337
501,2023-01-01 03:00:00+00:00,0.8501236377664664
501,2023-01-01 04:00:00+00:00,0.31815579728390353
501,2023-01-01 05:00:00+00:00,0.6535229573417807
501,2023-01-01 06:00:00+00:00,0.1466337536695283
501,2023-01-01 07:00:00+00:00,0.08383093004380508
501,2023-01-01 08:00:00+00:00,0.24136315035148517
501,2023-01-01 09:00:00+00:00,0.06611873058613223
501,2023-01-01 10:00:00+00:00,0.1671187406182888
501,2023-01-01 11:00:00+00:00,0.8801155786645957
501,2023-01-01 12:00:00+00:00,1.4559990558057472
501,2023-01-01 13:00:00+00:00,0.6442325204902717
501,2023-01-01 14:00:00+00:00,0.6029741868969026
501,2023-01-01 15:00:00+00:00,0.3787800820863713
501,2023-01-01 16:00:00+00:00,0.4837212465981502
501,2023-01-01 17:00:00+00:00,0.017429395308131115
501,2023-01-01 18:00:00+00:00,0.25541928078349874
501,2023-01-01 19:00:00+00:00,0.2103526404411707
501,2023-01-01 20:00:00+00:00,0.15762661429244107
501,2023-01-01 21:00:00+00:00,0.11450779791518459
501,2023-01-01 22:00:00+00:00,0.10640158455422764
501,2023-01-01 23:00:00+00:00,0.11568007394523219
501,2023-01-02 00:00:00+00:00,0.07279838199745742
501,2023-01-02 01:00:00+00:00,0.06613889899679698
501,2023-01-02 02:00:00+00:00,0.044487866898608036
501,2023-01-02 03:00:00+00:00,0.0033996176711076184
501,2023-01-02 04:00:00+00:00,0.0009242633831349331
501,2023-01-02 05:00:00+00:00,0.001113074297919265
501,2023-01-02 06:00:00+00:00,0.0010186040564302567
501,2023-01-02 07:00:00+00:00,0.0024434657158483907
501,2023-01-02 08:00:00+00:00,0.0019202337158582866
501,2023-01-02 09:00:00+00:00,0.003448840593881423
501,2023-01-02 10:00:00+00:00,0.006085103735775289
501,2023-01-02 11:00:00+00:00,0.0032111803163129738
501,2023-01-02 12:00:00+00:00,4.2462166452322555e-05
501,2023-01-02 13:00:00+00:00,6.36950282031e-05
501,2023-01-02 14:00:00+00:00,0.01871622920467818
501,2023-01-02 15:00:00+00:00,0.01807238617673698
501,2023-01-02 16:00:00+00:00,0.0922168976125904
501,2023-01-02 17:00:00+00:00,1.9421298345339328
501,2023-01-02 18:00:00+00:00,0.4478866414250921
501,2023-01-02 19:00:00+00:00,0.23437850523854306
501,2023-01-02 20:00:00+00:00,0.05351495442210432
501,2023-01-02 21:00:00+00:00,0.027644176670683623
501,2023-01-02 22:00:00+00:00,0.020070988372661105
501,2023-01-02 23:00:00+00:00,0.07166015519214665
501,2023-01-03 00:00:00+00:00,0.03860397974000935
501,2023-01-03 01:00:00+00:00,0.02946454078199053
501,2023-01-03 02:00:00+00:00,0.024917769502269205
501,2023-01-03 03:00:00+00:00,0.0232932455851308
501,2023-01-03 04:00:00+00:00,0.014766942713713519
501,2023-01-03 05:00:00+00:00,0.034442780993872886
501,2023-01-03 06:00:00+00:00,0.05544084101626755
501,2023-01-03 07:00:00+00:00,0.1711447997310137
501,2023-01-03 08:00:00+00:00,0.29811886240299373
501,2023-01-03 09:00:00+00:00,0.38439899014386775
501,2023-01-03 10:00:00+00:00,0.31324548922710954
501,2023-01-03 11:00:00+00:00,0.4683221570317486
501,2023-01-03 12:00:00+00:00,0.5341363324541932
501,2023-01-03 13:00:00+00:00,0.3602039302649027
501,2023-01-03 14:00:00+00:00,0.3538119233608267
501,2023-01-03 15:00:00+00:00,0.377078646556694
501,2023-01-03 16:00:00+00:00,0.3433650305785093
501,2023-01-03 17:00:00+00:00,0.376704660632571
501,2023-01-03 18:00:00+00:00,0.46252627380991207
501,2023-01-03 19:00:00+00:00,0.6164021368518111
501,2023-01-03 20:00:00+00:00,0.2085253313016334
501,2023-01-03 21:00:00+00:00,0.025791371009463705
501,2023-01-03 22:00:00+00:00,0.23838998743254727
501,2023-01-03 23:00:00+00:00,0.22728909010504056
501,2023-01-04 00:00:00+00:00,0.015088263110757854
501,2023-01-04 01:00:00+00:00,0.08295361251729408
501,2023-01-04 02:00:00+00:00,0.03571157216589158
501,2023-01-04 03:00:00+00:00,0.04497443001943383
501,2023-01-04 04:00:00+00:00,0.005665529767909951
501,2023-01-04 05:00:00+00:00,0.0028570384934924115
501,2023-01-04 06:00:00+00:00,0.0025934005201167466
501,2023-01-04 07:00:00+00:00,0.008612325492349405
501,2023-01-04 08:00:00+00:00,0.012200476419003006
501,2023-01-04 09:00:00+00:00,0.014073944770297102
501,2023-01-04 10:00:00+00:00,0.012232521474188369
501,2023-01-04 11:00:00+00:00,0.011132610970720085
501,2023-01-04 12:00:00+00:00,0.011314943965397999
501,2023-01-04 13:00:00+00:00,0.013361758361876898
501,2023-01-04 14:00:00+00:00,0.011633613193712708
501,2023-01-04 15:00:00+00:00,0.014141876594331707
501,2023-01-04 16:00:00+00:00,0.01343790722793004
501,2023-01-04 17:00:00+00:00,0.011501591259307376
501,2023-01-04 18:00:00+00:00,0.011098200379793801
501,2023-01-04 19:00:00+00:00,0.008229704739393837
501,2023-01-04 20:00:00+00:00,0.006401171135565283
501,2023-01-04 21:00:00+00:00,0.005579598947032373
501,2023-01-04 22:00:00+00:00,0.005125530869163795
501,2023-01-04 23:00:00+00:00,0.0035886342394205618
501,2023-01-05 00:00:00+00:00,0.0016251904392741176
501,2023-01-05 01:00:00+00:00,0.001549296905094336
501,2023-01-05 02:00:00+00:00,0.0008548861810556929
501,2023-01-05 03:00:00+00:00,0.0006975895789792651
501,2023-01-05 04:00:00+00:00,0.0008325933926491987
501,2023-01-05 05:00:00+00:00,0.0010304402334588895
501,2023-01-05 06:00:00+00:00,0.019733153658871135
501,2023-01-05 07:00:00+00:00,0.2995075084718207
501,2023-01-05 08:00:00+00:00,0.08314849138336146
501,2023-01-05 09:00:00+00:00,0.07587660958438709
501,2023-01-05 10:00:00+00:00,0.7774079690711102
501,2023-01-05 11:00:00+00:00,0.6763548503640194
501,2023-01-05 12:00:00+00:00,0.6996815462428343
501,2023-01-05 13:00:00+00:00,0.06935007478580976
501,2023-01-05 14:00:00+00:00,0.575525676650697
501,2023-01-05 15:00:00+00:00,1.2844272933985974
501,2023-01-05 16:00:00+00:00,1.0569223517232267
501,2023-01-05 17:00:00+00:00,0.35085385747084824
501,2023-01-05 18:00:00+00:00,0.3846570016888394
501,2023-01-05 19:00:00+00:00,0.8253040658481252
501,2023-01-05 20:00:00+00:00,0.6118038324476874
501,2023-01-05 21:00:00+00:00,0.4026310811272902
501,2023-01-05 22:00:00+00:00,0.4214644726034784
501,2023-01-05 23:00:00+00:00,0.2730057889714433
501,2023-01-06 00:00:00+00:00,0.002727547785624719
501,2023-01-06 01:00:00+00:00,0.0018038214486497477
501,2023-01-06 02:00:00+00:00,0.0021077831854577726
501,2023-01-06 03:00:00+00:00,0.00217789608837462
501,2023-01-06 04:00:00+00:00,0.0023004540652389743
501,2023-01-06 05:00:00+00:00,0.08984946398910952
501,2023-01-06 06:00:00+00:00,0.030908032056602277
501,2023-01-06 07:00:00+00:00,0.18101795907288568
501,2023-01-06 08:00:00+00:00,1.0361641365207082
501,2023-01-06 09:00:00+00:00,0.33430773603306496
501,2023-01-06 10:00:00+00:00,0.3351428117885891
501,2023-01-06 11:00:00+00:00,0.33228432792816476
501,2023-01-06 12:00:00+00:00,0.3687615463026669
501,2023-01-06 13:00:00+00:00,0.3654694856183122
501,2023-01-06 14:00:00+00:00,0.5661682805980341
501,2023-01-06 15:00:00+00:00,0.35552672540733865
501,2023-01-06 16:00:00+00:00,0.4216675844506247
501,2023-01-06 17:00:00+00:00,0.32587248887177817
501,2023-01-06 18:00:00+00:00,0.2818360409738756
501,2023-01-06 19:00:00+00:00,0.44909753665968244
501,2023-01-06 20:00:00+00:00,0.38741830850962505
501,2023-01-06 21:00:00+00:00,0.28134229880621975
501,2023-01-06 22:00:00+00:00,0.16929718066732108
501,2023-01-06 23:00:00+00:00,0.1424297305379959
501,2023-01-07 00:00:00+00:00,0.10478722874531757
501,2023-01-07 01:00:00+00:00,0.09148634593650551
501,2023-01-07 02:00:00+00:00,0.06190798163316897
501,2023-01-07 03:00:00+00:00,0.052691452270378455
501,2023-01-07 04:00:00+00:00,0.05992338970402938
501,2023-01-07 05:00:00+00:00,0.05502548771880069
501,2023-01-07 06:00:00+00:00,0.03554616231745621
501,2023-01-07 07:00:00+00:00,0.06817535501680508
501,2023-01-07 08:00:00+00:00,0.07931357045698371
501,2023-01-07 09:00:00+00:00,0.16882248649431064
501,2023-01-07 10:00:00+00:00,0.11525455347818069
501,2023-01-07 11:00:00+00:00,0.41958985492695394
501,2023-01-07 12:00:00+00:00,0.010754402224049914
501,2023-01-07 13:00:00+00:00,0.5084900984320085
501,2023-01-07 14:00:00+00:00,1.2671944571329594
501,2023-01-07 15:00:00+00:00,0.5089192964966064
501,2023-01-07 16:00:00+00:00,0.44799844304350334
501,2023-01-07 17:00:00+00:00,0.05324780427669945
501,2023-01-07 18:00:00+00:00,0.04644353613558449
501,2023-01-07 19:00:00+00:00,0.37185351104993575
501,2023-01-07 20:00:00+00:00,0.880406104111273
501,2023-01-07 21:00:00+00:00,0.35990643853682175
501,2023-01-07 22:00:00+00:00,0.20826322627319793
501,2023-01-07 23:00:00+00:00,0.23030720148224829
501,2023-01-08 00:00:00+00:00,0.8635243928135733
501,2023-01-08 01:00:00+00:00,0.5960500451594335
501,2023-01-08 02:00:00+00:00,0.020539733799771028
501,2023-01-08 03:00:00+00:00,0.3609325910763018
501,2023-01-08 04:00:00+00:00,0.13088712346294012
501,2023-01-08 05:00:00+00:00,0.11961670004693467
501,2023-01-08 06:00:00+00:00,0.07086127298959667
501,2023-01-08 07:00:00+00:00,0.0880554314737636
501,2023-01-08 08:00:00+00:00,0.09714021111401161
501,2023-01-08 09:00:00+00:00,0.08218266845400028
501,2023-01-08 10:00:00+00:00,0.19592918476027582
501,2023-01-08 11:00:00+00:00,0.501194891598491
501,2023-01-08 12:00:00+00:00,0.7928691673026749
501,2023-01-08 13:00:00+00:00,0.7822966312069349
501,2023-01-08 14:00:00+00:00,2.1032198064009013
501,2023-01-08 15:00:00+00:00,0.9221142527607855
501,2023-01-08 16:00:00+00:00,0.10533943369820153
501,2023-01-08 17:00:00+00:00,1.6011207021490395
501,2023-01-08 18:00:00+00:00,0.4381942991601611
501,2023-01-08 19:00:00+00:00,0.18798536505397984
501,2023-01-08 20:00:00+00:00,0.14079109509085885
501,2023-01-08 21:00:00+00:00,0.1332208767165526
501,2023-01-08 22:00:00+00:00,0.508480913774841
501,2023-01-08 23:00:00+00:00,0.0006848162750797053
501,2023-01-09 00:00:00+00:00,0.0004909577869512468
501,2023-01-09 01:00:00+00:00,0.0026990991443952964
501,2023-01-09 02:00:00+00:00,0.0008657253946400091
501,2023-01-09 03:00:00+00:00,0.0007511463524331093
501,2023-01-09 04:00:00+00:00,0.00022277647731523838
501,2023-01-09 05:00:00+00:00,0.0006631724155783502
501,2023-01-09 06:00:00+00:00,0.0024429931302808044
501,2023-01-09 07:00:00+00:00,0.006367412305721674
501,2023-01-09 08:00:00+00:00,0.0031628123852714186
501,2023-01-09 09:00:00+00:00,0.003733109755068821
501,2023-01-09 10:00:00+00:00,0.004482741854872438
501,2023-01-09 11:00:00+00:00,0.004156768732349979
501,2023-01-09 12:00:00+00:00,4.340378285100619e-05
501,2023-01-09 13:00:00+00:00,0.003944801046331162
501,2023-01-09 14:00:00+00:00,0.001956617943631149
501,2023-01-09 15:00:00+00:00,0.0014023802997477127
501,2023-01-09 16:00:00+00:00,0.003602595667047275
501,2023-01-09 17:00:00+00:00,0.012387006870471983
501,2023-01-09 18:00:00+00:00,0.012432886789072698
501,2023-01-09 19:00:00+00:00,0.010174474042818831
501,2023-01-09 20:00:00+00:00,0.006685727094860693
501,2023-01-09 21:00:00+00:00,0.0017112273977677457
501,2023-01-09 22:00:00+00:00,2.6259863569347305e-05
501,2023-01-09 23:00:00+00:00,0.0008964572601010084
501,2023-01-10 00:00:00+00:00,0.004322556076338972
501,2023-01-10 01:00:00+00:00,0.0513933939444904
501,2023-01-10 02:00:00+00:00,0.04800138562801269
501,2023-01-10 03:00:00+00:00,0.04676288828095295
501,2023-01-10 04:00:00+00:00,0.04264100918474615
501,2023-01-10 05:00:00+00:00,0.045829478139253726
501,2023-01-10 06:00:00+00:00,0.06709604052779823
501,2023-01-10 07:00:00+00:00,0.12067867249177358
501,2023-01-10 08:00:00+00:00,0.4413478589642683
501,2023-01-10 09:00:00+00:00,0.4315706258429632
501,2023-01-10 10:00:00+00:00,0.3555017179290061
501,2023-01-10 11:00:00+00:00,1.7097698597639324
501,2023-01-10 12:00:00+00:00,0.6386575095635202
501,2023-01-10 13:00:00+00:00,0.6850992260004788
501,2023-01-10 14:00:00+00:00,1.4516005737611821
501,2023-01-10 15:00:00+00:00,0.5534060668793804
501,2023-01-10 16:00:00+00:00,1.4340831697598715
501,2023-01-10 17:00:00+00:00,1.497492355135383
501,2023-01-10 18:00:00+00:00,1.5311201327885524
501,2023-01-10 19:00:00+00:00,0.6601752050559482
501,2023-01-10 20:00:00+00:00,0.04694434258277791
501,2023-01-10 21:00:00+00:00,0.004823433357237035
501,2023-01-10 22:00:00+00:00,0.004762300818518209
501,2023-01-10 23:00:00+00:00,0.0048518119624191185
501,2023-01-11 00:00:00+00:00,0.0020029338855339744
501,2023-01-11 01:00:00+00:00,0.000702611586330099
501,2023-01-11 02:00:00+00:00,0.000793564608109833
501,2023-01-11 03:00:00+00:00,0.0023004540652389743
501,2023-01-11 04:00:00+00:00,0.002182447243498767
501,2023-01-11 05:00:00+00:00,0.0005877324278765863
501,2023-01-11 06:00:00+00:00,0.002964437237563922
501,2023-01-11 07:00:00+00:00,0.0060259809896702
501,2023-01-11 08:00:00+00:00,0.02090057789619105
501,2023-01-11 09:00:00+00:00,0.0267035784281251
501,2023-01-11 10:00:00+00:00,0.08307820893068257
501,2023-01-11 11:00:00+00:00,0.5716200969237873
501,2023-01-11 12:00:00+00:00,0.061932528476306474
501,2023-01-11 13:00:00+00:00,0.06671813817602673
501,2023-01-11 14:00:00+00:00,0.06872247918575125
501,2023-01-11 15:00:00+00:00,0.023617329219548757
501,2023-01-11 16:00:00+00:00,0.025259377242060663
501,2023-01-11 17:00:00+00:00,0.02172825043724277
501,2023-01-11 18:00:00+00:00,0.014615386962057214
501,2023-01-11 19:00:00+00:00,0.01280257856391436
501,2023-01-11 20:00:00+00:00,0.013879242756948924
501,2023-01-11 21:00:00+00:00,0.011747808415707533
501,2023-01-11 22:00:00+00:00,0.032578895390805045
501,2023-01-11 23:00:00+00:00,0.2945494866299125
501,2023-01-12 00:00:00+00:00,0.09586145818221911
501,2023-01-12 01:00:00+00:00,0.003739521938121466
501,2023-01-12 02:00:00+00:00,0.0012063878277631765
501,2023-01-12 03:00:00+00:00,0.00121111543843003
501,2023-01-12 04:00:00+00:00,0.0009242633831349331
501,2023-01-12 05:00:00+00:00,0.0013813688216323611
501,2023-01-12 06:00:00+00:00,0.0023952228694097454
501,2023-01-12 07:00:00+00:00,0.010620828853800177
501,2023-01-12 08:00:00+00:00,0.018136739158439504
501,2023-01-12 09:00:00+00:00,0.016586460244267145
501,2023-01-12 10:00:00+00:00,0.0543011170944461
501,2023-01-12 11:00:00+00:00,0.01786935661204128
501,2023-01-12 12:00:00+00:00,0.017778499481016417
501,2023-01-12 13:00:00+00:00,0.018452435576601946
501,2023-01-12 14:00:00+00:00,0.015151508654327501
501,2023-01-12 15:00:00+00:00,0.015420042086030228
501,2023-01-12 16:00:00+00:00,0.01490408195692349
501,2023-01-12 17:00:00+00:00,0.01386678017009699
501,2023-01-12 18:00:00+00:00,0.01419207081216389
501,2023-01-12 19:00:00+00:00,0.011785202047467615
501,2023-01-12 20:00:00+00:00,0.007013914279456297
501,2023-01-12 21:00:00+00:00,0.007526977866034327
501,2023-01-12 22:00:00+00:00,0.010058557664499644
501,2023-01-12 23:00:00+00:00,0.006439481861375648
501,2023-01-13 00:00:00+00:00,0.0018557307450916714
501,2023-01-13 01:00:00+00:00,0.001457009907936748
501,2023-01-13 02:00:00+00:00,0.0008508881777979215
501,2023-01-13 03:00:00+00:00,0.00034226702271730123
501,2023-01-13 04:00:00+00:00,0.0009558082314108327
501,2023-01-13 05:00:00+00:00,0.0012140741423991592
501,2023-01-13 06:00:00+00:00,0.001312078598483704
501,2023-01-13 07:00:00+00:00,0.001687182359516934
501,2023-01-13 08:00:00+00:00,0.002755042441193929
501,2023-01-13 09:00:00+00:00,0.004010101716551109
501,2023-01-13 10:00:00+00:00,0.003912300254857213
501,2023-01-13 11:00:00+00:00,0.0038143855247645083
501,2023-01-13 12:00:00+00:00,0.0038308409444324566
501,2023-01-13 13:00:00+00:00,0.004140422055534332
501,2023-01-13 14:00:00+00:00,0.004352462251346461
501,2023-01-13 15:00:00+00:00,0.0046785894007555385
501,2023-01-13 16:00:00+00:00,0.004890221818690901
501,2023-01-13 17:00:00+00:00,0.004091762624289853
501,2023-01-13 18:00:00+00:00,0.013524224507395257
501,2023-01-13 19:00:00+00:00,0.018268897359932347
501,2023-01-13 20:00:00+00:00,0.04511141841089945
501,2023-01-13 21:00:00+00:00,0.33328170907915816
501,2023-01-13 22:00:00+00:00,0.1770788481624978
501,2023-01-13 23:00:00+00:00,0.3402451695143512
501,2023-01-14 00:00:00+00:00,0.1822044434288687
501,2023-01-14 01:00:00+00:00,0.12328744219733902
501,2023-01-14 02:00:00+00:00,0.07647963778248733
501,2023-01-14 03:00:00+00:00,0.059303901423306625
501,2023-01-14 04:00:00+00:00,0.06278007178864281
501,2023-01-14 05:00:00+00:00,0.04169598493247471
501,2023-01-14 06:00:00+00:00,0.0674785187947211
501,2023-01-14 07:00:00+00:00,0.14796174302414647
501,2023-01-14 08:00:00+00:00,0.5051513494909528
501,2023-01-14 09:00:00+00:00,0.03828790293927645
501,2023-01-14 10:00:00+00:00,0.009833221902282445
501,2023-01-14 11:00:00+00:00,0.013588550910549776
501,2023-01-14 12:00:00+00:00,0.016757625037837832
501,2023-01-14 13:00:00+00:00,0.0135721168265127
501,2023-01-14 14:00:00+00:00,6.27291270807654e-05
501,2023-01-14 15:00:00+00:00,0.0065528305411599605
501,2023-01-14 16:00:00+00:00,0.004890312440455422
501,2023-01-14 17:00:00+00:00,0.003668112679015265
501,2023-01-14 18:00:00+00:00,0.003977829716158005
501,2023-01-14 19:00:00+00:00,0.011484623560579523
501,2023-01-14 20:00:00+00:00,0.011530503479180238
501,2023-01-14 21:00:00+00:00,0.009034596156150642
501,2023-01-14 22:00:00+00:00,0.009082130124237909
501,2023-01-14 23:00:00+00:00,0.008539033882991242
501,2023-01-15 00:00:00+00:00,0.007574275541337799
501,2023-01-15 01:00:00+00:00,0.005751062436999077
501,2023-01-15 02:00:00+00:00,0.0044086315712692295
501,2023-01-15 03:00:00+00:00,0.001399603611987604
501,2023-01-15 04:00:00+00:00,0.0058680811749452656
501,2023-01-15 05:00:00+00:00,0.014153326291404783
501,2023-01-15 06:00:00+00:00,0.011115381998139745
501,2023-01-15 07:00:00+00:00,0.0022440112248418675
501,2023-01-15 08:00:00+00:00,0.002859864434034043
501,2023-01-15 09:00:00+00:00,0.004358023189089662
501,2023-01-15 10:00:00+00:00,0.00640921291392322
501,2023-01-15 11:00:00+00:00,0.01950845380543563
501,2023-01-15 12:00:00+00:00,0.026546235999135616
501,2023-01-15 13:00:00+00:00,0.023983734767050742
501,2023-01-15 14:00:00+00:00,0.03003640240783651
501,2023-01-15 15:00:00+00:00,0.026672822753884228
501,2023-01-15 16:00:00+00:00,0.015401595601476425
501,2023-01-15 17:00:00+00:00,0.023152812648258175
501,2023-01-15 18:00:00+00:00,0.01630160335178818
501,2023-01-15 19:00:00+00:00,0.9950451864454838
501,2023-01-15 20:00:00+00:00,0.28717938475892935
501,2023-01-15 21:00:00+00:00,0.12703267206940239
501,2023-01-15 22:00:00+00:00,0.01971793080187765
501,2023-01-15 23:00:00+00:00,0.04087545962898343
501,2023-01-16 00:00:00+00:00,0.12056751865023323
501,2023-01-16 01:00:00+00:00,0.04307206970212699
501,2023-01-16 02:00:00+00:00,0.008460058383682648
501,2023-01-16 03:00:00+00:00,0.008797491292879326
501,2023-01-16 04:00:00+00:00,0.009732229322733776
501,2023-01-16 05:00:00+00:00,0.012017232773115033
501,2023-01-16 06:00:00+00:00,0.013783099302909501
501,2023-01-16 07:00:00+00:00,0.008916520934026523
501,2023-01-16 08:00:00+00:00,0.05211121494195953
501,2023-01-16 09:00:00+00:00,0.07341323080470281
501,2023-01-16 10:00:00+00:00,0.07463696953018223
501,2023-01-16 11:00:00+00:00,0.04708570775575968
501,2023-01-16 12:00:00+00:00,0.058615865930039285
501,2023-01-16 13:00:00+00:00,0.032909020529828234
501,2023-01-16 14:00:00+00:00,0.03864603620851907
501,2023-01-16 15:00:00+00:00,0.04106960518152532
501,2023-01-16 16:00:00+00:00,0.05574284952441016
501,2023-01-16 17:00:00+00:00,0.05541712684757272
501,2023-01-16 18:00:00+00:00,0.047436526820953624
501,2023-01-16 19:00:00+00:00,0.12409703577345918
501,2023-01-16 20:00:00+00:00,0.018247659161673705
501,2023-01-16 21:00:00+00:00,1.4153567985032728e-05
501,2023-01-16 22:00:00+00:00,0.027342388205159707
501,2023-01-16 23:00:00+00:00,0.045746548932500915
501,2023-01-17 00:00:00+00:00,0.10173751542202186
501,2023-01-17 01:00:00+00:00,0.009553587655309103
501,2023-01-17 02:00:00+00:00,0.005206922084892122
501,2023-01-17 03:00:00+00:00,0.009912547902376341
501,2023-01-17 04:00:00+00:00,0.008599215239563267
501,2023-01-17 05:00:00+00:00,0.011901842762738701
501,2023-01-17 06:00:00+00:00,0.014871194944100847
501,2023-01-17 07:00:00+00:00,0.19422839730450556
501,2023-01-17 08:00:00+00:00,0.8418365357093117
501,2023-01-17 09:00:00+00:00,0.13147131820721605
501,2023-01-17 10:00:00+00:00,0.14702018366610417
501,2023-01-17 11:00:00+00:00,0.08788714187227482
501,2023-01-17 12:00:00+00:00,0.08980994400967113
501,2023-01-17 13:00:00+00:00,0.1072173498881864
501,2023-01-17 14:00:00+00:00,0.02951773187260498
501,2023-01-17 15:00:00+00:00,0.04753841568255075
501,2023-01-17 16:00:00+00:00,0.046943832086013305
501,2023-01-17 17:00:00+00:00,0.003146489093305612
501,2023-01-17 18:00:00+00:00,0.031616803319151274
501,2023-01-17 19:00:00+00:00,0.0022988063390151007
501,2023-01-17 20:00:00+00:00,0.0016466426486922243
501,2023-01-17 21:00:00+00:00,0.001304173341908874
501,2023-01-17 22:00:00+00:00,0.000994587699264433
501,2023-01-17 23:00:00+00:00,0.0008968111701492436
501,2023-01-18 00:00:00+00:00,0.0004729136204929277
501,2023-01-18 01:00:00+00:00,0.0003159280346403057
501,2023-01-18 02:00:00+00:00,0.0007220804508693477
501,2023-01-18 03:00:00+00:00,0.00027982137185247354
501,2023-01-18 04:00:00+00:00,0.0006627654607650876
501,2023-01-18 05:00:00+00:00,7.218693684100161e-06
501,2023-01-18 06:00:00+00:00,1.5808775168143147e-05
501,2023-01-18 07:00:00+00:00,1.4010390262481685e-05
501,2023-01-18 08:00:00+00:00,0.0025923443547511017
501,2023-01-18 09:00:00+00:00,0.005411738933058289
501,2023-01-18 10:00:00+00:00,5.967335744523424e-05
501,2023-01-18 11:00:00+00:00,4.540768276397023e-05
501,2023-01-18 12:00:00+00:00,0.015251599347985836
501,2023-01-18 13:00:00+00:00,3.336810042503728e-05
501,2023-01-18 14:00:00+00:00,0.06547412479511862
501,2023-01-18 15:00:00+00:00,0.02487419173728013
501,2023-01-18 16:00:00+00:00,4.14753617936502e-05
501,2023-01-18 17:00:00+00:00,0.0033093669161896253
501,2023-01-18 18:00:00+00:00,0.002298835809338783
501,2023-01-18 19:00:00+00:00,5.520275929947279e-05
501,2023-01-18 20:00:00+00:00,3.237054431154718e-05
501,2023-01-18 21:00:00+00:00,0.0011250983646992263
501,2023-01-18 22:00:00+00:00,0.004781928766990977
501,2023-01-18 23:00:00+00:00,1.756919494604284e-05
501,2023-01-19 00:00:00+00:00,1.117554758311818e-05
501,2023-01-19 01:00:00+00:00,0.003952005670330214
501,2023-01-19 02:00:00+00:00,6.09354659366901e-06
501,2023-01-19 03:00:00+00:00,0.0016662046437916577
501,2023-01-19 04:00:00+00:00,0.002255217642889537
501,2023-01-19 05:00:00+00:00,0.0006627897214230795
501,2023-01-19 06:00:00+00:00,4.2327035060976674e-05
501,2023-01-19 07:00:00+00:00,0.21692227866063482
501,2023-01-19 08:00:00+00:00,0.24589602385614573
501,2023-01-19 09:00:00+00:00,0.08128433301114982
501,2023-01-19 10:00:00+00:00,0.8421414797720644
501,2023-01-19 11:00:00+00:00,0.012584300379167003
501,2023-01-19 12:00:00+00:00,0.021836116302982392
501,2023-01-19 13:00:00+00:00,0.10251068461119024
501,2023-01-19 14:00:00+00:00,0.0811179560389682
501,2023-01-19 15:00:00+00:00,0.05995790571566761
501,2023-01-19 16:00:00+00:00,0.025806300139424688
501,2023-01-19 17:00:00+00:00,0.043698310824318944
501,2023-01-19 18:00:00+00:00,0.08713660138511511
501,2023-01-19 19:00:00+00:00,0.03198607102399223
501,2023-01-19 20:00:00+00:00,0.025624307996037436
501,2023-01-19 21:00:00+00:00,3.306347501941237e-05
501,2023-01-19 22:00:00+00:00,2.2818018624024043e-05
501,2023-01-19 23:00:00+00:00,0.0006117025090364211
501,2023-01-20 00:00:00+00:00,0.00018765997086441687
501,2023-01-20 01:00:00+00:00,0.00015901363279903548
501,2023-01-20 02:00:00+00:00,0.0001646706152494157
501,2023-01-20 03:00:00+00:00,0.0013536999965138028
501,2023-01-20 04:00:00+00:00,0.0007504590560514315
501,2023-01-20 05:00:00+00:00,0.00030430222384661616
501,2023-01-20 06:00:00+00:00,4.696549896387199e-05
501,2023-01-20 07:00:00+00:00,2.3067054801395533e-05
501,2023-01-20 08:00:00+00:00,0.001646583759971044
501,2023-01-20 09:00:00+00:00,7.618223422378319e-05
501,2023-01-20 10:00:00+00:00,0.0036025288502467964
501,2023-01-20 11:00:00+00:00,0.012650517124591865
501,2023-01-20 12:00:00+00:00,5.1217143244917895e-05
501,2023-01-20 13:00:00+00:00,0.04736556285212012
501,2023-01-20 14:00:00+00:00,0.034782831502323155
501,2023-01-20 15:00:00+00:00,0.05869721373560918
501,2023-01-20 16:00:00+00:00,5.499651146709199e-05
501,2023-01-20 17:00:00+00:00,5.660388297848089e-05
501,2023-01-20 18:00:00+00:00,0.0411014643905289
501,2023-01-20 19:00:00+00:00,0.0733104435801944
501,2023-01-20 20:00:00+00:00,0.03517310054739017
501,2023-01-20 21:00:00+00:00,0.08368667067085515
501,2023-01-20 22:00:00+00:00,0.4144474501894694
501,2023-01-20 23:00:00+00:00,0.048663207590123776
501,2023-01-21 00:00:00+00:00,0.3943793797917468
501,2023-01-21 01:00:00+00:00,0.05543950099122166
501,2023-01-21 02:00:00+00:00,0.020081861791702363
501,2023-01-21 03:00:00+00:00,0.07301954713834473
501,2023-01-21 04:00:00+00:00,0.09898586329323403
501,2023-01-21 05:00:00+00:00,0.08162621851262877
501,2023-01-21 06:00:00+00:00,0.009950780499302316
501,2023-01-21 07:00:00+00:00,0.02211810430315636
501,2023-01-21 08:00:00+00:00,0.020362302702822865
501,2023-01-21 09:00:00+00:00,0.03529304131173629
501,2023-01-21 10:00:00+00:00,0.05512942006250292
501,2023-01-21 11:00:00+00:00,0.07994555590264697
501,2023-01-21 12:00:00+00:00,0.2096225390154131
501,2023-01-21 13:00:00+00:00,0.10669268412500546
501,2023-01-21 14:00:00+00:00,0.1268781994812893
501,2023-01-21 15:00:00+00:00,0.12604352877811786
501,2023-01-21 16:00:00+00:00,0.08762179301556153
501,2023-01-21 17:00:00+00:00,0.05958516840096352
501,2023-01-21 18:00:00+00:00,0.05494531767025892
501,2023-01-21 19:00:00+00:00,0.04816209483701739
501,2023-01-21 20:00:00+00:00,0.057315799337889155
501,2023-01-21 21:00:00+00:00,0.025904149906337045
501,2023-01-21 22:00:00+00:00,0.025573133869401025
501,2023-01-21 23:00:00+00:00,0.03311081635835353
501,2023-01-22 00:00:00+00:00,0.02179669837466959
501,2023-01-22 01:00:00+00:00,0.028957443234525992
501,2023-01-22 02:00:00+00:00,0.011777345508336392
501,2023-01-22 03:00:00+00:00,0.008427488125710246
501,2023-01-22 04:00:00+00:00,0.014548005115990782
501,2023-01-22 05:00:00+00:00,0.012364229907716014
501,2023-01-22 06:00:00+00:00,0.017776108756380873
501,2023-01-22 07:00:00+00:00,0.0160568797724811
501,2023-01-22 08:00:00+00:00,0.026678014446614252
501,2023-01-22 09:00:00+00:00,0.04557467394763935
501,2023-01-22 10:00:00+00:00,0.0748863869035808
501,2023-01-22 11:00:00+00:00,0.23630662944233502
501,2023-01-22 12:00:00+00:00,0.33197273571197433
501,2023-01-22 13:00:00+00:00,0.22448429863170122
501,2023-01-22 14:00:00+00:00,0.1863563275014335
501,2023-01-22 15:00:00+00:00,0.28360112251372294
501,2023-01-22 16:00:00+00:00,0.25023479572205815
501,2023-01-22 17:00:00+00:00,0.1511607112422163
501,2023-01-22 18:00:00+00:00,0.08318975666683937
501,2023-01-22 19:00:00+00:00,0.10844828056847061
501,2023-01-22 20:00:00+00:00,0.05709901522154599
501,2023-01-22 21:00:00+00:00,0.027906116398336664
501,2023-01-22 22:00:00+00:00,0.042873695415871015
501,2023-01-22 23:00:00+00:00,0.05123199350061143
501,2023-01-23 00:00:00+00:00,0.03233464626163945
501,2023-01-23 01:00:00+00:00,0.007953863379851005
501,2023-01-23 02:00:00+00:00,0.004892950373854558
501,2023-01-23 03:00:00+00:00,0.004892950373854558
501,2023-01-23 04:00:00+00:00,0.005535665198548727
501,2023-01-23 05:00:00+00:00,0.006030667301400145
501,2023-01-23 06:00:00+00:00,0.018639945036866952
501,2023-01-23 07:00:00+00:00,0.02457300861828242
501,2023-01-23 08:00:00+00:00,0.03288691790533757
501,2023-01-23 09:00:00+00:00,0.07782829386847755
501,2023-01-23 10:00:00+00:00,0.07194699437347916
501,2023-01-23 11:00:00+00:00,0.094081410683584
501,2023-01-23 12:00:00+00:00,0.09705455807273099
501,2023-01-23 13:00:00+00:00,0.14884038327909613
501,2023-01-23 14:00:00+00:00,0.2173344832136136
501,2023-01-23 15:00:00+00:00,0.28017415833578935
501,2023-01-23 16:00:00+00:00,0.13005183353412714
501,2023-01-23 17:00:00+00:00,0.05027274182170113
501,2023-01-23 18:00:00+00:00,0.03788875802651858
501,2023-01-23 19:00:00+00:00,0.026599283199507984
501,2023-01-23 20:00:00+00:00,0.0154127247880964
501,2023-01-23 21:00:00+00:00,0.014505067945276638
501,2023-01-23 22:00:00+00:00,0.013853940284654791
501,2023-01-23 23:00:00+00:00,0.015332356848431058
501,2023-01-24 00:00:00+00:00,0.024354771099544332
501,2023-01-24 01:00:00+00:00,0.014692635415835799
501,2023-01-24 02:00:00+00:00,0.0076115109517414644
501,2023-01-24 03:00:00+00:00,0.010151303117210991
501,2023-01-24 04:00:00+00:00,0.015234608181978247
501,2023-01-24 05:00:00+00:00,0.010645294884016193
501,2023-01-24 06:00:00+00:00,0.032049936116000446
501,2023-01-24 07:00:00+00:00,0.0125918204797699
501,2023-01-24 08:00:00+00:00,0.04592560447819766
501,2023-01-24 09:00:00+00:00,0.15684809402429084
501,2023-01-24 10:00:00+00:00,0.34914236850184593
501,2023-01-24 11:00:00+00:00,0.08947921400599572
501,2023-01-24 12:00:00+00:00,0.19117025708179042
501,2023-01-24 13:00:00+00:00,0.13302406357539104
501,2023-01-24 14:00:00+00:00,0.04237783484837663
501,2023-01-24 15:00:00+00:00,0.026359713927308938
501,2023-01-24 16:00:00+00:00,0.3538263260519929
501,2023-01-24 17:00:00+00:00,0.0859299068528504
501,2023-01-24 18:00:00+00:00,0.03619412608128005
501,2023-01-24 19:00:00+00:00,0.03803405818320598
501,2023-01-24 20:00:00+00:00,0.04645667923974884
501,2023-01-24 21:00:00+00:00,0.010530863583085706
501,2023-01-24 22:00:00+00:00,0.08933858933716705
501,2023-01-24 23:00:00+00:00,0.09107920869293731
501,2023-01-25 00:00:00+00:00,0.019976883659498092
501,2023-01-25 01:00:00+00:00,0.008609863666746705
501,2023-01-25 02:00:00+00:00,0.016722859908993106
501,2023-01-25 03:00:00+00:00,6.109454246304549e-06
501,2023-01-25 04:00:00+00:00,0.007715984807176906
501,2023-01-25 05:00:00+00:00,0.08247134368777084
501,2023-01-25 06:00:00+00:00,0.29088401235570505
501,2023-01-25 07:00:00+00:00,0.20833957590323246
501,2023-01-25 08:00:00+00:00,0.009671342576869081
501,2023-01-25 09:00:00+00:00,0.01592301818032861
501,2023-01-25 10:00:00+00:00,0.004370157266042303
501,2023-01-25 11:00:00+00:00,0.002787075035297476
501,2023-01-25 12:00:00+00:00,0.010943951276293981
501,2023-01-25 13:00:00+00:00,0.0033090180165032774
501,2023-01-25 14:00:00+00:00,0.012790458779108749
501,2023-01-25 15:00:00+00:00,0.01913463712514041
501,2023-01-25 16:00:00+00:00,0.0038144149853558858
501,2023-01-25 17:00:00+00:00,0.002119493516468713
501,2023-01-25 18:00:00+00:00,0.0014676922934421393
501,2023-01-25 19:00:00+00:00,7.463260174076733e-05
501,2023-01-25 20:00:00+00:00,0.1453940369969635
501,2023-01-25 21:00:00+00:00,0.07912725420144502
501,2023-01-25 22:00:00+00:00,0.036796390197325224
501,2023-01-25 23:00:00+00:00,0.04991509495532535
501,2023-01-26 00:00:00+00:00,0.012715185070708979
501,2023-01-26 01:00:00+00:00,0.07159599346445548
501,2023-01-26 02:00:00+00:00,0.006767615300629829
501,2023-01-26 03:00:00+00:00,0.008473721574170055
501,2023-01-26 04:00:00+00:00,0.012468869165476189
501,2023-01-26 05:00:00+00:00,0.02157077565287222
501,2023-01-26 06:00:00+00:00,0.05686039556184039
501,2023-01-26 07:00:00+00:00,0.011568041613256454
501,2023-01-26 08:00:00+00:00,0.13363947046609076
501,2023-01-26 09:00:00+00:00,0.1525693804856718
501,2023-01-26 10:00:00+00:00,0.062059701991467826
501,2023-01-26 11:00:00+00:00,0.09363249228605477
501,2023-01-26 12:00:00+00:00,0.09179551017633396
501,2023-01-26 13:00:00+00:00,0.11424228541290113
501,2023-01-26 14:00:00+00:00,0.9678615950491505
501,2023-01-26 15:00:00+00:00,0.7932006328014398
501,2023-01-26 16:00:00+00:00,0.5753621111093503
501,2023-01-26 17:00:00+00:00,0.10540811778744494
501,2023-01-26 18:00:00+00:00,0.10789771193233676
501,2023-01-26 19:00:00+00:00,0.12173715300294878
501,2023-01-26 20:00:00+00:00,0.09356093831688243
501,2023-01-26 21:00:00+00:00,0.04710633361491583
501,2023-01-26 22:00:00+00:00,0.041766002762785984
501,2023-01-26 23:00:00+00:00,0.025971937445210983
501,2023-01-27 00:00:00+00:00,0.009465077346227665
501,2023-01-27 01:00:00+00:00,0.0037975464359114807
501,2023-01-27 02:00:00+00:00,0.0038731330577691536
501,2023-01-27 03:00:00+00:00,0.004743977072786659
501,2023-01-27 04:00:00+00:00,0.014666041068676063
501,2023-01-27 05:00:00+00:00,0.014819045155753401
501,2023-01-27 06:00:00+00:00,0.011174072003468939
501,2023-01-27 07:00:00+00:00,0.19082238322469489
501,2023-01-27 08:00:00+00:00,0.2757790586786628
501,2023-01-27 09:00:00+00:00,0.14559032930709345
501,2023-01-27 10:00:00+00:00,0.1152047728691534
501,2023-01-27 11:00:00+00:00,0.10578087511698143
501,2023-01-27 12:00:00+00:00,0.8398298692021081
501,2023-01-27 13:00:00+00:00,0.11882858353380006
501,2023-01-27 14:00:00+00:00,0.12434358171556499
501,2023-01-27 15:00:00+00:00,0.13107362985501964
501,2023-01-27 16:00:00+00:00,0.1319178991260161
501,2023-01-27 17:00:00+00:00,0.6630441681609972
501,2023-01-27 18:00:00+00:00,0.06674909143468416
501,2023-01-27 19:00:00+00:00,0.1281695830486431
501,2023-01-27 20:00:00+00:00,0.09547676500673309
501,2023-01-27 21:00:00+00:00,0.04337936768564672
501,2023-01-27 22:00:00+00:00,0.06337862247132874
501,2023-01-27 23:00:00+00:00,0.03720058885998076
501,2023-01-28 00:00:00+00:00,0.038736232055652436
501,2023-01-28 01:00:00+00:00,0.00886335693168656
501,2023-01-28 02:00:00+00:00,0.01726902459058558
501,2023-01-28 03:00:00+00:00,0.004521821030678749
501,2023-01-28 04:00:00+00:00,0.0025155015328107246
501,2023-01-28 05:00:00+00:00,0.0011864044155684545
501,2023-01-28 06:00:00+00:00,0.00045637654288593465
501,2023-01-28 07:00:00+00:00,7.216910246642187e-06
501,2023-01-28 08:00:00+00:00,7.76972385424821e-06
501,2023-01-28 09:00:00+00:00,0.001075905774640768
501,2023-01-28 10:00:00+00:00,0.00207035375365406
501,2023-01-28 11:00:00+00:00,0.012681792272302659
501,2023-01-28 12:00:00+00:00,0.004857825219647844
501,2023-01-28 13:00:00+00:00,0.018564106736232495
501,2023-01-28 14:00:00+00:00,0.01758480465281232
501,2023-01-28 15:00:00+00:00,0.016707903405573238
501,2023-01-28 16:00:00+00:00,0.014660024387615773
501,2023-01-28 17:00:00+00:00,0.010000002347032272
501,2023-01-28 18:00:00+00:00,0.007634165587014468
501,2023-01-28 19:00:00+00:00,0.0016631932241432449
501,2023-01-28 20:00:00+00:00,0.0015488842468230485
501,2023-01-28 21:00:00+00:00,0.005230174325757336
501,2023-01-28 22:00:00+00:00,0.00776412732751753
501,2023-01-28 23:00:00+00:00,0.008386865110814424
501,2023-01-29 00:00:00+00:00,0.022761290630612194
501,2023-01-29 01:00:00+00:00,0.18096667961795124
501,2023-01-29 02:00:00+00:00,0.01583328645931825
501,2023-01-29 03:00:00+00:00,0.003104275138565952
501,2023-01-29 04:00:00+00:00,0.002813533925608283
501,2023-01-29 05:00:00+00:00,0.0030658350022186435
501,2023-01-29 06:00:00+00:00,0.005333674003733761
501,2023-01-29 07:00:00+00:00,0.006596834079662917
501,2023-01-29 08:00:00+00:00,0.003301048879577242
501,2023-01-29 09:00:00+00:00,0.006532968246415876
501,2023-01-29 10:00:00+00:00,0.01195017321298834
501,2023-01-29 11:00:00+00:00,0.05829451478130963
501,2023-01-29 12:00:00+00:00,0.024498189998972263
501,2023-01-29 13:00:00+00:00,0.030879908774663085
501,2023-01-29 14:00:00+00:00,0.018675967107474278
501,2023-01-29 15:00:00+00:00,0.01713606746938881
501,2023-01-29 16:00:00+00:00,0.017065475395609292
501,2023-01-29 17:00:00+00:00,0.014316523553778868
501,2023-01-29 18:00:00+00:00,0.007733136265976073
501,2023-01-29 19:00:00+00:00,0.0008806638594060869
501,2023-01-29 20:00:00+00:00,0.006486470463568915
501,2023-01-29 21:00:00+00:00,0.0027891529099111304
501,2023-01-29 22:00:00+00:00,0.00306690958389076
501,2023-01-29 23:00:00+00:00,0.002388800348596539
501,2023-01-30 00:00:00+00:00,0.0013900032031305507
501,2023-01-30 01:00:00+00:00,0.0009160276090178409
501,2023-01-30 02:00:00+00:00,0.0006514883770898276
501,2023-01-30 03:00:00+00:00,0.001187846362143905
501,2023-01-30 04:00:00+00:00,0.0006627829233809286
501,2023-01-30 05:00:00+00:00,0.007715984807176906
501,2023-01-30 06:00:00+00:00,0.05060531412996782
501,2023-01-30 07:00:00+00:00,9.673851740113271e-06
501,2023-01-30 08:00:00+00:00,0.006280915850741369
501,2023-01-30 09:00:00+00:00,0.003227795883617918
501,2023-01-30 10:00:00+00:00,0.023211132076147976
501,2023-01-30 11:00:00+00:00,0.011956952464386068
501,2023-01-30 12:00:00+00:00,0.003211522411507012
501,2023-01-30 13:00:00+00:00,0.004238141959605932
501,2023-01-30 14:00:00+00:00,0.0038308024361804606
501,2023-01-30 15:00:00+00:00,5.294845869494816e-05
501,2023-01-30 16:00:00+00:00,0.11051023928086864
501,2023-01-30 17:00:00+00:00,0.13616247404704981
501,2023-01-30 18:00:00+00:00,0.0788828829605012
501,2023-01-30 19:00:00+00:00,6.289435072921235e-05
501,2023-01-30 20:00:00+00:00,0.025024228225308608
501,2023-01-30 21:00:00+00:00,0.39223852065391457
501,2023-01-30 22:00:00+00:00,0.14330644513649898
501,2023-01-30 23:00:00+00:00,0.009898009481190751
501,2023-01-31 00:00:00+00:00,0.0037301446657717935
501,2023-01-31 01:00:00+00:00,0.0011786964723801278
501,2023-01-31 02:00:00+00:00,0.0008427390765443684
501,2023-01-31 03:00:00+00:00,0.000550901726820809
501,2023-01-31 04:00:00+00:00,0.0013490879413995175
501,2023-01-31 05:00:00+00:00,0.0009105991129823603
501,2023-01-31 06:00:00+00:00,0.0032612572836748384
501,2023-01-31 07:00:00+00:00,0.004125022087060487
501,2023-01-31 08:00:00+00:00,0.008023841053456084
501,2023-01-31 09:00:00+00:00,0.011047355704830442
501,2023-01-31 10:00:00+00:00,0.010689725293574192
501,2023-01-31 11:00:00+00:00,0.01200791658969282
501,2023-01-31 12:00:00+00:00,0.003586132307257814
501,2023-01-31 13:00:00+00:00,4.825882520102053e-05
501,2023-01-31 14:00:00+00:00,0.020112311395489166
501,2023-01-31 15:00:00+00:00,4.261538111055002e-05
501,2023-01-31 16:00:00+00:00,4.719058215564895e-05
501,2023-01-31 17:00:00+00:00,6.97000744503748e-05
501,2023-01-31 18:00:00+00:00,6.462221969071334e-05
501,2023-01-31 19:00:00+00:00,0.0015978155687116176
501,2023-01-31 20:00:00+00:00,0.001179303392799613
501,2023-01-31 21:00:00+00:00,0.003615505500142343
501,2023-01-31 22:00:00+00:00,0.004118892297965454
501,2023-01-31 23:00:00+00:00,0.0007283424865115016
501,2023-02-01 00:00:00+00:00,0.0017202393363590816
501,2023-02-01 01:00:00+00:00,0.001391316720607962
501,2023-02-01 02:00:00+00:00,0.0006713608989625357
501,2023-02-01 03:00:00+00:00,0.000656018691086881
501,2023-02-01 04:00:00+00:00,0.0011995304006324277
501,2023-02-01 05:00:00+00:00,0.0006913147279766412
501,2023-02-01 06:00:00+00:00,0.0008394021958181598
501,2023-02-01 07:00:00+00:00,0.0007091724336852995
501,2023-02-01 08:00:00+00:00,0.007348664456583888
501,2023-02-01 09:00:00+00:00,0.00343973034413183
501,2023-02-01 10:00:00+00:00,0.013235117956084588
501,2023-02-01 11:00:00+00:00,0.004352294604611867
501,2023-02-01 12:00:00+00:00,3.1830481074192626e-05
501,2023-02-01 13:00:00+00:00,0.0023147565665642563
501,2023-02-01 14:00:00+00:00,0.014068860563591065
501,2023-02-01 15:00:00+00:00,0.0038471740555647773
501,2023-02-01 16:00:00+00:00,0.013028425941452065
501,2023-02-01 17:00:00+00:00,0.011914502703004837
501,2023-02-01 18:00:00+00:00,0.006309708620270837
501,2023-02-01 19:00:00+00:00,0.01156407103328643
501,2023-02-01 20:00:00+00:00,0.004955866848086759
501,2023-02-01 21:00:00+00:00,0.004056035161092102
501,2023-02-01 22:00:00+00:00,0.0034994680151505574
501,2023-02-01 23:00:00+00:00,0.0038232218586332412
501,2023-02-02 00:00:00+00:00,0.0019525505991264459
501,2023-02-02 01:00:00+00:00,0.0009630801022941986
501,2023-02-02 02:00:00+00:00,0.0010658715692233817
501,2023-02-02 03:00:00+00:00,0.0006741691576851952
501,2023-02-02 04:00:00+00:00,0.0010973400550205706
501,2023-02-02 05:00:00+00:00,0.0009079388632374455
501,2023-02-02 06:00:00+00:00,0.004641609520831387
501,2023-02-02 07:00:00+00:00,0.0054753752808048796
501,2023-02-02 08:00:00+00:00,0.01057591355093887
501,2023-02-02 09:00:00+00:00,0.01470513439874192
501,2023-02-02 10:00:00+00:00,0.014758793826525705
501,2023-02-02 11:00:00+00:00,0.013149107074867406
501,2023-02-02 12:00:00+00:00,0.013655773856233002
501,2023-02-02 13:00:00+00:00,0.013383337681743202
501,2023-02-02 14:00:00+00:00,0.013778984104805825
501,2023-02-02 15:00:00+00:00,0.013307897694041438
501,2023-02-02 16:00:00+00:00,0.013397645130726141
501,2023-02-02 17:00:00+00:00,0.018498569087960718
501,2023-02-02 18:00:00+00:00,0.01204935345411781
501,2023-02-02 19:00:00+00:00,0.01441075827201246
501,2023-02-02 20:00:00+00:00,0.011567627225370877
501,2023-02-02 21:00:00+00:00,0.005930557310368482
501,2023-02-02 22:00:00+00:00,0.004927251950120883
501,2023-02-02 23:00:00+00:00,0.007155571012582924
501,2023-02-03 00:00:00+00:00,0.003352500932380348
501,2023-02-03 01:00:00+00:00,0.0017422988921076568
501,2023-02-03 02:00:00+00:00,0.0010931784999686969
501,2023-02-03 03:00:00+00:00,0.0006913147279766412
501,2023-02-03 04:00:00+00:00,0.0006207226541971209
501,2023-02-03 05:00:00+00:00,0.0013979443441232218
501,2023-02-03 06:00:00+00:00,0.0010023751529208943
501,2023-02-03 07:00:00+00:00,0.001198163805716169
501,2023-02-03 08:00:00+00:00,0.006464549759681639
501,2023-02-03 09:00:00+00:00,0.017984056198886707
501,2023-02-03 10:00:00+00:00,0.020071280566268973
501,2023-02-03 11:00:00+00:00,0.023059775156832663
501,2023-02-03 12:00:00+00:00,0.014175339406219829
501,2023-02-03 13:00:00+00:00,0.015714766458737713
501,2023-02-03 14:00:00+00:00,0.014273837499613846
501,2023-02-03 15:00:00+00:00,0.016712278733927895
501,2023-02-03 16:00:00+00:00,0.015823196672760012
501,2023-02-03 17:00:00+00:00,0.012325401746185571
501,2023-02-03 18:00:00+00:00,0.008061857065262456
501,2023-02-03 19:00:00+00:00,0.009387320232264448
501,2023-02-03 20:00:00+00:00,0.015702590978575234
501,2023-02-03 21:00:00+00:00,0.009454969673302453
501,2023-02-03 22:00:00+00:00,0.007179810582194142
501,2023-02-03 23:00:00+00:00,0.012764035048640054
501,2023-02-04 00:00:00+00:00,0.010053041899199883
501,2023-02-04 01:00:00+00:00,0.007457632802480527
501,2023-02-04 02:00:00+00:00,0.004995779360366717
501,2023-02-04 03:00:00+00:00,0.001427330388492307
501,2023-02-04 04:00:00+00:00,0.000497250801358501
501,2023-02-04 05:00:00+00:00,0.001893805178118243
501,2023-02-04 06:00:00+00:00,0.0016310362728385783
501,2023-02-04 07:00:00+00:00,0.0014388594413384337
501,2023-02-04 08:00:00+00:00,0.00304142882518888
501,2023-02-04 09:00:00+00:00,0.004825206857066978
501,2023-02-04 10:00:00+00:00,0.01301603975792321
501,2023-02-04 11:00:00+00:00,1.3173139439562662
501,2023-02-04 12:00:00+00:00,1.6215551160051003
501,2023-02-04 13:00:00+00:00,0.08957724411292917
501,2023-02-04 14:00:00+00:00,0.01682798081883356
501,2023-02-04 15:00:00+00:00,0.025607155374704257
501,2023-02-04 16:00:00+00:00,0.020548182219842618
501,2023-02-04 17:00:00+00:00,0.011274326125066913
501,2023-02-04 18:00:00+00:00,0.010403217962885245
501,2023-02-04 19:00:00+00:00,0.009467371841104664
501,2023-02-04 20:00:00+00:00,0.0021519353974463282
501,2023-02-04 21:00:00+00:00,0.00787556290657727
501,2023-02-04 22:00:00+00:00,0.008694998065100807
501,2023-02-04 23:00:00+00:00,0.006862798011268976
501,2023-02-05 00:00:00+00:00,3.272338215622777e-05
501,2023-02-05 01:00:00+00:00,0.06348838764694156
501,2023-02-05 02:00:00+00:00,0.03580242520881868
501,2023-02-05 03:00:00+00:00,0.01039138825637914
501,2023-02-05 04:00:00+00:00,0.29387939777957395
501,2023-02-05 05:00:00+00:00,0.21214658900031166
501,2023-02-05 06:00:00+00:00,0.06904119526896695
501,2023-02-05 07:00:00+00:00,0.0063697384433152775
501,2023-02-05 08:00:00+00:00,0.03296712651091482
501,2023-02-05 09:00:00+00:00,0.02572841601987402
501,2023-02-05 10:00:00+00:00,0.4488076049804916
501,2023-02-05 11:00:00+00:00,0.8033994891203096
501,2023-02-05 12:00:00+00:00,0.15759531630772264
501,2023-02-05 13:00:00+00:00,1.0502531160521638
501,2023-02-05 14:00:00+00:00,0.38699524450293876
501,2023-02-05 15:00:00+00:00,0.11564025220298027
501,2023-02-05 16:00:00+00:00,1.0999031852476684
501,2023-02-05 17:00:00+00:00,0.11196657942905025
501,2023-02-05 18:00:00+00:00,0.7248807658659797
501,2023-02-05 19:00:00+00:00,0.09941922926342844
501,2023-02-05 20:00:00+00:00,0.03977198644081853
501,2023-02-05 21:00:00+00:00,0.1236097265326233
501,2023-02-05 22:00:00+00:00,0.018429205191001413
501,2023-02-05 23:00:00+00:00,0.08585410762468719
501,2023-02-06 00:00:00+00:00,0.0038841707708545054
501,2023-02-06 01:00:00+00:00,0.006459715174819303
501,2023-02-06 02:00:00+00:00,0.006605038303945628
501,2023-02-06 03:00:00+00:00,0.006121238384221569
501,2023-02-06 04:00:00+00:00,0.04337208552769064
501,2023-02-06 05:00:00+00:00,0.011227360911149047
501,2023-02-06 06:00:00+00:00,0.012707576132919013
501,2023-02-06 07:00:00+00:00,0.053003331116213144
501,2023-02-06 08:00:00+00:00,0.11130542710046593
501,2023-02-06 09:00:00+00:00,0.32034194575532937
501,2023-02-06 10:00:00+00:00,0.3871542763285383
501,2023-02-06 11:00:00+00:00,0.3404331812802166
501,2023-02-06 12:00:00+00:00,0.11815565677342717
501,2023-02-06 13:00:00+00:00,0.3237000577561713
501,2023-02-06 14:00:00+00:00,0.3495840685598562
501,2023-02-06 15:00:00+00:00,0.3410636986829141
501,2023-02-06 16:00:00+00:00,0.38054253493804624
501,2023-02-06 17:00:00+00:00,0.06452154709815856
501,2023-02-06 18:00:00+00:00,6.352022230519414e-05
501,2023-02-06 19:00:00+00:00,0.04618824522473295
501,2023-02-06 20:00:00+00:00,0.664678350375725
501,2023-02-06 21:00:00+00:00,0.024777362658413314
501,2023-02-06 22:00:00+00:00,0.053176977479474516
501,2023-02-06 23:00:00+00:00,0.013006171318424119
501,2023-02-07 00:00:00+00:00,0.006049910099537704
501,2023-02-07 01:00:00+00:00,0.04471664804743236
501,2023-02-07 02:00:00+00:00,0.028390578442271462
501,2023-02-07 03:00:00+00:00,0.11149258362710658
501,2023-02-07 04:00:00+00:00,0.010157561588065982
501,2023-02-07 05:00:00+00:00,0.0077228892290677545
501,2023-02-07 06:00:00+00:00,0.028144038379673223
501,2023-02-07 07:00:00+00:00,0.0890698560247747
501,2023-02-07 08:00:00+00:00,0.19434033181149987
501,2023-02-07 09:00:00+00:00,1.8614330095481402
501,2023-02-07 10:00:00+00:00,0.086871267885834
501,2023-02-07 11:00:00+00:00,0.8224961799637801
501,2023-02-07 12:00:00+00:00,0.05095653185817759
501,2023-02-07 13:00:00+00:00,0.11494003088293345
501,2023-02-07 14:00:00+00:00,0.03740611512236168
501,2023-02-07 15:00:00+00:00,0.02734265190773444
501,2023-02-07 16:00:00+00:00,0.12181925041407814
501,2023-02-07 17:00:00+00:00,0.11440444849796907
501,2023-02-07 18:00:00+00:00,0.649773881491272
501,2023-02-07 19:00:00+00:00,0.11014880812115777
501,2023-02-07 20:00:00+00:00,0.05421676862558364
501,2023-02-07 21:00:00+00:00,0.03623792492547973
501,2023-02-07 22:00:00+00:00,0.07508794826274523
501,2023-02-07 23:00:00+00:00,0.017601913481694296
501,2023-02-08 00:00:00+00:00,0.012296258328484069
501,2023-02-08 01:00:00+00:00,0.006799679982899454
501,2023-02-08 02:00:00+00:00,0.005598198948234139
501,2023-02-08 03:00:00+00:00,0.00744156664046715
501,2023-02-08 04:00:00+00:00,0.0076730976662565216
501,2023-02-08 05:00:00+00:00,0.003998134681492111
501,2023-02-08 06:00:00+00:00,0.013858612758561872
501,2023-02-08 07:00:00+00:00,0.041844898449794846
501,2023-02-08 08:00:00+00:00,0.06185200309828133
501,2023-02-08 09:00:00+00:00,0.3422420654192465
501,2023-02-08 10:00:00+00:00,0.39502658390064493
501,2023-02-08 11:00:00+00:00,0.3498524255876337
501,2023-02-08 12:00:00+00:00,0.30564803191959566
501,2023-02-08 13:00:00+00:00,0.3410361069675443
501,2023-02-08 14:00:00+00:00,0.3137264971405831
501,2023-02-08 15:00:00+00:00,0.35932138190036883
501,2023-02-08 16:00:00+00:00,1.7094419683849358
501,2023-02-08 17:00:00+00:00,0.8016043368991371
501,2023-02-08 18:00:00+00:00,1.2236241998584758
501,2023-02-08 19:00:00+00:00,0.3304203941500325
501,2023-02-08 20:00:00+00:00,0.2631912417941638
501,2023-02-08 21:00:00+00:00,0.45297830397756705
501,2023-02-08 22:00:00+00:00,0.42749313406985107
501,2023-02-08 23:00:00+00:00,0.52893508463577
501,2023-02-09 00:00:00+00:00,0.26878265057206063
501,2023-02-09 01:00:00+00:00,0.006916414079804596
501,2023-02-09 02:00:00+00:00,0.03491826277900602
501,2023-02-09 03:00:00+00:00,0.0033444332164377037
501,2023-02-09 04:00:00+00:00,0.0020241214243306377
501,2023-02-09 05:00:00+00:00,0.007564595760181937
501,2023-02-09 06:00:00+00:00,0.00296809301252274
501,2023-02-09 07:00:00+00:00,0.004092504446307539
501,2023-02-09 08:00:00+00:00,0.052221886322083425
501,2023-02-09 09:00:00+00:00,0.0509899408849497
501,2023-02-09 10:00:00+00:00,0.12795966690759866
501,2023-02-09 11:00:00+00:00,0.10854949424163297
501,2023-02-09 12:00:00+00:00,0.8105920707155025
501,2023-02-09 13:00:00+00:00,0.05014924167445489
501,2023-02-09 14:00:00+00:00,0.049688262835218745
501,2023-02-09 15:00:00+00:00,0.05028686087423156
501,2023-02-09 16:00:00+00:00,0.06190324218465043
501,2023-02-09 17:00:00+00:00,0.0395564129181609
501,2023-02-09 18:00:00+00:00,0.0025432068798601124
501,2023-02-09 19:00:00+00:00,0.027565207923693127
501,2023-02-09 20:00:00+00:00,0.023049866257545893
501,2023-02-09 21:00:00+00:00,0.024920707745014682
501,2023-02-09 22:00:00+00:00,0.11673283896053177
501,2023-02-09 23:00:00+00:00,0.09605741229309225
501,2023-02-10 00:00:00+00:00,0.08593227564882291
501,2023-02-10 01:00:00+00:00,0.050838609360735074
501,2023-02-10 02:00:00+00:00,0.027793728471939685
501,2023-02-10 03:00:00+00:00,0.02021041813917066
501,2023-02-10 04:00:00+00:00,0.01787998076792684
501,2023-02-10 05:00:00+00:00,0.004992244409530913
501,2023-02-10 06:00:00+00:00,0.09388080531960527
501,2023-02-10 07:00:00+00:00,0.0741010300516352
501,2023-02-10 08:00:00+00:00,0.2871634449632947
501,2023-02-10 09:00:00+00:00,0.39534661449803915
501,2023-02-10 10:00:00+00:00,1.4594240658783904
501,2023-02-10 11:00:00+00:00,0.6303648190992901
501,2023-02-10 12:00:00+00:00,0.013713712530516136
501,2023-02-10 13:00:00+00:00,0.00939742761655333
501,2023-02-10 14:00:00+00:00,0.009934021894391203
501,2023-02-10 15:00:00+00:00,0.012961911874120218
501,2023-02-10 16:00:00+00:00,0.013531260085494832
501,2023-02-10 17:00:00+00:00,0.02054087066992348
501,2023-02-10 18:00:00+00:00,0.05012941616843933
501,2023-02-10 19:00:00+00:00,0.01529542420070803
501,2023-02-10 20:00:00+00:00,0.0133925923701534
501,2023-02-10 21:00:00+00:00,0.010371816899356016
501,2023-02-10 22:00:00+00:00,0.008973193653118446
501,2023-02-10 23:00:00+00:00,0.005351276978365589
501,2023-02-11 00:00:00+00:00,0.0012228221149270708
501,2023-02-11 01:00:00+00:00,0.004194468232220046
501,2023-02-11 02:00:00+00:00,0.0028328820035850156
501,2023-02-11 03:00:00+00:00,0.002454442309325055
501,2023-02-11 04:00:00+00:00,0.001509687807901747
501,2023-02-11 05:00:00+00:00,0.0013048290182708627
501,2023-02-11 06:00:00+00:00,0.0013018018627353207
501,2023-02-11 07:00:00+00:00,0.001607984400453793
501,2023-02-11 08:00:00+00:00,0.012867420296755304
501,2023-02-11 09:00:00+00:00,0.010178545680889684
501,2023-02-11 10:00:00+00:00,0.009931658966553273
501,2023-02-11 11:00:00+00:00,5.403264863996858e-05
501,2023-02-11 12:00:00+00:00,4.7682884667504626e-05
501,2023-02-11 13:00:00+00:00,0.0322857439879425
501,2023-02-11 14:00:00+00:00,0.0075305482143845585
501,2023-02-11 15:00:00+00:00,0.09702584532982139
501,2023-02-11 16:00:00+00:00,0.0031301877221339754
501,2023-02-11 17:00:00+00:00,5.7358766475759376e-05
501,2023-02-11 18:00:00+00:00,0.04371864742076064
501,2023-02-11 19:00:00+00:00,0.04888706320572743
501,2023-02-11 20:00:00+00:00,0.24673952816816777
501,2023-02-11 21:00:00+00:00,0.1899514298541479
501,2023-02-11 22:00:00+00:00,0.05210076171585508
501,2023-02-11 23:00:00+00:00,0.06010105523576059
501,2023-02-12 00:00:00+00:00,0.11247169539233907
501,2023-02-12 01:00:00+00:00,0.07894968016958462
501,2023-02-12 02:00:00+00:00,0.059099409445016356
501,2023-02-12 03:00:00+00:00,0.04168739728223499
501,2023-02-12 04:00:00+00:00,0.029647165618811793
501,2023-02-12 05:00:00+00:00,0.02378734212478365
501,2023-02-12 06:00:00+00:00,0.021164185916688383
501,2023-02-12 07:00:00+00:00,0.021727214724126268
501,2023-02-12 08:00:00+00:00,0.023684995855600178
501,2023-02-12 09:00:00+00:00,0.061023743136099845
501,2023-02-12 10:00:00+00:00,0.02474337308051685
501,2023-02-12 11:00:00+00:00,0.05639793309982907
501,2023-02-12 12:00:00+00:00,0.10286644618835793
501,2023-02-12 13:00:00+00:00,0.08692208922265396
501,2023-02-12 14:00:00+00:00,0.2365330245633377
501,2023-02-12 15:00:00+00:00,0.062435186709651605
501,2023-02-12 16:00:00+00:00,0.15152790585094394
501,2023-02-12 17:00:00+00:00,0.0743144866888148
501,2023-02-12 18:00:00+00:00,0.04833762482543456
501,2023-02-12 19:00:00+00:00,0.05182136487825235
501,2023-02-12 20:00:00+00:00,0.03305933162627516
501,2023-02-12 21:00:00+00:00,0.024959917960327357
501,2023-02-12 22:00:00+00:00,0.01632780721280879
501,2023-02-12 23:00:00+00:00,0.01488770971022558
501,2023-02-13 00:00:00+00:00,0.02267226487378116
501,2023-02-13 01:00:00+00:00,0.026171282823752667
501,2023-02-13 02:00:00+00:00,0.03238362588663461
501,2023-02-13 03:00:00+00:00,0.03201833999526669
501,2023-02-13 04:00:00+00:00,0.03277270997932217
501,2023-02-13 05:00:00+00:00,0.012617635465592305
501,2023-02-13 06:00:00+00:00,0.03302765818381616
501,2023-02-13 07:00:00+00:00,0.030086401985842094
501,2023-02-13 08:00:00+00:00,0.05204819564693355
501,2023-02-13 09:00:00+00:00,0.05207625498751034
501,2023-02-13 10:00:00+00:00,0.08250335426415065
501,2023-02-13 11:00:00+00:00,0.05332485233126376
501,2023-02-13 12:00:00+00:00,0.05421334089991714
501,2023-02-13 13:00:00+00:00,0.16872699947577785
501,2023-02-13 14:00:00+00:00,0.15055574682708797
501,2023-02-13 15:00:00+00:00,0.09303899851939308
501,2023-02-13 16:00:00+00:00,0.07215856062134224
501,2023-02-13 17:00:00+00:00,0.09582123876012828
501,2023-02-13 18:00:00+00:00,0.0381664106979752
501,2023-02-13 19:00:00+00:00,0.02337649557297911
501,2023-02-13 20:00:00+00:00,0.023220760561999166
501,2023-02-13 21:00:00+00:00,0.07577277100618504
501,2023-02-13 22:00:00+00:00,0.14195479507684544
501,2023-02-13 23:00:00+00:00,0.23591615204233368
501,2023-02-14 00:00:00+00:00,0.21632311028319196
501,2023-02-14 01:00:00+00:00,0.15980573547082383
501,2023-02-14 02:00:00+00:00,0.02604139777354296
501,2023-02-14 03:00:00+00:00,0.020059481721811573
501,2023-02-14 04:00:00+00:00,0.02289703511405555
501,2023-02-14 05:00:00+00:00,0.011929545377335874
501,2023-02-14 06:00:00+00:00,0.03942177937996238
501,2023-02-14 07:00:00+00:00,0.055305814136989664
501,2023-02-14 08:00:00+00:00,0.060411687556871235
501,2023-02-14 09:00:00+00:00,0.1889406889794409
501,2023-02-14 10:00:00+00:00,0.12355187917894264
501,2023-02-14 11:00:00+00:00,0.057002093129841905
501,2023-02-14 12:00:00+00:00,0.07498497956335293
501,2023-02-14 13:00:00+00:00,0.17800871290456602
501,2023-02-14 14:00:00+00:00,0.2064385771232526
501,2023-02-14 15:00:00+00:00,0.25007347424196485
501,2023-02-14 16:00:00+00:00,0.2251737518657507
501,2023-02-14 17:00:00+00:00,0.10014270806774206
501,2023-02-14 18:00:00+00:00,0.0731075197155503
501,2023-02-14 19:00:00+00:00,0.04904021918300459
501,2023-02-14 20:00:00+00:00,0.05090674875269132
501,2023-02-14 21:00:00+00:00,0.035969136640027294
501,2023-02-14 22:00:00+00:00,0.03216660842429245
501,2023-02-14 23:00:00+00:00,0.0255445521343201
501,2023-02-15 00:00:00+00:00,0.017549489184689793
501,2023-02-15 01:00:00+00:00,0.016724524193127848
501,2023-02-15 02:00:00+00:00,0.016059219839070694
501,2023-02-15 03:00:00+00:00,0.01170442101468455
501,2023-02-15 04:00:00+00:00,0.010254828300377748
501,2023-02-15 05:00:00+00:00,0.008218794395472852
501,2023-02-15 06:00:00+00:00,0.06458945516767967
501,2023-02-15 07:00:00+00:00,0.058709949669098815
501,2023-02-15 08:00:00+00:00,0.20374776084915402
501,2023-02-15 09:00:00+00:00,0.3589875737584193
501,2023-02-15 10:00:00+00:00,0.3863977075400327
501,2023-02-15 11:00:00+00:00,0.3458645855178793
501,2023-02-15 12:00:00+00:00,0.3859209981197446
501,2023-02-15 13:00:00+00:00,0.6937402569939122
501,2023-02-15 14:00:00+00:00,0.3998092698816759
501,2023-02-15 15:00:00+00:00,1.7844546573532791
501,2023-02-15 16:00:00+00:00,0.017859131169572464
501,2023-02-15 17:00:00+00:00,0.02778696124485522
501,2023-02-15 18:00:00+00:00,0.07019494801467405
501,2023-02-15 19:00:00+00:00,0.05375434293426645
501,2023-02-15 20:00:00+00:00,0.8771165706115409
501,2023-02-15 21:00:00+00:00,0.5871311034120412
501,2023-02-15 22:00:00+00:00,0.10551549119444098
501,2023-02-15 23:00:00+00:00,0.7336118113214829
501,2023-02-16 00:00:00+00:00,0.09458002716146836
501,2023-02-16 01:00:00+00:00,0.05233241149433809
501,2023-02-16 02:00:00+00:00,0.019664762366242174
501,2023-02-16 03:00:00+00:00,0.023253433712943174
501,2023-02-16 04:00:00+00:00,0.02323806729554409
501,2023-02-16 05:00:00+00:00,0.05543167122842924
501,2023-02-16 06:00:00+00:00,0.1362820553269074
501,2023-02-16 07:00:00+00:00,0.1203582277609049
501,2023-02-16 08:00:00+00:00,0.22188590425274587
501,2023-02-16 09:00:00+00:00,0.3001393661347416
501,2023-02-16 10:00:00+00:00,0.6394621601626196
501,2023-02-16 11:00:00+00:00,0.02252542412696103
501,2023-02-16 12:00:00+00:00,0.014267335536205052
501,2023-02-16 13:00:00+00:00,0.015973367769812157
501,2023-02-16 14:00:00+00:00,0.0154891553739838
501,2023-02-16 15:00:00+00:00,0.01688810715729402
501,2023-02-16 16:00:00+00:00,0.018159473363676765
501,2023-02-16 17:00:00+00:00,0.02332573208011584
501,2023-02-16 18:00:00+00:00,0.049365157890578645
501,2023-02-16 19:00:00+00:00,0.039701459631659795
501,2023-02-16 20:00:00+00:00,0.01171816388453293
501,2023-02-16 21:00:00+00:00,0.2857881394608882
501,2023-02-16 22:00:00+00:00,0.031820339995303704
501,2023-02-16 23:00:00+00:00,0.008168110916226469
501,2023-02-17 00:00:00+00:00,0.004498035862240266
501,2023-02-17 01:00:00+00:00,0.0019292922975757065
501,2023-02-17 02:00:00+00:00,0.0009869972561208388
501,2023-02-17 03:00:00+00:00,0.0009714661118308332
501,2023-02-17 04:00:00+00:00,0.0009242633831346996
501,2023-02-17 05:00:00+00:00,0.0015353620900019167
501,2023-02-17 06:00:00+00:00,0.004401533905174508
501,2023-02-17 07:00:00+00:00,0.003414253435343042
501,2023-02-17 08:00:00+00:00,0.007316738851741916
501,2023-02-17 09:00:00+00:00,0.008942483183725019
501,2023-02-17 10:00:00+00:00,0.01151767481602325
501,2023-02-17 11:00:00+00:00,0.013021626656136286
501,2023-02-17 12:00:00+00:00,0.017965907334108213
501,2023-02-17 13:00:00+00:00,0.016610586776098186
501,2023-02-17 14:00:00+00:00,0.015851575277942093
501,2023-02-17 15:00:00+00:00,0.004890504990979943
501,2023-02-17 16:00:00+00:00,0.004939390990538356
501,2023-02-17 17:00:00+00:00,0.015310369378965773
501,2023-02-17 18:00:00+00:00,0.01142059447933199
501,2023-02-17 19:00:00+00:00,0.010973572374518221
501,2023-02-17 20:00:00+00:00,0.009629251166518029
501,2023-02-17 21:00:00+00:00,0.010960084710586349
501,2023-02-17 22:00:00+00:00,0.00890696517805753
501,2023-02-17 23:00:00+00:00,0.009260886060402512
501,2023-02-18 00:00:00+00:00,0.00643295570809416
501,2023-02-18 01:00:00+00:00,0.0048938631873049945
501,2023-02-18 02:00:00+00:00,0.0025643402912661406
501,2023-02-18 03:00:00+00:00,0.0035608650195862184
501,2023-02-18 04:00:00+00:00,0.002217352182941044
501,2023-02-18 05:00:00+00:00,0.0019893076216812248
501,2023-02-18 06:00:00+00:00,0.002830834719745032
501,2023-02-18 07:00:00+00:00,0.0036944340662837943
501,2023-02-18 08:00:00+00:00,0.0073314007399005445
501,2023-02-18 09:00:00+00:00,0.007954964058286306
501,2023-02-18 10:00:00+00:00,0.0128292420904867
501,2023-02-18 11:00:00+00:00,0.013864592505919664
501,2023-02-18 12:00:00+00:00,0.015323495364029745
501,2023-02-18 13:00:00+00:00,0.013182324517630685
501,2023-02-18 14:00:00+00:00,0.019270263766811492
501,2023-02-18 15:00:00+00:00,0.01789070363919024
501,2023-02-18 16:00:00+00:00,0.016571567171936443
501,2023-02-18 17:00:00+00:00,0.016360972414516846
501,2023-02-18 18:00:00+00:00,0.013445179098813407
501,2023-02-18 19:00:00+00:00,0.011149637090668138
501,2023-02-18 20:00:00+00:00,0.009430715164780851
501,2023-02-18 21:00:00+00:00,0.013680683108941355
501,2023-02-18 22:00:00+00:00,0.01230185607778117
501,2023-02-18 23:00:00+00:00,0.006797762729763079
501,2023-02-19 00:00:00+00:00,0.0014511953969707468
501,2023-02-19 01:00:00+00:00,1.0375586878796638e-05
501,2023-02-19 02:00:00+00:00,0.0010108029780620672
501,2023-02-19 03:00:00+00:00,0.002617501600295005
501,2023-02-19 04:00:00+00:00,0.000809659055618797
501,2023-02-19 05:00:00+00:00,0.0033195964837751616
501,2023-02-19 06:00:00+00:00,0.0009327063631627819
501,2023-02-19 07:00:00+00:00,0.0015167627681319518
501,2023-02-19 08:00:00+00:00,0.004955954570171534
501,2023-02-19 09:00:00+00:00,0.004281184483774709
501,2023-02-19 10:00:00+00:00,0.007330515293937069
501,2023-02-19 11:00:00+00:00,5.1881723428611266e-05
501,2023-02-19 12:00:00+00:00,0.027213017784833392
501,2023-02-19 13:00:00+00:00,0.018012496131060308
501,2023-02-19 14:00:00+00:00,0.02973455862080143
501,2023-02-19 15:00:00+00:00,0.028522309106043735
501,2023-02-19 16:00:00+00:00,0.026415943677991865
501,2023-02-19 17:00:00+00:00,0.015974549233731126
501,2023-02-19 18:00:00+00:00,0.012175230649133423
501,2023-02-19 19:00:00+00:00,0.0077542430002747915
501,2023-02-19 20:00:00+00:00,0.005838561180383259
501,2023-02-19 21:00:00+00:00,0.004528411662622567
501,2023-02-19 22:00:00+00:00,0.0029734956972027795
501,2023-02-19 23:00:00+00:00,0.002735363129910809
501,2023-02-20 00:00:00+00:00,0.002317390704436836
501,2023-02-20 01:00:00+00:00,0.0010718900539301336
501,2023-02-20 02:00:00+00:00,0.0006627994420485452
501,2023-02-20 03:00:00+00:00,0.0011548561358233702
501,2023-02-20 04:00:00+00:00,0.002000520059982614
501,2023-02-20 05:00:00+00:00,0.002253251336542891
501,2023-02-20 06:00:00+00:00,0.00882347725410429
501,2023-02-20 07:00:00+00:00,0.010805991859339774
501,2023-02-20 08:00:00+00:00,0.011260136822475869
501,2023-02-20 09:00:00+00:00,0.021339105711267837
501,2023-02-20 10:00:00+00:00,0.00890109543591936
501,2023-02-20 11:00:00+00:00,0.009116188860564483
501,2023-02-20 12:00:00+00:00,0.00955925629780145
501,2023-02-20 13:00:00+00:00,0.00869517332876141
501,2023-02-20 14:00:00+00:00,0.009534472728541507
501,2023-02-20 15:00:00+00:00,0.010792004071508897
501,2023-02-20 16:00:00+00:00,0.009779002883416809
501,2023-02-20 17:00:00+00:00,0.010608842748136213
501,2023-02-20 18:00:00+00:00,0.009167441203444761
501,2023-02-20 19:00:00+00:00,0.006748216361159085
501,2023-02-20 20:00:00+00:00,0.004828900561753114
501,2023-02-20 21:00:00+00:00,0.0009859906554393815
501,2023-02-20 22:00:00+00:00,0.002207760809044749
501,2023-02-20 23:00:00+00:00,0.009857262084558081
501,2023-02-21 00:00:00+00:00,0.0026049841473514456
501,2023-02-21 01:00:00+00:00,0.002477825069344942
501,2023-02-21 02:00:00+00:00,0.001231503914022891
501,2023-02-21 03:00:00+00:00,0.0023625786423984584
501,2023-02-21 04:00:00+00:00,0.008493726793600992
501,2023-02-21 05:00:00+00:00,0.0018593349270431213
501,2023-02-21 06:00:00+00:00,0.008839211497002742
501,2023-02-21 07:00:00+00:00,0.012301350297685466
501,2023-02-21 08:00:00+00:00,0.012777923526004261
501,2023-02-21 09:00:00+00:00,0.018244425944000175
501,2023-02-21 10:00:00+00:00,0.016841027914025107
501,2023-02-21 11:00:00+00:00,0.46264800898806363
501,2023-02-21 12:00:00+00:00,0.19664272946743283
501,2023-02-21 13:00:00+00:00,0.16153854482353303
501,2023-02-21 14:00:00+00:00,0.18914370709881123
501,2023-02-21 15:00:00+00:00,0.26681671337738777
501,2023-02-21 16:00:00+00:00,0.28430481397074836
501,2023-02-21 17:00:00+00:00,0.0411445428589598
501,2023-02-21 18:00:00+00:00,0.04477463172716106
501,2023-02-21 19:00:00+00:00,0.011070109096573974
501,2023-02-21 20:00:00+00:00,0.2449376912975332
501,2023-02-21 21:00:00+00:00,0.42167247683474446
501,2023-02-21 22:00:00+00:00,0.16984819174557708
501,2023-02-21 23:00:00+00:00,0.18647592456907117
501,2023-02-22 00:00:00+00:00,0.3978477207953009
501,2023-02-22 01:00:00+00:00,0.1890344811245621
501,2023-02-22 02:00:00+00:00,0.04839147198462873
501,2023-02-22 03:00:00+00:00,0.07085659726331493
501,2023-02-22 04:00:00+00:00,0.0631131294474495
501,2023-02-22 05:00:00+00:00,0.2044575202443048
501,2023-02-22 06:00:00+00:00,0.6784817277376093
501,2023-02-22 07:00:00+00:00,0.30926546037624714
501,2023-02-22 08:00:00+00:00,0.4717459134956551
501,2023-02-22 09:00:00+00:00,0.011285025545266775
501,2023-02-22 10:00:00+00:00,5.022170976259659e-05
501,2023-02-22 11:00:00+00:00,0.033346327432961745
501,2023-02-22 12:00:00+00:00,0.051706468575701575
501,2023-02-22 13:00:00+00:00,0.06607871189582289
501,2023-02-22 14:00:00+00:00,0.07892011030771359
501,2023-02-22 15:00:00+00:00,0.039930844499624606
501,2023-02-22 16:00:00+00:00,0.07197674912590485
501,2023-02-22 17:00:00+00:00,1.4422170713956517
501,2023-02-22 18:00:00+00:00,0.04389580436658111
501,2023-02-22 19:00:00+00:00,0.07293541071661894
501,2023-02-22 20:00:00+00:00,0.051807673692493984
501,2023-02-22 21:00:00+00:00,0.08399745730593418
501,2023-02-22 22:00:00+00:00,0.048048687713390194
501,2023-02-22 23:00:00+00:00,0.055151771790547706
501,2023-02-23 00:00:00+00:00,0.023763420141985445
501,2023-02-23 01:00:00+00:00,0.016216281553436525
501,2023-02-23 02:00:00+00:00,0.017763831397001113
501,2023-02-23 03:00:00+00:00,0.015248588057530597
501,2023-02-23 04:00:00+00:00,0.016360904298855804
501,2023-02-23 05:00:00+00:00,0.013424362347105617
501,2023-02-23 06:00:00+00:00,0.023062496869759693
501,2023-02-23 07:00:00+00:00,0.06843260203657271
501,2023-02-23 08:00:00+00:00,0.13739119581946296
501,2023-02-23 09:00:00+00:00,0.12810273506994718
501,2023-02-23 10:00:00+00:00,1.0887276077172086
501,2023-02-23 11:00:00+00:00,0.11657313857386085
501,2023-02-23 12:00:00+00:00,1.1133437531941157
501,2023-02-23 13:00:00+00:00,1.242370133875437
501,2023-02-23 14:00:00+00:00,1.3196507078924815
501,2023-02-23 15:00:00+00:00,1.2851026198896571
501,2023-02-23 16:00:00+00:00,1.1787871013545141
501,2023-02-23 17:00:00+00:00,1.1352733360662846
501,2023-02-23 18:00:00+00:00,0.844658847547342
501,2023-02-23 19:00:00+00:00,0.10076919742948513
501,2023-02-23 20:00:00+00:00,0.140923082150378
501,2023-02-23 21:00:00+00:00,0.08040930698916911
501,2023-02-23 22:00:00+00:00,0.05486540701642844
501,2023-02-23 23:00:00+00:00,0.03582049831490677
501,2023-02-24 00:00:00+00:00,0.012686781613949205
501,2023-02-24 01:00:00+00:00,0.006363716102954527
501,2023-02-24 02:00:00+00:00,0.07599864830629753
501,2023-02-24 03:00:00+00:00,7.219385109346896e-06
501,2023-02-24 04:00:00+00:00,0.0013417588266289684
501,2023-02-24 05:00:00+00:00,0.0012922734871481662
501,2023-02-24 06:00:00+00:00,0.002949856915662444
501,2023-02-24 07:00:00+00:00,0.0005300612161042821
501,2023-02-24 08:00:00+00:00,4.3106903557153276e-05
501,2023-02-24 09:00:00+00:00,6.561405360629888e-05
501,2023-02-24 10:00:00+00:00,0.0034559456171068367
501,2023-02-24 11:00:00+00:00,0.004873920447221108
501,2023-02-24 12:00:00+00:00,0.07473566527753735
501,2023-02-24 13:00:00+00:00,0.10168594559028168
501,2023-02-24 14:00:00+00:00,0.16946915405222512
501,2023-02-24 15:00:00+00:00,0.0510102396315115
501,2023-02-24 16:00:00+00:00,0.05553960929050489
501,2023-02-24 17:00:00+00:00,0.19709819436624743
501,2023-02-24 18:00:00+00:00,0.9077119593796342
501,2023-02-24 19:00:00+00:00,0.13869472781772876
501,2023-02-24 20:00:00+00:00,0.14539288786684534
501,2023-02-24 21:00:00+00:00,0.5106719119106444
501,2023-02-24 22:00:00+00:00,0.5335215613057245
501,2023-02-24 23:00:00+00:00,0.49191456234246345
501,2023-02-25 00:00:00+00:00,0.42209016204333777
501,2023-02-25 01:00:00+00:00,0.2693842368066999
501,2023-02-25 02:00:00+00:00,0.02393042263407177
501,2023-02-25 03:00:00+00:00,0.011570855178058595
501,2023-02-25 04:00:00+00:00,0.013391851094679129
501,2023-02-25 05:00:00+00:00,0.012235988020359974
501,2023-02-25 06:00:00+00:00,0.010333617424082562
501,2023-02-25 07:00:00+00:00,0.03645655699868441
501,2023-02-25 08:00:00+00:00,0.05930984960327234
501,2023-02-25 09:00:00+00:00,0.08472488763864655
501,2023-02-25 10:00:00+00:00,0.10018477041109809
501,2023-02-25 11:00:00+00:00,0.12842927784581867
501,2023-02-25 12:00:00+00:00,1.1348481334597706
501,2023-02-25 13:00:00+00:00,1.3024567612881646
501,2023-02-25 14:00:00+00:00,1.1907817766067825
501,2023-02-25 15:00:00+00:00,0.1544457777345076
501,2023-02-25 16:00:00+00:00,1.1060077710354748
501,2023-02-25 17:00:00+00:00,1.4459489559033378
501,2023-02-25 18:00:00+00:00,1.2553780159894472
501,2023-02-25 19:00:00+00:00,0.5746029995871971
501,2023-02-25 20:00:00+00:00,0.4915820347364524
501,2023-02-25 21:00:00+00:00,0.5862908994761572
501,2023-02-25 22:00:00+00:00,0.5959180880124508
501,2023-02-25 23:00:00+00:00,0.6170927387464203
501,2023-02-26 00:00:00+00:00,0.07678954567988411
501,2023-02-26 01:00:00+00:00,0.3976343731528528
501,2023-02-26 02:00:00+00:00,0.24544055110309798
501,2023-02-26 03:00:00+00:00,0.0275836812661383
501,2023-02-26 04:00:00+00:00,0.021545112486143218
501,2023-02-26 05:00:00+00:00,0.02941529176819096
501,2023-02-26 06:00:00+00:00,0.21031384938962425
501,2023-02-26 07:00:00+00:00,0.10574278502935697
501,2023-02-26 08:00:00+00:00,0.320809025022811
501,2023-02-26 09:00:00+00:00,0.39285165361791047
501,2023-02-26 10:00:00+00:00,0.0641529360176136
501,2023-02-26 11:00:00+00:00,0.12107831402588391
501,2023-02-26 12:00:00+00:00,0.13728661947668158
501,2023-02-26 13:00:00+00:00,0.8299469421954762
501,2023-02-26 14:00:00+00:00,0.3360428633036233
501,2023-02-26 15:00:00+00:00,0.2414322856735854
501,2023-02-26 16:00:00+00:00,0.3887236221450666
501,2023-02-26 17:00:00+00:00,0.3740578764480047
501,2023-02-26 18:00:00+00:00,0.3101227037550503
501,2023-02-26 19:00:00+00:00,0.3721081132927948
501,2023-02-26 20:00:00+00:00,0.1596763144295223
501,2023-02-26 21:00:00+00:00,0.09918790151415072
501,2023-02-26 22:00:00+00:00,0.077830729242335
501,2023-02-26 23:00:00+00:00,0.11556741537153661
501,2023-02-27 00:00:00+00:00,0.15440331179892647
501,2023-02-27 01:00:00+00:00,0.014473280327938272
501,2023-02-27 02:00:00+00:00,0.010366679319425868
501,2023-02-27 03:00:00+00:00,0.008705562555223265
501,2023-02-27 04:00:00+00:00,0.06424314692696566
501,2023-02-27 05:00:00+00:00,0.006403256794857983
501,2023-02-27 06:00:00+00:00,0.27065626071364485
501,2023-02-27 07:00:00+00:00,0.37947337844956625
501,2023-02-27 08:00:00+00:00,1.1128747118950386
501,2023-02-27 09:00:00+00:00,1.3275400274865046
501,2023-02-27 10:00:00+00:00,1.0069977081659671
501,2023-02-27 11:00:00+00:00,1.026812348983432
501,2023-02-27 12:00:00+00:00,1.0854083330493616
501,2023-02-27 13:00:00+00:00,1.226874617528588
501,2023-02-27 14:00:00+00:00,0.9288837073092326
501,2023-02-27 15:00:00+00:00,0.934398505357789
501,2023-02-27 16:00:00+00:00,1.2652859285172322
501,2023-02-27 17:00:00+00:00,1.0811459190872343
501,2023-02-27 18:00:00+00:00,0.9288374591066643
501,2023-02-27 19:00:00+00:00,0.06836756353092484
501,2023-02-27 20:00:00+00:00,0.38066482228836024
501,2023-02-27 21:00:00+00:00,0.15737718053925737
501,2023-02-27 22:00:00+00:00,0.1463762023335844
501,2023-02-27 23:00:00+00:00,0.11495372992143112
501,2023-02-28 00:00:00+00:00,0.014205109255976898
501,2023-02-28 01:00:00+00:00,0.07287424898806333
501,2023-02-28 02:00:00+00:00,0.15859577816599635
501,2023-02-28 03:00:00+00:00,0.06533278431898226
501,2023-02-28 04:00:00+00:00,0.08786671029073653
501,2023-02-28 05:00:00+00:00,0.11149027624367604
501,2023-02-28 06:00:00+00:00,0.025629588738450525
501,2023-02-28 07:00:00+00:00,0.03288175845539527
501,2023-02-28 08:00:00+00:00,0.11554298167746442
501,2023-02-28 09:00:00+00:00,0.12630925913077715
501,2023-02-28 10:00:00+00:00,0.12107596059671234
501,2023-02-28 11:00:00+00:00,0.09150220092548282
501,2023-02-28 12:00:00+00:00,0.6138824051955695
501,2023-02-28 13:00:00+00:00,0.6873476226917704
501,2023-02-28 14:00:00+00:00,0.10624084782030357
501,2023-02-28 15:00:00+00:00,0.10930776318583492
501,2023-02-28 16:00:00+00:00,0.11451542718087857
501,2023-02-28 17:00:00+00:00,0.15502727258615248
501,2023-02-28 18:00:00+00:00,0.11685121872141475
501,2023-02-28 19:00:00+00:00,0.09137027925767262
501,2023-02-28 20:00:00+00:00,0.08634295390826957
501,2023-02-28 21:00:00+00:00,0.05546608566428698
501,2023-02-28 22:00:00+00:00,0.05755535943960542
501,2023-02-28 23:00:00+00:00,0.8412265105342066
501,2023-03-01 00:00:00+00:00,0.38752147329856923
501,2023-03-01 01:00:00+00:00,0.05557317541051995
501,2023-03-01 02:00:00+00:00,0.09280645412188358
501,2023-03-01 03:00:00+00:00,0.09091158920926087
501,2023-03-01 04:00:00+00:00,0.08901672429663816
501,2023-03-01 05:00:00+00:00,0.010777923154114273
501,2023-03-01 06:00:00+00:00,0.02648345362951262
501,2023-03-01 07:00:00+00:00,0.4833074586094623
501,2023-03-01 08:00:00+00:00,0.6824856045089978
501,2023-03-01 09:00:00+00:00,0.730346587213385
501,2023-03-01 10:00:00+00:00,0.8041677434630473
501,2023-03-01 11:00:00+00:00,0.68224836423303
501,2023-03-01 12:00:00+00:00,0.7160386430980219
501,2023-03-01 13:00:00+00:00,0.8005681364620556
501,2023-03-01 14:00:00+00:00,0.8584632768443962
501,2023-03-01 15:00:00+00:00,0.8392807690177978
501,2023-03-01 16:00:00+00:00,0.777203673694408
501,2023-03-01 17:00:00+00:00,0.9154119008714675
501,2023-03-01 18:00:00+00:00,0.8846100169445793
501,2023-03-01 19:00:00+00:00,0.0906552232973223
501,2023-03-01 20:00:00+00:00,0.4690142357032124
501,2023-03-01 21:00:00+00:00,0.053081718671881974
501,2023-03-01 22:00:00+00:00,0.3038469503345598
501,2023-03-01 23:00:00+00:00,0.366551648619487
501,2023-03-02 00:00:00+00:00,0.2040904406863089
501,2023-03-02 01:00:00+00:00,0.12172935452170205
501,2023-03-02 02:00:00+00:00,0.07057930850459673
501,2023-03-02 03:00:00+00:00,0.06731144520526666
501,2023-03-02 04:00:00+00:00,0.058737603875896896
501,2023-03-02 05:00:00+00:00,0.1332297972331211
501,2023-03-02 06:00:00+00:00,0.16841456370792104
501,2023-03-02 07:00:00+00:00,0.1302335507645079
501,2023-03-02 08:00:00+00:00,0.2390909619906907
501,2023-03-02 09:00:00+00:00,0.4630598925885793
501,2023-03-02 10:00:00+00:00,1.0131353296175232
501,2023-03-02 11:00:00+00:00,1.017131723056765
501,2023-03-02 12:00:00+00:00,0.1596947710595699
501,2023-03-02 13:00:00+00:00,0.6306537709985549
501,2023-03-02 14:00:00+00:00,0.1049163486520291
501,2023-03-02 15:00:00+00:00,0.12510648309132003
501,2023-03-02 16:00:00+00:00,0.12892131148629313
501,2023-03-02 17:00:00+00:00,0.10721192483520674
501,2023-03-02 18:00:00+00:00,0.12925683639080643
501,2023-03-02 19:00:00+00:00,0.09864711953387797
501,2023-03-02 20:00:00+00:00,0.6734971480943567
501,2023-03-02 21:00:00+00:00,0.33066986287350136
501,2023-03-02 22:00:00+00:00,0.43708743636662073
501,2023-03-02 23:00:00+00:00,0.4453343900295233
501,2023-03-03 00:00:00+00:00,0.11602570145650133
501,2023-03-03 01:00:00+00:00,0.08607355413036649
501,2023-03-03 02:00:00+00:00,0.03713829341414706
501,2023-03-03 03:00:00+00:00,0.06236574967380196
501,2023-03-03 04:00:00+00:00,0.047787003723321696
501,2023-03-03 05:00:00+00:00,0.06917499209064475
501,2023-03-03 06:00:00+00:00,0.166171551648763
501,2023-03-03 07:00:00+00:00,0.24179168573780935
501,2023-03-03 08:00:00+00:00,0.9243328766296601
501,2023-03-03 09:00:00+00:00,0.8033298565370879
501,2023-03-03 10:00:00+00:00,0.43886974823143626
501,2023-03-03 11:00:00+00:00,1.2864773423257823
501,2023-03-03 12:00:00+00:00,1.29123515718933
501,2023-03-03 13:00:00+00:00,1.25336964599815
501,2023-03-03 14:00:00+00:00,0.13130402755809034
501,2023-03-03 15:00:00+00:00,0.12229356092745745
501,2023-03-03 16:00:00+00:00,0.13609576714753147
501,2023-03-03 17:00:00+00:00,0.170852921451878
501,2023-03-03 18:00:00+00:00,0.16165461648542823
501,2023-03-03 19:00:00+00:00,0.11360583153966371
501,2023-03-03 20:00:00+00:00,0.11655738172939568
501,2023-03-03 21:00:00+00:00,0.0782592006490462
501,2023-03-03 22:00:00+00:00,0.0867309939835959
501,2023-03-03 23:00:00+00:00,0.09165505015013678
501,2023-03-04 00:00:00+00:00,0.48110562068656504
501,2023-03-04 01:00:00+00:00,0.36983793266208564
501,2023-03-04 02:00:00+00:00,0.2611083739115868
501,2023-03-04 03:00:00+00:00,0.11889477370537506
501,2023-03-04 04:00:00+00:00,0.13050102997173868
501,2023-03-04 05:00:00+00:00,0.10961269719555292
501,2023-03-04 06:00:00+00:00,0.10026697792649046
501,2023-03-04 07:00:00+00:00,0.14985627321175043
501,2023-03-04 08:00:00+00:00,0.2705979906626221
501,2023-03-04 09:00:00+00:00,0.41438275535551083
501,2023-03-04 10:00:00+00:00,0.6759483455465101
501,2023-03-04 11:00:00+00:00,0.1139144892460846
501,2023-03-04 12:00:00+00:00,1.0642132998257865
501,2023-03-04 13:00:00+00:00,1.2031460924346633
501,2023-03-04 14:00:00+00:00,0.16480356807182106
501,2023-03-04 15:00:00+00:00,1.458934659498707
501,2023-03-04 16:00:00+00:00,0.11774595412916505
501,2023-03-04 17:00:00+00:00,0.15961082047236055
501,2023-03-04 18:00:00+00:00,1.0142973165737594
501,2023-03-04 19:00:00+00:00,0.5013018334796081
501,2023-03-04 20:00:00+00:00,0.10158562915074983
501,2023-03-04 21:00:00+00:00,0.07104526048214722
501,2023-03-04 22:00:00+00:00,0.06439353330841517
501,2023-03-04 23:00:00+00:00,0.06584368507101045
501,2023-03-05 00:00:00+00:00,0.04204575437376661
501,2023-03-05 01:00:00+00:00,0.046592873327635245
501,2023-03-05 02:00:00+00:00,0.021801910533145237
501,2023-03-05 03:00:00+00:00,0.022057344797572508
501,2023-03-05 04:00:00+00:00,0.021203571963039628
501,2023-03-05 05:00:00+00:00,0.015673247616836836
501,2023-03-05 06:00:00+00:00,0.004377954722005519
501,2023-03-05 07:00:00+00:00,0.006841287441039657
501,2023-03-05 08:00:00+00:00,0.009141058892826858
501,2023-03-05 09:00:00+00:00,0.003449313179449009
501,2023-03-05 10:00:00+00:00,0.008088581620957987
501,2023-03-05 11:00:00+00:00,0.02021756395321717
501,2023-03-05 12:00:00+00:00,0.004971830642602924
501,2023-03-05 13:00:00+00:00,0.018640964480637016
501,2023-03-05 14:00:00+00:00,0.0175513418409242
501,2023-03-05 15:00:00+00:00,0.01621860680303884
501,2023-03-05 16:00:00+00:00,0.004906711228085837
501,2023-03-05 17:00:00+00:00,0.004466664760708923
501,2023-03-05 18:00:00+00:00,5.067544463712183e-05
501,2023-03-05 19:00:00+00:00,4.6915105525305156e-05
501,2023-03-05 20:00:00+00:00,4.045162135818685e-05
501,2023-03-05 21:00:00+00:00,0.0010923596985493967
501,2023-03-05 22:00:00+00:00,3.105636361609768e-05
501,2023-03-05 23:00:00+00:00,0.003314055194632205
501,2023-03-06 00:00:00+00:00,0.003012113643490419
501,2023-03-06 01:00:00+00:00,0.006956610048265332
501,2023-03-06 02:00:00+00:00,0.04455877826759148
501,2023-03-06 03:00:00+00:00,0.001160277026615277
501,2023-03-06 04:00:00+00:00,0.005252171593601638
501,2023-03-06 05:00:00+00:00,0.0018259895949722664
501,2023-03-06 06:00:00+00:00,0.003187224593886371
501,2023-03-06 07:00:00+00:00,0.008499441994411222
501,2023-03-06 08:00:00+00:00,0.014112374946450857
501,2023-03-06 09:00:00+00:00,0.01652361903950179
501,2023-03-06 10:00:00+00:00,0.015529951085878476
501,2023-03-06 11:00:00+00:00,0.012888011701367597
501,2023-03-06 12:00:00+00:00,0.01380275108884946
501,2023-03-06 13:00:00+00:00,0.010356865458716944
501,2023-03-06 14:00:00+00:00,0.012837520161628431
501,2023-03-06 15:00:00+00:00,0.014880787558447444
501,2023-03-06 16:00:00+00:00,0.023524092562373037
501,2023-03-06 17:00:00+00:00,0.027953538761258626
501,2023-03-06 18:00:00+00:00,0.02298790184645025
501,2023-03-06 19:00:00+00:00,0.0139055302617933
501,2023-03-06 20:00:00+00:00,0.006768438953445822
501,2023-03-06 21:00:00+00:00,0.0057187810890299215
501,2023-03-06 22:00:00+00:00,0.007927222906134589
501,2023-03-06 23:00:00+00:00,0.008396713426913118
501,2023-03-07 00:00:00+00:00,0.006105570886248833
501,2023-03-07 01:00:00+00:00,0.0032042907542001787
501,2023-03-07 02:00:00+00:00,0.008262606743119991
501,2023-03-07 03:00:00+00:00,0.04991643943089121
501,2023-03-07 04:00:00+00:00,0.02163331808599566
501,2023-03-07 05:00:00+00:00,0.010497996930080073
501,2023-03-07 06:00:00+00:00,0.048436776657583475
501,2023-03-07 07:00:00+00:00,0.1417889339159281
501,2023-03-07 08:00:00+00:00,0.030238510382214177
501,2023-03-07 09:00:00+00:00,0.12243035387202027
501,2023-03-07 10:00:00+00:00,6.485002402910506e-05
501,2023-03-07 11:00:00+00:00,0.0
501,2023-03-07 12:00:00+00:00,0.0
501,2023-03-07 13:00:00+00:00,0.0
501,2023-03-07 14:00:00+00:00,0.0
501,2023-03-07 15:00:00+00:00,0.0
501,2023-03-07 16:00:00+00:00,0.0
501,2023-03-07 17:00:00+00:00,0.002477806544051023
501,2023-03-07 18:00:00+00:00,0.07800897132491064
501,2023-03-07 19:00:00+00:00,0.16571706166721678
501,2023-03-07 20:00:00+00:00,0.1841854885629362
501,2023-03-07 21:00:00+00:00,0.07421153952369175
501,2023-03-07 22:00:00+00:00,0.07207220018163289
501,2023-03-07 23:00:00+00:00,0.056055654271325576
501,2023-03-08 00:00:00+00:00,0.036817686153854605
501,2023-03-08 01:00:00+00:00,0.018982167120460774
501,2023-03-08 02:00:00+00:00,0.008685658138281236
501,2023-03-08 03:00:00+00:00,0.010488932158048027
501,2023-03-08 04:00:00+00:00,0.013653737860085377
501,2023-03-08 05:00:00+00:00,0.040073514941890445
501,2023-03-08 06:00:00+00:00,0.1560307273563117
501,2023-03-08 07:00:00+00:00,0.15131581978704425
501,2023-03-08 08:00:00+00:00,0.23321358515838664
501,2023-03-08 09:00:00+00:00,0.0846099651839903
501,2023-03-08 10:00:00+00:00,0.10430540291733587
501,2023-03-08 11:00:00+00:00,0.097395023784134
501,2023-03-08 12:00:00+00:00,0.026435710109778694
501,2023-03-08 13:00:00+00:00,0.09508826946562071
501,2023-03-08 14:00:00+00:00,0.10165179637361633
501,2023-03-08 15:00:00+00:00,0.16226723918548508
501,2023-03-08 16:00:00+00:00,0.25477690645633355
501,2023-03-08 17:00:00+00:00,0.29566582087284093
501,2023-03-08 18:00:00+00:00,0.35815869255049226
501,2023-03-08 19:00:00+00:00,0.22931293568695896
501,2023-03-08 20:00:00+00:00,0.1819031725842794
501,2023-03-08 21:00:00+00:00,0.1758346469031388
501,2023-03-08 22:00:00+00:00,0.16360808122327977
501,2023-03-08 23:00:00+00:00,0.13112901020643908
501,2023-03-09 00:00:00+00:00,0.1659085353346142
501,2023-03-09 01:00:00+00:00,0.014948252779735677
501,2023-03-09 02:00:00+00:00,0.11461971676382489
501,2023-03-09 03:00:00+00:00,0.07489441813186637
501,2023-03-09 04:00:00+00:00,0.030171060099497757
501,2023-03-09 05:00:00+00:00,0.02947868993119941
501,2023-03-09 06:00:00+00:00,0.04831708437308633
501,2023-03-09 07:00:00+00:00,0.08056424144279897
501,2023-03-09 08:00:00+00:00,0.1857440670443463
501,2023-03-09 09:00:00+00:00,0.3239365739127097
501,2023-03-09 10:00:00+00:00,0.2754235845687224
501,2023-03-09 11:00:00+00:00,0.42235384523369857
501,2023-03-09 12:00:00+00:00,0.14579767946292344
501,2023-03-09 13:00:00+00:00,0.9572618601757945
501,2023-03-09 14:00:00+00:00,1.0470791513520217
501,2023-03-09 15:00:00+00:00,1.2676865813092189
501,2023-03-09 16:00:00+00:00,1.0243803861791037
501,2023-03-09 17:00:00+00:00,0.9164238898652605
501,2023-03-09 18:00:00+00:00,0.30170968688309313
501,2023-03-09 19:00:00+00:00,0.19160604249294141
501,2023-03-09 20:00:00+00:00,0.06981678840603397
501,2023-03-09 21:00:00+00:00,0.0561699847723096
501,2023-03-09 22:00:00+00:00,0.14604029552071568
501,2023-03-09 23:00:00+00:00,0.060890459792738674
501,2023-03-10 00:00:00+00:00,0.01888121049783761
501,2023-03-10 01:00:00+00:00,0.01538982473175256
501,2023-03-10 02:00:00+00:00,0.014854481853564028
501,2023-03-10 03:00:00+00:00,0.004942675371039661
501,2023-03-10 04:00:00+00:00,0.00452104931202126
501,2023-03-10 05:00:00+00:00,0.004520371919368735
501,2023-03-10 06:00:00+00:00,0.034830067157436244
501,2023-03-10 07:00:00+00:00,0.021183100311400405
501,2023-03-10 08:00:00+00:00,0.05300835980273714
501,2023-03-10 09:00:00+00:00,0.1425351081785122
501,2023-03-10 10:00:00+00:00,0.06501633582830488
501,2023-03-10 11:00:00+00:00,0.10041613085114003
501,2023-03-10 12:00:00+00:00,0.11343534515140508
501,2023-03-10 13:00:00+00:00,0.0642572482732458
501,2023-03-10 14:00:00+00:00,0.11232717206549728
501,2023-03-10 15:00:00+00:00,0.039867236015355724
501,2023-03-10 16:00:00+00:00,0.05537135667343503
501,2023-03-10 17:00:00+00:00,0.058340452655295146
501,2023-03-10 18:00:00+00:00,0.15760120191712249
501,2023-03-10 19:00:00+00:00,0.05430076711099629
501,2023-03-10 20:00:00+00:00,0.07651188908331295
501,2023-03-10 21:00:00+00:00,0.03325075421589653
501,2023-03-10 22:00:00+00:00,0.1135059372596298
501,2023-03-10 23:00:00+00:00,0.18852363022161928
501,2023-03-11 00:00:00+00:00,0.04281995055417525
501,2023-03-11 01:00:00+00:00,0.05629825748700042
501,2023-03-11 02:00:00+00:00,0.04349924630979626
501,2023-03-11 03:00:00+00:00,0.028313874068066427
501,2023-03-11 04:00:00+00:00,0.02523764989235695
501,2023-03-11 05:00:00+00:00,0.017753400563618193
501,2023-03-11 06:00:00+00:00,0.00948491147742175
501,2023-03-11 07:00:00+00:00,0.023165552057471662
501,2023-03-11 08:00:00+00:00,0.03687501222996577
501,2023-03-11 09:00:00+00:00,0.04968330833821675
501,2023-03-11 10:00:00+00:00,0.07755636959412837
501,2023-03-11 11:00:00+00:00,0.14237992851133927
501,2023-03-11 12:00:00+00:00,0.25876891466911056
501,2023-03-11 13:00:00+00:00,0.3994055532677553
501,2023-03-11 14:00:00+00:00,0.3655683828426952
501,2023-03-11 15:00:00+00:00,0.24189229050001015
501,2023-03-11 16:00:00+00:00,0.24868446240525285
501,2023-03-11 17:00:00+00:00,0.25258206507574354
501,2023-03-11 18:00:00+00:00,0.14516144176920198
501,2023-03-11 19:00:00+00:00,0.19550186453137103
501,2023-03-11 20:00:00+00:00,0.20445746949553867
501,2023-03-11 21:00:00+00:00,0.29293843035010025
501,2023-03-11 22:00:00+00:00,0.32144496324015526
501,2023-03-11 23:00:00+00:00,0.06332734098052464
501,2023-03-12 00:00:00+00:00,0.010132831028162672
501,2023-03-12 01:00:00+00:00,0.007036499799580965
501,2023-03-12 02:00:00+00:00,0.005494530643710062
501,2023-03-12 03:00:00+00:00,0.0053261984612408995
501,2023-03-12 04:00:00+00:00,0.0037299079747371462
501,2023-03-12 05:00:00+00:00,0.005442936899887768
501,2023-03-12 06:00:00+00:00,0.00397467836082132
501,2023-03-12 07:00:00+00:00,0.00205520931006103
501,2023-03-12 08:00:00+00:00,0.0027281398215356968
501,2023-03-12 09:00:00+00:00,0.005016882544365183
501,2023-03-12 10:00:00+00:00,0.013202214323649984
501,2023-03-12 11:00:00+00:00,0.047823963289899185
501,2023-03-12 12:00:00+00:00,0.09411821221454987
501,2023-03-12 13:00:00+00:00,0.03186852972822406
501,2023-03-12 14:00:00+00:00,0.12606698849734854
501,2023-03-12 15:00:00+00:00,0.03503081380223233
501,2023-03-12 16:00:00+00:00,0.09088848836245242
501,2023-03-12 17:00:00+00:00,0.47087401683675745
501,2023-03-12 18:00:00+00:00,0.48433713879427265
501,2023-03-12 19:00:00+00:00,0.3398769900021949
501,2023-03-12 20:00:00+00:00,0.27796428137675816
501,2023-03-12 21:00:00+00:00,0.22506029922475596
501,2023-03-12 22:00:00+00:00,0.25074881226656387
501,2023-03-12 23:00:00+00:00,0.49708193367919196
501,2023-03-13 00:00:00+00:00,0.35402388701082493
501,2023-03-13 01:00:00+00:00,0.14342801266609748
501,2023-03-13 02:00:00+00:00,0.11184082963055822
501,2023-03-13 03:00:00+00:00,0.03376312433116697
501,2023-03-13 04:00:00+00:00,0.04009181290212175
501,2023-03-13 05:00:00+00:00,0.007772699083057133
501,2023-03-13 06:00:00+00:00,0.017655760373652195
501,2023-03-13 07:00:00+00:00,0.04051318051201726
501,2023-03-13 08:00:00+00:00,0.9839152867028593
501,2023-03-13 09:00:00+00:00,0.10042177379355663
501,2023-03-13 10:00:00+00:00,0.07698210150428482
501,2023-03-13 11:00:00+00:00,0.0779149072960479
501,2023-03-13 12:00:00+00:00,0.07884813463042414
501,2023-03-13 13:00:00+00:00,0.07683517442152754
501,2023-03-13 14:00:00+00:00,0.07482143881406585
501,2023-03-13 15:00:00+00:00,0.6335133753225155
501,2023-03-13 16:00:00+00:00,1.733390206279605
501,2023-03-13 17:00:00+00:00,0.08686590200381258
501,2023-03-13 18:00:00+00:00,0.02674596444735857
501,2023-03-13 19:00:00+00:00,0.07598132677168634
501,2023-03-13 20:00:00+00:00,1.0169130560613395
501,2023-03-13 21:00:00+00:00,0.37216345159218667
501,2023-03-13 22:00:00+00:00,0.2391077260475713
501,2023-03-13 23:00:00+00:00,0.0020209716233451397
501,2023-03-14 00:00:00+00:00,0.008180445046370886
501,2023-03-14 01:00:00+00:00,0.012269518212543878
501,2023-03-14 02:00:00+00:00,0.011789643259147047
501,2023-03-14 03:00:00+00:00,0.004710970234750061
501,2023-03-14 04:00:00+00:00,7.219801617191994e-06
501,2023-03-14 05:00:00+00:00,7.220028376126845e-06
501,2023-03-14 06:00:00+00:00,1.538247851566136e-05
501,2023-03-14 07:00:00+00:00,0.0023066738302830463
501,2023-03-14 08:00:00+00:00,0.03353740864700287
501,2023-03-14 09:00:00+00:00,0.05761690309835916
501,2023-03-14 10:00:00+00:00,0.17670032851795187
501,2023-03-14 11:00:00+00:00,0.03006946306139104
501,2023-03-14 12:00:00+00:00,0.03779278535615052
501,2023-03-14 13:00:00+00:00,0.04506454438659548
501,2023-03-14 14:00:00+00:00,0.013383573974526995
501,2023-03-14 15:00:00+00:00,0.01685074160261883
501,2023-03-14 16:00:00+00:00,0.015301146136688872
501,2023-03-14 17:00:00+00:00,0.01547555680335224
501,2023-03-14 18:00:00+00:00,0.0008976380955000906
501,2023-03-14 19:00:00+00:00,0.0017611645655279434
501,2023-03-14 20:00:00+00:00,0.003357906282666874
501,2023-03-14 21:00:00+00:00,0.0016138903766198937
501,2023-03-14 22:00:00+00:00,0.006472944673263769
501,2023-03-14 23:00:00+00:00,1.81604609795859e-05
501,2023-03-15 00:00:00+00:00,0.004764098267683854
501,2023-03-15 01:00:00+00:00,0.0013732702671235533
501,2023-03-15 02:00:00+00:00,0.0006663098410796622
501,2023-03-15 03:00:00+00:00,0.004549246978289363
501,2023-03-15 04:00:00+00:00,0.004892950373854558
501,2023-03-15 05:00:00+00:00,0.005978177397693406
501,2023-03-15 06:00:00+00:00,0.008841602155150804
501,2023-03-15 07:00:00+00:00,0.08158013938899676
501,2023-03-15 08:00:00+00:00,0.1086894683501994
501,2023-03-15 09:00:00+00:00,0.31402202737430873
501,2023-03-15 10:00:00+00:00,0.21068797121040583
501,2023-03-15 11:00:00+00:00,0.30563779599362284
501,2023-03-15 12:00:00+00:00,0.35596893712719746
501,2023-03-15 13:00:00+00:00,0.35585671122518864
501,2023-03-15 14:00:00+00:00,0.4240938818482331
501,2023-03-15 15:00:00+00:00,0.401912996341921
501,2023-03-15 16:00:00+00:00,0.4057566916977876
501,2023-03-15 17:00:00+00:00,0.3444624052150737
501,2023-03-15 18:00:00+00:00,0.19228060050348347
501,2023-03-15 19:00:00+00:00,0.29178410720910153
501,2023-03-15 20:00:00+00:00,0.2657688155389095
501,2023-03-15 21:00:00+00:00,0.22442832883431305
501,2023-03-15 22:00:00+00:00,0.16260957339455615
501,2023-03-15 23:00:00+00:00,0.17270583643747794
501,2023-03-16 00:00:00+00:00,0.12859172032022767
501,2023-03-16 01:00:00+00:00,0.06048677852875498
501,2023-03-16 02:00:00+00:00,0.030512286784200055
501,2023-03-16 03:00:00+00:00,0.031291699461331764
501,2023-03-16 04:00:00+00:00,0.05271002121092993
501,2023-03-16 05:00:00+00:00,0.0359047703311217
501,2023-03-16 06:00:00+00:00,0.10272883568955156
501,2023-03-16 07:00:00+00:00,0.2012750437794417
501,2023-03-16 08:00:00+00:00,0.49279659535732945
501,2023-03-16 09:00:00+00:00,0.48727890287419706
501,2023-03-16 10:00:00+00:00,0.4175634051102829
501,2023-03-16 11:00:00+00:00,0.4001823877102971
501,2023-03-16 12:00:00+00:00,0.3841060150173737
501,2023-03-16 13:00:00+00:00,0.6117735594061258
501,2023-03-16 14:00:00+00:00,0.3895137505023628
501,2023-03-16 15:00:00+00:00,0.4176836903445795
501,2023-03-16 16:00:00+00:00,0.4621634483102047
501,2023-03-16 17:00:00+00:00,0.46197759004881317
501,2023-03-16 18:00:00+00:00,0.4607773399086228
501,2023-03-16 19:00:00+00:00,0.33535018633512154
501,2023-03-16 20:00:00+00:00,0.32259388538877826
501,2023-03-16 21:00:00+00:00,0.2392741198419328
501,2023-03-16 22:00:00+00:00,0.22982513130987714
501,2023-03-16 23:00:00+00:00,0.3505346994572075
501,2023-03-17 00:00:00+00:00,0.24089861034807325
501,2023-03-17 01:00:00+00:00,0.10503240317038945
501,2023-03-17 02:00:00+00:00,0.0859986286365982
501,2023-03-17 03:00:00+00:00,0.030207664618083583
501,2023-03-17 04:00:00+00:00,0.02649072245067628
501,2023-03-17 05:00:00+00:00,0.03586467487436187
501,2023-03-17 06:00:00+00:00,0.04656105645912748
501,2023-03-17 07:00:00+00:00,0.17595379702526323
501,2023-03-17 08:00:00+00:00,0.39201125601577835
501,2023-03-17 09:00:00+00:00,0.39741991357516926
501,2023-03-17 10:00:00+00:00,0.3992505409771191
501,2023-03-17 11:00:00+00:00,0.3945450887056938
501,2023-03-17 12:00:00+00:00,1.7010606944320432
501,2023-03-17 13:00:00+00:00,0.615536368741289
501,2023-03-17 14:00:00+00:00,0.4379944090816507
501,2023-03-17 15:00:00+00:00,0.41414534710679296
501,2023-03-17 16:00:00+00:00,0.4753926014679361
501,2023-03-17 17:00:00+00:00,0.47359484764523224
501,2023-03-17 18:00:00+00:00,0.4625080096935406
501,2023-03-17 19:00:00+00:00,0.3713007664837689
501,2023-03-17 20:00:00+00:00,0.3269105744703122
501,2023-03-17 21:00:00+00:00,0.24122449757835063
501,2023-03-17 22:00:00+00:00,0.2590474392169422
501,2023-03-17 23:00:00+00:00,0.2636468255248594
501,2023-03-18 00:00:00+00:00,0.2384878767160726
501,2023-03-18 01:00:00+00:00,0.1262749400529487
501,2023-03-18 02:00:00+00:00,0.06969545905145678
501,2023-03-18 03:00:00+00:00,0.050805602354575485
501,2023-03-18 04:00:00+00:00,0.05004119463619487
501,2023-03-18 05:00:00+00:00,0.009773083090990155
501,2023-03-18 06:00:00+00:00,0.018518976363428134
501,2023-03-18 07:00:00+00:00,0.05049113436139837
501,2023-03-18 08:00:00+00:00,0.0860371086911071
501,2023-03-18 09:00:00+00:00,0.20632432425422118
501,2023-03-18 10:00:00+00:00,0.358619998107528
501,2023-03-18 11:00:00+00:00,7.816605927947942e-05
501,2023-03-18 12:00:00+00:00,0.00010049915840631136
501,2023-03-18 13:00:00+00:00,0.02001018093118559
501,2023-03-18 14:00:00+00:00,0.015969053470580693
501,2023-03-18 15:00:00+00:00,0.017509898279801338
501,2023-03-18 16:00:00+00:00,0.018614064661280884
501,2023-03-18 17:00:00+00:00,0.017610050422681905
501,2023-03-18 18:00:00+00:00,0.01901798915548524
501,2023-03-18 19:00:00+00:00,0.014676283207992248
501,2023-03-18 20:00:00+00:00,0.012938640426588226
501,2023-03-18 21:00:00+00:00,0.009776739062881207
501,2023-03-18 22:00:00+00:00,0.0026897176028298476
501,2023-03-18 23:00:00+00:00,0.023832909186010668
501,2023-03-19 00:00:00+00:00,0.01490674466814358
501,2023-03-19 01:00:00+00:00,0.01236041276324878
501,2023-03-19 02:00:00+00:00,2.200179376218493e-05
501,2023-03-19 03:00:00+00:00,0.02939228324405006
501,2023-03-19 04:00:00+00:00,1.57789833793625e-05
501,2023-03-19 05:00:00+00:00,5.585218184475579e-06
501,2023-03-19 06:00:00+00:00,0.00037489233232769394
501,2023-03-19 07:00:00+00:00,1.297685425446768e-05
501,2023-03-19 08:00:00+00:00,0.004333216786874284
501,2023-03-19 09:00:00+00:00,0.004355717378520437
501,2023-03-19 10:00:00+00:00,0.015565857159097907
501,2023-03-19 11:00:00+00:00,0.015748999178100402
501,2023-03-19 12:00:00+00:00,0.005542222419360585
501,2023-03-19 13:00:00+00:00,0.02103748956826061
501,2023-03-19 14:00:00+00:00,0.0346470492229612
501,2023-03-19 15:00:00+00:00,0.01961642485039331
501,2023-03-19 16:00:00+00:00,0.017921269908549656
501,2023-03-19 17:00:00+00:00,0.017942079320941388
501,2023-03-19 18:00:00+00:00,0.028175998522243343
501,2023-03-19 19:00:00+00:00,0.02141899551741246
501,2023-03-19 20:00:00+00:00,0.0175808518103179
501,2023-03-19 21:00:00+00:00,0.012940361298266338
501,2023-03-19 22:00:00+00:00,0.009295902872568958
501,2023-03-19 23:00:00+00:00,0.253654441299756
501,2023-03-20 00:00:00+00:00,0.1217453822276124
501,2023-03-20 01:00:00+00:00,0.05366697408232549
501,2023-03-20 02:00:00+00:00,0.02887472054479458
501,2023-03-20 03:00:00+00:00,0.021358881617806455
501,2023-03-20 04:00:00+00:00,0.020389939694124563
501,2023-03-20 05:00:00+00:00,0.05063828546460025
501,2023-03-20 06:00:00+00:00,0.34969263881216295
501,2023-03-20 07:00:00+00:00,0.38826737143027884
501,2023-03-20 08:00:00+00:00,0.9806878469233213
501,2023-03-20 09:00:00+00:00,0.931658696915199
501,2023-03-20 10:00:00+00:00,0.7906484299649512
501,2023-03-20 11:00:00+00:00,0.7085569850015077
501,2023-03-20 12:00:00+00:00,0.6792639572548037
501,2023-03-20 13:00:00+00:00,0.756788206343645
501,2023-03-20 14:00:00+00:00,0.5719490562654863
501,2023-03-20 15:00:00+00:00,1.6704091022005072
501,2023-03-20 16:00:00+00:00,1.8766806969701821
501,2023-03-20 17:00:00+00:00,0.728995902558499
501,2023-03-20 18:00:00+00:00,0.6947479927520035
501,2023-03-20 19:00:00+00:00,0.6004935868951907
501,2023-03-20 20:00:00+00:00,0.27207933265495177
501,2023-03-20 21:00:00+00:00,0.20791957171269349
501,2023-03-20 22:00:00+00:00,0.172022786960919
501,2023-03-20 23:00:00+00:00,0.26500124903165617
501,2023-03-21 00:00:00+00:00,0.11575772971881418
501,2023-03-21 01:00:00+00:00,0.049249478004058704
501,2023-03-21 02:00:00+00:00,0.030822495748939357
501,2023-03-21 03:00:00+00:00,0.025742905298616676
501,2023-03-21 04:00:00+00:00,0.05427029129402548
501,2023-03-21 05:00:00+00:00,0.06638692849710014
501,2023-03-21 06:00:00+00:00,0.09007901238759809
501,2023-03-21 07:00:00+00:00,0.24272822949571893
501,2023-03-21 08:00:00+00:00,0.909899674639824
501,2023-03-21 09:00:00+00:00,1.068534911698756
501,2023-03-21 10:00:00+00:00,0.02453641446315816
501,2023-03-21 11:00:00+00:00,0.07613846566109897
501,2023-03-21 12:00:00+00:00,0.019415117565385633
501,2023-03-21 13:00:00+00:00,0.012895756157818548
501,2023-03-21 14:00:00+00:00,0.01430150722644455
501,2023-03-21 15:00:00+00:00,0.015133534755341283
501,2023-03-21 16:00:00+00:00,0.017215349170754454
501,2023-03-21 17:00:00+00:00,0.004418091106329924
501,2023-03-21 18:00:00+00:00,0.024198683812365812
501,2023-03-21 19:00:00+00:00,1.1037329510532086
501,2023-03-21 20:00:00+00:00,0.3843760849199183
501,2023-03-21 21:00:00+00:00,0.19037549177902727
501,2023-03-21 22:00:00+00:00,0.20001722261640276
501,2023-03-21 23:00:00+00:00,0.16573460309807675
501,2023-03-22 00:00:00+00:00,0.10887666578074494
501,2023-03-22 01:00:00+00:00,0.039747303720756154
501,2023-03-22 02:00:00+00:00,0.026664320134375356
501,2023-03-22 03:00:00+00:00,0.029341219012340176
501,2023-03-22 04:00:00+00:00,0.041552024393882725
501,2023-03-22 05:00:00+00:00,0.007255700616342416
501,2023-03-22 06:00:00+00:00,0.006647169918883201
501,2023-03-22 07:00:00+00:00,0.01205914411306431
501,2023-03-22 08:00:00+00:00,0.02015904850607239
501,2023-03-22 09:00:00+00:00,0.09960189894929393
501,2023-03-22 10:00:00+00:00,0.0940507085294679
501,2023-03-22 11:00:00+00:00,0.7092610248144736
501,2023-03-22 12:00:00+00:00,0.7411936573306548
501,2023-03-22 13:00:00+00:00,1.5919990275449232
501,2023-03-22 14:00:00+00:00,0.6207871524965701
501,2023-03-22 15:00:00+00:00,1.7481881287336745
501,2023-03-22 16:00:00+00:00,0.6817913546140859
501,2023-03-22 17:00:00+00:00,0.5052782151653401
501,2023-03-22 18:00:00+00:00,0.44038172733129594
501,2023-03-22 19:00:00+00:00,0.5774574870886008
501,2023-03-22 20:00:00+00:00,0.3024553032630008
501,2023-03-22 21:00:00+00:00,0.35553144025391975
501,2023-03-22 22:00:00+00:00,0.35047035325554526
501,2023-03-22 23:00:00+00:00,0.010654834105781281
501,2023-03-23 00:00:00+00:00,0.005112517799016393
501,2023-03-23 01:00:00+00:00,0.0023927903179659918
501,2023-03-23 02:00:00+00:00,0.004118920557249269
501,2023-03-23 03:00:00+00:00,0.02986874497054352
501,2023-03-23 04:00:00+00:00,0.10035510156332426
501,2023-03-23 05:00:00+00:00,0.11834236193587078
501,2023-03-23 06:00:00+00:00,0.0633920211014144
501,2023-03-23 07:00:00+00:00,0.24332345433718472
501,2023-03-23 08:00:00+00:00,0.8548932715751775
501,2023-03-23 09:00:00+00:00,2.370991382900155
501,2023-03-23 10:00:00+00:00,0.8308315516781837
501,2023-03-23 11:00:00+00:00,0.6661065080339416
501,2023-03-23 12:00:00+00:00,0.6665332006423818
501,2023-03-23 13:00:00+00:00,0.7192195115548552
501,2023-03-23 14:00:00+00:00,1.8168498089006317
501,2023-03-23 15:00:00+00:00,0.6494509486464857
501,2023-03-23 16:00:00+00:00,0.6616269297919837
501,2023-03-23 17:00:00+00:00,0.09806716655882511
501,2023-03-23 18:00:00+00:00,0.016353700543633477
501,2023-03-23 19:00:00+00:00,0.8158451626050494
501,2023-03-23 20:00:00+00:00,0.33137630930168005
501,2023-03-23 21:00:00+00:00,0.31257181228464825
501,2023-03-23 22:00:00+00:00,0.2855971314349536
501,2023-03-23 23:00:00+00:00,0.361801119686497
501,2023-03-24 00:00:00+00:00,0.017766008053634322
501,2023-03-24 01:00:00+00:00,0.010904002735939904
501,2023-03-24 02:00:00+00:00,0.004064621674858068
501,2023-03-24 03:00:00+00:00,0.10293359575308968
501,2023-03-24 04:00:00+00:00,0.10798271580737924
501,2023-03-24 05:00:00+00:00,0.20226788038000956
501,2023-03-24 06:00:00+00:00,0.3925985664640962
501,2023-03-24 07:00:00+00:00,0.8335200345931331
501,2023-03-24 08:00:00+00:00,1.9901199230287028
501,2023-03-24 09:00:00+00:00,0.9464656469659014
501,2023-03-24 10:00:00+00:00,0.7753183121224246
501,2023-03-24 11:00:00+00:00,0.08664171317852862
501,2023-03-24 12:00:00+00:00,0.024784912771794936
501,2023-03-24 13:00:00+00:00,0.016836731475542873
501,2023-03-24 14:00:00+00:00,0.028458916145795016
501,2023-03-24 15:00:00+00:00,0.028003079090388166
501,2023-03-24 16:00:00+00:00,0.028486322659415416
501,2023-03-24 17:00:00+00:00,0.01969068337417611
501,2023-03-24 18:00:00+00:00,0.019838964128957914
501,2023-03-24 19:00:00+00:00,0.023279299820134762
501,2023-03-24 20:00:00+00:00,0.021719172589855718
501,2023-03-24 21:00:00+00:00,0.016837893650588555
501,2023-03-24 22:00:00+00:00,0.01605036911121855
501,2023-03-24 23:00:00+00:00,0.01520335634374617
501,2023-03-25 00:00:00+00:00,0.011489561373847964
501,2023-03-25 01:00:00+00:00,0.008374280862783173
501,2023-03-25 02:00:00+00:00,0.0029813011827769225
501,2023-03-25 03:00:00+00:00,0.003452623886325103
501,2023-03-25 04:00:00+00:00,0.00217132555931408
501,2023-03-25 05:00:00+00:00,0.0017170887008856497
501,2023-03-25 06:00:00+00:00,0.001186860504926605
501,2023-03-25 07:00:00+00:00,0.0005325553423678759
501,2023-03-25 08:00:00+00:00,0.00438131758756571
501,2023-03-25 09:00:00+00:00,0.002819933771338465
501,2023-03-25 10:00:00+00:00,0.004775967216882335
501,2023-03-25 11:00:00+00:00,0.015571394647001344
501,2023-03-25 12:00:00+00:00,0.016819939040475622
501,2023-03-25 13:00:00+00:00,0.020550083307996563
501,2023-03-25 14:00:00+00:00,0.02151436906408242
501,2023-03-25 15:00:00+00:00,0.020920781283096587
501,2023-03-25 16:00:00+00:00,0.020004029495097997
501,2023-03-25 17:00:00+00:00,0.019400273300700092
501,2023-03-25 18:00:00+00:00,0.030995279247348892
501,2023-03-25 19:00:00+00:00,0.8361905267390277
501,2023-03-25 20:00:00+00:00,1.844175662080911
501,2023-03-25 21:00:00+00:00,0.09410376554209708
501,2023-03-25 22:00:00+00:00,0.08284244199391762
501,2023-03-25 23:00:00+00:00,0.07626931795379786
501,2023-03-26 00:00:00+00:00,0.08435800180470043
501,2023-03-26 01:00:00+00:00,0.1175930854308219
501,2023-03-26 02:00:00+00:00,0.05750837226972192
501,2023-03-26 03:00:00+00:00,0.08964163401758675
501,2023-03-26 04:00:00+00:00,0.06170998503207749
501,2023-03-26 05:00:00+00:00,0.030436380083321713
501,2023-03-26 06:00:00+00:00,0.06551415275210687
501,2023-03-26 07:00:00+00:00,0.14231294215620463
501,2023-03-26 08:00:00+00:00,0.027455156877973633
501,2023-03-26 09:00:00+00:00,0.09645173167044387
501,2023-03-26 10:00:00+00:00,0.7669682737711402
501,2023-03-26 11:00:00+00:00,1.0232461272979751
501,2023-03-26 12:00:00+00:00,0.15493819163365363
501,2023-03-26 13:00:00+00:00,0.15737423659570374
501,2023-03-26 14:00:00+00:00,0.1585038853275496
501,2023-03-26 15:00:00+00:00,0.1355351499255106
501,2023-03-26 16:00:00+00:00,0.15864410312424587
501,2023-03-26 17:00:00+00:00,0.13214784313046726
501,2023-03-26 18:00:00+00:00,0.17385268163384904
501,2023-03-26 19:00:00+00:00,0.11657059085647552
501,2023-03-26 20:00:00+00:00,0.06916213430831063
501,2023-03-26 21:00:00+00:00,0.022586164860211696
501,2023-03-26 22:00:00+00:00,0.04097897238594161
501,2023-03-26 23:00:00+00:00,0.16484902306513585
501,2023-03-27 00:00:00+00:00,0.0465165370493369
501,2023-03-27 01:00:00+00:00,0.0406857870590821
501,2023-03-27 02:00:00+00:00,0.028462597501176197
501,2023-03-27 03:00:00+00:00,0.03634435197139495
501,2023-03-27 04:00:00+00:00,0.09491232895069103
501,2023-03-27 05:00:00+00:00,0.12358581680854347
501,2023-03-27 06:00:00+00:00,0.19834513743445673
501,2023-03-27 07:00:00+00:00,0.3558207556642175
501,2023-03-27 08:00:00+00:00,0.4003416199733364
501,2023-03-27 09:00:00+00:00,0.0944572797968235
501,2023-03-27 10:00:00+00:00,0.07416660607780416
501,2023-03-27 11:00:00+00:00,0.08830789745954702
501,2023-03-27 12:00:00+00:00,0.1462008169782907
501,2023-03-27 13:00:00+00:00,0.39692660810699565
501,2023-03-27 14:00:00+00:00,0.21220464123909036
501,2023-03-27 15:00:00+00:00,0.14704275823445667
501,2023-03-27 16:00:00+00:00,0.07936473308433806
501,2023-03-27 17:00:00+00:00,0.11618530899586743
501,2023-03-27 18:00:00+00:00,0.08326107417118508
501,2023-03-27 19:00:00+00:00,0.2797776108979424
501,2023-03-27 20:00:00+00:00,0.14410269210584803
501,2023-03-27 21:00:00+00:00,0.20420275805420895
501,2023-03-27 22:00:00+00:00,0.11676172532371183
501,2023-03-27 23:00:00+00:00,0.06585406325349578
501,2023-03-28 00:00:00+00:00,0.027787676381261076
501,2023-03-28 01:00:00+00:00,0.018761082827257636
501,2023-03-28 02:00:00+00:00,0.009660783240756482
501,2023-03-28 03:00:00+00:00,0.009307731938033581
501,2023-03-28 04:00:00+00:00,0.03667802581106054
501,2023-03-28 05:00:00+00:00,0.03568132538853292
501,2023-03-28 06:00:00+00:00,0.15225608551293032
501,2023-03-28 07:00:00+00:00,0.26643134521990325
501,2023-03-28 08:00:00+00:00,0.29163903131866653
501,2023-03-28 09:00:00+00:00,0.4381968025294909
501,2023-03-28 10:00:00+00:00,0.40440188872366384
501,2023-03-28 11:00:00+00:00,0.380750539463147
501,2023-03-28 12:00:00+00:00,0.3561344953050162
501,2023-03-28 13:00:00+00:00,0.4014839688163393
501,2023-03-28 14:00:00+00:00,0.42693844032555306
501,2023-03-28 15:00:00+00:00,0.39615921458534864
501,2023-03-28 16:00:00+00:00,0.51272149010342
501,2023-03-28 17:00:00+00:00,0.5366633990439825
501,2023-03-28 18:00:00+00:00,0.47799135455154035
501,2023-03-28 19:00:00+00:00,0.2789057124019206
501,2023-03-28 20:00:00+00:00,0.1919494343575296
501,2023-03-28 21:00:00+00:00,0.13540306457769002
501,2023-03-28 22:00:00+00:00,0.15841049197278198
501,2023-03-28 23:00:00+00:00,0.10276578191941264
501,2023-03-29 00:00:00+00:00,0.019135684752463827
501,2023-03-29 01:00:00+00:00,0.02316285623681266
501,2023-03-29 02:00:00+00:00,0.02639116957281933
501,2023-03-29 03:00:00+00:00,0.025571724282441814
501,2023-03-29 04:00:00+00:00,0.03405108440582216
501,2023-03-29 05:00:00+00:00,0.06793661165147276
501,2023-03-29 06:00:00+00:00,0.09694973110468852
501,2023-03-29 07:00:00+00:00,0.2569476622834497
501,2023-03-29 08:00:00+00:00,0.39372491632349504
501,2023-03-29 09:00:00+00:00,0.3421505245056881
501,2023-03-29 10:00:00+00:00,0.3773684248218372
501,2023-03-29 11:00:00+00:00,0.3678125771983476
501,2023-03-29 12:00:00+00:00,0.6291251917138463
501,2023-03-29 13:00:00+00:00,0.6388852226556032
501,2023-03-29 14:00:00+00:00,0.4675564615582875
501,2023-03-29 15:00:00+00:00,0.4837144119625875
501,2023-03-29 16:00:00+00:00,0.7947153241677317
501,2023-03-29 17:00:00+00:00,0.49203640412578376
501,2023-03-29 18:00:00+00:00,0.4659805751179534
501,2023-03-29 19:00:00+00:00,0.3112261800656167
501,2023-03-29 20:00:00+00:00,0.15706235369963775
501,2023-03-29 21:00:00+00:00,0.265596927609869
501,2023-03-29 22:00:00+00:00,0.1724606584090672
501,2023-03-29 23:00:00+00:00,0.5662021235126614
501,2023-03-30 00:00:00+00:00,0.12240123953417739
501,2023-03-30 01:00:00+00:00,0.009065016722670306
501,2023-03-30 02:00:00+00:00,0.0013904711318803605
501,2023-03-30 03:00:00+00:00,0.006177631509622141
501,2023-03-30 04:00:00+00:00,0.00617844857516613
501,2023-03-30 05:00:00+00:00,0.14250782739159165
501,2023-03-30 06:00:00+00:00,0.40323350255360985
501,2023-03-30 07:00:00+00:00,2.2770799426922887
501,2023-03-30 08:00:00+00:00,1.0343323944916696
501,2023-03-30 09:00:00+00:00,1.041871851402487
501,2023-03-30 10:00:00+00:00,0.09034152550787243
501,2023-03-30 11:00:00+00:00,0.02595229715828877
501,2023-03-30 12:00:00+00:00,0.01585719309933891
501,2023-03-30 13:00:00+00:00,0.015895740117933065
501,2023-03-30 14:00:00+00:00,0.016455628794246984
501,2023-03-30 15:00:00+00:00,0.029725879104917044
501,2023-03-30 16:00:00+00:00,0.10561973695640926
501,2023-03-30 17:00:00+00:00,1.098368702895566
501,2023-03-30 18:00:00+00:00,0.8548699955743544
501,2023-03-30 19:00:00+00:00,0.36123722028884653
501,2023-03-30 20:00:00+00:00,0.24526236593383124
501,2023-03-30 21:00:00+00:00,0.22320069095996536
501,2023-03-30 22:00:00+00:00,0.15198652131462131
501,2023-03-30 23:00:00+00:00,0.11466476157137392
501,2023-03-31 00:00:00+00:00,0.07327706023619275
501,2023-03-31 01:00:00+00:00,0.029434272056196212
501,2023-03-31 02:00:00+00:00,0.033945098833062834
501,2023-03-31 03:00:00+00:00,0.03723839266499129
501,2023-03-31 04:00:00+00:00,0.05343902713666195
501,2023-03-31 05:00:00+00:00,0.07297298103757233
501,2023-03-31 06:00:00+00:00,0.3049478878025194
501,2023-03-31 07:00:00+00:00,0.08305812573270825
501,2023-03-31 08:00:00+00:00,0.01363738840080239
501,2023-03-31 09:00:00+00:00,0.004808850878803208
501,2023-03-31 10:00:00+00:00,0.004873970286581168
501,2023-03-31 11:00:00+00:00,0.01583460757921424
501,2023-03-31 12:00:00+00:00,0.01691311663437981
501,2023-03-31 13:00:00+00:00,0.017281329623395524
501,2023-03-31 14:00:00+00:00,0.017540876105605143
501,2023-03-31 15:00:00+00:00,0.014906033328317025
501,2023-03-31 16:00:00+00:00,0.019010419962694883
501,2023-03-31 17:00:00+00:00,0.01656937950775911
501,2023-03-31 18:00:00+00:00,0.015661378376469838
501,2023-03-31 19:00:00+00:00,0.01353037594348285
501,2023-03-31 20:00:00+00:00,0.01236625848720344
501,2023-03-31 21:00:00+00:00,0.012354550258842226
501,2023-03-31 22:00:00+00:00,0.012709164677226378
501,2023-03-31 23:00:00+00:00,0.010749615339250859
501,2023-04-01 00:00:00+00:00,0.007102480252222034
501,2023-04-01 01:00:00+00:00,0.00462501941374624
501,2023-04-01 02:00:00+00:00,0.0038058205480064966
501,2023-04-01 03:00:00+00:00,0.002943463042534144
501,2023-04-01 04:00:00+00:00,0.003483627688519981
501,2023-04-01 05:00:00+00:00,0.0022806308390073103
501,2023-04-01 06:00:00+00:00,0.0022824363661223574
501,2023-04-01 07:00:00+00:00,0.00446968534572679
501,2023-04-01 08:00:00+00:00,0.0022006174930043125
501,2023-04-01 09:00:00+00:00,0.0487474731731919
501,2023-04-01 10:00:00+00:00,1.182189207819673
501,2023-04-01 11:00:00+00:00,0.8628125059009254
501,2023-04-01 12:00:00+00:00,0.6924012250475606
501,2023-04-01 13:00:00+00:00,0.059395355373365544
501,2023-04-01 14:00:00+00:00,0.05225697521436156
501,2023-04-01 15:00:00+00:00,0.08391826486525046
501,2023-04-01 16:00:00+00:00,0.07763846251980401
501,2023-04-01 17:00:00+00:00,0.08869130529470802
501,2023-04-01 18:00:00+00:00,0.06629922768157126
501,2023-04-01 19:00:00+00:00,0.10254645358287692
501,2023-04-01 20:00:00+00:00,0.10814181073021742
501,2023-04-01 21:00:00+00:00,0.0702888299214472
501,2023-04-01 22:00:00+00:00,0.05942704146363913
501,2023-04-01 23:00:00+00:00,0.060395002281273945
501,2023-04-02 00:00:00+00:00,0.035946765146828756
501,2023-04-02 01:00:00+00:00,0.014477069197996201
501,2023-04-02 02:00:00+00:00,0.0043246572404743
501,2023-04-02 03:00:00+00:00,0.01925738567652012
501,2023-04-02 04:00:00+00:00,0.006571858640097298
501,2023-04-02 05:00:00+00:00,0.004416697051097927
501,2023-04-02 06:00:00+00:00,0.0050322527484063136
501,2023-04-02 07:00:00+00:00,0.018786279639373443
501,2023-04-02 08:00:00+00:00,0.0596823854421909
501,2023-04-02 09:00:00+00:00,0.09626455192201809
501,2023-04-02 10:00:00+00:00,0.11094088222460623
501,2023-04-02 11:00:00+00:00,0.1555618675827291
501,2023-04-02 12:00:00+00:00,0.16260824735558768
501,2023-04-02 13:00:00+00:00,1.1320130985527321
501,2023-04-02 14:00:00+00:00,1.4656888887773756
501,2023-04-02 15:00:00+00:00,0.8468565328540908
501,2023-04-02 16:00:00+00:00,1.1967244630497273
501,2023-04-02 17:00:00+00:00,0.14785644863397748
501,2023-04-02 18:00:00+00:00,0.17024703427835228
501,2023-04-02 19:00:00+00:00,0.10860037883789121
501,2023-04-02 20:00:00+00:00,0.06572540755111778
501,2023-04-02 21:00:00+00:00,0.28531080207210785
501,2023-04-02 22:00:00+00:00,0.0380465316002503
501,2023-04-02 23:00:00+00:00,0.042671692855097865
501,2023-04-03 00:00:00+00:00,0.02993357598142291
501,2023-04-03 01:00:00+00:00,0.01869447626970175
501,2023-04-03 02:00:00+00:00,0.018351738140605103
501,2023-04-03 03:00:00+00:00,0.013820615168978506
501,2023-04-03 04:00:00+00:00,0.028630505221254186
501,2023-04-03 05:00:00+00:00,0.14281440437867024
501,2023-04-03 06:00:00+00:00,0.20613333751587068
501,2023-04-03 07:00:00+00:00,0.48577328016676097
501,2023-04-03 08:00:00+00:00,0.48224556903408194
501,2023-04-03 09:00:00+00:00,0.18394919096421494
501,2023-04-03 10:00:00+00:00,0.11044254002054851
501,2023-04-03 11:00:00+00:00,0.10583344745943041
501,2023-04-03 12:00:00+00:00,0.1396044679159535
501,2023-04-03 13:00:00+00:00,0.12064935471369896
501,2023-04-03 14:00:00+00:00,0.1198629591011731
501,2023-04-03 15:00:00+00:00,0.1275069702956274
501,2023-04-03 16:00:00+00:00,0.18907032588690664
501,2023-04-03 17:00:00+00:00,0.18286042320973603
501,2023-04-03 18:00:00+00:00,0.21803965702283046
501,2023-04-03 19:00:00+00:00,0.1509048887802893
501,2023-04-03 20:00:00+00:00,0.1950518477043299
501,2023-04-03 21:00:00+00:00,0.11939997384369248
501,2023-04-03 22:00:00+00:00,0.03943526690546359
501,2023-04-03 23:00:00+00:00,0.021211717207972925
501,2023-04-04 00:00:00+00:00,0.012225647317473632
501,2023-04-04 01:00:00+00:00,0.007271663624884351
501,2023-04-04 02:00:00+00:00,0.009670212467512165
501,2023-04-04 03:00:00+00:00,0.006030667301400145
501,2023-04-04 04:00:00+00:00,0.10283681696272423
501,2023-04-04 05:00:00+00:00,0.058346750892106995
501,2023-04-04 06:00:00+00:00,0.06440654668623899
501,2023-04-04 07:00:00+00:00,0.16924161964079756
501,2023-04-04 08:00:00+00:00,0.19773996573792013
501,2023-04-04 09:00:00+00:00,0.11047345695895833
501,2023-04-04 10:00:00+00:00,0.08898777706641466
501,2023-04-04 11:00:00+00:00,0.4359154987917645
501,2023-04-04 12:00:00+00:00,0.8343851177027899
501,2023-04-04 13:00:00+00:00,0.8813171167171067
501,2023-04-04 14:00:00+00:00,0.05157101984504783
501,2023-04-04 15:00:00+00:00,0.054637721050142266
501,2023-04-04 16:00:00+00:00,0.05473655275138119
501,2023-04-04 17:00:00+00:00,0.002997801275485025
501,2023-04-04 18:00:00+00:00,0.04383414186876623
501,2023-04-04 19:00:00+00:00,4.7655203934827355e-05
501,2023-04-04 20:00:00+00:00,0.011956415545567176
501,2023-04-04 21:00:00+00:00,0.6950374052951095
501,2023-04-04 22:00:00+00:00,0.2088106846542785
501,2023-04-04 23:00:00+00:00,0.08444916089942334
501,2023-04-05 00:00:00+00:00,0.04674993282590737
501,2023-04-05 01:00:00+00:00,0.029748171531571013
501,2023-04-05 02:00:00+00:00,0.03438974879058498
501,2023-04-05 03:00:00+00:00,0.006316121636625419
501,2023-04-05 04:00:00+00:00,0.04125276725525211
501,2023-04-05 05:00:00+00:00,0.04614401047300835
501,2023-04-05 06:00:00+00:00,0.15821095315375552
501,2023-04-05 07:00:00+00:00,0.41670169479885494
501,2023-04-05 08:00:00+00:00,0.4762511842297613
501,2023-04-05 09:00:00+00:00,0.3871169152378204
501,2023-04-05 10:00:00+00:00,1.971638652317529
501,2023-04-05 11:00:00+00:00,1.9119130433784297
501,2023-04-05 12:00:00+00:00,0.8635271823699884
501,2023-04-05 13:00:00+00:00,0.9500603450657055
501,2023-04-05 14:00:00+00:00,0.9588891850316863
501,2023-04-05 15:00:00+00:00,0.9644310635374312
501,2023-04-05 16:00:00+00:00,2.3830057262371858
501,2023-04-05 17:00:00+00:00,0.8908714178931678
501,2023-04-05 18:00:00+00:00,0.6832445034685252
501,2023-04-05 19:00:00+00:00,0.519290976591842
501,2023-04-05 20:00:00+00:00,0.3756157815085801
501,2023-04-05 21:00:00+00:00,0.20624444557262764
501,2023-04-05 22:00:00+00:00,0.17403922251305756
501,2023-04-05 23:00:00+00:00,0.583073267967118
501,2023-04-06 00:00:00+00:00,0.15267448692072308
501,2023-04-06 01:00:00+00:00,0.0683464608255746
501,2023-04-06 02:00:00+00:00,0.0710434736696927
501,2023-04-06 03:00:00+00:00,0.0013863962521875263
501,2023-04-06 04:00:00+00:00,0.0016520616999958992
501,2023-04-06 05:00:00+00:00,0.005135328390359418
501,2023-04-06 06:00:00+00:00,0.011685683838548157
501,2023-04-06 07:00:00+00:00,0.016592437613451368
501,2023-04-06 08:00:00+00:00,0.016931799411717408
501,2023-04-06 09:00:00+00:00,0.01416180186471146
501,2023-04-06 10:00:00+00:00,0.0052324464769254965
501,2023-04-06 11:00:00+00:00,0.016809770627063552
501,2023-04-06 12:00:00+00:00,0.005949765813440104
501,2023-04-06 13:00:00+00:00,0.12931658251157624
501,2023-04-06 14:00:00+00:00,0.12005984308494608
501,2023-04-06 15:00:00+00:00,0.021720824785931146
501,2023-04-06 16:00:00+00:00,0.00011384804948416935
501,2023-04-06 17:00:00+00:00,0.11317813073821927
501,2023-04-06 18:00:00+00:00,0.08182080059961165
501,2023-04-06 19:00:00+00:00,0.053184938076988895
501,2023-04-06 20:00:00+00:00,0.029351787154099435
501,2023-04-06 21:00:00+00:00,0.0028691595757533482
501,2023-04-06 22:00:00+00:00,0.04749797215087183
501,2023-04-06 23:00:00+00:00,1.93645992039983e-05
501,2023-04-07 00:00:00+00:00,0.0033423011316598755
501,2023-04-07 01:00:00+00:00,0.0006358034130250176
501,2023-04-07 02:00:00+00:00,0.002182637358465982
501,2023-04-07 03:00:00+00:00,0.0006574056738041734
501,2023-04-07 04:00:00+00:00,0.0033423010527858427
501,2023-04-07 05:00:00+00:00,0.005774117732203126
501,2023-04-07 06:00:00+00:00,0.008258638724065568
501,2023-04-07 07:00:00+00:00,0.020815576636772137
501,2023-04-07 08:00:00+00:00,0.011226129973917755
501,2023-04-07 09:00:00+00:00,0.74615330007087
501,2023-04-07 10:00:00+00:00,0.11704354612761608
501,2023-04-07 11:00:00+00:00,1.2294491066869855
501,2023-04-07 12:00:00+00:00,2.0868568886676853
501,2023-04-07 13:00:00+00:00,1.9557138443524296
501,2023-04-07 14:00:00+00:00,1.9315103087153616
501,2023-04-07 15:00:00+00:00,1.7924668555467627
501,2023-04-07 16:00:00+00:00,1.418421345121578
501,2023-04-07 17:00:00+00:00,1.486902481104567
501,2023-04-07 18:00:00+00:00,1.0701487059961043
501,2023-04-07 19:00:00+00:00,1.0245946257552812
501,2023-04-07 20:00:00+00:00,0.27604332317859326
501,2023-04-07 21:00:00+00:00,0.26920995872901143
501,2023-04-07 22:00:00+00:00,0.17233875638047833
501,2023-04-07 23:00:00+00:00,0.05061618397254176
501,2023-04-08 00:00:00+00:00,0.07584277700481376
501,2023-04-08 01:00:00+00:00,0.06026219439253761
501,2023-04-08 02:00:00+00:00,0.04200675937814338
501,2023-04-08 03:00:00+00:00,0.02159280927203336
501,2023-04-08 04:00:00+00:00,0.01661946489373761
501,2023-04-08 05:00:00+00:00,0.00990587786844942
501,2023-04-08 06:00:00+00:00,0.01983043216210253
501,2023-04-08 07:00:00+00:00,0.03507538887775634
501,2023-04-08 08:00:00+00:00,0.05267016799154638
501,2023-04-08 09:00:00+00:00,0.1055529493235514
501,2023-04-08 10:00:00+00:00,0.3477920401964603
501,2023-04-08 11:00:00+00:00,0.3992189347841901
501,2023-04-08 12:00:00+00:00,0.1529799327325334
501,2023-04-08 13:00:00+00:00,0.1665479043451398
501,2023-04-08 14:00:00+00:00,0.11460047362114925
501,2023-04-08 15:00:00+00:00,0.2344860455585807
501,2023-04-08 16:00:00+00:00,0.3403767270808562
501,2023-04-08 17:00:00+00:00,0.09832122275524512
501,2023-04-08 18:00:00+00:00,0.09546184881630733
501,2023-04-08 19:00:00+00:00,0.19263627098834574
501,2023-04-08 20:00:00+00:00,0.01598337016744666
501,2023-04-08 21:00:00+00:00,0.009168626579218212
501,2023-04-08 22:00:00+00:00,0.22481747057253537
501,2023-04-08 23:00:00+00:00,0.18203856655341855
501,2023-04-09 00:00:00+00:00,0.06895786483662686
501,2023-04-09 01:00:00+00:00,0.04282375070327024
501,2023-04-09 02:00:00+00:00,0.03957134423855247
501,2023-04-09 03:00:00+00:00,0.10055616184592539
501,2023-04-09 04:00:00+00:00,0.02977338238538283
501,2023-04-09 05:00:00+00:00,0.017231471376251632
501,2023-04-09 06:00:00+00:00,0.011631631168656426
501,2023-04-09 07:00:00+00:00,0.02645499998267399
501,2023-04-09 08:00:00+00:00,0.019577219967193034
501,2023-04-09 09:00:00+00:00,0.04280430294552817
501,2023-04-09 10:00:00+00:00,0.1571877510099031
501,2023-04-09 11:00:00+00:00,0.18436941570167156
501,2023-04-09 12:00:00+00:00,0.2990709029861256
501,2023-04-09 13:00:00+00:00,0.3531600599560046
501,2023-04-09 14:00:00+00:00,0.40305089336310007
501,2023-04-09 15:00:00+00:00,0.3557479531908272
501,2023-04-09 16:00:00+00:00,0.3981540885696611
501,2023-04-09 17:00:00+00:00,0.34860326262319746
501,2023-04-09 18:00:00+00:00,0.2764075656474842
501,2023-04-09 19:00:00+00:00,0.1256636720081891
501,2023-04-09 20:00:00+00:00,0.12557790806049351
501,2023-04-09 21:00:00+00:00,0.14536655687977093
501,2023-04-09 22:00:00+00:00,0.19051687040286777
501,2023-04-09 23:00:00+00:00,0.18691802668177404
501,2023-04-10 00:00:00+00:00,0.1024088563925597
501,2023-04-10 01:00:00+00:00,0.0836028748021648
501,2023-04-10 02:00:00+00:00,0.06892147019002892
501,2023-04-10 03:00:00+00:00,0.0733050087998771
501,2023-04-10 04:00:00+00:00,0.04309978278180557
501,2023-04-10 05:00:00+00:00,0.06746722535153903
501,2023-04-10 06:00:00+00:00,0.0927684527160675
501,2023-04-10 07:00:00+00:00,0.18409973218780307
501,2023-04-10 08:00:00+00:00,0.028542998116886827
501,2023-04-10 09:00:00+00:00,0.03787962120740977
501,2023-04-10 10:00:00+00:00,0.01891217736415644
501,2023-04-10 11:00:00+00:00,0.028628130011251036
501,2023-04-10 12:00:00+00:00,0.03322892851027769
501,2023-04-10 13:00:00+00:00,0.022677777642010448
501,2023-04-10 14:00:00+00:00,0.021317609170078175
501,2023-04-10 15:00:00+00:00,0.03600090692380823
501,2023-04-10 16:00:00+00:00,0.023162462623406398
501,2023-04-10 17:00:00+00:00,0.02037318765524888
501,2023-04-10 18:00:00+00:00,0.013891492325275798
501,2023-04-10 19:00:00+00:00,0.014428795481465044
501,2023-04-10 20:00:00+00:00,0.011066391617392233
501,2023-04-10 21:00:00+00:00,0.006495293900604644
501,2023-04-10 22:00:00+00:00,0.0014181787361730713
501,2023-04-10 23:00:00+00:00,8.240059510262977e-06
501,2023-04-11 00:00:00+00:00,7.62647831486637e-06
501,2023-04-11 01:00:00+00:00,0.0003613580151575859
501,2023-04-11 02:00:00+00:00,0.0002064816977922237
501,2023-04-11 03:00:00+00:00,0.0005488432163960093
501,2023-04-11 04:00:00+00:00,0.0024097813710945415
501,2023-04-11 05:00:00+00:00,0.0030543540527680634
501,2023-04-11 06:00:00+00:00,0.010178545680890716
501,2023-04-11 07:00:00+00:00,2.1114158961449476
501,2023-04-11 08:00:00+00:00,1.9837585159384845
501,2023-04-11 09:00:00+00:00,0.7776390350918216
501,2023-04-11 10:00:00+00:00,0.7170705297904598
501,2023-04-11 11:00:00+00:00,0.819897445269323
501,2023-04-11 12:00:00+00:00,1.847518969075646
501,2023-04-11 13:00:00+00:00,0.7653945141162769
501,2023-04-11 14:00:00+00:00,0.5200160321674246
501,2023-04-11 15:00:00+00:00,0.47379282885759144
501,2023-04-11 16:00:00+00:00,0.53164640744488
501,2023-04-11 17:00:00+00:00,0.4999417573702285
501,2023-04-11 18:00:00+00:00,0.397518005556187
501,2023-04-11 19:00:00+00:00,0.4976617625348864
501,2023-04-11 20:00:00+00:00,0.011772578580271649
501,2023-04-11 21:00:00+00:00,0.009651191720880383
501,2023-04-11 22:00:00+00:00,0.008698203954455905
501,2023-04-11 23:00:00+00:00,0.0033950747039497796
501,2023-04-12 00:00:00+00:00,0.0012789112093004
501,2023-04-12 01:00:00+00:00,0.0014948244882485222
501,2023-04-12 02:00:00+00:00,0.0013358572703908926
501,2023-04-12 03:00:00+00:00,0.001713379517083513
501,2023-04-12 04:00:00+00:00,0.27316306893539694
501,2023-04-12 05:00:00+00:00,0.17668927218986774
501,2023-04-12 06:00:00+00:00,0.3056430561040021
501,2023-04-12 07:00:00+00:00,0.889899770790021
501,2023-04-12 08:00:00+00:00,0.7802362416666373
501,2023-04-12 09:00:00+00:00,0.667058432352058
501,2023-04-12 10:00:00+00:00,0.665143142861927
501,2023-04-12 11:00:00+00:00,1.993450366436511
501,2023-04-12 12:00:00+00:00,0.8008192827877046
501,2023-04-12 13:00:00+00:00,0.8490235246198967
501,2023-04-12 14:00:00+00:00,0.9952993731750851
501,2023-04-12 15:00:00+00:00,0.01809911073243251
501,2023-04-12 16:00:00+00:00,0.018029700122571955
501,2023-04-12 17:00:00+00:00,0.03303971926398897
501,2023-04-12 18:00:00+00:00,0.016483771106645274
501,2023-04-12 19:00:00+00:00,0.003211275486431666
501,2023-04-12 20:00:00+00:00,0.0027058830402177706
501,2023-04-12 21:00:00+00:00,0.0019561739117706675
501,2023-04-12 22:00:00+00:00,1.763426796766286e-05
501,2023-04-12 23:00:00+00:00,1.6436947925246317e-05
501,2023-04-13 00:00:00+00:00,0.000300442826104003
501,2023-04-13 01:00:00+00:00,0.00028022005960033283
501,2023-04-13 02:00:00+00:00,0.00031245744089416865
501,2023-04-13 03:00:00+00:00,0.00030973677018419774
501,2023-04-13 04:00:00+00:00,0.000586796688587526
501,2023-04-13 05:00:00+00:00,0.0021350030441477505
501,2023-04-13 06:00:00+00:00,0.008145633545326148
501,2023-04-13 07:00:00+00:00,0.0191923998221486
501,2023-04-13 08:00:00+00:00,0.005737820749209338
501,2023-04-13 09:00:00+00:00,0.00557454423002515
501,2023-04-13 10:00:00+00:00,0.005167222852451442
501,2023-04-13 11:00:00+00:00,0.015368132789588306
501,2023-04-13 12:00:00+00:00,0.01825897765732914
501,2023-04-13 13:00:00+00:00,0.006259460202099428
501,2023-04-13 14:00:00+00:00,0.018306747918200205
501,2023-04-13 15:00:00+00:00,0.019064341659653535
501,2023-04-13 16:00:00+00:00,0.03435875931842267
501,2023-04-13 17:00:00+00:00,0.021701433130242174
501,2023-04-13 18:00:00+00:00,0.019588046245211224
501,2023-04-13 19:00:00+00:00,0.01226385765102235
501,2023-04-13 20:00:00+00:00,0.014490341463815799
501,2023-04-13 21:00:00+00:00,0.013901874486834376
501,2023-04-13 22:00:00+00:00,0.37212747438501953
501,2023-04-13 23:00:00+00:00,0.08441899887658375
501,2023-04-14 00:00:00+00:00,0.06035373612106336
501,2023-04-14 01:00:00+00:00,0.023008616861119546
501,2023-04-14 02:00:00+00:00,0.036961933340212944
501,2023-04-14 03:00:00+00:00,0.03888606091100105
501,2023-04-14 04:00:00+00:00,0.008766833739997114
501,2023-04-14 05:00:00+00:00,0.01714894125652007
501,2023-04-14 06:00:00+00:00,0.09343218464945786
501,2023-04-14 07:00:00+00:00,0.19727748102598378
501,2023-04-14 08:00:00+00:00,0.17300669779033293
501,2023-04-14 09:00:00+00:00,0.09527777633297417
501,2023-04-14 10:00:00+00:00,0.09046260437776034
501,2023-04-14 11:00:00+00:00,0.10180930285591762
501,2023-04-14 12:00:00+00:00,0.09886198008212521
501,2023-04-14 13:00:00+00:00,0.13614500536985366
501,2023-04-14 14:00:00+00:00,0.30456207929763973
501,2023-04-14 15:00:00+00:00,0.6528319217919178
501,2023-04-14 16:00:00+00:00,1.504341864847981
501,2023-04-14 17:00:00+00:00,0.08304094796281739
501,2023-04-14 18:00:00+00:00,0.0642309834968481
501,2023-04-14 19:00:00+00:00,0.047675086565849054
501,2023-04-14 20:00:00+00:00,0.028872498343612323
501,2023-04-14 21:00:00+00:00,0.02752549507541751
501,2023-04-14 22:00:00+00:00,0.033655065839067085
501,2023-04-14 23:00:00+00:00,0.014153988321763674
501,2023-04-15 00:00:00+00:00,1.685783648164806e-05
501,2023-04-15 01:00:00+00:00,9.544179032239736e-06
501,2023-04-15 02:00:00+00:00,5.8416145801387195e-06
501,2023-04-15 03:00:00+00:00,0.006373396720623639
501,2023-04-15 04:00:00+00:00,0.010053368742642245
501,2023-04-15 05:00:00+00:00,6.4526681912475034e-06
501,2023-04-15 06:00:00+00:00,1.7516006528366016e-05
501,2023-04-15 07:00:00+00:00,0.13225530471379057
501,2023-04-15 08:00:00+00:00,0.021823701076574175
501,2023-04-15 09:00:00+00:00,0.042602156816455065
501,2023-04-15 10:00:00+00:00,0.06367973883705814
501,2023-04-15 11:00:00+00:00,0.07903205218797199
501,2023-04-15 12:00:00+00:00,0.0981927381842248
501,2023-04-15 13:00:00+00:00,0.15907478678782488
501,2023-04-15 14:00:00+00:00,0.14154313988554457
501,2023-04-15 15:00:00+00:00,0.9559040122926051
501,2023-04-15 16:00:00+00:00,1.1640859479492438
501,2023-04-15 17:00:00+00:00,0.16430904565573765
501,2023-04-15 18:00:00+00:00,0.0730730309927786
501,2023-04-15 19:00:00+00:00,4.9903735573696313e-05
501,2023-04-15 20:00:00+00:00,0.003341727242409016
501,2023-04-15 21:00:00+00:00,0.011454827198694681
501,2023-04-15 22:00:00+00:00,0.3058052570615149
501,2023-04-15 23:00:00+00:00,1.1241437637177432
501,2023-04-16 00:00:00+00:00,0.24541597822540048
501,2023-04-16 01:00:00+00:00,0.166513295291687
501,2023-04-16 02:00:00+00:00,0.17416548030275203
501,2023-04-16 03:00:00+00:00,0.004841879841790838
501,2023-04-16 04:00:00+00:00,8.383362523687416e-06
501,2023-04-16 05:00:00+00:00,0.07097076464556865
501,2023-04-16 06:00:00+00:00,0.06319384435881474
501,2023-04-16 07:00:00+00:00,0.04872662127877309
501,2023-04-16 08:00:00+00:00,0.25264865398894537
501,2023-04-16 09:00:00+00:00,0.4950036281895853
501,2023-04-16 10:00:00+00:00,0.7071901214693399
501,2023-04-16 11:00:00+00:00,0.6110767652153004
501,2023-04-16 12:00:00+00:00,0.4547804358721678
501,2023-04-16 13:00:00+00:00,0.5523189796229322
501,2023-04-16 14:00:00+00:00,0.02932358669365998
501,2023-04-16 15:00:00+00:00,0.6941683255650717
501,2023-04-16 16:00:00+00:00,0.9297047170238281
501,2023-04-16 17:00:00+00:00,0.016675088442913304
501,2023-04-16 18:00:00+00:00,0.01870366981717323
501,2023-04-16 19:00:00+00:00,0.016286581920449277
501,2023-04-16 20:00:00+00:00,0.006211713627006002
501,2023-04-16 21:00:00+00:00,2.102387297736993e-05
501,2023-04-16 22:00:00+00:00,0.014783930288317015
501,2023-04-16 23:00:00+00:00,0.006396865966950945
501,2023-04-17 00:00:00+00:00,6.8564236669625125e-06
501,2023-04-17 01:00:00+00:00,0.002189686380547151
501,2023-04-17 02:00:00+00:00,5.939607171530868e-06
501,2023-04-17 03:00:00+00:00,0.0018748835011229638
501,2023-04-17 04:00:00+00:00,0.001419386478508061
501,2023-04-17 05:00:00+00:00,5.940641420900223e-06
501,2023-04-17 06:00:00+00:00,0.009274828792946875
501,2023-04-17 07:00:00+00:00,0.3569284188467852
501,2023-04-17 08:00:00+00:00,0.27783300596987026
501,2023-04-17 09:00:00+00:00,0.09487001087317104
501,2023-04-17 10:00:00+00:00,1.1290899909210559
501,2023-04-17 11:00:00+00:00,0.8041724880908135
501,2023-04-17 12:00:00+00:00,0.2101980512197506
501,2023-04-17 13:00:00+00:00,0.4228981107914366
501,2023-04-17 14:00:00+00:00,0.43595108980052133
501,2023-04-17 15:00:00+00:00,1.3732624568106016
501,2023-04-17 16:00:00+00:00,0.17696774994096084
501,2023-04-17 17:00:00+00:00,0.14548374555810792
501,2023-04-17 18:00:00+00:00,0.13322048490303784
501,2023-04-17 19:00:00+00:00,0.6570219021057035
501,2023-04-17 20:00:00+00:00,0.4065832223388515
501,2023-04-17 21:00:00+00:00,0.6327576688477691
501,2023-04-17 22:00:00+00:00,0.27250323177997576
501,2023-04-17 23:00:00+00:00,0.073449944737518
501,2023-04-18 00:00:00+00:00,0.051730075878375435
501,2023-04-18 01:00:00+00:00,0.030396599995364707
501,2023-04-18 02:00:00+00:00,0.06018997714014562
501,2023-04-18 03:00:00+00:00,0.042000030983374424
501,2023-04-18 04:00:00+00:00,0.08931600703898653
501,2023-04-18 05:00:00+00:00,0.14366852402034838
501,2023-04-18 06:00:00+00:00,0.4364213504652224
501,2023-04-18 07:00:00+00:00,1.661171160551588
501,2023-04-18 08:00:00+00:00,0.5987050613108771
501,2023-04-18 09:00:00+00:00,1.0240566421151318
501,2023-04-18 10:00:00+00:00,1.1735246792498801
501,2023-04-18 11:00:00+00:00,0.12215487002578927
501,2023-04-18 12:00:00+00:00,1.2148167735889082
501,2023-04-18 13:00:00+00:00,0.3947599976272892
501,2023-04-18 14:00:00+00:00,0.40525658591789493
501,2023-04-18 15:00:00+00:00,0.3042016070840227
501,2023-04-18 16:00:00+00:00,0.38283656565714075
501,2023-04-18 17:00:00+00:00,0.6186561919135696
501,2023-04-18 18:00:00+00:00,0.3557244931196199
501,2023-04-18 19:00:00+00:00,0.35645517031295904
501,2023-04-18 20:00:00+00:00,0.26996243391067676
501,2023-04-18 21:00:00+00:00,0.12210419189274105
501,2023-04-18 22:00:00+00:00,0.1268598968052005
501,2023-04-18 23:00:00+00:00,0.08243460790371432
501,2023-04-19 00:00:00+00:00,0.06638649652436199
501,2023-04-19 01:00:00+00:00,0.04864543996571343
501,2023-04-19 02:00:00+00:00,0.07011350784722645
501,2023-04-19 03:00:00+00:00,0.059375806363925004
501,2023-04-19 04:00:00+00:00,0.11730532266013294
501,2023-04-19 05:00:00+00:00,0.19411642221967254
501,2023-04-19 06:00:00+00:00,0.5971953638132443
501,2023-04-19 07:00:00+00:00,1.7649245845195538
501,2023-04-19 08:00:00+00:00,1.7968536998114057
501,2023-04-19 09:00:00+00:00,1.4813370558041434
501,2023-04-19 10:00:00+00:00,0.4055310672909213
501,2023-04-19 11:00:00+00:00,0.41801975075703096
501,2023-04-19 12:00:00+00:00,0.28752004826792327
501,2023-04-19 13:00:00+00:00,0.2992415103584652
501,2023-04-19 14:00:00+00:00,0.2898942722236143
501,2023-04-19 15:00:00+00:00,0.3371552869418341
501,2023-04-19 16:00:00+00:00,0.37519433361711907
501,2023-04-19 17:00:00+00:00,0.4144709335182089
501,2023-04-19 18:00:00+00:00,0.32741773475757613
501,2023-04-19 19:00:00+00:00,0.24455453236572036
501,2023-04-19 20:00:00+00:00,0.17875331901703315
501,2023-04-19 21:00:00+00:00,0.231828725459946
501,2023-04-19 22:00:00+00:00,0.22425376481040166
501,2023-04-19 23:00:00+00:00,0.08467897480494174
501,2023-04-20 00:00:00+00:00,0.052717685393057954
501,2023-04-20 01:00:00+00:00,0.035776148622877486
501,2023-04-20 02:00:00+00:00,0.09353842686103607
501,2023-04-20 03:00:00+00:00,0.08328085593613198
501,2023-04-20 04:00:00+00:00,0.06492902392340263
501,2023-04-20 05:00:00+00:00,0.1252934582723762
501,2023-04-20 06:00:00+00:00,0.6215179470597146
501,2023-04-20 07:00:00+00:00,1.7113017463421132
501,2023-04-20 08:00:00+00:00,1.2138188474882625
501,2023-04-20 09:00:00+00:00,0.49801220943339586
501,2023-04-20 10:00:00+00:00,0.38854335227793274
501,2023-04-20 11:00:00+00:00,0.4160246863713807
501,2023-04-20 12:00:00+00:00,0.42010432946025894
501,2023-04-20 13:00:00+00:00,0.4527691705549838
501,2023-04-20 14:00:00+00:00,0.4587236981180898
501,2023-04-20 15:00:00+00:00,0.9789867840791474
501,2023-04-20 16:00:00+00:00,1.0574622522660713
501,2023-04-20 17:00:00+00:00,1.6815984546436886
501,2023-04-20 18:00:00+00:00,1.4740259374686906
501,2023-04-20 19:00:00+00:00,1.1220406832250145
501,2023-04-20 20:00:00+00:00,0.8770827854172335
501,2023-04-20 21:00:00+00:00,0.23981071098071524
501,2023-04-20 22:00:00+00:00,0.2617074516219543
501,2023-04-20 23:00:00+00:00,0.1537435448298217
501,2023-04-21 00:00:00+00:00,0.09452244829198692
501,2023-04-21 01:00:00+00:00,0.06668343279082489
501,2023-04-21 02:00:00+00:00,0.02049878838314544
501,2023-04-21 03:00:00+00:00,0.10732730368584145
501,2023-04-21 04:00:00+00:00,0.10269507832790581
501,2023-04-21 05:00:00+00:00,0.16175450789576548
501,2023-04-21 06:00:00+00:00,0.4441899664446965
501,2023-04-21 07:00:00+00:00,1.0203381018280657
501,2023-04-21 08:00:00+00:00,0.14366082080385498
501,2023-04-21 09:00:00+00:00,0.9369729076209417
501,2023-04-21 10:00:00+00:00,0.11148458228429872
501,2023-04-21 11:00:00+00:00,0.07292126967698227
501,2023-04-21 12:00:00+00:00,0.15755390601883068
501,2023-04-21 13:00:00+00:00,0.9926535140014271
501,2023-04-21 14:00:00+00:00,0.2651068238101855
501,2023-04-21 15:00:00+00:00,0.132955271214962
501,2023-04-21 16:00:00+00:00,0.13369493974201999
501,2023-04-21 17:00:00+00:00,0.26561200367632976
501,2023-04-21 18:00:00+00:00,0.17072104089508205
501,2023-04-21 19:00:00+00:00,0.1415075350909202
501,2023-04-21 20:00:00+00:00,0.4571600636014865
501,2023-04-21 21:00:00+00:00,0.06900717261524836
501,2023-04-21 22:00:00+00:00,0.2845201199099969
501,2023-04-21 23:00:00+00:00,0.21130563291581714
501,2023-04-22 00:00:00+00:00,0.05856440501567988
501,2023-04-22 01:00:00+00:00,0.13747651801888228
501,2023-04-22 02:00:00+00:00,0.020914111266611822
501,2023-04-22 03:00:00+00:00,0.033078602566709206
501,2023-04-22 04:00:00+00:00,0.025073003082041346
501,2023-04-22 05:00:00+00:00,0.040733615905080636
501,2023-04-22 06:00:00+00:00,0.051603507758615476
501,2023-04-22 07:00:00+00:00,0.038536708120305505
501,2023-04-22 08:00:00+00:00,0.029948862773589987
501,2023-04-22 09:00:00+00:00,0.06777067060966399
501,2023-04-22 10:00:00+00:00,0.29366815019504505
501,2023-04-22 11:00:00+00:00,0.24641218837303164
501,2023-04-22 12:00:00+00:00,0.207024078892536
501,2023-04-22 13:00:00+00:00,0.8788719681339449
501,2023-04-22 14:00:00+00:00,0.14053762189169647
501,2023-04-22 15:00:00+00:00,0.18141170136058632
501,2023-04-22 16:00:00+00:00,0.1929857047781288
501,2023-04-22 17:00:00+00:00,0.16258256415573852
501,2023-04-22 18:00:00+00:00,0.10984280643046891
501,2023-04-22 19:00:00+00:00,0.07831278239682428
501,2023-04-22 20:00:00+00:00,0.07242117298158984
501,2023-04-22 21:00:00+00:00,0.03641660148875752
501,2023-04-22 22:00:00+00:00,0.11986506855081608
501,2023-04-22 23:00:00+00:00,0.03845592814954437
501,2023-04-23 00:00:00+00:00,0.02446050744487526
501,2023-04-23 01:00:00+00:00,0.01535379041992926
501,2023-04-23 02:00:00+00:00,0.019353317669059414
501,2023-04-23 03:00:00+00:00,5.6105060042569975e-06
501,2023-04-23 04:00:00+00:00,0.002798376152188032
501,2023-04-23 05:00:00+00:00,0.0033115025586465735
501,2023-04-23 06:00:00+00:00,0.0009657035127886142
501,2023-04-23 07:00:00+00:00,0.09746745782943386
501,2023-04-23 08:00:00+00:00,0.1942244726533073
501,2023-04-23 09:00:00+00:00,3.744576534901049e-05
501,2023-04-23 10:00:00+00:00,0.003537255404567115
501,2023-04-23 11:00:00+00:00,0.0024456048224625855
501,2023-04-23 12:00:00+00:00,0.06664062672794313
501,2023-04-23 13:00:00+00:00,0.00010513168869607964
501,2023-04-23 14:00:00+00:00,0.06122871503211142
501,2023-04-23 15:00:00+00:00,0.0013861559870251762
501,2023-04-23 16:00:00+00:00,0.011937027194006314
501,2023-04-23 17:00:00+00:00,0.14016177951204492
501,2023-04-23 18:00:00+00:00,0.049597035457851456
501,2023-04-23 19:00:00+00:00,0.10826800981765176
501,2023-04-23 20:00:00+00:00,0.048432503302272396
501,2023-04-23 21:00:00+00:00,0.0016137952260066248
501,2023-04-23 22:00:00+00:00,2.2773631428717483e-05
501,2023-04-23 23:00:00+00:00,0.0028140680730721853
501,2023-04-24 00:00:00+00:00,0.002722201478891609
501,2023-04-24 01:00:00+00:00,0.001111520239346998
501,2023-04-24 02:00:00+00:00,0.00040403612174737605
501,2023-04-24 03:00:00+00:00,0.001171173377420045
501,2023-04-24 04:00:00+00:00,0.00037496492000638725
501,2023-04-24 05:00:00+00:00,1.335102303039859e-05
501,2023-04-24 06:00:00+00:00,0.00253482660352871
501,2023-04-24 07:00:00+00:00,0.11743007530753741
501,2023-04-24 08:00:00+00:00,0.10675956300737571
501,2023-04-24 09:00:00+00:00,0.29347704185779183
501,2023-04-24 10:00:00+00:00,0.16555010303494383
501,2023-04-24 11:00:00+00:00,0.16788018005739028
501,2023-04-24 12:00:00+00:00,0.2014527535791165
501,2023-04-24 13:00:00+00:00,1.123284933499862
501,2023-04-24 14:00:00+00:00,0.9002402847060125
501,2023-04-24 15:00:00+00:00,0.15334451363689108
501,2023-04-24 16:00:00+00:00,0.15469501833701188
501,2023-04-24 17:00:00+00:00,0.18765060406205797
501,2023-04-24 18:00:00+00:00,0.9698416580116016
501,2023-04-24 19:00:00+00:00,0.07438000714489204
501,2023-04-24 20:00:00+00:00,0.5000952626740636
501,2023-04-24 21:00:00+00:00,0.057491664239310174
501,2023-04-24 22:00:00+00:00,0.026105986482787523
501,2023-04-24 23:00:00+00:00,0.03340340834317572
501,2023-04-25 00:00:00+00:00,0.117160234070604
501,2023-04-25 01:00:00+00:00,0.014056255422390715
501,2023-04-25 02:00:00+00:00,0.08641433218306087
501,2023-04-25 03:00:00+00:00,0.06538472145116045
501,2023-04-25 04:00:00+00:00,0.1138954423407756
501,2023-04-25 05:00:00+00:00,0.012737952190513945
501,2023-04-25 06:00:00+00:00,0.6474890654781681
501,2023-04-25 07:00:00+00:00,0.40634212488418253
501,2023-04-25 08:00:00+00:00,1.1891511393603098
501,2023-04-25 09:00:00+00:00,0.4695442221288255
501,2023-04-25 10:00:00+00:00,0.741715098835019
501,2023-04-25 11:00:00+00:00,0.352403223607779
501,2023-04-25 12:00:00+00:00,0.30687912244716564
501,2023-04-25 13:00:00+00:00,0.2959475283580804
501,2023-04-25 14:00:00+00:00,1.2405587716013409
501,2023-04-25 15:00:00+00:00,0.25888646877061405
501,2023-04-25 16:00:00+00:00,0.35382696193559554
501,2023-04-25 17:00:00+00:00,0.2623037378543365
501,2023-04-25 18:00:00+00:00,0.3387732703947081
501,2023-04-25 19:00:00+00:00,0.23722021168447177
501,2023-04-25 20:00:00+00:00,0.2610568543446428
501,2023-04-25 21:00:00+00:00,0.20969286622783995
501,2023-04-25 22:00:00+00:00,0.05397188520075785
501,2023-04-25 23:00:00+00:00,0.06391018151347196
501,2023-04-26 00:00:00+00:00,0.027586790390656774
501,2023-04-26 01:00:00+00:00,0.009652035567357773
501,2023-04-26 02:00:00+00:00,0.016159344081474875
501,2023-04-26 03:00:00+00:00,0.019981492494583534
501,2023-04-26 04:00:00+00:00,0.01997898705864759
501,2023-04-26 05:00:00+00:00,0.02599228790208973
501,2023-04-26 06:00:00+00:00,0.0722511542980358
501,2023-04-26 07:00:00+00:00,0.21612453503210038
501,2023-04-26 08:00:00+00:00,0.2128687404982174
501,2023-04-26 09:00:00+00:00,0.10749337277077121
501,2023-04-26 10:00:00+00:00,0.08924997238768545
501,2023-04-26 11:00:00+00:00,0.08522490789344998
501,2023-04-26 12:00:00+00:00,0.08863588147997378
501,2023-04-26 13:00:00+00:00,0.08641202181960538
501,2023-04-26 14:00:00+00:00,0.16472094593244963
501,2023-04-26 15:00:00+00:00,0.23168217572912247
501,2023-04-26 16:00:00+00:00,0.3684474720257939
501,2023-04-26 17:00:00+00:00,0.35853651847732115
501,2023-04-26 18:00:00+00:00,0.3494038830520021
501,2023-04-26 19:00:00+00:00,0.16924637893788763
501,2023-04-26 20:00:00+00:00,0.13199829845128053
501,2023-04-26 21:00:00+00:00,0.0719095428277176
501,2023-04-26 22:00:00+00:00,0.0633354845286144
501,2023-04-26 23:00:00+00:00,0.02325613255366654
501,2023-04-27 00:00:00+00:00,0.014103255767623155
501,2023-04-27 01:00:00+00:00,0.008784246589384741
501,2023-04-27 02:00:00+00:00,0.006970419505079237
501,2023-04-27 03:00:00+00:00,0.0068799472257205325
501,2023-04-27 04:00:00+00:00,0.01210791636407533
501,2023-04-27 05:00:00+00:00,0.026185441563983693
501,2023-04-27 06:00:00+00:00,0.06786308205616626
501,2023-04-27 07:00:00+00:00,0.13963689085680542
501,2023-04-27 08:00:00+00:00,0.13690457207304696
501,2023-04-27 09:00:00+00:00,0.09558706937294473
501,2023-04-27 10:00:00+00:00,0.08759041595804605
501,2023-04-27 11:00:00+00:00,0.09635733793816406
501,2023-04-27 12:00:00+00:00,0.09797688034598802
501,2023-04-27 13:00:00+00:00,0.09577229570184256
501,2023-04-27 14:00:00+00:00,0.09903856640656
501,2023-04-27 15:00:00+00:00,0.10467583515907862
501,2023-04-27 16:00:00+00:00,0.12046874833624056
501,2023-04-27 17:00:00+00:00,0.12795615718559736
501,2023-04-27 18:00:00+00:00,0.10842758350218763
501,2023-04-27 19:00:00+00:00,0.08363688033128872
501,2023-04-27 20:00:00+00:00,0.061118653801835524
501,2023-04-27 21:00:00+00:00,0.07624005583301649
501,2023-04-27 22:00:00+00:00,0.04964325750922398
501,2023-04-27 23:00:00+00:00,0.03028736820247986
501,2023-04-28 00:00:00+00:00,0.08254762020544001
501,2023-04-28 01:00:00+00:00,0.1627298165824768
501,2023-04-28 02:00:00+00:00,0.0012538368952800436
501,2023-04-28 03:00:00+00:00,0.001146241425666882
501,2023-04-28 04:00:00+00:00,0.0012309046556455475
501,2023-04-28 05:00:00+00:00,0.0030873442790885983
501,2023-04-28 06:00:00+00:00,0.006011437247903468
501,2023-04-28 07:00:00+00:00,0.015259702575566008
501,2023-04-28 08:00:00+00:00,0.01880597664136288
501,2023-04-28 09:00:00+00:00,0.015528236007268732
501,2023-04-28 10:00:00+00:00,0.015043314733088994
501,2023-04-28 11:00:00+00:00,0.014362639765163375
501,2023-04-28 12:00:00+00:00,0.005558387872179199
501,2023-04-28 13:00:00+00:00,0.006145246382655485
501,2023-04-28 14:00:00+00:00,0.020891693799563123
501,2023-04-28 15:00:00+00:00,0.020518160311057583
501,2023-04-28 16:00:00+00:00,0.020659344458616623
501,2023-04-28 17:00:00+00:00,0.0209170005985559
501,2023-04-28 18:00:00+00:00,0.020550677951810533
501,2023-04-28 19:00:00+00:00,0.02532851462051504
501,2023-04-28 20:00:00+00:00,0.018020399051297622
501,2023-04-28 21:00:00+00:00,0.016815660252209694
501,2023-04-28 22:00:00+00:00,0.010282667964057336
501,2023-04-28 23:00:00+00:00,0.008727515705853754
501,2023-04-29 00:00:00+00:00,0.0017115944057257424
501,2023-04-29 01:00:00+00:00,0.004997135145549024
501,2023-04-29 02:00:00+00:00,0.0007336252546568595
501,2023-04-29 03:00:00+00:00,0.024309535113543265
501,2023-04-29 04:00:00+00:00,0.0017468980509660274
501,2023-04-29 05:00:00+00:00,0.004970339070997884
501,2023-04-29 06:00:00+00:00,0.06978197888163717
501,2023-04-29 07:00:00+00:00,0.02878252077689907
501,2023-04-29 08:00:00+00:00,0.06356770765587742
501,2023-04-29 09:00:00+00:00,0.17495774369541237
501,2023-04-29 10:00:00+00:00,0.42226495767305705
501,2023-04-29 11:00:00+00:00,0.34292318717051745
501,2023-04-29 12:00:00+00:00,0.5594295846501867
501,2023-04-29 13:00:00+00:00,0.6304847208373673
501,2023-04-29 14:00:00+00:00,0.007937871908612051
501,2023-04-29 15:00:00+00:00,0.00010518024808709002
501,2023-04-29 16:00:00+00:00,0.00011709614398113023
501,2023-04-29 17:00:00+00:00,0.07869033675381613
501,2023-04-29 18:00:00+00:00,0.01896537098069193
501,2023-04-29 19:00:00+00:00,0.04487471674559369
501,2023-04-29 20:00:00+00:00,1.4879155365830463
501,2023-04-29 21:00:00+00:00,0.311855939402942
501,2023-04-29 22:00:00+00:00,0.3371901917011485
501,2023-04-29 23:00:00+00:00,0.312539163809373
501,2023-04-30 00:00:00+00:00,0.15815768016966
501,2023-04-30 01:00:00+00:00,0.1945747055932098
501,2023-04-30 02:00:00+00:00,0.1681051137877961
501,2023-04-30 03:00:00+00:00,0.033485473388765376
501,2023-04-30 04:00:00+00:00,0.12321213916208557
501,2023-04-30 05:00:00+00:00,0.06018978366708869
501,2023-04-30 06:00:00+00:00,0.04926823129585195
501,2023-04-30 07:00:00+00:00,0.018498871356721163
501,2023-04-30 08:00:00+00:00,0.03840754347802239
501,2023-04-30 09:00:00+00:00,0.11770123002519206
501,2023-04-30 10:00:00+00:00,0.1852936081213026
501,2023-04-30 11:00:00+00:00,0.4019547004488295
501,2023-04-30 12:00:00+00:00,0.4851228044559658
501,2023-04-30 13:00:00+00:00,0.507202742399882
501,2023-04-30 14:00:00+00:00,0.48452861006128034
501,2023-04-30 15:00:00+00:00,0.4734377465556313
501,2023-04-30 16:00:00+00:00,0.5297142552257932
501,2023-04-30 17:00:00+00:00,0.41762232469257377
501,2023-04-30 18:00:00+00:00,0.6496919604750937
501,2023-04-30 19:00:00+00:00,0.017493658319968894
501,2023-04-30 20:00:00+00:00,0.010164778214974343
501,2023-04-30 21:00:00+00:00,0.01207579033327596
501,2023-04-30 22:00:00+00:00,0.015983569333200567
501,2023-04-30 23:00:00+00:00,0.00597738240010437
501,2023-05-01 00:00:00+00:00,0.008968020537880594
501,2023-05-01 01:00:00+00:00,0.006416636004985987
501,2023-05-01 02:00:00+00:00,0.0031088867597044035
501,2023-05-01 03:00:00+00:00,0.002693848680952805
501,2023-05-01 04:00:00+00:00,0.002576296492989516
501,2023-05-01 05:00:00+00:00,0.001361079886955474
501,2023-05-01 06:00:00+00:00,0.0027263065965340573
501,2023-05-01 07:00:00+00:00,0.005031426286131915
501,2023-05-01 08:00:00+00:00,0.0055209591814501064
501,2023-05-01 09:00:00+00:00,0.009350074127932649
501,2023-05-01 10:00:00+00:00,6.956876863252553e-05
501,2023-05-01 11:00:00+00:00,0.005868014291277885
501,2023-05-01 12:00:00+00:00,0.12290068436127692
501,2023-05-01 13:00:00+00:00,0.05633812405488464
501,2023-05-01 14:00:00+00:00,0.10522514610437946
501,2023-05-01 15:00:00+00:00,0.08796412169474113
501,2023-05-01 16:00:00+00:00,0.133539435985534
501,2023-05-01 17:00:00+00:00,0.004092333544131513
501,2023-05-01 18:00:00+00:00,0.00011062108868620136
501,2023-05-01 19:00:00+00:00,0.013499512352216452
501,2023-05-01 20:00:00+00:00,0.0020540863753295904
501,2023-05-01 21:00:00+00:00,0.0286273510135032
501,2023-05-01 22:00:00+00:00,0.006622879477532125
501,2023-05-01 23:00:00+00:00,0.03295989195077081
501,2023-05-02 00:00:00+00:00,0.16681450623868946
501,2023-05-02 01:00:00+00:00,0.1859652053545524
501,2023-05-02 02:00:00+00:00,0.041794457949965995
501,2023-05-02 03:00:00+00:00,0.029842768404080844
501,2023-05-02 04:00:00+00:00,0.14877713557170028
501,2023-05-02 05:00:00+00:00,0.03405245180619912
501,2023-05-02 06:00:00+00:00,0.059101166923058196
501,2023-05-02 07:00:00+00:00,0.18453541745657226
501,2023-05-02 08:00:00+00:00,0.37884435824857576
501,2023-05-02 09:00:00+00:00,0.21179433518946286
501,2023-05-02 10:00:00+00:00,0.1261959674677148
501,2023-05-02 11:00:00+00:00,0.08249201478232657
501,2023-05-02 12:00:00+00:00,0.10093310396369737
501,2023-05-02 13:00:00+00:00,0.10981833328014066
501,2023-05-02 14:00:00+00:00,0.10840787219226841
501,2023-05-02 15:00:00+00:00,0.22595701383822225
501,2023-05-02 16:00:00+00:00,0.5563359237045911
501,2023-05-02 17:00:00+00:00,0.4080853784289725
501,2023-05-02 18:00:00+00:00,0.24720060649598766
501,2023-05-02 19:00:00+00:00,0.1700270441670806
501,2023-05-02 20:00:00+00:00,0.07956967267054092
501,2023-05-02 21:00:00+00:00,0.06510584014684463
501,2023-05-02 22:00:00+00:00,0.03181082918240178
501,2023-05-02 23:00:00+00:00,0.021121940971823298
501,2023-05-03 00:00:00+00:00,0.012094681925827973
501,2023-05-03 01:00:00+00:00,0.010281510220174336
501,2023-05-03 02:00:00+00:00,0.008134742282382493
501,2023-05-03 03:00:00+00:00,0.01060306827917934
501,2023-05-03 04:00:00+00:00,0.013316422642056083
501,2023-05-03 05:00:00+00:00,0.02504650726894557
501,2023-05-03 06:00:00+00:00,0.1116513156399426
501,2023-05-03 07:00:00+00:00,0.19581389355650017
501,2023-05-03 08:00:00+00:00,0.1944025694282523
501,2023-05-03 09:00:00+00:00,0.1628738997521057
501,2023-05-03 10:00:00+00:00,0.20151500925140087
501,2023-05-03 11:00:00+00:00,0.1880930489616611
501,2023-05-03 12:00:00+00:00,0.20795092934876264
501,2023-05-03 13:00:00+00:00,0.20635464537908746
501,2023-05-03 14:00:00+00:00,0.23120153734129711
501,2023-05-03 15:00:00+00:00,0.17233775126068876
501,2023-05-03 16:00:00+00:00,0.2013577905148545
501,2023-05-03 17:00:00+00:00,0.28298764901496015
501,2023-05-03 18:00:00+00:00,0.2601473470721459
501,2023-05-03 19:00:00+00:00,0.1716882418007051
501,2023-05-03 20:00:00+00:00,0.13138740742007612
501,2023-05-03 21:00:00+00:00,0.10065514077106154
501,2023-05-03 22:00:00+00:00,0.07972039287430509
501,2023-05-03 23:00:00+00:00,0.04117987982019869
501,2023-05-04 00:00:00+00:00,0.02124993216586764
501,2023-05-04 01:00:00+00:00,0.01909063467725889
501,2023-05-04 02:00:00+00:00,0.015562565693019446
501,2023-05-04 03:00:00+00:00,0.020472799298018752
501,2023-05-04 04:00:00+00:00,0.0399328603549691
501,2023-05-04 05:00:00+00:00,0.11484537585665085
501,2023-05-04 06:00:00+00:00,0.2688153785689275
501,2023-05-04 07:00:00+00:00,0.5531999046462146
501,2023-05-04 08:00:00+00:00,0.4126070298328241
501,2023-05-04 09:00:00+00:00,0.2309714175226795
501,2023-05-04 10:00:00+00:00,0.19611027295240738
501,2023-05-04 11:00:00+00:00,0.19799202900264679
501,2023-05-04 12:00:00+00:00,0.14114126588874906
501,2023-05-04 13:00:00+00:00,0.1485676758478626
501,2023-05-04 14:00:00+00:00,0.11519667009366913
501,2023-05-04 15:00:00+00:00,0.13939539095319242
501,2023-05-04 16:00:00+00:00,0.2759717404484779
501,2023-05-04 17:00:00+00:00,0.4715736164088676
501,2023-05-04 18:00:00+00:00,0.42959001007422937
501,2023-05-04 19:00:00+00:00,0.3325431009948054
501,2023-05-04 20:00:00+00:00,0.23875169589221848
501,2023-05-04 21:00:00+00:00,0.21673038234049502
501,2023-05-04 22:00:00+00:00,0.2129558504039006
501,2023-05-04 23:00:00+00:00,0.12546283716972123
501,2023-05-05 00:00:00+00:00,0.06072094276754519
501,2023-05-05 01:00:00+00:00,0.03513155763097937
501,2023-05-05 02:00:00+00:00,0.027374631032815382
501,2023-05-05 03:00:00+00:00,0.04237690187809428
501,2023-05-05 04:00:00+00:00,0.04966365666114261
501,2023-05-05 05:00:00+00:00,0.08362822280344043
501,2023-05-05 06:00:00+00:00,0.1811287132032044
501,2023-05-05 07:00:00+00:00,0.44872890085721434
501,2023-05-05 08:00:00+00:00,0.4817353469509533
501,2023-05-05 09:00:00+00:00,0.3868812041634627
501,2023-05-05 10:00:00+00:00,0.6447893261979405
501,2023-05-05 11:00:00+00:00,0.6559214857360068
501,2023-05-05 12:00:00+00:00,0.4727505973125221
501,2023-05-05 13:00:00+00:00,0.01755790483345619
501,2023-05-05 14:00:00+00:00,0.0208211017257836
501,2023-05-05 15:00:00+00:00,0.06610112815769785
501,2023-05-05 16:00:00+00:00,1.1511057698122926
501,2023-05-05 17:00:00+00:00,2.6272465976159713
501,2023-05-05 18:00:00+00:00,0.7596888318260013
501,2023-05-05 19:00:00+00:00,0.4520423628034892
501,2023-05-05 20:00:00+00:00,0.27870367806331814
501,2023-05-05 21:00:00+00:00,0.22960424569509333
501,2023-05-05 22:00:00+00:00,0.23257671011213943
501,2023-05-05 23:00:00+00:00,0.2456352842240312
501,2023-05-06 00:00:00+00:00,0.15471968709956152
501,2023-05-06 01:00:00+00:00,0.11454745011177417
501,2023-05-06 02:00:00+00:00,0.10131434089431433
501,2023-05-06 03:00:00+00:00,0.08837990387024136
501,2023-05-06 04:00:00+00:00,0.06180890042238184
501,2023-05-06 05:00:00+00:00,0.013575540992070227
501,2023-05-06 06:00:00+00:00,0.015550938200157207
501,2023-05-06 07:00:00+00:00,0.033125661662487274
501,2023-05-06 08:00:00+00:00,0.039914436133868934
501,2023-05-06 09:00:00+00:00,0.053778997878735406
501,2023-05-06 10:00:00+00:00,0.0881625057185333
501,2023-05-06 11:00:00+00:00,0.12295874646043739
501,2023-05-06 12:00:00+00:00,0.22011505230373557
501,2023-05-06 13:00:00+00:00,0.33595344246241743
501,2023-05-06 14:00:00+00:00,0.47955530620834214
501,2023-05-06 15:00:00+00:00,0.5281351210939056
501,2023-05-06 16:00:00+00:00,0.3776542603898047
501,2023-05-06 17:00:00+00:00,0.3728311675426541
501,2023-05-06 18:00:00+00:00,0.44515946954371655
501,2023-05-06 19:00:00+00:00,1.8283297120957553
501,2023-05-06 20:00:00+00:00,0.554177381473648
501,2023-05-06 21:00:00+00:00,1.2873623486872623
501,2023-05-06 22:00:00+00:00,1.331984029905041
501,2023-05-06 23:00:00+00:00,0.04570599550267918
501,2023-05-07 00:00:00+00:00,0.011596252330646067
501,2023-05-07 01:00:00+00:00,0.007168696997646896
501,2023-05-07 02:00:00+00:00,0.0058456577876060236
501,2023-05-07 03:00:00+00:00,0.004563886875027415
501,2023-05-07 04:00:00+00:00,0.0032170806809429095
501,2023-05-07 05:00:00+00:00,0.010504925736029309
501,2023-05-07 06:00:00+00:00,0.00350119618930634
501,2023-05-07 07:00:00+00:00,0.001143795691125805
501,2023-05-07 08:00:00+00:00,0.05673075241346544
501,2023-05-07 09:00:00+00:00,0.014557340407587407
501,2023-05-07 10:00:00+00:00,0.013135910984339192
501,2023-05-07 11:00:00+00:00,0.005199712329647815
501,2023-05-07 12:00:00+00:00,0.017544069970040835
501,2023-05-07 13:00:00+00:00,0.017811894523392182
501,2023-05-07 14:00:00+00:00,0.01675159565999662
501,2023-05-07 15:00:00+00:00,0.016307706390495356
501,2023-05-07 16:00:00+00:00,0.016163564671284415
501,2023-05-07 17:00:00+00:00,0.01698347241537554
501,2023-05-07 18:00:00+00:00,0.015726177365191944
501,2023-05-07 19:00:00+00:00,0.012547171117275603
501,2023-05-07 20:00:00+00:00,0.017188308132286934
501,2023-05-07 21:00:00+00:00,0.013442132699279505
501,2023-05-07 22:00:00+00:00,0.04201349056892899
501,2023-05-07 23:00:00+00:00,0.20982053937971318
501,2023-05-08 00:00:00+00:00,0.45256056571880543
501,2023-05-08 01:00:00+00:00,0.11609101531304819
501,2023-05-08 02:00:00+00:00,0.07871556623079488
501,2023-05-08 03:00:00+00:00,0.06987856777334367
501,2023-05-08 04:00:00+00:00,0.04634688158830339
501,2023-05-08 05:00:00+00:00,0.05300949546559744
501,2023-05-08 06:00:00+00:00,0.1357139279875006
501,2023-05-08 07:00:00+00:00,0.1254964566222702
501,2023-05-08 08:00:00+00:00,0.12897076500608323
501,2023-05-08 09:00:00+00:00,0.20305839424071126
501,2023-05-08 10:00:00+00:00,0.3192545267350202
501,2023-05-08 11:00:00+00:00,0.369945689598394
501,2023-05-08 12:00:00+00:00,0.4481363383967246
501,2023-05-08 13:00:00+00:00,0.42380381848697357
501,2023-05-08 14:00:00+00:00,0.5106581477525917
501,2023-05-08 15:00:00+00:00,0.4881497227684483
501,2023-05-08 16:00:00+00:00,0.49810158894891143
501,2023-05-08 17:00:00+00:00,0.45534259785352965
501,2023-05-08 18:00:00+00:00,0.5085650477321784
501,2023-05-08 19:00:00+00:00,0.017598111259211083
501,2023-05-08 20:00:00+00:00,0.17437560163544055
501,2023-05-08 21:00:00+00:00,0.14420818182158981
501,2023-05-08 22:00:00+00:00,0.16548581399263876
501,2023-05-08 23:00:00+00:00,5.61428563313246e-06
501,2023-05-09 00:00:00+00:00,0.002868495640399966
501,2023-05-09 01:00:00+00:00,0.0035214278630340875
501,2023-05-09 02:00:00+00:00,0.0012456846901960723
501,2023-05-09 03:00:00+00:00,0.002232032339776609
501,2023-05-09 04:00:00+00:00,0.0038131743767813226
501,2023-05-09 05:00:00+00:00,0.005184490692273606
501,2023-05-09 06:00:00+00:00,0.006872849582240648
501,2023-05-09 07:00:00+00:00,0.03340992996076519
501,2023-05-09 08:00:00+00:00,0.018475365499806155
501,2023-05-09 09:00:00+00:00,0.005395423964120553
501,2023-05-09 10:00:00+00:00,0.004678213354417687
501,2023-05-09 11:00:00+00:00,0.013446421591855563
501,2023-05-09 12:00:00+00:00,0.0220719246719846
501,2023-05-09 13:00:00+00:00,0.0153868155669259
501,2023-05-09 14:00:00+00:00,0.005281355134111994
501,2023-05-09 15:00:00+00:00,0.017548445298395495
501,2023-05-09 16:00:00+00:00,0.005558451320969219
501,2023-05-09 17:00:00+00:00,0.0718389712416589
501,2023-05-09 18:00:00+00:00,0.01748293743132201
501,2023-05-09 19:00:00+00:00,5.080382480569314e-05
501,2023-05-09 20:00:00+00:00,0.008704457600161501
501,2023-05-09 21:00:00+00:00,0.006262174652183572
501,2023-05-09 22:00:00+00:00,0.008704699963653067
501,2023-05-09 23:00:00+00:00,0.0032618362528933635
501,2023-05-10 00:00:00+00:00,0.0020165428411234804
501,2023-05-10 01:00:00+00:00,0.0009907688682144716
501,2023-05-10 02:00:00+00:00,0.0005798888641233063
501,2023-05-10 03:00:00+00:00,0.0010087209415514742
501,2023-05-10 04:00:00+00:00,0.001486982902456545
501,2023-05-10 05:00:00+00:00,0.002810730990848797
501,2023-05-10 06:00:00+00:00,0.006937529120619361
501,2023-05-10 07:00:00+00:00,7.95912785318396e-05
501,2023-05-10 08:00:00+00:00,0.006275503314807518
501,2023-05-10 09:00:00+00:00,0.015513219679934416
501,2023-05-10 10:00:00+00:00,0.012360404373022835
501,2023-05-10 11:00:00+00:00,0.014133895845096962
501,2023-05-10 12:00:00+00:00,0.014002171232598615
501,2023-05-10 13:00:00+00:00,0.015670129033179155
501,2023-05-10 14:00:00+00:00,0.014765321766325572
501,2023-05-10 15:00:00+00:00,0.01687989011527548
501,2023-05-10 16:00:00+00:00,0.029300954963775536
501,2023-05-10 17:00:00+00:00,0.01990316847386605
501,2023-05-10 18:00:00+00:00,0.016219849296080998
501,2023-05-10 19:00:00+00:00,0.011715025441986974
501,2023-05-10 20:00:00+00:00,0.00948605461844226
501,2023-05-10 21:00:00+00:00,0.007386858339953851
501,2023-05-10 22:00:00+00:00,0.002086501826893678
501,2023-05-10 23:00:00+00:00,0.00555773270021432
501,2023-05-11 00:00:00+00:00,0.003100052271551517
501,2023-05-11 01:00:00+00:00,0.0020797144202220614
501,2023-05-11 02:00:00+00:00,0.0034208298645016385
501,2023-05-11 03:00:00+00:00,0.0023238215060250225
501,2023-05-11 04:00:00+00:00,0.00343774474447225
501,2023-05-11 05:00:00+00:00,0.0009726184221004638
501,2023-05-11 06:00:00+00:00,0.011759797268189784
501,2023-05-11 07:00:00+00:00,0.00652010998261438
501,2023-05-11 08:00:00+00:00,0.14401992571340913
501,2023-05-11 09:00:00+00:00,8.59818881887436e-05
501,2023-05-11 10:00:00+00:00,0.004612849297177737
501,2023-05-11 11:00:00+00:00,0.012964694182111517
501,2023-05-11 12:00:00+00:00,0.021711861039938947
501,2023-05-11 13:00:00+00:00,8.43158413381367e-05
501,2023-05-11 14:00:00+00:00,8.69048642326796e-05
501,2023-05-11 15:00:00+00:00,9.111115994661582e-05
501,2023-05-11 16:00:00+00:00,0.006862280272806346
501,2023-05-11 17:00:00+00:00,0.00012315310624237412
501,2023-05-11 18:00:00+00:00,0.006389572165804266
501,2023-05-11 19:00:00+00:00,0.0120610683791769
501,2023-05-11 20:00:00+00:00,0.0030483659470787045
501,2023-05-11 21:00:00+00:00,0.26750470851331004
501,2023-05-11 22:00:00+00:00,0.3835251504876917
501,2023-05-11 23:00:00+00:00,0.3044560419383749
501,2023-05-12 00:00:00+00:00,0.17025600851745293
501,2023-05-12 01:00:00+00:00,0.0107357321764556
501,2023-05-12 02:00:00+00:00,0.1349154450543074
501,2023-05-12 03:00:00+00:00,0.09311077685270154
501,2023-05-12 04:00:00+00:00,0.20872800278968626
501,2023-05-12 05:00:00+00:00,0.13708657745816374
501,2023-05-12 06:00:00+00:00,0.5294731417927377
501,2023-05-12 07:00:00+00:00,1.0797972890622631
501,2023-05-12 08:00:00+00:00,1.077044580331352
501,2023-05-12 09:00:00+00:00,0.9565899356017468
501,2023-05-12 10:00:00+00:00,0.12579605317279438
501,2023-05-12 11:00:00+00:00,0.9006562469646504
501,2023-05-12 12:00:00+00:00,0.13800367106667105
501,2023-05-12 13:00:00+00:00,1.0902870635534554
501,2023-05-12 14:00:00+00:00,1.1794184969309467
501,2023-05-12 15:00:00+00:00,1.205071626349593
501,2023-05-12 16:00:00+00:00,1.326888807330211
501,2023-05-12 17:00:00+00:00,1.2246886093157867
501,2023-05-12 18:00:00+00:00,1.1044077446211755
501,2023-05-12 19:00:00+00:00,0.860851056184131
501,2023-05-12 20:00:00+00:00,0.08507472806216244
501,2023-05-12 21:00:00+00:00,0.5772690705531993
501,2023-05-12 22:00:00+00:00,0.7424909794354887
501,2023-05-12 23:00:00+00:00,0.47618919186922554
501,2023-05-13 00:00:00+00:00,0.306870484775355
501,2023-05-13 01:00:00+00:00,0.3286549982825504
501,2023-05-13 02:00:00+00:00,0.24631130804212073
501,2023-05-13 03:00:00+00:00,0.21625893549114708
501,2023-05-13 04:00:00+00:00,0.16919358880895755
501,2023-05-13 05:00:00+00:00,0.08951783931009731
501,2023-05-13 06:00:00+00:00,0.24661234696160153
501,2023-05-13 07:00:00+00:00,0.2889244295752867
501,2023-05-13 08:00:00+00:00,0.678326869947377
501,2023-05-13 09:00:00+00:00,0.7807032166769239
501,2023-05-13 10:00:00+00:00,1.0479619826121183
501,2023-05-13 11:00:00+00:00,1.1460191342855812
501,2023-05-13 12:00:00+00:00,1.0508109390122058
501,2023-05-13 13:00:00+00:00,1.6837594753149048
501,2023-05-13 14:00:00+00:00,1.1729664283934282
501,2023-05-13 15:00:00+00:00,1.0886454009594966
501,2023-05-13 16:00:00+00:00,1.2669335508520896
501,2023-05-13 17:00:00+00:00,1.5382773171699395
501,2023-05-13 18:00:00+00:00,0.9391063480879068
501,2023-05-13 19:00:00+00:00,1.3225638927039713
501,2023-05-13 20:00:00+00:00,0.7256432113415834
501,2023-05-13 21:00:00+00:00,0.10122700356390474
501,2023-05-13 22:00:00+00:00,0.06893213545789655
501,2023-05-13 23:00:00+00:00,0.06649100234420056
501,2023-05-14 00:00:00+00:00,0.08390869522022147
501,2023-05-14 01:00:00+00:00,0.04189038168113616
501,2023-05-14 02:00:00+00:00,0.04674206512052789
501,2023-05-14 03:00:00+00:00,0.08642222834973169
501,2023-05-14 04:00:00+00:00,0.03147003100432773
501,2023-05-14 05:00:00+00:00,0.02362902235192641
501,2023-05-14 06:00:00+00:00,0.041480118334527895
501,2023-05-14 07:00:00+00:00,0.05742142180664193
501,2023-05-14 08:00:00+00:00,1.1099790226387276
501,2023-05-14 09:00:00+00:00,0.01471595121966531
501,2023-05-14 10:00:00+00:00,0.015535271585368307
501,2023-05-14 11:00:00+00:00,0.015535271585368307
501,2023-05-14 12:00:00+00:00,0.004922804207594911
501,2023-05-14 13:00:00+00:00,0.014852881538832947
501,2023-05-14 14:00:00+00:00,0.014852881538832947
501,2023-05-14 15:00:00+00:00,0.014852881538832947
501,2023-05-14 16:00:00+00:00,0.01397158316824221
501,2023-05-14 17:00:00+00:00,0.009937276787950085
501,2023-05-14 18:00:00+00:00,0.012994017958428772
501,2023-05-14 19:00:00+00:00,0.009561258313360231
501,2023-05-14 20:00:00+00:00,0.007738990380156681
501,2023-05-14 21:00:00+00:00,0.0058873986706358735
501,2023-05-14 22:00:00+00:00,0.004371029723810244
501,2023-05-14 23:00:00+00:00,0.0009027049928441774
501,2023-05-15 00:00:00+00:00,0.0038801804599154443
501,2023-05-15 01:00:00+00:00,0.013046334332884555
501,2023-05-15 02:00:00+00:00,0.011158162195145083
501,2023-05-15 03:00:00+00:00,0.014686663584522041
501,2023-05-15 04:00:00+00:00,0.014673302904965081
501,2023-05-15 05:00:00+00:00,0.013996470538730512
501,2023-05-15 06:00:00+00:00,0.07639325881332525
501,2023-05-15 07:00:00+00:00,0.14448358192399224
501,2023-05-15 08:00:00+00:00,0.21753044960372858
501,2023-05-15 09:00:00+00:00,0.175592287505009
501,2023-05-15 10:00:00+00:00,0.10339315522933905
501,2023-05-15 11:00:00+00:00,0.0767515975275954
501,2023-05-15 12:00:00+00:00,0.08358897213186835
501,2023-05-15 13:00:00+00:00,0.17017604366009986
501,2023-05-15 14:00:00+00:00,0.16952742089457334
501,2023-05-15 15:00:00+00:00,0.09070674114015698
501,2023-05-15 16:00:00+00:00,0.18496414447490603
501,2023-05-15 17:00:00+00:00,0.2637251927888139
501,2023-05-15 18:00:00+00:00,0.18357813926825273
501,2023-05-15 19:00:00+00:00,0.09762055171431014
501,2023-05-15 20:00:00+00:00,0.07019322165454199
501,2023-05-15 21:00:00+00:00,0.0627800443149813
501,2023-05-15 22:00:00+00:00,0.014145473234282908
501,2023-05-15 23:00:00+00:00,0.006259070980505655
501,2023-05-16 00:00:00+00:00,0.00538520898880514
501,2023-05-16 01:00:00+00:00,0.003362749121812914
501,2023-05-16 02:00:00+00:00,0.005709854579551112
501,2023-05-16 03:00:00+00:00,0.04609787718730757
501,2023-05-16 04:00:00+00:00,0.010967344973298373
501,2023-05-16 05:00:00+00:00,0.005609419857700494
501,2023-05-16 06:00:00+00:00,1.2625468950960428e-05
501,2023-05-16 07:00:00+00:00,0.038309736566950796
501,2023-05-16 08:00:00+00:00,0.07950602162532998
501,2023-05-16 09:00:00+00:00,0.06838152069774533
501,2023-05-16 10:00:00+00:00,0.07408042500431582
501,2023-05-16 11:00:00+00:00,0.07173602833763984
501,2023-05-16 12:00:00+00:00,0.13825672312907
501,2023-05-16 13:00:00+00:00,0.07129798900123985
501,2023-05-16 14:00:00+00:00,0.09363464796274935
501,2023-05-16 15:00:00+00:00,0.09939010499706787
501,2023-05-16 16:00:00+00:00,0.06823098508575766
501,2023-05-16 17:00:00+00:00,0.02062268778229281
501,2023-05-16 18:00:00+00:00,9.310627794799062e-05
501,2023-05-16 19:00:00+00:00,0.06140387221092135
501,2023-05-16 20:00:00+00:00,0.11850265420031664
501,2023-05-16 21:00:00+00:00,0.0673342589768792
501,2023-05-16 22:00:00+00:00,0.05218644340004323
501,2023-05-16 23:00:00+00:00,0.01955937878585259
501,2023-05-17 00:00:00+00:00,0.01122425191830318
501,2023-05-17 01:00:00+00:00,0.005277859428021609
501,2023-05-17 02:00:00+00:00,0.010849039779290338
501,2023-05-17 03:00:00+00:00,0.017535612955961857
501,2023-05-17 04:00:00+00:00,0.033539642325439274
501,2023-05-17 05:00:00+00:00,0.09904816250054667
501,2023-05-17 06:00:00+00:00,0.15201997282677607
501,2023-05-17 07:00:00+00:00,6.850322178836975e-05
501,2023-05-17 08:00:00+00:00,0.1144187421106343
501,2023-05-17 09:00:00+00:00,0.07804057647651624
501,2023-05-17 10:00:00+00:00,0.08844331871471113
501,2023-05-17 11:00:00+00:00,0.16508114832986476
501,2023-05-17 12:00:00+00:00,0.07908845261458484
501,2023-05-17 13:00:00+00:00,0.08044049516733211
501,2023-05-17 14:00:00+00:00,0.07641591914132172
501,2023-05-17 15:00:00+00:00,0.055710241176726294
501,2023-05-17 16:00:00+00:00,0.0001111808532569435
501,2023-05-17 17:00:00+00:00,0.00012321184651944037
501,2023-05-17 18:00:00+00:00,0.006047275040813657
501,2023-05-17 19:00:00+00:00,6.818205617615588e-05
501,2023-05-17 20:00:00+00:00,2.74274522921834e-05
501,2023-05-17 21:00:00+00:00,2.6229567376207393e-05
501,2023-05-17 22:00:00+00:00,0.009569171345769345
501,2023-05-17 23:00:00+00:00,0.024345889410384014
501,2023-05-18 00:00:00+00:00,0.037708103677596076
501,2023-05-18 01:00:00+00:00,0.040794533018688704
501,2023-05-18 02:00:00+00:00,0.012639903614197532
501,2023-05-18 03:00:00+00:00,0.012107790049989662
501,2023-05-18 04:00:00+00:00,0.014622105611785972
501,2023-05-18 05:00:00+00:00,0.17926063861897396
501,2023-05-18 06:00:00+00:00,0.02983860845719682
501,2023-05-18 07:00:00+00:00,1.2233852276527064
501,2023-05-18 08:00:00+00:00,0.22924052608165738
501,2023-05-18 09:00:00+00:00,0.11857088070728058
501,2023-05-18 10:00:00+00:00,0.15223055388083834
501,2023-05-18 11:00:00+00:00,8.442380878093478e-05
501,2023-05-18 12:00:00+00:00,8.290153234005395e-05
501,2023-05-18 13:00:00+00:00,7.425038774250327e-05
501,2023-05-18 14:00:00+00:00,0.005004340519454084
501,2023-05-18 15:00:00+00:00,0.017926590408039487
501,2023-05-18 16:00:00+00:00,0.02005818748484044
501,2023-05-18 17:00:00+00:00,0.0065363796960823855
501,2023-05-18 18:00:00+00:00,0.02049072687701067
501,2023-05-18 19:00:00+00:00,0.023058307607993014
501,2023-05-18 20:00:00+00:00,0.0161149308716839
501,2023-05-18 21:00:00+00:00,0.013243473468395882
501,2023-05-18 22:00:00+00:00,0.00794686385870817
501,2023-05-18 23:00:00+00:00,0.0009130368671667931
501,2023-05-19 00:00:00+00:00,5.579920575978032e-06
501,2023-05-19 01:00:00+00:00,0.0038500817733324675
501,2023-05-19 02:00:00+00:00,0.005432831012453778
501,2023-05-19 03:00:00+00:00,0.004985239289271191
501,2023-05-19 04:00:00+00:00,0.0055464069351377964
501,2023-05-19 05:00:00+00:00,0.0051507566246570885
501,2023-05-19 06:00:00+00:00,0.014364565794690014
501,2023-05-19 07:00:00+00:00,0.13547510519085498
501,2023-05-19 08:00:00+00:00,0.21812475690244015
501,2023-05-19 09:00:00+00:00,1.026451955713802
501,2023-05-19 10:00:00+00:00,0.2016567374121542
501,2023-05-19 11:00:00+00:00,0.20184815085299382
501,2023-05-19 12:00:00+00:00,0.13571736315177518
501,2023-05-19 13:00:00+00:00,0.14418396511461204
501,2023-05-19 14:00:00+00:00,0.16331907618193997
501,2023-05-19 15:00:00+00:00,0.2469253812259008
501,2023-05-19 16:00:00+00:00,0.27882588705388306
501,2023-05-19 17:00:00+00:00,1.3533054766969095
501,2023-05-19 18:00:00+00:00,1.7432308616339656
501,2023-05-19 19:00:00+00:00,0.3022941920776604
501,2023-05-19 20:00:00+00:00,0.6523958537963006
501,2023-05-19 21:00:00+00:00,0.07605142159222901
501,2023-05-19 22:00:00+00:00,0.0910746358653722
501,2023-05-19 23:00:00+00:00,0.49451205213939087
501,2023-05-20 00:00:00+00:00,0.3766456301552026
501,2023-05-20 01:00:00+00:00,0.03929621999409839
501,2023-05-20 02:00:00+00:00,0.20440961781902175
501,2023-05-20 03:00:00+00:00,0.15485146500455418
501,2023-05-20 04:00:00+00:00,0.15995001414582
501,2023-05-20 05:00:00+00:00,0.10918659388780393
501,2023-05-20 06:00:00+00:00,0.021502466133370094
501,2023-05-20 07:00:00+00:00,0.03930720354255738
501,2023-05-20 08:00:00+00:00,0.09288341511284182
501,2023-05-20 09:00:00+00:00,0.10421580611666932
501,2023-05-20 10:00:00+00:00,0.933273572424706
501,2023-05-20 11:00:00+00:00,0.14923151954170455
501,2023-05-20 12:00:00+00:00,0.1633499316875114
501,2023-05-20 13:00:00+00:00,1.21520459496299
501,2023-05-20 14:00:00+00:00,0.14726338947431256
501,2023-05-20 15:00:00+00:00,1.0804009267126644
501,2023-05-20 16:00:00+00:00,1.1054226766332391
501,2023-05-20 17:00:00+00:00,1.5599710400555282
501,2023-05-20 18:00:00+00:00,1.4794165335705542
501,2023-05-20 19:00:00+00:00,0.906947453135627
501,2023-05-20 20:00:00+00:00,0.5913575010584531
501,2023-05-20 21:00:00+00:00,0.282222877767622
501,2023-05-20 22:00:00+00:00,0.31248562960547166
501,2023-05-20 23:00:00+00:00,0.6854961318219452
501,2023-05-21 00:00:00+00:00,0.06018380934253164
501,2023-05-21 01:00:00+00:00,0.40219336481838436
501,2023-05-21 02:00:00+00:00,0.3812084153837033
501,2023-05-21 03:00:00+00:00,0.3591731688959931
501,2023-05-21 04:00:00+00:00,0.011886617845613132
501,2023-05-21 05:00:00+00:00,0.014132536565000641
501,2023-05-21 06:00:00+00:00,0.12812385423587436
501,2023-05-21 07:00:00+00:00,0.20219733765915665
501,2023-05-21 08:00:00+00:00,0.0440499854747654
501,2023-05-21 09:00:00+00:00,0.07326102274597834
501,2023-05-21 10:00:00+00:00,0.11505316269018273
501,2023-05-21 11:00:00+00:00,0.16260061243029159
501,2023-05-21 12:00:00+00:00,0.13243824129627568
501,2023-05-21 13:00:00+00:00,1.2445477642874199
501,2023-05-21 14:00:00+00:00,0.19578298654367426
501,2023-05-21 15:00:00+00:00,0.2076089108936491
501,2023-05-21 16:00:00+00:00,0.15142025993769573
501,2023-05-21 17:00:00+00:00,1.2555218450481296
501,2023-05-21 18:00:00+00:00,0.8848254973017488
501,2023-05-21 19:00:00+00:00,0.8111772104439949
501,2023-05-21 20:00:00+00:00,0.5486210062272568
501,2023-05-21 21:00:00+00:00,0.48233934523228245
501,2023-05-21 22:00:00+00:00,0.3059831097258703
501,2023-05-21 23:00:00+00:00,0.15925270115343138
501,2023-05-22 00:00:00+00:00,0.14791767415486076
501,2023-05-22 01:00:00+00:00,0.007467841565763706
501,2023-05-22 02:00:00+00:00,0.008829035387990868
501,2023-05-22 03:00:00+00:00,0.009649569789766405
501,2023-05-22 04:00:00+00:00,0.006958287229759727
501,2023-05-22 05:00:00+00:00,0.00587628425676168
501,2023-05-22 06:00:00+00:00,0.011994623954090393
501,2023-05-22 07:00:00+00:00,0.15624549283444086
501,2023-05-22 08:00:00+00:00,0.2393260114727933
501,2023-05-22 09:00:00+00:00,0.28075406295161776
501,2023-05-22 10:00:00+00:00,0.8929100518457829
501,2023-05-22 11:00:00+00:00,0.16649550351328163
501,2023-05-22 12:00:00+00:00,0.8388010896114387
501,2023-05-22 13:00:00+00:00,1.000958698134897
501,2023-05-22 14:00:00+00:00,1.0282488848919367
501,2023-05-22 15:00:00+00:00,0.982224523479537
501,2023-05-22 16:00:00+00:00,0.19209051288622012
501,2023-05-22 17:00:00+00:00,0.2376167001911023
501,2023-05-22 18:00:00+00:00,0.19934496498884133
501,2023-05-22 19:00:00+00:00,0.18487117436007577
501,2023-05-22 20:00:00+00:00,0.06310088733326003
501,2023-05-22 21:00:00+00:00,0.4258480201911278
501,2023-05-22 22:00:00+00:00,0.2978394088124199
501,2023-05-22 23:00:00+00:00,0.21766139222081723
501,2023-05-23 00:00:00+00:00,0.22158240547041472
501,2023-05-23 01:00:00+00:00,0.15621857664616007
501,2023-05-23 02:00:00+00:00,0.004097373876969834
501,2023-05-23 03:00:00+00:00,0.010642109405258613
501,2023-05-23 04:00:00+00:00,0.013439802879149362
501,2023-05-23 05:00:00+00:00,0.007212772110687859
501,2023-05-23 06:00:00+00:00,0.061876215200123104
501,2023-05-23 07:00:00+00:00,1.3182643780544714
501,2023-05-23 08:00:00+00:00,1.1393341778865997
501,2023-05-23 09:00:00+00:00,1.1841310422550477
501,2023-05-23 10:00:00+00:00,1.084917113231644
501,2023-05-23 11:00:00+00:00,0.9487567828776363
501,2023-05-23 12:00:00+00:00,0.9316411284036614
501,2023-05-23 13:00:00+00:00,0.11939786974521727
501,2023-05-23 14:00:00+00:00,0.9617478946696997
501,2023-05-23 15:00:00+00:00,0.8869016726537933
501,2023-05-23 16:00:00+00:00,1.5745932767264346
501,2023-05-23 17:00:00+00:00,1.6183295145778755
501,2023-05-23 18:00:00+00:00,0.13460951251368108
501,2023-05-23 19:00:00+00:00,0.7161335700302126
501,2023-05-23 20:00:00+00:00,0.5660934789327233
501,2023-05-23 21:00:00+00:00,0.03445974656771188
501,2023-05-23 22:00:00+00:00,0.011693855817446593
501,2023-05-23 23:00:00+00:00,9.981954188130464e-06
501,2023-05-24 00:00:00+00:00,0.005642698109948007
501,2023-05-24 01:00:00+00:00,0.06705776467156563
501,2023-05-24 02:00:00+00:00,0.06468794774847768
501,2023-05-24 03:00:00+00:00,0.03464322295128545
501,2023-05-24 04:00:00+00:00,0.013462688975262574
501,2023-05-24 05:00:00+00:00,0.015975889832177483
501,2023-05-24 06:00:00+00:00,0.18257135185306556
501,2023-05-24 07:00:00+00:00,0.14876813748903728
501,2023-05-24 08:00:00+00:00,0.08227731170630934
501,2023-05-24 09:00:00+00:00,0.09713922904712077
501,2023-05-24 10:00:00+00:00,0.23756422641474423
501,2023-05-24 11:00:00+00:00,0.06994246274289001
501,2023-05-24 12:00:00+00:00,0.1359326039246688
501,2023-05-24 13:00:00+00:00,0.09541596668697991
501,2023-05-24 14:00:00+00:00,0.07465644835163336
501,2023-05-24 15:00:00+00:00,0.0856928579565752
501,2023-05-24 16:00:00+00:00,0.2282683251444435
501,2023-05-24 17:00:00+00:00,0.10688053966105197
501,2023-05-24 18:00:00+00:00,0.13135398139617485
501,2023-05-24 19:00:00+00:00,1.2035332723081424
501,2023-05-24 20:00:00+00:00,0.8339358380836832
501,2023-05-24 21:00:00+00:00,0.6229366222928052
501,2023-05-24 22:00:00+00:00,0.07405989630872134
501,2023-05-24 23:00:00+00:00,0.052103548204831936
501,2023-05-25 00:00:00+00:00,0.020284489487529513
501,2023-05-25 01:00:00+00:00,0.016457743136008573
501,2023-05-25 02:00:00+00:00,0.01352662638131825
501,2023-05-25 03:00:00+00:00,0.009247760382664717
501,2023-05-25 04:00:00+00:00,0.1248041638446567
501,2023-05-25 05:00:00+00:00,0.025945230766208926
501,2023-05-25 06:00:00+00:00,0.055366364167458666
501,2023-05-25 07:00:00+00:00,0.1368763051414323
501,2023-05-25 08:00:00+00:00,0.15893546062821082
501,2023-05-25 09:00:00+00:00,0.13931848208318903
501,2023-05-25 10:00:00+00:00,0.9505630061370618
501,2023-05-25 11:00:00+00:00,0.12294937743657827
501,2023-05-25 12:00:00+00:00,0.13479461813117088
501,2023-05-25 13:00:00+00:00,1.1908315578708255
501,2023-05-25 14:00:00+00:00,1.0870129511048021
501,2023-05-25 15:00:00+00:00,0.14249144323810695
501,2023-05-25 16:00:00+00:00,1.775575015789718
501,2023-05-25 17:00:00+00:00,1.1856284894443754
501,2023-05-25 18:00:00+00:00,1.6343486522035477
501,2023-05-25 19:00:00+00:00,0.39784359312841566
501,2023-05-25 20:00:00+00:00,0.1347805603410868
501,2023-05-25 21:00:00+00:00,0.12540259087353153
501,2023-05-25 22:00:00+00:00,0.11698005419186565
501,2023-05-25 23:00:00+00:00,0.08805965748743391
501,2023-05-26 00:00:00+00:00,0.09487498900816571
501,2023-05-26 01:00:00+00:00,0.07289820895146551
501,2023-05-26 02:00:00+00:00,0.040811171004448955
501,2023-05-26 03:00:00+00:00,0.05068228624640571
501,2023-05-26 04:00:00+00:00,0.14492775983321726
501,2023-05-26 05:00:00+00:00,0.14599044875381015
501,2023-05-26 06:00:00+00:00,0.12131981604019394
501,2023-05-26 07:00:00+00:00,0.4724540621758338
501,2023-05-26 08:00:00+00:00,0.3600391156606172
501,2023-05-26 09:00:00+00:00,0.40656717484914745
501,2023-05-26 10:00:00+00:00,0.8892627513399882
501,2023-05-26 11:00:00+00:00,0.3272832247630178
501,2023-05-26 12:00:00+00:00,0.37358097011556624
501,2023-05-26 13:00:00+00:00,0.5654912574700995
501,2023-05-26 14:00:00+00:00,1.3080324561624161
501,2023-05-26 15:00:00+00:00,0.4027059601066894
501,2023-05-26 16:00:00+00:00,0.672308271169213
501,2023-05-26 17:00:00+00:00,0.4536605107773435
501,2023-05-26 18:00:00+00:00,0.5957109801273285
501,2023-05-26 19:00:00+00:00,0.4625258906237952
501,2023-05-26 20:00:00+00:00,0.3827554897632065
501,2023-05-26 21:00:00+00:00,0.31664242342515186
501,2023-05-26 22:00:00+00:00,0.3077892674163681
501,2023-05-26 23:00:00+00:00,0.15805054524505027
501,2023-05-27 00:00:00+00:00,0.11805484158712756
501,2023-05-27 01:00:00+00:00,0.0931754645160503
501,2023-05-27 02:00:00+00:00,0.12275922677724654
501,2023-05-27 03:00:00+00:00,0.08208000658973953
501,2023-05-27 04:00:00+00:00,0.055121918332077115
501,2023-05-27 05:00:00+00:00,0.06295330984284175
501,2023-05-27 06:00:00+00:00,0.06589867492073948
501,2023-05-27 07:00:00+00:00,0.14466536179511508
501,2023-05-27 08:00:00+00:00,0.1253817668074517
501,2023-05-27 09:00:00+00:00,0.36793247339439433
501,2023-05-27 10:00:00+00:00,0.8060458295785138
501,2023-05-27 11:00:00+00:00,1.1825117812821462
501,2023-05-27 12:00:00+00:00,1.4132373831823113
501,2023-05-27 13:00:00+00:00,0.1287802535840543
501,2023-05-27 14:00:00+00:00,1.3861834315347565
501,2023-05-27 15:00:00+00:00,1.1148291489147577
501,2023-05-27 16:00:00+00:00,0.21794656610769933
501,2023-05-27 17:00:00+00:00,0.13367674738675658
501,2023-05-27 18:00:00+00:00,0.18307083926984963
501,2023-05-27 19:00:00+00:00,0.15127235613491696
501,2023-05-27 20:00:00+00:00,0.0919487322492159
501,2023-05-27 21:00:00+00:00,0.8403301860227674
501,2023-05-27 22:00:00+00:00,0.6802891905286595
501,2023-05-27 23:00:00+00:00,0.38299288037590523
501,2023-05-28 00:00:00+00:00,0.10953519965021814
501,2023-05-28 01:00:00+00:00,0.7185714329564729
501,2023-05-28 02:00:00+00:00,0.39901536827945017
501,2023-05-28 03:00:00+00:00,0.05187513856504171
501,2023-05-28 04:00:00+00:00,0.007979705225641818
501,2023-05-28 05:00:00+00:00,0.141591912479906
501,2023-05-28 06:00:00+00:00,0.03114474262783667
501,2023-05-28 07:00:00+00:00,0.043390493584651926
501,2023-05-28 08:00:00+00:00,0.03432951435816648
501,2023-05-28 09:00:00+00:00,0.7126131473107896
501,2023-05-28 10:00:00+00:00,0.7395321027999799
501,2023-05-28 11:00:00+00:00,1.2610628241918285
501,2023-05-28 12:00:00+00:00,1.019323215990738
501,2023-05-28 13:00:00+00:00,1.0974620964070698
501,2023-05-28 14:00:00+00:00,1.315557884219452
501,2023-05-28 15:00:00+00:00,1.2548535015189592
501,2023-05-28 16:00:00+00:00,0.48123418864940765
501,2023-05-28 17:00:00+00:00,1.3046464113633507
501,2023-05-28 18:00:00+00:00,0.9936692623006503
501,2023-05-28 19:00:00+00:00,0.23303547918671164
501,2023-05-28 20:00:00+00:00,0.29222935203590805
501,2023-05-28 21:00:00+00:00,0.23305449726193542
501,2023-05-28 22:00:00+00:00,0.23470732392038676
501,2023-05-28 23:00:00+00:00,0.27339147972224354
501,2023-05-29 00:00:00+00:00,0.6392007279356566
501,2023-05-29 01:00:00+00:00,0.20675417781168795
501,2023-05-29 02:00:00+00:00,0.10098365578414552
501,2023-05-29 03:00:00+00:00,0.1353680719729219
501,2023-05-29 04:00:00+00:00,0.16329181153827804
501,2023-05-29 05:00:00+00:00,0.014163522068785636
501,2023-05-29 06:00:00+00:00,0.02568696024050964
501,2023-05-29 07:00:00+00:00,0.2202983482432821
501,2023-05-29 08:00:00+00:00,0.44270977266813155
501,2023-05-29 09:00:00+00:00,0.5325298240519988
501,2023-05-29 10:00:00+00:00,0.403418792203995
501,2023-05-29 11:00:00+00:00,0.9668287716119917
501,2023-05-29 12:00:00+00:00,0.5417113899634488
501,2023-05-29 13:00:00+00:00,0.5455648540409589
501,2023-05-29 14:00:00+00:00,0.5689942414292267
501,2023-05-29 15:00:00+00:00,0.3312319208506052
501,2023-05-29 16:00:00+00:00,0.6111042304594089
501,2023-05-29 17:00:00+00:00,0.5843691897542382
501,2023-05-29 18:00:00+00:00,0.37487653843600793
501,2023-05-29 19:00:00+00:00,0.27731568713433663
501,2023-05-29 20:00:00+00:00,0.2936477572918072
501,2023-05-29 21:00:00+00:00,0.37315579391955966
501,2023-05-29 22:00:00+00:00,0.48701860188519625
501,2023-05-29 23:00:00+00:00,0.6665232921478472
501,2023-05-30 00:00:00+00:00,0.15869584301178782
501,2023-05-30 01:00:00+00:00,0.13760057643978357
501,2023-05-30 02:00:00+00:00,0.31175194063203615
501,2023-05-30 03:00:00+00:00,0.08340369253420639
501,2023-05-30 04:00:00+00:00,0.013299813680082465
501,2023-05-30 05:00:00+00:00,0.1627119494805348
501,2023-05-30 06:00:00+00:00,0.06137668188731142
501,2023-05-30 07:00:00+00:00,1.0596589346978798
501,2023-05-30 08:00:00+00:00,0.49250179750184253
501,2023-05-30 09:00:00+00:00,0.41575020499835424
501,2023-05-30 10:00:00+00:00,1.2172174263808948
501,2023-05-30 11:00:00+00:00,1.3236554922988997
501,2023-05-30 12:00:00+00:00,1.392729778558193
501,2023-05-30 13:00:00+00:00,1.371145504404382
501,2023-05-30 14:00:00+00:00,1.0863954353725351
501,2023-05-30 15:00:00+00:00,1.1183222637176964
501,2023-05-30 16:00:00+00:00,1.0920607690533646
501,2023-05-30 17:00:00+00:00,1.1106563268749372
501,2023-05-30 18:00:00+00:00,0.8253497491358692
501,2023-05-30 19:00:00+00:00,0.9937673330008227
501,2023-05-30 20:00:00+00:00,0.4287370899121458
501,2023-05-30 21:00:00+00:00,0.26480103503946384
501,2023-05-30 22:00:00+00:00,0.14668045616600242
501,2023-05-30 23:00:00+00:00,0.16142750450995375
501,2023-05-31 00:00:00+00:00,0.042031254083849945
501,2023-05-31 01:00:00+00:00,0.02406648206936392
501,2023-05-31 02:00:00+00:00,0.02703754965771089
501,2023-05-31 03:00:00+00:00,0.10946512278427158
501,2023-05-31 04:00:00+00:00,0.17038829841480235
501,2023-05-31 05:00:00+00:00,0.2406136273611121
501,2023-05-31 06:00:00+00:00,0.5659745866486847
501,2023-05-31 07:00:00+00:00,0.9873026662697648
501,2023-05-31 08:00:00+00:00,0.38402136765932565
501,2023-05-31 09:00:00+00:00,0.3017601281310525
501,2023-05-31 10:00:00+00:00,0.4383378462604741
501,2023-05-31 11:00:00+00:00,0.4410020533035997
501,2023-05-31 12:00:00+00:00,0.5077442023286556
501,2023-05-31 13:00:00+00:00,0.4842253006228098
501,2023-05-31 14:00:00+00:00,1.0442520064400185
501,2023-05-31 15:00:00+00:00,1.4301370489373308
501,2023-05-31 16:00:00+00:00,1.105938508891829
501,2023-05-31 17:00:00+00:00,1.7050378705643072
501,2023-05-31 18:00:00+00:00,1.2750522796244188
501,2023-05-31 19:00:00+00:00,0.43328170192645904
501,2023-05-31 20:00:00+00:00,0.4680189604186897
501,2023-05-31 21:00:00+00:00,0.5792439906298215
501,2023-05-31 22:00:00+00:00,0.570285249959511
501,2023-05-31 23:00:00+00:00,0.17588446553466627
501,2023-06-01 00:00:00+00:00,0.09060042450123555
501,2023-06-01 01:00:00+00:00,0.039034405523150496
501,2023-06-01 02:00:00+00:00,0.03349158561976605
501,2023-06-01 03:00:00+00:00,0.10570229724017924
501,2023-06-01 04:00:00+00:00,0.21093727188969585
501,2023-06-01 05:00:00+00:00,0.1668128165054735
501,2023-06-01 06:00:00+00:00,0.39248918239227215
501,2023-06-01 07:00:00+00:00,0.5132905530350911
501,2023-06-01 08:00:00+00:00,0.5294117947483798
501,2023-06-01 09:00:00+00:00,1.2515037037443073
501,2023-06-01 10:00:00+00:00,0.8437881056035632
501,2023-06-01 11:00:00+00:00,1.3736334274095063
501,2023-06-01 12:00:00+00:00,1.4444974749688255
501,2023-06-01 13:00:00+00:00,1.3541442159155597
501,2023-06-01 14:00:00+00:00,0.9167038283091601
501,2023-06-01 15:00:00+00:00,0.49211010542753997
501,2023-06-01 16:00:00+00:00,0.5948751724214735
501,2023-06-01 17:00:00+00:00,1.0692147729772796
501,2023-06-01 18:00:00+00:00,0.5273560644142956
501,2023-06-01 19:00:00+00:00,0.4242240325196115
501,2023-06-01 20:00:00+00:00,0.30583426300119204
501,2023-06-01 21:00:00+00:00,0.14568887284096496
501,2023-06-01 22:00:00+00:00,0.25285132640302405
501,2023-06-01 23:00:00+00:00,0.09497959848312597
501,2023-06-02 00:00:00+00:00,0.07788340444740267
501,2023-06-02 01:00:00+00:00,0.09143032240331517
501,2023-06-02 02:00:00+00:00,0.04011357491236463
501,2023-06-02 03:00:00+00:00,0.0513287602075494
501,2023-06-02 04:00:00+00:00,0.1870604192177669
501,2023-06-02 05:00:00+00:00,0.0903489719432171
501,2023-06-02 06:00:00+00:00,0.22025333305012126
501,2023-06-02 07:00:00+00:00,0.8497871030491885
501,2023-06-02 08:00:00+00:00,0.29431504113154716
501,2023-06-02 09:00:00+00:00,0.37703835281279924
501,2023-06-02 10:00:00+00:00,0.45082652972658366
501,2023-06-02 11:00:00+00:00,1.015372548654451
501,2023-06-02 12:00:00+00:00,0.6085448705307834
501,2023-06-02 13:00:00+00:00,0.6511637623365442
501,2023-06-02 14:00:00+00:00,1.3099273210750388
501,2023-06-02 15:00:00+00:00,1.2101863190168956
501,2023-06-02 16:00:00+00:00,1.387156074063303
501,2023-06-02 17:00:00+00:00,1.2457129239620515
501,2023-06-02 18:00:00+00:00,1.1079712308598817
501,2023-06-02 19:00:00+00:00,0.8061211615657424
501,2023-06-02 20:00:00+00:00,0.3540560502662304
501,2023-06-02 21:00:00+00:00,0.21527064478404168
501,2023-06-02 22:00:00+00:00,0.2258554361446974
501,2023-06-02 23:00:00+00:00,0.14379134165694063
501,2023-06-03 00:00:00+00:00,0.11658762652614339
501,2023-06-03 01:00:00+00:00,0.1319154088885112
501,2023-06-03 02:00:00+00:00,0.08748429888815851
501,2023-06-03 03:00:00+00:00,0.18022903225924145
501,2023-06-03 04:00:00+00:00,0.2468059355073268
501,2023-06-03 05:00:00+00:00,0.14632468669469761
501,2023-06-03 06:00:00+00:00,0.20165687406772906
501,2023-06-03 07:00:00+00:00,0.3376248282121815
501,2023-06-03 08:00:00+00:00,0.5910400239300901
501,2023-06-03 09:00:00+00:00,0.7110439027533036
501,2023-06-03 10:00:00+00:00,0.9860014663334162
501,2023-06-03 11:00:00+00:00,1.3843276381723817
501,2023-06-03 12:00:00+00:00,1.770751820459389
501,2023-06-03 13:00:00+00:00,1.197098810280864
501,2023-06-03 14:00:00+00:00,0.5628547468106723
501,2023-06-03 15:00:00+00:00,0.5101739879692289
501,2023-06-03 16:00:00+00:00,0.31194998549097996
501,2023-06-03 17:00:00+00:00,0.3451298179366261
501,2023-06-03 18:00:00+00:00,0.32802958144349675
501,2023-06-03 19:00:00+00:00,0.4349797693863213
501,2023-06-03 20:00:00+00:00,0.37016492839274323
501,2023-06-03 21:00:00+00:00,0.3348912730222894
501,2023-06-03 22:00:00+00:00,0.21549679737187638
501,2023-06-03 23:00:00+00:00,0.19957609900991516
501,2023-06-04 00:00:00+00:00,0.22111774575202514
501,2023-06-04 01:00:00+00:00,0.13922617893211137
501,2023-06-04 02:00:00+00:00,0.28036262987436633
501,2023-06-04 03:00:00+00:00,0.23701865108138181
501,2023-06-04 04:00:00+00:00,0.24406877978032693
501,2023-06-04 05:00:00+00:00,0.12072887854867119
501,2023-06-04 06:00:00+00:00,0.014801975128364463
501,2023-06-04 07:00:00+00:00,0.2555236271126597
501,2023-06-04 08:00:00+00:00,0.5203175377913692
501,2023-06-04 09:00:00+00:00,0.5839818453996191
501,2023-06-04 10:00:00+00:00,0.8659904973172228
501,2023-06-04 11:00:00+00:00,0.12814814054626422
501,2023-06-04 12:00:00+00:00,0.15321732463500196
501,2023-06-04 13:00:00+00:00,0.15042871401891267
501,2023-06-04 14:00:00+00:00,1.2489051984166144
501,2023-06-04 15:00:00+00:00,1.069587208580383
501,2023-06-04 16:00:00+00:00,0.9280751299514164
501,2023-06-04 17:00:00+00:00,0.9818484257465301
501,2023-06-04 18:00:00+00:00,1.2624162344261687
501,2023-06-04 19:00:00+00:00,0.8719988976348321
501,2023-06-04 20:00:00+00:00,0.5775251352010731
501,2023-06-04 21:00:00+00:00,0.43836699666848505
501,2023-06-04 22:00:00+00:00,0.13292594092742932
501,2023-06-04 23:00:00+00:00,0.06376279759511107
501,2023-06-05 00:00:00+00:00,0.037324588174832474
501,2023-06-05 01:00:00+00:00,0.02357201265774815
501,2023-06-05 02:00:00+00:00,0.01715958331454424
501,2023-06-05 03:00:00+00:00,0.025842223539854478
501,2023-06-05 04:00:00+00:00,0.11052819597911287
501,2023-06-05 05:00:00+00:00,0.020726103515809013
501,2023-06-05 06:00:00+00:00,0.4306484829011906
501,2023-06-05 07:00:00+00:00,1.0279001805026833
501,2023-06-05 08:00:00+00:00,1.126954344249966
501,2023-06-05 09:00:00+00:00,0.8495416288691463
501,2023-06-05 10:00:00+00:00,0.8603315971586345
501,2023-06-05 11:00:00+00:00,0.37942510927275197
501,2023-06-05 12:00:00+00:00,0.8529631474243283
501,2023-06-05 13:00:00+00:00,1.111739621579685
501,2023-06-05 14:00:00+00:00,0.827367351138513
501,2023-06-05 15:00:00+00:00,1.06954978383944
501,2023-06-05 16:00:00+00:00,0.1555354985620065
501,2023-06-05 17:00:00+00:00,1.2194160512003676
501,2023-06-05 18:00:00+00:00,0.845874636133922
501,2023-06-05 19:00:00+00:00,0.2265919090028384
501,2023-06-05 20:00:00+00:00,0.16178759251846217
501,2023-06-05 21:00:00+00:00,0.1310828665244258
501,2023-06-05 22:00:00+00:00,0.10682633066558384
501,2023-06-05 23:00:00+00:00,0.07821623952324958
501,2023-06-06 00:00:00+00:00,0.06164173117487377
501,2023-06-06 01:00:00+00:00,0.036064698631491234
501,2023-06-06 02:00:00+00:00,0.05745724097149526
501,2023-06-06 03:00:00+00:00,0.03540520913193684
501,2023-06-06 04:00:00+00:00,0.058742112992480444
501,2023-06-06 05:00:00+00:00,0.0795473533080969
501,2023-06-06 06:00:00+00:00,0.16263339903103546
501,2023-06-06 07:00:00+00:00,0.5735056365628818
501,2023-06-06 08:00:00+00:00,0.36707476488573504
501,2023-06-06 09:00:00+00:00,0.27777787613234406
501,2023-06-06 10:00:00+00:00,0.34971428939110155
501,2023-06-06 11:00:00+00:00,0.23459082759362762
501,2023-06-06 12:00:00+00:00,0.2761743964531293
501,2023-06-06 13:00:00+00:00,0.2628877021333334
501,2023-06-06 14:00:00+00:00,0.3014278291762822
501,2023-06-06 15:00:00+00:00,0.48607545792348567
501,2023-06-06 16:00:00+00:00,0.5654635610864013
501,2023-06-06 17:00:00+00:00,0.5515841687480909
501,2023-06-06 18:00:00+00:00,0.5085458884843294
501,2023-06-06 19:00:00+00:00,0.2346679664132448
501,2023-06-06 20:00:00+00:00,0.19852645092198423
501,2023-06-06 21:00:00+00:00,0.2359684585045356
501,2023-06-06 22:00:00+00:00,0.20308155959403454
501,2023-06-06 23:00:00+00:00,0.08823031934672301
501,2023-06-07 00:00:00+00:00,0.04500496994753911
501,2023-06-07 01:00:00+00:00,0.04182971294844144
501,2023-06-07 02:00:00+00:00,0.048920966838804
501,2023-06-07 03:00:00+00:00,0.10298273696126628
501,2023-06-07 04:00:00+00:00,0.11933456289860152
501,2023-06-07 05:00:00+00:00,0.0882305150629028
501,2023-06-07 06:00:00+00:00,0.20783858773157216
501,2023-06-07 07:00:00+00:00,0.7760874857407187
501,2023-06-07 08:00:00+00:00,0.5656208317581516
501,2023-06-07 09:00:00+00:00,0.3034934978535045
501,2023-06-07 10:00:00+00:00,0.28647502013131354
501,2023-06-07 11:00:00+00:00,0.38219416343037776
501,2023-06-07 12:00:00+00:00,0.41834665568730744
501,2023-06-07 13:00:00+00:00,0.43934922664514836
501,2023-06-07 14:00:00+00:00,0.4835962179358086
501,2023-06-07 15:00:00+00:00,0.46604420737984475
501,2023-06-07 16:00:00+00:00,0.3835365456889932
501,2023-06-07 17:00:00+00:00,0.2828034732315085
501,2023-06-07 18:00:00+00:00,0.32258290812393453
501,2023-06-07 19:00:00+00:00,0.1784995144362939
501,2023-06-07 20:00:00+00:00,0.16730152083530359
501,2023-06-07 21:00:00+00:00,0.17996671354926722
501,2023-06-07 22:00:00+00:00,0.21141048003031734
501,2023-06-07 23:00:00+00:00,0.1253957374366739
501,2023-06-08 00:00:00+00:00,0.07107451552355516
501,2023-06-08 01:00:00+00:00,0.050622886785198
501,2023-06-08 02:00:00+00:00,0.07469810687204267
501,2023-06-08 03:00:00+00:00,0.07507130020145719
501,2023-06-08 04:00:00+00:00,0.13510716764968872
501,2023-06-08 05:00:00+00:00,0.16442376523303456
501,2023-06-08 06:00:00+00:00,0.23154657768845843
501,2023-06-08 07:00:00+00:00,1.1236404428193965
501,2023-06-08 08:00:00+00:00,0.5504184869018128
501,2023-06-08 09:00:00+00:00,0.8354722234129457
501,2023-06-08 10:00:00+00:00,0.395049811797238
501,2023-06-08 11:00:00+00:00,0.7214142295520397
501,2023-06-08 12:00:00+00:00,0.4394140137891744
501,2023-06-08 13:00:00+00:00,0.4452790270347025
501,2023-06-08 14:00:00+00:00,0.33778625735273515
501,2023-06-08 15:00:00+00:00,0.24023453973858042
501,2023-06-08 16:00:00+00:00,0.26406565329427156
501,2023-06-08 17:00:00+00:00,0.37910940220606687
501,2023-06-08 18:00:00+00:00,0.2576347265556919
501,2023-06-08 19:00:00+00:00,0.1823479136357762
501,2023-06-08 20:00:00+00:00,0.17989922964956162
501,2023-06-08 21:00:00+00:00,0.25160552461579755
501,2023-06-08 22:00:00+00:00,0.2415035976096408
501,2023-06-08 23:00:00+00:00,0.12885866142532693
501,2023-06-09 00:00:00+00:00,0.0995152384389693
501,2023-06-09 01:00:00+00:00,0.062343094606545336
501,2023-06-09 02:00:00+00:00,0.09507506281230066
501,2023-06-09 03:00:00+00:00,0.0690147390640656
501,2023-06-09 04:00:00+00:00,0.14785979274603167
501,2023-06-09 05:00:00+00:00,0.20340456292138942
501,2023-06-09 06:00:00+00:00,0.6308587475882499
501,2023-06-09 07:00:00+00:00,0.9878625431575642
501,2023-06-09 08:00:00+00:00,0.9941263590816803
501,2023-06-09 09:00:00+00:00,0.40932856260831213
501,2023-06-09 10:00:00+00:00,0.8159443531004705
501,2023-06-09 11:00:00+00:00,1.2560431986888694
501,2023-06-09 12:00:00+00:00,0.9445454686457327
501,2023-06-09 13:00:00+00:00,0.39398969238273956
501,2023-06-09 14:00:00+00:00,0.4022437711086819
501,2023-06-09 15:00:00+00:00,0.30720367651095754
501,2023-06-09 16:00:00+00:00,0.4083520884424286
501,2023-06-09 17:00:00+00:00,0.39350311578873487
501,2023-06-09 18:00:00+00:00,0.3552715440242548
501,2023-06-09 19:00:00+00:00,0.42380167485146425
501,2023-06-09 20:00:00+00:00,0.3318601010784131
501,2023-06-09 21:00:00+00:00,0.3280949993330353
501,2023-06-09 22:00:00+00:00,0.3199109859817269
501,2023-06-09 23:00:00+00:00,0.9101904817448658
501,2023-06-10 00:00:00+00:00,0.45751875666261815
501,2023-06-10 01:00:00+00:00,0.044168711553844664
501,2023-06-10 02:00:00+00:00,0.2863892055702484
501,2023-06-10 03:00:00+00:00,0.1461669212859254
501,2023-06-10 04:00:00+00:00,0.22100935751514766
501,2023-06-10 05:00:00+00:00,0.18892643083418287
501,2023-06-10 06:00:00+00:00,0.14683002655423555
501,2023-06-10 07:00:00+00:00,0.03689889339131245
501,2023-06-10 08:00:00+00:00,0.5459736232817615
501,2023-06-10 09:00:00+00:00,0.8155809339080344
501,2023-06-10 10:00:00+00:00,1.2173700770608138
501,2023-06-10 11:00:00+00:00,1.5049078102028959
501,2023-06-10 12:00:00+00:00,1.1513786915206348
501,2023-06-10 13:00:00+00:00,0.2567429952830937
501,2023-06-10 14:00:00+00:00,0.06100514266382411
501,2023-06-10 15:00:00+00:00,0.06958384091237464
501,2023-06-10 16:00:00+00:00,0.00011360256035245264
501,2023-06-10 17:00:00+00:00,0.06605307079485266
501,2023-06-10 18:00:00+00:00,0.14572343568177848
501,2023-06-10 19:00:00+00:00,0.10544754699546102
501,2023-06-10 20:00:00+00:00,0.10248667933269794
501,2023-06-10 21:00:00+00:00,0.05881574452566915
501,2023-06-10 22:00:00+00:00,0.003309083722812892
501,2023-06-10 23:00:00+00:00,0.037579156679441235
501,2023-06-11 00:00:00+00:00,0.24238243449611657
501,2023-06-11 01:00:00+00:00,0.03057923696902491
501,2023-06-11 02:00:00+00:00,0.006155695809554809
501,2023-06-11 03:00:00+00:00,0.007341110721983312
501,2023-06-11 04:00:00+00:00,0.0033774040585865424
501,2023-06-11 05:00:00+00:00,0.0007946477914258243
501,2023-06-11 06:00:00+00:00,0.003973459769168469
501,2023-06-11 07:00:00+00:00,1.666568086205042e-05
501,2023-06-11 08:00:00+00:00,1.440984950551457e-05
501,2023-06-11 09:00:00+00:00,7.156318013956126e-05
501,2023-06-11 10:00:00+00:00,8.56131314369834e-05
501,2023-06-11 11:00:00+00:00,0.027974603359423707
501,2023-06-11 12:00:00+00:00,0.17730396254737307
501,2023-06-11 13:00:00+00:00,0.00010788431027118769
501,2023-06-11 14:00:00+00:00,0.018285107569210708
501,2023-06-11 15:00:00+00:00,0.15478350477750283
501,2023-06-11 16:00:00+00:00,0.0001230430011620622
501,2023-06-11 17:00:00+00:00,9.44215465852595e-05
501,2023-06-11 18:00:00+00:00,0.0619606533726891
501,2023-06-11 19:00:00+00:00,0.003178840385648308
501,2023-06-11 20:00:00+00:00,0.060401397726308634
501,2023-06-11 21:00:00+00:00,0.027876730451765187
501,2023-06-11 22:00:00+00:00,0.06331051864721741
501,2023-06-11 23:00:00+00:00,0.03334655176748425
501,2023-06-12 00:00:00+00:00,0.010637889722668447
501,2023-06-12 01:00:00+00:00,0.01095483879395946
501,2023-06-12 02:00:00+00:00,0.009234999491170369
501,2023-06-12 03:00:00+00:00,0.012048822250756458
501,2023-06-12 04:00:00+00:00,0.005753522204145689
501,2023-06-12 05:00:00+00:00,0.007368306740502638
501,2023-06-12 06:00:00+00:00,0.009456856692390544
501,2023-06-12 07:00:00+00:00,0.08474036705867598
501,2023-06-12 08:00:00+00:00,0.12109033803989534
501,2023-06-12 09:00:00+00:00,0.1289297529695209
501,2023-06-12 10:00:00+00:00,0.9377364726203972
501,2023-06-12 11:00:00+00:00,0.10814376581363463
501,2023-06-12 12:00:00+00:00,0.08787561721701644
501,2023-06-12 13:00:00+00:00,0.05273714787066742
501,2023-06-12 14:00:00+00:00,0.01474108219671435
501,2023-06-12 15:00:00+00:00,0.05959204085293437
501,2023-06-12 16:00:00+00:00,9.800494824847747e-05
501,2023-06-12 17:00:00+00:00,0.00617784916916367
501,2023-06-12 18:00:00+00:00,0.00528130078244574
501,2023-06-12 19:00:00+00:00,0.07577270590211523
501,2023-06-12 20:00:00+00:00,0.05115544904807246
501,2023-06-12 21:00:00+00:00,0.038663070285513544
501,2023-06-12 22:00:00+00:00,0.03765194797820991
501,2023-06-12 23:00:00+00:00,0.012897039757130087
501,2023-06-13 00:00:00+00:00,0.01673446111903637
501,2023-06-13 01:00:00+00:00,0.1521953874482444
501,2023-06-13 02:00:00+00:00,0.04604337530191879
501,2023-06-13 03:00:00+00:00,0.2012130614420561
501,2023-06-13 04:00:00+00:00,0.14173246297452283
501,2023-06-13 05:00:00+00:00,0.31265625595621166
501,2023-06-13 06:00:00+00:00,0.584001805493369
501,2023-06-13 07:00:00+00:00,1.6003028732777618
501,2023-06-13 08:00:00+00:00,0.1512096911450882
501,2023-06-13 09:00:00+00:00,0.23215759092035815
501,2023-06-13 10:00:00+00:00,0.18520041876185325
501,2023-06-13 11:00:00+00:00,0.8652177861260161
501,2023-06-13 12:00:00+00:00,0.8969662233198995
501,2023-06-13 13:00:00+00:00,0.7477485605445017
501,2023-06-13 14:00:00+00:00,0.3059303568551535
501,2023-06-13 15:00:00+00:00,0.2350048853193363
501,2023-06-13 16:00:00+00:00,0.34694494643001644
501,2023-06-13 17:00:00+00:00,0.302886271118905
501,2023-06-13 18:00:00+00:00,0.29309134775970586
501,2023-06-13 19:00:00+00:00,0.15756051666323492
501,2023-06-13 20:00:00+00:00,0.11459726100323617
501,2023-06-13 21:00:00+00:00,0.10806689240488059
501,2023-06-13 22:00:00+00:00,0.05242939760582362
501,2023-06-13 23:00:00+00:00,0.04709213358120991
501,2023-06-14 00:00:00+00:00,0.06152260387398237
501,2023-06-14 01:00:00+00:00,0.04711705936355568
501,2023-06-14 02:00:00+00:00,0.0437142344558886
501,2023-06-14 03:00:00+00:00,0.007606108879736431
501,2023-06-14 04:00:00+00:00,0.13317340713494302
501,2023-06-14 05:00:00+00:00,0.17019072395052828
501,2023-06-14 06:00:00+00:00,0.5000274471912146
501,2023-06-14 07:00:00+00:00,1.2375557885172412
501,2023-06-14 08:00:00+00:00,0.13538921941640955
501,2023-06-14 09:00:00+00:00,0.11929572377136223
501,2023-06-14 10:00:00+00:00,1.0267112893892159
501,2023-06-14 11:00:00+00:00,0.8636722515105136
501,2023-06-14 12:00:00+00:00,1.1659952409954417
501,2023-06-14 13:00:00+00:00,0.12921082807653328
501,2023-06-14 14:00:00+00:00,0.9987412052031158
501,2023-06-14 15:00:00+00:00,0.23245219933022254
501,2023-06-14 16:00:00+00:00,1.1199778612926898
501,2023-06-14 17:00:00+00:00,1.0305266243879057
501,2023-06-14 18:00:00+00:00,0.5090824876436063
501,2023-06-14 19:00:00+00:00,0.9455461801845666
501,2023-06-14 20:00:00+00:00,0.5752166850373026
501,2023-06-14 21:00:00+00:00,0.21511079463166904
501,2023-06-14 22:00:00+00:00,0.07635218134731282
501,2023-06-14 23:00:00+00:00,0.07863725715224254
501,2023-06-15 00:00:00+00:00,0.1968920264362092
501,2023-06-15 01:00:00+00:00,0.09307631258884408
501,2023-06-15 02:00:00+00:00,0.02794914722236839
501,2023-06-15 03:00:00+00:00,0.01606137129115416
501,2023-06-15 04:00:00+00:00,0.04528789108125497
501,2023-06-15 05:00:00+00:00,0.07185601584982997
501,2023-06-15 06:00:00+00:00,0.23200190492134143
501,2023-06-15 07:00:00+00:00,0.5372082372209778
501,2023-06-15 08:00:00+00:00,0.38828323897670297
501,2023-06-15 09:00:00+00:00,0.4096631339370498
501,2023-06-15 10:00:00+00:00,0.2616165214088889
501,2023-06-15 11:00:00+00:00,0.2455369254563721
501,2023-06-15 12:00:00+00:00,0.4330925213253176
501,2023-06-15 13:00:00+00:00,0.6814669771996043
501,2023-06-15 14:00:00+00:00,1.0437413656123995
501,2023-06-15 15:00:00+00:00,1.008032917924282
501,2023-06-15 16:00:00+00:00,0.13007620633608194
501,2023-06-15 17:00:00+00:00,0.24840655785116364
501,2023-06-15 18:00:00+00:00,0.847612299692666
501,2023-06-15 19:00:00+00:00,0.1816471421468557
501,2023-06-15 20:00:00+00:00,0.880596350005934
501,2023-06-15 21:00:00+00:00,0.7079650699513055
501,2023-06-15 22:00:00+00:00,0.2270475461415793
501,2023-06-15 23:00:00+00:00,0.04542969526680517
501,2023-06-16 00:00:00+00:00,0.02605604519617914
501,2023-06-16 01:00:00+00:00,0.013114098030984093
501,2023-06-16 02:00:00+00:00,0.03708283481972938
501,2023-06-16 03:00:00+00:00,0.020067486607145524
501,2023-06-16 04:00:00+00:00,0.018730070373121844
501,2023-06-16 05:00:00+00:00,0.029048064138996934
501,2023-06-16 06:00:00+00:00,0.08121450778895675
501,2023-06-16 07:00:00+00:00,0.11388365733057339
501,2023-06-16 08:00:00+00:00,0.11438881834462959
501,2023-06-16 09:00:00+00:00,0.08063348948793188
501,2023-06-16 10:00:00+00:00,0.24556929993775503
501,2023-06-16 11:00:00+00:00,0.12148468695266465
501,2023-06-16 12:00:00+00:00,0.12228923285936652
501,2023-06-16 13:00:00+00:00,0.11274087530041127
501,2023-06-16 14:00:00+00:00,0.1228231597073197
501,2023-06-16 15:00:00+00:00,0.1553107815725863
501,2023-06-16 16:00:00+00:00,0.3720020680709127
501,2023-06-16 17:00:00+00:00,0.13645468084767584
501,2023-06-16 18:00:00+00:00,0.3624402593953393
501,2023-06-16 19:00:00+00:00,0.016350156151876585
501,2023-06-16 20:00:00+00:00,0.019053785550246394
501,2023-06-16 21:00:00+00:00,0.04680564907829556
501,2023-06-16 22:00:00+00:00,0.026262638485574596
501,2023-06-16 23:00:00+00:00,0.0026408905124261778
501,2023-06-17 00:00:00+00:00,0.04196177330616606
501,2023-06-17 01:00:00+00:00,0.027079190493112287
501,2023-06-17 02:00:00+00:00,0.021169048759094946
501,2023-06-17 03:00:00+00:00,0.01755491718139932
501,2023-06-17 04:00:00+00:00,0.07768489625754303
501,2023-06-17 05:00:00+00:00,0.016689269747797716
501,2023-06-17 06:00:00+00:00,0.18399795878723318
501,2023-06-17 07:00:00+00:00,0.020891473898246717
501,2023-06-17 08:00:00+00:00,0.2193683143702575
501,2023-06-17 09:00:00+00:00,0.2363294611870964
501,2023-06-17 10:00:00+00:00,0.14476510265738185
501,2023-06-17 11:00:00+00:00,0.24470881004554237
501,2023-06-17 12:00:00+00:00,0.14618333896685878
501,2023-06-17 13:00:00+00:00,0.13999545515527187
501,2023-06-17 14:00:00+00:00,0.11396664429817017
501,2023-06-17 15:00:00+00:00,0.25709887917047985
501,2023-06-17 16:00:00+00:00,0.2371593104436904
501,2023-06-17 17:00:00+00:00,0.4318066921109259
501,2023-06-17 18:00:00+00:00,0.32789848402811433
501,2023-06-17 19:00:00+00:00,0.09560403772260456
501,2023-06-17 20:00:00+00:00,0.011897771297060778
501,2023-06-17 21:00:00+00:00,0.4369877157962576
501,2023-06-17 22:00:00+00:00,0.06951269514939176
501,2023-06-17 23:00:00+00:00,0.1437381014991201
501,2023-06-18 00:00:00+00:00,0.19982568963062297
501,2023-06-18 01:00:00+00:00,1.949312239245512e-05
501,2023-06-18 02:00:00+00:00,0.03823395805262903
501,2023-06-18 03:00:00+00:00,0.03227042493941462
501,2023-06-18 04:00:00+00:00,0.030797509403372437
501,2023-06-18 05:00:00+00:00,0.01653638419013285
501,2023-06-18 06:00:00+00:00,0.0006765062789464
501,2023-06-18 07:00:00+00:00,0.028109674844288876
501,2023-06-18 08:00:00+00:00,0.03399228894093105
501,2023-06-18 09:00:00+00:00,0.201611478477106
501,2023-06-18 10:00:00+00:00,0.13950358416479863
501,2023-06-18 11:00:00+00:00,0.10788478020039292
501,2023-06-18 12:00:00+00:00,0.1282522365698476
501,2023-06-18 13:00:00+00:00,0.07233983948716925
501,2023-06-18 14:00:00+00:00,9.640946091228443e-05
501,2023-06-18 15:00:00+00:00,9.11654895216926e-05
501,2023-06-18 16:00:00+00:00,0.00531457407997859
501,2023-06-18 17:00:00+00:00,0.005754362276741183
501,2023-06-18 18:00:00+00:00,0.016980278550939847
501,2023-06-18 19:00:00+00:00,0.018915012878967782
501,2023-06-18 20:00:00+00:00,0.008704693892945294
501,2023-06-18 21:00:00+00:00,0.006156640980689981
501,2023-06-18 22:00:00+00:00,0.007937170805111244
501,2023-06-18 23:00:00+00:00,0.004749817817909336
501,2023-06-19 00:00:00+00:00,0.003396599550649038
501,2023-06-19 01:00:00+00:00,0.010063126514136204
501,2023-06-19 02:00:00+00:00,0.030977368897373563
501,2023-06-19 03:00:00+00:00,0.04578582533027828
501,2023-06-19 04:00:00+00:00,0.06520794816962323
501,2023-06-19 05:00:00+00:00,0.11786926871892232
501,2023-06-19 06:00:00+00:00,0.20636484580550013
501,2023-06-19 07:00:00+00:00,0.8636760170755454
501,2023-06-19 08:00:00+00:00,1.040333595818398
501,2023-06-19 09:00:00+00:00,0.8991342770556154
501,2023-06-19 10:00:00+00:00,0.02176911125048601
501,2023-06-19 11:00:00+00:00,0.0040916433224091235
501,2023-06-19 12:00:00+00:00,0.005069420674802459
501,2023-06-19 13:00:00+00:00,0.0001244180454131238
501,2023-06-19 14:00:00+00:00,0.7783597844644672
501,2023-06-19 15:00:00+00:00,0.4524343156445297
501,2023-06-19 16:00:00+00:00,0.7864541853565442
501,2023-06-19 17:00:00+00:00,2.2037846043816876
501,2023-06-19 18:00:00+00:00,0.43203825895752085
501,2023-06-19 19:00:00+00:00,0.6240887694845956
501,2023-06-19 20:00:00+00:00,1.1047196005206286
501,2023-06-19 21:00:00+00:00,0.9456628749900774
501,2023-06-19 22:00:00+00:00,0.7166243902795812
501,2023-06-19 23:00:00+00:00,0.4399411297490063
501,2023-06-20 00:00:00+00:00,0.07360472824261324
501,2023-06-20 01:00:00+00:00,0.01279495492018559
501,2023-06-20 02:00:00+00:00,0.015503928291992996
501,2023-06-20 03:00:00+00:00,0.024020166778061666
501,2023-06-20 04:00:00+00:00,0.006394492761426253
501,2023-06-20 05:00:00+00:00,0.022299149025579088
501,2023-06-20 06:00:00+00:00,0.6129409774753439
501,2023-06-20 07:00:00+00:00,1.5919001553473797
501,2023-06-20 08:00:00+00:00,1.1759022067616818
501,2023-06-20 09:00:00+00:00,0.18630747208425927
501,2023-06-20 10:00:00+00:00,0.8462090374641933
501,2023-06-20 11:00:00+00:00,0.12024693910094127
501,2023-06-20 12:00:00+00:00,0.08827643675618964
501,2023-06-20 13:00:00+00:00,0.00011006380922111996
501,2023-06-20 14:00:00+00:00,0.004417772003563876
501,2023-06-20 15:00:00+00:00,0.018217236774299296
501,2023-06-20 16:00:00+00:00,0.020129015851403757
501,2023-06-20 17:00:00+00:00,0.018881180336280855
501,2023-06-20 18:00:00+00:00,0.027298644143465663
501,2023-06-20 19:00:00+00:00,0.02080759806191805
501,2023-06-20 20:00:00+00:00,0.016306278552647685
501,2023-06-20 21:00:00+00:00,0.03830999923205209
501,2023-06-20 22:00:00+00:00,0.4026984330548849
501,2023-06-20 23:00:00+00:00,0.00335578158101963
501,2023-06-21 00:00:00+00:00,0.005012055199554823
501,2023-06-21 01:00:00+00:00,0.0029456244126698705
501,2023-06-21 02:00:00+00:00,0.0013987523297769291
501,2023-06-21 03:00:00+00:00,0.10012893776057678
501,2023-06-21 04:00:00+00:00,0.08422735696106444
501,2023-06-21 05:00:00+00:00,0.11464930432713237
501,2023-06-21 06:00:00+00:00,0.9877753281089064
501,2023-06-21 07:00:00+00:00,2.4226417035646186
501,2023-06-21 08:00:00+00:00,2.4143560779177684
501,2023-06-21 09:00:00+00:00,0.08584684417067343
501,2023-06-21 10:00:00+00:00,0.013572589412080286
501,2023-06-21 11:00:00+00:00,0.013573061997647871
501,2023-06-21 12:00:00+00:00,0.013394512295413639
501,2023-06-21 13:00:00+00:00,0.014378425999972265
501,2023-06-21 14:00:00+00:00,0.8101100705276112
501,2023-06-21 15:00:00+00:00,2.122047676932279
501,2023-06-21 16:00:00+00:00,0.8221451507715374
501,2023-06-21 17:00:00+00:00,2.4661541995515424
501,2023-06-21 18:00:00+00:00,0.02886110897417407
501,2023-06-21 19:00:00+00:00,0.08400203521987211
501,2023-06-21 20:00:00+00:00,0.05513397317472167
501,2023-06-21 21:00:00+00:00,0.014808475065284453
501,2023-06-21 22:00:00+00:00,0.42220123240419843
501,2023-06-21 23:00:00+00:00,1.1901176927947463
501,2023-06-22 00:00:00+00:00,0.5390024411854213
501,2023-06-22 01:00:00+00:00,0.09042568085839663
501,2023-06-22 02:00:00+00:00,0.06724513987942642
501,2023-06-22 03:00:00+00:00,0.00900547200206396
501,2023-06-22 04:00:00+00:00,0.0665257456862024
501,2023-06-22 05:00:00+00:00,0.005537769794656339
501,2023-06-22 06:00:00+00:00,0.014046502892811558
501,2023-06-22 07:00:00+00:00,0.05881403694536153
501,2023-06-22 08:00:00+00:00,0.1736786450466679
501,2023-06-22 09:00:00+00:00,0.07764962001897101
501,2023-06-22 10:00:00+00:00,0.08905331423532226
501,2023-06-22 11:00:00+00:00,0.16369474114970323
501,2023-06-22 12:00:00+00:00,0.16810003472676174
501,2023-06-22 13:00:00+00:00,0.16849834938378808
501,2023-06-22 14:00:00+00:00,9.705263782886278e-05
501,2023-06-22 15:00:00+00:00,0.00011330129713832796
501,2023-06-22 16:00:00+00:00,0.007253540462236865
501,2023-06-22 17:00:00+00:00,0.007660857317355877
501,2023-06-22 18:00:00+00:00,0.01886794011667947
501,2023-06-22 19:00:00+00:00,0.013576964740434945
501,2023-06-22 20:00:00+00:00,0.01833345912039903
501,2023-06-22 21:00:00+00:00,0.015325168314758445
501,2023-06-22 22:00:00+00:00,0.010348528966355013
501,2023-06-22 23:00:00+00:00,0.01330914637192378
501,2023-06-23 00:00:00+00:00,0.003149185696158803
501,2023-06-23 01:00:00+00:00,0.0019384794429273006
501,2023-06-23 02:00:00+00:00,0.0021755584879451636
501,2023-06-23 03:00:00+00:00,0.0012811438260256914
501,2023-06-23 04:00:00+00:00,0.0019991393960785402
501,2023-06-23 05:00:00+00:00,0.00302205366570934
501,2023-06-23 06:00:00+00:00,0.00654787399721881
501,2023-06-23 07:00:00+00:00,0.015541834577900294
501,2023-06-23 08:00:00+00:00,0.016633233325346046
501,2023-06-23 09:00:00+00:00,0.012570229222967858
501,2023-06-23 10:00:00+00:00,0.003879591089273862
501,2023-06-23 11:00:00+00:00,0.014482953471207491
501,2023-06-23 12:00:00+00:00,0.006340618211033939
501,2023-06-23 13:00:00+00:00,0.00710680542642706
501,2023-06-23 14:00:00+00:00,0.007155623469132715
501,2023-06-23 15:00:00+00:00,0.00011505990351058488
501,2023-06-23 16:00:00+00:00,0.022256473892633848
501,2023-06-23 17:00:00+00:00,1.1441479618341246
501,2023-06-23 18:00:00+00:00,0.09617790683742897
501,2023-06-23 19:00:00+00:00,0.015056204425369176
501,2023-06-23 20:00:00+00:00,0.0036839428333316953
501,2023-06-23 21:00:00+00:00,0.011167374696870564
501,2023-06-23 22:00:00+00:00,0.05328920056692123
501,2023-06-23 23:00:00+00:00,0.01280789906340419
501,2023-06-24 00:00:00+00:00,0.42242472895122324
501,2023-06-24 01:00:00+00:00,0.6594735089192452
501,2023-06-24 02:00:00+00:00,0.5122090181624704
501,2023-06-24 03:00:00+00:00,0.37349214781889056
501,2023-06-24 04:00:00+00:00,0.39074912333857054
501,2023-06-24 05:00:00+00:00,0.3151006965853516
501,2023-06-24 06:00:00+00:00,0.1480023372288086
501,2023-06-24 07:00:00+00:00,0.6334607779317023
501,2023-06-24 08:00:00+00:00,0.012379615314960988
501,2023-06-24 09:00:00+00:00,0.011646266593209094
501,2023-06-24 10:00:00+00:00,0.013710107109636048
501,2023-06-24 11:00:00+00:00,0.07917133032041165
501,2023-06-24 12:00:00+00:00,0.08210284363725616
501,2023-06-24 13:00:00+00:00,0.10205901734814854
501,2023-06-24 14:00:00+00:00,0.10154203933927135
501,2023-06-24 15:00:00+00:00,0.09543777667080841
501,2023-06-24 16:00:00+00:00,0.1817812719503798
501,2023-06-24 17:00:00+00:00,0.6816762021128882
501,2023-06-24 18:00:00+00:00,0.6543684279938553
501,2023-06-24 19:00:00+00:00,0.36430248323738024
501,2023-06-24 20:00:00+00:00,0.29749687960198967
501,2023-06-24 21:00:00+00:00,0.2539241336950955
501,2023-06-24 22:00:00+00:00,0.20448599681888702
501,2023-06-24 23:00:00+00:00,0.21300674569682213
501,2023-06-25 00:00:00+00:00,0.08117678377431253
501,2023-06-25 01:00:00+00:00,0.04270212705499688
501,2023-06-25 02:00:00+00:00,0.03403286590311581
501,2023-06-25 03:00:00+00:00,0.06088445305052439
501,2023-06-25 04:00:00+00:00,0.11036302683886132
501,2023-06-25 05:00:00+00:00,0.008384116366957559
501,2023-06-25 06:00:00+00:00,0.04847798352636342
501,2023-06-25 07:00:00+00:00,0.08042969673960246
501,2023-06-25 08:00:00+00:00,0.09080254978768479
501,2023-06-25 09:00:00+00:00,0.2245791052138752
501,2023-06-25 10:00:00+00:00,0.37766790520423776
501,2023-06-25 11:00:00+00:00,0.6993143741141543
501,2023-06-25 12:00:00+00:00,2.1388452879690445
501,2023-06-25 13:00:00+00:00,0.11534440775687327
501,2023-06-25 14:00:00+00:00,0.02091179433360348
501,2023-06-25 15:00:00+00:00,0.017879529025519803
501,2023-06-25 16:00:00+00:00,0.018892057628044308
501,2023-06-25 17:00:00+00:00,0.017318458885286922
501,2023-06-25 18:00:00+00:00,0.015492288209296302
501,2023-06-25 19:00:00+00:00,0.01175682344228553
501,2023-06-25 20:00:00+00:00,0.0021520305560913575
501,2023-06-25 21:00:00+00:00,0.001410216091397788
501,2023-06-25 22:00:00+00:00,0.0015163811690770107
501,2023-06-25 23:00:00+00:00,0.0010598294293960142
501,2023-06-26 00:00:00+00:00,0.0006521365087666651
501,2023-06-26 01:00:00+00:00,0.00042388556211985726
501,2023-06-26 02:00:00+00:00,0.0002771739503798967
501,2023-06-26 03:00:00+00:00,0.00037491951463305734
501,2023-06-26 04:00:00+00:00,0.000607194927235901
501,2023-06-26 05:00:00+00:00,0.003772040136193185
501,2023-06-26 06:00:00+00:00,0.002127301333662236
501,2023-06-26 07:00:00+00:00,0.005346624045137207
501,2023-06-26 08:00:00+00:00,0.0065525662813293506
501,2023-06-26 09:00:00+00:00,0.015388825359539638
501,2023-06-26 10:00:00+00:00,0.004205718219436745
501,2023-06-26 11:00:00+00:00,0.015877293633379263
501,2023-06-26 12:00:00+00:00,0.026610797759604156
501,2023-06-26 13:00:00+00:00,0.017214876585186868
501,2023-06-26 14:00:00+00:00,0.016396622890582295
501,2023-06-26 15:00:00+00:00,0.017511316036504094
501,2023-06-26 16:00:00+00:00,0.019394480215642676
501,2023-06-26 17:00:00+00:00,0.01959218528078209
501,2023-06-26 18:00:00+00:00,0.018927060254881566
501,2023-06-26 19:00:00+00:00,0.013295777909235829
501,2023-06-26 20:00:00+00:00,0.009400918802896008
501,2023-06-26 21:00:00+00:00,0.00195628718881984
501,2023-06-26 22:00:00+00:00,0.0022821424692077196
501,2023-06-26 23:00:00+00:00,0.0006849839197594917
501,2023-06-27 00:00:00+00:00,5.175447017852718e-06
501,2023-06-27 01:00:00+00:00,0.00029359237108172125
501,2023-06-27 02:00:00+00:00,0.000271749976097031
501,2023-06-27 03:00:00+00:00,0.0007280661033942152
501,2023-06-27 04:00:00+00:00,0.0024555461185233685
501,2023-06-27 05:00:00+00:00,0.018068257020718907
501,2023-06-27 06:00:00+00:00,0.8970041133670614
501,2023-06-27 07:00:00+00:00,2.0052854223037513
501,2023-06-27 08:00:00+00:00,2.390696408764779
501,2023-06-27 09:00:00+00:00,1.994613015012364
501,2023-06-27 10:00:00+00:00,1.6904060641691545
501,2023-06-27 11:00:00+00:00,1.687473965747411
501,2023-06-27 12:00:00+00:00,0.8191743310439107
501,2023-06-27 13:00:00+00:00,1.5945511469307727
501,2023-06-27 14:00:00+00:00,0.08903594634275482
501,2023-06-27 15:00:00+00:00,0.02883156402587231
501,2023-06-27 16:00:00+00:00,0.10507317460996024
501,2023-06-27 17:00:00+00:00,0.113335200262271
501,2023-06-27 18:00:00+00:00,0.01705796723194213
501,2023-06-27 19:00:00+00:00,0.011463105269836411
501,2023-06-27 20:00:00+00:00,0.010187600027882803
501,2023-06-27 21:00:00+00:00,0.008055766658298054
501,2023-06-27 22:00:00+00:00,0.009161705819274828
501,2023-06-27 23:00:00+00:00,0.0034666950425242477
501,2023-06-28 00:00:00+00:00,0.002468237596198892
501,2023-06-28 01:00:00+00:00,0.0024110289327530124
501,2023-06-28 02:00:00+00:00,0.0017938712619129157
501,2023-06-28 03:00:00+00:00,0.0025654658169193497
501,2023-06-28 04:00:00+00:00,0.003022571255416312
501,2023-06-28 05:00:00+00:00,0.003911154765966793
501,2023-06-28 06:00:00+00:00,0.008142382563621752
501,2023-06-28 07:00:00+00:00,0.018626954353561063
501,2023-06-28 08:00:00+00:00,0.019153616510770653
501,2023-06-28 09:00:00+00:00,0.01532982206377794
501,2023-06-28 10:00:00+00:00,0.013907339589207876
501,2023-06-28 11:00:00+00:00,0.014293290184426013
501,2023-06-28 12:00:00+00:00,0.015342711756058119
501,2023-06-28 13:00:00+00:00,0.005493159724130441
501,2023-06-28 14:00:00+00:00,0.01697235883082829
501,2023-06-28 15:00:00+00:00,0.01854252741636619
501,2023-06-28 16:00:00+00:00,0.019476307932215824
501,2023-06-28 17:00:00+00:00,0.014616690484222563
501,2023-06-28 18:00:00+00:00,0.017419678257549046
501,2023-06-28 19:00:00+00:00,0.01613447718775095
501,2023-06-28 20:00:00+00:00,0.010946138940471308
501,2023-06-28 21:00:00+00:00,0.013864320908484886
501,2023-06-28 22:00:00+00:00,0.0081069670763886
501,2023-06-28 23:00:00+00:00,0.004790070932177656
501,2023-06-29 00:00:00+00:00,0.011343528032433511
501,2023-06-29 01:00:00+00:00,0.2136564522830127
501,2023-06-29 02:00:00+00:00,0.07286357358780318
501,2023-06-29 03:00:00+00:00,0.012125937008832856
501,2023-06-29 04:00:00+00:00,0.00452287299315334
501,2023-06-29 05:00:00+00:00,0.01086575739974461
501,2023-06-29 06:00:00+00:00,0.046139055560766334
501,2023-06-29 07:00:00+00:00,0.1691690767095955
501,2023-06-29 08:00:00+00:00,0.21003154715166966
501,2023-06-29 09:00:00+00:00,0.21543827538563073
501,2023-06-29 10:00:00+00:00,0.08497462252405662
501,2023-06-29 11:00:00+00:00,0.1679848093973835
501,2023-06-29 12:00:00+00:00,0.170979284446889
501,2023-06-29 13:00:00+00:00,0.004955436406931122
501,2023-06-29 14:00:00+00:00,0.00011820750420777602
501,2023-06-29 15:00:00+00:00,0.00010049094704245639
501,2023-06-29 16:00:00+00:00,0.006992555355507391
501,2023-06-29 17:00:00+00:00,0.020188966926203613
501,2023-06-29 18:00:00+00:00,0.1953136764585618
501,2023-06-29 19:00:00+00:00,0.08941339175964615
501,2023-06-29 20:00:00+00:00,0.06544718984199917
501,2023-06-29 21:00:00+00:00,0.04562726066770079
501,2023-06-29 22:00:00+00:00,0.02331768299614935
501,2023-06-29 23:00:00+00:00,0.005318286752045055
501,2023-06-30 00:00:00+00:00,0.0008232986678727006
501,2023-06-30 01:00:00+00:00,0.002741618941823864
501,2023-06-30 02:00:00+00:00,0.0012472638222529877
501,2023-06-30 03:00:00+00:00,0.002388089788526846
501,2023-06-30 04:00:00+00:00,0.062176341056656134
501,2023-06-30 05:00:00+00:00,0.07489055344641625
501,2023-06-30 06:00:00+00:00,0.18758301169387576
501,2023-06-30 07:00:00+00:00,0.6883061933446699
501,2023-06-30 08:00:00+00:00,2.0352588069069406
501,2023-06-30 09:00:00+00:00,0.6012134906314403
501,2023-06-30 10:00:00+00:00,1.9132508064942282
501,2023-06-30 11:00:00+00:00,2.09868326422368
501,2023-06-30 12:00:00+00:00,0.029373027439910448
501,2023-06-30 13:00:00+00:00,0.029201575556896647
501,2023-06-30 14:00:00+00:00,0.021022945826493885
501,2023-06-30 15:00:00+00:00,0.021565333189389174
501,2023-06-30 16:00:00+00:00,0.035367276069936615
501,2023-06-30 17:00:00+00:00,0.029581435404021125
501,2023-06-30 18:00:00+00:00,0.01678623993580371
501,2023-06-30 19:00:00+00:00,0.02481933208671169
501,2023-06-30 20:00:00+00:00,0.020608839248158362
501,2023-06-30 21:00:00+00:00,0.01552626472895033
501,2023-06-30 22:00:00+00:00,0.007652436807907671
501,2023-06-30 23:00:00+00:00,0.007529699144902434
501,2023-07-01 00:00:00+00:00,0.006702458500804753
501,2023-07-01 01:00:00+00:00,0.005449775071759607
501,2023-07-01 02:00:00+00:00,0.003926835531628531
501,2023-07-01 03:00:00+00:00,0.000526472373621956
501,2023-07-01 04:00:00+00:00,0.0008552992790881276
501,2023-07-01 05:00:00+00:00,5.346166394056407e-06
501,2023-07-01 06:00:00+00:00,0.0016706846506400331
501,2023-07-01 07:00:00+00:00,2.8617847410480045e-05
501,2023-07-01 08:00:00+00:00,4.2084005786114066e-05
501,2023-07-01 09:00:00+00:00,5.538052983798602e-05
501,2023-07-01 10:00:00+00:00,0.003814698176472447
501,2023-07-01 11:00:00+00:00,9.853635129016965e-05
501,2023-07-01 12:00:00+00:00,0.004352648049900174
501,2023-07-01 13:00:00+00:00,0.0036031020168086894
501,2023-07-01 14:00:00+00:00,0.004499437432196158
501,2023-07-01 15:00:00+00:00,0.01471967814050865
501,2023-07-01 16:00:00+00:00,0.014860389702500105
501,2023-07-01 17:00:00+00:00,0.015891364789578408
501,2023-07-01 18:00:00+00:00,0.004335957034773845
501,2023-07-01 19:00:00+00:00,0.004368623211295876
501,2023-07-01 20:00:00+00:00,0.0029668183206403172
501,2023-07-01 21:00:00+00:00,0.0025104885784647743
501,2023-07-01 22:00:00+00:00,3.8773598735923535e-05
501,2023-07-01 23:00:00+00:00,2.8904681225324505e-05
501,2023-07-02 00:00:00+00:00,0.002803668626892365
501,2023-07-02 01:00:00+00:00,0.0021354346574901815
501,2023-07-02 02:00:00+00:00,0.0064871352798063055
501,2023-07-02 03:00:00+00:00,0.009622972812824516
501,2023-07-02 04:00:00+00:00,0.008891073695133428
501,2023-07-02 05:00:00+00:00,0.0035593939311733265
501,2023-07-02 06:00:00+00:00,0.0021561430446602097
501,2023-07-02 07:00:00+00:00,0.0008395109397380497
501,2023-07-02 08:00:00+00:00,0.0015158389847021395
501,2023-07-02 09:00:00+00:00,0.003178523220364005
501,2023-07-02 10:00:00+00:00,0.04703918864944183
501,2023-07-02 11:00:00+00:00,0.004678494301072578
501,2023-07-02 12:00:00+00:00,0.019047312931802493
501,2023-07-02 13:00:00+00:00,0.020813059947425668
501,2023-07-02 14:00:00+00:00,0.017578241660280332
501,2023-07-02 15:00:00+00:00,0.019452182597142015
501,2023-07-02 16:00:00+00:00,0.019703214715426114
501,2023-07-02 17:00:00+00:00,0.017141090646971655
501,2023-07-02 18:00:00+00:00,0.00448290951907774
501,2023-07-02 19:00:00+00:00,0.0034068557416431213
501,2023-07-02 20:00:00+00:00,0.002184411281968397
501,2023-07-02 21:00:00+00:00,0.0013965674273643544
501,2023-07-02 22:00:00+00:00,0.001505280997678556
501,2023-07-02 23:00:00+00:00,0.0009943384889008998
501,2023-07-03 00:00:00+00:00,0.0005054439695064373
501,2023-07-03 01:00:00+00:00,0.0005488359531048791
501,2023-07-03 02:00:00+00:00,0.0006492271409809741
501,2023-07-03 03:00:00+00:00,0.0006139173151486196
501,2023-07-03 04:00:00+00:00,0.0007443554890117624
501,2023-07-03 05:00:00+00:00,0.0011192236488497815
501,2023-07-03 06:00:00+00:00,1.735432077878183e-05
501,2023-07-03 07:00:00+00:00,8.875866905716538e-05
501,2023-07-03 08:00:00+00:00,0.006357087225453008
501,2023-07-03 09:00:00+00:00,0.004824961991542911
501,2023-07-03 10:00:00+00:00,0.015312320750359308
501,2023-07-03 11:00:00+00:00,0.014097711754340733
501,2023-07-03 12:00:00+00:00,0.015204363121904596
501,2023-07-03 13:00:00+00:00,0.014553309252203217
501,2023-07-03 14:00:00+00:00,0.014883211515408563
501,2023-07-03 15:00:00+00:00,0.008256193002305576
501,2023-07-03 16:00:00+00:00,0.006153984642799553
501,2023-07-03 17:00:00+00:00,0.005183574090553774
501,2023-07-03 18:00:00+00:00,0.004776035219111667
501,2023-07-03 19:00:00+00:00,0.0036838794023488137
501,2023-07-03 20:00:00+00:00,0.0022333425857250745
501,2023-07-03 21:00:00+00:00,0.001760675232083357
501,2023-07-03 22:00:00+00:00,0.001752313847197989
501,2023-07-03 23:00:00+00:00,0.001141048581434136
501,2023-07-04 00:00:00+00:00,0.0009019625239480307
501,2023-07-04 01:00:00+00:00,0.00030442068793156714
501,2023-07-04 02:00:00+00:00,0.0009767790191567236
501,2023-07-04 03:00:00+00:00,0.0007605979611365081
501,2023-07-04 04:00:00+00:00,0.0022176157954305518
501,2023-07-04 05:00:00+00:00,0.017195437138579305
501,2023-07-04 06:00:00+00:00,0.4677916572873632
501,2023-07-04 07:00:00+00:00,2.3620990625677476
501,2023-07-04 08:00:00+00:00,0.8288820225774378
501,2023-07-04 09:00:00+00:00,0.5996350230235052
501,2023-07-04 10:00:00+00:00,0.39501358175634066
501,2023-07-04 11:00:00+00:00,0.33045085223123727
501,2023-07-04 12:00:00+00:00,0.2750519693056387
501,2023-07-04 13:00:00+00:00,0.01994716462712802
501,2023-07-04 14:00:00+00:00,0.04662807727067647
501,2023-07-04 15:00:00+00:00,0.13390563742946665
501,2023-07-04 16:00:00+00:00,0.482028278758583
501,2023-07-04 17:00:00+00:00,0.5469782815352977
501,2023-07-04 18:00:00+00:00,0.46912198814804323
501,2023-07-04 19:00:00+00:00,1.4938123663055898
501,2023-07-04 20:00:00+00:00,0.054210562938730375
501,2023-07-04 21:00:00+00:00,0.007314020180776802
501,2023-07-04 22:00:00+00:00,0.0017116714327305306
501,2023-07-04 23:00:00+00:00,0.0008803557371276701
501,2023-07-05 00:00:00+00:00,0.00037106297817006087
501,2023-07-05 01:00:00+00:00,0.0014945228196139371
501,2023-07-05 02:00:00+00:00,0.00027168361757501955
501,2023-07-05 03:00:00+00:00,0.0013432684031844098
501,2023-07-05 04:00:00+00:00,0.000554252842890332
501,2023-07-05 05:00:00+00:00,0.0011165210999982903
501,2023-07-05 06:00:00+00:00,0.008206293498477388
501,2023-07-05 07:00:00+00:00,0.006063893542824338
501,2023-07-05 08:00:00+00:00,0.00011506175168219911
501,2023-07-05 09:00:00+00:00,8.848144138565948e-05
501,2023-07-05 10:00:00+00:00,5.9743975003261105e-05
501,2023-07-05 11:00:00+00:00,0.011043928155513947
501,2023-07-05 12:00:00+00:00,0.0219454375001117
501,2023-07-05 13:00:00+00:00,0.014129756809526097
501,2023-07-05 14:00:00+00:00,0.015359382132878989
501,2023-07-05 15:00:00+00:00,0.01805760614218645
501,2023-07-05 16:00:00+00:00,0.019804670380472032
501,2023-07-05 17:00:00+00:00,0.01977972193250943
501,2023-07-05 18:00:00+00:00,0.017053828196371267
501,2023-07-05 19:00:00+00:00,0.01347503648982144
501,2023-07-05 20:00:00+00:00,0.010964112839457526
501,2023-07-05 21:00:00+00:00,0.00905960563323643
501,2023-07-05 22:00:00+00:00,0.007607029474874541
501,2023-07-05 23:00:00+00:00,0.004726614246559443
501,2023-07-06 00:00:00+00:00,0.0033242572392596093
501,2023-07-06 01:00:00+00:00,0.006336369208010768
501,2023-07-06 02:00:00+00:00,0.00448177540587562
501,2023-07-06 03:00:00+00:00,0.06992309158618201
501,2023-07-06 04:00:00+00:00,0.24122514520271282
501,2023-07-06 05:00:00+00:00,0.4312742755312075
501,2023-07-06 06:00:00+00:00,0.21917274663420813
501,2023-07-06 07:00:00+00:00,0.5350550494495856
501,2023-07-06 08:00:00+00:00,0.5926490520427474
501,2023-07-06 09:00:00+00:00,1.882177567189476
501,2023-07-06 10:00:00+00:00,0.8231538029609059
501,2023-07-06 11:00:00+00:00,0.616410264549466
501,2023-07-06 12:00:00+00:00,2.0841811632453044
501,2023-07-06 13:00:00+00:00,0.42760400176249874
501,2023-07-06 14:00:00+00:00,0.6985031244126444
501,2023-07-06 15:00:00+00:00,0.4968258377070276
501,2023-07-06 16:00:00+00:00,0.5476269452828233
501,2023-07-06 17:00:00+00:00,0.5425131312255661
501,2023-07-06 18:00:00+00:00,0.7575495222863632
501,2023-07-06 19:00:00+00:00,0.5864676006705846
501,2023-07-06 20:00:00+00:00,0.31537079276570906
501,2023-07-06 21:00:00+00:00,0.2205344498784012
501,2023-07-06 22:00:00+00:00,0.20872716478412645
501,2023-07-06 23:00:00+00:00,0.13396180056407092
501,2023-07-07 00:00:00+00:00,0.0847332211213641
501,2023-07-07 01:00:00+00:00,0.05116546201885117
501,2023-07-07 02:00:00+00:00,0.0304329291322497
501,2023-07-07 03:00:00+00:00,0.009293951664029862
501,2023-07-07 04:00:00+00:00,0.012240780649346247
501,2023-07-07 05:00:00+00:00,0.02921839306573351
501,2023-07-07 06:00:00+00:00,0.040323305363698825
501,2023-07-07 07:00:00+00:00,0.1670973215022851
501,2023-07-07 08:00:00+00:00,0.2918085745393646
501,2023-07-07 09:00:00+00:00,0.27089707301039223
501,2023-07-07 10:00:00+00:00,0.35209569224288717
501,2023-07-07 11:00:00+00:00,0.3819135464288217
501,2023-07-07 12:00:00+00:00,0.48706134835911824
501,2023-07-07 13:00:00+00:00,0.5382721099384996
501,2023-07-07 14:00:00+00:00,0.5331518764903634
501,2023-07-07 15:00:00+00:00,0.5131376138860366
501,2023-07-07 16:00:00+00:00,0.4186790701829211
501,2023-07-07 17:00:00+00:00,0.5559764098273133
501,2023-07-07 18:00:00+00:00,0.3984076650768287
501,2023-07-07 19:00:00+00:00,0.3087082802377082
501,2023-07-07 20:00:00+00:00,0.09983032954178188
501,2023-07-07 21:00:00+00:00,0.05333959227372088
501,2023-07-07 22:00:00+00:00,0.05629573246224222
501,2023-07-07 23:00:00+00:00,0.05933604540443611
501,2023-07-08 00:00:00+00:00,0.04807773261800329
501,2023-07-08 01:00:00+00:00,0.028690703834791706
501,2023-07-08 02:00:00+00:00,0.023625257933763914
501,2023-07-08 03:00:00+00:00,0.016171956035165597
501,2023-07-08 04:00:00+00:00,0.022342197967414525
501,2023-07-08 05:00:00+00:00,0.07057255491691472
501,2023-07-08 06:00:00+00:00,0.044262628401762184
501,2023-07-08 07:00:00+00:00,0.1013089145313421
501,2023-07-08 08:00:00+00:00,0.011852874583635178
501,2023-07-08 09:00:00+00:00,0.6048641066024901
501,2023-07-08 10:00:00+00:00,0.07723256922730697
501,2023-07-08 11:00:00+00:00,0.24769890423044713
501,2023-07-08 12:00:00+00:00,0.20405178343999072
501,2023-07-08 13:00:00+00:00,0.45708368861715987
501,2023-07-08 14:00:00+00:00,0.40072492029695495
501,2023-07-08 15:00:00+00:00,0.45058939185047314
501,2023-07-08 16:00:00+00:00,0.4597991303393671
501,2023-07-08 17:00:00+00:00,0.4252954359404055
501,2023-07-08 18:00:00+00:00,0.4082464460982774
501,2023-07-08 19:00:00+00:00,0.38930608228334745
501,2023-07-08 20:00:00+00:00,0.323938135373359
501,2023-07-08 21:00:00+00:00,0.45249034887471035
501,2023-07-08 22:00:00+00:00,0.4391500446277201
501,2023-07-08 23:00:00+00:00,0.5123357200676525
501,2023-07-09 00:00:00+00:00,0.038768269613251506
501,2023-07-09 01:00:00+00:00,0.32473867188457484
501,2023-07-09 02:00:00+00:00,0.24465398126406104
501,2023-07-09 03:00:00+00:00,0.27419728241729147
501,2023-07-09 04:00:00+00:00,0.10995344337472525
501,2023-07-09 05:00:00+00:00,0.0188530771952712
501,2023-07-09 06:00:00+00:00,0.08816362047384738
501,2023-07-09 07:00:00+00:00,0.09358981234374723
501,2023-07-09 08:00:00+00:00,0.05691968401604437
501,2023-07-09 09:00:00+00:00,0.22241117375679548
501,2023-07-09 10:00:00+00:00,0.3280489892854561
501,2023-07-09 11:00:00+00:00,0.6777605566608371
501,2023-07-09 12:00:00+00:00,0.49581826459789924
501,2023-07-09 13:00:00+00:00,0.5463427531946135
501,2023-07-09 14:00:00+00:00,0.541059172020713
501,2023-07-09 15:00:00+00:00,0.09931739950622272
501,2023-07-09 16:00:00+00:00,0.06746742646720619
501,2023-07-09 17:00:00+00:00,6.824067234051205e-05
501,2023-07-09 18:00:00+00:00,1.8212119372802507
501,2023-07-09 19:00:00+00:00,0.06657125897857696
501,2023-07-09 20:00:00+00:00,0.00948605461844226
501,2023-07-09 21:00:00+00:00,0.0019073015086830047
501,2023-07-09 22:00:00+00:00,0.030738590297810904
501,2023-07-09 23:00:00+00:00,0.20978755324225262
501,2023-07-10 00:00:00+00:00,0.043625130921891145
501,2023-07-10 01:00:00+00:00,0.06561407987250338
501,2023-07-10 02:00:00+00:00,0.035548981112955506
501,2023-07-10 03:00:00+00:00,0.05709798907136647
501,2023-07-10 04:00:00+00:00,0.05833072477796946
501,2023-07-10 05:00:00+00:00,0.08576039476192467
501,2023-07-10 06:00:00+00:00,0.1811414963644351
501,2023-07-10 07:00:00+00:00,0.4183594772138368
501,2023-07-10 08:00:00+00:00,0.38125017952535695
501,2023-07-10 09:00:00+00:00,0.35231010926893797
501,2023-07-10 10:00:00+00:00,0.39490496621282445
501,2023-07-10 11:00:00+00:00,0.38624380743517256
501,2023-07-10 12:00:00+00:00,0.39065563652631485
501,2023-07-10 13:00:00+00:00,0.4416877232872944
501,2023-07-10 14:00:00+00:00,0.48823217324070717
501,2023-07-10 15:00:00+00:00,0.4781265296491073
501,2023-07-10 16:00:00+00:00,0.7976866301336616
501,2023-07-10 17:00:00+00:00,0.7718798102599944
501,2023-07-10 18:00:00+00:00,0.3936100329526482
501,2023-07-10 19:00:00+00:00,0.5324343053567823
501,2023-07-10 20:00:00+00:00,0.3766395137514029
501,2023-07-10 21:00:00+00:00,0.2827031242612714
501,2023-07-10 22:00:00+00:00,0.13416050425174753
501,2023-07-10 23:00:00+00:00,0.07728567173099272
501,2023-07-11 00:00:00+00:00,0.07131035769230061
501,2023-07-11 01:00:00+00:00,0.07486032817769306
501,2023-07-11 02:00:00+00:00,0.0072617365894747455
501,2023-07-11 03:00:00+00:00,0.0020668768523401174
501,2023-07-11 04:00:00+00:00,0.013950652921578773
501,2023-07-11 05:00:00+00:00,0.17709082348600635
501,2023-07-11 06:00:00+00:00,0.9747121959170455
501,2023-07-11 07:00:00+00:00,2.4315625270939853
501,2023-07-11 08:00:00+00:00,2.458304502762154
501,2023-07-11 09:00:00+00:00,1.8384914054815138
501,2023-07-11 10:00:00+00:00,0.6956076550791367
501,2023-07-11 11:00:00+00:00,0.7201328443342662
501,2023-07-11 12:00:00+00:00,1.768741843191137
501,2023-07-11 13:00:00+00:00,0.8198604121600721
501,2023-07-11 14:00:00+00:00,0.016918200841085848
501,2023-07-11 15:00:00+00:00,0.01755282062675015
501,2023-07-11 16:00:00+00:00,0.030207655125102942
501,2023-07-11 17:00:00+00:00,0.029507124910329745
501,2023-07-11 18:00:00+00:00,0.017044604954094364
501,2023-07-11 19:00:00+00:00,0.01433183720302017
501,2023-07-11 20:00:00+00:00,0.010253107894956287
501,2023-07-11 21:00:00+00:00,0.0020214156618550624
501,2023-07-11 22:00:00+00:00,0.0062296570114306225
501,2023-07-11 23:00:00+00:00,0.0036454810375422734
501,2023-07-12 00:00:00+00:00,0.002646268941023145
501,2023-07-12 01:00:00+00:00,0.0019138889681634347
501,2023-07-12 02:00:00+00:00,0.0002521409996876282
501,2023-07-12 03:00:00+00:00,0.0007931825847590348
501,2023-07-12 04:00:00+00:00,0.0006954921462197499
501,2023-07-12 05:00:00+00:00,0.0033526457681764973
501,2023-07-12 06:00:00+00:00,0.007504984381820637
501,2023-07-12 07:00:00+00:00,0.018966552444610898
501,2023-07-12 08:00:00+00:00,0.018592310077753978
501,2023-07-12 09:00:00+00:00,0.02605675009753173
501,2023-07-12 10:00:00+00:00,0.08648337048135533
501,2023-07-12 11:00:00+00:00,0.023309243099934915
501,2023-07-12 12:00:00+00:00,0.024089356506510874
501,2023-07-12 13:00:00+00:00,0.015598119202696874
501,2023-07-12 14:00:00+00:00,0.007040875127935622
501,2023-07-12 15:00:00+00:00,0.015250243040505311
501,2023-07-12 16:00:00+00:00,0.020647163644687824
501,2023-07-12 17:00:00+00:00,0.017688211689251776
501,2023-07-12 18:00:00+00:00,0.016591728735099988
501,2023-07-12 19:00:00+00:00,0.012707510627739827
501,2023-07-12 20:00:00+00:00,0.010695815700538592
501,2023-07-12 21:00:00+00:00,0.008294267435332146
501,2023-07-12 22:00:00+00:00,0.008124940975374816
501,2023-07-12 23:00:00+00:00,0.005654633861390491
501,2023-07-13 00:00:00+00:00,0.002642884555646053
501,2023-07-13 01:00:00+00:00,0.0017850441541986343
501,2023-07-13 02:00:00+00:00,0.0016814615497744954
501,2023-07-13 03:00:00+00:00,0.009987521071005673
501,2023-07-13 04:00:00+00:00,0.002953676944152566
501,2023-07-13 05:00:00+00:00,0.0036523171621085523
501,2023-07-13 06:00:00+00:00,0.31935592934356927
501,2023-07-13 07:00:00+00:00,2.238565855703991
501,2023-07-13 08:00:00+00:00,2.308479329377114
501,2023-07-13 09:00:00+00:00,0.6500741504172792
501,2023-07-13 10:00:00+00:00,0.5571546546275942
501,2023-07-13 11:00:00+00:00,0.7702738301558252
501,2023-07-13 12:00:00+00:00,0.0874035141331843
501,2023-07-13 13:00:00+00:00,0.024594833473920254
501,2023-07-13 14:00:00+00:00,0.016871139458566168
501,2023-07-13 15:00:00+00:00,0.03015324042936112
501,2023-07-13 16:00:00+00:00,0.019068716988008192
501,2023-07-13 17:00:00+00:00,0.03307941127701607
501,2023-07-13 18:00:00+00:00,0.01859083129192803
501,2023-07-13 19:00:00+00:00,0.013065082617775878
501,2023-07-13 20:00:00+00:00,0.016718618445755395
501,2023-07-13 21:00:00+00:00,0.008600875300061447
501,2023-07-13 22:00:00+00:00,0.04834685871623434
501,2023-07-13 23:00:00+00:00,0.1443275869512098
501,2023-07-14 00:00:00+00:00,0.08259016844711373
501,2023-07-14 01:00:00+00:00,0.05362918568895792
501,2023-07-14 02:00:00+00:00,0.04754734111613344
501,2023-07-14 03:00:00+00:00,0.06305558685955347
501,2023-07-14 04:00:00+00:00,0.033285538156992166
501,2023-07-14 05:00:00+00:00,0.03790339320038524
501,2023-07-14 06:00:00+00:00,0.06412320109673549
501,2023-07-14 07:00:00+00:00,0.09633120005131321
501,2023-07-14 08:00:00+00:00,0.12793122668677198
501,2023-07-14 09:00:00+00:00,0.09194146486211453
501,2023-07-14 10:00:00+00:00,0.12833767348684869
501,2023-07-14 11:00:00+00:00,0.1509369290850709
501,2023-07-14 12:00:00+00:00,0.16793169169471941
501,2023-07-14 13:00:00+00:00,0.11251607395293022
501,2023-07-14 14:00:00+00:00,0.18697057251277838
501,2023-07-14 15:00:00+00:00,0.27616418831710754
501,2023-07-14 16:00:00+00:00,0.4236470689237512
501,2023-07-14 17:00:00+00:00,0.6259719889770918
501,2023-07-14 18:00:00+00:00,0.5276664522657322
501,2023-07-14 19:00:00+00:00,0.026379459316984898
501,2023-07-14 20:00:00+00:00,0.019567942033540234
501,2023-07-14 21:00:00+00:00,0.05112691598025298
501,2023-07-14 22:00:00+00:00,0.5771572732769331
501,2023-07-14 23:00:00+00:00,0.5067640087908691
501,2023-07-15 00:00:00+00:00,0.32535046184909083
501,2023-07-15 01:00:00+00:00,0.1297117996897705
501,2023-07-15 02:00:00+00:00,0.10078657974265018
501,2023-07-15 03:00:00+00:00,0.1518279682257798
501,2023-07-15 04:00:00+00:00,0.08622392945275774
501,2023-07-15 05:00:00+00:00,0.10174795029679219
501,2023-07-15 06:00:00+00:00,0.10686490238379932
501,2023-07-15 07:00:00+00:00,0.19394593527040777
501,2023-07-15 08:00:00+00:00,0.3086516530826632
501,2023-07-15 09:00:00+00:00,0.4477688269060446
501,2023-07-15 10:00:00+00:00,0.6294585964957565
501,2023-07-15 11:00:00+00:00,0.7932232446632561
501,2023-07-15 12:00:00+00:00,1.1213684812929994
501,2023-07-15 13:00:00+00:00,0.12243147693064131
501,2023-07-15 14:00:00+00:00,0.10624248373431099
501,2023-07-15 15:00:00+00:00,0.9407965743577247
501,2023-07-15 16:00:00+00:00,0.9390869414876172
501,2023-07-15 17:00:00+00:00,0.8470970978365822
501,2023-07-15 18:00:00+00:00,2.092617692353477
501,2023-07-15 19:00:00+00:00,0.8560184399152083
501,2023-07-15 20:00:00+00:00,0.0826134849187057
501,2023-07-15 21:00:00+00:00,0.06656681538932316
501,2023-07-15 22:00:00+00:00,0.016609091974153098
501,2023-07-15 23:00:00+00:00,0.01780681797194979
501,2023-07-16 00:00:00+00:00,0.012068279617607446
501,2023-07-16 01:00:00+00:00,0.010125656191149102
501,2023-07-16 02:00:00+00:00,0.0057035284689118115
501,2023-07-16 03:00:00+00:00,0.004413479485191473
501,2023-07-16 04:00:00+00:00,0.004183434650862702
501,2023-07-16 05:00:00+00:00,0.003207961596714753
501,2023-07-16 06:00:00+00:00,0.013176606106670303
501,2023-07-16 07:00:00+00:00,0.004452491991705452
501,2023-07-16 08:00:00+00:00,0.027846452013231954
501,2023-07-16 09:00:00+00:00,0.043711377297240575
501,2023-07-16 10:00:00+00:00,0.07366443113355543
501,2023-07-16 11:00:00+00:00,0.03003406480740623
501,2023-07-16 12:00:00+00:00,0.034488181587979824
501,2023-07-16 13:00:00+00:00,0.02189251417372641
501,2023-07-16 14:00:00+00:00,0.030369358274891217
501,2023-07-16 15:00:00+00:00,0.11784826690684912
501,2023-07-16 16:00:00+00:00,1.0487189191161495
501,2023-07-16 17:00:00+00:00,0.01852963772408601
501,2023-07-16 18:00:00+00:00,0.015312793335926896
501,2023-07-16 19:00:00+00:00,0.012670853951416015
501,2023-07-16 20:00:00+00:00,0.010460745080723984
501,2023-07-16 21:00:00+00:00,0.01137155455210556
501,2023-07-16 22:00:00+00:00,0.008098475623397513
501,2023-07-16 23:00:00+00:00,0.46550943413782647
501,2023-07-17 00:00:00+00:00,0.33084678238779697
501,2023-07-17 01:00:00+00:00,0.2111984964305476
501,2023-07-17 02:00:00+00:00,0.1668256038951248
501,2023-07-17 03:00:00+00:00,0.21056514735546814
501,2023-07-17 04:00:00+00:00,0.10193717252060248
501,2023-07-17 05:00:00+00:00,0.10397205287474848
501,2023-07-17 06:00:00+00:00,0.9613755705226719
501,2023-07-17 07:00:00+00:00,0.9777048203021977
501,2023-07-17 08:00:00+00:00,1.0453672909789764
501,2023-07-17 09:00:00+00:00,0.032339189049217426
501,2023-07-17 10:00:00+00:00,0.024747657942073648
501,2023-07-17 11:00:00+00:00,0.0135228067506925
501,2023-07-17 12:00:00+00:00,0.014832719975669399
501,2023-07-17 13:00:00+00:00,0.01674449905277386
501,2023-07-17 14:00:00+00:00,0.016771932486820768
501,2023-07-17 15:00:00+00:00,0.019499243979661695
501,2023-07-17 16:00:00+00:00,0.02063167473178592
501,2023-07-17 17:00:00+00:00,0.007894245683914867
501,2023-07-17 18:00:00+00:00,0.014237950730764604
501,2023-07-17 19:00:00+00:00,0.011461153898442876
501,2023-07-17 20:00:00+00:00,0.009039680362856678
501,2023-07-17 21:00:00+00:00,0.007136415649677741
501,2023-07-17 22:00:00+00:00,0.001345060425306812
501,2023-07-17 23:00:00+00:00,0.0010105970689939417
501,2023-07-18 00:00:00+00:00,1.072786658478345e-05
501,2023-07-18 01:00:00+00:00,0.001570975332262968
501,2023-07-18 02:00:00+00:00,0.03578544173597651
501,2023-07-18 03:00:00+00:00,0.04434611690133091
501,2023-07-18 04:00:00+00:00,0.01861701724398426
501,2023-07-18 05:00:00+00:00,0.017935457900534753
501,2023-07-18 06:00:00+00:00,0.06765046719006289
501,2023-07-18 07:00:00+00:00,0.22278778158954032
501,2023-07-18 08:00:00+00:00,0.28861669192071876
501,2023-07-18 09:00:00+00:00,0.4513013444626007
501,2023-07-18 10:00:00+00:00,0.343906867732115
501,2023-07-18 11:00:00+00:00,1.6534313628666955
501,2023-07-18 12:00:00+00:00,1.5287234550184554
501,2023-07-18 13:00:00+00:00,0.07852122579882774
501,2023-07-18 14:00:00+00:00,0.005134665421476518
501,2023-07-18 15:00:00+00:00,9.021660762113733e-05
501,2023-07-18 16:00:00+00:00,0.16390751107996948
501,2023-07-18 17:00:00+00:00,0.09588743317655184
501,2023-07-18 18:00:00+00:00,0.02699563155621272
501,2023-07-18 19:00:00+00:00,0.7043584604447499
501,2023-07-18 20:00:00+00:00,1.0971355289330489
501,2023-07-18 21:00:00+00:00,0.9857384195010801
501,2023-07-18 22:00:00+00:00,0.1537655746850077
501,2023-07-18 23:00:00+00:00,0.5484037563201762
501,2023-07-19 00:00:00+00:00,0.11635788805631982
501,2023-07-19 01:00:00+00:00,0.002775759099946845
501,2023-07-19 02:00:00+00:00,0.000353207007638772
501,2023-07-19 03:00:00+00:00,0.0005813689385708332
501,2023-07-19 04:00:00+00:00,7.2208577134667e-06
501,2023-07-19 05:00:00+00:00,0.0030446582249235763
501,2023-07-19 06:00:00+00:00,1.6893950472612327e-05
501,2023-07-19 07:00:00+00:00,0.04926352418530185
501,2023-07-19 08:00:00+00:00,9.160448332581048e-05
501,2023-07-19 09:00:00+00:00,0.18379667757903853
501,2023-07-19 10:00:00+00:00,0.09186981813111922
501,2023-07-19 11:00:00+00:00,0.07734397821386545
501,2023-07-19 12:00:00+00:00,0.00014612444506545788
501,2023-07-19 13:00:00+00:00,0.004578051789581197
501,2023-07-19 14:00:00+00:00,0.02521616887956665
501,2023-07-19 15:00:00+00:00,0.018515566567886863
501,2023-07-19 16:00:00+00:00,0.005803116905203376
501,2023-07-19 17:00:00+00:00,0.018037033022578513
501,2023-07-19 18:00:00+00:00,0.016619871047498277
501,2023-07-19 19:00:00+00:00,0.012438032024901926
501,2023-07-19 20:00:00+00:00,0.03536913415435825
501,2023-07-19 21:00:00+00:00,0.0027387712457811225
501,2023-07-19 22:00:00+00:00,3.231219634979522e-05
501,2023-07-19 23:00:00+00:00,0.017321079522733884
501,2023-07-20 00:00:00+00:00,0.005040116640333656
501,2023-07-20 01:00:00+00:00,0.008971597443856057
501,2023-07-20 02:00:00+00:00,0.006507039246304168
501,2023-07-20 03:00:00+00:00,0.004710970232685576
501,2023-07-20 04:00:00+00:00,0.003937423531100586
501,2023-07-20 05:00:00+00:00,0.1542044588855941
501,2023-07-20 06:00:00+00:00,0.22845592704985332
501,2023-07-20 07:00:00+00:00,0.09811516608416589
501,2023-07-20 08:00:00+00:00,9.39453944844078e-05
501,2023-07-20 09:00:00+00:00,0.061128630022809397
501,2023-07-20 10:00:00+00:00,0.06838010312922509
501,2023-07-20 11:00:00+00:00,0.00013770726902512047
501,2023-07-20 12:00:00+00:00,0.09658364122200767
501,2023-07-20 13:00:00+00:00,0.1353060321474757
501,2023-07-20 14:00:00+00:00,0.09935656432955522
501,2023-07-20 15:00:00+00:00,0.08451700663477746
501,2023-07-20 16:00:00+00:00,0.174519280338394
501,2023-07-20 17:00:00+00:00,0.17952070343395396
501,2023-07-20 18:00:00+00:00,0.17972781736625254
501,2023-07-20 19:00:00+00:00,0.21367197779360078
501,2023-07-20 20:00:00+00:00,0.031227844574338415
501,2023-07-20 21:00:00+00:00,0.08056441173207302
501,2023-07-20 22:00:00+00:00,0.017153812102139107
501,2023-07-20 23:00:00+00:00,0.008108970004758314
501,2023-07-21 00:00:00+00:00,0.006684960920464443
501,2023-07-21 01:00:00+00:00,0.004985239289271191
501,2023-07-21 02:00:00+00:00,0.004437672698154817
501,2023-07-21 03:00:00+00:00,0.0027724813521995697
501,2023-07-21 04:00:00+00:00,0.003542547276924316
501,2023-07-21 05:00:00+00:00,0.016839212827296862
501,2023-07-21 06:00:00+00:00,0.007683770376838664
501,2023-07-21 07:00:00+00:00,0.014990223972728105
501,2023-07-21 08:00:00+00:00,0.004906523228396714
501,2023-07-21 09:00:00+00:00,0.08040766441471542
501,2023-07-21 10:00:00+00:00,0.004303580836851118
501,2023-07-21 11:00:00+00:00,0.005444486705664418
501,2023-07-21 12:00:00+00:00,5.375620713872041e-05
501,2023-07-21 13:00:00+00:00,0.05440892512378847
501,2023-07-21 14:00:00+00:00,0.06260284905529116
501,2023-07-21 15:00:00+00:00,0.007041858175651472
501,2023-07-21 16:00:00+00:00,0.0074979251097678995
501,2023-07-21 17:00:00+00:00,0.019360308525403176
501,2023-07-21 18:00:00+00:00,0.019059493745731293
501,2023-07-21 19:00:00+00:00,0.01711496073509009
501,2023-07-21 20:00:00+00:00,0.0040587747293011215
501,2023-07-21 21:00:00+00:00,0.009646394128906482
501,2023-07-21 22:00:00+00:00,0.019940789079370705
501,2023-07-21 23:00:00+00:00,0.009155443476885534
501,2023-07-22 00:00:00+00:00,0.005898710469787776
501,2023-07-22 01:00:00+00:00,0.004184163872255144
501,2023-07-22 02:00:00+00:00,0.0054387089562517015
501,2023-07-22 03:00:00+00:00,0.3671481790854846
501,2023-07-22 04:00:00+00:00,0.387018099311249
501,2023-07-22 05:00:00+00:00,0.3096089213003531
501,2023-07-22 06:00:00+00:00,0.4463091615495765
501,2023-07-22 07:00:00+00:00,0.5794258234516013
501,2023-07-22 08:00:00+00:00,0.8518529240422893
501,2023-07-22 09:00:00+00:00,1.2774166827929125
501,2023-07-22 10:00:00+00:00,1.954515331063172
501,2023-07-22 11:00:00+00:00,0.4905036798752624
501,2023-07-22 12:00:00+00:00,0.5739828348940612
501,2023-07-22 13:00:00+00:00,0.5502452374295117
501,2023-07-22 14:00:00+00:00,0.8745382934498005
501,2023-07-22 15:00:00+00:00,0.8130650479391687
501,2023-07-22 16:00:00+00:00,0.8027584318000359
501,2023-07-22 17:00:00+00:00,2.224066243245896
501,2023-07-22 18:00:00+00:00,1.9608521629498057
501,2023-07-22 19:00:00+00:00,0.7053862666641537
501,2023-07-22 20:00:00+00:00,0.37492645677762093
501,2023-07-22 21:00:00+00:00,0.29623285736998456
501,2023-07-22 22:00:00+00:00,0.4655030946180575
501,2023-07-22 23:00:00+00:00,1.105673614098861
501,2023-07-23 00:00:00+00:00,0.40441810293264363
501,2023-07-23 01:00:00+00:00,0.026711144866604766
501,2023-07-23 02:00:00+00:00,0.0315061365562893
501,2023-07-23 03:00:00+00:00,0.007147009916682452
501,2023-07-23 04:00:00+00:00,0.005943017123444605
501,2023-07-23 05:00:00+00:00,0.0014087817711891592
501,2023-07-23 06:00:00+00:00,0.003663140351427382
501,2023-07-23 07:00:00+00:00,0.005972827626079664
501,2023-07-23 08:00:00+00:00,0.004409696192747793
501,2023-07-23 09:00:00+00:00,0.008048792109321672
501,2023-07-23 10:00:00+00:00,0.021863417125000378
501,2023-07-23 11:00:00+00:00,0.025351245933270625
501,2023-07-23 12:00:00+00:00,0.017924936358552933
501,2023-07-23 13:00:00+00:00,0.017770389933146127
501,2023-07-23 14:00:00+00:00,0.019017752862701444
501,2023-07-23 15:00:00+00:00,0.005835610892338081
501,2023-07-23 16:00:00+00:00,0.01883116138210927
501,2023-07-23 17:00:00+00:00,0.017384911923495578
501,2023-07-23 18:00:00+00:00,0.014516652575879405
501,2023-07-23 19:00:00+00:00,0.0037655131275351737
501,2023-07-23 20:00:00+00:00,0.0021193326454743405
501,2023-07-23 21:00:00+00:00,0.007607029474874542
501,2023-07-23 22:00:00+00:00,0.0057042373472631904
501,2023-07-23 23:00:00+00:00,0.004008373527068155
501,2023-07-24 00:00:00+00:00,0.0006292937404641609
501,2023-07-24 01:00:00+00:00,0.006065393182796612
501,2023-07-24 02:00:00+00:00,0.0014758727178715196
501,2023-07-24 03:00:00+00:00,7.220144433849407e-06
501,2023-07-24 04:00:00+00:00,0.0005216365031036574
501,2023-07-24 05:00:00+00:00,0.007666983158331294
501,2023-07-24 06:00:00+00:00,0.06297789662773996
501,2023-07-24 07:00:00+00:00,0.17048233235615098
501,2023-07-24 08:00:00+00:00,0.12762042222195746
501,2023-07-24 09:00:00+00:00,0.9248218045478825
501,2023-07-24 10:00:00+00:00,0.9570243978794766
501,2023-07-24 11:00:00+00:00,0.9315635459876106
501,2023-07-24 12:00:00+00:00,0.1271623717246648
501,2023-07-24 13:00:00+00:00,0.16072428585259182
501,2023-07-24 14:00:00+00:00,0.17420832814371345
501,2023-07-24 15:00:00+00:00,0.16124305083200507
501,2023-07-24 16:00:00+00:00,0.15374645153989203
501,2023-07-24 17:00:00+00:00,1.0847907968639368
501,2023-07-24 18:00:00+00:00,0.18696942126992203
501,2023-07-24 19:00:00+00:00,0.11405870279012541
501,2023-07-24 20:00:00+00:00,0.019670573958054622
501,2023-07-24 21:00:00+00:00,0.015227761906302147
501,2023-07-24 22:00:00+00:00,0.0244855964366132
501,2023-07-24 23:00:00+00:00,0.008050610274364014
501,2023-07-25 00:00:00+00:00,0.01475176163375263
501,2023-07-25 01:00:00+00:00,0.007153517615485089
501,2023-07-25 02:00:00+00:00,0.005283447885679042
501,2023-07-25 03:00:00+00:00,0.013149777834774813
501,2023-07-25 04:00:00+00:00,0.1660211642940812
501,2023-07-25 05:00:00+00:00,0.00639900638933344
501,2023-07-25 06:00:00+00:00,0.4084332059240669
501,2023-07-25 07:00:00+00:00,6.433199710174348e-05
501,2023-07-25 08:00:00+00:00,0.20702751860475122
501,2023-07-25 09:00:00+00:00,0.052105294615205355
501,2023-07-25 10:00:00+00:00,0.11794361529084281
501,2023-07-25 11:00:00+00:00,0.004873807182555989
501,2023-07-25 12:00:00+00:00,8.557976314726773e-05
501,2023-07-25 13:00:00+00:00,0.05705961456459924
501,2023-07-25 14:00:00+00:00,9.328400090992694e-05
501,2023-07-25 15:00:00+00:00,0.09266053240811424
501,2023-07-25 16:00:00+00:00,0.07009993780024004
501,2023-07-25 17:00:00+00:00,0.00013378289198747925
501,2023-07-25 18:00:00+00:00,0.05885362543636416
501,2023-07-25 19:00:00+00:00,0.14892182165070184
501,2023-07-25 20:00:00+00:00,0.09377368007017457
501,2023-07-25 21:00:00+00:00,0.029574348782017805
501,2023-07-25 22:00:00+00:00,0.019285076413647705
501,2023-07-25 23:00:00+00:00,0.01804089195264879
501,2023-07-26 00:00:00+00:00,0.01293741951862425
501,2023-07-26 01:00:00+00:00,0.008085482023838816
501,2023-07-26 02:00:00+00:00,0.14468182428681733
501,2023-07-26 03:00:00+00:00,0.0846363640008357
501,2023-07-26 04:00:00+00:00,0.08763665434285162
501,2023-07-26 05:00:00+00:00,0.06655892492603177
501,2023-07-26 06:00:00+00:00,0.09934364995274482
501,2023-07-26 07:00:00+00:00,0.7381173952547078
501,2023-07-26 08:00:00+00:00,0.020113526938501852
501,2023-07-26 09:00:00+00:00,0.09358141039332799
501,2023-07-26 10:00:00+00:00,0.8652862245830736
501,2023-07-26 11:00:00+00:00,0.8301452354415257
501,2023-07-26 12:00:00+00:00,0.9119339598701448
501,2023-07-26 13:00:00+00:00,2.1015851657539
501,2023-07-26 14:00:00+00:00,0.7427906857550017
501,2023-07-26 15:00:00+00:00,0.5108840101097757
501,2023-07-26 16:00:00+00:00,0.44246541843097154
501,2023-07-26 17:00:00+00:00,0.42079311107868816
501,2023-07-26 18:00:00+00:00,0.46830254367674495
501,2023-07-26 19:00:00+00:00,0.3668352047966341
501,2023-07-26 20:00:00+00:00,0.2908490872759091
501,2023-07-26 21:00:00+00:00,0.4556437269306279
501,2023-07-26 22:00:00+00:00,0.891212522142952
501,2023-07-26 23:00:00+00:00,0.5285818616925729
501,2023-07-27 00:00:00+00:00,0.3378834162222135
501,2023-07-27 01:00:00+00:00,0.14778342530429844
501,2023-07-27 02:00:00+00:00,0.03737665096961532
501,2023-07-27 03:00:00+00:00,0.21289206594186982
501,2023-07-27 04:00:00+00:00,0.10643614003928695
501,2023-07-27 05:00:00+00:00,0.02058470483291388
501,2023-07-27 06:00:00+00:00,0.010305232018515563
501,2023-07-27 07:00:00+00:00,0.01252695374079485
501,2023-07-27 08:00:00+00:00,0.018500197105328353
501,2023-07-27 09:00:00+00:00,0.015076068666625735
501,2023-07-27 10:00:00+00:00,0.014679004486860355
501,2023-07-27 11:00:00+00:00,0.016658418066092435
501,2023-07-27 12:00:00+00:00,0.027347214838126816
501,2023-07-27 13:00:00+00:00,0.02688630425035594
501,2023-07-27 14:00:00+00:00,0.027963187911605063
501,2023-07-27 15:00:00+00:00,0.018400161804888186
501,2023-07-27 16:00:00+00:00,0.020942421632086084
501,2023-07-27 17:00:00+00:00,0.020237270801765454
501,2023-07-27 18:00:00+00:00,0.007334775450725072
501,2023-07-27 19:00:00+00:00,0.005346565143564195
501,2023-07-27 20:00:00+00:00,0.003928504200171572
501,2023-07-27 21:00:00+00:00,0.002201002622665509
501,2023-07-27 22:00:00+00:00,0.011917399245533545
501,2023-07-27 23:00:00+00:00,0.008389335371506679
501,2023-07-28 00:00:00+00:00,0.00287334355432221
501,2023-07-28 01:00:00+00:00,0.0020346855206695496
501,2023-07-28 02:00:00+00:00,0.0012795473312557262
501,2023-07-28 03:00:00+00:00,0.003281663886004889
501,2023-07-28 04:00:00+00:00,0.004147926028452286
501,2023-07-28 05:00:00+00:00,0.002641385491801898
501,2023-07-28 06:00:00+00:00,0.0069206198431117074
501,2023-07-28 07:00:00+00:00,0.08138186293366523
501,2023-07-28 08:00:00+00:00,0.023964908186438948
501,2023-07-28 09:00:00+00:00,0.015155175104330778
501,2023-07-28 10:00:00+00:00,0.023470448335344514
501,2023-07-28 11:00:00+00:00,0.027047708651519158
501,2023-07-28 12:00:00+00:00,0.1107146641503823
501,2023-07-28 13:00:00+00:00,0.029521947175915355
501,2023-07-28 14:00:00+00:00,0.00769341020119249
501,2023-07-28 15:00:00+00:00,0.00638954045559603
501,2023-07-28 16:00:00+00:00,0.020940172938785563
501,2023-07-28 17:00:00+00:00,0.022071894812558408
501,2023-07-28 18:00:00+00:00,0.02148315494549482
501,2023-07-28 19:00:00+00:00,0.018747565381512163
501,2023-07-28 20:00:00+00:00,0.022770117286328048
501,2023-07-28 21:00:00+00:00,0.01619451406348891
501,2023-07-28 22:00:00+00:00,0.807401033960777
501,2023-07-28 23:00:00+00:00,0.7271067498850231
501,2023-07-29 00:00:00+00:00,0.9776244815339242
501,2023-07-29 01:00:00+00:00,0.7383024913763441
501,2023-07-29 02:00:00+00:00,0.198407394468732
501,2023-07-29 03:00:00+00:00,0.21431992851506113
501,2023-07-29 04:00:00+00:00,0.13375902887636062
501,2023-07-29 05:00:00+00:00,0.0027834934442284797
501,2023-07-29 06:00:00+00:00,0.13025498274139244
501,2023-07-29 07:00:00+00:00,0.5359903426696482
501,2023-07-29 08:00:00+00:00,0.04124021598630656
501,2023-07-29 09:00:00+00:00,0.017698659466306756
501,2023-07-29 10:00:00+00:00,0.026836664338354434
501,2023-07-29 11:00:00+00:00,0.019762220619090803
501,2023-07-29 12:00:00+00:00,0.020010417223969384
501,2023-07-29 13:00:00+00:00,0.021682277767336992
501,2023-07-29 14:00:00+00:00,0.022611088311018
501,2023-07-29 15:00:00+00:00,0.022215914473522964
501,2023-07-29 16:00:00+00:00,0.019352503039829032
501,2023-07-29 17:00:00+00:00,0.006959984322641454
501,2023-07-29 18:00:00+00:00,0.0184802134137284
501,2023-07-29 19:00:00+00:00,0.01760886895876294
501,2023-07-29 20:00:00+00:00,0.015467103468549908
501,2023-07-29 21:00:00+00:00,0.013131535655984536
501,2023-07-29 22:00:00+00:00,0.012923425884649252
501,2023-07-29 23:00:00+00:00,0.018867411818768335
501,2023-07-30 00:00:00+00:00,0.009575093176775584
501,2023-07-30 01:00:00+00:00,0.007926054446316437
501,2023-07-30 02:00:00+00:00,0.005948767502138493
501,2023-07-30 03:00:00+00:00,0.003988863724987283
501,2023-07-30 04:00:00+00:00,0.0042810459943417485
501,2023-07-30 05:00:00+00:00,0.0015022977906264845
501,2023-07-30 06:00:00+00:00,0.002297965965106389
501,2023-07-30 07:00:00+00:00,0.0032036015606547417
501,2023-07-30 08:00:00+00:00,0.004734750542030896
501,2023-07-30 09:00:00+00:00,0.44968738291143817
501,2023-07-30 10:00:00+00:00,0.7655059601414888
501,2023-07-30 11:00:00+00:00,0.10037913375952495
501,2023-07-30 12:00:00+00:00,1.0479679681248877
501,2023-07-30 13:00:00+00:00,0.03499990088796661
501,2023-07-30 14:00:00+00:00,0.020280840997942456
501,2023-07-30 15:00:00+00:00,0.019127364540642705
501,2023-07-30 16:00:00+00:00,0.01819926287531308
501,2023-07-30 17:00:00+00:00,0.01782761972907788
501,2023-07-30 18:00:00+00:00,0.01466800513685052
501,2023-07-30 19:00:00+00:00,0.017292561905778433
501,2023-07-30 20:00:00+00:00,0.04525381451488929
501,2023-07-30 21:00:00+00:00,0.8446906408984846
501,2023-07-30 22:00:00+00:00,0.12733513142738453
501,2023-07-30 23:00:00+00:00,0.11260294890823846
501,2023-07-31 00:00:00+00:00,0.2954553759411033
501,2023-07-31 01:00:00+00:00,0.1771173698252385
501,2023-07-31 02:00:00+00:00,0.04542240230194242
501,2023-07-31 03:00:00+00:00,0.0019004992544130574
501,2023-07-31 04:00:00+00:00,0.00208009809787479
501,2023-07-31 05:00:00+00:00,0.0031636913597463978
501,2023-07-31 06:00:00+00:00,0.011082808658909971
501,2023-07-31 07:00:00+00:00,0.02518974194923153
501,2023-07-31 08:00:00+00:00,0.09233970060950276
501,2023-07-31 09:00:00+00:00,0.013917035417052364
501,2023-07-31 10:00:00+00:00,0.015265023075055834
501,2023-07-31 11:00:00+00:00,0.015866888927183395
501,2023-07-31 12:00:00+00:00,0.02922644530433324
501,2023-07-31 13:00:00+00:00,0.02848612349365946
501,2023-07-31 14:00:00+00:00,0.031313213683060885
501,2023-07-31 15:00:00+00:00,0.020715865376196997
501,2023-07-31 16:00:00+00:00,0.02317653377960554
501,2023-07-31 17:00:00+00:00,0.02018163402619706
501,2023-07-31 18:00:00+00:00,0.0170496891608004
501,2023-07-31 19:00:00+00:00,0.013125978863710912
501,2023-07-31 20:00:00+00:00,0.008874020352902625
501,2023-07-31 21:00:00+00:00,0.0024451652745880337
501,2023-07-31 22:00:00+00:00,0.0019398738932551898
501,2023-07-31 23:00:00+00:00,0.0035381621819746993
501,2023-08-01 00:00:00+00:00,0.003304677292700782
501,2023-08-01 01:00:00+00:00,0.0004238599798748385
501,2023-08-01 02:00:00+00:00,0.0005705360923796592
501,2023-08-01 03:00:00+00:00,0.0007335090514646653
501,2023-08-01 04:00:00+00:00,0.0006520520229120463
501,2023-08-01 05:00:00+00:00,0.0012388289770825013
501,2023-08-01 06:00:00+00:00,0.0020864957918186318
501,2023-08-01 07:00:00+00:00,0.0047600011297039444
501,2023-08-01 08:00:00+00:00,0.006454881857773914
501,2023-08-01 09:00:00+00:00,0.005265117184070773
501,2023-08-01 10:00:00+00:00,0.005313781161803035
501,2023-08-01 11:00:00+00:00,0.016777016693526808
501,2023-08-01 12:00:00+00:00,0.024757406675296294
501,2023-08-01 13:00:00+00:00,0.01583389870086286
501,2023-08-01 14:00:00+00:00,0.023768885304612977
501,2023-08-01 15:00:00+00:00,0.01826938236352501
501,2023-08-01 16:00:00+00:00,0.01932849976300161
501,2023-08-01 17:00:00+00:00,0.019336777834143337
501,2023-08-01 18:00:00+00:00,0.02812362267830683
501,2023-08-01 19:00:00+00:00,0.01882528262243381
501,2023-08-01 20:00:00+00:00,1.2592979738447554
501,2023-08-01 21:00:00+00:00,0.13353018137555137
501,2023-08-01 22:00:00+00:00,0.08684767748077366
501,2023-08-01 23:00:00+00:00,0.05367865423736567
501,2023-08-02 00:00:00+00:00,0.022385611441876195
501,2023-08-02 01:00:00+00:00,0.009604395743648506
501,2023-08-02 02:00:00+00:00,0.013914797886389574
501,2023-08-02 03:00:00+00:00,0.06291368652565717
501,2023-08-02 04:00:00+00:00,0.00397403696213165
501,2023-08-02 05:00:00+00:00,0.002922156854702132
501,2023-08-02 06:00:00+00:00,0.005337088979726043
501,2023-08-02 07:00:00+00:00,0.09934813241559778
501,2023-08-02 08:00:00+00:00,1.0351626987160245
501,2023-08-02 09:00:00+00:00,0.862524849235955
501,2023-08-02 10:00:00+00:00,0.6702891847627704
501,2023-08-02 11:00:00+00:00,0.41924174030215605
501,2023-08-02 12:00:00+00:00,0.2123046973347074
501,2023-08-02 13:00:00+00:00,0.3408969541665672
501,2023-08-02 14:00:00+00:00,1.0403895375099526
501,2023-08-02 15:00:00+00:00,0.2045712335345249
501,2023-08-02 16:00:00+00:00,0.1401953868999664
501,2023-08-02 17:00:00+00:00,0.01716864613926495
501,2023-08-02 18:00:00+00:00,0.015318944772014486
501,2023-08-02 19:00:00+00:00,0.00602373490427267
501,2023-08-02 20:00:00+00:00,0.008538561297423657
501,2023-08-02 21:00:00+00:00,0.00769340778346295
501,2023-08-02 22:00:00+00:00,0.04177549791872239
501,2023-08-02 23:00:00+00:00,0.010725237923876727
501,2023-08-03 00:00:00+00:00,0.005305140631066921
501,2023-08-03 01:00:00+00:00,0.004336948065337697
501,2023-08-03 02:00:00+00:00,0.004079364839479628
501,2023-08-03 03:00:00+00:00,0.01202958073619618
501,2023-08-03 04:00:00+00:00,0.0016692371328731932
501,2023-08-03 05:00:00+00:00,0.006815246510118084
501,2023-08-03 06:00:00+00:00,0.012857907380347254
501,2023-08-03 07:00:00+00:00,0.053255039656858225
501,2023-08-03 08:00:00+00:00,0.06969071200703511
501,2023-08-03 09:00:00+00:00,0.08837587706191373
501,2023-08-03 10:00:00+00:00,0.0808659264765684
501,2023-08-03 11:00:00+00:00,0.18038965764349776
501,2023-08-03 12:00:00+00:00,0.05403449357279604
501,2023-08-03 13:00:00+00:00,0.08650155757180475
501,2023-08-03 14:00:00+00:00,0.11858180978041317
501,2023-08-03 15:00:00+00:00,0.13442248429588202
501,2023-08-03 16:00:00+00:00,0.08927928036190529
501,2023-08-03 17:00:00+00:00,0.10223897383402013
501,2023-08-03 18:00:00+00:00,0.1710080907792849
501,2023-08-03 19:00:00+00:00,0.0977816368481386
501,2023-08-03 20:00:00+00:00,0.03339559822215823
501,2023-08-03 21:00:00+00:00,0.02827135451506908
501,2023-08-03 22:00:00+00:00,0.04963582198411354
501,2023-08-03 23:00:00+00:00,0.018021687731041854
501,2023-08-04 00:00:00+00:00,4.741817354373217e-06
501,2023-08-04 01:00:00+00:00,3.869051190372477e-06
501,2023-08-04 02:00:00+00:00,0.0026304218653958908
501,2023-08-04 03:00:00+00:00,0.0027453422011174734
501,2023-08-04 04:00:00+00:00,0.01202958073573722
501,2023-08-04 05:00:00+00:00,5.943343636635089e-06
501,2023-08-04 06:00:00+00:00,0.017611399259492243
501,2023-08-04 07:00:00+00:00,0.004335947921296954
501,2023-08-04 08:00:00+00:00,0.10458867689447014
501,2023-08-04 09:00:00+00:00,0.08288530075394944
501,2023-08-04 10:00:00+00:00,0.08432901362636551
501,2023-08-04 11:00:00+00:00,0.07170492710645895
501,2023-08-04 12:00:00+00:00,0.08752086450082593
501,2023-08-04 13:00:00+00:00,0.19605269311041287
501,2023-08-04 14:00:00+00:00,0.09710784897411484
501,2023-08-04 15:00:00+00:00,0.1292805821439321
501,2023-08-04 16:00:00+00:00,0.06830766823652074
501,2023-08-04 17:00:00+00:00,0.06557158924632107
501,2023-08-04 18:00:00+00:00,0.0566319019216404
501,2023-08-04 19:00:00+00:00,9.098602034580248e-05
501,2023-08-04 20:00:00+00:00,0.07286411837085059
501,2023-08-04 21:00:00+00:00,0.01478230645625306
501,2023-08-04 22:00:00+00:00,0.012313608946639408
501,2023-08-04 23:00:00+00:00,0.002200780601037972
501,2023-08-05 00:00:00+00:00,0.010480945039460707
501,2023-08-05 01:00:00+00:00,0.20688877234313965
501,2023-08-05 02:00:00+00:00,0.43379740643574094
501,2023-08-05 03:00:00+00:00,0.08881405829133503
501,2023-08-05 04:00:00+00:00,0.07399737117198546
501,2023-08-05 05:00:00+00:00,0.04596440983002925
501,2023-08-05 06:00:00+00:00,0.05207435531900493
501,2023-08-05 07:00:00+00:00,0.08852780745846484
501,2023-08-05 08:00:00+00:00,0.17668223227048924
501,2023-08-05 09:00:00+00:00,0.2942640334451347
501,2023-08-05 10:00:00+00:00,0.45287474633929936
501,2023-08-05 11:00:00+00:00,0.03192918675653947
501,2023-08-05 12:00:00+00:00,0.023710528836821686
501,2023-08-05 13:00:00+00:00,0.13447529590464333
501,2023-08-05 14:00:00+00:00,0.08144931839527904
501,2023-08-05 15:00:00+00:00,0.07441274537302653
501,2023-08-05 16:00:00+00:00,0.037477621220452194
501,2023-08-05 17:00:00+00:00,0.04385733920478646
501,2023-08-05 18:00:00+00:00,0.05684757879842632
501,2023-08-05 19:00:00+00:00,0.04532330668859862
501,2023-08-05 20:00:00+00:00,0.03325954883806975
501,2023-08-05 21:00:00+00:00,0.02501846808597017
501,2023-08-05 22:00:00+00:00,0.025671976867768467
501,2023-08-05 23:00:00+00:00,0.025019138797175818
501,2023-08-06 00:00:00+00:00,0.04229833785273433
501,2023-08-06 01:00:00+00:00,1.344392705971282e-05
501,2023-08-06 02:00:00+00:00,0.009328755260814229
501,2023-08-06 03:00:00+00:00,0.005916307589062329
501,2023-08-06 04:00:00+00:00,0.0086233459951661
501,2023-08-06 05:00:00+00:00,0.00316246818373942
501,2023-08-06 06:00:00+00:00,0.004956902888060679
501,2023-08-06 07:00:00+00:00,0.00579386502739489
501,2023-08-06 08:00:00+00:00,1.7115009454190043e-05
501,2023-08-06 09:00:00+00:00,0.05792089533377941
501,2023-08-06 10:00:00+00:00,0.09779366830919438
501,2023-08-06 11:00:00+00:00,0.04682731761362215
501,2023-08-06 12:00:00+00:00,0.18822597643406816
501,2023-08-06 13:00:00+00:00,0.17673778388760494
501,2023-08-06 14:00:00+00:00,0.08069901900989097
501,2023-08-06 15:00:00+00:00,0.09993474992817687
501,2023-08-06 16:00:00+00:00,0.09538679797988425
501,2023-08-06 17:00:00+00:00,0.08675812897454233
501,2023-08-06 18:00:00+00:00,0.05969844337450372
501,2023-08-06 19:00:00+00:00,0.05413780722999558
501,2023-08-06 20:00:00+00:00,0.02851510608243108
501,2023-08-06 21:00:00+00:00,0.011750272905468699
501,2023-08-06 22:00:00+00:00,0.030277703261486336
501,2023-08-06 23:00:00+00:00,6.04108475904171e-06
501,2023-08-07 00:00:00+00:00,0.0004713100932768291
501,2023-08-07 01:00:00+00:00,0.002997909628220204
501,2023-08-07 02:00:00+00:00,0.00021195152027156142
501,2023-08-07 03:00:00+00:00,0.01202958073637279
501,2023-08-07 04:00:00+00:00,0.012029580736390306
501,2023-08-07 05:00:00+00:00,0.005262169983757537
501,2023-08-07 06:00:00+00:00,2.6913687300810304e-05
501,2023-08-07 07:00:00+00:00,0.04323020680273843
501,2023-08-07 08:00:00+00:00,0.005460715558236744
501,2023-08-07 09:00:00+00:00,0.013483550853746962
501,2023-08-07 10:00:00+00:00,0.01444878178096799
501,2023-08-07 11:00:00+00:00,0.016388939463254534
501,2023-08-07 12:00:00+00:00,0.01509451515117954
501,2023-08-07 13:00:00+00:00,0.016624955254204314
501,2023-08-07 14:00:00+00:00,0.019465664325333178
501,2023-08-07 15:00:00+00:00,0.01999504515350788
501,2023-08-07 16:00:00+00:00,0.0234283968344874
501,2023-08-07 17:00:00+00:00,0.019260156382522608
501,2023-08-07 18:00:00+00:00,0.016619398461930692
501,2023-08-07 19:00:00+00:00,0.011374066711503088
501,2023-08-07 20:00:00+00:00,0.007588582990320739
501,2023-08-07 21:00:00+00:00,0.001956327955054351
501,2023-08-07 22:00:00+00:00,0.0014345752543614286
501,2023-08-07 23:00:00+00:00,0.0008639841328552437
501,2023-08-08 00:00:00+00:00,0.0003680650409985575
501,2023-08-08 01:00:00+00:00,0.0002632259976896536
501,2023-08-08 02:00:00+00:00,7.220581306876471e-06
501,2023-08-08 03:00:00+00:00,0.0006139490313127674
501,2023-08-08 04:00:00+00:00,0.08253171403453445
501,2023-08-08 05:00:00+00:00,0.11831716178027661
501,2023-08-08 06:00:00+00:00,0.15923529925437122
501,2023-08-08 07:00:00+00:00,0.4050720043230887
501,2023-08-08 08:00:00+00:00,0.5140118273457035
501,2023-08-08 09:00:00+00:00,0.6084353516400154
501,2023-08-08 10:00:00+00:00,0.43141568498512595
501,2023-08-08 11:00:00+00:00,0.4208930641046803
501,2023-08-08 12:00:00+00:00,0.8607138650697033
501,2023-08-08 13:00:00+00:00,0.08324341302036144
501,2023-08-08 14:00:00+00:00,0.01688059899362686
501,2023-08-08 15:00:00+00:00,0.018542763709149986
501,2023-08-08 16:00:00+00:00,0.020397785575890278
501,2023-08-08 17:00:00+00:00,0.02068039016379215
501,2023-08-08 18:00:00+00:00,0.016125017652690258
501,2023-08-08 19:00:00+00:00,4.328762526099615e-05
501,2023-08-08 20:00:00+00:00,0.429439048188415
501,2023-08-08 21:00:00+00:00,0.1844354240769276
501,2023-08-08 22:00:00+00:00,0.013918280325372305
501,2023-08-08 23:00:00+00:00,1.1590555982331847e-05
501,2023-08-09 00:00:00+00:00,0.0004914388991228758
501,2023-08-09 01:00:00+00:00,5.51540189344853e-06
501,2023-08-09 02:00:00+00:00,0.011021843334016292
501,2023-08-09 03:00:00+00:00,0.012029580735772358
501,2023-08-09 04:00:00+00:00,0.0024595208659725465
501,2023-08-09 05:00:00+00:00,0.06938185870563164
501,2023-08-09 06:00:00+00:00,0.04525099710121509
501,2023-08-09 07:00:00+00:00,0.22630168642936402
501,2023-08-09 08:00:00+00:00,0.8472643454528266
501,2023-08-09 09:00:00+00:00,0.015848678735413388
501,2023-08-09 10:00:00+00:00,0.014228018610136322
501,2023-08-09 11:00:00+00:00,0.004922638806424018
501,2023-08-09 12:00:00+00:00,0.004825002750642016
501,2023-08-09 13:00:00+00:00,0.0053138083562605685
501,2023-08-09 14:00:00+00:00,7.311736918366847e-05
501,2023-08-09 15:00:00+00:00,0.00616158398736354
501,2023-08-09 16:00:00+00:00,0.007220951256375808
501,2023-08-09 17:00:00+00:00,0.007318401586189359
501,2023-08-09 18:00:00+00:00,0.007530301314228156
501,2023-08-09 19:00:00+00:00,0.014185096263187508
501,2023-08-09 20:00:00+00:00,0.003129718765346139
501,2023-08-09 21:00:00+00:00,0.06470150075522728
501,2023-08-09 22:00:00+00:00,0.01847041338244998
501,2023-08-09 23:00:00+00:00,0.0009972268010506092
501,2023-08-10 00:00:00+00:00,0.03368916602686654
501,2023-08-10 01:00:00+00:00,0.009532690776988519
501,2023-08-10 02:00:00+00:00,0.006510061863823356
501,2023-08-10 03:00:00+00:00,0.010993617341803152
501,2023-08-10 04:00:00+00:00,0.008241646064233799
501,2023-08-10 05:00:00+00:00,0.021288701011927487
501,2023-08-10 06:00:00+00:00,0.06268509383474455
501,2023-08-10 07:00:00+00:00,0.10537834786778988
501,2023-08-10 08:00:00+00:00,0.13166469710410791
501,2023-08-10 09:00:00+00:00,0.21388305801945642
501,2023-08-10 10:00:00+00:00,0.16600042431940187
501,2023-08-10 11:00:00+00:00,0.38232762151700206
501,2023-08-10 12:00:00+00:00,0.35030937609009644
501,2023-08-10 13:00:00+00:00,0.2727881019338328
501,2023-08-10 14:00:00+00:00,0.39244254427116476
501,2023-08-10 15:00:00+00:00,0.3531750850839598
501,2023-08-10 16:00:00+00:00,0.6239651991136703
501,2023-08-10 17:00:00+00:00,2.130153848206368
501,2023-08-10 18:00:00+00:00,0.513626729866035
501,2023-08-10 19:00:00+00:00,0.4562634894938242
501,2023-08-10 20:00:00+00:00,0.3228207205767607
501,2023-08-10 21:00:00+00:00,0.22753814033846276
501,2023-08-10 22:00:00+00:00,0.21359223407262146
501,2023-08-10 23:00:00+00:00,0.21137231075678053
501,2023-08-11 00:00:00+00:00,0.0889012516987439
501,2023-08-11 01:00:00+00:00,0.06436092650449682
501,2023-08-11 02:00:00+00:00,0.033785407642236795
501,2023-08-11 03:00:00+00:00,0.10269550880264779
501,2023-08-11 04:00:00+00:00,0.003177410112513348
501,2023-08-11 05:00:00+00:00,0.009992956173840885
501,2023-08-11 06:00:00+00:00,0.011880281097255582
501,2023-08-11 07:00:00+00:00,0.01724006132593326
501,2023-08-11 08:00:00+00:00,0.016832828732755805
501,2023-08-11 09:00:00+00:00,0.013356674155170861
501,2023-08-11 10:00:00+00:00,0.013785310804554017
501,2023-08-11 11:00:00+00:00,0.014172442863691119
501,2023-08-11 12:00:00+00:00,4.7291881113464835e-05
501,2023-08-11 13:00:00+00:00,0.006422084249367086
501,2023-08-11 14:00:00+00:00,0.0179504794503295
501,2023-08-11 15:00:00+00:00,0.018441666395134244
501,2023-08-11 16:00:00+00:00,0.008720120348816507
501,2023-08-11 17:00:00+00:00,0.020490254291443084
501,2023-08-11 18:00:00+00:00,0.01735393409769177
501,2023-08-11 19:00:00+00:00,0.014840998046811129
501,2023-08-11 20:00:00+00:00,0.004401511372939018
501,2023-08-11 21:00:00+00:00,0.0033419039538464044
501,2023-08-11 22:00:00+00:00,0.5991039169600516
501,2023-08-11 23:00:00+00:00,0.21242547146959065
501,2023-08-12 00:00:00+00:00,0.20747409196791283
501,2023-08-12 01:00:00+00:00,0.19102487573997
501,2023-08-12 02:00:00+00:00,0.1265319015265696
501,2023-08-12 03:00:00+00:00,0.0776495286876395
501,2023-08-12 04:00:00+00:00,0.10055881033520805
501,2023-08-12 05:00:00+00:00,0.2096874835195158
501,2023-08-12 06:00:00+00:00,0.20958921800922128
501,2023-08-12 07:00:00+00:00,0.752865116514254
501,2023-08-12 08:00:00+00:00,0.30570109787512756
501,2023-08-12 09:00:00+00:00,1.4422501872270372
501,2023-08-12 10:00:00+00:00,0.7450942804349642
501,2023-08-12 11:00:00+00:00,0.867994744149204
501,2023-08-12 12:00:00+00:00,0.031931723522721146
501,2023-08-12 13:00:00+00:00,0.106846725486418
501,2023-08-12 14:00:00+00:00,0.020311704589208855
501,2023-08-12 15:00:00+00:00,0.017942437671971564
501,2023-08-12 16:00:00+00:00,0.018729591482525947
501,2023-08-12 17:00:00+00:00,0.01944083271981098
501,2023-08-12 18:00:00+00:00,0.017924700065769142
501,2023-08-12 19:00:00+00:00,0.029750649269478787
501,2023-08-12 20:00:00+00:00,0.023361320195241755
501,2023-08-12 21:00:00+00:00,0.06038765329389177
501,2023-08-12 22:00:00+00:00,0.017595574493030633
501,2023-08-12 23:00:00+00:00,0.5659596156321559
501,2023-08-13 00:00:00+00:00,0.4207597195093642
501,2023-08-13 01:00:00+00:00,0.8514845526766525
501,2023-08-13 02:00:00+00:00,0.7155754811624241
501,2023-08-13 03:00:00+00:00,0.5679842681584854
501,2023-08-13 04:00:00+00:00,0.1699931571939869
501,2023-08-13 05:00:00+00:00,0.1224305036659399
501,2023-08-13 06:00:00+00:00,0.09327429126361492
501,2023-08-13 07:00:00+00:00,0.1346589606240401
501,2023-08-13 08:00:00+00:00,0.03264677558856173
501,2023-08-13 09:00:00+00:00,0.412995503838278
501,2023-08-13 10:00:00+00:00,0.07427402053668432
501,2023-08-13 11:00:00+00:00,0.08570559751850175
501,2023-08-13 12:00:00+00:00,0.03095568681719489
501,2023-08-13 13:00:00+00:00,0.006601843434750177
501,2023-08-13 14:00:00+00:00,0.007139462521708943
501,2023-08-13 15:00:00+00:00,0.022358043792217175
501,2023-08-13 16:00:00+00:00,0.03374542259400013
501,2023-08-13 17:00:00+00:00,0.01887775017906137
501,2023-08-13 18:00:00+00:00,0.01768276913151556
501,2023-08-13 19:00:00+00:00,0.09085608438638092
501,2023-08-13 20:00:00+00:00,0.060413773600150295
501,2023-08-13 21:00:00+00:00,0.16348385092909526
501,2023-08-13 22:00:00+00:00,0.1476315622148971
501,2023-08-13 23:00:00+00:00,0.0739960894901563
501,2023-08-14 00:00:00+00:00,0.05651131216806067
501,2023-08-14 01:00:00+00:00,0.05111768539153763
501,2023-08-14 02:00:00+00:00,0.03125549240422411
501,2023-08-14 03:00:00+00:00,0.04674829242803909
501,2023-08-14 04:00:00+00:00,0.060375766810002625
501,2023-08-14 05:00:00+00:00,0.08140017773491724
501,2023-08-14 06:00:00+00:00,0.17337529798168239
501,2023-08-14 07:00:00+00:00,0.3913139138107355
501,2023-08-14 08:00:00+00:00,0.4156448627102298
501,2023-08-14 09:00:00+00:00,0.34587127214341523
501,2023-08-14 10:00:00+00:00,0.38211197459697815
501,2023-08-14 11:00:00+00:00,0.41945059314773003
501,2023-08-14 12:00:00+00:00,0.4495547260677
501,2023-08-14 13:00:00+00:00,2.2682157470487714
501,2023-08-14 14:00:00+00:00,0.029335673027312263
501,2023-08-14 15:00:00+00:00,0.034306383474484566
501,2023-08-14 16:00:00+00:00,0.033896580347559185
501,2023-08-14 17:00:00+00:00,0.03370786901565104
501,2023-08-14 18:00:00+00:00,0.017509661987017543
501,2023-08-14 19:00:00+00:00,0.011887839176432498
501,2023-08-14 20:00:00+00:00,0.013628307265004637
501,2023-08-14 21:00:00+00:00,0.007282093271983335
501,2023-08-14 22:00:00+00:00,0.0016953655153768624
501,2023-08-14 23:00:00+00:00,0.004803805408764266
501,2023-08-15 00:00:00+00:00,0.0023838106590040194
501,2023-08-15 01:00:00+00:00,0.00039945389039980345
501,2023-08-15 02:00:00+00:00,0.0028785258860221847
501,2023-08-15 03:00:00+00:00,0.0801067827166668
501,2023-08-15 04:00:00+00:00,0.013799224434721789
501,2023-08-15 05:00:00+00:00,0.16294874902161716
501,2023-08-15 06:00:00+00:00,0.8229310587954326
501,2023-08-15 07:00:00+00:00,0.9470968335522583
501,2023-08-15 08:00:00+00:00,0.029795414814868023
501,2023-08-15 09:00:00+00:00,0.013667893641038611
501,2023-08-15 10:00:00+00:00,0.013917035417052364
501,2023-08-15 11:00:00+00:00,0.01655483576599238
501,2023-08-15 12:00:00+00:00,0.018019295416376088
501,2023-08-15 13:00:00+00:00,0.018570669728764484
501,2023-08-15 14:00:00+00:00,0.00616141182199413
501,2023-08-15 15:00:00+00:00,0.016323431596181052
501,2023-08-15 16:00:00+00:00,0.006699417552158392
501,2023-08-15 17:00:00+00:00,0.02159193829474131
501,2023-08-15 18:00:00+00:00,0.018198081411394115
501,2023-08-15 19:00:00+00:00,0.011250620170146471
501,2023-08-15 20:00:00+00:00,0.015521489945211698
501,2023-08-15 21:00:00+00:00,2.407140050100784e-05
501,2023-08-15 22:00:00+00:00,0.0015813374712421555
501,2023-08-15 23:00:00+00:00,0.005845666330093601
501,2023-08-16 00:00:00+00:00,0.004151409208062505
501,2023-08-16 01:00:00+00:00,0.004470669596796675
501,2023-08-16 02:00:00+00:00,0.010151404711728717
501,2023-08-16 03:00:00+00:00,0.007083776096583249
501,2023-08-16 04:00:00+00:00,0.01204372457817373
501,2023-08-16 05:00:00+00:00,0.014493959860244252
501,2023-08-16 06:00:00+00:00,0.06074053014451115
501,2023-08-16 07:00:00+00:00,0.3439357760317988
501,2023-08-16 08:00:00+00:00,1.5291548365603898
501,2023-08-16 09:00:00+00:00,0.8369450684931989
501,2023-08-16 10:00:00+00:00,0.9262132095258285
501,2023-08-16 11:00:00+00:00,0.0
501,2023-08-16 12:00:00+00:00,0.0
501,2023-08-16 13:00:00+00:00,0.0
501,2023-08-16 14:00:00+00:00,1.0099259833878917
501,2023-08-16 15:00:00+00:00,1.133008315319681
501,2023-08-16 16:00:00+00:00,0.15803011232572525
501,2023-08-16 17:00:00+00:00,0.1447690198352276
501,2023-08-16 18:00:00+00:00,0.12987908594306258
501,2023-08-16 19:00:00+00:00,0.16778425616283107
501,2023-08-16 20:00:00+00:00,0.09221969488266103
501,2023-08-16 21:00:00+00:00,0.07922252427026598
501,2023-08-16 22:00:00+00:00,0.5869767722149034
501,2023-08-16 23:00:00+00:00,0.39418645462660656
501,2023-08-17 00:00:00+00:00,0.2078664900444961
501,2023-08-17 01:00:00+00:00,0.05148836575230798
501,2023-08-17 02:00:00+00:00,0.023723374359215142
501,2023-08-17 03:00:00+00:00,0.015735261885874756
501,2023-08-17 04:00:00+00:00,0.01853112294263297
501,2023-08-17 05:00:00+00:00,0.03879156967376179
501,2023-08-17 06:00:00+00:00,0.08720322032878686
501,2023-08-17 07:00:00+00:00,0.30222231712906
501,2023-08-17 08:00:00+00:00,0.2582859897725546
501,2023-08-17 09:00:00+00:00,0.20506794965279881
501,2023-08-17 10:00:00+00:00,0.2030313994808592
501,2023-08-17 11:00:00+00:00,0.15217998403926025
501,2023-08-17 12:00:00+00:00,0.15392130780713387
501,2023-08-17 13:00:00+00:00,0.14770000692277072
501,2023-08-17 14:00:00+00:00,0.11518359586673992
501,2023-08-17 15:00:00+00:00,0.12401051835324622
501,2023-08-17 16:00:00+00:00,0.13929805618291
501,2023-08-17 17:00:00+00:00,0.18906743722409575
501,2023-08-17 18:00:00+00:00,0.1787411204878554
501,2023-08-17 19:00:00+00:00,0.12591330218785007
501,2023-08-17 20:00:00+00:00,0.10290155455259628
501,2023-08-17 21:00:00+00:00,0.08964283110365037
501,2023-08-17 22:00:00+00:00,0.12204439146392132
501,2023-08-17 23:00:00+00:00,0.07501217818791574
501,2023-08-18 00:00:00+00:00,0.03144165561085907
501,2023-08-18 01:00:00+00:00,0.02882314665520702
501,2023-08-18 02:00:00+00:00,0.027208595945658394
501,2023-08-18 03:00:00+00:00,0.06078353080828995
501,2023-08-18 04:00:00+00:00,0.037583486154826956
501,2023-08-18 05:00:00+00:00,0.04293329550742136
501,2023-08-18 06:00:00+00:00,0.1006605535891887
501,2023-08-18 07:00:00+00:00,0.24640217765377362
501,2023-08-18 08:00:00+00:00,0.18714870025890665
501,2023-08-18 09:00:00+00:00,0.10194151142073125
501,2023-08-18 10:00:00+00:00,0.10896215109691311
501,2023-08-18 11:00:00+00:00,0.12131491872473454
501,2023-08-18 12:00:00+00:00,0.14189018712516546
501,2023-08-18 13:00:00+00:00,0.1162375927788089
501,2023-08-18 14:00:00+00:00,0.12406645550013226
501,2023-08-18 15:00:00+00:00,0.13913184173251456
501,2023-08-18 16:00:00+00:00,0.14751173891632627
501,2023-08-18 17:00:00+00:00,0.2063552974387209
501,2023-08-18 18:00:00+00:00,0.18765949964624487
501,2023-08-18 19:00:00+00:00,0.11030533155528488
501,2023-08-18 20:00:00+00:00,0.102553148371018
501,2023-08-18 21:00:00+00:00,0.06916624406794183
501,2023-08-18 22:00:00+00:00,0.14400002814058466
501,2023-08-18 23:00:00+00:00,0.14816955875612745
501,2023-08-19 00:00:00+00:00,0.16570958909913813
501,2023-08-19 01:00:00+00:00,0.11629752909894542
501,2023-08-19 02:00:00+00:00,0.09939355048252997
501,2023-08-19 03:00:00+00:00,0.09932401787007343
501,2023-08-19 04:00:00+00:00,0.4269769283674439
501,2023-08-19 05:00:00+00:00,0.24910460885414473
501,2023-08-19 06:00:00+00:00,0.12972759685716972
501,2023-08-19 07:00:00+00:00,0.48508922424233714
501,2023-08-19 08:00:00+00:00,0.34444349215823494
501,2023-08-19 09:00:00+00:00,0.5373257184903345
501,2023-08-19 10:00:00+00:00,0.8418977587481701
501,2023-08-19 11:00:00+00:00,0.7434020147935022
501,2023-08-19 12:00:00+00:00,0.12507198806790587
501,2023-08-19 13:00:00+00:00,0.023794010602881388
501,2023-08-19 14:00:00+00:00,0.03872090782490954
501,2023-08-19 15:00:00+00:00,0.018811533433636504
501,2023-08-19 16:00:00+00:00,0.018793323241866493
501,2023-08-19 17:00:00+00:00,0.02077782102780461
501,2023-08-19 18:00:00+00:00,0.017224572413031356
501,2023-08-19 19:00:00+00:00,0.014633360861043433
501,2023-08-19 20:00:00+00:00,0.011365316054793774
501,2023-08-19 21:00:00+00:00,0.016599442823800527
501,2023-08-19 22:00:00+00:00,0.5770693018441164
501,2023-08-19 23:00:00+00:00,0.26370555912205274
501,2023-08-20 00:00:00+00:00,0.3124604813462908
501,2023-08-20 01:00:00+00:00,0.21129727909012488
501,2023-08-20 02:00:00+00:00,0.23115429524450679
501,2023-08-20 03:00:00+00:00,0.12481709257964425
501,2023-08-20 04:00:00+00:00,0.050447516889908846
501,2023-08-20 05:00:00+00:00,0.04813048926727609
501,2023-08-20 06:00:00+00:00,0.05073874867993268
501,2023-08-20 07:00:00+00:00,0.07394168217269508
501,2023-08-20 08:00:00+00:00,0.17845350230600798
501,2023-08-20 09:00:00+00:00,0.049269441795316456
501,2023-08-20 10:00:00+00:00,0.07444623435217247
501,2023-08-20 11:00:00+00:00,0.7055227741089307
501,2023-08-20 12:00:00+00:00,0.0741275294600118
501,2023-08-20 13:00:00+00:00,0.005281549951801923
501,2023-08-20 14:00:00+00:00,0.7591205178637942
501,2023-08-20 15:00:00+00:00,2.1644680841183312
501,2023-08-20 16:00:00+00:00,0.00492338188478389
501,2023-08-20 17:00:00+00:00,0.018653793143794006
501,2023-08-20 18:00:00+00:00,0.023796192235358064
501,2023-08-20 19:00:00+00:00,0.01987622731890558
501,2023-08-20 20:00:00+00:00,0.4102169971935505
501,2023-08-20 21:00:00+00:00,0.696781356117134
501,2023-08-20 22:00:00+00:00,0.3484820136772165
501,2023-08-20 23:00:00+00:00,0.18330934073557054
501,2023-08-21 00:00:00+00:00,0.2606027977552152
501,2023-08-21 01:00:00+00:00,0.050306266094103894
501,2023-08-21 02:00:00+00:00,0.057632038014212475
501,2023-08-21 03:00:00+00:00,0.048501488538424876
501,2023-08-21 04:00:00+00:00,0.06594710824479319
501,2023-08-21 05:00:00+00:00,0.06751101755378255
501,2023-08-21 06:00:00+00:00,0.18924147329723567
501,2023-08-21 07:00:00+00:00,0.3930008436108302
501,2023-08-21 08:00:00+00:00,0.45225022276000915
501,2023-08-21 09:00:00+00:00,0.6223023234173227
501,2023-08-21 10:00:00+00:00,0.8372459676212024
501,2023-08-21 11:00:00+00:00,0.7699225828858818
501,2023-08-21 12:00:00+00:00,0.9587225567326354
501,2023-08-21 13:00:00+00:00,0.9399301256813077
501,2023-08-21 14:00:00+00:00,0.01984061817844447
501,2023-08-21 15:00:00+00:00,0.021342679676287158
501,2023-08-21 16:00:00+00:00,0.023090452792924113
501,2023-08-21 17:00:00+00:00,1.0408547871104323
501,2023-08-21 18:00:00+00:00,0.745924843900825
501,2023-08-21 19:00:00+00:00,1.5958703136015369
501,2023-08-21 20:00:00+00:00,0.31991207986528486
501,2023-08-21 21:00:00+00:00,0.2953626190186038
501,2023-08-21 22:00:00+00:00,0.2911116965872126
501,2023-08-21 23:00:00+00:00,0.10544127730129883
501,2023-08-22 00:00:00+00:00,0.0642272457779703
501,2023-08-22 01:00:00+00:00,0.09527708085838789
501,2023-08-22 02:00:00+00:00,0.19367081472976364
501,2023-08-22 03:00:00+00:00,0.06061021331333128
501,2023-08-22 04:00:00+00:00,0.0040593401092755225
501,2023-08-22 05:00:00+00:00,0.005043086696223542
501,2023-08-22 06:00:00+00:00,0.036656290624177516
501,2023-08-22 07:00:00+00:00,0.9119315580858707
501,2023-08-22 08:00:00+00:00,0.03200886953122069
501,2023-08-22 09:00:00+00:00,0.015509080644363552
501,2023-08-22 10:00:00+00:00,0.01484951241073665
501,2023-08-22 11:00:00+00:00,0.013550003891955617
501,2023-08-22 12:00:00+00:00,0.014553781837770804
501,2023-08-22 13:00:00+00:00,0.015461546676276286
501,2023-08-22 14:00:00+00:00,0.01652598457524271
501,2023-08-22 15:00:00+00:00,0.018665737664939015
501,2023-08-22 16:00:00+00:00,0.020915460783606756
501,2023-08-22 17:00:00+00:00,0.02015934582797937
501,2023-08-22 18:00:00+00:00,0.006666532406306814
501,2023-08-22 19:00:00+00:00,0.003928495147463811
501,2023-08-22 20:00:00+00:00,0.002722379255974992
501,2023-08-22 21:00:00+00:00,0.011819781308966482
501,2023-08-22 22:00:00+00:00,0.0068674096324074264
501,2023-08-22 23:00:00+00:00,5.616204992095454e-06
501,2023-08-23 00:00:00+00:00,0.004264937928580972
501,2023-08-23 01:00:00+00:00,0.19200555087002166
501,2023-08-23 02:00:00+00:00,0.00225568349556251
501,2023-08-23 03:00:00+00:00,0.018160772555535915
501,2023-08-23 04:00:00+00:00,0.01449740157474005
501,2023-08-23 05:00:00+00:00,0.1196362660615346
501,2023-08-23 06:00:00+00:00,0.009992271532288306
501,2023-08-23 07:00:00+00:00,5.51266565260502e-05
501,2023-08-23 08:00:00+00:00,0.5127561653168866
501,2023-08-23 09:00:00+00:00,0.8137766913692287
501,2023-08-23 10:00:00+00:00,0.35042316592355294
501,2023-08-23 11:00:00+00:00,0.4287406580732054
501,2023-08-23 12:00:00+00:00,0.08664413018055356
501,2023-08-23 13:00:00+00:00,0.14079037188930982
501,2023-08-23 14:00:00+00:00,0.1521825433300455
501,2023-08-23 15:00:00+00:00,0.062259655287109715
501,2023-08-23 16:00:00+00:00,0.056630648682587076
501,2023-08-23 17:00:00+00:00,0.11099851439258702
501,2023-08-23 18:00:00+00:00,0.11489618710232848
501,2023-08-23 19:00:00+00:00,0.181685930128403
501,2023-08-23 20:00:00+00:00,0.035373037715496304
501,2023-08-23 21:00:00+00:00,0.16493214600482273
501,2023-08-23 22:00:00+00:00,0.007578887162476251
501,2023-08-23 23:00:00+00:00,0.0038766489145698095
501,2023-08-24 00:00:00+00:00,0.12003223631895102
501,2023-08-24 01:00:00+00:00,0.04054039660644501
501,2023-08-24 02:00:00+00:00,0.014924504223796164
501,2023-08-24 03:00:00+00:00,0.004710970257702704
501,2023-08-24 04:00:00+00:00,0.012044188493699653
501,2023-08-24 05:00:00+00:00,0.09057411942341655
501,2023-08-24 06:00:00+00:00,0.33021497174995723
501,2023-08-24 07:00:00+00:00,0.0052651352847309435
501,2023-08-24 08:00:00+00:00,0.006699502139668958
501,2023-08-24 09:00:00+00:00,0.005020551283856812
501,2023-08-24 10:00:00+00:00,0.005916950114644273
501,2023-08-24 11:00:00+00:00,0.0050859153359597425
501,2023-08-24 12:00:00+00:00,0.017782334454291133
501,2023-08-24 13:00:00+00:00,0.006422097865643993
501,2023-08-24 14:00:00+00:00,0.016186622776976668
501,2023-08-24 15:00:00+00:00,0.019685599167470074
501,2023-08-24 16:00:00+00:00,0.020113290645718058
501,2023-08-24 17:00:00+00:00,0.0075304735012899525
501,2023-08-24 18:00:00+00:00,0.0001077344170010308
501,2023-08-24 19:00:00+00:00,0.06197416401913232
501,2023-08-24 20:00:00+00:00,0.05183599923640997
501,2023-08-24 21:00:00+00:00,0.0524862653726138
501,2023-08-24 22:00:00+00:00,0.019537709631642003
501,2023-08-24 23:00:00+00:00,0.013310699278666937
501,2023-08-25 00:00:00+00:00,0.01309696814097112
501,2023-08-25 01:00:00+00:00,0.0049341565628520795
501,2023-08-25 02:00:00+00:00,5.940604387196754e-06
501,2023-08-25 03:00:00+00:00,0.020004860672160174
501,2023-08-25 04:00:00+00:00,0.07605336373911654
501,2023-08-25 05:00:00+00:00,0.06950858195068461
501,2023-08-25 06:00:00+00:00,0.03506044807328476
501,2023-08-25 07:00:00+00:00,0.2624825548194039
501,2023-08-25 08:00:00+00:00,1.7173883318099836
501,2023-08-25 09:00:00+00:00,0.01289965890060562
501,2023-08-25 10:00:00+00:00,0.005265001656068963
501,2023-08-25 11:00:00+00:00,0.016699213777987113
501,2023-08-25 12:00:00+00:00,0.021631313642030237
501,2023-08-25 13:00:00+00:00,0.021431481941836687
501,2023-08-25 14:00:00+00:00,0.021511060965109314
501,2023-08-25 15:00:00+00:00,0.02518078157226281
501,2023-08-25 16:00:00+00:00,0.023138931932146556
501,2023-08-25 17:00:00+00:00,0.02042841287437288
501,2023-08-25 18:00:00+00:00,0.03130814015069657
501,2023-08-25 19:00:00+00:00,0.0044664540702740955
501,2023-08-25 20:00:00+00:00,0.011910424696557165
501,2023-08-25 21:00:00+00:00,0.015416837840216404
501,2023-08-25 22:00:00+00:00,0.523453181456579
501,2023-08-25 23:00:00+00:00,0.3974407514663091
501,2023-08-26 00:00:00+00:00,0.03104505267455312
501,2023-08-26 01:00:00+00:00,0.20942289878288514
501,2023-08-26 02:00:00+00:00,0.13043341129307479
501,2023-08-26 03:00:00+00:00,0.18633481604121738
501,2023-08-26 04:00:00+00:00,0.12271985515546033
501,2023-08-26 05:00:00+00:00,0.10145342382637736
501,2023-08-26 06:00:00+00:00,0.16780671453673293
501,2023-08-26 07:00:00+00:00,0.00642242234890737
501,2023-08-26 08:00:00+00:00,0.008253118588213275
501,2023-08-26 09:00:00+00:00,0.004058901613836448
501,2023-08-26 10:00:00+00:00,0.005933256000496857
501,2023-08-26 11:00:00+00:00,0.020273866448966074
501,2023-08-26 12:00:00+00:00,0.007188217143011191
501,2023-08-26 13:00:00+00:00,0.006634024804471686
501,2023-08-26 14:00:00+00:00,0.019408078786274235
501,2023-08-26 15:00:00+00:00,0.017129031891289236
501,2023-08-26 16:00:00+00:00,0.01723261419138929
501,2023-08-26 17:00:00+00:00,0.005851880560606867
501,2023-08-26 18:00:00+00:00,5.41333601107235e-05
501,2023-08-26 19:00:00+00:00,0.03125331476917692
501,2023-08-26 20:00:00+00:00,0.06392407566133723
501,2023-08-26 21:00:00+00:00,1.846121864148739e-05
501,2023-08-26 22:00:00+00:00,0.0032929726265390744
501,2023-08-26 23:00:00+00:00,1.769345607682144e-05
501,2023-08-27 00:00:00+00:00,0.0071308588574041185
501,2023-08-27 01:00:00+00:00,0.008436405439943187
501,2023-08-27 02:00:00+00:00,0.0013367987262441863
501,2023-08-27 03:00:00+00:00,0.22078449906679426
501,2023-08-27 04:00:00+00:00,8.283439449540112e-06
501,2023-08-27 05:00:00+00:00,0.004893725528669263
501,2023-08-27 06:00:00+00:00,0.010938221403879112
501,2023-08-27 07:00:00+00:00,1.8798505891881367e-05
501,2023-08-27 08:00:00+00:00,2.030357284282528e-05
501,2023-08-27 09:00:00+00:00,4.789594098588577e-05
501,2023-08-27 10:00:00+00:00,7.836903082729381e-05
501,2023-08-27 11:00:00+00:00,0.05414627949094086
501,2023-08-27 12:00:00+00:00,0.06735689367172851
501,2023-08-27 13:00:00+00:00,0.05738849556611541
501,2023-08-27 14:00:00+00:00,9.44534900769279e-05
501,2023-08-27 15:00:00+00:00,0.05962192008155169
501,2023-08-27 16:00:00+00:00,0.13587171126423386
501,2023-08-27 17:00:00+00:00,0.05469622594276757
501,2023-08-27 18:00:00+00:00,5.7064495742878004e-05
501,2023-08-27 19:00:00+00:00,0.025682813046682237
501,2023-08-27 20:00:00+00:00,0.04316474052308902
501,2023-08-27 21:00:00+00:00,0.02164263248224356
501,2023-08-27 22:00:00+00:00,2.3691197071878206e-05
501,2023-08-27 23:00:00+00:00,0.008154714273758603
501,2023-08-28 00:00:00+00:00,0.006655998809081838
501,2023-08-28 01:00:00+00:00,0.009698022230146505
501,2023-08-28 02:00:00+00:00,8.124694413131784e-06
501,2023-08-28 03:00:00+00:00,0.011190665464997196
501,2023-08-28 04:00:00+00:00,0.0063276338012882
501,2023-08-28 05:00:00+00:00,0.011117798743525989
501,2023-08-28 06:00:00+00:00,0.031114681967344536
501,2023-08-28 07:00:00+00:00,0.015653446535468914
501,2023-08-28 08:00:00+00:00,0.019220868056170244
501,2023-08-28 09:00:00+00:00,0.04102338336309734
501,2023-08-28 10:00:00+00:00,0.11977546139536242
501,2023-08-28 11:00:00+00:00,0.06872210638612274
501,2023-08-28 12:00:00+00:00,0.06861555196789212
501,2023-08-28 13:00:00+00:00,0.06891599804805448
501,2023-08-28 14:00:00+00:00,0.10530000018030511
501,2023-08-28 15:00:00+00:00,0.08136211321117291
501,2023-08-28 16:00:00+00:00,0.09510033598990732
501,2023-08-28 17:00:00+00:00,0.07623441342470125
501,2023-08-28 18:00:00+00:00,0.08895676182565182
501,2023-08-28 19:00:00+00:00,6.037368801469554e-05
501,2023-08-28 20:00:00+00:00,0.030454705613322308
501,2023-08-28 21:00:00+00:00,0.04174189053288503
501,2023-08-28 22:00:00+00:00,0.03385276013448495
501,2023-08-28 23:00:00+00:00,0.012286335430145675
501,2023-08-29 00:00:00+00:00,0.09562675089370606
501,2023-08-29 01:00:00+00:00,0.0062056955535574766
501,2023-08-29 02:00:00+00:00,0.001719199055298386
501,2023-08-29 03:00:00+00:00,0.2488092076778819
501,2023-08-29 04:00:00+00:00,0.06055761536816345
501,2023-08-29 05:00:00+00:00,0.07786672162673573
501,2023-08-29 06:00:00+00:00,0.22899803616935388
501,2023-08-29 07:00:00+00:00,0.7177766751839231
501,2023-08-29 08:00:00+00:00,0.917456400433752
501,2023-08-29 09:00:00+00:00,1.6964799255422218
501,2023-08-29 10:00:00+00:00,0.6096148063694312
501,2023-08-29 11:00:00+00:00,1.8689636719870149
501,2023-08-29 12:00:00+00:00,0.6946899933845606
501,2023-08-29 13:00:00+00:00,2.125847148512505
501,2023-08-29 14:00:00+00:00,2.2431003268969705
501,2023-08-29 15:00:00+00:00,0.5580830756765975
501,2023-08-29 16:00:00+00:00,0.5907615646896288
501,2023-08-29 17:00:00+00:00,1.1578518589117075
501,2023-08-29 18:00:00+00:00,0.9486252270865038
501,2023-08-29 19:00:00+00:00,0.07836833481250972
501,2023-08-29 20:00:00+00:00,0.03798045891886171
501,2023-08-29 21:00:00+00:00,0.04151465391229209
501,2023-08-29 22:00:00+00:00,0.011680067135712196
501,2023-08-29 23:00:00+00:00,9.038057607498335e-06
501,2023-08-30 00:00:00+00:00,4.791965258711424e-06
501,2023-08-30 01:00:00+00:00,0.00019571390190490065
501,2023-08-30 02:00:00+00:00,0.0014062604934440878
501,2023-08-30 03:00:00+00:00,0.000651961404951987
501,2023-08-30 04:00:00+00:00,7.221417325092738e-06
501,2023-08-30 05:00:00+00:00,7.223121731547235e-06
501,2023-08-30 06:00:00+00:00,0.011251823358618537
501,2023-08-30 07:00:00+00:00,0.027298843309214966
501,2023-08-30 08:00:00+00:00,6.672002209563696e-05
501,2023-08-30 09:00:00+00:00,7.612437765038112e-05
501,2023-08-30 10:00:00+00:00,0.06009382465389895
501,2023-08-30 11:00:00+00:00,8.984482912730946e-05
501,2023-08-30 12:00:00+00:00,0.0053464247024517875
501,2023-08-30 13:00:00+00:00,0.005802822383016775
501,2023-08-30 14:00:00+00:00,0.005395482903499136
501,2023-08-30 15:00:00+00:00,0.006389921032149632
501,2023-08-30 16:00:00+00:00,0.00744899379954544
501,2023-08-30 17:00:00+00:00,0.007253005797377023
501,2023-08-30 18:00:00+00:00,0.005623552590137562
501,2023-08-30 19:00:00+00:00,0.047554031957692935
501,2023-08-30 20:00:00+00:00,0.003308965913111765
501,2023-08-30 21:00:00+00:00,0.02330470144143902
501,2023-08-30 22:00:00+00:00,0.027989459817518682
501,2023-08-30 23:00:00+00:00,0.0015158737054885801
501,2023-08-31 00:00:00+00:00,0.013667466957325597
501,2023-08-31 01:00:00+00:00,0.002420209063015726
501,2023-08-31 02:00:00+00:00,0.018390227736899713
501,2023-08-31 03:00:00+00:00,0.019871714324830352
501,2023-08-31 04:00:00+00:00,0.02546466097537368
501,2023-08-31 05:00:00+00:00,0.020939822544237187
501,2023-08-31 06:00:00+00:00,0.04097002053415885
501,2023-08-31 07:00:00+00:00,0.09709430252436771
501,2023-08-31 08:00:00+00:00,0.15901598077908485
501,2023-08-31 09:00:00+00:00,0.1335244291840317
501,2023-08-31 10:00:00+00:00,0.20289206447579286
501,2023-08-31 11:00:00+00:00,0.10624879803928043
501,2023-08-31 12:00:00+00:00,0.12171026231500402
501,2023-08-31 13:00:00+00:00,0.12118925345662375
501,2023-08-31 14:00:00+00:00,0.16902382848967315
501,2023-08-31 15:00:00+00:00,0.1767734083007246
501,2023-08-31 16:00:00+00:00,0.19630173948861196
501,2023-08-31 17:00:00+00:00,0.18008619816282492
501,2023-08-31 18:00:00+00:00,0.11127134680282623
501,2023-08-31 19:00:00+00:00,0.10005859496637581
501,2023-08-31 20:00:00+00:00,0.5985149408765745
501,2023-08-31 21:00:00+00:00,0.25687854593465226
501,2023-08-31 22:00:00+00:00,1.619387951008782e-05
501,2023-08-31 23:00:00+00:00,0.01371360192250264
501,2023-09-01 00:00:00+00:00,0.03823663784123731
501,2023-09-01 01:00:00+00:00,0.03130329331312666
501,2023-09-01 02:00:00+00:00,0.004849716576346827
501,2023-09-01 03:00:00+00:00,0.005537641537798268
501,2023-09-01 04:00:00+00:00,0.023630993130692286
501,2023-09-01 05:00:00+00:00,0.004000315990924645
501,2023-09-01 06:00:00+00:00,0.014576265664230443
501,2023-09-01 07:00:00+00:00,0.8498399336695979
501,2023-09-01 08:00:00+00:00,0.11465644880476898
501,2023-09-01 09:00:00+00:00,0.6987124270309447
501,2023-09-01 10:00:00+00:00,0.21224151551160558
501,2023-09-01 11:00:00+00:00,0.08244424683745999
501,2023-09-01 12:00:00+00:00,0.0965150731833308
501,2023-09-01 13:00:00+00:00,0.07524272680551379
501,2023-09-01 14:00:00+00:00,0.10132161392496895
501,2023-09-01 15:00:00+00:00,0.08088343444377269
501,2023-09-01 16:00:00+00:00,0.2542086672144559
501,2023-09-01 17:00:00+00:00,0.14689391665305004
501,2023-09-01 18:00:00+00:00,0.07564703743152465
501,2023-09-01 19:00:00+00:00,0.12421068072567497
501,2023-09-01 20:00:00+00:00,5.291261981012036e-05
501,2023-09-01 21:00:00+00:00,0.022586817464301915
501,2023-09-01 22:00:00+00:00,0.05387307862521644
501,2023-09-01 23:00:00+00:00,0.07184787340660546
501,2023-09-02 00:00:00+00:00,0.011201271469308795
501,2023-09-02 01:00:00+00:00,0.06312636890495534
501,2023-09-02 02:00:00+00:00,0.011809764827086837
501,2023-09-02 03:00:00+00:00,0.29006794119289514
501,2023-09-02 04:00:00+00:00,0.16638288973987314
501,2023-09-02 05:00:00+00:00,0.1350932801150054
501,2023-09-02 06:00:00+00:00,0.194142354061913
501,2023-09-02 07:00:00+00:00,0.055843270112479956
501,2023-09-02 08:00:00+00:00,0.09416052412251436
501,2023-09-02 09:00:00+00:00,0.0907718475021238
501,2023-09-02 10:00:00+00:00,1.6139204917945909
501,2023-09-02 11:00:00+00:00,1.852855012262192
501,2023-09-02 12:00:00+00:00,1.8856360950282016
501,2023-09-02 13:00:00+00:00,1.941441266078643
501,2023-09-02 14:00:00+00:00,1.3445942038805598
501,2023-09-02 15:00:00+00:00,0.1707029304401819
501,2023-09-02 16:00:00+00:00,0.1589309056473337
501,2023-09-02 17:00:00+00:00,0.24841267578534387
501,2023-09-02 18:00:00+00:00,0.19152345437111956
501,2023-09-02 19:00:00+00:00,0.16697399921954753
501,2023-09-02 20:00:00+00:00,0.08413385997650362
501,2023-09-02 21:00:00+00:00,0.7162979691253146
501,2023-09-02 22:00:00+00:00,0.9080951303127167
501,2023-09-02 23:00:00+00:00,0.5047922805625051
501,2023-09-03 00:00:00+00:00,0.2654695841571856
501,2023-09-03 01:00:00+00:00,0.17420527393010193
501,2023-09-03 02:00:00+00:00,0.0837529524310204
501,2023-09-03 03:00:00+00:00,0.043665073037161245
501,2023-09-03 04:00:00+00:00,0.030638658893727983
501,2023-09-03 05:00:00+00:00,0.043665073037161245
501,2023-09-03 06:00:00+00:00,0.17910067709745095
501,2023-09-03 07:00:00+00:00,0.17910067709745095
501,2023-09-03 08:00:00+00:00,0.17910067709745095
501,2023-09-03 09:00:00+00:00,0.17910067709745095
501,2023-09-03 10:00:00+00:00,0.10787738231913337
501,2023-09-03 11:00:00+00:00,0.15121857479801531
501,2023-09-03 12:00:00+00:00,0.4473312121659176
501,2023-09-03 13:00:00+00:00,0.21355083195506594
501,2023-09-03 14:00:00+00:00,0.21355083195506594
501,2023-09-03 15:00:00+00:00,0.4473312121659176
501,2023-09-03 16:00:00+00:00,0.33338692214544324
501,2023-09-03 17:00:00+00:00,0.4960772350034569
501,2023-09-03 18:00:00+00:00,0.33338692214544324
501,2023-09-03 19:00:00+00:00,0.11290110985830853
501,2023-09-03 20:00:00+00:00,0.1620717602009337
501,2023-09-03 21:00:00+00:00,0.11290110985830853
501,2023-09-03 22:00:00+00:00,0.1620717602009337
501,2023-09-03 23:00:00+00:00,0.1620717602009337
501,2023-09-04 00:00:00+00:00,0.030638658893727983
501,2023-09-04 01:00:00+00:00,0.016068984690298556
501,2023-09-04 02:00:00+00:00,0.01655762045096159
501,2023-09-04 03:00:00+00:00,0.029819927174760286
501,2023-09-04 04:00:00+00:00,0.03595032212884356
501,2023-09-04 05:00:00+00:00,0.054967428170876166
501,2023-09-04 06:00:00+00:00,0.14220061112771276
501,2023-09-04 07:00:00+00:00,0.5388887602631274
501,2023-09-04 08:00:00+00:00,0.27933940948168096
501,2023-09-04 09:00:00+00:00,0.26472259827139977
501,2023-09-04 10:00:00+00:00,0.14287106107938755
501,2023-09-04 11:00:00+00:00,0.19874772743798724
501,2023-09-04 12:00:00+00:00,0.16562054116493313
501,2023-09-04 13:00:00+00:00,0.15890916054281629
501,2023-09-04 14:00:00+00:00,0.25147429182125836
501,2023-09-04 15:00:00+00:00,0.24635003424404933
501,2023-09-04 16:00:00+00:00,0.36679586107428036
501,2023-09-04 17:00:00+00:00,0.2527859543414111
501,2023-09-04 18:00:00+00:00,0.30050807113158845
501,2023-09-04 19:00:00+00:00,0.35598335829770816
501,2023-09-04 20:00:00+00:00,0.2599992321961064
501,2023-09-04 21:00:00+00:00,0.143252013839316
501,2023-09-04 22:00:00+00:00,0.06851883446478704
501,2023-09-04 23:00:00+00:00,0.055860062648540036
501,2023-09-05 00:00:00+00:00,0.051736750271289884
501,2023-09-05 01:00:00+00:00,0.0554012226410496
501,2023-09-05 02:00:00+00:00,0.024883533672327558
501,2023-09-05 03:00:00+00:00,0.03988956367389005
501,2023-09-05 04:00:00+00:00,0.11905966444317144
501,2023-09-05 05:00:00+00:00,0.02177387889770672
501,2023-09-05 06:00:00+00:00,0.5259267425845039
501,2023-09-05 07:00:00+00:00,1.640546858742287
501,2023-09-05 08:00:00+00:00,1.8134621279549683
501,2023-09-05 09:00:00+00:00,0.8854902536466717
501,2023-09-05 10:00:00+00:00,1.1762528119203453
501,2023-09-05 11:00:00+00:00,0.6996060509249499
501,2023-09-05 12:00:00+00:00,0.18462499565930846
501,2023-09-05 13:00:00+00:00,0.22338946637535995
501,2023-09-05 14:00:00+00:00,0.2053384416570191
501,2023-09-05 15:00:00+00:00,0.31446860326356735
501,2023-09-05 16:00:00+00:00,0.38665075175016983
501,2023-09-05 17:00:00+00:00,0.37720725107072134
501,2023-09-05 18:00:00+00:00,0.32420089157680854
501,2023-09-05 19:00:00+00:00,0.2581781455916078
501,2023-09-05 20:00:00+00:00,0.11297101688099825
501,2023-09-05 21:00:00+00:00,0.07193482238483831
501,2023-09-05 22:00:00+00:00,0.011069710765068628
501,2023-09-05 23:00:00+00:00,0.00940314279372656
501,2023-09-06 00:00:00+00:00,0.0034801010156211183
501,2023-09-06 01:00:00+00:00,0.06311912527423963
501,2023-09-06 02:00:00+00:00,0.014287397769870131
501,2023-09-06 03:00:00+00:00,0.016588102072632945
501,2023-09-06 04:00:00+00:00,0.02304672102890914
501,2023-09-06 05:00:00+00:00,0.04101285864826037
501,2023-09-06 06:00:00+00:00,0.456186429757022
501,2023-09-06 07:00:00+00:00,0.16877035242936778
501,2023-09-06 08:00:00+00:00,1.6835846461163448
501,2023-09-06 09:00:00+00:00,0.32518328466746027
501,2023-09-06 10:00:00+00:00,0.23012192741339596
501,2023-09-06 11:00:00+00:00,0.7414158160926706
501,2023-09-06 12:00:00+00:00,0.26860172938604737
501,2023-09-06 13:00:00+00:00,0.29168565704070304
501,2023-09-06 14:00:00+00:00,0.09038342443746095
501,2023-09-06 15:00:00+00:00,0.07856254185308095
501,2023-09-06 16:00:00+00:00,1.3324070023095447
501,2023-09-06 17:00:00+00:00,0.3137749978067083
501,2023-09-06 18:00:00+00:00,0.9446143971734476
501,2023-09-06 19:00:00+00:00,0.7167510307699259
501,2023-09-06 20:00:00+00:00,0.7585322955798021
501,2023-09-06 21:00:00+00:00,0.4756866928953441
501,2023-09-06 22:00:00+00:00,0.1843238072213184
501,2023-09-06 23:00:00+00:00,0.030762303286700085
501,2023-09-07 00:00:00+00:00,0.03196042297948324
501,2023-09-07 01:00:00+00:00,0.03273768779982745
501,2023-09-07 02:00:00+00:00,0.02846791544878102
501,2023-09-07 03:00:00+00:00,0.03585158862866149
501,2023-09-07 04:00:00+00:00,0.026662503730317925
501,2023-09-07 05:00:00+00:00,0.13849926192948295
501,2023-09-07 06:00:00+00:00,0.20722186863134687
501,2023-09-07 07:00:00+00:00,0.5582632317360688
501,2023-09-07 08:00:00+00:00,1.0901225203970177
501,2023-09-07 09:00:00+00:00,0.9344574586325136
501,2023-09-07 10:00:00+00:00,0.7177300046848868
501,2023-09-07 11:00:00+00:00,0.7344845061561428
501,2023-09-07 12:00:00+00:00,0.188123009114261
501,2023-09-07 13:00:00+00:00,0.17629733279419638
501,2023-09-07 14:00:00+00:00,0.09167957671268336
501,2023-09-07 15:00:00+00:00,0.2869348991536604
501,2023-09-07 16:00:00+00:00,0.41412875074110056
501,2023-09-07 17:00:00+00:00,1.2008002672799458
501,2023-09-07 18:00:00+00:00,0.1320501571184204
501,2023-09-07 19:00:00+00:00,0.024302738420106978
501,2023-09-07 20:00:00+00:00,0.052981928282830375
501,2023-09-07 21:00:00+00:00,0.01796354717225084
501,2023-09-07 22:00:00+00:00,0.022767789342637193
501,2023-09-07 23:00:00+00:00,0.006847980682138142
501,2023-09-08 00:00:00+00:00,0.005388509846512769
501,2023-09-08 01:00:00+00:00,0.025100564878247578
501,2023-09-08 02:00:00+00:00,0.0526743368462274
501,2023-09-08 03:00:00+00:00,0.0004672411039840881
501,2023-09-08 04:00:00+00:00,0.26842667948268745
501,2023-09-08 05:00:00+00:00,0.01634732966926482
501,2023-09-08 06:00:00+00:00,0.04435648649512039
501,2023-09-08 07:00:00+00:00,0.43061178284173596
501,2023-09-08 08:00:00+00:00,0.14393377031092505
501,2023-09-08 09:00:00+00:00,0.1011563963895557
501,2023-09-08 10:00:00+00:00,0.08023142381911502
501,2023-09-08 11:00:00+00:00,0.07050647691999533
501,2023-09-08 12:00:00+00:00,0.17410801610904278
501,2023-09-08 13:00:00+00:00,0.13657231947330978
501,2023-09-08 14:00:00+00:00,0.1394467681380622
501,2023-09-08 15:00:00+00:00,0.057370317418833354
501,2023-09-08 16:00:00+00:00,0.1537998072379683
501,2023-09-08 17:00:00+00:00,0.053042626877251836
501,2023-09-08 18:00:00+00:00,8.091335649412208e-05
501,2023-09-08 19:00:00+00:00,0.0375856338606502
501,2023-09-08 20:00:00+00:00,0.002918059179181467
501,2023-09-08 21:00:00+00:00,0.010663061767001849
501,2023-09-08 22:00:00+00:00,0.010386250264157392
501,2023-09-08 23:00:00+00:00,0.23454205673233183
501,2023-09-09 00:00:00+00:00,1.689252389077099e-05
501,2023-09-09 01:00:00+00:00,0.01282411379616501
501,2023-09-09 02:00:00+00:00,0.09017233416501574
501,2023-09-09 03:00:00+00:00,0.10511473269355844
501,2023-09-09 04:00:00+00:00,0.009052352818892445
501,2023-09-09 05:00:00+00:00,7.221878710359946e-06
501,2023-09-09 06:00:00+00:00,0.01972628106129657
501,2023-09-09 07:00:00+00:00,0.26177298795851056
501,2023-09-09 08:00:00+00:00,0.03257507502906478
501,2023-09-09 09:00:00+00:00,0.0556816167863805
501,2023-09-09 10:00:00+00:00,0.09799905050679564
501,2023-09-09 11:00:00+00:00,0.10089427568271937
501,2023-09-09 12:00:00+00:00,0.15306079058720493
501,2023-09-09 13:00:00+00:00,0.14860268540151556
501,2023-09-09 14:00:00+00:00,0.20601964285475427
501,2023-09-09 15:00:00+00:00,0.1537277914087641
501,2023-09-09 16:00:00+00:00,0.1719101703779091
501,2023-09-09 17:00:00+00:00,0.15438038906205517
501,2023-09-09 18:00:00+00:00,0.04902563908590115
501,2023-09-09 19:00:00+00:00,0.05165651923730312
501,2023-09-09 20:00:00+00:00,0.12582092798107689
501,2023-09-09 21:00:00+00:00,0.3287394148169589
501,2023-09-09 22:00:00+00:00,0.10970536152950328
501,2023-09-09 23:00:00+00:00,0.21239842553496358
501,2023-09-10 00:00:00+00:00,0.10046701277119856
501,2023-09-10 01:00:00+00:00,0.02599395135616884
501,2023-09-10 02:00:00+00:00,1.963644306693691e-05
501,2023-09-10 03:00:00+00:00,0.16981619618509095
501,2023-09-10 04:00:00+00:00,0.03759027609100126
501,2023-09-10 05:00:00+00:00,0.004046109438267701
501,2023-09-10 06:00:00+00:00,0.12678171264224927
501,2023-09-10 07:00:00+00:00,0.06055551627683367
501,2023-09-10 08:00:00+00:00,0.44692178773421487
501,2023-09-10 09:00:00+00:00,0.27836529249451997
501,2023-09-10 10:00:00+00:00,0.04586406129438085
501,2023-09-10 11:00:00+00:00,0.09554781202607023
501,2023-09-10 12:00:00+00:00,1.7297437152784132
501,2023-09-10 13:00:00+00:00,0.438111002739809
501,2023-09-10 14:00:00+00:00,0.2111020183426871
501,2023-09-10 15:00:00+00:00,0.5463247567168137
501,2023-09-10 16:00:00+00:00,0.5054515466440512
501,2023-09-10 17:00:00+00:00,0.4222361048909862
501,2023-09-10 18:00:00+00:00,0.33488571646319915
501,2023-09-10 19:00:00+00:00,0.30383360448749497
501,2023-09-10 20:00:00+00:00,0.3548325563460048
501,2023-09-10 21:00:00+00:00,0.8218236459104425
501,2023-09-10 22:00:00+00:00,0.02904232209943813
501,2023-09-10 23:00:00+00:00,0.005160939119363972
501,2023-09-11 00:00:00+00:00,0.001994764067723882
501,2023-09-11 01:00:00+00:00,0.001571665171524779
501,2023-09-11 02:00:00+00:00,0.0022583248689067195
501,2023-09-11 03:00:00+00:00,0.0017406864478283941
501,2023-09-11 04:00:00+00:00,0.009446942253139835
501,2023-09-11 05:00:00+00:00,0.36949405433575355
501,2023-09-11 06:00:00+00:00,0.8689369548087384
501,2023-09-11 07:00:00+00:00,0.7887733016489213
501,2023-09-11 08:00:00+00:00,2.1670930024585613
501,2023-09-11 09:00:00+00:00,0.0873220783456981
501,2023-09-11 10:00:00+00:00,0.0830724143075353
501,2023-09-11 11:00:00+00:00,0.013666948469903439
501,2023-09-11 12:00:00+00:00,0.025947223625923138
501,2023-09-11 13:00:00+00:00,0.016668113893936923
501,2023-09-11 14:00:00+00:00,0.015396747687554183
501,2023-09-11 15:00:00+00:00,0.004792440790805606
501,2023-09-11 16:00:00+00:00,0.006601485477174111
501,2023-09-11 17:00:00+00:00,0.0303668215087085
501,2023-09-11 18:00:00+00:00,0.015790740061130255
501,2023-09-11 19:00:00+00:00,0.011185821181424367
501,2023-09-11 20:00:00+00:00,0.013618558531781075
501,2023-09-11 21:00:00+00:00,0.011121887443252512
501,2023-09-11 22:00:00+00:00,0.009318435019577877
501,2023-09-11 23:00:00+00:00,0.0010107148685070655
501,2023-09-12 00:00:00+00:00,0.0036106505938939084
501,2023-09-12 01:00:00+00:00,0.004511968819200804
501,2023-09-12 02:00:00+00:00,0.13414325906921587
501,2023-09-12 03:00:00+00:00,0.09574802558435855
501,2023-09-12 04:00:00+00:00,0.16006441236967306
501,2023-09-12 05:00:00+00:00,0.014054253975776398
501,2023-09-12 06:00:00+00:00,0.3770644070230041
501,2023-09-12 07:00:00+00:00,0.11041680039693981
501,2023-09-12 08:00:00+00:00,0.01903478159055249
501,2023-09-12 09:00:00+00:00,1.7244053971396185
501,2023-09-12 10:00:00+00:00,0.07674110592815214
501,2023-09-12 11:00:00+00:00,0.013243632320010112
501,2023-09-12 12:00:00+00:00,0.013337991377833265
501,2023-09-12 13:00:00+00:00,0.014566435237267191
501,2023-09-12 14:00:00+00:00,0.06041603791495689
501,2023-09-12 15:00:00+00:00,0.15135108592279187
501,2023-09-12 16:00:00+00:00,0.1492619881590478
501,2023-09-12 17:00:00+00:00,0.14844051843720507
501,2023-09-12 18:00:00+00:00,0.1361436931249883
501,2023-09-12 19:00:00+00:00,0.14662455571753097
501,2023-09-12 20:00:00+00:00,0.07899658372649808
501,2023-09-12 21:00:00+00:00,0.05400479069462985
501,2023-09-12 22:00:00+00:00,0.4501931167465814
501,2023-09-12 23:00:00+00:00,0.027628048871040402
501,2023-09-13 00:00:00+00:00,0.16517335091488977
501,2023-09-13 01:00:00+00:00,0.0880933861740364
501,2023-09-13 02:00:00+00:00,0.007798786503759446
501,2023-09-13 03:00:00+00:00,0.07043457216489821
501,2023-09-13 04:00:00+00:00,0.03079444473193906
501,2023-09-13 05:00:00+00:00,0.03058750479585971
501,2023-09-13 06:00:00+00:00,0.07122351010287953
501,2023-09-13 07:00:00+00:00,1.20315999645964
501,2023-09-13 08:00:00+00:00,0.15017458328110192
501,2023-09-13 09:00:00+00:00,0.9195282123292768
501,2023-09-13 10:00:00+00:00,1.0627654383062988
501,2023-09-13 11:00:00+00:00,0.18046658290102877
501,2023-09-13 12:00:00+00:00,0.3888826207949852
501,2023-09-13 13:00:00+00:00,0.22064215799699124
501,2023-09-13 14:00:00+00:00,0.3316749861236323
501,2023-09-13 15:00:00+00:00,0.5064212498106271
501,2023-09-13 16:00:00+00:00,0.18887445738892517
501,2023-09-13 17:00:00+00:00,0.16446179302029273
501,2023-09-13 18:00:00+00:00,0.11810750716080981
501,2023-09-13 19:00:00+00:00,0.0036839292332985427
501,2023-09-13 20:00:00+00:00,0.009466662962753286
501,2023-09-13 21:00:00+00:00,0.4173736334191209
501,2023-09-13 22:00:00+00:00,0.15745079758258632
501,2023-09-13 23:00:00+00:00,0.03021950845020547
501,2023-09-14 00:00:00+00:00,0.07202927044171531
501,2023-09-14 01:00:00+00:00,0.04289477574816968
501,2023-09-14 02:00:00+00:00,0.15602163532752283
501,2023-09-14 03:00:00+00:00,0.06333998145473707
501,2023-09-14 04:00:00+00:00,0.044926443452930724
501,2023-09-14 05:00:00+00:00,0.08538005429331907
501,2023-09-14 06:00:00+00:00,0.20903282421743558
501,2023-09-14 07:00:00+00:00,0.48631605133540873
501,2023-09-14 08:00:00+00:00,0.47666936852916814
501,2023-09-14 09:00:00+00:00,0.4558179506314314
501,2023-09-14 10:00:00+00:00,0.6267371729005755
501,2023-09-14 11:00:00+00:00,0.5310168976084108
501,2023-09-14 12:00:00+00:00,0.0821469692907215
501,2023-09-14 13:00:00+00:00,0.8139964983555279
501,2023-09-14 14:00:00+00:00,0.08439353158474637
501,2023-09-14 15:00:00+00:00,0.8944842283292173
501,2023-09-14 16:00:00+00:00,1.0137710243918747
501,2023-09-14 17:00:00+00:00,0.9340318204224906
501,2023-09-14 18:00:00+00:00,0.015521734043859939
501,2023-09-14 19:00:00+00:00,0.003781773719326161
501,2023-09-14 20:00:00+00:00,0.016574672659236716
501,2023-09-14 21:00:00+00:00,0.48607728189572336
501,2023-09-14 22:00:00+00:00,0.30482573903001986
501,2023-09-14 23:00:00+00:00,0.11452027467815223
501,2023-09-15 00:00:00+00:00,0.05212750806505338
501,2023-09-15 01:00:00+00:00,0.014134131872100442
501,2023-09-15 02:00:00+00:00,0.008393481654101902
501,2023-09-15 03:00:00+00:00,0.05506709431066825
501,2023-09-15 04:00:00+00:00,0.04100728969159935
501,2023-09-15 05:00:00+00:00,0.014266530891965003
501,2023-09-15 06:00:00+00:00,0.04259429053501436
501,2023-09-15 07:00:00+00:00,0.11626292585712304
501,2023-09-15 08:00:00+00:00,0.1714069022174555
501,2023-09-15 09:00:00+00:00,0.1869889621611162
501,2023-09-15 10:00:00+00:00,0.34645706101789026
501,2023-09-15 11:00:00+00:00,0.19658331470585733
501,2023-09-15 12:00:00+00:00,0.23027122410516324
501,2023-09-15 13:00:00+00:00,0.41704294372984946
501,2023-09-15 14:00:00+00:00,0.393937789136297
501,2023-09-15 15:00:00+00:00,0.15125133570530888
501,2023-09-15 16:00:00+00:00,0.22205795282024865
501,2023-09-15 17:00:00+00:00,0.12413208745244203
501,2023-09-15 18:00:00+00:00,0.19376725584709156
501,2023-09-15 19:00:00+00:00,0.22917454857140887
501,2023-09-15 20:00:00+00:00,0.20150725769257907
501,2023-09-15 21:00:00+00:00,0.10029833918525262
501,2023-09-15 22:00:00+00:00,0.23618506737020004
501,2023-09-15 23:00:00+00:00,0.2609181290530564
501,2023-09-16 00:00:00+00:00,0.1439647430211554
501,2023-09-16 01:00:00+00:00,0.027661961814313057
501,2023-09-16 02:00:00+00:00,0.10768645620895978
501,2023-09-16 03:00:00+00:00,0.021210040193977635
501,2023-09-16 04:00:00+00:00,0.19264972871838354
501,2023-09-16 05:00:00+00:00,0.1265117241529076
501,2023-09-16 06:00:00+00:00,0.20899449914739832
501,2023-09-16 07:00:00+00:00,0.047425229196737625
501,2023-09-16 08:00:00+00:00,0.46352727231717505
501,2023-09-16 09:00:00+00:00,0.10669501478282861
501,2023-09-16 10:00:00+00:00,0.13183898122590793
501,2023-09-16 11:00:00+00:00,0.14977790019030035
501,2023-09-16 12:00:00+00:00,1.2586499166951386
501,2023-09-16 13:00:00+00:00,0.13780934951837304
501,2023-09-16 14:00:00+00:00,0.12927002292739675
501,2023-09-16 15:00:00+00:00,0.11299447991616988
501,2023-09-16 16:00:00+00:00,0.12267004661966058
501,2023-09-16 17:00:00+00:00,0.11762066859113525
501,2023-09-16 18:00:00+00:00,0.1572281570404435
501,2023-09-16 19:00:00+00:00,0.1108485496154369
501,2023-09-16 20:00:00+00:00,0.8107612030895391
501,2023-09-16 21:00:00+00:00,0.687302358350773
501,2023-09-16 22:00:00+00:00,0.5988680321812291
501,2023-09-16 23:00:00+00:00,0.5681971022746112
501,2023-09-17 00:00:00+00:00,0.43494709727395586
501,2023-09-17 01:00:00+00:00,0.40708611263893446
501,2023-09-17 02:00:00+00:00,0.2852225292459442
501,2023-09-17 03:00:00+00:00,0.12308613170752306
501,2023-09-17 04:00:00+00:00,0.1216536051378355
501,2023-09-17 05:00:00+00:00,0.05423758651814537
501,2023-09-17 06:00:00+00:00,0.05771523756215379
501,2023-09-17 07:00:00+00:00,0.09696368890698576
501,2023-09-17 08:00:00+00:00,0.10391102426859587
501,2023-09-17 09:00:00+00:00,0.193472956979478
501,2023-09-17 10:00:00+00:00,0.27700482188020725
501,2023-09-17 11:00:00+00:00,0.31476958469535876
501,2023-09-17 12:00:00+00:00,0.41546321043119866
501,2023-09-17 13:00:00+00:00,0.42702051106016814
501,2023-09-17 14:00:00+00:00,0.38660262047787103
501,2023-09-17 15:00:00+00:00,0.27503077064489856
501,2023-09-17 16:00:00+00:00,0.20658141416502854
501,2023-09-17 17:00:00+00:00,0.13102167899036124
501,2023-09-17 18:00:00+00:00,0.24706853018698655
501,2023-09-17 19:00:00+00:00,0.06279275257024876
501,2023-09-17 20:00:00+00:00,0.05191096420817674
501,2023-09-17 21:00:00+00:00,0.11441206059134744
501,2023-09-17 22:00:00+00:00,0.08973208091336501
501,2023-09-17 23:00:00+00:00,0.06204141521698262
501,2023-09-18 00:00:00+00:00,0.05766938356406699
501,2023-09-18 01:00:00+00:00,0.058249916630835
501,2023-09-18 02:00:00+00:00,0.009011553340590435
501,2023-09-18 03:00:00+00:00,0.007879210095991256
501,2023-09-18 04:00:00+00:00,0.11913315016505935
501,2023-09-18 05:00:00+00:00,0.35960879552652475
501,2023-09-18 06:00:00+00:00,0.18389302375933572
501,2023-09-18 07:00:00+00:00,0.40854286622651825
501,2023-09-18 08:00:00+00:00,0.10496296629693724
501,2023-09-18 09:00:00+00:00,0.3266597653716657
501,2023-09-18 10:00:00+00:00,0.6272885366633802
501,2023-09-18 11:00:00+00:00,0.013832844772641283
501,2023-09-18 12:00:00+00:00,0.004417608863357248
501,2023-09-18 13:00:00+00:00,0.004792372825885635
501,2023-09-18 14:00:00+00:00,0.005118382162461009
501,2023-09-18 15:00:00+00:00,0.0050367393855263905
501,2023-09-18 16:00:00+00:00,0.006617496879606026
501,2023-09-18 17:00:00+00:00,0.006519752062778764
501,2023-09-18 18:00:00+00:00,0.004564280442700419
501,2023-09-18 19:00:00+00:00,0.003879446035085419
501,2023-09-18 20:00:00+00:00,0.0024941917383653517
501,2023-09-18 21:00:00+00:00,0.002200612959670947
501,2023-09-18 22:00:00+00:00,0.006058211517192615
501,2023-09-18 23:00:00+00:00,0.0013482807491973852
501,2023-09-19 00:00:00+00:00,0.0032419910507263706
501,2023-09-19 01:00:00+00:00,0.00307623492101683
501,2023-09-19 02:00:00+00:00,0.01646860009606626
501,2023-09-19 03:00:00+00:00,0.4346357900086996
501,2023-09-19 04:00:00+00:00,0.2936622285822839
501,2023-09-19 05:00:00+00:00,0.33820791640938075
501,2023-09-19 06:00:00+00:00,0.3432322467762338
501,2023-09-19 07:00:00+00:00,0.8028116969050132
501,2023-09-19 08:00:00+00:00,0.8903061338640806
501,2023-09-19 09:00:00+00:00,0.7092086307683275
501,2023-09-19 10:00:00+00:00,1.7575993885829353
501,2023-09-19 11:00:00+00:00,1.3429758105241119
501,2023-09-19 12:00:00+00:00,0.8593825983394309
501,2023-09-19 13:00:00+00:00,0.0807624461809774
501,2023-09-19 14:00:00+00:00,0.024149101557515297
501,2023-09-19 15:00:00+00:00,0.09070517627298047
501,2023-09-19 16:00:00+00:00,0.10398241135081261
501,2023-09-19 17:00:00+00:00,0.10302997893872409
501,2023-09-19 18:00:00+00:00,0.10489151771046709
501,2023-09-19 19:00:00+00:00,0.7233242732658417
501,2023-09-19 20:00:00+00:00,0.4657192947114665
501,2023-09-19 21:00:00+00:00,0.9853944151375535
501,2023-09-19 22:00:00+00:00,1.2969988205942893
501,2023-09-19 23:00:00+00:00,0.5119014429094058
501,2023-09-20 00:00:00+00:00,0.29232365473084243
501,2023-09-20 01:00:00+00:00,0.14552559881598054
501,2023-09-20 02:00:00+00:00,0.09913134020284325
501,2023-09-20 03:00:00+00:00,0.07694751157594694
501,2023-09-20 04:00:00+00:00,0.0955714689954334
501,2023-09-20 05:00:00+00:00,0.12052155125938116
501,2023-09-20 06:00:00+00:00,0.2788309499874601
501,2023-09-20 07:00:00+00:00,0.857954137644811
501,2023-09-20 08:00:00+00:00,0.510391721778593
501,2023-09-20 09:00:00+00:00,0.3604486268671189
501,2023-09-20 10:00:00+00:00,0.4087820737943624
501,2023-09-20 11:00:00+00:00,0.3720743194679201
501,2023-09-20 12:00:00+00:00,0.4231416398748307
501,2023-09-20 13:00:00+00:00,1.660472949657022
501,2023-09-20 14:00:00+00:00,0.01501422724955553
501,2023-09-20 15:00:00+00:00,0.026640243125023805
501,2023-09-20 16:00:00+00:00,0.013346625192102179
501,2023-09-20 17:00:00+00:00,0.02474624805038113
501,2023-09-20 18:00:00+00:00,0.01997033402766971
501,2023-09-20 19:00:00+00:00,0.07119036849037222
501,2023-09-20 20:00:00+00:00,0.009688843890287712
501,2023-09-20 21:00:00+00:00,0.0025103322654070025
501,2023-09-20 22:00:00+00:00,0.0070323607640101
501,2023-09-20 23:00:00+00:00,0.006044087707779729
501,2023-09-21 00:00:00+00:00,0.1582447364193763
501,2023-09-21 01:00:00+00:00,0.1763693509169265
501,2023-09-21 02:00:00+00:00,0.049029029770480535
501,2023-09-21 03:00:00+00:00,0.07102697580499555
501,2023-09-21 04:00:00+00:00,0.029414508166754474
501,2023-09-21 05:00:00+00:00,0.019929174255458024
501,2023-09-21 06:00:00+00:00,0.029534202229102968
501,2023-09-21 07:00:00+00:00,0.34560102694596134
501,2023-09-21 08:00:00+00:00,0.49253210456061686
501,2023-09-21 09:00:00+00:00,0.4312947427941902
501,2023-09-21 10:00:00+00:00,0.37838696902545177
501,2023-09-21 11:00:00+00:00,1.6942772393508136
501,2023-09-21 12:00:00+00:00,0.8344102818952653
501,2023-09-21 13:00:00+00:00,0.08539628275746235
501,2023-09-21 14:00:00+00:00,0.01594232891488516
501,2023-09-21 15:00:00+00:00,0.09072525316558169
501,2023-09-21 16:00:00+00:00,0.16241835217181716
501,2023-09-21 17:00:00+00:00,0.006959834769002083
501,2023-09-21 18:00:00+00:00,0.006568610865266537
501,2023-09-21 19:00:00+00:00,5.453090276057166e-05
501,2023-09-21 20:00:00+00:00,0.483364709380116
501,2023-09-21 21:00:00+00:00,0.007997355398447335
501,2023-09-21 22:00:00+00:00,0.0021681234823017455
501,2023-09-21 23:00:00+00:00,1.8942380299467115e-05
501,2023-09-22 00:00:00+00:00,1.4330388358661913e-05
501,2023-09-22 01:00:00+00:00,0.009465743742650442
501,2023-09-22 02:00:00+00:00,0.004813908132675952
501,2023-09-22 03:00:00+00:00,4.3016423237805366e-06
501,2023-09-22 04:00:00+00:00,4.592563917571292e-06
501,2023-09-22 05:00:00+00:00,4.883766872370974e-06
501,2023-09-22 06:00:00+00:00,0.0015323540476838325
501,2023-09-22 07:00:00+00:00,0.8080800071349084
501,2023-09-22 08:00:00+00:00,0.029345620926289968
501,2023-09-22 09:00:00+00:00,0.004987916841835405
501,2023-09-22 10:00:00+00:00,0.0038308998874145767
501,2023-09-22 11:00:00+00:00,0.005477048662950167
501,2023-09-22 12:00:00+00:00,0.10147623830773654
501,2023-09-22 13:00:00+00:00,0.07311684290931081
501,2023-09-22 14:00:00+00:00,0.054813235749162845
501,2023-09-22 15:00:00+00:00,0.06122871514427164
501,2023-09-22 16:00:00+00:00,0.00010943113973083745
501,2023-09-22 17:00:00+00:00,0.06931346495513177
501,2023-09-22 18:00:00+00:00,0.13645709414403906
501,2023-09-22 19:00:00+00:00,0.04126851684052646
501,2023-09-22 20:00:00+00:00,5.0644152953722975e-05
501,2023-09-22 21:00:00+00:00,0.015866631728796078
501,2023-09-22 22:00:00+00:00,0.0030646582662857773
501,2023-09-22 23:00:00+00:00,0.002428931871803827
501,2023-09-23 00:00:00+00:00,0.0070644058191954625
501,2023-09-23 01:00:00+00:00,0.005293338304082456
501,2023-09-23 02:00:00+00:00,0.004164101416393927
501,2023-09-23 03:00:00+00:00,0.0038032784446534783
501,2023-09-23 04:00:00+00:00,0.0034807661987233934
501,2023-09-23 05:00:00+00:00,0.011814364676402088
501,2023-09-23 06:00:00+00:00,0.08707811048386913
501,2023-09-23 07:00:00+00:00,0.12353579009396307
501,2023-09-23 08:00:00+00:00,0.9332227926308437
501,2023-09-23 09:00:00+00:00,0.07458128440846279
501,2023-09-23 10:00:00+00:00,0.015617747151169644
501,2023-09-23 11:00:00+00:00,0.017633581113941744
501,2023-09-23 12:00:00+00:00,0.020815544933509983
501,2023-09-23 13:00:00+00:00,0.014915614921624104
501,2023-09-23 14:00:00+00:00,0.03102502336139856
501,2023-09-23 15:00:00+00:00,0.02982272174561363
501,2023-09-23 16:00:00+00:00,2.1178841902056025
501,2023-09-23 17:00:00+00:00,0.6768150546925736
501,2023-09-23 18:00:00+00:00,0.49207323854062585
501,2023-09-23 19:00:00+00:00,0.3781947463910186
501,2023-09-23 20:00:00+00:00,0.2855471021236698
501,2023-09-23 21:00:00+00:00,0.2931243606668819
501,2023-09-23 22:00:00+00:00,0.30169156147255355
501,2023-09-23 23:00:00+00:00,0.22461276247114942
501,2023-09-24 00:00:00+00:00,0.1988482229641924
501,2023-09-24 01:00:00+00:00,0.1649920416150527
501,2023-09-24 02:00:00+00:00,0.12230131338205652
501,2023-09-24 03:00:00+00:00,0.13337709645227985
501,2023-09-24 04:00:00+00:00,0.11209352915159584
501,2023-09-24 05:00:00+00:00,0.043660730933562736
501,2023-09-24 06:00:00+00:00,0.060511359383963716
501,2023-09-24 07:00:00+00:00,0.08398440748053317
501,2023-09-24 08:00:00+00:00,0.12168040057223803
501,2023-09-24 09:00:00+00:00,0.223711181830863
501,2023-09-24 10:00:00+00:00,0.3432173200613831
501,2023-09-24 11:00:00+00:00,0.43221032442409724
501,2023-09-24 12:00:00+00:00,0.47040543722396116
501,2023-09-24 13:00:00+00:00,0.5721842208403303
501,2023-09-24 14:00:00+00:00,0.7625466784329691
501,2023-09-24 15:00:00+00:00,0.76358256997329
501,2023-09-24 16:00:00+00:00,0.4250836517498424
501,2023-09-24 17:00:00+00:00,0.4220702569114695
501,2023-09-24 18:00:00+00:00,0.32218757937084946
501,2023-09-24 19:00:00+00:00,0.23807471442038858
501,2023-09-24 20:00:00+00:00,0.19936335830333546
501,2023-09-24 21:00:00+00:00,0.15623605002169091
501,2023-09-24 22:00:00+00:00,0.14736543026206886
501,2023-09-24 23:00:00+00:00,0.07906317679292366
501,2023-09-25 00:00:00+00:00,0.12229419242699906
501,2023-09-25 01:00:00+00:00,0.09690548056232859
501,2023-09-25 02:00:00+00:00,0.003577844235647054
501,2023-09-25 03:00:00+00:00,0.08201556915478955
501,2023-09-25 04:00:00+00:00,0.1944191352323046
501,2023-09-25 05:00:00+00:00,0.3578771183353273
501,2023-09-25 06:00:00+00:00,0.27259235555961686
501,2023-09-25 07:00:00+00:00,0.7864689928254055
501,2023-09-25 08:00:00+00:00,0.5093356490853302
501,2023-09-25 09:00:00+00:00,1.9345433236644085
501,2023-09-25 10:00:00+00:00,0.718810842491944
501,2023-09-25 11:00:00+00:00,0.7176187897138975
501,2023-09-25 12:00:00+00:00,0.023579974806953376
501,2023-09-25 13:00:00+00:00,0.02539834907909039
501,2023-09-25 14:00:00+00:00,0.0156934234316552
501,2023-09-25 15:00:00+00:00,0.005460677046032015
501,2023-09-25 16:00:00+00:00,0.006731502271355264
501,2023-09-25 17:00:00+00:00,0.006764038591795171
501,2023-09-25 18:00:00+00:00,0.08101162674310808
501,2023-09-25 19:00:00+00:00,0.30832395818123504
501,2023-09-25 20:00:00+00:00,0.1899738040474286
501,2023-09-25 21:00:00+00:00,0.17191372760940582
501,2023-09-25 22:00:00+00:00,0.13606628034621154
501,2023-09-25 23:00:00+00:00,0.07539448369596008
501,2023-09-26 00:00:00+00:00,0.0821810351131055
501,2023-09-26 01:00:00+00:00,0.03925964068786503
501,2023-09-26 02:00:00+00:00,0.015861513834122497
501,2023-09-26 03:00:00+00:00,0.013986798300173893
501,2023-09-26 04:00:00+00:00,0.021594513798854187
501,2023-09-26 05:00:00+00:00,0.02059853024108787
501,2023-09-26 06:00:00+00:00,0.06573407293367617
501,2023-09-26 07:00:00+00:00,0.1839657579999502
501,2023-09-26 08:00:00+00:00,0.4872591721617353
501,2023-09-26 09:00:00+00:00,0.3929454643605657
501,2023-09-26 10:00:00+00:00,1.8466893038332304
501,2023-09-26 11:00:00+00:00,1.6291346601019143
501,2023-09-26 12:00:00+00:00,0.5543074100220392
501,2023-09-26 13:00:00+00:00,0.3791196564117622
501,2023-09-26 14:00:00+00:00,2.095495570112495
501,2023-09-26 15:00:00+00:00,0.08987261653715203
501,2023-09-26 16:00:00+00:00,0.0063242035505904045
501,2023-09-26 17:00:00+00:00,0.015177051746104068
501,2023-09-26 18:00:00+00:00,0.016233447866712554
501,2023-09-26 19:00:00+00:00,0.003700235139475404
501,2023-09-26 20:00:00+00:00,0.05297661104574665
501,2023-09-26 21:00:00+00:00,0.1856783912580579
501,2023-09-26 22:00:00+00:00,0.12626763539508468
501,2023-09-26 23:00:00+00:00,0.15119086794849843
501,2023-09-27 00:00:00+00:00,0.055850653260649016
501,2023-09-27 01:00:00+00:00,0.006789610657461532
501,2023-09-27 02:00:00+00:00,0.007213244649541944
501,2023-09-27 03:00:00+00:00,0.012332218261509846
501,2023-09-27 04:00:00+00:00,0.014346759356761572
501,2023-09-27 05:00:00+00:00,0.02048755864811419
501,2023-09-27 06:00:00+00:00,0.03602260783570301
501,2023-09-27 07:00:00+00:00,0.16911246713703967
501,2023-09-27 08:00:00+00:00,0.1509133610558347
501,2023-09-27 09:00:00+00:00,0.1218868696870745
501,2023-09-27 10:00:00+00:00,0.10813893202318743
501,2023-09-27 11:00:00+00:00,0.17419379710058766
501,2023-09-27 12:00:00+00:00,0.2607927606436444
501,2023-09-27 13:00:00+00:00,0.35609618526583675
501,2023-09-27 14:00:00+00:00,0.17277316841041276
501,2023-09-27 15:00:00+00:00,0.2143435474371445
501,2023-09-27 16:00:00+00:00,0.4707224156607917
501,2023-09-27 17:00:00+00:00,0.41602523866942626
501,2023-09-27 18:00:00+00:00,1.8910534369062433
501,2023-09-27 19:00:00+00:00,1.2654533032557076
501,2023-09-27 20:00:00+00:00,1.1865079805186212
501,2023-09-27 21:00:00+00:00,0.40428350981537725
501,2023-09-27 22:00:00+00:00,0.37209736648156483
501,2023-09-27 23:00:00+00:00,0.2564943310781368
501,2023-09-28 00:00:00+00:00,0.022027383652960433
501,2023-09-28 01:00:00+00:00,0.0023232596322975045
501,2023-09-28 02:00:00+00:00,0.0030340061418084583
501,2023-09-28 03:00:00+00:00,0.004066547052031312
501,2023-09-28 04:00:00+00:00,0.002328886673641491
501,2023-09-28 05:00:00+00:00,0.003237987961708333
501,2023-09-28 06:00:00+00:00,0.750880801522665
501,2023-09-28 07:00:00+00:00,0.49992294637995066
501,2023-09-28 08:00:00+00:00,0.7169030409840279
501,2023-09-28 09:00:00+00:00,1.8959311765577829
501,2023-09-28 10:00:00+00:00,0.40000809379572694
501,2023-09-28 11:00:00+00:00,0.6524542823045207
501,2023-09-28 12:00:00+00:00,0.6216903640550638
501,2023-09-28 13:00:00+00:00,1.942825242582205
501,2023-09-28 14:00:00+00:00,0.738840712080887
501,2023-09-28 15:00:00+00:00,0.7050779686028984
501,2023-09-28 16:00:00+00:00,0.4744732271384184
501,2023-09-28 17:00:00+00:00,0.4233323373121788
501,2023-09-28 18:00:00+00:00,0.3906258591499946
501,2023-09-28 19:00:00+00:00,0.2729005335925945
501,2023-09-28 20:00:00+00:00,0.07438923714813012
501,2023-09-28 21:00:00+00:00,0.031128517572439132
501,2023-09-28 22:00:00+00:00,0.018788763711703613
501,2023-09-28 23:00:00+00:00,0.01536743050039869
501,2023-09-29 00:00:00+00:00,0.01592778966009148
501,2023-09-29 01:00:00+00:00,0.009950841098082553
501,2023-09-29 02:00:00+00:00,0.11734962317107742
501,2023-09-29 03:00:00+00:00,0.0026533014738729017
501,2023-09-29 04:00:00+00:00,0.0022445194616183147
501,2023-09-29 05:00:00+00:00,0.0010920939598310854
501,2023-09-29 06:00:00+00:00,0.00844089817196342
501,2023-09-29 07:00:00+00:00,0.004710894627584308
501,2023-09-29 08:00:00+00:00,0.006519906111123268
501,2023-09-29 09:00:00+00:00,0.00433596153055901
501,2023-09-29 10:00:00+00:00,0.004580486690167225
501,2023-09-29 11:00:00+00:00,0.004759838051189623
501,2023-09-29 12:00:00+00:00,0.00586817740830855
501,2023-09-29 13:00:00+00:00,0.005428140034880261
501,2023-09-29 14:00:00+00:00,0.019186606737091185
501,2023-09-29 15:00:00+00:00,0.01723261419138929
501,2023-09-29 16:00:00+00:00,0.019476307932215824
501,2023-09-29 17:00:00+00:00,0.018383491428067316
501,2023-09-29 18:00:00+00:00,0.017211804778997558
501,2023-09-29 19:00:00+00:00,0.016300373490488795
501,2023-09-29 20:00:00+00:00,0.0032441229113414232
501,2023-09-29 21:00:00+00:00,0.0028364163737444217
501,2023-09-29 22:00:00+00:00,0.011672869090658244
501,2023-09-29 23:00:00+00:00,0.04725287372663529
501,2023-09-30 00:00:00+00:00,0.8286009659327916
501,2023-09-30 01:00:00+00:00,0.137005110113454
501,2023-09-30 02:00:00+00:00,0.023627444482061298
501,2023-09-30 03:00:00+00:00,0.07149609043089025
501,2023-09-30 04:00:00+00:00,0.09186001650892872
501,2023-09-30 05:00:00+00:00,0.07152244568884945
501,2023-09-30 06:00:00+00:00,0.06601592900692747
501,2023-09-30 07:00:00+00:00,0.0307128327882622
501,2023-09-30 08:00:00+00:00,0.05569855567463503
501,2023-09-30 09:00:00+00:00,0.1090312390659655
501,2023-09-30 10:00:00+00:00,0.23726718196386742
501,2023-09-30 11:00:00+00:00,0.39243966299887634
501,2023-09-30 12:00:00+00:00,0.5970864251077075
501,2023-09-30 13:00:00+00:00,0.5604628889947313
501,2023-09-30 14:00:00+00:00,0.5624419933260398
501,2023-09-30 15:00:00+00:00,0.5080073880441561
501,2023-09-30 16:00:00+00:00,0.5152394305610049
501,2023-09-30 17:00:00+00:00,0.5144951370014758
501,2023-09-30 18:00:00+00:00,0.42166781617312576
501,2023-09-30 19:00:00+00:00,0.4189398032457225
501,2023-09-30 20:00:00+00:00,0.3267009218574326
501,2023-09-30 21:00:00+00:00,0.4845297212877882
501,2023-09-30 22:00:00+00:00,0.4771178164047582
501,2023-09-30 23:00:00+00:00,0.46633927081627036
501,2023-10-01 00:00:00+00:00,0.3314973349083127
501,2023-10-01 01:00:00+00:00,0.3049957946462798
501,2023-10-01 02:00:00+00:00,0.24464038597432497
501,2023-10-01 03:00:00+00:00,0.20832688809915875
501,2023-10-01 04:00:00+00:00,0.5572621982388988
501,2023-10-01 05:00:00+00:00,0.0753059306209324
501,2023-10-01 06:00:00+00:00,0.053124580586940105
501,2023-10-01 07:00:00+00:00,0.0856626369458347
501,2023-10-01 08:00:00+00:00,0.1498237024655761
501,2023-10-01 09:00:00+00:00,0.30749416640417476
501,2023-10-01 10:00:00+00:00,0.6535349807097909
501,2023-10-01 11:00:00+00:00,2.2846197486606
501,2023-10-01 12:00:00+00:00,1.0980245998152096
501,2023-10-01 13:00:00+00:00,1.270250127219582
501,2023-10-01 14:00:00+00:00,0.031353005278964154
501,2023-10-01 15:00:00+00:00,0.03431195492122825
501,2023-10-01 16:00:00+00:00,0.018350142850716605
501,2023-10-01 17:00:00+00:00,0.09019703253952875
501,2023-10-01 18:00:00+00:00,0.07770047163489074
501,2023-10-01 19:00:00+00:00,0.0028855787853954915
501,2023-10-01 20:00:00+00:00,0.009375673033026425
501,2023-10-01 21:00:00+00:00,0.008120908187530326
501,2023-10-01 22:00:00+00:00,0.00741413564018053
501,2023-10-01 23:00:00+00:00,0.005559675338537092
501,2023-10-02 00:00:00+00:00,0.002102506985364503
501,2023-10-02 01:00:00+00:00,0.002184332094034661
501,2023-10-02 02:00:00+00:00,0.0014450428005059572
501,2023-10-02 03:00:00+00:00,0.0018821106653115188
501,2023-10-02 04:00:00+00:00,0.0031277702005112593
501,2023-10-02 05:00:00+00:00,0.14152144169610528
501,2023-10-02 06:00:00+00:00,0.3127051096647482
501,2023-10-02 07:00:00+00:00,0.4725776146667024
501,2023-10-02 08:00:00+00:00,1.0233775314620102
501,2023-10-02 09:00:00+00:00,2.021381885691991
501,2023-10-02 10:00:00+00:00,0.06321270247760823
501,2023-10-02 11:00:00+00:00,0.165234656832381
501,2023-10-02 12:00:00+00:00,0.14359689808935103
501,2023-10-02 13:00:00+00:00,1.0405448198738798
501,2023-10-02 14:00:00+00:00,0.3374394546243057
501,2023-10-02 15:00:00+00:00,1.0942377794682503
501,2023-10-02 16:00:00+00:00,1.304253262245805
501,2023-10-02 17:00:00+00:00,0.09574723953461885
501,2023-10-02 18:00:00+00:00,0.09657867377943359
501,2023-10-02 19:00:00+00:00,0.9983614079251306
501,2023-10-02 20:00:00+00:00,0.3966126592237234
501,2023-10-02 21:00:00+00:00,0.054338684506821215
501,2023-10-02 22:00:00+00:00,0.050460089630534916
501,2023-10-02 23:00:00+00:00,0.03629405914726721
501,2023-10-03 00:00:00+00:00,0.0055791067468703515
501,2023-10-03 01:00:00+00:00,0.013806668177844005
501,2023-10-03 02:00:00+00:00,0.006543653084437469
501,2023-10-03 03:00:00+00:00,0.0007443600198923551
501,2023-10-03 04:00:00+00:00,0.001504522294054313
501,2023-10-03 05:00:00+00:00,0.0024042453542018577
501,2023-10-03 06:00:00+00:00,0.0013858765428549542
501,2023-10-03 07:00:00+00:00,0.03107577441646146
501,2023-10-03 08:00:00+00:00,0.10961984052451616
501,2023-10-03 09:00:00+00:00,0.012474216115658153
501,2023-10-03 10:00:00+00:00,0.014152814915218352
501,2023-10-03 11:00:00+00:00,0.004564167182488372
501,2023-10-03 12:00:00+00:00,0.005085770345417951
501,2023-10-03 13:00:00+00:00,0.015886516875656165
501,2023-10-03 14:00:00+00:00,0.017186497980004784
501,2023-10-03 15:00:00+00:00,0.014506956748034918
501,2023-10-03 16:00:00+00:00,0.0069920478811707895
501,2023-10-03 17:00:00+00:00,0.01608505287739334
501,2023-10-03 18:00:00+00:00,0.015041660683602442
501,2023-10-03 19:00:00+00:00,0.000684666763686482
501,2023-10-03 20:00:00+00:00,0.0019073740013069505
501,2023-10-03 21:00:00+00:00,0.0018748029741995512
501,2023-10-03 22:00:00+00:00,0.002119110615195476
501,2023-10-03 23:00:00+00:00,0.005241901593208118
501,2023-10-04 00:00:00+00:00,0.0007662415893090041
501,2023-10-04 01:00:00+00:00,0.001262083890909892
501,2023-10-04 02:00:00+00:00,0.0012857918017575769
501,2023-10-04 03:00:00+00:00,0.06937050004515258
501,2023-10-04 04:00:00+00:00,0.010966527932478065
501,2023-10-04 05:00:00+00:00,0.16274552098902387
501,2023-10-04 06:00:00+00:00,0.80247056554838
501,2023-10-04 07:00:00+00:00,2.3397876819574597
501,2023-10-04 08:00:00+00:00,2.3335126229989367
501,2023-10-04 09:00:00+00:00,0.7923190301602319
501,2023-10-04 10:00:00+00:00,0.7701800544558223
501,2023-10-04 11:00:00+00:00,0.07907884002893147
501,2023-10-04 12:00:00+00:00,0.023936532038356204
501,2023-10-04 13:00:00+00:00,0.026551110365748226
501,2023-10-04 14:00:00+00:00,0.016696256206335216
501,2023-10-04 15:00:00+00:00,0.015362339704530888
501,2023-10-04 16:00:00+00:00,0.025179880535982527
501,2023-10-04 17:00:00+00:00,0.02508859624488047
501,2023-10-04 18:00:00+00:00,0.023031970311707874
501,2023-10-04 19:00:00+00:00,0.06685603279665102
501,2023-10-04 20:00:00+00:00,0.015760935402070412
501,2023-10-04 21:00:00+00:00,0.05067365619046887
501,2023-10-04 22:00:00+00:00,0.3868082079466395
501,2023-10-04 23:00:00+00:00,0.21564391452733636
501,2023-10-05 00:00:00+00:00,0.010715995191298826
501,2023-10-05 01:00:00+00:00,0.06542642172044033
501,2023-10-05 02:00:00+00:00,0.08670140322538866
501,2023-10-05 03:00:00+00:00,0.006486118152423639
501,2023-10-05 04:00:00+00:00,0.20601098270511942
501,2023-10-05 05:00:00+00:00,0.016344239179203694
501,2023-10-05 06:00:00+00:00,0.321432409699489
501,2023-10-05 07:00:00+00:00,2.254177970277753
501,2023-10-05 08:00:00+00:00,2.249385863719392
501,2023-10-05 09:00:00+00:00,0.8161938900045023
501,2023-10-05 10:00:00+00:00,0.07860303486545346
501,2023-10-05 11:00:00+00:00,0.08494052506615062
501,2023-10-05 12:00:00+00:00,0.8080207828558202
501,2023-10-05 13:00:00+00:00,0.7527419685488295
501,2023-10-05 14:00:00+00:00,0.8143133552098576
501,2023-10-05 15:00:00+00:00,0.900073933851477
501,2023-10-05 16:00:00+00:00,1.068876309148707
501,2023-10-05 17:00:00+00:00,0.9453669223737644
501,2023-10-05 18:00:00+00:00,2.067330338784295
501,2023-10-05 19:00:00+00:00,1.4225854156479052
501,2023-10-05 20:00:00+00:00,0.2728903839858934
501,2023-10-05 21:00:00+00:00,0.22644953334744178
501,2023-10-05 22:00:00+00:00,0.8981646616880478
501,2023-10-05 23:00:00+00:00,0.6049534423472938
501,2023-10-06 00:00:00+00:00,0.11835131551348176
501,2023-10-06 01:00:00+00:00,0.05507776176068358
501,2023-10-06 02:00:00+00:00,0.05756303823887227
501,2023-10-06 03:00:00+00:00,0.04110929179718448
501,2023-10-06 04:00:00+00:00,0.09814740439038826
501,2023-10-06 05:00:00+00:00,0.10509897462672896
501,2023-10-06 06:00:00+00:00,0.13910469336000877
501,2023-10-06 07:00:00+00:00,0.41661419826024804
501,2023-10-06 08:00:00+00:00,0.3492319920545724
501,2023-10-06 09:00:00+00:00,1.461399819519226
501,2023-10-06 10:00:00+00:00,0.06502310139441878
501,2023-10-06 11:00:00+00:00,0.024785012354670642
501,2023-10-06 12:00:00+00:00,0.026126285807485577
501,2023-10-06 13:00:00+00:00,0.018607326405088297
501,2023-10-06 14:00:00+00:00,0.029425204118095138
501,2023-10-06 15:00:00+00:00,0.017269270867713106
501,2023-10-06 16:00:00+00:00,0.019043059661694218
501,2023-10-06 17:00:00+00:00,0.018725986061645862
501,2023-10-06 18:00:00+00:00,0.025510013985377743
501,2023-10-06 19:00:00+00:00,0.022750121905499285
501,2023-10-06 20:00:00+00:00,0.017354586900062405
501,2023-10-06 21:00:00+00:00,0.015926119956898695
501,2023-10-06 22:00:00+00:00,0.019339638271480053
501,2023-10-06 23:00:00+00:00,0.04093052952134309
501,2023-10-07 00:00:00+00:00,0.2860009083145875
501,2023-10-07 01:00:00+00:00,0.21011600064660357
501,2023-10-07 02:00:00+00:00,0.4601428581095647
501,2023-10-07 03:00:00+00:00,0.38274870241902975
501,2023-10-07 04:00:00+00:00,0.10019887970979038
501,2023-10-07 05:00:00+00:00,0.07813417438470283
501,2023-10-07 06:00:00+00:00,0.005196569160214378
501,2023-10-07 07:00:00+00:00,0.006370245670723486
501,2023-10-07 08:00:00+00:00,0.013196071573946585
501,2023-10-07 09:00:00+00:00,0.019756752948322142
501,2023-10-07 10:00:00+00:00,0.015240074627093238
501,2023-10-07 11:00:00+00:00,0.005982169210238993
501,2023-10-07 12:00:00+00:00,0.018967261322962278
501,2023-10-07 13:00:00+00:00,0.031583746224329544
501,2023-10-07 14:00:00+00:00,0.029974277830678044
501,2023-10-07 15:00:00+00:00,0.026277841892547008
501,2023-10-07 16:00:00+00:00,0.03154912774366669
501,2023-10-07 17:00:00+00:00,0.028545711304639582
501,2023-10-07 18:00:00+00:00,0.0225713584725673
501,2023-10-07 19:00:00+00:00,0.07829744466188676
501,2023-10-07 20:00:00+00:00,0.016581984209155347
501,2023-10-07 21:00:00+00:00,0.016120004404048108
501,2023-10-07 22:00:00+00:00,0.6529754952603056
501,2023-10-07 23:00:00+00:00,0.5360280228706366
501,2023-10-08 00:00:00+00:00,0.01204087310398393
501,2023-10-08 01:00:00+00:00,0.011889317018921246
501,2023-10-08 02:00:00+00:00,0.00560940570387245
501,2023-10-08 03:00:00+00:00,0.009082222210347194
501,2023-10-08 04:00:00+00:00,0.022700375341092267
501,2023-10-08 05:00:00+00:00,0.05134115958955828
501,2023-10-08 06:00:00+00:00,0.018239447878093604
501,2023-10-08 07:00:00+00:00,0.019815994770058933
501,2023-10-08 08:00:00+00:00,0.040565778657014155
501,2023-10-08 09:00:00+00:00,0.06293557706685077
501,2023-10-08 10:00:00+00:00,0.20889670533895235
501,2023-10-08 11:00:00+00:00,0.4101057187480562
501,2023-10-08 12:00:00+00:00,2.358251604863625
501,2023-10-08 13:00:00+00:00,0.05481323574459966
501,2023-10-08 14:00:00+00:00,7.940810709077533e-05
501,2023-10-08 15:00:00+00:00,0.00335851797883599
501,2023-10-08 16:00:00+00:00,0.01779876853832821
501,2023-10-08 17:00:00+00:00,0.02755992586588693
501,2023-10-08 18:00:00+00:00,0.6956445200311588
501,2023-10-08 19:00:00+00:00,0.5858475670145803
501,2023-10-08 20:00:00+00:00,0.3488996511997488
501,2023-10-08 21:00:00+00:00,0.3197348453227087
501,2023-10-08 22:00:00+00:00,0.4857123607989263
501,2023-10-08 23:00:00+00:00,0.005256563168408765
501,2023-10-09 00:00:00+00:00,0.013748126952617628
501,2023-10-09 01:00:00+00:00,0.0016669177699528905
501,2023-10-09 02:00:00+00:00,0.0024594162588106993
501,2023-10-09 03:00:00+00:00,0.001448001376473938
501,2023-10-09 04:00:00+00:00,0.001416390828677025
501,2023-10-09 05:00:00+00:00,0.0029288570327155833
501,2023-10-09 06:00:00+00:00,0.006025980989670199
501,2023-10-09 07:00:00+00:00,0.016917728255518263
501,2023-10-09 08:00:00+00:00,0.006226436078752743
501,2023-10-09 09:00:00+00:00,0.07365787604208988
501,2023-10-09 10:00:00+00:00,0.01281546825619454
501,2023-10-09 11:00:00+00:00,0.022034869008015875
501,2023-10-09 12:00:00+00:00,0.07551205458494219
501,2023-10-09 13:00:00+00:00,0.049740652549946564
501,2023-10-09 14:00:00+00:00,0.05812565758587172
501,2023-10-09 15:00:00+00:00,0.13416802835877414
501,2023-10-09 16:00:00+00:00,0.05261964258533739
501,2023-10-09 17:00:00+00:00,0.05841894020119692
501,2023-10-09 18:00:00+00:00,8.691122255351003e-05
501,2023-10-09 19:00:00+00:00,0.0029830562543625796
501,2023-10-09 20:00:00+00:00,0.008367401612464687
501,2023-10-09 21:00:00+00:00,0.041403028956774106
501,2023-10-09 22:00:00+00:00,0.12741856753990186
501,2023-10-09 23:00:00+00:00,0.09135357147432399
501,2023-10-10 00:00:00+00:00,0.08113722420855085
501,2023-10-10 01:00:00+00:00,0.15392316877476178
501,2023-10-10 02:00:00+00:00,0.00110527168904024
501,2023-10-10 03:00:00+00:00,0.0017324582284670195
501,2023-10-10 04:00:00+00:00,0.24015229304668276
501,2023-10-10 05:00:00+00:00,0.12351070624704642
501,2023-10-10 06:00:00+00:00,0.009257023253978224
501,2023-10-10 07:00:00+00:00,0.10147395036972004
501,2023-10-10 08:00:00+00:00,0.029772683502106528
501,2023-10-10 09:00:00+00:00,0.02268789774546291
501,2023-10-10 10:00:00+00:00,0.019269903395773804
501,2023-10-10 11:00:00+00:00,0.021992540645931306
501,2023-10-10 12:00:00+00:00,0.02276016938734999
501,2023-10-10 13:00:00+00:00,0.024946217590081244
501,2023-10-10 14:00:00+00:00,0.02374879034091035
501,2023-10-10 15:00:00+00:00,0.07498139945491249
501,2023-10-10 16:00:00+00:00,1.0102141516117644
501,2023-10-10 17:00:00+00:00,0.9749455584510534
501,2023-10-10 18:00:00+00:00,0.7380991566987432
501,2023-10-10 19:00:00+00:00,0.06546743315525175
501,2023-10-10 20:00:00+00:00,0.014909122855253566
501,2023-10-10 21:00:00+00:00,0.012542943253622747
501,2023-10-10 22:00:00+00:00,0.03058842761939822
501,2023-10-10 23:00:00+00:00,0.2096886369364576
501,2023-10-11 00:00:00+00:00,0.16064219009260286
501,2023-10-11 01:00:00+00:00,0.07487117273531087
501,2023-10-11 02:00:00+00:00,0.059937389905770695
501,2023-10-11 03:00:00+00:00,0.10304968748960121
501,2023-10-11 04:00:00+00:00,0.1344402419006016
501,2023-10-11 05:00:00+00:00,0.21025400425567606
501,2023-10-11 06:00:00+00:00,0.8018730483895838
501,2023-10-11 07:00:00+00:00,0.920622922343113
501,2023-10-11 08:00:00+00:00,0.9809725543457865
501,2023-10-11 09:00:00+00:00,0.7529329195448001
501,2023-10-11 10:00:00+00:00,0.7661566311702193
501,2023-10-11 11:00:00+00:00,0.700152189980829
501,2023-10-11 12:00:00+00:00,0.014355131601496218
501,2023-10-11 13:00:00+00:00,0.08168995039394356
501,2023-10-11 14:00:00+00:00,0.8593259650754752
501,2023-10-11 15:00:00+00:00,0.816911244812977
501,2023-10-11 16:00:00+00:00,0.014459781130977827
501,2023-10-11 17:00:00+00:00,0.024893542997517636
501,2023-10-11 18:00:00+00:00,1.7305912437450628
501,2023-10-11 19:00:00+00:00,1.393684567792349
501,2023-10-11 20:00:00+00:00,0.2639714672178641
501,2023-10-11 21:00:00+00:00,0.2066076950945065
501,2023-10-11 22:00:00+00:00,0.19280043745386863
501,2023-10-11 23:00:00+00:00,0.18686750755290382
501,2023-10-12 00:00:00+00:00,0.014099988778769971
501,2023-10-12 01:00:00+00:00,0.010998070255425174
501,2023-10-12 02:00:00+00:00,0.00709833900616933
501,2023-10-12 03:00:00+00:00,0.05795557544973097
501,2023-10-12 04:00:00+00:00,0.011186427005509451
501,2023-10-12 05:00:00+00:00,0.022910077236666423
501,2023-10-12 06:00:00+00:00,0.06560140264550975
501,2023-10-12 07:00:00+00:00,0.15273834315900026
501,2023-10-12 08:00:00+00:00,1.0311070579579447
501,2023-10-12 09:00:00+00:00,1.1740372112693827
501,2023-10-12 10:00:00+00:00,0.8190381020988498
501,2023-10-12 11:00:00+00:00,1.1256199170527816
501,2023-10-12 12:00:00+00:00,0.3819968327881533
501,2023-10-12 13:00:00+00:00,0.13261106713799228
501,2023-10-12 14:00:00+00:00,1.4042858909654052
501,2023-10-12 15:00:00+00:00,0.11998039992952816
501,2023-10-12 16:00:00+00:00,0.2216871343458161
501,2023-10-12 17:00:00+00:00,0.2138822217938195
501,2023-10-12 18:00:00+00:00,0.18904320895735321
501,2023-10-12 19:00:00+00:00,0.3268185669667859
501,2023-10-12 20:00:00+00:00,0.5762898323408006
501,2023-10-12 21:00:00+00:00,0.39254569314237736
501,2023-10-12 22:00:00+00:00,0.4289215223660491
501,2023-10-12 23:00:00+00:00,0.263285844193088
501,2023-10-13 00:00:00+00:00,0.058164655329129795
501,2023-10-13 01:00:00+00:00,0.10906632218157493
501,2023-10-13 02:00:00+00:00,0.2032450498565205
501,2023-10-13 03:00:00+00:00,0.033896891060837625
501,2023-10-13 04:00:00+00:00,0.0666185517055008
501,2023-10-13 05:00:00+00:00,0.2828025016567389
501,2023-10-13 06:00:00+00:00,0.4846088898685426
501,2023-10-13 07:00:00+00:00,0.05109009829316787
501,2023-10-13 08:00:00+00:00,0.01471595121966531
501,2023-10-13 09:00:00+00:00,0.01471595121966531
501,2023-10-13 10:00:00+00:00,0.02481338850275372
501,2023-10-13 11:00:00+00:00,0.015535271585368307
501,2023-10-13 12:00:00+00:00,0.015535271585368307
501,2023-10-13 13:00:00+00:00,0.015535271585368307
501,2023-10-13 14:00:00+00:00,0.02481338850275372
501,2023-10-13 15:00:00+00:00,0.08609508687830658
501,2023-10-13 16:00:00+00:00,0.13639292470468897
501,2023-10-13 17:00:00+00:00,0.17301792376349867
501,2023-10-13 18:00:00+00:00,0.1937549190473808
501,2023-10-13 19:00:00+00:00,0.0628063115577531
501,2023-10-13 20:00:00+00:00,0.02707251318155443
501,2023-10-13 21:00:00+00:00,3.8116254364895296e-05
501,2023-10-13 22:00:00+00:00,0.0027229048362200606
501,2023-10-13 23:00:00+00:00,0.002233324448542541
501,2023-10-14 00:00:00+00:00,0.0017768225516156077
501,2023-10-14 01:00:00+00:00,2.2313496438199788e-05
501,2023-10-14 02:00:00+00:00,0.002099385247584312
501,2023-10-14 03:00:00+00:00,0.0006629165843584083
501,2023-10-14 04:00:00+00:00,0.0006629165843584083
501,2023-10-14 05:00:00+00:00,0.0006629165843584083
501,2023-10-14 06:00:00+00:00,0.0029504074423772485
501,2023-10-14 07:00:00+00:00,0.0029504074423772485
501,2023-10-14 08:00:00+00:00,0.0029504074423772485
501,2023-10-14 09:00:00+00:00,0.0029504074423772485
501,2023-10-14 10:00:00+00:00,0.1285967700796795
501,2023-10-14 11:00:00+00:00,0.1285967700796795
501,2023-10-14 12:00:00+00:00,0.1285967700796795
501,2023-10-14 13:00:00+00:00,0.06652873219783212
501,2023-10-14 14:00:00+00:00,0.0499408227058997
501,2023-10-14 15:00:00+00:00,0.0499408227058997
501,2023-10-14 16:00:00+00:00,0.13639292470468897
501,2023-10-14 17:00:00+00:00,0.08766321125228768
501,2023-10-14 18:00:00+00:00,0.13639292470468897
501,2023-10-14 19:00:00+00:00,3.5024748432365144e-05
501,2023-10-14 20:00:00+00:00,0.01815205933840926
501,2023-10-14 21:00:00+00:00,0.011055278032844985
501,2023-10-14 22:00:00+00:00,0.010547788539399706
501,2023-10-14 23:00:00+00:00,0.013242754766026966
501,2023-10-15 00:00:00+00:00,1.773414885760706e-05
501,2023-10-15 01:00:00+00:00,0.009647798246467706
501,2023-10-15 02:00:00+00:00,0.015517742890840635
501,2023-10-15 03:00:00+00:00,0.11761982986236699
501,2023-10-15 04:00:00+00:00,0.11761982986236699
501,2023-10-15 05:00:00+00:00,0.004710970278926838
501,2023-10-15 06:00:00+00:00,0.01471595121966531
501,2023-10-15 07:00:00+00:00,0.03050581012645869
501,2023-10-15 08:00:00+00:00,0.04546422922293127
501,2023-10-15 09:00:00+00:00,0.03050581012645869
501,2023-10-15 10:00:00+00:00,0.1501203726344184
501,2023-10-15 11:00:00+00:00,1.276547251279357
501,2023-10-15 12:00:00+00:00,0.9891933199303717
501,2023-10-15 13:00:00+00:00,0.9891933199303717
501,2023-10-15 14:00:00+00:00,0.9891933199303717
501,2023-10-15 15:00:00+00:00,1.276547251279357
501,2023-10-15 16:00:00+00:00,0.33338692214544324
501,2023-10-15 17:00:00+00:00,0.4960772350034569
501,2023-10-15 18:00:00+00:00,0.33338692214544324
501,2023-10-15 19:00:00+00:00,0.19234792469560216
501,2023-10-15 20:00:00+00:00,0.05020943518681939
501,2023-10-15 21:00:00+00:00,0.10130630192562988
501,2023-10-15 22:00:00+00:00,0.05655149392643521
501,2023-10-15 23:00:00+00:00,0.0551010357184535
501,2023-10-16 00:00:00+00:00,0.04404930065298404
501,2023-10-16 01:00:00+00:00,0.03906865788283551
501,2023-10-16 02:00:00+00:00,0.032945410352142594
501,2023-10-16 03:00:00+00:00,0.030638658893727983
501,2023-10-16 04:00:00+00:00,0.06406719787313352
501,2023-10-16 05:00:00+00:00,0.06406719787313352
501,2023-10-16 06:00:00+00:00,0.2655502800908567
501,2023-10-16 07:00:00+00:00,0.12673489887879644
501,2023-10-16 08:00:00+00:00,0.12673489887879644
501,2023-10-16 09:00:00+00:00,0.12673489887879644
501,2023-10-16 10:00:00+00:00,0.21355083195506594
501,2023-10-16 11:00:00+00:00,0.15121857479801531
501,2023-10-16 12:00:00+00:00,0.21355083195506594
501,2023-10-16 13:00:00+00:00,0.30214286833378223
501,2023-10-16 14:00:00+00:00,0.30214286833378223
501,2023-10-16 15:00:00+00:00,0.30214286833378223
501,2023-10-16 16:00:00+00:00,0.33338692214544324
501,2023-10-16 17:00:00+00:00,0.33338692214544324
501,2023-10-16 18:00:00+00:00,0.4960772350034569
501,2023-10-16 19:00:00+00:00,0.18756584928558054
501,2023-10-16 20:00:00+00:00,0.15094995099831385
501,2023-10-16 21:00:00+00:00,0.12442764752637707
501,2023-10-16 22:00:00+00:00,0.09816281416525399
501,2023-10-16 23:00:00+00:00,0.05757577883180597
501,2023-10-17 00:00:00+00:00,0.04159208208562944
501,2023-10-17 01:00:00+00:00,0.0512555716622408
501,2023-10-17 02:00:00+00:00,0.060820525651063315
501,2023-10-17 03:00:00+00:00,0.030638658893727983
501,2023-10-17 04:00:00+00:00,0.043665073037161245
501,2023-10-17 05:00:00+00:00,0.043665073037161245
501,2023-10-17 06:00:00+00:00,0.17910067709745095
501,2023-10-17 07:00:00+00:00,0.17910067709745095
501,2023-10-17 08:00:00+00:00,0.17910067709745095
501,2023-10-17 09:00:00+00:00,0.12673489887879644
501,2023-10-17 10:00:00+00:00,0.15121857479801531
501,2023-10-17 11:00:00+00:00,0.15121857479801531
501,2023-10-17 12:00:00+00:00,0.10787738231913337
501,2023-10-17 13:00:00+00:00,0.15121857479801531
501,2023-10-17 14:00:00+00:00,0.15121857479801531
501,2023-10-17 15:00:00+00:00,0.15121857479801531
501,2023-10-17 16:00:00+00:00,0.16915073322211066
501,2023-10-17 17:00:00+00:00,0.16915073322211066
501,2023-10-17 18:00:00+00:00,0.236591293564003
501,2023-10-17 19:00:00+00:00,0.1577660950035383
501,2023-10-17 20:00:00+00:00,0.08693875805916039
501,2023-10-17 21:00:00+00:00,0.059945466145501336
501,2023-10-17 22:00:00+00:00,0.04700296636278242
501,2023-10-17 23:00:00+00:00,0.029188300518130185
501,2023-10-18 00:00:00+00:00,0.01666549972446544
501,2023-10-18 01:00:00+00:00,0.032508730393085945
501,2023-10-18 02:00:00+00:00,0.05470079211267683
501,2023-10-18 03:00:00+00:00,0.043665073037161245
501,2023-10-18 04:00:00+00:00,0.043665073037161245
501,2023-10-18 05:00:00+00:00,0.030638658893727983
501,2023-10-18 06:00:00+00:00,0.12673489887879644
501,2023-10-18 07:00:00+00:00,0.12673489887879644
501,2023-10-18 08:00:00+00:00,0.12673489887879644
501,2023-10-18 09:00:00+00:00,0.12673489887879644
501,2023-10-18 10:00:00+00:00,0.21355083195506594
501,2023-10-18 11:00:00+00:00,0.21355083195506594
501,2023-10-18 12:00:00+00:00,0.21355083195506594
501,2023-10-18 13:00:00+00:00,0.30214286833378223
501,2023-10-18 14:00:00+00:00,0.30214286833378223
501,2023-10-18 15:00:00+00:00,0.30214286833378223
501,2023-10-18 16:00:00+00:00,0.33338692214544324
501,2023-10-18 17:00:00+00:00,0.4960772350034569
501,2023-10-18 18:00:00+00:00,0.9553182048032922
501,2023-10-18 19:00:00+00:00,0.15710976821623124
501,2023-10-18 20:00:00+00:00,0.03884799689880758
501,2023-10-18 21:00:00+00:00,3.2234590114190474e-05
501,2023-10-18 22:00:00+00:00,0.009074811077553436
501,2023-10-18 23:00:00+00:00,0.21352214205454725
501,2023-10-19 00:00:00+00:00,0.10304849939616381
501,2023-10-19 01:00:00+00:00,0.12757830854241245
501,2023-10-19 02:00:00+00:00,0.08613357164911864
501,2023-10-19 03:00:00+00:00,0.019608633085327083
501,2023-10-19 04:00:00+00:00,0.019608633085327083
501,2023-10-19 05:00:00+00:00,0.033896891060837625
501,2023-10-19 06:00:00+00:00,0.23978843039861583
501,2023-10-19 07:00:00+00:00,0.24610594807027147
501,2023-10-19 08:00:00+00:00,0.24610594807027147
501,2023-10-19 09:00:00+00:00,0.24610594807027147
501,2023-10-19 10:00:00+00:00,0.2990395951184675
501,2023-10-19 11:00:00+00:00,0.2990395951184675
501,2023-10-19 12:00:00+00:00,0.20823623519162485
501,2023-10-19 13:00:00+00:00,0.20823623519162485
501,2023-10-19 14:00:00+00:00,0.3752277884435744
501,2023-10-19 15:00:00+00:00,0.39762613496082505
501,2023-10-19 16:00:00+00:00,0.4535373341955981
501,2023-10-19 17:00:00+00:00,0.3302927912428692
501,2023-10-19 18:00:00+00:00,0.1003975881514795
501,2023-10-19 19:00:00+00:00,0.07163565778853168
501,2023-10-19 20:00:00+00:00,0.060566754315303936
501,2023-10-19 21:00:00+00:00,0.05605524970455419
501,2023-10-19 22:00:00+00:00,0.09947415620980525
501,2023-10-19 23:00:00+00:00,0.06579399620085434
501,2023-10-20 00:00:00+00:00,0.0914233983073906
501,2023-10-20 01:00:00+00:00,0.07432295398325428
501,2023-10-20 02:00:00+00:00,0.1115778274304811
501,2023-10-20 03:00:00+00:00,0.06406719787313352
501,2023-10-20 04:00:00+00:00,0.11933456289860152
501,2023-10-20 05:00:00+00:00,0.007095655503773788
501,2023-10-20 06:00:00+00:00,0.05060531412996782
501,2023-10-20 07:00:00+00:00,0.05060531412996782
501,2023-10-20 08:00:00+00:00,4.697666146648594e-05
501,2023-10-20 09:00:00+00:00,4.697666146648594e-05
501,2023-10-20 10:00:00+00:00,0.015535271585368307
501,2023-10-20 11:00:00+00:00,0.02481338850275372
501,2023-10-20 12:00:00+00:00,0.015535271585368307
501,2023-10-20 13:00:00+00:00,0.015535271585368307
501,2023-10-20 14:00:00+00:00,0.02481338850275372
501,2023-10-20 15:00:00+00:00,0.02481338850275372
501,2023-10-20 16:00:00+00:00,0.027426698447055788
501,2023-10-20 17:00:00+00:00,0.027426698447055788
501,2023-10-20 18:00:00+00:00,0.9040536184925947
501,2023-10-20 19:00:00+00:00,0.5793996856415421
501,2023-10-20 20:00:00+00:00,0.33577372108662973
501,2023-10-20 21:00:00+00:00,0.4863948214297655
501,2023-10-20 22:00:00+00:00,0.556427122355054
501,2023-10-20 23:00:00+00:00,0.20491856977392112
501,2023-10-21 00:00:00+00:00,0.1588879695880753
501,2023-10-21 01:00:00+00:00,0.17841889682942674
501,2023-10-21 02:00:00+00:00,0.1770018610132345
501,2023-10-21 03:00:00+00:00,0.033896891060837625
501,2023-10-21 04:00:00+00:00,0.01421058437407453
501,2023-10-21 05:00:00+00:00,0.014537350978487044
501,2023-10-21 06:00:00+00:00,0.11824344829380741
501,2023-10-21 07:00:00+00:00,0.07596375047425931
501,2023-10-21 08:00:00+00:00,0.10508833705406237
501,2023-10-21 09:00:00+00:00,0.10508833705406237
501,2023-10-21 10:00:00+00:00,0.1850765392326519
501,2023-10-21 11:00:00+00:00,0.1501203726344184
501,2023-10-21 12:00:00+00:00,0.1501203726344184
501,2023-10-21 13:00:00+00:00,0.06759321601659318
501,2023-10-21 14:00:00+00:00,0.06759321601659318
501,2023-10-21 15:00:00+00:00,0.07406063294827576
501,2023-10-21 16:00:00+00:00,0.13639292470468897
501,2023-10-21 17:00:00+00:00,0.005639937771744161
501,2023-10-21 18:00:00+00:00,0.005639937771744161
501,2023-10-21 19:00:00+00:00,0.00418934884152405
501,2023-10-21 20:00:00+00:00,0.01082316498468228
501,2023-10-21 21:00:00+00:00,0.008609625956770763
501,2023-10-21 22:00:00+00:00,0.017578115878385942
501,2023-10-21 23:00:00+00:00,0.047417369590362544
501,2023-10-22 00:00:00+00:00,0.011293140160515499
501,2023-10-22 01:00:00+00:00,0.039729221179424005
501,2023-10-22 02:00:00+00:00,0.3816033688150475
501,2023-10-22 03:00:00+00:00,0.09982686211741598
501,2023-10-22 04:00:00+00:00,0.06068086064642519
501,2023-10-22 05:00:00+00:00,0.05012737604838502
501,2023-10-22 06:00:00+00:00,0.05742142180664193
501,2023-10-22 07:00:00+00:00,0.24610594807027147
501,2023-10-22 08:00:00+00:00,0.24610594807027147
501,2023-10-22 09:00:00+00:00,0.23978843039861583
501,2023-10-22 10:00:00+00:00,0.3752277884435744
501,2023-10-22 11:00:00+00:00,1.8582647518130457
501,2023-10-22 12:00:00+00:00,0.8161824138784459
501,2023-10-22 13:00:00+00:00,0.02481338850275372
501,2023-10-22 14:00:00+00:00,0.08609508687830658
501,2023-10-22 15:00:00+00:00,0.08609508687830658
501,2023-10-22 16:00:00+00:00,0.0953562283605955
501,2023-10-22 17:00:00+00:00,0.027426698447055788
501,2023-10-22 18:00:00+00:00,0.9040536184925947
501,2023-10-22 19:00:00+00:00,0.07993386132028049
501,2023-10-22 20:00:00+00:00,0.05147826577939118
501,2023-10-22 21:00:00+00:00,0.20043836574349044
501,2023-10-22 22:00:00+00:00,0.03381035611575895
501,2023-10-22 23:00:00+00:00,0.020390393050909793
501,2023-10-23 00:00:00+00:00,0.012595067779825223
501,2023-10-23 01:00:00+00:00,0.021603650823065153
501,2023-10-23 02:00:00+00:00,0.024081367583016707
501,2023-10-23 03:00:00+00:00,0.021318948531638147
501,2023-10-23 04:00:00+00:00,0.021318948531638147
501,2023-10-23 05:00:00+00:00,0.01552109576258886
501,2023-10-23 06:00:00+00:00,0.06469732242474178
501,2023-10-23 07:00:00+00:00,0.06469732242474178
501,2023-10-23 08:00:00+00:00,0.06469732242474178
501,2023-10-23 09:00:00+00:00,0.08999434430173867
501,2023-10-23 10:00:00+00:00,0.15121857479801531
501,2023-10-23 11:00:00+00:00,0.08975275947792455
501,2023-10-23 12:00:00+00:00,0.09627667398874001
501,2023-10-23 13:00:00+00:00,0.09627667398874001
501,2023-10-23 14:00:00+00:00,0.09627667398874001
501,2023-10-23 15:00:00+00:00,0.08975275947792455
501,2023-10-23 16:00:00+00:00,0.1211394512150662
501,2023-10-23 17:00:00+00:00,0.1211394512150662
501,2023-10-23 18:00:00+00:00,0.16915073322211066
501,2023-10-23 19:00:00+00:00,0.09364730216648331
501,2023-10-23 20:00:00+00:00,0.08693592154436651
501,2023-10-23 21:00:00+00:00,0.07787471852411346
501,2023-10-23 22:00:00+00:00,0.04623277937048433
501,2023-10-23 23:00:00+00:00,0.03255385945389488
501,2023-10-24 00:00:00+00:00,0.02378201013888957
501,2023-10-24 01:00:00+00:00,0.024467993385463856
501,2023-10-24 02:00:00+00:00,0.04176204596309836
501,2023-10-24 03:00:00+00:00,0.06406719787313352
501,2023-10-24 04:00:00+00:00,0.043665073037161245
501,2023-10-24 05:00:00+00:00,0.021318948531638147
501,2023-10-24 06:00:00+00:00,0.06469732242474178
501,2023-10-24 07:00:00+00:00,0.07977600419085691
501,2023-10-24 08:00:00+00:00,0.18127311190666992
501,2023-10-24 09:00:00+00:00,0.22661517796047567
501,2023-10-24 10:00:00+00:00,0.20823623519162485
501,2023-10-24 11:00:00+00:00,0.39762613496082505
501,2023-10-24 12:00:00+00:00,0.015535271585368307
501,2023-10-24 13:00:00+00:00,0.8161824138784459
501,2023-10-24 14:00:00+00:00,0.8161824138784459
501,2023-10-24 15:00:00+00:00,0.644446033536127
501,2023-10-24 16:00:00+00:00,0.3302927912428692
501,2023-10-24 17:00:00+00:00,0.10637015867335105
501,2023-10-24 18:00:00+00:00,0.14811013531127704
501,2023-10-24 19:00:00+00:00,0.11125342733944889
501,2023-10-24 20:00:00+00:00,0.08637347964744792
501,2023-10-24 21:00:00+00:00,0.04528910463545331
501,2023-10-24 22:00:00+00:00,0.045386280641050755
501,2023-10-24 23:00:00+00:00,0.14692254396701585
501,2023-10-25 00:00:00+00:00,0.13767276457445493
501,2023-10-25 01:00:00+00:00,0.2679368671351203
501,2023-10-25 02:00:00+00:00,0.25776114546116075
501,2023-10-25 03:00:00+00:00,0.019191233008898825
501,2023-10-25 04:00:00+00:00,0.019191233008898825
501,2023-10-25 05:00:00+00:00,0.14682634625028987
501,2023-10-25 06:00:00+00:00,0.7583901566146332
501,2023-10-25 07:00:00+00:00,0.07596375047425931
501,2023-10-25 08:00:00+00:00,0.5837837385204305
501,2023-10-25 09:00:00+00:00,0.07596375047425931
501,2023-10-25 10:00:00+00:00,0.16501972748409385
501,2023-10-25 11:00:00+00:00,0.12877882369660337
501,2023-10-25 12:00:00+00:00,0.9891933199303717
501,2023-10-25 13:00:00+00:00,0.9891933199303717
501,2023-10-25 14:00:00+00:00,0.9891933199303717
501,2023-10-25 15:00:00+00:00,0.9891933199303717
501,2023-10-25 16:00:00+00:00,1.0748861178120888
501,2023-10-25 17:00:00+00:00,0.1382298005736861
501,2023-10-25 18:00:00+00:00,0.9553182048032922
501,2023-10-25 19:00:00+00:00,0.2596372314539262
501,2023-10-25 20:00:00+00:00,0.06366392179052256
501,2023-10-25 21:00:00+00:00,0.03458745104728728
501,2023-10-25 22:00:00+00:00,0.03740150386614276
501,2023-10-25 23:00:00+00:00,0.027278441012003243
501,2023-10-26 00:00:00+00:00,0.014282436253940014
501,2023-10-26 01:00:00+00:00,0.017458442145765262
501,2023-10-26 02:00:00+00:00,0.020634448037590507
501,2023-10-26 03:00:00+00:00,0.021318948531638147
501,2023-10-26 04:00:00+00:00,0.01421058437407453
501,2023-10-26 05:00:00+00:00,0.019608633085327083
501,2023-10-26 06:00:00+00:00,0.24610594807027147
501,2023-10-26 07:00:00+00:00,0.05109009829316787
501,2023-10-26 08:00:00+00:00,1.1099790226387276
501,2023-10-26 09:00:00+00:00,1.1099790226387276
501,2023-10-26 10:00:00+00:00,0.8161824138784459
501,2023-10-26 11:00:00+00:00,0.08609508687830658
501,2023-10-26 12:00:00+00:00,0.8161824138784459
501,2023-10-26 13:00:00+00:00,0.8161824138784459
501,2023-10-26 14:00:00+00:00,1.8582647518130457
501,2023-10-26 15:00:00+00:00,0.8161824138784459
501,2023-10-26 16:00:00+00:00,0.0953562283605955
501,2023-10-26 17:00:00+00:00,0.7137143798966806
501,2023-10-26 18:00:00+00:00,0.7137143798966806
501,2023-10-26 19:00:00+00:00,0.30191145470400277
501,2023-10-26 20:00:00+00:00,0.08551754627422985
501,2023-10-26 21:00:00+00:00,0.1708279549315596
501,2023-10-26 22:00:00+00:00,0.051408050413379515
501,2023-10-26 23:00:00+00:00,0.0430959663924073
501,2023-10-27 00:00:00+00:00,0.04180089816141398
501,2023-10-27 01:00:00+00:00,0.019817387558556793
501,2023-10-27 02:00:00+00:00,0.025334742444396513
501,2023-10-27 03:00:00+00:00,0.06475090090562498
501,2023-10-27 04:00:00+00:00,0.019608633085327083
501,2023-10-27 05:00:00+00:00,0.021318948531638147
501,2023-10-27 06:00:00+00:00,0.08999434430173867
501,2023-10-27 07:00:00+00:00,0.12549953686172433
501,2023-10-27 08:00:00+00:00,0.24610594807027147
501,2023-10-27 09:00:00+00:00,0.24610594807027147
501,2023-10-27 10:00:00+00:00,0.40804893774240436
501,2023-10-27 11:00:00+00:00,0.422565353816452
501,2023-10-27 12:00:00+00:00,0.644446033536127
501,2023-10-27 13:00:00+00:00,0.644446033536127
501,2023-10-27 14:00:00+00:00,0.644446033536127
501,2023-10-27 15:00:00+00:00,0.08609508687830658
501,2023-10-27 16:00:00+00:00,0.05300702855247892
501,2023-10-27 17:00:00+00:00,0.14811013531127704
501,2023-10-27 18:00:00+00:00,0.3302927912428692
501,2023-10-27 19:00:00+00:00,0.1867202046787719
501,2023-10-27 20:00:00+00:00,0.05996075108966505
501,2023-10-27 21:00:00+00:00,0.05754609008046617
501,2023-10-27 22:00:00+00:00,0.052488677010762964
501,2023-10-27 23:00:00+00:00,0.06475458446735684
501,2023-10-28 00:00:00+00:00,0.0522329749567001
501,2023-10-28 01:00:00+00:00,0.039840433572635975
501,2023-10-28 02:00:00+00:00,0.045825323688187175
501,2023-10-28 03:00:00+00:00,0.021318948531638147
501,2023-10-28 04:00:00+00:00,0.021318948531638147
501,2023-10-28 05:00:00+00:00,0.05012737604838502
501,2023-10-28 06:00:00+00:00,0.25440780563175525
501,2023-10-28 07:00:00+00:00,0.24610594807027147
501,2023-10-28 08:00:00+00:00,0.24610594807027147
501,2023-10-28 09:00:00+00:00,0.24610594807027147
501,2023-10-28 10:00:00+00:00,0.422565353816452
501,2023-10-28 11:00:00+00:00,0.422565353816452
501,2023-10-28 12:00:00+00:00,0.39762613496082505
501,2023-10-28 13:00:00+00:00,0.40804893774240436
501,2023-10-28 14:00:00+00:00,0.20823623519162485
501,2023-10-28 15:00:00+00:00,0.20823623519162485
501,2023-10-28 16:00:00+00:00,0.10637015867335105
501,2023-10-28 17:00:00+00:00,0.1211394512150662
501,2023-10-28 18:00:00+00:00,0.1211394512150662
501,2023-10-28 19:00:00+00:00,0.09092309729545878
501,2023-10-28 20:00:00+00:00,0.07447946130782644
501,2023-10-28 21:00:00+00:00,0.27304278272957017
501,2023-10-28 22:00:00+00:00,0.31598533441702065
501,2023-10-28 23:00:00+00:00,1.3148837658039456
501,2023-10-29 00:00:00+00:00,0.8497350857740729
501,2023-10-29 01:00:00+00:00,0.8681395667056317
501,2023-10-29 02:00:00+00:00,0.8518188798996332
501,2023-10-29 03:00:00+00:00,0.2828025016567389
501,2023-10-29 04:00:00+00:00,0.09982686211741598
501,2023-10-29 05:00:00+00:00,0.0666185517055008
501,2023-10-29 06:00:00+00:00,0.23978843039861583
501,2023-10-29 07:00:00+00:00,0.24610594807027147
501,2023-10-29 08:00:00+00:00,0.24610594807027147
501,2023-10-29 09:00:00+00:00,0.18127311190666992
501,2023-10-29 10:00:00+00:00,0.3752277884435744
501,2023-10-29 11:00:00+00:00,0.2990395951184675
501,2023-10-29 12:00:00+00:00,0.13469189070577087
501,2023-10-29 13:00:00+00:00,0.40804893774240436
501,2023-10-29 14:00:00+00:00,0.422565353816452
501,2023-10-29 15:00:00+00:00,0.644446033536127
501,2023-10-29 16:00:00+00:00,0.7137143798966806
501,2023-10-29 17:00:00+00:00,0.4535373341955981
501,2023-10-29 18:00:00+00:00,0.44243011419218004
501,2023-10-29 19:00:00+00:00,0.21020753247075585
501,2023-10-29 20:00:00+00:00,0.21665588876853642
501,2023-10-29 21:00:00+00:00,0.21665588876853642
501,2023-10-29 22:00:00+00:00,0.21020753247075585
501,2023-10-29 23:00:00+00:00,0.21020753247075585
501,2023-10-30 00:00:00+00:00,0.06280562946758081
501,2023-10-30 01:00:00+00:00,0.0666185517055008
501,2023-10-30 02:00:00+00:00,0.09982686211741598
501,2023-10-30 03:00:00+00:00,0.0666185517055008
501,2023-10-30 04:00:00+00:00,0.06280562946758081
501,2023-10-30 05:00:00+00:00,0.0666185517055008
501,2023-10-30 06:00:00+00:00,0.23978843039861583
501,2023-10-30 07:00:00+00:00,0.24610594807027147
501,2023-10-30 08:00:00+00:00,0.24610594807027147
501,2023-10-30 09:00:00+00:00,0.24610594807027147
501,2023-10-30 10:00:00+00:00,0.644446033536127
501,2023-10-30 11:00:00+00:00,0.8161824138784459
501,2023-10-30 12:00:00+00:00,0.08609508687830658
501,2023-10-30 13:00:00+00:00,0.8161824138784459
501,2023-10-30 14:00:00+00:00,0.8161824138784459
501,2023-10-30 15:00:00+00:00,1.8582647518130457
501,2023-10-30 16:00:00+00:00,0.7137143798966806
501,2023-10-30 17:00:00+00:00,0.44243011419218004
501,2023-10-30 18:00:00+00:00,0.3302927912428692
501,2023-10-30 19:00:00+00:00,0.11826006000575359
501,2023-10-30 20:00:00+00:00,0.2103617259522281
501,2023-10-30 21:00:00+00:00,0.12183126170071201
501,2023-10-30 22:00:00+00:00,0.045074076354285966
501,2023-10-30 23:00:00+00:00,0.0335400063454718
501,2023-10-31 00:00:00+00:00,0.03501181653045651
501,2023-10-31 01:00:00+00:00,0.02553480893278367
501,2023-10-31 02:00:00+00:00,0.03964409998187421
501,2023-10-31 03:00:00+00:00,0.05012737604838502
501,2023-10-31 04:00:00+00:00,0.06068086064642519
501,2023-10-31 05:00:00+00:00,0.06475090090562498
501,2023-10-31 06:00:00+00:00,0.22661517796047567
501,2023-10-31 07:00:00+00:00,0.24610594807027147
501,2023-10-31 08:00:00+00:00,0.23978843039861583
501,2023-10-31 09:00:00+00:00,0.25440780563175525
501,2023-10-31 10:00:00+00:00,1.8582647518130457
501,2023-10-31 11:00:00+00:00,0.8161824138784459
501,2023-10-31 12:00:00+00:00,0.8161824138784459
501,2023-10-31 13:00:00+00:00,0.07406063294827576
501,2023-10-31 14:00:00+00:00,0.00492280419541048
501,2023-10-31 15:00:00+00:00,0.02481338850275372
501,2023-10-31 16:00:00+00:00,2.0578909901679636
501,2023-10-31 17:00:00+00:00,0.44243011419218004
501,2023-10-31 18:00:00+00:00,0.4158709228526846
501,2023-10-31 19:00:00+00:00,0.3492552789637153
501,2023-10-31 20:00:00+00:00,0.3311649922575184
501,2023-10-31 21:00:00+00:00,0.19924291890189602
501,2023-10-31 22:00:00+00:00,0.12570764997773498
501,2023-10-31 23:00:00+00:00,0.14374226189292968
501,2023-11-01 00:00:00+00:00,0.043535654223876626
501,2023-11-01 01:00:00+00:00,0.08239334916272331
501,2023-11-01 02:00:00+00:00,0.15765416295173296
501,2023-11-01 03:00:00+00:00,0.06475090090562498
501,2023-11-01 04:00:00+00:00,0.06475090090562498
501,2023-11-01 05:00:00+00:00,0.06280562946758081
501,2023-11-01 06:00:00+00:00,0.38611269637009715
501,2023-11-01 07:00:00+00:00,0.38611269637009715
501,2023-11-01 08:00:00+00:00,0.25440780563175525
501,2023-11-01 09:00:00+00:00,0.38611269637009715
501,2023-11-01 10:00:00+00:00,0.422565353816452
501,2023-11-01 11:00:00+00:00,0.8161824138784459
501,2023-11-01 12:00:00+00:00,0.02481338850275372
501,2023-11-01 13:00:00+00:00,0.02481338850275372
501,2023-11-01 14:00:00+00:00,0.08609508687830658
501,2023-11-01 15:00:00+00:00,0.8161824138784459
501,2023-11-01 16:00:00+00:00,2.0578909901679636
501,2023-11-01 17:00:00+00:00,2.0578909901679636
501,2023-11-01 18:00:00+00:00,0.4535373341955981
501,2023-11-01 19:00:00+00:00,0.23625532670255944
501,2023-11-01 20:00:00+00:00,0.10671629127967182
501,2023-11-01 21:00:00+00:00,0.05788561549405856
501,2023-11-01 22:00:00+00:00,0.047639444616474895
501,2023-11-01 23:00:00+00:00,0.044306797266966444
501,2023-11-02 00:00:00+00:00,0.02331992154922313
501,2023-11-02 01:00:00+00:00,0.027598875143969456
501,2023-11-02 02:00:00+00:00,0.030596413229818674
501,2023-11-02 03:00:00+00:00,0.021318948531638147
501,2023-11-02 04:00:00+00:00,0.030638658893727983
501,2023-11-02 05:00:00+00:00,0.06406719787313352
501,2023-11-02 06:00:00+00:00,0.07596375047425931
501,2023-11-02 07:00:00+00:00,0.09583409496235964
501,2023-11-02 08:00:00+00:00,0.040522508870036555
501,2023-11-02 09:00:00+00:00,0.05060531412996782
501,2023-11-02 10:00:00+00:00,0.0499408227058997
501,2023-11-02 11:00:00+00:00,0.0499408227058997
501,2023-11-02 12:00:00+00:00,0.0499408227058997
501,2023-11-02 13:00:00+00:00,0.0499408227058997
501,2023-11-02 14:00:00+00:00,0.0499408227058997
501,2023-11-02 15:00:00+00:00,7.684429681899717e-05
501,2023-11-02 16:00:00+00:00,8.153428138452525e-05
501,2023-11-02 17:00:00+00:00,0.005639937771744161
501,2023-11-02 18:00:00+00:00,8.153428138452525e-05
501,2023-11-02 19:00:00+00:00,0.0041892627648847875
501,2023-11-02 20:00:00+00:00,0.003667541770249352
501,2023-11-02 21:00:00+00:00,0.003260052732060513
501,2023-11-02 22:00:00+00:00,0.00215185836238426
501,2023-11-02 23:00:00+00:00,2.9681919984717394e-05
501,2023-11-03 00:00:00+00:00,0.0012389270560185762
501,2023-11-03 01:00:00+00:00,0.0014122228058981053
501,2023-11-03 02:00:00+00:00,0.0015855185557776346
501,2023-11-03 03:00:00+00:00,0.0006629165843584083
501,2023-11-03 04:00:00+00:00,0.002255217642889537
501,2023-11-03 05:00:00+00:00,0.11761982986236699
501,2023-11-03 06:00:00+00:00,1.1099790226387276
501,2023-11-03 07:00:00+00:00,1.1099790226387276
501,2023-11-03 08:00:00+00:00,0.38611269637009715
501,2023-11-03 09:00:00+00:00,0.38611269637009715
501,2023-11-03 10:00:00+00:00,0.8161824138784459
501,2023-11-03 11:00:00+00:00,0.8161824138784459
501,2023-11-03 12:00:00+00:00,0.08609508687830658
501,2023-11-03 13:00:00+00:00,0.08609508687830658
501,2023-11-03 14:00:00+00:00,7.684429681899717e-05
501,2023-11-03 15:00:00+00:00,0.0499408227058997
501,2023-11-03 16:00:00+00:00,0.005639937771744161
501,2023-11-03 17:00:00+00:00,8.153428138452525e-05
501,2023-11-03 18:00:00+00:00,0.005639937771744161
501,2023-11-03 19:00:00+00:00,0.013997323318676373
501,2023-11-03 20:00:00+00:00,0.012739083097357603
501,2023-11-03 21:00:00+00:00,0.017754541710887826
501,2023-11-03 22:00:00+00:00,0.05050706432068325
501,2023-11-03 23:00:00+00:00,0.26754581356214957
501,2023-11-04 00:00:00+00:00,0.2341322291490118
501,2023-11-04 01:00:00+00:00,0.21108158519194795
501,2023-11-04 02:00:00+00:00,0.11858695734731009
501,2023-11-04 03:00:00+00:00,0.019608633085327083
501,2023-11-04 04:00:00+00:00,0.014537350978487044
501,2023-11-04 05:00:00+00:00,0.01552109576258886
501,2023-11-04 06:00:00+00:00,0.05530632808487417
501,2023-11-04 07:00:00+00:00,0.05742142180664193
501,2023-11-04 08:00:00+00:00,0.08999434430173867
501,2023-11-04 09:00:00+00:00,0.08999434430173867
501,2023-11-04 10:00:00+00:00,0.10787738231913337
501,2023-11-04 11:00:00+00:00,0.20823623519162485
501,2023-11-04 12:00:00+00:00,0.8161824138784459
501,2023-11-04 13:00:00+00:00,0.8161824138784459
501,2023-11-04 14:00:00+00:00,0.8161824138784459
501,2023-11-04 15:00:00+00:00,0.8161824138784459
501,2023-11-04 16:00:00+00:00,0.9040536184925947
501,2023-11-04 17:00:00+00:00,2.0578909901679636
501,2023-11-04 18:00:00+00:00,0.44243011419218004
501,2023-11-04 19:00:00+00:00,0.21665588876853642
501,2023-11-04 20:00:00+00:00,0.1635155028631563
501,2023-11-04 21:00:00+00:00,0.11447874258294208
501,2023-11-04 22:00:00+00:00,0.008407781856060483
501,2023-11-04 23:00:00+00:00,0.0771624474798851
501,2023-11-05 00:00:00+00:00,0.004710970278926838
501,2023-11-05 01:00:00+00:00,0.006363716102832512
501,2023-11-05 02:00:00+00:00,0.007095655503773788
501,2023-11-05 03:00:00+00:00,0.006395522838331289
501,2023-11-05 04:00:00+00:00,0.006363716102832512
501,2023-11-05 05:00:00+00:00,0.007715984807176906
501,2023-11-05 06:00:00+00:00,0.0029504074423772485
501,2023-11-05 07:00:00+00:00,0.01471595121966531
501,2023-11-05 08:00:00+00:00,0.009202090695057829
501,2023-11-05 09:00:00+00:00,0.009202090695057829
501,2023-11-05 10:00:00+00:00,0.015535271585368307
501,2023-11-05 11:00:00+00:00,0.015535271585368307
501,2023-11-05 12:00:00+00:00,0.00492280419541048
501,2023-11-05 13:00:00+00:00,0.015535271585368307
501,2023-11-05 14:00:00+00:00,0.00492280419541048
501,2023-11-05 15:00:00+00:00,7.684429681899717e-05
501,2023-11-05 16:00:00+00:00,8.153428138452525e-05
501,2023-11-05 17:00:00+00:00,0.005639937771744161
501,2023-11-05 18:00:00+00:00,0.017098465621929824
501,2023-11-05 19:00:00+00:00,0.017150754553937723
501,2023-11-05 20:00:00+00:00,0.05529639569869982
501,2023-11-05 21:00:00+00:00,0.4366817563951752
501,2023-11-05 22:00:00+00:00,0.31165752182276046
501,2023-11-05 23:00:00+00:00,0.22636749514679896
501,2023-11-06 00:00:00+00:00,0.21429894229827745
501,2023-11-06 01:00:00+00:00,0.02434215759548964
501,2023-11-06 02:00:00+00:00,0.24821216310930735
501,2023-11-06 03:00:00+00:00,0.012358803075062113
501,2023-11-06 04:00:00+00:00,0.012358803075062113
501,2023-11-06 05:00:00+00:00,0.0006629165843584083
501,2023-11-06 06:00:00+00:00,0.01471595121966531
501,2023-11-06 07:00:00+00:00,0.01471595121966531
501,2023-11-06 08:00:00+00:00,0.01471595121966531
501,2023-11-06 09:00:00+00:00,0.01471595121966531
501,2023-11-06 10:00:00+00:00,0.015535271585368307
501,2023-11-06 11:00:00+00:00,0.02481338850275372
501,2023-11-06 12:00:00+00:00,0.02481338850275372
501,2023-11-06 13:00:00+00:00,0.02481338850275372
501,2023-11-06 14:00:00+00:00,0.015535271585368307
501,2023-11-06 15:00:00+00:00,0.015535271585368307
501,2023-11-06 16:00:00+00:00,0.017098465621929824
501,2023-11-06 17:00:00+00:00,0.027426698447055788
501,2023-11-06 18:00:00+00:00,0.027426698447055788
501,2023-11-06 19:00:00+00:00,0.05667802441676257
501,2023-11-06 20:00:00+00:00,0.014314015214188755
501,2023-11-06 21:00:00+00:00,0.040468184511891034
501,2023-11-06 22:00:00+00:00,0.009114602673454708
501,2023-11-06 23:00:00+00:00,0.029815177443822644
501,2023-11-07 00:00:00+00:00,0.004253020366386011
501,2023-11-07 01:00:00+00:00,0.38939585320558767
501,2023-11-07 02:00:00+00:00,0.0057101109906122355
501,2023-11-07 03:00:00+00:00,0.0035749277400332134
501,2023-11-07 04:00:00+00:00,0.0035749277400332134
501,2023-11-07 05:00:00+00:00,0.012358803075062113
501,2023-11-07 06:00:00+00:00,0.4846088898685426
501,2023-11-07 07:00:00+00:00,0.25440780563175525
501,2023-11-07 08:00:00+00:00,0.24610594807027147
501,2023-11-07 09:00:00+00:00,0.4846088898685426
501,2023-11-07 10:00:00+00:00,0.015535271585368307
501,2023-11-07 11:00:00+00:00,0.00492280419541048
501,2023-11-07 12:00:00+00:00,0.015535271585368307
501,2023-11-07 13:00:00+00:00,0.00492280419541048
501,2023-11-07 14:00:00+00:00,0.00492280419541048
501,2023-11-07 15:00:00+00:00,0.00492280419541048
501,2023-11-07 16:00:00+00:00,0.005639937771744161
501,2023-11-07 17:00:00+00:00,0.005639937771744161
501,2023-11-07 18:00:00+00:00,0.005639937771744161
501,2023-11-07 19:00:00+00:00,0.01983379937394473
501,2023-11-07 20:00:00+00:00,1.3505818422288947
501,2023-11-07 21:00:00+00:00,0.31433244601589255
501,2023-11-07 22:00:00+00:00,0.2609065665621481
501,2023-11-07 23:00:00+00:00,0.17570744587953324
501,2023-11-08 00:00:00+00:00,0.07519432156568412
501,2023-11-08 01:00:00+00:00,0.08537880675520543
501,2023-11-08 02:00:00+00:00,0.08691292992964561
501,2023-11-08 03:00:00+00:00,0.06475090090562498
501,2023-11-08 04:00:00+00:00,0.06068086064642519
501,2023-11-08 05:00:00+00:00,0.05012737604838502
501,2023-11-08 06:00:00+00:00,0.24610594807027147
501,2023-11-08 07:00:00+00:00,0.24610594807027147
501,2023-11-08 08:00:00+00:00,0.25440780563175525
501,2023-11-08 09:00:00+00:00,0.38611269637009715
501,2023-11-08 10:00:00+00:00,1.8582647518130457
501,2023-11-08 11:00:00+00:00,0.02481338850275372
501,2023-11-08 12:00:00+00:00,0.00492280419541048
501,2023-11-08 13:00:00+00:00,0.00492280419541048
501,2023-11-08 14:00:00+00:00,7.684429681899717e-05
501,2023-11-08 15:00:00+00:00,7.684429681899717e-05
501,2023-11-08 16:00:00+00:00,0.05300702855247892
501,2023-11-08 17:00:00+00:00,0.005639937771744161
501,2023-11-08 18:00:00+00:00,0.017098465621929824
501,2023-11-08 19:00:00+00:00,0.04556515203663446
501,2023-11-08 20:00:00+00:00,0.43206835823440176
501,2023-11-08 21:00:00+00:00,0.22529796130143015
501,2023-11-08 22:00:00+00:00,0.22529796130143015
501,2023-11-08 23:00:00+00:00,0.21020753247075585
501,2023-11-09 00:00:00+00:00,0.0666185517055008
501,2023-11-09 01:00:00+00:00,0.2828025016567389
501,2023-11-09 02:00:00+00:00,0.2828025016567389
501,2023-11-09 03:00:00+00:00,0.11761982986236699
501,2023-11-09 04:00:00+00:00,0.09982686211741598
501,2023-11-09 05:00:00+00:00,0.2828025016567389
501,2023-11-09 06:00:00+00:00,0.38611269637009715
501,2023-11-09 07:00:00+00:00,1.1099790226387276
501,2023-11-09 08:00:00+00:00,0.38611269637009715
501,2023-11-09 09:00:00+00:00,0.4846088898685426
501,2023-11-09 10:00:00+00:00,0.8161824138784459
501,2023-11-09 11:00:00+00:00,0.08609508687830658
501,2023-11-09 12:00:00+00:00,1.8582647518130457
501,2023-11-09 13:00:00+00:00,0.8161824138784459
501,2023-11-09 14:00:00+00:00,0.8161824138784459
501,2023-11-09 15:00:00+00:00,0.08609508687830658
501,2023-11-09 16:00:00+00:00,2.0578909901679636
501,2023-11-09 17:00:00+00:00,0.027426698447055788
501,2023-11-09 18:00:00+00:00,0.027426698447055788
501,2023-11-09 19:00:00+00:00,0.013773252048871601
501,2023-11-09 20:00:00+00:00,0.01964245169297858
501,2023-11-09 21:00:00+00:00,0.04988724348189813
501,2023-11-09 22:00:00+00:00,0.048420512779525915
501,2023-11-09 23:00:00+00:00,0.5154569530400548
501,2023-11-10 00:00:00+00:00,0.18327263739663222
501,2023-11-10 01:00:00+00:00,0.5831622032879082
501,2023-11-10 02:00:00+00:00,0.26116759387550614
501,2023-11-10 03:00:00+00:00,0.11761982986236699
501,2023-11-10 04:00:00+00:00,0.2828025016567389
501,2023-11-10 05:00:00+00:00,0.09982686211741598
501,2023-11-10 06:00:00+00:00,0.22661517796047567
501,2023-11-10 07:00:00+00:00,0.12673489887879644
501,2023-11-10 08:00:00+00:00,0.17910067709745095
501,2023-11-10 09:00:00+00:00,0.07596375047425931
501,2023-11-10 10:00:00+00:00,0.07704115149805137
501,2023-11-10 11:00:00+00:00,0.06652873219783212
501,2023-11-10 12:00:00+00:00,0.06652873219783212
501,2023-11-10 13:00:00+00:00,0.06652873219783212
501,2023-11-10 14:00:00+00:00,0.08266837327242972
501,2023-11-10 15:00:00+00:00,0.08266837327242972
501,2023-11-10 16:00:00+00:00,0.08766321125228768
501,2023-11-10 17:00:00+00:00,8.153428138452525e-05
501,2023-11-10 18:00:00+00:00,0.13639292470468897
501,2023-11-10 19:00:00+00:00,6.362022672041743e-05
501,2023-11-10 20:00:00+00:00,0.0038794460428123404
501,2023-11-10 21:00:00+00:00,0.003162471036773719
501,2023-11-10 22:00:00+00:00,0.0026896813606916018
501,2023-11-10 23:00:00+00:00,0.002966908916851514
501,2023-11-11 00:00:00+00:00,0.006528284126925178
501,2023-11-11 01:00:00+00:00,0.006900835546682789
501,2023-11-11 02:00:00+00:00,0.0072733869664404
501,2023-11-11 03:00:00+00:00,0.002255217642889537
501,2023-11-11 04:00:00+00:00,0.0006629165843584083
501,2023-11-11 05:00:00+00:00,7.221515700479056e-06
501,2023-11-11 06:00:00+00:00,4.697666146648594e-05
501,2023-11-11 07:00:00+00:00,0.0029504074423772485
501,2023-11-11 08:00:00+00:00,0.0029504074423772485
501,2023-11-11 09:00:00+00:00,0.03050581012645869
501,2023-11-11 10:00:00+00:00,0.1285967700796795
501,2023-11-11 11:00:00+00:00,0.0499408227058997
501,2023-11-11 12:00:00+00:00,0.00492280419541048
501,2023-11-11 13:00:00+00:00,0.015535271585368307
501,2023-11-11 14:00:00+00:00,0.08266837327242972
501,2023-11-11 15:00:00+00:00,0.08266837327242972
501,2023-11-11 16:00:00+00:00,0.9553182048032922
501,2023-11-11 17:00:00+00:00,0.16915073322211066
501,2023-11-11 18:00:00+00:00,0.1003975881514795
501,2023-11-11 19:00:00+00:00,0.07842156633669851
501,2023-11-11 20:00:00+00:00,0.08988732919412344
501,2023-11-11 21:00:00+00:00,0.12237614052239416
501,2023-11-11 22:00:00+00:00,0.09389512640213701
501,2023-11-11 23:00:00+00:00,0.09345698501938324
501,2023-11-12 00:00:00+00:00,0.0908885023442597
501,2023-11-12 01:00:00+00:00,0.12611968381467678
501,2023-11-12 02:00:00+00:00,0.05463873993453886
501,2023-11-12 03:00:00+00:00,0.030638658893727983
501,2023-11-12 04:00:00+00:00,0.021318948531638147
501,2023-11-12 05:00:00+00:00,0.021318948531638147
501,2023-11-12 06:00:00+00:00,0.08999434430173867
501,2023-11-12 07:00:00+00:00,0.08999434430173867
501,2023-11-12 08:00:00+00:00,0.08999434430173867
501,2023-11-12 09:00:00+00:00,0.06469732242474178
501,2023-11-12 10:00:00+00:00,0.15121857479801531
501,2023-11-12 11:00:00+00:00,0.08975275947792455
501,2023-11-12 12:00:00+00:00,0.09627667398874001
501,2023-11-12 13:00:00+00:00,0.09627667398874001
501,2023-11-12 14:00:00+00:00,0.13469189070577087
501,2023-11-12 15:00:00+00:00,0.13469189070577087
501,2023-11-12 16:00:00+00:00,0.14811013531127704
501,2023-11-12 17:00:00+00:00,2.0578909901679636
501,2023-11-12 18:00:00+00:00,0.027426698447055788
501,2023-11-12 19:00:00+00:00,0.015672946447399437
501,2023-11-12 20:00:00+00:00,0.04263330342139813
501,2023-11-12 21:00:00+00:00,0.6927914980542862
501,2023-11-12 22:00:00+00:00,0.13946226245092874
501,2023-11-12 23:00:00+00:00,0.09704214543720055
501,2023-11-13 00:00:00+00:00,0.06083154170924574
501,2023-11-13 01:00:00+00:00,0.042167258015399674
501,2023-11-13 02:00:00+00:00,0.02116409183780144
501,2023-11-13 03:00:00+00:00,0.019608633085327083
501,2023-11-13 04:00:00+00:00,0.019608633085327083
501,2023-11-13 05:00:00+00:00,0.06280562946758081
501,2023-11-13 06:00:00+00:00,0.38611269637009715
501,2023-11-13 07:00:00+00:00,1.1099790226387276
501,2023-11-13 08:00:00+00:00,0.05109009829316787
501,2023-11-13 09:00:00+00:00,0.01471595121966531
501,2023-11-13 10:00:00+00:00,0.02481338850275372
501,2023-11-13 11:00:00+00:00,0.02481338850275372
501,2023-11-13 12:00:00+00:00,0.02481338850275372
501,2023-11-13 13:00:00+00:00,0.02481338850275372
501,2023-11-13 14:00:00+00:00,0.015535271585368307
501,2023-11-13 15:00:00+00:00,0.015535271585368307
501,2023-11-13 16:00:00+00:00,0.017098465621929824
501,2023-11-13 17:00:00+00:00,0.017098465621929824
501,2023-11-13 18:00:00+00:00,0.027426698447055788
501,2023-11-13 19:00:00+00:00,0.011586079225625441
501,2023-11-13 20:00:00+00:00,0.008576399437666435
501,2023-11-13 21:00:00+00:00,0.008741350569269108
501,2023-11-13 22:00:00+00:00,0.006749992468892019
501,2023-11-13 23:00:00+00:00,0.009970850528342326
501,2023-11-14 00:00:00+00:00,0.006397184664257981
501,2023-11-14 01:00:00+00:00,0.02414947039153814
501,2023-11-14 02:00:00+00:00,0.023547284849329775
501,2023-11-14 03:00:00+00:00,0.012358803075062113
501,2023-11-14 04:00:00+00:00,0.0035749277400332134
501,2023-11-14 05:00:00+00:00,0.012358803075062113
501,2023-11-14 06:00:00+00:00,0.05109009829316787
501,2023-11-14 07:00:00+00:00,0.05109009829316787
501,2023-11-14 08:00:00+00:00,0.05109009829316787
501,2023-11-14 09:00:00+00:00,0.05109009829316787
501,2023-11-14 10:00:00+00:00,0.08609508687830658
501,2023-11-14 11:00:00+00:00,0.08609508687830658
501,2023-11-14 12:00:00+00:00,0.015535271585368307
501,2023-11-14 13:00:00+00:00,0.02481338850275372
501,2023-11-14 14:00:00+00:00,0.015535271585368307
501,2023-11-14 15:00:00+00:00,0.015535271585368307
501,2023-11-14 16:00:00+00:00,0.017098465621929824
501,2023-11-14 17:00:00+00:00,0.017098465621929824
501,2023-11-14 18:00:00+00:00,0.017098465621929824
501,2023-11-14 19:00:00+00:00,0.01344086479958194
501,2023-11-14 20:00:00+00:00,0.0117886322046871
501,2023-11-14 21:00:00+00:00,0.007036736092364757
501,2023-11-14 22:00:00+00:00,0.007352330906587167
501,2023-11-14 23:00:00+00:00,0.006467624173773938
501,2023-11-15 00:00:00+00:00,0.004583339884382345
501,2023-11-15 01:00:00+00:00,0.005365929839143805
501,2023-11-15 02:00:00+00:00,0.003839987938926552
501,2023-11-15 03:00:00+00:00,0.002255217642889537
501,2023-11-15 04:00:00+00:00,0.002255217642889537
501,2023-11-15 05:00:00+00:00,0.002255217642889537
501,2023-11-15 06:00:00+00:00,0.009202090695057829
501,2023-11-15 07:00:00+00:00,0.0029504074423772485
501,2023-11-15 08:00:00+00:00,0.0029504074423772485
501,2023-11-15 09:00:00+00:00,0.0029504074423772485
501,2023-11-15 10:00:00+00:00,0.00492280419541048
501,2023-11-15 11:00:00+00:00,0.00492280419541048
501,2023-11-15 12:00:00+00:00,0.00492280419541048
501,2023-11-15 13:00:00+00:00,0.00492280419541048
501,2023-11-15 14:00:00+00:00,0.00492280419541048
501,2023-11-15 15:00:00+00:00,0.00492280419541048
501,2023-11-15 16:00:00+00:00,0.005639937771744161
501,2023-11-15 17:00:00+00:00,0.017098465621929824
501,2023-11-15 18:00:00+00:00,0.005639937771744161
501,2023-11-15 19:00:00+00:00,0.004075035337888947
501,2023-11-15 20:00:00+00:00,0.017426559793320646
501,2023-11-15 21:00:00+00:00,0.15136103988447072
501,2023-11-15 22:00:00+00:00,0.1076019729093798
501,2023-11-15 23:00:00+00:00,0.04537231754091393
501,2023-11-16 00:00:00+00:00,0.024386120171021992
501,2023-11-16 01:00:00+00:00,0.030348290044448587
501,2023-11-16 02:00:00+00:00,0.03105259473977243
501,2023-11-16 03:00:00+00:00,0.043665073037161245
501,2023-11-16 04:00:00+00:00,0.043665073037161245
501,2023-11-16 05:00:00+00:00,0.06406719787313352
501,2023-11-16 06:00:00+00:00,0.2655502800908567
501,2023-11-16 07:00:00+00:00,0.17910067709745095
501,2023-11-16 08:00:00+00:00,0.2655502800908567
501,2023-11-16 09:00:00+00:00,0.7583901566146332
501,2023-11-16 10:00:00+00:00,0.12877882369660337
501,2023-11-16 11:00:00+00:00,0.9891933199303717
501,2023-11-16 12:00:00+00:00,0.12877882369660337
501,2023-11-16 13:00:00+00:00,0.1501203726344184
501,2023-11-16 14:00:00+00:00,0.1285967700796795
501,2023-11-16 15:00:00+00:00,0.0499408227058997
501,2023-11-16 16:00:00+00:00,0.017098465621929824
501,2023-11-16 17:00:00+00:00,0.017098465621929824
501,2023-11-16 18:00:00+00:00,0.017098465621929824
501,2023-11-16 19:00:00+00:00,0.02386035566431976
501,2023-11-16 20:00:00+00:00,1.3912024632609044
501,2023-11-16 21:00:00+00:00,0.21062099779862412
501,2023-11-16 22:00:00+00:00,0.3918914147338515
501,2023-11-16 23:00:00+00:00,0.31007254640871035
501,2023-11-17 00:00:00+00:00,0.15801909978944542
501,2023-11-17 01:00:00+00:00,0.3223721524708345
501,2023-11-17 02:00:00+00:00,0.010344342215421166
501,2023-11-17 03:00:00+00:00,0.012358803075062113
501,2023-11-17 04:00:00+00:00,0.012358803075062113
501,2023-11-17 05:00:00+00:00,0.002255217642889537
501,2023-11-17 06:00:00+00:00,0.01471595121966531
501,2023-11-17 07:00:00+00:00,0.01471595121966531
501,2023-11-17 08:00:00+00:00,0.22661517796047567
501,2023-11-17 09:00:00+00:00,0.23978843039861583
501,2023-11-17 10:00:00+00:00,0.8161824138784459
501,2023-11-17 11:00:00+00:00,0.08609508687830658
501,2023-11-17 12:00:00+00:00,0.08609508687830658
501,2023-11-17 13:00:00+00:00,0.02481338850275372
501,2023-11-17 14:00:00+00:00,0.08609508687830658
501,2023-11-17 15:00:00+00:00,0.8161824138784459
501,2023-11-17 16:00:00+00:00,0.7137143798966806
501,2023-11-17 17:00:00+00:00,0.7137143798966806
501,2023-11-17 18:00:00+00:00,0.44243011419218004
501,2023-11-17 19:00:00+00:00,0.3516386319211441
501,2023-11-17 20:00:00+00:00,0.29703291431042117
501,2023-11-17 21:00:00+00:00,0.28528294731630344
501,2023-11-17 22:00:00+00:00,0.1908491823827675
501,2023-11-17 23:00:00+00:00,0.0903649118278779
501,2023-11-18 00:00:00+00:00,0.10921722723389563
501,2023-11-18 01:00:00+00:00,0.11233937951770394
501,2023-11-18 02:00:00+00:00,0.16862265924173078
501,2023-11-18 03:00:00+00:00,0.06475090090562498
501,2023-11-18 04:00:00+00:00,0.06475090090562498
501,2023-11-18 05:00:00+00:00,0.06475090090562498
501,2023-11-18 06:00:00+00:00,0.23978843039861583
501,2023-11-18 07:00:00+00:00,0.25440780563175525
501,2023-11-18 08:00:00+00:00,0.38611269637009715
501,2023-11-18 09:00:00+00:00,0.4846088898685426
501,2023-11-18 10:00:00+00:00,0.02481338850275372
501,2023-11-18 11:00:00+00:00,0.02481338850275372
501,2023-11-18 12:00:00+00:00,0.08609508687830658
501,2023-11-18 13:00:00+00:00,0.08609508687830658
501,2023-11-18 14:00:00+00:00,0.08609508687830658
501,2023-11-18 15:00:00+00:00,0.02481338850275372
501,2023-11-18 16:00:00+00:00,0.027426698447055788
501,2023-11-18 17:00:00+00:00,0.027426698447055788
501,2023-11-18 18:00:00+00:00,0.027426698447055788
501,2023-11-18 19:00:00+00:00,0.019622655477904274
501,2023-11-18 20:00:00+00:00,0.021267240266600103
501,2023-11-18 21:00:00+00:00,0.05282360843735959
501,2023-11-18 22:00:00+00:00,0.014639460365574277
501,2023-11-18 23:00:00+00:00,0.014361217942886268
501,2023-11-19 00:00:00+00:00,0.04725327633187604
501,2023-11-19 01:00:00+00:00,0.04791994630486826
501,2023-11-19 02:00:00+00:00,0.04858661522761698
501,2023-11-19 03:00:00+00:00,0.012358803075062113
501,2023-11-19 04:00:00+00:00,0.0035749277400332134
501,2023-11-19 05:00:00+00:00,0.0035749277400332134
501,2023-11-19 06:00:00+00:00,0.05109009829316787
501,2023-11-19 07:00:00+00:00,0.01471595121966531
501,2023-11-19 08:00:00+00:00,0.05109009829316787
501,2023-11-19 09:00:00+00:00,0.05109009829316787
501,2023-11-19 10:00:00+00:00,0.08609508687830658
501,2023-11-19 11:00:00+00:00,0.08609508687830658
501,2023-11-19 12:00:00+00:00,0.08609508687830658
501,2023-11-19 13:00:00+00:00,0.02481338850275372
501,2023-11-19 14:00:00+00:00,0.02481338850275372
501,2023-11-19 15:00:00+00:00,0.015535271585368307
501,2023-11-19 16:00:00+00:00,0.017098465621929824
501,2023-11-19 17:00:00+00:00,0.017098465621929824
501,2023-11-19 18:00:00+00:00,0.017098465621929824
501,2023-11-19 19:00:00+00:00,0.010832624519742973
501,2023-11-19 20:00:00+00:00,0.009104479351578784
501,2023-11-19 21:00:00+00:00,0.006952309155169885
501,2023-11-19 22:00:00+00:00,0.004491315602657871
501,2023-11-19 23:00:00+00:00,0.003967049575212916
501,2023-11-20 00:00:00+00:00,0.0035872818806026554
501,2023-11-20 01:00:00+00:00,0.006140490599449153
501,2023-11-20 02:00:00+00:00,0.02324966530383489
501,2023-11-20 03:00:00+00:00,0.2828025016567389
501,2023-11-20 04:00:00+00:00,0.09982686211741598
501,2023-11-20 05:00:00+00:00,0.06280562946758081
501,2023-11-20 06:00:00+00:00,0.22661517796047567
501,2023-11-20 07:00:00+00:00,1.1099790226387276
501,2023-11-20 08:00:00+00:00,0.040522508870036555
501,2023-11-20 09:00:00+00:00,0.07868503152750361
501,2023-11-20 10:00:00+00:00,7.684429681899717e-05
501,2023-11-20 11:00:00+00:00,0.0499408227058997
501,2023-11-20 12:00:00+00:00,0.00492280419541048
501,2023-11-20 13:00:00+00:00,7.684429681899717e-05
501,2023-11-20 14:00:00+00:00,0.00492280419541048
501,2023-11-20 15:00:00+00:00,0.00492280419541048
501,2023-11-20 16:00:00+00:00,0.005639937771744161
501,2023-11-20 17:00:00+00:00,0.13639292470468897
501,2023-11-20 18:00:00+00:00,0.13639292470468897
501,2023-11-20 19:00:00+00:00,0.10352573311830233
501,2023-11-20 20:00:00+00:00,0.03335759295559363
501,2023-11-20 21:00:00+00:00,2.7977049828783308e-05
501,2023-11-20 22:00:00+00:00,0.013380470011390687
501,2023-11-20 23:00:00+00:00,0.02591081813005984
501,2023-11-21 00:00:00+00:00,0.005318303911186911
501,2023-11-21 01:00:00+00:00,0.007666241691131237
501,2023-11-21 02:00:00+00:00,0.013377476847505709
501,2023-11-21 03:00:00+00:00,0.012108710040127401
501,2023-11-21 04:00:00+00:00,0.012108710040127401
501,2023-11-21 05:00:00+00:00,0.012108710040127401
501,2023-11-21 06:00:00+00:00,0.09583409496235964
501,2023-11-21 07:00:00+00:00,0.04740304210667972
501,2023-11-21 08:00:00+00:00,0.04740304210667972
501,2023-11-21 09:00:00+00:00,0.04740304210667972
501,2023-11-21 10:00:00+00:00,0.07704115149805137
501,2023-11-21 11:00:00+00:00,0.1501203726344184
501,2023-11-21 12:00:00+00:00,0.1501203726344184
501,2023-11-21 13:00:00+00:00,0.1501203726344184
501,2023-11-21 14:00:00+00:00,0.1850765392326519
501,2023-11-21 15:00:00+00:00,0.1501203726344184
501,2023-11-21 16:00:00+00:00,0.1571976189606568
501,2023-11-21 17:00:00+00:00,0.1571976189606568
501,2023-11-21 18:00:00+00:00,0.08158357800648956
501,2023-11-21 19:00:00+00:00,0.07791397660510746
501,2023-11-21 20:00:00+00:00,0.15510522496774468
501,2023-11-21 21:00:00+00:00,0.08932374110047406
501,2023-11-21 22:00:00+00:00,0.0702209323260178
501,2023-11-21 23:00:00+00:00,0.046409262228318544
501,2023-11-22 00:00:00+00:00,0.01343156168727486
501,2023-11-22 01:00:00+00:00,0.0360115078514725
501,2023-11-22 02:00:00+00:00,0.1768838363289025
501,2023-11-22 03:00:00+00:00,0.012358803075062113
501,2023-11-22 04:00:00+00:00,0.11761982986236699
501,2023-11-22 05:00:00+00:00,0.0035749277400332134
501,2023-11-22 06:00:00+00:00,0.38611269637009715
501,2023-11-22 07:00:00+00:00,0.23978843039861583
501,2023-11-22 08:00:00+00:00,0.05109009829316787
501,2023-11-22 09:00:00+00:00,0.05109009829316787
501,2023-11-22 10:00:00+00:00,0.02481338850275372
501,2023-11-22 11:00:00+00:00,0.015535271585368307
501,2023-11-22 12:00:00+00:00,0.015535271585368307
501,2023-11-22 13:00:00+00:00,0.015535271585368307
501,2023-11-22 14:00:00+00:00,0.00492280419541048
501,2023-11-22 15:00:00+00:00,0.015535271585368307
501,2023-11-22 16:00:00+00:00,0.005639937771744161
501,2023-11-22 17:00:00+00:00,0.017098465621929824
501,2023-11-22 18:00:00+00:00,0.017098465621929824
501,2023-11-22 19:00:00+00:00,0.012937497040848397
501,2023-11-22 20:00:00+00:00,0.017026704565371278
501,2023-11-22 21:00:00+00:00,0.4247587065065704
501,2023-11-22 22:00:00+00:00,0.007485236983004477
501,2023-11-22 23:00:00+00:00,0.005963783829472809
501,2023-11-23 00:00:00+00:00,0.0027459942701785218
501,2023-11-23 01:00:00+00:00,0.003150056347949473
501,2023-11-23 02:00:00+00:00,0.0035541184257204244
501,2023-11-23 03:00:00+00:00,0.0007781031356405366
501,2023-11-23 04:00:00+00:00,0.0006629165843584083
501,2023-11-23 05:00:00+00:00,0.002255217642889537
501,2023-11-23 06:00:00+00:00,0.009202090695057829
501,2023-11-23 07:00:00+00:00,0.0029504074423772485
501,2023-11-23 08:00:00+00:00,0.0029504074423772485
501,2023-11-23 09:00:00+00:00,0.01471595121966531
501,2023-11-23 10:00:00+00:00,0.00492280419541048
501,2023-11-23 11:00:00+00:00,0.00492280419541048
501,2023-11-23 12:00:00+00:00,0.015535271585368307
501,2023-11-23 13:00:00+00:00,0.02481338850275372
501,2023-11-23 14:00:00+00:00,0.02481338850275372
501,2023-11-23 15:00:00+00:00,0.02481338850275372
501,2023-11-23 16:00:00+00:00,0.017098465621929824
501,2023-11-23 17:00:00+00:00,0.027426698447055788
501,2023-11-23 18:00:00+00:00,0.027426698447055788
501,2023-11-23 19:00:00+00:00,0.0036837842409468183
501,2023-11-23 20:00:00+00:00,0.003309101846575025
501,2023-11-23 21:00:00+00:00,0.00866484596008878
501,2023-11-23 22:00:00+00:00,0.009172469596833589
501,2023-11-23 23:00:00+00:00,0.0023964695856602937
501,2023-11-24 00:00:00+00:00,0.01426934690384195
501,2023-11-24 01:00:00+00:00,0.039500198929315035
501,2023-11-24 02:00:00+00:00,2.335773218387512e-05
501,2023-11-24 03:00:00+00:00,7.221515700479056e-06
501,2023-11-24 04:00:00+00:00,0.004710970278926838
501,2023-11-24 05:00:00+00:00,0.004710970278926838
501,2023-11-24 06:00:00+00:00,4.697666146648594e-05
501,2023-11-24 07:00:00+00:00,4.697666146648594e-05
501,2023-11-24 08:00:00+00:00,0.03050581012645869
501,2023-11-24 09:00:00+00:00,0.04546422922293127
501,2023-11-24 10:00:00+00:00,0.08266837327242972
501,2023-11-24 11:00:00+00:00,0.08266837327242972
501,2023-11-24 12:00:00+00:00,0.1850765392326519
501,2023-11-24 13:00:00+00:00,0.1501203726344184
501,2023-11-24 14:00:00+00:00,0.16501972748409385
501,2023-11-24 15:00:00+00:00,0.1501203726344184
501,2023-11-24 16:00:00+00:00,0.1571976189606568
501,2023-11-24 17:00:00+00:00,0.1571976189606568
501,2023-11-24 18:00:00+00:00,8.153428138452525e-05
501,2023-11-24 19:00:00+00:00,0.05562587149013538
501,2023-11-24 20:00:00+00:00,0.06938234967675028
501,2023-11-24 21:00:00+00:00,0.04814082308176683
501,2023-11-24 22:00:00+00:00,0.07773538793893249
501,2023-11-24 23:00:00+00:00,0.03480698345189915
501,2023-11-25 00:00:00+00:00,0.027957601239184587
501,2023-11-25 01:00:00+00:00,0.08361111715781853
501,2023-11-25 02:00:00+00:00,0.018427172411415487
501,2023-11-25 03:00:00+00:00,7.221515700479056e-06
501,2023-11-25 04:00:00+00:00,0.004710970278926838
501,2023-11-25 05:00:00+00:00,0.09982686211741598
501,2023-11-25 06:00:00+00:00,0.12673489887879644
501,2023-11-25 07:00:00+00:00,0.4846088898685426
501,2023-11-25 08:00:00+00:00,0.12549953686172433
501,2023-11-25 09:00:00+00:00,0.4846088898685426
501,2023-11-25 10:00:00+00:00,1.8582647518130457
501,2023-11-25 11:00:00+00:00,0.2990395951184675
501,2023-11-25 12:00:00+00:00,0.0499408227058997
501,2023-11-25 13:00:00+00:00,0.1285967700796795
501,2023-11-25 14:00:00+00:00,7.684429681899717e-05
501,2023-11-25 15:00:00+00:00,0.1285967700796795
501,2023-11-25 16:00:00+00:00,0.005639937771744161
501,2023-11-25 17:00:00+00:00,0.017098465621929824
501,2023-11-25 18:00:00+00:00,0.027426698447055788
501,2023-11-25 19:00:00+00:00,0.02429786405349395
501,2023-11-25 20:00:00+00:00,1.697974469074534
501,2023-11-25 21:00:00+00:00,0.06903640124270792
501,2023-11-25 22:00:00+00:00,0.18089986610358022
501,2023-11-25 23:00:00+00:00,0.5974705768093312
501,2023-11-26 00:00:00+00:00,0.1911773877692347
501,2023-11-26 01:00:00+00:00,0.05723398239821942
501,2023-11-26 02:00:00+00:00,0.13816175257575364
501,2023-11-26 03:00:00+00:00,0.01552109576258886
501,2023-11-26 04:00:00+00:00,0.021318948531638147
501,2023-11-26 05:00:00+00:00,0.014537350978487044
501,2023-11-26 06:00:00+00:00,0.06469732242474178
501,2023-11-26 07:00:00+00:00,0.05530632808487417
501,2023-11-26 08:00:00+00:00,0.05742142180664193
501,2023-11-26 09:00:00+00:00,0.06469732242474178
501,2023-11-26 10:00:00+00:00,0.08975275947792455
501,2023-11-26 11:00:00+00:00,0.13469189070577087
501,2023-11-26 12:00:00+00:00,0.2990395951184675
501,2023-11-26 13:00:00+00:00,0.08975275947792455
501,2023-11-26 14:00:00+00:00,0.13469189070577087
501,2023-11-26 15:00:00+00:00,0.08975275947792455
501,2023-11-26 16:00:00+00:00,0.1211394512150662
501,2023-11-26 17:00:00+00:00,0.1211394512150662
501,2023-11-26 18:00:00+00:00,0.1003975881514795
501,2023-11-26 19:00:00+00:00,0.08900306622463505
501,2023-11-26 20:00:00+00:00,0.05172045679811246
501,2023-11-26 21:00:00+00:00,0.15055876466944795
501,2023-11-26 22:00:00+00:00,0.005694068933851117
501,2023-11-26 23:00:00+00:00,0.025641207253529225
501,2023-11-27 00:00:00+00:00,0.003253645411985809
501,2023-11-27 01:00:00+00:00,0.0039028424590448487
501,2023-11-27 02:00:00+00:00,0.0027248321310984073
501,2023-11-27 03:00:00+00:00,0.0035749277400332134
501,2023-11-27 04:00:00+00:00,0.0035749277400332134
501,2023-11-27 05:00:00+00:00,0.002255217642889537
501,2023-11-27 06:00:00+00:00,0.009202090695057829
501,2023-11-27 07:00:00+00:00,0.009202090695057829
501,2023-11-27 08:00:00+00:00,0.0029504074423772485
501,2023-11-27 09:00:00+00:00,0.0029504074423772485
501,2023-11-27 10:00:00+00:00,0.015535271585368307
501,2023-11-27 11:00:00+00:00,0.015535271585368307
501,2023-11-27 12:00:00+00:00,0.00492280419541048
501,2023-11-27 13:00:00+00:00,0.0499408227058997
501,2023-11-27 14:00:00+00:00,0.07704115149805137
501,2023-11-27 15:00:00+00:00,0.9891933199303717
501,2023-11-27 16:00:00+00:00,0.1382298005736861
501,2023-11-27 17:00:00+00:00,0.17301792376349867
501,2023-11-27 18:00:00+00:00,0.1571976189606568
501,2023-11-27 19:00:00+00:00,0.06857838943855736
501,2023-11-27 20:00:00+00:00,0.11518408555018271
501,2023-11-27 21:00:00+00:00,0.029834673109180875
501,2023-11-27 22:00:00+00:00,0.026789455430864025
501,2023-11-27 23:00:00+00:00,0.020718543738332384
501,2023-11-28 00:00:00+00:00,0.01045678155970523
501,2023-11-28 01:00:00+00:00,0.028660892949900818
501,2023-11-28 02:00:00+00:00,0.03593390347523457
501,2023-11-28 03:00:00+00:00,0.014921969028302992
501,2023-11-28 04:00:00+00:00,0.14682634625028987
501,2023-11-28 05:00:00+00:00,0.014921969028302992
501,2023-11-28 06:00:00+00:00,0.040522508870036555
501,2023-11-28 07:00:00+00:00,0.11824344829380741
501,2023-11-28 08:00:00+00:00,0.07596375047425931
501,2023-11-28 09:00:00+00:00,0.10508833705406237
501,2023-11-28 10:00:00+00:00,0.16501972748409385
501,2023-11-28 11:00:00+00:00,1.276547251279357
501,2023-11-28 12:00:00+00:00,0.8513847973859827
501,2023-11-28 13:00:00+00:00,0.16501972748409385
501,2023-11-28 14:00:00+00:00,0.1285967700796795
501,2023-11-28 15:00:00+00:00,0.0499408227058997
501,2023-11-28 16:00:00+00:00,0.05300702855247892
501,2023-11-28 17:00:00+00:00,0.005639937771744161
501,2023-11-28 18:00:00+00:00,0.027426698447055788
501,2023-11-28 19:00:00+00:00,0.0634635071720491
501,2023-11-28 20:00:00+00:00,0.05591049045012281
501,2023-11-28 21:00:00+00:00,0.41750430826602114
501,2023-11-28 22:00:00+00:00,0.15886620859010867
501,2023-11-28 23:00:00+00:00,0.03979699530551389
501,2023-11-29 00:00:00+00:00,0.023263703415725437
501,2023-11-29 01:00:00+00:00,0.2190675418667794
501,2023-11-29 02:00:00+00:00,0.10122043020177038
501,2023-11-29 03:00:00+00:00,0.01552109576258886
501,2023-11-29 04:00:00+00:00,0.18194216986709516
501,2023-11-29 05:00:00+00:00,0.11761982986236699
501,2023-11-29 06:00:00+00:00,0.05742142180664193
501,2023-11-29 07:00:00+00:00,0.23978843039861583
501,2023-11-29 08:00:00+00:00,0.4846088898685426
501,2023-11-29 09:00:00+00:00,0.07596375047425931
501,2023-11-29 10:00:00+00:00,0.4473312121659176
501,2023-11-29 11:00:00+00:00,0.30214286833378223
501,2023-11-29 12:00:00+00:00,0.4473312121659176
501,2023-11-29 13:00:00+00:00,0.9891933199303717
501,2023-11-29 14:00:00+00:00,1.276547251279357
501,2023-11-29 15:00:00+00:00,1.276547251279357
501,2023-11-29 16:00:00+00:00,1.0748861178120888
501,2023-11-29 17:00:00+00:00,1.4194539274337756
501,2023-11-29 18:00:00+00:00,1.0748861178120888
501,2023-11-29 19:00:00+00:00,0.9760349038012257
501,2023-11-29 20:00:00+00:00,0.39920842632935527
501,2023-11-29 21:00:00+00:00,0.06793083006671745
501,2023-11-29 22:00:00+00:00,0.0433505660805932
501,2023-11-29 23:00:00+00:00,0.1394813390672645
501,2023-11-30 00:00:00+00:00,0.19201752614158143
501,2023-11-30 01:00:00+00:00,0.23036150455114662
501,2023-11-30 02:00:00+00:00,0.2687054755317397
501,2023-11-30 03:00:00+00:00,0.14682634625028987
501,2023-11-30 04:00:00+00:00,0.019191233008898825
501,2023-11-30 05:00:00+00:00,0.14682634625028987
501,2023-11-30 06:00:00+00:00,0.7583901566146332
501,2023-11-30 07:00:00+00:00,0.5837837385204305
501,2023-11-30 08:00:00+00:00,0.5837837385204305
501,2023-11-30 09:00:00+00:00,0.7583901566146332
501,2023-11-30 10:00:00+00:00,1.276547251279357
501,2023-11-30 11:00:00+00:00,1.276547251279357
501,2023-11-30 12:00:00+00:00,1.276547251279357
501,2023-11-30 13:00:00+00:00,1.276547251279357
501,2023-11-30 14:00:00+00:00,1.276547251279357
501,2023-11-30 15:00:00+00:00,0.9891933199303717
501,2023-11-30 16:00:00+00:00,1.0748861178120888
501,2023-11-30 17:00:00+00:00,1.4194539274337756
501,2023-11-30 18:00:00+00:00,1.0748861178120888
501,2023-11-30 19:00:00+00:00,0.9023848120721883
501,2023-11-30 20:00:00+00:00,0.7244694694357631
501,2023-11-30 21:00:00+00:00,0.533224713988218
501,2023-11-30 22:00:00+00:00,0.5331285503003577
501,2023-11-30 23:00:00+00:00,0.4743644760361945
501,2023-12-01 00:00:00+00:00,0.3386942261966778
501,2023-12-01 01:00:00+00:00,0.36301880690208266
501,2023-12-01 02:00:00+00:00,0.4082558138471019
501,2023-12-01 03:00:00+00:00,0.14682634625028987
501,2023-12-01 04:00:00+00:00,0.18194216986709516
501,2023-12-01 05:00:00+00:00,0.18194216986709516
501,2023-12-01 06:00:00+00:00,0.5837837385204305
501,2023-12-01 07:00:00+00:00,0.5837837385204305
501,2023-12-01 08:00:00+00:00,0.5837837385204305
501,2023-12-01 09:00:00+00:00,0.5837837385204305
501,2023-12-01 10:00:00+00:00,0.9891933199303717
501,2023-12-01 11:00:00+00:00,0.9891933199303717
501,2023-12-01 12:00:00+00:00,0.9891933199303717
501,2023-12-01 13:00:00+00:00,0.16501972748409385
501,2023-12-01 14:00:00+00:00,1.276547251279357
501,2023-12-01 15:00:00+00:00,0.9891933199303717
501,2023-12-01 16:00:00+00:00,0.1937549190473808
501,2023-12-01 17:00:00+00:00,1.4194539274337756
501,2023-12-01 18:00:00+00:00,0.9553182048032922
501,2023-12-01 19:00:00+00:00,0.9800507774669647
501,2023-12-01 20:00:00+00:00,0.1599041124391729
501,2023-12-01 21:00:00+00:00,0.09956893915745904
501,2023-12-01 22:00:00+00:00,0.09515661541334948
501,2023-12-01 23:00:00+00:00,0.09721242332024489
501,2023-12-02 00:00:00+00:00,0.41066694471451515
501,2023-12-02 01:00:00+00:00,0.052499619864951365
501,2023-12-02 02:00:00+00:00,0.1691447596701456
501,2023-12-02 03:00:00+00:00,0.019191233008898825
501,2023-12-02 04:00:00+00:00,0.013768607342669093
501,2023-12-02 05:00:00+00:00,0.14682634625028987
501,2023-12-02 06:00:00+00:00,0.17910067709745095
501,2023-12-02 07:00:00+00:00,0.07977600419085691
501,2023-12-02 08:00:00+00:00,0.05530632808487417
501,2023-12-02 09:00:00+00:00,0.22661517796047567
501,2023-12-02 10:00:00+00:00,0.644446033536127
501,2023-12-02 11:00:00+00:00,0.3752277884435744
501,2023-12-02 12:00:00+00:00,0.20823623519162485
501,2023-12-02 13:00:00+00:00,0.015535271585368307
501,2023-12-02 14:00:00+00:00,0.39762613496082505
501,2023-12-02 15:00:00+00:00,0.13469189070577087
501,2023-12-02 16:00:00+00:00,0.10637015867335105
501,2023-12-02 17:00:00+00:00,0.10637015867335105
501,2023-12-02 18:00:00+00:00,0.14811013531127704
501,2023-12-02 19:00:00+00:00,0.07773391092965252
501,2023-12-02 20:00:00+00:00,0.09467311326051911
501,2023-12-02 21:00:00+00:00,0.07630003917933324
501,2023-12-02 22:00:00+00:00,0.05726340836574223
501,2023-12-02 23:00:00+00:00,0.06933139928708001
501,2023-12-03 00:00:00+00:00,0.17832885376728094
501,2023-12-03 01:00:00+00:00,0.17801140276017613
501,2023-12-03 02:00:00+00:00,0.2584636516674223
501,2023-12-03 03:00:00+00:00,0.05012737604838502
501,2023-12-03 04:00:00+00:00,0.019608633085327083
501,2023-12-03 05:00:00+00:00,0.014537350978487044
501,2023-12-03 06:00:00+00:00,0.12549953686172433
501,2023-12-03 07:00:00+00:00,0.12549953686172433
501,2023-12-03 08:00:00+00:00,0.05742142180664193
501,2023-12-03 09:00:00+00:00,0.06469732242474178
501,2023-12-03 10:00:00+00:00,0.10787738231913337
501,2023-12-03 11:00:00+00:00,0.08975275947792455
501,2023-12-03 12:00:00+00:00,0.13469189070577087
501,2023-12-03 13:00:00+00:00,0.3752277884435744
501,2023-12-03 14:00:00+00:00,1.8582647518130457
501,2023-12-03 15:00:00+00:00,0.8161824138784459
501,2023-12-03 16:00:00+00:00,0.22928914529965916
501,2023-12-03 17:00:00+00:00,0.1003975881514795
501,2023-12-03 18:00:00+00:00,0.1003975881514795
501,2023-12-03 19:00:00+00:00,0.11132010690319626
501,2023-12-03 20:00:00+00:00,0.06499069166367523
501,2023-12-03 21:00:00+00:00,0.048201188131576804
501,2023-12-03 22:00:00+00:00,0.037161625335810536
501,2023-12-03 23:00:00+00:00,0.03187995557365342
501,2023-12-04 00:00:00+00:00,0.023645715795293176
501,2023-12-04 01:00:00+00:00,0.02740051700336343
501,2023-12-04 02:00:00+00:00,0.029385181626087567
501,2023-12-04 03:00:00+00:00,0.01421058437407453
501,2023-12-04 04:00:00+00:00,0.033896891060837625
501,2023-12-04 05:00:00+00:00,0.05012737604838502
501,2023-12-04 06:00:00+00:00,0.07977600419085691
501,2023-12-04 07:00:00+00:00,0.05742142180664193
501,2023-12-04 08:00:00+00:00,0.06469732242474178
501,2023-12-04 09:00:00+00:00,0.05742142180664193
501,2023-12-04 10:00:00+00:00,0.1501203726344184
501,2023-12-04 11:00:00+00:00,0.1850765392326519
501,2023-12-04 12:00:00+00:00,0.1501203726344184
501,2023-12-04 13:00:00+00:00,0.1501203726344184
501,2023-12-04 14:00:00+00:00,0.07704115149805137
501,2023-12-04 15:00:00+00:00,0.07704115149805137
501,2023-12-04 16:00:00+00:00,0.08158357800648956
501,2023-12-04 17:00:00+00:00,0.08158357800648956
501,2023-12-04 18:00:00+00:00,0.07175942943151693
501,2023-12-04 19:00:00+00:00,0.069569523217404
501,2023-12-04 20:00:00+00:00,0.03855399545948871
501,2023-12-04 21:00:00+00:00,0.018479349664189074
501,2023-12-04 22:00:00+00:00,0.008946379922463643
501,2023-12-04 23:00:00+00:00,0.02279685980459686
501,2023-12-05 00:00:00+00:00,0.015128337702008268
501,2023-12-05 01:00:00+00:00,0.01544431822789635
501,2023-12-05 02:00:00+00:00,0.017752972827000578
501,2023-12-05 03:00:00+00:00,0.004710970278926838
501,2023-12-05 04:00:00+00:00,0.004710970278926838
501,2023-12-05 05:00:00+00:00,0.012029580736536335
501,2023-12-05 06:00:00+00:00,0.04546422922293127
501,2023-12-05 07:00:00+00:00,0.04740304210667972
501,2023-12-05 08:00:00+00:00,0.04546422922293127
501,2023-12-05 09:00:00+00:00,0.04740304210667972
501,2023-12-05 10:00:00+00:00,0.07704115149805137
501,2023-12-05 11:00:00+00:00,0.1501203726344184
501,2023-12-05 12:00:00+00:00,0.1501203726344184
501,2023-12-05 13:00:00+00:00,0.06652873219783212
501,2023-12-05 14:00:00+00:00,0.1501203726344184
501,2023-12-05 15:00:00+00:00,0.06759321601659318
501,2023-12-05 16:00:00+00:00,0.07175942943151693
501,2023-12-05 17:00:00+00:00,0.1571976189606568
501,2023-12-05 18:00:00+00:00,0.1937549190473808
501,2023-12-05 19:00:00+00:00,0.04974171034328119
501,2023-12-05 20:00:00+00:00,0.038946481782058166
501,2023-12-05 21:00:00+00:00,0.0736286051065825
501,2023-12-05 22:00:00+00:00,0.08122304951209174
501,2023-12-05 23:00:00+00:00,0.06172006306747973
501,2023-12-06 00:00:00+00:00,0.008371308008222111
501,2023-12-06 01:00:00+00:00,0.01262778181779446
501,2023-12-06 02:00:00+00:00,0.03973121252788107
501,2023-12-06 03:00:00+00:00,0.006815246510118084
501,2023-12-06 04:00:00+00:00,0.043665073037161245
501,2023-12-06 05:00:00+00:00,0.014537350978487044
501,2023-12-06 06:00:00+00:00,0.07868503152750361
501,2023-12-06 07:00:00+00:00,0.08999434430173867
501,2023-12-06 08:00:00+00:00,0.05742142180664193
501,2023-12-06 09:00:00+00:00,0.05742142180664193
501,2023-12-06 10:00:00+00:00,0.15121857479801531
501,2023-12-06 11:00:00+00:00,0.08975275947792455
501,2023-12-06 12:00:00+00:00,0.08975275947792455
501,2023-12-06 13:00:00+00:00,0.09627667398874001
501,2023-12-06 14:00:00+00:00,0.08975275947792455
501,2023-12-06 15:00:00+00:00,0.08975275947792455
501,2023-12-06 16:00:00+00:00,0.1003975881514795
501,2023-12-06 17:00:00+00:00,0.1003975881514795
501,2023-12-06 18:00:00+00:00,0.1003975881514795
501,2023-12-06 19:00:00+00:00,0.05814526458184027
501,2023-12-06 20:00:00+00:00,0.05460002101100592
501,2023-12-06 21:00:00+00:00,0.06175547694818325
501,2023-12-06 22:00:00+00:00,0.0662071612687598
501,2023-12-06 23:00:00+00:00,0.04900125411490479
501,2023-12-07 00:00:00+00:00,0.03726533588007658
501,2023-12-07 01:00:00+00:00,0.03755061327181276
501,2023-12-07 02:00:00+00:00,0.03783589066594324
501,2023-12-07 03:00:00+00:00,0.01421058437407453
501,2023-12-07 04:00:00+00:00,0.019608633085327083
501,2023-12-07 05:00:00+00:00,0.019608633085327083
501,2023-12-07 06:00:00+00:00,0.12549953686172433
501,2023-12-07 07:00:00+00:00,0.12549953686172433
501,2023-12-07 08:00:00+00:00,0.12549953686172433
501,2023-12-07 09:00:00+00:00,0.12549953686172433
501,2023-12-07 10:00:00+00:00,0.20823623519162485
501,2023-12-07 11:00:00+00:00,0.13469189070577087
501,2023-12-07 12:00:00+00:00,0.20823623519162485
501,2023-12-07 13:00:00+00:00,0.20823623519162485
501,2023-12-07 14:00:00+00:00,0.20823623519162485
501,2023-12-07 15:00:00+00:00,0.13469189070577087
501,2023-12-07 16:00:00+00:00,0.22928914529965916
501,2023-12-07 17:00:00+00:00,0.22928914529965916
501,2023-12-07 18:00:00+00:00,0.4158709228526846
501,2023-12-07 19:00:00+00:00,0.21665588876853642
501,2023-12-07 20:00:00+00:00,0.21020753247075585
501,2023-12-07 21:00:00+00:00,0.04556515203663446
501,2023-12-07 22:00:00+00:00,0.04556515203663446
501,2023-12-07 23:00:00+00:00,0.3444154161440415
501,2023-12-08 00:00:00+00:00,0.0666185517055008
501,2023-12-08 01:00:00+00:00,0.0666185517055008
501,2023-12-08 02:00:00+00:00,0.019608633085327083
501,2023-12-08 03:00:00+00:00,0.0666185517055008
501,2023-12-08 04:00:00+00:00,0.09982686211741598
501,2023-12-08 05:00:00+00:00,0.0666185517055008
501,2023-12-08 06:00:00+00:00,0.38611269637009715
501,2023-12-08 07:00:00+00:00,0.38611269637009715
501,2023-12-08 08:00:00+00:00,0.38611269637009715
501,2023-12-08 09:00:00+00:00,0.38611269637009715
501,2023-12-08 10:00:00+00:00,1.8582647518130457
501,2023-12-08 11:00:00+00:00,1.8582647518130457
501,2023-12-08 12:00:00+00:00,0.8161824138784459
501,2023-12-08 13:00:00+00:00,0.08609508687830658
501,2023-12-08 14:00:00+00:00,0.8161824138784459
501,2023-12-08 15:00:00+00:00,0.8161824138784459
501,2023-12-08 16:00:00+00:00,0.0953562283605955
501,2023-12-08 17:00:00+00:00,0.7137143798966806
501,2023-12-08 18:00:00+00:00,0.9040536184925947
501,2023-12-08 19:00:00+00:00,0.9899983228546709
501,2023-12-08 20:00:00+00:00,0.3444154161440415
501,2023-12-08 21:00:00+00:00,0.9899983228546709
501,2023-12-08 22:00:00+00:00,0.9899983228546709
501,2023-12-08 23:00:00+00:00,0.9899983228546709
501,2023-12-09 00:00:00+00:00,0.09982686211741598
501,2023-12-09 01:00:00+00:00,0.2828025016567389
501,2023-12-09 02:00:00+00:00,0.06280562946758081
501,2023-12-09 03:00:00+00:00,0.06068086064642519
501,2023-12-09 04:00:00+00:00,0.05012737604838502
501,2023-12-09 05:00:00+00:00,0.033896891060837625
501,2023-12-09 06:00:00+00:00,0.12549953686172433
501,2023-12-09 07:00:00+00:00,0.12549953686172433
501,2023-12-09 08:00:00+00:00,0.22661517796047567
501,2023-12-09 09:00:00+00:00,0.38611269637009715
501,2023-12-09 10:00:00+00:00,0.02481338850275372
501,2023-12-09 11:00:00+00:00,0.015535271585368307
501,2023-12-09 12:00:00+00:00,0.015535271585368307
501,2023-12-09 13:00:00+00:00,0.015535271585368307
501,2023-12-09 14:00:00+00:00,0.00492280419541048
501,2023-12-09 15:00:00+00:00,0.015535271585368307
501,2023-12-09 16:00:00+00:00,0.005639937771744161
501,2023-12-09 17:00:00+00:00,0.005639937771744161
501,2023-12-09 18:00:00+00:00,0.005639937771744161
501,2023-12-09 19:00:00+00:00,0.0022822602888659354
501,2023-12-09 20:00:00+00:00,0.0022822602888659354
501,2023-12-09 21:00:00+00:00,0.0022822602888659354
501,2023-12-09 22:00:00+00:00,0.0022822602888659354
501,2023-12-09 23:00:00+00:00,0.0022822602888659354
501,2023-12-10 00:00:00+00:00,0.002255217642889537
501,2023-12-10 01:00:00+00:00,0.0006629165843584083
501,2023-12-10 02:00:00+00:00,0.002255217642889537
501,2023-12-10 03:00:00+00:00,0.0006629165843584083
501,2023-12-10 04:00:00+00:00,0.002255217642889537
501,2023-12-10 05:00:00+00:00,0.002255217642889537
501,2023-12-10 06:00:00+00:00,0.4846088898685426
501,2023-12-10 07:00:00+00:00,0.38611269637009715
501,2023-12-10 08:00:00+00:00,0.24610594807027147
501,2023-12-10 09:00:00+00:00,0.18127311190666992
501,2023-12-10 10:00:00+00:00,0.2990395951184675
501,2023-12-10 11:00:00+00:00,0.3752277884435744
501,2023-12-10 12:00:00+00:00,0.422565353816452
501,2023-12-10 13:00:00+00:00,0.8161824138784459
501,2023-12-10 14:00:00+00:00,0.02481338850275372
501,2023-12-10 15:00:00+00:00,0.015535271585368307
501,2023-12-10 16:00:00+00:00,0.017098465621929824
501,2023-12-10 17:00:00+00:00,0.027426698447055788
501,2023-12-10 18:00:00+00:00,0.027426698447055788
501,2023-12-10 19:00:00+00:00,0.04556515203663446
501,2023-12-10 20:00:00+00:00,0.04556515203663446
501,2023-12-10 21:00:00+00:00,0.013228452037055253
501,2023-12-10 22:00:00+00:00,0.013228452037055253
501,2023-12-10 23:00:00+00:00,0.008407781856060483
501,2023-12-11 00:00:00+00:00,0.002255217642889537
501,2023-12-11 01:00:00+00:00,0.002255217642889537
501,2023-12-11 02:00:00+00:00,0.002255217642889537
501,2023-12-11 03:00:00+00:00,0.002255217642889537
501,2023-12-11 04:00:00+00:00,0.0006629165843584083
501,2023-12-11 05:00:00+00:00,0.002255217642889537
501,2023-12-11 06:00:00+00:00,0.009202090695057829
501,2023-12-11 07:00:00+00:00,0.0029504074423772485
501,2023-12-11 08:00:00+00:00,0.0029504074423772485
501,2023-12-11 09:00:00+00:00,0.0029504074423772485
501,2023-12-11 10:00:00+00:00,0.015535271585368307
501,2023-12-11 11:00:00+00:00,7.684429681899717e-05
501,2023-12-11 12:00:00+00:00,0.00492280419541048
501,2023-12-11 13:00:00+00:00,0.015535271585368307
501,2023-12-11 14:00:00+00:00,0.015535271585368307
501,2023-12-11 15:00:00+00:00,0.02481338850275372
501,2023-12-11 16:00:00+00:00,0.0953562283605955
501,2023-12-11 17:00:00+00:00,0.4158709228526846
501,2023-12-11 18:00:00+00:00,0.10637015867335105
501,2023-12-11 19:00:00+00:00,0.09788967094801695
501,2023-12-11 20:00:00+00:00,0.21456261098108065
501,2023-12-11 21:00:00+00:00,0.1631650271512606
501,2023-12-11 22:00:00+00:00,0.09610541659887807
501,2023-12-11 23:00:00+00:00,0.07003111782545891
501,2023-12-12 00:00:00+00:00,0.026849663040763607
501,2023-12-12 01:00:00+00:00,0.08475213444718455
501,2023-12-12 02:00:00+00:00,0.09766533988268938
501,2023-12-12 03:00:00+00:00,0.06280562946758081
501,2023-12-12 04:00:00+00:00,0.0666185517055008
501,2023-12-12 05:00:00+00:00,0.06280562946758081
501,2023-12-12 06:00:00+00:00,0.25440780563175525
501,2023-12-12 07:00:00+00:00,0.24610594807027147
501,2023-12-12 08:00:00+00:00,0.24610594807027147
501,2023-12-12 09:00:00+00:00,0.24610594807027147
501,2023-12-12 10:00:00+00:00,0.39762613496082505
501,2023-12-12 11:00:00+00:00,0.422565353816452
501,2023-12-12 12:00:00+00:00,0.39762613496082505
501,2023-12-12 13:00:00+00:00,0.422565353816452
501,2023-12-12 14:00:00+00:00,0.08609508687830658
501,2023-12-12 15:00:00+00:00,0.08609508687830658
501,2023-12-12 16:00:00+00:00,0.0953562283605955
501,2023-12-12 17:00:00+00:00,0.027426698447055788
501,2023-12-12 18:00:00+00:00,0.027426698447055788
501,2023-12-12 19:00:00+00:00,0.018246365212925296
501,2023-12-12 20:00:00+00:00,0.00906179329741376
501,2023-12-12 21:00:00+00:00,0.008345940438990278
501,2023-12-12 22:00:00+00:00,0.0024617067895071963
501,2023-12-12 23:00:00+00:00,0.0015000254190121647
501,2023-12-13 00:00:00+00:00,1.4672135807631787e-05
501,2023-12-13 01:00:00+00:00,0.026499153936858436
501,2023-12-13 02:00:00+00:00,0.028615905306657256
501,2023-12-13 03:00:00+00:00,0.007095655503773788
501,2023-12-13 04:00:00+00:00,0.007095655503773788
501,2023-12-13 05:00:00+00:00,0.007095655503773788
501,2023-12-13 06:00:00+00:00,0.05060531412996782
501,2023-12-13 07:00:00+00:00,0.07868503152750361
501,2023-12-13 08:00:00+00:00,0.04740304210667972
501,2023-12-13 09:00:00+00:00,0.04740304210667972
501,2023-12-13 10:00:00+00:00,0.1501203726344184
501,2023-12-13 11:00:00+00:00,0.07704115149805137
501,2023-12-13 12:00:00+00:00,0.07704115149805137
501,2023-12-13 13:00:00+00:00,0.07704115149805137
501,2023-12-13 14:00:00+00:00,0.07704115149805137
501,2023-12-13 15:00:00+00:00,0.07704115149805137
501,2023-12-13 16:00:00+00:00,0.08158357800648956
501,2023-12-13 17:00:00+00:00,0.08158357800648956
501,2023-12-13 18:00:00+00:00,0.07069979399818986
501,2023-12-13 19:00:00+00:00,0.038587184479593396
501,2023-12-13 20:00:00+00:00,0.04704285161937749
501,2023-12-13 21:00:00+00:00,0.03910660808021127
501,2023-12-13 22:00:00+00:00,0.024745483340827233
501,2023-12-13 23:00:00+00:00,0.033226760180126394
501,2023-12-14 00:00:00+00:00,2.7163106712204625e-05
501,2023-12-14 01:00:00+00:00,0.0012045954199161502
501,2023-12-14 02:00:00+00:00,0.0013658710716367146
501,2023-12-14 03:00:00+00:00,0.0006629165843584083
501,2023-12-14 04:00:00+00:00,0.0666185517055008
501,2023-12-14 05:00:00+00:00,0.06068086064642519
501,2023-12-14 06:00:00+00:00,0.12549953686172433
501,2023-12-14 07:00:00+00:00,0.18127311190666992
501,2023-12-14 08:00:00+00:00,0.24610594807027147
501,2023-12-14 09:00:00+00:00,0.25440780563175525
501,2023-12-14 10:00:00+00:00,0.39762613496082505
501,2023-12-14 11:00:00+00:00,0.8161824138784459
501,2023-12-14 12:00:00+00:00,0.02481338850275372
501,2023-12-14 13:00:00+00:00,7.684429681899717e-05
501,2023-12-14 14:00:00+00:00,0.015535271585368307
501,2023-12-14 15:00:00+00:00,0.015535271585368307
501,2023-12-14 16:00:00+00:00,0.005639937771744161
501,2023-12-14 17:00:00+00:00,0.05300702855247892
501,2023-12-14 18:00:00+00:00,0.05300702855247892
501,2023-12-14 19:00:00+00:00,0.05735111525995337
501,2023-12-14 20:00:00+00:00,0.10550996071324974
501,2023-12-14 21:00:00+00:00,0.03541255863859763
501,2023-12-14 22:00:00+00:00,3.6649810512678574e-05
501,2023-12-14 23:00:00+00:00,0.0026739508784596492
501,2023-12-15 00:00:00+00:00,0.008196241927505715
501,2023-12-15 01:00:00+00:00,0.008452944825094963
501,2023-12-15 02:00:00+00:00,0.008709647722684209
501,2023-12-15 03:00:00+00:00,0.002255217642889537
501,2023-12-15 04:00:00+00:00,0.002255217642889537
501,2023-12-15 05:00:00+00:00,0.0006629165843584083
501,2023-12-15 06:00:00+00:00,0.05109009829316787
501,2023-12-15 07:00:00+00:00,0.25440780563175525
501,2023-12-15 08:00:00+00:00,0.4846088898685426
501,2023-12-15 09:00:00+00:00,4.697666146648594e-05
501,2023-12-15 10:00:00+00:00,0.422565353816452
501,2023-12-15 11:00:00+00:00,0.8161824138784459
501,2023-12-15 12:00:00+00:00,0.08609508687830658
501,2023-12-15 13:00:00+00:00,0.422565353816452
501,2023-12-15 14:00:00+00:00,0.644446033536127
501,2023-12-15 15:00:00+00:00,0.08609508687830658
501,2023-12-15 16:00:00+00:00,0.9040536184925947
501,2023-12-15 17:00:00+00:00,0.9040536184925947
501,2023-12-15 18:00:00+00:00,2.0578909901679636
501,2023-12-15 19:00:00+00:00,0.6984234079506342
501,2023-12-15 20:00:00+00:00,0.07289455950285478
501,2023-12-15 21:00:00+00:00,0.017300072621452327
501,2023-12-15 22:00:00+00:00,0.0542179577182704
501,2023-12-15 23:00:00+00:00,1.2508538371291882
501,2023-12-16 00:00:00+00:00,1.275409603416857
501,2023-12-16 01:00:00+00:00,0.5527231202700411
501,2023-12-16 02:00:00+00:00,0.5619099620496937
501,2023-12-16 03:00:00+00:00,0.11761982986236699
501,2023-12-16 04:00:00+00:00,0.012358803075062113
501,2023-12-16 05:00:00+00:00,0.012358803075062113
501,2023-12-16 06:00:00+00:00,0.01471595121966531
501,2023-12-16 07:00:00+00:00,0.01471595121966531
501,2023-12-16 08:00:00+00:00,0.05109009829316787
501,2023-12-16 09:00:00+00:00,0.05109009829316787
501,2023-12-16 10:00:00+00:00,0.08609508687830658
501,2023-12-16 11:00:00+00:00,0.8161824138784459
501,2023-12-16 12:00:00+00:00,0.08609508687830658
501,2023-12-16 13:00:00+00:00,0.08609508687830658
501,2023-12-16 14:00:00+00:00,0.08609508687830658
501,2023-12-16 15:00:00+00:00,0.08609508687830658
501,2023-12-16 16:00:00+00:00,0.027426698447055788
501,2023-12-16 17:00:00+00:00,0.9040536184925947
501,2023-12-16 18:00:00+00:00,0.0953562283605955
501,2023-12-16 19:00:00+00:00,0.07598225289207491
501,2023-12-16 20:00:00+00:00,0.6275710615729438
501,2023-12-16 21:00:00+00:00,0.5822335978140634
501,2023-12-16 22:00:00+00:00,0.4681588468454859
501,2023-12-16 23:00:00+00:00,0.05715551331423282
501,2023-12-17 00:00:00+00:00,0.46007544104521686
501,2023-12-17 01:00:00+00:00,0.460812134302444
501,2023-12-17 02:00:00+00:00,0.4615488275596711
501,2023-12-17 03:00:00+00:00,0.11761982986236699
501,2023-12-17 04:00:00+00:00,0.2828025016567389
501,2023-12-17 05:00:00+00:00,0.11761982986236699
501,2023-12-17 06:00:00+00:00,0.4846088898685426
501,2023-12-17 07:00:00+00:00,0.4846088898685426
501,2023-12-17 08:00:00+00:00,0.4846088898685426
501,2023-12-17 09:00:00+00:00,1.1099790226387276
501,2023-12-17 10:00:00+00:00,0.8161824138784459
501,2023-12-17 11:00:00+00:00,0.8161824138784459
501,2023-12-17 12:00:00+00:00,0.8161824138784459
501,2023-12-17 13:00:00+00:00,0.8161824138784459
501,2023-12-17 14:00:00+00:00,0.8161824138784459
501,2023-12-17 15:00:00+00:00,0.02481338850275372
501,2023-12-17 16:00:00+00:00,0.0953562283605955
501,2023-12-17 17:00:00+00:00,0.0953562283605955
501,2023-12-17 18:00:00+00:00,0.9040536184925947
501,2023-12-17 19:00:00+00:00,1.1126543973175613
501,2023-12-17 20:00:00+00:00,0.510092582503282
501,2023-12-17 21:00:00+00:00,0.3369897339246483
501,2023-12-17 22:00:00+00:00,0.2875498544365244
501,2023-12-17 23:00:00+00:00,0.2156871461576914
501,2023-12-18 00:00:00+00:00,0.3642367586400964
501,2023-12-18 01:00:00+00:00,0.41543306365250016
501,2023-12-18 02:00:00+00:00,0.4666293686649039
501,2023-12-18 03:00:00+00:00,0.2828025016567389
501,2023-12-18 04:00:00+00:00,0.2828025016567389
501,2023-12-18 05:00:00+00:00,0.2828025016567389
501,2023-12-18 06:00:00+00:00,1.1099790226387276
501,2023-12-18 07:00:00+00:00,0.4846088898685426
501,2023-12-18 08:00:00+00:00,1.1099790226387276
501,2023-12-18 09:00:00+00:00,1.1099790226387276
501,2023-12-18 10:00:00+00:00,1.8582647518130457
501,2023-12-18 11:00:00+00:00,1.8582647518130457
501,2023-12-18 12:00:00+00:00,0.8161824138784459
501,2023-12-18 13:00:00+00:00,0.8161824138784459
501,2023-12-18 14:00:00+00:00,0.08609508687830658
501,2023-12-18 15:00:00+00:00,0.8161824138784459
501,2023-12-18 16:00:00+00:00,0.9040536184925947
501,2023-12-18 17:00:00+00:00,0.9040536184925947
501,2023-12-18 18:00:00+00:00,0.9040536184925947
501,2023-12-18 19:00:00+00:00,0.584741767670957
501,2023-12-18 20:00:00+00:00,0.4102965421855738
501,2023-12-18 21:00:00+00:00,0.34139729988594286
501,2023-12-18 22:00:00+00:00,0.7251083975491494
501,2023-12-18 23:00:00+00:00,0.7456963426536009
501,2023-12-19 00:00:00+00:00,0.2232198248603113
501,2023-12-19 01:00:00+00:00,0.5617245624582408
501,2023-12-19 02:00:00+00:00,0.027892756600285885
501,2023-12-19 03:00:00+00:00,0.0035749277400332134
501,2023-12-19 04:00:00+00:00,0.0035749277400332134
501,2023-12-19 05:00:00+00:00,0.0035749277400332134
501,2023-12-19 06:00:00+00:00,0.01471595121966531
501,2023-12-19 07:00:00+00:00,0.009202090695057829
501,2023-12-19 08:00:00+00:00,0.041265788347875795
501,2023-12-19 09:00:00+00:00,0.7583901566146332
501,2023-12-19 10:00:00+00:00,0.06759321601659318
501,2023-12-19 11:00:00+00:00,0.0499408227058997
501,2023-12-19 12:00:00+00:00,0.0499408227058997
501,2023-12-19 13:00:00+00:00,7.684429681899717e-05
501,2023-12-19 14:00:00+00:00,0.08266837327242972
501,2023-12-19 15:00:00+00:00,0.1285967700796795
501,2023-12-19 16:00:00+00:00,0.13639292470468897
501,2023-12-19 17:00:00+00:00,8.153428138452525e-05
501,2023-12-19 18:00:00+00:00,0.005639937771744161
501,2023-12-19 19:00:00+00:00,0.0037981113727294964
501,2023-12-19 20:00:00+00:00,0.002445346553814212
501,2023-12-19 21:00:00+00:00,0.002428809551785818
501,2023-12-19 22:00:00+00:00,0.0017442424723849211
501,2023-12-19 23:00:00+00:00,0.0015160594842152167
501,2023-12-20 00:00:00+00:00,0.003782053563962863
501,2023-12-20 01:00:00+00:00,0.00679115308119984
501,2023-12-20 02:00:00+00:00,0.0047577830885082795
501,2023-12-20 03:00:00+00:00,0.0006629165843584083
501,2023-12-20 04:00:00+00:00,0.0006629165843584083
501,2023-12-20 05:00:00+00:00,0.0006629165843584083
501,2023-12-20 06:00:00+00:00,0.0029504074423772485
501,2023-12-20 07:00:00+00:00,0.0029504074423772485
501,2023-12-20 08:00:00+00:00,0.009202090695057829
501,2023-12-20 09:00:00+00:00,0.0029504074423772485
501,2023-12-20 10:00:00+00:00,0.015535271585368307
501,2023-12-20 11:00:00+00:00,0.015535271585368307
501,2023-12-20 12:00:00+00:00,0.015535271585368307
501,2023-12-20 13:00:00+00:00,0.015535271585368307
501,2023-12-20 14:00:00+00:00,0.015535271585368307
501,2023-12-20 15:00:00+00:00,0.015535271585368307
501,2023-12-20 16:00:00+00:00,0.017098465621929824
501,2023-12-20 17:00:00+00:00,0.017098465621929824
501,2023-12-20 18:00:00+00:00,0.017098465621929824
501,2023-12-20 19:00:00+00:00,0.013051484047144318
501,2023-12-20 20:00:00+00:00,0.009315546694565965
501,2023-12-20 21:00:00+00:00,0.008679745444982697
501,2023-12-20 22:00:00+00:00,0.00922035930804804
501,2023-12-20 23:00:00+00:00,0.006662254824821053
501,2023-12-21 00:00:00+00:00,0.005141752200117022
501,2023-12-21 01:00:00+00:00,0.0038808278539254693
501,2023-12-21 02:00:00+00:00,0.004333942191309299
501,2023-12-21 03:00:00+00:00,0.0006629165843584083
501,2023-12-21 04:00:00+00:00,0.002255217642889537
501,2023-12-21 05:00:00+00:00,0.002255217642889537
501,2023-12-21 06:00:00+00:00,0.009202090695057829
501,2023-12-21 07:00:00+00:00,0.009202090695057829
501,2023-12-21 08:00:00+00:00,0.009202090695057829
501,2023-12-21 09:00:00+00:00,0.009202090695057829
501,2023-12-21 10:00:00+00:00,0.00492280419541048
501,2023-12-21 11:00:00+00:00,0.00492280419541048
501,2023-12-21 12:00:00+00:00,7.684429681899717e-05
501,2023-12-21 13:00:00+00:00,7.684429681899717e-05
501,2023-12-21 14:00:00+00:00,0.0499408227058997
501,2023-12-21 15:00:00+00:00,7.684429681899717e-05
501,2023-12-21 16:00:00+00:00,0.05300702855247892
501,2023-12-21 17:00:00+00:00,0.13639292470468897
501,2023-12-21 18:00:00+00:00,0.13639292470468897
501,2023-12-21 19:00:00+00:00,7.928045652022612e-05
501,2023-12-21 20:00:00+00:00,0.11974314636291138
501,2023-12-21 21:00:00+00:00,0.033558198419721186
501,2023-12-21 22:00:00+00:00,3.80821084930989e-05
501,2023-12-21 23:00:00+00:00,0.0019887540121556555
501,2023-12-22 00:00:00+00:00,0.005228539315360352
501,2023-12-22 01:00:00+00:00,0.005689674744915923
501,2023-12-22 02:00:00+00:00,0.006150810174471494
501,2023-12-22 03:00:00+00:00,0.002255217642889537
501,2023-12-22 04:00:00+00:00,0.002255217642889537
501,2023-12-22 05:00:00+00:00,0.0006629165843584083
501,2023-12-22 06:00:00+00:00,0.0029504074423772485
501,2023-12-22 07:00:00+00:00,0.0029504074423772485
501,2023-12-22 08:00:00+00:00,0.009202090695057829
501,2023-12-22 09:00:00+00:00,0.0029504074423772485
501,2023-12-22 10:00:00+00:00,0.00492280419541048
501,2023-12-22 11:00:00+00:00,7.684429681899717e-05
501,2023-12-22 12:00:00+00:00,7.684429681899717e-05
501,2023-12-22 13:00:00+00:00,0.00492280419541048
501,2023-12-22 14:00:00+00:00,7.684429681899717e-05
501,2023-12-22 15:00:00+00:00,7.684429681899717e-05
501,2023-12-22 16:00:00+00:00,8.153428138452525e-05
501,2023-12-22 17:00:00+00:00,8.153428138452525e-05
501,2023-12-22 18:00:00+00:00,0.005639937771744161
501,2023-12-22 19:00:00+00:00,0.005737272530866836
501,2023-12-22 20:00:00+00:00,0.004384648186093099
501,2023-12-22 21:00:00+00:00,0.009236440256860922
501,2023-12-22 22:00:00+00:00,0.009904522854413345
501,2023-12-22 23:00:00+00:00,0.0031302126368328606
501,2023-12-23 00:00:00+00:00,0.008455079531363955
501,2023-12-23 01:00:00+00:00,0.013472041774565579
501,2023-12-23 02:00:00+00:00,0.013690761764634107
501,2023-12-23 03:00:00+00:00,0.002255217642889537
501,2023-12-23 04:00:00+00:00,0.0006629165843584083
501,2023-12-23 05:00:00+00:00,0.0006629165843584083
501,2023-12-23 06:00:00+00:00,0.0029504074423772485
501,2023-12-23 07:00:00+00:00,0.01471595121966531
501,2023-12-23 08:00:00+00:00,0.009202090695057829
501,2023-12-23 09:00:00+00:00,0.009202090695057829
501,2023-12-23 10:00:00+00:00,0.015535271585368307
501,2023-12-23 11:00:00+00:00,0.015535271585368307
501,2023-12-23 12:00:00+00:00,0.015535271585368307
501,2023-12-23 13:00:00+00:00,0.02481338850275372
501,2023-12-23 14:00:00+00:00,0.02481338850275372
501,2023-12-23 15:00:00+00:00,0.015535271585368307
501,2023-12-23 16:00:00+00:00,0.005639937771744161
501,2023-12-23 17:00:00+00:00,0.017098465621929824
501,2023-12-23 18:00:00+00:00,0.017098465621929824
501,2023-12-23 19:00:00+00:00,0.017409001595798987
501,2023-12-23 20:00:00+00:00,0.044917566123834136
501,2023-12-23 21:00:00+00:00,0.012602132733097775
501,2023-12-23 22:00:00+00:00,0.03193281828827845
501,2023-12-23 23:00:00+00:00,0.03669954300240077
501,2023-12-24 00:00:00+00:00,0.007076534059411517
501,2023-12-24 01:00:00+00:00,0.007017676662612768
501,2023-12-24 02:00:00+00:00,0.0040595986926110625
501,2023-12-24 03:00:00+00:00,0.002255217642889537
501,2023-12-24 04:00:00+00:00,0.002255217642889537
501,2023-12-24 05:00:00+00:00,0.002255217642889537
501,2023-12-24 06:00:00+00:00,0.009202090695057829
501,2023-12-24 07:00:00+00:00,0.009202090695057829
501,2023-12-24 08:00:00+00:00,0.009202090695057829
501,2023-12-24 09:00:00+00:00,0.01471595121966531
501,2023-12-24 10:00:00+00:00,0.02481338850275372
501,2023-12-24 11:00:00+00:00,0.02481338850275372
501,2023-12-24 12:00:00+00:00,0.02481338850275372
501,2023-12-24 13:00:00+00:00,0.02481338850275372
501,2023-12-24 14:00:00+00:00,0.015535271585368307
501,2023-12-24 15:00:00+00:00,0.02481338850275372
501,2023-12-24 16:00:00+00:00,0.027426698447055788
501,2023-12-24 17:00:00+00:00,0.027426698447055788
501,2023-12-24 18:00:00+00:00,0.027426698447055788
501,2023-12-24 19:00:00+00:00,0.007748922500784961
501,2023-12-24 20:00:00+00:00,0.007937168030863681
501,2023-12-24 21:00:00+00:00,0.00692534830669056
501,2023-12-24 22:00:00+00:00,0.010004142968762612
501,2023-12-24 23:00:00+00:00,0.010340924252902065
501,2023-12-25 00:00:00+00:00,0.0030634431171367342
501,2023-12-25 01:00:00+00:00,0.0032156126888748587
501,2023-12-25 02:00:00+00:00,0.0033489667284799613
501,2023-12-25 03:00:00+00:00,0.0035749277400332134
501,2023-12-25 04:00:00+00:00,0.0035749277400332134
501,2023-12-25 05:00:00+00:00,0.002255217642889537
501,2023-12-25 06:00:00+00:00,0.009202090695057829
501,2023-12-25 07:00:00+00:00,0.009202090695057829
501,2023-12-25 08:00:00+00:00,0.009202090695057829
501,2023-12-25 09:00:00+00:00,0.01471595121966531
501,2023-12-25 10:00:00+00:00,0.02481338850275372
501,2023-12-25 11:00:00+00:00,0.015535271585368307
501,2023-12-25 12:00:00+00:00,0.02481338850275372
501,2023-12-25 13:00:00+00:00,0.015535271585368307
501,2023-12-25 14:00:00+00:00,0.02481338850275372
501,2023-12-25 15:00:00+00:00,0.02481338850275372
501,2023-12-25 16:00:00+00:00,0.027426698447055788
501,2023-12-25 17:00:00+00:00,0.027426698447055788
501,2023-12-25 18:00:00+00:00,0.027426698447055788
501,2023-12-25 19:00:00+00:00,0.005032835024334233
501,2023-12-25 20:00:00+00:00,0.007581782373922711
501,2023-12-25 21:00:00+00:00,0.004559038961105171
501,2023-12-25 22:00:00+00:00,0.0025637400397618736
501,2023-12-25 23:00:00+00:00,0.0007308456856732154
501,2023-12-26 00:00:00+00:00,0.0005705406263825372
501,2023-12-26 01:00:00+00:00,0.002319799968200606
501,2023-12-26 02:00:00+00:00,0.0008279169081831814
501,2023-12-26 03:00:00+00:00,0.0006629165843584083
501,2023-12-26 04:00:00+00:00,0.0006629165843584083
501,2023-12-26 05:00:00+00:00,0.0006629165843584083
501,2023-12-26 06:00:00+00:00,0.0029504074423772485
501,2023-12-26 07:00:00+00:00,4.697666146648594e-05
501,2023-12-26 08:00:00+00:00,0.0029504074423772485
501,2023-12-26 09:00:00+00:00,0.0029504074423772485
501,2023-12-26 10:00:00+00:00,0.015535271585368307
501,2023-12-26 11:00:00+00:00,0.02481338850275372
501,2023-12-26 12:00:00+00:00,0.02481338850275372
501,2023-12-26 13:00:00+00:00,0.015535271585368307
501,2023-12-26 14:00:00+00:00,0.02481338850275372
501,2023-12-26 15:00:00+00:00,0.015535271585368307
501,2023-12-26 16:00:00+00:00,0.9040536184925947
501,2023-12-26 17:00:00+00:00,0.10637015867335105
501,2023-12-26 18:00:00+00:00,0.22928914529965916
501,2023-12-26 19:00:00+00:00,0.1269169035906922
501,2023-12-26 20:00:00+00:00,0.05387718868985489
501,2023-12-26 21:00:00+00:00,0.04058441767604496
501,2023-12-26 22:00:00+00:00,0.037046633621748364
501,2023-12-26 23:00:00+00:00,0.030245806040506015
501,2023-12-27 00:00:00+00:00,0.022840795551973214
501,2023-12-27 01:00:00+00:00,0.025516060025783906
501,2023-12-27 02:00:00+00:00,0.0394661481668478
501,2023-12-27 03:00:00+00:00,0.033896891060837625
501,2023-12-27 04:00:00+00:00,0.05012737604838502
501,2023-12-27 05:00:00+00:00,0.06475090090562498
501,2023-12-27 06:00:00+00:00,0.24610594807027147
501,2023-12-27 07:00:00+00:00,0.23978843039861583
501,2023-12-27 08:00:00+00:00,0.23978843039861583
501,2023-12-27 09:00:00+00:00,0.25440780563175525
501,2023-12-27 10:00:00+00:00,0.422565353816452
501,2023-12-27 11:00:00+00:00,0.422565353816452
501,2023-12-27 12:00:00+00:00,0.422565353816452
501,2023-12-27 13:00:00+00:00,0.422565353816452
501,2023-12-27 14:00:00+00:00,0.422565353816452
501,2023-12-27 15:00:00+00:00,0.08609508687830658
501,2023-12-27 16:00:00+00:00,0.027426698447055788
501,2023-12-27 17:00:00+00:00,0.0953562283605955
501,2023-12-27 18:00:00+00:00,0.0953562283605955
501,2023-12-27 19:00:00+00:00,0.62997717717564
501,2023-12-27 20:00:00+00:00,0.4220335762927117
501,2023-12-27 21:00:00+00:00,0.7041858814906196
501,2023-12-27 22:00:00+00:00,0.7551070685708822
501,2023-12-27 23:00:00+00:00,0.5143406246312444
501,2023-12-28 00:00:00+00:00,0.1721562529965331
501,2023-12-28 01:00:00+00:00,0.020523467134281506
501,2023-12-28 02:00:00+00:00,0.022920322304524555
501,2023-12-28 03:00:00+00:00,0.012358803075062113
501,2023-12-28 04:00:00+00:00,0.012358803075062113
501,2023-12-28 05:00:00+00:00,0.012358803075062113
501,2023-12-28 06:00:00+00:00,0.01471595121966531
501,2023-12-28 07:00:00+00:00,0.05109009829316787
501,2023-12-28 08:00:00+00:00,0.4846088898685426
501,2023-12-28 09:00:00+00:00,0.4846088898685426
501,2023-12-28 10:00:00+00:00,0.8161824138784459
501,2023-12-28 11:00:00+00:00,0.8161824138784459
501,2023-12-28 12:00:00+00:00,0.8161824138784459
501,2023-12-28 13:00:00+00:00,0.8161824138784459
501,2023-12-28 14:00:00+00:00,0.08609508687830658
501,2023-12-28 15:00:00+00:00,0.08609508687830658
501,2023-12-28 16:00:00+00:00,0.027426698447055788
501,2023-12-28 17:00:00+00:00,0.027426698447055788
501,2023-12-28 18:00:00+00:00,0.0953562283605955
501,2023-12-28 19:00:00+00:00,0.01841020679739554
501,2023-12-28 20:00:00+00:00,0.013563645921665427
501,2023-12-28 21:00:00+00:00,0.011839776689794105
501,2023-12-28 22:00:00+00:00,0.011255984913671588
501,2023-12-28 23:00:00+00:00,0.010033787499937016
501,2023-12-29 00:00:00+00:00,0.007025397111421454
501,2023-12-29 01:00:00+00:00,0.008059579453224953
501,2023-12-29 02:00:00+00:00,0.03144155564712281
501,2023-12-29 03:00:00+00:00,0.012358803075062113
501,2023-12-29 04:00:00+00:00,0.0035749277400332134
501,2023-12-29 05:00:00+00:00,0.0035749277400332134
501,2023-12-29 06:00:00+00:00,0.009202090695057829
501,2023-12-29 07:00:00+00:00,0.009202090695057829
501,2023-12-29 08:00:00+00:00,0.01471595121966531
501,2023-12-29 09:00:00+00:00,0.05109009829316787
501,2023-12-29 10:00:00+00:00,0.8161824138784459
501,2023-12-29 11:00:00+00:00,0.02481338850275372
501,2023-12-29 12:00:00+00:00,0.0499408227058997
501,2023-12-29 13:00:00+00:00,0.00492280419541048
501,2023-12-29 14:00:00+00:00,0.015535271585368307
501,2023-12-29 15:00:00+00:00,0.015535271585368307
501,2023-12-29 16:00:00+00:00,0.017098465621929824
501,2023-12-29 17:00:00+00:00,0.017098465621929824
501,2023-12-29 18:00:00+00:00,0.017098465621929824
501,2023-12-29 19:00:00+00:00,0.02667486160568805
501,2023-12-29 20:00:00+00:00,0.01069049520104876
501,2023-12-29 21:00:00+00:00,0.008596263678922996
501,2023-12-29 22:00:00+00:00,0.013245811068826668
501,2023-12-29 23:00:00+00:00,0.02232092089500374
501,2023-12-30 00:00:00+00:00,0.012629638829595273
501,2023-12-30 01:00:00+00:00,0.4274162601965824
501,2023-12-30 02:00:00+00:00,1.019617880170221
501,2023-12-30 03:00:00+00:00,0.06280562946758081
501,2023-12-30 04:00:00+00:00,0.0666185517055008
501,2023-12-30 05:00:00+00:00,0.05012737604838502
501,2023-12-30 06:00:00+00:00,0.18127311190666992
501,2023-12-30 07:00:00+00:00,0.18127311190666992
501,2023-12-30 08:00:00+00:00,0.22661517796047567
501,2023-12-30 09:00:00+00:00,0.24610594807027147
501,2023-12-30 10:00:00+00:00,0.39762613496082505
501,2023-12-30 11:00:00+00:00,0.644446033536127
501,2023-12-30 12:00:00+00:00,0.644446033536127
501,2023-12-30 13:00:00+00:00,0.422565353816452
501,2023-12-30 14:00:00+00:00,0.422565353816452
501,2023-12-30 15:00:00+00:00,0.39762613496082505
501,2023-12-30 16:00:00+00:00,0.4689455162909085
501,2023-12-30 17:00:00+00:00,0.44243011419218004
501,2023-12-30 18:00:00+00:00,0.4689455162909085
501,2023-12-30 19:00:00+00:00,0.018800213709247813
501,2023-12-30 20:00:00+00:00,0.2746564928870713
501,2023-12-30 21:00:00+00:00,0.21263222036344623
501,2023-12-30 22:00:00+00:00,0.2104978515601301
501,2023-12-30 23:00:00+00:00,0.2233481478744736
501,2023-12-31 00:00:00+00:00,0.1733145277546518
501,2023-12-31 01:00:00+00:00,0.1707238204605669
501,2023-12-31 02:00:00+00:00,0.16399602879839595
501,2023-12-31 03:00:00+00:00,0.09982686211741598
501,2023-12-31 04:00:00+00:00,0.11761982986236699
501,2023-12-31 05:00:00+00:00,0.11761982986236699
501,2023-12-31 06:00:00+00:00,1.1099790226387276
501,2023-12-31 07:00:00+00:00,0.38611269637009715
501,2023-12-31 08:00:00+00:00,0.38611269637009715
501,2023-12-31 09:00:00+00:00,0.25440780563175525
501,2023-12-31 10:00:00+00:00,1.8582647518130457
501,2023-12-31 11:00:00+00:00,0.8161824138784459
501,2023-12-31 12:00:00+00:00,0.02481338850275372
501,2023-12-31 13:00:00+00:00,0.015535271585368307
501,2023-12-31 14:00:00+00:00,0.015535271585368307
501,2023-12-31 15:00:00+00:00,0.015535271585368307
501,2023-12-31 16:00:00+00:00,0.017098465621929824
501,2023-12-31 17:00:00+00:00,0.017098465621929824
501,2023-12-31 18:00:00+00:00,0.017098465621929824
501,2023-12-31 19:00:00+00:00,0.01075718453204121
501,2023-12-31 20:00:00+00:00,0.0129188142635108
501,2023-12-31 21:00:00+00:00,0.013206503058118713
501,2023-12-31 22:00:00+00:00,0.010408599491498267
501,2023-12-31 23:00:00+00:00,0.009023482571603396
