SITE_ID,DATE_TIME,traffic_nox_index
672,2023-01-01 00:00:00+00:00,1.0637202740396734
672,2023-01-01 01:00:00+00:00,0.6982193746765673
672,2023-01-01 02:00:00+00:00,0.761502487252598
672,2023-01-01 03:00:00+00:00,0.23028811566908605
672,2023-01-01 04:00:00+00:00,0.19593163955707107
672,2023-01-01 05:00:00+00:00,0.1910885614974201
672,2023-01-01 06:00:00+00:00,0.06166439235327201
672,2023-01-01 07:00:00+00:00,0.20728074748332648
672,2023-01-01 08:00:00+00:00,0.11569271156581487
672,2023-01-01 09:00:00+00:00,0.07900556349563431
672,2023-01-01 10:00:00+00:00,0.14579837294012343
672,2023-01-01 11:00:00+00:00,0.21725501722012375
672,2023-01-01 12:00:00+00:00,0.27666362150351603
672,2023-01-01 13:00:00+00:00,0.3046960976924188
672,2023-01-01 14:00:00+00:00,0.3475910744753201
672,2023-01-01 15:00:00+00:00,0.48785036466263443
672,2023-01-01 16:00:00+00:00,0.32701666458180634
672,2023-01-01 17:00:00+00:00,0.03161786989580485
672,2023-01-01 18:00:00+00:00,0.33842991133938266
672,2023-01-01 19:00:00+00:00,0.31918193501921566
672,2023-01-01 20:00:00+00:00,0.20925486005322244
672,2023-01-01 21:00:00+00:00,0.1491169214435773
672,2023-01-01 22:00:00+00:00,0.13538684978245918
672,2023-01-01 23:00:00+00:00,0.08358700119182161
672,2023-01-02 00:00:00+00:00,0.07580257347809322
672,2023-01-02 01:00:00+00:00,0.04196865949481772
672,2023-01-02 02:00:00+00:00,0.12411660814792713
672,2023-01-02 03:00:00+00:00,0.03717249700319452
672,2023-01-02 04:00:00+00:00,0.0038797459803661402
672,2023-01-02 05:00:00+00:00,0.004642119890675779
672,2023-01-02 06:00:00+00:00,0.0015733692623657015
672,2023-01-02 07:00:00+00:00,0.004656794453330649
672,2023-01-02 08:00:00+00:00,0.004088842294022806
672,2023-01-02 09:00:00+00:00,0.003972339286088507
672,2023-01-02 10:00:00+00:00,0.0013563315871650658
672,2023-01-02 11:00:00+00:00,0.0006101176767916506
672,2023-01-02 12:00:00+00:00,0.0005866981001778707
672,2023-01-02 13:00:00+00:00,0.0015632407740917681
672,2023-01-02 14:00:00+00:00,0.00795428431213607
672,2023-01-02 15:00:00+00:00,0.007781517086092755
672,2023-01-02 16:00:00+00:00,0.3822530793883902
672,2023-01-02 17:00:00+00:00,0.5008467400267851
672,2023-01-02 18:00:00+00:00,0.3706725837578721
672,2023-01-02 19:00:00+00:00,0.354915814353284
672,2023-01-02 20:00:00+00:00,0.2556969776487931
672,2023-01-02 21:00:00+00:00,0.17383824408736662
672,2023-01-02 22:00:00+00:00,0.11426048656355195
672,2023-01-02 23:00:00+00:00,0.1098015866149076
672,2023-01-03 00:00:00+00:00,0.0757071322391689
672,2023-01-03 01:00:00+00:00,0.04326485696979046
672,2023-01-03 02:00:00+00:00,0.04884057515970372
672,2023-01-03 03:00:00+00:00,0.0539916033070339
672,2023-01-03 04:00:00+00:00,0.03569151746497443
672,2023-01-03 05:00:00+00:00,0.03953172790377519
672,2023-01-03 06:00:00+00:00,0.19704586609842015
672,2023-01-03 07:00:00+00:00,0.19980240067578012
672,2023-01-03 08:00:00+00:00,0.4080851862268988
672,2023-01-03 09:00:00+00:00,0.5692016455148039
672,2023-01-03 10:00:00+00:00,0.4009412297136013
672,2023-01-03 11:00:00+00:00,0.34139750082278186
672,2023-01-03 12:00:00+00:00,0.33376038577463585
672,2023-01-03 13:00:00+00:00,0.4448447665059094
672,2023-01-03 14:00:00+00:00,0.4613841105677212
672,2023-01-03 15:00:00+00:00,0.5238835903834012
672,2023-01-03 16:00:00+00:00,0.46004964232484474
672,2023-01-03 17:00:00+00:00,0.5210084821317063
672,2023-01-03 18:00:00+00:00,0.36907421145560154
672,2023-01-03 19:00:00+00:00,0.48675887828902664
672,2023-01-03 20:00:00+00:00,0.8893952191512997
672,2023-01-03 21:00:00+00:00,0.11987332588001726
672,2023-01-03 22:00:00+00:00,0.3931285513611513
672,2023-01-03 23:00:00+00:00,0.1857738836716702
672,2023-01-04 00:00:00+00:00,0.038252442248449814
672,2023-01-04 01:00:00+00:00,0.11920648852288458
672,2023-01-04 02:00:00+00:00,0.11965962194338575
672,2023-01-04 03:00:00+00:00,0.13263576138861402
672,2023-01-04 04:00:00+00:00,0.030408425561491384
672,2023-01-04 05:00:00+00:00,0.0038791603398041466
672,2023-01-04 06:00:00+00:00,0.0035791416329756806
672,2023-01-04 07:00:00+00:00,0.012483346971176413
672,2023-01-04 08:00:00+00:00,0.008132018171723867
672,2023-01-04 09:00:00+00:00,0.009964288722543105
672,2023-01-04 10:00:00+00:00,0.007592093692775362
672,2023-01-04 11:00:00+00:00,0.005439664549212202
672,2023-01-04 12:00:00+00:00,0.0056517059725322725
672,2023-01-04 13:00:00+00:00,0.005854263488846994
672,2023-01-04 14:00:00+00:00,0.007144394428336256
672,2023-01-04 15:00:00+00:00,0.006865715666772395
672,2023-01-04 16:00:00+00:00,0.009062051783732969
672,2023-01-04 17:00:00+00:00,0.005341255962187527
672,2023-01-04 18:00:00+00:00,0.005574326317596523
672,2023-01-04 19:00:00+00:00,0.005487013402382707
672,2023-01-04 20:00:00+00:00,0.005113431758343745
672,2023-01-04 21:00:00+00:00,0.004064904685922626
672,2023-01-04 22:00:00+00:00,0.0039047130504271427
672,2023-01-04 23:00:00+00:00,0.0032930722577596432
672,2023-01-05 00:00:00+00:00,0.0010989686254953947
672,2023-01-05 01:00:00+00:00,0.0010960560502878333
672,2023-01-05 02:00:00+00:00,0.001093143475080272
672,2023-01-05 03:00:00+00:00,0.0011717830056844293
672,2023-01-05 04:00:00+00:00,0.0011717830056844293
672,2023-01-05 05:00:00+00:00,0.0010844057494575877
672,2023-01-05 06:00:00+00:00,0.06766443454715097
672,2023-01-05 07:00:00+00:00,0.5352440782762827
672,2023-01-05 08:00:00+00:00,0.40089960773530126
672,2023-01-05 09:00:00+00:00,0.5615151042558746
672,2023-01-05 10:00:00+00:00,1.404077227003396
672,2023-01-05 11:00:00+00:00,1.2241303684921792
672,2023-01-05 12:00:00+00:00,1.1303217941877632
672,2023-01-05 13:00:00+00:00,0.3700867906460953
672,2023-01-05 14:00:00+00:00,1.0385208727242756
672,2023-01-05 15:00:00+00:00,0.3856569492335942
672,2023-01-05 16:00:00+00:00,0.3498171157142293
672,2023-01-05 17:00:00+00:00,0.3785846079593833
672,2023-01-05 18:00:00+00:00,0.35379589418084534
672,2023-01-05 19:00:00+00:00,0.39749635631948294
672,2023-01-05 20:00:00+00:00,0.2957579282410819
672,2023-01-05 21:00:00+00:00,0.14827063023797984
672,2023-01-05 22:00:00+00:00,0.12358044556511417
672,2023-01-05 23:00:00+00:00,0.10418077140382816
672,2023-01-06 00:00:00+00:00,0.0011863458819063148
672,2023-01-06 01:00:00+00:00,0.001052852851575091
672,2023-01-06 02:00:00+00:00,0.004811996406874893
672,2023-01-06 03:00:00+00:00,0.0063375855592794055
672,2023-01-06 04:00:00+00:00,0.004642119890675779
672,2023-01-06 05:00:00+00:00,0.13263576144302228
672,2023-01-06 06:00:00+00:00,0.21364173486578897
672,2023-01-06 07:00:00+00:00,0.4628617001493443
672,2023-01-06 08:00:00+00:00,0.4529839235093833
672,2023-01-06 09:00:00+00:00,0.5633413756290673
672,2023-01-06 10:00:00+00:00,0.4569777736333418
672,2023-01-06 11:00:00+00:00,0.46063371992411145
672,2023-01-06 12:00:00+00:00,0.4816810757158751
672,2023-01-06 13:00:00+00:00,0.49586290194590366
672,2023-01-06 14:00:00+00:00,0.38055144619115583
672,2023-01-06 15:00:00+00:00,0.514443729831645
672,2023-01-06 16:00:00+00:00,0.5660066155556174
672,2023-01-06 17:00:00+00:00,0.4708497834160728
672,2023-01-06 18:00:00+00:00,0.379908206611108
672,2023-01-06 19:00:00+00:00,0.4105162663187678
672,2023-01-06 20:00:00+00:00,0.3200795895289259
672,2023-01-06 21:00:00+00:00,0.21043561487258247
672,2023-01-06 22:00:00+00:00,0.21766647799229305
672,2023-01-06 23:00:00+00:00,0.17842853012650045
672,2023-01-07 00:00:00+00:00,0.11267655329505329
672,2023-01-07 01:00:00+00:00,0.0921271207139269
672,2023-01-07 02:00:00+00:00,0.06944526733814568
672,2023-01-07 03:00:00+00:00,0.05493359999651403
672,2023-01-07 04:00:00+00:00,0.05704478886261002
672,2023-01-07 05:00:00+00:00,0.05238507874780357
672,2023-01-07 06:00:00+00:00,0.186444660484128
672,2023-01-07 07:00:00+00:00,0.14100490075511346
672,2023-01-07 08:00:00+00:00,0.11608081430563062
672,2023-01-07 09:00:00+00:00,0.19963959328091552
672,2023-01-07 10:00:00+00:00,0.20473534199787433
672,2023-01-07 11:00:00+00:00,0.9335477509556395
672,2023-01-07 12:00:00+00:00,0.005786740093784968
672,2023-01-07 13:00:00+00:00,0.36144135982107645
672,2023-01-07 14:00:00+00:00,0.502128974798412
672,2023-01-07 15:00:00+00:00,0.39799413614994295
672,2023-01-07 16:00:00+00:00,0.3737642765860101
672,2023-01-07 17:00:00+00:00,0.2671978127060606
672,2023-01-07 18:00:00+00:00,0.2796636023435847
672,2023-01-07 19:00:00+00:00,0.8775533726016087
672,2023-01-07 20:00:00+00:00,0.3539431372897969
672,2023-01-07 21:00:00+00:00,0.22742288306545264
672,2023-01-07 22:00:00+00:00,0.2682479572002824
672,2023-01-07 23:00:00+00:00,0.30415811289157857
672,2023-01-08 00:00:00+00:00,0.1894869556495561
672,2023-01-08 01:00:00+00:00,0.07501349597946683
672,2023-01-08 02:00:00+00:00,0.04161528820713285
672,2023-01-08 03:00:00+00:00,0.05051746526554971
672,2023-01-08 04:00:00+00:00,0.05477730400890006
672,2023-01-08 05:00:00+00:00,0.13939057427954238
672,2023-01-08 06:00:00+00:00,0.1196665257889606
672,2023-01-08 07:00:00+00:00,0.077383985142121
672,2023-01-08 08:00:00+00:00,0.1395479577476039
672,2023-01-08 09:00:00+00:00,0.09866410633639905
672,2023-01-08 10:00:00+00:00,0.2355029199968548
672,2023-01-08 11:00:00+00:00,0.30320337836525885
672,2023-01-08 12:00:00+00:00,0.37600871730644386
672,2023-01-08 13:00:00+00:00,0.44654828201103003
672,2023-01-08 14:00:00+00:00,0.5521522851671244
672,2023-01-08 15:00:00+00:00,1.3207593943564484
672,2023-01-08 16:00:00+00:00,0.48979401161666236
672,2023-01-08 17:00:00+00:00,0.49340380365855646
672,2023-01-08 18:00:00+00:00,0.35309621474316805
672,2023-01-08 19:00:00+00:00,0.3432440179015178
672,2023-01-08 20:00:00+00:00,0.2510692460336685
672,2023-01-08 21:00:00+00:00,0.20210714426580134
672,2023-01-08 22:00:00+00:00,0.1291968457503211
672,2023-01-08 23:00:00+00:00,0.00020782921412806226
672,2023-01-09 00:00:00+00:00,0.00023894344544242424
672,2023-01-09 01:00:00+00:00,0.005650389630167566
672,2023-01-09 02:00:00+00:00,0.0021662183065542353
672,2023-01-09 03:00:00+00:00,0.0010844057494575877
672,2023-01-09 04:00:00+00:00,0.0004393205050905837
672,2023-01-09 05:00:00+00:00,0.001492166278516182
672,2023-01-09 06:00:00+00:00,0.004846111848356923
672,2023-01-09 07:00:00+00:00,0.004511165698106776
672,2023-01-09 08:00:00+00:00,0.00311224036110942
672,2023-01-09 09:00:00+00:00,0.003298264801446813
672,2023-01-09 10:00:00+00:00,0.0024883888815229547
672,2023-01-09 11:00:00+00:00,0.0014666232394021901
672,2023-01-09 12:00:00+00:00,0.0008632367198250037
672,2023-01-09 13:00:00+00:00,0.0016699134432645178
672,2023-01-09 14:00:00+00:00,0.0013965051976280005
672,2023-01-09 15:00:00+00:00,0.001334392453495388
672,2023-01-09 16:00:00+00:00,0.0013707668373886838
672,2023-01-09 17:00:00+00:00,0.010288743314027118
672,2023-01-09 18:00:00+00:00,0.010419809198183303
672,2023-01-09 19:00:00+00:00,0.0065697193595473415
672,2023-01-09 20:00:00+00:00,0.005594006667499336
672,2023-01-09 21:00:00+00:00,0.0012825138613538588
672,2023-01-09 22:00:00+00:00,0.0005818921066479888
672,2023-01-09 23:00:00+00:00,0.0013015289235299102
672,2023-01-10 00:00:00+00:00,0.0060408790672737715
672,2023-01-10 01:00:00+00:00,0.058135671530780406
672,2023-01-10 02:00:00+00:00,0.0625877659562719
672,2023-01-10 03:00:00+00:00,0.05830535886406033
672,2023-01-10 04:00:00+00:00,0.04762414313343918
672,2023-01-10 05:00:00+00:00,0.042851616564053376
672,2023-01-10 06:00:00+00:00,0.10966940038641286
672,2023-01-10 07:00:00+00:00,0.225315214356068
672,2023-01-10 08:00:00+00:00,0.5593836433240544
672,2023-01-10 09:00:00+00:00,0.5475013458246285
672,2023-01-10 10:00:00+00:00,0.44505463678901147
672,2023-01-10 11:00:00+00:00,0.4066262503410604
672,2023-01-10 12:00:00+00:00,1.1629485282097853
672,2023-01-10 13:00:00+00:00,1.1556355279846098
672,2023-01-10 14:00:00+00:00,0.4563380507859515
672,2023-01-10 15:00:00+00:00,1.2917648463712033
672,2023-01-10 16:00:00+00:00,0.540258339285156
672,2023-01-10 17:00:00+00:00,0.4944061740016247
672,2023-01-10 18:00:00+00:00,0.633824836715466
672,2023-01-10 19:00:00+00:00,1.5294093432258031
672,2023-01-10 20:00:00+00:00,0.37498593075883657
672,2023-01-10 21:00:00+00:00,0.0044885508371167015
672,2023-01-10 22:00:00+00:00,0.0021896132129098174
672,2023-01-10 23:00:00+00:00,0.0009497846327586579
672,2023-01-11 00:00:00+00:00,0.0004971219036035936
672,2023-01-11 01:00:00+00:00,0.0006141918028146488
672,2023-01-11 02:00:00+00:00,0.0009205790905171941
672,2023-01-11 03:00:00+00:00,0.006930998543290675
672,2023-01-11 04:00:00+00:00,0.004642119890675779
672,2023-01-11 05:00:00+00:00,0.0011717830056844293
672,2023-01-11 06:00:00+00:00,0.03117793525664562
672,2023-01-11 07:00:00+00:00,0.0024743598429485727
672,2023-01-11 08:00:00+00:00,0.04142688315955551
672,2023-01-11 09:00:00+00:00,0.05862514543435124
672,2023-01-11 10:00:00+00:00,0.46419364920611816
672,2023-01-11 11:00:00+00:00,1.4184976659982338
672,2023-01-11 12:00:00+00:00,0.3581002172461018
672,2023-01-11 13:00:00+00:00,0.3439094036361623
672,2023-01-11 14:00:00+00:00,0.39253999304604276
672,2023-01-11 15:00:00+00:00,0.035859905518345746
672,2023-01-11 16:00:00+00:00,0.04113854699111654
672,2023-01-11 17:00:00+00:00,0.043190376680519615
672,2023-01-11 18:00:00+00:00,0.0071471048071737675
672,2023-01-11 19:00:00+00:00,0.0069264144338033054
672,2023-01-11 20:00:00+00:00,0.036221993030086046
672,2023-01-11 21:00:00+00:00,0.024145900940209686
672,2023-01-11 22:00:00+00:00,0.1954831831204327
672,2023-01-11 23:00:00+00:00,0.5422872087954815
672,2023-01-12 00:00:00+00:00,0.14804076563122753
672,2023-01-12 01:00:00+00:00,0.046439428190023564
672,2023-01-12 02:00:00+00:00,0.004750120982933581
672,2023-01-12 03:00:00+00:00,0.0044513800029578705
672,2023-01-12 04:00:00+00:00,0.004642119890675779
672,2023-01-12 05:00:00+00:00,0.003625264710091997
672,2023-01-12 06:00:00+00:00,0.003579141632791602
672,2023-01-12 07:00:00+00:00,0.015211397169914351
672,2023-01-12 08:00:00+00:00,0.03365075718528975
672,2023-01-12 09:00:00+00:00,0.04004555772646224
672,2023-01-12 10:00:00+00:00,0.46101404879822155
672,2023-01-12 11:00:00+00:00,0.027500237164379417
672,2023-01-12 12:00:00+00:00,0.03271934857728994
672,2023-01-12 13:00:00+00:00,0.04240040953347741
672,2023-01-12 14:00:00+00:00,0.005545797600962171
672,2023-01-12 15:00:00+00:00,0.0060568210069104605
672,2023-01-12 16:00:00+00:00,0.0039029538503000103
672,2023-01-12 17:00:00+00:00,0.003736010295768591
672,2023-01-12 18:00:00+00:00,0.00460303093927719
672,2023-01-12 19:00:00+00:00,0.00665709661503787
672,2023-01-12 20:00:00+00:00,0.006087930878224624
672,2023-01-12 21:00:00+00:00,0.004529703146321047
672,2023-01-12 22:00:00+00:00,0.018795306241881766
672,2023-01-12 23:00:00+00:00,0.003846461546459993
672,2023-01-13 00:00:00+00:00,0.0013319746417321488
672,2023-01-13 01:00:00+00:00,0.00123585966025078
672,2023-01-13 02:00:00+00:00,0.001187074025593156
672,2023-01-13 03:00:00+00:00,0.00042803031192355316
672,2023-01-13 04:00:00+00:00,0.0011717830056844293
672,2023-01-13 05:00:00+00:00,0.0010407171216202846
672,2023-01-13 06:00:00+00:00,0.001498497455047499
672,2023-01-13 07:00:00+00:00,0.000334612977015683
672,2023-01-13 08:00:00+00:00,0.0027606420492013576
672,2023-01-13 09:00:00+00:00,0.0036760088238469452
672,2023-01-13 10:00:00+00:00,0.0029009114961776267
672,2023-01-13 11:00:00+00:00,0.0013816163168750713
672,2023-01-13 12:00:00+00:00,0.0011162133688801309
672,2023-01-13 13:00:00+00:00,0.0013099960416544328
672,2023-01-13 14:00:00+00:00,0.0017581718978892014
672,2023-01-13 15:00:00+00:00,0.0013946891721211066
672,2023-01-13 16:00:00+00:00,0.0023533139137713417
672,2023-01-13 17:00:00+00:00,0.0019167086793361607
672,2023-01-13 18:00:00+00:00,0.006965117607366199
672,2023-01-13 19:00:00+00:00,0.040604340993757475
672,2023-01-13 20:00:00+00:00,0.38546070365714136
672,2023-01-13 21:00:00+00:00,0.26896372134560276
672,2023-01-13 22:00:00+00:00,0.24469631118573143
672,2023-01-13 23:00:00+00:00,0.20931737394485983
672,2023-01-14 00:00:00+00:00,0.19119612576872494
672,2023-01-14 01:00:00+00:00,0.1346394214885118
672,2023-01-14 02:00:00+00:00,0.07767850434554183
672,2023-01-14 03:00:00+00:00,0.060762480021775415
672,2023-01-14 04:00:00+00:00,0.06109933362144465
672,2023-01-14 05:00:00+00:00,0.04902148345620729
672,2023-01-14 06:00:00+00:00,0.11916043593483205
672,2023-01-14 07:00:00+00:00,0.07881907067279266
672,2023-01-14 08:00:00+00:00,0.1835750052829011
672,2023-01-14 09:00:00+00:00,0.26734702093393187
672,2023-01-14 10:00:00+00:00,0.003617545608556986
672,2023-01-14 11:00:00+00:00,0.007273476194174283
672,2023-01-14 12:00:00+00:00,0.007274137565106217
672,2023-01-14 13:00:00+00:00,0.006468549773893919
672,2023-01-14 14:00:00+00:00,0.0011925155465790764
672,2023-01-14 15:00:00+00:00,0.0022384356715460557
672,2023-01-14 16:00:00+00:00,0.0018418368720179582
672,2023-01-14 17:00:00+00:00,0.0039077014773888806
672,2023-01-14 18:00:00+00:00,0.0035956355232793693
672,2023-01-14 19:00:00+00:00,0.005373579406221054
672,2023-01-14 20:00:00+00:00,0.006383047463711395
672,2023-01-14 21:00:00+00:00,0.0022769904689525803
672,2023-01-14 22:00:00+00:00,0.0027340612969936895
672,2023-01-14 23:00:00+00:00,0.004035778933662934
672,2023-01-15 00:00:00+00:00,0.008295510340696996
672,2023-01-15 01:00:00+00:00,0.0034368260714491205
672,2023-01-15 02:00:00+00:00,0.003967041967170094
672,2023-01-15 03:00:00+00:00,0.0015034492941558455
672,2023-01-15 04:00:00+00:00,0.008043313839223633
672,2023-01-15 05:00:00+00:00,0.03755339324068089
672,2023-01-15 06:00:00+00:00,0.1386569573181533
672,2023-01-15 07:00:00+00:00,0.01583956082522961
672,2023-01-15 08:00:00+00:00,0.0015112259069635099
672,2023-01-15 09:00:00+00:00,0.0023032428822174727
672,2023-01-15 10:00:00+00:00,0.004573391771029016
672,2023-01-15 11:00:00+00:00,0.030915676815007422
672,2023-01-15 12:00:00+00:00,0.03486510869385127
672,2023-01-15 13:00:00+00:00,0.03306315526344886
672,2023-01-15 14:00:00+00:00,0.03395672848273938
672,2023-01-15 15:00:00+00:00,0.03477893527975236
672,2023-01-15 16:00:00+00:00,0.0036269205785384763
672,2023-01-15 17:00:00+00:00,0.03177910884544923
672,2023-01-15 18:00:00+00:00,0.03169214696884
672,2023-01-15 19:00:00+00:00,0.47035484408828937
672,2023-01-15 20:00:00+00:00,0.26635088764931075
672,2023-01-15 21:00:00+00:00,0.19132422940625898
672,2023-01-15 22:00:00+00:00,0.13277167052616037
672,2023-01-15 23:00:00+00:00,0.10418110635509703
672,2023-01-16 00:00:00+00:00,0.015691658895719406
672,2023-01-16 01:00:00+00:00,0.015263719162226606
672,2023-01-16 02:00:00+00:00,4.4663640331090115e-05
672,2023-01-16 03:00:00+00:00,6.1315420733640515e-06
672,2023-01-16 04:00:00+00:00,6.388273137435955e-10
672,2023-01-16 05:00:00+00:00,6.388273288231374e-10
672,2023-01-16 06:00:00+00:00,0.0
672,2023-01-16 07:00:00+00:00,0.0
672,2023-01-16 08:00:00+00:00,1.2728993688904988e-50
672,2023-01-16 09:00:00+00:00,1.6706804216687796e-50
672,2023-01-16 10:00:00+00:00,2.5790856762050478e-09
672,2023-01-16 11:00:00+00:00,2.0317257474624645e-09
672,2023-01-16 12:00:00+00:00,2.2914897744676446e-09
672,2023-01-16 13:00:00+00:00,0.0
672,2023-01-16 14:00:00+00:00,9.14896421390046e-51
672,2023-01-16 15:00:00+00:00,0.0
672,2023-01-16 16:00:00+00:00,0.0
672,2023-01-16 17:00:00+00:00,1.1137869477791866e-50
672,2023-01-16 18:00:00+00:00,0.0007101834796080324
672,2023-01-16 19:00:00+00:00,7.562414141506846e-09
672,2023-01-16 20:00:00+00:00,4.087706501968951e-05
672,2023-01-16 21:00:00+00:00,8.128776543466656e-05
672,2023-01-16 22:00:00+00:00,0.13911349790204844
672,2023-01-16 23:00:00+00:00,0.15763972196259846
672,2023-01-17 00:00:00+00:00,0.08733880849197798
672,2023-01-17 01:00:00+00:00,0.05708801594294637
672,2023-01-17 02:00:00+00:00,0.04350379830529661
672,2023-01-17 03:00:00+00:00,0.011642297116538662
672,2023-01-17 04:00:00+00:00,0.031777593029394646
672,2023-01-17 05:00:00+00:00,0.07148389926975575
672,2023-01-17 06:00:00+00:00,0.00040421571432922
672,2023-01-17 07:00:00+00:00,0.0401348984732976
672,2023-01-17 08:00:00+00:00,0.01640739332641209
672,2023-01-17 09:00:00+00:00,0.0007134373282740945
672,2023-01-17 10:00:00+00:00,0.347624412079068
672,2023-01-17 11:00:00+00:00,5.9584402762345994e-05
672,2023-01-17 12:00:00+00:00,3.1145749932465954e-05
672,2023-01-17 13:00:00+00:00,1.563285767358167e-05
672,2023-01-17 14:00:00+00:00,0.0
672,2023-01-17 15:00:00+00:00,0.0
672,2023-01-17 16:00:00+00:00,0.0007770446998674829
672,2023-01-17 17:00:00+00:00,0.001007284111620589
672,2023-01-17 18:00:00+00:00,0.00026843191947035155
672,2023-01-17 19:00:00+00:00,0.0009965268908806403
672,2023-01-17 20:00:00+00:00,0.000541220386329853
672,2023-01-17 21:00:00+00:00,0.001577314051938434
672,2023-01-17 22:00:00+00:00,0.0019434874525389803
672,2023-01-17 23:00:00+00:00,0.0016471850285079566
672,2023-01-18 00:00:00+00:00,0.000711201921457702
672,2023-01-18 01:00:00+00:00,0.00017564225992380855
672,2023-01-18 02:00:00+00:00,0.0005510045449250714
672,2023-01-18 03:00:00+00:00,0.00030932586623612574
672,2023-01-18 04:00:00+00:00,0.00045275469191366935
672,2023-01-18 05:00:00+00:00,0.00019490027347437682
672,2023-01-18 06:00:00+00:00,0.0007007725677165023
672,2023-01-18 07:00:00+00:00,0.00040457998379404267
672,2023-01-18 08:00:00+00:00,0.0031684108983120168
672,2023-01-18 09:00:00+00:00,0.004468652343673756
672,2023-01-18 10:00:00+00:00,0.001015843851599912
672,2023-01-18 11:00:00+00:00,0.0004410410030788522
672,2023-01-18 12:00:00+00:00,0.00010765269767302918
672,2023-01-18 13:00:00+00:00,0.00018823281035348092
672,2023-01-18 14:00:00+00:00,5.248244203162149e-05
672,2023-01-18 15:00:00+00:00,8.101304803750577e-05
672,2023-01-18 16:00:00+00:00,0.0001656384467922011
672,2023-01-18 17:00:00+00:00,0.0033060230338837226
672,2023-01-18 18:00:00+00:00,0.003355343351402856
672,2023-01-18 19:00:00+00:00,0.0005923015656353068
672,2023-01-18 20:00:00+00:00,0.0001641481989722748
672,2023-01-18 21:00:00+00:00,0.000532340439362718
672,2023-01-18 22:00:00+00:00,0.0017520655598312427
672,2023-01-18 23:00:00+00:00,7.934977499619733e-05
672,2023-01-19 00:00:00+00:00,0.00022707294810864136
672,2023-01-19 01:00:00+00:00,0.00010709802903283343
672,2023-01-19 02:00:00+00:00,0.00013829381315094946
672,2023-01-19 03:00:00+00:00,0.0005660528496916707
672,2023-01-19 04:00:00+00:00,0.0011994468179261973
672,2023-01-19 05:00:00+00:00,0.0006877246435128238
672,2023-01-19 06:00:00+00:00,0.00043904957354818014
672,2023-01-19 07:00:00+00:00,0.163632670035582
672,2023-01-19 08:00:00+00:00,0.40440424887979826
672,2023-01-19 09:00:00+00:00,0.47826870224955437
672,2023-01-19 10:00:00+00:00,1.6573491955639983
672,2023-01-19 11:00:00+00:00,0.006015116498311707
672,2023-01-19 12:00:00+00:00,0.00038869169021879936
672,2023-01-19 13:00:00+00:00,0.0007692610488421972
672,2023-01-19 14:00:00+00:00,0.0004021302189012183
672,2023-01-19 15:00:00+00:00,0.00026664116433990965
672,2023-01-19 16:00:00+00:00,0.00020140042558918907
672,2023-01-19 17:00:00+00:00,0.0
672,2023-01-19 18:00:00+00:00,0.00013365717988850215
672,2023-01-19 19:00:00+00:00,0.00030864499482595697
672,2023-01-19 20:00:00+00:00,0.00030850150225191365
672,2023-01-19 21:00:00+00:00,0.0005848937642523994
672,2023-01-19 22:00:00+00:00,0.0005805499925799684
672,2023-01-19 23:00:00+00:00,0.0009249733425157803
672,2023-01-20 00:00:00+00:00,0.0002124839428899082
672,2023-01-20 01:00:00+00:00,0.00034619119962188904
672,2023-01-20 02:00:00+00:00,0.00045620021869228187
672,2023-01-20 03:00:00+00:00,0.0015313277725136978
672,2023-01-20 04:00:00+00:00,0.0013873135710439721
672,2023-01-20 05:00:00+00:00,0.000429812974002558
672,2023-01-20 06:00:00+00:00,0.000711932719551825
672,2023-01-20 07:00:00+00:00,0.000705383648414929
672,2023-01-20 08:00:00+00:00,0.0013620070340060184
672,2023-01-20 09:00:00+00:00,0.0012720268207784794
672,2023-01-20 10:00:00+00:00,0.0025852802179101055
672,2023-01-20 11:00:00+00:00,0.007758019342267168
672,2023-01-20 12:00:00+00:00,0.0012637736546008606
672,2023-01-20 13:00:00+00:00,0.0012186016053443221
672,2023-01-20 14:00:00+00:00,0.0006966232856810613
672,2023-01-20 15:00:00+00:00,2.5141446394399666e-09
672,2023-01-20 16:00:00+00:00,0.0012400345958251346
672,2023-01-20 17:00:00+00:00,0.001109260258299573
672,2023-01-20 18:00:00+00:00,0.0005160086954247334
672,2023-01-20 19:00:00+00:00,0.00020108246508289748
672,2023-01-20 20:00:00+00:00,0.0
672,2023-01-20 21:00:00+00:00,5.1490664875408675e-09
672,2023-01-20 22:00:00+00:00,0.005731351982216664
672,2023-01-20 23:00:00+00:00,1.5605102312692332e-05
672,2023-01-21 00:00:00+00:00,0.0005248493342553718
672,2023-01-21 01:00:00+00:00,0.14734351565372356
672,2023-01-21 02:00:00+00:00,0.0006534411026597403
672,2023-01-21 03:00:00+00:00,0.03347817085157263
672,2023-01-21 04:00:00+00:00,0.0026978116207389967
672,2023-01-21 05:00:00+00:00,0.00019170642865249814
672,2023-01-21 06:00:00+00:00,0.043416358022460785
672,2023-01-21 07:00:00+00:00,0.06842709136949354
672,2023-01-21 08:00:00+00:00,0.11746826744662203
672,2023-01-21 09:00:00+00:00,0.18793365156347563
672,2023-01-21 10:00:00+00:00,0.3073252563201788
672,2023-01-21 11:00:00+00:00,0.45312932447505266
672,2023-01-21 12:00:00+00:00,0.7061734766315138
672,2023-01-21 13:00:00+00:00,0.5704379450577441
672,2023-01-21 14:00:00+00:00,0.5136678230675199
672,2023-01-21 15:00:00+00:00,0.5147131918790878
672,2023-01-21 16:00:00+00:00,0.497683329102983
672,2023-01-21 17:00:00+00:00,0.3896038922492335
672,2023-01-21 18:00:00+00:00,0.3632935873256053
672,2023-01-21 19:00:00+00:00,0.41512213134766635
672,2023-01-21 20:00:00+00:00,0.5116748275315636
672,2023-01-21 21:00:00+00:00,0.25322123910374755
672,2023-01-21 22:00:00+00:00,0.1844714487055486
672,2023-01-21 23:00:00+00:00,0.19915670870072788
672,2023-01-22 00:00:00+00:00,0.1328159292878582
672,2023-01-22 01:00:00+00:00,0.02619898842500853
672,2023-01-22 02:00:00+00:00,0.009568024909703857
672,2023-01-22 03:00:00+00:00,0.010046384773269638
672,2023-01-22 04:00:00+00:00,0.009089665049115965
672,2023-01-22 05:00:00+00:00,0.0063789591467045634
672,2023-01-22 06:00:00+00:00,0.013713810371792708
672,2023-01-22 07:00:00+00:00,0.03229701575519761
672,2023-01-22 08:00:00+00:00,0.03276847832332515
672,2023-01-22 09:00:00+00:00,0.017460962658695366
672,2023-01-22 10:00:00+00:00,0.07654116494120754
672,2023-01-22 11:00:00+00:00,0.4400940905659321
672,2023-01-22 12:00:00+00:00,0.489316358855
672,2023-01-22 13:00:00+00:00,0.6457944274611738
672,2023-01-22 14:00:00+00:00,0.5270779602347352
672,2023-01-22 15:00:00+00:00,0.4988923557675765
672,2023-01-22 16:00:00+00:00,0.47015252868863194
672,2023-01-22 17:00:00+00:00,0.4314402284016288
672,2023-01-22 18:00:00+00:00,0.32610926465596435
672,2023-01-22 19:00:00+00:00,0.2810141185702715
672,2023-01-22 20:00:00+00:00,0.2597830379699779
672,2023-01-22 21:00:00+00:00,0.1431693707166085
672,2023-01-22 22:00:00+00:00,0.11561787166563355
672,2023-01-22 23:00:00+00:00,0.09063590405254529
672,2023-01-23 00:00:00+00:00,0.04313221175568691
672,2023-01-23 01:00:00+00:00,0.028580512274892333
672,2023-01-23 02:00:00+00:00,0.021027455781294283
672,2023-01-23 03:00:00+00:00,0.021169711694592537
672,2023-01-23 04:00:00+00:00,0.02343267485754958
672,2023-01-23 05:00:00+00:00,0.039395613909037924
672,2023-01-23 06:00:00+00:00,0.056288375341489845
672,2023-01-23 07:00:00+00:00,0.14303474794715562
672,2023-01-23 08:00:00+00:00,0.2784044091992541
672,2023-01-23 09:00:00+00:00,0.4638386844918169
672,2023-01-23 10:00:00+00:00,0.4458527773893908
672,2023-01-23 11:00:00+00:00,0.40757435435189543
672,2023-01-23 12:00:00+00:00,0.4215702570477419
672,2023-01-23 13:00:00+00:00,0.4057681892045817
672,2023-01-23 14:00:00+00:00,0.43315208608899647
672,2023-01-23 15:00:00+00:00,0.38946752324346406
672,2023-01-23 16:00:00+00:00,0.48370373173494896
672,2023-01-23 17:00:00+00:00,0.38231218704619097
672,2023-01-23 18:00:00+00:00,0.37331444669880354
672,2023-01-23 19:00:00+00:00,0.27289750249414985
672,2023-01-23 20:00:00+00:00,0.25124871910058155
672,2023-01-23 21:00:00+00:00,0.1778983830437417
672,2023-01-23 22:00:00+00:00,0.17410480597686892
672,2023-01-23 23:00:00+00:00,0.11405889047217249
672,2023-01-24 00:00:00+00:00,0.0556651830049445
672,2023-01-24 01:00:00+00:00,0.04170317841477756
672,2023-01-24 02:00:00+00:00,0.030476041270670842
672,2023-01-24 03:00:00+00:00,0.04530515819008065
672,2023-01-24 04:00:00+00:00,0.04453432778723005
672,2023-01-24 05:00:00+00:00,0.04323152743861356
672,2023-01-24 06:00:00+00:00,0.18776573189228177
672,2023-01-24 07:00:00+00:00,0.00037489795895295834
672,2023-01-24 08:00:00+00:00,0.36238699677707764
672,2023-01-24 09:00:00+00:00,0.497493286707465
672,2023-01-24 10:00:00+00:00,0.4506351402019575
672,2023-01-24 11:00:00+00:00,0.40292654397758343
672,2023-01-24 12:00:00+00:00,0.3410331010527041
672,2023-01-24 13:00:00+00:00,0.4058871069912501
672,2023-01-24 14:00:00+00:00,1.669911584894499e-09
672,2023-01-24 15:00:00+00:00,0.0
672,2023-01-24 16:00:00+00:00,0.6645852824858404
672,2023-01-24 17:00:00+00:00,6.348198481425839e-09
672,2023-01-24 18:00:00+00:00,3.580029475004528e-51
672,2023-01-24 19:00:00+00:00,1.7356256702053667e-09
672,2023-01-24 20:00:00+00:00,5.684268240581622e-05
672,2023-01-24 21:00:00+00:00,4.0410777646338146e-05
672,2023-01-24 22:00:00+00:00,0.05670043221686526
672,2023-01-24 23:00:00+00:00,0.16537064065018908
672,2023-01-25 00:00:00+00:00,0.10216980944748164
672,2023-01-25 01:00:00+00:00,0.0332875251383602
672,2023-01-25 02:00:00+00:00,0.009934753011788679
672,2023-01-25 03:00:00+00:00,0.00019496710073087578
672,2023-01-25 04:00:00+00:00,1.6699116203051663e-10
672,2023-01-25 05:00:00+00:00,0.13263576159063453
672,2023-01-25 06:00:00+00:00,0.08277600656549935
672,2023-01-25 07:00:00+00:00,0.1547531009030638
672,2023-01-25 08:00:00+00:00,0.00860332118877215
672,2023-01-25 09:00:00+00:00,0.046008195443489545
672,2023-01-25 10:00:00+00:00,0.008594055630548283
672,2023-01-25 11:00:00+00:00,0.0027472887653227666
672,2023-01-25 12:00:00+00:00,0.006997442921584396
672,2023-01-25 13:00:00+00:00,0.0011307884575726148
672,2023-01-25 14:00:00+00:00,0.006252752126534594
672,2023-01-25 15:00:00+00:00,0.03855232121713046
672,2023-01-25 16:00:00+00:00,0.0034813848651749748
672,2023-01-25 17:00:00+00:00,0.00355166319199725
672,2023-01-25 18:00:00+00:00,0.0027997404713549943
672,2023-01-25 19:00:00+00:00,0.002412711079077991
672,2023-01-25 20:00:00+00:00,0.00012259541834348851
672,2023-01-25 21:00:00+00:00,8.170882150071192e-05
672,2023-01-25 22:00:00+00:00,1.990420330945184e-09
672,2023-01-25 23:00:00+00:00,1.6710067959407044e-09
672,2023-01-26 00:00:00+00:00,1.0216727870315854e-05
672,2023-01-26 01:00:00+00:00,0.0007468991972219715
672,2023-01-26 02:00:00+00:00,0.00017715055318326942
672,2023-01-26 03:00:00+00:00,8.50134159234169e-05
672,2023-01-26 04:00:00+00:00,5.741872508027727e-05
672,2023-01-26 05:00:00+00:00,2.110923377782182e-05
672,2023-01-26 06:00:00+00:00,4.0518213552990495e-09
672,2023-01-26 07:00:00+00:00,8.903366575466104e-21
672,2023-01-26 08:00:00+00:00,9.40162029743104e-05
672,2023-01-26 09:00:00+00:00,0.00014096640633936788
672,2023-01-26 10:00:00+00:00,7.504266102685579e-20
672,2023-01-26 11:00:00+00:00,6.317292306860597e-09
672,2023-01-26 12:00:00+00:00,0.00012152375735834629
672,2023-01-26 13:00:00+00:00,6.746653237227359e-05
672,2023-01-26 14:00:00+00:00,0.017302812222871455
672,2023-01-26 15:00:00+00:00,0.01735310615931681
672,2023-01-26 16:00:00+00:00,0.0028152198474708625
672,2023-01-26 17:00:00+00:00,0.00025038517175960426
672,2023-01-26 18:00:00+00:00,0.0001697135957960911
672,2023-01-26 19:00:00+00:00,8.175988150369216e-05
672,2023-01-26 20:00:00+00:00,4.908031102957262e-05
672,2023-01-26 21:00:00+00:00,3.0551324825332248e-09
672,2023-01-26 22:00:00+00:00,3.473570012899073e-05
672,2023-01-26 23:00:00+00:00,1.6355162318799358e-09
672,2023-01-27 00:00:00+00:00,6.132294748951322e-06
672,2023-01-27 01:00:00+00:00,3.815728526914716e-21
672,2023-01-27 02:00:00+00:00,0.0
672,2023-01-27 03:00:00+00:00,6.3595475423357106e-21
672,2023-01-27 04:00:00+00:00,1.5932265663144057e-05
672,2023-01-27 05:00:00+00:00,5.082068096063644e-05
672,2023-01-27 06:00:00+00:00,0.000373955837884982
672,2023-01-27 07:00:00+00:00,0.006960270872108721
672,2023-01-27 08:00:00+00:00,0.0016303638797687387
672,2023-01-27 09:00:00+00:00,0.000265874964626665
672,2023-01-27 10:00:00+00:00,0.00016036495233411567
672,2023-01-27 11:00:00+00:00,0.00017900435894382553
672,2023-01-27 12:00:00+00:00,0.002173174149387459
672,2023-01-27 13:00:00+00:00,6.951234124825873e-05
672,2023-01-27 14:00:00+00:00,0.00013678724979856947
672,2023-01-27 15:00:00+00:00,0.0003150364733846048
672,2023-01-27 16:00:00+00:00,0.0006686575661447149
672,2023-01-27 17:00:00+00:00,0.002823123235630402
672,2023-01-27 18:00:00+00:00,0.0005959689280521068
672,2023-01-27 19:00:00+00:00,7.156567688011658e-05
672,2023-01-27 20:00:00+00:00,6.530234738444359e-09
672,2023-01-27 21:00:00+00:00,0.00034381557017843515
672,2023-01-27 22:00:00+00:00,4.700371087956279e-05
672,2023-01-27 23:00:00+00:00,2.0259107367367085e-09
672,2023-01-28 00:00:00+00:00,2.697270864731558e-09
672,2023-01-28 01:00:00+00:00,6.359547551271946e-21
672,2023-01-28 02:00:00+00:00,7.80788974894312e-10
672,2023-01-28 03:00:00+00:00,0.0
672,2023-01-28 04:00:00+00:00,4.021547536414468e-05
672,2023-01-28 05:00:00+00:00,0.00078904079731653
672,2023-01-28 06:00:00+00:00,0.00044041762379785817
672,2023-01-28 07:00:00+00:00,0.000208022116857965
672,2023-01-28 08:00:00+00:00,0.0002649407152122479
672,2023-01-28 09:00:00+00:00,0.0015793114692957176
672,2023-01-28 10:00:00+00:00,0.0009305027206031842
672,2023-01-28 11:00:00+00:00,0.0049473969374064525
672,2023-01-28 12:00:00+00:00,0.0014202740253480648
672,2023-01-28 13:00:00+00:00,0.007408510314966782
672,2023-01-28 14:00:00+00:00,0.005702014664557309
672,2023-01-28 15:00:00+00:00,0.00923812904062762
672,2023-01-28 16:00:00+00:00,0.005943970955778925
672,2023-01-28 17:00:00+00:00,0.005711311030640554
672,2023-01-28 18:00:00+00:00,0.005022298515904728
672,2023-01-28 19:00:00+00:00,0.0014036564347110754
672,2023-01-28 20:00:00+00:00,0.0014347912547924928
672,2023-01-28 21:00:00+00:00,0.003861024422681879
672,2023-01-28 22:00:00+00:00,0.0167441833130512
672,2023-01-28 23:00:00+00:00,0.010836509379597131
672,2023-01-29 00:00:00+00:00,0.11364316474282687
672,2023-01-29 01:00:00+00:00,0.3963746997487303
672,2023-01-29 02:00:00+00:00,0.07540053565544691
672,2023-01-29 03:00:00+00:00,0.0022234777512702667
672,2023-01-29 04:00:00+00:00,0.010514761323252336
672,2023-01-29 05:00:00+00:00,0.002180403683142996
672,2023-01-29 06:00:00+00:00,0.02920011992569319
672,2023-01-29 07:00:00+00:00,0.03582103895570692
672,2023-01-29 08:00:00+00:00,0.014402016583334926
672,2023-01-29 09:00:00+00:00,0.015418164729621382
672,2023-01-29 10:00:00+00:00,0.01654084940613138
672,2023-01-29 11:00:00+00:00,0.3470020735793392
672,2023-01-29 12:00:00+00:00,0.0358514007521106
672,2023-01-29 13:00:00+00:00,0.0508017510685762
672,2023-01-29 14:00:00+00:00,0.008821109286216173
672,2023-01-29 15:00:00+00:00,0.010231050101553056
672,2023-01-29 16:00:00+00:00,0.014215961811293691
672,2023-01-29 17:00:00+00:00,0.010854595612873228
672,2023-01-29 18:00:00+00:00,0.004965266678412326
672,2023-01-29 19:00:00+00:00,0.0023853082730011205
672,2023-01-29 20:00:00+00:00,0.028397950797029666
672,2023-01-29 21:00:00+00:00,0.006436104489635588
672,2023-01-29 22:00:00+00:00,0.004419043322724086
672,2023-01-29 23:00:00+00:00,0.0037478282796236076
672,2023-01-30 00:00:00+00:00,0.001712454344217507
672,2023-01-30 01:00:00+00:00,0.0005096043686079267
672,2023-01-30 02:00:00+00:00,0.0006255489685021328
672,2023-01-30 03:00:00+00:00,0.0007331719249987574
672,2023-01-30 04:00:00+00:00,0.000429812974002558
672,2023-01-30 05:00:00+00:00,1.6699116203051663e-10
672,2023-01-30 06:00:00+00:00,8.024852978924476e-10
672,2023-01-30 07:00:00+00:00,0.00020417786189311636
672,2023-01-30 08:00:00+00:00,0.010712941425131819
672,2023-01-30 09:00:00+00:00,0.005782908020462867
672,2023-01-30 10:00:00+00:00,0.05934649178273689
672,2023-01-30 11:00:00+00:00,0.006998765670719363
672,2023-01-30 12:00:00+00:00,0.0030629200435902866
672,2023-01-30 13:00:00+00:00,0.0046161191658218225
672,2023-01-30 14:00:00+00:00,0.0020871898234632023
672,2023-01-30 15:00:00+00:00,0.0013388409162430844
672,2023-01-30 16:00:00+00:00,0.0006206640255298353
672,2023-01-30 17:00:00+00:00,0.0009266067938973401
672,2023-01-30 18:00:00+00:00,3.1026922116705905e-50
672,2023-01-30 19:00:00+00:00,0.0017633087597101998
672,2023-01-30 20:00:00+00:00,0.2844309586266613
672,2023-01-30 21:00:00+00:00,0.19944571934663066
672,2023-01-30 22:00:00+00:00,0.3919662656883687
672,2023-01-30 23:00:00+00:00,0.08401709858555054
672,2023-01-31 00:00:00+00:00,0.006004573904661077
672,2023-01-31 01:00:00+00:00,0.0006136249113998334
672,2023-01-31 02:00:00+00:00,0.001323135877141917
672,2023-01-31 03:00:00+00:00,0.0020435690000504144
672,2023-01-31 04:00:00+00:00,0.003942740302376783
672,2023-01-31 05:00:00+00:00,0.0011717830056844293
672,2023-01-31 06:00:00+00:00,0.010206587494697737
672,2023-01-31 07:00:00+00:00,0.00440922556667048
672,2023-01-31 08:00:00+00:00,0.00817967503813031
672,2023-01-31 09:00:00+00:00,0.016230923354834222
672,2023-01-31 10:00:00+00:00,0.012024255307331679
672,2023-01-31 11:00:00+00:00,0.008329939743457563
672,2023-01-31 12:00:00+00:00,0.0018818365288893134
672,2023-01-31 13:00:00+00:00,0.0013612347980348674
672,2023-01-31 14:00:00+00:00,0.00030842226387474284
672,2023-01-31 15:00:00+00:00,0.0010645075960604162
672,2023-01-31 16:00:00+00:00,0.0006891044605927989
672,2023-01-31 17:00:00+00:00,0.0016645110711462144
672,2023-01-31 18:00:00+00:00,0.00181411097637867
672,2023-01-31 19:00:00+00:00,0.002830793454403437
672,2023-01-31 20:00:00+00:00,0.002711321731682224
672,2023-01-31 21:00:00+00:00,0.004634288771425317
672,2023-01-31 22:00:00+00:00,0.0024404889715330335
672,2023-01-31 23:00:00+00:00,0.00020901765551406548
672,2023-02-01 00:00:00+00:00,0.0005990620358682422
672,2023-02-01 01:00:00+00:00,0.002434864940293005
672,2023-02-01 02:00:00+00:00,0.0005175099300565233
672,2023-02-01 03:00:00+00:00,0.0005342572373389327
672,2023-02-01 04:00:00+00:00,0.0011790644436573132
672,2023-02-01 05:00:00+00:00,0.0011717830056844293
672,2023-02-01 06:00:00+00:00,0.001493743689503486
672,2023-02-01 07:00:00+00:00,0.00023565854991697087
672,2023-02-01 08:00:00+00:00,0.0058370487864542785
672,2023-02-01 09:00:00+00:00,0.003859409316207664
672,2023-02-01 10:00:00+00:00,0.009380450936958015
672,2023-02-01 11:00:00+00:00,0.00218289271846435
672,2023-02-01 12:00:00+00:00,0.0007364984871798235
672,2023-02-01 13:00:00+00:00,0.001578089664481825
672,2023-02-01 14:00:00+00:00,0.01137687502851067
672,2023-02-01 15:00:00+00:00,0.00394738734219979
672,2023-02-01 16:00:00+00:00,0.010496591818230025
672,2023-02-01 17:00:00+00:00,0.009998808540381085
672,2023-02-01 18:00:00+00:00,0.008361152697800103
672,2023-02-01 19:00:00+00:00,0.04318106283292605
672,2023-02-01 20:00:00+00:00,0.010208428910637226
672,2023-02-01 21:00:00+00:00,0.003201726762687545
672,2023-02-01 22:00:00+00:00,0.004024522924249901
672,2023-02-01 23:00:00+00:00,0.008303754620080862
672,2023-02-02 00:00:00+00:00,0.001389425579190407
672,2023-02-02 01:00:00+00:00,0.0012351926351099368
672,2023-02-02 02:00:00+00:00,0.012207472771239052
672,2023-02-02 03:00:00+00:00,0.002700739460377837
672,2023-02-02 04:00:00+00:00,0.004107194550292772
672,2023-02-02 05:00:00+00:00,0.0008870084679015222
672,2023-02-02 06:00:00+00:00,0.015464498282159941
672,2023-02-02 07:00:00+00:00,0.002019603819519942
672,2023-02-02 08:00:00+00:00,0.011022068687814223
672,2023-02-02 09:00:00+00:00,0.015762927200453025
672,2023-02-02 10:00:00+00:00,0.016166713158347588
672,2023-02-02 11:00:00+00:00,0.00914810629358602
672,2023-02-02 12:00:00+00:00,0.0058688263655290755
672,2023-02-02 13:00:00+00:00,0.0057066506069293945
672,2023-02-02 14:00:00+00:00,0.0076401935852899415
672,2023-02-02 15:00:00+00:00,0.008767487399297313
672,2023-02-02 16:00:00+00:00,0.010145760046488672
672,2023-02-02 17:00:00+00:00,0.04701850073184619
672,2023-02-02 18:00:00+00:00,0.04218323675946115
672,2023-02-02 19:00:00+00:00,0.04151020862924751
672,2023-02-02 20:00:00+00:00,0.03090856685759894
672,2023-02-02 21:00:00+00:00,0.004296587956613942
672,2023-02-02 22:00:00+00:00,0.002027437455506646
672,2023-02-02 23:00:00+00:00,0.001781852684679576
672,2023-02-03 00:00:00+00:00,0.0015939672164924233
672,2023-02-03 01:00:00+00:00,0.0009068665514405417
672,2023-02-03 02:00:00+00:00,0.0037187154138102504
672,2023-02-03 03:00:00+00:00,0.000997332326676502
672,2023-02-03 04:00:00+00:00,0.001103822917507997
672,2023-02-03 05:00:00+00:00,0.0010407171216202846
672,2023-02-03 06:00:00+00:00,0.0015264258276185745
672,2023-02-03 07:00:00+00:00,0.0005726817731325493
672,2023-02-03 08:00:00+00:00,0.008016837908322576
672,2023-02-03 09:00:00+00:00,0.05651275458028749
672,2023-02-03 10:00:00+00:00,0.05228147088432883
672,2023-02-03 11:00:00+00:00,0.04515277951270079
672,2023-02-03 12:00:00+00:00,0.006925289915732747
672,2023-02-03 13:00:00+00:00,0.0060733680005301115
672,2023-02-03 14:00:00+00:00,0.00765607920770154
672,2023-02-03 15:00:00+00:00,0.006233559638142498
672,2023-02-03 16:00:00+00:00,0.006759249000671913
672,2023-02-03 17:00:00+00:00,0.01153518562779598
672,2023-02-03 18:00:00+00:00,0.004654919749991489
672,2023-02-03 19:00:00+00:00,0.004998633042720737
672,2023-02-03 20:00:00+00:00,0.027385900536404384
672,2023-02-03 21:00:00+00:00,0.020830006451065582
672,2023-02-03 22:00:00+00:00,0.0037724335932754777
672,2023-02-03 23:00:00+00:00,0.013219711345420744
672,2023-02-04 00:00:00+00:00,0.01103136379739017
672,2023-02-04 01:00:00+00:00,0.01598213245570764
672,2023-02-04 02:00:00+00:00,0.012098856394907686
672,2023-02-04 03:00:00+00:00,0.0032931814318742673
672,2023-02-04 04:00:00+00:00,0.0006059914953685284
672,2023-02-04 05:00:00+00:00,0.0007751392942355208
672,2023-02-04 06:00:00+00:00,0.0006361305986894592
672,2023-02-04 07:00:00+00:00,0.0008976009943211471
672,2023-02-04 08:00:00+00:00,0.0014073016544478803
672,2023-02-04 09:00:00+00:00,0.0026914802345647873
672,2023-02-04 10:00:00+00:00,0.024116206887434103
672,2023-02-04 11:00:00+00:00,0.35103210297843446
672,2023-02-04 12:00:00+00:00,0.4352022983352884
672,2023-02-04 13:00:00+00:00,0.43313642381210393
672,2023-02-04 14:00:00+00:00,0.007229787564864353
672,2023-02-04 15:00:00+00:00,0.03813825899935847
672,2023-02-04 16:00:00+00:00,0.0344344974252526
672,2023-02-04 17:00:00+00:00,0.007027333128448676
672,2023-02-04 18:00:00+00:00,0.007131257380043914
672,2023-02-04 19:00:00+00:00,0.004979720380243469
672,2023-02-04 20:00:00+00:00,0.0016461446155444535
672,2023-02-04 21:00:00+00:00,0.004235042467697446
672,2023-02-04 22:00:00+00:00,0.004427570431386942
672,2023-02-04 23:00:00+00:00,0.0037299585379734594
672,2023-02-05 00:00:00+00:00,0.0008554847580711269
672,2023-02-05 01:00:00+00:00,0.0005749904641376425
672,2023-02-05 02:00:00+00:00,7.349447891480793e-05
672,2023-02-05 03:00:00+00:00,1.1447185578135029e-20
672,2023-02-05 04:00:00+00:00,0.0014273925103404016
672,2023-02-05 05:00:00+00:00,0.0002654081324191772
672,2023-02-05 06:00:00+00:00,0.0002773292875315428
672,2023-02-05 07:00:00+00:00,0.0
672,2023-02-05 08:00:00+00:00,1.520172470034409e-09
672,2023-02-05 09:00:00+00:00,0.00038369344518364684
672,2023-02-05 10:00:00+00:00,0.08782576610408456
672,2023-02-05 11:00:00+00:00,0.12215259231263216
672,2023-02-05 12:00:00+00:00,0.00027086740249455303
672,2023-02-05 13:00:00+00:00,0.1633025054677156
672,2023-02-05 14:00:00+00:00,0.8005910935008249
672,2023-02-05 15:00:00+00:00,7.665927750678913e-09
672,2023-02-05 16:00:00+00:00,0.0011048190818115332
672,2023-02-05 17:00:00+00:00,0.00010783611770529274
672,2023-02-05 18:00:00+00:00,0.0010696452432807809
672,2023-02-05 19:00:00+00:00,0.562977508728518
672,2023-02-05 20:00:00+00:00,0.2845703439569234
672,2023-02-05 21:00:00+00:00,0.20014067560512852
672,2023-02-05 22:00:00+00:00,0.13155179452948318
672,2023-02-05 23:00:00+00:00,0.1575553690375538
672,2023-02-06 00:00:00+00:00,0.0001039471021201028
672,2023-02-06 01:00:00+00:00,0.03154848757537188
672,2023-02-06 02:00:00+00:00,0.04900077589828602
672,2023-02-06 03:00:00+00:00,0.030306468288862066
672,2023-02-06 04:00:00+00:00,0.04019355199611466
672,2023-02-06 05:00:00+00:00,0.04469179527124737
672,2023-02-06 06:00:00+00:00,0.21916815627607078
672,2023-02-06 07:00:00+00:00,0.11534518693483199
672,2023-02-06 08:00:00+00:00,0.3621912547658142
672,2023-02-06 09:00:00+00:00,0.47586911759808814
672,2023-02-06 10:00:00+00:00,0.5749454975634012
672,2023-02-06 11:00:00+00:00,0.5199333788599338
672,2023-02-06 12:00:00+00:00,0.4484132955777448
672,2023-02-06 13:00:00+00:00,0.4177241769740751
672,2023-02-06 14:00:00+00:00,0.4688295969068877
672,2023-02-06 15:00:00+00:00,0.4653854481188998
672,2023-02-06 16:00:00+00:00,0.5463122942761969
672,2023-02-06 17:00:00+00:00,1.8913681511214423e-09
672,2023-02-06 18:00:00+00:00,0.0010407771691386546
672,2023-02-06 19:00:00+00:00,0.4184074254723585
672,2023-02-06 20:00:00+00:00,0.39494454593527156
672,2023-02-06 21:00:00+00:00,0.16978079229727183
672,2023-02-06 22:00:00+00:00,0.20462618689051115
672,2023-02-06 23:00:00+00:00,1.4599609103160423e-05
672,2023-02-07 00:00:00+00:00,1.1933431583348425e-51
672,2023-02-07 01:00:00+00:00,0.043272148044526615
672,2023-02-07 02:00:00+00:00,0.03174175555525482
672,2023-02-07 03:00:00+00:00,0.004286474032423714
672,2023-02-07 04:00:00+00:00,0.07494922990840779
672,2023-02-07 05:00:00+00:00,0.05352924841749025
672,2023-02-07 06:00:00+00:00,0.13083730406834101
672,2023-02-07 07:00:00+00:00,0.14728122972621177
672,2023-02-07 08:00:00+00:00,0.3276197580897543
672,2023-02-07 09:00:00+00:00,0.6537006128465577
672,2023-02-07 10:00:00+00:00,0.5471560471218662
672,2023-02-07 11:00:00+00:00,0.003152047280187296
672,2023-02-07 12:00:00+00:00,7.122693250425616e-20
672,2023-02-07 13:00:00+00:00,6.743177280816591e-09
672,2023-02-07 14:00:00+00:00,0.0
672,2023-02-07 15:00:00+00:00,0.0
672,2023-02-07 16:00:00+00:00,0.48730239678962906
672,2023-02-07 17:00:00+00:00,0.00016566261354160496
672,2023-02-07 18:00:00+00:00,0.001394412082531158
672,2023-02-07 19:00:00+00:00,0.5719020449571084
672,2023-02-07 20:00:00+00:00,0.41145553791219863
672,2023-02-07 21:00:00+00:00,0.1750046737050839
672,2023-02-07 22:00:00+00:00,0.12435919914023288
672,2023-02-07 23:00:00+00:00,0.11090568442831623
672,2023-02-08 00:00:00+00:00,0.06007279946949598
672,2023-02-08 01:00:00+00:00,0.03573443024577898
672,2023-02-08 02:00:00+00:00,0.04372641691814203
672,2023-02-08 03:00:00+00:00,0.009695573080098678
672,2023-02-08 04:00:00+00:00,0.058807567187794146
672,2023-02-08 05:00:00+00:00,0.02380164202181573
672,2023-02-08 06:00:00+00:00,0.12675968837368876
672,2023-02-08 07:00:00+00:00,0.09985020327235701
672,2023-02-08 08:00:00+00:00,0.2719512798921798
672,2023-02-08 09:00:00+00:00,0.4828091545343304
672,2023-02-08 10:00:00+00:00,0.5413841921300568
672,2023-02-08 11:00:00+00:00,0.47256460940374234
672,2023-02-08 12:00:00+00:00,0.42909406844134157
672,2023-02-08 13:00:00+00:00,0.4250607450355761
672,2023-02-08 14:00:00+00:00,0.45781102462969503
672,2023-02-08 15:00:00+00:00,0.47970258188940423
672,2023-02-08 16:00:00+00:00,0.4656720827193362
672,2023-02-08 17:00:00+00:00,1.132532889396272
672,2023-02-08 18:00:00+00:00,0.4939806316089185
672,2023-02-08 19:00:00+00:00,0.32907797519794324
672,2023-02-08 20:00:00+00:00,0.30346509550133177
672,2023-02-08 21:00:00+00:00,0.24893021954292066
672,2023-02-08 22:00:00+00:00,0.20525098638584302
672,2023-02-08 23:00:00+00:00,0.1312332612697184
672,2023-02-09 00:00:00+00:00,0.05339798139291503
672,2023-02-09 01:00:00+00:00,0.044974316352995966
672,2023-02-09 02:00:00+00:00,0.1840985760017918
672,2023-02-09 03:00:00+00:00,0.04048329100579833
672,2023-02-09 04:00:00+00:00,0.0037261389954353513
672,2023-02-09 05:00:00+00:00,0.04624251279905818
672,2023-02-09 06:00:00+00:00,0.01859428492452303
672,2023-02-09 07:00:00+00:00,0.004329129747956326
672,2023-02-09 08:00:00+00:00,1.9760620264080137e-09
672,2023-02-09 09:00:00+00:00,0.0009510470096304376
672,2023-02-09 10:00:00+00:00,7.156362412851493e-05
672,2023-02-09 11:00:00+00:00,0.000516295490324732
672,2023-02-09 12:00:00+00:00,0.0030090391613305885
672,2023-02-09 13:00:00+00:00,0.0
672,2023-02-09 14:00:00+00:00,0.0
672,2023-02-09 15:00:00+00:00,1.5911242111131235e-50
672,2023-02-09 16:00:00+00:00,2.115221329502367e-09
672,2023-02-09 17:00:00+00:00,0.00048257656148006255
672,2023-02-09 18:00:00+00:00,0.0019147990956369582
672,2023-02-09 19:00:00+00:00,0.0003218365652191313
672,2023-02-09 20:00:00+00:00,0.000174642172357067
672,2023-02-09 21:00:00+00:00,9.74888197699801e-10
672,2023-02-09 22:00:00+00:00,0.17598290154202
672,2023-02-09 23:00:00+00:00,0.14017561959394706
672,2023-02-10 00:00:00+00:00,0.060089722985628355
672,2023-02-10 01:00:00+00:00,0.02712708208699268
672,2023-02-10 02:00:00+00:00,0.03255138203337939
672,2023-02-10 03:00:00+00:00,0.038455512313111444
672,2023-02-10 04:00:00+00:00,0.029639673835854564
672,2023-02-10 05:00:00+00:00,0.031126946596327275
672,2023-02-10 06:00:00+00:00,0.11858895067203057
672,2023-02-10 07:00:00+00:00,0.10438532521467478
672,2023-02-10 08:00:00+00:00,0.2772236862877354
672,2023-02-10 09:00:00+00:00,0.6060436929314951
672,2023-02-10 10:00:00+00:00,0.47698649922207226
672,2023-02-10 11:00:00+00:00,1.4302087954282168
672,2023-02-10 12:00:00+00:00,0.005241299949805703
672,2023-02-10 13:00:00+00:00,0.004417176818114764
672,2023-02-10 14:00:00+00:00,0.0038843112081923966
672,2023-02-10 15:00:00+00:00,0.003505396002966071
672,2023-02-10 16:00:00+00:00,0.003925647359891998
672,2023-02-10 17:00:00+00:00,0.030771775901640385
672,2023-02-10 18:00:00+00:00,0.46888712645523306
672,2023-02-10 19:00:00+00:00,0.0357127877020671
672,2023-02-10 20:00:00+00:00,0.034060557116335356
672,2023-02-10 21:00:00+00:00,0.024770408655114904
672,2023-02-10 22:00:00+00:00,0.021220232813852175
672,2023-02-10 23:00:00+00:00,0.003891363747384816
672,2023-02-11 00:00:00+00:00,0.0004749737466706801
672,2023-02-11 01:00:00+00:00,0.003203820055856641
672,2023-02-11 02:00:00+00:00,0.002325417883258798
672,2023-02-11 03:00:00+00:00,0.013811606888515956
672,2023-02-11 04:00:00+00:00,0.0009485710606835695
672,2023-02-11 05:00:00+00:00,0.0012054065659241838
672,2023-02-11 06:00:00+00:00,0.0009015713435711725
672,2023-02-11 07:00:00+00:00,0.004773297461633104
672,2023-02-11 08:00:00+00:00,0.00037497414970023797
672,2023-02-11 09:00:00+00:00,0.018659965083098765
672,2023-02-11 10:00:00+00:00,0.0035381111636279827
672,2023-02-11 11:00:00+00:00,0.0007418446676997386
672,2023-02-11 12:00:00+00:00,0.0008883705191332432
672,2023-02-11 13:00:00+00:00,0.04389556303249102
672,2023-02-11 14:00:00+00:00,0.0019923615777876122
672,2023-02-11 15:00:00+00:00,0.0002710139631448755
672,2023-02-11 16:00:00+00:00,0.0016050276692312312
672,2023-02-11 17:00:00+00:00,0.0013371256833262781
672,2023-02-11 18:00:00+00:00,1.7104585269466076e-50
672,2023-02-11 19:00:00+00:00,4.8332561357145203e-20
672,2023-02-11 20:00:00+00:00,0.6284924245363128
672,2023-02-11 21:00:00+00:00,0.40526922228522566
672,2023-02-11 22:00:00+00:00,0.23564376781330992
672,2023-02-11 23:00:00+00:00,0.27890599502951346
672,2023-02-12 00:00:00+00:00,0.29528421100705304
672,2023-02-12 01:00:00+00:00,0.22993008333398288
672,2023-02-12 02:00:00+00:00,0.12783385630554664
672,2023-02-12 03:00:00+00:00,0.12525462574686916
672,2023-02-12 04:00:00+00:00,0.052898471269920894
672,2023-02-12 05:00:00+00:00,0.0659566916821584
672,2023-02-12 06:00:00+00:00,0.07823838424092379
672,2023-02-12 07:00:00+00:00,0.09397352673445107
672,2023-02-12 08:00:00+00:00,0.11092464036086654
672,2023-02-12 09:00:00+00:00,0.12080128430587485
672,2023-02-12 10:00:00+00:00,0.17854988121578583
672,2023-02-12 11:00:00+00:00,0.2565214469044501
672,2023-02-12 12:00:00+00:00,0.3602414650980907
672,2023-02-12 13:00:00+00:00,0.4350116949744826
672,2023-02-12 14:00:00+00:00,0.40720720201038657
672,2023-02-12 15:00:00+00:00,0.3337865929583964
672,2023-02-12 16:00:00+00:00,0.3836624557239468
672,2023-02-12 17:00:00+00:00,0.2775541110772753
672,2023-02-12 18:00:00+00:00,0.2600183185164181
672,2023-02-12 19:00:00+00:00,0.24507155091766433
672,2023-02-12 20:00:00+00:00,0.21684277881001165
672,2023-02-12 21:00:00+00:00,0.13356920366435468
672,2023-02-12 22:00:00+00:00,0.09859233576713133
672,2023-02-12 23:00:00+00:00,0.07510009202215137
672,2023-02-13 00:00:00+00:00,0.07105467010910296
672,2023-02-13 01:00:00+00:00,0.06542850873767186
672,2023-02-13 02:00:00+00:00,0.04241026779447238
672,2023-02-13 03:00:00+00:00,0.044555664678493846
672,2023-02-13 04:00:00+00:00,0.045079398547289755
672,2023-02-13 05:00:00+00:00,0.03238770973594761
672,2023-02-13 06:00:00+00:00,0.1576507011408755
672,2023-02-13 07:00:00+00:00,0.13110836411563667
672,2023-02-13 08:00:00+00:00,0.29635701750416754
672,2023-02-13 09:00:00+00:00,0.319221153374408
672,2023-02-13 10:00:00+00:00,0.3568572839700595
672,2023-02-13 11:00:00+00:00,0.3197670026778701
672,2023-02-13 12:00:00+00:00,0.29482093441290314
672,2023-02-13 13:00:00+00:00,0.29821128075744735
672,2023-02-13 14:00:00+00:00,0.3904660225359042
672,2023-02-13 15:00:00+00:00,0.3739905276906649
672,2023-02-13 16:00:00+00:00,0.34101327620935235
672,2023-02-13 17:00:00+00:00,0.35478238347403673
672,2023-02-13 18:00:00+00:00,0.28618327412447686
672,2023-02-13 19:00:00+00:00,0.30288329602183695
672,2023-02-13 20:00:00+00:00,0.16702433806501985
672,2023-02-13 21:00:00+00:00,0.176944528089201
672,2023-02-13 22:00:00+00:00,0.14652766255964844
672,2023-02-13 23:00:00+00:00,0.09120198612869
672,2023-02-14 00:00:00+00:00,0.002009910832907836
672,2023-02-14 01:00:00+00:00,0.0018542142249280155
672,2023-02-14 02:00:00+00:00,0.06316625940885107
672,2023-02-14 03:00:00+00:00,0.04758572103482396
672,2023-02-14 04:00:00+00:00,0.04761895083966588
672,2023-02-14 05:00:00+00:00,0.046523243618962304
672,2023-02-14 06:00:00+00:00,0.2549023736518504
672,2023-02-14 07:00:00+00:00,0.14209064883085576
672,2023-02-14 08:00:00+00:00,0.2687289625615181
672,2023-02-14 09:00:00+00:00,0.39341108045000395
672,2023-02-14 10:00:00+00:00,0.3948434859511046
672,2023-02-14 11:00:00+00:00,0.3165902479762004
672,2023-02-14 12:00:00+00:00,0.30142068298767194
672,2023-02-14 13:00:00+00:00,0.319747550079446
672,2023-02-14 14:00:00+00:00,0.31546536750388615
672,2023-02-14 15:00:00+00:00,0.4638181508511887
672,2023-02-14 16:00:00+00:00,0.5469692590915051
672,2023-02-14 17:00:00+00:00,0.5402624266480386
672,2023-02-14 18:00:00+00:00,0.4440350961873788
672,2023-02-14 19:00:00+00:00,0.3798169304702509
672,2023-02-14 20:00:00+00:00,0.3958571081074247
672,2023-02-14 21:00:00+00:00,0.2490414760583083
672,2023-02-14 22:00:00+00:00,0.18217539760349272
672,2023-02-14 23:00:00+00:00,0.12499356226460477
672,2023-02-15 00:00:00+00:00,0.0648846882109886
672,2023-02-15 01:00:00+00:00,0.054389409665679914
672,2023-02-15 02:00:00+00:00,0.08635701218490431
672,2023-02-15 03:00:00+00:00,0.032416617922908154
672,2023-02-15 04:00:00+00:00,0.045036207991019546
672,2023-02-15 05:00:00+00:00,0.04340772392049166
672,2023-02-15 06:00:00+00:00,0.1519344991277973
672,2023-02-15 07:00:00+00:00,0.1635129350795742
672,2023-02-15 08:00:00+00:00,0.3592502835296238
672,2023-02-15 09:00:00+00:00,0.49771664268984855
672,2023-02-15 10:00:00+00:00,0.5467592393324913
672,2023-02-15 11:00:00+00:00,0.5063924679275402
672,2023-02-15 12:00:00+00:00,0.6096651560078151
672,2023-02-15 13:00:00+00:00,0.4835997602951358
672,2023-02-15 14:00:00+00:00,0.5649873029328929
672,2023-02-15 15:00:00+00:00,0.49454280918654886
672,2023-02-15 16:00:00+00:00,0.009179520190331683
672,2023-02-15 17:00:00+00:00,0.04107176836748736
672,2023-02-15 18:00:00+00:00,0.43214375074298594
672,2023-02-15 19:00:00+00:00,0.3836255485673433
672,2023-02-15 20:00:00+00:00,0.40463888951071375
672,2023-02-15 21:00:00+00:00,0.26988835043620224
672,2023-02-15 22:00:00+00:00,0.15980945770484198
672,2023-02-15 23:00:00+00:00,0.1446965762695188
672,2023-02-16 00:00:00+00:00,0.1131464643759965
672,2023-02-16 01:00:00+00:00,0.06509697056862479
672,2023-02-16 02:00:00+00:00,0.02255428650703571
672,2023-02-16 03:00:00+00:00,0.03180259382674014
672,2023-02-16 04:00:00+00:00,0.04032534338058919
672,2023-02-16 05:00:00+00:00,0.03786117921736597
672,2023-02-16 06:00:00+00:00,0.14219852110862558
672,2023-02-16 07:00:00+00:00,0.1871659059178687
672,2023-02-16 08:00:00+00:00,0.33318857535966445
672,2023-02-16 09:00:00+00:00,0.4510685313926087
672,2023-02-16 10:00:00+00:00,1.4302922445196886
672,2023-02-16 11:00:00+00:00,0.032151178816848584
672,2023-02-16 12:00:00+00:00,0.008165779866631763
672,2023-02-16 13:00:00+00:00,0.007611729204790537
672,2023-02-16 14:00:00+00:00,0.006983541419331739
672,2023-02-16 15:00:00+00:00,0.006044903622515765
672,2023-02-16 16:00:00+00:00,0.007627056536905559
672,2023-02-16 17:00:00+00:00,0.031497178434673714
672,2023-02-16 18:00:00+00:00,0.3527987682427881
672,2023-02-16 19:00:00+00:00,0.3713465337309848
672,2023-02-16 20:00:00+00:00,0.02659508867309918
672,2023-02-16 21:00:00+00:00,0.6202813432174032
672,2023-02-16 22:00:00+00:00,0.13793928690615562
672,2023-02-16 23:00:00+00:00,0.016771756536659625
672,2023-02-17 00:00:00+00:00,0.006294067662688596
672,2023-02-17 01:00:00+00:00,0.003879584560382541
672,2023-02-17 02:00:00+00:00,0.0023394949964340513
672,2023-02-17 03:00:00+00:00,0.002244125052575097
672,2023-02-17 04:00:00+00:00,0.0028163447157288214
672,2023-02-17 05:00:00+00:00,0.003498104784946725
672,2023-02-17 06:00:00+00:00,0.009952691864985588
672,2023-02-17 07:00:00+00:00,0.0014073016555523508
672,2023-02-17 08:00:00+00:00,0.003858494434618951
672,2023-02-17 09:00:00+00:00,0.006580416835406407
672,2023-02-17 10:00:00+00:00,0.008242562488151113
672,2023-02-17 11:00:00+00:00,0.006514883894662884
672,2023-02-17 12:00:00+00:00,0.0076243079616818326
672,2023-02-17 13:00:00+00:00,0.00655592702781978
672,2023-02-17 14:00:00+00:00,0.003802894756638553
672,2023-02-17 15:00:00+00:00,0.0004979951410401754
672,2023-02-17 16:00:00+00:00,0.0005278379341873928
672,2023-02-17 17:00:00+00:00,0.009866419911507815
672,2023-02-17 18:00:00+00:00,0.00985185703537797
672,2023-02-17 19:00:00+00:00,0.005564880913859055
672,2023-02-17 20:00:00+00:00,0.0056219188455670374
672,2023-02-17 21:00:00+00:00,0.02388000636537907
672,2023-02-17 22:00:00+00:00,0.02216511496166121
672,2023-02-17 23:00:00+00:00,0.015120091578365738
672,2023-02-18 00:00:00+00:00,0.001739735170698704
672,2023-02-18 01:00:00+00:00,0.007755966971351273
672,2023-02-18 02:00:00+00:00,0.0043324366131084705
672,2023-02-18 03:00:00+00:00,0.008460244903519426
672,2023-02-18 04:00:00+00:00,0.0009748266394635754
672,2023-02-18 05:00:00+00:00,0.0012040806524399325
672,2023-02-18 06:00:00+00:00,0.0014551789793349412
672,2023-02-18 07:00:00+00:00,0.003732051831510712
672,2023-02-18 08:00:00+00:00,0.0043800998149630226
672,2023-02-18 09:00:00+00:00,0.0051519322412852215
672,2023-02-18 10:00:00+00:00,0.00859736249800141
672,2023-02-18 11:00:00+00:00,0.009296380545423123
672,2023-02-18 12:00:00+00:00,0.00871386550455512
672,2023-02-18 13:00:00+00:00,0.00594097936953994
672,2023-02-18 14:00:00+00:00,0.007330404948914425
672,2023-02-18 15:00:00+00:00,0.007127847431403194
672,2023-02-18 16:00:00+00:00,0.006397161219977721
672,2023-02-18 17:00:00+00:00,0.007039911884143462
672,2023-02-18 18:00:00+00:00,0.006630167236030397
672,2023-02-18 19:00:00+00:00,0.006438271927244717
672,2023-02-18 20:00:00+00:00,0.006112216125005163
672,2023-02-18 21:00:00+00:00,0.021728024073276474
672,2023-02-18 22:00:00+00:00,0.015374977056094141
672,2023-02-18 23:00:00+00:00,0.003933838802410717
672,2023-02-19 00:00:00+00:00,0.0004939888088467316
672,2023-02-19 01:00:00+00:00,0.0003778757439580782
672,2023-02-19 02:00:00+00:00,0.0017704368306654566
672,2023-02-19 03:00:00+00:00,0.004244397983924832
672,2023-02-19 04:00:00+00:00,0.00020059952902987604
672,2023-02-19 05:00:00+00:00,0.003399293963468764
672,2023-02-19 06:00:00+00:00,0.0008572213427770714
672,2023-02-19 07:00:00+00:00,0.0036956446416462926
672,2023-02-19 08:00:00+00:00,0.013385444216470074
672,2023-02-19 09:00:00+00:00,0.003739333269483596
672,2023-02-19 10:00:00+00:00,0.003033707819014211
672,2023-02-19 11:00:00+00:00,0.0006877010882063211
672,2023-02-19 12:00:00+00:00,0.040072584044495124
672,2023-02-19 13:00:00+00:00,0.010409772852483838
672,2023-02-19 14:00:00+00:00,0.058225242067394455
672,2023-02-19 15:00:00+00:00,0.051262676924726656
672,2023-02-19 16:00:00+00:00,0.037026402521202435
672,2023-02-19 17:00:00+00:00,0.00796134131162181
672,2023-02-19 18:00:00+00:00,0.007012108879822228
672,2023-02-19 19:00:00+00:00,0.008636973712234557
672,2023-02-19 20:00:00+00:00,0.003521448661918225
672,2023-02-19 21:00:00+00:00,0.001738164057302469
672,2023-02-19 22:00:00+00:00,0.0017401481764489795
672,2023-02-19 23:00:00+00:00,0.001575818207559075
672,2023-02-20 00:00:00+00:00,0.001085923155101151
672,2023-02-20 01:00:00+00:00,0.0010116429491914246
672,2023-02-20 02:00:00+00:00,0.00040465849713004716
672,2023-02-20 03:00:00+00:00,0.0011717830056844293
672,2023-02-20 04:00:00+00:00,0.004642119890675779
672,2023-02-20 05:00:00+00:00,0.004642119890675779
672,2023-02-20 06:00:00+00:00,0.009952550458126123
672,2023-02-20 07:00:00+00:00,0.009863488928191446
672,2023-02-20 08:00:00+00:00,0.0062739350668521736
672,2023-02-20 09:00:00+00:00,0.054509304173058194
672,2023-02-20 10:00:00+00:00,0.007937403465142318
672,2023-02-20 11:00:00+00:00,0.003444113843673604
672,2023-02-20 12:00:00+00:00,0.004660769029004603
672,2023-02-20 13:00:00+00:00,0.005476951458605962
672,2023-02-20 14:00:00+00:00,0.004967250799583699
672,2023-02-20 15:00:00+00:00,0.00598929761359718
672,2023-02-20 16:00:00+00:00,0.005301638655395506
672,2023-02-20 17:00:00+00:00,0.007717740658284546
672,2023-02-20 18:00:00+00:00,0.006571915733259757
672,2023-02-20 19:00:00+00:00,0.006767634597949828
672,2023-02-20 20:00:00+00:00,0.005697926697640762
672,2023-02-20 21:00:00+00:00,0.004344242713674067
672,2023-02-20 22:00:00+00:00,0.002841623101784138
672,2023-02-20 23:00:00+00:00,0.008129265239424538
672,2023-02-21 00:00:00+00:00,0.0010407171216202846
672,2023-02-21 01:00:00+00:00,0.003733996318906081
672,2023-02-21 02:00:00+00:00,0.003969887852865437
672,2023-02-21 03:00:00+00:00,0.004642119890675779
672,2023-02-21 04:00:00+00:00,0.04033980410651199
672,2023-02-21 05:00:00+00:00,0.0010844057494575877
672,2023-02-21 06:00:00+00:00,0.019224902292990047
672,2023-02-21 07:00:00+00:00,0.00979345514629554
672,2023-02-21 08:00:00+00:00,0.006859756972504164
672,2023-02-21 09:00:00+00:00,0.046615107927088145
672,2023-02-21 10:00:00+00:00,0.0377672829459583
672,2023-02-21 11:00:00+00:00,1.1357257138036783
672,2023-02-21 12:00:00+00:00,0.31452713035520824
672,2023-02-21 13:00:00+00:00,0.18379572674401762
672,2023-02-21 14:00:00+00:00,0.278400886159908
672,2023-02-21 15:00:00+00:00,0.38763346669019383
672,2023-02-21 16:00:00+00:00,0.3952179597920025
672,2023-02-21 17:00:00+00:00,5.709328051641208e-51
672,2023-02-21 18:00:00+00:00,0.0007768988072849003
672,2023-02-21 19:00:00+00:00,0.029972771731872957
672,2023-02-21 20:00:00+00:00,0.254871761495416
672,2023-02-21 21:00:00+00:00,0.1786796275780018
672,2023-02-21 22:00:00+00:00,0.13825984240460573
672,2023-02-21 23:00:00+00:00,0.1354686411898464
672,2023-02-22 00:00:00+00:00,0.05731305932069868
672,2023-02-22 01:00:00+00:00,0.03247550426144158
672,2023-02-22 02:00:00+00:00,0.13107197255859418
672,2023-02-22 03:00:00+00:00,0.19146092672136278
672,2023-02-22 04:00:00+00:00,0.03236524845529411
672,2023-02-22 05:00:00+00:00,0.04952930753636731
672,2023-02-22 06:00:00+00:00,0.253731535102177
672,2023-02-22 07:00:00+00:00,0.15670828668854989
672,2023-02-22 08:00:00+00:00,1.0886446953899394
672,2023-02-22 09:00:00+00:00,0.01083408037921181
672,2023-02-22 10:00:00+00:00,0.0008129022939520259
672,2023-02-22 11:00:00+00:00,0.0006296035886672692
672,2023-02-22 12:00:00+00:00,0.00021855266213036242
672,2023-02-22 13:00:00+00:00,0.0002622592234734916
672,2023-02-22 14:00:00+00:00,0.0004720537176594255
672,2023-02-22 15:00:00+00:00,0.000910700486180972
672,2023-02-22 16:00:00+00:00,2.3564307901543415e-09
672,2023-02-22 17:00:00+00:00,0.01903051688285329
672,2023-02-22 18:00:00+00:00,0.00040231932565557086
672,2023-02-22 19:00:00+00:00,2.0306949488616403e-09
672,2023-02-22 20:00:00+00:00,0.0
672,2023-02-22 21:00:00+00:00,5.184556891523601e-09
672,2023-02-22 22:00:00+00:00,2.842190069941772e-09
672,2023-02-22 23:00:00+00:00,4.699276287102068e-05
672,2023-02-23 00:00:00+00:00,3.754522480700526e-05
672,2023-02-23 01:00:00+00:00,3.738022079313336e-05
672,2023-02-23 02:00:00+00:00,6.708906191461e-05
672,2023-02-23 03:00:00+00:00,7.731689473509037e-05
672,2023-02-23 04:00:00+00:00,8.764785506424064e-05
672,2023-02-23 05:00:00+00:00,3.7297718786197404e-05
672,2023-02-23 06:00:00+00:00,0.0001337630356068235
672,2023-02-23 07:00:00+00:00,0.00013513978784756718
672,2023-02-23 08:00:00+00:00,0.00043046311723751734
672,2023-02-23 09:00:00+00:00,0.0008697327657611199
672,2023-02-23 10:00:00+00:00,0.002687101052891087
672,2023-02-23 11:00:00+00:00,0.0003188058697582815
672,2023-02-23 12:00:00+00:00,0.016411953536546266
672,2023-02-23 13:00:00+00:00,0.013019535175049758
672,2023-02-23 14:00:00+00:00,0.01368322018342518
672,2023-02-23 15:00:00+00:00,0.01331382662206547
672,2023-02-23 16:00:00+00:00,0.003399768984869708
672,2023-02-23 17:00:00+00:00,0.0034704928706729738
672,2023-02-23 18:00:00+00:00,0.0035695063107975453
672,2023-02-23 19:00:00+00:00,0.00039187537394281305
672,2023-02-23 20:00:00+00:00,0.00011365944101959589
672,2023-02-23 21:00:00+00:00,0.00011175673848463551
672,2023-02-23 22:00:00+00:00,0.00011095234391700997
672,2023-02-23 23:00:00+00:00,4.697018260340258e-05
672,2023-02-24 00:00:00+00:00,6.743177346146619e-10
672,2023-02-24 01:00:00+00:00,0.0
672,2023-02-24 02:00:00+00:00,0.207526623171807
672,2023-02-24 03:00:00+00:00,0.00019530123701337046
672,2023-02-24 04:00:00+00:00,0.0011717830056844293
672,2023-02-24 05:00:00+00:00,0.0011717830056844293
672,2023-02-24 06:00:00+00:00,0.0016007034142437755
672,2023-02-24 07:00:00+00:00,0.00024991984654900947
672,2023-02-24 08:00:00+00:00,0.0006117316586013617
672,2023-02-24 09:00:00+00:00,0.0015642765965675019
672,2023-02-24 10:00:00+00:00,0.0018404881455838682
672,2023-02-24 11:00:00+00:00,0.001778375401451256
672,2023-02-24 12:00:00+00:00,0.00022730425921812207
672,2023-02-24 13:00:00+00:00,6.139840347541442e-09
672,2023-02-24 14:00:00+00:00,4.712887170638534e-05
672,2023-02-24 15:00:00+00:00,0.0
672,2023-02-24 16:00:00+00:00,0.0
672,2023-02-24 17:00:00+00:00,0.00011041337687385562
672,2023-02-24 18:00:00+00:00,0.0029410641465746116
672,2023-02-24 19:00:00+00:00,0.00019434648610940953
672,2023-02-24 20:00:00+00:00,4.098055409076562e-05
672,2023-02-24 21:00:00+00:00,0.0022568076076390094
672,2023-02-24 22:00:00+00:00,0.009630463767354658
672,2023-02-24 23:00:00+00:00,0.001285736213090461
672,2023-02-25 00:00:00+00:00,0.0009129658226247354
672,2023-02-25 01:00:00+00:00,0.00045884037417232384
672,2023-02-25 02:00:00+00:00,0.0003633992734225194
672,2023-02-25 03:00:00+00:00,3.359970417444342e-05
672,2023-02-25 04:00:00+00:00,2.0419177712824707e-05
672,2023-02-25 05:00:00+00:00,2.0826035844557665e-05
672,2023-02-25 06:00:00+00:00,4.0813969952253445e-10
672,2023-02-25 07:00:00+00:00,1.7922655811027635e-09
672,2023-02-25 08:00:00+00:00,0.00013490775095305983
672,2023-02-25 09:00:00+00:00,5.485494004156631e-05
672,2023-02-25 10:00:00+00:00,0.00030404240062804775
672,2023-02-25 11:00:00+00:00,0.00028006855817024973
672,2023-02-25 12:00:00+00:00,0.0036376507454000313
672,2023-02-25 13:00:00+00:00,0.0033926101438266506
672,2023-02-25 14:00:00+00:00,0.004008467878138598
672,2023-02-25 15:00:00+00:00,0.0006050446363692105
672,2023-02-25 16:00:00+00:00,0.003991134638538928
672,2023-02-25 17:00:00+00:00,0.022131742844675936
672,2023-02-25 18:00:00+00:00,0.014360892879426698
672,2023-02-25 19:00:00+00:00,0.13793237806476766
672,2023-02-25 20:00:00+00:00,0.1296416886857642
672,2023-02-25 21:00:00+00:00,0.0009558811629037676
672,2023-02-25 22:00:00+00:00,0.0057250829333281945
672,2023-02-25 23:00:00+00:00,0.001332885470292638
672,2023-02-26 00:00:00+00:00,0.00012844703411332348
672,2023-02-26 01:00:00+00:00,0.0008390873583515303
672,2023-02-26 02:00:00+00:00,0.0007502670013078413
672,2023-02-26 03:00:00+00:00,0.0005847954039415376
672,2023-02-26 04:00:00+00:00,0.0002287778650841351
672,2023-02-26 05:00:00+00:00,8.438518319447078e-05
672,2023-02-26 06:00:00+00:00,0.0010772927591305216
672,2023-02-26 07:00:00+00:00,0.000700098701513105
672,2023-02-26 08:00:00+00:00,0.006222684818389788
672,2023-02-26 09:00:00+00:00,0.0041200776568334025
672,2023-02-26 10:00:00+00:00,0.0001277332414917528
672,2023-02-26 11:00:00+00:00,0.0005591163146509136
672,2023-02-26 12:00:00+00:00,0.00042339549903687353
672,2023-02-26 13:00:00+00:00,0.18240092200554706
672,2023-02-26 14:00:00+00:00,0.647293948109819
672,2023-02-26 15:00:00+00:00,0.6416068487190698
672,2023-02-26 16:00:00+00:00,0.8109193820941419
672,2023-02-26 17:00:00+00:00,0.6317249158176989
672,2023-02-26 18:00:00+00:00,0.11429839875214706
672,2023-02-26 19:00:00+00:00,0.011550843875132633
672,2023-02-26 20:00:00+00:00,0.34637891796394615
672,2023-02-26 21:00:00+00:00,0.28224123949789187
672,2023-02-26 22:00:00+00:00,0.22313825055224906
672,2023-02-26 23:00:00+00:00,0.031193734737508614
672,2023-02-27 00:00:00+00:00,0.0003569533491325092
672,2023-02-27 01:00:00+00:00,5.6013711634049954e-05
672,2023-02-27 02:00:00+00:00,5.3231538120145726e-05
672,2023-02-27 03:00:00+00:00,0.00010834358678704776
672,2023-02-27 04:00:00+00:00,0.0003898323009319339
672,2023-02-27 05:00:00+00:00,0.00010834358678704776
672,2023-02-27 06:00:00+00:00,0.0058928520250571504
672,2023-02-27 07:00:00+00:00,0.005338467093929237
672,2023-02-27 08:00:00+00:00,0.013529745371182959
672,2023-02-27 09:00:00+00:00,0.023970262480734684
672,2023-02-27 10:00:00+00:00,0.002688661400141365
672,2023-02-27 11:00:00+00:00,0.02016629298706328
672,2023-02-27 12:00:00+00:00,0.019897202565786493
672,2023-02-27 13:00:00+00:00,0.01646178265455875
672,2023-02-27 14:00:00+00:00,0.0024321388611561446
672,2023-02-27 15:00:00+00:00,0.0030656860379119676
672,2023-02-27 16:00:00+00:00,0.020395537990690743
672,2023-02-27 17:00:00+00:00,0.0034522421790310533
672,2023-02-27 18:00:00+00:00,0.0034044839105899258
672,2023-02-27 19:00:00+00:00,0.0003727142757099565
672,2023-02-27 20:00:00+00:00,0.0016676451964280953
672,2023-02-27 21:00:00+00:00,0.05581987075738468
672,2023-02-27 22:00:00+00:00,0.05298985588460814
672,2023-02-27 23:00:00+00:00,0.03091573987695117
672,2023-02-28 00:00:00+00:00,3.73131879124979e-05
672,2023-02-28 01:00:00+00:00,0.0003669312331480193
672,2023-02-28 02:00:00+00:00,0.0017865652600087614
672,2023-02-28 03:00:00+00:00,0.0003672006574748889
672,2023-02-28 04:00:00+00:00,0.00020270792199967279
672,2023-02-28 05:00:00+00:00,0.00020270792199967279
672,2023-02-28 06:00:00+00:00,6.716484257284351e-05
672,2023-02-28 07:00:00+00:00,6.158980519772713e-06
672,2023-02-28 08:00:00+00:00,0.00013179481193068145
672,2023-02-28 09:00:00+00:00,0.00026997019316912454
672,2023-02-28 10:00:00+00:00,0.0006825865920505043
672,2023-02-28 11:00:00+00:00,0.0003151038058898351
672,2023-02-28 12:00:00+00:00,0.0017379422877853014
672,2023-02-28 13:00:00+00:00,0.0018212167195295586
672,2023-02-28 14:00:00+00:00,0.0003938348945237909
672,2023-02-28 15:00:00+00:00,0.0006259109814348931
672,2023-02-28 16:00:00+00:00,0.00023159107388688948
672,2023-02-28 17:00:00+00:00,0.0004942561948062025
672,2023-02-28 18:00:00+00:00,0.000997784489587056
672,2023-02-28 19:00:00+00:00,0.0004514790305965274
672,2023-02-28 20:00:00+00:00,0.00036426680012179914
672,2023-02-28 21:00:00+00:00,0.00030354134302065333
672,2023-02-28 22:00:00+00:00,0.00021381618163014053
672,2023-02-28 23:00:00+00:00,0.0041967139835347245
672,2023-03-01 00:00:00+00:00,0.0030870365805967808
672,2023-03-01 01:00:00+00:00,0.11266923635163552
672,2023-03-01 02:00:00+00:00,0.02500991776723452
672,2023-03-01 03:00:00+00:00,0.01564105447859681
672,2023-03-01 04:00:00+00:00,0.01564105447859681
672,2023-03-01 05:00:00+00:00,3.7220373154694955e-05
672,2023-03-01 06:00:00+00:00,0.0004008127870474285
672,2023-03-01 07:00:00+00:00,0.0013426517589273086
672,2023-03-01 08:00:00+00:00,0.01667037427297379
672,2023-03-01 09:00:00+00:00,0.02149691415469361
672,2023-03-01 10:00:00+00:00,0.01642523541868278
672,2023-03-01 11:00:00+00:00,0.001673527558921813
672,2023-03-01 12:00:00+00:00,0.011538395829755693
672,2023-03-01 13:00:00+00:00,0.0008769422999907032
672,2023-03-01 14:00:00+00:00,0.0014457185450398513
672,2023-03-01 15:00:00+00:00,0.0021307737018747813
672,2023-03-01 16:00:00+00:00,0.00927898704022966
672,2023-03-01 17:00:00+00:00,0.00373910810084785
672,2023-03-01 18:00:00+00:00,0.0020626292672719895
672,2023-03-01 19:00:00+00:00,0.0003954076053865657
672,2023-03-01 20:00:00+00:00,0.0015408073777505155
672,2023-03-01 21:00:00+00:00,0.0003177439119271713
672,2023-03-01 22:00:00+00:00,0.0010829944071210995
672,2023-03-01 23:00:00+00:00,0.0010169854470380517
672,2023-03-02 00:00:00+00:00,0.0003898323009319339
672,2023-03-02 01:00:00+00:00,0.00022560898978358736
672,2023-03-02 02:00:00+00:00,0.00028307488485930407
672,2023-03-02 03:00:00+00:00,0.0008704637232040095
672,2023-03-02 04:00:00+00:00,0.0006478784561358972
672,2023-03-02 05:00:00+00:00,0.002067188857717243
672,2023-03-02 06:00:00+00:00,0.30104284591937597
672,2023-03-02 07:00:00+00:00,0.20339786930396972
672,2023-03-02 08:00:00+00:00,0.6526122999773594
672,2023-03-02 09:00:00+00:00,0.1727678466931155
672,2023-03-02 10:00:00+00:00,0.0019124284234023326
672,2023-03-02 11:00:00+00:00,0.012847456066502993
672,2023-03-02 12:00:00+00:00,0.00010313116630500869
672,2023-03-02 13:00:00+00:00,0.0020726342459815848
672,2023-03-02 14:00:00+00:00,0.000384691853701457
672,2023-03-02 15:00:00+00:00,0.00030376195051618984
672,2023-03-02 16:00:00+00:00,0.0003043396838662132
672,2023-03-02 17:00:00+00:00,0.0002929809953662603
672,2023-03-02 18:00:00+00:00,0.00027961474812628984
672,2023-03-02 19:00:00+00:00,0.00011229686881129431
672,2023-03-02 20:00:00+00:00,0.011978379643485129
672,2023-03-02 21:00:00+00:00,0.08803484964663996
672,2023-03-02 22:00:00+00:00,0.05350866819876625
672,2023-03-02 23:00:00+00:00,0.028085725004174635
672,2023-03-03 00:00:00+00:00,0.020169078275039266
672,2023-03-03 01:00:00+00:00,0.010167870394197226
672,2023-03-03 02:00:00+00:00,0.01040896446653654
672,2023-03-03 03:00:00+00:00,0.0018168110308192417
672,2023-03-03 04:00:00+00:00,0.0022101902594693396
672,2023-03-03 05:00:00+00:00,0.0019506405250197078
672,2023-03-03 06:00:00+00:00,0.013019013456228528
672,2023-03-03 07:00:00+00:00,0.04653924843430036
672,2023-03-03 08:00:00+00:00,0.014515082393294623
672,2023-03-03 09:00:00+00:00,0.19565948848541653
672,2023-03-03 10:00:00+00:00,0.8685322595628049
672,2023-03-03 11:00:00+00:00,0.014146068054807247
672,2023-03-03 12:00:00+00:00,0.01592211849281283
672,2023-03-03 13:00:00+00:00,0.01436486456043506
672,2023-03-03 14:00:00+00:00,0.0002870183954833747
672,2023-03-03 15:00:00+00:00,0.00028447740935707763
672,2023-03-03 16:00:00+00:00,0.0008556803479257091
672,2023-03-03 17:00:00+00:00,0.0002808348110085481
672,2023-03-03 18:00:00+00:00,0.00028055636673513933
672,2023-03-03 19:00:00+00:00,0.0003815095339152021
672,2023-03-03 20:00:00+00:00,0.00011280734997921051
672,2023-03-03 21:00:00+00:00,5.181599318366428e-09
672,2023-03-03 22:00:00+00:00,4.703102388004024e-05
672,2023-03-03 23:00:00+00:00,0.00033316833424098375
672,2023-03-04 00:00:00+00:00,0.0005896272783261211
672,2023-03-04 01:00:00+00:00,0.0024842393225182413
672,2023-03-04 02:00:00+00:00,0.004209995824078471
672,2023-03-04 03:00:00+00:00,0.019202879988650393
672,2023-03-04 04:00:00+00:00,0.02400338627315463
672,2023-03-04 05:00:00+00:00,0.00046823634164337605
672,2023-03-04 06:00:00+00:00,0.0157967705674194
672,2023-03-04 07:00:00+00:00,0.042021237891298316
672,2023-03-04 08:00:00+00:00,0.06352935092439999
672,2023-03-04 09:00:00+00:00,0.001022240113768804
672,2023-03-04 10:00:00+00:00,0.0017395704029742442
672,2023-03-04 11:00:00+00:00,0.00018625988404158723
672,2023-03-04 12:00:00+00:00,0.002269100778980756
672,2023-03-04 13:00:00+00:00,0.0019690414160146337
672,2023-03-04 14:00:00+00:00,0.00021990400129281963
672,2023-03-04 15:00:00+00:00,0.013924108035826674
672,2023-03-04 16:00:00+00:00,6.565227623866175e-05
672,2023-03-04 17:00:00+00:00,0.0001185296442078364
672,2023-03-04 18:00:00+00:00,0.003240070521621256
672,2023-03-04 19:00:00+00:00,0.1485971679240578
672,2023-03-04 20:00:00+00:00,0.0003808551248225499
672,2023-03-04 21:00:00+00:00,0.00011139965948586584
672,2023-03-04 22:00:00+00:00,0.00011118309171765896
672,2023-03-04 23:00:00+00:00,0.00011123078819041882
672,2023-03-05 00:00:00+00:00,3.8071175101221956e-05
672,2023-03-05 01:00:00+00:00,0.00012969874531696494
672,2023-03-05 02:00:00+00:00,4.324492327614535e-20
672,2023-03-05 03:00:00+00:00,4.706065180015445e-20
672,2023-03-05 04:00:00+00:00,6.03336987086693e-10
672,2023-03-05 05:00:00+00:00,8.635999027488932e-10
672,2023-03-05 06:00:00+00:00,0.0
672,2023-03-05 07:00:00+00:00,3.7573010344714175e-10
672,2023-03-05 08:00:00+00:00,0.0
672,2023-03-05 09:00:00+00:00,0.0021692008186512284
672,2023-03-05 10:00:00+00:00,0.004276843265698104
672,2023-03-05 11:00:00+00:00,0.03270868199882831
672,2023-03-05 12:00:00+00:00,0.003187145531855512
672,2023-03-05 13:00:00+00:00,0.013650000097100427
672,2023-03-05 14:00:00+00:00,0.009791518329235931
672,2023-03-05 15:00:00+00:00,0.00851330476972348
672,2023-03-05 16:00:00+00:00,0.0019507164353028334
672,2023-03-05 17:00:00+00:00,0.0018781718167819703
672,2023-03-05 18:00:00+00:00,0.001087761600332721
672,2023-03-05 19:00:00+00:00,0.0010635107561509738
672,2023-03-05 20:00:00+00:00,0.0008847674162203421
672,2023-03-05 21:00:00+00:00,0.0023343043301851493
672,2023-03-05 22:00:00+00:00,0.0008810250898564016
672,2023-03-05 23:00:00+00:00,0.002955480616694736
672,2023-03-06 00:00:00+00:00,0.0069930074204796406
672,2023-03-06 01:00:00+00:00,0.04214438878048112
672,2023-03-06 02:00:00+00:00,0.20738499370246766
672,2023-03-06 03:00:00+00:00,0.006845659632422634
672,2023-03-06 04:00:00+00:00,0.04033980410651199
672,2023-03-06 05:00:00+00:00,0.004642119890675779
672,2023-03-06 06:00:00+00:00,0.005880076040506432
672,2023-03-06 07:00:00+00:00,0.017638706482653952
672,2023-03-06 08:00:00+00:00,0.00876086733161209
672,2023-03-06 09:00:00+00:00,0.01714308722344443
672,2023-03-06 10:00:00+00:00,0.016113765304421115
672,2023-03-06 11:00:00+00:00,0.011826340065983936
672,2023-03-06 12:00:00+00:00,0.006443398590221161
672,2023-03-06 13:00:00+00:00,0.007323117179267039
672,2023-03-06 14:00:00+00:00,0.006574458145095863
672,2023-03-06 15:00:00+00:00,0.009000493412956969
672,2023-03-06 16:00:00+00:00,0.0445926495790377
672,2023-03-06 17:00:00+00:00,0.05131842951058025
672,2023-03-06 18:00:00+00:00,0.05415790277327232
672,2023-03-06 19:00:00+00:00,0.05469841788189225
672,2023-03-06 20:00:00+00:00,0.006109768859640421
672,2023-03-06 21:00:00+00:00,0.005632391643087019
672,2023-03-06 22:00:00+00:00,0.021506569479041025
672,2023-03-06 23:00:00+00:00,0.014348385166418514
672,2023-03-07 00:00:00+00:00,0.0060144520206123885
672,2023-03-07 01:00:00+00:00,0.0033550767890119593
672,2023-03-07 02:00:00+00:00,5.222159804285864e-10
672,2023-03-07 03:00:00+00:00,0.01614446127536365
672,2023-03-07 04:00:00+00:00,0.1171394319299635
672,2023-03-07 05:00:00+00:00,0.0458348214323864
672,2023-03-07 06:00:00+00:00,0.31646472475165877
672,2023-03-07 07:00:00+00:00,0.22213171004885093
672,2023-03-07 08:00:00+00:00,0.028856494525905784
672,2023-03-07 09:00:00+00:00,0.0005420001429936185
672,2023-03-07 10:00:00+00:00,0.001193050164631068
672,2023-03-07 11:00:00+00:00,0.0
672,2023-03-07 12:00:00+00:00,0.0
672,2023-03-07 13:00:00+00:00,0.0
672,2023-03-07 14:00:00+00:00,0.0
672,2023-03-07 15:00:00+00:00,0.0
672,2023-03-07 16:00:00+00:00,0.0
672,2023-03-07 17:00:00+00:00,0.001244792050472343
672,2023-03-07 18:00:00+00:00,2.4480053323395027e-09
672,2023-03-07 19:00:00+00:00,2.8762493629166934e-05
672,2023-03-07 20:00:00+00:00,0.6178102942240158
672,2023-03-07 21:00:00+00:00,0.34528261788751413
672,2023-03-07 22:00:00+00:00,0.22556851416612353
672,2023-03-07 23:00:00+00:00,0.19862839531830323
672,2023-03-08 00:00:00+00:00,0.08594139769504777
672,2023-03-08 01:00:00+00:00,0.05496321486246459
672,2023-03-08 02:00:00+00:00,0.061300261045586384
672,2023-03-08 03:00:00+00:00,0.058096048109404407
672,2023-03-08 04:00:00+00:00,0.07494922998587121
672,2023-03-08 05:00:00+00:00,0.07171639658220923
672,2023-03-08 06:00:00+00:00,0.5765619757260005
672,2023-03-08 07:00:00+00:00,0.3440852621993902
672,2023-03-08 08:00:00+00:00,0.46516305922482026
672,2023-03-08 09:00:00+00:00,0.260987271533679
672,2023-03-08 10:00:00+00:00,0.3810031468295981
672,2023-03-08 11:00:00+00:00,0.30441016856585373
672,2023-03-08 12:00:00+00:00,0.2546172592029348
672,2023-03-08 13:00:00+00:00,0.29194010302603784
672,2023-03-08 14:00:00+00:00,0.4558755230202201
672,2023-03-08 15:00:00+00:00,0.4211345554927535
672,2023-03-08 16:00:00+00:00,0.6006602886441494
672,2023-03-08 17:00:00+00:00,0.883885202586993
672,2023-03-08 18:00:00+00:00,0.917496293699274
672,2023-03-08 19:00:00+00:00,0.8061503903480729
672,2023-03-08 20:00:00+00:00,0.6681307334160338
672,2023-03-08 21:00:00+00:00,0.44662141448555426
672,2023-03-08 22:00:00+00:00,0.3906029292984192
672,2023-03-08 23:00:00+00:00,0.040490599783994184
672,2023-03-09 00:00:00+00:00,0.002556514783431688
672,2023-03-09 01:00:00+00:00,0.00017697105811785625
672,2023-03-09 02:00:00+00:00,0.0004470191759023455
672,2023-03-09 03:00:00+00:00,0.0011802261315751986
672,2023-03-09 04:00:00+00:00,0.07795586122584863
672,2023-03-09 05:00:00+00:00,0.14961475059515342
672,2023-03-09 06:00:00+00:00,0.3336366243956414
672,2023-03-09 07:00:00+00:00,0.21688367608865136
672,2023-03-09 08:00:00+00:00,0.5445664487032108
672,2023-03-09 09:00:00+00:00,0.9948197513974658
672,2023-03-09 10:00:00+00:00,0.8303058265555905
672,2023-03-09 11:00:00+00:00,0.8964359022453873
672,2023-03-09 12:00:00+00:00,0.00013271522494556068
672,2023-03-09 13:00:00+00:00,0.002282582737974083
672,2023-03-09 14:00:00+00:00,0.001859103068268058
672,2023-03-09 15:00:00+00:00,0.019094092639046007
672,2023-03-09 16:00:00+00:00,0.0035418257677151893
672,2023-03-09 17:00:00+00:00,0.17487372449824065
672,2023-03-09 18:00:00+00:00,0.8464420735482009
672,2023-03-09 19:00:00+00:00,0.6102583931833646
672,2023-03-09 20:00:00+00:00,0.4595055796714912
672,2023-03-09 21:00:00+00:00,0.31431790023307565
672,2023-03-09 22:00:00+00:00,0.3613955014615134
672,2023-03-09 23:00:00+00:00,0.00011110703518001489
672,2023-03-10 00:00:00+00:00,3.743694092290183e-05
672,2023-03-10 01:00:00+00:00,9.202155437522221e-10
672,2023-03-10 02:00:00+00:00,8.821901089755888e-10
672,2023-03-10 03:00:00+00:00,3.8157285274854605e-21
672,2023-03-10 04:00:00+00:00,0.0
672,2023-03-10 05:00:00+00:00,0.0
672,2023-03-10 06:00:00+00:00,0.0
672,2023-03-10 07:00:00+00:00,2.5862160023564532e-20
672,2023-03-10 08:00:00+00:00,3.68853757974099e-20
672,2023-03-10 09:00:00+00:00,8.39348119443787e-09
672,2023-03-10 10:00:00+00:00,3.434155679539326e-20
672,2023-03-10 11:00:00+00:00,6.95611960240323e-09
672,2023-03-10 12:00:00+00:00,3.176032999201006e-05
672,2023-03-10 13:00:00+00:00,0.0
672,2023-03-10 14:00:00+00:00,8.295452591497197e-06
672,2023-03-10 15:00:00+00:00,0.0
672,2023-03-10 16:00:00+00:00,2.1275910162712812e-09
672,2023-03-10 17:00:00+00:00,0.0
672,2023-03-10 18:00:00+00:00,0.00011852827570676864
672,2023-03-10 19:00:00+00:00,0.37654908766458517
672,2023-03-10 20:00:00+00:00,0.35783238504078707
672,2023-03-10 21:00:00+00:00,0.22855881413645915
672,2023-03-10 22:00:00+00:00,0.2376948110050151
672,2023-03-10 23:00:00+00:00,0.18917268506602927
672,2023-03-11 00:00:00+00:00,0.10229357474596826
672,2023-03-11 01:00:00+00:00,0.06725795217830657
672,2023-03-11 02:00:00+00:00,0.06405053299774684
672,2023-03-11 03:00:00+00:00,0.09000935182544269
672,2023-03-11 04:00:00+00:00,0.07065528620316176
672,2023-03-11 05:00:00+00:00,0.04191962883178047
672,2023-03-11 06:00:00+00:00,0.054375816130037995
672,2023-03-11 07:00:00+00:00,0.10453806103968954
672,2023-03-11 08:00:00+00:00,0.1454294880286332
672,2023-03-11 09:00:00+00:00,0.2715778741610685
672,2023-03-11 10:00:00+00:00,0.46001992498785377
672,2023-03-11 11:00:00+00:00,0.6583720009830248
672,2023-03-11 12:00:00+00:00,0.6639985840329746
672,2023-03-11 13:00:00+00:00,0.6844016460078538
672,2023-03-11 14:00:00+00:00,0.6854823329400289
672,2023-03-11 15:00:00+00:00,0.6027728385084319
672,2023-03-11 16:00:00+00:00,0.599895827623658
672,2023-03-11 17:00:00+00:00,0.6495810580918626
672,2023-03-11 18:00:00+00:00,0.576171301983713
672,2023-03-11 19:00:00+00:00,0.5471533085897767
672,2023-03-11 20:00:00+00:00,0.5328325095675508
672,2023-03-11 21:00:00+00:00,0.34829444265455195
672,2023-03-11 22:00:00+00:00,0.36369830974897194
672,2023-03-11 23:00:00+00:00,0.20333655636350215
672,2023-03-12 00:00:00+00:00,0.002220310078197588
672,2023-03-12 01:00:00+00:00,0.0016502346015891797
672,2023-03-12 02:00:00+00:00,0.004288086612222331
672,2023-03-12 03:00:00+00:00,0.015444788276642406
672,2023-03-12 04:00:00+00:00,0.0011398725678613744
672,2023-03-12 05:00:00+00:00,0.002053385164857189
672,2023-03-12 06:00:00+00:00,0.0022439129422858997
672,2023-03-12 07:00:00+00:00,0.001130607010834019
672,2023-03-12 08:00:00+00:00,0.001480116035097111
672,2023-03-12 09:00:00+00:00,0.0009267267455684081
672,2023-03-12 10:00:00+00:00,0.026144685194801464
672,2023-03-12 11:00:00+00:00,0.30026053292139676
672,2023-03-12 12:00:00+00:00,0.4967617340112383
672,2023-03-12 13:00:00+00:00,0.05689837667561279
672,2023-03-12 14:00:00+00:00,0.539207743349342
672,2023-03-12 15:00:00+00:00,0.04744404171771536
672,2023-03-12 16:00:00+00:00,0.4294577464359235
672,2023-03-12 17:00:00+00:00,0.6280151446766895
672,2023-03-12 18:00:00+00:00,0.5535104205890146
672,2023-03-12 19:00:00+00:00,0.46218566403827177
672,2023-03-12 20:00:00+00:00,0.36442099656569804
672,2023-03-12 21:00:00+00:00,0.3308539969360699
672,2023-03-12 22:00:00+00:00,0.16760620235639068
672,2023-03-12 23:00:00+00:00,0.1786043235214725
672,2023-03-13 00:00:00+00:00,0.07052809231478858
672,2023-03-13 01:00:00+00:00,0.04574183505639234
672,2023-03-13 02:00:00+00:00,0.032430874805293455
672,2023-03-13 03:00:00+00:00,0.10322317867562493
672,2023-03-13 04:00:00+00:00,0.10495333063739665
672,2023-03-13 05:00:00+00:00,0.027415047704820315
672,2023-03-13 06:00:00+00:00,0.04867501220419889
672,2023-03-13 07:00:00+00:00,0.19479591184206893
672,2023-03-13 08:00:00+00:00,1.5760453906328646
672,2023-03-13 09:00:00+00:00,0.7168611554820863
672,2023-03-13 10:00:00+00:00,0.46677996214151374
672,2023-03-13 11:00:00+00:00,0.5451605500171471
672,2023-03-13 12:00:00+00:00,0.5255174122739285
672,2023-03-13 13:00:00+00:00,0.45256671730936365
672,2023-03-13 14:00:00+00:00,0.48355030766247514
672,2023-03-13 15:00:00+00:00,1.6836269340326344
672,2023-03-13 16:00:00+00:00,0.6675579916748704
672,2023-03-13 17:00:00+00:00,0.47654514134868325
672,2023-03-13 18:00:00+00:00,0.04921210751053204
672,2023-03-13 19:00:00+00:00,0.48622302862337874
672,2023-03-13 20:00:00+00:00,0.49409773001414886
672,2023-03-13 21:00:00+00:00,0.8106381866486555
672,2023-03-13 22:00:00+00:00,0.6406840504320392
672,2023-03-13 23:00:00+00:00,0.0012932098338278878
672,2023-03-14 00:00:00+00:00,1.8554573479888207e-10
672,2023-03-14 01:00:00+00:00,6.786917220892736e-05
672,2023-03-14 02:00:00+00:00,6.786891032695867e-05
672,2023-03-14 03:00:00+00:00,0.00010396538789944992
672,2023-03-14 04:00:00+00:00,0.00019530123701337046
672,2023-03-14 05:00:00+00:00,0.00019530123701337046
672,2023-03-14 06:00:00+00:00,0.0007007057404600034
672,2023-03-14 07:00:00+00:00,0.0015591079657336629
672,2023-03-14 08:00:00+00:00,0.00037550138967141307
672,2023-03-14 09:00:00+00:00,3.561346630055986e-20
672,2023-03-14 10:00:00+00:00,0.00010630953099463607
672,2023-03-14 11:00:00+00:00,3.815728580401669e-21
672,2023-03-14 12:00:00+00:00,1.829792842780092e-50
672,2023-03-14 13:00:00+00:00,0.0009508504375024562
672,2023-03-14 14:00:00+00:00,0.011120708284392286
672,2023-03-14 15:00:00+00:00,0.010288640232931565
672,2023-03-14 16:00:00+00:00,0.006685817841585147
672,2023-03-14 17:00:00+00:00,0.006679056100456828
672,2023-03-14 18:00:00+00:00,0.0015345305440321265
672,2023-03-14 19:00:00+00:00,0.0014298805932182574
672,2023-03-14 20:00:00+00:00,0.0015095061660804728
672,2023-03-14 21:00:00+00:00,0.0013573856686720613
672,2023-03-14 22:00:00+00:00,0.003686269911884901
672,2023-03-14 23:00:00+00:00,0.0005786843983360397
672,2023-03-15 00:00:00+00:00,0.005975955739536219
672,2023-03-15 01:00:00+00:00,0.001273723137120725
672,2023-03-15 02:00:00+00:00,0.0012397430938608618
672,2023-03-15 03:00:00+00:00,0.04187942530433615
672,2023-03-15 04:00:00+00:00,0.030864507702087797
672,2023-03-15 05:00:00+00:00,0.035045491247639844
672,2023-03-15 06:00:00+00:00,0.19897944652357352
672,2023-03-15 07:00:00+00:00,0.13916577463344634
672,2023-03-15 08:00:00+00:00,0.4424189906043708
672,2023-03-15 09:00:00+00:00,0.48431388991062335
672,2023-03-15 10:00:00+00:00,0.4113420650196787
672,2023-03-15 11:00:00+00:00,0.5023344643320533
672,2023-03-15 12:00:00+00:00,0.5245900842146697
672,2023-03-15 13:00:00+00:00,0.5114061144489235
672,2023-03-15 14:00:00+00:00,0.5217488977764643
672,2023-03-15 15:00:00+00:00,0.5133258736666001
672,2023-03-15 16:00:00+00:00,0.5725063236351634
672,2023-03-15 17:00:00+00:00,0.6252266190524494
672,2023-03-15 18:00:00+00:00,0.5841114758466359
672,2023-03-15 19:00:00+00:00,0.5819035823626495
672,2023-03-15 20:00:00+00:00,0.47989137097100104
672,2023-03-15 21:00:00+00:00,0.33797963898287003
672,2023-03-15 22:00:00+00:00,0.25607524698738643
672,2023-03-15 23:00:00+00:00,0.23738865671283216
672,2023-03-16 00:00:00+00:00,0.1356180443682945
672,2023-03-16 01:00:00+00:00,0.08124725739330992
672,2023-03-16 02:00:00+00:00,0.05418506959412481
672,2023-03-16 03:00:00+00:00,0.05102089149047698
672,2023-03-16 04:00:00+00:00,0.039084166444969634
672,2023-03-16 05:00:00+00:00,0.042162760083360035
672,2023-03-16 06:00:00+00:00,0.09239390651495837
672,2023-03-16 07:00:00+00:00,0.25837340832485495
672,2023-03-16 08:00:00+00:00,0.6697651170249839
672,2023-03-16 09:00:00+00:00,0.6506044039013328
672,2023-03-16 10:00:00+00:00,0.6222002624003091
672,2023-03-16 11:00:00+00:00,0.5226631348391751
672,2023-03-16 12:00:00+00:00,0.5310762382078227
672,2023-03-16 13:00:00+00:00,0.4143794512677892
672,2023-03-16 14:00:00+00:00,0.555468895262914
672,2023-03-16 15:00:00+00:00,0.5632523736473825
672,2023-03-16 16:00:00+00:00,0.5579196514965123
672,2023-03-16 17:00:00+00:00,0.5551052382464855
672,2023-03-16 18:00:00+00:00,0.5590030967613684
672,2023-03-16 19:00:00+00:00,0.4536022240765158
672,2023-03-16 20:00:00+00:00,0.45967182640917104
672,2023-03-16 21:00:00+00:00,0.30404742815850044
672,2023-03-16 22:00:00+00:00,0.27786487473517824
672,2023-03-16 23:00:00+00:00,0.22145728613953788
672,2023-03-17 00:00:00+00:00,0.11491848518154066
672,2023-03-17 01:00:00+00:00,0.07067761152109348
672,2023-03-17 02:00:00+00:00,0.04449041760309987
672,2023-03-17 03:00:00+00:00,0.04538133864851588
672,2023-03-17 04:00:00+00:00,0.055904569376827515
672,2023-03-17 05:00:00+00:00,0.04795736551820716
672,2023-03-17 06:00:00+00:00,0.18075183101142325
672,2023-03-17 07:00:00+00:00,0.2329651166502661
672,2023-03-17 08:00:00+00:00,0.516540367075243
672,2023-03-17 09:00:00+00:00,0.5701440631623209
672,2023-03-17 10:00:00+00:00,0.5704062851961972
672,2023-03-17 11:00:00+00:00,0.5623857762318738
672,2023-03-17 12:00:00+00:00,0.6470340973285318
672,2023-03-17 13:00:00+00:00,0.4833068503836871
672,2023-03-17 14:00:00+00:00,0.6272550068817919
672,2023-03-17 15:00:00+00:00,0.5820271921645582
672,2023-03-17 16:00:00+00:00,0.7014646739268443
672,2023-03-17 17:00:00+00:00,0.5660657140844022
672,2023-03-17 18:00:00+00:00,0.5806178822543892
672,2023-03-17 19:00:00+00:00,0.5255358666395268
672,2023-03-17 20:00:00+00:00,0.4801528833142919
672,2023-03-17 21:00:00+00:00,0.34337704311671785
672,2023-03-17 22:00:00+00:00,0.3271664721652227
672,2023-03-17 23:00:00+00:00,0.2934624525955572
672,2023-03-18 00:00:00+00:00,0.25546128106490457
672,2023-03-18 01:00:00+00:00,0.16179210860587434
672,2023-03-18 02:00:00+00:00,0.12067566037205989
672,2023-03-18 03:00:00+00:00,0.11397176865836318
672,2023-03-18 04:00:00+00:00,0.08719018646486924
672,2023-03-18 05:00:00+00:00,0.04652016168029247
672,2023-03-18 06:00:00+00:00,0.06076822538572554
672,2023-03-18 07:00:00+00:00,0.09340045699950536
672,2023-03-18 08:00:00+00:00,0.20525559709392852
672,2023-03-18 09:00:00+00:00,0.3351045581655217
672,2023-03-18 10:00:00+00:00,0.5064899650513343
672,2023-03-18 11:00:00+00:00,0.0014448559485089553
672,2023-03-18 12:00:00+00:00,0.0018703930280800538
672,2023-03-18 13:00:00+00:00,0.013695679177691569
672,2023-03-18 14:00:00+00:00,0.012492925493140598
672,2023-03-18 15:00:00+00:00,0.016491738702648834
672,2023-03-18 16:00:00+00:00,0.012221521836586568
672,2023-03-18 17:00:00+00:00,0.011343781038142034
672,2023-03-18 18:00:00+00:00,0.010160467857118076
672,2023-03-18 19:00:00+00:00,0.009619134794753105
672,2023-03-18 20:00:00+00:00,0.006277248264046977
672,2023-03-18 21:00:00+00:00,0.004915619359252048
672,2023-03-18 22:00:00+00:00,0.0013656057215919168
672,2023-03-18 23:00:00+00:00,0.0003082043583375231
672,2023-03-19 00:00:00+00:00,3.08832789587582e-51
672,2023-03-19 01:00:00+00:00,0.00026780450136496166
672,2023-03-19 02:00:00+00:00,0.0007020756992182315
672,2023-03-19 03:00:00+00:00,0.00021853680636753107
672,2023-03-19 04:00:00+00:00,0.0006014402611005253
672,2023-03-19 05:00:00+00:00,0.00010106981528494936
672,2023-03-19 06:00:00+00:00,0.0005577207570400645
672,2023-03-19 07:00:00+00:00,0.00039357751702846197
672,2023-03-19 08:00:00+00:00,0.016182255535368735
672,2023-03-19 09:00:00+00:00,0.004387381251831436
672,2023-03-19 10:00:00+00:00,0.03123156639983721
672,2023-03-19 11:00:00+00:00,0.008813160141955283
672,2023-03-19 12:00:00+00:00,0.003991359673481909
672,2023-03-19 13:00:00+00:00,0.01283646949238135
672,2023-03-19 14:00:00+00:00,0.06454069742351289
672,2023-03-19 15:00:00+00:00,0.011983224831541238
672,2023-03-19 16:00:00+00:00,0.012267194582649991
672,2023-03-19 17:00:00+00:00,0.011762797571919661
672,2023-03-19 18:00:00+00:00,0.050189072654925566
672,2023-03-19 19:00:00+00:00,0.04710492748793428
672,2023-03-19 20:00:00+00:00,0.03799855540377377
672,2023-03-19 21:00:00+00:00,0.027070154997972547
672,2023-03-19 22:00:00+00:00,0.02388917717330824
672,2023-03-19 23:00:00+00:00,0.5777885835880133
672,2023-03-20 00:00:00+00:00,0.08275481991632484
672,2023-03-20 01:00:00+00:00,0.0613214537559929
672,2023-03-20 02:00:00+00:00,0.022662011979796677
672,2023-03-20 03:00:00+00:00,0.026308132095577478
672,2023-03-20 04:00:00+00:00,0.02627579505121372
672,2023-03-20 05:00:00+00:00,0.03386307108309444
672,2023-03-20 06:00:00+00:00,0.09799094310492255
672,2023-03-20 07:00:00+00:00,0.5407045397032362
672,2023-03-20 08:00:00+00:00,1.607395410036683
672,2023-03-20 09:00:00+00:00,1.9760541500958853
672,2023-03-20 10:00:00+00:00,1.5886192357054039
672,2023-03-20 11:00:00+00:00,1.2324306986119193
672,2023-03-20 12:00:00+00:00,1.2724090405103425
672,2023-03-20 13:00:00+00:00,1.4104440806101282
672,2023-03-20 14:00:00+00:00,0.4304931867120637
672,2023-03-20 15:00:00+00:00,0.5835966484182876
672,2023-03-20 16:00:00+00:00,0.6562680170248775
672,2023-03-20 17:00:00+00:00,0.48373616655715007
672,2023-03-20 18:00:00+00:00,0.5531393220328887
672,2023-03-20 19:00:00+00:00,0.45522989981535633
672,2023-03-20 20:00:00+00:00,0.37605985130846536
672,2023-03-20 21:00:00+00:00,0.267384637657411
672,2023-03-20 22:00:00+00:00,0.1887954174471305
672,2023-03-20 23:00:00+00:00,0.15406346255760084
672,2023-03-21 00:00:00+00:00,0.12737988364021763
672,2023-03-21 01:00:00+00:00,0.04867894394830376
672,2023-03-21 02:00:00+00:00,0.0295226165880378
672,2023-03-21 03:00:00+00:00,0.0258727298455623
672,2023-03-21 04:00:00+00:00,0.053638896848230574
672,2023-03-21 05:00:00+00:00,0.025864782893350896
672,2023-03-21 06:00:00+00:00,0.104950706204892
672,2023-03-21 07:00:00+00:00,0.27578386684495315
672,2023-03-21 08:00:00+00:00,0.5497046753238366
672,2023-03-21 09:00:00+00:00,1.950232438056283
672,2023-03-21 10:00:00+00:00,0.054050419832071255
672,2023-03-21 11:00:00+00:00,0.5602843370053066
672,2023-03-21 12:00:00+00:00,0.04750413740501348
672,2023-03-21 13:00:00+00:00,0.009994737218783568
672,2023-03-21 14:00:00+00:00,0.019851769496132536
672,2023-03-21 15:00:00+00:00,0.009421494071127344
672,2023-03-21 16:00:00+00:00,0.012040814963932178
672,2023-03-21 17:00:00+00:00,0.0007446907959701939
672,2023-03-21 18:00:00+00:00,0.04606489736616052
672,2023-03-21 19:00:00+00:00,0.45013980547263865
672,2023-03-21 20:00:00+00:00,0.35151663012074397
672,2023-03-21 21:00:00+00:00,0.2605449324362971
672,2023-03-21 22:00:00+00:00,0.2800507798298068
672,2023-03-21 23:00:00+00:00,0.22454165559994926
672,2023-03-22 00:00:00+00:00,0.1321534178921342
672,2023-03-22 01:00:00+00:00,0.05784468304639948
672,2023-03-22 02:00:00+00:00,0.03560568791975603
672,2023-03-22 03:00:00+00:00,0.02040385211641652
672,2023-03-22 04:00:00+00:00,0.042013823736709525
672,2023-03-22 05:00:00+00:00,0.08525067388569768
672,2023-03-22 06:00:00+00:00,0.022667694531496536
672,2023-03-22 07:00:00+00:00,0.014419450326839642
672,2023-03-22 08:00:00+00:00,0.008553018828605694
672,2023-03-22 09:00:00+00:00,0.6003664979884201
672,2023-03-22 10:00:00+00:00,0.5624990177896113
672,2023-03-22 11:00:00+00:00,2.0804069490873105
672,2023-03-22 12:00:00+00:00,2.1221862216849554
672,2023-03-22 13:00:00+00:00,0.7159237450080799
672,2023-03-22 14:00:00+00:00,0.5736083227003966
672,2023-03-22 15:00:00+00:00,0.6906802428929503
672,2023-03-22 16:00:00+00:00,0.5177329874670924
672,2023-03-22 17:00:00+00:00,0.6898401407103723
672,2023-03-22 18:00:00+00:00,0.629039065453758
672,2023-03-22 19:00:00+00:00,0.47052407460029366
672,2023-03-22 20:00:00+00:00,0.44819307037246686
672,2023-03-22 21:00:00+00:00,0.2721263612928938
672,2023-03-22 22:00:00+00:00,0.599437676748317
672,2023-03-22 23:00:00+00:00,0.01778974297211913
672,2023-03-23 00:00:00+00:00,0.0066765372861406665
672,2023-03-23 01:00:00+00:00,0.005935954191359819
672,2023-03-23 02:00:00+00:00,0.04844616959442674
672,2023-03-23 03:00:00+00:00,0.18626666433168987
672,2023-03-23 04:00:00+00:00,0.050183128643389974
672,2023-03-23 05:00:00+00:00,0.059338432535878415
672,2023-03-23 06:00:00+00:00,0.07395520220437322
672,2023-03-23 07:00:00+00:00,0.3023449307352172
672,2023-03-23 08:00:00+00:00,0.4360395398857625
672,2023-03-23 09:00:00+00:00,0.8454420292233478
672,2023-03-23 10:00:00+00:00,2.29374692803853
672,2023-03-23 11:00:00+00:00,1.9752368668362463
672,2023-03-23 12:00:00+00:00,1.7268013639769029
672,2023-03-23 13:00:00+00:00,2.010280609545074
672,2023-03-23 14:00:00+00:00,0.7092065238735433
672,2023-03-23 15:00:00+00:00,0.3950245017375439
672,2023-03-23 16:00:00+00:00,0.39637455483080214
672,2023-03-23 17:00:00+00:00,0.4949138775551497
672,2023-03-23 18:00:00+00:00,0.010931390896729148
672,2023-03-23 19:00:00+00:00,1.5801500100134411
672,2023-03-23 20:00:00+00:00,0.5010902258849402
672,2023-03-23 21:00:00+00:00,0.2761572568532074
672,2023-03-23 22:00:00+00:00,0.21393988887183665
672,2023-03-23 23:00:00+00:00,0.7647857144644787
672,2023-03-24 00:00:00+00:00,0.10094879211296737
672,2023-03-24 01:00:00+00:00,0.03900165600734436
672,2023-03-24 02:00:00+00:00,0.024492686631748136
672,2023-03-24 03:00:00+00:00,0.038901937380065435
672,2023-03-24 04:00:00+00:00,0.038296350856009846
672,2023-03-24 05:00:00+00:00,0.04605646671966493
672,2023-03-24 06:00:00+00:00,0.18969259428689433
672,2023-03-24 07:00:00+00:00,0.2482384431941367
672,2023-03-24 08:00:00+00:00,0.4735232762431352
672,2023-03-24 09:00:00+00:00,1.753326159247897
672,2023-03-24 10:00:00+00:00,2.3035935262830227
672,2023-03-24 11:00:00+00:00,0.6217805051632531
672,2023-03-24 12:00:00+00:00,0.054380347215524025
672,2023-03-24 13:00:00+00:00,0.011136593905607374
672,2023-03-24 14:00:00+00:00,0.042126617350358476
672,2023-03-24 15:00:00+00:00,0.0418976322781171
672,2023-03-24 16:00:00+00:00,0.032242123372794765
672,2023-03-24 17:00:00+00:00,0.011104264369843327
672,2023-03-24 18:00:00+00:00,0.010813006850375737
672,2023-03-24 19:00:00+00:00,0.03889319989929355
672,2023-03-24 20:00:00+00:00,0.04219384308555149
672,2023-03-24 21:00:00+00:00,0.029600081894024338
672,2023-03-24 22:00:00+00:00,0.025150898582534467
672,2023-03-24 23:00:00+00:00,0.020193358384182434
672,2023-03-25 00:00:00+00:00,0.008201466539867678
672,2023-03-25 01:00:00+00:00,0.009384462125897762
672,2023-03-25 02:00:00+00:00,0.0026934580224969923
672,2023-03-25 03:00:00+00:00,0.0017852687239463456
672,2023-03-25 04:00:00+00:00,0.0012322132887121356
672,2023-03-25 05:00:00+00:00,0.0005917805972510839
672,2023-03-25 06:00:00+00:00,0.0017723656093979363
672,2023-03-25 07:00:00+00:00,0.0003768360096466862
672,2023-03-25 08:00:00+00:00,0.004423788442064013
672,2023-03-25 09:00:00+00:00,0.0007069756497509126
672,2023-03-25 10:00:00+00:00,0.0012665845676374265
672,2023-03-25 11:00:00+00:00,0.007577973842109378
672,2023-03-25 12:00:00+00:00,0.01148676430328746
672,2023-03-25 13:00:00+00:00,0.014503251089983198
672,2023-03-25 14:00:00+00:00,0.014821650243024167
672,2023-03-25 15:00:00+00:00,0.012639215624450601
672,2023-03-25 16:00:00+00:00,0.015014935867783819
672,2023-03-25 17:00:00+00:00,0.007767952600980568
672,2023-03-25 18:00:00+00:00,0.043462952174852326
672,2023-03-25 19:00:00+00:00,1.24147523662508
672,2023-03-25 20:00:00+00:00,0.46013006050528493
672,2023-03-25 21:00:00+00:00,0.3423363694968041
672,2023-03-25 22:00:00+00:00,0.285129637042255
672,2023-03-25 23:00:00+00:00,0.3324978287707816
672,2023-03-26 00:00:00+00:00,0.27404510485533706
672,2023-03-26 01:00:00+00:00,0.2313002015781234
672,2023-03-26 02:00:00+00:00,0.16863545755830534
672,2023-03-26 03:00:00+00:00,0.14556176565119067
672,2023-03-26 04:00:00+00:00,0.10066021841106601
672,2023-03-26 05:00:00+00:00,0.0638778037842779
672,2023-03-26 06:00:00+00:00,0.33519465462822373
672,2023-03-26 07:00:00+00:00,0.000553155830561217
672,2023-03-26 08:00:00+00:00,0.00039625809976256916
672,2023-03-26 09:00:00+00:00,1.2357305445243629e-05
672,2023-03-26 10:00:00+00:00,0.001338937252633272
672,2023-03-26 11:00:00+00:00,0.0018040190158071158
672,2023-03-26 12:00:00+00:00,0.0004529561035499562
672,2023-03-26 13:00:00+00:00,0.00013422868638784144
672,2023-03-26 14:00:00+00:00,0.00013291260985373577
672,2023-03-26 15:00:00+00:00,0.00013128241695515704
672,2023-03-26 16:00:00+00:00,0.0008450409648973695
672,2023-03-26 17:00:00+00:00,0.0008453385488216072
672,2023-03-26 18:00:00+00:00,0.00011854736269534534
672,2023-03-26 19:00:00+00:00,4.706666192867992e-05
672,2023-03-26 20:00:00+00:00,0.00011140094857972422
672,2023-03-26 21:00:00+00:00,0.0
672,2023-03-26 22:00:00+00:00,2.309833983068905e-09
672,2023-03-26 23:00:00+00:00,0.034311757724283014
672,2023-03-27 00:00:00+00:00,0.08011916936027948
672,2023-03-27 01:00:00+00:00,0.015075051504041502
672,2023-03-27 02:00:00+00:00,0.06331362380413896
672,2023-03-27 03:00:00+00:00,0.04930900250735521
672,2023-03-27 04:00:00+00:00,0.01167903365670966
672,2023-03-27 05:00:00+00:00,0.012245036631264968
672,2023-03-27 06:00:00+00:00,0.29256917826651796
672,2023-03-27 07:00:00+00:00,0.7966026596146318
672,2023-03-27 08:00:00+00:00,1.0880144334463921
672,2023-03-27 09:00:00+00:00,0.5738303743476485
672,2023-03-27 10:00:00+00:00,0.4725683382898197
672,2023-03-27 11:00:00+00:00,0.4990890105556781
672,2023-03-27 12:00:00+00:00,0.6757246484557875
672,2023-03-27 13:00:00+00:00,0.5836281347497824
672,2023-03-27 14:00:00+00:00,0.7835341299421115
672,2023-03-27 15:00:00+00:00,0.6523154663025489
672,2023-03-27 16:00:00+00:00,0.0
672,2023-03-27 17:00:00+00:00,3.052227307459009e-09
672,2023-03-27 18:00:00+00:00,2.5048673987474366e-09
672,2023-03-27 19:00:00+00:00,0.4436207588450774
672,2023-03-27 20:00:00+00:00,0.18703370423926563
672,2023-03-27 21:00:00+00:00,0.2138071468930545
672,2023-03-27 22:00:00+00:00,0.15095170976625674
672,2023-03-27 23:00:00+00:00,0.09103701523193634
672,2023-03-28 00:00:00+00:00,0.043741548766912684
672,2023-03-28 01:00:00+00:00,0.03099807585672851
672,2023-03-28 02:00:00+00:00,0.030419715946158533
672,2023-03-28 03:00:00+00:00,0.042412808964613635
672,2023-03-28 04:00:00+00:00,0.048378293937486085
672,2023-03-28 05:00:00+00:00,0.056217826073146564
672,2023-03-28 06:00:00+00:00,0.24262262454782027
672,2023-03-28 07:00:00+00:00,0.6414084903800322
672,2023-03-28 08:00:00+00:00,0.7002775830834719
672,2023-03-28 09:00:00+00:00,0.5435391529433253
672,2023-03-28 10:00:00+00:00,0.4825318356093007
672,2023-03-28 11:00:00+00:00,0.4908082642368132
672,2023-03-28 12:00:00+00:00,0.45755084556551606
672,2023-03-28 13:00:00+00:00,0.4697233283405741
672,2023-03-28 14:00:00+00:00,0.5423176198259302
672,2023-03-28 15:00:00+00:00,0.5043348940238219
672,2023-03-28 16:00:00+00:00,0.6192384163515608
672,2023-03-28 17:00:00+00:00,0.6647190198951785
672,2023-03-28 18:00:00+00:00,0.6114603396397723
672,2023-03-28 19:00:00+00:00,0.37678622693166086
672,2023-03-28 20:00:00+00:00,0.2711093323667044
672,2023-03-28 21:00:00+00:00,0.24114460144174635
672,2023-03-28 22:00:00+00:00,0.17859834119207493
672,2023-03-28 23:00:00+00:00,0.12228062565759162
672,2023-03-29 00:00:00+00:00,0.0507231538676794
672,2023-03-29 01:00:00+00:00,0.026834157247025637
672,2023-03-29 02:00:00+00:00,0.02577330216397273
672,2023-03-29 03:00:00+00:00,0.03163550088734136
672,2023-03-29 04:00:00+00:00,0.038077441745325125
672,2023-03-29 05:00:00+00:00,0.054364663505601284
672,2023-03-29 06:00:00+00:00,0.24751335727018228
672,2023-03-29 07:00:00+00:00,0.6128379850425942
672,2023-03-29 08:00:00+00:00,0.6715674506636643
672,2023-03-29 09:00:00+00:00,0.6098291734008037
672,2023-03-29 10:00:00+00:00,0.47284948566641594
672,2023-03-29 11:00:00+00:00,0.4850141947933725
672,2023-03-29 12:00:00+00:00,0.38915361663646636
672,2023-03-29 13:00:00+00:00,0.428712346223858
672,2023-03-29 14:00:00+00:00,0.6338826576588068
672,2023-03-29 15:00:00+00:00,0.6628138013338937
672,2023-03-29 16:00:00+00:00,0.4149805766450804
672,2023-03-29 17:00:00+00:00,0.5727403266985849
672,2023-03-29 18:00:00+00:00,0.5258736119451188
672,2023-03-29 19:00:00+00:00,0.4250567351548269
672,2023-03-29 20:00:00+00:00,0.2286339589769803
672,2023-03-29 21:00:00+00:00,0.15306879258298595
672,2023-03-29 22:00:00+00:00,0.23520755841347457
672,2023-03-29 23:00:00+00:00,0.1653912330377987
672,2023-03-30 00:00:00+00:00,0.18806554442140175
672,2023-03-30 01:00:00+00:00,0.05128203918664975
672,2023-03-30 02:00:00+00:00,0.0031974002705862426
672,2023-03-30 03:00:00+00:00,0.03328534737639581
672,2023-03-30 04:00:00+00:00,0.03328534737639581
672,2023-03-30 05:00:00+00:00,0.09253420325185048
672,2023-03-30 06:00:00+00:00,0.4844967961170538
672,2023-03-30 07:00:00+00:00,0.40345452173845453
672,2023-03-30 08:00:00+00:00,1.7422643461319698
672,2023-03-30 09:00:00+00:00,1.917682410859511
672,2023-03-30 10:00:00+00:00,0.542343696803956
672,2023-03-30 11:00:00+00:00,0.04588907534512254
672,2023-03-30 12:00:00+00:00,0.013096617142191482
672,2023-03-30 13:00:00+00:00,0.014203607734122067
672,2023-03-30 14:00:00+00:00,0.009213420886376413
672,2023-03-30 15:00:00+00:00,0.04992499289842981
672,2023-03-30 16:00:00+00:00,0.4056891660188448
672,2023-03-30 17:00:00+00:00,1.6930178527196387
672,2023-03-30 18:00:00+00:00,0.3895201357260748
672,2023-03-30 19:00:00+00:00,0.5109370466128408
672,2023-03-30 20:00:00+00:00,0.30084053379046916
672,2023-03-30 21:00:00+00:00,0.28044924140703714
672,2023-03-30 22:00:00+00:00,0.23782064930969857
672,2023-03-30 23:00:00+00:00,0.13432470730620938
672,2023-03-31 00:00:00+00:00,0.07605459323073202
672,2023-03-31 01:00:00+00:00,0.052812097733433046
672,2023-03-31 02:00:00+00:00,0.03410200263592639
672,2023-03-31 03:00:00+00:00,0.03638083388257074
672,2023-03-31 04:00:00+00:00,0.047239850731599704
672,2023-03-31 05:00:00+00:00,0.06973836677938944
672,2023-03-31 06:00:00+00:00,0.18819265719207334
672,2023-03-31 07:00:00+00:00,0.3780363457138704
672,2023-03-31 08:00:00+00:00,0.004786550260996829
672,2023-03-31 09:00:00+00:00,0.000604585291676191
672,2023-03-31 10:00:00+00:00,0.0006291444601270353
672,2023-03-31 11:00:00+00:00,0.010592476507909862
672,2023-03-31 12:00:00+00:00,0.01017015310400997
672,2023-03-31 13:00:00+00:00,0.009602200940560362
672,2023-03-31 14:00:00+00:00,0.009281817667820649
672,2023-03-31 15:00:00+00:00,0.009325506296854462
672,2023-03-31 16:00:00+00:00,0.009460540420960374
672,2023-03-31 17:00:00+00:00,0.00992467141363418
672,2023-03-31 18:00:00+00:00,0.009779042656109327
672,2023-03-31 19:00:00+00:00,0.005040617379167142
672,2023-03-31 20:00:00+00:00,0.004981152301008003
672,2023-03-31 21:00:00+00:00,0.00463476389237473
672,2023-03-31 22:00:00+00:00,0.004463129997483688
672,2023-03-31 23:00:00+00:00,0.003890150174113218
672,2023-04-01 00:00:00+00:00,0.002179127749739852
672,2023-04-01 01:00:00+00:00,0.0017846073511736265
672,2023-04-01 02:00:00+00:00,0.0009651180553156519
672,2023-04-01 03:00:00+00:00,0.0027371466502422565
672,2023-04-01 04:00:00+00:00,0.0005990620355921245
672,2023-04-01 05:00:00+00:00,0.0006338441279317789
672,2023-04-01 06:00:00+00:00,0.0009962909309840305
672,2023-04-01 07:00:00+00:00,0.00459854295516197
672,2023-04-01 08:00:00+00:00,0.0016209069178058301
672,2023-04-01 09:00:00+00:00,1.8879278048418267e-09
672,2023-04-01 10:00:00+00:00,0.01688133443629644
672,2023-04-01 11:00:00+00:00,0.0028959487119838245
672,2023-04-01 12:00:00+00:00,0.0027827904946988035
672,2023-04-01 13:00:00+00:00,0.0007286159125266469
672,2023-04-01 14:00:00+00:00,0.0007386676361897847
672,2023-04-01 15:00:00+00:00,4.529546527905376e-05
672,2023-04-01 16:00:00+00:00,5.5180731107820616e-05
672,2023-04-01 17:00:00+00:00,2.6628701538700155e-05
672,2023-04-01 18:00:00+00:00,2.9224472584434314e-05
672,2023-04-01 19:00:00+00:00,7.702339009691939e-05
672,2023-04-01 20:00:00+00:00,0.00034441762654367514
672,2023-04-01 21:00:00+00:00,4.701049636402379e-05
672,2023-04-01 22:00:00+00:00,3.6910022751223992e-09
672,2023-04-01 23:00:00+00:00,3.761983086705448e-09
672,2023-04-02 00:00:00+00:00,1.91648198238079e-09
672,2023-04-02 01:00:00+00:00,3.4341556717445807e-20
672,2023-04-02 02:00:00+00:00,5.087638035342722e-21
672,2023-04-02 03:00:00+00:00,3.194137502506518e-10
672,2023-04-02 04:00:00+00:00,3.7264927030716184e-10
672,2023-04-02 05:00:00+00:00,5.596401838126872e-21
672,2023-04-02 06:00:00+00:00,0.0
672,2023-04-02 07:00:00+00:00,3.5613466236147216e-20
672,2023-04-02 08:00:00+00:00,5.720088058878519e-05
672,2023-04-02 09:00:00+00:00,0.00013602152804669516
672,2023-04-02 10:00:00+00:00,0.0007367829380029463
672,2023-04-02 11:00:00+00:00,0.0007550016871423837
672,2023-04-02 12:00:00+00:00,0.0007650534108055216
672,2023-04-02 13:00:00+00:00,0.0033485815811250303
672,2023-04-02 14:00:00+00:00,0.017367893514229956
672,2023-04-02 15:00:00+00:00,0.12291766557630245
672,2023-04-02 16:00:00+00:00,0.020206505809377957
672,2023-04-02 17:00:00+00:00,0.0001659818917216931
672,2023-04-02 18:00:00+00:00,0.00015538517868037474
672,2023-04-02 19:00:00+00:00,7.278490813605116e-09
672,2023-04-02 20:00:00+00:00,4.7005763631164434e-05
672,2023-04-02 21:00:00+00:00,0.07053594809582266
672,2023-04-02 22:00:00+00:00,0.1785989596998422
672,2023-04-02 23:00:00+00:00,0.09284502904837871
672,2023-04-03 00:00:00+00:00,0.04322987332818079
672,2023-04-03 01:00:00+00:00,0.04911034041192809
672,2023-04-03 02:00:00+00:00,0.04911034010111803
672,2023-04-03 03:00:00+00:00,0.04527485980990927
672,2023-04-03 04:00:00+00:00,0.04911034040774409
672,2023-04-03 05:00:00+00:00,0.030923134791590097
672,2023-04-03 06:00:00+00:00,0.2730336033258084
672,2023-04-03 07:00:00+00:00,0.7675919843605616
672,2023-04-03 08:00:00+00:00,0.949404505862234
672,2023-04-03 09:00:00+00:00,0.6254402188379208
672,2023-04-03 10:00:00+00:00,0.48022940879916803
672,2023-04-03 11:00:00+00:00,0.49890713290176325
672,2023-04-03 12:00:00+00:00,0.656630017717833
672,2023-04-03 13:00:00+00:00,0.5115273196825901
672,2023-04-03 14:00:00+00:00,0.5264420718798708
672,2023-04-03 15:00:00+00:00,0.4868283155781882
672,2023-04-03 16:00:00+00:00,0.5340190896019791
672,2023-04-03 17:00:00+00:00,0.6195630005525448
672,2023-04-03 18:00:00+00:00,0.5767846917230449
672,2023-04-03 19:00:00+00:00,0.54266050100583
672,2023-04-03 20:00:00+00:00,0.35075730052235854
672,2023-04-03 21:00:00+00:00,0.32694364687172117
672,2023-04-03 22:00:00+00:00,0.17204849502157304
672,2023-04-03 23:00:00+00:00,0.0869396866739355
672,2023-04-04 00:00:00+00:00,0.04206972659516374
672,2023-04-04 01:00:00+00:00,0.031171402691931163
672,2023-04-04 02:00:00+00:00,0.036974096851025096
672,2023-04-04 03:00:00+00:00,0.04573148690667611
672,2023-04-04 04:00:00+00:00,0.0003898323009319339
672,2023-04-04 05:00:00+00:00,0.045547127270124756
672,2023-04-04 06:00:00+00:00,0.23837357697952868
672,2023-04-04 07:00:00+00:00,0.5832761773679728
672,2023-04-04 08:00:00+00:00,0.669174187164455
672,2023-04-04 09:00:00+00:00,0.5302810118175224
672,2023-04-04 10:00:00+00:00,0.5157069369040789
672,2023-04-04 11:00:00+00:00,0.5970718256457901
672,2023-04-04 12:00:00+00:00,1.479121494016608
672,2023-04-04 13:00:00+00:00,1.799683366775629
672,2023-04-04 14:00:00+00:00,0.0006700415410134705
672,2023-04-04 15:00:00+00:00,0.0007102509211178328
672,2023-04-04 16:00:00+00:00,0.0011383260837404831
672,2023-04-04 17:00:00+00:00,4.018423715776003e-05
672,2023-04-04 18:00:00+00:00,0.00013550926708780082
672,2023-04-04 19:00:00+00:00,0.0007169837463555364
672,2023-04-04 20:00:00+00:00,0.022842345126229947
672,2023-04-04 21:00:00+00:00,0.18736598033008495
672,2023-04-04 22:00:00+00:00,0.13613957215326455
672,2023-04-04 23:00:00+00:00,0.08734464200238964
672,2023-04-05 00:00:00+00:00,0.044834189898176335
672,2023-04-05 01:00:00+00:00,0.031875380597942884
672,2023-04-05 02:00:00+00:00,0.03897930992549452
672,2023-04-05 03:00:00+00:00,0.03565422894394306
672,2023-04-05 04:00:00+00:00,0.0385646702492999
672,2023-04-05 05:00:00+00:00,0.057993897064420596
672,2023-04-05 06:00:00+00:00,0.19524094533880534
672,2023-04-05 07:00:00+00:00,0.5613537414347208
672,2023-04-05 08:00:00+00:00,0.5823920333692262
672,2023-04-05 09:00:00+00:00,0.4908391239641365
672,2023-04-05 10:00:00+00:00,0.5119181555351946
672,2023-04-05 11:00:00+00:00,0.6026891294018196
672,2023-04-05 12:00:00+00:00,1.5165621659788082
672,2023-04-05 13:00:00+00:00,1.6871890204092321
672,2023-04-05 14:00:00+00:00,1.6046744731764364
672,2023-04-05 15:00:00+00:00,1.404416684741725
672,2023-04-05 16:00:00+00:00,0.5272824330227689
672,2023-04-05 17:00:00+00:00,0.5315376872582707
672,2023-04-05 18:00:00+00:00,0.47531852220164794
672,2023-04-05 19:00:00+00:00,0.36396940811964035
672,2023-04-05 20:00:00+00:00,0.26625249749978747
672,2023-04-05 21:00:00+00:00,0.25642237543468066
672,2023-04-05 22:00:00+00:00,0.21921433438499854
672,2023-04-05 23:00:00+00:00,0.09652933484776159
672,2023-04-06 00:00:00+00:00,0.13210381486572462
672,2023-04-06 01:00:00+00:00,0.10406411455240729
672,2023-04-06 02:00:00+00:00,0.09477674847077545
672,2023-04-06 03:00:00+00:00,0.0006136249116299315
672,2023-04-06 04:00:00+00:00,0.0011717830056844293
672,2023-04-06 05:00:00+00:00,0.003625264710091997
672,2023-04-06 06:00:00+00:00,0.011905663336715673
672,2023-04-06 07:00:00+00:00,0.006400371337825715
672,2023-04-06 08:00:00+00:00,0.009299693745379103
672,2023-04-06 09:00:00+00:00,0.007642845411184653
672,2023-04-06 10:00:00+00:00,0.004085560335036609
672,2023-04-06 11:00:00+00:00,0.011825017317033048
672,2023-04-06 12:00:00+00:00,0.0034902648121421095
672,2023-04-06 13:00:00+00:00,0.0004545909485368905
672,2023-04-06 14:00:00+00:00,0.00027102210529335644
672,2023-04-06 15:00:00+00:00,0.01138614691656825
672,2023-04-06 16:00:00+00:00,0.0022219320821129118
672,2023-04-06 17:00:00+00:00,3.12644557378828e-09
672,2023-04-06 18:00:00+00:00,2.8388496729673284e-09
672,2023-04-06 19:00:00+00:00,3.942919482013643e-20
672,2023-04-06 20:00:00+00:00,4.37559158056109e-51
672,2023-04-06 21:00:00+00:00,0.0011841004841638256
672,2023-04-06 22:00:00+00:00,0.00019232645885508323
672,2023-04-06 23:00:00+00:00,0.00035481915853934743
672,2023-04-07 00:00:00+00:00,4.020023721468875e-05
672,2023-04-07 01:00:00+00:00,0.00017623648061681016
672,2023-04-07 02:00:00+00:00,0.0006136249117219707
672,2023-04-07 03:00:00+00:00,0.000428228385487887
672,2023-04-07 04:00:00+00:00,4.019515783153678e-05
672,2023-04-07 05:00:00+00:00,1.1132743981777293e-10
672,2023-04-07 06:00:00+00:00,3.497231988765783e-05
672,2023-04-07 07:00:00+00:00,0.0
672,2023-04-07 08:00:00+00:00,6.359547560893075e-21
672,2023-04-07 09:00:00+00:00,0.0015187660097337916
672,2023-04-07 10:00:00+00:00,0.000544666961885153
672,2023-04-07 11:00:00+00:00,0.003332808688775128
672,2023-04-07 12:00:00+00:00,0.01970257879319768
672,2023-04-07 13:00:00+00:00,0.021863095109044127
672,2023-04-07 14:00:00+00:00,0.024070629062793867
672,2023-04-07 15:00:00+00:00,0.023936305163783384
672,2023-04-07 16:00:00+00:00,0.155703017287427
672,2023-04-07 17:00:00+00:00,0.021787122779615687
672,2023-04-07 18:00:00+00:00,0.003708340747234015
672,2023-04-07 19:00:00+00:00,0.015360915550517948
672,2023-04-07 20:00:00+00:00,0.42807684985028915
672,2023-04-07 21:00:00+00:00,0.3348207465525804
672,2023-04-07 22:00:00+00:00,0.2480697965201988
672,2023-04-07 23:00:00+00:00,0.19706814838102873
672,2023-04-08 00:00:00+00:00,0.12451362464532607
672,2023-04-08 01:00:00+00:00,0.10419123004374022
672,2023-04-08 02:00:00+00:00,0.06569042833532929
672,2023-04-08 03:00:00+00:00,0.06880504105131206
672,2023-04-08 04:00:00+00:00,0.04830338184525138
672,2023-04-08 05:00:00+00:00,0.031165787608439605
672,2023-04-08 06:00:00+00:00,0.14229141838165668
672,2023-04-08 07:00:00+00:00,0.1894348768935269
672,2023-04-08 08:00:00+00:00,0.1715623532967489
672,2023-04-08 09:00:00+00:00,0.3597930176063889
672,2023-04-08 10:00:00+00:00,0.4979204230961678
672,2023-04-08 11:00:00+00:00,0.5551340649633589
672,2023-04-08 12:00:00+00:00,0.680415860406268
672,2023-04-08 13:00:00+00:00,0.6875603397043063
672,2023-04-08 14:00:00+00:00,0.509948376094657
672,2023-04-08 15:00:00+00:00,0.6247091195967424
672,2023-04-08 16:00:00+00:00,0.592500722471391
672,2023-04-08 17:00:00+00:00,0.5664255906513688
672,2023-04-08 18:00:00+00:00,0.48650078806144054
672,2023-04-08 19:00:00+00:00,0.46937679498431395
672,2023-04-08 20:00:00+00:00,0.01838585810171863
672,2023-04-08 21:00:00+00:00,0.0030256495040441485
672,2023-04-08 22:00:00+00:00,0.30184146008052315
672,2023-04-08 23:00:00+00:00,0.23110019724010294
672,2023-04-09 00:00:00+00:00,0.19324645292708353
672,2023-04-09 01:00:00+00:00,0.15123718720961882
672,2023-04-09 02:00:00+00:00,0.13473823998303858
672,2023-04-09 03:00:00+00:00,0.051622187856295396
672,2023-04-09 04:00:00+00:00,0.0667908244126381
672,2023-04-09 05:00:00+00:00,0.08061881457975416
672,2023-04-09 06:00:00+00:00,0.07890096573088745
672,2023-04-09 07:00:00+00:00,0.11997720919392442
672,2023-04-09 08:00:00+00:00,0.1162270603562725
672,2023-04-09 09:00:00+00:00,0.25359476316257973
672,2023-04-09 10:00:00+00:00,0.45192807466536183
672,2023-04-09 11:00:00+00:00,0.5301353030743574
672,2023-04-09 12:00:00+00:00,0.6152756360957942
672,2023-04-09 13:00:00+00:00,0.5399963249743369
672,2023-04-09 14:00:00+00:00,0.5144490022370125
672,2023-04-09 15:00:00+00:00,0.4732351903552883
672,2023-04-09 16:00:00+00:00,0.5255569688826229
672,2023-04-09 17:00:00+00:00,0.48418253714543513
672,2023-04-09 18:00:00+00:00,0.5120007294489902
672,2023-04-09 19:00:00+00:00,0.38078394485749
672,2023-04-09 20:00:00+00:00,0.30698722501982456
672,2023-04-09 21:00:00+00:00,0.21625594001412382
672,2023-04-09 22:00:00+00:00,0.178940382041529
672,2023-04-09 23:00:00+00:00,0.16855396530794542
672,2023-04-10 00:00:00+00:00,0.10027980795749433
672,2023-04-10 01:00:00+00:00,0.06798761994087153
672,2023-04-10 02:00:00+00:00,0.06369314030130291
672,2023-04-10 03:00:00+00:00,0.08068080417473308
672,2023-04-10 04:00:00+00:00,0.052165654811114875
672,2023-04-10 05:00:00+00:00,0.07552548492645456
672,2023-04-10 06:00:00+00:00,0.16514360305895148
672,2023-04-10 07:00:00+00:00,0.10262539387804644
672,2023-04-10 08:00:00+00:00,0.12115947051737279
672,2023-04-10 09:00:00+00:00,0.15594690309621106
672,2023-04-10 10:00:00+00:00,0.02770946970469912
672,2023-04-10 11:00:00+00:00,0.042309124022871236
672,2023-04-10 12:00:00+00:00,0.04682706845452183
672,2023-04-10 13:00:00+00:00,0.010495827359207555
672,2023-04-10 14:00:00+00:00,0.011709837054644187
672,2023-04-10 15:00:00+00:00,0.04690500065633654
672,2023-04-10 16:00:00+00:00,0.009953694083969965
672,2023-04-10 17:00:00+00:00,0.007410494430983959
672,2023-04-10 18:00:00+00:00,0.007421750444998954
672,2023-04-10 19:00:00+00:00,0.005854427249420676
672,2023-04-10 20:00:00+00:00,0.003690687507592404
672,2023-04-10 21:00:00+00:00,0.002175050336687932
672,2023-04-10 22:00:00+00:00,0.0007038565178634044
672,2023-04-10 23:00:00+00:00,0.00027647736132867576
672,2023-04-11 00:00:00+00:00,0.00025130235187892857
672,2023-04-11 01:00:00+00:00,0.0004285453031908212
672,2023-04-11 02:00:00+00:00,0.000429812974002558
672,2023-04-11 03:00:00+00:00,0.000429812974002558
672,2023-04-11 04:00:00+00:00,0.0038791603398041466
672,2023-04-11 05:00:00+00:00,0.0010989686257715124
672,2023-04-11 06:00:00+00:00,0.012718133424636796
672,2023-04-11 07:00:00+00:00,0.51234499630965
672,2023-04-11 08:00:00+00:00,0.6178591490848169
672,2023-04-11 09:00:00+00:00,1.4841408430289227
672,2023-04-11 10:00:00+00:00,1.737957030890059
672,2023-04-11 11:00:00+00:00,1.7472646518382708
672,2023-04-11 12:00:00+00:00,0.6188194386156245
672,2023-04-11 13:00:00+00:00,0.4632301058708645
672,2023-04-11 14:00:00+00:00,0.6523923072282729
672,2023-04-11 15:00:00+00:00,0.54507274984074
672,2023-04-11 16:00:00+00:00,0.6131860756474132
672,2023-04-11 17:00:00+00:00,0.6428765734257098
672,2023-04-11 18:00:00+00:00,0.559371021438101
672,2023-04-11 19:00:00+00:00,0.38615158982065645
672,2023-04-11 20:00:00+00:00,0.01756180538563964
672,2023-04-11 21:00:00+00:00,0.018238934041052944
672,2023-04-11 22:00:00+00:00,0.010728883125006838
672,2023-04-11 23:00:00+00:00,0.0007738165478617294
672,2023-04-12 00:00:00+00:00,0.0005408105313488576
672,2023-04-12 01:00:00+00:00,0.0024344407197146103
672,2023-04-12 02:00:00+00:00,0.0038791603398041466
672,2023-04-12 03:00:00+00:00,0.004642119890675779
672,2023-04-12 04:00:00+00:00,0.032415146145637556
672,2023-04-12 05:00:00+00:00,0.29602420955491254
672,2023-04-12 06:00:00+00:00,0.16108347350187796
672,2023-04-12 07:00:00+00:00,1.4831017431280529
672,2023-04-12 08:00:00+00:00,0.49049125729065707
672,2023-04-12 09:00:00+00:00,0.42845814242680713
672,2023-04-12 10:00:00+00:00,0.4819026513384718
672,2023-04-12 11:00:00+00:00,0.4199824613466179
672,2023-04-12 12:00:00+00:00,1.1939633179410996
672,2023-04-12 13:00:00+00:00,1.6075852553965395
672,2023-04-12 14:00:00+00:00,1.552812442925964
672,2023-04-12 15:00:00+00:00,0.007385349585520487
672,2023-04-12 16:00:00+00:00,0.008060532868386615
672,2023-04-12 17:00:00+00:00,0.05833844561258577
672,2023-04-12 18:00:00+00:00,0.008542430522995605
672,2023-04-12 19:00:00+00:00,0.0014330330885336546
672,2023-04-12 20:00:00+00:00,0.0005121369358006634
672,2023-04-12 21:00:00+00:00,0.0009701341151839024
672,2023-04-12 22:00:00+00:00,0.00027995237866662055
672,2023-04-12 23:00:00+00:00,0.0002779610855354676
672,2023-04-13 00:00:00+00:00,0.00034872242543103874
672,2023-04-13 01:00:00+00:00,0.000330540815655561
672,2023-04-13 02:00:00+00:00,0.00033028872202822695
672,2023-04-13 03:00:00+00:00,0.00042347461994387414
672,2023-04-13 04:00:00+00:00,0.0004238707670725419
672,2023-04-13 05:00:00+00:00,0.0012009087575759647
672,2023-04-13 06:00:00+00:00,0.0020500523189817786
672,2023-04-13 07:00:00+00:00,0.006038283559524542
672,2023-04-13 08:00:00+00:00,0.002587376672049556
672,2023-04-13 09:00:00+00:00,0.0018086806567943381
672,2023-04-13 10:00:00+00:00,0.0032189196572171533
672,2023-04-13 11:00:00+00:00,0.01134995807493308
672,2023-04-13 12:00:00+00:00,0.009153185259305065
672,2023-04-13 13:00:00+00:00,0.0032007792443666597
672,2023-04-13 14:00:00+00:00,0.006434133032365453
672,2023-04-13 15:00:00+00:00,0.009471359734927342
672,2023-04-13 16:00:00+00:00,0.04983254778120161
672,2023-04-13 17:00:00+00:00,0.013062861777025264
672,2023-04-13 18:00:00+00:00,0.011232581678131511
672,2023-04-13 19:00:00+00:00,0.0065115770282221895
672,2023-04-13 20:00:00+00:00,0.02184527038607843
672,2023-04-13 21:00:00+00:00,0.022554157524925577
672,2023-04-13 22:00:00+00:00,0.5885094881714128
672,2023-04-13 23:00:00+00:00,0.09390494344554975
672,2023-04-14 00:00:00+00:00,0.05796168108428594
672,2023-04-14 01:00:00+00:00,0.03838409274258127
672,2023-04-14 02:00:00+00:00,0.04066560886884918
672,2023-04-14 03:00:00+00:00,0.03586527921655155
672,2023-04-14 04:00:00+00:00,0.044127397198598615
672,2023-04-14 05:00:00+00:00,0.05332531024623232
672,2023-04-14 06:00:00+00:00,0.2143258690829952
672,2023-04-14 07:00:00+00:00,0.522187806447535
672,2023-04-14 08:00:00+00:00,0.6530441495030286
672,2023-04-14 09:00:00+00:00,0.55357556763388
672,2023-04-14 10:00:00+00:00,0.5957976057548348
672,2023-04-14 11:00:00+00:00,0.6104282638077911
672,2023-04-14 12:00:00+00:00,0.5815802976357168
672,2023-04-14 13:00:00+00:00,0.544309479020842
672,2023-04-14 14:00:00+00:00,0.6656782609409204
672,2023-04-14 15:00:00+00:00,0.9266427202614191
672,2023-04-14 16:00:00+00:00,0.0029158614027844786
672,2023-04-14 17:00:00+00:00,6.359547548984753e-20
672,2023-04-14 18:00:00+00:00,0.0
672,2023-04-14 19:00:00+00:00,1.2728993688904988e-50
672,2023-04-14 20:00:00+00:00,0.0
672,2023-04-14 21:00:00+00:00,9.944526319457023e-51
672,2023-04-14 22:00:00+00:00,1.002720066016864e-09
672,2023-04-14 23:00:00+00:00,0.0004016948154970354
672,2023-04-15 00:00:00+00:00,0.0006276767101409972
672,2023-04-15 01:00:00+00:00,0.00032621145568077146
672,2023-04-15 02:00:00+00:00,0.00010133712431094512
672,2023-04-15 03:00:00+00:00,2.0038938956415286e-10
672,2023-04-15 04:00:00+00:00,4.3709132547912605e-05
672,2023-04-15 05:00:00+00:00,0.0001512037593884304
672,2023-04-15 06:00:00+00:00,0.0007019086310769842
672,2023-04-15 07:00:00+00:00,0.17227510286557157
672,2023-04-15 08:00:00+00:00,1.1447185604389295e-20
672,2023-04-15 09:00:00+00:00,0.0
672,2023-04-15 10:00:00+00:00,0.0
672,2023-04-15 11:00:00+00:00,0.0
672,2023-04-15 12:00:00+00:00,7.377075156155353e-20
672,2023-04-15 13:00:00+00:00,0.0011510690624701011
672,2023-04-15 14:00:00+00:00,0.0010937652191255437
672,2023-04-15 15:00:00+00:00,0.004347874762056118
672,2023-04-15 16:00:00+00:00,0.0036109667169549158
672,2023-04-15 17:00:00+00:00,0.0005245226846733855
672,2023-04-15 18:00:00+00:00,0.0009914270570087064
672,2023-04-15 19:00:00+00:00,0.0006646639940707359
672,2023-04-15 20:00:00+00:00,0.0014357404450800512
672,2023-04-15 21:00:00+00:00,0.005105482614451013
672,2023-04-15 22:00:00+00:00,0.3416407714766756
672,2023-04-15 23:00:00+00:00,0.2575643670895099
672,2023-04-16 00:00:00+00:00,0.2502206928064779
672,2023-04-16 01:00:00+00:00,0.13965901085823057
672,2023-04-16 02:00:00+00:00,0.13756492264526382
672,2023-04-16 03:00:00+00:00,0.0013587863076341934
672,2023-04-16 04:00:00+00:00,0.00021877727942110853
672,2023-04-16 05:00:00+00:00,0.041223870117959485
672,2023-04-16 06:00:00+00:00,0.15404710745875283
672,2023-04-16 07:00:00+00:00,0.1598799709751732
672,2023-04-16 08:00:00+00:00,0.49688814136187104
672,2023-04-16 09:00:00+00:00,0.7456609611151506
672,2023-04-16 10:00:00+00:00,1.170180186776469
672,2023-04-16 11:00:00+00:00,0.37477160203218984
672,2023-04-16 12:00:00+00:00,0.5874610293702892
672,2023-04-16 13:00:00+00:00,0.7092969871273153
672,2023-04-16 14:00:00+00:00,0.05172600846238338
672,2023-04-16 15:00:00+00:00,0.577319658339559
672,2023-04-16 16:00:00+00:00,1.8995395399102357
672,2023-04-16 17:00:00+00:00,0.008411364641416518
672,2023-04-16 18:00:00+00:00,0.04450355613284859
672,2023-04-16 19:00:00+00:00,0.03374670362604697
672,2023-04-16 20:00:00+00:00,0.0036386130423491253
672,2023-04-16 21:00:00+00:00,0.0002071572437453607
672,2023-04-16 22:00:00+00:00,7.615106026155348e-10
672,2023-04-16 23:00:00+00:00,4.024925326210532e-05
672,2023-04-17 00:00:00+00:00,7.647063402870141e-05
672,2023-04-17 01:00:00+00:00,0.0027146167756126036
672,2023-04-17 02:00:00+00:00,0.00019499383163347535
672,2023-04-17 03:00:00+00:00,0.004261064335818357
672,2023-04-17 04:00:00+00:00,0.0011717830056844293
672,2023-04-17 05:00:00+00:00,0.00019483344621787788
672,2023-04-17 06:00:00+00:00,0.0
672,2023-04-17 07:00:00+00:00,0.8137437625346818
672,2023-04-17 08:00:00+00:00,0.714118600974269
672,2023-04-17 09:00:00+00:00,0.5379636958941311
672,2023-04-17 10:00:00+00:00,0.015449402308413508
672,2023-04-17 11:00:00+00:00,0.18787075491458097
672,2023-04-17 12:00:00+00:00,0.696350675316767
672,2023-04-17 13:00:00+00:00,0.8265057822268073
672,2023-04-17 14:00:00+00:00,0.964650447021022
672,2023-04-17 15:00:00+00:00,0.021828473774023558
672,2023-04-17 16:00:00+00:00,0.0010392815159501149
672,2023-04-17 17:00:00+00:00,0.0010912522882097592
672,2023-04-17 18:00:00+00:00,0.0013692006374147676
672,2023-04-17 19:00:00+00:00,0.002965146134506501
672,2023-04-17 20:00:00+00:00,0.0010263771256289577
672,2023-04-17 21:00:00+00:00,0.006863418946788157
672,2023-04-17 22:00:00+00:00,0.043158436824401375
672,2023-04-17 23:00:00+00:00,0.10181906354300313
672,2023-04-18 00:00:00+00:00,0.09582887012621007
672,2023-04-18 01:00:00+00:00,0.08417527002350993
672,2023-04-18 02:00:00+00:00,0.013700129485559959
672,2023-04-18 03:00:00+00:00,0.058710839930720786
672,2023-04-18 04:00:00+00:00,0.01276380386077836
672,2023-04-18 05:00:00+00:00,0.01096795477494793
672,2023-04-18 06:00:00+00:00,0.06435782313357666
672,2023-04-18 07:00:00+00:00,0.016970367315437097
672,2023-04-18 08:00:00+00:00,1.0406269067928071
672,2023-04-18 09:00:00+00:00,0.2235206387593918
672,2023-04-18 10:00:00+00:00,0.02668680150264516
672,2023-04-18 11:00:00+00:00,0.001013497214921838
672,2023-04-18 12:00:00+00:00,0.025011338999919436
672,2023-04-18 13:00:00+00:00,1.0391063789908528
672,2023-04-18 14:00:00+00:00,1.0342134792200168
672,2023-04-18 15:00:00+00:00,1.0187013382774315
672,2023-04-18 16:00:00+00:00,1.246182226996623
672,2023-04-18 17:00:00+00:00,1.1675943376993467
672,2023-04-18 18:00:00+00:00,1.0056679132516475
672,2023-04-18 19:00:00+00:00,0.8873588857556369
672,2023-04-18 20:00:00+00:00,0.4379842757793441
672,2023-04-18 21:00:00+00:00,0.3148357400639576
672,2023-04-18 22:00:00+00:00,0.2603171607419797
672,2023-04-18 23:00:00+00:00,0.14276218552835626
672,2023-04-19 00:00:00+00:00,0.053108991412007284
672,2023-04-19 01:00:00+00:00,0.0013172064194908128
672,2023-04-19 02:00:00+00:00,0.0014041583365960117
672,2023-04-19 03:00:00+00:00,0.0019506405250197078
672,2023-04-19 04:00:00+00:00,0.001792586370651365
672,2023-04-19 05:00:00+00:00,0.001845271088774146
672,2023-04-19 06:00:00+00:00,0.0007660737776267697
672,2023-04-19 07:00:00+00:00,0.02018457776497894
672,2023-04-19 08:00:00+00:00,0.026267493248508814
672,2023-04-19 09:00:00+00:00,0.020566431133586787
672,2023-04-19 10:00:00+00:00,0.9156945719230205
672,2023-04-19 11:00:00+00:00,0.9231898095768892
672,2023-04-19 12:00:00+00:00,1.090489057094135
672,2023-04-19 13:00:00+00:00,1.0214009703234388
672,2023-04-19 14:00:00+00:00,1.0507747066650945
672,2023-04-19 15:00:00+00:00,1.0917483933473426
672,2023-04-19 16:00:00+00:00,1.1384476140446416
672,2023-04-19 17:00:00+00:00,1.2380969729823978
672,2023-04-19 18:00:00+00:00,1.1938446183100875
672,2023-04-19 19:00:00+00:00,0.9341430389451955
672,2023-04-19 20:00:00+00:00,0.47067312798580935
672,2023-04-19 21:00:00+00:00,0.3471587615866114
672,2023-04-19 22:00:00+00:00,0.33825972468502685
672,2023-04-19 23:00:00+00:00,0.19107415706765332
672,2023-04-20 00:00:00+00:00,0.0671189924645301
672,2023-04-20 01:00:00+00:00,0.061086394941351034
672,2023-04-20 02:00:00+00:00,0.0010722003480172714
672,2023-04-20 03:00:00+00:00,0.0012539847577434757
672,2023-04-20 04:00:00+00:00,0.00022784289785103947
672,2023-04-20 05:00:00+00:00,0.0002325578235712572
672,2023-04-20 06:00:00+00:00,0.006654168334133945
672,2023-04-20 07:00:00+00:00,0.018174500843176577
672,2023-04-20 08:00:00+00:00,0.2240747621383223
672,2023-04-20 09:00:00+00:00,0.9911333882990193
672,2023-04-20 10:00:00+00:00,0.8939878018616205
672,2023-04-20 11:00:00+00:00,0.7907804583165401
672,2023-04-20 12:00:00+00:00,0.8256327864428473
672,2023-04-20 13:00:00+00:00,0.9854257741733647
672,2023-04-20 14:00:00+00:00,1.0383974302429753
672,2023-04-20 15:00:00+00:00,0.22280566009454736
672,2023-04-20 16:00:00+00:00,0.20423174043483003
672,2023-04-20 17:00:00+00:00,0.02452433734032287
672,2023-04-20 18:00:00+00:00,0.028749563204959458
672,2023-04-20 19:00:00+00:00,0.01814815851530976
672,2023-04-20 20:00:00+00:00,0.008948787029399123
672,2023-04-20 21:00:00+00:00,0.3832163025843104
672,2023-04-20 22:00:00+00:00,0.41934473845679715
672,2023-04-20 23:00:00+00:00,0.20115622572612155
672,2023-04-21 00:00:00+00:00,0.08909563753491855
672,2023-04-21 01:00:00+00:00,0.009324125431972202
672,2023-04-21 02:00:00+00:00,0.04143847366468748
672,2023-04-21 03:00:00+00:00,0.009276958517425925
672,2023-04-21 04:00:00+00:00,0.0003521128951701922
672,2023-04-21 05:00:00+00:00,0.002266748833756393
672,2023-04-21 06:00:00+00:00,0.000591689293917481
672,2023-04-21 07:00:00+00:00,0.0025338998509533443
672,2023-04-21 08:00:00+00:00,0.0009547461816845367
672,2023-04-21 09:00:00+00:00,0.003354127506424309
672,2023-04-21 10:00:00+00:00,0.0003836485058501922
672,2023-04-21 11:00:00+00:00,4.5788742377115825e-20
672,2023-04-21 12:00:00+00:00,0.00014731354495486272
672,2023-04-21 13:00:00+00:00,0.20047037129403109
672,2023-04-21 14:00:00+00:00,0.8282533050473165
672,2023-04-21 15:00:00+00:00,0.7309140263956427
672,2023-04-21 16:00:00+00:00,0.7200937497104619
672,2023-04-21 17:00:00+00:00,1.02685879474294
672,2023-04-21 18:00:00+00:00,0.6954404740998493
672,2023-04-21 19:00:00+00:00,0.5865005886415816
672,2023-04-21 20:00:00+00:00,0.11369597675407461
672,2023-04-21 21:00:00+00:00,0.0001398579065423932
672,2023-04-21 22:00:00+00:00,0.3458826538404319
672,2023-04-21 23:00:00+00:00,0.27376757184503386
672,2023-04-22 00:00:00+00:00,0.17530973616207093
672,2023-04-22 01:00:00+00:00,0.13655601190626093
672,2023-04-22 02:00:00+00:00,0.07946500048366817
672,2023-04-22 03:00:00+00:00,0.017700970303468684
672,2023-04-22 04:00:00+00:00,0.0095680249118832
672,2023-04-22 05:00:00+00:00,0.05612548266897838
672,2023-04-22 06:00:00+00:00,0.07796509933358886
672,2023-04-22 07:00:00+00:00,0.18112828801185743
672,2023-04-22 08:00:00+00:00,4.77337263333937e-51
672,2023-04-22 09:00:00+00:00,0.4157844918648295
672,2023-04-22 10:00:00+00:00,0.5266474074451029
672,2023-04-22 11:00:00+00:00,0.4265336161873192
672,2023-04-22 12:00:00+00:00,0.48211166566727304
672,2023-04-22 13:00:00+00:00,0.6765910343051772
672,2023-04-22 14:00:00+00:00,0.4043388754966018
672,2023-04-22 15:00:00+00:00,0.32103749481956356
672,2023-04-22 16:00:00+00:00,0.40252360458952813
672,2023-04-22 17:00:00+00:00,0.3660965126184034
672,2023-04-22 18:00:00+00:00,0.30869274414458003
672,2023-04-22 19:00:00+00:00,0.3315492272698037
672,2023-04-22 20:00:00+00:00,0.35747762883471274
672,2023-04-22 21:00:00+00:00,0.23836522705737104
672,2023-04-22 22:00:00+00:00,0.2152162602304033
672,2023-04-22 23:00:00+00:00,0.221967521064742
672,2023-04-23 00:00:00+00:00,0.0
672,2023-04-23 01:00:00+00:00,0.0
672,2023-04-23 02:00:00+00:00,0.00014860673675265503
672,2023-04-23 03:00:00+00:00,0.000176203904183672
672,2023-04-23 04:00:00+00:00,0.0012236309392742884
672,2023-04-23 05:00:00+00:00,0.007741044717670345
672,2023-04-23 06:00:00+00:00,0.004962614850124595
672,2023-04-23 07:00:00+00:00,0.18833590710008286
672,2023-04-23 08:00:00+00:00,0.4462574282546684
672,2023-04-23 09:00:00+00:00,0.0002843239950292594
672,2023-04-23 10:00:00+00:00,0.0022075361955099723
672,2023-04-23 11:00:00+00:00,0.003178512650093044
672,2023-04-23 12:00:00+00:00,0.0008842406467090286
672,2023-04-23 13:00:00+00:00,0.0016953251872568636
672,2023-04-23 14:00:00+00:00,0.0006835046044361178
672,2023-04-23 15:00:00+00:00,0.0017685540783027847
672,2023-04-23 16:00:00+00:00,0.008488814963057246
672,2023-04-23 17:00:00+00:00,0.00036717654024824055
672,2023-04-23 18:00:00+00:00,9.54674526667874e-51
672,2023-04-23 19:00:00+00:00,7.120262766382302e-09
672,2023-04-23 20:00:00+00:00,0.0
672,2023-04-23 21:00:00+00:00,0.0007513941733035329
672,2023-04-23 22:00:00+00:00,0.00033095507710458776
672,2023-04-23 23:00:00+00:00,4.022791985286702e-05
672,2023-04-24 00:00:00+00:00,4.018118952786884e-05
672,2023-04-24 01:00:00+00:00,0.0005335290936520913
672,2023-04-24 02:00:00+00:00,0.00017801914269581498
672,2023-04-24 03:00:00+00:00,0.0005844991598304353
672,2023-04-24 04:00:00+00:00,0.00048007682123515075
672,2023-04-24 05:00:00+00:00,0.0003603847779310969
672,2023-04-24 06:00:00+00:00,0.0011632235304830359
672,2023-04-24 07:00:00+00:00,0.00047207178751526476
672,2023-04-24 08:00:00+00:00,1.0684039877236509e-19
672,2023-04-24 09:00:00+00:00,0.9912507920669437
672,2023-04-24 10:00:00+00:00,0.0004328138503472985
672,2023-04-24 11:00:00+00:00,0.00011853990796584462
672,2023-04-24 12:00:00+00:00,0.0001267416182342
672,2023-04-24 13:00:00+00:00,0.024447037078737816
672,2023-04-24 14:00:00+00:00,0.0031223329144933463
672,2023-04-24 15:00:00+00:00,0.00018521284201811328
672,2023-04-24 16:00:00+00:00,0.0002042561647034471
672,2023-04-24 17:00:00+00:00,0.00021951422146456741
672,2023-04-24 18:00:00+00:00,0.0035726947732368686
672,2023-04-24 19:00:00+00:00,0.00042687695540978327
672,2023-04-24 20:00:00+00:00,0.0018388412176980613
672,2023-04-24 21:00:00+00:00,0.00014984856212641855
672,2023-04-24 22:00:00+00:00,2.6710099687125626e-20
672,2023-04-24 23:00:00+00:00,9.16360359410572e-05
672,2023-04-25 00:00:00+00:00,0.01924478740358873
672,2023-04-25 01:00:00+00:00,8.178217666692113e-06
672,2023-04-25 02:00:00+00:00,0.00022941002189519428
672,2023-04-25 03:00:00+00:00,0.010163662794510876
672,2023-04-25 04:00:00+00:00,0.012245036631264968
672,2023-04-25 05:00:00+00:00,3.726678053359643e-05
672,2023-04-25 06:00:00+00:00,0.005700619200516831
672,2023-04-25 07:00:00+00:00,0.8065728073566161
672,2023-04-25 08:00:00+00:00,0.2280885872603022
672,2023-04-25 09:00:00+00:00,0.929834308733305
672,2023-04-25 10:00:00+00:00,0.19531294557752693
672,2023-04-25 11:00:00+00:00,0.839353993936436
672,2023-04-25 12:00:00+00:00,0.9458597524253112
672,2023-04-25 13:00:00+00:00,1.0945573490462124
672,2023-04-25 14:00:00+00:00,0.02371228442995213
672,2023-04-25 15:00:00+00:00,0.876920255622251
672,2023-04-25 16:00:00+00:00,1.2485380161673951
672,2023-04-25 17:00:00+00:00,0.9236208288431976
672,2023-04-25 18:00:00+00:00,1.3167261209615706
672,2023-04-25 19:00:00+00:00,0.8583371144221799
672,2023-04-25 20:00:00+00:00,0.46523197614777245
672,2023-04-25 21:00:00+00:00,0.44104883029697417
672,2023-04-25 22:00:00+00:00,0.20244204860614232
672,2023-04-25 23:00:00+00:00,0.22892768571241642
672,2023-04-26 00:00:00+00:00,0.10114260546141543
672,2023-04-26 01:00:00+00:00,0.06456702019635607
672,2023-04-26 02:00:00+00:00,0.12413882035746494
672,2023-04-26 03:00:00+00:00,0.07494922995144303
672,2023-04-26 04:00:00+00:00,0.058782111308217935
672,2023-04-26 05:00:00+00:00,0.0505422690626259
672,2023-04-26 06:00:00+00:00,0.24457481806355563
672,2023-04-26 07:00:00+00:00,0.6567626558918844
672,2023-04-26 08:00:00+00:00,0.8628417405645016
672,2023-04-26 09:00:00+00:00,0.6455152527793725
672,2023-04-26 10:00:00+00:00,0.6095545370411616
672,2023-04-26 11:00:00+00:00,0.5989008999893198
672,2023-04-26 12:00:00+00:00,0.542333240499212
672,2023-04-26 13:00:00+00:00,0.5459513970572488
672,2023-04-26 14:00:00+00:00,0.737100671443158
672,2023-04-26 15:00:00+00:00,0.7110088804021198
672,2023-04-26 16:00:00+00:00,0.8973792332402047
672,2023-04-26 17:00:00+00:00,1.0319598462389443
672,2023-04-26 18:00:00+00:00,0.9714829413554537
672,2023-04-26 19:00:00+00:00,0.6933176436218048
672,2023-04-26 20:00:00+00:00,0.3694023183396101
672,2023-04-26 21:00:00+00:00,0.2759026655288436
672,2023-04-26 22:00:00+00:00,0.2773526207264288
672,2023-04-26 23:00:00+00:00,0.1346690313681651
672,2023-04-27 00:00:00+00:00,0.058355759360118595
672,2023-04-27 01:00:00+00:00,0.03137619468580561
672,2023-04-27 02:00:00+00:00,0.02494556252838716
672,2023-04-27 03:00:00+00:00,0.024753571667344296
672,2023-04-27 04:00:00+00:00,0.039830082663101535
672,2023-04-27 05:00:00+00:00,0.05547702587177723
672,2023-04-27 06:00:00+00:00,0.24844179343671294
672,2023-04-27 07:00:00+00:00,0.48314376444582613
672,2023-04-27 08:00:00+00:00,0.5831610589238089
672,2023-04-27 09:00:00+00:00,0.5680949935105639
672,2023-04-27 10:00:00+00:00,0.5251921296753593
672,2023-04-27 11:00:00+00:00,0.5552696377745759
672,2023-04-27 12:00:00+00:00,0.5214581272963283
672,2023-04-27 13:00:00+00:00,0.560495360406577
672,2023-04-27 14:00:00+00:00,0.5708470524349711
672,2023-04-27 15:00:00+00:00,0.5616425777119084
672,2023-04-27 16:00:00+00:00,0.6179704846990154
672,2023-04-27 17:00:00+00:00,0.6693434897444872
672,2023-04-27 18:00:00+00:00,0.6341409641887085
672,2023-04-27 19:00:00+00:00,0.5056557181135026
672,2023-04-27 20:00:00+00:00,0.3511126345542437
672,2023-04-27 21:00:00+00:00,0.37004990533017657
672,2023-04-27 22:00:00+00:00,0.2413032725546667
672,2023-04-27 23:00:00+00:00,0.1459015036386899
672,2023-04-28 00:00:00+00:00,0.08249074580850616
672,2023-04-28 01:00:00+00:00,0.040172289048639134
672,2023-04-28 02:00:00+00:00,0.0023394949964340513
672,2023-04-28 03:00:00+00:00,0.000592276627566937
672,2023-04-28 04:00:00+00:00,0.0007456828556815081
672,2023-04-28 05:00:00+00:00,0.0010407171216202846
672,2023-04-28 06:00:00+00:00,0.0020063636908683575
672,2023-04-28 07:00:00+00:00,0.006459945589271127
672,2023-04-28 08:00:00+00:00,0.010628883699523027
672,2023-04-28 09:00:00+00:00,0.011467571812870501
672,2023-04-28 10:00:00+00:00,0.010458765131098134
672,2023-04-28 11:00:00+00:00,0.01695112434220536
672,2023-04-28 12:00:00+00:00,0.004411250624729801
672,2023-04-28 13:00:00+00:00,0.0050525721926905146
672,2023-04-28 14:00:00+00:00,0.013881015657546054
672,2023-04-28 15:00:00+00:00,0.014118663953075629
672,2023-04-28 16:00:00+00:00,0.014384102589025201
672,2023-04-28 17:00:00+00:00,0.01867483469417919
672,2023-04-28 18:00:00+00:00,0.015142694887892327
672,2023-04-28 19:00:00+00:00,0.052815584155192906
672,2023-04-28 20:00:00+00:00,0.030647398414052316
672,2023-04-28 21:00:00+00:00,0.03012049797837625
672,2023-04-28 22:00:00+00:00,0.00609840367528441
672,2023-04-28 23:00:00+00:00,0.006349279433907625
672,2023-04-29 00:00:00+00:00,0.0020655508133104773
672,2023-04-29 01:00:00+00:00,0.006017749325869503
672,2023-04-29 02:00:00+00:00,0.0014417326971519005
672,2023-04-29 03:00:00+00:00,0.08401837385519673
672,2023-04-29 04:00:00+00:00,0.00199973940320195
672,2023-04-29 05:00:00+00:00,0.00011608762692075721
672,2023-04-29 06:00:00+00:00,0.08697494967182152
672,2023-04-29 07:00:00+00:00,0.17560903115969537
672,2023-04-29 08:00:00+00:00,0.2839905226052871
672,2023-04-29 09:00:00+00:00,0.4949300930629279
672,2023-04-29 10:00:00+00:00,0.5511375614707674
672,2023-04-29 11:00:00+00:00,0.6354382015977789
672,2023-04-29 12:00:00+00:00,0.6060271931475812
672,2023-04-29 13:00:00+00:00,0.7263583705235077
672,2023-04-29 14:00:00+00:00,0.004325692221865037
672,2023-04-29 15:00:00+00:00,0.0018206600475155661
672,2023-04-29 16:00:00+00:00,0.002369694237791647
672,2023-04-29 17:00:00+00:00,0.001111936339756037
672,2023-04-29 18:00:00+00:00,0.010663306765731014
672,2023-04-29 19:00:00+00:00,0.0005762511462788339
672,2023-04-29 20:00:00+00:00,0.45090373923004035
672,2023-04-29 21:00:00+00:00,0.38760580844696285
672,2023-04-29 22:00:00+00:00,0.38661704485272835
672,2023-04-29 23:00:00+00:00,0.3116453284994836
672,2023-04-30 00:00:00+00:00,0.18517730174713798
672,2023-04-30 01:00:00+00:00,0.18008328379347077
672,2023-04-30 02:00:00+00:00,0.14125331957881337
672,2023-04-30 03:00:00+00:00,0.11614081411082933
672,2023-04-30 04:00:00+00:00,0.10659589149139485
672,2023-04-30 05:00:00+00:00,0.07128081758900845
672,2023-04-30 06:00:00+00:00,0.15987698574207931
672,2023-04-30 07:00:00+00:00,0.13780635151662202
672,2023-04-30 08:00:00+00:00,0.14546107524991386
672,2023-04-30 09:00:00+00:00,0.3424521126435248
672,2023-04-30 10:00:00+00:00,0.48230404963069834
672,2023-04-30 11:00:00+00:00,0.4608903869960331
672,2023-04-30 12:00:00+00:00,0.5373723844754608
672,2023-04-30 13:00:00+00:00,0.6314822723384391
672,2023-04-30 14:00:00+00:00,0.5321825734401106
672,2023-04-30 15:00:00+00:00,0.5412696780599866
672,2023-04-30 16:00:00+00:00,0.6687218056635182
672,2023-04-30 17:00:00+00:00,0.572361007478203
672,2023-04-30 18:00:00+00:00,0.44513226290096597
672,2023-04-30 19:00:00+00:00,0.03128891537815904
672,2023-04-30 20:00:00+00:00,0.005772838590888037
672,2023-04-30 21:00:00+00:00,0.01841277663978323
672,2023-04-30 22:00:00+00:00,0.021036229559176466
672,2023-04-30 23:00:00+00:00,0.004507081951815687
672,2023-05-01 00:00:00+00:00,0.009643609616627732
672,2023-05-01 01:00:00+00:00,0.009064855253387377
672,2023-05-01 02:00:00+00:00,0.0026886037298707952
672,2023-05-01 03:00:00+00:00,0.001711792971076631
672,2023-05-01 04:00:00+00:00,0.0007883794240836148
672,2023-05-01 05:00:00+00:00,0.0006136249116299315
672,2023-05-01 06:00:00+00:00,0.0011160441345200943
672,2023-05-01 07:00:00+00:00,0.0021645712056526647
672,2023-05-01 08:00:00+00:00,0.0022089212051582163
672,2023-05-01 09:00:00+00:00,0.005311462501799045
672,2023-05-01 10:00:00+00:00,0.0012641077908833553
672,2023-05-01 11:00:00+00:00,0.0038501822137521945
672,2023-05-01 12:00:00+00:00,0.0003409438899150413
672,2023-05-01 13:00:00+00:00,0.0007636582208443094
672,2023-05-01 14:00:00+00:00,3.619807580282356e-50
672,2023-05-01 15:00:00+00:00,0.0
672,2023-05-01 16:00:00+00:00,0.0006294084803820854
672,2023-05-01 17:00:00+00:00,0.00403592622545703
672,2023-05-01 18:00:00+00:00,0.0028189283306562576
672,2023-05-01 19:00:00+00:00,0.015645586877183912
672,2023-05-01 20:00:00+00:00,0.0017110272639352514
672,2023-05-01 21:00:00+00:00,1.0119973441529833e-09
672,2023-05-01 22:00:00+00:00,0.002382237466277335
672,2023-05-01 23:00:00+00:00,4.851797727939395e-05
672,2023-05-02 00:00:00+00:00,0.01286164402294287
672,2023-05-02 01:00:00+00:00,0.0013646005335987055
672,2023-05-02 02:00:00+00:00,0.05899093235665646
672,2023-05-02 03:00:00+00:00,0.07494923031425396
672,2023-05-02 04:00:00+00:00,0.016207057453152117
672,2023-05-02 05:00:00+00:00,0.04440354645454909
672,2023-05-02 06:00:00+00:00,0.1932254932722742
672,2023-05-02 07:00:00+00:00,0.5953857901890675
672,2023-05-02 08:00:00+00:00,1.0908136208747723
672,2023-05-02 09:00:00+00:00,0.9039700590648752
672,2023-05-02 10:00:00+00:00,0.5698274428216373
672,2023-05-02 11:00:00+00:00,0.5077272094201953
672,2023-05-02 12:00:00+00:00,0.482260162956424
672,2023-05-02 13:00:00+00:00,0.5844507011077709
672,2023-05-02 14:00:00+00:00,0.5563089086356158
672,2023-05-02 15:00:00+00:00,0.8649976914757259
672,2023-05-02 16:00:00+00:00,1.139939652327696
672,2023-05-02 17:00:00+00:00,1.3004104652545794
672,2023-05-02 18:00:00+00:00,0.9536182477177447
672,2023-05-02 19:00:00+00:00,0.7461795358289661
672,2023-05-02 20:00:00+00:00,0.3470982362374844
672,2023-05-02 21:00:00+00:00,0.2927001441742482
672,2023-05-02 22:00:00+00:00,0.18443588989161017
672,2023-05-02 23:00:00+00:00,0.06501728641457488
672,2023-05-03 00:00:00+00:00,0.052553611805966814
672,2023-05-03 01:00:00+00:00,0.03428001583451062
672,2023-05-03 02:00:00+00:00,0.030843382993848287
672,2023-05-03 03:00:00+00:00,0.03369936536331409
672,2023-05-03 04:00:00+00:00,0.04175320601148195
672,2023-05-03 05:00:00+00:00,0.05101440452422823
672,2023-05-03 06:00:00+00:00,0.2764246098416964
672,2023-05-03 07:00:00+00:00,0.6603758796678464
672,2023-05-03 08:00:00+00:00,0.8078913102344922
672,2023-05-03 09:00:00+00:00,0.7055730258211297
672,2023-05-03 10:00:00+00:00,0.8692635622924221
672,2023-05-03 11:00:00+00:00,0.8220179393435232
672,2023-05-03 12:00:00+00:00,0.7766850754843301
672,2023-05-03 13:00:00+00:00,0.7394239791742832
672,2023-05-03 14:00:00+00:00,0.881843097974089
672,2023-05-03 15:00:00+00:00,0.7273074220516318
672,2023-05-03 16:00:00+00:00,0.8182586555354774
672,2023-05-03 17:00:00+00:00,1.032343301431971
672,2023-05-03 18:00:00+00:00,1.0748734746589725
672,2023-05-03 19:00:00+00:00,0.7516520082007964
672,2023-05-03 20:00:00+00:00,0.3886906097702274
672,2023-05-03 21:00:00+00:00,0.26304050142933394
672,2023-05-03 22:00:00+00:00,0.2336910591795706
672,2023-05-03 23:00:00+00:00,0.1759350890137578
672,2023-05-04 00:00:00+00:00,0.10618865979319862
672,2023-05-04 01:00:00+00:00,0.10303678410497842
672,2023-05-04 02:00:00+00:00,0.050476137985228334
672,2023-05-04 03:00:00+00:00,0.03859609134233408
672,2023-05-04 04:00:00+00:00,0.08920275472213111
672,2023-05-04 05:00:00+00:00,0.231996234270824
672,2023-05-04 06:00:00+00:00,0.39730282312716847
672,2023-05-04 07:00:00+00:00,0.8016644688642037
672,2023-05-04 08:00:00+00:00,1.2338540686398514
672,2023-05-04 09:00:00+00:00,0.8648714611808536
672,2023-05-04 10:00:00+00:00,0.7881168492104631
672,2023-05-04 11:00:00+00:00,0.8704156900563363
672,2023-05-04 12:00:00+00:00,0.6711241019943377
672,2023-05-04 13:00:00+00:00,0.7073920181797684
672,2023-05-04 14:00:00+00:00,0.5657883270911815
672,2023-05-04 15:00:00+00:00,0.6317836841342531
672,2023-05-04 16:00:00+00:00,0.7216640853502543
672,2023-05-04 17:00:00+00:00,0.6788089855630186
672,2023-05-04 18:00:00+00:00,0.6329224574978349
672,2023-05-04 19:00:00+00:00,0.45544617038559376
672,2023-05-04 20:00:00+00:00,0.28603536976330046
672,2023-05-04 21:00:00+00:00,0.3007931184387964
672,2023-05-04 22:00:00+00:00,0.23257581723016166
672,2023-05-04 23:00:00+00:00,0.14862071570967697
672,2023-05-05 00:00:00+00:00,0.056299438912183114
672,2023-05-05 01:00:00+00:00,0.034272804146576547
672,2023-05-05 02:00:00+00:00,0.02844771214763668
672,2023-05-05 03:00:00+00:00,0.040988028824146414
672,2023-05-05 04:00:00+00:00,0.04142876595431129
672,2023-05-05 05:00:00+00:00,0.07332104898222307
672,2023-05-05 06:00:00+00:00,0.20079888931959014
672,2023-05-05 07:00:00+00:00,0.5482000647658432
672,2023-05-05 08:00:00+00:00,0.6541005108290139
672,2023-05-05 09:00:00+00:00,0.5891513839737853
672,2023-05-05 10:00:00+00:00,0.49699040716129866
672,2023-05-05 11:00:00+00:00,0.5860080806900404
672,2023-05-05 12:00:00+00:00,0.733352875271709
672,2023-05-05 13:00:00+00:00,0.013463995910037546
672,2023-05-05 14:00:00+00:00,0.014947418808998253
672,2023-05-05 15:00:00+00:00,0.0008977067577615671
672,2023-05-05 16:00:00+00:00,2.2093210786664335
672,2023-05-05 17:00:00+00:00,0.8585821497858236
672,2023-05-05 18:00:00+00:00,0.5523307839972856
672,2023-05-05 19:00:00+00:00,0.6268137693331431
672,2023-05-05 20:00:00+00:00,0.36539598768469295
672,2023-05-05 21:00:00+00:00,0.2932304361512159
672,2023-05-05 22:00:00+00:00,0.2767966251220107
672,2023-05-05 23:00:00+00:00,0.22712555813456056
672,2023-05-06 00:00:00+00:00,0.15506848795617229
672,2023-05-06 01:00:00+00:00,0.10518448148895806
672,2023-05-06 02:00:00+00:00,0.09029672309961721
672,2023-05-06 03:00:00+00:00,0.0747738985301117
672,2023-05-06 04:00:00+00:00,0.06795160256076255
672,2023-05-06 05:00:00+00:00,0.06774443141847952
672,2023-05-06 06:00:00+00:00,0.09277761363032924
672,2023-05-06 07:00:00+00:00,0.15026214896309056
672,2023-05-06 08:00:00+00:00,0.20360848201587947
672,2023-05-06 09:00:00+00:00,0.34008602662610715
672,2023-05-06 10:00:00+00:00,0.5052911158595162
672,2023-05-06 11:00:00+00:00,0.4793363850583188
672,2023-05-06 12:00:00+00:00,0.5148340088949207
672,2023-05-06 13:00:00+00:00,0.5983725125498904
672,2023-05-06 14:00:00+00:00,0.5876839273805083
672,2023-05-06 15:00:00+00:00,0.602614721585519
672,2023-05-06 16:00:00+00:00,0.5020215480043594
672,2023-05-06 17:00:00+00:00,0.4778404355075467
672,2023-05-06 18:00:00+00:00,0.6018142047412898
672,2023-05-06 19:00:00+00:00,0.5003891999852174
672,2023-05-06 20:00:00+00:00,0.8096215361745619
672,2023-05-06 21:00:00+00:00,0.24249444630573194
672,2023-05-06 22:00:00+00:00,0.29985273426107967
672,2023-05-06 23:00:00+00:00,0.1711829285825933
672,2023-05-07 00:00:00+00:00,0.014189780385675173
672,2023-05-07 01:00:00+00:00,0.003284429571176462
672,2023-05-07 02:00:00+00:00,0.0022678277519723286
672,2023-05-07 03:00:00+00:00,0.001414027725762497
672,2023-05-07 04:00:00+00:00,0.000691293583892928
672,2023-05-07 05:00:00+00:00,0.06576587491850883
672,2023-05-07 06:00:00+00:00,0.00906315110321752
672,2023-05-07 07:00:00+00:00,0.001547223551873631
672,2023-05-07 08:00:00+00:00,0.00024477131368196286
672,2023-05-07 09:00:00+00:00,0.029323218931426025
672,2023-05-07 10:00:00+00:00,0.010409111477502177
672,2023-05-07 11:00:00+00:00,0.0027350905594022887
672,2023-05-07 12:00:00+00:00,0.010668597751870451
672,2023-05-07 13:00:00+00:00,0.011970646073637509
672,2023-05-07 14:00:00+00:00,0.011445059793400159
672,2023-05-07 15:00:00+00:00,0.0095254183183047
672,2023-05-07 16:00:00+00:00,0.014475448083729142
672,2023-05-07 17:00:00+00:00,0.016305728180966192
672,2023-05-07 18:00:00+00:00,0.010753329515257672
672,2023-05-07 19:00:00+00:00,0.006218996760263907
672,2023-05-07 20:00:00+00:00,0.02980097522664285
672,2023-05-07 21:00:00+00:00,0.016524574847096164
672,2023-05-07 22:00:00+00:00,0.15575132756607946
672,2023-05-07 23:00:00+00:00,0.22318636097152567
672,2023-05-08 00:00:00+00:00,0.06362958674117808
672,2023-05-08 01:00:00+00:00,0.10164647869859993
672,2023-05-08 02:00:00+00:00,0.08320220388517925
672,2023-05-08 03:00:00+00:00,0.0628734961218608
672,2023-05-08 04:00:00+00:00,0.04350104522753874
672,2023-05-08 05:00:00+00:00,0.047610736222927275
672,2023-05-08 06:00:00+00:00,0.1070302460436396
672,2023-05-08 07:00:00+00:00,0.16738378441095095
672,2023-05-08 08:00:00+00:00,0.1746246980152456
672,2023-05-08 09:00:00+00:00,0.25104503315931154
672,2023-05-08 10:00:00+00:00,0.4205862431660892
672,2023-05-08 11:00:00+00:00,0.4051106043909318
672,2023-05-08 12:00:00+00:00,0.47720537176998745
672,2023-05-08 13:00:00+00:00,0.48019272006397107
672,2023-05-08 14:00:00+00:00,0.5979933694866031
672,2023-05-08 15:00:00+00:00,0.6136136799707309
672,2023-05-08 16:00:00+00:00,0.5240345435549247
672,2023-05-08 17:00:00+00:00,0.5684082252316214
672,2023-05-08 18:00:00+00:00,0.3524122461556673
672,2023-05-08 19:00:00+00:00,0.029433370702269066
672,2023-05-08 20:00:00+00:00,0.23820778827185785
672,2023-05-08 21:00:00+00:00,0.19732588112614424
672,2023-05-08 22:00:00+00:00,0.1812918574993342
672,2023-05-08 23:00:00+00:00,7.687716650573661e-05
672,2023-05-09 00:00:00+00:00,0.0006152952977885538
672,2023-05-09 01:00:00+00:00,0.0027687942435884218
672,2023-05-09 02:00:00+00:00,0.001062561435676995
672,2023-05-09 03:00:00+00:00,0.0044304223601994335
672,2023-05-09 04:00:00+00:00,0.0038368208337088774
672,2023-05-09 05:00:00+00:00,0.004133338783235225
672,2023-05-09 06:00:00+00:00,0.0021374295757608554
672,2023-05-09 07:00:00+00:00,0.04595498852087635
672,2023-05-09 08:00:00+00:00,0.012947020142415921
672,2023-05-09 09:00:00+00:00,0.0024247739039438936
672,2023-05-09 10:00:00+00:00,0.002159370955948953
672,2023-05-09 11:00:00+00:00,0.007387995078452149
672,2023-05-09 12:00:00+00:00,0.045743997477247694
672,2023-05-09 13:00:00+00:00,0.008221385876194623
672,2023-05-09 14:00:00+00:00,0.004432091089340212
672,2023-05-09 15:00:00+00:00,0.0071808079498751785
672,2023-05-09 16:00:00+00:00,0.005655433386195862
672,2023-05-09 17:00:00+00:00,0.0012858669054728745
672,2023-05-09 18:00:00+00:00,0.010665393972047667
672,2023-05-09 19:00:00+00:00,0.0012165188514648756
672,2023-05-09 20:00:00+00:00,0.0051438802557807195
672,2023-05-09 21:00:00+00:00,0.003185841140920221
672,2023-05-09 22:00:00+00:00,0.014856682074634203
672,2023-05-09 23:00:00+00:00,0.002005256123987329
672,2023-05-10 00:00:00+00:00,0.0015370384588990654
672,2023-05-10 01:00:00+00:00,0.0010611051480179908
672,2023-05-10 02:00:00+00:00,0.001081493174415697
672,2023-05-10 03:00:00+00:00,0.004642119890675779
672,2023-05-10 04:00:00+00:00,0.0011717830056844293
672,2023-05-10 05:00:00+00:00,0.0011426572536088154
672,2023-05-10 06:00:00+00:00,0.0018150621830462785
672,2023-05-10 07:00:00+00:00,0.0012196875772105336
672,2023-05-10 08:00:00+00:00,0.0037039371964180208
672,2023-05-10 09:00:00+00:00,0.006344771657176179
672,2023-05-10 10:00:00+00:00,0.010928745402600979
672,2023-05-10 11:00:00+00:00,0.008325310128986371
672,2023-05-10 12:00:00+00:00,0.013011224005755424
672,2023-05-10 13:00:00+00:00,0.012557790731185644
672,2023-05-10 14:00:00+00:00,0.013871756436979238
672,2023-05-10 15:00:00+00:00,0.012599809876127004
672,2023-05-10 16:00:00+00:00,0.062048939719562685
672,2023-05-10 17:00:00+00:00,0.01619661602625989
672,2023-05-10 18:00:00+00:00,0.01625420615791452
672,2023-05-10 19:00:00+00:00,0.008150446444258845
672,2023-05-10 20:00:00+00:00,0.005143218884664707
672,2023-05-10 21:00:00+00:00,0.0040774834436422755
672,2023-05-10 22:00:00+00:00,0.0009273502252877868
672,2023-05-10 23:00:00+00:00,0.0022829428275886222
672,2023-05-11 00:00:00+00:00,0.0017917934023630084
672,2023-05-11 01:00:00+00:00,0.0015916587825121032
672,2023-05-11 02:00:00+00:00,0.003981057968151722
672,2023-05-11 03:00:00+00:00,0.0011717830056844293
672,2023-05-11 04:00:00+00:00,0.0010989686254953947
672,2023-05-11 05:00:00+00:00,0.00043456673954657085
672,2023-05-11 06:00:00+00:00,5.390863484357659e-05
672,2023-05-11 07:00:00+00:00,0.002673258243902232
672,2023-05-11 08:00:00+00:00,0.0005507475975847826
672,2023-05-11 09:00:00+00:00,0.001222360667470491
672,2023-05-11 10:00:00+00:00,0.004219293354389859
672,2023-05-11 11:00:00+00:00,0.01268753386740337
672,2023-05-11 12:00:00+00:00,0.05617813986835549
672,2023-05-11 13:00:00+00:00,0.001994524997721775
672,2023-05-11 14:00:00+00:00,0.002069057641312008
672,2023-05-11 15:00:00+00:00,0.0018697915827715634
672,2023-05-11 16:00:00+00:00,0.004464339291810387
672,2023-05-11 17:00:00+00:00,0.0021512667875456535
672,2023-05-11 18:00:00+00:00,0.004318094274476213
672,2023-05-11 19:00:00+00:00,0.008840192604267253
672,2023-05-11 20:00:00+00:00,0.0016370499132990404
672,2023-05-11 21:00:00+00:00,0.4128212565658429
672,2023-05-11 22:00:00+00:00,0.07678301881436278
672,2023-05-11 23:00:00+00:00,0.0009243489317921254
672,2023-05-12 00:00:00+00:00,0.0007526244641679501
672,2023-05-12 01:00:00+00:00,0.00027069256141800405
672,2023-05-12 02:00:00+00:00,0.0037543014680054857
672,2023-05-12 03:00:00+00:00,0.014509048529486196
672,2023-05-12 04:00:00+00:00,0.0019506405250197078
672,2023-05-12 05:00:00+00:00,0.0003804024494914985
672,2023-05-12 06:00:00+00:00,0.008435442979546588
672,2023-05-12 07:00:00+00:00,0.0028261574776680754
672,2023-05-12 08:00:00+00:00,0.004406149753826541
672,2023-05-12 09:00:00+00:00,0.005422674522448947
672,2023-05-12 10:00:00+00:00,0.0006796585460124012
672,2023-05-12 11:00:00+00:00,0.003483720195791682
672,2023-05-12 12:00:00+00:00,0.0012524838618513476
672,2023-05-12 13:00:00+00:00,0.004627547958860474
672,2023-05-12 14:00:00+00:00,0.0031742309813851247
672,2023-05-12 15:00:00+00:00,0.003563873933035383
672,2023-05-12 16:00:00+00:00,0.004649596124180667
672,2023-05-12 17:00:00+00:00,0.003903246932982908
672,2023-05-12 18:00:00+00:00,0.0034224939293676184
672,2023-05-12 19:00:00+00:00,0.0030579520695988346
672,2023-05-12 20:00:00+00:00,0.0006368601913529469
672,2023-05-12 21:00:00+00:00,0.0020670883206823057
672,2023-05-12 22:00:00+00:00,0.00810783114920107
672,2023-05-12 23:00:00+00:00,0.0011800545895187169
672,2023-05-13 00:00:00+00:00,0.000710224016655374
672,2023-05-13 01:00:00+00:00,0.0019258255748219842
672,2023-05-13 02:00:00+00:00,0.0009668309117717095
672,2023-05-13 03:00:00+00:00,0.0009887828776562015
672,2023-05-13 04:00:00+00:00,0.00023648015154422862
672,2023-05-13 05:00:00+00:00,0.00030482850303704766
672,2023-05-13 06:00:00+00:00,0.005853891791530321
672,2023-05-13 07:00:00+00:00,0.0015241763991558428
672,2023-05-13 08:00:00+00:00,0.010903345765756306
672,2023-05-13 09:00:00+00:00,0.002316317804121394
672,2023-05-13 10:00:00+00:00,0.0021136437660904937
672,2023-05-13 11:00:00+00:00,0.0027012797140212254
672,2023-05-13 12:00:00+00:00,0.0032497036768779908
672,2023-05-13 13:00:00+00:00,0.026225035633572237
672,2023-05-13 14:00:00+00:00,0.005535731087825716
672,2023-05-13 15:00:00+00:00,0.005267081973681559
672,2023-05-13 16:00:00+00:00,0.02419972865041537
672,2023-05-13 17:00:00+00:00,0.0251214899371307
672,2023-05-13 18:00:00+00:00,0.22004877247050647
672,2023-05-13 19:00:00+00:00,0.02199980976893565
672,2023-05-13 20:00:00+00:00,0.09763081642869886
672,2023-05-13 21:00:00+00:00,0.3263061231805246
672,2023-05-13 22:00:00+00:00,0.3163698701735342
672,2023-05-13 23:00:00+00:00,0.22437941227210717
672,2023-05-14 00:00:00+00:00,0.2599338804886368
672,2023-05-14 01:00:00+00:00,0.16612250792590155
672,2023-05-14 02:00:00+00:00,0.09752393763749527
672,2023-05-14 03:00:00+00:00,0.04685243133594513
672,2023-05-14 04:00:00+00:00,0.0404516585973772
672,2023-05-14 05:00:00+00:00,0.06801421150607508
672,2023-05-14 06:00:00+00:00,0.15621197847145096
672,2023-05-14 07:00:00+00:00,0.2750437701303673
672,2023-05-14 08:00:00+00:00,0.2653249750247723
672,2023-05-14 09:00:00+00:00,0.03638399762405013
672,2023-05-14 10:00:00+00:00,0.007898357109510817
672,2023-05-14 11:00:00+00:00,0.01006027015621368
672,2023-05-14 12:00:00+00:00,0.00303583295691688
672,2023-05-14 13:00:00+00:00,0.007526342399292668
672,2023-05-14 14:00:00+00:00,0.004502574176188711
672,2023-05-14 15:00:00+00:00,0.008850896411156545
672,2023-05-14 16:00:00+00:00,0.05312193950179208
672,2023-05-14 17:00:00+00:00,0.008337888883392609
672,2023-05-14 18:00:00+00:00,0.0074872897178771755
672,2023-05-14 19:00:00+00:00,0.0059270778675634015
672,2023-05-14 20:00:00+00:00,0.004154760400013201
672,2023-05-14 21:00:00+00:00,0.0020739770424612765
672,2023-05-14 22:00:00+00:00,0.001372108036934667
672,2023-05-14 23:00:00+00:00,0.00020129278650504457
672,2023-05-15 00:00:00+00:00,0.00010375207277146429
672,2023-05-15 01:00:00+00:00,2.5519855233652026e-05
672,2023-05-15 02:00:00+00:00,1.5854319841530594e-05
672,2023-05-15 03:00:00+00:00,1.585856219484066e-05
672,2023-05-15 04:00:00+00:00,1.585856219484066e-05
672,2023-05-15 05:00:00+00:00,1.58571936937729e-05
672,2023-05-15 06:00:00+00:00,5.722003960373388e-05
672,2023-05-15 07:00:00+00:00,9.564664490596631e-09
672,2023-05-15 08:00:00+00:00,0.00011655876076531132
672,2023-05-15 09:00:00+00:00,1.199575728731606e-08
672,2023-05-15 10:00:00+00:00,1.322785889068436e-19
672,2023-05-15 11:00:00+00:00,7.249884202850196e-20
672,2023-05-15 12:00:00+00:00,8.64898466076752e-20
672,2023-05-15 13:00:00+00:00,1.0966535573173392e-08
672,2023-05-15 14:00:00+00:00,1.0629376743476987e-08
672,2023-05-15 15:00:00+00:00,8.776175613958529e-20
672,2023-05-15 16:00:00+00:00,1.0576141239247403e-08
672,2023-05-15 17:00:00+00:00,0.00020434961091806247
672,2023-05-15 18:00:00+00:00,0.0002337171763875061
672,2023-05-15 19:00:00+00:00,0.00043741294180148373
672,2023-05-15 20:00:00+00:00,9.240575206510306e-05
672,2023-05-15 21:00:00+00:00,1.6146521733209513e-05
672,2023-05-15 22:00:00+00:00,0.0
672,2023-05-15 23:00:00+00:00,0.0
672,2023-05-16 00:00:00+00:00,3.815728528219275e-21
672,2023-05-16 01:00:00+00:00,0.0
672,2023-05-16 02:00:00+00:00,9.874964098271957e-21
672,2023-05-16 03:00:00+00:00,0.03822277476549056
672,2023-05-16 04:00:00+00:00,0.035691196492337485
672,2023-05-16 05:00:00+00:00,0.003498104784946725
672,2023-05-16 06:00:00+00:00,8.265215525485321e-05
672,2023-05-16 07:00:00+00:00,0.0007904365376398817
672,2023-05-16 08:00:00+00:00,0.0
672,2023-05-16 09:00:00+00:00,0.0
672,2023-05-16 10:00:00+00:00,8.648984660930591e-20
672,2023-05-16 11:00:00+00:00,4.070110434079469e-20
672,2023-05-16 12:00:00+00:00,8.375735959888257e-09
672,2023-05-16 13:00:00+00:00,0.0
672,2023-05-16 14:00:00+00:00,3.301582738059731e-50
672,2023-05-16 15:00:00+00:00,2.9439922758158046e-09
672,2023-05-16 16:00:00+00:00,0.0012322678440930485
672,2023-05-16 17:00:00+00:00,0.01783879840304486
672,2023-05-16 18:00:00+00:00,0.0014463261481519319
672,2023-05-16 19:00:00+00:00,1.1137869477791866e-50
672,2023-05-16 20:00:00+00:00,9.195661133757134e-05
672,2023-05-16 21:00:00+00:00,0.00021629544629330976
672,2023-05-16 22:00:00+00:00,0.00019490186725652667
672,2023-05-16 23:00:00+00:00,1.103160146589761e-09
672,2023-05-17 00:00:00+00:00,5.678465179874709e-10
672,2023-05-17 01:00:00+00:00,0.0
672,2023-05-17 02:00:00+00:00,1.4589038533521753e-05
672,2023-05-17 03:00:00+00:00,9.014563457224176e-10
672,2023-05-17 04:00:00+00:00,0.018853282707361984
672,2023-05-17 05:00:00+00:00,0.08263051360141328
672,2023-05-17 06:00:00+00:00,0.25298218873961265
672,2023-05-17 07:00:00+00:00,0.0012420814590023168
672,2023-05-17 08:00:00+00:00,3.381138948615387e-50
672,2023-05-17 09:00:00+00:00,0.0
672,2023-05-17 10:00:00+00:00,0.0
672,2023-05-17 11:00:00+00:00,9.937313862196108e-09
672,2023-05-17 12:00:00+00:00,0.0
672,2023-05-17 13:00:00+00:00,9.030557513980815e-20
672,2023-05-17 14:00:00+00:00,0.0
672,2023-05-17 15:00:00+00:00,0.0009912563897348
672,2023-05-17 16:00:00+00:00,0.001899001844726238
672,2023-05-17 17:00:00+00:00,0.00214987204701314
672,2023-05-17 18:00:00+00:00,0.004188954735618889
672,2023-05-17 19:00:00+00:00,0.0009447862253476245
672,2023-05-17 20:00:00+00:00,0.00031076092583922813
672,2023-05-17 21:00:00+00:00,0.0004582279278017596
672,2023-05-17 22:00:00+00:00,0.0176315560800918
672,2023-05-17 23:00:00+00:00,0.10584196695759837
672,2023-05-18 00:00:00+00:00,0.020094424982167933
672,2023-05-18 01:00:00+00:00,0.04548195166337061
672,2023-05-18 02:00:00+00:00,0.04936772466731313
672,2023-05-18 03:00:00+00:00,0.03720063592137075
672,2023-05-18 04:00:00+00:00,0.028941413560119443
672,2023-05-18 05:00:00+00:00,0.00033574348435303186
672,2023-05-18 06:00:00+00:00,6.12039703078857e-05
672,2023-05-18 07:00:00+00:00,0.0029110600246013774
672,2023-05-18 08:00:00+00:00,0.0004822509515477132
672,2023-05-18 09:00:00+00:00,3.256327601495868e-09
672,2023-05-18 10:00:00+00:00,0.0006731271835255808
672,2023-05-18 11:00:00+00:00,0.0016683536383949034
672,2023-05-18 12:00:00+00:00,0.0015695225362026685
672,2023-05-18 13:00:00+00:00,0.0012181839639393074
672,2023-05-18 14:00:00+00:00,0.004183045892116762
672,2023-05-18 15:00:00+00:00,0.012510795236263373
672,2023-05-18 16:00:00+00:00,0.01406504206275132
672,2023-05-18 17:00:00+00:00,0.005972778213590826
672,2023-05-18 18:00:00+00:00,0.01805658016927458
672,2023-05-18 19:00:00+00:00,0.048879626627788754
672,2023-05-18 20:00:00+00:00,0.03537891592215442
672,2023-05-18 21:00:00+00:00,0.020742251387135813
672,2023-05-18 22:00:00+00:00,0.003610148664794976
672,2023-05-18 23:00:00+00:00,0.0006298593598707597
672,2023-05-19 00:00:00+00:00,7.600284323320884e-05
672,2023-05-19 01:00:00+00:00,5.357735747440474e-05
672,2023-05-19 02:00:00+00:00,1.3922336847239833e-51
672,2023-05-19 03:00:00+00:00,1.1933431583348425e-51
672,2023-05-19 04:00:00+00:00,4.731416083426736e-10
672,2023-05-19 05:00:00+00:00,3.815728529197696e-21
672,2023-05-19 06:00:00+00:00,3.815728558061083e-21
672,2023-05-19 07:00:00+00:00,9.138779598940642e-09
672,2023-05-19 08:00:00+00:00,0.000253829050456944
672,2023-05-19 09:00:00+00:00,0.005265521626431688
672,2023-05-19 10:00:00+00:00,1.160536303252469e-08
672,2023-05-19 11:00:00+00:00,0.00013082297222816207
672,2023-05-19 12:00:00+00:00,0.0011721821913950265
672,2023-05-19 13:00:00+00:00,0.0010301790484915255
672,2023-05-19 14:00:00+00:00,0.00159103427622788
672,2023-05-19 15:00:00+00:00,0.00017576439519804876
672,2023-05-19 16:00:00+00:00,0.00022273041527737022
672,2023-05-19 17:00:00+00:00,0.00589399767462431
672,2023-05-19 18:00:00+00:00,0.030351001578271117
672,2023-05-19 19:00:00+00:00,0.9977561828924362
672,2023-05-19 20:00:00+00:00,0.15408889368215692
672,2023-05-19 21:00:00+00:00,0.00016860181679793625
672,2023-05-19 22:00:00+00:00,0.00035798447283233795
672,2023-05-19 23:00:00+00:00,0.0011694573013046796
672,2023-05-20 00:00:00+00:00,0.0010386068179121855
672,2023-05-20 01:00:00+00:00,0.00019019761167833986
672,2023-05-20 02:00:00+00:00,0.0003595013110099431
672,2023-05-20 03:00:00+00:00,0.007880817846856169
672,2023-05-20 04:00:00+00:00,0.00017441836767836654
672,2023-05-20 05:00:00+00:00,0.0018624711198589852
672,2023-05-20 06:00:00+00:00,0.000384635794277066
672,2023-05-20 07:00:00+00:00,6.308132983469375e-05
672,2023-05-20 08:00:00+00:00,5.98396433463041e-05
672,2023-05-20 09:00:00+00:00,0.00024843253103547697
672,2023-05-20 10:00:00+00:00,0.003543419998934851
672,2023-05-20 11:00:00+00:00,0.0008139471515115156
672,2023-05-20 12:00:00+00:00,0.0010357621038498313
672,2023-05-20 13:00:00+00:00,0.004836632805738691
672,2023-05-20 14:00:00+00:00,0.001234859679188241
672,2023-05-20 15:00:00+00:00,0.003944087033245002
672,2023-05-20 16:00:00+00:00,0.003972342703597027
672,2023-05-20 17:00:00+00:00,0.02527192916480371
672,2023-05-20 18:00:00+00:00,0.025034847902056623
672,2023-05-20 19:00:00+00:00,0.17563993756275553
672,2023-05-20 20:00:00+00:00,0.11704725584643194
672,2023-05-20 21:00:00+00:00,0.4235759665376105
672,2023-05-20 22:00:00+00:00,0.3597218675707072
672,2023-05-20 23:00:00+00:00,0.001953132987787505
672,2023-05-21 00:00:00+00:00,0.0005221627789868262
672,2023-05-21 01:00:00+00:00,0.0011383834896771543
672,2023-05-21 02:00:00+00:00,0.0032773435200895867
672,2023-05-21 03:00:00+00:00,0.00044663756008217264
672,2023-05-21 04:00:00+00:00,1.9320048166931484e-05
672,2023-05-21 05:00:00+00:00,7.878044540580425e-05
672,2023-05-21 06:00:00+00:00,0.00043604930759316
672,2023-05-21 07:00:00+00:00,0.0014228054961710097
672,2023-05-21 08:00:00+00:00,0.0003937451688467847
672,2023-05-21 09:00:00+00:00,0.00021981427561581352
672,2023-05-21 10:00:00+00:00,0.00047441701509196976
672,2023-05-21 11:00:00+00:00,0.0006916623003676079
672,2023-05-21 12:00:00+00:00,0.0008512896259342155
672,2023-05-21 13:00:00+00:00,0.0044248739208298795
672,2023-05-21 14:00:00+00:00,0.0003529002615725094
672,2023-05-21 15:00:00+00:00,0.0003390212559361802
672,2023-05-21 16:00:00+00:00,0.0009366508244747206
672,2023-05-21 17:00:00+00:00,0.004110635896733721
672,2023-05-21 18:00:00+00:00,0.003859252254250569
672,2023-05-21 19:00:00+00:00,0.002864606231100423
672,2023-05-21 20:00:00+00:00,0.0028411092922377605
672,2023-05-21 21:00:00+00:00,0.0016377949516417592
672,2023-05-21 22:00:00+00:00,0.004264237507915487
672,2023-05-21 23:00:00+00:00,0.027016833050359255
672,2023-05-22 00:00:00+00:00,0.00018149075625869312
672,2023-05-22 01:00:00+00:00,2.2390521307181983e-05
672,2023-05-22 02:00:00+00:00,1.2932612695708763e-05
672,2023-05-22 03:00:00+00:00,1.5852403940035724e-05
672,2023-05-22 04:00:00+00:00,9.874964099821122e-21
672,2023-05-22 05:00:00+00:00,9.874964099658051e-21
672,2023-05-22 06:00:00+00:00,0.0
672,2023-05-22 07:00:00+00:00,1.0522905443802407e-08
672,2023-05-22 08:00:00+00:00,0.00011658544653613272
672,2023-05-22 09:00:00+00:00,0.9674329431710988
672,2023-05-22 10:00:00+00:00,0.005086354449063618
672,2023-05-22 11:00:00+00:00,0.0003852871862449943
672,2023-05-22 12:00:00+00:00,0.002991875341577427
672,2023-05-22 13:00:00+00:00,0.0039095222059533025
672,2023-05-22 14:00:00+00:00,0.004222165998829799
672,2023-05-22 15:00:00+00:00,0.0044327434250199345
672,2023-05-22 16:00:00+00:00,0.00038606064256001884
672,2023-05-22 17:00:00+00:00,0.0005110221905930539
672,2023-05-22 18:00:00+00:00,1.1427911003567069e-08
672,2023-05-22 19:00:00+00:00,0.00010631911050211042
672,2023-05-22 20:00:00+00:00,0.0006692487279590329
672,2023-05-22 21:00:00+00:00,0.0016769770560466375
672,2023-05-22 22:00:00+00:00,0.0010186135622270963
672,2023-05-22 23:00:00+00:00,0.0003492296458337148
672,2023-05-23 00:00:00+00:00,0.0002188733816118478
672,2023-05-23 01:00:00+00:00,0.0002350388412240228
672,2023-05-23 02:00:00+00:00,4.533375524196597e-05
672,2023-05-23 03:00:00+00:00,0.00010834358678704776
672,2023-05-23 04:00:00+00:00,3.7297718786197404e-05
672,2023-05-23 05:00:00+00:00,9.874964101941031e-21
672,2023-05-23 06:00:00+00:00,1.609109069729942e-05
672,2023-05-23 07:00:00+00:00,0.0028528866847391033
672,2023-05-23 08:00:00+00:00,0.004205069947013572
672,2023-05-23 09:00:00+00:00,0.020726876277596396
672,2023-05-23 10:00:00+00:00,0.024726133187590975
672,2023-05-23 11:00:00+00:00,0.004830221996891069
672,2023-05-23 12:00:00+00:00,0.003379991829946892
672,2023-05-23 13:00:00+00:00,0.0008975993965222159
672,2023-05-23 14:00:00+00:00,0.0049198394695445895
672,2023-05-23 15:00:00+00:00,0.005425761332980526
672,2023-05-23 16:00:00+00:00,0.027923090198766244
672,2023-05-23 17:00:00+00:00,0.035775579407292334
672,2023-05-23 18:00:00+00:00,0.0012130846512817543
672,2023-05-23 19:00:00+00:00,0.004508182236542909
672,2023-05-23 20:00:00+00:00,0.0030609372282220607
672,2023-05-23 21:00:00+00:00,0.0
672,2023-05-23 22:00:00+00:00,0.00010736649752052058
672,2023-05-23 23:00:00+00:00,0.0002528203431356438
672,2023-05-24 00:00:00+00:00,0.0
672,2023-05-24 01:00:00+00:00,0.0005149204230772546
672,2023-05-24 02:00:00+00:00,0.0008412777013154897
672,2023-05-24 03:00:00+00:00,0.060512699544782216
672,2023-05-24 04:00:00+00:00,3.7297718786197404e-05
672,2023-05-24 05:00:00+00:00,0.06069360922543334
672,2023-05-24 06:00:00+00:00,0.22574041561925567
672,2023-05-24 07:00:00+00:00,9.138779687571419e-09
672,2023-05-24 08:00:00+00:00,1.949127158613576e-50
672,2023-05-24 09:00:00+00:00,6.868311353925641e-20
672,2023-05-24 10:00:00+00:00,0.00018187559222220537
672,2023-05-24 11:00:00+00:00,6.868311349761919e-20
672,2023-05-24 12:00:00+00:00,7.914360709921518e-09
672,2023-05-24 13:00:00+00:00,4.932485054450683e-50
672,2023-05-24 14:00:00+00:00,0.0
672,2023-05-24 15:00:00+00:00,2.346908211391857e-50
672,2023-05-24 16:00:00+00:00,0.0001594190475743573
672,2023-05-24 17:00:00+00:00,0.0014810710025006308
672,2023-05-24 18:00:00+00:00,0.0010688490275743267
672,2023-05-24 19:00:00+00:00,0.022745453476587654
672,2023-05-24 20:00:00+00:00,0.017772193143418016
672,2023-05-24 21:00:00+00:00,0.002017581600620274
672,2023-05-24 22:00:00+00:00,0.0001643315811447944
672,2023-05-24 23:00:00+00:00,7.759504894459651e-05
672,2023-05-25 00:00:00+00:00,6.145227084041688e-06
672,2023-05-25 01:00:00+00:00,1.634238538908852e-05
672,2023-05-25 02:00:00+00:00,0.00013650610652522267
672,2023-05-25 03:00:00+00:00,4.344905705512763e-05
672,2023-05-25 04:00:00+00:00,0.0002765750916164169
672,2023-05-25 05:00:00+00:00,6.051604619149712e-05
672,2023-05-25 06:00:00+00:00,1.5859053802792057e-05
672,2023-05-25 07:00:00+00:00,0.00016085222981258114
672,2023-05-25 08:00:00+00:00,0.0008160075943553874
672,2023-05-25 09:00:00+00:00,0.0009003927775498582
672,2023-05-25 10:00:00+00:00,0.004585147511347796
672,2023-05-25 11:00:00+00:00,0.000838096738626347
672,2023-05-25 12:00:00+00:00,0.0010200936585757722
672,2023-05-25 13:00:00+00:00,0.024837169454499416
672,2023-05-25 14:00:00+00:00,0.004473617409251718
672,2023-05-25 15:00:00+00:00,0.0011883928504180042
672,2023-05-25 16:00:00+00:00,0.025956830438010715
672,2023-05-25 17:00:00+00:00,0.006316678990285476
672,2023-05-25 18:00:00+00:00,0.029892511737387262
672,2023-05-25 19:00:00+00:00,1.1067539304641414
672,2023-05-25 20:00:00+00:00,0.5856606547852334
672,2023-05-25 21:00:00+00:00,0.4250269515727636
672,2023-05-25 22:00:00+00:00,0.28882752997349886
672,2023-05-25 23:00:00+00:00,0.22282467134596753
672,2023-05-26 00:00:00+00:00,0.07789194049749154
672,2023-05-26 01:00:00+00:00,0.011299876343307839
672,2023-05-26 02:00:00+00:00,0.014035473096029247
672,2023-05-26 03:00:00+00:00,0.016771069848750656
672,2023-05-26 04:00:00+00:00,0.0019506405250197078
672,2023-05-26 05:00:00+00:00,0.012245036631264968
672,2023-05-26 06:00:00+00:00,0.36891029895057476
672,2023-05-26 07:00:00+00:00,0.8144278531469612
672,2023-05-26 08:00:00+00:00,1.1991477421448529
672,2023-05-26 09:00:00+00:00,1.0586059297889279
672,2023-05-26 10:00:00+00:00,0.23349660261580293
672,2023-05-26 11:00:00+00:00,1.1177569296754577
672,2023-05-26 12:00:00+00:00,1.0499559354896661
672,2023-05-26 13:00:00+00:00,1.161211326451531
672,2023-05-26 14:00:00+00:00,0.23146385205941347
672,2023-05-26 15:00:00+00:00,1.3412327759670128
672,2023-05-26 16:00:00+00:00,1.2928879040271248
672,2023-05-26 17:00:00+00:00,1.4949190174642706
672,2023-05-26 18:00:00+00:00,1.24963428792514
672,2023-05-26 19:00:00+00:00,1.175995708523002
672,2023-05-26 20:00:00+00:00,0.9455762654716734
672,2023-05-26 21:00:00+00:00,0.5514968490957803
672,2023-05-26 22:00:00+00:00,0.5662104191404416
672,2023-05-26 23:00:00+00:00,0.2832913183438602
672,2023-05-27 00:00:00+00:00,0.1798509338671962
672,2023-05-27 01:00:00+00:00,0.11851780057790438
672,2023-05-27 02:00:00+00:00,0.03633815089206419
672,2023-05-27 03:00:00+00:00,0.03350252159651002
672,2023-05-27 04:00:00+00:00,0.04330575650425865
672,2023-05-27 05:00:00+00:00,0.04470621863393703
672,2023-05-27 06:00:00+00:00,0.10497814776440331
672,2023-05-27 07:00:00+00:00,0.2842373003632354
672,2023-05-27 08:00:00+00:00,0.4528759183639961
672,2023-05-27 09:00:00+00:00,0.7458573491949948
672,2023-05-27 10:00:00+00:00,0.11648153782208778
672,2023-05-27 11:00:00+00:00,0.020427547180415014
672,2023-05-27 12:00:00+00:00,0.02410764113789909
672,2023-05-27 13:00:00+00:00,0.001363984051148347
672,2023-05-27 14:00:00+00:00,0.004454689938431978
672,2023-05-27 15:00:00+00:00,0.007710228396677872
672,2023-05-27 16:00:00+00:00,0.0007434233017790291
672,2023-05-27 17:00:00+00:00,0.001044314284892813
672,2023-05-27 18:00:00+00:00,0.0003049636656232422
672,2023-05-27 19:00:00+00:00,0.00010831839034179159
672,2023-05-27 20:00:00+00:00,0.0003021405500734026
672,2023-05-27 21:00:00+00:00,0.014255156225683236
672,2023-05-27 22:00:00+00:00,0.10940570994415984
672,2023-05-27 23:00:00+00:00,0.431624264941742
672,2023-05-28 00:00:00+00:00,0.0006839440562662421
672,2023-05-28 01:00:00+00:00,0.005550844032505856
672,2023-05-28 02:00:00+00:00,0.00037868663692862284
672,2023-05-28 03:00:00+00:00,7.021628054056796e-05
672,2023-05-28 04:00:00+00:00,1.444362874629714e-05
672,2023-05-28 05:00:00+00:00,0.00042268809245473707
672,2023-05-28 06:00:00+00:00,2.4113106290216057e-05
672,2023-05-28 07:00:00+00:00,2.324621667975631e-09
672,2023-05-28 08:00:00+00:00,0.00039280281975336554
672,2023-05-28 09:00:00+00:00,0.012289263744814757
672,2023-05-28 10:00:00+00:00,0.003961284736967649
672,2023-05-28 11:00:00+00:00,0.024147044036274507
672,2023-05-28 12:00:00+00:00,0.005256057891022175
672,2023-05-28 13:00:00+00:00,0.005534238508514918
672,2023-05-28 14:00:00+00:00,0.00413105594686487
672,2023-05-28 15:00:00+00:00,0.2039080235470978
672,2023-05-28 16:00:00+00:00,0.9306095322528356
672,2023-05-28 17:00:00+00:00,0.0252273019758357
672,2023-05-28 18:00:00+00:00,0.02442091597931338
672,2023-05-28 19:00:00+00:00,0.8371340746176593
672,2023-05-28 20:00:00+00:00,0.6035896695894327
672,2023-05-28 21:00:00+00:00,0.5524404415018074
672,2023-05-28 22:00:00+00:00,0.24582922412625408
672,2023-05-28 23:00:00+00:00,0.3419474115844711
672,2023-05-29 00:00:00+00:00,0.06443001721122013
672,2023-05-29 01:00:00+00:00,0.1187714863912388
672,2023-05-29 02:00:00+00:00,0.06668824346006454
672,2023-05-29 03:00:00+00:00,0.02257260033794255
672,2023-05-29 04:00:00+00:00,0.0005067528630149484
672,2023-05-29 05:00:00+00:00,0.00012862794772393484
672,2023-05-29 06:00:00+00:00,0.00014591276433310684
672,2023-05-29 07:00:00+00:00,0.0015029592334147106
672,2023-05-29 08:00:00+00:00,0.0063750721212988675
672,2023-05-29 09:00:00+00:00,0.11735172275745805
672,2023-05-29 10:00:00+00:00,0.692107251457134
672,2023-05-29 11:00:00+00:00,0.19866717237820644
672,2023-05-29 12:00:00+00:00,0.8595985176250229
672,2023-05-29 13:00:00+00:00,1.0481819106782102
672,2023-05-29 14:00:00+00:00,1.1061158765910515
672,2023-05-29 15:00:00+00:00,1.161738369827161
672,2023-05-29 16:00:00+00:00,0.9372053938209706
672,2023-05-29 17:00:00+00:00,0.9274947778653092
672,2023-05-29 18:00:00+00:00,0.9343399828850717
672,2023-05-29 19:00:00+00:00,0.9468418186886427
672,2023-05-29 20:00:00+00:00,0.49536495471279984
672,2023-05-29 21:00:00+00:00,0.06291567611111452
672,2023-05-29 22:00:00+00:00,0.04938446954450976
672,2023-05-29 23:00:00+00:00,0.05527490578126111
672,2023-05-30 00:00:00+00:00,0.13108306002353456
672,2023-05-30 01:00:00+00:00,0.2141927670021755
672,2023-05-30 02:00:00+00:00,0.054614402155119375
672,2023-05-30 03:00:00+00:00,0.0003898323009319339
672,2023-05-30 04:00:00+00:00,0.00010834358678704776
672,2023-05-30 05:00:00+00:00,0.0003898323009319339
672,2023-05-30 06:00:00+00:00,0.00042688444529869233
672,2023-05-30 07:00:00+00:00,0.001942312208943402
672,2023-05-30 08:00:00+00:00,1.0815428082211005
672,2023-05-30 09:00:00+00:00,0.9495811663439628
672,2023-05-30 10:00:00+00:00,0.023825268855282175
672,2023-05-30 11:00:00+00:00,0.02240278146596709
672,2023-05-30 12:00:00+00:00,0.024236740829502515
672,2023-05-30 13:00:00+00:00,0.021430726284399175
672,2023-05-30 14:00:00+00:00,0.003887507924602492
672,2023-05-30 15:00:00+00:00,0.004248895205900624
672,2023-05-30 16:00:00+00:00,0.20507123738899805
672,2023-05-30 17:00:00+00:00,0.27794836837105086
672,2023-05-30 18:00:00+00:00,0.24146272025644072
672,2023-05-30 19:00:00+00:00,0.023643927110404563
672,2023-05-30 20:00:00+00:00,0.11301210777580913
672,2023-05-30 21:00:00+00:00,0.04802695569410756
672,2023-05-30 22:00:00+00:00,0.18498873404307078
672,2023-05-30 23:00:00+00:00,0.027624912021778057
672,2023-05-31 00:00:00+00:00,0.06661004828473165
672,2023-05-31 01:00:00+00:00,0.05911223741510384
672,2023-05-31 02:00:00+00:00,0.06443399350788168
672,2023-05-31 03:00:00+00:00,0.017791865781906977
672,2023-05-31 04:00:00+00:00,0.012245036631264968
672,2023-05-31 05:00:00+00:00,0.001792586370651365
672,2023-05-31 06:00:00+00:00,0.004575734071987627
672,2023-05-31 07:00:00+00:00,0.15563055653445237
672,2023-05-31 08:00:00+00:00,1.0718929236010024
672,2023-05-31 09:00:00+00:00,1.0990105254861624
672,2023-05-31 10:00:00+00:00,0.8669727380134302
672,2023-05-31 11:00:00+00:00,0.9111494722900485
672,2023-05-31 12:00:00+00:00,1.0600597685793394
672,2023-05-31 13:00:00+00:00,1.0491744389252387
672,2023-05-31 14:00:00+00:00,0.22051805806694283
672,2023-05-31 15:00:00+00:00,0.023806988096251237
672,2023-05-31 16:00:00+00:00,0.2390837717879515
672,2023-05-31 17:00:00+00:00,0.029068872156923678
672,2023-05-31 18:00:00+00:00,0.026779699022286236
672,2023-05-31 19:00:00+00:00,0.00926689494790225
672,2023-05-31 20:00:00+00:00,0.1126716127025454
672,2023-05-31 21:00:00+00:00,0.005976269524879764
672,2023-05-31 22:00:00+00:00,0.006261032589174105
672,2023-05-31 23:00:00+00:00,0.020266873352559063
672,2023-06-01 00:00:00+00:00,0.014978895677917334
672,2023-06-01 01:00:00+00:00,0.0645573334379761
672,2023-06-01 02:00:00+00:00,0.045266403485808376
672,2023-06-01 03:00:00+00:00,0.014402373704146156
672,2023-06-01 04:00:00+00:00,0.002497521163061988
672,2023-06-01 05:00:00+00:00,0.019433286479848683
672,2023-06-01 06:00:00+00:00,0.0737174044663955
672,2023-06-01 07:00:00+00:00,0.7388737930191167
672,2023-06-01 08:00:00+00:00,0.9115385688522067
672,2023-06-01 09:00:00+00:00,0.021403941270887385
672,2023-06-01 10:00:00+00:00,0.18119521890727847
672,2023-06-01 11:00:00+00:00,0.02332976679371841
672,2023-06-01 12:00:00+00:00,0.02755348724796752
672,2023-06-01 13:00:00+00:00,0.025264314154922845
672,2023-06-01 14:00:00+00:00,0.204620290462999
672,2023-06-01 15:00:00+00:00,1.0415403811265802
672,2023-06-01 16:00:00+00:00,1.077539474999182
672,2023-06-01 17:00:00+00:00,0.29663733463544983
672,2023-06-01 18:00:00+00:00,1.098918316684373
672,2023-06-01 19:00:00+00:00,0.9324630242190438
672,2023-06-01 20:00:00+00:00,0.5188174481824429
672,2023-06-01 21:00:00+00:00,0.4525036953362822
672,2023-06-01 22:00:00+00:00,0.3713036567990059
672,2023-06-01 23:00:00+00:00,0.19090450917866603
672,2023-06-02 00:00:00+00:00,0.06399353370729592
672,2023-06-02 01:00:00+00:00,0.05907131832843195
672,2023-06-02 02:00:00+00:00,0.05684355709114962
672,2023-06-02 03:00:00+00:00,0.058710839930720786
672,2023-06-02 04:00:00+00:00,0.012295641048387563
672,2023-06-02 05:00:00+00:00,0.05491085102606871
672,2023-06-02 06:00:00+00:00,0.24222343647288416
672,2023-06-02 07:00:00+00:00,0.1547499950749718
672,2023-06-02 08:00:00+00:00,1.1933910310497102
672,2023-06-02 09:00:00+00:00,1.0017367061043398
672,2023-06-02 10:00:00+00:00,1.0834568041444141
672,2023-06-02 11:00:00+00:00,0.2169466978130476
672,2023-06-02 12:00:00+00:00,1.037285369532878
672,2023-06-02 13:00:00+00:00,0.8270159789024049
672,2023-06-02 14:00:00+00:00,0.2121150025235029
672,2023-06-02 15:00:00+00:00,0.20940503504991503
672,2023-06-02 16:00:00+00:00,0.22981048368451137
672,2023-06-02 17:00:00+00:00,0.24903183711969315
672,2023-06-02 18:00:00+00:00,0.2644274109770187
672,2023-06-02 19:00:00+00:00,0.19038621130243222
672,2023-06-02 20:00:00+00:00,0.6769712817685322
672,2023-06-02 21:00:00+00:00,0.4412872443685683
672,2023-06-02 22:00:00+00:00,0.42194697362323136
672,2023-06-02 23:00:00+00:00,0.3707781343009339
672,2023-06-03 00:00:00+00:00,0.24005685304247473
672,2023-06-03 01:00:00+00:00,0.13700693749067916
672,2023-06-03 02:00:00+00:00,0.12702046137218873
672,2023-06-03 03:00:00+00:00,0.01875208025969423
672,2023-06-03 04:00:00+00:00,0.002385882677927957
672,2023-06-03 05:00:00+00:00,0.0006960589091130911
672,2023-06-03 06:00:00+00:00,0.001352081610367744
672,2023-06-03 07:00:00+00:00,0.008277388825178244
672,2023-06-03 08:00:00+00:00,0.009720773044121559
672,2023-06-03 09:00:00+00:00,0.0017561065269643386
672,2023-06-03 10:00:00+00:00,0.003491555816012456
672,2023-06-03 11:00:00+00:00,0.021256999424624123
672,2023-06-03 12:00:00+00:00,0.030775755289053283
672,2023-06-03 13:00:00+00:00,0.2136147960086873
672,2023-06-03 14:00:00+00:00,1.08682620650851
672,2023-06-03 15:00:00+00:00,0.9307919662481802
672,2023-06-03 16:00:00+00:00,1.0247581074342547
672,2023-06-03 17:00:00+00:00,0.9849508714060176
672,2023-06-03 18:00:00+00:00,0.8460762531298872
672,2023-06-03 19:00:00+00:00,0.8111290971137193
672,2023-06-03 20:00:00+00:00,0.7006836970811249
672,2023-06-03 21:00:00+00:00,0.5352123401084238
672,2023-06-03 22:00:00+00:00,0.5177860257087765
672,2023-06-03 23:00:00+00:00,0.38757368725657443
672,2023-06-04 00:00:00+00:00,0.20854285244023035
672,2023-06-04 01:00:00+00:00,0.18922731294097078
672,2023-06-04 02:00:00+00:00,0.032115758411263726
672,2023-06-04 03:00:00+00:00,0.012138361805924928
672,2023-06-04 04:00:00+00:00,0.00019955334352973324
672,2023-06-04 05:00:00+00:00,0.0002914808414862252
672,2023-06-04 06:00:00+00:00,9.391637553905051e-05
672,2023-06-04 07:00:00+00:00,0.0014888144562540577
672,2023-06-04 08:00:00+00:00,0.00806664995268712
672,2023-06-04 09:00:00+00:00,0.0011872625139764236
672,2023-06-04 10:00:00+00:00,0.002933702001715153
672,2023-06-04 11:00:00+00:00,0.0009917895195205818
672,2023-06-04 12:00:00+00:00,0.0013236424914853345
672,2023-06-04 13:00:00+00:00,0.0010204077749402453
672,2023-06-04 14:00:00+00:00,0.004088587731413426
672,2023-06-04 15:00:00+00:00,0.18972604308070953
672,2023-06-04 16:00:00+00:00,0.21925321785538632
672,2023-06-04 17:00:00+00:00,0.2270401634044963
672,2023-06-04 18:00:00+00:00,0.024734190820727663
672,2023-06-04 19:00:00+00:00,0.003426949764417174
672,2023-06-04 20:00:00+00:00,0.0027102930360289944
672,2023-06-04 21:00:00+00:00,0.007262042233506942
672,2023-06-04 22:00:00+00:00,0.2715338065839791
672,2023-06-04 23:00:00+00:00,0.08704000496518877
672,2023-06-05 00:00:00+00:00,0.07038614282664546
672,2023-06-05 01:00:00+00:00,0.09130333813744516
672,2023-06-05 02:00:00+00:00,0.07494923003751348
672,2023-06-05 03:00:00+00:00,0.07494923012358395
672,2023-06-05 04:00:00+00:00,0.0003898323009319339
672,2023-06-05 05:00:00+00:00,0.00010834358678704776
672,2023-06-05 06:00:00+00:00,0.059693558093103304
672,2023-06-05 07:00:00+00:00,0.18384655326849075
672,2023-06-05 08:00:00+00:00,0.25479534715613805
672,2023-06-05 09:00:00+00:00,0.22690485533155758
672,2023-06-05 10:00:00+00:00,0.19028288765245785
672,2023-06-05 11:00:00+00:00,0.911927665414365
672,2023-06-05 12:00:00+00:00,0.3122850511921214
672,2023-06-05 13:00:00+00:00,0.04036047775374174
672,2023-06-05 14:00:00+00:00,0.31690219444878165
672,2023-06-05 15:00:00+00:00,0.0066080717334511515
672,2023-06-05 16:00:00+00:00,0.0011957676778719918
672,2023-06-05 17:00:00+00:00,0.007006449072840013
672,2023-06-05 18:00:00+00:00,0.22496006976972804
672,2023-06-05 19:00:00+00:00,0.9158858217164513
672,2023-06-05 20:00:00+00:00,0.5166115157096204
672,2023-06-05 21:00:00+00:00,0.4499002037770454
672,2023-06-05 22:00:00+00:00,0.20492015296850982
672,2023-06-05 23:00:00+00:00,0.11195201867543199
672,2023-06-06 00:00:00+00:00,0.06690092808442778
672,2023-06-06 01:00:00+00:00,0.06925700979753426
672,2023-06-06 02:00:00+00:00,0.07437005944271247
672,2023-06-06 03:00:00+00:00,0.048047860489860525
672,2023-06-06 04:00:00+00:00,0.0628058840075743
672,2023-06-06 05:00:00+00:00,0.05491085102606871
672,2023-06-06 06:00:00+00:00,0.3208538968627869
672,2023-06-06 07:00:00+00:00,0.883883800632578
672,2023-06-06 08:00:00+00:00,1.1534811421846327
672,2023-06-06 09:00:00+00:00,1.0047647789304244
672,2023-06-06 10:00:00+00:00,0.937457155040732
672,2023-06-06 11:00:00+00:00,1.0923910024188537
672,2023-06-06 12:00:00+00:00,1.119149931620116
672,2023-06-06 13:00:00+00:00,1.1216930983981146
672,2023-06-06 14:00:00+00:00,1.1595624140479461
672,2023-06-06 15:00:00+00:00,1.150009031368519
672,2023-06-06 16:00:00+00:00,1.335473132779023
672,2023-06-06 17:00:00+00:00,1.3274596222590669
672,2023-06-06 18:00:00+00:00,1.4190032607601786
672,2023-06-06 19:00:00+00:00,1.2081492477656783
672,2023-06-06 20:00:00+00:00,0.7062793827974199
672,2023-06-06 21:00:00+00:00,0.4253370854920839
672,2023-06-06 22:00:00+00:00,0.29589138642073687
672,2023-06-06 23:00:00+00:00,0.16768692436341603
672,2023-06-07 00:00:00+00:00,0.07817882409865624
672,2023-06-07 01:00:00+00:00,0.06543305815317699
672,2023-06-07 02:00:00+00:00,0.015433801857404755
672,2023-06-07 03:00:00+00:00,0.01653435195802284
672,2023-06-07 04:00:00+00:00,0.01564105447859681
672,2023-06-07 05:00:00+00:00,0.07171639658220923
672,2023-06-07 06:00:00+00:00,0.29242738851694244
672,2023-06-07 07:00:00+00:00,0.16600694057078272
672,2023-06-07 08:00:00+00:00,1.2884172382042736
672,2023-06-07 09:00:00+00:00,1.2653547543722765
672,2023-06-07 10:00:00+00:00,1.133677615900206
672,2023-06-07 11:00:00+00:00,0.9819882808433111
672,2023-06-07 12:00:00+00:00,1.0144984398887484
672,2023-06-07 13:00:00+00:00,0.9960970835270695
672,2023-06-07 14:00:00+00:00,1.0697008584754368
672,2023-06-07 15:00:00+00:00,1.1608220641934168
672,2023-06-07 16:00:00+00:00,1.1479709932717002
672,2023-06-07 17:00:00+00:00,1.1214432749686374
672,2023-06-07 18:00:00+00:00,1.2389157439569953
672,2023-06-07 19:00:00+00:00,0.89919710212342
672,2023-06-07 20:00:00+00:00,0.621977931109737
672,2023-06-07 21:00:00+00:00,0.3926240099351107
672,2023-06-07 22:00:00+00:00,0.40010514934094016
672,2023-06-07 23:00:00+00:00,0.21680383546872511
672,2023-06-08 00:00:00+00:00,0.0777565799751564
672,2023-06-08 01:00:00+00:00,0.12037618469030878
672,2023-06-08 02:00:00+00:00,0.0003990433246730132
672,2023-06-08 03:00:00+00:00,0.0003898323009319339
672,2023-06-08 04:00:00+00:00,0.01564105447859681
672,2023-06-08 05:00:00+00:00,0.018471069351373343
672,2023-06-08 06:00:00+00:00,0.3651805243854302
672,2023-06-08 07:00:00+00:00,0.17241129053178547
672,2023-06-08 08:00:00+00:00,1.2552619326656935
672,2023-06-08 09:00:00+00:00,0.23508140294534777
672,2023-06-08 10:00:00+00:00,0.9433396963017887
672,2023-06-08 11:00:00+00:00,0.22070979554286263
672,2023-06-08 12:00:00+00:00,1.0332194247466064
672,2023-06-08 13:00:00+00:00,1.162913956856918
672,2023-06-08 14:00:00+00:00,1.1458240376084836
672,2023-06-08 15:00:00+00:00,0.9014533531682434
672,2023-06-08 16:00:00+00:00,0.840458567226567
672,2023-06-08 17:00:00+00:00,1.4396598836267063
672,2023-06-08 18:00:00+00:00,0.9782717053706185
672,2023-06-08 19:00:00+00:00,0.795193284132255
672,2023-06-08 20:00:00+00:00,0.6244429465523987
672,2023-06-08 21:00:00+00:00,0.43286550195576823
672,2023-06-08 22:00:00+00:00,0.40283517872550917
672,2023-06-08 23:00:00+00:00,0.20388625511069053
672,2023-06-09 00:00:00+00:00,0.0916129822951243
672,2023-06-09 01:00:00+00:00,0.04470621863393703
672,2023-06-09 02:00:00+00:00,0.00019209933912918295
672,2023-06-09 03:00:00+00:00,0.00020506538485978165
672,2023-06-09 04:00:00+00:00,0.0003898323009319339
672,2023-06-09 05:00:00+00:00,0.00041812185525324017
672,2023-06-09 06:00:00+00:00,0.005155265971338217
672,2023-06-09 07:00:00+00:00,0.20806947792876979
672,2023-06-09 08:00:00+00:00,0.2938285144020225
672,2023-06-09 09:00:00+00:00,1.123381662128072
672,2023-06-09 10:00:00+00:00,0.22647416042994098
672,2023-06-09 11:00:00+00:00,0.02784064115632844
672,2023-06-09 12:00:00+00:00,0.23784659412156217
672,2023-06-09 13:00:00+00:00,1.5007155913459416
672,2023-06-09 14:00:00+00:00,1.333616009360032
672,2023-06-09 15:00:00+00:00,1.0429422277949059
672,2023-06-09 16:00:00+00:00,1.442641747280711
672,2023-06-09 17:00:00+00:00,1.635774368545092
672,2023-06-09 18:00:00+00:00,1.3346208695766504
672,2023-06-09 19:00:00+00:00,0.9982268330971055
672,2023-06-09 20:00:00+00:00,0.6922880349541298
672,2023-06-09 21:00:00+00:00,0.5403291762009877
672,2023-06-09 22:00:00+00:00,0.5641780855885297
672,2023-06-09 23:00:00+00:00,0.012650050610678755
672,2023-06-10 00:00:00+00:00,0.0008940722357744814
672,2023-06-10 01:00:00+00:00,0.00024362735319439623
672,2023-06-10 02:00:00+00:00,0.0004949429594014819
672,2023-06-10 03:00:00+00:00,0.00040066703431005
672,2023-06-10 04:00:00+00:00,0.0008614614755261475
672,2023-06-10 05:00:00+00:00,0.0003415099362298961
672,2023-06-10 06:00:00+00:00,0.0005863977791648652
672,2023-06-10 07:00:00+00:00,0.0001635201138699057
672,2023-06-10 08:00:00+00:00,0.001086722610570957
672,2023-06-10 09:00:00+00:00,0.00255199632219392
672,2023-06-10 10:00:00+00:00,0.027832583502395366
672,2023-06-10 11:00:00+00:00,0.03222480642184501
672,2023-06-10 12:00:00+00:00,0.005080079176092919
672,2023-06-10 13:00:00+00:00,0.00023086575324393906
672,2023-06-10 14:00:00+00:00,0.0010581511339230534
672,2023-06-10 15:00:00+00:00,0.0010984062284757836
672,2023-06-10 16:00:00+00:00,0.002794061840374014
672,2023-06-10 17:00:00+00:00,0.0014730131387741337
672,2023-06-10 18:00:00+00:00,0.0007255644866287817
672,2023-06-10 19:00:00+00:00,0.000664368729891732
672,2023-06-10 20:00:00+00:00,0.000812960467949817
672,2023-06-10 21:00:00+00:00,0.0004895249265235876
672,2023-06-10 22:00:00+00:00,0.0038455942118461265
672,2023-06-10 23:00:00+00:00,0.0010576452273611168
672,2023-06-11 00:00:00+00:00,0.3753582243980904
672,2023-06-11 01:00:00+00:00,0.0
672,2023-06-11 02:00:00+00:00,0.00821342407106979
672,2023-06-11 03:00:00+00:00,0.00020085794746855807
672,2023-06-11 04:00:00+00:00,8.034866472122736e-05
672,2023-06-11 05:00:00+00:00,0.0004290823460436054
672,2023-06-11 06:00:00+00:00,0.008537722895432509
672,2023-06-11 07:00:00+00:00,0.0007050495121324344
672,2023-06-11 08:00:00+00:00,0.00032837665879133704
672,2023-06-11 09:00:00+00:00,0.0015119373529995559
672,2023-06-11 10:00:00+00:00,0.002039580070331337
672,2023-06-11 11:00:00+00:00,0.05749254247046108
672,2023-06-11 12:00:00+00:00,0.0008916527051610069
672,2023-06-11 13:00:00+00:00,0.002245194718239181
672,2023-06-11 14:00:00+00:00,0.017241059113274292
672,2023-06-11 15:00:00+00:00,0.0006119322124344374
672,2023-06-11 16:00:00+00:00,0.0029214683455841836
672,2023-06-11 17:00:00+00:00,0.001544188255124932
672,2023-06-11 18:00:00+00:00,0.0012054615906901401
672,2023-06-11 19:00:00+00:00,0.0036374178422297304
672,2023-06-11 20:00:00+00:00,1.5493068710646383e-09
672,2023-06-11 21:00:00+00:00,0.0006293785329214586
672,2023-06-11 22:00:00+00:00,0.0004632990219402601
672,2023-06-11 23:00:00+00:00,5.3088450216409323e-05
672,2023-06-12 00:00:00+00:00,1.6335109525078245e-05
672,2023-06-12 01:00:00+00:00,3.4781425307709154e-05
672,2023-06-12 02:00:00+00:00,9.124975306629103e-05
672,2023-06-12 03:00:00+00:00,6.388273288231374e-10
672,2023-06-12 04:00:00+00:00,1.9889052638914044e-51
672,2023-06-12 05:00:00+00:00,5.087638040234821e-21
672,2023-06-12 06:00:00+00:00,1.1933431583348425e-51
672,2023-06-12 07:00:00+00:00,2.8713201853929342e-09
672,2023-06-12 08:00:00+00:00,0.0
672,2023-06-12 09:00:00+00:00,0.0018479928884375845
672,2023-06-12 10:00:00+00:00,0.007413255844243534
672,2023-06-12 11:00:00+00:00,0.0
672,2023-06-12 12:00:00+00:00,9.1577484652476e-20
672,2023-06-12 13:00:00+00:00,0.0010581541815529447
672,2023-06-12 14:00:00+00:00,0.01311051864637696
672,2023-06-12 15:00:00+00:00,0.0010181428973915095
672,2023-06-12 16:00:00+00:00,0.002069792741133496
672,2023-06-12 17:00:00+00:00,0.00807460985260229
672,2023-06-12 18:00:00+00:00,0.006249190926120241
672,2023-06-12 19:00:00+00:00,2.4662425272253415e-50
672,2023-06-12 20:00:00+00:00,6.105165641922055e-20
672,2023-06-12 21:00:00+00:00,0.0
672,2023-06-12 22:00:00+00:00,6.741120394116708e-20
672,2023-06-12 23:00:00+00:00,1.6534823613504928e-20
672,2023-06-13 00:00:00+00:00,1.1356929979903233e-09
672,2023-06-13 01:00:00+00:00,0.001567436698371412
672,2023-06-13 02:00:00+00:00,0.046876063166634674
672,2023-06-13 03:00:00+00:00,0.001823068242279951
672,2023-06-13 04:00:00+00:00,0.0005467958476674157
672,2023-06-13 05:00:00+00:00,0.0028031810569845586
672,2023-06-13 06:00:00+00:00,0.00808754678231535
672,2023-06-13 07:00:00+00:00,0.030544340981747374
672,2023-06-13 08:00:00+00:00,0.0019810773812062184
672,2023-06-13 09:00:00+00:00,0.0002553203489315512
672,2023-06-13 10:00:00+00:00,0.00039064314858094386
672,2023-06-13 11:00:00+00:00,0.00643278848222434
672,2023-06-13 12:00:00+00:00,0.008456475935968398
672,2023-06-13 13:00:00+00:00,0.300104613389333
672,2023-06-13 14:00:00+00:00,0.9543160944762353
672,2023-06-13 15:00:00+00:00,0.6749810067391833
672,2023-06-13 16:00:00+00:00,0.6567622120550557
672,2023-06-13 17:00:00+00:00,0.9170292296660613
672,2023-06-13 18:00:00+00:00,1.0535836641427543
672,2023-06-13 19:00:00+00:00,0.4324740809129274
672,2023-06-13 20:00:00+00:00,0.42030633966696607
672,2023-06-13 21:00:00+00:00,0.34599269755916534
672,2023-06-13 22:00:00+00:00,0.25292963272256236
672,2023-06-13 23:00:00+00:00,0.1902282326739963
672,2023-06-14 00:00:00+00:00,0.1029584690821268
672,2023-06-14 01:00:00+00:00,0.07925095116600363
672,2023-06-14 02:00:00+00:00,0.07738366832643247
672,2023-06-14 03:00:00+00:00,4.533375524196597e-05
672,2023-06-14 04:00:00+00:00,0.0003898323009319339
672,2023-06-14 05:00:00+00:00,0.00037097259805106306
672,2023-06-14 06:00:00+00:00,0.0004879609280726914
672,2023-06-14 07:00:00+00:00,0.004493138691864734
672,2023-06-14 08:00:00+00:00,0.0011646433986476732
672,2023-06-14 09:00:00+00:00,0.0006985728603860151
672,2023-06-14 10:00:00+00:00,0.026826438133713867
672,2023-06-14 11:00:00+00:00,0.008096940740988623
672,2023-06-14 12:00:00+00:00,0.039125441667204885
672,2023-06-14 13:00:00+00:00,0.00257300773585363
672,2023-06-14 14:00:00+00:00,0.00842194499264608
672,2023-06-14 15:00:00+00:00,0.0010052221516255147
672,2023-06-14 16:00:00+00:00,0.0057698492586474555
672,2023-06-14 17:00:00+00:00,0.005898746484313809
672,2023-06-14 18:00:00+00:00,1.1263603174316608
672,2023-06-14 19:00:00+00:00,0.02633368116039602
672,2023-06-14 20:00:00+00:00,0.14628091013461522
672,2023-06-14 21:00:00+00:00,0.46555355774139345
672,2023-06-14 22:00:00+00:00,0.29914712937709165
672,2023-06-14 23:00:00+00:00,0.24166525604220335
672,2023-06-15 00:00:00+00:00,0.00044310136579180575
672,2023-06-15 01:00:00+00:00,0.012975984418698525
672,2023-06-15 02:00:00+00:00,0.047661528567450165
672,2023-06-15 03:00:00+00:00,0.0475926298040819
672,2023-06-15 04:00:00+00:00,0.04364214535935528
672,2023-06-15 05:00:00+00:00,0.06346528030549932
672,2023-06-15 06:00:00+00:00,0.28143637610387867
672,2023-06-15 07:00:00+00:00,0.8760133161206565
672,2023-06-15 08:00:00+00:00,1.5387995098886866
672,2023-06-15 09:00:00+00:00,1.3204990583961986
672,2023-06-15 10:00:00+00:00,1.1337394052302456
672,2023-06-15 11:00:00+00:00,0.8952552162750975
672,2023-06-15 12:00:00+00:00,0.9252469143562152
672,2023-06-15 13:00:00+00:00,0.23126406467283334
672,2023-06-15 14:00:00+00:00,0.005810689358910569
672,2023-06-15 15:00:00+00:00,0.004201745948698651
672,2023-06-15 16:00:00+00:00,0.0011589150644707982
672,2023-06-15 17:00:00+00:00,0.9052635169882375
672,2023-06-15 18:00:00+00:00,0.19662268942323505
672,2023-06-15 19:00:00+00:00,0.9231493652206201
672,2023-06-15 20:00:00+00:00,0.014041141262613892
672,2023-06-15 21:00:00+00:00,0.013628211499734063
672,2023-06-15 22:00:00+00:00,0.4427426400900469
672,2023-06-15 23:00:00+00:00,0.20943611441674245
672,2023-06-16 00:00:00+00:00,0.10553624914347684
672,2023-06-16 01:00:00+00:00,0.05162240240588415
672,2023-06-16 02:00:00+00:00,0.049624416672277856
672,2023-06-16 03:00:00+00:00,0.03799813256182418
672,2023-06-16 04:00:00+00:00,0.049709138653165584
672,2023-06-16 05:00:00+00:00,0.049288296793557944
672,2023-06-16 06:00:00+00:00,0.24018004993016817
672,2023-06-16 07:00:00+00:00,0.4898022495230181
672,2023-06-16 08:00:00+00:00,0.6504488417044214
672,2023-06-16 09:00:00+00:00,0.5376096487936322
672,2023-06-16 10:00:00+00:00,0.534888827516904
672,2023-06-16 11:00:00+00:00,0.5898945011508613
672,2023-06-16 12:00:00+00:00,0.5888869698637985
672,2023-06-16 13:00:00+00:00,0.6552358053742815
672,2023-06-16 14:00:00+00:00,0.6869667937133377
672,2023-06-16 15:00:00+00:00,0.6202049174859697
672,2023-06-16 16:00:00+00:00,0.6889608588082031
672,2023-06-16 17:00:00+00:00,0.7406631982657244
672,2023-06-16 18:00:00+00:00,0.6608571781021589
672,2023-06-16 19:00:00+00:00,0.013408389898265744
672,2023-06-16 20:00:00+00:00,0.046736934563002604
672,2023-06-16 21:00:00+00:00,0.17367736805472136
672,2023-06-16 22:00:00+00:00,0.0007230130296655076
672,2023-06-16 23:00:00+00:00,0.004065629310264778
672,2023-06-17 00:00:00+00:00,0.19332637499307953
672,2023-06-17 01:00:00+00:00,0.10579517604183131
672,2023-06-17 02:00:00+00:00,0.0952145475930742
672,2023-06-17 03:00:00+00:00,0.0722617407280055
672,2023-06-17 04:00:00+00:00,0.06466157082927892
672,2023-06-17 05:00:00+00:00,0.07871943510666113
672,2023-06-17 06:00:00+00:00,0.4045135703058988
672,2023-06-17 07:00:00+00:00,1.271909511314344e-20
672,2023-06-17 08:00:00+00:00,0.7224227218369149
672,2023-06-17 09:00:00+00:00,1.0278232420414342
672,2023-06-17 10:00:00+00:00,0.9430113870359106
672,2023-06-17 11:00:00+00:00,1.0016662248696635
672,2023-06-17 12:00:00+00:00,0.601235338339344
672,2023-06-17 13:00:00+00:00,0.7625943493282149
672,2023-06-17 14:00:00+00:00,0.6534988676452265
672,2023-06-17 15:00:00+00:00,0.6786093986754016
672,2023-06-17 16:00:00+00:00,0.641118913957352
672,2023-06-17 17:00:00+00:00,0.6400879890077984
672,2023-06-17 18:00:00+00:00,0.6312552857801318
672,2023-06-17 19:00:00+00:00,0.5582098758806869
672,2023-06-17 20:00:00+00:00,0.012619124420769345
672,2023-06-17 21:00:00+00:00,0.28412791858424435
672,2023-06-17 22:00:00+00:00,0.31315191514005397
672,2023-06-17 23:00:00+00:00,0.3037319234547148
672,2023-06-18 00:00:00+00:00,0.24205554404043783
672,2023-06-18 01:00:00+00:00,0.0008523438770156768
672,2023-06-18 02:00:00+00:00,0.12510403577584187
672,2023-06-18 03:00:00+00:00,0.08052180729074633
672,2023-06-18 04:00:00+00:00,0.05946011426648718
672,2023-06-18 05:00:00+00:00,0.00010138113312863111
672,2023-06-18 06:00:00+00:00,0.0005078783541674851
672,2023-06-18 07:00:00+00:00,0.00039060400520205414
672,2023-06-18 08:00:00+00:00,0.1648005898735599
672,2023-06-18 09:00:00+00:00,0.37138656230939
672,2023-06-18 10:00:00+00:00,0.6183708029056397
672,2023-06-18 11:00:00+00:00,0.610181069831719
672,2023-06-18 12:00:00+00:00,2.8945134398443533e-09
672,2023-06-18 13:00:00+00:00,0.0010984885144828455
672,2023-06-18 14:00:00+00:00,0.0017436882090631227
672,2023-06-18 15:00:00+00:00,0.00201872321543903
672,2023-06-18 16:00:00+00:00,0.00449808294969128
672,2023-06-18 17:00:00+00:00,0.0035419953758611387
672,2023-06-18 18:00:00+00:00,0.01249953922767869
672,2023-06-18 19:00:00+00:00,0.04520679470504192
672,2023-06-18 20:00:00+00:00,0.007354227051961791
672,2023-06-18 21:00:00+00:00,0.005476174578939646
672,2023-06-18 22:00:00+00:00,0.015020868845036004
672,2023-06-18 23:00:00+00:00,0.007569782361412305
672,2023-06-19 00:00:00+00:00,0.004121193272386184
672,2023-06-19 01:00:00+00:00,0.04539851242206765
672,2023-06-19 02:00:00+00:00,0.04834710001045309
672,2023-06-19 03:00:00+00:00,0.04750192244220801
672,2023-06-19 04:00:00+00:00,0.060437728414760875
672,2023-06-19 05:00:00+00:00,0.10137843701922196
672,2023-06-19 06:00:00+00:00,0.25273133285627153
672,2023-06-19 07:00:00+00:00,0.5199924202124088
672,2023-06-19 08:00:00+00:00,2.397166792885795
672,2023-06-19 09:00:00+00:00,2.3199075626487433
672,2023-06-19 10:00:00+00:00,0.058402135364661684
672,2023-06-19 11:00:00+00:00,0.004103700747887102
672,2023-06-19 12:00:00+00:00,0.005989763548483205
672,2023-06-19 13:00:00+00:00,0.0032459356098703328
672,2023-06-19 14:00:00+00:00,2.0873120701222754
672,2023-06-19 15:00:00+00:00,0.6433789670174118
672,2023-06-19 16:00:00+00:00,0.5492082223087481
672,2023-06-19 17:00:00+00:00,0.8205825972976464
672,2023-06-19 18:00:00+00:00,0.6227678250623893
672,2023-06-19 19:00:00+00:00,1.6361571994672734
672,2023-06-19 20:00:00+00:00,0.3568018148115721
672,2023-06-19 21:00:00+00:00,0.28033653799526026
672,2023-06-19 22:00:00+00:00,0.17275215221154963
672,2023-06-19 23:00:00+00:00,0.12244536890902853
672,2023-06-20 00:00:00+00:00,0.08203517529310021
672,2023-06-20 01:00:00+00:00,0.06870392580370077
672,2023-06-20 02:00:00+00:00,0.05168583873640013
672,2023-06-20 03:00:00+00:00,0.048214425374773544
672,2023-06-20 04:00:00+00:00,0.0
672,2023-06-20 05:00:00+00:00,0.00010865770315152081
672,2023-06-20 06:00:00+00:00,0.006864907206625069
672,2023-06-20 07:00:00+00:00,0.01700498862966128
672,2023-06-20 08:00:00+00:00,0.00380582772407698
672,2023-06-20 09:00:00+00:00,0.00021005729411848855
672,2023-06-20 10:00:00+00:00,0.004424873920829268
672,2023-06-20 11:00:00+00:00,0.0008947386829893431
672,2023-06-20 12:00:00+00:00,0.0
672,2023-06-20 13:00:00+00:00,0.0024203293863188694
672,2023-06-20 14:00:00+00:00,0.004474594550603773
672,2023-06-20 15:00:00+00:00,0.015642462281298248
672,2023-06-20 16:00:00+00:00,0.015832441042654497
672,2023-06-20 17:00:00+00:00,0.020017264773937407
672,2023-06-20 18:00:00+00:00,0.07527063037518243
672,2023-06-20 19:00:00+00:00,0.040241119254646525
672,2023-06-20 20:00:00+00:00,0.020890134122905975
672,2023-06-20 21:00:00+00:00,0.24636839768408075
672,2023-06-20 22:00:00+00:00,0.6408980671202152
672,2023-06-20 23:00:00+00:00,0.0025715548566096094
672,2023-06-21 00:00:00+00:00,0.0033244187888720497
672,2023-06-21 01:00:00+00:00,0.003120925878950798
672,2023-06-21 02:00:00+00:00,0.0006089910775457126
672,2023-06-21 03:00:00+00:00,0.11723075715193668
672,2023-06-21 04:00:00+00:00,0.08034837369618984
672,2023-06-21 05:00:00+00:00,0.09909008185044416
672,2023-06-21 06:00:00+00:00,0.25420216541712987
672,2023-06-21 07:00:00+00:00,0.608145040572185
672,2023-06-21 08:00:00+00:00,0.6955049313024185
672,2023-06-21 09:00:00+00:00,0.4998437336219138
672,2023-06-21 10:00:00+00:00,0.011221325666417498
672,2023-06-21 11:00:00+00:00,0.015001695739684467
672,2023-06-21 12:00:00+00:00,0.014474125337171273
672,2023-06-21 13:00:00+00:00,0.013168108772601274
672,2023-06-21 14:00:00+00:00,2.132031176993317
672,2023-06-21 15:00:00+00:00,0.7538278417393568
672,2023-06-21 16:00:00+00:00,0.6960115128715852
672,2023-06-21 17:00:00+00:00,0.9328498625302314
672,2023-06-21 18:00:00+00:00,0.07514361185689664
672,2023-06-21 19:00:00+00:00,0.4679671415109578
672,2023-06-21 20:00:00+00:00,0.351861384345747
672,2023-06-21 21:00:00+00:00,0.02229424835757105
672,2023-06-21 22:00:00+00:00,0.6970928839372613
672,2023-06-21 23:00:00+00:00,0.22035224264313205
672,2023-06-22 00:00:00+00:00,0.04984783446938302
672,2023-06-22 01:00:00+00:00,0.045545456705816285
672,2023-06-22 02:00:00+00:00,0.03679273565299252
672,2023-06-22 03:00:00+00:00,0.035691196492337485
672,2023-06-22 04:00:00+00:00,0.061975014257048384
672,2023-06-22 05:00:00+00:00,0.00010397453078912347
672,2023-06-22 06:00:00+00:00,0.00014763807698038936
672,2023-06-22 07:00:00+00:00,5.977974692661034e-20
672,2023-06-22 08:00:00+00:00,1.0256727536477525e-08
672,2023-06-22 09:00:00+00:00,0.0
672,2023-06-22 10:00:00+00:00,2.5234219560670486e-09
672,2023-06-22 11:00:00+00:00,0.0007692760475367675
672,2023-06-22 12:00:00+00:00,0.0006119358549745473
672,2023-06-22 13:00:00+00:00,0.0005420065710055772
672,2023-06-22 14:00:00+00:00,0.0017700583126165925
672,2023-06-22 15:00:00+00:00,0.0018723310185185232
672,2023-06-22 16:00:00+00:00,0.005652393169779292
672,2023-06-22 17:00:00+00:00,0.005491606427180524
672,2023-06-22 18:00:00+00:00,0.014965956251229975
672,2023-06-22 19:00:00+00:00,0.012571249200887421
672,2023-06-22 20:00:00+00:00,0.03373276818901278
672,2023-06-22 21:00:00+00:00,0.024270232728165662
672,2023-06-22 22:00:00+00:00,0.004809595481708741
672,2023-06-22 23:00:00+00:00,0.01582501656618475
672,2023-06-23 00:00:00+00:00,0.0012725918845015918
672,2023-06-23 01:00:00+00:00,0.0005699362837926283
672,2023-06-23 02:00:00+00:00,0.003119609475630998
672,2023-06-23 03:00:00+00:00,0.003119609475630998
672,2023-06-23 04:00:00+00:00,0.0007599150447807202
672,2023-06-23 05:00:00+00:00,0.0012737231373048034
672,2023-06-23 06:00:00+00:00,0.0023691128448875046
672,2023-06-23 07:00:00+00:00,0.008282944244209446
672,2023-06-23 08:00:00+00:00,0.014223910946994931
672,2023-06-23 09:00:00+00:00,0.008133347242593101
672,2023-06-23 10:00:00+00:00,0.005723138795674373
672,2023-06-23 11:00:00+00:00,0.014619092722935838
672,2023-06-23 12:00:00+00:00,0.004594660494017986
672,2023-06-23 13:00:00+00:00,0.0037312713482960946
672,2023-06-23 14:00:00+00:00,0.004018066241239093
672,2023-06-23 15:00:00+00:00,0.0020221982327769746
672,2023-06-23 16:00:00+00:00,0.016216366806789347
672,2023-06-23 17:00:00+00:00,2.275805020772919
672,2023-06-23 18:00:00+00:00,0.714015970931095
672,2023-06-23 19:00:00+00:00,0.011185573516178667
672,2023-06-23 20:00:00+00:00,0.003437280484849966
672,2023-06-23 21:00:00+00:00,0.008348541530034666
672,2023-06-23 22:00:00+00:00,0.26896202871612485
672,2023-06-23 23:00:00+00:00,0.007079407353471855
672,2023-06-24 00:00:00+00:00,0.3693071385678803
672,2023-06-24 01:00:00+00:00,0.05779428555744512
672,2023-06-24 02:00:00+00:00,0.050088059472708835
672,2023-06-24 03:00:00+00:00,0.04740004175655825
672,2023-06-24 04:00:00+00:00,0.04580537125158401
672,2023-06-24 05:00:00+00:00,0.04507875697575731
672,2023-06-24 06:00:00+00:00,0.17167543623482318
672,2023-06-24 07:00:00+00:00,0.23883860833668583
672,2023-06-24 08:00:00+00:00,0.030398190103275425
672,2023-06-24 09:00:00+00:00,0.008906496087756356
672,2023-06-24 10:00:00+00:00,0.009669724331848782
672,2023-06-24 11:00:00+00:00,0.001031624246593504
672,2023-06-24 12:00:00+00:00,0.001232366384126197
672,2023-06-24 13:00:00+00:00,0.0
672,2023-06-24 14:00:00+00:00,2.665133053614482e-50
672,2023-06-24 15:00:00+00:00,0.0
672,2023-06-24 16:00:00+00:00,0.000603197970978966
672,2023-06-24 17:00:00+00:00,0.5461702460200571
672,2023-06-24 18:00:00+00:00,0.5274692088740335
672,2023-06-24 19:00:00+00:00,0.408475212884132
672,2023-06-24 20:00:00+00:00,0.3529989268189967
672,2023-06-24 21:00:00+00:00,0.32125669906018933
672,2023-06-24 22:00:00+00:00,0.3261240997111799
672,2023-06-24 23:00:00+00:00,0.31159469101659387
672,2023-06-25 00:00:00+00:00,0.22763667163510629
672,2023-06-25 01:00:00+00:00,0.1529130204565967
672,2023-06-25 02:00:00+00:00,0.11370829817562265
672,2023-06-25 03:00:00+00:00,0.041194828224336594
672,2023-06-25 04:00:00+00:00,0.055768125921788536
672,2023-06-25 05:00:00+00:00,0.048479900663704625
672,2023-06-25 06:00:00+00:00,0.16522187428163132
672,2023-06-25 07:00:00+00:00,0.17429460390657892
672,2023-06-25 08:00:00+00:00,0.26723405651759774
672,2023-06-25 09:00:00+00:00,0.3547189734156284
672,2023-06-25 10:00:00+00:00,0.6009838555872778
672,2023-06-25 11:00:00+00:00,0.5753937259735978
672,2023-06-25 12:00:00+00:00,0.8815721294360479
672,2023-06-25 13:00:00+00:00,0.6895874624151005
672,2023-06-25 14:00:00+00:00,0.013387874659174012
672,2023-06-25 15:00:00+00:00,0.015073187372027085
672,2023-06-25 16:00:00+00:00,0.01262729824189669
672,2023-06-25 17:00:00+00:00,0.01257964137190072
672,2023-06-25 18:00:00+00:00,0.010838722650037023
672,2023-06-25 19:00:00+00:00,0.006107784736352146
672,2023-06-25 20:00:00+00:00,0.0026064250976534963
672,2023-06-25 21:00:00+00:00,0.0011422110509497015
672,2023-06-25 22:00:00+00:00,0.00045477795721206364
672,2023-06-25 23:00:00+00:00,0.0008399664199886616
672,2023-06-26 00:00:00+00:00,0.0009509357076309061
672,2023-06-26 01:00:00+00:00,0.0011356873979875169
672,2023-06-26 02:00:00+00:00,0.00042624764984454833
672,2023-06-26 03:00:00+00:00,0.00042624764984454833
672,2023-06-26 04:00:00+00:00,0.000429812974002558
672,2023-06-26 05:00:00+00:00,0.0011280943778471263
672,2023-06-26 06:00:00+00:00,0.0016327913316658623
672,2023-06-26 07:00:00+00:00,0.002521698603758933
672,2023-06-26 08:00:00+00:00,0.004103386955826657
672,2023-06-26 09:00:00+00:00,0.013859839048350739
672,2023-06-26 10:00:00+00:00,0.003596349887556841
672,2023-06-26 11:00:00+00:00,0.020251587208739097
672,2023-06-26 12:00:00+00:00,0.0697511423182055
672,2023-06-26 13:00:00+00:00,0.009699511457433427
672,2023-06-26 14:00:00+00:00,0.011836934698298409
672,2023-06-26 15:00:00+00:00,0.011300092403769946
672,2023-06-26 16:00:00+00:00,0.0123062535938992
672,2023-06-26 17:00:00+00:00,0.01240422548630616
672,2023-06-26 18:00:00+00:00,0.009572420144257198
672,2023-06-26 19:00:00+00:00,0.007429699585394196
672,2023-06-26 20:00:00+00:00,0.005256190344045618
672,2023-06-26 21:00:00+00:00,0.0012253362746156486
672,2023-06-26 22:00:00+00:00,0.00037752926712185473
672,2023-06-26 23:00:00+00:00,0.000351383556629784
672,2023-06-27 00:00:00+00:00,0.00015113693213193147
672,2023-06-27 01:00:00+00:00,0.0003275156921275528
672,2023-06-27 02:00:00+00:00,0.00042000833256803147
672,2023-06-27 03:00:00+00:00,0.0004232765463795403
672,2023-06-27 04:00:00+00:00,0.0011280943778471263
672,2023-06-27 05:00:00+00:00,0.03660656904705739
672,2023-06-27 06:00:00+00:00,0.14984254480048131
672,2023-06-27 07:00:00+00:00,0.5598920440642706
672,2023-06-27 08:00:00+00:00,0.7367455591625139
672,2023-06-27 09:00:00+00:00,0.7355845578448381
672,2023-06-27 10:00:00+00:00,0.605285923018653
672,2023-06-27 11:00:00+00:00,0.5274087422371069
672,2023-06-27 12:00:00+00:00,1.6356773866204686
672,2023-06-27 13:00:00+00:00,0.6305540738977491
672,2023-06-27 14:00:00+00:00,0.5554017071588575
672,2023-06-27 15:00:00+00:00,0.05785004525777686
672,2023-06-27 16:00:00+00:00,0.5433929330254059
672,2023-06-27 17:00:00+00:00,0.6321814670337276
672,2023-06-27 18:00:00+00:00,0.013474693629061963
672,2023-06-27 19:00:00+00:00,0.009968809161519083
672,2023-06-27 20:00:00+00:00,0.0077492996492781515
672,2023-06-27 21:00:00+00:00,0.0070358278988287845
672,2023-06-27 22:00:00+00:00,0.0179169028972644
672,2023-06-27 23:00:00+00:00,0.0026217480419251276
672,2023-06-28 00:00:00+00:00,0.0005262476556792075
672,2023-06-28 01:00:00+00:00,0.002370931460571707
672,2023-06-28 02:00:00+00:00,0.0027838477001451787
672,2023-06-28 03:00:00+00:00,0.004069900227522055
672,2023-06-28 04:00:00+00:00,0.0031974002705862426
672,2023-06-28 05:00:00+00:00,0.0005699362835165107
672,2023-06-28 06:00:00+00:00,0.0037486051607625503
672,2023-06-28 07:00:00+00:00,0.014588637896125344
672,2023-06-28 08:00:00+00:00,0.02184555442845289
672,2023-06-28 09:00:00+00:00,0.017973832526598538
672,2023-06-28 10:00:00+00:00,0.014607836718124764
672,2023-06-28 11:00:00+00:00,0.00943671831874136
672,2023-06-28 12:00:00+00:00,0.013434208781047447
672,2023-06-28 13:00:00+00:00,0.004764674339072225
672,2023-06-28 14:00:00+00:00,0.011382840051047949
672,2023-06-28 15:00:00+00:00,0.013303142897719616
672,2023-06-28 16:00:00+00:00,0.011090259784654333
672,2023-06-28 17:00:00+00:00,0.009766373477145636
672,2023-06-28 18:00:00+00:00,0.010990570856002628
672,2023-06-28 19:00:00+00:00,0.011392633442756572
672,2023-06-28 20:00:00+00:00,0.006856995972126672
672,2023-06-28 21:00:00+00:00,0.029171555203071582
672,2023-06-28 22:00:00+00:00,0.005515227262195922
672,2023-06-28 23:00:00+00:00,9.37632200347734e-05
672,2023-06-29 00:00:00+00:00,8.174340247000117e-06
672,2023-06-29 01:00:00+00:00,0.0017724791258338728
672,2023-06-29 02:00:00+00:00,0.00028349031600606947
672,2023-06-29 03:00:00+00:00,6.13537387635379e-06
672,2023-06-29 04:00:00+00:00,0.0
672,2023-06-29 05:00:00+00:00,5.323561114485639e-10
672,2023-06-29 06:00:00+00:00,3.424824168378268e-09
672,2023-06-29 07:00:00+00:00,6.753187829825932e-05
672,2023-06-29 08:00:00+00:00,8.390416543567845e-05
672,2023-06-29 09:00:00+00:00,8.187135731983708e-05
672,2023-06-29 10:00:00+00:00,0.0
672,2023-06-29 11:00:00+00:00,0.0008217260638191753
672,2023-06-29 12:00:00+00:00,0.0006119379976452002
672,2023-06-29 13:00:00+00:00,0.004413076027164162
672,2023-06-29 14:00:00+00:00,0.003171770516190845
672,2023-06-29 15:00:00+00:00,0.0018450587470023173
672,2023-06-29 16:00:00+00:00,0.0056989738208256405
672,2023-06-29 17:00:00+00:00,0.01689111339393329
672,2023-06-29 18:00:00+00:00,0.0008654421957578873
672,2023-06-29 19:00:00+00:00,3.0629141063927625e-50
672,2023-06-29 20:00:00+00:00,1.7162980323950877e-09
672,2023-06-29 21:00:00+00:00,1.4320117900018112e-50
672,2023-06-29 22:00:00+00:00,0.00040187233993819695
672,2023-06-29 23:00:00+00:00,0.003348126069124605
672,2023-06-30 00:00:00+00:00,0.0009527524926232159
672,2023-06-30 01:00:00+00:00,0.001960608300022064
672,2023-06-30 02:00:00+00:00,0.0010625614355389361
672,2023-06-30 03:00:00+00:00,0.003498104784946725
672,2023-06-30 04:00:00+00:00,0.05189642034365225
672,2023-06-30 05:00:00+00:00,0.07032717746965382
672,2023-06-30 06:00:00+00:00,0.22256402310285459
672,2023-06-30 07:00:00+00:00,0.41034551694703414
672,2023-06-30 08:00:00+00:00,0.7502121319352907
672,2023-06-30 09:00:00+00:00,0.5543299639946708
672,2023-06-30 10:00:00+00:00,0.8808847187435993
672,2023-06-30 11:00:00+00:00,0.7102043860848297
672,2023-06-30 12:00:00+00:00,0.07648013335073162
672,2023-06-30 13:00:00+00:00,0.07241402654691581
672,2023-06-30 14:00:00+00:00,0.015763126113416393
672,2023-06-30 15:00:00+00:00,0.013261823551974717
672,2023-06-30 16:00:00+00:00,0.08200898995496085
672,2023-06-30 17:00:00+00:00,0.0662811173708973
672,2023-06-30 18:00:00+00:00,0.009977631932106164
672,2023-06-30 19:00:00+00:00,0.04810610201715491
672,2023-06-30 20:00:00+00:00,0.03183817734785456
672,2023-06-30 21:00:00+00:00,0.026189125449121452
672,2023-06-30 22:00:00+00:00,0.0058482984640087325
672,2023-06-30 23:00:00+00:00,0.005661517396727299
672,2023-07-01 00:00:00+00:00,0.003186611686703094
672,2023-07-01 01:00:00+00:00,0.0018421974826441743
672,2023-07-01 02:00:00+00:00,0.002088109775170843
672,2023-07-01 03:00:00+00:00,0.0004487700769277697
672,2023-07-01 04:00:00+00:00,0.00040014947886908266
672,2023-07-01 05:00:00+00:00,0.0001606023719980366
672,2023-07-01 06:00:00+00:00,0.0015163240758375473
672,2023-07-01 07:00:00+00:00,0.0007059850937234194
672,2023-07-01 08:00:00+00:00,0.00011266434428751518
672,2023-07-01 09:00:00+00:00,0.0002931451928871193
672,2023-07-01 10:00:00+00:00,0.0024405374340223805
672,2023-07-01 11:00:00+00:00,0.0010719254215317984
672,2023-07-01 12:00:00+00:00,0.0030334560741448737
672,2023-07-01 13:00:00+00:00,0.003802644558312066
672,2023-07-01 14:00:00+00:00,0.0038885261301647425
672,2023-07-01 15:00:00+00:00,0.012818599749074495
672,2023-07-01 16:00:00+00:00,0.012980775505741355
672,2023-07-01 17:00:00+00:00,0.013446787537938746
672,2023-07-01 18:00:00+00:00,0.004444569723893246
672,2023-07-01 19:00:00+00:00,0.004585152962929961
672,2023-07-01 20:00:00+00:00,0.003119599912815456
672,2023-07-01 21:00:00+00:00,0.001164836415221183
672,2023-07-01 22:00:00+00:00,0.0009577630329110988
672,2023-07-01 23:00:00+00:00,0.0008075616823701524
672,2023-07-02 00:00:00+00:00,0.0008386789418204913
672,2023-07-02 01:00:00+00:00,0.001974287891792897
672,2023-07-02 02:00:00+00:00,0.0036261434598485716
672,2023-07-02 03:00:00+00:00,0.012051790077988369
672,2023-07-02 04:00:00+00:00,0.006666135519500206
672,2023-07-02 05:00:00+00:00,0.007124754280244498
672,2023-07-02 06:00:00+00:00,0.0017145745385615603
672,2023-07-02 07:00:00+00:00,0.0015662386140496822
672,2023-07-02 08:00:00+00:00,0.00158763055899774
672,2023-07-02 09:00:00+00:00,0.0006879605875748611
672,2023-07-02 10:00:00+00:00,0.0002149671084281368
672,2023-07-02 11:00:00+00:00,0.0025671398050596123
672,2023-07-02 12:00:00+00:00,0.011967339207012736
672,2023-07-02 13:00:00+00:00,0.013724804924889103
672,2023-07-02 14:00:00+00:00,0.013630146232622199
672,2023-07-02 15:00:00+00:00,0.012760348246395894
672,2023-07-02 16:00:00+00:00,0.013724804926729886
672,2023-07-02 17:00:00+00:00,0.01196667783516041
672,2023-07-02 18:00:00+00:00,0.0031303474105320245
672,2023-07-02 19:00:00+00:00,0.002826274408207903
672,2023-07-02 20:00:00+00:00,0.0011176241837584254
672,2023-07-02 21:00:00+00:00,0.0015883238164729086
672,2023-07-02 22:00:00+00:00,0.0007038565178634044
672,2023-07-02 23:00:00+00:00,0.00021495986244408156
672,2023-07-03 00:00:00+00:00,0.00023818644621432695
672,2023-07-03 01:00:00+00:00,0.0002615120667667392
672,2023-07-03 02:00:00+00:00,0.0004226823256865387
672,2023-07-03 03:00:00+00:00,0.0004226823256865387
672,2023-07-03 04:00:00+00:00,0.0004250592084585451
672,2023-07-03 05:00:00+00:00,0.00042743609123055155
672,2023-07-03 06:00:00+00:00,0.00018205128912732914
672,2023-07-03 07:00:00+00:00,0.001196324700199516
672,2023-07-03 08:00:00+00:00,0.004714132216739198
672,2023-07-03 09:00:00+00:00,0.0035042123167137026
672,2023-07-03 10:00:00+00:00,0.01166350293543989
672,2023-07-03 11:00:00+00:00,0.012019625691756018
672,2023-07-03 12:00:00+00:00,0.009555205445546052
672,2023-07-03 13:00:00+00:00,0.01374135192697636
672,2023-07-03 14:00:00+00:00,0.015055317631757523
672,2023-07-03 15:00:00+00:00,0.006019746108641134
672,2023-07-03 16:00:00+00:00,0.009251135237514113
672,2023-07-03 17:00:00+00:00,0.005442599901721836
672,2023-07-03 18:00:00+00:00,0.004935843262084576
672,2023-07-03 19:00:00+00:00,0.0019662158672955417
672,2023-07-03 20:00:00+00:00,0.0012008941534906166
672,2023-07-03 21:00:00+00:00,0.0008516603784983726
672,2023-07-03 22:00:00+00:00,0.0004241922732364255
672,2023-07-03 23:00:00+00:00,0.00018168350363599156
672,2023-07-04 00:00:00+00:00,0.00035318485394928887
672,2023-07-04 01:00:00+00:00,0.0005286476755492636
672,2023-07-04 02:00:00+00:00,0.0010771243115767432
672,2023-07-04 03:00:00+00:00,0.0004226823256865387
672,2023-07-04 04:00:00+00:00,0.001062561435676995
672,2023-07-04 05:00:00+00:00,0.035374114834001685
672,2023-07-04 06:00:00+00:00,0.575465885180997
672,2023-07-04 07:00:00+00:00,0.5110330036850725
672,2023-07-04 08:00:00+00:00,0.5293057310176832
672,2023-07-04 09:00:00+00:00,0.44622182668430216
672,2023-07-04 10:00:00+00:00,0.5316641408700354
672,2023-07-04 11:00:00+00:00,0.4960853217126954
672,2023-07-04 12:00:00+00:00,0.512363864770233
672,2023-07-04 13:00:00+00:00,0.11933767213765596
672,2023-07-04 14:00:00+00:00,0.20797986604902816
672,2023-07-04 15:00:00+00:00,0.37214270792745163
672,2023-07-04 16:00:00+00:00,0.6029382652000692
672,2023-07-04 17:00:00+00:00,0.69370230970075
672,2023-07-04 18:00:00+00:00,0.658551366302793
672,2023-07-04 19:00:00+00:00,0.481664900176439
672,2023-07-04 20:00:00+00:00,0.22840178916978351
672,2023-07-04 21:00:00+00:00,0.003987569865653143
672,2023-07-04 22:00:00+00:00,0.0011028934484294283
672,2023-07-04 23:00:00+00:00,0.0009652754522780561
672,2023-07-05 00:00:00+00:00,0.0009025292634448864
672,2023-07-05 01:00:00+00:00,0.0011484824043000558
672,2023-07-05 02:00:00+00:00,0.0004260099615673477
672,2023-07-05 03:00:00+00:00,0.004642119890675779
672,2023-07-05 04:00:00+00:00,0.000429812974002558
672,2023-07-05 05:00:00+00:00,0.00042030544291453225
672,2023-07-05 06:00:00+00:00,0.002941033247274408
672,2023-07-05 07:00:00+00:00,0.0018092748774873393
672,2023-07-05 08:00:00+00:00,0.0020230669871114607
672,2023-07-05 09:00:00+00:00,0.0007990400252399408
672,2023-07-05 10:00:00+00:00,0.0008168673778376295
672,2023-07-05 11:00:00+00:00,0.013744658793325017
672,2023-07-05 12:00:00+00:00,0.05863239679861919
672,2023-07-05 13:00:00+00:00,0.013382577342096386
672,2023-07-05 14:00:00+00:00,0.01377246179746217
672,2023-07-05 15:00:00+00:00,0.01257036948688043
672,2023-07-05 16:00:00+00:00,0.01472037148215165
672,2023-07-05 17:00:00+00:00,0.0181600918536904
672,2023-07-05 18:00:00+00:00,0.014382616082445884
672,2023-07-05 19:00:00+00:00,0.008754138095334594
672,2023-07-05 20:00:00+00:00,0.005054518880775524
672,2023-07-05 21:00:00+00:00,0.002788675247305432
672,2023-07-05 22:00:00+00:00,0.0029965237524287305
672,2023-07-05 23:00:00+00:00,0.002075755696802709
672,2023-07-06 00:00:00+00:00,0.001325310769855432
672,2023-07-06 01:00:00+00:00,0.035239592390483694
672,2023-07-06 02:00:00+00:00,0.032887682955717784
672,2023-07-06 03:00:00+00:00,0.13263576139639627
672,2023-07-06 04:00:00+00:00,0.04955043676622655
672,2023-07-06 05:00:00+00:00,0.04009334931479441
672,2023-07-06 06:00:00+00:00,0.2836674544588666
672,2023-07-06 07:00:00+00:00,0.6745649509572403
672,2023-07-06 08:00:00+00:00,0.8182924420474222
672,2023-07-06 09:00:00+00:00,0.8081465815505405
672,2023-07-06 10:00:00+00:00,1.9902178944439608
672,2023-07-06 11:00:00+00:00,0.5180091790060529
672,2023-07-06 12:00:00+00:00,0.7512857288319695
672,2023-07-06 13:00:00+00:00,0.6831840737505205
672,2023-07-06 14:00:00+00:00,0.5540070149934997
672,2023-07-06 15:00:00+00:00,0.7147987800244465
672,2023-07-06 16:00:00+00:00,0.7817366800248958
672,2023-07-06 17:00:00+00:00,0.8299471430922367
672,2023-07-06 18:00:00+00:00,0.5841000775674731
672,2023-07-06 19:00:00+00:00,0.47931194175084013
672,2023-07-06 20:00:00+00:00,0.4238253903683107
672,2023-07-06 21:00:00+00:00,0.2580453527396857
672,2023-07-06 22:00:00+00:00,0.2526367917473748
672,2023-07-06 23:00:00+00:00,0.1489063770794589
672,2023-07-07 00:00:00+00:00,0.08296231298161977
672,2023-07-07 01:00:00+00:00,0.043581088167828026
672,2023-07-07 02:00:00+00:00,0.03468974019283424
672,2023-07-07 03:00:00+00:00,0.03594384145880869
672,2023-07-07 04:00:00+00:00,0.04713634603175502
672,2023-07-07 05:00:00+00:00,0.05130395867316676
672,2023-07-07 06:00:00+00:00,0.2332454165020343
672,2023-07-07 07:00:00+00:00,0.4973149198119223
672,2023-07-07 08:00:00+00:00,0.61309873891896
672,2023-07-07 09:00:00+00:00,0.5853371479186011
672,2023-07-07 10:00:00+00:00,0.5446987135480846
672,2023-07-07 11:00:00+00:00,0.5753260316041626
672,2023-07-07 12:00:00+00:00,0.6819628068374569
672,2023-07-07 13:00:00+00:00,0.6524346485804204
672,2023-07-07 14:00:00+00:00,0.6562605055832973
672,2023-07-07 15:00:00+00:00,0.685830387062417
672,2023-07-07 16:00:00+00:00,0.7264018708710543
672,2023-07-07 17:00:00+00:00,0.715610870607611
672,2023-07-07 18:00:00+00:00,0.7241510425846116
672,2023-07-07 19:00:00+00:00,0.5768133595132531
672,2023-07-07 20:00:00+00:00,0.4243204627936175
672,2023-07-07 21:00:00+00:00,0.2961158345325649
672,2023-07-07 22:00:00+00:00,0.2539401621603658
672,2023-07-07 23:00:00+00:00,0.21678590928131805
672,2023-07-08 00:00:00+00:00,0.15446693227532626
672,2023-07-08 01:00:00+00:00,0.09697283183456694
672,2023-07-08 02:00:00+00:00,0.09358010224449463
672,2023-07-08 03:00:00+00:00,0.06351591321154415
672,2023-07-08 04:00:00+00:00,0.07181818771992218
672,2023-07-08 05:00:00+00:00,0.06397793286414336
672,2023-07-08 06:00:00+00:00,0.09386664413467119
672,2023-07-08 07:00:00+00:00,0.20116471461413696
672,2023-07-08 08:00:00+00:00,0.028196696462492853
672,2023-07-08 09:00:00+00:00,1.3032450560239748
672,2023-07-08 10:00:00+00:00,0.48008153078386506
672,2023-07-08 11:00:00+00:00,0.49001350825134643
672,2023-07-08 12:00:00+00:00,0.6091860544568769
672,2023-07-08 13:00:00+00:00,0.701090764266564
672,2023-07-08 14:00:00+00:00,0.8355522020158825
672,2023-07-08 15:00:00+00:00,0.7247384529451245
672,2023-07-08 16:00:00+00:00,0.6067955149600617
672,2023-07-08 17:00:00+00:00,0.6011971100772724
672,2023-07-08 18:00:00+00:00,0.5156807095318543
672,2023-07-08 19:00:00+00:00,0.47452731111596375
672,2023-07-08 20:00:00+00:00,0.3832350515200247
672,2023-07-08 21:00:00+00:00,0.27368098083486203
672,2023-07-08 22:00:00+00:00,0.31729786031668433
672,2023-07-08 23:00:00+00:00,1.1436953162919237
672,2023-07-09 00:00:00+00:00,0.2591738290719839
672,2023-07-09 01:00:00+00:00,0.4418838737883476
672,2023-07-09 02:00:00+00:00,0.15446029932775748
672,2023-07-09 03:00:00+00:00,0.6042942221299159
672,2023-07-09 04:00:00+00:00,0.1098723854473766
672,2023-07-09 05:00:00+00:00,0.07813652704883142
672,2023-07-09 06:00:00+00:00,0.09114646173978269
672,2023-07-09 07:00:00+00:00,0.17240226811727682
672,2023-07-09 08:00:00+00:00,0.17095272133463527
672,2023-07-09 09:00:00+00:00,0.33379215145957264
672,2023-07-09 10:00:00+00:00,0.43976174416403235
672,2023-07-09 11:00:00+00:00,0.4823317123210509
672,2023-07-09 12:00:00+00:00,0.6485931705059257
672,2023-07-09 13:00:00+00:00,0.6973346130416628
672,2023-07-09 14:00:00+00:00,0.7165220266271404
672,2023-07-09 15:00:00+00:00,0.5851837365844751
672,2023-07-09 16:00:00+00:00,0.0008842894087872875
672,2023-07-09 17:00:00+00:00,0.0010908442859856365
672,2023-07-09 18:00:00+00:00,0.5780774076229064
672,2023-07-09 19:00:00+00:00,0.4379492873289855
672,2023-07-09 20:00:00+00:00,0.0058884618759795825
672,2023-07-09 21:00:00+00:00,0.0007264202224835207
672,2023-07-09 22:00:00+00:00,0.132692388395597
672,2023-07-09 23:00:00+00:00,0.1809225964668274
672,2023-07-10 00:00:00+00:00,0.07706235862472283
672,2023-07-10 01:00:00+00:00,0.05920661000181236
672,2023-07-10 02:00:00+00:00,0.033266991379748374
672,2023-07-10 03:00:00+00:00,0.048173233224964765
672,2023-07-10 04:00:00+00:00,0.05762534872987312
672,2023-07-10 05:00:00+00:00,0.07280159981734603
672,2023-07-10 06:00:00+00:00,0.222204786521598
672,2023-07-10 07:00:00+00:00,0.5936960913136078
672,2023-07-10 08:00:00+00:00,0.7828481609965741
672,2023-07-10 09:00:00+00:00,0.5564594874688362
672,2023-07-10 10:00:00+00:00,0.5308461972303258
672,2023-07-10 11:00:00+00:00,0.5464297780452674
672,2023-07-10 12:00:00+00:00,0.5258891184859477
672,2023-07-10 13:00:00+00:00,0.6302218358652938
672,2023-07-10 14:00:00+00:00,0.6789536528276675
672,2023-07-10 15:00:00+00:00,0.6145079838941305
672,2023-07-10 16:00:00+00:00,0.5633876261684175
672,2023-07-10 17:00:00+00:00,0.6510311042470747
672,2023-07-10 18:00:00+00:00,0.5678802937426187
672,2023-07-10 19:00:00+00:00,0.33768072994755105
672,2023-07-10 20:00:00+00:00,0.23682617107861356
672,2023-07-10 21:00:00+00:00,0.19598930400648318
672,2023-07-10 22:00:00+00:00,0.20690074208265935
672,2023-07-10 23:00:00+00:00,0.10066567158917723
672,2023-07-11 00:00:00+00:00,0.06812351962098717
672,2023-07-11 01:00:00+00:00,0.04822412247406509
672,2023-07-11 02:00:00+00:00,0.03330507763712239
672,2023-07-11 03:00:00+00:00,0.001120812939552105
672,2023-07-11 04:00:00+00:00,0.040339804106511994
672,2023-07-11 05:00:00+00:00,0.12225485015140018
672,2023-07-11 06:00:00+00:00,0.2406807715888152
672,2023-07-11 07:00:00+00:00,0.6068697547940591
672,2023-07-11 08:00:00+00:00,0.8877845038690548
672,2023-07-11 09:00:00+00:00,0.7983672167665931
672,2023-07-11 10:00:00+00:00,1.939359167720127
672,2023-07-11 11:00:00+00:00,1.649524098435838
672,2023-07-11 12:00:00+00:00,0.7275506205915256
672,2023-07-11 13:00:00+00:00,1.8039994795572278
672,2023-07-11 14:00:00+00:00,0.013563951921775097
672,2023-07-11 15:00:00+00:00,0.009906037215998857
672,2023-07-11 16:00:00+00:00,0.062446204704961095
672,2023-07-11 17:00:00+00:00,0.0751731037125358
672,2023-07-11 18:00:00+00:00,0.015510073653069254
672,2023-07-11 19:00:00+00:00,0.010932052268857594
672,2023-07-11 20:00:00+00:00,0.006840355624989393
672,2023-07-11 21:00:00+00:00,0.0013574694690262027
672,2023-07-11 22:00:00+00:00,0.0029379415612468688
672,2023-07-11 23:00:00+00:00,0.001344966404925956
672,2023-07-12 00:00:00+00:00,0.0006791578540761803
672,2023-07-12 01:00:00+00:00,0.0006346743110948824
672,2023-07-12 02:00:00+00:00,0.0002794265563497782
672,2023-07-12 03:00:00+00:00,0.0004226823256865387
672,2023-07-12 04:00:00+00:00,0.0004226823256865387
672,2023-07-12 05:00:00+00:00,0.001244597385045111
672,2023-07-12 06:00:00+00:00,0.00266367723061171
672,2023-07-12 07:00:00+00:00,0.009768351267470861
672,2023-07-12 08:00:00+00:00,0.011012154420626837
672,2023-07-12 09:00:00+00:00,0.05986402083660833
672,2023-07-12 10:00:00+00:00,0.573812214702093
672,2023-07-12 11:00:00+00:00,0.04980267133850723
672,2023-07-12 12:00:00+00:00,0.0561875937637284
672,2023-07-12 13:00:00+00:00,0.014754126848974572
672,2023-07-12 14:00:00+00:00,0.005120822367485999
672,2023-07-12 15:00:00+00:00,0.012673632364966636
672,2023-07-12 16:00:00+00:00,0.014693229850787214
672,2023-07-12 17:00:00+00:00,0.01605220693097598
672,2023-07-12 18:00:00+00:00,0.014555550234117797
672,2023-07-12 19:00:00+00:00,0.01265443987537803
672,2023-07-12 20:00:00+00:00,0.005747788672504033
672,2023-07-12 21:00:00+00:00,0.0034297534904820107
672,2023-07-12 22:00:00+00:00,0.004489212210257577
672,2023-07-12 23:00:00+00:00,0.0016971209218445916
672,2023-07-13 00:00:00+00:00,0.000994243807115148
672,2023-07-13 01:00:00+00:00,0.0008576622575600476
672,2023-07-13 02:00:00+00:00,0.0039232116502843205
672,2023-07-13 03:00:00+00:00,0.0233539688313752
672,2023-07-13 04:00:00+00:00,0.003268418809445596
672,2023-07-13 05:00:00+00:00,0.0011706517523289823
672,2023-07-13 06:00:00+00:00,0.22034909879531073
672,2023-07-13 07:00:00+00:00,0.5554134732055596
672,2023-07-13 08:00:00+00:00,0.7660941588883511
672,2023-07-13 09:00:00+00:00,0.4776876137453621
672,2023-07-13 10:00:00+00:00,0.4119898076120141
672,2023-07-13 11:00:00+00:00,1.5355154104607545
672,2023-07-13 12:00:00+00:00,0.5947326631792785
672,2023-07-13 13:00:00+00:00,0.06136474918178754
672,2023-07-13 14:00:00+00:00,0.011652471603537587
672,2023-07-13 15:00:00+00:00,0.06263723758373156
672,2023-07-13 16:00:00+00:00,0.01572917816567276
672,2023-07-13 17:00:00+00:00,0.0795473854302615
672,2023-07-13 18:00:00+00:00,0.015123277720148714
672,2023-07-13 19:00:00+00:00,0.010231936153033016
672,2023-07-13 20:00:00+00:00,0.03413917490288086
672,2023-07-13 21:00:00+00:00,0.006186442304191931
672,2023-07-13 22:00:00+00:00,0.19360164066798088
672,2023-07-13 23:00:00+00:00,0.16247388527218948
672,2023-07-14 00:00:00+00:00,0.08872265859727604
672,2023-07-14 01:00:00+00:00,0.07738766837767737
672,2023-07-14 02:00:00+00:00,0.07173924623592996
672,2023-07-14 03:00:00+00:00,0.060531629242661485
672,2023-07-14 04:00:00+00:00,0.062071961401595564
672,2023-07-14 05:00:00+00:00,0.06821353134455133
672,2023-07-14 06:00:00+00:00,0.2482614225965334
672,2023-07-14 07:00:00+00:00,0.5367194606279974
672,2023-07-14 08:00:00+00:00,0.6495966697022264
672,2023-07-14 09:00:00+00:00,0.5695490853291224
672,2023-07-14 10:00:00+00:00,0.5596403858251808
672,2023-07-14 11:00:00+00:00,0.6212440581124662
672,2023-07-14 12:00:00+00:00,0.655253468633005
672,2023-07-14 13:00:00+00:00,0.6222743694325146
672,2023-07-14 14:00:00+00:00,0.705382260388266
672,2023-07-14 15:00:00+00:00,0.6411881536770045
672,2023-07-14 16:00:00+00:00,0.6144875926002482
672,2023-07-14 17:00:00+00:00,0.7008157261180484
672,2023-07-14 18:00:00+00:00,0.6933616715270488
672,2023-07-14 19:00:00+00:00,0.05186734868791038
672,2023-07-14 20:00:00+00:00,0.02696054904734975
672,2023-07-14 21:00:00+00:00,0.2781282257548634
672,2023-07-14 22:00:00+00:00,0.5775892162336479
672,2023-07-14 23:00:00+00:00,0.4126586377349733
672,2023-07-15 00:00:00+00:00,0.1344161592121688
672,2023-07-15 01:00:00+00:00,0.12511001124031806
672,2023-07-15 02:00:00+00:00,0.08227564698507667
672,2023-07-15 03:00:00+00:00,0.05825852227331784
672,2023-07-15 04:00:00+00:00,0.08534299970512015
672,2023-07-15 05:00:00+00:00,0.049099387976245606
672,2023-07-15 06:00:00+00:00,0.1307422532590051
672,2023-07-15 07:00:00+00:00,0.13503578411670747
672,2023-07-15 08:00:00+00:00,0.22109130191472087
672,2023-07-15 09:00:00+00:00,0.3159502287889504
672,2023-07-15 10:00:00+00:00,0.40658966867360813
672,2023-07-15 11:00:00+00:00,0.5096725240377044
672,2023-07-15 12:00:00+00:00,1.6533228260430066
672,2023-07-15 13:00:00+00:00,0.5310171266508215
672,2023-07-15 14:00:00+00:00,0.5214409111841843
672,2023-07-15 15:00:00+00:00,1.9445855002964352
672,2023-07-15 16:00:00+00:00,1.5612462557555675
672,2023-07-15 17:00:00+00:00,1.798149766783803
672,2023-07-15 18:00:00+00:00,0.6644038101316254
672,2023-07-15 19:00:00+00:00,1.527255075019201
672,2023-07-15 20:00:00+00:00,0.22968063074549297
672,2023-07-15 21:00:00+00:00,0.15209924778968603
672,2023-07-15 22:00:00+00:00,0.023518625614211273
672,2023-07-15 23:00:00+00:00,0.027163397933870247
672,2023-07-16 00:00:00+00:00,0.013004045321797617
672,2023-07-16 01:00:00+00:00,0.013330116190964901
672,2023-07-16 02:00:00+00:00,0.0006864392913587702
672,2023-07-16 03:00:00+00:00,0.000564072978516842
672,2023-07-16 04:00:00+00:00,0.0006455869295599364
672,2023-07-16 05:00:00+00:00,0.0059140019558474284
672,2023-07-16 06:00:00+00:00,0.11753271504447786
672,2023-07-16 07:00:00+00:00,0.0161823969422282
672,2023-07-16 08:00:00+00:00,0.18078247653348112
672,2023-07-16 09:00:00+00:00,0.2572732903820641
672,2023-07-16 10:00:00+00:00,0.39229526065272385
672,2023-07-16 11:00:00+00:00,0.045816496239756276
672,2023-07-16 12:00:00+00:00,0.04788553683759161
672,2023-07-16 13:00:00+00:00,0.010869832522823815
672,2023-07-16 14:00:00+00:00,0.08642040177629552
672,2023-07-16 15:00:00+00:00,0.6136990718374122
672,2023-07-16 16:00:00+00:00,1.6484801649515066
672,2023-07-16 17:00:00+00:00,0.01210105058548117
672,2023-07-16 18:00:00+00:00,0.01046207199625028
672,2023-07-16 19:00:00+00:00,0.00651980237835222
672,2023-07-16 20:00:00+00:00,0.004320435603489228
672,2023-07-16 21:00:00+00:00,0.014824241039157502
672,2023-07-16 22:00:00+00:00,0.01504759390121246
672,2023-07-16 23:00:00+00:00,0.12918830185209557
672,2023-07-17 00:00:00+00:00,0.04845976384836883
672,2023-07-17 01:00:00+00:00,0.04435710953054916
672,2023-07-17 02:00:00+00:00,0.03530149128781984
672,2023-07-17 03:00:00+00:00,0.03812853564528322
672,2023-07-17 04:00:00+00:00,0.03707289891370978
672,2023-07-17 05:00:00+00:00,0.09885307781112333
672,2023-07-17 06:00:00+00:00,0.15149524851226973
672,2023-07-17 07:00:00+00:00,1.6390227009848988
672,2023-07-17 08:00:00+00:00,2.522782491910245
672,2023-07-17 09:00:00+00:00,0.0638599937084529
672,2023-07-17 10:00:00+00:00,0.045938585882172034
672,2023-07-17 11:00:00+00:00,0.007579957960795692
672,2023-07-17 12:00:00+00:00,0.01358380578312399
672,2023-07-17 13:00:00+00:00,0.010027169837944152
672,2023-07-17 14:00:00+00:00,0.013522247412992263
672,2023-07-17 15:00:00+00:00,0.013031302547284188
672,2023-07-17 16:00:00+00:00,0.013166561348256556
672,2023-07-17 17:00:00+00:00,0.011931587058614692
672,2023-07-17 18:00:00+00:00,0.018777436197467818
672,2023-07-17 19:00:00+00:00,0.010082114474458176
672,2023-07-17 20:00:00+00:00,0.0032567805729480366
672,2023-07-17 21:00:00+00:00,0.003822633111554046
672,2023-07-17 22:00:00+00:00,0.0005916144802403784
672,2023-07-17 23:00:00+00:00,0.0006830699147509778
672,2023-07-18 00:00:00+00:00,0.0003841708942332744
672,2023-07-18 01:00:00+00:00,0.0010844057494575877
672,2023-07-18 02:00:00+00:00,0.03984550581714354
672,2023-07-18 03:00:00+00:00,0.041369609555064496
672,2023-07-18 04:00:00+00:00,0.06656975426795435
672,2023-07-18 05:00:00+00:00,0.11295921941065963
672,2023-07-18 06:00:00+00:00,0.2609546591894845
672,2023-07-18 07:00:00+00:00,0.6626144593512283
672,2023-07-18 08:00:00+00:00,0.872439738652648
672,2023-07-18 09:00:00+00:00,0.6423958924968867
672,2023-07-18 10:00:00+00:00,0.5336799758673163
672,2023-07-18 11:00:00+00:00,0.664107857812778
672,2023-07-18 12:00:00+00:00,0.6581235685874632
672,2023-07-18 13:00:00+00:00,0.5839747908425976
672,2023-07-18 14:00:00+00:00,0.004165813492019715
672,2023-07-18 15:00:00+00:00,0.0017443230679998628
672,2023-07-18 16:00:00+00:00,0.0006731312149207353
672,2023-07-18 17:00:00+00:00,0.0
672,2023-07-18 18:00:00+00:00,0.05825652920622551
672,2023-07-18 19:00:00+00:00,1.4872415085858341
672,2023-07-18 20:00:00+00:00,0.3286655625318787
672,2023-07-18 21:00:00+00:00,0.20821269699288697
672,2023-07-18 22:00:00+00:00,0.17304031612717163
672,2023-07-18 23:00:00+00:00,0.09464135065763583
672,2023-07-19 00:00:00+00:00,0.15683343240164133
672,2023-07-19 01:00:00+00:00,0.005699955602260356
672,2023-07-19 02:00:00+00:00,0.0004314965992993959
672,2023-07-19 03:00:00+00:00,0.0004244649877655435
672,2023-07-19 04:00:00+00:00,0.00019530123701337046
672,2023-07-19 05:00:00+00:00,0.0011280943775710086
672,2023-07-19 06:00:00+00:00,8.205070994636277e-05
672,2023-07-19 07:00:00+00:00,0.0007102768259719079
672,2023-07-19 08:00:00+00:00,0.001422161344062927
672,2023-07-19 09:00:00+00:00,0.0008654361962800593
672,2023-07-19 10:00:00+00:00,0.002316413545991325
672,2023-07-19 11:00:00+00:00,0.002048518051105326
672,2023-07-19 12:00:00+00:00,0.00531856094014328
672,2023-07-19 13:00:00+00:00,0.008941878114542636
672,2023-07-19 14:00:00+00:00,0.0812515079347318
672,2023-07-19 15:00:00+00:00,0.01639112131813856
672,2023-07-19 16:00:00+00:00,0.004364757280590784
672,2023-07-19 17:00:00+00:00,0.016093250066249776
672,2023-07-19 18:00:00+00:00,0.01577220542073735
672,2023-07-19 19:00:00+00:00,0.009363903939564757
672,2023-07-19 20:00:00+00:00,0.0007366193316930406
672,2023-07-19 21:00:00+00:00,0.001576125610552431
672,2023-07-19 22:00:00+00:00,0.0007808908561624374
672,2023-07-19 23:00:00+00:00,2.6230233876851792e-05
672,2023-07-20 00:00:00+00:00,1.2501690230174541e-51
672,2023-07-20 01:00:00+00:00,2.872394723710629e-05
672,2023-07-20 02:00:00+00:00,0.0
672,2023-07-20 03:00:00+00:00,0.00010396538789944992
672,2023-07-20 04:00:00+00:00,0.0038791603398041466
672,2023-07-20 05:00:00+00:00,0.05781026518537887
672,2023-07-20 06:00:00+00:00,0.24885386272671706
672,2023-07-20 07:00:00+00:00,0.0002535355525265745
672,2023-07-20 08:00:00+00:00,0.001399266257847402
672,2023-07-20 09:00:00+00:00,0.0008843625519046759
672,2023-07-20 10:00:00+00:00,0.0019280357616513174
672,2023-07-20 11:00:00+00:00,0.0047424024529903845
672,2023-07-20 12:00:00+00:00,0.002664225377529701
672,2023-07-20 13:00:00+00:00,8.234067792510414e-50
672,2023-07-20 14:00:00+00:00,0.0029988149084068335
672,2023-07-20 15:00:00+00:00,0.0021021504400680516
672,2023-07-20 16:00:00+00:00,1.1285949222131726e-08
672,2023-07-20 17:00:00+00:00,0.00023827937918016173
672,2023-07-20 18:00:00+00:00,1.2173209325769836e-08
672,2023-07-20 19:00:00+00:00,0.0001512406902065145
672,2023-07-20 20:00:00+00:00,0.0
672,2023-07-20 21:00:00+00:00,2.6619569425805655e-05
672,2023-07-20 22:00:00+00:00,0.00029473156594253075
672,2023-07-20 23:00:00+00:00,0.00010721409293785607
672,2023-07-21 00:00:00+00:00,1.6699115995577226e-10
672,2023-07-21 01:00:00+00:00,1.1933431583348425e-51
672,2023-07-21 02:00:00+00:00,0.0
672,2023-07-21 03:00:00+00:00,0.0022439129422858997
672,2023-07-21 04:00:00+00:00,0.002053385164857189
672,2023-07-21 05:00:00+00:00,0.03032688025263696
672,2023-07-21 06:00:00+00:00,0.0016403076710527912
672,2023-07-21 07:00:00+00:00,0.0073661507674787526
672,2023-07-21 08:00:00+00:00,0.003338671808570922
672,2023-07-21 09:00:00+00:00,0.0015000489802955114
672,2023-07-21 10:00:00+00:00,0.007010060320585409
672,2023-07-21 11:00:00+00:00,0.00808593340919721
672,2023-07-21 12:00:00+00:00,0.0012090954570554517
672,2023-07-21 13:00:00+00:00,0.0007637100305524595
672,2023-07-21 14:00:00+00:00,0.0011519156238036145
672,2023-07-21 15:00:00+00:00,0.004284096773354925
672,2023-07-21 16:00:00+00:00,0.004851744352310903
672,2023-07-21 17:00:00+00:00,0.01738470375229691
672,2023-07-21 18:00:00+00:00,0.01473890259988793
672,2023-07-21 19:00:00+00:00,0.012304930852403487
672,2023-07-21 20:00:00+00:00,0.0019199576125419862
672,2023-07-21 21:00:00+00:00,0.0026350490897227023
672,2023-07-21 22:00:00+00:00,0.01810189599995636
672,2023-07-21 23:00:00+00:00,0.0034373782711196467
672,2023-07-22 00:00:00+00:00,0.0016661202233565033
672,2023-07-22 01:00:00+00:00,0.0017117929709845917
672,2023-07-22 02:00:00+00:00,0.003196976050007848
672,2023-07-22 03:00:00+00:00,0.03878620952725054
672,2023-07-22 04:00:00+00:00,0.048755833421528165
672,2023-07-22 05:00:00+00:00,0.043884077998915125
672,2023-07-22 06:00:00+00:00,0.10004537263769216
672,2023-07-22 07:00:00+00:00,0.21352108752045718
672,2023-07-22 08:00:00+00:00,0.2529069777030049
672,2023-07-22 09:00:00+00:00,0.4288878252846911
672,2023-07-22 10:00:00+00:00,0.4519226253677015
672,2023-07-22 11:00:00+00:00,0.6303785046373688
672,2023-07-22 12:00:00+00:00,0.6618265719286026
672,2023-07-22 13:00:00+00:00,0.7235469350933946
672,2023-07-22 14:00:00+00:00,0.5188727237322003
672,2023-07-22 15:00:00+00:00,0.5356074610692835
672,2023-07-22 16:00:00+00:00,0.48824925404063385
672,2023-07-22 17:00:00+00:00,0.4921685011651997
672,2023-07-22 18:00:00+00:00,0.47781155236053163
672,2023-07-22 19:00:00+00:00,0.41862218954954367
672,2023-07-22 20:00:00+00:00,0.43226219922756604
672,2023-07-22 21:00:00+00:00,0.3324200446216014
672,2023-07-22 22:00:00+00:00,0.28984766378313953
672,2023-07-22 23:00:00+00:00,0.17728471969709791
672,2023-07-23 00:00:00+00:00,0.36313988472934655
672,2023-07-23 01:00:00+00:00,0.08322877250538543
672,2023-07-23 02:00:00+00:00,0.040028775415573786
672,2023-07-23 03:00:00+00:00,0.004176238484172425
672,2023-07-23 04:00:00+00:00,0.004756487796770789
672,2023-07-23 05:00:00+00:00,0.0011058925239879165
672,2023-07-23 06:00:00+00:00,0.006714043719200582
672,2023-07-23 07:00:00+00:00,0.011290669769554658
672,2023-07-23 08:00:00+00:00,0.004452914191838646
672,2023-07-23 09:00:00+00:00,0.0032587710233088524
672,2023-07-23 10:00:00+00:00,0.03738784393055676
672,2023-07-23 11:00:00+00:00,0.04038988878327487
672,2023-07-23 12:00:00+00:00,0.010096677346262177
672,2023-07-23 13:00:00+00:00,0.010489213626326167
672,2023-07-23 14:00:00+00:00,0.009201066804786906
672,2023-07-23 15:00:00+00:00,0.002148674983474924
672,2023-07-23 16:00:00+00:00,0.010576590883013205
672,2023-07-23 17:00:00+00:00,0.008060532865257283
672,2023-07-23 18:00:00+00:00,0.0072668624572431685
672,2023-07-23 19:00:00+00:00,0.0015682683413333538
672,2023-07-23 20:00:00+00:00,0.0015007100194674788
672,2023-07-23 21:00:00+00:00,0.0025013464136259414
672,2023-07-23 22:00:00+00:00,0.0023663518450622464
672,2023-07-23 23:00:00+00:00,0.0012562664024173623
672,2023-07-24 00:00:00+00:00,0.0004057900669938757
672,2023-07-24 01:00:00+00:00,0.039831107691488024
672,2023-07-24 02:00:00+00:00,0.0011339195277468295
672,2023-07-24 03:00:00+00:00,0.00019530123701337046
672,2023-07-24 04:00:00+00:00,0.000429812974002558
672,2023-07-24 05:00:00+00:00,3.08832789587582e-51
672,2023-07-24 06:00:00+00:00,5.720361759092071e-05
672,2023-07-24 07:00:00+00:00,6.345257705589888e-05
672,2023-07-24 08:00:00+00:00,0.0016238033768909237
672,2023-07-24 09:00:00+00:00,0.006624540089502989
672,2023-07-24 10:00:00+00:00,0.007601818989083165
672,2023-07-24 11:00:00+00:00,0.007271841956606692
672,2023-07-24 12:00:00+00:00,0.0010616580174440614
672,2023-07-24 13:00:00+00:00,0.00010935409017822133
672,2023-07-24 14:00:00+00:00,0.00022388215781276604
672,2023-07-24 15:00:00+00:00,0.0001949175546886693
672,2023-07-24 16:00:00+00:00,0.0006727143197413788
672,2023-07-24 17:00:00+00:00,0.004038487199556997
672,2023-07-24 18:00:00+00:00,0.0001862939620673365
672,2023-07-24 19:00:00+00:00,7.949850966939954e-09
672,2023-07-24 20:00:00+00:00,0.0
672,2023-07-24 21:00:00+00:00,5.38860315885503e-05
672,2023-07-24 22:00:00+00:00,8.74231337196976e-05
672,2023-07-24 23:00:00+00:00,0.0
672,2023-07-25 00:00:00+00:00,1.429979249061262e-05
672,2023-07-25 01:00:00+00:00,1.399100458970757e-20
672,2023-07-25 02:00:00+00:00,0.0
672,2023-07-25 03:00:00+00:00,1.5856509443239017e-05
672,2023-07-25 04:00:00+00:00,0.11723075747051098
672,2023-07-25 05:00:00+00:00,0.0
672,2023-07-25 06:00:00+00:00,0.6834118232168921
672,2023-07-25 07:00:00+00:00,0.0008933825633706636
672,2023-07-25 08:00:00+00:00,0.0005070522495514037
672,2023-07-25 09:00:00+00:00,0.0003356318202999179
672,2023-07-25 10:00:00+00:00,0.00019235272323579722
672,2023-07-25 11:00:00+00:00,0.0024574894054868713
672,2023-07-25 12:00:00+00:00,0.0006205862700874711
672,2023-07-25 13:00:00+00:00,0.0006433409387801234
672,2023-07-25 14:00:00+00:00,0.001994792306747771
672,2023-07-25 15:00:00+00:00,2.588362971753745e-09
672,2023-07-25 16:00:00+00:00,0.00105837361090511
672,2023-07-25 17:00:00+00:00,0.0025004421058267634
672,2023-07-25 18:00:00+00:00,0.0008040413158524693
672,2023-07-25 19:00:00+00:00,0.00012808410167054838
672,2023-07-25 20:00:00+00:00,4.091803477115201e-05
672,2023-07-25 21:00:00+00:00,8.635607601731568e-10
672,2023-07-25 22:00:00+00:00,0.0002813775334328494
672,2023-07-25 23:00:00+00:00,2.6230805255692562e-05
672,2023-07-26 00:00:00+00:00,3.4969391571098886e-05
672,2023-07-26 01:00:00+00:00,0.06697086563056694
672,2023-07-26 02:00:00+00:00,0.10562615613221293
672,2023-07-26 03:00:00+00:00,0.04107712613062703
672,2023-07-26 04:00:00+00:00,0.04391900739877285
672,2023-07-26 05:00:00+00:00,0.07873996681397914
672,2023-07-26 06:00:00+00:00,0.27948744501614137
672,2023-07-26 07:00:00+00:00,0.49008871751830746
672,2023-07-26 08:00:00+00:00,0.011085630169999063
672,2023-07-26 09:00:00+00:00,0.5992389519610286
672,2023-07-26 10:00:00+00:00,1.8436189360454547
672,2023-07-26 11:00:00+00:00,2.0765292720995645
672,2023-07-26 12:00:00+00:00,1.9583537176869334
672,2023-07-26 13:00:00+00:00,0.7623063970249254
672,2023-07-26 14:00:00+00:00,0.573529731890377
672,2023-07-26 15:00:00+00:00,0.624225531907221
672,2023-07-26 16:00:00+00:00,0.6277684737826007
672,2023-07-26 17:00:00+00:00,0.6165354342595684
672,2023-07-26 18:00:00+00:00,0.5861680201682233
672,2023-07-26 19:00:00+00:00,0.5058857741605844
672,2023-07-26 20:00:00+00:00,0.40017529465941104
672,2023-07-26 21:00:00+00:00,0.7792748203880562
672,2023-07-26 22:00:00+00:00,0.26498974244214113
672,2023-07-26 23:00:00+00:00,0.17691670785269317
672,2023-07-27 00:00:00+00:00,0.061101472743838384
672,2023-07-27 01:00:00+00:00,0.05565467918586474
672,2023-07-27 02:00:00+00:00,0.03333222952772317
672,2023-07-27 03:00:00+00:00,0.05116960187445956
672,2023-07-27 04:00:00+00:00,0.13959951144197708
672,2023-07-27 05:00:00+00:00,0.03702934459150512
672,2023-07-27 06:00:00+00:00,0.0226654320217451
672,2023-07-27 07:00:00+00:00,0.007542228025293796
672,2023-07-27 08:00:00+00:00,0.01073612114472354
672,2023-07-27 09:00:00+00:00,0.008843621303385537
672,2023-07-27 10:00:00+00:00,0.008538462281297133
672,2023-07-27 11:00:00+00:00,0.007850038869227185
672,2023-07-27 12:00:00+00:00,0.046216176771640596
672,2023-07-27 13:00:00+00:00,0.05694600957323484
672,2023-07-27 14:00:00+00:00,0.06834012255861183
672,2023-07-27 15:00:00+00:00,0.015713953915941846
672,2023-07-27 16:00:00+00:00,0.015409456266810239
672,2023-07-27 17:00:00+00:00,0.01722120524944034
672,2023-07-27 18:00:00+00:00,0.0042656425684439855
672,2023-07-27 19:00:00+00:00,0.003492641694914116
672,2023-07-27 20:00:00+00:00,0.0018758943219592975
672,2023-07-27 21:00:00+00:00,0.0020331324221140004
672,2023-07-27 22:00:00+00:00,0.004670695960369344
672,2023-07-27 23:00:00+00:00,0.0037153956615674955
672,2023-07-28 00:00:00+00:00,0.0010372710619956536
672,2023-07-28 01:00:00+00:00,0.0009256847306731021
672,2023-07-28 02:00:00+00:00,0.000999775068832589
672,2023-07-28 03:00:00+00:00,0.003688844672664633
672,2023-07-28 04:00:00+00:00,0.004261064335818357
672,2023-07-28 05:00:00+00:00,0.0010844057497337053
672,2023-07-28 06:00:00+00:00,0.004613105831015698
672,2023-07-28 07:00:00+00:00,0.3869191929592979
672,2023-07-28 08:00:00+00:00,0.055096161059883526
672,2023-07-28 09:00:00+00:00,0.012212923981889534
672,2023-07-28 10:00:00+00:00,0.053636215112540526
672,2023-07-28 11:00:00+00:00,0.05656032776344393
672,2023-07-28 12:00:00+00:00,0.6650845384468337
672,2023-07-28 13:00:00+00:00,0.06469191576499118
672,2023-07-28 14:00:00+00:00,0.003297356788693366
672,2023-07-28 15:00:00+00:00,0.0041259673421607185
672,2023-07-28 16:00:00+00:00,0.014145144210286759
672,2023-07-28 17:00:00+00:00,0.01628719706553089
672,2023-07-28 18:00:00+00:00,0.012982759627833119
672,2023-07-28 19:00:00+00:00,0.008577508636928632
672,2023-07-28 20:00:00+00:00,0.03223848348582321
672,2023-07-28 21:00:00+00:00,0.023166133130978536
672,2023-07-28 22:00:00+00:00,0.7377449792984894
672,2023-07-28 23:00:00+00:00,0.5975824799799339
672,2023-07-29 00:00:00+00:00,0.12364444124227146
672,2023-07-29 01:00:00+00:00,0.10433542371021647
672,2023-07-29 02:00:00+00:00,0.09267247896260845
672,2023-07-29 03:00:00+00:00,0.13045917740522836
672,2023-07-29 04:00:00+00:00,0.0925274722016662
672,2023-07-29 05:00:00+00:00,0.0034224500149547797
672,2023-07-29 06:00:00+00:00,0.0995315156804822
672,2023-07-29 07:00:00+00:00,0.16281430330663427
672,2023-07-29 08:00:00+00:00,0.25516988640860694
672,2023-07-29 09:00:00+00:00,0.02873975797993845
672,2023-07-29 10:00:00+00:00,0.042598572724323616
672,2023-07-29 11:00:00+00:00,0.011749557441243215
672,2023-07-29 12:00:00+00:00,0.013111180015836268
672,2023-07-29 13:00:00+00:00,0.02014170426416418
672,2023-07-29 14:00:00+00:00,0.012408855098936567
672,2023-07-29 15:00:00+00:00,0.011514567305307715
672,2023-07-29 16:00:00+00:00,0.011838918818273272
672,2023-07-29 17:00:00+00:00,0.004120619355923704
672,2023-07-29 18:00:00+00:00,0.009273881185988372
672,2023-07-29 19:00:00+00:00,0.009439363808727768
672,2023-07-29 20:00:00+00:00,0.00711923691501386
672,2023-07-29 21:00:00+00:00,0.0040930193895977185
672,2023-07-29 22:00:00+00:00,0.00249528645968335
672,2023-07-29 23:00:00+00:00,0.01779792420575686
672,2023-07-30 00:00:00+00:00,0.003774417712790145
672,2023-07-30 01:00:00+00:00,0.0006864392914508093
672,2023-07-30 02:00:00+00:00,0.002824523906837255
672,2023-07-30 03:00:00+00:00,0.0015370384588990654
672,2023-07-30 04:00:00+00:00,0.0005990620358682422
672,2023-07-30 05:00:00+00:00,0.0009350002438968805
672,2023-07-30 06:00:00+00:00,0.0012054055101695645
672,2023-07-30 07:00:00+00:00,0.0014523130293952885
672,2023-07-30 08:00:00+00:00,0.0015244660343265452
672,2023-07-30 09:00:00+00:00,0.8358562118480075
672,2023-07-30 10:00:00+00:00,1.2943422163201617
672,2023-07-30 11:00:00+00:00,0.4352740956305304
672,2023-07-30 12:00:00+00:00,1.6293036491183792
672,2023-07-30 13:00:00+00:00,0.04437867026949796
672,2023-07-30 14:00:00+00:00,0.007840105606740177
672,2023-07-30 15:00:00+00:00,0.0074705180441696955
672,2023-07-30 16:00:00+00:00,0.007756921267881755
672,2023-07-30 17:00:00+00:00,0.009041536544089002
672,2023-07-30 18:00:00+00:00,0.005460671543378156
672,2023-07-30 19:00:00+00:00,0.0334728784413183
672,2023-07-30 20:00:00+00:00,0.2833014480309345
672,2023-07-30 21:00:00+00:00,0.23512512174117067
672,2023-07-30 22:00:00+00:00,0.15115511271942486
672,2023-07-30 23:00:00+00:00,0.14057085887391405
672,2023-07-31 00:00:00+00:00,0.077386742834425
672,2023-07-31 01:00:00+00:00,0.04698162784212422
672,2023-07-31 02:00:00+00:00,0.10149302678378601
672,2023-07-31 03:00:00+00:00,0.0038791603398041466
672,2023-07-31 04:00:00+00:00,0.0010844057494575877
672,2023-07-31 05:00:00+00:00,0.0012227530714025772
672,2023-07-31 06:00:00+00:00,0.01808923019196942
672,2023-07-31 07:00:00+00:00,0.03634931444303322
672,2023-07-31 08:00:00+00:00,0.6398872845699818
672,2023-07-31 09:00:00+00:00,0.007340338212045707
672,2023-07-31 10:00:00+00:00,0.006992813307113204
672,2023-07-31 11:00:00+00:00,0.008689382028366879
672,2023-07-31 12:00:00+00:00,0.03703405897837121
672,2023-07-31 13:00:00+00:00,0.0437263067909902
672,2023-07-31 14:00:00+00:00,0.05458614746213663
672,2023-07-31 15:00:00+00:00,0.010021878849411692
672,2023-07-31 16:00:00+00:00,0.01091616664451317
672,2023-07-31 17:00:00+00:00,0.015287662272184265
672,2023-07-31 18:00:00+00:00,0.013762534865913353
672,2023-07-31 19:00:00+00:00,0.006949786054349601
672,2023-07-31 20:00:00+00:00,0.003281841795119783
672,2023-07-31 21:00:00+00:00,0.000687654396321035
672,2023-07-31 22:00:00+00:00,0.00042031315701797047
672,2023-07-31 23:00:00+00:00,0.0010808505163626067
672,2023-08-01 00:00:00+00:00,0.0007641079627934136
672,2023-08-01 01:00:00+00:00,0.0001885566563183768
672,2023-08-01 02:00:00+00:00,0.00034270081111940123
672,2023-08-01 03:00:00+00:00,0.0005129681540572025
672,2023-08-01 04:00:00+00:00,0.0004310014153885612
672,2023-08-01 05:00:00+00:00,0.00042743609123055155
672,2023-08-01 06:00:00+00:00,0.0016137762694898108
672,2023-08-01 07:00:00+00:00,0.001469280550806753
672,2023-08-01 08:00:00+00:00,0.002770116216861494
672,2023-08-01 09:00:00+00:00,0.002801015692897578
672,2023-08-01 10:00:00+00:00,0.0018761413871639645
672,2023-08-01 11:00:00+00:00,0.010549449252385082
672,2023-08-01 12:00:00+00:00,0.06323603044514384
672,2023-08-01 13:00:00+00:00,0.012330082033223028
672,2023-08-01 14:00:00+00:00,0.054544110039072245
672,2023-08-01 15:00:00+00:00,0.015189690381986245
672,2023-08-01 16:00:00+00:00,0.013127065639812535
672,2023-08-01 17:00:00+00:00,0.01383998519003914
672,2023-08-01 18:00:00+00:00,0.06249568332575616
672,2023-08-01 19:00:00+00:00,0.04397617811077317
672,2023-08-01 20:00:00+00:00,0.35238054907222016
672,2023-08-01 21:00:00+00:00,0.27032927851808874
672,2023-08-01 22:00:00+00:00,0.24839403594487666
672,2023-08-01 23:00:00+00:00,0.1279031129239583
672,2023-08-02 00:00:00+00:00,0.07948189161017302
672,2023-08-02 01:00:00+00:00,0.053483205253362524
672,2023-08-02 02:00:00+00:00,0.03042724445596937
672,2023-08-02 03:00:00+00:00,0.06000512069452674
672,2023-08-02 04:00:00+00:00,0.0038791603398041466
672,2023-08-02 05:00:00+00:00,0.0012009087571157688
672,2023-08-02 06:00:00+00:00,0.002004379571261651
672,2023-08-02 07:00:00+00:00,0.4643144108274594
672,2023-08-02 08:00:00+00:00,1.922872536487346
672,2023-08-02 09:00:00+00:00,2.0272076649969164
672,2023-08-02 10:00:00+00:00,0.5031177870674841
672,2023-08-02 11:00:00+00:00,0.6231975633697041
672,2023-08-02 12:00:00+00:00,0.678147589110511
672,2023-08-02 13:00:00+00:00,1.0392941697629912
672,2023-08-02 14:00:00+00:00,0.002185894115175367
672,2023-08-02 15:00:00+00:00,6.145363934148464e-05
672,2023-08-02 16:00:00+00:00,0.00030599035410677376
672,2023-08-02 17:00:00+00:00,0.009840510603800501
672,2023-08-02 18:00:00+00:00,0.0075680532407624325
672,2023-08-02 19:00:00+00:00,0.0051232816119998045
672,2023-08-02 20:00:00+00:00,0.004884130656298337
672,2023-08-02 21:00:00+00:00,0.003784903175039718
672,2023-08-02 22:00:00+00:00,6.120476785751759e-05
672,2023-08-02 23:00:00+00:00,8.903366566198295e-21
672,2023-08-03 00:00:00+00:00,3.815728530502255e-21
672,2023-08-03 01:00:00+00:00,0.0
672,2023-08-03 02:00:00+00:00,0.0
672,2023-08-03 03:00:00+00:00,6.786914840147566e-05
672,2023-08-03 04:00:00+00:00,0.0011426572537928939
672,2023-08-03 05:00:00+00:00,3.08832789587582e-51
672,2023-08-03 06:00:00+00:00,0.0
672,2023-08-03 07:00:00+00:00,9.944526319457023e-51
672,2023-08-03 08:00:00+00:00,0.0
672,2023-08-03 09:00:00+00:00,0.0
672,2023-08-03 10:00:00+00:00,1.6706804216687796e-50
672,2023-08-03 11:00:00+00:00,0.0005157888479445931
672,2023-08-03 12:00:00+00:00,0.00033549772458470574
672,2023-08-03 13:00:00+00:00,2.5048673594709445e-09
672,2023-08-03 14:00:00+00:00,0.0003409467468092452
672,2023-08-03 15:00:00+00:00,0.00033221486229149206
672,2023-08-03 16:00:00+00:00,2.866681529370522e-09
672,2023-08-03 17:00:00+00:00,3.191386557399175e-09
672,2023-08-03 18:00:00+00:00,0.0005594976948030853
672,2023-08-03 19:00:00+00:00,0.0003147269644036891
672,2023-08-03 20:00:00+00:00,6.762277897230775e-51
672,2023-08-03 21:00:00+00:00,1.2717613519126818e-09
672,2023-08-03 22:00:00+00:00,0.0001661012293045785
672,2023-08-03 23:00:00+00:00,6.119634001961625e-05
672,2023-08-04 00:00:00+00:00,0.0001258026510541952
672,2023-08-04 01:00:00+00:00,7.586918872021097e-05
672,2023-08-04 02:00:00+00:00,4.554157671331464e-05
672,2023-08-04 03:00:00+00:00,5.08920591016141e-05
672,2023-08-04 04:00:00+00:00,6.786914840147566e-05
672,2023-08-04 05:00:00+00:00,0.00019469979170488
672,2023-08-04 06:00:00+00:00,4.371820318700981e-05
672,2023-08-04 07:00:00+00:00,0.0010044665151679399
672,2023-08-04 08:00:00+00:00,0.00026227900746585316
672,2023-08-04 09:00:00+00:00,2.9223452366782005e-09
672,2023-08-04 10:00:00+00:00,1.3126774741683268e-50
672,2023-08-04 11:00:00+00:00,0.0
672,2023-08-04 12:00:00+00:00,2.7367995099109974e-09
672,2023-08-04 13:00:00+00:00,0.0008304688045349031
672,2023-08-04 14:00:00+00:00,2.426464421947513e-50
672,2023-08-04 15:00:00+00:00,3.172832021288869e-09
672,2023-08-04 16:00:00+00:00,0.0010048068185476613
672,2023-08-04 17:00:00+00:00,0.0008174932046321823
672,2023-08-04 18:00:00+00:00,0.00046947616601446626
672,2023-08-04 19:00:00+00:00,0.0014959923014599202
672,2023-08-04 20:00:00+00:00,0.00035841501545312245
672,2023-08-04 21:00:00+00:00,0.0002011017578598529
672,2023-08-04 22:00:00+00:00,0.00021442158267761459
672,2023-08-04 23:00:00+00:00,0.0013504697756343204
672,2023-08-05 00:00:00+00:00,0.012997439918281254
672,2023-08-05 01:00:00+00:00,0.15175725120377648
672,2023-08-05 02:00:00+00:00,0.025111662729652658
672,2023-08-05 03:00:00+00:00,0.07172338827104656
672,2023-08-05 04:00:00+00:00,0.06944259461612247
672,2023-08-05 05:00:00+00:00,0.06754814327205633
672,2023-08-05 06:00:00+00:00,0.11135978306940973
672,2023-08-05 07:00:00+00:00,0.16254630870172948
672,2023-08-05 08:00:00+00:00,0.22371738279319361
672,2023-08-05 09:00:00+00:00,0.39003015708805044
672,2023-08-05 10:00:00+00:00,0.5698382051751564
672,2023-08-05 11:00:00+00:00,0.039789560801075735
672,2023-08-05 12:00:00+00:00,0.006829976175740804
672,2023-08-05 13:00:00+00:00,0.000236055284927041
672,2023-08-05 14:00:00+00:00,0.0
672,2023-08-05 15:00:00+00:00,0.0
672,2023-08-05 16:00:00+00:00,0.0
672,2023-08-05 17:00:00+00:00,3.179773775391368e-20
672,2023-08-05 18:00:00+00:00,0.0
672,2023-08-05 19:00:00+00:00,0.0
672,2023-08-05 20:00:00+00:00,0.0
672,2023-08-05 21:00:00+00:00,0.0
672,2023-08-05 22:00:00+00:00,0.0
672,2023-08-05 23:00:00+00:00,0.0
672,2023-08-06 00:00:00+00:00,0.00020979962560744618
672,2023-08-06 01:00:00+00:00,0.0006265406467805152
672,2023-08-06 02:00:00+00:00,5.245030197182824e-05
672,2023-08-06 03:00:00+00:00,0.00014726169468882799
672,2023-08-06 04:00:00+00:00,2.6225650942399792e-05
672,2023-08-06 05:00:00+00:00,4.464627408039168e-05
672,2023-08-06 06:00:00+00:00,0.006515065646676591
672,2023-08-06 07:00:00+00:00,0.011445544325167823
672,2023-08-06 08:00:00+00:00,0.0001168778368792676
672,2023-08-06 09:00:00+00:00,4.3726773869621346e-05
672,2023-08-06 10:00:00+00:00,0.00018359926916680508
672,2023-08-06 11:00:00+00:00,0.000602936510362725
672,2023-08-06 12:00:00+00:00,0.0006643854427228245
672,2023-08-06 13:00:00+00:00,0.0006119325695462129
672,2023-08-06 14:00:00+00:00,1.829792842780092e-50
672,2023-08-06 15:00:00+00:00,2.9408998231933383e-09
672,2023-08-06 16:00:00+00:00,2.5373378792281622e-09
672,2023-08-06 17:00:00+00:00,2.217271502639664e-09
672,2023-08-06 18:00:00+00:00,2.1894396086619592e-09
672,2023-08-06 19:00:00+00:00,1.9117395047283258e-09
672,2023-08-06 20:00:00+00:00,4.77337263333937e-51
672,2023-08-06 21:00:00+00:00,0.00017425817099077763
672,2023-08-06 22:00:00+00:00,2.6233519305186212e-05
672,2023-08-06 23:00:00+00:00,7.687716650573661e-05
672,2023-08-07 00:00:00+00:00,0.0003699014813684452
672,2023-08-07 01:00:00+00:00,0.0054212189511871475
672,2023-08-07 02:00:00+00:00,0.0004279114677849528
672,2023-08-07 03:00:00+00:00,6.786914840147566e-05
672,2023-08-07 04:00:00+00:00,6.786914840147566e-05
672,2023-08-07 05:00:00+00:00,0.0001039684355293411
672,2023-08-07 06:00:00+00:00,0.0007059182664669205
672,2023-08-07 07:00:00+00:00,0.0004291220234902726
672,2023-08-07 08:00:00+00:00,0.0031686579635166836
672,2023-08-07 09:00:00+00:00,0.007076883698648097
672,2023-08-07 10:00:00+00:00,0.008750279027474628
672,2023-08-07 11:00:00+00:00,0.011897831696853926
672,2023-08-07 12:00:00+00:00,0.011444398418878694
672,2023-08-07 13:00:00+00:00,0.01043294624380651
672,2023-08-07 14:00:00+00:00,0.012238293510570167
672,2023-08-07 15:00:00+00:00,0.012345749306484985
672,2023-08-07 16:00:00+00:00,0.012644506611510434
672,2023-08-07 17:00:00+00:00,0.013705612440638771
672,2023-08-07 18:00:00+00:00,0.013975680686733691
672,2023-08-07 19:00:00+00:00,0.008329278370868921
672,2023-08-07 20:00:00+00:00,0.002379039774687579
672,2023-08-07 21:00:00+00:00,0.0007334685157313177
672,2023-08-07 22:00:00+00:00,0.0003762417889536846
672,2023-08-07 23:00:00+00:00,0.00034781823247177437
672,2023-08-08 00:00:00+00:00,0.0004723388775569446
672,2023-08-08 01:00:00+00:00,0.0006124082974423235
672,2023-08-08 02:00:00+00:00,0.00019510075524387365
672,2023-08-08 03:00:00+00:00,0.00042624764984454833
672,2023-08-08 04:00:00+00:00,0.13263576145855702
672,2023-08-08 05:00:00+00:00,0.04614804009587869
672,2023-08-08 06:00:00+00:00,0.20534144424069276
672,2023-08-08 07:00:00+00:00,0.5607067350230077
672,2023-08-08 08:00:00+00:00,0.705945680443122
672,2023-08-08 09:00:00+00:00,0.4620456980549967
672,2023-08-08 10:00:00+00:00,0.5528086788977876
672,2023-08-08 11:00:00+00:00,0.5783807339711531
672,2023-08-08 12:00:00+00:00,1.7431956749051611
672,2023-08-08 13:00:00+00:00,0.5864891349566638
672,2023-08-08 14:00:00+00:00,0.01091577235445814
672,2023-08-08 15:00:00+00:00,0.00845637601259032
672,2023-08-08 16:00:00+00:00,0.00857298210189629
672,2023-08-08 17:00:00+00:00,0.012154672476909953
672,2023-08-08 18:00:00+00:00,0.01097574722947387
672,2023-08-08 19:00:00+00:00,0.0005154399921560866
672,2023-08-08 20:00:00+00:00,0.10017115693940867
672,2023-08-08 21:00:00+00:00,0.22005790097651498
672,2023-08-08 22:00:00+00:00,6.965695915110952e-10
672,2023-08-08 23:00:00+00:00,7.774592084022281e-05
672,2023-08-09 00:00:00+00:00,0.0002486078725606726
672,2023-08-09 01:00:00+00:00,0.0001506557758851391
672,2023-08-09 02:00:00+00:00,6.786809135062023e-05
672,2023-08-09 03:00:00+00:00,6.78682913332145e-05
672,2023-08-09 04:00:00+00:00,0.004642119890675779
672,2023-08-09 05:00:00+00:00,0.06092059475979861
672,2023-08-09 06:00:00+00:00,0.189982386248989
672,2023-08-09 07:00:00+00:00,0.5888308599772738
672,2023-08-09 08:00:00+00:00,0.5176597528132388
672,2023-08-09 09:00:00+00:00,0.0075025139698170346
672,2023-08-09 10:00:00+00:00,0.011430496919203136
672,2023-08-09 11:00:00+00:00,0.0029142981434841066
672,2023-08-09 12:00:00+00:00,0.0030049334808807966
672,2023-08-09 13:00:00+00:00,0.004040399562368487
672,2023-08-09 14:00:00+00:00,0.001666248579815187
672,2023-08-09 15:00:00+00:00,0.003270336428875737
672,2023-08-09 16:00:00+00:00,0.0032140123846607816
672,2023-08-09 17:00:00+00:00,0.004948168389625251
672,2023-08-09 18:00:00+00:00,0.004800174073639962
672,2023-08-09 19:00:00+00:00,0.009310834248542815
672,2023-08-09 20:00:00+00:00,0.0015891984657984662
672,2023-08-09 21:00:00+00:00,0.0001486218782919354
672,2023-08-09 22:00:00+00:00,0.00032150132593110087
672,2023-08-09 23:00:00+00:00,0.00036316893370764926
672,2023-08-10 00:00:00+00:00,8.438518319447078e-05
672,2023-08-10 01:00:00+00:00,0.04367230697549245
672,2023-08-10 02:00:00+00:00,0.037415533958350275
672,2023-08-10 03:00:00+00:00,0.03643631739846591
672,2023-08-10 04:00:00+00:00,0.039177074420113304
672,2023-08-10 05:00:00+00:00,0.08242528941161335
672,2023-08-10 06:00:00+00:00,0.25866434935642474
672,2023-08-10 07:00:00+00:00,0.47217366686510737
672,2023-08-10 08:00:00+00:00,0.5506738480184529
672,2023-08-10 09:00:00+00:00,0.548088736126125
672,2023-08-10 10:00:00+00:00,0.38744470560709715
672,2023-08-10 11:00:00+00:00,0.4071244783181216
672,2023-08-10 12:00:00+00:00,0.4582768942073914
672,2023-08-10 13:00:00+00:00,0.4823288923165425
672,2023-08-10 14:00:00+00:00,0.4781516232742641
672,2023-08-10 15:00:00+00:00,0.47992560093546344
672,2023-08-10 16:00:00+00:00,0.726463773744174
672,2023-08-10 17:00:00+00:00,0.9606161876032074
672,2023-08-10 18:00:00+00:00,0.7038872702187189
672,2023-08-10 19:00:00+00:00,0.6546551084433699
672,2023-08-10 20:00:00+00:00,0.3859265813954453
672,2023-08-10 21:00:00+00:00,0.29428551556523624
672,2023-08-10 22:00:00+00:00,0.24758047351850812
672,2023-08-10 23:00:00+00:00,0.2222467148077864
672,2023-08-11 00:00:00+00:00,0.09182889252556647
672,2023-08-11 01:00:00+00:00,0.052956118139153775
672,2023-08-11 02:00:00+00:00,0.042668991967415346
672,2023-08-11 03:00:00+00:00,0.20483324835733158
672,2023-08-11 04:00:00+00:00,0.00472689317410596
672,2023-08-11 05:00:00+00:00,0.010993611432403997
672,2023-08-11 06:00:00+00:00,0.019400887170454014
672,2023-08-11 07:00:00+00:00,0.008292871179071678
672,2023-08-11 08:00:00+00:00,0.00986963002595036
672,2023-08-11 09:00:00+00:00,0.0063917608194115185
672,2023-08-11 10:00:00+00:00,0.0064945806727088155
672,2023-08-11 11:00:00+00:00,0.0076578386479260515
672,2023-08-11 12:00:00+00:00,0.0009893735071616937
672,2023-08-11 13:00:00+00:00,0.003184768649083506
672,2023-08-11 14:00:00+00:00,0.008930985900773295
672,2023-08-11 15:00:00+00:00,0.01015160932136002
672,2023-08-11 16:00:00+00:00,0.005190269808972931
672,2023-08-11 17:00:00+00:00,0.016281244703121242
672,2023-08-11 18:00:00+00:00,0.01452642448001732
672,2023-08-11 19:00:00+00:00,0.012627959617430587
672,2023-08-11 20:00:00+00:00,0.004591161896715756
672,2023-08-11 21:00:00+00:00,0.0022156082200073274
672,2023-08-11 22:00:00+00:00,0.6347520870770285
672,2023-08-11 23:00:00+00:00,0.19361057298686457
672,2023-08-12 00:00:00+00:00,0.09111772691666466
672,2023-08-12 01:00:00+00:00,0.07864042948622396
672,2023-08-12 02:00:00+00:00,0.04271631759383988
672,2023-08-12 03:00:00+00:00,0.08755238519489805
672,2023-08-12 04:00:00+00:00,0.11165420288107916
672,2023-08-12 05:00:00+00:00,0.21823465967439062
672,2023-08-12 06:00:00+00:00,0.1442765859046488
672,2023-08-12 07:00:00+00:00,0.1788284362071689
672,2023-08-12 08:00:00+00:00,0.2359858856011843
672,2023-08-12 09:00:00+00:00,0.4382932688796095
672,2023-08-12 10:00:00+00:00,1.5603999073090362
672,2023-08-12 11:00:00+00:00,1.8706155942896212
672,2023-08-12 12:00:00+00:00,0.057954278021464814
672,2023-08-12 13:00:00+00:00,0.5603346946982157
672,2023-08-12 14:00:00+00:00,0.00785599122869158
672,2023-08-12 15:00:00+00:00,0.010663306764718583
672,2023-08-12 16:00:00+00:00,0.008817802416646144
672,2023-08-12 17:00:00+00:00,0.009524095570918477
672,2023-08-12 18:00:00+00:00,0.010463394741703679
672,2023-08-12 19:00:00+00:00,0.043982221466989255
672,2023-08-12 20:00:00+00:00,0.028431341509093773
672,2023-08-12 21:00:00+00:00,0.2357920632741747
672,2023-08-12 22:00:00+00:00,0.025533792152840115
672,2023-08-12 23:00:00+00:00,0.6041699655648324
672,2023-08-13 00:00:00+00:00,0.31441416090311586
672,2023-08-13 01:00:00+00:00,0.07363898206732626
672,2023-08-13 02:00:00+00:00,0.05423089637056385
672,2023-08-13 03:00:00+00:00,0.04891640636105389
672,2023-08-13 04:00:00+00:00,0.0758912826006065
672,2023-08-13 05:00:00+00:00,0.040763410436302265
672,2023-08-13 06:00:00+00:00,0.11083792883977556
672,2023-08-13 07:00:00+00:00,0.1501033628436874
672,2023-08-13 08:00:00+00:00,0.10114880574666134
672,2023-08-13 09:00:00+00:00,0.9384458663686678
672,2023-08-13 10:00:00+00:00,0.4047728045258371
672,2023-08-13 11:00:00+00:00,0.42684669248828
672,2023-08-13 12:00:00+00:00,0.051833897440206195
672,2023-08-13 13:00:00+00:00,0.0032114752168406883
672,2023-08-13 14:00:00+00:00,0.003107370877069296
672,2023-08-13 15:00:00+00:00,0.009045068089513057
672,2023-08-13 16:00:00+00:00,0.05450566993685155
672,2023-08-13 17:00:00+00:00,0.010004670476944732
672,2023-08-13 18:00:00+00:00,0.008371644251227963
672,2023-08-13 19:00:00+00:00,0.3688614635077581
672,2023-08-13 20:00:00+00:00,0.24540308785480408
672,2023-08-13 21:00:00+00:00,0.20763720477486036
672,2023-08-13 22:00:00+00:00,0.17605108503884684
672,2023-08-13 23:00:00+00:00,0.09707040767822354
672,2023-08-14 00:00:00+00:00,0.059232086934003704
672,2023-08-14 01:00:00+00:00,0.04543921203488227
672,2023-08-14 02:00:00+00:00,0.028170928400725218
672,2023-08-14 03:00:00+00:00,0.0409456480411427
672,2023-08-14 04:00:00+00:00,0.04756752849277728
672,2023-08-14 05:00:00+00:00,0.06727234761956573
672,2023-08-14 06:00:00+00:00,0.2032939023794948
672,2023-08-14 07:00:00+00:00,0.5539508315217389
672,2023-08-14 08:00:00+00:00,0.5621310666686821
672,2023-08-14 09:00:00+00:00,0.47906781138285087
672,2023-08-14 10:00:00+00:00,0.5402283345226648
672,2023-08-14 11:00:00+00:00,0.48910573006816727
672,2023-08-14 12:00:00+00:00,0.6202523129188988
672,2023-08-14 13:00:00+00:00,0.6572399134752425
672,2023-08-14 14:00:00+00:00,0.04293068336956941
672,2023-08-14 15:00:00+00:00,0.04457515694224181
672,2023-08-14 16:00:00+00:00,0.04803322000758329
672,2023-08-14 17:00:00+00:00,0.0675146848533977
672,2023-08-14 18:00:00+00:00,0.008319357768877702
672,2023-08-14 19:00:00+00:00,0.006386026810109195
672,2023-08-14 20:00:00+00:00,0.021451322608024032
672,2023-08-14 21:00:00+00:00,0.0016924913092141844
672,2023-08-14 22:00:00+00:00,0.00023159804184812654
672,2023-08-14 23:00:00+00:00,0.0008915331278711165
672,2023-08-15 00:00:00+00:00,0.0007131378967071089
672,2023-08-15 01:00:00+00:00,0.0004341705924179031
672,2023-08-15 02:00:00+00:00,0.0038791603398041466
672,2023-08-15 03:00:00+00:00,0.1014930268226504
672,2023-08-15 04:00:00+00:00,0.030408425561491384
672,2023-08-15 05:00:00+00:00,0.25117583045220465
672,2023-08-15 06:00:00+00:00,0.20848962440319294
672,2023-08-15 07:00:00+00:00,1.4277863948346594
672,2023-08-15 08:00:00+00:00,0.052049272096478263
672,2023-08-15 09:00:00+00:00,0.007997651749027883
672,2023-08-15 10:00:00+00:00,0.0059019266873881334
672,2023-08-15 11:00:00+00:00,0.010271431862397429
672,2023-08-15 12:00:00+00:00,0.012148707454832867
672,2023-08-15 13:00:00+00:00,0.011678727182501672
672,2023-08-15 14:00:00+00:00,0.0034581214594826214
672,2023-08-15 15:00:00+00:00,0.010516721923108312
672,2023-08-15 16:00:00+00:00,0.004372829305088139
672,2023-08-15 17:00:00+00:00,0.0163157645262975
672,2023-08-15 18:00:00+00:00,0.012534733082834905
672,2023-08-15 19:00:00+00:00,0.007963774550999999
672,2023-08-15 20:00:00+00:00,0.024203309897177984
672,2023-08-15 21:00:00+00:00,0.0003821582573120519
672,2023-08-15 22:00:00+00:00,0.0011686705535022173
672,2023-08-15 23:00:00+00:00,4.031325348982021e-05
672,2023-08-16 00:00:00+00:00,4.72423531850923e-21
672,2023-08-16 01:00:00+00:00,5.632742110103747e-21
672,2023-08-16 02:00:00+00:00,4.968657056570394e-10
672,2023-08-16 03:00:00+00:00,9.874964100962612e-21
672,2023-08-16 04:00:00+00:00,6.388273288231374e-10
672,2023-08-16 05:00:00+00:00,1.585787794430678e-05
672,2023-08-16 06:00:00+00:00,3.983895362215101e-05
672,2023-08-16 07:00:00+00:00,0.8633139693380645
672,2023-08-16 08:00:00+00:00,0.020637400754403533
672,2023-08-16 09:00:00+00:00,0.17652057734269483
672,2023-08-16 10:00:00+00:00,0.002451422534818968
672,2023-08-16 11:00:00+00:00,0.0
672,2023-08-16 12:00:00+00:00,0.0
672,2023-08-16 13:00:00+00:00,0.0
672,2023-08-16 14:00:00+00:00,0.001980031614705449
672,2023-08-16 15:00:00+00:00,0.002330451286625925
672,2023-08-16 16:00:00+00:00,0.0009093600737151586
672,2023-08-16 17:00:00+00:00,0.0013567257085128513
672,2023-08-16 18:00:00+00:00,0.0009526370928102314
672,2023-08-16 19:00:00+00:00,0.00026656334074703686
672,2023-08-16 20:00:00+00:00,0.00010731216550655653
672,2023-08-16 21:00:00+00:00,0.00015443663232504796
672,2023-08-16 22:00:00+00:00,0.0015304855560957223
672,2023-08-16 23:00:00+00:00,0.0004305508198510176
672,2023-08-17 00:00:00+00:00,0.0004499617689813595
672,2023-08-17 01:00:00+00:00,0.014750739627191424
672,2023-08-17 02:00:00+00:00,0.057723304048019605
672,2023-08-17 03:00:00+00:00,0.041544935130733325
672,2023-08-17 04:00:00+00:00,0.06030097560378864
672,2023-08-17 05:00:00+00:00,0.10078812045626222
672,2023-08-17 06:00:00+00:00,0.26300316533210866
672,2023-08-17 07:00:00+00:00,0.7943254383227132
672,2023-08-17 08:00:00+00:00,0.8190136885218766
672,2023-08-17 09:00:00+00:00,0.7582664271219259
672,2023-08-17 10:00:00+00:00,0.6604694832070067
672,2023-08-17 11:00:00+00:00,0.6605730313341179
672,2023-08-17 12:00:00+00:00,0.6679314832170619
672,2023-08-17 13:00:00+00:00,0.6382799304215943
672,2023-08-17 14:00:00+00:00,0.5384859533641503
672,2023-08-17 15:00:00+00:00,0.5265467626033444
672,2023-08-17 16:00:00+00:00,0.5360822085503957
672,2023-08-17 17:00:00+00:00,0.8048868098837924
672,2023-08-17 18:00:00+00:00,0.7672746065077435
672,2023-08-17 19:00:00+00:00,0.5851049593549343
672,2023-08-17 20:00:00+00:00,0.37672928995188304
672,2023-08-17 21:00:00+00:00,0.3170201591748984
672,2023-08-17 22:00:00+00:00,0.2271272897018373
672,2023-08-17 23:00:00+00:00,0.10027233778254742
672,2023-08-18 00:00:00+00:00,0.05800329615677344
672,2023-08-18 01:00:00+00:00,0.05724878717186601
672,2023-08-18 02:00:00+00:00,0.03629269259206264
672,2023-08-18 03:00:00+00:00,0.05892689205788431
672,2023-08-18 04:00:00+00:00,0.06446069290005778
672,2023-08-18 05:00:00+00:00,0.04996865425537456
672,2023-08-18 06:00:00+00:00,0.2749180912212334
672,2023-08-18 07:00:00+00:00,0.713004715672621
672,2023-08-18 08:00:00+00:00,0.5950090303004902
672,2023-08-18 09:00:00+00:00,0.5623147080564711
672,2023-08-18 10:00:00+00:00,0.45202744867756556
672,2023-08-18 11:00:00+00:00,0.48303249745686
672,2023-08-18 12:00:00+00:00,0.4975451664632183
672,2023-08-18 13:00:00+00:00,0.6554615306164431
672,2023-08-18 14:00:00+00:00,0.6829084308099427
672,2023-08-18 15:00:00+00:00,0.6821607459563286
672,2023-08-18 16:00:00+00:00,0.728892649850807
672,2023-08-18 17:00:00+00:00,0.7150963213618731
672,2023-08-18 18:00:00+00:00,0.7796264730618775
672,2023-08-18 19:00:00+00:00,0.5935090370403653
672,2023-08-18 20:00:00+00:00,0.4747790217068681
672,2023-08-18 21:00:00+00:00,0.2894409576458123
672,2023-08-18 22:00:00+00:00,0.3285081911324813
672,2023-08-18 23:00:00+00:00,0.21495853904901235
672,2023-08-19 00:00:00+00:00,0.15581225428932158
672,2023-08-19 01:00:00+00:00,0.11052276694580622
672,2023-08-19 02:00:00+00:00,0.09475697609510536
672,2023-08-19 03:00:00+00:00,0.09288526515416783
672,2023-08-19 04:00:00+00:00,0.032660683950072655
672,2023-08-19 05:00:00+00:00,0.04005823964446175
672,2023-08-19 06:00:00+00:00,0.4148944818097362
672,2023-08-19 07:00:00+00:00,0.18176641369340713
672,2023-08-19 08:00:00+00:00,0.7504015857556574
672,2023-08-19 09:00:00+00:00,1.0383643780466585
672,2023-08-19 10:00:00+00:00,1.634195568476794
672,2023-08-19 11:00:00+00:00,0.47410222382951206
672,2023-08-19 12:00:00+00:00,0.5731294630421695
672,2023-08-19 13:00:00+00:00,0.010904910635468295
672,2023-08-19 14:00:00+00:00,0.04798702180694796
672,2023-08-19 15:00:00+00:00,0.010412424674789022
672,2023-08-19 16:00:00+00:00,0.009354632046905214
672,2023-08-19 17:00:00+00:00,0.009844472512535923
672,2023-08-19 18:00:00+00:00,0.011800521179704742
672,2023-08-19 19:00:00+00:00,0.0123737643304903
672,2023-08-19 20:00:00+00:00,0.007398577052019578
672,2023-08-19 21:00:00+00:00,0.01783727408686093
672,2023-08-19 22:00:00+00:00,0.680952975880844
672,2023-08-19 23:00:00+00:00,0.2999570707772046
672,2023-08-20 00:00:00+00:00,0.13321068323290497
672,2023-08-20 01:00:00+00:00,0.2135818675394489
672,2023-08-20 02:00:00+00:00,0.07592052479040333
672,2023-08-20 03:00:00+00:00,0.1003211871308367
672,2023-08-20 04:00:00+00:00,0.07786588793300143
672,2023-08-20 05:00:00+00:00,0.048408851005598066
672,2023-08-20 06:00:00+00:00,0.06856864239406692
672,2023-08-20 07:00:00+00:00,0.14308229879726414
672,2023-08-20 08:00:00+00:00,0.10997586760507941
672,2023-08-20 09:00:00+00:00,0.2710816792926989
672,2023-08-20 10:00:00+00:00,0.5017197204005425
672,2023-08-20 11:00:00+00:00,1.355318579719511
672,2023-08-20 12:00:00+00:00,0.415903616751329
672,2023-08-20 13:00:00+00:00,0.0029059790537820838
672,2023-08-20 14:00:00+00:00,0.5239337263480824
672,2023-08-20 15:00:00+00:00,0.6149411450625347
672,2023-08-20 16:00:00+00:00,0.0032022814778131085
672,2023-08-20 17:00:00+00:00,0.007122556442686655
672,2023-08-20 18:00:00+00:00,0.044959747668585855
672,2023-08-20 19:00:00+00:00,0.03133240615402725
672,2023-08-20 20:00:00+00:00,0.7911724484134344
672,2023-08-20 21:00:00+00:00,0.23637449755937914
672,2023-08-20 22:00:00+00:00,0.42375819995694736
672,2023-08-20 23:00:00+00:00,0.27704458722340636
672,2023-08-21 00:00:00+00:00,0.07965964909152021
672,2023-08-21 01:00:00+00:00,0.11706439411064348
672,2023-08-21 02:00:00+00:00,0.043665183318135806
672,2023-08-21 03:00:00+00:00,0.06290546512264228
672,2023-08-21 04:00:00+00:00,0.06002681619659633
672,2023-08-21 05:00:00+00:00,0.0610335451761276
672,2023-08-21 06:00:00+00:00,0.2137446400998457
672,2023-08-21 07:00:00+00:00,0.47891237994388375
672,2023-08-21 08:00:00+00:00,0.6322859029918837
672,2023-08-21 09:00:00+00:00,0.4545404659535541
672,2023-08-21 10:00:00+00:00,1.6252077472884228
672,2023-08-21 11:00:00+00:00,1.5832679257211424
672,2023-08-21 12:00:00+00:00,1.701353300259174
672,2023-08-21 13:00:00+00:00,1.7116165716943592
672,2023-08-21 14:00:00+00:00,0.01163636130333914
672,2023-08-21 15:00:00+00:00,0.01192629607514439
672,2023-08-21 16:00:00+00:00,0.01283514674720407
672,2023-08-21 17:00:00+00:00,2.4682131403600662
672,2023-08-21 18:00:00+00:00,0.5592045488737309
672,2023-08-21 19:00:00+00:00,0.48997633285408626
672,2023-08-21 20:00:00+00:00,0.18880237606294997
672,2023-08-21 21:00:00+00:00,0.17670579011527607
672,2023-08-21 22:00:00+00:00,0.15654009940263477
672,2023-08-21 23:00:00+00:00,0.11179790761560034
672,2023-08-22 00:00:00+00:00,0.08381222742188076
672,2023-08-22 01:00:00+00:00,0.07092011230280046
672,2023-08-22 02:00:00+00:00,0.04499240292472328
672,2023-08-22 03:00:00+00:00,0.13263576136531435
672,2023-08-22 04:00:00+00:00,0.004642119890675779
672,2023-08-22 05:00:00+00:00,0.004261064335818357
672,2023-08-22 06:00:00+00:00,0.18279066036960784
672,2023-08-22 07:00:00+00:00,1.479234390525388
672,2023-08-22 08:00:00+00:00,0.048154017181046255
672,2023-08-22 09:00:00+00:00,0.009112366808168822
672,2023-08-22 10:00:00+00:00,0.008194905618707378
672,2023-08-22 11:00:00+00:00,0.004476087583161315
672,2023-08-22 12:00:00+00:00,0.0065228203714330045
672,2023-08-22 13:00:00+00:00,0.006279893757162717
672,2023-08-22 14:00:00+00:00,0.011035315147496033
672,2023-08-22 15:00:00+00:00,0.007489273838128157
672,2023-08-22 16:00:00+00:00,0.010863206131011306
672,2023-08-22 17:00:00+00:00,0.014954038872081516
672,2023-08-22 18:00:00+00:00,0.004924553068917545
672,2023-08-22 19:00:00+00:00,0.0019864193708575965
672,2023-08-22 20:00:00+00:00,0.0018556908183972427
672,2023-08-22 21:00:00+00:00,0.017659553524278625
672,2023-08-22 22:00:00+00:00,0.003639935787894564
672,2023-08-22 23:00:00+00:00,7.627572119724617e-05
672,2023-08-23 00:00:00+00:00,0.004682646211774946
672,2023-08-23 01:00:00+00:00,0.05557961941126093
672,2023-08-23 02:00:00+00:00,0.004565823935588615
672,2023-08-23 03:00:00+00:00,0.05875823444086428
672,2023-08-23 04:00:00+00:00,0.0613653538969525
672,2023-08-23 05:00:00+00:00,0.042608312227149114
672,2023-08-23 06:00:00+00:00,0.020123647587434308
672,2023-08-23 07:00:00+00:00,0.0007915442346359765
672,2023-08-23 08:00:00+00:00,0.6463653404899419
672,2023-08-23 09:00:00+00:00,1.8705346681149149
672,2023-08-23 10:00:00+00:00,0.5216206889860511
672,2023-08-23 11:00:00+00:00,0.5624168094211869
672,2023-08-23 12:00:00+00:00,0.5587721241044274
672,2023-08-23 13:00:00+00:00,0.0005332633303333637
672,2023-08-23 14:00:00+00:00,0.0007605301642374156
672,2023-08-23 15:00:00+00:00,0.0012321560976637053
672,2023-08-23 16:00:00+00:00,0.0010983056566893745
672,2023-08-23 17:00:00+00:00,3.341360843337559e-50
672,2023-08-23 18:00:00+00:00,1.1447185581689952e-19
672,2023-08-23 19:00:00+00:00,7.774963254437599e-05
672,2023-08-23 20:00:00+00:00,0.0
672,2023-08-23 21:00:00+00:00,0.2978996878884481
672,2023-08-23 22:00:00+00:00,0.004562797136965799
672,2023-08-23 23:00:00+00:00,0.0006500321014943508
672,2023-08-24 00:00:00+00:00,0.0589183985324804
672,2023-08-24 01:00:00+00:00,0.04136023599558666
672,2023-08-24 02:00:00+00:00,0.06301501318452041
672,2023-08-24 03:00:00+00:00,0.00010396538789944992
672,2023-08-24 04:00:00+00:00,0.04033980410651199
672,2023-08-24 05:00:00+00:00,0.07932590745325505
672,2023-08-24 06:00:00+00:00,0.7256563761883452
672,2023-08-24 07:00:00+00:00,0.00164642504417701
672,2023-08-24 08:00:00+00:00,0.0024090103738654066
672,2023-08-24 09:00:00+00:00,0.0026158659018857442
672,2023-08-24 10:00:00+00:00,0.001912388849437063
672,2023-08-24 11:00:00+00:00,0.002055662763306228
672,2023-08-24 12:00:00+00:00,0.008926356282896654
672,2023-08-24 13:00:00+00:00,0.0025668260129991668
672,2023-08-24 14:00:00+00:00,0.008500726013936654
672,2023-08-24 15:00:00+00:00,0.013759221665957373
672,2023-08-24 16:00:00+00:00,0.013711564798814618
672,2023-08-24 17:00:00+00:00,0.004407694677499258
672,2023-08-24 18:00:00+00:00,0.0017983998202367813
672,2023-08-24 19:00:00+00:00,2.349472815285238e-09
672,2023-08-24 20:00:00+00:00,1.5168363659706443e-09
672,2023-08-24 21:00:00+00:00,0.00021855067420814558
672,2023-08-24 22:00:00+00:00,0.00028134375553488875
672,2023-08-24 23:00:00+00:00,9.389706178082797e-05
672,2023-08-25 00:00:00+00:00,7.211839742094654e-05
672,2023-08-25 01:00:00+00:00,0.00012719449048430838
672,2023-08-25 02:00:00+00:00,0.00019500719708477512
672,2023-08-25 03:00:00+00:00,0.046486773427222614
672,2023-08-25 04:00:00+00:00,0.06765666286689759
672,2023-08-25 05:00:00+00:00,0.06262073575429816
672,2023-08-25 06:00:00+00:00,0.2084935163487919
672,2023-08-25 07:00:00+00:00,0.4885716606241162
672,2023-08-25 08:00:00+00:00,0.6694515455474133
672,2023-08-25 09:00:00+00:00,0.008004265484946566
672,2023-08-25 10:00:00+00:00,0.0036694723962239274
672,2023-08-25 11:00:00+00:00,0.017521060622684576
672,2023-08-25 12:00:00+00:00,0.018443812795524286
672,2023-08-25 13:00:00+00:00,0.009227547065771642
672,2023-08-25 14:00:00+00:00,0.01056467350082745
672,2023-08-25 15:00:00+00:00,0.012876851251476978
672,2023-08-25 16:00:00+00:00,0.013389197406008002
672,2023-08-25 17:00:00+00:00,0.018057241540114476
672,2023-08-25 18:00:00+00:00,0.06698212705798774
672,2023-08-25 19:00:00+00:00,0.00223458991875549
672,2023-08-25 20:00:00+00:00,0.004936802299753706
672,2023-08-25 21:00:00+00:00,0.018352256731906706
672,2023-08-25 22:00:00+00:00,0.6039011453752715
672,2023-08-25 23:00:00+00:00,0.47716600330030584
672,2023-08-26 00:00:00+00:00,0.054645563642686405
672,2023-08-26 01:00:00+00:00,0.11344166123657572
672,2023-08-26 02:00:00+00:00,0.05064277928077223
672,2023-08-26 03:00:00+00:00,0.07051224841602814
672,2023-08-26 04:00:00+00:00,0.11717530290532034
672,2023-08-26 05:00:00+00:00,0.15339758460857297
672,2023-08-26 06:00:00+00:00,0.28027535800245484
672,2023-08-26 07:00:00+00:00,0.015209197523482256
672,2023-08-26 08:00:00+00:00,0.0020004961319451376
672,2023-08-26 09:00:00+00:00,0.0013709203444010423
672,2023-08-26 10:00:00+00:00,0.002334452358607649
672,2023-08-26 11:00:00+00:00,0.010342923493819654
672,2023-08-26 12:00:00+00:00,0.003721763817208069
672,2023-08-26 13:00:00+00:00,0.0040041187366675
672,2023-08-26 14:00:00+00:00,0.013048298896569575
672,2023-08-26 15:00:00+00:00,0.010808935524084223
672,2023-08-26 16:00:00+00:00,0.011852158948305444
672,2023-08-26 17:00:00+00:00,0.003375233062904465
672,2023-08-26 18:00:00+00:00,0.0010405766873691578
672,2023-08-26 19:00:00+00:00,0.00044212337098440546
672,2023-08-26 20:00:00+00:00,0.00025351676844718427
672,2023-08-26 21:00:00+00:00,0.0001821570989501191
672,2023-08-26 22:00:00+00:00,0.0004488357502820476
672,2023-08-26 23:00:00+00:00,0.00045628993736329036
672,2023-08-27 00:00:00+00:00,0.0008327294245095587
672,2023-08-27 01:00:00+00:00,0.005750536868089463
672,2023-08-27 02:00:00+00:00,0.0004957896154581413
672,2023-08-27 03:00:00+00:00,0.157381391020337
672,2023-08-27 04:00:00+00:00,0.00025620436752844507
672,2023-08-27 05:00:00+00:00,0.00011247898772004474
672,2023-08-27 06:00:00+00:00,0.0003750747214866471
672,2023-08-27 07:00:00+00:00,0.0007075221206228951
672,2023-08-27 08:00:00+00:00,8.445649118032456e-05
672,2023-08-27 09:00:00+00:00,0.00026330007199570465
672,2023-08-27 10:00:00+00:00,0.0007698520390374324
672,2023-08-27 11:00:00+00:00,0.00014822474573444256
672,2023-08-27 12:00:00+00:00,0.0004424860389414565
672,2023-08-27 13:00:00+00:00,0.0003890208342470474
672,2023-08-27 14:00:00+00:00,0.0016433869072279114
672,2023-08-27 15:00:00+00:00,0.0007369515233511799
672,2023-08-27 16:00:00+00:00,0.0003147259525869919
672,2023-08-27 17:00:00+00:00,0.0007770176648506566
672,2023-08-27 18:00:00+00:00,0.0008656425010589656
672,2023-08-27 19:00:00+00:00,0.00037527434124451977
672,2023-08-27 20:00:00+00:00,4.3723417018931825e-05
672,2023-08-27 21:00:00+00:00,0.0
672,2023-08-27 22:00:00+00:00,0.000529285554054047
672,2023-08-27 23:00:00+00:00,0.008723876968598604
672,2023-08-28 00:00:00+00:00,0.005780089787730399
672,2023-08-28 01:00:00+00:00,0.00037477452994236535
672,2023-08-28 02:00:00+00:00,0.0003007902991695865
672,2023-08-28 03:00:00+00:00,6.993258368177543e-05
672,2023-08-28 04:00:00+00:00,0.0
672,2023-08-28 05:00:00+00:00,1.4703548686591982e-05
672,2023-08-28 06:00:00+00:00,0.00013402601075393185
672,2023-08-28 07:00:00+00:00,1.1137869477791866e-50
672,2023-08-28 08:00:00+00:00,7.653761321937839e-10
672,2023-08-28 09:00:00+00:00,1.2570723133048227e-09
672,2023-08-28 10:00:00+00:00,6.135237026247014e-05
672,2023-08-28 11:00:00+00:00,0.0
672,2023-08-28 12:00:00+00:00,0.0
672,2023-08-28 13:00:00+00:00,0.0
672,2023-08-28 14:00:00+00:00,3.142470316948419e-50
672,2023-08-28 15:00:00+00:00,0.0
672,2023-08-28 16:00:00+00:00,2.625472105376607e-09
672,2023-08-28 17:00:00+00:00,2.466598552219739e-09
672,2023-08-28 18:00:00+00:00,0.00021856333977244929
672,2023-08-28 19:00:00+00:00,0.0017375790840315115
672,2023-08-28 20:00:00+00:00,0.0007632104732194627
672,2023-08-28 21:00:00+00:00,0.00012239323951434745
672,2023-08-28 22:00:00+00:00,6.994222331896823e-05
672,2023-08-28 23:00:00+00:00,3.254781394022804e-10
672,2023-08-29 00:00:00+00:00,0.13144913855207183
672,2023-08-29 01:00:00+00:00,0.02575981794731688
672,2023-08-29 02:00:00+00:00,0.005735610402809439
672,2023-08-29 03:00:00+00:00,0.0993138221524078
672,2023-08-29 04:00:00+00:00,0.0653358882565994
672,2023-08-29 05:00:00+00:00,0.0824556569561098
672,2023-08-29 06:00:00+00:00,0.18240773963017284
672,2023-08-29 07:00:00+00:00,0.43752715602176373
672,2023-08-29 08:00:00+00:00,1.6819918336370467
672,2023-08-29 09:00:00+00:00,0.559209230522801
672,2023-08-29 10:00:00+00:00,0.3718831227088429
672,2023-08-29 11:00:00+00:00,0.569661139866931
672,2023-08-29 12:00:00+00:00,0.44584705832736665
672,2023-08-29 13:00:00+00:00,0.6545013076056145
672,2023-08-29 14:00:00+00:00,0.6374463761990323
672,2023-08-29 15:00:00+00:00,0.7319781451868623
672,2023-08-29 16:00:00+00:00,0.7583128861181898
672,2023-08-29 17:00:00+00:00,1.8823957923280938
672,2023-08-29 18:00:00+00:00,1.8237656468208225
672,2023-08-29 19:00:00+00:00,0.00016611750169781458
672,2023-08-29 20:00:00+00:00,1.2371924331556268e-09
672,2023-08-29 21:00:00+00:00,5.246140304644889e-05
672,2023-08-29 22:00:00+00:00,9.389122049020319e-05
672,2023-08-29 23:00:00+00:00,0.00010174365678798032
672,2023-08-30 00:00:00+00:00,0.00010450761002841459
672,2023-08-30 01:00:00+00:00,0.000243673680966945
672,2023-08-30 02:00:00+00:00,0.0011523658372045039
672,2023-08-30 03:00:00+00:00,0.0004419944982090909
672,2023-08-30 04:00:00+00:00,0.00019707215931059232
672,2023-08-30 05:00:00+00:00,0.00019530123701337046
672,2023-08-30 06:00:00+00:00,0.013783226480534887
672,2023-08-30 07:00:00+00:00,0.04027080885633671
672,2023-08-30 08:00:00+00:00,0.0010188844917706137
672,2023-08-30 09:00:00+00:00,0.0004220553113685151
672,2023-08-30 10:00:00+00:00,0.0008040367444076326
672,2023-08-30 11:00:00+00:00,0.0019189899452840592
672,2023-08-30 12:00:00+00:00,0.003389213930903947
672,2023-08-30 13:00:00+00:00,0.0039443828753068936
672,2023-08-30 14:00:00+00:00,0.008360843888280177
672,2023-08-30 15:00:00+00:00,0.00400055341250949
672,2023-08-30 16:00:00+00:00,0.004057912391098089
672,2023-08-30 17:00:00+00:00,0.004571766315623479
672,2023-08-30 18:00:00+00:00,0.0031107047642350825
672,2023-08-30 19:00:00+00:00,0.0008038767438383452
672,2023-08-30 20:00:00+00:00,0.0009839825829733287
672,2023-08-30 21:00:00+00:00,0.00020116552365449924
672,2023-08-30 22:00:00+00:00,7.500329497840098e-10
672,2023-08-30 23:00:00+00:00,0.001590528575013384
672,2023-08-31 00:00:00+00:00,0.0
672,2023-08-31 01:00:00+00:00,0.005108797170120171
672,2023-08-31 02:00:00+00:00,0.0389632779911714
672,2023-08-31 03:00:00+00:00,0.05381121276846253
672,2023-08-31 04:00:00+00:00,0.051541156411832406
672,2023-08-31 05:00:00+00:00,0.047929736591957345
672,2023-08-31 06:00:00+00:00,0.21605254104756494
672,2023-08-31 07:00:00+00:00,0.5578333552447124
672,2023-08-31 08:00:00+00:00,0.6777202852688933
672,2023-08-31 09:00:00+00:00,0.5877052114203312
672,2023-08-31 10:00:00+00:00,0.6195300290649992
672,2023-08-31 11:00:00+00:00,0.624412663522513
672,2023-08-31 12:00:00+00:00,0.6457340448526987
672,2023-08-31 13:00:00+00:00,0.6570878171746635
672,2023-08-31 14:00:00+00:00,0.6761630739349426
672,2023-08-31 15:00:00+00:00,0.7168147691794999
672,2023-08-31 16:00:00+00:00,0.7832084102090129
672,2023-08-31 17:00:00+00:00,0.7411183459874466
672,2023-08-31 18:00:00+00:00,0.5629349395579115
672,2023-08-31 19:00:00+00:00,0.4516417471235808
672,2023-08-31 20:00:00+00:00,0.1172889720328327
672,2023-08-31 21:00:00+00:00,0.45535261147365375
672,2023-08-31 22:00:00+00:00,8.234188584967957e-05
672,2023-08-31 23:00:00+00:00,3.580029475004528e-51
672,2023-09-01 00:00:00+00:00,0.03661387669471337
672,2023-09-01 01:00:00+00:00,0.05129811354964746
672,2023-09-01 02:00:00+00:00,1.0978122496218341e-10
672,2023-09-01 03:00:00+00:00,3.08832789587582e-51
672,2023-09-01 04:00:00+00:00,0.03852354414129933
672,2023-09-01 05:00:00+00:00,0.0
672,2023-09-01 06:00:00+00:00,7.839307049621493e-10
672,2023-09-01 07:00:00+00:00,0.002101822567821126
672,2023-09-01 08:00:00+00:00,0.0002797657744997004
672,2023-09-01 09:00:00+00:00,0.20992476609489835
672,2023-09-01 10:00:00+00:00,6.146390309949287e-05
672,2023-09-01 11:00:00+00:00,0.0
672,2023-09-01 12:00:00+00:00,2.5855768430588256e-50
672,2023-09-01 13:00:00+00:00,0.000951449296776074
672,2023-09-01 14:00:00+00:00,0.0
672,2023-09-01 15:00:00+00:00,0.0010986713722763164
672,2023-09-01 16:00:00+00:00,0.001101466769072237
672,2023-09-01 17:00:00+00:00,3.915014935689293e-09
672,2023-09-01 18:00:00+00:00,0.0010986073720486015
672,2023-09-01 19:00:00+00:00,0.0005769670347822891
672,2023-09-01 20:00:00+00:00,0.0012373701374191416
672,2023-09-01 21:00:00+00:00,8.627876511415719e-10
672,2023-09-01 22:00:00+00:00,0.0003147053948524501
672,2023-09-01 23:00:00+00:00,0.3430027723933483
672,2023-09-02 00:00:00+00:00,0.022643453451519885
672,2023-09-02 01:00:00+00:00,0.14907668324884624
672,2023-09-02 02:00:00+00:00,6.134689625819908e-06
672,2023-09-02 03:00:00+00:00,0.0012328982235214432
672,2023-09-02 04:00:00+00:00,0.00023323299791078275
672,2023-09-02 05:00:00+00:00,0.00042362260192682746
672,2023-09-02 06:00:00+00:00,0.0012624980216836075
672,2023-09-02 07:00:00+00:00,0.0001347685288163554
672,2023-09-02 08:00:00+00:00,5.7241935620818095e-05
672,2023-09-02 09:00:00+00:00,3.1168953621916686e-05
672,2023-09-02 10:00:00+00:00,0.015626464390448555
672,2023-09-02 11:00:00+00:00,0.025750872941706984
672,2023-09-02 12:00:00+00:00,0.02890717444492261
672,2023-09-02 13:00:00+00:00,0.031022620865359684
672,2023-09-02 14:00:00+00:00,0.005260874468649219
672,2023-09-02 15:00:00+00:00,0.0011355763618530758
672,2023-09-02 16:00:00+00:00,0.0014527331971928251
672,2023-09-02 17:00:00+00:00,0.00019412877754454333
672,2023-09-02 18:00:00+00:00,0.0004335821502868895
672,2023-09-02 19:00:00+00:00,9.40540648371852e-05
672,2023-09-02 20:00:00+00:00,0.0001497935388927793
672,2023-09-02 21:00:00+00:00,0.001117627002351668
672,2023-09-02 22:00:00+00:00,0.012343948072703979
672,2023-09-02 23:00:00+00:00,0.12040148264711144
672,2023-09-03 00:00:00+00:00,0.45016731163542295
672,2023-09-03 01:00:00+00:00,0.45569993982111456
672,2023-09-03 02:00:00+00:00,0.32175844257573694
672,2023-09-03 03:00:00+00:00,0.07494923104166902
672,2023-09-03 04:00:00+00:00,0.05890230129411532
672,2023-09-03 05:00:00+00:00,0.07494923104166902
672,2023-09-03 06:00:00+00:00,0.595718334711734
672,2023-09-03 07:00:00+00:00,0.595718334711734
672,2023-09-03 08:00:00+00:00,0.595718334711734
672,2023-09-03 09:00:00+00:00,0.595718334711734
672,2023-09-03 10:00:00+00:00,0.5104695039224222
672,2023-09-03 11:00:00+00:00,0.6514124794767375
672,2023-09-03 12:00:00+00:00,0.9011508224280574
672,2023-09-03 13:00:00+00:00,0.7323590463740907
672,2023-09-03 14:00:00+00:00,0.7323590463740907
672,2023-09-03 15:00:00+00:00,0.9011508224280574
672,2023-09-03 16:00:00+00:00,0.9753594046239076
672,2023-09-03 17:00:00+00:00,0.942373048285673
672,2023-09-03 18:00:00+00:00,0.9753594046239076
672,2023-09-03 19:00:00+00:00,0.326996537438669
672,2023-09-03 20:00:00+00:00,0.4159442698109123
672,2023-09-03 21:00:00+00:00,0.326996537438669
672,2023-09-03 22:00:00+00:00,0.4159442698109123
672,2023-09-03 23:00:00+00:00,0.4159442698109123
672,2023-09-04 00:00:00+00:00,0.05890230129411532
672,2023-09-04 01:00:00+00:00,0.06196751507968447
672,2023-09-04 02:00:00+00:00,0.07494923029572492
672,2023-09-04 03:00:00+00:00,0.07494923015227412
672,2023-09-04 04:00:00+00:00,0.07494923032441506
672,2023-09-04 05:00:00+00:00,0.06920725521454163
672,2023-09-04 06:00:00+00:00,0.2835310557365587
672,2023-09-04 07:00:00+00:00,0.8279362103202307
672,2023-09-04 08:00:00+00:00,0.8027568701262289
672,2023-09-04 09:00:00+00:00,0.9952945810543193
672,2023-09-04 10:00:00+00:00,0.6587756297607402
672,2023-09-04 11:00:00+00:00,0.7130112685718111
672,2023-09-04 12:00:00+00:00,0.6184191829521736
672,2023-09-04 13:00:00+00:00,0.6122643149874019
672,2023-09-04 14:00:00+00:00,0.7517962472964439
672,2023-09-04 15:00:00+00:00,0.7316493780174137
672,2023-09-04 16:00:00+00:00,0.86223901994289
672,2023-09-04 17:00:00+00:00,0.9290865347346173
672,2023-09-04 18:00:00+00:00,1.0178434787018298
672,2023-09-04 19:00:00+00:00,0.6804338777179115
672,2023-09-04 20:00:00+00:00,0.44958774631141946
672,2023-09-04 21:00:00+00:00,0.2592992745191476
672,2023-09-04 22:00:00+00:00,0.11115265862872885
672,2023-09-04 23:00:00+00:00,0.08246120110750971
672,2023-09-05 00:00:00+00:00,0.07686357649059106
672,2023-09-05 01:00:00+00:00,0.05198862170826458
672,2023-09-05 02:00:00+00:00,0.05366917626387863
672,2023-09-05 03:00:00+00:00,0.060868072209553925
672,2023-09-05 04:00:00+00:00,0.01564105447859681
672,2023-09-05 05:00:00+00:00,0.00010834358678704776
672,2023-09-05 06:00:00+00:00,0.004839157662601532
672,2023-09-05 07:00:00+00:00,0.017673774698984054
672,2023-09-05 08:00:00+00:00,0.025221192584306152
672,2023-09-05 09:00:00+00:00,0.22611853743970314
672,2023-09-05 10:00:00+00:00,0.01992615700775503
672,2023-09-05 11:00:00+00:00,0.1992965742982681
672,2023-09-05 12:00:00+00:00,0.7184483960690503
672,2023-09-05 13:00:00+00:00,0.7385454657638697
672,2023-09-05 14:00:00+00:00,0.8319576935776056
672,2023-09-05 15:00:00+00:00,1.0638247247986967
672,2023-09-05 16:00:00+00:00,0.9936880439575102
672,2023-09-05 17:00:00+00:00,1.1251789471708071
672,2023-09-05 18:00:00+00:00,1.1036564623858176
672,2023-09-05 19:00:00+00:00,0.8439952023159487
672,2023-09-05 20:00:00+00:00,0.3777016240277165
672,2023-09-05 21:00:00+00:00,0.2562181369700734
672,2023-09-05 22:00:00+00:00,0.010190771659272992
672,2023-09-05 23:00:00+00:00,2.6228376895619295e-05
672,2023-09-06 00:00:00+00:00,4.0189570510069604e-05
672,2023-09-06 01:00:00+00:00,0.008899623201055721
672,2023-09-06 02:00:00+00:00,0.036015179150565596
672,2023-09-06 03:00:00+00:00,0.04555856044080529
672,2023-09-06 04:00:00+00:00,0.04532324676003644
672,2023-09-06 05:00:00+00:00,0.10720874950187192
672,2023-09-06 06:00:00+00:00,0.0006733694944420769
672,2023-09-06 07:00:00+00:00,0.00047108512701238747
672,2023-09-06 08:00:00+00:00,0.02288478022978451
672,2023-09-06 09:00:00+00:00,0.9354296651669785
672,2023-09-06 10:00:00+00:00,0.9456542814000403
672,2023-09-06 11:00:00+00:00,0.21728187159302517
672,2023-09-06 12:00:00+00:00,1.0831712473635304
672,2023-09-06 13:00:00+00:00,0.9818254113290361
672,2023-09-06 14:00:00+00:00,3.033672713612259e-09
672,2023-09-06 15:00:00+00:00,6.613929449337394e-20
672,2023-09-06 16:00:00+00:00,0.0227211217621133
672,2023-09-06 17:00:00+00:00,1.0692432697521388
672,2023-09-06 18:00:00+00:00,0.2295037972173748
672,2023-09-06 19:00:00+00:00,0.0038533021238180845
672,2023-09-06 20:00:00+00:00,0.011161154018644936
672,2023-09-06 21:00:00+00:00,0.10257772440771729
672,2023-09-06 22:00:00+00:00,0.3232625751412146
672,2023-09-06 23:00:00+00:00,0.10276481941759615
672,2023-09-07 00:00:00+00:00,0.04109231280118549
672,2023-09-07 01:00:00+00:00,0.0474984039688639
672,2023-09-07 02:00:00+00:00,0.045966053371778344
672,2023-09-07 03:00:00+00:00,0.06805885976221458
672,2023-09-07 04:00:00+00:00,0.045338562990042575
672,2023-09-07 05:00:00+00:00,0.013943045554930889
672,2023-09-07 06:00:00+00:00,0.22247517690781138
672,2023-09-07 07:00:00+00:00,0.806877220820759
672,2023-09-07 08:00:00+00:00,0.003961352504905703
672,2023-09-07 09:00:00+00:00,0.22108001932154306
672,2023-09-07 10:00:00+00:00,0.20250654125295434
672,2023-09-07 11:00:00+00:00,0.18577533195402485
672,2023-09-07 12:00:00+00:00,0.6672663112363132
672,2023-09-07 13:00:00+00:00,0.7372640254162999
672,2023-09-07 14:00:00+00:00,0.5016970885788682
672,2023-09-07 15:00:00+00:00,0.7733101937448168
672,2023-09-07 16:00:00+00:00,1.130428417556779
672,2023-09-07 17:00:00+00:00,0.2518189211449728
672,2023-09-07 18:00:00+00:00,0.0009492154790536429
672,2023-09-07 19:00:00+00:00,0.052016673486379394
672,2023-09-07 20:00:00+00:00,0.3421976080549441
672,2023-09-07 21:00:00+00:00,0.022758069706225726
672,2023-09-07 22:00:00+00:00,0.00048216538541391015
672,2023-09-07 23:00:00+00:00,0.00024100053368447186
672,2023-09-08 00:00:00+00:00,0.00017404763055912828
672,2023-09-08 01:00:00+00:00,0.009759368861421204
672,2023-09-08 02:00:00+00:00,0.05143204730618351
672,2023-09-08 03:00:00+00:00,0.00033345789905756885
672,2023-09-08 04:00:00+00:00,0.04040060685901042
672,2023-09-08 05:00:00+00:00,0.042462092045164705
672,2023-09-08 06:00:00+00:00,0.17249623255772623
672,2023-09-08 07:00:00+00:00,0.541854514440309
672,2023-09-08 08:00:00+00:00,0.6254716192959033
672,2023-09-08 09:00:00+00:00,3.070781849984475e-09
672,2023-09-08 10:00:00+00:00,1.86957094805792e-50
672,2023-09-08 11:00:00+00:00,0.0
672,2023-09-08 12:00:00+00:00,0.0008129853943517454
672,2023-09-08 13:00:00+00:00,0.0003496993438099762
672,2023-09-08 14:00:00+00:00,0.0003584419416809937
672,2023-09-08 15:00:00+00:00,0.0006835046044361179
672,2023-09-08 16:00:00+00:00,0.00043711475201159753
672,2023-09-08 17:00:00+00:00,0.0007771487129359775
672,2023-09-08 18:00:00+00:00,0.0020194583152605182
672,2023-09-08 19:00:00+00:00,0.0007502347766102475
672,2023-09-08 20:00:00+00:00,0.0018830249702753165
672,2023-09-08 21:00:00+00:00,0.006142092303581909
672,2023-09-08 22:00:00+00:00,0.005937550665819696
672,2023-09-08 23:00:00+00:00,0.3018493557525308
672,2023-09-09 00:00:00+00:00,0.0007270090167569743
672,2023-09-09 01:00:00+00:00,1.855457460126843e-10
672,2023-09-09 02:00:00+00:00,0.0979103115013866
672,2023-09-09 03:00:00+00:00,0.05081153610469168
672,2023-09-09 04:00:00+00:00,3.1472200055001e-05
672,2023-09-09 05:00:00+00:00,0.00019648185187818505
672,2023-09-09 06:00:00+00:00,0.11153784736498684
672,2023-09-09 07:00:00+00:00,0.0007260646769438383
672,2023-09-09 08:00:00+00:00,0.0
672,2023-09-09 09:00:00+00:00,2.267352000836201e-50
672,2023-09-09 10:00:00+00:00,2.588362995581484e-09
672,2023-09-09 11:00:00+00:00,2.8481270033411827e-09
672,2023-09-09 12:00:00+00:00,0.0004720785726389989
672,2023-09-09 13:00:00+00:00,0.0007255697718830588
672,2023-09-09 14:00:00+00:00,0.0010315189867132972
672,2023-09-09 15:00:00+00:00,0.0005682278651843162
672,2023-09-09 16:00:00+00:00,0.000882912892761838
672,2023-09-09 17:00:00+00:00,0.0006906029515167432
672,2023-09-09 18:00:00+00:00,0.0009108742010847695
672,2023-09-09 19:00:00+00:00,1.909349053335748e-50
672,2023-09-09 20:00:00+00:00,0.4585655538078922
672,2023-09-09 21:00:00+00:00,0.3753930951302437
672,2023-09-09 22:00:00+00:00,0.38485075118617507
672,2023-09-09 23:00:00+00:00,0.277405094569044
672,2023-09-10 00:00:00+00:00,0.05024047682141166
672,2023-09-10 01:00:00+00:00,0.0
672,2023-09-10 02:00:00+00:00,0.0007515023881904322
672,2023-09-10 03:00:00+00:00,0.08017250169026646
672,2023-09-10 04:00:00+00:00,0.06889764815914944
672,2023-09-10 05:00:00+00:00,0.004152941025826944
672,2023-09-10 06:00:00+00:00,0.0016962711879436366
672,2023-09-10 07:00:00+00:00,0.31723251685071036
672,2023-09-10 08:00:00+00:00,0.006380738972758131
672,2023-09-10 09:00:00+00:00,0.4520800713002773
672,2023-09-10 10:00:00+00:00,1.5214749789198365e-09
672,2023-09-10 11:00:00+00:00,0.0003409401759525763
672,2023-09-10 12:00:00+00:00,0.018522175728779903
672,2023-09-10 13:00:00+00:00,0.9948687590482785
672,2023-09-10 14:00:00+00:00,0.7245350978816043
672,2023-09-10 15:00:00+00:00,0.731118623773254
672,2023-09-10 16:00:00+00:00,0.6483739123225689
672,2023-09-10 17:00:00+00:00,0.5529166629890289
672,2023-09-10 18:00:00+00:00,0.4842458505210371
672,2023-09-10 19:00:00+00:00,0.38326513720948674
672,2023-09-10 20:00:00+00:00,0.26808940285685645
672,2023-09-10 21:00:00+00:00,0.19079913449998595
672,2023-09-10 22:00:00+00:00,0.1258346829218534
672,2023-09-10 23:00:00+00:00,0.0037365824650997036
672,2023-09-11 00:00:00+00:00,0.000848284360810915
672,2023-09-11 01:00:00+00:00,0.0007897021700892493
672,2023-09-11 02:00:00+00:00,0.004642119890675779
672,2023-09-11 03:00:00+00:00,0.004642119890675779
672,2023-09-11 04:00:00+00:00,0.030408425561491384
672,2023-09-11 05:00:00+00:00,0.04780927140503232
672,2023-09-11 06:00:00+00:00,0.23347917034336163
672,2023-09-11 07:00:00+00:00,0.4971200330111043
672,2023-09-11 08:00:00+00:00,0.6999753977448744
672,2023-09-11 09:00:00+00:00,0.5228780657448482
672,2023-09-11 10:00:00+00:00,0.5065505971401145
672,2023-09-11 11:00:00+00:00,0.007097398933137867
672,2023-09-11 12:00:00+00:00,0.04352505245645339
672,2023-09-11 13:00:00+00:00,0.008909809288172532
672,2023-09-11 14:00:00+00:00,0.009510418751975022
672,2023-09-11 15:00:00+00:00,0.004795491460040085
672,2023-09-11 16:00:00+00:00,0.004943007273828485
672,2023-09-11 17:00:00+00:00,0.06737665587892956
672,2023-09-11 18:00:00+00:00,0.010211548129470118
672,2023-09-11 19:00:00+00:00,0.009176613075518774
672,2023-09-11 20:00:00+00:00,0.020665052120270356
672,2023-09-11 21:00:00+00:00,0.018777469453640366
672,2023-09-11 22:00:00+00:00,0.012106977376174133
672,2023-09-11 23:00:00+00:00,0.00039210435581433866
672,2023-09-12 00:00:00+00:00,0.0032613808859273626
672,2023-09-12 01:00:00+00:00,0.03240557428367324
672,2023-09-12 02:00:00+00:00,0.04144515847595254
672,2023-09-12 03:00:00+00:00,0.13263576136533267
672,2023-09-12 04:00:00+00:00,0.13263576163729057
672,2023-09-12 05:00:00+00:00,0.028964583576211816
672,2023-09-12 06:00:00+00:00,0.5399976303179631
672,2023-09-12 07:00:00+00:00,0.4951557972753068
672,2023-09-12 08:00:00+00:00,0.01113460978802553
672,2023-09-12 09:00:00+00:00,0.553152883209884
672,2023-09-12 10:00:00+00:00,0.4362485302772836
672,2023-09-12 11:00:00+00:00,0.007666012470372625
672,2023-09-12 12:00:00+00:00,0.006173985383291635
672,2023-09-12 13:00:00+00:00,0.008565597584760677
672,2023-09-12 14:00:00+00:00,0.0
672,2023-09-12 15:00:00+00:00,9.262996114172524e-09
672,2023-09-12 16:00:00+00:00,9.546919319354718e-09
672,2023-09-12 17:00:00+00:00,9.688880926693891e-09
672,2023-09-12 18:00:00+00:00,8.943582389244951e-09
672,2023-09-12 19:00:00+00:00,0.00016132403816474612
672,2023-09-12 20:00:00+00:00,0.00019041072928496736
672,2023-09-12 21:00:00+00:00,0.00018478281108815837
672,2023-09-12 22:00:00+00:00,0.0005959661305353138
672,2023-09-12 23:00:00+00:00,4.7558746156983464e-05
672,2023-09-13 00:00:00+00:00,0.0004751136868174178
672,2023-09-13 01:00:00+00:00,0.0007145149715936388
672,2023-09-13 02:00:00+00:00,0.00010677300496468246
672,2023-09-13 03:00:00+00:00,0.00037097259805106306
672,2023-09-13 04:00:00+00:00,0.00010740123769362858
672,2023-09-13 05:00:00+00:00,0.00010677300496468246
672,2023-09-13 06:00:00+00:00,0.00013521713347906965
672,2023-09-13 07:00:00+00:00,0.0035206086019740567
672,2023-09-13 08:00:00+00:00,0.0009015258510781291
672,2023-09-13 09:00:00+00:00,0.003403600342517364
672,2023-09-13 10:00:00+00:00,0.02149908364553951
672,2023-09-13 11:00:00+00:00,0.6750240750347802
672,2023-09-13 12:00:00+00:00,0.9154043181877948
672,2023-09-13 13:00:00+00:00,0.8337219068858562
672,2023-09-13 14:00:00+00:00,0.9922686814378687
672,2023-09-13 15:00:00+00:00,1.0287534204508788
672,2023-09-13 16:00:00+00:00,0.7723370871378572
672,2023-09-13 17:00:00+00:00,0.7689236372300374
672,2023-09-13 18:00:00+00:00,0.5646716358926753
672,2023-09-13 19:00:00+00:00,0.0014089504687531452
672,2023-09-13 20:00:00+00:00,0.003926672871055313
672,2023-09-13 21:00:00+00:00,0.9645106597084377
672,2023-09-13 22:00:00+00:00,0.19399099119900065
672,2023-09-13 23:00:00+00:00,0.1036741540406951
672,2023-09-14 00:00:00+00:00,0.07814585531811917
672,2023-09-14 01:00:00+00:00,0.03978246302872197
672,2023-09-14 02:00:00+00:00,0.040055549426784444
672,2023-09-14 03:00:00+00:00,0.055296257163186396
672,2023-09-14 04:00:00+00:00,0.04498387385304432
672,2023-09-14 05:00:00+00:00,0.08536729312087937
672,2023-09-14 06:00:00+00:00,0.2391294138109703
672,2023-09-14 07:00:00+00:00,0.6445259547226245
672,2023-09-14 08:00:00+00:00,0.6349797021449644
672,2023-09-14 09:00:00+00:00,0.6744317492393973
672,2023-09-14 10:00:00+00:00,1.6050217308056776
672,2023-09-14 11:00:00+00:00,0.5243903002873703
672,2023-09-14 12:00:00+00:00,0.5845573711158095
672,2023-09-14 13:00:00+00:00,1.7276652292375958
672,2023-09-14 14:00:00+00:00,0.5603059825270695
672,2023-09-14 15:00:00+00:00,2.006259820994257
672,2023-09-14 16:00:00+00:00,1.8829212701431264
672,2023-09-14 17:00:00+00:00,1.800588688516448
672,2023-09-14 18:00:00+00:00,0.008818463794757139
672,2023-09-14 19:00:00+00:00,0.0011601857001622498
672,2023-09-14 20:00:00+00:00,0.0189986573352324
672,2023-09-14 21:00:00+00:00,0.7050496145877424
672,2023-09-14 22:00:00+00:00,0.20362478551377797
672,2023-09-14 23:00:00+00:00,0.13873705981559462
672,2023-09-15 00:00:00+00:00,0.08695133481557574
672,2023-09-15 01:00:00+00:00,0.03955221251084182
672,2023-09-15 02:00:00+00:00,0.03129160584260676
672,2023-09-15 03:00:00+00:00,0.047064652365715144
672,2023-09-15 04:00:00+00:00,0.046711529105197484
672,2023-09-15 05:00:00+00:00,0.0516452085276135
672,2023-09-15 06:00:00+00:00,0.16507443228577479
672,2023-09-15 07:00:00+00:00,0.46840462608636446
672,2023-09-15 08:00:00+00:00,0.8435622702262402
672,2023-09-15 09:00:00+00:00,0.6391143290009698
672,2023-09-15 10:00:00+00:00,0.5817335325889771
672,2023-09-15 11:00:00+00:00,0.6653178042902285
672,2023-09-15 12:00:00+00:00,0.6870787481246374
672,2023-09-15 13:00:00+00:00,0.6708540754363927
672,2023-09-15 14:00:00+00:00,0.761960817916734
672,2023-09-15 15:00:00+00:00,0.6097010468606938
672,2023-09-15 16:00:00+00:00,0.8145885295409336
672,2023-09-15 17:00:00+00:00,0.6934919286619415
672,2023-09-15 18:00:00+00:00,0.6947097952687646
672,2023-09-15 19:00:00+00:00,0.6940762346740736
672,2023-09-15 20:00:00+00:00,0.6318621215149273
672,2023-09-15 21:00:00+00:00,0.36620643069629294
672,2023-09-15 22:00:00+00:00,0.3763504657966536
672,2023-09-15 23:00:00+00:00,0.32902769544962146
672,2023-09-16 00:00:00+00:00,0.18300901547443874
672,2023-09-16 01:00:00+00:00,0.11497131327639841
672,2023-09-16 02:00:00+00:00,0.07656586031581625
672,2023-09-16 03:00:00+00:00,5.188420874931318e-05
672,2023-09-16 04:00:00+00:00,0.009465626175611029
672,2023-09-16 05:00:00+00:00,0.01299788526697376
672,2023-09-16 06:00:00+00:00,0.00036849355384758727
672,2023-09-16 07:00:00+00:00,2.9962361770478397e-05
672,2023-09-16 08:00:00+00:00,0.08785746557683777
672,2023-09-16 09:00:00+00:00,0.0002907821808149489
672,2023-09-16 10:00:00+00:00,0.000390940514738303
672,2023-09-16 11:00:00+00:00,0.000556569717482514
672,2023-09-16 12:00:00+00:00,0.0026148507038070284
672,2023-09-16 13:00:00+00:00,0.0005036635032405793
672,2023-09-16 14:00:00+00:00,0.00010359593055845902
672,2023-09-16 15:00:00+00:00,0.0006371855043033081
672,2023-09-16 16:00:00+00:00,0.0004046382428454962
672,2023-09-16 17:00:00+00:00,0.00045169963809206396
672,2023-09-16 18:00:00+00:00,0.00015206621136509312
672,2023-09-16 19:00:00+00:00,0.0003566793613440123
672,2023-09-16 20:00:00+00:00,0.0014716167525317164
672,2023-09-16 21:00:00+00:00,0.002176653870395308
672,2023-09-16 22:00:00+00:00,0.0725957750413952
672,2023-09-16 23:00:00+00:00,0.06802730210746942
672,2023-09-17 00:00:00+00:00,0.04328207732887872
672,2023-09-17 01:00:00+00:00,0.02468459249330908
672,2023-09-17 02:00:00+00:00,0.01562854490042417
672,2023-09-17 03:00:00+00:00,0.06444576051597146
672,2023-09-17 04:00:00+00:00,0.07750492458050502
672,2023-09-17 05:00:00+00:00,0.08006062267245075
672,2023-09-17 06:00:00+00:00,0.3496871107181037
672,2023-09-17 07:00:00+00:00,0.23484921608447687
672,2023-09-17 08:00:00+00:00,0.33158745704971226
672,2023-09-17 09:00:00+00:00,0.4967475672438563
672,2023-09-17 10:00:00+00:00,0.669879577356938
672,2023-09-17 11:00:00+00:00,0.7805039455156639
672,2023-09-17 12:00:00+00:00,0.9086707437981293
672,2023-09-17 13:00:00+00:00,0.979616578180123
672,2023-09-17 14:00:00+00:00,0.9182395643794597
672,2023-09-17 15:00:00+00:00,0.7798434968774433
672,2023-09-17 16:00:00+00:00,0.7362219167277158
672,2023-09-17 17:00:00+00:00,0.5569555753997775
672,2023-09-17 18:00:00+00:00,0.8178888157150139
672,2023-09-17 19:00:00+00:00,0.38055762212455935
672,2023-09-17 20:00:00+00:00,0.2638684915274463
672,2023-09-17 21:00:00+00:00,0.20890313019676135
672,2023-09-17 22:00:00+00:00,0.16087515754804804
672,2023-09-17 23:00:00+00:00,0.07990034747256584
672,2023-09-18 00:00:00+00:00,0.059335123340909894
672,2023-09-18 01:00:00+00:00,0.0466700435720542
672,2023-09-18 02:00:00+00:00,0.0214945257857054
672,2023-09-18 03:00:00+00:00,0.0233539688313752
672,2023-09-18 04:00:00+00:00,0.10525769998578295
672,2023-09-18 05:00:00+00:00,0.0505001006694176
672,2023-09-18 06:00:00+00:00,0.2110420553299376
672,2023-09-18 07:00:00+00:00,0.5520826852220703
672,2023-09-18 08:00:00+00:00,0.6012826542269859
672,2023-09-18 09:00:00+00:00,0.5271950589361555
672,2023-09-18 10:00:00+00:00,1.603340964821495
672,2023-09-18 11:00:00+00:00,0.006115072508300512
672,2023-09-18 12:00:00+00:00,0.002101137328034796
672,2023-09-18 13:00:00+00:00,0.003255761340183253
672,2023-09-18 14:00:00+00:00,0.00265361559760529
672,2023-09-18 15:00:00+00:00,0.004617554672412492
672,2023-09-18 16:00:00+00:00,0.0048734500893194066
672,2023-09-18 17:00:00+00:00,0.003778248146471111
672,2023-09-18 18:00:00+00:00,0.001992047785727167
672,2023-09-18 19:00:00+00:00,0.001989984695015606
672,2023-09-18 20:00:00+00:00,0.0013418626564931225
672,2023-09-18 21:00:00+00:00,0.0008761997341500214
672,2023-09-18 22:00:00+00:00,0.003935822922109463
672,2023-09-18 23:00:00+00:00,0.00073388134457393
672,2023-09-19 00:00:00+00:00,0.0009481280331948443
672,2023-09-19 01:00:00+00:00,0.006060265624648537
672,2023-09-19 02:00:00+00:00,0.08746688223277396
672,2023-09-19 03:00:00+00:00,0.03450672869364653
672,2023-09-19 04:00:00+00:00,0.04555960907963056
672,2023-09-19 05:00:00+00:00,0.0717876375496658
672,2023-09-19 06:00:00+00:00,0.19100157922825622
672,2023-09-19 07:00:00+00:00,0.45686925958874336
672,2023-09-19 08:00:00+00:00,1.81299816033734
672,2023-09-19 09:00:00+00:00,1.6922752979528517
672,2023-09-19 10:00:00+00:00,0.635076500165736
672,2023-09-19 11:00:00+00:00,0.5256032724939684
672,2023-09-19 12:00:00+00:00,1.4139730465326223
672,2023-09-19 13:00:00+00:00,0.48994191929733255
672,2023-09-19 14:00:00+00:00,0.04726654426393034
672,2023-09-19 15:00:00+00:00,0.5305297665149401
672,2023-09-19 16:00:00+00:00,0.5524749800808755
672,2023-09-19 17:00:00+00:00,0.5934097919766904
672,2023-09-19 18:00:00+00:00,0.566984040274366
672,2023-09-19 19:00:00+00:00,1.7705421140295365
672,2023-09-19 20:00:00+00:00,0.898224480137022
672,2023-09-19 21:00:00+00:00,0.23361195634056892
672,2023-09-19 22:00:00+00:00,0.199692692409475
672,2023-09-19 23:00:00+00:00,0.10522146188558532
672,2023-09-20 00:00:00+00:00,0.03621026975238061
672,2023-09-20 01:00:00+00:00,0.028332879840472183
672,2023-09-20 02:00:00+00:00,0.026843138397928335
672,2023-09-20 03:00:00+00:00,0.02514335909905753
672,2023-09-20 04:00:00+00:00,0.03724134165746346
672,2023-09-20 05:00:00+00:00,0.04629699496117055
672,2023-09-20 06:00:00+00:00,0.15214166347030264
672,2023-09-20 07:00:00+00:00,0.4625326167775543
672,2023-09-20 08:00:00+00:00,0.6805645750489017
672,2023-09-20 09:00:00+00:00,0.5096945625623723
672,2023-09-20 10:00:00+00:00,0.5533213122372862
672,2023-09-20 11:00:00+00:00,0.5514500805188228
672,2023-09-20 12:00:00+00:00,0.6208702646225653
672,2023-09-20 13:00:00+00:00,0.6955113833016381
672,2023-09-20 14:00:00+00:00,0.011180282538230717
672,2023-09-20 15:00:00+00:00,0.05431223315101416
672,2023-09-20 16:00:00+00:00,0.005685577079473911
672,2023-09-20 17:00:00+00:00,0.046412967707669915
672,2023-09-20 18:00:00+00:00,0.05484588039706605
672,2023-09-20 19:00:00+00:00,0.5483787568441189
672,2023-09-20 20:00:00+00:00,0.004540959156102238
672,2023-09-20 21:00:00+00:00,0.0016101652360477241
672,2023-09-20 22:00:00+00:00,0.006039802496425771
672,2023-09-20 23:00:00+00:00,0.018428854934259647
672,2023-09-21 00:00:00+00:00,0.22631585108563235
672,2023-09-21 01:00:00+00:00,0.04275390552708381
672,2023-09-21 02:00:00+00:00,0.05914795608655076
672,2023-09-21 03:00:00+00:00,0.06412358076115117
672,2023-09-21 04:00:00+00:00,0.031706498061468094
672,2023-09-21 05:00:00+00:00,0.06025515157845795
672,2023-09-21 06:00:00+00:00,0.16004844022804668
672,2023-09-21 07:00:00+00:00,0.6000868522998414
672,2023-09-21 08:00:00+00:00,0.6332092366354781
672,2023-09-21 09:00:00+00:00,0.6315115439869864
672,2023-09-21 10:00:00+00:00,0.552781603139394
672,2023-09-21 11:00:00+00:00,0.7953257638285778
672,2023-09-21 12:00:00+00:00,2.0432208331517736
672,2023-09-21 13:00:00+00:00,0.7166483112361273
672,2023-09-21 14:00:00+00:00,0.01175860465712834
672,2023-09-21 15:00:00+00:00,0.5928734642727895
672,2023-09-21 16:00:00+00:00,0.00047207528721066445
672,2023-09-21 17:00:00+00:00,0.0016866031479111027
672,2023-09-21 18:00:00+00:00,0.002468041363241312
672,2023-09-21 19:00:00+00:00,0.0008442565970527083
672,2023-09-21 20:00:00+00:00,0.9710986809545294
672,2023-09-21 21:00:00+00:00,0.004664628095852137
672,2023-09-21 22:00:00+00:00,0.001224841090704814
672,2023-09-21 23:00:00+00:00,0.0004786782502170318
672,2023-09-22 00:00:00+00:00,0.0003024966217855261
672,2023-09-22 01:00:00+00:00,0.00021423466137762188
672,2023-09-22 02:00:00+00:00,0.0001472586470589368
672,2023-09-22 03:00:00+00:00,0.00010073567900245468
672,2023-09-22 04:00:00+00:00,0.00011733561494278348
672,2023-09-22 05:00:00+00:00,0.00013393555088311225
672,2023-09-22 06:00:00+00:00,0.00041367769261278585
672,2023-09-22 07:00:00+00:00,1.308683718909113
672,2023-09-22 08:00:00+00:00,0.07403466453832765
672,2023-09-22 09:00:00+00:00,0.006702714768592024
672,2023-09-22 10:00:00+00:00,0.0030129387785223735
672,2023-09-22 11:00:00+00:00,0.006363034233971881
672,2023-09-22 12:00:00+00:00,2.5234219679809177e-09
672,2023-09-22 13:00:00+00:00,1.750236632224436e-50
672,2023-09-22 14:00:00+00:00,0.0009110326778391111
672,2023-09-22 15:00:00+00:00,0.0006835807951833975
672,2023-09-22 16:00:00+00:00,0.0017742684297760256
672,2023-09-22 17:00:00+00:00,0.0014196485058661336
672,2023-09-22 18:00:00+00:00,0.0005594835531767762
672,2023-09-22 19:00:00+00:00,0.0005495566393052692
672,2023-09-22 20:00:00+00:00,0.0007127736291961033
672,2023-09-22 21:00:00+00:00,0.028036994266440265
672,2023-09-22 22:00:00+00:00,0.002819695083515762
672,2023-09-22 23:00:00+00:00,0.002023958490442854
672,2023-09-23 00:00:00+00:00,0.0028807912905534226
672,2023-09-23 01:00:00+00:00,0.0013457369512610644
672,2023-09-23 02:00:00+00:00,0.0019810726361410977
672,2023-09-23 03:00:00+00:00,0.0025435939408320956
672,2023-09-23 04:00:00+00:00,0.001946783106551935
672,2023-09-23 05:00:00+00:00,0.03520052007495223
672,2023-09-23 06:00:00+00:00,0.11316359064872818
672,2023-09-23 07:00:00+00:00,0.17247375698552433
672,2023-09-23 08:00:00+00:00,0.300907333538387
672,2023-09-23 09:00:00+00:00,0.44619544345854895
672,2023-09-23 10:00:00+00:00,0.010068874346542904
672,2023-09-23 11:00:00+00:00,0.009747168327153282
672,2023-09-23 12:00:00+00:00,0.011071728664525033
672,2023-09-23 13:00:00+00:00,0.009301022820021947
672,2023-09-23 14:00:00+00:00,0.0627331080829431
672,2023-09-23 15:00:00+00:00,0.057158817456470015
672,2023-09-23 16:00:00+00:00,0.6290339972562423
672,2023-09-23 17:00:00+00:00,0.4480331249399425
672,2023-09-23 18:00:00+00:00,0.6194994694684663
672,2023-09-23 19:00:00+00:00,0.47802158198868644
672,2023-09-23 20:00:00+00:00,0.359322184562334
672,2023-09-23 21:00:00+00:00,0.3154142145446214
672,2023-09-23 22:00:00+00:00,0.3423554341336366
672,2023-09-23 23:00:00+00:00,0.25947261267505284
672,2023-09-24 00:00:00+00:00,0.19946003044208993
672,2023-09-24 01:00:00+00:00,0.15975528323291452
672,2023-09-24 02:00:00+00:00,0.12792455055527024
672,2023-09-24 03:00:00+00:00,0.1165142061372545
672,2023-09-24 04:00:00+00:00,0.09673316261227984
672,2023-09-24 05:00:00+00:00,0.06222858064040647
672,2023-09-24 06:00:00+00:00,0.09716943248367707
672,2023-09-24 07:00:00+00:00,0.12156593748765078
672,2023-09-24 08:00:00+00:00,0.16240885026784369
672,2023-09-24 09:00:00+00:00,0.28111110357037955
672,2023-09-24 10:00:00+00:00,0.46113134379009735
672,2023-09-24 11:00:00+00:00,0.5763420231201204
672,2023-09-24 12:00:00+00:00,0.6002946430514156
672,2023-09-24 13:00:00+00:00,0.7625151492479331
672,2023-09-24 14:00:00+00:00,0.5269539243372965
672,2023-09-24 15:00:00+00:00,0.5593736413267129
672,2023-09-24 16:00:00+00:00,0.541554593828946
672,2023-09-24 17:00:00+00:00,0.6048714488322624
672,2023-09-24 18:00:00+00:00,0.5207247374939485
672,2023-09-24 19:00:00+00:00,0.37821845396112824
672,2023-09-24 20:00:00+00:00,0.2638158476256931
672,2023-09-24 21:00:00+00:00,0.18433338578864106
672,2023-09-24 22:00:00+00:00,0.16082704909624515
672,2023-09-24 23:00:00+00:00,0.11528425597529647
672,2023-09-25 00:00:00+00:00,0.13508996792409736
672,2023-09-25 01:00:00+00:00,0.1200497324595107
672,2023-09-25 02:00:00+00:00,0.028239075341543282
672,2023-09-25 03:00:00+00:00,0.115334242218815
672,2023-09-25 04:00:00+00:00,0.04827628282738817
672,2023-09-25 05:00:00+00:00,0.05530545673891215
672,2023-09-25 06:00:00+00:00,0.1335923858358722
672,2023-09-25 07:00:00+00:00,0.4494786921779541
672,2023-09-25 08:00:00+00:00,0.726008284734088
672,2023-09-25 09:00:00+00:00,0.715703031754903
672,2023-09-25 10:00:00+00:00,1.9190969691847337
672,2023-09-25 11:00:00+00:00,1.9601340711336421
672,2023-09-25 12:00:00+00:00,0.046434095109034124
672,2023-09-25 13:00:00+00:00,0.05720806444911253
672,2023-09-25 14:00:00+00:00,0.017297101820492163
672,2023-09-25 15:00:00+00:00,0.005022946638751146
672,2023-09-25 16:00:00+00:00,0.002648581403428721
672,2023-09-25 17:00:00+00:00,0.004465367448148303
672,2023-09-25 18:00:00+00:00,0.5015356546745752
672,2023-09-25 19:00:00+00:00,0.4578606531174921
672,2023-09-25 20:00:00+00:00,0.2857606154733166
672,2023-09-25 21:00:00+00:00,0.22526485027709972
672,2023-09-25 22:00:00+00:00,0.16219139040406996
672,2023-09-25 23:00:00+00:00,0.10152419369923898
672,2023-09-26 00:00:00+00:00,0.07026321963611998
672,2023-09-26 01:00:00+00:00,0.04755855224117183
672,2023-09-26 02:00:00+00:00,0.06292070197386028
672,2023-09-26 03:00:00+00:00,0.06071316468752263
672,2023-09-26 04:00:00+00:00,0.06903894525127542
672,2023-09-26 05:00:00+00:00,0.08492520981246712
672,2023-09-26 06:00:00+00:00,0.24803661048662004
672,2023-09-26 07:00:00+00:00,0.656115791272607
672,2023-09-26 08:00:00+00:00,0.6336900671453124
672,2023-09-26 09:00:00+00:00,0.5620281500009242
672,2023-09-26 10:00:00+00:00,0.7405906106339447
672,2023-09-26 11:00:00+00:00,0.577428235125554
672,2023-09-26 12:00:00+00:00,0.47043431819529163
672,2023-09-26 13:00:00+00:00,0.6379425112201331
672,2023-09-26 14:00:00+00:00,0.8014876450555595
672,2023-09-26 15:00:00+00:00,0.5714552091618537
672,2023-09-26 16:00:00+00:00,0.0035122509777831693
672,2023-09-26 17:00:00+00:00,0.009363903937631934
672,2023-09-26 18:00:00+00:00,0.008778743405949172
672,2023-09-26 19:00:00+00:00,0.001124218666521708
672,2023-09-26 20:00:00+00:00,0.24968082176742293
672,2023-09-26 21:00:00+00:00,0.2580077974269771
672,2023-09-26 22:00:00+00:00,0.16212301442425792
672,2023-09-26 23:00:00+00:00,0.1864805041959594
672,2023-09-27 00:00:00+00:00,0.0685452051967967
672,2023-09-27 01:00:00+00:00,0.05337475955458251
672,2023-09-27 02:00:00+00:00,0.0575224657839039
672,2023-09-27 03:00:00+00:00,0.041024339608298425
672,2023-09-27 04:00:00+00:00,0.048284314530930586
672,2023-09-27 05:00:00+00:00,0.060290706874166364
672,2023-09-27 06:00:00+00:00,0.21491288479793763
672,2023-09-27 07:00:00+00:00,0.6472804594865408
672,2023-09-27 08:00:00+00:00,0.6605241576955632
672,2023-09-27 09:00:00+00:00,0.537572260744646
672,2023-09-27 10:00:00+00:00,0.5050132908845829
672,2023-09-27 11:00:00+00:00,0.5408112800581417
672,2023-09-27 12:00:00+00:00,0.45915134110083095
672,2023-09-27 13:00:00+00:00,0.5348193759365698
672,2023-09-27 14:00:00+00:00,0.4631710720435414
672,2023-09-27 15:00:00+00:00,0.6412681519824747
672,2023-09-27 16:00:00+00:00,0.5417618245259903
672,2023-09-27 17:00:00+00:00,0.5299820440543739
672,2023-09-27 18:00:00+00:00,0.735701683516489
672,2023-09-27 19:00:00+00:00,0.5836394837119072
672,2023-09-27 20:00:00+00:00,0.37479973280103734
672,2023-09-27 21:00:00+00:00,0.8406309123908937
672,2023-09-27 22:00:00+00:00,0.686227415590158
672,2023-09-27 23:00:00+00:00,0.23786524431827202
672,2023-09-28 00:00:00+00:00,0.0453432863921967
672,2023-09-28 01:00:00+00:00,0.0029942272040727374
672,2023-09-28 02:00:00+00:00,0.0058234189228620675
672,2023-09-28 03:00:00+00:00,0.003246627993916805
672,2023-09-28 04:00:00+00:00,0.0006480458712987971
672,2023-09-28 05:00:00+00:00,0.0006235539529392451
672,2023-09-28 06:00:00+00:00,0.17049530696427437
672,2023-09-28 07:00:00+00:00,0.6358214956850197
672,2023-09-28 08:00:00+00:00,0.5172902995586702
672,2023-09-28 09:00:00+00:00,0.6045314077940814
672,2023-09-28 10:00:00+00:00,0.5491334561195694
672,2023-09-28 11:00:00+00:00,0.4685782199786609
672,2023-09-28 12:00:00+00:00,0.48011474444064123
672,2023-09-28 13:00:00+00:00,0.6743850875329348
672,2023-09-28 14:00:00+00:00,0.5374528177294317
672,2023-09-28 15:00:00+00:00,0.49092591728058044
672,2023-09-28 16:00:00+00:00,0.5877188563928663
672,2023-09-28 17:00:00+00:00,0.5447447582261992
672,2023-09-28 18:00:00+00:00,0.48314055457757055
672,2023-09-28 19:00:00+00:00,0.5616643964506548
672,2023-09-28 20:00:00+00:00,0.41247327723490557
672,2023-09-28 21:00:00+00:00,2.543819019533076e-20
672,2023-09-28 22:00:00+00:00,2.2894371163798452e-20
672,2023-09-28 23:00:00+00:00,0.0
672,2023-09-29 00:00:00+00:00,1.4675665640804502e-05
672,2023-09-29 01:00:00+00:00,4.258848979867579e-10
672,2023-09-29 02:00:00+00:00,0.008192119482861587
672,2023-09-29 03:00:00+00:00,4.018042762039605e-05
672,2023-09-29 04:00:00+00:00,0.0005626548454976073
672,2023-09-29 05:00:00+00:00,0.00042624764984454833
672,2023-09-29 06:00:00+00:00,4.0415095122017324e-05
672,2023-09-29 07:00:00+00:00,0.0018101828902407865
672,2023-09-29 08:00:00+00:00,0.0032420942642442164
672,2023-09-29 09:00:00+00:00,0.002538617211795535
672,2023-09-29 10:00:00+00:00,0.007008277658506405
672,2023-09-29 11:00:00+00:00,0.006604982146307204
672,2023-09-29 12:00:00+00:00,0.0057858791239278765
672,2023-09-29 13:00:00+00:00,0.00997496731325832
672,2023-09-29 14:00:00+00:00,0.027671334539660076
672,2023-09-29 15:00:00+00:00,0.029675707774461185
672,2023-09-29 16:00:00+00:00,0.02240721404554872
672,2023-09-29 17:00:00+00:00,0.009649202766420822
672,2023-09-29 18:00:00+00:00,0.010977166726189105
672,2023-09-29 19:00:00+00:00,0.008884651779360058
672,2023-09-29 20:00:00+00:00,0.0035063421342810424
672,2023-09-29 21:00:00+00:00,0.001577215015156267
672,2023-09-29 22:00:00+00:00,0.005747019704976999
672,2023-09-29 23:00:00+00:00,0.24407128112990725
672,2023-09-30 00:00:00+00:00,0.152731075726921
672,2023-09-30 01:00:00+00:00,0.15945940191803623
672,2023-09-30 02:00:00+00:00,0.09327954033225394
672,2023-09-30 03:00:00+00:00,0.08351679258127043
672,2023-09-30 04:00:00+00:00,0.08575541347631614
672,2023-09-30 05:00:00+00:00,0.06477945498206479
672,2023-09-30 06:00:00+00:00,0.0891786821227005
672,2023-09-30 07:00:00+00:00,0.1760997945131426
672,2023-09-30 08:00:00+00:00,0.30890068831300727
672,2023-09-30 09:00:00+00:00,0.4864871943284234
672,2023-09-30 10:00:00+00:00,0.681346192349528
672,2023-09-30 11:00:00+00:00,0.7096197816956022
672,2023-09-30 12:00:00+00:00,0.7475794644200277
672,2023-09-30 13:00:00+00:00,0.692741222856982
672,2023-09-30 14:00:00+00:00,0.633490660455202
672,2023-09-30 15:00:00+00:00,0.6578939128994468
672,2023-09-30 16:00:00+00:00,0.7105521869274478
672,2023-09-30 17:00:00+00:00,0.652817136601115
672,2023-09-30 18:00:00+00:00,0.509115958013406
672,2023-09-30 19:00:00+00:00,0.571661425385568
672,2023-09-30 20:00:00+00:00,0.43435540814900386
672,2023-09-30 21:00:00+00:00,0.2517723361654179
672,2023-09-30 22:00:00+00:00,0.26955560043081667
672,2023-09-30 23:00:00+00:00,0.2210033548075161
672,2023-10-01 00:00:00+00:00,0.1647788912680854
672,2023-10-01 01:00:00+00:00,0.14804063438773962
672,2023-10-01 02:00:00+00:00,0.10441202651050245
672,2023-10-01 03:00:00+00:00,0.06631704039115441
672,2023-10-01 04:00:00+00:00,0.05352331863654393
672,2023-10-01 05:00:00+00:00,0.05760958611080905
672,2023-10-01 06:00:00+00:00,0.13274441004734924
672,2023-10-01 07:00:00+00:00,0.12679105974928617
672,2023-10-01 08:00:00+00:00,0.19969871321369187
672,2023-10-01 09:00:00+00:00,0.40743335174037026
672,2023-10-01 10:00:00+00:00,0.3679644860374303
672,2023-10-01 11:00:00+00:00,0.6978816934471521
672,2023-10-01 12:00:00+00:00,2.085884546514859
672,2023-10-01 13:00:00+00:00,2.0554751106151956
672,2023-10-01 14:00:00+00:00,0.060966826596218555
672,2023-10-01 15:00:00+00:00,0.05331369868417182
672,2023-10-01 16:00:00+00:00,0.009789534207420285
672,2023-10-01 17:00:00+00:00,0.46259511851579466
672,2023-10-01 18:00:00+00:00,0.4706715182050848
672,2023-10-01 19:00:00+00:00,0.003495332369746568
672,2023-10-01 20:00:00+00:00,0.006319857804823896
672,2023-10-01 21:00:00+00:00,0.016210935669774728
672,2023-10-01 22:00:00+00:00,0.01477691158364645
672,2023-10-01 23:00:00+00:00,0.006483883246948872
672,2023-10-02 00:00:00+00:00,0.00072710088069507
672,2023-10-02 01:00:00+00:00,0.0007023630687598869
672,2023-10-02 02:00:00+00:00,0.003841266894607602
672,2023-10-02 03:00:00+00:00,0.0038791603398041466
672,2023-10-02 04:00:00+00:00,0.0038791603398041466
672,2023-10-02 05:00:00+00:00,0.10149302696252924
672,2023-10-02 06:00:00+00:00,0.3958708672414933
672,2023-10-02 07:00:00+00:00,0.6176054914165794
672,2023-10-02 08:00:00+00:00,1.8875380596368743
672,2023-10-02 09:00:00+00:00,0.568547302243843
672,2023-10-02 10:00:00+00:00,0.0
672,2023-10-02 11:00:00+00:00,0.00027118709777142983
672,2023-10-02 12:00:00+00:00,0.00036551853341534857
672,2023-10-02 13:00:00+00:00,0.0032872536627928163
672,2023-10-02 14:00:00+00:00,0.8501482740619521
672,2023-10-02 15:00:00+00:00,0.003508787403704181
672,2023-10-02 16:00:00+00:00,0.019635031543164053
672,2023-10-02 17:00:00+00:00,0.5591377653723962
672,2023-10-02 18:00:00+00:00,0.5176438593341716
672,2023-10-02 19:00:00+00:00,0.01507309763225688
672,2023-10-02 20:00:00+00:00,0.07614809349269053
672,2023-10-02 21:00:00+00:00,4.048863803545907e-09
672,2023-10-02 22:00:00+00:00,3.270562901528487e-05
672,2023-10-02 23:00:00+00:00,2.0446318021500746e-05
672,2023-10-03 00:00:00+00:00,0.0
672,2023-10-03 01:00:00+00:00,7.492834301037897e-05
672,2023-10-03 02:00:00+00:00,0.00018934038298121033
672,2023-10-03 03:00:00+00:00,0.000429812974002558
672,2023-10-03 04:00:00+00:00,0.0011717830056844293
672,2023-10-03 05:00:00+00:00,0.0011135315018093192
672,2023-10-03 06:00:00+00:00,0.0015769345865237112
672,2023-10-03 07:00:00+00:00,0.04037976802503347
672,2023-10-03 08:00:00+00:00,0.6291152730110242
672,2023-10-03 09:00:00+00:00,0.008938935041812812
672,2023-10-03 10:00:00+00:00,0.009455249435925404
672,2023-10-03 11:00:00+00:00,0.004468966135734201
672,2023-10-03 12:00:00+00:00,0.0033544687020772975
672,2023-10-03 13:00:00+00:00,0.00825673107404185
672,2023-10-03 14:00:00+00:00,0.011626962205459156
672,2023-10-03 15:00:00+00:00,0.011329218160907716
672,2023-10-03 16:00:00+00:00,0.003613148352008973
672,2023-10-03 17:00:00+00:00,0.006575896634993821
672,2023-10-03 18:00:00+00:00,0.009657248660286843
672,2023-10-03 19:00:00+00:00,0.00033443158516529366
672,2023-10-03 20:00:00+00:00,0.0009915260601319603
672,2023-10-03 21:00:00+00:00,0.0017437625728346623
672,2023-10-03 22:00:00+00:00,0.0006152842711782757
672,2023-10-03 23:00:00+00:00,0.0014912565375245093
672,2023-10-04 00:00:00+00:00,0.000666439249444803
672,2023-10-04 01:00:00+00:00,0.0022194713767072316
672,2023-10-04 02:00:00+00:00,0.0010727554487930128
672,2023-10-04 03:00:00+00:00,0.11187393832133098
672,2023-10-04 04:00:00+00:00,0.04033980410651199
672,2023-10-04 05:00:00+00:00,0.12225485012306725
672,2023-10-04 06:00:00+00:00,0.2254598923437889
672,2023-10-04 07:00:00+00:00,0.5352648044609551
672,2023-10-04 08:00:00+00:00,0.7017288237171687
672,2023-10-04 09:00:00+00:00,1.7370770269928726
672,2023-10-04 10:00:00+00:00,1.7588354232542254
672,2023-10-04 11:00:00+00:00,0.5247809017452079
672,2023-10-04 12:00:00+00:00,0.04742961877504355
672,2023-10-04 13:00:00+00:00,0.05956829025469303
672,2023-10-04 14:00:00+00:00,0.0117343331957461
672,2023-10-04 15:00:00+00:00,0.009511516817248553
672,2023-10-04 16:00:00+00:00,0.041032537002257306
672,2023-10-04 17:00:00+00:00,0.04266466856372104
672,2023-10-04 18:00:00+00:00,0.047822246021753105
672,2023-10-04 19:00:00+00:00,0.4642476853885189
672,2023-10-04 20:00:00+00:00,0.028290889622427595
672,2023-10-04 21:00:00+00:00,0.3197528088428902
672,2023-10-04 22:00:00+00:00,0.6958185038471778
672,2023-10-04 23:00:00+00:00,0.39640716963236855
672,2023-10-05 00:00:00+00:00,0.03802472395395774
672,2023-10-05 01:00:00+00:00,0.12311619823293546
672,2023-10-05 02:00:00+00:00,0.08600407368252318
672,2023-10-05 03:00:00+00:00,0.02556094184137978
672,2023-10-05 04:00:00+00:00,0.054004797807795546
672,2023-10-05 05:00:00+00:00,0.05723260368027207
672,2023-10-05 06:00:00+00:00,0.6622618196616039
672,2023-10-05 07:00:00+00:00,0.47590702959174513
672,2023-10-05 08:00:00+00:00,0.7283608131125591
672,2023-10-05 09:00:00+00:00,1.7582063020982694
672,2023-10-05 10:00:00+00:00,0.5611115288211668
672,2023-10-05 11:00:00+00:00,0.4918805672926445
672,2023-10-05 12:00:00+00:00,1.8260144186929959
672,2023-10-05 13:00:00+00:00,1.9220008691910824
672,2023-10-05 14:00:00+00:00,1.984626331236806
672,2023-10-05 15:00:00+00:00,2.027145633217941
672,2023-10-05 16:00:00+00:00,2.014619592108041
672,2023-10-05 17:00:00+00:00,2.0455679683683115
672,2023-10-05 18:00:00+00:00,0.5304947842856507
672,2023-10-05 19:00:00+00:00,0.6624624250757537
672,2023-10-05 20:00:00+00:00,0.3836373789711919
672,2023-10-05 21:00:00+00:00,0.3103324790882432
672,2023-10-05 22:00:00+00:00,0.20711282134337874
672,2023-10-05 23:00:00+00:00,0.13513139606469932
672,2023-10-06 00:00:00+00:00,0.06643281044782895
672,2023-10-06 01:00:00+00:00,0.033735665920623166
672,2023-10-06 02:00:00+00:00,0.029006104634988993
672,2023-10-06 03:00:00+00:00,0.04067005596403227
672,2023-10-06 04:00:00+00:00,0.03521185688965381
672,2023-10-06 05:00:00+00:00,0.049087397291767754
672,2023-10-06 06:00:00+00:00,0.1737803479792609
672,2023-10-06 07:00:00+00:00,0.5709245616911454
672,2023-10-06 08:00:00+00:00,0.4753565237903381
672,2023-10-06 09:00:00+00:00,0.597676078812309
672,2023-10-06 10:00:00+00:00,0.5764135674873734
672,2023-10-06 11:00:00+00:00,0.07240901624283277
672,2023-10-06 12:00:00+00:00,0.07978067530155893
672,2023-10-06 13:00:00+00:00,0.021849195145230395
672,2023-10-06 14:00:00+00:00,0.06959293561896056
672,2023-10-06 15:00:00+00:00,0.013816150425207436
672,2023-10-06 16:00:00+00:00,0.017047773482992294
672,2023-10-06 17:00:00+00:00,0.01634213537451218
672,2023-10-06 18:00:00+00:00,0.055253821410546536
672,2023-10-06 19:00:00+00:00,0.05293096769656735
672,2023-10-06 20:00:00+00:00,0.032014282182611466
672,2023-10-06 21:00:00+00:00,0.02622720239476552
672,2023-10-06 22:00:00+00:00,0.027364227500379028
672,2023-10-06 23:00:00+00:00,0.13429433420448073
672,2023-10-07 00:00:00+00:00,0.31309159271045095
672,2023-10-07 01:00:00+00:00,0.21298652476622362
672,2023-10-07 02:00:00+00:00,0.07002016231521034
672,2023-10-07 03:00:00+00:00,0.07377629516070087
672,2023-10-07 04:00:00+00:00,0.12995705362881382
672,2023-10-07 05:00:00+00:00,0.1515799882209198
672,2023-10-07 06:00:00+00:00,0.01765914938464267
672,2023-10-07 07:00:00+00:00,0.01821426901422272
672,2023-10-07 08:00:00+00:00,0.02189576636983215
672,2023-10-07 09:00:00+00:00,0.03346590548945726
672,2023-10-07 10:00:00+00:00,0.010812903766795124
672,2023-10-07 11:00:00+00:00,0.004271023918108889
672,2023-10-07 12:00:00+00:00,0.006894186368729948
672,2023-10-07 13:00:00+00:00,0.06481505631942498
672,2023-10-07 14:00:00+00:00,0.06299651758667464
672,2023-10-07 15:00:00+00:00,0.05762245018993795
672,2023-10-07 16:00:00+00:00,0.057185541153566354
672,2023-10-07 17:00:00+00:00,0.060907235472356526
672,2023-10-07 18:00:00+00:00,0.056193228588540464
672,2023-10-07 19:00:00+00:00,0.5121204982649274
672,2023-10-07 20:00:00+00:00,0.026285823761097712
672,2023-10-07 21:00:00+00:00,0.02291350988927675
672,2023-10-07 22:00:00+00:00,0.8597794342272946
672,2023-10-07 23:00:00+00:00,0.9944674740378942
672,2023-10-08 00:00:00+00:00,0.023650713329871287
672,2023-10-08 01:00:00+00:00,0.01289009620368507
672,2023-10-08 02:00:00+00:00,0.003555974573235472
672,2023-10-08 03:00:00+00:00,0.01403481834371145
672,2023-10-08 04:00:00+00:00,0.04490893259908741
672,2023-10-08 05:00:00+00:00,0.04717977897777501
672,2023-10-08 06:00:00+00:00,0.07779499955282601
672,2023-10-08 07:00:00+00:00,0.2273383741410506
672,2023-10-08 08:00:00+00:00,0.13194516057854438
672,2023-10-08 09:00:00+00:00,8.743490650456261e-05
672,2023-10-08 10:00:00+00:00,0.5672217515250019
672,2023-10-08 11:00:00+00:00,0.5566682574630964
672,2023-10-08 12:00:00+00:00,0.6468570353815878
672,2023-10-08 13:00:00+00:00,0.0009108772487146607
672,2023-10-08 14:00:00+00:00,0.0019670856580643226
672,2023-10-08 15:00:00+00:00,0.004362286839626469
672,2023-10-08 16:00:00+00:00,0.011805818497794801
672,2023-10-08 17:00:00+00:00,0.053312567429296104
672,2023-10-08 18:00:00+00:00,1.507085160893813
672,2023-10-08 19:00:00+00:00,1.3337710616672946
672,2023-10-08 20:00:00+00:00,0.9241627613375151
672,2023-10-08 21:00:00+00:00,0.5783633206141807
672,2023-10-08 22:00:00+00:00,0.19396534242567423
672,2023-10-08 23:00:00+00:00,0.007188726806554884
672,2023-10-09 00:00:00+00:00,0.030725507219827183
672,2023-10-09 01:00:00+00:00,0.0026109697750499095
672,2023-10-09 02:00:00+00:00,0.0028042124527816238
672,2023-10-09 03:00:00+00:00,0.000640234911995945
672,2023-10-09 04:00:00+00:00,0.0011353758155899121
672,2023-10-09 05:00:00+00:00,0.0011863458817222363
672,2023-10-09 06:00:00+00:00,0.0014946789106747218
672,2023-10-09 07:00:00+00:00,0.006608219841660465
672,2023-10-09 08:00:00+00:00,0.004031172459913017
672,2023-10-09 09:00:00+00:00,0.5176177260362127
672,2023-10-09 10:00:00+00:00,0.008690704776213297
672,2023-10-09 11:00:00+00:00,0.04774251900860696
672,2023-10-09 12:00:00+00:00,0.4267287827546418
672,2023-10-09 13:00:00+00:00,0.0010981898467535094
672,2023-10-09 14:00:00+00:00,0.001232201812112073
672,2023-10-09 15:00:00+00:00,0.0007954964132248902
672,2023-10-09 16:00:00+00:00,0.0009643877742052434
672,2023-10-09 17:00:00+00:00,0.0009779727428235383
672,2023-10-09 18:00:00+00:00,0.002267780449946496
672,2023-10-09 19:00:00+00:00,0.0020417152587346348
672,2023-10-09 20:00:00+00:00,0.0043979758881956335
672,2023-10-09 21:00:00+00:00,0.21365156572662755
672,2023-10-09 22:00:00+00:00,0.14368846583404685
672,2023-10-09 23:00:00+00:00,0.09601512779853624
672,2023-10-10 00:00:00+00:00,0.06884960666655415
672,2023-10-10 01:00:00+00:00,0.04701490758311399
672,2023-10-10 02:00:00+00:00,0.001736946261748706
672,2023-10-10 03:00:00+00:00,0.0010407171216202846
672,2023-10-10 04:00:00+00:00,0.04385231425109341
672,2023-10-10 05:00:00+00:00,0.0860880226869674
672,2023-10-10 06:00:00+00:00,0.01357799294671544
672,2023-10-10 07:00:00+00:00,0.44070128475547893
672,2023-10-10 08:00:00+00:00,0.055692992956669574
672,2023-10-10 09:00:00+00:00,0.044280436572554
672,2023-10-10 10:00:00+00:00,0.038551129983608275
672,2023-10-10 11:00:00+00:00,0.04275395184337287
672,2023-10-10 12:00:00+00:00,0.040932000624133054
672,2023-10-10 13:00:00+00:00,0.053067701474378476
672,2023-10-10 14:00:00+00:00,0.059563785599401384
672,2023-10-10 15:00:00+00:00,0.5486644445070228
672,2023-10-10 16:00:00+00:00,1.542195716109268
672,2023-10-10 17:00:00+00:00,1.8770820355662277
672,2023-10-10 18:00:00+00:00,1.9342806910309758
672,2023-10-10 19:00:00+00:00,0.4930917140151201
672,2023-10-10 20:00:00+00:00,0.0224233537588631
672,2023-10-10 21:00:00+00:00,0.022509386039827366
672,2023-10-10 22:00:00+00:00,0.1372099755508061
672,2023-10-10 23:00:00+00:00,0.2484954389121291
672,2023-10-11 00:00:00+00:00,0.18101823317247953
672,2023-10-11 01:00:00+00:00,0.061724194736805085
672,2023-10-11 02:00:00+00:00,0.1070526378019193
672,2023-10-11 03:00:00+00:00,0.15751608240635898
672,2023-10-11 04:00:00+00:00,0.12750076024058038
672,2023-10-11 05:00:00+00:00,0.14301667338461946
672,2023-10-11 06:00:00+00:00,0.2634680305163717
672,2023-10-11 07:00:00+00:00,1.5604113025580253
672,2023-10-11 08:00:00+00:00,1.7849634727608257
672,2023-10-11 09:00:00+00:00,1.3315072216299415
672,2023-10-11 10:00:00+00:00,1.601106190729855
672,2023-10-11 11:00:00+00:00,1.7057073498216273
672,2023-10-11 12:00:00+00:00,0.013011885379724654
672,2023-10-11 13:00:00+00:00,0.5936406707727422
672,2023-10-11 14:00:00+00:00,1.8058569330686705
672,2023-10-11 15:00:00+00:00,1.6140469548504586
672,2023-10-11 16:00:00+00:00,0.009634049189120258
672,2023-10-11 17:00:00+00:00,0.051994393619001
672,2023-10-11 18:00:00+00:00,0.6662939138494584
672,2023-10-11 19:00:00+00:00,0.6368563933401657
672,2023-10-11 20:00:00+00:00,0.32111337321191363
672,2023-10-11 21:00:00+00:00,0.2914196198560424
672,2023-10-11 22:00:00+00:00,0.21730520771435358
672,2023-10-11 23:00:00+00:00,0.049824244528474594
672,2023-10-12 00:00:00+00:00,0.00027081339849913393
672,2023-10-12 01:00:00+00:00,0.00021577119297878258
672,2023-10-12 02:00:00+00:00,4.435999451209949e-05
672,2023-10-12 03:00:00+00:00,0.0003205471810357322
672,2023-10-12 04:00:00+00:00,8.942226711024477e-05
672,2023-10-12 05:00:00+00:00,9.445935102601874e-05
672,2023-10-12 06:00:00+00:00,3.525644760122599e-05
672,2023-10-12 07:00:00+00:00,0.0007469580535957054
672,2023-10-12 08:00:00+00:00,0.003935454297414449
672,2023-10-12 09:00:00+00:00,0.019394085598323778
672,2023-10-12 10:00:00+00:00,0.004164935644111243
672,2023-10-12 11:00:00+00:00,0.01716016505438164
672,2023-10-12 12:00:00+00:00,0.6786365689248478
672,2023-10-12 13:00:00+00:00,0.0005959352617994917
672,2023-10-12 14:00:00+00:00,0.018730081175541393
672,2023-10-12 15:00:00+00:00,0.5034363949091729
672,2023-10-12 16:00:00+00:00,0.6206567124112637
672,2023-10-12 17:00:00+00:00,0.6327243770187714
672,2023-10-12 18:00:00+00:00,0.5751213534999734
672,2023-10-12 19:00:00+00:00,1.1309351455645724
672,2023-10-12 20:00:00+00:00,0.6796689789280939
672,2023-10-12 21:00:00+00:00,0.5941471223638081
672,2023-10-12 22:00:00+00:00,0.5088744005210369
672,2023-10-12 23:00:00+00:00,0.28562950936835785
672,2023-10-13 00:00:00+00:00,0.1899444238316729
672,2023-10-13 01:00:00+00:00,0.11872998735612116
672,2023-10-13 02:00:00+00:00,0.11749752420375487
672,2023-10-13 03:00:00+00:00,0.06353107849132372
672,2023-10-13 04:00:00+00:00,0.0717185639961456
672,2023-10-13 05:00:00+00:00,0.04958326157734824
672,2023-10-13 06:00:00+00:00,1.0651764670575292
672,2023-10-13 07:00:00+00:00,0.3283073893487601
672,2023-10-13 08:00:00+00:00,0.03117793525664562
672,2023-10-13 09:00:00+00:00,0.03117793525664562
672,2023-10-13 10:00:00+00:00,0.05021214855812987
672,2023-10-13 11:00:00+00:00,0.010039087220037865
672,2023-10-13 12:00:00+00:00,0.010039087220037865
672,2023-10-13 13:00:00+00:00,0.010039087220037865
672,2023-10-13 14:00:00+00:00,0.05021214855812987
672,2023-10-13 15:00:00+00:00,0.5121467238304659
672,2023-10-13 16:00:00+00:00,0.0005070360896483769
672,2023-10-13 17:00:00+00:00,0.0002808812183874496
672,2023-10-13 18:00:00+00:00,0.00011857061085750868
672,2023-10-13 19:00:00+00:00,1.86957094805792e-50
672,2023-10-13 20:00:00+00:00,0.000388734357037276
672,2023-10-13 21:00:00+00:00,0.0006840088822847548
672,2023-10-13 22:00:00+00:00,0.002046502387706537
672,2023-10-13 23:00:00+00:00,0.0020498863200141574
672,2023-10-14 00:00:00+00:00,0.0017368466797969212
672,2023-10-14 01:00:00+00:00,0.0008258059947036292
672,2023-10-14 02:00:00+00:00,0.0018461193144773808
672,2023-10-14 03:00:00+00:00,0.000429812974002558
672,2023-10-14 04:00:00+00:00,0.000429812974002558
672,2023-10-14 05:00:00+00:00,0.000429812974002558
672,2023-10-14 06:00:00+00:00,0.0016850827526500036
672,2023-10-14 07:00:00+00:00,0.0016850827526500036
672,2023-10-14 08:00:00+00:00,0.0016850827526500036
672,2023-10-14 09:00:00+00:00,0.0016850827526500036
672,2023-10-14 10:00:00+00:00,0.00045458694888500517
672,2023-10-14 11:00:00+00:00,0.00045458694888500517
672,2023-10-14 12:00:00+00:00,0.00045458694888500517
672,2023-10-14 13:00:00+00:00,0.0
672,2023-10-14 14:00:00+00:00,0.0006967848100652941
672,2023-10-14 15:00:00+00:00,0.0006967848100652941
672,2023-10-14 16:00:00+00:00,0.0005070360896483769
672,2023-10-14 17:00:00+00:00,2.5964419245673928e-09
672,2023-10-14 18:00:00+00:00,0.0005070360896483769
672,2023-10-14 19:00:00+00:00,0.0012361059884837032
672,2023-10-14 20:00:00+00:00,0.02673937699310841
672,2023-10-14 21:00:00+00:00,0.003727974418826948
672,2023-10-14 22:00:00+00:00,0.00037487840332782327
672,2023-10-14 23:00:00+00:00,0.0004552987599141099
672,2023-10-15 00:00:00+00:00,0.000629484228316778
672,2023-10-15 01:00:00+00:00,0.00033408931023534314
672,2023-10-15 02:00:00+00:00,6.494100697076095e-10
672,2023-10-15 03:00:00+00:00,0.13263576159065285
672,2023-10-15 04:00:00+00:00,0.13263576159065285
672,2023-10-15 05:00:00+00:00,0.00010396538789944992
672,2023-10-15 06:00:00+00:00,0.03117793525664562
672,2023-10-15 07:00:00+00:00,0.00037529110320892126
672,2023-10-15 08:00:00+00:00,1.1137869477791866e-50
672,2023-10-15 09:00:00+00:00,0.00037529110320892126
672,2023-10-15 10:00:00+00:00,9.617900134103151e-09
672,2023-10-15 11:00:00+00:00,0.02099074249146612
672,2023-10-15 12:00:00+00:00,0.003320292026803622
672,2023-10-15 13:00:00+00:00,0.003320292026803622
672,2023-10-15 14:00:00+00:00,0.003320292026803622
672,2023-10-15 15:00:00+00:00,0.02099074249146612
672,2023-10-15 16:00:00+00:00,0.9753594046239076
672,2023-10-15 17:00:00+00:00,0.942373048285673
672,2023-10-15 18:00:00+00:00,0.9753594046239076
672,2023-10-15 19:00:00+00:00,0.7289667626342972
672,2023-10-15 20:00:00+00:00,0.27438550692484875
672,2023-10-15 21:00:00+00:00,0.2576761334147788
672,2023-10-15 22:00:00+00:00,0.26553610470344075
672,2023-10-15 23:00:00+00:00,0.11566505872660576
672,2023-10-16 00:00:00+00:00,0.036096049511850574
672,2023-10-16 01:00:00+00:00,0.0708661493698552
672,2023-10-16 02:00:00+00:00,0.0860994581805675
672,2023-10-16 03:00:00+00:00,0.05890230129411532
672,2023-10-16 04:00:00+00:00,0.07171639658220923
672,2023-10-16 05:00:00+00:00,0.07171639658220923
672,2023-10-16 06:00:00+00:00,0.5765619757260005
672,2023-10-16 07:00:00+00:00,0.4676004284270963
672,2023-10-16 08:00:00+00:00,0.4676004284270963
672,2023-10-16 09:00:00+00:00,0.4676004284270963
672,2023-10-16 10:00:00+00:00,0.7323590463740907
672,2023-10-16 11:00:00+00:00,0.6514124794767375
672,2023-10-16 12:00:00+00:00,0.7323590463740907
672,2023-10-16 13:00:00+00:00,0.9321703794335534
672,2023-10-16 14:00:00+00:00,0.9321703794335534
672,2023-10-16 15:00:00+00:00,0.9321703794335534
672,2023-10-16 16:00:00+00:00,0.9753594046239076
672,2023-10-16 17:00:00+00:00,0.9753594046239076
672,2023-10-16 18:00:00+00:00,0.942373048285673
672,2023-10-16 19:00:00+00:00,0.6656353827412903
672,2023-10-16 20:00:00+00:00,0.3231395979213204
672,2023-10-16 21:00:00+00:00,0.35235841807007945
672,2023-10-16 22:00:00+00:00,0.2681667082714945
672,2023-10-16 23:00:00+00:00,0.22475761668860184
672,2023-10-17 00:00:00+00:00,0.2291763126720442
672,2023-10-17 01:00:00+00:00,0.11429385752194215
672,2023-10-17 02:00:00+00:00,0.06895766325554523
672,2023-10-17 03:00:00+00:00,0.05890230129411532
672,2023-10-17 04:00:00+00:00,0.07494923104166902
672,2023-10-17 05:00:00+00:00,0.07494923104166902
672,2023-10-17 06:00:00+00:00,0.595718334711734
672,2023-10-17 07:00:00+00:00,0.595718334711734
672,2023-10-17 08:00:00+00:00,0.595718334711734
672,2023-10-17 09:00:00+00:00,0.4676004284270963
672,2023-10-17 10:00:00+00:00,0.6514124794767375
672,2023-10-17 11:00:00+00:00,0.6514124794767375
672,2023-10-17 12:00:00+00:00,0.5104695039224222
672,2023-10-17 13:00:00+00:00,0.6514124794767375
672,2023-10-17 14:00:00+00:00,0.6514124794767375
672,2023-10-17 15:00:00+00:00,0.6514124794767375
672,2023-10-17 16:00:00+00:00,0.6954361472097202
672,2023-10-17 17:00:00+00:00,0.6954361472097202
672,2023-10-17 18:00:00+00:00,0.7666001432553459
672,2023-10-17 19:00:00+00:00,0.6691987343014415
672,2023-10-17 20:00:00+00:00,0.36095464900089985
672,2023-10-17 21:00:00+00:00,0.30032839571967945
672,2023-10-17 22:00:00+00:00,0.2097831407111458
672,2023-10-17 23:00:00+00:00,0.07981987671118833
672,2023-10-18 00:00:00+00:00,0.07356416236939851
672,2023-10-18 01:00:00+00:00,0.11395356266593666
672,2023-10-18 02:00:00+00:00,0.07486928659456676
672,2023-10-18 03:00:00+00:00,0.07494923104166902
672,2023-10-18 04:00:00+00:00,0.07494923104166902
672,2023-10-18 05:00:00+00:00,0.05890230129411532
672,2023-10-18 06:00:00+00:00,0.4676004284270963
672,2023-10-18 07:00:00+00:00,0.4676004284270963
672,2023-10-18 08:00:00+00:00,0.4676004284270963
672,2023-10-18 09:00:00+00:00,0.4676004284270963
672,2023-10-18 10:00:00+00:00,0.7323590463740907
672,2023-10-18 11:00:00+00:00,0.7323590463740907
672,2023-10-18 12:00:00+00:00,0.7323590463740907
672,2023-10-18 13:00:00+00:00,0.9321703794335534
672,2023-10-18 14:00:00+00:00,0.9321703794335534
672,2023-10-18 15:00:00+00:00,0.9321703794335534
672,2023-10-18 16:00:00+00:00,0.9753594046239076
672,2023-10-18 17:00:00+00:00,0.942373048285673
672,2023-10-18 18:00:00+00:00,0.19913899183071432
672,2023-10-18 19:00:00+00:00,0.00023290923681177004
672,2023-10-18 20:00:00+00:00,0.0
672,2023-10-18 21:00:00+00:00,0.000657889380943156
672,2023-10-18 22:00:00+00:00,0.01846319559663598
672,2023-10-18 23:00:00+00:00,0.24210176965213379
672,2023-10-19 00:00:00+00:00,0.3066304650914786
672,2023-10-19 01:00:00+00:00,0.36308399307731287
672,2023-10-19 02:00:00+00:00,0.09893434904421589
672,2023-10-19 03:00:00+00:00,0.0630118910125448
672,2023-10-19 04:00:00+00:00,0.0630118910125448
672,2023-10-19 05:00:00+00:00,0.06353107849132372
672,2023-10-19 06:00:00+00:00,0.3270018293906042
672,2023-10-19 07:00:00+00:00,0.3367101474470585
672,2023-10-19 08:00:00+00:00,0.3367101474470585
672,2023-10-19 09:00:00+00:00,0.3367101474470585
672,2023-10-19 10:00:00+00:00,0.585287700876989
672,2023-10-19 11:00:00+00:00,0.585287700876989
672,2023-10-19 12:00:00+00:00,0.6026352529227682
672,2023-10-19 13:00:00+00:00,0.6026352529227682
672,2023-10-19 14:00:00+00:00,0.5619492820401873
672,2023-10-19 15:00:00+00:00,0.531369744292961
672,2023-10-19 16:00:00+00:00,0.5833448522660725
672,2023-10-19 17:00:00+00:00,0.6259336263896339
672,2023-10-19 18:00:00+00:00,0.5819750637944777
672,2023-10-19 19:00:00+00:00,0.4490569429924452
672,2023-10-19 20:00:00+00:00,0.35131550590330185
672,2023-10-19 21:00:00+00:00,0.24597178598255895
672,2023-10-19 22:00:00+00:00,0.2111150525091555
672,2023-10-19 23:00:00+00:00,0.10305910377680669
672,2023-10-20 00:00:00+00:00,0.0837064736405683
672,2023-10-20 01:00:00+00:00,0.1286714609606716
672,2023-10-20 02:00:00+00:00,0.11970988030196926
672,2023-10-20 03:00:00+00:00,0.07171639658220923
672,2023-10-20 04:00:00+00:00,0.01564105447859681
672,2023-10-20 05:00:00+00:00,9.874964100962612e-21
672,2023-10-20 06:00:00+00:00,1.6559956452372584e-09
672,2023-10-20 07:00:00+00:00,1.6559956452372584e-09
672,2023-10-20 08:00:00+00:00,0.000711932719551825
672,2023-10-20 09:00:00+00:00,0.000711932719551825
672,2023-10-20 10:00:00+00:00,0.010039087220037865
672,2023-10-20 11:00:00+00:00,0.05021214855812987
672,2023-10-20 12:00:00+00:00,0.010039087220037865
672,2023-10-20 13:00:00+00:00,0.010039087220037865
672,2023-10-20 14:00:00+00:00,0.05021214855812987
672,2023-10-20 15:00:00+00:00,0.05021214855812987
672,2023-10-20 16:00:00+00:00,0.05315906285094114
672,2023-10-20 17:00:00+00:00,0.05315906285094114
672,2023-10-20 18:00:00+00:00,1.741972199826812
672,2023-10-20 19:00:00+00:00,0.4219377987060656
672,2023-10-20 20:00:00+00:00,0.6260056139928766
672,2023-10-20 21:00:00+00:00,0.7382905350034369
672,2023-10-20 22:00:00+00:00,0.6295962307032823
672,2023-10-20 23:00:00+00:00,0.23650660882162536
672,2023-10-21 00:00:00+00:00,0.1819000490163464
672,2023-10-21 01:00:00+00:00,0.2002590044866396
672,2023-10-21 02:00:00+00:00,0.21193766756468385
672,2023-10-21 03:00:00+00:00,0.06353107849132372
672,2023-10-21 04:00:00+00:00,0.06022759455334363
672,2023-10-21 05:00:00+00:00,0.060501823740775104
672,2023-10-21 06:00:00+00:00,5.727067414324113e-05
672,2023-10-21 07:00:00+00:00,0.00042641327075198274
672,2023-10-21 08:00:00+00:00,0.00013626903406750303
672,2023-10-21 09:00:00+00:00,0.00013626903406750303
672,2023-10-21 10:00:00+00:00,0.00010631842625157652
672,2023-10-21 11:00:00+00:00,9.617900134103151e-09
672,2023-10-21 12:00:00+00:00,9.617900134103151e-09
672,2023-10-21 13:00:00+00:00,0.0
672,2023-10-21 14:00:00+00:00,0.0
672,2023-10-21 15:00:00+00:00,2.0684614744470607e-50
672,2023-10-21 16:00:00+00:00,0.0005070360896483769
672,2023-10-21 17:00:00+00:00,0.003383712437654574
672,2023-10-21 18:00:00+00:00,0.003383712437654574
672,2023-10-21 19:00:00+00:00,0.002147024721605975
672,2023-10-21 20:00:00+00:00,0.003782919056169325
672,2023-10-21 21:00:00+00:00,0.0037736471650744487
672,2023-10-21 22:00:00+00:00,0.022688378990420033
672,2023-10-21 23:00:00+00:00,0.20369033733615793
672,2023-10-22 00:00:00+00:00,0.01708552529232226
672,2023-10-22 01:00:00+00:00,0.16220143460194897
672,2023-10-22 02:00:00+00:00,0.5582348835035789
672,2023-10-22 03:00:00+00:00,0.04858919250700342
672,2023-10-22 04:00:00+00:00,0.05964766126410503
672,2023-10-22 05:00:00+00:00,0.06131514847996277
672,2023-10-22 06:00:00+00:00,0.34770853726691553
672,2023-10-22 07:00:00+00:00,0.3367101474470585
672,2023-10-22 08:00:00+00:00,0.3367101474470585
672,2023-10-22 09:00:00+00:00,0.3270018293906042
672,2023-10-22 10:00:00+00:00,0.5619492820401873
672,2023-10-22 11:00:00+00:00,0.6178577753866092
672,2023-10-22 12:00:00+00:00,1.66551300307862
672,2023-10-22 13:00:00+00:00,0.05021214855812987
672,2023-10-22 14:00:00+00:00,0.5121467238304659
672,2023-10-22 15:00:00+00:00,0.5121467238304659
672,2023-10-22 16:00:00+00:00,0.5352000872667318
672,2023-10-22 17:00:00+00:00,0.05315906285094114
672,2023-10-22 18:00:00+00:00,1.741972199826812
672,2023-10-22 19:00:00+00:00,0.37775102823942175
672,2023-10-22 20:00:00+00:00,0.28293912563105034
672,2023-10-22 21:00:00+00:00,0.2998232045388117
672,2023-10-22 22:00:00+00:00,0.16345530029373131
672,2023-10-22 23:00:00+00:00,0.0846595225087948
672,2023-10-23 00:00:00+00:00,0.04932771502064724
672,2023-10-23 01:00:00+00:00,0.0692036842407373
672,2023-10-23 02:00:00+00:00,0.0880387595196352
672,2023-10-23 03:00:00+00:00,0.059602384454824624
672,2023-10-23 04:00:00+00:00,0.059602384454824624
672,2023-10-23 05:00:00+00:00,0.05224988256542295
672,2023-10-23 06:00:00+00:00,0.31778086798019217
672,2023-10-23 07:00:00+00:00,0.31778086798019217
672,2023-10-23 08:00:00+00:00,0.31778086798019217
672,2023-10-23 09:00:00+00:00,0.4093620544689645
672,2023-10-23 10:00:00+00:00,0.6514124794767375
672,2023-10-23 11:00:00+00:00,0.5406963378279531
672,2023-10-23 12:00:00+00:00,0.5581779567340897
672,2023-10-23 13:00:00+00:00,0.5581779567340897
672,2023-10-23 14:00:00+00:00,0.5581779567340897
672,2023-10-23 15:00:00+00:00,0.5406963378279531
672,2023-10-23 16:00:00+00:00,0.5488954646547161
672,2023-10-23 17:00:00+00:00,0.5488954646547161
672,2023-10-23 18:00:00+00:00,0.6954361472097202
672,2023-10-23 19:00:00+00:00,0.45471441132192525
672,2023-10-23 20:00:00+00:00,0.3003077879694692
672,2023-10-23 21:00:00+00:00,0.26498861244001304
672,2023-10-23 22:00:00+00:00,0.17975495288274126
672,2023-10-23 23:00:00+00:00,0.10535967260653328
672,2023-10-24 00:00:00+00:00,0.10435799065378917
672,2023-10-24 01:00:00+00:00,0.12613042508341207
672,2023-10-24 02:00:00+00:00,0.08884517619888777
672,2023-10-24 03:00:00+00:00,0.07171639658220923
672,2023-10-24 04:00:00+00:00,0.07494923104166902
672,2023-10-24 05:00:00+00:00,0.059602384454824624
672,2023-10-24 06:00:00+00:00,0.31778086798019217
672,2023-10-24 07:00:00+00:00,0.369972839763395
672,2023-10-24 08:00:00+00:00,0.36630372356134444
672,2023-10-24 09:00:00+00:00,0.35077846253333167
672,2023-10-24 10:00:00+00:00,0.6026352529227682
672,2023-10-24 11:00:00+00:00,0.531369744292961
672,2023-10-24 12:00:00+00:00,0.010039087220037865
672,2023-10-24 13:00:00+00:00,1.66551300307862
672,2023-10-24 14:00:00+00:00,1.66551300307862
672,2023-10-24 15:00:00+00:00,0.4687461208600571
672,2023-10-24 16:00:00+00:00,0.6259336263896339
672,2023-10-24 17:00:00+00:00,0.5989247422615076
672,2023-10-24 18:00:00+00:00,0.6341918757375351
672,2023-10-24 19:00:00+00:00,0.5268160896647996
672,2023-10-24 20:00:00+00:00,0.3331780485270991
672,2023-10-24 21:00:00+00:00,0.2543470679961591
672,2023-10-24 22:00:00+00:00,0.19657133939418256
672,2023-10-24 23:00:00+00:00,0.10096100626236824
672,2023-10-25 00:00:00+00:00,0.013836370729590848
672,2023-10-25 01:00:00+00:00,0.002151894523273545
672,2023-10-25 02:00:00+00:00,0.0004195534876930655
672,2023-10-25 03:00:00+00:00,0.00010834358678704776
672,2023-10-25 04:00:00+00:00,0.00010834358678704776
672,2023-10-25 05:00:00+00:00,0.0003898323009319339
672,2023-10-25 06:00:00+00:00,0.013019013456228528
672,2023-10-25 07:00:00+00:00,0.00042641327075198274
672,2023-10-25 08:00:00+00:00,0.0019414473253949575
672,2023-10-25 09:00:00+00:00,0.00042641327075198274
672,2023-10-25 10:00:00+00:00,0.00025213518112704024
672,2023-10-25 11:00:00+00:00,0.000772906319917348
672,2023-10-25 12:00:00+00:00,0.003320292026803622
672,2023-10-25 13:00:00+00:00,0.003320292026803622
672,2023-10-25 14:00:00+00:00,0.003320292026803622
672,2023-10-25 15:00:00+00:00,0.003320292026803622
672,2023-10-25 16:00:00+00:00,0.0035977958651188515
672,2023-10-25 17:00:00+00:00,0.0008550521151967631
672,2023-10-25 18:00:00+00:00,0.19913899183071432
672,2023-10-25 19:00:00+00:00,0.5413346707020777
672,2023-10-25 20:00:00+00:00,0.2554233691979988
672,2023-10-25 21:00:00+00:00,0.1849476065665026
672,2023-10-25 22:00:00+00:00,0.19114302308694317
672,2023-10-25 23:00:00+00:00,0.1079746832742983
672,2023-10-26 00:00:00+00:00,0.08568921019522134
672,2023-10-26 01:00:00+00:00,0.0940114128030659
672,2023-10-26 02:00:00+00:00,0.108430250088527
672,2023-10-26 03:00:00+00:00,0.059602384454824624
672,2023-10-26 04:00:00+00:00,0.06022759455334363
672,2023-10-26 05:00:00+00:00,0.0630118910125448
672,2023-10-26 06:00:00+00:00,0.3367101474470585
672,2023-10-26 07:00:00+00:00,0.3283073893487601
672,2023-10-26 08:00:00+00:00,0.3946044725885809
672,2023-10-26 09:00:00+00:00,0.3946044725885809
672,2023-10-26 10:00:00+00:00,1.66551300307862
672,2023-10-26 11:00:00+00:00,0.5121467238304659
672,2023-10-26 12:00:00+00:00,1.66551300307862
672,2023-10-26 13:00:00+00:00,1.66551300307862
672,2023-10-26 14:00:00+00:00,0.6178577753866092
672,2023-10-26 15:00:00+00:00,1.66551300307862
672,2023-10-26 16:00:00+00:00,0.5352000872667318
672,2023-10-26 17:00:00+00:00,0.49477775297408
672,2023-10-26 18:00:00+00:00,0.49477775297408
672,2023-10-26 19:00:00+00:00,0.4807343360342798
672,2023-10-26 20:00:00+00:00,0.35754228466824517
672,2023-10-26 21:00:00+00:00,0.2457050517267433
672,2023-10-26 22:00:00+00:00,0.23680441416568687
672,2023-10-26 23:00:00+00:00,0.1901830894635374
672,2023-10-27 00:00:00+00:00,0.0918680975720785
672,2023-10-27 01:00:00+00:00,0.10371358048149885
672,2023-10-27 02:00:00+00:00,0.12715327714929947
672,2023-10-27 03:00:00+00:00,0.05951917174503992
672,2023-10-27 04:00:00+00:00,0.0630118910125448
672,2023-10-27 05:00:00+00:00,0.059602384454824624
672,2023-10-27 06:00:00+00:00,0.4093620544689645
672,2023-10-27 07:00:00+00:00,0.3769439823833631
672,2023-10-27 08:00:00+00:00,0.3367101474470585
672,2023-10-27 09:00:00+00:00,0.3367101474470585
672,2023-10-27 10:00:00+00:00,0.5427562342144633
672,2023-10-27 11:00:00+00:00,0.6003571827339194
672,2023-10-27 12:00:00+00:00,0.4687461208600571
672,2023-10-27 13:00:00+00:00,0.4687461208600571
672,2023-10-27 14:00:00+00:00,0.4687461208600571
672,2023-10-27 15:00:00+00:00,0.5121467238304659
672,2023-10-27 16:00:00+00:00,0.0007771147953549802
672,2023-10-27 17:00:00+00:00,0.6341918757375351
672,2023-10-27 18:00:00+00:00,0.6259336263896339
672,2023-10-27 19:00:00+00:00,0.5506979934908826
672,2023-10-27 20:00:00+00:00,0.34433516219387056
672,2023-10-27 21:00:00+00:00,0.26905151559990226
672,2023-10-27 22:00:00+00:00,0.2702991401240076
672,2023-10-27 23:00:00+00:00,0.2285664468383081
672,2023-10-28 00:00:00+00:00,0.17975951370278107
672,2023-10-28 01:00:00+00:00,0.18472988675532276
672,2023-10-28 02:00:00+00:00,0.19145109034846167
672,2023-10-28 03:00:00+00:00,0.059602384454824624
672,2023-10-28 04:00:00+00:00,0.059602384454824624
672,2023-10-28 05:00:00+00:00,0.06131514847996277
672,2023-10-28 06:00:00+00:00,0.36627018740137945
672,2023-10-28 07:00:00+00:00,0.3367101474470585
672,2023-10-28 08:00:00+00:00,0.3367101474470585
672,2023-10-28 09:00:00+00:00,0.3367101474470585
672,2023-10-28 10:00:00+00:00,0.6003571827339194
672,2023-10-28 11:00:00+00:00,0.6003571827339194
672,2023-10-28 12:00:00+00:00,0.531369744292961
672,2023-10-28 13:00:00+00:00,0.5427562342144633
672,2023-10-28 14:00:00+00:00,0.6026352529227682
672,2023-10-28 15:00:00+00:00,0.6026352529227682
672,2023-10-28 16:00:00+00:00,0.5989247422615076
672,2023-10-28 17:00:00+00:00,0.5488954646547161
672,2023-10-28 18:00:00+00:00,0.5488954646547161
672,2023-10-28 19:00:00+00:00,0.4284505615221751
672,2023-10-28 20:00:00+00:00,0.3243736921574633
672,2023-10-28 21:00:00+00:00,0.28478650588507326
672,2023-10-28 22:00:00+00:00,0.35192151561949325
672,2023-10-28 23:00:00+00:00,0.317229546309321
672,2023-10-29 00:00:00+00:00,0.17853127719389209
672,2023-10-29 01:00:00+00:00,0.18474095432518425
672,2023-10-29 02:00:00+00:00,0.19092709764924023
672,2023-10-29 03:00:00+00:00,0.04958326157734824
672,2023-10-29 04:00:00+00:00,0.04858919250700342
672,2023-10-29 05:00:00+00:00,0.0717185639961456
672,2023-10-29 06:00:00+00:00,0.3270018293906042
672,2023-10-29 07:00:00+00:00,0.3367101474470585
672,2023-10-29 08:00:00+00:00,0.3367101474470585
672,2023-10-29 09:00:00+00:00,0.36630372356134444
672,2023-10-29 10:00:00+00:00,0.5619492820401873
672,2023-10-29 11:00:00+00:00,0.585287700876989
672,2023-10-29 12:00:00+00:00,0.5923291894151325
672,2023-10-29 13:00:00+00:00,0.5427562342144633
672,2023-10-29 14:00:00+00:00,0.6003571827339194
672,2023-10-29 15:00:00+00:00,0.4687461208600571
672,2023-10-29 16:00:00+00:00,0.49477775297408
672,2023-10-29 17:00:00+00:00,0.5833448522660725
672,2023-10-29 18:00:00+00:00,0.5732184100344591
672,2023-10-29 19:00:00+00:00,0.2616718774372534
672,2023-10-29 20:00:00+00:00,0.26584910343903323
672,2023-10-29 21:00:00+00:00,0.26584910343903323
672,2023-10-29 22:00:00+00:00,0.2616718774372534
672,2023-10-29 23:00:00+00:00,0.2616718774372534
672,2023-10-30 00:00:00+00:00,0.06058875878197597
672,2023-10-30 01:00:00+00:00,0.0717185639961456
672,2023-10-30 02:00:00+00:00,0.04858919250700342
672,2023-10-30 03:00:00+00:00,0.0717185639961456
672,2023-10-30 04:00:00+00:00,0.06058875878197597
672,2023-10-30 05:00:00+00:00,0.0717185639961456
672,2023-10-30 06:00:00+00:00,0.3270018293906042
672,2023-10-30 07:00:00+00:00,0.3367101474470585
672,2023-10-30 08:00:00+00:00,0.3367101474470585
672,2023-10-30 09:00:00+00:00,0.3367101474470585
672,2023-10-30 10:00:00+00:00,0.4687461208600571
672,2023-10-30 11:00:00+00:00,1.66551300307862
672,2023-10-30 12:00:00+00:00,0.5121467238304659
672,2023-10-30 13:00:00+00:00,1.66551300307862
672,2023-10-30 14:00:00+00:00,1.66551300307862
672,2023-10-30 15:00:00+00:00,0.6178577753866092
672,2023-10-30 16:00:00+00:00,0.49477775297408
672,2023-10-30 17:00:00+00:00,0.5732184100344591
672,2023-10-30 18:00:00+00:00,0.6259336263896339
672,2023-10-30 19:00:00+00:00,0.47830233937808764
672,2023-10-30 20:00:00+00:00,0.3940957446432932
672,2023-10-30 21:00:00+00:00,0.27594968872202796
672,2023-10-30 22:00:00+00:00,0.21686743237683295
672,2023-10-30 23:00:00+00:00,0.15302616320752085
672,2023-10-31 00:00:00+00:00,0.1280468500599173
672,2023-10-31 01:00:00+00:00,0.12907741214429572
672,2023-10-31 02:00:00+00:00,0.15574150932119651
672,2023-10-31 03:00:00+00:00,0.06131514847996277
672,2023-10-31 04:00:00+00:00,0.05964766126410503
672,2023-10-31 05:00:00+00:00,0.05951917174503992
672,2023-10-31 06:00:00+00:00,0.35077846253333167
672,2023-10-31 07:00:00+00:00,0.3367101474470585
672,2023-10-31 08:00:00+00:00,0.3270018293906042
672,2023-10-31 09:00:00+00:00,0.36627018740137945
672,2023-10-31 10:00:00+00:00,0.6178577753866092
672,2023-10-31 11:00:00+00:00,1.66551300307862
672,2023-10-31 12:00:00+00:00,1.66551300307862
672,2023-10-31 13:00:00+00:00,2.0684614744470607e-50
672,2023-10-31 14:00:00+00:00,0.003057538693925383
672,2023-10-31 15:00:00+00:00,0.05021214855812987
672,2023-10-31 16:00:00+00:00,0.6465690301306398
672,2023-10-31 17:00:00+00:00,0.5732184100344591
672,2023-10-31 18:00:00+00:00,0.6020327106469027
672,2023-10-31 19:00:00+00:00,0.48324555420892207
672,2023-10-31 20:00:00+00:00,0.4499434448498836
672,2023-10-31 21:00:00+00:00,0.3490115077413877
672,2023-10-31 22:00:00+00:00,0.3236887459537472
672,2023-10-31 23:00:00+00:00,0.34028184369763675
672,2023-11-01 00:00:00+00:00,0.1674581046141544
672,2023-11-01 01:00:00+00:00,0.18773651544149753
672,2023-11-01 02:00:00+00:00,0.19350338192157168
672,2023-11-01 03:00:00+00:00,0.05951917174503992
672,2023-11-01 04:00:00+00:00,0.05951917174503992
672,2023-11-01 05:00:00+00:00,0.06058875878197597
672,2023-11-01 06:00:00+00:00,0.29117741169642286
672,2023-11-01 07:00:00+00:00,0.29117741169642286
672,2023-11-01 08:00:00+00:00,0.36627018740137945
672,2023-11-01 09:00:00+00:00,0.29117741169642286
672,2023-11-01 10:00:00+00:00,0.6003571827339194
672,2023-11-01 11:00:00+00:00,1.66551300307862
672,2023-11-01 12:00:00+00:00,0.05021214855812987
672,2023-11-01 13:00:00+00:00,0.05021214855812987
672,2023-11-01 14:00:00+00:00,0.5121467238304659
672,2023-11-01 15:00:00+00:00,1.66551300307862
672,2023-11-01 16:00:00+00:00,0.6465690301306398
672,2023-11-01 17:00:00+00:00,0.6465690301306398
672,2023-11-01 18:00:00+00:00,0.5833448522660725
672,2023-11-01 19:00:00+00:00,0.504430813796109
672,2023-11-01 20:00:00+00:00,0.5144683814870092
672,2023-11-01 21:00:00+00:00,0.3155587556887464
672,2023-11-01 22:00:00+00:00,0.2767777050280148
672,2023-11-01 23:00:00+00:00,0.21911634403500108
672,2023-11-02 00:00:00+00:00,0.10313521889474299
672,2023-11-02 01:00:00+00:00,0.12282436685235186
672,2023-11-02 02:00:00+00:00,0.14392732076883052
672,2023-11-02 03:00:00+00:00,0.059602384454824624
672,2023-11-02 04:00:00+00:00,0.05890230129411532
672,2023-11-02 05:00:00+00:00,0.07171639658220923
672,2023-11-02 06:00:00+00:00,0.00042641327075198274
672,2023-11-02 07:00:00+00:00,6.335037522417899e-09
672,2023-11-02 08:00:00+00:00,0.0
672,2023-11-02 09:00:00+00:00,1.6559956452372584e-09
672,2023-11-02 10:00:00+00:00,0.0006967848100652941
672,2023-11-02 11:00:00+00:00,0.0006967848100652941
672,2023-11-02 12:00:00+00:00,0.0006967848100652941
672,2023-11-02 13:00:00+00:00,0.0006967848100652941
672,2023-11-02 14:00:00+00:00,0.0006967848100652941
672,2023-11-02 15:00:00+00:00,0.0013181177158637749
672,2023-11-02 16:00:00+00:00,0.0014687113980897505
672,2023-11-02 17:00:00+00:00,0.003383712437654574
672,2023-11-02 18:00:00+00:00,0.0014687113980897505
672,2023-11-02 19:00:00+00:00,0.0026248125757086568
672,2023-11-02 20:00:00+00:00,0.002131162154745321
672,2023-11-02 21:00:00+00:00,0.0016283179947544052
672,2023-11-02 22:00:00+00:00,0.001150530140651724
672,2023-11-02 23:00:00+00:00,0.0005564241710572546
672,2023-11-03 00:00:00+00:00,0.0002603353903904821
672,2023-11-03 01:00:00+00:00,0.0003544125997617547
672,2023-11-03 02:00:00+00:00,0.00044848980913302734
672,2023-11-03 03:00:00+00:00,0.000429812974002558
672,2023-11-03 04:00:00+00:00,0.0011717830056844293
672,2023-11-03 05:00:00+00:00,0.13263576159065285
672,2023-11-03 06:00:00+00:00,0.3946044725885809
672,2023-11-03 07:00:00+00:00,0.3946044725885809
672,2023-11-03 08:00:00+00:00,0.29117741169642286
672,2023-11-03 09:00:00+00:00,0.29117741169642286
672,2023-11-03 10:00:00+00:00,1.66551300307862
672,2023-11-03 11:00:00+00:00,1.66551300307862
672,2023-11-03 12:00:00+00:00,0.5121467238304659
672,2023-11-03 13:00:00+00:00,0.5121467238304659
672,2023-11-03 14:00:00+00:00,0.0013181177158637749
672,2023-11-03 15:00:00+00:00,0.0006967848100652941
672,2023-11-03 16:00:00+00:00,0.003383712437654574
672,2023-11-03 17:00:00+00:00,0.0014687113980897505
672,2023-11-03 18:00:00+00:00,0.003383712437654574
672,2023-11-03 19:00:00+00:00,0.00811933657331284
672,2023-11-03 20:00:00+00:00,0.008678787395039973
672,2023-11-03 21:00:00+00:00,0.030098277851216257
672,2023-11-03 22:00:00+00:00,0.28073056811286357
672,2023-11-03 23:00:00+00:00,0.3346245490840658
672,2023-11-04 00:00:00+00:00,0.25884644304338117
672,2023-11-04 01:00:00+00:00,0.2299144431873747
672,2023-11-04 02:00:00+00:00,0.2536611453338599
672,2023-11-04 03:00:00+00:00,0.0630118910125448
672,2023-11-04 04:00:00+00:00,0.060501823740775104
672,2023-11-04 05:00:00+00:00,0.05224988256542295
672,2023-11-04 06:00:00+00:00,0.33453824137607663
672,2023-11-04 07:00:00+00:00,0.34770853726691553
672,2023-11-04 08:00:00+00:00,0.4093620544689645
672,2023-11-04 09:00:00+00:00,0.4093620544689645
672,2023-11-04 10:00:00+00:00,0.5104695039224222
672,2023-11-04 11:00:00+00:00,0.6026352529227682
672,2023-11-04 12:00:00+00:00,1.66551300307862
672,2023-11-04 13:00:00+00:00,1.66551300307862
672,2023-11-04 14:00:00+00:00,1.66551300307862
672,2023-11-04 15:00:00+00:00,1.66551300307862
672,2023-11-04 16:00:00+00:00,1.741972199826812
672,2023-11-04 17:00:00+00:00,0.6465690301306398
672,2023-11-04 18:00:00+00:00,0.5732184100344591
672,2023-11-04 19:00:00+00:00,0.26584910343903323
672,2023-11-04 20:00:00+00:00,0.2854171120505082
672,2023-11-04 21:00:00+00:00,0.2952621134882606
672,2023-11-04 22:00:00+00:00,0.004458102337930982
672,2023-11-04 23:00:00+00:00,0.3209398787141353
672,2023-11-05 00:00:00+00:00,0.00010396538789944992
672,2023-11-05 01:00:00+00:00,0.0
672,2023-11-05 02:00:00+00:00,9.874964100962612e-21
672,2023-11-05 03:00:00+00:00,0.0
672,2023-11-05 04:00:00+00:00,0.0
672,2023-11-05 05:00:00+00:00,1.6699116203051663e-10
672,2023-11-05 06:00:00+00:00,0.0016850827526500036
672,2023-11-05 07:00:00+00:00,0.03117793525664562
672,2023-11-05 08:00:00+00:00,0.005880076040506432
672,2023-11-05 09:00:00+00:00,0.005880076040506432
672,2023-11-05 10:00:00+00:00,0.010039087220037865
672,2023-11-05 11:00:00+00:00,0.010039087220037865
672,2023-11-05 12:00:00+00:00,0.003057538693925383
672,2023-11-05 13:00:00+00:00,0.010039087220037865
672,2023-11-05 14:00:00+00:00,0.003057538693925383
672,2023-11-05 15:00:00+00:00,0.0013181177158637749
672,2023-11-05 16:00:00+00:00,0.0014687113980897505
672,2023-11-05 17:00:00+00:00,0.003383712437654574
672,2023-11-05 18:00:00+00:00,0.010871258353330455
672,2023-11-05 19:00:00+00:00,0.047866649411057
672,2023-11-05 20:00:00+00:00,0.4569015899392653
672,2023-11-05 21:00:00+00:00,1.0432122387014964
672,2023-11-05 22:00:00+00:00,0.9661300421741286
672,2023-11-05 23:00:00+00:00,0.4546729207146283
672,2023-11-06 00:00:00+00:00,0.2787744172630274
672,2023-11-06 01:00:00+00:00,0.10903173046052207
672,2023-11-06 02:00:00+00:00,0.4270935611286692
672,2023-11-06 03:00:00+00:00,0.040339804106511994
672,2023-11-06 04:00:00+00:00,0.040339804106511994
672,2023-11-06 05:00:00+00:00,0.000429812974002558
672,2023-11-06 06:00:00+00:00,0.03117793525664562
672,2023-11-06 07:00:00+00:00,0.03117793525664562
672,2023-11-06 08:00:00+00:00,0.03117793525664562
672,2023-11-06 09:00:00+00:00,0.03117793525664562
672,2023-11-06 10:00:00+00:00,0.010039087220037865
672,2023-11-06 11:00:00+00:00,0.05021214855812987
672,2023-11-06 12:00:00+00:00,0.05021214855812987
672,2023-11-06 13:00:00+00:00,0.05021214855812987
672,2023-11-06 14:00:00+00:00,0.010039087220037865
672,2023-11-06 15:00:00+00:00,0.010039087220037865
672,2023-11-06 16:00:00+00:00,0.010871258353330455
672,2023-11-06 17:00:00+00:00,0.05315906285094114
672,2023-11-06 18:00:00+00:00,0.05315906285094114
672,2023-11-06 19:00:00+00:00,0.5220201367641711
672,2023-11-06 20:00:00+00:00,0.03807127591599951
672,2023-11-06 21:00:00+00:00,0.25927188778877713
672,2023-11-06 22:00:00+00:00,0.01522412295654776
672,2023-11-06 23:00:00+00:00,0.12121671085357565
672,2023-11-07 00:00:00+00:00,0.007197533920001763
672,2023-11-07 01:00:00+00:00,0.10108072560044111
672,2023-11-07 02:00:00+00:00,0.010909387294616695
672,2023-11-07 03:00:00+00:00,0.004642119890675779
672,2023-11-07 04:00:00+00:00,0.004642119890675779
672,2023-11-07 05:00:00+00:00,0.040339804106511994
672,2023-11-07 06:00:00+00:00,1.0651764670575292
672,2023-11-07 07:00:00+00:00,0.36627018740137945
672,2023-11-07 08:00:00+00:00,0.3367101474470585
672,2023-11-07 09:00:00+00:00,1.0651764670575292
672,2023-11-07 10:00:00+00:00,0.010039087220037865
672,2023-11-07 11:00:00+00:00,0.003057538693925383
672,2023-11-07 12:00:00+00:00,0.010039087220037865
672,2023-11-07 13:00:00+00:00,0.003057538693925383
672,2023-11-07 14:00:00+00:00,0.003057538693925383
672,2023-11-07 15:00:00+00:00,0.003057538693925383
672,2023-11-07 16:00:00+00:00,0.003383712437654574
672,2023-11-07 17:00:00+00:00,0.003383712437654574
672,2023-11-07 18:00:00+00:00,0.003383712437654574
672,2023-11-07 19:00:00+00:00,0.04247072585536743
672,2023-11-07 20:00:00+00:00,0.5491258194394175
672,2023-11-07 21:00:00+00:00,0.291994434540132
672,2023-11-07 22:00:00+00:00,0.20534668560531677
672,2023-11-07 23:00:00+00:00,0.23194661107357756
672,2023-11-08 00:00:00+00:00,0.09040965640373626
672,2023-11-08 01:00:00+00:00,0.1020038916914115
672,2023-11-08 02:00:00+00:00,0.11593094518718546
672,2023-11-08 03:00:00+00:00,0.05951917174503992
672,2023-11-08 04:00:00+00:00,0.05964766126410503
672,2023-11-08 05:00:00+00:00,0.06131514847996277
672,2023-11-08 06:00:00+00:00,0.3367101474470585
672,2023-11-08 07:00:00+00:00,0.3367101474470585
672,2023-11-08 08:00:00+00:00,0.36627018740137945
672,2023-11-08 09:00:00+00:00,0.29117741169642286
672,2023-11-08 10:00:00+00:00,0.6178577753866092
672,2023-11-08 11:00:00+00:00,0.05021214855812987
672,2023-11-08 12:00:00+00:00,0.003057538693925383
672,2023-11-08 13:00:00+00:00,0.003057538693925383
672,2023-11-08 14:00:00+00:00,0.0013181177158637749
672,2023-11-08 15:00:00+00:00,0.0013181177158637749
672,2023-11-08 16:00:00+00:00,0.0007771147953549802
672,2023-11-08 17:00:00+00:00,0.003383712437654574
672,2023-11-08 18:00:00+00:00,0.010871258353330455
672,2023-11-08 19:00:00+00:00,0.22918606916688547
672,2023-11-08 20:00:00+00:00,0.7433286250350888
672,2023-11-08 21:00:00+00:00,0.30133496807492827
672,2023-11-08 22:00:00+00:00,0.30133496807492827
672,2023-11-08 23:00:00+00:00,0.2616718774372534
672,2023-11-09 00:00:00+00:00,0.0717185639961456
672,2023-11-09 01:00:00+00:00,0.04958326157734824
672,2023-11-09 02:00:00+00:00,0.04958326157734824
672,2023-11-09 03:00:00+00:00,0.13263576159065285
672,2023-11-09 04:00:00+00:00,0.04858919250700342
672,2023-11-09 05:00:00+00:00,0.04958326157734824
672,2023-11-09 06:00:00+00:00,0.29117741169642286
672,2023-11-09 07:00:00+00:00,0.3946044725885809
672,2023-11-09 08:00:00+00:00,0.29117741169642286
672,2023-11-09 09:00:00+00:00,1.0651764670575292
672,2023-11-09 10:00:00+00:00,1.66551300307862
672,2023-11-09 11:00:00+00:00,0.5121467238304659
672,2023-11-09 12:00:00+00:00,0.6178577753866092
672,2023-11-09 13:00:00+00:00,1.66551300307862
672,2023-11-09 14:00:00+00:00,1.66551300307862
672,2023-11-09 15:00:00+00:00,0.5121467238304659
672,2023-11-09 16:00:00+00:00,0.6465690301306398
672,2023-11-09 17:00:00+00:00,0.05315906285094114
672,2023-11-09 18:00:00+00:00,0.05315906285094114
672,2023-11-09 19:00:00+00:00,0.006465242906348754
672,2023-11-09 20:00:00+00:00,0.043672492984154994
672,2023-11-09 21:00:00+00:00,0.3131922364492829
672,2023-11-09 22:00:00+00:00,0.30923885012062674
672,2023-11-09 23:00:00+00:00,0.6815837023768181
672,2023-11-10 00:00:00+00:00,0.1090851863588979
672,2023-11-10 01:00:00+00:00,0.15367184076296442
672,2023-11-10 02:00:00+00:00,0.4779879030036526
672,2023-11-10 03:00:00+00:00,0.13263576159065285
672,2023-11-10 04:00:00+00:00,0.04958326157734824
672,2023-11-10 05:00:00+00:00,0.04858919250700342
672,2023-11-10 06:00:00+00:00,0.35077846253333167
672,2023-11-10 07:00:00+00:00,0.4676004284270963
672,2023-11-10 08:00:00+00:00,0.595718334711734
672,2023-11-10 09:00:00+00:00,0.00042641327075198274
672,2023-11-10 10:00:00+00:00,6.613929449272166e-20
672,2023-11-10 11:00:00+00:00,0.0
672,2023-11-10 12:00:00+00:00,0.0
672,2023-11-10 13:00:00+00:00,0.0
672,2023-11-10 14:00:00+00:00,2.5141446577689965e-09
672,2023-11-10 15:00:00+00:00,2.5141446577689965e-09
672,2023-11-10 16:00:00+00:00,2.5964419245673928e-09
672,2023-11-10 17:00:00+00:00,0.0014687113980897505
672,2023-11-10 18:00:00+00:00,0.0005070360896483769
672,2023-11-10 19:00:00+00:00,0.001241919959799111
672,2023-11-10 20:00:00+00:00,0.002643052025341317
672,2023-11-10 21:00:00+00:00,0.0016189095004485467
672,2023-11-10 22:00:00+00:00,0.0019513937133983905
672,2023-11-10 23:00:00+00:00,0.0015201036285230848
672,2023-11-11 00:00:00+00:00,0.0046992695133266675
672,2023-11-11 01:00:00+00:00,0.004886072232524922
672,2023-11-11 02:00:00+00:00,0.005078942816700579
672,2023-11-11 03:00:00+00:00,0.0011717830056844293
672,2023-11-11 04:00:00+00:00,0.000429812974002558
672,2023-11-11 05:00:00+00:00,0.00019530123701337046
672,2023-11-11 06:00:00+00:00,0.000711932719551825
672,2023-11-11 07:00:00+00:00,0.0016850827526500036
672,2023-11-11 08:00:00+00:00,0.0016850827526500036
672,2023-11-11 09:00:00+00:00,0.00037529110320892126
672,2023-11-11 10:00:00+00:00,0.00045458694888500517
672,2023-11-11 11:00:00+00:00,0.0006967848100652941
672,2023-11-11 12:00:00+00:00,0.003057538693925383
672,2023-11-11 13:00:00+00:00,0.010039087220037865
672,2023-11-11 14:00:00+00:00,2.5141446577689965e-09
672,2023-11-11 15:00:00+00:00,2.5141446577689965e-09
672,2023-11-11 16:00:00+00:00,0.19913899183071432
672,2023-11-11 17:00:00+00:00,0.6954361472097202
672,2023-11-11 18:00:00+00:00,0.5819750637944777
672,2023-11-11 19:00:00+00:00,0.4710985875418838
672,2023-11-11 20:00:00+00:00,0.44984303067344594
672,2023-11-11 21:00:00+00:00,0.39543792755050255
672,2023-11-11 22:00:00+00:00,0.28850085055558045
672,2023-11-11 23:00:00+00:00,0.2968376328767776
672,2023-11-12 00:00:00+00:00,0.2411152716032386
672,2023-11-12 01:00:00+00:00,0.24969280186696047
672,2023-11-12 02:00:00+00:00,0.257870708379538
672,2023-11-12 03:00:00+00:00,0.05890230129411532
672,2023-11-12 04:00:00+00:00,0.059602384454824624
672,2023-11-12 05:00:00+00:00,0.059602384454824624
672,2023-11-12 06:00:00+00:00,0.4093620544689645
672,2023-11-12 07:00:00+00:00,0.4093620544689645
672,2023-11-12 08:00:00+00:00,0.4093620544689645
672,2023-11-12 09:00:00+00:00,0.31778086798019217
672,2023-11-12 10:00:00+00:00,0.6514124794767375
672,2023-11-12 11:00:00+00:00,0.5406963378279531
672,2023-11-12 12:00:00+00:00,0.5581779567340897
672,2023-11-12 13:00:00+00:00,0.5581779567340897
672,2023-11-12 14:00:00+00:00,0.5923291894151325
672,2023-11-12 15:00:00+00:00,0.5923291894151325
672,2023-11-12 16:00:00+00:00,0.6341918757375351
672,2023-11-12 17:00:00+00:00,0.6465690301306398
672,2023-11-12 18:00:00+00:00,0.05315906285094114
672,2023-11-12 19:00:00+00:00,0.03574910778675112
672,2023-11-12 20:00:00+00:00,0.3224499376116281
672,2023-11-12 21:00:00+00:00,0.26532574080982946
672,2023-11-12 22:00:00+00:00,0.19815644671983448
672,2023-11-12 23:00:00+00:00,0.13016144597228482
672,2023-11-13 00:00:00+00:00,0.06516766253512891
672,2023-11-13 01:00:00+00:00,0.09499029393522325
672,2023-11-13 02:00:00+00:00,0.11041876881938537
672,2023-11-13 03:00:00+00:00,0.0630118910125448
672,2023-11-13 04:00:00+00:00,0.0630118910125448
672,2023-11-13 05:00:00+00:00,0.06058875878197597
672,2023-11-13 06:00:00+00:00,0.29117741169642286
672,2023-11-13 07:00:00+00:00,0.3946044725885809
672,2023-11-13 08:00:00+00:00,0.3283073893487601
672,2023-11-13 09:00:00+00:00,0.03117793525664562
672,2023-11-13 10:00:00+00:00,0.05021214855812987
672,2023-11-13 11:00:00+00:00,0.05021214855812987
672,2023-11-13 12:00:00+00:00,0.05021214855812987
672,2023-11-13 13:00:00+00:00,0.05021214855812987
672,2023-11-13 14:00:00+00:00,0.010039087220037865
672,2023-11-13 15:00:00+00:00,0.010039087220037865
672,2023-11-13 16:00:00+00:00,0.010871258353330455
672,2023-11-13 17:00:00+00:00,0.010871258353330455
672,2023-11-13 18:00:00+00:00,0.05315906285094114
672,2023-11-13 19:00:00+00:00,0.008795181228675569
672,2023-11-13 20:00:00+00:00,0.006793453485977768
672,2023-11-13 21:00:00+00:00,0.004062259193267082
672,2023-11-13 22:00:00+00:00,0.0019546230763300425
672,2023-11-13 23:00:00+00:00,0.016694955589720634
672,2023-11-14 00:00:00+00:00,0.007735019505926464
672,2023-11-14 01:00:00+00:00,0.09689712526411527
672,2023-11-14 02:00:00+00:00,0.11964505039614699
672,2023-11-14 03:00:00+00:00,0.040339804106511994
672,2023-11-14 04:00:00+00:00,0.004642119890675779
672,2023-11-14 05:00:00+00:00,0.040339804106511994
672,2023-11-14 06:00:00+00:00,0.3283073893487601
672,2023-11-14 07:00:00+00:00,0.3283073893487601
672,2023-11-14 08:00:00+00:00,0.3283073893487601
672,2023-11-14 09:00:00+00:00,0.3283073893487601
672,2023-11-14 10:00:00+00:00,0.5121467238304659
672,2023-11-14 11:00:00+00:00,0.5121467238304659
672,2023-11-14 12:00:00+00:00,0.010039087220037865
672,2023-11-14 13:00:00+00:00,0.05021214855812987
672,2023-11-14 14:00:00+00:00,0.010039087220037865
672,2023-11-14 15:00:00+00:00,0.010039087220037865
672,2023-11-14 16:00:00+00:00,0.010871258353330455
672,2023-11-14 17:00:00+00:00,0.010871258353330455
672,2023-11-14 18:00:00+00:00,0.010871258353330455
672,2023-11-14 19:00:00+00:00,0.009262625180348944
672,2023-11-14 20:00:00+00:00,0.0057781422430456175
672,2023-11-14 21:00:00+00:00,0.0035875209213931626
672,2023-11-14 22:00:00+00:00,0.004774812793437527
672,2023-11-14 23:00:00+00:00,0.00192748144450541
672,2023-11-15 00:00:00+00:00,0.010207901413217068
672,2023-11-15 01:00:00+00:00,0.011749226789912373
672,2023-11-15 02:00:00+00:00,0.00213878746222628
672,2023-11-15 03:00:00+00:00,0.0011717830056844293
672,2023-11-15 04:00:00+00:00,0.0011717830056844293
672,2023-11-15 05:00:00+00:00,0.0011717830056844293
672,2023-11-15 06:00:00+00:00,0.005880076040506432
672,2023-11-15 07:00:00+00:00,0.0016850827526500036
672,2023-11-15 08:00:00+00:00,0.0016850827526500036
672,2023-11-15 09:00:00+00:00,0.0016850827526500036
672,2023-11-15 10:00:00+00:00,0.003057538693925383
672,2023-11-15 11:00:00+00:00,0.003057538693925383
672,2023-11-15 12:00:00+00:00,0.003057538693925383
672,2023-11-15 13:00:00+00:00,0.003057538693925383
672,2023-11-15 14:00:00+00:00,0.003057538693925383
672,2023-11-15 15:00:00+00:00,0.003057538693925383
672,2023-11-15 16:00:00+00:00,0.003383712437654574
672,2023-11-15 17:00:00+00:00,0.010871258353330455
672,2023-11-15 18:00:00+00:00,0.003383712437654574
672,2023-11-15 19:00:00+00:00,0.0013647633821927477
672,2023-11-15 20:00:00+00:00,0.04718014774103414
672,2023-11-15 21:00:00+00:00,0.3152343411227132
672,2023-11-15 22:00:00+00:00,0.3182140963420713
672,2023-11-15 23:00:00+00:00,0.2423460039901836
672,2023-11-16 00:00:00+00:00,0.14207821155587255
672,2023-11-16 01:00:00+00:00,0.1682892850452186
672,2023-11-16 02:00:00+00:00,0.18585772382667268
672,2023-11-16 03:00:00+00:00,0.07494923104166902
672,2023-11-16 04:00:00+00:00,0.07494923104166902
672,2023-11-16 05:00:00+00:00,0.07171639658220923
672,2023-11-16 06:00:00+00:00,0.5765619757260005
672,2023-11-16 07:00:00+00:00,0.595718334711734
672,2023-11-16 08:00:00+00:00,0.5765619757260005
672,2023-11-16 09:00:00+00:00,0.013019013456228528
672,2023-11-16 10:00:00+00:00,0.000772906319917348
672,2023-11-16 11:00:00+00:00,0.003320292026803622
672,2023-11-16 12:00:00+00:00,0.000772906319917348
672,2023-11-16 13:00:00+00:00,9.617900134103151e-09
672,2023-11-16 14:00:00+00:00,0.00045458694888500517
672,2023-11-16 15:00:00+00:00,0.0006967848100652941
672,2023-11-16 16:00:00+00:00,0.010871258353330455
672,2023-11-16 17:00:00+00:00,0.010871258353330455
672,2023-11-16 18:00:00+00:00,0.010871258353330455
672,2023-11-16 19:00:00+00:00,0.04780918020171741
672,2023-11-16 20:00:00+00:00,0.5805187644003206
672,2023-11-16 21:00:00+00:00,0.30603925642383417
672,2023-11-16 22:00:00+00:00,0.24275202136730062
672,2023-11-16 23:00:00+00:00,0.25559113139761713
672,2023-11-17 00:00:00+00:00,0.18988375011339323
672,2023-11-17 01:00:00+00:00,0.40287009993325956
672,2023-11-17 02:00:00+00:00,0.01532150621616288
672,2023-11-17 03:00:00+00:00,0.040339804106511994
672,2023-11-17 04:00:00+00:00,0.040339804106511994
672,2023-11-17 05:00:00+00:00,0.0011717830056844293
672,2023-11-17 06:00:00+00:00,0.03117793525664562
672,2023-11-17 07:00:00+00:00,0.03117793525664562
672,2023-11-17 08:00:00+00:00,0.35077846253333167
672,2023-11-17 09:00:00+00:00,0.3270018293906042
672,2023-11-17 10:00:00+00:00,1.66551300307862
672,2023-11-17 11:00:00+00:00,0.5121467238304659
672,2023-11-17 12:00:00+00:00,0.5121467238304659
672,2023-11-17 13:00:00+00:00,0.05021214855812987
672,2023-11-17 14:00:00+00:00,0.5121467238304659
672,2023-11-17 15:00:00+00:00,1.66551300307862
672,2023-11-17 16:00:00+00:00,0.49477775297408
672,2023-11-17 17:00:00+00:00,0.49477775297408
672,2023-11-17 18:00:00+00:00,0.5732184100344591
672,2023-11-17 19:00:00+00:00,0.4822586973964723
672,2023-11-17 20:00:00+00:00,0.4393459089605638
672,2023-11-17 21:00:00+00:00,0.3529018429047354
672,2023-11-17 22:00:00+00:00,0.33811916290570515
672,2023-11-17 23:00:00+00:00,0.33014626721350204
672,2023-11-18 00:00:00+00:00,0.2853158719906615
672,2023-11-18 01:00:00+00:00,0.29679894342461677
672,2023-11-18 02:00:00+00:00,0.2994537255579083
672,2023-11-18 03:00:00+00:00,0.05951917174503992
672,2023-11-18 04:00:00+00:00,0.05951917174503992
672,2023-11-18 05:00:00+00:00,0.05951917174503992
672,2023-11-18 06:00:00+00:00,0.3270018293906042
672,2023-11-18 07:00:00+00:00,0.36627018740137945
672,2023-11-18 08:00:00+00:00,0.29117741169642286
672,2023-11-18 09:00:00+00:00,1.0651764670575292
672,2023-11-18 10:00:00+00:00,0.05021214855812987
672,2023-11-18 11:00:00+00:00,0.05021214855812987
672,2023-11-18 12:00:00+00:00,0.5121467238304659
672,2023-11-18 13:00:00+00:00,0.5121467238304659
672,2023-11-18 14:00:00+00:00,0.5121467238304659
672,2023-11-18 15:00:00+00:00,0.05021214855812987
672,2023-11-18 16:00:00+00:00,0.05315906285094114
672,2023-11-18 17:00:00+00:00,0.05315906285094114
672,2023-11-18 18:00:00+00:00,0.05315906285094114
672,2023-11-18 19:00:00+00:00,0.04038566694170215
672,2023-11-18 20:00:00+00:00,0.04080692054509561
672,2023-11-18 21:00:00+00:00,0.2977638844495085
672,2023-11-18 22:00:00+00:00,0.022139541241302907
672,2023-11-18 23:00:00+00:00,0.03380092297240113
672,2023-11-19 00:00:00+00:00,0.21140517214745855
672,2023-11-19 01:00:00+00:00,0.2251929837344183
672,2023-11-19 02:00:00+00:00,0.23898079532137803
672,2023-11-19 03:00:00+00:00,0.040339804106511994
672,2023-11-19 04:00:00+00:00,0.004642119890675779
672,2023-11-19 05:00:00+00:00,0.004642119890675779
672,2023-11-19 06:00:00+00:00,0.3283073893487601
672,2023-11-19 07:00:00+00:00,0.03117793525664562
672,2023-11-19 08:00:00+00:00,0.3283073893487601
672,2023-11-19 09:00:00+00:00,0.3283073893487601
672,2023-11-19 10:00:00+00:00,0.5121467238304659
672,2023-11-19 11:00:00+00:00,0.5121467238304659
672,2023-11-19 12:00:00+00:00,0.5121467238304659
672,2023-11-19 13:00:00+00:00,0.05021214855812987
672,2023-11-19 14:00:00+00:00,0.05021214855812987
672,2023-11-19 15:00:00+00:00,0.010039087220037865
672,2023-11-19 16:00:00+00:00,0.010871258353330455
672,2023-11-19 17:00:00+00:00,0.010871258353330455
672,2023-11-19 18:00:00+00:00,0.010871258353330455
672,2023-11-19 19:00:00+00:00,0.007477908657729831
672,2023-11-19 20:00:00+00:00,0.006599615657773985
672,2023-11-19 21:00:00+00:00,0.0035606168493069225
672,2023-11-19 22:00:00+00:00,0.0025974829134138987
672,2023-11-19 23:00:00+00:00,0.0013138565325073216
672,2023-11-20 00:00:00+00:00,0.0011885926980134077
672,2023-11-20 01:00:00+00:00,0.008978765225028487
672,2023-11-20 02:00:00+00:00,0.11917841434319972
672,2023-11-20 03:00:00+00:00,0.04958326157734824
672,2023-11-20 04:00:00+00:00,0.04858919250700342
672,2023-11-20 05:00:00+00:00,0.06058875878197597
672,2023-11-20 06:00:00+00:00,0.35077846253333167
672,2023-11-20 07:00:00+00:00,0.3946044725885809
672,2023-11-20 08:00:00+00:00,0.0
672,2023-11-20 09:00:00+00:00,0.00024478224130229247
672,2023-11-20 10:00:00+00:00,0.0013181177158637749
672,2023-11-20 11:00:00+00:00,0.0006967848100652941
672,2023-11-20 12:00:00+00:00,0.003057538693925383
672,2023-11-20 13:00:00+00:00,0.0013181177158637749
672,2023-11-20 14:00:00+00:00,0.003057538693925383
672,2023-11-20 15:00:00+00:00,0.003057538693925383
672,2023-11-20 16:00:00+00:00,0.003383712437654574
672,2023-11-20 17:00:00+00:00,0.0005070360896483769
672,2023-11-20 18:00:00+00:00,0.0005070360896483769
672,2023-11-20 19:00:00+00:00,0.0003409496156071749
672,2023-11-20 20:00:00+00:00,0.000616412018274095
672,2023-11-20 21:00:00+00:00,0.000582694033725976
672,2023-11-20 22:00:00+00:00,0.00014746918749058616
672,2023-11-20 23:00:00+00:00,0.00011364692768086487
672,2023-11-21 00:00:00+00:00,9.376601369550699e-05
672,2023-11-21 01:00:00+00:00,0.00012480328287664907
672,2023-11-21 02:00:00+00:00,0.0
672,2023-11-21 03:00:00+00:00,6.388273288231374e-10
672,2023-11-21 04:00:00+00:00,6.388273288231374e-10
672,2023-11-21 05:00:00+00:00,6.388273288231374e-10
672,2023-11-21 06:00:00+00:00,6.335037522417899e-09
672,2023-11-21 07:00:00+00:00,3.56134662759363e-20
672,2023-11-21 08:00:00+00:00,3.56134662759363e-20
672,2023-11-21 09:00:00+00:00,3.56134662759363e-20
672,2023-11-21 10:00:00+00:00,6.613929449272166e-20
672,2023-11-21 11:00:00+00:00,9.617900134103151e-09
672,2023-11-21 12:00:00+00:00,9.617900134103151e-09
672,2023-11-21 13:00:00+00:00,9.617900134103151e-09
672,2023-11-21 14:00:00+00:00,0.00010631842625157652
672,2023-11-21 15:00:00+00:00,9.617900134103151e-09
672,2023-11-21 16:00:00+00:00,9.932729627804442e-09
672,2023-11-21 17:00:00+00:00,9.932729627804442e-09
672,2023-11-21 18:00:00+00:00,7.377075154226915e-20
672,2023-11-21 19:00:00+00:00,6.486738499280046e-20
672,2023-11-21 20:00:00+00:00,3.69114595855356e-05
672,2023-11-21 21:00:00+00:00,3.8873105645853284e-05
672,2023-11-21 22:00:00+00:00,2.660783189741676e-05
672,2023-11-21 23:00:00+00:00,2.8619485267585635e-05
672,2023-11-22 00:00:00+00:00,0.0
672,2023-11-22 01:00:00+00:00,2.0607625953933358e-05
672,2023-11-22 02:00:00+00:00,0.4321941147412589
672,2023-11-22 03:00:00+00:00,0.040339804106511994
672,2023-11-22 04:00:00+00:00,0.13263576159065285
672,2023-11-22 05:00:00+00:00,0.004642119890675779
672,2023-11-22 06:00:00+00:00,0.29117741169642286
672,2023-11-22 07:00:00+00:00,0.3270018293906042
672,2023-11-22 08:00:00+00:00,0.3283073893487601
672,2023-11-22 09:00:00+00:00,0.3283073893487601
672,2023-11-22 10:00:00+00:00,0.05021214855812987
672,2023-11-22 11:00:00+00:00,0.010039087220037865
672,2023-11-22 12:00:00+00:00,0.010039087220037865
672,2023-11-22 13:00:00+00:00,0.010039087220037865
672,2023-11-22 14:00:00+00:00,0.003057538693925383
672,2023-11-22 15:00:00+00:00,0.010039087220037865
672,2023-11-22 16:00:00+00:00,0.003383712437654574
672,2023-11-22 17:00:00+00:00,0.010871258353330455
672,2023-11-22 18:00:00+00:00,0.010871258353330455
672,2023-11-22 19:00:00+00:00,0.006876201127089143
672,2023-11-22 20:00:00+00:00,0.042607198269026154
672,2023-11-22 21:00:00+00:00,0.9348349422233263
672,2023-11-22 22:00:00+00:00,0.003637290296067373
672,2023-11-22 23:00:00+00:00,0.0038876138546519064
672,2023-11-23 00:00:00+00:00,0.003524864701184995
672,2023-11-23 01:00:00+00:00,0.0035781867155981776
672,2023-11-23 02:00:00+00:00,0.0036315087300113607
672,2023-11-23 03:00:00+00:00,0.0006845815364531599
672,2023-11-23 04:00:00+00:00,0.000429812974002558
672,2023-11-23 05:00:00+00:00,0.0011717830056844293
672,2023-11-23 06:00:00+00:00,0.005880076040506432
672,2023-11-23 07:00:00+00:00,0.0016850827526500036
672,2023-11-23 08:00:00+00:00,0.0016850827526500036
672,2023-11-23 09:00:00+00:00,0.03117793525664562
672,2023-11-23 10:00:00+00:00,0.003057538693925383
672,2023-11-23 11:00:00+00:00,0.003057538693925383
672,2023-11-23 12:00:00+00:00,0.010039087220037865
672,2023-11-23 13:00:00+00:00,0.05021214855812987
672,2023-11-23 14:00:00+00:00,0.05021214855812987
672,2023-11-23 15:00:00+00:00,0.05021214855812987
672,2023-11-23 16:00:00+00:00,0.010871258353330455
672,2023-11-23 17:00:00+00:00,0.05315906285094114
672,2023-11-23 18:00:00+00:00,0.05315906285094114
672,2023-11-23 19:00:00+00:00,0.0014511735013841482
672,2023-11-23 20:00:00+00:00,0.000956317957320865
672,2023-11-23 21:00:00+00:00,0.006054169179359042
672,2023-11-23 22:00:00+00:00,0.0036955417987459735
672,2023-11-23 23:00:00+00:00,0.001435162906100994
672,2023-11-24 00:00:00+00:00,0.0002678652298723522
672,2023-11-24 01:00:00+00:00,0.0001771368996277801
672,2023-11-24 02:00:00+00:00,0.0005183487722884291
672,2023-11-24 03:00:00+00:00,0.00019530123701337046
672,2023-11-24 04:00:00+00:00,0.00010396538789944992
672,2023-11-24 05:00:00+00:00,0.00010396538789944992
672,2023-11-24 06:00:00+00:00,0.000711932719551825
672,2023-11-24 07:00:00+00:00,0.000711932719551825
672,2023-11-24 08:00:00+00:00,0.00037529110320892126
672,2023-11-24 09:00:00+00:00,1.1137869477791866e-50
672,2023-11-24 10:00:00+00:00,2.5141446577689965e-09
672,2023-11-24 11:00:00+00:00,2.5141446577689965e-09
672,2023-11-24 12:00:00+00:00,0.00010631842625157652
672,2023-11-24 13:00:00+00:00,9.617900134103151e-09
672,2023-11-24 14:00:00+00:00,0.00025213518112704024
672,2023-11-24 15:00:00+00:00,9.617900134103151e-09
672,2023-11-24 16:00:00+00:00,9.932729627804442e-09
672,2023-11-24 17:00:00+00:00,9.932729627804442e-09
672,2023-11-24 18:00:00+00:00,0.0014687113980897505
672,2023-11-24 19:00:00+00:00,3.1797737776933724e-20
672,2023-11-24 20:00:00+00:00,2.561304182225368e-09
672,2023-11-24 21:00:00+00:00,0.0
672,2023-11-24 22:00:00+00:00,4.971614430094781e-09
672,2023-11-24 23:00:00+00:00,9.54674526667874e-51
672,2023-11-25 00:00:00+00:00,9.54674526667874e-51
672,2023-11-25 01:00:00+00:00,5.03559578254793e-05
672,2023-11-25 02:00:00+00:00,0.0003384893358045601
672,2023-11-25 03:00:00+00:00,0.00019530123701337046
672,2023-11-25 04:00:00+00:00,0.00010396538789944992
672,2023-11-25 05:00:00+00:00,0.04858919250700342
672,2023-11-25 06:00:00+00:00,0.4676004284270963
672,2023-11-25 07:00:00+00:00,1.0651764670575292
672,2023-11-25 08:00:00+00:00,0.3769439823833631
672,2023-11-25 09:00:00+00:00,1.0651764670575292
672,2023-11-25 10:00:00+00:00,0.6178577753866092
672,2023-11-25 11:00:00+00:00,0.585287700876989
672,2023-11-25 12:00:00+00:00,0.0006967848100652941
672,2023-11-25 13:00:00+00:00,0.00045458694888500517
672,2023-11-25 14:00:00+00:00,0.0013181177158637749
672,2023-11-25 15:00:00+00:00,0.00045458694888500517
672,2023-11-25 16:00:00+00:00,0.003383712437654574
672,2023-11-25 17:00:00+00:00,0.010871258353330455
672,2023-11-25 18:00:00+00:00,0.05315906285094114
672,2023-11-25 19:00:00+00:00,0.02961906975390305
672,2023-11-25 20:00:00+00:00,0.3551736876120351
672,2023-11-25 21:00:00+00:00,0.3218759903383834
672,2023-11-25 22:00:00+00:00,0.29780737180778416
672,2023-11-25 23:00:00+00:00,0.7839862654247051
672,2023-11-26 00:00:00+00:00,0.2786424137463894
672,2023-11-26 01:00:00+00:00,0.28069893351107567
672,2023-11-26 02:00:00+00:00,0.2985815438299086
672,2023-11-26 03:00:00+00:00,0.05224988256542295
672,2023-11-26 04:00:00+00:00,0.059602384454824624
672,2023-11-26 05:00:00+00:00,0.060501823740775104
672,2023-11-26 06:00:00+00:00,0.31778086798019217
672,2023-11-26 07:00:00+00:00,0.33453824137607663
672,2023-11-26 08:00:00+00:00,0.34770853726691553
672,2023-11-26 09:00:00+00:00,0.31778086798019217
672,2023-11-26 10:00:00+00:00,0.5406963378279531
672,2023-11-26 11:00:00+00:00,0.5923291894151325
672,2023-11-26 12:00:00+00:00,0.585287700876989
672,2023-11-26 13:00:00+00:00,0.5406963378279531
672,2023-11-26 14:00:00+00:00,0.5923291894151325
672,2023-11-26 15:00:00+00:00,0.5406963378279531
672,2023-11-26 16:00:00+00:00,0.5488954646547161
672,2023-11-26 17:00:00+00:00,0.5488954646547161
672,2023-11-26 18:00:00+00:00,0.5819750637944777
672,2023-11-26 19:00:00+00:00,0.4646354035993319
672,2023-11-26 20:00:00+00:00,0.3786731135051182
672,2023-11-26 21:00:00+00:00,0.230269378413944
672,2023-11-26 22:00:00+00:00,0.0021148147130220364
672,2023-11-26 23:00:00+00:00,0.12639489239818988
672,2023-11-27 00:00:00+00:00,0.007278996202250287
672,2023-11-27 01:00:00+00:00,0.009765443036634224
672,2023-11-27 02:00:00+00:00,0.0017834237984778768
672,2023-11-27 03:00:00+00:00,0.004642119890675779
672,2023-11-27 04:00:00+00:00,0.004642119890675779
672,2023-11-27 05:00:00+00:00,0.0011717830056844293
672,2023-11-27 06:00:00+00:00,0.005880076040506432
672,2023-11-27 07:00:00+00:00,0.005880076040506432
672,2023-11-27 08:00:00+00:00,0.0016850827526500036
672,2023-11-27 09:00:00+00:00,0.0016850827526500036
672,2023-11-27 10:00:00+00:00,0.010039087220037865
672,2023-11-27 11:00:00+00:00,0.010039087220037865
672,2023-11-27 12:00:00+00:00,0.003057538693925383
672,2023-11-27 13:00:00+00:00,0.0006967848100652941
672,2023-11-27 14:00:00+00:00,6.613929449272166e-20
672,2023-11-27 15:00:00+00:00,0.003320292026803622
672,2023-11-27 16:00:00+00:00,0.0008550521151967631
672,2023-11-27 17:00:00+00:00,0.0002808812183874496
672,2023-11-27 18:00:00+00:00,9.932729627804442e-09
672,2023-11-27 19:00:00+00:00,7.885838957376748e-20
672,2023-11-27 20:00:00+00:00,7.739866094495231e-09
672,2023-11-27 21:00:00+00:00,0.0
672,2023-11-27 22:00:00+00:00,0.0
672,2023-11-27 23:00:00+00:00,1.653482362880633e-20
672,2023-11-28 00:00:00+00:00,1.0175276074599123e-20
672,2023-11-28 01:00:00+00:00,1.839897384197052e-09
672,2023-11-28 02:00:00+00:00,2.3311593229930934e-09
672,2023-11-28 03:00:00+00:00,1.585856219484066e-05
672,2023-11-28 04:00:00+00:00,0.0003898323009319339
672,2023-11-28 05:00:00+00:00,1.585856219484066e-05
672,2023-11-28 06:00:00+00:00,0.0
672,2023-11-28 07:00:00+00:00,5.727067414324113e-05
672,2023-11-28 08:00:00+00:00,0.00042641327075198274
672,2023-11-28 09:00:00+00:00,0.00013626903406750303
672,2023-11-28 10:00:00+00:00,0.00025213518112704024
672,2023-11-28 11:00:00+00:00,0.02099074249146612
672,2023-11-28 12:00:00+00:00,0.18990464527181505
672,2023-11-28 13:00:00+00:00,0.00025213518112704024
672,2023-11-28 14:00:00+00:00,0.00045458694888500517
672,2023-11-28 15:00:00+00:00,0.0006967848100652941
672,2023-11-28 16:00:00+00:00,0.0007771147953549802
672,2023-11-28 17:00:00+00:00,0.003383712437654574
672,2023-11-28 18:00:00+00:00,0.05315906285094114
672,2023-11-28 19:00:00+00:00,0.5513545199346177
672,2023-11-28 20:00:00+00:00,0.4929024526083468
672,2023-11-28 21:00:00+00:00,0.8043896230165448
672,2023-11-28 22:00:00+00:00,0.20264547670139893
672,2023-11-28 23:00:00+00:00,0.16003618898021046
672,2023-11-29 00:00:00+00:00,0.10941642152689189
672,2023-11-29 01:00:00+00:00,0.27956691821619206
672,2023-11-29 02:00:00+00:00,0.11688568706344951
672,2023-11-29 03:00:00+00:00,0.05224988256542295
672,2023-11-29 04:00:00+00:00,0.0019506405250197078
672,2023-11-29 05:00:00+00:00,0.13263576159065285
672,2023-11-29 06:00:00+00:00,0.34770853726691553
672,2023-11-29 07:00:00+00:00,0.3270018293906042
672,2023-11-29 08:00:00+00:00,1.0651764670575292
672,2023-11-29 09:00:00+00:00,0.00042641327075198274
672,2023-11-29 10:00:00+00:00,0.9011508224280574
672,2023-11-29 11:00:00+00:00,0.9321703794335534
672,2023-11-29 12:00:00+00:00,0.9011508224280574
672,2023-11-29 13:00:00+00:00,0.003320292026803622
672,2023-11-29 14:00:00+00:00,0.02099074249146612
672,2023-11-29 15:00:00+00:00,0.02099074249146612
672,2023-11-29 16:00:00+00:00,0.0035977958651188515
672,2023-11-29 17:00:00+00:00,0.0222326979974537
672,2023-11-29 18:00:00+00:00,0.0035977958651188515
672,2023-11-29 19:00:00+00:00,0.011403238135578406
672,2023-11-29 20:00:00+00:00,0.06513011902614746
672,2023-11-29 21:00:00+00:00,0.10112080808326097
672,2023-11-29 22:00:00+00:00,0.11879702883335037
672,2023-11-29 23:00:00+00:00,0.25474483405838205
672,2023-11-30 00:00:00+00:00,0.0003841426854762565
672,2023-11-30 01:00:00+00:00,0.0005375182149487121
672,2023-11-30 02:00:00+00:00,0.0006086182906033688
672,2023-11-30 03:00:00+00:00,0.0003898323009319339
672,2023-11-30 04:00:00+00:00,0.00010834358678704776
672,2023-11-30 05:00:00+00:00,0.0003898323009319339
672,2023-11-30 06:00:00+00:00,0.013019013456228528
672,2023-11-30 07:00:00+00:00,0.0019414473253949575
672,2023-11-30 08:00:00+00:00,0.0019414473253949575
672,2023-11-30 09:00:00+00:00,0.013019013456228528
672,2023-11-30 10:00:00+00:00,0.02099074249146612
672,2023-11-30 11:00:00+00:00,0.02099074249146612
672,2023-11-30 12:00:00+00:00,0.02099074249146612
672,2023-11-30 13:00:00+00:00,0.02099074249146612
672,2023-11-30 14:00:00+00:00,0.02099074249146612
672,2023-11-30 15:00:00+00:00,0.003320292026803622
672,2023-11-30 16:00:00+00:00,0.0035977958651188515
672,2023-11-30 17:00:00+00:00,0.0222326979974537
672,2023-11-30 18:00:00+00:00,0.0035977958651188515
672,2023-11-30 19:00:00+00:00,0.0032982777454529134
672,2023-11-30 20:00:00+00:00,0.0028787171242919984
672,2023-11-30 21:00:00+00:00,0.0021490184144441287
672,2023-11-30 22:00:00+00:00,0.0017932575318355861
672,2023-11-30 23:00:00+00:00,0.0008206883338861022
672,2023-12-01 00:00:00+00:00,0.0005248493342553718
672,2023-12-01 01:00:00+00:00,0.0006766071324681846
672,2023-12-01 02:00:00+00:00,0.005456883061880462
672,2023-12-01 03:00:00+00:00,0.0003898323009319339
672,2023-12-01 04:00:00+00:00,0.0019506405250197078
672,2023-12-01 05:00:00+00:00,0.0019506405250197078
672,2023-12-01 06:00:00+00:00,0.0019414473253949575
672,2023-12-01 07:00:00+00:00,0.0019414473253949575
672,2023-12-01 08:00:00+00:00,0.0019414473253949575
672,2023-12-01 09:00:00+00:00,0.0019414473253949575
672,2023-12-01 10:00:00+00:00,0.003320292026803622
672,2023-12-01 11:00:00+00:00,0.003320292026803622
672,2023-12-01 12:00:00+00:00,0.003320292026803622
672,2023-12-01 13:00:00+00:00,0.00025213518112704024
672,2023-12-01 14:00:00+00:00,0.02099074249146612
672,2023-12-01 15:00:00+00:00,0.003320292026803622
672,2023-12-01 16:00:00+00:00,0.00011857061085750868
672,2023-12-01 17:00:00+00:00,0.0222326979974537
672,2023-12-01 18:00:00+00:00,0.19913899183071432
672,2023-12-01 19:00:00+00:00,0.02042449245345566
672,2023-12-01 20:00:00+00:00,0.0001332102369871764
672,2023-12-01 21:00:00+00:00,0.00014087474377787878
672,2023-12-01 22:00:00+00:00,7.968670260635174e-05
672,2023-12-01 23:00:00+00:00,9.193144883877181e-05
672,2023-12-02 00:00:00+00:00,0.09920764314872389
672,2023-12-02 01:00:00+00:00,0.2752789162433594
672,2023-12-02 02:00:00+00:00,0.4978804626464489
672,2023-12-02 03:00:00+00:00,0.00010834358678704776
672,2023-12-02 04:00:00+00:00,3.7297718786197404e-05
672,2023-12-02 05:00:00+00:00,0.0003898323009319339
672,2023-12-02 06:00:00+00:00,0.595718334711734
672,2023-12-02 07:00:00+00:00,0.369972839763395
672,2023-12-02 08:00:00+00:00,0.33453824137607663
672,2023-12-02 09:00:00+00:00,0.35077846253333167
672,2023-12-02 10:00:00+00:00,0.4687461208600571
672,2023-12-02 11:00:00+00:00,0.5619492820401873
672,2023-12-02 12:00:00+00:00,0.6026352529227682
672,2023-12-02 13:00:00+00:00,0.010039087220037865
672,2023-12-02 14:00:00+00:00,0.531369744292961
672,2023-12-02 15:00:00+00:00,0.5923291894151325
672,2023-12-02 16:00:00+00:00,0.5989247422615076
672,2023-12-02 17:00:00+00:00,0.5989247422615076
672,2023-12-02 18:00:00+00:00,0.6341918757375351
672,2023-12-02 19:00:00+00:00,0.44211228751656123
672,2023-12-02 20:00:00+00:00,0.465004209649946
672,2023-12-02 21:00:00+00:00,0.31080727392876023
672,2023-12-02 22:00:00+00:00,0.28896952458781355
672,2023-12-02 23:00:00+00:00,0.3323013380417523
672,2023-12-03 00:00:00+00:00,0.3957628279253981
672,2023-12-03 01:00:00+00:00,0.403880117618032
672,2023-12-03 02:00:00+00:00,0.39868637981532656
672,2023-12-03 03:00:00+00:00,0.06131514847996277
672,2023-12-03 04:00:00+00:00,0.0630118910125448
672,2023-12-03 05:00:00+00:00,0.060501823740775104
672,2023-12-03 06:00:00+00:00,0.3769439823833631
672,2023-12-03 07:00:00+00:00,0.3769439823833631
672,2023-12-03 08:00:00+00:00,0.34770853726691553
672,2023-12-03 09:00:00+00:00,0.31778086798019217
672,2023-12-03 10:00:00+00:00,0.5104695039224222
672,2023-12-03 11:00:00+00:00,0.5406963378279531
672,2023-12-03 12:00:00+00:00,0.5923291894151325
672,2023-12-03 13:00:00+00:00,0.5619492820401873
672,2023-12-03 14:00:00+00:00,0.6178577753866092
672,2023-12-03 15:00:00+00:00,1.66551300307862
672,2023-12-03 16:00:00+00:00,0.6442218849425374
672,2023-12-03 17:00:00+00:00,0.5819750637944777
672,2023-12-03 18:00:00+00:00,0.5819750637944777
672,2023-12-03 19:00:00+00:00,0.5388617345111365
672,2023-12-03 20:00:00+00:00,0.38881543150765807
672,2023-12-03 21:00:00+00:00,0.2680582741637367
672,2023-12-03 22:00:00+00:00,0.20086469716891495
672,2023-12-03 23:00:00+00:00,0.16832078804018688
672,2023-12-04 00:00:00+00:00,0.09692914828910747
672,2023-12-04 01:00:00+00:00,0.12019128082825331
672,2023-12-04 02:00:00+00:00,0.14165655075766911
672,2023-12-04 03:00:00+00:00,0.06022759455334363
672,2023-12-04 04:00:00+00:00,0.06353107849132372
672,2023-12-04 05:00:00+00:00,0.06131514847996277
672,2023-12-04 06:00:00+00:00,0.369972839763395
672,2023-12-04 07:00:00+00:00,0.34770853726691553
672,2023-12-04 08:00:00+00:00,0.31778086798019217
672,2023-12-04 09:00:00+00:00,0.34770853726691553
672,2023-12-04 10:00:00+00:00,9.617900134103151e-09
672,2023-12-04 11:00:00+00:00,0.00010631842625157652
672,2023-12-04 12:00:00+00:00,9.617900134103151e-09
672,2023-12-04 13:00:00+00:00,9.617900134103151e-09
672,2023-12-04 14:00:00+00:00,6.613929449272166e-20
672,2023-12-04 15:00:00+00:00,6.613929449272166e-20
672,2023-12-04 16:00:00+00:00,7.377075154226915e-20
672,2023-12-04 17:00:00+00:00,7.377075154226915e-20
672,2023-12-04 18:00:00+00:00,0.0
672,2023-12-04 19:00:00+00:00,0.0
672,2023-12-04 20:00:00+00:00,0.0
672,2023-12-04 21:00:00+00:00,0.0
672,2023-12-04 22:00:00+00:00,0.0
672,2023-12-04 23:00:00+00:00,0.0
672,2023-12-05 00:00:00+00:00,4.731416257552518e-10
672,2023-12-05 01:00:00+00:00,8.75118316112218e-51
672,2023-12-05 02:00:00+00:00,8.75118316112218e-51
672,2023-12-05 03:00:00+00:00,0.00010396538789944992
672,2023-12-05 04:00:00+00:00,0.00010396538789944992
672,2023-12-05 05:00:00+00:00,6.786914840147566e-05
672,2023-12-05 06:00:00+00:00,1.1137869477791866e-50
672,2023-12-05 07:00:00+00:00,3.56134662759363e-20
672,2023-12-05 08:00:00+00:00,1.1137869477791866e-50
672,2023-12-05 09:00:00+00:00,3.56134662759363e-20
672,2023-12-05 10:00:00+00:00,6.613929449272166e-20
672,2023-12-05 11:00:00+00:00,9.617900134103151e-09
672,2023-12-05 12:00:00+00:00,9.617900134103151e-09
672,2023-12-05 13:00:00+00:00,0.0
672,2023-12-05 14:00:00+00:00,9.617900134103151e-09
672,2023-12-05 15:00:00+00:00,0.0
672,2023-12-05 16:00:00+00:00,0.0
672,2023-12-05 17:00:00+00:00,9.932729627804442e-09
672,2023-12-05 18:00:00+00:00,0.00011857061085750868
672,2023-12-05 19:00:00+00:00,0.0
672,2023-12-05 20:00:00+00:00,0.0
672,2023-12-05 21:00:00+00:00,4.791204857825043e-09
672,2023-12-05 22:00:00+00:00,9.748327012764377e-05
672,2023-12-05 23:00:00+00:00,4.190825464696624e-09
672,2023-12-06 00:00:00+00:00,0.0
672,2023-12-06 01:00:00+00:00,1.1982726437057674e-20
672,2023-12-06 02:00:00+00:00,2.699138787404203e-09
672,2023-12-06 03:00:00+00:00,3.08832789587582e-51
672,2023-12-06 04:00:00+00:00,0.07494923104166902
672,2023-12-06 05:00:00+00:00,0.060501823740775104
672,2023-12-06 06:00:00+00:00,0.00024478224130229247
672,2023-12-06 07:00:00+00:00,0.4093620544689645
672,2023-12-06 08:00:00+00:00,0.34770853726691553
672,2023-12-06 09:00:00+00:00,0.34770853726691553
672,2023-12-06 10:00:00+00:00,0.6514124794767375
672,2023-12-06 11:00:00+00:00,0.5406963378279531
672,2023-12-06 12:00:00+00:00,0.5406963378279531
672,2023-12-06 13:00:00+00:00,0.5581779567340897
672,2023-12-06 14:00:00+00:00,0.5406963378279531
672,2023-12-06 15:00:00+00:00,0.5406963378279531
672,2023-12-06 16:00:00+00:00,0.5819750637944777
672,2023-12-06 17:00:00+00:00,0.5819750637944777
672,2023-12-06 18:00:00+00:00,0.5819750637944777
672,2023-12-06 19:00:00+00:00,0.40493931480506273
672,2023-12-06 20:00:00+00:00,0.4390008305631824
672,2023-12-06 21:00:00+00:00,0.3521015482006893
672,2023-12-06 22:00:00+00:00,0.34139536436052986
672,2023-12-06 23:00:00+00:00,0.2587919519252501
672,2023-12-07 00:00:00+00:00,0.17660849132831913
672,2023-12-07 01:00:00+00:00,0.17922708802899093
672,2023-12-07 02:00:00+00:00,0.18184568472966273
672,2023-12-07 03:00:00+00:00,0.06022759455334363
672,2023-12-07 04:00:00+00:00,0.0630118910125448
672,2023-12-07 05:00:00+00:00,0.0630118910125448
672,2023-12-07 06:00:00+00:00,0.3769439823833631
672,2023-12-07 07:00:00+00:00,0.3769439823833631
672,2023-12-07 08:00:00+00:00,0.3769439823833631
672,2023-12-07 09:00:00+00:00,0.3769439823833631
672,2023-12-07 10:00:00+00:00,0.6026352529227682
672,2023-12-07 11:00:00+00:00,0.5923291894151325
672,2023-12-07 12:00:00+00:00,0.6026352529227682
672,2023-12-07 13:00:00+00:00,0.6026352529227682
672,2023-12-07 14:00:00+00:00,0.6026352529227682
672,2023-12-07 15:00:00+00:00,0.5923291894151325
672,2023-12-07 16:00:00+00:00,0.6442218849425374
672,2023-12-07 17:00:00+00:00,0.6442218849425374
672,2023-12-07 18:00:00+00:00,0.6020327106469027
672,2023-12-07 19:00:00+00:00,0.26584910343903323
672,2023-12-07 20:00:00+00:00,0.2616718774372534
672,2023-12-07 21:00:00+00:00,0.22918606916688547
672,2023-12-07 22:00:00+00:00,0.22918606916688547
672,2023-12-07 23:00:00+00:00,0.2301438829586739
672,2023-12-08 00:00:00+00:00,0.0717185639961456
672,2023-12-08 01:00:00+00:00,0.0717185639961456
672,2023-12-08 02:00:00+00:00,0.0630118910125448
672,2023-12-08 03:00:00+00:00,0.0717185639961456
672,2023-12-08 04:00:00+00:00,0.04858919250700342
672,2023-12-08 05:00:00+00:00,0.0717185639961456
672,2023-12-08 06:00:00+00:00,0.29117741169642286
672,2023-12-08 07:00:00+00:00,0.29117741169642286
672,2023-12-08 08:00:00+00:00,0.29117741169642286
672,2023-12-08 09:00:00+00:00,0.29117741169642286
672,2023-12-08 10:00:00+00:00,0.6178577753866092
672,2023-12-08 11:00:00+00:00,0.6178577753866092
672,2023-12-08 12:00:00+00:00,1.66551300307862
672,2023-12-08 13:00:00+00:00,0.5121467238304659
672,2023-12-08 14:00:00+00:00,1.66551300307862
672,2023-12-08 15:00:00+00:00,1.66551300307862
672,2023-12-08 16:00:00+00:00,0.5352000872667318
672,2023-12-08 17:00:00+00:00,0.49477775297408
672,2023-12-08 18:00:00+00:00,1.741972199826812
672,2023-12-08 19:00:00+00:00,0.2756892757975226
672,2023-12-08 20:00:00+00:00,0.2301438829586739
672,2023-12-08 21:00:00+00:00,0.2756892757975226
672,2023-12-08 22:00:00+00:00,0.2756892757975226
672,2023-12-08 23:00:00+00:00,0.2756892757975226
672,2023-12-09 00:00:00+00:00,0.04858919250700342
672,2023-12-09 01:00:00+00:00,0.04958326157734824
672,2023-12-09 02:00:00+00:00,0.06058875878197597
672,2023-12-09 03:00:00+00:00,0.05964766126410503
672,2023-12-09 04:00:00+00:00,0.06131514847996277
672,2023-12-09 05:00:00+00:00,0.06353107849132372
672,2023-12-09 06:00:00+00:00,0.3769439823833631
672,2023-12-09 07:00:00+00:00,0.3769439823833631
672,2023-12-09 08:00:00+00:00,0.35077846253333167
672,2023-12-09 09:00:00+00:00,0.29117741169642286
672,2023-12-09 10:00:00+00:00,0.05021214855812987
672,2023-12-09 11:00:00+00:00,0.010039087220037865
672,2023-12-09 12:00:00+00:00,0.010039087220037865
672,2023-12-09 13:00:00+00:00,0.010039087220037865
672,2023-12-09 14:00:00+00:00,0.003057538693925383
672,2023-12-09 15:00:00+00:00,0.010039087220037865
672,2023-12-09 16:00:00+00:00,0.003383712437654574
672,2023-12-09 17:00:00+00:00,0.003383712437654574
672,2023-12-09 18:00:00+00:00,0.003383712437654574
672,2023-12-09 19:00:00+00:00,0.0013538203445140518
672,2023-12-09 20:00:00+00:00,0.0013538203445140518
672,2023-12-09 21:00:00+00:00,0.0013538203445140518
672,2023-12-09 22:00:00+00:00,0.0013538203445140518
672,2023-12-09 23:00:00+00:00,0.0013538203445140518
672,2023-12-10 00:00:00+00:00,0.0011717830056844293
672,2023-12-10 01:00:00+00:00,0.000429812974002558
672,2023-12-10 02:00:00+00:00,0.0011717830056844293
672,2023-12-10 03:00:00+00:00,0.000429812974002558
672,2023-12-10 04:00:00+00:00,0.0011717830056844293
672,2023-12-10 05:00:00+00:00,0.0011717830056844293
672,2023-12-10 06:00:00+00:00,1.0651764670575292
672,2023-12-10 07:00:00+00:00,0.29117741169642286
672,2023-12-10 08:00:00+00:00,0.3367101474470585
672,2023-12-10 09:00:00+00:00,0.36630372356134444
672,2023-12-10 10:00:00+00:00,0.585287700876989
672,2023-12-10 11:00:00+00:00,0.5619492820401873
672,2023-12-10 12:00:00+00:00,0.6003571827339194
672,2023-12-10 13:00:00+00:00,1.66551300307862
672,2023-12-10 14:00:00+00:00,0.05021214855812987
672,2023-12-10 15:00:00+00:00,0.010039087220037865
672,2023-12-10 16:00:00+00:00,0.010871258353330455
672,2023-12-10 17:00:00+00:00,0.05315906285094114
672,2023-12-10 18:00:00+00:00,0.05315906285094114
672,2023-12-10 19:00:00+00:00,0.22918606916688547
672,2023-12-10 20:00:00+00:00,0.22918606916688547
672,2023-12-10 21:00:00+00:00,0.022364954953878552
672,2023-12-10 22:00:00+00:00,0.022364954953878552
672,2023-12-10 23:00:00+00:00,0.004458102337930982
672,2023-12-11 00:00:00+00:00,0.0011717830056844293
672,2023-12-11 01:00:00+00:00,0.0011717830056844293
672,2023-12-11 02:00:00+00:00,0.0011717830056844293
672,2023-12-11 03:00:00+00:00,0.0011717830056844293
672,2023-12-11 04:00:00+00:00,0.000429812974002558
672,2023-12-11 05:00:00+00:00,0.0011717830056844293
672,2023-12-11 06:00:00+00:00,0.005880076040506432
672,2023-12-11 07:00:00+00:00,0.0016850827526500036
672,2023-12-11 08:00:00+00:00,0.0016850827526500036
672,2023-12-11 09:00:00+00:00,0.0016850827526500036
672,2023-12-11 10:00:00+00:00,0.010039087220037865
672,2023-12-11 11:00:00+00:00,0.0013181177158637749
672,2023-12-11 12:00:00+00:00,0.003057538693925383
672,2023-12-11 13:00:00+00:00,0.010039087220037865
672,2023-12-11 14:00:00+00:00,0.010039087220037865
672,2023-12-11 15:00:00+00:00,0.05021214855812987
672,2023-12-11 16:00:00+00:00,0.5352000872667318
672,2023-12-11 17:00:00+00:00,0.6020327106469027
672,2023-12-11 18:00:00+00:00,0.5989247422615076
672,2023-12-11 19:00:00+00:00,0.5102237891313567
672,2023-12-11 20:00:00+00:00,0.4060882759921853
672,2023-12-11 21:00:00+00:00,0.22397789361826811
672,2023-12-11 22:00:00+00:00,0.24176539598488775
672,2023-12-11 23:00:00+00:00,0.16518712364192403
672,2023-12-12 00:00:00+00:00,0.10965194652703317
672,2023-12-12 01:00:00+00:00,0.12035504437939532
672,2023-12-12 02:00:00+00:00,0.11031307535875409
672,2023-12-12 03:00:00+00:00,0.06058875878197597
672,2023-12-12 04:00:00+00:00,0.0717185639961456
672,2023-12-12 05:00:00+00:00,0.06058875878197597
672,2023-12-12 06:00:00+00:00,0.36627018740137945
672,2023-12-12 07:00:00+00:00,0.3367101474470585
672,2023-12-12 08:00:00+00:00,0.3367101474470585
672,2023-12-12 09:00:00+00:00,0.3367101474470585
672,2023-12-12 10:00:00+00:00,0.531369744292961
672,2023-12-12 11:00:00+00:00,0.6003571827339194
672,2023-12-12 12:00:00+00:00,0.531369744292961
672,2023-12-12 13:00:00+00:00,0.6003571827339194
672,2023-12-12 14:00:00+00:00,0.5121467238304659
672,2023-12-12 15:00:00+00:00,0.5121467238304659
672,2023-12-12 16:00:00+00:00,0.5352000872667318
672,2023-12-12 17:00:00+00:00,0.05315906285094114
672,2023-12-12 18:00:00+00:00,0.05315906285094114
672,2023-12-12 19:00:00+00:00,0.04038510104053947
672,2023-12-12 20:00:00+00:00,0.005724411177410173
672,2023-12-12 21:00:00+00:00,0.00537887039291273
672,2023-12-12 22:00:00+00:00,0.0010694023343430599
672,2023-12-12 23:00:00+00:00,0.0003067836412267744
672,2023-12-13 00:00:00+00:00,0.00047821045942153924
672,2023-12-13 01:00:00+00:00,0.00017483359811602014
672,2023-12-13 02:00:00+00:00,0.0001835754065820603
672,2023-12-13 03:00:00+00:00,9.874964100962612e-21
672,2023-12-13 04:00:00+00:00,9.874964100962612e-21
672,2023-12-13 05:00:00+00:00,9.874964100962612e-21
672,2023-12-13 06:00:00+00:00,1.6559956452372584e-09
672,2023-12-13 07:00:00+00:00,0.00024478224130229247
672,2023-12-13 08:00:00+00:00,3.56134662759363e-20
672,2023-12-13 09:00:00+00:00,3.56134662759363e-20
672,2023-12-13 10:00:00+00:00,9.617900134103151e-09
672,2023-12-13 11:00:00+00:00,6.613929449272166e-20
672,2023-12-13 12:00:00+00:00,6.613929449272166e-20
672,2023-12-13 13:00:00+00:00,6.613929449272166e-20
672,2023-12-13 14:00:00+00:00,6.613929449272166e-20
672,2023-12-13 15:00:00+00:00,6.613929449272166e-20
672,2023-12-13 16:00:00+00:00,7.377075154226915e-20
672,2023-12-13 17:00:00+00:00,7.377075154226915e-20
672,2023-12-13 18:00:00+00:00,0.0
672,2023-12-13 19:00:00+00:00,4.833256133268471e-20
672,2023-12-13 20:00:00+00:00,4.070110430981139e-20
672,2023-12-13 21:00:00+00:00,2.035055217896206e-20
672,2023-12-13 22:00:00+00:00,0.0
672,2023-12-13 23:00:00+00:00,1.07693835342452e-09
672,2023-12-14 00:00:00+00:00,0.0008290812408894077
672,2023-12-14 01:00:00+00:00,0.001820117686062667
672,2023-12-14 02:00:00+00:00,0.0018317684171077746
672,2023-12-14 03:00:00+00:00,0.000429812974002558
672,2023-12-14 04:00:00+00:00,0.0717185639961456
672,2023-12-14 05:00:00+00:00,0.05964766126410503
672,2023-12-14 06:00:00+00:00,0.3769439823833631
672,2023-12-14 07:00:00+00:00,0.36630372356134444
672,2023-12-14 08:00:00+00:00,0.3367101474470585
672,2023-12-14 09:00:00+00:00,0.36627018740137945
672,2023-12-14 10:00:00+00:00,0.531369744292961
672,2023-12-14 11:00:00+00:00,1.66551300307862
672,2023-12-14 12:00:00+00:00,0.05021214855812987
672,2023-12-14 13:00:00+00:00,0.0013181177158637749
672,2023-12-14 14:00:00+00:00,0.010039087220037865
672,2023-12-14 15:00:00+00:00,0.010039087220037865
672,2023-12-14 16:00:00+00:00,0.003383712437654574
672,2023-12-14 17:00:00+00:00,0.0007771147953549802
672,2023-12-14 18:00:00+00:00,0.0007771147953549802
672,2023-12-14 19:00:00+00:00,1.352455579446155e-50
672,2023-12-14 20:00:00+00:00,0.0005507345272938001
672,2023-12-14 21:00:00+00:00,0.0009507040850148555
672,2023-12-14 22:00:00+00:00,0.0011567533079546144
672,2023-12-14 23:00:00+00:00,0.0020974239754542857
672,2023-12-15 00:00:00+00:00,0.003800897971105745
672,2023-12-15 01:00:00+00:00,0.004147723360074635
672,2023-12-15 02:00:00+00:00,0.0044945487490435235
672,2023-12-15 03:00:00+00:00,0.0011717830056844293
672,2023-12-15 04:00:00+00:00,0.0011717830056844293
672,2023-12-15 05:00:00+00:00,0.000429812974002558
672,2023-12-15 06:00:00+00:00,0.3283073893487601
672,2023-12-15 07:00:00+00:00,0.36627018740137945
672,2023-12-15 08:00:00+00:00,1.0651764670575292
672,2023-12-15 09:00:00+00:00,0.000711932719551825
672,2023-12-15 10:00:00+00:00,0.6003571827339194
672,2023-12-15 11:00:00+00:00,1.66551300307862
672,2023-12-15 12:00:00+00:00,0.5121467238304659
672,2023-12-15 13:00:00+00:00,0.6003571827339194
672,2023-12-15 14:00:00+00:00,0.4687461208600571
672,2023-12-15 15:00:00+00:00,0.5121467238304659
672,2023-12-15 16:00:00+00:00,1.741972199826812
672,2023-12-15 17:00:00+00:00,1.741972199826812
672,2023-12-15 18:00:00+00:00,0.6465690301306398
672,2023-12-15 19:00:00+00:00,1.735954477744041
672,2023-12-15 20:00:00+00:00,0.6496580395113678
672,2023-12-15 21:00:00+00:00,0.0472938132242533
672,2023-12-15 22:00:00+00:00,0.4130338524037022
672,2023-12-15 23:00:00+00:00,0.4302169413074487
672,2023-12-16 00:00:00+00:00,0.46141015364581034
672,2023-12-16 01:00:00+00:00,1.2570720587507935
672,2023-12-16 02:00:00+00:00,1.2799436935643653
672,2023-12-16 03:00:00+00:00,0.13263576159065285
672,2023-12-16 04:00:00+00:00,0.040339804106511994
672,2023-12-16 05:00:00+00:00,0.040339804106511994
672,2023-12-16 06:00:00+00:00,0.03117793525664562
672,2023-12-16 07:00:00+00:00,0.03117793525664562
672,2023-12-16 08:00:00+00:00,0.3283073893487601
672,2023-12-16 09:00:00+00:00,0.3283073893487601
672,2023-12-16 10:00:00+00:00,0.5121467238304659
672,2023-12-16 11:00:00+00:00,1.66551300307862
672,2023-12-16 12:00:00+00:00,0.5121467238304659
672,2023-12-16 13:00:00+00:00,0.5121467238304659
672,2023-12-16 14:00:00+00:00,0.5121467238304659
672,2023-12-16 15:00:00+00:00,0.5121467238304659
672,2023-12-16 16:00:00+00:00,0.05315906285094114
672,2023-12-16 17:00:00+00:00,1.741972199826812
672,2023-12-16 18:00:00+00:00,0.5352000872667318
672,2023-12-16 19:00:00+00:00,0.51056797571249
672,2023-12-16 20:00:00+00:00,1.4338465288839224
672,2023-12-16 21:00:00+00:00,1.1893421699772195
672,2023-12-16 22:00:00+00:00,0.819128104460759
672,2023-12-16 23:00:00+00:00,0.2713933480897164
672,2023-12-17 00:00:00+00:00,0.91529384519644
672,2023-12-17 01:00:00+00:00,0.9466921825658918
672,2023-12-17 02:00:00+00:00,0.9780905199353438
672,2023-12-17 03:00:00+00:00,0.13263576159065285
672,2023-12-17 04:00:00+00:00,0.04958326157734824
672,2023-12-17 05:00:00+00:00,0.13263576159065285
672,2023-12-17 06:00:00+00:00,1.0651764670575292
672,2023-12-17 07:00:00+00:00,1.0651764670575292
672,2023-12-17 08:00:00+00:00,1.0651764670575292
672,2023-12-17 09:00:00+00:00,0.3946044725885809
672,2023-12-17 10:00:00+00:00,1.66551300307862
672,2023-12-17 11:00:00+00:00,1.66551300307862
672,2023-12-17 12:00:00+00:00,1.66551300307862
672,2023-12-17 13:00:00+00:00,1.66551300307862
672,2023-12-17 14:00:00+00:00,1.66551300307862
672,2023-12-17 15:00:00+00:00,0.05021214855812987
672,2023-12-17 16:00:00+00:00,0.5352000872667318
672,2023-12-17 17:00:00+00:00,0.5352000872667318
672,2023-12-17 18:00:00+00:00,1.741972199826812
672,2023-12-17 19:00:00+00:00,0.556311045812204
672,2023-12-17 20:00:00+00:00,1.4443523465679626
672,2023-12-17 21:00:00+00:00,0.7726010939835529
672,2023-12-17 22:00:00+00:00,0.5890333289921535
672,2023-12-17 23:00:00+00:00,0.38416265960284113
672,2023-12-18 00:00:00+00:00,0.10133280717197816
672,2023-12-18 01:00:00+00:00,0.1271075149287871
672,2023-12-18 02:00:00+00:00,0.15288222268559606
672,2023-12-18 03:00:00+00:00,0.04958326157734824
672,2023-12-18 04:00:00+00:00,0.04958326157734824
672,2023-12-18 05:00:00+00:00,0.04958326157734824
672,2023-12-18 06:00:00+00:00,0.3946044725885809
672,2023-12-18 07:00:00+00:00,1.0651764670575292
672,2023-12-18 08:00:00+00:00,0.3946044725885809
672,2023-12-18 09:00:00+00:00,0.3946044725885809
672,2023-12-18 10:00:00+00:00,0.6178577753866092
672,2023-12-18 11:00:00+00:00,0.6178577753866092
672,2023-12-18 12:00:00+00:00,1.66551300307862
672,2023-12-18 13:00:00+00:00,1.66551300307862
672,2023-12-18 14:00:00+00:00,0.5121467238304659
672,2023-12-18 15:00:00+00:00,1.66551300307862
672,2023-12-18 16:00:00+00:00,1.741972199826812
672,2023-12-18 17:00:00+00:00,1.741972199826812
672,2023-12-18 18:00:00+00:00,1.741972199826812
672,2023-12-18 19:00:00+00:00,1.5991702975292597
672,2023-12-18 20:00:00+00:00,1.376641141074042
672,2023-12-18 21:00:00+00:00,0.8122966603182091
672,2023-12-18 22:00:00+00:00,0.2600440208439419
672,2023-12-18 23:00:00+00:00,0.16106363917388208
672,2023-12-19 00:00:00+00:00,0.2675471578329069
672,2023-12-19 01:00:00+00:00,0.12841481649195416
672,2023-12-19 02:00:00+00:00,0.12994285192311325
672,2023-12-19 03:00:00+00:00,0.004642119890675779
672,2023-12-19 04:00:00+00:00,0.004642119890675779
672,2023-12-19 05:00:00+00:00,0.004642119890675779
672,2023-12-19 06:00:00+00:00,0.03117793525664562
672,2023-12-19 07:00:00+00:00,0.005880076040506432
672,2023-12-19 08:00:00+00:00,0.0
672,2023-12-19 09:00:00+00:00,0.013019013456228528
672,2023-12-19 10:00:00+00:00,0.0
672,2023-12-19 11:00:00+00:00,0.0006967848100652941
672,2023-12-19 12:00:00+00:00,0.0006967848100652941
672,2023-12-19 13:00:00+00:00,0.0013181177158637749
672,2023-12-19 14:00:00+00:00,2.5141446577689965e-09
672,2023-12-19 15:00:00+00:00,0.00045458694888500517
672,2023-12-19 16:00:00+00:00,0.0005070360896483769
672,2023-12-19 17:00:00+00:00,0.0014687113980897505
672,2023-12-19 18:00:00+00:00,0.003383712437654574
672,2023-12-19 19:00:00+00:00,0.0022060339620635235
672,2023-12-19 20:00:00+00:00,0.0014541112414212674
672,2023-12-19 21:00:00+00:00,0.0007280871660664142
672,2023-12-19 22:00:00+00:00,0.0005670199948350895
672,2023-12-19 23:00:00+00:00,0.0009712235197877387
672,2023-12-20 00:00:00+00:00,0.0032316573942402236
672,2023-12-20 01:00:00+00:00,0.01751328811023702
672,2023-12-20 02:00:00+00:00,0.0024011963249996253
672,2023-12-20 03:00:00+00:00,0.000429812974002558
672,2023-12-20 04:00:00+00:00,0.000429812974002558
672,2023-12-20 05:00:00+00:00,0.000429812974002558
672,2023-12-20 06:00:00+00:00,0.0016850827526500036
672,2023-12-20 07:00:00+00:00,0.0016850827526500036
672,2023-12-20 08:00:00+00:00,0.005880076040506432
672,2023-12-20 09:00:00+00:00,0.0016850827526500036
672,2023-12-20 10:00:00+00:00,0.010039087220037865
672,2023-12-20 11:00:00+00:00,0.010039087220037865
672,2023-12-20 12:00:00+00:00,0.010039087220037865
672,2023-12-20 13:00:00+00:00,0.010039087220037865
672,2023-12-20 14:00:00+00:00,0.010039087220037865
672,2023-12-20 15:00:00+00:00,0.010039087220037865
672,2023-12-20 16:00:00+00:00,0.010871258353330455
672,2023-12-20 17:00:00+00:00,0.010871258353330455
672,2023-12-20 18:00:00+00:00,0.010871258353330455
672,2023-12-20 19:00:00+00:00,0.010811581019685018
672,2023-12-20 20:00:00+00:00,0.007138442066202725
672,2023-12-20 21:00:00+00:00,0.003983601623126318
672,2023-12-20 22:00:00+00:00,0.004067003733619887
672,2023-12-20 23:00:00+00:00,0.0032534725548838033
672,2023-12-21 00:00:00+00:00,0.009747640994809754
672,2023-12-21 01:00:00+00:00,0.0020628717373182477
672,2023-12-21 02:00:00+00:00,0.0024318202466826404
672,2023-12-21 03:00:00+00:00,0.000429812974002558
672,2023-12-21 04:00:00+00:00,0.0011717830056844293
672,2023-12-21 05:00:00+00:00,0.0011717830056844293
672,2023-12-21 06:00:00+00:00,0.005880076040506432
672,2023-12-21 07:00:00+00:00,0.005880076040506432
672,2023-12-21 08:00:00+00:00,0.005880076040506432
672,2023-12-21 09:00:00+00:00,0.005880076040506432
672,2023-12-21 10:00:00+00:00,0.003057538693925383
672,2023-12-21 11:00:00+00:00,0.003057538693925383
672,2023-12-21 12:00:00+00:00,0.0013181177158637749
672,2023-12-21 13:00:00+00:00,0.0013181177158637749
672,2023-12-21 14:00:00+00:00,0.0006967848100652941
672,2023-12-21 15:00:00+00:00,0.0013181177158637749
672,2023-12-21 16:00:00+00:00,0.0007771147953549802
672,2023-12-21 17:00:00+00:00,0.0005070360896483769
672,2023-12-21 18:00:00+00:00,0.0005070360896483769
672,2023-12-21 19:00:00+00:00,0.0009461895977341024
672,2023-12-21 20:00:00+00:00,0.00019235208043460138
672,2023-12-21 21:00:00+00:00,0.00024149094812779513
672,2023-12-21 22:00:00+00:00,0.00025775340970629276
672,2023-12-21 23:00:00+00:00,0.0011780790478080761
672,2023-12-22 00:00:00+00:00,0.0016039004776908818
672,2023-12-22 01:00:00+00:00,0.0018313317024659347
672,2023-12-22 02:00:00+00:00,0.002102451555078291
672,2023-12-22 03:00:00+00:00,0.0011717830056844293
672,2023-12-22 04:00:00+00:00,0.0011717830056844293
672,2023-12-22 05:00:00+00:00,0.000429812974002558
672,2023-12-22 06:00:00+00:00,0.0016850827526500036
672,2023-12-22 07:00:00+00:00,0.0016850827526500036
672,2023-12-22 08:00:00+00:00,0.005880076040506432
672,2023-12-22 09:00:00+00:00,0.0016850827526500036
672,2023-12-22 10:00:00+00:00,0.003057538693925383
672,2023-12-22 11:00:00+00:00,0.0013181177158637749
672,2023-12-22 12:00:00+00:00,0.0013181177158637749
672,2023-12-22 13:00:00+00:00,0.003057538693925383
672,2023-12-22 14:00:00+00:00,0.0013181177158637749
672,2023-12-22 15:00:00+00:00,0.0013181177158637749
672,2023-12-22 16:00:00+00:00,0.0014687113980897505
672,2023-12-22 17:00:00+00:00,0.0014687113980897505
672,2023-12-22 18:00:00+00:00,0.003383712437654574
672,2023-12-22 19:00:00+00:00,0.0013691043188941484
672,2023-12-22 20:00:00+00:00,0.002922617233186129
672,2023-12-22 21:00:00+00:00,0.005464372699413684
672,2023-12-22 22:00:00+00:00,0.0032673752070112535
672,2023-12-22 23:00:00+00:00,0.0008300460600580234
672,2023-12-23 00:00:00+00:00,0.004969896288741753
672,2023-12-23 01:00:00+00:00,0.0235163470319718
672,2023-12-23 02:00:00+00:00,0.023801334984290965
672,2023-12-23 03:00:00+00:00,0.0011717830056844293
672,2023-12-23 04:00:00+00:00,0.000429812974002558
672,2023-12-23 05:00:00+00:00,0.000429812974002558
672,2023-12-23 06:00:00+00:00,0.0016850827526500036
672,2023-12-23 07:00:00+00:00,0.03117793525664562
672,2023-12-23 08:00:00+00:00,0.005880076040506432
672,2023-12-23 09:00:00+00:00,0.005880076040506432
672,2023-12-23 10:00:00+00:00,0.010039087220037865
672,2023-12-23 11:00:00+00:00,0.010039087220037865
672,2023-12-23 12:00:00+00:00,0.010039087220037865
672,2023-12-23 13:00:00+00:00,0.05021214855812987
672,2023-12-23 14:00:00+00:00,0.05021214855812987
672,2023-12-23 15:00:00+00:00,0.010039087220037865
672,2023-12-23 16:00:00+00:00,0.003383712437654574
672,2023-12-23 17:00:00+00:00,0.010871258353330455
672,2023-12-23 18:00:00+00:00,0.010871258353330455
672,2023-12-23 19:00:00+00:00,0.028646130173716755
672,2023-12-23 20:00:00+00:00,0.3613572307682336
672,2023-12-23 21:00:00+00:00,0.02399072348039118
672,2023-12-23 22:00:00+00:00,0.15300414659562445
672,2023-12-23 23:00:00+00:00,0.12370657392745757
672,2023-12-24 00:00:00+00:00,0.009731316331786042
672,2023-12-24 01:00:00+00:00,0.01022790573317416
672,2023-12-24 02:00:00+00:00,0.001961257111168889
672,2023-12-24 03:00:00+00:00,0.0011717830056844293
672,2023-12-24 04:00:00+00:00,0.0011717830056844293
672,2023-12-24 05:00:00+00:00,0.0011717830056844293
672,2023-12-24 06:00:00+00:00,0.005880076040506432
672,2023-12-24 07:00:00+00:00,0.005880076040506432
672,2023-12-24 08:00:00+00:00,0.005880076040506432
672,2023-12-24 09:00:00+00:00,0.03117793525664562
672,2023-12-24 10:00:00+00:00,0.05021214855812987
672,2023-12-24 11:00:00+00:00,0.05021214855812987
672,2023-12-24 12:00:00+00:00,0.05021214855812987
672,2023-12-24 13:00:00+00:00,0.05021214855812987
672,2023-12-24 14:00:00+00:00,0.010039087220037865
672,2023-12-24 15:00:00+00:00,0.05021214855812987
672,2023-12-24 16:00:00+00:00,0.05315906285094114
672,2023-12-24 17:00:00+00:00,0.05315906285094114
672,2023-12-24 18:00:00+00:00,0.05315906285094114
672,2023-12-24 19:00:00+00:00,0.00466076902826829
672,2023-12-24 20:00:00+00:00,0.004526790569751305
672,2023-12-24 21:00:00+00:00,0.0035481653019619097
672,2023-12-24 22:00:00+00:00,0.014102387956625167
672,2023-12-24 23:00:00+00:00,0.013721756622346142
672,2023-12-25 00:00:00+00:00,0.006548528919838605
672,2023-12-25 01:00:00+00:00,0.007136810981848801
672,2023-12-25 02:00:00+00:00,0.007725093043858998
672,2023-12-25 03:00:00+00:00,0.004642119890675779
672,2023-12-25 04:00:00+00:00,0.004642119890675779
672,2023-12-25 05:00:00+00:00,0.0011717830056844293
672,2023-12-25 06:00:00+00:00,0.005880076040506432
672,2023-12-25 07:00:00+00:00,0.005880076040506432
672,2023-12-25 08:00:00+00:00,0.005880076040506432
672,2023-12-25 09:00:00+00:00,0.03117793525664562
672,2023-12-25 10:00:00+00:00,0.05021214855812987
672,2023-12-25 11:00:00+00:00,0.010039087220037865
672,2023-12-25 12:00:00+00:00,0.05021214855812987
672,2023-12-25 13:00:00+00:00,0.010039087220037865
672,2023-12-25 14:00:00+00:00,0.05021214855812987
672,2023-12-25 15:00:00+00:00,0.05021214855812987
672,2023-12-25 16:00:00+00:00,0.05315906285094114
672,2023-12-25 17:00:00+00:00,0.05315906285094114
672,2023-12-25 18:00:00+00:00,0.05315906285094114
672,2023-12-25 19:00:00+00:00,0.022236380960138632
672,2023-12-25 20:00:00+00:00,0.025022324588794546
672,2023-12-25 21:00:00+00:00,0.004094083199648503
672,2023-12-25 22:00:00+00:00,0.001521040016989056
672,2023-12-25 23:00:00+00:00,0.00027588416519069083
672,2023-12-26 00:00:00+00:00,0.00024564578601310905
672,2023-12-26 01:00:00+00:00,0.0009629206660009291
672,2023-12-26 02:00:00+00:00,0.00045602123404126047
672,2023-12-26 03:00:00+00:00,0.000429812974002558
672,2023-12-26 04:00:00+00:00,0.000429812974002558
672,2023-12-26 05:00:00+00:00,0.000429812974002558
672,2023-12-26 06:00:00+00:00,0.0016850827526500036
672,2023-12-26 07:00:00+00:00,0.000711932719551825
672,2023-12-26 08:00:00+00:00,0.0016850827526500036
672,2023-12-26 09:00:00+00:00,0.0016850827526500036
672,2023-12-26 10:00:00+00:00,0.010039087220037865
672,2023-12-26 11:00:00+00:00,0.05021214855812987
672,2023-12-26 12:00:00+00:00,0.05021214855812987
672,2023-12-26 13:00:00+00:00,0.010039087220037865
672,2023-12-26 14:00:00+00:00,0.05021214855812987
672,2023-12-26 15:00:00+00:00,0.010039087220037865
672,2023-12-26 16:00:00+00:00,1.741972199826812
672,2023-12-26 17:00:00+00:00,0.5989247422615076
672,2023-12-26 18:00:00+00:00,0.6442218849425374
672,2023-12-26 19:00:00+00:00,0.3901804416008738
672,2023-12-26 20:00:00+00:00,0.3366853664615239
672,2023-12-26 21:00:00+00:00,0.23085934177838388
672,2023-12-26 22:00:00+00:00,0.20262943185661433
672,2023-12-26 23:00:00+00:00,0.15559391558300378
672,2023-12-27 00:00:00+00:00,0.12358029018441974
672,2023-12-27 01:00:00+00:00,0.14021431930311543
672,2023-12-27 02:00:00+00:00,0.16743479241602174
672,2023-12-27 03:00:00+00:00,0.06353107849132372
672,2023-12-27 04:00:00+00:00,0.06131514847996277
672,2023-12-27 05:00:00+00:00,0.05951917174503992
672,2023-12-27 06:00:00+00:00,0.3367101474470585
672,2023-12-27 07:00:00+00:00,0.3270018293906042
672,2023-12-27 08:00:00+00:00,0.3270018293906042
672,2023-12-27 09:00:00+00:00,0.36627018740137945
672,2023-12-27 10:00:00+00:00,0.6003571827339194
672,2023-12-27 11:00:00+00:00,0.6003571827339194
672,2023-12-27 12:00:00+00:00,0.6003571827339194
672,2023-12-27 13:00:00+00:00,0.6003571827339194
672,2023-12-27 14:00:00+00:00,0.6003571827339194
672,2023-12-27 15:00:00+00:00,0.5121467238304659
672,2023-12-27 16:00:00+00:00,0.05315906285094114
672,2023-12-27 17:00:00+00:00,0.5352000872667318
672,2023-12-27 18:00:00+00:00,0.5352000872667318
672,2023-12-27 19:00:00+00:00,1.192290851499141
672,2023-12-27 20:00:00+00:00,1.1924017597459384
672,2023-12-27 21:00:00+00:00,0.21742426096372613
672,2023-12-27 22:00:00+00:00,0.12796086736148762
672,2023-12-27 23:00:00+00:00,0.16673919371953483
672,2023-12-28 00:00:00+00:00,0.24149796743033244
672,2023-12-28 01:00:00+00:00,0.09267200524941029
672,2023-12-28 02:00:00+00:00,0.11239965690852657
672,2023-12-28 03:00:00+00:00,0.040339804106511994
672,2023-12-28 04:00:00+00:00,0.040339804106511994
672,2023-12-28 05:00:00+00:00,0.040339804106511994
672,2023-12-28 06:00:00+00:00,0.03117793525664562
672,2023-12-28 07:00:00+00:00,0.3283073893487601
672,2023-12-28 08:00:00+00:00,1.0651764670575292
672,2023-12-28 09:00:00+00:00,1.0651764670575292
672,2023-12-28 10:00:00+00:00,1.66551300307862
672,2023-12-28 11:00:00+00:00,1.66551300307862
672,2023-12-28 12:00:00+00:00,1.66551300307862
672,2023-12-28 13:00:00+00:00,1.66551300307862
672,2023-12-28 14:00:00+00:00,0.5121467238304659
672,2023-12-28 15:00:00+00:00,0.5121467238304659
672,2023-12-28 16:00:00+00:00,0.05315906285094114
672,2023-12-28 17:00:00+00:00,0.05315906285094114
672,2023-12-28 18:00:00+00:00,0.5352000872667318
672,2023-12-28 19:00:00+00:00,0.03765903162318934
672,2023-12-28 20:00:00+00:00,0.03284240770351073
672,2023-12-28 21:00:00+00:00,0.018056324764485474
672,2023-12-28 22:00:00+00:00,0.01598459743632031
672,2023-12-28 23:00:00+00:00,0.017473348012222764
672,2023-12-29 00:00:00+00:00,0.009952167494331875
672,2023-12-29 01:00:00+00:00,0.011125268672172058
672,2023-12-29 02:00:00+00:00,0.1398667813559246
672,2023-12-29 03:00:00+00:00,0.040339804106511994
672,2023-12-29 04:00:00+00:00,0.004642119890675779
672,2023-12-29 05:00:00+00:00,0.004642119890675779
672,2023-12-29 06:00:00+00:00,0.005880076040506432
672,2023-12-29 07:00:00+00:00,0.005880076040506432
672,2023-12-29 08:00:00+00:00,0.03117793525664562
672,2023-12-29 09:00:00+00:00,0.3283073893487601
672,2023-12-29 10:00:00+00:00,1.66551300307862
672,2023-12-29 11:00:00+00:00,0.05021214855812987
672,2023-12-29 12:00:00+00:00,0.0006967848100652941
672,2023-12-29 13:00:00+00:00,0.003057538693925383
672,2023-12-29 14:00:00+00:00,0.010039087220037865
672,2023-12-29 15:00:00+00:00,0.010039087220037865
672,2023-12-29 16:00:00+00:00,0.010871258353330455
672,2023-12-29 17:00:00+00:00,0.010871258353330455
672,2023-12-29 18:00:00+00:00,0.010871258353330455
672,2023-12-29 19:00:00+00:00,0.032241089873295346
672,2023-12-29 20:00:00+00:00,0.004552876535618854
672,2023-12-29 21:00:00+00:00,0.004072962998959866
672,2023-12-29 22:00:00+00:00,0.01749718467883864
672,2023-12-29 23:00:00+00:00,0.02412782150013423
672,2023-12-30 00:00:00+00:00,0.01014994305589096
672,2023-12-30 01:00:00+00:00,0.44108518712980027
672,2023-12-30 02:00:00+00:00,0.16428622816674993
672,2023-12-30 03:00:00+00:00,0.06058875878197597
672,2023-12-30 04:00:00+00:00,0.0717185639961456
672,2023-12-30 05:00:00+00:00,0.06131514847996277
672,2023-12-30 06:00:00+00:00,0.36630372356134444
672,2023-12-30 07:00:00+00:00,0.36630372356134444
672,2023-12-30 08:00:00+00:00,0.35077846253333167
672,2023-12-30 09:00:00+00:00,0.3367101474470585
672,2023-12-30 10:00:00+00:00,0.531369744292961
672,2023-12-30 11:00:00+00:00,0.4687461208600571
672,2023-12-30 12:00:00+00:00,0.4687461208600571
672,2023-12-30 13:00:00+00:00,0.6003571827339194
672,2023-12-30 14:00:00+00:00,0.6003571827339194
672,2023-12-30 15:00:00+00:00,0.531369744292961
672,2023-12-30 16:00:00+00:00,0.6481991854316889
672,2023-12-30 17:00:00+00:00,0.5732184100344591
672,2023-12-30 18:00:00+00:00,0.6481991854316889
672,2023-12-30 19:00:00+00:00,0.04015532516488694
672,2023-12-30 20:00:00+00:00,0.41365857687321206
672,2023-12-30 21:00:00+00:00,0.30239740836311085
672,2023-12-30 22:00:00+00:00,0.27077165420590765
672,2023-12-30 23:00:00+00:00,0.27189949426266385
672,2023-12-31 00:00:00+00:00,0.2001803503294472
672,2023-12-31 01:00:00+00:00,0.1887143497024838
672,2023-12-31 02:00:00+00:00,0.20987146786698466
672,2023-12-31 03:00:00+00:00,0.04858919250700342
672,2023-12-31 04:00:00+00:00,0.13263576159065285
672,2023-12-31 05:00:00+00:00,0.13263576159065285
672,2023-12-31 06:00:00+00:00,0.3946044725885809
672,2023-12-31 07:00:00+00:00,0.29117741169642286
672,2023-12-31 08:00:00+00:00,0.29117741169642286
672,2023-12-31 09:00:00+00:00,0.36627018740137945
672,2023-12-31 10:00:00+00:00,0.6178577753866092
672,2023-12-31 11:00:00+00:00,1.66551300307862
672,2023-12-31 12:00:00+00:00,0.05021214855812987
672,2023-12-31 13:00:00+00:00,0.010039087220037865
672,2023-12-31 14:00:00+00:00,0.010039087220037865
672,2023-12-31 15:00:00+00:00,0.010039087220037865
672,2023-12-31 16:00:00+00:00,0.010871258353330455
672,2023-12-31 17:00:00+00:00,0.010871258353330455
672,2023-12-31 18:00:00+00:00,0.010871258353330455
672,2023-12-31 19:00:00+00:00,0.006144750458481984
672,2023-12-31 20:00:00+00:00,0.00666846179359541
672,2023-12-31 21:00:00+00:00,0.004901724183795814
672,2023-12-31 22:00:00+00:00,0.004331787897334048
672,2023-12-31 23:00:00+00:00,0.007216547426732728
