SITE_ID,DATE_TIME,traffic_nox_index
270,2023-01-01 00:00:00+00:00,0.02185921750498501
270,2023-01-01 01:00:00+00:00,0.024389215804435344
270,2023-01-01 02:00:00+00:00,0.027849634710739438
270,2023-01-01 03:00:00+00:00,0.042335470163718095
270,2023-01-01 04:00:00+00:00,0.046359658812523415
270,2023-01-01 05:00:00+00:00,0.03545829209554446
270,2023-01-01 06:00:00+00:00,0.1402524512197802
270,2023-01-01 07:00:00+00:00,0.08730673800240633
270,2023-01-01 08:00:00+00:00,0.12110694450521549
270,2023-01-01 09:00:00+00:00,0.16511875233369627
270,2023-01-01 10:00:00+00:00,0.1320528618050368
270,2023-01-01 11:00:00+00:00,0.07055943771181619
270,2023-01-01 12:00:00+00:00,0.06792150273191754
270,2023-01-01 13:00:00+00:00,0.11519503892928819
270,2023-01-01 14:00:00+00:00,0.12494459938593676
270,2023-01-01 15:00:00+00:00,0.046815476751936654
270,2023-01-01 16:00:00+00:00,0.06361998944018558
270,2023-01-01 17:00:00+00:00,0.04292553669470059
270,2023-01-01 18:00:00+00:00,0.02548501559197041
270,2023-01-01 19:00:00+00:00,0.03844694339170142
270,2023-01-01 20:00:00+00:00,0.01180319903551574
270,2023-01-01 21:00:00+00:00,0.012517799395682006
270,2023-01-01 22:00:00+00:00,0.05578768746927602
270,2023-01-01 23:00:00+00:00,0.05344726312940226
270,2023-01-02 00:00:00+00:00,0.04244742248976731
270,2023-01-02 01:00:00+00:00,0.03953361536948762
270,2023-01-02 02:00:00+00:00,0.023194226605913627
270,2023-01-02 03:00:00+00:00,0.026931553243215868
270,2023-01-02 04:00:00+00:00,0.03650635791360559
270,2023-01-02 05:00:00+00:00,0.03650635791360559
270,2023-01-02 06:00:00+00:00,0.02827851551529041
270,2023-01-02 07:00:00+00:00,0.14763171077984655
270,2023-01-02 08:00:00+00:00,0.14763171077984655
270,2023-01-02 09:00:00+00:00,0.1475420904087761
270,2023-01-02 10:00:00+00:00,0.1303911826002164
270,2023-01-02 11:00:00+00:00,0.009419883822055001
270,2023-01-02 12:00:00+00:00,0.009968802969147497
270,2023-01-02 13:00:00+00:00,0.011212738420691705
270,2023-01-02 14:00:00+00:00,0.13112520120139498
270,2023-01-02 15:00:00+00:00,0.11745418333096867
270,2023-01-02 16:00:00+00:00,0.06894866435373398
270,2023-01-02 17:00:00+00:00,0.062230833314555145
270,2023-01-02 18:00:00+00:00,0.059738096022850504
270,2023-01-02 19:00:00+00:00,0.06494712478407778
270,2023-01-02 20:00:00+00:00,0.0445212288818947
270,2023-01-02 21:00:00+00:00,0.042032147606166366
270,2023-01-02 22:00:00+00:00,0.03048642845355094
270,2023-01-02 23:00:00+00:00,0.006721623071987212
270,2023-01-03 00:00:00+00:00,0.013077266591008253
270,2023-01-03 01:00:00+00:00,0.005805744156369632
270,2023-01-03 02:00:00+00:00,0.0058789223928075365
270,2023-01-03 03:00:00+00:00,0.0058789223928075365
270,2023-01-03 04:00:00+00:00,0.013903317995243691
270,2023-01-03 05:00:00+00:00,0.004097493101535481
270,2023-01-03 06:00:00+00:00,0.048032366026269195
270,2023-01-03 07:00:00+00:00,0.017393648636473982
270,2023-01-03 08:00:00+00:00,0.12011529070124093
270,2023-01-03 09:00:00+00:00,0.1937685009603231
270,2023-01-03 10:00:00+00:00,0.14669076857404587
270,2023-01-03 11:00:00+00:00,0.12628914637263877
270,2023-01-03 12:00:00+00:00,0.11039909022440296
270,2023-01-03 13:00:00+00:00,0.14526209661950107
270,2023-01-03 14:00:00+00:00,0.13434132828445242
270,2023-01-03 15:00:00+00:00,0.1611457997530124
270,2023-01-03 16:00:00+00:00,0.11006942317225486
270,2023-01-03 17:00:00+00:00,0.18006590938723274
270,2023-01-03 18:00:00+00:00,0.09758619403178362
270,2023-01-03 19:00:00+00:00,0.07009085116072497
270,2023-01-03 20:00:00+00:00,0.03647393512364618
270,2023-01-03 21:00:00+00:00,0.042166348828684114
270,2023-01-03 22:00:00+00:00,0.027418964568106077
270,2023-01-03 23:00:00+00:00,0.03036644498427805
270,2023-01-04 00:00:00+00:00,0.030137880959004482
270,2023-01-04 01:00:00+00:00,0.023194226605913627
270,2023-01-04 02:00:00+00:00,0.023194226605913627
270,2023-01-04 03:00:00+00:00,0.023194226605913627
270,2023-01-04 04:00:00+00:00,0.026931553243215868
270,2023-01-04 05:00:00+00:00,0.03650635791360559
270,2023-01-04 06:00:00+00:00,0.14763171077984655
270,2023-01-04 07:00:00+00:00,0.08824555453480548
270,2023-01-04 08:00:00+00:00,0.23919195749830405
270,2023-01-04 09:00:00+00:00,0.12846583941517176
270,2023-01-04 10:00:00+00:00,0.18326637028797185
270,2023-01-04 11:00:00+00:00,0.24969398817043267
270,2023-01-04 12:00:00+00:00,0.1446116144298068
270,2023-01-04 13:00:00+00:00,0.20468971479808334
270,2023-01-04 14:00:00+00:00,0.17147432624089903
270,2023-01-04 15:00:00+00:00,0.09474862585743317
270,2023-01-04 16:00:00+00:00,0.22693078909234393
270,2023-01-04 17:00:00+00:00,0.1562776508484717
270,2023-01-04 18:00:00+00:00,0.08254552708131686
270,2023-01-04 19:00:00+00:00,0.08730327328406877
270,2023-01-04 20:00:00+00:00,0.08040555076518434
270,2023-01-04 21:00:00+00:00,0.09745816003884233
270,2023-01-04 22:00:00+00:00,0.06805707520158907
270,2023-01-04 23:00:00+00:00,0.07159059254166376
270,2023-01-05 00:00:00+00:00,0.05051716265479965
270,2023-01-05 01:00:00+00:00,0.05051716265479965
270,2023-01-05 02:00:00+00:00,0.05051716265479965
270,2023-01-05 03:00:00+00:00,0.05051716265479965
270,2023-01-05 04:00:00+00:00,0.05051716265479965
270,2023-01-05 05:00:00+00:00,0.05051716265479965
270,2023-01-05 06:00:00+00:00,0.09178307168956688
270,2023-01-05 07:00:00+00:00,0.0953726910450643
270,2023-01-05 08:00:00+00:00,0.07117497129686626
270,2023-01-05 09:00:00+00:00,0.0724445167683736
270,2023-01-05 10:00:00+00:00,0.09755175701265137
270,2023-01-05 11:00:00+00:00,0.11978780107428266
270,2023-01-05 12:00:00+00:00,0.0914499476686316
270,2023-01-05 13:00:00+00:00,0.10315519101127163
270,2023-01-05 14:00:00+00:00,0.08797601057433233
270,2023-01-05 15:00:00+00:00,0.07537318253432619
270,2023-01-05 16:00:00+00:00,0.09214409086949865
270,2023-01-05 17:00:00+00:00,0.11188714878906421
270,2023-01-05 18:00:00+00:00,0.08002497314336003
270,2023-01-05 19:00:00+00:00,0.04199802779302671
270,2023-01-05 20:00:00+00:00,0.041689429033892375
270,2023-01-05 21:00:00+00:00,0.0484484658060044
270,2023-01-05 22:00:00+00:00,0.028299040132565956
270,2023-01-05 23:00:00+00:00,0.041681636538637296
270,2023-01-06 00:00:00+00:00,0.047992934168988144
270,2023-01-06 01:00:00+00:00,0.05051716265479965
270,2023-01-06 02:00:00+00:00,0.03650635791360559
270,2023-01-06 03:00:00+00:00,0.03650635791360559
270,2023-01-06 04:00:00+00:00,0.03650635791360559
270,2023-01-06 05:00:00+00:00,0.023194226605913627
270,2023-01-06 06:00:00+00:00,0.09178307168956688
270,2023-01-06 07:00:00+00:00,0.06770896926826779
270,2023-01-06 08:00:00+00:00,0.09560828576307356
270,2023-01-06 09:00:00+00:00,0.26305145449972417
270,2023-01-06 10:00:00+00:00,0.10407043330594043
270,2023-01-06 11:00:00+00:00,0.07616651220261482
270,2023-01-06 12:00:00+00:00,0.18674207786320654
270,2023-01-06 13:00:00+00:00,0.08836218218227991
270,2023-01-06 14:00:00+00:00,0.13320896702381974
270,2023-01-06 15:00:00+00:00,0.11852516248076327
270,2023-01-06 16:00:00+00:00,0.17680565842620546
270,2023-01-06 17:00:00+00:00,0.014040057811702414
270,2023-01-06 18:00:00+00:00,0.06674735695822283
270,2023-01-06 19:00:00+00:00,0.08419098093599213
270,2023-01-06 20:00:00+00:00,0.09556639131396097
270,2023-01-06 21:00:00+00:00,0.06098749891169266
270,2023-01-06 22:00:00+00:00,0.04572135251347751
270,2023-01-06 23:00:00+00:00,0.04200867053997937
270,2023-01-07 00:00:00+00:00,0.04345295752099418
270,2023-01-07 01:00:00+00:00,0.0430997670026932
270,2023-01-07 02:00:00+00:00,0.04343392693257247
270,2023-01-07 03:00:00+00:00,0.021872671183238747
270,2023-01-07 04:00:00+00:00,0.02223214725651791
270,2023-01-07 05:00:00+00:00,0.02223214725651791
270,2023-01-07 06:00:00+00:00,0.03633433115496335
270,2023-01-07 07:00:00+00:00,0.0995985180803009
270,2023-01-07 08:00:00+00:00,0.09625780563398727
270,2023-01-07 09:00:00+00:00,0.14436497589438396
270,2023-01-07 10:00:00+00:00,0.12912613354487065
270,2023-01-07 11:00:00+00:00,0.14544614658052954
270,2023-01-07 12:00:00+00:00,0.1466266468372887
270,2023-01-07 13:00:00+00:00,0.2082775456645549
270,2023-01-07 14:00:00+00:00,0.12729931124436236
270,2023-01-07 15:00:00+00:00,0.12659575453273295
270,2023-01-07 16:00:00+00:00,0.15741701925486704
270,2023-01-07 17:00:00+00:00,0.14385757948246566
270,2023-01-07 18:00:00+00:00,0.046973504664722845
270,2023-01-07 19:00:00+00:00,0.039794829999451234
270,2023-01-07 20:00:00+00:00,0.05422968846903129
270,2023-01-07 21:00:00+00:00,0.04740628764733714
270,2023-01-07 22:00:00+00:00,0.05458888757364698
270,2023-01-07 23:00:00+00:00,0.04563275142109187
270,2023-01-08 00:00:00+00:00,0.02868159619204049
270,2023-01-08 01:00:00+00:00,0.03165515440123817
270,2023-01-08 02:00:00+00:00,0.02750660660039851
270,2023-01-08 03:00:00+00:00,0.030103532667464208
270,2023-01-08 04:00:00+00:00,0.03953361536948762
270,2023-01-08 05:00:00+00:00,0.023194226605913627
270,2023-01-08 06:00:00+00:00,0.16511875233369627
270,2023-01-08 07:00:00+00:00,0.16511875233369627
270,2023-01-08 08:00:00+00:00,0.1892199885684159
270,2023-01-08 09:00:00+00:00,0.0995985180803009
270,2023-01-08 10:00:00+00:00,0.05027181748371833
270,2023-01-08 11:00:00+00:00,0.1577517553516069
270,2023-01-08 12:00:00+00:00,0.2823981921699768
270,2023-01-08 13:00:00+00:00,0.2757538939901907
270,2023-01-08 14:00:00+00:00,0.17015750609094243
270,2023-01-08 15:00:00+00:00,0.08389842253151351
270,2023-01-08 16:00:00+00:00,0.23520863214597326
270,2023-01-08 17:00:00+00:00,0.05421139060666123
270,2023-01-08 18:00:00+00:00,0.10428104948698821
270,2023-01-08 19:00:00+00:00,0.0465064879544291
270,2023-01-08 20:00:00+00:00,0.00848947400894869
270,2023-01-08 21:00:00+00:00,0.008618931503779776
270,2023-01-08 22:00:00+00:00,0.03559065442387393
270,2023-01-08 23:00:00+00:00,0.010696872110769069
270,2023-01-09 00:00:00+00:00,0.007851435898623665
270,2023-01-09 01:00:00+00:00,0.03650635791360559
270,2023-01-09 02:00:00+00:00,0.05051716265479965
270,2023-01-09 03:00:00+00:00,0.05051716265479965
270,2023-01-09 04:00:00+00:00,0.007851435898623665
270,2023-01-09 05:00:00+00:00,0.05051716265479965
270,2023-01-09 06:00:00+00:00,0.09373872539876446
270,2023-01-09 07:00:00+00:00,0.08722470853445254
270,2023-01-09 08:00:00+00:00,0.04191967475269446
270,2023-01-09 09:00:00+00:00,0.025324084951035546
270,2023-01-09 10:00:00+00:00,0.053574901504638436
270,2023-01-09 11:00:00+00:00,0.037687159702017775
270,2023-01-09 12:00:00+00:00,0.011634121520804815
270,2023-01-09 13:00:00+00:00,0.024978618575915892
270,2023-01-09 14:00:00+00:00,0.030487161218230675
270,2023-01-09 15:00:00+00:00,0.026638470256432213
270,2023-01-09 16:00:00+00:00,0.02587852315724889
270,2023-01-09 17:00:00+00:00,0.17702193641202102
270,2023-01-09 18:00:00+00:00,0.1699940538546534
270,2023-01-09 19:00:00+00:00,0.09312698024386583
270,2023-01-09 20:00:00+00:00,0.09951801393984756
270,2023-01-09 21:00:00+00:00,0.011743737068932874
270,2023-01-09 22:00:00+00:00,0.002345579589872396
270,2023-01-09 23:00:00+00:00,0.009627428392750987
270,2023-01-10 00:00:00+00:00,0.03938672134835845
270,2023-01-10 01:00:00+00:00,0.02398602129083257
270,2023-01-10 02:00:00+00:00,0.04244742248976731
270,2023-01-10 03:00:00+00:00,0.04244742248976731
270,2023-01-10 04:00:00+00:00,0.02223214725651791
270,2023-01-10 05:00:00+00:00,0.008152187777259436
270,2023-01-10 06:00:00+00:00,0.010330965721542327
270,2023-01-10 07:00:00+00:00,0.021518607980712975
270,2023-01-10 08:00:00+00:00,0.05035346253693068
270,2023-01-10 09:00:00+00:00,0.02677411266069079
270,2023-01-10 10:00:00+00:00,0.0924610560885194
270,2023-01-10 11:00:00+00:00,0.14966357620890205
270,2023-01-10 12:00:00+00:00,0.09749237911201478
270,2023-01-10 13:00:00+00:00,0.10559781255334041
270,2023-01-10 14:00:00+00:00,0.14936204977144818
270,2023-01-10 15:00:00+00:00,0.11728049984613748
270,2023-01-10 16:00:00+00:00,0.10080267918339743
270,2023-01-10 17:00:00+00:00,0.07729549658805718
270,2023-01-10 18:00:00+00:00,0.09258100612872347
270,2023-01-10 19:00:00+00:00,0.07503045926398248
270,2023-01-10 20:00:00+00:00,0.04270051466852951
270,2023-01-10 21:00:00+00:00,0.05622257139897344
270,2023-01-10 22:00:00+00:00,0.05697118658770161
270,2023-01-10 23:00:00+00:00,0.05451971567965954
270,2023-01-11 00:00:00+00:00,0.05051716265479965
270,2023-01-11 01:00:00+00:00,0.05051716265479965
270,2023-01-11 02:00:00+00:00,0.05051716265479965
270,2023-01-11 03:00:00+00:00,0.03650635791360559
270,2023-01-11 04:00:00+00:00,0.03650635791360559
270,2023-01-11 05:00:00+00:00,0.05051716265479965
270,2023-01-11 06:00:00+00:00,0.061083507791401516
270,2023-01-11 07:00:00+00:00,0.13109748231054558
270,2023-01-11 08:00:00+00:00,0.14075750442261734
270,2023-01-11 09:00:00+00:00,0.14981783808391771
270,2023-01-11 10:00:00+00:00,0.16056325319604958
270,2023-01-11 11:00:00+00:00,0.08694021564662605
270,2023-01-11 12:00:00+00:00,0.1307346517946717
270,2023-01-11 13:00:00+00:00,0.12215914689781064
270,2023-01-11 14:00:00+00:00,0.1307385373369943
270,2023-01-11 15:00:00+00:00,0.09304403195533581
270,2023-01-11 16:00:00+00:00,0.09572816444654261
270,2023-01-11 17:00:00+00:00,0.12676816778879346
270,2023-01-11 18:00:00+00:00,0.13543775765218924
270,2023-01-11 19:00:00+00:00,0.20843476132929398
270,2023-01-11 20:00:00+00:00,0.04345828217941437
270,2023-01-11 21:00:00+00:00,0.0334056605423578
270,2023-01-11 22:00:00+00:00,0.02274745429474524
270,2023-01-11 23:00:00+00:00,0.0242070877741249
270,2023-01-12 00:00:00+00:00,0.023539884332634868
270,2023-01-12 01:00:00+00:00,0.026931553243215868
270,2023-01-12 02:00:00+00:00,0.03650635791360559
270,2023-01-12 03:00:00+00:00,0.03650635791360559
270,2023-01-12 04:00:00+00:00,0.03650635791360559
270,2023-01-12 05:00:00+00:00,0.03650635791360559
270,2023-01-12 06:00:00+00:00,0.07524585686762228
270,2023-01-12 07:00:00+00:00,0.14179962929584758
270,2023-01-12 08:00:00+00:00,0.14967392397003654
270,2023-01-12 09:00:00+00:00,0.13236483602824703
270,2023-01-12 10:00:00+00:00,0.11673678652977931
270,2023-01-12 11:00:00+00:00,0.12990213352365276
270,2023-01-12 12:00:00+00:00,0.21823663467791105
270,2023-01-12 13:00:00+00:00,0.14618434748523113
270,2023-01-12 14:00:00+00:00,0.22424476149257383
270,2023-01-12 15:00:00+00:00,0.29491125684900393
270,2023-01-12 16:00:00+00:00,0.1550467610257854
270,2023-01-12 17:00:00+00:00,0.32755602466626577
270,2023-01-12 18:00:00+00:00,0.113412311357407
270,2023-01-12 19:00:00+00:00,0.2165196272050868
270,2023-01-12 20:00:00+00:00,0.08268489182228264
270,2023-01-12 21:00:00+00:00,0.04813611139754215
270,2023-01-12 22:00:00+00:00,0.03762636089119289
270,2023-01-12 23:00:00+00:00,0.05190725023302584
270,2023-01-13 00:00:00+00:00,0.05051716265479965
270,2023-01-13 01:00:00+00:00,0.05051716265479965
270,2023-01-13 02:00:00+00:00,0.05051716265479965
270,2023-01-13 03:00:00+00:00,0.007851435898623665
270,2023-01-13 04:00:00+00:00,0.05051716265479965
270,2023-01-13 05:00:00+00:00,0.05051716265479965
270,2023-01-13 06:00:00+00:00,0.02399107273490763
270,2023-01-13 07:00:00+00:00,0.021720373020292078
270,2023-01-13 08:00:00+00:00,0.047926877050560014
270,2023-01-13 09:00:00+00:00,0.026091117958240692
270,2023-01-13 10:00:00+00:00,0.042257343020947656
270,2023-01-13 11:00:00+00:00,0.03879830891168639
270,2023-01-13 12:00:00+00:00,0.05118809455091164
270,2023-01-13 13:00:00+00:00,0.04054969703112708
270,2023-01-13 14:00:00+00:00,0.03179086636189375
270,2023-01-13 15:00:00+00:00,0.025933254122508194
270,2023-01-13 16:00:00+00:00,0.02104325240828855
270,2023-01-13 17:00:00+00:00,0.024452646349138525
270,2023-01-13 18:00:00+00:00,0.12613626606375247
270,2023-01-13 19:00:00+00:00,0.13142751964941146
270,2023-01-13 20:00:00+00:00,0.050730270707879686
270,2023-01-13 21:00:00+00:00,0.040757914401895703
270,2023-01-13 22:00:00+00:00,0.06241874817105714
270,2023-01-13 23:00:00+00:00,0.05824276615602333
270,2023-01-14 00:00:00+00:00,0.04617514216196885
270,2023-01-14 01:00:00+00:00,0.02484655352575799
270,2023-01-14 02:00:00+00:00,0.02223214725651791
270,2023-01-14 03:00:00+00:00,0.02223214725651791
270,2023-01-14 04:00:00+00:00,0.02223214725651791
270,2023-01-14 05:00:00+00:00,0.04244742248976731
270,2023-01-14 06:00:00+00:00,0.16511875233369627
270,2023-01-14 07:00:00+00:00,0.16511875233369627
270,2023-01-14 08:00:00+00:00,0.12110694450521549
270,2023-01-14 09:00:00+00:00,0.0645320166876098
270,2023-01-14 10:00:00+00:00,0.11735479310453872
270,2023-01-14 11:00:00+00:00,0.2217465945898638
270,2023-01-14 12:00:00+00:00,0.2931649887315956
270,2023-01-14 13:00:00+00:00,0.18281468886572108
270,2023-01-14 14:00:00+00:00,0.01996092275548653
270,2023-01-14 15:00:00+00:00,0.06752350627795117
270,2023-01-14 16:00:00+00:00,0.011548270064006513
270,2023-01-14 17:00:00+00:00,0.029946013629202604
270,2023-01-14 18:00:00+00:00,0.0588900220689924
270,2023-01-14 19:00:00+00:00,0.25612726527915636
270,2023-01-14 20:00:00+00:00,0.14562151404336404
270,2023-01-14 21:00:00+00:00,0.05548234803337673
270,2023-01-14 22:00:00+00:00,0.049169343297287914
270,2023-01-14 23:00:00+00:00,0.0481989334436067
270,2023-01-15 00:00:00+00:00,0.054327777782754945
270,2023-01-15 01:00:00+00:00,0.05492658873143363
270,2023-01-15 02:00:00+00:00,0.04878936886345977
270,2023-01-15 03:00:00+00:00,0.007570726552668112
270,2023-01-15 04:00:00+00:00,0.03730645886770361
270,2023-01-15 05:00:00+00:00,0.026931553243215868
270,2023-01-15 06:00:00+00:00,0.09178307168956688
270,2023-01-15 07:00:00+00:00,0.11486539310505578
270,2023-01-15 08:00:00+00:00,0.14763171077984655
270,2023-01-15 09:00:00+00:00,0.14763171077984655
270,2023-01-15 10:00:00+00:00,0.09317231696805234
270,2023-01-15 11:00:00+00:00,0.08243254121492212
270,2023-01-15 12:00:00+00:00,0.13279298009159554
270,2023-01-15 13:00:00+00:00,0.15100124720040528
270,2023-01-15 14:00:00+00:00,0.2638936751034303
270,2023-01-15 15:00:00+00:00,0.08982770758306015
270,2023-01-15 16:00:00+00:00,0.14119793510424253
270,2023-01-15 17:00:00+00:00,0.10372022657801473
270,2023-01-15 18:00:00+00:00,0.07054303386484356
270,2023-01-15 19:00:00+00:00,0.03256390516583682
270,2023-01-15 20:00:00+00:00,0.0449871965287086
270,2023-01-15 21:00:00+00:00,0.042844559115991436
270,2023-01-15 22:00:00+00:00,0.03123880958552273
270,2023-01-15 23:00:00+00:00,0.09356740670018775
270,2023-01-16 00:00:00+00:00,6.807281962023009e-06
270,2023-01-16 01:00:00+00:00,6.807281962023009e-06
270,2023-01-16 02:00:00+00:00,0.000803320447023987
270,2023-01-16 03:00:00+00:00,0.026816899885764536
270,2023-01-16 04:00:00+00:00,0.010867905767881913
270,2023-01-16 05:00:00+00:00,0.010867905767881913
270,2023-01-16 06:00:00+00:00,0.03629002455893091
270,2023-01-16 07:00:00+00:00,0.021412348144272758
270,2023-01-16 08:00:00+00:00,0.020541040878875132
270,2023-01-16 09:00:00+00:00,0.007336086028169692
270,2023-01-16 10:00:00+00:00,0.0008890380560133809
270,2023-01-16 11:00:00+00:00,0.004741536244689302
270,2023-01-16 12:00:00+00:00,0.005926920304333194
270,2023-01-16 13:00:00+00:00,0.0423383619854194
270,2023-01-16 14:00:00+00:00,0.013938563453522412
270,2023-01-16 15:00:00+00:00,0.01712987851541821
270,2023-01-16 16:00:00+00:00,0.028549797525697012
270,2023-01-16 17:00:00+00:00,0.015405780659156354
270,2023-01-16 18:00:00+00:00,0.0023652315316462754
270,2023-01-16 19:00:00+00:00,0.03556769160397717
270,2023-01-16 20:00:00+00:00,0.0009101017488911868
270,2023-01-16 21:00:00+00:00,0.001258858517153162
270,2023-01-16 22:00:00+00:00,0.049481394232237096
270,2023-01-16 23:00:00+00:00,0.027557894201452573
270,2023-01-17 00:00:00+00:00,0.03953361536948762
270,2023-01-17 01:00:00+00:00,0.06700482772597516
270,2023-01-17 02:00:00+00:00,0.03826587847611084
270,2023-01-17 03:00:00+00:00,0.014868876572803565
270,2023-01-17 04:00:00+00:00,0.024501287865073745
270,2023-01-17 05:00:00+00:00,0.06700482772597516
270,2023-01-17 06:00:00+00:00,0.0039435731035721774
270,2023-01-17 07:00:00+00:00,1.1545519794128916e-05
270,2023-01-17 08:00:00+00:00,3.0461932712615284e-05
270,2023-01-17 09:00:00+00:00,0.001971786551786084
270,2023-01-17 10:00:00+00:00,0.16720674989047563
270,2023-01-17 11:00:00+00:00,0.07849746219823683
270,2023-01-17 12:00:00+00:00,0.03232248443456811
270,2023-01-17 13:00:00+00:00,0.10970549953267311
270,2023-01-17 14:00:00+00:00,0.01855736839170306
270,2023-01-17 15:00:00+00:00,0.02712230764941216
270,2023-01-17 16:00:00+00:00,0.0063654900190449224
270,2023-01-17 17:00:00+00:00,0.02701861567845509
270,2023-01-17 18:00:00+00:00,0.0007287377472629637
270,2023-01-17 19:00:00+00:00,0.020146354842640213
270,2023-01-17 20:00:00+00:00,0.012970613792079453
270,2023-01-17 21:00:00+00:00,0.008802734965163641
270,2023-01-17 22:00:00+00:00,0.009538643869560794
270,2023-01-17 23:00:00+00:00,0.010882138001552624
270,2023-01-18 00:00:00+00:00,0.007851435898623665
270,2023-01-18 01:00:00+00:00,0.008999792313896386
270,2023-01-18 02:00:00+00:00,0.06373974166526578
270,2023-01-18 03:00:00+00:00,0.009408096817104465
270,2023-01-18 04:00:00+00:00,0.007851435898623665
270,2023-01-18 05:00:00+00:00,0.001528009812646258
270,2023-01-18 06:00:00+00:00,0.007482502842279992
270,2023-01-18 07:00:00+00:00,0.005408517543644748
270,2023-01-18 08:00:00+00:00,0.025595796279996107
270,2023-01-18 09:00:00+00:00,0.006346339003004233
270,2023-01-18 10:00:00+00:00,0.007071565897090917
270,2023-01-18 11:00:00+00:00,0.01080990056795829
270,2023-01-18 12:00:00+00:00,0.002364164609156789
270,2023-01-18 13:00:00+00:00,0.004990656843936531
270,2023-01-18 14:00:00+00:00,0.001827241516616576
270,2023-01-18 15:00:00+00:00,0.0034547583392498197
270,2023-01-18 16:00:00+00:00,0.007892250383312933
270,2023-01-18 17:00:00+00:00,0.022283189606692906
270,2023-01-18 18:00:00+00:00,0.013702290014558027
270,2023-01-18 19:00:00+00:00,0.0012529332817588863
270,2023-01-18 20:00:00+00:00,0.003746209092757734
270,2023-01-18 21:00:00+00:00,0.007573218048440779
270,2023-01-18 22:00:00+00:00,0.04656977105421461
270,2023-01-18 23:00:00+00:00,0.0012975699945723788
270,2023-01-19 00:00:00+00:00,0.0013428480189366049
270,2023-01-19 01:00:00+00:00,0.0006670565291086958
270,2023-01-19 02:00:00+00:00,0.001528009812646258
270,2023-01-19 03:00:00+00:00,0.05051716265479965
270,2023-01-19 04:00:00+00:00,0.05051716265479965
270,2023-01-19 05:00:00+00:00,0.007851435898623665
270,2023-01-19 06:00:00+00:00,0.0074893402443649455
270,2023-01-19 07:00:00+00:00,0.05306016464661887
270,2023-01-19 08:00:00+00:00,0.0072459172469063774
270,2023-01-19 09:00:00+00:00,0.05768460565489981
270,2023-01-19 10:00:00+00:00,0.05899683596933316
270,2023-01-19 11:00:00+00:00,0.07715685871417331
270,2023-01-19 12:00:00+00:00,0.002727435173019573
270,2023-01-19 13:00:00+00:00,0.0014054847940267274
270,2023-01-19 14:00:00+00:00,0.000843305767148212
270,2023-01-19 15:00:00+00:00,0.0018270783010071248
270,2023-01-19 16:00:00+00:00,0.001637004724814944
270,2023-01-19 17:00:00+00:00,0.008564939257709105
270,2023-01-19 18:00:00+00:00,0.0004216826181819014
270,2023-01-19 19:00:00+00:00,0.000727980205666635
270,2023-01-19 20:00:00+00:00,0.000546094268392738
270,2023-01-19 21:00:00+00:00,0.0012536487899890202
270,2023-01-19 22:00:00+00:00,0.0012534195402414674
270,2023-01-19 23:00:00+00:00,0.011097324604300069
270,2023-01-20 00:00:00+00:00,0.007851435898623665
270,2023-01-20 01:00:00+00:00,0.007851435898623665
270,2023-01-20 02:00:00+00:00,0.007851435898623665
270,2023-01-20 03:00:00+00:00,0.05051716265479965
270,2023-01-20 04:00:00+00:00,0.05051716265479965
270,2023-01-20 05:00:00+00:00,0.007851435898623665
270,2023-01-20 06:00:00+00:00,0.0074893402443649455
270,2023-01-20 07:00:00+00:00,0.0012569578577428127
270,2023-01-20 08:00:00+00:00,0.013313178364384998
270,2023-01-20 09:00:00+00:00,0.004161780542208725
270,2023-01-20 10:00:00+00:00,0.01954823629041664
270,2023-01-20 11:00:00+00:00,0.11757913788207401
270,2023-01-20 12:00:00+00:00,0.0024986443058059348
270,2023-01-20 13:00:00+00:00,0.001818400711078114
270,2023-01-20 14:00:00+00:00,0.0021822315329422083
270,2023-01-20 15:00:00+00:00,0.00444519023416594
270,2023-01-20 16:00:00+00:00,0.007478003566846243
270,2023-01-20 17:00:00+00:00,0.007892188825488821
270,2023-01-20 18:00:00+00:00,0.0018186457360146377
270,2023-01-20 19:00:00+00:00,0.003654111881862761
270,2023-01-20 20:00:00+00:00,0.06048337426488485
270,2023-01-20 21:00:00+00:00,0.0834147053093274
270,2023-01-20 22:00:00+00:00,0.0001327544659434899
270,2023-01-20 23:00:00+00:00,0.027704986658201234
270,2023-01-21 00:00:00+00:00,7.624622162242518e-05
270,2023-01-21 01:00:00+00:00,0.20175303782854775
270,2023-01-21 02:00:00+00:00,0.000803320447023987
270,2023-01-21 03:00:00+00:00,6.807281962023009e-06
270,2023-01-21 04:00:00+00:00,1.860922853540873e-05
270,2023-01-21 05:00:00+00:00,7.624622102741467e-05
270,2023-01-21 06:00:00+00:00,0.10814880449955593
270,2023-01-21 07:00:00+00:00,0.1464007006284395
270,2023-01-21 08:00:00+00:00,0.10478430190002268
270,2023-01-21 09:00:00+00:00,0.1464007006284395
270,2023-01-21 10:00:00+00:00,0.0655738388310359
270,2023-01-21 11:00:00+00:00,0.07546323698304462
270,2023-01-21 12:00:00+00:00,0.1282307346626941
270,2023-01-21 13:00:00+00:00,0.06761455321055403
270,2023-01-21 14:00:00+00:00,0.11801465524110621
270,2023-01-21 15:00:00+00:00,0.12899663702141514
270,2023-01-21 16:00:00+00:00,0.03728977721153181
270,2023-01-21 17:00:00+00:00,0.03231033315719319
270,2023-01-21 18:00:00+00:00,0.08132883744800265
270,2023-01-21 19:00:00+00:00,0.05337476772367589
270,2023-01-21 20:00:00+00:00,0.038070891394651675
270,2023-01-21 21:00:00+00:00,0.032195866487222516
270,2023-01-21 22:00:00+00:00,0.02828506700884122
270,2023-01-21 23:00:00+00:00,0.030859168774028983
270,2023-01-22 00:00:00+00:00,0.027420635593421602
270,2023-01-22 01:00:00+00:00,0.014868876572803565
270,2023-01-22 02:00:00+00:00,0.014868876572803565
270,2023-01-22 03:00:00+00:00,0.014868876572803565
270,2023-01-22 04:00:00+00:00,0.014868876572803565
270,2023-01-22 05:00:00+00:00,0.014868876572803565
270,2023-01-22 06:00:00+00:00,0.059334020748656124
270,2023-01-22 07:00:00+00:00,0.059334020748656124
270,2023-01-22 08:00:00+00:00,0.059334020748656124
270,2023-01-22 09:00:00+00:00,0.059334020748656124
270,2023-01-22 10:00:00+00:00,0.028861979712487332
270,2023-01-22 11:00:00+00:00,0.010401637267231761
270,2023-01-22 12:00:00+00:00,0.012008234152397507
270,2023-01-22 13:00:00+00:00,0.03514015736122001
270,2023-01-22 14:00:00+00:00,0.02509295660738452
270,2023-01-22 15:00:00+00:00,0.011162961978176329
270,2023-01-22 16:00:00+00:00,0.012206598425816518
270,2023-01-22 17:00:00+00:00,0.020877661399962194
270,2023-01-22 18:00:00+00:00,0.021658871012561854
270,2023-01-22 19:00:00+00:00,0.004434611774958569
270,2023-01-22 20:00:00+00:00,0.013991984260182659
270,2023-01-22 21:00:00+00:00,0.02838216061436207
270,2023-01-22 22:00:00+00:00,0.016857198519217277
270,2023-01-22 23:00:00+00:00,0.007597390797439951
270,2023-01-23 00:00:00+00:00,0.0058789223928075365
270,2023-01-23 01:00:00+00:00,0.024501287865073745
270,2023-01-23 02:00:00+00:00,0.024501287865073745
270,2023-01-23 03:00:00+00:00,0.024501287865073745
270,2023-01-23 04:00:00+00:00,0.023832547597141478
270,2023-01-23 05:00:00+00:00,0.03826587847611084
270,2023-01-23 06:00:00+00:00,0.10478430190002268
270,2023-01-23 07:00:00+00:00,0.07047843997010146
270,2023-01-23 08:00:00+00:00,0.04555554888912722
270,2023-01-23 09:00:00+00:00,0.043217059632896515
270,2023-01-23 10:00:00+00:00,0.04408565921702894
270,2023-01-23 11:00:00+00:00,0.07484368166715305
270,2023-01-23 12:00:00+00:00,0.05003979355031563
270,2023-01-23 13:00:00+00:00,0.031310132351225956
270,2023-01-23 14:00:00+00:00,0.004727527098138995
270,2023-01-23 15:00:00+00:00,0.013795544080766442
270,2023-01-23 16:00:00+00:00,0.09541506594587337
270,2023-01-23 17:00:00+00:00,0.07314900178508334
270,2023-01-23 18:00:00+00:00,0.0656753933878732
270,2023-01-23 19:00:00+00:00,0.0382479106964412
270,2023-01-23 20:00:00+00:00,0.0413870934075023
270,2023-01-23 21:00:00+00:00,0.03549454073385115
270,2023-01-23 22:00:00+00:00,0.03549454073385115
270,2023-01-23 23:00:00+00:00,0.032195866487222516
270,2023-01-24 00:00:00+00:00,0.06184993339640723
270,2023-01-24 01:00:00+00:00,0.03531998517827976
270,2023-01-24 02:00:00+00:00,0.027420635593421602
270,2023-01-24 03:00:00+00:00,0.024501287865073745
270,2023-01-24 04:00:00+00:00,0.03826587847611084
270,2023-01-24 05:00:00+00:00,0.023832547597141478
270,2023-01-24 06:00:00+00:00,0.10814880449955593
270,2023-01-24 07:00:00+00:00,0.0032727693867275628
270,2023-01-24 08:00:00+00:00,0.08634207041811356
270,2023-01-24 09:00:00+00:00,0.01515218590642807
270,2023-01-24 10:00:00+00:00,0.01595768685987973
270,2023-01-24 11:00:00+00:00,0.04634770651266096
270,2023-01-24 12:00:00+00:00,0.011202652090855199
270,2023-01-24 13:00:00+00:00,0.10075768495025113
270,2023-01-24 14:00:00+00:00,0.00355615218351451
270,2023-01-24 15:00:00+00:00,0.014274898762848506
270,2023-01-24 16:00:00+00:00,0.0022561811276073603
270,2023-01-24 17:00:00+00:00,0.025193781552817165
270,2023-01-24 18:00:00+00:00,0.005135260219718785
270,2023-01-24 19:00:00+00:00,0.0011853840627012145
270,2023-01-24 20:00:00+00:00,0.0005622087749962701
270,2023-01-24 21:00:00+00:00,0.0007276001330865741
270,2023-01-24 22:00:00+00:00,1.0409861470288659e-05
270,2023-01-24 23:00:00+00:00,0.0012564639622204183
270,2023-01-25 00:00:00+00:00,0.06700482772597516
270,2023-01-25 01:00:00+00:00,0.024501287865073745
270,2023-01-25 02:00:00+00:00,0.014868876572803565
270,2023-01-25 03:00:00+00:00,0.001528009812646258
270,2023-01-25 04:00:00+00:00,0.0010866020580307227
270,2023-01-25 05:00:00+00:00,0.023194226605913627
270,2023-01-25 06:00:00+00:00,0.12110694450521549
270,2023-01-25 07:00:00+00:00,0.1284718503897894
270,2023-01-25 08:00:00+00:00,0.12821339613306534
270,2023-01-25 09:00:00+00:00,0.0973794357464326
270,2023-01-25 10:00:00+00:00,0.045218321755873814
270,2023-01-25 11:00:00+00:00,0.028037439411852758
270,2023-01-25 12:00:00+00:00,0.09618174099678466
270,2023-01-25 13:00:00+00:00,0.012244479807824686
270,2023-01-25 14:00:00+00:00,0.07351266391729931
270,2023-01-25 15:00:00+00:00,0.048480395479318455
270,2023-01-25 16:00:00+00:00,0.0179680287266112
270,2023-01-25 17:00:00+00:00,0.016858976959400248
270,2023-01-25 18:00:00+00:00,0.010237989753664495
270,2023-01-25 19:00:00+00:00,0.00872204160332054
270,2023-01-25 20:00:00+00:00,0.05119589978191412
270,2023-01-25 21:00:00+00:00,0.04894553056073108
270,2023-01-25 22:00:00+00:00,0.018923835917500676
270,2023-01-25 23:00:00+00:00,0.017783845801988586
270,2023-01-26 00:00:00+00:00,0.026816899885764536
270,2023-01-26 01:00:00+00:00,7.624622102741467e-05
270,2023-01-26 02:00:00+00:00,0.000803320447023987
270,2023-01-26 03:00:00+00:00,0.000803320447023987
270,2023-01-26 04:00:00+00:00,0.016930825180011867
270,2023-01-26 05:00:00+00:00,0.026816899885764536
270,2023-01-26 06:00:00+00:00,0.05335153740596576
270,2023-01-26 07:00:00+00:00,0.04082737591461113
270,2023-01-26 08:00:00+00:00,0.13164659943920773
270,2023-01-26 09:00:00+00:00,0.02194109990653462
270,2023-01-26 10:00:00+00:00,0.006804562652435188
270,2023-01-26 11:00:00+00:00,0.008891922900994293
270,2023-01-26 12:00:00+00:00,0.01846999110546749
270,2023-01-26 13:00:00+00:00,0.03656849984422437
270,2023-01-26 14:00:00+00:00,3.0288228086529016e-05
270,2023-01-26 15:00:00+00:00,3.0377924244361875e-05
270,2023-01-26 16:00:00+00:00,0.00012476513473989962
270,2023-01-26 17:00:00+00:00,0.027704986658201234
270,2023-01-26 18:00:00+00:00,0.026715522848979763
270,2023-01-26 19:00:00+00:00,0.040747756969278584
270,2023-01-26 20:00:00+00:00,0.04388219981306924
270,2023-01-26 21:00:00+00:00,0.017783845801988586
270,2023-01-26 22:00:00+00:00,0.04388219981306924
270,2023-01-26 23:00:00+00:00,0.017783845801988586
270,2023-01-27 00:00:00+00:00,0.026816899885764536
270,2023-01-27 01:00:00+00:00,0.008316687686309674
270,2023-01-27 02:00:00+00:00,0.007392412410152592
270,2023-01-27 03:00:00+00:00,0.008316687686309674
270,2023-01-27 04:00:00+00:00,0.026816899885764536
270,2023-01-27 05:00:00+00:00,0.016930825180011867
270,2023-01-27 06:00:00+00:00,0.0039435731035721774
270,2023-01-27 07:00:00+00:00,1.55784289862736e-05
270,2023-01-27 08:00:00+00:00,0.00024953057320037576
270,2023-01-27 09:00:00+00:00,0.0507924755400356
270,2023-01-27 10:00:00+00:00,0.057718722204585904
270,2023-01-27 11:00:00+00:00,0.06464496886913622
270,2023-01-27 12:00:00+00:00,0.0002633910056843362
270,2023-01-27 13:00:00+00:00,0.08288859964690858
270,2023-01-27 14:00:00+00:00,0.04617497776366873
270,2023-01-27 15:00:00+00:00,0.001533611762500312
270,2023-01-27 16:00:00+00:00,0.0010954369732145272
270,2023-01-27 17:00:00+00:00,6.238680735483362e-05
270,2023-01-27 18:00:00+00:00,0.0013145243678574343
270,2023-01-27 19:00:00+00:00,0.042663249818261764
270,2023-01-27 20:00:00+00:00,0.01679585436854478
270,2023-01-27 21:00:00+00:00,0.001314524367857422
270,2023-01-27 22:00:00+00:00,0.04388219981306924
270,2023-01-27 23:00:00+00:00,0.017783845801988586
270,2023-01-28 00:00:00+00:00,0.010867905767881913
270,2023-01-28 01:00:00+00:00,0.008316687686309674
270,2023-01-28 02:00:00+00:00,0.010867905767881913
270,2023-01-28 03:00:00+00:00,0.007392412410152592
270,2023-01-28 04:00:00+00:00,0.0006670565291086958
270,2023-01-28 05:00:00+00:00,0.05051716265479965
270,2023-01-28 06:00:00+00:00,0.02827851551529041
270,2023-01-28 07:00:00+00:00,0.0074893402443649455
270,2023-01-28 08:00:00+00:00,0.0074893402443649455
270,2023-01-28 09:00:00+00:00,0.03072834253453888
270,2023-01-28 10:00:00+00:00,0.02391854062893606
270,2023-01-28 11:00:00+00:00,0.15060130353254758
270,2023-01-28 12:00:00+00:00,0.020152548407945687
270,2023-01-28 13:00:00+00:00,0.13717205293649515
270,2023-01-28 14:00:00+00:00,0.11571663199161725
270,2023-01-28 15:00:00+00:00,0.08478753695959053
270,2023-01-28 16:00:00+00:00,0.11147621884687048
270,2023-01-28 17:00:00+00:00,0.17052742066364923
270,2023-01-28 18:00:00+00:00,0.22626245456508315
270,2023-01-28 19:00:00+00:00,0.012077220341042605
270,2023-01-28 20:00:00+00:00,0.009963417798377595
270,2023-01-28 21:00:00+00:00,0.04212273394502289
270,2023-01-28 22:00:00+00:00,0.03238731493923707
270,2023-01-28 23:00:00+00:00,0.03534166291674656
270,2023-01-29 00:00:00+00:00,0.02547160467625907
270,2023-01-29 01:00:00+00:00,0.02185921750498501
270,2023-01-29 02:00:00+00:00,0.02547160467625907
270,2023-01-29 03:00:00+00:00,0.04948978106973619
270,2023-01-29 04:00:00+00:00,0.03650635791360559
270,2023-01-29 05:00:00+00:00,0.03650635791360559
270,2023-01-29 06:00:00+00:00,0.09178307168956688
270,2023-01-29 07:00:00+00:00,0.09178307168956688
270,2023-01-29 08:00:00+00:00,0.11486539310505578
270,2023-01-29 09:00:00+00:00,0.11486539310505578
270,2023-01-29 10:00:00+00:00,0.06806068649787982
270,2023-01-29 11:00:00+00:00,0.04413593577874447
270,2023-01-29 12:00:00+00:00,0.06603154707778089
270,2023-01-29 13:00:00+00:00,0.14799167163032653
270,2023-01-29 14:00:00+00:00,0.13094360886635864
270,2023-01-29 15:00:00+00:00,0.06778346225625245
270,2023-01-29 16:00:00+00:00,0.10081362280963317
270,2023-01-29 17:00:00+00:00,0.09881011794978167
270,2023-01-29 18:00:00+00:00,0.08911170691191249
270,2023-01-29 19:00:00+00:00,0.00942165666607181
270,2023-01-29 20:00:00+00:00,0.038837731656488995
270,2023-01-29 21:00:00+00:00,0.05211415479440563
270,2023-01-29 22:00:00+00:00,0.061648229181052325
270,2023-01-29 23:00:00+00:00,0.061648229181052325
270,2023-01-30 00:00:00+00:00,0.05051716265479965
270,2023-01-30 01:00:00+00:00,0.05051716265479965
270,2023-01-30 02:00:00+00:00,0.05051716265479965
270,2023-01-30 03:00:00+00:00,0.05051716265479965
270,2023-01-30 04:00:00+00:00,0.007851435898623665
270,2023-01-30 05:00:00+00:00,0.0010866020580307227
270,2023-01-30 06:00:00+00:00,0.005334228285586481
270,2023-01-30 07:00:00+00:00,0.0012628260804025805
270,2023-01-30 08:00:00+00:00,0.05259320215077839
270,2023-01-30 09:00:00+00:00,0.013525122140206503
270,2023-01-30 10:00:00+00:00,0.11845830104151574
270,2023-01-30 11:00:00+00:00,0.17710681962545277
270,2023-01-30 12:00:00+00:00,0.01575027590175781
270,2023-01-30 13:00:00+00:00,0.013517043465685236
270,2023-01-30 14:00:00+00:00,0.018910075075155245
270,2023-01-30 15:00:00+00:00,0.0029122808517105837
270,2023-01-30 16:00:00+00:00,0.0012649585603620873
270,2023-01-30 17:00:00+00:00,0.0007028537529895908
270,2023-01-30 18:00:00+00:00,0.007336086028169691
270,2023-01-30 19:00:00+00:00,0.0031891619726810527
270,2023-01-30 20:00:00+00:00,0.03196745369143863
270,2023-01-30 21:00:00+00:00,0.029918171946090127
270,2023-01-30 22:00:00+00:00,0.021966225312827607
270,2023-01-30 23:00:00+00:00,0.024888382630972764
270,2023-01-31 00:00:00+00:00,0.03650635791360559
270,2023-01-31 01:00:00+00:00,0.05051716265479965
270,2023-01-31 02:00:00+00:00,0.05051716265479965
270,2023-01-31 03:00:00+00:00,0.05051716265479965
270,2023-01-31 04:00:00+00:00,0.03650635791360559
270,2023-01-31 05:00:00+00:00,0.05051716265479965
270,2023-01-31 06:00:00+00:00,0.09566297020670338
270,2023-01-31 07:00:00+00:00,0.042225797371753894
270,2023-01-31 08:00:00+00:00,0.040572699530320666
270,2023-01-31 09:00:00+00:00,0.07159901539160635
270,2023-01-31 10:00:00+00:00,0.1025805210673568
270,2023-01-31 11:00:00+00:00,0.10256611087749636
270,2023-01-31 12:00:00+00:00,0.023539942144016165
270,2023-01-31 13:00:00+00:00,0.007899678653803154
270,2023-01-31 14:00:00+00:00,0.0014553996664779724
270,2023-01-31 15:00:00+00:00,0.004579151443870973
270,2023-01-31 16:00:00+00:00,0.0025076980935544472
270,2023-01-31 17:00:00+00:00,0.0037507388771074826
270,2023-01-31 18:00:00+00:00,0.0012596570721444184
270,2023-01-31 19:00:00+00:00,0.014939765312778604
270,2023-01-31 20:00:00+00:00,0.01720536143769567
270,2023-01-31 21:00:00+00:00,0.054552471314652816
270,2023-01-31 22:00:00+00:00,0.05257341823528159
270,2023-01-31 23:00:00+00:00,0.008108327026140958
270,2023-02-01 00:00:00+00:00,0.05051716265479965
270,2023-02-01 01:00:00+00:00,0.03650635791360559
270,2023-02-01 02:00:00+00:00,0.05051716265479965
270,2023-02-01 03:00:00+00:00,0.05051716265479965
270,2023-02-01 04:00:00+00:00,0.05051716265479965
270,2023-02-01 05:00:00+00:00,0.05051716265479965
270,2023-02-01 06:00:00+00:00,0.02827851551529041
270,2023-02-01 07:00:00+00:00,0.02827851551529041
270,2023-02-01 08:00:00+00:00,0.10068225297157457
270,2023-02-01 09:00:00+00:00,0.025129837103055757
270,2023-02-01 10:00:00+00:00,0.28028786286152646
270,2023-02-01 11:00:00+00:00,0.03154942041087618
270,2023-02-01 12:00:00+00:00,0.00749245394115183
270,2023-02-01 13:00:00+00:00,0.013300343669638785
270,2023-02-01 14:00:00+00:00,0.16383134396022656
270,2023-02-01 15:00:00+00:00,0.028810431631523397
270,2023-02-01 16:00:00+00:00,0.09309658024819106
270,2023-02-01 17:00:00+00:00,0.16132009720016977
270,2023-02-01 18:00:00+00:00,0.09774430862834939
270,2023-02-01 19:00:00+00:00,0.04107210124005484
270,2023-02-01 20:00:00+00:00,0.07118389440924125
270,2023-02-01 21:00:00+00:00,0.07443033697283315
270,2023-02-01 22:00:00+00:00,0.07770942695731498
270,2023-02-01 23:00:00+00:00,0.04620605583352734
270,2023-02-02 00:00:00+00:00,0.05051716265479965
270,2023-02-02 01:00:00+00:00,0.05051716265479965
270,2023-02-02 02:00:00+00:00,0.03650635791360559
270,2023-02-02 03:00:00+00:00,0.05051716265479965
270,2023-02-02 04:00:00+00:00,0.03650635791360559
270,2023-02-02 05:00:00+00:00,0.05051716265479965
270,2023-02-02 06:00:00+00:00,0.11486539310505578
270,2023-02-02 07:00:00+00:00,0.09919829481476988
270,2023-02-02 08:00:00+00:00,0.07066744992037195
270,2023-02-02 09:00:00+00:00,0.09382087740557903
270,2023-02-02 10:00:00+00:00,0.15181495513561846
270,2023-02-02 11:00:00+00:00,0.17492798008099913
270,2023-02-02 12:00:00+00:00,0.18168149154546367
270,2023-02-02 13:00:00+00:00,0.12772492739995744
270,2023-02-02 14:00:00+00:00,0.15469440097859777
270,2023-02-02 15:00:00+00:00,0.10063270393817772
270,2023-02-02 16:00:00+00:00,0.1275348637251545
270,2023-02-02 17:00:00+00:00,0.08711559428172681
270,2023-02-02 18:00:00+00:00,0.07797179378069496
270,2023-02-02 19:00:00+00:00,0.09810749559544082
270,2023-02-02 20:00:00+00:00,0.05557999102343535
270,2023-02-02 21:00:00+00:00,0.0492654813718122
270,2023-02-02 22:00:00+00:00,0.04771238118679979
270,2023-02-02 23:00:00+00:00,0.052234524458837264
270,2023-02-03 00:00:00+00:00,0.04948978106973619
270,2023-02-03 01:00:00+00:00,0.05235177262812724
270,2023-02-03 02:00:00+00:00,0.04283001450923686
270,2023-02-03 03:00:00+00:00,0.05051716265479965
270,2023-02-03 04:00:00+00:00,0.05051716265479965
270,2023-02-03 05:00:00+00:00,0.05051716265479965
270,2023-02-03 06:00:00+00:00,0.02827851551529041
270,2023-02-03 07:00:00+00:00,0.02221325959786923
270,2023-02-03 08:00:00+00:00,0.10518693084020807
270,2023-02-03 09:00:00+00:00,0.03818278534291429
270,2023-02-03 10:00:00+00:00,0.061306642794290746
270,2023-02-03 11:00:00+00:00,0.12076471358862055
270,2023-02-03 12:00:00+00:00,0.08288453001594666
270,2023-02-03 13:00:00+00:00,0.11271889147766474
270,2023-02-03 14:00:00+00:00,0.0934499933726813
270,2023-02-03 15:00:00+00:00,0.1725455523844571
270,2023-02-03 16:00:00+00:00,0.11026989314951838
270,2023-02-03 17:00:00+00:00,0.14100471219753177
270,2023-02-03 18:00:00+00:00,0.05444235092867729
270,2023-02-03 19:00:00+00:00,0.09072126174198117
270,2023-02-03 20:00:00+00:00,0.0933102760719772
270,2023-02-03 21:00:00+00:00,0.04702427578130203
270,2023-02-03 22:00:00+00:00,0.04212273394502289
270,2023-02-03 23:00:00+00:00,0.09856336730671485
270,2023-02-04 00:00:00+00:00,0.08994597540810738
270,2023-02-04 01:00:00+00:00,0.08240405008405675
270,2023-02-04 02:00:00+00:00,0.0337259080367334
270,2023-02-04 03:00:00+00:00,0.04731228671090459
270,2023-02-04 04:00:00+00:00,0.007851435898623665
270,2023-02-04 05:00:00+00:00,0.05051716265479965
270,2023-02-04 06:00:00+00:00,0.14763171077984655
270,2023-02-04 07:00:00+00:00,0.14763171077984655
270,2023-02-04 08:00:00+00:00,0.14763171077984655
270,2023-02-04 09:00:00+00:00,0.046672307942294315
270,2023-02-04 10:00:00+00:00,0.08400652004111019
270,2023-02-04 11:00:00+00:00,0.09947937750237144
270,2023-02-04 12:00:00+00:00,0.05822594895995635
270,2023-02-04 13:00:00+00:00,0.04704544630476005
270,2023-02-04 14:00:00+00:00,0.18813278738615558
270,2023-02-04 15:00:00+00:00,0.09419445059700984
270,2023-02-04 16:00:00+00:00,0.06150128803702445
270,2023-02-04 17:00:00+00:00,0.08251715321969984
270,2023-02-04 18:00:00+00:00,0.09030894548297136
270,2023-02-04 19:00:00+00:00,0.08883837097025926
270,2023-02-04 20:00:00+00:00,0.009104412541906349
270,2023-02-04 21:00:00+00:00,0.058929678506233325
270,2023-02-04 22:00:00+00:00,0.06852689619549913
270,2023-02-04 23:00:00+00:00,0.05165361199367607
270,2023-02-05 00:00:00+00:00,0.0016654679542798649
270,2023-02-05 01:00:00+00:00,0.0009958517938313672
270,2023-02-05 02:00:00+00:00,0.037233381659573905
270,2023-02-05 03:00:00+00:00,0.008316687686309674
270,2023-02-05 04:00:00+00:00,7.624622102741467e-05
270,2023-02-05 05:00:00+00:00,7.624622102741467e-05
270,2023-02-05 06:00:00+00:00,0.0003743001672666455
270,2023-02-05 07:00:00+00:00,0.03629002455893091
270,2023-02-05 08:00:00+00:00,0.05335153740596576
270,2023-02-05 09:00:00+00:00,0.0039435731035721774
270,2023-02-05 10:00:00+00:00,3.264352022470557e-05
270,2023-02-05 11:00:00+00:00,1.9353701525971438e-05
270,2023-02-05 12:00:00+00:00,0.09234995552733746
270,2023-02-05 13:00:00+00:00,3.1017564389641784e-05
270,2023-02-05 14:00:00+00:00,0.2815346417421138
270,2023-02-05 15:00:00+00:00,0.041495640204640034
270,2023-02-05 16:00:00+00:00,0.0003534999702315231
270,2023-02-05 17:00:00+00:00,0.04617497776366873
270,2023-02-05 18:00:00+00:00,0.00024952913737226896
270,2023-02-05 19:00:00+00:00,0.11450406982909894
270,2023-02-05 20:00:00+00:00,0.028086173046198655
270,2023-02-05 21:00:00+00:00,0.05813707573077679
270,2023-02-05 22:00:00+00:00,0.03755861099927918
270,2023-02-05 23:00:00+00:00,0.09171773209961431
270,2023-02-06 00:00:00+00:00,0.0006671543927863772
270,2023-02-06 01:00:00+00:00,0.027300299388157392
270,2023-02-06 02:00:00+00:00,0.03826587847611084
270,2023-02-06 03:00:00+00:00,0.024501287865073745
270,2023-02-06 04:00:00+00:00,0.008152187777259436
270,2023-02-06 05:00:00+00:00,0.023832547597141478
270,2023-02-06 06:00:00+00:00,0.08942370351332238
270,2023-02-06 07:00:00+00:00,0.03918318974064612
270,2023-02-06 08:00:00+00:00,0.03389646075353932
270,2023-02-06 09:00:00+00:00,0.12201500757917551
270,2023-02-06 10:00:00+00:00,0.14581476018011064
270,2023-02-06 11:00:00+00:00,0.100783432145567
270,2023-02-06 12:00:00+00:00,0.06064172999582298
270,2023-02-06 13:00:00+00:00,0.04351359504344868
270,2023-02-06 14:00:00+00:00,0.02670721814779637
270,2023-02-06 15:00:00+00:00,0.062227277752261806
270,2023-02-06 16:00:00+00:00,0.08204101877891476
270,2023-02-06 17:00:00+00:00,0.0008890380476042013
270,2023-02-06 18:00:00+00:00,0.005821336887848091
270,2023-02-06 19:00:00+00:00,0.062346083381796556
270,2023-02-06 20:00:00+00:00,0.06815985476511033
270,2023-02-06 21:00:00+00:00,0.049756150289864666
270,2023-02-06 22:00:00+00:00,0.11129615283534564
270,2023-02-06 23:00:00+00:00,0.027704986658201234
270,2023-02-07 00:00:00+00:00,0.002689898210328887
270,2023-02-07 01:00:00+00:00,0.008152187777259436
270,2023-02-07 02:00:00+00:00,0.0058789223928075365
270,2023-02-07 03:00:00+00:00,1.860922853540873e-05
270,2023-02-07 04:00:00+00:00,0.0664386697185143
270,2023-02-07 05:00:00+00:00,0.03826587847611084
270,2023-02-07 06:00:00+00:00,0.048032366026269195
270,2023-02-07 07:00:00+00:00,0.18201132548253524
270,2023-02-07 08:00:00+00:00,0.09625780563398727
270,2023-02-07 09:00:00+00:00,0.08297648438644237
270,2023-02-07 10:00:00+00:00,0.0816255027016023
270,2023-02-07 11:00:00+00:00,6.238881750835493e-05
270,2023-02-07 12:00:00+00:00,0.018145500406493837
270,2023-02-07 13:00:00+00:00,0.03556769160397717
270,2023-02-07 14:00:00+00:00,0.01411278732847313
270,2023-02-07 15:00:00+00:00,0.01570238863913335
270,2023-02-07 16:00:00+00:00,0.07430810915298976
270,2023-02-07 17:00:00+00:00,0.0048199226821437225
270,2023-02-07 18:00:00+00:00,0.0002911160345325929
270,2023-02-07 19:00:00+00:00,0.12519213676120722
270,2023-02-07 20:00:00+00:00,0.04117923259220141
270,2023-02-07 21:00:00+00:00,0.022525699128949837
270,2023-02-07 22:00:00+00:00,0.004382535785506869
270,2023-02-07 23:00:00+00:00,0.027528730362882652
270,2023-02-08 00:00:00+00:00,0.023832547597141478
270,2023-02-08 01:00:00+00:00,0.02814618064904106
270,2023-02-08 02:00:00+00:00,0.03826587847611084
270,2023-02-08 03:00:00+00:00,0.014868876572803565
270,2023-02-08 04:00:00+00:00,0.06700482772597516
270,2023-02-08 05:00:00+00:00,0.02814618064904106
270,2023-02-08 06:00:00+00:00,0.0903886305248281
270,2023-02-08 07:00:00+00:00,0.039674810645402965
270,2023-02-08 08:00:00+00:00,0.05718151388718263
270,2023-02-08 09:00:00+00:00,0.015557574865439492
270,2023-02-08 10:00:00+00:00,0.18349544523105765
270,2023-02-08 11:00:00+00:00,0.025845191410294593
270,2023-02-08 12:00:00+00:00,0.04781761165052323
270,2023-02-08 13:00:00+00:00,0.04429777268498443
270,2023-02-08 14:00:00+00:00,0.049909411821053254
270,2023-02-08 15:00:00+00:00,0.08288035152213143
270,2023-02-08 16:00:00+00:00,0.07127386408420813
270,2023-02-08 17:00:00+00:00,0.08538955718645601
270,2023-02-08 18:00:00+00:00,0.06904325539496001
270,2023-02-08 19:00:00+00:00,0.0684829784701745
270,2023-02-08 20:00:00+00:00,0.06702567606645274
270,2023-02-08 21:00:00+00:00,0.05192444777521497
270,2023-02-08 22:00:00+00:00,0.03888298315160194
270,2023-02-08 23:00:00+00:00,0.03888298315160194
270,2023-02-09 00:00:00+00:00,0.030103532667464208
270,2023-02-09 01:00:00+00:00,0.026931553243215868
270,2023-02-09 02:00:00+00:00,0.023194226605913627
270,2023-02-09 03:00:00+00:00,0.026931553243215868
270,2023-02-09 04:00:00+00:00,0.03650635791360559
270,2023-02-09 05:00:00+00:00,0.026931553243215868
270,2023-02-09 06:00:00+00:00,0.08028593068975393
270,2023-02-09 07:00:00+00:00,0.09321071186663428
270,2023-02-09 08:00:00+00:00,0.005630574289987759
270,2023-02-09 09:00:00+00:00,0.002364665568537049
270,2023-02-09 10:00:00+00:00,0.02194109990653462
270,2023-02-09 11:00:00+00:00,0.0015336117625004547
270,2023-02-09 12:00:00+00:00,0.0002911183321362999
270,2023-02-09 13:00:00+00:00,0.032257799607938585
270,2023-02-09 14:00:00+00:00,0.02426732789684246
270,2023-02-09 15:00:00+00:00,0.008069694630986663
270,2023-02-09 16:00:00+00:00,0.0038524982009179778
270,2023-02-09 17:00:00+00:00,0.002730249050491827
270,2023-02-09 18:00:00+00:00,0.024135071953523022
270,2023-02-09 19:00:00+00:00,0.0014554068457440256
270,2023-02-09 20:00:00+00:00,0.001273323809531414
270,2023-02-09 21:00:00+00:00,0.0019756401029731013
270,2023-02-09 22:00:00+00:00,0.05927140934668841
270,2023-02-09 23:00:00+00:00,0.028612924261391778
270,2023-02-10 00:00:00+00:00,0.03953361536948762
270,2023-02-10 01:00:00+00:00,0.03953361536948762
270,2023-02-10 02:00:00+00:00,0.008152187777259436
270,2023-02-10 03:00:00+00:00,0.004097493101535481
270,2023-02-10 04:00:00+00:00,0.0058789223928075365
270,2023-02-10 05:00:00+00:00,0.024501287865073745
270,2023-02-10 06:00:00+00:00,0.16511875233369627
270,2023-02-10 07:00:00+00:00,0.03633433115496335
270,2023-02-10 08:00:00+00:00,0.04283251717155467
270,2023-02-10 09:00:00+00:00,0.24749931033707157
270,2023-02-10 10:00:00+00:00,0.13590254900231385
270,2023-02-10 11:00:00+00:00,0.060881396953779296
270,2023-02-10 12:00:00+00:00,0.11476652770367585
270,2023-02-10 13:00:00+00:00,0.13532079800399108
270,2023-02-10 14:00:00+00:00,0.15200248463052568
270,2023-02-10 15:00:00+00:00,0.10222016611726199
270,2023-02-10 16:00:00+00:00,0.05357931708237397
270,2023-02-10 17:00:00+00:00,0.04912354617131597
270,2023-02-10 18:00:00+00:00,0.060952318195231364
270,2023-02-10 19:00:00+00:00,0.05503058553417957
270,2023-02-10 20:00:00+00:00,0.0316655505910057
270,2023-02-10 21:00:00+00:00,0.047909007921990376
270,2023-02-10 22:00:00+00:00,0.04894648283221113
270,2023-02-10 23:00:00+00:00,0.06915573703140697
270,2023-02-11 00:00:00+00:00,0.009166825974299691
270,2023-02-11 01:00:00+00:00,0.0650098350179006
270,2023-02-11 02:00:00+00:00,0.05051716265479965
270,2023-02-11 03:00:00+00:00,0.03650635791360559
270,2023-02-11 04:00:00+00:00,0.05051716265479965
270,2023-02-11 05:00:00+00:00,0.05051716265479965
270,2023-02-11 06:00:00+00:00,0.14763171077984655
270,2023-02-11 07:00:00+00:00,0.09373872539876446
270,2023-02-11 08:00:00+00:00,0.0032727693867275628
270,2023-02-11 09:00:00+00:00,0.07975200972433956
270,2023-02-11 10:00:00+00:00,0.08891639661096619
270,2023-02-11 11:00:00+00:00,0.005414617463795783
270,2023-02-11 12:00:00+00:00,0.008324824815887664
270,2023-02-11 13:00:00+00:00,0.12930873369175988
270,2023-02-11 14:00:00+00:00,0.06830862038358783
270,2023-02-11 15:00:00+00:00,0.006043339581273521
270,2023-02-11 16:00:00+00:00,0.010341786395698944
270,2023-02-11 17:00:00+00:00,0.00416830885844347
270,2023-02-11 18:00:00+00:00,0.005868868822535757
270,2023-02-11 19:00:00+00:00,0.012475031529464511
270,2023-02-11 20:00:00+00:00,0.00137054147647081
270,2023-02-11 21:00:00+00:00,0.0009650886158876944
270,2023-02-11 22:00:00+00:00,0.038997408722203426
270,2023-02-11 23:00:00+00:00,0.044979906362418935
270,2023-02-12 00:00:00+00:00,0.0664386697185143
270,2023-02-12 01:00:00+00:00,0.0664386697185143
270,2023-02-12 02:00:00+00:00,0.0664386697185143
270,2023-02-12 03:00:00+00:00,0.06700482772597516
270,2023-02-12 04:00:00+00:00,0.06700482772597516
270,2023-02-12 05:00:00+00:00,0.06700482772597516
270,2023-02-12 06:00:00+00:00,0.2564166806077229
270,2023-02-12 07:00:00+00:00,0.2564166806077229
270,2023-02-12 08:00:00+00:00,0.1464007006284395
270,2023-02-12 09:00:00+00:00,0.13330784152696798
270,2023-02-12 10:00:00+00:00,0.03369072002957149
270,2023-02-12 11:00:00+00:00,0.047264134238637866
270,2023-02-12 12:00:00+00:00,0.10925790444661737
270,2023-02-12 13:00:00+00:00,0.1003229114279501
270,2023-02-12 14:00:00+00:00,0.021552840237358335
270,2023-02-12 15:00:00+00:00,0.06339701260690477
270,2023-02-12 16:00:00+00:00,0.02604025754940398
270,2023-02-12 17:00:00+00:00,0.027306828018426762
270,2023-02-12 18:00:00+00:00,0.04038806598676011
270,2023-02-12 19:00:00+00:00,0.03193773202210036
270,2023-02-12 20:00:00+00:00,0.03566500034998676
270,2023-02-12 21:00:00+00:00,0.03329153691840074
270,2023-02-12 22:00:00+00:00,0.028933343784892422
270,2023-02-12 23:00:00+00:00,0.030859168774028983
270,2023-02-13 00:00:00+00:00,0.024501287865073745
270,2023-02-13 01:00:00+00:00,0.013903317995243691
270,2023-02-13 02:00:00+00:00,0.0058789223928075365
270,2023-02-13 03:00:00+00:00,0.0058789223928075365
270,2023-02-13 04:00:00+00:00,0.0058789223928075365
270,2023-02-13 05:00:00+00:00,0.013903317995243691
270,2023-02-13 06:00:00+00:00,0.048032366026269195
270,2023-02-13 07:00:00+00:00,0.07964075061710768
270,2023-02-13 08:00:00+00:00,0.06975842856231039
270,2023-02-13 09:00:00+00:00,0.08770046746089044
270,2023-02-13 10:00:00+00:00,0.054319893784511145
270,2023-02-13 11:00:00+00:00,0.07812977430852999
270,2023-02-13 12:00:00+00:00,0.08757711346288632
270,2023-02-13 13:00:00+00:00,0.013407538435175758
270,2023-02-13 14:00:00+00:00,0.03829068541739882
270,2023-02-13 15:00:00+00:00,0.05659138834805626
270,2023-02-13 16:00:00+00:00,0.07971189482181501
270,2023-02-13 17:00:00+00:00,0.1227923251833865
270,2023-02-13 18:00:00+00:00,0.070221822968404
270,2023-02-13 19:00:00+00:00,0.04757065523269588
270,2023-02-13 20:00:00+00:00,0.05149675099395269
270,2023-02-13 21:00:00+00:00,0.02446676966812353
270,2023-02-13 22:00:00+00:00,0.004955623187693634
270,2023-02-13 23:00:00+00:00,0.04749261465804611
270,2023-02-14 00:00:00+00:00,1.8593688849918675e-05
270,2023-02-14 01:00:00+00:00,1.860922853540873e-05
270,2023-02-14 02:00:00+00:00,0.0664386697185143
270,2023-02-14 03:00:00+00:00,0.06700482772597516
270,2023-02-14 04:00:00+00:00,0.06700482772597516
270,2023-02-14 05:00:00+00:00,0.023832547597141478
270,2023-02-14 06:00:00+00:00,0.09344503448350833
270,2023-02-14 07:00:00+00:00,0.10478430190002268
270,2023-02-14 08:00:00+00:00,0.04686105642641053
270,2023-02-14 09:00:00+00:00,0.019998885821889762
270,2023-02-14 10:00:00+00:00,0.050861370584184794
270,2023-02-14 11:00:00+00:00,0.13137227268757667
270,2023-02-14 12:00:00+00:00,0.10329844706735532
270,2023-02-14 13:00:00+00:00,0.014600234158754725
270,2023-02-14 14:00:00+00:00,0.024852767341375176
270,2023-02-14 15:00:00+00:00,0.02181892248431596
270,2023-02-14 16:00:00+00:00,0.049724389993403645
270,2023-02-14 17:00:00+00:00,0.06692360637007244
270,2023-02-14 18:00:00+00:00,0.07749636642463296
270,2023-02-14 19:00:00+00:00,0.05238429838069878
270,2023-02-14 20:00:00+00:00,0.04500205282279296
270,2023-02-14 21:00:00+00:00,0.028795206015330175
270,2023-02-14 22:00:00+00:00,0.032195866487222516
270,2023-02-14 23:00:00+00:00,0.029169560126394725
270,2023-02-15 00:00:00+00:00,0.023943109236835666
270,2023-02-15 01:00:00+00:00,0.03826587847611084
270,2023-02-15 02:00:00+00:00,0.06700482772597516
270,2023-02-15 03:00:00+00:00,0.027420635593421602
270,2023-02-15 04:00:00+00:00,0.024501287865073745
270,2023-02-15 05:00:00+00:00,0.02814618064904106
270,2023-02-15 06:00:00+00:00,0.015628336100351865
270,2023-02-15 07:00:00+00:00,0.02629687580501712
270,2023-02-15 08:00:00+00:00,0.008830131368375951
270,2023-02-15 09:00:00+00:00,0.03309540162541373
270,2023-02-15 10:00:00+00:00,0.018391772066616994
270,2023-02-15 11:00:00+00:00,0.05636848044531314
270,2023-02-15 12:00:00+00:00,0.10970867245535611
270,2023-02-15 13:00:00+00:00,0.08905451427191782
270,2023-02-15 14:00:00+00:00,0.09821950467355375
270,2023-02-15 15:00:00+00:00,0.08738581633921577
270,2023-02-15 16:00:00+00:00,0.20216598357069793
270,2023-02-15 17:00:00+00:00,0.28782971529743795
270,2023-02-15 18:00:00+00:00,0.1515424320814841
270,2023-02-15 19:00:00+00:00,0.12902662811411872
270,2023-02-15 20:00:00+00:00,0.09669826904268877
270,2023-02-15 21:00:00+00:00,0.0589125436141326
270,2023-02-15 22:00:00+00:00,0.05484312570309941
270,2023-02-15 23:00:00+00:00,0.14474884497083795
270,2023-02-16 00:00:00+00:00,0.12745894325271448
270,2023-02-16 01:00:00+00:00,0.11114998651103543
270,2023-02-16 02:00:00+00:00,0.0058789223928075365
270,2023-02-16 03:00:00+00:00,0.008152187777259436
270,2023-02-16 04:00:00+00:00,0.04244742248976731
270,2023-02-16 05:00:00+00:00,0.03953361536948762
270,2023-02-16 06:00:00+00:00,0.1469670185375971
270,2023-02-16 07:00:00+00:00,0.20307265403708538
270,2023-02-16 08:00:00+00:00,0.0667994842008456
270,2023-02-16 09:00:00+00:00,0.21943901490814116
270,2023-02-16 10:00:00+00:00,0.08054608404716998
270,2023-02-16 11:00:00+00:00,0.08573071527458516
270,2023-02-16 12:00:00+00:00,0.27518055666957086
270,2023-02-16 13:00:00+00:00,0.10870799529510948
270,2023-02-16 14:00:00+00:00,0.15235642429366722
270,2023-02-16 15:00:00+00:00,0.12804736557855276
270,2023-02-16 16:00:00+00:00,0.1386517987840895
270,2023-02-16 17:00:00+00:00,0.12143246475443842
270,2023-02-16 18:00:00+00:00,0.061222322091811346
270,2023-02-16 19:00:00+00:00,0.040844383309367786
270,2023-02-16 20:00:00+00:00,0.033325754003316194
270,2023-02-16 21:00:00+00:00,0.03218352244318354
270,2023-02-16 22:00:00+00:00,0.030777171413007627
270,2023-02-16 23:00:00+00:00,0.03934527138303493
270,2023-02-17 00:00:00+00:00,0.033245847464274586
270,2023-02-17 01:00:00+00:00,0.04547220775871063
270,2023-02-17 02:00:00+00:00,0.057218507480687866
270,2023-02-17 03:00:00+00:00,0.03650635791360559
270,2023-02-17 04:00:00+00:00,0.03650635791360559
270,2023-02-17 05:00:00+00:00,0.03650635791360559
270,2023-02-17 06:00:00+00:00,0.11486539310505578
270,2023-02-17 07:00:00+00:00,0.18184311529937894
270,2023-02-17 08:00:00+00:00,0.0859213380469505
270,2023-02-17 09:00:00+00:00,0.12204963316133592
270,2023-02-17 10:00:00+00:00,0.06470131750106209
270,2023-02-17 11:00:00+00:00,0.1126040872407521
270,2023-02-17 12:00:00+00:00,0.15456997296614372
270,2023-02-17 13:00:00+00:00,0.1501064195124864
270,2023-02-17 14:00:00+00:00,0.11022876873454221
270,2023-02-17 15:00:00+00:00,0.019188885363496375
270,2023-02-17 16:00:00+00:00,0.025375493261998526
270,2023-02-17 17:00:00+00:00,0.23689518245680097
270,2023-02-17 18:00:00+00:00,0.09910656828909427
270,2023-02-17 19:00:00+00:00,0.07379107927321969
270,2023-02-17 20:00:00+00:00,0.049838902995392585
270,2023-02-17 21:00:00+00:00,0.05755737508610832
270,2023-02-17 22:00:00+00:00,0.08859402260652194
270,2023-02-17 23:00:00+00:00,0.062001550222633164
270,2023-02-18 00:00:00+00:00,0.08224055595989736
270,2023-02-18 01:00:00+00:00,0.03418700799683151
270,2023-02-18 02:00:00+00:00,0.05024274882515865
270,2023-02-18 03:00:00+00:00,0.03799082978496956
270,2023-02-18 04:00:00+00:00,0.05051716265479965
270,2023-02-18 05:00:00+00:00,0.05051716265479965
270,2023-02-18 06:00:00+00:00,0.14763171077984655
270,2023-02-18 07:00:00+00:00,0.14763171077984655
270,2023-02-18 08:00:00+00:00,0.14763171077984655
270,2023-02-18 09:00:00+00:00,0.09166911295038781
270,2023-02-18 10:00:00+00:00,0.08579691003449648
270,2023-02-18 11:00:00+00:00,0.1021678875674709
270,2023-02-18 12:00:00+00:00,0.1673843880267566
270,2023-02-18 13:00:00+00:00,0.18328657240299653
270,2023-02-18 14:00:00+00:00,0.1430822773381529
270,2023-02-18 15:00:00+00:00,0.13000501337647263
270,2023-02-18 16:00:00+00:00,0.1382961826818563
270,2023-02-18 17:00:00+00:00,0.08728728347825444
270,2023-02-18 18:00:00+00:00,0.10868611674099316
270,2023-02-18 19:00:00+00:00,0.15178843624700122
270,2023-02-18 20:00:00+00:00,0.09919883606599705
270,2023-02-18 21:00:00+00:00,0.06856814698180215
270,2023-02-18 22:00:00+00:00,0.04797900569622889
270,2023-02-18 23:00:00+00:00,0.06283366947151016
270,2023-02-19 00:00:00+00:00,0.007851435898623665
270,2023-02-19 01:00:00+00:00,0.001528009812646258
270,2023-02-19 02:00:00+00:00,0.007162422049460033
270,2023-02-19 03:00:00+00:00,0.0497687147862827
270,2023-02-19 04:00:00+00:00,0.008387335559084268
270,2023-02-19 05:00:00+00:00,0.03650635791360559
270,2023-02-19 06:00:00+00:00,0.14763171077984655
270,2023-02-19 07:00:00+00:00,0.14763171077984655
270,2023-02-19 08:00:00+00:00,0.11486539310505578
270,2023-02-19 09:00:00+00:00,0.14763171077984655
270,2023-02-19 10:00:00+00:00,0.10080194213616696
270,2023-02-19 11:00:00+00:00,0.007476262030851428
270,2023-02-19 12:00:00+00:00,0.10020000164970877
270,2023-02-19 13:00:00+00:00,0.10272946032718362
270,2023-02-19 14:00:00+00:00,0.1205158412855931
270,2023-02-19 15:00:00+00:00,0.08521364304431206
270,2023-02-19 16:00:00+00:00,0.10784190895743812
270,2023-02-19 17:00:00+00:00,0.22715125276282166
270,2023-02-19 18:00:00+00:00,0.22045210471784396
270,2023-02-19 19:00:00+00:00,0.07650715925624135
270,2023-02-19 20:00:00+00:00,0.0723257085290686
270,2023-02-19 21:00:00+00:00,0.059037921025197046
270,2023-02-19 22:00:00+00:00,0.06012033259685096
270,2023-02-19 23:00:00+00:00,0.055983054545508636
270,2023-02-20 00:00:00+00:00,0.05051716265479965
270,2023-02-20 01:00:00+00:00,0.05051716265479965
270,2023-02-20 02:00:00+00:00,0.007851435898623665
270,2023-02-20 03:00:00+00:00,0.05051716265479965
270,2023-02-20 04:00:00+00:00,0.03650635791360559
270,2023-02-20 05:00:00+00:00,0.03650635791360559
270,2023-02-20 06:00:00+00:00,0.08028593068975393
270,2023-02-20 07:00:00+00:00,0.1379701737265416
270,2023-02-20 08:00:00+00:00,0.17161833131636572
270,2023-02-20 09:00:00+00:00,0.06527154464409984
270,2023-02-20 10:00:00+00:00,0.12754338516671293
270,2023-02-20 11:00:00+00:00,0.1649905661337574
270,2023-02-20 12:00:00+00:00,0.23925678183521565
270,2023-02-20 13:00:00+00:00,0.19903208680436776
270,2023-02-20 14:00:00+00:00,0.21920565480485685
270,2023-02-20 15:00:00+00:00,0.1651394767458833
270,2023-02-20 16:00:00+00:00,0.1307564591644133
270,2023-02-20 17:00:00+00:00,0.236459817352256
270,2023-02-20 18:00:00+00:00,0.18043719535353916
270,2023-02-20 19:00:00+00:00,0.12305900623624187
270,2023-02-20 20:00:00+00:00,0.044799178268373235
270,2023-02-20 21:00:00+00:00,0.05112988435604968
270,2023-02-20 22:00:00+00:00,0.05870457785056729
270,2023-02-20 23:00:00+00:00,0.04620605583352734
270,2023-02-21 00:00:00+00:00,0.05051716265479965
270,2023-02-21 01:00:00+00:00,0.03650635791360559
270,2023-02-21 02:00:00+00:00,0.03650635791360559
270,2023-02-21 03:00:00+00:00,0.03650635791360559
270,2023-02-21 04:00:00+00:00,0.026931553243215868
270,2023-02-21 05:00:00+00:00,0.05051716265479965
270,2023-02-21 06:00:00+00:00,0.06453033334548768
270,2023-02-21 07:00:00+00:00,0.08788601170656032
270,2023-02-21 08:00:00+00:00,0.17494502296411604
270,2023-02-21 09:00:00+00:00,0.06757358865108773
270,2023-02-21 10:00:00+00:00,0.11132659922464369
270,2023-02-21 11:00:00+00:00,0.07271139255870747
270,2023-02-21 12:00:00+00:00,0.07715477882828652
270,2023-02-21 13:00:00+00:00,0.012280400625268237
270,2023-02-21 14:00:00+00:00,0.04402539109164721
270,2023-02-21 15:00:00+00:00,0.10449491140116314
270,2023-02-21 16:00:00+00:00,0.12169482520748306
270,2023-02-21 17:00:00+00:00,0.010270520439437568
270,2023-02-21 18:00:00+00:00,0.001819681726409447
270,2023-02-21 19:00:00+00:00,0.09091740912107463
270,2023-02-21 20:00:00+00:00,0.0936331214439238
270,2023-02-21 21:00:00+00:00,0.03451781083355147
270,2023-02-21 22:00:00+00:00,0.043822581147443265
270,2023-02-21 23:00:00+00:00,0.051066118340869826
270,2023-02-22 00:00:00+00:00,0.03634231723783268
270,2023-02-22 01:00:00+00:00,0.030103532667464208
270,2023-02-22 02:00:00+00:00,0.023194226605913627
270,2023-02-22 03:00:00+00:00,0.023194226605913627
270,2023-02-22 04:00:00+00:00,0.03953361536948762
270,2023-02-22 05:00:00+00:00,0.030103532667464208
270,2023-02-22 06:00:00+00:00,0.11786868087816714
270,2023-02-22 07:00:00+00:00,0.1851299893612533
270,2023-02-22 08:00:00+00:00,0.06832112521672487
270,2023-02-22 09:00:00+00:00,0.08712766821069512
270,2023-02-22 10:00:00+00:00,0.0041615146184465724
270,2023-02-22 11:00:00+00:00,0.000547312428917283
270,2023-02-22 12:00:00+00:00,0.0014058262442926898
270,2023-02-22 13:00:00+00:00,0.00196773807749622
270,2023-02-22 14:00:00+00:00,0.0035137935424475143
270,2023-02-22 15:00:00+00:00,0.002365352383620437
270,2023-02-22 16:00:00+00:00,0.010668456549778731
270,2023-02-22 17:00:00+00:00,0.00012639943871226207
270,2023-02-22 18:00:00+00:00,0.006001641226049907
270,2023-02-22 19:00:00+00:00,0.012446532636569372
270,2023-02-22 20:00:00+00:00,0.0628095545565334
270,2023-02-22 21:00:00+00:00,0.020747820102320017
270,2023-02-22 22:00:00+00:00,0.029639743003314314
270,2023-02-22 23:00:00+00:00,0.05850959975075899
270,2023-02-23 00:00:00+00:00,0.03364176951353007
270,2023-02-23 01:00:00+00:00,0.030343556816125165
270,2023-02-23 02:00:00+00:00,0.016930825180011867
270,2023-02-23 03:00:00+00:00,0.016930825180011867
270,2023-02-23 04:00:00+00:00,0.016930825180011867
270,2023-02-23 05:00:00+00:00,0.016930825180011867
270,2023-02-23 06:00:00+00:00,0.013852493329100617
270,2023-02-23 07:00:00+00:00,0.08773245775097058
270,2023-02-23 08:00:00+00:00,0.004600835287500912
270,2023-02-23 09:00:00+00:00,0.0006572621839287401
270,2023-02-23 10:00:00+00:00,0.00024953746519277274
270,2023-02-23 11:00:00+00:00,0.0019717865517862704
270,2023-02-23 12:00:00+00:00,0.00012132890436475102
270,2023-02-23 13:00:00+00:00,0.00011072913186172022
270,2023-02-23 14:00:00+00:00,0.00010091803264462547
270,2023-02-23 15:00:00+00:00,5.6300982892303686e-05
270,2023-02-23 16:00:00+00:00,0.00033271068547806705
270,2023-02-23 17:00:00+00:00,0.00041588275738357953
270,2023-02-23 18:00:00+00:00,0.0003327066653571302
270,2023-02-23 19:00:00+00:00,0.003067223525000652
270,2023-02-23 20:00:00+00:00,0.027704986658201234
270,2023-02-23 21:00:00+00:00,0.02678148710292786
270,2023-02-23 22:00:00+00:00,0.025857987547654483
270,2023-02-23 23:00:00+00:00,0.04388219981306924
270,2023-02-24 00:00:00+00:00,0.010867905767881913
270,2023-02-24 01:00:00+00:00,0.005234129546377786
270,2023-02-24 02:00:00+00:00,0.021327674881618918
270,2023-02-24 03:00:00+00:00,0.001528009812646258
270,2023-02-24 04:00:00+00:00,0.05051716265479965
270,2023-02-24 05:00:00+00:00,0.05051716265479965
270,2023-02-24 06:00:00+00:00,0.012159118098105747
270,2023-02-24 07:00:00+00:00,0.015378754966555941
270,2023-02-24 08:00:00+00:00,0.0024998689426536714
270,2023-02-24 09:00:00+00:00,0.005001954193039975
270,2023-02-24 10:00:00+00:00,0.01566637814786108
270,2023-02-24 11:00:00+00:00,0.041840462267173396
270,2023-02-24 12:00:00+00:00,0.003232592664219361
270,2023-02-24 13:00:00+00:00,0.06520743460729149
270,2023-02-24 14:00:00+00:00,0.20478359912765648
270,2023-02-24 15:00:00+00:00,0.021412348144272758
270,2023-02-24 16:00:00+00:00,0.0314047772782667
270,2023-02-24 17:00:00+00:00,0.11701919950151798
270,2023-02-24 18:00:00+00:00,0.0006030276715055685
270,2023-02-24 19:00:00+00:00,0.05540997331640247
270,2023-02-24 20:00:00+00:00,0.07130857469623753
270,2023-02-24 21:00:00+00:00,0.00015595620152321216
270,2023-02-24 22:00:00+00:00,3.049372231890206e-05
270,2023-02-24 23:00:00+00:00,6.238405055501741e-05
270,2023-02-25 00:00:00+00:00,6.238363476910546e-05
270,2023-02-25 01:00:00+00:00,6.238363476910546e-05
270,2023-02-25 02:00:00+00:00,0.0006572621839287252
270,2023-02-25 03:00:00+00:00,0.016930825180011867
270,2023-02-25 04:00:00+00:00,0.026816899885764536
270,2023-02-25 05:00:00+00:00,0.026816899885764536
270,2023-02-25 06:00:00+00:00,0.05335153740596576
270,2023-02-25 07:00:00+00:00,0.05335153740596576
270,2023-02-25 08:00:00+00:00,0.013852493329100617
270,2023-02-25 09:00:00+00:00,0.07157121553368652
270,2023-02-25 10:00:00+00:00,0.006134447050001042
270,2023-02-25 11:00:00+00:00,0.005915359655358289
270,2023-02-25 12:00:00+00:00,0.0007693861729877779
270,2023-02-25 13:00:00+00:00,0.0006862072096448812
270,2023-02-25 14:00:00+00:00,0.0009565247699315592
270,2023-02-25 15:00:00+00:00,0.011173457126787627
270,2023-02-25 16:00:00+00:00,0.00016635620438598098
270,2023-02-25 17:00:00+00:00,0.00010085203874904
270,2023-02-25 18:00:00+00:00,9.174257299243374e-05
270,2023-02-25 19:00:00+00:00,4.218134336044339e-05
270,2023-02-25 20:00:00+00:00,2.5103742360611643e-05
270,2023-02-25 21:00:00+00:00,0.00014555887888596377
270,2023-02-25 22:00:00+00:00,2.5332539805505394e-05
270,2023-02-25 23:00:00+00:00,6.238405045369282e-05
270,2023-02-26 00:00:00+00:00,0.0006572621839287145
270,2023-02-26 01:00:00+00:00,6.23836347480639e-05
270,2023-02-26 02:00:00+00:00,6.238363476910546e-05
270,2023-02-26 03:00:00+00:00,0.000803320447023987
270,2023-02-26 04:00:00+00:00,0.000803320447023987
270,2023-02-26 05:00:00+00:00,0.0008033204470239768
270,2023-02-26 06:00:00+00:00,0.00037430016717312744
270,2023-02-26 07:00:00+00:00,0.00037430016717312744
270,2023-02-26 08:00:00+00:00,9.07749621543571e-05
270,2023-02-26 09:00:00+00:00,1.5652427488607198e-05
270,2023-02-26 10:00:00+00:00,0.001971786551786211
270,2023-02-26 11:00:00+00:00,0.002848136130357741
270,2023-02-26 12:00:00+00:00,0.002190873946429034
270,2023-02-26 13:00:00+00:00,3.911294261979638e-05
270,2023-02-26 14:00:00+00:00,0.0027852535085779936
270,2023-02-26 15:00:00+00:00,0.3314197050894285
270,2023-02-26 16:00:00+00:00,0.0038737576292409855
270,2023-02-26 17:00:00+00:00,0.0032524788012133843
270,2023-02-26 18:00:00+00:00,1.4209246075242257e-05
270,2023-02-26 19:00:00+00:00,5.051231345499222e-05
270,2023-02-26 20:00:00+00:00,0.0017544600837871285
270,2023-02-26 21:00:00+00:00,0.0017650299673110468
270,2023-02-26 22:00:00+00:00,0.0013932210968447313
270,2023-02-26 23:00:00+00:00,1.0620302206403892e-05
270,2023-02-27 00:00:00+00:00,7.624622102741467e-05
270,2023-02-27 01:00:00+00:00,0.000803320447023987
270,2023-02-27 02:00:00+00:00,0.000803320447023987
270,2023-02-27 03:00:00+00:00,0.000803320447023987
270,2023-02-27 04:00:00+00:00,7.624622102741467e-05
270,2023-02-27 05:00:00+00:00,0.000803320447023987
270,2023-02-27 06:00:00+00:00,9.09229591590243e-05
270,2023-02-27 07:00:00+00:00,5.562216365694493e-05
270,2023-02-27 08:00:00+00:00,0.00013641903015538
270,2023-02-27 09:00:00+00:00,7.070281208737052e-05
270,2023-02-27 10:00:00+00:00,0.00024953861400180724
270,2023-02-27 11:00:00+00:00,0.00010089579955861044
270,2023-02-27 12:00:00+00:00,2.57664921560186e-05
270,2023-02-27 13:00:00+00:00,3.069413907518252e-05
270,2023-02-27 14:00:00+00:00,0.00039508696324556925
270,2023-02-27 15:00:00+00:00,0.000706995345550035
270,2023-02-27 16:00:00+00:00,8.556714003228845e-05
270,2023-02-27 17:00:00+00:00,0.0005822424073283415
270,2023-02-27 18:00:00+00:00,0.0003119099142386383
270,2023-02-27 19:00:00+00:00,0.001314524367857491
270,2023-02-27 20:00:00+00:00,6.238336140609193e-05
270,2023-02-27 21:00:00+00:00,9.886820952551678e-06
270,2023-02-27 22:00:00+00:00,1.1196334423689314e-05
270,2023-02-27 23:00:00+00:00,1.2775930752845202e-05
270,2023-02-28 00:00:00+00:00,0.016930825180011867
270,2023-02-28 01:00:00+00:00,7.624622104845625e-05
270,2023-02-28 02:00:00+00:00,1.860922853540873e-05
270,2023-02-28 03:00:00+00:00,7.624622102741467e-05
270,2023-02-28 04:00:00+00:00,7.624622102741467e-05
270,2023-02-28 05:00:00+00:00,7.624622102741467e-05
270,2023-02-28 06:00:00+00:00,0.003943573103572153
270,2023-02-28 07:00:00+00:00,0.12433289947036286
270,2023-02-28 08:00:00+00:00,0.027704986658201234
270,2023-02-28 09:00:00+00:00,0.04155747998730185
270,2023-02-28 10:00:00+00:00,0.0013145243678573944
270,2023-02-28 11:00:00+00:00,0.00569627226071551
270,2023-02-28 12:00:00+00:00,0.0002703266065130577
270,2023-02-28 13:00:00+00:00,0.00029111976770989213
270,2023-02-28 14:00:00+00:00,0.0056962722607154515
270,2023-02-28 15:00:00+00:00,0.003505398314286387
270,2023-02-28 16:00:00+00:00,0.11543744440917181
270,2023-02-28 17:00:00+00:00,0.11081994663280494
270,2023-02-28 18:00:00+00:00,0.006791709233929819
270,2023-02-28 19:00:00+00:00,0.0083253209964301
270,2023-02-28 20:00:00+00:00,0.008982583180358645
270,2023-02-28 21:00:00+00:00,0.0006572621839289885
270,2023-02-28 22:00:00+00:00,0.00131452436785793
270,2023-02-28 23:00:00+00:00,1.7858920032203414e-05
270,2023-03-01 00:00:00+00:00,1.596139092338964e-05
270,2023-03-01 01:00:00+00:00,0.002260291395300012
270,2023-03-01 02:00:00+00:00,9.135028104918429e-06
270,2023-03-01 03:00:00+00:00,6.807281962023009e-06
270,2023-03-01 04:00:00+00:00,6.807281962023009e-06
270,2023-03-01 05:00:00+00:00,0.016930825180011867
270,2023-03-01 06:00:00+00:00,0.0006572621839287624
270,2023-03-01 07:00:00+00:00,0.0005406512024053139
270,2023-03-01 08:00:00+00:00,0.00011613865111609349
270,2023-03-01 09:00:00+00:00,1.5245578537721138e-05
270,2023-03-01 10:00:00+00:00,8.108674589858692e-05
270,2023-03-01 11:00:00+00:00,0.0004574670699876721
270,2023-03-01 12:00:00+00:00,9.582907007085662e-05
270,2023-03-01 13:00:00+00:00,6.238336152345468e-05
270,2023-03-01 14:00:00+00:00,0.0004574676442487094
270,2023-03-01 15:00:00+00:00,0.00033270580362079787
270,2023-03-01 16:00:00+00:00,8.600042181618044e-05
270,2023-03-01 17:00:00+00:00,0.00022874128875413372
270,2023-03-01 18:00:00+00:00,0.00012476672260184577
270,2023-03-01 19:00:00+00:00,0.0026290487357148104
270,2023-03-01 20:00:00+00:00,6.238539358863116e-05
270,2023-03-01 21:00:00+00:00,0.0006572621839287157
270,2023-03-01 22:00:00+00:00,6.46944815024485e-05
270,2023-03-01 23:00:00+00:00,6.700491254930278e-05
270,2023-03-02 00:00:00+00:00,7.624622100637312e-05
270,2023-03-02 01:00:00+00:00,7.624622101338697e-05
270,2023-03-02 02:00:00+00:00,7.624622102040082e-05
270,2023-03-02 03:00:00+00:00,7.624622102741467e-05
270,2023-03-02 04:00:00+00:00,7.624622102741467e-05
270,2023-03-02 05:00:00+00:00,1.860922853540873e-05
270,2023-03-02 06:00:00+00:00,0.002386718512868276
270,2023-03-02 07:00:00+00:00,0.2725153544768032
270,2023-03-02 08:00:00+00:00,0.0027217859096751542
270,2023-03-02 09:00:00+00:00,4.996115572585158e-05
270,2023-03-02 10:00:00+00:00,0.00047827760502596047
270,2023-03-02 11:00:00+00:00,7.134399504025623e-05
270,2023-03-02 12:00:00+00:00,0.006572621839287073
270,2023-03-02 13:00:00+00:00,0.0006654081613068817
270,2023-03-02 14:00:00+00:00,0.007229884023215655
270,2023-03-02 15:00:00+00:00,0.004600835287501028
270,2023-03-02 16:00:00+00:00,0.010954369732144741
270,2023-03-02 17:00:00+00:00,0.007229884023215655
270,2023-03-02 18:00:00+00:00,0.06464496886913622
270,2023-03-02 19:00:00+00:00,0.04155747998730185
270,2023-03-02 20:00:00+00:00,0.00012111143501115637
270,2023-03-02 21:00:00+00:00,1.329810414875537e-05
270,2023-03-02 22:00:00+00:00,6.549116205152354e-06
270,2023-03-02 23:00:00+00:00,5.9684497697509505e-06
270,2023-03-03 00:00:00+00:00,5.844488726590142e-06
270,2023-03-03 01:00:00+00:00,8.350257440742477e-06
270,2023-03-03 02:00:00+00:00,1.032158115534105e-05
270,2023-03-03 03:00:00+00:00,1.860922853540873e-05
270,2023-03-03 04:00:00+00:00,1.860922853540873e-05
270,2023-03-03 05:00:00+00:00,1.860922853540873e-05
270,2023-03-03 06:00:00+00:00,9.09229591590243e-05
270,2023-03-03 07:00:00+00:00,2.4290604366976318e-05
270,2023-03-03 08:00:00+00:00,5.577730843656053e-05
270,2023-03-03 09:00:00+00:00,2.841064078764269e-05
270,2023-03-03 10:00:00+00:00,0.0033832860066537753
270,2023-03-03 11:00:00+00:00,7.586208008809893e-05
270,2023-03-03 12:00:00+00:00,9.138557709012647e-05
270,2023-03-03 13:00:00+00:00,0.0001359966563057379
270,2023-03-03 14:00:00+00:00,0.0038340294062507896
270,2023-03-03 15:00:00+00:00,0.0017526991571432695
270,2023-03-03 16:00:00+00:00,0.0019717865517862145
270,2023-03-03 17:00:00+00:00,0.0831149599746037
270,2023-03-03 18:00:00+00:00,0.11543744440917181
270,2023-03-03 19:00:00+00:00,0.006353534444644045
270,2023-03-03 20:00:00+00:00,0.16161242217284055
270,2023-03-03 21:00:00+00:00,0.017783845801988586
270,2023-03-03 22:00:00+00:00,0.02194109990653462
270,2023-03-03 23:00:00+00:00,0.000679170923393519
270,2023-03-04 00:00:00+00:00,6.654241069691406e-05
270,2023-03-04 01:00:00+00:00,1.868676976294954e-05
270,2023-03-04 02:00:00+00:00,1.868509023665608e-05
270,2023-03-04 03:00:00+00:00,6.807281962023009e-06
270,2023-03-04 04:00:00+00:00,6.807281962023009e-06
270,2023-03-04 05:00:00+00:00,7.624622102741467e-05
270,2023-03-04 06:00:00+00:00,3.1358438748197225e-05
270,2023-03-04 07:00:00+00:00,3.1358438748197225e-05
270,2023-03-04 08:00:00+00:00,8.548336075211465e-06
270,2023-03-04 09:00:00+00:00,0.0003119185290002987
270,2023-03-04 10:00:00+00:00,0.0002911206293523962
270,2023-03-04 11:00:00+00:00,0.0028481361303576984
270,2023-03-04 12:00:00+00:00,0.0002495363166291577
270,2023-03-04 13:00:00+00:00,0.00024953574225238575
270,2023-03-04 14:00:00+00:00,0.003724485708929248
270,2023-03-04 15:00:00+00:00,7.572943164822163e-05
270,2023-03-04 16:00:00+00:00,0.07387996442186996
270,2023-03-04 17:00:00+00:00,0.20478359912765648
270,2023-03-04 18:00:00+00:00,0.00029111619418260284
270,2023-03-04 19:00:00+00:00,1.706793978438415e-05
270,2023-03-04 20:00:00+00:00,0.00262904873571477
270,2023-03-04 21:00:00+00:00,0.013852493329100617
270,2023-03-04 22:00:00+00:00,0.013852493329100617
270,2023-03-04 23:00:00+00:00,0.013852493329100617
270,2023-03-05 00:00:00+00:00,0.013852493329100617
270,2023-03-05 01:00:00+00:00,0.013852493329100617
270,2023-03-05 02:00:00+00:00,0.006804562652435188
270,2023-03-05 03:00:00+00:00,0.006804562652435188
270,2023-03-05 04:00:00+00:00,0.008891922900994293
270,2023-03-05 05:00:00+00:00,0.010867905767881913
270,2023-03-05 06:00:00+00:00,0.025694817773127314
270,2023-03-05 07:00:00+00:00,0.005334228285586481
270,2023-03-05 08:00:00+00:00,0.03629002455893091
270,2023-03-05 09:00:00+00:00,0.0945777103752408
270,2023-03-05 10:00:00+00:00,0.04661308756689865
270,2023-03-05 11:00:00+00:00,0.08443181997355292
270,2023-03-05 12:00:00+00:00,0.02283953045760047
270,2023-03-05 13:00:00+00:00,0.17629497858960566
270,2023-03-05 14:00:00+00:00,0.08758401040724477
270,2023-03-05 15:00:00+00:00,0.19410510240362663
270,2023-03-05 16:00:00+00:00,0.022467239928031228
270,2023-03-05 17:00:00+00:00,0.0332563101626559
270,2023-03-05 18:00:00+00:00,0.001257244751008154
270,2023-03-05 19:00:00+00:00,0.00417082209375119
270,2023-03-05 20:00:00+00:00,0.0035848361734084457
270,2023-03-05 21:00:00+00:00,0.013756379006460505
270,2023-03-05 22:00:00+00:00,0.00249826533731593
270,2023-03-05 23:00:00+00:00,0.061172293100559494
270,2023-03-06 00:00:00+00:00,0.03080251288118196
270,2023-03-06 01:00:00+00:00,0.027171585313454545
270,2023-03-06 02:00:00+00:00,0.026557861424803625
270,2023-03-06 03:00:00+00:00,0.03650635791360559
270,2023-03-06 04:00:00+00:00,0.026931553243215868
270,2023-03-06 05:00:00+00:00,0.03650635791360559
270,2023-03-06 06:00:00+00:00,0.07524585686762228
270,2023-03-06 07:00:00+00:00,0.10564238237240799
270,2023-03-06 08:00:00+00:00,0.18510574921051123
270,2023-03-06 09:00:00+00:00,0.14718805223227385
270,2023-03-06 10:00:00+00:00,0.10529326289224261
270,2023-03-06 11:00:00+00:00,0.2796270672401113
270,2023-03-06 12:00:00+00:00,0.18155385673464447
270,2023-03-06 13:00:00+00:00,0.12497379067648973
270,2023-03-06 14:00:00+00:00,0.3263213522498827
270,2023-03-06 15:00:00+00:00,0.12204005864247487
270,2023-03-06 16:00:00+00:00,0.10287790326966752
270,2023-03-06 17:00:00+00:00,0.15674235463677497
270,2023-03-06 18:00:00+00:00,0.11849619597536484
270,2023-03-06 19:00:00+00:00,0.08890283704186507
270,2023-03-06 20:00:00+00:00,0.06653648939109681
270,2023-03-06 21:00:00+00:00,0.061172293100559494
270,2023-03-06 22:00:00+00:00,0.0411599387699944
270,2023-03-06 23:00:00+00:00,0.043246619135199886
270,2023-03-07 00:00:00+00:00,0.033039253779180856
270,2023-03-07 01:00:00+00:00,0.03650635791360559
270,2023-03-07 02:00:00+00:00,0.010867905767881913
270,2023-03-07 03:00:00+00:00,6.807281962023009e-06
270,2023-03-07 04:00:00+00:00,0.0664386697185143
270,2023-03-07 05:00:00+00:00,0.023832547597141478
270,2023-03-07 06:00:00+00:00,0.1306966443228738
270,2023-03-07 07:00:00+00:00,0.017774113772713547
270,2023-03-07 08:00:00+00:00,0.15708487317704697
270,2023-03-07 09:00:00+00:00,0.0008433354342307222
270,2023-03-07 10:00:00+00:00,0.0037448719229192886
270,2023-03-07 11:00:00+00:00,0.0
270,2023-03-07 12:00:00+00:00,0.0
270,2023-03-07 13:00:00+00:00,0.0
270,2023-03-07 14:00:00+00:00,0.0
270,2023-03-07 15:00:00+00:00,0.0
270,2023-03-07 16:00:00+00:00,0.0
270,2023-03-07 17:00:00+00:00,0.031418660218392146
270,2023-03-07 18:00:00+00:00,0.005334228281770305
270,2023-03-07 19:00:00+00:00,0.02194109990653462
270,2023-03-07 20:00:00+00:00,0.08872042187548095
270,2023-03-07 21:00:00+00:00,0.0598809286217373
270,2023-03-07 22:00:00+00:00,0.060444183561108596
270,2023-03-07 23:00:00+00:00,0.060444183561108596
270,2023-03-08 00:00:00+00:00,0.06416576040107656
270,2023-03-08 01:00:00+00:00,0.07119981271782333
270,2023-03-08 02:00:00+00:00,0.03826587847611084
270,2023-03-08 03:00:00+00:00,0.06700482772597516
270,2023-03-08 04:00:00+00:00,0.0664386697185143
270,2023-03-08 05:00:00+00:00,0.0009698301303255424
270,2023-03-08 06:00:00+00:00,0.0037163062398951324
270,2023-03-08 07:00:00+00:00,0.0037163062398951324
270,2023-03-08 08:00:00+00:00,0.0027152528481443256
270,2023-03-08 09:00:00+00:00,0.16722751107719558
270,2023-03-08 10:00:00+00:00,0.11196697858419892
270,2023-03-08 11:00:00+00:00,0.11653942831088093
270,2023-03-08 12:00:00+00:00,0.10624391922558707
270,2023-03-08 13:00:00+00:00,0.0959484101402932
270,2023-03-08 14:00:00+00:00,0.10073395745782844
270,2023-03-08 15:00:00+00:00,0.177081900516218
270,2023-03-08 16:00:00+00:00,0.0012598090673812642
270,2023-03-08 17:00:00+00:00,0.0033792132503937147
270,2023-03-08 18:00:00+00:00,0.0030312281456804802
270,2023-03-08 19:00:00+00:00,0.12302350737836014
270,2023-03-08 20:00:00+00:00,0.0013592004347308714
270,2023-03-08 21:00:00+00:00,0.0011171946154440629
270,2023-03-08 22:00:00+00:00,0.0008751887961572543
270,2023-03-08 23:00:00+00:00,1.038540255594357e-05
270,2023-03-09 00:00:00+00:00,3.9714255730047e-05
270,2023-03-09 01:00:00+00:00,0.002136102097768251
270,2023-03-09 02:00:00+00:00,7.624622102741467e-05
270,2023-03-09 03:00:00+00:00,1.860922853540873e-05
270,2023-03-09 04:00:00+00:00,0.0009698301303255424
270,2023-03-09 05:00:00+00:00,0.0664386697185143
270,2023-03-09 06:00:00+00:00,0.19229095332865323
270,2023-03-09 07:00:00+00:00,0.19352147326403668
270,2023-03-09 08:00:00+00:00,0.19616008112637992
270,2023-03-09 09:00:00+00:00,0.1998510338193716
270,2023-03-09 10:00:00+00:00,0.3451322592811361
270,2023-03-09 11:00:00+00:00,0.003250899002533119
270,2023-03-09 12:00:00+00:00,0.1523774266201068
270,2023-03-09 13:00:00+00:00,0.00043667319040459573
270,2023-03-09 14:00:00+00:00,0.0006030242255711647
270,2023-03-09 15:00:00+00:00,0.00012614720552579564
270,2023-03-09 16:00:00+00:00,0.00037429327522950525
270,2023-03-09 17:00:00+00:00,5.250323550575202e-05
270,2023-03-09 18:00:00+00:00,0.2587559184622832
270,2023-03-09 19:00:00+00:00,0.1282317345128866
270,2023-03-09 20:00:00+00:00,0.0658581343629093
270,2023-03-09 21:00:00+00:00,0.03680685128675405
270,2023-03-09 22:00:00+00:00,0.06449045490521411
270,2023-03-09 23:00:00+00:00,0.023087488881834366
270,2023-03-10 00:00:00+00:00,0.03232248443456811
270,2023-03-10 01:00:00+00:00,0.010867905767881913
270,2023-03-10 02:00:00+00:00,0.010867905767881913
270,2023-03-10 03:00:00+00:00,0.008316687686309674
270,2023-03-10 04:00:00+00:00,0.007392412410152592
270,2023-03-10 05:00:00+00:00,0.007392412410152592
270,2023-03-10 06:00:00+00:00,0.03629002455893091
270,2023-03-10 07:00:00+00:00,0.047631938567046325
270,2023-03-10 08:00:00+00:00,0.108873002438963
270,2023-03-10 09:00:00+00:00,0.06520743460729149
270,2023-03-10 10:00:00+00:00,0.06577743897354016
270,2023-03-10 11:00:00+00:00,0.04445961450497146
270,2023-03-10 12:00:00+00:00,0.19746989915881158
270,2023-03-10 13:00:00+00:00,0.044354474460915554
270,2023-03-10 14:00:00+00:00,0.18284249922112183
270,2023-03-10 15:00:00+00:00,0.02822557465694626
270,2023-03-10 16:00:00+00:00,0.004148844223655126
270,2023-03-10 17:00:00+00:00,0.05241892436290021
270,2023-03-10 18:00:00+00:00,0.20478359912765648
270,2023-03-10 19:00:00+00:00,0.04633206408724755
270,2023-03-10 20:00:00+00:00,0.051901333100360166
270,2023-03-10 21:00:00+00:00,0.05209264090282965
270,2023-03-10 22:00:00+00:00,0.11856584799141602
270,2023-03-10 23:00:00+00:00,0.0012083919971293694
270,2023-03-11 00:00:00+00:00,0.03874175897021889
270,2023-03-11 01:00:00+00:00,0.06700482772597516
270,2023-03-11 02:00:00+00:00,0.06700482772597516
270,2023-03-11 03:00:00+00:00,0.03826587847611084
270,2023-03-11 04:00:00+00:00,0.06700482772597516
270,2023-03-11 05:00:00+00:00,0.03826587847611084
270,2023-03-11 06:00:00+00:00,0.10478430190002268
270,2023-03-11 07:00:00+00:00,0.1464007006284395
270,2023-03-11 08:00:00+00:00,0.08983708510560243
270,2023-03-11 09:00:00+00:00,0.07259954128731927
270,2023-03-11 10:00:00+00:00,0.12253729263476894
270,2023-03-11 11:00:00+00:00,0.1634701629528677
270,2023-03-11 12:00:00+00:00,0.14468140258138407
270,2023-03-11 13:00:00+00:00,0.028974389459640953
270,2023-03-11 14:00:00+00:00,0.01749521247856122
270,2023-03-11 15:00:00+00:00,0.039753580874999056
270,2023-03-11 16:00:00+00:00,0.027146899062547244
270,2023-03-11 17:00:00+00:00,0.03657867122431752
270,2023-03-11 18:00:00+00:00,0.08290490935287406
270,2023-03-11 19:00:00+00:00,0.022528323321401214
270,2023-03-11 20:00:00+00:00,0.026887223568514456
270,2023-03-11 21:00:00+00:00,0.006510050875652746
270,2023-03-11 22:00:00+00:00,0.05202654170322699
270,2023-03-11 23:00:00+00:00,0.034455517196367365
270,2023-03-12 00:00:00+00:00,0.054247112410082905
270,2023-03-12 01:00:00+00:00,0.05051716265479965
270,2023-03-12 02:00:00+00:00,0.05051716265479965
270,2023-03-12 03:00:00+00:00,0.03650635791360559
270,2023-03-12 04:00:00+00:00,0.05051716265479965
270,2023-03-12 05:00:00+00:00,0.03650635791360559
270,2023-03-12 06:00:00+00:00,0.11486539310505578
270,2023-03-12 07:00:00+00:00,0.14763171077984655
270,2023-03-12 08:00:00+00:00,0.14763171077984655
270,2023-03-12 09:00:00+00:00,0.14763171077984655
270,2023-03-12 10:00:00+00:00,0.07759646811357739
270,2023-03-12 11:00:00+00:00,0.0848511654516459
270,2023-03-12 12:00:00+00:00,0.09385681811035242
270,2023-03-12 13:00:00+00:00,0.1995878476621445
270,2023-03-12 14:00:00+00:00,0.24702609958007674
270,2023-03-12 15:00:00+00:00,0.2606840112014022
270,2023-03-12 16:00:00+00:00,0.07352554882430723
270,2023-03-12 17:00:00+00:00,0.10497927323543359
270,2023-03-12 18:00:00+00:00,0.04467350816596266
270,2023-03-12 19:00:00+00:00,0.01451461570034655
270,2023-03-12 20:00:00+00:00,0.032834981463835566
270,2023-03-12 21:00:00+00:00,0.05256660951317205
270,2023-03-12 22:00:00+00:00,0.046281168713058166
270,2023-03-12 23:00:00+00:00,0.03472842842291899
270,2023-03-13 00:00:00+00:00,0.030195856105879385
270,2023-03-13 01:00:00+00:00,0.030103532667464208
270,2023-03-13 02:00:00+00:00,0.030103532667464208
270,2023-03-13 03:00:00+00:00,0.023194226605913627
270,2023-03-13 04:00:00+00:00,0.023194226605913627
270,2023-03-13 05:00:00+00:00,0.02547160467625907
270,2023-03-13 06:00:00+00:00,0.053462387864732994
270,2023-03-13 07:00:00+00:00,0.08860904752038788
270,2023-03-13 08:00:00+00:00,0.13398261946114678
270,2023-03-13 09:00:00+00:00,0.08025328627530828
270,2023-03-13 10:00:00+00:00,0.05340047277219193
270,2023-03-13 11:00:00+00:00,0.11524435055479189
270,2023-03-13 12:00:00+00:00,0.10385175953407767
270,2023-03-13 13:00:00+00:00,0.13891029868702184
270,2023-03-13 14:00:00+00:00,0.09902547052680198
270,2023-03-13 15:00:00+00:00,0.07857030358197227
270,2023-03-13 16:00:00+00:00,0.07910888837624151
270,2023-03-13 17:00:00+00:00,0.06113527134531316
270,2023-03-13 18:00:00+00:00,0.11490880922841396
270,2023-03-13 19:00:00+00:00,0.0632180730310994
270,2023-03-13 20:00:00+00:00,0.030763178503620106
270,2023-03-13 21:00:00+00:00,0.035054211380460054
270,2023-03-13 22:00:00+00:00,0.03507618846597356
270,2023-03-13 23:00:00+00:00,0.013719094823107705
270,2023-03-14 00:00:00+00:00,0.0010866020580307227
270,2023-03-14 01:00:00+00:00,0.0005153784633358718
270,2023-03-14 02:00:00+00:00,0.0005153784633358718
270,2023-03-14 03:00:00+00:00,0.0006670565291086958
270,2023-03-14 04:00:00+00:00,0.001528009812646258
270,2023-03-14 05:00:00+00:00,0.001528009812646258
270,2023-03-14 06:00:00+00:00,0.0074893402443649455
270,2023-03-14 07:00:00+00:00,0.03526980071604051
270,2023-03-14 08:00:00+00:00,0.007091248338499302
270,2023-03-14 09:00:00+00:00,0.020413687957305564
270,2023-03-14 10:00:00+00:00,0.17552879925227696
270,2023-03-14 11:00:00+00:00,0.036291000812987674
270,2023-03-14 12:00:00+00:00,0.022008258084509073
270,2023-03-14 13:00:00+00:00,0.0029096063350739034
270,2023-03-14 14:00:00+00:00,0.20815725228939258
270,2023-03-14 15:00:00+00:00,0.2876676494690202
270,2023-03-14 16:00:00+00:00,0.16588118400909205
270,2023-03-14 17:00:00+00:00,0.2005420373111384
270,2023-03-14 18:00:00+00:00,0.032674524314259115
270,2023-03-14 19:00:00+00:00,0.017865751321465166
270,2023-03-14 20:00:00+00:00,0.024364505820081806
270,2023-03-14 21:00:00+00:00,0.011286509311933323
270,2023-03-14 22:00:00+00:00,0.07553239463842484
270,2023-03-14 23:00:00+00:00,0.001252734852564083
270,2023-03-15 00:00:00+00:00,0.035123058033311255
270,2023-03-15 01:00:00+00:00,0.04948978106973619
270,2023-03-15 02:00:00+00:00,0.05051716265479965
270,2023-03-15 03:00:00+00:00,0.02814618064904106
270,2023-03-15 04:00:00+00:00,0.024501287865073745
270,2023-03-15 05:00:00+00:00,0.02814618064904106
270,2023-03-15 06:00:00+00:00,0.10814880449955593
270,2023-03-15 07:00:00+00:00,0.011155997457113473
270,2023-03-15 08:00:00+00:00,0.10905017446184723
270,2023-03-15 09:00:00+00:00,0.012913863327355734
270,2023-03-15 10:00:00+00:00,0.022674269210927602
270,2023-03-15 11:00:00+00:00,0.010054182692508089
270,2023-03-15 12:00:00+00:00,0.029136561339719622
270,2023-03-15 13:00:00+00:00,0.05420617560161549
270,2023-03-15 14:00:00+00:00,0.02566067871820215
270,2023-03-15 15:00:00+00:00,0.08610760794113623
270,2023-03-15 16:00:00+00:00,0.009465185252971508
270,2023-03-15 17:00:00+00:00,0.02885109913499626
270,2023-03-15 18:00:00+00:00,0.02894456891341142
270,2023-03-15 19:00:00+00:00,0.020934262299618447
270,2023-03-15 20:00:00+00:00,0.010766925346809054
270,2023-03-15 21:00:00+00:00,0.008869318811963008
270,2023-03-15 22:00:00+00:00,0.004484324029347651
270,2023-03-15 23:00:00+00:00,0.004484324029347651
270,2023-03-16 00:00:00+00:00,0.008353670512192452
270,2023-03-16 01:00:00+00:00,0.023908511159429758
270,2023-03-16 02:00:00+00:00,0.02223214725651791
270,2023-03-16 03:00:00+00:00,0.04244742248976731
270,2023-03-16 04:00:00+00:00,0.03953361536948762
270,2023-03-16 05:00:00+00:00,0.04244742248976731
270,2023-03-16 06:00:00+00:00,0.1892199885684159
270,2023-03-16 07:00:00+00:00,0.18134026284863453
270,2023-03-16 08:00:00+00:00,0.17650562129168462
270,2023-03-16 09:00:00+00:00,0.11063333215941186
270,2023-03-16 10:00:00+00:00,0.1620276498648702
270,2023-03-16 11:00:00+00:00,0.05915762239671733
270,2023-03-16 12:00:00+00:00,0.1400078870072653
270,2023-03-16 13:00:00+00:00,0.08373534466764782
270,2023-03-16 14:00:00+00:00,0.06670540773850937
270,2023-03-16 15:00:00+00:00,0.09455507350878864
270,2023-03-16 16:00:00+00:00,0.06262823665569742
270,2023-03-16 17:00:00+00:00,0.05121525670923514
270,2023-03-16 18:00:00+00:00,0.02132095539492437
270,2023-03-16 19:00:00+00:00,0.025617499792331012
270,2023-03-16 20:00:00+00:00,0.03567498257058445
270,2023-03-16 21:00:00+00:00,0.028998292192652757
270,2023-03-16 22:00:00+00:00,0.026093420596272725
270,2023-03-16 23:00:00+00:00,0.043581705058076896
270,2023-03-17 00:00:00+00:00,0.0411428966054996
270,2023-03-17 01:00:00+00:00,0.04348558122721254
270,2023-03-17 02:00:00+00:00,0.04158142840239836
270,2023-03-17 03:00:00+00:00,0.04744633484016912
270,2023-03-17 04:00:00+00:00,0.004097493101535481
270,2023-03-17 05:00:00+00:00,0.0058789223928075365
270,2023-03-17 06:00:00+00:00,0.048032366026269195
270,2023-03-17 07:00:00+00:00,0.009915284097351991
270,2023-03-17 08:00:00+00:00,0.05277340680657564
270,2023-03-17 09:00:00+00:00,0.04547529978725352
270,2023-03-17 10:00:00+00:00,0.04530956279694403
270,2023-03-17 11:00:00+00:00,0.048902341069069835
270,2023-03-17 12:00:00+00:00,0.0960133233111482
270,2023-03-17 13:00:00+00:00,0.07842917242960586
270,2023-03-17 14:00:00+00:00,0.12776283516620116
270,2023-03-17 15:00:00+00:00,0.09146715135771175
270,2023-03-17 16:00:00+00:00,0.1677704936552479
270,2023-03-17 17:00:00+00:00,0.14849605046216105
270,2023-03-17 18:00:00+00:00,0.11279356922618397
270,2023-03-17 19:00:00+00:00,0.019886071975570702
270,2023-03-17 20:00:00+00:00,0.018031310917409525
270,2023-03-17 21:00:00+00:00,0.007971537739449114
270,2023-03-17 22:00:00+00:00,0.005156032907141036
270,2023-03-17 23:00:00+00:00,0.004719502792040563
270,2023-03-18 00:00:00+00:00,0.004097493101535481
270,2023-03-18 01:00:00+00:00,0.0058789223928075365
270,2023-03-18 02:00:00+00:00,0.013903317995243691
270,2023-03-18 03:00:00+00:00,0.013903317995243691
270,2023-03-18 04:00:00+00:00,0.013243193659481187
270,2023-03-18 05:00:00+00:00,0.027817231255096893
270,2023-03-18 06:00:00+00:00,0.06468585180713857
270,2023-03-18 07:00:00+00:00,0.015466170099565276
270,2023-03-18 08:00:00+00:00,0.016262964936580634
270,2023-03-18 09:00:00+00:00,0.01575130732136192
270,2023-03-18 10:00:00+00:00,0.08336020379886828
270,2023-03-18 11:00:00+00:00,0.01827730700857734
270,2023-03-18 12:00:00+00:00,0.010804827517276893
270,2023-03-18 13:00:00+00:00,0.20139568418525783
270,2023-03-18 14:00:00+00:00,0.24536730263013898
270,2023-03-18 15:00:00+00:00,0.15252460941435386
270,2023-03-18 16:00:00+00:00,0.09519017740528919
270,2023-03-18 17:00:00+00:00,0.20609563474392312
270,2023-03-18 18:00:00+00:00,0.19018349254867536
270,2023-03-18 19:00:00+00:00,0.055676052204677945
270,2023-03-18 20:00:00+00:00,0.05103540888862871
270,2023-03-18 21:00:00+00:00,0.055658092566824545
270,2023-03-18 22:00:00+00:00,0.010696320549381794
270,2023-03-18 23:00:00+00:00,0.0010912155047628693
270,2023-03-19 00:00:00+00:00,0.005428703660845572
270,2023-03-19 01:00:00+00:00,0.0016002977470262949
270,2023-03-19 02:00:00+00:00,0.001528009812646258
270,2023-03-19 03:00:00+00:00,0.0005153784633358718
270,2023-03-19 04:00:00+00:00,0.001528009812646258
270,2023-03-19 05:00:00+00:00,0.001528009812646258
270,2023-03-19 06:00:00+00:00,0.02827851551529041
270,2023-03-19 07:00:00+00:00,0.0074893402443649455
270,2023-03-19 08:00:00+00:00,0.11486539310505578
270,2023-03-19 09:00:00+00:00,0.14472574604825
270,2023-03-19 10:00:00+00:00,0.03768700158931523
270,2023-03-19 11:00:00+00:00,0.1565493892481183
270,2023-03-19 12:00:00+00:00,0.02153967206590313
270,2023-03-19 13:00:00+00:00,0.11655736225855207
270,2023-03-19 14:00:00+00:00,0.1693587420601
270,2023-03-19 15:00:00+00:00,0.18087333628017563
270,2023-03-19 16:00:00+00:00,0.10219081919888981
270,2023-03-19 17:00:00+00:00,0.2066391115432163
270,2023-03-19 18:00:00+00:00,0.12309155741896262
270,2023-03-19 19:00:00+00:00,0.0499371602233272
270,2023-03-19 20:00:00+00:00,0.060363666970141235
270,2023-03-19 21:00:00+00:00,0.05419811796499946
270,2023-03-19 22:00:00+00:00,0.039981206372202815
270,2023-03-19 23:00:00+00:00,0.026020936419872617
270,2023-03-20 00:00:00+00:00,0.042133134718271126
270,2023-03-20 01:00:00+00:00,0.04244742248976731
270,2023-03-20 02:00:00+00:00,0.03953361536948762
270,2023-03-20 03:00:00+00:00,0.04244742248976731
270,2023-03-20 04:00:00+00:00,0.04244742248976731
270,2023-03-20 05:00:00+00:00,0.03953361536948762
270,2023-03-20 06:00:00+00:00,0.10653475818349795
270,2023-03-20 07:00:00+00:00,0.07448169561698759
270,2023-03-20 08:00:00+00:00,0.14029881277918488
270,2023-03-20 09:00:00+00:00,0.10217109810866176
270,2023-03-20 10:00:00+00:00,0.08113255420828634
270,2023-03-20 11:00:00+00:00,0.10481606828825288
270,2023-03-20 12:00:00+00:00,0.11802370337094215
270,2023-03-20 13:00:00+00:00,0.09406070217800734
270,2023-03-20 14:00:00+00:00,0.08805592578863819
270,2023-03-20 15:00:00+00:00,0.0896168862774411
270,2023-03-20 16:00:00+00:00,0.10671803748968714
270,2023-03-20 17:00:00+00:00,0.1455098503788282
270,2023-03-20 18:00:00+00:00,0.11919781817331912
270,2023-03-20 19:00:00+00:00,0.08085204640878013
270,2023-03-20 20:00:00+00:00,0.02793232272971866
270,2023-03-20 21:00:00+00:00,0.009393660915712943
270,2023-03-20 22:00:00+00:00,0.009679030061954145
270,2023-03-20 23:00:00+00:00,0.048267074301502795
270,2023-03-21 00:00:00+00:00,0.045804668850672255
270,2023-03-21 01:00:00+00:00,0.02223214725651791
270,2023-03-21 02:00:00+00:00,0.02223214725651791
270,2023-03-21 03:00:00+00:00,0.04244742248976731
270,2023-03-21 04:00:00+00:00,0.04244742248976731
270,2023-03-21 05:00:00+00:00,0.03953361536948762
270,2023-03-21 06:00:00+00:00,0.15061626819735893
270,2023-03-21 07:00:00+00:00,0.09671819032147358
270,2023-03-21 08:00:00+00:00,0.22996508240810057
270,2023-03-21 09:00:00+00:00,0.07245700970156502
270,2023-03-21 10:00:00+00:00,0.1338942054057317
270,2023-03-21 11:00:00+00:00,0.04973544517318368
270,2023-03-21 12:00:00+00:00,0.12290926091447912
270,2023-03-21 13:00:00+00:00,0.1552266268199383
270,2023-03-21 14:00:00+00:00,0.18668647508367428
270,2023-03-21 15:00:00+00:00,0.14745531674360743
270,2023-03-21 16:00:00+00:00,0.21979284030081384
270,2023-03-21 17:00:00+00:00,0.14573080999080784
270,2023-03-21 18:00:00+00:00,0.08147580627112898
270,2023-03-21 19:00:00+00:00,0.09097229767318674
270,2023-03-21 20:00:00+00:00,0.04994360924869573
270,2023-03-21 21:00:00+00:00,0.044029422700226424
270,2023-03-21 22:00:00+00:00,0.04370116980745403
270,2023-03-21 23:00:00+00:00,0.05564860690130213
270,2023-03-22 00:00:00+00:00,0.04762486742411204
270,2023-03-22 01:00:00+00:00,0.04655367192045451
270,2023-03-22 02:00:00+00:00,0.04244742248976731
270,2023-03-22 03:00:00+00:00,0.03953361536948762
270,2023-03-22 04:00:00+00:00,0.03953361536948762
270,2023-03-22 05:00:00+00:00,0.026931553243215868
270,2023-03-22 06:00:00+00:00,0.08374114579843316
270,2023-03-22 07:00:00+00:00,0.15033227286298162
270,2023-03-22 08:00:00+00:00,0.17610586947874457
270,2023-03-22 09:00:00+00:00,0.11190917122852209
270,2023-03-22 10:00:00+00:00,0.14252077522180526
270,2023-03-22 11:00:00+00:00,0.11052200577629265
270,2023-03-22 12:00:00+00:00,0.1366179627737309
270,2023-03-22 13:00:00+00:00,0.06519409519876641
270,2023-03-22 14:00:00+00:00,0.1333198571094123
270,2023-03-22 15:00:00+00:00,0.1371878107009282
270,2023-03-22 16:00:00+00:00,0.11912187688149176
270,2023-03-22 17:00:00+00:00,0.083661372780863
270,2023-03-22 18:00:00+00:00,0.16436823505019704
270,2023-03-22 19:00:00+00:00,0.06693649250440808
270,2023-03-22 20:00:00+00:00,0.0716951704106736
270,2023-03-22 21:00:00+00:00,0.05369712385222746
270,2023-03-22 22:00:00+00:00,0.02670098505982814
270,2023-03-22 23:00:00+00:00,0.040672856312349986
270,2023-03-23 00:00:00+00:00,0.0337259080367334
270,2023-03-23 01:00:00+00:00,0.052827464634300325
270,2023-03-23 02:00:00+00:00,0.053783618689258114
270,2023-03-23 03:00:00+00:00,0.023194226605913627
270,2023-03-23 04:00:00+00:00,0.030103532667464208
270,2023-03-23 05:00:00+00:00,0.030103532667464208
270,2023-03-23 06:00:00+00:00,0.1892199885684159
270,2023-03-23 07:00:00+00:00,0.12915876219665762
270,2023-03-23 08:00:00+00:00,0.22251921507194744
270,2023-03-23 09:00:00+00:00,0.12537246363540178
270,2023-03-23 10:00:00+00:00,0.11552698643803895
270,2023-03-23 11:00:00+00:00,0.09676661614154605
270,2023-03-23 12:00:00+00:00,0.10440995272087218
270,2023-03-23 13:00:00+00:00,0.06202016870295185
270,2023-03-23 14:00:00+00:00,0.08216970676832204
270,2023-03-23 15:00:00+00:00,0.09612336303134894
270,2023-03-23 16:00:00+00:00,0.14897812300045107
270,2023-03-23 17:00:00+00:00,0.07425453442185828
270,2023-03-23 18:00:00+00:00,0.09372378867025272
270,2023-03-23 19:00:00+00:00,0.07301490342507906
270,2023-03-23 20:00:00+00:00,0.0696934592145467
270,2023-03-23 21:00:00+00:00,0.06487177610871686
270,2023-03-23 22:00:00+00:00,0.07468326052192284
270,2023-03-23 23:00:00+00:00,0.025946571235623474
270,2023-03-24 00:00:00+00:00,0.03271713080714713
270,2023-03-24 01:00:00+00:00,0.026931553243215868
270,2023-03-24 02:00:00+00:00,0.026931553243215868
270,2023-03-24 03:00:00+00:00,0.030103532667464208
270,2023-03-24 04:00:00+00:00,0.030103532667464208
270,2023-03-24 05:00:00+00:00,0.030103532667464208
270,2023-03-24 06:00:00+00:00,0.09784143802459097
270,2023-03-24 07:00:00+00:00,0.125964339945788
270,2023-03-24 08:00:00+00:00,0.20118724824372317
270,2023-03-24 09:00:00+00:00,0.12349494229031441
270,2023-03-24 10:00:00+00:00,0.10960094177829156
270,2023-03-24 11:00:00+00:00,0.09606945730642033
270,2023-03-24 12:00:00+00:00,0.09128395094271459
270,2023-03-24 13:00:00+00:00,0.13266253939686223
270,2023-03-24 14:00:00+00:00,0.11664500983951732
270,2023-03-24 15:00:00+00:00,0.12267556573638581
270,2023-03-24 16:00:00+00:00,0.1874499069042655
270,2023-03-24 17:00:00+00:00,0.20018967726395076
270,2023-03-24 18:00:00+00:00,0.1807633677142624
270,2023-03-24 19:00:00+00:00,0.137411434995218
270,2023-03-24 20:00:00+00:00,0.08575987194471021
270,2023-03-24 21:00:00+00:00,0.05278285727817603
270,2023-03-24 22:00:00+00:00,0.04947234913933656
270,2023-03-24 23:00:00+00:00,0.046513792983821266
270,2023-03-25 00:00:00+00:00,0.036157070414461125
270,2023-03-25 01:00:00+00:00,0.037204932911894514
270,2023-03-25 02:00:00+00:00,0.05051716265479965
270,2023-03-25 03:00:00+00:00,0.05051716265479965
270,2023-03-25 04:00:00+00:00,0.05051716265479965
270,2023-03-25 05:00:00+00:00,0.05051716265479965
270,2023-03-25 06:00:00+00:00,0.14763171077984655
270,2023-03-25 07:00:00+00:00,0.02827851551529041
270,2023-03-25 08:00:00+00:00,0.14763171077984655
270,2023-03-25 09:00:00+00:00,0.013707396744351485
270,2023-03-25 10:00:00+00:00,0.010852090300146347
270,2023-03-25 11:00:00+00:00,0.0995068977537249
270,2023-03-25 12:00:00+00:00,0.08297625654162226
270,2023-03-25 13:00:00+00:00,0.13059772728006616
270,2023-03-25 14:00:00+00:00,0.08971043187170283
270,2023-03-25 15:00:00+00:00,0.13429754127787596
270,2023-03-25 16:00:00+00:00,0.1834707473294975
270,2023-03-25 17:00:00+00:00,0.18054237750513336
270,2023-03-25 18:00:00+00:00,0.08860714168098514
270,2023-03-25 19:00:00+00:00,0.035747508720322785
270,2023-03-25 20:00:00+00:00,0.04614235360891311
270,2023-03-25 21:00:00+00:00,0.03299235826264425
270,2023-03-25 22:00:00+00:00,0.028264689964486396
270,2023-03-25 23:00:00+00:00,0.024445088470997932
270,2023-03-26 00:00:00+00:00,0.023179120223547997
270,2023-03-26 01:00:00+00:00,0.013442367364703953
270,2023-03-26 02:00:00+00:00,0.024501287865073745
270,2023-03-26 03:00:00+00:00,0.013903317995243691
270,2023-03-26 04:00:00+00:00,0.013903317995243691
270,2023-03-26 05:00:00+00:00,0.03826587847611084
270,2023-03-26 06:00:00+00:00,0.0037163062398951324
270,2023-03-26 07:00:00+00:00,0.0003743001672666455
270,2023-03-26 08:00:00+00:00,0.0039435731035721774
270,2023-03-26 09:00:00+00:00,0.13164659943920773
270,2023-03-26 10:00:00+00:00,0.00010397284324827622
270,2023-03-26 11:00:00+00:00,0.0001871477864441964
270,2023-03-26 12:00:00+00:00,0.002629048735714823
270,2023-03-26 13:00:00+00:00,0.004600835287500861
270,2023-03-26 14:00:00+00:00,0.003286310919643504
270,2023-03-26 15:00:00+00:00,0.004162660498215075
270,2023-03-26 16:00:00+00:00,0.003286310919643486
270,2023-03-26 17:00:00+00:00,0.001971786551786116
270,2023-03-26 18:00:00+00:00,0.02194109990653462
270,2023-03-26 19:00:00+00:00,0.04388219981306924
270,2023-03-26 20:00:00+00:00,0.023087488881834366
270,2023-03-26 21:00:00+00:00,0.005709959505139403
270,2023-03-26 22:00:00+00:00,0.008891922900994293
270,2023-03-26 23:00:00+00:00,5.9684497697509505e-06
270,2023-03-27 00:00:00+00:00,0.0009254018438957471
270,2023-03-27 01:00:00+00:00,6.807281962023009e-06
270,2023-03-27 02:00:00+00:00,0.0009698301303255424
270,2023-03-27 03:00:00+00:00,0.0009698301303255424
270,2023-03-27 04:00:00+00:00,6.807281962023009e-06
270,2023-03-27 05:00:00+00:00,5.773536976100133e-06
270,2023-03-27 06:00:00+00:00,0.00371358885167263
270,2023-03-27 07:00:00+00:00,0.38612430150868104
270,2023-03-27 08:00:00+00:00,0.36345124222098013
270,2023-03-27 09:00:00+00:00,0.07684617225591214
270,2023-03-27 10:00:00+00:00,0.12532470346459024
270,2023-03-27 11:00:00+00:00,0.07859448991309721
270,2023-03-27 12:00:00+00:00,0.14131136909781786
270,2023-03-27 13:00:00+00:00,0.08305843659914029
270,2023-03-27 14:00:00+00:00,0.1402389291003201
270,2023-03-27 15:00:00+00:00,0.058933863656263366
270,2023-03-27 16:00:00+00:00,0.029977287401981866
270,2023-03-27 17:00:00+00:00,0.005926920327253955
270,2023-03-27 18:00:00+00:00,0.003852498204728291
270,2023-03-27 19:00:00+00:00,0.043828288872180245
270,2023-03-27 20:00:00+00:00,0.03234306763855789
270,2023-03-27 21:00:00+00:00,0.014159724320748529
270,2023-03-27 22:00:00+00:00,0.004302559993485435
270,2023-03-27 23:00:00+00:00,0.0063706756092975075
270,2023-03-28 00:00:00+00:00,0.014852134802321743
270,2023-03-28 01:00:00+00:00,0.013903317995243691
270,2023-03-28 02:00:00+00:00,0.024501287865073745
270,2023-03-28 03:00:00+00:00,0.02814618064904106
270,2023-03-28 04:00:00+00:00,0.0058789223928075365
270,2023-03-28 05:00:00+00:00,0.013243193659481187
270,2023-03-28 06:00:00+00:00,0.016694142800821057
270,2023-03-28 07:00:00+00:00,0.07495681241143083
270,2023-03-28 08:00:00+00:00,0.018670589933770312
270,2023-03-28 09:00:00+00:00,0.05687789819267507
270,2023-03-28 10:00:00+00:00,0.037582303124590356
270,2023-03-28 11:00:00+00:00,0.031046477827258428
270,2023-03-28 12:00:00+00:00,0.02299426183549314
270,2023-03-28 13:00:00+00:00,0.013788518104196337
270,2023-03-28 14:00:00+00:00,0.023757777236876353
270,2023-03-28 15:00:00+00:00,0.07209518771759439
270,2023-03-28 16:00:00+00:00,0.04790579757852896
270,2023-03-28 17:00:00+00:00,0.09160304812779464
270,2023-03-28 18:00:00+00:00,0.030049497536468676
270,2023-03-28 19:00:00+00:00,0.02866947309803118
270,2023-03-28 20:00:00+00:00,0.009467308574027444
270,2023-03-28 21:00:00+00:00,0.005778514608382297
270,2023-03-28 22:00:00+00:00,0.00890374061630644
270,2023-03-28 23:00:00+00:00,0.004302559993485435
270,2023-03-29 00:00:00+00:00,0.028232759531930666
270,2023-03-29 01:00:00+00:00,0.007900292257502878
270,2023-03-29 02:00:00+00:00,0.008152187777259436
270,2023-03-29 03:00:00+00:00,0.008152187777259436
270,2023-03-29 04:00:00+00:00,0.02223214725651791
270,2023-03-29 05:00:00+00:00,0.008152187777259436
270,2023-03-29 06:00:00+00:00,0.039956821362745344
270,2023-03-29 07:00:00+00:00,0.044654215887841374
270,2023-03-29 08:00:00+00:00,0.017016479028804585
270,2023-03-29 09:00:00+00:00,0.014960753787915336
270,2023-03-29 10:00:00+00:00,0.02044922240125038
270,2023-03-29 11:00:00+00:00,0.1285369919321748
270,2023-03-29 12:00:00+00:00,0.16306537973576876
270,2023-03-29 13:00:00+00:00,0.1503903179345343
270,2023-03-29 14:00:00+00:00,0.10391081839757796
270,2023-03-29 15:00:00+00:00,0.13800264011747626
270,2023-03-29 16:00:00+00:00,0.21320285447848047
270,2023-03-29 17:00:00+00:00,0.047991392640458416
270,2023-03-29 18:00:00+00:00,0.02725583403871311
270,2023-03-29 19:00:00+00:00,0.03289242362976813
270,2023-03-29 20:00:00+00:00,0.05089624376145445
270,2023-03-29 21:00:00+00:00,0.05489856360543154
270,2023-03-29 22:00:00+00:00,0.0500248305071001
270,2023-03-29 23:00:00+00:00,0.03832097373256756
270,2023-03-30 00:00:00+00:00,0.03157780904386167
270,2023-03-30 01:00:00+00:00,0.026931553243215868
270,2023-03-30 02:00:00+00:00,0.03650635791360559
270,2023-03-30 03:00:00+00:00,0.026931553243215868
270,2023-03-30 04:00:00+00:00,0.026931553243215868
270,2023-03-30 05:00:00+00:00,0.023194226605913627
270,2023-03-30 06:00:00+00:00,0.07328914244265587
270,2023-03-30 07:00:00+00:00,0.1602457014662548
270,2023-03-30 08:00:00+00:00,0.08804275814605633
270,2023-03-30 09:00:00+00:00,0.08832371278239842
270,2023-03-30 10:00:00+00:00,0.1395673723192347
270,2023-03-30 11:00:00+00:00,0.14165043627042356
270,2023-03-30 12:00:00+00:00,0.10579561527655965
270,2023-03-30 13:00:00+00:00,0.10098980283322699
270,2023-03-30 14:00:00+00:00,0.06316024512346691
270,2023-03-30 15:00:00+00:00,0.08117909813119956
270,2023-03-30 16:00:00+00:00,0.07335449526516075
270,2023-03-30 17:00:00+00:00,0.0753436394406608
270,2023-03-30 18:00:00+00:00,0.10077596081455838
270,2023-03-30 19:00:00+00:00,0.05269277327027878
270,2023-03-30 20:00:00+00:00,0.03555091537144697
270,2023-03-30 21:00:00+00:00,0.015386287748594012
270,2023-03-30 22:00:00+00:00,0.010076159784948444
270,2023-03-30 23:00:00+00:00,0.007555192041223656
270,2023-03-31 00:00:00+00:00,0.0058789223928075365
270,2023-03-31 01:00:00+00:00,0.013903317995243691
270,2023-03-31 02:00:00+00:00,0.004097493101535481
270,2023-03-31 03:00:00+00:00,0.004097493101535481
270,2023-03-31 04:00:00+00:00,0.004097493101535481
270,2023-03-31 05:00:00+00:00,0.04244742248976731
270,2023-03-31 06:00:00+00:00,0.19738850130453925
270,2023-03-31 07:00:00+00:00,0.15202066432168132
270,2023-03-31 08:00:00+00:00,0.15190256786544443
270,2023-03-31 09:00:00+00:00,0.034660526331697306
270,2023-03-31 10:00:00+00:00,0.03381081851078294
270,2023-03-31 11:00:00+00:00,0.1444743558434462
270,2023-03-31 12:00:00+00:00,0.17651754841468859
270,2023-03-31 13:00:00+00:00,0.14104976842984798
270,2023-03-31 14:00:00+00:00,0.0940477498896917
270,2023-03-31 15:00:00+00:00,0.239264106960967
270,2023-03-31 16:00:00+00:00,0.14645793517795075
270,2023-03-31 17:00:00+00:00,0.20353456169525833
270,2023-03-31 18:00:00+00:00,0.22924906222913016
270,2023-03-31 19:00:00+00:00,0.18554068177643657
270,2023-03-31 20:00:00+00:00,0.13189141598204504
270,2023-03-31 21:00:00+00:00,0.07824215018765349
270,2023-03-31 22:00:00+00:00,0.06900123102184058
270,2023-03-31 23:00:00+00:00,0.07350699480556358
270,2023-04-01 00:00:00+00:00,0.07428814273871127
270,2023-04-01 01:00:00+00:00,0.05051716265479965
270,2023-04-01 02:00:00+00:00,0.05051716265479965
270,2023-04-01 03:00:00+00:00,0.05051716265479965
270,2023-04-01 04:00:00+00:00,0.05051716265479965
270,2023-04-01 05:00:00+00:00,0.05051716265479965
270,2023-04-01 06:00:00+00:00,0.14763171077984655
270,2023-04-01 07:00:00+00:00,0.12913884224870437
270,2023-04-01 08:00:00+00:00,0.014925875371124189
270,2023-04-01 09:00:00+00:00,0.0017780761047522127
270,2023-04-01 10:00:00+00:00,0.00014127146077540462
270,2023-04-01 11:00:00+00:00,0.0003742978699646772
270,2023-04-01 12:00:00+00:00,0.0009357406541816484
270,2023-04-01 13:00:00+00:00,0.01073528233750191
270,2023-04-01 14:00:00+00:00,0.012268894100002127
270,2023-04-01 15:00:00+00:00,0.08773245775097058
270,2023-04-01 16:00:00+00:00,0.06582329971960386
270,2023-04-01 17:00:00+00:00,0.13164659943920773
270,2023-04-01 18:00:00+00:00,0.05850959975075899
270,2023-04-01 19:00:00+00:00,0.03693998221093498
270,2023-04-01 20:00:00+00:00,0.0012049806705359616
270,2023-04-01 21:00:00+00:00,0.02194109990653462
270,2023-04-01 22:00:00+00:00,0.008891922900994293
270,2023-04-01 23:00:00+00:00,0.008891922900994293
270,2023-04-02 00:00:00+00:00,0.008891922900994293
270,2023-04-02 01:00:00+00:00,0.007560625169372431
270,2023-04-02 02:00:00+00:00,0.008316687686309674
270,2023-04-02 03:00:00+00:00,0.010867905767881913
270,2023-04-02 04:00:00+00:00,0.010867905767881913
270,2023-04-02 05:00:00+00:00,0.008316687686309674
270,2023-04-02 06:00:00+00:00,0.025694817773127314
270,2023-04-02 07:00:00+00:00,0.04082737591461113
270,2023-04-02 08:00:00+00:00,0.13164659943920773
270,2023-04-02 09:00:00+00:00,0.027704986658201234
270,2023-04-02 10:00:00+00:00,0.0039435731035721636
270,2023-04-02 11:00:00+00:00,0.003724485708929276
270,2023-04-02 12:00:00+00:00,0.003067223525000644
270,2023-04-02 13:00:00+00:00,0.00035350111894063386
270,2023-04-02 14:00:00+00:00,9.585095047564184e-05
270,2023-04-02 15:00:00+00:00,3.8664118780384726e-05
270,2023-04-02 16:00:00+00:00,4.0569516129870685e-05
270,2023-04-02 17:00:00+00:00,0.0831149599746037
270,2023-04-02 18:00:00+00:00,0.04617497776366873
270,2023-04-02 19:00:00+00:00,0.03853166590430861
270,2023-04-02 20:00:00+00:00,0.05850959975075899
270,2023-04-02 21:00:00+00:00,5.864398530899775e-06
270,2023-04-02 22:00:00+00:00,0.04548091361270924
270,2023-04-02 23:00:00+00:00,0.08625427220095942
270,2023-04-03 00:00:00+00:00,0.06700482772597516
270,2023-04-03 01:00:00+00:00,0.0664386697185143
270,2023-04-03 02:00:00+00:00,0.0664386697185143
270,2023-04-03 03:00:00+00:00,0.06700482772597516
270,2023-04-03 04:00:00+00:00,0.0664386697185143
270,2023-04-03 05:00:00+00:00,6.769445147895309e-06
270,2023-04-03 06:00:00+00:00,0.0037152192846061313
270,2023-04-03 07:00:00+00:00,0.005506799365171386
270,2023-04-03 08:00:00+00:00,0.00809743713282512
270,2023-04-03 09:00:00+00:00,0.325151945882337
270,2023-04-03 10:00:00+00:00,0.1367828208635543
270,2023-04-03 11:00:00+00:00,0.09360316689324767
270,2023-04-03 12:00:00+00:00,0.16748584017703638
270,2023-04-03 13:00:00+00:00,0.09844241895085216
270,2023-04-03 14:00:00+00:00,0.11440793897484908
270,2023-04-03 15:00:00+00:00,0.07492046452929187
270,2023-04-03 16:00:00+00:00,0.14913825959832738
270,2023-04-03 17:00:00+00:00,0.12291474231726224
270,2023-04-03 18:00:00+00:00,0.19692889283058546
270,2023-04-03 19:00:00+00:00,0.09042726512378024
270,2023-04-03 20:00:00+00:00,0.0013098225875799716
270,2023-04-03 21:00:00+00:00,0.07150117280124511
270,2023-04-03 22:00:00+00:00,0.03341853840129279
270,2023-04-03 23:00:00+00:00,0.036947742366642014
270,2023-04-04 00:00:00+00:00,0.02617503419388658
270,2023-04-04 01:00:00+00:00,0.031468840141910426
270,2023-04-04 02:00:00+00:00,0.05135259206408225
270,2023-04-04 03:00:00+00:00,0.03826587847611084
270,2023-04-04 04:00:00+00:00,7.624622102741467e-05
270,2023-04-04 05:00:00+00:00,0.06700482772597516
270,2023-04-04 06:00:00+00:00,0.0926852934003239
270,2023-04-04 07:00:00+00:00,0.3450883326820421
270,2023-04-04 08:00:00+00:00,0.17265937358280245
270,2023-04-04 09:00:00+00:00,0.09733931177731797
270,2023-04-04 10:00:00+00:00,0.1284486865122299
270,2023-04-04 11:00:00+00:00,0.21688209674918568
270,2023-04-04 12:00:00+00:00,0.108541089993614
270,2023-04-04 13:00:00+00:00,0.09145315798471662
270,2023-04-04 14:00:00+00:00,0.0038188368529439146
270,2023-04-04 15:00:00+00:00,0.00363816630526049
270,2023-04-04 16:00:00+00:00,0.004001242409547466
270,2023-04-04 17:00:00+00:00,0.002849630928950035
270,2023-04-04 18:00:00+00:00,0.0013118353905310076
270,2023-04-04 19:00:00+00:00,0.001252734852564083
270,2023-04-04 20:00:00+00:00,0.04028894352249674
270,2023-04-04 21:00:00+00:00,0.0413075149023779
270,2023-04-04 22:00:00+00:00,0.0546276761924193
270,2023-04-04 23:00:00+00:00,0.010717085230703591
270,2023-04-05 00:00:00+00:00,0.02223214725651791
270,2023-04-05 01:00:00+00:00,0.04244742248976731
270,2023-04-05 02:00:00+00:00,0.04244742248976731
270,2023-04-05 03:00:00+00:00,0.02814618064904106
270,2023-04-05 04:00:00+00:00,0.004097493101535481
270,2023-04-05 05:00:00+00:00,0.0056133241138024165
270,2023-04-05 06:00:00+00:00,0.023791749268862718
270,2023-04-05 07:00:00+00:00,0.022863006982039483
270,2023-04-05 08:00:00+00:00,0.1629104936328099
270,2023-04-05 09:00:00+00:00,0.048260106366124614
270,2023-04-05 10:00:00+00:00,0.12063835795412425
270,2023-04-05 11:00:00+00:00,0.08834666870547914
270,2023-04-05 12:00:00+00:00,0.07377770334338532
270,2023-04-05 13:00:00+00:00,0.09650456958291373
270,2023-04-05 14:00:00+00:00,0.060504098940361274
270,2023-04-05 15:00:00+00:00,0.0742486529022507
270,2023-04-05 16:00:00+00:00,0.1247017500054584
270,2023-04-05 17:00:00+00:00,0.18211439525592116
270,2023-04-05 18:00:00+00:00,0.09317535355705725
270,2023-04-05 19:00:00+00:00,0.07079756837770516
270,2023-04-05 20:00:00+00:00,0.0719132008609401
270,2023-04-05 21:00:00+00:00,0.04827735744042563
270,2023-04-05 22:00:00+00:00,0.04640276530902496
270,2023-04-05 23:00:00+00:00,0.03529291277504155
270,2023-04-06 00:00:00+00:00,0.029200332250272343
270,2023-04-06 01:00:00+00:00,0.022526722055449318
270,2023-04-06 02:00:00+00:00,0.023194226605913627
270,2023-04-06 03:00:00+00:00,0.05051716265479965
270,2023-04-06 04:00:00+00:00,0.05051716265479965
270,2023-04-06 05:00:00+00:00,0.03719800785375276
270,2023-04-06 06:00:00+00:00,0.15328701801094674
270,2023-04-06 07:00:00+00:00,0.23633185602954532
270,2023-04-06 08:00:00+00:00,0.17167482217536717
270,2023-04-06 09:00:00+00:00,0.24319174880272476
270,2023-04-06 10:00:00+00:00,0.035226120370030284
270,2023-04-06 11:00:00+00:00,0.18638576004130378
270,2023-04-06 12:00:00+00:00,0.04505244131258454
270,2023-04-06 13:00:00+00:00,0.0028109251329685603
270,2023-04-06 14:00:00+00:00,0.0040757945368835174
270,2023-04-06 15:00:00+00:00,0.30821545607081324
270,2023-04-06 16:00:00+00:00,0.007899496517273967
270,2023-04-06 17:00:00+00:00,0.008297688430489284
270,2023-04-06 18:00:00+00:00,0.005334228283288238
270,2023-04-06 19:00:00+00:00,0.013609125304870375
270,2023-04-06 20:00:00+00:00,0.002934434411267877
270,2023-04-06 21:00:00+00:00,0.008010305874571624
270,2023-04-06 22:00:00+00:00,0.00046854067687713896
270,2023-04-06 23:00:00+00:00,0.0012519751412213105
270,2023-04-07 00:00:00+00:00,0.0005458391384812644
270,2023-04-07 01:00:00+00:00,0.007258843209929815
270,2023-04-07 02:00:00+00:00,0.05051716265479965
270,2023-04-07 03:00:00+00:00,0.007851435898623665
270,2023-04-07 04:00:00+00:00,0.0006670565291086958
270,2023-04-07 05:00:00+00:00,0.0010866020580307227
270,2023-04-07 06:00:00+00:00,0.0025298578769193847
270,2023-04-07 07:00:00+00:00,0.025694817773127314
270,2023-04-07 08:00:00+00:00,0.006804562652435188
270,2023-04-07 09:00:00+00:00,0.0002911166090833811
270,2023-04-07 10:00:00+00:00,0.0019717865517862405
270,2023-04-07 11:00:00+00:00,0.0008109641681892196
270,2023-04-07 12:00:00+00:00,0.00016619186408559907
270,2023-04-07 13:00:00+00:00,0.00011109786941290786
270,2023-04-07 14:00:00+00:00,9.592329590211201e-05
270,2023-04-07 15:00:00+00:00,5.580829368448965e-05
270,2023-04-07 16:00:00+00:00,3.997616099151989e-05
270,2023-04-07 17:00:00+00:00,0.0001612933629065787
270,2023-04-07 18:00:00+00:00,0.0003327060907980756
270,2023-04-07 19:00:00+00:00,4.796984253422384e-05
270,2023-04-07 20:00:00+00:00,0.0012336540637548706
270,2023-04-07 21:00:00+00:00,0.0012570074398649189
270,2023-04-07 22:00:00+00:00,0.06787104680927925
270,2023-04-07 23:00:00+00:00,0.024445088470997932
270,2023-04-08 00:00:00+00:00,0.06715747619195414
270,2023-04-08 01:00:00+00:00,0.07036309397751261
270,2023-04-08 02:00:00+00:00,0.013903317995243691
270,2023-04-08 03:00:00+00:00,0.027420635593421602
270,2023-04-08 04:00:00+00:00,0.027420635593421602
270,2023-04-08 05:00:00+00:00,0.027420635593421602
270,2023-04-08 06:00:00+00:00,0.1464007006284395
270,2023-04-08 07:00:00+00:00,0.12284461617009096
270,2023-04-08 08:00:00+00:00,0.12022604434979665
270,2023-04-08 09:00:00+00:00,0.03132399385040031
270,2023-04-08 10:00:00+00:00,0.006464220057102766
270,2023-04-08 11:00:00+00:00,0.011704458495585315
270,2023-04-08 12:00:00+00:00,0.10785958587294513
270,2023-04-08 13:00:00+00:00,0.048123966269004614
270,2023-04-08 14:00:00+00:00,0.0730106494298127
270,2023-04-08 15:00:00+00:00,0.02731685683577002
270,2023-04-08 16:00:00+00:00,0.016508556838292162
270,2023-04-08 17:00:00+00:00,0.038230131703825415
270,2023-04-08 18:00:00+00:00,0.060896725175475015
270,2023-04-08 19:00:00+00:00,0.022293023436439147
270,2023-04-08 20:00:00+00:00,0.04783898856395041
270,2023-04-08 21:00:00+00:00,0.05494885551999072
270,2023-04-08 22:00:00+00:00,0.0072002508920456084
270,2023-04-08 23:00:00+00:00,0.0072002508920456084
270,2023-04-09 00:00:00+00:00,0.024501287865073745
270,2023-04-09 01:00:00+00:00,0.02814618064904106
270,2023-04-09 02:00:00+00:00,0.023832547597141478
270,2023-04-09 03:00:00+00:00,0.0664386697185143
270,2023-04-09 04:00:00+00:00,0.03826587847611084
270,2023-04-09 05:00:00+00:00,0.03826587847611084
270,2023-04-09 06:00:00+00:00,0.10478430190002268
270,2023-04-09 07:00:00+00:00,0.09344503448350833
270,2023-04-09 08:00:00+00:00,0.07854335904458085
270,2023-04-09 09:00:00+00:00,0.052101392129785
270,2023-04-09 10:00:00+00:00,0.018017535827744992
270,2023-04-09 11:00:00+00:00,0.03263181459800266
270,2023-04-09 12:00:00+00:00,0.022552350105182476
270,2023-04-09 13:00:00+00:00,0.009503459098724184
270,2023-04-09 14:00:00+00:00,0.014838655737058528
270,2023-04-09 15:00:00+00:00,0.035283144643908367
270,2023-04-09 16:00:00+00:00,0.02285775477699331
270,2023-04-09 17:00:00+00:00,0.025983332177143676
270,2023-04-09 18:00:00+00:00,0.013155319870618106
270,2023-04-09 19:00:00+00:00,0.024996621935136895
270,2023-04-09 20:00:00+00:00,0.02266324950552507
270,2023-04-09 21:00:00+00:00,0.007381992133201617
270,2023-04-09 22:00:00+00:00,0.011492374676351296
270,2023-04-09 23:00:00+00:00,0.011783108218469186
270,2023-04-10 00:00:00+00:00,0.026321187590068344
270,2023-04-10 01:00:00+00:00,0.004097493101535481
270,2023-04-10 02:00:00+00:00,0.008152187777259436
270,2023-04-10 03:00:00+00:00,0.02223214725651791
270,2023-04-10 04:00:00+00:00,0.02223214725651791
270,2023-04-10 05:00:00+00:00,0.04244742248976731
270,2023-04-10 06:00:00+00:00,0.0995985180803009
270,2023-04-10 07:00:00+00:00,0.16511875233369627
270,2023-04-10 08:00:00+00:00,0.058934228933038936
270,2023-04-10 09:00:00+00:00,0.058934228933038936
270,2023-04-10 10:00:00+00:00,0.08524907117440082
270,2023-04-10 11:00:00+00:00,0.07122913727050328
270,2023-04-10 12:00:00+00:00,0.09183286832613358
270,2023-04-10 13:00:00+00:00,0.24208298550138885
270,2023-04-10 14:00:00+00:00,0.18094964879536854
270,2023-04-10 15:00:00+00:00,0.2010165628064962
270,2023-04-10 16:00:00+00:00,0.3858353617079163
270,2023-04-10 17:00:00+00:00,0.12304767760605752
270,2023-04-10 18:00:00+00:00,0.1295553568556478
270,2023-04-10 19:00:00+00:00,0.10236732122104604
270,2023-04-10 20:00:00+00:00,0.09723338315137872
270,2023-04-10 21:00:00+00:00,0.0828537576525659
270,2023-04-10 22:00:00+00:00,0.01148538697498132
270,2023-04-10 23:00:00+00:00,0.0036493400865425865
270,2023-04-11 00:00:00+00:00,0.001528009812646258
270,2023-04-11 01:00:00+00:00,0.007851435898623665
270,2023-04-11 02:00:00+00:00,0.007851435898623665
270,2023-04-11 03:00:00+00:00,0.007851435898623665
270,2023-04-11 04:00:00+00:00,0.03650635791360559
270,2023-04-11 05:00:00+00:00,0.048339668295968044
270,2023-04-11 06:00:00+00:00,0.14568424636494204
270,2023-04-11 07:00:00+00:00,0.15022971926786252
270,2023-04-11 08:00:00+00:00,0.1726115046196241
270,2023-04-11 09:00:00+00:00,0.09612616112358277
270,2023-04-11 10:00:00+00:00,0.078526560395902
270,2023-04-11 11:00:00+00:00,0.1095969532108173
270,2023-04-11 12:00:00+00:00,0.11229025525294527
270,2023-04-11 13:00:00+00:00,0.10896831450620804
270,2023-04-11 14:00:00+00:00,0.1299661974869292
270,2023-04-11 15:00:00+00:00,0.07642759039101649
270,2023-04-11 16:00:00+00:00,0.06121030086609717
270,2023-04-11 17:00:00+00:00,0.030321669688510463
270,2023-04-11 18:00:00+00:00,0.02279024991229977
270,2023-04-11 19:00:00+00:00,0.060042016474169506
270,2023-04-11 20:00:00+00:00,0.03618862225697363
270,2023-04-11 21:00:00+00:00,0.03821399370205523
270,2023-04-11 22:00:00+00:00,0.036139043881613715
270,2023-04-11 23:00:00+00:00,0.055082217552667234
270,2023-04-12 00:00:00+00:00,0.05758041105211089
270,2023-04-12 01:00:00+00:00,0.03650635791360559
270,2023-04-12 02:00:00+00:00,0.03650635791360559
270,2023-04-12 03:00:00+00:00,0.03650635791360559
270,2023-04-12 04:00:00+00:00,0.030103532667464208
270,2023-04-12 05:00:00+00:00,0.02261330536487278
270,2023-04-12 06:00:00+00:00,0.12617377707623384
270,2023-04-12 07:00:00+00:00,0.1650510107658272
270,2023-04-12 08:00:00+00:00,0.30660042931127723
270,2023-04-12 09:00:00+00:00,0.153237284582532
270,2023-04-12 10:00:00+00:00,0.09647491572631156
270,2023-04-12 11:00:00+00:00,0.09468857517104144
270,2023-04-12 12:00:00+00:00,0.09534725459471476
270,2023-04-12 13:00:00+00:00,0.08173463927349489
270,2023-04-12 14:00:00+00:00,0.042494326722697616
270,2023-04-12 15:00:00+00:00,0.18362715495358017
270,2023-04-12 16:00:00+00:00,0.14807243806309753
270,2023-04-12 17:00:00+00:00,0.11869331766024356
270,2023-04-12 18:00:00+00:00,0.117080471268316
270,2023-04-12 19:00:00+00:00,0.012208245651570433
270,2023-04-12 20:00:00+00:00,0.012787639012797034
270,2023-04-12 21:00:00+00:00,0.010858488298594664
270,2023-04-12 22:00:00+00:00,0.0024971260317452285
270,2023-04-12 23:00:00+00:00,0.0024971260317452285
270,2023-04-13 00:00:00+00:00,0.007851435898623665
270,2023-04-13 01:00:00+00:00,0.007851435898623665
270,2023-04-13 02:00:00+00:00,0.007851435898623665
270,2023-04-13 03:00:00+00:00,0.007851435898623665
270,2023-04-13 04:00:00+00:00,0.007851435898623665
270,2023-04-13 05:00:00+00:00,0.048339668295968044
270,2023-04-13 06:00:00+00:00,0.18635430696832644
270,2023-04-13 07:00:00+00:00,0.2324880426336938
270,2023-04-13 08:00:00+00:00,0.06059699789563127
270,2023-04-13 09:00:00+00:00,0.039930980748247684
270,2023-04-13 10:00:00+00:00,0.03426774131765945
270,2023-04-13 11:00:00+00:00,0.36308056952865975
270,2023-04-13 12:00:00+00:00,0.2348090749488681
270,2023-04-13 13:00:00+00:00,0.028146426281920895
270,2023-04-13 14:00:00+00:00,0.1918000356948541
270,2023-04-13 15:00:00+00:00,0.2705250848376164
270,2023-04-13 16:00:00+00:00,0.12401183306185906
270,2023-04-13 17:00:00+00:00,0.2348848116687294
270,2023-04-13 18:00:00+00:00,0.21399958174826042
270,2023-04-13 19:00:00+00:00,0.14127724887961066
270,2023-04-13 20:00:00+00:00,0.06974161192084788
270,2023-04-13 21:00:00+00:00,0.055900839404828734
270,2023-04-13 22:00:00+00:00,0.029073125020046806
270,2023-04-13 23:00:00+00:00,0.02762436505987409
270,2023-04-14 00:00:00+00:00,0.004031397088494675
270,2023-04-14 01:00:00+00:00,0.013903317995243691
270,2023-04-14 02:00:00+00:00,0.0058789223928075365
270,2023-04-14 03:00:00+00:00,0.004097493101535481
270,2023-04-14 04:00:00+00:00,0.02814618064904106
270,2023-04-14 05:00:00+00:00,0.023859294065742637
270,2023-04-14 06:00:00+00:00,0.051334243061152716
270,2023-04-14 07:00:00+00:00,0.06681737760533764
270,2023-04-14 08:00:00+00:00,0.10987811883441316
270,2023-04-14 09:00:00+00:00,0.13191505200645837
270,2023-04-14 10:00:00+00:00,0.09903396978103762
270,2023-04-14 11:00:00+00:00,0.11793242434314373
270,2023-04-14 12:00:00+00:00,0.09475208925215742
270,2023-04-14 13:00:00+00:00,0.12112954743978108
270,2023-04-14 14:00:00+00:00,0.29765850151144635
270,2023-04-14 15:00:00+00:00,0.00597092203218914
270,2023-04-14 16:00:00+00:00,0.0003742984442999087
270,2023-04-14 17:00:00+00:00,0.08619112693084571
270,2023-04-14 18:00:00+00:00,0.07137449381424253
270,2023-04-14 19:00:00+00:00,0.024942692495776953
270,2023-04-14 20:00:00+00:00,0.006048337426488485
270,2023-04-14 21:00:00+00:00,0.002934434411267877
270,2023-04-14 22:00:00+00:00,0.0011853840636178305
270,2023-04-14 23:00:00+00:00,0.0005459841118950052
270,2023-04-15 00:00:00+00:00,0.0012514784394948922
270,2023-04-15 01:00:00+00:00,0.0012514784394948922
270,2023-04-15 02:00:00+00:00,0.001528009812646258
270,2023-04-15 03:00:00+00:00,0.0010866020580307227
270,2023-04-15 04:00:00+00:00,0.0005153784633358718
270,2023-04-15 05:00:00+00:00,0.001528009812646258
270,2023-04-15 06:00:00+00:00,0.0074893402443649455
270,2023-04-15 07:00:00+00:00,0.00609774799306992
270,2023-04-15 08:00:00+00:00,0.036291000812987674
270,2023-04-15 09:00:00+00:00,0.02822557465694626
270,2023-04-15 10:00:00+00:00,0.02419334970595394
270,2023-04-15 11:00:00+00:00,0.0423383619854194
270,2023-04-15 12:00:00+00:00,0.029486438160552485
270,2023-04-15 13:00:00+00:00,0.005258097471429608
270,2023-04-15 14:00:00+00:00,0.003286310919643438
270,2023-04-15 15:00:00+00:00,0.00029112005491649693
270,2023-04-15 16:00:00+00:00,0.0002495317218077645
270,2023-04-15 17:00:00+00:00,0.0025298577639488425
270,2023-04-15 18:00:00+00:00,0.0018194612971242162
270,2023-04-15 19:00:00+00:00,0.0024979093146164006
270,2023-04-15 20:00:00+00:00,0.010255108795436821
270,2023-04-15 21:00:00+00:00,0.06010715680345714
270,2023-04-15 22:00:00+00:00,0.05268050269325106
270,2023-04-15 23:00:00+00:00,0.038559851117148825
270,2023-04-16 00:00:00+00:00,0.04244742248976731
270,2023-04-16 01:00:00+00:00,0.004097493101535481
270,2023-04-16 02:00:00+00:00,0.02223214725651791
270,2023-04-16 03:00:00+00:00,0.05051716265479965
270,2023-04-16 04:00:00+00:00,0.001528009812646258
270,2023-04-16 05:00:00+00:00,0.03953361536948762
270,2023-04-16 06:00:00+00:00,0.03633433115496335
270,2023-04-16 07:00:00+00:00,0.048032366026269195
270,2023-04-16 08:00:00+00:00,0.08730673800240633
270,2023-04-16 09:00:00+00:00,0.04491570315394371
270,2023-04-16 10:00:00+00:00,0.06689423259181056
270,2023-04-16 11:00:00+00:00,0.10331329290028285
270,2023-04-16 12:00:00+00:00,0.07361064710900193
270,2023-04-16 13:00:00+00:00,0.11703296331738271
270,2023-04-16 14:00:00+00:00,0.12166560539202033
270,2023-04-16 15:00:00+00:00,0.12894181906495095
270,2023-04-16 16:00:00+00:00,0.10483107473726899
270,2023-04-16 17:00:00+00:00,0.07823589179699025
270,2023-04-16 18:00:00+00:00,0.06103932412855066
270,2023-04-16 19:00:00+00:00,0.0485429781500844
270,2023-04-16 20:00:00+00:00,0.05102794052437284
270,2023-04-16 21:00:00+00:00,0.00150085337705754
270,2023-04-16 22:00:00+00:00,0.0012446532666376643
270,2023-04-16 23:00:00+00:00,0.0010913003645913488
270,2023-04-17 00:00:00+00:00,0.001528009812646258
270,2023-04-17 01:00:00+00:00,0.03650635791360559
270,2023-04-17 02:00:00+00:00,0.001528009812646258
270,2023-04-17 03:00:00+00:00,0.03650635791360559
270,2023-04-17 04:00:00+00:00,0.05051716265479965
270,2023-04-17 05:00:00+00:00,0.0015275183663741886
270,2023-04-17 06:00:00+00:00,0.012847408886563657
270,2023-04-17 07:00:00+00:00,0.38168018844296536
270,2023-04-17 08:00:00+00:00,0.2655515277906412
270,2023-04-17 09:00:00+00:00,0.06332353722460264
270,2023-04-17 10:00:00+00:00,7.567254259578006e-05
270,2023-04-17 11:00:00+00:00,3.384585304760941e-05
270,2023-04-17 12:00:00+00:00,0.1877636363944944
270,2023-04-17 13:00:00+00:00,0.002918093662575769
270,2023-04-17 14:00:00+00:00,0.002587248747343332
270,2023-04-17 15:00:00+00:00,0.00010112377804128336
270,2023-04-17 16:00:00+00:00,0.003943573103572197
270,2023-04-17 17:00:00+00:00,0.008763495785715825
270,2023-04-17 18:00:00+00:00,0.003943573103572167
270,2023-04-17 19:00:00+00:00,0.00033270642574172177
270,2023-04-17 20:00:00+00:00,6.238575439328911e-05
270,2023-04-17 21:00:00+00:00,1.696674454022466e-05
270,2023-04-17 22:00:00+00:00,7.002194755673827e-06
270,2023-04-17 23:00:00+00:00,0.0860303785760148
270,2023-04-18 00:00:00+00:00,0.0664386697185143
270,2023-04-18 01:00:00+00:00,0.0664386697185143
270,2023-04-18 02:00:00+00:00,6.807281962023009e-06
270,2023-04-18 03:00:00+00:00,0.0009698301303255424
270,2023-04-18 04:00:00+00:00,6.807281962023009e-06
270,2023-04-18 05:00:00+00:00,1.0387552598625374e-05
270,2023-04-18 06:00:00+00:00,1.967273677579018e-05
270,2023-04-18 07:00:00+00:00,0.00012127893950519397
270,2023-04-18 08:00:00+00:00,0.004913002156247264
270,2023-04-18 09:00:00+00:00,5.355686685678668e-05
270,2023-04-18 10:00:00+00:00,9.65280212515627e-05
270,2023-04-18 11:00:00+00:00,0.005039010076786655
270,2023-04-18 12:00:00+00:00,9.624917889812423e-05
270,2023-04-18 13:00:00+00:00,0.0032543839803345744
270,2023-04-18 14:00:00+00:00,0.0030555436466894966
270,2023-04-18 15:00:00+00:00,0.22704083927683463
270,2023-04-18 16:00:00+00:00,0.23165898848067434
270,2023-04-18 17:00:00+00:00,0.0038496576745850634
270,2023-04-18 18:00:00+00:00,0.25897417191390737
270,2023-04-18 19:00:00+00:00,0.0025598044701610053
270,2023-04-18 20:00:00+00:00,0.002480445715951536
270,2023-04-18 21:00:00+00:00,0.0978339442243929
270,2023-04-18 22:00:00+00:00,0.10963750987277102
270,2023-04-18 23:00:00+00:00,0.0012564639622204183
270,2023-04-19 00:00:00+00:00,0.0009698301303255424
270,2023-04-19 01:00:00+00:00,1.860922853540873e-05
270,2023-04-19 02:00:00+00:00,1.860922853540873e-05
270,2023-04-19 03:00:00+00:00,1.860922853540873e-05
270,2023-04-19 04:00:00+00:00,1.860922853540873e-05
270,2023-04-19 05:00:00+00:00,1.860714468733395e-05
270,2023-04-19 06:00:00+00:00,0.0004990548285676074
270,2023-04-19 07:00:00+00:00,9.607791562837859e-05
270,2023-04-19 08:00:00+00:00,7.581530416664355e-05
270,2023-04-19 09:00:00+00:00,9.092902905445357e-05
270,2023-04-19 10:00:00+00:00,0.0024862131904902756
270,2023-04-19 11:00:00+00:00,0.0034503136033441242
270,2023-04-19 12:00:00+00:00,0.24059303401646448
270,2023-04-19 13:00:00+00:00,0.2679194038751144
270,2023-04-19 14:00:00+00:00,0.1770726646790255
270,2023-04-19 15:00:00+00:00,0.20887280570319286
270,2023-04-19 16:00:00+00:00,0.2684290673008473
270,2023-04-19 17:00:00+00:00,0.32808975058137624
270,2023-04-19 18:00:00+00:00,0.1589934255139874
270,2023-04-19 19:00:00+00:00,0.10327130158612613
270,2023-04-19 20:00:00+00:00,0.11813130988806601
270,2023-04-19 21:00:00+00:00,0.0017526303304795329
270,2023-04-19 22:00:00+00:00,0.0018026057987202005
270,2023-04-19 23:00:00+00:00,0.0860303785760148
270,2023-04-20 00:00:00+00:00,0.0664386697185143
270,2023-04-20 01:00:00+00:00,0.0009698301303255424
270,2023-04-20 02:00:00+00:00,1.860922853540873e-05
270,2023-04-20 03:00:00+00:00,1.860922853540873e-05
270,2023-04-20 04:00:00+00:00,7.624622102741467e-05
270,2023-04-20 05:00:00+00:00,7.624622102741467e-05
270,2023-04-20 06:00:00+00:00,6.0651818165510675e-05
270,2023-04-20 07:00:00+00:00,5.085905773386965e-05
270,2023-04-20 08:00:00+00:00,1.0605103251623701e-05
270,2023-04-20 09:00:00+00:00,0.004378185170480278
270,2023-04-20 10:00:00+00:00,0.0019527476671510843
270,2023-04-20 11:00:00+00:00,0.0015887573184274971
270,2023-04-20 12:00:00+00:00,0.004244117099172884
270,2023-04-20 13:00:00+00:00,0.004663454721154864
270,2023-04-20 14:00:00+00:00,0.004149798328111142
270,2023-04-20 15:00:00+00:00,2.2804101093408097e-05
270,2023-04-20 16:00:00+00:00,5.896755075544465e-05
270,2023-04-20 17:00:00+00:00,9.102869046445297e-05
270,2023-04-20 18:00:00+00:00,0.00019147493578524938
270,2023-04-20 19:00:00+00:00,5.559853148602933e-05
270,2023-04-20 20:00:00+00:00,1.530467467417659e-05
270,2023-04-20 21:00:00+00:00,0.0010359085410011782
270,2023-04-20 22:00:00+00:00,0.0009621451915754577
270,2023-04-20 23:00:00+00:00,0.001227750150739253
270,2023-04-21 00:00:00+00:00,0.0015384115511639278
270,2023-04-21 01:00:00+00:00,1.2419040457032907e-05
270,2023-04-21 02:00:00+00:00,0.0009698301303255424
270,2023-04-21 03:00:00+00:00,6.807281962023009e-06
270,2023-04-21 04:00:00+00:00,7.624622102741467e-05
270,2023-04-21 05:00:00+00:00,1.8603351011559362e-05
270,2023-04-21 06:00:00+00:00,0.0003743001672856592
270,2023-04-21 07:00:00+00:00,0.0005406621147583834
270,2023-04-21 08:00:00+00:00,0.0037244857089292886
270,2023-04-21 09:00:00+00:00,0.0003119168061755447
270,2023-04-21 10:00:00+00:00,0.007229884023215561
270,2023-04-21 11:00:00+00:00,0.043095563465422856
270,2023-04-21 12:00:00+00:00,0.027704986658201234
270,2023-04-21 13:00:00+00:00,4.3096316676934853e-05
270,2023-04-21 14:00:00+00:00,0.18318418241512513
270,2023-04-21 15:00:00+00:00,0.14537180458695312
270,2023-04-21 16:00:00+00:00,0.16092473314524078
270,2023-04-21 17:00:00+00:00,0.37060175074678264
270,2023-04-21 18:00:00+00:00,0.18010419815564052
270,2023-04-21 19:00:00+00:00,0.06730217959657957
270,2023-04-21 20:00:00+00:00,1.538974628016656e-05
270,2023-04-21 21:00:00+00:00,0.013852493329100617
270,2023-04-21 22:00:00+00:00,0.0010674052404287266
270,2023-04-21 23:00:00+00:00,0.000990437721286147
270,2023-04-22 00:00:00+00:00,0.04001870496274216
270,2023-04-22 01:00:00+00:00,0.046707048580903986
270,2023-04-22 02:00:00+00:00,0.023832547597141478
270,2023-04-22 03:00:00+00:00,0.014868876572803565
270,2023-04-22 04:00:00+00:00,0.014868876572803565
270,2023-04-22 05:00:00+00:00,0.0058789223928075365
270,2023-04-22 06:00:00+00:00,0.02024693912165743
270,2023-04-22 07:00:00+00:00,0.07557078740336882
270,2023-04-22 08:00:00+00:00,0.013204954850705445
270,2023-04-22 09:00:00+00:00,0.0955264360329328
270,2023-04-22 10:00:00+00:00,0.024292687240643422
270,2023-04-22 11:00:00+00:00,0.15684896022785372
270,2023-04-22 12:00:00+00:00,0.30265375860824656
270,2023-04-22 13:00:00+00:00,0.3282060152177247
270,2023-04-22 14:00:00+00:00,0.23694188372457578
270,2023-04-22 15:00:00+00:00,0.021406345718567713
270,2023-04-22 16:00:00+00:00,0.03351711956867882
270,2023-04-22 17:00:00+00:00,0.031805105865474796
270,2023-04-22 18:00:00+00:00,0.018956724563769758
270,2023-04-22 19:00:00+00:00,0.026427917212620926
270,2023-04-22 20:00:00+00:00,0.09958918067949626
270,2023-04-22 21:00:00+00:00,0.03714569882279887
270,2023-04-22 22:00:00+00:00,0.024644844204839048
270,2023-04-22 23:00:00+00:00,0.04048142541941719
270,2023-04-23 00:00:00+00:00,0.010080562377480808
270,2023-04-23 01:00:00+00:00,0.005709959505139403
270,2023-04-23 02:00:00+00:00,0.00042168443065442393
270,2023-04-23 03:00:00+00:00,0.0014292486079493418
270,2023-04-23 04:00:00+00:00,0.05081070025053206
270,2023-04-23 05:00:00+00:00,0.03650635791360559
270,2023-04-23 06:00:00+00:00,0.14763171077984655
270,2023-04-23 07:00:00+00:00,0.16511875233369627
270,2023-04-23 08:00:00+00:00,0.06437485897018196
270,2023-04-23 09:00:00+00:00,0.002502951212163675
270,2023-04-23 10:00:00+00:00,0.04529560119718555
270,2023-04-23 11:00:00+00:00,0.025049296464476623
270,2023-04-23 12:00:00+00:00,0.004365135031914895
270,2023-04-23 13:00:00+00:00,0.012879014154912176
270,2023-04-23 14:00:00+00:00,0.011999579033579025
270,2023-04-23 15:00:00+00:00,0.011532167156834182
270,2023-04-23 16:00:00+00:00,0.1928933616186624
270,2023-04-23 17:00:00+00:00,0.001546070485274252
270,2023-04-23 18:00:00+00:00,0.01027052043943757
270,2023-04-23 19:00:00+00:00,0.03853166590430861
270,2023-04-23 20:00:00+00:00,0.01712987851541821
270,2023-04-23 21:00:00+00:00,0.010750622720983516
270,2023-04-23 22:00:00+00:00,0.0024971260317452285
270,2023-04-23 23:00:00+00:00,0.0010913003645913488
270,2023-04-24 00:00:00+00:00,0.0006670565291086958
270,2023-04-24 01:00:00+00:00,0.05051716265479965
270,2023-04-24 02:00:00+00:00,0.007851435898623665
270,2023-04-24 03:00:00+00:00,0.05051716265479965
270,2023-04-24 04:00:00+00:00,0.007851435898623665
270,2023-04-24 05:00:00+00:00,0.001251263251892922
270,2023-04-24 06:00:00+00:00,0.024640739881921593
270,2023-04-24 07:00:00+00:00,0.0035136455828319157
270,2023-04-24 08:00:00+00:00,0.05897287632110497
270,2023-04-24 09:00:00+00:00,0.26803554601369195
270,2023-04-24 10:00:00+00:00,0.1015849510800712
270,2023-04-24 11:00:00+00:00,0.16090139931458725
270,2023-04-24 12:00:00+00:00,0.16821509928343212
270,2023-04-24 13:00:00+00:00,0.00015132417338966026
270,2023-04-24 14:00:00+00:00,0.0005198544514085508
270,2023-04-24 15:00:00+00:00,0.10620244885643806
270,2023-04-24 16:00:00+00:00,0.04155747998730185
270,2023-04-24 17:00:00+00:00,0.0831149599746037
270,2023-04-24 18:00:00+00:00,0.00020794109144951463
270,2023-04-24 19:00:00+00:00,0.0014240680651788637
270,2023-04-24 20:00:00+00:00,6.238675508170937e-05
270,2023-04-24 21:00:00+00:00,0.000657262183928731
270,2023-04-24 22:00:00+00:00,0.006804562652435188
270,2023-04-24 23:00:00+00:00,0.0013145243678574108
270,2023-04-25 00:00:00+00:00,6.807281962023009e-06
270,2023-04-25 01:00:00+00:00,0.026816899885764536
270,2023-04-25 02:00:00+00:00,7.624622103726725e-05
270,2023-04-25 03:00:00+00:00,7.060788616678599e-06
270,2023-04-25 04:00:00+00:00,6.807281962023009e-06
270,2023-04-25 05:00:00+00:00,0.013852493329100617
270,2023-04-25 06:00:00+00:00,5.066312254281529e-05
270,2023-04-25 07:00:00+00:00,0.3589723219276397
270,2023-04-25 08:00:00+00:00,2.683680375806989e-05
270,2023-04-25 09:00:00+00:00,0.004372351011981481
270,2023-04-25 10:00:00+00:00,5.742356456569344e-05
270,2023-04-25 11:00:00+00:00,0.004440976844652986
270,2023-04-25 12:00:00+00:00,0.24063299037191235
270,2023-04-25 13:00:00+00:00,0.2520454387837493
270,2023-04-25 14:00:00+00:00,6.580842373558394e-05
270,2023-04-25 15:00:00+00:00,0.3297227023077712
270,2023-04-25 16:00:00+00:00,0.3949590744894197
270,2023-04-25 17:00:00+00:00,0.3525237210549367
270,2023-04-25 18:00:00+00:00,0.2998870097095257
270,2023-04-25 19:00:00+00:00,0.15445572305132968
270,2023-04-25 20:00:00+00:00,0.002260692263632061
270,2023-04-25 21:00:00+00:00,0.002414406935563279
270,2023-04-25 22:00:00+00:00,0.06918240599981301
270,2023-04-25 23:00:00+00:00,0.11326937622611812
270,2023-04-26 00:00:00+00:00,0.06700482772597516
270,2023-04-26 01:00:00+00:00,0.03826587847611084
270,2023-04-26 02:00:00+00:00,0.0664386697185143
270,2023-04-26 03:00:00+00:00,0.0664386697185143
270,2023-04-26 04:00:00+00:00,0.06700482772597516
270,2023-04-26 05:00:00+00:00,0.03818656506042617
270,2023-04-26 06:00:00+00:00,0.13076677047004506
270,2023-04-26 07:00:00+00:00,0.22724780226415264
270,2023-04-26 08:00:00+00:00,0.1788007804331094
270,2023-04-26 09:00:00+00:00,0.08542997247228631
270,2023-04-26 10:00:00+00:00,0.11667631558254467
270,2023-04-26 11:00:00+00:00,0.09812519191918911
270,2023-04-26 12:00:00+00:00,0.07250873001257097
270,2023-04-26 13:00:00+00:00,0.05837947591642252
270,2023-04-26 14:00:00+00:00,0.06535711107976135
270,2023-04-26 15:00:00+00:00,0.23052800960696243
270,2023-04-26 16:00:00+00:00,0.28023061932519816
270,2023-04-26 17:00:00+00:00,0.40887567705853767
270,2023-04-26 18:00:00+00:00,0.3089471415000549
270,2023-04-26 19:00:00+00:00,0.11789496620906319
270,2023-04-26 20:00:00+00:00,0.08767087070492387
270,2023-04-26 21:00:00+00:00,0.05345230283958371
270,2023-04-26 22:00:00+00:00,0.05688089522711989
270,2023-04-26 23:00:00+00:00,0.02988933443594356
270,2023-04-27 00:00:00+00:00,0.02617503419388658
270,2023-04-27 01:00:00+00:00,0.02617503419388658
270,2023-04-27 02:00:00+00:00,0.03252760133151519
270,2023-04-27 03:00:00+00:00,0.0388801684691438
270,2023-04-27 04:00:00+00:00,0.03826587847611084
270,2023-04-27 05:00:00+00:00,0.04484626937697751
270,2023-04-27 06:00:00+00:00,0.15434289097044254
270,2023-04-27 07:00:00+00:00,0.16269092137317126
270,2023-04-27 08:00:00+00:00,0.166423110370033
270,2023-04-27 09:00:00+00:00,0.14848391158019453
270,2023-04-27 10:00:00+00:00,0.11502661790053317
270,2023-04-27 11:00:00+00:00,0.08521012390575024
270,2023-04-27 12:00:00+00:00,0.06350015130504788
270,2023-04-27 13:00:00+00:00,0.06319444013342924
270,2023-04-27 14:00:00+00:00,0.06557816396715109
270,2023-04-27 15:00:00+00:00,0.14345946546309316
270,2023-04-27 16:00:00+00:00,0.11395142848733927
270,2023-04-27 17:00:00+00:00,0.09444393828467022
270,2023-04-27 18:00:00+00:00,0.12137288125521106
270,2023-04-27 19:00:00+00:00,0.03525455776486119
270,2023-04-27 20:00:00+00:00,0.02782105201876516
270,2023-04-27 21:00:00+00:00,0.07055903592844728
270,2023-04-27 22:00:00+00:00,0.050561625811153116
270,2023-04-27 23:00:00+00:00,0.04471164568201823
270,2023-04-28 00:00:00+00:00,0.004097493101535481
270,2023-04-28 01:00:00+00:00,0.030103532667464208
270,2023-04-28 02:00:00+00:00,0.03650635791360559
270,2023-04-28 03:00:00+00:00,0.05051716265479965
270,2023-04-28 04:00:00+00:00,0.05051716265479965
270,2023-04-28 05:00:00+00:00,0.054339158147335316
270,2023-04-28 06:00:00+00:00,0.1534436402430396
270,2023-04-28 07:00:00+00:00,0.2588552470629358
270,2023-04-28 08:00:00+00:00,0.17512321062895433
270,2023-04-28 09:00:00+00:00,0.23898916007273227
270,2023-04-28 10:00:00+00:00,0.15065568823694384
270,2023-04-28 11:00:00+00:00,0.31374138133409446
270,2023-04-28 12:00:00+00:00,0.02957124018161812
270,2023-04-28 13:00:00+00:00,0.032320628555049684
270,2023-04-28 14:00:00+00:00,0.1474523231127761
270,2023-04-28 15:00:00+00:00,0.21079616821252378
270,2023-04-28 16:00:00+00:00,0.0882603157601418
270,2023-04-28 17:00:00+00:00,0.07034613730791905
270,2023-04-28 18:00:00+00:00,0.12794266155404097
270,2023-04-28 19:00:00+00:00,0.050424602455677925
270,2023-04-28 20:00:00+00:00,0.062490289804402424
270,2023-04-28 21:00:00+00:00,0.04319127151025371
270,2023-04-28 22:00:00+00:00,0.06179235119228436
270,2023-04-28 23:00:00+00:00,0.05856608442586196
270,2023-04-29 00:00:00+00:00,0.007258843209929815
270,2023-04-29 01:00:00+00:00,0.05006768321133438
270,2023-04-29 02:00:00+00:00,0.007925509984710397
270,2023-04-29 03:00:00+00:00,0.03826587847611084
270,2023-04-29 04:00:00+00:00,0.05051716265479965
270,2023-04-29 05:00:00+00:00,0.0006670565291086958
270,2023-04-29 06:00:00+00:00,0.0995985180803009
270,2023-04-29 07:00:00+00:00,0.10814880449955593
270,2023-04-29 08:00:00+00:00,0.04194079700639764
270,2023-04-29 09:00:00+00:00,0.03629040976054435
270,2023-04-29 10:00:00+00:00,0.1460624102034277
270,2023-04-29 11:00:00+00:00,0.028507112114834195
270,2023-04-29 12:00:00+00:00,0.06593021162380903
270,2023-04-29 13:00:00+00:00,0.14480325036681937
270,2023-04-29 14:00:00+00:00,0.06627281816596396
270,2023-04-29 15:00:00+00:00,0.008316877178239574
270,2023-04-29 16:00:00+00:00,0.00499217083475686
270,2023-04-29 17:00:00+00:00,0.0030909886669928496
270,2023-04-29 18:00:00+00:00,0.21063229222418525
270,2023-04-29 19:00:00+00:00,0.0014553688053240983
270,2023-04-29 20:00:00+00:00,0.03896310128677174
270,2023-04-29 21:00:00+00:00,0.04554389935801095
270,2023-04-29 22:00:00+00:00,0.010717085230703591
270,2023-04-29 23:00:00+00:00,0.004484324029347651
270,2023-04-30 00:00:00+00:00,0.0055998917128911065
270,2023-04-30 01:00:00+00:00,0.004012582787479242
270,2023-04-30 02:00:00+00:00,0.008011226059868945
270,2023-04-30 03:00:00+00:00,0.02814618064904106
270,2023-04-30 04:00:00+00:00,0.004097493101535481
270,2023-04-30 05:00:00+00:00,0.02223214725651791
270,2023-04-30 06:00:00+00:00,0.02024693912165743
270,2023-04-30 07:00:00+00:00,0.07981812566227467
270,2023-04-30 08:00:00+00:00,0.07268476321379518
270,2023-04-30 09:00:00+00:00,0.021205780040684706
270,2023-04-30 10:00:00+00:00,0.03606708840405042
270,2023-04-30 11:00:00+00:00,0.01628484013167846
270,2023-04-30 12:00:00+00:00,0.05104156273097419
270,2023-04-30 13:00:00+00:00,0.4134123381371517
270,2023-04-30 14:00:00+00:00,0.03845188466781559
270,2023-04-30 15:00:00+00:00,0.028679382479837656
270,2023-04-30 16:00:00+00:00,0.1286388435601364
270,2023-04-30 17:00:00+00:00,0.0755904986138878
270,2023-04-30 18:00:00+00:00,0.05749264828689499
270,2023-04-30 19:00:00+00:00,0.0463717349077051
270,2023-04-30 20:00:00+00:00,0.05914947124199535
270,2023-04-30 21:00:00+00:00,0.0364848688516873
270,2023-04-30 22:00:00+00:00,0.04236389334293825
270,2023-04-30 23:00:00+00:00,0.055660119694265424
270,2023-05-01 00:00:00+00:00,0.03650635791360559
270,2023-05-01 01:00:00+00:00,0.03650635791360559
270,2023-05-01 02:00:00+00:00,0.05051716265479965
270,2023-05-01 03:00:00+00:00,0.05051716265479965
270,2023-05-01 04:00:00+00:00,0.05051716265479965
270,2023-05-01 05:00:00+00:00,0.05051716265479965
270,2023-05-01 06:00:00+00:00,0.14763171077984655
270,2023-05-01 07:00:00+00:00,0.07205168664859388
270,2023-05-01 08:00:00+00:00,0.07514129976804011
270,2023-05-01 09:00:00+00:00,0.0705106142709987
270,2023-05-01 10:00:00+00:00,0.007479791478495166
270,2023-05-01 11:00:00+00:00,0.02730758233582817
270,2023-05-01 12:00:00+00:00,0.0023892870572152156
270,2023-05-01 13:00:00+00:00,0.003455194763807091
270,2023-05-01 14:00:00+00:00,0.011004129042254535
270,2023-05-01 15:00:00+00:00,0.03425975703083642
270,2023-05-01 16:00:00+00:00,0.0019676341881562634
270,2023-05-01 17:00:00+00:00,0.02590118817752225
270,2023-05-01 18:00:00+00:00,0.00125474047757363
270,2023-05-01 19:00:00+00:00,0.05651275242485912
270,2023-05-01 20:00:00+00:00,0.007923347279503003
270,2023-05-01 21:00:00+00:00,0.0012150186669278526
270,2023-05-01 22:00:00+00:00,0.060429644152887395
270,2023-05-01 23:00:00+00:00,0.027704986658201234
270,2023-05-02 00:00:00+00:00,6.807281962023009e-06
270,2023-05-02 01:00:00+00:00,1.860922853540873e-05
270,2023-05-02 02:00:00+00:00,0.0009698301303255424
270,2023-05-02 03:00:00+00:00,0.0664386697185143
270,2023-05-02 04:00:00+00:00,6.807281962023009e-06
270,2023-05-02 05:00:00+00:00,0.03607253429905197
270,2023-05-02 06:00:00+00:00,0.06742549031745866
270,2023-05-02 07:00:00+00:00,0.3161072203890401
270,2023-05-02 08:00:00+00:00,0.44972547172678645
270,2023-05-02 09:00:00+00:00,0.3891937776366335
270,2023-05-02 10:00:00+00:00,0.17783272178914417
270,2023-05-02 11:00:00+00:00,0.11524161288960572
270,2023-05-02 12:00:00+00:00,0.1272932276082844
270,2023-05-02 13:00:00+00:00,0.1497508505983481
270,2023-05-02 14:00:00+00:00,0.10854642780045937
270,2023-05-02 15:00:00+00:00,0.283913791095986
270,2023-05-02 16:00:00+00:00,0.003582470795457178
270,2023-05-02 17:00:00+00:00,0.20893371835153632
270,2023-05-02 18:00:00+00:00,0.31960792859993753
270,2023-05-02 19:00:00+00:00,0.14471402479960388
270,2023-05-02 20:00:00+00:00,0.0518852429140062
270,2023-05-02 21:00:00+00:00,0.05443878127093552
270,2023-05-02 22:00:00+00:00,0.036947742366642014
270,2023-05-02 23:00:00+00:00,0.03549454073385115
270,2023-05-03 00:00:00+00:00,0.027420635593421602
270,2023-05-03 01:00:00+00:00,0.027420635593421602
270,2023-05-03 02:00:00+00:00,0.023832547597141478
270,2023-05-03 03:00:00+00:00,0.023832547597141478
270,2023-05-03 04:00:00+00:00,0.027420635593421602
270,2023-05-03 05:00:00+00:00,0.03296922364589579
270,2023-05-03 06:00:00+00:00,0.2793229732955017
270,2023-05-03 07:00:00+00:00,0.2038520061421956
270,2023-05-03 08:00:00+00:00,0.2664764746628691
270,2023-05-03 09:00:00+00:00,0.2902350073482584
270,2023-05-03 10:00:00+00:00,0.311448008690972
270,2023-05-03 11:00:00+00:00,0.3251954014664123
270,2023-05-03 12:00:00+00:00,0.3663844107117304
270,2023-05-03 13:00:00+00:00,0.288512965120608
270,2023-05-03 14:00:00+00:00,0.31596428704101326
270,2023-05-03 15:00:00+00:00,0.17263546503322913
270,2023-05-03 16:00:00+00:00,0.21590301456424962
270,2023-05-03 17:00:00+00:00,0.30299811153100403
270,2023-05-03 18:00:00+00:00,0.3250964599103516
270,2023-05-03 19:00:00+00:00,0.16937246901852632
270,2023-05-03 20:00:00+00:00,0.15678273007148277
270,2023-05-03 21:00:00+00:00,0.07989391945183545
270,2023-05-03 22:00:00+00:00,0.07302473848278157
270,2023-05-03 23:00:00+00:00,0.09821173536931246
270,2023-05-04 00:00:00+00:00,0.08976332629011327
270,2023-05-04 01:00:00+00:00,0.06432008101239516
270,2023-05-04 02:00:00+00:00,0.06578363999814336
270,2023-05-04 03:00:00+00:00,0.06700482772597516
270,2023-05-04 04:00:00+00:00,0.0664386697185143
270,2023-05-04 05:00:00+00:00,0.0009920442735404402
270,2023-05-04 06:00:00+00:00,0.004178739006082908
270,2023-05-04 07:00:00+00:00,0.00683530654069785
270,2023-05-04 08:00:00+00:00,0.504360633581591
270,2023-05-04 09:00:00+00:00,0.4075948225120886
270,2023-05-04 10:00:00+00:00,0.2885069499266529
270,2023-05-04 11:00:00+00:00,0.3663747133076028
270,2023-05-04 12:00:00+00:00,0.15427030661787122
270,2023-05-04 13:00:00+00:00,0.1596115029762289
270,2023-05-04 14:00:00+00:00,0.12588294254392612
270,2023-05-04 15:00:00+00:00,0.07684519463311532
270,2023-05-04 16:00:00+00:00,0.08112970391120258
270,2023-05-04 17:00:00+00:00,0.010324581378959691
270,2023-05-04 18:00:00+00:00,0.012429868798962736
270,2023-05-04 19:00:00+00:00,0.013596503126427135
270,2023-05-04 20:00:00+00:00,0.028961245411273012
270,2023-05-04 21:00:00+00:00,0.003926113687276302
270,2023-05-04 22:00:00+00:00,0.01153833691747784
270,2023-05-04 23:00:00+00:00,0.05598904524277435
270,2023-05-05 00:00:00+00:00,0.010617369545104866
270,2023-05-05 01:00:00+00:00,0.008152187777259436
270,2023-05-05 02:00:00+00:00,0.02223214725651791
270,2023-05-05 03:00:00+00:00,0.02223214725651791
270,2023-05-05 04:00:00+00:00,0.008152187777259436
270,2023-05-05 05:00:00+00:00,0.01058453937287162
270,2023-05-05 06:00:00+00:00,0.02109001025336024
270,2023-05-05 07:00:00+00:00,0.051634020726633055
270,2023-05-05 08:00:00+00:00,0.06441221895258899
270,2023-05-05 09:00:00+00:00,0.0830880128462952
270,2023-05-05 10:00:00+00:00,0.19660089734540795
270,2023-05-05 11:00:00+00:00,0.14926791456232247
270,2023-05-05 12:00:00+00:00,0.2760500712124871
270,2023-05-05 13:00:00+00:00,0.24049710293825846
270,2023-05-05 14:00:00+00:00,0.1987900757819265
270,2023-05-05 15:00:00+00:00,0.0005463462965315355
270,2023-05-05 16:00:00+00:00,0.13013955715884332
270,2023-05-05 17:00:00+00:00,0.09957466756335741
270,2023-05-05 18:00:00+00:00,0.1647341423952781
270,2023-05-05 19:00:00+00:00,0.09482878726985773
270,2023-05-05 20:00:00+00:00,0.048817414066253895
270,2023-05-05 21:00:00+00:00,0.00893134441447714
270,2023-05-05 22:00:00+00:00,0.005772942337974353
270,2023-05-05 23:00:00+00:00,0.010837974871663401
270,2023-05-06 00:00:00+00:00,0.004031397088494675
270,2023-05-06 01:00:00+00:00,0.004091985100448747
270,2023-05-06 02:00:00+00:00,0.004152573112402819
270,2023-05-06 03:00:00+00:00,0.004097493101535481
270,2023-05-06 04:00:00+00:00,0.0058789223928075365
270,2023-05-06 05:00:00+00:00,0.02814618064904106
270,2023-05-06 06:00:00+00:00,0.10478430190002268
270,2023-05-06 07:00:00+00:00,0.0767582704104847
270,2023-05-06 08:00:00+00:00,0.06741955648664583
270,2023-05-06 09:00:00+00:00,0.03662629515055819
270,2023-05-06 10:00:00+00:00,0.07814607001330932
270,2023-05-06 11:00:00+00:00,0.11109415088902229
270,2023-05-06 12:00:00+00:00,0.049277021955859
270,2023-05-06 13:00:00+00:00,0.019645633570419437
270,2023-05-06 14:00:00+00:00,0.01835027778534197
270,2023-05-06 15:00:00+00:00,0.035482644698562486
270,2023-05-06 16:00:00+00:00,0.024019713879688077
270,2023-05-06 17:00:00+00:00,0.014417531912041705
270,2023-05-06 18:00:00+00:00,0.07937057871945516
270,2023-05-06 19:00:00+00:00,0.05382162024560144
270,2023-05-06 20:00:00+00:00,0.04532965768409559
270,2023-05-06 21:00:00+00:00,0.04570476028640058
270,2023-05-06 22:00:00+00:00,0.03726385133807777
270,2023-05-06 23:00:00+00:00,0.03281307505854097
270,2023-05-07 00:00:00+00:00,0.035109207917027735
270,2023-05-07 01:00:00+00:00,0.048339668295968044
270,2023-05-07 02:00:00+00:00,0.05051716265479965
270,2023-05-07 03:00:00+00:00,0.05051716265479965
270,2023-05-07 04:00:00+00:00,0.05051716265479965
270,2023-05-07 05:00:00+00:00,0.026931553243215868
270,2023-05-07 06:00:00+00:00,0.11486539310505578
270,2023-05-07 07:00:00+00:00,0.02827851551529041
270,2023-05-07 08:00:00+00:00,0.0004217419961170182
270,2023-05-07 09:00:00+00:00,0.05543330478965121
270,2023-05-07 10:00:00+00:00,0.0951558963025569
270,2023-05-07 11:00:00+00:00,0.02838969137939245
270,2023-05-07 12:00:00+00:00,0.19817948052746823
270,2023-05-07 13:00:00+00:00,0.09685926505253675
270,2023-05-07 14:00:00+00:00,0.141421558006628
270,2023-05-07 15:00:00+00:00,0.09688765740696706
270,2023-05-07 16:00:00+00:00,0.1281122122780362
270,2023-05-07 17:00:00+00:00,0.10346225933144355
270,2023-05-07 18:00:00+00:00,0.11556005823723527
270,2023-05-07 19:00:00+00:00,0.12175783766803698
270,2023-05-07 20:00:00+00:00,0.0612669686455898
270,2023-05-07 21:00:00+00:00,0.04957519613114879
270,2023-05-07 22:00:00+00:00,0.02806824221593138
270,2023-05-07 23:00:00+00:00,0.05202654170322699
270,2023-05-08 00:00:00+00:00,0.029514757462546327
270,2023-05-08 01:00:00+00:00,0.02223214725651791
270,2023-05-08 02:00:00+00:00,0.008152187777259436
270,2023-05-08 03:00:00+00:00,0.004097493101535481
270,2023-05-08 04:00:00+00:00,0.02223214725651791
270,2023-05-08 05:00:00+00:00,0.008152187777259436
270,2023-05-08 06:00:00+00:00,0.16511875233369627
270,2023-05-08 07:00:00+00:00,0.032845528649548685
270,2023-05-08 08:00:00+00:00,0.07530234856419532
270,2023-05-08 09:00:00+00:00,0.17260289751526223
270,2023-05-08 10:00:00+00:00,0.09203120597920494
270,2023-05-08 11:00:00+00:00,0.0942377817586502
270,2023-05-08 12:00:00+00:00,0.13437730912252482
270,2023-05-08 13:00:00+00:00,0.08827010784248718
270,2023-05-08 14:00:00+00:00,0.08271276212186073
270,2023-05-08 15:00:00+00:00,0.13596812064046887
270,2023-05-08 16:00:00+00:00,0.053361985010334026
270,2023-05-08 17:00:00+00:00,0.049727565968456934
270,2023-05-08 18:00:00+00:00,0.10257479152479863
270,2023-05-08 19:00:00+00:00,0.04022147080663928
270,2023-05-08 20:00:00+00:00,0.030718225065556038
270,2023-05-08 21:00:00+00:00,0.010400955491262572
270,2023-05-08 22:00:00+00:00,0.06197226760094819
270,2023-05-08 23:00:00+00:00,0.0024971260317452285
270,2023-05-09 00:00:00+00:00,0.04948978106973619
270,2023-05-09 01:00:00+00:00,0.03823548276397352
270,2023-05-09 02:00:00+00:00,0.05411299820252173
270,2023-05-09 03:00:00+00:00,0.03650635791360559
270,2023-05-09 04:00:00+00:00,0.03650635791360559
270,2023-05-09 05:00:00+00:00,0.035109207917027735
270,2023-05-09 06:00:00+00:00,0.18019001745794572
270,2023-05-09 07:00:00+00:00,0.15912023388324634
270,2023-05-09 08:00:00+00:00,0.16111778174683028
270,2023-05-09 09:00:00+00:00,0.049012230248203115
270,2023-05-09 10:00:00+00:00,0.02492836306322673
270,2023-05-09 11:00:00+00:00,0.1807809371360306
270,2023-05-09 12:00:00+00:00,0.17548904449790165
270,2023-05-09 13:00:00+00:00,0.3218701028314806
270,2023-05-09 14:00:00+00:00,0.03565000792167329
270,2023-05-09 15:00:00+00:00,0.2007096735061258
270,2023-05-09 16:00:00+00:00,0.021231639674024416
270,2023-05-09 17:00:00+00:00,0.0029099745802001974
270,2023-05-09 18:00:00+00:00,0.18055290658793627
270,2023-05-09 19:00:00+00:00,0.0033334671744914522
270,2023-05-09 20:00:00+00:00,0.1093761519802495
270,2023-05-09 21:00:00+00:00,0.1001304383160254
270,2023-05-09 22:00:00+00:00,0.03994020886950135
270,2023-05-09 23:00:00+00:00,0.0570179171022237
270,2023-05-10 00:00:00+00:00,0.05051716265479965
270,2023-05-10 01:00:00+00:00,0.05051716265479965
270,2023-05-10 02:00:00+00:00,0.05051716265479965
270,2023-05-10 03:00:00+00:00,0.03650635791360559
270,2023-05-10 04:00:00+00:00,0.05051716265479965
270,2023-05-10 05:00:00+00:00,0.053304308198015994
270,2023-05-10 06:00:00+00:00,0.13537475468309676
270,2023-05-10 07:00:00+00:00,0.012893287523091025
270,2023-05-10 08:00:00+00:00,0.02919797024187596
270,2023-05-10 09:00:00+00:00,0.16094294865039824
270,2023-05-10 10:00:00+00:00,0.20624141477184216
270,2023-05-10 11:00:00+00:00,0.20194604643887146
270,2023-05-10 12:00:00+00:00,0.24931606379856966
270,2023-05-10 13:00:00+00:00,0.22988156400947568
270,2023-05-10 14:00:00+00:00,0.15684027668548697
270,2023-05-10 15:00:00+00:00,0.184849523334708
270,2023-05-10 16:00:00+00:00,0.13902861338449757
270,2023-05-10 17:00:00+00:00,0.16726121243720496
270,2023-05-10 18:00:00+00:00,0.11833758829474259
270,2023-05-10 19:00:00+00:00,0.12363478464572614
270,2023-05-10 20:00:00+00:00,0.09375203109706924
270,2023-05-10 21:00:00+00:00,0.06853805170315867
270,2023-05-10 22:00:00+00:00,0.009193882531246443
270,2023-05-10 23:00:00+00:00,0.061648229181052325
270,2023-05-11 00:00:00+00:00,0.06031588726954184
270,2023-05-11 01:00:00+00:00,0.05051716265479965
270,2023-05-11 02:00:00+00:00,0.03650635791360559
270,2023-05-11 03:00:00+00:00,0.05051716265479965
270,2023-05-11 04:00:00+00:00,0.05051716265479965
270,2023-05-11 05:00:00+00:00,0.01191615437872682
270,2023-05-11 06:00:00+00:00,0.00236471530731153
270,2023-05-11 07:00:00+00:00,0.047023580282952566
270,2023-05-11 08:00:00+00:00,0.004497358657632415
270,2023-05-11 09:00:00+00:00,0.01164815626851666
270,2023-05-11 10:00:00+00:00,0.02615516586121866
270,2023-05-11 11:00:00+00:00,0.25247341873497003
270,2023-05-11 12:00:00+00:00,0.23000944089582218
270,2023-05-11 13:00:00+00:00,0.009985329380014936
270,2023-05-11 14:00:00+00:00,0.01080659706729662
270,2023-05-11 15:00:00+00:00,0.004589831939418423
270,2023-05-11 16:00:00+00:00,0.029484299731144307
270,2023-05-11 17:00:00+00:00,0.009148842699525797
270,2023-05-11 18:00:00+00:00,0.025211405579091174
270,2023-05-11 19:00:00+00:00,0.0725253335367812
270,2023-05-11 20:00:00+00:00,0.015372491556654957
270,2023-05-11 21:00:00+00:00,0.0012439470437987728
270,2023-05-11 22:00:00+00:00,1.0158342212455998e-05
270,2023-05-11 23:00:00+00:00,6.238795600818314e-05
270,2023-05-12 00:00:00+00:00,0.00011585361033686959
270,2023-05-12 01:00:00+00:00,0.0017839973563778875
270,2023-05-12 02:00:00+00:00,1.860922853540873e-05
270,2023-05-12 03:00:00+00:00,6.807281962023009e-06
270,2023-05-12 04:00:00+00:00,1.860922853540873e-05
270,2023-05-12 05:00:00+00:00,7.624622102741467e-05
270,2023-05-12 06:00:00+00:00,0.00010618582348060361
270,2023-05-12 07:00:00+00:00,0.0006654288371687498
270,2023-05-12 08:00:00+00:00,0.000561453122583462
270,2023-05-12 09:00:00+00:00,0.0005406506282209518
270,2023-05-12 10:00:00+00:00,0.0028481361303576954
270,2023-05-12 11:00:00+00:00,0.00041588735180016987
270,2023-05-12 12:00:00+00:00,0.0054771848660725535
270,2023-05-12 13:00:00+00:00,0.0004574722389673486
270,2023-05-12 14:00:00+00:00,0.0006238313147752828
270,2023-05-12 15:00:00+00:00,0.00012477074298533578
270,2023-05-12 16:00:00+00:00,0.0004990617207018417
270,2023-05-12 17:00:00+00:00,0.0005614542711410831
270,2023-05-12 18:00:00+00:00,0.00045747798209914525
270,2023-05-12 19:00:00+00:00,0.00020794051705373454
270,2023-05-12 20:00:00+00:00,0.0015336117625003006
270,2023-05-12 21:00:00+00:00,6.238345700693342e-05
270,2023-05-12 22:00:00+00:00,1.5276258456911103e-05
270,2023-05-12 23:00:00+00:00,6.23840504863522e-05
270,2023-05-13 00:00:00+00:00,6.931492789480302e-05
270,2023-05-13 01:00:00+00:00,1.860922853540873e-05
270,2023-05-13 02:00:00+00:00,1.860922853540873e-05
270,2023-05-13 03:00:00+00:00,1.860922853540873e-05
270,2023-05-13 04:00:00+00:00,7.624622102741467e-05
270,2023-05-13 05:00:00+00:00,7.624622102741467e-05
270,2023-05-13 06:00:00+00:00,9.09229591590243e-05
270,2023-05-13 07:00:00+00:00,0.0003742921265777458
270,2023-05-13 08:00:00+00:00,3.0616702454124436e-05
270,2023-05-13 09:00:00+00:00,0.00018715697569867345
270,2023-05-13 10:00:00+00:00,0.00020795200385135892
270,2023-05-13 11:00:00+00:00,0.00020795832145008763
270,2023-05-13 12:00:00+00:00,0.0003743087822720731
270,2023-05-13 13:00:00+00:00,6.0646473468370726e-05
270,2023-05-13 14:00:00+00:00,0.00020794740919069128
270,2023-05-13 15:00:00+00:00,0.00041588218265495194
270,2023-05-13 16:00:00+00:00,4.5592984508491996e-05
270,2023-05-13 17:00:00+00:00,7.089934625605147e-05
270,2023-05-13 18:00:00+00:00,6.084118715288793e-05
270,2023-05-13 19:00:00+00:00,7.56846889845634e-05
270,2023-05-13 20:00:00+00:00,1.5259682231602592e-05
270,2023-05-13 21:00:00+00:00,0.04318370629073399
270,2023-05-13 22:00:00+00:00,0.028583067590514856
270,2023-05-13 23:00:00+00:00,0.03736294283315369
270,2023-05-14 00:00:00+00:00,0.03652098333104799
270,2023-05-14 01:00:00+00:00,0.02704968266922717
270,2023-05-14 02:00:00+00:00,0.03710261504606894
270,2023-05-14 03:00:00+00:00,0.0664386697185143
270,2023-05-14 04:00:00+00:00,0.03826587847611084
270,2023-05-14 05:00:00+00:00,0.024501287865073745
270,2023-05-14 06:00:00+00:00,0.08942370351332238
270,2023-05-14 07:00:00+00:00,0.10814880449955593
270,2023-05-14 08:00:00+00:00,0.12110694450521549
270,2023-05-14 09:00:00+00:00,0.05112222156812686
270,2023-05-14 10:00:00+00:00,0.15044900970431452
270,2023-05-14 11:00:00+00:00,0.17073338625391382
270,2023-05-14 12:00:00+00:00,0.028297714950974454
270,2023-05-14 13:00:00+00:00,0.21556358575727452
270,2023-05-14 14:00:00+00:00,0.13066181866588006
270,2023-05-14 15:00:00+00:00,0.13555220179663843
270,2023-05-14 16:00:00+00:00,0.09992962458658985
270,2023-05-14 17:00:00+00:00,0.1302821764148756
270,2023-05-14 18:00:00+00:00,0.09487165287950822
270,2023-05-14 19:00:00+00:00,0.05701605001115974
270,2023-05-14 20:00:00+00:00,0.05102794052437284
270,2023-05-14 21:00:00+00:00,0.05302771120209641
270,2023-05-14 22:00:00+00:00,0.059650699012605515
270,2023-05-14 23:00:00+00:00,0.010696872110769069
270,2023-05-15 00:00:00+00:00,0.0006670565291086958
270,2023-05-15 01:00:00+00:00,0.026816899885764536
270,2023-05-15 02:00:00+00:00,0.026816899885764536
270,2023-05-15 03:00:00+00:00,0.026816899885764536
270,2023-05-15 04:00:00+00:00,0.026816899885764536
270,2023-05-15 05:00:00+00:00,0.02194109990653462
270,2023-05-15 06:00:00+00:00,0.10970549953267311
270,2023-05-15 07:00:00+00:00,0.05631551170629719
270,2023-05-15 08:00:00+00:00,0.10970549953267311
270,2023-05-15 09:00:00+00:00,0.047423588805302896
270,2023-05-15 10:00:00+00:00,0.06350925142272842
270,2023-05-15 11:00:00+00:00,0.08392293938003399
270,2023-05-15 12:00:00+00:00,0.024950063058929023
270,2023-05-15 13:00:00+00:00,0.08299128040928007
270,2023-05-15 14:00:00+00:00,0.05779749885646291
270,2023-05-15 15:00:00+00:00,0.024950063058929023
270,2023-05-15 16:00:00+00:00,0.06520743460729149
270,2023-05-15 17:00:00+00:00,0.21209729909650135
270,2023-05-15 18:00:00+00:00,0.07387996442186996
270,2023-05-15 19:00:00+00:00,0.002190873946429016
270,2023-05-15 20:00:00+00:00,0.027704986658201234
270,2023-05-15 21:00:00+00:00,0.026165820732745614
270,2023-05-15 22:00:00+00:00,0.010752599869312861
270,2023-05-15 23:00:00+00:00,0.008564939257709105
270,2023-05-16 00:00:00+00:00,0.008316687686309674
270,2023-05-16 01:00:00+00:00,0.005234129546377786
270,2023-05-16 02:00:00+00:00,0.008316687686309674
270,2023-05-16 03:00:00+00:00,0.008152187777259436
270,2023-05-16 04:00:00+00:00,0.026931553243215868
270,2023-05-16 05:00:00+00:00,0.04523423493144577
270,2023-05-16 06:00:00+00:00,0.005005587712231055
270,2023-05-16 07:00:00+00:00,0.0034555746080781216
270,2023-05-16 08:00:00+00:00,0.02419334970595394
270,2023-05-16 09:00:00+00:00,0.016128899803969293
270,2023-05-16 10:00:00+00:00,0.04082737591461113
270,2023-05-16 11:00:00+00:00,0.05216831366866977
270,2023-05-16 12:00:00+00:00,0.07409935750828578
270,2023-05-16 13:00:00+00:00,0.01855736839170306
270,2023-05-16 14:00:00+00:00,0.016872997864790292
270,2023-05-16 15:00:00+00:00,0.0017780761081875854
270,2023-05-16 16:00:00+00:00,0.0030916925359745807
270,2023-05-16 17:00:00+00:00,0.1630684269057643
270,2023-05-16 18:00:00+00:00,0.006240764006002708
270,2023-05-16 19:00:00+00:00,0.007336086028169692
270,2023-05-16 20:00:00+00:00,0.05119589978191412
270,2023-05-16 21:00:00+00:00,0.0015336117625003136
270,2023-05-16 22:00:00+00:00,0.0014240680651788572
270,2023-05-16 23:00:00+00:00,0.017783845801988586
270,2023-05-17 00:00:00+00:00,0.010867905767881913
270,2023-05-17 01:00:00+00:00,0.007392412410152592
270,2023-05-17 02:00:00+00:00,0.016930825180011867
270,2023-05-17 03:00:00+00:00,0.010867905767881913
270,2023-05-17 04:00:00+00:00,0.014868876572803565
270,2023-05-17 05:00:00+00:00,0.00504531384148428
270,2023-05-17 06:00:00+00:00,0.01482095444904033
270,2023-05-17 07:00:00+00:00,0.008748414763814518
270,2023-05-17 08:00:00+00:00,0.006602477425352723
270,2023-05-17 09:00:00+00:00,0.019984858267987907
270,2023-05-17 10:00:00+00:00,0.02712230764941216
270,2023-05-17 11:00:00+00:00,0.12448692061392011
270,2023-05-17 12:00:00+00:00,0.022177237230457777
270,2023-05-17 13:00:00+00:00,0.029486438160552485
270,2023-05-17 14:00:00+00:00,0.019984858267987907
270,2023-05-17 15:00:00+00:00,0.0018198485908636215
270,2023-05-17 16:00:00+00:00,0.00417062988608827
270,2023-05-17 17:00:00+00:00,0.005407063512456113
270,2023-05-17 18:00:00+00:00,0.019123748484603683
270,2023-05-17 19:00:00+00:00,0.005818942034867987
270,2023-05-17 20:00:00+00:00,0.0016695158454640231
270,2023-05-17 21:00:00+00:00,0.001253158281781962
270,2023-05-17 22:00:00+00:00,0.04032728422494778
270,2023-05-17 23:00:00+00:00,0.035767343355733346
270,2023-05-18 00:00:00+00:00,0.014868876572803565
270,2023-05-18 01:00:00+00:00,0.02223214725651791
270,2023-05-18 02:00:00+00:00,0.03826587847611084
270,2023-05-18 03:00:00+00:00,0.03826587847611084
270,2023-05-18 04:00:00+00:00,0.027420635593421602
270,2023-05-18 05:00:00+00:00,7.624622104297136e-05
270,2023-05-18 06:00:00+00:00,0.002389316684261709
270,2023-05-18 07:00:00+00:00,0.0006030403069873016
270,2023-05-18 08:00:00+00:00,0.11081994663280494
270,2023-05-18 09:00:00+00:00,0.01155749459355433
270,2023-05-18 10:00:00+00:00,0.003654141649082456
270,2023-05-18 11:00:00+00:00,0.005409414932699001
270,2023-05-18 12:00:00+00:00,0.005407015219965608
270,2023-05-18 13:00:00+00:00,0.00914760246593601
270,2023-05-18 14:00:00+00:00,0.028314047044865672
270,2023-05-18 15:00:00+00:00,0.2826114013848256
270,2023-05-18 16:00:00+00:00,0.1579792446459992
270,2023-05-18 17:00:00+00:00,0.03721382334454789
270,2023-05-18 18:00:00+00:00,0.10334348613205685
270,2023-05-18 19:00:00+00:00,0.126423851048194
270,2023-05-18 20:00:00+00:00,0.10122109344947491
270,2023-05-18 21:00:00+00:00,0.08846803477340487
270,2023-05-18 22:00:00+00:00,0.05702501204826678
270,2023-05-18 23:00:00+00:00,0.008030205011646743
270,2023-05-19 00:00:00+00:00,0.001528009812646258
270,2023-05-19 01:00:00+00:00,0.0006670565291086958
270,2023-05-19 02:00:00+00:00,0.002689898210328887
270,2023-05-19 03:00:00+00:00,0.002689898210328887
270,2023-05-19 04:00:00+00:00,0.0010866020580307227
270,2023-05-19 05:00:00+00:00,0.006804562652435188
270,2023-05-19 06:00:00+00:00,0.04536375101623459
270,2023-05-19 07:00:00+00:00,0.09484717761060579
270,2023-05-19 08:00:00+00:00,0.08773245775097058
270,2023-05-19 09:00:00+00:00,0.0003535028418797804
270,2023-05-19 10:00:00+00:00,0.05335153740596576
270,2023-05-19 11:00:00+00:00,0.12433289947036286
270,2023-05-19 12:00:00+00:00,0.0024099613410719766
270,2023-05-19 13:00:00+00:00,0.0041626604982150815
270,2023-05-19 14:00:00+00:00,0.0056962722607153266
270,2023-05-19 15:00:00+00:00,0.10970549953267311
270,2023-05-19 16:00:00+00:00,0.18284249922112183
270,2023-05-19 17:00:00+00:00,0.00033271240848228254
270,2023-05-19 18:00:00+00:00,0.000131053639898941
270,2023-05-19 19:00:00+00:00,0.09419163570275833
270,2023-05-19 20:00:00+00:00,5.914288176716736e-06
270,2023-05-19 21:00:00+00:00,0.0507924755400356
270,2023-05-19 22:00:00+00:00,0.0015336117625003006
270,2023-05-19 23:00:00+00:00,6.238370588539936e-05
270,2023-05-20 00:00:00+00:00,6.238363476564841e-05
270,2023-05-20 01:00:00+00:00,0.0006572621839287242
270,2023-05-20 02:00:00+00:00,7.624622102741467e-05
270,2023-05-20 03:00:00+00:00,6.807281962023009e-06
270,2023-05-20 04:00:00+00:00,7.624622102741467e-05
270,2023-05-20 05:00:00+00:00,1.860922853540873e-05
270,2023-05-20 06:00:00+00:00,0.003943573103572153
270,2023-05-20 07:00:00+00:00,0.003943573103572161
270,2023-05-20 08:00:00+00:00,0.013852493329100617
270,2023-05-20 09:00:00+00:00,0.0013145243678575214
270,2023-05-20 10:00:00+00:00,0.00045747396179272285
270,2023-05-20 11:00:00+00:00,0.0019717865517861377
270,2023-05-20 12:00:00+00:00,0.0030672235250007148
270,2023-05-20 13:00:00+00:00,0.0002495363165124927
270,2023-05-20 14:00:00+00:00,0.005915359655358183
270,2023-05-20 15:00:00+00:00,0.00037429384948868186
270,2023-05-20 16:00:00+00:00,0.0004366766363782675
270,2023-05-20 17:00:00+00:00,9.085831926449524e-05
270,2023-05-20 18:00:00+00:00,6.0616964365945786e-05
270,2023-05-20 19:00:00+00:00,1.40581777967045e-05
270,2023-05-20 20:00:00+00:00,7.976389001957407e-06
270,2023-05-20 21:00:00+00:00,0.0010568084121085897
270,2023-05-20 22:00:00+00:00,0.000990437721286147
270,2023-05-20 23:00:00+00:00,7.372616653013824e-05
270,2023-05-21 00:00:00+00:00,0.0008962666144482517
270,2023-05-21 01:00:00+00:00,7.624622105247823e-05
270,2023-05-21 02:00:00+00:00,1.865184058331665e-05
270,2023-05-21 03:00:00+00:00,7.624622102741467e-05
270,2023-05-21 04:00:00+00:00,0.016930825180011867
270,2023-05-21 05:00:00+00:00,0.000803320447023987
270,2023-05-21 06:00:00+00:00,0.0003743001672666455
270,2023-05-21 07:00:00+00:00,0.0003743001672666455
270,2023-05-21 08:00:00+00:00,0.003943573103572161
270,2023-05-21 09:00:00+00:00,0.0019717865517861082
270,2023-05-21 10:00:00+00:00,0.004819922682143716
270,2023-05-21 11:00:00+00:00,0.005039010076786652
270,2023-05-21 12:00:00+00:00,0.004162660498215121
270,2023-05-21 13:00:00+00:00,0.00024954205998343527
270,2023-05-21 14:00:00+00:00,0.03232248443456811
270,2023-05-21 15:00:00+00:00,0.06002747109276935
270,2023-05-21 16:00:00+00:00,0.005696272260715294
270,2023-05-21 17:00:00+00:00,0.00041588505427674874
270,2023-05-21 18:00:00+00:00,0.00014556385638706944
270,2023-05-21 19:00:00+00:00,0.00012476921132182343
270,2023-05-21 20:00:00+00:00,0.0001644658516024874
270,2023-05-21 21:00:00+00:00,0.0002041634873970151
270,2023-05-21 22:00:00+00:00,3.0369670544820685e-05
270,2023-05-21 23:00:00+00:00,1.0516250967552716e-05
270,2023-05-22 00:00:00+00:00,7.624622102741467e-05
270,2023-05-22 01:00:00+00:00,0.016930825180011867
270,2023-05-22 02:00:00+00:00,0.026816899885764536
270,2023-05-22 03:00:00+00:00,0.026816899885764536
270,2023-05-22 04:00:00+00:00,0.008316687686309674
270,2023-05-22 05:00:00+00:00,0.008316687686309674
270,2023-05-22 06:00:00+00:00,0.05443503683839636
270,2023-05-22 07:00:00+00:00,0.07113538320795434
270,2023-05-22 08:00:00+00:00,0.24135209897188084
270,2023-05-22 09:00:00+00:00,0.21805387462063816
270,2023-05-22 10:00:00+00:00,0.0005406448850872944
270,2023-05-22 11:00:00+00:00,0.04617497776366873
270,2023-05-22 12:00:00+00:00,0.00022873611961935302
270,2023-05-22 13:00:00+00:00,0.0004990565516576232
270,2023-05-22 14:00:00+00:00,0.0002703227298283932
270,2023-05-22 15:00:00+00:00,0.0004574670697942303
270,2023-05-22 16:00:00+00:00,0.05540997331640247
270,2023-05-22 17:00:00+00:00,0.06926246664550309
270,2023-05-22 18:00:00+00:00,0.08002730610894863
270,2023-05-22 19:00:00+00:00,0.06582329971960386
270,2023-05-22 20:00:00+00:00,0.0013145243678574121
270,2023-05-22 21:00:00+00:00,6.23840504863522e-05
270,2023-05-22 22:00:00+00:00,6.498328540978519e-05
270,2023-05-22 23:00:00+00:00,6.758252034272502e-05
270,2023-05-23 00:00:00+00:00,7.624622102741467e-05
270,2023-05-23 01:00:00+00:00,7.624622102741467e-05
270,2023-05-23 02:00:00+00:00,0.000803320447023987
270,2023-05-23 03:00:00+00:00,0.000803320447023987
270,2023-05-23 04:00:00+00:00,0.016930825180011867
270,2023-05-23 05:00:00+00:00,0.009072750203246919
270,2023-05-23 06:00:00+00:00,0.06926246664550309
270,2023-05-23 07:00:00+00:00,0.0006654351549574608
270,2023-05-23 08:00:00+00:00,0.0001663648192890039
270,2023-05-23 09:00:00+00:00,8.590405859432141e-05
270,2023-05-23 10:00:00+00:00,0.00012618900926717058
270,2023-05-23 11:00:00+00:00,0.0001871483607505972
270,2023-05-23 12:00:00+00:00,0.00024952827598520973
270,2023-05-23 13:00:00+00:00,0.006353534444643966
270,2023-05-23 14:00:00+00:00,0.00041588275711315246
270,2023-05-23 15:00:00+00:00,0.00018714836088229778
270,2023-05-23 16:00:00+00:00,4.114509165067653e-05
270,2023-05-23 17:00:00+00:00,0.00011586216321253604
270,2023-05-23 18:00:00+00:00,0.004819922682143731
270,2023-05-23 19:00:00+00:00,0.0002079477918992235
270,2023-05-23 20:00:00+00:00,6.238699873894876e-05
270,2023-05-23 21:00:00+00:00,0.007056393664236565
270,2023-05-23 22:00:00+00:00,0.0007276556243687187
270,2023-05-23 23:00:00+00:00,0.0016081307819605908
270,2023-05-24 00:00:00+00:00,0.007488417766128599
270,2023-05-24 01:00:00+00:00,7.624622102741467e-05
270,2023-05-24 02:00:00+00:00,7.624622102741467e-05
270,2023-05-24 03:00:00+00:00,0.0009698301303255424
270,2023-05-24 04:00:00+00:00,0.016930825180011867
270,2023-05-24 05:00:00+00:00,0.023739742632558163
270,2023-05-24 06:00:00+00:00,0.057158540458219116
270,2023-05-24 07:00:00+00:00,0.05631551170629719
270,2023-05-24 08:00:00+00:00,0.013204954850705443
270,2023-05-24 09:00:00+00:00,0.03175462571136421
270,2023-05-24 10:00:00+00:00,0.11701919950151798
270,2023-05-24 11:00:00+00:00,0.03402281326217594
270,2023-05-24 12:00:00+00:00,0.07706333180861721
270,2023-05-24 13:00:00+00:00,0.013938563453522419
270,2023-05-24 14:00:00+00:00,0.03425975703083642
270,2023-05-24 15:00:00+00:00,0.016872997864790292
270,2023-05-24 16:00:00+00:00,0.12433289947036286
270,2023-05-24 17:00:00+00:00,0.0037244857089293003
270,2023-05-24 18:00:00+00:00,0.0026290487357148264
270,2023-05-24 19:00:00+00:00,9.071251647602793e-05
270,2023-05-24 20:00:00+00:00,5.294370985423371e-05
270,2023-05-24 21:00:00+00:00,6.23834761514308e-05
270,2023-05-24 22:00:00+00:00,0.0006572621839287299
270,2023-05-24 23:00:00+00:00,0.02194109990653462
270,2023-05-25 00:00:00+00:00,0.03656849984422437
270,2023-05-25 01:00:00+00:00,0.05119589978191412
270,2023-05-25 02:00:00+00:00,0.0008033204470239859
270,2023-05-25 03:00:00+00:00,0.000803320447023987
270,2023-05-25 04:00:00+00:00,7.624622102741467e-05
270,2023-05-25 05:00:00+00:00,0.000803320447023986
270,2023-05-25 06:00:00+00:00,0.07849746219823683
270,2023-05-25 07:00:00+00:00,0.13852493329100618
270,2023-05-25 08:00:00+00:00,0.005258097471429563
270,2023-05-25 09:00:00+00:00,0.002629048735714814
270,2023-05-25 10:00:00+00:00,0.00035349997005337363
270,2023-05-25 11:00:00+00:00,0.0024099613410719883
270,2023-05-25 12:00:00+00:00,0.003505398314286408
270,2023-05-25 13:00:00+00:00,0.0001110138454197452
270,2023-05-25 14:00:00+00:00,0.0006446142815713852
270,2023-05-25 15:00:00+00:00,0.006572621839286918
270,2023-05-25 16:00:00+00:00,0.00017163617344765868
270,2023-05-25 17:00:00+00:00,0.0004990645922640029
270,2023-05-25 18:00:00+00:00,0.00012112669372438445
270,2023-05-25 19:00:00+00:00,0.0018397011588705125
270,2023-05-25 20:00:00+00:00,0.13393508552476566
270,2023-05-25 21:00:00+00:00,0.06661470595045563
270,2023-05-25 22:00:00+00:00,0.07027586305636901
270,2023-05-25 23:00:00+00:00,0.078085670928068
270,2023-05-26 00:00:00+00:00,0.00120016983946234
270,2023-05-26 01:00:00+00:00,6.807281962023009e-06
270,2023-05-26 02:00:00+00:00,6.807281962023009e-06
270,2023-05-26 03:00:00+00:00,6.807281962023009e-06
270,2023-05-26 04:00:00+00:00,1.860922853540873e-05
270,2023-05-26 05:00:00+00:00,6.807281962023009e-06
270,2023-05-26 06:00:00+00:00,0.1952772818198337
270,2023-05-26 07:00:00+00:00,0.005575362211369119
270,2023-05-26 08:00:00+00:00,0.218001663779201
270,2023-05-26 09:00:00+00:00,0.003380076797463722
270,2023-05-26 10:00:00+00:00,5.103541719618995e-05
270,2023-05-26 11:00:00+00:00,0.33601743203065887
270,2023-05-26 12:00:00+00:00,0.3088553284426544
270,2023-05-26 13:00:00+00:00,0.0055015940157267795
270,2023-05-26 14:00:00+00:00,4.6210184503414235e-05
270,2023-05-26 15:00:00+00:00,0.21871414243185597
270,2023-05-26 16:00:00+00:00,0.0054002809941270154
270,2023-05-26 17:00:00+00:00,0.2542864082548181
270,2023-05-26 18:00:00+00:00,0.0041837570518958945
270,2023-05-26 19:00:00+00:00,0.005404296177696355
270,2023-05-26 20:00:00+00:00,0.0029658873514792823
270,2023-05-26 21:00:00+00:00,0.0017936846885113758
270,2023-05-26 22:00:00+00:00,0.0009834757497180705
270,2023-05-26 23:00:00+00:00,0.06744963291676542
270,2023-05-27 00:00:00+00:00,0.06547567485209649
270,2023-05-27 01:00:00+00:00,0.0664386697185143
270,2023-05-27 02:00:00+00:00,0.0009698301303255424
270,2023-05-27 03:00:00+00:00,0.0009698301303255424
270,2023-05-27 04:00:00+00:00,0.0009698301303255424
270,2023-05-27 05:00:00+00:00,0.0009698301303255424
270,2023-05-27 06:00:00+00:00,0.0037163062398951324
270,2023-05-27 07:00:00+00:00,0.0017868034952649493
270,2023-05-27 08:00:00+00:00,0.15571046613588715
270,2023-05-27 09:00:00+00:00,0.002394234057262065
270,2023-05-27 10:00:00+00:00,2.1034794454843693e-05
270,2023-05-27 11:00:00+00:00,0.00013097452208918009
270,2023-05-27 12:00:00+00:00,0.00015157627244816443
270,2023-05-27 13:00:00+00:00,0.008982583180358722
270,2023-05-27 14:00:00+00:00,0.0010396997131195231
270,2023-05-27 15:00:00+00:00,0.0013100178478317247
270,2023-05-27 16:00:00+00:00,0.14775992884373992
270,2023-05-27 17:00:00+00:00,0.006572621839286898
270,2023-05-27 18:00:00+00:00,0.1523774266201068
270,2023-05-27 19:00:00+00:00,0.11701919950151798
270,2023-05-27 20:00:00+00:00,0.07387996442186996
270,2023-05-27 21:00:00+00:00,5.0495593762153245e-05
270,2023-05-27 22:00:00+00:00,2.0132109557412126e-05
270,2023-05-27 23:00:00+00:00,0.0033212923259168994
270,2023-05-28 00:00:00+00:00,0.003943573103572115
270,2023-05-28 01:00:00+00:00,1.5256321545162356e-05
270,2023-05-28 02:00:00+00:00,7.27805744612817e-05
270,2023-05-28 03:00:00+00:00,0.0008763495785716179
270,2023-05-28 04:00:00+00:00,0.016930825180011867
270,2023-05-28 05:00:00+00:00,7.624622102741467e-05
270,2023-05-28 06:00:00+00:00,0.13164659943920773
270,2023-05-28 07:00:00+00:00,0.05335153740596576
270,2023-05-28 08:00:00+00:00,0.003943573103572131
270,2023-05-28 09:00:00+00:00,3.5584848411397976e-05
270,2023-05-28 10:00:00+00:00,0.000395094046596758
270,2023-05-28 11:00:00+00:00,7.566354701597239e-05
270,2023-05-28 12:00:00+00:00,0.0006654098841166536
270,2023-05-28 13:00:00+00:00,0.00033270838826837635
270,2023-05-28 14:00:00+00:00,0.000748586550221649
270,2023-05-28 15:00:00+00:00,3.7185663273127194e-05
270,2023-05-28 16:00:00+00:00,0.0026939054107769866
270,2023-05-28 17:00:00+00:00,9.578412319603657e-05
270,2023-05-28 18:00:00+00:00,5.058096545664406e-05
270,2023-05-28 19:00:00+00:00,0.17818289602736337
270,2023-05-28 20:00:00+00:00,0.0013772319030881588
270,2023-05-28 21:00:00+00:00,0.000910734895575308
270,2023-05-28 22:00:00+00:00,0.0019770137698903955
270,2023-05-28 23:00:00+00:00,0.002909784376697103
270,2023-05-29 00:00:00+00:00,2.7539372763147042e-05
270,2023-05-29 01:00:00+00:00,0.0017177356244977113
270,2023-05-29 02:00:00+00:00,0.0016251473551650232
270,2023-05-29 03:00:00+00:00,6.807281962023009e-06
270,2023-05-29 04:00:00+00:00,7.624622102741467e-05
270,2023-05-29 05:00:00+00:00,0.000803320447023987
270,2023-05-29 06:00:00+00:00,0.0039435731035721774
270,2023-05-29 07:00:00+00:00,0.0003743001672666455
270,2023-05-29 08:00:00+00:00,1.5432960271001724e-05
270,2023-05-29 09:00:00+00:00,1.1141947707434975e-05
270,2023-05-29 10:00:00+00:00,0.003278653575386164
270,2023-05-29 11:00:00+00:00,3.929284649849492e-05
270,2023-05-29 12:00:00+00:00,0.004345339098613239
270,2023-05-29 13:00:00+00:00,0.002857149425766947
270,2023-05-29 14:00:00+00:00,0.0027173601833217825
270,2023-05-29 15:00:00+00:00,0.23161246079734643
270,2023-05-29 16:00:00+00:00,0.006708501927190203
270,2023-05-29 17:00:00+00:00,0.00824537350865994
270,2023-05-29 18:00:00+00:00,0.3870485515039405
270,2023-05-29 19:00:00+00:00,0.24854595572001056
270,2023-05-29 20:00:00+00:00,0.001590925649436879
270,2023-05-29 21:00:00+00:00,1.7770440089904343e-05
270,2023-05-29 22:00:00+00:00,7.854546866464349e-05
270,2023-05-29 23:00:00+00:00,4.184075426179253e-05
270,2023-05-30 00:00:00+00:00,0.0010666132413507036
270,2023-05-30 01:00:00+00:00,0.0011224203382101982
270,2023-05-30 02:00:00+00:00,9.908516919791636e-06
270,2023-05-30 03:00:00+00:00,7.624622102741467e-05
270,2023-05-30 04:00:00+00:00,0.000803320447023987
270,2023-05-30 05:00:00+00:00,7.624622102395764e-05
270,2023-05-30 06:00:00+00:00,0.0024099613410719692
270,2023-05-30 07:00:00+00:00,0.000582255616892032
270,2023-05-30 08:00:00+00:00,0.00756910366305839
270,2023-05-30 09:00:00+00:00,0.005369034626698097
270,2023-05-30 10:00:00+00:00,0.00015671561709900553
270,2023-05-30 11:00:00+00:00,9.628093405809593e-05
270,2023-05-30 12:00:00+00:00,0.00015170588594032707
270,2023-05-30 13:00:00+00:00,0.0001162629000752865
270,2023-05-30 14:00:00+00:00,0.0007485842530153697
270,2023-05-30 15:00:00+00:00,0.0003742978698334418
270,2023-05-30 16:00:00+00:00,6.599511243226317e-05
270,2023-05-30 17:00:00+00:00,3.107652764353985e-05
270,2023-05-30 18:00:00+00:00,6.793474953926426e-05
270,2023-05-30 19:00:00+00:00,5.56068014141204e-05
270,2023-05-30 20:00:00+00:00,1.9374153721158352e-05
270,2023-05-30 21:00:00+00:00,1.848685385775369e-05
270,2023-05-30 22:00:00+00:00,0.0012564639622204183
270,2023-05-30 23:00:00+00:00,1.0620302206403892e-05
270,2023-05-31 00:00:00+00:00,0.0664386697185143
270,2023-05-31 01:00:00+00:00,0.0009698301303255424
270,2023-05-31 02:00:00+00:00,0.0009698301303255424
270,2023-05-31 03:00:00+00:00,6.807281962023009e-06
270,2023-05-31 04:00:00+00:00,6.807281962023009e-06
270,2023-05-31 05:00:00+00:00,1.8603351011559362e-05
270,2023-05-31 06:00:00+00:00,5.074090354802947e-05
270,2023-05-31 07:00:00+00:00,6.0714375219433325e-05
270,2023-05-31 08:00:00+00:00,0.467841294458991
270,2023-05-31 09:00:00+00:00,0.34055193595371813
270,2023-05-31 10:00:00+00:00,0.004782451259693671
270,2023-05-31 11:00:00+00:00,0.005049797082786383
270,2023-05-31 12:00:00+00:00,0.003679033578605136
270,2023-05-31 13:00:00+00:00,0.00431621485370985
270,2023-05-31 14:00:00+00:00,4.703658507531576e-05
270,2023-05-31 15:00:00+00:00,9.105004436179163e-05
270,2023-05-31 16:00:00+00:00,7.633791321690322e-05
270,2023-05-31 17:00:00+00:00,9.58335554151499e-05
270,2023-05-31 18:00:00+00:00,0.00020157688300538135
270,2023-05-31 19:00:00+00:00,1.5496919199373794e-05
270,2023-05-31 20:00:00+00:00,6.572044862258138e-06
270,2023-05-31 21:00:00+00:00,3.0356076384898554e-05
270,2023-05-31 22:00:00+00:00,3.4295156182434935e-05
270,2023-05-31 23:00:00+00:00,1.3412763541472385e-05
270,2023-06-01 00:00:00+00:00,7.575842248991916e-06
270,2023-06-01 01:00:00+00:00,0.0009698301303255424
270,2023-06-01 02:00:00+00:00,0.0009698301303255424
270,2023-06-01 03:00:00+00:00,6.807281962023009e-06
270,2023-06-01 04:00:00+00:00,1.860922853540873e-05
270,2023-06-01 05:00:00+00:00,6.807281962023009e-06
270,2023-06-01 06:00:00+00:00,2.402258659977291e-05
270,2023-06-01 07:00:00+00:00,0.007236024665636015
270,2023-06-01 08:00:00+00:00,0.0065680601936734875
270,2023-06-01 09:00:00+00:00,0.00012608373990630797
270,2023-06-01 10:00:00+00:00,5.157005840720148e-05
270,2023-06-01 11:00:00+00:00,0.00016154190050992167
270,2023-06-01 12:00:00+00:00,0.00014170494126343691
270,2023-06-01 13:00:00+00:00,0.00014147091774996076
270,2023-06-01 14:00:00+00:00,3.507521151530988e-05
270,2023-06-01 15:00:00+00:00,0.005640717255807717
270,2023-06-01 16:00:00+00:00,0.005701407998591577
270,2023-06-01 17:00:00+00:00,6.194830327087344e-05
270,2023-06-01 18:00:00+00:00,0.004014219065595462
270,2023-06-01 19:00:00+00:00,0.0025805057534568705
270,2023-06-01 20:00:00+00:00,0.001972315793502917
270,2023-06-01 21:00:00+00:00,0.09419163570275838
270,2023-06-01 22:00:00+00:00,0.001253366390565576
270,2023-06-01 23:00:00+00:00,0.11562759511819673
270,2023-06-02 00:00:00+00:00,0.07589665501368907
270,2023-06-02 01:00:00+00:00,0.0009698301303255424
270,2023-06-02 02:00:00+00:00,0.0009698301303255424
270,2023-06-02 03:00:00+00:00,0.0009698301303255424
270,2023-06-02 04:00:00+00:00,6.807281962023009e-06
270,2023-06-02 05:00:00+00:00,0.0009698301303255424
270,2023-06-02 06:00:00+00:00,0.0038463302333175153
270,2023-06-02 07:00:00+00:00,6.362818057519084e-05
270,2023-06-02 08:00:00+00:00,0.3178353676314863
270,2023-06-02 09:00:00+00:00,0.004046859764077112
270,2023-06-02 10:00:00+00:00,0.0070329048123746515
270,2023-06-02 11:00:00+00:00,5.960686515553257e-05
270,2023-06-02 12:00:00+00:00,0.0057744354905918905
270,2023-06-02 13:00:00+00:00,0.006500952510289917
270,2023-06-02 14:00:00+00:00,5.7382897915375815e-05
270,2023-06-02 15:00:00+00:00,3.6033689348339233e-05
270,2023-06-02 16:00:00+00:00,5.986580620352545e-05
270,2023-06-02 17:00:00+00:00,5.730591507770878e-05
270,2023-06-02 18:00:00+00:00,4.5057237438873324e-05
270,2023-06-02 19:00:00+00:00,3.2153744579826725e-05
270,2023-06-02 20:00:00+00:00,0.0013096958405674907
270,2023-06-02 21:00:00+00:00,0.0805808386846129
270,2023-06-02 22:00:00+00:00,0.07331623579722805
270,2023-06-02 23:00:00+00:00,0.06605163290984321
270,2023-06-03 00:00:00+00:00,0.07538076490667954
270,2023-06-03 01:00:00+00:00,0.0010916951635287025
270,2023-06-03 02:00:00+00:00,0.0010820971767731033
270,2023-06-03 03:00:00+00:00,6.807281962023009e-06
270,2023-06-03 04:00:00+00:00,1.860922853540873e-05
270,2023-06-03 05:00:00+00:00,7.624622102741467e-05
270,2023-06-03 06:00:00+00:00,0.0003743001672666455
270,2023-06-03 07:00:00+00:00,2.025845392074802e-05
270,2023-06-03 08:00:00+00:00,8.07886855577208e-05
270,2023-06-03 09:00:00+00:00,0.0001871506583527536
270,2023-06-03 10:00:00+00:00,0.0002495449315182304
270,2023-06-03 11:00:00+00:00,6.58784857446499e-05
270,2023-06-03 12:00:00+00:00,0.00011091950382896217
270,2023-06-03 13:00:00+00:00,4.8362325442811536e-05
270,2023-06-03 14:00:00+00:00,0.004215521868547082
270,2023-06-03 15:00:00+00:00,0.003317348109764786
270,2023-06-03 16:00:00+00:00,0.14532952948463396
270,2023-06-03 17:00:00+00:00,0.2725087831489232
270,2023-06-03 18:00:00+00:00,0.19073957935717595
270,2023-06-03 19:00:00+00:00,0.0019267768414726943
270,2023-06-03 20:00:00+00:00,0.001975673320576433
270,2023-06-03 21:00:00+00:00,0.0013105894734434659
270,2023-06-03 22:00:00+00:00,0.06291819786081448
270,2023-06-03 23:00:00+00:00,0.06342359061065783
270,2023-06-04 00:00:00+00:00,0.0010208874525950695
270,2023-06-04 01:00:00+00:00,0.07299735261229548
270,2023-06-04 02:00:00+00:00,6.936500085263368e-06
270,2023-06-04 03:00:00+00:00,6.807281962023009e-06
270,2023-06-04 04:00:00+00:00,7.624622102741467e-05
270,2023-06-04 05:00:00+00:00,7.624622102741467e-05
270,2023-06-04 06:00:00+00:00,0.003943573103572174
270,2023-06-04 07:00:00+00:00,0.0003742918394102851
270,2023-06-04 08:00:00+00:00,1.5364790767250753e-05
270,2023-06-04 09:00:00+00:00,0.0001247667225511086
270,2023-06-04 10:00:00+00:00,0.0003535045648509605
270,2023-06-04 11:00:00+00:00,0.004381747892857964
270,2023-06-04 12:00:00+00:00,0.006572621839286878
270,2023-06-04 13:00:00+00:00,0.005915359655358206
270,2023-06-04 14:00:00+00:00,0.0005614502506834813
270,2023-06-04 15:00:00+00:00,3.365286520344527e-05
270,2023-06-04 16:00:00+00:00,8.144956577556029e-06
270,2023-06-04 17:00:00+00:00,4.2278719717345634e-05
270,2023-06-04 18:00:00+00:00,8.082450883117301e-05
270,2023-06-04 19:00:00+00:00,0.00020794396308400522
270,2023-06-04 20:00:00+00:00,0.00010397112012937929
270,2023-06-04 21:00:00+00:00,3.0357389209185667e-05
270,2023-06-04 22:00:00+00:00,0.0011916216382482391
270,2023-06-04 23:00:00+00:00,0.08262550386975188
270,2023-06-05 00:00:00+00:00,0.0664386697185143
270,2023-06-05 01:00:00+00:00,0.0664386697185143
270,2023-06-05 02:00:00+00:00,0.0664386697185143
270,2023-06-05 03:00:00+00:00,0.0664386697185143
270,2023-06-05 04:00:00+00:00,7.624622102741467e-05
270,2023-06-05 05:00:00+00:00,0.0006572621839287242
270,2023-06-05 06:00:00+00:00,3.526194649759575e-05
270,2023-06-05 07:00:00+00:00,5.9433535415127536e-05
270,2023-06-05 08:00:00+00:00,5.0149473126920316e-05
270,2023-06-05 09:00:00+00:00,4.8715489239880206e-05
270,2023-06-05 10:00:00+00:00,2.112841606978386e-05
270,2023-06-05 11:00:00+00:00,0.0030541645966345797
270,2023-06-05 12:00:00+00:00,5.4114555041759546e-05
270,2023-06-05 13:00:00+00:00,0.00013626148294385273
270,2023-06-05 14:00:00+00:00,2.394842800797579e-05
270,2023-06-05 15:00:00+00:00,0.0007277875019515932
270,2023-06-05 16:00:00+00:00,0.0037244857089293866
270,2023-06-05 17:00:00+00:00,0.000727798988472647
270,2023-06-05 18:00:00+00:00,3.1382859024734475e-05
270,2023-06-05 19:00:00+00:00,0.1648352541232889
270,2023-06-05 20:00:00+00:00,0.06241280511097114
270,2023-06-05 21:00:00+00:00,0.06468272158181308
270,2023-06-05 22:00:00+00:00,0.06695263805265503
270,2023-06-05 23:00:00+00:00,0.001085671273392627
270,2023-06-06 00:00:00+00:00,0.0011529680818993585
270,2023-06-06 01:00:00+00:00,0.0664386697185143
270,2023-06-06 02:00:00+00:00,0.0009698301303255424
270,2023-06-06 03:00:00+00:00,0.0009698301303255424
270,2023-06-06 04:00:00+00:00,0.0009698301303255424
270,2023-06-06 05:00:00+00:00,0.0009141660423392086
270,2023-06-06 06:00:00+00:00,0.199791009340799
270,2023-06-06 07:00:00+00:00,0.006505258597134875
270,2023-06-06 08:00:00+00:00,0.508786809003208
270,2023-06-06 09:00:00+00:00,0.29984137019596857
270,2023-06-06 10:00:00+00:00,0.004111455733871744
270,2023-06-06 11:00:00+00:00,0.21343270676800152
270,2023-06-06 12:00:00+00:00,0.13164609936244193
270,2023-06-06 13:00:00+00:00,0.2770455974418101
270,2023-06-06 14:00:00+00:00,0.19988495287722566
270,2023-06-06 15:00:00+00:00,0.003913478243581214
270,2023-06-06 16:00:00+00:00,0.007896907602065522
270,2023-06-06 17:00:00+00:00,0.004832882520092647
270,2023-06-06 18:00:00+00:00,0.005300979188477653
270,2023-06-06 19:00:00+00:00,0.12597046629454556
270,2023-06-06 20:00:00+00:00,0.0957049133499863
270,2023-06-06 21:00:00+00:00,0.00119861296129481
270,2023-06-06 22:00:00+00:00,0.0010078938461131112
270,2023-06-06 23:00:00+00:00,0.0010677999239321419
270,2023-06-07 00:00:00+00:00,0.09208086465644524
270,2023-06-07 01:00:00+00:00,0.0012490936450271128
270,2023-06-07 02:00:00+00:00,6.807281962023009e-06
270,2023-06-07 03:00:00+00:00,6.807281962023009e-06
270,2023-06-07 04:00:00+00:00,6.807281962023009e-06
270,2023-06-07 05:00:00+00:00,0.0010046210463104325
270,2023-06-07 06:00:00+00:00,0.003913449565206163
270,2023-06-07 07:00:00+00:00,4.919371282235859e-05
270,2023-06-07 08:00:00+00:00,0.007169922898773986
270,2023-06-07 09:00:00+00:00,0.3996525213066183
270,2023-06-07 10:00:00+00:00,0.30869443496029053
270,2023-06-07 11:00:00+00:00,0.0043068270308626744
270,2023-06-07 12:00:00+00:00,0.003582187215626248
270,2023-06-07 13:00:00+00:00,0.0057738066815377
270,2023-06-07 14:00:00+00:00,0.0033815503975787743
270,2023-06-07 15:00:00+00:00,0.005009593003059462
270,2023-06-07 16:00:00+00:00,0.3587643667316616
270,2023-06-07 17:00:00+00:00,0.39984644567706557
270,2023-06-07 18:00:00+00:00,0.3134377822490985
270,2023-06-07 19:00:00+00:00,0.24517386162817947
270,2023-06-07 20:00:00+00:00,0.15822292162028376
270,2023-06-07 21:00:00+00:00,0.0010434762772201934
270,2023-06-07 22:00:00+00:00,0.0011693564221046135
270,2023-06-07 23:00:00+00:00,0.0012952365669890336
270,2023-06-08 00:00:00+00:00,0.0009698301303255424
270,2023-06-08 01:00:00+00:00,0.0009698301303255424
270,2023-06-08 02:00:00+00:00,7.624622102741467e-05
270,2023-06-08 03:00:00+00:00,7.624622102741467e-05
270,2023-06-08 04:00:00+00:00,6.807281962023009e-06
270,2023-06-08 05:00:00+00:00,6.769445147895309e-06
270,2023-06-08 06:00:00+00:00,0.0030521461114441082
270,2023-06-08 07:00:00+00:00,8.717858016912033e-05
270,2023-06-08 08:00:00+00:00,0.006708126682510451
270,2023-06-08 09:00:00+00:00,5.740634659458261e-05
270,2023-06-08 10:00:00+00:00,0.005040224452461168
270,2023-06-08 11:00:00+00:00,5.548541225768861e-05
270,2023-06-08 12:00:00+00:00,0.0049741162818105296
270,2023-06-08 13:00:00+00:00,0.0056071476674974885
270,2023-06-08 14:00:00+00:00,0.2724709572725014
270,2023-06-08 15:00:00+00:00,0.32510380823789664
270,2023-06-08 16:00:00+00:00,0.34799741201737033
270,2023-06-08 17:00:00+00:00,0.3588265216892605
270,2023-06-08 18:00:00+00:00,0.2106298224249729
270,2023-06-08 19:00:00+00:00,0.1236442575927773
270,2023-06-08 20:00:00+00:00,0.12597046629454556
270,2023-06-08 21:00:00+00:00,0.0011106621845093868
270,2023-06-08 22:00:00+00:00,0.0012143281861789093
270,2023-06-08 23:00:00+00:00,0.0013976970135592707
270,2023-06-09 00:00:00+00:00,0.0009698301303255424
270,2023-06-09 01:00:00+00:00,0.0009698301303255424
270,2023-06-09 02:00:00+00:00,7.624622102741467e-05
270,2023-06-09 03:00:00+00:00,7.624622102741467e-05
270,2023-06-09 04:00:00+00:00,7.624622102741467e-05
270,2023-06-09 05:00:00+00:00,7.624622102395764e-05
270,2023-06-09 06:00:00+00:00,0.0001010810503974788
270,2023-06-09 07:00:00+00:00,5.475085899890005e-05
270,2023-06-09 08:00:00+00:00,3.0028599372113534e-05
270,2023-06-09 09:00:00+00:00,0.005769025170229181
270,2023-06-09 10:00:00+00:00,4.3024733899145774e-05
270,2023-06-09 11:00:00+00:00,0.00018194474526642246
270,2023-06-09 12:00:00+00:00,4.154072014973521e-05
270,2023-06-09 13:00:00+00:00,0.25426989281077644
270,2023-06-09 14:00:00+00:00,0.31783146081291846
270,2023-06-09 15:00:00+00:00,0.32512086201596924
270,2023-06-09 16:00:00+00:00,0.3178545475848402
270,2023-06-09 17:00:00+00:00,0.33150317047940747
270,2023-06-09 18:00:00+00:00,0.2433536578760113
270,2023-06-09 19:00:00+00:00,0.0013376312181047527
270,2023-06-09 20:00:00+00:00,0.0009771539170010072
270,2023-06-09 21:00:00+00:00,0.0011037968741478231
270,2023-06-09 22:00:00+00:00,0.0012304398312946393
270,2023-06-09 23:00:00+00:00,1.5276258456911103e-05
270,2023-06-10 00:00:00+00:00,6.238363476910546e-05
270,2023-06-10 01:00:00+00:00,0.0006572621839287252
270,2023-06-10 02:00:00+00:00,7.624622102741467e-05
270,2023-06-10 03:00:00+00:00,7.624622102741467e-05
270,2023-06-10 04:00:00+00:00,1.860922853540873e-05
270,2023-06-10 05:00:00+00:00,7.624622102741467e-05
270,2023-06-10 06:00:00+00:00,0.00037429155215726263
270,2023-06-10 07:00:00+00:00,0.0006572621839287592
270,2023-06-10 08:00:00+00:00,0.00010397284305999962
270,2023-06-10 09:00:00+00:00,0.00041588275714807873
270,2023-06-10 10:00:00+00:00,0.00011085098164398139
270,2023-06-10 11:00:00+00:00,7.591347046631104e-05
270,2023-06-10 12:00:00+00:00,0.00039510151307215466
270,2023-06-10 13:00:00+00:00,0.07313699968844874
270,2023-06-10 14:00:00+00:00,0.005454085493172136
270,2023-06-10 15:00:00+00:00,0.004182226538814107
270,2023-06-10 16:00:00+00:00,0.004164359348551047
270,2023-06-10 17:00:00+00:00,0.0025465825972526626
270,2023-06-10 18:00:00+00:00,0.00238931668059314
270,2023-06-10 19:00:00+00:00,0.0019676452364746832
270,2023-06-10 20:00:00+00:00,0.0011946694661648814
270,2023-06-10 21:00:00+00:00,0.00042169364736514977
270,2023-06-10 22:00:00+00:00,0.008918187311194804
270,2023-06-10 23:00:00+00:00,0.000545876127614036
270,2023-06-11 00:00:00+00:00,0.0009013658613502225
270,2023-06-11 01:00:00+00:00,0.004282469628854552
270,2023-06-11 02:00:00+00:00,0.048339668295968044
270,2023-06-11 03:00:00+00:00,0.0006670565291086958
270,2023-06-11 04:00:00+00:00,0.0006670565291086958
270,2023-06-11 05:00:00+00:00,0.007851435898623665
270,2023-06-11 06:00:00+00:00,0.11486539310505578
270,2023-06-11 07:00:00+00:00,0.0074893402443649455
270,2023-06-11 08:00:00+00:00,0.00747888769056689
270,2023-06-11 09:00:00+00:00,0.0012542204308763343
270,2023-06-11 10:00:00+00:00,0.005820417269384985
270,2023-06-11 11:00:00+00:00,0.12036161452741323
270,2023-06-11 12:00:00+00:00,0.0046379885212795395
270,2023-06-11 13:00:00+00:00,0.00873211238309275
270,2023-06-11 14:00:00+00:00,0.1171357753949785
270,2023-06-11 15:00:00+00:00,0.0021082237378671053
270,2023-06-11 16:00:00+00:00,0.00706879297548198
270,2023-06-11 17:00:00+00:00,0.0029175150438770264
270,2023-06-11 18:00:00+00:00,0.0030909865619123083
270,2023-06-11 19:00:00+00:00,0.015882534504327347
270,2023-06-11 20:00:00+00:00,0.0017780760952005204
270,2023-06-11 21:00:00+00:00,0.0010918268814593553
270,2023-06-11 22:00:00+00:00,0.0004216936751923707
270,2023-06-11 23:00:00+00:00,0.03748271234032998
270,2023-06-12 00:00:00+00:00,0.05302432477412534
270,2023-06-12 01:00:00+00:00,0.016930825180011867
270,2023-06-12 02:00:00+00:00,0.000803320447023987
270,2023-06-12 03:00:00+00:00,0.010867905767881913
270,2023-06-12 04:00:00+00:00,0.002689898210328887
270,2023-06-12 05:00:00+00:00,0.008316687686309674
270,2023-06-12 06:00:00+00:00,0.014672172056339387
270,2023-06-12 07:00:00+00:00,0.009186726505588006
270,2023-06-12 08:00:00+00:00,0.0685478241668695
270,2023-06-12 09:00:00+00:00,0.0074489714178585294
270,2023-06-12 10:00:00+00:00,0.0006862095069551159
270,2023-06-12 11:00:00+00:00,0.04637058693641171
270,2023-06-12 12:00:00+00:00,0.0703138140751636
270,2023-06-12 13:00:00+00:00,0.0067279925117633725
270,2023-06-12 14:00:00+00:00,0.19127214487549712
270,2023-06-12 15:00:00+00:00,0.0034558723267595895
270,2023-06-12 16:00:00+00:00,0.01122485447376081
270,2023-06-12 17:00:00+00:00,0.05246072736118815
270,2023-06-12 18:00:00+00:00,0.025417606941383772
270,2023-06-12 19:00:00+00:00,0.004401651616901817
270,2023-06-12 20:00:00+00:00,0.015877312855682106
270,2023-06-12 21:00:00+00:00,0.011419919010278806
270,2023-06-12 22:00:00+00:00,0.013609125304870375
270,2023-06-12 23:00:00+00:00,0.013609125304870375
270,2023-06-13 00:00:00+00:00,0.010867905767881913
270,2023-06-13 01:00:00+00:00,1.860922853540873e-05
270,2023-06-13 02:00:00+00:00,0.0009698301303255424
270,2023-06-13 03:00:00+00:00,1.860922853540873e-05
270,2023-06-13 04:00:00+00:00,7.624622102741467e-05
270,2023-06-13 05:00:00+00:00,1.860922853540873e-05
270,2023-06-13 06:00:00+00:00,8.597508921957028e-05
270,2023-06-13 07:00:00+00:00,0.00012629414447347585
270,2023-06-13 08:00:00+00:00,0.006353534444644107
270,2023-06-13 09:00:00+00:00,0.17552879925227696
270,2023-06-13 10:00:00+00:00,0.09696745330370433
270,2023-06-13 11:00:00+00:00,0.0004782649700317618
270,2023-06-13 12:00:00+00:00,0.000769381578466302
270,2023-06-13 13:00:00+00:00,3.668121633213477e-05
270,2023-06-13 14:00:00+00:00,0.29054806595851346
270,2023-06-13 15:00:00+00:00,0.367770511341212
270,2023-06-13 16:00:00+00:00,0.3587791058361617
270,2023-06-13 17:00:00+00:00,0.25092228953890267
270,2023-06-13 18:00:00+00:00,0.32478061620568593
270,2023-06-13 19:00:00+00:00,0.14080426649381952
270,2023-06-13 20:00:00+00:00,0.08002023542438945
270,2023-06-13 21:00:00+00:00,0.07876910608675963
270,2023-06-13 22:00:00+00:00,0.041700307465073055
270,2023-06-13 23:00:00+00:00,0.07302473848278157
270,2023-06-14 00:00:00+00:00,0.0009254018438957471
270,2023-06-14 01:00:00+00:00,0.0009698301303255424
270,2023-06-14 02:00:00+00:00,0.0009698301303255424
270,2023-06-14 03:00:00+00:00,0.000803320447023987
270,2023-06-14 04:00:00+00:00,6.238363476910546e-05
270,2023-06-14 05:00:00+00:00,6.238363476564841e-05
270,2023-06-14 06:00:00+00:00,0.000332708388223323
270,2023-06-14 07:00:00+00:00,0.0007694028287854402
270,2023-06-14 08:00:00+00:00,0.003286310919643501
270,2023-06-14 09:00:00+00:00,0.00372448570892936
270,2023-06-14 10:00:00+00:00,9.596132111575084e-05
270,2023-06-14 11:00:00+00:00,0.0006238181051073269
270,2023-06-14 12:00:00+00:00,8.590307014230881e-05
270,2023-06-14 13:00:00+00:00,0.004381747892857916
270,2023-06-14 14:00:00+00:00,0.0005198504309138518
270,2023-06-14 15:00:00+00:00,0.19393490660740867
270,2023-06-14 16:00:00+00:00,0.0005406592432340256
270,2023-06-14 17:00:00+00:00,0.0005198561743366398
270,2023-06-14 18:00:00+00:00,0.003975846610717714
270,2023-06-14 19:00:00+00:00,0.0001059140964517134
270,2023-06-14 20:00:00+00:00,6.101717778727859e-06
270,2023-06-14 21:00:00+00:00,0.0012089953960429248
270,2023-06-14 22:00:00+00:00,0.04729265421416206
270,2023-06-14 23:00:00+00:00,0.08432232901694708
270,2023-06-15 00:00:00+00:00,0.00012476527293149694
270,2023-06-15 01:00:00+00:00,6.807281962023009e-06
270,2023-06-15 02:00:00+00:00,0.0664386697185143
270,2023-06-15 03:00:00+00:00,0.06700482772597516
270,2023-06-15 04:00:00+00:00,0.0664386697185143
270,2023-06-15 05:00:00+00:00,0.08900026373173119
270,2023-06-15 06:00:00+00:00,0.004375085359724478
270,2023-06-15 07:00:00+00:00,0.007905873064557006
270,2023-06-15 08:00:00+00:00,0.5452107823893244
270,2023-06-15 09:00:00+00:00,0.005707065479540117
270,2023-06-15 10:00:00+00:00,0.33980459199054397
270,2023-06-15 11:00:00+00:00,0.2890768189435714
270,2023-06-15 12:00:00+00:00,0.00319065226132541
270,2023-06-15 13:00:00+00:00,2.945041580004168e-05
270,2023-06-15 14:00:00+00:00,0.00039509347229221793
270,2023-06-15 15:00:00+00:00,0.000436684102703105
270,2023-06-15 16:00:00+00:00,0.003724485708929291
270,2023-06-15 17:00:00+00:00,0.3102309447642691
270,2023-06-15 18:00:00+00:00,3.658941819704682e-05
270,2023-06-15 19:00:00+00:00,0.22778080853508256
270,2023-06-15 20:00:00+00:00,3.5664816123343117e-05
270,2023-06-15 21:00:00+00:00,1.555196453097109e-05
270,2023-06-15 22:00:00+00:00,0.0010565366732863395
270,2023-06-15 23:00:00+00:00,0.041700307465073055
270,2023-06-16 00:00:00+00:00,0.03826587847611084
270,2023-06-16 01:00:00+00:00,0.02814618064904106
270,2023-06-16 02:00:00+00:00,0.0009698301303255424
270,2023-06-16 03:00:00+00:00,0.06700482772597516
270,2023-06-16 04:00:00+00:00,0.03826587847611084
270,2023-06-16 05:00:00+00:00,0.05264903817714908
270,2023-06-16 06:00:00+00:00,0.3297240354413612
270,2023-06-16 07:00:00+00:00,0.16456327935968232
270,2023-06-16 08:00:00+00:00,0.11888311450491863
270,2023-06-16 09:00:00+00:00,0.13754178711767104
270,2023-06-16 10:00:00+00:00,0.0258677031335433
270,2023-06-16 11:00:00+00:00,0.06593041495096952
270,2023-06-16 12:00:00+00:00,0.14043020591645852
270,2023-06-16 13:00:00+00:00,0.15594756290368078
270,2023-06-16 14:00:00+00:00,0.09161403150377531
270,2023-06-16 15:00:00+00:00,0.08431997932432617
270,2023-06-16 16:00:00+00:00,0.026434248505219093
270,2023-06-16 17:00:00+00:00,0.15320457049874542
270,2023-06-16 18:00:00+00:00,0.027174854619617286
270,2023-06-16 19:00:00+00:00,0.08661258012835926
270,2023-06-16 20:00:00+00:00,0.04231812868875987
270,2023-06-16 21:00:00+00:00,0.03365411455022425
270,2023-06-16 22:00:00+00:00,0.0012729950169999942
270,2023-06-16 23:00:00+00:00,0.010971696346677167
270,2023-06-17 00:00:00+00:00,0.03400758574106672
270,2023-06-17 01:00:00+00:00,0.03472516852792441
270,2023-06-17 02:00:00+00:00,0.023832547597141478
270,2023-06-17 03:00:00+00:00,0.02814618064904106
270,2023-06-17 04:00:00+00:00,0.004097493101535481
270,2023-06-17 05:00:00+00:00,0.02814618064904106
270,2023-06-17 06:00:00+00:00,0.07267064441149178
270,2023-06-17 07:00:00+00:00,0.04082737591461113
270,2023-06-17 08:00:00+00:00,0.002124760031836374
270,2023-06-17 09:00:00+00:00,0.19526769184315676
270,2023-06-17 10:00:00+00:00,0.11505005273863056
270,2023-06-17 11:00:00+00:00,0.31139418913597405
270,2023-06-17 12:00:00+00:00,0.10847573721124255
270,2023-06-17 13:00:00+00:00,0.14230155697142471
270,2023-06-17 14:00:00+00:00,0.11476757967714482
270,2023-06-17 15:00:00+00:00,0.03474279007798454
270,2023-06-17 16:00:00+00:00,0.03258416106100119
270,2023-06-17 17:00:00+00:00,0.013283184132064965
270,2023-06-17 18:00:00+00:00,0.014979504186195898
270,2023-06-17 19:00:00+00:00,0.03850376104367789
270,2023-06-17 20:00:00+00:00,0.09028884068680036
270,2023-06-17 21:00:00+00:00,0.05258632441291639
270,2023-06-17 22:00:00+00:00,0.024899252858676977
270,2023-06-17 23:00:00+00:00,0.023902151744115953
270,2023-06-18 00:00:00+00:00,0.00880050346186385
270,2023-06-18 01:00:00+00:00,0.004155057857584233
270,2023-06-18 02:00:00+00:00,0.027420635593421602
270,2023-06-18 03:00:00+00:00,0.027420635593421602
270,2023-06-18 04:00:00+00:00,0.03826587847611084
270,2023-06-18 05:00:00+00:00,0.000803320447023987
270,2023-06-18 06:00:00+00:00,0.02827851551529041
270,2023-06-18 07:00:00+00:00,0.0008763495785716796
270,2023-06-18 08:00:00+00:00,0.0795608735594385
270,2023-06-18 09:00:00+00:00,0.009812868934196299
270,2023-06-18 10:00:00+00:00,0.1385360110498078
270,2023-06-18 11:00:00+00:00,0.07238355892112126
270,2023-06-18 12:00:00+00:00,0.010964802574040448
270,2023-06-18 13:00:00+00:00,0.004182203429633193
270,2023-06-18 14:00:00+00:00,0.0045854351262011595
270,2023-06-18 15:00:00+00:00,0.011224157346322637
270,2023-06-18 16:00:00+00:00,0.03899844644015354
270,2023-06-18 17:00:00+00:00,0.04861922341878097
270,2023-06-18 18:00:00+00:00,0.14262626014284988
270,2023-06-18 19:00:00+00:00,0.062487650348631005
270,2023-06-18 20:00:00+00:00,0.0736774735408428
270,2023-06-18 21:00:00+00:00,0.06705299205748251
270,2023-06-18 22:00:00+00:00,0.04510408969298827
270,2023-06-18 23:00:00+00:00,0.039981206372202815
270,2023-06-19 00:00:00+00:00,0.03546888300338484
270,2023-06-19 01:00:00+00:00,0.02620157895973747
270,2023-06-19 02:00:00+00:00,0.04244742248976731
270,2023-06-19 03:00:00+00:00,0.04244742248976731
270,2023-06-19 04:00:00+00:00,0.02223214725651791
270,2023-06-19 05:00:00+00:00,0.02735078904224094
270,2023-06-19 06:00:00+00:00,0.09888990050510962
270,2023-06-19 07:00:00+00:00,0.2866905277327638
270,2023-06-19 08:00:00+00:00,0.14919997645932082
270,2023-06-19 09:00:00+00:00,0.13756254964184217
270,2023-06-19 10:00:00+00:00,0.1459368220154475
270,2023-06-19 11:00:00+00:00,0.043332366156490096
270,2023-06-19 12:00:00+00:00,0.03570487917076
270,2023-06-19 13:00:00+00:00,0.010383004058324905
270,2023-06-19 14:00:00+00:00,0.06858160589204619
270,2023-06-19 15:00:00+00:00,0.1647232678691133
270,2023-06-19 16:00:00+00:00,0.22230844017551465
270,2023-06-19 17:00:00+00:00,0.15401171883035855
270,2023-06-19 18:00:00+00:00,0.21843003239924136
270,2023-06-19 19:00:00+00:00,0.04471485699802395
270,2023-06-19 20:00:00+00:00,0.03571233975119251
270,2023-06-19 21:00:00+00:00,0.03668173585455186
270,2023-06-19 22:00:00+00:00,0.03765113195791122
270,2023-06-19 23:00:00+00:00,0.04110928939519767
270,2023-06-20 00:00:00+00:00,0.004894776258840202
270,2023-06-20 01:00:00+00:00,0.023832547597141478
270,2023-06-20 02:00:00+00:00,0.03826587847611084
270,2023-06-20 03:00:00+00:00,0.013903317995243691
270,2023-06-20 04:00:00+00:00,0.007392412410152592
270,2023-06-20 05:00:00+00:00,0.0008033204470239869
270,2023-06-20 06:00:00+00:00,6.091177034812531e-05
270,2023-06-20 07:00:00+00:00,0.0001115209046316563
270,2023-06-20 08:00:00+00:00,0.0004990668896104638
270,2023-06-20 09:00:00+00:00,0.06464496886913622
270,2023-06-20 10:00:00+00:00,0.00045746936719829315
270,2023-06-20 11:00:00+00:00,0.006572621839286928
270,2023-06-20 12:00:00+00:00,0.032832267154551564
270,2023-06-20 13:00:00+00:00,0.012047531237569789
270,2023-06-20 14:00:00+00:00,0.05399459417136611
270,2023-06-20 15:00:00+00:00,0.16195038293542655
270,2023-06-20 16:00:00+00:00,0.11973606921041745
270,2023-06-20 17:00:00+00:00,0.14709944880319378
270,2023-06-20 18:00:00+00:00,0.10079568622563904
270,2023-06-20 19:00:00+00:00,0.0767729400575101
270,2023-06-20 20:00:00+00:00,0.06638780336808993
270,2023-06-20 21:00:00+00:00,0.02842230262331994
270,2023-06-20 22:00:00+00:00,0.02607861337279491
270,2023-06-20 23:00:00+00:00,0.06112557635141355
270,2023-06-21 00:00:00+00:00,0.03648819733655068
270,2023-06-21 01:00:00+00:00,0.03650635791360559
270,2023-06-21 02:00:00+00:00,0.05051716265479965
270,2023-06-21 03:00:00+00:00,0.023194226605913627
270,2023-06-21 04:00:00+00:00,0.04244742248976731
270,2023-06-21 05:00:00+00:00,0.023257402886768613
270,2023-06-21 06:00:00+00:00,0.11723937683096189
270,2023-06-21 07:00:00+00:00,0.2093403685265307
270,2023-06-21 08:00:00+00:00,0.24233625721177082
270,2023-06-21 09:00:00+00:00,0.11331647576982311
270,2023-06-21 10:00:00+00:00,0.24852600449370113
270,2023-06-21 11:00:00+00:00,0.10270547561846213
270,2023-06-21 12:00:00+00:00,0.1311065302907553
270,2023-06-21 13:00:00+00:00,0.08475766350256705
270,2023-06-21 14:00:00+00:00,0.09371353395680233
270,2023-06-21 15:00:00+00:00,0.09435592369854014
270,2023-06-21 16:00:00+00:00,0.18467436743781762
270,2023-06-21 17:00:00+00:00,0.13979128164432555
270,2023-06-21 18:00:00+00:00,0.12252623499395061
270,2023-06-21 19:00:00+00:00,0.06595527859853344
270,2023-06-21 20:00:00+00:00,0.030433018410551668
270,2023-06-21 21:00:00+00:00,0.036139043881613715
270,2023-06-21 22:00:00+00:00,0.025373132328891386
270,2023-06-21 23:00:00+00:00,0.036124966623658133
270,2023-06-22 00:00:00+00:00,0.028811004529651737
270,2023-06-22 01:00:00+00:00,0.03939709450062691
270,2023-06-22 02:00:00+00:00,0.04062578232037335
270,2023-06-22 03:00:00+00:00,0.026931553243215868
270,2023-06-22 04:00:00+00:00,0.02223214725651791
270,2023-06-22 05:00:00+00:00,0.0010912093928866406
270,2023-06-22 06:00:00+00:00,0.002546752316909622
270,2023-06-22 07:00:00+00:00,0.09072750203246918
270,2023-06-22 08:00:00+00:00,0.14523474071624012
270,2023-06-22 09:00:00+00:00,0.03629002455893091
270,2023-06-22 10:00:00+00:00,0.008890380455339833
270,2023-06-22 11:00:00+00:00,0.001686656007724166
270,2023-06-22 12:00:00+00:00,0.0018273306361378718
270,2023-06-22 13:00:00+00:00,0.004356846824209848
270,2023-06-22 14:00:00+00:00,0.010396885793634077
270,2023-06-22 15:00:00+00:00,0.00872267773103819
270,2023-06-22 16:00:00+00:00,0.011135841497579048
270,2023-06-22 17:00:00+00:00,0.01373373653284448
270,2023-06-22 18:00:00+00:00,0.09878786187819473
270,2023-06-22 19:00:00+00:00,0.06176622933629507
270,2023-06-22 20:00:00+00:00,0.046760085510626145
270,2023-06-22 21:00:00+00:00,0.046711547241043025
270,2023-06-22 22:00:00+00:00,0.055660119694265424
270,2023-06-22 23:00:00+00:00,0.050048218324116434
270,2023-06-23 00:00:00+00:00,0.07229210624311565
270,2023-06-23 01:00:00+00:00,0.05051716265479965
270,2023-06-23 02:00:00+00:00,0.03650635791360559
270,2023-06-23 03:00:00+00:00,0.03650635791360559
270,2023-06-23 04:00:00+00:00,0.05051716265479965
270,2023-06-23 05:00:00+00:00,0.05051716265479965
270,2023-06-23 06:00:00+00:00,0.19562314632666514
270,2023-06-23 07:00:00+00:00,0.23226264477885591
270,2023-06-23 08:00:00+00:00,0.3249557380207315
270,2023-06-23 09:00:00+00:00,0.1688778221890616
270,2023-06-23 10:00:00+00:00,0.038437468138218106
270,2023-06-23 11:00:00+00:00,0.15940671194380243
270,2023-06-23 12:00:00+00:00,0.05333982029455869
270,2023-06-23 13:00:00+00:00,0.04077153862792384
270,2023-06-23 14:00:00+00:00,0.036733971182648414
270,2023-06-23 15:00:00+00:00,0.01246693102417118
270,2023-06-23 16:00:00+00:00,0.06389789939341273
270,2023-06-23 17:00:00+00:00,0.13379245375109539
270,2023-06-23 18:00:00+00:00,0.07962638897529846
270,2023-06-23 19:00:00+00:00,0.06512346692505526
270,2023-06-23 20:00:00+00:00,0.010142147231369997
270,2023-06-23 21:00:00+00:00,0.0640315410830101
270,2023-06-23 22:00:00+00:00,0.0292792378735655
270,2023-06-23 23:00:00+00:00,0.05627649836241842
270,2023-06-24 00:00:00+00:00,0.022476446323590905
270,2023-06-24 01:00:00+00:00,0.028811004529651737
270,2023-06-24 02:00:00+00:00,0.030362038295026705
270,2023-06-24 03:00:00+00:00,0.03191307206040167
270,2023-06-24 04:00:00+00:00,0.030103532667464208
270,2023-06-24 05:00:00+00:00,0.030103532667464208
270,2023-06-24 06:00:00+00:00,0.12444107517557901
270,2023-06-24 07:00:00+00:00,0.05321438883740625
270,2023-06-24 08:00:00+00:00,0.06265266822355128
270,2023-06-24 09:00:00+00:00,0.09462682969312414
270,2023-06-24 10:00:00+00:00,0.11157757276936854
270,2023-06-24 11:00:00+00:00,0.0038184664815353194
270,2023-06-24 12:00:00+00:00,0.0034550485267764337
270,2023-06-24 13:00:00+00:00,0.028549797525697012
270,2023-06-24 14:00:00+00:00,0.020541040878875136
270,2023-06-24 15:00:00+00:00,0.021412348144272758
270,2023-06-24 16:00:00+00:00,0.0012649883872299084
270,2023-06-24 17:00:00+00:00,0.17557999573926364
270,2023-06-24 18:00:00+00:00,0.09046443528563197
270,2023-06-24 19:00:00+00:00,0.03050844466990188
270,2023-06-24 20:00:00+00:00,0.004609084925923334
270,2023-06-24 21:00:00+00:00,0.004891299441154828
270,2023-06-24 22:00:00+00:00,0.00691686235029963
270,2023-06-24 23:00:00+00:00,0.006769073027805187
270,2023-06-25 00:00:00+00:00,0.026857273741853153
270,2023-06-25 01:00:00+00:00,0.02614877842629263
270,2023-06-25 02:00:00+00:00,0.030327038859003317
270,2023-06-25 03:00:00+00:00,0.06700482772597516
270,2023-06-25 04:00:00+00:00,0.0009698301303255424
270,2023-06-25 05:00:00+00:00,0.027420635593421602
270,2023-06-25 06:00:00+00:00,0.02024693912165743
270,2023-06-25 07:00:00+00:00,0.010330965721542327
270,2023-06-25 08:00:00+00:00,0.01490150446824892
270,2023-06-25 09:00:00+00:00,0.041037586154493905
270,2023-06-25 10:00:00+00:00,0.05380881461494448
270,2023-06-25 11:00:00+00:00,0.09833456526914429
270,2023-06-25 12:00:00+00:00,0.09472569612360109
270,2023-06-25 13:00:00+00:00,0.13340006215903422
270,2023-06-25 14:00:00+00:00,0.14944562389107127
270,2023-06-25 15:00:00+00:00,0.08141225253260818
270,2023-06-25 16:00:00+00:00,0.093512899518636
270,2023-06-25 17:00:00+00:00,0.13015374489798856
270,2023-06-25 18:00:00+00:00,0.1054979227514294
270,2023-06-25 19:00:00+00:00,0.12447611941356752
270,2023-06-25 20:00:00+00:00,0.007420608883160964
270,2023-06-25 21:00:00+00:00,0.008273271277098872
270,2023-06-25 22:00:00+00:00,0.009130759833175427
270,2023-06-25 23:00:00+00:00,0.009806052612872835
270,2023-06-26 00:00:00+00:00,0.010823285608887888
270,2023-06-26 01:00:00+00:00,0.007852278561854224
270,2023-06-26 02:00:00+00:00,0.007857104723992873
270,2023-06-26 03:00:00+00:00,0.007860322165418638
270,2023-06-26 04:00:00+00:00,0.007857104723992873
270,2023-06-26 05:00:00+00:00,0.05052854301938002
270,2023-06-26 06:00:00+00:00,0.03222503751503738
270,2023-06-26 07:00:00+00:00,0.03614242779710378
270,2023-06-26 08:00:00+00:00,0.0384021119634271
270,2023-06-26 09:00:00+00:00,0.2650143697001643
270,2023-06-26 10:00:00+00:00,0.0318856903841576
270,2023-06-26 11:00:00+00:00,0.23807012924404655
270,2023-06-26 12:00:00+00:00,0.1778642938737492
270,2023-06-26 13:00:00+00:00,0.2239097568545091
270,2023-06-26 14:00:00+00:00,0.14906717298055694
270,2023-06-26 15:00:00+00:00,0.150788111152305
270,2023-06-26 16:00:00+00:00,0.2301656557010579
270,2023-06-26 17:00:00+00:00,0.280366926178023
270,2023-06-26 18:00:00+00:00,0.19627032744402312
270,2023-06-26 19:00:00+00:00,0.16052084737336247
270,2023-06-26 20:00:00+00:00,0.06018034677316467
270,2023-06-26 21:00:00+00:00,0.007435087369576911
270,2023-06-26 22:00:00+00:00,0.007415782721022315
270,2023-06-26 23:00:00+00:00,0.008499806537817478
270,2023-06-27 00:00:00+00:00,0.001977641559087931
270,2023-06-27 01:00:00+00:00,0.007851435898623665
270,2023-06-27 02:00:00+00:00,0.007851435898623665
270,2023-06-27 03:00:00+00:00,0.007851435898623665
270,2023-06-27 04:00:00+00:00,0.05051716265479965
270,2023-06-27 05:00:00+00:00,0.02683079057117844
270,2023-06-27 06:00:00+00:00,0.07714084232115513
270,2023-06-27 07:00:00+00:00,0.25296996231576413
270,2023-06-27 08:00:00+00:00,0.21062902683849266
270,2023-06-27 09:00:00+00:00,0.155688729309693
270,2023-06-27 10:00:00+00:00,0.1268160546625779
270,2023-06-27 11:00:00+00:00,0.13035314883526927
270,2023-06-27 12:00:00+00:00,0.09530577268581217
270,2023-06-27 13:00:00+00:00,0.10918140978049853
270,2023-06-27 14:00:00+00:00,0.14096647042364938
270,2023-06-27 15:00:00+00:00,0.10654727141243936
270,2023-06-27 16:00:00+00:00,0.0742431604590502
270,2023-06-27 17:00:00+00:00,0.11293922897674673
270,2023-06-27 18:00:00+00:00,0.08149229838481757
270,2023-06-27 19:00:00+00:00,0.05723704022028878
270,2023-06-27 20:00:00+00:00,0.05875570750511635
270,2023-06-27 21:00:00+00:00,0.0541100852795632
270,2023-06-27 22:00:00+00:00,0.04163919115255114
270,2023-06-27 23:00:00+00:00,0.060660909474284194
270,2023-06-28 00:00:00+00:00,0.05732183252614839
270,2023-06-28 01:00:00+00:00,0.03650635791360559
270,2023-06-28 02:00:00+00:00,0.03650635791360559
270,2023-06-28 03:00:00+00:00,0.03650635791360559
270,2023-06-28 04:00:00+00:00,0.03650635791360559
270,2023-06-28 05:00:00+00:00,0.05051716265479965
270,2023-06-28 06:00:00+00:00,0.11879025530524914
270,2023-06-28 07:00:00+00:00,0.15589854691417446
270,2023-06-28 08:00:00+00:00,0.2247528072886944
270,2023-06-28 09:00:00+00:00,0.14898913476959202
270,2023-06-28 10:00:00+00:00,0.2006280704250105
270,2023-06-28 11:00:00+00:00,0.11433522329315027
270,2023-06-28 12:00:00+00:00,0.09529684065947655
270,2023-06-28 13:00:00+00:00,0.024809178666517127
270,2023-06-28 14:00:00+00:00,0.14007528815169745
270,2023-06-28 15:00:00+00:00,0.11271075049493945
270,2023-06-28 16:00:00+00:00,0.19870835180040253
270,2023-06-28 17:00:00+00:00,0.1236076499086873
270,2023-06-28 18:00:00+00:00,0.14232591629466734
270,2023-06-28 19:00:00+00:00,0.08594406513828053
270,2023-06-28 20:00:00+00:00,0.07909923923409955
270,2023-06-28 21:00:00+00:00,0.05372572123714523
270,2023-06-28 22:00:00+00:00,0.05702501204826678
270,2023-06-28 23:00:00+00:00,0.0005459609683054199
270,2023-06-29 00:00:00+00:00,0.03970294268801503
270,2023-06-29 01:00:00+00:00,3.9657859186843847e-05
270,2023-06-29 02:00:00+00:00,7.624622102741467e-05
270,2023-06-29 03:00:00+00:00,0.026816899885764536
270,2023-06-29 04:00:00+00:00,0.007392412410152592
270,2023-06-29 05:00:00+00:00,0.010867905767881913
270,2023-06-29 06:00:00+00:00,0.05927948600662863
270,2023-06-29 07:00:00+00:00,0.19015619918996673
270,2023-06-29 08:00:00+00:00,0.2852342987849501
270,2023-06-29 09:00:00+00:00,0.2486657989407257
270,2023-06-29 10:00:00+00:00,0.026209462181450104
270,2023-06-29 11:00:00+00:00,0.0016865966346399025
270,2023-06-29 12:00:00+00:00,0.003935208938747651
270,2023-06-29 13:00:00+00:00,0.04872732212528465
270,2023-06-29 14:00:00+00:00,0.0058217742197489725
270,2023-06-29 15:00:00+00:00,0.011218040569556284
270,2023-06-29 16:00:00+00:00,0.04072313733264552
270,2023-06-29 17:00:00+00:00,0.08495363186197795
270,2023-06-29 18:00:00+00:00,0.0019676289924740135
270,2023-06-29 19:00:00+00:00,0.016139389261973315
270,2023-06-29 20:00:00+00:00,0.0008890380475999284
270,2023-06-29 21:00:00+00:00,0.0022008258084509082
270,2023-06-29 22:00:00+00:00,0.0005458758219520888
270,2023-06-29 23:00:00+00:00,0.05767816923805898
270,2023-06-30 00:00:00+00:00,0.00928550394340978
270,2023-06-30 01:00:00+00:00,0.07143666203071751
270,2023-06-30 02:00:00+00:00,0.05051716265479965
270,2023-06-30 03:00:00+00:00,0.03650635791360559
270,2023-06-30 04:00:00+00:00,0.008152187777259436
270,2023-06-30 05:00:00+00:00,0.004755993637075633
270,2023-06-30 06:00:00+00:00,0.0970686516728862
270,2023-06-30 07:00:00+00:00,0.3015454964553788
270,2023-06-30 08:00:00+00:00,0.17540792124762608
270,2023-06-30 09:00:00+00:00,0.2363109827772045
270,2023-06-30 10:00:00+00:00,0.14037758337042502
270,2023-06-30 11:00:00+00:00,0.09476468826284047
270,2023-06-30 12:00:00+00:00,0.160553562746502
270,2023-06-30 13:00:00+00:00,0.18324523649900099
270,2023-06-30 14:00:00+00:00,0.07116885623370907
270,2023-06-30 15:00:00+00:00,0.20349228568961886
270,2023-06-30 16:00:00+00:00,0.10364136387203958
270,2023-06-30 17:00:00+00:00,0.07013736540266684
270,2023-06-30 18:00:00+00:00,0.16783436334792184
270,2023-06-30 19:00:00+00:00,0.10479251076491171
270,2023-06-30 20:00:00+00:00,0.06483483956332255
270,2023-06-30 21:00:00+00:00,0.03624582807469659
270,2023-06-30 22:00:00+00:00,0.05105034561714045
270,2023-06-30 23:00:00+00:00,0.05104287725288458
270,2023-07-01 00:00:00+00:00,0.05193550384369013
270,2023-07-01 01:00:00+00:00,0.05077614319656238
270,2023-07-01 02:00:00+00:00,0.05180636854563288
270,2023-07-01 03:00:00+00:00,0.007854346917056502
270,2023-07-01 04:00:00+00:00,0.007258843209929815
270,2023-07-01 05:00:00+00:00,0.0012514784394948922
270,2023-07-01 06:00:00+00:00,0.014945180019678784
270,2023-07-01 07:00:00+00:00,0.001267384348459216
270,2023-07-01 08:00:00+00:00,0.0016721807483523474
270,2023-07-01 09:00:00+00:00,0.00913491267172612
270,2023-07-01 10:00:00+00:00,0.027119629086872512
270,2023-07-01 11:00:00+00:00,0.0041757682941597155
270,2023-07-01 12:00:00+00:00,0.04144684009347338
270,2023-07-01 13:00:00+00:00,0.04041760840769313
270,2023-07-01 14:00:00+00:00,0.03682473606052206
270,2023-07-01 15:00:00+00:00,0.16558699125999748
270,2023-07-01 16:00:00+00:00,0.12713512965054197
270,2023-07-01 17:00:00+00:00,0.1512697249672925
270,2023-07-01 18:00:00+00:00,0.0213144489463183
270,2023-07-01 19:00:00+00:00,0.012265672240226008
270,2023-07-01 20:00:00+00:00,0.01171046474461307
270,2023-07-01 21:00:00+00:00,0.011795550495796454
270,2023-07-01 22:00:00+00:00,0.0016726687559027271
270,2023-07-01 23:00:00+00:00,0.0029118327126794502
270,2023-07-02 00:00:00+00:00,0.010418571492148025
270,2023-07-02 01:00:00+00:00,0.010023509699685457
270,2023-07-02 02:00:00+00:00,0.050513606290868276
270,2023-07-02 03:00:00+00:00,0.03650635791360559
270,2023-07-02 04:00:00+00:00,0.03650635791360559
270,2023-07-02 05:00:00+00:00,0.03650635791360559
270,2023-07-02 06:00:00+00:00,0.14763171077984655
270,2023-07-02 07:00:00+00:00,0.028254384704597166
270,2023-07-02 08:00:00+00:00,0.01492748409183707
270,2023-07-02 09:00:00+00:00,0.01453830229975034
270,2023-07-02 10:00:00+00:00,0.004545756711915521
270,2023-07-02 11:00:00+00:00,0.0325504085425403
270,2023-07-02 12:00:00+00:00,0.1144936385584774
270,2023-07-02 13:00:00+00:00,0.17147024979734304
270,2023-07-02 14:00:00+00:00,0.1630344396528912
270,2023-07-02 15:00:00+00:00,0.13713734380847226
270,2023-07-02 16:00:00+00:00,0.11036214621384528
270,2023-07-02 17:00:00+00:00,0.05603570185606356
270,2023-07-02 18:00:00+00:00,0.01633481575088614
270,2023-07-02 19:00:00+00:00,0.015618014805169557
270,2023-07-02 20:00:00+00:00,0.017807662630952695
270,2023-07-02 21:00:00+00:00,0.01732154960243948
270,2023-07-02 22:00:00+00:00,0.016835436573926263
270,2023-07-02 23:00:00+00:00,0.010696872110769069
270,2023-07-03 00:00:00+00:00,0.007851435898623665
270,2023-07-03 01:00:00+00:00,0.007851435898623665
270,2023-07-03 02:00:00+00:00,0.007851435898623665
270,2023-07-03 03:00:00+00:00,0.007851435898623665
270,2023-07-03 04:00:00+00:00,0.007851435898623665
270,2023-07-03 05:00:00+00:00,0.009467029738881505
270,2023-07-03 06:00:00+00:00,0.002923553406203949
270,2023-07-03 07:00:00+00:00,0.011237426282724925
270,2023-07-03 08:00:00+00:00,0.036058424830336486
270,2023-07-03 09:00:00+00:00,0.04242756588104032
270,2023-07-03 10:00:00+00:00,0.1762009505728264
270,2023-07-03 11:00:00+00:00,0.09041476495763132
270,2023-07-03 12:00:00+00:00,0.12633648005274814
270,2023-07-03 13:00:00+00:00,0.1640016352355184
270,2023-07-03 14:00:00+00:00,0.25978266346752565
270,2023-07-03 15:00:00+00:00,0.18250297874390015
270,2023-07-03 16:00:00+00:00,0.20497148176640245
270,2023-07-03 17:00:00+00:00,0.04303166339367636
270,2023-07-03 18:00:00+00:00,0.04289581008948545
270,2023-07-03 19:00:00+00:00,0.024293391023927597
270,2023-07-03 20:00:00+00:00,0.01423796192395325
270,2023-07-03 21:00:00+00:00,0.01057627706072285
270,2023-07-03 22:00:00+00:00,0.010410899702923646
270,2023-07-03 23:00:00+00:00,0.010541818689471367
270,2023-07-04 00:00:00+00:00,0.007851435898623665
270,2023-07-04 01:00:00+00:00,0.007851435898623665
270,2023-07-04 02:00:00+00:00,0.05051716265479965
270,2023-07-04 03:00:00+00:00,0.007851435898623665
270,2023-07-04 04:00:00+00:00,0.05051716265479965
270,2023-07-04 05:00:00+00:00,0.031784898680489594
270,2023-07-04 06:00:00+00:00,0.06223070837473646
270,2023-07-04 07:00:00+00:00,0.19028212359172197
270,2023-07-04 08:00:00+00:00,0.3335341377744105
270,2023-07-04 09:00:00+00:00,0.17390064933948104
270,2023-07-04 10:00:00+00:00,0.12462979276188123
270,2023-07-04 11:00:00+00:00,0.014733642639798454
270,2023-07-04 12:00:00+00:00,0.02018532661952108
270,2023-07-04 13:00:00+00:00,0.08472093376759776
270,2023-07-04 14:00:00+00:00,0.06433153400417466
270,2023-07-04 15:00:00+00:00,0.025484132410132514
270,2023-07-04 16:00:00+00:00,0.08575728798061796
270,2023-07-04 17:00:00+00:00,0.18756650102676603
270,2023-07-04 18:00:00+00:00,0.2842960036528576
270,2023-07-04 19:00:00+00:00,0.06772602830174607
270,2023-07-04 20:00:00+00:00,0.030369230274571453
270,2023-07-04 21:00:00+00:00,0.05607974578359554
270,2023-07-04 22:00:00+00:00,0.00862215421205544
270,2023-07-04 23:00:00+00:00,0.008292701508404873
270,2023-07-05 00:00:00+00:00,0.008173603728935417
270,2023-07-05 01:00:00+00:00,0.04948978106973619
270,2023-07-05 02:00:00+00:00,0.007851435898623665
270,2023-07-05 03:00:00+00:00,0.03650635791360559
270,2023-07-05 04:00:00+00:00,0.007851435898623665
270,2023-07-05 05:00:00+00:00,0.009486086212726065
270,2023-07-05 06:00:00+00:00,0.1879252528029451
270,2023-07-05 07:00:00+00:00,0.05983968796455269
270,2023-07-05 08:00:00+00:00,0.014961690187036284
270,2023-07-05 09:00:00+00:00,0.016216681029387774
270,2023-07-05 10:00:00+00:00,0.00415827524081024
270,2023-07-05 11:00:00+00:00,0.2448994266850527
270,2023-07-05 12:00:00+00:00,0.13878732837110958
270,2023-07-05 13:00:00+00:00,0.10424439342988326
270,2023-07-05 14:00:00+00:00,0.18653742881752483
270,2023-07-05 15:00:00+00:00,0.24078140864248598
270,2023-07-05 16:00:00+00:00,0.3545690600166402
270,2023-07-05 17:00:00+00:00,0.12851864450361414
270,2023-07-05 18:00:00+00:00,0.22895289518198342
270,2023-07-05 19:00:00+00:00,0.11298352204929926
270,2023-07-05 20:00:00+00:00,0.07384700540945104
270,2023-07-05 21:00:00+00:00,0.07362444815462613
270,2023-07-05 22:00:00+00:00,0.06507283446459718
270,2023-07-05 23:00:00+00:00,0.06849743974814201
270,2023-07-06 00:00:00+00:00,0.05051716265479965
270,2023-07-06 01:00:00+00:00,0.026931553243215868
270,2023-07-06 02:00:00+00:00,0.026931553243215868
270,2023-07-06 03:00:00+00:00,0.023194226605913627
270,2023-07-06 04:00:00+00:00,0.030103532667464208
270,2023-07-06 05:00:00+00:00,0.03437215290311884
270,2023-07-06 06:00:00+00:00,0.18387910844949673
270,2023-07-06 07:00:00+00:00,0.4215920309158337
270,2023-07-06 08:00:00+00:00,0.25150049503238975
270,2023-07-06 09:00:00+00:00,0.13968701906277908
270,2023-07-06 10:00:00+00:00,0.13281769053733228
270,2023-07-06 11:00:00+00:00,0.1923367901336269
270,2023-07-06 12:00:00+00:00,0.1433424995908912
270,2023-07-06 13:00:00+00:00,0.19201985371686212
270,2023-07-06 14:00:00+00:00,0.14867725534327203
270,2023-07-06 15:00:00+00:00,0.16650631890269482
270,2023-07-06 16:00:00+00:00,0.3052313873194681
270,2023-07-06 17:00:00+00:00,0.22918294732020464
270,2023-07-06 18:00:00+00:00,0.29342381711328946
270,2023-07-06 19:00:00+00:00,0.15675141702734696
270,2023-07-06 20:00:00+00:00,0.05456736540167945
270,2023-07-06 21:00:00+00:00,0.030801350039080685
270,2023-07-06 22:00:00+00:00,0.012572554434840283
270,2023-07-06 23:00:00+00:00,0.010717085230703591
270,2023-07-07 00:00:00+00:00,0.008152187777259436
270,2023-07-07 01:00:00+00:00,0.008152187777259436
270,2023-07-07 02:00:00+00:00,0.0058789223928075365
270,2023-07-07 03:00:00+00:00,0.023832547597141478
270,2023-07-07 04:00:00+00:00,0.023832547597141478
270,2023-07-07 05:00:00+00:00,0.03607253429905197
270,2023-07-07 06:00:00+00:00,0.08871843534448032
270,2023-07-07 07:00:00+00:00,0.0754346031938708
270,2023-07-07 08:00:00+00:00,0.03497336727335453
270,2023-07-07 09:00:00+00:00,0.044681455235989515
270,2023-07-07 10:00:00+00:00,0.019815912235516445
270,2023-07-07 11:00:00+00:00,0.025272797895296746
270,2023-07-07 12:00:00+00:00,0.025176061230382754
270,2023-07-07 13:00:00+00:00,0.04201209490986509
270,2023-07-07 14:00:00+00:00,0.042078141566858525
270,2023-07-07 15:00:00+00:00,0.04718785908740231
270,2023-07-07 16:00:00+00:00,0.03595804650904501
270,2023-07-07 17:00:00+00:00,0.021803547454679634
270,2023-07-07 18:00:00+00:00,0.02385147700006703
270,2023-07-07 19:00:00+00:00,0.011802079376559933
270,2023-07-07 20:00:00+00:00,0.039791660610081325
270,2023-07-07 21:00:00+00:00,0.03664914536443487
270,2023-07-07 22:00:00+00:00,0.028835947369994237
270,2023-07-07 23:00:00+00:00,0.03549454073385115
270,2023-07-08 00:00:00+00:00,0.03271444154144544
270,2023-07-08 01:00:00+00:00,0.033648642591096706
270,2023-07-08 02:00:00+00:00,0.023832547597141478
270,2023-07-08 03:00:00+00:00,0.02814618064904106
270,2023-07-08 04:00:00+00:00,0.024501287865073745
270,2023-07-08 05:00:00+00:00,0.004097493101535481
270,2023-07-08 06:00:00+00:00,0.048032366026269195
270,2023-07-08 07:00:00+00:00,0.013722280787600889
270,2023-07-08 08:00:00+00:00,0.0509315355090503
270,2023-07-08 09:00:00+00:00,0.09075966714882376
270,2023-07-08 10:00:00+00:00,0.12845892854557045
270,2023-07-08 11:00:00+00:00,0.02838437217852023
270,2023-07-08 12:00:00+00:00,0.023888539968817547
270,2023-07-08 13:00:00+00:00,0.024125506421958442
270,2023-07-08 14:00:00+00:00,0.01848254792532725
270,2023-07-08 15:00:00+00:00,0.017013651836123637
270,2023-07-08 16:00:00+00:00,0.029231999999426488
270,2023-07-08 17:00:00+00:00,0.030316934457861575
270,2023-07-08 18:00:00+00:00,0.013937962706964766
270,2023-07-08 19:00:00+00:00,0.01330078288585637
270,2023-07-08 20:00:00+00:00,0.010580765964260642
270,2023-07-08 21:00:00+00:00,0.03839092493258997
270,2023-07-08 22:00:00+00:00,0.04355341154796537
270,2023-07-08 23:00:00+00:00,0.029149156675064545
270,2023-07-09 00:00:00+00:00,0.028479773820246065
270,2023-07-09 01:00:00+00:00,0.025808372190597423
270,2023-07-09 02:00:00+00:00,0.03953361536948762
270,2023-07-09 03:00:00+00:00,0.023194226605913627
270,2023-07-09 04:00:00+00:00,0.0058789223928075365
270,2023-07-09 05:00:00+00:00,0.02814618064904106
270,2023-07-09 06:00:00+00:00,0.03633433115496335
270,2023-07-09 07:00:00+00:00,0.02024693912165743
270,2023-07-09 08:00:00+00:00,0.044549410794134145
270,2023-07-09 09:00:00+00:00,0.029735117293032402
270,2023-07-09 10:00:00+00:00,0.10326401574575819
270,2023-07-09 11:00:00+00:00,0.21691309403630202
270,2023-07-09 12:00:00+00:00,0.18404169482449256
270,2023-07-09 13:00:00+00:00,0.13488557097725906
270,2023-07-09 14:00:00+00:00,0.1339992732178377
270,2023-07-09 15:00:00+00:00,0.0712663540010439
270,2023-07-09 16:00:00+00:00,0.004364230176963646
270,2023-07-09 17:00:00+00:00,0.008313351729129056
270,2023-07-09 18:00:00+00:00,0.061511657063007534
270,2023-07-09 19:00:00+00:00,0.04631907684005709
270,2023-07-09 20:00:00+00:00,0.06867156294847536
270,2023-07-09 21:00:00+00:00,0.011771845799189976
270,2023-07-09 22:00:00+00:00,0.04050180794920432
270,2023-07-09 23:00:00+00:00,0.03067065843290913
270,2023-07-10 00:00:00+00:00,0.013903317995243691
270,2023-07-10 01:00:00+00:00,0.004097493101535481
270,2023-07-10 02:00:00+00:00,0.008152187777259436
270,2023-07-10 03:00:00+00:00,0.008152187777259436
270,2023-07-10 04:00:00+00:00,0.004097493101535481
270,2023-07-10 05:00:00+00:00,0.004097493101535481
270,2023-07-10 06:00:00+00:00,0.014658812620035069
270,2023-07-10 07:00:00+00:00,0.025198671385997375
270,2023-07-10 08:00:00+00:00,0.03551373406481317
270,2023-07-10 09:00:00+00:00,0.04621800373532248
270,2023-07-10 10:00:00+00:00,0.08005782412869779
270,2023-07-10 11:00:00+00:00,0.057171348584674694
270,2023-07-10 12:00:00+00:00,0.05472958966578079
270,2023-07-10 13:00:00+00:00,0.09374202229832158
270,2023-07-10 14:00:00+00:00,0.12424268992341245
270,2023-07-10 15:00:00+00:00,0.06910220104828851
270,2023-07-10 16:00:00+00:00,0.21868525263135166
270,2023-07-10 17:00:00+00:00,0.15129605959602338
270,2023-07-10 18:00:00+00:00,0.1691057136849777
270,2023-07-10 19:00:00+00:00,0.06111086962754393
270,2023-07-10 20:00:00+00:00,0.07992091059007474
270,2023-07-10 21:00:00+00:00,0.0797020739041931
270,2023-07-10 22:00:00+00:00,0.009407195487546597
270,2023-07-10 23:00:00+00:00,0.0075658678648205455
270,2023-07-11 00:00:00+00:00,0.021872671183238747
270,2023-07-11 01:00:00+00:00,0.04283393060514202
270,2023-07-11 02:00:00+00:00,0.035778527969102705
270,2023-07-11 03:00:00+00:00,0.05051716265479965
270,2023-07-11 04:00:00+00:00,0.026931553243215868
270,2023-07-11 05:00:00+00:00,0.023194226605913627
270,2023-07-11 06:00:00+00:00,0.09009389682934851
270,2023-07-11 07:00:00+00:00,0.2048326836967042
270,2023-07-11 08:00:00+00:00,0.2772329241943399
270,2023-07-11 09:00:00+00:00,0.1492422522731478
270,2023-07-11 10:00:00+00:00,0.14516821597033974
270,2023-07-11 11:00:00+00:00,0.13399247506716488
270,2023-07-11 12:00:00+00:00,0.15010557646748918
270,2023-07-11 13:00:00+00:00,0.06838822986590974
270,2023-07-11 14:00:00+00:00,0.15077906317209527
270,2023-07-11 15:00:00+00:00,0.1416647392958794
270,2023-07-11 16:00:00+00:00,0.20092997573856688
270,2023-07-11 17:00:00+00:00,0.2090099340084619
270,2023-07-11 18:00:00+00:00,0.13565046450967602
270,2023-07-11 19:00:00+00:00,0.10900982340571705
270,2023-07-11 20:00:00+00:00,0.09731850330752569
270,2023-07-11 21:00:00+00:00,0.011881413999871616
270,2023-07-11 22:00:00+00:00,0.06900421836754293
270,2023-07-11 23:00:00+00:00,0.0764863678803242
270,2023-07-12 00:00:00+00:00,0.08024688888823253
270,2023-07-12 01:00:00+00:00,0.04948978106973619
270,2023-07-12 02:00:00+00:00,0.007851435898623665
270,2023-07-12 03:00:00+00:00,0.007851435898623665
270,2023-07-12 04:00:00+00:00,0.007851435898623665
270,2023-07-12 05:00:00+00:00,0.04948978106973619
270,2023-07-12 06:00:00+00:00,0.1592032911564416
270,2023-07-12 07:00:00+00:00,0.25296116559292814
270,2023-07-12 08:00:00+00:00,0.24306202743198688
270,2023-07-12 09:00:00+00:00,0.19992982467141557
270,2023-07-12 10:00:00+00:00,0.09609840857475875
270,2023-07-12 11:00:00+00:00,0.1577489721688137
270,2023-07-12 12:00:00+00:00,0.10096850556998427
270,2023-07-12 13:00:00+00:00,0.20757696020747132
270,2023-07-12 14:00:00+00:00,0.08630247006229017
270,2023-07-12 15:00:00+00:00,0.13867736310876486
270,2023-07-12 16:00:00+00:00,0.11907151896707645
270,2023-07-12 17:00:00+00:00,0.15838987050464062
270,2023-07-12 18:00:00+00:00,0.1698226126789212
270,2023-07-12 19:00:00+00:00,0.061875194081586066
270,2023-07-12 20:00:00+00:00,0.051088366380624875
270,2023-07-12 21:00:00+00:00,0.05263011770042513
270,2023-07-12 22:00:00+00:00,0.052385340891875666
270,2023-07-12 23:00:00+00:00,0.053048151057074396
270,2023-07-13 00:00:00+00:00,0.0500505567207643
270,2023-07-13 01:00:00+00:00,0.05051716265479965
270,2023-07-13 02:00:00+00:00,0.03650635791360559
270,2023-07-13 03:00:00+00:00,0.026931553243215868
270,2023-07-13 04:00:00+00:00,0.03650635791360559
270,2023-07-13 05:00:00+00:00,0.05330039619769149
270,2023-07-13 06:00:00+00:00,0.1622495845236511
270,2023-07-13 07:00:00+00:00,0.2429631721514246
270,2023-07-13 08:00:00+00:00,0.1676419393123836
270,2023-07-13 09:00:00+00:00,0.22251924376176468
270,2023-07-13 10:00:00+00:00,0.16032560072458119
270,2023-07-13 11:00:00+00:00,0.09691675808553615
270,2023-07-13 12:00:00+00:00,0.09297605201955089
270,2023-07-13 13:00:00+00:00,0.10656991118997979
270,2023-07-13 14:00:00+00:00,0.19296962487717498
270,2023-07-13 15:00:00+00:00,0.2037859172548936
270,2023-07-13 16:00:00+00:00,0.17081764441533354
270,2023-07-13 17:00:00+00:00,0.11999075364012485
270,2023-07-13 18:00:00+00:00,0.08828766203585482
270,2023-07-13 19:00:00+00:00,0.06930134920565949
270,2023-07-13 20:00:00+00:00,0.054063038373651215
270,2023-07-13 21:00:00+00:00,0.06766811316303692
270,2023-07-13 22:00:00+00:00,0.03524599310815985
270,2023-07-13 23:00:00+00:00,0.05202654170322699
270,2023-07-14 00:00:00+00:00,0.026578458181999783
270,2023-07-14 01:00:00+00:00,0.005290536997276955
270,2023-07-14 02:00:00+00:00,0.02223214725651791
270,2023-07-14 03:00:00+00:00,0.004097493101535481
270,2023-07-14 04:00:00+00:00,0.013903317995243691
270,2023-07-14 05:00:00+00:00,0.013243193659481187
270,2023-07-14 06:00:00+00:00,0.08969465098865316
270,2023-07-14 07:00:00+00:00,0.15131173417858373
270,2023-07-14 08:00:00+00:00,0.14452543635120377
270,2023-07-14 09:00:00+00:00,0.11491905060273411
270,2023-07-14 10:00:00+00:00,0.09973662867697437
270,2023-07-14 11:00:00+00:00,0.10198524345692069
270,2023-07-14 12:00:00+00:00,0.09328878307551132
270,2023-07-14 13:00:00+00:00,0.058003984419950805
270,2023-07-14 14:00:00+00:00,0.13968694580432492
270,2023-07-14 15:00:00+00:00,0.07203085406409646
270,2023-07-14 16:00:00+00:00,0.021126433218864125
270,2023-07-14 17:00:00+00:00,0.0815708237077322
270,2023-07-14 18:00:00+00:00,0.2079968057251887
270,2023-07-14 19:00:00+00:00,0.04250881474783643
270,2023-07-14 20:00:00+00:00,0.03948708708988853
270,2023-07-14 21:00:00+00:00,0.027911098889424998
270,2023-07-14 22:00:00+00:00,0.025325226474509823
270,2023-07-14 23:00:00+00:00,0.024517887168470146
270,2023-07-15 00:00:00+00:00,0.039085160913006685
270,2023-07-15 01:00:00+00:00,0.04244742248976731
270,2023-07-15 02:00:00+00:00,0.02223214725651791
270,2023-07-15 03:00:00+00:00,0.03953361536948762
270,2023-07-15 04:00:00+00:00,0.04244742248976731
270,2023-07-15 05:00:00+00:00,0.03953361536948762
270,2023-07-15 06:00:00+00:00,0.1892199885684159
270,2023-07-15 07:00:00+00:00,0.16511875233369627
270,2023-07-15 08:00:00+00:00,0.09035117331660639
270,2023-07-15 09:00:00+00:00,0.07060171753583265
270,2023-07-15 10:00:00+00:00,0.20317905247676446
270,2023-07-15 11:00:00+00:00,0.1848626772392705
270,2023-07-15 12:00:00+00:00,0.10731980212285216
270,2023-07-15 13:00:00+00:00,0.100736510469417
270,2023-07-15 14:00:00+00:00,0.12127910108626905
270,2023-07-15 15:00:00+00:00,0.03694374935366146
270,2023-07-15 16:00:00+00:00,0.06951654101021328
270,2023-07-15 17:00:00+00:00,0.039759903628359766
270,2023-07-15 18:00:00+00:00,0.0649198513805393
270,2023-07-15 19:00:00+00:00,0.06500204829699492
270,2023-07-15 20:00:00+00:00,0.04640262931633631
270,2023-07-15 21:00:00+00:00,0.03329975876448175
270,2023-07-15 22:00:00+00:00,0.03952590879017521
270,2023-07-15 23:00:00+00:00,0.03664215958323379
270,2023-07-16 00:00:00+00:00,0.035119198910687086
270,2023-07-16 01:00:00+00:00,0.03513350036511783
270,2023-07-16 02:00:00+00:00,0.05051716265479965
270,2023-07-16 03:00:00+00:00,0.05051716265479965
270,2023-07-16 04:00:00+00:00,0.05051716265479965
270,2023-07-16 05:00:00+00:00,0.03650635791360559
270,2023-07-16 06:00:00+00:00,0.09178307168956688
270,2023-07-16 07:00:00+00:00,0.11440774656327204
270,2023-07-16 08:00:00+00:00,0.08882064913166647
270,2023-07-16 09:00:00+00:00,0.05639500959769573
270,2023-07-16 10:00:00+00:00,0.072166225159497
270,2023-07-16 11:00:00+00:00,0.06089018227655353
270,2023-07-16 12:00:00+00:00,0.14851624149629503
270,2023-07-16 13:00:00+00:00,0.1533817871743875
270,2023-07-16 14:00:00+00:00,0.09458486680500283
270,2023-07-16 15:00:00+00:00,0.0676557920755444
270,2023-07-16 16:00:00+00:00,0.05747722843765796
270,2023-07-16 17:00:00+00:00,0.14609155210967498
270,2023-07-16 18:00:00+00:00,0.09315043841393603
270,2023-07-16 19:00:00+00:00,0.09928517646585568
270,2023-07-16 20:00:00+00:00,0.09755275515960685
270,2023-07-16 21:00:00+00:00,0.07193499395450113
270,2023-07-16 22:00:00+00:00,0.046346739770446045
270,2023-07-16 23:00:00+00:00,0.03888298315160194
270,2023-07-17 00:00:00+00:00,0.030103532667464208
270,2023-07-17 01:00:00+00:00,0.030103532667464208
270,2023-07-17 02:00:00+00:00,0.030103532667464208
270,2023-07-17 03:00:00+00:00,0.030103532667464208
270,2023-07-17 04:00:00+00:00,0.03953361536948762
270,2023-07-17 05:00:00+00:00,0.04477629682841741
270,2023-07-17 06:00:00+00:00,0.0768179964512253
270,2023-07-17 07:00:00+00:00,0.13302520887172406
270,2023-07-17 08:00:00+00:00,0.1809583740638807
270,2023-07-17 09:00:00+00:00,0.11586655689048678
270,2023-07-17 10:00:00+00:00,0.12181408205137856
270,2023-07-17 11:00:00+00:00,0.20457328168853647
270,2023-07-17 12:00:00+00:00,0.15956690216158195
270,2023-07-17 13:00:00+00:00,0.14001879729269603
270,2023-07-17 14:00:00+00:00,0.14025146817529127
270,2023-07-17 15:00:00+00:00,0.10922497188193225
270,2023-07-17 16:00:00+00:00,0.15820033336848896
270,2023-07-17 17:00:00+00:00,0.05706279363827034
270,2023-07-17 18:00:00+00:00,0.1050051606393775
270,2023-07-17 19:00:00+00:00,0.10547933943325988
270,2023-07-17 20:00:00+00:00,0.06030153247814709
270,2023-07-17 21:00:00+00:00,0.0618309795199721
270,2023-07-17 22:00:00+00:00,0.00962268375864606
270,2023-07-17 23:00:00+00:00,0.008030205011646743
270,2023-07-18 00:00:00+00:00,0.001528009812646258
270,2023-07-18 01:00:00+00:00,0.05051716265479965
270,2023-07-18 02:00:00+00:00,0.04244742248976731
270,2023-07-18 03:00:00+00:00,0.02223214725651791
270,2023-07-18 04:00:00+00:00,0.027420635593421602
270,2023-07-18 05:00:00+00:00,0.02683038307326439
270,2023-07-18 06:00:00+00:00,0.10036583076241723
270,2023-07-18 07:00:00+00:00,0.07615811552977424
270,2023-07-18 08:00:00+00:00,0.0692823675573086
270,2023-07-18 09:00:00+00:00,0.04672564009470159
270,2023-07-18 10:00:00+00:00,0.07858271413262198
270,2023-07-18 11:00:00+00:00,0.1266085924719986
270,2023-07-18 12:00:00+00:00,0.12840433988936675
270,2023-07-18 13:00:00+00:00,0.11004397848516528
270,2023-07-18 14:00:00+00:00,0.023294928042004316
270,2023-07-18 15:00:00+00:00,0.0037427603633569013
270,2023-07-18 16:00:00+00:00,0.0029514068402889415
270,2023-07-18 17:00:00+00:00,0.021412348144272758
270,2023-07-18 18:00:00+00:00,0.07390853238116815
270,2023-07-18 19:00:00+00:00,0.022856497014569255
270,2023-07-18 20:00:00+00:00,0.052760717217344794
270,2023-07-18 21:00:00+00:00,0.04751258612164002
270,2023-07-18 22:00:00+00:00,0.03943998705782107
270,2023-07-18 23:00:00+00:00,0.05812371542225507
270,2023-07-19 00:00:00+00:00,0.04639000973454833
270,2023-07-19 01:00:00+00:00,0.03650635791360559
270,2023-07-19 02:00:00+00:00,0.007851435898623665
270,2023-07-19 03:00:00+00:00,0.007851435898623665
270,2023-07-19 04:00:00+00:00,0.001528009812646258
270,2023-07-19 05:00:00+00:00,0.05051716265479965
270,2023-07-19 06:00:00+00:00,0.00790337759274922
270,2023-07-19 07:00:00+00:00,0.006000149720081195
270,2023-07-19 08:00:00+00:00,0.010819079462781687
270,2023-07-19 09:00:00+00:00,0.0011244176507484624
270,2023-07-19 10:00:00+00:00,0.004182142397252563
270,2023-07-19 11:00:00+00:00,0.0027282429202005356
270,2023-07-19 12:00:00+00:00,0.0033386886759077202
270,2023-07-19 13:00:00+00:00,0.02343841860419142
270,2023-07-19 14:00:00+00:00,0.0750742355690777
270,2023-07-19 15:00:00+00:00,0.13104931755660412
270,2023-07-19 16:00:00+00:00,0.03805790359945182
270,2023-07-19 17:00:00+00:00,0.13656400821920106
270,2023-07-19 18:00:00+00:00,0.19389950797261382
270,2023-07-19 19:00:00+00:00,0.08870372330330671
270,2023-07-19 20:00:00+00:00,0.0016368099541773592
270,2023-07-19 21:00:00+00:00,0.007420608883160964
270,2023-07-19 22:00:00+00:00,0.00226822795867581
270,2023-07-19 23:00:00+00:00,0.0011087832769627898
270,2023-07-20 00:00:00+00:00,0.0026898982103288884
270,2023-07-20 01:00:00+00:00,0.0005153784694223621
270,2023-07-20 02:00:00+00:00,0.005234129546377786
270,2023-07-20 03:00:00+00:00,0.0006670565291086958
270,2023-07-20 04:00:00+00:00,0.03650635791360559
270,2023-07-20 05:00:00+00:00,0.03953361536948762
270,2023-07-20 06:00:00+00:00,0.038417480306077854
270,2023-07-20 07:00:00+00:00,0.004497432770029502
270,2023-07-20 08:00:00+00:00,0.014125971352821074
270,2023-07-20 09:00:00+00:00,0.004182424203739972
270,2023-07-20 10:00:00+00:00,0.0036374390247352704
270,2023-07-20 11:00:00+00:00,0.008326420358460578
270,2023-07-20 12:00:00+00:00,0.006001286482498544
270,2023-07-20 13:00:00+00:00,0.02787712690704482
270,2023-07-20 14:00:00+00:00,0.004183570978633946
270,2023-07-20 15:00:00+00:00,0.005454691500707085
270,2023-07-20 16:00:00+00:00,0.05927948600662863
270,2023-07-20 17:00:00+00:00,0.15699492439647367
270,2023-07-20 18:00:00+00:00,0.07706333180861721
270,2023-07-20 19:00:00+00:00,0.10239179956382824
270,2023-07-20 20:00:00+00:00,0.008064449901984646
270,2023-07-20 21:00:00+00:00,0.02194109990653462
270,2023-07-20 22:00:00+00:00,0.0005459609683054199
270,2023-07-20 23:00:00+00:00,0.0005458761084769401
270,2023-07-21 00:00:00+00:00,0.0012700543530947872
270,2023-07-21 01:00:00+00:00,0.004087247929980257
270,2023-07-21 02:00:00+00:00,0.005234129546377786
270,2023-07-21 03:00:00+00:00,0.03650635791360559
270,2023-07-21 04:00:00+00:00,0.03650635791360559
270,2023-07-21 05:00:00+00:00,0.026931553243215868
270,2023-07-21 06:00:00+00:00,0.18030204292178376
270,2023-07-21 07:00:00+00:00,0.2167592399132866
270,2023-07-21 08:00:00+00:00,0.05295070864438567
270,2023-07-21 09:00:00+00:00,0.005820158538012784
270,2023-07-21 10:00:00+00:00,0.03610679044472239
270,2023-07-21 11:00:00+00:00,0.048080872419696455
270,2023-07-21 12:00:00+00:00,0.00913721786883609
270,2023-07-21 13:00:00+00:00,0.005274019733706312
270,2023-07-21 14:00:00+00:00,0.004364463703561441
270,2023-07-21 15:00:00+00:00,0.0581207458587851
270,2023-07-21 16:00:00+00:00,0.04075391557823217
270,2023-07-21 17:00:00+00:00,0.16164875757031885
270,2023-07-21 18:00:00+00:00,0.12820846194870525
270,2023-07-21 19:00:00+00:00,0.06169154569373637
270,2023-07-21 20:00:00+00:00,0.010418544438641804
270,2023-07-21 21:00:00+00:00,0.07053334136232872
270,2023-07-21 22:00:00+00:00,0.05146192918979173
270,2023-07-21 23:00:00+00:00,0.07721731384669826
270,2023-07-22 00:00:00+00:00,0.06647423706862267
270,2023-07-22 01:00:00+00:00,0.04948978106973619
270,2023-07-22 02:00:00+00:00,0.035123058033311255
270,2023-07-22 03:00:00+00:00,0.030103532667464208
270,2023-07-22 04:00:00+00:00,0.030103532667464208
270,2023-07-22 05:00:00+00:00,0.028811004529651737
270,2023-07-22 06:00:00+00:00,0.048396263984385235
270,2023-07-22 07:00:00+00:00,0.048396263984385235
270,2023-07-22 08:00:00+00:00,0.03964045428282382
270,2023-07-22 09:00:00+00:00,0.0997469945370229
270,2023-07-22 10:00:00+00:00,0.10771933550940149
270,2023-07-22 11:00:00+00:00,0.21058484762183638
270,2023-07-22 12:00:00+00:00,0.11128954610879674
270,2023-07-22 13:00:00+00:00,0.2025757651403932
270,2023-07-22 14:00:00+00:00,0.17219334159604247
270,2023-07-22 15:00:00+00:00,0.12765345336470854
270,2023-07-22 16:00:00+00:00,0.1445871744975587
270,2023-07-22 17:00:00+00:00,0.07941693929188458
270,2023-07-22 18:00:00+00:00,0.05874115528191933
270,2023-07-22 19:00:00+00:00,0.1024778076743259
270,2023-07-22 20:00:00+00:00,0.06553202191480068
270,2023-07-22 21:00:00+00:00,0.05303081526070489
270,2023-07-22 22:00:00+00:00,0.038949464779472656
270,2023-07-22 23:00:00+00:00,0.031515094944560555
270,2023-07-23 00:00:00+00:00,0.023141403326940358
270,2023-07-23 01:00:00+00:00,0.027174878004375336
270,2023-07-23 02:00:00+00:00,0.026931553243215868
270,2023-07-23 03:00:00+00:00,0.03650635791360559
270,2023-07-23 04:00:00+00:00,0.03650635791360559
270,2023-07-23 05:00:00+00:00,0.05051716265479965
270,2023-07-23 06:00:00+00:00,0.11486539310505578
270,2023-07-23 07:00:00+00:00,0.11486539310505578
270,2023-07-23 08:00:00+00:00,0.12440359965208078
270,2023-07-23 09:00:00+00:00,0.11141484837169328
270,2023-07-23 10:00:00+00:00,0.10833376803829015
270,2023-07-23 11:00:00+00:00,0.1075604659788982
270,2023-07-23 12:00:00+00:00,0.19282815398160405
270,2023-07-23 13:00:00+00:00,0.1568562664913013
270,2023-07-23 14:00:00+00:00,0.15929530049977836
270,2023-07-23 15:00:00+00:00,0.03351601684769465
270,2023-07-23 16:00:00+00:00,0.16429530144596166
270,2023-07-23 17:00:00+00:00,0.1338486190340133
270,2023-07-23 18:00:00+00:00,0.13853421577410227
270,2023-07-23 19:00:00+00:00,0.013631548304525733
270,2023-07-23 20:00:00+00:00,0.0074445617673590085
270,2023-07-23 21:00:00+00:00,0.05263473450741967
270,2023-07-23 22:00:00+00:00,0.05411904731667024
270,2023-07-23 23:00:00+00:00,0.055660119694265424
270,2023-07-24 00:00:00+00:00,0.010052494456629394
270,2023-07-24 01:00:00+00:00,0.032667065470546146
270,2023-07-24 02:00:00+00:00,0.05051716265479965
270,2023-07-24 03:00:00+00:00,0.001528009812646258
270,2023-07-24 04:00:00+00:00,0.007851435898623665
270,2023-07-24 05:00:00+00:00,0.002689898210328887
270,2023-07-24 06:00:00+00:00,0.05119589978191412
270,2023-07-24 07:00:00+00:00,0.2486657989407257
270,2023-07-24 08:00:00+00:00,0.01117345712678766
270,2023-07-24 09:00:00+00:00,0.0007485848272742361
270,2023-07-24 10:00:00+00:00,0.0003535011188740858
270,2023-07-24 11:00:00+00:00,0.0004158862029984714
270,2023-07-24 12:00:00+00:00,0.002629048735714824
270,2023-07-24 13:00:00+00:00,0.18008241327830804
270,2023-07-24 14:00:00+00:00,0.11081994663280494
270,2023-07-24 15:00:00+00:00,0.12928993773827244
270,2023-07-24 16:00:00+00:00,0.005039010076786667
270,2023-07-24 17:00:00+00:00,0.0005614577171220909
270,2023-07-24 18:00:00+00:00,0.07387996442186996
270,2023-07-24 19:00:00+00:00,0.011855897201325724
270,2023-07-24 20:00:00+00:00,0.004282469628854552
270,2023-07-24 21:00:00+00:00,0.0008003966396233356
270,2023-07-24 22:00:00+00:00,0.0008152086250793857
270,2023-07-24 23:00:00+00:00,0.008564939257709105
270,2023-07-25 00:00:00+00:00,0.026816899885764536
270,2023-07-25 01:00:00+00:00,0.008316687686309674
270,2023-07-25 02:00:00+00:00,0.007392412410152592
270,2023-07-25 03:00:00+00:00,0.026816899885764536
270,2023-07-25 04:00:00+00:00,0.023194226605913627
270,2023-07-25 05:00:00+00:00,0.007392412410152592
270,2023-07-25 06:00:00+00:00,0.09242273932755997
270,2023-07-25 07:00:00+00:00,0.015395764349830855
270,2023-07-25 08:00:00+00:00,0.004356876923116011
270,2023-07-25 09:00:00+00:00,0.006546291175901773
270,2023-07-25 10:00:00+00:00,0.002670324661255422
270,2023-07-25 11:00:00+00:00,0.032713483711001246
270,2023-07-25 12:00:00+00:00,0.010800368405251278
270,2023-07-25 13:00:00+00:00,0.004182981704123512
270,2023-07-25 14:00:00+00:00,0.009979665523293208
270,2023-07-25 15:00:00+00:00,0.007112304389184601
270,2023-07-25 16:00:00+00:00,0.006002317512610027
270,2023-07-25 17:00:00+00:00,0.016216980683577173
270,2023-07-25 18:00:00+00:00,0.0021825532948135753
270,2023-07-25 19:00:00+00:00,0.013852493329100617
270,2023-07-25 20:00:00+00:00,0.05119589978191412
270,2023-07-25 21:00:00+00:00,0.0008890380476013024
270,2023-07-25 22:00:00+00:00,0.0005461317931296633
270,2023-07-25 23:00:00+00:00,0.00042169377940163205
270,2023-07-26 00:00:00+00:00,0.0004216844325482634
270,2023-07-26 01:00:00+00:00,0.02617503419388658
270,2023-07-26 02:00:00+00:00,0.030103532667464208
270,2023-07-26 03:00:00+00:00,0.03953361536948762
270,2023-07-26 04:00:00+00:00,0.03953361536948762
270,2023-07-26 05:00:00+00:00,0.00584598946011374
270,2023-07-26 06:00:00+00:00,0.06082145424407704
270,2023-07-26 07:00:00+00:00,0.4048417231694151
270,2023-07-26 08:00:00+00:00,0.18164996124403504
270,2023-07-26 09:00:00+00:00,0.14664692403420962
270,2023-07-26 10:00:00+00:00,0.16796149146519634
270,2023-07-26 11:00:00+00:00,0.1543866292523376
270,2023-07-26 12:00:00+00:00,0.13428214998067492
270,2023-07-26 13:00:00+00:00,0.16433331903848886
270,2023-07-26 14:00:00+00:00,0.15860840348300684
270,2023-07-26 15:00:00+00:00,0.10333160955351368
270,2023-07-26 16:00:00+00:00,0.02475137372281806
270,2023-07-26 17:00:00+00:00,0.02195222211894199
270,2023-07-26 18:00:00+00:00,0.10282098087064234
270,2023-07-26 19:00:00+00:00,0.05265378103789701
270,2023-07-26 20:00:00+00:00,0.04932494620165607
270,2023-07-26 21:00:00+00:00,0.03442242025359876
270,2023-07-26 22:00:00+00:00,0.04379446619563852
270,2023-07-26 23:00:00+00:00,0.04177784865310994
270,2023-07-27 00:00:00+00:00,0.03227005885854428
270,2023-07-27 01:00:00+00:00,0.03301172097754227
270,2023-07-27 02:00:00+00:00,0.047042263156827
270,2023-07-27 03:00:00+00:00,0.030103532667464208
270,2023-07-27 04:00:00+00:00,0.023194226605913627
270,2023-07-27 05:00:00+00:00,0.026931553243215868
270,2023-07-27 06:00:00+00:00,0.10276420800028739
270,2023-07-27 07:00:00+00:00,0.2790803047237787
270,2023-07-27 08:00:00+00:00,0.25022391252066956
270,2023-07-27 09:00:00+00:00,0.1480855672080693
270,2023-07-27 10:00:00+00:00,0.22617385929954437
270,2023-07-27 11:00:00+00:00,0.15757487023688577
270,2023-07-27 12:00:00+00:00,0.10660469257995787
270,2023-07-27 13:00:00+00:00,0.23325070548997615
270,2023-07-27 14:00:00+00:00,0.09220242501305442
270,2023-07-27 15:00:00+00:00,0.17228886882136943
270,2023-07-27 16:00:00+00:00,0.2815305821357588
270,2023-07-27 17:00:00+00:00,0.18381369102102726
270,2023-07-27 18:00:00+00:00,0.03627851681265738
270,2023-07-27 19:00:00+00:00,0.018208280822813862
270,2023-07-27 20:00:00+00:00,0.011430933264764518
270,2023-07-27 21:00:00+00:00,0.01176469797104138
270,2023-07-27 22:00:00+00:00,0.05702501204826678
270,2023-07-27 23:00:00+00:00,0.05702501204826678
270,2023-07-28 00:00:00+00:00,0.05235177262812724
270,2023-07-28 01:00:00+00:00,0.05521376418651829
270,2023-07-28 02:00:00+00:00,0.05051716265479965
270,2023-07-28 03:00:00+00:00,0.03650635791360559
270,2023-07-28 04:00:00+00:00,0.03650635791360559
270,2023-07-28 05:00:00+00:00,0.05052854301938002
270,2023-07-28 06:00:00+00:00,0.1624952235743772
270,2023-07-28 07:00:00+00:00,0.1630614932797905
270,2023-07-28 08:00:00+00:00,0.12800156184038045
270,2023-07-28 09:00:00+00:00,0.23280088585363007
270,2023-07-28 10:00:00+00:00,0.14084625017389166
270,2023-07-28 11:00:00+00:00,0.17852414584254803
270,2023-07-28 12:00:00+00:00,0.12709153838596837
270,2023-07-28 13:00:00+00:00,0.17207262220852904
270,2023-07-28 14:00:00+00:00,0.046245216088843535
270,2023-07-28 15:00:00+00:00,0.04570522129808929
270,2023-07-28 16:00:00+00:00,0.22021667634708356
270,2023-07-28 17:00:00+00:00,0.2343862599573041
270,2023-07-28 18:00:00+00:00,0.21669199025178387
270,2023-07-28 19:00:00+00:00,0.08416348609742118
270,2023-07-28 20:00:00+00:00,0.042343553496636745
270,2023-07-28 21:00:00+00:00,0.036131416439250656
270,2023-07-28 22:00:00+00:00,0.023931312799184628
270,2023-07-28 23:00:00+00:00,0.023408595170937678
270,2023-07-29 00:00:00+00:00,0.030011196588268337
270,2023-07-29 01:00:00+00:00,0.030011373559198074
270,2023-07-29 02:00:00+00:00,0.03904604083784221
270,2023-07-29 03:00:00+00:00,0.023575657777607516
270,2023-07-29 04:00:00+00:00,0.023194226605913627
270,2023-07-29 05:00:00+00:00,0.03650635791360559
270,2023-07-29 06:00:00+00:00,0.16511875233369627
270,2023-07-29 07:00:00+00:00,0.12110694450521549
270,2023-07-29 08:00:00+00:00,0.04128011731371
270,2023-07-29 09:00:00+00:00,0.11605526868643083
270,2023-07-29 10:00:00+00:00,0.1106344816600002
270,2023-07-29 11:00:00+00:00,0.15817625014640674
270,2023-07-29 12:00:00+00:00,0.17192841535791392
270,2023-07-29 13:00:00+00:00,0.14365652754593639
270,2023-07-29 14:00:00+00:00,0.24527682451826444
270,2023-07-29 15:00:00+00:00,0.18374138339516116
270,2023-07-29 16:00:00+00:00,0.1597269955562237
270,2023-07-29 17:00:00+00:00,0.040771573698880695
270,2023-07-29 18:00:00+00:00,0.15219034532758574
270,2023-07-29 19:00:00+00:00,0.06490506028698534
270,2023-07-29 20:00:00+00:00,0.10082624884345086
270,2023-07-29 21:00:00+00:00,0.08286364385176459
270,2023-07-29 22:00:00+00:00,0.06490103886007832
270,2023-07-29 23:00:00+00:00,0.036139043881613715
270,2023-07-30 00:00:00+00:00,0.04731228671090459
270,2023-07-30 01:00:00+00:00,0.05051716265479965
270,2023-07-30 02:00:00+00:00,0.0515445442398631
270,2023-07-30 03:00:00+00:00,0.05051716265479965
270,2023-07-30 04:00:00+00:00,0.05051716265479965
270,2023-07-30 05:00:00+00:00,0.05051716265479965
270,2023-07-30 06:00:00+00:00,0.14763171077984655
270,2023-07-30 07:00:00+00:00,0.14763171077984655
270,2023-07-30 08:00:00+00:00,0.14763171077984655
270,2023-07-30 09:00:00+00:00,0.03406530590487255
270,2023-07-30 10:00:00+00:00,0.04987956490548357
270,2023-07-30 11:00:00+00:00,0.10738438920485864
270,2023-07-30 12:00:00+00:00,0.10269646307883495
270,2023-07-30 13:00:00+00:00,0.12742518629646074
270,2023-07-30 14:00:00+00:00,0.10267708326403181
270,2023-07-30 15:00:00+00:00,0.13971230050834618
270,2023-07-30 16:00:00+00:00,0.12535171504835274
270,2023-07-30 17:00:00+00:00,0.0977885922752333
270,2023-07-30 18:00:00+00:00,0.08348209382462707
270,2023-07-30 19:00:00+00:00,0.04247067753602112
270,2023-07-30 20:00:00+00:00,0.036982640487950066
270,2023-07-30 21:00:00+00:00,0.03384492297349648
270,2023-07-30 22:00:00+00:00,0.04286801774905373
270,2023-07-30 23:00:00+00:00,0.05398230278450153
270,2023-07-31 00:00:00+00:00,0.030103532667464208
270,2023-07-31 01:00:00+00:00,0.030103532667464208
270,2023-07-31 02:00:00+00:00,0.023194226605913627
270,2023-07-31 03:00:00+00:00,0.03650635791360559
270,2023-07-31 04:00:00+00:00,0.050513606290868276
270,2023-07-31 05:00:00+00:00,0.050524808837252085
270,2023-07-31 06:00:00+00:00,0.15459658413931057
270,2023-07-31 07:00:00+00:00,0.1897815557365424
270,2023-07-31 08:00:00+00:00,0.23150703368168618
270,2023-07-31 09:00:00+00:00,0.20357937188079356
270,2023-07-31 10:00:00+00:00,0.13915362462975525
270,2023-07-31 11:00:00+00:00,0.19323025839868704
270,2023-07-31 12:00:00+00:00,0.1481809867880905
270,2023-07-31 13:00:00+00:00,0.16715667368292944
270,2023-07-31 14:00:00+00:00,0.09419606667710946
270,2023-07-31 15:00:00+00:00,0.13298933511937452
270,2023-07-31 16:00:00+00:00,0.18010322983783625
270,2023-07-31 17:00:00+00:00,0.16919958865618834
270,2023-07-31 18:00:00+00:00,0.19029800746726536
270,2023-07-31 19:00:00+00:00,0.08128724584496776
270,2023-07-31 20:00:00+00:00,0.06040269486670387
270,2023-07-31 21:00:00+00:00,0.012158454695428577
270,2023-07-31 22:00:00+00:00,0.011565862006734725
270,2023-07-31 23:00:00+00:00,0.06992592473128277
270,2023-08-01 00:00:00+00:00,0.07789865995506617
270,2023-08-01 01:00:00+00:00,0.009629213964705216
270,2023-08-01 02:00:00+00:00,0.007851435898623665
270,2023-08-01 03:00:00+00:00,0.007851435898623665
270,2023-08-01 04:00:00+00:00,0.007851435898623665
270,2023-08-01 05:00:00+00:00,0.00725807715244749
270,2023-08-01 06:00:00+00:00,0.03582581257200989
270,2023-08-01 07:00:00+00:00,0.034358647089296084
270,2023-08-01 08:00:00+00:00,0.05199072148123752
270,2023-08-01 09:00:00+00:00,0.0516957051116027
270,2023-08-01 10:00:00+00:00,0.03857592211252546
270,2023-08-01 11:00:00+00:00,0.22753190665107892
270,2023-08-01 12:00:00+00:00,0.0997375569688086
270,2023-08-01 13:00:00+00:00,0.2562185358077705
270,2023-08-01 14:00:00+00:00,0.13407213337009824
270,2023-08-01 15:00:00+00:00,0.17462947819955646
270,2023-08-01 16:00:00+00:00,0.22284511395958373
270,2023-08-01 17:00:00+00:00,0.1250524586606727
270,2023-08-01 18:00:00+00:00,0.13991470034184372
270,2023-08-01 19:00:00+00:00,0.054378537125941526
270,2023-08-01 20:00:00+00:00,0.03701181117152214
270,2023-08-01 21:00:00+00:00,0.006933252573166001
270,2023-08-01 22:00:00+00:00,0.016469859941386708
270,2023-08-01 23:00:00+00:00,0.02006753814123598
270,2023-08-02 00:00:00+00:00,0.03901766762067801
270,2023-08-02 01:00:00+00:00,0.02814618064904106
270,2023-08-02 02:00:00+00:00,0.013903317995243691
270,2023-08-02 03:00:00+00:00,0.02223214725651791
270,2023-08-02 04:00:00+00:00,0.03650635791360559
270,2023-08-02 05:00:00+00:00,0.050513606290868276
270,2023-08-02 06:00:00+00:00,0.21154773579567265
270,2023-08-02 07:00:00+00:00,0.14364166299275363
270,2023-08-02 08:00:00+00:00,0.1352150835886071
270,2023-08-02 09:00:00+00:00,0.07581588573537189
270,2023-08-02 10:00:00+00:00,0.1392708019890588
270,2023-08-02 11:00:00+00:00,0.18916716002450107
270,2023-08-02 12:00:00+00:00,0.05985299244197714
270,2023-08-02 13:00:00+00:00,0.21339789954037675
270,2023-08-02 14:00:00+00:00,0.000561442784575441
270,2023-08-02 15:00:00+00:00,0.3144890986603296
270,2023-08-02 16:00:00+00:00,0.0035136154093565737
270,2023-08-02 17:00:00+00:00,0.10594445602302575
270,2023-08-02 18:00:00+00:00,0.09810025593273537
270,2023-08-02 19:00:00+00:00,0.07603758978847637
270,2023-08-02 20:00:00+00:00,0.061659431727436126
270,2023-08-02 21:00:00+00:00,0.06695839974447067
270,2023-08-02 22:00:00+00:00,0.000562234713043728
270,2023-08-02 23:00:00+00:00,0.013609125304870375
270,2023-08-03 00:00:00+00:00,0.013609125304870375
270,2023-08-03 01:00:00+00:00,0.01209667485297697
270,2023-08-03 02:00:00+00:00,0.005234129546377786
270,2023-08-03 03:00:00+00:00,0.0005153784633358718
270,2023-08-03 04:00:00+00:00,0.05051716265479965
270,2023-08-03 05:00:00+00:00,0.002689898210328887
270,2023-08-03 06:00:00+00:00,0.008564939257709105
270,2023-08-03 07:00:00+00:00,0.020541040878875132
270,2023-08-03 08:00:00+00:00,0.05846726178938869
270,2023-08-03 09:00:00+00:00,0.035687246907121266
270,2023-08-03 10:00:00+00:00,0.013938563453522412
270,2023-08-03 11:00:00+00:00,0.0032327411636441797
270,2023-08-03 12:00:00+00:00,0.004183500630894533
270,2023-08-03 13:00:00+00:00,0.006519612342173919
270,2023-08-03 14:00:00+00:00,0.0015460852293724188
270,2023-08-03 15:00:00+00:00,0.0032325928904786937
270,2023-08-03 16:00:00+00:00,0.008001342432960223
270,2023-08-03 17:00:00+00:00,0.005037882288058107
270,2023-08-03 18:00:00+00:00,0.003794771089103863
270,2023-08-03 19:00:00+00:00,0.0008434078917557699
270,2023-08-03 20:00:00+00:00,0.005868868822535753
270,2023-08-03 21:00:00+00:00,0.002963460153310586
270,2023-08-03 22:00:00+00:00,0.0016865630912244094
270,2023-08-03 23:00:00+00:00,0.0016514278403975612
270,2023-08-04 00:00:00+00:00,0.004777253447174805
270,2023-08-04 01:00:00+00:00,0.001528009812646258
270,2023-08-04 02:00:00+00:00,0.0006670565291086958
270,2023-08-04 03:00:00+00:00,0.0006670565291086958
270,2023-08-04 04:00:00+00:00,0.0005153784633358718
270,2023-08-04 05:00:00+00:00,0.001528009812646258
270,2023-08-04 06:00:00+00:00,0.0014055293111590557
270,2023-08-04 07:00:00+00:00,0.03055260802611598
270,2023-08-04 08:00:00+00:00,0.002951481129419672
270,2023-08-04 09:00:00+00:00,0.008890380455347605
270,2023-08-04 10:00:00+00:00,0.01687299786479029
270,2023-08-04 11:00:00+00:00,0.03425975703083642
270,2023-08-04 12:00:00+00:00,0.008001342419971021
270,2023-08-04 13:00:00+00:00,0.004216365374213023
270,2023-08-04 14:00:00+00:00,0.03154516992112967
270,2023-08-04 15:00:00+00:00,0.016299030845101564
270,2023-08-04 16:00:00+00:00,0.0070918969634472225
270,2023-08-04 17:00:00+00:00,0.005455114114535712
270,2023-08-04 18:00:00+00:00,0.004727769673334216
270,2023-08-04 19:00:00+00:00,0.0029142362590856416
270,2023-08-04 20:00:00+00:00,0.00042169373950572863
270,2023-08-04 21:00:00+00:00,0.0005458777474325045
270,2023-08-04 22:00:00+00:00,0.0005459609683054199
270,2023-08-04 23:00:00+00:00,0.00830660221891855
270,2023-08-05 00:00:00+00:00,0.03649250779732208
270,2023-08-05 01:00:00+00:00,0.024615819016265705
270,2023-08-05 02:00:00+00:00,0.030103532667464208
270,2023-08-05 03:00:00+00:00,0.02223214725651791
270,2023-08-05 04:00:00+00:00,0.004097493101535481
270,2023-08-05 05:00:00+00:00,0.0058789223928075365
270,2023-08-05 06:00:00+00:00,0.048032366026269195
270,2023-08-05 07:00:00+00:00,0.02024693912165743
270,2023-08-05 08:00:00+00:00,0.012342212396943218
270,2023-08-05 09:00:00+00:00,0.022506303715993492
270,2023-08-05 10:00:00+00:00,0.20943853834236484
270,2023-08-05 11:00:00+00:00,0.17661450296407777
270,2023-08-05 12:00:00+00:00,0.2614081613712681
270,2023-08-05 13:00:00+00:00,0.00997848182180241
270,2023-08-05 14:00:00+00:00,0.0899318622059456
270,2023-08-05 15:00:00+00:00,0.03427391208343475
270,2023-08-05 16:00:00+00:00,0.04032224950992323
270,2023-08-05 17:00:00+00:00,0.0385591883637994
270,2023-08-05 18:00:00+00:00,0.05443503683839636
270,2023-08-05 19:00:00+00:00,0.008564939257709105
270,2023-08-05 20:00:00+00:00,0.004282469628854552
270,2023-08-05 21:00:00+00:00,0.004282469628854552
270,2023-08-05 22:00:00+00:00,0.006048337426488485
270,2023-08-05 23:00:00+00:00,0.004282469628854552
270,2023-08-06 00:00:00+00:00,0.0004216844303209176
270,2023-08-06 01:00:00+00:00,0.0017121722151151552
270,2023-08-06 02:00:00+00:00,0.0007339978727962202
270,2023-08-06 03:00:00+00:00,0.0006670565291086958
270,2023-08-06 04:00:00+00:00,0.0005153784633358718
270,2023-08-06 05:00:00+00:00,0.0006670565291086958
270,2023-08-06 06:00:00+00:00,0.11486539310505578
270,2023-08-06 07:00:00+00:00,0.11486539310505578
270,2023-08-06 08:00:00+00:00,0.0074893402443649455
270,2023-08-06 09:00:00+00:00,0.001827122751306676
270,2023-08-06 10:00:00+00:00,0.0030920813419749687
270,2023-08-06 11:00:00+00:00,0.004182812085791726
270,2023-08-06 12:00:00+00:00,0.003232666920451583
270,2023-08-06 13:00:00+00:00,0.0021081604484585403
270,2023-08-06 14:00:00+00:00,0.009536911836620598
270,2023-08-06 15:00:00+00:00,0.005037882263604323
270,2023-08-06 16:00:00+00:00,0.00563057429380611
270,2023-08-06 17:00:00+00:00,0.003852498198614757
270,2023-08-06 18:00:00+00:00,0.0020744221171774065
270,2023-08-06 19:00:00+00:00,0.00385249820090685
270,2023-08-06 20:00:00+00:00,0.0044016516169018164
270,2023-08-06 21:00:00+00:00,0.0005461766593794687
270,2023-08-06 22:00:00+00:00,0.0004216936469065786
270,2023-08-06 23:00:00+00:00,0.001252734852564083
270,2023-08-07 00:00:00+00:00,0.007851435898623665
270,2023-08-07 01:00:00+00:00,0.03650635791360559
270,2023-08-07 02:00:00+00:00,0.007851435898623665
270,2023-08-07 03:00:00+00:00,0.0005153784633358718
270,2023-08-07 04:00:00+00:00,0.0005153784633358718
270,2023-08-07 05:00:00+00:00,0.0005458699966007116
270,2023-08-07 06:00:00+00:00,0.0062358915216934145
270,2023-08-07 07:00:00+00:00,0.006546085503382091
270,2023-08-07 08:00:00+00:00,0.06052853632369307
270,2023-08-07 09:00:00+00:00,0.2527515248551125
270,2023-08-07 10:00:00+00:00,0.29606052120352694
270,2023-08-07 11:00:00+00:00,0.2276384730821285
270,2023-08-07 12:00:00+00:00,0.39273570984292344
270,2023-08-07 13:00:00+00:00,0.13628394864213547
270,2023-08-07 14:00:00+00:00,0.1615211345777143
270,2023-08-07 15:00:00+00:00,0.22119574624945249
270,2023-08-07 16:00:00+00:00,0.16338679970007886
270,2023-08-07 17:00:00+00:00,0.10957754594176519
270,2023-08-07 18:00:00+00:00,0.09985154227373137
270,2023-08-07 19:00:00+00:00,0.07126817166661706
270,2023-08-07 20:00:00+00:00,0.05114432253402681
270,2023-08-07 21:00:00+00:00,0.007445007813973023
270,2023-08-07 22:00:00+00:00,0.007417713185877774
270,2023-08-07 23:00:00+00:00,0.010696872110769069
270,2023-08-08 00:00:00+00:00,0.007851435898623665
270,2023-08-08 01:00:00+00:00,0.007851435898623665
270,2023-08-08 02:00:00+00:00,0.001528009812646258
270,2023-08-08 03:00:00+00:00,0.007851435898623665
270,2023-08-08 04:00:00+00:00,0.02185921750498501
270,2023-08-08 05:00:00+00:00,0.051769694525554646
270,2023-08-08 06:00:00+00:00,0.038443396009931276
270,2023-08-08 07:00:00+00:00,0.03489468778746637
270,2023-08-08 08:00:00+00:00,0.590007194502395
270,2023-08-08 09:00:00+00:00,0.24970625918933675
270,2023-08-08 10:00:00+00:00,0.18665606109640265
270,2023-08-08 11:00:00+00:00,0.2226878023268958
270,2023-08-08 12:00:00+00:00,0.08768498505474172
270,2023-08-08 13:00:00+00:00,0.12294950043800675
270,2023-08-08 14:00:00+00:00,0.1719359822355305
270,2023-08-08 15:00:00+00:00,0.1937021122739686
270,2023-08-08 16:00:00+00:00,0.16451188400938188
270,2023-08-08 17:00:00+00:00,0.10707983672633961
270,2023-08-08 18:00:00+00:00,0.12407644306542182
270,2023-08-08 19:00:00+00:00,0.00581541213076879
270,2023-08-08 20:00:00+00:00,1.8402606370951193e-05
270,2023-08-08 21:00:00+00:00,0.029120604848216474
270,2023-08-08 22:00:00+00:00,0.002074422108175128
270,2023-08-08 23:00:00+00:00,0.0024967846007501026
270,2023-08-09 00:00:00+00:00,0.007851435898623665
270,2023-08-09 01:00:00+00:00,0.001528009812646258
270,2023-08-09 02:00:00+00:00,0.00042168443065442393
270,2023-08-09 03:00:00+00:00,0.0008433075777209395
270,2023-08-09 04:00:00+00:00,0.047572756955960305
270,2023-08-09 05:00:00+00:00,0.02223214725651791
270,2023-08-09 06:00:00+00:00,0.08050364569804162
270,2023-08-09 07:00:00+00:00,0.08573560773638964
270,2023-08-09 08:00:00+00:00,0.4176940330217033
270,2023-08-09 09:00:00+00:00,0.2396356143556538
270,2023-08-09 10:00:00+00:00,0.31163181481097996
270,2023-08-09 11:00:00+00:00,0.03852248422936737
270,2023-08-09 12:00:00+00:00,0.04560331136780361
270,2023-08-09 13:00:00+00:00,0.025906723892039938
270,2023-08-09 14:00:00+00:00,0.015774629733507364
270,2023-08-09 15:00:00+00:00,0.05681907902620463
270,2023-08-09 16:00:00+00:00,0.05382672791172338
270,2023-08-09 17:00:00+00:00,0.03949154344347179
270,2023-08-09 18:00:00+00:00,0.06993486428391786
270,2023-08-09 19:00:00+00:00,0.14586970784089873
270,2023-08-09 20:00:00+00:00,0.02497686358579137
270,2023-08-09 21:00:00+00:00,0.0012649399449714605
270,2023-08-09 22:00:00+00:00,0.001500361379770755
270,2023-08-09 23:00:00+00:00,0.013459353253791159
270,2023-08-10 00:00:00+00:00,0.000803320447023987
270,2023-08-10 01:00:00+00:00,0.03826587847611084
270,2023-08-10 02:00:00+00:00,0.027420635593421602
270,2023-08-10 03:00:00+00:00,0.027420635593421602
270,2023-08-10 04:00:00+00:00,0.02814618064904106
270,2023-08-10 05:00:00+00:00,0.02683038307326439
270,2023-08-10 06:00:00+00:00,0.08555110536057699
270,2023-08-10 07:00:00+00:00,0.22434291613387672
270,2023-08-10 08:00:00+00:00,0.23557403522978024
270,2023-08-10 09:00:00+00:00,0.12468114271754038
270,2023-08-10 10:00:00+00:00,0.0686609287703575
270,2023-08-10 11:00:00+00:00,0.03957881033027286
270,2023-08-10 12:00:00+00:00,0.021790057571118095
270,2023-08-10 13:00:00+00:00,0.034710624900796155
270,2023-08-10 14:00:00+00:00,0.06426124379524166
270,2023-08-10 15:00:00+00:00,0.03925956757381673
270,2023-08-10 16:00:00+00:00,0.13744181494556126
270,2023-08-10 17:00:00+00:00,0.17059873831629296
270,2023-08-10 18:00:00+00:00,0.06840380544282319
270,2023-08-10 19:00:00+00:00,0.1426829901425854
270,2023-08-10 20:00:00+00:00,0.015306812360248613
270,2023-08-10 21:00:00+00:00,0.014988631660834896
270,2023-08-10 22:00:00+00:00,0.03648112374758304
270,2023-08-10 23:00:00+00:00,0.0361565618244951
270,2023-08-11 00:00:00+00:00,0.013048294433194364
270,2023-08-11 01:00:00+00:00,0.022663518544452897
270,2023-08-11 02:00:00+00:00,0.04460793464492846
270,2023-08-11 03:00:00+00:00,0.023194226605913627
270,2023-08-11 04:00:00+00:00,0.03650635791360559
270,2023-08-11 05:00:00+00:00,0.06776910638306337
270,2023-08-11 06:00:00+00:00,0.1313121464691127
270,2023-08-11 07:00:00+00:00,0.18122775322528809
270,2023-08-11 08:00:00+00:00,0.18304956272605927
270,2023-08-11 09:00:00+00:00,0.2575011776415965
270,2023-08-11 10:00:00+00:00,0.16397396475623785
270,2023-08-11 11:00:00+00:00,0.2313170950615529
270,2023-08-11 12:00:00+00:00,0.011643563001561202
270,2023-08-11 13:00:00+00:00,0.0484948621503642
270,2023-08-11 14:00:00+00:00,0.24733571254733971
270,2023-08-11 15:00:00+00:00,0.24320191871160393
270,2023-08-11 16:00:00+00:00,0.05371555204762133
270,2023-08-11 17:00:00+00:00,0.10311916219565061
270,2023-08-11 18:00:00+00:00,0.0984317905031093
270,2023-08-11 19:00:00+00:00,0.09352552555245369
270,2023-08-11 20:00:00+00:00,0.016207368077834326
270,2023-08-11 21:00:00+00:00,0.019288150399556666
270,2023-08-11 22:00:00+00:00,0.043225516168885876
270,2023-08-11 23:00:00+00:00,0.01044349012872688
270,2023-08-12 00:00:00+00:00,0.0436292414353091
270,2023-08-12 01:00:00+00:00,0.04909007618973773
270,2023-08-12 02:00:00+00:00,0.03953361536948762
270,2023-08-12 03:00:00+00:00,0.04244742248976731
270,2023-08-12 04:00:00+00:00,0.008152187777259436
270,2023-08-12 05:00:00+00:00,0.07579814295308311
270,2023-08-12 06:00:00+00:00,0.12844384007470133
270,2023-08-12 07:00:00+00:00,0.09539191045675324
270,2023-08-12 08:00:00+00:00,0.13289949311782995
270,2023-08-12 09:00:00+00:00,0.09817797475536515
270,2023-08-12 10:00:00+00:00,0.06019354849866727
270,2023-08-12 11:00:00+00:00,0.04870096894132622
270,2023-08-12 12:00:00+00:00,0.06625616334120765
270,2023-08-12 13:00:00+00:00,0.09075261345495392
270,2023-08-12 14:00:00+00:00,0.12946173714694456
270,2023-08-12 15:00:00+00:00,0.13362990065399405
270,2023-08-12 16:00:00+00:00,0.20940623807249836
270,2023-08-12 17:00:00+00:00,0.17750504293547822
270,2023-08-12 18:00:00+00:00,0.11917995717371614
270,2023-08-12 19:00:00+00:00,0.08035603837294018
270,2023-08-12 20:00:00+00:00,0.09668857947878133
270,2023-08-12 21:00:00+00:00,0.04358864853932425
270,2023-08-12 22:00:00+00:00,0.05624869540648222
270,2023-08-12 23:00:00+00:00,0.031949780111129415
270,2023-08-13 00:00:00+00:00,0.022860474330681474
270,2023-08-13 01:00:00+00:00,0.028811004529651737
270,2023-08-13 02:00:00+00:00,0.030749796736370447
270,2023-08-13 03:00:00+00:00,0.03268858894308915
270,2023-08-13 04:00:00+00:00,0.03953361536948762
270,2023-08-13 05:00:00+00:00,0.046359658812523415
270,2023-08-13 06:00:00+00:00,0.16110110659740573
270,2023-08-13 07:00:00+00:00,0.13644936987294595
270,2023-08-13 08:00:00+00:00,0.06331407463390933
270,2023-08-13 09:00:00+00:00,0.06327657418569124
270,2023-08-13 10:00:00+00:00,0.09303271013831405
270,2023-08-13 11:00:00+00:00,0.09501643975481934
270,2023-08-13 12:00:00+00:00,0.10353659968825342
270,2023-08-13 13:00:00+00:00,0.05807749775390025
270,2023-08-13 14:00:00+00:00,0.05546499304482212
270,2023-08-13 15:00:00+00:00,0.13180370171490047
270,2023-08-13 16:00:00+00:00,0.2560757998260966
270,2023-08-13 17:00:00+00:00,0.18228203499908996
270,2023-08-13 18:00:00+00:00,0.17147212326315608
270,2023-08-13 19:00:00+00:00,0.06398434459925051
270,2023-08-13 20:00:00+00:00,0.06378160142844895
270,2023-08-13 21:00:00+00:00,0.026514849981589154
270,2023-08-13 22:00:00+00:00,0.046328685889968045
270,2023-08-13 23:00:00+00:00,0.009701854415857414
270,2023-08-14 00:00:00+00:00,0.004097493101535481
270,2023-08-14 01:00:00+00:00,0.008152187777259436
270,2023-08-14 02:00:00+00:00,0.02223214725651791
270,2023-08-14 03:00:00+00:00,0.008152187777259436
270,2023-08-14 04:00:00+00:00,0.008152187777259436
270,2023-08-14 05:00:00+00:00,0.004097493101535481
270,2023-08-14 06:00:00+00:00,0.018474384040530728
270,2023-08-14 07:00:00+00:00,0.04332754252163579
270,2023-08-14 08:00:00+00:00,0.07148421580445749
270,2023-08-14 09:00:00+00:00,0.04796964174972085
270,2023-08-14 10:00:00+00:00,0.016467932016130966
270,2023-08-14 11:00:00+00:00,0.08232526189814203
270,2023-08-14 12:00:00+00:00,0.2773988949880902
270,2023-08-14 13:00:00+00:00,0.1253708708970341
270,2023-08-14 14:00:00+00:00,0.14803077038699466
270,2023-08-14 15:00:00+00:00,0.14315266272099647
270,2023-08-14 16:00:00+00:00,0.21030146313057294
270,2023-08-14 17:00:00+00:00,0.1710005888121439
270,2023-08-14 18:00:00+00:00,0.18098852272803376
270,2023-08-14 19:00:00+00:00,0.08713277746868806
270,2023-08-14 20:00:00+00:00,0.060852829788675705
270,2023-08-14 21:00:00+00:00,0.07991181007982502
270,2023-08-14 22:00:00+00:00,0.010696872110769069
270,2023-08-14 23:00:00+00:00,0.061648229181052325
270,2023-08-15 00:00:00+00:00,0.05051716265479965
270,2023-08-15 01:00:00+00:00,0.007851435898623665
270,2023-08-15 02:00:00+00:00,0.03650635791360559
270,2023-08-15 03:00:00+00:00,0.023194226605913627
270,2023-08-15 04:00:00+00:00,0.026931553243215868
270,2023-08-15 05:00:00+00:00,0.020780469951328023
270,2023-08-15 06:00:00+00:00,0.1127048272603192
270,2023-08-15 07:00:00+00:00,0.16606728077143004
270,2023-08-15 08:00:00+00:00,0.1663475050270686
270,2023-08-15 09:00:00+00:00,0.23367211462960039
270,2023-08-15 10:00:00+00:00,0.19787746024019406
270,2023-08-15 11:00:00+00:00,0.15231908247238787
270,2023-08-15 12:00:00+00:00,0.13887752784108018
270,2023-08-15 13:00:00+00:00,0.13027860093573318
270,2023-08-15 14:00:00+00:00,0.03253757384779409
270,2023-08-15 15:00:00+00:00,0.1022830722632167
270,2023-08-15 16:00:00+00:00,0.04601875875564923
270,2023-08-15 17:00:00+00:00,0.18771440765246486
270,2023-08-15 18:00:00+00:00,0.16835719934895566
270,2023-08-15 19:00:00+00:00,0.08495393792423443
270,2023-08-15 20:00:00+00:00,0.07357758974636407
270,2023-08-15 21:00:00+00:00,0.0012532815255903633
270,2023-08-15 22:00:00+00:00,0.00830660221891855
270,2023-08-15 23:00:00+00:00,0.0011368195666317624
270,2023-08-16 00:00:00+00:00,0.0192795941818997
270,2023-08-16 01:00:00+00:00,0.008316687686309674
270,2023-08-16 02:00:00+00:00,0.010867905767881913
270,2023-08-16 03:00:00+00:00,0.008316687686309674
270,2023-08-16 04:00:00+00:00,0.010867905767881913
270,2023-08-16 05:00:00+00:00,0.026816899885764536
270,2023-08-16 06:00:00+00:00,0.1015849510800712
270,2023-08-16 07:00:00+00:00,0.5271027732942553
270,2023-08-16 08:00:00+00:00,0.0002765873954225539
270,2023-08-16 09:00:00+00:00,5.3441155888977696e-05
270,2023-08-16 10:00:00+00:00,0.0004574716648660673
270,2023-08-16 11:00:00+00:00,0.0
270,2023-08-16 12:00:00+00:00,0.0
270,2023-08-16 13:00:00+00:00,0.0
270,2023-08-16 14:00:00+00:00,0.0004158833314970198
270,2023-08-16 15:00:00+00:00,0.00037429901864044447
270,2023-08-16 16:00:00+00:00,0.006353534444644005
270,2023-08-16 17:00:00+00:00,0.0013145243678574397
270,2023-08-16 18:00:00+00:00,0.007448971417858401
270,2023-08-16 19:00:00+00:00,0.023087488881834366
270,2023-08-16 20:00:00+00:00,0.021548322956378742
270,2023-08-16 21:00:00+00:00,0.020009157030923114
270,2023-08-16 22:00:00+00:00,8.317792988332291e-05
270,2023-08-16 23:00:00+00:00,0.00010137257436399077
270,2023-08-17 00:00:00+00:00,0.00011956680312395486
270,2023-08-17 01:00:00+00:00,6.807281962023009e-06
270,2023-08-17 02:00:00+00:00,0.0664386697185143
270,2023-08-17 03:00:00+00:00,0.06700482772597516
270,2023-08-17 04:00:00+00:00,0.06700482772597516
270,2023-08-17 05:00:00+00:00,0.0664386697185143
270,2023-08-17 06:00:00+00:00,0.2655665657755288
270,2023-08-17 07:00:00+00:00,0.3680519878110075
270,2023-08-17 08:00:00+00:00,0.5082415355183689
270,2023-08-17 09:00:00+00:00,0.40296823073847154
270,2023-08-17 10:00:00+00:00,0.30224397873117065
270,2023-08-17 11:00:00+00:00,0.20140109727449287
270,2023-08-17 12:00:00+00:00,0.18055639023048323
270,2023-08-17 13:00:00+00:00,0.17513523490335414
270,2023-08-17 14:00:00+00:00,0.17211087491878305
270,2023-08-17 15:00:00+00:00,0.1627474986076473
270,2023-08-17 16:00:00+00:00,0.1776736173369553
270,2023-08-17 17:00:00+00:00,0.19602370133956173
270,2023-08-17 18:00:00+00:00,0.16895817435511326
270,2023-08-17 19:00:00+00:00,0.08445135987793313
270,2023-08-17 20:00:00+00:00,0.06386156068472486
270,2023-08-17 21:00:00+00:00,0.07135367306061934
270,2023-08-17 22:00:00+00:00,0.09775378997137554
270,2023-08-17 23:00:00+00:00,0.08676310042088933
270,2023-08-18 00:00:00+00:00,0.03826587847611084
270,2023-08-18 01:00:00+00:00,0.03826587847611084
270,2023-08-18 02:00:00+00:00,0.06700482772597516
270,2023-08-18 03:00:00+00:00,0.0664386697185143
270,2023-08-18 04:00:00+00:00,0.06700482772597516
270,2023-08-18 05:00:00+00:00,0.07855490669105905
270,2023-08-18 06:00:00+00:00,0.24060599678142292
270,2023-08-18 07:00:00+00:00,0.4496645590784431
270,2023-08-18 08:00:00+00:00,0.21979307916067894
270,2023-08-18 09:00:00+00:00,0.1595475223425577
270,2023-08-18 10:00:00+00:00,0.08612758055243326
270,2023-08-18 11:00:00+00:00,0.12441795592650952
270,2023-08-18 12:00:00+00:00,0.09173344616487561
270,2023-08-18 13:00:00+00:00,0.0708668997759643
270,2023-08-18 14:00:00+00:00,0.10103080360640922
270,2023-08-18 15:00:00+00:00,0.08793815486167646
270,2023-08-18 16:00:00+00:00,0.1400766393812506
270,2023-08-18 17:00:00+00:00,0.10180579950372025
270,2023-08-18 18:00:00+00:00,0.0984723926671477
270,2023-08-18 19:00:00+00:00,0.05701541889502719
270,2023-08-18 20:00:00+00:00,0.042027926328890304
270,2023-08-18 21:00:00+00:00,0.04442406472738604
270,2023-08-18 22:00:00+00:00,0.019578816530753676
270,2023-08-18 23:00:00+00:00,0.0075658678648205455
270,2023-08-19 00:00:00+00:00,0.008152187777259436
270,2023-08-19 01:00:00+00:00,0.04244742248976731
270,2023-08-19 02:00:00+00:00,0.04244742248976731
270,2023-08-19 03:00:00+00:00,0.04244742248976731
270,2023-08-19 04:00:00+00:00,0.030103532667464208
270,2023-08-19 05:00:00+00:00,0.030103532667464208
270,2023-08-19 06:00:00+00:00,0.08730673800240633
270,2023-08-19 07:00:00+00:00,0.08329532007450582
270,2023-08-19 08:00:00+00:00,0.0741477930927115
270,2023-08-19 09:00:00+00:00,0.06795389808655536
270,2023-08-19 10:00:00+00:00,0.11698858326222492
270,2023-08-19 11:00:00+00:00,0.17644926714822876
270,2023-08-19 12:00:00+00:00,0.16275154694536165
270,2023-08-19 13:00:00+00:00,0.35949778970783985
270,2023-08-19 14:00:00+00:00,0.19021288078666324
270,2023-08-19 15:00:00+00:00,0.09451638384523997
270,2023-08-19 16:00:00+00:00,0.21827316835025254
270,2023-08-19 17:00:00+00:00,0.2958902299282351
270,2023-08-19 18:00:00+00:00,0.22958073177759766
270,2023-08-19 19:00:00+00:00,0.202503025512001
270,2023-08-19 20:00:00+00:00,0.06117864333726936
270,2023-08-19 21:00:00+00:00,0.039390104450573726
270,2023-08-19 22:00:00+00:00,0.025664374304426817
270,2023-08-19 23:00:00+00:00,0.0500248305071001
270,2023-08-20 00:00:00+00:00,0.040216219713791204
270,2023-08-20 01:00:00+00:00,0.04307228653356753
270,2023-08-20 02:00:00+00:00,0.03953361536948762
270,2023-08-20 03:00:00+00:00,0.004097493101535481
270,2023-08-20 04:00:00+00:00,0.013903317995243691
270,2023-08-20 05:00:00+00:00,0.004097493101535481
270,2023-08-20 06:00:00+00:00,0.0995985180803009
270,2023-08-20 07:00:00+00:00,0.016909460135662323
270,2023-08-20 08:00:00+00:00,0.10128513932811536
270,2023-08-20 09:00:00+00:00,0.026351632522658524
270,2023-08-20 10:00:00+00:00,0.06258947392686706
270,2023-08-20 11:00:00+00:00,0.06240636962660865
270,2023-08-20 12:00:00+00:00,0.03903484011182331
270,2023-08-20 13:00:00+00:00,0.0358056185941716
270,2023-08-20 14:00:00+00:00,0.17396455928736884
270,2023-08-20 15:00:00+00:00,0.06345648463299057
270,2023-08-20 16:00:00+00:00,0.021666270755637176
270,2023-08-20 17:00:00+00:00,0.05725428764349457
270,2023-08-20 18:00:00+00:00,0.07265047557854164
270,2023-08-20 19:00:00+00:00,0.06085438816829575
270,2023-08-20 20:00:00+00:00,0.030877232066009293
270,2023-08-20 21:00:00+00:00,0.02804699996601033
270,2023-08-20 22:00:00+00:00,0.02115856825337987
270,2023-08-20 23:00:00+00:00,0.028696661930061946
270,2023-08-21 00:00:00+00:00,0.03437215290311884
270,2023-08-21 01:00:00+00:00,0.023194226605913627
270,2023-08-21 02:00:00+00:00,0.03953361536948762
270,2023-08-21 03:00:00+00:00,0.02223214725651791
270,2023-08-21 04:00:00+00:00,0.008152187777259436
270,2023-08-21 05:00:00+00:00,0.02223214725651791
270,2023-08-21 06:00:00+00:00,0.02171800654668827
270,2023-08-21 07:00:00+00:00,0.19130226541171635
270,2023-08-21 08:00:00+00:00,0.19601665898242976
270,2023-08-21 09:00:00+00:00,0.17684328859485665
270,2023-08-21 10:00:00+00:00,0.09497629866400377
270,2023-08-21 11:00:00+00:00,0.06524939888676588
270,2023-08-21 12:00:00+00:00,0.06985989757334424
270,2023-08-21 13:00:00+00:00,0.08535707387901023
270,2023-08-21 14:00:00+00:00,0.1618787600114149
270,2023-08-21 15:00:00+00:00,0.1466218111662893
270,2023-08-21 16:00:00+00:00,0.09333714752033276
270,2023-08-21 17:00:00+00:00,0.12558415898999564
270,2023-08-21 18:00:00+00:00,0.10529520335304594
270,2023-08-21 19:00:00+00:00,0.05812590599207609
270,2023-08-21 20:00:00+00:00,0.08570802150380734
270,2023-08-21 21:00:00+00:00,0.07364667414558962
270,2023-08-21 22:00:00+00:00,0.06909397457471128
270,2023-08-21 23:00:00+00:00,0.03170217176613456
270,2023-08-22 00:00:00+00:00,0.05098621133829025
270,2023-08-22 01:00:00+00:00,0.03953361536948762
270,2023-08-22 02:00:00+00:00,0.030103532667464208
270,2023-08-22 03:00:00+00:00,0.023194226605913627
270,2023-08-22 04:00:00+00:00,0.03650635791360559
270,2023-08-22 05:00:00+00:00,0.03650635791360559
270,2023-08-22 06:00:00+00:00,0.07506658122128555
270,2023-08-22 07:00:00+00:00,0.16093566961464728
270,2023-08-22 08:00:00+00:00,0.21544927308190348
270,2023-08-22 09:00:00+00:00,0.24676015762305714
270,2023-08-22 10:00:00+00:00,0.25103111322201577
270,2023-08-22 11:00:00+00:00,0.22939862485074602
270,2023-08-22 12:00:00+00:00,0.21520112465257452
270,2023-08-22 13:00:00+00:00,0.23327685352476127
270,2023-08-22 14:00:00+00:00,0.14314105073785358
270,2023-08-22 15:00:00+00:00,0.1421684929455757
270,2023-08-22 16:00:00+00:00,0.07491557460094887
270,2023-08-22 17:00:00+00:00,0.06051323587356697
270,2023-08-22 18:00:00+00:00,0.03168393638660934
270,2023-08-22 19:00:00+00:00,0.007443130973141326
270,2023-08-22 20:00:00+00:00,0.012954889581902839
270,2023-08-22 21:00:00+00:00,0.05196829948248957
270,2023-08-22 22:00:00+00:00,0.06750115090656153
270,2023-08-22 23:00:00+00:00,0.0024984555265950806
270,2023-08-23 00:00:00+00:00,0.05239893912467867
270,2023-08-23 01:00:00+00:00,0.030103532667464208
270,2023-08-23 02:00:00+00:00,0.03650635791360559
270,2023-08-23 03:00:00+00:00,0.06700482772597516
270,2023-08-23 04:00:00+00:00,0.02814618064904106
270,2023-08-23 05:00:00+00:00,0.03720290724655488
270,2023-08-23 06:00:00+00:00,0.12697156076915314
270,2023-08-23 07:00:00+00:00,0.014137803114650046
270,2023-08-23 08:00:00+00:00,0.05635299985831199
270,2023-08-23 09:00:00+00:00,0.13240306997001405
270,2023-08-23 10:00:00+00:00,0.06502340795884129
270,2023-08-23 11:00:00+00:00,0.0891854369476174
270,2023-08-23 12:00:00+00:00,0.15648892291661476
270,2023-08-23 13:00:00+00:00,0.0023895096863442095
270,2023-08-23 14:00:00+00:00,0.00238939088741829
270,2023-08-23 15:00:00+00:00,0.004364718971646074
270,2023-08-23 16:00:00+00:00,0.00363637368105619
270,2023-08-23 17:00:00+00:00,0.011004129042254536
270,2023-08-23 18:00:00+00:00,0.029486438160552485
270,2023-08-23 19:00:00+00:00,0.07313699968844874
270,2023-08-23 20:00:00+00:00,0.008564939257709105
270,2023-08-23 21:00:00+00:00,0.006555325549979157
270,2023-08-23 22:00:00+00:00,0.05380826101649477
270,2023-08-23 23:00:00+00:00,0.059422235746748174
270,2023-08-24 00:00:00+00:00,0.03953361536948762
270,2023-08-24 01:00:00+00:00,0.004097493101535481
270,2023-08-24 02:00:00+00:00,0.03826587847611084
270,2023-08-24 03:00:00+00:00,0.0006670565291086958
270,2023-08-24 04:00:00+00:00,0.026046855770627184
270,2023-08-24 05:00:00+00:00,0.004031397088494675
270,2023-08-24 06:00:00+00:00,0.07128662879126295
270,2023-08-24 07:00:00+00:00,0.03219751451806969
270,2023-08-24 08:00:00+00:00,0.034466780866756606
270,2023-08-24 09:00:00+00:00,0.03923534679668727
270,2023-08-24 10:00:00+00:00,0.05331329842239423
270,2023-08-24 11:00:00+00:00,0.03607054610636693
270,2023-08-24 12:00:00+00:00,0.19432661915140695
270,2023-08-24 13:00:00+00:00,0.024362593670109498
270,2023-08-24 14:00:00+00:00,0.17103751269579318
270,2023-08-24 15:00:00+00:00,0.13427186994687795
270,2023-08-24 16:00:00+00:00,0.13144301603141323
270,2023-08-24 17:00:00+00:00,0.031806548650485815
270,2023-08-24 18:00:00+00:00,0.01081241906682347
270,2023-08-24 19:00:00+00:00,0.002370768123112432
270,2023-08-24 20:00:00+00:00,0.0011853840627038031
270,2023-08-24 21:00:00+00:00,0.0004216936459894362
270,2023-08-24 22:00:00+00:00,0.0014547747865247408
270,2023-08-24 23:00:00+00:00,0.0015912687477746222
270,2023-08-25 00:00:00+00:00,0.0013352012524043186
270,2023-08-25 01:00:00+00:00,0.0006670565291086958
270,2023-08-25 02:00:00+00:00,0.001528009812646258
270,2023-08-25 03:00:00+00:00,0.03826587847611084
270,2023-08-25 04:00:00+00:00,0.02065120135549471
270,2023-08-25 05:00:00+00:00,0.028951167335866498
270,2023-08-25 06:00:00+00:00,0.07801452303379797
270,2023-08-25 07:00:00+00:00,0.026927038871595865
270,2023-08-25 08:00:00+00:00,0.16277771260936255
270,2023-08-25 09:00:00+00:00,0.12485304843459474
270,2023-08-25 10:00:00+00:00,0.0290964110211588
270,2023-08-25 11:00:00+00:00,0.19085793175965735
270,2023-08-25 12:00:00+00:00,0.20118411361034497
270,2023-08-25 13:00:00+00:00,0.22964195130127582
270,2023-08-25 14:00:00+00:00,0.15465423112756346
270,2023-08-25 15:00:00+00:00,0.1332351213137103
270,2023-08-25 16:00:00+00:00,0.12847213380171635
270,2023-08-25 17:00:00+00:00,0.14654755554902119
270,2023-08-25 18:00:00+00:00,0.12601080481088386
270,2023-08-25 19:00:00+00:00,0.022586593693940848
270,2023-08-25 20:00:00+00:00,0.06450118686964336
270,2023-08-25 21:00:00+00:00,0.04239606253396499
270,2023-08-25 22:00:00+00:00,0.025550326821900213
270,2023-08-25 23:00:00+00:00,0.029073125020046806
270,2023-08-26 00:00:00+00:00,0.026046855770627184
270,2023-08-26 01:00:00+00:00,0.02261330536487278
270,2023-08-26 02:00:00+00:00,0.03953361536948762
270,2023-08-26 03:00:00+00:00,0.023194226605913627
270,2023-08-26 04:00:00+00:00,0.023194226605913627
270,2023-08-26 05:00:00+00:00,0.023194226605913627
270,2023-08-26 06:00:00+00:00,0.07292893728664546
270,2023-08-26 07:00:00+00:00,0.07994269578341612
270,2023-08-26 08:00:00+00:00,0.045195916663106205
270,2023-08-26 09:00:00+00:00,0.010790784168208108
270,2023-08-26 10:00:00+00:00,0.026508710910859573
270,2023-08-26 11:00:00+00:00,0.2119192924470398
270,2023-08-26 12:00:00+00:00,0.039370003056247826
270,2023-08-26 13:00:00+00:00,0.023124811004717773
270,2023-08-26 14:00:00+00:00,0.08626239787950511
270,2023-08-26 15:00:00+00:00,0.05452450293549186
270,2023-08-26 16:00:00+00:00,0.0919558373352265
270,2023-08-26 17:00:00+00:00,0.022261555680277
270,2023-08-26 18:00:00+00:00,0.004160722096600432
270,2023-08-26 19:00:00+00:00,0.0011823765432855129
270,2023-08-26 20:00:00+00:00,0.0004217380081157476
270,2023-08-26 21:00:00+00:00,0.0013564341174958454
270,2023-08-26 22:00:00+00:00,0.00847464952816713
270,2023-08-26 23:00:00+00:00,0.0024971260317452285
270,2023-08-27 00:00:00+00:00,0.05051716265479965
270,2023-08-27 01:00:00+00:00,0.03650635791360559
270,2023-08-27 02:00:00+00:00,0.007851435898623665
270,2023-08-27 03:00:00+00:00,0.023194226605913627
270,2023-08-27 04:00:00+00:00,0.001528009812646258
270,2023-08-27 05:00:00+00:00,0.0006670565291086958
270,2023-08-27 06:00:00+00:00,0.0032735331251838797
270,2023-08-27 07:00:00+00:00,0.0074893402443649455
270,2023-08-27 08:00:00+00:00,0.0025049971181782954
270,2023-08-27 09:00:00+00:00,0.0024974837919835347
270,2023-08-27 10:00:00+00:00,0.003746989881355699
270,2023-08-27 11:00:00+00:00,0.0038193454856446573
270,2023-08-27 12:00:00+00:00,0.005636815369960171
270,2023-08-27 13:00:00+00:00,0.002363750917103577
270,2023-08-27 14:00:00+00:00,0.004992578351702316
270,2023-08-27 15:00:00+00:00,0.004000184305742169
270,2023-08-27 16:00:00+00:00,0.0030919477552462963
270,2023-08-27 17:00:00+00:00,0.00109111284891352
270,2023-08-27 18:00:00+00:00,0.001674931440552432
270,2023-08-27 19:00:00+00:00,0.00069783516954351
270,2023-08-27 20:00:00+00:00,0.0005153877267346043
270,2023-08-27 21:00:00+00:00,0.01209667485297697
270,2023-08-27 22:00:00+00:00,0.0024971260317452285
270,2023-08-27 23:00:00+00:00,0.04620605583352734
270,2023-08-28 00:00:00+00:00,0.035123058033311255
270,2023-08-28 01:00:00+00:00,0.0005458699966007116
270,2023-08-28 02:00:00+00:00,0.0012514784394948922
270,2023-08-28 03:00:00+00:00,0.0005153784633358718
270,2023-08-28 04:00:00+00:00,0.007392412410152592
270,2023-08-28 05:00:00+00:00,0.026816899885764536
270,2023-08-28 06:00:00+00:00,0.0831149599746037
270,2023-08-28 07:00:00+00:00,0.0022008258084509113
270,2023-08-28 08:00:00+00:00,0.0008890380483701912
270,2023-08-28 09:00:00+00:00,0.0008890380506548157
270,2023-08-28 10:00:00+00:00,0.10239179956382824
270,2023-08-28 11:00:00+00:00,0.026209462181450104
270,2023-08-28 12:00:00+00:00,0.026209462181450104
270,2023-08-28 13:00:00+00:00,0.014274898762848506
270,2023-08-28 14:00:00+00:00,0.007336086028169691
270,2023-08-28 15:00:00+00:00,0.03830613703442707
270,2023-08-28 16:00:00+00:00,0.004445190232643674
270,2023-08-28 17:00:00+00:00,0.003556152196510814
270,2023-08-28 18:00:00+00:00,0.001545996316650834
270,2023-08-28 19:00:00+00:00,0.004160537275832154
270,2023-08-28 20:00:00+00:00,0.0005459713769259106
270,2023-08-28 21:00:00+00:00,0.0006325114796964073
270,2023-08-28 22:00:00+00:00,0.000843316808520073
270,2023-08-28 23:00:00+00:00,0.0017780760938207918
270,2023-08-29 00:00:00+00:00,0.023194226605913627
270,2023-08-29 01:00:00+00:00,0.026931553243215868
270,2023-08-29 02:00:00+00:00,0.03650635791360559
270,2023-08-29 03:00:00+00:00,0.030103532667464208
270,2023-08-29 04:00:00+00:00,0.04244742248976731
270,2023-08-29 05:00:00+00:00,0.04244742248976731
270,2023-08-29 06:00:00+00:00,0.1274142691793714
270,2023-08-29 07:00:00+00:00,0.43044518242614005
270,2023-08-29 08:00:00+00:00,0.1740644847321291
270,2023-08-29 09:00:00+00:00,0.13071370089033024
270,2023-08-29 10:00:00+00:00,0.1732284003318461
270,2023-08-29 11:00:00+00:00,0.14570200095966837
270,2023-08-29 12:00:00+00:00,0.14666873834847263
270,2023-08-29 13:00:00+00:00,0.10450793662316936
270,2023-08-29 14:00:00+00:00,0.11062473652733618
270,2023-08-29 15:00:00+00:00,0.15234089708981793
270,2023-08-29 16:00:00+00:00,0.23971133244537918
270,2023-08-29 17:00:00+00:00,0.15175458826708216
270,2023-08-29 18:00:00+00:00,0.1696445097399643
270,2023-08-29 19:00:00+00:00,0.006043335676660147
270,2023-08-29 20:00:00+00:00,0.0008890380495130122
270,2023-08-29 21:00:00+00:00,0.0012649399410396098
270,2023-08-29 22:00:00+00:00,0.0005459606525433387
270,2023-08-29 23:00:00+00:00,0.0016669896395341667
270,2023-08-30 00:00:00+00:00,0.0020810725589489897
270,2023-08-30 01:00:00+00:00,0.007851435898623665
270,2023-08-30 02:00:00+00:00,0.05051716265479965
270,2023-08-30 03:00:00+00:00,0.007851435898623665
270,2023-08-30 04:00:00+00:00,0.001528009812646258
270,2023-08-30 05:00:00+00:00,0.0015284932653189317
270,2023-08-30 06:00:00+00:00,0.10361084867532463
270,2023-08-30 07:00:00+00:00,0.13756252856782322
270,2023-08-30 08:00:00+00:00,0.015374675837233983
270,2023-08-30 09:00:00+00:00,0.005409630799655437
270,2023-08-30 10:00:00+00:00,0.003455243368354821
270,2023-08-30 11:00:00+00:00,0.016616152555163837
270,2023-08-30 12:00:00+00:00,0.0365404706044701
270,2023-08-30 13:00:00+00:00,0.030908951632383806
270,2023-08-30 14:00:00+00:00,0.01809053577761712
270,2023-08-30 15:00:00+00:00,0.027156909620988056
270,2023-08-30 16:00:00+00:00,0.03014484275255866
270,2023-08-30 17:00:00+00:00,0.024492229041833805
270,2023-08-30 18:00:00+00:00,0.02032591071752867
270,2023-08-30 19:00:00+00:00,0.0012732528564365492
270,2023-08-30 20:00:00+00:00,0.008028274546791284
270,2023-08-30 21:00:00+00:00,0.0006004946184854382
270,2023-08-30 22:00:00+00:00,0.0010668456568135411
270,2023-08-30 23:00:00+00:00,0.011998417240528126
270,2023-08-31 00:00:00+00:00,0.007392412410152592
270,2023-08-31 01:00:00+00:00,0.03650635791360559
270,2023-08-31 02:00:00+00:00,0.013903317995243691
270,2023-08-31 03:00:00+00:00,0.03826587847611084
270,2023-08-31 04:00:00+00:00,0.03826587847611084
270,2023-08-31 05:00:00+00:00,0.027420635593421602
270,2023-08-31 06:00:00+00:00,0.06254170239024359
270,2023-08-31 07:00:00+00:00,0.13176018214862337
270,2023-08-31 08:00:00+00:00,0.10191598642210031
270,2023-08-31 09:00:00+00:00,0.09364101184792731
270,2023-08-31 10:00:00+00:00,0.06391945610945829
270,2023-08-31 11:00:00+00:00,0.09259397161391365
270,2023-08-31 12:00:00+00:00,0.11044153592846558
270,2023-08-31 13:00:00+00:00,0.07971120742220231
270,2023-08-31 14:00:00+00:00,0.10523772958079089
270,2023-08-31 15:00:00+00:00,0.09492632458312654
270,2023-08-31 16:00:00+00:00,0.10925941090604138
270,2023-08-31 17:00:00+00:00,0.09906533712636702
270,2023-08-31 18:00:00+00:00,0.13253380910853899
270,2023-08-31 19:00:00+00:00,0.051934633127016114
270,2023-08-31 20:00:00+00:00,6.442744835209599e-06
270,2023-08-31 21:00:00+00:00,0.0015336520764245418
270,2023-08-31 22:00:00+00:00,0.001916410148127361
270,2023-08-31 23:00:00+00:00,0.004401651616901816
270,2023-09-01 00:00:00+00:00,0.06700482772597516
270,2023-09-01 01:00:00+00:00,0.0664386697185143
270,2023-09-01 02:00:00+00:00,0.0010866020580307227
270,2023-09-01 03:00:00+00:00,0.002689898210328887
270,2023-09-01 04:00:00+00:00,0.03826587847611084
270,2023-09-01 05:00:00+00:00,0.007392412410152592
270,2023-09-01 06:00:00+00:00,0.0032598061684204743
270,2023-09-01 07:00:00+00:00,0.0003951061076874588
270,2023-09-01 08:00:00+00:00,0.0021081605882258426
270,2023-09-01 09:00:00+00:00,2.0174458428984752e-05
270,2023-09-01 10:00:00+00:00,0.09507809959498337
270,2023-09-01 11:00:00+00:00,0.04838669941190788
270,2023-09-01 12:00:00+00:00,0.013938563453522413
270,2023-09-01 13:00:00+00:00,0.00454550689006306
270,2023-09-01 14:00:00+00:00,0.06653171169137333
270,2023-09-01 15:00:00+00:00,0.0050912813347462026
270,2023-09-01 16:00:00+00:00,0.0028108808150991726
270,2023-09-01 17:00:00+00:00,0.005037882269727082
270,2023-09-01 18:00:00+00:00,0.005637665383209241
270,2023-09-01 19:00:00+00:00,0.002530047241351889
270,2023-09-01 20:00:00+00:00,0.001258435179911903
270,2023-09-01 21:00:00+00:00,0.0010372110577929596
270,2023-09-01 22:00:00+00:00,0.0005622347132271565
270,2023-09-01 23:00:00+00:00,0.03469956402419327
270,2023-09-02 00:00:00+00:00,0.05455077265615939
270,2023-09-02 01:00:00+00:00,0.06700482772597516
270,2023-09-02 02:00:00+00:00,0.026816899885764536
270,2023-09-02 03:00:00+00:00,1.860922853540873e-05
270,2023-09-02 04:00:00+00:00,7.624622102741467e-05
270,2023-09-02 05:00:00+00:00,7.624622102741467e-05
270,2023-09-02 06:00:00+00:00,0.0003742921265777458
270,2023-09-02 07:00:00+00:00,0.03693998221093498
270,2023-09-02 08:00:00+00:00,0.16090139931458725
270,2023-09-02 09:00:00+00:00,0.01846999110546749
270,2023-09-02 10:00:00+00:00,0.00013595537905851198
270,2023-09-02 11:00:00+00:00,0.00012088009516105603
270,2023-09-02 12:00:00+00:00,0.00016122378267790846
270,2023-09-02 13:00:00+00:00,0.00015142339269092332
270,2023-09-02 14:00:00+00:00,0.0006446263427273936
270,2023-09-02 15:00:00+00:00,0.0024099613410718994
270,2023-09-02 16:00:00+00:00,0.004162660498215025
270,2023-09-02 17:00:00+00:00,0.09507809959498337
270,2023-09-02 18:00:00+00:00,0.1200549421855387
270,2023-09-02 19:00:00+00:00,0.13652239941843766
270,2023-09-02 20:00:00+00:00,0.05233164146549123
270,2023-09-02 21:00:00+00:00,8.318221277137282e-05
270,2023-09-02 22:00:00+00:00,1.5292421647496868e-05
270,2023-09-02 23:00:00+00:00,5.916424150325363e-06
270,2023-09-03 00:00:00+00:00,0.0009164141519151531
270,2023-09-03 01:00:00+00:00,0.06443769707060724
270,2023-09-03 02:00:00+00:00,0.03803614306516213
270,2023-09-03 03:00:00+00:00,0.0664386697185143
270,2023-09-03 04:00:00+00:00,0.06700482772597516
270,2023-09-03 05:00:00+00:00,0.0664386697185143
270,2023-09-03 06:00:00+00:00,0.2543560227100677
270,2023-09-03 07:00:00+00:00,0.2543560227100677
270,2023-09-03 08:00:00+00:00,0.2543560227100677
270,2023-09-03 09:00:00+00:00,0.2543560227100677
270,2023-09-03 10:00:00+00:00,0.0954682724198764
270,2023-09-03 11:00:00+00:00,0.13339536031136384
270,2023-09-03 12:00:00+00:00,0.0033842405148571454
270,2023-09-03 13:00:00+00:00,0.23354614580027683
270,2023-09-03 14:00:00+00:00,0.23354614580027683
270,2023-09-03 15:00:00+00:00,0.0033842405148571454
270,2023-09-03 16:00:00+00:00,0.21799385014206554
270,2023-09-03 17:00:00+00:00,0.0031853707991215587
270,2023-09-03 18:00:00+00:00,0.21799385014206554
270,2023-09-03 19:00:00+00:00,0.08676310042088933
270,2023-09-03 20:00:00+00:00,0.0860303785760148
270,2023-09-03 21:00:00+00:00,0.08676310042088933
270,2023-09-03 22:00:00+00:00,0.0860303785760148
270,2023-09-03 23:00:00+00:00,0.0860303785760148
270,2023-09-04 00:00:00+00:00,0.06700482772597516
270,2023-09-04 01:00:00+00:00,0.03826587847611084
270,2023-09-04 02:00:00+00:00,0.0664386697185143
270,2023-09-04 03:00:00+00:00,0.0664386697185143
270,2023-09-04 04:00:00+00:00,0.0664386697185143
270,2023-09-04 05:00:00+00:00,0.08294715314281932
270,2023-09-04 06:00:00+00:00,0.1498354433684638
270,2023-09-04 07:00:00+00:00,0.005383810495321541
270,2023-09-04 08:00:00+00:00,0.4028780028291458
270,2023-09-04 09:00:00+00:00,0.27029285385906
270,2023-09-04 10:00:00+00:00,0.167433291866514
270,2023-09-04 11:00:00+00:00,0.19232938552256604
270,2023-09-04 12:00:00+00:00,0.0784411812629084
270,2023-09-04 13:00:00+00:00,0.180489951391412
270,2023-09-04 14:00:00+00:00,0.26101451345235477
270,2023-09-04 15:00:00+00:00,0.1877646362446869
270,2023-09-04 16:00:00+00:00,0.18173041609882856
270,2023-09-04 17:00:00+00:00,0.1602374497866485
270,2023-09-04 18:00:00+00:00,0.19525899003625055
270,2023-09-04 19:00:00+00:00,0.002214504731649588
270,2023-09-04 20:00:00+00:00,0.0015728216532396673
270,2023-09-04 21:00:00+00:00,0.08648436187018317
270,2023-09-04 22:00:00+00:00,0.09225844519613244
270,2023-09-04 23:00:00+00:00,0.08676310042088933
270,2023-09-05 00:00:00+00:00,0.0664386697185143
270,2023-09-05 01:00:00+00:00,0.0009698301303255424
270,2023-09-05 02:00:00+00:00,0.0009698301303255424
270,2023-09-05 03:00:00+00:00,0.0664386697185143
270,2023-09-05 04:00:00+00:00,6.807281962023009e-06
270,2023-09-05 05:00:00+00:00,0.000803320447023987
270,2023-09-05 06:00:00+00:00,4.064075940570597e-05
270,2023-09-05 07:00:00+00:00,4.594872473146731e-05
270,2023-09-05 08:00:00+00:00,3.0635612460777976e-05
270,2023-09-05 09:00:00+00:00,7.871474258519005e-06
270,2023-09-05 10:00:00+00:00,7.130115811981787e-05
270,2023-09-05 11:00:00+00:00,2.42587073404217e-05
270,2023-09-05 12:00:00+00:00,0.23355316889082436
270,2023-09-05 13:00:00+00:00,0.20149030122808956
270,2023-09-05 14:00:00+00:00,0.25188368176300646
270,2023-09-05 15:00:00+00:00,0.217926366165842
270,2023-09-05 16:00:00+00:00,0.2997500911688542
270,2023-09-05 17:00:00+00:00,0.2271422423109122
270,2023-09-05 18:00:00+00:00,0.2900455777408459
270,2023-09-05 19:00:00+00:00,0.20270317069139163
270,2023-09-05 20:00:00+00:00,0.1674580973667526
270,2023-09-05 21:00:00+00:00,0.03847279040653405
270,2023-09-05 22:00:00+00:00,0.053182140131551474
270,2023-09-05 23:00:00+00:00,0.0010775518902236929
270,2023-09-06 00:00:00+00:00,0.0006670565291086958
270,2023-09-06 01:00:00+00:00,6.807281962023009e-06
270,2023-09-06 02:00:00+00:00,0.06700482772597516
270,2023-09-06 03:00:00+00:00,0.03826587847611084
270,2023-09-06 04:00:00+00:00,0.06700482772597516
270,2023-09-06 05:00:00+00:00,0.06533957173347725
270,2023-09-06 06:00:00+00:00,6.238853038935892e-05
270,2023-09-06 07:00:00+00:00,0.005039010076786783
270,2023-09-06 08:00:00+00:00,3.07779915966671e-05
270,2023-09-06 09:00:00+00:00,0.28626804491476027
270,2023-09-06 10:00:00+00:00,0.24522503415503344
270,2023-09-06 11:00:00+00:00,1.8103828278814963e-05
270,2023-09-06 12:00:00+00:00,0.1543909035844185
270,2023-09-06 13:00:00+00:00,0.19525028822934434
270,2023-09-06 14:00:00+00:00,0.0008890380529519879
270,2023-09-06 15:00:00+00:00,0.020413687957305564
270,2023-09-06 16:00:00+00:00,4.56191228349217e-05
270,2023-09-06 17:00:00+00:00,0.18171680125708903
270,2023-09-06 18:00:00+00:00,1.677019056795336e-05
270,2023-09-06 19:00:00+00:00,0.00014556289919285132
270,2023-09-06 20:00:00+00:00,2.5383894526762156e-05
270,2023-09-06 21:00:00+00:00,6.5555356451595384e-06
270,2023-09-06 22:00:00+00:00,0.0017857938453001059
270,2023-09-06 23:00:00+00:00,0.0432016993934741
270,2023-09-07 00:00:00+00:00,0.09715289975682274
270,2023-09-07 01:00:00+00:00,0.0664386697185143
270,2023-09-07 02:00:00+00:00,0.0009698301303255424
270,2023-09-07 03:00:00+00:00,0.0664386697185143
270,2023-09-07 04:00:00+00:00,0.06700482772597516
270,2023-09-07 05:00:00+00:00,6.769445147895309e-06
270,2023-09-07 06:00:00+00:00,0.00258561901812529
270,2023-09-07 07:00:00+00:00,0.0062998144042656695
270,2023-09-07 08:00:00+00:00,6.241380134037204e-05
270,2023-09-07 09:00:00+00:00,1.7335926519236908e-05
270,2023-09-07 10:00:00+00:00,2.2957889280149926e-05
270,2023-09-07 11:00:00+00:00,1.899542386234287e-05
270,2023-09-07 12:00:00+00:00,0.11905578082247548
270,2023-09-07 13:00:00+00:00,0.20151102112353472
270,2023-09-07 14:00:00+00:00,0.044088203660858916
270,2023-09-07 15:00:00+00:00,0.14083320557748108
270,2023-09-07 16:00:00+00:00,0.31796554059559473
270,2023-09-07 17:00:00+00:00,2.7620163581383665e-05
270,2023-09-07 18:00:00+00:00,0.009639845364287556
270,2023-09-07 19:00:00+00:00,0.1790570540896827
270,2023-09-07 20:00:00+00:00,0.061046347555375816
270,2023-09-07 21:00:00+00:00,0.09237054030988921
270,2023-09-07 22:00:00+00:00,0.0005473514475045942
270,2023-09-07 23:00:00+00:00,0.0005458575756778811
270,2023-09-08 00:00:00+00:00,0.0005458033835091806
270,2023-09-08 01:00:00+00:00,0.013898872667233792
270,2023-09-08 02:00:00+00:00,0.003855668799113817
270,2023-09-08 03:00:00+00:00,0.007162422049460033
270,2023-09-08 04:00:00+00:00,0.030103532667464208
270,2023-09-08 05:00:00+00:00,0.02736401734798819
270,2023-09-08 06:00:00+00:00,0.03742818354271132
270,2023-09-08 07:00:00+00:00,0.21846543003040425
270,2023-09-08 08:00:00+00:00,0.12819328198637134
270,2023-09-08 09:00:00+00:00,0.006815958352690219
270,2023-09-08 10:00:00+00:00,0.011004129042254536
270,2023-09-08 11:00:00+00:00,0.021412348144272758
270,2023-09-08 12:00:00+00:00,0.005340842048727308
270,2023-09-08 13:00:00+00:00,0.0036543642297215202
270,2023-09-08 14:00:00+00:00,0.0052002269008655545
270,2023-09-08 15:00:00+00:00,0.002364109870816023
270,2023-09-08 16:00:00+00:00,0.0021083834570530566
270,2023-09-08 17:00:00+00:00,0.005272767706674273
270,2023-09-08 18:00:00+00:00,0.0037516845586522407
270,2023-09-08 19:00:00+00:00,0.0016370795643090923
270,2023-09-08 20:00:00+00:00,0.015077981451892932
270,2023-09-08 21:00:00+00:00,0.0787315340425703
270,2023-09-08 22:00:00+00:00,0.07685205874691174
270,2023-09-08 23:00:00+00:00,0.05696231019409876
270,2023-09-09 00:00:00+00:00,0.0015289490921245952
270,2023-09-09 01:00:00+00:00,0.0010866020580307227
270,2023-09-09 02:00:00+00:00,0.0058789223928075365
270,2023-09-09 03:00:00+00:00,0.0009698301303255424
270,2023-09-09 04:00:00+00:00,0.0005153784633358718
270,2023-09-09 05:00:00+00:00,0.001528009812646258
270,2023-09-09 06:00:00+00:00,0.09344503448350833
270,2023-09-09 07:00:00+00:00,0.00037430016719183106
270,2023-09-09 08:00:00+00:00,0.02419334970595394
270,2023-09-09 09:00:00+00:00,0.011004129042254535
270,2023-09-09 10:00:00+00:00,0.003852498210839883
270,2023-09-09 11:00:00+00:00,0.0071123043677909555
270,2023-09-09 12:00:00+00:00,0.0028108955937305017
270,2023-09-09 13:00:00+00:00,0.002810925197449173
270,2023-09-09 14:00:00+00:00,0.002951555214102856
270,2023-09-09 15:00:00+00:00,0.003794846042276041
270,2023-09-09 16:00:00+00:00,0.002529976560123335
270,2023-09-09 17:00:00+00:00,0.004356980475777888
270,2023-09-09 18:00:00+00:00,0.0034551400466680845
270,2023-09-09 19:00:00+00:00,0.005135260219718784
270,2023-09-09 20:00:00+00:00,0.04802863869318838
270,2023-09-09 21:00:00+00:00,0.0011141316139635312
270,2023-09-09 22:00:00+00:00,0.04276523175522377
270,2023-09-09 23:00:00+00:00,0.007235491155419773
270,2023-09-10 00:00:00+00:00,0.015533070034860043
270,2023-09-10 01:00:00+00:00,0.005234129546377786
270,2023-09-10 02:00:00+00:00,0.0015283971503298047
270,2023-09-10 03:00:00+00:00,0.0009698301303255424
270,2023-09-10 04:00:00+00:00,0.03826587847611084
270,2023-09-10 05:00:00+00:00,0.03650635791360559
270,2023-09-10 06:00:00+00:00,0.0003743001672666455
270,2023-09-10 07:00:00+00:00,0.2543560227100677
270,2023-09-10 08:00:00+00:00,1.55784289862736e-05
270,2023-09-10 09:00:00+00:00,0.002318046971951748
270,2023-09-10 10:00:00+00:00,0.005037882265896145
270,2023-09-10 11:00:00+00:00,0.0015461372198604614
270,2023-09-10 12:00:00+00:00,0.00018653027461972677
270,2023-09-10 13:00:00+00:00,0.44051670093988265
270,2023-09-10 14:00:00+00:00,0.20914046899060654
270,2023-09-10 15:00:00+00:00,0.11957397828785567
270,2023-09-10 16:00:00+00:00,0.0827462299411674
270,2023-09-10 17:00:00+00:00,0.07598018700901195
270,2023-09-10 18:00:00+00:00,0.006209764955297723
270,2023-09-10 19:00:00+00:00,0.029157901242895856
270,2023-09-10 20:00:00+00:00,0.050843396698770665
270,2023-09-10 21:00:00+00:00,0.031139522911897272
270,2023-09-10 22:00:00+00:00,0.02687047490879722
270,2023-09-10 23:00:00+00:00,0.039981206372202815
270,2023-09-11 00:00:00+00:00,0.05051716265479965
270,2023-09-11 01:00:00+00:00,0.05051716265479965
270,2023-09-11 02:00:00+00:00,0.03650635791360559
270,2023-09-11 03:00:00+00:00,0.03650635791360559
270,2023-09-11 04:00:00+00:00,0.026931553243215868
270,2023-09-11 05:00:00+00:00,0.028222229324733856
270,2023-09-11 06:00:00+00:00,0.06865755532104478
270,2023-09-11 07:00:00+00:00,0.3091350419624809
270,2023-09-11 08:00:00+00:00,0.2209382938041881
270,2023-09-11 09:00:00+00:00,0.12979386804479748
270,2023-09-11 10:00:00+00:00,0.09616363807013559
270,2023-09-11 11:00:00+00:00,0.11930649134077534
270,2023-09-11 12:00:00+00:00,0.109339965556477
270,2023-09-11 13:00:00+00:00,0.1485888053049614
270,2023-09-11 14:00:00+00:00,0.22826317529606532
270,2023-09-11 15:00:00+00:00,0.03477066600003926
270,2023-09-11 16:00:00+00:00,0.028971407695811108
270,2023-09-11 17:00:00+00:00,0.08289562017305172
270,2023-09-11 18:00:00+00:00,0.08421413744659348
270,2023-09-11 19:00:00+00:00,0.058757491661159116
270,2023-09-11 20:00:00+00:00,0.04224162847707094
270,2023-09-11 21:00:00+00:00,0.04860008717208753
270,2023-09-11 22:00:00+00:00,0.051244580318369044
270,2023-09-11 23:00:00+00:00,0.010696872110769069
270,2023-09-12 00:00:00+00:00,0.03650635791360559
270,2023-09-12 01:00:00+00:00,0.026931553243215868
270,2023-09-12 02:00:00+00:00,0.030103532667464208
270,2023-09-12 03:00:00+00:00,0.023194226605913627
270,2023-09-12 04:00:00+00:00,0.023194226605913627
270,2023-09-12 05:00:00+00:00,0.026931553243215868
270,2023-09-12 06:00:00+00:00,0.08046684902990626
270,2023-09-12 07:00:00+00:00,0.13235487277767874
270,2023-09-12 08:00:00+00:00,0.16881414491127678
270,2023-09-12 09:00:00+00:00,0.19771683565621845
270,2023-09-12 10:00:00+00:00,0.13689210429063123
270,2023-09-12 11:00:00+00:00,0.11747227929138818
270,2023-09-12 12:00:00+00:00,0.10444565965107003
270,2023-09-12 13:00:00+00:00,0.0933351398790883
270,2023-09-12 14:00:00+00:00,0.03629002455893091
270,2023-09-12 15:00:00+00:00,0.05631551170629719
270,2023-09-12 16:00:00+00:00,0.05927948600662863
270,2023-09-12 17:00:00+00:00,0.03556769160397717
270,2023-09-12 18:00:00+00:00,0.02667576870298288
270,2023-09-12 19:00:00+00:00,0.013852493329100617
270,2023-09-12 20:00:00+00:00,0.0009958517938314345
270,2023-09-12 21:00:00+00:00,0.0013344414037340345
270,2023-09-12 22:00:00+00:00,0.0001247653823536867
270,2023-09-12 23:00:00+00:00,0.0013145243678574178
270,2023-09-13 00:00:00+00:00,7.624622102741467e-05
270,2023-09-13 01:00:00+00:00,7.624622102741467e-05
270,2023-09-13 02:00:00+00:00,0.000803320447023987
270,2023-09-13 03:00:00+00:00,7.624622102741467e-05
270,2023-09-13 04:00:00+00:00,0.000803320447023987
270,2023-09-13 05:00:00+00:00,0.000803320447023987
270,2023-09-13 06:00:00+00:00,0.09234995552733746
270,2023-09-13 07:00:00+00:00,0.0006030443271511209
270,2023-09-13 08:00:00+00:00,0.007668058812501385
270,2023-09-13 09:00:00+00:00,0.00020795085526397668
270,2023-09-13 10:00:00+00:00,0.00012154969035872227
270,2023-09-13 11:00:00+00:00,0.23353512330895923
270,2023-09-13 12:00:00+00:00,0.0037824625486454246
270,2023-09-13 13:00:00+00:00,0.2106802930531958
270,2023-09-13 14:00:00+00:00,0.28602528249115733
270,2023-09-13 15:00:00+00:00,0.004173959605920767
270,2023-09-13 16:00:00+00:00,0.18298339054861262
270,2023-09-13 17:00:00+00:00,0.23517856028300688
270,2023-09-13 18:00:00+00:00,0.10286525639705689
270,2023-09-13 19:00:00+00:00,0.02118561998975249
270,2023-09-13 20:00:00+00:00,0.08552931494328188
270,2023-09-13 21:00:00+00:00,0.037656022894283686
270,2023-09-13 22:00:00+00:00,0.004955623187693634
270,2023-09-13 23:00:00+00:00,0.030094177371199644
270,2023-09-14 00:00:00+00:00,0.04334850537550239
270,2023-09-14 01:00:00+00:00,0.008152187777259436
270,2023-09-14 02:00:00+00:00,0.030103532667464208
270,2023-09-14 03:00:00+00:00,0.008152187777259436
270,2023-09-14 04:00:00+00:00,0.02223214725651791
270,2023-09-14 05:00:00+00:00,0.04539058016449988
270,2023-09-14 06:00:00+00:00,0.018498207228349287
270,2023-09-14 07:00:00+00:00,0.03527538809828073
270,2023-09-14 08:00:00+00:00,0.26544877489647795
270,2023-09-14 09:00:00+00:00,0.26135094003189957
270,2023-09-14 10:00:00+00:00,0.06539226430463493
270,2023-09-14 11:00:00+00:00,0.12346774888304943
270,2023-09-14 12:00:00+00:00,0.1228276946999346
270,2023-09-14 13:00:00+00:00,0.0689108150744588
270,2023-09-14 14:00:00+00:00,0.12977174398653454
270,2023-09-14 15:00:00+00:00,0.1115808030490286
270,2023-09-14 16:00:00+00:00,0.10025564458301803
270,2023-09-14 17:00:00+00:00,0.06857239611771945
270,2023-09-14 18:00:00+00:00,0.12933532121046062
270,2023-09-14 19:00:00+00:00,0.015630846008350248
270,2023-09-14 20:00:00+00:00,0.03322768688721968
270,2023-09-14 21:00:00+00:00,0.0381683303980409
270,2023-09-14 22:00:00+00:00,0.052682990371492336
270,2023-09-14 23:00:00+00:00,0.004613992088814152
270,2023-09-15 00:00:00+00:00,0.014290282339742501
270,2023-09-15 01:00:00+00:00,0.03207950836051363
270,2023-09-15 02:00:00+00:00,0.024901577210595854
270,2023-09-15 03:00:00+00:00,0.004097493101535481
270,2023-09-15 04:00:00+00:00,0.0058789223928075365
270,2023-09-15 05:00:00+00:00,0.02814618064904106
270,2023-09-15 06:00:00+00:00,0.05430592193669906
270,2023-09-15 07:00:00+00:00,0.12361524633727049
270,2023-09-15 08:00:00+00:00,0.22459038746246046
270,2023-09-15 09:00:00+00:00,0.05433790108356259
270,2023-09-15 10:00:00+00:00,0.01437901285668212
270,2023-09-15 11:00:00+00:00,0.035109762505410494
270,2023-09-15 12:00:00+00:00,0.03294773630640954
270,2023-09-15 13:00:00+00:00,0.015395505415312006
270,2023-09-15 14:00:00+00:00,0.01765102904526373
270,2023-09-15 15:00:00+00:00,0.08849300595039229
270,2023-09-15 16:00:00+00:00,0.09413909205497399
270,2023-09-15 17:00:00+00:00,0.07949565382991089
270,2023-09-15 18:00:00+00:00,0.15680221835762104
270,2023-09-15 19:00:00+00:00,0.13280818089527835
270,2023-09-15 20:00:00+00:00,0.10298519838252139
270,2023-09-15 21:00:00+00:00,0.06441541318514056
270,2023-09-15 22:00:00+00:00,0.09247241751394444
270,2023-09-15 23:00:00+00:00,0.0011453932461459302
270,2023-09-16 00:00:00+00:00,0.05830919753555267
270,2023-09-16 01:00:00+00:00,0.02233820334409487
270,2023-09-16 02:00:00+00:00,0.0009577046695904577
270,2023-09-16 03:00:00+00:00,0.000803320447023987
270,2023-09-16 04:00:00+00:00,6.807281962023009e-06
270,2023-09-16 05:00:00+00:00,6.807281962023009e-06
270,2023-09-16 06:00:00+00:00,0.0003743001672666455
270,2023-09-16 07:00:00+00:00,0.0831149599746037
270,2023-09-16 08:00:00+00:00,1.1123685264763875e-05
270,2023-09-16 09:00:00+00:00,0.0030672235250006116
270,2023-09-16 10:00:00+00:00,0.005915359655358184
270,2023-09-16 11:00:00+00:00,0.0032863109196434423
270,2023-09-16 12:00:00+00:00,0.000374301315908588
270,2023-09-16 13:00:00+00:00,0.0050390100767867185
270,2023-09-16 14:00:00+00:00,0.27704986658201236
270,2023-09-16 15:00:00+00:00,0.0013145243678574486
270,2023-09-16 16:00:00+00:00,0.0046008352875008315
270,2023-09-16 17:00:00+00:00,0.00240996134107193
270,2023-09-16 18:00:00+00:00,0.05540997331640247
270,2023-09-16 19:00:00+00:00,0.002409961341071872
270,2023-09-16 20:00:00+00:00,0.00010397112005937418
270,2023-09-16 21:00:00+00:00,0.00011196951703098828
270,2023-09-16 22:00:00+00:00,1.0246682461178654e-05
270,2023-09-16 23:00:00+00:00,1.0620302206403892e-05
270,2023-09-17 00:00:00+00:00,6.807281962023009e-06
270,2023-09-17 01:00:00+00:00,6.807281962023009e-06
270,2023-09-17 02:00:00+00:00,6.807281962023009e-06
270,2023-09-17 03:00:00+00:00,0.0009698301303255424
270,2023-09-17 04:00:00+00:00,0.0009698301303255424
270,2023-09-17 05:00:00+00:00,0.0009698301303255424
270,2023-09-17 06:00:00+00:00,0.0037163062398951324
270,2023-09-17 07:00:00+00:00,0.0037163062398951324
270,2023-09-17 08:00:00+00:00,0.23167639209448676
270,2023-09-17 09:00:00+00:00,0.1862759321986218
270,2023-09-17 10:00:00+00:00,0.20889074334729155
270,2023-09-17 11:00:00+00:00,0.21354494208801142
270,2023-09-17 12:00:00+00:00,0.27713741049921065
270,2023-09-17 13:00:00+00:00,0.47698187299070216
270,2023-09-17 14:00:00+00:00,0.1453034240639153
270,2023-09-17 15:00:00+00:00,0.20147760427338446
270,2023-09-17 16:00:00+00:00,0.09413134703992525
270,2023-09-17 17:00:00+00:00,0.11286565125967638
270,2023-09-17 18:00:00+00:00,0.1452526354225351
270,2023-09-17 19:00:00+00:00,0.034531746037083685
270,2023-09-17 20:00:00+00:00,0.03652474991984269
270,2023-09-17 21:00:00+00:00,0.008454126170010031
270,2023-09-17 22:00:00+00:00,0.006609714060402116
270,2023-09-17 23:00:00+00:00,0.0075658678648205455
270,2023-09-18 00:00:00+00:00,0.0058789223928075365
270,2023-09-18 01:00:00+00:00,0.008152187777259436
270,2023-09-18 02:00:00+00:00,0.026931553243215868
270,2023-09-18 03:00:00+00:00,0.026931553243215868
270,2023-09-18 04:00:00+00:00,0.023194226605913627
270,2023-09-18 05:00:00+00:00,0.030103532667464208
270,2023-09-18 06:00:00+00:00,0.08055700614802351
270,2023-09-18 07:00:00+00:00,0.025234945695207678
270,2023-09-18 08:00:00+00:00,0.20158183010620537
270,2023-09-18 09:00:00+00:00,0.023267607044219384
270,2023-09-18 10:00:00+00:00,0.10835986921849354
270,2023-09-18 11:00:00+00:00,0.14431100639375893
270,2023-09-18 12:00:00+00:00,0.036471155939924296
270,2023-09-18 13:00:00+00:00,0.028063249085172586
270,2023-09-18 14:00:00+00:00,0.03632828133195064
270,2023-09-18 15:00:00+00:00,0.01871757623171574
270,2023-09-18 16:00:00+00:00,0.02130845871248388
270,2023-09-18 17:00:00+00:00,0.024667877708299497
270,2023-09-18 18:00:00+00:00,0.013836159144272785
270,2023-09-18 19:00:00+00:00,0.01686853029457499
270,2023-09-18 20:00:00+00:00,0.013597661104250019
270,2023-09-18 21:00:00+00:00,0.013582737580196085
270,2023-09-18 22:00:00+00:00,0.05278950146028588
270,2023-09-18 23:00:00+00:00,0.010362376498525528
270,2023-09-19 00:00:00+00:00,0.05051716265479965
270,2023-09-19 01:00:00+00:00,0.03650635791360559
270,2023-09-19 02:00:00+00:00,0.026931553243215868
270,2023-09-19 03:00:00+00:00,0.030103532667464208
270,2023-09-19 04:00:00+00:00,0.030103532667464208
270,2023-09-19 05:00:00+00:00,0.03437215290311884
270,2023-09-19 06:00:00+00:00,0.11780255745901631
270,2023-09-19 07:00:00+00:00,0.26346705882745214
270,2023-09-19 08:00:00+00:00,0.11490535156778985
270,2023-09-19 09:00:00+00:00,0.10084506529328666
270,2023-09-19 10:00:00+00:00,0.18056984700689976
270,2023-09-19 11:00:00+00:00,0.1409990922258946
270,2023-09-19 12:00:00+00:00,0.11630621578089814
270,2023-09-19 13:00:00+00:00,0.10444091074557427
270,2023-09-19 14:00:00+00:00,0.10943130645291424
270,2023-09-19 15:00:00+00:00,0.09654759700787233
270,2023-09-19 16:00:00+00:00,0.15880294290569036
270,2023-09-19 17:00:00+00:00,0.14862851413828987
270,2023-09-19 18:00:00+00:00,0.24834238635692746
270,2023-09-19 19:00:00+00:00,0.1476983403666689
270,2023-09-19 20:00:00+00:00,0.08461448287885202
270,2023-09-19 21:00:00+00:00,0.06291957288030553
270,2023-09-19 22:00:00+00:00,0.17136706250266123
270,2023-09-19 23:00:00+00:00,0.15135844920114885
270,2023-09-20 00:00:00+00:00,0.13275269222327296
270,2023-09-20 01:00:00+00:00,0.03167359988057856
270,2023-09-20 02:00:00+00:00,0.030103532667464208
270,2023-09-20 03:00:00+00:00,0.03953361536948762
270,2023-09-20 04:00:00+00:00,0.03953361536948762
270,2023-09-20 05:00:00+00:00,0.04550244053789023
270,2023-09-20 06:00:00+00:00,0.049591892024995976
270,2023-09-20 07:00:00+00:00,0.26737144602958435
270,2023-09-20 08:00:00+00:00,0.46005255663137096
270,2023-09-20 09:00:00+00:00,0.09591566776454134
270,2023-09-20 10:00:00+00:00,0.0997234974736347
270,2023-09-20 11:00:00+00:00,0.14261270056389855
270,2023-09-20 12:00:00+00:00,0.14284663133970327
270,2023-09-20 13:00:00+00:00,0.10811217363002462
270,2023-09-20 14:00:00+00:00,0.21649932826692436
270,2023-09-20 15:00:00+00:00,0.14604739705662978
270,2023-09-20 16:00:00+00:00,0.23312590662368998
270,2023-09-20 17:00:00+00:00,0.03833533419017554
270,2023-09-20 18:00:00+00:00,0.11397192931139626
270,2023-09-20 19:00:00+00:00,0.03834046403427165
270,2023-09-20 20:00:00+00:00,0.060874214629323416
270,2023-09-20 21:00:00+00:00,0.009018271006277811
270,2023-09-20 22:00:00+00:00,0.04806627188726004
270,2023-09-20 23:00:00+00:00,0.036842762098281835
270,2023-09-21 00:00:00+00:00,0.025288148596568787
270,2023-09-21 01:00:00+00:00,0.031133889276070498
270,2023-09-21 02:00:00+00:00,0.04495742925826335
270,2023-09-21 03:00:00+00:00,0.046355407711602924
270,2023-09-21 04:00:00+00:00,0.004097493101535481
270,2023-09-21 05:00:00+00:00,0.024501287865073745
270,2023-09-21 06:00:00+00:00,0.04785091133643872
270,2023-09-21 07:00:00+00:00,0.014820909968233988
270,2023-09-21 08:00:00+00:00,0.0785178022688766
270,2023-09-21 09:00:00+00:00,0.06750451761241197
270,2023-09-21 10:00:00+00:00,0.03025077282444732
270,2023-09-21 11:00:00+00:00,0.13566479712162346
270,2023-09-21 12:00:00+00:00,0.10962011900346662
270,2023-09-21 13:00:00+00:00,0.09283355438285598
270,2023-09-21 14:00:00+00:00,0.12004412601603469
270,2023-09-21 15:00:00+00:00,0.09208671455213567
270,2023-09-21 16:00:00+00:00,0.002811177778897768
270,2023-09-21 17:00:00+00:00,0.025552221146856433
270,2023-09-21 18:00:00+00:00,0.027791818323866836
270,2023-09-21 19:00:00+00:00,0.00208188896097003
270,2023-09-21 20:00:00+00:00,0.02733761023217681
270,2023-09-21 21:00:00+00:00,0.04838490513024638
270,2023-09-21 22:00:00+00:00,0.010698802575624528
270,2023-09-21 23:00:00+00:00,0.0024971260317452285
270,2023-09-22 00:00:00+00:00,0.001528009812646258
270,2023-09-22 01:00:00+00:00,0.0006670565291086958
270,2023-09-22 02:00:00+00:00,0.0006670565291086958
270,2023-09-22 03:00:00+00:00,0.001528009812646258
270,2023-09-22 04:00:00+00:00,0.001528009812646258
270,2023-09-22 05:00:00+00:00,0.001528009812646258
270,2023-09-22 06:00:00+00:00,0.012747654467965728
270,2023-09-22 07:00:00+00:00,0.0834716467131793
270,2023-09-22 08:00:00+00:00,0.13157076857065372
270,2023-09-22 09:00:00+00:00,0.027407462693918756
270,2023-09-22 10:00:00+00:00,0.030011830284667834
270,2023-09-22 11:00:00+00:00,0.0454693412043702
270,2023-09-22 12:00:00+00:00,0.00474153625155642
270,2023-09-22 13:00:00+00:00,0.0095369118366206
270,2023-09-22 14:00:00+00:00,0.0038195014193898582
270,2023-09-22 15:00:00+00:00,0.0027290346145793054
270,2023-09-22 16:00:00+00:00,0.006242570313387685
270,2023-09-22 17:00:00+00:00,0.003090949161806714
270,2023-09-22 18:00:00+00:00,0.0022488499532009446
270,2023-09-22 19:00:00+00:00,0.0007286320974223254
270,2023-09-22 20:00:00+00:00,0.0022914158316250004
270,2023-09-22 21:00:00+00:00,0.045536865665226564
270,2023-09-22 22:00:00+00:00,0.006348269467859692
270,2023-09-22 23:00:00+00:00,0.007316316906844971
270,2023-09-23 00:00:00+00:00,0.053785332769901974
270,2023-09-23 01:00:00+00:00,0.05051716265479965
270,2023-09-23 02:00:00+00:00,0.05051716265479965
270,2023-09-23 03:00:00+00:00,0.05051716265479965
270,2023-09-23 04:00:00+00:00,0.05051716265479965
270,2023-09-23 05:00:00+00:00,0.026931553243215868
270,2023-09-23 06:00:00+00:00,0.1892199885684159
270,2023-09-23 07:00:00+00:00,0.18201132548253524
270,2023-09-23 08:00:00+00:00,0.09466060727678205
270,2023-09-23 09:00:00+00:00,0.10533469245289624
270,2023-09-23 10:00:00+00:00,0.2751622653726529
270,2023-09-23 11:00:00+00:00,0.1785950376579252
270,2023-09-23 12:00:00+00:00,0.20438331483687125
270,2023-09-23 13:00:00+00:00,0.24637157768325957
270,2023-09-23 14:00:00+00:00,0.14106865815332298
270,2023-09-23 15:00:00+00:00,0.08132254105780191
270,2023-09-23 16:00:00+00:00,0.11017795899364535
270,2023-09-23 17:00:00+00:00,0.1148801314880416
270,2023-09-23 18:00:00+00:00,0.05394050558824885
270,2023-09-23 19:00:00+00:00,0.026775664394969236
270,2023-09-23 20:00:00+00:00,0.0039917439113407345
270,2023-09-23 21:00:00+00:00,0.008989306178301749
270,2023-09-23 22:00:00+00:00,0.004396151029420302
270,2023-09-23 23:00:00+00:00,0.004845510796993392
270,2023-09-24 00:00:00+00:00,0.007743250924806594
270,2023-09-24 01:00:00+00:00,0.004100063248441567
270,2023-09-24 02:00:00+00:00,0.004410553710810124
270,2023-09-24 03:00:00+00:00,0.008152187777259436
270,2023-09-24 04:00:00+00:00,0.008152187777259436
270,2023-09-24 05:00:00+00:00,0.02223214725651791
270,2023-09-24 06:00:00+00:00,0.1892199885684159
270,2023-09-24 07:00:00+00:00,0.049798722198070196
270,2023-09-24 08:00:00+00:00,0.13456496969477097
270,2023-09-24 09:00:00+00:00,0.1695522744384105
270,2023-09-24 10:00:00+00:00,0.18048943239948279
270,2023-09-24 11:00:00+00:00,0.16714288167284255
270,2023-09-24 12:00:00+00:00,0.12292418168440876
270,2023-09-24 13:00:00+00:00,0.37775620845654706
270,2023-09-24 14:00:00+00:00,0.14096707667191552
270,2023-09-24 15:00:00+00:00,0.12390658289807958
270,2023-09-24 16:00:00+00:00,0.07257432917175015
270,2023-09-24 17:00:00+00:00,0.007743790208087807
270,2023-09-24 18:00:00+00:00,0.007332139479494143
270,2023-09-24 19:00:00+00:00,0.015259378887254526
270,2023-09-24 20:00:00+00:00,0.014959243110023274
270,2023-09-24 21:00:00+00:00,0.017020214078555997
270,2023-09-24 22:00:00+00:00,0.011154974488833512
270,2023-09-24 23:00:00+00:00,0.05377401476990146
270,2023-09-25 00:00:00+00:00,0.025808372190597423
270,2023-09-25 01:00:00+00:00,0.023194226605913627
270,2023-09-25 02:00:00+00:00,0.026931553243215868
270,2023-09-25 03:00:00+00:00,0.023194226605913627
270,2023-09-25 04:00:00+00:00,0.030103532667464208
270,2023-09-25 05:00:00+00:00,0.030103532667464208
270,2023-09-25 06:00:00+00:00,0.15491064089137566
270,2023-09-25 07:00:00+00:00,0.24572597373010296
270,2023-09-25 08:00:00+00:00,0.36249057917316935
270,2023-09-25 09:00:00+00:00,0.1799316729504629
270,2023-09-25 10:00:00+00:00,0.09580005882485498
270,2023-09-25 11:00:00+00:00,0.10314424684505102
270,2023-09-25 12:00:00+00:00,0.15774561634697648
270,2023-09-25 13:00:00+00:00,0.13269061018479383
270,2023-09-25 14:00:00+00:00,0.15804928795405696
270,2023-09-25 15:00:00+00:00,0.025494782871578688
270,2023-09-25 16:00:00+00:00,0.037870530623817185
270,2023-09-25 17:00:00+00:00,0.018524551323923468
270,2023-09-25 18:00:00+00:00,0.059701662501520314
270,2023-09-25 19:00:00+00:00,0.2232426226644234
270,2023-09-25 20:00:00+00:00,0.006117672148243317
270,2023-09-25 21:00:00+00:00,0.012787458661256359
270,2023-09-25 22:00:00+00:00,0.006482216809193544
270,2023-09-25 23:00:00+00:00,0.0075658678648205455
270,2023-09-26 00:00:00+00:00,0.004097493101535481
270,2023-09-26 01:00:00+00:00,0.0058789223928075365
270,2023-09-26 02:00:00+00:00,0.02814618064904106
270,2023-09-26 03:00:00+00:00,0.02814618064904106
270,2023-09-26 04:00:00+00:00,0.024501287865073745
270,2023-09-26 05:00:00+00:00,0.02742859786218337
270,2023-09-26 06:00:00+00:00,0.06055309669380914
270,2023-09-26 07:00:00+00:00,0.12889280826852484
270,2023-09-26 08:00:00+00:00,0.04358121955010181
270,2023-09-26 09:00:00+00:00,0.17827614526284444
270,2023-09-26 10:00:00+00:00,0.14785095245395427
270,2023-09-26 11:00:00+00:00,0.12328358544544867
270,2023-09-26 12:00:00+00:00,0.21174905431607247
270,2023-09-26 13:00:00+00:00,0.15923467679119302
270,2023-09-26 14:00:00+00:00,0.11479318873457765
270,2023-09-26 15:00:00+00:00,0.07689364570540705
270,2023-09-26 16:00:00+00:00,0.03797192981275997
270,2023-09-26 17:00:00+00:00,0.1351755445147233
270,2023-09-26 18:00:00+00:00,0.23301177500524678
270,2023-09-26 19:00:00+00:00,0.020313800250800738
270,2023-09-26 20:00:00+00:00,0.03738088155860391
270,2023-09-26 21:00:00+00:00,0.005787694069497121
270,2023-09-26 22:00:00+00:00,0.06060727166130731
270,2023-09-26 23:00:00+00:00,0.03067065843290913
270,2023-09-27 00:00:00+00:00,0.04244742248976731
270,2023-09-27 01:00:00+00:00,0.027420635593421602
270,2023-09-27 02:00:00+00:00,0.03826587847611084
270,2023-09-27 03:00:00+00:00,0.027420635593421602
270,2023-09-27 04:00:00+00:00,0.027420635593421602
270,2023-09-27 05:00:00+00:00,0.027420635593421602
270,2023-09-27 06:00:00+00:00,0.05408876750951423
270,2023-09-27 07:00:00+00:00,0.1280097579524326
270,2023-09-27 08:00:00+00:00,0.05418935130952422
270,2023-09-27 09:00:00+00:00,0.0870260192674346
270,2023-09-27 10:00:00+00:00,0.09375516356144149
270,2023-09-27 11:00:00+00:00,0.049280391248790786
270,2023-09-27 12:00:00+00:00,0.019243703175590977
270,2023-09-27 13:00:00+00:00,0.013151703852929242
270,2023-09-27 14:00:00+00:00,0.02282089315609797
270,2023-09-27 15:00:00+00:00,0.03476110175883931
270,2023-09-27 16:00:00+00:00,0.03561657697311566
270,2023-09-27 17:00:00+00:00,0.09509492528301992
270,2023-09-27 18:00:00+00:00,0.15213160165863393
270,2023-09-27 19:00:00+00:00,0.054632778890731176
270,2023-09-27 20:00:00+00:00,0.04064918471924119
270,2023-09-27 21:00:00+00:00,0.026753119334228324
270,2023-09-27 22:00:00+00:00,0.023065584065868033
270,2023-09-27 23:00:00+00:00,0.024663117478730356
270,2023-09-28 00:00:00+00:00,0.026931553243215868
270,2023-09-28 01:00:00+00:00,0.03650635791360559
270,2023-09-28 02:00:00+00:00,0.03650635791360559
270,2023-09-28 03:00:00+00:00,0.03650635791360559
270,2023-09-28 04:00:00+00:00,0.05051716265479965
270,2023-09-28 05:00:00+00:00,0.04948978106973619
270,2023-09-28 06:00:00+00:00,0.08135891697533858
270,2023-09-28 07:00:00+00:00,0.29150923820624186
270,2023-09-28 08:00:00+00:00,0.213442024318909
270,2023-09-28 09:00:00+00:00,0.1802861465357501
270,2023-09-28 10:00:00+00:00,0.15135039276721063
270,2023-09-28 11:00:00+00:00,0.19249311779576075
270,2023-09-28 12:00:00+00:00,0.12034638998794747
270,2023-09-28 13:00:00+00:00,0.11970100299127596
270,2023-09-28 14:00:00+00:00,0.1330289851933365
270,2023-09-28 15:00:00+00:00,0.17188380437371198
270,2023-09-28 16:00:00+00:00,0.15692932234653945
270,2023-09-28 17:00:00+00:00,0.04401541169881817
270,2023-09-28 18:00:00+00:00,0.043170611923514936
270,2023-09-28 19:00:00+00:00,0.011819217745285784
270,2023-09-28 20:00:00+00:00,0.05696950642157951
270,2023-09-28 21:00:00+00:00,0.009072750203246919
270,2023-09-28 22:00:00+00:00,0.006804562652435188
270,2023-09-28 23:00:00+00:00,0.012544699847531673
270,2023-09-29 00:00:00+00:00,0.04360970122124269
270,2023-09-29 01:00:00+00:00,0.010867905767881913
270,2023-09-29 02:00:00+00:00,6.807281962023009e-06
270,2023-09-29 03:00:00+00:00,0.0006670565291086958
270,2023-09-29 04:00:00+00:00,0.05051716265479965
270,2023-09-29 05:00:00+00:00,0.007851435898623665
270,2023-09-29 06:00:00+00:00,0.003273278545698441
270,2023-09-29 07:00:00+00:00,0.037081794158217996
270,2023-09-29 08:00:00+00:00,0.030110621103073533
270,2023-09-29 09:00:00+00:00,0.03975519437087903
270,2023-09-29 10:00:00+00:00,0.018363715543463163
270,2023-09-29 11:00:00+00:00,0.011796497428292226
270,2023-09-29 12:00:00+00:00,0.00831143395593211
270,2023-09-29 13:00:00+00:00,0.006368861092984595
270,2023-09-29 14:00:00+00:00,0.17605464400625606
270,2023-09-29 15:00:00+00:00,0.11213809245177865
270,2023-09-29 16:00:00+00:00,0.14481641949662302
270,2023-09-29 17:00:00+00:00,0.13598061108969337
270,2023-09-29 18:00:00+00:00,0.07400003031642426
270,2023-09-29 19:00:00+00:00,0.07840225724008076
270,2023-09-29 20:00:00+00:00,0.008308012943236001
270,2023-09-29 21:00:00+00:00,0.007420856378655254
270,2023-09-29 22:00:00+00:00,0.051036902561479885
270,2023-09-29 23:00:00+00:00,0.02624330650723538
270,2023-09-30 00:00:00+00:00,0.028464578350573692
270,2023-09-30 01:00:00+00:00,0.04103089768349904
270,2023-09-30 02:00:00+00:00,0.02814618064904106
270,2023-09-30 03:00:00+00:00,0.0058789223928075365
270,2023-09-30 04:00:00+00:00,0.004097493101535481
270,2023-09-30 05:00:00+00:00,0.004097493101535481
270,2023-09-30 06:00:00+00:00,0.017082448387249597
270,2023-09-30 07:00:00+00:00,0.07099541260096637
270,2023-09-30 08:00:00+00:00,0.06867797052451304
270,2023-09-30 09:00:00+00:00,0.05885661177512666
270,2023-09-30 10:00:00+00:00,0.03407116925112267
270,2023-09-30 11:00:00+00:00,0.02235952685850247
270,2023-09-30 12:00:00+00:00,0.06229467495631247
270,2023-09-30 13:00:00+00:00,0.0732282029442137
270,2023-09-30 14:00:00+00:00,0.17123053292178592
270,2023-09-30 15:00:00+00:00,0.259055476397119
270,2023-09-30 16:00:00+00:00,0.1522505155857803
270,2023-09-30 17:00:00+00:00,0.1306394017441331
270,2023-09-30 18:00:00+00:00,0.04503323060787053
270,2023-09-30 19:00:00+00:00,0.09154237613041452
270,2023-09-30 20:00:00+00:00,0.06061850360605038
270,2023-09-30 21:00:00+00:00,0.048767579047313
270,2023-09-30 22:00:00+00:00,0.044233355680147426
270,2023-09-30 23:00:00+00:00,0.04221649636946974
270,2023-10-01 00:00:00+00:00,0.03810728973207205
270,2023-10-01 01:00:00+00:00,0.04014478485757177
270,2023-10-01 02:00:00+00:00,0.03953361536948762
270,2023-10-01 03:00:00+00:00,0.03953361536948762
270,2023-10-01 04:00:00+00:00,0.030103532667464208
270,2023-10-01 05:00:00+00:00,0.03953361536948762
270,2023-10-01 06:00:00+00:00,0.03633433115496335
270,2023-10-01 07:00:00+00:00,0.0995985180803009
270,2023-10-01 08:00:00+00:00,0.0481381078092747
270,2023-10-01 09:00:00+00:00,0.04958441189395445
270,2023-10-01 10:00:00+00:00,0.11794332091263753
270,2023-10-01 11:00:00+00:00,0.13745916293723628
270,2023-10-01 12:00:00+00:00,0.16164833767571518
270,2023-10-01 13:00:00+00:00,0.18865102704112743
270,2023-10-01 14:00:00+00:00,0.07245241268315171
270,2023-10-01 15:00:00+00:00,0.10029925132831269
270,2023-10-01 16:00:00+00:00,0.27834116766101674
270,2023-10-01 17:00:00+00:00,0.06806545594336579
270,2023-10-01 18:00:00+00:00,0.04191184641082153
270,2023-10-01 19:00:00+00:00,0.011489664975094842
270,2023-10-01 20:00:00+00:00,0.06400217774574445
270,2023-10-01 21:00:00+00:00,0.03997357892983975
270,2023-10-01 22:00:00+00:00,0.04009180428646722
270,2023-10-01 23:00:00+00:00,0.046434879104419215
270,2023-10-02 00:00:00+00:00,0.05051716265479965
270,2023-10-02 01:00:00+00:00,0.05051716265479965
270,2023-10-02 02:00:00+00:00,0.03650635791360559
270,2023-10-02 03:00:00+00:00,0.03650635791360559
270,2023-10-02 04:00:00+00:00,0.03650635791360559
270,2023-10-02 05:00:00+00:00,0.02185921750498501
270,2023-10-02 06:00:00+00:00,0.07166922148853345
270,2023-10-02 07:00:00+00:00,0.30199407660628863
270,2023-10-02 08:00:00+00:00,0.13773828437071436
270,2023-10-02 09:00:00+00:00,0.12560540896504196
270,2023-10-02 10:00:00+00:00,0.02426732789684246
270,2023-10-02 11:00:00+00:00,0.14314243106737304
270,2023-10-02 12:00:00+00:00,0.09234995552733746
270,2023-10-02 13:00:00+00:00,0.0004366789337160924
270,2023-10-02 14:00:00+00:00,0.22255890033469725
270,2023-10-02 15:00:00+00:00,0.00016635792728849556
270,2023-10-02 16:00:00+00:00,8.073205974570496e-05
270,2023-10-02 17:00:00+00:00,0.0408817195149152
270,2023-10-02 18:00:00+00:00,0.08377593841282052
270,2023-10-02 19:00:00+00:00,1.5323862106065164e-05
270,2023-10-02 20:00:00+00:00,6.487980167058835e-06
270,2023-10-02 21:00:00+00:00,0.008891922900994293
270,2023-10-02 22:00:00+00:00,0.02194109990653462
270,2023-10-02 23:00:00+00:00,0.02194109990653462
270,2023-10-03 00:00:00+00:00,0.007392412410152592
270,2023-10-03 01:00:00+00:00,0.0005153784633358718
270,2023-10-03 02:00:00+00:00,0.0006670256709892487
270,2023-10-03 03:00:00+00:00,0.009313064119208705
270,2023-10-03 04:00:00+00:00,0.08127427047329598
270,2023-10-03 05:00:00+00:00,0.05051716265479965
270,2023-10-03 06:00:00+00:00,0.016170163671216722
270,2023-10-03 07:00:00+00:00,0.07144429207525925
270,2023-10-03 08:00:00+00:00,0.09955150922867692
270,2023-10-03 09:00:00+00:00,0.13001227400241763
270,2023-10-03 10:00:00+00:00,0.36944397069405316
270,2023-10-03 11:00:00+00:00,0.03311703877663337
270,2023-10-03 12:00:00+00:00,0.02697939103706802
270,2023-10-03 13:00:00+00:00,0.1174526037150148
270,2023-10-03 14:00:00+00:00,0.10566908110950045
270,2023-10-03 15:00:00+00:00,0.09220564792407644
270,2023-10-03 16:00:00+00:00,0.03244663361513619
270,2023-10-03 17:00:00+00:00,0.07968907032092282
270,2023-10-03 18:00:00+00:00,0.07112168360171342
270,2023-10-03 19:00:00+00:00,0.008320893021251328
270,2023-10-03 20:00:00+00:00,0.009652751910159015
270,2023-10-03 21:00:00+00:00,0.011177433259963865
270,2023-10-03 22:00:00+00:00,0.011048263814496565
270,2023-10-03 23:00:00+00:00,0.06203349727545112
270,2023-10-04 00:00:00+00:00,0.007851435898623665
270,2023-10-04 01:00:00+00:00,0.05051716265479965
270,2023-10-04 02:00:00+00:00,0.05051716265479965
270,2023-10-04 03:00:00+00:00,0.023194226605913627
270,2023-10-04 04:00:00+00:00,0.026931553243215868
270,2023-10-04 05:00:00+00:00,0.02807341015392405
270,2023-10-04 06:00:00+00:00,0.06390660163813491
270,2023-10-04 07:00:00+00:00,0.18543394852114947
270,2023-10-04 08:00:00+00:00,0.197060666868197
270,2023-10-04 09:00:00+00:00,0.13085074219413279
270,2023-10-04 10:00:00+00:00,0.097850313610325
270,2023-10-04 11:00:00+00:00,0.14921653599728787
270,2023-10-04 12:00:00+00:00,0.06073997653284981
270,2023-10-04 13:00:00+00:00,0.15966298358740091
270,2023-10-04 14:00:00+00:00,0.19297561044861475
270,2023-10-04 15:00:00+00:00,0.2093056775792583
270,2023-10-04 16:00:00+00:00,0.15969416397675476
270,2023-10-04 17:00:00+00:00,0.09378512625740518
270,2023-10-04 18:00:00+00:00,0.08650038975630402
270,2023-10-04 19:00:00+00:00,0.0668659670766367
270,2023-10-04 20:00:00+00:00,0.057714266507226386
270,2023-10-04 21:00:00+00:00,0.03980436729375154
270,2023-10-04 22:00:00+00:00,0.026888132646944715
270,2023-10-04 23:00:00+00:00,0.029113147815159075
270,2023-10-05 00:00:00+00:00,0.026931553243215868
270,2023-10-05 01:00:00+00:00,0.023194226605913627
270,2023-10-05 02:00:00+00:00,0.030103532667464208
270,2023-10-05 03:00:00+00:00,0.026931553243215868
270,2023-10-05 04:00:00+00:00,0.030103532667464208
270,2023-10-05 05:00:00+00:00,0.030912691869864943
270,2023-10-05 06:00:00+00:00,0.05941318382695798
270,2023-10-05 07:00:00+00:00,0.16781982670236223
270,2023-10-05 08:00:00+00:00,0.2047638241405784
270,2023-10-05 09:00:00+00:00,0.12356645055902982
270,2023-10-05 10:00:00+00:00,0.12421003751751916
270,2023-10-05 11:00:00+00:00,0.09854972227566584
270,2023-10-05 12:00:00+00:00,0.11423843758355964
270,2023-10-05 13:00:00+00:00,0.1318624222902724
270,2023-10-05 14:00:00+00:00,0.10322010075870157
270,2023-10-05 15:00:00+00:00,0.06434725960260193
270,2023-10-05 16:00:00+00:00,0.11495388033378869
270,2023-10-05 17:00:00+00:00,0.07252294591255325
270,2023-10-05 18:00:00+00:00,0.10571627884766174
270,2023-10-05 19:00:00+00:00,0.029892333506293528
270,2023-10-05 20:00:00+00:00,0.041605955793441014
270,2023-10-05 21:00:00+00:00,0.04154059742344764
270,2023-10-05 22:00:00+00:00,0.033066606531445816
270,2023-10-05 23:00:00+00:00,0.0305456988412012
270,2023-10-06 00:00:00+00:00,0.039283936464618106
270,2023-10-06 01:00:00+00:00,0.03999975699407417
270,2023-10-06 02:00:00+00:00,0.03953361536948762
270,2023-10-06 03:00:00+00:00,0.04244742248976731
270,2023-10-06 04:00:00+00:00,0.03953361536948762
270,2023-10-06 05:00:00+00:00,0.03953361536948762
270,2023-10-06 06:00:00+00:00,0.039643015178791804
270,2023-10-06 07:00:00+00:00,0.2257063699672
270,2023-10-06 08:00:00+00:00,0.27057617514689686
270,2023-10-06 09:00:00+00:00,0.11811992772365129
270,2023-10-06 10:00:00+00:00,0.08167642060276858
270,2023-10-06 11:00:00+00:00,0.0785887008134144
270,2023-10-06 12:00:00+00:00,0.1712286209892632
270,2023-10-06 13:00:00+00:00,0.10988071781970268
270,2023-10-06 14:00:00+00:00,0.14696941136901934
270,2023-10-06 15:00:00+00:00,0.21230157520793128
270,2023-10-06 16:00:00+00:00,0.07692135980182312
270,2023-10-06 17:00:00+00:00,0.14151012530039586
270,2023-10-06 18:00:00+00:00,0.1346429944088357
270,2023-10-06 19:00:00+00:00,0.14390528831836416
270,2023-10-06 20:00:00+00:00,0.0993616087957494
270,2023-10-06 21:00:00+00:00,0.054817929273134655
270,2023-10-06 22:00:00+00:00,0.12545011518624546
270,2023-10-06 23:00:00+00:00,0.08140568707709223
270,2023-10-07 00:00:00+00:00,0.059954221111832406
270,2023-10-07 01:00:00+00:00,0.023194226605913627
270,2023-10-07 02:00:00+00:00,0.030103532667464208
270,2023-10-07 03:00:00+00:00,0.030103532667464208
270,2023-10-07 04:00:00+00:00,0.023194226605913627
270,2023-10-07 05:00:00+00:00,0.023194226605913627
270,2023-10-07 06:00:00+00:00,0.11486539310505578
270,2023-10-07 07:00:00+00:00,0.09265641938078703
270,2023-10-07 08:00:00+00:00,0.0766722951178428
270,2023-10-07 09:00:00+00:00,0.07971458887859005
270,2023-10-07 10:00:00+00:00,0.15446048168220144
270,2023-10-07 11:00:00+00:00,0.032348942861015084
270,2023-10-07 12:00:00+00:00,0.1551785588891346
270,2023-10-07 13:00:00+00:00,0.10234092812467173
270,2023-10-07 14:00:00+00:00,0.08302420395009832
270,2023-10-07 15:00:00+00:00,0.10326334757572368
270,2023-10-07 16:00:00+00:00,0.1031060101744936
270,2023-10-07 17:00:00+00:00,0.07962795063723384
270,2023-10-07 18:00:00+00:00,0.07079859893017036
270,2023-10-07 19:00:00+00:00,0.03782200362832995
270,2023-10-07 20:00:00+00:00,0.037074460920405485
270,2023-10-07 21:00:00+00:00,0.033235232061494493
270,2023-10-07 22:00:00+00:00,0.028664717121397707
270,2023-10-07 23:00:00+00:00,0.027148425451004803
270,2023-10-08 00:00:00+00:00,0.04120161635385448
270,2023-10-08 01:00:00+00:00,0.043551365904534914
270,2023-10-08 02:00:00+00:00,0.052571925824926556
270,2023-10-08 03:00:00+00:00,0.03650635791360559
270,2023-10-08 04:00:00+00:00,0.026931553243215868
270,2023-10-08 05:00:00+00:00,0.02223214725651791
270,2023-10-08 06:00:00+00:00,0.10478430190002268
270,2023-10-08 07:00:00+00:00,0.09178307168956688
270,2023-10-08 08:00:00+00:00,0.07863590291327385
270,2023-10-08 09:00:00+00:00,0.0025298579981442083
270,2023-10-08 10:00:00+00:00,0.050028313068282766
270,2023-10-08 11:00:00+00:00,0.07290132889459298
270,2023-10-08 12:00:00+00:00,0.15878204862476375
270,2023-10-08 13:00:00+00:00,0.0029092589593044346
270,2023-10-08 14:00:00+00:00,0.008321373404967695
270,2023-10-08 15:00:00+00:00,0.02922220565550419
270,2023-10-08 16:00:00+00:00,0.26925114101952835
270,2023-10-08 17:00:00+00:00,0.17558422198860252
270,2023-10-08 18:00:00+00:00,0.041531605947017755
270,2023-10-08 19:00:00+00:00,0.047505379299373644
270,2023-10-08 20:00:00+00:00,0.044669118672823915
270,2023-10-08 21:00:00+00:00,0.04810684314396983
270,2023-10-08 22:00:00+00:00,0.04005465315213928
270,2023-10-08 23:00:00+00:00,0.04620605583352734
270,2023-10-09 00:00:00+00:00,0.026931553243215868
270,2023-10-09 01:00:00+00:00,0.03650635791360559
270,2023-10-09 02:00:00+00:00,0.03650635791360559
270,2023-10-09 03:00:00+00:00,0.05051716265479965
270,2023-10-09 04:00:00+00:00,0.05051716265479965
270,2023-10-09 05:00:00+00:00,0.06630399675632874
270,2023-10-09 06:00:00+00:00,0.08176355950249324
270,2023-10-09 07:00:00+00:00,0.08322501405316961
270,2023-10-09 08:00:00+00:00,0.02494602453004716
270,2023-10-09 09:00:00+00:00,0.13952155069865105
270,2023-10-09 10:00:00+00:00,0.22278952689235226
270,2023-10-09 11:00:00+00:00,0.12425332852857314
270,2023-10-09 12:00:00+00:00,0.06841375146810375
270,2023-10-09 13:00:00+00:00,0.0034549023502304962
270,2023-10-09 14:00:00+00:00,0.003274215648419705
270,2023-10-09 15:00:00+00:00,0.0028109398406992803
270,2023-10-09 16:00:00+00:00,0.004002745678567165
270,2023-10-09 17:00:00+00:00,0.0030924155246522377
270,2023-10-09 18:00:00+00:00,0.0074830397919486685
270,2023-10-09 19:00:00+00:00,0.01374809058171474
270,2023-10-09 20:00:00+00:00,0.06489605215932447
270,2023-10-09 21:00:00+00:00,0.049244156804325166
270,2023-10-09 22:00:00+00:00,0.005476378803731905
270,2023-10-09 23:00:00+00:00,0.0075658678648205455
270,2023-10-10 00:00:00+00:00,0.008152187777259436
270,2023-10-10 01:00:00+00:00,0.030103532667464208
270,2023-10-10 02:00:00+00:00,0.05051716265479965
270,2023-10-10 03:00:00+00:00,0.05051716265479965
270,2023-10-10 04:00:00+00:00,0.030103532667464208
270,2023-10-10 05:00:00+00:00,0.023194226605913627
270,2023-10-10 06:00:00+00:00,0.0994967431426994
270,2023-10-10 07:00:00+00:00,0.08651430639383799
270,2023-10-10 08:00:00+00:00,0.08439505366305021
270,2023-10-10 09:00:00+00:00,0.13545634718460098
270,2023-10-10 10:00:00+00:00,0.11068502944088472
270,2023-10-10 11:00:00+00:00,0.12808617464517727
270,2023-10-10 12:00:00+00:00,0.11337041982915824
270,2023-10-10 13:00:00+00:00,0.20026461884973343
270,2023-10-10 14:00:00+00:00,0.10902354249937611
270,2023-10-10 15:00:00+00:00,0.07161376084783912
270,2023-10-10 16:00:00+00:00,0.0677118318874245
270,2023-10-10 17:00:00+00:00,0.06358842311738876
270,2023-10-10 18:00:00+00:00,0.07289370768129132
270,2023-10-10 19:00:00+00:00,0.049341267242004994
270,2023-10-10 20:00:00+00:00,0.05164632290338307
270,2023-10-10 21:00:00+00:00,0.05460973098741974
270,2023-10-10 22:00:00+00:00,0.03524599310815985
270,2023-10-10 23:00:00+00:00,0.03067065843290913
270,2023-10-11 00:00:00+00:00,0.023194226605913627
270,2023-10-11 01:00:00+00:00,0.023194226605913627
270,2023-10-11 02:00:00+00:00,0.023194226605913627
270,2023-10-11 03:00:00+00:00,0.023194226605913627
270,2023-10-11 04:00:00+00:00,0.023194226605913627
270,2023-10-11 05:00:00+00:00,0.023194226605913627
270,2023-10-11 06:00:00+00:00,0.1101135120512923
270,2023-10-11 07:00:00+00:00,0.11328786267836324
270,2023-10-11 08:00:00+00:00,0.12627487006426436
270,2023-10-11 09:00:00+00:00,0.12565637203310026
270,2023-10-11 10:00:00+00:00,0.07272697340303892
270,2023-10-11 11:00:00+00:00,0.06683244750941533
270,2023-10-11 12:00:00+00:00,0.12631838409232862
270,2023-10-11 13:00:00+00:00,0.05324023596774287
270,2023-10-11 14:00:00+00:00,0.09089671418341307
270,2023-10-11 15:00:00+00:00,0.10191028002384592
270,2023-10-11 16:00:00+00:00,0.1202767476419496
270,2023-10-11 17:00:00+00:00,0.04440331743754878
270,2023-10-11 18:00:00+00:00,0.14847725261991226
270,2023-10-11 19:00:00+00:00,0.059640385973309035
270,2023-10-11 20:00:00+00:00,0.040158905027777976
270,2023-10-11 21:00:00+00:00,0.060309131798283525
270,2023-10-11 22:00:00+00:00,0.007643945560689717
270,2023-10-11 23:00:00+00:00,6.731286097738866e-06
270,2023-10-12 00:00:00+00:00,0.0008763495785716182
270,2023-10-12 01:00:00+00:00,0.000803320447023987
270,2023-10-12 02:00:00+00:00,0.000803320447023987
270,2023-10-12 03:00:00+00:00,7.624622102741467e-05
270,2023-10-12 04:00:00+00:00,0.000803320447023987
270,2023-10-12 05:00:00+00:00,0.0008033204470239886
270,2023-10-12 06:00:00+00:00,0.03232248443456811
270,2023-10-12 07:00:00+00:00,0.00525809747142954
270,2023-10-12 08:00:00+00:00,0.00039510495902712287
270,2023-10-12 09:00:00+00:00,0.00016131792557784873
270,2023-10-12 10:00:00+00:00,0.00022873956549857643
270,2023-10-12 11:00:00+00:00,6.570922427015058e-05
270,2023-10-12 12:00:00+00:00,0.003055237555863745
270,2023-10-12 13:00:00+00:00,0.005258097471429519
270,2023-10-12 14:00:00+00:00,0.00011093736083402016
270,2023-10-12 15:00:00+00:00,0.12535940943604312
270,2023-10-12 16:00:00+00:00,0.0488815175382701
270,2023-10-12 17:00:00+00:00,0.0409038332743234
270,2023-10-12 18:00:00+00:00,0.05819384200443039
270,2023-10-12 19:00:00+00:00,0.07820243265920854
270,2023-10-12 20:00:00+00:00,0.036898241631288534
270,2023-10-12 21:00:00+00:00,0.004866989023948422
270,2023-10-12 22:00:00+00:00,0.0163279603147437
270,2023-10-12 23:00:00+00:00,0.012282324005216992
270,2023-10-13 00:00:00+00:00,0.03799434849246251
270,2023-10-13 01:00:00+00:00,0.02223214725651791
270,2023-10-13 02:00:00+00:00,0.03953361536948762
270,2023-10-13 03:00:00+00:00,0.013903317995243691
270,2023-10-13 04:00:00+00:00,0.04244742248976731
270,2023-10-13 05:00:00+00:00,0.030103532667464208
270,2023-10-13 06:00:00+00:00,0.08730673800240633
270,2023-10-13 07:00:00+00:00,0.09178307168956688
270,2023-10-13 08:00:00+00:00,0.11486539310505578
270,2023-10-13 09:00:00+00:00,0.11486539310505578
270,2023-10-13 10:00:00+00:00,0.12255067963108679
270,2023-10-13 11:00:00+00:00,0.15664169156912555
270,2023-10-13 12:00:00+00:00,0.15664169156912555
270,2023-10-13 13:00:00+00:00,0.15664169156912555
270,2023-10-13 14:00:00+00:00,0.12255067963108679
270,2023-10-13 15:00:00+00:00,0.09689018134811997
270,2023-10-13 16:00:00+00:00,0.002389316765450516
270,2023-10-13 17:00:00+00:00,0.07849746219823683
270,2023-10-13 18:00:00+00:00,0.12433289947036286
270,2023-10-13 19:00:00+00:00,0.03668043014084845
270,2023-10-13 20:00:00+00:00,0.005090566143734153
270,2023-10-13 21:00:00+00:00,0.0025032547158252453
270,2023-10-13 22:00:00+00:00,0.03782827965164335
270,2023-10-13 23:00:00+00:00,0.007016442368698568
270,2023-10-14 00:00:00+00:00,0.006733785553462906
270,2023-10-14 01:00:00+00:00,0.0013751817942435597
270,2023-10-14 02:00:00+00:00,0.007851435898623665
270,2023-10-14 03:00:00+00:00,0.007851435898623665
270,2023-10-14 04:00:00+00:00,0.007851435898623665
270,2023-10-14 05:00:00+00:00,0.007851435898623665
270,2023-10-14 06:00:00+00:00,0.02827851551529041
270,2023-10-14 07:00:00+00:00,0.02827851551529041
270,2023-10-14 08:00:00+00:00,0.02827851551529041
270,2023-10-14 09:00:00+00:00,0.02827851551529041
270,2023-10-14 10:00:00+00:00,0.002810954723647607
270,2023-10-14 11:00:00+00:00,0.002810954723647607
270,2023-10-14 12:00:00+00:00,0.002810954723647607
270,2023-10-14 13:00:00+00:00,0.028549797525697012
270,2023-10-14 14:00:00+00:00,0.0036371498292642078
270,2023-10-14 15:00:00+00:00,0.0036371498292642078
270,2023-10-14 16:00:00+00:00,0.002389316765450516
270,2023-10-14 17:00:00+00:00,0.005037882266663768
270,2023-10-14 18:00:00+00:00,0.002389316765450516
270,2023-10-14 19:00:00+00:00,0.0024968078678737275
270,2023-10-14 20:00:00+00:00,0.04073493508965918
270,2023-10-14 21:00:00+00:00,0.04456477252151193
270,2023-10-14 22:00:00+00:00,0.0012728919108973068
270,2023-10-14 23:00:00+00:00,0.0013248352902640382
270,2023-10-15 00:00:00+00:00,0.0031467264978495635
270,2023-10-15 01:00:00+00:00,0.0006670565291086958
270,2023-10-15 02:00:00+00:00,0.0010866020580307227
270,2023-10-15 03:00:00+00:00,0.023194226605913627
270,2023-10-15 04:00:00+00:00,0.023194226605913627
270,2023-10-15 05:00:00+00:00,0.0006670565291086958
270,2023-10-15 06:00:00+00:00,0.11486539310505578
270,2023-10-15 07:00:00+00:00,0.0032735331251838797
270,2023-10-15 08:00:00+00:00,0.013204954850705445
270,2023-10-15 09:00:00+00:00,0.0032735331251838797
270,2023-10-15 10:00:00+00:00,0.05927948600662863
270,2023-10-15 11:00:00+00:00,0.00010096348726866814
270,2023-10-15 12:00:00+00:00,0.0004158833313809056
270,2023-10-15 13:00:00+00:00,0.0004158833313809056
270,2023-10-15 14:00:00+00:00,0.0004158833313809056
270,2023-10-15 15:00:00+00:00,0.00010096348726866814
270,2023-10-15 16:00:00+00:00,0.21799385014206554
270,2023-10-15 17:00:00+00:00,0.0031853707991215587
270,2023-10-15 18:00:00+00:00,0.21799385014206554
270,2023-10-15 19:00:00+00:00,0.11780920916780203
270,2023-10-15 20:00:00+00:00,0.048495505341497935
270,2023-10-15 21:00:00+00:00,0.11843765711152666
270,2023-10-15 22:00:00+00:00,0.08676310042088933
270,2023-10-15 23:00:00+00:00,0.0860303785760148
270,2023-10-16 00:00:00+00:00,0.0009698301303255424
270,2023-10-16 01:00:00+00:00,0.0664386697185143
270,2023-10-16 02:00:00+00:00,0.06700482772597516
270,2023-10-16 03:00:00+00:00,0.06700482772597516
270,2023-10-16 04:00:00+00:00,0.0009698301303255424
270,2023-10-16 05:00:00+00:00,0.0009698301303255424
270,2023-10-16 06:00:00+00:00,0.0037163062398951324
270,2023-10-16 07:00:00+00:00,0.2564166806077229
270,2023-10-16 08:00:00+00:00,0.2564166806077229
270,2023-10-16 09:00:00+00:00,0.2564166806077229
270,2023-10-16 10:00:00+00:00,0.23354614580027683
270,2023-10-16 11:00:00+00:00,0.13339536031136384
270,2023-10-16 12:00:00+00:00,0.23354614580027683
270,2023-10-16 13:00:00+00:00,0.2315833367278309
270,2023-10-16 14:00:00+00:00,0.2315833367278309
270,2023-10-16 15:00:00+00:00,0.2315833367278309
270,2023-10-16 16:00:00+00:00,0.21799385014206554
270,2023-10-16 17:00:00+00:00,0.21799385014206554
270,2023-10-16 18:00:00+00:00,0.0031853707991215587
270,2023-10-16 19:00:00+00:00,0.12234904210948591
270,2023-10-16 20:00:00+00:00,0.09511004445938258
270,2023-10-16 21:00:00+00:00,0.06241280511097114
270,2023-10-16 22:00:00+00:00,0.06489026423464957
270,2023-10-16 23:00:00+00:00,0.06736772335832798
270,2023-10-17 00:00:00+00:00,0.0664386697185143
270,2023-10-17 01:00:00+00:00,0.0664386697185143
270,2023-10-17 02:00:00+00:00,0.0664386697185143
270,2023-10-17 03:00:00+00:00,0.06700482772597516
270,2023-10-17 04:00:00+00:00,0.0664386697185143
270,2023-10-17 05:00:00+00:00,0.0664386697185143
270,2023-10-17 06:00:00+00:00,0.2543560227100677
270,2023-10-17 07:00:00+00:00,0.2543560227100677
270,2023-10-17 08:00:00+00:00,0.2543560227100677
270,2023-10-17 09:00:00+00:00,0.2564166806077229
270,2023-10-17 10:00:00+00:00,0.13339536031136384
270,2023-10-17 11:00:00+00:00,0.13339536031136384
270,2023-10-17 12:00:00+00:00,0.0954682724198764
270,2023-10-17 13:00:00+00:00,0.13339536031136384
270,2023-10-17 14:00:00+00:00,0.13339536031136384
270,2023-10-17 15:00:00+00:00,0.13339536031136384
270,2023-10-17 16:00:00+00:00,0.12551204899280757
270,2023-10-17 17:00:00+00:00,0.12551204899280757
270,2023-10-17 18:00:00+00:00,0.21979608675765647
270,2023-10-17 19:00:00+00:00,0.11789797380604071
270,2023-10-17 20:00:00+00:00,0.04345023361423321
270,2023-10-17 21:00:00+00:00,0.04312431802716199
270,2023-10-17 22:00:00+00:00,0.03908296474747878
270,2023-10-17 23:00:00+00:00,0.03920760011498326
270,2023-10-18 00:00:00+00:00,0.035818493077840866
270,2023-10-18 01:00:00+00:00,0.06700482772597516
270,2023-10-18 02:00:00+00:00,0.0664386697185143
270,2023-10-18 03:00:00+00:00,0.0664386697185143
270,2023-10-18 04:00:00+00:00,0.0664386697185143
270,2023-10-18 05:00:00+00:00,0.06700482772597516
270,2023-10-18 06:00:00+00:00,0.2564166806077229
270,2023-10-18 07:00:00+00:00,0.2564166806077229
270,2023-10-18 08:00:00+00:00,0.2564166806077229
270,2023-10-18 09:00:00+00:00,0.2564166806077229
270,2023-10-18 10:00:00+00:00,0.23354614580027683
270,2023-10-18 11:00:00+00:00,0.23354614580027683
270,2023-10-18 12:00:00+00:00,0.23354614580027683
270,2023-10-18 13:00:00+00:00,0.2315833367278309
270,2023-10-18 14:00:00+00:00,0.2315833367278309
270,2023-10-18 15:00:00+00:00,0.2315833367278309
270,2023-10-18 16:00:00+00:00,0.21799385014206554
270,2023-10-18 17:00:00+00:00,0.0031853707991215587
270,2023-10-18 18:00:00+00:00,2.9287908505254553e-05
270,2023-10-18 19:00:00+00:00,0.013852493329100617
270,2023-10-18 20:00:00+00:00,0.005709959505139403
270,2023-10-18 21:00:00+00:00,0.0012505560265841946
270,2023-10-18 22:00:00+00:00,0.03036206165005496
270,2023-10-18 23:00:00+00:00,0.022003865621024993
270,2023-10-19 00:00:00+00:00,0.023069743482833444
270,2023-10-19 01:00:00+00:00,0.023194226605913627
270,2023-10-19 02:00:00+00:00,0.04244742248976731
270,2023-10-19 03:00:00+00:00,0.024501287865073745
270,2023-10-19 04:00:00+00:00,0.024501287865073745
270,2023-10-19 05:00:00+00:00,0.013903317995243691
270,2023-10-19 06:00:00+00:00,0.0995985180803009
270,2023-10-19 07:00:00+00:00,0.03633433115496335
270,2023-10-19 08:00:00+00:00,0.03633433115496335
270,2023-10-19 09:00:00+00:00,0.03633433115496335
270,2023-10-19 10:00:00+00:00,0.019849171057645294
270,2023-10-19 11:00:00+00:00,0.019849171057645294
270,2023-10-19 12:00:00+00:00,0.04785146604819836
270,2023-10-19 13:00:00+00:00,0.04785146604819836
270,2023-10-19 14:00:00+00:00,0.01426104159815463
270,2023-10-19 15:00:00+00:00,0.0762213152867417
270,2023-10-19 16:00:00+00:00,0.029705447439446923
270,2023-10-19 17:00:00+00:00,0.018004814762268173
270,2023-10-19 18:00:00+00:00,0.07931608796640298
270,2023-10-19 19:00:00+00:00,0.05738441249167816
270,2023-10-19 20:00:00+00:00,0.026221843875239976
270,2023-10-19 21:00:00+00:00,0.030846016222446492
270,2023-10-19 22:00:00+00:00,0.06822523841116403
270,2023-10-19 23:00:00+00:00,0.07302473848278157
270,2023-10-20 00:00:00+00:00,0.0009653873016825629
270,2023-10-20 01:00:00+00:00,0.06885991395407905
270,2023-10-20 02:00:00+00:00,0.0009698301303255424
270,2023-10-20 03:00:00+00:00,0.0009698301303255424
270,2023-10-20 04:00:00+00:00,6.807281962023009e-06
270,2023-10-20 05:00:00+00:00,0.008316687686309674
270,2023-10-20 06:00:00+00:00,0.005334228285586481
270,2023-10-20 07:00:00+00:00,0.005334228285586481
270,2023-10-20 08:00:00+00:00,0.0074893402443649455
270,2023-10-20 09:00:00+00:00,0.0074893402443649455
270,2023-10-20 10:00:00+00:00,0.15664169156912555
270,2023-10-20 11:00:00+00:00,0.12255067963108679
270,2023-10-20 12:00:00+00:00,0.15664169156912555
270,2023-10-20 13:00:00+00:00,0.15664169156912555
270,2023-10-20 14:00:00+00:00,0.12255067963108679
270,2023-10-20 15:00:00+00:00,0.12255067963108679
270,2023-10-20 16:00:00+00:00,0.10491543224435952
270,2023-10-20 17:00:00+00:00,0.10491543224435952
270,2023-10-20 18:00:00+00:00,0.0768819812428193
270,2023-10-20 19:00:00+00:00,0.07889140862846471
270,2023-10-20 20:00:00+00:00,0.04306833303853718
270,2023-10-20 21:00:00+00:00,0.02945571771731732
270,2023-10-20 22:00:00+00:00,0.03917782535376152
270,2023-10-20 23:00:00+00:00,0.010530161272186556
270,2023-10-21 00:00:00+00:00,0.004248007509658944
270,2023-10-21 01:00:00+00:00,0.023154147403119427
270,2023-10-21 02:00:00+00:00,0.004097493101535481
270,2023-10-21 03:00:00+00:00,0.013903317995243691
270,2023-10-21 04:00:00+00:00,0.02814618064904106
270,2023-10-21 05:00:00+00:00,0.023832547597141478
270,2023-10-21 06:00:00+00:00,0.13164659943920773
270,2023-10-21 07:00:00+00:00,0.0039435731035721774
270,2023-10-21 08:00:00+00:00,0.0831149599746037
270,2023-10-21 09:00:00+00:00,0.0831149599746037
270,2023-10-21 10:00:00+00:00,0.14627399937689747
270,2023-10-21 11:00:00+00:00,0.05927948600662863
270,2023-10-21 12:00:00+00:00,0.05927948600662863
270,2023-10-21 13:00:00+00:00,0.04032224950992323
270,2023-10-21 14:00:00+00:00,0.04032224950992323
270,2023-10-21 15:00:00+00:00,0.014672172056339383
270,2023-10-21 16:00:00+00:00,0.002389316765450516
270,2023-10-21 17:00:00+00:00,0.026156599227147286
270,2023-10-21 18:00:00+00:00,0.026156599227147286
270,2023-10-21 19:00:00+00:00,0.011862158351081651
270,2023-10-21 20:00:00+00:00,0.05681592397746181
270,2023-10-21 21:00:00+00:00,0.05488958350546783
270,2023-10-21 22:00:00+00:00,0.04620605583352734
270,2023-10-21 23:00:00+00:00,0.02624330650723538
270,2023-10-22 00:00:00+00:00,0.03557401550603526
270,2023-10-22 01:00:00+00:00,0.02719021849849605
270,2023-10-22 02:00:00+00:00,0.023194226605913627
270,2023-10-22 03:00:00+00:00,0.03953361536948762
270,2023-10-22 04:00:00+00:00,0.004097493101535481
270,2023-10-22 05:00:00+00:00,0.0058789223928075365
270,2023-10-22 06:00:00+00:00,0.10814880449955593
270,2023-10-22 07:00:00+00:00,0.03633433115496335
270,2023-10-22 08:00:00+00:00,0.03633433115496335
270,2023-10-22 09:00:00+00:00,0.0995985180803009
270,2023-10-22 10:00:00+00:00,0.01426104159815463
270,2023-10-22 11:00:00+00:00,0.10351890522603426
270,2023-10-22 12:00:00+00:00,0.08460744034150297
270,2023-10-22 13:00:00+00:00,0.12255067963108679
270,2023-10-22 14:00:00+00:00,0.09689018134811997
270,2023-10-22 15:00:00+00:00,0.09689018134811997
270,2023-10-22 16:00:00+00:00,0.08366930468350092
270,2023-10-22 17:00:00+00:00,0.10491543224435952
270,2023-10-22 18:00:00+00:00,0.0768819812428193
270,2023-10-22 19:00:00+00:00,0.0524800847269435
270,2023-10-22 20:00:00+00:00,0.05236167298513922
270,2023-10-22 21:00:00+00:00,0.05389617632317
270,2023-10-22 22:00:00+00:00,0.038560466126230965
270,2023-10-22 23:00:00+00:00,0.037921367690405106
270,2023-10-23 00:00:00+00:00,0.03537655042540714
270,2023-10-23 01:00:00+00:00,0.03826587847611084
270,2023-10-23 02:00:00+00:00,0.03826587847611084
270,2023-10-23 03:00:00+00:00,0.03826587847611084
270,2023-10-23 04:00:00+00:00,0.03826587847611084
270,2023-10-23 05:00:00+00:00,0.027420635593421602
270,2023-10-23 06:00:00+00:00,0.10478430190002268
270,2023-10-23 07:00:00+00:00,0.10478430190002268
270,2023-10-23 08:00:00+00:00,0.10478430190002268
270,2023-10-23 09:00:00+00:00,0.1464007006284395
270,2023-10-23 10:00:00+00:00,0.13339536031136384
270,2023-10-23 11:00:00+00:00,0.08321666570067224
270,2023-10-23 12:00:00+00:00,0.09885465476982067
270,2023-10-23 13:00:00+00:00,0.09885465476982067
270,2023-10-23 14:00:00+00:00,0.09885465476982067
270,2023-10-23 15:00:00+00:00,0.08321666570067224
270,2023-10-23 16:00:00+00:00,0.08984038167827621
270,2023-10-23 17:00:00+00:00,0.08984038167827621
270,2023-10-23 18:00:00+00:00,0.12551204899280757
270,2023-10-23 19:00:00+00:00,0.052834392720601815
270,2023-10-23 20:00:00+00:00,0.047488193133446786
270,2023-10-23 21:00:00+00:00,0.04783454098171415
270,2023-10-23 22:00:00+00:00,0.03285294773918455
270,2023-10-23 23:00:00+00:00,0.03549454073385115
270,2023-10-24 00:00:00+00:00,0.027420635593421602
270,2023-10-24 01:00:00+00:00,0.023832547597141478
270,2023-10-24 02:00:00+00:00,0.03826587847611084
270,2023-10-24 03:00:00+00:00,0.0009698301303255424
270,2023-10-24 04:00:00+00:00,0.0664386697185143
270,2023-10-24 05:00:00+00:00,0.03826587847611084
270,2023-10-24 06:00:00+00:00,0.10478430190002268
270,2023-10-24 07:00:00+00:00,0.08942370351332238
270,2023-10-24 08:00:00+00:00,0.02024693912165743
270,2023-10-24 09:00:00+00:00,0.017082448387249597
270,2023-10-24 10:00:00+00:00,0.04785146604819836
270,2023-10-24 11:00:00+00:00,0.0762213152867417
270,2023-10-24 12:00:00+00:00,0.15664169156912555
270,2023-10-24 13:00:00+00:00,0.08460744034150297
270,2023-10-24 14:00:00+00:00,0.08460744034150297
270,2023-10-24 15:00:00+00:00,0.1320528618050368
270,2023-10-24 16:00:00+00:00,0.018004814762268173
270,2023-10-24 17:00:00+00:00,0.09278484319574654
270,2023-10-24 18:00:00+00:00,0.07835369983026941
270,2023-10-24 19:00:00+00:00,0.07317398355924638
270,2023-10-24 20:00:00+00:00,0.0548330762273902
270,2023-10-24 21:00:00+00:00,0.04318342779004213
270,2023-10-24 22:00:00+00:00,0.030589800466666015
270,2023-10-24 23:00:00+00:00,0.0012722306148999331
270,2023-10-25 00:00:00+00:00,1.1680651181373709e-05
270,2023-10-25 01:00:00+00:00,1.860922853540873e-05
270,2023-10-25 02:00:00+00:00,7.624622102741467e-05
270,2023-10-25 03:00:00+00:00,0.000803320447023987
270,2023-10-25 04:00:00+00:00,0.000803320447023987
270,2023-10-25 05:00:00+00:00,7.624622102741467e-05
270,2023-10-25 06:00:00+00:00,9.09229591590243e-05
270,2023-10-25 07:00:00+00:00,0.0039435731035721774
270,2023-10-25 08:00:00+00:00,0.0003743001672666455
270,2023-10-25 09:00:00+00:00,0.0039435731035721774
270,2023-10-25 10:00:00+00:00,0.09234995552733746
270,2023-10-25 11:00:00+00:00,0.00438174789285797
270,2023-10-25 12:00:00+00:00,0.0004158833313809056
270,2023-10-25 13:00:00+00:00,0.0004158833313809056
270,2023-10-25 14:00:00+00:00,0.0004158833313809056
270,2023-10-25 15:00:00+00:00,0.0004158833313809056
270,2023-10-25 16:00:00+00:00,0.00035350341618556097
270,2023-10-25 17:00:00+00:00,0.003724485708929278
270,2023-10-25 18:00:00+00:00,2.9287908505254553e-05
270,2023-10-25 19:00:00+00:00,0.31781316902933543
270,2023-10-25 20:00:00+00:00,0.10856330196211593
270,2023-10-25 21:00:00+00:00,0.07044616151426712
270,2023-10-25 22:00:00+00:00,0.1368176713990968
270,2023-10-25 23:00:00+00:00,0.1326393825172927
270,2023-10-26 00:00:00+00:00,0.12325916293037524
270,2023-10-26 01:00:00+00:00,0.027420635593421602
270,2023-10-26 02:00:00+00:00,0.027420635593421602
270,2023-10-26 03:00:00+00:00,0.03826587847611084
270,2023-10-26 04:00:00+00:00,0.02814618064904106
270,2023-10-26 05:00:00+00:00,0.024501287865073745
270,2023-10-26 06:00:00+00:00,0.03633433115496335
270,2023-10-26 07:00:00+00:00,0.09178307168956688
270,2023-10-26 08:00:00+00:00,0.12110694450521549
270,2023-10-26 09:00:00+00:00,0.12110694450521549
270,2023-10-26 10:00:00+00:00,0.08460744034150297
270,2023-10-26 11:00:00+00:00,0.09689018134811997
270,2023-10-26 12:00:00+00:00,0.08460744034150297
270,2023-10-26 13:00:00+00:00,0.08460744034150297
270,2023-10-26 14:00:00+00:00,0.10351890522603426
270,2023-10-26 15:00:00+00:00,0.08460744034150297
270,2023-10-26 16:00:00+00:00,0.08366930468350092
270,2023-10-26 17:00:00+00:00,0.1345647853886364
270,2023-10-26 18:00:00+00:00,0.1345647853886364
270,2023-10-26 19:00:00+00:00,0.07810970518398674
270,2023-10-26 20:00:00+00:00,0.045587375262377744
270,2023-10-26 21:00:00+00:00,0.013248684095837564
270,2023-10-26 22:00:00+00:00,0.02511240894590648
270,2023-10-26 23:00:00+00:00,0.042198848935091016
270,2023-10-27 00:00:00+00:00,0.01362040756563119
270,2023-10-27 01:00:00+00:00,0.023832547597141478
270,2023-10-27 02:00:00+00:00,0.027420635593421602
270,2023-10-27 03:00:00+00:00,0.008152187777259436
270,2023-10-27 04:00:00+00:00,0.024501287865073745
270,2023-10-27 05:00:00+00:00,0.03826587847611084
270,2023-10-27 06:00:00+00:00,0.1464007006284395
270,2023-10-27 07:00:00+00:00,0.048032366026269195
270,2023-10-27 08:00:00+00:00,0.03633433115496335
270,2023-10-27 09:00:00+00:00,0.03633433115496335
270,2023-10-27 10:00:00+00:00,0.029382793980505393
270,2023-10-27 11:00:00+00:00,0.13975588657474847
270,2023-10-27 12:00:00+00:00,0.1320528618050368
270,2023-10-27 13:00:00+00:00,0.1320528618050368
270,2023-10-27 14:00:00+00:00,0.1320528618050368
270,2023-10-27 15:00:00+00:00,0.09689018134811997
270,2023-10-27 16:00:00+00:00,0.003091582291089606
270,2023-10-27 17:00:00+00:00,0.07835369983026941
270,2023-10-27 18:00:00+00:00,0.018004814762268173
270,2023-10-27 19:00:00+00:00,0.02040977187357149
270,2023-10-27 20:00:00+00:00,0.030710471196030008
270,2023-10-27 21:00:00+00:00,0.028062224338281587
270,2023-10-27 22:00:00+00:00,0.02892360041871071
270,2023-10-27 23:00:00+00:00,0.028180547611744274
270,2023-10-28 00:00:00+00:00,0.024921999628784355
270,2023-10-28 01:00:00+00:00,0.02814618064904106
270,2023-10-28 02:00:00+00:00,0.027420635593421602
270,2023-10-28 03:00:00+00:00,0.03826587847611084
270,2023-10-28 04:00:00+00:00,0.03826587847611084
270,2023-10-28 05:00:00+00:00,0.0058789223928075365
270,2023-10-28 06:00:00+00:00,0.1892199885684159
270,2023-10-28 07:00:00+00:00,0.03633433115496335
270,2023-10-28 08:00:00+00:00,0.03633433115496335
270,2023-10-28 09:00:00+00:00,0.03633433115496335
270,2023-10-28 10:00:00+00:00,0.13975588657474847
270,2023-10-28 11:00:00+00:00,0.13975588657474847
270,2023-10-28 12:00:00+00:00,0.0762213152867417
270,2023-10-28 13:00:00+00:00,0.029382793980505393
270,2023-10-28 14:00:00+00:00,0.04785146604819836
270,2023-10-28 15:00:00+00:00,0.04785146604819836
270,2023-10-28 16:00:00+00:00,0.09278484319574654
270,2023-10-28 17:00:00+00:00,0.08984038167827621
270,2023-10-28 18:00:00+00:00,0.08984038167827621
270,2023-10-28 19:00:00+00:00,0.04219157223082651
270,2023-10-28 20:00:00+00:00,0.027516338344450476
270,2023-10-28 21:00:00+00:00,0.022950137151344342
270,2023-10-28 22:00:00+00:00,0.004737437802181352
270,2023-10-28 23:00:00+00:00,0.0368580224023624
270,2023-10-29 00:00:00+00:00,0.03251625185804749
270,2023-10-29 01:00:00+00:00,0.030103532667464208
270,2023-10-29 02:00:00+00:00,0.030103532667464208
270,2023-10-29 03:00:00+00:00,0.030103532667464208
270,2023-10-29 04:00:00+00:00,0.03953361536948762
270,2023-10-29 05:00:00+00:00,0.04244742248976731
270,2023-10-29 06:00:00+00:00,0.0995985180803009
270,2023-10-29 07:00:00+00:00,0.03633433115496335
270,2023-10-29 08:00:00+00:00,0.03633433115496335
270,2023-10-29 09:00:00+00:00,0.02024693912165743
270,2023-10-29 10:00:00+00:00,0.01426104159815463
270,2023-10-29 11:00:00+00:00,0.019849171057645294
270,2023-10-29 12:00:00+00:00,0.08567899550109873
270,2023-10-29 13:00:00+00:00,0.029382793980505393
270,2023-10-29 14:00:00+00:00,0.13975588657474847
270,2023-10-29 15:00:00+00:00,0.1320528618050368
270,2023-10-29 16:00:00+00:00,0.1345647853886364
270,2023-10-29 17:00:00+00:00,0.029705447439446923
270,2023-10-29 18:00:00+00:00,0.07976419478933808
270,2023-10-29 19:00:00+00:00,0.028612924261391778
270,2023-10-29 20:00:00+00:00,0.010717085230703591
270,2023-10-29 21:00:00+00:00,0.010717085230703591
270,2023-10-29 22:00:00+00:00,0.028612924261391778
270,2023-10-29 23:00:00+00:00,0.028612924261391778
270,2023-10-30 00:00:00+00:00,0.02223214725651791
270,2023-10-30 01:00:00+00:00,0.04244742248976731
270,2023-10-30 02:00:00+00:00,0.03953361536948762
270,2023-10-30 03:00:00+00:00,0.04244742248976731
270,2023-10-30 04:00:00+00:00,0.02223214725651791
270,2023-10-30 05:00:00+00:00,0.04244742248976731
270,2023-10-30 06:00:00+00:00,0.0995985180803009
270,2023-10-30 07:00:00+00:00,0.03633433115496335
270,2023-10-30 08:00:00+00:00,0.03633433115496335
270,2023-10-30 09:00:00+00:00,0.03633433115496335
270,2023-10-30 10:00:00+00:00,0.1320528618050368
270,2023-10-30 11:00:00+00:00,0.08460744034150297
270,2023-10-30 12:00:00+00:00,0.09689018134811997
270,2023-10-30 13:00:00+00:00,0.08460744034150297
270,2023-10-30 14:00:00+00:00,0.08460744034150297
270,2023-10-30 15:00:00+00:00,0.10351890522603426
270,2023-10-30 16:00:00+00:00,0.1345647853886364
270,2023-10-30 17:00:00+00:00,0.07976419478933808
270,2023-10-30 18:00:00+00:00,0.018004814762268173
270,2023-10-30 19:00:00+00:00,0.054541399789748785
270,2023-10-30 20:00:00+00:00,0.011836655420322367
270,2023-10-30 21:00:00+00:00,0.020864352472895916
270,2023-10-30 22:00:00+00:00,0.03556573761176977
270,2023-10-30 23:00:00+00:00,0.03539472436797755
270,2023-10-31 00:00:00+00:00,0.04167635535055188
270,2023-10-31 01:00:00+00:00,0.023832547597141478
270,2023-10-31 02:00:00+00:00,0.024501287865073745
270,2023-10-31 03:00:00+00:00,0.0058789223928075365
270,2023-10-31 04:00:00+00:00,0.004097493101535481
270,2023-10-31 05:00:00+00:00,0.008152187777259436
270,2023-10-31 06:00:00+00:00,0.017082448387249597
270,2023-10-31 07:00:00+00:00,0.03633433115496335
270,2023-10-31 08:00:00+00:00,0.0995985180803009
270,2023-10-31 09:00:00+00:00,0.1892199885684159
270,2023-10-31 10:00:00+00:00,0.10351890522603426
270,2023-10-31 11:00:00+00:00,0.08460744034150297
270,2023-10-31 12:00:00+00:00,0.08460744034150297
270,2023-10-31 13:00:00+00:00,0.014672172056339383
270,2023-10-31 14:00:00+00:00,0.030655880570481017
270,2023-10-31 15:00:00+00:00,0.12255067963108679
270,2023-10-31 16:00:00+00:00,0.10138695619809857
270,2023-10-31 17:00:00+00:00,0.07976419478933808
270,2023-10-31 18:00:00+00:00,0.014186211578391247
270,2023-10-31 19:00:00+00:00,0.0690836894978228
270,2023-10-31 20:00:00+00:00,0.01809206771586409
270,2023-10-31 21:00:00+00:00,0.011252445102664122
270,2023-10-31 22:00:00+00:00,0.01857561427430143
270,2023-10-31 23:00:00+00:00,0.01216081127190679
270,2023-11-01 00:00:00+00:00,0.021709107698808613
270,2023-11-01 01:00:00+00:00,0.01307046127131487
270,2023-11-01 02:00:00+00:00,0.0042064180021511455
270,2023-11-01 03:00:00+00:00,0.008152187777259436
270,2023-11-01 04:00:00+00:00,0.008152187777259436
270,2023-11-01 05:00:00+00:00,0.02223214725651791
270,2023-11-01 06:00:00+00:00,0.16511875233369627
270,2023-11-01 07:00:00+00:00,0.16511875233369627
270,2023-11-01 08:00:00+00:00,0.1892199885684159
270,2023-11-01 09:00:00+00:00,0.16511875233369627
270,2023-11-01 10:00:00+00:00,0.13975588657474847
270,2023-11-01 11:00:00+00:00,0.08460744034150297
270,2023-11-01 12:00:00+00:00,0.12255067963108679
270,2023-11-01 13:00:00+00:00,0.12255067963108679
270,2023-11-01 14:00:00+00:00,0.09689018134811997
270,2023-11-01 15:00:00+00:00,0.08460744034150297
270,2023-11-01 16:00:00+00:00,0.10138695619809857
270,2023-11-01 17:00:00+00:00,0.10138695619809857
270,2023-11-01 18:00:00+00:00,0.029705447439446923
270,2023-11-01 19:00:00+00:00,0.018045405826721532
270,2023-11-01 20:00:00+00:00,0.0687631807323697
270,2023-11-01 21:00:00+00:00,0.03239368220637415
270,2023-11-01 22:00:00+00:00,0.020646274442803897
270,2023-11-01 23:00:00+00:00,0.022659306334585825
270,2023-11-02 00:00:00+00:00,0.022373202366764763
270,2023-11-02 01:00:00+00:00,0.027625933128569233
270,2023-11-02 02:00:00+00:00,0.02814618064904106
270,2023-11-02 03:00:00+00:00,0.03826587847611084
270,2023-11-02 04:00:00+00:00,0.06700482772597516
270,2023-11-02 05:00:00+00:00,0.0009698301303255424
270,2023-11-02 06:00:00+00:00,0.0039435731035721774
270,2023-11-02 07:00:00+00:00,0.05335153740596576
270,2023-11-02 08:00:00+00:00,0.025694817773127314
270,2023-11-02 09:00:00+00:00,0.005334228285586481
270,2023-11-02 10:00:00+00:00,0.0036371498292642078
270,2023-11-02 11:00:00+00:00,0.0036371498292642078
270,2023-11-02 12:00:00+00:00,0.0036371498292642078
270,2023-11-02 13:00:00+00:00,0.0036371498292642078
270,2023-11-02 14:00:00+00:00,0.0036371498292642078
270,2023-11-02 15:00:00+00:00,0.00831603702983223
270,2023-11-02 16:00:00+00:00,0.007070764292131663
270,2023-11-02 17:00:00+00:00,0.026156599227147286
270,2023-11-02 18:00:00+00:00,0.007070764292131663
270,2023-11-02 19:00:00+00:00,0.012689712166811574
270,2023-11-02 20:00:00+00:00,0.014310312493287774
270,2023-11-02 21:00:00+00:00,0.015921878929915773
270,2023-11-02 22:00:00+00:00,0.016485247047179654
270,2023-11-02 23:00:00+00:00,0.003251302503976227
270,2023-11-03 00:00:00+00:00,0.007851435898623665
270,2023-11-03 01:00:00+00:00,0.007851435898623665
270,2023-11-03 02:00:00+00:00,0.007851435898623665
270,2023-11-03 03:00:00+00:00,0.007851435898623665
270,2023-11-03 04:00:00+00:00,0.05051716265479965
270,2023-11-03 05:00:00+00:00,0.023194226605913627
270,2023-11-03 06:00:00+00:00,0.12110694450521549
270,2023-11-03 07:00:00+00:00,0.12110694450521549
270,2023-11-03 08:00:00+00:00,0.16511875233369627
270,2023-11-03 09:00:00+00:00,0.16511875233369627
270,2023-11-03 10:00:00+00:00,0.08460744034150297
270,2023-11-03 11:00:00+00:00,0.08460744034150297
270,2023-11-03 12:00:00+00:00,0.09689018134811997
270,2023-11-03 13:00:00+00:00,0.09689018134811997
270,2023-11-03 14:00:00+00:00,0.00831603702983223
270,2023-11-03 15:00:00+00:00,0.0036371498292642078
270,2023-11-03 16:00:00+00:00,0.026156599227147286
270,2023-11-03 17:00:00+00:00,0.007070764292131663
270,2023-11-03 18:00:00+00:00,0.026156599227147286
270,2023-11-03 19:00:00+00:00,0.16247602612508624
270,2023-11-03 20:00:00+00:00,0.10086006102269116
270,2023-11-03 21:00:00+00:00,0.04970855644861577
270,2023-11-03 22:00:00+00:00,0.03128402934001156
270,2023-11-03 23:00:00+00:00,0.042195625762438085
270,2023-11-04 00:00:00+00:00,0.03679116034903932
270,2023-11-04 01:00:00+00:00,0.003753960144255324
270,2023-11-04 02:00:00+00:00,0.013513244524111302
270,2023-11-04 03:00:00+00:00,0.024501287865073745
270,2023-11-04 04:00:00+00:00,0.023832547597141478
270,2023-11-04 05:00:00+00:00,0.027420635593421602
270,2023-11-04 06:00:00+00:00,0.09344503448350833
270,2023-11-04 07:00:00+00:00,0.10814880449955593
270,2023-11-04 08:00:00+00:00,0.1464007006284395
270,2023-11-04 09:00:00+00:00,0.1464007006284395
270,2023-11-04 10:00:00+00:00,0.0954682724198764
270,2023-11-04 11:00:00+00:00,0.04785146604819836
270,2023-11-04 12:00:00+00:00,0.08460744034150297
270,2023-11-04 13:00:00+00:00,0.08460744034150297
270,2023-11-04 14:00:00+00:00,0.08460744034150297
270,2023-11-04 15:00:00+00:00,0.08460744034150297
270,2023-11-04 16:00:00+00:00,0.0768819812428193
270,2023-11-04 17:00:00+00:00,0.10138695619809857
270,2023-11-04 18:00:00+00:00,0.07976419478933808
270,2023-11-04 19:00:00+00:00,0.010717085230703591
270,2023-11-04 20:00:00+00:00,0.0075658678648205455
270,2023-11-04 21:00:00+00:00,0.01797554503572064
270,2023-11-04 22:00:00+00:00,0.061648229181052325
270,2023-11-04 23:00:00+00:00,0.0495523356178559
270,2023-11-05 00:00:00+00:00,0.0006670565291086958
270,2023-11-05 01:00:00+00:00,0.005234129546377786
270,2023-11-05 02:00:00+00:00,0.008316687686309674
270,2023-11-05 03:00:00+00:00,0.007392412410152592
270,2023-11-05 04:00:00+00:00,0.005234129546377786
270,2023-11-05 05:00:00+00:00,0.0010866020580307227
270,2023-11-05 06:00:00+00:00,0.02827851551529041
270,2023-11-05 07:00:00+00:00,0.11486539310505578
270,2023-11-05 08:00:00+00:00,0.14763171077984655
270,2023-11-05 09:00:00+00:00,0.14763171077984655
270,2023-11-05 10:00:00+00:00,0.15664169156912555
270,2023-11-05 11:00:00+00:00,0.15664169156912555
270,2023-11-05 12:00:00+00:00,0.030655880570481017
270,2023-11-05 13:00:00+00:00,0.15664169156912555
270,2023-11-05 14:00:00+00:00,0.030655880570481017
270,2023-11-05 15:00:00+00:00,0.00831603702983223
270,2023-11-05 16:00:00+00:00,0.007070764292131663
270,2023-11-05 17:00:00+00:00,0.026156599227147286
270,2023-11-05 18:00:00+00:00,0.1340770776073982
270,2023-11-05 19:00:00+00:00,0.04619842839116428
270,2023-11-05 20:00:00+00:00,0.049674449282208495
270,2023-11-05 21:00:00+00:00,0.07922127706752534
270,2023-11-05 22:00:00+00:00,0.07765223850505108
270,2023-11-05 23:00:00+00:00,0.07613547170540153
270,2023-11-06 00:00:00+00:00,0.023194226605913627
270,2023-11-06 01:00:00+00:00,0.026931553243215868
270,2023-11-06 02:00:00+00:00,0.023194226605913627
270,2023-11-06 03:00:00+00:00,0.026931553243215868
270,2023-11-06 04:00:00+00:00,0.026931553243215868
270,2023-11-06 05:00:00+00:00,0.007851435898623665
270,2023-11-06 06:00:00+00:00,0.11486539310505578
270,2023-11-06 07:00:00+00:00,0.11486539310505578
270,2023-11-06 08:00:00+00:00,0.11486539310505578
270,2023-11-06 09:00:00+00:00,0.11486539310505578
270,2023-11-06 10:00:00+00:00,0.15664169156912555
270,2023-11-06 11:00:00+00:00,0.12255067963108679
270,2023-11-06 12:00:00+00:00,0.12255067963108679
270,2023-11-06 13:00:00+00:00,0.12255067963108679
270,2023-11-06 14:00:00+00:00,0.15664169156912555
270,2023-11-06 15:00:00+00:00,0.15664169156912555
270,2023-11-06 16:00:00+00:00,0.1340770776073982
270,2023-11-06 17:00:00+00:00,0.10491543224435952
270,2023-11-06 18:00:00+00:00,0.10491543224435952
270,2023-11-06 19:00:00+00:00,0.054879962411273776
270,2023-11-06 20:00:00+00:00,0.06665205511112457
270,2023-11-06 21:00:00+00:00,0.036390115820678436
270,2023-11-06 22:00:00+00:00,0.04959923410074667
270,2023-11-06 23:00:00+00:00,0.028222305862764453
270,2023-11-07 00:00:00+00:00,0.03657493799538542
270,2023-11-07 01:00:00+00:00,0.030103532667464208
270,2023-11-07 02:00:00+00:00,0.03650635791360559
270,2023-11-07 03:00:00+00:00,0.03650635791360559
270,2023-11-07 04:00:00+00:00,0.03650635791360559
270,2023-11-07 05:00:00+00:00,0.026931553243215868
270,2023-11-07 06:00:00+00:00,0.08730673800240633
270,2023-11-07 07:00:00+00:00,0.1892199885684159
270,2023-11-07 08:00:00+00:00,0.03633433115496335
270,2023-11-07 09:00:00+00:00,0.08730673800240633
270,2023-11-07 10:00:00+00:00,0.15664169156912555
270,2023-11-07 11:00:00+00:00,0.030655880570481017
270,2023-11-07 12:00:00+00:00,0.15664169156912555
270,2023-11-07 13:00:00+00:00,0.030655880570481017
270,2023-11-07 14:00:00+00:00,0.030655880570481017
270,2023-11-07 15:00:00+00:00,0.030655880570481017
270,2023-11-07 16:00:00+00:00,0.026156599227147286
270,2023-11-07 17:00:00+00:00,0.026156599227147286
270,2023-11-07 18:00:00+00:00,0.026156599227147286
270,2023-11-07 19:00:00+00:00,0.15842436179769795
270,2023-11-07 20:00:00+00:00,0.07727794249325139
270,2023-11-07 21:00:00+00:00,0.09186736722669628
270,2023-11-07 22:00:00+00:00,0.0408599164610589
270,2023-11-07 23:00:00+00:00,0.04654503011557476
270,2023-11-08 00:00:00+00:00,0.02245260495626275
270,2023-11-08 01:00:00+00:00,0.008152187777259436
270,2023-11-08 02:00:00+00:00,0.004097493101535481
270,2023-11-08 03:00:00+00:00,0.008152187777259436
270,2023-11-08 04:00:00+00:00,0.004097493101535481
270,2023-11-08 05:00:00+00:00,0.0058789223928075365
270,2023-11-08 06:00:00+00:00,0.03633433115496335
270,2023-11-08 07:00:00+00:00,0.03633433115496335
270,2023-11-08 08:00:00+00:00,0.1892199885684159
270,2023-11-08 09:00:00+00:00,0.16511875233369627
270,2023-11-08 10:00:00+00:00,0.10351890522603426
270,2023-11-08 11:00:00+00:00,0.12255067963108679
270,2023-11-08 12:00:00+00:00,0.030655880570481017
270,2023-11-08 13:00:00+00:00,0.030655880570481017
270,2023-11-08 14:00:00+00:00,0.00831603702983223
270,2023-11-08 15:00:00+00:00,0.00831603702983223
270,2023-11-08 16:00:00+00:00,0.003091582291089606
270,2023-11-08 17:00:00+00:00,0.026156599227147286
270,2023-11-08 18:00:00+00:00,0.1340770776073982
270,2023-11-08 19:00:00+00:00,0.03524599310815985
270,2023-11-08 20:00:00+00:00,0.03067065843290913
270,2023-11-08 21:00:00+00:00,0.05377401476990146
270,2023-11-08 22:00:00+00:00,0.05377401476990146
270,2023-11-08 23:00:00+00:00,0.028612924261391778
270,2023-11-09 00:00:00+00:00,0.04244742248976731
270,2023-11-09 01:00:00+00:00,0.030103532667464208
270,2023-11-09 02:00:00+00:00,0.030103532667464208
270,2023-11-09 03:00:00+00:00,0.023194226605913627
270,2023-11-09 04:00:00+00:00,0.03953361536948762
270,2023-11-09 05:00:00+00:00,0.030103532667464208
270,2023-11-09 06:00:00+00:00,0.16511875233369627
270,2023-11-09 07:00:00+00:00,0.12110694450521549
270,2023-11-09 08:00:00+00:00,0.16511875233369627
270,2023-11-09 09:00:00+00:00,0.08730673800240633
270,2023-11-09 10:00:00+00:00,0.08460744034150297
270,2023-11-09 11:00:00+00:00,0.09689018134811997
270,2023-11-09 12:00:00+00:00,0.10351890522603426
270,2023-11-09 13:00:00+00:00,0.08460744034150297
270,2023-11-09 14:00:00+00:00,0.08460744034150297
270,2023-11-09 15:00:00+00:00,0.09689018134811997
270,2023-11-09 16:00:00+00:00,0.10138695619809857
270,2023-11-09 17:00:00+00:00,0.10491543224435952
270,2023-11-09 18:00:00+00:00,0.10491543224435952
270,2023-11-09 19:00:00+00:00,0.1684369916712439
270,2023-11-09 20:00:00+00:00,0.10859971580271763
270,2023-11-09 21:00:00+00:00,0.05967402945237726
270,2023-11-09 22:00:00+00:00,0.05123163350044604
270,2023-11-09 23:00:00+00:00,0.024327592129035704
270,2023-11-10 00:00:00+00:00,0.04495531162306161
270,2023-11-10 01:00:00+00:00,0.034023403719360565
270,2023-11-10 02:00:00+00:00,0.02717838671917426
270,2023-11-10 03:00:00+00:00,0.023194226605913627
270,2023-11-10 04:00:00+00:00,0.030103532667464208
270,2023-11-10 05:00:00+00:00,0.03953361536948762
270,2023-11-10 06:00:00+00:00,0.017082448387249597
270,2023-11-10 07:00:00+00:00,0.2564166806077229
270,2023-11-10 08:00:00+00:00,0.2543560227100677
270,2023-11-10 09:00:00+00:00,0.0039435731035721774
270,2023-11-10 10:00:00+00:00,0.04536375101623459
270,2023-11-10 11:00:00+00:00,0.028549797525697012
270,2023-11-10 12:00:00+00:00,0.028549797525697012
270,2023-11-10 13:00:00+00:00,0.028549797525697012
270,2023-11-10 14:00:00+00:00,0.005926920309677455
270,2023-11-10 15:00:00+00:00,0.005926920309677455
270,2023-11-10 16:00:00+00:00,0.005037882266663768
270,2023-11-10 17:00:00+00:00,0.007070764292131663
270,2023-11-10 18:00:00+00:00,0.002389316765450516
270,2023-11-10 19:00:00+00:00,0.00416553977050733
270,2023-11-10 20:00:00+00:00,0.011613523207919405
270,2023-11-10 21:00:00+00:00,0.009341039222579743
270,2023-11-10 22:00:00+00:00,0.007191053602393874
270,2023-11-10 23:00:00+00:00,0.009627428392750987
270,2023-11-11 00:00:00+00:00,0.04339991236375617
270,2023-11-11 01:00:00+00:00,0.04519618724819685
270,2023-11-11 02:00:00+00:00,0.048339668295968044
270,2023-11-11 03:00:00+00:00,0.05051716265479965
270,2023-11-11 04:00:00+00:00,0.007851435898623665
270,2023-11-11 05:00:00+00:00,0.001528009812646258
270,2023-11-11 06:00:00+00:00,0.0074893402443649455
270,2023-11-11 07:00:00+00:00,0.02827851551529041
270,2023-11-11 08:00:00+00:00,0.02827851551529041
270,2023-11-11 09:00:00+00:00,0.0032735331251838797
270,2023-11-11 10:00:00+00:00,0.002810954723647607
270,2023-11-11 11:00:00+00:00,0.0036371498292642078
270,2023-11-11 12:00:00+00:00,0.030655880570481017
270,2023-11-11 13:00:00+00:00,0.15664169156912555
270,2023-11-11 14:00:00+00:00,0.005926920309677455
270,2023-11-11 15:00:00+00:00,0.005926920309677455
270,2023-11-11 16:00:00+00:00,2.9287908505254553e-05
270,2023-11-11 17:00:00+00:00,0.12551204899280757
270,2023-11-11 18:00:00+00:00,0.07931608796640298
270,2023-11-11 19:00:00+00:00,0.03552655114188991
270,2023-11-11 20:00:00+00:00,0.04675880875717041
270,2023-11-11 21:00:00+00:00,0.046292265029316125
270,2023-11-11 22:00:00+00:00,0.04569741441168106
270,2023-11-11 23:00:00+00:00,0.051645920588031705
270,2023-11-12 00:00:00+00:00,0.04981423353196997
270,2023-11-12 01:00:00+00:00,0.08771819201298037
270,2023-11-12 02:00:00+00:00,0.02721728551409513
270,2023-11-12 03:00:00+00:00,0.06700482772597516
270,2023-11-12 04:00:00+00:00,0.03826587847611084
270,2023-11-12 05:00:00+00:00,0.03826587847611084
270,2023-11-12 06:00:00+00:00,0.1464007006284395
270,2023-11-12 07:00:00+00:00,0.1464007006284395
270,2023-11-12 08:00:00+00:00,0.1464007006284395
270,2023-11-12 09:00:00+00:00,0.10478430190002268
270,2023-11-12 10:00:00+00:00,0.13339536031136384
270,2023-11-12 11:00:00+00:00,0.08321666570067224
270,2023-11-12 12:00:00+00:00,0.09885465476982067
270,2023-11-12 13:00:00+00:00,0.09885465476982067
270,2023-11-12 14:00:00+00:00,0.08567899550109873
270,2023-11-12 15:00:00+00:00,0.08567899550109873
270,2023-11-12 16:00:00+00:00,0.07835369983026941
270,2023-11-12 17:00:00+00:00,0.10138695619809857
270,2023-11-12 18:00:00+00:00,0.10491543224435952
270,2023-11-12 19:00:00+00:00,0.07260822043265909
270,2023-11-12 20:00:00+00:00,0.049426827432456896
270,2023-11-12 21:00:00+00:00,0.046850104874969045
270,2023-11-12 22:00:00+00:00,0.053899785900928567
270,2023-11-12 23:00:00+00:00,0.010668220641141018
270,2023-11-13 00:00:00+00:00,0.0040487079490529815
270,2023-11-13 01:00:00+00:00,0.013903317995243691
270,2023-11-13 02:00:00+00:00,0.02814618064904106
270,2023-11-13 03:00:00+00:00,0.024501287865073745
270,2023-11-13 04:00:00+00:00,0.024501287865073745
270,2023-11-13 05:00:00+00:00,0.02223214725651791
270,2023-11-13 06:00:00+00:00,0.16511875233369627
270,2023-11-13 07:00:00+00:00,0.12110694450521549
270,2023-11-13 08:00:00+00:00,0.09178307168956688
270,2023-11-13 09:00:00+00:00,0.11486539310505578
270,2023-11-13 10:00:00+00:00,0.12255067963108679
270,2023-11-13 11:00:00+00:00,0.12255067963108679
270,2023-11-13 12:00:00+00:00,0.12255067963108679
270,2023-11-13 13:00:00+00:00,0.12255067963108679
270,2023-11-13 14:00:00+00:00,0.15664169156912555
270,2023-11-13 15:00:00+00:00,0.15664169156912555
270,2023-11-13 16:00:00+00:00,0.1340770776073982
270,2023-11-13 17:00:00+00:00,0.1340770776073982
270,2023-11-13 18:00:00+00:00,0.10491543224435952
270,2023-11-13 19:00:00+00:00,0.08901297137789921
270,2023-11-13 20:00:00+00:00,0.07278049713418529
270,2023-11-13 21:00:00+00:00,0.07211758237708918
270,2023-11-13 22:00:00+00:00,0.06122555509042456
270,2023-11-13 23:00:00+00:00,0.042713180842082706
270,2023-11-14 00:00:00+00:00,0.03650635791360559
270,2023-11-14 01:00:00+00:00,0.026931553243215868
270,2023-11-14 02:00:00+00:00,0.026931553243215868
270,2023-11-14 03:00:00+00:00,0.026931553243215868
270,2023-11-14 04:00:00+00:00,0.03650635791360559
270,2023-11-14 05:00:00+00:00,0.026931553243215868
270,2023-11-14 06:00:00+00:00,0.09178307168956688
270,2023-11-14 07:00:00+00:00,0.09178307168956688
270,2023-11-14 08:00:00+00:00,0.09178307168956688
270,2023-11-14 09:00:00+00:00,0.09178307168956688
270,2023-11-14 10:00:00+00:00,0.09689018134811997
270,2023-11-14 11:00:00+00:00,0.09689018134811997
270,2023-11-14 12:00:00+00:00,0.15664169156912555
270,2023-11-14 13:00:00+00:00,0.12255067963108679
270,2023-11-14 14:00:00+00:00,0.15664169156912555
270,2023-11-14 15:00:00+00:00,0.15664169156912555
270,2023-11-14 16:00:00+00:00,0.1340770776073982
270,2023-11-14 17:00:00+00:00,0.1340770776073982
270,2023-11-14 18:00:00+00:00,0.1340770776073982
270,2023-11-14 19:00:00+00:00,0.06358728881321325
270,2023-11-14 20:00:00+00:00,0.04709709414495441
270,2023-11-14 21:00:00+00:00,0.04759766100896883
270,2023-11-14 22:00:00+00:00,0.059368247513725714
270,2023-11-14 23:00:00+00:00,0.061648229181052325
270,2023-11-15 00:00:00+00:00,0.04145165498565785
270,2023-11-15 01:00:00+00:00,0.04155540247667993
270,2023-11-15 02:00:00+00:00,0.05051716265479965
270,2023-11-15 03:00:00+00:00,0.05051716265479965
270,2023-11-15 04:00:00+00:00,0.05051716265479965
270,2023-11-15 05:00:00+00:00,0.05051716265479965
270,2023-11-15 06:00:00+00:00,0.14763171077984655
270,2023-11-15 07:00:00+00:00,0.02827851551529041
270,2023-11-15 08:00:00+00:00,0.02827851551529041
270,2023-11-15 09:00:00+00:00,0.02827851551529041
270,2023-11-15 10:00:00+00:00,0.030655880570481017
270,2023-11-15 11:00:00+00:00,0.030655880570481017
270,2023-11-15 12:00:00+00:00,0.030655880570481017
270,2023-11-15 13:00:00+00:00,0.030655880570481017
270,2023-11-15 14:00:00+00:00,0.030655880570481017
270,2023-11-15 15:00:00+00:00,0.030655880570481017
270,2023-11-15 16:00:00+00:00,0.026156599227147286
270,2023-11-15 17:00:00+00:00,0.1340770776073982
270,2023-11-15 18:00:00+00:00,0.026156599227147286
270,2023-11-15 19:00:00+00:00,0.011755352606732517
270,2023-11-15 20:00:00+00:00,0.06409704471822425
270,2023-11-15 21:00:00+00:00,0.00794834907762111
270,2023-11-15 22:00:00+00:00,0.015593248064877791
270,2023-11-15 23:00:00+00:00,0.02864027833684623
270,2023-11-16 00:00:00+00:00,0.0269022788318727
270,2023-11-16 01:00:00+00:00,0.026990336928127683
270,2023-11-16 02:00:00+00:00,0.027420635593421602
270,2023-11-16 03:00:00+00:00,0.0664386697185143
270,2023-11-16 04:00:00+00:00,0.0664386697185143
270,2023-11-16 05:00:00+00:00,0.0009698301303255424
270,2023-11-16 06:00:00+00:00,0.0037163062398951324
270,2023-11-16 07:00:00+00:00,0.2543560227100677
270,2023-11-16 08:00:00+00:00,0.0037163062398951324
270,2023-11-16 09:00:00+00:00,9.09229591590243e-05
270,2023-11-16 10:00:00+00:00,0.00438174789285797
270,2023-11-16 11:00:00+00:00,0.0004158833313809056
270,2023-11-16 12:00:00+00:00,0.00438174789285797
270,2023-11-16 13:00:00+00:00,0.05927948600662863
270,2023-11-16 14:00:00+00:00,0.002810954723647607
270,2023-11-16 15:00:00+00:00,0.0036371498292642078
270,2023-11-16 16:00:00+00:00,0.1340770776073982
270,2023-11-16 17:00:00+00:00,0.1340770776073982
270,2023-11-16 18:00:00+00:00,0.1340770776073982
270,2023-11-16 19:00:00+00:00,0.049943374997116305
270,2023-11-16 20:00:00+00:00,0.04128966464984675
270,2023-11-16 21:00:00+00:00,0.0097220420418055
270,2023-11-16 22:00:00+00:00,0.05172605413069333
270,2023-11-16 23:00:00+00:00,0.048975211499265446
270,2023-11-17 00:00:00+00:00,0.048610399535675974
270,2023-11-17 01:00:00+00:00,0.02363729202414199
270,2023-11-17 02:00:00+00:00,0.03650635791360559
270,2023-11-17 03:00:00+00:00,0.026931553243215868
270,2023-11-17 04:00:00+00:00,0.026931553243215868
270,2023-11-17 05:00:00+00:00,0.05051716265479965
270,2023-11-17 06:00:00+00:00,0.11486539310505578
270,2023-11-17 07:00:00+00:00,0.11486539310505578
270,2023-11-17 08:00:00+00:00,0.017082448387249597
270,2023-11-17 09:00:00+00:00,0.0995985180803009
270,2023-11-17 10:00:00+00:00,0.08460744034150297
270,2023-11-17 11:00:00+00:00,0.09689018134811997
270,2023-11-17 12:00:00+00:00,0.09689018134811997
270,2023-11-17 13:00:00+00:00,0.12255067963108679
270,2023-11-17 14:00:00+00:00,0.09689018134811997
270,2023-11-17 15:00:00+00:00,0.08460744034150297
270,2023-11-17 16:00:00+00:00,0.1345647853886364
270,2023-11-17 17:00:00+00:00,0.1345647853886364
270,2023-11-17 18:00:00+00:00,0.07976419478933808
270,2023-11-17 19:00:00+00:00,0.02653988357773974
270,2023-11-17 20:00:00+00:00,0.03604177215108349
270,2023-11-17 21:00:00+00:00,0.01680186559012884
270,2023-11-17 22:00:00+00:00,0.006618156924164782
270,2023-11-17 23:00:00+00:00,0.029173361838387188
270,2023-11-18 00:00:00+00:00,0.01487576261421386
270,2023-11-18 01:00:00+00:00,0.014087831695041322
270,2023-11-18 02:00:00+00:00,0.0058789223928075365
270,2023-11-18 03:00:00+00:00,0.008152187777259436
270,2023-11-18 04:00:00+00:00,0.008152187777259436
270,2023-11-18 05:00:00+00:00,0.008152187777259436
270,2023-11-18 06:00:00+00:00,0.0995985180803009
270,2023-11-18 07:00:00+00:00,0.1892199885684159
270,2023-11-18 08:00:00+00:00,0.16511875233369627
270,2023-11-18 09:00:00+00:00,0.08730673800240633
270,2023-11-18 10:00:00+00:00,0.12255067963108679
270,2023-11-18 11:00:00+00:00,0.12255067963108679
270,2023-11-18 12:00:00+00:00,0.09689018134811997
270,2023-11-18 13:00:00+00:00,0.09689018134811997
270,2023-11-18 14:00:00+00:00,0.09689018134811997
270,2023-11-18 15:00:00+00:00,0.12255067963108679
270,2023-11-18 16:00:00+00:00,0.10491543224435952
270,2023-11-18 17:00:00+00:00,0.10491543224435952
270,2023-11-18 18:00:00+00:00,0.10491543224435952
270,2023-11-18 19:00:00+00:00,0.09416770057859192
270,2023-11-18 20:00:00+00:00,0.03872447649953598
270,2023-11-18 21:00:00+00:00,0.03509324254380683
270,2023-11-18 22:00:00+00:00,0.05336338870196554
270,2023-11-18 23:00:00+00:00,0.0440373126511206
270,2023-11-19 00:00:00+00:00,0.03270485245964083
270,2023-11-19 01:00:00+00:00,0.02781823015993283
270,2023-11-19 02:00:00+00:00,0.026931553243215868
270,2023-11-19 03:00:00+00:00,0.026931553243215868
270,2023-11-19 04:00:00+00:00,0.03650635791360559
270,2023-11-19 05:00:00+00:00,0.03650635791360559
270,2023-11-19 06:00:00+00:00,0.09178307168956688
270,2023-11-19 07:00:00+00:00,0.11486539310505578
270,2023-11-19 08:00:00+00:00,0.09178307168956688
270,2023-11-19 09:00:00+00:00,0.09178307168956688
270,2023-11-19 10:00:00+00:00,0.09689018134811997
270,2023-11-19 11:00:00+00:00,0.09689018134811997
270,2023-11-19 12:00:00+00:00,0.09689018134811997
270,2023-11-19 13:00:00+00:00,0.12255067963108679
270,2023-11-19 14:00:00+00:00,0.12255067963108679
270,2023-11-19 15:00:00+00:00,0.15664169156912555
270,2023-11-19 16:00:00+00:00,0.1340770776073982
270,2023-11-19 17:00:00+00:00,0.1340770776073982
270,2023-11-19 18:00:00+00:00,0.1340770776073982
270,2023-11-19 19:00:00+00:00,0.08405959475060475
270,2023-11-19 20:00:00+00:00,0.08301753149690846
270,2023-11-19 21:00:00+00:00,0.0819754682432122
270,2023-11-19 22:00:00+00:00,0.05751535325931979
270,2023-11-19 23:00:00+00:00,0.05800569447037281
270,2023-11-20 00:00:00+00:00,0.05051716265479965
270,2023-11-20 01:00:00+00:00,0.03650635791360559
270,2023-11-20 02:00:00+00:00,0.026931553243215868
270,2023-11-20 03:00:00+00:00,0.030103532667464208
270,2023-11-20 04:00:00+00:00,0.03953361536948762
270,2023-11-20 05:00:00+00:00,0.02223214725651791
270,2023-11-20 06:00:00+00:00,0.017082448387249597
270,2023-11-20 07:00:00+00:00,0.12110694450521549
270,2023-11-20 08:00:00+00:00,0.025694817773127314
270,2023-11-20 09:00:00+00:00,0.0025298578769193847
270,2023-11-20 10:00:00+00:00,0.00831603702983223
270,2023-11-20 11:00:00+00:00,0.0036371498292642078
270,2023-11-20 12:00:00+00:00,0.030655880570481017
270,2023-11-20 13:00:00+00:00,0.00831603702983223
270,2023-11-20 14:00:00+00:00,0.030655880570481017
270,2023-11-20 15:00:00+00:00,0.030655880570481017
270,2023-11-20 16:00:00+00:00,0.026156599227147286
270,2023-11-20 17:00:00+00:00,0.002389316765450516
270,2023-11-20 18:00:00+00:00,0.002389316765450516
270,2023-11-20 19:00:00+00:00,0.0014055738865516314
270,2023-11-20 20:00:00+00:00,0.0018192405661471205
270,2023-11-20 21:00:00+00:00,0.0031980861600282803
270,2023-11-20 22:00:00+00:00,0.0009709200099370173
270,2023-11-20 23:00:00+00:00,0.0004216936614535574
270,2023-11-21 00:00:00+00:00,0.0005458699966007116
270,2023-11-21 01:00:00+00:00,0.0005458699966007116
270,2023-11-21 02:00:00+00:00,0.005234129546377786
270,2023-11-21 03:00:00+00:00,0.010867905767881913
270,2023-11-21 04:00:00+00:00,0.010867905767881913
270,2023-11-21 05:00:00+00:00,0.010867905767881913
270,2023-11-21 06:00:00+00:00,0.05335153740596576
270,2023-11-21 07:00:00+00:00,0.04082737591461113
270,2023-11-21 08:00:00+00:00,0.04082737591461113
270,2023-11-21 09:00:00+00:00,0.04082737591461113
270,2023-11-21 10:00:00+00:00,0.04536375101623459
270,2023-11-21 11:00:00+00:00,0.05927948600662863
270,2023-11-21 12:00:00+00:00,0.05927948600662863
270,2023-11-21 13:00:00+00:00,0.05927948600662863
270,2023-11-21 14:00:00+00:00,0.14627399937689747
270,2023-11-21 15:00:00+00:00,0.05927948600662863
270,2023-11-21 16:00:00+00:00,0.05038756310563433
270,2023-11-21 17:00:00+00:00,0.05038756310563433
270,2023-11-21 18:00:00+00:00,0.0385591883637994
270,2023-11-21 19:00:00+00:00,0.006804562652435188
270,2023-11-21 20:00:00+00:00,0.02194109990653462
270,2023-11-21 21:00:00+00:00,0.02194109990653462
270,2023-11-21 22:00:00+00:00,0.02327086353723369
270,2023-11-21 23:00:00+00:00,0.02460062716793276
270,2023-11-22 00:00:00+00:00,0.007392412410152592
270,2023-11-22 01:00:00+00:00,0.016930825180011867
270,2023-11-22 02:00:00+00:00,0.023194226605913627
270,2023-11-22 03:00:00+00:00,0.026931553243215868
270,2023-11-22 04:00:00+00:00,0.023194226605913627
270,2023-11-22 05:00:00+00:00,0.03650635791360559
270,2023-11-22 06:00:00+00:00,0.16511875233369627
270,2023-11-22 07:00:00+00:00,0.0995985180803009
270,2023-11-22 08:00:00+00:00,0.09178307168956688
270,2023-11-22 09:00:00+00:00,0.09178307168956688
270,2023-11-22 10:00:00+00:00,0.12255067963108679
270,2023-11-22 11:00:00+00:00,0.15664169156912555
270,2023-11-22 12:00:00+00:00,0.15664169156912555
270,2023-11-22 13:00:00+00:00,0.15664169156912555
270,2023-11-22 14:00:00+00:00,0.030655880570481017
270,2023-11-22 15:00:00+00:00,0.15664169156912555
270,2023-11-22 16:00:00+00:00,0.026156599227147286
270,2023-11-22 17:00:00+00:00,0.1340770776073982
270,2023-11-22 18:00:00+00:00,0.1340770776073982
270,2023-11-22 19:00:00+00:00,0.1006849824879688
270,2023-11-22 20:00:00+00:00,0.046976639293933885
270,2023-11-22 21:00:00+00:00,0.02318656666661707
270,2023-11-22 22:00:00+00:00,0.04550280333632172
270,2023-11-22 23:00:00+00:00,0.05240072964386255
270,2023-11-23 00:00:00+00:00,0.05135469685169409
270,2023-11-23 01:00:00+00:00,0.05051716265479965
270,2023-11-23 02:00:00+00:00,0.05051716265479965
270,2023-11-23 03:00:00+00:00,0.03049875178562793
270,2023-11-23 04:00:00+00:00,0.007851435898623665
270,2023-11-23 05:00:00+00:00,0.05051716265479965
270,2023-11-23 06:00:00+00:00,0.14763171077984655
270,2023-11-23 07:00:00+00:00,0.02827851551529041
270,2023-11-23 08:00:00+00:00,0.02827851551529041
270,2023-11-23 09:00:00+00:00,0.11486539310505578
270,2023-11-23 10:00:00+00:00,0.030655880570481017
270,2023-11-23 11:00:00+00:00,0.030655880570481017
270,2023-11-23 12:00:00+00:00,0.15664169156912555
270,2023-11-23 13:00:00+00:00,0.12255067963108679
270,2023-11-23 14:00:00+00:00,0.12255067963108679
270,2023-11-23 15:00:00+00:00,0.12255067963108679
270,2023-11-23 16:00:00+00:00,0.1340770776073982
270,2023-11-23 17:00:00+00:00,0.10491543224435952
270,2023-11-23 18:00:00+00:00,0.10491543224435952
270,2023-11-23 19:00:00+00:00,0.030496848613464824
270,2023-11-23 20:00:00+00:00,0.017193603141011933
270,2023-11-23 21:00:00+00:00,0.06316738877623339
270,2023-11-23 22:00:00+00:00,0.04057951847159776
270,2023-11-23 23:00:00+00:00,0.006348269467859692
270,2023-11-24 00:00:00+00:00,0.0005457852543640054
270,2023-11-24 01:00:00+00:00,0.0005153617619058035
270,2023-11-24 02:00:00+00:00,0.001528009812646258
270,2023-11-24 03:00:00+00:00,0.001528009812646258
270,2023-11-24 04:00:00+00:00,0.0006670565291086958
270,2023-11-24 05:00:00+00:00,0.0006670565291086958
270,2023-11-24 06:00:00+00:00,0.0074893402443649455
270,2023-11-24 07:00:00+00:00,0.0074893402443649455
270,2023-11-24 08:00:00+00:00,0.0032735331251838797
270,2023-11-24 09:00:00+00:00,0.013204954850705445
270,2023-11-24 10:00:00+00:00,0.005926920309677455
270,2023-11-24 11:00:00+00:00,0.005926920309677455
270,2023-11-24 12:00:00+00:00,0.14627399937689747
270,2023-11-24 13:00:00+00:00,0.05927948600662863
270,2023-11-24 14:00:00+00:00,0.09234995552733746
270,2023-11-24 15:00:00+00:00,0.05927948600662863
270,2023-11-24 16:00:00+00:00,0.05038756310563433
270,2023-11-24 17:00:00+00:00,0.05038756310563433
270,2023-11-24 18:00:00+00:00,0.007070764292131663
270,2023-11-24 19:00:00+00:00,0.006804562652435188
270,2023-11-24 20:00:00+00:00,0.002667114138207297
270,2023-11-24 21:00:00+00:00,0.006048337426488485
270,2023-11-24 22:00:00+00:00,0.017783845801988586
270,2023-11-24 23:00:00+00:00,0.004296850387927963
270,2023-11-25 00:00:00+00:00,0.00419204915895411
270,2023-11-25 01:00:00+00:00,0.026816899885764536
270,2023-11-25 02:00:00+00:00,0.0006670565291086958
270,2023-11-25 03:00:00+00:00,0.001528009812646258
270,2023-11-25 04:00:00+00:00,0.0006670565291086958
270,2023-11-25 05:00:00+00:00,0.03953361536948762
270,2023-11-25 06:00:00+00:00,0.2564166806077229
270,2023-11-25 07:00:00+00:00,0.08730673800240633
270,2023-11-25 08:00:00+00:00,0.048032366026269195
270,2023-11-25 09:00:00+00:00,0.08730673800240633
270,2023-11-25 10:00:00+00:00,0.10351890522603426
270,2023-11-25 11:00:00+00:00,0.019849171057645294
270,2023-11-25 12:00:00+00:00,0.0036371498292642078
270,2023-11-25 13:00:00+00:00,0.002810954723647607
270,2023-11-25 14:00:00+00:00,0.00831603702983223
270,2023-11-25 15:00:00+00:00,0.002810954723647607
270,2023-11-25 16:00:00+00:00,0.026156599227147286
270,2023-11-25 17:00:00+00:00,0.1340770776073982
270,2023-11-25 18:00:00+00:00,0.10491543224435952
270,2023-11-25 19:00:00+00:00,0.17153593014229124
270,2023-11-25 20:00:00+00:00,0.03676257210262075
270,2023-11-25 21:00:00+00:00,0.025203859322678445
270,2023-11-25 22:00:00+00:00,0.006459106343009523
270,2023-11-25 23:00:00+00:00,0.023065584065868033
270,2023-11-26 00:00:00+00:00,0.005639731454741875
270,2023-11-26 01:00:00+00:00,0.023463281868019135
270,2023-11-26 02:00:00+00:00,0.06700482772597516
270,2023-11-26 03:00:00+00:00,0.027420635593421602
270,2023-11-26 04:00:00+00:00,0.03826587847611084
270,2023-11-26 05:00:00+00:00,0.023832547597141478
270,2023-11-26 06:00:00+00:00,0.10478430190002268
270,2023-11-26 07:00:00+00:00,0.09344503448350833
270,2023-11-26 08:00:00+00:00,0.10814880449955593
270,2023-11-26 09:00:00+00:00,0.10478430190002268
270,2023-11-26 10:00:00+00:00,0.08321666570067224
270,2023-11-26 11:00:00+00:00,0.08567899550109873
270,2023-11-26 12:00:00+00:00,0.019849171057645294
270,2023-11-26 13:00:00+00:00,0.08321666570067224
270,2023-11-26 14:00:00+00:00,0.08567899550109873
270,2023-11-26 15:00:00+00:00,0.08321666570067224
270,2023-11-26 16:00:00+00:00,0.08984038167827621
270,2023-11-26 17:00:00+00:00,0.08984038167827621
270,2023-11-26 18:00:00+00:00,0.07931608796640298
270,2023-11-26 19:00:00+00:00,0.05478234367955945
270,2023-11-26 20:00:00+00:00,0.042548417196318376
270,2023-11-26 21:00:00+00:00,0.03239195583449216
270,2023-11-26 22:00:00+00:00,0.08630156648762605
270,2023-11-26 23:00:00+00:00,0.0383026665160196
270,2023-11-27 00:00:00+00:00,0.035538047997399555
270,2023-11-27 01:00:00+00:00,0.035953037961487855
270,2023-11-27 02:00:00+00:00,0.05051716265479965
270,2023-11-27 03:00:00+00:00,0.03650635791360559
270,2023-11-27 04:00:00+00:00,0.03650635791360559
270,2023-11-27 05:00:00+00:00,0.05051716265479965
270,2023-11-27 06:00:00+00:00,0.14763171077984655
270,2023-11-27 07:00:00+00:00,0.14763171077984655
270,2023-11-27 08:00:00+00:00,0.02827851551529041
270,2023-11-27 09:00:00+00:00,0.02827851551529041
270,2023-11-27 10:00:00+00:00,0.15664169156912555
270,2023-11-27 11:00:00+00:00,0.15664169156912555
270,2023-11-27 12:00:00+00:00,0.030655880570481017
270,2023-11-27 13:00:00+00:00,0.0036371498292642078
270,2023-11-27 14:00:00+00:00,0.04536375101623459
270,2023-11-27 15:00:00+00:00,0.0004158833313809056
270,2023-11-27 16:00:00+00:00,0.003724485708929278
270,2023-11-27 17:00:00+00:00,0.07849746219823683
270,2023-11-27 18:00:00+00:00,0.05038756310563433
270,2023-11-27 19:00:00+00:00,0.015877312855682106
270,2023-11-27 20:00:00+00:00,0.032603717303645745
270,2023-11-27 21:00:00+00:00,0.009992429133993954
270,2023-11-27 22:00:00+00:00,0.006048337426488485
270,2023-11-27 23:00:00+00:00,0.006804562652435188
270,2023-11-28 00:00:00+00:00,0.006804562652435188
270,2023-11-28 01:00:00+00:00,0.009983913432695345
270,2023-11-28 02:00:00+00:00,0.011075903964396401
270,2023-11-28 03:00:00+00:00,0.026816899885764536
270,2023-11-28 04:00:00+00:00,7.624622102741467e-05
270,2023-11-28 05:00:00+00:00,0.026816899885764536
270,2023-11-28 06:00:00+00:00,0.025694817773127314
270,2023-11-28 07:00:00+00:00,0.13164659943920773
270,2023-11-28 08:00:00+00:00,0.0039435731035721774
270,2023-11-28 09:00:00+00:00,0.0831149599746037
270,2023-11-28 10:00:00+00:00,0.09234995552733746
270,2023-11-28 11:00:00+00:00,0.00010096348726866814
270,2023-11-28 12:00:00+00:00,3.409530127669422e-05
270,2023-11-28 13:00:00+00:00,0.09234995552733746
270,2023-11-28 14:00:00+00:00,0.002810954723647607
270,2023-11-28 15:00:00+00:00,0.0036371498292642078
270,2023-11-28 16:00:00+00:00,0.003091582291089606
270,2023-11-28 17:00:00+00:00,0.026156599227147286
270,2023-11-28 18:00:00+00:00,0.10491543224435952
270,2023-11-28 19:00:00+00:00,0.06693925233381391
270,2023-11-28 20:00:00+00:00,0.05093605075188662
270,2023-11-28 21:00:00+00:00,0.046975480485396244
270,2023-11-28 22:00:00+00:00,0.012320188444346826
270,2023-11-28 23:00:00+00:00,0.044789923816494846
270,2023-11-29 00:00:00+00:00,0.03656034621294182
270,2023-11-29 01:00:00+00:00,0.023650940245704997
270,2023-11-29 02:00:00+00:00,0.008830866463349598
270,2023-11-29 03:00:00+00:00,0.027420635593421602
270,2023-11-29 04:00:00+00:00,1.860922853540873e-05
270,2023-11-29 05:00:00+00:00,0.023194226605913627
270,2023-11-29 06:00:00+00:00,0.10814880449955593
270,2023-11-29 07:00:00+00:00,0.0995985180803009
270,2023-11-29 08:00:00+00:00,0.08730673800240633
270,2023-11-29 09:00:00+00:00,0.0039435731035721774
270,2023-11-29 10:00:00+00:00,0.0033842405148571454
270,2023-11-29 11:00:00+00:00,0.2315833367278309
270,2023-11-29 12:00:00+00:00,0.0033842405148571454
270,2023-11-29 13:00:00+00:00,0.0004158833313809056
270,2023-11-29 14:00:00+00:00,0.00010096348726866814
270,2023-11-29 15:00:00+00:00,0.00010096348726866814
270,2023-11-29 16:00:00+00:00,0.00035350341618556097
270,2023-11-29 17:00:00+00:00,8.584578369488416e-05
270,2023-11-29 18:00:00+00:00,0.00035350341618556097
270,2023-11-29 19:00:00+00:00,0.00010074445963875206
270,2023-11-29 20:00:00+00:00,3.27281011971888e-05
270,2023-11-29 21:00:00+00:00,0.0031556869956848657
270,2023-11-29 22:00:00+00:00,0.0860303785760148
270,2023-11-29 23:00:00+00:00,0.0860303785760148
270,2023-11-30 00:00:00+00:00,7.624622102741467e-05
270,2023-11-30 01:00:00+00:00,7.624622102741467e-05
270,2023-11-30 02:00:00+00:00,7.624622102741467e-05
270,2023-11-30 03:00:00+00:00,7.624622102741467e-05
270,2023-11-30 04:00:00+00:00,0.000803320447023987
270,2023-11-30 05:00:00+00:00,7.624622102741467e-05
270,2023-11-30 06:00:00+00:00,9.09229591590243e-05
270,2023-11-30 07:00:00+00:00,0.0003743001672666455
270,2023-11-30 08:00:00+00:00,0.0003743001672666455
270,2023-11-30 09:00:00+00:00,9.09229591590243e-05
270,2023-11-30 10:00:00+00:00,0.00010096348726866814
270,2023-11-30 11:00:00+00:00,0.00010096348726866814
270,2023-11-30 12:00:00+00:00,0.00010096348726866814
270,2023-11-30 13:00:00+00:00,0.00010096348726866814
270,2023-11-30 14:00:00+00:00,0.00010096348726866814
270,2023-11-30 15:00:00+00:00,0.0004158833313809056
270,2023-11-30 16:00:00+00:00,0.00035350341618556097
270,2023-11-30 17:00:00+00:00,8.584578369488416e-05
270,2023-11-30 18:00:00+00:00,0.00035350341618556097
270,2023-11-30 19:00:00+00:00,0.0002287384167615653
270,2023-11-30 20:00:00+00:00,0.00029111603454194467
270,2023-11-30 21:00:00+00:00,0.00028117113567640656
270,2023-11-30 22:00:00+00:00,0.00027122626294505663
270,2023-11-30 23:00:00+00:00,0.0001247650516264442
270,2023-12-01 00:00:00+00:00,7.624622102395764e-05
270,2023-12-01 01:00:00+00:00,7.624622102395764e-05
270,2023-12-01 02:00:00+00:00,1.860922853540873e-05
270,2023-12-01 03:00:00+00:00,7.624622102741467e-05
270,2023-12-01 04:00:00+00:00,1.860922853540873e-05
270,2023-12-01 05:00:00+00:00,1.860922853540873e-05
270,2023-12-01 06:00:00+00:00,0.0003743001672666455
270,2023-12-01 07:00:00+00:00,0.0003743001672666455
270,2023-12-01 08:00:00+00:00,0.0003743001672666455
270,2023-12-01 09:00:00+00:00,0.0003743001672666455
270,2023-12-01 10:00:00+00:00,0.0004158833313809056
270,2023-12-01 11:00:00+00:00,0.0004158833313809056
270,2023-12-01 12:00:00+00:00,0.0004158833313809056
270,2023-12-01 13:00:00+00:00,0.09234995552733746
270,2023-12-01 14:00:00+00:00,0.00010096348726866814
270,2023-12-01 15:00:00+00:00,0.0004158833313809056
270,2023-12-01 16:00:00+00:00,0.12433289947036286
270,2023-12-01 17:00:00+00:00,8.584578369488416e-05
270,2023-12-01 18:00:00+00:00,2.9287908505254553e-05
270,2023-12-01 19:00:00+00:00,1.529154643130546e-05
270,2023-12-01 20:00:00+00:00,0.03232248443456811
270,2023-12-01 21:00:00+00:00,0.026165820732745614
270,2023-12-01 22:00:00+00:00,0.031692699864994456
270,2023-12-01 23:00:00+00:00,0.02194109990653462
270,2023-12-02 00:00:00+00:00,6.043209581123492e-06
270,2023-12-02 01:00:00+00:00,0.027516886156278304
270,2023-12-02 02:00:00+00:00,0.0664386697185143
270,2023-12-02 03:00:00+00:00,0.000803320447023987
270,2023-12-02 04:00:00+00:00,0.016930825180011867
270,2023-12-02 05:00:00+00:00,7.624622102741467e-05
270,2023-12-02 06:00:00+00:00,0.2543560227100677
270,2023-12-02 07:00:00+00:00,0.08942370351332238
270,2023-12-02 08:00:00+00:00,0.09344503448350833
270,2023-12-02 09:00:00+00:00,0.017082448387249597
270,2023-12-02 10:00:00+00:00,0.1320528618050368
270,2023-12-02 11:00:00+00:00,0.01426104159815463
270,2023-12-02 12:00:00+00:00,0.04785146604819836
270,2023-12-02 13:00:00+00:00,0.15664169156912555
270,2023-12-02 14:00:00+00:00,0.0762213152867417
270,2023-12-02 15:00:00+00:00,0.08567899550109873
270,2023-12-02 16:00:00+00:00,0.09278484319574654
270,2023-12-02 17:00:00+00:00,0.09278484319574654
270,2023-12-02 18:00:00+00:00,0.07835369983026941
270,2023-12-02 19:00:00+00:00,0.0365347200916999
270,2023-12-02 20:00:00+00:00,0.040626083520458225
270,2023-12-02 21:00:00+00:00,0.030033185831494967
270,2023-12-02 22:00:00+00:00,0.03653506379150625
270,2023-12-02 23:00:00+00:00,0.03554821560967375
270,2023-12-03 00:00:00+00:00,0.018805936122766688
270,2023-12-03 01:00:00+00:00,0.019794660585540955
270,2023-12-03 02:00:00+00:00,0.008555408205261909
270,2023-12-03 03:00:00+00:00,0.0058789223928075365
270,2023-12-03 04:00:00+00:00,0.024501287865073745
270,2023-12-03 05:00:00+00:00,0.023832547597141478
270,2023-12-03 06:00:00+00:00,0.048032366026269195
270,2023-12-03 07:00:00+00:00,0.048032366026269195
270,2023-12-03 08:00:00+00:00,0.10814880449955593
270,2023-12-03 09:00:00+00:00,0.10478430190002268
270,2023-12-03 10:00:00+00:00,0.0954682724198764
270,2023-12-03 11:00:00+00:00,0.08321666570067224
270,2023-12-03 12:00:00+00:00,0.08567899550109873
270,2023-12-03 13:00:00+00:00,0.01426104159815463
270,2023-12-03 14:00:00+00:00,0.10351890522603426
270,2023-12-03 15:00:00+00:00,0.08460744034150297
270,2023-12-03 16:00:00+00:00,0.04289884888351368
270,2023-12-03 17:00:00+00:00,0.07931608796640298
270,2023-12-03 18:00:00+00:00,0.07931608796640298
270,2023-12-03 19:00:00+00:00,0.06889640758238713
270,2023-12-03 20:00:00+00:00,0.03736294283315369
270,2023-12-03 21:00:00+00:00,0.03817529157198087
270,2023-12-03 22:00:00+00:00,0.03414844071705851
270,2023-12-03 23:00:00+00:00,0.037936925794892565
270,2023-12-04 00:00:00+00:00,0.026044508610870737
270,2023-12-04 01:00:00+00:00,0.026044508610870737
270,2023-12-04 02:00:00+00:00,0.023832547597141478
270,2023-12-04 03:00:00+00:00,0.02814618064904106
270,2023-12-04 04:00:00+00:00,0.013903317995243691
270,2023-12-04 05:00:00+00:00,0.0058789223928075365
270,2023-12-04 06:00:00+00:00,0.08942370351332238
270,2023-12-04 07:00:00+00:00,0.10814880449955593
270,2023-12-04 08:00:00+00:00,0.10478430190002268
270,2023-12-04 09:00:00+00:00,0.10814880449955593
270,2023-12-04 10:00:00+00:00,0.05927948600662863
270,2023-12-04 11:00:00+00:00,0.14627399937689747
270,2023-12-04 12:00:00+00:00,0.05927948600662863
270,2023-12-04 13:00:00+00:00,0.05927948600662863
270,2023-12-04 14:00:00+00:00,0.04536375101623459
270,2023-12-04 15:00:00+00:00,0.04536375101623459
270,2023-12-04 16:00:00+00:00,0.0385591883637994
270,2023-12-04 17:00:00+00:00,0.0385591883637994
270,2023-12-04 18:00:00+00:00,0.03427391208343475
270,2023-12-04 19:00:00+00:00,0.030241687132442425
270,2023-12-04 20:00:00+00:00,0.014274898762848506
270,2023-12-04 21:00:00+00:00,0.009992429133993954
270,2023-12-04 22:00:00+00:00,0.005709959505139403
270,2023-12-04 23:00:00+00:00,0.005913886630322954
270,2023-12-05 00:00:00+00:00,0.0012700543530932006
270,2023-12-05 01:00:00+00:00,0.002689898210328887
270,2023-12-05 02:00:00+00:00,0.002689898210328887
270,2023-12-05 03:00:00+00:00,0.0006670565291086958
270,2023-12-05 04:00:00+00:00,0.0006670565291086958
270,2023-12-05 05:00:00+00:00,0.0005153784633358718
270,2023-12-05 06:00:00+00:00,0.013204954850705445
270,2023-12-05 07:00:00+00:00,0.04082737591461113
270,2023-12-05 08:00:00+00:00,0.013204954850705445
270,2023-12-05 09:00:00+00:00,0.04082737591461113
270,2023-12-05 10:00:00+00:00,0.04536375101623459
270,2023-12-05 11:00:00+00:00,0.05927948600662863
270,2023-12-05 12:00:00+00:00,0.05927948600662863
270,2023-12-05 13:00:00+00:00,0.028549797525697012
270,2023-12-05 14:00:00+00:00,0.05927948600662863
270,2023-12-05 15:00:00+00:00,0.04032224950992323
270,2023-12-05 16:00:00+00:00,0.03427391208343475
270,2023-12-05 17:00:00+00:00,0.05038756310563433
270,2023-12-05 18:00:00+00:00,0.12433289947036286
270,2023-12-05 19:00:00+00:00,0.009992429133993954
270,2023-12-05 20:00:00+00:00,0.01712987851541821
270,2023-12-05 21:00:00+00:00,0.02667576870298288
270,2023-12-05 22:00:00+00:00,0.027704986658201234
270,2023-12-05 23:00:00+00:00,0.01975982866887621
270,2023-12-06 00:00:00+00:00,0.014784824820305183
270,2023-12-06 01:00:00+00:00,0.008316687686309674
270,2023-12-06 02:00:00+00:00,0.010867905767881913
270,2023-12-06 03:00:00+00:00,0.002689898210328887
270,2023-12-06 04:00:00+00:00,0.0664386697185143
270,2023-12-06 05:00:00+00:00,0.023832547597141478
270,2023-12-06 06:00:00+00:00,0.0025298578769193847
270,2023-12-06 07:00:00+00:00,0.1464007006284395
270,2023-12-06 08:00:00+00:00,0.10814880449955593
270,2023-12-06 09:00:00+00:00,0.10814880449955593
270,2023-12-06 10:00:00+00:00,0.13339536031136384
270,2023-12-06 11:00:00+00:00,0.08321666570067224
270,2023-12-06 12:00:00+00:00,0.08321666570067224
270,2023-12-06 13:00:00+00:00,0.09885465476982067
270,2023-12-06 14:00:00+00:00,0.08321666570067224
270,2023-12-06 15:00:00+00:00,0.08321666570067224
270,2023-12-06 16:00:00+00:00,0.07931608796640298
270,2023-12-06 17:00:00+00:00,0.07931608796640298
270,2023-12-06 18:00:00+00:00,0.07931608796640298
270,2023-12-06 19:00:00+00:00,0.06624221611272828
270,2023-12-06 20:00:00+00:00,0.034633323897397775
270,2023-12-06 21:00:00+00:00,0.034923127402655976
270,2023-12-06 22:00:00+00:00,0.02652895693348144
270,2023-12-06 23:00:00+00:00,0.03604005129194094
270,2023-12-07 00:00:00+00:00,0.030242063729621963
270,2023-12-07 01:00:00+00:00,0.027531555392471645
270,2023-12-07 02:00:00+00:00,0.02763451292275992
270,2023-12-07 03:00:00+00:00,0.02814618064904106
270,2023-12-07 04:00:00+00:00,0.024501287865073745
270,2023-12-07 05:00:00+00:00,0.024501287865073745
270,2023-12-07 06:00:00+00:00,0.048032366026269195
270,2023-12-07 07:00:00+00:00,0.048032366026269195
270,2023-12-07 08:00:00+00:00,0.048032366026269195
270,2023-12-07 09:00:00+00:00,0.048032366026269195
270,2023-12-07 10:00:00+00:00,0.04785146604819836
270,2023-12-07 11:00:00+00:00,0.08567899550109873
270,2023-12-07 12:00:00+00:00,0.04785146604819836
270,2023-12-07 13:00:00+00:00,0.04785146604819836
270,2023-12-07 14:00:00+00:00,0.04785146604819836
270,2023-12-07 15:00:00+00:00,0.08567899550109873
270,2023-12-07 16:00:00+00:00,0.04289884888351368
270,2023-12-07 17:00:00+00:00,0.04289884888351368
270,2023-12-07 18:00:00+00:00,0.014186211578391247
270,2023-12-07 19:00:00+00:00,0.010717085230703591
270,2023-12-07 20:00:00+00:00,0.028612924261391778
270,2023-12-07 21:00:00+00:00,0.03524599310815985
270,2023-12-07 22:00:00+00:00,0.03524599310815985
270,2023-12-07 23:00:00+00:00,0.05037679477887964
270,2023-12-08 00:00:00+00:00,0.04244742248976731
270,2023-12-08 01:00:00+00:00,0.04244742248976731
270,2023-12-08 02:00:00+00:00,0.024501287865073745
270,2023-12-08 03:00:00+00:00,0.04244742248976731
270,2023-12-08 04:00:00+00:00,0.03953361536948762
270,2023-12-08 05:00:00+00:00,0.04244742248976731
270,2023-12-08 06:00:00+00:00,0.16511875233369627
270,2023-12-08 07:00:00+00:00,0.16511875233369627
270,2023-12-08 08:00:00+00:00,0.16511875233369627
270,2023-12-08 09:00:00+00:00,0.16511875233369627
270,2023-12-08 10:00:00+00:00,0.10351890522603426
270,2023-12-08 11:00:00+00:00,0.10351890522603426
270,2023-12-08 12:00:00+00:00,0.08460744034150297
270,2023-12-08 13:00:00+00:00,0.09689018134811997
270,2023-12-08 14:00:00+00:00,0.08460744034150297
270,2023-12-08 15:00:00+00:00,0.08460744034150297
270,2023-12-08 16:00:00+00:00,0.08366930468350092
270,2023-12-08 17:00:00+00:00,0.1345647853886364
270,2023-12-08 18:00:00+00:00,0.0768819812428193
270,2023-12-08 19:00:00+00:00,0.03888298315160194
270,2023-12-08 20:00:00+00:00,0.05037679477887964
270,2023-12-08 21:00:00+00:00,0.03888298315160194
270,2023-12-08 22:00:00+00:00,0.03888298315160194
270,2023-12-08 23:00:00+00:00,0.03888298315160194
270,2023-12-09 00:00:00+00:00,0.03953361536948762
270,2023-12-09 01:00:00+00:00,0.030103532667464208
270,2023-12-09 02:00:00+00:00,0.02223214725651791
270,2023-12-09 03:00:00+00:00,0.004097493101535481
270,2023-12-09 04:00:00+00:00,0.0058789223928075365
270,2023-12-09 05:00:00+00:00,0.013903317995243691
270,2023-12-09 06:00:00+00:00,0.048032366026269195
270,2023-12-09 07:00:00+00:00,0.048032366026269195
270,2023-12-09 08:00:00+00:00,0.017082448387249597
270,2023-12-09 09:00:00+00:00,0.16511875233369627
270,2023-12-09 10:00:00+00:00,0.12255067963108679
270,2023-12-09 11:00:00+00:00,0.15664169156912555
270,2023-12-09 12:00:00+00:00,0.15664169156912555
270,2023-12-09 13:00:00+00:00,0.15664169156912555
270,2023-12-09 14:00:00+00:00,0.030655880570481017
270,2023-12-09 15:00:00+00:00,0.15664169156912555
270,2023-12-09 16:00:00+00:00,0.026156599227147286
270,2023-12-09 17:00:00+00:00,0.026156599227147286
270,2023-12-09 18:00:00+00:00,0.026156599227147286
270,2023-12-09 19:00:00+00:00,0.010696872110769069
270,2023-12-09 20:00:00+00:00,0.010696872110769069
270,2023-12-09 21:00:00+00:00,0.010696872110769069
270,2023-12-09 22:00:00+00:00,0.010696872110769069
270,2023-12-09 23:00:00+00:00,0.010696872110769069
270,2023-12-10 00:00:00+00:00,0.05051716265479965
270,2023-12-10 01:00:00+00:00,0.007851435898623665
270,2023-12-10 02:00:00+00:00,0.05051716265479965
270,2023-12-10 03:00:00+00:00,0.007851435898623665
270,2023-12-10 04:00:00+00:00,0.05051716265479965
270,2023-12-10 05:00:00+00:00,0.05051716265479965
270,2023-12-10 06:00:00+00:00,0.08730673800240633
270,2023-12-10 07:00:00+00:00,0.16511875233369627
270,2023-12-10 08:00:00+00:00,0.03633433115496335
270,2023-12-10 09:00:00+00:00,0.02024693912165743
270,2023-12-10 10:00:00+00:00,0.019849171057645294
270,2023-12-10 11:00:00+00:00,0.01426104159815463
270,2023-12-10 12:00:00+00:00,0.13975588657474847
270,2023-12-10 13:00:00+00:00,0.08460744034150297
270,2023-12-10 14:00:00+00:00,0.12255067963108679
270,2023-12-10 15:00:00+00:00,0.15664169156912555
270,2023-12-10 16:00:00+00:00,0.1340770776073982
270,2023-12-10 17:00:00+00:00,0.10491543224435952
270,2023-12-10 18:00:00+00:00,0.10491543224435952
270,2023-12-10 19:00:00+00:00,0.03524599310815985
270,2023-12-10 20:00:00+00:00,0.03524599310815985
270,2023-12-10 21:00:00+00:00,0.04620605583352734
270,2023-12-10 22:00:00+00:00,0.04620605583352734
270,2023-12-10 23:00:00+00:00,0.061648229181052325
270,2023-12-11 00:00:00+00:00,0.05051716265479965
270,2023-12-11 01:00:00+00:00,0.05051716265479965
270,2023-12-11 02:00:00+00:00,0.05051716265479965
270,2023-12-11 03:00:00+00:00,0.05051716265479965
270,2023-12-11 04:00:00+00:00,0.007851435898623665
270,2023-12-11 05:00:00+00:00,0.05051716265479965
270,2023-12-11 06:00:00+00:00,0.14763171077984655
270,2023-12-11 07:00:00+00:00,0.02827851551529041
270,2023-12-11 08:00:00+00:00,0.02827851551529041
270,2023-12-11 09:00:00+00:00,0.02827851551529041
270,2023-12-11 10:00:00+00:00,0.15664169156912555
270,2023-12-11 11:00:00+00:00,0.00831603702983223
270,2023-12-11 12:00:00+00:00,0.030655880570481017
270,2023-12-11 13:00:00+00:00,0.15664169156912555
270,2023-12-11 14:00:00+00:00,0.15664169156912555
270,2023-12-11 15:00:00+00:00,0.12255067963108679
270,2023-12-11 16:00:00+00:00,0.08366930468350092
270,2023-12-11 17:00:00+00:00,0.014186211578391247
270,2023-12-11 18:00:00+00:00,0.09278484319574654
270,2023-12-11 19:00:00+00:00,0.07281359065356946
270,2023-12-11 20:00:00+00:00,0.005259501071175703
270,2023-12-11 21:00:00+00:00,0.009921014314360498
270,2023-12-11 22:00:00+00:00,0.01493262701435264
270,2023-12-11 23:00:00+00:00,0.015486371170644947
270,2023-12-12 00:00:00+00:00,0.024501287865073745
270,2023-12-12 01:00:00+00:00,0.004097493101535481
270,2023-12-12 02:00:00+00:00,0.02223214725651791
270,2023-12-12 03:00:00+00:00,0.02223214725651791
270,2023-12-12 04:00:00+00:00,0.04244742248976731
270,2023-12-12 05:00:00+00:00,0.02223214725651791
270,2023-12-12 06:00:00+00:00,0.1892199885684159
270,2023-12-12 07:00:00+00:00,0.03633433115496335
270,2023-12-12 08:00:00+00:00,0.03633433115496335
270,2023-12-12 09:00:00+00:00,0.03633433115496335
270,2023-12-12 10:00:00+00:00,0.0762213152867417
270,2023-12-12 11:00:00+00:00,0.13975588657474847
270,2023-12-12 12:00:00+00:00,0.0762213152867417
270,2023-12-12 13:00:00+00:00,0.13975588657474847
270,2023-12-12 14:00:00+00:00,0.09689018134811997
270,2023-12-12 15:00:00+00:00,0.09689018134811997
270,2023-12-12 16:00:00+00:00,0.08366930468350092
270,2023-12-12 17:00:00+00:00,0.10491543224435952
270,2023-12-12 18:00:00+00:00,0.10491543224435952
270,2023-12-12 19:00:00+00:00,0.060875625981516086
270,2023-12-12 20:00:00+00:00,0.05567356274992599
270,2023-12-12 21:00:00+00:00,0.05436081220541848
270,2023-12-12 22:00:00+00:00,0.008353671100124608
270,2023-12-12 23:00:00+00:00,0.008028810787028912
270,2023-12-13 00:00:00+00:00,0.001376003632453795
270,2023-12-13 01:00:00+00:00,0.0005060090600677271
270,2023-12-13 02:00:00+00:00,0.0005153784633358718
270,2023-12-13 03:00:00+00:00,0.008316687686309674
270,2023-12-13 04:00:00+00:00,0.008316687686309674
270,2023-12-13 05:00:00+00:00,0.008316687686309674
270,2023-12-13 06:00:00+00:00,0.005334228285586481
270,2023-12-13 07:00:00+00:00,0.0025298578769193847
270,2023-12-13 08:00:00+00:00,0.04082737591461113
270,2023-12-13 09:00:00+00:00,0.04082737591461113
270,2023-12-13 10:00:00+00:00,0.05927948600662863
270,2023-12-13 11:00:00+00:00,0.04536375101623459
270,2023-12-13 12:00:00+00:00,0.04536375101623459
270,2023-12-13 13:00:00+00:00,0.04536375101623459
270,2023-12-13 14:00:00+00:00,0.04536375101623459
270,2023-12-13 15:00:00+00:00,0.04536375101623459
270,2023-12-13 16:00:00+00:00,0.0385591883637994
270,2023-12-13 17:00:00+00:00,0.0385591883637994
270,2023-12-13 18:00:00+00:00,0.02426732789684246
270,2023-12-13 19:00:00+00:00,0.020413687957305564
270,2023-12-13 20:00:00+00:00,0.006804562652435188
270,2023-12-13 21:00:00+00:00,0.013609125304870375
270,2023-12-13 22:00:00+00:00,0.004282469628854552
270,2023-12-13 23:00:00+00:00,0.0009878200535506972
270,2023-12-14 00:00:00+00:00,0.001528009812646258
270,2023-12-14 01:00:00+00:00,0.007851435898623665
270,2023-12-14 02:00:00+00:00,0.007851435898623665
270,2023-12-14 03:00:00+00:00,0.007851435898623665
270,2023-12-14 04:00:00+00:00,0.04244742248976731
270,2023-12-14 05:00:00+00:00,0.004097493101535481
270,2023-12-14 06:00:00+00:00,0.048032366026269195
270,2023-12-14 07:00:00+00:00,0.02024693912165743
270,2023-12-14 08:00:00+00:00,0.03633433115496335
270,2023-12-14 09:00:00+00:00,0.1892199885684159
270,2023-12-14 10:00:00+00:00,0.0762213152867417
270,2023-12-14 11:00:00+00:00,0.08460744034150297
270,2023-12-14 12:00:00+00:00,0.12255067963108679
270,2023-12-14 13:00:00+00:00,0.00831603702983223
270,2023-12-14 14:00:00+00:00,0.15664169156912555
270,2023-12-14 15:00:00+00:00,0.15664169156912555
270,2023-12-14 16:00:00+00:00,0.026156599227147286
270,2023-12-14 17:00:00+00:00,0.003091582291089606
270,2023-12-14 18:00:00+00:00,0.003091582291089606
270,2023-12-14 19:00:00+00:00,0.007336086028169692
270,2023-12-14 20:00:00+00:00,0.0009838319682603225
270,2023-12-14 21:00:00+00:00,0.0005458313509837312
270,2023-12-14 22:00:00+00:00,0.0012518559459768098
270,2023-12-14 23:00:00+00:00,0.007417713185877774
270,2023-12-15 00:00:00+00:00,0.04816773092330272
270,2023-12-15 01:00:00+00:00,0.04902317513570085
270,2023-12-15 02:00:00+00:00,0.05051716265479965
270,2023-12-15 03:00:00+00:00,0.05051716265479965
270,2023-12-15 04:00:00+00:00,0.05051716265479965
270,2023-12-15 05:00:00+00:00,0.007851435898623665
270,2023-12-15 06:00:00+00:00,0.09178307168956688
270,2023-12-15 07:00:00+00:00,0.1892199885684159
270,2023-12-15 08:00:00+00:00,0.08730673800240633
270,2023-12-15 09:00:00+00:00,0.0074893402443649455
270,2023-12-15 10:00:00+00:00,0.13975588657474847
270,2023-12-15 11:00:00+00:00,0.08460744034150297
270,2023-12-15 12:00:00+00:00,0.09689018134811997
270,2023-12-15 13:00:00+00:00,0.13975588657474847
270,2023-12-15 14:00:00+00:00,0.1320528618050368
270,2023-12-15 15:00:00+00:00,0.09689018134811997
270,2023-12-15 16:00:00+00:00,0.0768819812428193
270,2023-12-15 17:00:00+00:00,0.0768819812428193
270,2023-12-15 18:00:00+00:00,0.10138695619809857
270,2023-12-15 19:00:00+00:00,0.04170111140611567
270,2023-12-15 20:00:00+00:00,0.030077999960726444
270,2023-12-15 21:00:00+00:00,0.03148287577173487
270,2023-12-15 22:00:00+00:00,0.031007325410483927
270,2023-12-15 23:00:00+00:00,0.03688880152603764
270,2023-12-16 00:00:00+00:00,0.03575385542894618
270,2023-12-16 01:00:00+00:00,0.02261330536487278
270,2023-12-16 02:00:00+00:00,0.023194226605913627
270,2023-12-16 03:00:00+00:00,0.023194226605913627
270,2023-12-16 04:00:00+00:00,0.026931553243215868
270,2023-12-16 05:00:00+00:00,0.026931553243215868
270,2023-12-16 06:00:00+00:00,0.11486539310505578
270,2023-12-16 07:00:00+00:00,0.11486539310505578
270,2023-12-16 08:00:00+00:00,0.09178307168956688
270,2023-12-16 09:00:00+00:00,0.09178307168956688
270,2023-12-16 10:00:00+00:00,0.09689018134811997
270,2023-12-16 11:00:00+00:00,0.08460744034150297
270,2023-12-16 12:00:00+00:00,0.09689018134811997
270,2023-12-16 13:00:00+00:00,0.09689018134811997
270,2023-12-16 14:00:00+00:00,0.09689018134811997
270,2023-12-16 15:00:00+00:00,0.09689018134811997
270,2023-12-16 16:00:00+00:00,0.10491543224435952
270,2023-12-16 17:00:00+00:00,0.0768819812428193
270,2023-12-16 18:00:00+00:00,0.08366930468350092
270,2023-12-16 19:00:00+00:00,0.05670755474760519
270,2023-12-16 20:00:00+00:00,0.03590647140017675
270,2023-12-16 21:00:00+00:00,0.024988189091201058
270,2023-12-16 22:00:00+00:00,0.01904737804701126
270,2023-12-16 23:00:00+00:00,0.02420740286170204
270,2023-12-17 00:00:00+00:00,0.02328080991533709
270,2023-12-17 01:00:00+00:00,0.02328080991533709
270,2023-12-17 02:00:00+00:00,0.023194226605913627
270,2023-12-17 03:00:00+00:00,0.023194226605913627
270,2023-12-17 04:00:00+00:00,0.030103532667464208
270,2023-12-17 05:00:00+00:00,0.023194226605913627
270,2023-12-17 06:00:00+00:00,0.08730673800240633
270,2023-12-17 07:00:00+00:00,0.08730673800240633
270,2023-12-17 08:00:00+00:00,0.08730673800240633
270,2023-12-17 09:00:00+00:00,0.12110694450521549
270,2023-12-17 10:00:00+00:00,0.08460744034150297
270,2023-12-17 11:00:00+00:00,0.08460744034150297
270,2023-12-17 12:00:00+00:00,0.08460744034150297
270,2023-12-17 13:00:00+00:00,0.08460744034150297
270,2023-12-17 14:00:00+00:00,0.08460744034150297
270,2023-12-17 15:00:00+00:00,0.12255067963108679
270,2023-12-17 16:00:00+00:00,0.08366930468350092
270,2023-12-17 17:00:00+00:00,0.08366930468350092
270,2023-12-17 18:00:00+00:00,0.0768819812428193
270,2023-12-17 19:00:00+00:00,0.030237832339284666
270,2023-12-17 20:00:00+00:00,0.020168440534825992
270,2023-12-17 21:00:00+00:00,0.020384852328947118
270,2023-12-17 22:00:00+00:00,0.02081910958845856
270,2023-12-17 23:00:00+00:00,0.02950881595082744
270,2023-12-18 00:00:00+00:00,0.030103532667464208
270,2023-12-18 01:00:00+00:00,0.030103532667464208
270,2023-12-18 02:00:00+00:00,0.030103532667464208
270,2023-12-18 03:00:00+00:00,0.030103532667464208
270,2023-12-18 04:00:00+00:00,0.030103532667464208
270,2023-12-18 05:00:00+00:00,0.030103532667464208
270,2023-12-18 06:00:00+00:00,0.12110694450521549
270,2023-12-18 07:00:00+00:00,0.08730673800240633
270,2023-12-18 08:00:00+00:00,0.12110694450521549
270,2023-12-18 09:00:00+00:00,0.12110694450521549
270,2023-12-18 10:00:00+00:00,0.10351890522603426
270,2023-12-18 11:00:00+00:00,0.10351890522603426
270,2023-12-18 12:00:00+00:00,0.08460744034150297
270,2023-12-18 13:00:00+00:00,0.08460744034150297
270,2023-12-18 14:00:00+00:00,0.09689018134811997
270,2023-12-18 15:00:00+00:00,0.08460744034150297
270,2023-12-18 16:00:00+00:00,0.0768819812428193
270,2023-12-18 17:00:00+00:00,0.0768819812428193
270,2023-12-18 18:00:00+00:00,0.0768819812428193
270,2023-12-18 19:00:00+00:00,0.03182029549988786
270,2023-12-18 20:00:00+00:00,0.0432761439285244
270,2023-12-18 21:00:00+00:00,0.04306901234535519
270,2023-12-18 22:00:00+00:00,0.04771232027503311
270,2023-12-18 23:00:00+00:00,0.036077990140482664
270,2023-12-19 00:00:00+00:00,0.021959734724766332
270,2023-12-19 01:00:00+00:00,0.030103532667464208
270,2023-12-19 02:00:00+00:00,0.026931553243215868
270,2023-12-19 03:00:00+00:00,0.03650635791360559
270,2023-12-19 04:00:00+00:00,0.03650635791360559
270,2023-12-19 05:00:00+00:00,0.03650635791360559
270,2023-12-19 06:00:00+00:00,0.11486539310505578
270,2023-12-19 07:00:00+00:00,0.14763171077984655
270,2023-12-19 08:00:00+00:00,0.03629002455893091
270,2023-12-19 09:00:00+00:00,9.09229591590243e-05
270,2023-12-19 10:00:00+00:00,0.04032224950992323
270,2023-12-19 11:00:00+00:00,0.0036371498292642078
270,2023-12-19 12:00:00+00:00,0.0036371498292642078
270,2023-12-19 13:00:00+00:00,0.00831603702983223
270,2023-12-19 14:00:00+00:00,0.005926920309677455
270,2023-12-19 15:00:00+00:00,0.002810954723647607
270,2023-12-19 16:00:00+00:00,0.002389316765450516
270,2023-12-19 17:00:00+00:00,0.007070764292131663
270,2023-12-19 18:00:00+00:00,0.026156599227147286
270,2023-12-19 19:00:00+00:00,0.011483746490642507
270,2023-12-19 20:00:00+00:00,0.011206880073162777
270,2023-12-19 21:00:00+00:00,0.016442440087603764
270,2023-12-19 22:00:00+00:00,0.009195491251959325
270,2023-12-19 23:00:00+00:00,0.01017187911725281
270,2023-12-20 00:00:00+00:00,0.05441692845728398
270,2023-12-20 01:00:00+00:00,0.04342285731507729
270,2023-12-20 02:00:00+00:00,0.05051716265479965
270,2023-12-20 03:00:00+00:00,0.007851435898623665
270,2023-12-20 04:00:00+00:00,0.007851435898623665
270,2023-12-20 05:00:00+00:00,0.007851435898623665
270,2023-12-20 06:00:00+00:00,0.02827851551529041
270,2023-12-20 07:00:00+00:00,0.02827851551529041
270,2023-12-20 08:00:00+00:00,0.14763171077984655
270,2023-12-20 09:00:00+00:00,0.02827851551529041
270,2023-12-20 10:00:00+00:00,0.15664169156912555
270,2023-12-20 11:00:00+00:00,0.15664169156912555
270,2023-12-20 12:00:00+00:00,0.15664169156912555
270,2023-12-20 13:00:00+00:00,0.15664169156912555
270,2023-12-20 14:00:00+00:00,0.15664169156912555
270,2023-12-20 15:00:00+00:00,0.15664169156912555
270,2023-12-20 16:00:00+00:00,0.1340770776073982
270,2023-12-20 17:00:00+00:00,0.1340770776073982
270,2023-12-20 18:00:00+00:00,0.1340770776073982
270,2023-12-20 19:00:00+00:00,0.10256611087749636
270,2023-12-20 20:00:00+00:00,0.05122136797117245
270,2023-12-20 21:00:00+00:00,0.04360253397971028
270,2023-12-20 22:00:00+00:00,0.046595026607820535
270,2023-12-20 23:00:00+00:00,0.04885030371561278
270,2023-12-21 00:00:00+00:00,0.03648365282973317
270,2023-12-21 01:00:00+00:00,0.04995210278301475
270,2023-12-21 02:00:00+00:00,0.05051716265479965
270,2023-12-21 03:00:00+00:00,0.007851435898623665
270,2023-12-21 04:00:00+00:00,0.05051716265479965
270,2023-12-21 05:00:00+00:00,0.05051716265479965
270,2023-12-21 06:00:00+00:00,0.14763171077984655
270,2023-12-21 07:00:00+00:00,0.14763171077984655
270,2023-12-21 08:00:00+00:00,0.14763171077984655
270,2023-12-21 09:00:00+00:00,0.14763171077984655
270,2023-12-21 10:00:00+00:00,0.030655880570481017
270,2023-12-21 11:00:00+00:00,0.030655880570481017
270,2023-12-21 12:00:00+00:00,0.00831603702983223
270,2023-12-21 13:00:00+00:00,0.00831603702983223
270,2023-12-21 14:00:00+00:00,0.0036371498292642078
270,2023-12-21 15:00:00+00:00,0.00831603702983223
270,2023-12-21 16:00:00+00:00,0.003091582291089606
270,2023-12-21 17:00:00+00:00,0.002389316765450516
270,2023-12-21 18:00:00+00:00,0.002389316765450516
270,2023-12-21 19:00:00+00:00,0.0025016085618120875
270,2023-12-21 20:00:00+00:00,0.001147811322121561
270,2023-12-21 21:00:00+00:00,0.0018789313442065644
270,2023-12-21 22:00:00+00:00,0.002495957926435651
270,2023-12-21 23:00:00+00:00,0.009627428392750987
270,2023-12-22 00:00:00+00:00,0.04378113183814709
270,2023-12-22 01:00:00+00:00,0.044411403727424525
270,2023-12-22 02:00:00+00:00,0.04504167561670195
270,2023-12-22 03:00:00+00:00,0.05051716265479965
270,2023-12-22 04:00:00+00:00,0.05051716265479965
270,2023-12-22 05:00:00+00:00,0.007851435898623665
270,2023-12-22 06:00:00+00:00,0.02827851551529041
270,2023-12-22 07:00:00+00:00,0.02827851551529041
270,2023-12-22 08:00:00+00:00,0.14763171077984655
270,2023-12-22 09:00:00+00:00,0.02827851551529041
270,2023-12-22 10:00:00+00:00,0.030655880570481017
270,2023-12-22 11:00:00+00:00,0.00831603702983223
270,2023-12-22 12:00:00+00:00,0.00831603702983223
270,2023-12-22 13:00:00+00:00,0.030655880570481017
270,2023-12-22 14:00:00+00:00,0.00831603702983223
270,2023-12-22 15:00:00+00:00,0.00831603702983223
270,2023-12-22 16:00:00+00:00,0.007070764292131663
270,2023-12-22 17:00:00+00:00,0.007070764292131663
270,2023-12-22 18:00:00+00:00,0.026156599227147286
270,2023-12-22 19:00:00+00:00,0.06932247767101944
270,2023-12-22 20:00:00+00:00,0.03763805090094976
270,2023-12-22 21:00:00+00:00,0.06043760406823068
270,2023-12-22 22:00:00+00:00,0.05708294780669698
270,2023-12-22 23:00:00+00:00,0.0363030044495404
270,2023-12-23 00:00:00+00:00,0.3166919810789393
270,2023-12-23 01:00:00+00:00,0.19818211457556903
270,2023-12-23 02:00:00+00:00,0.03650635791360559
270,2023-12-23 03:00:00+00:00,0.05051716265479965
270,2023-12-23 04:00:00+00:00,0.007851435898623665
270,2023-12-23 05:00:00+00:00,0.007851435898623665
270,2023-12-23 06:00:00+00:00,0.02827851551529041
270,2023-12-23 07:00:00+00:00,0.11486539310505578
270,2023-12-23 08:00:00+00:00,0.14763171077984655
270,2023-12-23 09:00:00+00:00,0.14763171077984655
270,2023-12-23 10:00:00+00:00,0.15664169156912555
270,2023-12-23 11:00:00+00:00,0.15664169156912555
270,2023-12-23 12:00:00+00:00,0.15664169156912555
270,2023-12-23 13:00:00+00:00,0.12255067963108679
270,2023-12-23 14:00:00+00:00,0.12255067963108679
270,2023-12-23 15:00:00+00:00,0.15664169156912555
270,2023-12-23 16:00:00+00:00,0.026156599227147286
270,2023-12-23 17:00:00+00:00,0.1340770776073982
270,2023-12-23 18:00:00+00:00,0.1340770776073982
270,2023-12-23 19:00:00+00:00,0.04231812868875987
270,2023-12-23 20:00:00+00:00,0.03076624467865699
270,2023-12-23 21:00:00+00:00,0.04832625050791234
270,2023-12-23 22:00:00+00:00,0.044544007090601134
270,2023-12-23 23:00:00+00:00,0.04363293168429465
270,2023-12-24 00:00:00+00:00,0.03650635791360559
270,2023-12-24 01:00:00+00:00,0.03650635791360559
270,2023-12-24 02:00:00+00:00,0.05051716265479965
270,2023-12-24 03:00:00+00:00,0.05051716265479965
270,2023-12-24 04:00:00+00:00,0.05051716265479965
270,2023-12-24 05:00:00+00:00,0.05051716265479965
270,2023-12-24 06:00:00+00:00,0.14763171077984655
270,2023-12-24 07:00:00+00:00,0.14763171077984655
270,2023-12-24 08:00:00+00:00,0.14763171077984655
270,2023-12-24 09:00:00+00:00,0.11486539310505578
270,2023-12-24 10:00:00+00:00,0.12255067963108679
270,2023-12-24 11:00:00+00:00,0.12255067963108679
270,2023-12-24 12:00:00+00:00,0.12255067963108679
270,2023-12-24 13:00:00+00:00,0.12255067963108679
270,2023-12-24 14:00:00+00:00,0.15664169156912555
270,2023-12-24 15:00:00+00:00,0.12255067963108679
270,2023-12-24 16:00:00+00:00,0.10491543224435952
270,2023-12-24 17:00:00+00:00,0.10491543224435952
270,2023-12-24 18:00:00+00:00,0.10491543224435952
270,2023-12-24 19:00:00+00:00,0.061648229181052325
270,2023-12-24 20:00:00+00:00,0.061648229181052325
270,2023-12-24 21:00:00+00:00,0.061648229181052325
270,2023-12-24 22:00:00+00:00,0.04620605583352734
270,2023-12-24 23:00:00+00:00,0.04620605583352734
270,2023-12-25 00:00:00+00:00,0.03650635791360559
270,2023-12-25 01:00:00+00:00,0.03650635791360559
270,2023-12-25 02:00:00+00:00,0.03650635791360559
270,2023-12-25 03:00:00+00:00,0.03650635791360559
270,2023-12-25 04:00:00+00:00,0.03650635791360559
270,2023-12-25 05:00:00+00:00,0.05051716265479965
270,2023-12-25 06:00:00+00:00,0.14763171077984655
270,2023-12-25 07:00:00+00:00,0.14763171077984655
270,2023-12-25 08:00:00+00:00,0.14763171077984655
270,2023-12-25 09:00:00+00:00,0.11486539310505578
270,2023-12-25 10:00:00+00:00,0.12255067963108679
270,2023-12-25 11:00:00+00:00,0.15664169156912555
270,2023-12-25 12:00:00+00:00,0.12255067963108679
270,2023-12-25 13:00:00+00:00,0.15664169156912555
270,2023-12-25 14:00:00+00:00,0.12255067963108679
270,2023-12-25 15:00:00+00:00,0.12255067963108679
270,2023-12-25 16:00:00+00:00,0.10491543224435952
270,2023-12-25 17:00:00+00:00,0.10491543224435952
270,2023-12-25 18:00:00+00:00,0.10491543224435952
270,2023-12-25 19:00:00+00:00,0.07310119326765101
270,2023-12-25 20:00:00+00:00,0.05773254330529463
270,2023-12-25 21:00:00+00:00,0.055861129134821316
270,2023-12-25 22:00:00+00:00,0.05687869895993906
270,2023-12-25 23:00:00+00:00,0.010251423510209818
270,2023-12-26 00:00:00+00:00,0.007851435898623665
270,2023-12-26 01:00:00+00:00,0.05051716265479965
270,2023-12-26 02:00:00+00:00,0.007851435898623665
270,2023-12-26 03:00:00+00:00,0.007851435898623665
270,2023-12-26 04:00:00+00:00,0.007851435898623665
270,2023-12-26 05:00:00+00:00,0.007851435898623665
270,2023-12-26 06:00:00+00:00,0.02827851551529041
270,2023-12-26 07:00:00+00:00,0.0074893402443649455
270,2023-12-26 08:00:00+00:00,0.02827851551529041
270,2023-12-26 09:00:00+00:00,0.02827851551529041
270,2023-12-26 10:00:00+00:00,0.15664169156912555
270,2023-12-26 11:00:00+00:00,0.12255067963108679
270,2023-12-26 12:00:00+00:00,0.12255067963108679
270,2023-12-26 13:00:00+00:00,0.15664169156912555
270,2023-12-26 14:00:00+00:00,0.12255067963108679
270,2023-12-26 15:00:00+00:00,0.15664169156912555
270,2023-12-26 16:00:00+00:00,0.0768819812428193
270,2023-12-26 17:00:00+00:00,0.09278484319574654
270,2023-12-26 18:00:00+00:00,0.04289884888351368
270,2023-12-26 19:00:00+00:00,0.022390144880859
270,2023-12-26 20:00:00+00:00,0.02381219096831124
270,2023-12-26 21:00:00+00:00,0.028622824228855943
270,2023-12-26 22:00:00+00:00,0.03166103836181499
270,2023-12-26 23:00:00+00:00,0.032462810571905774
270,2023-12-27 00:00:00+00:00,0.028217938927726827
270,2023-12-27 01:00:00+00:00,0.029007279993270286
270,2023-12-27 02:00:00+00:00,0.024501287865073745
270,2023-12-27 03:00:00+00:00,0.013903317995243691
270,2023-12-27 04:00:00+00:00,0.0058789223928075365
270,2023-12-27 05:00:00+00:00,0.008152187777259436
270,2023-12-27 06:00:00+00:00,0.03633433115496335
270,2023-12-27 07:00:00+00:00,0.0995985180803009
270,2023-12-27 08:00:00+00:00,0.0995985180803009
270,2023-12-27 09:00:00+00:00,0.1892199885684159
270,2023-12-27 10:00:00+00:00,0.13975588657474847
270,2023-12-27 11:00:00+00:00,0.13975588657474847
270,2023-12-27 12:00:00+00:00,0.13975588657474847
270,2023-12-27 13:00:00+00:00,0.13975588657474847
270,2023-12-27 14:00:00+00:00,0.13975588657474847
270,2023-12-27 15:00:00+00:00,0.09689018134811997
270,2023-12-27 16:00:00+00:00,0.10491543224435952
270,2023-12-27 17:00:00+00:00,0.08366930468350092
270,2023-12-27 18:00:00+00:00,0.08366930468350092
270,2023-12-27 19:00:00+00:00,0.06588355613966046
270,2023-12-27 20:00:00+00:00,0.03682991414352229
270,2023-12-27 21:00:00+00:00,0.030865757418987647
270,2023-12-27 22:00:00+00:00,0.0326780893433294
270,2023-12-27 23:00:00+00:00,0.03417076087447662
270,2023-12-28 00:00:00+00:00,0.023861731156377936
270,2023-12-28 01:00:00+00:00,0.026931553243215868
270,2023-12-28 02:00:00+00:00,0.026931553243215868
270,2023-12-28 03:00:00+00:00,0.026931553243215868
270,2023-12-28 04:00:00+00:00,0.026931553243215868
270,2023-12-28 05:00:00+00:00,0.026931553243215868
270,2023-12-28 06:00:00+00:00,0.11486539310505578
270,2023-12-28 07:00:00+00:00,0.09178307168956688
270,2023-12-28 08:00:00+00:00,0.08730673800240633
270,2023-12-28 09:00:00+00:00,0.08730673800240633
270,2023-12-28 10:00:00+00:00,0.08460744034150297
270,2023-12-28 11:00:00+00:00,0.08460744034150297
270,2023-12-28 12:00:00+00:00,0.08460744034150297
270,2023-12-28 13:00:00+00:00,0.08460744034150297
270,2023-12-28 14:00:00+00:00,0.09689018134811997
270,2023-12-28 15:00:00+00:00,0.09689018134811997
270,2023-12-28 16:00:00+00:00,0.10491543224435952
270,2023-12-28 17:00:00+00:00,0.10491543224435952
270,2023-12-28 18:00:00+00:00,0.08366930468350092
270,2023-12-28 19:00:00+00:00,0.03821399370205523
270,2023-12-28 20:00:00+00:00,0.04835356353346095
270,2023-12-28 21:00:00+00:00,0.058540556158689194
270,2023-12-28 22:00:00+00:00,0.046163607458637256
270,2023-12-28 23:00:00+00:00,0.04620605583352734
270,2023-12-29 00:00:00+00:00,0.03650635791360559
270,2023-12-29 01:00:00+00:00,0.03650635791360559
270,2023-12-29 02:00:00+00:00,0.026931553243215868
270,2023-12-29 03:00:00+00:00,0.026931553243215868
270,2023-12-29 04:00:00+00:00,0.03650635791360559
270,2023-12-29 05:00:00+00:00,0.03650635791360559
270,2023-12-29 06:00:00+00:00,0.14763171077984655
270,2023-12-29 07:00:00+00:00,0.14763171077984655
270,2023-12-29 08:00:00+00:00,0.11486539310505578
270,2023-12-29 09:00:00+00:00,0.09178307168956688
270,2023-12-29 10:00:00+00:00,0.08460744034150297
270,2023-12-29 11:00:00+00:00,0.12255067963108679
270,2023-12-29 12:00:00+00:00,0.0036371498292642078
270,2023-12-29 13:00:00+00:00,0.030655880570481017
270,2023-12-29 14:00:00+00:00,0.15664169156912555
270,2023-12-29 15:00:00+00:00,0.15664169156912555
270,2023-12-29 16:00:00+00:00,0.1340770776073982
270,2023-12-29 17:00:00+00:00,0.1340770776073982
270,2023-12-29 18:00:00+00:00,0.1340770776073982
270,2023-12-29 19:00:00+00:00,0.2826543939137105
270,2023-12-29 20:00:00+00:00,0.11760904609288082
270,2023-12-29 21:00:00+00:00,0.10632820960987518
270,2023-12-29 22:00:00+00:00,0.08062786191248053
270,2023-12-29 23:00:00+00:00,0.04620605583352734
270,2023-12-30 00:00:00+00:00,0.035109207917027735
270,2023-12-30 01:00:00+00:00,0.02261330536487278
270,2023-12-30 02:00:00+00:00,0.029514757462546327
270,2023-12-30 03:00:00+00:00,0.02223214725651791
270,2023-12-30 04:00:00+00:00,0.04244742248976731
270,2023-12-30 05:00:00+00:00,0.0058789223928075365
270,2023-12-30 06:00:00+00:00,0.02024693912165743
270,2023-12-30 07:00:00+00:00,0.02024693912165743
270,2023-12-30 08:00:00+00:00,0.017082448387249597
270,2023-12-30 09:00:00+00:00,0.03633433115496335
270,2023-12-30 10:00:00+00:00,0.0762213152867417
270,2023-12-30 11:00:00+00:00,0.1320528618050368
270,2023-12-30 12:00:00+00:00,0.1320528618050368
270,2023-12-30 13:00:00+00:00,0.13975588657474847
270,2023-12-30 14:00:00+00:00,0.13975588657474847
270,2023-12-30 15:00:00+00:00,0.0762213152867417
270,2023-12-30 16:00:00+00:00,0.14969106350763822
270,2023-12-30 17:00:00+00:00,0.07976419478933808
270,2023-12-30 18:00:00+00:00,0.14969106350763822
270,2023-12-30 19:00:00+00:00,0.04236389334293825
270,2023-12-30 20:00:00+00:00,0.00542184959297324
270,2023-12-30 21:00:00+00:00,0.005154377033509983
270,2023-12-30 22:00:00+00:00,0.004775908372545334
270,2023-12-30 23:00:00+00:00,0.04499244858202595
270,2023-12-31 00:00:00+00:00,0.041385153615306924
270,2023-12-31 01:00:00+00:00,0.02164541989049876
270,2023-12-31 02:00:00+00:00,0.004097493101535481
270,2023-12-31 03:00:00+00:00,0.03953361536948762
270,2023-12-31 04:00:00+00:00,0.023194226605913627
270,2023-12-31 05:00:00+00:00,0.023194226605913627
270,2023-12-31 06:00:00+00:00,0.12110694450521549
270,2023-12-31 07:00:00+00:00,0.16511875233369627
270,2023-12-31 08:00:00+00:00,0.16511875233369627
270,2023-12-31 09:00:00+00:00,0.1892199885684159
270,2023-12-31 10:00:00+00:00,0.10351890522603426
270,2023-12-31 11:00:00+00:00,0.08460744034150297
270,2023-12-31 12:00:00+00:00,0.12255067963108679
270,2023-12-31 13:00:00+00:00,0.15664169156912555
270,2023-12-31 14:00:00+00:00,0.15664169156912555
270,2023-12-31 15:00:00+00:00,0.15664169156912555
270,2023-12-31 16:00:00+00:00,0.1340770776073982
270,2023-12-31 17:00:00+00:00,0.1340770776073982
270,2023-12-31 18:00:00+00:00,0.1340770776073982
270,2023-12-31 19:00:00+00:00,0.06012059985911771
270,2023-12-31 20:00:00+00:00,0.0921173166857683
270,2023-12-31 21:00:00+00:00,0.07362444815462613
270,2023-12-31 22:00:00+00:00,0.061648229181052325
270,2023-12-31 23:00:00+00:00,0.061648229181052325
