{
"type": "FeatureCollection",
"name": "segments",
"crs": { "type": "name", "properties": { "name": "urn:ogc:def:crs:EPSG::27700" } },
"features": [
{ "type": "Feature", "properties": { "JOURNEY_LINK_ID": 9, "SEGMENT_ID": 19, "SEGMENT_LENGTH": 548.33347986536091, "DIST_TO_SENSOR": 9.9969957178929878, "NEAREST_SITE_ID": 215.0, "SITE_TOTAL_LENGTH": 10217.668047074099, "LENGTH_PROPORTION": 0.053665227460817741 }, "geometry": { "type": "LineString", "coordinates": [ [ 358377.372417831909843, 170872.397878006333485 ], [ 358347.97873127728235, 170848.169423826679122 ], [ 358323.450666722434107, 170823.90100058686221 ], [ 358205.068318209261633, 170713.648746507184114 ], [ 358186.876995021943003, 170699.339319843798876 ], [ 358157.490598367992789, 170676.224082839849871 ], [ 358126.009303060418461, 170652.014214288501535 ], [ 358012.741512543172576, 170573.983260691282339 ], [ 357968.707176452444401, 170545.430271243851166 ], [ 357949.818119747273158, 170531.128048466285691 ] ] } },
{ "type": "Feature", "properties": { "JOURNEY_LINK_ID": 9, "SEGMENT_ID": 20, "SEGMENT_LENGTH": 49.433423299623556, "DIST_TO_SENSOR": 105.28748501021691, "NEAREST_SITE_ID": 215.0, "SITE_TOTAL_LENGTH": 10217.668047074099, "LENGTH_PROPORTION": 0.0048380337932175397 }, "geometry": { "type": "LineString", "coordinates": [ [ 357949.818119747273158, 170531.128048466285691 ], [ 357902.427975782367866, 170517.062573212839197 ] ] } },
{ "type": "Feature", "properties": { "JOURNEY_LINK_ID": 9, "SEGMENT_ID": 21, "SEGMENT_LENGTH": 339.14492712911175, "DIST_TO_SENSOR": 153.93901176097356, "NEAREST_SITE_ID": 215.0, "SITE_TOTAL_LENGTH": 10217.668047074099, "LENGTH_PROPORTION": 0.033192008740803462 }, "geometry": { "type": "LineString", "coordinates": [ [ 357902.427975782367866, 170517.062573212839197 ], [ 357871.813754727656487, 170513.98022069374565 ], [ 357678.247237531992141, 170477.777440548117738 ], [ 357568.25542632228462, 170459.789299922180362 ] ] } },
{ "type": "Feature", "properties": { "JOURNEY_LINK_ID": 21, "SEGMENT_ID": 0, "SEGMENT_LENGTH": 28.547775245332378, "DIST_TO_SENSOR": 290.46163612545371, "NEAREST_SITE_ID": 500.0, "SITE_TOTAL_LENGTH": 28677.983496930894, "LENGTH_PROPORTION": 0.00099545964409901932 }, "geometry": { "type": "LineString", "coordinates": [ [ 359611.81216435652459, 173657.227690853527747 ], [ 359638.950496288540307, 173666.086946544935927 ] ] } },
{ "type": "Feature", "properties": { "JOURNEY_LINK_ID": 21, "SEGMENT_ID": 1, "SEGMENT_LENGTH": 61.279405512021249, "DIST_TO_SENSOR": 298.79769190401339, "NEAREST_SITE_ID": 452.0, "SITE_TOTAL_LENGTH": 1300.884939524643, "LENGTH_PROPORTION": 0.047105938158076753 }, "geometry": { "type": "LineString", "coordinates": [ [ 359638.950496288540307, 173666.086946544935927 ], [ 359691.310832871531602, 173697.923414515214972 ] ] } },
{ "type": "Feature", "properties": { "JOURNEY_LINK_ID": 21, "SEGMENT_ID": 26, "SEGMENT_LENGTH": 797.29486690109388, "DIST_TO_SENSOR": 6.8426894359516721, "NEAREST_SITE_ID": 463.0, "SITE_TOTAL_LENGTH": 8909.9760563335276, "LENGTH_PROPORTION": 0.089483390511958597 }, "geometry": { "type": "LineString", "coordinates": [ [ 362606.447355473705102, 175381.756468331848737 ], [ 362711.090072049933951, 175444.382336604234297 ], [ 362728.542644129018299, 175456.488434508501086 ], [ 362741.100761720794253, 175464.181653346866369 ], [ 362776.667152570968028, 175483.940410147421062 ], [ 362798.302619148045778, 175498.240485611371696 ], [ 362812.257639211369678, 175507.035802869009785 ], [ 362875.063207052997313, 175547.727554101846181 ], [ 363026.51248114759801, 175648.94468184694415 ], [ 363042.558208625996485, 175658.837590042792726 ], [ 363061.38993201800622, 175669.822492337087169 ], [ 363127.623023712658323, 175704.931156190286856 ], [ 363147.835076895251404, 175714.79403404192999 ], [ 363212.66197248979006, 175747.689663793193176 ], [ 363265.649842439976055, 175776.222808385384269 ], [ 363289.373948830063455, 175791.621901971462648 ] ] } },
{ "type": "Feature", "properties": { "JOURNEY_LINK_ID": 29, "SEGMENT_ID": 13, "SEGMENT_LENGTH": 87.861809898975778, "DIST_TO_SENSOR": 289.0669169958677, "NEAREST_SITE_ID": 500.0, "SITE_TOTAL_LENGTH": 28677.983496930894, "LENGTH_PROPORTION": 0.0030637373756902649 }, "geometry": { "type": "LineString", "coordinates": [ [ 359544.761380899930373, 173005.093277434410993 ], [ 359546.154635220766068, 173092.944039987283759 ] ] } },
{ "type": "Feature", "properties": { "JOURNEY_LINK_ID": 29, "SEGMENT_ID": 14, "SEGMENT_LENGTH": 208.91257055097958, "DIST_TO_SENSOR": 102.87959279492409, "NEAREST_SITE_ID": 500.0, "SITE_TOTAL_LENGTH": 28677.983496930894, "LENGTH_PROPORTION": 0.0072847719775463752 }, "geometry": { "type": "LineString", "coordinates": [ [ 359546.154635220766068, 173092.944039987283759 ], [ 359538.741650783165824, 173121.919848263787571 ], [ 359529.262083664012607, 173153.136510401440319 ], [ 359508.834009871061426, 173205.572077701450326 ], [ 359491.105949395161588, 173247.976538966817316 ], [ 359475.453581981710158, 173289.252293852565344 ] ] } },
{ "type": "Feature", "properties": { "JOURNEY_LINK_ID": 29, "SEGMENT_ID": 15, "SEGMENT_LENGTH": 51.327842588382239, "DIST_TO_SENSOR": 58.410939412316388, "NEAREST_SITE_ID": 500.0, "SITE_TOTAL_LENGTH": 28677.983496930894, "LENGTH_PROPORTION": 0.0017897995719913613 }, "geometry": { "type": "LineString", "coordinates": [ [ 359475.453581981710158, 173289.252293852565344 ], [ 359480.029685398330912, 173340.375739572686143 ] ] } },
{ "type": "Feature", "properties": { "JOURNEY_LINK_ID": 29, "SEGMENT_ID": 16, "SEGMENT_LENGTH": 133.06912511349077, "DIST_TO_SENSOR": 21.043865887372338, "NEAREST_SITE_ID": 500.0, "SITE_TOTAL_LENGTH": 28677.983496930894, "LENGTH_PROPORTION": 0.0046401144323042019 }, "geometry": { "type": "LineString", "coordinates": [ [ 359480.029685398330912, 173340.375739572686143 ], [ 359535.8810776573373, 173461.156590874539688 ] ] } },
{ "type": "Feature", "properties": { "JOURNEY_LINK_ID": 29, "SEGMENT_ID": 17, "SEGMENT_LENGTH": 126.47108423054132, "DIST_TO_SENSOR": 81.349636616013029, "NEAREST_SITE_ID": 500.0, "SITE_TOTAL_LENGTH": 28677.983496930894, "LENGTH_PROPORTION": 0.0044100410422537629 }, "geometry": { "type": "LineString", "coordinates": [ [ 359535.8810776573373, 173461.156590874539688 ], [ 359528.067046384443529, 173526.837275687023066 ], [ 359519.987318096274976, 173559.154874696978368 ], [ 359516.031633495818824, 173585.878614778106567 ] ] } },
{ "type": "Feature", "properties": { "JOURNEY_LINK_ID": 29, "SEGMENT_ID": 18, "SEGMENT_LENGTH": 124.0071221927289, "DIST_TO_SENSOR": 204.96552927778862, "NEAREST_SITE_ID": 500.0, "SITE_TOTAL_LENGTH": 28677.983496930894, "LENGTH_PROPORTION": 0.0043241227963604937 }, "geometry": { "type": "LineString", "coordinates": [ [ 359516.031633495818824, 173585.878614778106567 ], [ 359538.360647664871067, 173597.934172365290578 ], [ 359569.105853757180739, 173619.932162443699781 ], [ 359599.842277661839034, 173640.818397244613152 ], [ 359620.852700622286648, 173651.710075975453947 ] ] } },
{ "type": "Feature", "properties": { "JOURNEY_LINK_ID": 41, "SEGMENT_ID": 13, "SEGMENT_LENGTH": 87.861809898975778, "DIST_TO_SENSOR": 289.0669169958677, "NEAREST_SITE_ID": 500.0, "SITE_TOTAL_LENGTH": 28677.983496930894, "LENGTH_PROPORTION": 0.0030637373756902649 }, "geometry": { "type": "LineString", "coordinates": [ [ 359544.761380899930373, 173005.093277434410993 ], [ 359546.154635220766068, 173092.944039987283759 ] ] } },
{ "type": "Feature", "properties": { "JOURNEY_LINK_ID": 41, "SEGMENT_ID": 14, "SEGMENT_LENGTH": 208.91257055097958, "DIST_TO_SENSOR": 102.87959279492409, "NEAREST_SITE_ID": 500.0, "SITE_TOTAL_LENGTH": 28677.983496930894, "LENGTH_PROPORTION": 0.0072847719775463752 }, "geometry": { "type": "LineString", "coordinates": [ [ 359546.154635220766068, 173092.944039987283759 ], [ 359538.741650783165824, 173121.919848263787571 ], [ 359529.262083664012607, 173153.136510401440319 ], [ 359508.834009871061426, 173205.572077701450326 ], [ 359491.105949395161588, 173247.976538966817316 ], [ 359475.453581981710158, 173289.252293852565344 ] ] } },
{ "type": "Feature", "properties": { "JOURNEY_LINK_ID": 41, "SEGMENT_ID": 15, "SEGMENT_LENGTH": 51.327842588382239, "DIST_TO_SENSOR": 58.410939412316388, "NEAREST_SITE_ID": 500.0, "SITE_TOTAL_LENGTH": 28677.983496930894, "LENGTH_PROPORTION": 0.0017897995719913613 }, "geometry": { "type": "LineString", "coordinates": [ [ 359475.453581981710158, 173289.252293852565344 ], [ 359480.029685398330912, 173340.375739572686143 ] ] } },
{ "type": "Feature", "properties": { "JOURNEY_LINK_ID": 41, "SEGMENT_ID": 16, "SEGMENT_LENGTH": 133.06912511349077, "DIST_TO_SENSOR": 21.043865887372338, "NEAREST_SITE_ID": 500.0, "SITE_TOTAL_LENGTH": 28677.983496930894, "LENGTH_PROPORTION": 0.0046401144323042019 }, "geometry": { "type": "LineString", "coordinates": [ [ 359480.029685398330912, 173340.375739572686143 ], [ 359535.8810776573373, 173461.156590874539688 ] ] } },
{ "type": "Feature", "properties": { "JOURNEY_LINK_ID": 41, "SEGMENT_ID": 17, "SEGMENT_LENGTH": 126.47108423054132, "DIST_TO_SENSOR": 81.349636616013029, "NEAREST_SITE_ID": 500.0, "SITE_TOTAL_LENGTH": 28677.983496930894, "LENGTH_PROPORTION": 0.0044100410422537629 }, "geometry": { "type": "LineString", "coordinates": [ [ 359535.8810776573373, 173461.156590874539688 ], [ 359528.067046384443529, 173526.837275687023066 ], [ 359519.987318096274976, 173559.154874696978368 ], [ 359516.031633495818824, 173585.878614778106567 ] ] } },
{ "type": "Feature", "properties": { "JOURNEY_LINK_ID": 41, "SEGMENT_ID": 18, "SEGMENT_LENGTH": 100.34139721856523, "DIST_TO_SENSOR": 204.96552927778862, "NEAREST_SITE_ID": 500.0, "SITE_TOTAL_LENGTH": 28677.983496930894, "LENGTH_PROPORTION": 0.0034989000265413964 }, "geometry": { "type": "LineString", "coordinates": [ [ 359516.031633495818824, 173585.878614778106567 ], [ 359538.360647664871067, 173597.934172365290578 ], [ 359569.105853757180739, 173619.932162443699781 ], [ 359599.842277661839034, 173640.818397244613152 ] ] } },
{ "type": "Feature", "properties": { "JOURNEY_LINK_ID": 41, "SEGMENT_ID": 19, "SEGMENT_LENGTH": 26.070488440125981, "DIST_TO_SENSOR": 271.22872218543239, "NEAREST_SITE_ID": 500.0, "SITE_TOTAL_LENGTH": 28677.983496930894, "LENGTH_PROPORTION": 0.00090907676416356238 }, "geometry": { "type": "LineString", "coordinates": [ [ 359599.842277661839034, 173640.818397244613152 ], [ 359625.241354962461628, 173646.696937861444894 ] ] } },
{ "type": "Feature", "properties": { "JOURNEY_LINK_ID": 105, "SEGMENT_ID": 10, "SEGMENT_LENGTH": 21.198487886701862, "DIST_TO_SENSOR": 285.09459224278919, "NEAREST_SITE_ID": 500.0, "SITE_TOTAL_LENGTH": 28677.983496930894, "LENGTH_PROPORTION": 0.00073919032309124931 }, "geometry": { "type": "LineString", "coordinates": [ [ 359539.064996936474927, 173076.017260135151446 ], [ 359536.3565507393796, 173084.936333976802416 ], [ 359532.276134202373214, 173096.090667769662105 ] ] } },
{ "type": "Feature", "properties": { "JOURNEY_LINK_ID": 105, "SEGMENT_ID": 11, "SEGMENT_LENGTH": 15.348932410110866, "DIST_TO_SENSOR": 275.92103345263519, "NEAREST_SITE_ID": 500.0, "SITE_TOTAL_LENGTH": 28677.983496930894, "LENGTH_PROPORTION": 0.00053521658563453396 }, "geometry": { "type": "LineString", "coordinates": [ [ 359532.276134202373214, 173096.090667769662105 ], [ 359519.840371063211933, 173105.087418365117628 ] ] } },
{ "type": "Feature", "properties": { "JOURNEY_LINK_ID": 105, "SEGMENT_ID": 12, "SEGMENT_LENGTH": 17.344995513378574, "DIST_TO_SENSOR": 260.46192233950711, "NEAREST_SITE_ID": 500.0, "SITE_TOTAL_LENGTH": 28677.983496930894, "LENGTH_PROPORTION": 0.00060481921663825588 }, "geometry": { "type": "LineString", "coordinates": [ [ 359519.840371063211933, 173105.087418365117628 ], [ 359512.321402948873583, 173120.717964991985355 ] ] } },
{ "type": "Feature", "properties": { "JOURNEY_LINK_ID": 105, "SEGMENT_ID": 13, "SEGMENT_LENGTH": 16.739867638667707, "DIST_TO_SENSOR": 243.74803385767979, "NEAREST_SITE_ID": 500.0, "SITE_TOTAL_LENGTH": 28677.983496930894, "LENGTH_PROPORTION": 0.00058371843475184368 }, "geometry": { "type": "LineString", "coordinates": [ [ 359512.321402948873583, 173120.717964991985355 ], [ 359513.843765990110114, 173137.388465264346451 ] ] } },
{ "type": "Feature", "properties": { "JOURNEY_LINK_ID": 105, "SEGMENT_ID": 14, "SEGMENT_LENGTH": 3.6141526432456663, "DIST_TO_SENSOR": 240.38091155044336, "NEAREST_SITE_ID": 500.0, "SITE_TOTAL_LENGTH": 28677.983496930894, "LENGTH_PROPORTION": 0.00012602534078563966 }, "geometry": { "type": "LineString", "coordinates": [ [ 359513.843765990110114, 173137.388465264346451 ], [ 359515.259952213964425, 173140.713599232782144 ] ] } },
{ "type": "Feature", "properties": { "JOURNEY_LINK_ID": 105, "SEGMENT_ID": 15, "SEGMENT_LENGTH": 28.292863730887678, "DIST_TO_SENSOR": 225.54765717068622, "NEAREST_SITE_ID": 500.0, "SITE_TOTAL_LENGTH": 28677.983496930894, "LENGTH_PROPORTION": 0.00098657089100827365 }, "geometry": { "type": "LineString", "coordinates": [ [ 359515.259952213964425, 173140.713599232782144 ], [ 359539.006866926909424, 173156.094437301973812 ] ] } },
{ "type": "Feature", "properties": { "JOURNEY_LINK_ID": 105, "SEGMENT_ID": 16, "SEGMENT_LENGTH": 11.880070160917207, "DIST_TO_SENSOR": 225.37574793496444, "NEAREST_SITE_ID": 500.0, "SITE_TOTAL_LENGTH": 28677.983496930894, "LENGTH_PROPORTION": 0.00041425751438167215 }, "geometry": { "type": "LineString", "coordinates": [ [ 359539.006866926909424, 173156.094437301973812 ], [ 359548.048101702937856, 173157.13438847992802 ], [ 359550.827236000564881, 173157.11222309054574 ] ] } },
{ "type": "Feature", "properties": { "JOURNEY_LINK_ID": 105, "SEGMENT_ID": 17, "SEGMENT_LENGTH": 17.687064956278771, "DIST_TO_SENSOR": 225.73600994278655, "NEAREST_SITE_ID": 500.0, "SITE_TOTAL_LENGTH": 28677.983496930894, "LENGTH_PROPORTION": 0.00061674716279028587 }, "geometry": { "type": "LineString", "coordinates": [ [ 359550.827236000564881, 173157.11222309054574 ], [ 359566.042136266827583, 173148.093405171588529 ] ] } },
{ "type": "Feature", "properties": { "JOURNEY_LINK_ID": 105, "SEGMENT_ID": 18, "SEGMENT_LENGTH": 202.17972500103286, "DIST_TO_SENSOR": 237.03400944649295, "NEAREST_SITE_ID": 500.0, "SITE_TOTAL_LENGTH": 28677.983496930894, "LENGTH_PROPORTION": 0.0070499979547958818 }, "geometry": { "type": "LineString", "coordinates": [ [ 359566.042136266827583, 173148.093405171588529 ], [ 359655.812525385525078, 173165.172633500420488 ], [ 359673.226563408272341, 173170.594938413065393 ], [ 359726.875454068300314, 173189.075339084782172 ], [ 359751.25493681023363, 173196.666899465024471 ], [ 359761.008435800322331, 173199.926030516799074 ] ] } },
{ "type": "Feature", "properties": { "JOURNEY_LINK_ID": 105, "SEGMENT_ID": 19, "SEGMENT_LENGTH": 28.580632917056288, "DIST_TO_SENSOR": 299.85465613880336, "NEAREST_SITE_ID": 500.0, "SITE_TOTAL_LENGTH": 28677.983496930894, "LENGTH_PROPORTION": 0.00099660538964027839 }, "geometry": { "type": "LineString", "coordinates": [ [ 359761.008435800322331, 173199.926030516799074 ], [ 359785.329791243420914, 173214.936834870663006 ] ] } },
{ "type": "Feature", "properties": { "JOURNEY_LINK_ID": 111, "SEGMENT_ID": 12, "SEGMENT_LENGTH": 87.861809898975778, "DIST_TO_SENSOR": 289.0669169958677, "NEAREST_SITE_ID": 500.0, "SITE_TOTAL_LENGTH": 28677.983496930894, "LENGTH_PROPORTION": 0.0030637373756902649 }, "geometry": { "type": "LineString", "coordinates": [ [ 359544.761380899930373, 173005.093277434410993 ], [ 359546.154635220766068, 173092.944039987283759 ] ] } },
{ "type": "Feature", "properties": { "JOURNEY_LINK_ID": 111, "SEGMENT_ID": 13, "SEGMENT_LENGTH": 208.91257055097958, "DIST_TO_SENSOR": 102.87959279492409, "NEAREST_SITE_ID": 500.0, "SITE_TOTAL_LENGTH": 28677.983496930894, "LENGTH_PROPORTION": 0.0072847719775463752 }, "geometry": { "type": "LineString", "coordinates": [ [ 359546.154635220766068, 173092.944039987283759 ], [ 359538.741650783165824, 173121.919848263787571 ], [ 359529.262083664012607, 173153.136510401440319 ], [ 359508.834009871061426, 173205.572077701450326 ], [ 359491.105949395161588, 173247.976538966817316 ], [ 359475.453581981710158, 173289.252293852565344 ] ] } },
{ "type": "Feature", "properties": { "JOURNEY_LINK_ID": 111, "SEGMENT_ID": 14, "SEGMENT_LENGTH": 51.327842588382239, "DIST_TO_SENSOR": 58.410939412316388, "NEAREST_SITE_ID": 500.0, "SITE_TOTAL_LENGTH": 28677.983496930894, "LENGTH_PROPORTION": 0.0017897995719913613 }, "geometry": { "type": "LineString", "coordinates": [ [ 359475.453581981710158, 173289.252293852565344 ], [ 359480.029685398330912, 173340.375739572686143 ] ] } },
{ "type": "Feature", "properties": { "JOURNEY_LINK_ID": 111, "SEGMENT_ID": 15, "SEGMENT_LENGTH": 133.06912511349077, "DIST_TO_SENSOR": 21.043865887372338, "NEAREST_SITE_ID": 500.0, "SITE_TOTAL_LENGTH": 28677.983496930894, "LENGTH_PROPORTION": 0.0046401144323042019 }, "geometry": { "type": "LineString", "coordinates": [ [ 359480.029685398330912, 173340.375739572686143 ], [ 359535.8810776573373, 173461.156590874539688 ] ] } },
{ "type": "Feature", "properties": { "JOURNEY_LINK_ID": 111, "SEGMENT_ID": 16, "SEGMENT_LENGTH": 99.456167525469226, "DIST_TO_SENSOR": 81.349636616013029, "NEAREST_SITE_ID": 500.0, "SITE_TOTAL_LENGTH": 28677.983496930894, "LENGTH_PROPORTION": 0.003468032106794154 }, "geometry": { "type": "LineString", "coordinates": [ [ 359535.8810776573373, 173461.156590874539688 ], [ 359528.067046384443529, 173526.837275687023066 ], [ 359519.987318096274976, 173559.154874696978368 ] ] } },
{ "type": "Feature", "properties": { "JOURNEY_LINK_ID": 111, "SEGMENT_ID": 17, "SEGMENT_LENGTH": 127.49171712812691, "DIST_TO_SENSOR": 174.534388977834, "NEAREST_SITE_ID": 500.0, "SITE_TOTAL_LENGTH": 28677.983496930894, "LENGTH_PROPORTION": 0.0044456304656766057 }, "geometry": { "type": "LineString", "coordinates": [ [ 359519.987318096274976, 173559.154874696978368 ], [ 359395.391759538790211, 173532.134794681798667 ] ] } },
{ "type": "Feature", "properties": { "JOURNEY_LINK_ID": 111, "SEGMENT_ID": 18, "SEGMENT_LENGTH": 60.711816858698867, "DIST_TO_SENSOR": 197.15824283096296, "NEAREST_SITE_ID": 500.0, "SITE_TOTAL_LENGTH": 28677.983496930894, "LENGTH_PROPORTION": 0.0021170183344723739 }, "geometry": { "type": "LineString", "coordinates": [ [ 359395.391759538790211, 173532.134794681798667 ], [ 359337.181356843851972, 173549.382221283391118 ] ] } },
{ "type": "Feature", "properties": { "JOURNEY_LINK_ID": 117, "SEGMENT_ID": 12, "SEGMENT_LENGTH": 87.861809898975778, "DIST_TO_SENSOR": 289.0669169958677, "NEAREST_SITE_ID": 500.0, "SITE_TOTAL_LENGTH": 28677.983496930894, "LENGTH_PROPORTION": 0.0030637373756902649 }, "geometry": { "type": "LineString", "coordinates": [ [ 359544.761380899930373, 173005.093277434410993 ], [ 359546.154635220766068, 173092.944039987283759 ] ] } },
{ "type": "Feature", "properties": { "JOURNEY_LINK_ID": 117, "SEGMENT_ID": 13, "SEGMENT_LENGTH": 208.91257055097958, "DIST_TO_SENSOR": 102.87959279492409, "NEAREST_SITE_ID": 500.0, "SITE_TOTAL_LENGTH": 28677.983496930894, "LENGTH_PROPORTION": 0.0072847719775463752 }, "geometry": { "type": "LineString", "coordinates": [ [ 359546.154635220766068, 173092.944039987283759 ], [ 359538.741650783165824, 173121.919848263787571 ], [ 359529.262083664012607, 173153.136510401440319 ], [ 359508.834009871061426, 173205.572077701450326 ], [ 359491.105949395161588, 173247.976538966817316 ], [ 359475.453581981710158, 173289.252293852565344 ] ] } },
{ "type": "Feature", "properties": { "JOURNEY_LINK_ID": 117, "SEGMENT_ID": 14, "SEGMENT_LENGTH": 51.327842588382239, "DIST_TO_SENSOR": 58.410939412316388, "NEAREST_SITE_ID": 500.0, "SITE_TOTAL_LENGTH": 28677.983496930894, "LENGTH_PROPORTION": 0.0017897995719913613 }, "geometry": { "type": "LineString", "coordinates": [ [ 359475.453581981710158, 173289.252293852565344 ], [ 359480.029685398330912, 173340.375739572686143 ] ] } },
{ "type": "Feature", "properties": { "JOURNEY_LINK_ID": 117, "SEGMENT_ID": 15, "SEGMENT_LENGTH": 133.06912511349077, "DIST_TO_SENSOR": 21.043865887372338, "NEAREST_SITE_ID": 500.0, "SITE_TOTAL_LENGTH": 28677.983496930894, "LENGTH_PROPORTION": 0.0046401144323042019 }, "geometry": { "type": "LineString", "coordinates": [ [ 359480.029685398330912, 173340.375739572686143 ], [ 359535.8810776573373, 173461.156590874539688 ] ] } },
{ "type": "Feature", "properties": { "JOURNEY_LINK_ID": 117, "SEGMENT_ID": 16, "SEGMENT_LENGTH": 126.47108423054132, "DIST_TO_SENSOR": 81.349636616013029, "NEAREST_SITE_ID": 500.0, "SITE_TOTAL_LENGTH": 28677.983496930894, "LENGTH_PROPORTION": 0.0044100410422537629 }, "geometry": { "type": "LineString", "coordinates": [ [ 359535.8810776573373, 173461.156590874539688 ], [ 359528.067046384443529, 173526.837275687023066 ], [ 359519.987318096274976, 173559.154874696978368 ], [ 359516.031633495818824, 173585.878614778106567 ] ] } },
{ "type": "Feature", "properties": { "JOURNEY_LINK_ID": 117, "SEGMENT_ID": 17, "SEGMENT_LENGTH": 121.53941087184266, "DIST_TO_SENSOR": 204.96552927778862, "NEAREST_SITE_ID": 500.0, "SITE_TOTAL_LENGTH": 28677.983496930894, "LENGTH_PROPORTION": 0.0042380738131343777 }, "geometry": { "type": "LineString", "coordinates": [ [ 359516.031633495818824, 173585.878614778106567 ], [ 359538.360647664871067, 173597.934172365290578 ], [ 359569.105853757180739, 173619.932162443699781 ], [ 359599.842277661839034, 173640.818397244613152 ], [ 359617.324542711081449, 173652.806983132555615 ] ] } },
{ "type": "Feature", "properties": { "JOURNEY_LINK_ID": 118, "SEGMENT_ID": 20, "SEGMENT_LENGTH": 510.24139668253542, "DIST_TO_SENSOR": 9.9969957178929878, "NEAREST_SITE_ID": 215.0, "SITE_TOTAL_LENGTH": 10217.668047074099, "LENGTH_PROPORTION": 0.04993716710425395 }, "geometry": { "type": "LineString", "coordinates": [ [ 358347.97873127728235, 170848.169423826679122 ], [ 358323.450666722434107, 170823.90100058686221 ], [ 358205.068318209261633, 170713.648746507184114 ], [ 358186.876995021943003, 170699.339319843798876 ], [ 358157.490598367992789, 170676.224082839849871 ], [ 358126.009303060418461, 170652.014214288501535 ], [ 358012.741512543172576, 170573.983260691282339 ], [ 357968.707176452444401, 170545.430271243851166 ], [ 357949.818119747273158, 170531.128048466285691 ] ] } },
{ "type": "Feature", "properties": { "JOURNEY_LINK_ID": 118, "SEGMENT_ID": 21, "SEGMENT_LENGTH": 49.433423299623556, "DIST_TO_SENSOR": 105.28748501021691, "NEAREST_SITE_ID": 215.0, "SITE_TOTAL_LENGTH": 10217.668047074099, "LENGTH_PROPORTION": 0.0048380337932175397 }, "geometry": { "type": "LineString", "coordinates": [ [ 357949.818119747273158, 170531.128048466285691 ], [ 357902.427975782367866, 170517.062573212839197 ] ] } },
{ "type": "Feature", "properties": { "JOURNEY_LINK_ID": 118, "SEGMENT_ID": 22, "SEGMENT_LENGTH": 339.14492712911175, "DIST_TO_SENSOR": 153.93901176097356, "NEAREST_SITE_ID": 215.0, "SITE_TOTAL_LENGTH": 10217.668047074099, "LENGTH_PROPORTION": 0.033192008740803462 }, "geometry": { "type": "LineString", "coordinates": [ [ 357902.427975782367866, 170517.062573212839197 ], [ 357871.813754727656487, 170513.98022069374565 ], [ 357678.247237531992141, 170477.777440548117738 ], [ 357568.25542632228462, 170459.789299922180362 ] ] } },
{ "type": "Feature", "properties": { "JOURNEY_LINK_ID": 136, "SEGMENT_ID": 17, "SEGMENT_LENGTH": 478.12443039908499, "DIST_TO_SENSOR": 161.73212184289011, "NEAREST_SITE_ID": 203.0, "SITE_TOTAL_LENGTH": 4294.1901469009272, "LENGTH_PROPORTION": 0.1113421655871812 }, "geometry": { "type": "LineString", "coordinates": [ [ 361456.378505134547595, 170999.385242740390822 ], [ 361432.923419890925288, 171022.91910912602907 ], [ 361399.830730256799143, 171058.760491651773918 ], [ 361387.44658000767231, 171075.53739288757788 ], [ 361368.188134243711829, 171102.376351196144242 ], [ 361348.955485923564993, 171132.551807856245432 ], [ 361327.688901251996867, 171169.416005598963238 ], [ 361242.847279038804118, 171345.789813962997869 ], [ 361232.609251172048971, 171370.336206834123004 ], [ 361225.117408130434342, 171390.413048290996812 ], [ 361218.312108160636853, 171409.372374175407458 ] ] } },
{ "type": "Feature", "properties": { "JOURNEY_LINK_ID": 136, "SEGMENT_ID": 18, "SEGMENT_LENGTH": 22.827806260460083, "DIST_TO_SENSOR": 138.94536377244452, "NEAREST_SITE_ID": 203.0, "SITE_TOTAL_LENGTH": 4294.1901469009272, "LENGTH_PROPORTION": 0.0053159747192225932 }, "geometry": { "type": "LineString", "coordinates": [ [ 361218.312108160636853, 171409.372374175407458 ], [ 361213.859272550500464, 171431.761679517338052 ] ] } },
{ "type": "Feature", "properties": { "JOURNEY_LINK_ID": 140, "SEGMENT_ID": 33, "SEGMENT_LENGTH": 107.92006081837854, "DIST_TO_SENSOR": 263.75958846659165, "NEAREST_SITE_ID": 215.0, "SITE_TOTAL_LENGTH": 10217.668047074099, "LENGTH_PROPORTION": 0.010562102851763932 }, "geometry": { "type": "LineString", "coordinates": [ [ 357705.952537932666019, 170632.146117485186551 ], [ 357799.552192988223396, 170685.866170542896725 ] ] } },
{ "type": "Feature", "properties": { "JOURNEY_LINK_ID": 140, "SEGMENT_ID": 34, "SEGMENT_LENGTH": 6.6398594631031367, "DIST_TO_SENSOR": 258.88609757048027, "NEAREST_SITE_ID": 215.0, "SITE_TOTAL_LENGTH": 10217.668047074099, "LENGTH_PROPORTION": 0.00064984098450962177 }, "geometry": { "type": "LineString", "coordinates": [ [ 357799.552192988223396, 170685.866170542896725 ], [ 357805.826648809248582, 170688.038482177944388 ] ] } },
{ "type": "Feature", "properties": { "JOURNEY_LINK_ID": 140, "SEGMENT_ID": 35, "SEGMENT_LENGTH": 16.027327693946415, "DIST_TO_SENSOR": 243.85900680146582, "NEAREST_SITE_ID": 215.0, "SITE_TOTAL_LENGTH": 10217.668047074099, "LENGTH_PROPORTION": 0.0015685895862056266 }, "geometry": { "type": "LineString", "coordinates": [ [ 357805.826648809248582, 170688.038482177944388 ], [ 357821.805522944545373, 170686.793165199225768 ] ] } },
{ "type": "Feature", "properties": { "JOURNEY_LINK_ID": 140, "SEGMENT_ID": 36, "SEGMENT_LENGTH": 147.65967524977356, "DIST_TO_SENSOR": 128.42921347061719, "NEAREST_SITE_ID": 215.0, "SITE_TOTAL_LENGTH": 10217.668047074099, "LENGTH_PROPORTION": 0.01445140658019879 }, "geometry": { "type": "LineString", "coordinates": [ [ 357821.805522944545373, 170686.793165199225768 ], [ 357887.179867368366104, 170606.16773029032629 ], [ 357914.003553698596079, 170571.465646346681751 ] ] } },
{ "type": "Feature", "properties": { "JOURNEY_LINK_ID": 140, "SEGMENT_ID": 37, "SEGMENT_LENGTH": 15.753956863423925, "DIST_TO_SENSOR": 124.40724225642691, "NEAREST_SITE_ID": 215.0, "SITE_TOTAL_LENGTH": 10217.668047074099, "LENGTH_PROPORTION": 0.001541834867882127 }, "geometry": { "type": "LineString", "coordinates": [ [ 357914.003553698596079, 170571.465646346681751 ], [ 357920.139629805227742, 170556.955797041184269 ] ] } },
{ "type": "Feature", "properties": { "JOURNEY_LINK_ID": 140, "SEGMENT_ID": 38, "SEGMENT_LENGTH": 20.602525599837559, "DIST_TO_SENSOR": 124.40724225642691, "NEAREST_SITE_ID": 215.0, "SITE_TOTAL_LENGTH": 10217.668047074099, "LENGTH_PROPORTION": 0.0020163627850228738 }, "geometry": { "type": "LineString", "coordinates": [ [ 357920.139629805227742, 170556.955797041184269 ], [ 357915.107073822757229, 170536.977372644469142 ] ] } },
{ "type": "Feature", "properties": { "JOURNEY_LINK_ID": 140, "SEGMENT_ID": 39, "SEGMENT_LENGTH": 49.022244707019276, "DIST_TO_SENSOR": 134.64342422791461, "NEAREST_SITE_ID": 215.0, "SITE_TOTAL_LENGTH": 10217.668047074099, "LENGTH_PROPORTION": 0.0047977918719973624 }, "geometry": { "type": "LineString", "coordinates": [ [ 357915.107073822757229, 170536.977372644469142 ], [ 357871.813754727656487, 170513.98022069374565 ] ] } },
{ "type": "Feature", "properties": { "JOURNEY_LINK_ID": 140, "SEGMENT_ID": 40, "SEGMENT_LENGTH": 308.37592604297481, "DIST_TO_SENSOR": 183.27588072839757, "NEAREST_SITE_ID": 215.0, "SITE_TOTAL_LENGTH": 10217.668047074099, "LENGTH_PROPORTION": 0.030180656155812422 }, "geometry": { "type": "LineString", "coordinates": [ [ 357871.813754727656487, 170513.98022069374565 ], [ 357678.247237531992141, 170477.777440548117738 ], [ 357568.25542632228462, 170459.789299922180362 ] ] } },
{ "type": "Feature", "properties": { "JOURNEY_LINK_ID": 146, "SEGMENT_ID": 3, "SEGMENT_LENGTH": 104.18813256733077, "DIST_TO_SENSOR": 219.69306471532005, "NEAREST_SITE_ID": 501.0, "SITE_TOTAL_LENGTH": 8896.6427394330349, "LENGTH_PROPORTION": 0.011710949356832381 }, "geometry": { "type": "LineString", "coordinates": [ [ 358320.526664469158277, 173103.989901098248083 ], [ 358399.147558730328456, 173116.690048176038545 ], [ 358422.825253318995237, 173123.168842127081007 ] ] } },
{ "type": "Feature", "properties": { "JOURNEY_LINK_ID": 146, "SEGMENT_ID": 4, "SEGMENT_LENGTH": 20.652946016222803, "DIST_TO_SENSOR": 203.62619591199271, "NEAREST_SITE_ID": 501.0, "SITE_TOTAL_LENGTH": 8896.6427394330349, "LENGTH_PROPORTION": 0.0023214314231908757 }, "geometry": { "type": "LineString", "coordinates": [ [ 358422.825253318995237, 173123.168842127081007 ], [ 358440.97215522028273, 173133.029578942048829 ] ] } },
{ "type": "Feature", "properties": { "JOURNEY_LINK_ID": 146, "SEGMENT_ID": 5, "SEGMENT_LENGTH": 83.660669066417142, "DIST_TO_SENSOR": 163.54246408885788, "NEAREST_SITE_ID": 501.0, "SITE_TOTAL_LENGTH": 8896.6427394330349, "LENGTH_PROPORTION": 0.0094036224131608392 }, "geometry": { "type": "LineString", "coordinates": [ [ 358440.97215522028273, 173133.029578942048829 ], [ 358447.965672090998851, 173138.533187484019436 ], [ 358461.257798286911566, 173149.545893978734966 ], [ 358506.710616729862522, 173184.763272778654937 ] ] } },
{ "type": "Feature", "properties": { "JOURNEY_LINK_ID": 146, "SEGMENT_ID": 6, "SEGMENT_LENGTH": 115.56772297499096, "DIST_TO_SENSOR": 163.16813081471668, "NEAREST_SITE_ID": 501.0, "SITE_TOTAL_LENGTH": 8896.6427394330349, "LENGTH_PROPORTION": 0.012990037518619732 }, "geometry": { "type": "LineString", "coordinates": [ [ 358506.710616729862522, 173184.763272778654937 ], [ 358566.367032831942197, 173257.678745483688544 ], [ 358578.3235035847174, 173275.375873138662428 ] ] } },
{ "type": "Feature", "properties": { "JOURNEY_LINK_ID": 146, "SEGMENT_ID": 7, "SEGMENT_LENGTH": 29.45774945508618, "DIST_TO_SENSOR": 195.36684609212952, "NEAREST_SITE_ID": 501.0, "SITE_TOTAL_LENGTH": 8896.6427394330349, "LENGTH_PROPORTION": 0.0033111085066414012 }, "geometry": { "type": "LineString", "coordinates": [ [ 358578.3235035847174, 173275.375873138662428 ], [ 358562.452399928297382, 173288.851839938317426 ], [ 358556.620888030622154, 173295.223290670430288 ] ] } },
{ "type": "Feature", "properties": { "JOURNEY_LINK_ID": 147, "SEGMENT_ID": 8, "SEGMENT_LENGTH": 37.091080523989859, "DIST_TO_SENSOR": 293.99156950891359, "NEAREST_SITE_ID": 501.0, "SITE_TOTAL_LENGTH": 8896.6427394330349, "LENGTH_PROPORTION": 0.0041691098103320712 }, "geometry": { "type": "LineString", "coordinates": [ [ 358527.722467206942383, 172779.758296454558149 ], [ 358548.12741468870081, 172810.732259273412637 ] ] } },
{ "type": "Feature", "properties": { "JOURNEY_LINK_ID": 147, "SEGMENT_ID": 9, "SEGMENT_LENGTH": 83.946956596766725, "DIST_TO_SENSOR": 210.96785997624946, "NEAREST_SITE_ID": 501.0, "SITE_TOTAL_LENGTH": 8896.6427394330349, "LENGTH_PROPORTION": 0.0094358016900784863 }, "geometry": { "type": "LineString", "coordinates": [ [ 358548.12741468870081, 172810.732259273412637 ], [ 358554.571617677866016, 172834.035320173366927 ], [ 358558.26369944732869, 172860.697462050127797 ], [ 358564.780428980477154, 172892.89735141658457 ] ] } },
{ "type": "Feature", "properties": { "JOURNEY_LINK_ID": 147, "SEGMENT_ID": 10, "SEGMENT_LENGTH": 20.964109471607543, "DIST_TO_SENSOR": 202.48126552004965, "NEAREST_SITE_ID": 501.0, "SITE_TOTAL_LENGTH": 8896.6427394330349, "LENGTH_PROPORTION": 0.0023564068026118742 }, "geometry": { "type": "LineString", "coordinates": [ [ 358564.780428980477154, 172892.89735141658457 ], [ 358585.643693520803936, 172894.951147574407514 ] ] } },
{ "type": "Feature", "properties": { "JOURNEY_LINK_ID": 147, "SEGMENT_ID": 11, "SEGMENT_LENGTH": 92.709655035403713, "DIST_TO_SENSOR": 200.41325266939859, "NEAREST_SITE_ID": 501.0, "SITE_TOTAL_LENGTH": 8896.6427394330349, "LENGTH_PROPORTION": 0.010420746089362684 }, "geometry": { "type": "LineString", "coordinates": [ [ 358585.643693520803936, 172894.951147574407514 ], [ 358604.386122474796139, 172892.573647735698614 ], [ 358630.762741143174935, 172889.021622122090776 ], [ 358677.253586420614738, 172880.857036772184074 ] ] } },
{ "type": "Feature", "properties": { "JOURNEY_LINK_ID": 147, "SEGMENT_ID": 12, "SEGMENT_LENGTH": 93.138196505767667, "DIST_TO_SENSOR": 212.43495185329033, "NEAREST_SITE_ID": 501.0, "SITE_TOTAL_LENGTH": 8896.6427394330349, "LENGTH_PROPORTION": 0.0104689149866552 }, "geometry": { "type": "LineString", "coordinates": [ [ 358677.253586420614738, 172880.857036772184074 ], [ 358770.344011720560957, 172877.874359145935159 ] ] } },
{ "type": "Feature", "properties": { "JOURNEY_LINK_ID": 147, "SEGMENT_ID": 13, "SEGMENT_LENGTH": 215.31432931253696, "DIST_TO_SENSOR": 248.97158251326078, "NEAREST_SITE_ID": 501.0, "SITE_TOTAL_LENGTH": 8896.6427394330349, "LENGTH_PROPORTION": 0.024201750662436794 }, "geometry": { "type": "LineString", "coordinates": [ [ 358770.344011720560957, 172877.874359145935159 ], [ 358805.816873224859592, 172882.034556105034426 ], [ 358911.657216366555076, 172908.979657506686635 ], [ 358979.894574090547394, 172926.221623329794966 ] ] } },
{ "type": "Feature", "properties": { "JOURNEY_LINK_ID": 152, "SEGMENT_ID": 0, "SEGMENT_LENGTH": 25.397535149504616, "DIST_TO_SENSOR": 195.36684609212952, "NEAREST_SITE_ID": 501.0, "SITE_TOTAL_LENGTH": 8896.6427394330349, "LENGTH_PROPORTION": 0.0028547324977919873 }, "geometry": { "type": "LineString", "coordinates": [ [ 358558.963331992388703, 173291.814198707637843 ], [ 358562.452399928297382, 173288.851839938317426 ], [ 358578.3235035847174, 173275.375873138662428 ] ] } },
{ "type": "Feature", "properties": { "JOURNEY_LINK_ID": 152, "SEGMENT_ID": 1, "SEGMENT_LENGTH": 115.49480034914419, "DIST_TO_SENSOR": 163.33176119579466, "NEAREST_SITE_ID": 501.0, "SITE_TOTAL_LENGTH": 8896.6427394330349, "LENGTH_PROPORTION": 0.012981840873212858 }, "geometry": { "type": "LineString", "coordinates": [ [ 358578.3235035847174, 173275.375873138662428 ], [ 358506.710616729862522, 173184.763272778654937 ] ] } },
{ "type": "Feature", "properties": { "JOURNEY_LINK_ID": 152, "SEGMENT_ID": 2, "SEGMENT_LENGTH": 83.660669066417142, "DIST_TO_SENSOR": 163.54246408885788, "NEAREST_SITE_ID": 501.0, "SITE_TOTAL_LENGTH": 8896.6427394330349, "LENGTH_PROPORTION": 0.0094036224131608392 }, "geometry": { "type": "LineString", "coordinates": [ [ 358506.710616729862522, 173184.763272778654937 ], [ 358461.257798286911566, 173149.545893978734966 ], [ 358447.965672090998851, 173138.533187484019436 ], [ 358440.97215522028273, 173133.029578942048829 ] ] } },
{ "type": "Feature", "properties": { "JOURNEY_LINK_ID": 152, "SEGMENT_ID": 3, "SEGMENT_LENGTH": 44.902974703252035, "DIST_TO_SENSOR": 203.62619591199271, "NEAREST_SITE_ID": 501.0, "SITE_TOTAL_LENGTH": 8896.6427394330349, "LENGTH_PROPORTION": 0.0050471819559783299 }, "geometry": { "type": "LineString", "coordinates": [ [ 358440.97215522028273, 173133.029578942048829 ], [ 358399.147558730328456, 173116.690048176038545 ] ] } },
{ "type": "Feature", "properties": { "JOURNEY_LINK_ID": 152, "SEGMENT_ID": 4, "SEGMENT_LENGTH": 104.17997411891079, "DIST_TO_SENSOR": 242.32675695679964, "NEAREST_SITE_ID": 501.0, "SITE_TOTAL_LENGTH": 8896.6427394330349, "LENGTH_PROPORTION": 0.011710032331313999 }, "geometry": { "type": "LineString", "coordinates": [ [ 358399.147558730328456, 173116.690048176038545 ], [ 358344.634156740270555, 173107.884106622834224 ], [ 358296.181648143334314, 173100.853666393610183 ] ] } },
{ "type": "Feature", "properties": { "JOURNEY_LINK_ID": 160, "SEGMENT_ID": 3, "SEGMENT_LENGTH": 139.80828800340464, "DIST_TO_SENSOR": 297.39479765943457, "NEAREST_SITE_ID": 452.0, "SITE_TOTAL_LENGTH": 1300.884939524643, "LENGTH_PROPORTION": 0.10747167851331423 }, "geometry": { "type": "LineString", "coordinates": [ [ 359227.743438638572115, 174118.01098487037234 ], [ 359297.376752043550368, 174157.675484523468185 ], [ 359349.225592735223472, 174187.209566000907216 ] ] } },
{ "type": "Feature", "properties": { "JOURNEY_LINK_ID": 160, "SEGMENT_ID": 4, "SEGMENT_LENGTH": 23.585784605044065, "DIST_TO_SENSOR": 294.87763066962117, "NEAREST_SITE_ID": 452.0, "SITE_TOTAL_LENGTH": 1300.884939524643, "LENGTH_PROPORTION": 0.018130569344328454 }, "geometry": { "type": "LineString", "coordinates": [ [ 359349.225592735223472, 174187.209566000907216 ], [ 359371.522945231059566, 174194.898343999520876 ] ] } },
{ "type": "Feature", "properties": { "JOURNEY_LINK_ID": 160, "SEGMENT_ID": 5, "SEGMENT_LENGTH": 216.42224926853675, "DIST_TO_SENSOR": 276.46916167284729, "NEAREST_SITE_ID": 452.0, "SITE_TOTAL_LENGTH": 1300.884939524643, "LENGTH_PROPORTION": 0.16636540457422752 }, "geometry": { "type": "LineString", "coordinates": [ [ 359371.522945231059566, 174194.898343999520876 ], [ 359587.665378965844866, 174205.900085573317483 ] ] } },
{ "type": "Feature", "properties": { "JOURNEY_LINK_ID": 160, "SEGMENT_ID": 6, "SEGMENT_LENGTH": 178.70703961730624, "DIST_TO_SENSOR": 298.99974249261351, "NEAREST_SITE_ID": 452.0, "SITE_TOTAL_LENGTH": 1300.884939524643, "LENGTH_PROPORTION": 0.13737344033101626 }, "geometry": { "type": "LineString", "coordinates": [ [ 359587.665378965844866, 174205.900085573317483 ], [ 359671.377136038674507, 174239.475189483724535 ], [ 359753.528940569551196, 174272.424403990502469 ] ] } },
{ "type": "Feature", "properties": { "JOURNEY_LINK_ID": 171, "SEGMENT_ID": 11, "SEGMENT_LENGTH": 556.93709732575246, "DIST_TO_SENSOR": 288.73213600740678, "NEAREST_SITE_ID": 500.0, "SITE_TOTAL_LENGTH": 28677.983496930894, "LENGTH_PROPORTION": 0.01942037163754403 }, "geometry": { "type": "LineString", "coordinates": [ [ 360002.690743908577133, 174066.925258639384992 ], [ 359964.063529368897434, 174013.845314219011925 ], [ 359815.903692032967228, 173814.825162255147006 ], [ 359810.988038237264846, 173808.191005867905915 ], [ 359742.958197196247056, 173727.541862785757985 ], [ 359707.24539516447112, 173692.235853261779994 ], [ 359660.389717803976964, 173653.682401523343287 ], [ 359646.398004741815384, 173641.559748962987214 ] ] } },
{ "type": "Feature", "properties": { "JOURNEY_LINK_ID": 171, "SEGMENT_ID": 12, "SEGMENT_LENGTH": 8.6413272072037763, "DIST_TO_SENSOR": 281.5067601872509, "NEAREST_SITE_ID": 500.0, "SITE_TOTAL_LENGTH": 28677.983496930894, "LENGTH_PROPORTION": 0.00030132269265475265 }, "geometry": { "type": "LineString", "coordinates": [ [ 359646.398004741815384, 173641.559748962987214 ], [ 359639.044851729588117, 173637.020621659117751 ] ] } },
{ "type": "Feature", "properties": { "JOURNEY_LINK_ID": 176, "SEGMENT_ID": 3, "SEGMENT_LENGTH": 178.70703961730624, "DIST_TO_SENSOR": 298.99974249261351, "NEAREST_SITE_ID": 452.0, "SITE_TOTAL_LENGTH": 1300.884939524643, "LENGTH_PROPORTION": 0.13737344033101626 }, "geometry": { "type": "LineString", "coordinates": [ [ 359753.528940569551196, 174272.424403990502469 ], [ 359671.377136038674507, 174239.475189483724535 ], [ 359587.665378965844866, 174205.900085573317483 ] ] } },
{ "type": "Feature", "properties": { "JOURNEY_LINK_ID": 176, "SEGMENT_ID": 4, "SEGMENT_LENGTH": 216.42224926853675, "DIST_TO_SENSOR": 276.46916167284735, "NEAREST_SITE_ID": 452.0, "SITE_TOTAL_LENGTH": 1300.884939524643, "LENGTH_PROPORTION": 0.16636540457422752 }, "geometry": { "type": "LineString", "coordinates": [ [ 359587.665378965844866, 174205.900085573317483 ], [ 359371.522945231059566, 174194.898343999520876 ] ] } },
{ "type": "Feature", "properties": { "JOURNEY_LINK_ID": 176, "SEGMENT_ID": 5, "SEGMENT_LENGTH": 23.585784605044065, "DIST_TO_SENSOR": 294.87763066962117, "NEAREST_SITE_ID": 452.0, "SITE_TOTAL_LENGTH": 1300.884939524643, "LENGTH_PROPORTION": 0.018130569344328454 }, "geometry": { "type": "LineString", "coordinates": [ [ 359371.522945231059566, 174194.898343999520876 ], [ 359349.225592735223472, 174187.209566000907216 ] ] } },
{ "type": "Feature", "properties": { "JOURNEY_LINK_ID": 176, "SEGMENT_ID": 6, "SEGMENT_LENGTH": 139.80828800340043, "DIST_TO_SENSOR": 297.39479490355535, "NEAREST_SITE_ID": 452.0, "SITE_TOTAL_LENGTH": 1300.884939524643, "LENGTH_PROPORTION": 0.10747167851331099 }, "geometry": { "type": "LineString", "coordinates": [ [ 359349.225592735223472, 174187.209566000907216 ], [ 359227.743438638572115, 174118.01098487037234 ] ] } },
{ "type": "Feature", "properties": { "JOURNEY_LINK_ID": 186, "SEGMENT_ID": 11, "SEGMENT_LENGTH": 927.92552095760891, "DIST_TO_SENSOR": 288.73213600740678, "NEAREST_SITE_ID": 500.0, "SITE_TOTAL_LENGTH": 28677.983496930894, "LENGTH_PROPORTION": 0.032356721352354331 }, "geometry": { "type": "LineString", "coordinates": [ [ 360236.971382662246469, 174354.251061321701854 ], [ 360134.648817647248507, 174239.386645864229649 ], [ 360063.052594244072679, 174145.414411820122041 ], [ 360036.375883770291694, 174110.034731129999273 ], [ 360002.690743908577133, 174066.925258639384992 ], [ 359964.063529368897434, 174013.845314219011925 ], [ 359815.903692032967228, 173814.825162255147006 ], [ 359810.988038237264846, 173808.191005867905915 ], [ 359742.958197196247056, 173727.541862785757985 ], [ 359707.24539516447112, 173692.235853261779994 ], [ 359660.389717803976964, 173653.682401523343287 ], [ 359646.398004741815384, 173641.559748962987214 ] ] } },
{ "type": "Feature", "properties": { "JOURNEY_LINK_ID": 186, "SEGMENT_ID": 12, "SEGMENT_LENGTH": 2.5496008821269296, "DIST_TO_SENSOR": 288.73213600740678, "NEAREST_SITE_ID": 500.0, "SITE_TOTAL_LENGTH": 28677.983496930894, "LENGTH_PROPORTION": 8.8904468558599555e-05 }, "geometry": { "type": "LineString", "coordinates": [ [ 359646.398004741815384, 173641.559748962987214 ], [ 359646.322716550144833, 173644.108237995009404 ] ] } },
{ "type": "Feature", "properties": { "JOURNEY_LINK_ID": 199, "SEGMENT_ID": 3, "SEGMENT_LENGTH": 927.88329541566713, "DIST_TO_SENSOR": 216.23974623225718, "NEAREST_SITE_ID": 215.0, "SITE_TOTAL_LENGTH": 10217.668047074099, "LENGTH_PROPORTION": 0.090811650088923473 }, "geometry": { "type": "LineString", "coordinates": [ [ 358071.46834862511605, 169442.371376080031041 ], [ 358066.315527383820154, 169574.764023153868038 ], [ 358068.883770618413109, 169632.576383664971218 ], [ 358071.368469501030631, 169680.379764820914716 ], [ 358074.723593905859161, 169749.30825077847112 ], [ 358078.085634161892813, 169819.350876165379304 ], [ 358081.281642794958316, 169869.37472400983097 ], [ 358088.783786502026487, 170019.463520751334727 ], [ 358080.130699969653506, 170149.665839985478669 ], [ 358040.906257204129361, 170365.763019866426475 ] ] } },
{ "type": "Feature", "properties": { "JOURNEY_LINK_ID": 199, "SEGMENT_ID": 4, "SEGMENT_LENGTH": 189.70489411220697, "DIST_TO_SENSOR": 104.59488345510402, "NEAREST_SITE_ID": 215.0, "SITE_TOTAL_LENGTH": 10217.668047074099, "LENGTH_PROPORTION": 0.01856635909859396 }, "geometry": { "type": "LineString", "coordinates": [ [ 358040.906257204129361, 170365.763019866426475 ], [ 358030.042107150889933, 170396.99532026349334 ], [ 358016.379193559114356, 170426.026588680513669 ], [ 357999.944909922371153, 170456.192877310677432 ], [ 357992.399818988342304, 170468.489927218528464 ], [ 357982.111101404123474, 170485.258749718137551 ], [ 357969.746311306778807, 170503.15700843941886 ], [ 357949.818119747273158, 170531.128048466285691 ] ] } },
{ "type": "Feature", "properties": { "JOURNEY_LINK_ID": 199, "SEGMENT_ID": 5, "SEGMENT_LENGTH": 49.433423299623556, "DIST_TO_SENSOR": 105.28748501021691, "NEAREST_SITE_ID": 215.0, "SITE_TOTAL_LENGTH": 10217.668047074099, "LENGTH_PROPORTION": 0.0048380337932175397 }, "geometry": { "type": "LineString", "coordinates": [ [ 357949.818119747273158, 170531.128048466285691 ], [ 357902.427975782367866, 170517.062573212839197 ] ] } },
{ "type": "Feature", "properties": { "JOURNEY_LINK_ID": 199, "SEGMENT_ID": 6, "SEGMENT_LENGTH": 339.14492712911175, "DIST_TO_SENSOR": 153.93901176097356, "NEAREST_SITE_ID": 215.0, "SITE_TOTAL_LENGTH": 10217.668047074099, "LENGTH_PROPORTION": 0.033192008740803462 }, "geometry": { "type": "LineString", "coordinates": [ [ 357902.427975782367866, 170517.062573212839197 ], [ 357871.813754727656487, 170513.98022069374565 ], [ 357678.247237531992141, 170477.777440548117738 ], [ 357568.25542632228462, 170459.789299922180362 ] ] } },
{ "type": "Feature", "properties": { "JOURNEY_LINK_ID": 203, "SEGMENT_ID": 13, "SEGMENT_LENGTH": 310.9005541481684, "DIST_TO_SENSOR": 30.93928795686174, "NEAREST_SITE_ID": 270.0, "SITE_TOTAL_LENGTH": 6483.7797947000972, "LENGTH_PROPORTION": 0.047950510966196208 }, "geometry": { "type": "LineString", "coordinates": [ [ 360603.029684348963201, 169875.918793010932859 ], [ 360830.413975788629614, 169968.703757958312053 ], [ 360851.348923777462915, 169978.552722002146766 ], [ 360889.725061970297247, 169996.053344393556472 ] ] } },
{ "type": "Feature", "properties": { "JOURNEY_LINK_ID": 203, "SEGMENT_ID": 14, "SEGMENT_LENGTH": 411.82485559248198, "DIST_TO_SENSOR": 30.93928795686174, "NEAREST_SITE_ID": 270.0, "SITE_TOTAL_LENGTH": 6483.7797947000972, "LENGTH_PROPORTION": 0.063516169369155856 }, "geometry": { "type": "LineString", "coordinates": [ [ 360889.725061970297247, 169996.053344393556472 ], [ 360899.852293479663786, 169957.048797833733261 ], [ 360923.316700145544019, 169844.537168353213929 ], [ 360928.002732020162512, 169821.145108543743845 ], [ 360973.450701473630033, 169592.887810429383535 ] ] } },
{ "type": "Feature", "properties": { "JOURNEY_LINK_ID": 204, "SEGMENT_ID": 13, "SEGMENT_LENGTH": 690.51185214277564, "DIST_TO_SENSOR": 19.58599873769376, "NEAREST_SITE_ID": 270.0, "SITE_TOTAL_LENGTH": 6483.7797947000972, "LENGTH_PROPORTION": 0.10649835034607538 }, "geometry": { "type": "LineString", "coordinates": [ [ 360603.029684348963201, 169875.918793010932859 ], [ 360830.413975788629614, 169968.703757958312053 ], [ 360851.348923777462915, 169978.552722002146766 ], [ 360889.725061970297247, 169996.053344393556472 ], [ 360906.471150027937256, 170003.710321817256045 ], [ 360921.131445723411161, 170011.383262665360235 ], [ 360937.885989380185492, 170020.152454713708721 ], [ 360952.563386257563252, 170030.049720416660421 ], [ 360979.128352672152687, 170048.753729697957169 ], [ 361014.070328112575226, 170071.842451331322081 ], [ 361062.289729987853207, 170103.727601474209223 ], [ 361073.464829123055097, 170110.315353727201 ], [ 361083.953079119150061, 170118.020638558722567 ], [ 361146.135747799940873, 170157.585424703196622 ], [ 361213.158377226092853, 170193.777282769966405 ] ] } },
{ "type": "Feature", "properties": { "JOURNEY_LINK_ID": 204, "SEGMENT_ID": 39, "SEGMENT_LENGTH": 429.52796116221043, "DIST_TO_SENSOR": 128.282371168049, "NEAREST_SITE_ID": 203.0, "SITE_TOTAL_LENGTH": 4294.1901469009272, "LENGTH_PROPORTION": 0.10002537066790029 }, "geometry": { "type": "LineString", "coordinates": [ [ 361399.830730256799143, 171058.760491651773918 ], [ 361348.955485923564993, 171132.551807856245432 ], [ 361327.688901251996867, 171169.416005598963238 ], [ 361242.847279038804118, 171345.789813962997869 ], [ 361232.609251172048971, 171370.336206834123004 ], [ 361225.117408130434342, 171390.413048290996812 ], [ 361218.312108160636853, 171409.372374175407458 ], [ 361209.613283175043762, 171441.673948508803733 ] ] } },
{ "type": "Feature", "properties": { "JOURNEY_LINK_ID": 207, "SEGMENT_ID": 0, "SEGMENT_LENGTH": 40.389853740119676, "DIST_TO_SENSOR": 30.336894986225381, "NEAREST_SITE_ID": 215.0, "SITE_TOTAL_LENGTH": 10217.668047074099, "LENGTH_PROPORTION": 0.0039529424477325421 }, "geometry": { "type": "LineString", "coordinates": [ [ 357975.081478159409016, 170559.386613974929787 ], [ 358012.741512543172576, 170573.983260691282339 ] ] } },
{ "type": "Feature", "properties": { "JOURNEY_LINK_ID": 207, "SEGMENT_ID": 1, "SEGMENT_LENGTH": 434.06718312020354, "DIST_TO_SENSOR": 9.9969957178929807, "NEAREST_SITE_ID": 215.0, "SITE_TOTAL_LENGTH": 10217.668047074099, "LENGTH_PROPORTION": 0.042482020468897666 }, "geometry": { "type": "LineString", "coordinates": [ [ 358012.741512543172576, 170573.983260691282339 ], [ 358126.009303060418461, 170652.014214288501535 ], [ 358157.490598367992789, 170676.224082839849871 ], [ 358186.876995021943003, 170699.339319843798876 ], [ 358205.068318209261633, 170713.648746507184114 ], [ 358323.450666722434107, 170823.90100058686221 ], [ 358347.97873127728235, 170848.169423826679122 ] ] } },
{ "type": "Feature", "properties": { "JOURNEY_LINK_ID": 229, "SEGMENT_ID": 0, "SEGMENT_LENGTH": 289.06773588885545, "DIST_TO_SENSOR": 137.26904172499698, "NEAREST_SITE_ID": 203.0, "SITE_TOTAL_LENGTH": 4294.1901469009272, "LENGTH_PROPORTION": 0.067316007442630985 }, "geometry": { "type": "LineString", "coordinates": [ [ 361206.864580934285186, 171431.800052967271768 ], [ 361218.312108160636853, 171409.372374175407458 ], [ 361225.117408130434342, 171390.413048290996812 ], [ 361232.609251172048971, 171370.336206834123004 ], [ 361242.847279038804118, 171345.789813962997869 ], [ 361327.688901251996867, 171169.416005598963238 ] ] } },
{ "type": "Feature", "properties": { "JOURNEY_LINK_ID": 229, "SEGMENT_ID": 28, "SEGMENT_LENGTH": 690.51185214277575, "DIST_TO_SENSOR": 19.58599873769376, "NEAREST_SITE_ID": 270.0, "SITE_TOTAL_LENGTH": 6483.7797947000972, "LENGTH_PROPORTION": 0.1064983503460754 }, "geometry": { "type": "LineString", "coordinates": [ [ 361213.158377226092853, 170193.777282769966405 ], [ 361146.135747799940873, 170157.585424703196622 ], [ 361083.953079119150061, 170118.020638558722567 ], [ 361073.464829123055097, 170110.315353727201 ], [ 361062.289729987853207, 170103.727601474209223 ], [ 361014.070328112575226, 170071.842451331322081 ], [ 360979.128352672152687, 170048.753729697957169 ], [ 360952.563386257563252, 170030.049720416660421 ], [ 360937.885989380185492, 170020.152454713708721 ], [ 360921.131445723411161, 170011.383262665360235 ], [ 360906.471150027937256, 170003.710321817256045 ], [ 360889.725061970297247, 169996.053344393556472 ], [ 360851.348923777462915, 169978.552722002146766 ], [ 360830.413975788629614, 169968.703757958312053 ], [ 360603.029684348963201, 169875.918793010932859 ] ] } },
{ "type": "Feature", "properties": { "JOURNEY_LINK_ID": 47, "SEGMENT_ID": 12, "SEGMENT_LENGTH": 215.42139865461365, "DIST_TO_SENSOR": 248.97158251326078, "NEAREST_SITE_ID": 501.0, "SITE_TOTAL_LENGTH": 8896.6427394330349, "LENGTH_PROPORTION": 0.024213785465363312 }, "geometry": { "type": "LineString", "coordinates": [ [ 358979.894574090547394, 172926.221623329794966 ], [ 358911.657216366555076, 172908.979657506686635 ], [ 358872.647417681117076, 172897.062228112190496 ], [ 358853.146929965994786, 172891.659632917377166 ], [ 358805.816873224859592, 172882.034556105034426 ], [ 358770.344011720560957, 172877.874359145935159 ] ] } },
{ "type": "Feature", "properties": { "JOURNEY_LINK_ID": 47, "SEGMENT_ID": 13, "SEGMENT_LENGTH": 93.138196505767667, "DIST_TO_SENSOR": 212.43495185329033, "NEAREST_SITE_ID": 501.0, "SITE_TOTAL_LENGTH": 8896.6427394330349, "LENGTH_PROPORTION": 0.0104689149866552 }, "geometry": { "type": "LineString", "coordinates": [ [ 358770.344011720560957, 172877.874359145935159 ], [ 358677.253586420614738, 172880.857036772184074 ] ] } },
{ "type": "Feature", "properties": { "JOURNEY_LINK_ID": 47, "SEGMENT_ID": 14, "SEGMENT_LENGTH": 92.709655035403728, "DIST_TO_SENSOR": 200.41325266939859, "NEAREST_SITE_ID": 501.0, "SITE_TOTAL_LENGTH": 8896.6427394330349, "LENGTH_PROPORTION": 0.010420746089362685 }, "geometry": { "type": "LineString", "coordinates": [ [ 358677.253586420614738, 172880.857036772184074 ], [ 358630.762741143174935, 172889.021622122090776 ], [ 358604.386122474796139, 172892.573647735698614 ], [ 358585.643693520803936, 172894.951147574407514 ] ] } },
{ "type": "Feature", "properties": { "JOURNEY_LINK_ID": 47, "SEGMENT_ID": 15, "SEGMENT_LENGTH": 20.964109471607543, "DIST_TO_SENSOR": 202.48126552004965, "NEAREST_SITE_ID": 501.0, "SITE_TOTAL_LENGTH": 8896.6427394330349, "LENGTH_PROPORTION": 0.0023564068026118742 }, "geometry": { "type": "LineString", "coordinates": [ [ 358585.643693520803936, 172894.951147574407514 ], [ 358564.780428980477154, 172892.89735141658457 ] ] } },
{ "type": "Feature", "properties": { "JOURNEY_LINK_ID": 47, "SEGMENT_ID": 16, "SEGMENT_LENGTH": 118.02695134907822, "DIST_TO_SENSOR": 210.96785997624946, "NEAREST_SITE_ID": 501.0, "SITE_TOTAL_LENGTH": 8896.6427394330349, "LENGTH_PROPORTION": 0.013266459585472783 }, "geometry": { "type": "LineString", "coordinates": [ [ 358564.780428980477154, 172892.89735141658457 ], [ 358558.26369944732869, 172860.697462050127797 ], [ 358554.571617677866016, 172834.035320173366927 ], [ 358548.12741468870081, 172810.732259273412637 ], [ 358540.906598025525454, 172777.426015879202168 ] ] } },
{ "type": "Feature", "properties": { "JOURNEY_LINK_ID": 48, "SEGMENT_ID": 12, "SEGMENT_LENGTH": 215.42139865461365, "DIST_TO_SENSOR": 248.97158251326078, "NEAREST_SITE_ID": 501.0, "SITE_TOTAL_LENGTH": 8896.6427394330349, "LENGTH_PROPORTION": 0.024213785465363312 }, "geometry": { "type": "LineString", "coordinates": [ [ 358979.894574090547394, 172926.221623329794966 ], [ 358911.657216366555076, 172908.979657506686635 ], [ 358872.647417681117076, 172897.062228112190496 ], [ 358853.146929965994786, 172891.659632917377166 ], [ 358805.816873224859592, 172882.034556105034426 ], [ 358770.344011720560957, 172877.874359145935159 ] ] } },
{ "type": "Feature", "properties": { "JOURNEY_LINK_ID": 48, "SEGMENT_ID": 13, "SEGMENT_LENGTH": 93.138196505767667, "DIST_TO_SENSOR": 212.43495185329033, "NEAREST_SITE_ID": 501.0, "SITE_TOTAL_LENGTH": 8896.6427394330349, "LENGTH_PROPORTION": 0.0104689149866552 }, "geometry": { "type": "LineString", "coordinates": [ [ 358770.344011720560957, 172877.874359145935159 ], [ 358677.253586420614738, 172880.857036772184074 ] ] } },
{ "type": "Feature", "properties": { "JOURNEY_LINK_ID": 48, "SEGMENT_ID": 14, "SEGMENT_LENGTH": 92.709655035403728, "DIST_TO_SENSOR": 200.41325266939859, "NEAREST_SITE_ID": 501.0, "SITE_TOTAL_LENGTH": 8896.6427394330349, "LENGTH_PROPORTION": 0.010420746089362685 }, "geometry": { "type": "LineString", "coordinates": [ [ 358677.253586420614738, 172880.857036772184074 ], [ 358630.762741143174935, 172889.021622122090776 ], [ 358604.386122474796139, 172892.573647735698614 ], [ 358585.643693520803936, 172894.951147574407514 ] ] } },
{ "type": "Feature", "properties": { "JOURNEY_LINK_ID": 48, "SEGMENT_ID": 15, "SEGMENT_LENGTH": 20.964109471607543, "DIST_TO_SENSOR": 202.48126552004965, "NEAREST_SITE_ID": 501.0, "SITE_TOTAL_LENGTH": 8896.6427394330349, "LENGTH_PROPORTION": 0.0023564068026118742 }, "geometry": { "type": "LineString", "coordinates": [ [ 358585.643693520803936, 172894.951147574407514 ], [ 358564.780428980477154, 172892.89735141658457 ] ] } },
{ "type": "Feature", "properties": { "JOURNEY_LINK_ID": 48, "SEGMENT_ID": 16, "SEGMENT_LENGTH": 83.946956596766725, "DIST_TO_SENSOR": 210.96785997624946, "NEAREST_SITE_ID": 501.0, "SITE_TOTAL_LENGTH": 8896.6427394330349, "LENGTH_PROPORTION": 0.0094358016900784863 }, "geometry": { "type": "LineString", "coordinates": [ [ 358564.780428980477154, 172892.89735141658457 ], [ 358558.26369944732869, 172860.697462050127797 ], [ 358554.571617677866016, 172834.035320173366927 ], [ 358548.12741468870081, 172810.732259273412637 ] ] } },
{ "type": "Feature", "properties": { "JOURNEY_LINK_ID": 48, "SEGMENT_ID": 17, "SEGMENT_LENGTH": 37.091080523989859, "DIST_TO_SENSOR": 293.99156950891359, "NEAREST_SITE_ID": 501.0, "SITE_TOTAL_LENGTH": 8896.6427394330349, "LENGTH_PROPORTION": 0.0041691098103320712 }, "geometry": { "type": "LineString", "coordinates": [ [ 358548.12741468870081, 172810.732259273412637 ], [ 358527.722467206942383, 172779.758296454558149 ] ] } },
{ "type": "Feature", "properties": { "JOURNEY_LINK_ID": 60, "SEGMENT_ID": 1, "SEGMENT_LENGTH": 10.283517204730687, "DIST_TO_SENSOR": 294.68009718711903, "NEAREST_SITE_ID": 500.0, "SITE_TOTAL_LENGTH": 28677.983496930894, "LENGTH_PROPORTION": 0.00035858578431189995 }, "geometry": { "type": "LineString", "coordinates": [ [ 359761.008417449018452, 173199.114603330148384 ], [ 359751.255018522497267, 173195.855472237337381 ] ] } },
{ "type": "Feature", "properties": { "JOURNEY_LINK_ID": 60, "SEGMENT_ID": 2, "SEGMENT_LENGTH": 76.070246670253397, "DIST_TO_SENSOR": 275.73260006689014, "NEAREST_SITE_ID": 500.0, "SITE_TOTAL_LENGTH": 28677.983496930894, "LENGTH_PROPORTION": 0.0026525660940698429 }, "geometry": { "type": "LineString", "coordinates": [ [ 359751.255018522497267, 173195.855472237337381 ], [ 359684.94994669087464, 173158.568478823057376 ] ] } },
{ "type": "Feature", "properties": { "JOURNEY_LINK_ID": 60, "SEGMENT_ID": 3, "SEGMENT_LENGTH": 116.16947690239684, "DIST_TO_SENSOR": 261.77034003877714, "NEAREST_SITE_ID": 500.0, "SITE_TOTAL_LENGTH": 28677.983496930894, "LENGTH_PROPORTION": 0.0040508244561487123 }, "geometry": { "type": "LineString", "coordinates": [ [ 359684.94994669087464, 173158.568478823057376 ], [ 359652.206300011835992, 173147.707392492156941 ], [ 359628.530165525036864, 173141.222868291602936 ], [ 359574.871386533544865, 173121.631505057332106 ] ] } },
{ "type": "Feature", "properties": { "JOURNEY_LINK_ID": 60, "SEGMENT_ID": 4, "SEGMENT_LENGTH": 8.0592449070736709, "DIST_TO_SENSOR": 264.70247388871201, "NEAREST_SITE_ID": 500.0, "SITE_TOTAL_LENGTH": 28677.983496930894, "LENGTH_PROPORTION": 0.00028102550892171929 }, "geometry": { "type": "LineString", "coordinates": [ [ 359574.871386533544865, 173121.631505057332106 ], [ 359572.725096137961373, 173113.863309255859349 ] ] } },
{ "type": "Feature", "properties": { "JOURNEY_LINK_ID": 60, "SEGMENT_ID": 5, "SEGMENT_LENGTH": 6.2164609805401199, "DIST_TO_SENSOR": 271.90999783004685, "NEAREST_SITE_ID": 500.0, "SITE_TOTAL_LENGTH": 28677.983496930894, "LENGTH_PROPORTION": 0.00021676771594506995 }, "geometry": { "type": "LineString", "coordinates": [ [ 359572.725096137961373, 173113.863309255859349 ], [ 359569.901744875358418, 173108.324981460347772 ] ] } },
{ "type": "Feature", "properties": { "JOURNEY_LINK_ID": 60, "SEGMENT_ID": 6, "SEGMENT_LENGTH": 286.22104368430269, "DIST_TO_SENSOR": 276.85057864794794, "NEAREST_SITE_ID": 500.0, "SITE_TOTAL_LENGTH": 28677.983496930894, "LENGTH_PROPORTION": 0.0099805149729210885 }, "geometry": { "type": "LineString", "coordinates": [ [ 359569.901744875358418, 173108.324981460347772 ], [ 359568.353003985248506, 173088.318170488520991 ], [ 359568.326533273095265, 173084.981854938203469 ], [ 359560.012157071614638, 173000.522726062859874 ], [ 359552.077398872817867, 172963.884250391332898 ], [ 359528.449415674840566, 172876.211080168955959 ], [ 359517.057786109042354, 172841.824521753878798 ], [ 359511.401677495217882, 172829.635815796267707 ] ] } },
{ "type": "Feature", "properties": { "JOURNEY_LINK_ID": 76, "SEGMENT_ID": 0, "SEGMENT_LENGTH": 63.119531973340578, "DIST_TO_SENSOR": 192.89618245307673, "NEAREST_SITE_ID": 500.0, "SITE_TOTAL_LENGTH": 28677.983496930894, "LENGTH_PROPORTION": 0.0022009752526740804 }, "geometry": { "type": "LineString", "coordinates": [ [ 359338.598496960185003, 173540.9692274708068 ], [ 359400.956001787097193, 173531.190837608708534 ] ] } },
{ "type": "Feature", "properties": { "JOURNEY_LINK_ID": 76, "SEGMENT_ID": 1, "SEGMENT_LENGTH": 57.051594942811249, "DIST_TO_SENSOR": 178.02125168068048, "NEAREST_SITE_ID": 500.0, "SITE_TOTAL_LENGTH": 28677.983496930894, "LENGTH_PROPORTION": 0.0019893865602132344 }, "geometry": { "type": "LineString", "coordinates": [ [ 359400.956001787097193, 173531.190837608708534 ], [ 359455.964843254187144, 173546.320670587534551 ] ] } },
{ "type": "Feature", "properties": { "JOURNEY_LINK_ID": 76, "SEGMENT_ID": 2, "SEGMENT_LENGTH": 172.26392664096937, "DIST_TO_SENSOR": 178.02125168068048, "NEAREST_SITE_ID": 500.0, "SITE_TOTAL_LENGTH": 28677.983496930894, "LENGTH_PROPORTION": 0.0060068354059623821 }, "geometry": { "type": "LineString", "coordinates": [ [ 359455.964843254187144, 173546.320670587534551 ], [ 359516.031633495818824, 173585.878614778106567 ], [ 359538.360647664871067, 173597.934172365290578 ], [ 359569.105853757180739, 173619.932162443699781 ], [ 359599.842277661839034, 173640.818397244613152 ] ] } },
{ "type": "Feature", "properties": { "JOURNEY_LINK_ID": 76, "SEGMENT_ID": 3, "SEGMENT_LENGTH": 13.644615893464819, "DIST_TO_SENSOR": 271.22872218543239, "NEAREST_SITE_ID": 500.0, "SITE_TOTAL_LENGTH": 28677.983496930894, "LENGTH_PROPORTION": 0.0004757871450384599 }, "geometry": { "type": "LineString", "coordinates": [ [ 359599.842277661839034, 173640.818397244613152 ], [ 359612.546925105329137, 173645.795090546074789 ] ] } },
{ "type": "Feature", "properties": { "JOURNEY_LINK_ID": 81, "SEGMENT_ID": 0, "SEGMENT_LENGTH": 67.793848819878534, "DIST_TO_SENSOR": 192.89618245307673, "NEAREST_SITE_ID": 500.0, "SITE_TOTAL_LENGTH": 28677.983496930894, "LENGTH_PROPORTION": 0.0023639684717418783 }, "geometry": { "type": "LineString", "coordinates": [ [ 359333.206161126261577, 173533.633178339223377 ], [ 359400.956001787097193, 173531.190837608708534 ] ] } },
{ "type": "Feature", "properties": { "JOURNEY_LINK_ID": 81, "SEGMENT_ID": 1, "SEGMENT_LENGTH": 57.051594942811249, "DIST_TO_SENSOR": 178.02125168068048, "NEAREST_SITE_ID": 500.0, "SITE_TOTAL_LENGTH": 28677.983496930894, "LENGTH_PROPORTION": 0.0019893865602132344 }, "geometry": { "type": "LineString", "coordinates": [ [ 359400.956001787097193, 173531.190837608708534 ], [ 359455.964843254187144, 173546.320670587534551 ] ] } },
{ "type": "Feature", "properties": { "JOURNEY_LINK_ID": 81, "SEGMENT_ID": 2, "SEGMENT_LENGTH": 172.26392664096937, "DIST_TO_SENSOR": 178.02125168068048, "NEAREST_SITE_ID": 500.0, "SITE_TOTAL_LENGTH": 28677.983496930894, "LENGTH_PROPORTION": 0.0060068354059623821 }, "geometry": { "type": "LineString", "coordinates": [ [ 359455.964843254187144, 173546.320670587534551 ], [ 359516.031633495818824, 173585.878614778106567 ], [ 359538.360647664871067, 173597.934172365290578 ], [ 359569.105853757180739, 173619.932162443699781 ], [ 359599.842277661839034, 173640.818397244613152 ] ] } },
{ "type": "Feature", "properties": { "JOURNEY_LINK_ID": 81, "SEGMENT_ID": 3, "SEGMENT_LENGTH": 34.817940224680832, "DIST_TO_SENSOR": 271.21901264554515, "NEAREST_SITE_ID": 500.0, "SITE_TOTAL_LENGTH": 28677.983496930894, "LENGTH_PROPORTION": 0.0012141000160770382 }, "geometry": { "type": "LineString", "coordinates": [ [ 359599.842277661839034, 173640.818397244613152 ], [ 359633.109715158876497, 173630.543838184967171 ] ] } },
{ "type": "Feature", "properties": { "JOURNEY_LINK_ID": 81, "SEGMENT_ID": 4, "SEGMENT_LENGTH": 15.206204673699448, "DIST_TO_SENSOR": 258.36143913372024, "NEAREST_SITE_ID": 500.0, "SITE_TOTAL_LENGTH": 28677.983496930894, "LENGTH_PROPORTION": 0.00053023967585889744 }, "geometry": { "type": "LineString", "coordinates": [ [ 359633.109715158876497, 173630.543838184967171 ], [ 359623.980997090053279, 173618.382622497447301 ] ] } },
{ "type": "Feature", "properties": { "JOURNEY_LINK_ID": 81, "SEGMENT_ID": 5, "SEGMENT_LENGTH": 65.448949888483938, "DIST_TO_SENSOR": 206.64822311562179, "NEAREST_SITE_ID": 500.0, "SITE_TOTAL_LENGTH": 28677.983496930894, "LENGTH_PROPORTION": 0.0022822019510363501 }, "geometry": { "type": "LineString", "coordinates": [ [ 359623.980997090053279, 173618.382622497447301 ], [ 359569.499513946240768, 173582.115102097566705 ] ] } },
{ "type": "Feature", "properties": { "JOURNEY_LINK_ID": 81, "SEGMENT_ID": 6, "SEGMENT_LENGTH": 23.121222403277557, "DIST_TO_SENSOR": 193.11034048062902, "NEAREST_SITE_ID": 500.0, "SITE_TOTAL_LENGTH": 28677.983496930894, "LENGTH_PROPORTION": 0.0008062359895615387 }, "geometry": { "type": "LineString", "coordinates": [ [ 359569.499513946240768, 173582.115102097566705 ], [ 359548.577830184658524, 173572.272639295901172 ] ] } },
{ "type": "Feature", "properties": { "JOURNEY_LINK_ID": 81, "SEGMENT_ID": 7, "SEGMENT_LENGTH": 29.455533050434877, "DIST_TO_SENSOR": 164.39105693814722, "NEAREST_SITE_ID": 500.0, "SITE_TOTAL_LENGTH": 28677.983496930894, "LENGTH_PROPORTION": 0.001027113118102854 }, "geometry": { "type": "LineString", "coordinates": [ [ 359548.577830184658524, 173572.272639295901172 ], [ 359538.630072498810478, 173544.547730922582559 ] ] } },
{ "type": "Feature", "properties": { "JOURNEY_LINK_ID": 81, "SEGMENT_ID": 8, "SEGMENT_LENGTH": 77.538796191910436, "DIST_TO_SENSOR": 90.86965001593407, "NEAREST_SITE_ID": 500.0, "SITE_TOTAL_LENGTH": 28677.983496930894, "LENGTH_PROPORTION": 0.0027037743501110742 }, "geometry": { "type": "LineString", "coordinates": [ [ 359538.630072498810478, 173544.547730922582559 ], [ 359549.134512676508166, 173467.723765576840378 ] ] } },
{ "type": "Feature", "properties": { "JOURNEY_LINK_ID": 81, "SEGMENT_ID": 9, "SEGMENT_LENGTH": 28.834577755226146, "DIST_TO_SENSOR": 62.050481840565155, "NEAREST_SITE_ID": 500.0, "SITE_TOTAL_LENGTH": 28677.983496930894, "LENGTH_PROPORTION": 0.0010054604347726195 }, "geometry": { "type": "LineString", "coordinates": [ [ 359549.134512676508166, 173467.723765576840378 ], [ 359541.270716800994705, 173439.982215714757331 ] ] } },
{ "type": "Feature", "properties": { "JOURNEY_LINK_ID": 81, "SEGMENT_ID": 10, "SEGMENT_LENGTH": 61.195789386023392, "DIST_TO_SENSOR": 10.117136423656262, "NEAREST_SITE_ID": 500.0, "SITE_TOTAL_LENGTH": 28677.983496930894, "LENGTH_PROPORTION": 0.0021338944348221881 }, "geometry": { "type": "LineString", "coordinates": [ [ 359541.270716800994705, 173439.982215714757331 ], [ 359535.615279874706175, 173427.793428912584204 ], [ 359529.273957234690897, 173416.722372463264037 ], [ 359513.046681348816492, 173385.711107570969034 ] ] } },
{ "type": "Feature", "properties": { "JOURNEY_LINK_ID": 81, "SEGMENT_ID": 11, "SEGMENT_LENGTH": 77.759075229200135, "DIST_TO_SENSOR": 9.9418010069143037, "NEAREST_SITE_ID": 500.0, "SITE_TOTAL_LENGTH": 28677.983496930894, "LENGTH_PROPORTION": 0.0027114554702746753 }, "geometry": { "type": "LineString", "coordinates": [ [ 359513.046681348816492, 173385.711107570969034 ], [ 359490.221034615533426, 173311.377645175438374 ] ] } },
{ "type": "Feature", "properties": { "JOURNEY_LINK_ID": 81, "SEGMENT_ID": 12, "SEGMENT_LENGTH": 32.333401502261431, "DIST_TO_SENSOR": 76.532182330208542, "NEAREST_SITE_ID": 500.0, "SITE_TOTAL_LENGTH": 28677.983496930894, "LENGTH_PROPORTION": 0.00112746426211319 }, "geometry": { "type": "LineString", "coordinates": [ [ 359490.221034615533426, 173311.377645175438374 ], [ 359490.176720284274779, 173305.817150189250242 ], [ 359492.048599232686684, 173279.109938850218896 ] ] } },
{ "type": "Feature", "properties": { "JOURNEY_LINK_ID": 81, "SEGMENT_ID": 13, "SEGMENT_LENGTH": 194.85944588775354, "DIST_TO_SENSOR": 106.20108741924608, "NEAREST_SITE_ID": 500.0, "SITE_TOTAL_LENGTH": 28677.983496930894, "LENGTH_PROPORTION": 0.0067947401500041771 }, "geometry": { "type": "LineString", "coordinates": [ [ 359492.048599232686684, 173279.109938850218896 ], [ 359516.503176428144798, 173208.847287401731592 ], [ 359539.006950002512895, 173155.283009151695296 ], [ 359548.486514887190424, 173124.066348519350868 ], [ 359555.204788993753027, 173095.096132787584793 ] ] } },
{ "type": "Feature", "properties": { "JOURNEY_LINK_ID": 81, "SEGMENT_ID": 14, "SEGMENT_LENGTH": 95.684342247148379, "DIST_TO_SENSOR": 287.82560570445088, "NEAREST_SITE_ID": 500.0, "SITE_TOTAL_LENGTH": 28677.983496930894, "LENGTH_PROPORTION": 0.003336508728285881 }, "geometry": { "type": "LineString", "coordinates": [ [ 359555.204788993753027, 173095.096132787584793 ], [ 359551.665341109212022, 172999.477276593097486 ] ] } },
{ "type": "Feature", "properties": { "JOURNEY_LINK_ID": 83, "SEGMENT_ID": 0, "SEGMENT_LENGTH": 56.953876305334504, "DIST_TO_SENSOR": 192.89618245307673, "NEAREST_SITE_ID": 500.0, "SITE_TOTAL_LENGTH": 28677.983496930894, "LENGTH_PROPORTION": 0.0019859791157014121 }, "geometry": { "type": "LineString", "coordinates": [ [ 359344.184442831086926, 173535.744310998066794 ], [ 359400.956001787097193, 173531.190837608708534 ] ] } },
{ "type": "Feature", "properties": { "JOURNEY_LINK_ID": 83, "SEGMENT_ID": 1, "SEGMENT_LENGTH": 57.051594942811249, "DIST_TO_SENSOR": 178.02125168068048, "NEAREST_SITE_ID": 500.0, "SITE_TOTAL_LENGTH": 28677.983496930894, "LENGTH_PROPORTION": 0.0019893865602132344 }, "geometry": { "type": "LineString", "coordinates": [ [ 359400.956001787097193, 173531.190837608708534 ], [ 359455.964843254187144, 173546.320670587534551 ] ] } },
{ "type": "Feature", "properties": { "JOURNEY_LINK_ID": 83, "SEGMENT_ID": 2, "SEGMENT_LENGTH": 172.26392664096937, "DIST_TO_SENSOR": 178.02125168068048, "NEAREST_SITE_ID": 500.0, "SITE_TOTAL_LENGTH": 28677.983496930894, "LENGTH_PROPORTION": 0.0060068354059623821 }, "geometry": { "type": "LineString", "coordinates": [ [ 359455.964843254187144, 173546.320670587534551 ], [ 359516.031633495818824, 173585.878614778106567 ], [ 359538.360647664871067, 173597.934172365290578 ], [ 359569.105853757180739, 173619.932162443699781 ], [ 359599.842277661839034, 173640.818397244613152 ] ] } },
{ "type": "Feature", "properties": { "JOURNEY_LINK_ID": 83, "SEGMENT_ID": 3, "SEGMENT_LENGTH": 34.817940224680832, "DIST_TO_SENSOR": 271.21901264554515, "NEAREST_SITE_ID": 500.0, "SITE_TOTAL_LENGTH": 28677.983496930894, "LENGTH_PROPORTION": 0.0012141000160770382 }, "geometry": { "type": "LineString", "coordinates": [ [ 359599.842277661839034, 173640.818397244613152 ], [ 359633.109715158876497, 173630.543838184967171 ] ] } },
{ "type": "Feature", "properties": { "JOURNEY_LINK_ID": 83, "SEGMENT_ID": 4, "SEGMENT_LENGTH": 15.206204673699448, "DIST_TO_SENSOR": 258.36143913372024, "NEAREST_SITE_ID": 500.0, "SITE_TOTAL_LENGTH": 28677.983496930894, "LENGTH_PROPORTION": 0.00053023967585889744 }, "geometry": { "type": "LineString", "coordinates": [ [ 359633.109715158876497, 173630.543838184967171 ], [ 359623.980997090053279, 173618.382622497447301 ] ] } },
{ "type": "Feature", "properties": { "JOURNEY_LINK_ID": 83, "SEGMENT_ID": 5, "SEGMENT_LENGTH": 65.448949888483938, "DIST_TO_SENSOR": 206.64822311562179, "NEAREST_SITE_ID": 500.0, "SITE_TOTAL_LENGTH": 28677.983496930894, "LENGTH_PROPORTION": 0.0022822019510363501 }, "geometry": { "type": "LineString", "coordinates": [ [ 359623.980997090053279, 173618.382622497447301 ], [ 359569.499513946240768, 173582.115102097566705 ] ] } },
{ "type": "Feature", "properties": { "JOURNEY_LINK_ID": 83, "SEGMENT_ID": 6, "SEGMENT_LENGTH": 23.121222403277557, "DIST_TO_SENSOR": 193.11034048062902, "NEAREST_SITE_ID": 500.0, "SITE_TOTAL_LENGTH": 28677.983496930894, "LENGTH_PROPORTION": 0.0008062359895615387 }, "geometry": { "type": "LineString", "coordinates": [ [ 359569.499513946240768, 173582.115102097566705 ], [ 359548.577830184658524, 173572.272639295901172 ] ] } },
{ "type": "Feature", "properties": { "JOURNEY_LINK_ID": 83, "SEGMENT_ID": 7, "SEGMENT_LENGTH": 29.455533050434877, "DIST_TO_SENSOR": 164.39105693814722, "NEAREST_SITE_ID": 500.0, "SITE_TOTAL_LENGTH": 28677.983496930894, "LENGTH_PROPORTION": 0.001027113118102854 }, "geometry": { "type": "LineString", "coordinates": [ [ 359548.577830184658524, 173572.272639295901172 ], [ 359538.630072498810478, 173544.547730922582559 ] ] } },
{ "type": "Feature", "properties": { "JOURNEY_LINK_ID": 83, "SEGMENT_ID": 8, "SEGMENT_LENGTH": 77.538796191910436, "DIST_TO_SENSOR": 90.86965001593407, "NEAREST_SITE_ID": 500.0, "SITE_TOTAL_LENGTH": 28677.983496930894, "LENGTH_PROPORTION": 0.0027037743501110742 }, "geometry": { "type": "LineString", "coordinates": [ [ 359538.630072498810478, 173544.547730922582559 ], [ 359549.134512676508166, 173467.723765576840378 ] ] } },
{ "type": "Feature", "properties": { "JOURNEY_LINK_ID": 83, "SEGMENT_ID": 9, "SEGMENT_LENGTH": 28.834577755226146, "DIST_TO_SENSOR": 62.050481840565155, "NEAREST_SITE_ID": 500.0, "SITE_TOTAL_LENGTH": 28677.983496930894, "LENGTH_PROPORTION": 0.0010054604347726195 }, "geometry": { "type": "LineString", "coordinates": [ [ 359549.134512676508166, 173467.723765576840378 ], [ 359541.270716800994705, 173439.982215714757331 ] ] } },
{ "type": "Feature", "properties": { "JOURNEY_LINK_ID": 83, "SEGMENT_ID": 10, "SEGMENT_LENGTH": 61.195789386023392, "DIST_TO_SENSOR": 10.117136423656262, "NEAREST_SITE_ID": 500.0, "SITE_TOTAL_LENGTH": 28677.983496930894, "LENGTH_PROPORTION": 0.0021338944348221881 }, "geometry": { "type": "LineString", "coordinates": [ [ 359541.270716800994705, 173439.982215714757331 ], [ 359535.615279874706175, 173427.793428912584204 ], [ 359529.273957234690897, 173416.722372463264037 ], [ 359513.046681348816492, 173385.711107570969034 ] ] } },
{ "type": "Feature", "properties": { "JOURNEY_LINK_ID": 83, "SEGMENT_ID": 11, "SEGMENT_LENGTH": 77.759075229200135, "DIST_TO_SENSOR": 9.9418010069143037, "NEAREST_SITE_ID": 500.0, "SITE_TOTAL_LENGTH": 28677.983496930894, "LENGTH_PROPORTION": 0.0027114554702746753 }, "geometry": { "type": "LineString", "coordinates": [ [ 359513.046681348816492, 173385.711107570969034 ], [ 359490.221034615533426, 173311.377645175438374 ] ] } },
{ "type": "Feature", "properties": { "JOURNEY_LINK_ID": 83, "SEGMENT_ID": 12, "SEGMENT_LENGTH": 32.333401502261431, "DIST_TO_SENSOR": 76.532182330208542, "NEAREST_SITE_ID": 500.0, "SITE_TOTAL_LENGTH": 28677.983496930894, "LENGTH_PROPORTION": 0.00112746426211319 }, "geometry": { "type": "LineString", "coordinates": [ [ 359490.221034615533426, 173311.377645175438374 ], [ 359490.176720284274779, 173305.817150189250242 ], [ 359492.048599232686684, 173279.109938850218896 ] ] } },
{ "type": "Feature", "properties": { "JOURNEY_LINK_ID": 83, "SEGMENT_ID": 13, "SEGMENT_LENGTH": 194.85944588775354, "DIST_TO_SENSOR": 106.20108741924608, "NEAREST_SITE_ID": 500.0, "SITE_TOTAL_LENGTH": 28677.983496930894, "LENGTH_PROPORTION": 0.0067947401500041771 }, "geometry": { "type": "LineString", "coordinates": [ [ 359492.048599232686684, 173279.109938850218896 ], [ 359516.503176428144798, 173208.847287401731592 ], [ 359539.006950002512895, 173155.283009151695296 ], [ 359548.486514887190424, 173124.066348519350868 ], [ 359555.204788993753027, 173095.096132787584793 ] ] } },
{ "type": "Feature", "properties": { "JOURNEY_LINK_ID": 83, "SEGMENT_ID": 14, "SEGMENT_LENGTH": 95.684342247148379, "DIST_TO_SENSOR": 287.82560570445088, "NEAREST_SITE_ID": 500.0, "SITE_TOTAL_LENGTH": 28677.983496930894, "LENGTH_PROPORTION": 0.003336508728285881 }, "geometry": { "type": "LineString", "coordinates": [ [ 359555.204788993753027, 173095.096132787584793 ], [ 359551.665341109212022, 172999.477276593097486 ] ] } },
{ "type": "Feature", "properties": { "JOURNEY_LINK_ID": 101, "SEGMENT_ID": 8, "SEGMENT_LENGTH": 21.198515130885298, "DIST_TO_SENSOR": 285.90539408595123, "NEAREST_SITE_ID": 500.0, "SITE_TOTAL_LENGTH": 28677.983496930894, "LENGTH_PROPORTION": 0.00073919127309470532 }, "geometry": { "type": "LineString", "coordinates": [ [ 359539.065080005908385, 173075.205931992211845 ], [ 359536.3565338239423, 173084.124905820121057 ], [ 359532.276117316505406, 173095.279339598375373 ] ] } },
{ "type": "Feature", "properties": { "JOURNEY_LINK_ID": 101, "SEGMENT_ID": 9, "SEGMENT_LENGTH": 15.348873696175508, "DIST_TO_SENSOR": 276.7324370332924, "NEAREST_SITE_ID": 500.0, "SITE_TOTAL_LENGTH": 28677.983496930894, "LENGTH_PROPORTION": 0.0005352145382822379 }, "geometry": { "type": "LineString", "coordinates": [ [ 359532.276117316505406, 173095.279339598375373 ], [ 359519.840354256215505, 173104.275990133406594 ] ] } },
{ "type": "Feature", "properties": { "JOURNEY_LINK_ID": 101, "SEGMENT_ID": 10, "SEGMENT_LENGTH": 17.344995460415735, "DIST_TO_SENSOR": 261.27279255574092, "NEAREST_SITE_ID": 500.0, "SITE_TOTAL_LENGTH": 28677.983496930894, "LENGTH_PROPORTION": 0.00060481921479144411 }, "geometry": { "type": "LineString", "coordinates": [ [ 359519.840354256215505, 173104.275990133406594 ], [ 359512.321386191935744, 173119.906536725582555 ] ] } },
{ "type": "Feature", "properties": { "JOURNEY_LINK_ID": 101, "SEGMENT_ID": 11, "SEGMENT_LENGTH": 16.739867645683528, "DIST_TO_SENSOR": 244.55900978209309, "NEAREST_SITE_ID": 500.0, "SITE_TOTAL_LENGTH": 28677.983496930894, "LENGTH_PROPORTION": 0.00058371843499648512 }, "geometry": { "type": "LineString", "coordinates": [ [ 359512.321386191935744, 173119.906536725582555 ], [ 359513.843749224906787, 173136.577037005743477 ] ] } },
{ "type": "Feature", "properties": { "JOURNEY_LINK_ID": 101, "SEGMENT_ID": 12, "SEGMENT_LENGTH": 3.6142446500096952, "DIST_TO_SENSOR": 241.19192235329959, "NEAREST_SITE_ID": 500.0, "SITE_TOTAL_LENGTH": 28677.983496930894, "LENGTH_PROPORTION": 0.00012602854905738022 }, "geometry": { "type": "LineString", "coordinates": [ [ 359513.843749224906787, 173136.577037005743477 ], [ 359515.259935442009009, 173139.902270980761386 ] ] } },
{ "type": "Feature", "properties": { "JOURNEY_LINK_ID": 101, "SEGMENT_ID": 13, "SEGMENT_LENGTH": 18.957389705613643, "DIST_TO_SENSOR": 222.32412192354161, "NEAREST_SITE_ID": 500.0, "SITE_TOTAL_LENGTH": 28677.983496930894, "LENGTH_PROPORTION": 0.00066104332989948386 }, "geometry": { "type": "LineString", "coordinates": [ [ 359515.259935442009009, 173139.902270980761386 ], [ 359514.020710954267997, 173158.819113928766456 ] ] } },
{ "type": "Feature", "properties": { "JOURNEY_LINK_ID": 101, "SEGMENT_ID": 14, "SEGMENT_LENGTH": 113.83865347667013, "DIST_TO_SENSOR": 121.94488084876659, "NEAREST_SITE_ID": 500.0, "SITE_TOTAL_LENGTH": 28677.983496930894, "LENGTH_PROPORTION": 0.0039695487476953568 }, "geometry": { "type": "LineString", "coordinates": [ [ 359514.020710954267997, 173158.819113928766456 ], [ 359511.338830305205192, 173171.074506830540486 ], [ 359478.750373124959879, 173266.982353381637949 ] ] } },
{ "type": "Feature", "properties": { "JOURNEY_LINK_ID": 101, "SEGMENT_ID": 15, "SEGMENT_LENGTH": 22.512642679633586, "DIST_TO_SENSOR": 102.87959279492409, "NEAREST_SITE_ID": 500.0, "SITE_TOTAL_LENGTH": 28677.983496930894, "LENGTH_PROPORTION": 0.00078501484185744368 }, "geometry": { "type": "LineString", "coordinates": [ [ 359478.750373124959879, 173266.982353381637949 ], [ 359475.453581981710158, 173289.252293852565344 ] ] } },
{ "type": "Feature", "properties": { "JOURNEY_LINK_ID": 101, "SEGMENT_ID": 16, "SEGMENT_LENGTH": 51.327842588382239, "DIST_TO_SENSOR": 58.410939412316388, "NEAREST_SITE_ID": 500.0, "SITE_TOTAL_LENGTH": 28677.983496930894, "LENGTH_PROPORTION": 0.0017897995719913613 }, "geometry": { "type": "LineString", "coordinates": [ [ 359475.453581981710158, 173289.252293852565344 ], [ 359480.029685398330912, 173340.375739572686143 ] ] } },
{ "type": "Feature", "properties": { "JOURNEY_LINK_ID": 101, "SEGMENT_ID": 17, "SEGMENT_LENGTH": 133.06912511349077, "DIST_TO_SENSOR": 21.043865887372338, "NEAREST_SITE_ID": 500.0, "SITE_TOTAL_LENGTH": 28677.983496930894, "LENGTH_PROPORTION": 0.0046401144323042019 }, "geometry": { "type": "LineString", "coordinates": [ [ 359480.029685398330912, 173340.375739572686143 ], [ 359535.8810776573373, 173461.156590874539688 ] ] } },
{ "type": "Feature", "properties": { "JOURNEY_LINK_ID": 101, "SEGMENT_ID": 18, "SEGMENT_LENGTH": 126.47108423054132, "DIST_TO_SENSOR": 81.349636616013029, "NEAREST_SITE_ID": 500.0, "SITE_TOTAL_LENGTH": 28677.983496930894, "LENGTH_PROPORTION": 0.0044100410422537629 }, "geometry": { "type": "LineString", "coordinates": [ [ 359535.8810776573373, 173461.156590874539688 ], [ 359528.067046384443529, 173526.837275687023066 ], [ 359519.987318096274976, 173559.154874696978368 ], [ 359516.031633495818824, 173585.878614778106567 ] ] } },
{ "type": "Feature", "properties": { "JOURNEY_LINK_ID": 101, "SEGMENT_ID": 19, "SEGMENT_LENGTH": 100.34139721856523, "DIST_TO_SENSOR": 204.96552927778862, "NEAREST_SITE_ID": 500.0, "SITE_TOTAL_LENGTH": 28677.983496930894, "LENGTH_PROPORTION": 0.0034989000265413964 }, "geometry": { "type": "LineString", "coordinates": [ [ 359516.031633495818824, 173585.878614778106567 ], [ 359538.360647664871067, 173597.934172365290578 ], [ 359569.105853757180739, 173619.932162443699781 ], [ 359599.842277661839034, 173640.818397244613152 ] ] } },
{ "type": "Feature", "properties": { "JOURNEY_LINK_ID": 101, "SEGMENT_ID": 20, "SEGMENT_LENGTH": 20.430399976105466, "DIST_TO_SENSOR": 271.22872218543239, "NEAREST_SITE_ID": 500.0, "SITE_TOTAL_LENGTH": 28677.983496930894, "LENGTH_PROPORTION": 0.00071240713205277906 }, "geometry": { "type": "LineString", "coordinates": [ [ 359599.842277661839034, 173640.818397244613152 ], [ 359620.096748376381584, 173643.493777452618815 ] ] } },
{ "type": "Feature", "properties": { "JOURNEY_LINK_ID": 148, "SEGMENT_ID": 4, "SEGMENT_LENGTH": 104.18813256733077, "DIST_TO_SENSOR": 219.69306471532005, "NEAREST_SITE_ID": 501.0, "SITE_TOTAL_LENGTH": 8896.6427394330349, "LENGTH_PROPORTION": 0.011710949356832381 }, "geometry": { "type": "LineString", "coordinates": [ [ 358320.526664469158277, 173103.989901098248083 ], [ 358399.147558730328456, 173116.690048176038545 ], [ 358422.825253318995237, 173123.168842127081007 ] ] } },
{ "type": "Feature", "properties": { "JOURNEY_LINK_ID": 148, "SEGMENT_ID": 5, "SEGMENT_LENGTH": 20.652946016222803, "DIST_TO_SENSOR": 203.62619591199271, "NEAREST_SITE_ID": 501.0, "SITE_TOTAL_LENGTH": 8896.6427394330349, "LENGTH_PROPORTION": 0.0023214314231908757 }, "geometry": { "type": "LineString", "coordinates": [ [ 358422.825253318995237, 173123.168842127081007 ], [ 358440.97215522028273, 173133.029578942048829 ] ] } },
{ "type": "Feature", "properties": { "JOURNEY_LINK_ID": 148, "SEGMENT_ID": 6, "SEGMENT_LENGTH": 83.658964524612628, "DIST_TO_SENSOR": 163.54246408885788, "NEAREST_SITE_ID": 501.0, "SITE_TOTAL_LENGTH": 8896.6427394330349, "LENGTH_PROPORTION": 0.0094034308193366931 }, "geometry": { "type": "LineString", "coordinates": [ [ 358440.97215522028273, 173133.029578942048829 ], [ 358447.965672090998851, 173138.533187484019436 ], [ 358485.026518092607148, 173167.145999320840929 ], [ 358506.710616729862522, 173184.763272778654937 ] ] } },
{ "type": "Feature", "properties": { "JOURNEY_LINK_ID": 148, "SEGMENT_ID": 7, "SEGMENT_LENGTH": 506.30644592469827, "DIST_TO_SENSOR": 7.9253530309321096, "NEAREST_SITE_ID": 672.0, "SITE_TOTAL_LENGTH": 6368.3416060518648, "LENGTH_PROPORTION": 0.079503656877255593 }, "geometry": { "type": "LineString", "coordinates": [ [ 358506.710616729862522, 173184.763272778654937 ], [ 358566.367032831942197, 173257.678745483688544 ], [ 358578.3235035847174, 173275.375873138662428 ], [ 358585.371070597553626, 173287.552324958902318 ], [ 358606.486384268326219, 173320.745054928935133 ], [ 358639.566346714564133, 173372.747346018906683 ], [ 358652.226191827678122, 173391.55101884866599 ], [ 358701.529465807194356, 173473.450026384845842 ], [ 358725.413628556707408, 173505.508472328539938 ], [ 358732.42451133026043, 173513.236566047417 ], [ 358808.766242867393885, 173588.243195040442515 ] ] } },
{ "type": "Feature", "properties": { "JOURNEY_LINK_ID": 148, "SEGMENT_ID": 8, "SEGMENT_LENGTH": 24.944224445769496, "DIST_TO_SENSOR": 105.7370306763091, "NEAREST_SITE_ID": 672.0, "SITE_TOTAL_LENGTH": 6368.3416060518648, "LENGTH_PROPORTION": 0.0039169105536149135 }, "geometry": { "type": "LineString", "coordinates": [ [ 358808.766242867393885, 173588.243195040442515 ], [ 358833.127137003990356, 173593.606139200739563 ] ] } },
{ "type": "Feature", "properties": { "JOURNEY_LINK_ID": 148, "SEGMENT_ID": 9, "SEGMENT_LENGTH": 7.7070644430487683, "DIST_TO_SENSOR": 128.33385626051455, "NEAREST_SITE_ID": 672.0, "SITE_TOTAL_LENGTH": 6368.3416060518648, "LENGTH_PROPORTION": 0.001210215299337069 }, "geometry": { "type": "LineString", "coordinates": [ [ 358833.127137003990356, 173593.606139200739563 ], [ 358840.101490726985503, 173596.885961219668388 ] ] } },
{ "type": "Feature", "properties": { "JOURNEY_LINK_ID": 148, "SEGMENT_ID": 10, "SEGMENT_LENGTH": 184.79298669481295, "DIST_TO_SENSOR": 135.9345256212886, "NEAREST_SITE_ID": 672.0, "SITE_TOTAL_LENGTH": 6368.3416060518648, "LENGTH_PROPORTION": 0.029017442550381297 }, "geometry": { "type": "LineString", "coordinates": [ [ 358840.101490726985503, 173596.885961219668388 ], [ 358855.376511672162451, 173595.649727413663641 ], [ 358859.544923530193046, 173595.615784300316591 ], [ 358886.630560407531448, 173594.283811741275713 ], [ 358913.71609612100292, 173592.951939263904933 ], [ 358935.234690669225529, 173590.553048752073664 ], [ 359023.349040407047141, 173575.381406041153241 ] ] } },
{ "type": "Feature", "properties": { "JOURNEY_LINK_ID": 148, "SEGMENT_ID": 15, "SEGMENT_LENGTH": 152.22680415693219, "DIST_TO_SENSOR": 270.60690399474186, "NEAREST_SITE_ID": 500.0, "SITE_TOTAL_LENGTH": 28677.983496930894, "LENGTH_PROPORTION": 0.0053081418424424246 }, "geometry": { "type": "LineString", "coordinates": [ [ 359156.496481041598599, 173544.27749892778229 ], [ 359242.671005029522348, 173546.920005598396529 ], [ 359308.680217338027433, 173547.50155198876746 ] ] } },
{ "type": "Feature", "properties": { "JOURNEY_LINK_ID": 148, "SEGMENT_ID": 16, "SEGMENT_LENGTH": 32.943477022341945, "DIST_TO_SENSOR": 241.02730025422741, "NEAREST_SITE_ID": 500.0, "SITE_TOTAL_LENGTH": 28677.983496930894, "LENGTH_PROPORTION": 0.001148737568172028 }, "geometry": { "type": "LineString", "coordinates": [ [ 359308.680217338027433, 173547.50155198876746 ], [ 359318.388671257533133, 173545.199302062799688 ], [ 359340.722152250760701, 173539.847415412543342 ] ] } },
{ "type": "Feature", "properties": { "JOURNEY_LINK_ID": 154, "SEGMENT_ID": 7, "SEGMENT_LENGTH": 50.580002117892363, "DIST_TO_SENSOR": 284.20940994510494, "NEAREST_SITE_ID": 672.0, "SITE_TOTAL_LENGTH": 6368.3416060518648, "LENGTH_PROPORTION": 0.0079424134644137095 }, "geometry": { "type": "LineString", "coordinates": [ [ 359037.435495921818074, 173512.985749404295348 ], [ 359009.98732033604756, 173555.470267422730103 ] ] } },
{ "type": "Feature", "properties": { "JOURNEY_LINK_ID": 154, "SEGMENT_ID": 8, "SEGMENT_LENGTH": 48.98508807034203, "DIST_TO_SENSOR": 242.98912991154648, "NEAREST_SITE_ID": 672.0, "SITE_TOTAL_LENGTH": 6368.3416060518648, "LENGTH_PROPORTION": 0.0076919692913130274 }, "geometry": { "type": "LineString", "coordinates": [ [ 359009.98732033604756, 173555.470267422730103 ], [ 358964.816501804685686, 173574.421151477727108 ] ] } },
{ "type": "Feature", "properties": { "JOURNEY_LINK_ID": 154, "SEGMENT_ID": 9, "SEGMENT_LENGTH": 80.669490545709962, "DIST_TO_SENSOR": 175.16203750248161, "NEAREST_SITE_ID": 672.0, "SITE_TOTAL_LENGTH": 6368.3416060518648, "LENGTH_PROPORTION": 0.012667268110908084 }, "geometry": { "type": "LineString", "coordinates": [ [ 358964.816501804685686, 173574.421151477727108 ], [ 358886.630560407531448, 173594.283811741275713 ] ] } },
{ "type": "Feature", "properties": { "JOURNEY_LINK_ID": 154, "SEGMENT_ID": 10, "SEGMENT_LENGTH": 53.507714920100874, "DIST_TO_SENSOR": 128.33385626051455, "NEAREST_SITE_ID": 672.0, "SITE_TOTAL_LENGTH": 6368.3416060518648, "LENGTH_PROPORTION": 0.0084021426974413942 }, "geometry": { "type": "LineString", "coordinates": [ [ 358886.630560407531448, 173594.283811741275713 ], [ 358833.127137003990356, 173593.606139200739563 ] ] } },
{ "type": "Feature", "properties": { "JOURNEY_LINK_ID": 154, "SEGMENT_ID": 11, "SEGMENT_LENGTH": 24.944224445769496, "DIST_TO_SENSOR": 105.7370306763091, "NEAREST_SITE_ID": 672.0, "SITE_TOTAL_LENGTH": 6368.3416060518648, "LENGTH_PROPORTION": 0.0039169105536149135 }, "geometry": { "type": "LineString", "coordinates": [ [ 358833.127137003990356, 173593.606139200739563 ], [ 358808.766242867393885, 173588.243195040442515 ] ] } },
{ "type": "Feature", "properties": { "JOURNEY_LINK_ID": 154, "SEGMENT_ID": 12, "SEGMENT_LENGTH": 390.7187247058946, "DIST_TO_SENSOR": 7.9253530309321079, "NEAREST_SITE_ID": 672.0, "SITE_TOTAL_LENGTH": 6368.3416060518648, "LENGTH_PROPORTION": 0.061353292407334552 }, "geometry": { "type": "LineString", "coordinates": [ [ 358808.766242867393885, 173588.243195040442515 ], [ 358732.42451133026043, 173513.236566047417 ], [ 358725.413628556707408, 173505.508472328539938 ], [ 358701.529465807194356, 173473.450026384845842 ], [ 358652.226191827678122, 173391.55101884866599 ], [ 358578.3235035847174, 173275.375873138662428 ] ] } },
{ "type": "Feature", "properties": { "JOURNEY_LINK_ID": 154, "SEGMENT_ID": 13, "SEGMENT_LENGTH": 31.89693176413871, "DIST_TO_SENSOR": 195.36684609212952, "NEAREST_SITE_ID": 501.0, "SITE_TOTAL_LENGTH": 8896.6427394330349, "LENGTH_PROPORTION": 0.0035852773566775187 }, "geometry": { "type": "LineString", "coordinates": [ [ 358578.3235035847174, 173275.375873138662428 ], [ 358562.452399928297382, 173288.851839938317426 ], [ 358554.580647480557673, 173296.644313574710395 ] ] } },
{ "type": "Feature", "properties": { "JOURNEY_LINK_ID": 184, "SEGMENT_ID": 23, "SEGMENT_LENGTH": 34.828275339207046, "DIST_TO_SENSOR": 291.9916723913563, "NEAREST_SITE_ID": 203.0, "SITE_TOTAL_LENGTH": 4294.1901469009272, "LENGTH_PROPORTION": 0.0081105573222793256 }, "geometry": { "type": "LineString", "coordinates": [ [ 361205.828538138885051, 171867.692287611309439 ], [ 361172.394127728126477, 171857.937854588904884 ] ] } },
{ "type": "Feature", "properties": { "JOURNEY_LINK_ID": 184, "SEGMENT_ID": 24, "SEGMENT_LENGTH": 47.740268441572972, "DIST_TO_SENSOR": 270.62391120117201, "NEAREST_SITE_ID": 203.0, "SITE_TOTAL_LENGTH": 4294.1901469009272, "LENGTH_PROPORTION": 0.011117409059313927 }, "geometry": { "type": "LineString", "coordinates": [ [ 361172.394127728126477, 171857.937854588904884 ], [ 361131.890875408193097, 171832.666926976700779 ] ] } },
{ "type": "Feature", "properties": { "JOURNEY_LINK_ID": 184, "SEGMENT_ID": 25, "SEGMENT_LENGTH": 42.36475441545533, "DIST_TO_SENSOR": 248.82988314869925, "NEAREST_SITE_ID": 203.0, "SITE_TOTAL_LENGTH": 4294.1901469009272, "LENGTH_PROPORTION": 0.0098655981608149184 }, "geometry": { "type": "LineString", "coordinates": [ [ 361131.890875408193097, 171832.666926976700779 ], [ 361101.777752380003221, 171802.868063941830769 ] ] } },
{ "type": "Feature", "properties": { "JOURNEY_LINK_ID": 184, "SEGMENT_ID": 26, "SEGMENT_LENGTH": 24.867895212626728, "DIST_TO_SENSOR": 231.85985462255357, "NEAREST_SITE_ID": 203.0, "SITE_TOTAL_LENGTH": 4294.1901469009272, "LENGTH_PROPORTION": 0.005791055906216363 }, "geometry": { "type": "LineString", "coordinates": [ [ 361101.777752380003221, 171802.868063941830769 ], [ 361090.487987081694882, 171780.710595408279914 ] ] } },
{ "type": "Feature", "properties": { "JOURNEY_LINK_ID": 184, "SEGMENT_ID": 27, "SEGMENT_LENGTH": 41.044463645937803, "DIST_TO_SENSOR": 199.78925631008258, "NEAREST_SITE_ID": 203.0, "SITE_TOTAL_LENGTH": 4294.1901469009272, "LENGTH_PROPORTION": 0.0095581383780965479 }, "geometry": { "type": "LineString", "coordinates": [ [ 361090.487987081694882, 171780.710595408279914 ], [ 361081.146771619212814, 171740.743237606366165 ] ] } },
{ "type": "Feature", "properties": { "JOURNEY_LINK_ID": 184, "SEGMENT_ID": 28, "SEGMENT_LENGTH": 35.758369026414186, "DIST_TO_SENSOR": 167.71172638418366, "NEAREST_SITE_ID": 203.0, "SITE_TOTAL_LENGTH": 4294.1901469009272, "LENGTH_PROPORTION": 0.0083271508254520663 }, "geometry": { "type": "LineString", "coordinates": [ [ 361081.146771619212814, 171740.743237606366165 ], [ 361084.349229625950102, 171705.128560601733625 ] ] } },
{ "type": "Feature", "properties": { "JOURNEY_LINK_ID": 184, "SEGMENT_ID": 29, "SEGMENT_LENGTH": 106.45990859515018, "DIST_TO_SENSOR": 67.288632237727228, "NEAREST_SITE_ID": 203.0, "SITE_TOTAL_LENGTH": 4294.1901469009272, "LENGTH_PROPORTION": 0.024791614938612164 }, "geometry": { "type": "LineString", "coordinates": [ [ 361084.349229625950102, 171705.128560601733625 ], [ 361088.408478434546851, 171690.639005997974891 ], [ 361096.561028304393403, 171666.108264951093588 ], [ 361105.425622891576495, 171643.796752261871006 ], [ 361112.968486138503067, 171630.392687583749648 ], [ 361124.604808264470194, 171606.947692583955359 ] ] } },
{ "type": "Feature", "properties": { "JOURNEY_LINK_ID": 184, "SEGMENT_ID": 30, "SEGMENT_LENGTH": 92.184870595189182, "DIST_TO_SENSOR": 18.620355878018383, "NEAREST_SITE_ID": 203.0, "SITE_TOTAL_LENGTH": 4294.1901469009272, "LENGTH_PROPORTION": 0.021467347146170986 }, "geometry": { "type": "LineString", "coordinates": [ [ 361124.604808264470194, 171606.947692583955359 ], [ 361143.869243685971014, 171581.220013642974664 ], [ 361161.065834165725391, 171557.732538804470096 ], [ 361172.752857110812329, 171540.960210654884577 ], [ 361178.244571040733717, 171532.020646101504099 ] ] } },
{ "type": "Feature", "properties": { "JOURNEY_LINK_ID": 184, "SEGMENT_ID": 31, "SEGMENT_LENGTH": 85.375808662810968, "DIST_TO_SENSOR": 33.980234053831857, "NEAREST_SITE_ID": 203.0, "SITE_TOTAL_LENGTH": 4294.1901469009272, "LENGTH_PROPORTION": 0.019881701960595716 }, "geometry": { "type": "LineString", "coordinates": [ [ 361178.244571040733717, 171532.020646101504099 ], [ 361189.778138869209215, 171495.229866974288598 ], [ 361204.03208166512195, 171450.632827348657884 ] ] } },
{ "type": "Feature", "properties": { "JOURNEY_LINK_ID": 184, "SEGMENT_ID": 32, "SEGMENT_LENGTH": 16.16175424021958, "DIST_TO_SENSOR": 118.267720876764, "NEAREST_SITE_ID": 203.0, "SITE_TOTAL_LENGTH": 4294.1901469009272, "LENGTH_PROPORTION": 0.0037636326495423941 }, "geometry": { "type": "LineString", "coordinates": [ [ 361204.03208166512195, 171450.632827348657884 ], [ 361205.442966528062243, 171434.532774428720586 ] ] } },
{ "type": "Feature", "properties": { "JOURNEY_LINK_ID": 222, "SEGMENT_ID": 0, "SEGMENT_LENGTH": 7.3631870362587613, "DIST_TO_SENSOR": 231.90756018866077, "NEAREST_SITE_ID": 270.0, "SITE_TOTAL_LENGTH": 6483.7797947000972, "LENGTH_PROPORTION": 0.0011356318797682641 }, "geometry": { "type": "LineString", "coordinates": [ [ 360925.953775749949273, 169786.072648795205168 ], [ 360927.092309606436174, 169793.347280331479851 ] ] } },
{ "type": "Feature", "properties": { "JOURNEY_LINK_ID": 222, "SEGMENT_ID": 1, "SEGMENT_LENGTH": 175.64002536718598, "DIST_TO_SENSOR": 60.612523468731972, "NEAREST_SITE_ID": 270.0, "SITE_TOTAL_LENGTH": 6483.7797947000972, "LENGTH_PROPORTION": 0.027089141045591309 }, "geometry": { "type": "LineString", "coordinates": [ [ 360927.092309606436174, 169793.347280331479851 ], [ 360889.483925687381998, 169964.913675554969814 ] ] } },
{ "type": "Feature", "properties": { "JOURNEY_LINK_ID": 222, "SEGMENT_ID": 2, "SEGMENT_LENGTH": 230.31657879558398, "DIST_TO_SENSOR": 13.997838279163437, "NEAREST_SITE_ID": 270.0, "SITE_TOTAL_LENGTH": 6483.7797947000972, "LENGTH_PROPORTION": 0.035521961893870441 }, "geometry": { "type": "LineString", "coordinates": [ [ 360889.483925687381998, 169964.913675554969814 ], [ 360889.725061970297247, 169996.053344393556472 ], [ 360888.653396482055541, 170037.212840045220219 ], [ 360894.743275457818527, 170195.09796718461439 ] ] } },
{ "type": "Feature", "properties": { "JOURNEY_LINK_ID": 222, "SEGMENT_ID": 3, "SEGMENT_LENGTH": 366.8588610038629, "DIST_TO_SENSOR": 171.29707491627767, "NEAREST_SITE_ID": 270.0, "SITE_TOTAL_LENGTH": 6483.7797947000972, "LENGTH_PROPORTION": 0.056581017958650726 }, "geometry": { "type": "LineString", "coordinates": [ [ 360894.743275457818527, 170195.09796718461439 ], [ 360865.564811131218448, 170287.634268098045141 ], [ 360849.946095621504355, 170335.578791145817377 ], [ 360843.253148266929202, 170368.996147653844673 ], [ 360819.8970977353747, 170494.853983422799502 ], [ 360806.425683879060671, 170550.567666232876945 ] ] } },
{ "type": "Feature", "properties": { "JOURNEY_LINK_ID": 7, "SEGMENT_ID": 26, "SEGMENT_LENGTH": 87.861809898975778, "DIST_TO_SENSOR": 289.0669169958677, "NEAREST_SITE_ID": 500.0, "SITE_TOTAL_LENGTH": 28677.983496930894, "LENGTH_PROPORTION": 0.0030637373756902649 }, "geometry": { "type": "LineString", "coordinates": [ [ 359544.761380899930373, 173005.093277434410993 ], [ 359546.154635220766068, 173092.944039987283759 ] ] } },
{ "type": "Feature", "properties": { "JOURNEY_LINK_ID": 7, "SEGMENT_ID": 27, "SEGMENT_LENGTH": 208.91257055097958, "DIST_TO_SENSOR": 102.87959279492409, "NEAREST_SITE_ID": 500.0, "SITE_TOTAL_LENGTH": 28677.983496930894, "LENGTH_PROPORTION": 0.0072847719775463752 }, "geometry": { "type": "LineString", "coordinates": [ [ 359546.154635220766068, 173092.944039987283759 ], [ 359538.741650783165824, 173121.919848263787571 ], [ 359529.262083664012607, 173153.136510401440319 ], [ 359508.834009871061426, 173205.572077701450326 ], [ 359491.105949395161588, 173247.976538966817316 ], [ 359475.453581981710158, 173289.252293852565344 ] ] } },
{ "type": "Feature", "properties": { "JOURNEY_LINK_ID": 7, "SEGMENT_ID": 28, "SEGMENT_LENGTH": 51.327842588382239, "DIST_TO_SENSOR": 58.410939412316388, "NEAREST_SITE_ID": 500.0, "SITE_TOTAL_LENGTH": 28677.983496930894, "LENGTH_PROPORTION": 0.0017897995719913613 }, "geometry": { "type": "LineString", "coordinates": [ [ 359475.453581981710158, 173289.252293852565344 ], [ 359480.029685398330912, 173340.375739572686143 ] ] } },
{ "type": "Feature", "properties": { "JOURNEY_LINK_ID": 7, "SEGMENT_ID": 29, "SEGMENT_LENGTH": 133.06912511349077, "DIST_TO_SENSOR": 21.043865887372338, "NEAREST_SITE_ID": 500.0, "SITE_TOTAL_LENGTH": 28677.983496930894, "LENGTH_PROPORTION": 0.0046401144323042019 }, "geometry": { "type": "LineString", "coordinates": [ [ 359480.029685398330912, 173340.375739572686143 ], [ 359535.8810776573373, 173461.156590874539688 ] ] } },
{ "type": "Feature", "properties": { "JOURNEY_LINK_ID": 7, "SEGMENT_ID": 30, "SEGMENT_LENGTH": 126.47108423054132, "DIST_TO_SENSOR": 81.349636616013029, "NEAREST_SITE_ID": 500.0, "SITE_TOTAL_LENGTH": 28677.983496930894, "LENGTH_PROPORTION": 0.0044100410422537629 }, "geometry": { "type": "LineString", "coordinates": [ [ 359535.8810776573373, 173461.156590874539688 ], [ 359528.067046384443529, 173526.837275687023066 ], [ 359519.987318096274976, 173559.154874696978368 ], [ 359516.031633495818824, 173585.878614778106567 ] ] } },
{ "type": "Feature", "properties": { "JOURNEY_LINK_ID": 7, "SEGMENT_ID": 31, "SEGMENT_LENGTH": 100.34139721856523, "DIST_TO_SENSOR": 204.96552927778862, "NEAREST_SITE_ID": 500.0, "SITE_TOTAL_LENGTH": 28677.983496930894, "LENGTH_PROPORTION": 0.0034989000265413964 }, "geometry": { "type": "LineString", "coordinates": [ [ 359516.031633495818824, 173585.878614778106567 ], [ 359538.360647664871067, 173597.934172365290578 ], [ 359569.105853757180739, 173619.932162443699781 ], [ 359599.842277661839034, 173640.818397244613152 ] ] } },
{ "type": "Feature", "properties": { "JOURNEY_LINK_ID": 7, "SEGMENT_ID": 32, "SEGMENT_LENGTH": 19.989905544741742, "DIST_TO_SENSOR": 271.22872218543239, "NEAREST_SITE_ID": 500.0, "SITE_TOTAL_LENGTH": 28677.983496930894, "LENGTH_PROPORTION": 0.00069704711096165643 }, "geometry": { "type": "LineString", "coordinates": [ [ 359599.842277661839034, 173640.818397244613152 ], [ 359619.799125080520753, 173639.669238946051337 ] ] } },
{ "type": "Feature", "properties": { "JOURNEY_LINK_ID": 22, "SEGMENT_ID": 0, "SEGMENT_LENGTH": 30.162418249842609, "DIST_TO_SENSOR": 281.36167565688964, "NEAREST_SITE_ID": 500.0, "SITE_TOTAL_LENGTH": 28677.983496930894, "LENGTH_PROPORTION": 0.0010517621733435538 }, "geometry": { "type": "LineString", "coordinates": [ [ 359616.403794814657886, 173646.051534711732529 ], [ 359638.950496288540307, 173666.086946544935927 ] ] } },
{ "type": "Feature", "properties": { "JOURNEY_LINK_ID": 22, "SEGMENT_ID": 1, "SEGMENT_LENGTH": 61.279405512021249, "DIST_TO_SENSOR": 298.79769190401339, "NEAREST_SITE_ID": 452.0, "SITE_TOTAL_LENGTH": 1300.884939524643, "LENGTH_PROPORTION": 0.047105938158076753 }, "geometry": { "type": "LineString", "coordinates": [ [ 359638.950496288540307, 173666.086946544935927 ], [ 359691.310832871531602, 173697.923414515214972 ] ] } },
{ "type": "Feature", "properties": { "JOURNEY_LINK_ID": 24, "SEGMENT_ID": 0, "SEGMENT_LENGTH": 88.635188139900578, "DIST_TO_SENSOR": 286.42736182631126, "NEAREST_SITE_ID": 500.0, "SITE_TOTAL_LENGTH": 28677.983496930894, "LENGTH_PROPORTION": 0.0030907050403103232 }, "geometry": { "type": "LineString", "coordinates": [ [ 359615.704508445924148, 173651.666027974861208 ], [ 359638.950496288540307, 173666.086946544935927 ], [ 359691.310832871531602, 173697.923414515214972 ] ] } },
{ "type": "Feature", "properties": { "JOURNEY_LINK_ID": 40, "SEGMENT_ID": 14, "SEGMENT_LENGTH": 21.198515130885298, "DIST_TO_SENSOR": 285.90539408595123, "NEAREST_SITE_ID": 500.0, "SITE_TOTAL_LENGTH": 28677.983496930894, "LENGTH_PROPORTION": 0.00073919127309470532 }, "geometry": { "type": "LineString", "coordinates": [ [ 359539.065080005908385, 173075.205931992211845 ], [ 359536.3565338239423, 173084.124905820121057 ], [ 359532.276117316505406, 173095.279339598375373 ] ] } },
{ "type": "Feature", "properties": { "JOURNEY_LINK_ID": 40, "SEGMENT_ID": 15, "SEGMENT_LENGTH": 15.348873696175508, "DIST_TO_SENSOR": 276.7324370332924, "NEAREST_SITE_ID": 500.0, "SITE_TOTAL_LENGTH": 28677.983496930894, "LENGTH_PROPORTION": 0.0005352145382822379 }, "geometry": { "type": "LineString", "coordinates": [ [ 359532.276117316505406, 173095.279339598375373 ], [ 359519.840354256215505, 173104.275990133406594 ] ] } },
{ "type": "Feature", "properties": { "JOURNEY_LINK_ID": 40, "SEGMENT_ID": 16, "SEGMENT_LENGTH": 17.344995460415735, "DIST_TO_SENSOR": 261.27279255574092, "NEAREST_SITE_ID": 500.0, "SITE_TOTAL_LENGTH": 28677.983496930894, "LENGTH_PROPORTION": 0.00060481921479144411 }, "geometry": { "type": "LineString", "coordinates": [ [ 359519.840354256215505, 173104.275990133406594 ], [ 359512.321386191935744, 173119.906536725582555 ] ] } },
{ "type": "Feature", "properties": { "JOURNEY_LINK_ID": 40, "SEGMENT_ID": 17, "SEGMENT_LENGTH": 16.739867645683528, "DIST_TO_SENSOR": 244.55900978209309, "NEAREST_SITE_ID": 500.0, "SITE_TOTAL_LENGTH": 28677.983496930894, "LENGTH_PROPORTION": 0.00058371843499648512 }, "geometry": { "type": "LineString", "coordinates": [ [ 359512.321386191935744, 173119.906536725582555 ], [ 359513.843749224906787, 173136.577037005743477 ] ] } },
{ "type": "Feature", "properties": { "JOURNEY_LINK_ID": 40, "SEGMENT_ID": 18, "SEGMENT_LENGTH": 3.6142446500096952, "DIST_TO_SENSOR": 241.19192235329959, "NEAREST_SITE_ID": 500.0, "SITE_TOTAL_LENGTH": 28677.983496930894, "LENGTH_PROPORTION": 0.00012602854905738022 }, "geometry": { "type": "LineString", "coordinates": [ [ 359513.843749224906787, 173136.577037005743477 ], [ 359515.259935442009009, 173139.902270980761386 ] ] } },
{ "type": "Feature", "properties": { "JOURNEY_LINK_ID": 40, "SEGMENT_ID": 19, "SEGMENT_LENGTH": 28.292893228151957, "DIST_TO_SENSOR": 226.35678983852384, "NEAREST_SITE_ID": 500.0, "SITE_TOTAL_LENGTH": 28677.983496930894, "LENGTH_PROPORTION": 0.0009865719195765578 }, "geometry": { "type": "LineString", "coordinates": [ [ 359515.259935442009009, 173139.902270980761386 ], [ 359539.006950002512895, 173155.283009151695296 ] ] } },
{ "type": "Feature", "properties": { "JOURNEY_LINK_ID": 40, "SEGMENT_ID": 20, "SEGMENT_LENGTH": 11.879970743517008, "DIST_TO_SENSOR": 226.18185931806667, "NEAREST_SITE_ID": 500.0, "SITE_TOTAL_LENGTH": 28677.983496930894, "LENGTH_PROPORTION": 0.0004142540477013803 }, "geometry": { "type": "LineString", "coordinates": [ [ 359539.006950002512895, 173155.283009151695296 ], [ 359548.048084719397593, 173156.322960367193446 ], [ 359550.827218999154866, 173156.300794989801943 ] ] } },
{ "type": "Feature", "properties": { "JOURNEY_LINK_ID": 40, "SEGMENT_ID": 21, "SEGMENT_LENGTH": 17.687064835877415, "DIST_TO_SENSOR": 226.54081594149926, "NEAREST_SITE_ID": 500.0, "SITE_TOTAL_LENGTH": 28677.983496930894, "LENGTH_PROPORTION": 0.00061674715859189597 }, "geometry": { "type": "LineString", "coordinates": [ [ 359550.827218999154866, 173156.300794989801943 ], [ 359566.04211916658096, 173147.281977140228264 ] ] } },
{ "type": "Feature", "properties": { "JOURNEY_LINK_ID": 40, "SEGMENT_ID": 22, "SEGMENT_LENGTH": 29.99566072605267, "DIST_TO_SENSOR": 237.83150016380105, "NEAREST_SITE_ID": 500.0, "SITE_TOTAL_LENGTH": 28677.983496930894, "LENGTH_PROPORTION": 0.0010459473459583652 }, "geometry": { "type": "LineString", "coordinates": [ [ 359566.04211916658096, 173147.281977140228264 ], [ 359575.074629937647842, 173147.209890091209672 ], [ 359595.936233176616952, 173149.267827453382779 ] ] } },
{ "type": "Feature", "properties": { "JOURNEY_LINK_ID": 40, "SEGMENT_ID": 23, "SEGMENT_LENGTH": 172.54838662829184, "DIST_TO_SENSOR": 243.24137470735164, "NEAREST_SITE_ID": 500.0, "SITE_TOTAL_LENGTH": 28677.983496930894, "LENGTH_PROPORTION": 0.0060167545129788461 }, "geometry": { "type": "LineString", "coordinates": [ [ 359595.936233176616952, 173149.267827453382779 ], [ 359655.812507710652426, 173164.36130586231593 ], [ 359673.226545621815603, 173169.783610851387493 ], [ 359726.875535936967935, 173188.263911754416768 ], [ 359751.255018522497267, 173195.855472237337381 ], [ 359761.008417449018452, 173199.114603330148384 ] ] } },
{ "type": "Feature", "properties": { "JOURNEY_LINK_ID": 72, "SEGMENT_ID": 0, "SEGMENT_LENGTH": 13.384969209904511, "DIST_TO_SENSOR": 258.36143913372024, "NEAREST_SITE_ID": 500.0, "SITE_TOTAL_LENGTH": 28677.983496930894, "LENGTH_PROPORTION": 0.00046673327681274958 }, "geometry": { "type": "LineString", "coordinates": [ [ 359636.937404524709564, 173615.02272560360143 ], [ 359623.980997090053279, 173618.382622497447301 ] ] } },
{ "type": "Feature", "properties": { "JOURNEY_LINK_ID": 72, "SEGMENT_ID": 1, "SEGMENT_LENGTH": 65.448949888483938, "DIST_TO_SENSOR": 206.64822311562179, "NEAREST_SITE_ID": 500.0, "SITE_TOTAL_LENGTH": 28677.983496930894, "LENGTH_PROPORTION": 0.0022822019510363501 }, "geometry": { "type": "LineString", "coordinates": [ [ 359623.980997090053279, 173618.382622497447301 ], [ 359569.499513946240768, 173582.115102097566705 ] ] } },
{ "type": "Feature", "properties": { "JOURNEY_LINK_ID": 72, "SEGMENT_ID": 2, "SEGMENT_LENGTH": 117.36360570337661, "DIST_TO_SENSOR": 165.36843072370132, "NEAREST_SITE_ID": 500.0, "SITE_TOTAL_LENGTH": 28677.983496930894, "LENGTH_PROPORTION": 0.0040924636739517201 }, "geometry": { "type": "LineString", "coordinates": [ [ 359569.499513946240768, 173582.115102097566705 ], [ 359548.577830184658524, 173572.272639295901172 ], [ 359519.987318096274976, 173559.154874696978368 ], [ 359493.516264392703306, 173550.469086798548233 ], [ 359462.128681378322653, 173535.149742414709181 ] ] } },
{ "type": "Feature", "properties": { "JOURNEY_LINK_ID": 72, "SEGMENT_ID": 3, "SEGMENT_LENGTH": 60.798711771698962, "DIST_TO_SENSOR": 165.36843072370132, "NEAREST_SITE_ID": 500.0, "SITE_TOTAL_LENGTH": 28677.983496930894, "LENGTH_PROPORTION": 0.0021200483561965092 }, "geometry": { "type": "LineString", "coordinates": [ [ 359462.128681378322653, 173535.149742414709181 ], [ 359402.960144744312856, 173521.165192880027462 ] ] } },
{ "type": "Feature", "properties": { "JOURNEY_LINK_ID": 72, "SEGMENT_ID": 4, "SEGMENT_LENGTH": 300.38823574645926, "DIST_TO_SENSOR": 183.89336158325631, "NEAREST_SITE_ID": 500.0, "SITE_TOTAL_LENGTH": 28677.983496930894, "LENGTH_PROPORTION": 0.010474524325554712 }, "geometry": { "type": "LineString", "coordinates": [ [ 359402.960144744312856, 173521.165192880027462 ], [ 359301.634647670318373, 173535.324298658873886 ], [ 359240.515369189786725, 173538.039943065028638 ], [ 359198.1272795292316, 173537.269019725848921 ], [ 359158.518063190102112, 173536.475934366870206 ], [ 359124.475686738267541, 173536.750567099545151 ], [ 359103.63345012877835, 173536.918681006529368 ] ] } },
{ "type": "Feature", "properties": { "JOURNEY_LINK_ID": 72, "SEGMENT_ID": 8, "SEGMENT_LENGTH": 28.354079098495284, "DIST_TO_SENSOR": 286.81309051182205, "NEAREST_SITE_ID": 672.0, "SITE_TOTAL_LENGTH": 6368.3416060518648, "LENGTH_PROPORTION": 0.0044523489555821361 }, "geometry": { "type": "LineString", "coordinates": [ [ 359037.435495921818074, 173512.985749404295348 ], [ 359014.64381010440411, 173529.852665516140405 ] ] } },
{ "type": "Feature", "properties": { "JOURNEY_LINK_ID": 72, "SEGMENT_ID": 9, "SEGMENT_LENGTH": 9.573169044114417, "DIST_TO_SENSOR": 283.86371147271711, "NEAREST_SITE_ID": 672.0, "SITE_TOTAL_LENGTH": 6368.3416060518648, "LENGTH_PROPORTION": 0.0015032436443134568 }, "geometry": { "type": "LineString", "coordinates": [ [ 359014.64381010440411, 173529.852665516140405 ], [ 359012.595428239263128, 173534.317905334115494 ], [ 359011.241963928157929, 173538.77755471796263 ] ] } },
{ "type": "Feature", "properties": { "JOURNEY_LINK_ID": 72, "SEGMENT_ID": 10, "SEGMENT_LENGTH": 42.123476948447966, "DIST_TO_SENSOR": 261.47909808518779, "NEAREST_SITE_ID": 672.0, "SITE_TOTAL_LENGTH": 6368.3416060518648, "LENGTH_PROPORTION": 0.0066145127812267217 }, "geometry": { "type": "LineString", "coordinates": [ [ 359011.241963928157929, 173538.77755471796263 ], [ 358984.407841479114722, 173571.247805450228043 ] ] } },
{ "type": "Feature", "properties": { "JOURNEY_LINK_ID": 72, "SEGMENT_ID": 11, "SEGMENT_LENGTH": 153.02730763362197, "DIST_TO_SENSOR": 128.33385626051455, "NEAREST_SITE_ID": 672.0, "SITE_TOTAL_LENGTH": 6368.3416060518648, "LENGTH_PROPORTION": 0.024029381132475588 }, "geometry": { "type": "LineString", "coordinates": [ [ 358984.407841479114722, 173571.247805450228043 ], [ 358897.674035068950616, 173585.296825047349557 ], [ 358856.711911654041614, 173588.965792170201894 ], [ 358833.127137003990356, 173593.606139200739563 ] ] } },
{ "type": "Feature", "properties": { "JOURNEY_LINK_ID": 72, "SEGMENT_ID": 12, "SEGMENT_LENGTH": 24.944224445769496, "DIST_TO_SENSOR": 105.7370306763091, "NEAREST_SITE_ID": 672.0, "SITE_TOTAL_LENGTH": 6368.3416060518648, "LENGTH_PROPORTION": 0.0039169105536149135 }, "geometry": { "type": "LineString", "coordinates": [ [ 358833.127137003990356, 173593.606139200739563 ], [ 358808.766242867393885, 173588.243195040442515 ] ] } },
{ "type": "Feature", "properties": { "JOURNEY_LINK_ID": 72, "SEGMENT_ID": 13, "SEGMENT_LENGTH": 506.28644768088554, "DIST_TO_SENSOR": 7.9253530309321079, "NEAREST_SITE_ID": 672.0, "SITE_TOTAL_LENGTH": 6368.3416060518648, "LENGTH_PROPORTION": 0.079500516617977773 }, "geometry": { "type": "LineString", "coordinates": [ [ 358808.766242867393885, 173588.243195040442515 ], [ 358732.42451133026043, 173513.236566047417 ], [ 358725.413628556707408, 173505.508472328539938 ], [ 358701.529465807194356, 173473.450026384845842 ], [ 358652.226191827678122, 173391.55101884866599 ], [ 358578.3235035847174, 173275.375873138662428 ], [ 358566.367032831942197, 173257.678745483688544 ], [ 358506.710616729862522, 173184.763272778654937 ] ] } },
{ "type": "Feature", "properties": { "JOURNEY_LINK_ID": 72, "SEGMENT_ID": 14, "SEGMENT_LENGTH": 74.759583354877122, "DIST_TO_SENSOR": 163.54246408885788, "NEAREST_SITE_ID": 501.0, "SITE_TOTAL_LENGTH": 8896.6427394330349, "LENGTH_PROPORTION": 0.0084031230144284066 }, "geometry": { "type": "LineString", "coordinates": [ [ 358506.710616729862522, 173184.763272778654937 ], [ 358485.026518092607148, 173167.145999320840929 ], [ 358447.965672090998851, 173138.533187484019436 ] ] } },
{ "type": "Feature", "properties": { "JOURNEY_LINK_ID": 72, "SEGMENT_ID": 15, "SEGMENT_LENGTH": 53.482061730295378, "DIST_TO_SENSOR": 198.07234381109532, "NEAREST_SITE_ID": 501.0, "SITE_TOTAL_LENGTH": 8896.6427394330349, "LENGTH_PROPORTION": 0.0060114880743995886 }, "geometry": { "type": "LineString", "coordinates": [ [ 358447.965672090998851, 173138.533187484019436 ], [ 358399.147558730328456, 173116.690048176038545 ] ] } },
{ "type": "Feature", "properties": { "JOURNEY_LINK_ID": 72, "SEGMENT_ID": 16, "SEGMENT_LENGTH": 79.640057447390205, "DIST_TO_SENSOR": 242.32675695679964, "NEAREST_SITE_ID": 501.0, "SITE_TOTAL_LENGTH": 8896.6427394330349, "LENGTH_PROPORTION": 0.0089516978235393892 }, "geometry": { "type": "LineString", "coordinates": [ [ 358399.147558730328456, 173116.690048176038545 ], [ 358320.526664469158277, 173103.989901098248083 ] ] } },
{ "type": "Feature", "properties": { "JOURNEY_LINK_ID": 74, "SEGMENT_ID": 0, "SEGMENT_LENGTH": 14.078526287705522, "DIST_TO_SENSOR": 258.36143913372024, "NEAREST_SITE_ID": 500.0, "SITE_TOTAL_LENGTH": 28677.983496930894, "LENGTH_PROPORTION": 0.00049091758105001345 }, "geometry": { "type": "LineString", "coordinates": [ [ 359633.239309745898936, 173628.98868440563092 ], [ 359623.980997090053279, 173618.382622497447301 ] ] } },
{ "type": "Feature", "properties": { "JOURNEY_LINK_ID": 74, "SEGMENT_ID": 1, "SEGMENT_LENGTH": 65.448949888483938, "DIST_TO_SENSOR": 206.64822311562179, "NEAREST_SITE_ID": 500.0, "SITE_TOTAL_LENGTH": 28677.983496930894, "LENGTH_PROPORTION": 0.0022822019510363501 }, "geometry": { "type": "LineString", "coordinates": [ [ 359623.980997090053279, 173618.382622497447301 ], [ 359569.499513946240768, 173582.115102097566705 ] ] } },
{ "type": "Feature", "properties": { "JOURNEY_LINK_ID": 74, "SEGMENT_ID": 2, "SEGMENT_LENGTH": 117.36360570337661, "DIST_TO_SENSOR": 165.36843072370132, "NEAREST_SITE_ID": 500.0, "SITE_TOTAL_LENGTH": 28677.983496930894, "LENGTH_PROPORTION": 0.0040924636739517201 }, "geometry": { "type": "LineString", "coordinates": [ [ 359569.499513946240768, 173582.115102097566705 ], [ 359548.577830184658524, 173572.272639295901172 ], [ 359519.987318096274976, 173559.154874696978368 ], [ 359493.516264392703306, 173550.469086798548233 ], [ 359462.128681378322653, 173535.149742414709181 ] ] } },
{ "type": "Feature", "properties": { "JOURNEY_LINK_ID": 74, "SEGMENT_ID": 3, "SEGMENT_LENGTH": 60.798711771698962, "DIST_TO_SENSOR": 165.36843072370132, "NEAREST_SITE_ID": 500.0, "SITE_TOTAL_LENGTH": 28677.983496930894, "LENGTH_PROPORTION": 0.0021200483561965092 }, "geometry": { "type": "LineString", "coordinates": [ [ 359462.128681378322653, 173535.149742414709181 ], [ 359402.960144744312856, 173521.165192880027462 ] ] } },
{ "type": "Feature", "properties": { "JOURNEY_LINK_ID": 74, "SEGMENT_ID": 4, "SEGMENT_LENGTH": 300.38823574645926, "DIST_TO_SENSOR": 183.89336158325631, "NEAREST_SITE_ID": 500.0, "SITE_TOTAL_LENGTH": 28677.983496930894, "LENGTH_PROPORTION": 0.010474524325554712 }, "geometry": { "type": "LineString", "coordinates": [ [ 359402.960144744312856, 173521.165192880027462 ], [ 359301.634647670318373, 173535.324298658873886 ], [ 359240.515369189786725, 173538.039943065028638 ], [ 359198.1272795292316, 173537.269019725848921 ], [ 359158.518063190102112, 173536.475934366870206 ], [ 359124.475686738267541, 173536.750567099545151 ], [ 359103.63345012877835, 173536.918681006529368 ] ] } },
{ "type": "Feature", "properties": { "JOURNEY_LINK_ID": 74, "SEGMENT_ID": 6, "SEGMENT_LENGTH": 74.877618379605195, "DIST_TO_SENSOR": 293.92851089490944, "NEAREST_SITE_ID": 672.0, "SITE_TOTAL_LENGTH": 6368.3416060518648, "LENGTH_PROPORTION": 0.011757789234869035 }, "geometry": { "type": "LineString", "coordinates": [ [ 359084.135877315886319, 173531.51530399301555 ], [ 359080.644199606846087, 173529.31917227426311 ], [ 359059.008515817113221, 173517.260013968392741 ], [ 359020.590906467987224, 173491.990520013030618 ] ] } },
{ "type": "Feature", "properties": { "JOURNEY_LINK_ID": 74, "SEGMENT_ID": 7, "SEGMENT_LENGTH": 98.010838783948216, "DIST_TO_SENSOR": 260.80365485727998, "NEAREST_SITE_ID": 672.0, "SITE_TOTAL_LENGTH": 6368.3416060518648, "LENGTH_PROPORTION": 0.015390323705438172 }, "geometry": { "type": "LineString", "coordinates": [ [ 359020.590906467987224, 173491.990520013030618 ], [ 358974.883588784257881, 173424.517922265978996 ], [ 358965.049128092476167, 173411.251403422793373 ] ] } },
{ "type": "Feature", "properties": { "JOURNEY_LINK_ID": 74, "SEGMENT_ID": 8, "SEGMENT_LENGTH": 306.55240381132495, "DIST_TO_SENSOR": 165.11124151169733, "NEAREST_SITE_ID": 501.0, "SITE_TOTAL_LENGTH": 8896.6427394330349, "LENGTH_PROPORTION": 0.034457088228639035 }, "geometry": { "type": "LineString", "coordinates": [ [ 358965.049128092476167, 173411.251403422793373 ], [ 358871.93487996654585, 173324.144214565167204 ], [ 358856.559867339732591, 173313.14739309734432 ], [ 358802.782707620761357, 173279.106774915242568 ], [ 358758.839991867542267, 173258.332877252832986 ], [ 358733.728527742379811, 173246.303471012623049 ], [ 358716.277536142501049, 173236.435854740440845 ] ] } },
{ "type": "Feature", "properties": { "JOURNEY_LINK_ID": 74, "SEGMENT_ID": 9, "SEGMENT_LENGTH": 50.965629901616566, "DIST_TO_SENSOR": 114.68363334166477, "NEAREST_SITE_ID": 501.0, "SITE_TOTAL_LENGTH": 8896.6427394330349, "LENGTH_PROPORTION": 0.0057286362276546248 }, "geometry": { "type": "LineString", "coordinates": [ [ 358716.277536142501049, 173236.435854740440845 ], [ 358687.447500559152104, 173194.408191475260537 ] ] } },
{ "type": "Feature", "properties": { "JOURNEY_LINK_ID": 74, "SEGMENT_ID": 10, "SEGMENT_LENGTH": 37.636497637872495, "DIST_TO_SENSOR": 78.102599515022021, "NEAREST_SITE_ID": 501.0, "SITE_TOTAL_LENGTH": 8896.6427394330349, "LENGTH_PROPORTION": 0.0042304157579638848 }, "geometry": { "type": "LineString", "coordinates": [ [ 358687.447500559152104, 173194.408191475260537 ], [ 358683.13404917268781, 173176.648376460128929 ], [ 358678.811496357666329, 173157.776720203051809 ] ] } },
{ "type": "Feature", "properties": { "JOURNEY_LINK_ID": 74, "SEGMENT_ID": 11, "SEGMENT_LENGTH": 73.834675505676231, "DIST_TO_SENSOR": 11.88648259353355, "NEAREST_SITE_ID": 501.0, "SITE_TOTAL_LENGTH": 8896.6427394330349, "LENGTH_PROPORTION": 0.0082991615678142394 }, "geometry": { "type": "LineString", "coordinates": [ [ 358678.811496357666329, 173157.776720203051809 ], [ 358651.847781602584291, 173089.041595313115977 ] ] } },
{ "type": "Feature", "properties": { "JOURNEY_LINK_ID": 74, "SEGMENT_ID": 12, "SEGMENT_LENGTH": 144.34226688432713, "DIST_TO_SENSOR": 10.597904693433515, "NEAREST_SITE_ID": 501.0, "SITE_TOTAL_LENGTH": 8896.6427394330349, "LENGTH_PROPORTION": 0.016224352389081747 }, "geometry": { "type": "LineString", "coordinates": [ [ 358651.847781602584291, 173089.041595313115977 ], [ 358613.116778706782497, 173025.9635935802944 ], [ 358602.531370288226753, 173006.03089951799484 ], [ 358579.952455348684452, 172963.952605727128685 ] ] } },
{ "type": "Feature", "properties": { "JOURNEY_LINK_ID": 74, "SEGMENT_ID": 13, "SEGMENT_LENGTH": 190.68395066265902, "DIST_TO_SENSOR": 139.61967347631352, "NEAREST_SITE_ID": 501.0, "SITE_TOTAL_LENGTH": 8896.6427394330349, "LENGTH_PROPORTION": 0.021433248051816331 }, "geometry": { "type": "LineString", "coordinates": [ [ 358579.952455348684452, 172963.952605727128685 ], [ 358564.780428980477154, 172892.89735141658457 ], [ 358558.26369944732869, 172860.697462050127797 ], [ 358554.571617677866016, 172834.035320173366927 ], [ 358548.12741468870081, 172810.732259273412637 ], [ 358540.906598025525454, 172777.426015879202168 ] ] } },
{ "type": "Feature", "properties": { "JOURNEY_LINK_ID": 100, "SEGMENT_ID": 2, "SEGMENT_LENGTH": 215.47008412645329, "DIST_TO_SENSOR": 248.97158251326078, "NEAREST_SITE_ID": 501.0, "SITE_TOTAL_LENGTH": 8896.6427394330349, "LENGTH_PROPORTION": 0.024219257807376535 }, "geometry": { "type": "LineString", "coordinates": [ [ 358979.894574090547394, 172926.221623329794966 ], [ 358945.090040578448679, 172918.718220954819117 ], [ 358925.589735665067565, 172913.315427536726929 ], [ 358911.657216366555076, 172908.979657506686635 ], [ 358872.647417681117076, 172897.062228112190496 ], [ 358853.146929965994786, 172891.659632917377166 ], [ 358805.816873224859592, 172882.034556105034426 ], [ 358770.344011720560957, 172877.874359145935159 ] ] } },
{ "type": "Feature", "properties": { "JOURNEY_LINK_ID": 100, "SEGMENT_ID": 3, "SEGMENT_LENGTH": 93.138196505767667, "DIST_TO_SENSOR": 212.43495185329033, "NEAREST_SITE_ID": 501.0, "SITE_TOTAL_LENGTH": 8896.6427394330349, "LENGTH_PROPORTION": 0.0104689149866552 }, "geometry": { "type": "LineString", "coordinates": [ [ 358770.344011720560957, 172877.874359145935159 ], [ 358677.253586420614738, 172880.857036772184074 ] ] } },
{ "type": "Feature", "properties": { "JOURNEY_LINK_ID": 100, "SEGMENT_ID": 4, "SEGMENT_LENGTH": 92.709655035403728, "DIST_TO_SENSOR": 200.41325266939859, "NEAREST_SITE_ID": 501.0, "SITE_TOTAL_LENGTH": 8896.6427394330349, "LENGTH_PROPORTION": 0.010420746089362685 }, "geometry": { "type": "LineString", "coordinates": [ [ 358677.253586420614738, 172880.857036772184074 ], [ 358630.762741143174935, 172889.021622122090776 ], [ 358604.386122474796139, 172892.573647735698614 ], [ 358585.643693520803936, 172894.951147574407514 ] ] } },
{ "type": "Feature", "properties": { "JOURNEY_LINK_ID": 100, "SEGMENT_ID": 5, "SEGMENT_LENGTH": 20.964109471607543, "DIST_TO_SENSOR": 202.48126552004965, "NEAREST_SITE_ID": 501.0, "SITE_TOTAL_LENGTH": 8896.6427394330349, "LENGTH_PROPORTION": 0.0023564068026118742 }, "geometry": { "type": "LineString", "coordinates": [ [ 358585.643693520803936, 172894.951147574407514 ], [ 358564.780428980477154, 172892.89735141658457 ] ] } },
{ "type": "Feature", "properties": { "JOURNEY_LINK_ID": 100, "SEGMENT_ID": 6, "SEGMENT_LENGTH": 118.02695134907822, "DIST_TO_SENSOR": 210.96785997624946, "NEAREST_SITE_ID": 501.0, "SITE_TOTAL_LENGTH": 8896.6427394330349, "LENGTH_PROPORTION": 0.013266459585472783 }, "geometry": { "type": "LineString", "coordinates": [ [ 358564.780428980477154, 172892.89735141658457 ], [ 358558.26369944732869, 172860.697462050127797 ], [ 358554.571617677866016, 172834.035320173366927 ], [ 358548.12741468870081, 172810.732259273412637 ], [ 358540.906598025525454, 172777.426015879202168 ] ] } },
{ "type": "Feature", "properties": { "JOURNEY_LINK_ID": 116, "SEGMENT_ID": 13, "SEGMENT_LENGTH": 21.198515130885298, "DIST_TO_SENSOR": 285.90539408595123, "NEAREST_SITE_ID": 500.0, "SITE_TOTAL_LENGTH": 28677.983496930894, "LENGTH_PROPORTION": 0.00073919127309470532 }, "geometry": { "type": "LineString", "coordinates": [ [ 359539.065080005908385, 173075.205931992211845 ], [ 359536.3565338239423, 173084.124905820121057 ], [ 359532.276117316505406, 173095.279339598375373 ] ] } },
{ "type": "Feature", "properties": { "JOURNEY_LINK_ID": 116, "SEGMENT_ID": 14, "SEGMENT_LENGTH": 15.348873696175508, "DIST_TO_SENSOR": 276.7324370332924, "NEAREST_SITE_ID": 500.0, "SITE_TOTAL_LENGTH": 28677.983496930894, "LENGTH_PROPORTION": 0.0005352145382822379 }, "geometry": { "type": "LineString", "coordinates": [ [ 359532.276117316505406, 173095.279339598375373 ], [ 359519.840354256215505, 173104.275990133406594 ] ] } },
{ "type": "Feature", "properties": { "JOURNEY_LINK_ID": 116, "SEGMENT_ID": 15, "SEGMENT_LENGTH": 17.344995460415735, "DIST_TO_SENSOR": 261.27279255574092, "NEAREST_SITE_ID": 500.0, "SITE_TOTAL_LENGTH": 28677.983496930894, "LENGTH_PROPORTION": 0.00060481921479144411 }, "geometry": { "type": "LineString", "coordinates": [ [ 359519.840354256215505, 173104.275990133406594 ], [ 359512.321386191935744, 173119.906536725582555 ] ] } },
{ "type": "Feature", "properties": { "JOURNEY_LINK_ID": 116, "SEGMENT_ID": 16, "SEGMENT_LENGTH": 16.739867645683528, "DIST_TO_SENSOR": 244.55900978209309, "NEAREST_SITE_ID": 500.0, "SITE_TOTAL_LENGTH": 28677.983496930894, "LENGTH_PROPORTION": 0.00058371843499648512 }, "geometry": { "type": "LineString", "coordinates": [ [ 359512.321386191935744, 173119.906536725582555 ], [ 359513.843749224906787, 173136.577037005743477 ] ] } },
{ "type": "Feature", "properties": { "JOURNEY_LINK_ID": 116, "SEGMENT_ID": 17, "SEGMENT_LENGTH": 3.6142446500096952, "DIST_TO_SENSOR": 241.19192235329959, "NEAREST_SITE_ID": 500.0, "SITE_TOTAL_LENGTH": 28677.983496930894, "LENGTH_PROPORTION": 0.00012602854905738022 }, "geometry": { "type": "LineString", "coordinates": [ [ 359513.843749224906787, 173136.577037005743477 ], [ 359515.259935442009009, 173139.902270980761386 ] ] } },
{ "type": "Feature", "properties": { "JOURNEY_LINK_ID": 116, "SEGMENT_ID": 18, "SEGMENT_LENGTH": 28.292893228151957, "DIST_TO_SENSOR": 226.35678983852384, "NEAREST_SITE_ID": 500.0, "SITE_TOTAL_LENGTH": 28677.983496930894, "LENGTH_PROPORTION": 0.0009865719195765578 }, "geometry": { "type": "LineString", "coordinates": [ [ 359515.259935442009009, 173139.902270980761386 ], [ 359539.006950002512895, 173155.283009151695296 ] ] } },
{ "type": "Feature", "properties": { "JOURNEY_LINK_ID": 116, "SEGMENT_ID": 19, "SEGMENT_LENGTH": 11.879970743517008, "DIST_TO_SENSOR": 226.18185931806667, "NEAREST_SITE_ID": 500.0, "SITE_TOTAL_LENGTH": 28677.983496930894, "LENGTH_PROPORTION": 0.0004142540477013803 }, "geometry": { "type": "LineString", "coordinates": [ [ 359539.006950002512895, 173155.283009151695296 ], [ 359548.048084719397593, 173156.322960367193446 ], [ 359550.827218999154866, 173156.300794989801943 ] ] } },
{ "type": "Feature", "properties": { "JOURNEY_LINK_ID": 116, "SEGMENT_ID": 20, "SEGMENT_LENGTH": 17.687064835877415, "DIST_TO_SENSOR": 226.54081594149926, "NEAREST_SITE_ID": 500.0, "SITE_TOTAL_LENGTH": 28677.983496930894, "LENGTH_PROPORTION": 0.00061674715859189597 }, "geometry": { "type": "LineString", "coordinates": [ [ 359550.827218999154866, 173156.300794989801943 ], [ 359566.04211916658096, 173147.281977140228264 ] ] } },
{ "type": "Feature", "properties": { "JOURNEY_LINK_ID": 116, "SEGMENT_ID": 21, "SEGMENT_LENGTH": 225.64697444765537, "DIST_TO_SENSOR": 237.83113530024329, "NEAREST_SITE_ID": 500.0, "SITE_TOTAL_LENGTH": 28677.983496930894, "LENGTH_PROPORTION": 0.0078682998918596907 }, "geometry": { "type": "LineString", "coordinates": [ [ 359566.04211916658096, 173147.281977140228264 ], [ 359655.812507710652426, 173164.36130586231593 ], [ 359673.226545621815603, 173169.783610851387493 ], [ 359726.875535936967935, 173188.263911754416768 ], [ 359751.255018522497267, 173195.855472237337381 ], [ 359761.008417449018452, 173199.114603330148384 ], [ 359782.051124852208886, 173209.502912798256148 ] ] } },
{ "type": "Feature", "properties": { "JOURNEY_LINK_ID": 157, "SEGMENT_ID": 5, "SEGMENT_LENGTH": 152.22680415693219, "DIST_TO_SENSOR": 270.60690399474186, "NEAREST_SITE_ID": 500.0, "SITE_TOTAL_LENGTH": 28677.983496930894, "LENGTH_PROPORTION": 0.0053081418424424246 }, "geometry": { "type": "LineString", "coordinates": [ [ 359156.496481041598599, 173544.27749892778229 ], [ 359242.671005029522348, 173546.920005598396529 ], [ 359308.680217338027433, 173547.50155198876746 ] ] } },
{ "type": "Feature", "properties": { "JOURNEY_LINK_ID": 157, "SEGMENT_ID": 6, "SEGMENT_LENGTH": 9.9776967396681382, "DIST_TO_SENSOR": 261.57022764485919, "NEAREST_SITE_ID": 500.0, "SITE_TOTAL_LENGTH": 28677.983496930894, "LENGTH_PROPORTION": 0.00034792183839341237 }, "geometry": { "type": "LineString", "coordinates": [ [ 359308.680217338027433, 173547.50155198876746 ], [ 359318.388671257533133, 173545.199302062799688 ] ] } },
{ "type": "Feature", "properties": { "JOURNEY_LINK_ID": 157, "SEGMENT_ID": 7, "SEGMENT_LENGTH": 21.172111261502906, "DIST_TO_SENSOR": 240.72520670556619, "NEAREST_SITE_ID": 500.0, "SITE_TOTAL_LENGTH": 28677.983496930894, "LENGTH_PROPORTION": 0.00073827057135201774 }, "geometry": { "type": "LineString", "coordinates": [ [ 359318.388671257533133, 173545.199302062799688 ], [ 359336.867754761478864, 173534.865775650017895 ] ] } },
{ "type": "Feature", "properties": { "JOURNEY_LINK_ID": 188, "SEGMENT_ID": 18, "SEGMENT_LENGTH": 797.29486690109388, "DIST_TO_SENSOR": 6.8426894359516721, "NEAREST_SITE_ID": 463.0, "SITE_TOTAL_LENGTH": 8909.9760563335276, "LENGTH_PROPORTION": 0.089483390511958597 }, "geometry": { "type": "LineString", "coordinates": [ [ 362606.447355473705102, 175381.756468331848737 ], [ 362711.090072049933951, 175444.382336604234297 ], [ 362728.542644129018299, 175456.488434508501086 ], [ 362741.100761720794253, 175464.181653346866369 ], [ 362776.667152570968028, 175483.940410147421062 ], [ 362798.302619148045778, 175498.240485611371696 ], [ 362812.257639211369678, 175507.035802869009785 ], [ 362875.063207052997313, 175547.727554101846181 ], [ 363026.51248114759801, 175648.94468184694415 ], [ 363042.558208625996485, 175658.837590042792726 ], [ 363061.38993201800622, 175669.822492337087169 ], [ 363127.623023712658323, 175704.931156190286856 ], [ 363147.835076895251404, 175714.79403404192999 ], [ 363212.66197248979006, 175747.689663793193176 ], [ 363265.649842439976055, 175776.222808385384269 ], [ 363289.373948830063455, 175791.621901971462648 ] ] } },
{ "type": "Feature", "properties": { "JOURNEY_LINK_ID": 193, "SEGMENT_ID": 5, "SEGMENT_LENGTH": 1607.1914964142741, "DIST_TO_SENSOR": 6.8426894359516721, "NEAREST_SITE_ID": 463.0, "SITE_TOTAL_LENGTH": 8909.9760563335276, "LENGTH_PROPORTION": 0.18038112406282228 }, "geometry": { "type": "LineString", "coordinates": [ [ 363289.373948830063455, 175791.621901971462648 ], [ 363265.649842439976055, 175776.222808385384269 ], [ 363239.147950629936531, 175760.844027988263406 ], [ 363212.66197248979006, 175747.689663793193176 ], [ 363147.835076895251404, 175714.79403404192999 ], [ 363127.623023712658323, 175704.931156190286856 ], [ 363061.38993201800622, 175669.822492337087169 ], [ 363042.558208625996485, 175658.837590042792726 ], [ 363026.51248114759801, 175648.94468184694415 ], [ 362875.063207052997313, 175547.727554101846181 ], [ 362812.257639211369678, 175507.035802869009785 ], [ 362798.302619148045778, 175498.240485611371696 ], [ 362776.667152570968028, 175483.940410147421062 ], [ 362741.100761720794253, 175464.181653346866369 ], [ 362728.542644129018299, 175456.488434508501086 ], [ 362711.090072049933951, 175444.382336604234297 ], [ 362639.220510590414051, 175399.310515985940583 ], [ 362594.599639935768209, 175376.28266782494029 ], [ 362537.477336645766627, 175353.34758250444429 ], [ 362509.6309177641524, 175344.655556712357793 ], [ 362488.73786761140218, 175337.024355437664781 ], [ 362467.142034394899383, 175328.286355952383019 ], [ 362401.67597993061645, 175304.302198184421286 ], [ 362354.324611418065615, 175287.969904817757197 ], [ 362316.721230046299752, 175274.902417016681284 ], [ 362270.750064748630393, 175257.448526900378056 ], [ 362131.32872702088207, 175189.529317784414161 ], [ 362052.512642935209442, 175145.629281853849534 ], [ 362031.592920582683291, 175134.663450107036624 ], [ 361933.955313942453358, 175082.008056665305048 ], [ 361910.959864580538124, 175072.170581252896227 ], [ 361889.361988848948386, 175063.434790446597617 ], [ 361867.078293199883774, 175055.816014186828397 ] ] } },
{ "type": "Feature", "properties": { "JOURNEY_LINK_ID": 227, "SEGMENT_ID": 0, "SEGMENT_LENGTH": 19.75197815059942, "DIST_TO_SENSOR": 118.267720876764, "NEAREST_SITE_ID": 203.0, "SITE_TOTAL_LENGTH": 4294.1901469009272, "LENGTH_PROPORTION": 0.0045996980745843822 }, "geometry": { "type": "LineString", "coordinates": [ [ 361202.348881435231306, 171430.952698338718619 ], [ 361204.03208166512195, 171450.632827348657884 ] ] } },
{ "type": "Feature", "properties": { "JOURNEY_LINK_ID": 227, "SEGMENT_ID": 1, "SEGMENT_LENGTH": 46.819556048719946, "DIST_TO_SENSOR": 71.743545240664432, "NEAREST_SITE_ID": 203.0, "SITE_TOTAL_LENGTH": 4294.1901469009272, "LENGTH_PROPORTION": 0.0109030002042432 }, "geometry": { "type": "LineString", "coordinates": [ [ 361204.03208166512195, 171450.632827348657884 ], [ 361189.778138869209215, 171495.229866974288598 ] ] } },
{ "type": "Feature", "properties": { "JOURNEY_LINK_ID": 227, "SEGMENT_ID": 2, "SEGMENT_LENGTH": 119.14717793033566, "DIST_TO_SENSOR": 30.275707115987458, "NEAREST_SITE_ID": 203.0, "SITE_TOTAL_LENGTH": 4294.1901469009272, "LENGTH_PROPORTION": 0.027746134627113089 }, "geometry": { "type": "LineString", "coordinates": [ [ 361189.778138869209215, 171495.229866974288598 ], [ 361164.352930641616695, 171533.238970340462402 ], [ 361141.65666002233047, 171564.55400992842624 ], [ 361119.620812515844591, 171591.415116162970662 ] ] } },
{ "type": "Feature", "properties": { "JOURNEY_LINK_ID": 227, "SEGMENT_ID": 3, "SEGMENT_LENGTH": 29.801262239023487, "DIST_TO_SENSOR": 63.671482320482063, "NEAREST_SITE_ID": 203.0, "SITE_TOTAL_LENGTH": 4294.1901469009272, "LENGTH_PROPORTION": 0.0069399028034496215 }, "geometry": { "type": "LineString", "coordinates": [ [ 361119.620812515844591, 171591.415116162970662 ], [ 361104.526449745055288, 171617.110941574559547 ] ] } },
{ "type": "Feature", "properties": { "JOURNEY_LINK_ID": 227, "SEGMENT_ID": 4, "SEGMENT_LENGTH": 74.347177055222375, "DIST_TO_SENSOR": 89.502463294056469, "NEAREST_SITE_ID": 203.0, "SITE_TOTAL_LENGTH": 4294.1901469009272, "LENGTH_PROPORTION": 0.017313433851753855 }, "geometry": { "type": "LineString", "coordinates": [ [ 361104.526449745055288, 171617.110941574559547 ], [ 361077.254663625441026, 171686.275617659441195 ] ] } },
{ "type": "Feature", "properties": { "JOURNEY_LINK_ID": 227, "SEGMENT_ID": 5, "SEGMENT_LENGTH": 59.352692262471706, "DIST_TO_SENSOR": 156.89438168584343, "NEAREST_SITE_ID": 203.0, "SITE_TOTAL_LENGTH": 4294.1901469009272, "LENGTH_PROPORTION": 0.013821626484170929 }, "geometry": { "type": "LineString", "coordinates": [ [ 361077.254663625441026, 171686.275617659441195 ], [ 361070.756183673918713, 171745.271480540861376 ] ] } },
{ "type": "Feature", "properties": { "JOURNEY_LINK_ID": 227, "SEGMENT_ID": 6, "SEGMENT_LENGTH": 44.609525715991474, "DIST_TO_SENSOR": 208.90069381286099, "NEAREST_SITE_ID": 203.0, "SITE_TOTAL_LENGTH": 4294.1901469009272, "LENGTH_PROPORTION": 0.01038834429541638 }, "geometry": { "type": "LineString", "coordinates": [ [ 361070.756183673918713, 171745.271480540861376 ], [ 361081.512982672138605, 171788.564679312927183 ] ] } },
{ "type": "Feature", "properties": { "JOURNEY_LINK_ID": 227, "SEGMENT_ID": 7, "SEGMENT_LENGTH": 48.349519013298959, "DIST_TO_SENSOR": 242.57943233195419, "NEAREST_SITE_ID": 203.0, "SITE_TOTAL_LENGTH": 4294.1901469009272, "LENGTH_PROPORTION": 0.01125928693404327 }, "geometry": { "type": "LineString", "coordinates": [ [ 361081.512982672138605, 171788.564679312927183 ], [ 361108.923126359994058, 171828.393814526090864 ] ] } },
{ "type": "Feature", "properties": { "JOURNEY_LINK_ID": 227, "SEGMENT_ID": 8, "SEGMENT_LENGTH": 72.86506460041042, "DIST_TO_SENSOR": 271.33397939334822, "NEAREST_SITE_ID": 203.0, "SITE_TOTAL_LENGTH": 4294.1901469009272, "LENGTH_PROPORTION": 0.016968290203217103 }, "geometry": { "type": "LineString", "coordinates": [ [ 361108.923126359994058, 171828.393814526090864 ], [ 361138.298664520552848, 171852.637397914193571 ], [ 361167.631346653273795, 171871.320497782318853 ] ] } },
{ "type": "Feature", "properties": { "JOURNEY_LINK_ID": 3, "SEGMENT_ID": 26, "SEGMENT_LENGTH": 87.861809898975778, "DIST_TO_SENSOR": 289.0669169958677, "NEAREST_SITE_ID": 500.0, "SITE_TOTAL_LENGTH": 28677.983496930894, "LENGTH_PROPORTION": 0.0030637373756902649 }, "geometry": { "type": "LineString", "coordinates": [ [ 359544.761380899930373, 173005.093277434410993 ], [ 359546.154635220766068, 173092.944039987283759 ] ] } },
{ "type": "Feature", "properties": { "JOURNEY_LINK_ID": 3, "SEGMENT_ID": 27, "SEGMENT_LENGTH": 208.91257055097958, "DIST_TO_SENSOR": 102.87959279492409, "NEAREST_SITE_ID": 500.0, "SITE_TOTAL_LENGTH": 28677.983496930894, "LENGTH_PROPORTION": 0.0072847719775463752 }, "geometry": { "type": "LineString", "coordinates": [ [ 359546.154635220766068, 173092.944039987283759 ], [ 359538.741650783165824, 173121.919848263787571 ], [ 359529.262083664012607, 173153.136510401440319 ], [ 359508.834009871061426, 173205.572077701450326 ], [ 359491.105949395161588, 173247.976538966817316 ], [ 359475.453581981710158, 173289.252293852565344 ] ] } },
{ "type": "Feature", "properties": { "JOURNEY_LINK_ID": 3, "SEGMENT_ID": 28, "SEGMENT_LENGTH": 51.327842588382239, "DIST_TO_SENSOR": 58.410939412316388, "NEAREST_SITE_ID": 500.0, "SITE_TOTAL_LENGTH": 28677.983496930894, "LENGTH_PROPORTION": 0.0017897995719913613 }, "geometry": { "type": "LineString", "coordinates": [ [ 359475.453581981710158, 173289.252293852565344 ], [ 359480.029685398330912, 173340.375739572686143 ] ] } },
{ "type": "Feature", "properties": { "JOURNEY_LINK_ID": 3, "SEGMENT_ID": 29, "SEGMENT_LENGTH": 133.06912511349077, "DIST_TO_SENSOR": 21.043865887372338, "NEAREST_SITE_ID": 500.0, "SITE_TOTAL_LENGTH": 28677.983496930894, "LENGTH_PROPORTION": 0.0046401144323042019 }, "geometry": { "type": "LineString", "coordinates": [ [ 359480.029685398330912, 173340.375739572686143 ], [ 359535.8810776573373, 173461.156590874539688 ] ] } },
{ "type": "Feature", "properties": { "JOURNEY_LINK_ID": 3, "SEGMENT_ID": 30, "SEGMENT_LENGTH": 99.456167525469226, "DIST_TO_SENSOR": 81.349636616013029, "NEAREST_SITE_ID": 500.0, "SITE_TOTAL_LENGTH": 28677.983496930894, "LENGTH_PROPORTION": 0.003468032106794154 }, "geometry": { "type": "LineString", "coordinates": [ [ 359535.8810776573373, 173461.156590874539688 ], [ 359528.067046384443529, 173526.837275687023066 ], [ 359519.987318096274976, 173559.154874696978368 ] ] } },
{ "type": "Feature", "properties": { "JOURNEY_LINK_ID": 3, "SEGMENT_ID": 31, "SEGMENT_LENGTH": 123.03891753141914, "DIST_TO_SENSOR": 170.07157547885711, "NEAREST_SITE_ID": 500.0, "SITE_TOTAL_LENGTH": 28677.983496930894, "LENGTH_PROPORTION": 0.0042903615431882343 }, "geometry": { "type": "LineString", "coordinates": [ [ 359519.987318096274976, 173559.154874696978368 ], [ 359402.960144744312856, 173521.165192880027462 ] ] } },
{ "type": "Feature", "properties": { "JOURNEY_LINK_ID": 3, "SEGMENT_ID": 32, "SEGMENT_LENGTH": 41.930445754164374, "DIST_TO_SENSOR": 183.89336158325631, "NEAREST_SITE_ID": 500.0, "SITE_TOTAL_LENGTH": 28677.983496930894, "LENGTH_PROPORTION": 0.0014621127653083332 }, "geometry": { "type": "LineString", "coordinates": [ [ 359402.960144744312856, 173521.165192880027462 ], [ 359361.43318664515391, 173526.968125946470536 ] ] } },
{ "type": "Feature", "properties": { "JOURNEY_LINK_ID": 3, "SEGMENT_ID": 33, "SEGMENT_LENGTH": 126.27277398841922, "DIST_TO_SENSOR": 216.99860677722029, "NEAREST_SITE_ID": 500.0, "SITE_TOTAL_LENGTH": 28677.983496930894, "LENGTH_PROPORTION": 0.0044031259729936335 }, "geometry": { "type": "LineString", "coordinates": [ [ 359361.43318664515391, 173526.968125946470536 ], [ 359235.31397591822315, 173520.742522654705681 ] ] } },
{ "type": "Feature", "properties": { "JOURNEY_LINK_ID": 10, "SEGMENT_ID": 0, "SEGMENT_LENGTH": 7.6886601231450431, "DIST_TO_SENSOR": 273.16203246200183, "NEAREST_SITE_ID": 500.0, "SITE_TOTAL_LENGTH": 28677.983496930894, "LENGTH_PROPORTION": 0.00026810323410528079 }, "geometry": { "type": "LineString", "coordinates": [ [ 359640.787151727825403, 173630.959123892651405 ], [ 359633.109715158876497, 173630.543838184967171 ] ] } },
{ "type": "Feature", "properties": { "JOURNEY_LINK_ID": 10, "SEGMENT_ID": 1, "SEGMENT_LENGTH": 15.206204673699448, "DIST_TO_SENSOR": 258.36143913372024, "NEAREST_SITE_ID": 500.0, "SITE_TOTAL_LENGTH": 28677.983496930894, "LENGTH_PROPORTION": 0.00053023967585889744 }, "geometry": { "type": "LineString", "coordinates": [ [ 359633.109715158876497, 173630.543838184967171 ], [ 359623.980997090053279, 173618.382622497447301 ] ] } },
{ "type": "Feature", "properties": { "JOURNEY_LINK_ID": 10, "SEGMENT_ID": 2, "SEGMENT_LENGTH": 65.448949888483938, "DIST_TO_SENSOR": 206.64822311562179, "NEAREST_SITE_ID": 500.0, "SITE_TOTAL_LENGTH": 28677.983496930894, "LENGTH_PROPORTION": 0.0022822019510363501 }, "geometry": { "type": "LineString", "coordinates": [ [ 359623.980997090053279, 173618.382622497447301 ], [ 359569.499513946240768, 173582.115102097566705 ] ] } },
{ "type": "Feature", "properties": { "JOURNEY_LINK_ID": 10, "SEGMENT_ID": 3, "SEGMENT_LENGTH": 23.121222403277557, "DIST_TO_SENSOR": 193.11034048062902, "NEAREST_SITE_ID": 500.0, "SITE_TOTAL_LENGTH": 28677.983496930894, "LENGTH_PROPORTION": 0.0008062359895615387 }, "geometry": { "type": "LineString", "coordinates": [ [ 359569.499513946240768, 173582.115102097566705 ], [ 359548.577830184658524, 173572.272639295901172 ] ] } },
{ "type": "Feature", "properties": { "JOURNEY_LINK_ID": 10, "SEGMENT_ID": 4, "SEGMENT_LENGTH": 29.455533050434877, "DIST_TO_SENSOR": 164.39105693814722, "NEAREST_SITE_ID": 500.0, "SITE_TOTAL_LENGTH": 28677.983496930894, "LENGTH_PROPORTION": 0.001027113118102854 }, "geometry": { "type": "LineString", "coordinates": [ [ 359548.577830184658524, 173572.272639295901172 ], [ 359538.630072498810478, 173544.547730922582559 ] ] } },
{ "type": "Feature", "properties": { "JOURNEY_LINK_ID": 10, "SEGMENT_ID": 5, "SEGMENT_LENGTH": 77.538796191910436, "DIST_TO_SENSOR": 90.86965001593407, "NEAREST_SITE_ID": 500.0, "SITE_TOTAL_LENGTH": 28677.983496930894, "LENGTH_PROPORTION": 0.0027037743501110742 }, "geometry": { "type": "LineString", "coordinates": [ [ 359538.630072498810478, 173544.547730922582559 ], [ 359549.134512676508166, 173467.723765576840378 ] ] } },
{ "type": "Feature", "properties": { "JOURNEY_LINK_ID": 10, "SEGMENT_ID": 6, "SEGMENT_LENGTH": 28.834577755226146, "DIST_TO_SENSOR": 62.050481840565155, "NEAREST_SITE_ID": 500.0, "SITE_TOTAL_LENGTH": 28677.983496930894, "LENGTH_PROPORTION": 0.0010054604347726195 }, "geometry": { "type": "LineString", "coordinates": [ [ 359549.134512676508166, 173467.723765576840378 ], [ 359541.270716800994705, 173439.982215714757331 ] ] } },
{ "type": "Feature", "properties": { "JOURNEY_LINK_ID": 10, "SEGMENT_ID": 7, "SEGMENT_LENGTH": 61.195789386023392, "DIST_TO_SENSOR": 10.117136423656262, "NEAREST_SITE_ID": 500.0, "SITE_TOTAL_LENGTH": 28677.983496930894, "LENGTH_PROPORTION": 0.0021338944348221881 }, "geometry": { "type": "LineString", "coordinates": [ [ 359541.270716800994705, 173439.982215714757331 ], [ 359535.615279874706175, 173427.793428912584204 ], [ 359529.273957234690897, 173416.722372463264037 ], [ 359513.046681348816492, 173385.711107570969034 ] ] } },
{ "type": "Feature", "properties": { "JOURNEY_LINK_ID": 10, "SEGMENT_ID": 8, "SEGMENT_LENGTH": 77.759075229200135, "DIST_TO_SENSOR": 9.9418010069143037, "NEAREST_SITE_ID": 500.0, "SITE_TOTAL_LENGTH": 28677.983496930894, "LENGTH_PROPORTION": 0.0027114554702746753 }, "geometry": { "type": "LineString", "coordinates": [ [ 359513.046681348816492, 173385.711107570969034 ], [ 359490.221034615533426, 173311.377645175438374 ] ] } },
{ "type": "Feature", "properties": { "JOURNEY_LINK_ID": 10, "SEGMENT_ID": 9, "SEGMENT_LENGTH": 32.333401502261431, "DIST_TO_SENSOR": 76.532182330208542, "NEAREST_SITE_ID": 500.0, "SITE_TOTAL_LENGTH": 28677.983496930894, "LENGTH_PROPORTION": 0.00112746426211319 }, "geometry": { "type": "LineString", "coordinates": [ [ 359490.221034615533426, 173311.377645175438374 ], [ 359490.176720284274779, 173305.817150189250242 ], [ 359492.048599232686684, 173279.109938850218896 ] ] } },
{ "type": "Feature", "properties": { "JOURNEY_LINK_ID": 10, "SEGMENT_ID": 10, "SEGMENT_LENGTH": 194.85944588775354, "DIST_TO_SENSOR": 106.20108741924608, "NEAREST_SITE_ID": 500.0, "SITE_TOTAL_LENGTH": 28677.983496930894, "LENGTH_PROPORTION": 0.0067947401500041771 }, "geometry": { "type": "LineString", "coordinates": [ [ 359492.048599232686684, 173279.109938850218896 ], [ 359516.503176428144798, 173208.847287401731592 ], [ 359539.006950002512895, 173155.283009151695296 ], [ 359548.486514887190424, 173124.066348519350868 ], [ 359555.204788993753027, 173095.096132787584793 ] ] } },
{ "type": "Feature", "properties": { "JOURNEY_LINK_ID": 10, "SEGMENT_ID": 11, "SEGMENT_LENGTH": 95.684342247148379, "DIST_TO_SENSOR": 287.82560570445088, "NEAREST_SITE_ID": 500.0, "SITE_TOTAL_LENGTH": 28677.983496930894, "LENGTH_PROPORTION": 0.003336508728285881 }, "geometry": { "type": "LineString", "coordinates": [ [ 359555.204788993753027, 173095.096132787584793 ], [ 359551.665341109212022, 172999.477276593097486 ] ] } },
{ "type": "Feature", "properties": { "JOURNEY_LINK_ID": 17, "SEGMENT_ID": 0, "SEGMENT_LENGTH": 7.5553636683019194, "DIST_TO_SENSOR": 273.16203246200183, "NEAREST_SITE_ID": 500.0, "SITE_TOTAL_LENGTH": 28677.983496930894, "LENGTH_PROPORTION": 0.0002634551926954868 }, "geometry": { "type": "LineString", "coordinates": [ [ 359632.707745316321962, 173638.088501226215158 ], [ 359633.109715158876497, 173630.543838184967171 ] ] } },
{ "type": "Feature", "properties": { "JOURNEY_LINK_ID": 17, "SEGMENT_ID": 1, "SEGMENT_LENGTH": 15.206204673699448, "DIST_TO_SENSOR": 258.36143913372024, "NEAREST_SITE_ID": 500.0, "SITE_TOTAL_LENGTH": 28677.983496930894, "LENGTH_PROPORTION": 0.00053023967585889744 }, "geometry": { "type": "LineString", "coordinates": [ [ 359633.109715158876497, 173630.543838184967171 ], [ 359623.980997090053279, 173618.382622497447301 ] ] } },
{ "type": "Feature", "properties": { "JOURNEY_LINK_ID": 17, "SEGMENT_ID": 2, "SEGMENT_LENGTH": 65.448949888483938, "DIST_TO_SENSOR": 206.64822311562179, "NEAREST_SITE_ID": 500.0, "SITE_TOTAL_LENGTH": 28677.983496930894, "LENGTH_PROPORTION": 0.0022822019510363501 }, "geometry": { "type": "LineString", "coordinates": [ [ 359623.980997090053279, 173618.382622497447301 ], [ 359569.499513946240768, 173582.115102097566705 ] ] } },
{ "type": "Feature", "properties": { "JOURNEY_LINK_ID": 17, "SEGMENT_ID": 3, "SEGMENT_LENGTH": 23.121222403277557, "DIST_TO_SENSOR": 193.11034048062902, "NEAREST_SITE_ID": 500.0, "SITE_TOTAL_LENGTH": 28677.983496930894, "LENGTH_PROPORTION": 0.0008062359895615387 }, "geometry": { "type": "LineString", "coordinates": [ [ 359569.499513946240768, 173582.115102097566705 ], [ 359548.577830184658524, 173572.272639295901172 ] ] } },
{ "type": "Feature", "properties": { "JOURNEY_LINK_ID": 17, "SEGMENT_ID": 4, "SEGMENT_LENGTH": 29.455533050434877, "DIST_TO_SENSOR": 164.39105693814722, "NEAREST_SITE_ID": 500.0, "SITE_TOTAL_LENGTH": 28677.983496930894, "LENGTH_PROPORTION": 0.001027113118102854 }, "geometry": { "type": "LineString", "coordinates": [ [ 359548.577830184658524, 173572.272639295901172 ], [ 359538.630072498810478, 173544.547730922582559 ] ] } },
{ "type": "Feature", "properties": { "JOURNEY_LINK_ID": 17, "SEGMENT_ID": 5, "SEGMENT_LENGTH": 77.538796191910436, "DIST_TO_SENSOR": 90.86965001593407, "NEAREST_SITE_ID": 500.0, "SITE_TOTAL_LENGTH": 28677.983496930894, "LENGTH_PROPORTION": 0.0027037743501110742 }, "geometry": { "type": "LineString", "coordinates": [ [ 359538.630072498810478, 173544.547730922582559 ], [ 359549.134512676508166, 173467.723765576840378 ] ] } },
{ "type": "Feature", "properties": { "JOURNEY_LINK_ID": 17, "SEGMENT_ID": 6, "SEGMENT_LENGTH": 28.834577755226146, "DIST_TO_SENSOR": 62.050481840565155, "NEAREST_SITE_ID": 500.0, "SITE_TOTAL_LENGTH": 28677.983496930894, "LENGTH_PROPORTION": 0.0010054604347726195 }, "geometry": { "type": "LineString", "coordinates": [ [ 359549.134512676508166, 173467.723765576840378 ], [ 359541.270716800994705, 173439.982215714757331 ] ] } },
{ "type": "Feature", "properties": { "JOURNEY_LINK_ID": 17, "SEGMENT_ID": 7, "SEGMENT_LENGTH": 61.195789386023392, "DIST_TO_SENSOR": 10.117136423656262, "NEAREST_SITE_ID": 500.0, "SITE_TOTAL_LENGTH": 28677.983496930894, "LENGTH_PROPORTION": 0.0021338944348221881 }, "geometry": { "type": "LineString", "coordinates": [ [ 359541.270716800994705, 173439.982215714757331 ], [ 359535.615279874706175, 173427.793428912584204 ], [ 359529.273957234690897, 173416.722372463264037 ], [ 359513.046681348816492, 173385.711107570969034 ] ] } },
{ "type": "Feature", "properties": { "JOURNEY_LINK_ID": 17, "SEGMENT_ID": 8, "SEGMENT_LENGTH": 77.759075229200135, "DIST_TO_SENSOR": 9.9418010069143037, "NEAREST_SITE_ID": 500.0, "SITE_TOTAL_LENGTH": 28677.983496930894, "LENGTH_PROPORTION": 0.0027114554702746753 }, "geometry": { "type": "LineString", "coordinates": [ [ 359513.046681348816492, 173385.711107570969034 ], [ 359490.221034615533426, 173311.377645175438374 ] ] } },
{ "type": "Feature", "properties": { "JOURNEY_LINK_ID": 17, "SEGMENT_ID": 9, "SEGMENT_LENGTH": 32.333401502261431, "DIST_TO_SENSOR": 76.532182330208542, "NEAREST_SITE_ID": 500.0, "SITE_TOTAL_LENGTH": 28677.983496930894, "LENGTH_PROPORTION": 0.00112746426211319 }, "geometry": { "type": "LineString", "coordinates": [ [ 359490.221034615533426, 173311.377645175438374 ], [ 359490.176720284274779, 173305.817150189250242 ], [ 359492.048599232686684, 173279.109938850218896 ] ] } },
{ "type": "Feature", "properties": { "JOURNEY_LINK_ID": 17, "SEGMENT_ID": 10, "SEGMENT_LENGTH": 194.85944588775354, "DIST_TO_SENSOR": 106.20108741924608, "NEAREST_SITE_ID": 500.0, "SITE_TOTAL_LENGTH": 28677.983496930894, "LENGTH_PROPORTION": 0.0067947401500041771 }, "geometry": { "type": "LineString", "coordinates": [ [ 359492.048599232686684, 173279.109938850218896 ], [ 359516.503176428144798, 173208.847287401731592 ], [ 359539.006950002512895, 173155.283009151695296 ], [ 359548.486514887190424, 173124.066348519350868 ], [ 359555.204788993753027, 173095.096132787584793 ] ] } },
{ "type": "Feature", "properties": { "JOURNEY_LINK_ID": 17, "SEGMENT_ID": 11, "SEGMENT_LENGTH": 95.684342247148379, "DIST_TO_SENSOR": 287.82560570445088, "NEAREST_SITE_ID": 500.0, "SITE_TOTAL_LENGTH": 28677.983496930894, "LENGTH_PROPORTION": 0.003336508728285881 }, "geometry": { "type": "LineString", "coordinates": [ [ 359555.204788993753027, 173095.096132787584793 ], [ 359551.665341109212022, 172999.477276593097486 ] ] } },
{ "type": "Feature", "properties": { "JOURNEY_LINK_ID": 20, "SEGMENT_ID": 0, "SEGMENT_LENGTH": 29.599384744190857, "DIST_TO_SENSOR": 282.07702480883296, "NEAREST_SITE_ID": 500.0, "SITE_TOTAL_LENGTH": 28677.983496930894, "LENGTH_PROPORTION": 0.0010321292202207513 }, "geometry": { "type": "LineString", "coordinates": [ [ 359616.525400309066754, 173646.767561266256962 ], [ 359638.950496288540307, 173666.086946544935927 ] ] } },
{ "type": "Feature", "properties": { "JOURNEY_LINK_ID": 20, "SEGMENT_ID": 1, "SEGMENT_LENGTH": 61.279405512021249, "DIST_TO_SENSOR": 298.79769190401339, "NEAREST_SITE_ID": 452.0, "SITE_TOTAL_LENGTH": 1300.884939524643, "LENGTH_PROPORTION": 0.047105938158076753 }, "geometry": { "type": "LineString", "coordinates": [ [ 359638.950496288540307, 173666.086946544935927 ], [ 359691.310832871531602, 173697.923414515214972 ] ] } },
{ "type": "Feature", "properties": { "JOURNEY_LINK_ID": 49, "SEGMENT_ID": 1, "SEGMENT_LENGTH": 58.544704390134441, "DIST_TO_SENSOR": 276.33637567384591, "NEAREST_SITE_ID": 500.0, "SITE_TOTAL_LENGTH": 28677.983496930894, "LENGTH_PROPORTION": 0.0020414512197623612 }, "geometry": { "type": "LineString", "coordinates": [ [ 359804.217348548816517, 173215.454286136140581 ], [ 359780.172125196200795, 173250.122646261414047 ], [ 359772.643754857068416, 173264.640639948018361 ] ] } },
{ "type": "Feature", "properties": { "JOURNEY_LINK_ID": 49, "SEGMENT_ID": 2, "SEGMENT_LENGTH": 48.323966284886225, "DIST_TO_SENSOR": 266.93313777747477, "NEAREST_SITE_ID": 500.0, "SITE_TOTAL_LENGTH": 28677.983496930894, "LENGTH_PROPORTION": 0.0016850545398374274 }, "geometry": { "type": "LineString", "coordinates": [ [ 359772.643754857068416, 173264.640639948018361 ], [ 359779.969339842151385, 173312.406124580011237 ] ] } },
{ "type": "Feature", "properties": { "JOURNEY_LINK_ID": 49, "SEGMENT_ID": 3, "SEGMENT_LENGTH": 102.93922681202463, "DIST_TO_SENSOR": 266.93313777747477, "NEAREST_SITE_ID": 500.0, "SITE_TOTAL_LENGTH": 28677.983496930894, "LENGTH_PROPORTION": 0.0035894862281039093 }, "geometry": { "type": "LineString", "coordinates": [ [ 359779.969339842151385, 173312.406124580011237 ], [ 359842.453901693515945, 173394.211771982256323 ] ] } },
{ "type": "Feature", "properties": { "JOURNEY_LINK_ID": 52, "SEGMENT_ID": 0, "SEGMENT_LENGTH": 48.485728001100497, "DIST_TO_SENSOR": 294.68009718711903, "NEAREST_SITE_ID": 500.0, "SITE_TOTAL_LENGTH": 28677.983496930894, "LENGTH_PROPORTION": 0.0016906951636362236 }, "geometry": { "type": "LineString", "coordinates": [ [ 359798.171898331958801, 173207.962461737333797 ], [ 359761.008417449018452, 173199.114603330148384 ], [ 359751.255018522497267, 173195.855472237337381 ] ] } },
{ "type": "Feature", "properties": { "JOURNEY_LINK_ID": 52, "SEGMENT_ID": 1, "SEGMENT_LENGTH": 76.070246670253397, "DIST_TO_SENSOR": 275.73260006689014, "NEAREST_SITE_ID": 500.0, "SITE_TOTAL_LENGTH": 28677.983496930894, "LENGTH_PROPORTION": 0.0026525660940698429 }, "geometry": { "type": "LineString", "coordinates": [ [ 359751.255018522497267, 173195.855472237337381 ], [ 359684.94994669087464, 173158.568478823057376 ] ] } },
{ "type": "Feature", "properties": { "JOURNEY_LINK_ID": 52, "SEGMENT_ID": 2, "SEGMENT_LENGTH": 116.16947690239684, "DIST_TO_SENSOR": 261.77034003877714, "NEAREST_SITE_ID": 500.0, "SITE_TOTAL_LENGTH": 28677.983496930894, "LENGTH_PROPORTION": 0.0040508244561487123 }, "geometry": { "type": "LineString", "coordinates": [ [ 359684.94994669087464, 173158.568478823057376 ], [ 359652.206300011835992, 173147.707392492156941 ], [ 359628.530165525036864, 173141.222868291602936 ], [ 359574.871386533544865, 173121.631505057332106 ] ] } },
{ "type": "Feature", "properties": { "JOURNEY_LINK_ID": 52, "SEGMENT_ID": 3, "SEGMENT_LENGTH": 8.0592449070736709, "DIST_TO_SENSOR": 264.70247388871201, "NEAREST_SITE_ID": 500.0, "SITE_TOTAL_LENGTH": 28677.983496930894, "LENGTH_PROPORTION": 0.00028102550892171929 }, "geometry": { "type": "LineString", "coordinates": [ [ 359574.871386533544865, 173121.631505057332106 ], [ 359572.725096137961373, 173113.863309255859349 ] ] } },
{ "type": "Feature", "properties": { "JOURNEY_LINK_ID": 52, "SEGMENT_ID": 4, "SEGMENT_LENGTH": 6.2164609805401199, "DIST_TO_SENSOR": 271.90999783004685, "NEAREST_SITE_ID": 500.0, "SITE_TOTAL_LENGTH": 28677.983496930894, "LENGTH_PROPORTION": 0.00021676771594506995 }, "geometry": { "type": "LineString", "coordinates": [ [ 359572.725096137961373, 173113.863309255859349 ], [ 359569.901744875358418, 173108.324981460347772 ] ] } },
{ "type": "Feature", "properties": { "JOURNEY_LINK_ID": 52, "SEGMENT_ID": 5, "SEGMENT_LENGTH": 108.2549315999653, "DIST_TO_SENSOR": 276.85057864794794, "NEAREST_SITE_ID": 500.0, "SITE_TOTAL_LENGTH": 28677.983496930894, "LENGTH_PROPORTION": 0.0037748446159595111 }, "geometry": { "type": "LineString", "coordinates": [ [ 359569.901744875358418, 173108.324981460347772 ], [ 359560.012157071614638, 173000.522726062859874 ] ] } },
{ "type": "Feature", "properties": { "JOURNEY_LINK_ID": 53, "SEGMENT_ID": 1, "SEGMENT_LENGTH": 10.283517204730687, "DIST_TO_SENSOR": 294.68009718711903, "NEAREST_SITE_ID": 500.0, "SITE_TOTAL_LENGTH": 28677.983496930894, "LENGTH_PROPORTION": 0.00035858578431189995 }, "geometry": { "type": "LineString", "coordinates": [ [ 359761.008417449018452, 173199.114603330148384 ], [ 359751.255018522497267, 173195.855472237337381 ] ] } },
{ "type": "Feature", "properties": { "JOURNEY_LINK_ID": 53, "SEGMENT_ID": 2, "SEGMENT_LENGTH": 76.070246670253397, "DIST_TO_SENSOR": 275.73260006689014, "NEAREST_SITE_ID": 500.0, "SITE_TOTAL_LENGTH": 28677.983496930894, "LENGTH_PROPORTION": 0.0026525660940698429 }, "geometry": { "type": "LineString", "coordinates": [ [ 359751.255018522497267, 173195.855472237337381 ], [ 359684.94994669087464, 173158.568478823057376 ] ] } },
{ "type": "Feature", "properties": { "JOURNEY_LINK_ID": 53, "SEGMENT_ID": 3, "SEGMENT_LENGTH": 116.16947690239684, "DIST_TO_SENSOR": 261.77034003877714, "NEAREST_SITE_ID": 500.0, "SITE_TOTAL_LENGTH": 28677.983496930894, "LENGTH_PROPORTION": 0.0040508244561487123 }, "geometry": { "type": "LineString", "coordinates": [ [ 359684.94994669087464, 173158.568478823057376 ], [ 359652.206300011835992, 173147.707392492156941 ], [ 359628.530165525036864, 173141.222868291602936 ], [ 359574.871386533544865, 173121.631505057332106 ] ] } },
{ "type": "Feature", "properties": { "JOURNEY_LINK_ID": 53, "SEGMENT_ID": 4, "SEGMENT_LENGTH": 8.0592449070736709, "DIST_TO_SENSOR": 264.70247388871201, "NEAREST_SITE_ID": 500.0, "SITE_TOTAL_LENGTH": 28677.983496930894, "LENGTH_PROPORTION": 0.00028102550892171929 }, "geometry": { "type": "LineString", "coordinates": [ [ 359574.871386533544865, 173121.631505057332106 ], [ 359572.725096137961373, 173113.863309255859349 ] ] } },
{ "type": "Feature", "properties": { "JOURNEY_LINK_ID": 53, "SEGMENT_ID": 5, "SEGMENT_LENGTH": 6.2164609805401199, "DIST_TO_SENSOR": 271.90999783004685, "NEAREST_SITE_ID": 500.0, "SITE_TOTAL_LENGTH": 28677.983496930894, "LENGTH_PROPORTION": 0.00021676771594506995 }, "geometry": { "type": "LineString", "coordinates": [ [ 359572.725096137961373, 173113.863309255859349 ], [ 359569.901744875358418, 173108.324981460347772 ] ] } },
{ "type": "Feature", "properties": { "JOURNEY_LINK_ID": 53, "SEGMENT_ID": 6, "SEGMENT_LENGTH": 33.07605432579809, "DIST_TO_SENSOR": 276.85057864794794, "NEAREST_SITE_ID": 500.0, "SITE_TOTAL_LENGTH": 28677.983496930894, "LENGTH_PROPORTION": 0.00115336053280517 }, "geometry": { "type": "LineString", "coordinates": [ [ 359569.901744875358418, 173108.324981460347772 ], [ 359540.596169457829092, 173092.98846884467639 ] ] } },
{ "type": "Feature", "properties": { "JOURNEY_LINK_ID": 53, "SEGMENT_ID": 7, "SEGMENT_LENGTH": 8.6296788146777637, "DIST_TO_SENSOR": 285.90539408595123, "NEAREST_SITE_ID": 500.0, "SITE_TOTAL_LENGTH": 28677.983496930894, "LENGTH_PROPORTION": 0.00030091651372912286 }, "geometry": { "type": "LineString", "coordinates": [ [ 359540.596169457829092, 173092.98846884467639 ], [ 359532.276117316505406, 173095.279339598375373 ] ] } },
{ "type": "Feature", "properties": { "JOURNEY_LINK_ID": 53, "SEGMENT_ID": 8, "SEGMENT_LENGTH": 15.348873696175508, "DIST_TO_SENSOR": 276.7324370332924, "NEAREST_SITE_ID": 500.0, "SITE_TOTAL_LENGTH": 28677.983496930894, "LENGTH_PROPORTION": 0.0005352145382822379 }, "geometry": { "type": "LineString", "coordinates": [ [ 359532.276117316505406, 173095.279339598375373 ], [ 359519.840354256215505, 173104.275990133406594 ] ] } },
{ "type": "Feature", "properties": { "JOURNEY_LINK_ID": 53, "SEGMENT_ID": 9, "SEGMENT_LENGTH": 17.344995460415735, "DIST_TO_SENSOR": 261.27279255574092, "NEAREST_SITE_ID": 500.0, "SITE_TOTAL_LENGTH": 28677.983496930894, "LENGTH_PROPORTION": 0.00060481921479144411 }, "geometry": { "type": "LineString", "coordinates": [ [ 359519.840354256215505, 173104.275990133406594 ], [ 359512.321386191935744, 173119.906536725582555 ] ] } },
{ "type": "Feature", "properties": { "JOURNEY_LINK_ID": 53, "SEGMENT_ID": 10, "SEGMENT_LENGTH": 16.739867645683528, "DIST_TO_SENSOR": 244.55900978209309, "NEAREST_SITE_ID": 500.0, "SITE_TOTAL_LENGTH": 28677.983496930894, "LENGTH_PROPORTION": 0.00058371843499648512 }, "geometry": { "type": "LineString", "coordinates": [ [ 359512.321386191935744, 173119.906536725582555 ], [ 359513.843749224906787, 173136.577037005743477 ] ] } },
{ "type": "Feature", "properties": { "JOURNEY_LINK_ID": 53, "SEGMENT_ID": 11, "SEGMENT_LENGTH": 3.6142446500096952, "DIST_TO_SENSOR": 241.19192235329959, "NEAREST_SITE_ID": 500.0, "SITE_TOTAL_LENGTH": 28677.983496930894, "LENGTH_PROPORTION": 0.00012602854905738022 }, "geometry": { "type": "LineString", "coordinates": [ [ 359513.843749224906787, 173136.577037005743477 ], [ 359515.259935442009009, 173139.902270980761386 ] ] } },
{ "type": "Feature", "properties": { "JOURNEY_LINK_ID": 53, "SEGMENT_ID": 12, "SEGMENT_LENGTH": 18.957389705613643, "DIST_TO_SENSOR": 222.32412192354161, "NEAREST_SITE_ID": 500.0, "SITE_TOTAL_LENGTH": 28677.983496930894, "LENGTH_PROPORTION": 0.00066104332989948386 }, "geometry": { "type": "LineString", "coordinates": [ [ 359515.259935442009009, 173139.902270980761386 ], [ 359514.020710954267997, 173158.819113928766456 ] ] } },
{ "type": "Feature", "properties": { "JOURNEY_LINK_ID": 53, "SEGMENT_ID": 13, "SEGMENT_LENGTH": 113.83865347667013, "DIST_TO_SENSOR": 121.94488084876659, "NEAREST_SITE_ID": 500.0, "SITE_TOTAL_LENGTH": 28677.983496930894, "LENGTH_PROPORTION": 0.0039695487476953568 }, "geometry": { "type": "LineString", "coordinates": [ [ 359514.020710954267997, 173158.819113928766456 ], [ 359511.338830305205192, 173171.074506830540486 ], [ 359478.750373124959879, 173266.982353381637949 ] ] } },
{ "type": "Feature", "properties": { "JOURNEY_LINK_ID": 53, "SEGMENT_ID": 14, "SEGMENT_LENGTH": 22.512642679633586, "DIST_TO_SENSOR": 102.87959279492409, "NEAREST_SITE_ID": 500.0, "SITE_TOTAL_LENGTH": 28677.983496930894, "LENGTH_PROPORTION": 0.00078501484185744368 }, "geometry": { "type": "LineString", "coordinates": [ [ 359478.750373124959879, 173266.982353381637949 ], [ 359475.453581981710158, 173289.252293852565344 ] ] } },
{ "type": "Feature", "properties": { "JOURNEY_LINK_ID": 53, "SEGMENT_ID": 15, "SEGMENT_LENGTH": 51.327842588382239, "DIST_TO_SENSOR": 58.410939412316388, "NEAREST_SITE_ID": 500.0, "SITE_TOTAL_LENGTH": 28677.983496930894, "LENGTH_PROPORTION": 0.0017897995719913613 }, "geometry": { "type": "LineString", "coordinates": [ [ 359475.453581981710158, 173289.252293852565344 ], [ 359480.029685398330912, 173340.375739572686143 ] ] } },
{ "type": "Feature", "properties": { "JOURNEY_LINK_ID": 53, "SEGMENT_ID": 16, "SEGMENT_LENGTH": 133.06912511349077, "DIST_TO_SENSOR": 21.043865887372338, "NEAREST_SITE_ID": 500.0, "SITE_TOTAL_LENGTH": 28677.983496930894, "LENGTH_PROPORTION": 0.0046401144323042019 }, "geometry": { "type": "LineString", "coordinates": [ [ 359480.029685398330912, 173340.375739572686143 ], [ 359535.8810776573373, 173461.156590874539688 ] ] } },
{ "type": "Feature", "properties": { "JOURNEY_LINK_ID": 53, "SEGMENT_ID": 17, "SEGMENT_LENGTH": 126.47108423054132, "DIST_TO_SENSOR": 81.349636616013029, "NEAREST_SITE_ID": 500.0, "SITE_TOTAL_LENGTH": 28677.983496930894, "LENGTH_PROPORTION": 0.0044100410422537629 }, "geometry": { "type": "LineString", "coordinates": [ [ 359535.8810776573373, 173461.156590874539688 ], [ 359528.067046384443529, 173526.837275687023066 ], [ 359519.987318096274976, 173559.154874696978368 ], [ 359516.031633495818824, 173585.878614778106567 ] ] } },
{ "type": "Feature", "properties": { "JOURNEY_LINK_ID": 53, "SEGMENT_ID": 18, "SEGMENT_LENGTH": 100.34139721856523, "DIST_TO_SENSOR": 204.96552927778862, "NEAREST_SITE_ID": 500.0, "SITE_TOTAL_LENGTH": 28677.983496930894, "LENGTH_PROPORTION": 0.0034989000265413964 }, "geometry": { "type": "LineString", "coordinates": [ [ 359516.031633495818824, 173585.878614778106567 ], [ 359538.360647664871067, 173597.934172365290578 ], [ 359569.105853757180739, 173619.932162443699781 ], [ 359599.842277661839034, 173640.818397244613152 ] ] } },
{ "type": "Feature", "properties": { "JOURNEY_LINK_ID": 53, "SEGMENT_ID": 19, "SEGMENT_LENGTH": 25.017073657920577, "DIST_TO_SENSOR": 271.22872218543239, "NEAREST_SITE_ID": 500.0, "SITE_TOTAL_LENGTH": 28677.983496930894, "LENGTH_PROPORTION": 0.00087234423789238509 }, "geometry": { "type": "LineString", "coordinates": [ [ 359599.842277661839034, 173640.818397244613152 ], [ 359613.015408277977258, 173662.086274528817739 ] ] } },
{ "type": "Feature", "properties": { "JOURNEY_LINK_ID": 58, "SEGMENT_ID": 1, "SEGMENT_LENGTH": 10.283517204730687, "DIST_TO_SENSOR": 294.68009718711903, "NEAREST_SITE_ID": 500.0, "SITE_TOTAL_LENGTH": 28677.983496930894, "LENGTH_PROPORTION": 0.00035858578431189995 }, "geometry": { "type": "LineString", "coordinates": [ [ 359761.008417449018452, 173199.114603330148384 ], [ 359751.255018522497267, 173195.855472237337381 ] ] } },
{ "type": "Feature", "properties": { "JOURNEY_LINK_ID": 58, "SEGMENT_ID": 2, "SEGMENT_LENGTH": 76.070246670253397, "DIST_TO_SENSOR": 275.73260006689014, "NEAREST_SITE_ID": 500.0, "SITE_TOTAL_LENGTH": 28677.983496930894, "LENGTH_PROPORTION": 0.0026525660940698429 }, "geometry": { "type": "LineString", "coordinates": [ [ 359751.255018522497267, 173195.855472237337381 ], [ 359684.94994669087464, 173158.568478823057376 ] ] } },
{ "type": "Feature", "properties": { "JOURNEY_LINK_ID": 58, "SEGMENT_ID": 3, "SEGMENT_LENGTH": 116.16947690239684, "DIST_TO_SENSOR": 261.77034003877714, "NEAREST_SITE_ID": 500.0, "SITE_TOTAL_LENGTH": 28677.983496930894, "LENGTH_PROPORTION": 0.0040508244561487123 }, "geometry": { "type": "LineString", "coordinates": [ [ 359684.94994669087464, 173158.568478823057376 ], [ 359652.206300011835992, 173147.707392492156941 ], [ 359628.530165525036864, 173141.222868291602936 ], [ 359574.871386533544865, 173121.631505057332106 ] ] } },
{ "type": "Feature", "properties": { "JOURNEY_LINK_ID": 58, "SEGMENT_ID": 4, "SEGMENT_LENGTH": 8.0592449070736709, "DIST_TO_SENSOR": 264.70247388871201, "NEAREST_SITE_ID": 500.0, "SITE_TOTAL_LENGTH": 28677.983496930894, "LENGTH_PROPORTION": 0.00028102550892171929 }, "geometry": { "type": "LineString", "coordinates": [ [ 359574.871386533544865, 173121.631505057332106 ], [ 359572.725096137961373, 173113.863309255859349 ] ] } },
{ "type": "Feature", "properties": { "JOURNEY_LINK_ID": 58, "SEGMENT_ID": 5, "SEGMENT_LENGTH": 6.2164609805401199, "DIST_TO_SENSOR": 271.90999783004685, "NEAREST_SITE_ID": 500.0, "SITE_TOTAL_LENGTH": 28677.983496930894, "LENGTH_PROPORTION": 0.00021676771594506995 }, "geometry": { "type": "LineString", "coordinates": [ [ 359572.725096137961373, 173113.863309255859349 ], [ 359569.901744875358418, 173108.324981460347772 ] ] } },
{ "type": "Feature", "properties": { "JOURNEY_LINK_ID": 58, "SEGMENT_ID": 6, "SEGMENT_LENGTH": 286.22104368430269, "DIST_TO_SENSOR": 276.85057864794794, "NEAREST_SITE_ID": 500.0, "SITE_TOTAL_LENGTH": 28677.983496930894, "LENGTH_PROPORTION": 0.0099805149729210885 }, "geometry": { "type": "LineString", "coordinates": [ [ 359569.901744875358418, 173108.324981460347772 ], [ 359568.353003985248506, 173088.318170488520991 ], [ 359568.326533273095265, 173084.981854938203469 ], [ 359560.012157071614638, 173000.522726062859874 ], [ 359552.077398872817867, 172963.884250391332898 ], [ 359528.449415674840566, 172876.211080168955959 ], [ 359517.057786109042354, 172841.824521753878798 ], [ 359511.401677495217882, 172829.635815796267707 ] ] } },
{ "type": "Feature", "properties": { "JOURNEY_LINK_ID": 153, "SEGMENT_ID": 0, "SEGMENT_LENGTH": 3.9283276867746135, "DIST_TO_SENSOR": 210.11589675976117, "NEAREST_SITE_ID": 501.0, "SITE_TOTAL_LENGTH": 8896.6427394330349, "LENGTH_PROPORTION": 0.0004415516956034314 }, "geometry": { "type": "LineString", "coordinates": [ [ 358561.724779363605194, 173284.991486751299817 ], [ 358562.452399928297382, 173288.851839938317426 ] ] } },
{ "type": "Feature", "properties": { "JOURNEY_LINK_ID": 153, "SEGMENT_ID": 1, "SEGMENT_LENGTH": 20.820509418797432, "DIST_TO_SENSOR": 195.36684609212952, "NEAREST_SITE_ID": 501.0, "SITE_TOTAL_LENGTH": 8896.6427394330349, "LENGTH_PROPORTION": 0.0023402658765326887 }, "geometry": { "type": "LineString", "coordinates": [ [ 358562.452399928297382, 173288.851839938317426 ], [ 358578.3235035847174, 173275.375873138662428 ] ] } },
{ "type": "Feature", "properties": { "JOURNEY_LINK_ID": 153, "SEGMENT_ID": 2, "SEGMENT_LENGTH": 390.73872294970732, "DIST_TO_SENSOR": 7.9253530309321096, "NEAREST_SITE_ID": 672.0, "SITE_TOTAL_LENGTH": 6368.3416060518648, "LENGTH_PROPORTION": 0.061356432666612372 }, "geometry": { "type": "LineString", "coordinates": [ [ 358578.3235035847174, 173275.375873138662428 ], [ 358585.371070597553626, 173287.552324958902318 ], [ 358606.486384268326219, 173320.745054928935133 ], [ 358639.566346714564133, 173372.747346018906683 ], [ 358652.226191827678122, 173391.55101884866599 ], [ 358701.529465807194356, 173473.450026384845842 ], [ 358725.413628556707408, 173505.508472328539938 ], [ 358732.42451133026043, 173513.236566047417 ], [ 358808.766242867393885, 173588.243195040442515 ] ] } },
{ "type": "Feature", "properties": { "JOURNEY_LINK_ID": 153, "SEGMENT_ID": 3, "SEGMENT_LENGTH": 24.944224445769496, "DIST_TO_SENSOR": 105.7370306763091, "NEAREST_SITE_ID": 672.0, "SITE_TOTAL_LENGTH": 6368.3416060518648, "LENGTH_PROPORTION": 0.0039169105536149135 }, "geometry": { "type": "LineString", "coordinates": [ [ 358808.766242867393885, 173588.243195040442515 ], [ 358833.127137003990356, 173593.606139200739563 ] ] } },
{ "type": "Feature", "properties": { "JOURNEY_LINK_ID": 153, "SEGMENT_ID": 4, "SEGMENT_LENGTH": 7.7070644430487683, "DIST_TO_SENSOR": 128.33385626051455, "NEAREST_SITE_ID": 672.0, "SITE_TOTAL_LENGTH": 6368.3416060518648, "LENGTH_PROPORTION": 0.001210215299337069 }, "geometry": { "type": "LineString", "coordinates": [ [ 358833.127137003990356, 173593.606139200739563 ], [ 358840.101490726985503, 173596.885961219668388 ] ] } },
{ "type": "Feature", "properties": { "JOURNEY_LINK_ID": 153, "SEGMENT_ID": 5, "SEGMENT_LENGTH": 184.79298669481295, "DIST_TO_SENSOR": 135.9345256212886, "NEAREST_SITE_ID": 672.0, "SITE_TOTAL_LENGTH": 6368.3416060518648, "LENGTH_PROPORTION": 0.029017442550381297 }, "geometry": { "type": "LineString", "coordinates": [ [ 358840.101490726985503, 173596.885961219668388 ], [ 358855.376511672162451, 173595.649727413663641 ], [ 358859.544923530193046, 173595.615784300316591 ], [ 358886.630560407531448, 173594.283811741275713 ], [ 358913.71609612100292, 173592.951939263904933 ], [ 358935.234690669225529, 173590.553048752073664 ], [ 359023.349040407047141, 173575.381406041153241 ] ] } },
{ "type": "Feature", "properties": { "JOURNEY_LINK_ID": 153, "SEGMENT_ID": 10, "SEGMENT_LENGTH": 152.22680415693219, "DIST_TO_SENSOR": 270.60690399474186, "NEAREST_SITE_ID": 500.0, "SITE_TOTAL_LENGTH": 28677.983496930894, "LENGTH_PROPORTION": 0.0053081418424424246 }, "geometry": { "type": "LineString", "coordinates": [ [ 359156.496481041598599, 173544.27749892778229 ], [ 359242.671005029522348, 173546.920005598396529 ], [ 359308.680217338027433, 173547.50155198876746 ] ] } },
{ "type": "Feature", "properties": { "JOURNEY_LINK_ID": 153, "SEGMENT_ID": 11, "SEGMENT_LENGTH": 9.9776967396681382, "DIST_TO_SENSOR": 261.57022764485919, "NEAREST_SITE_ID": 500.0, "SITE_TOTAL_LENGTH": 28677.983496930894, "LENGTH_PROPORTION": 0.00034792183839341237 }, "geometry": { "type": "LineString", "coordinates": [ [ 359308.680217338027433, 173547.50155198876746 ], [ 359318.388671257533133, 173545.199302062799688 ] ] } },
{ "type": "Feature", "properties": { "JOURNEY_LINK_ID": 153, "SEGMENT_ID": 12, "SEGMENT_LENGTH": 11.2150642250673, "DIST_TO_SENSOR": 250.51346519777167, "NEAREST_SITE_ID": 500.0, "SITE_TOTAL_LENGTH": 28677.983496930894, "LENGTH_PROPORTION": 0.0003910687871853867 }, "geometry": { "type": "LineString", "coordinates": [ [ 359318.388671257533133, 173545.199302062799688 ], [ 359328.154227705206722, 173539.684633184282575 ] ] } },
{ "type": "Feature", "properties": { "JOURNEY_LINK_ID": 155, "SEGMENT_ID": 7, "SEGMENT_LENGTH": 78.883759042591549, "DIST_TO_SENSOR": 261.47909808518779, "NEAREST_SITE_ID": 672.0, "SITE_TOTAL_LENGTH": 6368.3416060518648, "LENGTH_PROPORTION": 0.012386860492475458 }, "geometry": { "type": "LineString", "coordinates": [ [ 359037.435495921818074, 173512.985749404295348 ], [ 359011.241963928157929, 173538.77755471796263 ], [ 358984.407841479114722, 173571.247805450228043 ] ] } },
{ "type": "Feature", "properties": { "JOURNEY_LINK_ID": 155, "SEGMENT_ID": 8, "SEGMENT_LENGTH": 52.826992906236498, "DIST_TO_SENSOR": 218.91539394245913, "NEAREST_SITE_ID": 672.0, "SITE_TOTAL_LENGTH": 6368.3416060518648, "LENGTH_PROPORTION": 0.0082952511303782377 }, "geometry": { "type": "LineString", "coordinates": [ [ 358984.407841479114722, 173571.247805450228043 ], [ 358935.234690669225529, 173590.553048752073664 ] ] } },
{ "type": "Feature", "properties": { "JOURNEY_LINK_ID": 155, "SEGMENT_ID": 9, "SEGMENT_LENGTH": 102.1531882849802, "DIST_TO_SENSOR": 128.33385626051455, "NEAREST_SITE_ID": 672.0, "SITE_TOTAL_LENGTH": 6368.3416060518648, "LENGTH_PROPORTION": 0.016040783394518841 }, "geometry": { "type": "LineString", "coordinates": [ [ 358935.234690669225529, 173590.553048752073664 ], [ 358833.127137003990356, 173593.606139200739563 ] ] } },
{ "type": "Feature", "properties": { "JOURNEY_LINK_ID": 155, "SEGMENT_ID": 10, "SEGMENT_LENGTH": 24.944224445769496, "DIST_TO_SENSOR": 105.7370306763091, "NEAREST_SITE_ID": 672.0, "SITE_TOTAL_LENGTH": 6368.3416060518648, "LENGTH_PROPORTION": 0.0039169105536149135 }, "geometry": { "type": "LineString", "coordinates": [ [ 358833.127137003990356, 173593.606139200739563 ], [ 358808.766242867393885, 173588.243195040442515 ] ] } },
{ "type": "Feature", "properties": { "JOURNEY_LINK_ID": 155, "SEGMENT_ID": 11, "SEGMENT_LENGTH": 506.28644768088554, "DIST_TO_SENSOR": 7.9253530309321079, "NEAREST_SITE_ID": 672.0, "SITE_TOTAL_LENGTH": 6368.3416060518648, "LENGTH_PROPORTION": 0.079500516617977773 }, "geometry": { "type": "LineString", "coordinates": [ [ 358808.766242867393885, 173588.243195040442515 ], [ 358732.42451133026043, 173513.236566047417 ], [ 358725.413628556707408, 173505.508472328539938 ], [ 358701.529465807194356, 173473.450026384845842 ], [ 358652.226191827678122, 173391.55101884866599 ], [ 358578.3235035847174, 173275.375873138662428 ], [ 358566.367032831942197, 173257.678745483688544 ], [ 358506.710616729862522, 173184.763272778654937 ] ] } },
{ "type": "Feature", "properties": { "JOURNEY_LINK_ID": 155, "SEGMENT_ID": 12, "SEGMENT_LENGTH": 74.759583354877122, "DIST_TO_SENSOR": 163.54246408885788, "NEAREST_SITE_ID": 501.0, "SITE_TOTAL_LENGTH": 8896.6427394330349, "LENGTH_PROPORTION": 0.0084031230144284066 }, "geometry": { "type": "LineString", "coordinates": [ [ 358506.710616729862522, 173184.763272778654937 ], [ 358485.026518092607148, 173167.145999320840929 ], [ 358447.965672090998851, 173138.533187484019436 ] ] } },
{ "type": "Feature", "properties": { "JOURNEY_LINK_ID": 155, "SEGMENT_ID": 13, "SEGMENT_LENGTH": 53.482061730295378, "DIST_TO_SENSOR": 198.07234381109532, "NEAREST_SITE_ID": 501.0, "SITE_TOTAL_LENGTH": 8896.6427394330349, "LENGTH_PROPORTION": 0.0060114880743995886 }, "geometry": { "type": "LineString", "coordinates": [ [ 358447.965672090998851, 173138.533187484019436 ], [ 358399.147558730328456, 173116.690048176038545 ] ] } },
{ "type": "Feature", "properties": { "JOURNEY_LINK_ID": 155, "SEGMENT_ID": 14, "SEGMENT_LENGTH": 79.640057447390205, "DIST_TO_SENSOR": 242.32675695679964, "NEAREST_SITE_ID": 501.0, "SITE_TOTAL_LENGTH": 8896.6427394330349, "LENGTH_PROPORTION": 0.0089516978235393892 }, "geometry": { "type": "LineString", "coordinates": [ [ 358399.147558730328456, 173116.690048176038545 ], [ 358320.526664469158277, 173103.989901098248083 ] ] } },
{ "type": "Feature", "properties": { "JOURNEY_LINK_ID": 156, "SEGMENT_ID": 7, "SEGMENT_LENGTH": 74.877618379605195, "DIST_TO_SENSOR": 293.92851089490944, "NEAREST_SITE_ID": 672.0, "SITE_TOTAL_LENGTH": 6368.3416060518648, "LENGTH_PROPORTION": 0.011757789234869035 }, "geometry": { "type": "LineString", "coordinates": [ [ 359084.135877315886319, 173531.51530399301555 ], [ 359080.644199606846087, 173529.31917227426311 ], [ 359059.008515817113221, 173517.260013968392741 ], [ 359020.590906467987224, 173491.990520013030618 ] ] } },
{ "type": "Feature", "properties": { "JOURNEY_LINK_ID": 156, "SEGMENT_ID": 8, "SEGMENT_LENGTH": 98.010838783948216, "DIST_TO_SENSOR": 260.80365485727998, "NEAREST_SITE_ID": 672.0, "SITE_TOTAL_LENGTH": 6368.3416060518648, "LENGTH_PROPORTION": 0.015390323705438172 }, "geometry": { "type": "LineString", "coordinates": [ [ 359020.590906467987224, 173491.990520013030618 ], [ 358974.883588784257881, 173424.517922265978996 ], [ 358965.049128092476167, 173411.251403422793373 ] ] } },
{ "type": "Feature", "properties": { "JOURNEY_LINK_ID": 156, "SEGMENT_ID": 9, "SEGMENT_LENGTH": 306.55240381132495, "DIST_TO_SENSOR": 165.11124151169733, "NEAREST_SITE_ID": 501.0, "SITE_TOTAL_LENGTH": 8896.6427394330349, "LENGTH_PROPORTION": 0.034457088228639035 }, "geometry": { "type": "LineString", "coordinates": [ [ 358965.049128092476167, 173411.251403422793373 ], [ 358871.93487996654585, 173324.144214565167204 ], [ 358856.559867339732591, 173313.14739309734432 ], [ 358802.782707620761357, 173279.106774915242568 ], [ 358758.839991867542267, 173258.332877252832986 ], [ 358733.728527742379811, 173246.303471012623049 ], [ 358716.277536142501049, 173236.435854740440845 ] ] } },
{ "type": "Feature", "properties": { "JOURNEY_LINK_ID": 156, "SEGMENT_ID": 10, "SEGMENT_LENGTH": 50.965629901616566, "DIST_TO_SENSOR": 114.68363334166477, "NEAREST_SITE_ID": 501.0, "SITE_TOTAL_LENGTH": 8896.6427394330349, "LENGTH_PROPORTION": 0.0057286362276546248 }, "geometry": { "type": "LineString", "coordinates": [ [ 358716.277536142501049, 173236.435854740440845 ], [ 358687.447500559152104, 173194.408191475260537 ] ] } },
{ "type": "Feature", "properties": { "JOURNEY_LINK_ID": 156, "SEGMENT_ID": 11, "SEGMENT_LENGTH": 37.636497637872495, "DIST_TO_SENSOR": 78.102599515022021, "NEAREST_SITE_ID": 501.0, "SITE_TOTAL_LENGTH": 8896.6427394330349, "LENGTH_PROPORTION": 0.0042304157579638848 }, "geometry": { "type": "LineString", "coordinates": [ [ 358687.447500559152104, 173194.408191475260537 ], [ 358683.13404917268781, 173176.648376460128929 ], [ 358678.811496357666329, 173157.776720203051809 ] ] } },
{ "type": "Feature", "properties": { "JOURNEY_LINK_ID": 156, "SEGMENT_ID": 12, "SEGMENT_LENGTH": 73.834675505676231, "DIST_TO_SENSOR": 11.88648259353355, "NEAREST_SITE_ID": 501.0, "SITE_TOTAL_LENGTH": 8896.6427394330349, "LENGTH_PROPORTION": 0.0082991615678142394 }, "geometry": { "type": "LineString", "coordinates": [ [ 358678.811496357666329, 173157.776720203051809 ], [ 358651.847781602584291, 173089.041595313115977 ] ] } },
{ "type": "Feature", "properties": { "JOURNEY_LINK_ID": 156, "SEGMENT_ID": 13, "SEGMENT_LENGTH": 144.34226688432713, "DIST_TO_SENSOR": 10.597904693433515, "NEAREST_SITE_ID": 501.0, "SITE_TOTAL_LENGTH": 8896.6427394330349, "LENGTH_PROPORTION": 0.016224352389081747 }, "geometry": { "type": "LineString", "coordinates": [ [ 358651.847781602584291, 173089.041595313115977 ], [ 358613.116778706782497, 173025.9635935802944 ], [ 358602.531370288226753, 173006.03089951799484 ], [ 358579.952455348684452, 172963.952605727128685 ] ] } },
{ "type": "Feature", "properties": { "JOURNEY_LINK_ID": 156, "SEGMENT_ID": 14, "SEGMENT_LENGTH": 190.68395066265902, "DIST_TO_SENSOR": 139.61967347631352, "NEAREST_SITE_ID": 501.0, "SITE_TOTAL_LENGTH": 8896.6427394330349, "LENGTH_PROPORTION": 0.021433248051816331 }, "geometry": { "type": "LineString", "coordinates": [ [ 358579.952455348684452, 172963.952605727128685 ], [ 358564.780428980477154, 172892.89735141658457 ], [ 358558.26369944732869, 172860.697462050127797 ], [ 358554.571617677866016, 172834.035320173366927 ], [ 358548.12741468870081, 172810.732259273412637 ], [ 358540.906598025525454, 172777.426015879202168 ] ] } },
{ "type": "Feature", "properties": { "JOURNEY_LINK_ID": 210, "SEGMENT_ID": 0, "SEGMENT_LENGTH": 26.948968432180905, "DIST_TO_SENSOR": 140.02682927717049, "NEAREST_SITE_ID": 215.0, "SITE_TOTAL_LENGTH": 10217.668047074099, "LENGTH_PROPORTION": 0.0026374871749623857 }, "geometry": { "type": "LineString", "coordinates": [ [ 358000.953834265295882, 170448.124217291187961 ], [ 358016.379193559114356, 170426.026588680513669 ] ] } },
{ "type": "Feature", "properties": { "JOURNEY_LINK_ID": 210, "SEGMENT_ID": 1, "SEGMENT_LENGTH": 993.32739617469372, "DIST_TO_SENSOR": 158.06369210327523, "NEAREST_SITE_ID": 215.0, "SITE_TOTAL_LENGTH": 10217.668047074099, "LENGTH_PROPORTION": 0.097216643915060436 }, "geometry": { "type": "LineString", "coordinates": [ [ 358016.379193559114356, 170426.026588680513669 ], [ 358030.042107150889933, 170396.99532026349334 ], [ 358040.906257204129361, 170365.763019866426475 ], [ 358046.245941729168408, 170339.025228623882867 ], [ 358059.715372835984454, 170286.638993427040987 ], [ 358068.986341377603821, 170230.950810343958437 ], [ 358072.277650750183966, 170208.678907514607999 ], [ 358080.130699969653506, 170149.665839985478669 ], [ 358082.76372204272775, 170131.848357591836248 ], [ 358084.646393813600298, 170107.36385468847584 ], [ 358088.328493181150407, 170048.385191804962233 ], [ 358085.36658178869402, 169942.747954020975158 ], [ 358081.281642794958316, 169869.37472400983097 ], [ 358078.085634161892813, 169819.350876165379304 ], [ 358074.723593905859161, 169749.30825077847112 ], [ 358071.368469501030631, 169680.379764820914716 ], [ 358068.883770618413109, 169632.576383664971218 ], [ 358066.315527383820154, 169574.764023153868038 ], [ 358071.46834862511605, 169442.371376080031041 ] ] } },
{ "type": "Feature", "properties": { "JOURNEY_LINK_ID": 220, "SEGMENT_ID": 0, "SEGMENT_LENGTH": 2.8211963487932552, "DIST_TO_SENSOR": 230.11594129945823, "NEAREST_SITE_ID": 270.0, "SITE_TOTAL_LENGTH": 6483.7797947000972, "LENGTH_PROPORTION": 0.00043511600302948718 }, "geometry": { "type": "LineString", "coordinates": [ [ 360924.74604615062708, 169794.913867907831445 ], [ 360927.092309606436174, 169793.347280331479851 ] ] } },
{ "type": "Feature", "properties": { "JOURNEY_LINK_ID": 220, "SEGMENT_ID": 1, "SEGMENT_LENGTH": 175.64002536718598, "DIST_TO_SENSOR": 60.612523468731972, "NEAREST_SITE_ID": 270.0, "SITE_TOTAL_LENGTH": 6483.7797947000972, "LENGTH_PROPORTION": 0.027089141045591309 }, "geometry": { "type": "LineString", "coordinates": [ [ 360927.092309606436174, 169793.347280331479851 ], [ 360889.483925687381998, 169964.913675554969814 ] ] } },
{ "type": "Feature", "properties": { "JOURNEY_LINK_ID": 220, "SEGMENT_ID": 2, "SEGMENT_LENGTH": 31.140602468221182, "DIST_TO_SENSOR": 30.93928795686174, "NEAREST_SITE_ID": 270.0, "SITE_TOTAL_LENGTH": 6483.7797947000972, "LENGTH_PROPORTION": 0.0048028470204487519 }, "geometry": { "type": "LineString", "coordinates": [ [ 360889.483925687381998, 169964.913675554969814 ], [ 360889.725061970297247, 169996.053344393556472 ] ] } },
{ "type": "Feature", "properties": { "JOURNEY_LINK_ID": 220, "SEGMENT_ID": 3, "SEGMENT_LENGTH": 379.61129799460736, "DIST_TO_SENSOR": 19.58599873769376, "NEAREST_SITE_ID": 270.0, "SITE_TOTAL_LENGTH": 6483.7797947000972, "LENGTH_PROPORTION": 0.058547839379879188 }, "geometry": { "type": "LineString", "coordinates": [ [ 360889.725061970297247, 169996.053344393556472 ], [ 360906.471150027937256, 170003.710321817256045 ], [ 360921.131445723411161, 170011.383262665360235 ], [ 360937.885989380185492, 170020.152454713708721 ], [ 360952.563386257563252, 170030.049720416660421 ], [ 360979.128352672152687, 170048.753729697957169 ], [ 361014.070328112575226, 170071.842451331322081 ], [ 361062.289729987853207, 170103.727601474209223 ], [ 361073.464829123055097, 170110.315353727201 ], [ 361083.953079119150061, 170118.020638558722567 ], [ 361146.135747799940873, 170157.585424703196622 ], [ 361213.158377226092853, 170193.777282769966405 ] ] } },
{ "type": "Feature", "properties": { "JOURNEY_LINK_ID": 220, "SEGMENT_ID": 29, "SEGMENT_LENGTH": 417.97301716178015, "DIST_TO_SENSOR": 140.08869208384021, "NEAREST_SITE_ID": 203.0, "SITE_TOTAL_LENGTH": 4294.1901469009272, "LENGTH_PROPORTION": 0.097334538728665043 }, "geometry": { "type": "LineString", "coordinates": [ [ 361399.830730256799143, 171058.760491651773918 ], [ 361348.955485923564993, 171132.551807856245432 ], [ 361327.688901251996867, 171169.416005598963238 ], [ 361242.847279038804118, 171345.789813962997869 ], [ 361232.609251172048971, 171370.336206834123004 ], [ 361225.117408130434342, 171390.413048290996812 ], [ 361218.312108160636853, 171409.372374175407458 ], [ 361209.911724832840264, 171429.594415554369334 ] ] } },
{ "type": "Feature", "properties": { "JOURNEY_LINK_ID": 228, "SEGMENT_ID": 0, "SEGMENT_LENGTH": 281.70879073929382, "DIST_TO_SENSOR": 144.44069677340127, "NEAREST_SITE_ID": 203.0, "SITE_TOTAL_LENGTH": 4294.1901469009272, "LENGTH_PROPORTION": 0.065602309423256483 }, "geometry": { "type": "LineString", "coordinates": [ [ 361210.040450791246258, 171425.157803206995595 ], [ 361218.312108160636853, 171409.372374175407458 ], [ 361225.117408130434342, 171390.413048290996812 ], [ 361232.609251172048971, 171370.336206834123004 ], [ 361242.847279038804118, 171345.789813962997869 ], [ 361327.688901251996867, 171169.416005598963238 ] ] } },
{ "type": "Feature", "properties": { "JOURNEY_LINK_ID": 228, "SEGMENT_ID": 28, "SEGMENT_LENGTH": 325.74017319224419, "DIST_TO_SENSOR": 35.097519282201091, "NEAREST_SITE_ID": 270.0, "SITE_TOTAL_LENGTH": 6483.7797947000972, "LENGTH_PROPORTION": 0.050239240613709192 }, "geometry": { "type": "LineString", "coordinates": [ [ 361213.158377226092853, 170193.777282769966405 ], [ 361146.135747799940873, 170157.585424703196622 ], [ 361083.953079119150061, 170118.020638558722567 ], [ 361073.464829123055097, 170110.315353727201 ], [ 361062.289729987853207, 170103.727601474209223 ], [ 361014.070328112575226, 170071.842451331322081 ], [ 360979.128352672152687, 170048.753729697957169 ], [ 360952.563386257563252, 170030.049720416660421 ], [ 360937.885989380185492, 170020.152454713708721 ] ] } },
{ "type": "Feature", "properties": { "JOURNEY_LINK_ID": 228, "SEGMENT_ID": 29, "SEGMENT_LENGTH": 73.686997344216763, "DIST_TO_SENSOR": 31.992227120528874, "NEAREST_SITE_ID": 270.0, "SITE_TOTAL_LENGTH": 6483.7797947000972, "LENGTH_PROPORTION": 0.011364821088533761 }, "geometry": { "type": "LineString", "coordinates": [ [ 360937.885989380185492, 170020.152454713708721 ], [ 360919.568850518844556, 169989.151305343606509 ], [ 360910.410139769664966, 169973.650834475178272 ], [ 360899.852293479663786, 169957.048797833733261 ] ] } },
{ "type": "Feature", "properties": { "JOURNEY_LINK_ID": 228, "SEGMENT_ID": 30, "SEGMENT_LENGTH": 263.37845303492008, "DIST_TO_SENSOR": 67.025155933026269, "NEAREST_SITE_ID": 270.0, "SITE_TOTAL_LENGTH": 6483.7797947000972, "LENGTH_PROPORTION": 0.040621128627811837 }, "geometry": { "type": "LineString", "coordinates": [ [ 360899.852293479663786, 169957.048797833733261 ], [ 360923.316700145544019, 169844.537168353213929 ], [ 360928.002732020162512, 169821.145108543743845 ], [ 360951.462614490068518, 169698.784469799720682 ] ] } },
{ "type": "Feature", "properties": { "JOURNEY_LINK_ID": 14, "SEGMENT_ID": 0, "SEGMENT_LENGTH": 13.108180831754767, "DIST_TO_SENSOR": 273.16203246200183, "NEAREST_SITE_ID": 500.0, "SITE_TOTAL_LENGTH": 28677.983496930894, "LENGTH_PROPORTION": 0.00045708167846451268 }, "geometry": { "type": "LineString", "coordinates": [ [ 359646.187639626674354, 173629.653727892611641 ], [ 359633.109715158876497, 173630.543838184967171 ] ] } },
{ "type": "Feature", "properties": { "JOURNEY_LINK_ID": 14, "SEGMENT_ID": 1, "SEGMENT_LENGTH": 15.206204673699448, "DIST_TO_SENSOR": 258.36143913372024, "NEAREST_SITE_ID": 500.0, "SITE_TOTAL_LENGTH": 28677.983496930894, "LENGTH_PROPORTION": 0.00053023967585889744 }, "geometry": { "type": "LineString", "coordinates": [ [ 359633.109715158876497, 173630.543838184967171 ], [ 359623.980997090053279, 173618.382622497447301 ] ] } },
{ "type": "Feature", "properties": { "JOURNEY_LINK_ID": 14, "SEGMENT_ID": 2, "SEGMENT_LENGTH": 65.448949888483938, "DIST_TO_SENSOR": 206.64822311562179, "NEAREST_SITE_ID": 500.0, "SITE_TOTAL_LENGTH": 28677.983496930894, "LENGTH_PROPORTION": 0.0022822019510363501 }, "geometry": { "type": "LineString", "coordinates": [ [ 359623.980997090053279, 173618.382622497447301 ], [ 359569.499513946240768, 173582.115102097566705 ] ] } },
{ "type": "Feature", "properties": { "JOURNEY_LINK_ID": 14, "SEGMENT_ID": 3, "SEGMENT_LENGTH": 117.36360570337661, "DIST_TO_SENSOR": 165.36843072370132, "NEAREST_SITE_ID": 500.0, "SITE_TOTAL_LENGTH": 28677.983496930894, "LENGTH_PROPORTION": 0.0040924636739517201 }, "geometry": { "type": "LineString", "coordinates": [ [ 359569.499513946240768, 173582.115102097566705 ], [ 359548.577830184658524, 173572.272639295901172 ], [ 359519.987318096274976, 173559.154874696978368 ], [ 359493.516264392703306, 173550.469086798548233 ], [ 359462.128681378322653, 173535.149742414709181 ] ] } },
{ "type": "Feature", "properties": { "JOURNEY_LINK_ID": 14, "SEGMENT_ID": 4, "SEGMENT_LENGTH": 60.798711771698962, "DIST_TO_SENSOR": 165.36843072370132, "NEAREST_SITE_ID": 500.0, "SITE_TOTAL_LENGTH": 28677.983496930894, "LENGTH_PROPORTION": 0.0021200483561965092 }, "geometry": { "type": "LineString", "coordinates": [ [ 359462.128681378322653, 173535.149742414709181 ], [ 359402.960144744312856, 173521.165192880027462 ] ] } },
{ "type": "Feature", "properties": { "JOURNEY_LINK_ID": 14, "SEGMENT_ID": 5, "SEGMENT_LENGTH": 159.09865594737678, "DIST_TO_SENSOR": 183.89336158325631, "NEAREST_SITE_ID": 500.0, "SITE_TOTAL_LENGTH": 28677.983496930894, "LENGTH_PROPORTION": 0.0055477630065727413 }, "geometry": { "type": "LineString", "coordinates": [ [ 359402.960144744312856, 173521.165192880027462 ], [ 359301.634647670318373, 173535.324298658873886 ], [ 359245.203682087594643, 173541.688045310496818 ] ] } },
{ "type": "Feature", "properties": { "JOURNEY_LINK_ID": 18, "SEGMENT_ID": 0, "SEGMENT_LENGTH": 10.416847798431752, "DIST_TO_SENSOR": 273.16203246200183, "NEAREST_SITE_ID": 500.0, "SITE_TOTAL_LENGTH": 28677.983496930894, "LENGTH_PROPORTION": 0.00036323501614214117 }, "geometry": { "type": "LineString", "coordinates": [ [ 359643.146705184539314, 173633.331229309376795 ], [ 359633.109715158876497, 173630.543838184967171 ] ] } },
{ "type": "Feature", "properties": { "JOURNEY_LINK_ID": 18, "SEGMENT_ID": 1, "SEGMENT_LENGTH": 15.206204673699448, "DIST_TO_SENSOR": 258.36143913372024, "NEAREST_SITE_ID": 500.0, "SITE_TOTAL_LENGTH": 28677.983496930894, "LENGTH_PROPORTION": 0.00053023967585889744 }, "geometry": { "type": "LineString", "coordinates": [ [ 359633.109715158876497, 173630.543838184967171 ], [ 359623.980997090053279, 173618.382622497447301 ] ] } },
{ "type": "Feature", "properties": { "JOURNEY_LINK_ID": 18, "SEGMENT_ID": 2, "SEGMENT_LENGTH": 65.448949888483938, "DIST_TO_SENSOR": 206.64822311562179, "NEAREST_SITE_ID": 500.0, "SITE_TOTAL_LENGTH": 28677.983496930894, "LENGTH_PROPORTION": 0.0022822019510363501 }, "geometry": { "type": "LineString", "coordinates": [ [ 359623.980997090053279, 173618.382622497447301 ], [ 359569.499513946240768, 173582.115102097566705 ] ] } },
{ "type": "Feature", "properties": { "JOURNEY_LINK_ID": 18, "SEGMENT_ID": 3, "SEGMENT_LENGTH": 23.121222403277557, "DIST_TO_SENSOR": 193.11034048062902, "NEAREST_SITE_ID": 500.0, "SITE_TOTAL_LENGTH": 28677.983496930894, "LENGTH_PROPORTION": 0.0008062359895615387 }, "geometry": { "type": "LineString", "coordinates": [ [ 359569.499513946240768, 173582.115102097566705 ], [ 359548.577830184658524, 173572.272639295901172 ] ] } },
{ "type": "Feature", "properties": { "JOURNEY_LINK_ID": 18, "SEGMENT_ID": 4, "SEGMENT_LENGTH": 29.455533050434877, "DIST_TO_SENSOR": 164.39105693814722, "NEAREST_SITE_ID": 500.0, "SITE_TOTAL_LENGTH": 28677.983496930894, "LENGTH_PROPORTION": 0.001027113118102854 }, "geometry": { "type": "LineString", "coordinates": [ [ 359548.577830184658524, 173572.272639295901172 ], [ 359538.630072498810478, 173544.547730922582559 ] ] } },
{ "type": "Feature", "properties": { "JOURNEY_LINK_ID": 18, "SEGMENT_ID": 5, "SEGMENT_LENGTH": 77.538796191910436, "DIST_TO_SENSOR": 90.86965001593407, "NEAREST_SITE_ID": 500.0, "SITE_TOTAL_LENGTH": 28677.983496930894, "LENGTH_PROPORTION": 0.0027037743501110742 }, "geometry": { "type": "LineString", "coordinates": [ [ 359538.630072498810478, 173544.547730922582559 ], [ 359549.134512676508166, 173467.723765576840378 ] ] } },
{ "type": "Feature", "properties": { "JOURNEY_LINK_ID": 18, "SEGMENT_ID": 6, "SEGMENT_LENGTH": 28.834577755226146, "DIST_TO_SENSOR": 62.050481840565155, "NEAREST_SITE_ID": 500.0, "SITE_TOTAL_LENGTH": 28677.983496930894, "LENGTH_PROPORTION": 0.0010054604347726195 }, "geometry": { "type": "LineString", "coordinates": [ [ 359549.134512676508166, 173467.723765576840378 ], [ 359541.270716800994705, 173439.982215714757331 ] ] } },
{ "type": "Feature", "properties": { "JOURNEY_LINK_ID": 18, "SEGMENT_ID": 7, "SEGMENT_LENGTH": 61.195789386023392, "DIST_TO_SENSOR": 10.117136423656262, "NEAREST_SITE_ID": 500.0, "SITE_TOTAL_LENGTH": 28677.983496930894, "LENGTH_PROPORTION": 0.0021338944348221881 }, "geometry": { "type": "LineString", "coordinates": [ [ 359541.270716800994705, 173439.982215714757331 ], [ 359535.615279874706175, 173427.793428912584204 ], [ 359529.273957234690897, 173416.722372463264037 ], [ 359513.046681348816492, 173385.711107570969034 ] ] } },
{ "type": "Feature", "properties": { "JOURNEY_LINK_ID": 18, "SEGMENT_ID": 8, "SEGMENT_LENGTH": 77.759075229200135, "DIST_TO_SENSOR": 9.9418010069143037, "NEAREST_SITE_ID": 500.0, "SITE_TOTAL_LENGTH": 28677.983496930894, "LENGTH_PROPORTION": 0.0027114554702746753 }, "geometry": { "type": "LineString", "coordinates": [ [ 359513.046681348816492, 173385.711107570969034 ], [ 359490.221034615533426, 173311.377645175438374 ] ] } },
{ "type": "Feature", "properties": { "JOURNEY_LINK_ID": 18, "SEGMENT_ID": 9, "SEGMENT_LENGTH": 32.333401502261431, "DIST_TO_SENSOR": 76.532182330208542, "NEAREST_SITE_ID": 500.0, "SITE_TOTAL_LENGTH": 28677.983496930894, "LENGTH_PROPORTION": 0.00112746426211319 }, "geometry": { "type": "LineString", "coordinates": [ [ 359490.221034615533426, 173311.377645175438374 ], [ 359490.176720284274779, 173305.817150189250242 ], [ 359492.048599232686684, 173279.109938850218896 ] ] } },
{ "type": "Feature", "properties": { "JOURNEY_LINK_ID": 18, "SEGMENT_ID": 10, "SEGMENT_LENGTH": 194.85944588775354, "DIST_TO_SENSOR": 106.20108741924608, "NEAREST_SITE_ID": 500.0, "SITE_TOTAL_LENGTH": 28677.983496930894, "LENGTH_PROPORTION": 0.0067947401500041771 }, "geometry": { "type": "LineString", "coordinates": [ [ 359492.048599232686684, 173279.109938850218896 ], [ 359516.503176428144798, 173208.847287401731592 ], [ 359539.006950002512895, 173155.283009151695296 ], [ 359548.486514887190424, 173124.066348519350868 ], [ 359555.204788993753027, 173095.096132787584793 ] ] } },
{ "type": "Feature", "properties": { "JOURNEY_LINK_ID": 18, "SEGMENT_ID": 11, "SEGMENT_LENGTH": 95.684342247148379, "DIST_TO_SENSOR": 287.82560570445088, "NEAREST_SITE_ID": 500.0, "SITE_TOTAL_LENGTH": 28677.983496930894, "LENGTH_PROPORTION": 0.003336508728285881 }, "geometry": { "type": "LineString", "coordinates": [ [ 359555.204788993753027, 173095.096132787584793 ], [ 359551.665341109212022, 172999.477276593097486 ] ] } },
{ "type": "Feature", "properties": { "JOURNEY_LINK_ID": 19, "SEGMENT_ID": 0, "SEGMENT_LENGTH": 36.161030717540847, "DIST_TO_SENSOR": 258.36143913372024, "NEAREST_SITE_ID": 500.0, "SITE_TOTAL_LENGTH": 28677.983496930894, "LENGTH_PROPORTION": 0.0012609335214036504 }, "geometry": { "type": "LineString", "coordinates": [ [ 359647.53124647657387, 173645.746606649307068 ], [ 359633.109715158876497, 173630.543838184967171 ], [ 359623.980997090053279, 173618.382622497447301 ] ] } },
{ "type": "Feature", "properties": { "JOURNEY_LINK_ID": 19, "SEGMENT_ID": 1, "SEGMENT_LENGTH": 65.448949888483938, "DIST_TO_SENSOR": 206.64822311562179, "NEAREST_SITE_ID": 500.0, "SITE_TOTAL_LENGTH": 28677.983496930894, "LENGTH_PROPORTION": 0.0022822019510363501 }, "geometry": { "type": "LineString", "coordinates": [ [ 359623.980997090053279, 173618.382622497447301 ], [ 359569.499513946240768, 173582.115102097566705 ] ] } },
{ "type": "Feature", "properties": { "JOURNEY_LINK_ID": 19, "SEGMENT_ID": 2, "SEGMENT_LENGTH": 23.121222403277557, "DIST_TO_SENSOR": 193.11034048062902, "NEAREST_SITE_ID": 500.0, "SITE_TOTAL_LENGTH": 28677.983496930894, "LENGTH_PROPORTION": 0.0008062359895615387 }, "geometry": { "type": "LineString", "coordinates": [ [ 359569.499513946240768, 173582.115102097566705 ], [ 359548.577830184658524, 173572.272639295901172 ] ] } },
{ "type": "Feature", "properties": { "JOURNEY_LINK_ID": 19, "SEGMENT_ID": 3, "SEGMENT_LENGTH": 29.455533050434877, "DIST_TO_SENSOR": 164.39105693814722, "NEAREST_SITE_ID": 500.0, "SITE_TOTAL_LENGTH": 28677.983496930894, "LENGTH_PROPORTION": 0.001027113118102854 }, "geometry": { "type": "LineString", "coordinates": [ [ 359548.577830184658524, 173572.272639295901172 ], [ 359538.630072498810478, 173544.547730922582559 ] ] } },
{ "type": "Feature", "properties": { "JOURNEY_LINK_ID": 19, "SEGMENT_ID": 4, "SEGMENT_LENGTH": 77.538796191910436, "DIST_TO_SENSOR": 90.86965001593407, "NEAREST_SITE_ID": 500.0, "SITE_TOTAL_LENGTH": 28677.983496930894, "LENGTH_PROPORTION": 0.0027037743501110742 }, "geometry": { "type": "LineString", "coordinates": [ [ 359538.630072498810478, 173544.547730922582559 ], [ 359549.134512676508166, 173467.723765576840378 ] ] } },
{ "type": "Feature", "properties": { "JOURNEY_LINK_ID": 19, "SEGMENT_ID": 5, "SEGMENT_LENGTH": 28.834577755226146, "DIST_TO_SENSOR": 62.050481840565155, "NEAREST_SITE_ID": 500.0, "SITE_TOTAL_LENGTH": 28677.983496930894, "LENGTH_PROPORTION": 0.0010054604347726195 }, "geometry": { "type": "LineString", "coordinates": [ [ 359549.134512676508166, 173467.723765576840378 ], [ 359541.270716800994705, 173439.982215714757331 ] ] } },
{ "type": "Feature", "properties": { "JOURNEY_LINK_ID": 19, "SEGMENT_ID": 6, "SEGMENT_LENGTH": 61.195789386023392, "DIST_TO_SENSOR": 10.117136423656262, "NEAREST_SITE_ID": 500.0, "SITE_TOTAL_LENGTH": 28677.983496930894, "LENGTH_PROPORTION": 0.0021338944348221881 }, "geometry": { "type": "LineString", "coordinates": [ [ 359541.270716800994705, 173439.982215714757331 ], [ 359535.615279874706175, 173427.793428912584204 ], [ 359529.273957234690897, 173416.722372463264037 ], [ 359513.046681348816492, 173385.711107570969034 ] ] } },
{ "type": "Feature", "properties": { "JOURNEY_LINK_ID": 19, "SEGMENT_ID": 7, "SEGMENT_LENGTH": 77.759075229200135, "DIST_TO_SENSOR": 9.9418010069143037, "NEAREST_SITE_ID": 500.0, "SITE_TOTAL_LENGTH": 28677.983496930894, "LENGTH_PROPORTION": 0.0027114554702746753 }, "geometry": { "type": "LineString", "coordinates": [ [ 359513.046681348816492, 173385.711107570969034 ], [ 359490.221034615533426, 173311.377645175438374 ] ] } },
{ "type": "Feature", "properties": { "JOURNEY_LINK_ID": 19, "SEGMENT_ID": 8, "SEGMENT_LENGTH": 32.333401502261431, "DIST_TO_SENSOR": 76.532182330208542, "NEAREST_SITE_ID": 500.0, "SITE_TOTAL_LENGTH": 28677.983496930894, "LENGTH_PROPORTION": 0.00112746426211319 }, "geometry": { "type": "LineString", "coordinates": [ [ 359490.221034615533426, 173311.377645175438374 ], [ 359490.176720284274779, 173305.817150189250242 ], [ 359492.048599232686684, 173279.109938850218896 ] ] } },
{ "type": "Feature", "properties": { "JOURNEY_LINK_ID": 19, "SEGMENT_ID": 9, "SEGMENT_LENGTH": 194.85944588775354, "DIST_TO_SENSOR": 106.20108741924608, "NEAREST_SITE_ID": 500.0, "SITE_TOTAL_LENGTH": 28677.983496930894, "LENGTH_PROPORTION": 0.0067947401500041771 }, "geometry": { "type": "LineString", "coordinates": [ [ 359492.048599232686684, 173279.109938850218896 ], [ 359516.503176428144798, 173208.847287401731592 ], [ 359539.006950002512895, 173155.283009151695296 ], [ 359548.486514887190424, 173124.066348519350868 ], [ 359555.204788993753027, 173095.096132787584793 ] ] } },
{ "type": "Feature", "properties": { "JOURNEY_LINK_ID": 19, "SEGMENT_ID": 10, "SEGMENT_LENGTH": 95.684342247148379, "DIST_TO_SENSOR": 287.82560570445088, "NEAREST_SITE_ID": 500.0, "SITE_TOTAL_LENGTH": 28677.983496930894, "LENGTH_PROPORTION": 0.003336508728285881 }, "geometry": { "type": "LineString", "coordinates": [ [ 359555.204788993753027, 173095.096132787584793 ], [ 359551.665341109212022, 172999.477276593097486 ] ] } },
{ "type": "Feature", "properties": { "JOURNEY_LINK_ID": 59, "SEGMENT_ID": 1, "SEGMENT_LENGTH": 10.283517204730687, "DIST_TO_SENSOR": 294.68009718711903, "NEAREST_SITE_ID": 500.0, "SITE_TOTAL_LENGTH": 28677.983496930894, "LENGTH_PROPORTION": 0.00035858578431189995 }, "geometry": { "type": "LineString", "coordinates": [ [ 359761.008417449018452, 173199.114603330148384 ], [ 359751.255018522497267, 173195.855472237337381 ] ] } },
{ "type": "Feature", "properties": { "JOURNEY_LINK_ID": 59, "SEGMENT_ID": 2, "SEGMENT_LENGTH": 76.070246670253397, "DIST_TO_SENSOR": 275.73260006689014, "NEAREST_SITE_ID": 500.0, "SITE_TOTAL_LENGTH": 28677.983496930894, "LENGTH_PROPORTION": 0.0026525660940698429 }, "geometry": { "type": "LineString", "coordinates": [ [ 359751.255018522497267, 173195.855472237337381 ], [ 359684.94994669087464, 173158.568478823057376 ] ] } },
{ "type": "Feature", "properties": { "JOURNEY_LINK_ID": 59, "SEGMENT_ID": 3, "SEGMENT_LENGTH": 116.16947690239684, "DIST_TO_SENSOR": 261.77034003877714, "NEAREST_SITE_ID": 500.0, "SITE_TOTAL_LENGTH": 28677.983496930894, "LENGTH_PROPORTION": 0.0040508244561487123 }, "geometry": { "type": "LineString", "coordinates": [ [ 359684.94994669087464, 173158.568478823057376 ], [ 359652.206300011835992, 173147.707392492156941 ], [ 359628.530165525036864, 173141.222868291602936 ], [ 359574.871386533544865, 173121.631505057332106 ] ] } },
{ "type": "Feature", "properties": { "JOURNEY_LINK_ID": 59, "SEGMENT_ID": 4, "SEGMENT_LENGTH": 8.0592449070736709, "DIST_TO_SENSOR": 264.70247388871201, "NEAREST_SITE_ID": 500.0, "SITE_TOTAL_LENGTH": 28677.983496930894, "LENGTH_PROPORTION": 0.00028102550892171929 }, "geometry": { "type": "LineString", "coordinates": [ [ 359574.871386533544865, 173121.631505057332106 ], [ 359572.725096137961373, 173113.863309255859349 ] ] } },
{ "type": "Feature", "properties": { "JOURNEY_LINK_ID": 59, "SEGMENT_ID": 5, "SEGMENT_LENGTH": 6.2164609805401199, "DIST_TO_SENSOR": 271.90999783004685, "NEAREST_SITE_ID": 500.0, "SITE_TOTAL_LENGTH": 28677.983496930894, "LENGTH_PROPORTION": 0.00021676771594506995 }, "geometry": { "type": "LineString", "coordinates": [ [ 359572.725096137961373, 173113.863309255859349 ], [ 359569.901744875358418, 173108.324981460347772 ] ] } },
{ "type": "Feature", "properties": { "JOURNEY_LINK_ID": 59, "SEGMENT_ID": 6, "SEGMENT_LENGTH": 286.22104368430269, "DIST_TO_SENSOR": 276.85057864794794, "NEAREST_SITE_ID": 500.0, "SITE_TOTAL_LENGTH": 28677.983496930894, "LENGTH_PROPORTION": 0.0099805149729210885 }, "geometry": { "type": "LineString", "coordinates": [ [ 359569.901744875358418, 173108.324981460347772 ], [ 359568.353003985248506, 173088.318170488520991 ], [ 359568.326533273095265, 173084.981854938203469 ], [ 359560.012157071614638, 173000.522726062859874 ], [ 359552.077398872817867, 172963.884250391332898 ], [ 359528.449415674840566, 172876.211080168955959 ], [ 359517.057786109042354, 172841.824521753878798 ], [ 359511.401677495217882, 172829.635815796267707 ] ] } },
{ "type": "Feature", "properties": { "JOURNEY_LINK_ID": 75, "SEGMENT_ID": 0, "SEGMENT_LENGTH": 61.898599634822695, "DIST_TO_SENSOR": 192.89618245307673, "NEAREST_SITE_ID": 500.0, "SITE_TOTAL_LENGTH": 28677.983496930894, "LENGTH_PROPORTION": 0.0021584013967176968 }, "geometry": { "type": "LineString", "coordinates": [ [ 359339.08811400498962, 173529.241197095019743 ], [ 359400.956001787097193, 173531.190837608708534 ] ] } },
{ "type": "Feature", "properties": { "JOURNEY_LINK_ID": 75, "SEGMENT_ID": 1, "SEGMENT_LENGTH": 57.051594942811249, "DIST_TO_SENSOR": 178.02125168068048, "NEAREST_SITE_ID": 500.0, "SITE_TOTAL_LENGTH": 28677.983496930894, "LENGTH_PROPORTION": 0.0019893865602132344 }, "geometry": { "type": "LineString", "coordinates": [ [ 359400.956001787097193, 173531.190837608708534 ], [ 359455.964843254187144, 173546.320670587534551 ] ] } },
{ "type": "Feature", "properties": { "JOURNEY_LINK_ID": 75, "SEGMENT_ID": 2, "SEGMENT_LENGTH": 172.26392664096937, "DIST_TO_SENSOR": 178.02125168068048, "NEAREST_SITE_ID": 500.0, "SITE_TOTAL_LENGTH": 28677.983496930894, "LENGTH_PROPORTION": 0.0060068354059623821 }, "geometry": { "type": "LineString", "coordinates": [ [ 359455.964843254187144, 173546.320670587534551 ], [ 359516.031633495818824, 173585.878614778106567 ], [ 359538.360647664871067, 173597.934172365290578 ], [ 359569.105853757180739, 173619.932162443699781 ], [ 359599.842277661839034, 173640.818397244613152 ] ] } },
{ "type": "Feature", "properties": { "JOURNEY_LINK_ID": 75, "SEGMENT_ID": 3, "SEGMENT_LENGTH": 34.817940224680832, "DIST_TO_SENSOR": 271.21901264554515, "NEAREST_SITE_ID": 500.0, "SITE_TOTAL_LENGTH": 28677.983496930894, "LENGTH_PROPORTION": 0.0012141000160770382 }, "geometry": { "type": "LineString", "coordinates": [ [ 359599.842277661839034, 173640.818397244613152 ], [ 359633.109715158876497, 173630.543838184967171 ] ] } },
{ "type": "Feature", "properties": { "JOURNEY_LINK_ID": 75, "SEGMENT_ID": 4, "SEGMENT_LENGTH": 15.206204673699448, "DIST_TO_SENSOR": 258.36143913372024, "NEAREST_SITE_ID": 500.0, "SITE_TOTAL_LENGTH": 28677.983496930894, "LENGTH_PROPORTION": 0.00053023967585889744 }, "geometry": { "type": "LineString", "coordinates": [ [ 359633.109715158876497, 173630.543838184967171 ], [ 359623.980997090053279, 173618.382622497447301 ] ] } },
{ "type": "Feature", "properties": { "JOURNEY_LINK_ID": 75, "SEGMENT_ID": 5, "SEGMENT_LENGTH": 65.448949888483938, "DIST_TO_SENSOR": 206.64822311562179, "NEAREST_SITE_ID": 500.0, "SITE_TOTAL_LENGTH": 28677.983496930894, "LENGTH_PROPORTION": 0.0022822019510363501 }, "geometry": { "type": "LineString", "coordinates": [ [ 359623.980997090053279, 173618.382622497447301 ], [ 359569.499513946240768, 173582.115102097566705 ] ] } },
{ "type": "Feature", "properties": { "JOURNEY_LINK_ID": 75, "SEGMENT_ID": 6, "SEGMENT_LENGTH": 23.121222403277557, "DIST_TO_SENSOR": 193.11034048062902, "NEAREST_SITE_ID": 500.0, "SITE_TOTAL_LENGTH": 28677.983496930894, "LENGTH_PROPORTION": 0.0008062359895615387 }, "geometry": { "type": "LineString", "coordinates": [ [ 359569.499513946240768, 173582.115102097566705 ], [ 359548.577830184658524, 173572.272639295901172 ] ] } },
{ "type": "Feature", "properties": { "JOURNEY_LINK_ID": 75, "SEGMENT_ID": 7, "SEGMENT_LENGTH": 29.455533050434877, "DIST_TO_SENSOR": 164.39105693814722, "NEAREST_SITE_ID": 500.0, "SITE_TOTAL_LENGTH": 28677.983496930894, "LENGTH_PROPORTION": 0.001027113118102854 }, "geometry": { "type": "LineString", "coordinates": [ [ 359548.577830184658524, 173572.272639295901172 ], [ 359538.630072498810478, 173544.547730922582559 ] ] } },
{ "type": "Feature", "properties": { "JOURNEY_LINK_ID": 75, "SEGMENT_ID": 8, "SEGMENT_LENGTH": 77.538796191910436, "DIST_TO_SENSOR": 90.86965001593407, "NEAREST_SITE_ID": 500.0, "SITE_TOTAL_LENGTH": 28677.983496930894, "LENGTH_PROPORTION": 0.0027037743501110742 }, "geometry": { "type": "LineString", "coordinates": [ [ 359538.630072498810478, 173544.547730922582559 ], [ 359549.134512676508166, 173467.723765576840378 ] ] } },
{ "type": "Feature", "properties": { "JOURNEY_LINK_ID": 75, "SEGMENT_ID": 9, "SEGMENT_LENGTH": 28.834577755226146, "DIST_TO_SENSOR": 62.050481840565155, "NEAREST_SITE_ID": 500.0, "SITE_TOTAL_LENGTH": 28677.983496930894, "LENGTH_PROPORTION": 0.0010054604347726195 }, "geometry": { "type": "LineString", "coordinates": [ [ 359549.134512676508166, 173467.723765576840378 ], [ 359541.270716800994705, 173439.982215714757331 ] ] } },
{ "type": "Feature", "properties": { "JOURNEY_LINK_ID": 75, "SEGMENT_ID": 10, "SEGMENT_LENGTH": 61.195789386023392, "DIST_TO_SENSOR": 10.117136423656262, "NEAREST_SITE_ID": 500.0, "SITE_TOTAL_LENGTH": 28677.983496930894, "LENGTH_PROPORTION": 0.0021338944348221881 }, "geometry": { "type": "LineString", "coordinates": [ [ 359541.270716800994705, 173439.982215714757331 ], [ 359535.615279874706175, 173427.793428912584204 ], [ 359529.273957234690897, 173416.722372463264037 ], [ 359513.046681348816492, 173385.711107570969034 ] ] } },
{ "type": "Feature", "properties": { "JOURNEY_LINK_ID": 75, "SEGMENT_ID": 11, "SEGMENT_LENGTH": 77.759075229200135, "DIST_TO_SENSOR": 9.9418010069143037, "NEAREST_SITE_ID": 500.0, "SITE_TOTAL_LENGTH": 28677.983496930894, "LENGTH_PROPORTION": 0.0027114554702746753 }, "geometry": { "type": "LineString", "coordinates": [ [ 359513.046681348816492, 173385.711107570969034 ], [ 359490.221034615533426, 173311.377645175438374 ] ] } },
{ "type": "Feature", "properties": { "JOURNEY_LINK_ID": 75, "SEGMENT_ID": 12, "SEGMENT_LENGTH": 32.333401502261431, "DIST_TO_SENSOR": 76.532182330208542, "NEAREST_SITE_ID": 500.0, "SITE_TOTAL_LENGTH": 28677.983496930894, "LENGTH_PROPORTION": 0.00112746426211319 }, "geometry": { "type": "LineString", "coordinates": [ [ 359490.221034615533426, 173311.377645175438374 ], [ 359490.176720284274779, 173305.817150189250242 ], [ 359492.048599232686684, 173279.109938850218896 ] ] } },
{ "type": "Feature", "properties": { "JOURNEY_LINK_ID": 75, "SEGMENT_ID": 13, "SEGMENT_LENGTH": 136.17228406706352, "DIST_TO_SENSOR": 106.20108741924608, "NEAREST_SITE_ID": 500.0, "SITE_TOTAL_LENGTH": 28677.983496930894, "LENGTH_PROPORTION": 0.0047483214460192647 }, "geometry": { "type": "LineString", "coordinates": [ [ 359492.048599232686684, 173279.109938850218896 ], [ 359520.760460998921189, 173219.935026258172002 ], [ 359530.996506884752307, 173196.497538851690479 ], [ 359543.985413504007738, 173169.701572442718316 ], [ 359550.827218999154866, 173156.300794989801943 ] ] } },
{ "type": "Feature", "properties": { "JOURNEY_LINK_ID": 75, "SEGMENT_ID": 14, "SEGMENT_LENGTH": 17.687064835877415, "DIST_TO_SENSOR": 226.54081594149926, "NEAREST_SITE_ID": 500.0, "SITE_TOTAL_LENGTH": 28677.983496930894, "LENGTH_PROPORTION": 0.00061674715859189597 }, "geometry": { "type": "LineString", "coordinates": [ [ 359550.827218999154866, 173156.300794989801943 ], [ 359566.04211916658096, 173147.281977140228264 ] ] } },
{ "type": "Feature", "properties": { "JOURNEY_LINK_ID": 75, "SEGMENT_ID": 15, "SEGMENT_LENGTH": 202.17970983369869, "DIST_TO_SENSOR": 237.83113530024329, "NEAREST_SITE_ID": 500.0, "SITE_TOTAL_LENGTH": 28677.983496930894, "LENGTH_PROPORTION": 0.007049997425911619 }, "geometry": { "type": "LineString", "coordinates": [ [ 359566.04211916658096, 173147.281977140228264 ], [ 359655.812507710652426, 173164.36130586231593 ], [ 359673.226545621815603, 173169.783610851387493 ], [ 359726.875535936967935, 173188.263911754416768 ], [ 359751.255018522497267, 173195.855472237337381 ], [ 359761.008417449018452, 173199.114603330148384 ] ] } },
{ "type": "Feature", "properties": { "JOURNEY_LINK_ID": 82, "SEGMENT_ID": 0, "SEGMENT_LENGTH": 64.33326985432393, "DIST_TO_SENSOR": 192.89618245307673, "NEAREST_SITE_ID": 500.0, "SITE_TOTAL_LENGTH": 28677.983496930894, "LENGTH_PROPORTION": 0.0022432982382184874 }, "geometry": { "type": "LineString", "coordinates": [ [ 359338.580194179841783, 173546.939749808982015 ], [ 359400.956001787097193, 173531.190837608708534 ] ] } },
{ "type": "Feature", "properties": { "JOURNEY_LINK_ID": 82, "SEGMENT_ID": 1, "SEGMENT_LENGTH": 57.051594942811249, "DIST_TO_SENSOR": 178.02125168068048, "NEAREST_SITE_ID": 500.0, "SITE_TOTAL_LENGTH": 28677.983496930894, "LENGTH_PROPORTION": 0.0019893865602132344 }, "geometry": { "type": "LineString", "coordinates": [ [ 359400.956001787097193, 173531.190837608708534 ], [ 359455.964843254187144, 173546.320670587534551 ] ] } },
{ "type": "Feature", "properties": { "JOURNEY_LINK_ID": 82, "SEGMENT_ID": 2, "SEGMENT_LENGTH": 172.26392664096937, "DIST_TO_SENSOR": 178.02125168068048, "NEAREST_SITE_ID": 500.0, "SITE_TOTAL_LENGTH": 28677.983496930894, "LENGTH_PROPORTION": 0.0060068354059623821 }, "geometry": { "type": "LineString", "coordinates": [ [ 359455.964843254187144, 173546.320670587534551 ], [ 359516.031633495818824, 173585.878614778106567 ], [ 359538.360647664871067, 173597.934172365290578 ], [ 359569.105853757180739, 173619.932162443699781 ], [ 359599.842277661839034, 173640.818397244613152 ] ] } },
{ "type": "Feature", "properties": { "JOURNEY_LINK_ID": 82, "SEGMENT_ID": 3, "SEGMENT_LENGTH": 34.817940224680832, "DIST_TO_SENSOR": 271.21901264554515, "NEAREST_SITE_ID": 500.0, "SITE_TOTAL_LENGTH": 28677.983496930894, "LENGTH_PROPORTION": 0.0012141000160770382 }, "geometry": { "type": "LineString", "coordinates": [ [ 359599.842277661839034, 173640.818397244613152 ], [ 359633.109715158876497, 173630.543838184967171 ] ] } },
{ "type": "Feature", "properties": { "JOURNEY_LINK_ID": 82, "SEGMENT_ID": 4, "SEGMENT_LENGTH": 15.206204673699448, "DIST_TO_SENSOR": 258.36143913372024, "NEAREST_SITE_ID": 500.0, "SITE_TOTAL_LENGTH": 28677.983496930894, "LENGTH_PROPORTION": 0.00053023967585889744 }, "geometry": { "type": "LineString", "coordinates": [ [ 359633.109715158876497, 173630.543838184967171 ], [ 359623.980997090053279, 173618.382622497447301 ] ] } },
{ "type": "Feature", "properties": { "JOURNEY_LINK_ID": 82, "SEGMENT_ID": 5, "SEGMENT_LENGTH": 65.448949888483938, "DIST_TO_SENSOR": 206.64822311562179, "NEAREST_SITE_ID": 500.0, "SITE_TOTAL_LENGTH": 28677.983496930894, "LENGTH_PROPORTION": 0.0022822019510363501 }, "geometry": { "type": "LineString", "coordinates": [ [ 359623.980997090053279, 173618.382622497447301 ], [ 359569.499513946240768, 173582.115102097566705 ] ] } },
{ "type": "Feature", "properties": { "JOURNEY_LINK_ID": 82, "SEGMENT_ID": 6, "SEGMENT_LENGTH": 23.121222403277557, "DIST_TO_SENSOR": 193.11034048062902, "NEAREST_SITE_ID": 500.0, "SITE_TOTAL_LENGTH": 28677.983496930894, "LENGTH_PROPORTION": 0.0008062359895615387 }, "geometry": { "type": "LineString", "coordinates": [ [ 359569.499513946240768, 173582.115102097566705 ], [ 359548.577830184658524, 173572.272639295901172 ] ] } },
{ "type": "Feature", "properties": { "JOURNEY_LINK_ID": 82, "SEGMENT_ID": 7, "SEGMENT_LENGTH": 29.455533050434877, "DIST_TO_SENSOR": 164.39105693814722, "NEAREST_SITE_ID": 500.0, "SITE_TOTAL_LENGTH": 28677.983496930894, "LENGTH_PROPORTION": 0.001027113118102854 }, "geometry": { "type": "LineString", "coordinates": [ [ 359548.577830184658524, 173572.272639295901172 ], [ 359538.630072498810478, 173544.547730922582559 ] ] } },
{ "type": "Feature", "properties": { "JOURNEY_LINK_ID": 82, "SEGMENT_ID": 8, "SEGMENT_LENGTH": 77.538796191910436, "DIST_TO_SENSOR": 90.86965001593407, "NEAREST_SITE_ID": 500.0, "SITE_TOTAL_LENGTH": 28677.983496930894, "LENGTH_PROPORTION": 0.0027037743501110742 }, "geometry": { "type": "LineString", "coordinates": [ [ 359538.630072498810478, 173544.547730922582559 ], [ 359549.134512676508166, 173467.723765576840378 ] ] } },
{ "type": "Feature", "properties": { "JOURNEY_LINK_ID": 82, "SEGMENT_ID": 9, "SEGMENT_LENGTH": 28.834577755226146, "DIST_TO_SENSOR": 62.050481840565155, "NEAREST_SITE_ID": 500.0, "SITE_TOTAL_LENGTH": 28677.983496930894, "LENGTH_PROPORTION": 0.0010054604347726195 }, "geometry": { "type": "LineString", "coordinates": [ [ 359549.134512676508166, 173467.723765576840378 ], [ 359541.270716800994705, 173439.982215714757331 ] ] } },
{ "type": "Feature", "properties": { "JOURNEY_LINK_ID": 82, "SEGMENT_ID": 10, "SEGMENT_LENGTH": 61.195789386023392, "DIST_TO_SENSOR": 10.117136423656262, "NEAREST_SITE_ID": 500.0, "SITE_TOTAL_LENGTH": 28677.983496930894, "LENGTH_PROPORTION": 0.0021338944348221881 }, "geometry": { "type": "LineString", "coordinates": [ [ 359541.270716800994705, 173439.982215714757331 ], [ 359535.615279874706175, 173427.793428912584204 ], [ 359529.273957234690897, 173416.722372463264037 ], [ 359513.046681348816492, 173385.711107570969034 ] ] } },
{ "type": "Feature", "properties": { "JOURNEY_LINK_ID": 82, "SEGMENT_ID": 11, "SEGMENT_LENGTH": 77.759075229200135, "DIST_TO_SENSOR": 9.9418010069143037, "NEAREST_SITE_ID": 500.0, "SITE_TOTAL_LENGTH": 28677.983496930894, "LENGTH_PROPORTION": 0.0027114554702746753 }, "geometry": { "type": "LineString", "coordinates": [ [ 359513.046681348816492, 173385.711107570969034 ], [ 359490.221034615533426, 173311.377645175438374 ] ] } },
{ "type": "Feature", "properties": { "JOURNEY_LINK_ID": 82, "SEGMENT_ID": 12, "SEGMENT_LENGTH": 32.333401502261431, "DIST_TO_SENSOR": 76.532182330208542, "NEAREST_SITE_ID": 500.0, "SITE_TOTAL_LENGTH": 28677.983496930894, "LENGTH_PROPORTION": 0.00112746426211319 }, "geometry": { "type": "LineString", "coordinates": [ [ 359490.221034615533426, 173311.377645175438374 ], [ 359490.176720284274779, 173305.817150189250242 ], [ 359492.048599232686684, 173279.109938850218896 ] ] } },
{ "type": "Feature", "properties": { "JOURNEY_LINK_ID": 82, "SEGMENT_ID": 13, "SEGMENT_LENGTH": 194.85944588775354, "DIST_TO_SENSOR": 106.20108741924608, "NEAREST_SITE_ID": 500.0, "SITE_TOTAL_LENGTH": 28677.983496930894, "LENGTH_PROPORTION": 0.0067947401500041771 }, "geometry": { "type": "LineString", "coordinates": [ [ 359492.048599232686684, 173279.109938850218896 ], [ 359516.503176428144798, 173208.847287401731592 ], [ 359539.006950002512895, 173155.283009151695296 ], [ 359548.486514887190424, 173124.066348519350868 ], [ 359555.204788993753027, 173095.096132787584793 ] ] } },
{ "type": "Feature", "properties": { "JOURNEY_LINK_ID": 82, "SEGMENT_ID": 14, "SEGMENT_LENGTH": 95.684342247148379, "DIST_TO_SENSOR": 287.82560570445088, "NEAREST_SITE_ID": 500.0, "SITE_TOTAL_LENGTH": 28677.983496930894, "LENGTH_PROPORTION": 0.003336508728285881 }, "geometry": { "type": "LineString", "coordinates": [ [ 359555.204788993753027, 173095.096132787584793 ], [ 359551.665341109212022, 172999.477276593097486 ] ] } },
{ "type": "Feature", "properties": { "JOURNEY_LINK_ID": 88, "SEGMENT_ID": 22, "SEGMENT_LENGTH": 87.861809898975778, "DIST_TO_SENSOR": 289.0669169958677, "NEAREST_SITE_ID": 500.0, "SITE_TOTAL_LENGTH": 28677.983496930894, "LENGTH_PROPORTION": 0.0030637373756902649 }, "geometry": { "type": "LineString", "coordinates": [ [ 359544.761380899930373, 173005.093277434410993 ], [ 359546.154635220766068, 173092.944039987283759 ] ] } },
{ "type": "Feature", "properties": { "JOURNEY_LINK_ID": 88, "SEGMENT_ID": 23, "SEGMENT_LENGTH": 208.91257055097958, "DIST_TO_SENSOR": 102.87959279492409, "NEAREST_SITE_ID": 500.0, "SITE_TOTAL_LENGTH": 28677.983496930894, "LENGTH_PROPORTION": 0.0072847719775463752 }, "geometry": { "type": "LineString", "coordinates": [ [ 359546.154635220766068, 173092.944039987283759 ], [ 359538.741650783165824, 173121.919848263787571 ], [ 359529.262083664012607, 173153.136510401440319 ], [ 359508.834009871061426, 173205.572077701450326 ], [ 359491.105949395161588, 173247.976538966817316 ], [ 359475.453581981710158, 173289.252293852565344 ] ] } },
{ "type": "Feature", "properties": { "JOURNEY_LINK_ID": 88, "SEGMENT_ID": 24, "SEGMENT_LENGTH": 51.327842588382239, "DIST_TO_SENSOR": 58.410939412316388, "NEAREST_SITE_ID": 500.0, "SITE_TOTAL_LENGTH": 28677.983496930894, "LENGTH_PROPORTION": 0.0017897995719913613 }, "geometry": { "type": "LineString", "coordinates": [ [ 359475.453581981710158, 173289.252293852565344 ], [ 359480.029685398330912, 173340.375739572686143 ] ] } },
{ "type": "Feature", "properties": { "JOURNEY_LINK_ID": 88, "SEGMENT_ID": 25, "SEGMENT_LENGTH": 133.06912511349077, "DIST_TO_SENSOR": 21.043865887372338, "NEAREST_SITE_ID": 500.0, "SITE_TOTAL_LENGTH": 28677.983496930894, "LENGTH_PROPORTION": 0.0046401144323042019 }, "geometry": { "type": "LineString", "coordinates": [ [ 359480.029685398330912, 173340.375739572686143 ], [ 359535.8810776573373, 173461.156590874539688 ] ] } },
{ "type": "Feature", "properties": { "JOURNEY_LINK_ID": 88, "SEGMENT_ID": 26, "SEGMENT_LENGTH": 99.456167525469226, "DIST_TO_SENSOR": 81.349636616013029, "NEAREST_SITE_ID": 500.0, "SITE_TOTAL_LENGTH": 28677.983496930894, "LENGTH_PROPORTION": 0.003468032106794154 }, "geometry": { "type": "LineString", "coordinates": [ [ 359535.8810776573373, 173461.156590874539688 ], [ 359528.067046384443529, 173526.837275687023066 ], [ 359519.987318096274976, 173559.154874696978368 ] ] } },
{ "type": "Feature", "properties": { "JOURNEY_LINK_ID": 88, "SEGMENT_ID": 27, "SEGMENT_LENGTH": 34.444297590576504, "DIST_TO_SENSOR": 178.16624334239538, "NEAREST_SITE_ID": 500.0, "SITE_TOTAL_LENGTH": 28677.983496930894, "LENGTH_PROPORTION": 0.0012010711141619396 }, "geometry": { "type": "LineString", "coordinates": [ [ 359519.987318096274976, 173559.154874696978368 ], [ 359486.290587242343463, 173566.292098685749806 ] ] } },
{ "type": "Feature", "properties": { "JOURNEY_LINK_ID": 88, "SEGMENT_ID": 28, "SEGMENT_LENGTH": 97.104676997035497, "DIST_TO_SENSOR": 186.0113475397589, "NEAREST_SITE_ID": 500.0, "SITE_TOTAL_LENGTH": 28677.983496930894, "LENGTH_PROPORTION": 0.0033860357373951206 }, "geometry": { "type": "LineString", "coordinates": [ [ 359486.290587242343463, 173566.292098685749806 ], [ 359395.391759538790211, 173532.134794681798667 ] ] } },
{ "type": "Feature", "properties": { "JOURNEY_LINK_ID": 88, "SEGMENT_ID": 29, "SEGMENT_LENGTH": 158.83670222801538, "DIST_TO_SENSOR": 197.15824283096296, "NEAREST_SITE_ID": 500.0, "SITE_TOTAL_LENGTH": 28677.983496930894, "LENGTH_PROPORTION": 0.0055386286921119826 }, "geometry": { "type": "LineString", "coordinates": [ [ 359395.391759538790211, 173532.134794681798667 ], [ 359323.87991442985367, 173544.019034960889257 ], [ 359237.580273286439478, 173546.789129379612859 ] ] } },
{ "type": "Feature", "properties": { "JOURNEY_LINK_ID": 138, "SEGMENT_ID": 20, "SEGMENT_LENGTH": 104.17662756572466, "DIST_TO_SENSOR": 242.32675695679964, "NEAREST_SITE_ID": 501.0, "SITE_TOTAL_LENGTH": 8896.6427394330349, "LENGTH_PROPORTION": 0.011709656172207228 }, "geometry": { "type": "LineString", "coordinates": [ [ 358296.181648143334314, 173100.853666393610183 ], [ 358399.147558730328456, 173116.690048176038545 ] ] } },
{ "type": "Feature", "properties": { "JOURNEY_LINK_ID": 138, "SEGMENT_ID": 21, "SEGMENT_LENGTH": 70.265129767095033, "DIST_TO_SENSOR": 188.39980934960931, "NEAREST_SITE_ID": 501.0, "SITE_TOTAL_LENGTH": 8896.6427394330349, "LENGTH_PROPORTION": 0.0078979376631204239 }, "geometry": { "type": "LineString", "coordinates": [ [ 358399.147558730328456, 173116.690048176038545 ], [ 358461.257798286911566, 173149.545893978734966 ] ] } },
{ "type": "Feature", "properties": { "JOURNEY_LINK_ID": 138, "SEGMENT_ID": 22, "SEGMENT_LENGTH": 89.871388558243609, "DIST_TO_SENSOR": 156.63369610466077, "NEAREST_SITE_ID": 501.0, "SITE_TOTAL_LENGTH": 8896.6427394330349, "LENGTH_PROPORTION": 0.010101719400274685 }, "geometry": { "type": "LineString", "coordinates": [ [ 358461.257798286911566, 173149.545893978734966 ], [ 358497.497945433016866, 173177.278459397377446 ], [ 358532.682713479269296, 173204.092571051907726 ] ] } },
{ "type": "Feature", "properties": { "JOURNEY_LINK_ID": 138, "SEGMENT_ID": 23, "SEGMENT_LENGTH": 84.642724896124989, "DIST_TO_SENSOR": 156.63369610466077, "NEAREST_SITE_ID": 501.0, "SITE_TOTAL_LENGTH": 8896.6427394330349, "LENGTH_PROPORTION": 0.0095140074042715916 }, "geometry": { "type": "LineString", "coordinates": [ [ 358532.682713479269296, 173204.092571051907726 ], [ 358578.3235035847174, 173275.375873138662428 ] ] } },
{ "type": "Feature", "properties": { "JOURNEY_LINK_ID": 138, "SEGMENT_ID": 24, "SEGMENT_LENGTH": 31.611990549660103, "DIST_TO_SENSOR": 195.36684609212952, "NEAREST_SITE_ID": 501.0, "SITE_TOTAL_LENGTH": 8896.6427394330349, "LENGTH_PROPORTION": 0.0035532494082902415 }, "geometry": { "type": "LineString", "coordinates": [ [ 358578.3235035847174, 173275.375873138662428 ], [ 358555.645670620317105, 173297.399356935522519 ] ] } },
{ "type": "Feature", "properties": { "JOURNEY_LINK_ID": 145, "SEGMENT_ID": 4, "SEGMENT_LENGTH": 104.18813256733077, "DIST_TO_SENSOR": 219.69306471532005, "NEAREST_SITE_ID": 501.0, "SITE_TOTAL_LENGTH": 8896.6427394330349, "LENGTH_PROPORTION": 0.011710949356832381 }, "geometry": { "type": "LineString", "coordinates": [ [ 358320.526664469158277, 173103.989901098248083 ], [ 358399.147558730328456, 173116.690048176038545 ], [ 358422.825253318995237, 173123.168842127081007 ] ] } },
{ "type": "Feature", "properties": { "JOURNEY_LINK_ID": 145, "SEGMENT_ID": 5, "SEGMENT_LENGTH": 20.652946016222803, "DIST_TO_SENSOR": 203.62619591199271, "NEAREST_SITE_ID": 501.0, "SITE_TOTAL_LENGTH": 8896.6427394330349, "LENGTH_PROPORTION": 0.0023214314231908757 }, "geometry": { "type": "LineString", "coordinates": [ [ 358422.825253318995237, 173123.168842127081007 ], [ 358440.97215522028273, 173133.029578942048829 ] ] } },
{ "type": "Feature", "properties": { "JOURNEY_LINK_ID": 145, "SEGMENT_ID": 6, "SEGMENT_LENGTH": 83.658964524612628, "DIST_TO_SENSOR": 163.54246408885788, "NEAREST_SITE_ID": 501.0, "SITE_TOTAL_LENGTH": 8896.6427394330349, "LENGTH_PROPORTION": 0.0094034308193366931 }, "geometry": { "type": "LineString", "coordinates": [ [ 358440.97215522028273, 173133.029578942048829 ], [ 358447.965672090998851, 173138.533187484019436 ], [ 358485.026518092607148, 173167.145999320840929 ], [ 358506.710616729862522, 173184.763272778654937 ] ] } },
{ "type": "Feature", "properties": { "JOURNEY_LINK_ID": 145, "SEGMENT_ID": 7, "SEGMENT_LENGTH": 506.30644592469827, "DIST_TO_SENSOR": 7.9253530309321096, "NEAREST_SITE_ID": 672.0, "SITE_TOTAL_LENGTH": 6368.3416060518648, "LENGTH_PROPORTION": 0.079503656877255593 }, "geometry": { "type": "LineString", "coordinates": [ [ 358506.710616729862522, 173184.763272778654937 ], [ 358566.367032831942197, 173257.678745483688544 ], [ 358578.3235035847174, 173275.375873138662428 ], [ 358585.371070597553626, 173287.552324958902318 ], [ 358606.486384268326219, 173320.745054928935133 ], [ 358639.566346714564133, 173372.747346018906683 ], [ 358652.226191827678122, 173391.55101884866599 ], [ 358701.529465807194356, 173473.450026384845842 ], [ 358725.413628556707408, 173505.508472328539938 ], [ 358732.42451133026043, 173513.236566047417 ], [ 358808.766242867393885, 173588.243195040442515 ] ] } },
{ "type": "Feature", "properties": { "JOURNEY_LINK_ID": 145, "SEGMENT_ID": 8, "SEGMENT_LENGTH": 24.944224445769496, "DIST_TO_SENSOR": 105.7370306763091, "NEAREST_SITE_ID": 672.0, "SITE_TOTAL_LENGTH": 6368.3416060518648, "LENGTH_PROPORTION": 0.0039169105536149135 }, "geometry": { "type": "LineString", "coordinates": [ [ 358808.766242867393885, 173588.243195040442515 ], [ 358833.127137003990356, 173593.606139200739563 ] ] } },
{ "type": "Feature", "properties": { "JOURNEY_LINK_ID": 145, "SEGMENT_ID": 9, "SEGMENT_LENGTH": 191.66576472816914, "DIST_TO_SENSOR": 128.33385626051455, "NEAREST_SITE_ID": 672.0, "SITE_TOTAL_LENGTH": 6368.3416060518648, "LENGTH_PROPORTION": 0.030096652564307835 }, "geometry": { "type": "LineString", "coordinates": [ [ 358833.127137003990356, 173593.606139200739563 ], [ 358886.630560407531448, 173594.283811741275713 ], [ 358935.234690669225529, 173590.553048752073664 ], [ 358983.804947056400124, 173582.190110617782921 ], [ 359023.349040407047141, 173575.381406041153241 ] ] } },
{ "type": "Feature", "properties": { "JOURNEY_LINK_ID": 158, "SEGMENT_ID": 7, "SEGMENT_LENGTH": 74.877618379605195, "DIST_TO_SENSOR": 293.92851089490944, "NEAREST_SITE_ID": 672.0, "SITE_TOTAL_LENGTH": 6368.3416060518648, "LENGTH_PROPORTION": 0.011757789234869035 }, "geometry": { "type": "LineString", "coordinates": [ [ 359084.135877315886319, 173531.51530399301555 ], [ 359080.644199606846087, 173529.31917227426311 ], [ 359059.008515817113221, 173517.260013968392741 ], [ 359020.590906467987224, 173491.990520013030618 ] ] } },
{ "type": "Feature", "properties": { "JOURNEY_LINK_ID": 158, "SEGMENT_ID": 8, "SEGMENT_LENGTH": 98.010838783948216, "DIST_TO_SENSOR": 260.80365485727998, "NEAREST_SITE_ID": 672.0, "SITE_TOTAL_LENGTH": 6368.3416060518648, "LENGTH_PROPORTION": 0.015390323705438172 }, "geometry": { "type": "LineString", "coordinates": [ [ 359020.590906467987224, 173491.990520013030618 ], [ 358974.883588784257881, 173424.517922265978996 ], [ 358965.049128092476167, 173411.251403422793373 ] ] } },
{ "type": "Feature", "properties": { "JOURNEY_LINK_ID": 158, "SEGMENT_ID": 9, "SEGMENT_LENGTH": 306.55240381132495, "DIST_TO_SENSOR": 165.11124151169733, "NEAREST_SITE_ID": 501.0, "SITE_TOTAL_LENGTH": 8896.6427394330349, "LENGTH_PROPORTION": 0.034457088228639035 }, "geometry": { "type": "LineString", "coordinates": [ [ 358965.049128092476167, 173411.251403422793373 ], [ 358871.93487996654585, 173324.144214565167204 ], [ 358856.559867339732591, 173313.14739309734432 ], [ 358802.782707620761357, 173279.106774915242568 ], [ 358758.839991867542267, 173258.332877252832986 ], [ 358733.728527742379811, 173246.303471012623049 ], [ 358716.277536142501049, 173236.435854740440845 ] ] } },
{ "type": "Feature", "properties": { "JOURNEY_LINK_ID": 158, "SEGMENT_ID": 10, "SEGMENT_LENGTH": 50.965629901616566, "DIST_TO_SENSOR": 114.68363334166477, "NEAREST_SITE_ID": 501.0, "SITE_TOTAL_LENGTH": 8896.6427394330349, "LENGTH_PROPORTION": 0.0057286362276546248 }, "geometry": { "type": "LineString", "coordinates": [ [ 358716.277536142501049, 173236.435854740440845 ], [ 358687.447500559152104, 173194.408191475260537 ] ] } },
{ "type": "Feature", "properties": { "JOURNEY_LINK_ID": 158, "SEGMENT_ID": 11, "SEGMENT_LENGTH": 37.636497637872495, "DIST_TO_SENSOR": 78.102599515022021, "NEAREST_SITE_ID": 501.0, "SITE_TOTAL_LENGTH": 8896.6427394330349, "LENGTH_PROPORTION": 0.0042304157579638848 }, "geometry": { "type": "LineString", "coordinates": [ [ 358687.447500559152104, 173194.408191475260537 ], [ 358683.13404917268781, 173176.648376460128929 ], [ 358678.811496357666329, 173157.776720203051809 ] ] } },
{ "type": "Feature", "properties": { "JOURNEY_LINK_ID": 158, "SEGMENT_ID": 12, "SEGMENT_LENGTH": 73.834675505676231, "DIST_TO_SENSOR": 11.88648259353355, "NEAREST_SITE_ID": 501.0, "SITE_TOTAL_LENGTH": 8896.6427394330349, "LENGTH_PROPORTION": 0.0082991615678142394 }, "geometry": { "type": "LineString", "coordinates": [ [ 358678.811496357666329, 173157.776720203051809 ], [ 358651.847781602584291, 173089.041595313115977 ] ] } },
{ "type": "Feature", "properties": { "JOURNEY_LINK_ID": 158, "SEGMENT_ID": 13, "SEGMENT_LENGTH": 144.34226688432713, "DIST_TO_SENSOR": 10.597904693433515, "NEAREST_SITE_ID": 501.0, "SITE_TOTAL_LENGTH": 8896.6427394330349, "LENGTH_PROPORTION": 0.016224352389081747 }, "geometry": { "type": "LineString", "coordinates": [ [ 358651.847781602584291, 173089.041595313115977 ], [ 358613.116778706782497, 173025.9635935802944 ], [ 358602.531370288226753, 173006.03089951799484 ], [ 358579.952455348684452, 172963.952605727128685 ] ] } },
{ "type": "Feature", "properties": { "JOURNEY_LINK_ID": 158, "SEGMENT_ID": 14, "SEGMENT_LENGTH": 190.68395066265902, "DIST_TO_SENSOR": 139.61967347631352, "NEAREST_SITE_ID": 501.0, "SITE_TOTAL_LENGTH": 8896.6427394330349, "LENGTH_PROPORTION": 0.021433248051816331 }, "geometry": { "type": "LineString", "coordinates": [ [ 358579.952455348684452, 172963.952605727128685 ], [ 358564.780428980477154, 172892.89735141658457 ], [ 358558.26369944732869, 172860.697462050127797 ], [ 358554.571617677866016, 172834.035320173366927 ], [ 358548.12741468870081, 172810.732259273412637 ], [ 358540.906598025525454, 172777.426015879202168 ] ] } },
{ "type": "Feature", "properties": { "JOURNEY_LINK_ID": 165, "SEGMENT_ID": 3, "SEGMENT_LENGTH": 37.091080523989859, "DIST_TO_SENSOR": 293.99156950891359, "NEAREST_SITE_ID": 501.0, "SITE_TOTAL_LENGTH": 8896.6427394330349, "LENGTH_PROPORTION": 0.0041691098103320712 }, "geometry": { "type": "LineString", "coordinates": [ [ 358527.722467206942383, 172779.758296454558149 ], [ 358548.12741468870081, 172810.732259273412637 ] ] } },
{ "type": "Feature", "properties": { "JOURNEY_LINK_ID": 165, "SEGMENT_ID": 4, "SEGMENT_LENGTH": 156.64538255890696, "DIST_TO_SENSOR": 139.61967347631352, "NEAREST_SITE_ID": 501.0, "SITE_TOTAL_LENGTH": 8896.6427394330349, "LENGTH_PROPORTION": 0.01760724659253763 }, "geometry": { "type": "LineString", "coordinates": [ [ 358548.12741468870081, 172810.732259273412637 ], [ 358550.970355937897693, 172818.494290213915519 ], [ 358554.571617677866016, 172834.035320173366927 ], [ 358558.26369944732869, 172860.697462050127797 ], [ 358564.780428980477154, 172892.89735141658457 ], [ 358579.952455348684452, 172963.952605727128685 ] ] } },
{ "type": "Feature", "properties": { "JOURNEY_LINK_ID": 165, "SEGMENT_ID": 5, "SEGMENT_LENGTH": 144.34226688432713, "DIST_TO_SENSOR": 10.597904693433517, "NEAREST_SITE_ID": 501.0, "SITE_TOTAL_LENGTH": 8896.6427394330349, "LENGTH_PROPORTION": 0.016224352389081747 }, "geometry": { "type": "LineString", "coordinates": [ [ 358579.952455348684452, 172963.952605727128685 ], [ 358602.531370288226753, 173006.03089951799484 ], [ 358613.116778706782497, 173025.9635935802944 ], [ 358651.847781602584291, 173089.041595313115977 ] ] } },
{ "type": "Feature", "properties": { "JOURNEY_LINK_ID": 165, "SEGMENT_ID": 6, "SEGMENT_LENGTH": 166.05187990506451, "DIST_TO_SENSOR": 11.88648259353355, "NEAREST_SITE_ID": 501.0, "SITE_TOTAL_LENGTH": 8896.6427394330349, "LENGTH_PROPORTION": 0.018664555244987467 }, "geometry": { "type": "LineString", "coordinates": [ [ 358651.847781602584291, 173089.041595313115977 ], [ 358692.76333135610912, 173249.973707113007549 ] ] } },
{ "type": "Feature", "properties": { "JOURNEY_LINK_ID": 165, "SEGMENT_ID": 7, "SEGMENT_LENGTH": 58.829345886350517, "DIST_TO_SENSOR": 168.45045593073615, "NEAREST_SITE_ID": 501.0, "SITE_TOTAL_LENGTH": 8896.6427394330349, "LENGTH_PROPORTION": 0.006612533245332901 }, "geometry": { "type": "LineString", "coordinates": [ [ 358692.76333135610912, 173249.973707113007549 ], [ 358725.815823533805087, 173298.640170907485299 ] ] } },
{ "type": "Feature", "properties": { "JOURNEY_LINK_ID": 165, "SEGMENT_ID": 8, "SEGMENT_LENGTH": 206.32415207947813, "DIST_TO_SENSOR": 194.37657246575276, "NEAREST_SITE_ID": 672.0, "SITE_TOTAL_LENGTH": 6368.3416060518648, "LENGTH_PROPORTION": 0.03239841152418823 }, "geometry": { "type": "LineString", "coordinates": [ [ 358725.815823533805087, 173298.640170907485299 ], [ 358847.238435804028995, 173363.271080170699861 ], [ 358873.729511417273898, 173374.177756321034394 ], [ 358912.040576667292044, 173386.100837157515343 ] ] } },
{ "type": "Feature", "properties": { "JOURNEY_LINK_ID": 165, "SEGMENT_ID": 9, "SEGMENT_LENGTH": 40.776395753119274, "DIST_TO_SENSOR": 227.59595705975892, "NEAREST_SITE_ID": 672.0, "SITE_TOTAL_LENGTH": 6368.3416060518648, "LENGTH_PROPORTION": 0.0064029849960261674 }, "geometry": { "type": "LineString", "coordinates": [ [ 358912.040576667292044, 173386.100837157515343 ], [ 358948.321077163447626, 173404.713728774979245 ] ] } },
{ "type": "Feature", "properties": { "JOURNEY_LINK_ID": 165, "SEGMENT_ID": 10, "SEGMENT_LENGTH": 108.76015734247486, "DIST_TO_SENSOR": 248.66101699991273, "NEAREST_SITE_ID": 672.0, "SITE_TOTAL_LENGTH": 6368.3416060518648, "LENGTH_PROPORTION": 0.017078254288230954 }, "geometry": { "type": "LineString", "coordinates": [ [ 358948.321077163447626, 173404.713728774979245 ], [ 358968.702630651183426, 173433.465257332776673 ], [ 358987.685962935851421, 173461.116023980721366 ], [ 359011.568174653861206, 173493.17573754460318 ] ] } },
{ "type": "Feature", "properties": { "JOURNEY_LINK_ID": 165, "SEGMENT_ID": 11, "SEGMENT_LENGTH": 12.432954401128688, "DIST_TO_SENSOR": 284.83407579290571, "NEAREST_SITE_ID": 672.0, "SITE_TOTAL_LENGTH": 6368.3416060518648, "LENGTH_PROPORTION": 0.0019523064512295624 }, "geometry": { "type": "LineString", "coordinates": [ [ 359011.568174653861206, 173493.17573754460318 ], [ 359017.216042790387291, 173504.251835262344684 ] ] } },
{ "type": "Feature", "properties": { "JOURNEY_LINK_ID": 165, "SEGMENT_ID": 12, "SEGMENT_LENGTH": 25.729727761375607, "DIST_TO_SENSOR": 286.81309051182205, "NEAREST_SITE_ID": 672.0, "SITE_TOTAL_LENGTH": 6368.3416060518648, "LENGTH_PROPORTION": 0.0040402555881934041 }, "geometry": { "type": "LineString", "coordinates": [ [ 359017.216042790387291, 173504.251835262344684 ], [ 359014.64381010440411, 173529.852665516140405 ] ] } },
{ "type": "Feature", "properties": { "JOURNEY_LINK_ID": 165, "SEGMENT_ID": 13, "SEGMENT_LENGTH": 9.573169044114417, "DIST_TO_SENSOR": 283.86371147271711, "NEAREST_SITE_ID": 672.0, "SITE_TOTAL_LENGTH": 6368.3416060518648, "LENGTH_PROPORTION": 0.0015032436443134568 }, "geometry": { "type": "LineString", "coordinates": [ [ 359014.64381010440411, 173529.852665516140405 ], [ 359012.595428239263128, 173534.317905334115494 ], [ 359011.241963928157929, 173538.77755471796263 ] ] } },
{ "type": "Feature", "properties": { "JOURNEY_LINK_ID": 165, "SEGMENT_ID": 14, "SEGMENT_LENGTH": 16.739796533623966, "DIST_TO_SENSOR": 283.85266564889201, "NEAREST_SITE_ID": 672.0, "SITE_TOTAL_LENGTH": 6368.3416060518648, "LENGTH_PROPORTION": 0.0026285958840078648 }, "geometry": { "type": "LineString", "coordinates": [ [ 359011.241963928157929, 173538.77755471796263 ], [ 359009.98732033604756, 173555.470267422730103 ] ] } },
{ "type": "Feature", "properties": { "JOURNEY_LINK_ID": 165, "SEGMENT_ID": 15, "SEGMENT_LENGTH": 23.978928340061703, "DIST_TO_SENSOR": 284.20940994510494, "NEAREST_SITE_ID": 672.0, "SITE_TOTAL_LENGTH": 6368.3416060518648, "LENGTH_PROPORTION": 0.0037653332411179724 }, "geometry": { "type": "LineString", "coordinates": [ [ 359009.98732033604756, 173555.470267422730103 ], [ 359023.349040407047141, 173575.381406041153241 ] ] } },
{ "type": "Feature", "properties": { "JOURNEY_LINK_ID": 165, "SEGMENT_ID": 20, "SEGMENT_LENGTH": 152.22680415693219, "DIST_TO_SENSOR": 270.60690399474186, "NEAREST_SITE_ID": 500.0, "SITE_TOTAL_LENGTH": 28677.983496930894, "LENGTH_PROPORTION": 0.0053081418424424246 }, "geometry": { "type": "LineString", "coordinates": [ [ 359156.496481041598599, 173544.27749892778229 ], [ 359242.671005029522348, 173546.920005598396529 ], [ 359308.680217338027433, 173547.50155198876746 ] ] } },
{ "type": "Feature", "properties": { "JOURNEY_LINK_ID": 165, "SEGMENT_ID": 21, "SEGMENT_LENGTH": 39.388809771232957, "DIST_TO_SENSOR": 235.17656684322699, "NEAREST_SITE_ID": 500.0, "SITE_TOTAL_LENGTH": 28677.983496930894, "LENGTH_PROPORTION": 0.0013734860324279192 }, "geometry": { "type": "LineString", "coordinates": [ [ 359308.680217338027433, 173547.50155198876746 ], [ 359318.388671257533133, 173545.199302062799688 ], [ 359346.905912416172214, 173538.003433355304878 ] ] } },
{ "type": "Feature", "properties": { "JOURNEY_LINK_ID": 166, "SEGMENT_ID": 2, "SEGMENT_LENGTH": 37.091080523989859, "DIST_TO_SENSOR": 293.99156950891359, "NEAREST_SITE_ID": 501.0, "SITE_TOTAL_LENGTH": 8896.6427394330349, "LENGTH_PROPORTION": 0.0041691098103320712 }, "geometry": { "type": "LineString", "coordinates": [ [ 358527.722467206942383, 172779.758296454558149 ], [ 358548.12741468870081, 172810.732259273412637 ] ] } },
{ "type": "Feature", "properties": { "JOURNEY_LINK_ID": 166, "SEGMENT_ID": 3, "SEGMENT_LENGTH": 156.64538255890696, "DIST_TO_SENSOR": 139.61967347631352, "NEAREST_SITE_ID": 501.0, "SITE_TOTAL_LENGTH": 8896.6427394330349, "LENGTH_PROPORTION": 0.01760724659253763 }, "geometry": { "type": "LineString", "coordinates": [ [ 358548.12741468870081, 172810.732259273412637 ], [ 358550.970355937897693, 172818.494290213915519 ], [ 358554.571617677866016, 172834.035320173366927 ], [ 358558.26369944732869, 172860.697462050127797 ], [ 358564.780428980477154, 172892.89735141658457 ], [ 358579.952455348684452, 172963.952605727128685 ] ] } },
{ "type": "Feature", "properties": { "JOURNEY_LINK_ID": 166, "SEGMENT_ID": 4, "SEGMENT_LENGTH": 144.34226688432713, "DIST_TO_SENSOR": 10.597904693433517, "NEAREST_SITE_ID": 501.0, "SITE_TOTAL_LENGTH": 8896.6427394330349, "LENGTH_PROPORTION": 0.016224352389081747 }, "geometry": { "type": "LineString", "coordinates": [ [ 358579.952455348684452, 172963.952605727128685 ], [ 358602.531370288226753, 173006.03089951799484 ], [ 358613.116778706782497, 173025.9635935802944 ], [ 358651.847781602584291, 173089.041595313115977 ] ] } },
{ "type": "Feature", "properties": { "JOURNEY_LINK_ID": 166, "SEGMENT_ID": 5, "SEGMENT_LENGTH": 166.05187990506451, "DIST_TO_SENSOR": 11.88648259353355, "NEAREST_SITE_ID": 501.0, "SITE_TOTAL_LENGTH": 8896.6427394330349, "LENGTH_PROPORTION": 0.018664555244987467 }, "geometry": { "type": "LineString", "coordinates": [ [ 358651.847781602584291, 173089.041595313115977 ], [ 358692.76333135610912, 173249.973707113007549 ] ] } },
{ "type": "Feature", "properties": { "JOURNEY_LINK_ID": 166, "SEGMENT_ID": 6, "SEGMENT_LENGTH": 58.829345886350517, "DIST_TO_SENSOR": 168.45045593073615, "NEAREST_SITE_ID": 501.0, "SITE_TOTAL_LENGTH": 8896.6427394330349, "LENGTH_PROPORTION": 0.006612533245332901 }, "geometry": { "type": "LineString", "coordinates": [ [ 358692.76333135610912, 173249.973707113007549 ], [ 358725.815823533805087, 173298.640170907485299 ] ] } },
{ "type": "Feature", "properties": { "JOURNEY_LINK_ID": 166, "SEGMENT_ID": 7, "SEGMENT_LENGTH": 206.32415207947813, "DIST_TO_SENSOR": 194.37657246575276, "NEAREST_SITE_ID": 672.0, "SITE_TOTAL_LENGTH": 6368.3416060518648, "LENGTH_PROPORTION": 0.03239841152418823 }, "geometry": { "type": "LineString", "coordinates": [ [ 358725.815823533805087, 173298.640170907485299 ], [ 358847.238435804028995, 173363.271080170699861 ], [ 358873.729511417273898, 173374.177756321034394 ], [ 358912.040576667292044, 173386.100837157515343 ] ] } },
{ "type": "Feature", "properties": { "JOURNEY_LINK_ID": 166, "SEGMENT_ID": 8, "SEGMENT_LENGTH": 40.776395753119274, "DIST_TO_SENSOR": 227.59595705975892, "NEAREST_SITE_ID": 672.0, "SITE_TOTAL_LENGTH": 6368.3416060518648, "LENGTH_PROPORTION": 0.0064029849960261674 }, "geometry": { "type": "LineString", "coordinates": [ [ 358912.040576667292044, 173386.100837157515343 ], [ 358948.321077163447626, 173404.713728774979245 ] ] } },
{ "type": "Feature", "properties": { "JOURNEY_LINK_ID": 166, "SEGMENT_ID": 9, "SEGMENT_LENGTH": 108.76015734247486, "DIST_TO_SENSOR": 248.66101699991273, "NEAREST_SITE_ID": 672.0, "SITE_TOTAL_LENGTH": 6368.3416060518648, "LENGTH_PROPORTION": 0.017078254288230954 }, "geometry": { "type": "LineString", "coordinates": [ [ 358948.321077163447626, 173404.713728774979245 ], [ 358968.702630651183426, 173433.465257332776673 ], [ 358987.685962935851421, 173461.116023980721366 ], [ 359011.568174653861206, 173493.17573754460318 ] ] } },
{ "type": "Feature", "properties": { "JOURNEY_LINK_ID": 166, "SEGMENT_ID": 10, "SEGMENT_LENGTH": 12.432954401128688, "DIST_TO_SENSOR": 284.83407579290571, "NEAREST_SITE_ID": 672.0, "SITE_TOTAL_LENGTH": 6368.3416060518648, "LENGTH_PROPORTION": 0.0019523064512295624 }, "geometry": { "type": "LineString", "coordinates": [ [ 359011.568174653861206, 173493.17573754460318 ], [ 359017.216042790387291, 173504.251835262344684 ] ] } },
{ "type": "Feature", "properties": { "JOURNEY_LINK_ID": 166, "SEGMENT_ID": 11, "SEGMENT_LENGTH": 25.729727761375607, "DIST_TO_SENSOR": 286.81309051182205, "NEAREST_SITE_ID": 672.0, "SITE_TOTAL_LENGTH": 6368.3416060518648, "LENGTH_PROPORTION": 0.0040402555881934041 }, "geometry": { "type": "LineString", "coordinates": [ [ 359017.216042790387291, 173504.251835262344684 ], [ 359014.64381010440411, 173529.852665516140405 ] ] } },
{ "type": "Feature", "properties": { "JOURNEY_LINK_ID": 166, "SEGMENT_ID": 12, "SEGMENT_LENGTH": 9.573169044114417, "DIST_TO_SENSOR": 283.86371147271711, "NEAREST_SITE_ID": 672.0, "SITE_TOTAL_LENGTH": 6368.3416060518648, "LENGTH_PROPORTION": 0.0015032436443134568 }, "geometry": { "type": "LineString", "coordinates": [ [ 359014.64381010440411, 173529.852665516140405 ], [ 359012.595428239263128, 173534.317905334115494 ], [ 359011.241963928157929, 173538.77755471796263 ] ] } },
{ "type": "Feature", "properties": { "JOURNEY_LINK_ID": 166, "SEGMENT_ID": 13, "SEGMENT_LENGTH": 16.739796533623966, "DIST_TO_SENSOR": 283.85266564889201, "NEAREST_SITE_ID": 672.0, "SITE_TOTAL_LENGTH": 6368.3416060518648, "LENGTH_PROPORTION": 0.0026285958840078648 }, "geometry": { "type": "LineString", "coordinates": [ [ 359011.241963928157929, 173538.77755471796263 ], [ 359009.98732033604756, 173555.470267422730103 ] ] } },
{ "type": "Feature", "properties": { "JOURNEY_LINK_ID": 166, "SEGMENT_ID": 14, "SEGMENT_LENGTH": 23.978928340061703, "DIST_TO_SENSOR": 284.20940994510494, "NEAREST_SITE_ID": 672.0, "SITE_TOTAL_LENGTH": 6368.3416060518648, "LENGTH_PROPORTION": 0.0037653332411179724 }, "geometry": { "type": "LineString", "coordinates": [ [ 359009.98732033604756, 173555.470267422730103 ], [ 359023.349040407047141, 173575.381406041153241 ] ] } },
{ "type": "Feature", "properties": { "JOURNEY_LINK_ID": 191, "SEGMENT_ID": 4, "SEGMENT_LENGTH": 1607.1914964142741, "DIST_TO_SENSOR": 6.8426894359516721, "NEAREST_SITE_ID": 463.0, "SITE_TOTAL_LENGTH": 8909.9760563335276, "LENGTH_PROPORTION": 0.18038112406282228 }, "geometry": { "type": "LineString", "coordinates": [ [ 363289.373948830063455, 175791.621901971462648 ], [ 363265.649842439976055, 175776.222808385384269 ], [ 363239.147950629936531, 175760.844027988263406 ], [ 363212.66197248979006, 175747.689663793193176 ], [ 363147.835076895251404, 175714.79403404192999 ], [ 363127.623023712658323, 175704.931156190286856 ], [ 363061.38993201800622, 175669.822492337087169 ], [ 363042.558208625996485, 175658.837590042792726 ], [ 363026.51248114759801, 175648.94468184694415 ], [ 362875.063207052997313, 175547.727554101846181 ], [ 362812.257639211369678, 175507.035802869009785 ], [ 362798.302619148045778, 175498.240485611371696 ], [ 362776.667152570968028, 175483.940410147421062 ], [ 362741.100761720794253, 175464.181653346866369 ], [ 362728.542644129018299, 175456.488434508501086 ], [ 362711.090072049933951, 175444.382336604234297 ], [ 362639.220510590414051, 175399.310515985940583 ], [ 362594.599639935768209, 175376.28266782494029 ], [ 362537.477336645766627, 175353.34758250444429 ], [ 362509.6309177641524, 175344.655556712357793 ], [ 362488.73786761140218, 175337.024355437664781 ], [ 362467.142034394899383, 175328.286355952383019 ], [ 362401.67597993061645, 175304.302198184421286 ], [ 362354.324611418065615, 175287.969904817757197 ], [ 362316.721230046299752, 175274.902417016681284 ], [ 362270.750064748630393, 175257.448526900378056 ], [ 362131.32872702088207, 175189.529317784414161 ], [ 362052.512642935209442, 175145.629281853849534 ], [ 362031.592920582683291, 175134.663450107036624 ], [ 361933.955313942453358, 175082.008056665305048 ], [ 361910.959864580538124, 175072.170581252896227 ], [ 361889.361988848948386, 175063.434790446597617 ], [ 361867.078293199883774, 175055.816014186828397 ] ] } },
{ "type": "Feature", "properties": { "JOURNEY_LINK_ID": 217, "SEGMENT_ID": 37, "SEGMENT_LENGTH": 107.92006081837854, "DIST_TO_SENSOR": 263.75958846659165, "NEAREST_SITE_ID": 215.0, "SITE_TOTAL_LENGTH": 10217.668047074099, "LENGTH_PROPORTION": 0.010562102851763932 }, "geometry": { "type": "LineString", "coordinates": [ [ 357705.952537932666019, 170632.146117485186551 ], [ 357799.552192988223396, 170685.866170542896725 ] ] } },
{ "type": "Feature", "properties": { "JOURNEY_LINK_ID": 217, "SEGMENT_ID": 38, "SEGMENT_LENGTH": 6.6398594631031367, "DIST_TO_SENSOR": 258.88609757048027, "NEAREST_SITE_ID": 215.0, "SITE_TOTAL_LENGTH": 10217.668047074099, "LENGTH_PROPORTION": 0.00064984098450962177 }, "geometry": { "type": "LineString", "coordinates": [ [ 357799.552192988223396, 170685.866170542896725 ], [ 357805.826648809248582, 170688.038482177944388 ] ] } },
{ "type": "Feature", "properties": { "JOURNEY_LINK_ID": 217, "SEGMENT_ID": 39, "SEGMENT_LENGTH": 16.027327693946415, "DIST_TO_SENSOR": 243.85900680146582, "NEAREST_SITE_ID": 215.0, "SITE_TOTAL_LENGTH": 10217.668047074099, "LENGTH_PROPORTION": 0.0015685895862056266 }, "geometry": { "type": "LineString", "coordinates": [ [ 357805.826648809248582, 170688.038482177944388 ], [ 357821.805522944545373, 170686.793165199225768 ] ] } },
{ "type": "Feature", "properties": { "JOURNEY_LINK_ID": 217, "SEGMENT_ID": 40, "SEGMENT_LENGTH": 147.65967524977356, "DIST_TO_SENSOR": 128.42921347061719, "NEAREST_SITE_ID": 215.0, "SITE_TOTAL_LENGTH": 10217.668047074099, "LENGTH_PROPORTION": 0.01445140658019879 }, "geometry": { "type": "LineString", "coordinates": [ [ 357821.805522944545373, 170686.793165199225768 ], [ 357887.179867368366104, 170606.16773029032629 ], [ 357914.003553698596079, 170571.465646346681751 ] ] } },
{ "type": "Feature", "properties": { "JOURNEY_LINK_ID": 217, "SEGMENT_ID": 41, "SEGMENT_LENGTH": 15.753956863423925, "DIST_TO_SENSOR": 124.40724225642691, "NEAREST_SITE_ID": 215.0, "SITE_TOTAL_LENGTH": 10217.668047074099, "LENGTH_PROPORTION": 0.001541834867882127 }, "geometry": { "type": "LineString", "coordinates": [ [ 357914.003553698596079, 170571.465646346681751 ], [ 357920.139629805227742, 170556.955797041184269 ] ] } },
{ "type": "Feature", "properties": { "JOURNEY_LINK_ID": 217, "SEGMENT_ID": 42, "SEGMENT_LENGTH": 20.602525599837559, "DIST_TO_SENSOR": 124.40724225642691, "NEAREST_SITE_ID": 215.0, "SITE_TOTAL_LENGTH": 10217.668047074099, "LENGTH_PROPORTION": 0.0020163627850228738 }, "geometry": { "type": "LineString", "coordinates": [ [ 357920.139629805227742, 170556.955797041184269 ], [ 357915.107073822757229, 170536.977372644469142 ] ] } },
{ "type": "Feature", "properties": { "JOURNEY_LINK_ID": 217, "SEGMENT_ID": 43, "SEGMENT_LENGTH": 49.022244707019276, "DIST_TO_SENSOR": 134.64342422791461, "NEAREST_SITE_ID": 215.0, "SITE_TOTAL_LENGTH": 10217.668047074099, "LENGTH_PROPORTION": 0.0047977918719973624 }, "geometry": { "type": "LineString", "coordinates": [ [ 357915.107073822757229, 170536.977372644469142 ], [ 357871.813754727656487, 170513.98022069374565 ] ] } },
{ "type": "Feature", "properties": { "JOURNEY_LINK_ID": 217, "SEGMENT_ID": 44, "SEGMENT_LENGTH": 308.37592604297481, "DIST_TO_SENSOR": 183.27588072839757, "NEAREST_SITE_ID": 215.0, "SITE_TOTAL_LENGTH": 10217.668047074099, "LENGTH_PROPORTION": 0.030180656155812422 }, "geometry": { "type": "LineString", "coordinates": [ [ 357871.813754727656487, 170513.98022069374565 ], [ 357678.247237531992141, 170477.777440548117738 ], [ 357568.25542632228462, 170459.789299922180362 ] ] } },
{ "type": "Feature", "properties": { "JOURNEY_LINK_ID": 224, "SEGMENT_ID": 0, "SEGMENT_LENGTH": 64.621319898653184, "DIST_TO_SENSOR": 71.743545240664432, "NEAREST_SITE_ID": 203.0, "SITE_TOTAL_LENGTH": 4294.1901469009272, "LENGTH_PROPORTION": 0.015048546451835563 }, "geometry": { "type": "LineString", "coordinates": [ [ 361211.166228536167182, 171434.323114150960464 ], [ 361204.03208166512195, 171450.632827348657884 ], [ 361189.778138869209215, 171495.229866974288598 ] ] } },
{ "type": "Feature", "properties": { "JOURNEY_LINK_ID": 224, "SEGMENT_ID": 1, "SEGMENT_LENGTH": 119.14717793033566, "DIST_TO_SENSOR": 30.275707115987458, "NEAREST_SITE_ID": 203.0, "SITE_TOTAL_LENGTH": 4294.1901469009272, "LENGTH_PROPORTION": 0.027746134627113089 }, "geometry": { "type": "LineString", "coordinates": [ [ 361189.778138869209215, 171495.229866974288598 ], [ 361164.352930641616695, 171533.238970340462402 ], [ 361141.65666002233047, 171564.55400992842624 ], [ 361119.620812515844591, 171591.415116162970662 ] ] } },
{ "type": "Feature", "properties": { "JOURNEY_LINK_ID": 224, "SEGMENT_ID": 2, "SEGMENT_LENGTH": 29.801262239023487, "DIST_TO_SENSOR": 63.671482320482063, "NEAREST_SITE_ID": 203.0, "SITE_TOTAL_LENGTH": 4294.1901469009272, "LENGTH_PROPORTION": 0.0069399028034496215 }, "geometry": { "type": "LineString", "coordinates": [ [ 361119.620812515844591, 171591.415116162970662 ], [ 361104.526449745055288, 171617.110941574559547 ] ] } },
{ "type": "Feature", "properties": { "JOURNEY_LINK_ID": 224, "SEGMENT_ID": 3, "SEGMENT_LENGTH": 74.347177055222375, "DIST_TO_SENSOR": 89.502463294056469, "NEAREST_SITE_ID": 203.0, "SITE_TOTAL_LENGTH": 4294.1901469009272, "LENGTH_PROPORTION": 0.017313433851753855 }, "geometry": { "type": "LineString", "coordinates": [ [ 361104.526449745055288, 171617.110941574559547 ], [ 361077.254663625441026, 171686.275617659441195 ] ] } },
{ "type": "Feature", "properties": { "JOURNEY_LINK_ID": 224, "SEGMENT_ID": 4, "SEGMENT_LENGTH": 59.352692262471706, "DIST_TO_SENSOR": 156.89438168584343, "NEAREST_SITE_ID": 203.0, "SITE_TOTAL_LENGTH": 4294.1901469009272, "LENGTH_PROPORTION": 0.013821626484170929 }, "geometry": { "type": "LineString", "coordinates": [ [ 361077.254663625441026, 171686.275617659441195 ], [ 361070.756183673918713, 171745.271480540861376 ] ] } },
{ "type": "Feature", "properties": { "JOURNEY_LINK_ID": 224, "SEGMENT_ID": 5, "SEGMENT_LENGTH": 44.609525715991474, "DIST_TO_SENSOR": 208.90069381286099, "NEAREST_SITE_ID": 203.0, "SITE_TOTAL_LENGTH": 4294.1901469009272, "LENGTH_PROPORTION": 0.01038834429541638 }, "geometry": { "type": "LineString", "coordinates": [ [ 361070.756183673918713, 171745.271480540861376 ], [ 361081.512982672138605, 171788.564679312927183 ] ] } },
{ "type": "Feature", "properties": { "JOURNEY_LINK_ID": 224, "SEGMENT_ID": 6, "SEGMENT_LENGTH": 48.349519013298959, "DIST_TO_SENSOR": 242.57943233195419, "NEAREST_SITE_ID": 203.0, "SITE_TOTAL_LENGTH": 4294.1901469009272, "LENGTH_PROPORTION": 0.01125928693404327 }, "geometry": { "type": "LineString", "coordinates": [ [ 361081.512982672138605, 171788.564679312927183 ], [ 361108.923126359994058, 171828.393814526090864 ] ] } },
{ "type": "Feature", "properties": { "JOURNEY_LINK_ID": 224, "SEGMENT_ID": 7, "SEGMENT_LENGTH": 72.86506460041042, "DIST_TO_SENSOR": 271.33397939334822, "NEAREST_SITE_ID": 203.0, "SITE_TOTAL_LENGTH": 4294.1901469009272, "LENGTH_PROPORTION": 0.016968290203217103 }, "geometry": { "type": "LineString", "coordinates": [ [ 361108.923126359994058, 171828.393814526090864 ], [ 361138.298664520552848, 171852.637397914193571 ], [ 361167.631346653273795, 171871.320497782318853 ] ] } },
{ "type": "Feature", "properties": { "JOURNEY_LINK_ID": 6, "SEGMENT_ID": 27, "SEGMENT_LENGTH": 21.198515130885298, "DIST_TO_SENSOR": 285.90539408595123, "NEAREST_SITE_ID": 500.0, "SITE_TOTAL_LENGTH": 28677.983496930894, "LENGTH_PROPORTION": 0.00073919127309470532 }, "geometry": { "type": "LineString", "coordinates": [ [ 359539.065080005908385, 173075.205931992211845 ], [ 359536.3565338239423, 173084.124905820121057 ], [ 359532.276117316505406, 173095.279339598375373 ] ] } },
{ "type": "Feature", "properties": { "JOURNEY_LINK_ID": 6, "SEGMENT_ID": 28, "SEGMENT_LENGTH": 15.348873696175508, "DIST_TO_SENSOR": 276.7324370332924, "NEAREST_SITE_ID": 500.0, "SITE_TOTAL_LENGTH": 28677.983496930894, "LENGTH_PROPORTION": 0.0005352145382822379 }, "geometry": { "type": "LineString", "coordinates": [ [ 359532.276117316505406, 173095.279339598375373 ], [ 359519.840354256215505, 173104.275990133406594 ] ] } },
{ "type": "Feature", "properties": { "JOURNEY_LINK_ID": 6, "SEGMENT_ID": 29, "SEGMENT_LENGTH": 17.344995460415735, "DIST_TO_SENSOR": 261.27279255574092, "NEAREST_SITE_ID": 500.0, "SITE_TOTAL_LENGTH": 28677.983496930894, "LENGTH_PROPORTION": 0.00060481921479144411 }, "geometry": { "type": "LineString", "coordinates": [ [ 359519.840354256215505, 173104.275990133406594 ], [ 359512.321386191935744, 173119.906536725582555 ] ] } },
{ "type": "Feature", "properties": { "JOURNEY_LINK_ID": 6, "SEGMENT_ID": 30, "SEGMENT_LENGTH": 16.739867645683528, "DIST_TO_SENSOR": 244.55900978209309, "NEAREST_SITE_ID": 500.0, "SITE_TOTAL_LENGTH": 28677.983496930894, "LENGTH_PROPORTION": 0.00058371843499648512 }, "geometry": { "type": "LineString", "coordinates": [ [ 359512.321386191935744, 173119.906536725582555 ], [ 359513.843749224906787, 173136.577037005743477 ] ] } },
{ "type": "Feature", "properties": { "JOURNEY_LINK_ID": 6, "SEGMENT_ID": 31, "SEGMENT_LENGTH": 3.6142446500096952, "DIST_TO_SENSOR": 241.19192235329959, "NEAREST_SITE_ID": 500.0, "SITE_TOTAL_LENGTH": 28677.983496930894, "LENGTH_PROPORTION": 0.00012602854905738022 }, "geometry": { "type": "LineString", "coordinates": [ [ 359513.843749224906787, 173136.577037005743477 ], [ 359515.259935442009009, 173139.902270980761386 ] ] } },
{ "type": "Feature", "properties": { "JOURNEY_LINK_ID": 6, "SEGMENT_ID": 32, "SEGMENT_LENGTH": 28.292893228151957, "DIST_TO_SENSOR": 226.35678983852384, "NEAREST_SITE_ID": 500.0, "SITE_TOTAL_LENGTH": 28677.983496930894, "LENGTH_PROPORTION": 0.0009865719195765578 }, "geometry": { "type": "LineString", "coordinates": [ [ 359515.259935442009009, 173139.902270980761386 ], [ 359539.006950002512895, 173155.283009151695296 ] ] } },
{ "type": "Feature", "properties": { "JOURNEY_LINK_ID": 6, "SEGMENT_ID": 33, "SEGMENT_LENGTH": 11.879970743517008, "DIST_TO_SENSOR": 226.18185931806667, "NEAREST_SITE_ID": 500.0, "SITE_TOTAL_LENGTH": 28677.983496930894, "LENGTH_PROPORTION": 0.0004142540477013803 }, "geometry": { "type": "LineString", "coordinates": [ [ 359539.006950002512895, 173155.283009151695296 ], [ 359548.048084719397593, 173156.322960367193446 ], [ 359550.827218999154866, 173156.300794989801943 ] ] } },
{ "type": "Feature", "properties": { "JOURNEY_LINK_ID": 6, "SEGMENT_ID": 34, "SEGMENT_LENGTH": 17.687064835877415, "DIST_TO_SENSOR": 226.54081594149926, "NEAREST_SITE_ID": 500.0, "SITE_TOTAL_LENGTH": 28677.983496930894, "LENGTH_PROPORTION": 0.00061674715859189597 }, "geometry": { "type": "LineString", "coordinates": [ [ 359550.827218999154866, 173156.300794989801943 ], [ 359566.04211916658096, 173147.281977140228264 ] ] } },
{ "type": "Feature", "properties": { "JOURNEY_LINK_ID": 6, "SEGMENT_ID": 35, "SEGMENT_LENGTH": 230.4283763853073, "DIST_TO_SENSOR": 237.83113530024329, "NEAREST_SITE_ID": 500.0, "SITE_TOTAL_LENGTH": 28677.983496930894, "LENGTH_PROPORTION": 0.0080350271632581016 }, "geometry": { "type": "LineString", "coordinates": [ [ 359566.04211916658096, 173147.281977140228264 ], [ 359655.812507710652426, 173164.36130586231593 ], [ 359673.226545621815603, 173169.783610851387493 ], [ 359726.875535936967935, 173188.263911754416768 ], [ 359751.255018522497267, 173195.855472237337381 ], [ 359761.008417449018452, 173199.114603330148384 ], [ 359788.78019280184526, 173204.283322290983051 ] ] } },
{ "type": "Feature", "properties": { "JOURNEY_LINK_ID": 12, "SEGMENT_ID": 0, "SEGMENT_LENGTH": 10.977104815052584, "DIST_TO_SENSOR": 273.16203246200183, "NEAREST_SITE_ID": 500.0, "SITE_TOTAL_LENGTH": 28677.983496930894, "LENGTH_PROPORTION": 0.00038277115321679956 }, "geometry": { "type": "LineString", "coordinates": [ [ 359644.067103705136105, 173629.886216434300877 ], [ 359633.109715158876497, 173630.543838184967171 ] ] } },
{ "type": "Feature", "properties": { "JOURNEY_LINK_ID": 12, "SEGMENT_ID": 1, "SEGMENT_LENGTH": 15.206204673699448, "DIST_TO_SENSOR": 258.36143913372024, "NEAREST_SITE_ID": 500.0, "SITE_TOTAL_LENGTH": 28677.983496930894, "LENGTH_PROPORTION": 0.00053023967585889744 }, "geometry": { "type": "LineString", "coordinates": [ [ 359633.109715158876497, 173630.543838184967171 ], [ 359623.980997090053279, 173618.382622497447301 ] ] } },
{ "type": "Feature", "properties": { "JOURNEY_LINK_ID": 12, "SEGMENT_ID": 2, "SEGMENT_LENGTH": 65.448949888483938, "DIST_TO_SENSOR": 206.64822311562179, "NEAREST_SITE_ID": 500.0, "SITE_TOTAL_LENGTH": 28677.983496930894, "LENGTH_PROPORTION": 0.0022822019510363501 }, "geometry": { "type": "LineString", "coordinates": [ [ 359623.980997090053279, 173618.382622497447301 ], [ 359569.499513946240768, 173582.115102097566705 ] ] } },
{ "type": "Feature", "properties": { "JOURNEY_LINK_ID": 12, "SEGMENT_ID": 3, "SEGMENT_LENGTH": 23.121222403277557, "DIST_TO_SENSOR": 193.11034048062902, "NEAREST_SITE_ID": 500.0, "SITE_TOTAL_LENGTH": 28677.983496930894, "LENGTH_PROPORTION": 0.0008062359895615387 }, "geometry": { "type": "LineString", "coordinates": [ [ 359569.499513946240768, 173582.115102097566705 ], [ 359548.577830184658524, 173572.272639295901172 ] ] } },
{ "type": "Feature", "properties": { "JOURNEY_LINK_ID": 12, "SEGMENT_ID": 4, "SEGMENT_LENGTH": 29.455533050434877, "DIST_TO_SENSOR": 164.39105693814722, "NEAREST_SITE_ID": 500.0, "SITE_TOTAL_LENGTH": 28677.983496930894, "LENGTH_PROPORTION": 0.001027113118102854 }, "geometry": { "type": "LineString", "coordinates": [ [ 359548.577830184658524, 173572.272639295901172 ], [ 359538.630072498810478, 173544.547730922582559 ] ] } },
{ "type": "Feature", "properties": { "JOURNEY_LINK_ID": 12, "SEGMENT_ID": 5, "SEGMENT_LENGTH": 77.538796191910436, "DIST_TO_SENSOR": 90.86965001593407, "NEAREST_SITE_ID": 500.0, "SITE_TOTAL_LENGTH": 28677.983496930894, "LENGTH_PROPORTION": 0.0027037743501110742 }, "geometry": { "type": "LineString", "coordinates": [ [ 359538.630072498810478, 173544.547730922582559 ], [ 359549.134512676508166, 173467.723765576840378 ] ] } },
{ "type": "Feature", "properties": { "JOURNEY_LINK_ID": 12, "SEGMENT_ID": 6, "SEGMENT_LENGTH": 28.834577755226146, "DIST_TO_SENSOR": 62.050481840565155, "NEAREST_SITE_ID": 500.0, "SITE_TOTAL_LENGTH": 28677.983496930894, "LENGTH_PROPORTION": 0.0010054604347726195 }, "geometry": { "type": "LineString", "coordinates": [ [ 359549.134512676508166, 173467.723765576840378 ], [ 359541.270716800994705, 173439.982215714757331 ] ] } },
{ "type": "Feature", "properties": { "JOURNEY_LINK_ID": 12, "SEGMENT_ID": 7, "SEGMENT_LENGTH": 61.195789386023392, "DIST_TO_SENSOR": 10.117136423656262, "NEAREST_SITE_ID": 500.0, "SITE_TOTAL_LENGTH": 28677.983496930894, "LENGTH_PROPORTION": 0.0021338944348221881 }, "geometry": { "type": "LineString", "coordinates": [ [ 359541.270716800994705, 173439.982215714757331 ], [ 359535.615279874706175, 173427.793428912584204 ], [ 359529.273957234690897, 173416.722372463264037 ], [ 359513.046681348816492, 173385.711107570969034 ] ] } },
{ "type": "Feature", "properties": { "JOURNEY_LINK_ID": 12, "SEGMENT_ID": 8, "SEGMENT_LENGTH": 77.759075229200135, "DIST_TO_SENSOR": 9.9418010069143037, "NEAREST_SITE_ID": 500.0, "SITE_TOTAL_LENGTH": 28677.983496930894, "LENGTH_PROPORTION": 0.0027114554702746753 }, "geometry": { "type": "LineString", "coordinates": [ [ 359513.046681348816492, 173385.711107570969034 ], [ 359490.221034615533426, 173311.377645175438374 ] ] } },
{ "type": "Feature", "properties": { "JOURNEY_LINK_ID": 12, "SEGMENT_ID": 9, "SEGMENT_LENGTH": 32.333401502261431, "DIST_TO_SENSOR": 76.532182330208542, "NEAREST_SITE_ID": 500.0, "SITE_TOTAL_LENGTH": 28677.983496930894, "LENGTH_PROPORTION": 0.00112746426211319 }, "geometry": { "type": "LineString", "coordinates": [ [ 359490.221034615533426, 173311.377645175438374 ], [ 359490.176720284274779, 173305.817150189250242 ], [ 359492.048599232686684, 173279.109938850218896 ] ] } },
{ "type": "Feature", "properties": { "JOURNEY_LINK_ID": 12, "SEGMENT_ID": 10, "SEGMENT_LENGTH": 136.17228406706352, "DIST_TO_SENSOR": 106.20108741924608, "NEAREST_SITE_ID": 500.0, "SITE_TOTAL_LENGTH": 28677.983496930894, "LENGTH_PROPORTION": 0.0047483214460192647 }, "geometry": { "type": "LineString", "coordinates": [ [ 359492.048599232686684, 173279.109938850218896 ], [ 359520.760460998921189, 173219.935026258172002 ], [ 359530.996506884752307, 173196.497538851690479 ], [ 359543.985413504007738, 173169.701572442718316 ], [ 359550.827218999154866, 173156.300794989801943 ] ] } },
{ "type": "Feature", "properties": { "JOURNEY_LINK_ID": 12, "SEGMENT_ID": 11, "SEGMENT_LENGTH": 17.687064835877415, "DIST_TO_SENSOR": 226.54081594149926, "NEAREST_SITE_ID": 500.0, "SITE_TOTAL_LENGTH": 28677.983496930894, "LENGTH_PROPORTION": 0.00061674715859189597 }, "geometry": { "type": "LineString", "coordinates": [ [ 359550.827218999154866, 173156.300794989801943 ], [ 359566.04211916658096, 173147.281977140228264 ] ] } },
{ "type": "Feature", "properties": { "JOURNEY_LINK_ID": 12, "SEGMENT_ID": 12, "SEGMENT_LENGTH": 202.17970983369869, "DIST_TO_SENSOR": 237.83113530024329, "NEAREST_SITE_ID": 500.0, "SITE_TOTAL_LENGTH": 28677.983496930894, "LENGTH_PROPORTION": 0.007049997425911619 }, "geometry": { "type": "LineString", "coordinates": [ [ 359566.04211916658096, 173147.281977140228264 ], [ 359655.812507710652426, 173164.36130586231593 ], [ 359673.226545621815603, 173169.783610851387493 ], [ 359726.875535936967935, 173188.263911754416768 ], [ 359751.255018522497267, 173195.855472237337381 ], [ 359761.008417449018452, 173199.114603330148384 ] ] } },
{ "type": "Feature", "properties": { "JOURNEY_LINK_ID": 51, "SEGMENT_ID": 1, "SEGMENT_LENGTH": 10.283517204730687, "DIST_TO_SENSOR": 294.68009718711903, "NEAREST_SITE_ID": 500.0, "SITE_TOTAL_LENGTH": 28677.983496930894, "LENGTH_PROPORTION": 0.00035858578431189995 }, "geometry": { "type": "LineString", "coordinates": [ [ 359761.008417449018452, 173199.114603330148384 ], [ 359751.255018522497267, 173195.855472237337381 ] ] } },
{ "type": "Feature", "properties": { "JOURNEY_LINK_ID": 51, "SEGMENT_ID": 2, "SEGMENT_LENGTH": 76.070246670253397, "DIST_TO_SENSOR": 275.73260006689014, "NEAREST_SITE_ID": 500.0, "SITE_TOTAL_LENGTH": 28677.983496930894, "LENGTH_PROPORTION": 0.0026525660940698429 }, "geometry": { "type": "LineString", "coordinates": [ [ 359751.255018522497267, 173195.855472237337381 ], [ 359684.94994669087464, 173158.568478823057376 ] ] } },
{ "type": "Feature", "properties": { "JOURNEY_LINK_ID": 51, "SEGMENT_ID": 3, "SEGMENT_LENGTH": 116.16947690239684, "DIST_TO_SENSOR": 261.77034003877714, "NEAREST_SITE_ID": 500.0, "SITE_TOTAL_LENGTH": 28677.983496930894, "LENGTH_PROPORTION": 0.0040508244561487123 }, "geometry": { "type": "LineString", "coordinates": [ [ 359684.94994669087464, 173158.568478823057376 ], [ 359652.206300011835992, 173147.707392492156941 ], [ 359628.530165525036864, 173141.222868291602936 ], [ 359574.871386533544865, 173121.631505057332106 ] ] } },
{ "type": "Feature", "properties": { "JOURNEY_LINK_ID": 51, "SEGMENT_ID": 4, "SEGMENT_LENGTH": 8.0592449070736709, "DIST_TO_SENSOR": 264.70247388871201, "NEAREST_SITE_ID": 500.0, "SITE_TOTAL_LENGTH": 28677.983496930894, "LENGTH_PROPORTION": 0.00028102550892171929 }, "geometry": { "type": "LineString", "coordinates": [ [ 359574.871386533544865, 173121.631505057332106 ], [ 359572.725096137961373, 173113.863309255859349 ] ] } },
{ "type": "Feature", "properties": { "JOURNEY_LINK_ID": 51, "SEGMENT_ID": 5, "SEGMENT_LENGTH": 6.2164609805401199, "DIST_TO_SENSOR": 271.90999783004685, "NEAREST_SITE_ID": 500.0, "SITE_TOTAL_LENGTH": 28677.983496930894, "LENGTH_PROPORTION": 0.00021676771594506995 }, "geometry": { "type": "LineString", "coordinates": [ [ 359572.725096137961373, 173113.863309255859349 ], [ 359569.901744875358418, 173108.324981460347772 ] ] } },
{ "type": "Feature", "properties": { "JOURNEY_LINK_ID": 51, "SEGMENT_ID": 6, "SEGMENT_LENGTH": 33.07605432579809, "DIST_TO_SENSOR": 276.85057864794794, "NEAREST_SITE_ID": 500.0, "SITE_TOTAL_LENGTH": 28677.983496930894, "LENGTH_PROPORTION": 0.00115336053280517 }, "geometry": { "type": "LineString", "coordinates": [ [ 359569.901744875358418, 173108.324981460347772 ], [ 359540.596169457829092, 173092.98846884467639 ] ] } },
{ "type": "Feature", "properties": { "JOURNEY_LINK_ID": 51, "SEGMENT_ID": 7, "SEGMENT_LENGTH": 8.6296788146777637, "DIST_TO_SENSOR": 285.90539408595123, "NEAREST_SITE_ID": 500.0, "SITE_TOTAL_LENGTH": 28677.983496930894, "LENGTH_PROPORTION": 0.00030091651372912286 }, "geometry": { "type": "LineString", "coordinates": [ [ 359540.596169457829092, 173092.98846884467639 ], [ 359532.276117316505406, 173095.279339598375373 ] ] } },
{ "type": "Feature", "properties": { "JOURNEY_LINK_ID": 51, "SEGMENT_ID": 8, "SEGMENT_LENGTH": 15.348873696175508, "DIST_TO_SENSOR": 276.7324370332924, "NEAREST_SITE_ID": 500.0, "SITE_TOTAL_LENGTH": 28677.983496930894, "LENGTH_PROPORTION": 0.0005352145382822379 }, "geometry": { "type": "LineString", "coordinates": [ [ 359532.276117316505406, 173095.279339598375373 ], [ 359519.840354256215505, 173104.275990133406594 ] ] } },
{ "type": "Feature", "properties": { "JOURNEY_LINK_ID": 51, "SEGMENT_ID": 9, "SEGMENT_LENGTH": 17.344995460415735, "DIST_TO_SENSOR": 261.27279255574092, "NEAREST_SITE_ID": 500.0, "SITE_TOTAL_LENGTH": 28677.983496930894, "LENGTH_PROPORTION": 0.00060481921479144411 }, "geometry": { "type": "LineString", "coordinates": [ [ 359519.840354256215505, 173104.275990133406594 ], [ 359512.321386191935744, 173119.906536725582555 ] ] } },
{ "type": "Feature", "properties": { "JOURNEY_LINK_ID": 51, "SEGMENT_ID": 10, "SEGMENT_LENGTH": 16.739867645683528, "DIST_TO_SENSOR": 244.55900978209309, "NEAREST_SITE_ID": 500.0, "SITE_TOTAL_LENGTH": 28677.983496930894, "LENGTH_PROPORTION": 0.00058371843499648512 }, "geometry": { "type": "LineString", "coordinates": [ [ 359512.321386191935744, 173119.906536725582555 ], [ 359513.843749224906787, 173136.577037005743477 ] ] } },
{ "type": "Feature", "properties": { "JOURNEY_LINK_ID": 51, "SEGMENT_ID": 11, "SEGMENT_LENGTH": 3.6142446500096952, "DIST_TO_SENSOR": 241.19192235329959, "NEAREST_SITE_ID": 500.0, "SITE_TOTAL_LENGTH": 28677.983496930894, "LENGTH_PROPORTION": 0.00012602854905738022 }, "geometry": { "type": "LineString", "coordinates": [ [ 359513.843749224906787, 173136.577037005743477 ], [ 359515.259935442009009, 173139.902270980761386 ] ] } },
{ "type": "Feature", "properties": { "JOURNEY_LINK_ID": 51, "SEGMENT_ID": 12, "SEGMENT_LENGTH": 18.957389705613643, "DIST_TO_SENSOR": 222.32412192354161, "NEAREST_SITE_ID": 500.0, "SITE_TOTAL_LENGTH": 28677.983496930894, "LENGTH_PROPORTION": 0.00066104332989948386 }, "geometry": { "type": "LineString", "coordinates": [ [ 359515.259935442009009, 173139.902270980761386 ], [ 359514.020710954267997, 173158.819113928766456 ] ] } },
{ "type": "Feature", "properties": { "JOURNEY_LINK_ID": 51, "SEGMENT_ID": 13, "SEGMENT_LENGTH": 113.83865347667013, "DIST_TO_SENSOR": 121.94488084876659, "NEAREST_SITE_ID": 500.0, "SITE_TOTAL_LENGTH": 28677.983496930894, "LENGTH_PROPORTION": 0.0039695487476953568 }, "geometry": { "type": "LineString", "coordinates": [ [ 359514.020710954267997, 173158.819113928766456 ], [ 359511.338830305205192, 173171.074506830540486 ], [ 359478.750373124959879, 173266.982353381637949 ] ] } },
{ "type": "Feature", "properties": { "JOURNEY_LINK_ID": 51, "SEGMENT_ID": 14, "SEGMENT_LENGTH": 22.512642679633586, "DIST_TO_SENSOR": 102.87959279492409, "NEAREST_SITE_ID": 500.0, "SITE_TOTAL_LENGTH": 28677.983496930894, "LENGTH_PROPORTION": 0.00078501484185744368 }, "geometry": { "type": "LineString", "coordinates": [ [ 359478.750373124959879, 173266.982353381637949 ], [ 359475.453581981710158, 173289.252293852565344 ] ] } },
{ "type": "Feature", "properties": { "JOURNEY_LINK_ID": 51, "SEGMENT_ID": 15, "SEGMENT_LENGTH": 51.327842588382239, "DIST_TO_SENSOR": 58.410939412316388, "NEAREST_SITE_ID": 500.0, "SITE_TOTAL_LENGTH": 28677.983496930894, "LENGTH_PROPORTION": 0.0017897995719913613 }, "geometry": { "type": "LineString", "coordinates": [ [ 359475.453581981710158, 173289.252293852565344 ], [ 359480.029685398330912, 173340.375739572686143 ] ] } },
{ "type": "Feature", "properties": { "JOURNEY_LINK_ID": 51, "SEGMENT_ID": 16, "SEGMENT_LENGTH": 133.06912511349077, "DIST_TO_SENSOR": 21.043865887372338, "NEAREST_SITE_ID": 500.0, "SITE_TOTAL_LENGTH": 28677.983496930894, "LENGTH_PROPORTION": 0.0046401144323042019 }, "geometry": { "type": "LineString", "coordinates": [ [ 359480.029685398330912, 173340.375739572686143 ], [ 359535.8810776573373, 173461.156590874539688 ] ] } },
{ "type": "Feature", "properties": { "JOURNEY_LINK_ID": 51, "SEGMENT_ID": 17, "SEGMENT_LENGTH": 99.456167525469226, "DIST_TO_SENSOR": 81.349636616013029, "NEAREST_SITE_ID": 500.0, "SITE_TOTAL_LENGTH": 28677.983496930894, "LENGTH_PROPORTION": 0.003468032106794154 }, "geometry": { "type": "LineString", "coordinates": [ [ 359535.8810776573373, 173461.156590874539688 ], [ 359528.067046384443529, 173526.837275687023066 ], [ 359519.987318096274976, 173559.154874696978368 ] ] } },
{ "type": "Feature", "properties": { "JOURNEY_LINK_ID": 51, "SEGMENT_ID": 18, "SEGMENT_LENGTH": 122.27199856291573, "DIST_TO_SENSOR": 173.89338690280746, "NEAREST_SITE_ID": 500.0, "SITE_TOTAL_LENGTH": 28677.983496930894, "LENGTH_PROPORTION": 0.0042636191131081875 }, "geometry": { "type": "LineString", "coordinates": [ [ 359519.987318096274976, 173559.154874696978368 ], [ 359400.956001787097193, 173531.190837608708534 ] ] } },
{ "type": "Feature", "properties": { "JOURNEY_LINK_ID": 51, "SEGMENT_ID": 19, "SEGMENT_LENGTH": 100.2633652205444, "DIST_TO_SENSOR": 192.89618245307673, "NEAREST_SITE_ID": 500.0, "SITE_TOTAL_LENGTH": 28677.983496930894, "LENGTH_PROPORTION": 0.0034961790542656023 }, "geometry": { "type": "LineString", "coordinates": [ [ 359400.956001787097193, 173531.190837608708534 ], [ 359356.219252669485286, 173538.780892876908183 ], [ 359301.754339582112152, 173545.57728313608095 ] ] } },
{ "type": "Feature", "properties": { "JOURNEY_LINK_ID": 51, "SEGMENT_ID": 20, "SEGMENT_LENGTH": 56.493787491841452, "DIST_TO_SENSOR": 274.94332699188266, "NEAREST_SITE_ID": 500.0, "SITE_TOTAL_LENGTH": 28677.983496930894, "LENGTH_PROPORTION": 0.0019699358393831072 }, "geometry": { "type": "LineString", "coordinates": [ [ 359301.754339582112152, 173545.57728313608095 ], [ 359247.01645046059275, 173531.601893349259626 ] ] } },
{ "type": "Feature", "properties": { "JOURNEY_LINK_ID": 80, "SEGMENT_ID": 0, "SEGMENT_LENGTH": 60.544358454718342, "DIST_TO_SENSOR": 192.89618245307673, "NEAREST_SITE_ID": 500.0, "SITE_TOTAL_LENGTH": 28677.983496930894, "LENGTH_PROPORTION": 0.0021111790674263331 }, "geometry": { "type": "LineString", "coordinates": [ [ 359341.655975211993791, 173543.402561028662603 ], [ 359400.956001787097193, 173531.190837608708534 ] ] } },
{ "type": "Feature", "properties": { "JOURNEY_LINK_ID": 80, "SEGMENT_ID": 1, "SEGMENT_LENGTH": 57.051594942811249, "DIST_TO_SENSOR": 178.02125168068048, "NEAREST_SITE_ID": 500.0, "SITE_TOTAL_LENGTH": 28677.983496930894, "LENGTH_PROPORTION": 0.0019893865602132344 }, "geometry": { "type": "LineString", "coordinates": [ [ 359400.956001787097193, 173531.190837608708534 ], [ 359455.964843254187144, 173546.320670587534551 ] ] } },
{ "type": "Feature", "properties": { "JOURNEY_LINK_ID": 80, "SEGMENT_ID": 2, "SEGMENT_LENGTH": 172.26392664096937, "DIST_TO_SENSOR": 178.02125168068048, "NEAREST_SITE_ID": 500.0, "SITE_TOTAL_LENGTH": 28677.983496930894, "LENGTH_PROPORTION": 0.0060068354059623821 }, "geometry": { "type": "LineString", "coordinates": [ [ 359455.964843254187144, 173546.320670587534551 ], [ 359516.031633495818824, 173585.878614778106567 ], [ 359538.360647664871067, 173597.934172365290578 ], [ 359569.105853757180739, 173619.932162443699781 ], [ 359599.842277661839034, 173640.818397244613152 ] ] } },
{ "type": "Feature", "properties": { "JOURNEY_LINK_ID": 80, "SEGMENT_ID": 3, "SEGMENT_LENGTH": 34.817940224680832, "DIST_TO_SENSOR": 271.21901264554515, "NEAREST_SITE_ID": 500.0, "SITE_TOTAL_LENGTH": 28677.983496930894, "LENGTH_PROPORTION": 0.0012141000160770382 }, "geometry": { "type": "LineString", "coordinates": [ [ 359599.842277661839034, 173640.818397244613152 ], [ 359633.109715158876497, 173630.543838184967171 ] ] } },
{ "type": "Feature", "properties": { "JOURNEY_LINK_ID": 80, "SEGMENT_ID": 4, "SEGMENT_LENGTH": 15.206204673699448, "DIST_TO_SENSOR": 258.36143913372024, "NEAREST_SITE_ID": 500.0, "SITE_TOTAL_LENGTH": 28677.983496930894, "LENGTH_PROPORTION": 0.00053023967585889744 }, "geometry": { "type": "LineString", "coordinates": [ [ 359633.109715158876497, 173630.543838184967171 ], [ 359623.980997090053279, 173618.382622497447301 ] ] } },
{ "type": "Feature", "properties": { "JOURNEY_LINK_ID": 80, "SEGMENT_ID": 5, "SEGMENT_LENGTH": 65.448949888483938, "DIST_TO_SENSOR": 206.64822311562179, "NEAREST_SITE_ID": 500.0, "SITE_TOTAL_LENGTH": 28677.983496930894, "LENGTH_PROPORTION": 0.0022822019510363501 }, "geometry": { "type": "LineString", "coordinates": [ [ 359623.980997090053279, 173618.382622497447301 ], [ 359569.499513946240768, 173582.115102097566705 ] ] } },
{ "type": "Feature", "properties": { "JOURNEY_LINK_ID": 80, "SEGMENT_ID": 6, "SEGMENT_LENGTH": 23.121222403277557, "DIST_TO_SENSOR": 193.11034048062902, "NEAREST_SITE_ID": 500.0, "SITE_TOTAL_LENGTH": 28677.983496930894, "LENGTH_PROPORTION": 0.0008062359895615387 }, "geometry": { "type": "LineString", "coordinates": [ [ 359569.499513946240768, 173582.115102097566705 ], [ 359548.577830184658524, 173572.272639295901172 ] ] } },
{ "type": "Feature", "properties": { "JOURNEY_LINK_ID": 80, "SEGMENT_ID": 7, "SEGMENT_LENGTH": 29.455533050434877, "DIST_TO_SENSOR": 164.39105693814722, "NEAREST_SITE_ID": 500.0, "SITE_TOTAL_LENGTH": 28677.983496930894, "LENGTH_PROPORTION": 0.001027113118102854 }, "geometry": { "type": "LineString", "coordinates": [ [ 359548.577830184658524, 173572.272639295901172 ], [ 359538.630072498810478, 173544.547730922582559 ] ] } },
{ "type": "Feature", "properties": { "JOURNEY_LINK_ID": 80, "SEGMENT_ID": 8, "SEGMENT_LENGTH": 77.538796191910436, "DIST_TO_SENSOR": 90.86965001593407, "NEAREST_SITE_ID": 500.0, "SITE_TOTAL_LENGTH": 28677.983496930894, "LENGTH_PROPORTION": 0.0027037743501110742 }, "geometry": { "type": "LineString", "coordinates": [ [ 359538.630072498810478, 173544.547730922582559 ], [ 359549.134512676508166, 173467.723765576840378 ] ] } },
{ "type": "Feature", "properties": { "JOURNEY_LINK_ID": 80, "SEGMENT_ID": 9, "SEGMENT_LENGTH": 28.834577755226146, "DIST_TO_SENSOR": 62.050481840565155, "NEAREST_SITE_ID": 500.0, "SITE_TOTAL_LENGTH": 28677.983496930894, "LENGTH_PROPORTION": 0.0010054604347726195 }, "geometry": { "type": "LineString", "coordinates": [ [ 359549.134512676508166, 173467.723765576840378 ], [ 359541.270716800994705, 173439.982215714757331 ] ] } },
{ "type": "Feature", "properties": { "JOURNEY_LINK_ID": 80, "SEGMENT_ID": 10, "SEGMENT_LENGTH": 61.195789386023392, "DIST_TO_SENSOR": 10.117136423656262, "NEAREST_SITE_ID": 500.0, "SITE_TOTAL_LENGTH": 28677.983496930894, "LENGTH_PROPORTION": 0.0021338944348221881 }, "geometry": { "type": "LineString", "coordinates": [ [ 359541.270716800994705, 173439.982215714757331 ], [ 359535.615279874706175, 173427.793428912584204 ], [ 359529.273957234690897, 173416.722372463264037 ], [ 359513.046681348816492, 173385.711107570969034 ] ] } },
{ "type": "Feature", "properties": { "JOURNEY_LINK_ID": 80, "SEGMENT_ID": 11, "SEGMENT_LENGTH": 77.759075229200135, "DIST_TO_SENSOR": 9.9418010069143037, "NEAREST_SITE_ID": 500.0, "SITE_TOTAL_LENGTH": 28677.983496930894, "LENGTH_PROPORTION": 0.0027114554702746753 }, "geometry": { "type": "LineString", "coordinates": [ [ 359513.046681348816492, 173385.711107570969034 ], [ 359490.221034615533426, 173311.377645175438374 ] ] } },
{ "type": "Feature", "properties": { "JOURNEY_LINK_ID": 80, "SEGMENT_ID": 12, "SEGMENT_LENGTH": 32.333401502261431, "DIST_TO_SENSOR": 76.532182330208542, "NEAREST_SITE_ID": 500.0, "SITE_TOTAL_LENGTH": 28677.983496930894, "LENGTH_PROPORTION": 0.00112746426211319 }, "geometry": { "type": "LineString", "coordinates": [ [ 359490.221034615533426, 173311.377645175438374 ], [ 359490.176720284274779, 173305.817150189250242 ], [ 359492.048599232686684, 173279.109938850218896 ] ] } },
{ "type": "Feature", "properties": { "JOURNEY_LINK_ID": 80, "SEGMENT_ID": 13, "SEGMENT_LENGTH": 194.85944588775354, "DIST_TO_SENSOR": 106.20108741924608, "NEAREST_SITE_ID": 500.0, "SITE_TOTAL_LENGTH": 28677.983496930894, "LENGTH_PROPORTION": 0.0067947401500041771 }, "geometry": { "type": "LineString", "coordinates": [ [ 359492.048599232686684, 173279.109938850218896 ], [ 359516.503176428144798, 173208.847287401731592 ], [ 359539.006950002512895, 173155.283009151695296 ], [ 359548.486514887190424, 173124.066348519350868 ], [ 359555.204788993753027, 173095.096132787584793 ] ] } },
{ "type": "Feature", "properties": { "JOURNEY_LINK_ID": 80, "SEGMENT_ID": 14, "SEGMENT_LENGTH": 95.684342247148379, "DIST_TO_SENSOR": 287.82560570445088, "NEAREST_SITE_ID": 500.0, "SITE_TOTAL_LENGTH": 28677.983496930894, "LENGTH_PROPORTION": 0.003336508728285881 }, "geometry": { "type": "LineString", "coordinates": [ [ 359555.204788993753027, 173095.096132787584793 ], [ 359551.665341109212022, 172999.477276593097486 ] ] } },
{ "type": "Feature", "properties": { "JOURNEY_LINK_ID": 93, "SEGMENT_ID": 23, "SEGMENT_LENGTH": 21.198515130885298, "DIST_TO_SENSOR": 285.90539408595123, "NEAREST_SITE_ID": 500.0, "SITE_TOTAL_LENGTH": 28677.983496930894, "LENGTH_PROPORTION": 0.00073919127309470532 }, "geometry": { "type": "LineString", "coordinates": [ [ 359539.065080005908385, 173075.205931992211845 ], [ 359536.3565338239423, 173084.124905820121057 ], [ 359532.276117316505406, 173095.279339598375373 ] ] } },
{ "type": "Feature", "properties": { "JOURNEY_LINK_ID": 93, "SEGMENT_ID": 24, "SEGMENT_LENGTH": 15.348873696175508, "DIST_TO_SENSOR": 276.7324370332924, "NEAREST_SITE_ID": 500.0, "SITE_TOTAL_LENGTH": 28677.983496930894, "LENGTH_PROPORTION": 0.0005352145382822379 }, "geometry": { "type": "LineString", "coordinates": [ [ 359532.276117316505406, 173095.279339598375373 ], [ 359519.840354256215505, 173104.275990133406594 ] ] } },
{ "type": "Feature", "properties": { "JOURNEY_LINK_ID": 93, "SEGMENT_ID": 25, "SEGMENT_LENGTH": 17.344995460415735, "DIST_TO_SENSOR": 261.27279255574092, "NEAREST_SITE_ID": 500.0, "SITE_TOTAL_LENGTH": 28677.983496930894, "LENGTH_PROPORTION": 0.00060481921479144411 }, "geometry": { "type": "LineString", "coordinates": [ [ 359519.840354256215505, 173104.275990133406594 ], [ 359512.321386191935744, 173119.906536725582555 ] ] } },
{ "type": "Feature", "properties": { "JOURNEY_LINK_ID": 93, "SEGMENT_ID": 26, "SEGMENT_LENGTH": 16.739867645683528, "DIST_TO_SENSOR": 244.55900978209309, "NEAREST_SITE_ID": 500.0, "SITE_TOTAL_LENGTH": 28677.983496930894, "LENGTH_PROPORTION": 0.00058371843499648512 }, "geometry": { "type": "LineString", "coordinates": [ [ 359512.321386191935744, 173119.906536725582555 ], [ 359513.843749224906787, 173136.577037005743477 ] ] } },
{ "type": "Feature", "properties": { "JOURNEY_LINK_ID": 93, "SEGMENT_ID": 27, "SEGMENT_LENGTH": 3.6142446500096952, "DIST_TO_SENSOR": 241.19192235329959, "NEAREST_SITE_ID": 500.0, "SITE_TOTAL_LENGTH": 28677.983496930894, "LENGTH_PROPORTION": 0.00012602854905738022 }, "geometry": { "type": "LineString", "coordinates": [ [ 359513.843749224906787, 173136.577037005743477 ], [ 359515.259935442009009, 173139.902270980761386 ] ] } },
{ "type": "Feature", "properties": { "JOURNEY_LINK_ID": 93, "SEGMENT_ID": 28, "SEGMENT_LENGTH": 28.292893228151957, "DIST_TO_SENSOR": 226.35678983852384, "NEAREST_SITE_ID": 500.0, "SITE_TOTAL_LENGTH": 28677.983496930894, "LENGTH_PROPORTION": 0.0009865719195765578 }, "geometry": { "type": "LineString", "coordinates": [ [ 359515.259935442009009, 173139.902270980761386 ], [ 359539.006950002512895, 173155.283009151695296 ] ] } },
{ "type": "Feature", "properties": { "JOURNEY_LINK_ID": 93, "SEGMENT_ID": 29, "SEGMENT_LENGTH": 11.879970743517008, "DIST_TO_SENSOR": 226.18185931806667, "NEAREST_SITE_ID": 500.0, "SITE_TOTAL_LENGTH": 28677.983496930894, "LENGTH_PROPORTION": 0.0004142540477013803 }, "geometry": { "type": "LineString", "coordinates": [ [ 359539.006950002512895, 173155.283009151695296 ], [ 359548.048084719397593, 173156.322960367193446 ], [ 359550.827218999154866, 173156.300794989801943 ] ] } },
{ "type": "Feature", "properties": { "JOURNEY_LINK_ID": 93, "SEGMENT_ID": 30, "SEGMENT_LENGTH": 17.687064835877415, "DIST_TO_SENSOR": 226.54081594149926, "NEAREST_SITE_ID": 500.0, "SITE_TOTAL_LENGTH": 28677.983496930894, "LENGTH_PROPORTION": 0.00061674715859189597 }, "geometry": { "type": "LineString", "coordinates": [ [ 359550.827218999154866, 173156.300794989801943 ], [ 359566.04211916658096, 173147.281977140228264 ] ] } },
{ "type": "Feature", "properties": { "JOURNEY_LINK_ID": 93, "SEGMENT_ID": 31, "SEGMENT_LENGTH": 202.17970983369869, "DIST_TO_SENSOR": 237.83113530024329, "NEAREST_SITE_ID": 500.0, "SITE_TOTAL_LENGTH": 28677.983496930894, "LENGTH_PROPORTION": 0.007049997425911619 }, "geometry": { "type": "LineString", "coordinates": [ [ 359566.04211916658096, 173147.281977140228264 ], [ 359655.812507710652426, 173164.36130586231593 ], [ 359673.226545621815603, 173169.783610851387493 ], [ 359726.875535936967935, 173188.263911754416768 ], [ 359751.255018522497267, 173195.855472237337381 ], [ 359761.008417449018452, 173199.114603330148384 ] ] } },
{ "type": "Feature", "properties": { "JOURNEY_LINK_ID": 134, "SEGMENT_ID": 15, "SEGMENT_LENGTH": 690.51185214277575, "DIST_TO_SENSOR": 19.58599873769376, "NEAREST_SITE_ID": 270.0, "SITE_TOTAL_LENGTH": 6483.7797947000972, "LENGTH_PROPORTION": 0.1064983503460754 }, "geometry": { "type": "LineString", "coordinates": [ [ 361213.158377226092853, 170193.777282769966405 ], [ 361146.135747799940873, 170157.585424703196622 ], [ 361083.953079119150061, 170118.020638558722567 ], [ 361073.464829123055097, 170110.315353727201 ], [ 361062.289729987853207, 170103.727601474209223 ], [ 361014.070328112575226, 170071.842451331322081 ], [ 360979.128352672152687, 170048.753729697957169 ], [ 360952.563386257563252, 170030.049720416660421 ], [ 360937.885989380185492, 170020.152454713708721 ], [ 360921.131445723411161, 170011.383262665360235 ], [ 360906.471150027937256, 170003.710321817256045 ], [ 360889.725061970297247, 169996.053344393556472 ], [ 360851.348923777462915, 169978.552722002146766 ], [ 360830.413975788629614, 169968.703757958312053 ], [ 360603.029684348963201, 169875.918793010932859 ] ] } },
{ "type": "Feature", "properties": { "JOURNEY_LINK_ID": 173, "SEGMENT_ID": 25, "SEGMENT_LENGTH": 797.29486690109388, "DIST_TO_SENSOR": 6.8426894359516721, "NEAREST_SITE_ID": 463.0, "SITE_TOTAL_LENGTH": 8909.9760563335276, "LENGTH_PROPORTION": 0.089483390511958597 }, "geometry": { "type": "LineString", "coordinates": [ [ 362606.447355473705102, 175381.756468331848737 ], [ 362711.090072049933951, 175444.382336604234297 ], [ 362728.542644129018299, 175456.488434508501086 ], [ 362741.100761720794253, 175464.181653346866369 ], [ 362776.667152570968028, 175483.940410147421062 ], [ 362798.302619148045778, 175498.240485611371696 ], [ 362812.257639211369678, 175507.035802869009785 ], [ 362875.063207052997313, 175547.727554101846181 ], [ 363026.51248114759801, 175648.94468184694415 ], [ 363042.558208625996485, 175658.837590042792726 ], [ 363061.38993201800622, 175669.822492337087169 ], [ 363127.623023712658323, 175704.931156190286856 ], [ 363147.835076895251404, 175714.79403404192999 ], [ 363212.66197248979006, 175747.689663793193176 ], [ 363265.649842439976055, 175776.222808385384269 ], [ 363289.373948830063455, 175791.621901971462648 ] ] } },
{ "type": "Feature", "properties": { "JOURNEY_LINK_ID": 202, "SEGMENT_ID": 4, "SEGMENT_LENGTH": 927.88329541566713, "DIST_TO_SENSOR": 216.23974623225718, "NEAREST_SITE_ID": 215.0, "SITE_TOTAL_LENGTH": 10217.668047074099, "LENGTH_PROPORTION": 0.090811650088923473 }, "geometry": { "type": "LineString", "coordinates": [ [ 358071.46834862511605, 169442.371376080031041 ], [ 358066.315527383820154, 169574.764023153868038 ], [ 358068.883770618413109, 169632.576383664971218 ], [ 358071.368469501030631, 169680.379764820914716 ], [ 358074.723593905859161, 169749.30825077847112 ], [ 358078.085634161892813, 169819.350876165379304 ], [ 358081.281642794958316, 169869.37472400983097 ], [ 358088.783786502026487, 170019.463520751334727 ], [ 358080.130699969653506, 170149.665839985478669 ], [ 358040.906257204129361, 170365.763019866426475 ] ] } },
{ "type": "Feature", "properties": { "JOURNEY_LINK_ID": 202, "SEGMENT_ID": 5, "SEGMENT_LENGTH": 189.70489411220697, "DIST_TO_SENSOR": 104.59488345510402, "NEAREST_SITE_ID": 215.0, "SITE_TOTAL_LENGTH": 10217.668047074099, "LENGTH_PROPORTION": 0.01856635909859396 }, "geometry": { "type": "LineString", "coordinates": [ [ 358040.906257204129361, 170365.763019866426475 ], [ 358030.042107150889933, 170396.99532026349334 ], [ 358016.379193559114356, 170426.026588680513669 ], [ 357999.944909922371153, 170456.192877310677432 ], [ 357992.399818988342304, 170468.489927218528464 ], [ 357982.111101404123474, 170485.258749718137551 ], [ 357969.746311306778807, 170503.15700843941886 ], [ 357949.818119747273158, 170531.128048466285691 ] ] } },
{ "type": "Feature", "properties": { "JOURNEY_LINK_ID": 202, "SEGMENT_ID": 6, "SEGMENT_LENGTH": 23.692826753899322, "DIST_TO_SENSOR": 81.909602885567807, "NEAREST_SITE_ID": 215.0, "SITE_TOTAL_LENGTH": 10217.668047074099, "LENGTH_PROPORTION": 0.0023188095996800294 }, "geometry": { "type": "LineString", "coordinates": [ [ 357949.818119747273158, 170531.128048466285691 ], [ 357968.707176452444401, 170545.430271243851166 ] ] } },
{ "type": "Feature", "properties": { "JOURNEY_LINK_ID": 202, "SEGMENT_ID": 7, "SEGMENT_LENGTH": 8.2997260116325506, "DIST_TO_SENSOR": 81.909602885567807, "NEAREST_SITE_ID": 215.0, "SITE_TOTAL_LENGTH": 10217.668047074099, "LENGTH_PROPORTION": 0.00081229160835864453 }, "geometry": { "type": "LineString", "coordinates": [ [ 357968.707176452444401, 170545.430271243851166 ], [ 357966.403577386285178, 170537.456634481961373 ] ] } },
{ "type": "Feature", "properties": { "JOURNEY_LINK_ID": 73, "SEGMENT_ID": 0, "SEGMENT_LENGTH": 220.52081049762378, "DIST_TO_SENSOR": 249.68347691467145, "NEAREST_SITE_ID": 500.0, "SITE_TOTAL_LENGTH": 28677.983496930894, "LENGTH_PROPORTION": 0.0076895507845321075 }, "geometry": { "type": "LineString", "coordinates": [ [ 359323.96302385936724, 173533.063127434870694 ], [ 359301.634647670318373, 173535.324298658873886 ], [ 359240.515369189786725, 173538.039943065028638 ], [ 359198.1272795292316, 173537.269019725848921 ], [ 359158.518063190102112, 173536.475934366870206 ], [ 359124.475686738267541, 173536.750567099545151 ], [ 359103.63345012877835, 173536.918681006529368 ] ] } },
{ "type": "Feature", "properties": { "JOURNEY_LINK_ID": 73, "SEGMENT_ID": 4, "SEGMENT_LENGTH": 28.354079098495284, "DIST_TO_SENSOR": 286.81309051182205, "NEAREST_SITE_ID": 672.0, "SITE_TOTAL_LENGTH": 6368.3416060518648, "LENGTH_PROPORTION": 0.0044523489555821361 }, "geometry": { "type": "LineString", "coordinates": [ [ 359037.435495921818074, 173512.985749404295348 ], [ 359014.64381010440411, 173529.852665516140405 ] ] } },
{ "type": "Feature", "properties": { "JOURNEY_LINK_ID": 73, "SEGMENT_ID": 5, "SEGMENT_LENGTH": 9.573169044114417, "DIST_TO_SENSOR": 283.86371147271711, "NEAREST_SITE_ID": 672.0, "SITE_TOTAL_LENGTH": 6368.3416060518648, "LENGTH_PROPORTION": 0.0015032436443134568 }, "geometry": { "type": "LineString", "coordinates": [ [ 359014.64381010440411, 173529.852665516140405 ], [ 359012.595428239263128, 173534.317905334115494 ], [ 359011.241963928157929, 173538.77755471796263 ] ] } },
{ "type": "Feature", "properties": { "JOURNEY_LINK_ID": 73, "SEGMENT_ID": 6, "SEGMENT_LENGTH": 16.739796533623966, "DIST_TO_SENSOR": 283.85266564889201, "NEAREST_SITE_ID": 672.0, "SITE_TOTAL_LENGTH": 6368.3416060518648, "LENGTH_PROPORTION": 0.0026285958840078648 }, "geometry": { "type": "LineString", "coordinates": [ [ 359011.241963928157929, 173538.77755471796263 ], [ 359009.98732033604756, 173555.470267422730103 ] ] } },
{ "type": "Feature", "properties": { "JOURNEY_LINK_ID": 73, "SEGMENT_ID": 7, "SEGMENT_LENGTH": 23.978928340061703, "DIST_TO_SENSOR": 284.20940994510494, "NEAREST_SITE_ID": 672.0, "SITE_TOTAL_LENGTH": 6368.3416060518648, "LENGTH_PROPORTION": 0.0037653332411179724 }, "geometry": { "type": "LineString", "coordinates": [ [ 359009.98732033604756, 173555.470267422730103 ], [ 359023.349040407047141, 173575.381406041153241 ] ] } },
{ "type": "Feature", "properties": { "JOURNEY_LINK_ID": 94, "SEGMENT_ID": 22, "SEGMENT_LENGTH": 87.861809898975778, "DIST_TO_SENSOR": 289.0669169958677, "NEAREST_SITE_ID": 500.0, "SITE_TOTAL_LENGTH": 28677.983496930894, "LENGTH_PROPORTION": 0.0030637373756902649 }, "geometry": { "type": "LineString", "coordinates": [ [ 359544.761380899930373, 173005.093277434410993 ], [ 359546.154635220766068, 173092.944039987283759 ] ] } },
{ "type": "Feature", "properties": { "JOURNEY_LINK_ID": 94, "SEGMENT_ID": 23, "SEGMENT_LENGTH": 208.91257055097958, "DIST_TO_SENSOR": 102.87959279492409, "NEAREST_SITE_ID": 500.0, "SITE_TOTAL_LENGTH": 28677.983496930894, "LENGTH_PROPORTION": 0.0072847719775463752 }, "geometry": { "type": "LineString", "coordinates": [ [ 359546.154635220766068, 173092.944039987283759 ], [ 359538.741650783165824, 173121.919848263787571 ], [ 359529.262083664012607, 173153.136510401440319 ], [ 359508.834009871061426, 173205.572077701450326 ], [ 359491.105949395161588, 173247.976538966817316 ], [ 359475.453581981710158, 173289.252293852565344 ] ] } },
{ "type": "Feature", "properties": { "JOURNEY_LINK_ID": 94, "SEGMENT_ID": 24, "SEGMENT_LENGTH": 51.327842588382239, "DIST_TO_SENSOR": 58.410939412316388, "NEAREST_SITE_ID": 500.0, "SITE_TOTAL_LENGTH": 28677.983496930894, "LENGTH_PROPORTION": 0.0017897995719913613 }, "geometry": { "type": "LineString", "coordinates": [ [ 359475.453581981710158, 173289.252293852565344 ], [ 359480.029685398330912, 173340.375739572686143 ] ] } },
{ "type": "Feature", "properties": { "JOURNEY_LINK_ID": 94, "SEGMENT_ID": 25, "SEGMENT_LENGTH": 133.06912511349077, "DIST_TO_SENSOR": 21.043865887372338, "NEAREST_SITE_ID": 500.0, "SITE_TOTAL_LENGTH": 28677.983496930894, "LENGTH_PROPORTION": 0.0046401144323042019 }, "geometry": { "type": "LineString", "coordinates": [ [ 359480.029685398330912, 173340.375739572686143 ], [ 359535.8810776573373, 173461.156590874539688 ] ] } },
{ "type": "Feature", "properties": { "JOURNEY_LINK_ID": 94, "SEGMENT_ID": 26, "SEGMENT_LENGTH": 126.47108423054132, "DIST_TO_SENSOR": 81.349636616013029, "NEAREST_SITE_ID": 500.0, "SITE_TOTAL_LENGTH": 28677.983496930894, "LENGTH_PROPORTION": 0.0044100410422537629 }, "geometry": { "type": "LineString", "coordinates": [ [ 359535.8810776573373, 173461.156590874539688 ], [ 359528.067046384443529, 173526.837275687023066 ], [ 359519.987318096274976, 173559.154874696978368 ], [ 359516.031633495818824, 173585.878614778106567 ] ] } },
{ "type": "Feature", "properties": { "JOURNEY_LINK_ID": 94, "SEGMENT_ID": 27, "SEGMENT_LENGTH": 100.34139721856523, "DIST_TO_SENSOR": 204.96552927778862, "NEAREST_SITE_ID": 500.0, "SITE_TOTAL_LENGTH": 28677.983496930894, "LENGTH_PROPORTION": 0.0034989000265413964 }, "geometry": { "type": "LineString", "coordinates": [ [ 359516.031633495818824, 173585.878614778106567 ], [ 359538.360647664871067, 173597.934172365290578 ], [ 359569.105853757180739, 173619.932162443699781 ], [ 359599.842277661839034, 173640.818397244613152 ] ] } },
{ "type": "Feature", "properties": { "JOURNEY_LINK_ID": 94, "SEGMENT_ID": 28, "SEGMENT_LENGTH": 31.61808110748402, "DIST_TO_SENSOR": 271.22872218543239, "NEAREST_SITE_ID": 500.0, "SITE_TOTAL_LENGTH": 28677.983496930894, "LENGTH_PROPORTION": 0.0011025210719877768 }, "geometry": { "type": "LineString", "coordinates": [ [ 359599.842277661839034, 173640.818397244613152 ], [ 359616.588898559333757, 173667.637303662195336 ] ] } },
{ "type": "Feature", "properties": { "JOURNEY_LINK_ID": 102, "SEGMENT_ID": 8, "SEGMENT_LENGTH": 34.851949163330126, "DIST_TO_SENSOR": 276.7324370332924, "NEAREST_SITE_ID": 500.0, "SITE_TOTAL_LENGTH": 28677.983496930894, "LENGTH_PROPORTION": 0.001215285906244418 }, "geometry": { "type": "LineString", "coordinates": [ [ 359539.065080005908385, 173075.205931992211845 ], [ 359519.840354256215505, 173104.275990133406594 ] ] } },
{ "type": "Feature", "properties": { "JOURNEY_LINK_ID": 102, "SEGMENT_ID": 9, "SEGMENT_LENGTH": 18.079634012123002, "DIST_TO_SENSOR": 260.46192233950711, "NEAREST_SITE_ID": 500.0, "SITE_TOTAL_LENGTH": 28677.983496930894, "LENGTH_PROPORTION": 0.00063043602818370673 }, "geometry": { "type": "LineString", "coordinates": [ [ 359519.840354256215505, 173104.275990133406594 ], [ 359512.321402948873583, 173120.717964991985355 ] ] } },
{ "type": "Feature", "properties": { "JOURNEY_LINK_ID": 102, "SEGMENT_ID": 10, "SEGMENT_LENGTH": 38.139024607349008, "DIST_TO_SENSOR": 222.32412192354161, "NEAREST_SITE_ID": 500.0, "SITE_TOTAL_LENGTH": 28677.983496930894, "LENGTH_PROPORTION": 0.0013299060797433903 }, "geometry": { "type": "LineString", "coordinates": [ [ 359512.321402948873583, 173120.717964991985355 ], [ 359514.020710954267997, 173158.819113928766456 ] ] } },
{ "type": "Feature", "properties": { "JOURNEY_LINK_ID": 102, "SEGMENT_ID": 11, "SEGMENT_LENGTH": 136.19895999659727, "DIST_TO_SENSOR": 102.87959279492409, "NEAREST_SITE_ID": 500.0, "SITE_TOTAL_LENGTH": 28677.983496930894, "LENGTH_PROPORTION": 0.0047492516344872443 }, "geometry": { "type": "LineString", "coordinates": [ [ 359514.020710954267997, 173158.819113928766456 ], [ 359491.105949395161588, 173247.976538966817316 ], [ 359475.453581981710158, 173289.252293852565344 ] ] } },
{ "type": "Feature", "properties": { "JOURNEY_LINK_ID": 102, "SEGMENT_ID": 12, "SEGMENT_LENGTH": 51.327842588382239, "DIST_TO_SENSOR": 58.410939412316388, "NEAREST_SITE_ID": 500.0, "SITE_TOTAL_LENGTH": 28677.983496930894, "LENGTH_PROPORTION": 0.0017897995719913613 }, "geometry": { "type": "LineString", "coordinates": [ [ 359475.453581981710158, 173289.252293852565344 ], [ 359480.029685398330912, 173340.375739572686143 ] ] } },
{ "type": "Feature", "properties": { "JOURNEY_LINK_ID": 102, "SEGMENT_ID": 13, "SEGMENT_LENGTH": 133.06912511349077, "DIST_TO_SENSOR": 21.043865887372338, "NEAREST_SITE_ID": 500.0, "SITE_TOTAL_LENGTH": 28677.983496930894, "LENGTH_PROPORTION": 0.0046401144323042019 }, "geometry": { "type": "LineString", "coordinates": [ [ 359480.029685398330912, 173340.375739572686143 ], [ 359535.8810776573373, 173461.156590874539688 ] ] } },
{ "type": "Feature", "properties": { "JOURNEY_LINK_ID": 102, "SEGMENT_ID": 14, "SEGMENT_LENGTH": 99.456167525469226, "DIST_TO_SENSOR": 81.349636616013029, "NEAREST_SITE_ID": 500.0, "SITE_TOTAL_LENGTH": 28677.983496930894, "LENGTH_PROPORTION": 0.003468032106794154 }, "geometry": { "type": "LineString", "coordinates": [ [ 359535.8810776573373, 173461.156590874539688 ], [ 359528.067046384443529, 173526.837275687023066 ], [ 359519.987318096274976, 173559.154874696978368 ] ] } },
{ "type": "Feature", "properties": { "JOURNEY_LINK_ID": 102, "SEGMENT_ID": 15, "SEGMENT_LENGTH": 123.03891753141914, "DIST_TO_SENSOR": 170.07157547885711, "NEAREST_SITE_ID": 500.0, "SITE_TOTAL_LENGTH": 28677.983496930894, "LENGTH_PROPORTION": 0.0042903615431882343 }, "geometry": { "type": "LineString", "coordinates": [ [ 359519.987318096274976, 173559.154874696978368 ], [ 359402.960144744312856, 173521.165192880027462 ] ] } },
{ "type": "Feature", "properties": { "JOURNEY_LINK_ID": 102, "SEGMENT_ID": 16, "SEGMENT_LENGTH": 70.065458635809918, "DIST_TO_SENSOR": 183.89336158325631, "NEAREST_SITE_ID": 500.0, "SITE_TOTAL_LENGTH": 28677.983496930894, "LENGTH_PROPORTION": 0.0024431794042739543 }, "geometry": { "type": "LineString", "coordinates": [ [ 359402.960144744312856, 173521.165192880027462 ], [ 359332.897059008537326, 173521.741830571962055 ] ] } },
{ "type": "Feature", "properties": { "JOURNEY_LINK_ID": 169, "SEGMENT_ID": 0, "SEGMENT_LENGTH": 76.324061874392655, "DIST_TO_SENSOR": 281.83828262012281, "NEAREST_SITE_ID": 501.0, "SITE_TOTAL_LENGTH": 8896.6427394330349, "LENGTH_PROPORTION": 0.0085789734520975748 }, "geometry": { "type": "LineString", "coordinates": [ [ 358558.277738541946746, 172820.269969168351963 ], [ 358540.906598025525454, 172777.426015879202168 ], [ 358526.791532180504873, 172750.849312428326812 ] ] } },
{ "type": "Feature", "properties": { "JOURNEY_LINK_ID": 179, "SEGMENT_ID": 9, "SEGMENT_LENGTH": 556.93709732575246, "DIST_TO_SENSOR": 288.73213600740678, "NEAREST_SITE_ID": 500.0, "SITE_TOTAL_LENGTH": 28677.983496930894, "LENGTH_PROPORTION": 0.01942037163754403 }, "geometry": { "type": "LineString", "coordinates": [ [ 360002.690743908577133, 174066.925258639384992 ], [ 359964.063529368897434, 174013.845314219011925 ], [ 359815.903692032967228, 173814.825162255147006 ], [ 359810.988038237264846, 173808.191005867905915 ], [ 359742.958197196247056, 173727.541862785757985 ], [ 359707.24539516447112, 173692.235853261779994 ], [ 359660.389717803976964, 173653.682401523343287 ], [ 359646.398004741815384, 173641.559748962987214 ] ] } },
{ "type": "Feature", "properties": { "JOURNEY_LINK_ID": 179, "SEGMENT_ID": 10, "SEGMENT_LENGTH": 6.7475388419883613, "DIST_TO_SENSOR": 287.8566960281151, "NEAREST_SITE_ID": 500.0, "SITE_TOTAL_LENGTH": 28677.983496930894, "LENGTH_PROPORTION": 0.00023528637718584641 }, "geometry": { "type": "LineString", "coordinates": [ [ 359646.398004741815384, 173641.559748962987214 ], [ 359639.959300962334964, 173643.57776136737084 ] ] } },
{ "type": "Feature", "properties": { "JOURNEY_LINK_ID": 194, "SEGMENT_ID": 4, "SEGMENT_LENGTH": 1607.449894994078, "DIST_TO_SENSOR": 6.8426894359516721, "NEAREST_SITE_ID": 463.0, "SITE_TOTAL_LENGTH": 8909.9760563335276, "LENGTH_PROPORTION": 0.18041012510369717 }, "geometry": { "type": "LineString", "coordinates": [ [ 363289.373948830063455, 175791.621901971462648 ], [ 363265.649842439976055, 175776.222808385384269 ], [ 363239.147950629936531, 175760.844027988263406 ], [ 363212.66197248979006, 175747.689663793193176 ], [ 363147.835076895251404, 175714.79403404192999 ], [ 363127.623023712658323, 175704.931156190286856 ], [ 363061.38993201800622, 175669.822492337087169 ], [ 363042.558208625996485, 175658.837590042792726 ], [ 363026.51248114759801, 175648.94468184694415 ], [ 362875.063207052997313, 175547.727554101846181 ], [ 362812.257639211369678, 175507.035802869009785 ], [ 362798.302619148045778, 175498.240485611371696 ], [ 362776.667152570968028, 175483.940410147421062 ], [ 362741.100761720794253, 175464.181653346866369 ], [ 362728.542644129018299, 175456.488434508501086 ], [ 362711.090072049933951, 175444.382336604234297 ], [ 362639.220510590414051, 175399.310515985940583 ], [ 362594.599639935768209, 175376.28266782494029 ], [ 362537.477336645766627, 175353.34758250444429 ], [ 362509.6309177641524, 175344.655556712357793 ], [ 362488.73786761140218, 175337.024355437664781 ], [ 362467.142034394899383, 175328.286355952383019 ], [ 362401.67597993061645, 175304.302198184421286 ], [ 362354.324611418065615, 175287.969904817757197 ], [ 362316.721230046299752, 175274.902417016681284 ], [ 362270.750064748630393, 175257.448526900378056 ], [ 362244.283364361501299, 175247.635328257980291 ], [ 362217.105407846451271, 175235.603235056216363 ], [ 362155.745561376679689, 175203.806034484470729 ], [ 362131.32872702088207, 175189.529317784414161 ], [ 362052.512642935209442, 175145.629281853849534 ], [ 362031.592920582683291, 175134.663450107036624 ], [ 361933.955313942453358, 175082.008056665305048 ], [ 361910.959864580538124, 175072.170581252896227 ], [ 361889.361988848948386, 175063.434790446597617 ], [ 361867.078293199883774, 175055.816014186828397 ] ] } },
{ "type": "Feature", "properties": { "JOURNEY_LINK_ID": 196, "SEGMENT_ID": 30, "SEGMENT_LENGTH": 34.828275339207046, "DIST_TO_SENSOR": 291.9916723913563, "NEAREST_SITE_ID": 203.0, "SITE_TOTAL_LENGTH": 4294.1901469009272, "LENGTH_PROPORTION": 0.0081105573222793256 }, "geometry": { "type": "LineString", "coordinates": [ [ 361205.828538138885051, 171867.692287611309439 ], [ 361172.394127728126477, 171857.937854588904884 ] ] } },
{ "type": "Feature", "properties": { "JOURNEY_LINK_ID": 196, "SEGMENT_ID": 31, "SEGMENT_LENGTH": 47.740268441572972, "DIST_TO_SENSOR": 270.62391120117201, "NEAREST_SITE_ID": 203.0, "SITE_TOTAL_LENGTH": 4294.1901469009272, "LENGTH_PROPORTION": 0.011117409059313927 }, "geometry": { "type": "LineString", "coordinates": [ [ 361172.394127728126477, 171857.937854588904884 ], [ 361131.890875408193097, 171832.666926976700779 ] ] } },
{ "type": "Feature", "properties": { "JOURNEY_LINK_ID": 196, "SEGMENT_ID": 32, "SEGMENT_LENGTH": 42.36475441545533, "DIST_TO_SENSOR": 248.82988314869925, "NEAREST_SITE_ID": 203.0, "SITE_TOTAL_LENGTH": 4294.1901469009272, "LENGTH_PROPORTION": 0.0098655981608149184 }, "geometry": { "type": "LineString", "coordinates": [ [ 361131.890875408193097, 171832.666926976700779 ], [ 361101.777752380003221, 171802.868063941830769 ] ] } },
{ "type": "Feature", "properties": { "JOURNEY_LINK_ID": 196, "SEGMENT_ID": 33, "SEGMENT_LENGTH": 24.867895212626728, "DIST_TO_SENSOR": 231.85985462255357, "NEAREST_SITE_ID": 203.0, "SITE_TOTAL_LENGTH": 4294.1901469009272, "LENGTH_PROPORTION": 0.005791055906216363 }, "geometry": { "type": "LineString", "coordinates": [ [ 361101.777752380003221, 171802.868063941830769 ], [ 361090.487987081694882, 171780.710595408279914 ] ] } },
{ "type": "Feature", "properties": { "JOURNEY_LINK_ID": 196, "SEGMENT_ID": 34, "SEGMENT_LENGTH": 41.044463645937803, "DIST_TO_SENSOR": 199.78925631008258, "NEAREST_SITE_ID": 203.0, "SITE_TOTAL_LENGTH": 4294.1901469009272, "LENGTH_PROPORTION": 0.0095581383780965479 }, "geometry": { "type": "LineString", "coordinates": [ [ 361090.487987081694882, 171780.710595408279914 ], [ 361081.146771619212814, 171740.743237606366165 ] ] } },
{ "type": "Feature", "properties": { "JOURNEY_LINK_ID": 196, "SEGMENT_ID": 35, "SEGMENT_LENGTH": 35.758369026414186, "DIST_TO_SENSOR": 167.71172638418366, "NEAREST_SITE_ID": 203.0, "SITE_TOTAL_LENGTH": 4294.1901469009272, "LENGTH_PROPORTION": 0.0083271508254520663 }, "geometry": { "type": "LineString", "coordinates": [ [ 361081.146771619212814, 171740.743237606366165 ], [ 361084.349229625950102, 171705.128560601733625 ] ] } },
{ "type": "Feature", "properties": { "JOURNEY_LINK_ID": 196, "SEGMENT_ID": 36, "SEGMENT_LENGTH": 106.45990859515018, "DIST_TO_SENSOR": 67.288632237727228, "NEAREST_SITE_ID": 203.0, "SITE_TOTAL_LENGTH": 4294.1901469009272, "LENGTH_PROPORTION": 0.024791614938612164 }, "geometry": { "type": "LineString", "coordinates": [ [ 361084.349229625950102, 171705.128560601733625 ], [ 361088.408478434546851, 171690.639005997974891 ], [ 361096.561028304393403, 171666.108264951093588 ], [ 361105.425622891576495, 171643.796752261871006 ], [ 361112.968486138503067, 171630.392687583749648 ], [ 361124.604808264470194, 171606.947692583955359 ] ] } },
{ "type": "Feature", "properties": { "JOURNEY_LINK_ID": 196, "SEGMENT_ID": 37, "SEGMENT_LENGTH": 92.184870595189182, "DIST_TO_SENSOR": 18.620355878018383, "NEAREST_SITE_ID": 203.0, "SITE_TOTAL_LENGTH": 4294.1901469009272, "LENGTH_PROPORTION": 0.021467347146170986 }, "geometry": { "type": "LineString", "coordinates": [ [ 361124.604808264470194, 171606.947692583955359 ], [ 361143.869243685971014, 171581.220013642974664 ], [ 361161.065834165725391, 171557.732538804470096 ], [ 361172.752857110812329, 171540.960210654884577 ], [ 361178.244571040733717, 171532.020646101504099 ] ] } },
{ "type": "Feature", "properties": { "JOURNEY_LINK_ID": 196, "SEGMENT_ID": 38, "SEGMENT_LENGTH": 85.375808662810968, "DIST_TO_SENSOR": 33.980234053831857, "NEAREST_SITE_ID": 203.0, "SITE_TOTAL_LENGTH": 4294.1901469009272, "LENGTH_PROPORTION": 0.019881701960595716 }, "geometry": { "type": "LineString", "coordinates": [ [ 361178.244571040733717, 171532.020646101504099 ], [ 361189.778138869209215, 171495.229866974288598 ], [ 361204.03208166512195, 171450.632827348657884 ] ] } },
{ "type": "Feature", "properties": { "JOURNEY_LINK_ID": 196, "SEGMENT_ID": 39, "SEGMENT_LENGTH": 19.433894006970657, "DIST_TO_SENSOR": 118.267720876764, "NEAREST_SITE_ID": 203.0, "SITE_TOTAL_LENGTH": 4294.1901469009272, "LENGTH_PROPORTION": 0.0045256249355878891 }, "geometry": { "type": "LineString", "coordinates": [ [ 361204.03208166512195, 171450.632827348657884 ], [ 361203.055393158341758, 171431.223491557990201 ] ] } },
{ "type": "Feature", "properties": { "JOURNEY_LINK_ID": 71, "SEGMENT_ID": 0, "SEGMENT_LENGTH": 79.37391897542426, "DIST_TO_SENSOR": 206.64822311562179, "NEAREST_SITE_ID": 500.0, "SITE_TOTAL_LENGTH": 28677.983496930894, "LENGTH_PROPORTION": 0.0027677649993737819 }, "geometry": { "type": "LineString", "coordinates": [ [ 359635.529135722084902, 173626.163705854385626 ], [ 359623.980997090053279, 173618.382622497447301 ], [ 359569.499513946240768, 173582.115102097566705 ] ] } },
{ "type": "Feature", "properties": { "JOURNEY_LINK_ID": 71, "SEGMENT_ID": 1, "SEGMENT_LENGTH": 117.36360570337661, "DIST_TO_SENSOR": 165.36843072370132, "NEAREST_SITE_ID": 500.0, "SITE_TOTAL_LENGTH": 28677.983496930894, "LENGTH_PROPORTION": 0.0040924636739517201 }, "geometry": { "type": "LineString", "coordinates": [ [ 359569.499513946240768, 173582.115102097566705 ], [ 359548.577830184658524, 173572.272639295901172 ], [ 359519.987318096274976, 173559.154874696978368 ], [ 359493.516264392703306, 173550.469086798548233 ], [ 359462.128681378322653, 173535.149742414709181 ] ] } },
{ "type": "Feature", "properties": { "JOURNEY_LINK_ID": 71, "SEGMENT_ID": 2, "SEGMENT_LENGTH": 60.798711771698962, "DIST_TO_SENSOR": 165.36843072370132, "NEAREST_SITE_ID": 500.0, "SITE_TOTAL_LENGTH": 28677.983496930894, "LENGTH_PROPORTION": 0.0021200483561965092 }, "geometry": { "type": "LineString", "coordinates": [ [ 359462.128681378322653, 173535.149742414709181 ], [ 359402.960144744312856, 173521.165192880027462 ] ] } },
{ "type": "Feature", "properties": { "JOURNEY_LINK_ID": 71, "SEGMENT_ID": 3, "SEGMENT_LENGTH": 300.38823574645926, "DIST_TO_SENSOR": 183.89336158325631, "NEAREST_SITE_ID": 500.0, "SITE_TOTAL_LENGTH": 28677.983496930894, "LENGTH_PROPORTION": 0.010474524325554712 }, "geometry": { "type": "LineString", "coordinates": [ [ 359402.960144744312856, 173521.165192880027462 ], [ 359301.634647670318373, 173535.324298658873886 ], [ 359240.515369189786725, 173538.039943065028638 ], [ 359198.1272795292316, 173537.269019725848921 ], [ 359158.518063190102112, 173536.475934366870206 ], [ 359124.475686738267541, 173536.750567099545151 ], [ 359103.63345012877835, 173536.918681006529368 ] ] } },
{ "type": "Feature", "properties": { "JOURNEY_LINK_ID": 71, "SEGMENT_ID": 7, "SEGMENT_LENGTH": 28.354079098495284, "DIST_TO_SENSOR": 286.81309051182205, "NEAREST_SITE_ID": 672.0, "SITE_TOTAL_LENGTH": 6368.3416060518648, "LENGTH_PROPORTION": 0.0044523489555821361 }, "geometry": { "type": "LineString", "coordinates": [ [ 359037.435495921818074, 173512.985749404295348 ], [ 359014.64381010440411, 173529.852665516140405 ] ] } },
{ "type": "Feature", "properties": { "JOURNEY_LINK_ID": 71, "SEGMENT_ID": 8, "SEGMENT_LENGTH": 9.573169044114417, "DIST_TO_SENSOR": 283.86371147271711, "NEAREST_SITE_ID": 672.0, "SITE_TOTAL_LENGTH": 6368.3416060518648, "LENGTH_PROPORTION": 0.0015032436443134568 }, "geometry": { "type": "LineString", "coordinates": [ [ 359014.64381010440411, 173529.852665516140405 ], [ 359012.595428239263128, 173534.317905334115494 ], [ 359011.241963928157929, 173538.77755471796263 ] ] } },
{ "type": "Feature", "properties": { "JOURNEY_LINK_ID": 71, "SEGMENT_ID": 9, "SEGMENT_LENGTH": 42.123476948447966, "DIST_TO_SENSOR": 261.47909808518779, "NEAREST_SITE_ID": 672.0, "SITE_TOTAL_LENGTH": 6368.3416060518648, "LENGTH_PROPORTION": 0.0066145127812267217 }, "geometry": { "type": "LineString", "coordinates": [ [ 359011.241963928157929, 173538.77755471796263 ], [ 358984.407841479114722, 173571.247805450228043 ] ] } },
{ "type": "Feature", "properties": { "JOURNEY_LINK_ID": 71, "SEGMENT_ID": 10, "SEGMENT_LENGTH": 153.02730763362197, "DIST_TO_SENSOR": 128.33385626051455, "NEAREST_SITE_ID": 672.0, "SITE_TOTAL_LENGTH": 6368.3416060518648, "LENGTH_PROPORTION": 0.024029381132475588 }, "geometry": { "type": "LineString", "coordinates": [ [ 358984.407841479114722, 173571.247805450228043 ], [ 358897.674035068950616, 173585.296825047349557 ], [ 358856.711911654041614, 173588.965792170201894 ], [ 358833.127137003990356, 173593.606139200739563 ] ] } },
{ "type": "Feature", "properties": { "JOURNEY_LINK_ID": 71, "SEGMENT_ID": 11, "SEGMENT_LENGTH": 24.944224445769496, "DIST_TO_SENSOR": 105.7370306763091, "NEAREST_SITE_ID": 672.0, "SITE_TOTAL_LENGTH": 6368.3416060518648, "LENGTH_PROPORTION": 0.0039169105536149135 }, "geometry": { "type": "LineString", "coordinates": [ [ 358833.127137003990356, 173593.606139200739563 ], [ 358808.766242867393885, 173588.243195040442515 ] ] } },
{ "type": "Feature", "properties": { "JOURNEY_LINK_ID": 71, "SEGMENT_ID": 12, "SEGMENT_LENGTH": 390.7187247058946, "DIST_TO_SENSOR": 7.9253530309321079, "NEAREST_SITE_ID": 672.0, "SITE_TOTAL_LENGTH": 6368.3416060518648, "LENGTH_PROPORTION": 0.061353292407334552 }, "geometry": { "type": "LineString", "coordinates": [ [ 358808.766242867393885, 173588.243195040442515 ], [ 358732.42451133026043, 173513.236566047417 ], [ 358725.413628556707408, 173505.508472328539938 ], [ 358701.529465807194356, 173473.450026384845842 ], [ 358652.226191827678122, 173391.55101884866599 ], [ 358578.3235035847174, 173275.375873138662428 ] ] } },
{ "type": "Feature", "properties": { "JOURNEY_LINK_ID": 71, "SEGMENT_ID": 13, "SEGMENT_LENGTH": 20.820509418797432, "DIST_TO_SENSOR": 195.36684609212952, "NEAREST_SITE_ID": 501.0, "SITE_TOTAL_LENGTH": 8896.6427394330349, "LENGTH_PROPORTION": 0.0023402658765326887 }, "geometry": { "type": "LineString", "coordinates": [ [ 358578.3235035847174, 173275.375873138662428 ], [ 358562.452399928297382, 173288.851839938317426 ] ] } },
{ "type": "Feature", "properties": { "JOURNEY_LINK_ID": 71, "SEGMENT_ID": 14, "SEGMENT_LENGTH": 10.85491019693605, "DIST_TO_SENSOR": 210.78367115747818, "NEAREST_SITE_ID": 501.0, "SITE_TOTAL_LENGTH": 8896.6427394330349, "LENGTH_PROPORTION": 0.001220113082525309 }, "geometry": { "type": "LineString", "coordinates": [ [ 358562.452399928297382, 173288.851839938317426 ], [ 358553.769012408098206, 173282.338173032680061 ] ] } },
{ "type": "Feature", "properties": { "JOURNEY_LINK_ID": 99, "SEGMENT_ID": 3, "SEGMENT_LENGTH": 215.47008412645329, "DIST_TO_SENSOR": 248.97158251326078, "NEAREST_SITE_ID": 501.0, "SITE_TOTAL_LENGTH": 8896.6427394330349, "LENGTH_PROPORTION": 0.024219257807376535 }, "geometry": { "type": "LineString", "coordinates": [ [ 358979.894574090547394, 172926.221623329794966 ], [ 358945.090040578448679, 172918.718220954819117 ], [ 358925.589735665067565, 172913.315427536726929 ], [ 358911.657216366555076, 172908.979657506686635 ], [ 358872.647417681117076, 172897.062228112190496 ], [ 358853.146929965994786, 172891.659632917377166 ], [ 358805.816873224859592, 172882.034556105034426 ], [ 358770.344011720560957, 172877.874359145935159 ] ] } },
{ "type": "Feature", "properties": { "JOURNEY_LINK_ID": 99, "SEGMENT_ID": 4, "SEGMENT_LENGTH": 93.138196505767667, "DIST_TO_SENSOR": 212.43495185329033, "NEAREST_SITE_ID": 501.0, "SITE_TOTAL_LENGTH": 8896.6427394330349, "LENGTH_PROPORTION": 0.0104689149866552 }, "geometry": { "type": "LineString", "coordinates": [ [ 358770.344011720560957, 172877.874359145935159 ], [ 358677.253586420614738, 172880.857036772184074 ] ] } },
{ "type": "Feature", "properties": { "JOURNEY_LINK_ID": 99, "SEGMENT_ID": 5, "SEGMENT_LENGTH": 92.709655035403728, "DIST_TO_SENSOR": 200.41325266939859, "NEAREST_SITE_ID": 501.0, "SITE_TOTAL_LENGTH": 8896.6427394330349, "LENGTH_PROPORTION": 0.010420746089362685 }, "geometry": { "type": "LineString", "coordinates": [ [ 358677.253586420614738, 172880.857036772184074 ], [ 358630.762741143174935, 172889.021622122090776 ], [ 358604.386122474796139, 172892.573647735698614 ], [ 358585.643693520803936, 172894.951147574407514 ] ] } },
{ "type": "Feature", "properties": { "JOURNEY_LINK_ID": 99, "SEGMENT_ID": 6, "SEGMENT_LENGTH": 20.964109471607543, "DIST_TO_SENSOR": 202.48126552004965, "NEAREST_SITE_ID": 501.0, "SITE_TOTAL_LENGTH": 8896.6427394330349, "LENGTH_PROPORTION": 0.0023564068026118742 }, "geometry": { "type": "LineString", "coordinates": [ [ 358585.643693520803936, 172894.951147574407514 ], [ 358564.780428980477154, 172892.89735141658457 ] ] } },
{ "type": "Feature", "properties": { "JOURNEY_LINK_ID": 99, "SEGMENT_ID": 7, "SEGMENT_LENGTH": 83.946956596766725, "DIST_TO_SENSOR": 210.96785997624946, "NEAREST_SITE_ID": 501.0, "SITE_TOTAL_LENGTH": 8896.6427394330349, "LENGTH_PROPORTION": 0.0094358016900784863 }, "geometry": { "type": "LineString", "coordinates": [ [ 358564.780428980477154, 172892.89735141658457 ], [ 358558.26369944732869, 172860.697462050127797 ], [ 358554.571617677866016, 172834.035320173366927 ], [ 358548.12741468870081, 172810.732259273412637 ] ] } },
{ "type": "Feature", "properties": { "JOURNEY_LINK_ID": 99, "SEGMENT_ID": 8, "SEGMENT_LENGTH": 37.091080523989859, "DIST_TO_SENSOR": 293.99156950891359, "NEAREST_SITE_ID": 501.0, "SITE_TOTAL_LENGTH": 8896.6427394330349, "LENGTH_PROPORTION": 0.0041691098103320712 }, "geometry": { "type": "LineString", "coordinates": [ [ 358548.12741468870081, 172810.732259273412637 ], [ 358527.722467206942383, 172779.758296454558149 ] ] } },
{ "type": "Feature", "properties": { "JOURNEY_LINK_ID": 133, "SEGMENT_ID": 16, "SEGMENT_LENGTH": 379.61129799460736, "DIST_TO_SENSOR": 19.58599873769376, "NEAREST_SITE_ID": 270.0, "SITE_TOTAL_LENGTH": 6483.7797947000972, "LENGTH_PROPORTION": 0.058547839379879188 }, "geometry": { "type": "LineString", "coordinates": [ [ 361213.158377226092853, 170193.777282769966405 ], [ 361146.135747799940873, 170157.585424703196622 ], [ 361083.953079119150061, 170118.020638558722567 ], [ 361073.464829123055097, 170110.315353727201 ], [ 361062.289729987853207, 170103.727601474209223 ], [ 361014.070328112575226, 170071.842451331322081 ], [ 360979.128352672152687, 170048.753729697957169 ], [ 360952.563386257563252, 170030.049720416660421 ], [ 360937.885989380185492, 170020.152454713708721 ], [ 360921.131445723411161, 170011.383262665360235 ], [ 360906.471150027937256, 170003.710321817256045 ], [ 360889.725061970297247, 169996.053344393556472 ] ] } },
{ "type": "Feature", "properties": { "JOURNEY_LINK_ID": 133, "SEGMENT_ID": 17, "SEGMENT_LENGTH": 199.10787108661623, "DIST_TO_SENSOR": 12.566363794360745, "NEAREST_SITE_ID": 270.0, "SITE_TOTAL_LENGTH": 6483.7797947000972, "LENGTH_PROPORTION": 0.030708610932371403 }, "geometry": { "type": "LineString", "coordinates": [ [ 360889.725061970297247, 169996.053344393556472 ], [ 360893.841168544138782, 170159.31547450798098 ], [ 360894.743275457818527, 170195.09796718461439 ] ] } },
{ "type": "Feature", "properties": { "JOURNEY_LINK_ID": 133, "SEGMENT_ID": 18, "SEGMENT_LENGTH": 388.09040935403993, "DIST_TO_SENSOR": 171.29707491627767, "NEAREST_SITE_ID": 270.0, "SITE_TOTAL_LENGTH": 6483.7797947000972, "LENGTH_PROPORTION": 0.059855581411211514 }, "geometry": { "type": "LineString", "coordinates": [ [ 360894.743275457818527, 170195.09796718461439 ], [ 360865.564811131218448, 170287.634268098045141 ], [ 360849.946095621504355, 170335.578791145817377 ], [ 360819.8970977353747, 170494.853983422799502 ], [ 360797.683574477094226, 170570.201235370477661 ] ] } },
{ "type": "Feature", "properties": { "JOURNEY_LINK_ID": 133, "SEGMENT_ID": 31, "SEGMENT_LENGTH": 509.9152767660803, "DIST_TO_SENSOR": 10.132845671942757, "NEAREST_SITE_ID": 215.0, "SITE_TOTAL_LENGTH": 10217.668047074099, "LENGTH_PROPORTION": 0.049905249849264588 }, "geometry": { "type": "LineString", "coordinates": [ [ 358347.97873127728235, 170848.169423826679122 ], [ 358237.831598161603324, 170744.162579750583973 ], [ 358079.714509226265363, 170620.121419492585119 ], [ 357949.818119747273158, 170531.128048466285691 ] ] } },
{ "type": "Feature", "properties": { "JOURNEY_LINK_ID": 133, "SEGMENT_ID": 32, "SEGMENT_LENGTH": 49.433423299623556, "DIST_TO_SENSOR": 105.28748501021691, "NEAREST_SITE_ID": 215.0, "SITE_TOTAL_LENGTH": 10217.668047074099, "LENGTH_PROPORTION": 0.0048380337932175397 }, "geometry": { "type": "LineString", "coordinates": [ [ 357949.818119747273158, 170531.128048466285691 ], [ 357902.427975782367866, 170517.062573212839197 ] ] } },
{ "type": "Feature", "properties": { "JOURNEY_LINK_ID": 133, "SEGMENT_ID": 33, "SEGMENT_LENGTH": 339.14492712911175, "DIST_TO_SENSOR": 153.93901176097356, "NEAREST_SITE_ID": 215.0, "SITE_TOTAL_LENGTH": 10217.668047074099, "LENGTH_PROPORTION": 0.033192008740803462 }, "geometry": { "type": "LineString", "coordinates": [ [ 357902.427975782367866, 170517.062573212839197 ], [ 357871.813754727656487, 170513.98022069374565 ], [ 357678.247237531992141, 170477.777440548117738 ], [ 357568.25542632228462, 170459.789299922180362 ] ] } },
{ "type": "Feature", "properties": { "JOURNEY_LINK_ID": 164, "SEGMENT_ID": 2, "SEGMENT_LENGTH": 37.091080523989859, "DIST_TO_SENSOR": 293.99156950891359, "NEAREST_SITE_ID": 501.0, "SITE_TOTAL_LENGTH": 8896.6427394330349, "LENGTH_PROPORTION": 0.0041691098103320712 }, "geometry": { "type": "LineString", "coordinates": [ [ 358527.722467206942383, 172779.758296454558149 ], [ 358548.12741468870081, 172810.732259273412637 ] ] } },
{ "type": "Feature", "properties": { "JOURNEY_LINK_ID": 164, "SEGMENT_ID": 3, "SEGMENT_LENGTH": 83.98838324532619, "DIST_TO_SENSOR": 210.96785997624946, "NEAREST_SITE_ID": 501.0, "SITE_TOTAL_LENGTH": 8896.6427394330349, "LENGTH_PROPORTION": 0.0094404581261940835 }, "geometry": { "type": "LineString", "coordinates": [ [ 358548.12741468870081, 172810.732259273412637 ], [ 358550.970355937897693, 172818.494290213915519 ], [ 358554.571617677866016, 172834.035320173366927 ], [ 358558.26369944732869, 172860.697462050127797 ], [ 358564.780428980477154, 172892.89735141658457 ] ] } },
{ "type": "Feature", "properties": { "JOURNEY_LINK_ID": 164, "SEGMENT_ID": 4, "SEGMENT_LENGTH": 20.964109471607543, "DIST_TO_SENSOR": 202.48126552004965, "NEAREST_SITE_ID": 501.0, "SITE_TOTAL_LENGTH": 8896.6427394330349, "LENGTH_PROPORTION": 0.0023564068026118742 }, "geometry": { "type": "LineString", "coordinates": [ [ 358564.780428980477154, 172892.89735141658457 ], [ 358585.643693520803936, 172894.951147574407514 ] ] } },
{ "type": "Feature", "properties": { "JOURNEY_LINK_ID": 164, "SEGMENT_ID": 5, "SEGMENT_LENGTH": 401.16809101999308, "DIST_TO_SENSOR": 200.41325266939859, "NEAREST_SITE_ID": 501.0, "SITE_TOTAL_LENGTH": 8896.6427394330349, "LENGTH_PROPORTION": 0.045092076052674977 }, "geometry": { "type": "LineString", "coordinates": [ [ 358585.643693520803936, 172894.951147574407514 ], [ 358604.386122474796139, 172892.573647735698614 ], [ 358630.762741143174935, 172889.021622122090776 ], [ 358677.253586420614738, 172880.857036772184074 ], [ 358759.921384752145968, 172877.95920196006773 ], [ 358770.344011720560957, 172877.874359145935159 ], [ 358780.775645570363849, 172878.901657021022402 ], [ 358805.816873224859592, 172882.034556105034426 ], [ 358911.657216366555076, 172908.979657506686635 ], [ 358979.894574090547394, 172926.221623329794966 ] ] } },
{ "type": "Feature", "properties": { "JOURNEY_LINK_ID": 190, "SEGMENT_ID": 4, "SEGMENT_LENGTH": 1696.2585678076205, "DIST_TO_SENSOR": 6.8426894359516721, "NEAREST_SITE_ID": 463.0, "SITE_TOTAL_LENGTH": 8909.9760563335276, "LENGTH_PROPORTION": 0.19037745523478256 }, "geometry": { "type": "LineString", "coordinates": [ [ 363289.373948830063455, 175791.621901971462648 ], [ 363265.649842439976055, 175776.222808385384269 ], [ 363239.147950629936531, 175760.844027988263406 ], [ 363212.66197248979006, 175747.689663793193176 ], [ 363147.835076895251404, 175714.79403404192999 ], [ 363127.623023712658323, 175704.931156190286856 ], [ 363061.38993201800622, 175669.822492337087169 ], [ 363042.558208625996485, 175658.837590042792726 ], [ 363026.51248114759801, 175648.94468184694415 ], [ 362875.063207052997313, 175547.727554101846181 ], [ 362812.257639211369678, 175507.035802869009785 ], [ 362798.302619148045778, 175498.240485611371696 ], [ 362776.667152570968028, 175483.940410147421062 ], [ 362741.100761720794253, 175464.181653346866369 ], [ 362728.542644129018299, 175456.488434508501086 ], [ 362711.090072049933951, 175444.382336604234297 ], [ 362639.220510590414051, 175399.310515985940583 ], [ 362594.599639935768209, 175376.28266782494029 ], [ 362537.477336645766627, 175353.34758250444429 ], [ 362509.6309177641524, 175344.655556712357793 ], [ 362488.73786761140218, 175337.024355437664781 ], [ 362467.142034394899383, 175328.286355952383019 ], [ 362401.67597993061645, 175304.302198184421286 ], [ 362354.324611418065615, 175287.969904817757197 ], [ 362316.721230046299752, 175274.902417016681284 ], [ 362270.750064748630393, 175257.448526900378056 ], [ 362131.32872702088207, 175189.529317784414161 ], [ 362052.512642935209442, 175145.629281853849534 ], [ 362031.592920582683291, 175134.663450107036624 ], [ 361933.955313942453358, 175082.008056665305048 ], [ 361910.959864580538124, 175072.170581252896227 ], [ 361889.361988848948386, 175063.434790446597617 ], [ 361867.078293199883774, 175055.816014186828397 ], [ 361837.857395474391524, 175049.361545212857891 ], [ 361814.226401373103727, 175047.314197206753306 ], [ 361778.80510127072921, 175047.579858179320581 ] ] } },
{ "type": "Feature", "properties": { "JOURNEY_LINK_ID": 190, "SEGMENT_ID": 14, "SEGMENT_LENGTH": 927.92552095760891, "DIST_TO_SENSOR": 288.73213600740678, "NEAREST_SITE_ID": 500.0, "SITE_TOTAL_LENGTH": 28677.983496930894, "LENGTH_PROPORTION": 0.032356721352354331 }, "geometry": { "type": "LineString", "coordinates": [ [ 360236.971382662246469, 174354.251061321701854 ], [ 360134.648817647248507, 174239.386645864229649 ], [ 360063.052594244072679, 174145.414411820122041 ], [ 360036.375883770291694, 174110.034731129999273 ], [ 360002.690743908577133, 174066.925258639384992 ], [ 359964.063529368897434, 174013.845314219011925 ], [ 359815.903692032967228, 173814.825162255147006 ], [ 359810.988038237264846, 173808.191005867905915 ], [ 359742.958197196247056, 173727.541862785757985 ], [ 359707.24539516447112, 173692.235853261779994 ], [ 359660.389717803976964, 173653.682401523343287 ], [ 359646.398004741815384, 173641.559748962987214 ] ] } },
{ "type": "Feature", "properties": { "JOURNEY_LINK_ID": 190, "SEGMENT_ID": 15, "SEGMENT_LENGTH": 6.9887729010784172, "DIST_TO_SENSOR": 288.73213600740678, "NEAREST_SITE_ID": 500.0, "SITE_TOTAL_LENGTH": 28677.983496930894, "LENGTH_PROPORTION": 0.00024369819802101333 }, "geometry": { "type": "LineString", "coordinates": [ [ 359646.398004741815384, 173641.559748962987214 ], [ 359649.434091272531077, 173647.854598066885956 ] ] } },
{ "type": "Feature", "properties": { "JOURNEY_LINK_ID": 200, "SEGMENT_ID": 3, "SEGMENT_LENGTH": 927.88329541566713, "DIST_TO_SENSOR": 216.23974623225718, "NEAREST_SITE_ID": 215.0, "SITE_TOTAL_LENGTH": 10217.668047074099, "LENGTH_PROPORTION": 0.090811650088923473 }, "geometry": { "type": "LineString", "coordinates": [ [ 358071.46834862511605, 169442.371376080031041 ], [ 358066.315527383820154, 169574.764023153868038 ], [ 358068.883770618413109, 169632.576383664971218 ], [ 358071.368469501030631, 169680.379764820914716 ], [ 358074.723593905859161, 169749.30825077847112 ], [ 358078.085634161892813, 169819.350876165379304 ], [ 358081.281642794958316, 169869.37472400983097 ], [ 358088.783786502026487, 170019.463520751334727 ], [ 358080.130699969653506, 170149.665839985478669 ], [ 358040.906257204129361, 170365.763019866426475 ] ] } },
{ "type": "Feature", "properties": { "JOURNEY_LINK_ID": 200, "SEGMENT_ID": 4, "SEGMENT_LENGTH": 189.70489411220697, "DIST_TO_SENSOR": 104.59488345510402, "NEAREST_SITE_ID": 215.0, "SITE_TOTAL_LENGTH": 10217.668047074099, "LENGTH_PROPORTION": 0.01856635909859396 }, "geometry": { "type": "LineString", "coordinates": [ [ 358040.906257204129361, 170365.763019866426475 ], [ 358030.042107150889933, 170396.99532026349334 ], [ 358016.379193559114356, 170426.026588680513669 ], [ 357999.944909922371153, 170456.192877310677432 ], [ 357992.399818988342304, 170468.489927218528464 ], [ 357982.111101404123474, 170485.258749718137551 ], [ 357969.746311306778807, 170503.15700843941886 ], [ 357949.818119747273158, 170531.128048466285691 ] ] } },
{ "type": "Feature", "properties": { "JOURNEY_LINK_ID": 200, "SEGMENT_ID": 5, "SEGMENT_LENGTH": 49.433423299623556, "DIST_TO_SENSOR": 105.28748501021691, "NEAREST_SITE_ID": 215.0, "SITE_TOTAL_LENGTH": 10217.668047074099, "LENGTH_PROPORTION": 0.0048380337932175397 }, "geometry": { "type": "LineString", "coordinates": [ [ 357949.818119747273158, 170531.128048466285691 ], [ 357902.427975782367866, 170517.062573212839197 ] ] } },
{ "type": "Feature", "properties": { "JOURNEY_LINK_ID": 200, "SEGMENT_ID": 6, "SEGMENT_LENGTH": 339.14492712911175, "DIST_TO_SENSOR": 153.93901176097356, "NEAREST_SITE_ID": 215.0, "SITE_TOTAL_LENGTH": 10217.668047074099, "LENGTH_PROPORTION": 0.033192008740803462 }, "geometry": { "type": "LineString", "coordinates": [ [ 357902.427975782367866, 170517.062573212839197 ], [ 357871.813754727656487, 170513.98022069374565 ], [ 357678.247237531992141, 170477.777440548117738 ], [ 357568.25542632228462, 170459.789299922180362 ] ] } },
{ "type": "Feature", "properties": { "JOURNEY_LINK_ID": 205, "SEGMENT_ID": 13, "SEGMENT_LENGTH": 690.51185214277564, "DIST_TO_SENSOR": 19.58599873769376, "NEAREST_SITE_ID": 270.0, "SITE_TOTAL_LENGTH": 6483.7797947000972, "LENGTH_PROPORTION": 0.10649835034607538 }, "geometry": { "type": "LineString", "coordinates": [ [ 360603.029684348963201, 169875.918793010932859 ], [ 360830.413975788629614, 169968.703757958312053 ], [ 360851.348923777462915, 169978.552722002146766 ], [ 360889.725061970297247, 169996.053344393556472 ], [ 360906.471150027937256, 170003.710321817256045 ], [ 360921.131445723411161, 170011.383262665360235 ], [ 360937.885989380185492, 170020.152454713708721 ], [ 360952.563386257563252, 170030.049720416660421 ], [ 360979.128352672152687, 170048.753729697957169 ], [ 361014.070328112575226, 170071.842451331322081 ], [ 361062.289729987853207, 170103.727601474209223 ], [ 361073.464829123055097, 170110.315353727201 ], [ 361083.953079119150061, 170118.020638558722567 ], [ 361146.135747799940873, 170157.585424703196622 ], [ 361213.158377226092853, 170193.777282769966405 ] ] } },
{ "type": "Feature", "properties": { "JOURNEY_LINK_ID": 206, "SEGMENT_ID": 0, "SEGMENT_LENGTH": 48.72528280297589, "DIST_TO_SENSOR": 30.336894986225381, "NEAREST_SITE_ID": 215.0, "SITE_TOTAL_LENGTH": 10217.668047074099, "LENGTH_PROPORTION": 0.0047687283026315109 }, "geometry": { "type": "LineString", "coordinates": [ [ 357967.742224088404328, 170555.295906068582553 ], [ 358012.741512543172576, 170573.983260691282339 ] ] } },
{ "type": "Feature", "properties": { "JOURNEY_LINK_ID": 206, "SEGMENT_ID": 1, "SEGMENT_LENGTH": 434.06718312020354, "DIST_TO_SENSOR": 9.9969957178929807, "NEAREST_SITE_ID": 215.0, "SITE_TOTAL_LENGTH": 10217.668047074099, "LENGTH_PROPORTION": 0.042482020468897666 }, "geometry": { "type": "LineString", "coordinates": [ [ 358012.741512543172576, 170573.983260691282339 ], [ 358126.009303060418461, 170652.014214288501535 ], [ 358157.490598367992789, 170676.224082839849871 ], [ 358186.876995021943003, 170699.339319843798876 ], [ 358205.068318209261633, 170713.648746507184114 ], [ 358323.450666722434107, 170823.90100058686221 ], [ 358347.97873127728235, 170848.169423826679122 ] ] } },
{ "type": "Feature", "properties": { "JOURNEY_LINK_ID": 230, "SEGMENT_ID": 0, "SEGMENT_LENGTH": 26.09038462504801, "DIST_TO_SENSOR": 135.88770964435153, "NEAREST_SITE_ID": 203.0, "SITE_TOTAL_LENGTH": 4294.1901469009272, "LENGTH_PROPORTION": 0.0060757404149597736 }, "geometry": { "type": "LineString", "coordinates": [ [ 361215.03300841973396, 171435.255876155861188 ], [ 361218.312108160636853, 171409.372374175407458 ] ] } },
{ "type": "Feature", "properties": { "JOURNEY_LINK_ID": 230, "SEGMENT_ID": 1, "SEGMENT_LENGTH": 263.88745281679485, "DIST_TO_SENSOR": 161.73212184289011, "NEAREST_SITE_ID": 203.0, "SITE_TOTAL_LENGTH": 4294.1901469009272, "LENGTH_PROPORTION": 0.061452204906957769 }, "geometry": { "type": "LineString", "coordinates": [ [ 361218.312108160636853, 171409.372374175407458 ], [ 361225.117408130434342, 171390.413048290996812 ], [ 361232.609251172048971, 171370.336206834123004 ], [ 361242.847279038804118, 171345.789813962997869 ], [ 361327.688901251996867, 171169.416005598963238 ] ] } }
]
}
