count_point_id,direction_of_travel,year,count_date,hour,road_name,road_type,start_junction_road_name,end_junction_road_name,easting,northing,latitude,longitude,link_length_km,link_length_miles,pedal_cycles,two_wheeled_motor_vehicles,cars_and_taxis,buses_and_coaches,lgvs,hgvs_2_rigid_axle,hgvs_3_rigid_axle,hgvs_4_or_more_rigid_axle,hgvs_3_or_4_articulated_axle,hgvs_5_articulated_axle,hgvs_6_articulated_axle,all_hgvs,all_motor_vehicles
6401,S,2015,13/07/2023,16,A38,Major,Parson St,A370 roundabout,358000,171000,51.4364293,-2.60561416,2.1,1.3,16,5,297,15,81,13,1,2,0,0,0,16,414
6401,N,2015,13/07/2023,11,A38,Major,Parson St,A370 roundabout,358000,171000,51.4364293,-2.60561416,2.1,1.3,5,1,281,22,69,5,0,3,1,1,1,11,384
6401,S,2015,13/07/2023,14,A38,Major,Parson St,A370 roundabout,358000,171000,51.4364293,-2.60561416,2.1,1.3,8,6,267,21,61,4,1,0,0,0,0,5,360
6401,S,2023,13/07/2023,10,A38,Major,Parson St,A370 roundabout,358006,171006,51.43648369,-2.60552855,2.4,1.49,4,13,182,18,63,3,2,0,0,0,0,5,281
6401,N,2023,13/07/2023,10,A38,Major,Parson St,A370 roundabout,358006,171006,51.43648369,-2.60552855,2.4,1.49,10,16,238,22,67,5,1,0,0,1,0,7,350
6401,S,2023,13/07/2023,7,A38,Major,Parson St,A370 roundabout,358006,171006,51.43648369,-2.60552855,2.4,1.49,12,1,141,11,40,3,0,0,0,0,0,3,196
6401,N,2023,13/07/2023,8,A38,Major,Parson St,A370 roundabout,358006,171006,51.43648369,-2.60552855,2.4,1.49,40,9,308,16,82,3,2,2,0,1,0,8,423
6401,S,2023,13/07/2023,18,A38,Major,Parson St,A370 roundabout,358006,171006,51.43648369,-2.60552855,2.4,1.49,32,23,270,22,31,0,0,0,0,0,0,0,346
6401,S,2023,13/07/2023,16,A38,Major,Parson St,A370 roundabout,358006,171006,51.43648369,-2.60552855,2.4,1.49,10,12,363,17,92,4,0,0,0,0,0,4,488
6401,S,2023,13/07/2023,12,A38,Major,Parson St,A370 roundabout,358006,171006,51.43648369,-2.60552855,2.4,1.49,10,12,182,17,63,4,0,0,0,0,0,4,278
6401,S,2023,13/07/2023,9,A38,Major,Parson St,A370 roundabout,358006,171006,51.43648369,-2.60552855,2.4,1.49,5,5,177,19,59,2,2,0,0,0,0,4,264
6401,N,2023,13/07/2023,11,A38,Major,Parson St,A370 roundabout,358006,171006,51.43648369,-2.60552855,2.4,1.49,11,10,256,22,62,2,1,0,0,0,0,3,353
6401,N,2023,13/07/2023,16,A38,Major,Parson St,A370 roundabout,358006,171006,51.43648369,-2.60552855,2.4,1.49,31,20,282,21,58,2,0,0,0,0,0,2,383
6401,N,2023,13/07/2023,15,A38,Major,Parson St,A370 roundabout,358006,171006,51.43648369,-2.60552855,2.4,1.49,15,6,239,18,69,2,0,0,0,0,0,2,334
6401,N,2023,13/07/2023,7,A38,Major,Parson St,A370 roundabout,358006,171006,51.43648369,-2.60552855,2.4,1.49,39,3,273,20,86,8,2,0,0,1,0,11,393
6401,S,2023,13/07/2023,8,A38,Major,Parson St,A370 roundabout,358006,171006,51.43648369,-2.60552855,2.4,1.49,14,5,206,15,31,2,2,0,0,0,0,4,261
6401,N,2023,13/07/2023,18,A38,Major,Parson St,A370 roundabout,358006,171006,51.43648369,-2.60552855,2.4,1.49,15,21,264,15,35,1,0,0,0,0,0,1,336
6401,N,2023,13/07/2023,13,A38,Major,Parson St,A370 roundabout,358006,171006,51.43648369,-2.60552855,2.4,1.49,9,19,208,18,62,3,1,0,0,0,0,4,311
6401,S,2023,13/07/2023,11,A38,Major,Parson St,A370 roundabout,358006,171006,51.43648369,-2.60552855,2.4,1.49,5,12,178,20,51,4,0,1,0,0,0,5,266
6401,N,2023,13/07/2023,9,A38,Major,Parson St,A370 roundabout,358006,171006,51.43648369,-2.60552855,2.4,1.49,20,9,261,22,92,4,0,0,0,0,0,4,388
6401,S,2023,13/07/2023,14,A38,Major,Parson St,A370 roundabout,358006,171006,51.43648369,-2.60552855,2.4,1.49,5,14,225,16,57,7,0,0,0,0,0,7,319
6401,S,2023,13/07/2023,17,A38,Major,Parson St,A370 roundabout,358006,171006,51.43648369,-2.60552855,2.4,1.49,28,15,357,17,51,1,0,0,0,0,0,1,441
6401,S,2023,13/07/2023,13,A38,Major,Parson St,A370 roundabout,358006,171006,51.43648369,-2.60552855,2.4,1.49,7,14,202,21,63,0,1,2,0,1,1,5,305
6401,S,2023,13/07/2023,15,A38,Major,Parson St,A370 roundabout,358006,171006,51.43648369,-2.60552855,2.4,1.49,8,3,286,17,67,11,0,1,0,0,0,12,385
8599,S,2017,30/03/2023,17,A4,Major,A3029,Hotwells Rd,357134,172436,51.44927487,-2.61824493,0.3,0.19,139,73,1730,21,178,5,2,2,0,1,0,10,2012
8599,S,2017,30/03/2023,15,A4,Major,A3029,Hotwells Rd,357134,172436,51.44927487,-2.61824493,0.3,0.19,38,29,999,37,260,21,5,8,2,2,1,39,1364
8599,S,2017,30/03/2023,9,A4,Major,A3029,Hotwells Rd,357134,172436,51.44927487,-2.61824493,0.3,0.19,28,17,848,42,175,23,1,11,1,3,1,40,1122
8599,S,2023,30/03/2023,18,A4,Major,A3029,Hotwells Rd,357134,172436,51.44927487,-2.61824493,0.3,0.19,54,41,1020,17,57,3,0,1,0,2,0,6,1141
8599,S,2023,30/03/2023,17,A4,Major,A3029,Hotwells Rd,357134,172436,51.44927487,-2.61824493,0.3,0.19,62,35,1324,25,101,5,0,0,1,0,0,6,1491
8599,S,2023,30/03/2023,14,A4,Major,A3029,Hotwells Rd,357134,172436,51.44927487,-2.61824493,0.3,0.19,12,16,859,23,157,24,2,13,0,1,4,44,1099
8599,S,2023,30/03/2023,15,A4,Major,A3029,Hotwells Rd,357134,172436,51.44927487,-2.61824493,0.3,0.19,22,26,1114,28,162,18,1,13,1,0,1,34,1364
8599,S,2023,30/03/2023,13,A4,Major,A3029,Hotwells Rd,357134,172436,51.44927487,-2.61824493,0.3,0.19,18,25,807,33,136,27,0,14,0,1,3,45,1046
8599,S,2023,30/03/2023,10,A4,Major,A3029,Hotwells Rd,357134,172436,51.44927487,-2.61824493,0.3,0.19,14,7,588,23,139,30,1,17,1,0,1,50,807
8599,S,2023,30/03/2023,16,A4,Major,A3029,Hotwells Rd,357134,172436,51.44927487,-2.61824493,0.3,0.19,28,31,1349,22,197,16,1,3,1,1,1,23,1622
8599,S,2023,30/03/2023,8,A4,Major,A3029,Hotwells Rd,357134,172436,51.44927487,-2.61824493,0.3,0.19,16,6,706,14,124,11,7,1,2,1,4,26,876
8599,S,2023,30/03/2023,9,A4,Major,A3029,Hotwells Rd,357134,172436,51.44927487,-2.61824493,0.3,0.19,19,9,617,31,122,33,7,9,1,2,2,54,833
8600,N,2016,10/06/2024,7,A4018,Major,A4162,A4162,356930,177440,51.49425092,-2.62179244,0.3,0.19,5,3,564,9,38,5,0,0,0,0,0,5,619
8600,S,2016,10/06/2024,18,A4018,Major,A4162,A4162,356930,177440,51.49425092,-2.62179244,0.3,0.19,1,9,718,9,30,0,0,0,0,0,0,0,766
8600,S,2016,10/06/2024,13,A4018,Major,A4162,A4162,356930,177440,51.49425092,-2.62179244,0.3,0.19,2,7,435,11,67,3,0,0,1,1,0,5,525
8600,N,2024,10/06/2024,14,A4018,Major,A4162,A4162,356930,177440,51.49425092,-2.62179244,0.3,0.19,0,9,453,6,50,1,0,0,0,0,0,1,519
8600,S,2024,10/06/2024,17,A4018,Major,A4162,A4162,356930,177440,51.49425092,-2.62179244,0.3,0.19,6,9,591,7,30,0,0,0,1,0,0,1,638
8600,N,2024,10/06/2024,16,A4018,Major,A4162,A4162,356930,177440,51.49425092,-2.62179244,0.3,0.19,6,7,546,6,66,1,0,0,0,0,0,1,626
8600,S,2024,10/06/2024,10,A4018,Major,A4162,A4162,356930,177440,51.49425092,-2.62179244,0.3,0.19,2,3,315,5,63,0,1,2,0,1,0,4,390
8600,N,2024,10/06/2024,13,A4018,Major,A4162,A4162,356930,177440,51.49425092,-2.62179244,0.3,0.19,4,4,380,5,67,2,1,0,0,0,0,3,459
8600,N,2024,10/06/2024,18,A4018,Major,A4162,A4162,356930,177440,51.49425092,-2.62179244,0.3,0.19,8,8,477,4,23,0,0,0,0,0,0,0,512
8600,N,2024,10/06/2024,7,A4018,Major,A4162,A4162,356930,177440,51.49425092,-2.62179244,0.3,0.19,7,4,360,3,43,1,1,0,0,1,0,3,413
8600,S,2024,10/06/2024,7,A4018,Major,A4162,A4162,356930,177440,51.49425092,-2.62179244,0.3,0.19,3,10,524,5,92,6,3,0,0,0,0,9,640
8600,S,2024,10/06/2024,18,A4018,Major,A4162,A4162,356930,177440,51.49425092,-2.62179244,0.3,0.19,5,11,515,5,26,0,1,0,0,0,0,1,558
8600,N,2024,10/06/2024,8,A4018,Major,A4162,A4162,356930,177440,51.49425092,-2.62179244,0.3,0.19,4,5,549,6,40,3,1,1,0,0,0,5,605
8600,S,2024,10/06/2024,9,A4018,Major,A4162,A4162,356930,177440,51.49425092,-2.62179244,0.3,0.19,4,6,391,6,89,6,1,0,0,0,0,7,499
8600,S,2024,10/06/2024,15,A4018,Major,A4162,A4162,356930,177440,51.49425092,-2.62179244,0.3,0.19,2,5,510,7,57,1,0,0,0,0,0,1,580
8600,S,2024,10/06/2024,8,A4018,Major,A4162,A4162,356930,177440,51.49425092,-2.62179244,0.3,0.19,11,9,588,7,103,6,1,0,0,0,0,7,714
8600,N,2024,10/06/2024,15,A4018,Major,A4162,A4162,356930,177440,51.49425092,-2.62179244,0.3,0.19,2,9,522,8,67,6,0,0,0,0,0,6,612
8600,N,2024,10/06/2024,10,A4018,Major,A4162,A4162,356930,177440,51.49425092,-2.62179244,0.3,0.19,3,6,422,5,56,6,0,0,0,0,0,6,495
8600,N,2024,10/06/2024,12,A4018,Major,A4162,A4162,356930,177440,51.49425092,-2.62179244,0.3,0.19,4,7,427,4,50,5,0,0,0,0,0,5,493
8600,N,2024,10/06/2024,11,A4018,Major,A4162,A4162,356930,177440,51.49425092,-2.62179244,0.3,0.19,4,8,394,4,60,2,2,2,0,2,0,8,474
8600,S,2024,10/06/2024,11,A4018,Major,A4162,A4162,356930,177440,51.49425092,-2.62179244,0.3,0.19,2,4,377,5,57,4,1,0,0,0,0,5,448
8600,N,2024,10/06/2024,9,A4018,Major,A4162,A4162,356930,177440,51.49425092,-2.62179244,0.3,0.19,4,6,443,7,52,2,0,2,0,0,0,4,512
8600,S,2024,10/06/2024,13,A4018,Major,A4162,A4162,356930,177440,51.49425092,-2.62179244,0.3,0.19,1,10,424,4,50,1,0,0,0,0,0,1,489
8600,S,2024,10/06/2024,16,A4018,Major,A4162,A4162,356930,177440,51.49425092,-2.62179244,0.3,0.19,6,8,563,5,44,1,0,0,0,0,0,1,621
16124,N,2020,05/06/2024,15,A4,Major,A4162,A4176,355000,176100,51.48205245,-2.6494209,4.1,2.55,16,5,441,9,175,22,9,14,2,13,14,74,704
16124,S,2020,05/06/2024,17,A4,Major,A4162,A4176,355000,176100,51.48205245,-2.6494209,4.1,2.55,23,13,527,11,119,0,2,1,0,1,6,10,680
16124,N,2020,05/06/2024,8,A4,Major,A4162,A4176,355000,176100,51.48205245,-2.6494209,4.1,2.55,13,5,377,9,211,24,4,19,1,8,16,72,674
16124,N,2024,05/06/2024,11,A4,Major,A4162,A4176,355000,176100,51.48205245,-2.6494209,4.1,2.55,8,4,439,7,145,28,11,17,1,6,11,74,669
16124,N,2024,05/06/2024,12,A4,Major,A4162,A4176,355000,176100,51.48205245,-2.6494209,4.1,2.55,8,8,422,6,135,24,11,9,3,11,20,78,649
16124,S,2024,05/06/2024,8,A4,Major,A4162,A4176,355000,176100,51.48205245,-2.6494209,4.1,2.55,29,11,776,12,200,21,5,10,0,12,16,64,1063
16124,S,2024,05/06/2024,14,A4,Major,A4162,A4176,355000,176100,51.48205245,-2.6494209,4.1,2.55,3,18,579,9,146,7,6,20,2,6,18,59,811
16124,S,2024,05/06/2024,12,A4,Major,A4162,A4176,355000,176100,51.48205245,-2.6494209,4.1,2.55,11,11,555,8,151,22,5,11,2,7,13,60,785
16124,S,2024,05/06/2024,13,A4,Major,A4162,A4176,355000,176100,51.48205245,-2.6494209,4.1,2.55,4,7,543,8,138,16,5,12,1,7,14,55,751
16124,S,2024,05/06/2024,10,A4,Major,A4162,A4176,355000,176100,51.48205245,-2.6494209,4.1,2.55,6,6,529,10,154,20,9,13,2,15,15,74,773
16124,S,2024,05/06/2024,11,A4,Major,A4162,A4176,355000,176100,51.48205245,-2.6494209,4.1,2.55,7,11,535,13,194,10,5,13,1,8,18,55,808
16124,S,2024,05/06/2024,15,A4,Major,A4162,A4176,355000,176100,51.48205245,-2.6494209,4.1,2.55,10,19,664,10,155,9,3,16,2,3,11,44,892
16124,N,2024,05/06/2024,14,A4,Major,A4162,A4176,355000,176100,51.48205245,-2.6494209,4.1,2.55,3,7,637,13,174,31,9,14,1,10,12,77,908
16124,N,2024,05/06/2024,8,A4,Major,A4162,A4176,355000,176100,51.48205245,-2.6494209,4.1,2.55,8,14,603,11,160,21,13,17,1,1,6,59,847
16124,S,2024,05/06/2024,16,A4,Major,A4162,A4176,355000,176100,51.48205245,-2.6494209,4.1,2.55,24,24,754,8,139,7,0,6,1,2,8,24,949
16124,N,2024,05/06/2024,9,A4,Major,A4162,A4176,355000,176100,51.48205245,-2.6494209,4.1,2.55,8,3,472,10,134,10,11,12,4,4,17,58,677
16124,N,2024,05/06/2024,7,A4,Major,A4162,A4176,355000,176100,51.48205245,-2.6494209,4.1,2.55,13,13,689,14,199,8,6,20,2,9,8,53,968
16124,N,2024,05/06/2024,13,A4,Major,A4162,A4176,355000,176100,51.48205245,-2.6494209,4.1,2.55,5,12,505,9,131,28,13,12,5,10,15,83,740
16124,S,2024,05/06/2024,18,A4,Major,A4162,A4176,355000,176100,51.48205245,-2.6494209,4.1,2.55,20,14,584,12,66,4,1,1,1,3,3,13,689
16124,S,2024,05/06/2024,9,A4,Major,A4162,A4176,355000,176100,51.48205245,-2.6494209,4.1,2.55,12,14,512,16,157,24,12,22,0,5,13,76,775
16124,S,2024,05/06/2024,7,A4,Major,A4162,A4176,355000,176100,51.48205245,-2.6494209,4.1,2.55,19,13,671,11,199,28,7,22,0,7,10,74,968
16124,N,2024,05/06/2024,18,A4,Major,A4162,A4176,355000,176100,51.48205245,-2.6494209,4.1,2.55,20,16,535,11,86,6,1,3,0,3,2,15,663
16124,S,2024,05/06/2024,17,A4,Major,A4162,A4176,355000,176100,51.48205245,-2.6494209,4.1,2.55,15,17,728,10,85,6,1,1,0,1,7,16,856
16124,N,2024,05/06/2024,10,A4,Major,A4162,A4176,355000,176100,51.48205245,-2.6494209,4.1,2.55,6,2,444,8,142,21,3,16,4,6,16,66,662
16961,W,2018,19/07/2023,10,A370,Major,A3029/B3120,A38 roundabout,357400,172000,51.4453748,-2.61436453,1.9,1.18,6,6,393,3,114,8,1,7,0,6,4,26,542
16961,E,2018,19/07/2023,7,A370,Major,A3029/B3120,A38 roundabout,357400,172000,51.4453748,-2.61436453,1.9,1.18,18,10,392,1,114,6,5,10,0,1,4,26,543
16961,E,2018,19/07/2023,11,A370,Major,A3029/B3120,A38 roundabout,357400,172000,51.4453748,-2.61436453,1.9,1.18,1,4,419,1,122,11,2,6,0,2,8,29,575
16961,E,2023,19/07/2023,14,A370,Major,A3029/B3120,A38 roundabout,357400,172000,51.4453748,-2.61436453,1.9,1.18,4,12,560,2,130,14,3,16,0,2,4,39,743
16961,W,2023,19/07/2023,18,A370,Major,A3029/B3120,A38 roundabout,357400,172000,51.4453748,-2.61436453,1.9,1.18,19,7,439,0,45,0,0,1,1,2,3,7,498
16961,W,2023,19/07/2023,16,A370,Major,A3029/B3120,A38 roundabout,357400,172000,51.4453748,-2.61436453,1.9,1.18,11,12,468,1,100,5,0,8,0,1,3,17,598
16961,W,2023,19/07/2023,10,A370,Major,A3029/B3120,A38 roundabout,357400,172000,51.4453748,-2.61436453,1.9,1.18,7,5,333,0,103,18,3,10,2,2,5,40,481
16961,E,2023,19/07/2023,11,A370,Major,A3029/B3120,A38 roundabout,357400,172000,51.4453748,-2.61436453,1.9,1.18,6,10,442,1,163,17,4,13,2,1,4,41,657
16961,E,2023,19/07/2023,9,A370,Major,A3029/B3120,A38 roundabout,357400,172000,51.4453748,-2.61436453,1.9,1.18,12,8,427,0,137,12,5,12,0,6,6,41,613
16961,E,2023,19/07/2023,10,A370,Major,A3029/B3120,A38 roundabout,357400,172000,51.4453748,-2.61436453,1.9,1.18,9,18,423,3,149,16,5,13,0,1,0,35,628
16961,W,2023,19/07/2023,12,A370,Major,A3029/B3120,A38 roundabout,357400,172000,51.4453748,-2.61436453,1.9,1.18,15,14,396,0,122,16,5,6,0,1,4,32,564
16961,E,2023,19/07/2023,8,A370,Major,A3029/B3120,A38 roundabout,357400,172000,51.4453748,-2.61436453,1.9,1.18,21,17,544,2,126,8,0,8,0,2,4,22,711
16961,E,2023,19/07/2023,13,A370,Major,A3029/B3120,A38 roundabout,357400,172000,51.4453748,-2.61436453,1.9,1.18,13,12,483,3,129,16,6,14,0,1,3,40,667
16961,W,2023,19/07/2023,7,A370,Major,A3029/B3120,A38 roundabout,357400,172000,51.4453748,-2.61436453,1.9,1.18,10,6,345,3,83,11,5,9,1,1,2,29,466
16961,W,2023,19/07/2023,15,A370,Major,A3029/B3120,A38 roundabout,357400,172000,51.4453748,-2.61436453,1.9,1.18,9,10,447,0,107,8,2,7,2,4,2,25,589
16961,E,2023,19/07/2023,15,A370,Major,A3029/B3120,A38 roundabout,357400,172000,51.4453748,-2.61436453,1.9,1.18,12,7,565,0,141,8,5,15,0,3,5,36,749
16961,E,2023,19/07/2023,12,A370,Major,A3029/B3120,A38 roundabout,357400,172000,51.4453748,-2.61436453,1.9,1.18,13,8,495,0,127,22,2,9,0,1,5,39,669
16961,W,2023,19/07/2023,8,A370,Major,A3029/B3120,A38 roundabout,357400,172000,51.4453748,-2.61436453,1.9,1.18,30,6,375,1,96,5,3,6,0,1,3,18,496
16961,W,2023,19/07/2023,14,A370,Major,A3029/B3120,A38 roundabout,357400,172000,51.4453748,-2.61436453,1.9,1.18,6,11,390,3,89,14,5,9,1,4,3,36,529
16961,E,2023,19/07/2023,17,A370,Major,A3029/B3120,A38 roundabout,357400,172000,51.4453748,-2.61436453,1.9,1.18,32,9,653,2,65,4,0,0,1,0,5,10,739
16961,W,2023,19/07/2023,17,A370,Major,A3029/B3120,A38 roundabout,357400,172000,51.4453748,-2.61436453,1.9,1.18,23,23,486,1,73,3,0,1,0,2,1,7,590
16961,W,2023,19/07/2023,9,A370,Major,A3029/B3120,A38 roundabout,357400,172000,51.4453748,-2.61436453,1.9,1.18,4,8,324,1,100,16,1,8,1,2,2,30,463
16961,E,2023,19/07/2023,7,A370,Major,A3029/B3120,A38 roundabout,357400,172000,51.4453748,-2.61436453,1.9,1.18,15,14,494,0,135,10,4,16,1,1,2,34,677
16961,W,2023,19/07/2023,13,A370,Major,A3029/B3120,A38 roundabout,357400,172000,51.4453748,-2.61436453,1.9,1.18,10,15,397,1,82,21,8,10,3,5,1,48,543
17817,N,2015,21/04/2023,8,A37,Major,LA boundary,A4174,361100,169000,51.41866865,-2.56079582,1.9,1.18,15,15,466,0,77,12,1,2,2,12,1,30,588
17817,S,2015,21/04/2023,11,A37,Major,LA boundary,A4174,361100,169000,51.41866865,-2.56079582,1.9,1.18,1,4,263,5,64,9,4,0,0,12,7,32,368
17817,N,2015,21/04/2023,12,A37,Major,LA boundary,A4174,361100,169000,51.41866865,-2.56079582,1.9,1.18,1,4,267,3,83,17,3,2,1,12,9,44,401
17817,S,2023,21/04/2023,17,A37,Major,LA boundary,A4174,361116,169015,51.41880461,-2.5605674,1.9,1.18,4,14,519,5,80,1,1,0,0,2,11,15,633
17817,N,2023,21/04/2023,10,A37,Major,LA boundary,A4174,361116,169015,51.41880461,-2.5605674,1.9,1.18,2,3,374,5,87,18,4,5,5,15,15,62,531
17817,N,2023,21/04/2023,18,A37,Major,LA boundary,A4174,361116,169015,51.41880461,-2.5605674,1.9,1.18,2,11,484,6,58,1,0,0,0,2,11,14,573
17817,S,2023,21/04/2023,11,A37,Major,LA boundary,A4174,361116,169015,51.41880461,-2.5605674,1.9,1.18,3,5,356,6,77,16,16,7,0,1,9,49,493
17817,N,2023,21/04/2023,16,A37,Major,LA boundary,A4174,361116,169015,51.41880461,-2.5605674,1.9,1.18,3,2,431,7,83,6,1,4,4,1,8,24,547
17817,N,2023,21/04/2023,7,A37,Major,LA boundary,A4174,361116,169015,51.41880461,-2.5605674,1.9,1.18,4,6,362,5,151,7,9,3,3,3,4,29,553
17817,N,2023,21/04/2023,12,A37,Major,LA boundary,A4174,361116,169015,51.41880461,-2.5605674,1.9,1.18,0,9,425,6,78,16,7,0,0,6,12,41,559
17817,N,2023,21/04/2023,15,A37,Major,LA boundary,A4174,361116,169015,51.41880461,-2.5605674,1.9,1.18,6,6,443,5,97,9,2,2,2,7,5,27,578
17817,S,2023,21/04/2023,16,A37,Major,LA boundary,A4174,361116,169015,51.41880461,-2.5605674,1.9,1.18,4,7,494,4,112,2,2,1,0,2,8,15,632
17817,S,2023,21/04/2023,12,A37,Major,LA boundary,A4174,361116,169015,51.41880461,-2.5605674,1.9,1.18,2,7,392,4,86,9,9,4,0,7,14,43,532
17817,S,2023,21/04/2023,15,A37,Major,LA boundary,A4174,361116,169015,51.41880461,-2.5605674,1.9,1.18,8,9,441,5,99,6,6,5,2,2,10,31,585
17817,S,2023,21/04/2023,13,A37,Major,LA boundary,A4174,361116,169015,51.41880461,-2.5605674,1.9,1.18,4,6,406,6,69,9,9,2,0,5,11,36,523
17817,S,2023,21/04/2023,9,A37,Major,LA boundary,A4174,361116,169015,51.41880461,-2.5605674,1.9,1.18,1,2,314,4,85,10,10,2,3,5,18,48,453
17817,N,2023,21/04/2023,13,A37,Major,LA boundary,A4174,361116,169015,51.41880461,-2.5605674,1.9,1.18,2,3,391,5,75,13,4,6,6,6,13,48,522
17817,S,2023,21/04/2023,18,A37,Major,LA boundary,A4174,361116,169015,51.41880461,-2.5605674,1.9,1.18,3,13,426,6,52,0,0,0,1,1,8,10,507
17817,S,2023,21/04/2023,7,A37,Major,LA boundary,A4174,361116,169015,51.41880461,-2.5605674,1.9,1.18,0,1,235,7,85,7,7,3,0,3,14,34,362
17817,S,2023,21/04/2023,10,A37,Major,LA boundary,A4174,361116,169015,51.41880461,-2.5605674,1.9,1.18,4,3,308,5,86,18,18,7,1,5,12,61,463
17817,N,2023,21/04/2023,8,A37,Major,LA boundary,A4174,361116,169015,51.41880461,-2.5605674,1.9,1.18,14,12,483,7,112,14,1,5,5,9,9,43,657
17817,S,2023,21/04/2023,14,A37,Major,LA boundary,A4174,361116,169015,51.41880461,-2.5605674,1.9,1.18,2,2,444,7,116,8,8,5,1,4,19,45,614
17817,S,2023,21/04/2023,8,A37,Major,LA boundary,A4174,361116,169015,51.41880461,-2.5605674,1.9,1.18,8,4,353,8,90,19,19,7,0,3,13,61,516
17817,N,2023,21/04/2023,17,A37,Major,LA boundary,A4174,361116,169015,51.41880461,-2.5605674,1.9,1.18,3,9,459,6,71,5,2,1,1,2,6,17,562
18042,N,2021,04/05/2023,15,A4320,Major,Lawrence Hill roundabout,A432,360454,173872,51.46242922,-2.57063183,0.7,0.43,0,8,1112,3,348,27,4,7,3,7,2,50,1521
18042,N,2021,04/05/2023,17,A4320,Major,Lawrence Hill roundabout,A432,360454,173872,51.46242922,-2.57063183,0.7,0.43,11,15,1512,1,260,14,4,0,2,6,3,29,1817
18042,S,2021,04/05/2023,9,A4320,Major,Lawrence Hill roundabout,A432,360454,173872,51.46242922,-2.57063183,0.7,0.43,6,10,988,8,343,51,6,6,2,17,9,91,1440
18042,N,2023,04/05/2023,13,A4320,Major,Lawrence Hill roundabout,A432,360454,173872,51.46242922,-2.57063183,0.7,0.43,0,11,931,4,341,27,5,6,2,8,3,51,1338
18042,S,2023,04/05/2023,14,A4320,Major,Lawrence Hill roundabout,A432,360454,173872,51.46242922,-2.57063183,0.7,0.43,2,24,969,4,395,37,4,10,1,6,4,62,1454
18042,N,2023,04/05/2023,11,A4320,Major,Lawrence Hill roundabout,A432,360454,173872,51.46242922,-2.57063183,0.7,0.43,3,11,866,6,308,33,6,12,2,11,6,70,1261
18042,S,2023,04/05/2023,12,A4320,Major,Lawrence Hill roundabout,A432,360454,173872,51.46242922,-2.57063183,0.7,0.43,0,22,851,3,358,53,7,11,2,6,2,81,1315
18042,N,2023,04/05/2023,18,A4320,Major,Lawrence Hill roundabout,A432,360454,173872,51.46242922,-2.57063183,0.7,0.43,4,19,1167,1,162,6,0,0,0,2,8,16,1365
18042,N,2023,04/05/2023,8,A4320,Major,Lawrence Hill roundabout,A432,360454,173872,51.46242922,-2.57063183,0.7,0.43,5,10,1136,8,452,36,9,11,2,7,4,69,1675
18042,S,2023,04/05/2023,7,A4320,Major,Lawrence Hill roundabout,A432,360454,173872,51.46242922,-2.57063183,0.7,0.43,13,20,1162,6,370,29,10,11,0,8,13,71,1629
18042,S,2023,04/05/2023,17,A4320,Major,Lawrence Hill roundabout,A432,360454,173872,51.46242922,-2.57063183,0.7,0.43,10,20,1286,9,290,5,3,1,2,2,2,15,1620
18042,S,2023,04/05/2023,13,A4320,Major,Lawrence Hill roundabout,A432,360454,173872,51.46242922,-2.57063183,0.7,0.43,4,18,965,4,356,48,4,9,1,10,6,78,1421
18042,S,2023,04/05/2023,16,A4320,Major,Lawrence Hill roundabout,A432,360454,173872,51.46242922,-2.57063183,0.7,0.43,8,27,1270,6,447,19,6,5,1,4,3,38,1788
18042,N,2023,04/05/2023,16,A4320,Major,Lawrence Hill roundabout,A432,360454,173872,51.46242922,-2.57063183,0.7,0.43,8,24,1315,8,295,14,0,2,0,2,3,21,1663
18042,S,2023,04/05/2023,11,A4320,Major,Lawrence Hill roundabout,A432,360454,173872,51.46242922,-2.57063183,0.7,0.43,1,16,795,5,376,44,11,7,1,9,4,76,1268
18042,S,2023,04/05/2023,10,A4320,Major,Lawrence Hill roundabout,A432,360454,173872,51.46242922,-2.57063183,0.7,0.43,3,17,757,8,301,39,5,8,3,10,5,70,1153
18042,N,2023,04/05/2023,7,A4320,Major,Lawrence Hill roundabout,A432,360454,173872,51.46242922,-2.57063183,0.7,0.43,11,19,1113,24,559,42,10,18,1,7,11,89,1804
18042,N,2023,04/05/2023,14,A4320,Major,Lawrence Hill roundabout,A432,360454,173872,51.46242922,-2.57063183,0.7,0.43,3,17,1045,9,326,23,4,6,2,5,10,50,1447
18042,N,2023,04/05/2023,9,A4320,Major,Lawrence Hill roundabout,A432,360454,173872,51.46242922,-2.57063183,0.7,0.43,5,13,923,7,420,62,4,8,0,9,5,88,1451
18042,N,2023,04/05/2023,15,A4320,Major,Lawrence Hill roundabout,A432,360454,173872,51.46242922,-2.57063183,0.7,0.43,5,19,1112,2,332,22,5,8,0,4,2,41,1506
18042,S,2023,04/05/2023,8,A4320,Major,Lawrence Hill roundabout,A432,360454,173872,51.46242922,-2.57063183,0.7,0.43,8,27,1242,7,364,36,5,9,1,7,8,66,1706
18042,N,2023,04/05/2023,10,A4320,Major,Lawrence Hill roundabout,A432,360454,173872,51.46242922,-2.57063183,0.7,0.43,1,11,831,5,349,39,13,23,2,10,6,93,1289
18042,N,2023,04/05/2023,12,A4320,Major,Lawrence Hill roundabout,A432,360454,173872,51.46242922,-2.57063183,0.7,0.43,0,24,894,2,311,33,7,13,0,10,4,67,1298
18042,S,2023,04/05/2023,9,A4320,Major,Lawrence Hill roundabout,A432,360454,173872,51.46242922,-2.57063183,0.7,0.43,4,14,1109,13,360,48,13,10,2,12,7,92,1588
26021,W,2018,05/07/2023,15,M5,Major,Junction 18 M5,merge of feeder roads,352600,178100,51.49983715,-2.68424907,0.4,0.25,0,5,984,14,288,131,46,31,9,15,185,417,1708
26021,E,2018,05/07/2023,15,M5,Major,Junction 18 M5,merge of feeder roads,352600,178100,51.49983715,-2.68424907,0.4,0.25,0,17,1320,9,361,54,19,24,9,15,142,263,1970
26021,E,2018,05/07/2023,11,M5,Major,Junction 18 M5,merge of feeder roads,352600,178100,51.49983715,-2.68424907,0.4,0.25,0,4,760,5,300,75,30,21,9,5,144,284,1353
26021,W,2023,05/07/2023,17,M5,Major,Junction 18 M5,merge of feeder roads,352600,178100,51.49983715,-2.68424907,0.4,0.25,0,6,1257,3,269,31,5,3,6,65,56,166,1701
26021,E,2023,05/07/2023,9,M5,Major,Junction 18 M5,merge of feeder roads,352600,178100,51.49983715,-2.68424907,0.4,0.25,0,0,724,8,421,62,20,45,9,63,91,290,1443
26021,E,2023,05/07/2023,10,M5,Major,Junction 18 M5,merge of feeder roads,352600,178100,51.49983715,-2.68424907,0.4,0.25,0,1,855,3,413,43,15,34,8,80,123,303,1575
26021,W,2023,05/07/2023,7,M5,Major,Junction 18 M5,merge of feeder roads,352600,178100,51.49983715,-2.68424907,0.4,0.25,0,10,2222,5,736,52,19,33,8,77,97,286,3259
26021,E,2023,05/07/2023,14,M5,Major,Junction 18 M5,merge of feeder roads,352600,178100,51.49983715,-2.68424907,0.4,0.25,0,8,1412,1,398,51,19,28,11,57,113,279,2098
26021,E,2023,05/07/2023,8,M5,Major,Junction 18 M5,merge of feeder roads,352600,178100,51.49983715,-2.68424907,0.4,0.25,0,4,1008,8,526,77,21,50,14,86,102,350,1896
26021,W,2023,05/07/2023,18,M5,Major,Junction 18 M5,merge of feeder roads,352600,178100,51.49983715,-2.68424907,0.4,0.25,0,8,1084,1,184,24,6,3,9,44,49,135,1412
26021,E,2023,05/07/2023,18,M5,Major,Junction 18 M5,merge of feeder roads,352600,178100,51.49983715,-2.68424907,0.4,0.25,0,7,1519,6,221,23,9,8,9,24,67,140,1893
26021,W,2023,05/07/2023,14,M5,Major,Junction 18 M5,merge of feeder roads,352600,178100,51.49983715,-2.68424907,0.4,0.25,0,6,1020,4,439,96,33,32,21,73,106,361,1830
26021,W,2023,05/07/2023,10,M5,Major,Junction 18 M5,merge of feeder roads,352600,178100,51.49983715,-2.68424907,0.4,0.25,0,1,991,3,486,55,17,32,17,100,114,335,1816
26021,E,2023,05/07/2023,17,M5,Major,Junction 18 M5,merge of feeder roads,352600,178100,51.49983715,-2.68424907,0.4,0.25,0,20,2497,5,365,26,7,4,3,28,49,117,3004
26021,W,2023,05/07/2023,15,M5,Major,Junction 18 M5,merge of feeder roads,352600,178100,51.49983715,-2.68424907,0.4,0.25,0,7,1067,2,480,102,30,30,14,96,113,385,1941
26021,E,2023,05/07/2023,12,M5,Major,Junction 18 M5,merge of feeder roads,352600,178100,51.49983715,-2.68424907,0.4,0.25,0,5,1079,1,491,45,15,36,14,47,120,277,1853
26021,W,2023,05/07/2023,9,M5,Major,Junction 18 M5,merge of feeder roads,352600,178100,51.49983715,-2.68424907,0.4,0.25,0,4,1210,5,461,66,23,44,10,97,92,332,2012
26021,E,2023,05/07/2023,13,M5,Major,Junction 18 M5,merge of feeder roads,352600,178100,51.49983715,-2.68424907,0.4,0.25,0,5,1091,8,409,45,21,37,8,46,122,279,1792
26021,W,2023,05/07/2023,8,M5,Major,Junction 18 M5,merge of feeder roads,352600,178100,51.49983715,-2.68424907,0.4,0.25,0,19,1955,2,565,60,15,36,6,69,76,262,2803
26021,W,2023,05/07/2023,16,M5,Major,Junction 18 M5,merge of feeder roads,352600,178100,51.49983715,-2.68424907,0.4,0.25,0,10,1164,3,424,68,27,17,9,53,65,239,1840
26021,E,2023,05/07/2023,11,M5,Major,Junction 18 M5,merge of feeder roads,352600,178100,51.49983715,-2.68424907,0.4,0.25,0,7,877,1,503,50,21,35,14,54,103,277,1665
26021,W,2023,05/07/2023,12,M5,Major,Junction 18 M5,merge of feeder roads,352600,178100,51.49983715,-2.68424907,0.4,0.25,0,3,977,4,419,76,29,31,16,57,88,297,1700
26021,E,2023,05/07/2023,7,M5,Major,Junction 18 M5,merge of feeder roads,352600,178100,51.49983715,-2.68424907,0.4,0.25,0,6,881,3,535,105,44,30,17,81,107,384,1809
26021,E,2023,05/07/2023,16,M5,Major,Junction 18 M5,merge of feeder roads,352600,178100,51.49983715,-2.68424907,0.4,0.25,0,20,2306,3,582,26,9,24,11,41,97,208,3119
26043,S,2022,10/10/2023,8,M32,Major,Junction 2 M32,LA Boundary,362437,177160,51.49212725,-2.54243962,3.3,2.05,0,28,2166,29,642,46,21,18,0,9,31,125,2990
26043,N,2022,10/10/2023,13,M32,Major,Junction 2 M32,LA Boundary,362437,177160,51.49212725,-2.54243962,3.3,2.05,0,3,1577,22,491,57,11,27,2,8,38,143,2236
26043,N,2022,10/10/2023,12,M32,Major,Junction 2 M32,LA Boundary,362437,177160,51.49212725,-2.54243962,3.3,2.05,0,6,1339,26,455,50,14,17,4,5,47,137,1963
26043,N,2023,10/10/2023,10,M32,Major,Junction 2 M32,LA Boundary,362437,177160,51.49212725,-2.54243962,3.3,2.05,0,3,1233,33,442,67,16,19,6,24,25,157,1868
26043,N,2023,10/10/2023,13,M32,Major,Junction 2 M32,LA Boundary,362437,177160,51.49212725,-2.54243962,3.3,2.05,0,18,1504,26,483,52,5,32,5,19,21,134,2165
26043,S,2023,10/10/2023,12,M32,Major,Junction 2 M32,LA Boundary,362437,177160,51.49212725,-2.54243962,3.3,2.05,0,14,1396,28,476,57,12,16,8,25,14,132,2046
26043,N,2023,10/10/2023,17,M32,Major,Junction 2 M32,LA Boundary,362437,177160,51.49212725,-2.54243962,3.3,2.05,0,52,2840,30,361,12,2,2,8,9,11,44,3327
26043,N,2023,10/10/2023,8,M32,Major,Junction 2 M32,LA Boundary,362437,177160,51.49212725,-2.54243962,3.3,2.05,0,15,2338,28,479,36,9,27,7,15,20,114,2974
26043,S,2023,10/10/2023,18,M32,Major,Junction 2 M32,LA Boundary,362437,177160,51.49212725,-2.54243962,3.3,2.05,0,12,2366,41,246,14,0,0,2,10,2,28,2693
26043,S,2023,10/10/2023,8,M32,Major,Junction 2 M32,LA Boundary,362437,177160,51.49212725,-2.54243962,3.3,2.05,0,53,2050,24,532,46,9,14,9,31,19,128,2787
26043,S,2023,10/10/2023,9,M32,Major,Junction 2 M32,LA Boundary,362437,177160,51.49212725,-2.54243962,3.3,2.05,0,23,1890,40,518,54,14,23,10,33,24,158,2629
26043,S,2023,10/10/2023,10,M32,Major,Junction 2 M32,LA Boundary,362437,177160,51.49212725,-2.54243962,3.3,2.05,0,10,1426,35,445,60,12,27,10,24,15,148,2064
26043,S,2023,10/10/2023,11,M32,Major,Junction 2 M32,LA Boundary,362437,177160,51.49212725,-2.54243962,3.3,2.05,0,15,1413,26,446,41,9,20,3,22,13,108,2008
26043,N,2023,10/10/2023,11,M32,Major,Junction 2 M32,LA Boundary,362437,177160,51.49212725,-2.54243962,3.3,2.05,0,10,1161,34,446,42,13,29,8,23,35,150,1801
26043,S,2023,10/10/2023,16,M32,Major,Junction 2 M32,LA Boundary,362437,177160,51.49212725,-2.54243962,3.3,2.05,0,23,2267,31,553,25,4,8,3,17,9,66,2940
26043,N,2023,10/10/2023,9,M32,Major,Junction 2 M32,LA Boundary,362437,177160,51.49212725,-2.54243962,3.3,2.05,0,10,1425,36,512,59,11,26,9,25,25,155,2138
26043,N,2023,10/10/2023,7,M32,Major,Junction 2 M32,LA Boundary,362437,177160,51.49212725,-2.54243962,3.3,2.05,0,13,2756,36,552,54,4,10,8,19,20,115,3472
26043,S,2023,10/10/2023,14,M32,Major,Junction 2 M32,LA Boundary,362437,177160,51.49212725,-2.54243962,3.3,2.05,0,7,1474,28,499,62,12,28,7,25,15,149,2157
26043,N,2023,10/10/2023,14,M32,Major,Junction 2 M32,LA Boundary,362437,177160,51.49212725,-2.54243962,3.3,2.05,0,14,1684,35,530,48,3,24,9,20,19,123,2386
26043,S,2023,10/10/2023,15,M32,Major,Junction 2 M32,LA Boundary,362437,177160,51.49212725,-2.54243962,3.3,2.05,0,20,1757,24,571,41,9,27,6,18,12,113,2485
26043,N,2023,10/10/2023,18,M32,Major,Junction 2 M32,LA Boundary,362437,177160,51.49212725,-2.54243962,3.3,2.05,0,28,2341,33,241,22,0,0,5,7,11,45,2688
26043,N,2023,10/10/2023,15,M32,Major,Junction 2 M32,LA Boundary,362437,177160,51.49212725,-2.54243962,3.3,2.05,0,26,2061,29,614,48,3,25,3,21,13,113,2843
26043,S,2023,10/10/2023,13,M32,Major,Junction 2 M32,LA Boundary,362437,177160,51.49212725,-2.54243962,3.3,2.05,0,8,1389,31,408,62,8,31,13,30,19,163,1999
26043,S,2023,10/10/2023,7,M32,Major,Junction 2 M32,LA Boundary,362437,177160,51.49212725,-2.54243962,3.3,2.05,0,28,2644,26,589,47,7,10,8,25,32,129,3416
26043,N,2023,02/07/2024,16,M32,Major,Junction 2 M32,LA Boundary,362437,177160,51.49212725,-2.54243962,3.3,2.05,0,37,2448,32,569,22,3,10,1,11,15,62,3148
26043,S,2023,02/07/2024,17,M32,Major,Junction 2 M32,LA Boundary,362437,177160,51.49212725,-2.54243962,3.3,2.05,0,15,2674,42,379,16,1,2,6,8,2,35,3145
26043,N,2023,02/07/2024,12,M32,Major,Junction 2 M32,LA Boundary,362437,177160,51.49212725,-2.54243962,3.3,2.05,0,12,1373,31,432,44,15,25,6,16,19,125,1973
26043,S,2024,02/07/2024,12,M32,Major,Junction 2 M32,LA Boundary,362437,177160,51.49212725,-2.54243962,3.3,2.05,0,20,1478,26,481,54,9,14,4,26,33,140,2145
26043,N,2024,02/07/2024,13,M32,Major,Junction 2 M32,LA Boundary,362437,177160,51.49212725,-2.54243962,3.3,2.05,0,17,1621,26,542,49,7,19,8,23,23,129,2335
26043,S,2024,02/07/2024,7,M32,Major,Junction 2 M32,LA Boundary,362437,177160,51.49212725,-2.54243962,3.3,2.05,0,35,2623,29,751,59,9,13,3,9,40,133,3571
26043,N,2024,02/07/2024,8,M32,Major,Junction 2 M32,LA Boundary,362437,177160,51.49212725,-2.54243962,3.3,2.05,0,28,2333,34,507,52,10,12,4,17,16,111,3013
26043,N,2024,02/07/2024,14,M32,Major,Junction 2 M32,LA Boundary,362437,177160,51.49212725,-2.54243962,3.3,2.05,0,17,1862,41,504,55,10,18,2,22,27,134,2558
26043,S,2024,02/07/2024,11,M32,Major,Junction 2 M32,LA Boundary,362437,177160,51.49212725,-2.54243962,3.3,2.05,0,12,1479,31,478,47,10,13,4,12,26,112,2112
26043,S,2024,02/07/2024,8,M32,Major,Junction 2 M32,LA Boundary,362437,177160,51.49212725,-2.54243962,3.3,2.05,0,52,2300,28,624,59,16,20,4,26,31,156,3160
26043,S,2024,02/07/2024,9,M32,Major,Junction 2 M32,LA Boundary,362437,177160,51.49212725,-2.54243962,3.3,2.05,0,9,1802,32,491,62,16,16,3,21,27,145,2479
26043,N,2024,02/07/2024,18,M32,Major,Junction 2 M32,LA Boundary,362437,177160,51.49212725,-2.54243962,3.3,2.05,0,27,2240,29,226,17,2,0,3,5,13,40,2562
26043,N,2024,02/07/2024,9,M32,Major,Junction 2 M32,LA Boundary,362437,177160,51.49212725,-2.54243962,3.3,2.05,0,11,1504,32,491,53,7,16,9,24,26,135,2173
26043,S,2024,02/07/2024,18,M32,Major,Junction 2 M32,LA Boundary,362437,177160,51.49212725,-2.54243962,3.3,2.05,0,14,2183,40,263,15,3,3,1,6,7,35,2535
26043,N,2024,02/07/2024,15,M32,Major,Junction 2 M32,LA Boundary,362437,177160,51.49212725,-2.54243962,3.3,2.05,0,31,2130,34,680,38,8,8,2,13,33,102,2977
26043,N,2024,02/07/2024,16,M32,Major,Junction 2 M32,LA Boundary,362437,177160,51.49212725,-2.54243962,3.3,2.05,0,39,2760,34,589,28,2,4,2,8,14,58,3480
26043,N,2024,02/07/2024,7,M32,Major,Junction 2 M32,LA Boundary,362437,177160,51.49212725,-2.54243962,3.3,2.05,0,16,2607,45,587,54,9,19,7,14,20,123,3378
26043,S,2024,02/07/2024,17,M32,Major,Junction 2 M32,LA Boundary,362437,177160,51.49212725,-2.54243962,3.3,2.05,0,26,2649,39,363,16,2,1,3,6,8,36,3113
26043,N,2024,02/07/2024,10,M32,Major,Junction 2 M32,LA Boundary,362437,177160,51.49212725,-2.54243962,3.3,2.05,0,10,1197,37,466,67,12,13,7,26,23,148,1858
26043,S,2024,02/07/2024,15,M32,Major,Junction 2 M32,LA Boundary,362437,177160,51.49212725,-2.54243962,3.3,2.05,0,9,1815,28,545,64,8,13,2,9,14,110,2507
26043,N,2024,02/07/2024,12,M32,Major,Junction 2 M32,LA Boundary,362437,177160,51.49212725,-2.54243962,3.3,2.05,0,9,1526,36,485,49,10,13,2,20,25,119,2175
26043,S,2024,02/07/2024,14,M32,Major,Junction 2 M32,LA Boundary,362437,177160,51.49212725,-2.54243962,3.3,2.05,0,10,1551,33,497,47,9,15,5,18,20,114,2205
26043,S,2024,02/07/2024,10,M32,Major,Junction 2 M32,LA Boundary,362437,177160,51.49212725,-2.54243962,3.3,2.05,0,9,1550,37,442,56,13,15,12,12,31,139,2177
26043,N,2024,02/07/2024,17,M32,Major,Junction 2 M32,LA Boundary,362437,177160,51.49212725,-2.54243962,3.3,2.05,0,44,2933,29,377,22,0,1,3,3,19,48,3431
26128,S,2021,21/04/2023,17,A3029,Major,A4,A370,356750,172000,51.44532537,-2.62371703,0.5,0.31,6,25,1529,18,239,20,1,1,1,3,16,42,1853
26128,N,2021,21/04/2023,12,A3029,Major,A4,A370,356750,172000,51.44532537,-2.62371703,0.5,0.31,4,27,1620,16,362,31,5,30,1,4,27,98,2123
26128,S,2021,21/04/2023,10,A3029,Major,A4,A370,356750,172000,51.44532537,-2.62371703,0.5,0.31,8,7,1412,18,352,40,4,31,4,3,21,103,1892
26128,N,2023,21/04/2023,8,A3029,Major,A4,A370,356750,172000,51.44532537,-2.62371703,0.5,0.31,1,34,1718,22,401,39,11,29,3,16,8,106,2281
26128,S,2023,21/04/2023,10,A3029,Major,A4,A370,356750,172000,51.44532537,-2.62371703,0.5,0.31,1,19,1224,18,309,38,8,26,1,5,16,94,1664
26128,N,2023,21/04/2023,7,A3029,Major,A4,A370,356750,172000,51.44532537,-2.62371703,0.5,0.31,3,38,1635,27,445,28,13,32,2,10,12,97,2242
26128,N,2023,21/04/2023,9,A3029,Major,A4,A370,356750,172000,51.44532537,-2.62371703,0.5,0.31,4,23,1310,20,323,38,8,20,2,12,19,99,1775
26128,S,2023,21/04/2023,18,A3029,Major,A4,A370,356750,172000,51.44532537,-2.62371703,0.5,0.31,1,57,1839,20,134,1,0,2,2,0,2,7,2057
26128,S,2023,21/04/2023,7,A3029,Major,A4,A370,356750,172000,51.44532537,-2.62371703,0.5,0.31,0,20,1116,14,301,37,8,11,5,7,12,80,1531
26128,N,2023,21/04/2023,16,A3029,Major,A4,A370,356750,172000,51.44532537,-2.62371703,0.5,0.31,0,25,1549,21,252,6,3,4,1,5,8,27,1874
26128,S,2023,21/04/2023,17,A3029,Major,A4,A370,356750,172000,51.44532537,-2.62371703,0.5,0.31,5,61,2126,21,219,5,0,4,2,2,4,17,2444
26128,N,2023,21/04/2023,14,A3029,Major,A4,A370,356750,172000,51.44532537,-2.62371703,0.5,0.31,0,18,1463,17,322,27,5,15,1,3,14,65,1885
26128,N,2023,21/04/2023,11,A3029,Major,A4,A370,356750,172000,51.44532537,-2.62371703,0.5,0.31,1,17,1245,18,276,35,9,15,1,5,12,77,1633
26128,S,2023,21/04/2023,16,A3029,Major,A4,A370,356750,172000,51.44532537,-2.62371703,0.5,0.31,4,49,2107,22,333,11,1,9,2,4,12,39,2550
26128,N,2023,21/04/2023,12,A3029,Major,A4,A370,356750,172000,51.44532537,-2.62371703,0.5,0.31,1,26,1258,17,316,37,6,19,3,8,20,93,1710
26128,S,2023,21/04/2023,8,A3029,Major,A4,A370,356750,172000,51.44532537,-2.62371703,0.5,0.31,4,16,1459,18,292,41,9,19,4,7,19,99,1884
26128,S,2023,21/04/2023,11,A3029,Major,A4,A370,356750,172000,51.44532537,-2.62371703,0.5,0.31,1,16,1255,23,383,27,11,23,2,7,15,85,1762
26128,S,2023,21/04/2023,14,A3029,Major,A4,A370,356750,172000,51.44532537,-2.62371703,0.5,0.31,2,21,1757,24,399,30,5,24,3,6,9,77,2278
26128,N,2023,21/04/2023,13,A3029,Major,A4,A370,356750,172000,51.44532537,-2.62371703,0.5,0.31,1,21,1429,24,272,36,14,37,3,18,9,117,1863
26128,S,2023,21/04/2023,13,A3029,Major,A4,A370,356750,172000,51.44532537,-2.62371703,0.5,0.31,1,28,1563,34,318,26,18,21,1,7,11,84,2027
26128,S,2023,21/04/2023,9,A3029,Major,A4,A370,356750,172000,51.44532537,-2.62371703,0.5,0.31,2,13,1192,24,308,33,7,16,5,6,15,82,1619
26128,N,2023,21/04/2023,17,A3029,Major,A4,A370,356750,172000,51.44532537,-2.62371703,0.5,0.31,2,37,1626,22,146,11,0,1,3,4,3,22,1853
26128,S,2023,21/04/2023,12,A3029,Major,A4,A370,356750,172000,51.44532537,-2.62371703,0.5,0.31,1,25,1512,21,349,21,3,21,0,6,21,72,1979
26128,N,2023,21/04/2023,15,A3029,Major,A4,A370,356750,172000,51.44532537,-2.62371703,0.5,0.31,0,23,1462,29,243,26,2,14,0,6,8,56,1813
26128,S,2023,24/05/2024,15,A3029,Major,A4,A370,356750,172000,51.44532537,-2.62371703,0.5,0.31,1,31,1795,24,424,23,4,35,4,3,15,84,2358
26128,N,2023,24/05/2024,10,A3029,Major,A4,A370,356750,172000,51.44532537,-2.62371703,0.5,0.31,4,14,1205,23,321,34,11,21,3,14,9,92,1655
26128,N,2023,24/05/2024,18,A3029,Major,A4,A370,356750,172000,51.44532537,-2.62371703,0.5,0.31,2,46,1555,17,82,3,0,2,0,5,7,17,1717
26128,N,2024,24/05/2024,7,A3029,Major,A4,A370,356750,172000,51.44532537,-2.62371703,0.5,0.31,12,38,1588,26,428,20,12,31,8,5,9,85,2165
26128,N,2024,24/05/2024,15,A3029,Major,A4,A370,356750,172000,51.44532537,-2.62371703,0.5,0.31,2,31,1589,19,253,15,8,14,5,4,13,59,1951
26128,N,2024,24/05/2024,14,A3029,Major,A4,A370,356750,172000,51.44532537,-2.62371703,0.5,0.31,2,37,1444,19,266,16,7,20,7,6,12,68,1834
26128,N,2024,24/05/2024,10,A3029,Major,A4,A370,356750,172000,51.44532537,-2.62371703,0.5,0.31,2,19,1361,14,312,27,12,31,10,14,19,113,1819
26128,N,2024,24/05/2024,12,A3029,Major,A4,A370,356750,172000,51.44532537,-2.62371703,0.5,0.31,2,26,1404,20,251,21,12,26,8,9,13,89,1790
26128,S,2024,24/05/2024,12,A3029,Major,A4,A370,356750,172000,51.44532537,-2.62371703,0.5,0.31,1,42,1623,22,350,12,10,19,9,8,15,73,2110
26128,N,2024,24/05/2024,11,A3029,Major,A4,A370,356750,172000,51.44532537,-2.62371703,0.5,0.31,3,15,1297,21,259,19,17,21,9,8,12,86,1678
26128,S,2024,24/05/2024,15,A3029,Major,A4,A370,356750,172000,51.44532537,-2.62371703,0.5,0.31,3,39,2046,23,466,20,15,28,6,2,10,81,2655
26128,S,2024,24/05/2024,8,A3029,Major,A4,A370,356750,172000,51.44532537,-2.62371703,0.5,0.31,7,11,1317,15,316,25,19,28,9,12,18,111,1770
26128,N,2024,24/05/2024,13,A3029,Major,A4,A370,356750,172000,51.44532537,-2.62371703,0.5,0.31,2,34,1399,24,234,18,12,22,9,11,15,87,1778
26128,S,2024,24/05/2024,14,A3029,Major,A4,A370,356750,172000,51.44532537,-2.62371703,0.5,0.31,2,45,1991,27,384,18,12,26,8,5,13,82,2529
26128,S,2024,24/05/2024,7,A3029,Major,A4,A370,356750,172000,51.44532537,-2.62371703,0.5,0.31,3,17,1190,15,289,19,17,18,6,9,13,82,1593
26128,N,2024,24/05/2024,17,A3029,Major,A4,A370,356750,172000,51.44532537,-2.62371703,0.5,0.31,8,48,1563,20,145,6,1,4,1,3,3,18,1794
26128,S,2024,24/05/2024,13,A3029,Major,A4,A370,356750,172000,51.44532537,-2.62371703,0.5,0.31,1,35,1802,22,428,21,10,18,9,3,9,70,2357
26128,N,2024,24/05/2024,18,A3029,Major,A4,A370,356750,172000,51.44532537,-2.62371703,0.5,0.31,5,57,1661,22,119,3,2,3,1,1,2,12,1871
26128,S,2024,24/05/2024,17,A3029,Major,A4,A370,356750,172000,51.44532537,-2.62371703,0.5,0.31,7,73,2315,25,276,3,2,4,3,4,8,24,2713
26128,S,2024,24/05/2024,16,A3029,Major,A4,A370,356750,172000,51.44532537,-2.62371703,0.5,0.31,9,59,2218,22,341,10,8,12,5,3,5,43,2683
26128,N,2024,24/05/2024,8,A3029,Major,A4,A370,356750,172000,51.44532537,-2.62371703,0.5,0.31,3,27,1657,31,357,26,16,26,9,9,18,104,2176
26128,N,2024,24/05/2024,9,A3029,Major,A4,A370,356750,172000,51.44532537,-2.62371703,0.5,0.31,2,26,1458,19,285,23,11,28,8,9,12,91,1879
26128,S,2024,24/05/2024,18,A3029,Major,A4,A370,356750,172000,51.44532537,-2.62371703,0.5,0.31,5,65,1938,27,175,1,0,1,2,2,6,12,2217
26128,N,2024,24/05/2024,16,A3029,Major,A4,A370,356750,172000,51.44532537,-2.62371703,0.5,0.31,2,29,1510,16,203,11,3,6,3,4,7,34,1792
26403,N,2016,03/07/2024,14,A38,Major,St James Barton,Muller Road,359000,175000,51.47246752,-2.59169207,3.6,2.24,84,10,379,23,68,9,3,0,0,0,0,12,492
26403,S,2016,03/07/2024,17,A38,Major,St James Barton,Muller Road,359000,175000,51.47246752,-2.59169207,3.6,2.24,130,7,360,27,38,2,0,0,0,0,0,2,434
26403,S,2016,03/07/2024,8,A38,Major,St James Barton,Muller Road,359000,175000,51.47246752,-2.59169207,3.6,2.24,287,17,359,21,67,2,1,0,0,0,1,4,468
26403,S,2024,03/07/2024,8,A38,Major,St James Barton,Muller Road,359044,175054,51.47295622,-2.59106487,3.6,2.24,257,16,395,17,66,5,0,2,0,1,0,8,502
26403,N,2024,03/07/2024,11,A38,Major,St James Barton,Muller Road,359044,175054,51.47295622,-2.59106487,3.6,2.24,23,18,269,15,84,6,2,0,0,0,0,8,394
26403,S,2024,03/07/2024,9,A38,Major,St James Barton,Muller Road,359044,175054,51.47295622,-2.59106487,3.6,2.24,105,15,313,18,77,4,0,0,0,0,0,4,427
26403,S,2024,03/07/2024,16,A38,Major,St James Barton,Muller Road,359044,175054,51.47295622,-2.59106487,3.6,2.24,76,35,342,18,51,1,1,0,0,0,0,2,448
26403,S,2024,03/07/2024,13,A38,Major,St James Barton,Muller Road,359044,175054,51.47295622,-2.59106487,3.6,2.24,42,29,265,15,69,7,1,0,0,0,0,8,386
26403,S,2024,03/07/2024,12,A38,Major,St James Barton,Muller Road,359044,175054,51.47295622,-2.59106487,3.6,2.24,41,36,317,17,48,5,0,0,0,0,0,5,423
26403,N,2024,03/07/2024,17,A38,Major,St James Barton,Muller Road,359044,175054,51.47295622,-2.59106487,3.6,2.24,254,45,400,14,30,0,2,0,0,0,0,2,491
26403,S,2024,03/07/2024,10,A38,Major,St James Barton,Muller Road,359044,175054,51.47295622,-2.59106487,3.6,2.24,37,14,275,17,75,5,2,0,0,0,0,7,388
26403,S,2024,03/07/2024,17,A38,Major,St James Barton,Muller Road,359044,175054,51.47295622,-2.59106487,3.6,2.24,118,51,371,17,30,0,0,0,0,0,0,0,469
26403,N,2024,03/07/2024,18,A38,Major,St James Barton,Muller Road,359044,175054,51.47295622,-2.59106487,3.6,2.24,149,62,335,20,20,0,0,0,0,0,0,0,437
26403,S,2024,03/07/2024,11,A38,Major,St James Barton,Muller Road,359044,175054,51.47295622,-2.59106487,3.6,2.24,39,22,254,18,75,4,1,0,0,0,0,5,374
26403,N,2024,03/07/2024,14,A38,Major,St James Barton,Muller Road,359044,175054,51.47295622,-2.59106487,3.6,2.24,56,22,253,17,62,4,0,0,0,0,0,4,358
26403,S,2024,03/07/2024,14,A38,Major,St James Barton,Muller Road,359044,175054,51.47295622,-2.59106487,3.6,2.24,44,38,276,19,57,4,0,0,0,0,0,4,394
26403,S,2024,03/07/2024,15,A38,Major,St James Barton,Muller Road,359044,175054,51.47295622,-2.59106487,3.6,2.24,40,34,315,14,52,3,0,0,0,0,0,3,418
26403,N,2024,03/07/2024,15,A38,Major,St James Barton,Muller Road,359044,175054,51.47295622,-2.59106487,3.6,2.24,88,28,346,16,64,4,0,0,0,0,0,4,458
26403,N,2024,03/07/2024,10,A38,Major,St James Barton,Muller Road,359044,175054,51.47295622,-2.59106487,3.6,2.24,22,7,288,18,79,7,2,0,0,0,0,9,401
26403,N,2024,03/07/2024,16,A38,Major,St James Barton,Muller Road,359044,175054,51.47295622,-2.59106487,3.6,2.24,116,31,334,16,63,2,0,0,0,0,0,2,446
26403,N,2024,03/07/2024,9,A38,Major,St James Barton,Muller Road,359044,175054,51.47295622,-2.59106487,3.6,2.24,29,5,266,18,92,2,0,0,0,0,0,2,383
26403,N,2024,03/07/2024,8,A38,Major,St James Barton,Muller Road,359044,175054,51.47295622,-2.59106487,3.6,2.24,82,7,307,15,49,3,2,1,0,0,0,6,384
26403,N,2024,03/07/2024,13,A38,Major,St James Barton,Muller Road,359044,175054,51.47295622,-2.59106487,3.6,2.24,43,26,291,17,76,9,0,1,0,0,0,10,420
26403,S,2024,03/07/2024,7,A38,Major,St James Barton,Muller Road,359044,175054,51.47295622,-2.59106487,3.6,2.24,129,10,297,15,51,4,2,0,1,0,0,7,380
27728,W,2016,05/06/2024,15,A4162,Major,A4,Canford Rd,355000,177040,51.49050384,-2.64954071,2.5,1.55,7,0,208,5,34,1,2,2,0,0,1,6,253
27728,W,2016,05/06/2024,18,A4162,Major,A4,Canford Rd,355000,177040,51.49050384,-2.64954071,2.5,1.55,9,4,207,4,28,6,1,0,0,0,0,7,250
27728,E,2016,05/06/2024,12,A4162,Major,A4,Canford Rd,355000,177040,51.49050384,-2.64954071,2.5,1.55,0,2,132,4,26,2,1,3,0,0,0,6,170
27728,E,2024,05/06/2024,16,A4162,Major,A4,Canford Rd,355000,177040,51.49050384,-2.64954071,2.4,1.49,3,3,183,3,40,2,0,0,0,0,0,2,231
27728,E,2024,05/06/2024,14,A4162,Major,A4,Canford Rd,355000,177040,51.49050384,-2.64954071,2.4,1.49,0,2,166,3,30,1,0,1,0,0,0,2,203
27728,W,2024,05/06/2024,16,A4162,Major,A4,Canford Rd,355000,177040,51.49050384,-2.64954071,2.4,1.49,4,1,245,2,41,2,0,1,0,0,2,5,294
27728,W,2024,05/06/2024,7,A4162,Major,A4,Canford Rd,355000,177040,51.49050384,-2.64954071,2.4,1.49,5,3,181,1,37,1,0,1,0,0,2,4,226
27728,E,2024,05/06/2024,13,A4162,Major,A4,Canford Rd,355000,177040,51.49050384,-2.64954071,2.4,1.49,0,2,138,2,20,1,0,1,0,0,0,2,164
27728,W,2024,05/06/2024,15,A4162,Major,A4,Canford Rd,355000,177040,51.49050384,-2.64954071,2.4,1.49,3,5,192,2,37,2,0,0,0,0,0,2,238
27728,E,2024,05/06/2024,7,A4162,Major,A4,Canford Rd,355000,177040,51.49050384,-2.64954071,2.4,1.49,3,0,156,3,43,4,0,6,1,0,0,11,213
27728,W,2024,05/06/2024,10,A4162,Major,A4,Canford Rd,355000,177040,51.49050384,-2.64954071,2.4,1.49,0,3,137,2,23,6,0,2,1,1,0,10,175
27728,W,2024,05/06/2024,12,A4162,Major,A4,Canford Rd,355000,177040,51.49050384,-2.64954071,2.4,1.49,2,1,168,1,32,3,2,1,0,2,1,9,211
27728,W,2024,05/06/2024,17,A4162,Major,A4,Canford Rd,355000,177040,51.49050384,-2.64954071,2.4,1.49,10,4,228,3,37,0,0,0,0,0,2,2,274
27728,W,2024,05/06/2024,14,A4162,Major,A4,Canford Rd,355000,177040,51.49050384,-2.64954071,2.4,1.49,0,5,200,4,48,3,0,1,0,0,2,6,263
27728,W,2024,05/06/2024,11,A4162,Major,A4,Canford Rd,355000,177040,51.49050384,-2.64954071,2.4,1.49,1,6,192,2,42,1,1,0,0,1,1,4,246
27728,E,2024,05/06/2024,12,A4162,Major,A4,Canford Rd,355000,177040,51.49050384,-2.64954071,2.4,1.49,2,1,144,2,20,1,1,0,0,0,0,2,169
27728,W,2024,05/06/2024,13,A4162,Major,A4,Canford Rd,355000,177040,51.49050384,-2.64954071,2.4,1.49,1,0,169,2,27,1,1,1,0,0,0,3,201
27728,E,2024,05/06/2024,11,A4162,Major,A4,Canford Rd,355000,177040,51.49050384,-2.64954071,2.4,1.49,2,2,129,2,29,2,1,0,0,0,0,3,165
27728,E,2024,05/06/2024,8,A4162,Major,A4,Canford Rd,355000,177040,51.49050384,-2.64954071,2.4,1.49,5,2,194,5,45,4,0,0,1,0,0,5,251
27728,E,2024,05/06/2024,15,A4162,Major,A4,Canford Rd,355000,177040,51.49050384,-2.64954071,2.4,1.49,2,5,181,2,26,1,0,0,0,1,0,2,216
27728,W,2024,05/06/2024,8,A4162,Major,A4,Canford Rd,355000,177040,51.49050384,-2.64954071,2.4,1.49,5,2,268,2,51,1,0,5,0,1,0,7,330
27728,E,2024,05/06/2024,18,A4162,Major,A4,Canford Rd,355000,177040,51.49050384,-2.64954071,2.4,1.49,2,6,176,2,13,0,0,0,0,0,0,0,197
27728,W,2024,05/06/2024,18,A4162,Major,A4,Canford Rd,355000,177040,51.49050384,-2.64954071,2.4,1.49,4,3,196,2,23,0,0,0,0,0,0,0,224
27728,E,2024,05/06/2024,9,A4162,Major,A4,Canford Rd,355000,177040,51.49050384,-2.64954071,2.4,1.49,1,1,155,2,32,4,1,2,0,0,0,7,197
27731,N,2019,28/04/2023,9,A4176,Major,A4,A4018,356987,174495,51.46777686,-2.62061209,2.2,1.37,2,4,540,5,100,6,1,0,0,0,0,7,656
27731,S,2019,28/04/2023,12,A4176,Major,A4,A4018,356987,174495,51.46777686,-2.62061209,2.2,1.37,3,1,442,4,87,8,0,2,0,0,0,10,544
27731,S,2019,28/04/2023,7,A4176,Major,A4,A4018,356987,174495,51.46777686,-2.62061209,2.2,1.37,18,7,573,2,92,2,0,0,0,0,0,2,676
27731,S,2023,28/04/2023,13,A4176,Major,A4,A4018,356987,174495,51.46777686,-2.62061209,2.2,1.37,9,8,543,2,92,3,1,1,0,0,0,5,650
27731,S,2023,28/04/2023,17,A4176,Major,A4,A4018,356987,174495,51.46777686,-2.62061209,2.2,1.37,13,12,593,2,37,1,0,0,1,0,0,2,646
27731,N,2023,28/04/2023,12,A4176,Major,A4,A4018,356987,174495,51.46777686,-2.62061209,2.2,1.37,6,13,506,2,74,10,1,0,0,0,0,11,606
27731,N,2023,28/04/2023,15,A4176,Major,A4,A4018,356987,174495,51.46777686,-2.62061209,2.2,1.37,7,6,626,4,86,1,0,0,0,0,0,1,723
27731,N,2023,28/04/2023,16,A4176,Major,A4,A4018,356987,174495,51.46777686,-2.62061209,2.2,1.37,13,9,696,2,59,5,0,0,0,0,0,5,771
27731,N,2023,28/04/2023,17,A4176,Major,A4,A4018,356987,174495,51.46777686,-2.62061209,2.2,1.37,16,8,680,1,47,2,0,0,0,0,0,2,738
27731,N,2023,28/04/2023,10,A4176,Major,A4,A4018,356987,174495,51.46777686,-2.62061209,2.2,1.37,6,4,427,4,81,2,1,1,0,0,0,4,520
27731,S,2023,28/04/2023,7,A4176,Major,A4,A4018,356987,174495,51.46777686,-2.62061209,2.2,1.37,10,6,428,1,67,5,0,0,0,0,0,5,507
27731,N,2023,28/04/2023,11,A4176,Major,A4,A4018,356987,174495,51.46777686,-2.62061209,2.2,1.37,3,11,491,4,91,7,2,1,0,0,0,10,607
27731,S,2023,28/04/2023,15,A4176,Major,A4,A4018,356987,174495,51.46777686,-2.62061209,2.2,1.37,12,8,660,6,102,5,1,0,0,0,0,6,782
27731,N,2023,28/04/2023,8,A4176,Major,A4,A4018,356987,174495,51.46777686,-2.62061209,2.2,1.37,10,6,639,5,110,5,1,0,0,0,0,6,766
27731,S,2023,28/04/2023,12,A4176,Major,A4,A4018,356987,174495,51.46777686,-2.62061209,2.2,1.37,10,11,501,5,80,5,1,1,0,0,0,7,604
27731,N,2023,28/04/2023,7,A4176,Major,A4,A4018,356987,174495,51.46777686,-2.62061209,2.2,1.37,10,7,544,6,111,0,1,0,0,0,0,1,669
27731,S,2023,28/04/2023,10,A4176,Major,A4,A4018,356987,174495,51.46777686,-2.62061209,2.2,1.37,9,5,434,5,86,8,1,1,1,0,0,11,541
27731,N,2023,28/04/2023,14,A4176,Major,A4,A4018,356987,174495,51.46777686,-2.62061209,2.2,1.37,14,11,563,2,87,3,0,0,0,0,0,3,666
27731,S,2023,28/04/2023,8,A4176,Major,A4,A4018,356987,174495,51.46777686,-2.62061209,2.2,1.37,22,3,540,4,74,3,0,1,0,0,0,4,625
27731,N,2023,28/04/2023,18,A4176,Major,A4,A4018,356987,174495,51.46777686,-2.62061209,2.2,1.37,21,10,523,4,40,1,0,0,0,0,0,1,578
27731,N,2023,28/04/2023,13,A4176,Major,A4,A4018,356987,174495,51.46777686,-2.62061209,2.2,1.37,10,6,568,2,98,6,2,3,0,0,0,11,685
27731,S,2023,28/04/2023,11,A4176,Major,A4,A4018,356987,174495,51.46777686,-2.62061209,2.2,1.37,6,25,481,4,82,2,0,1,0,0,0,3,595
27731,S,2023,28/04/2023,18,A4176,Major,A4,A4018,356987,174495,51.46777686,-2.62061209,2.2,1.37,9,6,608,5,50,1,0,0,0,0,0,1,670
27731,N,2023,28/04/2023,9,A4176,Major,A4,A4018,356987,174495,51.46777686,-2.62061209,2.2,1.37,7,3,438,4,99,3,0,0,0,0,0,3,547
27877,W,2015,27/04/2023,15,A4174,Major,A37,A4,361000,170060,51.42819253,-2.56235105,1.5,0.93,14,13,582,3,99,13,5,1,1,3,5,28,725
27877,E,2015,27/04/2023,12,A4174,Major,A37,A4,361000,170060,51.42819253,-2.56235105,1.5,0.93,2,5,503,3,103,24,7,2,2,2,1,38,652
27877,E,2015,27/04/2023,13,A4174,Major,A37,A4,361000,170060,51.42819253,-2.56235105,1.5,0.93,6,8,472,3,100,17,3,2,4,5,1,32,615
27877,W,2023,27/04/2023,9,A4174,Major,A37,A4,361000,170060,51.42819253,-2.56235105,1.5,0.93,1,7,373,3,125,19,3,6,0,7,4,39,547
27877,E,2023,27/04/2023,7,A4174,Major,A37,A4,361000,170060,51.42819253,-2.56235105,1.5,0.93,4,6,321,1,135,20,2,6,2,2,5,37,500
27877,W,2023,27/04/2023,16,A4174,Major,A37,A4,361000,170060,51.42819253,-2.56235105,1.5,0.93,1,5,527,1,115,5,0,1,0,2,3,11,659
27877,E,2023,27/04/2023,16,A4174,Major,A37,A4,361000,170060,51.42819253,-2.56235105,1.5,0.93,1,10,464,1,86,8,0,0,0,1,4,13,574
27877,E,2023,27/04/2023,15,A4174,Major,A37,A4,361000,170060,51.42819253,-2.56235105,1.5,0.93,1,4,441,4,101,17,0,1,1,2,5,26,576
27877,E,2023,27/04/2023,10,A4174,Major,A37,A4,361000,170060,51.42819253,-2.56235105,1.5,0.93,0,4,505,7,133,17,2,0,1,5,1,26,675
27877,E,2023,27/04/2023,18,A4174,Major,A37,A4,361000,170060,51.42819253,-2.56235105,1.5,0.93,0,2,580,3,65,3,0,0,0,3,6,12,662
27877,W,2023,27/04/2023,8,A4174,Major,A37,A4,361000,170060,51.42819253,-2.56235105,1.5,0.93,2,10,399,7,126,14,2,13,0,4,1,34,576
27877,W,2023,27/04/2023,11,A4174,Major,A37,A4,361000,170060,51.42819253,-2.56235105,1.5,0.93,0,11,431,3,125,19,2,3,1,4,4,33,603
27877,E,2023,27/04/2023,12,A4174,Major,A37,A4,361000,170060,51.42819253,-2.56235105,1.5,0.93,0,5,496,1,100,16,2,5,0,3,9,35,637
27877,E,2023,27/04/2023,14,A4174,Major,A37,A4,361000,170060,51.42819253,-2.56235105,1.5,0.93,0,3,439,2,106,21,1,1,0,3,1,27,577
27877,E,2023,27/04/2023,11,A4174,Major,A37,A4,361000,170060,51.42819253,-2.56235105,1.5,0.93,0,8,483,0,128,32,4,4,0,4,5,49,668
27877,E,2023,27/04/2023,9,A4174,Major,A37,A4,361000,170060,51.42819253,-2.56235105,1.5,0.93,0,9,451,7,116,24,5,8,1,7,8,53,636
27877,W,2023,27/04/2023,12,A4174,Major,A37,A4,361000,170060,51.42819253,-2.56235105,1.5,0.93,2,5,534,3,96,17,3,6,3,2,2,33,671
27877,W,2023,27/04/2023,7,A4174,Major,A37,A4,361000,170060,51.42819253,-2.56235105,1.5,0.93,2,9,416,4,153,21,2,0,0,2,4,29,611
27877,W,2023,27/04/2023,15,A4174,Major,A37,A4,361000,170060,51.42819253,-2.56235105,1.5,0.93,0,4,535,2,106,13,3,4,1,4,1,26,673
27877,W,2023,27/04/2023,17,A4174,Major,A37,A4,361000,170060,51.42819253,-2.56235105,1.5,0.93,1,14,589,2,79,6,0,0,0,3,1,10,694
27877,W,2023,27/04/2023,10,A4174,Major,A37,A4,361000,170060,51.42819253,-2.56235105,1.5,0.93,0,0,431,4,96,15,1,5,1,2,3,27,558
27877,E,2023,27/04/2023,17,A4174,Major,A37,A4,361000,170060,51.42819253,-2.56235105,1.5,0.93,2,4,494,1,74,5,0,0,1,2,3,11,584
27877,E,2023,27/04/2023,8,A4174,Major,A37,A4,361000,170060,51.42819253,-2.56235105,1.5,0.93,3,10,323,3,119,24,4,9,0,2,4,43,498
27877,E,2023,27/04/2023,13,A4174,Major,A37,A4,361000,170060,51.42819253,-2.56235105,1.5,0.93,1,5,478,3,101,15,0,5,2,5,6,33,620
28726,E,2016,30/09/2024,10,A4,Major,A3029,A4 split,357000,172591,51.45065834,-2.62019212,0.4,0.25,8,12,932,39,182,15,11,15,2,1,1,45,1210
28726,E,2016,30/09/2024,15,A4,Major,A3029,A4 split,357000,172591,51.45065834,-2.62019212,0.4,0.25,5,14,967,40,212,10,6,21,1,0,2,40,1273
28726,E,2016,30/09/2024,16,A4,Major,A3029,A4 split,357000,172591,51.45065834,-2.62019212,0.4,0.25,13,20,1050,37,187,1,1,8,1,1,1,13,1307
28726,E,2024,30/09/2024,17,A4,Major,A3029,A4 split,357000,172591,51.45065834,-2.62019212,0.4,0.25,9,28,694,26,76,0,1,0,0,0,0,1,825
28726,E,2024,30/09/2024,9,A4,Major,A3029,A4 split,357000,172591,51.45065834,-2.62019212,0.4,0.25,10,25,807,30,178,13,6,5,2,1,3,30,1070
28726,E,2024,30/09/2024,12,A4,Major,A3029,A4 split,357000,172591,51.45065834,-2.62019212,0.4,0.25,3,20,635,29,129,12,1,5,0,2,2,22,835
28726,E,2024,30/09/2024,8,A4,Major,A3029,A4 split,357000,172591,51.45065834,-2.62019212,0.4,0.25,12,34,1222,37,226,18,2,9,0,0,0,29,1548
28726,E,2024,30/09/2024,7,A4,Major,A3029,A4 split,357000,172591,51.45065834,-2.62019212,0.4,0.25,9,19,891,22,161,17,5,9,1,1,1,34,1127
28726,E,2024,30/09/2024,14,A4,Major,A3029,A4 split,357000,172591,51.45065834,-2.62019212,0.4,0.25,4,22,596,26,128,11,4,5,1,0,2,23,795
28726,E,2024,30/09/2024,10,A4,Major,A3029,A4 split,357000,172591,51.45065834,-2.62019212,0.4,0.25,2,10,608,28,166,17,7,8,0,1,3,36,848
28726,E,2024,30/09/2024,15,A4,Major,A3029,A4 split,357000,172591,51.45065834,-2.62019212,0.4,0.25,1,18,605,30,129,4,3,0,0,0,0,7,789
28726,E,2024,30/09/2024,11,A4,Major,A3029,A4 split,357000,172591,51.45065834,-2.62019212,0.4,0.25,4,15,524,29,136,11,3,10,1,0,1,26,730
28727,W,2016,20/06/2024,9,A4162,Major,Canford Lane,A4018,356855,177521,51.49497345,-2.62288265,0.3,0.19,1,3,158,1,41,4,1,2,0,0,0,7,210
28727,E,2016,20/06/2024,7,A4162,Major,Canford Lane,A4018,356855,177521,51.49497345,-2.62288265,0.3,0.19,11,3,267,3,49,1,0,3,0,0,0,4,326
28727,E,2016,20/06/2024,11,A4162,Major,Canford Lane,A4018,356855,177521,51.49497345,-2.62288265,0.3,0.19,6,1,252,0,38,3,1,2,0,0,0,6,297
28727,W,2024,20/06/2024,14,A4162,Major,Canford Lane,A4018,356855,177521,51.49497345,-2.62288265,0.3,0.19,0,7,221,1,41,1,0,0,0,0,2,3,273
28727,E,2024,20/06/2024,12,A4162,Major,Canford Lane,A4018,356855,177521,51.49497345,-2.62288265,0.3,0.19,1,4,243,0,37,4,1,5,0,0,1,11,295
28727,E,2024,20/06/2024,8,A4162,Major,Canford Lane,A4018,356855,177521,51.49497345,-2.62288265,0.3,0.19,8,2,262,1,36,0,2,1,0,0,0,3,304
28727,E,2024,20/06/2024,18,A4162,Major,Canford Lane,A4018,356855,177521,51.49497345,-2.62288265,0.3,0.19,2,4,186,1,11,0,0,0,0,0,1,1,203
28727,W,2024,20/06/2024,12,A4162,Major,Canford Lane,A4018,356855,177521,51.49497345,-2.62288265,0.3,0.19,1,3,268,0,29,2,1,0,0,0,2,5,305
28727,W,2024,20/06/2024,8,A4162,Major,Canford Lane,A4018,356855,177521,51.49497345,-2.62288265,0.3,0.19,3,2,198,0,34,2,0,0,0,0,1,3,237
28727,E,2024,20/06/2024,7,A4162,Major,Canford Lane,A4018,356855,177521,51.49497345,-2.62288265,0.3,0.19,9,5,202,3,27,3,0,4,0,0,0,7,244
28727,E,2024,20/06/2024,11,A4162,Major,Canford Lane,A4018,356855,177521,51.49497345,-2.62288265,0.3,0.19,1,3,213,0,34,0,1,0,0,0,1,2,252
28727,W,2024,20/06/2024,18,A4162,Major,Canford Lane,A4018,356855,177521,51.49497345,-2.62288265,0.3,0.19,3,8,208,0,10,0,0,0,0,0,1,1,227
28727,E,2024,20/06/2024,14,A4162,Major,Canford Lane,A4018,356855,177521,51.49497345,-2.62288265,0.3,0.19,2,5,228,1,40,3,1,2,0,0,1,7,281
28727,E,2024,20/06/2024,17,A4162,Major,Canford Lane,A4018,356855,177521,51.49497345,-2.62288265,0.3,0.19,0,2,220,0,26,0,0,0,0,0,0,0,248
28727,W,2024,20/06/2024,15,A4162,Major,Canford Lane,A4018,356855,177521,51.49497345,-2.62288265,0.3,0.19,4,4,267,0,42,0,0,0,0,0,1,1,314
28727,E,2024,20/06/2024,15,A4162,Major,Canford Lane,A4018,356855,177521,51.49497345,-2.62288265,0.3,0.19,1,3,262,0,48,0,0,0,0,1,0,1,314
28727,W,2024,20/06/2024,11,A4162,Major,Canford Lane,A4018,356855,177521,51.49497345,-2.62288265,0.3,0.19,1,3,215,0,29,0,3,0,0,0,0,3,250
28727,W,2024,20/06/2024,16,A4162,Major,Canford Lane,A4018,356855,177521,51.49497345,-2.62288265,0.3,0.19,8,6,253,0,30,1,1,0,0,0,2,4,293
28727,W,2024,20/06/2024,13,A4162,Major,Canford Lane,A4018,356855,177521,51.49497345,-2.62288265,0.3,0.19,2,3,198,0,33,1,0,1,0,0,2,4,238
28727,E,2024,20/06/2024,13,A4162,Major,Canford Lane,A4018,356855,177521,51.49497345,-2.62288265,0.3,0.19,3,8,255,0,43,3,0,4,0,0,0,7,313
28727,E,2024,20/06/2024,10,A4162,Major,Canford Lane,A4018,356855,177521,51.49497345,-2.62288265,0.3,0.19,0,4,235,0,36,2,1,1,0,0,0,4,279
28727,W,2024,20/06/2024,10,A4162,Major,Canford Lane,A4018,356855,177521,51.49497345,-2.62288265,0.3,0.19,1,6,186,0,34,1,2,1,0,0,1,5,231
28727,W,2024,20/06/2024,7,A4162,Major,Canford Lane,A4018,356855,177521,51.49497345,-2.62288265,0.3,0.19,3,4,134,0,40,0,1,0,1,0,1,3,181
28727,W,2024,20/06/2024,17,A4162,Major,Canford Lane,A4018,356855,177521,51.49497345,-2.62288265,0.3,0.19,10,6,273,1,20,0,0,0,0,0,1,1,301
36132,E,2021,26/04/2023,7,A4,Major,Emery Rd,LA Boundary,362899,170086,51.42855391,-2.53504059,1.1,0.68,3,18,816,10,287,27,6,4,0,1,4,42,1173
36132,E,2021,26/04/2023,11,A4,Major,Emery Rd,LA Boundary,362899,170086,51.42855391,-2.53504059,1.1,0.68,2,13,781,9,226,13,12,6,0,7,0,38,1067
36132,E,2021,26/04/2023,10,A4,Major,Emery Rd,LA Boundary,362899,170086,51.42855391,-2.53504059,1.1,0.68,3,12,721,4,203,15,9,8,1,7,1,41,981
36132,W,2023,26/04/2023,15,A4,Major,Emery Rd,LA Boundary,362899,170086,51.42855391,-2.53504059,1.1,0.68,9,20,870,14,262,26,3,5,0,5,0,39,1205
36132,E,2023,26/04/2023,8,A4,Major,Emery Rd,LA Boundary,362899,170086,51.42855391,-2.53504059,1.1,0.68,12,28,786,12,285,28,1,10,0,5,0,44,1155
36132,W,2023,26/04/2023,12,A4,Major,Emery Rd,LA Boundary,362899,170086,51.42855391,-2.53504059,1.1,0.68,8,9,863,12,226,36,6,7,0,4,3,56,1166
36132,W,2023,26/04/2023,8,A4,Major,Emery Rd,LA Boundary,362899,170086,51.42855391,-2.53504059,1.1,0.68,29,29,896,15,166,26,5,6,0,4,0,41,1147
36132,E,2023,26/04/2023,18,A4,Major,Emery Rd,LA Boundary,362899,170086,51.42855391,-2.53504059,1.1,0.68,13,25,1302,13,119,11,1,3,0,2,0,17,1476
36132,E,2023,26/04/2023,15,A4,Major,Emery Rd,LA Boundary,362899,170086,51.42855391,-2.53504059,1.1,0.68,3,12,1044,10,222,43,3,2,0,2,0,50,1338
36132,E,2023,26/04/2023,9,A4,Major,Emery Rd,LA Boundary,362899,170086,51.42855391,-2.53504059,1.1,0.68,2,8,647,8,214,27,5,9,1,8,0,50,927
36132,E,2023,26/04/2023,14,A4,Major,Emery Rd,LA Boundary,362899,170086,51.42855391,-2.53504059,1.1,0.68,9,13,950,11,233,40,2,10,1,0,0,53,1260
36132,W,2023,26/04/2023,10,A4,Major,Emery Rd,LA Boundary,362899,170086,51.42855391,-2.53504059,1.1,0.68,4,17,935,10,215,43,8,5,1,9,0,66,1243
36132,E,2023,26/04/2023,10,A4,Major,Emery Rd,LA Boundary,362899,170086,51.42855391,-2.53504059,1.1,0.68,2,14,767,16,225,44,2,11,0,4,0,61,1083
36132,W,2023,26/04/2023,11,A4,Major,Emery Rd,LA Boundary,362899,170086,51.42855391,-2.53504059,1.1,0.68,1,11,785,16,195,40,11,8,0,6,2,67,1074
36132,W,2023,26/04/2023,14,A4,Major,Emery Rd,LA Boundary,362899,170086,51.42855391,-2.53504059,1.1,0.68,7,18,872,13,218,39,3,5,1,0,0,48,1169
36132,E,2023,26/04/2023,13,A4,Major,Emery Rd,LA Boundary,362899,170086,51.42855391,-2.53504059,1.1,0.68,8,14,859,14,225,23,4,11,0,7,1,46,1158
36132,E,2023,26/04/2023,7,A4,Major,Emery Rd,LA Boundary,362899,170086,51.42855391,-2.53504059,1.1,0.68,14,23,891,9,314,19,1,11,0,6,0,37,1274
36132,E,2023,26/04/2023,11,A4,Major,Emery Rd,LA Boundary,362899,170086,51.42855391,-2.53504059,1.1,0.68,3,17,832,12,215,37,5,16,0,9,0,67,1143
36132,W,2023,26/04/2023,16,A4,Major,Emery Rd,LA Boundary,362899,170086,51.42855391,-2.53504059,1.1,0.68,8,13,982,10,271,25,1,1,0,2,0,29,1305
36132,W,2023,26/04/2023,17,A4,Major,Emery Rd,LA Boundary,362899,170086,51.42855391,-2.53504059,1.1,0.68,15,26,1107,13,165,9,1,2,0,2,0,14,1325
36132,W,2023,26/04/2023,9,A4,Major,Emery Rd,LA Boundary,362899,170086,51.42855391,-2.53504059,1.1,0.68,13,15,687,15,190,28,4,5,0,12,1,50,957
36132,W,2023,26/04/2023,7,A4,Major,Emery Rd,LA Boundary,362899,170086,51.42855391,-2.53504059,1.1,0.68,26,28,983,6,257,23,2,7,0,3,0,35,1309
36132,E,2023,26/04/2023,17,A4,Major,Emery Rd,LA Boundary,362899,170086,51.42855391,-2.53504059,1.1,0.68,19,39,1451,9,192,15,0,0,0,2,0,17,1708
36132,W,2023,26/04/2023,18,A4,Major,Emery Rd,LA Boundary,362899,170086,51.42855391,-2.53504059,1.1,0.68,9,22,1032,11,143,2,0,2,0,0,0,4,1212
36409,S,2022,21/06/2024,12,A4044,Major,A420,A4032,359459,173341,51.4575841,-2.58489278,0.8,0.5,26,31,767,3,247,27,1,2,0,17,0,47,1095
36409,S,2022,21/06/2024,11,A4044,Major,A420,A4032,359459,173341,51.4575841,-2.58489278,0.8,0.5,19,11,788,4,251,37,5,0,0,21,0,63,1117
36409,S,2022,21/06/2024,14,A4044,Major,A420,A4032,359459,173341,51.4575841,-2.58489278,0.8,0.5,50,26,910,5,245,23,1,2,0,23,0,49,1235
36409,N,2024,21/06/2024,10,A4044,Major,A420,A4032,359459,173341,51.4575841,-2.58489278,0.8,0.5,29,34,1057,52,289,37,5,5,3,10,7,67,1499
36409,N,2024,21/06/2024,11,A4044,Major,A420,A4032,359459,173341,51.4575841,-2.58489278,0.8,0.5,45,47,1093,43,317,22,3,2,2,7,5,41,1541
36409,S,2024,21/06/2024,17,A4044,Major,A420,A4032,359459,173341,51.4575841,-2.58489278,0.8,0.5,88,28,1230,4,96,2,0,0,0,3,3,8,1366
36409,N,2024,21/06/2024,9,A4044,Major,A420,A4032,359459,173341,51.4575841,-2.58489278,0.8,0.5,35,29,1049,54,292,39,3,5,1,5,8,61,1485
36409,S,2024,21/06/2024,14,A4044,Major,A420,A4032,359459,173341,51.4575841,-2.58489278,0.8,0.5,60,20,1055,7,204,17,4,7,3,9,7,47,1333
36409,S,2024,21/06/2024,13,A4044,Major,A420,A4032,359459,173341,51.4575841,-2.58489278,0.8,0.5,58,21,1062,2,238,17,1,4,3,6,11,42,1365
36409,S,2024,21/06/2024,11,A4044,Major,A420,A4032,359459,173341,51.4575841,-2.58489278,0.8,0.5,49,16,847,4,202,13,7,3,1,6,15,45,1114
36409,N,2024,21/06/2024,15,A4044,Major,A420,A4032,359459,173341,51.4575841,-2.58489278,0.8,0.5,84,56,1451,48,249,11,0,2,2,1,2,18,1822
36409,S,2024,21/06/2024,9,A4044,Major,A420,A4032,359459,173341,51.4575841,-2.58489278,0.8,0.5,101,15,846,9,238,25,4,2,2,11,13,57,1165
36409,N,2024,21/06/2024,12,A4044,Major,A420,A4032,359459,173341,51.4575841,-2.58489278,0.8,0.5,67,56,1194,42,282,28,3,2,0,6,5,44,1618
36409,S,2024,21/06/2024,8,A4044,Major,A420,A4032,359459,173341,51.4575841,-2.58489278,0.8,0.5,134,34,944,5,222,28,5,5,1,7,13,59,1264
36409,S,2024,21/06/2024,7,A4044,Major,A420,A4032,359459,173341,51.4575841,-2.58489278,0.8,0.5,68,22,973,3,275,33,6,5,0,6,10,60,1333
36409,N,2024,21/06/2024,7,A4044,Major,A420,A4032,359459,173341,51.4575841,-2.58489278,0.8,0.5,34,24,1135,56,309,25,8,1,0,8,7,49,1573
36409,N,2024,21/06/2024,14,A4044,Major,A420,A4032,359459,173341,51.4575841,-2.58489278,0.8,0.5,83,54,1309,51,280,16,1,2,0,2,9,30,1724
36409,N,2024,21/06/2024,16,A4044,Major,A420,A4032,359459,173341,51.4575841,-2.58489278,0.8,0.5,126,46,1647,42,206,7,0,1,1,5,2,16,1957
36409,N,2024,21/06/2024,13,A4044,Major,A420,A4032,359459,173341,51.4575841,-2.58489278,0.8,0.5,69,59,1179,55,258,24,1,6,2,7,6,46,1597
36409,S,2024,21/06/2024,10,A4044,Major,A420,A4032,359459,173341,51.4575841,-2.58489278,0.8,0.5,47,15,780,5,224,35,6,4,26,3,6,80,1104
36409,N,2024,21/06/2024,17,A4044,Major,A420,A4032,359459,173341,51.4575841,-2.58489278,0.8,0.5,155,85,1676,46,123,8,0,1,1,3,4,17,1947
36409,S,2024,21/06/2024,16,A4044,Major,A420,A4032,359459,173341,51.4575841,-2.58489278,0.8,0.5,77,32,1155,4,157,7,0,0,0,3,2,12,1360
36409,S,2024,21/06/2024,18,A4044,Major,A420,A4032,359459,173341,51.4575841,-2.58489278,0.8,0.5,57,33,1191,5,83,1,1,0,0,5,1,8,1320
36409,N,2024,21/06/2024,8,A4044,Major,A420,A4032,359459,173341,51.4575841,-2.58489278,0.8,0.5,44,30,1179,62,285,25,6,2,3,6,10,52,1608
38142,W,2021,14/07/2023,8,A38,Major,Bedminster Down Rd,A4174,357758,170488,51.43180794,-2.60903422,0.5,0.31,6,7,1066,14,308,22,4,5,0,4,2,37,1432
38142,W,2021,14/07/2023,15,A38,Major,Bedminster Down Rd,A4174,357758,170488,51.43180794,-2.60903422,0.5,0.31,4,22,1312,12,303,17,4,8,0,3,1,33,1682
38142,W,2021,14/07/2023,14,A38,Major,Bedminster Down Rd,A4174,357758,170488,51.43180794,-2.60903422,0.5,0.31,1,27,1339,16,293,9,2,10,1,5,6,33,1708
38142,W,2023,14/07/2023,7,A38,Major,Bedminster Down Rd,A4174,357758,170488,51.43180794,-2.60903422,0.5,0.31,1,18,910,12,316,22,7,5,1,1,0,36,1292
38142,W,2023,14/07/2023,10,A38,Major,Bedminster Down Rd,A4174,357758,170488,51.43180794,-2.60903422,0.5,0.31,0,15,946,12,270,18,5,3,1,1,1,29,1272
38142,W,2023,14/07/2023,17,A38,Major,Bedminster Down Rd,A4174,357758,170488,51.43180794,-2.60903422,0.5,0.31,4,35,1509,10,212,4,1,0,0,3,1,9,1775
38142,W,2023,14/07/2023,12,A38,Major,Bedminster Down Rd,A4174,357758,170488,51.43180794,-2.60903422,0.5,0.31,0,23,1143,8,281,15,3,4,1,3,2,28,1483
38142,W,2023,14/07/2023,14,A38,Major,Bedminster Down Rd,A4174,357758,170488,51.43180794,-2.60903422,0.5,0.31,0,22,1309,11,318,21,4,6,0,3,2,36,1696
38142,W,2023,14/07/2023,8,A38,Major,Bedminster Down Rd,A4174,357758,170488,51.43180794,-2.60903422,0.5,0.31,5,11,1049,13,320,26,2,4,2,3,4,41,1434
38142,W,2023,14/07/2023,13,A38,Major,Bedminster Down Rd,A4174,357758,170488,51.43180794,-2.60903422,0.5,0.31,2,25,1186,11,277,23,2,3,1,1,3,33,1532
38142,W,2023,14/07/2023,16,A38,Major,Bedminster Down Rd,A4174,357758,170488,51.43180794,-2.60903422,0.5,0.31,2,20,1438,9,299,10,0,2,0,2,0,14,1780
38142,W,2023,14/07/2023,15,A38,Major,Bedminster Down Rd,A4174,357758,170488,51.43180794,-2.60903422,0.5,0.31,0,27,1319,9,299,12,3,3,0,0,1,19,1673
48123,S,2022,20/05/2024,14,A4320,Major,A432,A4032/M32,360413,174003,51.46360421,-2.57123666,0.6,0.37,3,16,1017,5,330,56,8,6,3,5,13,91,1459
48123,S,2022,20/05/2024,11,A4320,Major,A432,A4032/M32,360413,174003,51.46360421,-2.57123666,0.6,0.37,4,8,854,1,293,52,7,9,1,10,16,95,1251
48123,N,2022,20/05/2024,9,A4320,Major,A432,A4032/M32,360413,174003,51.46360421,-2.57123666,0.6,0.37,8,10,931,4,342,37,6,8,2,16,7,76,1363
48123,S,2024,20/05/2024,11,A4320,Major,A432,A4032/M32,360413,174003,51.46360421,-2.57123666,0.6,0.37,2,21,751,3,310,22,1,8,6,1,12,50,1135
48123,S,2024,20/05/2024,15,A4320,Major,A432,A4032/M32,360413,174003,51.46360421,-2.57123666,0.6,0.37,7,17,1133,4,374,28,1,3,7,0,11,50,1578
48123,S,2024,20/05/2024,12,A4320,Major,A432,A4032/M32,360413,174003,51.46360421,-2.57123666,0.6,0.37,2,22,931,1,336,32,1,5,6,4,13,61,1351
48123,N,2024,20/05/2024,16,A4320,Major,A432,A4032/M32,360413,174003,51.46360421,-2.57123666,0.6,0.37,7,34,1264,2,253,10,0,0,0,1,6,17,1570
48123,S,2024,20/05/2024,13,A4320,Major,A432,A4032/M32,360413,174003,51.46360421,-2.57123666,0.6,0.37,1,15,956,1,339,37,1,8,7,0,12,65,1376
48123,N,2024,20/05/2024,7,A4320,Major,A432,A4032/M32,360413,174003,51.46360421,-2.57123666,0.6,0.37,8,15,1110,24,463,46,5,5,1,1,6,64,1676
48123,N,2024,20/05/2024,10,A4320,Major,A432,A4032/M32,360413,174003,51.46360421,-2.57123666,0.6,0.37,0,9,696,4,307,29,3,7,5,4,17,65,1081
48123,N,2024,20/05/2024,8,A4320,Major,A432,A4032/M32,360413,174003,51.46360421,-2.57123666,0.6,0.37,4,6,923,2,404,45,7,6,7,4,6,75,1410
48123,S,2024,20/05/2024,14,A4320,Major,A432,A4032/M32,360413,174003,51.46360421,-2.57123666,0.6,0.37,4,27,1121,4,330,29,2,3,3,1,14,52,1534
48123,N,2024,20/05/2024,18,A4320,Major,A432,A4032/M32,360413,174003,51.46360421,-2.57123666,0.6,0.37,7,20,901,2,106,5,1,0,0,1,7,14,1043
48123,S,2024,20/05/2024,9,A4320,Major,A432,A4032/M32,360413,174003,51.46360421,-2.57123666,0.6,0.37,7,14,1080,10,347,42,2,15,13,2,17,91,1542
48123,N,2024,20/05/2024,15,A4320,Major,A432,A4032/M32,360413,174003,51.46360421,-2.57123666,0.6,0.37,2,14,960,6,246,14,1,10,2,3,13,43,1269
48123,S,2024,20/05/2024,18,A4320,Major,A432,A4032/M32,360413,174003,51.46360421,-2.57123666,0.6,0.37,5,26,1161,16,154,2,1,0,1,0,3,7,1364
48123,N,2024,20/05/2024,11,A4320,Major,A432,A4032/M32,360413,174003,51.46360421,-2.57123666,0.6,0.37,3,10,669,2,259,25,4,7,6,2,12,56,996
48123,S,2024,20/05/2024,7,A4320,Major,A432,A4032/M32,360413,174003,51.46360421,-2.57123666,0.6,0.37,6,9,1240,0,338,22,0,7,3,1,10,43,1630
48123,N,2024,20/05/2024,14,A4320,Major,A432,A4032/M32,360413,174003,51.46360421,-2.57123666,0.6,0.37,3,15,881,1,272,23,0,4,8,1,14,50,1219
48123,S,2024,20/05/2024,17,A4320,Major,A432,A4032/M32,360413,174003,51.46360421,-2.57123666,0.6,0.37,11,38,1401,6,240,9,0,0,1,0,4,14,1699
48123,S,2024,20/05/2024,10,A4320,Major,A432,A4032/M32,360413,174003,51.46360421,-2.57123666,0.6,0.37,4,12,806,12,323,35,5,8,13,3,13,77,1230
48123,S,2024,20/05/2024,16,A4320,Major,A432,A4032/M32,360413,174003,51.46360421,-2.57123666,0.6,0.37,10,27,1270,1,376,11,0,2,4,2,5,24,1698
48123,N,2024,20/05/2024,9,A4320,Major,A432,A4032/M32,360413,174003,51.46360421,-2.57123666,0.6,0.37,2,15,849,7,319,21,2,12,5,1,19,60,1250
48123,S,2024,20/05/2024,8,A4320,Major,A432,A4032/M32,360413,174003,51.46360421,-2.57123666,0.6,0.37,8,20,1160,3,340,29,0,7,11,1,22,70,1593
56033,W,2022,20/04/2023,10,M32,Major,A4320,2,360515,174499,51.46807102,-2.56982393,1.3,0.81,0,19,1404,25,514,72,12,23,4,22,13,146,2108
56033,W,2022,20/04/2023,8,M32,Major,A4320,2,360515,174499,51.46807102,-2.56982393,1.3,0.81,0,30,2055,33,624,47,9,21,3,21,20,121,2863
56033,E,2022,20/04/2023,9,M32,Major,A4320,2,360515,174499,51.46807102,-2.56982393,1.3,0.81,0,11,1353,32,528,52,10,17,6,20,16,121,2045
56033,W,2023,20/04/2023,17,M32,Major,A4320,2,360515,174499,51.46807102,-2.56982393,1.3,0.81,0,31,2698,33,335,30,0,5,2,3,14,54,3151
56033,W,2023,20/04/2023,9,M32,Major,A4320,2,360515,174499,51.46807102,-2.56982393,1.3,0.81,0,26,2228,31,513,74,11,24,4,7,22,142,2940
56033,W,2023,20/04/2023,8,M32,Major,A4320,2,360515,174499,51.46807102,-2.56982393,1.3,0.81,0,56,2729,31,486,79,12,9,5,6,29,140,3442
56033,W,2023,20/04/2023,18,M32,Major,A4320,2,360515,174499,51.46807102,-2.56982393,1.3,0.81,0,44,2654,39,215,16,0,1,0,3,11,31,2983
56033,E,2023,20/04/2023,16,M32,Major,A4320,2,360515,174499,51.46807102,-2.56982393,1.3,0.81,0,46,3093,39,544,30,1,0,3,7,21,62,3784
56033,E,2023,20/04/2023,18,M32,Major,A4320,2,360515,174499,51.46807102,-2.56982393,1.3,0.81,0,56,2658,26,195,19,0,1,4,9,16,49,2984
56033,E,2023,20/04/2023,10,M32,Major,A4320,2,360515,174499,51.46807102,-2.56982393,1.3,0.81,0,12,1451,31,434,66,7,26,4,7,29,139,2067
56033,E,2023,20/04/2023,12,M32,Major,A4320,2,360515,174499,51.46807102,-2.56982393,1.3,0.81,0,17,1665,23,395,74,8,22,2,11,26,143,2243
56033,E,2023,20/04/2023,9,M32,Major,A4320,2,360515,174499,51.46807102,-2.56982393,1.3,0.81,0,10,1587,26,446,87,16,29,4,5,34,175,2244
56033,W,2023,20/04/2023,12,M32,Major,A4320,2,360515,174499,51.46807102,-2.56982393,1.3,0.81,0,26,1650,24,393,85,5,29,5,9,32,165,2258
56033,E,2023,20/04/2023,17,M32,Major,A4320,2,360515,174499,51.46807102,-2.56982393,1.3,0.81,0,55,3169,22,332,21,1,1,1,2,14,40,3618
56033,W,2023,20/04/2023,14,M32,Major,A4320,2,360515,174499,51.46807102,-2.56982393,1.3,0.81,0,22,1782,29,410,69,8,34,1,4,23,139,2382
56033,W,2023,20/04/2023,7,M32,Major,A4320,2,360515,174499,51.46807102,-2.56982393,1.3,0.81,0,32,2876,26,661,78,8,19,5,7,40,157,3752
56033,E,2023,20/04/2023,15,M32,Major,A4320,2,360515,174499,51.46807102,-2.56982393,1.3,0.81,0,38,2492,25,610,51,3,15,4,11,20,104,3269
56033,E,2023,20/04/2023,8,M32,Major,A4320,2,360515,174499,51.46807102,-2.56982393,1.3,0.81,0,17,2323,29,469,71,12,23,1,6,28,141,2979
56033,W,2023,20/04/2023,10,M32,Major,A4320,2,360515,174499,51.46807102,-2.56982393,1.3,0.81,0,20,1646,29,425,79,7,19,4,15,28,152,2272
56033,E,2023,20/04/2023,11,M32,Major,A4320,2,360515,174499,51.46807102,-2.56982393,1.3,0.81,0,13,1481,27,429,75,12,28,2,4,17,138,2088
56033,W,2023,20/04/2023,13,M32,Major,A4320,2,360515,174499,51.46807102,-2.56982393,1.3,0.81,0,29,1668,33,371,74,13,38,5,9,27,166,2267
56033,W,2023,20/04/2023,11,M32,Major,A4320,2,360515,174499,51.46807102,-2.56982393,1.3,0.81,0,14,1492,27,417,66,9,24,1,10,32,142,2092
56033,E,2023,20/04/2023,14,M32,Major,A4320,2,360515,174499,51.46807102,-2.56982393,1.3,0.81,0,28,2050,38,499,77,2,28,1,6,16,130,2745
56033,W,2023,20/04/2023,16,M32,Major,A4320,2,360515,174499,51.46807102,-2.56982393,1.3,0.81,0,28,2443,28,451,31,2,6,3,2,12,56,3006
56135,E,2021,27/03/2023,7,A4,Major,Merchants Rd,A38/A4108,358000,172567,51.45051792,-2.60579894,1.6,0.99,15,5,223,16,72,6,4,3,0,2,0,15,331
56135,E,2021,27/03/2023,16,A4,Major,Merchants Rd,A38/A4108,358000,172567,51.45051792,-2.60579894,1.6,0.99,29,17,467,18,76,4,4,3,0,5,2,18,596
56135,W,2021,27/03/2023,8,A4,Major,Merchants Rd,A38/A4108,358000,172567,51.45051792,-2.60579894,1.6,0.99,16,5,339,23,104,19,15,7,1,3,2,47,518
56135,W,2023,27/03/2023,8,A4,Major,Merchants Rd,A38/A4108,358000,172567,51.45051792,-2.60579894,1.6,0.99,22,9,342,13,79,13,2,9,1,3,0,28,471
56135,E,2023,27/03/2023,14,A4,Major,Merchants Rd,A38/A4108,358000,172567,51.45051792,-2.60579894,1.6,0.99,12,13,287,19,72,6,1,4,0,1,2,14,405
56135,W,2023,27/03/2023,16,A4,Major,Merchants Rd,A38/A4108,358000,172567,51.45051792,-2.60579894,1.6,0.99,45,20,462,15,70,2,1,3,0,0,1,7,574
56135,E,2023,27/03/2023,16,A4,Major,Merchants Rd,A38/A4108,358000,172567,51.45051792,-2.60579894,1.6,0.99,15,12,331,14,42,1,0,1,1,0,0,3,402
56135,E,2023,27/03/2023,9,A4,Major,Merchants Rd,A38/A4108,358000,172567,51.45051792,-2.60579894,1.6,0.99,34,13,351,19,81,13,1,7,1,1,2,25,489
56135,E,2023,27/03/2023,17,A4,Major,Merchants Rd,A38/A4108,358000,172567,51.45051792,-2.60579894,1.6,0.99,33,14,384,18,48,1,0,1,0,1,0,3,467
56135,W,2023,27/03/2023,15,A4,Major,Merchants Rd,A38/A4108,358000,172567,51.45051792,-2.60579894,1.6,0.99,24,7,339,18,86,9,1,7,1,0,0,18,468
56135,E,2023,27/03/2023,18,A4,Major,Merchants Rd,A38/A4108,358000,172567,51.45051792,-2.60579894,1.6,0.99,19,16,316,13,23,1,0,0,0,1,0,2,370
56135,W,2023,27/03/2023,9,A4,Major,Merchants Rd,A38/A4108,358000,172567,51.45051792,-2.60579894,1.6,0.99,18,8,238,22,71,7,2,6,0,1,1,17,356
56135,E,2023,27/03/2023,10,A4,Major,Merchants Rd,A38/A4108,358000,172567,51.45051792,-2.60579894,1.6,0.99,10,3,272,21,68,12,1,3,2,1,1,20,384
56135,W,2023,27/03/2023,14,A4,Major,Merchants Rd,A38/A4108,358000,172567,51.45051792,-2.60579894,1.6,0.99,16,8,303,23,76,10,1,14,1,0,2,28,438
56135,W,2023,27/03/2023,11,A4,Major,Merchants Rd,A38/A4108,358000,172567,51.45051792,-2.60579894,1.6,0.99,18,8,218,17,67,7,3,12,0,0,3,25,335
56135,W,2023,27/03/2023,18,A4,Major,Merchants Rd,A38/A4108,358000,172567,51.45051792,-2.60579894,1.6,0.99,68,23,377,22,31,1,0,0,0,2,1,4,457
56135,E,2023,27/03/2023,15,A4,Major,Merchants Rd,A38/A4108,358000,172567,51.45051792,-2.60579894,1.6,0.99,23,9,301,19,58,1,0,5,0,2,0,8,395
56135,W,2023,27/03/2023,12,A4,Major,Merchants Rd,A38/A4108,358000,172567,51.45051792,-2.60579894,1.6,0.99,21,12,237,17,67,8,1,5,0,1,0,15,348
56135,E,2023,27/03/2023,11,A4,Major,Merchants Rd,A38/A4108,358000,172567,51.45051792,-2.60579894,1.6,0.99,14,7,261,27,69,6,1,10,1,4,5,27,391
56135,E,2023,27/03/2023,12,A4,Major,Merchants Rd,A38/A4108,358000,172567,51.45051792,-2.60579894,1.6,0.99,14,7,267,18,70,7,2,5,0,2,1,17,379
56135,E,2023,27/03/2023,13,A4,Major,Merchants Rd,A38/A4108,358000,172567,51.45051792,-2.60579894,1.6,0.99,18,5,287,17,65,7,0,7,0,2,2,18,392
56135,W,2023,27/03/2023,10,A4,Major,Merchants Rd,A38/A4108,358000,172567,51.45051792,-2.60579894,1.6,0.99,21,6,212,19,65,13,3,13,1,2,2,34,336
56135,W,2023,27/03/2023,7,A4,Major,Merchants Rd,A38/A4108,358000,172567,51.45051792,-2.60579894,1.6,0.99,16,6,275,12,77,9,2,2,1,0,1,15,385
56135,W,2023,27/03/2023,13,A4,Major,Merchants Rd,A38/A4108,358000,172567,51.45051792,-2.60579894,1.6,0.99,27,11,276,21,71,12,0,15,0,1,3,31,410
56400,E,2022,08/05/2024,7,A4044,Major,A4032,A38,359200,173540,51.45935468,-2.58864333,0.5,0.31,20,13,1264,28,212,28,6,11,4,1,7,57,1574
56400,W,2022,08/05/2024,16,A4044,Major,A4032,A38,359200,173540,51.45935468,-2.58864333,0.5,0.31,20,65,1199,85,152,10,0,3,0,1,1,15,1516
56400,E,2022,08/05/2024,8,A4044,Major,A4032,A38,359200,173540,51.45935468,-2.58864333,0.5,0.31,26,34,1514,34,193,17,6,8,0,1,2,34,1809
56400,W,2024,08/05/2024,18,A4044,Major,A4032,A38,359200,173540,51.45935468,-2.58864333,0.5,0.31,46,76,1351,81,85,1,0,0,1,1,1,4,1597
56400,W,2024,08/05/2024,11,A4044,Major,A4032,A38,359200,173540,51.45935468,-2.58864333,0.5,0.31,13,55,895,79,230,24,2,3,1,3,1,34,1293
56400,E,2024,08/05/2024,13,A4044,Major,A4032,A38,359200,173540,51.45935468,-2.58864333,0.5,0.31,29,61,916,32,221,31,5,6,1,0,6,49,1279
56400,W,2024,08/05/2024,17,A4044,Major,A4032,A38,359200,173540,51.45935468,-2.58864333,0.5,0.31,66,53,1344,80,111,3,0,0,0,1,1,5,1593
56400,W,2024,08/05/2024,14,A4044,Major,A4032,A38,359200,173540,51.45935468,-2.58864333,0.5,0.31,14,57,1031,80,212,12,1,7,3,2,2,27,1407
56400,W,2024,08/05/2024,7,A4044,Major,A4032,A38,359200,173540,51.45935468,-2.58864333,0.5,0.31,72,41,1211,79,278,15,4,5,2,0,0,26,1635
56400,E,2024,08/05/2024,8,A4044,Major,A4032,A38,359200,173540,51.45935468,-2.58864333,0.5,0.31,17,22,944,28,124,7,2,3,1,0,3,16,1134
56400,E,2024,08/05/2024,14,A4044,Major,A4032,A38,359200,173540,51.45935468,-2.58864333,0.5,0.31,24,55,1042,33,245,27,5,6,1,3,4,46,1421
56400,W,2024,08/05/2024,16,A4044,Major,A4032,A38,359200,173540,51.45935468,-2.58864333,0.5,0.31,41,55,1213,76,185,9,0,6,3,0,1,19,1548
56400,E,2024,08/05/2024,17,A4044,Major,A4032,A38,359200,173540,51.45935468,-2.58864333,0.5,0.31,92,56,1320,27,155,6,0,2,0,0,0,8,1566
56400,E,2024,08/05/2024,18,A4044,Major,A4032,A38,359200,173540,51.45935468,-2.58864333,0.5,0.31,54,58,1207,32,109,2,0,0,1,1,1,5,1411
56400,E,2024,08/05/2024,12,A4044,Major,A4032,A38,359200,173540,51.45935468,-2.58864333,0.5,0.31,15,49,885,34,245,21,4,9,0,0,6,40,1253
56400,E,2024,08/05/2024,7,A4044,Major,A4032,A38,359200,173540,51.45935468,-2.58864333,0.5,0.31,12,16,1099,32,193,16,6,15,3,2,5,47,1387
56400,E,2024,08/05/2024,11,A4044,Major,A4032,A38,359200,173540,51.45935468,-2.58864333,0.5,0.31,18,34,834,33,241,21,4,8,3,1,7,44,1186
56400,W,2024,08/05/2024,10,A4044,Major,A4032,A38,359200,173540,51.45935468,-2.58864333,0.5,0.31,15,43,923,82,247,23,3,6,1,6,3,42,1337
56400,W,2024,08/05/2024,12,A4044,Major,A4032,A38,359200,173540,51.45935468,-2.58864333,0.5,0.31,30,51,983,84,204,13,8,4,5,3,0,33,1355
56400,E,2024,08/05/2024,16,A4044,Major,A4032,A38,359200,173540,51.45935468,-2.58864333,0.5,0.31,69,69,1399,33,238,6,3,1,0,0,0,10,1749
56400,E,2024,08/05/2024,9,A4044,Major,A4032,A38,359200,173540,51.45935468,-2.58864333,0.5,0.31,11,24,889,35,199,10,3,8,0,0,3,24,1171
56400,W,2024,08/05/2024,13,A4044,Major,A4032,A38,359200,173540,51.45935468,-2.58864333,0.5,0.31,25,60,1000,78,188,22,3,10,4,1,3,43,1369
56400,E,2024,08/05/2024,15,A4044,Major,A4032,A38,359200,173540,51.45935468,-2.58864333,0.5,0.31,29,53,1221,31,281,15,6,2,0,0,0,23,1609
56400,W,2024,08/05/2024,15,A4044,Major,A4032,A38,359200,173540,51.45935468,-2.58864333,0.5,0.31,24,47,1140,75,196,9,2,6,1,1,1,20,1478
57291,N,2022,21/06/2024,14,A4032,Major,A4044,M32,359900,173930,51.46291159,-2.57861265,0.7,0.43,0,15,1332,25,262,19,1,7,5,21,9,62,1696
57291,N,2022,21/06/2024,13,A4032,Major,A4044,M32,359900,173930,51.46291159,-2.57861265,0.7,0.43,0,18,1390,28,272,21,2,11,3,25,9,71,1779
57291,S,2022,21/06/2024,18,A4032,Major,A4044,M32,359900,173930,51.46291159,-2.57861265,0.7,0.43,0,53,1794,38,152,9,0,0,1,9,2,21,2058
57291,S,2024,21/06/2024,17,A4032,Major,A4044,M32,359900,173930,51.46291159,-2.57861265,0.7,0.43,0,67,1920,32,146,8,0,1,1,4,4,18,2183
57291,S,2024,21/06/2024,13,A4032,Major,A4044,M32,359900,173930,51.46291159,-2.57861265,0.7,0.43,0,52,1292,35,258,20,5,9,0,4,9,47,1684
57291,N,2024,21/06/2024,16,A4032,Major,A4044,M32,359900,173930,51.46291159,-2.57861265,0.7,0.43,0,29,1502,45,172,10,0,5,1,3,2,21,1769
57291,N,2024,21/06/2024,8,A4032,Major,A4044,M32,359900,173930,51.46291159,-2.57861265,0.7,0.43,0,40,1381,34,286,21,4,9,2,7,18,61,1802
57291,N,2024,21/06/2024,15,A4032,Major,A4044,M32,359900,173930,51.46291159,-2.57861265,0.7,0.43,0,31,1405,34,206,26,4,10,1,7,12,60,1736
57291,N,2024,21/06/2024,12,A4032,Major,A4044,M32,359900,173930,51.46291159,-2.57861265,0.7,0.43,0,26,1329,28,261,32,4,13,2,5,11,67,1711
57291,S,2024,21/06/2024,12,A4032,Major,A4044,M32,359900,173930,51.46291159,-2.57861265,0.7,0.43,0,37,1368,37,282,28,3,12,1,1,13,58,1782
57291,N,2024,21/06/2024,10,A4032,Major,A4044,M32,359900,173930,51.46291159,-2.57861265,0.7,0.43,0,16,1225,33,233,46,7,6,2,5,10,76,1583
57291,N,2024,21/06/2024,13,A4032,Major,A4044,M32,359900,173930,51.46291159,-2.57861265,0.7,0.43,0,21,1434,31,258,25,2,12,3,7,14,63,1807
57291,N,2024,21/06/2024,9,A4032,Major,A4044,M32,359900,173930,51.46291159,-2.57861265,0.7,0.43,1,29,1276,40,269,34,3,8,3,7,17,72,1686
57291,S,2024,21/06/2024,10,A4032,Major,A4044,M32,359900,173930,51.46291159,-2.57861265,0.7,0.43,1,17,1026,34,279,38,4,9,4,11,10,76,1432
57291,S,2024,21/06/2024,11,A4032,Major,A4044,M32,359900,173930,51.46291159,-2.57861265,0.7,0.43,0,34,1237,29,306,28,4,4,2,6,12,56,1662
57291,S,2024,21/06/2024,15,A4032,Major,A4044,M32,359900,173930,51.46291159,-2.57861265,0.7,0.43,0,48,1735,29,295,14,1,2,2,3,3,25,2132
57291,S,2024,21/06/2024,18,A4032,Major,A4044,M32,359900,173930,51.46291159,-2.57861265,0.7,0.43,1,46,1722,41,131,4,0,1,1,1,4,11,1951
57291,S,2024,21/06/2024,8,A4032,Major,A4044,M32,359900,173930,51.46291159,-2.57861265,0.7,0.43,0,13,1191,41,223,24,7,2,2,8,10,53,1521
57291,N,2024,21/06/2024,18,A4032,Major,A4044,M32,359900,173930,51.46291159,-2.57861265,0.7,0.43,0,21,1703,45,96,3,1,0,4,3,6,17,1882
57291,N,2024,21/06/2024,7,A4032,Major,A4044,M32,359900,173930,51.46291159,-2.57861265,0.7,0.43,0,33,1609,38,369,37,9,8,4,7,12,77,2126
57291,S,2024,21/06/2024,16,A4032,Major,A4044,M32,359900,173930,51.46291159,-2.57861265,0.7,0.43,0,48,1988,37,262,11,1,1,0,3,4,20,2355
57291,N,2024,21/06/2024,14,A4032,Major,A4044,M32,359900,173930,51.46291159,-2.57861265,0.7,0.43,0,23,1474,41,256,20,6,15,2,5,18,66,1860
57291,N,2024,21/06/2024,11,A4032,Major,A4044,M32,359900,173930,51.46291159,-2.57861265,0.7,0.43,0,21,1252,33,234,25,5,10,2,5,18,65,1605
57291,S,2024,21/06/2024,14,A4032,Major,A4044,M32,359900,173930,51.46291159,-2.57861265,0.7,0.43,1,36,1504,37,299,11,0,3,2,3,9,28,1904
58285,S,2020,28/04/2023,9,A3029,Major,A3029 Brunel Lock Road/McAdam Way,A4 midpoint,356840,172360,51.44856914,-2.62246623,0.2,0.12,2,6,508,1,159,27,9,13,1,3,1,54,728
58285,S,2020,28/04/2023,14,A3029,Major,A3029 Brunel Lock Road/McAdam Way,A4 midpoint,356840,172360,51.44856914,-2.62246623,0.2,0.12,3,14,1100,0,212,19,3,23,0,5,13,63,1389
58285,S,2020,28/04/2023,11,A3029,Major,A3029 Brunel Lock Road/McAdam Way,A4 midpoint,356840,172360,51.44856914,-2.62246623,0.2,0.12,1,11,645,1,253,25,6,17,0,3,4,55,965
58285,S,2023,28/04/2023,10,A3029,Major,A3029 Brunel Lock Road/McAdam Way,A4 midpoint,356840,172360,51.44856914,-2.62246623,0.2,0.12,4,15,1201,6,282,58,7,27,5,8,9,114,1618
58285,S,2023,28/04/2023,17,A3029,Major,A3029 Brunel Lock Road/McAdam Way,A4 midpoint,356840,172360,51.44856914,-2.62246623,0.2,0.12,2,62,2050,4,243,6,1,3,1,5,8,24,2383
58285,N,2023,28/04/2023,18,A3029,Major,A3029 Brunel Lock Road/McAdam Way,A4 midpoint,356840,172360,51.44856914,-2.62246623,0.2,0.12,0,66,1540,22,98,7,0,1,0,6,5,19,1745
58285,S,2023,28/04/2023,18,A3029,Major,A3029 Brunel Lock Road/McAdam Way,A4 midpoint,356840,172360,51.44856914,-2.62246623,0.2,0.12,1,64,1757,14,138,9,0,1,2,4,6,22,1995
58285,N,2023,28/04/2023,11,A3029,Major,A3029 Brunel Lock Road/McAdam Way,A4 midpoint,356840,172360,51.44856914,-2.62246623,0.2,0.12,2,19,1201,20,252,53,9,25,1,6,9,103,1595
58285,N,2023,28/04/2023,12,A3029,Major,A3029 Brunel Lock Road/McAdam Way,A4 midpoint,356840,172360,51.44856914,-2.62246623,0.2,0.12,2,43,1351,17,220,52,10,28,4,4,23,121,1752
58285,N,2023,28/04/2023,17,A3029,Major,A3029 Brunel Lock Road/McAdam Way,A4 midpoint,356840,172360,51.44856914,-2.62246623,0.2,0.12,2,33,1685,22,130,12,4,3,3,5,1,28,1898
58285,S,2023,28/04/2023,12,A3029,Major,A3029 Brunel Lock Road/McAdam Way,A4 midpoint,356840,172360,51.44856914,-2.62246623,0.2,0.12,1,69,1329,7,280,38,12,25,7,4,11,97,1782
58285,N,2023,28/04/2023,15,A3029,Major,A3029 Brunel Lock Road/McAdam Way,A4 midpoint,356840,172360,51.44856914,-2.62246623,0.2,0.12,6,32,1474,23,244,35,2,13,1,11,7,69,1842
58285,N,2023,28/04/2023,8,A3029,Major,A3029 Brunel Lock Road/McAdam Way,A4 midpoint,356840,172360,51.44856914,-2.62246623,0.2,0.12,0,40,1720,28,381,56,7,34,3,7,16,123,2292
58285,S,2023,28/04/2023,15,A3029,Major,A3029 Brunel Lock Road/McAdam Way,A4 midpoint,356840,172360,51.44856914,-2.62246623,0.2,0.12,0,64,1766,7,349,26,6,33,6,7,5,83,2269
58285,S,2023,28/04/2023,13,A3029,Major,A3029 Brunel Lock Road/McAdam Way,A4 midpoint,356840,172360,51.44856914,-2.62246623,0.2,0.12,1,60,1582,3,305,50,11,22,5,6,13,107,2057
58285,S,2023,28/04/2023,8,A3029,Major,A3029 Brunel Lock Road/McAdam Way,A4 midpoint,356840,172360,51.44856914,-2.62246623,0.2,0.12,3,10,1427,5,252,41,8,26,8,6,14,103,1797
58285,N,2023,28/04/2023,13,A3029,Major,A3029 Brunel Lock Road/McAdam Way,A4 midpoint,356840,172360,51.44856914,-2.62246623,0.2,0.12,7,37,1511,18,248,49,7,31,1,4,13,105,1919
58285,N,2023,28/04/2023,14,A3029,Major,A3029 Brunel Lock Road/McAdam Way,A4 midpoint,356840,172360,51.44856914,-2.62246623,0.2,0.12,6,31,1276,16,237,34,2,8,2,7,17,70,1630
58285,S,2023,28/04/2023,16,A3029,Major,A3029 Brunel Lock Road/McAdam Way,A4 midpoint,356840,172360,51.44856914,-2.62246623,0.2,0.12,2,66,2094,6,293,19,4,9,0,8,5,45,2504
58285,S,2023,28/04/2023,9,A3029,Major,A3029 Brunel Lock Road/McAdam Way,A4 midpoint,356840,172360,51.44856914,-2.62246623,0.2,0.12,2,9,1199,10,290,55,4,27,3,9,18,116,1624
58285,S,2023,28/04/2023,14,A3029,Major,A3029 Brunel Lock Road/McAdam Way,A4 midpoint,356840,172360,51.44856914,-2.62246623,0.2,0.12,1,57,1658,7,370,37,10,20,5,5,11,88,2180
58285,N,2023,28/04/2023,7,A3029,Major,A3029 Brunel Lock Road/McAdam Way,A4 midpoint,356840,172360,51.44856914,-2.62246623,0.2,0.12,2,38,1605,29,435,33,4,31,4,3,13,88,2195
58285,S,2023,28/04/2023,11,A3029,Major,A3029 Brunel Lock Road/McAdam Way,A4 midpoint,356840,172360,51.44856914,-2.62246623,0.2,0.12,0,40,1215,2,265,45,2,21,4,8,17,97,1619
58285,S,2023,28/04/2023,7,A3029,Major,A3029 Brunel Lock Road/McAdam Way,A4 midpoint,356840,172360,51.44856914,-2.62246623,0.2,0.12,4,16,1158,6,242,45,5,20,3,12,10,95,1517
58286,W,2016,24/06/2024,16,A4162,Major,Canford Rd,A4018,356820,177400,51.49388287,-2.62337199,0.3,0.19,6,2,225,7,41,1,0,0,0,0,0,1,276
58286,W,2016,24/06/2024,10,A4162,Major,Canford Rd,A4018,356820,177400,51.49388287,-2.62337199,0.3,0.19,2,2,140,10,25,2,0,0,0,0,0,2,179
58286,E,2016,24/06/2024,16,A4162,Major,Canford Rd,A4018,356820,177400,51.49388287,-2.62337199,0.3,0.19,2,4,189,9,40,1,0,0,0,0,0,1,243
58286,E,2024,24/06/2024,7,A4162,Major,Canford Rd,A4018,356820,177400,51.49388287,-2.62337199,0.4,0.25,12,2,152,2,36,3,0,0,0,0,0,3,195
58286,W,2024,24/06/2024,13,A4162,Major,Canford Rd,A4018,356820,177400,51.49388287,-2.62337199,0.4,0.25,3,2,164,3,32,5,1,0,0,0,0,6,207
58286,E,2024,24/06/2024,12,A4162,Major,Canford Rd,A4018,356820,177400,51.49388287,-2.62337199,0.4,0.25,2,1,182,3,16,1,0,0,0,0,0,1,203
58286,E,2024,24/06/2024,13,A4162,Major,Canford Rd,A4018,356820,177400,51.49388287,-2.62337199,0.4,0.25,4,1,151,3,26,0,0,0,0,0,0,0,181
58286,W,2024,24/06/2024,8,A4162,Major,Canford Rd,A4018,356820,177400,51.49388287,-2.62337199,0.4,0.25,11,3,210,2,31,1,0,0,0,1,0,2,248
58286,E,2024,24/06/2024,15,A4162,Major,Canford Rd,A4018,356820,177400,51.49388287,-2.62337199,0.4,0.25,2,6,198,3,34,0,0,0,0,0,0,0,241
58286,E,2024,24/06/2024,14,A4162,Major,Canford Rd,A4018,356820,177400,51.49388287,-2.62337199,0.4,0.25,1,5,186,5,27,1,0,0,0,0,0,1,224
58286,W,2024,24/06/2024,18,A4162,Major,Canford Rd,A4018,356820,177400,51.49388287,-2.62337199,0.4,0.25,5,2,140,2,16,0,0,0,0,0,0,0,160
58286,W,2024,24/06/2024,15,A4162,Major,Canford Rd,A4018,356820,177400,51.49388287,-2.62337199,0.4,0.25,0,1,174,3,27,1,0,0,0,0,0,1,206
58286,W,2024,24/06/2024,12,A4162,Major,Canford Rd,A4018,356820,177400,51.49388287,-2.62337199,0.4,0.25,3,2,154,3,18,1,1,0,0,1,0,3,180
58286,E,2024,24/06/2024,9,A4162,Major,Canford Rd,A4018,356820,177400,51.49388287,-2.62337199,0.4,0.25,2,1,150,4,28,0,0,0,0,0,0,0,183
58286,E,2024,24/06/2024,17,A4162,Major,Canford Rd,A4018,356820,177400,51.49388287,-2.62337199,0.4,0.25,9,2,195,3,19,0,0,0,0,0,0,0,219
58286,E,2024,24/06/2024,18,A4162,Major,Canford Rd,A4018,356820,177400,51.49388287,-2.62337199,0.4,0.25,3,4,190,2,23,0,0,0,0,0,0,0,219
58286,E,2024,24/06/2024,11,A4162,Major,Canford Rd,A4018,356820,177400,51.49388287,-2.62337199,0.4,0.25,1,1,146,3,22,2,0,0,0,0,0,2,174
58286,W,2024,24/06/2024,7,A4162,Major,Canford Rd,A4018,356820,177400,51.49388287,-2.62337199,0.4,0.25,7,3,124,1,19,0,0,0,0,0,0,0,147
58286,W,2024,24/06/2024,16,A4162,Major,Canford Rd,A4018,356820,177400,51.49388287,-2.62337199,0.4,0.25,7,1,214,3,34,1,0,0,0,0,0,1,253
58286,E,2024,24/06/2024,16,A4162,Major,Canford Rd,A4018,356820,177400,51.49388287,-2.62337199,0.4,0.25,8,2,205,2,25,0,0,0,0,0,0,0,234
58286,E,2024,24/06/2024,8,A4162,Major,Canford Rd,A4018,356820,177400,51.49388287,-2.62337199,0.4,0.25,4,0,228,2,40,2,0,0,2,0,0,4,274
58286,W,2024,24/06/2024,10,A4162,Major,Canford Rd,A4018,356820,177400,51.49388287,-2.62337199,0.4,0.25,6,3,144,3,17,0,1,0,0,0,0,1,168
58286,W,2024,24/06/2024,11,A4162,Major,Canford Rd,A4018,356820,177400,51.49388287,-2.62337199,0.4,0.25,1,5,172,3,29,5,0,1,0,0,0,6,215
58286,W,2024,24/06/2024,14,A4162,Major,Canford Rd,A4018,356820,177400,51.49388287,-2.62337199,0.4,0.25,3,3,180,3,37,0,0,0,0,0,0,0,223
70102,E,2019,05/07/2023,15,M5,Major,merge of feeder roads,A4,352150,178250,51.50114769,-2.6907518,0.5,0.31,0,5,774,3,257,52,19,10,12,32,103,228,1267
70102,E,2019,05/07/2023,8,M5,Major,merge of feeder roads,A4,352150,178250,51.50114769,-2.6907518,0.5,0.31,0,0,194,1,251,84,18,21,8,32,131,294,740
70102,E,2019,05/07/2023,14,M5,Major,merge of feeder roads,A4,352150,178250,51.50114769,-2.6907518,0.5,0.31,0,4,630,0,228,42,21,6,9,32,151,261,1123
70102,E,2023,05/07/2023,17,M5,Major,merge of feeder roads,A4,352150,178250,51.50114769,-2.6907518,0.5,0.31,0,12,1248,2,204,18,6,3,3,24,40,94,1560
70102,E,2023,05/07/2023,10,M5,Major,merge of feeder roads,A4,352150,178250,51.50114769,-2.6907518,0.5,0.31,0,0,331,0,270,40,14,31,7,51,119,262,863
70102,E,2023,05/07/2023,8,M5,Major,merge of feeder roads,A4,352150,178250,51.50114769,-2.6907518,0.5,0.31,0,2,211,3,310,62,20,26,14,85,81,288,814
70102,E,2023,05/07/2023,18,M5,Major,merge of feeder roads,A4,352150,178250,51.50114769,-2.6907518,0.5,0.31,0,3,661,0,125,18,8,6,6,24,55,117,906
70102,W,2023,05/07/2023,12,M5,Major,merge of feeder roads,A4,352150,178250,51.50114769,-2.6907518,0.5,0.31,0,2,260,1,232,53,22,23,15,54,81,248,743
70102,E,2023,05/07/2023,14,M5,Major,merge of feeder roads,A4,352150,178250,51.50114769,-2.6907518,0.5,0.31,0,5,782,0,222,39,18,26,11,53,107,254,1263
70102,E,2023,05/07/2023,9,M5,Major,merge of feeder roads,A4,352150,178250,51.50114769,-2.6907518,0.5,0.31,0,0,201,1,271,48,8,20,7,58,86,227,700
70102,W,2023,05/07/2023,13,M5,Major,merge of feeder roads,A4,352150,178250,51.50114769,-2.6907518,0.5,0.31,0,2,366,2,227,62,19,45,18,66,85,295,892
70102,W,2023,05/07/2023,11,M5,Major,merge of feeder roads,A4,352150,178250,51.50114769,-2.6907518,0.5,0.31,0,0,231,1,244,48,21,27,15,83,74,268,744
70102,W,2023,05/07/2023,18,M5,Major,merge of feeder roads,A4,352150,178250,51.50114769,-2.6907518,0.5,0.31,0,2,173,0,87,21,5,3,9,43,45,126,388
70102,W,2023,05/07/2023,8,M5,Major,merge of feeder roads,A4,352150,178250,51.50114769,-2.6907518,0.5,0.31,0,4,828,0,263,46,12,30,3,63,68,222,1317
70102,W,2023,05/07/2023,9,M5,Major,merge of feeder roads,A4,352150,178250,51.50114769,-2.6907518,0.5,0.31,0,0,419,0,265,46,17,33,9,86,75,266,950
70102,E,2023,05/07/2023,7,M5,Major,merge of feeder roads,A4,352150,178250,51.50114769,-2.6907518,0.5,0.31,0,3,234,1,274,84,32,30,17,73,99,335,847
70102,W,2023,05/07/2023,16,M5,Major,merge of feeder roads,A4,352150,178250,51.50114769,-2.6907518,0.5,0.31,0,1,199,0,194,62,24,16,8,50,57,217,611
70102,W,2023,05/07/2023,14,M5,Major,merge of feeder roads,A4,352150,178250,51.50114769,-2.6907518,0.5,0.31,0,2,233,1,257,81,29,25,21,68,90,314,807
70102,E,2023,05/07/2023,16,M5,Major,merge of feeder roads,A4,352150,178250,51.50114769,-2.6907518,0.5,0.31,0,9,1192,0,287,21,9,22,10,36,86,184,1672
70102,W,2023,05/07/2023,17,M5,Major,merge of feeder roads,A4,352150,178250,51.50114769,-2.6907518,0.5,0.31,0,3,210,2,114,24,5,3,6,59,50,147,476
70102,W,2023,05/07/2023,10,M5,Major,merge of feeder roads,A4,352150,178250,51.50114769,-2.6907518,0.5,0.31,0,0,237,0,315,38,11,28,16,92,102,287,839
70102,W,2023,05/07/2023,15,M5,Major,merge of feeder roads,A4,352150,178250,51.50114769,-2.6907518,0.5,0.31,0,2,221,1,249,84,30,26,14,87,103,344,817
70102,E,2023,05/07/2023,11,M5,Major,merge of feeder roads,A4,352150,178250,51.50114769,-2.6907518,0.5,0.31,0,3,390,0,349,46,17,28,11,48,103,253,995
70102,E,2023,05/07/2023,12,M5,Major,merge of feeder roads,A4,352150,178250,51.50114769,-2.6907518,0.5,0.31,0,2,537,0,311,30,12,32,14,42,104,234,1084
70103,W,2019,05/07/2023,13,M5,Major,A4,merge of feeder roads,352200,178000,51.49890428,-2.68999746,0.5,0.31,0,10,1318,1,214,44,22,32,2,29,32,161,1704
70103,W,2019,05/07/2023,10,M5,Major,A4,merge of feeder roads,352200,178000,51.49890428,-2.68999746,0.5,0.31,0,12,1774,10,354,49,12,56,4,22,20,163,2313
70103,W,2019,05/07/2023,9,M5,Major,A4,merge of feeder roads,352200,178000,51.49890428,-2.68999746,0.5,0.31,0,24,1856,11,383,36,12,38,1,18,16,121,2395
70103,W,2023,05/07/2023,14,M5,Major,A4,merge of feeder roads,352200,178000,51.49890428,-2.68999746,0.5,0.31,0,4,787,3,182,15,4,7,0,5,16,47,1023
70103,W,2023,05/07/2023,16,M5,Major,A4,merge of feeder roads,352200,178000,51.49890428,-2.68999746,0.5,0.31,0,9,965,3,230,6,3,1,1,3,8,22,1229
70103,E,2023,05/07/2023,18,M5,Major,A4,merge of feeder roads,352200,178000,51.49890428,-2.68999746,0.5,0.31,0,4,858,6,96,5,1,2,3,0,12,23,987
70103,E,2023,05/07/2023,9,M5,Major,A4,merge of feeder roads,352200,178000,51.49890428,-2.68999746,0.5,0.31,0,0,523,7,150,14,12,25,2,5,5,63,743
70103,E,2023,05/07/2023,11,M5,Major,A4,merge of feeder roads,352200,178000,51.49890428,-2.68999746,0.5,0.31,0,4,487,1,154,4,4,7,3,6,0,24,670
70103,E,2023,05/07/2023,16,M5,Major,A4,merge of feeder roads,352200,178000,51.49890428,-2.68999746,0.5,0.31,0,11,1114,3,295,5,0,2,1,5,11,24,1447
70103,W,2023,05/07/2023,15,M5,Major,A4,merge of feeder roads,352200,178000,51.49890428,-2.68999746,0.5,0.31,0,5,846,1,231,18,0,4,0,9,10,41,1124
70103,W,2023,05/07/2023,12,M5,Major,A4,merge of feeder roads,352200,178000,51.49890428,-2.68999746,0.5,0.31,0,1,717,3,187,23,7,8,1,3,7,49,957
70103,E,2023,05/07/2023,13,M5,Major,A4,merge of feeder roads,352200,178000,51.49890428,-2.68999746,0.5,0.31,0,1,511,6,162,18,5,5,0,6,16,50,730
70103,W,2023,05/07/2023,13,M5,Major,A4,merge of feeder roads,352200,178000,51.49890428,-2.68999746,0.5,0.31,0,2,733,4,179,22,6,2,0,3,7,40,958
70103,E,2023,05/07/2023,17,M5,Major,A4,merge of feeder roads,352200,178000,51.49890428,-2.68999746,0.5,0.31,0,8,1249,3,161,8,1,1,0,4,9,23,1444
70103,W,2023,05/07/2023,8,M5,Major,A4,merge of feeder roads,352200,178000,51.49890428,-2.68999746,0.5,0.31,0,15,1127,2,302,14,3,6,3,6,8,40,1486
70103,E,2023,05/07/2023,7,M5,Major,A4,merge of feeder roads,352200,178000,51.49890428,-2.68999746,0.5,0.31,0,3,647,2,261,21,12,0,0,8,8,49,962
70103,E,2023,05/07/2023,8,M5,Major,A4,merge of feeder roads,352200,178000,51.49890428,-2.68999746,0.5,0.31,0,2,797,5,216,15,1,24,0,1,21,62,1082
70103,W,2023,05/07/2023,9,M5,Major,A4,merge of feeder roads,352200,178000,51.49890428,-2.68999746,0.5,0.31,0,4,791,5,196,20,6,11,1,11,17,66,1062
70103,W,2023,05/07/2023,18,M5,Major,A4,merge of feeder roads,352200,178000,51.49890428,-2.68999746,0.5,0.31,0,6,911,1,97,3,1,0,0,1,4,9,1024
70103,W,2023,05/07/2023,10,M5,Major,A4,merge of feeder roads,352200,178000,51.49890428,-2.68999746,0.5,0.31,0,1,754,3,171,17,6,4,1,8,12,48,977
70103,E,2023,05/07/2023,12,M5,Major,A4,merge of feeder roads,352200,178000,51.49890428,-2.68999746,0.5,0.31,0,3,542,1,180,15,3,4,0,5,16,43,769
70103,W,2023,05/07/2023,7,M5,Major,A4,merge of feeder roads,352200,178000,51.49890428,-2.68999746,0.5,0.31,0,6,1093,5,353,16,5,6,0,12,11,50,1507
70103,E,2023,05/07/2023,10,M5,Major,A4,merge of feeder roads,352200,178000,51.49890428,-2.68999746,0.5,0.31,0,1,524,3,143,3,1,3,1,29,4,41,712
70103,W,2023,05/07/2023,17,M5,Major,A4,merge of feeder roads,352200,178000,51.49890428,-2.68999746,0.5,0.31,0,3,1047,1,155,7,0,0,0,6,6,19,1225
70104,W,2020,05/07/2024,11,A4,Major,A403,M5,351770,178500,51.50336294,-2.69626024,0.6,0.37,2,3,162,2,121,82,29,27,24,37,58,257,545
70104,E,2020,05/07/2024,11,A4,Major,A403,M5,351770,178500,51.50336294,-2.69626024,0.6,0.37,3,2,182,1,134,73,19,20,31,45,62,250,569
70104,E,2020,05/07/2024,18,A4,Major,A403,M5,351770,178500,51.50336294,-2.69626024,0.6,0.37,2,15,319,2,73,14,4,3,5,34,45,105,514
70104,W,2024,05/07/2024,14,A4,Major,A403,M5,351770,178500,51.50336294,-2.69626024,0.6,0.37,2,4,275,3,100,47,9,30,30,19,98,233,615
70104,W,2024,05/07/2024,11,A4,Major,A403,M5,351770,178500,51.50336294,-2.69626024,0.6,0.37,0,5,247,4,193,64,10,33,17,35,117,276,725
70104,E,2024,05/07/2024,11,A4,Major,A403,M5,351770,178500,51.50336294,-2.69626024,0.6,0.37,0,6,216,1,207,52,6,26,18,22,115,239,669
70104,W,2024,05/07/2024,12,A4,Major,A403,M5,351770,178500,51.50336294,-2.69626024,0.6,0.37,0,3,236,1,160,55,10,17,17,28,125,252,652
70104,W,2024,05/07/2024,8,A4,Major,A403,M5,351770,178500,51.50336294,-2.69626024,0.6,0.37,0,4,410,0,231,48,6,39,14,34,110,251,896
70104,E,2024,05/07/2024,8,A4,Major,A403,M5,351770,178500,51.50336294,-2.69626024,0.6,0.37,0,1,162,3,175,58,11,38,26,27,138,298,639
70104,E,2024,05/07/2024,9,A4,Major,A403,M5,351770,178500,51.50336294,-2.69626024,0.6,0.37,0,5,170,2,163,41,8,40,25,25,132,271,611
70104,E,2024,05/07/2024,16,A4,Major,A403,M5,351770,178500,51.50336294,-2.69626024,0.6,0.37,2,9,567,0,113,13,1,5,6,14,73,112,801
70104,W,2024,05/07/2024,7,A4,Major,A403,M5,351770,178500,51.50336294,-2.69626024,0.6,0.37,4,8,632,1,235,38,5,39,12,24,129,247,1123
70104,E,2024,05/07/2024,14,A4,Major,A403,M5,351770,178500,51.50336294,-2.69626024,0.6,0.37,2,9,474,1,119,30,3,22,9,13,76,153,756
70104,W,2024,05/07/2024,18,A4,Major,A403,M5,351770,178500,51.50336294,-2.69626024,0.6,0.37,0,1,174,2,51,27,0,3,8,14,71,123,351
70104,E,2024,05/07/2024,15,A4,Major,A403,M5,351770,178500,51.50336294,-2.69626024,0.6,0.37,2,4,482,4,159,34,2,11,7,12,72,138,787
70104,W,2024,05/07/2024,9,A4,Major,A403,M5,351770,178500,51.50336294,-2.69626024,0.6,0.37,0,3,232,0,167,46,6,30,19,36,102,239,641
70104,W,2024,05/07/2024,15,A4,Major,A403,M5,351770,178500,51.50336294,-2.69626024,0.6,0.37,2,9,255,2,126,65,7,23,17,18,75,205,597
70104,W,2024,05/07/2024,10,A4,Major,A403,M5,351770,178500,51.50336294,-2.69626024,0.6,0.37,0,4,233,3,195,51,5,37,21,38,136,288,723
70104,W,2024,05/07/2024,13,A4,Major,A403,M5,351770,178500,51.50336294,-2.69626024,0.6,0.37,2,5,313,3,149,54,3,33,22,27,107,246,716
70104,W,2024,05/07/2024,16,A4,Major,A403,M5,351770,178500,51.50336294,-2.69626024,0.6,0.37,2,3,355,2,110,40,4,7,13,13,73,150,620
70104,E,2024,05/07/2024,18,A4,Major,A403,M5,351770,178500,51.50336294,-2.69626024,0.6,0.37,0,5,373,1,41,13,0,1,5,14,57,90,510
70104,E,2024,05/07/2024,17,A4,Major,A403,M5,351770,178500,51.50336294,-2.69626024,0.6,0.37,2,7,551,2,113,15,0,1,7,14,41,78,751
70104,E,2024,05/07/2024,7,A4,Major,A403,M5,351770,178500,51.50336294,-2.69626024,0.6,0.37,4,4,196,4,145,50,7,37,28,32,128,282,631
70104,E,2024,05/07/2024,10,A4,Major,A403,M5,351770,178500,51.50336294,-2.69626024,0.6,0.37,0,5,229,2,206,38,4,32,1,15,123,213,655
70106,E,2022,14/06/2024,9,M5,Major,M5 (18),M5 (18A),353710,178270,51.50145794,-2.6682815,1.1,0.68,0,2,697,4,265,95,11,15,21,110,17,269,1237
70106,E,2022,14/06/2024,14,M5,Major,M5 (18),M5 (18A),353710,178270,51.50145794,-2.6682815,1.1,0.68,0,2,1129,4,298,99,4,13,24,88,10,238,1671
70106,E,2022,14/06/2024,15,M5,Major,M5 (18),M5 (18A),353710,178270,51.50145794,-2.6682815,1.1,0.68,0,5,1272,4,413,100,7,13,33,65,6,224,1918
70106,E,2024,14/06/2024,12,M5,Major,M5 (18),M5 (18A),353710,178270,51.50145794,-2.6682815,1.1,0.68,0,9,1305,7,425,57,1,26,18,19,129,250,1996
70106,W,2024,14/06/2024,9,M5,Major,M5 (18),M5 (18A),353710,178270,51.50145794,-2.6682815,1.1,0.68,0,16,1367,8,433,81,12,39,16,75,128,351,2175
70106,W,2024,14/06/2024,8,M5,Major,M5 (18),M5 (18A),353710,178270,51.50145794,-2.6682815,1.1,0.68,0,8,1301,2,470,49,11,22,14,49,86,231,2012
70106,W,2024,14/06/2024,10,M5,Major,M5 (18),M5 (18A),353710,178270,51.50145794,-2.6682815,1.1,0.68,0,3,1299,5,367,71,15,19,13,66,118,302,1976
70106,E,2024,14/06/2024,8,M5,Major,M5 (18),M5 (18A),353710,178270,51.50145794,-2.6682815,1.1,0.68,0,4,712,4,380,66,3,20,27,10,158,284,1384
70106,E,2024,14/06/2024,11,M5,Major,M5 (18),M5 (18A),353710,178270,51.50145794,-2.6682815,1.1,0.68,0,2,1131,4,378,53,2,24,11,20,115,225,1740
70106,W,2024,14/06/2024,12,M5,Major,M5 (18),M5 (18A),353710,178270,51.50145794,-2.6682815,1.1,0.68,0,9,1124,5,386,54,17,21,2,27,94,215,1739
70106,W,2024,14/06/2024,11,M5,Major,M5 (18),M5 (18A),353710,178270,51.50145794,-2.6682815,1.1,0.68,0,12,1229,3,373,55,11,32,11,50,95,254,1871
70106,E,2024,14/06/2024,14,M5,Major,M5 (18),M5 (18A),353710,178270,51.50145794,-2.6682815,1.1,0.68,0,9,1738,6,450,41,2,21,14,12,103,193,2396
70106,E,2024,14/06/2024,18,M5,Major,M5 (18),M5 (18A),353710,178270,51.50145794,-2.6682815,1.1,0.68,0,5,1360,5,191,21,0,0,2,6,53,82,1643
70106,E,2024,14/06/2024,7,M5,Major,M5 (18),M5 (18A),353710,178270,51.50145794,-2.6682815,1.1,0.68,0,7,635,1,381,74,2,32,26,13,136,283,1307
70106,W,2024,14/06/2024,13,M5,Major,M5 (18),M5 (18A),353710,178270,51.50145794,-2.6682815,1.1,0.68,0,5,1370,8,338,63,10,25,29,23,112,262,1983
70106,W,2024,14/06/2024,17,M5,Major,M5 (18),M5 (18A),353710,178270,51.50145794,-2.6682815,1.1,0.68,0,7,1212,2,169,32,2,7,5,17,56,119,1509
70106,E,2024,14/06/2024,13,M5,Major,M5 (18),M5 (18A),353710,178270,51.50145794,-2.6682815,1.1,0.68,0,6,1500,4,374,48,5,18,12,20,126,229,2113
70106,W,2024,14/06/2024,14,M5,Major,M5 (18),M5 (18A),353710,178270,51.50145794,-2.6682815,1.1,0.68,0,7,1294,6,255,61,8,23,13,18,89,212,1774
70106,E,2024,14/06/2024,15,M5,Major,M5 (18),M5 (18A),353710,178270,51.50145794,-2.6682815,1.1,0.68,0,9,1904,8,452,37,2,7,8,8,87,149,2522
70106,W,2024,14/06/2024,16,M5,Major,M5 (18),M5 (18A),353710,178270,51.50145794,-2.6682815,1.1,0.68,0,4,1035,6,161,35,5,12,11,17,60,140,1346
70106,E,2024,14/06/2024,10,M5,Major,M5 (18),M5 (18A),353710,178270,51.50145794,-2.6682815,1.1,0.68,0,2,1092,1,366,48,1,29,14,25,149,266,1727
70106,W,2024,14/06/2024,7,M5,Major,M5 (18),M5 (18A),353710,178270,51.50145794,-2.6682815,1.1,0.68,0,8,1243,4,656,32,19,14,11,55,93,224,2135
70106,E,2024,14/06/2024,16,M5,Major,M5 (18),M5 (18A),353710,178270,51.50145794,-2.6682815,1.1,0.68,0,9,2026,8,402,25,0,4,6,12,70,117,2562
70106,E,2024,14/06/2024,9,M5,Major,M5 (18),M5 (18A),353710,178270,51.50145794,-2.6682815,1.1,0.68,0,3,1070,3,385,53,3,17,18,23,148,262,1723
74765,E,2020,12/09/2023,8,A370,Major,A3029 Brunel Road,A370,357033,171884,51.44430399,-2.61963095,0.5,0.31,6,4,190,0,80,10,0,2,0,0,3,15,289
74765,W,2020,12/09/2023,18,A370,Major,A3029 Brunel Road,A370,357033,171884,51.44430399,-2.61963095,0.5,0.31,12,9,223,0,24,1,1,0,0,1,2,5,261
74765,W,2020,12/09/2023,9,A370,Major,A3029 Brunel Road,A370,357033,171884,51.44430399,-2.61963095,0.5,0.31,2,3,219,0,96,10,3,6,1,0,4,24,342
74765,E,2023,12/09/2023,7,A370,Major,A3029 Brunel Road,A370,357033,171884,51.44430399,-2.61963095,0.5,0.31,5,6,497,0,134,20,7,4,1,2,1,35,672
74765,E,2023,12/09/2023,15,A370,Major,A3029 Brunel Road,A370,357033,171884,51.44430399,-2.61963095,0.5,0.31,26,8,540,0,131,7,8,7,0,1,3,26,705
74765,E,2023,12/09/2023,17,A370,Major,A3029 Brunel Road,A370,357033,171884,51.44430399,-2.61963095,0.5,0.31,8,9,696,2,53,3,1,1,0,3,0,8,768
74765,E,2023,12/09/2023,13,A370,Major,A3029 Brunel Road,A370,357033,171884,51.44430399,-2.61963095,0.5,0.31,7,12,477,1,111,11,8,7,0,4,4,34,635
74765,E,2023,12/09/2023,9,A370,Major,A3029 Brunel Road,A370,357033,171884,51.44430399,-2.61963095,0.5,0.31,1,7,576,0,123,18,8,4,1,5,6,42,748
74765,W,2023,12/09/2023,15,A370,Major,A3029 Brunel Road,A370,357033,171884,51.44430399,-2.61963095,0.5,0.31,6,16,717,0,186,19,2,2,0,0,3,26,945
74765,W,2023,12/09/2023,18,A370,Major,A3029 Brunel Road,A370,357033,171884,51.44430399,-2.61963095,0.5,0.31,9,21,664,1,37,3,0,0,1,0,3,7,730
74765,E,2023,12/09/2023,11,A370,Major,A3029 Brunel Road,A370,357033,171884,51.44430399,-2.61963095,0.5,0.31,1,6,431,1,142,19,6,2,1,1,3,32,612
74765,E,2023,12/09/2023,18,A370,Major,A3029 Brunel Road,A370,357033,171884,51.44430399,-2.61963095,0.5,0.31,8,17,654,1,57,2,0,0,1,2,1,6,735
74765,W,2023,12/09/2023,7,A370,Major,A3029 Brunel Road,A370,357033,171884,51.44430399,-2.61963095,0.5,0.31,18,8,690,2,150,11,4,5,2,1,3,26,876
74765,E,2023,12/09/2023,10,A370,Major,A3029 Brunel Road,A370,357033,171884,51.44430399,-2.61963095,0.5,0.31,0,6,473,2,133,16,3,3,0,2,0,24,638
74765,W,2023,12/09/2023,11,A370,Major,A3029 Brunel Road,A370,357033,171884,51.44430399,-2.61963095,0.5,0.31,5,8,481,0,169,9,8,5,2,4,4,32,690
74765,W,2023,12/09/2023,14,A370,Major,A3029 Brunel Road,A370,357033,171884,51.44430399,-2.61963095,0.5,0.31,5,13,570,2,134,15,3,5,1,2,8,34,753
74765,W,2023,12/09/2023,16,A370,Major,A3029 Brunel Road,A370,357033,171884,51.44430399,-2.61963095,0.5,0.31,9,18,731,1,130,6,3,1,1,1,5,17,897
74765,E,2023,12/09/2023,14,A370,Major,A3029 Brunel Road,A370,357033,171884,51.44430399,-2.61963095,0.5,0.31,2,6,531,0,129,9,9,8,1,1,3,31,697
74765,W,2023,12/09/2023,13,A370,Major,A3029 Brunel Road,A370,357033,171884,51.44430399,-2.61963095,0.5,0.31,9,18,542,1,129,18,3,4,0,0,7,32,722
74765,E,2023,12/09/2023,8,A370,Major,A3029 Brunel Road,A370,357033,171884,51.44430399,-2.61963095,0.5,0.31,10,14,519,1,117,9,3,3,2,3,4,24,675
74765,W,2023,12/09/2023,10,A370,Major,A3029 Brunel Road,A370,357033,171884,51.44430399,-2.61963095,0.5,0.31,3,10,445,1,138,14,6,3,3,8,8,42,636
74765,E,2023,12/09/2023,16,A370,Major,A3029 Brunel Road,A370,357033,171884,51.44430399,-2.61963095,0.5,0.31,16,12,680,2,111,5,3,2,1,2,2,15,820
74765,W,2023,12/09/2023,8,A370,Major,A3029 Brunel Road,A370,357033,171884,51.44430399,-2.61963095,0.5,0.31,37,8,804,3,147,18,5,4,0,1,2,30,992
74765,W,2023,12/09/2023,9,A370,Major,A3029 Brunel Road,A370,357033,171884,51.44430399,-2.61963095,0.5,0.31,7,5,542,0,149,12,4,4,0,2,5,27,723
74772,W,2018,06/06/2023,16,A38,Major,A38 St Johns Bridge,A4440,358992,173458,51.45860229,-2.59162753,0.6,0.37,106,26,535,82,70,6,0,5,0,0,0,11,724
74772,W,2018,06/06/2023,10,A38,Major,A38 St Johns Bridge,A4440,358992,173458,51.45860229,-2.59162753,0.6,0.37,97,17,438,103,96,16,1,5,0,1,0,23,677
74772,E,2018,06/06/2023,16,A38,Major,A38 St Johns Bridge,A4440,358992,173458,51.45860229,-2.59162753,0.6,0.37,141,32,792,74,110,4,1,0,0,0,1,6,1014
74772,W,2023,06/06/2023,9,A38,Major,A38 St Johns Bridge,A4440,358992,173458,51.45860229,-2.59162753,0.6,0.37,171,43,572,100,114,32,3,7,2,0,5,49,878
74772,E,2023,06/06/2023,14,A38,Major,A38 St Johns Bridge,A4440,358992,173458,51.45860229,-2.59162753,0.6,0.37,43,35,483,74,112,15,2,7,0,0,1,25,729
74772,E,2023,06/06/2023,17,A38,Major,A38 St Johns Bridge,A4440,358992,173458,51.45860229,-2.59162753,0.6,0.37,211,45,711,73,80,8,1,1,0,0,3,13,922
74772,E,2023,06/06/2023,9,A38,Major,A38 St Johns Bridge,A4440,358992,173458,51.45860229,-2.59162753,0.6,0.37,27,11,471,85,102,14,3,12,1,1,2,33,702
74772,W,2023,06/06/2023,13,A38,Major,A38 St Johns Bridge,A4440,358992,173458,51.45860229,-2.59162753,0.6,0.37,47,42,431,81,98,9,3,11,0,1,3,27,679
74772,W,2023,06/06/2023,12,A38,Major,A38 St Johns Bridge,A4440,358992,173458,51.45860229,-2.59162753,0.6,0.37,46,57,451,81,121,20,1,11,3,1,1,37,747
74772,E,2023,06/06/2023,8,A38,Major,A38 St Johns Bridge,A4440,358992,173458,51.45860229,-2.59162753,0.6,0.37,67,10,515,74,87,8,3,1,0,0,4,16,702
74772,E,2023,06/06/2023,13,A38,Major,A38 St Johns Bridge,A4440,358992,173458,51.45860229,-2.59162753,0.6,0.37,37,31,398,83,113,11,1,13,1,0,4,30,655
74772,W,2023,06/06/2023,7,A38,Major,A38 St Johns Bridge,A4440,358992,173458,51.45860229,-2.59162753,0.6,0.37,106,25,603,80,144,10,4,4,0,0,2,20,872
74772,W,2023,06/06/2023,15,A38,Major,A38 St Johns Bridge,A4440,358992,173458,51.45860229,-2.59162753,0.6,0.37,61,48,470,80,98,14,4,10,0,1,4,33,729
74772,E,2023,06/06/2023,12,A38,Major,A38 St Johns Bridge,A4440,358992,173458,51.45860229,-2.59162753,0.6,0.37,35,31,440,77,134,16,2,11,0,0,2,31,713
74772,W,2023,06/06/2023,8,A38,Major,A38 St Johns Bridge,A4440,358992,173458,51.45860229,-2.59162753,0.6,0.37,313,29,667,78,105,12,2,4,1,0,6,25,904
74772,E,2023,06/06/2023,15,A38,Major,A38 St Johns Bridge,A4440,358992,173458,51.45860229,-2.59162753,0.6,0.37,69,39,565,77,134,15,1,3,0,0,0,19,834
74772,W,2023,06/06/2023,16,A38,Major,A38 St Johns Bridge,A4440,358992,173458,51.45860229,-2.59162753,0.6,0.37,73,62,548,78,90,11,0,1,0,0,3,15,793
74772,W,2023,06/06/2023,17,A38,Major,A38 St Johns Bridge,A4440,358992,173458,51.45860229,-2.59162753,0.6,0.37,136,58,594,76,58,3,2,1,0,0,2,8,794
74772,E,2023,06/06/2023,11,A38,Major,A38 St Johns Bridge,A4440,358992,173458,51.45860229,-2.59162753,0.6,0.37,20,27,343,80,133,24,1,11,0,0,2,38,621
74772,W,2023,06/06/2023,18,A38,Major,A38 St Johns Bridge,A4440,358992,173458,51.45860229,-2.59162753,0.6,0.37,108,80,606,79,54,3,1,0,1,1,0,6,825
74772,E,2023,06/06/2023,10,A38,Major,A38 St Johns Bridge,A4440,358992,173458,51.45860229,-2.59162753,0.6,0.37,19,20,339,77,121,18,1,17,1,0,8,45,602
74772,W,2023,06/06/2023,14,A38,Major,A38 St Johns Bridge,A4440,358992,173458,51.45860229,-2.59162753,0.6,0.37,53,43,451,82,87,8,2,12,0,0,2,24,687
74772,W,2023,06/06/2023,11,A38,Major,A38 St Johns Bridge,A4440,358992,173458,51.45860229,-2.59162753,0.6,0.37,40,45,416,84,129,16,1,12,0,0,8,37,711
74772,E,2023,06/06/2023,16,A38,Major,A38 St Johns Bridge,A4440,358992,173458,51.45860229,-2.59162753,0.6,0.37,98,42,689,77,84,6,0,1,1,0,4,12,904
74780,W,2015,16/09/2024,16,A3029,Major,A3029 Brunel Way,A3029 Merchants Road,356900,172240,51.44749476,-2.62158814,0.3,0.19,1,17,186,30,20,0,0,1,0,0,0,1,254
74780,W,2015,16/09/2024,13,A3029,Major,A3029 Brunel Way,A3029 Merchants Road,356900,172240,51.44749476,-2.62158814,0.3,0.19,0,2,148,28,30,7,2,1,0,0,0,10,218
74780,W,2015,16/09/2024,17,A3029,Major,A3029 Brunel Way,A3029 Merchants Road,356900,172240,51.44749476,-2.62158814,0.3,0.19,4,18,239,32,17,0,0,0,0,0,0,0,306
74780,W,2024,16/09/2024,8,A3029,Major,A3029 Brunel Way,A3029 Merchants Road,356900,172240,51.44749476,-2.62158814,0.3,0.19,0,1,40,11,14,1,0,2,0,0,0,3,69
74780,W,2024,16/09/2024,14,A3029,Major,A3029 Brunel Way,A3029 Merchants Road,356900,172240,51.44749476,-2.62158814,0.3,0.19,2,2,90,17,10,0,0,0,0,0,1,1,120
74780,W,2024,16/09/2024,11,A3029,Major,A3029 Brunel Way,A3029 Merchants Road,356900,172240,51.44749476,-2.62158814,0.3,0.19,1,1,44,15,10,1,1,0,0,0,0,2,72
74780,W,2024,16/09/2024,15,A3029,Major,A3029 Brunel Way,A3029 Merchants Road,356900,172240,51.44749476,-2.62158814,0.3,0.19,7,4,119,14,25,0,0,1,0,0,0,1,163
74780,W,2024,16/09/2024,13,A3029,Major,A3029 Brunel Way,A3029 Merchants Road,356900,172240,51.44749476,-2.62158814,0.3,0.19,4,2,45,22,17,0,0,0,0,1,0,1,87
74780,W,2024,16/09/2024,18,A3029,Major,A3029 Brunel Way,A3029 Merchants Road,356900,172240,51.44749476,-2.62158814,0.3,0.19,1,4,65,17,4,0,0,0,0,0,0,0,90
74780,W,2024,16/09/2024,16,A3029,Major,A3029 Brunel Way,A3029 Merchants Road,356900,172240,51.44749476,-2.62158814,0.3,0.19,4,4,115,20,17,0,0,0,0,0,0,0,156
74780,W,2024,16/09/2024,9,A3029,Major,A3029 Brunel Way,A3029 Merchants Road,356900,172240,51.44749476,-2.62158814,0.3,0.19,3,3,45,18,9,0,0,0,0,0,2,2,77
74780,W,2024,16/09/2024,17,A3029,Major,A3029 Brunel Way,A3029 Merchants Road,356900,172240,51.44749476,-2.62158814,0.3,0.19,5,3,99,14,12,2,0,2,0,0,0,4,132
74782,W,2021,28/03/2023,9,A4,Major,A4 under Bristol Gate,A3029,357000,172370,51.44867125,-2.6201651,0.3,0.19,19,1,138,6,56,7,0,2,0,0,0,9,210
74782,E,2021,28/03/2023,9,A4,Major,A4 under Bristol Gate,A3029,357000,172370,51.44867125,-2.6201651,0.3,0.19,0,0,0,0,0,0,0,0,0,0,0,0,0
74782,E,2021,28/03/2023,16,A4,Major,A4 under Bristol Gate,A3029,357000,172370,51.44867125,-2.6201651,0.3,0.19,0,0,0,0,0,0,0,0,0,0,0,0,0
74782,W,2023,28/03/2023,18,A4,Major,A4 under Bristol Gate,A3029,357000,172370,51.44867125,-2.6201651,0.3,0.19,30,13,244,4,17,0,0,0,0,0,0,0,278
74782,W,2023,28/03/2023,14,A4,Major,A4 under Bristol Gate,A3029,357000,172370,51.44867125,-2.6201651,0.3,0.19,9,7,209,4,45,8,0,1,0,0,0,9,274
74782,E,2023,28/03/2023,9,A4,Major,A4 under Bristol Gate,A3029,357000,172370,51.44867125,-2.6201651,0.3,0.19,13,0,0,0,0,0,0,0,0,0,0,0,0
74782,E,2023,28/03/2023,7,A4,Major,A4 under Bristol Gate,A3029,357000,172370,51.44867125,-2.6201651,0.3,0.19,13,0,0,0,0,0,0,0,0,0,0,0,0
74782,W,2023,28/03/2023,13,A4,Major,A4 under Bristol Gate,A3029,357000,172370,51.44867125,-2.6201651,0.3,0.19,8,4,164,7,50,10,4,1,1,0,0,16,241
74782,W,2023,28/03/2023,10,A4,Major,A4 under Bristol Gate,A3029,357000,172370,51.44867125,-2.6201651,0.3,0.19,4,0,120,7,38,5,0,1,0,0,0,6,171
74782,E,2023,28/03/2023,14,A4,Major,A4 under Bristol Gate,A3029,357000,172370,51.44867125,-2.6201651,0.3,0.19,5,0,0,0,0,0,0,0,0,0,0,0,0
74782,W,2023,28/03/2023,17,A4,Major,A4 under Bristol Gate,A3029,357000,172370,51.44867125,-2.6201651,0.3,0.19,47,10,357,9,31,1,0,0,0,0,0,1,408
74782,W,2023,28/03/2023,9,A4,Major,A4 under Bristol Gate,A3029,357000,172370,51.44867125,-2.6201651,0.3,0.19,9,2,144,4,40,9,0,0,0,0,0,9,199
74782,W,2023,28/03/2023,16,A4,Major,A4 under Bristol Gate,A3029,357000,172370,51.44867125,-2.6201651,0.3,0.19,23,5,319,4,50,1,1,0,0,1,0,3,381
74782,W,2023,28/03/2023,11,A4,Major,A4 under Bristol Gate,A3029,357000,172370,51.44867125,-2.6201651,0.3,0.19,5,2,135,6,54,5,3,1,0,0,0,9,206
74782,E,2023,28/03/2023,10,A4,Major,A4 under Bristol Gate,A3029,357000,172370,51.44867125,-2.6201651,0.3,0.19,3,0,0,0,0,0,0,0,0,0,0,0,0
74782,E,2023,28/03/2023,12,A4,Major,A4 under Bristol Gate,A3029,357000,172370,51.44867125,-2.6201651,0.3,0.19,2,0,0,0,0,0,0,0,0,0,0,0,0
74782,E,2023,28/03/2023,15,A4,Major,A4 under Bristol Gate,A3029,357000,172370,51.44867125,-2.6201651,0.3,0.19,10,0,0,0,0,0,0,0,0,0,0,0,0
74782,E,2023,28/03/2023,11,A4,Major,A4 under Bristol Gate,A3029,357000,172370,51.44867125,-2.6201651,0.3,0.19,2,0,0,0,0,0,0,0,0,0,0,0,0
74782,W,2023,28/03/2023,12,A4,Major,A4 under Bristol Gate,A3029,357000,172370,51.44867125,-2.6201651,0.3,0.19,7,5,172,6,49,3,2,1,4,0,0,10,242
74782,E,2023,28/03/2023,17,A4,Major,A4 under Bristol Gate,A3029,357000,172370,51.44867125,-2.6201651,0.3,0.19,8,0,0,0,0,0,0,0,0,0,0,0,0
74782,W,2023,28/03/2023,7,A4,Major,A4 under Bristol Gate,A3029,357000,172370,51.44867125,-2.6201651,0.3,0.19,21,4,205,5,35,7,3,1,0,1,1,13,262
74782,W,2023,28/03/2023,15,A4,Major,A4 under Bristol Gate,A3029,357000,172370,51.44867125,-2.6201651,0.3,0.19,13,5,233,7,67,1,1,0,0,0,0,2,314
74782,E,2023,28/03/2023,18,A4,Major,A4 under Bristol Gate,A3029,357000,172370,51.44867125,-2.6201651,0.3,0.19,10,0,0,0,0,0,0,0,0,0,0,0,0
74782,E,2023,28/03/2023,13,A4,Major,A4 under Bristol Gate,A3029,357000,172370,51.44867125,-2.6201651,0.3,0.19,2,0,0,0,0,0,0,0,0,0,0,0,0
81538,S,2021,14/07/2023,7,A3029,Major,A370,A369,356780,171700,51.4426304,-2.6232488,0.9,0.56,5,13,1159,16,345,27,10,14,3,13,12,79,1612
81538,S,2021,14/07/2023,12,A3029,Major,A370,A369,356780,171700,51.4426304,-2.6232488,0.9,0.56,2,45,2102,25,445,23,2,26,4,13,15,83,2700
81538,S,2021,14/07/2023,15,A3029,Major,A370,A369,356780,171700,51.4426304,-2.6232488,0.9,0.56,2,47,2358,22,556,39,2,26,1,5,15,88,3071
81538,N,2023,14/07/2023,14,A3029,Major,A370,A369,356780,171700,51.4426304,-2.6232488,0.9,0.56,0,16,1450,20,296,32,6,18,0,8,11,75,1857
81538,N,2023,14/07/2023,16,A3029,Major,A370,A369,356780,171700,51.4426304,-2.6232488,0.9,0.56,0,14,1677,19,250,12,1,2,1,3,5,24,1984
81538,N,2023,14/07/2023,17,A3029,Major,A370,A369,356780,171700,51.4426304,-2.6232488,0.9,0.56,0,16,1706,17,149,13,1,0,0,5,8,27,1915
81538,N,2023,14/07/2023,9,A3029,Major,A370,A369,356780,171700,51.4426304,-2.6232488,0.9,0.56,2,13,1347,22,325,34,9,23,8,14,15,103,1810
81538,N,2023,14/07/2023,18,A3029,Major,A370,A369,356780,171700,51.4426304,-2.6232488,0.9,0.56,0,29,1512,21,121,5,0,2,2,7,6,22,1705
81538,S,2023,14/07/2023,7,A3029,Major,A370,A369,356780,171700,51.4426304,-2.6232488,0.9,0.56,1,13,1169,18,314,22,3,21,2,10,11,69,1583
81538,S,2023,14/07/2023,17,A3029,Major,A370,A369,356780,171700,51.4426304,-2.6232488,0.9,0.56,4,49,2387,23,258,9,2,1,0,5,7,24,2741
81538,S,2023,14/07/2023,16,A3029,Major,A370,A369,356780,171700,51.4426304,-2.6232488,0.9,0.56,3,36,2364,20,370,19,2,6,0,9,9,45,2835
81538,S,2023,14/07/2023,15,A3029,Major,A370,A369,356780,171700,51.4426304,-2.6232488,0.9,0.56,0,26,1846,21,405,28,5,11,1,9,11,65,2363
81538,N,2023,14/07/2023,7,A3029,Major,A370,A369,356780,171700,51.4426304,-2.6232488,0.9,0.56,3,41,1418,15,502,35,5,31,2,8,16,97,2073
81538,S,2023,14/07/2023,9,A3029,Major,A370,A369,356780,171700,51.4426304,-2.6232488,0.9,0.56,0,11,1138,24,333,22,9,21,2,9,16,79,1585
81538,N,2023,14/07/2023,13,A3029,Major,A370,A369,356780,171700,51.4426304,-2.6232488,0.9,0.56,1,12,1448,18,308,44,6,20,2,7,12,91,1877
81538,S,2023,14/07/2023,10,A3029,Major,A370,A369,356780,171700,51.4426304,-2.6232488,0.9,0.56,0,11,1246,19,340,41,8,26,0,14,11,100,1716
81538,S,2023,14/07/2023,11,A3029,Major,A370,A369,356780,171700,51.4426304,-2.6232488,0.9,0.56,1,10,1448,18,342,30,7,26,3,8,10,84,1902
81538,N,2023,14/07/2023,8,A3029,Major,A370,A369,356780,171700,51.4426304,-2.6232488,0.9,0.56,0,22,1396,28,423,32,6,26,5,9,17,95,1964
81538,N,2023,14/07/2023,15,A3029,Major,A370,A369,356780,171700,51.4426304,-2.6232488,0.9,0.56,0,16,1276,17,208,18,1,9,1,3,10,42,1559
81538,S,2023,14/07/2023,14,A3029,Major,A370,A369,356780,171700,51.4426304,-2.6232488,0.9,0.56,0,18,2033,25,412,24,2,19,1,11,12,69,2557
81538,N,2023,14/07/2023,10,A3029,Major,A370,A369,356780,171700,51.4426304,-2.6232488,0.9,0.56,0,11,1217,20,319,30,8,21,3,5,16,83,1650
81538,S,2023,14/07/2023,18,A3029,Major,A370,A369,356780,171700,51.4426304,-2.6232488,0.9,0.56,1,37,1924,18,170,0,1,1,4,5,3,14,2163
81538,N,2023,14/07/2023,12,A3029,Major,A370,A369,356780,171700,51.4426304,-2.6232488,0.9,0.56,0,16,1493,18,332,33,6,14,2,6,13,74,1933
81538,S,2023,14/07/2023,12,A3029,Major,A370,A369,356780,171700,51.4426304,-2.6232488,0.9,0.56,0,20,1729,20,379,35,4,19,0,9,13,80,2228
89003,E,2019,11/07/2023,7,A4,Major,A4162,A403,352801,176481,51.48529819,-2.68113575,3.4,2.11,14,16,712,11,142,37,6,27,5,9,11,95,976
89003,E,2019,11/07/2023,15,A4,Major,A4162,A403,352801,176481,51.48529819,-2.68113575,3.4,2.11,5,12,701,8,142,15,6,14,8,9,11,63,926
89003,E,2019,11/07/2023,18,A4,Major,A4162,A403,352801,176481,51.48529819,-2.68113575,3.4,2.11,6,15,698,8,68,10,0,1,0,2,1,14,803
89003,W,2023,11/07/2023,10,A4,Major,A4162,A403,352801,176481,51.48529819,-2.68113575,3.4,2.11,3,1,430,5,161,24,5,19,3,7,18,76,673
89003,E,2023,11/07/2023,13,A4,Major,A4162,A403,352801,176481,51.48529819,-2.68113575,3.4,2.11,4,3,475,5,126,21,9,15,3,9,14,71,680
89003,W,2023,11/07/2023,7,A4,Major,A4162,A403,352801,176481,51.48529819,-2.68113575,3.4,2.11,10,18,767,8,199,20,5,27,4,4,8,68,1060
89003,E,2023,11/07/2023,10,A4,Major,A4162,A403,352801,176481,51.48529819,-2.68113575,3.4,2.11,3,1,439,9,161,17,7,21,2,9,13,69,679
89003,E,2023,11/07/2023,15,A4,Major,A4162,A403,352801,176481,51.48529819,-2.68113575,3.4,2.11,7,9,465,8,149,11,2,16,2,15,15,61,692
89003,W,2023,11/07/2023,9,A4,Major,A4162,A403,352801,176481,51.48529819,-2.68113575,3.4,2.11,3,3,511,9,132,27,8,16,2,12,17,82,737
89003,W,2023,11/07/2023,11,A4,Major,A4162,A403,352801,176481,51.48529819,-2.68113575,3.4,2.11,1,1,447,6,134,28,8,22,7,7,17,89,677
89003,E,2023,11/07/2023,8,A4,Major,A4162,A403,352801,176481,51.48529819,-2.68113575,3.4,2.11,2,7,712,9,197,26,10,18,3,5,14,76,1001
89003,E,2023,11/07/2023,11,A4,Major,A4162,A403,352801,176481,51.48529819,-2.68113575,3.4,2.11,2,4,458,9,139,15,9,18,1,8,18,69,679
89003,W,2023,11/07/2023,14,A4,Major,A4162,A403,352801,176481,51.48529819,-2.68113575,3.4,2.11,2,6,522,7,162,34,11,15,3,11,14,88,785
89003,E,2023,11/07/2023,17,A4,Major,A4162,A403,352801,176481,51.48529819,-2.68113575,3.4,2.11,8,18,858,7,111,7,2,2,1,3,4,19,1013
89003,W,2023,11/07/2023,8,A4,Major,A4162,A403,352801,176481,51.48529819,-2.68113575,3.4,2.11,9,6,727,6,151,13,6,30,5,7,16,77,967
89003,E,2023,11/07/2023,18,A4,Major,A4162,A403,352801,176481,51.48529819,-2.68113575,3.4,2.11,7,8,610,6,70,0,0,1,0,2,2,5,699
89003,W,2023,11/07/2023,18,A4,Major,A4162,A403,352801,176481,51.48529819,-2.68113575,3.4,2.11,4,9,571,6,78,5,0,4,2,4,9,24,688
89003,E,2023,11/07/2023,16,A4,Major,A4162,A403,352801,176481,51.48529819,-2.68113575,3.4,2.11,16,17,650,8,146,7,2,6,0,3,9,27,848
89003,E,2023,11/07/2023,14,A4,Major,A4162,A403,352801,176481,51.48529819,-2.68113575,3.4,2.11,2,6,544,5,110,16,5,22,2,4,10,59,724
89003,W,2023,11/07/2023,13,A4,Major,A4162,A403,352801,176481,51.48529819,-2.68113575,3.4,2.11,4,0,504,7,151,25,18,25,6,10,22,106,768
89003,W,2023,11/07/2023,17,A4,Major,A4162,A403,352801,176481,51.48529819,-2.68113575,3.4,2.11,6,12,822,8,115,12,1,5,0,7,13,38,995
89003,E,2023,11/07/2023,9,A4,Major,A4162,A403,352801,176481,51.48529819,-2.68113575,3.4,2.11,6,4,514,8,182,14,5,17,3,7,16,62,770
89003,E,2023,11/07/2023,12,A4,Major,A4162,A403,352801,176481,51.48529819,-2.68113575,3.4,2.11,2,2,490,6,123,20,5,20,1,2,13,61,682
89003,E,2023,11/07/2023,7,A4,Major,A4162,A403,352801,176481,51.48529819,-2.68113575,3.4,2.11,12,6,638,12,120,39,11,26,3,3,20,102,878
92040,S,2020,03/05/2024,17,A4044,Major,lat: 51.4488 long: -2.5842,lat: 51.4558 long: -2.5835,359505,172839,51.45307373,-2.58417324,1.1,0.68,16,26,801,13,120,6,0,0,1,8,5,20,980
92040,N,2020,03/05/2024,8,A4044,Major,lat: 51.4488 long: -2.5842,lat: 51.4558 long: -2.5835,359505,172839,51.45307373,-2.58417324,1.1,0.68,19,10,621,20,228,15,4,9,3,6,9,46,925
92040,S,2020,03/05/2024,8,A4044,Major,lat: 51.4488 long: -2.5842,lat: 51.4558 long: -2.5835,359505,172839,51.45307373,-2.58417324,1.1,0.68,16,14,541,16,212,20,6,13,2,7,10,58,841
92040,S,2024,03/05/2024,7,A4044,Major,lat: 51.4488 long: -2.5842,lat: 51.4558 long: -2.5835,359505,172839,51.45307373,-2.58417324,1.1,0.68,33,12,894,12,218,19,5,11,0,1,16,52,1188
92040,S,2024,03/05/2024,10,A4044,Major,lat: 51.4488 long: -2.5842,lat: 51.4558 long: -2.5835,359505,172839,51.45307373,-2.58417324,1.1,0.68,16,28,841,9,210,27,0,17,0,4,12,60,1148
92040,N,2024,03/05/2024,14,A4044,Major,lat: 51.4488 long: -2.5842,lat: 51.4558 long: -2.5835,359505,172839,51.45307373,-2.58417324,1.1,0.68,17,34,982,15,197,16,0,9,0,0,6,31,1259
92040,S,2024,03/05/2024,13,A4044,Major,lat: 51.4488 long: -2.5842,lat: 51.4558 long: -2.5835,359505,172839,51.45307373,-2.58417324,1.1,0.68,16,29,1063,12,253,25,2,12,0,2,13,54,1411
92040,N,2024,03/05/2024,15,A4044,Major,lat: 51.4488 long: -2.5842,lat: 51.4558 long: -2.5835,359505,172839,51.45307373,-2.58417324,1.1,0.68,21,27,1061,16,197,9,0,6,0,0,3,18,1319
92040,S,2024,03/05/2024,9,A4044,Major,lat: 51.4488 long: -2.5842,lat: 51.4558 long: -2.5835,359505,172839,51.45307373,-2.58417324,1.1,0.68,15,18,831,11,207,27,3,22,0,0,15,67,1134
92040,N,2024,03/05/2024,10,A4044,Major,lat: 51.4488 long: -2.5842,lat: 51.4558 long: -2.5835,359505,172839,51.45307373,-2.58417324,1.1,0.68,10,14,841,16,260,19,5,6,0,0,11,41,1172
92040,S,2024,03/05/2024,17,A4044,Major,lat: 51.4488 long: -2.5842,lat: 51.4558 long: -2.5835,359505,172839,51.45307373,-2.58417324,1.1,0.68,40,52,1233,15,125,9,0,0,0,2,7,18,1443
92040,S,2024,03/05/2024,18,A4044,Major,lat: 51.4488 long: -2.5842,lat: 51.4558 long: -2.5835,359505,172839,51.45307373,-2.58417324,1.1,0.68,23,43,1217,12,111,0,0,0,0,1,3,4,1387
92040,N,2024,03/05/2024,17,A4044,Major,lat: 51.4488 long: -2.5842,lat: 51.4558 long: -2.5835,359505,172839,51.45307373,-2.58417324,1.1,0.68,26,31,1094,18,96,6,0,1,0,0,5,12,1251
92040,S,2024,03/05/2024,15,A4044,Major,lat: 51.4488 long: -2.5842,lat: 51.4558 long: -2.5835,359505,172839,51.45307373,-2.58417324,1.1,0.68,19,15,816,6,132,9,2,5,0,0,9,25,994
92040,S,2024,03/05/2024,11,A4044,Major,lat: 51.4488 long: -2.5842,lat: 51.4558 long: -2.5835,359505,172839,51.45307373,-2.58417324,1.1,0.68,13,16,749,7,178,19,1,12,0,13,13,58,1008
92040,N,2024,03/05/2024,18,A4044,Major,lat: 51.4488 long: -2.5842,lat: 51.4558 long: -2.5835,359505,172839,51.45307373,-2.58417324,1.1,0.68,25,37,1082,16,69,8,0,4,0,3,5,20,1224
92040,S,2024,03/05/2024,16,A4044,Major,lat: 51.4488 long: -2.5842,lat: 51.4558 long: -2.5835,359505,172839,51.45307373,-2.58417324,1.1,0.68,28,35,1260,15,166,13,0,4,0,2,5,24,1500
92040,N,2024,03/05/2024,11,A4044,Major,lat: 51.4488 long: -2.5842,lat: 51.4558 long: -2.5835,359505,172839,51.45307373,-2.58417324,1.1,0.68,12,24,932,12,254,22,5,8,0,1,10,46,1268
92040,N,2024,03/05/2024,12,A4044,Major,lat: 51.4488 long: -2.5842,lat: 51.4558 long: -2.5835,359505,172839,51.45307373,-2.58417324,1.1,0.68,14,28,1011,13,267,16,0,13,0,0,12,41,1360
92040,N,2024,03/05/2024,16,A4044,Major,lat: 51.4488 long: -2.5842,lat: 51.4558 long: -2.5835,359505,172839,51.45307373,-2.58417324,1.1,0.68,16,25,958,15,140,6,1,4,4,1,2,18,1156
92040,N,2024,03/05/2024,7,A4044,Major,lat: 51.4488 long: -2.5842,lat: 51.4558 long: -2.5835,359505,172839,51.45307373,-2.58417324,1.1,0.68,15,12,986,18,273,16,4,6,0,3,9,38,1327
92040,N,2024,03/05/2024,13,A4044,Major,lat: 51.4488 long: -2.5842,lat: 51.4558 long: -2.5835,359505,172839,51.45307373,-2.58417324,1.1,0.68,8,27,971,16,207,15,1,9,0,0,11,36,1257
92040,S,2024,03/05/2024,12,A4044,Major,lat: 51.4488 long: -2.5842,lat: 51.4558 long: -2.5835,359505,172839,51.45307373,-2.58417324,1.1,0.68,14,30,954,13,221,23,4,3,0,4,10,44,1262
92040,N,2024,03/05/2024,9,A4044,Major,lat: 51.4488 long: -2.5842,lat: 51.4558 long: -2.5835,359505,172839,51.45307373,-2.58417324,1.1,0.68,25,22,936,13,243,20,3,9,0,3,13,48,1262
93063,E,2022,15/05/2024,15,A432,Major,Junction A4320/A432 (South of M32 J3),LA Boundary,364000,176170,51.48332784,-2.51982623,4.8,2.98,18,9,272,1,47,3,0,0,0,0,0,3,332
93063,W,2022,15/05/2024,8,A432,Major,Junction A4320/A432 (South of M32 J3),LA Boundary,364000,176170,51.48332784,-2.51982623,4.8,2.98,52,5,332,5,49,3,0,0,0,2,1,6,397
93063,E,2022,15/05/2024,9,A432,Major,Junction A4320/A432 (South of M32 J3),LA Boundary,364000,176170,51.48332784,-2.51982623,4.8,2.98,8,4,235,3,62,4,0,0,0,0,1,5,309
96228,S,2024,15/05/2024,14,A3029,Major,A370,A369,356800,171740,51.44299156,-2.62296591,0.2,0.12,1,50,1715,29,428,33,5,24,7,15,9,93,2315
96228,S,2024,15/05/2024,18,A3029,Major,A370,A369,356800,171740,51.44299156,-2.62296591,0.2,0.12,20,65,1759,22,150,6,2,1,0,0,1,10,2006
96228,N,2024,15/05/2024,13,A3029,Major,A370,A369,356800,171740,51.44299156,-2.62296591,0.2,0.12,6,17,1377,22,285,51,10,15,8,12,14,110,1811
96228,N,2024,15/05/2024,14,A3029,Major,A370,A369,356800,171740,51.44299156,-2.62296591,0.2,0.12,9,25,1386,24,287,41,11,17,5,9,21,104,1826
96228,N,2024,15/05/2024,15,A3029,Major,A370,A369,356800,171740,51.44299156,-2.62296591,0.2,0.12,3,32,1579,27,293,22,2,11,2,7,18,62,1993
96228,S,2024,15/05/2024,8,A3029,Major,A370,A369,356800,171740,51.44299156,-2.62296591,0.2,0.12,4,20,1698,16,292,42,11,24,3,8,23,111,2137
96228,S,2024,15/05/2024,15,A3029,Major,A370,A369,356800,171740,51.44299156,-2.62296591,0.2,0.12,8,41,1939,21,491,27,8,21,9,11,10,86,2578
96228,N,2024,15/05/2024,17,A3029,Major,A370,A369,356800,171740,51.44299156,-2.62296591,0.2,0.12,14,29,1359,20,154,5,2,0,1,2,9,19,1581
96228,N,2024,15/05/2024,7,A3029,Major,A370,A369,356800,171740,51.44299156,-2.62296591,0.2,0.12,16,43,1994,23,533,31,5,38,3,3,27,107,2700
96228,N,2024,15/05/2024,9,A3029,Major,A370,A369,356800,171740,51.44299156,-2.62296591,0.2,0.12,5,33,1549,24,347,37,10,30,1,9,28,115,2068
96228,S,2024,15/05/2024,9,A3029,Major,A370,A369,356800,171740,51.44299156,-2.62296591,0.2,0.12,1,18,1352,28,306,40,9,8,1,11,22,91,1795
96228,S,2024,15/05/2024,11,A3029,Major,A370,A369,356800,171740,51.44299156,-2.62296591,0.2,0.12,0,28,1401,21,351,53,8,23,1,8,22,115,1916
96228,N,2024,15/05/2024,8,A3029,Major,A370,A369,356800,171740,51.44299156,-2.62296591,0.2,0.12,7,38,1672,28,342,43,14,27,1,6,13,104,2184
96228,N,2024,15/05/2024,12,A3029,Major,A370,A369,356800,171740,51.44299156,-2.62296591,0.2,0.12,6,29,1328,21,335,41,15,17,0,4,16,93,1806
96228,S,2024,15/05/2024,16,A3029,Major,A370,A369,356800,171740,51.44299156,-2.62296591,0.2,0.12,12,59,2242,26,457,20,4,23,1,7,11,66,2850
96228,N,2024,15/05/2024,11,A3029,Major,A370,A369,356800,171740,51.44299156,-2.62296591,0.2,0.12,2,21,1239,22,322,51,8,26,4,12,14,115,1719
96228,S,2024,15/05/2024,10,A3029,Major,A370,A369,356800,171740,51.44299156,-2.62296591,0.2,0.12,1,16,1251,23,322,40,19,24,6,6,13,108,1720
96228,S,2024,15/05/2024,7,A3029,Major,A370,A369,356800,171740,51.44299156,-2.62296591,0.2,0.12,7,14,1498,12,312,27,7,14,2,4,16,70,1906
96228,N,2024,15/05/2024,10,A3029,Major,A370,A369,356800,171740,51.44299156,-2.62296591,0.2,0.12,2,18,1309,16,309,43,13,8,4,9,16,93,1745
96228,S,2024,15/05/2024,17,A3029,Major,A370,A369,356800,171740,51.44299156,-2.62296591,0.2,0.12,16,65,2276,21,266,5,0,4,1,3,3,16,2644
96228,N,2024,15/05/2024,16,A3029,Major,A370,A369,356800,171740,51.44299156,-2.62296591,0.2,0.12,5,21,1713,19,321,20,2,2,0,6,7,37,2111
99620,W,2022,15/05/2023,14,M5,Major,18,18A,353517,178492,51.50343796,-2.67109128,1,0.62,0,7,3293,7,576,46,6,8,8,14,61,143,4026
99620,E,2022,15/05/2023,13,M5,Major,18,18A,353517,178492,51.50343796,-2.67109128,1,0.62,0,8,2670,7,529,54,12,5,8,35,102,216,3430
99620,W,2022,15/05/2023,13,M5,Major,18,18A,353517,178492,51.50343796,-2.67109128,1,0.62,0,9,3623,8,539,69,7,9,8,25,115,233,4412
99620,E,2023,15/05/2023,11,M5,Major,18,18A,353517,178492,51.50343796,-2.67109128,1,0.62,0,15,2652,17,556,34,13,5,15,42,136,245,3485
99620,W,2023,15/05/2023,13,M5,Major,18,18A,353517,178492,51.50343796,-2.67109128,1,0.62,0,10,2549,8,532,42,12,10,7,44,94,209,3308
99620,W,2023,15/05/2023,14,M5,Major,18,18A,353517,178492,51.50343796,-2.67109128,1,0.62,0,8,2485,26,605,60,13,4,6,58,97,238,3362
99620,E,2023,15/05/2023,12,M5,Major,18,18A,353517,178492,51.50343796,-2.67109128,1,0.62,0,6,2682,5,607,51,17,12,10,53,119,262,3562
99620,W,2023,15/05/2023,17,M5,Major,18,18A,353517,178492,51.50343796,-2.67109128,1,0.62,0,14,2670,9,514,19,7,4,3,42,66,141,3348
99620,W,2023,15/05/2023,10,M5,Major,18,18A,353517,178492,51.50343796,-2.67109128,1,0.62,0,3,2072,14,581,55,15,7,11,57,114,259,2929
99620,W,2023,15/05/2023,12,M5,Major,18,18A,353517,178492,51.50343796,-2.67109128,1,0.62,0,6,2715,9,570,50,13,13,8,58,102,244,3544
99620,E,2023,15/05/2023,7,M5,Major,18,18A,353517,178492,51.50343796,-2.67109128,1,0.62,0,21,2540,5,870,33,15,10,6,37,99,200,3636
99620,E,2023,15/05/2023,15,M5,Major,18,18A,353517,178492,51.50343796,-2.67109128,1,0.62,0,4,2062,8,597,43,14,8,10,47,129,251,2922
99620,W,2023,15/05/2023,7,M5,Major,18,18A,353517,178492,51.50343796,-2.67109128,1,0.62,0,4,1870,7,925,71,16,13,8,63,97,268,3074
99620,E,2023,15/05/2023,14,M5,Major,18,18A,353517,178492,51.50343796,-2.67109128,1,0.62,0,14,2281,9,571,47,13,4,8,62,118,252,3127
99620,E,2023,15/05/2023,13,M5,Major,18,18A,353517,178492,51.50343796,-2.67109128,1,0.62,0,6,2337,4,610,41,16,13,12,81,108,271,3228
99620,E,2023,15/05/2023,16,M5,Major,18,18A,353517,178492,51.50343796,-2.67109128,1,0.62,0,7,2217,10,695,34,5,3,9,49,123,223,3152
99620,E,2023,15/05/2023,10,M5,Major,18,18A,353517,178492,51.50343796,-2.67109128,1,0.62,0,13,2324,23,475,38,13,10,5,49,121,236,3071
99620,E,2023,15/05/2023,18,M5,Major,18,18A,353517,178492,51.50343796,-2.67109128,1,0.62,0,5,1585,4,317,25,9,4,6,38,92,174,2085
99620,E,2023,15/05/2023,9,M5,Major,18,18A,353517,178492,51.50343796,-2.67109128,1,0.62,0,7,2035,7,529,43,7,16,11,39,123,239,2817
99620,W,2023,15/05/2023,18,M5,Major,18,18A,353517,178492,51.50343796,-2.67109128,1,0.62,0,8,1841,2,298,14,5,4,6,27,49,105,2254
99620,W,2023,15/05/2023,9,M5,Major,18,18A,353517,178492,51.50343796,-2.67109128,1,0.62,0,4,1585,8,623,56,11,7,4,49,104,231,2451
99620,W,2023,15/05/2023,16,M5,Major,18,18A,353517,178492,51.50343796,-2.67109128,1,0.62,0,16,2689,2,717,26,6,14,6,50,74,176,3600
99620,E,2023,15/05/2023,17,M5,Major,18,18A,353517,178492,51.50343796,-2.67109128,1,0.62,0,7,2143,8,473,27,7,6,11,45,108,204,2835
99620,W,2023,15/05/2023,15,M5,Major,18,18A,353517,178492,51.50343796,-2.67109128,1,0.62,0,17,2314,18,661,37,14,16,6,52,79,204,3214
99620,W,2023,11/07/2024,8,M5,Major,18,18A,353517,178492,51.50343796,-2.67109128,1,0.62,0,8,1811,5,776,55,12,13,8,57,103,248,2848
99620,W,2023,11/07/2024,11,M5,Major,18,18A,353517,178492,51.50343796,-2.67109128,1,0.62,0,6,2645,11,566,41,15,11,4,53,123,247,3475
99620,E,2023,11/07/2024,8,M5,Major,18,18A,353517,178492,51.50343796,-2.67109128,1,0.62,0,7,2413,4,669,39,12,14,11,36,120,232,3325
99620,W,2024,11/07/2024,7,M5,Major,18,18A,353517,178492,51.50343796,-2.67109128,1,0.62,0,5,1708,1,826,97,23,12,10,28,186,356,2896
99620,E,2024,11/07/2024,18,M5,Major,18,18A,353517,178492,51.50343796,-2.67109128,1,0.62,0,10,2142,3,353,32,2,5,5,14,95,153,2661
99620,W,2024,11/07/2024,11,M5,Major,18,18A,353517,178492,51.50343796,-2.67109128,1,0.62,0,7,2227,13,488,43,13,9,8,21,115,209,2944
99620,E,2024,11/07/2024,12,M5,Major,18,18A,353517,178492,51.50343796,-2.67109128,1,0.62,0,16,2554,2,557,49,18,9,11,30,129,246,3375
99620,E,2024,11/07/2024,10,M5,Major,18,18A,353517,178492,51.50343796,-2.67109128,1,0.62,0,22,2220,9,504,63,20,9,6,35,161,294,3049
99620,W,2024,11/07/2024,13,M5,Major,18,18A,353517,178492,51.50343796,-2.67109128,1,0.62,0,12,2422,3,527,57,18,11,8,26,135,255,3219
99620,E,2024,11/07/2024,14,M5,Major,18,18A,353517,178492,51.50343796,-2.67109128,1,0.62,0,4,2399,6,604,68,11,13,9,33,153,287,3300
99620,E,2024,11/07/2024,15,M5,Major,18,18A,353517,178492,51.50343796,-2.67109128,1,0.62,0,11,2403,10,679,50,15,6,4,27,141,243,3346
99620,W,2024,11/07/2024,14,M5,Major,18,18A,353517,178492,51.50343796,-2.67109128,1,0.62,0,20,2671,6,621,58,8,13,7,23,130,239,3557
99620,E,2024,11/07/2024,17,M5,Major,18,18A,353517,178492,51.50343796,-2.67109128,1,0.62,0,9,2455,4,454,33,9,2,7,34,110,195,3117
99620,W,2024,11/07/2024,9,M5,Major,18,18A,353517,178492,51.50343796,-2.67109128,1,0.62,0,9,1649,9,505,49,5,6,4,30,162,256,2428
99620,E,2024,11/07/2024,7,M5,Major,18,18A,353517,178492,51.50343796,-2.67109128,1,0.62,0,18,2470,5,803,53,18,17,10,19,135,252,3548
99620,E,2024,11/07/2024,11,M5,Major,18,18A,353517,178492,51.50343796,-2.67109128,1,0.62,0,13,2365,10,515,75,15,11,12,32,129,274,3177
99620,E,2024,11/07/2024,9,M5,Major,18,18A,353517,178492,51.50343796,-2.67109128,1,0.62,0,14,2119,5,523,55,20,9,7,25,157,273,2934
99620,W,2024,11/07/2024,17,M5,Major,18,18A,353517,178492,51.50343796,-2.67109128,1,0.62,0,43,3311,7,535,34,6,4,5,20,70,139,4035
99620,W,2024,11/07/2024,15,M5,Major,18,18A,353517,178492,51.50343796,-2.67109128,1,0.62,0,29,2813,4,707,51,8,8,5,13,110,195,3748
99620,W,2024,11/07/2024,18,M5,Major,18,18A,353517,178492,51.50343796,-2.67109128,1,0.62,0,14,2506,8,374,26,6,1,4,12,56,105,3007
99620,W,2024,11/07/2024,12,M5,Major,18,18A,353517,178492,51.50343796,-2.67109128,1,0.62,0,6,2403,8,485,50,12,11,10,22,132,237,3139
99620,W,2024,11/07/2024,16,M5,Major,18,18A,353517,178492,51.50343796,-2.67109128,1,0.62,0,23,3212,5,736,44,8,10,7,18,86,173,4149
99620,W,2024,11/07/2024,8,M5,Major,18,18A,353517,178492,51.50343796,-2.67109128,1,0.62,0,5,1898,3,729,76,12,10,9,19,158,284,2919
99620,E,2024,11/07/2024,8,M5,Major,18,18A,353517,178492,51.50343796,-2.67109128,1,0.62,1,22,2517,8,685,55,17,6,11,19,114,222,3454
800198,N,2022,29/09/2023,15,B3120,Minor,,,357516,171578,51.4415895,-2.61264523,,,12,5,294,4,54,1,0,0,0,0,0,1,358
800198,S,2022,29/09/2023,18,B3120,Minor,,,357516,171578,51.4415895,-2.61264523,,,28,15,265,3,30,0,0,0,0,0,0,0,313
800198,N,2022,29/09/2023,18,B3120,Minor,,,357516,171578,51.4415895,-2.61264523,,,11,17,308,6,29,0,0,0,0,0,0,0,360
800198,S,2023,29/09/2023,15,B3120,Minor,,,357516,171578,51.4415895,-2.61264523,,,44,5,280,5,55,0,0,0,0,0,0,0,345
800198,N,2023,29/09/2023,13,B3120,Minor,,,357516,171578,51.4415895,-2.61264523,,,20,6,263,3,66,2,1,0,1,0,0,4,342
800198,N,2023,29/09/2023,15,B3120,Minor,,,357516,171578,51.4415895,-2.61264523,,,23,19,329,5,58,0,0,0,0,0,0,0,411
800198,N,2023,29/09/2023,7,B3120,Minor,,,357516,171578,51.4415895,-2.61264523,,,28,2,226,2,63,4,1,1,0,0,0,6,299
800198,N,2023,29/09/2023,10,B3120,Minor,,,357516,171578,51.4415895,-2.61264523,,,21,12,227,4,85,4,2,0,0,0,0,6,334
800198,N,2023,29/09/2023,14,B3120,Minor,,,357516,171578,51.4415895,-2.61264523,,,16,12,266,4,68,6,2,1,0,0,0,9,359
800198,N,2023,29/09/2023,17,B3120,Minor,,,357516,171578,51.4415895,-2.61264523,,,47,21,350,4,53,1,0,0,0,0,0,1,429
800198,S,2023,29/09/2023,8,B3120,Minor,,,357516,171578,51.4415895,-2.61264523,,,28,1,224,4,60,0,2,0,0,0,0,2,291
800198,S,2023,29/09/2023,12,B3120,Minor,,,357516,171578,51.4415895,-2.61264523,,,25,10,262,4,51,4,0,0,0,0,0,4,331
800198,S,2023,29/09/2023,13,B3120,Minor,,,357516,171578,51.4415895,-2.61264523,,,26,10,224,4,64,1,0,0,0,0,0,1,303
800198,N,2023,29/09/2023,11,B3120,Minor,,,357516,171578,51.4415895,-2.61264523,,,19,9,254,4,63,3,0,0,0,0,0,3,333
800198,S,2023,29/09/2023,18,B3120,Minor,,,357516,171578,51.4415895,-2.61264523,,,39,19,285,4,21,0,0,0,0,0,0,0,329
800198,S,2023,29/09/2023,9,B3120,Minor,,,357516,171578,51.4415895,-2.61264523,,,21,4,182,4,53,3,1,0,0,1,0,5,248
800198,S,2023,29/09/2023,14,B3120,Minor,,,357516,171578,51.4415895,-2.61264523,,,23,7,216,4,57,1,0,0,1,0,0,2,286
800198,N,2023,29/09/2023,16,B3120,Minor,,,357516,171578,51.4415895,-2.61264523,,,25,8,263,2,61,1,0,0,0,0,0,1,335
800198,S,2023,29/09/2023,7,B3120,Minor,,,357516,171578,51.4415895,-2.61264523,,,15,0,103,3,30,3,1,0,0,0,0,4,140
800198,N,2023,29/09/2023,9,B3120,Minor,,,357516,171578,51.4415895,-2.61264523,,,26,5,267,4,77,4,3,0,0,1,0,8,361
800198,N,2023,29/09/2023,18,B3120,Minor,,,357516,171578,51.4415895,-2.61264523,,,23,22,258,5,37,0,0,0,0,0,0,0,322
800198,S,2023,29/09/2023,16,B3120,Minor,,,357516,171578,51.4415895,-2.61264523,,,30,7,297,3,74,1,0,0,0,0,0,1,382
800198,N,2023,29/09/2023,12,B3120,Minor,,,357516,171578,51.4415895,-2.61264523,,,29,14,312,4,77,5,1,0,0,0,0,6,413
800198,N,2023,29/09/2023,8,B3120,Minor,,,357516,171578,51.4415895,-2.61264523,,,49,2,333,3,85,1,1,1,0,0,0,3,426
800198,S,2023,27/09/2024,11,B3120,Minor,,,357516,171578,51.4415895,-2.61264523,,,12,7,202,5,62,5,3,0,0,0,0,8,284
800198,S,2023,27/09/2024,17,B3120,Minor,,,357516,171578,51.4415895,-2.61264523,,,54,10,353,5,60,0,0,0,0,0,0,0,428
800198,S,2023,27/09/2024,10,B3120,Minor,,,357516,171578,51.4415895,-2.61264523,,,19,3,192,4,48,1,2,0,0,0,0,3,250
800198,N,2024,27/09/2024,11,B3120,Minor,,,357516,171578,51.4415895,-2.61264523,,,16,3,259,4,70,6,0,0,0,0,0,6,342
800198,N,2024,27/09/2024,14,B3120,Minor,,,357516,171578,51.4415895,-2.61264523,,,12,9,302,5,60,2,1,0,0,0,0,3,379
800198,S,2024,27/09/2024,13,B3120,Minor,,,357516,171578,51.4415895,-2.61264523,,,28,12,278,3,48,1,0,0,0,0,0,1,342
800198,S,2024,27/09/2024,16,B3120,Minor,,,357516,171578,51.4415895,-2.61264523,,,41,6,265,3,51,2,0,0,0,0,0,2,327
800198,N,2024,27/09/2024,15,B3120,Minor,,,357516,171578,51.4415895,-2.61264523,,,21,13,317,3,53,3,0,0,0,0,0,3,389
800198,S,2024,27/09/2024,7,B3120,Minor,,,357516,171578,51.4415895,-2.61264523,,,5,0,102,3,32,0,2,0,0,0,0,2,139
800198,S,2024,27/09/2024,11,B3120,Minor,,,357516,171578,51.4415895,-2.61264523,,,10,8,237,4,47,3,1,0,1,0,0,5,301
800198,N,2024,27/09/2024,10,B3120,Minor,,,357516,171578,51.4415895,-2.61264523,,,19,11,284,4,73,5,5,0,0,0,1,11,383
800198,N,2024,27/09/2024,8,B3120,Minor,,,357516,171578,51.4415895,-2.61264523,,,57,3,340,3,70,4,0,1,1,0,0,6,422
800198,S,2024,27/09/2024,17,B3120,Minor,,,357516,171578,51.4415895,-2.61264523,,,52,9,340,3,39,0,1,0,0,0,0,1,392
800198,N,2024,27/09/2024,17,B3120,Minor,,,357516,171578,51.4415895,-2.61264523,,,29,15,302,4,35,0,0,0,0,0,0,0,356
800198,N,2024,27/09/2024,16,B3120,Minor,,,357516,171578,51.4415895,-2.61264523,,,24,9,298,3,49,1,0,0,0,0,0,1,360
800198,N,2024,27/09/2024,9,B3120,Minor,,,357516,171578,51.4415895,-2.61264523,,,21,7,274,4,72,4,3,0,0,0,0,7,364
800198,N,2024,27/09/2024,7,B3120,Minor,,,357516,171578,51.4415895,-2.61264523,,,20,1,259,2,76,4,1,0,0,0,0,5,343
800198,N,2024,27/09/2024,12,B3120,Minor,,,357516,171578,51.4415895,-2.61264523,,,18,2,294,3,68,2,0,0,1,0,0,3,370
800198,N,2024,27/09/2024,13,B3120,Minor,,,357516,171578,51.4415895,-2.61264523,,,27,13,254,4,68,1,1,0,0,0,0,2,341
800198,S,2024,27/09/2024,9,B3120,Minor,,,357516,171578,51.4415895,-2.61264523,,,24,5,205,3,49,4,4,0,0,0,0,8,270
800198,S,2024,27/09/2024,10,B3120,Minor,,,357516,171578,51.4415895,-2.61264523,,,15,6,203,4,58,3,1,0,0,0,0,4,275
800198,N,2024,27/09/2024,18,B3120,Minor,,,357516,171578,51.4415895,-2.61264523,,,36,23,266,4,24,0,0,0,0,0,0,0,317
800198,S,2024,27/09/2024,18,B3120,Minor,,,357516,171578,51.4415895,-2.61264523,,,27,19,279,3,18,0,0,0,0,0,0,0,319
800198,S,2024,27/09/2024,12,B3120,Minor,,,357516,171578,51.4415895,-2.61264523,,,29,4,270,4,51,0,0,0,0,0,0,0,329
801247,N,2022,11/10/2023,15,C,Minor,,,356929,168026,51.40960877,-2.620657,,,1,2,328,0,82,2,0,0,0,0,0,2,414
801247,N,2022,11/10/2023,8,C,Minor,,,356929,168026,51.40960877,-2.620657,,,8,3,415,1,55,6,2,1,0,0,0,9,483
801247,S,2022,11/10/2023,12,C,Minor,,,356929,168026,51.40960877,-2.620657,,,2,3,199,0,53,4,0,0,0,0,0,4,259
801247,S,2023,11/10/2023,16,C,Minor,,,356929,168026,51.40960877,-2.620657,,,12,9,367,1,105,4,0,1,2,0,0,7,489
801247,N,2023,11/10/2023,13,C,Minor,,,356929,168026,51.40960877,-2.620657,,,3,2,226,0,33,3,0,1,0,0,0,4,265
801247,S,2023,11/10/2023,12,C,Minor,,,356929,168026,51.40960877,-2.620657,,,3,4,239,0,62,2,1,1,0,0,0,4,309
801247,N,2023,11/10/2023,9,C,Minor,,,356929,168026,51.40960877,-2.620657,,,2,6,350,1,53,4,1,0,0,1,0,6,416
801247,N,2023,11/10/2023,16,C,Minor,,,356929,168026,51.40960877,-2.620657,,,7,0,289,1,100,3,0,0,0,0,0,3,393
801247,S,2023,11/10/2023,13,C,Minor,,,356929,168026,51.40960877,-2.620657,,,3,4,244,0,66,5,2,0,0,0,0,7,321
801247,N,2023,11/10/2023,14,C,Minor,,,356929,168026,51.40960877,-2.620657,,,4,2,260,0,73,4,0,0,0,0,0,4,339
801247,N,2023,11/10/2023,15,C,Minor,,,356929,168026,51.40960877,-2.620657,,,5,4,307,1,79,2,0,0,0,0,0,2,393
801247,S,2023,11/10/2023,7,C,Minor,,,356929,168026,51.40960877,-2.620657,,,0,1,150,0,65,5,2,0,0,0,1,8,224
801247,N,2023,11/10/2023,11,C,Minor,,,356929,168026,51.40960877,-2.620657,,,0,3,228,0,57,2,0,1,0,0,0,3,291
801247,S,2023,11/10/2023,9,C,Minor,,,356929,168026,51.40960877,-2.620657,,,0,4,213,0,64,2,0,0,0,0,0,2,283
801247,N,2023,11/10/2023,18,C,Minor,,,356929,168026,51.40960877,-2.620657,,,8,5,293,0,33,0,0,0,0,0,0,0,331
801247,N,2023,11/10/2023,12,C,Minor,,,356929,168026,51.40960877,-2.620657,,,4,3,238,0,59,2,3,0,0,0,0,5,305
801247,S,2023,11/10/2023,17,C,Minor,,,356929,168026,51.40960877,-2.620657,,,2,8,448,0,96,4,0,0,0,0,0,4,556
801247,S,2023,11/10/2023,15,C,Minor,,,356929,168026,51.40960877,-2.620657,,,7,4,369,2,87,4,0,1,0,0,0,5,467
801247,S,2023,11/10/2023,18,C,Minor,,,356929,168026,51.40960877,-2.620657,,,3,6,346,0,64,3,0,0,0,0,0,3,419
801247,S,2023,11/10/2023,8,C,Minor,,,356929,168026,51.40960877,-2.620657,,,5,1,271,1,57,1,0,0,0,0,0,1,331
801247,N,2023,11/10/2023,7,C,Minor,,,356929,168026,51.40960877,-2.620657,,,3,2,348,1,130,4,3,0,0,0,0,7,488
801247,N,2023,11/10/2023,10,C,Minor,,,356929,168026,51.40960877,-2.620657,,,1,2,245,0,44,4,0,1,1,0,0,6,297
801247,S,2023,11/10/2023,14,C,Minor,,,356929,168026,51.40960877,-2.620657,,,2,4,313,1,76,4,1,0,0,0,0,5,399
801247,S,2023,11/10/2023,11,C,Minor,,,356929,168026,51.40960877,-2.620657,,,1,0,252,0,75,6,2,0,0,0,0,8,335
801247,N,2023,09/10/2024,17,C,Minor,,,356929,168026,51.40960877,-2.620657,,,2,9,309,0,72,0,0,0,0,0,0,0,390
801247,N,2023,09/10/2024,8,C,Minor,,,356929,168026,51.40960877,-2.620657,,,4,1,398,2,80,4,1,0,1,0,0,6,487
801247,S,2023,09/10/2024,10,C,Minor,,,356929,168026,51.40960877,-2.620657,,,0,2,194,0,52,3,4,2,1,0,0,10,258
801247,N,2024,09/10/2024,12,C,Minor,,,356929,168026,51.40960877,-2.620657,,,2,7,238,1,46,5,2,2,0,0,0,9,301
801247,S,2024,09/10/2024,16,C,Minor,,,356929,168026,51.40960877,-2.620657,,,5,3,422,0,89,1,0,0,0,0,0,1,515
801247,S,2024,09/10/2024,12,C,Minor,,,356929,168026,51.40960877,-2.620657,,,1,6,233,0,64,2,0,0,0,0,0,2,305
801247,N,2024,09/10/2024,16,C,Minor,,,356929,168026,51.40960877,-2.620657,,,0,4,304,2,78,0,0,0,0,0,0,0,388
801247,S,2024,09/10/2024,15,C,Minor,,,356929,168026,51.40960877,-2.620657,,,6,3,360,1,87,2,0,1,0,0,0,3,454
801247,N,2024,09/10/2024,18,C,Minor,,,356929,168026,51.40960877,-2.620657,,,4,8,278,1,37,0,0,0,0,0,0,0,324
801247,S,2024,09/10/2024,7,C,Minor,,,356929,168026,51.40960877,-2.620657,,,0,0,200,0,92,4,0,1,0,0,0,5,297
801247,N,2024,09/10/2024,13,C,Minor,,,356929,168026,51.40960877,-2.620657,,,4,9,257,0,49,1,3,0,0,0,0,4,319
801247,S,2024,09/10/2024,18,C,Minor,,,356929,168026,51.40960877,-2.620657,,,5,8,384,1,41,0,0,0,0,0,0,0,434
801247,N,2024,09/10/2024,15,C,Minor,,,356929,168026,51.40960877,-2.620657,,,0,2,322,1,76,4,0,0,0,0,0,4,405
801247,N,2024,09/10/2024,9,C,Minor,,,356929,168026,51.40960877,-2.620657,,,3,1,326,1,55,2,2,1,1,0,0,6,389
801247,S,2024,09/10/2024,14,C,Minor,,,356929,168026,51.40960877,-2.620657,,,8,7,286,4,49,2,0,1,0,0,0,3,349
801247,S,2024,09/10/2024,17,C,Minor,,,356929,168026,51.40960877,-2.620657,,,5,6,420,0,80,1,0,0,0,0,0,1,507
801247,N,2024,09/10/2024,10,C,Minor,,,356929,168026,51.40960877,-2.620657,,,2,4,243,0,52,3,0,0,0,0,0,3,302
801247,S,2024,09/10/2024,11,C,Minor,,,356929,168026,51.40960877,-2.620657,,,4,2,227,1,62,6,0,1,0,0,0,7,299
801247,S,2024,09/10/2024,9,C,Minor,,,356929,168026,51.40960877,-2.620657,,,2,4,210,0,61,3,1,0,1,0,0,5,280
801247,N,2024,09/10/2024,14,C,Minor,,,356929,168026,51.40960877,-2.620657,,,4,5,260,0,47,2,0,0,0,0,0,2,314
801247,N,2024,09/10/2024,8,C,Minor,,,356929,168026,51.40960877,-2.620657,,,7,2,398,0,69,3,1,0,0,0,0,4,473
801247,S,2024,09/10/2024,13,C,Minor,,,356929,168026,51.40960877,-2.620657,,,1,8,226,0,56,1,0,0,0,0,0,1,291
801247,S,2024,09/10/2024,8,C,Minor,,,356929,168026,51.40960877,-2.620657,,,4,0,299,2,72,1,0,0,0,0,0,1,374
801247,S,2024,09/10/2024,10,C,Minor,,,356929,168026,51.40960877,-2.620657,,,3,3,195,0,61,4,2,1,0,0,0,7,266
801248,E,2021,09/05/2023,17,C,Minor,,,360856,170766,51.43453041,-2.56450098,,,6,6,349,0,32,3,0,0,0,0,0,3,390
801248,E,2021,09/05/2023,8,C,Minor,,,360856,170766,51.43453041,-2.56450098,,,3,2,303,0,142,7,0,0,0,0,0,7,454
801248,E,2021,09/05/2023,15,C,Minor,,,360856,170766,51.43453041,-2.56450098,,,1,3,304,0,74,3,0,0,0,0,0,3,384
801248,E,2023,09/05/2023,9,C,Minor,,,360856,170766,51.43453041,-2.56450098,,,4,1,363,0,122,9,0,0,0,0,0,9,495
801248,E,2023,09/05/2023,13,C,Minor,,,360856,170766,51.43453041,-2.56450098,,,1,3,287,2,99,7,0,0,0,0,0,7,398
801248,W,2023,09/05/2023,8,C,Minor,,,360856,170766,51.43453041,-2.56450098,,,10,1,210,0,53,0,1,0,0,0,0,1,265
801248,E,2023,09/05/2023,15,C,Minor,,,360856,170766,51.43453041,-2.56450098,,,4,2,354,0,107,1,1,0,0,0,0,2,465
801248,W,2023,09/05/2023,17,C,Minor,,,360856,170766,51.43453041,-2.56450098,,,1,4,184,0,31,0,0,0,0,0,0,0,219
801248,W,2023,09/05/2023,16,C,Minor,,,360856,170766,51.43453041,-2.56450098,,,0,0,234,0,69,0,0,0,0,0,0,0,303
801248,W,2023,09/05/2023,12,C,Minor,,,360856,170766,51.43453041,-2.56450098,,,1,1,129,0,41,2,0,0,0,0,0,2,173
801248,W,2023,09/05/2023,10,C,Minor,,,360856,170766,51.43453041,-2.56450098,,,0,3,111,0,37,2,1,0,0,0,0,3,154
801248,W,2023,09/05/2023,11,C,Minor,,,360856,170766,51.43453041,-2.56450098,,,0,3,142,0,24,2,1,0,0,0,0,3,172
801248,E,2023,09/05/2023,16,C,Minor,,,360856,170766,51.43453041,-2.56450098,,,3,9,402,1,118,2,1,0,0,0,0,3,533
801248,E,2023,09/05/2023,14,C,Minor,,,360856,170766,51.43453041,-2.56450098,,,4,7,334,0,111,3,0,0,0,0,0,3,455
801248,W,2023,09/05/2023,18,C,Minor,,,360856,170766,51.43453041,-2.56450098,,,0,5,178,0,29,0,0,0,0,0,0,0,212
801248,W,2023,09/05/2023,15,C,Minor,,,360856,170766,51.43453041,-2.56450098,,,5,2,214,0,47,0,1,0,0,0,0,1,264
801248,W,2023,09/05/2023,9,C,Minor,,,360856,170766,51.43453041,-2.56450098,,,1,0,185,0,34,1,1,0,0,0,0,2,221
801248,E,2023,09/05/2023,8,C,Minor,,,360856,170766,51.43453041,-2.56450098,,,6,2,390,0,164,9,1,0,0,0,0,10,566
801248,E,2023,09/05/2023,17,C,Minor,,,360856,170766,51.43453041,-2.56450098,,,5,8,342,0,78,0,0,0,0,0,0,0,428
801248,E,2023,09/05/2023,12,C,Minor,,,360856,170766,51.43453041,-2.56450098,,,1,5,342,0,100,7,1,1,0,0,0,9,456
801248,E,2023,09/05/2023,7,C,Minor,,,360856,170766,51.43453041,-2.56450098,,,6,1,498,0,249,0,0,0,0,0,0,0,748
801248,W,2023,09/05/2023,7,C,Minor,,,360856,170766,51.43453041,-2.56450098,,,2,0,118,0,29,1,0,0,0,0,0,1,148
801248,E,2023,09/05/2023,10,C,Minor,,,360856,170766,51.43453041,-2.56450098,,,1,5,303,0,95,4,0,0,0,0,0,4,407
801248,E,2023,09/05/2023,18,C,Minor,,,360856,170766,51.43453041,-2.56450098,,,2,9,303,0,44,0,0,0,0,0,0,0,356
801248,W,2023,07/05/2024,14,C,Minor,,,360856,170766,51.43453041,-2.56450098,,,0,1,139,0,46,0,0,0,0,0,0,0,186
801248,E,2023,07/05/2024,11,C,Minor,,,360856,170766,51.43453041,-2.56450098,,,1,4,317,0,112,3,0,0,0,0,0,3,436
801248,W,2023,07/05/2024,13,C,Minor,,,360856,170766,51.43453041,-2.56450098,,,1,2,148,1,38,2,1,0,0,0,0,3,192
801248,W,2024,07/05/2024,13,C,Minor,,,360856,170766,51.43453041,-2.56450098,,,1,7,197,0,51,2,0,0,0,0,0,2,257
801248,E,2024,07/05/2024,7,C,Minor,,,360856,170766,51.43453041,-2.56450098,,,2,3,480,0,236,2,1,0,0,0,0,3,722
801248,E,2024,07/05/2024,18,C,Minor,,,360856,170766,51.43453041,-2.56450098,,,3,10,437,0,52,0,0,0,0,0,0,0,499
801248,E,2024,07/05/2024,14,C,Minor,,,360856,170766,51.43453041,-2.56450098,,,5,5,316,0,102,7,0,0,0,0,0,7,430
801248,W,2024,07/05/2024,12,C,Minor,,,360856,170766,51.43453041,-2.56450098,,,3,4,176,0,50,2,0,0,0,0,0,2,232
801248,W,2024,07/05/2024,15,C,Minor,,,360856,170766,51.43453041,-2.56450098,,,3,3,193,0,57,3,1,0,0,0,0,4,257
801248,E,2024,07/05/2024,13,C,Minor,,,360856,170766,51.43453041,-2.56450098,,,4,6,322,0,119,9,1,0,0,0,0,10,457
801248,W,2024,07/05/2024,7,C,Minor,,,360856,170766,51.43453041,-2.56450098,,,0,1,168,0,51,1,1,0,0,0,0,2,222
801248,E,2024,07/05/2024,15,C,Minor,,,360856,170766,51.43453041,-2.56450098,,,3,7,392,0,121,4,0,0,0,0,0,4,524
801248,E,2024,07/05/2024,8,C,Minor,,,360856,170766,51.43453041,-2.56450098,,,6,4,396,0,149,6,1,0,0,0,0,7,556
801248,E,2024,07/05/2024,16,C,Minor,,,360856,170766,51.43453041,-2.56450098,,,3,6,428,2,141,0,0,0,0,0,0,0,577
801248,E,2024,07/05/2024,9,C,Minor,,,360856,170766,51.43453041,-2.56450098,,,2,11,377,0,132,7,0,0,0,0,0,7,527
801248,W,2024,07/05/2024,14,C,Minor,,,360856,170766,51.43453041,-2.56450098,,,0,0,185,0,54,4,0,0,0,0,0,4,243
801248,W,2024,07/05/2024,17,C,Minor,,,360856,170766,51.43453041,-2.56450098,,,5,8,278,0,39,0,0,0,0,0,0,0,325
801248,W,2024,07/05/2024,11,C,Minor,,,360856,170766,51.43453041,-2.56450098,,,1,0,177,0,43,3,0,0,0,0,0,3,223
801248,W,2024,07/05/2024,18,C,Minor,,,360856,170766,51.43453041,-2.56450098,,,1,6,163,0,18,0,0,0,0,0,0,0,187
801248,E,2024,07/05/2024,12,C,Minor,,,360856,170766,51.43453041,-2.56450098,,,3,8,320,0,102,5,0,0,0,0,0,5,435
801248,W,2024,07/05/2024,10,C,Minor,,,360856,170766,51.43453041,-2.56450098,,,1,0,180,0,38,5,0,0,0,0,0,5,223
801248,E,2024,07/05/2024,17,C,Minor,,,360856,170766,51.43453041,-2.56450098,,,4,13,458,0,114,0,0,0,0,0,0,0,585
801248,E,2024,07/05/2024,10,C,Minor,,,360856,170766,51.43453041,-2.56450098,,,3,7,287,0,111,3,1,0,0,0,0,4,409
801248,W,2024,07/05/2024,9,C,Minor,,,360856,170766,51.43453041,-2.56450098,,,1,2,212,0,45,0,0,0,0,0,0,0,259
803165,W,2022,14/09/2023,17,U,Minor,,,357893,171599,51.4418066,-2.60722381,,,9,3,25,0,7,0,0,0,0,0,0,0,35
803165,W,2022,14/09/2023,10,U,Minor,,,357893,171599,51.4418066,-2.60722381,,,1,0,16,0,7,0,0,0,0,0,0,0,23
803165,W,2022,14/09/2023,15,U,Minor,,,357893,171599,51.4418066,-2.60722381,,,4,0,17,0,4,0,0,0,0,0,0,0,21
803165,E,2023,14/09/2023,11,U,Minor,,,357893,171599,51.4418066,-2.60722381,,,1,0,25,0,7,0,0,0,0,0,0,0,32
803165,W,2023,14/09/2023,9,U,Minor,,,357893,171599,51.4418066,-2.60722381,,,2,1,15,0,3,1,0,0,0,0,0,1,20
803165,E,2023,14/09/2023,8,U,Minor,,,357893,171599,51.4418066,-2.60722381,,,17,0,37,1,7,0,0,0,0,0,0,0,45
803165,E,2023,14/09/2023,9,U,Minor,,,357893,171599,51.4418066,-2.60722381,,,6,0,15,0,4,1,0,0,0,0,0,1,20
803165,E,2023,14/09/2023,15,U,Minor,,,357893,171599,51.4418066,-2.60722381,,,1,0,18,0,8,0,0,0,0,0,0,0,26
803165,E,2023,14/09/2023,7,U,Minor,,,357893,171599,51.4418066,-2.60722381,,,5,0,12,0,1,0,0,0,0,0,0,0,13
803165,E,2023,14/09/2023,12,U,Minor,,,357893,171599,51.4418066,-2.60722381,,,1,0,23,0,10,0,0,0,0,0,0,0,33
803165,W,2023,14/09/2023,14,U,Minor,,,357893,171599,51.4418066,-2.60722381,,,6,1,15,0,3,0,0,0,0,0,0,0,19
803165,W,2023,14/09/2023,11,U,Minor,,,357893,171599,51.4418066,-2.60722381,,,2,0,4,0,1,0,0,0,0,0,0,0,5
803165,W,2023,14/09/2023,17,U,Minor,,,357893,171599,51.4418066,-2.60722381,,,14,0,11,0,1,0,0,0,0,0,0,0,12
803165,W,2023,14/09/2023,16,U,Minor,,,357893,171599,51.4418066,-2.60722381,,,13,0,18,0,6,0,0,0,0,0,0,0,24
803165,E,2023,14/09/2023,18,U,Minor,,,357893,171599,51.4418066,-2.60722381,,,6,0,26,0,1,0,0,0,0,0,0,0,27
803165,W,2023,14/09/2023,13,U,Minor,,,357893,171599,51.4418066,-2.60722381,,,2,0,12,0,9,0,0,0,0,0,0,0,21
803165,W,2023,14/09/2023,18,U,Minor,,,357893,171599,51.4418066,-2.60722381,,,5,1,23,0,2,0,0,0,0,0,0,0,26
803165,E,2023,14/09/2023,13,U,Minor,,,357893,171599,51.4418066,-2.60722381,,,5,0,13,0,6,0,0,0,0,0,0,0,19
803165,W,2023,14/09/2023,8,U,Minor,,,357893,171599,51.4418066,-2.60722381,,,7,0,17,0,4,0,0,0,0,0,0,0,21
803165,E,2023,14/09/2023,16,U,Minor,,,357893,171599,51.4418066,-2.60722381,,,2,1,26,0,5,0,0,0,0,0,0,0,32
803165,W,2023,14/09/2023,10,U,Minor,,,357893,171599,51.4418066,-2.60722381,,,1,0,13,0,4,1,0,0,0,0,0,1,18
803165,E,2023,14/09/2023,10,U,Minor,,,357893,171599,51.4418066,-2.60722381,,,1,0,14,0,6,0,0,0,0,0,0,0,20
803165,W,2023,14/09/2023,12,U,Minor,,,357893,171599,51.4418066,-2.60722381,,,5,2,16,0,4,0,0,0,0,0,0,0,22
803165,W,2023,14/09/2023,15,U,Minor,,,357893,171599,51.4418066,-2.60722381,,,5,0,19,1,9,0,0,0,0,0,0,0,29
803165,E,2023,12/09/2024,14,U,Minor,,,357893,171599,51.4418066,-2.60722381,,,5,0,21,0,5,0,0,0,0,0,0,0,26
803165,W,2023,12/09/2024,7,U,Minor,,,357893,171599,51.4418066,-2.60722381,,,6,0,4,0,1,0,0,0,0,0,0,0,5
803165,E,2023,12/09/2024,17,U,Minor,,,357893,171599,51.4418066,-2.60722381,,,8,0,27,0,3,0,0,0,0,0,0,0,30
803165,W,2024,12/09/2024,8,U,Minor,,,357893,171599,51.4418066,-2.60722381,,,8,0,17,0,2,0,0,0,0,0,0,0,19
803165,W,2024,12/09/2024,10,U,Minor,,,357893,171599,51.4418066,-2.60722381,,,1,0,21,0,5,3,0,0,0,0,0,3,29
803165,E,2024,12/09/2024,10,U,Minor,,,357893,171599,51.4418066,-2.60722381,,,0,0,21,0,5,0,0,0,0,0,0,0,26
803165,W,2024,12/09/2024,11,U,Minor,,,357893,171599,51.4418066,-2.60722381,,,0,0,22,0,6,0,0,0,0,0,0,0,28
803165,W,2024,12/09/2024,18,U,Minor,,,357893,171599,51.4418066,-2.60722381,,,8,0,17,0,2,0,0,0,0,0,0,0,19
803165,E,2024,12/09/2024,15,U,Minor,,,357893,171599,51.4418066,-2.60722381,,,5,0,27,0,8,0,0,0,0,0,0,0,35
803165,W,2024,12/09/2024,17,U,Minor,,,357893,171599,51.4418066,-2.60722381,,,8,1,18,0,1,0,0,0,0,0,0,0,20
803165,E,2024,12/09/2024,16,U,Minor,,,357893,171599,51.4418066,-2.60722381,,,4,1,29,0,2,0,0,0,0,0,0,0,32
803165,W,2024,12/09/2024,9,U,Minor,,,357893,171599,51.4418066,-2.60722381,,,3,0,14,0,7,0,0,0,0,0,0,0,21
803165,E,2024,12/09/2024,17,U,Minor,,,357893,171599,51.4418066,-2.60722381,,,5,1,32,0,4,0,0,0,0,0,0,0,37
803165,W,2024,12/09/2024,15,U,Minor,,,357893,171599,51.4418066,-2.60722381,,,4,0,15,0,6,0,0,0,0,0,0,0,21
803165,E,2024,12/09/2024,14,U,Minor,,,357893,171599,51.4418066,-2.60722381,,,3,1,27,0,4,0,0,0,0,0,0,0,32
803165,W,2024,12/09/2024,14,U,Minor,,,357893,171599,51.4418066,-2.60722381,,,4,1,20,0,6,0,0,0,0,0,0,0,27
803165,W,2024,12/09/2024,7,U,Minor,,,357893,171599,51.4418066,-2.60722381,,,3,0,12,0,5,0,0,0,0,0,0,0,17
803165,E,2024,12/09/2024,7,U,Minor,,,357893,171599,51.4418066,-2.60722381,,,5,1,12,0,9,0,0,0,0,0,0,0,22
803165,E,2024,12/09/2024,11,U,Minor,,,357893,171599,51.4418066,-2.60722381,,,2,1,21,0,7,0,0,0,0,0,0,0,29
803165,W,2024,12/09/2024,16,U,Minor,,,357893,171599,51.4418066,-2.60722381,,,12,0,26,0,5,0,0,0,0,0,0,0,31
803165,E,2024,12/09/2024,18,U,Minor,,,357893,171599,51.4418066,-2.60722381,,,6,0,33,0,1,0,0,0,0,0,0,0,34
803165,W,2024,12/09/2024,12,U,Minor,,,357893,171599,51.4418066,-2.60722381,,,2,0,22,0,1,0,0,0,0,0,0,0,23
803165,W,2024,12/09/2024,13,U,Minor,,,357893,171599,51.4418066,-2.60722381,,,1,0,18,0,3,0,0,0,0,0,0,0,21
803165,E,2024,12/09/2024,9,U,Minor,,,357893,171599,51.4418066,-2.60722381,,,5,0,30,0,5,1,0,0,0,0,0,1,36
803169,W,2022,30/06/2023,16,U,Minor,,,356827,173535,51.45913297,-2.62279755,,,1,0,6,0,2,0,0,0,0,0,0,0,8
803169,E,2022,30/06/2023,12,U,Minor,,,356827,173535,51.45913297,-2.62279755,,,4,0,20,0,6,1,0,0,0,0,0,1,27
803169,E,2022,30/06/2023,18,U,Minor,,,356827,173535,51.45913297,-2.62279755,,,9,1,16,0,1,0,0,0,0,0,0,0,18
803169,W,2023,30/06/2023,17,U,Minor,,,356827,173535,51.45913297,-2.62279755,,,3,0,13,0,0,0,0,0,0,0,0,0,13
803169,E,2023,30/06/2023,9,U,Minor,,,356827,173535,51.45913297,-2.62279755,,,4,0,17,0,4,0,0,0,0,0,0,0,21
803169,W,2023,30/06/2023,8,U,Minor,,,356827,173535,51.45913297,-2.62279755,,,2,1,12,0,1,0,0,0,0,0,0,0,14
803169,W,2023,30/06/2023,18,U,Minor,,,356827,173535,51.45913297,-2.62279755,,,2,0,4,0,0,0,0,0,0,0,0,0,4
803169,W,2023,30/06/2023,16,U,Minor,,,356827,173535,51.45913297,-2.62279755,,,0,1,8,0,2,0,0,0,0,0,0,0,11
803169,E,2023,30/06/2023,14,U,Minor,,,356827,173535,51.45913297,-2.62279755,,,0,0,16,0,3,0,0,0,0,0,0,0,19
803169,E,2023,30/06/2023,13,U,Minor,,,356827,173535,51.45913297,-2.62279755,,,2,0,13,0,11,0,0,0,0,0,0,0,24
803169,E,2023,30/06/2023,7,U,Minor,,,356827,173535,51.45913297,-2.62279755,,,2,0,16,0,2,1,0,0,0,0,0,1,19
803169,W,2023,30/06/2023,11,U,Minor,,,356827,173535,51.45913297,-2.62279755,,,1,1,7,0,1,0,0,0,0,0,0,0,9
803169,E,2023,30/06/2023,12,U,Minor,,,356827,173535,51.45913297,-2.62279755,,,1,1,13,0,12,0,0,0,0,0,0,0,26
803169,W,2023,30/06/2023,14,U,Minor,,,356827,173535,51.45913297,-2.62279755,,,0,0,6,0,6,0,0,0,0,0,0,0,12
803169,W,2023,30/06/2023,9,U,Minor,,,356827,173535,51.45913297,-2.62279755,,,1,0,4,0,5,0,0,0,0,0,0,0,9
803169,E,2023,30/06/2023,16,U,Minor,,,356827,173535,51.45913297,-2.62279755,,,1,0,21,0,3,0,0,0,0,0,0,0,24
803169,W,2023,30/06/2023,13,U,Minor,,,356827,173535,51.45913297,-2.62279755,,,1,0,5,0,6,0,0,0,0,0,0,0,11
803169,W,2023,30/06/2023,10,U,Minor,,,356827,173535,51.45913297,-2.62279755,,,1,0,7,0,1,0,0,0,0,0,0,0,8
803169,E,2023,30/06/2023,11,U,Minor,,,356827,173535,51.45913297,-2.62279755,,,2,1,9,0,1,0,0,0,0,0,0,0,11
803169,W,2023,30/06/2023,15,U,Minor,,,356827,173535,51.45913297,-2.62279755,,,0,0,8,0,2,0,0,0,0,0,0,0,10
803169,E,2023,30/06/2023,8,U,Minor,,,356827,173535,51.45913297,-2.62279755,,,5,0,22,0,2,0,0,0,0,0,0,0,24
803169,E,2023,30/06/2023,17,U,Minor,,,356827,173535,51.45913297,-2.62279755,,,0,0,40,0,3,0,0,0,0,0,0,0,43
803169,E,2023,30/06/2023,18,U,Minor,,,356827,173535,51.45913297,-2.62279755,,,3,0,8,0,0,0,0,0,0,0,0,0,8
803169,E,2023,30/06/2023,10,U,Minor,,,356827,173535,51.45913297,-2.62279755,,,0,0,7,0,3,0,0,0,0,0,0,0,10
803169,W,2023,28/06/2024,7,U,Minor,,,356827,173535,51.45913297,-2.62279755,,,0,0,7,0,0,0,0,0,0,0,0,0,7
803169,W,2023,28/06/2024,12,U,Minor,,,356827,173535,51.45913297,-2.62279755,,,0,2,2,0,3,0,0,0,0,0,0,0,7
803169,E,2023,28/06/2024,15,U,Minor,,,356827,173535,51.45913297,-2.62279755,,,4,0,20,0,5,0,0,0,0,0,0,0,25
803169,W,2024,28/06/2024,7,U,Minor,,,356827,173535,51.45913297,-2.62279755,,,2,0,6,0,2,0,0,0,0,0,0,0,8
803169,W,2024,28/06/2024,13,U,Minor,,,356827,173535,51.45913297,-2.62279755,,,2,0,12,0,3,0,0,0,0,0,0,0,15
803169,W,2024,28/06/2024,16,U,Minor,,,356827,173535,51.45913297,-2.62279755,,,2,0,13,0,4,0,0,0,0,0,0,0,17
803169,E,2024,28/06/2024,12,U,Minor,,,356827,173535,51.45913297,-2.62279755,,,1,0,11,0,2,0,0,0,0,0,0,0,13
803169,E,2024,28/06/2024,10,U,Minor,,,356827,173535,51.45913297,-2.62279755,,,0,1,12,0,8,0,0,0,0,0,0,0,21
803169,W,2024,28/06/2024,15,U,Minor,,,356827,173535,51.45913297,-2.62279755,,,0,0,10,0,2,0,0,0,0,0,0,0,12
803169,W,2024,28/06/2024,18,U,Minor,,,356827,173535,51.45913297,-2.62279755,,,0,0,10,0,2,0,0,0,0,0,0,0,12
803169,W,2024,28/06/2024,8,U,Minor,,,356827,173535,51.45913297,-2.62279755,,,1,0,7,0,2,0,0,0,0,0,0,0,9
803169,E,2024,28/06/2024,18,U,Minor,,,356827,173535,51.45913297,-2.62279755,,,5,0,19,0,0,0,0,0,0,0,0,0,19
803169,E,2024,28/06/2024,15,U,Minor,,,356827,173535,51.45913297,-2.62279755,,,5,0,24,0,5,0,0,0,0,0,0,0,29
803169,W,2024,28/06/2024,14,U,Minor,,,356827,173535,51.45913297,-2.62279755,,,1,1,6,0,0,1,0,0,0,0,0,1,8
803169,E,2024,28/06/2024,13,U,Minor,,,356827,173535,51.45913297,-2.62279755,,,3,0,14,0,3,0,0,0,0,0,0,0,17
803169,E,2024,28/06/2024,7,U,Minor,,,356827,173535,51.45913297,-2.62279755,,,2,0,9,0,7,0,0,0,0,0,0,0,16
803169,E,2024,28/06/2024,17,U,Minor,,,356827,173535,51.45913297,-2.62279755,,,4,2,38,0,2,0,0,0,0,0,0,0,42
803169,E,2024,28/06/2024,8,U,Minor,,,356827,173535,51.45913297,-2.62279755,,,11,0,29,0,7,0,0,0,0,0,0,0,36
803169,E,2024,28/06/2024,16,U,Minor,,,356827,173535,51.45913297,-2.62279755,,,3,1,26,0,2,0,0,0,0,0,0,0,29
803169,W,2024,28/06/2024,17,U,Minor,,,356827,173535,51.45913297,-2.62279755,,,2,0,10,0,0,0,0,0,0,0,0,0,10
803169,E,2024,28/06/2024,9,U,Minor,,,356827,173535,51.45913297,-2.62279755,,,1,0,4,0,3,0,0,0,0,0,0,0,7
803169,W,2024,28/06/2024,12,U,Minor,,,356827,173535,51.45913297,-2.62279755,,,1,0,11,0,4,0,0,0,0,0,0,0,15
803169,W,2024,28/06/2024,11,U,Minor,,,356827,173535,51.45913297,-2.62279755,,,2,0,6,0,4,0,0,0,0,0,0,0,10
803169,W,2024,28/06/2024,9,U,Minor,,,356827,173535,51.45913297,-2.62279755,,,0,0,8,0,3,0,0,0,0,0,0,0,11
803171,E,2022,22/05/2023,16,U,Minor,,,357523,175371,51.4756937,-2.61300166,,,0,0,4,0,0,0,0,0,0,0,0,0,4
803171,W,2022,22/05/2023,8,U,Minor,,,357523,175371,51.4756937,-2.61300166,,,1,0,13,0,0,0,0,0,0,0,0,0,13
803171,W,2022,22/05/2023,10,U,Minor,,,357523,175371,51.4756937,-2.61300166,,,0,0,4,0,2,0,0,0,0,0,0,0,6
803171,W,2023,22/05/2023,15,U,Minor,,,357523,175371,51.4756937,-2.61300166,,,3,0,3,0,4,0,0,0,0,0,0,0,7
803171,W,2023,22/05/2023,16,U,Minor,,,357523,175371,51.4756937,-2.61300166,,,0,0,3,0,0,0,0,0,0,0,0,0,3
803171,W,2023,22/05/2023,7,U,Minor,,,357523,175371,51.4756937,-2.61300166,,,1,0,7,0,3,0,0,0,0,0,0,0,10
803171,E,2023,22/05/2023,7,U,Minor,,,357523,175371,51.4756937,-2.61300166,,,0,0,7,0,1,0,0,0,0,0,0,0,8
803171,E,2023,22/05/2023,9,U,Minor,,,357523,175371,51.4756937,-2.61300166,,,1,0,4,0,0,0,0,0,0,0,0,0,4
803171,W,2023,22/05/2023,13,U,Minor,,,357523,175371,51.4756937,-2.61300166,,,0,0,5,0,0,0,0,0,0,0,0,0,5
803171,W,2023,22/05/2023,8,U,Minor,,,357523,175371,51.4756937,-2.61300166,,,2,0,7,0,4,0,0,0,0,0,0,0,11
803171,W,2023,22/05/2023,12,U,Minor,,,357523,175371,51.4756937,-2.61300166,,,0,0,5,0,1,0,0,0,0,0,0,0,6
803171,W,2023,22/05/2023,9,U,Minor,,,357523,175371,51.4756937,-2.61300166,,,0,1,7,0,0,0,0,0,0,0,0,0,8
803171,E,2023,22/05/2023,15,U,Minor,,,357523,175371,51.4756937,-2.61300166,,,1,0,5,0,3,0,0,0,0,0,0,0,8
803171,E,2023,22/05/2023,18,U,Minor,,,357523,175371,51.4756937,-2.61300166,,,0,0,8,0,1,0,0,0,0,0,0,0,9
803171,E,2023,22/05/2023,13,U,Minor,,,357523,175371,51.4756937,-2.61300166,,,0,1,4,0,0,0,0,0,0,0,0,0,5
803171,W,2023,22/05/2023,18,U,Minor,,,357523,175371,51.4756937,-2.61300166,,,1,0,0,0,1,0,0,0,0,0,0,0,1
803171,E,2023,22/05/2023,11,U,Minor,,,357523,175371,51.4756937,-2.61300166,,,0,0,3,0,3,0,0,0,0,0,0,0,6
803171,W,2023,22/05/2023,10,U,Minor,,,357523,175371,51.4756937,-2.61300166,,,1,0,7,0,6,0,0,0,0,0,0,0,13
803171,E,2023,22/05/2023,8,U,Minor,,,357523,175371,51.4756937,-2.61300166,,,0,0,7,0,3,0,0,0,0,0,0,0,10
803171,E,2023,22/05/2023,14,U,Minor,,,357523,175371,51.4756937,-2.61300166,,,1,2,9,0,1,0,0,0,0,0,0,0,12
803171,E,2023,22/05/2023,10,U,Minor,,,357523,175371,51.4756937,-2.61300166,,,1,0,5,0,4,0,0,0,0,0,0,0,9
803171,E,2023,22/05/2023,16,U,Minor,,,357523,175371,51.4756937,-2.61300166,,,2,0,9,0,2,0,0,0,0,0,0,0,11
803171,W,2023,22/05/2023,11,U,Minor,,,357523,175371,51.4756937,-2.61300166,,,0,0,6,0,3,0,0,0,0,0,0,0,9
803171,W,2023,22/05/2023,17,U,Minor,,,357523,175371,51.4756937,-2.61300166,,,2,0,5,0,1,0,0,0,0,0,0,0,6
803171,E,2023,20/05/2024,12,U,Minor,,,357523,175371,51.4756937,-2.61300166,,,0,0,5,0,1,0,0,0,0,0,0,0,6
803171,W,2023,20/05/2024,14,U,Minor,,,357523,175371,51.4756937,-2.61300166,,,0,1,6,0,2,0,0,0,0,0,0,0,9
803171,E,2023,20/05/2024,17,U,Minor,,,357523,175371,51.4756937,-2.61300166,,,0,0,10,0,1,0,0,0,0,0,0,0,11
803171,E,2024,20/05/2024,15,U,Minor,,,357523,175371,51.4756937,-2.61300166,,,1,0,23,0,0,0,0,0,0,0,0,0,23
803171,E,2024,20/05/2024,12,U,Minor,,,357523,175371,51.4756937,-2.61300166,,,0,0,9,0,1,0,0,0,0,0,0,0,10
803171,W,2024,20/05/2024,18,U,Minor,,,357523,175371,51.4756937,-2.61300166,,,1,1,6,0,1,0,0,0,0,0,0,0,8
803171,W,2024,20/05/2024,16,U,Minor,,,357523,175371,51.4756937,-2.61300166,,,2,0,11,0,3,0,0,0,0,0,0,0,14
803171,E,2024,20/05/2024,17,U,Minor,,,357523,175371,51.4756937,-2.61300166,,,2,0,6,0,0,0,0,0,0,0,0,0,6
803171,E,2024,20/05/2024,14,U,Minor,,,357523,175371,51.4756937,-2.61300166,,,2,1,7,0,4,0,0,0,0,0,0,0,12
803171,W,2024,20/05/2024,17,U,Minor,,,357523,175371,51.4756937,-2.61300166,,,1,0,9,0,0,0,0,0,0,0,0,0,9
803171,E,2024,20/05/2024,7,U,Minor,,,357523,175371,51.4756937,-2.61300166,,,1,0,10,0,3,0,0,0,0,0,0,0,13
803171,E,2024,20/05/2024,18,U,Minor,,,357523,175371,51.4756937,-2.61300166,,,0,1,7,0,0,0,0,0,0,0,0,0,8
803171,W,2024,20/05/2024,7,U,Minor,,,357523,175371,51.4756937,-2.61300166,,,0,0,7,0,1,0,0,0,0,0,0,0,8
803171,E,2024,20/05/2024,9,U,Minor,,,357523,175371,51.4756937,-2.61300166,,,0,0,4,0,1,0,0,0,0,0,0,0,5
803171,E,2024,20/05/2024,11,U,Minor,,,357523,175371,51.4756937,-2.61300166,,,1,0,11,0,3,0,0,0,0,0,0,0,14
803171,W,2024,20/05/2024,10,U,Minor,,,357523,175371,51.4756937,-2.61300166,,,0,0,3,0,2,0,0,0,0,0,0,0,5
803171,E,2024,20/05/2024,10,U,Minor,,,357523,175371,51.4756937,-2.61300166,,,0,0,4,0,6,0,0,0,0,0,0,0,10
803171,W,2024,20/05/2024,12,U,Minor,,,357523,175371,51.4756937,-2.61300166,,,0,0,5,0,0,0,0,0,0,0,0,0,5
803171,W,2024,20/05/2024,9,U,Minor,,,357523,175371,51.4756937,-2.61300166,,,2,0,6,0,1,0,0,0,0,0,0,0,7
803171,E,2024,20/05/2024,8,U,Minor,,,357523,175371,51.4756937,-2.61300166,,,2,0,11,0,2,0,0,0,0,0,0,0,13
803171,W,2024,20/05/2024,14,U,Minor,,,357523,175371,51.4756937,-2.61300166,,,0,0,8,0,4,0,0,0,0,0,0,0,12
803171,W,2024,20/05/2024,8,U,Minor,,,357523,175371,51.4756937,-2.61300166,,,2,0,10,0,2,0,0,0,0,0,0,0,12
803171,E,2024,20/05/2024,13,U,Minor,,,357523,175371,51.4756937,-2.61300166,,,1,0,7,0,5,0,0,0,0,0,0,0,12
803171,E,2024,20/05/2024,16,U,Minor,,,357523,175371,51.4756937,-2.61300166,,,0,0,12,0,1,0,0,0,0,0,0,0,13
803172,N,2022,12/06/2023,12,U,Minor,,,357731,167993,51.40937278,-2.60912183,,,1,0,50,1,5,6,0,0,0,0,0,6,62
803172,S,2022,12/06/2023,13,U,Minor,,,357731,167993,51.40937278,-2.60912183,,,0,1,34,0,6,2,1,0,0,0,0,3,44
803172,N,2022,12/06/2023,11,U,Minor,,,357731,167993,51.40937278,-2.60912183,,,1,1,49,0,10,1,0,0,0,0,0,1,61
803172,N,2023,12/06/2023,7,U,Minor,,,357731,167993,51.40937278,-2.60912183,,,2,0,46,1,15,0,0,0,0,0,0,0,62
803172,S,2023,12/06/2023,18,U,Minor,,,357731,167993,51.40937278,-2.60912183,,,2,1,40,0,11,1,0,0,0,0,0,1,53
803172,N,2023,12/06/2023,12,U,Minor,,,357731,167993,51.40937278,-2.60912183,,,2,1,45,0,7,0,0,0,0,0,0,0,53
803172,S,2023,12/06/2023,10,U,Minor,,,357731,167993,51.40937278,-2.60912183,,,0,2,21,0,9,0,0,0,0,0,0,0,32
803172,S,2023,12/06/2023,17,U,Minor,,,357731,167993,51.40937278,-2.60912183,,,4,0,53,0,16,0,0,0,0,0,0,0,69
803172,N,2023,12/06/2023,8,U,Minor,,,357731,167993,51.40937278,-2.60912183,,,2,0,90,0,8,0,0,0,0,0,0,0,98
803172,S,2023,12/06/2023,12,U,Minor,,,357731,167993,51.40937278,-2.60912183,,,0,4,21,0,7,1,0,0,0,0,0,1,33
803172,N,2023,12/06/2023,16,U,Minor,,,357731,167993,51.40937278,-2.60912183,,,0,1,47,0,13,0,0,0,0,0,0,0,61
803172,N,2023,12/06/2023,15,U,Minor,,,357731,167993,51.40937278,-2.60912183,,,0,0,87,0,11,0,0,0,0,0,0,0,98
803172,N,2023,12/06/2023,10,U,Minor,,,357731,167993,51.40937278,-2.60912183,,,1,0,43,0,6,0,0,0,0,0,0,0,49
803172,N,2023,12/06/2023,18,U,Minor,,,357731,167993,51.40937278,-2.60912183,,,3,1,34,0,7,1,0,0,0,0,0,1,43
803172,N,2023,12/06/2023,11,U,Minor,,,357731,167993,51.40937278,-2.60912183,,,0,2,46,0,7,0,1,0,0,0,0,1,56
803172,N,2023,12/06/2023,9,U,Minor,,,357731,167993,51.40937278,-2.60912183,,,1,1,49,0,8,0,0,0,0,0,0,0,58
803172,S,2023,12/06/2023,11,U,Minor,,,357731,167993,51.40937278,-2.60912183,,,1,0,26,0,9,0,0,0,0,0,0,0,35
803172,S,2023,12/06/2023,8,U,Minor,,,357731,167993,51.40937278,-2.60912183,,,1,0,35,0,11,1,0,0,0,0,0,1,47
803172,S,2023,12/06/2023,14,U,Minor,,,357731,167993,51.40937278,-2.60912183,,,4,1,46,0,6,1,0,0,0,0,0,1,54
803172,N,2023,12/06/2023,17,U,Minor,,,357731,167993,51.40937278,-2.60912183,,,2,2,45,0,9,0,0,0,0,0,0,0,56
803172,S,2023,12/06/2023,15,U,Minor,,,357731,167993,51.40937278,-2.60912183,,,8,1,73,0,11,0,0,0,0,0,0,0,85
803172,N,2023,12/06/2023,13,U,Minor,,,357731,167993,51.40937278,-2.60912183,,,1,0,49,0,10,0,0,0,0,0,0,0,59
803172,S,2023,12/06/2023,7,U,Minor,,,357731,167993,51.40937278,-2.60912183,,,2,0,17,0,7,0,0,0,0,0,0,0,24
803172,N,2023,12/06/2023,14,U,Minor,,,357731,167993,51.40937278,-2.60912183,,,1,0,54,0,7,0,0,0,0,0,0,0,61
803172,S,2023,10/06/2024,9,U,Minor,,,357731,167993,51.40937278,-2.60912183,,,2,0,18,0,6,0,0,0,0,0,0,0,24
803172,S,2023,10/06/2024,16,U,Minor,,,357731,167993,51.40937278,-2.60912183,,,5,2,63,0,13,0,0,0,0,0,0,0,78
803172,S,2023,10/06/2024,13,U,Minor,,,357731,167993,51.40937278,-2.60912183,,,1,1,35,0,7,0,0,0,0,0,0,0,43
803172,S,2024,10/06/2024,11,U,Minor,,,357731,167993,51.40937278,-2.60912183,,,0,2,26,0,4,0,0,0,0,0,0,0,32
803172,N,2024,10/06/2024,10,U,Minor,,,357731,167993,51.40937278,-2.60912183,,,1,0,40,0,7,0,0,0,0,0,0,0,47
803172,S,2024,10/06/2024,9,U,Minor,,,357731,167993,51.40937278,-2.60912183,,,0,0,30,0,4,0,0,0,0,0,0,0,34
803172,N,2024,10/06/2024,8,U,Minor,,,357731,167993,51.40937278,-2.60912183,,,2,2,130,0,20,0,0,0,0,0,0,0,152
803172,S,2024,10/06/2024,8,U,Minor,,,357731,167993,51.40937278,-2.60912183,,,1,0,92,0,16,0,0,0,0,0,0,0,108
803172,N,2024,10/06/2024,16,U,Minor,,,357731,167993,51.40937278,-2.60912183,,,0,3,56,0,14,0,0,0,0,0,0,0,73
803172,N,2024,10/06/2024,9,U,Minor,,,357731,167993,51.40937278,-2.60912183,,,2,1,53,0,6,0,0,0,0,0,0,0,60
803172,N,2024,10/06/2024,15,U,Minor,,,357731,167993,51.40937278,-2.60912183,,,2,3,84,0,18,1,0,0,0,0,0,1,106
803172,N,2024,10/06/2024,7,U,Minor,,,357731,167993,51.40937278,-2.60912183,,,1,1,56,0,21,0,0,0,0,0,0,0,78
803172,N,2024,10/06/2024,17,U,Minor,,,357731,167993,51.40937278,-2.60912183,,,1,2,52,0,3,0,0,0,0,0,0,0,57
803172,S,2024,10/06/2024,18,U,Minor,,,357731,167993,51.40937278,-2.60912183,,,1,3,40,0,6,0,0,0,0,0,0,0,49
803172,N,2024,10/06/2024,18,U,Minor,,,357731,167993,51.40937278,-2.60912183,,,1,3,34,0,8,0,0,0,0,0,0,0,45
803172,N,2024,10/06/2024,11,U,Minor,,,357731,167993,51.40937278,-2.60912183,,,0,2,35,0,7,0,0,0,0,0,0,0,44
803172,S,2024,10/06/2024,16,U,Minor,,,357731,167993,51.40937278,-2.60912183,,,4,5,66,0,21,0,0,0,0,0,0,0,92
803172,N,2024,10/06/2024,13,U,Minor,,,357731,167993,51.40937278,-2.60912183,,,1,1,42,0,12,1,0,0,0,0,0,1,56
803172,S,2024,10/06/2024,7,U,Minor,,,357731,167993,51.40937278,-2.60912183,,,0,0,40,0,10,0,0,0,0,0,0,0,50
803172,S,2024,10/06/2024,17,U,Minor,,,357731,167993,51.40937278,-2.60912183,,,2,2,50,0,11,0,0,0,0,0,0,0,63
803172,N,2024,10/06/2024,14,U,Minor,,,357731,167993,51.40937278,-2.60912183,,,0,0,55,0,8,0,0,0,0,0,0,0,63
803172,N,2024,10/06/2024,12,U,Minor,,,357731,167993,51.40937278,-2.60912183,,,0,2,32,0,11,1,0,0,0,0,0,1,46
803172,S,2024,10/06/2024,10,U,Minor,,,357731,167993,51.40937278,-2.60912183,,,3,2,26,0,10,0,0,0,0,0,0,0,38
803172,S,2024,10/06/2024,14,U,Minor,,,357731,167993,51.40937278,-2.60912183,,,0,0,43,0,7,0,0,0,0,0,0,0,50
803173,S,2022,11/07/2023,18,U,Minor,,,362937,175848,51.48036387,-2.53509996,,,8,7,214,3,14,1,0,0,0,0,0,1,239
803173,N,2022,11/07/2023,14,U,Minor,,,362937,175848,51.48036387,-2.53509996,,,2,4,200,4,27,0,0,0,1,0,0,1,236
803173,N,2022,11/07/2023,7,U,Minor,,,362937,175848,51.48036387,-2.53509996,,,29,4,268,2,58,1,1,0,0,0,0,2,334
803173,N,2023,11/07/2023,18,U,Minor,,,362937,175848,51.48036387,-2.53509996,,,9,8,227,0,18,1,0,0,0,0,0,1,254
803173,N,2023,11/07/2023,12,U,Minor,,,362937,175848,51.48036387,-2.53509996,,,6,5,208,0,28,2,0,0,0,0,0,2,243
803173,S,2023,11/07/2023,7,U,Minor,,,362937,175848,51.48036387,-2.53509996,,,5,4,127,0,27,1,0,0,0,0,0,1,159
803173,N,2023,11/07/2023,15,U,Minor,,,362937,175848,51.48036387,-2.53509996,,,3,2,208,0,55,1,0,0,0,0,0,1,266
803173,N,2023,11/07/2023,7,U,Minor,,,362937,175848,51.48036387,-2.53509996,,,16,3,287,0,42,3,1,0,0,0,0,4,336
803173,S,2023,11/07/2023,14,U,Minor,,,362937,175848,51.48036387,-2.53509996,,,2,7,208,0,25,0,1,0,0,0,0,1,241
803173,N,2023,11/07/2023,16,U,Minor,,,362937,175848,51.48036387,-2.53509996,,,13,5,301,0,42,1,0,0,0,0,0,1,349
803173,N,2023,11/07/2023,10,U,Minor,,,362937,175848,51.48036387,-2.53509996,,,6,2,172,0,28,0,0,0,0,0,0,0,202
803173,N,2023,11/07/2023,8,U,Minor,,,362937,175848,51.48036387,-2.53509996,,,19,2,334,1,49,0,0,0,0,0,0,0,386
803173,S,2023,11/07/2023,16,U,Minor,,,362937,175848,51.48036387,-2.53509996,,,9,1,430,0,81,1,0,0,0,0,0,1,513
803173,N,2023,11/07/2023,13,U,Minor,,,362937,175848,51.48036387,-2.53509996,,,5,6,180,0,36,1,0,0,0,0,0,1,223
803173,N,2023,11/07/2023,17,U,Minor,,,362937,175848,51.48036387,-2.53509996,,,11,2,229,0,29,2,0,0,0,0,0,2,262
803173,S,2023,11/07/2023,12,U,Minor,,,362937,175848,51.48036387,-2.53509996,,,3,3,179,0,28,0,1,0,0,0,0,1,211
803173,S,2023,11/07/2023,18,U,Minor,,,362937,175848,51.48036387,-2.53509996,,,11,8,200,0,20,0,0,0,0,0,0,0,228
803173,N,2023,11/07/2023,11,U,Minor,,,362937,175848,51.48036387,-2.53509996,,,4,1,184,0,20,1,1,0,0,0,0,2,207
803173,S,2023,11/07/2023,17,U,Minor,,,362937,175848,51.48036387,-2.53509996,,,18,9,298,0,24,1,0,0,0,0,0,1,332
803173,S,2023,11/07/2023,9,U,Minor,,,362937,175848,51.48036387,-2.53509996,,,8,3,165,1,27,1,0,0,0,0,0,1,197
803173,N,2023,11/07/2023,14,U,Minor,,,362937,175848,51.48036387,-2.53509996,,,3,3,188,0,37,0,0,0,1,0,0,1,229
803173,S,2023,11/07/2023,11,U,Minor,,,362937,175848,51.48036387,-2.53509996,,,1,2,196,0,32,2,0,0,0,0,0,2,232
803173,S,2023,11/07/2023,10,U,Minor,,,362937,175848,51.48036387,-2.53509996,,,0,1,122,0,14,1,1,0,0,0,0,2,139
803173,S,2023,11/07/2023,15,U,Minor,,,362937,175848,51.48036387,-2.53509996,,,17,2,283,0,40,0,0,0,0,0,0,0,325
803173,S,2023,25/06/2024,13,U,Minor,,,362937,175848,51.48036387,-2.53509996,,,3,2,183,0,35,1,0,0,0,0,0,1,221
803173,N,2023,25/06/2024,9,U,Minor,,,362937,175848,51.48036387,-2.53509996,,,12,0,201,0,40,1,1,1,0,0,0,3,244
803173,S,2023,25/06/2024,8,U,Minor,,,362937,175848,51.48036387,-2.53509996,,,12,0,243,0,21,0,0,0,0,0,0,0,264
803173,S,2024,25/06/2024,18,U,Minor,,,362937,175848,51.48036387,-2.53509996,,,10,7,195,0,14,0,0,0,0,0,0,0,216
803173,S,2024,25/06/2024,13,U,Minor,,,362937,175848,51.48036387,-2.53509996,,,10,7,198,0,29,4,0,0,0,0,0,4,238
803173,S,2024,25/06/2024,15,U,Minor,,,362937,175848,51.48036387,-2.53509996,,,29,6,338,0,41,0,0,0,0,0,0,0,385
803173,N,2024,25/06/2024,9,U,Minor,,,362937,175848,51.48036387,-2.53509996,,,8,4,185,0,36,0,2,0,0,0,0,2,227
803173,N,2024,25/06/2024,8,U,Minor,,,362937,175848,51.48036387,-2.53509996,,,33,1,287,0,34,3,1,0,0,0,0,4,326
803173,N,2024,25/06/2024,16,U,Minor,,,362937,175848,51.48036387,-2.53509996,,,11,10,210,0,37,2,0,0,0,0,0,2,259
803173,S,2024,25/06/2024,17,U,Minor,,,362937,175848,51.48036387,-2.53509996,,,11,6,195,0,14,0,0,0,0,0,0,0,215
803173,N,2024,25/06/2024,11,U,Minor,,,362937,175848,51.48036387,-2.53509996,,,3,6,154,0,27,0,0,0,0,0,0,0,187
803173,S,2024,25/06/2024,16,U,Minor,,,362937,175848,51.48036387,-2.53509996,,,25,8,302,0,20,1,0,0,0,0,0,1,331
803173,N,2024,25/06/2024,7,U,Minor,,,362937,175848,51.48036387,-2.53509996,,,20,6,260,0,38,1,1,0,0,0,0,2,306
803173,S,2024,25/06/2024,10,U,Minor,,,362937,175848,51.48036387,-2.53509996,,,4,3,159,0,24,0,0,0,0,0,0,0,186
803173,N,2024,25/06/2024,14,U,Minor,,,362937,175848,51.48036387,-2.53509996,,,5,8,233,0,36,3,0,0,0,0,0,3,280
803173,N,2024,25/06/2024,15,U,Minor,,,362937,175848,51.48036387,-2.53509996,,,10,3,216,0,26,0,0,0,0,0,0,0,245
803173,S,2024,25/06/2024,11,U,Minor,,,362937,175848,51.48036387,-2.53509996,,,10,5,191,0,29,0,0,0,0,0,0,0,225
803173,S,2024,25/06/2024,14,U,Minor,,,362937,175848,51.48036387,-2.53509996,,,21,2,313,0,35,0,0,0,0,0,0,0,350
803173,N,2024,25/06/2024,13,U,Minor,,,362937,175848,51.48036387,-2.53509996,,,8,4,205,0,29,1,0,0,0,0,0,1,239
803173,N,2024,25/06/2024,17,U,Minor,,,362937,175848,51.48036387,-2.53509996,,,20,7,255,0,27,0,0,0,0,0,0,0,289
803173,S,2024,25/06/2024,9,U,Minor,,,362937,175848,51.48036387,-2.53509996,,,7,5,152,0,27,1,0,0,0,0,0,1,185
803173,S,2024,25/06/2024,12,U,Minor,,,362937,175848,51.48036387,-2.53509996,,,3,2,195,0,32,1,0,0,0,0,0,1,230
803173,S,2024,25/06/2024,7,U,Minor,,,362937,175848,51.48036387,-2.53509996,,,22,3,207,0,23,1,1,0,0,0,0,2,235
803173,N,2024,25/06/2024,10,U,Minor,,,362937,175848,51.48036387,-2.53509996,,,7,8,165,0,27,2,0,0,0,0,0,2,202
803174,W,2022,07/06/2024,13,U,Minor,,,356434,175104,51.47321002,-2.62864836,,,0,1,43,2,8,0,0,0,0,0,0,0,54
803174,E,2022,07/06/2024,7,U,Minor,,,356434,175104,51.47321002,-2.62864836,,,1,0,12,2,1,0,0,0,0,0,0,0,15
803174,E,2022,07/06/2024,11,U,Minor,,,356434,175104,51.47321002,-2.62864836,,,1,2,28,0,8,0,0,0,0,0,0,0,38
803174,E,2024,07/06/2024,13,U,Minor,,,356434,175104,51.47321002,-2.62864836,,,3,0,44,2,1,0,0,0,0,0,0,0,47
803174,W,2024,07/06/2024,11,U,Minor,,,356434,175104,51.47321002,-2.62864836,,,1,1,35,2,5,0,0,0,0,0,0,0,43
803174,E,2024,07/06/2024,7,U,Minor,,,356434,175104,51.47321002,-2.62864836,,,7,1,37,1,2,0,0,0,0,0,0,0,41
803174,E,2024,07/06/2024,17,U,Minor,,,356434,175104,51.47321002,-2.62864836,,,3,0,44,2,6,0,0,0,0,0,0,0,52
803174,E,2024,07/06/2024,9,U,Minor,,,356434,175104,51.47321002,-2.62864836,,,9,1,40,2,6,1,0,0,0,0,0,1,50
803174,W,2024,07/06/2024,7,U,Minor,,,356434,175104,51.47321002,-2.62864836,,,0,0,10,1,2,0,0,0,0,0,0,0,13
803174,E,2024,07/06/2024,12,U,Minor,,,356434,175104,51.47321002,-2.62864836,,,2,0,39,1,8,1,0,0,0,0,0,1,49
803174,W,2024,07/06/2024,15,U,Minor,,,356434,175104,51.47321002,-2.62864836,,,6,0,42,2,3,0,0,0,0,0,0,0,47
803174,E,2024,07/06/2024,14,U,Minor,,,356434,175104,51.47321002,-2.62864836,,,2,1,41,2,9,0,0,0,0,0,0,0,53
803174,W,2024,07/06/2024,10,U,Minor,,,356434,175104,51.47321002,-2.62864836,,,1,1,38,2,4,0,0,0,0,0,0,0,45
803174,W,2024,07/06/2024,14,U,Minor,,,356434,175104,51.47321002,-2.62864836,,,0,0,33,2,3,1,0,0,0,0,0,1,39
803174,E,2024,07/06/2024,8,U,Minor,,,356434,175104,51.47321002,-2.62864836,,,4,1,87,2,2,0,0,0,0,0,0,0,92
803174,W,2024,07/06/2024,12,U,Minor,,,356434,175104,51.47321002,-2.62864836,,,4,2,46,2,3,0,0,0,0,0,0,0,53
803174,E,2024,07/06/2024,18,U,Minor,,,356434,175104,51.47321002,-2.62864836,,,3,2,46,1,1,0,0,0,0,0,0,0,50
803174,E,2024,07/06/2024,16,U,Minor,,,356434,175104,51.47321002,-2.62864836,,,6,0,52,2,1,0,0,0,0,0,0,0,55
803174,W,2024,07/06/2024,9,U,Minor,,,356434,175104,51.47321002,-2.62864836,,,2,1,27,2,4,2,0,0,0,0,0,2,36
803174,W,2024,07/06/2024,17,U,Minor,,,356434,175104,51.47321002,-2.62864836,,,6,0,46,1,0,0,0,0,0,0,0,0,47
803174,E,2024,07/06/2024,11,U,Minor,,,356434,175104,51.47321002,-2.62864836,,,0,0,39,2,5,0,0,0,0,0,0,0,46
803174,E,2024,07/06/2024,10,U,Minor,,,356434,175104,51.47321002,-2.62864836,,,0,2,55,2,6,1,0,0,0,0,0,1,66
803174,W,2024,07/06/2024,13,U,Minor,,,356434,175104,51.47321002,-2.62864836,,,1,2,43,2,2,1,0,0,0,0,0,1,50
803174,E,2024,07/06/2024,15,U,Minor,,,356434,175104,51.47321002,-2.62864836,,,0,0,59,2,6,0,0,0,0,0,0,0,67
803175,S,2022,12/10/2023,7,U,Minor,,,361001,173831,51.46209866,-2.56275376,,,21,0,36,0,10,0,0,0,0,0,0,0,46
803175,S,2022,12/10/2023,10,U,Minor,,,361001,173831,51.46209866,-2.56275376,,,9,2,39,0,14,0,0,0,0,0,0,0,55
803175,N,2022,12/10/2023,16,U,Minor,,,361001,173831,51.46209866,-2.56275376,,,20,2,58,0,6,0,0,0,0,0,0,0,66
803175,S,2023,12/10/2023,9,U,Minor,,,361001,173831,51.46209866,-2.56275376,,,13,1,54,0,13,2,0,0,0,0,0,2,70
803175,N,2023,12/10/2023,11,U,Minor,,,361001,173831,51.46209866,-2.56275376,,,12,0,34,0,14,1,0,0,0,0,0,1,49
803175,N,2023,12/10/2023,9,U,Minor,,,361001,173831,51.46209866,-2.56275376,,,6,0,34,0,9,1,0,0,0,0,0,1,44
803175,N,2023,12/10/2023,12,U,Minor,,,361001,173831,51.46209866,-2.56275376,,,8,3,31,0,8,0,0,0,0,0,0,0,42
803175,N,2023,12/10/2023,7,U,Minor,,,361001,173831,51.46209866,-2.56275376,,,2,0,18,0,0,0,0,0,0,0,0,0,18
803175,N,2023,12/10/2023,10,U,Minor,,,361001,173831,51.46209866,-2.56275376,,,4,0,35,0,10,1,0,0,0,0,0,1,46
803175,N,2023,12/10/2023,13,U,Minor,,,361001,173831,51.46209866,-2.56275376,,,8,6,37,0,8,1,0,0,0,0,0,1,52
803175,N,2023,12/10/2023,17,U,Minor,,,361001,173831,51.46209866,-2.56275376,,,26,6,68,0,14,0,0,0,0,0,0,0,88
803175,N,2023,12/10/2023,15,U,Minor,,,361001,173831,51.46209866,-2.56275376,,,18,2,47,1,8,0,0,0,0,0,0,0,58
803175,S,2023,12/10/2023,8,U,Minor,,,361001,173831,51.46209866,-2.56275376,,,28,1,74,1,10,0,0,0,0,0,0,0,86
803175,N,2023,12/10/2023,8,U,Minor,,,361001,173831,51.46209866,-2.56275376,,,6,1,39,0,4,0,0,0,0,0,0,0,44
803175,S,2023,12/10/2023,13,U,Minor,,,361001,173831,51.46209866,-2.56275376,,,7,2,58,0,12,0,0,0,0,0,0,0,72
803175,S,2023,12/10/2023,14,U,Minor,,,361001,173831,51.46209866,-2.56275376,,,4,5,67,0,17,0,0,0,0,0,0,0,89
803175,S,2023,12/10/2023,11,U,Minor,,,361001,173831,51.46209866,-2.56275376,,,7,0,47,0,16,0,0,0,0,0,0,0,63
803175,S,2023,12/10/2023,12,U,Minor,,,361001,173831,51.46209866,-2.56275376,,,14,6,46,0,8,0,0,0,0,0,0,0,60
803175,S,2023,12/10/2023,17,U,Minor,,,361001,173831,51.46209866,-2.56275376,,,7,5,76,0,6,0,0,0,0,0,0,0,87
803175,S,2023,12/10/2023,15,U,Minor,,,361001,173831,51.46209866,-2.56275376,,,7,0,50,1,13,1,0,0,0,0,0,1,65
803175,S,2023,12/10/2023,10,U,Minor,,,361001,173831,51.46209866,-2.56275376,,,9,2,39,1,4,2,1,0,0,0,0,3,49
803175,N,2023,12/10/2023,14,U,Minor,,,361001,173831,51.46209866,-2.56275376,,,9,9,48,0,11,0,0,0,0,0,0,0,68
803175,S,2023,12/10/2023,16,U,Minor,,,361001,173831,51.46209866,-2.56275376,,,14,4,71,0,6,0,0,0,0,0,0,0,81
803175,N,2023,12/10/2023,18,U,Minor,,,361001,173831,51.46209866,-2.56275376,,,20,2,71,0,4,0,0,0,0,0,0,0,77
803175,S,2023,10/10/2024,7,U,Minor,,,361001,173831,51.46209866,-2.56275376,,,11,1,39,1,5,0,0,0,0,0,0,0,46
803175,N,2023,10/10/2024,16,U,Minor,,,361001,173831,51.46209866,-2.56275376,,,14,8,49,0,6,1,0,0,0,0,0,1,64
803175,S,2023,10/10/2024,18,U,Minor,,,361001,173831,51.46209866,-2.56275376,,,17,7,73,0,7,0,0,0,0,0,0,0,87
803175,S,2024,10/10/2024,14,U,Minor,,,361001,173831,51.46209866,-2.56275376,,,9,6,59,0,9,0,0,0,0,0,0,0,74
803175,S,2024,10/10/2024,11,U,Minor,,,361001,173831,51.46209866,-2.56275376,,,12,3,34,0,11,1,0,0,0,0,0,1,49
803175,N,2024,10/10/2024,18,U,Minor,,,361001,173831,51.46209866,-2.56275376,,,18,7,85,0,7,0,0,0,0,0,0,0,99
803175,N,2024,10/10/2024,13,U,Minor,,,361001,173831,51.46209866,-2.56275376,,,9,3,26,0,10,0,0,0,0,0,0,0,39
803175,N,2024,10/10/2024,14,U,Minor,,,361001,173831,51.46209866,-2.56275376,,,7,3,51,0,9,0,0,0,0,0,0,0,63
803175,N,2024,10/10/2024,11,U,Minor,,,361001,173831,51.46209866,-2.56275376,,,6,2,43,0,19,1,0,0,0,0,0,1,65
803175,S,2024,10/10/2024,7,U,Minor,,,361001,173831,51.46209866,-2.56275376,,,11,1,67,0,13,0,0,0,0,0,0,0,81
803175,S,2024,10/10/2024,15,U,Minor,,,361001,173831,51.46209866,-2.56275376,,,14,4,62,0,13,0,0,0,0,0,0,0,79
803175,S,2024,10/10/2024,10,U,Minor,,,361001,173831,51.46209866,-2.56275376,,,15,1,32,0,18,0,1,0,0,0,0,1,52
803175,N,2024,10/10/2024,12,U,Minor,,,361001,173831,51.46209866,-2.56275376,,,8,3,32,0,16,1,0,0,0,0,0,1,52
803175,N,2024,10/10/2024,10,U,Minor,,,361001,173831,51.46209866,-2.56275376,,,3,2,61,0,23,0,0,0,0,0,0,0,86
803175,N,2024,10/10/2024,15,U,Minor,,,361001,173831,51.46209866,-2.56275376,,,16,3,60,0,9,0,0,0,0,0,0,0,72
803175,N,2024,10/10/2024,16,U,Minor,,,361001,173831,51.46209866,-2.56275376,,,17,7,56,0,11,1,0,0,0,0,0,1,75
803175,N,2024,10/10/2024,17,U,Minor,,,361001,173831,51.46209866,-2.56275376,,,32,5,57,0,8,0,0,0,0,0,0,0,70
803175,N,2024,10/10/2024,7,U,Minor,,,361001,173831,51.46209866,-2.56275376,,,3,0,24,0,10,0,0,0,0,0,0,0,34
803175,S,2024,10/10/2024,9,U,Minor,,,361001,173831,51.46209866,-2.56275376,,,15,3,67,0,14,0,0,0,0,0,0,0,84
803175,N,2024,10/10/2024,8,U,Minor,,,361001,173831,51.46209866,-2.56275376,,,14,0,65,0,13,0,0,0,0,0,0,0,78
803175,S,2024,10/10/2024,13,U,Minor,,,361001,173831,51.46209866,-2.56275376,,,11,4,53,0,15,0,0,0,0,0,0,0,72
803175,S,2024,10/10/2024,17,U,Minor,,,361001,173831,51.46209866,-2.56275376,,,19,4,64,0,8,0,0,0,0,0,0,0,76
803175,S,2024,10/10/2024,12,U,Minor,,,361001,173831,51.46209866,-2.56275376,,,13,5,50,0,9,0,0,0,0,0,0,0,64
803175,S,2024,10/10/2024,18,U,Minor,,,361001,173831,51.46209866,-2.56275376,,,23,4,63,0,10,0,0,0,0,0,0,0,77
803176,W,2022,06/07/2023,18,U,Minor,,,352044,177944,51.49838754,-2.69223694,,,7,0,99,3,17,0,0,0,0,0,0,0,119
803176,E,2022,06/07/2023,18,U,Minor,,,352044,177944,51.49838754,-2.69223694,,,7,1,73,4,14,0,0,0,0,0,0,0,92
803176,W,2022,06/07/2023,10,U,Minor,,,352044,177944,51.49838754,-2.69223694,,,1,1,87,5,27,1,0,0,1,0,0,2,122
803176,W,2023,06/07/2023,12,U,Minor,,,352044,177944,51.49838754,-2.69223694,,,2,4,92,3,32,3,1,0,0,0,0,4,135
803176,W,2023,06/07/2023,16,U,Minor,,,352044,177944,51.49838754,-2.69223694,,,11,3,97,5,35,1,0,0,0,0,0,1,141
803176,E,2023,06/07/2023,12,U,Minor,,,352044,177944,51.49838754,-2.69223694,,,2,5,81,4,16,2,1,0,0,0,0,3,109
803176,E,2023,06/07/2023,9,U,Minor,,,352044,177944,51.49838754,-2.69223694,,,1,2,49,5,19,1,0,0,1,0,0,2,77
803176,E,2023,06/07/2023,7,U,Minor,,,352044,177944,51.49838754,-2.69223694,,,2,2,44,3,18,3,0,0,0,0,0,3,70
803176,W,2023,06/07/2023,15,U,Minor,,,352044,177944,51.49838754,-2.69223694,,,10,3,118,3,28,2,0,0,0,0,0,2,154
803176,W,2023,06/07/2023,7,U,Minor,,,352044,177944,51.49838754,-2.69223694,,,3,1,92,3,26,1,0,0,0,0,0,1,123
803176,W,2023,06/07/2023,8,U,Minor,,,352044,177944,51.49838754,-2.69223694,,,14,2,132,4,26,1,0,0,0,0,0,1,165
803176,E,2023,06/07/2023,15,U,Minor,,,352044,177944,51.49838754,-2.69223694,,,3,2,61,6,18,0,0,0,0,2,0,2,89
803176,W,2023,06/07/2023,17,U,Minor,,,352044,177944,51.49838754,-2.69223694,,,4,3,116,3,25,1,0,0,0,0,0,1,148
803176,W,2023,06/07/2023,18,U,Minor,,,352044,177944,51.49838754,-2.69223694,,,9,6,109,4,16,1,0,0,0,0,0,1,136
803176,W,2023,06/07/2023,13,U,Minor,,,352044,177944,51.49838754,-2.69223694,,,2,3,104,5,21,1,0,0,0,0,0,1,134
803176,E,2023,06/07/2023,16,U,Minor,,,352044,177944,51.49838754,-2.69223694,,,22,4,83,5,27,2,0,0,0,0,0,2,121
803176,E,2023,06/07/2023,17,U,Minor,,,352044,177944,51.49838754,-2.69223694,,,4,1,81,3,14,0,0,0,0,0,1,1,100
803176,E,2023,06/07/2023,14,U,Minor,,,352044,177944,51.49838754,-2.69223694,,,2,3,73,5,17,2,0,1,0,0,0,3,101
803176,E,2023,06/07/2023,11,U,Minor,,,352044,177944,51.49838754,-2.69223694,,,3,5,47,4,15,1,1,0,0,0,0,2,73
803176,E,2023,06/07/2023,18,U,Minor,,,352044,177944,51.49838754,-2.69223694,,,6,5,69,4,10,0,0,1,0,0,0,1,89
803176,W,2023,06/07/2023,11,U,Minor,,,352044,177944,51.49838754,-2.69223694,,,4,2,73,4,33,2,0,0,0,0,0,2,114
803176,E,2023,06/07/2023,13,U,Minor,,,352044,177944,51.49838754,-2.69223694,,,5,2,72,4,19,2,0,0,0,2,0,4,101
803176,W,2023,06/07/2023,14,U,Minor,,,352044,177944,51.49838754,-2.69223694,,,2,4,97,4,23,1,0,0,1,0,0,2,130
803176,W,2023,06/07/2023,9,U,Minor,,,352044,177944,51.49838754,-2.69223694,,,1,0,115,5,29,0,0,0,1,0,0,1,150
803176,W,2023,11/07/2024,10,U,Minor,,,352044,177944,51.49838754,-2.69223694,,,1,4,89,4,15,2,0,0,0,0,0,2,114
803176,E,2023,11/07/2024,8,U,Minor,,,352044,177944,51.49838754,-2.69223694,,,5,1,42,5,19,3,1,0,0,0,0,4,71
803176,E,2023,11/07/2024,10,U,Minor,,,352044,177944,51.49838754,-2.69223694,,,0,2,52,4,23,3,0,0,0,1,0,4,85
803176,W,2024,11/07/2024,7,U,Minor,,,352044,177944,51.49838754,-2.69223694,,,4,3,82,3,42,1,0,0,0,0,0,1,131
803176,E,2024,11/07/2024,8,U,Minor,,,352044,177944,51.49838754,-2.69223694,,,1,0,38,4,22,3,0,0,0,0,0,3,67
803176,W,2024,11/07/2024,13,U,Minor,,,352044,177944,51.49838754,-2.69223694,,,1,1,104,3,34,0,1,0,0,0,0,1,143
803176,W,2024,11/07/2024,15,U,Minor,,,352044,177944,51.49838754,-2.69223694,,,5,2,99,3,20,2,0,0,0,0,0,2,126
803176,W,2024,11/07/2024,9,U,Minor,,,352044,177944,51.49838754,-2.69223694,,,0,3,101,4,41,0,0,0,0,0,0,0,149
803176,E,2024,11/07/2024,15,U,Minor,,,352044,177944,51.49838754,-2.69223694,,,5,3,64,6,21,3,0,0,0,0,0,3,97
803176,E,2024,11/07/2024,16,U,Minor,,,352044,177944,51.49838754,-2.69223694,,,7,3,71,4,13,0,0,0,0,0,0,0,91
803176,W,2024,11/07/2024,12,U,Minor,,,352044,177944,51.49838754,-2.69223694,,,2,2,85,3,17,1,0,0,0,0,0,1,108
803176,E,2024,11/07/2024,9,U,Minor,,,352044,177944,51.49838754,-2.69223694,,,0,2,48,4,15,5,0,0,0,0,0,5,74
803176,W,2024,11/07/2024,17,U,Minor,,,352044,177944,51.49838754,-2.69223694,,,6,4,81,4,18,1,0,0,0,0,0,1,108
803176,E,2024,11/07/2024,17,U,Minor,,,352044,177944,51.49838754,-2.69223694,,,8,2,70,2,14,0,0,0,0,1,0,1,89
803176,E,2024,11/07/2024,11,U,Minor,,,352044,177944,51.49838754,-2.69223694,,,1,2,54,3,22,4,0,0,0,0,0,4,85
803176,E,2024,11/07/2024,7,U,Minor,,,352044,177944,51.49838754,-2.69223694,,,1,0,43,3,18,5,0,0,0,0,0,5,69
803176,W,2024,11/07/2024,8,U,Minor,,,352044,177944,51.49838754,-2.69223694,,,2,4,115,6,43,3,0,0,0,0,0,3,171
803176,E,2024,11/07/2024,13,U,Minor,,,352044,177944,51.49838754,-2.69223694,,,4,1,82,3,23,0,0,0,0,0,0,0,109
803176,E,2024,11/07/2024,18,U,Minor,,,352044,177944,51.49838754,-2.69223694,,,1,1,66,4,19,0,0,0,0,0,0,0,90
803176,W,2024,11/07/2024,11,U,Minor,,,352044,177944,51.49838754,-2.69223694,,,0,0,89,3,26,2,0,0,0,0,0,2,120
803176,W,2024,11/07/2024,18,U,Minor,,,352044,177944,51.49838754,-2.69223694,,,8,4,93,4,15,2,0,0,0,0,0,2,118
803176,E,2024,11/07/2024,14,U,Minor,,,352044,177944,51.49838754,-2.69223694,,,4,3,70,4,31,0,0,0,0,0,0,0,108
803176,W,2024,11/07/2024,10,U,Minor,,,352044,177944,51.49838754,-2.69223694,,,3,0,70,3,36,6,2,0,0,0,0,8,117
803176,W,2024,11/07/2024,14,U,Minor,,,352044,177944,51.49838754,-2.69223694,,,3,2,93,3,24,2,0,0,0,0,0,2,124
805630,W,2021,16/05/2023,8,B4057,Minor,,,355300,178438,51.50309692,-2.64539707,,,4,2,268,0,50,0,0,0,0,0,0,0,320
805630,E,2021,16/05/2023,13,B4057,Minor,,,355300,178438,51.50309692,-2.64539707,,,2,3,158,0,31,0,0,0,0,1,0,1,193
805630,E,2021,16/05/2023,18,B4057,Minor,,,355300,178438,51.50309692,-2.64539707,,,2,2,165,0,10,0,0,0,0,0,0,0,177
805630,W,2023,16/05/2023,18,B4057,Minor,,,355300,178438,51.50309692,-2.64539707,,,7,9,209,0,23,0,0,0,0,0,0,0,241
805630,E,2023,16/05/2023,13,B4057,Minor,,,355300,178438,51.50309692,-2.64539707,,,1,3,165,2,24,3,1,0,0,0,0,4,198
805630,W,2023,16/05/2023,9,B4057,Minor,,,355300,178438,51.50309692,-2.64539707,,,1,1,165,0,41,5,0,1,0,1,0,7,214
805630,W,2023,16/05/2023,10,B4057,Minor,,,355300,178438,51.50309692,-2.64539707,,,2,3,171,0,46,2,1,0,0,1,0,4,224
805630,W,2023,16/05/2023,17,B4057,Minor,,,355300,178438,51.50309692,-2.64539707,,,5,6,234,0,49,1,0,0,0,0,0,1,290
805630,W,2023,16/05/2023,16,B4057,Minor,,,355300,178438,51.50309692,-2.64539707,,,10,9,277,0,43,2,0,0,0,0,0,2,331
805630,E,2023,16/05/2023,11,B4057,Minor,,,355300,178438,51.50309692,-2.64539707,,,1,2,151,1,33,1,0,0,0,2,0,3,190
805630,E,2023,16/05/2023,15,B4057,Minor,,,355300,178438,51.50309692,-2.64539707,,,5,8,247,1,36,0,0,1,0,2,0,3,295
805630,W,2023,16/05/2023,8,B4057,Minor,,,355300,178438,51.50309692,-2.64539707,,,4,2,299,1,60,0,0,0,0,0,0,0,362
805630,W,2023,16/05/2023,7,B4057,Minor,,,355300,178438,51.50309692,-2.64539707,,,8,3,154,1,40,1,0,0,0,0,1,2,200
805630,E,2023,16/05/2023,18,B4057,Minor,,,355300,178438,51.50309692,-2.64539707,,,3,8,151,0,16,1,0,0,0,2,0,3,178
805630,E,2023,16/05/2023,12,B4057,Minor,,,355300,178438,51.50309692,-2.64539707,,,6,3,184,0,32,1,2,2,0,0,0,5,224
805630,E,2023,16/05/2023,16,B4057,Minor,,,355300,178438,51.50309692,-2.64539707,,,6,5,177,0,35,1,0,0,0,2,0,3,220
805630,W,2023,16/05/2023,15,B4057,Minor,,,355300,178438,51.50309692,-2.64539707,,,1,6,277,2,45,1,0,1,0,0,1,3,333
805630,E,2023,16/05/2023,8,B4057,Minor,,,355300,178438,51.50309692,-2.64539707,,,3,2,197,4,45,5,0,0,0,0,0,5,253
805630,E,2023,16/05/2023,14,B4057,Minor,,,355300,178438,51.50309692,-2.64539707,,,5,9,236,1,46,0,0,0,0,0,0,0,292
805630,W,2023,16/05/2023,14,B4057,Minor,,,355300,178438,51.50309692,-2.64539707,,,8,4,285,5,49,6,0,0,0,0,1,7,350
805630,E,2023,16/05/2023,9,B4057,Minor,,,355300,178438,51.50309692,-2.64539707,,,3,1,148,0,33,2,0,2,0,0,0,4,186
805630,E,2023,16/05/2023,7,B4057,Minor,,,355300,178438,51.50309692,-2.64539707,,,3,6,163,1,36,3,0,1,0,0,0,4,210
805630,W,2023,16/05/2023,11,B4057,Minor,,,355300,178438,51.50309692,-2.64539707,,,6,5,132,0,44,2,1,0,0,0,0,3,184
805630,E,2023,16/05/2023,10,B4057,Minor,,,355300,178438,51.50309692,-2.64539707,,,6,3,158,1,41,2,0,1,0,1,0,4,207
806152,N,2021,28/06/2024,18,C,Minor,,,355820,179327,51.51113081,-2.6380172,,,8,2,118,1,8,0,1,0,1,0,0,2,131
806152,N,2021,28/06/2024,17,C,Minor,,,355820,179327,51.51113081,-2.6380172,,,4,1,114,0,7,1,0,1,0,0,0,2,124
806152,S,2021,28/06/2024,14,C,Minor,,,355820,179327,51.51113081,-2.6380172,,,16,3,268,0,55,1,0,0,0,0,1,2,328
806152,N,2024,28/06/2024,8,C,Minor,,,355820,179327,51.51113081,-2.6380172,,,6,3,113,0,30,3,2,0,1,1,0,7,153
806152,N,2024,28/06/2024,14,C,Minor,,,355820,179327,51.51113081,-2.6380172,,,4,1,96,1,38,3,6,0,0,2,2,13,149
806152,N,2024,28/06/2024,9,C,Minor,,,355820,179327,51.51113081,-2.6380172,,,9,2,98,0,35,2,0,0,1,2,0,5,140
806152,N,2024,28/06/2024,17,C,Minor,,,355820,179327,51.51113081,-2.6380172,,,2,5,159,0,21,0,1,0,0,1,0,2,187
806152,S,2024,28/06/2024,12,C,Minor,,,355820,179327,51.51113081,-2.6380172,,,3,5,135,0,43,5,0,0,1,2,0,8,191
806152,S,2024,28/06/2024,10,C,Minor,,,355820,179327,51.51113081,-2.6380172,,,10,2,89,2,35,1,3,0,0,0,2,6,134
806152,S,2024,28/06/2024,13,C,Minor,,,355820,179327,51.51113081,-2.6380172,,,8,1,142,0,29,2,0,0,0,0,1,3,175
806152,N,2024,28/06/2024,11,C,Minor,,,355820,179327,51.51113081,-2.6380172,,,5,2,90,0,41,4,2,0,1,0,0,7,140
806152,S,2024,28/06/2024,9,C,Minor,,,355820,179327,51.51113081,-2.6380172,,,2,0,88,0,50,3,0,0,1,1,2,7,145
806152,S,2024,28/06/2024,8,C,Minor,,,355820,179327,51.51113081,-2.6380172,,,4,2,93,0,45,3,1,0,1,0,4,9,149
806152,N,2024,28/06/2024,12,C,Minor,,,355820,179327,51.51113081,-2.6380172,,,1,4,116,0,31,3,1,0,0,4,0,8,159
806152,N,2024,28/06/2024,18,C,Minor,,,355820,179327,51.51113081,-2.6380172,,,2,5,108,2,19,0,0,0,0,2,0,2,136
806152,S,2024,28/06/2024,7,C,Minor,,,355820,179327,51.51113081,-2.6380172,,,3,8,108,1,39,1,0,1,0,1,1,4,160
806152,S,2024,28/06/2024,17,C,Minor,,,355820,179327,51.51113081,-2.6380172,,,12,7,242,0,36,0,1,0,0,0,0,1,286
806152,N,2024,28/06/2024,16,C,Minor,,,355820,179327,51.51113081,-2.6380172,,,5,4,115,0,41,4,0,2,0,0,0,6,166
806152,S,2024,28/06/2024,18,C,Minor,,,355820,179327,51.51113081,-2.6380172,,,8,3,187,1,28,0,0,0,0,1,1,2,221
806152,S,2024,28/06/2024,16,C,Minor,,,355820,179327,51.51113081,-2.6380172,,,6,5,256,0,48,2,0,0,0,0,0,2,311
806152,S,2024,28/06/2024,14,C,Minor,,,355820,179327,51.51113081,-2.6380172,,,12,4,149,0,32,1,2,2,1,1,2,9,194
806152,N,2024,28/06/2024,10,C,Minor,,,355820,179327,51.51113081,-2.6380172,,,11,3,105,1,43,3,1,0,0,3,1,8,160
806152,N,2024,28/06/2024,13,C,Minor,,,355820,179327,51.51113081,-2.6380172,,,6,1,128,0,36,0,2,0,0,1,0,3,168
806152,N,2024,28/06/2024,15,C,Minor,,,355820,179327,51.51113081,-2.6380172,,,6,2,110,0,31,7,1,0,0,0,2,10,153
808322,E,2022,13/05/2024,11,U,Minor,,,359000,176851,51.48910951,-2.59190754,,,0,1,15,0,3,0,0,0,0,0,0,0,19
808322,W,2022,13/05/2024,8,U,Minor,,,359000,176851,51.48910951,-2.59190754,,,8,0,47,0,12,0,0,0,0,0,0,0,59
808322,E,2022,13/05/2024,18,U,Minor,,,359000,176851,51.48910951,-2.59190754,,,2,1,32,0,0,0,0,0,0,0,0,0,33
808322,W,2024,13/05/2024,12,U,Minor,,,359000,176851,51.48910951,-2.59190754,,,2,0,19,0,3,0,0,0,0,0,0,0,22
808322,E,2024,13/05/2024,15,U,Minor,,,359000,176851,51.48910951,-2.59190754,,,0,1,56,0,14,0,0,0,0,0,0,0,71
808322,W,2024,13/05/2024,15,U,Minor,,,359000,176851,51.48910951,-2.59190754,,,0,2,37,0,5,1,0,0,0,0,0,1,45
808322,E,2024,13/05/2024,12,U,Minor,,,359000,176851,51.48910951,-2.59190754,,,0,1,26,0,4,0,0,0,0,0,0,0,31
808322,E,2024,13/05/2024,7,U,Minor,,,359000,176851,51.48910951,-2.59190754,,,2,0,27,0,3,0,0,0,0,0,0,0,30
808322,E,2024,13/05/2024,14,U,Minor,,,359000,176851,51.48910951,-2.59190754,,,1,2,36,0,5,0,0,0,0,0,0,0,43
808322,W,2024,13/05/2024,11,U,Minor,,,359000,176851,51.48910951,-2.59190754,,,0,0,23,0,5,0,0,0,0,0,0,0,28
808322,W,2024,13/05/2024,9,U,Minor,,,359000,176851,51.48910951,-2.59190754,,,2,0,25,0,2,0,0,0,0,0,0,0,27
808322,W,2024,13/05/2024,10,U,Minor,,,359000,176851,51.48910951,-2.59190754,,,0,0,24,0,3,0,0,0,0,0,0,0,27
808322,E,2024,13/05/2024,8,U,Minor,,,359000,176851,51.48910951,-2.59190754,,,2,0,54,0,6,0,0,0,0,0,0,0,60
808322,E,2024,13/05/2024,18,U,Minor,,,359000,176851,51.48910951,-2.59190754,,,1,1,18,0,0,0,0,0,0,0,0,0,19
808322,E,2024,13/05/2024,13,U,Minor,,,359000,176851,51.48910951,-2.59190754,,,0,3,29,0,2,0,0,0,0,0,0,0,34
808322,W,2024,13/05/2024,14,U,Minor,,,359000,176851,51.48910951,-2.59190754,,,0,1,23,0,3,0,0,0,0,0,0,0,27
808322,W,2024,13/05/2024,13,U,Minor,,,359000,176851,51.48910951,-2.59190754,,,0,0,17,1,4,0,0,0,0,0,0,0,22
808322,W,2024,13/05/2024,8,U,Minor,,,359000,176851,51.48910951,-2.59190754,,,0,0,42,0,4,0,0,0,0,0,0,0,46
808322,E,2024,13/05/2024,11,U,Minor,,,359000,176851,51.48910951,-2.59190754,,,2,1,17,0,4,0,0,0,0,0,0,0,22
808322,E,2024,13/05/2024,9,U,Minor,,,359000,176851,51.48910951,-2.59190754,,,0,1,28,0,3,0,0,0,0,0,0,0,32
808322,W,2024,13/05/2024,18,U,Minor,,,359000,176851,51.48910951,-2.59190754,,,0,0,20,0,1,0,0,0,0,0,0,0,21
808322,W,2024,13/05/2024,17,U,Minor,,,359000,176851,51.48910951,-2.59190754,,,0,3,55,0,7,0,0,0,0,0,0,0,65
808322,E,2024,13/05/2024,17,U,Minor,,,359000,176851,51.48910951,-2.59190754,,,2,1,29,0,4,0,0,0,0,0,0,0,34
808322,E,2024,13/05/2024,10,U,Minor,,,359000,176851,51.48910951,-2.59190754,,,0,1,15,0,4,0,0,0,0,0,0,0,20
808430,N,2022,13/09/2023,16,U,Minor,,,362497,174123,51.46482503,-2.54125142,,,6,2,77,1,15,0,0,0,0,0,0,0,95
808430,S,2022,13/09/2023,8,U,Minor,,,362497,174123,51.46482503,-2.54125142,,,3,2,94,1,26,1,1,0,0,0,0,2,125
808430,N,2022,13/09/2023,10,U,Minor,,,362497,174123,51.46482503,-2.54125142,,,1,1,44,0,19,0,0,0,0,0,0,0,64
808430,S,2023,13/09/2023,8,U,Minor,,,362497,174123,51.46482503,-2.54125142,,,1,2,129,0,25,0,0,0,0,0,0,0,156
808430,S,2023,13/09/2023,12,U,Minor,,,362497,174123,51.46482503,-2.54125142,,,1,2,97,0,36,0,0,0,0,0,0,0,135
808430,N,2023,13/09/2023,15,U,Minor,,,362497,174123,51.46482503,-2.54125142,,,1,1,74,0,20,0,0,0,0,0,0,0,95
808430,N,2023,13/09/2023,9,U,Minor,,,362497,174123,51.46482503,-2.54125142,,,2,2,51,0,18,0,0,0,0,0,0,0,71
808430,S,2023,13/09/2023,13,U,Minor,,,362497,174123,51.46482503,-2.54125142,,,0,3,95,0,28,1,0,0,0,0,0,1,127
808430,S,2023,13/09/2023,9,U,Minor,,,362497,174123,51.46482503,-2.54125142,,,1,0,60,0,18,1,0,0,0,0,0,1,79
808430,N,2023,13/09/2023,8,U,Minor,,,362497,174123,51.46482503,-2.54125142,,,10,2,119,1,22,2,0,0,0,0,0,2,146
808430,S,2023,13/09/2023,16,U,Minor,,,362497,174123,51.46482503,-2.54125142,,,6,3,172,0,46,0,0,0,0,0,0,0,221
808430,S,2023,13/09/2023,14,U,Minor,,,362497,174123,51.46482503,-2.54125142,,,2,4,111,1,23,0,0,0,0,0,0,0,139
808430,N,2023,13/09/2023,7,U,Minor,,,362497,174123,51.46482503,-2.54125142,,,4,1,88,0,21,1,0,0,0,0,0,1,111
808430,S,2023,13/09/2023,7,U,Minor,,,362497,174123,51.46482503,-2.54125142,,,2,0,68,0,28,0,0,0,0,0,0,0,96
808430,S,2023,13/09/2023,15,U,Minor,,,362497,174123,51.46482503,-2.54125142,,,1,1,124,0,36,0,0,0,0,0,0,0,161
808430,S,2023,13/09/2023,18,U,Minor,,,362497,174123,51.46482503,-2.54125142,,,4,3,153,0,20,0,0,0,0,0,0,0,176
808430,N,2023,13/09/2023,16,U,Minor,,,362497,174123,51.46482503,-2.54125142,,,2,1,60,0,15,1,0,0,0,0,0,1,77
808430,S,2023,13/09/2023,17,U,Minor,,,362497,174123,51.46482503,-2.54125142,,,11,3,173,0,29,0,0,0,0,0,0,0,205
808430,N,2023,13/09/2023,18,U,Minor,,,362497,174123,51.46482503,-2.54125142,,,2,1,72,0,7,0,0,0,0,0,0,0,80
808430,N,2023,13/09/2023,12,U,Minor,,,362497,174123,51.46482503,-2.54125142,,,0,2,63,0,19,0,0,0,0,0,0,0,84
808430,N,2023,13/09/2023,17,U,Minor,,,362497,174123,51.46482503,-2.54125142,,,1,5,88,0,11,0,0,0,0,0,0,0,104
808430,N,2023,13/09/2023,14,U,Minor,,,362497,174123,51.46482503,-2.54125142,,,1,3,74,0,18,0,0,0,0,0,0,0,95
808430,N,2023,13/09/2023,10,U,Minor,,,362497,174123,51.46482503,-2.54125142,,,0,0,58,0,21,0,0,0,0,0,0,0,79
808430,S,2023,13/09/2023,10,U,Minor,,,362497,174123,51.46482503,-2.54125142,,,1,2,66,0,15,1,0,0,0,0,0,1,84
808430,N,2023,11/09/2024,13,U,Minor,,,362497,174123,51.46482503,-2.54125142,,,3,3,65,0,23,1,0,0,0,0,0,1,92
808430,N,2023,11/09/2024,11,U,Minor,,,362497,174123,51.46482503,-2.54125142,,,2,4,63,0,27,1,0,0,0,0,0,1,95
808430,S,2023,11/09/2024,11,U,Minor,,,362497,174123,51.46482503,-2.54125142,,,1,1,88,0,25,0,1,0,0,0,0,1,115
808430,N,2024,11/09/2024,8,U,Minor,,,362497,174123,51.46482503,-2.54125142,,,7,1,113,0,15,0,0,0,0,0,0,0,129
808430,N,2024,11/09/2024,13,U,Minor,,,362497,174123,51.46482503,-2.54125142,,,0,3,74,0,25,2,0,0,0,0,0,2,104
808430,N,2024,11/09/2024,17,U,Minor,,,362497,174123,51.46482503,-2.54125142,,,5,0,93,0,8,0,0,0,0,0,0,0,101
808430,N,2024,11/09/2024,12,U,Minor,,,362497,174123,51.46482503,-2.54125142,,,2,3,75,0,16,0,0,0,0,0,0,0,94
808430,N,2024,11/09/2024,10,U,Minor,,,362497,174123,51.46482503,-2.54125142,,,0,2,67,1,10,0,0,0,0,0,1,1,81
808430,S,2024,11/09/2024,8,U,Minor,,,362497,174123,51.46482503,-2.54125142,,,4,1,123,0,29,0,0,0,0,0,0,0,153
808430,N,2024,11/09/2024,16,U,Minor,,,362497,174123,51.46482503,-2.54125142,,,2,4,77,0,14,0,0,0,0,0,0,0,95
808430,S,2024,11/09/2024,16,U,Minor,,,362497,174123,51.46482503,-2.54125142,,,6,3,175,0,52,0,0,0,0,0,0,0,230
808430,S,2024,11/09/2024,7,U,Minor,,,362497,174123,51.46482503,-2.54125142,,,1,0,78,1,22,0,0,0,0,0,0,0,101
808430,N,2024,11/09/2024,9,U,Minor,,,362497,174123,51.46482503,-2.54125142,,,0,0,72,0,21,1,0,0,0,0,0,1,94
808430,S,2024,11/09/2024,10,U,Minor,,,362497,174123,51.46482503,-2.54125142,,,0,0,68,0,23,0,0,0,0,0,0,0,91
808430,S,2024,11/09/2024,18,U,Minor,,,362497,174123,51.46482503,-2.54125142,,,3,4,139,0,19,0,0,0,0,0,0,0,162
808430,S,2024,11/09/2024,11,U,Minor,,,362497,174123,51.46482503,-2.54125142,,,1,2,83,1,23,2,1,0,0,0,0,3,112
808430,S,2024,11/09/2024,14,U,Minor,,,362497,174123,51.46482503,-2.54125142,,,1,2,127,0,30,0,0,0,0,0,0,0,159
808430,S,2024,11/09/2024,17,U,Minor,,,362497,174123,51.46482503,-2.54125142,,,4,1,205,0,32,0,0,0,0,0,0,0,238
808430,N,2024,11/09/2024,15,U,Minor,,,362497,174123,51.46482503,-2.54125142,,,5,2,84,0,20,1,0,0,0,0,0,1,107
808430,N,2024,11/09/2024,7,U,Minor,,,362497,174123,51.46482503,-2.54125142,,,1,0,70,0,16,0,0,0,0,0,0,0,86
808430,S,2024,11/09/2024,15,U,Minor,,,362497,174123,51.46482503,-2.54125142,,,1,3,123,1,34,0,0,0,0,0,0,0,161
808430,N,2024,11/09/2024,14,U,Minor,,,362497,174123,51.46482503,-2.54125142,,,1,2,86,1,18,0,1,0,0,0,0,1,108
808430,S,2024,11/09/2024,13,U,Minor,,,362497,174123,51.46482503,-2.54125142,,,2,5,99,0,30,0,0,0,0,0,0,0,134
808430,S,2024,11/09/2024,12,U,Minor,,,362497,174123,51.46482503,-2.54125142,,,1,1,96,0,23,1,0,0,0,0,0,1,121
808442,N,2022,12/07/2023,11,U,Minor,,,361257,169654,51.42455969,-2.55861001,,,2,1,62,0,17,1,0,0,0,0,0,1,81
808442,S,2022,12/07/2023,17,U,Minor,,,361257,169654,51.42455969,-2.55861001,,,8,2,134,0,27,1,0,0,0,0,0,1,164
808442,N,2022,12/07/2023,10,U,Minor,,,361257,169654,51.42455969,-2.55861001,,,1,0,59,0,16,0,0,0,0,0,0,0,75
808442,N,2023,12/07/2023,12,U,Minor,,,361257,169654,51.42455969,-2.55861001,,,4,0,120,0,22,1,0,0,0,0,0,1,143
808442,N,2023,12/07/2023,18,U,Minor,,,361257,169654,51.42455969,-2.55861001,,,1,0,141,0,35,0,0,0,0,0,0,0,176
808442,N,2023,12/07/2023,11,U,Minor,,,361257,169654,51.42455969,-2.55861001,,,2,2,89,0,17,1,0,0,0,0,0,1,109
808442,N,2023,12/07/2023,13,U,Minor,,,361257,169654,51.42455969,-2.55861001,,,1,0,101,0,15,0,0,0,0,0,0,0,116
808442,S,2023,12/07/2023,14,U,Minor,,,361257,169654,51.42455969,-2.55861001,,,2,1,115,0,22,0,0,0,0,0,0,0,138
808442,N,2023,12/07/2023,15,U,Minor,,,361257,169654,51.42455969,-2.55861001,,,1,1,133,1,37,1,0,0,0,0,0,1,173
808442,N,2023,12/07/2023,10,U,Minor,,,361257,169654,51.42455969,-2.55861001,,,0,1,98,0,22,0,1,0,0,0,0,1,122
808442,S,2023,12/07/2023,7,U,Minor,,,361257,169654,51.42455969,-2.55861001,,,1,1,83,0,22,0,0,0,0,0,0,0,106
808442,S,2023,12/07/2023,11,U,Minor,,,361257,169654,51.42455969,-2.55861001,,,0,0,80,0,16,1,0,0,0,0,0,1,97
808442,S,2023,12/07/2023,12,U,Minor,,,361257,169654,51.42455969,-2.55861001,,,1,2,81,0,29,1,0,0,0,0,0,1,113
808442,S,2023,12/07/2023,8,U,Minor,,,361257,169654,51.42455969,-2.55861001,,,4,0,134,0,31,1,0,0,0,0,0,1,166
808442,S,2023,12/07/2023,16,U,Minor,,,361257,169654,51.42455969,-2.55861001,,,4,0,132,0,51,0,1,0,0,0,0,1,184
808442,S,2023,12/07/2023,10,U,Minor,,,361257,169654,51.42455969,-2.55861001,,,1,2,68,0,22,0,0,0,0,0,0,0,92
808442,S,2023,12/07/2023,13,U,Minor,,,361257,169654,51.42455969,-2.55861001,,,1,2,99,0,16,0,0,0,0,0,0,0,117
808442,S,2023,12/07/2023,17,U,Minor,,,361257,169654,51.42455969,-2.55861001,,,6,3,184,0,42,0,0,0,0,0,0,0,229
808442,N,2023,12/07/2023,17,U,Minor,,,361257,169654,51.42455969,-2.55861001,,,4,0,169,1,37,0,0,0,0,0,0,0,207
808442,S,2023,12/07/2023,15,U,Minor,,,361257,169654,51.42455969,-2.55861001,,,0,3,152,0,35,0,0,0,0,0,0,0,190
808442,N,2023,12/07/2023,8,U,Minor,,,361257,169654,51.42455969,-2.55861001,,,4,0,181,1,36,0,0,0,0,0,0,0,218
808442,S,2023,12/07/2023,9,U,Minor,,,361257,169654,51.42455969,-2.55861001,,,2,4,106,0,15,0,0,0,0,0,0,0,125
808442,S,2023,12/07/2023,18,U,Minor,,,361257,169654,51.42455969,-2.55861001,,,4,2,147,0,23,0,0,0,0,0,0,0,172
808442,N,2023,12/07/2023,7,U,Minor,,,361257,169654,51.42455969,-2.55861001,,,3,0,112,0,59,0,0,0,0,0,0,0,171
808442,N,2023,03/07/2024,16,U,Minor,,,361257,169654,51.42455969,-2.55861001,,,1,3,120,0,28,0,0,0,0,0,0,0,151
808442,N,2023,03/07/2024,14,U,Minor,,,361257,169654,51.42455969,-2.55861001,,,1,5,109,0,21,0,0,0,0,0,0,0,135
808442,N,2023,03/07/2024,9,U,Minor,,,361257,169654,51.42455969,-2.55861001,,,0,2,129,0,20,0,0,0,0,0,0,0,151
808442,N,2024,03/07/2024,15,U,Minor,,,361257,169654,51.42455969,-2.55861001,,,2,4,170,1,34,3,0,0,0,0,0,3,212
808442,N,2024,03/07/2024,8,U,Minor,,,361257,169654,51.42455969,-2.55861001,,,10,0,192,0,42,0,0,0,0,0,0,0,234
808442,N,2024,03/07/2024,9,U,Minor,,,361257,169654,51.42455969,-2.55861001,,,2,2,165,0,26,1,0,0,0,0,0,1,194
808442,S,2024,03/07/2024,13,U,Minor,,,361257,169654,51.42455969,-2.55861001,,,1,0,73,0,17,0,0,0,0,0,0,0,90
808442,S,2024,03/07/2024,11,U,Minor,,,361257,169654,51.42455969,-2.55861001,,,0,0,70,0,20,1,0,0,0,0,0,1,91
808442,S,2024,03/07/2024,8,U,Minor,,,361257,169654,51.42455969,-2.55861001,,,7,2,178,0,24,0,0,0,0,0,0,0,204
808442,N,2024,03/07/2024,17,U,Minor,,,361257,169654,51.42455969,-2.55861001,,,4,1,200,0,37,0,0,0,0,0,0,0,238
808442,N,2024,03/07/2024,18,U,Minor,,,361257,169654,51.42455969,-2.55861001,,,1,0,174,0,31,0,0,0,0,0,0,0,205
808442,S,2024,03/07/2024,15,U,Minor,,,361257,169654,51.42455969,-2.55861001,,,0,3,161,0,30,0,0,0,0,0,0,0,194
808442,N,2024,03/07/2024,12,U,Minor,,,361257,169654,51.42455969,-2.55861001,,,4,1,128,0,30,0,0,0,0,0,0,0,159
808442,S,2024,03/07/2024,17,U,Minor,,,361257,169654,51.42455969,-2.55861001,,,8,3,164,0,40,0,0,0,0,0,0,0,207
808442,S,2024,03/07/2024,9,U,Minor,,,361257,169654,51.42455969,-2.55861001,,,1,1,93,0,22,2,0,0,0,0,0,2,118
808442,S,2024,03/07/2024,16,U,Minor,,,361257,169654,51.42455969,-2.55861001,,,9,0,149,1,44,1,0,0,0,0,0,1,195
808442,S,2024,03/07/2024,10,U,Minor,,,361257,169654,51.42455969,-2.55861001,,,0,0,62,0,17,0,0,0,0,0,0,0,79
808442,N,2024,03/07/2024,7,U,Minor,,,361257,169654,51.42455969,-2.55861001,,,5,0,145,0,59,0,0,0,0,0,0,0,204
808442,S,2024,03/07/2024,7,U,Minor,,,361257,169654,51.42455969,-2.55861001,,,2,0,98,0,23,0,0,0,0,0,0,0,121
808442,N,2024,03/07/2024,10,U,Minor,,,361257,169654,51.42455969,-2.55861001,,,0,0,96,0,19,0,0,0,0,0,0,0,115
808442,S,2024,03/07/2024,14,U,Minor,,,361257,169654,51.42455969,-2.55861001,,,1,1,115,0,27,2,0,0,0,0,0,2,145
808442,S,2024,03/07/2024,12,U,Minor,,,361257,169654,51.42455969,-2.55861001,,,1,3,99,0,16,0,0,0,0,0,0,0,118
808442,N,2024,03/07/2024,14,U,Minor,,,361257,169654,51.42455969,-2.55861001,,,0,0,124,0,22,1,0,0,0,0,0,1,147
808442,N,2024,03/07/2024,11,U,Minor,,,361257,169654,51.42455969,-2.55861001,,,1,0,80,0,17,0,0,0,0,0,0,0,97
808940,N,2022,05/09/2024,15,B4469,Minor,,,361770,174889,51.4716636,-2.55179953,,,10,12,384,0,75,5,3,0,1,0,0,9,480
808940,N,2022,05/09/2024,11,B4469,Minor,,,361770,174889,51.4716636,-2.55179953,,,6,7,353,0,98,13,2,0,0,0,1,16,474
808940,S,2022,05/09/2024,18,B4469,Minor,,,361770,174889,51.4716636,-2.55179953,,,10,18,510,0,41,3,1,0,0,0,0,4,573
808940,S,2024,05/09/2024,8,B4469,Minor,,,361770,174889,51.4716636,-2.55179953,,,12,4,379,1,106,9,0,1,0,0,1,11,501
808940,N,2024,05/09/2024,12,B4469,Minor,,,361770,174889,51.4716636,-2.55179953,,,1,9,288,0,80,4,4,0,0,1,0,9,386
808940,S,2024,05/09/2024,16,B4469,Minor,,,361770,174889,51.4716636,-2.55179953,,,6,15,621,1,152,5,1,0,0,0,0,6,795
808940,N,2024,05/09/2024,18,B4469,Minor,,,361770,174889,51.4716636,-2.55179953,,,12,14,375,1,39,1,0,0,0,0,0,1,430
808940,S,2024,05/09/2024,13,B4469,Minor,,,361770,174889,51.4716636,-2.55179953,,,2,10,410,0,98,14,3,1,0,0,2,20,538
808940,N,2024,05/09/2024,8,B4469,Minor,,,361770,174889,51.4716636,-2.55179953,,,12,4,236,0,73,10,0,2,0,1,1,14,327
808940,S,2024,05/09/2024,10,B4469,Minor,,,361770,174889,51.4716636,-2.55179953,,,5,5,355,0,138,13,1,0,0,0,1,15,513
808940,N,2024,05/09/2024,15,B4469,Minor,,,361770,174889,51.4716636,-2.55179953,,,5,7,236,0,60,2,1,0,1,0,0,4,307
808940,S,2024,05/09/2024,7,B4469,Minor,,,361770,174889,51.4716636,-2.55179953,,,14,3,339,2,101,6,1,1,1,0,1,10,455
808940,N,2024,05/09/2024,10,B4469,Minor,,,361770,174889,51.4716636,-2.55179953,,,2,2,344,1,98,11,2,0,0,1,2,16,461
808940,S,2024,05/09/2024,15,B4469,Minor,,,361770,174889,51.4716636,-2.55179953,,,4,10,481,3,142,10,2,0,0,0,1,13,649
808940,S,2024,05/09/2024,14,B4469,Minor,,,361770,174889,51.4716636,-2.55179953,,,2,10,510,2,129,15,2,0,1,0,4,22,673
808940,N,2024,05/09/2024,7,B4469,Minor,,,361770,174889,51.4716636,-2.55179953,,,14,6,326,0,99,10,4,0,0,0,0,14,445
808940,N,2024,05/09/2024,16,B4469,Minor,,,361770,174889,51.4716636,-2.55179953,,,9,5,234,0,29,2,0,0,0,1,1,4,272
808940,S,2024,05/09/2024,11,B4469,Minor,,,361770,174889,51.4716636,-2.55179953,,,1,3,377,1,125,9,4,1,0,0,1,15,521
808940,S,2024,05/09/2024,17,B4469,Minor,,,361770,174889,51.4716636,-2.55179953,,,15,18,686,4,108,3,0,1,0,0,0,4,820
808940,S,2024,05/09/2024,18,B4469,Minor,,,361770,174889,51.4716636,-2.55179953,,,6,19,646,0,65,3,0,0,0,0,1,4,734
808940,S,2024,05/09/2024,9,B4469,Minor,,,361770,174889,51.4716636,-2.55179953,,,9,9,417,1,143,10,0,1,0,0,0,11,581
808940,N,2024,05/09/2024,11,B4469,Minor,,,361770,174889,51.4716636,-2.55179953,,,1,7,296,0,83,8,1,1,0,0,2,12,398
808940,N,2024,05/09/2024,9,B4469,Minor,,,361770,174889,51.4716636,-2.55179953,,,4,3,360,2,87,7,4,1,0,0,0,12,464
808940,S,2024,05/09/2024,12,B4469,Minor,,,361770,174889,51.4716636,-2.55179953,,,0,15,396,0,117,8,2,1,1,2,2,16,544
809039,S,2022,24/05/2023,9,U,Minor,,,355147,177238,51.49229575,-2.64744871,,,0,0,10,0,3,0,0,0,0,0,0,0,13
809039,S,2022,24/05/2023,11,U,Minor,,,355147,177238,51.49229575,-2.64744871,,,0,0,23,0,6,1,0,0,0,0,0,1,30
809039,S,2022,24/05/2023,10,U,Minor,,,355147,177238,51.49229575,-2.64744871,,,0,0,11,0,1,0,0,0,0,0,0,0,12
809039,N,2023,24/05/2023,13,U,Minor,,,355147,177238,51.49229575,-2.64744871,,,0,0,16,0,2,0,0,0,0,0,0,0,18
809039,N,2023,24/05/2023,8,U,Minor,,,355147,177238,51.49229575,-2.64744871,,,0,0,19,0,2,0,0,0,0,0,0,0,21
809039,N,2023,24/05/2023,10,U,Minor,,,355147,177238,51.49229575,-2.64744871,,,0,0,11,0,1,1,0,0,0,0,0,1,13
809039,S,2023,24/05/2023,13,U,Minor,,,355147,177238,51.49229575,-2.64744871,,,0,0,22,0,1,0,0,0,0,0,0,0,23
809039,N,2023,24/05/2023,17,U,Minor,,,355147,177238,51.49229575,-2.64744871,,,1,1,27,0,3,0,0,0,0,0,0,0,31
809039,S,2023,24/05/2023,7,U,Minor,,,355147,177238,51.49229575,-2.64744871,,,2,0,19,0,4,0,0,0,0,0,0,0,23
809039,S,2023,24/05/2023,10,U,Minor,,,355147,177238,51.49229575,-2.64744871,,,0,0,21,0,7,0,0,0,0,0,0,0,28
809039,N,2023,24/05/2023,16,U,Minor,,,355147,177238,51.49229575,-2.64744871,,,2,0,24,0,5,0,0,0,0,0,0,0,29
809039,N,2023,24/05/2023,14,U,Minor,,,355147,177238,51.49229575,-2.64744871,,,0,0,20,0,1,0,0,0,0,0,0,0,21
809039,N,2023,24/05/2023,15,U,Minor,,,355147,177238,51.49229575,-2.64744871,,,0,0,22,0,1,0,0,0,0,0,0,0,23
809039,S,2023,24/05/2023,18,U,Minor,,,355147,177238,51.49229575,-2.64744871,,,1,0,17,0,1,0,0,0,0,0,0,0,18
809039,N,2023,24/05/2023,11,U,Minor,,,355147,177238,51.49229575,-2.64744871,,,0,0,17,0,1,0,0,0,0,0,0,0,18
809039,S,2023,24/05/2023,12,U,Minor,,,355147,177238,51.49229575,-2.64744871,,,0,0,14,0,5,0,0,0,0,0,0,0,19
809039,S,2023,24/05/2023,15,U,Minor,,,355147,177238,51.49229575,-2.64744871,,,1,0,27,0,2,0,0,0,0,0,0,0,29
809039,S,2023,24/05/2023,14,U,Minor,,,355147,177238,51.49229575,-2.64744871,,,1,0,22,0,0,0,0,0,0,0,0,0,22
809039,S,2023,24/05/2023,11,U,Minor,,,355147,177238,51.49229575,-2.64744871,,,0,0,18,0,4,0,0,0,0,0,0,0,22
809039,S,2023,24/05/2023,8,U,Minor,,,355147,177238,51.49229575,-2.64744871,,,4,0,38,0,3,1,0,0,0,0,0,1,42
809039,N,2023,24/05/2023,12,U,Minor,,,355147,177238,51.49229575,-2.64744871,,,0,0,11,0,4,0,0,0,0,0,0,0,15
809039,N,2023,24/05/2023,18,U,Minor,,,355147,177238,51.49229575,-2.64744871,,,2,0,9,0,0,0,0,0,0,0,0,0,9
809039,S,2023,24/05/2023,16,U,Minor,,,355147,177238,51.49229575,-2.64744871,,,0,1,23,0,2,0,0,0,0,0,0,0,26
809039,S,2023,24/05/2023,9,U,Minor,,,355147,177238,51.49229575,-2.64744871,,,1,0,15,0,3,0,0,0,0,0,0,0,18
809039,S,2023,22/05/2024,17,U,Minor,,,355147,177238,51.49229575,-2.64744871,,,0,2,25,0,3,0,0,0,0,0,0,0,30
809039,N,2023,22/05/2024,7,U,Minor,,,355147,177238,51.49229575,-2.64744871,,,0,0,9,0,4,0,0,0,0,0,0,0,13
809039,N,2023,22/05/2024,9,U,Minor,,,355147,177238,51.49229575,-2.64744871,,,0,0,11,0,1,0,0,0,0,0,0,0,12
809039,N,2024,22/05/2024,15,U,Minor,,,355147,177238,51.49229575,-2.64744871,,,0,1,23,0,7,0,0,0,0,0,0,0,31
809039,S,2024,22/05/2024,13,U,Minor,,,355147,177238,51.49229575,-2.64744871,,,0,0,14,0,6,0,0,0,0,0,0,0,20
809039,N,2024,22/05/2024,7,U,Minor,,,355147,177238,51.49229575,-2.64744871,,,0,0,16,0,0,0,0,0,0,0,0,0,16
809039,N,2024,22/05/2024,9,U,Minor,,,355147,177238,51.49229575,-2.64744871,,,0,0,13,0,1,0,1,1,0,0,0,2,16
809039,S,2024,22/05/2024,8,U,Minor,,,355147,177238,51.49229575,-2.64744871,,,0,0,13,0,8,0,1,0,0,0,0,1,22
809039,N,2024,22/05/2024,13,U,Minor,,,355147,177238,51.49229575,-2.64744871,,,0,0,13,0,4,1,0,0,0,0,0,1,18
809039,N,2024,22/05/2024,16,U,Minor,,,355147,177238,51.49229575,-2.64744871,,,1,0,21,0,12,0,0,0,0,0,0,0,33
809039,S,2024,22/05/2024,17,U,Minor,,,355147,177238,51.49229575,-2.64744871,,,0,0,19,0,1,0,0,0,0,0,0,0,20
809039,N,2024,22/05/2024,8,U,Minor,,,355147,177238,51.49229575,-2.64744871,,,2,0,23,0,7,2,0,0,0,0,0,2,32
809039,S,2024,22/05/2024,15,U,Minor,,,355147,177238,51.49229575,-2.64744871,,,0,0,18,0,5,1,0,0,0,0,0,1,24
809039,S,2024,22/05/2024,10,U,Minor,,,355147,177238,51.49229575,-2.64744871,,,0,0,18,0,1,0,0,0,0,0,0,0,19
809039,N,2024,22/05/2024,14,U,Minor,,,355147,177238,51.49229575,-2.64744871,,,0,0,17,0,2,0,0,1,0,0,0,1,20
809039,N,2024,22/05/2024,10,U,Minor,,,355147,177238,51.49229575,-2.64744871,,,1,0,17,0,2,0,0,1,0,0,0,1,20
809039,N,2024,22/05/2024,12,U,Minor,,,355147,177238,51.49229575,-2.64744871,,,0,0,10,0,2,2,0,0,0,0,0,2,14
809039,S,2024,22/05/2024,11,U,Minor,,,355147,177238,51.49229575,-2.64744871,,,0,1,17,0,1,1,0,0,0,0,0,1,20
809039,N,2024,22/05/2024,18,U,Minor,,,355147,177238,51.49229575,-2.64744871,,,0,1,20,0,2,0,0,0,0,0,0,0,23
809039,S,2024,22/05/2024,9,U,Minor,,,355147,177238,51.49229575,-2.64744871,,,0,0,14,0,2,1,0,1,0,0,0,2,18
809039,S,2024,22/05/2024,18,U,Minor,,,355147,177238,51.49229575,-2.64744871,,,1,0,19,0,3,0,0,0,0,0,0,0,22
809039,S,2024,22/05/2024,14,U,Minor,,,355147,177238,51.49229575,-2.64744871,,,1,1,11,0,0,1,0,0,0,0,0,1,13
809039,N,2024,22/05/2024,17,U,Minor,,,355147,177238,51.49229575,-2.64744871,,,0,0,24,0,1,0,0,0,0,0,0,0,25
809039,S,2024,22/05/2024,16,U,Minor,,,355147,177238,51.49229575,-2.64744871,,,0,0,24,0,4,0,0,0,0,0,0,0,28
809075,S,2022,05/07/2023,18,U,Minor,,,361283,171008,51.43673563,-2.55838519,,,7,0,19,0,2,0,0,0,0,0,0,0,21
809075,S,2022,05/07/2023,11,U,Minor,,,361283,171008,51.43673563,-2.55838519,,,16,0,21,0,8,1,1,0,0,0,0,2,31
809075,S,2022,05/07/2023,14,U,Minor,,,361283,171008,51.43673563,-2.55838519,,,12,0,27,0,6,0,0,0,0,0,0,0,33
809075,S,2023,05/07/2023,17,U,Minor,,,361283,171008,51.43673563,-2.55838519,,,34,0,60,0,6,0,0,0,0,0,0,0,66
809075,S,2023,05/07/2023,9,U,Minor,,,361283,171008,51.43673563,-2.55838519,,,6,0,36,0,8,0,0,0,0,0,0,0,44
809075,N,2023,05/07/2023,14,U,Minor,,,361283,171008,51.43673563,-2.55838519,,,7,0,19,0,8,0,0,0,0,0,0,0,27
809075,N,2023,05/07/2023,11,U,Minor,,,361283,171008,51.43673563,-2.55838519,,,8,0,12,0,6,0,0,0,0,0,0,0,18
809075,S,2023,05/07/2023,15,U,Minor,,,361283,171008,51.43673563,-2.55838519,,,16,0,34,0,7,0,0,0,0,0,0,0,41
809075,S,2023,05/07/2023,11,U,Minor,,,361283,171008,51.43673563,-2.55838519,,,4,0,27,0,8,1,0,0,0,0,0,1,36
809075,S,2023,05/07/2023,12,U,Minor,,,361283,171008,51.43673563,-2.55838519,,,6,1,30,0,6,3,0,0,0,0,0,3,40
809075,N,2023,05/07/2023,8,U,Minor,,,361283,171008,51.43673563,-2.55838519,,,30,0,19,0,6,0,0,0,0,0,0,0,25
809075,N,2023,05/07/2023,17,U,Minor,,,361283,171008,51.43673563,-2.55838519,,,20,0,33,0,7,0,0,0,0,0,0,0,40
809075,S,2023,05/07/2023,8,U,Minor,,,361283,171008,51.43673563,-2.55838519,,,22,1,33,0,4,0,0,0,0,0,0,0,38
809075,S,2023,05/07/2023,16,U,Minor,,,361283,171008,51.43673563,-2.55838519,,,21,0,42,0,14,0,0,0,0,0,0,0,56
809075,N,2023,05/07/2023,12,U,Minor,,,361283,171008,51.43673563,-2.55838519,,,4,1,17,0,3,1,0,0,0,0,0,1,22
809075,S,2023,05/07/2023,7,U,Minor,,,361283,171008,51.43673563,-2.55838519,,,11,0,3,0,8,0,0,0,0,0,0,0,11
809075,N,2023,05/07/2023,13,U,Minor,,,361283,171008,51.43673563,-2.55838519,,,5,0,18,0,5,0,0,0,0,0,0,0,23
809075,N,2023,05/07/2023,7,U,Minor,,,361283,171008,51.43673563,-2.55838519,,,24,0,10,0,2,0,0,0,0,0,0,0,12
809075,N,2023,05/07/2023,16,U,Minor,,,361283,171008,51.43673563,-2.55838519,,,11,0,23,0,6,0,0,0,0,0,0,0,29
809075,S,2023,05/07/2023,13,U,Minor,,,361283,171008,51.43673563,-2.55838519,,,8,0,38,0,9,0,0,0,0,0,0,0,47
809075,S,2023,05/07/2023,14,U,Minor,,,361283,171008,51.43673563,-2.55838519,,,5,1,43,0,5,0,0,0,0,0,0,0,49
809075,S,2023,05/07/2023,10,U,Minor,,,361283,171008,51.43673563,-2.55838519,,,1,1,37,0,5,1,0,0,0,0,0,1,44
809075,S,2023,05/07/2023,18,U,Minor,,,361283,171008,51.43673563,-2.55838519,,,22,0,40,0,2,0,0,0,0,0,0,0,42
809075,N,2023,05/07/2023,10,U,Minor,,,361283,171008,51.43673563,-2.55838519,,,25,0,19,0,5,0,0,0,0,0,0,0,24
809075,N,2023,03/07/2024,9,U,Minor,,,361283,171008,51.43673563,-2.55838519,,,13,1,22,0,3,0,0,0,0,0,0,0,26
809075,N,2023,03/07/2024,18,U,Minor,,,361283,171008,51.43673563,-2.55838519,,,13,0,22,0,2,0,0,0,0,0,0,0,24
809075,N,2023,03/07/2024,15,U,Minor,,,361283,171008,51.43673563,-2.55838519,,,10,0,22,0,3,0,0,0,0,0,0,0,25
809075,S,2024,03/07/2024,16,U,Minor,,,361283,171008,51.43673563,-2.55838519,,,17,0,33,0,5,0,0,0,0,0,0,0,38
809075,S,2024,03/07/2024,10,U,Minor,,,361283,171008,51.43673563,-2.55838519,,,4,0,21,0,7,0,0,0,0,0,0,0,28
809075,S,2024,03/07/2024,18,U,Minor,,,361283,171008,51.43673563,-2.55838519,,,14,2,40,0,4,0,0,0,0,0,0,0,46
809075,N,2024,03/07/2024,17,U,Minor,,,361283,171008,51.43673563,-2.55838519,,,16,0,51,0,1,0,0,0,0,0,0,0,52
809075,N,2024,03/07/2024,7,U,Minor,,,361283,171008,51.43673563,-2.55838519,,,13,0,24,0,8,0,0,0,0,0,0,0,32
809075,N,2024,03/07/2024,13,U,Minor,,,361283,171008,51.43673563,-2.55838519,,,7,1,12,0,7,0,0,0,0,0,0,0,20
809075,N,2024,03/07/2024,9,U,Minor,,,361283,171008,51.43673563,-2.55838519,,,13,0,23,0,7,0,0,0,0,0,0,0,30
809075,S,2024,03/07/2024,12,U,Minor,,,361283,171008,51.43673563,-2.55838519,,,2,1,23,0,2,0,0,0,0,0,0,0,26
809075,N,2024,03/07/2024,11,U,Minor,,,361283,171008,51.43673563,-2.55838519,,,1,0,10,0,2,0,0,0,0,0,0,0,12
809075,N,2024,03/07/2024,12,U,Minor,,,361283,171008,51.43673563,-2.55838519,,,11,0,13,0,4,0,0,0,0,0,0,0,17
809075,S,2024,03/07/2024,7,U,Minor,,,361283,171008,51.43673563,-2.55838519,,,17,0,4,0,7,0,0,0,0,0,0,0,11
809075,S,2024,03/07/2024,14,U,Minor,,,361283,171008,51.43673563,-2.55838519,,,3,1,16,0,3,0,0,0,0,0,0,0,20
809075,S,2024,03/07/2024,13,U,Minor,,,361283,171008,51.43673563,-2.55838519,,,3,1,26,0,8,0,0,0,0,0,0,0,35
809075,S,2024,03/07/2024,9,U,Minor,,,361283,171008,51.43673563,-2.55838519,,,5,0,29,0,6,0,0,0,0,0,0,0,35
809075,N,2024,03/07/2024,15,U,Minor,,,361283,171008,51.43673563,-2.55838519,,,10,1,22,0,2,0,0,0,0,0,0,0,25
809075,S,2024,03/07/2024,11,U,Minor,,,361283,171008,51.43673563,-2.55838519,,,4,0,19,0,7,0,0,0,0,0,0,0,26
809075,N,2024,03/07/2024,18,U,Minor,,,361283,171008,51.43673563,-2.55838519,,,5,2,42,0,1,0,0,0,0,0,0,0,45
809075,N,2024,03/07/2024,10,U,Minor,,,361283,171008,51.43673563,-2.55838519,,,4,0,8,0,3,0,0,0,0,0,0,0,11
809075,N,2024,03/07/2024,14,U,Minor,,,361283,171008,51.43673563,-2.55838519,,,10,4,29,0,6,0,0,0,0,0,0,0,39
809075,S,2024,03/07/2024,15,U,Minor,,,361283,171008,51.43673563,-2.55838519,,,6,1,29,0,6,0,0,0,0,0,0,0,36
809075,N,2024,03/07/2024,8,U,Minor,,,361283,171008,51.43673563,-2.55838519,,,25,0,16,0,3,0,0,0,0,0,0,0,19
809311,W,2021,30/04/2024,10,U,Minor,,,357367,177056,51.4908316,-2.61545148,,,0,0,45,0,6,1,0,0,0,0,0,1,52
809311,W,2021,30/04/2024,18,U,Minor,,,357367,177056,51.4908316,-2.61545148,,,6,0,53,0,5,0,0,0,0,0,0,0,58
809311,E,2021,30/04/2024,18,U,Minor,,,357367,177056,51.4908316,-2.61545148,,,6,0,36,0,2,0,0,0,0,0,0,0,38
809311,E,2024,30/04/2024,9,U,Minor,,,357367,177056,51.4908316,-2.61545148,,,2,2,57,0,3,0,0,0,0,0,0,0,62
809311,E,2024,30/04/2024,18,U,Minor,,,357367,177056,51.4908316,-2.61545148,,,5,0,62,0,3,0,0,0,0,0,0,0,65
809311,W,2024,30/04/2024,17,U,Minor,,,357367,177056,51.4908316,-2.61545148,,,10,0,113,0,6,0,0,0,0,0,0,0,119
809311,W,2024,30/04/2024,7,U,Minor,,,357367,177056,51.4908316,-2.61545148,,,9,0,57,0,7,0,0,0,0,0,0,0,64
809311,W,2024,30/04/2024,13,U,Minor,,,357367,177056,51.4908316,-2.61545148,,,6,0,58,0,6,1,0,0,0,0,0,1,65
809311,W,2024,30/04/2024,9,U,Minor,,,357367,177056,51.4908316,-2.61545148,,,0,1,59,0,9,0,0,0,0,0,0,0,69
809311,E,2024,30/04/2024,11,U,Minor,,,357367,177056,51.4908316,-2.61545148,,,2,0,31,0,8,0,0,0,0,0,0,0,39
809311,W,2024,30/04/2024,18,U,Minor,,,357367,177056,51.4908316,-2.61545148,,,7,0,70,0,2,0,0,0,0,0,0,0,72
809311,E,2024,30/04/2024,13,U,Minor,,,357367,177056,51.4908316,-2.61545148,,,3,0,41,0,9,0,0,0,0,0,0,0,50
809311,E,2024,30/04/2024,17,U,Minor,,,357367,177056,51.4908316,-2.61545148,,,7,1,98,0,2,0,0,0,0,0,0,0,101
809311,W,2024,30/04/2024,8,U,Minor,,,357367,177056,51.4908316,-2.61545148,,,7,0,124,0,6,0,1,0,0,0,0,1,131
809311,E,2024,30/04/2024,16,U,Minor,,,357367,177056,51.4908316,-2.61545148,,,6,1,110,0,7,0,0,0,0,0,0,0,118
809311,W,2024,30/04/2024,12,U,Minor,,,357367,177056,51.4908316,-2.61545148,,,1,0,54,0,8,1,0,0,0,0,0,1,63
809311,W,2024,30/04/2024,15,U,Minor,,,357367,177056,51.4908316,-2.61545148,,,1,0,80,0,5,1,0,0,0,0,0,1,86
809311,W,2024,30/04/2024,10,U,Minor,,,357367,177056,51.4908316,-2.61545148,,,1,2,51,0,2,0,0,0,0,0,0,0,55
809311,W,2024,30/04/2024,16,U,Minor,,,357367,177056,51.4908316,-2.61545148,,,4,1,96,0,6,0,0,0,0,0,0,0,103
809311,E,2024,30/04/2024,12,U,Minor,,,357367,177056,51.4908316,-2.61545148,,,0,1,53,0,4,0,0,0,0,0,0,0,58
809311,E,2024,30/04/2024,15,U,Minor,,,357367,177056,51.4908316,-2.61545148,,,3,1,64,0,6,0,0,0,0,0,0,0,71
809311,E,2024,30/04/2024,7,U,Minor,,,357367,177056,51.4908316,-2.61545148,,,12,1,44,0,4,0,0,0,0,0,0,0,49
809311,W,2024,30/04/2024,11,U,Minor,,,357367,177056,51.4908316,-2.61545148,,,4,0,55,0,11,2,0,0,0,0,0,2,68
809311,E,2024,30/04/2024,14,U,Minor,,,357367,177056,51.4908316,-2.61545148,,,1,0,38,0,6,1,0,0,0,0,0,1,45
809948,S,2022,04/10/2023,18,U,Minor,,,357521,173926,51.4627013,-2.61285596,,,10,1,53,0,1,0,0,0,0,0,0,0,55
809948,N,2022,04/10/2023,18,U,Minor,,,357521,173926,51.4627013,-2.61285596,,,7,0,38,0,3,0,0,0,0,0,0,0,41
809948,S,2022,04/10/2023,14,U,Minor,,,357521,173926,51.4627013,-2.61285596,,,3,3,38,0,6,2,0,0,0,0,0,2,49
809948,S,2023,04/10/2023,13,U,Minor,,,357521,173926,51.4627013,-2.61285596,,,9,0,36,0,9,0,0,0,0,0,0,0,45
809948,S,2023,04/10/2023,7,U,Minor,,,357521,173926,51.4627013,-2.61285596,,,5,0,35,0,4,0,0,0,0,1,1,2,41
809948,S,2023,04/10/2023,11,U,Minor,,,357521,173926,51.4627013,-2.61285596,,,9,0,34,0,11,2,1,0,0,1,0,4,49
809948,S,2023,04/10/2023,8,U,Minor,,,357521,173926,51.4627013,-2.61285596,,,9,0,55,0,12,1,1,0,1,1,0,4,71
809948,S,2023,04/10/2023,17,U,Minor,,,357521,173926,51.4627013,-2.61285596,,,11,1,64,0,11,1,0,0,0,0,0,1,77
809948,S,2023,04/10/2023,15,U,Minor,,,357521,173926,51.4627013,-2.61285596,,,6,1,53,0,13,0,0,0,0,1,0,1,68
809948,N,2023,04/10/2023,10,U,Minor,,,357521,173926,51.4627013,-2.61285596,,,7,2,17,0,11,0,0,0,0,1,0,1,31
809948,N,2023,04/10/2023,9,U,Minor,,,357521,173926,51.4627013,-2.61285596,,,9,0,36,0,11,0,0,0,0,0,0,0,47
809948,N,2023,04/10/2023,12,U,Minor,,,357521,173926,51.4627013,-2.61285596,,,6,0,24,0,7,2,0,0,0,0,0,2,33
809948,N,2023,04/10/2023,16,U,Minor,,,357521,173926,51.4627013,-2.61285596,,,11,0,42,0,6,0,0,0,0,0,0,0,48
809948,N,2023,04/10/2023,14,U,Minor,,,357521,173926,51.4627013,-2.61285596,,,2,0,15,0,9,0,0,0,0,0,0,0,24
809948,N,2023,04/10/2023,7,U,Minor,,,357521,173926,51.4627013,-2.61285596,,,5,0,11,0,4,0,0,0,0,0,0,0,15
809948,N,2023,04/10/2023,11,U,Minor,,,357521,173926,51.4627013,-2.61285596,,,5,0,23,0,12,0,0,0,0,0,0,0,35
809948,S,2023,04/10/2023,16,U,Minor,,,357521,173926,51.4627013,-2.61285596,,,2,0,44,0,8,0,0,0,0,0,0,0,52
809948,N,2023,04/10/2023,15,U,Minor,,,357521,173926,51.4627013,-2.61285596,,,2,3,30,0,5,1,0,0,0,0,0,1,39
809948,N,2023,04/10/2023,13,U,Minor,,,357521,173926,51.4627013,-2.61285596,,,5,2,32,0,10,1,0,0,0,1,0,2,46
809948,S,2023,04/10/2023,12,U,Minor,,,357521,173926,51.4627013,-2.61285596,,,7,1,39,0,13,1,0,0,0,0,0,1,54
809948,N,2023,04/10/2023,18,U,Minor,,,357521,173926,51.4627013,-2.61285596,,,14,4,31,0,0,0,0,0,0,0,0,0,35
809948,S,2023,04/10/2023,9,U,Minor,,,357521,173926,51.4627013,-2.61285596,,,9,0,43,0,15,3,1,0,0,0,0,4,62
809948,S,2023,04/10/2023,18,U,Minor,,,357521,173926,51.4627013,-2.61285596,,,9,1,42,0,3,0,0,0,0,0,0,0,46
809948,S,2023,04/10/2023,10,U,Minor,,,357521,173926,51.4627013,-2.61285596,,,1,3,39,0,13,3,0,0,0,0,0,3,58
809963,W,2022,26/09/2023,15,B3120,Minor,,,358099,171488,51.44082401,-2.6042471,,,28,7,276,3,73,1,0,0,0,0,0,1,360
809963,W,2022,26/09/2023,9,B3120,Minor,,,358099,171488,51.44082401,-2.6042471,,,22,4,204,9,56,4,1,0,0,1,0,6,279
809963,E,2022,26/09/2023,16,B3120,Minor,,,358099,171488,51.44082401,-2.6042471,,,15,6,337,4,80,0,0,0,0,0,0,0,427
809963,W,2023,26/09/2023,7,B3120,Minor,,,358099,171488,51.44082401,-2.6042471,,,12,1,229,4,51,6,1,0,0,0,0,7,292
809963,W,2023,26/09/2023,17,B3120,Minor,,,358099,171488,51.44082401,-2.6042471,,,63,14,315,2,38,0,0,0,0,0,0,0,369
809963,W,2023,26/09/2023,18,B3120,Minor,,,358099,171488,51.44082401,-2.6042471,,,63,14,320,3,35,0,0,0,0,0,1,1,373
809963,E,2023,26/09/2023,13,B3120,Minor,,,358099,171488,51.44082401,-2.6042471,,,15,16,183,4,68,2,0,0,0,0,0,2,273
809963,E,2023,26/09/2023,10,B3120,Minor,,,358099,171488,51.44082401,-2.6042471,,,16,15,211,6,68,2,1,0,0,0,0,3,303
809963,W,2023,26/09/2023,15,B3120,Minor,,,358099,171488,51.44082401,-2.6042471,,,22,3,286,3,71,3,1,0,0,0,2,6,369
809963,W,2023,26/09/2023,14,B3120,Minor,,,358099,171488,51.44082401,-2.6042471,,,13,7,196,3,56,7,1,0,0,0,0,8,270
809963,E,2023,26/09/2023,18,B3120,Minor,,,358099,171488,51.44082401,-2.6042471,,,43,16,256,3,22,1,0,0,0,0,0,1,298
809963,W,2023,26/09/2023,8,B3120,Minor,,,358099,171488,51.44082401,-2.6042471,,,22,1,250,2,77,5,1,3,0,0,1,10,340
809963,E,2023,26/09/2023,9,B3120,Minor,,,358099,171488,51.44082401,-2.6042471,,,30,2,315,2,7,0,1,1,0,0,0,2,328
809963,E,2023,26/09/2023,15,B3120,Minor,,,358099,171488,51.44082401,-2.6042471,,,19,4,292,4,56,1,0,0,0,0,0,1,357
809963,E,2023,26/09/2023,17,B3120,Minor,,,358099,171488,51.44082401,-2.6042471,,,35,13,302,2,41,0,0,0,0,0,0,0,358
809963,E,2023,26/09/2023,16,B3120,Minor,,,358099,171488,51.44082401,-2.6042471,,,23,10,282,4,58,1,0,0,0,0,0,1,355
809963,W,2023,26/09/2023,16,B3120,Minor,,,358099,171488,51.44082401,-2.6042471,,,29,11,315,3,66,0,0,1,0,0,0,1,396
809963,W,2023,26/09/2023,9,B3120,Minor,,,358099,171488,51.44082401,-2.6042471,,,16,0,212,3,71,4,3,1,0,0,1,9,295
809963,E,2023,26/09/2023,14,B3120,Minor,,,358099,171488,51.44082401,-2.6042471,,,16,10,192,3,59,0,0,0,0,1,0,1,265
809963,W,2023,26/09/2023,13,B3120,Minor,,,358099,171488,51.44082401,-2.6042471,,,25,8,203,4,59,4,2,0,0,0,0,6,280
809963,W,2023,26/09/2023,12,B3120,Minor,,,358099,171488,51.44082401,-2.6042471,,,16,7,232,3,80,6,1,0,1,1,0,9,331
809963,E,2023,26/09/2023,12,B3120,Minor,,,358099,171488,51.44082401,-2.6042471,,,19,14,226,3,61,0,0,0,0,0,0,0,304
809963,E,2023,26/09/2023,8,B3120,Minor,,,358099,171488,51.44082401,-2.6042471,,,80,5,301,3,59,4,0,1,0,0,0,5,373
809963,E,2023,26/09/2023,11,B3120,Minor,,,358099,171488,51.44082401,-2.6042471,,,21,5,197,3,57,5,1,0,0,0,0,6,268
809963,W,2023,01/10/2024,11,B3120,Minor,,,358099,171488,51.44082401,-2.6042471,,,21,10,230,2,66,5,0,0,1,0,1,7,315
809963,E,2023,01/10/2024,7,B3120,Minor,,,358099,171488,51.44082401,-2.6042471,,,38,4,263,4,48,2,1,0,0,0,0,3,322
809963,W,2023,01/10/2024,10,B3120,Minor,,,358099,171488,51.44082401,-2.6042471,,,8,5,202,4,93,8,5,0,0,0,1,14,318
809963,W,2024,01/10/2024,10,B3120,Minor,,,358099,171488,51.44082401,-2.6042471,,,14,7,205,5,81,2,0,1,2,0,0,5,303
809963,W,2024,01/10/2024,15,B3120,Minor,,,358099,171488,51.44082401,-2.6042471,,,33,12,234,3,68,1,0,0,1,0,0,2,319
809963,W,2024,01/10/2024,18,B3120,Minor,,,358099,171488,51.44082401,-2.6042471,,,46,25,260,4,25,0,0,0,0,0,0,0,314
809963,E,2024,01/10/2024,17,B3120,Minor,,,358099,171488,51.44082401,-2.6042471,,,47,11,310,4,49,0,0,0,0,0,0,0,374
809963,W,2024,01/10/2024,9,B3120,Minor,,,358099,171488,51.44082401,-2.6042471,,,27,8,228,3,55,2,0,0,1,0,1,4,298
809963,W,2024,01/10/2024,11,B3120,Minor,,,358099,171488,51.44082401,-2.6042471,,,13,14,221,5,61,2,3,0,1,0,0,6,307
809963,E,2024,01/10/2024,14,B3120,Minor,,,358099,171488,51.44082401,-2.6042471,,,22,9,178,3,59,1,1,0,0,0,0,2,251
809963,E,2024,01/10/2024,10,B3120,Minor,,,358099,171488,51.44082401,-2.6042471,,,23,8,162,3,43,2,0,0,0,0,0,2,218
809963,W,2024,01/10/2024,14,B3120,Minor,,,358099,171488,51.44082401,-2.6042471,,,17,7,196,4,51,1,0,1,0,0,0,2,260
809963,W,2024,01/10/2024,7,B3120,Minor,,,358099,171488,51.44082401,-2.6042471,,,11,3,257,3,81,1,0,0,0,1,0,2,346
809963,W,2024,01/10/2024,8,B3120,Minor,,,358099,171488,51.44082401,-2.6042471,,,30,3,306,3,77,3,1,0,1,1,0,6,395
809963,E,2024,01/10/2024,16,B3120,Minor,,,358099,171488,51.44082401,-2.6042471,,,56,6,257,4,63,0,0,0,0,0,0,0,330
809963,E,2024,01/10/2024,9,B3120,Minor,,,358099,171488,51.44082401,-2.6042471,,,29,6,235,5,65,4,1,0,0,0,1,6,317
809963,E,2024,01/10/2024,8,B3120,Minor,,,358099,171488,51.44082401,-2.6042471,,,85,8,337,3,73,2,1,0,0,0,0,3,424
809963,W,2024,01/10/2024,16,B3120,Minor,,,358099,171488,51.44082401,-2.6042471,,,48,5,292,2,57,0,0,0,0,0,0,0,356
809963,E,2024,01/10/2024,12,B3120,Minor,,,358099,171488,51.44082401,-2.6042471,,,14,10,169,3,48,1,0,0,0,0,0,1,231
809963,E,2024,01/10/2024,13,B3120,Minor,,,358099,171488,51.44082401,-2.6042471,,,30,14,190,4,58,2,0,0,0,0,0,2,268
809963,E,2024,01/10/2024,11,B3120,Minor,,,358099,171488,51.44082401,-2.6042471,,,20,11,208,4,62,4,0,0,1,0,0,5,290
809963,E,2024,01/10/2024,18,B3120,Minor,,,358099,171488,51.44082401,-2.6042471,,,26,14,247,3,32,0,0,0,0,0,0,0,296
809963,E,2024,01/10/2024,15,B3120,Minor,,,358099,171488,51.44082401,-2.6042471,,,26,6,255,2,55,1,0,0,1,0,0,2,320
809963,W,2024,01/10/2024,17,B3120,Minor,,,358099,171488,51.44082401,-2.6042471,,,70,15,300,3,31,0,0,0,0,0,0,0,349
810707,W,2021,04/06/2024,18,U,Minor,,,354666,178664,51.50507813,-2.65455994,,,2,2,166,5,23,1,0,0,0,0,0,1,197
810707,W,2021,04/06/2024,16,U,Minor,,,354666,178664,51.50507813,-2.65455994,,,3,0,246,2,29,0,0,0,0,0,0,0,277
810707,E,2021,04/06/2024,17,U,Minor,,,354666,178664,51.50507813,-2.65455994,,,1,4,151,1,13,0,0,0,0,0,0,0,169
810707,W,2024,04/06/2024,10,U,Minor,,,354666,178664,51.50507813,-2.65455994,,,8,3,133,4,40,2,0,2,0,0,0,4,184
810707,E,2024,04/06/2024,7,U,Minor,,,354666,178664,51.50507813,-2.65455994,,,4,9,119,1,40,1,1,0,1,0,0,3,172
810707,W,2024,04/06/2024,16,U,Minor,,,354666,178664,51.50507813,-2.65455994,,,8,3,153,4,28,1,0,0,0,0,0,1,189
810707,W,2024,04/06/2024,15,U,Minor,,,354666,178664,51.50507813,-2.65455994,,,8,2,180,4,35,2,0,0,0,0,0,2,223
810707,W,2024,04/06/2024,11,U,Minor,,,354666,178664,51.50507813,-2.65455994,,,1,0,128,4,42,0,1,0,0,0,0,1,175
810707,W,2024,04/06/2024,8,U,Minor,,,354666,178664,51.50507813,-2.65455994,,,16,4,280,11,39,0,0,1,1,0,0,2,336
810707,W,2024,04/06/2024,14,U,Minor,,,354666,178664,51.50507813,-2.65455994,,,1,2,198,5,37,2,0,1,0,0,0,3,245
810707,E,2024,04/06/2024,10,U,Minor,,,354666,178664,51.50507813,-2.65455994,,,1,3,144,5,49,0,0,1,0,0,0,1,202
810707,E,2024,04/06/2024,18,U,Minor,,,354666,178664,51.50507813,-2.65455994,,,7,7,160,6,24,0,0,0,0,0,0,0,197
810707,W,2024,04/06/2024,13,U,Minor,,,354666,178664,51.50507813,-2.65455994,,,2,3,153,7,38,3,1,0,0,0,0,4,205
810707,E,2024,04/06/2024,11,U,Minor,,,354666,178664,51.50507813,-2.65455994,,,5,4,162,3,35,2,0,0,0,0,0,2,206
810707,E,2024,04/06/2024,13,U,Minor,,,354666,178664,51.50507813,-2.65455994,,,4,3,163,4,49,3,2,0,0,0,0,5,224
810707,E,2024,04/06/2024,12,U,Minor,,,354666,178664,51.50507813,-2.65455994,,,3,4,169,6,50,1,1,0,0,0,1,3,232
810707,E,2024,04/06/2024,17,U,Minor,,,354666,178664,51.50507813,-2.65455994,,,17,3,222,1,33,1,0,0,1,0,0,2,261
810707,W,2024,04/06/2024,12,U,Minor,,,354666,178664,51.50507813,-2.65455994,,,1,2,175,5,36,1,1,0,0,0,0,2,220
810707,E,2024,04/06/2024,8,U,Minor,,,354666,178664,51.50507813,-2.65455994,,,6,2,209,4,44,1,0,0,0,0,0,1,260
810707,E,2024,04/06/2024,15,U,Minor,,,354666,178664,51.50507813,-2.65455994,,,16,3,284,9,40,2,0,0,0,0,0,2,338
810707,E,2024,04/06/2024,14,U,Minor,,,354666,178664,51.50507813,-2.65455994,,,3,6,198,5,44,2,0,1,0,1,0,4,257
810707,W,2024,04/06/2024,9,U,Minor,,,354666,178664,51.50507813,-2.65455994,,,14,4,122,3,36,2,0,1,0,0,0,3,168
810707,W,2024,04/06/2024,18,U,Minor,,,354666,178664,51.50507813,-2.65455994,,,5,3,157,2,26,0,0,0,0,0,0,0,188
810707,W,2024,04/06/2024,7,U,Minor,,,354666,178664,51.50507813,-2.65455994,,,24,5,155,4,40,0,0,0,1,0,0,1,205
