Conventions,G,BADC-CSV,1,,,,,,,,,,,,,,,,,,,,
title,G,uk-mean-wind-obs,,,,,,,,,,,,,,,,,,,,,
source,G,Met Office MIDAS database,,,,,,,,,,,,,,,,,,,,,
creator,G,Met Office,,,,,,,,,,,,,,,,,,,,,
activity,G,Met Office MIDAS Open: UK Land Surface Stations Data,,,,,,,,,,,,,,,,,,,,,
feature_type,G,point series,,,,,,,,,,,,,,,,,,,,,
collection_name,G,midas-open,,,,,,,,,,,,,,,,,,,,,
collection_version_number,G,dataset-version-202507,,,,,,,,,,,,,,,,,,,,,
history,G,Created 2025-06-24,,,,,,,,,,,,,,,,,,,,,
last_revised_date,G,24/06/2025,,,,,,,,,,,,,,,,,,,,,
observation_station,G,almondsbury,,,,,,,,,,,,,,,,,,,,,
historic_county_name,G,avon,,,,,,,,,,,,,,,,,,,,,
authority,G,Met Office,,,,,,,,,,,,,,,,,,,,,
authority_comments,G,The authority is the latest organisation which owned the station,,,,,,,,,,,,,,,,,,,,,
authority_comments,G,Closed stations without an authority listed have the authority set to NA,,,,,,,,,,,,,,,,,,,,,
midas_station_id,G,62122,,,,,,,,,,,,,,,,,,,,,
location,G,51.551,-2.559,,,,,,,,,,,,,,,,,,,,
height,G,75,m,,,,,,,,,,,,,,,,,,,,
date_valid,G,01/01/2024 00:00,31/12/2024 23:59,,,,,,,,,,,,,,,,,,,,
midas_qc_version_number,G,1,,,,,,,,,,,,,,,,,,,,,
comments,G,The midas_qc_version_number indicates if the data are original received message (0) or current best version (1),,,,,,,,,,,,,,,,,,,,,
comments,G,This file contains station observations,,,,,,,,,,,,,,,,,,,,,
comments,G,missing values are identified with the missing data flag,,,,,,,,,,,,,,,,,,,,,
missing_value,G,NA,,,,,,,,,,,,,,,,,,,,,
coordinate_variable,ob_end_time,t,,,,,,,,,,,,,,,,,,,,,
long_name,ob_end_time,Date at end of observation period,s,,,,,,,,,,,,,,,,,,,,
type,ob_end_time,char,,,,,,,,,,,,,,,,,,,,,
comments,ob_end_time,Date and time (YYYY-MM-DD HH:MM:SS) at the end of the observation period,,,,,,,,,,,,,,,,,,,,,
long_name,id,station identifier,1,,,,,,,,,,,,,,,,,,,,
type,id,char,,,,,,,,,,,,,,,,,,,,,
comments,id,a station may have more than one id assigned to it designated by the id_type,,,,,,,,,,,,,,,,,,,,,
long_name,id_type,identifier type,1,,,,,,,,,,,,,,,,,,,,
type,id_type,char,,,,,,,,,,,,,,,,,,,,,
comments,id_type,a station may have more than one id assigned to it defined by id_type,,,,,,,,,,,,,,,,,,,,,
long_name,ob_hour_count,Observation hour count,hours,,,,,,,,,,,,,,,,,,,,
type,ob_hour_count,int,,,,,,,,,,,,,,,,,,,,,
long_name,version_num,midas qc version number,1,,,,,,,,,,,,,,,,,,,,
type,version_num,int,,,,,,,,,,,,,,,,,,,,,
comments,version_num,The midas_qc_version_number indicates if the data are original received message (0) or current best version (1),,,,,,,,,,,,,,,,,,,,,
long_name,met_domain_name,message type,1,,,,,,,,,,,,,,,,,,,,
type,met_domain_name,char,,,,,,,,,,,,,,,,,,,,,
comments,met_domain_name,message type (see MIDAS documentation),,,,,,,,,,,,,,,,,,,,,
long_name,src_id,unique source identifier or station site number,1,,,,,,,,,,,,,,,,,,,,
type,src_id,int,,,,,,,,,,,,,,,,,,,,,
comments,src_id,unique source identifier or station site number,,,,,,,,,,,,,,,,,,,,,
long_name,rec_st_ind,state indicator for the record,1,,,,,,,,,,,,,,,,,,,,
type,rec_st_ind,int,,,,,,,,,,,,,,,,,,,,,
comments,rec_st_ind,state indicator for the current stage in the life of the record (see MIDAS documentation),,,,,,,,,,,,,,,,,,,,,
long_name,mean_wind_dir,Mean wind direciton,deg true,,,,,,,,,,,,,,,,,,,,
type,mean_wind_dir,int,,,,,,,,,,,,,,,,,,,,,
long_name,mean_wind_speed,Mean wind speed,knots,,,,,,,,,,,,,,,,,,,,
type,mean_wind_speed,float,,,,,,,,,,,,,,,,,,,,,
long_name,max_gust_dir,Direction of maximum wind gust,deg true,,,,,,,,,,,,,,,,,,,,
type,max_gust_dir,int,,,,,,,,,,,,,,,,,,,,,
long_name,max_gust_speed,Speed of maximum wind gust,knots,,,,,,,,,,,,,,,,,,,,
type,max_gust_speed,float,,,,,,,,,,,,,,,,,,,,,
long_name,max_gust_ctime,Clock time of maximum gust HHMM,s,,,,,,,,,,,,,,,,,,,,
type,max_gust_ctime,char,,,,,,,,,,,,,,,,,,,,,
long_name,mean_wind_dir_q,QC code: Mean wind direction,1,,,,,,,,,,,,,,,,,,,,
type,mean_wind_dir_q,int,,,,,,,,,,,,,,,,,,,,,
long_name,mean_wind_speed_q,QC code: Mean wind speed,1,,,,,,,,,,,,,,,,,,,,
type,mean_wind_speed_q,int,,,,,,,,,,,,,,,,,,,,,
long_name,max_gust_dir_q,QC code: Direction of maximum wind gust,1,,,,,,,,,,,,,,,,,,,,
type,max_gust_dir_q,int,,,,,,,,,,,,,,,,,,,,,
long_name,max_gust_speed_q,QC code: Speed of maximum wind gust,1,,,,,,,,,,,,,,,,,,,,
type,max_gust_speed_q,int,,,,,,,,,,,,,,,,,,,,,
long_name,max_gust_ctime_q,QC code: Clock time of maximum gust HHMM,1,,,,,,,,,,,,,,,,,,,,
type,max_gust_ctime_q,int,,,,,,,,,,,,,,,,,,,,,
long_name,mean_wind_dir_j,Descriptor: Mean wind direction,1,,,,,,,,,,,,,,,,,,,,
type,mean_wind_dir_j,char,,,,,,,,,,,,,,,,,,,,,
long_name,mean_wind_speed_j,Descriptor: Mean wind speed,1,,,,,,,,,,,,,,,,,,,,
type,mean_wind_speed_j,char,,,,,,,,,,,,,,,,,,,,,
long_name,max_gust_dir_j,Descriptor: Direction of maximum wind gust,1,,,,,,,,,,,,,,,,,,,,
type,max_gust_dir_j,char,,,,,,,,,,,,,,,,,,,,,
long_name,max_gust_speed_j,Descriptor: Speed of maximum wind gust,1,,,,,,,,,,,,,,,,,,,,
type,max_gust_speed_j,char,,,,,,,,,,,,,,,,,,,,,
long_name,meto_stmp_time,Met Office receipt stamp time,s,,,,,,,,,,,,,,,,,,,,
type,meto_stmp_time,char,,,,,,,,,,,,,,,,,,,,,
comments,meto_stmp_time,Met Office receipt stampe time in format (YYYY-MM-DD HH:MM:SS),,,,,,,,,,,,,,,,,,,,,
long_name,midas_stmp_etime,Elapsed time to storage in MIDAS,minutes,,,,,,,,,,,,,,,,,,,,
type,midas_stmp_etime,int,,,,,,,,,,,,,,,,,,,,,
data,,,,,,,,,,,,,,,,,,,,,,,
ob_end_time,id_type,id,ob_hour_count,met_domain_name,version_num,src_id,rec_st_ind,mean_wind_dir,mean_wind_speed,max_gust_dir,max_gust_speed,max_gust_ctime,mean_wind_dir_q,mean_wind_speed_q,max_gust_dir_q,max_gust_speed_q,max_gust_ctime_q,mean_wind_dir_j,mean_wind_speed_j,max_gust_dir_j,max_gust_speed_j,meto_stmp_time,midas_stmp_etime
01/01/2024 00:00,WIND,492301,1,HCM,1,62122,1011,250,16,250,31,2300,6,6,6,6,6,NA,NA,NA,NA,01/01/2024 00:03,0
01/01/2024 01:00,WIND,492301,1,HCM,1,62122,1011,250,15,250,28,22,6,6,6,6,6,NA,NA,NA,NA,01/01/2024 01:02,0
01/01/2024 02:00,WIND,492301,1,HCM,1,62122,1011,250,15,250,28,113,6,6,6,6,6,NA,NA,NA,NA,01/01/2024 02:02,0
01/01/2024 03:00,WIND,492301,1,HCM,1,62122,1011,250,15,260,27,231,6,6,6,6,6,NA,NA,NA,NA,01/01/2024 03:02,0
01/01/2024 04:00,WIND,492301,1,HCM,1,62122,1011,250,14,250,27,302,6,6,6,6,6,NA,NA,NA,NA,01/01/2024 04:02,0
01/01/2024 05:00,WIND,492301,1,HCM,1,62122,1011,250,12,250,24,401,6,6,6,6,6,NA,NA,NA,NA,01/01/2024 05:02,0
01/01/2024 06:00,WIND,492301,1,HCM,1,62122,1011,250,13,240,22,537,6,6,6,6,6,NA,NA,NA,NA,01/01/2024 06:03,0
01/01/2024 07:00,WIND,492301,1,HCM,1,62122,1011,250,11,240,23,552,6,6,6,6,6,NA,NA,NA,NA,01/01/2024 07:02,0
01/01/2024 08:00,WIND,492301,1,HCM,1,62122,1011,240,9,250,18,706,6,6,6,6,6,NA,NA,NA,NA,01/01/2024 08:02,0
01/01/2024 09:00,WIND,492301,1,HCM,1,62122,1011,230,6,240,12,755,6,6,6,6,6,NA,NA,NA,NA,01/01/2024 09:03,0
01/01/2024 10:00,WIND,492301,1,HCM,1,62122,1011,140,3,220,8,854,6,6,6,6,6,NA,NA,NA,NA,01/01/2024 10:02,0
01/01/2024 11:00,WIND,492301,1,HCM,1,62122,1011,190,5,190,12,1040,6,6,6,6,6,NA,NA,NA,NA,01/01/2024 11:02,0
01/01/2024 12:00,WIND,492301,1,HCM,1,62122,1011,180,6,190,11,1125,6,6,6,6,6,NA,NA,NA,NA,01/01/2024 12:02,0
01/01/2024 13:00,WIND,492301,1,HCM,1,62122,1011,170,5,160,10,1248,6,6,6,6,6,NA,NA,NA,NA,01/01/2024 13:02,0
01/01/2024 14:00,WIND,492301,1,HCM,1,62122,1011,180,7,170,14,1330,6,6,6,6,6,NA,NA,NA,NA,01/01/2024 14:02,0
01/01/2024 15:00,WIND,492301,1,HCM,1,62122,1011,140,5,190,13,1351,6,6,6,6,6,NA,NA,NA,NA,01/01/2024 15:02,0
01/01/2024 16:00,WIND,492301,1,HCM,1,62122,1011,120,8,140,15,1520,6,6,6,6,6,NA,NA,NA,NA,01/01/2024 16:02,0
01/01/2024 17:00,WIND,492301,1,HCM,1,62122,1011,130,10,120,17,1641,6,6,6,6,6,NA,NA,NA,NA,01/01/2024 17:02,0
01/01/2024 18:00,WIND,492301,1,HCM,1,62122,1011,140,9,130,20,1657,6,6,6,6,6,NA,NA,NA,NA,01/01/2024 18:02,0
01/01/2024 19:00,WIND,492301,1,HCM,1,62122,1011,160,10,140,24,1829,6,6,6,6,6,NA,NA,NA,NA,01/01/2024 19:02,0
01/01/2024 20:00,WIND,492301,1,HCM,1,62122,1011,170,10,180,21,1933,6,6,6,6,6,NA,NA,NA,NA,01/01/2024 20:02,0
01/01/2024 21:00,WIND,492301,1,HCM,1,62122,1011,170,9,160,17,2041,6,6,6,6,6,NA,NA,NA,NA,01/01/2024 21:02,0
01/01/2024 22:00,WIND,492301,1,HCM,1,62122,1011,180,12,180,21,2128,6,6,6,6,6,NA,NA,NA,NA,01/01/2024 22:02,0
01/01/2024 23:00,WIND,492301,1,HCM,1,62122,1011,210,13,210,25,2223,6,6,6,6,6,NA,NA,NA,NA,01/01/2024 23:02,0
02/01/2024 00:00,WIND,492301,1,HCM,1,62122,1011,230,17,240,32,2254,6,6,6,6,6,NA,NA,NA,NA,02/01/2024 00:03,0
02/01/2024 01:00,WIND,492301,1,HCM,1,62122,1011,240,17,240,28,46,6,6,6,6,6,NA,NA,NA,NA,02/01/2024 01:02,0
02/01/2024 02:00,WIND,492301,1,HCM,1,62122,1011,240,17,240,29,125,6,6,6,6,6,NA,NA,NA,NA,02/01/2024 02:02,0
02/01/2024 03:00,WIND,492301,1,HCM,1,62122,1011,230,13,230,23,215,6,6,6,6,6,NA,NA,NA,NA,02/01/2024 03:02,0
02/01/2024 04:00,WIND,492301,1,HCM,1,62122,1011,230,13,230,24,301,6,6,6,6,6,NA,NA,NA,NA,02/01/2024 04:02,0
02/01/2024 05:00,WIND,492301,1,HCM,1,62122,1011,220,10,230,18,409,6,6,6,6,6,NA,NA,NA,NA,02/01/2024 05:02,0
02/01/2024 06:00,WIND,492301,1,HCM,1,62122,1011,200,8,180,15,547,6,6,6,6,6,NA,NA,NA,NA,02/01/2024 06:03,0
02/01/2024 07:00,WIND,492301,1,HCM,1,62122,1011,180,6,200,14,553,6,6,6,6,6,NA,NA,NA,NA,02/01/2024 07:02,0
02/01/2024 08:00,WIND,492301,1,HCM,1,62122,1011,160,5,170,12,653,6,6,6,6,6,NA,NA,NA,NA,02/01/2024 08:02,0
02/01/2024 09:00,WIND,492301,1,HCM,1,62122,1011,140,5,120,11,844,6,6,6,6,6,NA,NA,NA,NA,02/01/2024 09:03,0
02/01/2024 10:00,WIND,492301,1,HCM,1,62122,1011,120,8,120,16,936,6,6,6,6,6,NA,NA,NA,NA,02/01/2024 10:02,0
02/01/2024 11:00,WIND,492301,1,HCM,1,62122,1011,160,10,160,22,1030,6,6,6,6,6,NA,NA,NA,NA,02/01/2024 11:03,0
02/01/2024 12:00,WIND,492301,1,HCM,1,62122,1011,190,13,190,26,1127,6,6,6,6,6,NA,NA,NA,NA,02/01/2024 12:02,0
02/01/2024 13:00,WIND,492301,1,HCM,1,62122,1011,200,12,210,21,1236,6,6,6,6,6,NA,NA,NA,NA,02/01/2024 13:02,0
02/01/2024 14:00,WIND,492301,1,HCM,1,62122,1011,210,14,230,33,1343,6,6,6,6,6,NA,NA,NA,NA,02/01/2024 14:02,0
02/01/2024 15:00,WIND,492301,1,HCM,1,62122,1011,240,23,250,42,1422,6,6,6,6,6,NA,NA,NA,NA,02/01/2024 15:02,0
02/01/2024 16:00,WIND,492301,1,HCM,1,62122,1011,250,19,240,37,1451,6,6,6,6,6,NA,NA,NA,NA,02/01/2024 16:02,0
02/01/2024 17:00,WIND,492301,1,HCM,1,62122,1011,250,18,240,34,1640,6,6,6,6,6,NA,NA,NA,NA,02/01/2024 17:02,0
02/01/2024 18:00,WIND,492301,1,HCM,1,62122,1011,240,19,250,31,1726,6,6,6,6,6,NA,NA,NA,NA,02/01/2024 18:02,0
02/01/2024 19:00,WIND,492301,1,HCM,1,62122,1011,240,18,240,31,1823,6,6,6,6,6,NA,NA,NA,NA,02/01/2024 19:02,0
02/01/2024 20:00,WIND,492301,1,HCM,1,62122,1011,240,19,240,37,1920,6,6,6,6,6,NA,NA,NA,NA,02/01/2024 20:02,0
02/01/2024 21:00,WIND,492301,1,HCM,1,62122,1011,240,16,260,28,1950,6,6,6,6,6,NA,NA,NA,NA,02/01/2024 21:03,0
02/01/2024 22:00,WIND,492301,1,HCM,1,62122,1011,230,15,240,29,2146,6,6,6,6,6,NA,NA,NA,NA,02/01/2024 22:02,0
02/01/2024 23:00,WIND,492301,1,HCM,1,62122,1011,230,14,250,30,2210,6,6,6,6,6,NA,NA,NA,NA,02/01/2024 23:02,0
03/01/2024 00:00,WIND,492301,1,HCM,1,62122,1011,230,12,250,26,2307,6,6,6,6,6,NA,NA,NA,NA,03/01/2024 00:03,0
03/01/2024 01:00,WIND,492301,1,HCM,1,62122,1011,220,9,230,17,14,6,6,6,6,6,NA,NA,NA,NA,03/01/2024 01:02,0
03/01/2024 02:00,WIND,492301,1,HCM,1,62122,1011,220,9,220,17,108,6,6,6,6,6,NA,NA,NA,NA,03/01/2024 02:02,0
03/01/2024 03:00,WIND,492301,1,HCM,1,62122,1011,220,9,220,20,239,6,6,6,6,6,NA,NA,NA,NA,03/01/2024 03:02,0
03/01/2024 04:00,WIND,492301,1,HCM,1,62122,1011,210,11,230,24,347,6,6,6,6,6,NA,NA,NA,NA,03/01/2024 04:02,0
03/01/2024 05:00,WIND,492301,1,HCM,1,62122,1011,220,11,220,24,356,6,6,6,6,6,NA,NA,NA,NA,03/01/2024 05:02,0
03/01/2024 06:00,WIND,492301,1,HCM,1,62122,1011,220,12,220,25,456,6,6,6,6,6,NA,NA,NA,NA,03/01/2024 06:03,0
03/01/2024 07:00,WIND,492301,1,HCM,1,62122,1011,210,10,200,24,630,6,6,6,6,6,NA,NA,NA,NA,03/01/2024 07:02,0
03/01/2024 08:00,WIND,492301,1,HCM,1,62122,1011,210,10,220,19,715,6,6,6,6,6,NA,NA,NA,NA,03/01/2024 08:02,0
03/01/2024 09:00,WIND,492301,1,HCM,1,62122,1011,220,11,240,18,759,6,6,6,6,6,NA,NA,NA,NA,03/01/2024 09:03,0
03/01/2024 10:00,WIND,492301,1,HCM,1,62122,1011,210,10,210,19,919,6,6,6,6,6,NA,NA,NA,NA,03/01/2024 10:02,0
03/01/2024 11:00,WIND,492301,1,HCM,1,62122,1011,230,10,220,24,953,6,6,6,6,6,NA,NA,NA,NA,03/01/2024 11:02,0
03/01/2024 12:00,WIND,492301,1,HCM,1,62122,1011,230,9,230,18,1146,6,6,6,6,6,NA,NA,NA,NA,03/01/2024 12:02,0
03/01/2024 13:00,WIND,492301,1,HCM,1,62122,1011,240,13,260,23,1219,6,6,6,6,6,NA,NA,NA,NA,03/01/2024 13:02,0
03/01/2024 14:00,WIND,492301,1,HCM,1,62122,1011,240,11,250,18,1320,6,6,6,6,6,NA,NA,NA,NA,03/01/2024 14:02,0
03/01/2024 15:00,WIND,492301,1,HCM,1,62122,1011,240,11,240,21,1355,6,6,6,6,6,NA,NA,NA,NA,03/01/2024 15:02,0
03/01/2024 16:00,WIND,492301,1,HCM,1,62122,1011,250,9,230,17,1459,6,6,6,6,6,NA,NA,NA,NA,03/01/2024 16:02,0
03/01/2024 17:00,WIND,492301,1,HCM,1,62122,1011,240,10,240,17,1558,6,6,6,6,6,NA,NA,NA,NA,03/01/2024 17:02,0
03/01/2024 18:00,WIND,492301,1,HCM,1,62122,1011,250,9,240,16,1724,6,6,6,6,6,NA,NA,NA,NA,03/01/2024 18:02,0
03/01/2024 19:00,WIND,492301,1,HCM,1,62122,1011,250,8,250,15,1810,6,6,6,6,6,NA,NA,NA,NA,03/01/2024 19:02,0
03/01/2024 20:00,WIND,492301,1,HCM,1,62122,1011,250,8,240,16,1947,6,6,6,6,6,NA,NA,NA,NA,03/01/2024 20:02,0
03/01/2024 21:00,WIND,492301,1,HCM,1,62122,1011,240,9,250,16,2017,6,6,6,6,6,NA,NA,NA,NA,03/01/2024 21:02,0
03/01/2024 22:00,WIND,492301,1,HCM,1,62122,1011,240,8,240,14,2101,6,6,6,6,6,NA,NA,NA,NA,03/01/2024 22:02,0
03/01/2024 23:00,WIND,492301,1,HCM,1,62122,1011,240,9,240,15,2211,6,6,6,6,6,NA,NA,NA,NA,03/01/2024 23:02,0
04/01/2024 00:00,WIND,492301,1,HCM,1,62122,1011,240,11,230,19,2333,6,6,6,6,6,NA,NA,NA,NA,04/01/2024 00:03,0
04/01/2024 01:00,WIND,492301,1,HCM,1,62122,1011,240,11,250,22,2357,6,6,6,6,6,NA,NA,NA,NA,04/01/2024 01:02,0
04/01/2024 02:00,WIND,492301,1,HCM,1,62122,1011,240,9,240,17,129,6,6,6,6,6,NA,NA,NA,NA,04/01/2024 02:02,0
04/01/2024 03:00,WIND,492301,1,HCM,1,62122,1011,240,9,230,16,219,6,6,6,6,6,NA,NA,NA,NA,04/01/2024 03:02,0
04/01/2024 04:00,WIND,492301,1,HCM,1,62122,1011,240,8,240,14,257,6,6,6,6,6,NA,NA,NA,NA,04/01/2024 04:02,0
04/01/2024 05:00,WIND,492301,1,HCM,1,62122,1011,230,7,250,12,351,6,6,6,6,6,NA,NA,NA,NA,04/01/2024 05:02,0
04/01/2024 06:00,WIND,492301,1,HCM,1,62122,1011,220,5,230,9,503,6,6,6,6,6,NA,NA,NA,NA,04/01/2024 06:03,0
04/01/2024 07:00,WIND,492301,1,HCM,1,62122,1011,190,5,190,10,645,6,6,6,6,6,NA,NA,NA,NA,04/01/2024 07:02,0
04/01/2024 08:00,WIND,492301,1,HCM,1,62122,1011,190,4,180,9,659,6,6,6,6,6,NA,NA,NA,NA,04/01/2024 08:02,0
04/01/2024 09:00,WIND,492301,1,HCM,1,62122,1011,170,4,160,7,830,6,6,6,6,6,NA,NA,NA,NA,04/01/2024 09:03,0
04/01/2024 10:00,WIND,492301,1,HCM,1,62122,1011,150,3,160,7,944,6,6,6,6,6,NA,NA,NA,NA,04/01/2024 10:02,0
04/01/2024 11:00,WIND,492301,1,HCM,1,62122,1011,170,4,160,8,1010,6,6,6,6,6,NA,NA,NA,NA,04/01/2024 11:03,0
04/01/2024 12:00,WIND,492301,1,HCM,1,62122,1011,140,3,140,6,1100,6,6,6,6,6,NA,NA,NA,NA,04/01/2024 12:02,0
04/01/2024 13:00,WIND,492301,1,HCM,1,62122,1011,100,3,40,7,1249,6,6,6,6,6,NA,NA,NA,NA,04/01/2024 13:02,0
04/01/2024 14:00,WIND,492301,1,HCM,1,62122,1011,70,4,80,7,1349,6,6,6,6,6,NA,NA,NA,NA,04/01/2024 14:02,0
04/01/2024 15:00,WIND,492301,1,HCM,1,62122,1011,70,4,70,7,1404,6,6,6,6,6,NA,NA,NA,NA,04/01/2024 15:02,0
04/01/2024 16:00,WIND,492301,1,HCM,1,62122,1011,50,5,30,9,1531,6,6,6,6,6,NA,NA,NA,NA,04/01/2024 16:02,0
04/01/2024 17:00,WIND,492301,1,HCM,1,62122,1011,20,6,40,10,1612,6,6,6,6,6,NA,NA,NA,NA,04/01/2024 17:02,0
04/01/2024 18:00,WIND,492301,1,HCM,1,62122,1011,10,7,10,13,1744,6,6,6,6,6,NA,NA,NA,NA,04/01/2024 18:02,0
04/01/2024 19:00,WIND,492301,1,HCM,1,62122,1011,360,8,10,14,1814,6,6,6,6,6,NA,NA,NA,NA,04/01/2024 19:02,0
04/01/2024 20:00,WIND,492301,1,HCM,1,62122,1011,350,6,10,10,1925,6,6,6,6,6,NA,NA,NA,NA,04/01/2024 20:02,0
04/01/2024 21:00,WIND,492301,1,HCM,1,62122,1011,330,5,350,9,2009,6,6,6,6,6,NA,NA,NA,NA,04/01/2024 21:03,0
04/01/2024 22:00,WIND,492301,1,HCM,1,62122,1011,320,5,320,10,2120,6,6,6,6,6,NA,NA,NA,NA,04/01/2024 22:02,0
04/01/2024 23:00,WIND,492301,1,HCM,1,62122,1011,300,4,300,8,2241,6,6,6,6,6,NA,NA,NA,NA,04/01/2024 23:02,0
05/01/2024 00:00,WIND,492301,1,HCM,1,62122,1011,280,4,300,8,2301,6,6,6,6,6,NA,NA,NA,NA,05/01/2024 00:03,0
05/01/2024 01:00,WIND,492301,1,HCM,1,62122,1011,280,4,290,7,12,6,6,6,6,6,NA,NA,NA,NA,05/01/2024 01:02,0
05/01/2024 02:00,WIND,492301,1,HCM,1,62122,1011,270,4,300,8,103,6,6,6,6,6,NA,NA,NA,NA,05/01/2024 02:02,0
05/01/2024 03:00,WIND,492301,1,HCM,1,62122,1011,260,5,260,9,225,6,6,6,6,6,NA,NA,NA,NA,05/01/2024 03:02,0
05/01/2024 04:00,WIND,492301,1,HCM,1,62122,1011,260,4,280,7,303,6,6,6,6,6,NA,NA,NA,NA,05/01/2024 04:02,0
05/01/2024 05:00,WIND,492301,1,HCM,1,62122,1011,280,3,310,7,422,6,6,6,6,6,NA,NA,NA,NA,05/01/2024 05:02,0
05/01/2024 06:00,WIND,492301,1,HCM,1,62122,1011,260,3,250,7,541,6,6,6,6,6,NA,NA,NA,NA,05/01/2024 06:03,0
05/01/2024 07:00,WIND,492301,1,HCM,1,62122,1011,250,4,250,7,614,6,6,6,6,6,NA,NA,NA,NA,05/01/2024 07:02,0
05/01/2024 08:00,WIND,492301,1,HCM,1,62122,1011,250,3,260,6,702,6,6,6,6,6,NA,NA,NA,NA,05/01/2024 08:02,0
05/01/2024 09:00,WIND,492301,1,HCM,1,62122,1011,250,5,260,8,821,6,6,6,6,6,NA,NA,NA,NA,05/01/2024 09:03,0
05/01/2024 10:00,WIND,492301,1,HCM,1,62122,1011,250,5,250,7,912,6,6,6,6,6,NA,NA,NA,NA,05/01/2024 10:02,0
05/01/2024 11:00,WIND,492301,1,HCM,1,62122,1011,260,5,250,7,1004,6,6,6,6,6,NA,NA,NA,NA,05/01/2024 11:02,0
05/01/2024 12:00,WIND,492301,1,HCM,1,62122,1011,260,5,260,9,1110,6,6,6,6,6,NA,NA,NA,NA,05/01/2024 12:02,0
05/01/2024 13:00,WIND,492301,1,HCM,1,62122,1011,260,5,250,9,1225,6,6,6,6,6,NA,NA,NA,NA,05/01/2024 13:02,0
05/01/2024 14:00,WIND,492301,1,HCM,1,62122,1011,260,7,260,12,1326,6,6,6,6,6,NA,NA,NA,NA,05/01/2024 14:02,0
05/01/2024 15:00,WIND,492301,1,HCM,1,62122,1011,250,5,260,9,1446,6,6,6,6,6,NA,NA,NA,NA,05/01/2024 15:02,0
05/01/2024 16:00,WIND,492301,1,HCM,1,62122,1011,250,5,250,10,1501,6,6,6,6,6,NA,NA,NA,NA,05/01/2024 16:02,0
05/01/2024 17:00,WIND,492301,1,HCM,1,62122,1011,270,5,280,10,1626,6,6,6,6,6,NA,NA,NA,NA,05/01/2024 17:02,0
05/01/2024 18:00,WIND,492301,1,HCM,1,62122,1011,270,4,280,8,1708,6,6,6,6,6,NA,NA,NA,NA,05/01/2024 18:02,0
05/01/2024 19:00,WIND,492301,1,HCM,1,62122,1011,250,4,290,6,1752,6,6,6,6,6,NA,NA,NA,NA,05/01/2024 19:02,0
05/01/2024 20:00,WIND,492301,1,HCM,1,62122,1011,250,3,260,6,1934,6,6,6,6,6,NA,NA,NA,NA,05/01/2024 20:02,0
05/01/2024 21:00,WIND,492301,1,HCM,1,62122,1011,270,4,300,7,2032,6,6,6,6,6,NA,NA,NA,NA,05/01/2024 21:02,0
05/01/2024 22:00,WIND,492301,1,HCM,1,62122,1011,270,5,270,9,2056,6,6,6,6,6,NA,NA,NA,NA,05/01/2024 22:02,0
05/01/2024 23:00,WIND,492301,1,HCM,1,62122,1011,270,5,270,8,2233,6,6,6,6,6,NA,NA,NA,NA,05/01/2024 23:02,0
06/01/2024 00:00,WIND,492301,1,HCM,1,62122,1011,250,5,250,8,2319,6,6,6,6,6,NA,NA,NA,NA,06/01/2024 00:03,0
06/01/2024 01:00,WIND,492301,1,HCM,1,62122,1011,270,5,250,9,11,6,6,6,6,6,NA,NA,NA,NA,06/01/2024 01:02,0
06/01/2024 02:00,WIND,492301,1,HCM,1,62122,1011,260,5,260,8,120,6,6,6,6,6,NA,NA,NA,NA,06/01/2024 02:02,0
06/01/2024 03:00,WIND,492301,1,HCM,1,62122,1011,270,3,270,6,153,6,6,6,6,6,NA,NA,NA,NA,06/01/2024 03:02,0
06/01/2024 04:00,WIND,492301,1,HCM,1,62122,1011,270,4,270,7,300,6,6,6,6,6,NA,NA,NA,NA,06/01/2024 04:02,0
06/01/2024 05:00,WIND,492301,1,HCM,1,62122,1011,270,3,290,6,442,6,6,6,6,6,NA,NA,NA,NA,06/01/2024 05:02,0
06/01/2024 06:00,WIND,492301,1,HCM,1,62122,1011,280,4,280,8,511,6,6,6,6,6,NA,NA,NA,NA,06/01/2024 06:03,0
06/01/2024 07:00,WIND,492301,1,HCM,1,62122,1011,280,3,290,7,554,6,6,6,6,6,NA,NA,NA,NA,06/01/2024 07:02,0
06/01/2024 08:00,WIND,492301,1,HCM,1,62122,1011,270,4,310,7,702,6,6,6,6,6,NA,NA,NA,NA,06/01/2024 08:02,0
06/01/2024 09:00,WIND,492301,1,HCM,1,62122,1011,260,4,250,6,757,6,6,6,6,6,NA,NA,NA,NA,06/01/2024 09:03,0
06/01/2024 10:00,WIND,492301,1,HCM,1,62122,1011,260,3,280,5,913,6,6,6,6,6,NA,NA,NA,NA,06/01/2024 10:02,0
06/01/2024 11:00,WIND,492301,1,HCM,1,62122,1011,280,3,270,5,955,6,6,6,6,6,NA,NA,NA,NA,06/01/2024 11:02,0
06/01/2024 12:00,WIND,492301,1,HCM,1,62122,1011,270,3,270,6,1119,6,6,6,6,6,NA,NA,NA,NA,06/01/2024 12:02,0
06/01/2024 13:00,WIND,492301,1,HCM,1,62122,1011,280,4,270,9,1237,6,6,6,6,6,NA,NA,NA,NA,06/01/2024 13:02,0
06/01/2024 14:00,WIND,492301,1,HCM,1,62122,1011,340,5,320,9,1318,6,6,6,6,6,NA,NA,NA,NA,06/01/2024 14:02,0
06/01/2024 15:00,WIND,492301,1,HCM,1,62122,1011,340,5,340,9,1438,6,6,6,6,6,NA,NA,NA,NA,06/01/2024 15:02,0
06/01/2024 16:00,WIND,492301,1,HCM,1,62122,1011,330,4,340,7,1516,6,6,6,6,6,NA,NA,NA,NA,06/01/2024 16:02,0
06/01/2024 17:00,WIND,492301,1,HCM,1,62122,1011,280,2,320,6,1550,6,6,6,6,6,NA,NA,NA,NA,06/01/2024 17:02,0
06/01/2024 18:00,WIND,492301,1,HCM,1,62122,1011,220,1,20,3,1652,6,6,6,6,6,NA,NA,NA,NA,06/01/2024 18:02,0
06/01/2024 19:00,WIND,492301,1,HCM,1,62122,1011,320,1,280,3,1803,6,6,6,6,6,NA,NA,NA,NA,06/01/2024 19:02,0
06/01/2024 20:00,WIND,492301,1,HCM,1,62122,1011,340,3,340,5,1909,6,6,6,6,6,NA,NA,NA,NA,06/01/2024 20:02,0
06/01/2024 21:00,WIND,492301,1,HCM,1,62122,1011,360,4,360,7,1959,6,6,6,6,6,NA,NA,NA,NA,06/01/2024 21:02,0
06/01/2024 22:00,WIND,492301,1,HCM,1,62122,1011,350,4,360,7,2147,6,6,6,6,6,NA,NA,NA,NA,06/01/2024 22:02,0
06/01/2024 23:00,WIND,492301,1,HCM,1,62122,1011,10,4,350,9,2154,6,6,6,6,6,NA,NA,NA,NA,06/01/2024 23:02,0
07/01/2024 00:00,WIND,492301,1,HCM,1,62122,1011,20,3,40,7,2306,6,6,6,6,6,NA,NA,NA,NA,07/01/2024 00:03,0
07/01/2024 01:00,WIND,492301,1,HCM,1,62122,1011,350,1,360,5,2355,6,6,6,6,6,NA,NA,NA,NA,07/01/2024 01:02,0
07/01/2024 02:00,WIND,492301,1,HCM,1,62122,1011,360,3,10,7,106,6,6,6,6,6,NA,NA,NA,NA,07/01/2024 02:02,0
07/01/2024 03:00,WIND,492301,1,HCM,1,62122,1011,340,5,350,7,220,6,6,6,6,6,NA,NA,NA,NA,07/01/2024 03:02,0
07/01/2024 04:00,WIND,492301,1,HCM,1,62122,1011,340,5,350,8,344,6,6,6,6,6,NA,NA,NA,NA,07/01/2024 04:02,0
07/01/2024 05:00,WIND,492301,1,HCM,1,62122,1011,330,4,310,6,414,6,6,6,6,6,NA,NA,NA,NA,07/01/2024 05:02,0
07/01/2024 06:00,WIND,492301,1,HCM,1,62122,1011,330,4,330,6,540,6,6,6,6,6,NA,NA,NA,NA,07/01/2024 06:03,0
07/01/2024 07:00,WIND,492301,1,HCM,1,62122,1011,10,3,30,6,649,6,6,6,6,6,NA,NA,NA,NA,07/01/2024 07:02,0
07/01/2024 08:00,WIND,492301,1,HCM,1,62122,1011,20,5,40,9,727,6,6,6,6,6,NA,NA,NA,NA,07/01/2024 08:02,0
07/01/2024 09:00,WIND,492301,1,HCM,1,62122,1011,20,6,20,10,757,6,6,6,6,6,NA,NA,NA,NA,07/01/2024 09:03,0
07/01/2024 10:00,WIND,492301,1,HCM,1,62122,1011,20,7,20,14,946,6,6,6,6,6,NA,NA,NA,NA,07/01/2024 10:02,0
07/01/2024 11:00,WIND,492301,1,HCM,1,62122,1011,30,8,40,19,1045,6,6,6,6,6,NA,NA,NA,NA,07/01/2024 11:02,0
07/01/2024 12:00,WIND,492301,1,HCM,1,62122,1011,20,9,10,15,1112,6,6,6,6,6,NA,NA,NA,NA,07/01/2024 12:02,0
07/01/2024 13:00,WIND,492301,1,HCM,1,62122,1011,30,9,20,17,1229,6,6,6,6,6,NA,NA,NA,NA,07/01/2024 13:02,0
07/01/2024 14:00,WIND,492301,1,HCM,1,62122,1011,30,8,20,16,1258,6,6,6,6,6,NA,NA,NA,NA,07/01/2024 14:02,0
07/01/2024 15:00,WIND,492301,1,HCM,1,62122,1011,20,7,50,13,1406,6,6,6,6,6,NA,NA,NA,NA,07/01/2024 15:02,0
07/01/2024 16:00,WIND,492301,1,HCM,1,62122,1011,20,8,10,15,1527,6,6,6,6,6,NA,NA,NA,NA,07/01/2024 16:02,0
07/01/2024 17:00,WIND,492301,1,HCM,1,62122,1011,20,7,30,17,1602,6,6,6,6,6,NA,NA,NA,NA,07/01/2024 17:02,0
07/01/2024 18:00,WIND,492301,1,HCM,1,62122,1011,40,7,10,15,1703,6,6,6,6,6,NA,NA,NA,NA,07/01/2024 18:02,0
07/01/2024 19:00,WIND,492301,1,HCM,1,62122,1011,40,8,50,14,1847,6,6,6,6,6,NA,NA,NA,NA,07/01/2024 19:02,0
07/01/2024 20:00,WIND,492301,1,HCM,1,62122,1011,30,6,30,15,1859,6,6,6,6,6,NA,NA,NA,NA,07/01/2024 20:02,0
07/01/2024 21:00,WIND,492301,1,HCM,1,62122,1011,20,6,10,12,2039,6,6,6,6,6,NA,NA,NA,NA,07/01/2024 21:03,0
07/01/2024 22:00,WIND,492301,1,HCM,1,62122,1011,20,7,360,13,2147,6,6,6,6,6,NA,NA,NA,NA,07/01/2024 22:02,0
07/01/2024 23:00,WIND,492301,1,HCM,1,62122,1011,10,8,10,13,2222,6,6,6,6,6,NA,NA,NA,NA,07/01/2024 23:02,0
08/01/2024 00:00,WIND,492301,1,HCM,1,62122,1011,10,8,360,13,2256,6,6,6,6,6,NA,NA,NA,NA,08/01/2024 00:03,0
08/01/2024 01:00,WIND,492301,1,HCM,1,62122,1011,10,6,40,12,13,6,6,6,6,6,NA,NA,NA,NA,08/01/2024 01:02,0
08/01/2024 02:00,WIND,492301,1,HCM,1,62122,1011,20,6,30,10,117,6,6,6,6,6,NA,NA,NA,NA,08/01/2024 02:02,0
08/01/2024 03:00,WIND,492301,1,HCM,1,62122,1011,40,7,30,12,209,6,6,6,6,6,NA,NA,NA,NA,08/01/2024 03:02,0
08/01/2024 04:00,WIND,492301,1,HCM,1,62122,1011,50,6,60,10,317,6,6,6,6,6,NA,NA,NA,NA,08/01/2024 04:02,0
08/01/2024 05:00,WIND,492301,1,HCM,1,62122,1011,40,6,40,11,403,6,6,6,6,6,NA,NA,NA,NA,08/01/2024 05:02,0
08/01/2024 06:00,WIND,492301,1,HCM,1,62122,1011,30,5,20,10,549,6,6,6,6,6,NA,NA,NA,NA,08/01/2024 06:03,0
08/01/2024 07:00,WIND,492301,1,HCM,1,62122,1011,20,6,10,10,607,6,6,6,6,6,NA,NA,NA,NA,08/01/2024 07:02,0
08/01/2024 08:00,WIND,492301,1,HCM,1,62122,1011,20,7,20,11,716,6,6,6,6,6,NA,NA,NA,NA,08/01/2024 08:02,0
08/01/2024 09:00,WIND,492301,1,HCM,1,62122,1011,30,5,30,10,838,6,6,6,6,6,NA,NA,NA,NA,08/01/2024 09:03,0
08/01/2024 10:00,WIND,492301,1,HCM,1,62122,1011,30,6,60,15,858,6,6,6,6,6,NA,NA,NA,NA,08/01/2024 10:02,0
08/01/2024 11:00,WIND,492301,1,HCM,1,62122,1011,20,6,30,11,959,6,6,6,6,6,NA,NA,NA,NA,08/01/2024 11:02,0
08/01/2024 12:00,WIND,492301,1,HCM,1,62122,1011,30,7,50,16,1142,6,6,6,6,6,NA,NA,NA,NA,08/01/2024 12:02,0
08/01/2024 13:00,WIND,492301,1,HCM,1,62122,1011,50,10,60,22,1154,6,6,6,6,6,NA,NA,NA,NA,08/01/2024 13:02,0
08/01/2024 14:00,WIND,492301,1,HCM,1,62122,1011,40,9,50,17,1252,6,6,6,6,6,NA,NA,NA,NA,08/01/2024 14:02,0
08/01/2024 15:00,WIND,492301,1,HCM,1,62122,1011,30,8,30,16,1447,6,6,6,6,6,NA,NA,NA,NA,08/01/2024 15:02,0
08/01/2024 16:00,WIND,492301,1,HCM,1,62122,1011,30,8,20,14,1458,6,6,6,6,6,NA,NA,NA,NA,08/01/2024 16:02,0
08/01/2024 17:00,WIND,492301,1,HCM,1,62122,1011,30,8,40,18,1604,6,6,6,6,6,NA,NA,NA,NA,08/01/2024 17:02,0
08/01/2024 18:00,WIND,492301,1,HCM,1,62122,1011,40,11,20,19,1715,6,6,6,6,6,NA,NA,NA,NA,08/01/2024 18:02,0
08/01/2024 19:00,WIND,492301,1,HCM,1,62122,1011,50,9,60,17,1813,6,6,6,6,6,NA,NA,NA,NA,08/01/2024 19:02,0
08/01/2024 20:00,WIND,492301,1,HCM,1,62122,1011,40,7,60,13,1854,6,6,6,6,6,NA,NA,NA,NA,08/01/2024 20:02,0
08/01/2024 21:00,WIND,492301,1,HCM,1,62122,1011,40,9,40,16,2046,6,6,6,6,6,NA,NA,NA,NA,08/01/2024 21:03,0
08/01/2024 22:00,WIND,492301,1,HCM,1,62122,1011,50,9,60,17,2053,6,6,6,6,6,NA,NA,NA,NA,08/01/2024 22:02,0
08/01/2024 23:00,WIND,492301,1,HCM,1,62122,1011,50,9,40,16,2247,6,6,6,6,6,NA,NA,NA,NA,08/01/2024 23:02,0
09/01/2024 00:00,WIND,492301,1,HCM,1,62122,1011,50,9,40,16,2343,6,6,6,6,6,NA,NA,NA,NA,09/01/2024 00:03,0
09/01/2024 01:00,WIND,492301,1,HCM,1,62122,1011,50,10,50,18,20,6,6,6,6,6,NA,NA,NA,NA,09/01/2024 01:02,0
09/01/2024 02:00,WIND,492301,1,HCM,1,62122,1011,50,10,40,16,145,6,6,6,6,6,NA,NA,NA,NA,09/01/2024 02:02,0
09/01/2024 03:00,WIND,492301,1,HCM,1,62122,1011,50,11,50,19,210,6,6,6,6,6,NA,NA,NA,NA,09/01/2024 03:02,0
09/01/2024 04:00,WIND,492301,1,HCM,1,62122,1011,50,11,60,17,323,6,6,6,6,6,NA,NA,NA,NA,09/01/2024 04:02,0
09/01/2024 05:00,WIND,492301,1,HCM,1,62122,1011,50,10,40,18,402,6,6,6,6,6,NA,NA,NA,NA,09/01/2024 05:02,0
09/01/2024 06:00,WIND,492301,1,HCM,1,62122,1011,40,10,50,18,459,6,6,6,6,6,NA,NA,NA,NA,09/01/2024 06:03,0
09/01/2024 07:00,WIND,492301,1,HCM,1,62122,1011,40,11,50,19,615,6,6,6,6,6,NA,NA,NA,NA,09/01/2024 07:02,0
09/01/2024 08:00,WIND,492301,1,HCM,1,62122,1011,40,10,40,17,737,6,6,6,6,6,NA,NA,NA,NA,09/01/2024 08:02,0
09/01/2024 09:00,WIND,492301,1,HCM,1,62122,1011,40,11,40,20,824,6,6,6,6,6,NA,NA,NA,NA,09/01/2024 09:03,0
09/01/2024 10:00,WIND,492301,1,HCM,1,62122,1011,40,13,50,23,944,6,6,6,6,6,NA,NA,NA,NA,09/01/2024 10:02,0
09/01/2024 11:00,WIND,492301,1,HCM,1,62122,1011,40,12,50,21,1037,6,6,6,6,6,NA,NA,NA,NA,09/01/2024 11:02,0
09/01/2024 12:00,WIND,492301,1,HCM,1,62122,1011,50,13,40,23,1137,6,6,6,6,6,NA,NA,NA,NA,09/01/2024 12:02,0
09/01/2024 13:00,WIND,492301,1,HCM,1,62122,1011,50,14,40,23,1159,6,6,6,6,6,NA,NA,NA,NA,09/01/2024 13:02,0
09/01/2024 14:00,WIND,492301,1,HCM,1,62122,1011,50,14,40,23,1336,6,6,6,6,6,NA,NA,NA,NA,09/01/2024 14:02,0
09/01/2024 15:00,WIND,492301,1,HCM,1,62122,1011,50,12,30,23,1424,6,6,6,6,6,NA,NA,NA,NA,09/01/2024 15:02,0
09/01/2024 16:00,WIND,492301,1,HCM,1,62122,1011,40,11,10,20,1539,6,6,6,6,6,NA,NA,NA,NA,09/01/2024 16:02,0
09/01/2024 17:00,WIND,492301,1,HCM,1,62122,1011,40,9,50,19,1607,6,6,6,6,6,NA,NA,NA,NA,09/01/2024 17:02,0
09/01/2024 18:00,WIND,492301,1,HCM,1,62122,1011,30,9,20,16,1739,6,6,6,6,6,NA,NA,NA,NA,09/01/2024 18:02,0
09/01/2024 19:00,WIND,492301,1,HCM,1,62122,1011,40,10,20,18,1809,6,6,6,6,6,NA,NA,NA,NA,09/01/2024 19:02,0
09/01/2024 20:00,WIND,492301,1,HCM,1,62122,1011,40,12,30,22,1923,6,6,6,6,6,NA,NA,NA,NA,09/01/2024 20:02,0
09/01/2024 21:00,WIND,492301,1,HCM,1,62122,1011,50,10,50,20,2016,6,6,6,6,6,NA,NA,NA,NA,09/01/2024 21:03,0
09/01/2024 22:00,WIND,492301,1,HCM,1,62122,1011,30,9,40,17,2052,6,6,6,6,6,NA,NA,NA,NA,09/01/2024 22:02,0
09/01/2024 23:00,WIND,492301,1,HCM,1,62122,1011,20,8,20,15,2234,6,6,6,6,6,NA,NA,NA,NA,09/01/2024 23:02,0
10/01/2024 00:00,WIND,492301,1,HCM,1,62122,1011,20,8,20,16,2332,6,6,6,6,6,NA,NA,NA,NA,10/01/2024 00:03,0
10/01/2024 01:00,WIND,492301,1,HCM,1,62122,1011,20,7,360,12,48,6,6,6,6,6,NA,NA,NA,NA,10/01/2024 01:02,0
10/01/2024 02:00,WIND,492301,1,HCM,1,62122,1011,20,8,10,14,133,6,6,6,6,6,NA,NA,NA,NA,10/01/2024 02:02,0
10/01/2024 03:00,WIND,492301,1,HCM,1,62122,1011,360,7,30,11,156,6,6,6,6,6,NA,NA,NA,NA,10/01/2024 03:02,0
10/01/2024 04:00,WIND,492301,1,HCM,1,62122,1011,360,8,360,13,330,6,6,6,6,6,NA,NA,NA,NA,10/01/2024 04:02,0
10/01/2024 05:00,WIND,492301,1,HCM,1,62122,1011,10,9,10,16,448,6,6,6,6,6,NA,NA,NA,NA,10/01/2024 05:02,0
10/01/2024 06:00,WIND,492301,1,HCM,1,62122,1011,20,9,20,16,500,6,6,6,6,6,NA,NA,NA,NA,10/01/2024 06:03,0
10/01/2024 07:00,WIND,492301,1,HCM,1,62122,1011,20,8,10,15,556,6,6,6,6,6,NA,NA,NA,NA,10/01/2024 07:02,0
10/01/2024 08:00,WIND,492301,1,HCM,1,62122,1011,20,8,20,15,652,6,6,6,6,6,NA,NA,NA,NA,10/01/2024 08:02,0
10/01/2024 09:00,WIND,492301,1,HCM,1,62122,1011,20,8,20,15,843,6,6,6,6,6,NA,NA,NA,NA,10/01/2024 09:03,0
10/01/2024 10:00,WIND,492301,1,HCM,1,62122,1011,20,9,30,16,903,6,6,6,6,6,NA,NA,NA,NA,10/01/2024 10:02,0
10/01/2024 11:00,WIND,492301,1,HCM,1,62122,1011,10,8,10,15,958,6,6,6,6,6,NA,NA,NA,NA,10/01/2024 11:02,0
10/01/2024 12:00,WIND,492301,1,HCM,1,62122,1011,20,8,30,15,1117,6,6,6,6,6,NA,NA,NA,NA,10/01/2024 12:02,0
10/01/2024 13:00,WIND,492301,1,HCM,1,62122,1011,20,9,20,17,1233,6,6,6,6,6,NA,NA,NA,NA,10/01/2024 13:02,0
10/01/2024 14:00,WIND,492301,1,HCM,1,62122,1011,20,10,20,17,1327,6,6,6,6,6,NA,NA,NA,NA,10/01/2024 14:02,0
10/01/2024 15:00,WIND,492301,1,HCM,1,62122,1011,20,11,30,18,1352,6,6,6,6,6,NA,NA,NA,NA,10/01/2024 15:02,0
10/01/2024 16:00,WIND,492301,1,HCM,1,62122,1011,20,10,40,20,1458,6,6,6,6,6,NA,NA,NA,NA,10/01/2024 16:02,0
10/01/2024 17:00,WIND,492301,1,HCM,1,62122,1011,20,8,20,15,1554,6,6,6,6,6,NA,NA,NA,NA,10/01/2024 17:02,0
10/01/2024 18:00,WIND,492301,1,HCM,1,62122,1011,20,8,20,16,1716,6,6,6,6,6,NA,NA,NA,NA,10/01/2024 18:02,0
10/01/2024 19:00,WIND,492301,1,HCM,1,62122,1011,30,8,40,13,1830,6,6,6,6,6,NA,NA,NA,NA,10/01/2024 19:02,0
10/01/2024 20:00,WIND,492301,1,HCM,1,62122,1011,30,8,40,16,1948,6,6,6,6,6,NA,NA,NA,NA,10/01/2024 20:02,0
10/01/2024 21:00,WIND,492301,1,HCM,1,62122,1011,40,9,50,15,2023,6,6,6,6,6,NA,NA,NA,NA,10/01/2024 21:02,0
10/01/2024 22:00,WIND,492301,1,HCM,1,62122,1011,30,9,40,15,2129,6,6,6,6,6,NA,NA,NA,NA,10/01/2024 22:02,0
10/01/2024 23:00,WIND,492301,1,HCM,1,62122,1011,30,9,40,16,2247,6,6,6,6,6,NA,NA,NA,NA,10/01/2024 23:02,0
11/01/2024 00:00,WIND,492301,1,HCM,1,62122,1011,20,9,40,17,2347,6,6,6,6,6,NA,NA,NA,NA,11/01/2024 00:03,0
11/01/2024 01:00,WIND,492301,1,HCM,1,62122,1011,30,9,20,18,2351,6,6,6,6,6,NA,NA,NA,NA,11/01/2024 01:02,0
11/01/2024 02:00,WIND,492301,1,HCM,1,62122,1011,30,9,40,17,139,6,6,6,6,6,NA,NA,NA,NA,11/01/2024 02:02,0
11/01/2024 03:00,WIND,492301,1,HCM,1,62122,1011,30,9,10,16,245,6,6,6,6,6,NA,NA,NA,NA,11/01/2024 03:02,0
11/01/2024 04:00,WIND,492301,1,HCM,1,62122,1011,20,8,30,15,338,6,6,6,6,6,NA,NA,NA,NA,11/01/2024 04:02,0
11/01/2024 05:00,WIND,492301,1,HCM,1,62122,1011,20,8,20,14,404,6,6,6,6,6,NA,NA,NA,NA,11/01/2024 05:02,0
11/01/2024 06:00,WIND,492301,1,HCM,1,62122,1011,20,7,40,13,512,6,6,6,6,6,NA,NA,NA,NA,11/01/2024 06:03,0
11/01/2024 07:00,WIND,492301,1,HCM,1,62122,1011,20,6,360,15,648,6,6,6,6,6,NA,NA,NA,NA,11/01/2024 07:02,0
11/01/2024 08:00,WIND,492301,1,HCM,1,62122,1011,20,6,350,12,700,6,6,6,6,6,NA,NA,NA,NA,11/01/2024 08:02,0
11/01/2024 09:00,WIND,492301,1,HCM,1,62122,1011,20,6,30,12,818,6,6,6,6,6,NA,NA,NA,NA,11/01/2024 09:03,0
11/01/2024 10:00,WIND,492301,1,HCM,1,62122,1011,20,6,360,10,908,6,6,6,6,6,NA,NA,NA,NA,11/01/2024 10:02,0
11/01/2024 11:00,WIND,492301,1,HCM,1,62122,1011,30,7,30,14,959,6,6,6,6,6,NA,NA,NA,NA,11/01/2024 11:07,0
11/01/2024 12:00,WIND,492301,1,HCM,1,62122,1011,20,8,20,13,1137,6,6,6,6,6,NA,NA,NA,NA,11/01/2024 12:02,0
11/01/2024 13:00,WIND,492301,1,HCM,1,62122,1011,20,10,40,19,1231,6,6,6,6,6,NA,NA,NA,NA,11/01/2024 13:02,0
11/01/2024 14:00,WIND,492301,1,HCM,1,62122,1011,30,11,40,20,1308,6,6,6,6,6,NA,NA,NA,NA,11/01/2024 14:02,0
11/01/2024 15:00,WIND,492301,1,HCM,1,62122,1011,20,8,10,16,1412,6,6,6,6,6,NA,NA,NA,NA,11/01/2024 15:02,0
11/01/2024 16:00,WIND,492301,1,HCM,1,62122,1011,30,7,20,14,1524,6,6,6,6,6,NA,NA,NA,NA,11/01/2024 16:02,0
11/01/2024 17:00,WIND,492301,1,HCM,1,62122,1011,10,5,10,8,1557,6,6,6,6,6,NA,NA,NA,NA,11/01/2024 17:02,0
11/01/2024 18:00,WIND,492301,1,HCM,1,62122,1011,20,4,40,7,1727,6,6,6,6,6,NA,NA,NA,NA,11/01/2024 18:02,0
11/01/2024 19:00,WIND,492301,1,HCM,1,62122,1011,20,5,20,10,1823,6,6,6,6,6,NA,NA,NA,NA,11/01/2024 19:02,0
11/01/2024 20:00,WIND,492301,1,HCM,1,62122,1011,20,7,30,13,1904,6,6,6,6,6,NA,NA,NA,NA,11/01/2024 20:02,0
11/01/2024 21:00,WIND,492301,1,HCM,1,62122,1011,30,9,40,20,2025,6,6,6,6,6,NA,NA,NA,NA,11/01/2024 21:03,0
11/01/2024 22:00,WIND,492301,1,HCM,1,62122,1011,30,6,40,12,2145,6,6,6,6,6,NA,NA,NA,NA,11/01/2024 22:02,0
11/01/2024 23:00,WIND,492301,1,HCM,1,62122,1011,30,7,30,14,2150,6,6,6,6,6,NA,NA,NA,NA,11/01/2024 23:02,0
12/01/2024 00:00,WIND,492301,1,HCM,1,62122,1011,30,8,30,16,2308,6,6,6,6,6,NA,NA,NA,NA,12/01/2024 00:03,0
12/01/2024 01:00,WIND,492301,1,HCM,1,62122,1011,30,9,30,19,2358,6,6,6,6,6,NA,NA,NA,NA,12/01/2024 01:02,0
12/01/2024 02:00,WIND,492301,1,HCM,1,62122,1011,20,6,10,13,115,6,6,6,6,6,NA,NA,NA,NA,12/01/2024 02:02,0
12/01/2024 03:00,WIND,492301,1,HCM,1,62122,1011,20,6,30,12,241,6,6,6,6,6,NA,NA,NA,NA,12/01/2024 03:02,0
12/01/2024 04:00,WIND,492301,1,HCM,1,62122,1011,20,6,360,12,255,6,6,6,6,6,NA,NA,NA,NA,12/01/2024 04:02,0
12/01/2024 05:00,WIND,492301,1,HCM,1,62122,1011,20,6,360,12,441,6,6,6,6,6,NA,NA,NA,NA,12/01/2024 05:02,0
12/01/2024 06:00,WIND,492301,1,HCM,1,62122,1011,20,6,40,13,548,6,6,6,6,6,NA,NA,NA,NA,12/01/2024 06:03,0
12/01/2024 07:00,WIND,492301,1,HCM,1,62122,1011,30,6,40,12,602,6,6,6,6,6,NA,NA,NA,NA,12/01/2024 07:02,0
12/01/2024 08:00,WIND,492301,1,HCM,1,62122,1011,30,6,30,12,732,6,6,6,6,6,NA,NA,NA,NA,12/01/2024 08:02,0
12/01/2024 09:00,WIND,492301,1,HCM,1,62122,1011,40,7,50,15,848,6,6,6,6,6,NA,NA,NA,NA,12/01/2024 09:03,0
12/01/2024 10:00,WIND,492301,1,HCM,1,62122,1011,50,7,30,14,915,6,6,6,6,6,NA,NA,NA,NA,12/01/2024 10:02,0
12/01/2024 11:00,WIND,492301,1,HCM,1,62122,1011,50,6,60,12,1040,6,6,6,6,6,NA,NA,NA,NA,12/01/2024 11:02,0
12/01/2024 12:00,WIND,492301,1,HCM,1,62122,1011,40,7,60,11,1056,6,6,6,6,6,NA,NA,NA,NA,12/01/2024 12:02,0
12/01/2024 13:00,WIND,492301,1,HCM,1,62122,1011,60,6,80,11,1159,6,6,6,6,6,NA,NA,NA,NA,12/01/2024 13:02,0
12/01/2024 14:00,WIND,492301,1,HCM,1,62122,1011,40,5,70,10,1305,6,6,6,6,6,NA,NA,NA,NA,12/01/2024 14:02,0
12/01/2024 15:00,WIND,492301,1,HCM,1,62122,1011,30,5,40,10,1357,6,6,6,6,6,NA,NA,NA,NA,12/01/2024 15:02,0
12/01/2024 16:00,WIND,492301,1,HCM,1,62122,1011,20,5,40,9,1545,6,6,6,6,6,NA,NA,NA,NA,12/01/2024 16:02,0
12/01/2024 17:00,WIND,492301,1,HCM,1,62122,1011,40,6,50,10,1607,6,6,6,6,6,NA,NA,NA,NA,12/01/2024 17:02,0
12/01/2024 18:00,WIND,492301,1,HCM,1,62122,1011,40,4,30,8,1711,6,6,6,6,6,NA,NA,NA,NA,12/01/2024 18:02,0
12/01/2024 19:00,WIND,492301,1,HCM,1,62122,1011,60,4,70,8,1754,6,6,6,6,6,NA,NA,NA,NA,12/01/2024 19:02,0
12/01/2024 20:00,WIND,492301,1,HCM,1,62122,1011,50,4,70,7,1939,6,6,6,6,6,NA,NA,NA,NA,12/01/2024 20:02,0
12/01/2024 21:00,WIND,492301,1,HCM,1,62122,1011,50,3,50,7,2026,6,6,6,6,6,NA,NA,NA,NA,12/01/2024 21:03,0
12/01/2024 22:00,WIND,492301,1,HCM,1,62122,1011,70,2,30,5,2104,6,6,6,6,6,NA,NA,NA,NA,12/01/2024 22:02,0
12/01/2024 23:00,WIND,492301,1,HCM,1,62122,1011,80,2,90,5,2204,6,6,6,6,6,NA,NA,NA,NA,12/01/2024 23:02,0
13/01/2024 00:00,WIND,492301,1,HCM,1,62122,1011,60,2,50,4,2336,6,6,6,6,6,NA,NA,NA,NA,13/01/2024 00:03,0
13/01/2024 01:00,WIND,492301,1,HCM,1,62122,1011,10,1,320,5,38,6,6,6,6,6,NA,NA,NA,NA,13/01/2024 01:02,0
13/01/2024 02:00,WIND,492301,1,HCM,1,62122,1011,300,2,270,7,145,6,6,6,6,6,NA,NA,NA,NA,13/01/2024 02:02,0
13/01/2024 03:00,WIND,492301,1,HCM,1,62122,1011,280,2,220,5,246,6,6,6,6,6,NA,NA,NA,NA,13/01/2024 03:02,0
13/01/2024 04:00,WIND,492301,1,HCM,1,62122,1011,250,2,250,6,306,6,6,6,6,6,NA,NA,NA,NA,13/01/2024 04:02,0
13/01/2024 05:00,WIND,492301,1,HCM,1,62122,1011,330,4,340,7,423,6,6,6,6,6,NA,NA,NA,NA,13/01/2024 05:02,0
13/01/2024 06:00,WIND,492301,1,HCM,1,62122,1011,340,5,340,10,546,6,6,6,6,6,NA,NA,NA,NA,13/01/2024 06:03,0
13/01/2024 07:00,WIND,492301,1,HCM,1,62122,1011,360,6,10,11,632,6,6,6,6,6,NA,NA,NA,NA,13/01/2024 07:02,0
13/01/2024 08:00,WIND,492301,1,HCM,1,62122,1011,280,3,20,5,651,6,6,6,6,6,NA,NA,NA,NA,13/01/2024 08:02,0
13/01/2024 09:00,WIND,492301,1,HCM,1,62122,1011,250,3,270,5,758,6,6,6,6,6,NA,NA,NA,NA,13/01/2024 09:03,0
13/01/2024 10:00,WIND,492301,1,HCM,1,62122,1011,250,2,240,4,906,6,6,6,6,6,NA,NA,NA,NA,13/01/2024 10:02,0
13/01/2024 11:00,WIND,492301,1,HCM,1,62122,1011,260,3,200,5,1039,6,6,6,6,6,NA,NA,NA,NA,13/01/2024 11:10,0
13/01/2024 12:00,WIND,492301,1,HCM,1,62122,1011,240,3,250,5,1107,6,6,6,6,6,NA,NA,NA,NA,13/01/2024 12:02,0
13/01/2024 13:00,WIND,492301,1,HCM,1,62122,1011,260,4,270,7,1232,6,6,6,6,6,NA,NA,NA,NA,13/01/2024 13:02,0
13/01/2024 14:00,WIND,492301,1,HCM,1,62122,1011,250,5,250,8,1259,6,6,6,6,6,NA,NA,NA,NA,13/01/2024 14:02,0
13/01/2024 15:00,WIND,492301,1,HCM,1,62122,1011,240,6,230,10,1422,6,6,6,6,6,NA,NA,NA,NA,13/01/2024 15:02,0
13/01/2024 16:00,WIND,492301,1,HCM,1,62122,1011,250,6,240,10,1451,6,6,6,6,6,NA,NA,NA,NA,13/01/2024 16:02,0
13/01/2024 17:00,WIND,492301,1,HCM,1,62122,1011,240,5,240,8,1555,6,6,6,6,6,NA,NA,NA,NA,13/01/2024 17:02,0
13/01/2024 18:00,WIND,492301,1,HCM,1,62122,1011,230,3,230,5,1652,6,6,6,6,6,NA,NA,NA,NA,13/01/2024 18:02,0
13/01/2024 19:00,WIND,492301,1,HCM,1,62122,1011,220,2,240,4,1825,6,6,6,6,6,NA,NA,NA,NA,13/01/2024 19:02,0
13/01/2024 20:00,WIND,492301,1,HCM,1,62122,1011,200,1,210,3,1938,6,6,6,6,6,NA,NA,NA,NA,13/01/2024 20:02,0
13/01/2024 21:00,WIND,492301,1,HCM,1,62122,1011,220,3,240,6,2046,6,6,6,6,6,NA,NA,NA,NA,13/01/2024 21:03,0
13/01/2024 22:00,WIND,492301,1,HCM,1,62122,1011,240,2,210,5,2051,6,6,6,6,6,NA,NA,NA,NA,13/01/2024 22:02,0
13/01/2024 23:00,WIND,492301,1,HCM,1,62122,1011,210,3,210,7,2245,6,6,6,6,6,NA,NA,NA,NA,13/01/2024 23:02,0
14/01/2024 00:00,WIND,492301,1,HCM,1,62122,1011,250,4,250,9,2340,6,6,6,6,6,NA,NA,NA,NA,14/01/2024 00:03,0
14/01/2024 01:00,WIND,492301,1,HCM,1,62122,1011,240,4,240,9,2359,6,6,6,6,6,NA,NA,NA,NA,14/01/2024 01:02,0
14/01/2024 02:00,WIND,492301,1,HCM,1,62122,1011,240,4,240,6,58,6,6,6,6,6,NA,NA,NA,NA,14/01/2024 02:02,0
14/01/2024 03:00,WIND,492301,1,HCM,1,62122,1011,240,3,220,7,151,6,6,6,6,6,NA,NA,NA,NA,14/01/2024 03:02,0
14/01/2024 04:00,WIND,492301,1,HCM,1,62122,1011,230,2,240,4,257,6,6,6,6,6,NA,NA,NA,NA,14/01/2024 04:02,0
14/01/2024 05:00,WIND,492301,1,HCM,1,62122,1011,250,2,240,4,350,6,6,6,6,6,NA,NA,NA,NA,14/01/2024 05:02,0
14/01/2024 06:00,WIND,492301,1,HCM,1,62122,1011,240,3,240,6,515,6,6,6,6,6,NA,NA,NA,NA,14/01/2024 06:03,0
14/01/2024 07:00,WIND,492301,1,HCM,1,62122,1011,240,3,240,5,623,6,6,6,6,6,NA,NA,NA,NA,14/01/2024 07:02,0
14/01/2024 08:00,WIND,492301,1,HCM,1,62122,1011,240,4,250,6,653,6,6,6,6,6,NA,NA,NA,NA,14/01/2024 08:02,0
14/01/2024 09:00,WIND,492301,1,HCM,1,62122,1011,240,4,230,7,819,6,6,6,6,6,NA,NA,NA,NA,14/01/2024 09:03,0
14/01/2024 10:00,WIND,492301,1,HCM,1,62122,1011,240,4,220,7,924,6,6,6,6,6,NA,NA,NA,NA,14/01/2024 10:02,0
14/01/2024 11:00,WIND,492301,1,HCM,1,62122,1011,240,4,250,9,1047,6,6,6,6,6,NA,NA,NA,NA,14/01/2024 11:02,0
14/01/2024 12:00,WIND,492301,1,HCM,1,62122,1011,260,5,250,9,1100,6,6,6,6,6,NA,NA,NA,NA,14/01/2024 12:02,0
14/01/2024 13:00,WIND,492301,1,HCM,1,62122,1011,230,6,240,10,1225,6,6,6,6,6,NA,NA,NA,NA,14/01/2024 13:02,0
14/01/2024 14:00,WIND,492301,1,HCM,1,62122,1011,230,7,250,12,1349,6,6,6,6,6,NA,NA,NA,NA,14/01/2024 14:02,0
14/01/2024 15:00,WIND,492301,1,HCM,1,62122,1011,240,7,240,14,1447,6,6,6,6,6,NA,NA,NA,NA,14/01/2024 15:02,0
14/01/2024 16:00,WIND,492301,1,HCM,1,62122,1011,280,7,290,14,1541,6,6,6,6,6,NA,NA,NA,NA,14/01/2024 16:02,0
14/01/2024 17:00,WIND,492301,1,HCM,1,62122,1011,280,5,280,13,1638,6,6,6,6,6,NA,NA,NA,NA,14/01/2024 17:02,0
14/01/2024 18:00,WIND,492301,1,HCM,1,62122,1011,330,6,300,13,1653,6,6,6,6,6,NA,NA,NA,NA,14/01/2024 18:02,0
14/01/2024 19:00,WIND,492301,1,HCM,1,62122,1011,310,5,330,11,1803,6,6,6,6,6,NA,NA,NA,NA,14/01/2024 19:02,0
14/01/2024 20:00,WIND,492301,1,HCM,1,62122,1011,320,6,340,11,1939,6,6,6,6,6,NA,NA,NA,NA,14/01/2024 20:02,0
14/01/2024 21:00,WIND,492301,1,HCM,1,62122,1011,330,5,340,10,2005,6,6,6,6,6,NA,NA,NA,NA,14/01/2024 21:02,0
14/01/2024 22:00,WIND,492301,1,HCM,1,62122,1011,320,3,340,8,2106,6,6,6,6,6,NA,NA,NA,NA,14/01/2024 22:02,0
14/01/2024 23:00,WIND,492301,1,HCM,1,62122,1011,310,3,300,7,2236,6,6,6,6,6,NA,NA,NA,NA,14/01/2024 23:02,0
15/01/2024 00:00,WIND,492301,1,HCM,1,62122,1011,300,3,310,7,2320,6,6,6,6,6,NA,NA,NA,NA,15/01/2024 00:03,0
15/01/2024 01:00,WIND,492301,1,HCM,1,62122,1011,260,3,250,7,27,6,6,6,6,6,NA,NA,NA,NA,15/01/2024 01:02,0
15/01/2024 02:00,WIND,492301,1,HCM,1,62122,1011,280,4,280,9,132,6,6,6,6,6,NA,NA,NA,NA,15/01/2024 02:02,0
15/01/2024 03:00,WIND,492301,1,HCM,1,62122,1011,280,2,280,5,151,6,6,6,6,6,NA,NA,NA,NA,15/01/2024 03:02,0
15/01/2024 04:00,WIND,492301,1,HCM,1,62122,1011,270,3,310,5,321,6,6,6,6,6,NA,NA,NA,NA,15/01/2024 04:02,0
15/01/2024 05:00,WIND,492301,1,HCM,1,62122,1011,280,3,290,6,400,6,6,6,6,6,NA,NA,NA,NA,15/01/2024 05:02,0
15/01/2024 06:00,WIND,492301,1,HCM,1,62122,1011,250,3,260,6,501,6,6,6,6,6,NA,NA,NA,NA,15/01/2024 06:03,0
15/01/2024 07:00,WIND,492301,1,HCM,1,62122,1011,250,4,270,8,624,6,6,6,6,6,NA,NA,NA,NA,15/01/2024 07:02,0
15/01/2024 08:00,WIND,492301,1,HCM,1,62122,1011,260,4,260,8,657,6,6,6,6,6,NA,NA,NA,NA,15/01/2024 08:02,0
15/01/2024 09:00,WIND,492301,1,HCM,1,62122,1011,270,4,290,9,816,6,6,6,6,6,NA,NA,NA,NA,15/01/2024 09:03,0
15/01/2024 10:00,WIND,492301,1,HCM,1,62122,1011,280,4,270,8,855,6,6,6,6,6,NA,NA,NA,NA,15/01/2024 10:02,0
15/01/2024 11:00,WIND,492301,1,HCM,1,62122,1011,320,6,330,15,1040,6,6,6,6,6,NA,NA,NA,NA,15/01/2024 11:02,0
15/01/2024 12:00,WIND,492301,1,HCM,1,62122,1011,340,9,330,16,1139,6,6,6,6,6,NA,NA,NA,NA,15/01/2024 12:02,0
15/01/2024 13:00,WIND,492301,1,HCM,1,62122,1011,350,8,340,16,1204,6,6,6,6,6,NA,NA,NA,NA,15/01/2024 13:02,0
15/01/2024 14:00,WIND,492301,1,HCM,1,62122,1011,350,7,350,14,1253,6,6,6,6,6,NA,NA,NA,NA,15/01/2024 14:02,0
15/01/2024 15:00,WIND,492301,1,HCM,1,62122,1011,330,6,340,10,1352,6,6,6,6,6,NA,NA,NA,NA,15/01/2024 15:02,0
15/01/2024 16:00,WIND,492301,1,HCM,1,62122,1011,330,3,340,9,1452,6,6,6,6,6,NA,NA,NA,NA,15/01/2024 16:02,0
15/01/2024 17:00,WIND,492301,1,HCM,1,62122,1011,250,1,330,3,1550,6,6,6,6,6,NA,NA,NA,NA,15/01/2024 17:02,0
15/01/2024 18:00,WIND,492301,1,HCM,1,62122,1011,250,1,250,4,1733,6,6,6,6,6,NA,NA,NA,NA,15/01/2024 18:02,0
15/01/2024 19:00,WIND,492301,1,HCM,1,62122,1011,260,2,270,4,1843,6,6,6,6,6,NA,NA,NA,NA,15/01/2024 19:02,0
15/01/2024 20:00,WIND,492301,1,HCM,1,62122,1011,270,3,290,6,1921,6,6,6,6,6,NA,NA,NA,NA,15/01/2024 20:02,0
15/01/2024 21:00,WIND,492301,1,HCM,1,62122,1011,260,2,270,4,2025,6,6,6,6,6,NA,NA,NA,NA,15/01/2024 21:03,0
15/01/2024 22:00,WIND,492301,1,HCM,1,62122,1011,250,2,270,3,2111,6,6,6,6,6,NA,NA,NA,NA,15/01/2024 22:02,0
15/01/2024 23:00,WIND,492301,1,HCM,1,62122,1011,250,2,280,4,2207,6,6,6,6,6,NA,NA,NA,NA,15/01/2024 23:02,0
16/01/2024 00:00,WIND,492301,1,HCM,1,62122,1011,210,1,70,3,2330,6,6,6,6,6,NA,NA,NA,NA,16/01/2024 00:03,0
16/01/2024 01:00,WIND,492301,1,HCM,1,62122,1011,160,1,210,3,37,6,6,6,6,6,NA,NA,NA,NA,16/01/2024 01:02,0
16/01/2024 02:00,WIND,492301,1,HCM,1,62122,1011,190,2,180,3,104,6,6,6,6,6,NA,NA,NA,NA,16/01/2024 02:02,0
16/01/2024 03:00,WIND,492301,1,HCM,1,62122,1011,200,2,180,3,212,6,6,6,6,6,NA,NA,NA,NA,16/01/2024 03:02,0
16/01/2024 04:00,WIND,492301,1,HCM,1,62122,1011,180,2,200,6,258,6,6,6,6,6,NA,NA,NA,NA,16/01/2024 04:02,0
16/01/2024 05:00,WIND,492301,1,HCM,1,62122,1011,150,1,140,3,431,6,6,6,6,6,NA,NA,NA,NA,16/01/2024 05:02,0
16/01/2024 06:00,WIND,492301,1,HCM,1,62122,1011,130,1,90,2,512,6,6,6,6,6,NA,NA,NA,NA,16/01/2024 06:03,0
16/01/2024 07:00,WIND,492301,1,HCM,1,62122,1011,200,2,220,5,634,6,6,6,6,6,NA,NA,NA,NA,16/01/2024 07:02,0
16/01/2024 08:00,WIND,492301,1,HCM,1,62122,1011,200,2,150,4,707,6,6,6,6,6,NA,NA,NA,NA,16/01/2024 08:02,0
16/01/2024 09:00,WIND,492301,1,HCM,1,62122,1011,220,1,210,2,815,6,6,6,6,6,NA,NA,NA,NA,16/01/2024 09:03,0
16/01/2024 10:00,WIND,492301,1,HCM,1,62122,1011,140,1,140,4,917,6,6,6,6,6,NA,NA,NA,NA,16/01/2024 10:02,0
16/01/2024 11:00,WIND,492301,1,HCM,1,62122,1011,180,3,220,7,1047,6,6,6,6,6,NA,NA,NA,NA,16/01/2024 11:04,0
16/01/2024 12:00,WIND,492301,1,HCM,1,62122,1011,210,5,210,11,1145,6,6,6,6,6,NA,NA,NA,NA,16/01/2024 12:02,0
16/01/2024 13:00,WIND,492301,1,HCM,1,62122,1011,210,7,200,12,1232,6,6,6,6,6,NA,NA,NA,NA,16/01/2024 13:02,0
16/01/2024 14:00,WIND,492301,1,HCM,1,62122,1011,210,7,200,13,1326,6,6,6,6,6,NA,NA,NA,NA,16/01/2024 14:02,0
16/01/2024 15:00,WIND,492301,1,HCM,1,62122,1011,210,7,190,13,1415,6,6,6,6,6,NA,NA,NA,NA,16/01/2024 15:02,0
16/01/2024 16:00,WIND,492301,1,HCM,1,62122,1011,210,6,210,12,1453,6,6,6,6,6,NA,NA,NA,NA,16/01/2024 16:02,0
16/01/2024 17:00,WIND,492301,1,HCM,1,62122,1011,190,5,180,10,1551,6,6,6,6,6,NA,NA,NA,NA,16/01/2024 17:07,0
16/01/2024 18:00,WIND,492301,1,HCM,1,62122,1011,180,5,190,9,1705,6,6,6,6,6,NA,NA,NA,NA,16/01/2024 18:02,0
16/01/2024 19:00,WIND,492301,1,HCM,1,62122,1011,180,5,180,10,1824,6,6,6,6,6,NA,NA,NA,NA,16/01/2024 19:02,0
16/01/2024 20:00,WIND,492301,1,HCM,1,62122,1011,190,5,190,11,1852,6,6,6,6,6,NA,NA,NA,NA,16/01/2024 20:02,0
16/01/2024 21:00,WIND,492301,1,HCM,1,62122,1011,160,2,170,6,2019,6,6,6,6,6,NA,NA,NA,NA,16/01/2024 21:03,0
16/01/2024 22:00,WIND,492301,1,HCM,1,62122,1011,140,3,140,6,2105,6,6,6,6,6,NA,NA,NA,NA,16/01/2024 22:02,0
16/01/2024 23:00,WIND,492301,1,HCM,1,62122,1011,130,2,140,3,2248,6,6,6,6,6,NA,NA,NA,NA,16/01/2024 23:02,0
17/01/2024 00:00,WIND,492301,1,HCM,1,62122,1011,140,2,160,4,2256,6,6,6,6,6,NA,NA,NA,NA,17/01/2024 00:03,0
17/01/2024 01:00,WIND,492301,1,HCM,1,62122,1011,130,2,40,5,21,6,6,6,6,6,NA,NA,NA,NA,17/01/2024 01:02,0
17/01/2024 02:00,WIND,492301,1,HCM,1,62122,1011,120,1,150,3,57,6,6,6,6,6,NA,NA,NA,NA,17/01/2024 02:02,0
17/01/2024 03:00,WIND,492301,1,HCM,1,62122,1011,120,2,30,6,157,6,6,6,6,6,NA,NA,NA,NA,17/01/2024 03:02,0
17/01/2024 04:00,WIND,492301,1,HCM,1,62122,1011,80,2,90,4,306,6,6,6,6,6,NA,NA,NA,NA,17/01/2024 04:02,0
17/01/2024 05:00,WIND,492301,1,HCM,1,62122,1011,80,2,100,3,356,6,6,6,6,6,NA,NA,NA,NA,17/01/2024 05:02,0
17/01/2024 06:00,WIND,492301,1,HCM,1,62122,1011,70,1,30,3,547,6,6,6,6,6,NA,NA,NA,NA,17/01/2024 06:03,0
17/01/2024 07:00,WIND,492301,1,HCM,1,62122,1011,60,2,50,3,612,6,6,6,6,6,NA,NA,NA,NA,17/01/2024 07:02,0
17/01/2024 08:00,WIND,492301,1,HCM,1,62122,1011,10,1,70,3,652,6,6,6,6,6,NA,NA,NA,NA,17/01/2024 08:02,0
17/01/2024 09:00,WIND,492301,1,HCM,1,62122,1011,40,3,40,8,831,6,6,6,6,6,NA,NA,NA,NA,17/01/2024 09:03,0
17/01/2024 10:00,WIND,492301,1,HCM,1,62122,1011,20,7,360,14,948,6,6,6,6,6,NA,NA,NA,NA,17/01/2024 10:02,0
17/01/2024 11:00,WIND,492301,1,HCM,1,62122,1011,20,9,10,18,1008,6,6,6,6,6,NA,NA,NA,NA,17/01/2024 11:02,0
17/01/2024 12:00,WIND,492301,1,HCM,1,62122,1011,20,7,20,14,1149,6,6,6,6,6,NA,NA,NA,NA,17/01/2024 12:02,0
17/01/2024 13:00,WIND,492301,1,HCM,1,62122,1011,30,8,30,15,1157,6,6,6,6,6,NA,NA,NA,NA,17/01/2024 13:02,0
17/01/2024 14:00,WIND,492301,1,HCM,1,62122,1011,20,9,350,16,1335,6,6,6,6,6,NA,NA,NA,NA,17/01/2024 14:02,0
17/01/2024 15:00,WIND,492301,1,HCM,1,62122,1011,10,10,20,17,1438,6,6,6,6,6,NA,NA,NA,NA,17/01/2024 15:02,0
17/01/2024 16:00,WIND,492301,1,HCM,1,62122,1011,10,10,360,18,1508,6,6,6,6,6,NA,NA,NA,NA,17/01/2024 16:02,0
17/01/2024 17:00,WIND,492301,1,HCM,1,62122,1011,10,7,10,13,1555,6,6,6,6,6,NA,NA,NA,NA,17/01/2024 17:02,0
17/01/2024 18:00,WIND,492301,1,HCM,1,62122,1011,10,5,10,10,1737,6,6,6,6,6,NA,NA,NA,NA,17/01/2024 18:02,0
17/01/2024 19:00,WIND,492301,1,HCM,1,62122,1011,10,7,360,12,1824,6,6,6,6,6,NA,NA,NA,NA,17/01/2024 19:02,0
17/01/2024 20:00,WIND,492301,1,HCM,1,62122,1011,360,7,10,12,1858,6,6,6,6,6,NA,NA,NA,NA,17/01/2024 20:02,0
17/01/2024 21:00,WIND,492301,1,HCM,1,62122,1011,10,2,10,6,1950,6,6,6,6,6,NA,NA,NA,NA,17/01/2024 21:03,0
17/01/2024 22:00,WIND,492301,1,HCM,1,62122,1011,360,3,350,7,2146,6,6,6,6,6,NA,NA,NA,NA,17/01/2024 22:02,0
17/01/2024 23:00,WIND,492301,1,HCM,1,62122,1011,10,4,360,8,2219,6,6,6,6,6,NA,NA,NA,NA,17/01/2024 23:02,0
18/01/2024 00:00,WIND,492301,1,HCM,1,62122,1011,10,3,30,6,2256,6,6,6,6,6,NA,NA,NA,NA,18/01/2024 00:03,0
18/01/2024 01:00,WIND,492301,1,HCM,1,62122,1011,350,3,360,6,2353,6,6,6,6,6,NA,NA,NA,NA,18/01/2024 01:02,0
18/01/2024 02:00,WIND,492301,1,HCM,1,62122,1011,30,1,360,3,100,6,6,6,6,6,NA,NA,NA,NA,18/01/2024 02:02,0
18/01/2024 03:00,WIND,492301,1,HCM,1,62122,1011,60,1,60,2,202,6,6,6,6,6,NA,NA,NA,NA,18/01/2024 03:02,0
18/01/2024 04:00,WIND,492301,1,HCM,1,62122,1011,340,2,350,5,331,6,6,6,6,6,NA,NA,NA,NA,18/01/2024 04:02,0
18/01/2024 05:00,WIND,492301,1,HCM,1,62122,1011,240,2,290,4,359,6,6,6,6,6,NA,NA,NA,NA,18/01/2024 05:02,0
18/01/2024 06:00,WIND,492301,1,HCM,1,62122,1011,200,1,230,3,453,6,6,6,6,6,NA,NA,NA,NA,18/01/2024 06:03,0
18/01/2024 07:00,WIND,492301,1,HCM,1,62122,1011,200,2,240,4,648,6,6,6,6,6,NA,NA,NA,NA,18/01/2024 07:02,0
18/01/2024 08:00,WIND,492301,1,HCM,1,62122,1011,230,3,260,5,704,6,6,6,6,6,NA,NA,NA,NA,18/01/2024 08:02,0
18/01/2024 09:00,WIND,492301,1,HCM,1,62122,1011,250,4,260,6,804,6,6,6,6,6,NA,NA,NA,NA,18/01/2024 09:03,0
18/01/2024 10:00,WIND,492301,1,HCM,1,62122,1011,250,4,270,7,946,6,6,6,6,6,NA,NA,NA,NA,18/01/2024 10:02,0
18/01/2024 11:00,WIND,492301,1,HCM,1,62122,1011,260,5,250,10,1019,6,6,6,6,6,NA,NA,NA,NA,18/01/2024 11:02,0
18/01/2024 12:00,WIND,492301,1,HCM,1,62122,1011,280,4,280,7,1125,6,6,6,6,6,NA,NA,NA,NA,18/01/2024 12:02,0
18/01/2024 13:00,WIND,492301,1,HCM,1,62122,1011,300,5,310,9,1246,6,6,6,6,6,NA,NA,NA,NA,18/01/2024 13:02,0
18/01/2024 14:00,WIND,492301,1,HCM,1,62122,1011,320,7,350,12,1347,6,6,6,6,6,NA,NA,NA,NA,18/01/2024 14:07,0
18/01/2024 15:00,WIND,492301,1,HCM,1,62122,1011,340,6,330,11,1432,6,6,6,6,6,NA,NA,NA,NA,18/01/2024 15:02,0
18/01/2024 16:00,WIND,492301,1,HCM,1,62122,1011,340,4,330,8,1518,6,6,6,6,6,NA,NA,NA,NA,18/01/2024 16:02,0
18/01/2024 17:00,WIND,492301,1,HCM,1,62122,1011,310,2,340,5,1551,6,6,6,6,6,NA,NA,NA,NA,18/01/2024 17:02,0
18/01/2024 18:00,WIND,492301,1,HCM,1,62122,1011,260,2,280,3,1724,6,6,6,6,6,NA,NA,NA,NA,18/01/2024 18:02,0
18/01/2024 19:00,WIND,492301,1,HCM,1,62122,1011,230,2,230,3,1800,6,6,6,6,6,NA,NA,NA,NA,18/01/2024 19:02,0
18/01/2024 20:00,WIND,492301,1,HCM,1,62122,1011,240,3,260,6,1939,6,6,6,6,6,NA,NA,NA,NA,18/01/2024 20:02,0
18/01/2024 21:00,WIND,492301,1,HCM,1,62122,1011,240,4,240,7,2030,6,6,6,6,6,NA,NA,NA,NA,18/01/2024 21:03,0
18/01/2024 22:00,WIND,492301,1,HCM,1,62122,1011,250,4,250,7,2126,6,6,6,6,6,NA,NA,NA,NA,18/01/2024 22:02,0
18/01/2024 23:00,WIND,492301,1,HCM,1,62122,1011,260,5,270,9,2237,6,6,6,6,6,NA,NA,NA,NA,18/01/2024 23:02,0
19/01/2024 00:00,WIND,492301,1,HCM,1,62122,1011,260,5,260,8,2310,6,6,6,6,6,NA,NA,NA,NA,19/01/2024 00:03,0
19/01/2024 01:00,WIND,492301,1,HCM,1,62122,1011,250,5,250,9,10,6,6,6,6,6,NA,NA,NA,NA,19/01/2024 01:02,0
19/01/2024 02:00,WIND,492301,1,HCM,1,62122,1011,140,2,240,4,51,6,6,6,6,6,NA,NA,NA,NA,19/01/2024 02:02,0
19/01/2024 03:00,WIND,492301,1,HCM,1,62122,1011,140,1,70,3,220,6,6,6,6,6,NA,NA,NA,NA,19/01/2024 03:02,0
19/01/2024 04:00,WIND,492301,1,HCM,1,62122,1011,130,1,110,2,329,6,6,6,6,6,NA,NA,NA,NA,19/01/2024 04:02,0
19/01/2024 05:00,WIND,492301,1,HCM,1,62122,1011,180,1,200,2,408,6,6,6,6,6,NA,NA,NA,NA,19/01/2024 05:02,0
19/01/2024 06:00,WIND,492301,1,HCM,1,62122,1011,230,2,250,3,502,6,6,6,6,6,NA,NA,NA,NA,19/01/2024 06:03,0
19/01/2024 07:00,WIND,492301,1,HCM,1,62122,1011,180,2,230,5,609,6,6,6,6,6,NA,NA,NA,NA,19/01/2024 07:02,0
19/01/2024 08:00,WIND,492301,1,HCM,1,62122,1011,170,1,200,3,732,6,6,6,6,6,NA,NA,NA,NA,19/01/2024 08:02,0
19/01/2024 09:00,WIND,492301,1,HCM,1,62122,1011,130,2,60,6,828,6,6,6,6,6,NA,NA,NA,NA,19/01/2024 09:03,0
19/01/2024 10:00,WIND,492301,1,HCM,1,62122,1011,170,2,190,5,947,6,6,6,6,6,NA,NA,NA,NA,19/01/2024 10:02,0
19/01/2024 11:00,WIND,492301,1,HCM,1,62122,1011,200,4,200,7,1021,6,6,6,6,6,NA,NA,NA,NA,19/01/2024 11:03,0
19/01/2024 12:00,WIND,492301,1,HCM,1,62122,1011,210,6,200,12,1128,6,6,6,6,6,NA,NA,NA,NA,19/01/2024 12:02,0
19/01/2024 13:00,WIND,492301,1,HCM,1,62122,1011,220,7,190,12,1232,6,6,6,6,6,NA,NA,NA,NA,19/01/2024 13:02,0
19/01/2024 14:00,WIND,492301,1,HCM,1,62122,1011,230,8,200,14,1334,6,6,6,6,6,NA,NA,NA,NA,19/01/2024 14:02,0
19/01/2024 15:00,WIND,492301,1,HCM,1,62122,1011,220,8,220,17,1411,6,6,6,6,6,NA,NA,NA,NA,19/01/2024 15:02,0
19/01/2024 16:00,WIND,492301,1,HCM,1,62122,1011,220,8,230,14,1524,6,6,6,6,6,NA,NA,NA,NA,19/01/2024 16:02,0
19/01/2024 17:00,WIND,492301,1,HCM,1,62122,1011,210,6,200,11,1620,6,6,6,6,6,NA,NA,NA,NA,19/01/2024 17:02,0
19/01/2024 18:00,WIND,492301,1,HCM,1,62122,1011,190,4,180,8,1702,6,6,6,6,6,NA,NA,NA,NA,19/01/2024 18:02,0
19/01/2024 19:00,WIND,492301,1,HCM,1,62122,1011,170,4,180,9,1848,6,6,6,6,6,NA,NA,NA,NA,19/01/2024 19:02,0
19/01/2024 20:00,WIND,492301,1,HCM,1,62122,1011,180,5,200,10,1902,6,6,6,6,6,NA,NA,NA,NA,19/01/2024 20:02,0
19/01/2024 21:00,WIND,492301,1,HCM,1,62122,1011,180,5,190,9,2048,6,6,6,6,6,NA,NA,NA,NA,19/01/2024 21:03,0
19/01/2024 22:00,WIND,492301,1,HCM,1,62122,1011,190,6,190,11,2143,6,6,6,6,6,NA,NA,NA,NA,19/01/2024 22:02,0
19/01/2024 23:00,WIND,492301,1,HCM,1,62122,1011,170,5,180,9,2153,6,6,6,6,6,NA,NA,NA,NA,19/01/2024 23:02,0
20/01/2024 00:00,WIND,492301,1,HCM,1,62122,1011,160,5,190,16,2349,6,6,6,6,6,NA,NA,NA,NA,20/01/2024 00:03,0
20/01/2024 01:00,WIND,492301,1,HCM,1,62122,1011,200,10,190,18,45,6,6,6,6,6,NA,NA,NA,NA,20/01/2024 01:02,0
20/01/2024 02:00,WIND,492301,1,HCM,1,62122,1011,200,11,180,22,129,6,6,6,6,6,NA,NA,NA,NA,20/01/2024 02:02,0
20/01/2024 03:00,WIND,492301,1,HCM,1,62122,1011,190,10,190,17,150,6,6,6,6,6,NA,NA,NA,NA,20/01/2024 03:02,0
20/01/2024 04:00,WIND,492301,1,HCM,1,62122,1011,190,11,190,19,332,6,6,6,6,6,NA,NA,NA,NA,20/01/2024 04:02,0
20/01/2024 05:00,WIND,492301,1,HCM,1,62122,1011,190,11,190,21,445,6,6,6,6,6,NA,NA,NA,NA,20/01/2024 05:02,0
20/01/2024 06:00,WIND,492301,1,HCM,1,62122,1011,190,12,190,23,519,6,6,6,6,6,NA,NA,NA,NA,20/01/2024 06:03,0
20/01/2024 07:00,WIND,492301,1,HCM,1,62122,1011,190,12,190,24,553,6,6,6,6,6,NA,NA,NA,NA,20/01/2024 07:02,0
20/01/2024 08:00,WIND,492301,1,HCM,1,62122,1011,180,12,180,23,708,6,6,6,6,6,NA,NA,NA,NA,20/01/2024 08:02,0
20/01/2024 09:00,WIND,492301,1,HCM,1,62122,1011,180,10,170,20,846,6,6,6,6,6,NA,NA,NA,NA,20/01/2024 09:03,0
20/01/2024 10:00,WIND,492301,1,HCM,1,62122,1011,180,11,190,20,904,6,6,6,6,6,NA,NA,NA,NA,20/01/2024 10:02,0
20/01/2024 11:00,WIND,492301,1,HCM,1,62122,1011,180,11,170,19,1027,6,6,6,6,6,NA,NA,NA,NA,20/01/2024 11:02,0
20/01/2024 12:00,WIND,492301,1,HCM,1,62122,1011,190,12,180,23,1140,6,6,6,6,6,NA,NA,NA,NA,20/01/2024 12:02,0
20/01/2024 13:00,WIND,492301,1,HCM,1,62122,1011,190,12,170,25,1236,6,6,6,6,6,NA,NA,NA,NA,20/01/2024 13:02,0
20/01/2024 14:00,WIND,492301,1,HCM,1,62122,1011,190,14,190,24,1332,6,6,6,6,6,NA,NA,NA,NA,20/01/2024 14:02,0
20/01/2024 15:00,WIND,492301,1,HCM,1,62122,1011,180,12,170,25,1406,6,6,6,6,6,NA,NA,NA,NA,20/01/2024 15:02,0
20/01/2024 16:00,WIND,492301,1,HCM,1,62122,1011,180,11,190,22,1518,6,6,6,6,6,NA,NA,NA,NA,20/01/2024 16:02,0
20/01/2024 17:00,WIND,492301,1,HCM,1,62122,1011,180,10,180,22,1639,6,6,6,6,6,NA,NA,NA,NA,20/01/2024 17:02,0
20/01/2024 18:00,WIND,492301,1,HCM,1,62122,1011,180,11,170,21,1704,6,6,6,6,6,NA,NA,NA,NA,20/01/2024 18:02,0
20/01/2024 19:00,WIND,492301,1,HCM,1,62122,1011,170,11,180,21,1801,6,6,6,6,6,NA,NA,NA,NA,20/01/2024 19:02,0
20/01/2024 20:00,WIND,492301,1,HCM,1,62122,1011,160,11,170,24,1920,6,6,6,6,6,NA,NA,NA,NA,20/01/2024 20:02,0
20/01/2024 21:00,WIND,492301,1,HCM,1,62122,1011,160,12,140,24,2028,6,6,6,6,6,NA,NA,NA,NA,20/01/2024 21:02,0
20/01/2024 22:00,WIND,492301,1,HCM,1,62122,1011,160,10,180,22,2111,6,6,6,6,6,NA,NA,NA,NA,20/01/2024 22:02,0
20/01/2024 23:00,WIND,492301,1,HCM,1,62122,1011,160,10,150,19,2155,6,6,6,6,6,NA,NA,NA,NA,20/01/2024 23:02,0
21/01/2024 00:00,WIND,492301,1,HCM,1,62122,1011,170,11,180,23,2333,6,6,6,6,6,NA,NA,NA,NA,21/01/2024 00:03,0
21/01/2024 01:00,WIND,492301,1,HCM,1,62122,1011,170,13,170,23,9,6,6,6,6,6,NA,NA,NA,NA,21/01/2024 01:02,0
21/01/2024 02:00,WIND,492301,1,HCM,1,62122,1011,160,12,140,26,109,6,6,6,6,6,NA,NA,NA,NA,21/01/2024 02:02,0
21/01/2024 03:00,WIND,492301,1,HCM,1,62122,1011,170,13,180,28,200,6,6,6,6,6,NA,NA,NA,NA,21/01/2024 03:02,0
21/01/2024 04:00,WIND,492301,1,HCM,1,62122,1011,190,11,180,20,306,6,6,6,6,6,NA,NA,NA,NA,21/01/2024 04:02,0
21/01/2024 05:00,WIND,492301,1,HCM,1,62122,1011,200,12,200,20,431,6,6,6,6,6,NA,NA,NA,NA,21/01/2024 05:02,0
21/01/2024 06:00,WIND,492301,1,HCM,1,62122,1011,220,13,210,23,454,6,6,6,6,6,NA,NA,NA,NA,21/01/2024 06:03,0
21/01/2024 07:00,WIND,492301,1,HCM,1,62122,1011,220,14,220,24,621,6,6,6,6,6,NA,NA,NA,NA,21/01/2024 07:02,0
21/01/2024 08:00,WIND,492301,1,HCM,1,62122,1011,220,13,220,23,655,6,6,6,6,6,NA,NA,NA,NA,21/01/2024 08:02,0
21/01/2024 09:00,WIND,492301,1,HCM,1,62122,1011,210,12,210,22,845,6,6,6,6,6,NA,NA,NA,NA,21/01/2024 09:03,0
21/01/2024 10:00,WIND,492301,1,HCM,1,62122,1011,210,10,190,18,858,6,6,6,6,6,NA,NA,NA,NA,21/01/2024 10:02,0
21/01/2024 11:00,WIND,492301,1,HCM,1,62122,1011,190,11,180,24,1045,6,6,6,6,6,NA,NA,NA,NA,21/01/2024 11:02,0
21/01/2024 12:00,WIND,492301,1,HCM,1,62122,1011,200,14,190,29,1145,6,6,6,6,6,NA,NA,NA,NA,21/01/2024 12:02,0
21/01/2024 13:00,WIND,492301,1,HCM,1,62122,1011,200,16,180,28,1157,6,6,6,6,6,NA,NA,NA,NA,21/01/2024 13:02,0
21/01/2024 14:00,WIND,492301,1,HCM,1,62122,1011,190,15,180,28,1342,6,6,6,6,6,NA,NA,NA,NA,21/01/2024 14:02,0
21/01/2024 15:00,WIND,492301,1,HCM,1,62122,1011,190,17,180,32,1437,6,6,6,6,6,NA,NA,NA,NA,21/01/2024 15:02,0
21/01/2024 16:00,WIND,492301,1,HCM,1,62122,1011,190,16,190,30,1456,6,6,6,6,6,NA,NA,NA,NA,21/01/2024 16:02,0
21/01/2024 17:00,WIND,492301,1,HCM,1,62122,1011,190,17,190,32,1635,6,6,6,6,6,NA,NA,NA,NA,21/01/2024 17:02,0
21/01/2024 18:00,WIND,492301,1,HCM,1,62122,1011,180,20,190,47,1721,6,6,6,6,6,NA,NA,NA,NA,21/01/2024 18:02,0
21/01/2024 19:00,WIND,492301,1,HCM,1,62122,1011,190,20,170,38,1757,6,6,6,6,6,NA,NA,NA,NA,21/01/2024 19:02,0
21/01/2024 20:00,WIND,492301,1,HCM,1,62122,1011,200,21,200,40,1926,6,6,6,6,6,NA,NA,NA,NA,21/01/2024 20:02,0
21/01/2024 21:00,WIND,492301,1,HCM,1,62122,1011,200,21,170,41,2019,6,6,6,6,6,NA,NA,NA,NA,21/01/2024 21:03,0
21/01/2024 22:00,WIND,492301,1,HCM,1,62122,1011,190,20,200,39,2131,6,6,6,6,6,NA,NA,NA,NA,21/01/2024 22:02,0
21/01/2024 23:00,WIND,492301,1,HCM,1,62122,1011,200,21,180,44,2217,6,6,6,6,6,NA,NA,NA,NA,21/01/2024 23:02,0
22/01/2024 00:00,WIND,492301,1,HCM,1,62122,1011,210,18,220,34,2303,6,6,6,6,6,NA,NA,NA,NA,22/01/2024 00:03,0
22/01/2024 01:00,WIND,492301,1,HCM,1,62122,1011,230,21,230,38,2,6,6,6,6,6,NA,NA,NA,NA,22/01/2024 01:02,0
22/01/2024 02:00,WIND,492301,1,HCM,1,62122,1011,230,22,230,41,57,6,6,6,6,6,NA,NA,NA,NA,22/01/2024 02:02,0
22/01/2024 03:00,WIND,492301,1,HCM,1,62122,1011,240,19,240,40,204,6,6,6,6,6,NA,NA,NA,NA,22/01/2024 03:02,0
22/01/2024 04:00,WIND,492301,1,HCM,1,62122,1011,240,17,230,29,310,6,6,6,6,6,NA,NA,NA,NA,22/01/2024 04:02,0
22/01/2024 05:00,WIND,492301,1,HCM,1,62122,1011,240,16,240,29,353,6,6,6,6,6,NA,NA,NA,NA,22/01/2024 05:02,0
22/01/2024 06:00,WIND,492301,1,HCM,1,62122,1011,240,16,240,26,455,6,6,6,6,6,NA,NA,NA,NA,22/01/2024 06:03,0
22/01/2024 07:00,WIND,492301,1,HCM,1,62122,1011,250,14,240,24,551,6,6,6,6,6,NA,NA,NA,NA,22/01/2024 07:02,0
22/01/2024 08:00,WIND,492301,1,HCM,1,62122,1011,240,14,240,25,728,6,6,6,6,6,NA,NA,NA,NA,22/01/2024 08:02,0
22/01/2024 09:00,WIND,492301,1,HCM,1,62122,1011,230,15,240,31,822,6,6,6,6,6,NA,NA,NA,NA,22/01/2024 09:03,0
22/01/2024 10:00,WIND,492301,1,HCM,1,62122,1011,240,15,250,27,904,6,6,6,6,6,NA,NA,NA,NA,22/01/2024 10:02,0
22/01/2024 11:00,WIND,492301,1,HCM,1,62122,1011,240,16,240,28,1009,6,6,6,6,6,NA,NA,NA,NA,22/01/2024 11:02,0
22/01/2024 12:00,WIND,492301,1,HCM,1,62122,1011,240,17,250,27,1124,6,6,6,6,6,NA,NA,NA,NA,22/01/2024 12:02,0
22/01/2024 13:00,WIND,492301,1,HCM,1,62122,1011,240,19,250,33,1157,6,6,6,6,6,NA,NA,NA,NA,22/01/2024 13:02,0
22/01/2024 14:00,WIND,492301,1,HCM,1,62122,1011,240,18,250,31,1255,6,6,6,6,6,NA,NA,NA,NA,22/01/2024 14:02,0
22/01/2024 15:00,WIND,492301,1,HCM,1,62122,1011,240,17,240,28,1359,6,6,6,6,6,NA,NA,NA,NA,22/01/2024 15:02,0
22/01/2024 16:00,WIND,492301,1,HCM,1,62122,1011,240,19,240,34,1539,6,6,6,6,6,NA,NA,NA,NA,22/01/2024 16:02,0
22/01/2024 17:00,WIND,492301,1,HCM,1,62122,1011,240,18,250,32,1623,6,6,6,6,6,NA,NA,NA,NA,22/01/2024 17:02,0
22/01/2024 18:00,WIND,492301,1,HCM,1,62122,1011,240,15,240,28,1655,6,6,6,6,6,NA,NA,NA,NA,22/01/2024 18:02,0
22/01/2024 19:00,WIND,492301,1,HCM,1,62122,1011,240,15,250,26,1802,6,6,6,6,6,NA,NA,NA,NA,22/01/2024 19:02,0
22/01/2024 20:00,WIND,492301,1,HCM,1,62122,1011,250,12,260,25,1850,6,6,6,6,6,NA,NA,NA,NA,22/01/2024 20:02,0
22/01/2024 21:00,WIND,492301,1,HCM,1,62122,1011,240,13,240,24,2029,6,6,6,6,6,NA,NA,NA,NA,22/01/2024 21:02,0
22/01/2024 22:00,WIND,492301,1,HCM,1,62122,1011,250,12,260,22,2056,6,6,6,6,6,NA,NA,NA,NA,22/01/2024 22:02,0
22/01/2024 23:00,WIND,492301,1,HCM,1,62122,1011,250,10,240,19,2244,6,6,6,6,6,NA,NA,NA,NA,22/01/2024 23:02,0
23/01/2024 00:00,WIND,492301,1,HCM,1,62122,1011,250,12,250,19,2313,6,6,6,6,6,NA,NA,NA,NA,23/01/2024 00:03,0
23/01/2024 01:00,WIND,492301,1,HCM,1,62122,1011,250,12,250,21,2357,6,6,6,6,6,NA,NA,NA,NA,23/01/2024 01:02,0
23/01/2024 02:00,WIND,492301,1,HCM,1,62122,1011,240,9,250,18,55,6,6,6,6,6,NA,NA,NA,NA,23/01/2024 02:02,0
23/01/2024 03:00,WIND,492301,1,HCM,1,62122,1011,240,8,240,15,157,6,6,6,6,6,NA,NA,NA,NA,23/01/2024 03:02,0
23/01/2024 04:00,WIND,492301,1,HCM,1,62122,1011,210,6,220,13,307,6,6,6,6,6,NA,NA,NA,NA,23/01/2024 04:02,0
23/01/2024 05:00,WIND,492301,1,HCM,1,62122,1011,190,5,210,14,449,6,6,6,6,6,NA,NA,NA,NA,23/01/2024 05:02,0
23/01/2024 06:00,WIND,492301,1,HCM,1,62122,1011,190,7,210,14,456,6,6,6,6,6,NA,NA,NA,NA,23/01/2024 06:03,0
23/01/2024 07:00,WIND,492301,1,HCM,1,62122,1011,170,6,190,12,644,6,6,6,6,6,NA,NA,NA,NA,23/01/2024 07:02,0
23/01/2024 08:00,WIND,492301,1,HCM,1,62122,1011,170,6,180,13,658,6,6,6,6,6,NA,NA,NA,NA,23/01/2024 08:02,0
23/01/2024 09:00,WIND,492301,1,HCM,1,62122,1011,150,7,160,16,845,6,6,6,6,6,NA,NA,NA,NA,23/01/2024 09:03,0
23/01/2024 10:00,WIND,492301,1,HCM,1,62122,1011,160,7,160,17,858,6,6,6,6,6,NA,NA,NA,NA,23/01/2024 10:02,0
23/01/2024 11:00,WIND,492301,1,HCM,1,62122,1011,180,12,180,24,1038,6,6,6,6,6,NA,NA,NA,NA,23/01/2024 11:02,0
23/01/2024 12:00,WIND,492301,1,HCM,1,62122,1011,200,15,200,28,1111,6,6,6,6,6,NA,NA,NA,NA,23/01/2024 12:02,0
23/01/2024 13:00,WIND,492301,1,HCM,1,62122,1011,200,15,200,28,1157,6,6,6,6,6,NA,NA,NA,NA,23/01/2024 13:02,0
23/01/2024 14:00,WIND,492301,1,HCM,1,62122,1011,210,15,220,28,1340,6,6,6,6,6,NA,NA,NA,NA,23/01/2024 14:02,0
23/01/2024 15:00,WIND,492301,1,HCM,1,62122,1011,220,15,200,25,1354,6,6,6,6,6,NA,NA,NA,NA,23/01/2024 15:02,0
23/01/2024 16:00,WIND,492301,1,HCM,1,62122,1011,220,14,210,25,1534,6,6,6,6,6,NA,NA,NA,NA,23/01/2024 16:02,0
23/01/2024 17:00,WIND,492301,1,HCM,1,62122,1011,220,15,220,28,1610,6,6,6,6,6,NA,NA,NA,NA,23/01/2024 17:02,0
23/01/2024 18:00,WIND,492301,1,HCM,1,62122,1011,220,16,220,30,1704,6,6,6,6,6,NA,NA,NA,NA,23/01/2024 18:02,0
23/01/2024 19:00,WIND,492301,1,HCM,1,62122,1011,230,20,230,35,1821,6,6,6,6,6,NA,NA,NA,NA,23/01/2024 19:02,0
23/01/2024 20:00,WIND,492301,1,HCM,1,62122,1011,230,21,250,38,1900,6,6,6,6,6,NA,NA,NA,NA,23/01/2024 20:02,0
23/01/2024 21:00,WIND,492301,1,HCM,1,62122,1011,230,22,240,37,2015,6,6,6,6,6,NA,NA,NA,NA,23/01/2024 21:03,0
23/01/2024 22:00,WIND,492301,1,HCM,1,62122,1011,230,23,240,43,2111,6,6,6,6,6,NA,NA,NA,NA,23/01/2024 22:02,0
23/01/2024 23:00,WIND,492301,1,HCM,1,62122,1011,230,22,230,40,2151,6,6,6,6,6,NA,NA,NA,NA,23/01/2024 23:02,0
24/01/2024 00:00,WIND,492301,1,HCM,1,62122,1011,230,22,230,40,2255,6,6,6,6,6,NA,NA,NA,NA,24/01/2024 00:03,0
24/01/2024 01:00,WIND,492301,1,HCM,1,62122,1011,240,22,260,38,41,6,6,6,6,6,NA,NA,NA,NA,24/01/2024 01:02,0
24/01/2024 02:00,WIND,492301,1,HCM,1,62122,1011,240,23,230,40,102,6,6,6,6,6,NA,NA,NA,NA,24/01/2024 02:02,0
24/01/2024 03:00,WIND,492301,1,HCM,1,62122,1011,240,21,250,36,216,6,6,6,6,6,NA,NA,NA,NA,24/01/2024 03:02,0
24/01/2024 04:00,WIND,492301,1,HCM,1,62122,1011,240,21,240,33,255,6,6,6,6,6,NA,NA,NA,NA,24/01/2024 04:02,0
24/01/2024 05:00,WIND,492301,1,HCM,1,62122,1011,250,18,240,31,420,6,6,6,6,6,NA,NA,NA,NA,24/01/2024 05:02,0
24/01/2024 06:00,WIND,492301,1,HCM,1,62122,1011,240,19,230,32,458,6,6,6,6,6,NA,NA,NA,NA,24/01/2024 06:03,0
24/01/2024 07:00,WIND,492301,1,HCM,1,62122,1011,250,16,250,28,609,6,6,6,6,6,NA,NA,NA,NA,24/01/2024 07:02,0
24/01/2024 08:00,WIND,492301,1,HCM,1,62122,1011,240,14,230,24,651,6,6,6,6,6,NA,NA,NA,NA,24/01/2024 08:02,0
24/01/2024 09:00,WIND,492301,1,HCM,1,62122,1011,240,12,240,21,820,6,6,6,6,6,NA,NA,NA,NA,24/01/2024 09:03,0
24/01/2024 10:00,WIND,492301,1,HCM,1,62122,1011,240,12,250,20,934,6,6,6,6,6,NA,NA,NA,NA,24/01/2024 10:02,0
24/01/2024 11:00,WIND,492301,1,HCM,1,62122,1011,240,14,260,23,1005,6,6,6,6,6,NA,NA,NA,NA,24/01/2024 11:03,0
24/01/2024 12:00,WIND,492301,1,HCM,1,62122,1011,240,12,250,20,1147,6,6,6,6,6,NA,NA,NA,NA,24/01/2024 12:02,0
24/01/2024 13:00,WIND,492301,1,HCM,1,62122,1011,240,14,240,23,1229,6,6,6,6,6,NA,NA,NA,NA,24/01/2024 13:02,0
24/01/2024 14:00,WIND,492301,1,HCM,1,62122,1011,240,13,250,21,1339,6,6,6,6,6,NA,NA,NA,NA,24/01/2024 14:02,0
24/01/2024 15:00,WIND,492301,1,HCM,1,62122,1011,240,13,240,21,1409,6,6,6,6,6,NA,NA,NA,NA,24/01/2024 15:02,0
24/01/2024 16:00,WIND,492301,1,HCM,1,62122,1011,240,11,230,20,1511,6,6,6,6,6,NA,NA,NA,NA,24/01/2024 16:02,0
24/01/2024 17:00,WIND,492301,1,HCM,1,62122,1011,240,9,230,17,1552,6,6,6,6,6,NA,NA,NA,NA,24/01/2024 17:02,0
24/01/2024 18:00,WIND,492301,1,HCM,1,62122,1011,240,8,240,15,1734,6,6,6,6,6,NA,NA,NA,NA,24/01/2024 18:02,0
24/01/2024 19:00,WIND,492301,1,HCM,1,62122,1011,230,8,240,16,1755,6,6,6,6,6,NA,NA,NA,NA,24/01/2024 19:02,0
24/01/2024 20:00,WIND,492301,1,HCM,1,62122,1011,240,4,230,7,1905,6,6,6,6,6,NA,NA,NA,NA,24/01/2024 20:02,0
24/01/2024 21:00,WIND,492301,1,HCM,1,62122,1011,230,5,230,10,2046,6,6,6,6,6,NA,NA,NA,NA,24/01/2024 21:03,0
24/01/2024 22:00,WIND,492301,1,HCM,1,62122,1011,210,4,230,9,2052,6,6,6,6,6,NA,NA,NA,NA,24/01/2024 22:02,0
24/01/2024 23:00,WIND,492301,1,HCM,1,62122,1011,150,2,180,4,2153,6,6,6,6,6,NA,NA,NA,NA,24/01/2024 23:02,0
25/01/2024 00:00,WIND,492301,1,HCM,1,62122,1011,130,3,160,4,2306,6,6,6,6,6,NA,NA,NA,NA,25/01/2024 00:03,0
25/01/2024 01:00,WIND,492301,1,HCM,1,62122,1011,110,2,90,4,38,6,6,6,6,6,NA,NA,NA,NA,25/01/2024 01:02,0
25/01/2024 02:00,WIND,492301,1,HCM,1,62122,1011,100,3,90,5,140,6,6,6,6,6,NA,NA,NA,NA,25/01/2024 02:02,0
25/01/2024 03:00,WIND,492301,1,HCM,1,62122,1011,100,4,130,7,224,6,6,6,6,6,NA,NA,NA,NA,25/01/2024 03:02,0
25/01/2024 04:00,WIND,492301,1,HCM,1,62122,1011,110,4,110,8,319,6,6,6,6,6,NA,NA,NA,NA,25/01/2024 04:02,0
25/01/2024 05:00,WIND,492301,1,HCM,1,62122,1011,120,5,140,10,422,6,6,6,6,6,NA,NA,NA,NA,25/01/2024 05:02,0
25/01/2024 06:00,WIND,492301,1,HCM,1,62122,1011,150,5,170,13,530,6,6,6,6,6,NA,NA,NA,NA,25/01/2024 06:03,0
25/01/2024 07:00,WIND,492301,1,HCM,1,62122,1011,180,5,180,10,640,6,6,6,6,6,NA,NA,NA,NA,25/01/2024 07:02,0
25/01/2024 08:00,WIND,492301,1,HCM,1,62122,1011,180,5,190,10,746,6,6,6,6,6,NA,NA,NA,NA,25/01/2024 08:02,0
25/01/2024 09:00,WIND,492301,1,HCM,1,62122,1011,190,6,190,12,806,6,6,6,6,6,NA,NA,NA,NA,25/01/2024 09:03,0
25/01/2024 10:00,WIND,492301,1,HCM,1,62122,1011,200,7,190,15,921,6,6,6,6,6,NA,NA,NA,NA,25/01/2024 10:02,0
25/01/2024 11:00,WIND,492301,1,HCM,1,62122,1011,190,6,210,14,1046,6,6,6,6,6,NA,NA,NA,NA,25/01/2024 11:02,0
25/01/2024 12:00,WIND,492301,1,HCM,1,62122,1011,190,8,190,14,1138,6,6,6,6,6,NA,NA,NA,NA,25/01/2024 12:02,0
25/01/2024 13:00,WIND,492301,1,HCM,1,62122,1011,190,7,180,15,1236,6,6,6,6,6,NA,NA,NA,NA,25/01/2024 13:02,0
25/01/2024 14:00,WIND,492301,1,HCM,1,62122,1011,190,8,180,16,1259,6,6,6,6,6,NA,NA,NA,NA,25/01/2024 14:02,0
25/01/2024 15:00,WIND,492301,1,HCM,1,62122,1011,200,8,180,16,1423,6,6,6,6,6,NA,NA,NA,NA,25/01/2024 15:02,0
25/01/2024 16:00,WIND,492301,1,HCM,1,62122,1011,190,9,180,16,1538,6,6,6,6,6,NA,NA,NA,NA,25/01/2024 16:02,0
25/01/2024 17:00,WIND,492301,1,HCM,1,62122,1011,170,7,180,15,1631,6,6,6,6,6,NA,NA,NA,NA,25/01/2024 17:02,0
25/01/2024 18:00,WIND,492301,1,HCM,1,62122,1011,180,8,190,16,1747,6,6,6,6,6,NA,NA,NA,NA,25/01/2024 18:02,0
25/01/2024 19:00,WIND,492301,1,HCM,1,62122,1011,180,8,170,15,1753,6,6,6,6,6,NA,NA,NA,NA,25/01/2024 19:02,0
25/01/2024 20:00,WIND,492301,1,HCM,1,62122,1011,180,8,150,16,1910,6,6,6,6,6,NA,NA,NA,NA,25/01/2024 20:02,0
25/01/2024 21:00,WIND,492301,1,HCM,1,62122,1011,190,10,170,18,2032,6,6,6,6,6,NA,NA,NA,NA,25/01/2024 21:02,0
25/01/2024 22:00,WIND,492301,1,HCM,1,62122,1011,180,11,190,19,2104,6,6,6,6,6,NA,NA,NA,NA,25/01/2024 22:02,0
25/01/2024 23:00,WIND,492301,1,HCM,1,62122,1011,190,11,200,20,2240,6,6,6,6,6,NA,NA,NA,NA,25/01/2024 23:02,0
26/01/2024 00:00,WIND,492301,1,HCM,1,62122,1011,190,13,200,25,2343,6,6,6,6,6,NA,NA,NA,NA,26/01/2024 00:03,0
26/01/2024 01:00,WIND,492301,1,HCM,1,62122,1011,200,14,200,25,25,6,6,6,6,6,NA,NA,NA,NA,26/01/2024 01:02,0
26/01/2024 02:00,WIND,492301,1,HCM,1,62122,1011,240,19,240,34,100,6,6,6,6,6,NA,NA,NA,NA,26/01/2024 02:02,0
26/01/2024 03:00,WIND,492301,1,HCM,1,62122,1011,230,18,230,34,216,6,6,6,6,6,NA,NA,NA,NA,26/01/2024 03:02,0
26/01/2024 04:00,WIND,492301,1,HCM,1,62122,1011,240,20,240,37,305,6,6,6,6,6,NA,NA,NA,NA,26/01/2024 04:02,0
26/01/2024 05:00,WIND,492301,1,HCM,1,62122,1011,250,17,270,30,429,6,6,6,6,6,NA,NA,NA,NA,26/01/2024 05:02,0
26/01/2024 06:00,WIND,492301,1,HCM,1,62122,1011,260,13,280,34,520,6,6,6,6,6,NA,NA,NA,NA,26/01/2024 06:03,0
26/01/2024 07:00,WIND,492301,1,HCM,1,62122,1011,260,11,240,21,609,6,6,6,6,6,NA,NA,NA,NA,26/01/2024 07:02,0
26/01/2024 08:00,WIND,492301,1,HCM,1,62122,1011,260,8,250,18,651,6,6,6,6,6,NA,NA,NA,NA,26/01/2024 08:02,0
26/01/2024 09:00,WIND,492301,1,HCM,1,62122,1011,250,7,260,16,806,6,6,6,6,6,NA,NA,NA,NA,26/01/2024 09:03,0
26/01/2024 10:00,WIND,492301,1,HCM,1,62122,1011,260,6,260,12,933,6,6,6,6,6,NA,NA,NA,NA,26/01/2024 10:02,0
26/01/2024 11:00,WIND,492301,1,HCM,1,62122,1011,250,8,260,14,1045,6,6,6,6,6,NA,NA,NA,NA,26/01/2024 11:02,0
26/01/2024 12:00,WIND,492301,1,HCM,1,62122,1011,250,10,250,17,1122,6,6,6,6,6,NA,NA,NA,NA,26/01/2024 12:02,0
26/01/2024 13:00,WIND,492301,1,HCM,1,62122,1011,250,9,230,17,1202,6,6,6,6,6,NA,NA,NA,NA,26/01/2024 13:02,0
26/01/2024 14:00,WIND,492301,1,HCM,1,62122,1011,250,9,240,19,1316,6,6,6,6,6,NA,NA,NA,NA,26/01/2024 14:02,0
26/01/2024 15:00,WIND,492301,1,HCM,1,62122,1011,240,9,230,15,1412,6,6,6,6,6,NA,NA,NA,NA,26/01/2024 15:02,0
26/01/2024 16:00,WIND,492301,1,HCM,1,62122,1011,240,10,230,17,1517,6,6,6,6,6,NA,NA,NA,NA,26/01/2024 16:02,0
26/01/2024 17:00,WIND,492301,1,HCM,1,62122,1011,230,8,240,16,1551,6,6,6,6,6,NA,NA,NA,NA,26/01/2024 17:02,0
26/01/2024 18:00,WIND,492301,1,HCM,1,62122,1011,230,7,240,13,1707,6,6,6,6,6,NA,NA,NA,NA,26/01/2024 18:02,0
26/01/2024 19:00,WIND,492301,1,HCM,1,62122,1011,220,6,210,12,1834,6,6,6,6,6,NA,NA,NA,NA,26/01/2024 19:02,0
26/01/2024 20:00,WIND,492301,1,HCM,1,62122,1011,210,7,220,12,1853,6,6,6,6,6,NA,NA,NA,NA,26/01/2024 20:02,0
26/01/2024 21:00,WIND,492301,1,HCM,1,62122,1011,210,7,210,11,2008,6,6,6,6,6,NA,NA,NA,NA,26/01/2024 21:03,0
26/01/2024 22:00,WIND,492301,1,HCM,1,62122,1011,210,6,220,11,2121,6,6,6,6,6,NA,NA,NA,NA,26/01/2024 22:02,0
26/01/2024 23:00,WIND,492301,1,HCM,1,62122,1011,210,7,210,12,2238,6,6,6,6,6,NA,NA,NA,NA,26/01/2024 23:02,0
27/01/2024 00:00,WIND,492301,1,HCM,1,62122,1011,200,6,220,11,2301,6,6,6,6,6,NA,NA,NA,NA,27/01/2024 00:03,0
27/01/2024 01:00,WIND,492301,1,HCM,1,62122,1011,100,4,200,7,2352,6,6,6,6,6,NA,NA,NA,NA,27/01/2024 01:02,0
27/01/2024 02:00,WIND,492301,1,HCM,1,62122,1011,140,3,170,6,146,6,6,6,6,6,NA,NA,NA,NA,27/01/2024 02:02,0
27/01/2024 03:00,WIND,492301,1,HCM,1,62122,1011,130,2,160,6,159,6,6,6,6,6,NA,NA,NA,NA,27/01/2024 03:02,0
27/01/2024 04:00,WIND,492301,1,HCM,1,62122,1011,70,2,80,4,348,6,6,6,6,6,NA,NA,NA,NA,27/01/2024 04:02,0
27/01/2024 05:00,WIND,492301,1,HCM,1,62122,1011,70,3,80,5,442,6,6,6,6,6,NA,NA,NA,NA,27/01/2024 05:02,0
27/01/2024 06:00,WIND,492301,1,HCM,1,62122,1011,120,3,110,5,513,6,6,6,6,6,NA,NA,NA,NA,27/01/2024 06:03,0
27/01/2024 07:00,WIND,492301,1,HCM,1,62122,1011,170,4,180,8,641,6,6,6,6,6,NA,NA,NA,NA,27/01/2024 07:02,0
27/01/2024 08:00,WIND,492301,1,HCM,1,62122,1011,180,4,180,7,703,6,6,6,6,6,NA,NA,NA,NA,27/01/2024 08:02,0
27/01/2024 09:00,WIND,492301,1,HCM,1,62122,1011,160,3,150,5,822,6,6,6,6,6,NA,NA,NA,NA,27/01/2024 09:03,0
27/01/2024 10:00,WIND,492301,1,HCM,1,62122,1011,170,4,170,7,948,6,6,6,6,6,NA,NA,NA,NA,27/01/2024 10:02,0
27/01/2024 11:00,WIND,492301,1,HCM,1,62122,1011,160,4,150,9,1033,6,6,6,6,6,NA,NA,NA,NA,27/01/2024 11:02,0
27/01/2024 12:00,WIND,492301,1,HCM,1,62122,1011,170,4,160,9,1142,6,6,6,6,6,NA,NA,NA,NA,27/01/2024 12:02,0
27/01/2024 13:00,WIND,492301,1,HCM,1,62122,1011,180,7,150,14,1234,6,6,6,6,6,NA,NA,NA,NA,27/01/2024 13:02,0
27/01/2024 14:00,WIND,492301,1,HCM,1,62122,1011,170,8,180,17,1342,6,6,6,6,6,NA,NA,NA,NA,27/01/2024 14:02,0
27/01/2024 15:00,WIND,492301,1,HCM,1,62122,1011,170,8,180,16,1422,6,6,6,6,6,NA,NA,NA,NA,27/01/2024 15:02,0
27/01/2024 16:00,WIND,492301,1,HCM,1,62122,1011,170,7,160,15,1525,6,6,6,6,6,NA,NA,NA,NA,27/01/2024 16:02,0
27/01/2024 17:00,WIND,492301,1,HCM,1,62122,1011,150,5,170,12,1554,6,6,6,6,6,NA,NA,NA,NA,27/01/2024 17:02,0
27/01/2024 18:00,WIND,492301,1,HCM,1,62122,1011,130,5,170,9,1748,6,6,6,6,6,NA,NA,NA,NA,27/01/2024 18:02,0
27/01/2024 19:00,WIND,492301,1,HCM,1,62122,1011,130,4,140,10,1800,6,6,6,6,6,NA,NA,NA,NA,27/01/2024 19:02,0
27/01/2024 20:00,WIND,492301,1,HCM,1,62122,1011,120,5,130,9,1939,6,6,6,6,6,NA,NA,NA,NA,27/01/2024 20:02,0
27/01/2024 21:00,WIND,492301,1,HCM,1,62122,1011,130,6,140,10,2032,6,6,6,6,6,NA,NA,NA,NA,27/01/2024 21:03,0
27/01/2024 22:00,WIND,492301,1,HCM,1,62122,1011,130,7,140,13,2108,6,6,6,6,6,NA,NA,NA,NA,27/01/2024 22:02,0
27/01/2024 23:00,WIND,492301,1,HCM,1,62122,1011,140,7,120,13,2248,6,6,6,6,6,NA,NA,NA,NA,27/01/2024 23:02,0
28/01/2024 00:00,WIND,492301,1,HCM,1,62122,1011,120,6,130,11,2306,6,6,6,6,6,NA,NA,NA,NA,28/01/2024 00:03,0
28/01/2024 01:00,WIND,492301,1,HCM,1,62122,1011,130,5,140,10,48,6,6,6,6,6,NA,NA,NA,NA,28/01/2024 01:02,0
28/01/2024 02:00,WIND,492301,1,HCM,1,62122,1011,150,4,150,9,50,6,6,6,6,6,NA,NA,NA,NA,28/01/2024 02:02,0
28/01/2024 03:00,WIND,492301,1,HCM,1,62122,1011,140,4,160,9,235,6,6,6,6,6,NA,NA,NA,NA,28/01/2024 03:02,0
28/01/2024 04:00,WIND,492301,1,HCM,1,62122,1011,140,3,130,10,254,6,6,6,6,6,NA,NA,NA,NA,28/01/2024 04:02,0
28/01/2024 05:00,WIND,492301,1,HCM,1,62122,1011,130,4,140,9,434,6,6,6,6,6,NA,NA,NA,NA,28/01/2024 05:02,0
28/01/2024 06:00,WIND,492301,1,HCM,1,62122,1011,130,4,130,7,547,6,6,6,6,6,NA,NA,NA,NA,28/01/2024 06:03,0
28/01/2024 07:00,WIND,492301,1,HCM,1,62122,1011,110,6,120,9,603,6,6,6,6,6,NA,NA,NA,NA,28/01/2024 07:02,0
28/01/2024 08:00,WIND,492301,1,HCM,1,62122,1011,120,6,140,11,725,6,6,6,6,6,NA,NA,NA,NA,28/01/2024 08:02,0
28/01/2024 09:00,WIND,492301,1,HCM,1,62122,1011,130,6,130,11,807,6,6,6,6,6,NA,NA,NA,NA,28/01/2024 09:03,0
28/01/2024 10:00,WIND,492301,1,HCM,1,62122,1011,140,6,140,12,853,6,6,6,6,6,NA,NA,NA,NA,28/01/2024 10:02,0
28/01/2024 11:00,WIND,492301,1,HCM,1,62122,1011,160,3,170,9,1041,6,6,6,6,6,NA,NA,NA,NA,28/01/2024 11:02,0
28/01/2024 12:00,WIND,492301,1,HCM,1,62122,1011,180,8,170,16,1130,6,6,6,6,6,NA,NA,NA,NA,28/01/2024 12:02,0
28/01/2024 13:00,WIND,492301,1,HCM,1,62122,1011,170,8,180,17,1247,6,6,6,6,6,NA,NA,NA,NA,28/01/2024 13:03,0
28/01/2024 14:00,WIND,492301,1,HCM,1,62122,1011,150,9,150,15,1332,6,6,6,6,6,NA,NA,NA,NA,28/01/2024 14:02,0
28/01/2024 15:00,WIND,492301,1,HCM,1,62122,1011,150,7,150,13,1409,6,6,6,6,6,NA,NA,NA,NA,28/01/2024 15:02,0
28/01/2024 16:00,WIND,492301,1,HCM,1,62122,1011,160,5,150,12,1453,6,6,6,6,6,NA,NA,NA,NA,28/01/2024 16:02,0
28/01/2024 17:00,WIND,492301,1,HCM,1,62122,1011,190,8,180,17,1646,6,6,6,6,6,NA,NA,NA,NA,28/01/2024 17:02,0
28/01/2024 18:00,WIND,492301,1,HCM,1,62122,1011,180,8,190,19,1651,6,6,6,6,6,NA,NA,NA,NA,28/01/2024 18:02,0
28/01/2024 19:00,WIND,492301,1,HCM,1,62122,1011,150,6,150,12,1835,6,6,6,6,6,NA,NA,NA,NA,28/01/2024 19:02,0
28/01/2024 20:00,WIND,492301,1,HCM,1,62122,1011,160,6,150,12,1910,6,6,6,6,6,NA,NA,NA,NA,28/01/2024 20:02,0
28/01/2024 21:00,WIND,492301,1,HCM,1,62122,1011,170,6,180,11,2032,6,6,6,6,6,NA,NA,NA,NA,28/01/2024 21:03,0
28/01/2024 22:00,WIND,492301,1,HCM,1,62122,1011,170,7,160,14,2058,6,6,6,6,6,NA,NA,NA,NA,28/01/2024 22:02,0
28/01/2024 23:00,WIND,492301,1,HCM,1,62122,1011,160,5,180,10,2154,6,6,6,6,6,NA,NA,NA,NA,28/01/2024 23:02,0
29/01/2024 00:00,WIND,492301,1,HCM,1,62122,1011,170,4,160,8,2333,6,6,6,6,6,NA,NA,NA,NA,29/01/2024 00:03,0
29/01/2024 01:00,WIND,492301,1,HCM,1,62122,1011,160,5,160,10,35,6,6,6,6,6,NA,NA,NA,NA,29/01/2024 01:02,0
29/01/2024 02:00,WIND,492301,1,HCM,1,62122,1011,170,5,160,9,112,6,6,6,6,6,NA,NA,NA,NA,29/01/2024 02:02,0
29/01/2024 03:00,WIND,492301,1,HCM,1,62122,1011,160,5,160,10,235,6,6,6,6,6,NA,NA,NA,NA,29/01/2024 03:02,0
29/01/2024 04:00,WIND,492301,1,HCM,1,62122,1011,160,6,140,11,324,6,6,6,6,6,NA,NA,NA,NA,29/01/2024 04:02,0
29/01/2024 05:00,WIND,492301,1,HCM,1,62122,1011,150,6,150,11,409,6,6,6,6,6,NA,NA,NA,NA,29/01/2024 05:02,0
29/01/2024 06:00,WIND,492301,1,HCM,1,62122,1011,160,6,150,11,527,6,6,6,6,6,NA,NA,NA,NA,29/01/2024 06:03,0
29/01/2024 07:00,WIND,492301,1,HCM,1,62122,1011,130,6,140,11,636,6,6,6,6,6,NA,NA,NA,NA,29/01/2024 07:02,0
29/01/2024 08:00,WIND,492301,1,HCM,1,62122,1011,140,6,160,11,739,6,6,6,6,6,NA,NA,NA,NA,29/01/2024 08:02,0
29/01/2024 09:00,WIND,492301,1,HCM,1,62122,1011,150,7,180,16,812,6,6,6,6,6,NA,NA,NA,NA,29/01/2024 09:03,0
29/01/2024 10:00,WIND,492301,1,HCM,1,62122,1011,130,8,120,14,945,6,6,6,6,6,NA,NA,NA,NA,29/01/2024 10:02,0
29/01/2024 11:00,WIND,492301,1,HCM,1,62122,1011,130,8,100,16,958,6,6,6,6,6,NA,NA,NA,NA,29/01/2024 11:02,0
29/01/2024 12:00,WIND,492301,1,HCM,1,62122,1011,160,10,160,21,1117,6,6,6,6,6,NA,NA,NA,NA,29/01/2024 12:02,0
29/01/2024 13:00,WIND,492301,1,HCM,1,62122,1011,170,11,190,22,1233,6,6,6,6,6,NA,NA,NA,NA,29/01/2024 13:02,0
29/01/2024 14:00,WIND,492301,1,HCM,1,62122,1011,170,9,180,18,1300,6,6,6,6,6,NA,NA,NA,NA,29/01/2024 14:02,0
29/01/2024 15:00,WIND,492301,1,HCM,1,62122,1011,170,7,150,14,1351,6,6,6,6,6,NA,NA,NA,NA,29/01/2024 15:02,0
29/01/2024 16:00,WIND,492301,1,HCM,1,62122,1011,150,7,160,15,1518,6,6,6,6,6,NA,NA,NA,NA,29/01/2024 16:02,0
29/01/2024 17:00,WIND,492301,1,HCM,1,62122,1011,140,5,140,10,1613,6,6,6,6,6,NA,NA,NA,NA,29/01/2024 17:02,0
29/01/2024 18:00,WIND,492301,1,HCM,1,62122,1011,130,6,130,11,1709,6,6,6,6,6,NA,NA,NA,NA,29/01/2024 18:02,0
29/01/2024 19:00,WIND,492301,1,HCM,1,62122,1011,130,5,100,11,1752,6,6,6,6,6,NA,NA,NA,NA,29/01/2024 19:02,0
29/01/2024 20:00,WIND,492301,1,HCM,1,62122,1011,170,8,170,17,1923,6,6,6,6,6,NA,NA,NA,NA,29/01/2024 20:02,0
29/01/2024 21:00,WIND,492301,1,HCM,1,62122,1011,180,10,190,23,2026,6,6,6,6,6,NA,NA,NA,NA,29/01/2024 21:02,0
29/01/2024 22:00,WIND,492301,1,HCM,1,62122,1011,190,8,190,16,2144,6,6,6,6,6,NA,NA,NA,NA,29/01/2024 22:02,0
29/01/2024 23:00,WIND,492301,1,HCM,1,62122,1011,180,12,190,24,2210,6,6,6,6,6,NA,NA,NA,NA,29/01/2024 23:02,0
30/01/2024 00:00,WIND,492301,1,HCM,1,62122,1011,190,9,200,18,2323,6,6,6,6,6,NA,NA,NA,NA,30/01/2024 00:03,0
30/01/2024 01:00,WIND,492301,1,HCM,1,62122,1011,190,7,190,13,6,6,6,6,6,6,NA,NA,NA,NA,30/01/2024 01:02,0
30/01/2024 02:00,WIND,492301,1,HCM,1,62122,1011,210,10,190,19,58,6,6,6,6,6,NA,NA,NA,NA,30/01/2024 02:02,0
30/01/2024 03:00,WIND,492301,1,HCM,1,62122,1011,230,12,250,22,239,6,6,6,6,6,NA,NA,NA,NA,30/01/2024 03:02,0
30/01/2024 04:00,WIND,492301,1,HCM,1,62122,1011,250,12,250,22,254,6,6,6,6,6,NA,NA,NA,NA,30/01/2024 04:03,0
30/01/2024 05:00,WIND,492301,1,HCM,1,62122,1011,250,11,240,19,350,6,6,6,6,6,NA,NA,NA,NA,30/01/2024 05:02,0
30/01/2024 06:00,WIND,492301,1,HCM,1,62122,1011,250,11,250,20,454,6,6,6,6,6,NA,NA,NA,NA,30/01/2024 06:03,0
30/01/2024 07:00,WIND,492301,1,HCM,1,62122,1011,250,9,250,16,626,6,6,6,6,6,NA,NA,NA,NA,30/01/2024 07:02,0
30/01/2024 08:00,WIND,492301,1,HCM,1,62122,1011,240,7,250,13,712,6,6,6,6,6,NA,NA,NA,NA,30/01/2024 08:02,0
30/01/2024 09:00,WIND,492301,1,HCM,1,62122,1011,240,8,240,13,814,6,6,6,6,6,NA,NA,NA,NA,30/01/2024 09:03,0
30/01/2024 10:00,WIND,492301,1,HCM,1,62122,1011,250,8,240,15,922,6,6,6,6,6,NA,NA,NA,NA,30/01/2024 10:02,0
30/01/2024 11:00,WIND,492301,1,HCM,1,62122,1011,250,7,250,12,1023,6,6,6,6,6,NA,NA,NA,NA,30/01/2024 11:02,0
30/01/2024 12:00,WIND,492301,1,HCM,1,62122,1011,270,6,260,11,1059,6,6,6,6,6,NA,NA,NA,NA,30/01/2024 12:02,0
30/01/2024 13:00,WIND,492301,1,HCM,1,62122,1011,310,6,310,12,1207,6,6,6,6,6,NA,NA,NA,NA,30/01/2024 13:02,0
30/01/2024 14:00,WIND,492301,1,HCM,1,62122,1011,310,5,310,11,1314,6,6,6,6,6,NA,NA,NA,NA,30/01/2024 14:02,0
30/01/2024 15:00,WIND,492301,1,HCM,1,62122,1011,310,4,300,8,1448,6,6,6,6,6,NA,NA,NA,NA,30/01/2024 15:02,0
30/01/2024 16:00,WIND,492301,1,HCM,1,62122,1011,320,4,310,7,1515,6,6,6,6,6,NA,NA,NA,NA,30/01/2024 16:02,0
30/01/2024 17:00,WIND,492301,1,HCM,1,62122,1011,320,2,300,4,1550,6,6,6,6,6,NA,NA,NA,NA,30/01/2024 17:02,0
30/01/2024 18:00,WIND,492301,1,HCM,1,62122,1011,350,2,10,5,1721,6,6,6,6,6,NA,NA,NA,NA,30/01/2024 18:02,0
30/01/2024 19:00,WIND,492301,1,HCM,1,62122,1011,260,2,250,4,1843,6,6,6,6,6,NA,NA,NA,NA,30/01/2024 19:02,0
30/01/2024 20:00,WIND,492301,1,HCM,1,62122,1011,240,3,240,6,1948,6,6,6,6,6,NA,NA,NA,NA,30/01/2024 20:02,0
30/01/2024 21:00,WIND,492301,1,HCM,1,62122,1011,210,3,240,6,1953,6,6,6,6,6,NA,NA,NA,NA,30/01/2024 21:03,0
30/01/2024 22:00,WIND,492301,1,HCM,1,62122,1011,210,2,180,4,2111,6,6,6,6,6,NA,NA,NA,NA,30/01/2024 22:02,0
30/01/2024 23:00,WIND,492301,1,HCM,1,62122,1011,200,3,220,4,2248,6,6,6,6,6,NA,NA,NA,NA,30/01/2024 23:02,0
31/01/2024 00:00,WIND,492301,1,HCM,1,62122,1011,230,3,220,6,2309,6,6,6,6,6,NA,NA,NA,NA,31/01/2024 00:03,0
31/01/2024 01:00,WIND,492301,1,HCM,1,62122,1011,200,4,190,7,12,6,6,6,6,6,NA,NA,NA,NA,31/01/2024 01:02,0
31/01/2024 02:00,WIND,492301,1,HCM,1,62122,1011,200,4,210,8,125,6,6,6,6,6,NA,NA,NA,NA,31/01/2024 02:02,0
31/01/2024 03:00,WIND,492301,1,HCM,1,62122,1011,190,3,190,7,151,6,6,6,6,6,NA,NA,NA,NA,31/01/2024 03:02,0
31/01/2024 04:00,WIND,492301,1,HCM,1,62122,1011,190,3,190,4,334,6,6,6,6,6,NA,NA,NA,NA,31/01/2024 04:02,0
31/01/2024 05:00,WIND,492301,1,HCM,1,62122,1011,190,5,200,10,448,6,6,6,6,6,NA,NA,NA,NA,31/01/2024 05:02,0
31/01/2024 06:00,WIND,492301,1,HCM,1,62122,1011,190,6,190,11,520,6,6,6,6,6,NA,NA,NA,NA,31/01/2024 06:03,0
31/01/2024 07:00,WIND,492301,1,HCM,1,62122,1011,190,5,180,9,637,6,6,6,6,6,NA,NA,NA,NA,31/01/2024 07:02,0
31/01/2024 08:00,WIND,492301,1,HCM,1,62122,1011,210,7,210,15,742,6,6,6,6,6,NA,NA,NA,NA,31/01/2024 08:02,0
31/01/2024 09:00,WIND,492301,1,HCM,1,62122,1011,190,8,210,16,816,6,6,6,6,6,NA,NA,NA,NA,31/01/2024 09:03,0
31/01/2024 10:00,WIND,492301,1,HCM,1,62122,1011,180,8,190,14,913,6,6,6,6,6,NA,NA,NA,NA,31/01/2024 10:02,0
31/01/2024 11:00,WIND,492301,1,HCM,1,62122,1011,200,10,200,20,1047,6,6,6,6,6,NA,NA,NA,NA,31/01/2024 11:02,0
31/01/2024 12:00,WIND,492301,1,HCM,1,62122,1011,200,11,220,21,1125,6,6,6,6,6,NA,NA,NA,NA,31/01/2024 12:02,0
31/01/2024 13:00,WIND,492301,1,HCM,1,62122,1011,200,11,200,21,1223,6,6,6,6,6,NA,NA,NA,NA,31/01/2024 13:02,0
31/01/2024 14:00,WIND,492301,1,HCM,1,62122,1011,200,11,190,24,1343,6,6,6,6,6,NA,NA,NA,NA,31/01/2024 14:02,0
31/01/2024 15:00,WIND,492301,1,HCM,1,62122,1011,210,13,210,23,1357,6,6,6,6,6,NA,NA,NA,NA,31/01/2024 15:02,0
31/01/2024 16:00,WIND,492301,1,HCM,1,62122,1011,220,11,220,19,1540,6,6,6,6,6,NA,NA,NA,NA,31/01/2024 16:02,0
31/01/2024 17:00,WIND,492301,1,HCM,1,62122,1011,230,12,230,22,1630,6,6,6,6,6,NA,NA,NA,NA,31/01/2024 17:02,0
31/01/2024 18:00,WIND,492301,1,HCM,1,62122,1011,240,17,240,32,1715,6,6,6,6,6,NA,NA,NA,NA,31/01/2024 18:02,0
31/01/2024 19:00,WIND,492301,1,HCM,1,62122,1011,240,18,250,30,1832,6,6,6,6,6,NA,NA,NA,NA,31/01/2024 19:02,0
31/01/2024 20:00,WIND,492301,1,HCM,1,62122,1011,240,17,240,31,1923,6,6,6,6,6,NA,NA,NA,NA,31/01/2024 20:02,0
31/01/2024 21:00,WIND,492301,1,HCM,1,62122,1011,240,17,240,29,2003,6,6,6,6,6,NA,NA,NA,NA,31/01/2024 21:03,0
31/01/2024 22:00,WIND,492301,1,HCM,1,62122,1011,240,14,240,25,2101,6,6,6,6,6,NA,NA,NA,NA,31/01/2024 22:02,0
31/01/2024 23:00,WIND,492301,1,HCM,1,62122,1011,240,12,250,22,2203,6,6,6,6,6,NA,NA,NA,NA,31/01/2024 23:02,0
01/02/2024 00:00,WIND,492301,1,HCM,1,62122,1011,250,11,250,18,2306,6,6,6,6,6,NA,NA,NA,NA,01/02/2024 00:03,0
01/02/2024 01:00,WIND,492301,1,HCM,1,62122,1011,290,4,260,12,2350,6,6,6,6,6,NA,NA,NA,NA,01/02/2024 01:02,0
01/02/2024 02:00,WIND,492301,1,HCM,1,62122,1011,330,5,340,12,126,6,6,6,6,6,NA,NA,NA,NA,01/02/2024 02:02,0
01/02/2024 03:00,WIND,492301,1,HCM,1,62122,1011,320,2,350,7,247,6,6,6,6,6,NA,NA,NA,NA,01/02/2024 03:02,0
01/02/2024 04:00,WIND,492301,1,HCM,1,62122,1011,300,3,290,8,250,6,6,6,6,6,NA,NA,NA,NA,01/02/2024 04:02,0
01/02/2024 05:00,WIND,492301,1,HCM,1,62122,1011,290,3,310,5,443,6,6,6,6,6,NA,NA,NA,NA,01/02/2024 05:02,0
01/02/2024 06:00,WIND,492301,1,HCM,1,62122,1011,260,3,270,5,456,6,6,6,6,6,NA,NA,NA,NA,01/02/2024 06:03,0
01/02/2024 07:00,WIND,492301,1,HCM,1,62122,1011,250,3,250,6,620,6,6,6,6,6,NA,NA,NA,NA,01/02/2024 07:02,0
01/02/2024 08:00,WIND,492301,1,HCM,1,62122,1011,260,4,250,8,725,6,6,6,6,6,NA,NA,NA,NA,01/02/2024 08:02,0
01/02/2024 09:00,WIND,492301,1,HCM,1,62122,1011,230,2,250,5,756,6,6,6,6,6,NA,NA,NA,NA,01/02/2024 09:03,0
01/02/2024 10:00,WIND,492301,1,HCM,1,62122,1011,180,2,160,5,942,6,6,6,6,6,NA,NA,NA,NA,01/02/2024 10:02,0
01/02/2024 11:00,WIND,492301,1,HCM,1,62122,1011,230,4,240,8,1036,6,6,6,6,6,NA,NA,NA,NA,01/02/2024 11:02,0
01/02/2024 12:00,WIND,492301,1,HCM,1,62122,1011,240,5,250,8,1053,6,6,6,6,6,NA,NA,NA,NA,01/02/2024 12:02,0
01/02/2024 13:00,WIND,492301,1,HCM,1,62122,1011,240,4,260,7,1238,6,6,6,6,6,NA,NA,NA,NA,01/02/2024 13:02,0
01/02/2024 14:00,WIND,492301,1,HCM,1,62122,1011,250,5,250,9,1255,6,6,6,6,6,NA,NA,NA,NA,01/02/2024 14:02,0
01/02/2024 15:00,WIND,492301,1,HCM,1,62122,1011,210,6,220,11,1414,6,6,6,6,6,NA,NA,NA,NA,01/02/2024 15:02,0
01/02/2024 16:00,WIND,492301,1,HCM,1,62122,1011,230,6,230,11,1528,6,6,6,6,6,NA,NA,NA,NA,01/02/2024 16:02,0
01/02/2024 17:00,WIND,492301,1,HCM,1,62122,1011,230,6,230,12,1645,6,6,6,6,6,NA,NA,NA,NA,01/02/2024 17:02,0
01/02/2024 18:00,WIND,492301,1,HCM,1,62122,1011,220,7,220,12,1700,6,6,6,6,6,NA,NA,NA,NA,01/02/2024 18:02,0
01/02/2024 19:00,WIND,492301,1,HCM,1,62122,1011,220,7,240,13,1829,6,6,6,6,6,NA,NA,NA,NA,01/02/2024 19:02,0
01/02/2024 20:00,WIND,492301,1,HCM,1,62122,1011,220,8,230,14,1932,6,6,6,6,6,NA,NA,NA,NA,01/02/2024 20:02,0
01/02/2024 21:00,WIND,492301,1,HCM,1,62122,1011,210,8,230,16,2012,6,6,6,6,6,NA,NA,NA,NA,01/02/2024 21:03,0
01/02/2024 22:00,WIND,492301,1,HCM,1,62122,1011,210,7,220,15,2144,6,6,6,6,6,NA,NA,NA,NA,01/02/2024 22:02,0
01/02/2024 23:00,WIND,492301,1,HCM,1,62122,1011,220,8,220,16,2239,6,6,6,6,6,NA,NA,NA,NA,01/02/2024 23:02,0
02/02/2024 00:00,WIND,492301,1,HCM,1,62122,1011,240,11,240,23,2323,6,6,6,6,6,NA,NA,NA,NA,02/02/2024 00:03,0
02/02/2024 01:00,WIND,492301,1,HCM,1,62122,1011,230,9,240,16,0,6,6,6,6,6,NA,NA,NA,NA,02/02/2024 01:02,0
02/02/2024 02:00,WIND,492301,1,HCM,1,62122,1011,230,10,220,16,136,6,6,6,6,6,NA,NA,NA,NA,02/02/2024 02:02,0
02/02/2024 03:00,WIND,492301,1,HCM,1,62122,1011,210,9,230,15,239,6,6,6,6,6,NA,NA,NA,NA,02/02/2024 03:02,0
02/02/2024 04:00,WIND,492301,1,HCM,1,62122,1011,210,7,220,13,258,6,6,6,6,6,NA,NA,NA,NA,02/02/2024 04:02,0
02/02/2024 05:00,WIND,492301,1,HCM,1,62122,1011,200,8,220,18,449,6,6,6,6,6,NA,NA,NA,NA,02/02/2024 05:02,0
02/02/2024 06:00,WIND,492301,1,HCM,1,62122,1011,210,11,230,20,547,6,6,6,6,6,NA,NA,NA,NA,02/02/2024 06:03,0
02/02/2024 07:00,WIND,492301,1,HCM,1,62122,1011,220,12,240,23,632,6,6,6,6,6,NA,NA,NA,NA,02/02/2024 07:02,0
02/02/2024 08:00,WIND,492301,1,HCM,1,62122,1011,220,12,240,22,700,6,6,6,6,6,NA,NA,NA,NA,02/02/2024 08:02,0
02/02/2024 09:00,WIND,492301,1,HCM,1,62122,1011,230,14,240,25,754,6,6,6,6,6,NA,NA,NA,NA,02/02/2024 09:03,0
02/02/2024 10:00,WIND,492301,1,HCM,1,62122,1011,230,14,240,24,913,6,6,6,6,6,NA,NA,NA,NA,02/02/2024 10:02,0
02/02/2024 11:00,WIND,492301,1,HCM,1,62122,1011,240,14,230,30,1044,6,6,6,6,6,NA,NA,NA,NA,02/02/2024 11:02,0
02/02/2024 12:00,WIND,492301,1,HCM,1,62122,1011,240,19,240,32,1127,6,6,6,6,6,NA,NA,NA,NA,02/02/2024 12:02,0
02/02/2024 13:00,WIND,492301,1,HCM,1,62122,1011,240,16,230,26,1212,6,6,6,6,6,NA,NA,NA,NA,02/02/2024 13:02,0
02/02/2024 14:00,WIND,492301,1,HCM,1,62122,1011,240,14,250,26,1252,6,6,6,6,6,NA,NA,NA,NA,02/02/2024 14:02,0
02/02/2024 15:00,WIND,492301,1,HCM,1,62122,1011,230,12,260,23,1400,6,6,6,6,6,NA,NA,NA,NA,02/02/2024 15:02,0
02/02/2024 16:00,WIND,492301,1,HCM,1,62122,1011,240,12,240,25,1544,6,6,6,6,6,NA,NA,NA,NA,02/02/2024 16:02,0
02/02/2024 17:00,WIND,492301,1,HCM,1,62122,1011,240,15,240,24,1645,6,6,6,6,6,NA,NA,NA,NA,02/02/2024 17:02,0
02/02/2024 18:00,WIND,492301,1,HCM,1,62122,1011,240,17,250,28,1735,6,6,6,6,6,NA,NA,NA,NA,02/02/2024 18:02,0
02/02/2024 19:00,WIND,492301,1,HCM,1,62122,1011,240,16,250,26,1758,6,6,6,6,6,NA,NA,NA,NA,02/02/2024 19:02,0
02/02/2024 20:00,WIND,492301,1,HCM,1,62122,1011,240,16,230,27,1935,6,6,6,6,6,NA,NA,NA,NA,02/02/2024 20:02,0
02/02/2024 21:00,WIND,492301,1,HCM,1,62122,1011,240,16,250,27,2008,6,6,6,6,6,NA,NA,NA,NA,02/02/2024 21:03,0
02/02/2024 22:00,WIND,492301,1,HCM,1,62122,1011,240,15,230,26,2056,6,6,6,6,6,NA,NA,NA,NA,02/02/2024 22:02,0
02/02/2024 23:00,WIND,492301,1,HCM,1,62122,1011,240,13,230,21,2154,6,6,6,6,6,NA,NA,NA,NA,02/02/2024 23:02,0
03/02/2024 00:00,WIND,492301,1,HCM,1,62122,1011,240,12,250,22,2257,6,6,6,6,6,NA,NA,NA,NA,03/02/2024 00:03,0
03/02/2024 01:00,WIND,492301,1,HCM,1,62122,1011,240,12,240,21,13,6,6,6,6,6,NA,NA,NA,NA,03/02/2024 01:02,0
03/02/2024 02:00,WIND,492301,1,HCM,1,62122,1011,240,14,230,24,110,6,6,6,6,6,NA,NA,NA,NA,03/02/2024 02:02,0
03/02/2024 03:00,WIND,492301,1,HCM,1,62122,1011,240,13,250,24,152,6,6,6,6,6,NA,NA,NA,NA,03/02/2024 03:02,0
03/02/2024 04:00,WIND,492301,1,HCM,1,62122,1011,240,12,240,20,301,6,6,6,6,6,NA,NA,NA,NA,03/02/2024 04:02,0
03/02/2024 05:00,WIND,492301,1,HCM,1,62122,1011,240,12,240,22,439,6,6,6,6,6,NA,NA,NA,NA,03/02/2024 05:02,0
03/02/2024 06:00,WIND,492301,1,HCM,1,62122,1011,240,12,240,22,514,6,6,6,6,6,NA,NA,NA,NA,03/02/2024 06:03,0
03/02/2024 07:00,WIND,492301,1,HCM,1,62122,1011,240,13,220,21,645,6,6,6,6,6,NA,NA,NA,NA,03/02/2024 07:02,0
03/02/2024 08:00,WIND,492301,1,HCM,1,62122,1011,240,14,250,21,703,6,6,6,6,6,NA,NA,NA,NA,03/02/2024 08:02,0
03/02/2024 09:00,WIND,492301,1,HCM,1,62122,1011,240,15,250,24,846,6,6,6,6,6,NA,NA,NA,NA,03/02/2024 09:03,0
03/02/2024 10:00,WIND,492301,1,HCM,1,62122,1011,240,13,240,25,851,6,6,6,6,6,NA,NA,NA,NA,03/02/2024 10:02,0
03/02/2024 11:00,WIND,492301,1,HCM,1,62122,1011,240,11,230,18,950,6,6,6,6,6,NA,NA,NA,NA,03/02/2024 11:02,0
03/02/2024 12:00,WIND,492301,1,HCM,1,62122,1011,240,11,240,19,1118,6,6,6,6,6,NA,NA,NA,NA,03/02/2024 12:02,0
03/02/2024 13:00,WIND,492301,1,HCM,1,62122,1011,240,12,250,21,1229,6,6,6,6,6,NA,NA,NA,NA,03/02/2024 13:02,0
03/02/2024 14:00,WIND,492301,1,HCM,1,62122,1011,240,12,240,22,1255,6,6,6,6,6,NA,NA,NA,NA,03/02/2024 14:02,0
03/02/2024 15:00,WIND,492301,1,HCM,1,62122,1011,240,13,240,23,1430,6,6,6,6,6,NA,NA,NA,NA,03/02/2024 15:02,0
03/02/2024 16:00,WIND,492301,1,HCM,1,62122,1011,240,15,250,25,1535,6,6,6,6,6,NA,NA,NA,NA,03/02/2024 16:02,0
03/02/2024 17:00,WIND,492301,1,HCM,1,62122,1011,240,14,250,24,1621,6,6,6,6,6,NA,NA,NA,NA,03/02/2024 17:07,0
03/02/2024 18:00,WIND,492301,1,HCM,1,62122,1011,240,16,250,26,1709,6,6,6,6,6,NA,NA,NA,NA,03/02/2024 18:02,0
03/02/2024 19:00,WIND,492301,1,HCM,1,62122,1011,240,16,230,25,1815,6,6,6,6,6,NA,NA,NA,NA,03/02/2024 19:02,0
03/02/2024 20:00,WIND,492301,1,HCM,1,62122,1011,240,17,250,26,1917,6,6,6,6,6,NA,NA,NA,NA,03/02/2024 20:02,0
03/02/2024 21:00,WIND,492301,1,HCM,1,62122,1011,240,13,240,24,1950,6,6,6,6,6,NA,NA,NA,NA,03/02/2024 21:03,0
03/02/2024 22:00,WIND,492301,1,HCM,1,62122,1011,240,13,250,20,2105,6,6,6,6,6,NA,NA,NA,NA,03/02/2024 22:02,0
03/02/2024 23:00,WIND,492301,1,HCM,1,62122,1011,240,12,250,21,2153,6,6,6,6,6,NA,NA,NA,NA,03/02/2024 23:02,0
04/02/2024 00:00,WIND,492301,1,HCM,1,62122,1011,240,12,240,20,2252,6,6,6,6,6,NA,NA,NA,NA,04/02/2024 00:03,0
04/02/2024 01:00,WIND,492301,1,HCM,1,62122,1011,250,11,240,19,9,6,6,6,6,6,NA,NA,NA,NA,04/02/2024 01:02,0
04/02/2024 02:00,WIND,492301,1,HCM,1,62122,1011,240,14,250,26,127,6,6,6,6,6,NA,NA,NA,NA,04/02/2024 02:02,0
04/02/2024 03:00,WIND,492301,1,HCM,1,62122,1011,240,17,240,28,226,6,6,6,6,6,NA,NA,NA,NA,04/02/2024 03:02,0
04/02/2024 04:00,WIND,492301,1,HCM,1,62122,1011,240,16,240,27,315,6,6,6,6,6,NA,NA,NA,NA,04/02/2024 04:02,0
04/02/2024 05:00,WIND,492301,1,HCM,1,62122,1011,240,17,240,29,431,6,6,6,6,6,NA,NA,NA,NA,04/02/2024 05:02,0
04/02/2024 06:00,WIND,492301,1,HCM,1,62122,1011,250,16,260,30,525,6,6,6,6,6,NA,NA,NA,NA,04/02/2024 06:03,0
04/02/2024 07:00,WIND,492301,1,HCM,1,62122,1011,240,15,250,29,630,6,6,6,6,6,NA,NA,NA,NA,04/02/2024 07:02,0
04/02/2024 08:00,WIND,492301,1,HCM,1,62122,1011,240,18,230,31,731,6,6,6,6,6,NA,NA,NA,NA,04/02/2024 08:02,0
04/02/2024 09:00,WIND,492301,1,HCM,1,62122,1011,240,16,230,30,817,6,6,6,6,6,NA,NA,NA,NA,04/02/2024 09:03,0
04/02/2024 10:00,WIND,492301,1,HCM,1,62122,1011,240,15,240,27,938,6,6,6,6,6,NA,NA,NA,NA,04/02/2024 10:02,0
04/02/2024 11:00,WIND,492301,1,HCM,1,62122,1011,240,17,250,32,1021,6,6,6,6,6,NA,NA,NA,NA,04/02/2024 11:02,0
04/02/2024 12:00,WIND,492301,1,HCM,1,62122,1011,240,19,240,36,1146,6,6,6,6,6,NA,NA,NA,NA,04/02/2024 12:02,0
04/02/2024 13:00,WIND,492301,1,HCM,1,62122,1011,240,21,240,36,1152,6,6,6,6,6,NA,NA,NA,NA,04/02/2024 13:02,0
04/02/2024 14:00,WIND,492301,1,HCM,1,62122,1011,240,20,230,32,1253,6,6,6,6,6,NA,NA,NA,NA,04/02/2024 14:02,0
04/02/2024 15:00,WIND,492301,1,HCM,1,62122,1011,240,19,250,35,1358,6,6,6,6,6,NA,NA,NA,NA,04/02/2024 15:02,0
04/02/2024 16:00,WIND,492301,1,HCM,1,62122,1011,240,15,250,29,1508,6,6,6,6,6,NA,NA,NA,NA,04/02/2024 16:02,0
04/02/2024 17:00,WIND,492301,1,HCM,1,62122,1011,240,15,250,25,1641,6,6,6,6,6,NA,NA,NA,NA,04/02/2024 17:02,0
04/02/2024 18:00,WIND,492301,1,HCM,1,62122,1011,240,16,260,27,1749,6,6,6,6,6,NA,NA,NA,NA,04/02/2024 18:02,0
04/02/2024 19:00,WIND,492301,1,HCM,1,62122,1011,240,18,240,28,1811,6,6,6,6,6,NA,NA,NA,NA,04/02/2024 19:02,0
04/02/2024 20:00,WIND,492301,1,HCM,1,62122,1011,250,16,240,30,1857,6,6,6,6,6,NA,NA,NA,NA,04/02/2024 20:02,0
04/02/2024 21:00,WIND,492301,1,HCM,1,62122,1011,250,17,250,27,2015,6,6,6,6,6,NA,NA,NA,NA,04/02/2024 21:03,0
04/02/2024 22:00,WIND,492301,1,HCM,1,62122,1011,240,14,240,27,2122,6,6,6,6,6,NA,NA,NA,NA,04/02/2024 22:02,0
04/02/2024 23:00,WIND,492301,1,HCM,1,62122,1011,250,13,250,24,2228,6,6,6,6,6,NA,NA,NA,NA,04/02/2024 23:02,0
05/02/2024 00:00,WIND,492301,1,HCM,1,62122,1011,250,15,240,24,2319,6,6,6,6,6,NA,NA,NA,NA,05/02/2024 00:03,0
05/02/2024 01:00,WIND,492301,1,HCM,1,62122,1011,240,15,230,31,32,6,6,6,6,6,NA,NA,NA,NA,05/02/2024 01:02,0
05/02/2024 02:00,WIND,492301,1,HCM,1,62122,1011,250,14,230,28,51,6,6,6,6,6,NA,NA,NA,NA,05/02/2024 02:02,0
05/02/2024 03:00,WIND,492301,1,HCM,1,62122,1011,240,12,240,22,243,6,6,6,6,6,NA,NA,NA,NA,05/02/2024 03:02,0
05/02/2024 04:00,WIND,492301,1,HCM,1,62122,1011,240,16,250,25,339,6,6,6,6,6,NA,NA,NA,NA,05/02/2024 04:02,0
05/02/2024 05:00,WIND,492301,1,HCM,1,62122,1011,240,17,240,30,350,6,6,6,6,6,NA,NA,NA,NA,05/02/2024 05:02,0
05/02/2024 06:00,WIND,492301,1,HCM,1,62122,1011,230,16,220,29,518,6,6,6,6,6,NA,NA,NA,NA,05/02/2024 06:03,0
05/02/2024 07:00,WIND,492301,1,HCM,1,62122,1011,230,15,220,27,615,6,6,6,6,6,NA,NA,NA,NA,05/02/2024 07:02,0
05/02/2024 08:00,WIND,492301,1,HCM,1,62122,1011,220,13,220,24,736,6,6,6,6,6,NA,NA,NA,NA,05/02/2024 08:02,0
05/02/2024 09:00,WIND,492301,1,HCM,1,62122,1011,220,13,230,22,838,6,6,6,6,6,NA,NA,NA,NA,05/02/2024 09:03,0
05/02/2024 10:00,WIND,492301,1,HCM,1,62122,1011,230,13,240,23,917,6,6,6,6,6,NA,NA,NA,NA,05/02/2024 10:02,0
05/02/2024 11:00,WIND,492301,1,HCM,1,62122,1011,230,13,230,24,1023,6,6,6,6,6,NA,NA,NA,NA,05/02/2024 11:02,0
05/02/2024 12:00,WIND,492301,1,HCM,1,62122,1011,230,15,220,29,1147,6,6,6,6,6,NA,NA,NA,NA,05/02/2024 12:02,0
05/02/2024 13:00,WIND,492301,1,HCM,1,62122,1011,240,19,240,34,1214,6,6,6,6,6,NA,NA,NA,NA,05/02/2024 13:02,0
05/02/2024 14:00,WIND,492301,1,HCM,1,62122,1011,230,16,230,27,1305,6,6,6,6,6,NA,NA,NA,NA,05/02/2024 14:02,0
05/02/2024 15:00,WIND,492301,1,HCM,1,62122,1011,230,18,240,32,1448,6,6,6,6,6,NA,NA,NA,NA,05/02/2024 15:02,0
05/02/2024 16:00,WIND,492301,1,HCM,1,62122,1011,240,18,240,35,1540,6,6,6,6,6,NA,NA,NA,NA,05/02/2024 16:02,0
05/02/2024 17:00,WIND,492301,1,HCM,1,62122,1011,230,16,220,26,1623,6,6,6,6,6,NA,NA,NA,NA,05/02/2024 17:02,0
05/02/2024 18:00,WIND,492301,1,HCM,1,62122,1011,230,15,220,26,1742,6,6,6,6,6,NA,NA,NA,NA,05/02/2024 18:02,0
05/02/2024 19:00,WIND,492301,1,HCM,1,62122,1011,230,17,220,33,1757,6,6,6,6,6,NA,NA,NA,NA,05/02/2024 19:02,0
05/02/2024 20:00,WIND,492301,1,HCM,1,62122,1011,230,17,240,31,1900,6,6,6,6,6,NA,NA,NA,NA,05/02/2024 20:02,0
05/02/2024 21:00,WIND,492301,1,HCM,1,62122,1011,240,18,250,34,2005,6,6,6,6,6,NA,NA,NA,NA,05/02/2024 21:02,0
05/02/2024 22:00,WIND,492301,1,HCM,1,62122,1011,230,17,230,29,2122,6,6,6,6,6,NA,NA,NA,NA,05/02/2024 22:02,0
05/02/2024 23:00,WIND,492301,1,HCM,1,62122,1011,240,19,250,35,2235,6,6,6,6,6,NA,NA,NA,NA,05/02/2024 23:02,0
06/02/2024 00:00,WIND,492301,1,HCM,1,62122,1011,240,18,250,34,2316,6,6,6,6,6,NA,NA,NA,NA,06/02/2024 00:03,0
06/02/2024 01:00,WIND,492301,1,HCM,1,62122,1011,230,16,230,28,2351,6,6,6,6,6,NA,NA,NA,NA,06/02/2024 01:02,0
06/02/2024 02:00,WIND,492301,1,HCM,1,62122,1011,230,17,250,33,50,6,6,6,6,6,NA,NA,NA,NA,06/02/2024 02:02,0
06/02/2024 03:00,WIND,492301,1,HCM,1,62122,1011,230,17,240,31,234,6,6,6,6,6,NA,NA,NA,NA,06/02/2024 03:02,0
06/02/2024 04:00,WIND,492301,1,HCM,1,62122,1011,230,17,230,34,329,6,6,6,6,6,NA,NA,NA,NA,06/02/2024 04:02,0
06/02/2024 05:00,WIND,492301,1,HCM,1,62122,1011,230,18,240,31,431,6,6,6,6,6,NA,NA,NA,NA,06/02/2024 05:02,0
06/02/2024 06:00,WIND,492301,1,HCM,1,62122,1011,230,18,240,34,547,6,6,6,6,6,NA,NA,NA,NA,06/02/2024 06:03,0
06/02/2024 07:00,WIND,492301,1,HCM,1,62122,1011,230,18,250,31,630,6,6,6,6,6,NA,NA,NA,NA,06/02/2024 07:02,0
06/02/2024 08:00,WIND,492301,1,HCM,1,62122,1011,230,16,250,29,739,6,6,6,6,6,NA,NA,NA,NA,06/02/2024 08:02,0
06/02/2024 09:00,WIND,492301,1,HCM,1,62122,1011,230,17,220,30,805,6,6,6,6,6,NA,NA,NA,NA,06/02/2024 09:03,0
06/02/2024 10:00,WIND,492301,1,HCM,1,62122,1011,230,17,250,30,941,6,6,6,6,6,NA,NA,NA,NA,06/02/2024 10:02,0
06/02/2024 11:00,WIND,492301,1,HCM,1,62122,1011,230,14,230,28,1036,6,6,6,6,6,NA,NA,NA,NA,06/02/2024 11:02,0
06/02/2024 12:00,WIND,492301,1,HCM,1,62122,1011,230,18,240,33,1122,6,6,6,6,6,NA,NA,NA,NA,06/02/2024 12:02,0
06/02/2024 13:00,WIND,492301,1,HCM,1,62122,1011,230,17,220,30,1220,6,6,6,6,6,NA,NA,NA,NA,06/02/2024 13:02,0
06/02/2024 14:00,WIND,492301,1,HCM,1,62122,1011,230,17,240,33,1307,6,6,6,6,6,NA,NA,NA,NA,06/02/2024 14:02,0
06/02/2024 15:00,WIND,492301,1,HCM,1,62122,1011,230,17,220,32,1405,6,6,6,6,6,NA,NA,NA,NA,06/02/2024 15:02,0
06/02/2024 16:00,WIND,492301,1,HCM,1,62122,1011,230,17,230,31,1525,6,6,6,6,6,NA,NA,NA,NA,06/02/2024 16:02,0
06/02/2024 17:00,WIND,492301,1,HCM,1,62122,1011,230,16,220,27,1551,6,6,6,6,6,NA,NA,NA,NA,06/02/2024 17:02,0
06/02/2024 18:00,WIND,492301,1,HCM,1,62122,1011,220,14,230,25,1658,6,6,6,6,6,NA,NA,NA,NA,06/02/2024 18:02,0
06/02/2024 19:00,WIND,492301,1,HCM,1,62122,1011,230,17,250,34,1845,6,6,6,6,6,NA,NA,NA,NA,06/02/2024 19:02,0
06/02/2024 20:00,WIND,492301,1,HCM,1,62122,1011,230,17,220,32,1857,6,6,6,6,6,NA,NA,NA,NA,06/02/2024 20:02,0
06/02/2024 21:00,WIND,492301,1,HCM,1,62122,1011,230,16,220,28,2007,6,6,6,6,6,NA,NA,NA,NA,06/02/2024 21:03,0
06/02/2024 22:00,WIND,492301,1,HCM,1,62122,1011,250,16,250,29,2105,6,6,6,6,6,NA,NA,NA,NA,06/02/2024 22:02,0
06/02/2024 23:00,WIND,492301,1,HCM,1,62122,1011,360,10,360,21,2214,6,6,6,6,6,NA,NA,NA,NA,06/02/2024 23:02,0
07/02/2024 00:00,WIND,492301,1,HCM,1,62122,1011,10,7,10,12,2250,6,6,6,6,6,NA,NA,NA,NA,07/02/2024 00:03,0
07/02/2024 01:00,WIND,492301,1,HCM,1,62122,1011,10,7,360,12,4,6,6,6,6,6,NA,NA,NA,NA,07/02/2024 01:02,0
07/02/2024 02:00,WIND,492301,1,HCM,1,62122,1011,50,7,40,16,109,6,6,6,6,6,NA,NA,NA,NA,07/02/2024 02:02,0
07/02/2024 03:00,WIND,492301,1,HCM,1,62122,1011,60,4,70,9,153,6,6,6,6,6,NA,NA,NA,NA,07/02/2024 03:02,0
07/02/2024 04:00,WIND,492301,1,HCM,1,62122,1011,50,3,50,7,312,6,6,6,6,6,NA,NA,NA,NA,07/02/2024 04:02,0
07/02/2024 05:00,WIND,492301,1,HCM,1,62122,1011,40,4,60,6,445,6,6,6,6,6,NA,NA,NA,NA,07/02/2024 05:02,0
07/02/2024 06:00,WIND,492301,1,HCM,1,62122,1011,40,4,50,7,549,6,6,6,6,6,NA,NA,NA,NA,07/02/2024 06:03,0
07/02/2024 07:00,WIND,492301,1,HCM,1,62122,1011,50,4,60,7,552,6,6,6,6,6,NA,NA,NA,NA,07/02/2024 07:02,0
07/02/2024 08:00,WIND,492301,1,HCM,1,62122,1011,30,4,30,7,718,6,6,6,6,6,NA,NA,NA,NA,07/02/2024 08:02,0
07/02/2024 09:00,WIND,492301,1,HCM,1,62122,1011,40,5,40,8,834,6,6,6,6,6,NA,NA,NA,NA,07/02/2024 09:03,0
07/02/2024 10:00,WIND,492301,1,HCM,1,62122,1011,20,5,30,8,902,6,6,6,6,6,NA,NA,NA,NA,07/02/2024 10:02,0
07/02/2024 11:00,WIND,492301,1,HCM,1,62122,1011,30,6,40,11,1026,6,6,6,6,6,NA,NA,NA,NA,07/02/2024 11:02,0
07/02/2024 12:00,WIND,492301,1,HCM,1,62122,1011,50,6,60,10,1145,6,6,6,6,6,NA,NA,NA,NA,07/02/2024 12:02,0
07/02/2024 13:00,WIND,492301,1,HCM,1,62122,1011,50,5,40,8,1151,6,6,6,6,6,NA,NA,NA,NA,07/02/2024 13:02,0
07/02/2024 14:00,WIND,492301,1,HCM,1,62122,1011,40,3,350,8,1346,6,6,6,6,6,NA,NA,NA,NA,07/02/2024 14:02,0
07/02/2024 15:00,WIND,492301,1,HCM,1,62122,1011,10,4,20,7,1430,6,6,6,6,6,NA,NA,NA,NA,07/02/2024 15:02,0
07/02/2024 16:00,WIND,492301,1,HCM,1,62122,1011,360,4,360,7,1506,6,6,6,6,6,NA,NA,NA,NA,07/02/2024 16:02,0
07/02/2024 17:00,WIND,492301,1,HCM,1,62122,1011,20,3,20,7,1553,6,6,6,6,6,NA,NA,NA,NA,07/02/2024 17:02,0
07/02/2024 18:00,WIND,492301,1,HCM,1,62122,1011,20,3,10,5,1715,6,6,6,6,6,NA,NA,NA,NA,07/02/2024 18:02,0
07/02/2024 19:00,WIND,492301,1,HCM,1,62122,1011,20,3,10,5,1816,6,6,6,6,6,NA,NA,NA,NA,07/02/2024 19:02,0
07/02/2024 20:00,WIND,492301,1,HCM,1,62122,1011,40,2,20,7,1933,6,6,6,6,6,NA,NA,NA,NA,07/02/2024 20:02,0
07/02/2024 21:00,WIND,492301,1,HCM,1,62122,1011,50,2,10,6,2001,6,6,6,6,6,NA,NA,NA,NA,07/02/2024 21:03,0
07/02/2024 22:00,WIND,492301,1,HCM,1,62122,1011,60,3,60,5,2121,6,6,6,6,6,NA,NA,NA,NA,07/02/2024 22:02,0
07/02/2024 23:00,WIND,492301,1,HCM,1,62122,1011,70,3,60,6,2239,6,6,6,6,6,NA,NA,NA,NA,07/02/2024 23:02,0
08/02/2024 00:00,WIND,492301,1,HCM,1,62122,1011,70,4,80,7,2330,6,6,6,6,6,NA,NA,NA,NA,08/02/2024 00:03,0
08/02/2024 01:00,WIND,492301,1,HCM,1,62122,1011,70,5,60,8,14,6,6,6,6,6,NA,NA,NA,NA,08/02/2024 01:02,0
08/02/2024 02:00,WIND,492301,1,HCM,1,62122,1011,80,5,70,10,147,6,6,6,6,6,NA,NA,NA,NA,08/02/2024 02:02,0
08/02/2024 03:00,WIND,492301,1,HCM,1,62122,1011,80,6,80,9,243,6,6,6,6,6,NA,NA,NA,NA,08/02/2024 03:02,0
08/02/2024 04:00,WIND,492301,1,HCM,1,62122,1011,80,7,90,11,320,6,6,6,6,6,NA,NA,NA,NA,08/02/2024 04:02,0
08/02/2024 05:00,WIND,492301,1,HCM,1,62122,1011,80,8,80,13,433,6,6,6,6,6,NA,NA,NA,NA,08/02/2024 05:02,0
08/02/2024 06:00,WIND,492301,1,HCM,1,62122,1011,90,9,100,19,546,6,6,6,6,6,NA,NA,NA,NA,08/02/2024 06:03,0
08/02/2024 07:00,WIND,492301,1,HCM,1,62122,1011,90,9,80,18,605,6,6,6,6,6,NA,NA,NA,NA,08/02/2024 07:02,0
08/02/2024 08:00,WIND,492301,1,HCM,1,62122,1011,80,9,80,16,741,6,6,6,6,6,NA,NA,NA,NA,08/02/2024 08:02,0
08/02/2024 09:00,WIND,492301,1,HCM,1,62122,1011,80,10,80,17,824,6,6,6,6,6,NA,NA,NA,NA,08/02/2024 09:03,0
08/02/2024 10:00,WIND,492301,1,HCM,1,62122,1011,90,8,100,17,850,6,6,6,6,6,NA,NA,NA,NA,08/02/2024 10:02,0
08/02/2024 11:00,WIND,492301,1,HCM,1,62122,1011,100,6,80,13,1017,6,6,6,6,6,NA,NA,NA,NA,08/02/2024 11:02,0
08/02/2024 12:00,WIND,492301,1,HCM,1,62122,1011,120,4,110,7,1113,6,6,6,6,6,NA,NA,NA,NA,08/02/2024 12:02,0
08/02/2024 13:00,WIND,492301,1,HCM,1,62122,1011,280,3,290,9,1231,6,6,6,6,6,NA,NA,NA,NA,08/02/2024 13:02,0
08/02/2024 14:00,WIND,492301,1,HCM,1,62122,1011,290,5,300,11,1333,6,6,6,6,6,NA,NA,NA,NA,08/02/2024 14:02,0
08/02/2024 15:00,WIND,492301,1,HCM,1,62122,1011,340,4,310,7,1350,6,6,6,6,6,NA,NA,NA,NA,08/02/2024 15:02,0
08/02/2024 16:00,WIND,492301,1,HCM,1,62122,1011,60,3,70,6,1547,6,6,6,6,6,NA,NA,NA,NA,08/02/2024 16:02,0
08/02/2024 17:00,WIND,492301,1,HCM,1,62122,1011,100,4,140,9,1648,6,6,6,6,6,NA,NA,NA,NA,08/02/2024 17:02,0
08/02/2024 18:00,WIND,492301,1,HCM,1,62122,1011,160,8,160,18,1744,6,6,6,6,6,NA,NA,NA,NA,08/02/2024 18:02,0
08/02/2024 19:00,WIND,492301,1,HCM,1,62122,1011,160,8,150,17,1829,6,6,6,6,6,NA,NA,NA,NA,08/02/2024 19:02,0
08/02/2024 20:00,WIND,492301,1,HCM,1,62122,1011,140,9,150,18,1945,6,6,6,6,6,NA,NA,NA,NA,08/02/2024 20:02,0
08/02/2024 21:00,WIND,492301,1,HCM,1,62122,1011,110,9,110,18,2045,6,6,6,6,6,NA,NA,NA,NA,08/02/2024 21:03,0
08/02/2024 22:00,WIND,492301,1,HCM,1,62122,1011,120,9,110,16,2103,6,6,6,6,6,NA,NA,NA,NA,08/02/2024 22:02,0
08/02/2024 23:00,WIND,492301,1,HCM,1,62122,1011,140,7,160,14,2241,6,6,6,6,6,NA,NA,NA,NA,08/02/2024 23:02,0
09/02/2024 00:00,WIND,492301,1,HCM,1,62122,1011,180,10,200,21,2330,6,6,6,6,6,NA,NA,NA,NA,09/02/2024 00:03,0
09/02/2024 01:00,WIND,492301,1,HCM,1,62122,1011,180,8,180,19,27,6,6,6,6,6,NA,NA,NA,NA,09/02/2024 01:02,0
09/02/2024 02:00,WIND,492301,1,HCM,1,62122,1011,170,8,180,17,55,6,6,6,6,6,NA,NA,NA,NA,09/02/2024 02:02,0
09/02/2024 03:00,WIND,492301,1,HCM,1,62122,1011,160,6,200,11,155,6,6,6,6,6,NA,NA,NA,NA,09/02/2024 03:02,0
09/02/2024 04:00,WIND,492301,1,HCM,1,62122,1011,160,6,150,12,348,6,6,6,6,6,NA,NA,NA,NA,09/02/2024 04:02,0
09/02/2024 05:00,WIND,492301,1,HCM,1,62122,1011,160,7,160,13,434,6,6,6,6,6,NA,NA,NA,NA,09/02/2024 05:02,0
09/02/2024 06:00,WIND,492301,1,HCM,1,62122,1011,190,8,180,18,541,6,6,6,6,6,NA,NA,NA,NA,09/02/2024 06:03,0
09/02/2024 07:00,WIND,492301,1,HCM,1,62122,1011,200,10,210,17,632,6,6,6,6,6,NA,NA,NA,NA,09/02/2024 07:02,0
09/02/2024 08:00,WIND,492301,1,HCM,1,62122,1011,190,9,190,19,656,6,6,6,6,6,NA,NA,NA,NA,09/02/2024 08:02,0
09/02/2024 09:00,WIND,492301,1,HCM,1,62122,1011,200,10,180,20,838,6,6,6,6,6,NA,NA,NA,NA,09/02/2024 09:03,0
09/02/2024 10:00,WIND,492301,1,HCM,1,62122,1011,200,9,220,20,948,6,6,6,6,6,NA,NA,NA,NA,09/02/2024 10:02,0
09/02/2024 11:00,WIND,492301,1,HCM,1,62122,1011,210,11,220,20,1025,6,6,6,6,6,NA,NA,NA,NA,09/02/2024 11:02,0
09/02/2024 12:00,WIND,492301,1,HCM,1,62122,1011,210,9,190,19,1054,6,6,6,6,6,NA,NA,NA,NA,09/02/2024 12:02,0
09/02/2024 13:00,WIND,492301,1,HCM,1,62122,1011,210,8,240,18,1247,6,6,6,6,6,NA,NA,NA,NA,09/02/2024 13:02,0
09/02/2024 14:00,WIND,492301,1,HCM,1,62122,1011,210,10,220,19,1311,6,6,6,6,6,NA,NA,NA,NA,09/02/2024 14:02,0
09/02/2024 15:00,WIND,492301,1,HCM,1,62122,1011,210,8,210,17,1351,6,6,6,6,6,NA,NA,NA,NA,09/02/2024 15:02,0
09/02/2024 16:00,WIND,492301,1,HCM,1,62122,1011,200,7,200,13,1543,6,6,6,6,6,NA,NA,NA,NA,09/02/2024 16:02,0
09/02/2024 17:00,WIND,492301,1,HCM,1,62122,1011,180,6,170,12,1615,6,6,6,6,6,NA,NA,NA,NA,09/02/2024 17:02,0
09/02/2024 18:00,WIND,492301,1,HCM,1,62122,1011,170,6,180,13,1702,6,6,6,6,6,NA,NA,NA,NA,09/02/2024 18:02,0
09/02/2024 19:00,WIND,492301,1,HCM,1,62122,1011,170,6,180,13,1809,6,6,6,6,6,NA,NA,NA,NA,09/02/2024 19:02,0
09/02/2024 20:00,WIND,492301,1,HCM,1,62122,1011,180,5,190,9,1904,6,6,6,6,6,NA,NA,NA,NA,09/02/2024 20:02,0
09/02/2024 21:00,WIND,492301,1,HCM,1,62122,1011,230,7,230,16,2017,6,6,6,6,6,NA,NA,NA,NA,09/02/2024 21:02,0
09/02/2024 22:00,WIND,492301,1,HCM,1,62122,1011,230,6,220,11,2146,6,6,6,6,6,NA,NA,NA,NA,09/02/2024 22:02,0
09/02/2024 23:00,WIND,492301,1,HCM,1,62122,1011,230,5,250,12,2159,6,6,6,6,6,NA,NA,NA,NA,09/02/2024 23:02,0
10/02/2024 00:00,WIND,492301,1,HCM,1,62122,1011,210,3,220,6,2317,6,6,6,6,6,NA,NA,NA,NA,10/02/2024 00:03,0
10/02/2024 01:00,WIND,492301,1,HCM,1,62122,1011,180,3,180,6,20,6,6,6,6,6,NA,NA,NA,NA,10/02/2024 01:02,0
10/02/2024 02:00,WIND,492301,1,HCM,1,62122,1011,170,3,170,5,130,6,6,6,6,6,NA,NA,NA,NA,10/02/2024 02:02,0
10/02/2024 03:00,WIND,492301,1,HCM,1,62122,1011,160,3,170,5,243,6,6,6,6,6,NA,NA,NA,NA,10/02/2024 03:02,0
10/02/2024 04:00,WIND,492301,1,HCM,1,62122,1011,150,3,170,6,309,6,6,6,6,6,NA,NA,NA,NA,10/02/2024 04:02,0
10/02/2024 05:00,WIND,492301,1,HCM,1,62122,1011,130,3,120,5,417,6,6,6,6,6,NA,NA,NA,NA,10/02/2024 05:02,0
10/02/2024 06:00,WIND,492301,1,HCM,1,62122,1011,130,3,120,5,549,6,6,6,6,6,NA,NA,NA,NA,10/02/2024 06:03,0
10/02/2024 07:00,WIND,492301,1,HCM,1,62122,1011,120,4,120,6,649,6,6,6,6,6,NA,NA,NA,NA,10/02/2024 07:02,0
10/02/2024 08:00,WIND,492301,1,HCM,1,62122,1011,120,3,120,6,704,6,6,6,6,6,NA,NA,NA,NA,10/02/2024 08:02,0
10/02/2024 09:00,WIND,492301,1,HCM,1,62122,1011,130,4,120,7,831,6,6,6,6,6,NA,NA,NA,NA,10/02/2024 09:03,0
10/02/2024 10:00,WIND,492301,1,HCM,1,62122,1011,130,5,100,9,928,6,6,6,6,6,NA,NA,NA,NA,10/02/2024 10:02,0
10/02/2024 11:00,WIND,492301,1,HCM,1,62122,1011,130,6,130,11,1044,6,6,6,6,6,NA,NA,NA,NA,10/02/2024 11:02,0
10/02/2024 12:00,WIND,492301,1,HCM,1,62122,1011,130,7,130,12,1115,6,6,6,6,6,NA,NA,NA,NA,10/02/2024 12:02,0
10/02/2024 13:00,WIND,492301,1,HCM,1,62122,1011,130,8,100,15,1248,6,6,6,6,6,NA,NA,NA,NA,10/02/2024 13:02,0
10/02/2024 14:00,WIND,492301,1,HCM,1,62122,1011,140,7,120,15,1328,6,6,6,6,6,NA,NA,NA,NA,10/02/2024 14:02,0
10/02/2024 15:00,WIND,492301,1,HCM,1,62122,1011,130,9,120,18,1431,6,6,6,6,6,NA,NA,NA,NA,10/02/2024 15:02,0
10/02/2024 16:00,WIND,492301,1,HCM,1,62122,1011,140,8,130,16,1546,6,6,6,6,6,NA,NA,NA,NA,10/02/2024 16:02,0
10/02/2024 17:00,WIND,492301,1,HCM,1,62122,1011,130,8,120,14,1646,6,6,6,6,6,NA,NA,NA,NA,10/02/2024 17:02,0
10/02/2024 18:00,WIND,492301,1,HCM,1,62122,1011,110,7,130,13,1650,6,6,6,6,6,NA,NA,NA,NA,10/02/2024 18:02,0
10/02/2024 19:00,WIND,492301,1,HCM,1,62122,1011,100,8,100,15,1841,6,6,6,6,6,NA,NA,NA,NA,10/02/2024 19:02,0
10/02/2024 20:00,WIND,492301,1,HCM,1,62122,1011,100,8,90,16,1915,6,6,6,6,6,NA,NA,NA,NA,10/02/2024 20:02,0
10/02/2024 21:00,WIND,492301,1,HCM,1,62122,1011,90,6,100,11,2026,6,6,6,6,6,NA,NA,NA,NA,10/02/2024 21:02,0
10/02/2024 22:00,WIND,492301,1,HCM,1,62122,1011,80,6,70,9,2105,6,6,6,6,6,NA,NA,NA,NA,10/02/2024 22:02,0
10/02/2024 23:00,WIND,492301,1,HCM,1,62122,1011,80,7,90,11,2225,6,6,6,6,6,NA,NA,NA,NA,10/02/2024 23:02,0
11/02/2024 00:00,WIND,492301,1,HCM,1,62122,1011,70,7,70,12,2255,6,6,6,6,6,NA,NA,NA,NA,11/02/2024 00:03,0
11/02/2024 01:00,WIND,492301,1,HCM,1,62122,1011,70,6,60,10,2353,6,6,6,6,6,NA,NA,NA,NA,11/02/2024 01:02,0
11/02/2024 02:00,WIND,492301,1,HCM,1,62122,1011,50,5,60,9,114,6,6,6,6,6,NA,NA,NA,NA,11/02/2024 02:02,0
11/02/2024 03:00,WIND,492301,1,HCM,1,62122,1011,30,5,30,8,243,6,6,6,6,6,NA,NA,NA,NA,11/02/2024 03:02,0
11/02/2024 04:00,WIND,492301,1,HCM,1,62122,1011,360,6,10,9,342,6,6,6,6,6,NA,NA,NA,NA,11/02/2024 04:02,0
11/02/2024 05:00,WIND,492301,1,HCM,1,62122,1011,360,6,360,10,428,6,6,6,6,6,NA,NA,NA,NA,11/02/2024 05:02,0
11/02/2024 06:00,WIND,492301,1,HCM,1,62122,1011,330,6,350,10,523,6,6,6,6,6,NA,NA,NA,NA,11/02/2024 06:03,0
11/02/2024 07:00,WIND,492301,1,HCM,1,62122,1011,320,4,300,7,624,6,6,6,6,6,NA,NA,NA,NA,11/02/2024 07:02,0
11/02/2024 08:00,WIND,492301,1,HCM,1,62122,1011,290,3,320,6,710,6,6,6,6,6,NA,NA,NA,NA,11/02/2024 08:02,0
11/02/2024 09:00,WIND,492301,1,HCM,1,62122,1011,250,3,290,6,827,6,6,6,6,6,NA,NA,NA,NA,11/02/2024 09:03,0
11/02/2024 10:00,WIND,492301,1,HCM,1,62122,1011,240,4,240,8,945,6,6,6,6,6,NA,NA,NA,NA,11/02/2024 10:02,0
11/02/2024 11:00,WIND,492301,1,HCM,1,62122,1011,260,5,260,13,1024,6,6,6,6,6,NA,NA,NA,NA,11/02/2024 11:02,0
11/02/2024 12:00,WIND,492301,1,HCM,1,62122,1011,240,6,250,12,1149,6,6,6,6,6,NA,NA,NA,NA,11/02/2024 12:02,0
11/02/2024 13:00,WIND,492301,1,HCM,1,62122,1011,250,8,240,15,1226,6,6,6,6,6,NA,NA,NA,NA,11/02/2024 13:02,0
11/02/2024 14:00,WIND,492301,1,HCM,1,62122,1011,250,9,250,15,1345,6,6,6,6,6,NA,NA,NA,NA,11/02/2024 14:02,0
11/02/2024 15:00,WIND,492301,1,HCM,1,62122,1011,240,11,240,20,1445,6,6,6,6,6,NA,NA,NA,NA,11/02/2024 15:02,0
11/02/2024 16:00,WIND,492301,1,HCM,1,62122,1011,240,11,240,19,1457,6,6,6,6,6,NA,NA,NA,NA,11/02/2024 16:02,0
11/02/2024 17:00,WIND,492301,1,HCM,1,62122,1011,240,10,240,17,1645,6,6,6,6,6,NA,NA,NA,NA,11/02/2024 17:02,0
11/02/2024 18:00,WIND,492301,1,HCM,1,62122,1011,240,9,240,15,1650,6,6,6,6,6,NA,NA,NA,NA,11/02/2024 18:02,0
11/02/2024 19:00,WIND,492301,1,HCM,1,62122,1011,240,8,230,13,1756,6,6,6,6,6,NA,NA,NA,NA,11/02/2024 19:02,0
11/02/2024 20:00,WIND,492301,1,HCM,1,62122,1011,230,7,240,13,1850,6,6,6,6,6,NA,NA,NA,NA,11/02/2024 20:02,0
11/02/2024 21:00,WIND,492301,1,HCM,1,62122,1011,240,7,230,12,2041,6,6,6,6,6,NA,NA,NA,NA,11/02/2024 21:03,0
11/02/2024 22:00,WIND,492301,1,HCM,1,62122,1011,230,4,240,11,2051,6,6,6,6,6,NA,NA,NA,NA,11/02/2024 22:02,0
11/02/2024 23:00,WIND,492301,1,HCM,1,62122,1011,220,3,240,8,2248,6,6,6,6,6,NA,NA,NA,NA,11/02/2024 23:02,0
12/02/2024 00:00,WIND,492301,1,HCM,1,62122,1011,200,4,220,8,2333,6,6,6,6,6,NA,NA,NA,NA,12/02/2024 00:03,0
12/02/2024 01:00,WIND,492301,1,HCM,1,62122,1011,210,5,200,9,2359,6,6,6,6,6,NA,NA,NA,NA,12/02/2024 01:02,0
12/02/2024 02:00,WIND,492301,1,HCM,1,62122,1011,200,5,210,10,132,6,6,6,6,6,NA,NA,NA,NA,12/02/2024 02:02,0
12/02/2024 03:00,WIND,492301,1,HCM,1,62122,1011,190,4,190,7,213,6,6,6,6,6,NA,NA,NA,NA,12/02/2024 03:02,0
12/02/2024 04:00,WIND,492301,1,HCM,1,62122,1011,210,7,220,14,259,6,6,6,6,6,NA,NA,NA,NA,12/02/2024 04:02,0
12/02/2024 05:00,WIND,492301,1,HCM,1,62122,1011,220,6,240,13,441,6,6,6,6,6,NA,NA,NA,NA,12/02/2024 05:02,0
12/02/2024 06:00,WIND,492301,1,HCM,1,62122,1011,240,4,240,10,450,6,6,6,6,6,NA,NA,NA,NA,12/02/2024 06:03,0
12/02/2024 07:00,WIND,492301,1,HCM,1,62122,1011,220,3,220,6,626,6,6,6,6,6,NA,NA,NA,NA,12/02/2024 07:02,0
12/02/2024 08:00,WIND,492301,1,HCM,1,62122,1011,230,4,240,6,727,6,6,6,6,6,NA,NA,NA,NA,12/02/2024 08:02,0
12/02/2024 09:00,WIND,492301,1,HCM,1,62122,1011,240,6,240,11,835,6,6,6,6,6,NA,NA,NA,NA,12/02/2024 09:02,0
12/02/2024 10:00,WIND,492301,1,HCM,1,62122,1011,240,5,240,10,922,6,6,6,6,6,NA,NA,NA,NA,12/02/2024 10:02,0
12/02/2024 11:00,WIND,492301,1,HCM,1,62122,1011,250,7,260,12,1037,6,6,6,6,6,NA,NA,NA,NA,12/02/2024 11:02,0
12/02/2024 12:00,WIND,492301,1,HCM,1,62122,1011,250,8,270,14,1141,6,6,6,6,6,NA,NA,NA,NA,12/02/2024 12:02,0
12/02/2024 13:00,WIND,492301,1,HCM,1,62122,1011,240,10,260,17,1159,6,6,6,6,6,NA,NA,NA,NA,12/02/2024 13:02,0
12/02/2024 14:00,WIND,492301,1,HCM,1,62122,1011,240,10,230,18,1319,6,6,6,6,6,NA,NA,NA,NA,12/02/2024 14:02,0
12/02/2024 15:00,WIND,492301,1,HCM,1,62122,1011,240,12,240,22,1431,6,6,6,6,6,NA,NA,NA,NA,12/02/2024 15:02,0
12/02/2024 16:00,WIND,492301,1,HCM,1,62122,1011,240,13,250,22,1457,6,6,6,6,6,NA,NA,NA,NA,12/02/2024 16:02,0
12/02/2024 17:00,WIND,492301,1,HCM,1,62122,1011,240,11,230,23,1615,6,6,6,6,6,NA,NA,NA,NA,12/02/2024 17:02,0
12/02/2024 18:00,WIND,492301,1,HCM,1,62122,1011,230,8,250,16,1657,6,6,6,6,6,NA,NA,NA,NA,12/02/2024 18:02,0
12/02/2024 19:00,WIND,492301,1,HCM,1,62122,1011,220,9,200,15,1815,6,6,6,6,6,NA,NA,NA,NA,12/02/2024 19:02,0
12/02/2024 20:00,WIND,492301,1,HCM,1,62122,1011,200,6,210,10,1947,6,6,6,6,6,NA,NA,NA,NA,12/02/2024 20:02,0
12/02/2024 21:00,WIND,492301,1,HCM,1,62122,1011,200,7,200,12,2048,6,6,6,6,6,NA,NA,NA,NA,12/02/2024 21:03,0
12/02/2024 22:00,WIND,492301,1,HCM,1,62122,1011,200,9,210,17,2123,6,6,6,6,6,NA,NA,NA,NA,12/02/2024 22:02,0
12/02/2024 23:00,WIND,492301,1,HCM,1,62122,1011,200,9,210,18,2150,6,6,6,6,6,NA,NA,NA,NA,12/02/2024 23:02,0
13/02/2024 00:00,WIND,492301,1,HCM,1,62122,1011,210,9,230,17,2326,6,6,6,6,6,NA,NA,NA,NA,13/02/2024 00:03,0
13/02/2024 01:00,WIND,492301,1,HCM,1,62122,1011,210,9,190,15,34,6,6,6,6,6,NA,NA,NA,NA,13/02/2024 01:02,0
13/02/2024 02:00,WIND,492301,1,HCM,1,62122,1011,210,9,210,17,143,6,6,6,6,6,NA,NA,NA,NA,13/02/2024 02:02,0
13/02/2024 03:00,WIND,492301,1,HCM,1,62122,1011,210,7,210,13,247,6,6,6,6,6,NA,NA,NA,NA,13/02/2024 03:02,0
13/02/2024 04:00,WIND,492301,1,HCM,1,62122,1011,210,8,220,17,312,6,6,6,6,6,NA,NA,NA,NA,13/02/2024 04:02,0
13/02/2024 05:00,WIND,492301,1,HCM,1,62122,1011,200,7,190,13,424,6,6,6,6,6,NA,NA,NA,NA,13/02/2024 05:02,0
13/02/2024 06:00,WIND,492301,1,HCM,1,62122,1011,180,6,180,13,501,6,6,6,6,6,NA,NA,NA,NA,13/02/2024 06:03,0
13/02/2024 07:00,WIND,492301,1,HCM,1,62122,1011,170,4,180,8,600,6,6,6,6,6,NA,NA,NA,NA,13/02/2024 07:02,0
13/02/2024 08:00,WIND,492301,1,HCM,1,62122,1011,130,4,130,7,747,6,6,6,6,6,NA,NA,NA,NA,13/02/2024 08:02,0
13/02/2024 09:00,WIND,492301,1,HCM,1,62122,1011,130,4,120,10,846,6,6,6,6,6,NA,NA,NA,NA,13/02/2024 09:03,0
13/02/2024 10:00,WIND,492301,1,HCM,1,62122,1011,130,5,140,12,859,6,6,6,6,6,NA,NA,NA,NA,13/02/2024 10:02,0
13/02/2024 11:00,WIND,492301,1,HCM,1,62122,1011,130,6,130,10,1025,6,6,6,6,6,NA,NA,NA,NA,13/02/2024 11:02,0
13/02/2024 12:00,WIND,492301,1,HCM,1,62122,1011,120,7,120,13,1148,6,6,6,6,6,NA,NA,NA,NA,13/02/2024 12:02,0
13/02/2024 13:00,WIND,492301,1,HCM,1,62122,1011,140,8,170,17,1248,6,6,6,6,6,NA,NA,NA,NA,13/02/2024 13:02,0
13/02/2024 14:00,WIND,492301,1,HCM,1,62122,1011,160,10,160,20,1250,6,6,6,6,6,NA,NA,NA,NA,13/02/2024 14:02,0
13/02/2024 15:00,WIND,492301,1,HCM,1,62122,1011,170,10,160,19,1357,6,6,6,6,6,NA,NA,NA,NA,13/02/2024 15:02,0
13/02/2024 16:00,WIND,492301,1,HCM,1,62122,1011,180,8,170,15,1521,6,6,6,6,6,NA,NA,NA,NA,13/02/2024 16:02,0
13/02/2024 17:00,WIND,492301,1,HCM,1,62122,1011,200,9,250,18,1649,6,6,6,6,6,NA,NA,NA,NA,13/02/2024 17:02,0
13/02/2024 18:00,WIND,492301,1,HCM,1,62122,1011,240,13,230,27,1746,6,6,6,6,6,NA,NA,NA,NA,13/02/2024 18:02,0
13/02/2024 19:00,WIND,492301,1,HCM,1,62122,1011,230,13,240,27,1758,6,6,6,6,6,NA,NA,NA,NA,13/02/2024 19:02,0
13/02/2024 20:00,WIND,492301,1,HCM,1,62122,1011,230,14,230,24,1926,6,6,6,6,6,NA,NA,NA,NA,13/02/2024 20:02,0
13/02/2024 21:00,WIND,492301,1,HCM,1,62122,1011,230,11,240,19,1952,6,6,6,6,6,NA,NA,NA,NA,13/02/2024 21:03,0
13/02/2024 22:00,WIND,492301,1,HCM,1,62122,1011,220,9,230,16,2127,6,6,6,6,6,NA,NA,NA,NA,13/02/2024 22:02,0
13/02/2024 23:00,WIND,492301,1,HCM,1,62122,1011,210,7,220,13,2205,6,6,6,6,6,NA,NA,NA,NA,13/02/2024 23:02,0
14/02/2024 00:00,WIND,492301,1,HCM,1,62122,1011,190,6,190,11,2344,6,6,6,6,6,NA,NA,NA,NA,14/02/2024 00:03,0
14/02/2024 01:00,WIND,492301,1,HCM,1,62122,1011,190,7,190,12,6,6,6,6,6,6,NA,NA,NA,NA,14/02/2024 01:02,0
14/02/2024 02:00,WIND,492301,1,HCM,1,62122,1011,180,7,180,15,141,6,6,6,6,6,NA,NA,NA,NA,14/02/2024 02:02,0
14/02/2024 03:00,WIND,492301,1,HCM,1,62122,1011,200,9,210,18,206,6,6,6,6,6,NA,NA,NA,NA,14/02/2024 03:02,0
14/02/2024 04:00,WIND,492301,1,HCM,1,62122,1011,190,8,200,14,338,6,6,6,6,6,NA,NA,NA,NA,14/02/2024 04:02,0
14/02/2024 05:00,WIND,492301,1,HCM,1,62122,1011,200,8,190,16,436,6,6,6,6,6,NA,NA,NA,NA,14/02/2024 05:02,0
14/02/2024 06:00,WIND,492301,1,HCM,1,62122,1011,190,8,180,15,521,6,6,6,6,6,NA,NA,NA,NA,14/02/2024 06:03,0
14/02/2024 07:00,WIND,492301,1,HCM,1,62122,1011,190,9,200,16,613,6,6,6,6,6,NA,NA,NA,NA,14/02/2024 07:02,0
14/02/2024 08:00,WIND,492301,1,HCM,1,62122,1011,190,9,190,17,743,6,6,6,6,6,NA,NA,NA,NA,14/02/2024 08:02,0
14/02/2024 09:00,WIND,492301,1,HCM,1,62122,1011,190,10,190,18,753,6,6,6,6,6,NA,NA,NA,NA,14/02/2024 09:03,0
14/02/2024 10:00,WIND,492301,1,HCM,1,62122,1011,210,11,210,23,919,6,6,6,6,6,NA,NA,NA,NA,14/02/2024 10:02,0
14/02/2024 11:00,WIND,492301,1,HCM,1,62122,1011,220,9,220,17,955,6,6,6,6,6,NA,NA,NA,NA,14/02/2024 11:02,0
14/02/2024 12:00,WIND,492301,1,HCM,1,62122,1011,210,9,200,17,1124,6,6,6,6,6,NA,NA,NA,NA,14/02/2024 12:02,0
14/02/2024 13:00,WIND,492301,1,HCM,1,62122,1011,210,11,210,19,1240,6,6,6,6,6,NA,NA,NA,NA,14/02/2024 13:02,0
14/02/2024 14:00,WIND,492301,1,HCM,1,62122,1011,210,9,220,17,1310,6,6,6,6,6,NA,NA,NA,NA,14/02/2024 14:02,0
14/02/2024 15:00,WIND,492301,1,HCM,1,62122,1011,200,8,170,16,1434,6,6,6,6,6,NA,NA,NA,NA,14/02/2024 15:02,0
14/02/2024 16:00,WIND,492301,1,HCM,1,62122,1011,200,7,180,16,1520,6,6,6,6,6,NA,NA,NA,NA,14/02/2024 16:02,0
14/02/2024 17:00,WIND,492301,1,HCM,1,62122,1011,200,8,180,18,1633,6,6,6,6,6,NA,NA,NA,NA,14/02/2024 17:02,0
14/02/2024 18:00,WIND,492301,1,HCM,1,62122,1011,190,9,200,18,1707,6,6,6,6,6,NA,NA,NA,NA,14/02/2024 18:02,0
14/02/2024 19:00,WIND,492301,1,HCM,1,62122,1011,200,8,190,18,1753,6,6,6,6,6,NA,NA,NA,NA,14/02/2024 19:02,0
14/02/2024 20:00,WIND,492301,1,HCM,1,62122,1011,180,7,190,12,1903,6,6,6,6,6,NA,NA,NA,NA,14/02/2024 20:02,0
14/02/2024 21:00,WIND,492301,1,HCM,1,62122,1011,180,7,170,14,2025,6,6,6,6,6,NA,NA,NA,NA,14/02/2024 21:03,0
14/02/2024 22:00,WIND,492301,1,HCM,1,62122,1011,170,7,150,15,2122,6,6,6,6,6,NA,NA,NA,NA,14/02/2024 22:02,0
14/02/2024 23:00,WIND,492301,1,HCM,1,62122,1011,180,7,190,15,2241,6,6,6,6,6,NA,NA,NA,NA,14/02/2024 23:02,0
15/02/2024 00:00,WIND,492301,1,HCM,1,62122,1011,180,6,170,13,2251,6,6,6,6,6,NA,NA,NA,NA,15/02/2024 00:03,0
15/02/2024 01:00,WIND,492301,1,HCM,1,62122,1011,170,5,170,9,3,6,6,6,6,6,NA,NA,NA,NA,15/02/2024 01:02,0
15/02/2024 02:00,WIND,492301,1,HCM,1,62122,1011,150,5,160,10,148,6,6,6,6,6,NA,NA,NA,NA,15/02/2024 02:02,0
15/02/2024 03:00,WIND,492301,1,HCM,1,62122,1011,150,7,160,16,219,6,6,6,6,6,NA,NA,NA,NA,15/02/2024 03:02,0
15/02/2024 04:00,WIND,492301,1,HCM,1,62122,1011,180,7,180,14,306,6,6,6,6,6,NA,NA,NA,NA,15/02/2024 04:02,0
15/02/2024 05:00,WIND,492301,1,HCM,1,62122,1011,180,7,190,15,437,6,6,6,6,6,NA,NA,NA,NA,15/02/2024 05:02,0
15/02/2024 06:00,WIND,492301,1,HCM,1,62122,1011,180,7,200,15,456,6,6,6,6,6,NA,NA,NA,NA,15/02/2024 06:03,0
15/02/2024 07:00,WIND,492301,1,HCM,1,62122,1011,160,6,160,12,606,6,6,6,6,6,NA,NA,NA,NA,15/02/2024 07:02,0
15/02/2024 08:00,WIND,492301,1,HCM,1,62122,1011,150,4,130,11,710,6,6,6,6,6,NA,NA,NA,NA,15/02/2024 08:02,0
15/02/2024 09:00,WIND,492301,1,HCM,1,62122,1011,130,4,140,9,841,6,6,6,6,6,NA,NA,NA,NA,15/02/2024 09:03,0
15/02/2024 10:00,WIND,492301,1,HCM,1,62122,1011,100,5,120,12,940,6,6,6,6,6,NA,NA,NA,NA,15/02/2024 10:02,0
15/02/2024 11:00,WIND,492301,1,HCM,1,62122,1011,130,5,130,12,1033,6,6,6,6,6,NA,NA,NA,NA,15/02/2024 11:02,0
15/02/2024 12:00,WIND,492301,1,HCM,1,62122,1011,150,6,140,12,1054,6,6,6,6,6,NA,NA,NA,NA,15/02/2024 12:02,0
15/02/2024 13:00,WIND,492301,1,HCM,1,62122,1011,150,7,180,15,1243,6,6,6,6,6,NA,NA,NA,NA,15/02/2024 13:02,0
15/02/2024 14:00,WIND,492301,1,HCM,1,62122,1011,150,7,150,13,1347,6,6,6,6,6,NA,NA,NA,NA,15/02/2024 14:02,0
15/02/2024 15:00,WIND,492301,1,HCM,1,62122,1011,160,6,170,12,1407,6,6,6,6,6,NA,NA,NA,NA,15/02/2024 15:02,0
15/02/2024 16:00,WIND,492301,1,HCM,1,62122,1011,160,5,160,10,1456,6,6,6,6,6,NA,NA,NA,NA,15/02/2024 16:02,0
15/02/2024 17:00,WIND,492301,1,HCM,1,62122,1011,150,5,150,11,1619,6,6,6,6,6,NA,NA,NA,NA,15/02/2024 17:02,0
15/02/2024 18:00,WIND,492301,1,HCM,1,62122,1011,130,6,120,10,1740,6,6,6,6,6,NA,NA,NA,NA,15/02/2024 18:02,0
15/02/2024 19:00,WIND,492301,1,HCM,1,62122,1011,150,5,140,10,1758,6,6,6,6,6,NA,NA,NA,NA,15/02/2024 19:02,0
15/02/2024 20:00,WIND,492301,1,HCM,1,62122,1011,160,4,180,9,1918,6,6,6,6,6,NA,NA,NA,NA,15/02/2024 20:02,0
15/02/2024 21:00,WIND,492301,1,HCM,1,62122,1011,200,5,230,11,2037,6,6,6,6,6,NA,NA,NA,NA,15/02/2024 21:03,0
15/02/2024 22:00,WIND,492301,1,HCM,1,62122,1011,240,7,240,12,2140,6,6,6,6,6,NA,NA,NA,NA,15/02/2024 22:02,0
15/02/2024 23:00,WIND,492301,1,HCM,1,62122,1011,240,8,240,15,2207,6,6,6,6,6,NA,NA,NA,NA,15/02/2024 23:02,0
16/02/2024 00:00,WIND,492301,1,HCM,1,62122,1011,240,5,250,10,2259,6,6,6,6,6,NA,NA,NA,NA,16/02/2024 00:03,0
16/02/2024 01:00,WIND,492301,1,HCM,1,62122,1011,240,3,250,9,48,6,6,6,6,6,NA,NA,NA,NA,16/02/2024 01:02,0
16/02/2024 02:00,WIND,492301,1,HCM,1,62122,1011,240,7,250,14,121,6,6,6,6,6,NA,NA,NA,NA,16/02/2024 02:02,0
16/02/2024 03:00,WIND,492301,1,HCM,1,62122,1011,240,7,240,16,211,6,6,6,6,6,NA,NA,NA,NA,16/02/2024 03:02,0
16/02/2024 04:00,WIND,492301,1,HCM,1,62122,1011,230,8,240,13,319,6,6,6,6,6,NA,NA,NA,NA,16/02/2024 04:02,0
16/02/2024 05:00,WIND,492301,1,HCM,1,62122,1011,240,9,250,16,446,6,6,6,6,6,NA,NA,NA,NA,16/02/2024 05:02,0
16/02/2024 06:00,WIND,492301,1,HCM,1,62122,1011,230,8,250,16,455,6,6,6,6,6,NA,NA,NA,NA,16/02/2024 06:03,0
16/02/2024 07:00,WIND,492301,1,HCM,1,62122,1011,240,8,250,17,633,6,6,6,6,6,NA,NA,NA,NA,16/02/2024 07:02,0
16/02/2024 08:00,WIND,492301,1,HCM,1,62122,1011,240,8,230,15,732,6,6,6,6,6,NA,NA,NA,NA,16/02/2024 08:02,0
16/02/2024 09:00,WIND,492301,1,HCM,1,62122,1011,240,9,240,16,835,6,6,6,6,6,NA,NA,NA,NA,16/02/2024 09:03,0
16/02/2024 10:00,WIND,492301,1,HCM,1,62122,1011,240,13,230,22,941,6,6,6,6,6,NA,NA,NA,NA,16/02/2024 10:02,0
16/02/2024 11:00,WIND,492301,1,HCM,1,62122,1011,240,13,240,26,1036,6,6,6,6,6,NA,NA,NA,NA,16/02/2024 11:02,0
16/02/2024 12:00,WIND,492301,1,HCM,1,62122,1011,240,14,240,25,1052,6,6,6,6,6,NA,NA,NA,NA,16/02/2024 12:02,0
16/02/2024 13:00,WIND,492301,1,HCM,1,62122,1011,240,13,240,25,1222,6,6,6,6,6,NA,NA,NA,NA,16/02/2024 13:02,0
16/02/2024 14:00,WIND,492301,1,HCM,1,62122,1011,240,12,230,20,1306,6,6,6,6,6,NA,NA,NA,NA,16/02/2024 14:02,0
16/02/2024 15:00,WIND,492301,1,HCM,1,62122,1011,250,10,240,20,1358,6,6,6,6,6,NA,NA,NA,NA,16/02/2024 15:02,0
16/02/2024 16:00,WIND,492301,1,HCM,1,62122,1011,240,7,250,13,1459,6,6,6,6,6,NA,NA,NA,NA,16/02/2024 16:02,0
16/02/2024 17:00,WIND,492301,1,HCM,1,62122,1011,240,9,240,15,1643,6,6,6,6,6,NA,NA,NA,NA,16/02/2024 17:02,0
16/02/2024 18:00,WIND,492301,1,HCM,1,62122,1011,240,9,240,17,1719,6,6,6,6,6,NA,NA,NA,NA,16/02/2024 18:02,0
16/02/2024 19:00,WIND,492301,1,HCM,1,62122,1011,240,7,230,12,1754,6,6,6,6,6,NA,NA,NA,NA,16/02/2024 19:02,0
16/02/2024 20:00,WIND,492301,1,HCM,1,62122,1011,240,7,240,12,1902,6,6,6,6,6,NA,NA,NA,NA,16/02/2024 20:02,0
16/02/2024 21:00,WIND,492301,1,HCM,1,62122,1011,210,4,240,9,2006,6,6,6,6,6,NA,NA,NA,NA,16/02/2024 21:02,0
16/02/2024 22:00,WIND,492301,1,HCM,1,62122,1011,230,5,240,10,2113,6,6,6,6,6,NA,NA,NA,NA,16/02/2024 22:02,0
16/02/2024 23:00,WIND,492301,1,HCM,1,62122,1011,210,4,230,9,2158,6,6,6,6,6,NA,NA,NA,NA,16/02/2024 23:02,0
17/02/2024 00:00,WIND,492301,1,HCM,1,62122,1011,140,3,140,5,2342,6,6,6,6,6,NA,NA,NA,NA,17/02/2024 00:03,0
17/02/2024 01:00,WIND,492301,1,HCM,1,62122,1011,150,3,150,6,30,6,6,6,6,6,NA,NA,NA,NA,17/02/2024 01:02,0
17/02/2024 02:00,WIND,492301,1,HCM,1,62122,1011,130,3,140,6,112,6,6,6,6,6,NA,NA,NA,NA,17/02/2024 02:02,0
17/02/2024 03:00,WIND,492301,1,HCM,1,62122,1011,140,4,150,7,224,6,6,6,6,6,NA,NA,NA,NA,17/02/2024 03:02,0
17/02/2024 04:00,WIND,492301,1,HCM,1,62122,1011,160,4,160,7,325,6,6,6,6,6,NA,NA,NA,NA,17/02/2024 04:02,0
17/02/2024 05:00,WIND,492301,1,HCM,1,62122,1011,180,4,180,8,447,6,6,6,6,6,NA,NA,NA,NA,17/02/2024 05:02,0
17/02/2024 06:00,WIND,492301,1,HCM,1,62122,1011,190,5,200,9,528,6,6,6,6,6,NA,NA,NA,NA,17/02/2024 06:03,0
17/02/2024 07:00,WIND,492301,1,HCM,1,62122,1011,200,5,200,9,623,6,6,6,6,6,NA,NA,NA,NA,17/02/2024 07:02,0
17/02/2024 08:00,WIND,492301,1,HCM,1,62122,1011,170,3,160,5,705,6,6,6,6,6,NA,NA,NA,NA,17/02/2024 08:02,0
17/02/2024 09:00,WIND,492301,1,HCM,1,62122,1011,170,3,140,8,844,6,6,6,6,6,NA,NA,NA,NA,17/02/2024 09:03,0
17/02/2024 10:00,WIND,492301,1,HCM,1,62122,1011,180,6,180,12,918,6,6,6,6,6,NA,NA,NA,NA,17/02/2024 10:02,0
17/02/2024 11:00,WIND,492301,1,HCM,1,62122,1011,190,8,180,16,1044,6,6,6,6,6,NA,NA,NA,NA,17/02/2024 11:02,0
17/02/2024 12:00,WIND,492301,1,HCM,1,62122,1011,190,8,170,15,1051,6,6,6,6,6,NA,NA,NA,NA,17/02/2024 12:02,0
17/02/2024 13:00,WIND,492301,1,HCM,1,62122,1011,180,9,180,17,1212,6,6,6,6,6,NA,NA,NA,NA,17/02/2024 13:02,0
17/02/2024 14:00,WIND,492301,1,HCM,1,62122,1011,180,9,170,19,1345,6,6,6,6,6,NA,NA,NA,NA,17/02/2024 14:02,0
17/02/2024 15:00,WIND,492301,1,HCM,1,62122,1011,180,10,180,19,1415,6,6,6,6,6,NA,NA,NA,NA,17/02/2024 15:02,0
17/02/2024 16:00,WIND,492301,1,HCM,1,62122,1011,170,10,180,21,1502,6,6,6,6,6,NA,NA,NA,NA,17/02/2024 16:02,0
17/02/2024 17:00,WIND,492301,1,HCM,1,62122,1011,170,11,190,20,1626,6,6,6,6,6,NA,NA,NA,NA,17/02/2024 17:02,0
17/02/2024 18:00,WIND,492301,1,HCM,1,62122,1011,180,11,170,22,1650,6,6,6,6,6,NA,NA,NA,NA,17/02/2024 18:02,0
17/02/2024 19:00,WIND,492301,1,HCM,1,62122,1011,180,9,180,20,1759,6,6,6,6,6,NA,NA,NA,NA,17/02/2024 19:02,0
17/02/2024 20:00,WIND,492301,1,HCM,1,62122,1011,190,9,180,18,1946,6,6,6,6,6,NA,NA,NA,NA,17/02/2024 20:02,0
17/02/2024 21:00,WIND,492301,1,HCM,1,62122,1011,190,9,180,17,2044,6,6,6,6,6,NA,NA,NA,NA,17/02/2024 21:02,0
17/02/2024 22:00,WIND,492301,1,HCM,1,62122,1011,190,8,180,15,2051,6,6,6,6,6,NA,NA,NA,NA,17/02/2024 22:02,0
17/02/2024 23:00,WIND,492301,1,HCM,1,62122,1011,190,7,190,12,2151,6,6,6,6,6,NA,NA,NA,NA,17/02/2024 23:02,0
18/02/2024 00:00,WIND,492301,1,HCM,1,62122,1011,190,5,180,9,2259,6,6,6,6,6,NA,NA,NA,NA,18/02/2024 00:03,0
18/02/2024 01:00,WIND,492301,1,HCM,1,62122,1011,180,4,180,7,9,6,6,6,6,6,NA,NA,NA,NA,18/02/2024 01:02,0
18/02/2024 02:00,WIND,492301,1,HCM,1,62122,1011,160,4,160,7,130,6,6,6,6,6,NA,NA,NA,NA,18/02/2024 02:02,0
18/02/2024 03:00,WIND,492301,1,HCM,1,62122,1011,170,3,200,6,249,6,6,6,6,6,NA,NA,NA,NA,18/02/2024 03:02,0
18/02/2024 04:00,WIND,492301,1,HCM,1,62122,1011,210,5,220,10,338,6,6,6,6,6,NA,NA,NA,NA,18/02/2024 04:02,0
18/02/2024 05:00,WIND,492301,1,HCM,1,62122,1011,230,7,240,19,433,6,6,6,6,6,NA,NA,NA,NA,18/02/2024 05:02,0
18/02/2024 06:00,WIND,492301,1,HCM,1,62122,1011,210,6,230,10,501,6,6,6,6,6,NA,NA,NA,NA,18/02/2024 06:03,0
18/02/2024 07:00,WIND,492301,1,HCM,1,62122,1011,240,7,230,16,643,6,6,6,6,6,NA,NA,NA,NA,18/02/2024 07:02,0
18/02/2024 08:00,WIND,492301,1,HCM,1,62122,1011,230,9,230,15,734,6,6,6,6,6,NA,NA,NA,NA,18/02/2024 08:02,0
18/02/2024 09:00,WIND,492301,1,HCM,1,62122,1011,230,8,240,15,757,6,6,6,6,6,NA,NA,NA,NA,18/02/2024 09:03,0
18/02/2024 10:00,WIND,492301,1,HCM,1,62122,1011,230,8,240,16,945,6,6,6,6,6,NA,NA,NA,NA,18/02/2024 10:02,0
18/02/2024 11:00,WIND,492301,1,HCM,1,62122,1011,240,11,250,17,957,6,6,6,6,6,NA,NA,NA,NA,18/02/2024 11:02,0
18/02/2024 12:00,WIND,492301,1,HCM,1,62122,1011,240,12,250,19,1130,6,6,6,6,6,NA,NA,NA,NA,18/02/2024 12:02,0
18/02/2024 13:00,WIND,492301,1,HCM,1,62122,1011,240,12,240,19,1205,6,6,6,6,6,NA,NA,NA,NA,18/02/2024 13:02,0
18/02/2024 14:00,WIND,492301,1,HCM,1,62122,1011,240,11,250,19,1320,6,6,6,6,6,NA,NA,NA,NA,18/02/2024 14:02,0
18/02/2024 15:00,WIND,492301,1,HCM,1,62122,1011,240,11,240,20,1355,6,6,6,6,6,NA,NA,NA,NA,18/02/2024 15:02,0
18/02/2024 16:00,WIND,492301,1,HCM,1,62122,1011,240,9,230,16,1541,6,6,6,6,6,NA,NA,NA,NA,18/02/2024 16:02,0
18/02/2024 17:00,WIND,492301,1,HCM,1,62122,1011,240,7,250,14,1552,6,6,6,6,6,NA,NA,NA,NA,18/02/2024 17:02,0
18/02/2024 18:00,WIND,492301,1,HCM,1,62122,1011,230,7,240,12,1718,6,6,6,6,6,NA,NA,NA,NA,18/02/2024 18:02,0
18/02/2024 19:00,WIND,492301,1,HCM,1,62122,1011,240,5,250,11,1846,6,6,6,6,6,NA,NA,NA,NA,18/02/2024 19:02,0
18/02/2024 20:00,WIND,492301,1,HCM,1,62122,1011,210,6,230,12,1856,6,6,6,6,6,NA,NA,NA,NA,18/02/2024 20:02,0
18/02/2024 21:00,WIND,492301,1,HCM,1,62122,1011,230,4,240,7,2019,6,6,6,6,6,NA,NA,NA,NA,18/02/2024 21:02,0
18/02/2024 22:00,WIND,492301,1,HCM,1,62122,1011,230,6,230,11,2128,6,6,6,6,6,NA,NA,NA,NA,18/02/2024 22:02,0
18/02/2024 23:00,WIND,492301,1,HCM,1,62122,1011,220,4,230,10,2211,6,6,6,6,6,NA,NA,NA,NA,18/02/2024 23:02,0
19/02/2024 00:00,WIND,492301,1,HCM,1,62122,1011,170,2,230,9,2347,6,6,6,6,6,NA,NA,NA,NA,19/02/2024 00:03,0
19/02/2024 01:00,WIND,492301,1,HCM,1,62122,1011,220,6,240,17,49,6,6,6,6,6,NA,NA,NA,NA,19/02/2024 01:02,0
19/02/2024 02:00,WIND,492301,1,HCM,1,62122,1011,240,8,250,14,108,6,6,6,6,6,NA,NA,NA,NA,19/02/2024 02:02,0
19/02/2024 03:00,WIND,492301,1,HCM,1,62122,1011,230,8,230,16,220,6,6,6,6,6,NA,NA,NA,NA,19/02/2024 03:02,0
19/02/2024 04:00,WIND,492301,1,HCM,1,62122,1011,220,8,240,18,347,6,6,6,6,6,NA,NA,NA,NA,19/02/2024 04:02,0
19/02/2024 05:00,WIND,492301,1,HCM,1,62122,1011,240,13,240,21,356,6,6,6,6,6,NA,NA,NA,NA,19/02/2024 05:02,0
19/02/2024 06:00,WIND,492301,1,HCM,1,62122,1011,240,13,250,24,519,6,6,6,6,6,NA,NA,NA,NA,19/02/2024 06:03,0
19/02/2024 07:00,WIND,492301,1,HCM,1,62122,1011,240,14,240,24,630,6,6,6,6,6,NA,NA,NA,NA,19/02/2024 07:02,0
19/02/2024 08:00,WIND,492301,1,HCM,1,62122,1011,230,12,240,26,702,6,6,6,6,6,NA,NA,NA,NA,19/02/2024 08:02,0
19/02/2024 09:00,WIND,492301,1,HCM,1,62122,1011,240,11,240,20,848,6,6,6,6,6,NA,NA,NA,NA,19/02/2024 09:03,0
19/02/2024 10:00,WIND,492301,1,HCM,1,62122,1011,240,10,250,19,858,6,6,6,6,6,NA,NA,NA,NA,19/02/2024 10:02,0
19/02/2024 11:00,WIND,492301,1,HCM,1,62122,1011,240,8,260,14,1026,6,6,6,6,6,NA,NA,NA,NA,19/02/2024 11:02,0
19/02/2024 12:00,WIND,492301,1,HCM,1,62122,1011,260,9,250,16,1145,6,6,6,6,6,NA,NA,NA,NA,19/02/2024 12:02,0
19/02/2024 13:00,WIND,492301,1,HCM,1,62122,1011,280,8,260,16,1155,6,6,6,6,6,NA,NA,NA,NA,19/02/2024 13:02,0
19/02/2024 14:00,WIND,492301,1,HCM,1,62122,1011,290,8,290,14,1326,6,6,6,6,6,NA,NA,NA,NA,19/02/2024 14:02,0
19/02/2024 15:00,WIND,492301,1,HCM,1,62122,1011,290,7,310,14,1436,6,6,6,6,6,NA,NA,NA,NA,19/02/2024 15:02,0
19/02/2024 16:00,WIND,492301,1,HCM,1,62122,1011,300,7,300,13,1457,6,6,6,6,6,NA,NA,NA,NA,19/02/2024 16:02,0
19/02/2024 17:00,WIND,492301,1,HCM,1,62122,1011,290,4,320,10,1552,6,6,6,6,6,NA,NA,NA,NA,19/02/2024 17:02,0
19/02/2024 18:00,WIND,492301,1,HCM,1,62122,1011,260,2,270,6,1655,6,6,6,6,6,NA,NA,NA,NA,19/02/2024 18:02,0
19/02/2024 19:00,WIND,492301,1,HCM,1,62122,1011,220,4,230,7,1815,6,6,6,6,6,NA,NA,NA,NA,19/02/2024 19:02,0
19/02/2024 20:00,WIND,492301,1,HCM,1,62122,1011,220,4,220,8,1948,6,6,6,6,6,NA,NA,NA,NA,19/02/2024 20:02,0
19/02/2024 21:00,WIND,492301,1,HCM,1,62122,1011,220,6,220,11,2049,6,6,6,6,6,NA,NA,NA,NA,19/02/2024 21:02,0
19/02/2024 22:00,WIND,492301,1,HCM,1,62122,1011,230,5,230,10,2103,6,6,6,6,6,NA,NA,NA,NA,19/02/2024 22:02,0
19/02/2024 23:00,WIND,492301,1,HCM,1,62122,1011,230,5,230,11,2225,6,6,6,6,6,NA,NA,NA,NA,19/02/2024 23:02,0
20/02/2024 00:00,WIND,492301,1,HCM,1,62122,1011,230,6,220,12,2331,6,6,6,6,6,NA,NA,NA,NA,20/02/2024 00:03,0
20/02/2024 01:00,WIND,492301,1,HCM,1,62122,1011,210,7,220,12,44,6,6,6,6,6,NA,NA,NA,NA,20/02/2024 01:02,0
20/02/2024 02:00,WIND,492301,1,HCM,1,62122,1011,240,9,240,17,123,6,6,6,6,6,NA,NA,NA,NA,20/02/2024 02:02,0
20/02/2024 03:00,WIND,492301,1,HCM,1,62122,1011,230,7,250,13,152,6,6,6,6,6,NA,NA,NA,NA,20/02/2024 03:02,0
20/02/2024 04:00,WIND,492301,1,HCM,1,62122,1011,230,7,210,16,345,6,6,6,6,6,NA,NA,NA,NA,20/02/2024 04:02,0
20/02/2024 05:00,WIND,492301,1,HCM,1,62122,1011,230,7,240,14,353,6,6,6,6,6,NA,NA,NA,NA,20/02/2024 05:02,0
20/02/2024 06:00,WIND,492301,1,HCM,1,62122,1011,200,6,220,12,549,6,6,6,6,6,NA,NA,NA,NA,20/02/2024 06:03,0
20/02/2024 07:00,WIND,492301,1,HCM,1,62122,1011,200,6,210,13,551,6,6,6,6,6,NA,NA,NA,NA,20/02/2024 07:02,0
20/02/2024 08:00,WIND,492301,1,HCM,1,62122,1011,210,8,210,14,743,6,6,6,6,6,NA,NA,NA,NA,20/02/2024 08:02,0
20/02/2024 09:00,WIND,492301,1,HCM,1,62122,1011,210,7,220,13,837,6,6,6,6,6,NA,NA,NA,NA,20/02/2024 09:03,0
20/02/2024 10:00,WIND,492301,1,HCM,1,62122,1011,210,10,240,19,937,6,6,6,6,6,NA,NA,NA,NA,20/02/2024 10:02,0
20/02/2024 11:00,WIND,492301,1,HCM,1,62122,1011,230,11,210,19,956,6,6,6,6,6,NA,NA,NA,NA,20/02/2024 11:02,0
20/02/2024 12:00,WIND,492301,1,HCM,1,62122,1011,240,11,250,18,1109,6,6,6,6,6,NA,NA,NA,NA,20/02/2024 12:02,0
20/02/2024 18:00,WMO,03930,1,SYNOP,1,62122,1011,NA,NA,NA,19,NA,NA,NA,NA,1,NA,NA,NA,NA,NA,20/02/2024 18:00,420
20/02/2024 19:00,WIND,492301,1,HCM,1,62122,1011,230,11,230,23,1756,6,6,6,6,6,NA,NA,NA,NA,20/02/2024 19:03,0
20/02/2024 20:00,WIND,492301,1,HCM,1,62122,1011,210,8,210,14,1908,6,6,6,6,6,NA,NA,NA,NA,20/02/2024 20:03,0
20/02/2024 21:00,WIND,492301,1,HCM,1,62122,1011,210,6,210,13,2017,6,6,6,6,6,NA,NA,NA,NA,20/02/2024 21:03,0
20/02/2024 22:00,WIND,492301,1,HCM,1,62122,1011,200,4,220,9,2056,6,6,6,6,6,NA,NA,NA,NA,20/02/2024 22:03,0
20/02/2024 23:00,WIND,492301,1,HCM,1,62122,1011,180,6,180,11,2231,6,6,6,6,6,NA,NA,NA,NA,20/02/2024 23:03,0
21/02/2024 00:00,WIND,492301,1,HCM,1,62122,1011,170,5,170,11,2334,6,6,6,6,6,NA,NA,NA,NA,21/02/2024 00:03,0
21/02/2024 01:00,WIND,492301,1,HCM,1,62122,1011,170,7,170,14,24,6,6,6,6,6,NA,NA,NA,NA,21/02/2024 01:03,0
21/02/2024 02:00,WIND,492301,1,HCM,1,62122,1011,170,8,170,14,100,6,6,6,6,6,NA,NA,NA,NA,21/02/2024 02:03,0
21/02/2024 03:00,WIND,492301,1,HCM,1,62122,1011,180,8,160,18,248,6,6,6,6,6,NA,NA,NA,NA,21/02/2024 03:03,0
21/02/2024 04:00,WIND,492301,1,HCM,1,62122,1011,180,9,180,20,307,6,6,6,6,6,NA,NA,NA,NA,21/02/2024 04:03,0
21/02/2024 05:00,WIND,492301,1,HCM,1,62122,1011,170,9,190,17,358,6,6,6,6,6,NA,NA,NA,NA,21/02/2024 05:03,0
21/02/2024 06:00,WIND,492301,1,HCM,1,62122,1011,170,10,170,23,539,6,6,6,6,6,NA,NA,NA,NA,21/02/2024 06:03,0
21/02/2024 07:00,WIND,492301,1,HCM,1,62122,1011,170,13,180,26,625,6,6,6,6,6,NA,NA,NA,NA,21/02/2024 07:03,0
21/02/2024 08:00,WIND,492301,1,HCM,1,62122,1011,170,15,160,29,737,6,6,6,6,6,NA,NA,NA,NA,21/02/2024 08:03,0
21/02/2024 09:00,WIND,492301,1,HCM,1,62122,1011,180,16,180,31,815,6,6,6,6,6,NA,NA,NA,NA,21/02/2024 09:03,0
21/02/2024 10:00,WIND,492301,1,HCM,1,62122,1011,170,14,170,29,903,6,6,6,6,6,NA,NA,NA,NA,21/02/2024 10:03,0
21/02/2024 11:00,WIND,492301,1,HCM,1,62122,1011,180,15,170,29,1041,6,6,6,6,6,NA,NA,NA,NA,21/02/2024 11:03,0
21/02/2024 12:00,WIND,492301,1,HCM,1,62122,1011,190,15,190,30,1051,6,6,6,6,6,NA,NA,NA,NA,21/02/2024 12:03,0
21/02/2024 13:00,WIND,492301,1,HCM,1,62122,1011,190,14,190,30,1214,6,6,6,6,6,NA,NA,NA,NA,21/02/2024 13:03,0
21/02/2024 14:00,WIND,492301,1,HCM,1,62122,1011,210,14,210,25,1333,6,6,6,6,6,NA,NA,NA,NA,21/02/2024 14:03,0
21/02/2024 15:00,WIND,492301,1,HCM,1,62122,1011,230,17,250,33,1434,6,6,6,6,6,NA,NA,NA,NA,21/02/2024 15:03,0
21/02/2024 16:00,WIND,492301,1,HCM,1,62122,1011,240,16,230,30,1502,6,6,6,6,6,NA,NA,NA,NA,21/02/2024 16:03,0
21/02/2024 17:00,WIND,492301,1,HCM,1,62122,1011,230,13,240,24,1554,6,6,6,6,6,NA,NA,NA,NA,21/02/2024 17:03,0
21/02/2024 18:00,WIND,492301,1,HCM,1,62122,1011,240,13,240,22,1738,6,6,6,6,6,NA,NA,NA,NA,21/02/2024 18:03,0
21/02/2024 19:00,WIND,492301,1,HCM,1,62122,1011,240,13,240,25,1757,6,6,6,6,6,NA,NA,NA,NA,21/02/2024 19:03,0
21/02/2024 20:00,WIND,492301,1,HCM,1,62122,1011,230,11,220,20,1930,6,6,6,6,6,NA,NA,NA,NA,21/02/2024 20:03,0
21/02/2024 21:00,WIND,492301,1,HCM,1,62122,1011,230,12,210,24,2034,6,6,6,6,6,NA,NA,NA,NA,21/02/2024 21:03,0
21/02/2024 22:00,WIND,492301,1,HCM,1,62122,1011,230,13,240,24,2118,6,6,6,6,6,NA,NA,NA,NA,21/02/2024 22:03,0
21/02/2024 23:00,WIND,492301,1,HCM,1,62122,1011,220,10,220,20,2152,6,6,6,6,6,NA,NA,NA,NA,21/02/2024 23:03,0
22/02/2024 00:00,WIND,492301,1,HCM,1,62122,1011,200,6,240,16,2250,6,6,6,6,6,NA,NA,NA,NA,22/02/2024 00:03,0
22/02/2024 01:00,WIND,492301,1,HCM,1,62122,1011,180,5,190,11,27,6,6,6,6,6,NA,NA,NA,NA,22/02/2024 01:03,0
22/02/2024 02:00,WIND,492301,1,HCM,1,62122,1011,180,8,190,14,55,6,6,6,6,6,NA,NA,NA,NA,22/02/2024 02:03,0
22/02/2024 03:00,WIND,492301,1,HCM,1,62122,1011,180,7,170,15,155,6,6,6,6,6,NA,NA,NA,NA,22/02/2024 03:03,0
22/02/2024 04:00,WIND,492301,1,HCM,1,62122,1011,180,9,170,18,330,6,6,6,6,6,NA,NA,NA,NA,22/02/2024 04:03,0
22/02/2024 05:00,WIND,492301,1,HCM,1,62122,1011,170,10,200,20,416,6,6,6,6,6,NA,NA,NA,NA,22/02/2024 05:03,0
22/02/2024 06:00,WIND,492301,1,HCM,1,62122,1011,170,11,150,21,515,6,6,6,6,6,NA,NA,NA,NA,22/02/2024 06:04,0
22/02/2024 07:00,WIND,492301,1,HCM,1,62122,1011,170,11,190,24,615,6,6,6,6,6,NA,NA,NA,NA,22/02/2024 07:03,0
22/02/2024 08:00,WIND,492301,1,HCM,1,62122,1011,230,12,260,30,725,6,6,6,6,6,NA,NA,NA,NA,22/02/2024 08:03,0
22/02/2024 09:00,WIND,492301,1,HCM,1,62122,1011,340,4,310,9,755,6,6,6,6,6,NA,NA,NA,NA,22/02/2024 09:03,0
22/02/2024 10:00,WIND,492301,1,HCM,1,62122,1011,110,4,100,9,933,6,6,6,6,6,NA,NA,NA,NA,22/02/2024 10:03,0
22/02/2024 11:00,WIND,492301,1,HCM,1,62122,1011,160,4,160,8,1015,6,6,6,6,6,NA,NA,NA,NA,22/02/2024 11:03,0
22/02/2024 12:00,WIND,492301,1,HCM,1,62122,1011,210,3,160,6,1050,6,6,6,6,6,NA,NA,NA,NA,22/02/2024 12:03,0
22/02/2024 13:00,WIND,492301,1,HCM,1,62122,1011,240,5,270,10,1243,6,6,6,6,6,NA,NA,NA,NA,22/02/2024 13:02,0
22/02/2024 14:00,WIND,492301,1,HCM,1,62122,1011,250,9,260,22,1333,6,6,6,6,6,NA,NA,NA,NA,22/02/2024 14:02,0
22/02/2024 15:00,WIND,492301,1,HCM,1,62122,1011,270,11,260,22,1438,6,6,6,6,6,NA,NA,NA,NA,22/02/2024 15:02,0
22/02/2024 16:00,WIND,492301,1,HCM,1,62122,1011,270,8,280,18,1452,6,6,6,6,6,NA,NA,NA,NA,22/02/2024 16:02,0
22/02/2024 17:00,WIND,492301,1,HCM,1,62122,1011,250,10,260,19,1628,6,6,6,6,6,NA,NA,NA,NA,22/02/2024 17:02,0
22/02/2024 18:00,WIND,492301,1,HCM,1,62122,1011,250,11,240,20,1729,6,6,6,6,6,NA,NA,NA,NA,22/02/2024 18:02,0
22/02/2024 19:00,WIND,492301,1,HCM,1,62122,1011,240,11,250,22,1804,6,6,6,6,6,NA,NA,NA,NA,22/02/2024 19:02,0
22/02/2024 20:00,WIND,492301,1,HCM,1,62122,1011,240,11,250,23,1906,6,6,6,6,6,NA,NA,NA,NA,22/02/2024 20:02,0
22/02/2024 21:00,WIND,492301,1,HCM,1,62122,1011,240,10,270,21,2029,6,6,6,6,6,NA,NA,NA,NA,22/02/2024 21:03,0
22/02/2024 22:00,WIND,492301,1,HCM,1,62122,1011,210,8,210,14,2135,6,6,6,6,6,NA,NA,NA,NA,22/02/2024 22:02,0
22/02/2024 23:00,WIND,492301,1,HCM,1,62122,1011,200,9,200,18,2246,6,6,6,6,6,NA,NA,NA,NA,22/02/2024 23:02,0
23/02/2024 00:00,WIND,492301,1,HCM,1,62122,1011,200,8,200,16,2250,6,6,6,6,6,NA,NA,NA,NA,23/02/2024 00:03,0
23/02/2024 01:00,WIND,492301,1,HCM,1,62122,1011,200,8,200,16,19,6,6,6,6,6,NA,NA,NA,NA,23/02/2024 01:02,0
23/02/2024 02:00,WIND,492301,1,HCM,1,62122,1011,210,10,220,22,108,6,6,6,6,6,NA,NA,NA,NA,23/02/2024 02:02,0
23/02/2024 03:00,WIND,492301,1,HCM,1,62122,1011,220,8,250,15,241,6,6,6,6,6,NA,NA,NA,NA,23/02/2024 03:02,0
23/02/2024 04:00,WIND,492301,1,HCM,1,62122,1011,240,10,240,16,301,6,6,6,6,6,NA,NA,NA,NA,23/02/2024 04:02,0
23/02/2024 05:00,WIND,492301,1,HCM,1,62122,1011,240,11,250,17,432,6,6,6,6,6,NA,NA,NA,NA,23/02/2024 05:02,0
23/02/2024 06:00,WIND,492301,1,HCM,1,62122,1011,240,9,260,15,528,6,6,6,6,6,NA,NA,NA,NA,23/02/2024 06:03,0
23/02/2024 07:00,WIND,492301,1,HCM,1,62122,1011,230,7,230,12,619,6,6,6,6,6,NA,NA,NA,NA,23/02/2024 07:02,0
23/02/2024 08:00,WIND,492301,1,HCM,1,62122,1011,200,5,220,11,705,6,6,6,6,6,NA,NA,NA,NA,23/02/2024 08:02,0
23/02/2024 09:00,WIND,492301,1,HCM,1,62122,1011,200,6,220,15,840,6,6,6,6,6,NA,NA,NA,NA,23/02/2024 09:03,0
23/02/2024 10:00,WIND,492301,1,HCM,1,62122,1011,220,9,210,17,942,6,6,6,6,6,NA,NA,NA,NA,23/02/2024 10:02,0
23/02/2024 11:00,WIND,492301,1,HCM,1,62122,1011,210,10,220,19,1003,6,6,6,6,6,NA,NA,NA,NA,23/02/2024 11:02,0
23/02/2024 12:00,WIND,492301,1,HCM,1,62122,1011,220,9,220,15,1127,6,6,6,6,6,NA,NA,NA,NA,23/02/2024 12:02,0
23/02/2024 13:00,WIND,492301,1,HCM,1,62122,1011,210,6,240,13,1151,6,6,6,6,6,NA,NA,NA,NA,23/02/2024 13:02,0
23/02/2024 14:00,WIND,492301,1,HCM,1,62122,1011,230,9,230,18,1327,6,6,6,6,6,NA,NA,NA,NA,23/02/2024 14:02,0
23/02/2024 15:00,WIND,492301,1,HCM,1,62122,1011,240,5,260,14,1350,6,6,6,6,6,NA,NA,NA,NA,23/02/2024 15:02,0
23/02/2024 16:00,WIND,492301,1,HCM,1,62122,1011,230,8,220,18,1523,6,6,6,6,6,NA,NA,NA,NA,23/02/2024 16:02,0
23/02/2024 17:00,WIND,492301,1,HCM,1,62122,1011,200,6,210,13,1626,6,6,6,6,6,NA,NA,NA,NA,23/02/2024 17:02,0
23/02/2024 18:00,WIND,492301,1,HCM,1,62122,1011,210,6,220,11,1748,6,6,6,6,6,NA,NA,NA,NA,23/02/2024 18:02,0
23/02/2024 19:00,WIND,492301,1,HCM,1,62122,1011,200,6,200,13,1844,6,6,6,6,6,NA,NA,NA,NA,23/02/2024 19:02,0
23/02/2024 20:00,WIND,492301,1,HCM,1,62122,1011,200,6,220,10,1858,6,6,6,6,6,NA,NA,NA,NA,23/02/2024 20:02,0
23/02/2024 21:00,WIND,492301,1,HCM,1,62122,1011,200,5,190,10,1959,6,6,6,6,6,NA,NA,NA,NA,23/02/2024 21:03,0
23/02/2024 22:00,WIND,492301,1,HCM,1,62122,1011,220,4,210,7,2053,6,6,6,6,6,NA,NA,NA,NA,23/02/2024 22:02,0
23/02/2024 23:00,WIND,492301,1,HCM,1,62122,1011,220,3,200,6,2159,6,6,6,6,6,NA,NA,NA,NA,23/02/2024 23:02,0
24/02/2024 00:00,WIND,492301,1,HCM,1,62122,1011,240,2,220,5,2345,6,6,6,6,6,NA,NA,NA,NA,24/02/2024 00:04,0
24/02/2024 01:00,WIND,492301,1,HCM,1,62122,1011,250,3,250,7,12,6,6,6,6,6,NA,NA,NA,NA,24/02/2024 01:02,0
24/02/2024 02:00,WIND,492301,1,HCM,1,62122,1011,200,2,190,5,142,6,6,6,6,6,NA,NA,NA,NA,24/02/2024 02:02,0
24/02/2024 03:00,WIND,492301,1,HCM,1,62122,1011,160,2,160,4,243,6,6,6,6,6,NA,NA,NA,NA,24/02/2024 03:02,0
24/02/2024 04:00,WIND,492301,1,HCM,1,62122,1011,150,3,180,5,304,6,6,6,6,6,NA,NA,NA,NA,24/02/2024 04:02,0
24/02/2024 05:00,WIND,492301,1,HCM,1,62122,1011,120,3,120,4,442,6,6,6,6,6,NA,NA,NA,NA,24/02/2024 05:02,0
24/02/2024 06:00,WIND,492301,1,HCM,1,62122,1011,120,2,140,4,510,6,6,6,6,6,NA,NA,NA,NA,24/02/2024 06:03,0
24/02/2024 07:00,WIND,492301,1,HCM,1,62122,1011,140,3,180,7,616,6,6,6,6,6,NA,NA,NA,NA,24/02/2024 07:02,0
24/02/2024 08:00,WIND,492301,1,HCM,1,62122,1011,120,2,140,3,746,6,6,6,6,6,NA,NA,NA,NA,24/02/2024 08:02,0
24/02/2024 09:00,WIND,492301,1,HCM,1,62122,1011,160,1,160,3,757,6,6,6,6,6,NA,NA,NA,NA,24/02/2024 09:03,0
24/02/2024 10:00,WIND,492301,1,HCM,1,62122,1011,170,1,100,4,934,6,6,6,6,6,NA,NA,NA,NA,24/02/2024 10:02,0
24/02/2024 11:00,WIND,492301,1,HCM,1,62122,1011,140,2,210,6,1049,6,6,6,6,6,NA,NA,NA,NA,24/02/2024 11:02,0
24/02/2024 12:00,WIND,492301,1,HCM,1,62122,1011,290,4,320,7,1134,6,6,6,6,6,NA,NA,NA,NA,24/02/2024 12:02,0
24/02/2024 13:00,WIND,492301,1,HCM,1,62122,1011,330,3,340,7,1150,6,6,6,6,6,NA,NA,NA,NA,24/02/2024 13:02,0
24/02/2024 14:00,WIND,492301,1,HCM,1,62122,1011,270,3,260,6,1332,6,6,6,6,6,NA,NA,NA,NA,24/02/2024 14:02,0
24/02/2024 15:00,WIND,492301,1,HCM,1,62122,1011,240,3,300,8,1431,6,6,6,6,6,NA,NA,NA,NA,24/02/2024 15:02,0
24/02/2024 16:00,WIND,492301,1,HCM,1,62122,1011,260,3,250,6,1508,6,6,6,6,6,NA,NA,NA,NA,24/02/2024 16:02,0
24/02/2024 17:00,WIND,492301,1,HCM,1,62122,1011,270,4,260,7,1617,6,6,6,6,6,NA,NA,NA,NA,24/02/2024 17:02,0
24/02/2024 18:00,WIND,492301,1,HCM,1,62122,1011,260,4,240,6,1738,6,6,6,6,6,NA,NA,NA,NA,24/02/2024 18:02,0
24/02/2024 19:00,WIND,492301,1,HCM,1,62122,1011,210,3,210,6,1826,6,6,6,6,6,NA,NA,NA,NA,24/02/2024 19:02,0
24/02/2024 20:00,WIND,492301,1,HCM,1,62122,1011,200,3,240,5,1932,6,6,6,6,6,NA,NA,NA,NA,24/02/2024 20:02,0
24/02/2024 21:00,WIND,492301,1,HCM,1,62122,1011,160,2,230,4,2010,6,6,6,6,6,NA,NA,NA,NA,24/02/2024 21:03,0
24/02/2024 22:00,WIND,492301,1,HCM,1,62122,1011,190,3,200,6,2142,6,6,6,6,6,NA,NA,NA,NA,24/02/2024 22:02,0
24/02/2024 23:00,WIND,492301,1,HCM,1,62122,1011,100,1,90,3,2228,6,6,6,6,6,NA,NA,NA,NA,24/02/2024 23:02,0
25/02/2024 00:00,WIND,492301,1,HCM,1,62122,1011,150,1,140,3,2342,6,6,6,6,6,NA,NA,NA,NA,25/02/2024 00:04,0
25/02/2024 01:00,WIND,492301,1,HCM,1,62122,1011,120,2,130,4,47,6,6,6,6,6,NA,NA,NA,NA,25/02/2024 01:02,0
25/02/2024 02:00,WIND,492301,1,HCM,1,62122,1011,140,2,130,4,100,6,6,6,6,6,NA,NA,NA,NA,25/02/2024 02:02,0
25/02/2024 03:00,WIND,492301,1,HCM,1,62122,1011,100,3,110,5,226,6,6,6,6,6,NA,NA,NA,NA,25/02/2024 03:02,0
25/02/2024 04:00,WIND,492301,1,HCM,1,62122,1011,90,4,90,5,324,6,6,6,6,6,NA,NA,NA,NA,25/02/2024 04:02,0
25/02/2024 05:00,WIND,492301,1,HCM,1,62122,1011,80,3,90,5,406,6,6,6,6,6,NA,NA,NA,NA,25/02/2024 05:02,0
25/02/2024 06:00,WIND,492301,1,HCM,1,62122,1011,80,4,80,7,523,6,6,6,6,6,NA,NA,NA,NA,25/02/2024 06:03,0
25/02/2024 07:00,WIND,492301,1,HCM,1,62122,1011,80,5,80,8,625,6,6,6,6,6,NA,NA,NA,NA,25/02/2024 07:02,0
25/02/2024 08:00,WIND,492301,1,HCM,1,62122,1011,90,7,70,11,748,6,6,6,6,6,NA,NA,NA,NA,25/02/2024 08:02,0
25/02/2024 09:00,WIND,492301,1,HCM,1,62122,1011,80,7,80,11,752,6,6,6,6,6,NA,NA,NA,NA,25/02/2024 09:03,0
25/02/2024 10:00,WIND,492301,1,HCM,1,62122,1011,80,8,70,15,947,6,6,6,6,6,NA,NA,NA,NA,25/02/2024 10:02,0
25/02/2024 11:00,WIND,492301,1,HCM,1,62122,1011,80,10,70,16,1005,6,6,6,6,6,NA,NA,NA,NA,25/02/2024 11:02,0
25/02/2024 12:00,WIND,492301,1,HCM,1,62122,1011,80,11,80,18,1145,6,6,6,6,6,NA,NA,NA,NA,25/02/2024 12:02,0
25/02/2024 13:00,WIND,492301,1,HCM,1,62122,1011,70,13,70,20,1228,6,6,6,6,6,NA,NA,NA,NA,25/02/2024 13:02,0
25/02/2024 14:00,WIND,492301,1,HCM,1,62122,1011,70,13,70,23,1304,6,6,6,6,6,NA,NA,NA,NA,25/02/2024 14:02,0
25/02/2024 15:00,WIND,492301,1,HCM,1,62122,1011,60,14,60,22,1410,6,6,6,6,6,NA,NA,NA,NA,25/02/2024 15:02,0
25/02/2024 16:00,WIND,492301,1,HCM,1,62122,1011,60,14,60,23,1527,6,6,6,6,6,NA,NA,NA,NA,25/02/2024 16:02,0
25/02/2024 17:00,WIND,492301,1,HCM,1,62122,1011,50,13,60,21,1602,6,6,6,6,6,NA,NA,NA,NA,25/02/2024 17:02,0
25/02/2024 18:00,WIND,492301,1,HCM,1,62122,1011,50,12,50,21,1709,6,6,6,6,6,NA,NA,NA,NA,25/02/2024 18:02,0
25/02/2024 19:00,WIND,492301,1,HCM,1,62122,1011,50,15,40,27,1830,6,6,6,6,6,NA,NA,NA,NA,25/02/2024 19:02,0
25/02/2024 20:00,WIND,492301,1,HCM,1,62122,1011,50,15,50,27,1921,6,6,6,6,6,NA,NA,NA,NA,25/02/2024 20:02,0
25/02/2024 21:00,WIND,492301,1,HCM,1,62122,1011,30,15,40,25,2010,6,6,6,6,6,NA,NA,NA,NA,25/02/2024 21:03,0
25/02/2024 22:00,WIND,492301,1,HCM,1,62122,1011,30,15,20,26,2125,6,6,6,6,6,NA,NA,NA,NA,25/02/2024 22:02,0
25/02/2024 23:00,WIND,492301,1,HCM,1,62122,1011,20,14,20,24,2216,6,6,6,6,6,NA,NA,NA,NA,25/02/2024 23:02,0
26/02/2024 00:00,WIND,492301,1,HCM,1,62122,1011,20,16,10,31,2347,6,6,6,6,6,NA,NA,NA,NA,26/02/2024 00:03,0
26/02/2024 01:00,WIND,492301,1,HCM,1,62122,1011,20,16,10,30,29,6,6,6,6,6,NA,NA,NA,NA,26/02/2024 01:02,0
26/02/2024 02:00,WIND,492301,1,HCM,1,62122,1011,20,14,10,28,135,6,6,6,6,6,NA,NA,NA,NA,26/02/2024 02:02,0
26/02/2024 03:00,WIND,492301,1,HCM,1,62122,1011,20,15,10,27,217,6,6,6,6,6,NA,NA,NA,NA,26/02/2024 03:02,0
26/02/2024 04:00,WIND,492301,1,HCM,1,62122,1011,10,16,20,29,303,6,6,6,6,6,NA,NA,NA,NA,26/02/2024 04:02,0
26/02/2024 05:00,WIND,492301,1,HCM,1,62122,1011,10,16,20,31,403,6,6,6,6,6,NA,NA,NA,NA,26/02/2024 05:02,0
26/02/2024 06:00,WIND,492301,1,HCM,1,62122,1011,10,15,360,29,453,6,6,6,6,6,NA,NA,NA,NA,26/02/2024 06:03,0
26/02/2024 07:00,WIND,492301,1,HCM,1,62122,1011,10,17,360,30,553,6,6,6,6,6,NA,NA,NA,NA,26/02/2024 07:02,0
26/02/2024 08:00,WIND,492301,1,HCM,1,62122,1011,360,16,360,28,703,6,6,6,6,6,NA,NA,NA,NA,26/02/2024 08:02,0
26/02/2024 09:00,WIND,492301,1,HCM,1,62122,1011,350,13,350,23,830,6,6,6,6,6,NA,NA,NA,NA,26/02/2024 09:03,0
26/02/2024 10:00,WIND,492301,1,HCM,1,62122,1011,360,15,360,27,900,6,6,6,6,6,NA,NA,NA,NA,26/02/2024 10:02,0
26/02/2024 11:00,WIND,492301,1,HCM,1,62122,1011,360,16,350,28,1030,6,6,6,6,6,NA,NA,NA,NA,26/02/2024 11:02,0
26/02/2024 12:00,WIND,492301,1,HCM,1,62122,1011,360,16,350,32,1051,6,6,6,6,6,NA,NA,NA,NA,26/02/2024 12:02,0
26/02/2024 13:00,WIND,492301,1,HCM,1,62122,1011,360,15,350,28,1249,6,6,6,6,6,NA,NA,NA,NA,26/02/2024 13:02,0
26/02/2024 14:00,WIND,492301,1,HCM,1,62122,1011,10,15,360,28,1250,6,6,6,6,6,NA,NA,NA,NA,26/02/2024 14:02,0
26/02/2024 15:00,WIND,492301,1,HCM,1,62122,1011,360,15,10,27,1355,6,6,6,6,6,NA,NA,NA,NA,26/02/2024 15:02,0
26/02/2024 16:00,WIND,492301,1,HCM,1,62122,1011,360,13,350,23,1513,6,6,6,6,6,NA,NA,NA,NA,26/02/2024 16:02,0
26/02/2024 17:00,WIND,492301,1,HCM,1,62122,1011,360,12,10,23,1552,6,6,6,6,6,NA,NA,NA,NA,26/02/2024 17:02,0
26/02/2024 18:00,WIND,492301,1,HCM,1,62122,1011,360,9,350,17,1701,6,6,6,6,6,NA,NA,NA,NA,26/02/2024 18:02,0
26/02/2024 19:00,WIND,492301,1,HCM,1,62122,1011,350,8,360,16,1753,6,6,6,6,6,NA,NA,NA,NA,26/02/2024 19:02,0
26/02/2024 20:00,WIND,492301,1,HCM,1,62122,1011,350,7,360,12,1948,6,6,6,6,6,NA,NA,NA,NA,26/02/2024 20:02,0
26/02/2024 21:00,WIND,492301,1,HCM,1,62122,1011,360,6,10,12,1958,6,6,6,6,6,NA,NA,NA,NA,26/02/2024 21:03,0
26/02/2024 22:00,WIND,492301,1,HCM,1,62122,1011,340,5,340,9,2117,6,6,6,6,6,NA,NA,NA,NA,26/02/2024 22:02,0
26/02/2024 23:00,WIND,492301,1,HCM,1,62122,1011,350,6,350,10,2158,6,6,6,6,6,NA,NA,NA,NA,26/02/2024 23:02,0
27/02/2024 00:00,WIND,492301,1,HCM,1,62122,1011,340,4,360,10,2250,6,6,6,6,6,NA,NA,NA,NA,27/02/2024 00:03,0
27/02/2024 01:00,WIND,492301,1,HCM,1,62122,1011,310,3,310,6,49,6,6,6,6,6,NA,NA,NA,NA,27/02/2024 01:02,0
27/02/2024 02:00,WIND,492301,1,HCM,1,62122,1011,330,6,340,8,108,6,6,6,6,6,NA,NA,NA,NA,27/02/2024 02:02,0
27/02/2024 03:00,WIND,492301,1,HCM,1,62122,1011,330,5,320,8,152,6,6,6,6,6,NA,NA,NA,NA,27/02/2024 03:02,0
27/02/2024 04:00,WIND,492301,1,HCM,1,62122,1011,60,2,360,6,250,6,6,6,6,6,NA,NA,NA,NA,27/02/2024 04:02,0
27/02/2024 05:00,WIND,492301,1,HCM,1,62122,1011,230,1,310,4,427,6,6,6,6,6,NA,NA,NA,NA,27/02/2024 05:02,0
27/02/2024 06:00,WIND,492301,1,HCM,1,62122,1011,280,3,290,7,527,6,6,6,6,6,NA,NA,NA,NA,27/02/2024 06:03,0
27/02/2024 07:00,WIND,492301,1,HCM,1,62122,1011,170,1,160,4,647,6,6,6,6,6,NA,NA,NA,NA,27/02/2024 07:02,0
27/02/2024 08:00,WIND,492301,1,HCM,1,62122,1011,190,2,180,4,729,6,6,6,6,6,NA,NA,NA,NA,27/02/2024 08:02,0
27/02/2024 09:00,WIND,492301,1,HCM,1,62122,1011,170,3,180,5,847,6,6,6,6,6,NA,NA,NA,NA,27/02/2024 09:03,0
27/02/2024 10:00,WIND,492301,1,HCM,1,62122,1011,170,3,160,5,913,6,6,6,6,6,NA,NA,NA,NA,27/02/2024 10:02,0
27/02/2024 11:00,WIND,492301,1,HCM,1,62122,1011,180,4,150,7,1021,6,6,6,6,6,NA,NA,NA,NA,27/02/2024 11:02,0
27/02/2024 12:00,WIND,492301,1,HCM,1,62122,1011,180,4,200,8,1148,6,6,6,6,6,NA,NA,NA,NA,27/02/2024 12:02,0
27/02/2024 13:00,WIND,492301,1,HCM,1,62122,1011,200,6,200,13,1248,6,6,6,6,6,NA,NA,NA,NA,27/02/2024 13:02,0
27/02/2024 14:00,WIND,492301,1,HCM,1,62122,1011,210,8,210,15,1347,6,6,6,6,6,NA,NA,NA,NA,27/02/2024 14:02,0
27/02/2024 15:00,WIND,492301,1,HCM,1,62122,1011,210,8,220,14,1415,6,6,6,6,6,NA,NA,NA,NA,27/02/2024 15:02,0
27/02/2024 16:00,WIND,492301,1,HCM,1,62122,1011,210,8,200,17,1537,6,6,6,6,6,NA,NA,NA,NA,27/02/2024 16:02,0
27/02/2024 17:00,WIND,492301,1,HCM,1,62122,1011,210,9,210,18,1610,6,6,6,6,6,NA,NA,NA,NA,27/02/2024 17:02,0
27/02/2024 18:00,WIND,492301,1,HCM,1,62122,1011,200,6,190,14,1652,6,6,6,6,6,NA,NA,NA,NA,27/02/2024 18:02,0
27/02/2024 19:00,WIND,492301,1,HCM,1,62122,1011,190,5,190,9,1818,6,6,6,6,6,NA,NA,NA,NA,27/02/2024 19:02,0
27/02/2024 20:00,WIND,492301,1,HCM,1,62122,1011,200,5,200,10,1935,6,6,6,6,6,NA,NA,NA,NA,27/02/2024 20:02,0
27/02/2024 21:00,WIND,492301,1,HCM,1,62122,1011,210,5,220,9,2007,6,6,6,6,6,NA,NA,NA,NA,27/02/2024 21:03,0
27/02/2024 22:00,WIND,492301,1,HCM,1,62122,1011,210,4,200,8,2058,6,6,6,6,6,NA,NA,NA,NA,27/02/2024 22:02,0
27/02/2024 23:00,WIND,492301,1,HCM,1,62122,1011,190,3,200,5,2151,6,6,6,6,6,NA,NA,NA,NA,27/02/2024 23:02,0
28/02/2024 00:00,WIND,492301,1,HCM,1,62122,1011,200,3,190,6,2314,6,6,6,6,6,NA,NA,NA,NA,28/02/2024 00:03,0
28/02/2024 01:00,WIND,492301,1,HCM,1,62122,1011,210,2,260,5,39,6,6,6,6,6,NA,NA,NA,NA,28/02/2024 01:02,0
28/02/2024 02:00,WIND,492301,1,HCM,1,62122,1011,210,3,230,6,110,6,6,6,6,6,NA,NA,NA,NA,28/02/2024 02:02,0
28/02/2024 03:00,WIND,492301,1,HCM,1,62122,1011,220,3,230,6,152,6,6,6,6,6,NA,NA,NA,NA,28/02/2024 03:02,0
28/02/2024 04:00,WIND,492301,1,HCM,1,62122,1011,220,3,210,7,348,6,6,6,6,6,NA,NA,NA,NA,28/02/2024 04:02,0
28/02/2024 05:00,WIND,492301,1,HCM,1,62122,1011,240,5,240,9,409,6,6,6,6,6,NA,NA,NA,NA,28/02/2024 05:02,0
28/02/2024 06:00,WIND,492301,1,HCM,1,62122,1011,230,3,220,8,547,6,6,6,6,6,NA,NA,NA,NA,28/02/2024 06:03,0
28/02/2024 07:00,WIND,492301,1,HCM,1,62122,1011,200,4,200,7,615,6,6,6,6,6,NA,NA,NA,NA,28/02/2024 07:02,0
28/02/2024 08:00,WIND,492301,1,HCM,1,62122,1011,220,5,190,9,719,6,6,6,6,6,NA,NA,NA,NA,28/02/2024 08:02,0
28/02/2024 09:00,WIND,492301,1,HCM,1,62122,1011,210,4,220,7,809,6,6,6,6,6,NA,NA,NA,NA,28/02/2024 09:03,0
28/02/2024 10:00,WIND,492301,1,HCM,1,62122,1011,190,5,200,10,946,6,6,6,6,6,NA,NA,NA,NA,28/02/2024 10:03,0
28/02/2024 11:00,WIND,492301,1,HCM,1,62122,1011,180,5,180,9,1042,6,6,6,6,6,NA,NA,NA,NA,28/02/2024 11:02,0
28/02/2024 12:00,WIND,492301,1,HCM,1,62122,1011,170,7,190,13,1111,6,6,6,6,6,NA,NA,NA,NA,28/02/2024 12:02,0
28/02/2024 13:00,WIND,492301,1,HCM,1,62122,1011,170,7,170,13,1239,6,6,6,6,6,NA,NA,NA,NA,28/02/2024 13:02,0
28/02/2024 14:00,WIND,492301,1,HCM,1,62122,1011,170,7,180,13,1323,6,6,6,6,6,NA,NA,NA,NA,28/02/2024 14:02,0
28/02/2024 15:00,WIND,492301,1,HCM,1,62122,1011,180,8,180,14,1439,6,6,6,6,6,NA,NA,NA,NA,28/02/2024 15:02,0
28/02/2024 16:00,WIND,492301,1,HCM,1,62122,1011,190,7,200,12,1527,6,6,6,6,6,NA,NA,NA,NA,28/02/2024 16:02,0
28/02/2024 17:00,WIND,492301,1,HCM,1,62122,1011,200,6,210,12,1614,6,6,6,6,6,NA,NA,NA,NA,28/02/2024 17:02,0
28/02/2024 18:00,WIND,492301,1,HCM,1,62122,1011,210,6,220,10,1747,6,6,6,6,6,NA,NA,NA,NA,28/02/2024 18:02,0
28/02/2024 19:00,WIND,492301,1,HCM,1,62122,1011,210,5,220,11,1849,6,6,6,6,6,NA,NA,NA,NA,28/02/2024 19:02,0
28/02/2024 20:00,WIND,492301,1,HCM,1,62122,1011,220,7,210,13,1949,6,6,6,6,6,NA,NA,NA,NA,28/02/2024 20:02,0
28/02/2024 21:00,WIND,492301,1,HCM,1,62122,1011,220,9,200,17,2038,6,6,6,6,6,NA,NA,NA,NA,28/02/2024 21:03,0
28/02/2024 22:00,WIND,492301,1,HCM,1,62122,1011,220,10,220,20,2110,6,6,6,6,6,NA,NA,NA,NA,28/02/2024 22:02,0
28/02/2024 23:00,WIND,492301,1,HCM,1,62122,1011,210,10,220,18,2224,6,6,6,6,6,NA,NA,NA,NA,28/02/2024 23:02,0
29/02/2024 00:00,WIND,492301,1,HCM,1,62122,1011,210,11,220,21,2317,6,6,6,6,6,NA,NA,NA,NA,29/02/2024 00:04,0
29/02/2024 01:00,WIND,492301,1,HCM,1,62122,1011,200,11,200,18,11,6,6,6,6,6,NA,NA,NA,NA,29/02/2024 01:02,0
29/02/2024 02:00,WIND,492301,1,HCM,1,62122,1011,200,11,190,18,125,6,6,6,6,6,NA,NA,NA,NA,29/02/2024 02:02,0
29/02/2024 03:00,WIND,492301,1,HCM,1,62122,1011,190,9,190,16,214,6,6,6,6,6,NA,NA,NA,NA,29/02/2024 03:02,0
29/02/2024 04:00,WIND,492301,1,HCM,1,62122,1011,190,9,190,18,323,6,6,6,6,6,NA,NA,NA,NA,29/02/2024 04:02,0
29/02/2024 05:00,WIND,492301,1,HCM,1,62122,1011,190,8,180,14,432,6,6,6,6,6,NA,NA,NA,NA,29/02/2024 05:02,0
29/02/2024 06:00,WIND,492301,1,HCM,1,62122,1011,240,9,240,19,508,6,6,6,6,6,NA,NA,NA,NA,29/02/2024 06:03,0
29/02/2024 07:00,WIND,492301,1,HCM,1,62122,1011,230,7,220,13,629,6,6,6,6,6,NA,NA,NA,NA,29/02/2024 07:02,0
29/02/2024 08:00,WIND,492301,1,HCM,1,62122,1011,230,7,240,12,738,6,6,6,6,6,NA,NA,NA,NA,29/02/2024 08:02,0
29/02/2024 09:00,WIND,492301,1,HCM,1,62122,1011,240,4,250,10,754,6,6,6,6,6,NA,NA,NA,NA,29/02/2024 09:03,0
29/02/2024 10:00,WIND,492301,1,HCM,1,62122,1011,270,3,260,6,929,6,6,6,6,6,NA,NA,NA,NA,29/02/2024 10:02,0
29/02/2024 11:00,WIND,492301,1,HCM,1,62122,1011,280,4,290,8,1047,6,6,6,6,6,NA,NA,NA,NA,29/02/2024 11:02,0
29/02/2024 12:00,WIND,492301,1,HCM,1,62122,1011,290,5,310,9,1112,6,6,6,6,6,NA,NA,NA,NA,29/02/2024 12:02,0
29/02/2024 13:00,WIND,492301,1,HCM,1,62122,1011,280,3,270,8,1151,6,6,6,6,6,NA,NA,NA,NA,29/02/2024 13:02,0
29/02/2024 14:00,WIND,492301,1,HCM,1,62122,1011,260,6,250,11,1346,6,6,6,6,6,NA,NA,NA,NA,29/02/2024 14:02,0
29/02/2024 15:00,WIND,492301,1,HCM,1,62122,1011,240,6,240,10,1350,6,6,6,6,6,NA,NA,NA,NA,29/02/2024 15:02,0
29/02/2024 16:00,WIND,492301,1,HCM,1,62122,1011,240,7,240,13,1546,6,6,6,6,6,NA,NA,NA,NA,29/02/2024 16:02,0
29/02/2024 17:00,WIND,492301,1,HCM,1,62122,1011,240,8,230,18,1646,6,6,6,6,6,NA,NA,NA,NA,29/02/2024 17:02,0
29/02/2024 18:00,WIND,492301,1,HCM,1,62122,1011,240,10,240,18,1715,6,6,6,6,6,NA,NA,NA,NA,29/02/2024 18:02,0
29/02/2024 19:00,WIND,492301,1,HCM,1,62122,1011,230,7,240,13,1755,6,6,6,6,6,NA,NA,NA,NA,29/02/2024 19:02,0
29/02/2024 20:00,WIND,492301,1,HCM,1,62122,1011,230,7,240,13,1941,6,6,6,6,6,NA,NA,NA,NA,29/02/2024 20:02,0
29/02/2024 21:00,WIND,492301,1,HCM,1,62122,1011,230,7,230,13,1952,6,6,6,6,6,NA,NA,NA,NA,29/02/2024 21:03,0
29/02/2024 22:00,WIND,492301,1,HCM,1,62122,1011,220,8,240,16,2115,6,6,6,6,6,NA,NA,NA,NA,29/02/2024 22:02,0
29/02/2024 23:00,WIND,492301,1,HCM,1,62122,1011,210,7,210,13,2223,6,6,6,6,6,NA,NA,NA,NA,29/02/2024 23:02,0
01/03/2024 00:00,WIND,492301,1,HCM,1,62122,1011,190,6,180,12,2251,6,6,6,6,6,NA,NA,NA,NA,01/03/2024 00:03,0
01/03/2024 01:00,WIND,492301,1,HCM,1,62122,1011,170,5,190,12,2358,6,6,6,6,6,NA,NA,NA,NA,01/03/2024 01:02,0
01/03/2024 02:00,WIND,492301,1,HCM,1,62122,1011,140,5,150,10,115,6,6,6,6,6,NA,NA,NA,NA,01/03/2024 02:02,0
01/03/2024 03:00,WIND,492301,1,HCM,1,62122,1011,110,7,100,13,245,6,6,6,6,6,NA,NA,NA,NA,01/03/2024 03:02,0
01/03/2024 04:00,WIND,492301,1,HCM,1,62122,1011,100,11,110,21,330,6,6,6,6,6,NA,NA,NA,NA,01/03/2024 04:02,0
01/03/2024 05:00,WIND,492301,1,HCM,1,62122,1011,120,13,110,23,419,6,6,6,6,6,NA,NA,NA,NA,01/03/2024 05:02,0
01/03/2024 06:00,WIND,492301,1,HCM,1,62122,1011,130,15,100,33,515,6,6,6,6,6,NA,NA,NA,NA,01/03/2024 06:03,0
01/03/2024 07:00,WIND,492301,1,HCM,1,62122,1011,150,9,160,24,551,6,6,6,6,6,NA,NA,NA,NA,01/03/2024 07:02,0
01/03/2024 08:00,WIND,492301,1,HCM,1,62122,1011,210,9,220,18,709,6,6,6,6,6,NA,NA,NA,NA,01/03/2024 08:02,0
01/03/2024 09:00,WIND,492301,1,HCM,1,62122,1011,200,10,180,22,832,6,6,6,6,6,NA,NA,NA,NA,01/03/2024 09:03,0
01/03/2024 10:00,WIND,492301,1,HCM,1,62122,1011,220,11,200,19,903,6,6,6,6,6,NA,NA,NA,NA,01/03/2024 10:02,0
01/03/2024 11:00,WIND,492301,1,HCM,1,62122,1011,230,9,230,19,958,6,6,6,6,6,NA,NA,NA,NA,01/03/2024 11:02,0
01/03/2024 12:00,WIND,492301,1,HCM,1,62122,1011,210,10,220,19,1141,6,6,6,6,6,NA,NA,NA,NA,01/03/2024 12:02,0
01/03/2024 13:00,WIND,492301,1,HCM,1,62122,1011,210,12,220,22,1210,6,6,6,6,6,NA,NA,NA,NA,01/03/2024 13:02,0
01/03/2024 14:00,WIND,492301,1,HCM,1,62122,1011,200,10,190,24,1253,6,6,6,6,6,NA,NA,NA,NA,01/03/2024 14:02,0
01/03/2024 15:00,WIND,492301,1,HCM,1,62122,1011,190,10,190,20,1432,6,6,6,6,6,NA,NA,NA,NA,01/03/2024 15:02,0
01/03/2024 16:00,WIND,492301,1,HCM,1,62122,1011,170,10,180,23,1521,6,6,6,6,6,NA,NA,NA,NA,01/03/2024 16:02,0
01/03/2024 17:00,WIND,492301,1,HCM,1,62122,1011,150,7,150,19,1637,6,6,6,6,6,NA,NA,NA,NA,01/03/2024 17:02,0
01/03/2024 18:00,WIND,492301,1,HCM,1,62122,1011,140,8,140,17,1734,6,6,6,6,6,NA,NA,NA,NA,01/03/2024 18:02,0
01/03/2024 19:00,WIND,492301,1,HCM,1,62122,1011,130,10,130,18,1754,6,6,6,6,6,NA,NA,NA,NA,01/03/2024 19:02,0
01/03/2024 20:00,WIND,492301,1,HCM,1,62122,1011,130,7,130,13,1925,6,6,6,6,6,NA,NA,NA,NA,01/03/2024 20:02,0
01/03/2024 21:00,WIND,492301,1,HCM,1,62122,1011,100,5,130,11,1954,6,6,6,6,6,NA,NA,NA,NA,01/03/2024 21:03,0
01/03/2024 22:00,WIND,492301,1,HCM,1,62122,1011,90,4,100,8,2111,6,6,6,6,6,NA,NA,NA,NA,01/03/2024 22:02,0
01/03/2024 23:00,WIND,492301,1,HCM,1,62122,1011,90,5,90,10,2247,6,6,6,6,6,NA,NA,NA,NA,01/03/2024 23:02,0
02/03/2024 00:00,WIND,492301,1,HCM,1,62122,1011,90,6,80,10,2327,6,6,6,6,6,NA,NA,NA,NA,02/03/2024 00:03,0
02/03/2024 01:00,WIND,492301,1,HCM,1,62122,1011,80,6,80,12,5,6,6,6,6,6,NA,NA,NA,NA,02/03/2024 01:02,0
02/03/2024 02:00,WIND,492301,1,HCM,1,62122,1011,60,6,70,9,103,6,6,6,6,6,NA,NA,NA,NA,02/03/2024 02:02,0
02/03/2024 03:00,WIND,492301,1,HCM,1,62122,1011,70,5,70,9,204,6,6,6,6,6,NA,NA,NA,NA,02/03/2024 03:02,0
02/03/2024 04:00,WIND,492301,1,HCM,1,62122,1011,40,5,30,9,332,6,6,6,6,6,NA,NA,NA,NA,02/03/2024 04:02,0
02/03/2024 05:00,WIND,492301,1,HCM,1,62122,1011,30,6,70,12,433,6,6,6,6,6,NA,NA,NA,NA,02/03/2024 05:02,0
02/03/2024 06:00,WIND,492301,1,HCM,1,62122,1011,20,3,60,8,455,6,6,6,6,6,NA,NA,NA,NA,02/03/2024 06:03,0
02/03/2024 07:00,WIND,492301,1,HCM,1,62122,1011,300,4,310,6,620,6,6,6,6,6,NA,NA,NA,NA,02/03/2024 07:02,0
02/03/2024 08:00,WIND,492301,1,HCM,1,62122,1011,260,5,250,10,747,6,6,6,6,6,NA,NA,NA,NA,02/03/2024 08:02,0
02/03/2024 09:00,WIND,492301,1,HCM,1,62122,1011,240,6,240,10,809,6,6,6,6,6,NA,NA,NA,NA,02/03/2024 09:03,0
02/03/2024 10:00,WIND,492301,1,HCM,1,62122,1011,240,6,240,10,932,6,6,6,6,6,NA,NA,NA,NA,02/03/2024 10:02,0
02/03/2024 11:00,WIND,492301,1,HCM,1,62122,1011,230,5,240,11,1043,6,6,6,6,6,NA,NA,NA,NA,02/03/2024 11:02,0
02/03/2024 12:00,WIND,492301,1,HCM,1,62122,1011,240,7,240,11,1137,6,6,6,6,6,NA,NA,NA,NA,02/03/2024 12:02,0
02/03/2024 13:00,WIND,492301,1,HCM,1,62122,1011,240,8,250,14,1219,6,6,6,6,6,NA,NA,NA,NA,02/03/2024 13:02,0
02/03/2024 14:00,WIND,492301,1,HCM,1,62122,1011,240,9,240,17,1259,6,6,6,6,6,NA,NA,NA,NA,02/03/2024 14:02,0
02/03/2024 15:00,WIND,492301,1,HCM,1,62122,1011,240,10,250,17,1409,6,6,6,6,6,NA,NA,NA,NA,02/03/2024 15:02,0
02/03/2024 16:00,WIND,492301,1,HCM,1,62122,1011,240,7,250,14,1457,6,6,6,6,6,NA,NA,NA,NA,02/03/2024 16:02,0
02/03/2024 17:00,WIND,492301,1,HCM,1,62122,1011,220,3,250,9,1550,6,6,6,6,6,NA,NA,NA,NA,02/03/2024 17:02,0
02/03/2024 18:00,WIND,492301,1,HCM,1,62122,1011,220,3,210,6,1729,6,6,6,6,6,NA,NA,NA,NA,02/03/2024 18:02,0
02/03/2024 19:00,WIND,492301,1,HCM,1,62122,1011,210,3,240,8,1802,6,6,6,6,6,NA,NA,NA,NA,02/03/2024 19:02,0
02/03/2024 20:00,WIND,492301,1,HCM,1,62122,1011,210,4,220,7,1935,6,6,6,6,6,NA,NA,NA,NA,02/03/2024 20:02,0
02/03/2024 21:00,WIND,492301,1,HCM,1,62122,1011,220,5,240,8,2037,6,6,6,6,6,NA,NA,NA,NA,02/03/2024 21:03,0
02/03/2024 22:00,WIND,492301,1,HCM,1,62122,1011,220,3,230,8,2051,6,6,6,6,6,NA,NA,NA,NA,02/03/2024 22:02,0
02/03/2024 23:00,WIND,492301,1,HCM,1,62122,1011,230,5,230,10,2226,6,6,6,6,6,NA,NA,NA,NA,02/03/2024 23:02,0
03/03/2024 00:00,WIND,492301,1,HCM,1,62122,1011,230,5,210,9,2301,6,6,6,6,6,NA,NA,NA,NA,03/03/2024 00:04,0
03/03/2024 01:00,WIND,492301,1,HCM,1,62122,1011,160,2,210,6,2356,6,6,6,6,6,NA,NA,NA,NA,03/03/2024 01:02,0
03/03/2024 02:00,WIND,492301,1,HCM,1,62122,1011,250,3,260,7,114,6,6,6,6,6,NA,NA,NA,NA,03/03/2024 02:02,0
03/03/2024 03:00,WIND,492301,1,HCM,1,62122,1011,80,2,70,6,210,6,6,6,6,6,NA,NA,NA,NA,03/03/2024 03:02,0
03/03/2024 04:00,WIND,492301,1,HCM,1,62122,1011,80,2,60,3,306,6,6,6,6,6,NA,NA,NA,NA,03/03/2024 04:02,0
03/03/2024 05:00,WIND,492301,1,HCM,1,62122,1011,180,2,100,3,419,6,6,6,6,6,NA,NA,NA,NA,03/03/2024 05:02,0
03/03/2024 06:00,WIND,492301,1,HCM,1,62122,1011,200,2,180,4,522,6,6,6,6,6,NA,NA,NA,NA,03/03/2024 06:03,0
03/03/2024 07:00,WIND,492301,1,HCM,1,62122,1011,210,1,240,3,637,6,6,6,6,6,NA,NA,NA,NA,03/03/2024 07:02,0
03/03/2024 08:00,WIND,492301,1,HCM,1,62122,1011,80,1,50,3,710,6,6,6,6,6,NA,NA,NA,NA,03/03/2024 08:02,0
03/03/2024 09:00,WIND,492301,1,HCM,1,62122,1011,140,1,90,2,849,6,6,6,6,6,NA,NA,NA,NA,03/03/2024 09:03,0
03/03/2024 10:00,WIND,492301,1,HCM,1,62122,1011,100,2,110,3,947,6,6,6,6,6,NA,NA,NA,NA,03/03/2024 10:02,0
03/03/2024 11:00,WIND,492301,1,HCM,1,62122,1011,210,3,290,6,1042,6,6,6,6,6,NA,NA,NA,NA,03/03/2024 11:02,0
03/03/2024 12:00,WIND,492301,1,HCM,1,62122,1011,230,3,250,6,1140,6,6,6,6,6,NA,NA,NA,NA,03/03/2024 12:02,0
03/03/2024 13:00,WIND,492301,1,HCM,1,62122,1011,240,5,240,11,1238,6,6,6,6,6,NA,NA,NA,NA,03/03/2024 13:02,0
03/03/2024 14:00,WIND,492301,1,HCM,1,62122,1011,250,6,240,10,1310,6,6,6,6,6,NA,NA,NA,NA,03/03/2024 14:02,0
03/03/2024 15:00,WIND,492301,1,HCM,1,62122,1011,260,5,230,9,1402,6,6,6,6,6,NA,NA,NA,NA,03/03/2024 15:02,0
03/03/2024 16:00,WIND,492301,1,HCM,1,62122,1011,260,5,270,11,1519,6,6,6,6,6,NA,NA,NA,NA,03/03/2024 16:02,0
03/03/2024 17:00,WIND,492301,1,HCM,1,62122,1011,270,4,270,7,1630,6,6,6,6,6,NA,NA,NA,NA,03/03/2024 17:02,0
03/03/2024 18:00,WIND,492301,1,HCM,1,62122,1011,280,3,290,5,1650,6,6,6,6,6,NA,NA,NA,NA,03/03/2024 18:02,0
03/03/2024 19:00,WIND,492301,1,HCM,1,62122,1011,240,1,290,3,1829,6,6,6,6,6,NA,NA,NA,NA,03/03/2024 19:02,0
03/03/2024 20:00,WIND,492301,1,HCM,1,62122,1011,90,1,60,2,1934,6,6,6,6,6,NA,NA,NA,NA,03/03/2024 20:02,0
03/03/2024 21:00,WIND,492301,1,HCM,1,62122,1011,140,1,100,2,2014,6,6,6,6,6,NA,NA,NA,NA,03/03/2024 21:03,0
03/03/2024 22:00,WIND,492301,1,HCM,1,62122,1011,140,2,120,4,2119,6,6,6,6,6,NA,NA,NA,NA,03/03/2024 22:02,0
03/03/2024 23:00,WIND,492301,1,HCM,1,62122,1011,100,2,70,3,2248,6,6,6,6,6,NA,NA,NA,NA,03/03/2024 23:02,0
04/03/2024 00:00,WIND,492301,1,HCM,1,62122,1011,150,1,70,3,2251,6,6,6,6,6,NA,NA,NA,NA,04/03/2024 00:03,0
04/03/2024 01:00,WIND,492301,1,HCM,1,62122,1011,120,1,90,4,14,6,6,6,6,6,NA,NA,NA,NA,04/03/2024 01:02,0
04/03/2024 02:00,WIND,492301,1,HCM,1,62122,1011,110,2,110,3,123,6,6,6,6,6,NA,NA,NA,NA,04/03/2024 02:02,0
04/03/2024 03:00,WIND,492301,1,HCM,1,62122,1011,90,2,90,4,155,6,6,6,6,6,NA,NA,NA,NA,04/03/2024 03:02,0
04/03/2024 04:00,WIND,492301,1,HCM,1,62122,1011,100,3,110,5,344,6,6,6,6,6,NA,NA,NA,NA,04/03/2024 04:02,0
04/03/2024 05:00,WIND,492301,1,HCM,1,62122,1011,110,2,120,5,350,6,6,6,6,6,NA,NA,NA,NA,04/03/2024 05:02,0
04/03/2024 06:00,WIND,492301,1,HCM,1,62122,1011,80,3,90,5,549,6,6,6,6,6,NA,NA,NA,NA,04/03/2024 06:03,0
04/03/2024 07:00,WIND,492301,1,HCM,1,62122,1011,90,3,100,6,646,6,6,6,6,6,NA,NA,NA,NA,04/03/2024 07:02,0
04/03/2024 08:00,WIND,492301,1,HCM,1,62122,1011,90,4,80,6,651,6,6,6,6,6,NA,NA,NA,NA,04/03/2024 08:02,0
04/03/2024 09:00,WIND,492301,1,HCM,1,62122,1011,80,5,60,7,835,6,6,6,6,6,NA,NA,NA,NA,04/03/2024 09:03,0
04/03/2024 10:00,WIND,492301,1,HCM,1,62122,1011,100,6,110,12,943,6,6,6,6,6,NA,NA,NA,NA,04/03/2024 10:02,0
04/03/2024 11:00,WIND,492301,1,HCM,1,62122,1011,110,9,110,16,1046,6,6,6,6,6,NA,NA,NA,NA,04/03/2024 11:02,0
04/03/2024 12:00,WIND,492301,1,HCM,1,62122,1011,130,10,120,21,1145,6,6,6,6,6,NA,NA,NA,NA,04/03/2024 12:02,0
04/03/2024 13:00,WIND,492301,1,HCM,1,62122,1011,130,11,150,22,1208,6,6,6,6,6,NA,NA,NA,NA,04/03/2024 13:02,0
04/03/2024 14:00,WIND,492301,1,HCM,1,62122,1011,120,11,110,19,1329,6,6,6,6,6,NA,NA,NA,NA,04/03/2024 14:02,0
04/03/2024 15:00,WIND,492301,1,HCM,1,62122,1011,130,11,120,23,1443,6,6,6,6,6,NA,NA,NA,NA,04/03/2024 15:02,0
04/03/2024 16:00,WIND,492301,1,HCM,1,62122,1011,120,12,120,27,1517,6,6,6,6,6,NA,NA,NA,NA,04/03/2024 16:02,0
04/03/2024 17:00,WIND,492301,1,HCM,1,62122,1011,120,14,130,29,1622,6,6,6,6,6,NA,NA,NA,NA,04/03/2024 17:02,0
04/03/2024 18:00,WIND,492301,1,HCM,1,62122,1011,120,14,110,28,1702,6,6,6,6,6,NA,NA,NA,NA,04/03/2024 18:02,0
04/03/2024 19:00,WIND,492301,1,HCM,1,62122,1011,120,14,110,27,1838,6,6,6,6,6,NA,NA,NA,NA,05/03/2024 00:03,0
04/03/2024 20:00,WIND,492301,1,HCM,1,62122,1011,130,12,140,26,1850,6,6,6,6,6,NA,NA,NA,NA,05/03/2024 00:03,0
04/03/2024 21:00,WIND,492301,1,HCM,1,62122,1011,170,6,120,14,1953,6,6,6,6,6,NA,NA,NA,NA,04/03/2024 21:03,0
04/03/2024 22:00,WIND,492301,1,HCM,1,62122,1011,180,4,190,9,2126,6,6,6,6,6,NA,NA,NA,NA,04/03/2024 22:02,0
04/03/2024 23:00,WIND,492301,1,HCM,1,62122,1011,150,3,160,6,2228,6,6,6,6,6,NA,NA,NA,NA,04/03/2024 23:02,0
05/03/2024 00:00,WIND,492301,1,HCM,1,62122,1011,150,3,150,8,2255,6,6,6,6,6,NA,NA,NA,NA,05/03/2024 00:03,0
05/03/2024 01:00,WIND,492301,1,HCM,1,62122,1011,140,2,140,4,8,6,6,6,6,6,NA,NA,NA,NA,05/03/2024 01:02,0
05/03/2024 02:00,WIND,492301,1,HCM,1,62122,1011,120,2,120,4,133,6,6,6,6,6,NA,NA,NA,NA,05/03/2024 02:02,0
05/03/2024 03:00,WIND,492301,1,HCM,1,62122,1011,100,3,110,4,159,6,6,6,6,6,NA,NA,NA,NA,05/03/2024 03:02,0
05/03/2024 04:00,WIND,492301,1,HCM,1,62122,1011,80,2,60,4,342,6,6,6,6,6,NA,NA,NA,NA,05/03/2024 04:02,0
05/03/2024 05:00,WIND,492301,1,HCM,1,62122,1011,150,1,70,3,351,6,6,6,6,6,NA,NA,NA,NA,05/03/2024 05:02,0
05/03/2024 06:00,WIND,492301,1,HCM,1,62122,1011,160,2,160,3,505,6,6,6,6,6,NA,NA,NA,NA,05/03/2024 06:03,0
05/03/2024 07:00,WIND,492301,1,HCM,1,62122,1011,260,3,280,5,647,6,6,6,6,6,NA,NA,NA,NA,05/03/2024 07:02,0
05/03/2024 08:00,WIND,492301,1,HCM,1,62122,1011,340,2,290,6,652,6,6,6,6,6,NA,NA,NA,NA,05/03/2024 08:02,0
05/03/2024 09:00,WIND,492301,1,HCM,1,62122,1011,30,2,70,4,825,6,6,6,6,6,NA,NA,NA,NA,05/03/2024 09:07,0
05/03/2024 10:00,WIND,492301,1,HCM,1,62122,1011,10,1,70,5,946,6,6,6,6,6,NA,NA,NA,NA,05/03/2024 10:02,0
05/03/2024 11:00,WIND,492301,1,HCM,1,62122,1011,260,3,260,7,1043,6,6,6,6,6,NA,NA,NA,NA,05/03/2024 11:02,0
05/03/2024 12:00,WIND,492301,1,HCM,1,62122,1011,280,3,280,5,1100,6,6,6,6,6,NA,NA,NA,NA,05/03/2024 12:02,0
05/03/2024 13:00,WIND,492301,1,HCM,1,62122,1011,310,3,320,8,1240,6,6,6,6,6,NA,NA,NA,NA,05/03/2024 13:02,0
05/03/2024 14:00,WIND,492301,1,HCM,1,62122,1011,290,4,280,9,1255,6,6,6,6,6,NA,NA,NA,NA,05/03/2024 14:02,0
05/03/2024 15:00,WIND,492301,1,HCM,1,62122,1011,280,5,280,10,1402,6,6,6,6,6,NA,NA,NA,NA,05/03/2024 15:02,0
05/03/2024 16:00,WIND,492301,1,HCM,1,62122,1011,270,5,260,9,1536,6,6,6,6,6,NA,NA,NA,NA,05/03/2024 16:03,0
05/03/2024 17:00,WIND,492301,1,HCM,1,62122,1011,260,6,240,12,1646,6,6,6,6,6,NA,NA,NA,NA,05/03/2024 17:02,0
05/03/2024 18:00,WIND,492301,1,HCM,1,62122,1011,250,6,240,10,1652,6,6,6,6,6,NA,NA,NA,NA,05/03/2024 18:02,0
05/03/2024 19:00,WIND,492301,1,HCM,1,62122,1011,240,5,250,8,1814,6,6,6,6,6,NA,NA,NA,NA,05/03/2024 19:02,0
05/03/2024 20:00,WIND,492301,1,HCM,1,62122,1011,250,5,250,8,1904,6,6,6,6,6,NA,NA,NA,NA,05/03/2024 20:02,0
05/03/2024 21:00,WIND,492301,1,HCM,1,62122,1011,250,6,250,8,2038,6,6,6,6,6,NA,NA,NA,NA,05/03/2024 21:03,0
05/03/2024 22:00,WIND,492301,1,HCM,1,62122,1011,230,3,240,8,2050,6,6,6,6,6,NA,NA,NA,NA,05/03/2024 22:02,0
05/03/2024 23:00,WIND,492301,1,HCM,1,62122,1011,230,2,250,6,2236,6,6,6,6,6,NA,NA,NA,NA,05/03/2024 23:02,0
06/03/2024 00:00,WIND,492301,1,HCM,1,62122,1011,100,1,120,3,2256,6,6,6,6,6,NA,NA,NA,NA,06/03/2024 00:03,0
06/03/2024 01:00,WIND,492301,1,HCM,1,62122,1011,90,1,70,2,2351,6,6,6,6,6,NA,NA,NA,NA,06/03/2024 01:02,0
06/03/2024 02:00,WIND,492301,1,HCM,1,62122,1011,180,1,240,2,110,6,6,6,6,6,NA,NA,NA,NA,06/03/2024 02:02,0
06/03/2024 03:00,WIND,492301,1,HCM,1,62122,1011,90,1,70,2,202,6,6,6,6,6,NA,NA,NA,NA,06/03/2024 03:02,0
06/03/2024 04:00,WIND,492301,1,HCM,1,62122,1011,170,1,50,8,336,6,6,6,6,6,NA,NA,NA,NA,06/03/2024 04:02,0
06/03/2024 05:00,WIND,492301,1,HCM,1,62122,1011,40,2,50,4,429,6,6,6,6,6,NA,NA,NA,NA,06/03/2024 05:02,0
06/03/2024 06:00,WIND,492301,1,HCM,1,62122,1011,110,2,70,4,509,6,6,6,6,6,NA,NA,NA,NA,06/03/2024 06:03,0
06/03/2024 07:00,WIND,492301,1,HCM,1,62122,1011,90,2,60,6,602,6,6,6,6,6,NA,NA,NA,NA,06/03/2024 07:02,0
06/03/2024 08:00,WIND,492301,1,HCM,1,62122,1011,60,2,70,5,747,6,6,6,6,6,NA,NA,NA,NA,06/03/2024 08:02,0
06/03/2024 09:00,WIND,492301,1,HCM,1,62122,1011,80,4,70,6,834,6,6,6,6,6,NA,NA,NA,NA,06/03/2024 09:03,0
06/03/2024 10:00,WIND,492301,1,HCM,1,62122,1011,80,4,60,7,935,6,6,6,6,6,NA,NA,NA,NA,06/03/2024 10:02,0
06/03/2024 11:00,WIND,492301,1,HCM,1,62122,1011,80,5,80,9,1045,6,6,6,6,6,NA,NA,NA,NA,06/03/2024 11:02,0
06/03/2024 12:00,WIND,492301,1,HCM,1,62122,1011,80,7,70,12,1056,6,6,6,6,6,NA,NA,NA,NA,06/03/2024 12:02,0
06/03/2024 13:00,WIND,492301,1,HCM,1,62122,1011,80,7,60,12,1210,6,6,6,6,6,NA,NA,NA,NA,06/03/2024 13:02,0
06/03/2024 14:00,WIND,492301,1,HCM,1,62122,1011,130,7,110,14,1324,6,6,6,6,6,NA,NA,NA,NA,06/03/2024 14:02,0
06/03/2024 15:00,WIND,492301,1,HCM,1,62122,1011,120,7,100,14,1443,6,6,6,6,6,NA,NA,NA,NA,06/03/2024 15:02,0
06/03/2024 16:00,WIND,492301,1,HCM,1,62122,1011,100,7,90,14,1517,6,6,6,6,6,NA,NA,NA,NA,06/03/2024 16:02,0
06/03/2024 17:00,WIND,492301,1,HCM,1,62122,1011,130,6,140,12,1639,6,6,6,6,6,NA,NA,NA,NA,06/03/2024 17:02,0
06/03/2024 18:00,WIND,492301,1,HCM,1,62122,1011,130,5,150,11,1655,6,6,6,6,6,NA,NA,NA,NA,06/03/2024 18:02,0
06/03/2024 19:00,WIND,492301,1,HCM,1,62122,1011,130,4,130,8,1806,6,6,6,6,6,NA,NA,NA,NA,06/03/2024 19:02,0
06/03/2024 20:00,WIND,492301,1,HCM,1,62122,1011,100,4,120,6,1852,6,6,6,6,6,NA,NA,NA,NA,06/03/2024 20:02,0
06/03/2024 21:00,WIND,492301,1,HCM,1,62122,1011,90,4,100,7,2012,6,6,6,6,6,NA,NA,NA,NA,06/03/2024 21:03,0
06/03/2024 22:00,WIND,492301,1,HCM,1,62122,1011,90,4,100,7,2145,6,6,6,6,6,NA,NA,NA,NA,06/03/2024 22:02,0
06/03/2024 23:00,WIND,492301,1,HCM,1,62122,1011,100,4,100,7,2227,6,6,6,6,6,NA,NA,NA,NA,06/03/2024 23:02,0
07/03/2024 00:00,WIND,492301,1,HCM,1,62122,1011,100,6,120,13,2338,6,6,6,6,6,NA,NA,NA,NA,07/03/2024 00:03,0
07/03/2024 01:00,WIND,492301,1,HCM,1,62122,1011,110,4,110,9,35,6,6,6,6,6,NA,NA,NA,NA,07/03/2024 01:02,0
07/03/2024 02:00,WIND,492301,1,HCM,1,62122,1011,100,6,100,12,110,6,6,6,6,6,NA,NA,NA,NA,07/03/2024 02:02,0
07/03/2024 03:00,WIND,492301,1,HCM,1,62122,1011,90,5,90,10,232,6,6,6,6,6,NA,NA,NA,NA,07/03/2024 03:02,0
07/03/2024 04:00,WIND,492301,1,HCM,1,62122,1011,70,6,90,11,256,6,6,6,6,6,NA,NA,NA,NA,07/03/2024 04:02,0
07/03/2024 05:00,WIND,492301,1,HCM,1,62122,1011,80,4,100,8,403,6,6,6,6,6,NA,NA,NA,NA,07/03/2024 05:02,0
07/03/2024 06:00,WIND,492301,1,HCM,1,62122,1011,80,6,70,15,546,6,6,6,6,6,NA,NA,NA,NA,07/03/2024 06:03,0
07/03/2024 07:00,WIND,492301,1,HCM,1,62122,1011,70,10,70,19,613,6,6,6,6,6,NA,NA,NA,NA,07/03/2024 07:02,0
07/03/2024 08:00,WIND,492301,1,HCM,1,62122,1011,60,9,70,14,653,6,6,6,6,6,NA,NA,NA,NA,07/03/2024 08:02,0
07/03/2024 09:00,WIND,492301,1,HCM,1,62122,1011,60,8,70,13,826,6,6,6,6,6,NA,NA,NA,NA,07/03/2024 09:03,0
07/03/2024 10:00,WIND,492301,1,HCM,1,62122,1011,70,10,80,16,854,6,6,6,6,6,NA,NA,NA,NA,07/03/2024 10:02,0
07/03/2024 11:00,WIND,492301,1,HCM,1,62122,1011,70,10,80,17,954,6,6,6,6,6,NA,NA,NA,NA,07/03/2024 11:02,0
07/03/2024 12:00,WIND,492301,1,HCM,1,62122,1011,70,13,70,20,1057,6,6,6,6,6,NA,NA,NA,NA,07/03/2024 12:02,0
07/03/2024 13:00,WIND,492301,1,HCM,1,62122,1011,60,12,70,20,1228,6,6,6,6,6,NA,NA,NA,NA,07/03/2024 13:02,0
07/03/2024 14:00,WIND,492301,1,HCM,1,62122,1011,60,12,60,20,1348,6,6,6,6,6,NA,NA,NA,NA,07/03/2024 14:02,0
07/03/2024 15:00,WIND,492301,1,HCM,1,62122,1011,60,12,70,20,1350,6,6,6,6,6,NA,NA,NA,NA,07/03/2024 15:02,0
07/03/2024 16:00,WIND,492301,1,HCM,1,62122,1011,60,12,60,21,1530,6,6,6,6,6,NA,NA,NA,NA,07/03/2024 16:02,0
07/03/2024 17:00,WIND,492301,1,HCM,1,62122,1011,60,12,70,21,1620,6,6,6,6,6,NA,NA,NA,NA,07/03/2024 17:02,0
07/03/2024 18:00,WIND,492301,1,HCM,1,62122,1011,60,11,70,19,1747,6,6,6,6,6,NA,NA,NA,NA,07/03/2024 18:02,0
07/03/2024 19:00,WIND,492301,1,HCM,1,62122,1011,60,11,50,19,1800,6,6,6,6,6,NA,NA,NA,NA,07/03/2024 19:02,0
07/03/2024 20:00,WIND,492301,1,HCM,1,62122,1011,60,11,50,19,1925,6,6,6,6,6,NA,NA,NA,NA,07/03/2024 20:02,0
07/03/2024 21:00,WIND,492301,1,HCM,1,62122,1011,70,13,70,22,2031,6,6,6,6,6,NA,NA,NA,NA,07/03/2024 21:02,0
07/03/2024 22:00,WIND,492301,1,HCM,1,62122,1011,70,14,70,24,2145,6,6,6,6,6,NA,NA,NA,NA,07/03/2024 22:02,0
07/03/2024 23:00,WIND,492301,1,HCM,1,62122,1011,70,12,70,21,2213,6,6,6,6,6,NA,NA,NA,NA,07/03/2024 23:02,0
08/03/2024 00:00,WIND,492301,1,HCM,1,62122,1011,60,11,60,20,2304,6,6,6,6,6,NA,NA,NA,NA,08/03/2024 00:03,0
08/03/2024 01:00,WIND,492301,1,HCM,1,62122,1011,60,9,70,15,47,6,6,6,6,6,NA,NA,NA,NA,08/03/2024 01:02,0
08/03/2024 02:00,WIND,492301,1,HCM,1,62122,1011,60,10,70,19,127,6,6,6,6,6,NA,NA,NA,NA,08/03/2024 02:02,0
08/03/2024 03:00,WIND,492301,1,HCM,1,62122,1011,60,9,50,16,249,6,6,6,6,6,NA,NA,NA,NA,08/03/2024 03:02,0
08/03/2024 04:00,WIND,492301,1,HCM,1,62122,1011,60,11,70,17,328,6,6,6,6,6,NA,NA,NA,NA,08/03/2024 04:02,0
08/03/2024 05:00,WIND,492301,1,HCM,1,62122,1011,60,12,70,20,437,6,6,6,6,6,NA,NA,NA,NA,08/03/2024 05:02,0
08/03/2024 06:00,WIND,492301,1,HCM,1,62122,1011,60,13,60,22,529,6,6,6,6,6,NA,NA,NA,NA,08/03/2024 06:03,0
08/03/2024 07:00,WIND,492301,1,HCM,1,62122,1011,70,12,50,21,631,6,6,6,6,6,NA,NA,NA,NA,08/03/2024 07:02,0
08/03/2024 08:00,WIND,492301,1,HCM,1,62122,1011,70,12,60,21,742,6,6,6,6,6,NA,NA,NA,NA,08/03/2024 08:02,0
08/03/2024 09:00,WIND,492301,1,HCM,1,62122,1011,70,14,70,31,839,6,6,6,6,6,NA,NA,NA,NA,08/03/2024 09:03,0
08/03/2024 10:00,WIND,492301,1,HCM,1,62122,1011,70,15,70,27,913,6,6,6,6,6,NA,NA,NA,NA,08/03/2024 10:02,0
08/03/2024 11:00,WIND,492301,1,HCM,1,62122,1011,70,15,70,26,954,6,6,6,6,6,NA,NA,NA,NA,08/03/2024 11:02,0
08/03/2024 12:00,WIND,492301,1,HCM,1,62122,1011,70,15,70,26,1052,6,6,6,6,6,NA,NA,NA,NA,08/03/2024 12:02,0
08/03/2024 13:00,WIND,492301,1,HCM,1,62122,1011,70,15,70,24,1159,6,6,6,6,6,NA,NA,NA,NA,08/03/2024 13:02,0
08/03/2024 14:00,WIND,492301,1,HCM,1,62122,1011,70,14,70,24,1344,6,6,6,6,6,NA,NA,NA,NA,08/03/2024 14:02,0
08/03/2024 15:00,WIND,492301,1,HCM,1,62122,1011,70,13,70,21,1424,6,6,6,6,6,NA,NA,NA,NA,08/03/2024 15:02,0
08/03/2024 16:00,WIND,492301,1,HCM,1,62122,1011,60,12,50,22,1542,6,6,6,6,6,NA,NA,NA,NA,08/03/2024 16:02,0
08/03/2024 17:00,WIND,492301,1,HCM,1,62122,1011,60,13,50,23,1553,6,6,6,6,6,NA,NA,NA,NA,08/03/2024 17:02,0
08/03/2024 18:00,WIND,492301,1,HCM,1,62122,1011,60,11,70,21,1705,6,6,6,6,6,NA,NA,NA,NA,08/03/2024 18:02,0
08/03/2024 19:00,WIND,492301,1,HCM,1,62122,1011,60,10,60,18,1840,6,6,6,6,6,NA,NA,NA,NA,08/03/2024 19:02,0
08/03/2024 20:00,WIND,492301,1,HCM,1,62122,1011,70,12,70,23,1913,6,6,6,6,6,NA,NA,NA,NA,08/03/2024 20:02,0
08/03/2024 21:00,WIND,492301,1,HCM,1,62122,1011,60,12,50,20,2038,6,6,6,6,6,NA,NA,NA,NA,08/03/2024 21:03,0
08/03/2024 22:00,WIND,492301,1,HCM,1,62122,1011,60,11,60,21,2131,6,6,6,6,6,NA,NA,NA,NA,08/03/2024 22:02,0
08/03/2024 23:00,WIND,492301,1,HCM,1,62122,1011,60,13,50,22,2159,6,6,6,6,6,NA,NA,NA,NA,08/03/2024 23:02,0
09/03/2024 00:00,WIND,492301,1,HCM,1,62122,1011,50,11,50,19,2309,6,6,6,6,6,NA,NA,NA,NA,09/03/2024 00:03,0
09/03/2024 01:00,WIND,492301,1,HCM,1,62122,1011,60,11,60,19,29,6,6,6,6,6,NA,NA,NA,NA,09/03/2024 01:02,0
09/03/2024 02:00,WIND,492301,1,HCM,1,62122,1011,50,10,50,18,148,6,6,6,6,6,NA,NA,NA,NA,09/03/2024 02:02,0
09/03/2024 03:00,WIND,492301,1,HCM,1,62122,1011,50,11,40,20,211,6,6,6,6,6,NA,NA,NA,NA,09/03/2024 03:02,0
09/03/2024 04:00,WIND,492301,1,HCM,1,62122,1011,60,12,60,22,314,6,6,6,6,6,NA,NA,NA,NA,09/03/2024 04:02,0
09/03/2024 05:00,WIND,492301,1,HCM,1,62122,1011,50,11,60,18,354,6,6,6,6,6,NA,NA,NA,NA,09/03/2024 05:02,0
09/03/2024 06:00,WIND,492301,1,HCM,1,62122,1011,40,8,40,14,541,6,6,6,6,6,NA,NA,NA,NA,09/03/2024 06:03,0
09/03/2024 07:00,WIND,492301,1,HCM,1,62122,1011,40,7,50,12,612,6,6,6,6,6,NA,NA,NA,NA,09/03/2024 07:02,0
09/03/2024 08:00,WIND,492301,1,HCM,1,62122,1011,50,8,70,17,749,6,6,6,6,6,NA,NA,NA,NA,09/03/2024 08:02,0
09/03/2024 09:00,WIND,492301,1,HCM,1,62122,1011,70,11,70,19,847,6,6,6,6,6,NA,NA,NA,NA,09/03/2024 09:03,0
09/03/2024 10:00,WIND,492301,1,HCM,1,62122,1011,80,11,90,18,859,6,6,6,6,6,NA,NA,NA,NA,09/03/2024 10:02,0
09/03/2024 11:00,WIND,492301,1,HCM,1,62122,1011,80,12,70,20,1031,6,6,6,6,6,NA,NA,NA,NA,09/03/2024 11:02,0
09/03/2024 12:00,WIND,492301,1,HCM,1,62122,1011,90,12,110,21,1051,6,6,6,6,6,NA,NA,NA,NA,09/03/2024 12:02,0
09/03/2024 13:00,WIND,492301,1,HCM,1,62122,1011,80,14,90,23,1248,6,6,6,6,6,NA,NA,NA,NA,09/03/2024 13:02,0
09/03/2024 14:00,WIND,492301,1,HCM,1,62122,1011,70,12,80,19,1305,6,6,6,6,6,NA,NA,NA,NA,09/03/2024 14:02,0
09/03/2024 15:00,WIND,492301,1,HCM,1,62122,1011,80,12,80,22,1401,6,6,6,6,6,NA,NA,NA,NA,09/03/2024 15:02,0
09/03/2024 16:00,WIND,492301,1,HCM,1,62122,1011,80,10,80,17,1451,6,6,6,6,6,NA,NA,NA,NA,09/03/2024 16:02,0
09/03/2024 17:00,WIND,492301,1,HCM,1,62122,1011,60,10,70,18,1600,6,6,6,6,6,NA,NA,NA,NA,09/03/2024 17:02,0
09/03/2024 18:00,WIND,492301,1,HCM,1,62122,1011,70,9,60,18,1715,6,6,6,6,6,NA,NA,NA,NA,09/03/2024 18:02,0
09/03/2024 19:00,WIND,492301,1,HCM,1,62122,1011,60,11,50,19,1834,6,6,6,6,6,NA,NA,NA,NA,09/03/2024 19:02,0
09/03/2024 20:00,WIND,492301,1,HCM,1,62122,1011,70,12,90,23,1915,6,6,6,6,6,NA,NA,NA,NA,09/03/2024 20:02,0
09/03/2024 21:00,WIND,492301,1,HCM,1,62122,1011,60,11,50,19,2024,6,6,6,6,6,NA,NA,NA,NA,09/03/2024 21:03,0
09/03/2024 22:00,WIND,492301,1,HCM,1,62122,1011,60,11,70,18,2050,6,6,6,6,6,NA,NA,NA,NA,09/03/2024 22:02,0
09/03/2024 23:00,WIND,492301,1,HCM,1,62122,1011,60,9,60,17,2153,6,6,6,6,6,NA,NA,NA,NA,09/03/2024 23:02,0
10/03/2024 00:00,WIND,492301,1,HCM,1,62122,1011,60,7,50,14,2250,6,6,6,6,6,NA,NA,NA,NA,10/03/2024 00:03,0
10/03/2024 01:00,WIND,492301,1,HCM,1,62122,1011,50,6,40,10,30,6,6,6,6,6,NA,NA,NA,NA,10/03/2024 01:02,0
10/03/2024 02:00,WIND,492301,1,HCM,1,62122,1011,50,5,40,10,104,6,6,6,6,6,NA,NA,NA,NA,10/03/2024 02:02,0
10/03/2024 03:00,WIND,492301,1,HCM,1,62122,1011,40,5,40,9,234,6,6,6,6,6,NA,NA,NA,NA,10/03/2024 03:02,0
10/03/2024 04:00,WIND,492301,1,HCM,1,62122,1011,50,5,50,8,327,6,6,6,6,6,NA,NA,NA,NA,10/03/2024 04:02,0
10/03/2024 05:00,WIND,492301,1,HCM,1,62122,1011,60,5,70,7,407,6,6,6,6,6,NA,NA,NA,NA,10/03/2024 05:02,0
10/03/2024 06:00,WIND,492301,1,HCM,1,62122,1011,80,4,80,7,451,6,6,6,6,6,NA,NA,NA,NA,10/03/2024 06:04,0
10/03/2024 07:00,WIND,492301,1,HCM,1,62122,1011,90,4,90,6,636,6,6,6,6,6,NA,NA,NA,NA,10/03/2024 07:02,0
10/03/2024 08:00,WIND,492301,1,HCM,1,62122,1011,80,4,70,6,739,6,6,6,6,6,NA,NA,NA,NA,10/03/2024 08:02,0
10/03/2024 09:00,WIND,492301,1,HCM,1,62122,1011,60,3,60,6,753,6,6,6,6,6,NA,NA,NA,NA,10/03/2024 09:03,0
10/03/2024 10:00,WIND,492301,1,HCM,1,62122,1011,90,4,70,9,910,6,6,6,6,6,NA,NA,NA,NA,10/03/2024 10:02,0
10/03/2024 11:00,WIND,492301,1,HCM,1,62122,1011,80,6,70,11,957,6,6,6,6,6,NA,NA,NA,NA,10/03/2024 11:02,0
10/03/2024 12:00,WIND,492301,1,HCM,1,62122,1011,80,6,70,10,1054,6,6,6,6,6,NA,NA,NA,NA,10/03/2024 12:02,0
10/03/2024 13:00,WIND,492301,1,HCM,1,62122,1011,70,6,70,10,1204,6,6,6,6,6,NA,NA,NA,NA,10/03/2024 13:02,0
10/03/2024 14:00,WIND,492301,1,HCM,1,62122,1011,70,5,50,10,1310,6,6,6,6,6,NA,NA,NA,NA,10/03/2024 14:02,0
10/03/2024 15:00,WIND,492301,1,HCM,1,62122,1011,50,5,10,12,1447,6,6,6,6,6,NA,NA,NA,NA,10/03/2024 15:02,0
10/03/2024 16:00,WIND,492301,1,HCM,1,62122,1011,20,7,40,12,1540,6,6,6,6,6,NA,NA,NA,NA,10/03/2024 16:02,0
10/03/2024 17:00,WIND,492301,1,HCM,1,62122,1011,30,7,40,11,1641,6,6,6,6,6,NA,NA,NA,NA,10/03/2024 17:02,0
10/03/2024 18:00,WIND,492301,1,HCM,1,62122,1011,30,6,40,11,1653,6,6,6,6,6,NA,NA,NA,NA,10/03/2024 18:02,0
10/03/2024 19:00,WIND,492301,1,HCM,1,62122,1011,10,4,40,7,1753,6,6,6,6,6,NA,NA,NA,NA,10/03/2024 19:02,0
10/03/2024 20:00,WIND,492301,1,HCM,1,62122,1011,320,3,300,6,1910,6,6,6,6,6,NA,NA,NA,NA,10/03/2024 20:02,0
10/03/2024 21:00,WIND,492301,1,HCM,1,62122,1011,10,5,10,8,2009,6,6,6,6,6,NA,NA,NA,NA,10/03/2024 21:02,0
10/03/2024 22:00,WIND,492301,1,HCM,1,62122,1011,10,4,350,9,2105,6,6,6,6,6,NA,NA,NA,NA,10/03/2024 22:02,0
10/03/2024 23:00,WIND,492301,1,HCM,1,62122,1011,360,5,360,8,2243,6,6,6,6,6,NA,NA,NA,NA,10/03/2024 23:02,0
11/03/2024 00:00,WIND,492301,1,HCM,1,62122,1011,360,6,20,10,2331,6,6,6,6,6,NA,NA,NA,NA,11/03/2024 00:03,0
11/03/2024 01:00,WIND,492301,1,HCM,1,62122,1011,360,6,360,10,44,6,6,6,6,6,NA,NA,NA,NA,11/03/2024 01:02,0
11/03/2024 02:00,WIND,492301,1,HCM,1,62122,1011,350,5,350,10,106,6,6,6,6,6,NA,NA,NA,NA,11/03/2024 02:02,0
11/03/2024 03:00,WIND,492301,1,HCM,1,62122,1011,350,5,360,9,249,6,6,6,6,6,NA,NA,NA,NA,11/03/2024 03:02,0
11/03/2024 04:00,WIND,492301,1,HCM,1,62122,1011,350,5,10,11,342,6,6,6,6,6,NA,NA,NA,NA,11/03/2024 04:02,0
11/03/2024 05:00,WIND,492301,1,HCM,1,62122,1011,360,7,340,12,413,6,6,6,6,6,NA,NA,NA,NA,11/03/2024 05:02,0
11/03/2024 06:00,WIND,492301,1,HCM,1,62122,1011,360,6,360,10,453,6,6,6,6,6,NA,NA,NA,NA,11/03/2024 06:03,0
11/03/2024 07:00,WIND,492301,1,HCM,1,62122,1011,350,5,350,8,642,6,6,6,6,6,NA,NA,NA,NA,11/03/2024 07:02,0
11/03/2024 08:00,WIND,492301,1,HCM,1,62122,1011,330,4,340,7,656,6,6,6,6,6,NA,NA,NA,NA,11/03/2024 08:02,0
11/03/2024 09:00,WIND,492301,1,HCM,1,62122,1011,330,5,330,9,844,6,6,6,6,6,NA,NA,NA,NA,11/03/2024 09:03,0
11/03/2024 10:00,WIND,492301,1,HCM,1,62122,1011,320,5,340,8,855,6,6,6,6,6,NA,NA,NA,NA,11/03/2024 10:02,0
11/03/2024 11:00,WIND,492301,1,HCM,1,62122,1011,310,5,310,9,958,6,6,6,6,6,NA,NA,NA,NA,11/03/2024 11:03,0
11/03/2024 12:00,WIND,492301,1,HCM,1,62122,1011,310,6,310,10,1118,6,6,6,6,6,NA,NA,NA,NA,11/03/2024 12:02,0
11/03/2024 13:00,WIND,492301,1,HCM,1,62122,1011,310,5,280,10,1230,6,6,6,6,6,NA,NA,NA,NA,11/03/2024 13:02,0
11/03/2024 14:00,WIND,492301,1,HCM,1,62122,1011,300,6,280,10,1302,6,6,6,6,6,NA,NA,NA,NA,11/03/2024 14:02,0
11/03/2024 15:00,WIND,492301,1,HCM,1,62122,1011,330,5,350,9,1416,6,6,6,6,6,NA,NA,NA,NA,11/03/2024 15:02,0
11/03/2024 16:00,WIND,492301,1,HCM,1,62122,1011,340,5,350,9,1511,6,6,6,6,6,NA,NA,NA,NA,11/03/2024 16:02,0
11/03/2024 17:00,WIND,492301,1,HCM,1,62122,1011,330,2,330,6,1632,6,6,6,6,6,NA,NA,NA,NA,11/03/2024 17:02,0
11/03/2024 18:00,WIND,492301,1,HCM,1,62122,1011,360,1,40,3,1706,6,6,6,6,6,NA,NA,NA,NA,11/03/2024 18:02,0
11/03/2024 19:00,WIND,492301,1,HCM,1,62122,1011,250,1,170,4,1835,6,6,6,6,6,NA,NA,NA,NA,11/03/2024 19:02,0
11/03/2024 20:00,WIND,492301,1,HCM,1,62122,1011,140,2,100,4,1945,6,6,6,6,6,NA,NA,NA,NA,11/03/2024 20:02,0
11/03/2024 21:00,WIND,492301,1,HCM,1,62122,1011,180,3,200,8,2049,6,6,6,6,6,NA,NA,NA,NA,11/03/2024 21:02,0
11/03/2024 22:00,WIND,492301,1,HCM,1,62122,1011,230,7,220,15,2112,6,6,6,6,6,NA,NA,NA,NA,11/03/2024 22:02,0
11/03/2024 23:00,WIND,492301,1,HCM,1,62122,1011,220,6,210,11,2208,6,6,6,6,6,NA,NA,NA,NA,11/03/2024 23:02,0
12/03/2024 00:00,WIND,492301,1,HCM,1,62122,1011,210,5,220,9,2310,6,6,6,6,6,NA,NA,NA,NA,12/03/2024 00:03,0
12/03/2024 01:00,WIND,492301,1,HCM,1,62122,1011,200,5,220,10,45,6,6,6,6,6,NA,NA,NA,NA,12/03/2024 01:02,0
12/03/2024 02:00,WIND,492301,1,HCM,1,62122,1011,200,5,190,10,102,6,6,6,6,6,NA,NA,NA,NA,12/03/2024 02:02,0
12/03/2024 03:00,WIND,492301,1,HCM,1,62122,1011,170,4,200,8,157,6,6,6,6,6,NA,NA,NA,NA,12/03/2024 03:02,0
12/03/2024 04:00,WIND,492301,1,HCM,1,62122,1011,120,6,110,10,327,6,6,6,6,6,NA,NA,NA,NA,12/03/2024 04:02,0
12/03/2024 05:00,WIND,492301,1,HCM,1,62122,1011,130,7,120,14,441,6,6,6,6,6,NA,NA,NA,NA,12/03/2024 05:02,0
12/03/2024 06:00,WIND,492301,1,HCM,1,62122,1011,160,8,160,16,517,6,6,6,6,6,NA,NA,NA,NA,12/03/2024 06:03,0
12/03/2024 07:00,WIND,492301,1,HCM,1,62122,1011,160,5,180,10,555,6,6,6,6,6,NA,NA,NA,NA,12/03/2024 07:02,0
12/03/2024 08:00,WIND,492301,1,HCM,1,62122,1011,200,6,220,18,749,6,6,6,6,6,NA,NA,NA,NA,12/03/2024 08:02,0
12/03/2024 09:00,WIND,492301,1,HCM,1,62122,1011,230,12,230,25,840,6,6,6,6,6,NA,NA,NA,NA,12/03/2024 09:03,0
12/03/2024 10:00,WIND,492301,1,HCM,1,62122,1011,230,13,250,24,852,6,6,6,6,6,NA,NA,NA,NA,12/03/2024 10:02,0
12/03/2024 11:00,WIND,492301,1,HCM,1,62122,1011,230,14,250,30,1034,6,6,6,6,6,NA,NA,NA,NA,12/03/2024 11:02,0
12/03/2024 12:00,WIND,492301,1,HCM,1,62122,1011,230,15,230,28,1050,6,6,6,6,6,NA,NA,NA,NA,12/03/2024 12:02,0
12/03/2024 13:00,WIND,492301,1,HCM,1,62122,1011,240,16,240,31,1246,6,6,6,6,6,NA,NA,NA,NA,12/03/2024 13:02,0
12/03/2024 14:00,WIND,492301,1,HCM,1,62122,1011,240,18,240,29,1316,6,6,6,6,6,NA,NA,NA,NA,12/03/2024 14:02,0
12/03/2024 15:00,WIND,492301,1,HCM,1,62122,1011,240,18,240,30,1416,6,6,6,6,6,NA,NA,NA,NA,12/03/2024 15:02,0
12/03/2024 16:00,WIND,492301,1,HCM,1,62122,1011,240,18,240,30,1531,6,6,6,6,6,NA,NA,NA,NA,12/03/2024 16:02,0
12/03/2024 17:00,WIND,492301,1,HCM,1,62122,1011,230,15,220,28,1643,6,6,6,6,6,NA,NA,NA,NA,12/03/2024 17:02,0
12/03/2024 18:00,WIND,492301,1,HCM,1,62122,1011,240,15,250,26,1736,6,6,6,6,6,NA,NA,NA,NA,12/03/2024 18:02,0
12/03/2024 19:00,WIND,492301,1,HCM,1,62122,1011,240,14,250,25,1817,6,6,6,6,6,NA,NA,NA,NA,12/03/2024 19:02,0
12/03/2024 20:00,WIND,492301,1,HCM,1,62122,1011,230,13,250,24,1852,6,6,6,6,6,NA,NA,NA,NA,12/03/2024 20:02,0
12/03/2024 21:00,WIND,492301,1,HCM,1,62122,1011,230,8,240,17,2016,6,6,6,6,6,NA,NA,NA,NA,12/03/2024 21:03,0
12/03/2024 22:00,WIND,492301,1,HCM,1,62122,1011,230,6,220,14,2149,6,6,6,6,6,NA,NA,NA,NA,12/03/2024 22:02,0
12/03/2024 23:00,WIND,492301,1,HCM,1,62122,1011,230,8,240,15,2240,6,6,6,6,6,NA,NA,NA,NA,12/03/2024 23:02,0
13/03/2024 00:00,WIND,492301,1,HCM,1,62122,1011,230,8,230,14,2328,6,6,6,6,6,NA,NA,NA,NA,13/03/2024 00:03,0
13/03/2024 01:00,WIND,492301,1,HCM,1,62122,1011,210,8,210,14,20,6,6,6,6,6,NA,NA,NA,NA,13/03/2024 01:02,0
13/03/2024 02:00,WIND,492301,1,HCM,1,62122,1011,220,8,220,14,116,6,6,6,6,6,NA,NA,NA,NA,13/03/2024 02:02,0
13/03/2024 03:00,WIND,492301,1,HCM,1,62122,1011,210,8,210,17,244,6,6,6,6,6,NA,NA,NA,NA,13/03/2024 03:02,0
13/03/2024 04:00,WIND,492301,1,HCM,1,62122,1011,210,9,190,16,344,6,6,6,6,6,NA,NA,NA,NA,13/03/2024 04:02,0
13/03/2024 05:00,WIND,492301,1,HCM,1,62122,1011,210,9,200,17,416,6,6,6,6,6,NA,NA,NA,NA,13/03/2024 05:02,0
13/03/2024 06:00,WIND,492301,1,HCM,1,62122,1011,210,9,210,17,511,6,6,6,6,6,NA,NA,NA,NA,13/03/2024 06:04,0
13/03/2024 07:00,WIND,492301,1,HCM,1,62122,1011,210,10,210,20,601,6,6,6,6,6,NA,NA,NA,NA,13/03/2024 07:02,0
13/03/2024 08:00,WIND,492301,1,HCM,1,62122,1011,190,8,180,18,737,6,6,6,6,6,NA,NA,NA,NA,13/03/2024 08:02,0
13/03/2024 09:00,WIND,492301,1,HCM,1,62122,1011,190,10,190,19,803,6,6,6,6,6,NA,NA,NA,NA,13/03/2024 09:03,0
13/03/2024 10:00,WIND,492301,1,HCM,1,62122,1011,190,10,200,17,949,6,6,6,6,6,NA,NA,NA,NA,13/03/2024 10:02,0
13/03/2024 11:00,WIND,492301,1,HCM,1,62122,1011,200,9,190,19,950,6,6,6,6,6,NA,NA,NA,NA,13/03/2024 11:02,0
13/03/2024 12:00,WIND,492301,1,HCM,1,62122,1011,200,12,210,25,1145,6,6,6,6,6,NA,NA,NA,NA,13/03/2024 12:02,0
13/03/2024 13:00,WIND,492301,1,HCM,1,62122,1011,200,13,220,23,1244,6,6,6,6,6,NA,NA,NA,NA,13/03/2024 13:02,0
13/03/2024 14:00,WIND,492301,1,HCM,1,62122,1011,200,12,210,21,1252,6,6,6,6,6,NA,NA,NA,NA,13/03/2024 14:02,0
13/03/2024 15:00,WIND,492301,1,HCM,1,62122,1011,210,11,200,21,1433,6,6,6,6,6,NA,NA,NA,NA,13/03/2024 15:02,0
13/03/2024 16:00,WIND,492301,1,HCM,1,62122,1011,210,11,190,21,1503,6,6,6,6,6,NA,NA,NA,NA,13/03/2024 16:02,0
13/03/2024 17:00,WIND,492301,1,HCM,1,62122,1011,220,9,210,19,1633,6,6,6,6,6,NA,NA,NA,NA,13/03/2024 17:02,0
13/03/2024 18:00,WIND,492301,1,HCM,1,62122,1011,200,8,220,23,1705,6,6,6,6,6,NA,NA,NA,NA,13/03/2024 18:02,0
13/03/2024 19:00,WIND,492301,1,HCM,1,62122,1011,180,7,170,14,1823,6,6,6,6,6,NA,NA,NA,NA,13/03/2024 19:02,0
13/03/2024 20:00,WIND,492301,1,HCM,1,62122,1011,170,7,180,14,1933,6,6,6,6,6,NA,NA,NA,NA,13/03/2024 20:02,0
13/03/2024 21:00,WIND,492301,1,HCM,1,62122,1011,180,9,190,18,2015,6,6,6,6,6,NA,NA,NA,NA,13/03/2024 21:03,0
13/03/2024 22:00,WIND,492301,1,HCM,1,62122,1011,170,8,190,17,2054,6,6,6,6,6,NA,NA,NA,NA,13/03/2024 22:02,0
13/03/2024 23:00,WIND,492301,1,HCM,1,62122,1011,180,8,180,15,2153,6,6,6,6,6,NA,NA,NA,NA,13/03/2024 23:02,0
14/03/2024 00:00,WIND,492301,1,HCM,1,62122,1011,170,8,170,15,2255,6,6,6,6,6,NA,NA,NA,NA,14/03/2024 00:03,0
14/03/2024 01:00,WIND,492301,1,HCM,1,62122,1011,170,7,180,14,30,6,6,6,6,6,NA,NA,NA,NA,14/03/2024 01:02,0
14/03/2024 02:00,WIND,492301,1,HCM,1,62122,1011,170,8,180,16,100,6,6,6,6,6,NA,NA,NA,NA,14/03/2024 02:02,0
14/03/2024 03:00,WIND,492301,1,HCM,1,62122,1011,160,7,160,14,216,6,6,6,6,6,NA,NA,NA,NA,14/03/2024 03:02,0
14/03/2024 04:00,WIND,492301,1,HCM,1,62122,1011,160,8,160,15,256,6,6,6,6,6,NA,NA,NA,NA,14/03/2024 04:02,0
14/03/2024 05:00,WIND,492301,1,HCM,1,62122,1011,160,7,150,16,400,6,6,6,6,6,NA,NA,NA,NA,14/03/2024 05:02,0
14/03/2024 06:00,WIND,492301,1,HCM,1,62122,1011,170,7,180,16,546,6,6,6,6,6,NA,NA,NA,NA,14/03/2024 06:03,0
14/03/2024 07:00,WIND,492301,1,HCM,1,62122,1011,180,8,190,19,610,6,6,6,6,6,NA,NA,NA,NA,14/03/2024 07:02,0
14/03/2024 08:00,WIND,492301,1,HCM,1,62122,1011,170,8,160,16,737,6,6,6,6,6,NA,NA,NA,NA,14/03/2024 08:02,0
14/03/2024 09:00,WIND,492301,1,HCM,1,62122,1011,150,7,160,16,801,6,6,6,6,6,NA,NA,NA,NA,14/03/2024 09:03,0
14/03/2024 10:00,WIND,492301,1,HCM,1,62122,1011,170,8,160,16,926,6,6,6,6,6,NA,NA,NA,NA,14/03/2024 10:02,0
14/03/2024 11:00,WIND,492301,1,HCM,1,62122,1011,180,9,180,21,1007,6,6,6,6,6,NA,NA,NA,NA,14/03/2024 11:02,0
14/03/2024 12:00,WIND,492301,1,HCM,1,62122,1011,170,9,180,19,1145,6,6,6,6,6,NA,NA,NA,NA,14/03/2024 12:02,0
14/03/2024 13:00,WIND,492301,1,HCM,1,62122,1011,180,12,170,21,1210,6,6,6,6,6,NA,NA,NA,NA,14/03/2024 13:02,0
14/03/2024 14:00,WIND,492301,1,HCM,1,62122,1011,180,11,200,22,1335,6,6,6,6,6,NA,NA,NA,NA,14/03/2024 14:02,0
14/03/2024 15:00,WIND,492301,1,HCM,1,62122,1011,180,11,170,20,1359,6,6,6,6,6,NA,NA,NA,NA,14/03/2024 15:02,0
14/03/2024 16:00,WIND,492301,1,HCM,1,62122,1011,180,11,170,23,1508,6,6,6,6,6,NA,NA,NA,NA,14/03/2024 16:02,0
14/03/2024 17:00,WIND,492301,1,HCM,1,62122,1011,180,10,180,19,1628,6,6,6,6,6,NA,NA,NA,NA,14/03/2024 17:02,0
14/03/2024 18:00,WIND,492301,1,HCM,1,62122,1011,180,9,180,18,1703,6,6,6,6,6,NA,NA,NA,NA,14/03/2024 18:02,0
14/03/2024 19:00,WIND,492301,1,HCM,1,62122,1011,180,10,200,19,1845,6,6,6,6,6,NA,NA,NA,NA,14/03/2024 19:02,0
14/03/2024 20:00,WIND,492301,1,HCM,1,62122,1011,210,10,180,23,1850,6,6,6,6,6,NA,NA,NA,NA,14/03/2024 20:02,0
14/03/2024 21:00,WIND,492301,1,HCM,1,62122,1011,190,8,180,17,2041,6,6,6,6,6,NA,NA,NA,NA,14/03/2024 21:03,0
14/03/2024 22:00,WIND,492301,1,HCM,1,62122,1011,190,10,200,20,2136,6,6,6,6,6,NA,NA,NA,NA,14/03/2024 22:02,0
14/03/2024 23:00,WIND,492301,1,HCM,1,62122,1011,200,10,200,19,2220,6,6,6,6,6,NA,NA,NA,NA,14/03/2024 23:02,0
15/03/2024 00:00,WIND,492301,1,HCM,1,62122,1011,210,9,190,18,2340,6,6,6,6,6,NA,NA,NA,NA,15/03/2024 00:03,0
15/03/2024 01:00,WIND,492301,1,HCM,1,62122,1011,220,8,210,17,12,6,6,6,6,6,NA,NA,NA,NA,15/03/2024 01:02,0
15/03/2024 02:00,WIND,492301,1,HCM,1,62122,1011,200,7,190,14,148,6,6,6,6,6,NA,NA,NA,NA,15/03/2024 02:02,0
15/03/2024 03:00,WIND,492301,1,HCM,1,62122,1011,190,8,200,15,227,6,6,6,6,6,NA,NA,NA,NA,15/03/2024 03:02,0
15/03/2024 04:00,WIND,492301,1,HCM,1,62122,1011,200,10,200,18,326,6,6,6,6,6,NA,NA,NA,NA,15/03/2024 04:02,0
15/03/2024 05:00,WIND,492301,1,HCM,1,62122,1011,200,9,190,18,356,6,6,6,6,6,NA,NA,NA,NA,15/03/2024 05:02,0
15/03/2024 06:00,WIND,492301,1,HCM,1,62122,1011,200,10,210,21,544,6,6,6,6,6,NA,NA,NA,NA,15/03/2024 06:03,0
15/03/2024 07:00,WIND,492301,1,HCM,1,62122,1011,210,10,210,19,552,6,6,6,6,6,NA,NA,NA,NA,15/03/2024 07:02,0
15/03/2024 08:00,WIND,492301,1,HCM,1,62122,1011,210,10,200,19,729,6,6,6,6,6,NA,NA,NA,NA,15/03/2024 08:02,0
15/03/2024 09:00,WIND,492301,1,HCM,1,62122,1011,210,9,230,18,838,6,6,6,6,6,NA,NA,NA,NA,15/03/2024 09:03,0
15/03/2024 10:00,WIND,492301,1,HCM,1,62122,1011,210,9,220,17,947,6,6,6,6,6,NA,NA,NA,NA,15/03/2024 10:02,0
15/03/2024 11:00,WIND,492301,1,HCM,1,62122,1011,230,10,220,18,1026,6,6,6,6,6,NA,NA,NA,NA,15/03/2024 11:02,0
15/03/2024 12:00,WIND,492301,1,HCM,1,62122,1011,230,12,220,25,1106,6,6,6,6,6,NA,NA,NA,NA,15/03/2024 12:02,0
15/03/2024 13:00,WIND,492301,1,HCM,1,62122,1011,230,13,220,24,1156,6,6,6,6,6,NA,NA,NA,NA,15/03/2024 13:02,0
15/03/2024 14:00,WIND,492301,1,HCM,1,62122,1011,230,15,230,26,1325,6,6,6,6,6,NA,NA,NA,NA,15/03/2024 14:02,0
15/03/2024 15:00,WIND,492301,1,HCM,1,62122,1011,240,15,240,25,1439,6,6,6,6,6,NA,NA,NA,NA,15/03/2024 15:02,0
15/03/2024 16:00,WIND,492301,1,HCM,1,62122,1011,240,13,250,21,1529,6,6,6,6,6,NA,NA,NA,NA,15/03/2024 16:02,0
15/03/2024 17:00,WIND,492301,1,HCM,1,62122,1011,240,11,240,19,1627,6,6,6,6,6,NA,NA,NA,NA,15/03/2024 17:02,0
15/03/2024 18:00,WIND,492301,1,HCM,1,62122,1011,240,10,240,19,1652,6,6,6,6,6,NA,NA,NA,NA,15/03/2024 18:02,0
15/03/2024 19:00,WIND,492301,1,HCM,1,62122,1011,280,6,290,12,1831,6,6,6,6,6,NA,NA,NA,NA,15/03/2024 19:02,0
15/03/2024 20:00,WIND,492301,1,HCM,1,62122,1011,290,7,280,16,1914,6,6,6,6,6,NA,NA,NA,NA,15/03/2024 20:02,0
15/03/2024 21:00,WIND,492301,1,HCM,1,62122,1011,280,6,260,12,2003,6,6,6,6,6,NA,NA,NA,NA,15/03/2024 21:03,0
15/03/2024 22:00,WIND,492301,1,HCM,1,62122,1011,280,5,280,10,2059,6,6,6,6,6,NA,NA,NA,NA,15/03/2024 22:02,0
15/03/2024 23:00,WIND,492301,1,HCM,1,62122,1011,250,5,260,9,2214,6,6,6,6,6,NA,NA,NA,NA,15/03/2024 23:02,0
16/03/2024 00:00,WIND,492301,1,HCM,1,62122,1011,260,5,260,8,2334,6,6,6,6,6,NA,NA,NA,NA,16/03/2024 00:04,0
16/03/2024 01:00,WIND,492301,1,HCM,1,62122,1011,250,5,250,10,3,6,6,6,6,6,NA,NA,NA,NA,16/03/2024 01:02,0
16/03/2024 02:00,WIND,492301,1,HCM,1,62122,1011,260,4,290,10,123,6,6,6,6,6,NA,NA,NA,NA,16/03/2024 02:02,0
16/03/2024 03:00,WIND,492301,1,HCM,1,62122,1011,270,3,280,6,201,6,6,6,6,6,NA,NA,NA,NA,16/03/2024 03:02,0
16/03/2024 04:00,WIND,492301,1,HCM,1,62122,1011,250,4,240,6,330,6,6,6,6,6,NA,NA,NA,NA,16/03/2024 04:02,0
16/03/2024 05:00,WIND,492301,1,HCM,1,62122,1011,230,3,260,6,352,6,6,6,6,6,NA,NA,NA,NA,16/03/2024 05:02,0
16/03/2024 06:00,WIND,492301,1,HCM,1,62122,1011,180,1,240,3,450,6,6,6,6,6,NA,NA,NA,NA,16/03/2024 06:03,0
16/03/2024 07:00,WIND,492301,1,HCM,1,62122,1011,100,1,70,5,551,6,6,6,6,6,NA,NA,NA,NA,16/03/2024 07:02,0
16/03/2024 08:00,WIND,492301,1,HCM,1,62122,1011,110,2,130,4,748,6,6,6,6,6,NA,NA,NA,NA,16/03/2024 08:02,0
16/03/2024 09:00,WIND,492301,1,HCM,1,62122,1011,120,3,120,6,753,6,6,6,6,6,NA,NA,NA,NA,16/03/2024 09:03,0
16/03/2024 10:00,WIND,492301,1,HCM,1,62122,1011,140,4,140,7,855,6,6,6,6,6,NA,NA,NA,NA,16/03/2024 10:02,0
16/03/2024 11:00,WIND,492301,1,HCM,1,62122,1011,130,6,110,9,958,6,6,6,6,6,NA,NA,NA,NA,16/03/2024 11:02,0
16/03/2024 12:00,WIND,492301,1,HCM,1,62122,1011,140,6,160,12,1134,6,6,6,6,6,NA,NA,NA,NA,16/03/2024 12:02,0
16/03/2024 13:00,WIND,492301,1,HCM,1,62122,1011,140,7,120,13,1156,6,6,6,6,6,NA,NA,NA,NA,16/03/2024 13:02,0
16/03/2024 14:00,WIND,492301,1,HCM,1,62122,1011,150,7,130,15,1304,6,6,6,6,6,NA,NA,NA,NA,16/03/2024 14:02,0
16/03/2024 15:00,WIND,492301,1,HCM,1,62122,1011,140,8,150,15,1400,6,6,6,6,6,NA,NA,NA,NA,16/03/2024 15:02,0
16/03/2024 16:00,WIND,492301,1,HCM,1,62122,1011,140,9,140,17,1542,6,6,6,6,6,NA,NA,NA,NA,16/03/2024 16:02,0
16/03/2024 17:00,WIND,492301,1,HCM,1,62122,1011,130,8,130,15,1605,6,6,6,6,6,NA,NA,NA,NA,16/03/2024 17:02,0
16/03/2024 18:00,WIND,492301,1,HCM,1,62122,1011,130,8,120,14,1711,6,6,6,6,6,NA,NA,NA,NA,16/03/2024 18:02,0
16/03/2024 19:00,WIND,492301,1,HCM,1,62122,1011,140,6,160,12,1846,6,6,6,6,6,NA,NA,NA,NA,16/03/2024 19:02,0
16/03/2024 20:00,WIND,492301,1,HCM,1,62122,1011,150,6,140,12,1853,6,6,6,6,6,NA,NA,NA,NA,16/03/2024 20:02,0
16/03/2024 21:00,WIND,492301,1,HCM,1,62122,1011,150,6,160,13,2043,6,6,6,6,6,NA,NA,NA,NA,16/03/2024 21:03,0
16/03/2024 22:00,WIND,492301,1,HCM,1,62122,1011,180,8,170,15,2127,6,6,6,6,6,NA,NA,NA,NA,16/03/2024 22:02,0
16/03/2024 23:00,WIND,492301,1,HCM,1,62122,1011,180,7,190,14,2234,6,6,6,6,6,NA,NA,NA,NA,16/03/2024 23:02,0
17/03/2024 00:00,WIND,492301,1,HCM,1,62122,1011,180,8,180,14,2318,6,6,6,6,6,NA,NA,NA,NA,17/03/2024 00:03,0
17/03/2024 01:00,WIND,492301,1,HCM,1,62122,1011,180,7,190,14,18,6,6,6,6,6,NA,NA,NA,NA,17/03/2024 01:02,0
17/03/2024 02:00,WIND,492301,1,HCM,1,62122,1011,170,6,180,12,54,6,6,6,6,6,NA,NA,NA,NA,17/03/2024 02:02,0
17/03/2024 03:00,WIND,492301,1,HCM,1,62122,1011,150,6,150,12,226,6,6,6,6,6,NA,NA,NA,NA,17/03/2024 03:02,0
17/03/2024 04:00,WIND,492301,1,HCM,1,62122,1011,150,6,150,12,312,6,6,6,6,6,NA,NA,NA,NA,17/03/2024 04:02,0
17/03/2024 05:00,WIND,492301,1,HCM,1,62122,1011,140,6,150,11,404,6,6,6,6,6,NA,NA,NA,NA,17/03/2024 05:02,0
17/03/2024 06:00,WIND,492301,1,HCM,1,62122,1011,150,6,160,12,514,6,6,6,6,6,NA,NA,NA,NA,17/03/2024 06:04,0
17/03/2024 07:00,WIND,492301,1,HCM,1,62122,1011,150,6,140,11,620,6,6,6,6,6,NA,NA,NA,NA,17/03/2024 07:02,0
17/03/2024 08:00,WIND,492301,1,HCM,1,62122,1011,170,4,150,10,650,6,6,6,6,6,NA,NA,NA,NA,17/03/2024 08:02,0
17/03/2024 09:00,WIND,492301,1,HCM,1,62122,1011,160,4,180,9,848,6,6,6,6,6,NA,NA,NA,NA,17/03/2024 09:03,0
17/03/2024 10:00,WIND,492301,1,HCM,1,62122,1011,190,7,210,12,941,6,6,6,6,6,NA,NA,NA,NA,17/03/2024 10:02,0
17/03/2024 11:00,WIND,492301,1,HCM,1,62122,1011,220,8,220,14,1038,6,6,6,6,6,NA,NA,NA,NA,17/03/2024 11:02,0
17/03/2024 12:00,WIND,492301,1,HCM,1,62122,1011,230,9,260,16,1135,6,6,6,6,6,NA,NA,NA,NA,17/03/2024 12:02,0
17/03/2024 13:00,WIND,492301,1,HCM,1,62122,1011,230,10,250,19,1205,6,6,6,6,6,NA,NA,NA,NA,17/03/2024 13:02,0
17/03/2024 14:00,WIND,492301,1,HCM,1,62122,1011,240,11,240,21,1308,6,6,6,6,6,NA,NA,NA,NA,17/03/2024 14:02,0
17/03/2024 15:00,WIND,492301,1,HCM,1,62122,1011,240,10,250,20,1440,6,6,6,6,6,NA,NA,NA,NA,17/03/2024 15:02,0
17/03/2024 16:00,WIND,492301,1,HCM,1,62122,1011,240,12,250,21,1541,6,6,6,6,6,NA,NA,NA,NA,17/03/2024 16:02,0
17/03/2024 17:00,WIND,492301,1,HCM,1,62122,1011,240,11,250,20,1641,6,6,6,6,6,NA,NA,NA,NA,17/03/2024 17:02,0
17/03/2024 18:00,WIND,492301,1,HCM,1,62122,1011,250,9,240,20,1651,6,6,6,6,6,NA,NA,NA,NA,17/03/2024 18:02,0
17/03/2024 19:00,WIND,492301,1,HCM,1,62122,1011,240,6,250,15,1752,6,6,6,6,6,NA,NA,NA,NA,17/03/2024 19:02,0
17/03/2024 20:00,WIND,492301,1,HCM,1,62122,1011,240,4,240,9,1936,6,6,6,6,6,NA,NA,NA,NA,17/03/2024 20:02,0
17/03/2024 21:00,WIND,492301,1,HCM,1,62122,1011,240,4,240,8,2033,6,6,6,6,6,NA,NA,NA,NA,17/03/2024 21:03,0
17/03/2024 22:00,WIND,492301,1,HCM,1,62122,1011,230,3,240,7,2107,6,6,6,6,6,NA,NA,NA,NA,17/03/2024 22:02,0
17/03/2024 23:00,WIND,492301,1,HCM,1,62122,1011,220,3,190,6,2229,6,6,6,6,6,NA,NA,NA,NA,17/03/2024 23:02,0
18/03/2024 00:00,WIND,492301,1,HCM,1,62122,1011,200,3,210,5,2345,6,6,6,6,6,NA,NA,NA,NA,18/03/2024 00:03,0
18/03/2024 01:00,WIND,492301,1,HCM,1,62122,1011,210,3,210,6,2352,6,6,6,6,6,NA,NA,NA,NA,18/03/2024 01:02,0
18/03/2024 02:00,WIND,492301,1,HCM,1,62122,1011,200,2,220,4,55,6,6,6,6,6,NA,NA,NA,NA,18/03/2024 02:02,0
18/03/2024 03:00,WIND,492301,1,HCM,1,62122,1011,180,3,170,5,233,6,6,6,6,6,NA,NA,NA,NA,18/03/2024 03:02,0
18/03/2024 04:00,WIND,492301,1,HCM,1,62122,1011,130,2,190,4,349,6,6,6,6,6,NA,NA,NA,NA,18/03/2024 04:02,0
18/03/2024 05:00,WIND,492301,1,HCM,1,62122,1011,160,3,150,5,351,6,6,6,6,6,NA,NA,NA,NA,18/03/2024 05:02,0
18/03/2024 06:00,WIND,492301,1,HCM,1,62122,1011,150,2,140,5,525,6,6,6,6,6,NA,NA,NA,NA,18/03/2024 06:03,0
18/03/2024 07:00,WIND,492301,1,HCM,1,62122,1011,150,3,170,5,635,6,6,6,6,6,NA,NA,NA,NA,18/03/2024 07:02,0
18/03/2024 08:00,WIND,492301,1,HCM,1,62122,1011,150,3,170,6,738,6,6,6,6,6,NA,NA,NA,NA,18/03/2024 08:02,0
18/03/2024 09:00,WIND,492301,1,HCM,1,62122,1011,180,5,190,9,840,6,6,6,6,6,NA,NA,NA,NA,18/03/2024 09:03,0
18/03/2024 10:00,WIND,492301,1,HCM,1,62122,1011,210,8,220,15,943,6,6,6,6,6,NA,NA,NA,NA,18/03/2024 10:02,0
18/03/2024 11:00,WIND,492301,1,HCM,1,62122,1011,210,10,200,18,1047,6,6,6,6,6,NA,NA,NA,NA,18/03/2024 11:02,0
18/03/2024 12:00,WIND,492301,1,HCM,1,62122,1011,240,9,230,19,1051,6,6,6,6,6,NA,NA,NA,NA,18/03/2024 12:02,0
18/03/2024 13:00,WIND,492301,1,HCM,1,62122,1011,250,7,250,11,1151,6,6,6,6,6,NA,NA,NA,NA,18/03/2024 13:02,0
18/03/2024 14:00,WIND,492301,1,HCM,1,62122,1011,250,9,250,15,1303,6,6,6,6,6,NA,NA,NA,NA,18/03/2024 14:02,0
18/03/2024 15:00,WIND,492301,1,HCM,1,62122,1011,240,7,220,13,1423,6,6,6,6,6,NA,NA,NA,NA,18/03/2024 15:02,0
18/03/2024 16:00,WIND,492301,1,HCM,1,62122,1011,240,8,230,17,1542,6,6,6,6,6,NA,NA,NA,NA,18/03/2024 16:02,0
18/03/2024 17:00,WIND,492301,1,HCM,1,62122,1011,210,9,240,16,1551,6,6,6,6,6,NA,NA,NA,NA,18/03/2024 17:02,0
18/03/2024 18:00,WIND,492301,1,HCM,1,62122,1011,200,9,180,17,1725,6,6,6,6,6,NA,NA,NA,NA,18/03/2024 18:02,0
18/03/2024 19:00,WIND,492301,1,HCM,1,62122,1011,180,8,180,19,1752,6,6,6,6,6,NA,NA,NA,NA,18/03/2024 19:02,0
18/03/2024 20:00,WIND,492301,1,HCM,1,62122,1011,190,9,190,16,1913,6,6,6,6,6,NA,NA,NA,NA,18/03/2024 20:02,0
18/03/2024 21:00,WIND,492301,1,HCM,1,62122,1011,190,9,190,17,2014,6,6,6,6,6,NA,NA,NA,NA,18/03/2024 21:02,0
18/03/2024 22:00,WIND,492301,1,HCM,1,62122,1011,190,8,180,15,2126,6,6,6,6,6,NA,NA,NA,NA,18/03/2024 22:02,0
18/03/2024 23:00,WIND,492301,1,HCM,1,62122,1011,190,10,180,21,2218,6,6,6,6,6,NA,NA,NA,NA,18/03/2024 23:02,0
19/03/2024 00:00,WIND,492301,1,HCM,1,62122,1011,190,9,200,17,2344,6,6,6,6,6,NA,NA,NA,NA,19/03/2024 00:03,0
19/03/2024 01:00,WIND,492301,1,HCM,1,62122,1011,170,8,210,16,2350,6,6,6,6,6,NA,NA,NA,NA,19/03/2024 01:02,0
19/03/2024 02:00,WIND,492301,1,HCM,1,62122,1011,190,10,190,18,110,6,6,6,6,6,NA,NA,NA,NA,19/03/2024 02:02,0
19/03/2024 03:00,WIND,492301,1,HCM,1,62122,1011,190,10,180,19,201,6,6,6,6,6,NA,NA,NA,NA,19/03/2024 03:02,0
19/03/2024 04:00,WIND,492301,1,HCM,1,62122,1011,180,10,180,19,342,6,6,6,6,6,NA,NA,NA,NA,19/03/2024 04:02,0
19/03/2024 05:00,WIND,492301,1,HCM,1,62122,1011,190,10,190,20,359,6,6,6,6,6,NA,NA,NA,NA,19/03/2024 05:02,0
19/03/2024 06:00,WIND,492301,1,HCM,1,62122,1011,200,11,190,20,511,6,6,6,6,6,NA,NA,NA,NA,19/03/2024 06:03,0
19/03/2024 07:00,WIND,492301,1,HCM,1,62122,1011,190,8,190,16,550,6,6,6,6,6,NA,NA,NA,NA,19/03/2024 07:02,0
19/03/2024 08:00,WIND,492301,1,HCM,1,62122,1011,200,7,210,13,708,6,6,6,6,6,NA,NA,NA,NA,19/03/2024 08:02,0
19/03/2024 09:00,WIND,492301,1,HCM,1,62122,1011,190,7,180,13,828,6,6,6,6,6,NA,NA,NA,NA,19/03/2024 09:03,0
19/03/2024 10:00,WIND,492301,1,HCM,1,62122,1011,210,7,200,16,942,6,6,6,6,6,NA,NA,NA,NA,19/03/2024 10:02,0
19/03/2024 11:00,WIND,492301,1,HCM,1,62122,1011,220,9,210,17,957,6,6,6,6,6,NA,NA,NA,NA,19/03/2024 11:02,0
19/03/2024 12:00,WIND,492301,1,HCM,1,62122,1011,260,8,250,14,1137,6,6,6,6,6,NA,NA,NA,NA,19/03/2024 12:02,0
19/03/2024 13:00,WIND,492301,1,HCM,1,62122,1011,260,9,260,15,1216,6,6,6,6,6,NA,NA,NA,NA,19/03/2024 13:02,0
19/03/2024 14:00,WIND,492301,1,HCM,1,62122,1011,260,8,260,14,1253,6,6,6,6,6,NA,NA,NA,NA,19/03/2024 14:02,0
19/03/2024 15:00,WIND,492301,1,HCM,1,62122,1011,270,6,270,10,1353,6,6,6,6,6,NA,NA,NA,NA,19/03/2024 15:02,0
19/03/2024 16:00,WIND,492301,1,HCM,1,62122,1011,260,6,280,10,1501,6,6,6,6,6,NA,NA,NA,NA,19/03/2024 16:02,0
19/03/2024 17:00,WIND,492301,1,HCM,1,62122,1011,260,5,280,9,1610,6,6,6,6,6,NA,NA,NA,NA,19/03/2024 17:02,0
19/03/2024 18:00,WIND,492301,1,HCM,1,62122,1011,250,4,260,9,1654,6,6,6,6,6,NA,NA,NA,NA,19/03/2024 18:02,0
19/03/2024 19:00,WIND,492301,1,HCM,1,62122,1011,220,3,220,6,1822,6,6,6,6,6,NA,NA,NA,NA,19/03/2024 19:02,0
19/03/2024 20:00,WIND,492301,1,HCM,1,62122,1011,170,5,160,10,1941,6,6,6,6,6,NA,NA,NA,NA,19/03/2024 20:02,0
19/03/2024 21:00,WIND,492301,1,HCM,1,62122,1011,170,5,170,10,1951,6,6,6,6,6,NA,NA,NA,NA,19/03/2024 21:03,0
19/03/2024 22:00,WIND,492301,1,HCM,1,62122,1011,140,4,170,9,2057,6,6,6,6,6,NA,NA,NA,NA,19/03/2024 22:02,0
19/03/2024 23:00,WIND,492301,1,HCM,1,62122,1011,150,4,150,11,2207,6,6,6,6,6,NA,NA,NA,NA,19/03/2024 23:02,0
20/03/2024 00:00,WIND,492301,1,HCM,1,62122,1011,170,5,170,10,2329,6,6,6,6,6,NA,NA,NA,NA,20/03/2024 00:03,0
20/03/2024 01:00,WIND,492301,1,HCM,1,62122,1011,180,7,190,11,26,6,6,6,6,6,NA,NA,NA,NA,20/03/2024 01:02,0
20/03/2024 02:00,WIND,492301,1,HCM,1,62122,1011,190,7,200,13,130,6,6,6,6,6,NA,NA,NA,NA,20/03/2024 02:02,0
20/03/2024 03:00,WIND,492301,1,HCM,1,62122,1011,190,5,200,11,159,6,6,6,6,6,NA,NA,NA,NA,20/03/2024 03:02,0
20/03/2024 04:00,WIND,492301,1,HCM,1,62122,1011,130,2,110,5,347,6,6,6,6,6,NA,NA,NA,NA,20/03/2024 04:02,0
20/03/2024 05:00,WIND,492301,1,HCM,1,62122,1011,130,3,130,5,359,6,6,6,6,6,NA,NA,NA,NA,20/03/2024 05:02,0
20/03/2024 06:00,WIND,492301,1,HCM,1,62122,1011,150,2,150,5,515,6,6,6,6,6,NA,NA,NA,NA,20/03/2024 06:03,0
20/03/2024 07:00,WIND,492301,1,HCM,1,62122,1011,130,3,120,7,627,6,6,6,6,6,NA,NA,NA,NA,20/03/2024 07:02,0
20/03/2024 08:00,WIND,492301,1,HCM,1,62122,1011,160,3,170,6,723,6,6,6,6,6,NA,NA,NA,NA,20/03/2024 08:02,0
20/03/2024 09:00,WIND,492301,1,HCM,1,62122,1011,140,3,110,6,810,6,6,6,6,6,NA,NA,NA,NA,20/03/2024 09:04,0
20/03/2024 10:00,WIND,492301,1,HCM,1,62122,1011,140,3,120,6,931,6,6,6,6,6,NA,NA,NA,NA,20/03/2024 10:02,0
20/03/2024 11:00,WIND,492301,1,HCM,1,62122,1011,210,4,200,8,1012,6,6,6,6,6,NA,NA,NA,NA,20/03/2024 11:02,0
20/03/2024 12:00,WIND,492301,1,HCM,1,62122,1011,270,4,240,8,1119,6,6,6,6,6,NA,NA,NA,NA,20/03/2024 12:02,0
20/03/2024 13:00,WIND,492301,1,HCM,1,62122,1011,290,3,340,7,1241,6,6,6,6,6,NA,NA,NA,NA,20/03/2024 13:02,0
20/03/2024 14:00,WIND,492301,1,HCM,1,62122,1011,260,5,240,11,1335,6,6,6,6,6,NA,NA,NA,NA,20/03/2024 14:02,0
20/03/2024 15:00,WIND,492301,1,HCM,1,62122,1011,250,7,240,11,1401,6,6,6,6,6,NA,NA,NA,NA,20/03/2024 15:02,0
20/03/2024 16:00,WIND,492301,1,HCM,1,62122,1011,250,9,250,17,1458,6,6,6,6,6,NA,NA,NA,NA,20/03/2024 16:02,0
20/03/2024 17:00,WIND,492301,1,HCM,1,62122,1011,250,7,250,11,1610,6,6,6,6,6,NA,NA,NA,NA,20/03/2024 17:02,0
20/03/2024 18:00,WIND,492301,1,HCM,1,62122,1011,250,7,240,12,1703,6,6,6,6,6,NA,NA,NA,NA,20/03/2024 18:02,0
20/03/2024 19:00,WIND,492301,1,HCM,1,62122,1011,240,5,240,9,1812,6,6,6,6,6,NA,NA,NA,NA,20/03/2024 19:02,0
20/03/2024 20:00,WIND,492301,1,HCM,1,62122,1011,250,4,330,7,1949,6,6,6,6,6,NA,NA,NA,NA,20/03/2024 20:02,0
20/03/2024 21:00,WIND,492301,1,HCM,1,62122,1011,340,3,340,9,1952,6,6,6,6,6,NA,NA,NA,NA,20/03/2024 21:02,0
20/03/2024 22:00,WIND,492301,1,HCM,1,62122,1011,360,5,350,11,2051,6,6,6,6,6,NA,NA,NA,NA,20/03/2024 22:02,0
20/03/2024 23:00,WIND,492301,1,HCM,1,62122,1011,10,4,350,8,2158,6,6,6,6,6,NA,NA,NA,NA,20/03/2024 23:02,0
21/03/2024 00:00,WIND,492301,1,HCM,1,62122,1011,360,2,360,5,2252,6,6,6,6,6,NA,NA,NA,NA,21/03/2024 00:03,0
21/03/2024 01:00,WIND,492301,1,HCM,1,62122,1011,350,2,20,4,10,6,6,6,6,6,NA,NA,NA,NA,21/03/2024 01:02,0
21/03/2024 02:00,WIND,492301,1,HCM,1,62122,1011,280,2,270,4,137,6,6,6,6,6,NA,NA,NA,NA,21/03/2024 02:02,0
21/03/2024 03:00,WIND,492301,1,HCM,1,62122,1011,150,2,80,4,241,6,6,6,6,6,NA,NA,NA,NA,21/03/2024 03:02,0
21/03/2024 04:00,WIND,492301,1,HCM,1,62122,1011,130,3,140,5,326,6,6,6,6,6,NA,NA,NA,NA,21/03/2024 04:02,0
21/03/2024 05:00,WIND,492301,1,HCM,1,62122,1011,200,2,220,3,446,6,6,6,6,6,NA,NA,NA,NA,21/03/2024 05:02,0
21/03/2024 06:00,WIND,492301,1,HCM,1,62122,1011,210,3,220,5,536,6,6,6,6,6,NA,NA,NA,NA,21/03/2024 06:03,0
21/03/2024 07:00,WIND,492301,1,HCM,1,62122,1011,190,3,180,6,649,6,6,6,6,6,NA,NA,NA,NA,21/03/2024 07:02,0
21/03/2024 08:00,WIND,492301,1,HCM,1,62122,1011,210,5,200,9,741,6,6,6,6,6,NA,NA,NA,NA,21/03/2024 08:02,0
21/03/2024 09:00,WIND,492301,1,HCM,1,62122,1011,230,7,220,13,837,6,6,6,6,6,NA,NA,NA,NA,21/03/2024 09:03,0
21/03/2024 10:00,WIND,492301,1,HCM,1,62122,1011,240,9,260,15,856,6,6,6,6,6,NA,NA,NA,NA,21/03/2024 10:02,0
21/03/2024 11:00,WIND,492301,1,HCM,1,62122,1011,240,10,250,16,1043,6,6,6,6,6,NA,NA,NA,NA,21/03/2024 11:02,0
21/03/2024 12:00,WIND,492301,1,HCM,1,62122,1011,230,11,220,18,1127,6,6,6,6,6,NA,NA,NA,NA,21/03/2024 12:02,0
21/03/2024 13:00,WIND,492301,1,HCM,1,62122,1011,230,11,230,18,1232,6,6,6,6,6,NA,NA,NA,NA,21/03/2024 13:03,0
21/03/2024 14:00,WIND,492301,1,HCM,1,62122,1011,230,10,220,17,1314,6,6,6,6,6,NA,NA,NA,NA,21/03/2024 14:03,0
21/03/2024 15:00,WIND,492301,1,HCM,1,62122,1011,240,10,240,17,1405,6,6,6,6,6,NA,NA,NA,NA,21/03/2024 15:03,0
21/03/2024 16:00,WIND,492301,1,HCM,1,62122,1011,240,12,230,20,1549,6,6,6,6,6,NA,NA,NA,NA,21/03/2024 16:03,0
21/03/2024 17:00,WIND,492301,1,HCM,1,62122,1011,240,13,240,20,1614,6,6,6,6,6,NA,NA,NA,NA,21/03/2024 17:03,0
21/03/2024 18:00,WIND,492301,1,HCM,1,62122,1011,240,11,230,18,1651,6,6,6,6,6,NA,NA,NA,NA,21/03/2024 18:03,0
21/03/2024 19:00,WIND,492301,1,HCM,1,62122,1011,240,12,240,20,1845,6,6,6,6,6,NA,NA,NA,NA,21/03/2024 19:03,0
21/03/2024 20:00,WIND,492301,1,HCM,1,62122,1011,240,8,240,19,1851,6,6,6,6,6,NA,NA,NA,NA,21/03/2024 20:03,0
21/03/2024 21:00,WIND,492301,1,HCM,1,62122,1011,230,7,220,12,2018,6,6,6,6,6,NA,NA,NA,NA,21/03/2024 21:03,0
21/03/2024 22:00,WIND,492301,1,HCM,1,62122,1011,230,8,230,14,2114,6,6,6,6,6,NA,NA,NA,NA,21/03/2024 22:03,0
21/03/2024 23:00,WIND,492301,1,HCM,1,62122,1011,230,10,200,19,2229,6,6,6,6,6,NA,NA,NA,NA,21/03/2024 23:03,0
22/03/2024 00:00,WIND,492301,1,HCM,1,62122,1011,230,10,240,18,2309,6,6,6,6,6,NA,NA,NA,NA,22/03/2024 00:03,0
22/03/2024 01:00,WIND,492301,1,HCM,1,62122,1011,230,10,230,22,2359,6,6,6,6,6,NA,NA,NA,NA,22/03/2024 01:03,0
22/03/2024 02:00,WIND,492301,1,HCM,1,62122,1011,210,7,230,16,57,6,6,6,6,6,NA,NA,NA,NA,22/03/2024 02:03,0
22/03/2024 03:00,WIND,492301,1,HCM,1,62122,1011,210,6,220,15,241,6,6,6,6,6,NA,NA,NA,NA,22/03/2024 03:03,0
22/03/2024 04:00,WIND,492301,1,HCM,1,62122,1011,230,10,250,18,338,6,6,6,6,6,NA,NA,NA,NA,22/03/2024 04:03,0
22/03/2024 05:00,WIND,492301,1,HCM,1,62122,1011,240,11,240,20,356,6,6,6,6,6,NA,NA,NA,NA,22/03/2024 05:03,0
22/03/2024 06:00,WIND,492301,1,HCM,1,62122,1011,230,9,240,17,529,6,6,6,6,6,NA,NA,NA,NA,22/03/2024 06:04,0
22/03/2024 07:00,WIND,492301,1,HCM,1,62122,1011,250,9,240,17,602,6,6,6,6,6,NA,NA,NA,NA,22/03/2024 07:03,0
22/03/2024 08:00,WIND,492301,1,HCM,1,62122,1011,280,3,280,7,709,6,6,6,6,6,NA,NA,NA,NA,22/03/2024 08:03,0
22/03/2024 09:00,WIND,492301,1,HCM,1,62122,1011,290,5,300,11,802,6,6,6,6,6,NA,NA,NA,NA,22/03/2024 09:03,0
22/03/2024 10:00,WIND,492301,1,HCM,1,62122,1011,270,6,240,11,941,6,6,6,6,6,NA,NA,NA,NA,22/03/2024 10:03,0
22/03/2024 11:00,WIND,492301,1,HCM,1,62122,1011,250,7,250,12,1030,6,6,6,6,6,NA,NA,NA,NA,22/03/2024 11:03,0
22/03/2024 12:00,WIND,492301,1,HCM,1,62122,1011,270,6,270,11,1142,6,6,6,6,6,NA,NA,NA,NA,22/03/2024 12:03,0
22/03/2024 13:00,WIND,492301,1,HCM,1,62122,1011,290,7,260,14,1233,6,6,6,6,6,NA,NA,NA,NA,22/03/2024 13:03,0
22/03/2024 14:00,WIND,492301,1,HCM,1,62122,1011,300,9,330,15,1328,6,6,6,6,6,NA,NA,NA,NA,22/03/2024 14:03,0
22/03/2024 15:00,WIND,492301,1,HCM,1,62122,1011,280,8,300,17,1354,6,6,6,6,6,NA,NA,NA,NA,22/03/2024 15:03,0
22/03/2024 16:00,WIND,492301,1,HCM,1,62122,1011,290,8,280,18,1526,6,6,6,6,6,NA,NA,NA,NA,22/03/2024 16:03,0
22/03/2024 17:00,WIND,492301,1,HCM,1,62122,1011,290,8,280,16,1637,6,6,6,6,6,NA,NA,NA,NA,22/03/2024 17:03,0
22/03/2024 18:00,WIND,492301,1,HCM,1,62122,1011,290,9,290,17,1703,6,6,6,6,6,NA,NA,NA,NA,22/03/2024 18:03,0
22/03/2024 19:00,WIND,492301,1,HCM,1,62122,1011,270,5,270,12,1807,6,6,6,6,6,NA,NA,NA,NA,22/03/2024 19:03,0
22/03/2024 20:00,WIND,492301,1,HCM,1,62122,1011,250,6,240,12,1946,6,6,6,6,6,NA,NA,NA,NA,22/03/2024 20:03,0
22/03/2024 21:00,WIND,492301,1,HCM,1,62122,1011,250,8,240,16,2004,6,6,6,6,6,NA,NA,NA,NA,22/03/2024 21:03,0
22/03/2024 22:00,WIND,492301,1,HCM,1,62122,1011,260,9,260,16,2117,6,6,6,6,6,NA,NA,NA,NA,22/03/2024 22:03,0
22/03/2024 23:00,WIND,492301,1,HCM,1,62122,1011,270,7,280,18,2153,6,6,6,6,6,NA,NA,NA,NA,22/03/2024 23:03,0
23/03/2024 00:00,WIND,492301,1,HCM,1,62122,1011,250,10,260,16,2251,6,6,6,6,6,NA,NA,NA,NA,23/03/2024 00:03,0
23/03/2024 01:00,WIND,492301,1,HCM,1,62122,1011,250,9,250,14,7,6,6,6,6,6,NA,NA,NA,NA,23/03/2024 01:03,0
23/03/2024 02:00,WIND,492301,1,HCM,1,62122,1011,250,10,240,16,114,6,6,6,6,6,NA,NA,NA,NA,23/03/2024 02:03,0
23/03/2024 03:00,WIND,492301,1,HCM,1,62122,1011,250,9,240,15,243,6,6,6,6,6,NA,NA,NA,NA,23/03/2024 03:03,0
23/03/2024 04:00,WIND,492301,1,HCM,1,62122,1011,240,11,250,23,305,6,6,6,6,6,NA,NA,NA,NA,23/03/2024 04:03,0
23/03/2024 05:00,WIND,492301,1,HCM,1,62122,1011,250,12,240,20,407,6,6,6,6,6,NA,NA,NA,NA,23/03/2024 05:03,0
23/03/2024 06:00,WIND,492301,1,HCM,1,62122,1011,250,12,240,22,539,6,6,6,6,6,NA,NA,NA,NA,23/03/2024 06:03,0
23/03/2024 07:00,WIND,492301,1,HCM,1,62122,1011,250,13,240,23,624,6,6,6,6,6,NA,NA,NA,NA,23/03/2024 07:03,0
23/03/2024 08:00,WIND,492301,1,HCM,1,62122,1011,250,13,240,25,736,6,6,6,6,6,NA,NA,NA,NA,23/03/2024 08:03,0
23/03/2024 09:00,WIND,492301,1,HCM,1,62122,1011,250,14,250,24,841,6,6,6,6,6,NA,NA,NA,NA,23/03/2024 09:03,0
23/03/2024 10:00,WIND,492301,1,HCM,1,62122,1011,250,14,240,25,914,6,6,6,6,6,NA,NA,NA,NA,23/03/2024 10:03,0
23/03/2024 11:00,WIND,492301,1,HCM,1,62122,1011,250,15,250,30,1048,6,6,6,6,6,NA,NA,NA,NA,23/03/2024 11:03,0
23/03/2024 12:00,WIND,492301,1,HCM,1,62122,1011,250,15,260,33,1059,6,6,6,6,6,NA,NA,NA,NA,23/03/2024 12:03,0
23/03/2024 13:00,WIND,492301,1,HCM,1,62122,1011,260,14,250,26,1219,6,6,6,6,6,NA,NA,NA,NA,23/03/2024 13:03,0
23/03/2024 14:00,WIND,492301,1,HCM,1,62122,1011,270,12,270,23,1250,6,6,6,6,6,NA,NA,NA,NA,23/03/2024 14:03,0
23/03/2024 15:00,WIND,492301,1,HCM,1,62122,1011,290,10,320,23,1401,6,6,6,6,6,NA,NA,NA,NA,23/03/2024 15:03,0
23/03/2024 16:00,WIND,492301,1,HCM,1,62122,1011,280,14,280,26,1535,6,6,6,6,6,NA,NA,NA,NA,23/03/2024 16:03,0
23/03/2024 17:00,WIND,492301,1,HCM,1,62122,1011,290,11,280,23,1552,6,6,6,6,6,NA,NA,NA,NA,23/03/2024 17:03,0
23/03/2024 18:00,WIND,492301,1,HCM,1,62122,1011,280,10,280,20,1705,6,6,6,6,6,NA,NA,NA,NA,23/03/2024 18:03,0
23/03/2024 19:00,WIND,492301,1,HCM,1,62122,1011,260,8,270,16,1758,6,6,6,6,6,NA,NA,NA,NA,23/03/2024 19:03,0
23/03/2024 20:00,WIND,492301,1,HCM,1,62122,1011,250,9,250,16,1911,6,6,6,6,6,NA,NA,NA,NA,23/03/2024 20:03,0
23/03/2024 21:00,WIND,492301,1,HCM,1,62122,1011,260,9,260,19,2045,6,6,6,6,6,NA,NA,NA,NA,23/03/2024 21:03,0
23/03/2024 22:00,WIND,492301,1,HCM,1,62122,1011,250,10,250,17,2107,6,6,6,6,6,NA,NA,NA,NA,23/03/2024 22:03,0
23/03/2024 23:00,WIND,492301,1,HCM,1,62122,1011,250,10,260,21,2150,6,6,6,6,6,NA,NA,NA,NA,23/03/2024 23:03,0
24/03/2024 00:00,WIND,492301,1,HCM,1,62122,1011,250,12,260,18,2325,6,6,6,6,6,NA,NA,NA,NA,24/03/2024 00:03,0
24/03/2024 01:00,WIND,492301,1,HCM,1,62122,1011,250,10,260,19,46,6,6,6,6,6,NA,NA,NA,NA,24/03/2024 01:03,0
24/03/2024 02:00,WIND,492301,1,HCM,1,62122,1011,250,11,240,20,53,6,6,6,6,6,NA,NA,NA,NA,24/03/2024 02:03,0
24/03/2024 03:00,WIND,492301,1,HCM,1,62122,1011,240,6,240,14,156,6,6,6,6,6,NA,NA,NA,NA,24/03/2024 03:03,0
24/03/2024 04:00,WIND,492301,1,HCM,1,62122,1011,240,6,230,11,258,6,6,6,6,6,NA,NA,NA,NA,24/03/2024 04:03,0
24/03/2024 05:00,WIND,492301,1,HCM,1,62122,1011,240,4,260,12,414,6,6,6,6,6,NA,NA,NA,NA,24/03/2024 05:03,0
24/03/2024 06:00,WIND,492301,1,HCM,1,62122,1011,250,6,250,13,547,6,6,6,6,6,NA,NA,NA,NA,24/03/2024 06:03,0
24/03/2024 07:00,WIND,492301,1,HCM,1,62122,1011,250,9,250,17,604,6,6,6,6,6,NA,NA,NA,NA,24/03/2024 07:03,0
24/03/2024 08:00,WIND,492301,1,HCM,1,62122,1011,250,9,260,16,702,6,6,6,6,6,NA,NA,NA,NA,24/03/2024 08:03,0
24/03/2024 09:00,WIND,492301,1,HCM,1,62122,1011,260,8,240,19,827,6,6,6,6,6,NA,NA,NA,NA,24/03/2024 09:03,0
24/03/2024 10:00,WIND,492301,1,HCM,1,62122,1011,250,8,250,15,856,6,6,6,6,6,NA,NA,NA,NA,24/03/2024 10:03,0
24/03/2024 11:00,WIND,492301,1,HCM,1,62122,1011,280,10,290,19,1043,6,6,6,6,6,NA,NA,NA,NA,24/03/2024 11:03,0
24/03/2024 12:00,WIND,492301,1,HCM,1,62122,1011,260,10,270,19,1059,6,6,6,6,6,NA,NA,NA,NA,24/03/2024 12:03,0
24/03/2024 13:00,WIND,492301,1,HCM,1,62122,1011,260,11,250,19,1214,6,6,6,6,6,NA,NA,NA,NA,24/03/2024 13:03,0
24/03/2024 14:00,WIND,492301,1,HCM,1,62122,1011,270,9,270,15,1308,6,6,6,6,6,NA,NA,NA,NA,24/03/2024 14:03,0
24/03/2024 15:00,WIND,492301,1,HCM,1,62122,1011,260,7,240,16,1447,6,6,6,6,6,NA,NA,NA,NA,24/03/2024 15:03,0
24/03/2024 16:00,WIND,492301,1,HCM,1,62122,1011,240,11,240,19,1537,6,6,6,6,6,NA,NA,NA,NA,24/03/2024 16:03,0
24/03/2024 17:00,WIND,492301,1,HCM,1,62122,1011,240,11,240,19,1608,6,6,6,6,6,NA,NA,NA,NA,24/03/2024 17:03,0
24/03/2024 18:00,WIND,492301,1,HCM,1,62122,1011,230,10,220,17,1731,6,6,6,6,6,NA,NA,NA,NA,24/03/2024 18:03,0
24/03/2024 19:00,WIND,492301,1,HCM,1,62122,1011,240,10,240,16,1835,6,6,6,6,6,NA,NA,NA,NA,24/03/2024 19:03,0
24/03/2024 20:00,WIND,492301,1,HCM,1,62122,1011,240,8,250,15,1855,6,6,6,6,6,NA,NA,NA,NA,24/03/2024 20:03,0
24/03/2024 21:00,WIND,492301,1,HCM,1,62122,1011,240,7,230,11,2027,6,6,6,6,6,NA,NA,NA,NA,24/03/2024 21:03,0
24/03/2024 22:00,WIND,492301,1,HCM,1,62122,1011,210,4,240,9,2050,6,6,6,6,6,NA,NA,NA,NA,24/03/2024 22:03,0
24/03/2024 23:00,WIND,492301,1,HCM,1,62122,1011,160,3,140,6,2243,6,6,6,6,6,NA,NA,NA,NA,24/03/2024 23:03,0
25/03/2024 00:00,WIND,492301,1,HCM,1,62122,1011,140,4,140,7,2325,6,6,6,6,6,NA,NA,NA,NA,25/03/2024 00:03,0
25/03/2024 01:00,WIND,492301,1,HCM,1,62122,1011,120,4,120,7,40,6,6,6,6,6,NA,NA,NA,NA,25/03/2024 01:03,0
25/03/2024 02:00,WIND,492301,1,HCM,1,62122,1011,120,7,130,13,139,6,6,6,6,6,NA,NA,NA,NA,25/03/2024 02:03,0
25/03/2024 03:00,WIND,492301,1,HCM,1,62122,1011,130,7,130,12,204,6,6,6,6,6,NA,NA,NA,NA,25/03/2024 03:03,0
25/03/2024 04:00,WIND,492301,1,HCM,1,62122,1011,130,8,130,13,338,6,6,6,6,6,NA,NA,NA,NA,25/03/2024 04:03,0
25/03/2024 05:00,WIND,492301,1,HCM,1,62122,1011,130,8,120,14,443,6,6,6,6,6,NA,NA,NA,NA,25/03/2024 05:03,0
25/03/2024 06:00,WIND,492301,1,HCM,1,62122,1011,130,9,120,16,504,6,6,6,6,6,NA,NA,NA,NA,25/03/2024 06:04,0
25/03/2024 07:00,WIND,492301,1,HCM,1,62122,1011,130,8,120,15,617,6,6,6,6,6,NA,NA,NA,NA,25/03/2024 07:03,0
25/03/2024 08:00,WIND,492301,1,HCM,1,62122,1011,140,8,150,16,735,6,6,6,6,6,NA,NA,NA,NA,25/03/2024 08:03,0
25/03/2024 09:00,WIND,492301,1,HCM,1,62122,1011,140,9,160,18,802,6,6,6,6,6,NA,NA,NA,NA,25/03/2024 09:03,0
25/03/2024 10:00,WIND,492301,1,HCM,1,62122,1011,140,11,160,20,947,6,6,6,6,6,NA,NA,NA,NA,25/03/2024 10:03,0
25/03/2024 11:00,WIND,492301,1,HCM,1,62122,1011,130,12,130,21,1033,6,6,6,6,6,NA,NA,NA,NA,25/03/2024 11:03,0
25/03/2024 12:00,WIND,492301,1,HCM,1,62122,1011,130,12,130,22,1121,6,6,6,6,6,NA,NA,NA,NA,25/03/2024 12:03,0
25/03/2024 13:00,WIND,492301,1,HCM,1,62122,1011,140,12,120,22,1153,6,6,6,6,6,NA,NA,NA,NA,25/03/2024 13:03,0
25/03/2024 14:00,WIND,492301,1,HCM,1,62122,1011,130,12,130,22,1332,6,6,6,6,6,NA,NA,NA,NA,25/03/2024 14:06,0
25/03/2024 15:00,WIND,492301,1,HCM,1,62122,1011,140,12,150,22,1445,6,6,6,6,6,NA,NA,NA,NA,25/03/2024 15:03,0
25/03/2024 16:00,WIND,492301,1,HCM,1,62122,1011,130,10,120,18,1520,6,6,6,6,6,NA,NA,NA,NA,25/03/2024 16:03,0
25/03/2024 17:00,WIND,492301,1,HCM,1,62122,1011,120,10,150,20,1618,6,6,6,6,6,NA,NA,NA,NA,25/03/2024 17:03,0
25/03/2024 18:00,WIND,492301,1,HCM,1,62122,1011,110,10,100,19,1709,6,6,6,6,6,NA,NA,NA,NA,25/03/2024 18:03,0
25/03/2024 19:00,WIND,492301,1,HCM,1,62122,1011,100,7,100,16,1801,6,6,6,6,6,NA,NA,NA,NA,25/03/2024 19:03,0
25/03/2024 20:00,WIND,492301,1,HCM,1,62122,1011,80,5,100,8,1854,6,6,6,6,6,NA,NA,NA,NA,25/03/2024 20:03,0
25/03/2024 21:00,WIND,492301,1,HCM,1,62122,1011,70,5,70,9,2032,6,6,6,6,6,NA,NA,NA,NA,25/03/2024 21:03,0
25/03/2024 22:00,WIND,492301,1,HCM,1,62122,1011,70,8,80,14,2148,6,6,6,6,6,NA,NA,NA,NA,25/03/2024 22:03,0
25/03/2024 23:00,WIND,492301,1,HCM,1,62122,1011,90,8,90,14,2202,6,6,6,6,6,NA,NA,NA,NA,25/03/2024 23:03,0
26/03/2024 00:00,WIND,492301,1,HCM,1,62122,1011,90,8,100,18,2345,6,6,6,6,6,NA,NA,NA,NA,26/03/2024 00:03,0
26/03/2024 01:00,WIND,492301,1,HCM,1,62122,1011,80,8,80,14,36,6,6,6,6,6,NA,NA,NA,NA,26/03/2024 01:03,0
26/03/2024 02:00,WIND,492301,1,HCM,1,62122,1011,90,7,100,13,134,6,6,6,6,6,NA,NA,NA,NA,26/03/2024 02:03,0
26/03/2024 03:00,WIND,492301,1,HCM,1,62122,1011,90,8,90,14,235,6,6,6,6,6,NA,NA,NA,NA,26/03/2024 03:03,0
26/03/2024 04:00,WIND,492301,1,HCM,1,62122,1011,90,7,90,13,250,6,6,6,6,6,NA,NA,NA,NA,26/03/2024 04:07,0
26/03/2024 05:00,WIND,492301,1,HCM,1,62122,1011,90,6,80,10,449,6,6,6,6,6,NA,NA,NA,NA,26/03/2024 05:03,0
26/03/2024 06:00,WIND,492301,1,HCM,1,62122,1011,80,6,80,10,519,6,6,6,6,6,NA,NA,NA,NA,26/03/2024 06:04,0
26/03/2024 07:00,WIND,492301,1,HCM,1,62122,1011,80,5,90,9,626,6,6,6,6,6,NA,NA,NA,NA,26/03/2024 07:03,0
26/03/2024 08:00,WIND,492301,1,HCM,1,62122,1011,80,4,60,8,700,6,6,6,6,6,NA,NA,NA,NA,26/03/2024 08:03,0
26/03/2024 09:00,WIND,492301,1,HCM,1,62122,1011,90,6,90,10,814,6,6,6,6,6,NA,NA,NA,NA,26/03/2024 09:03,0
26/03/2024 10:00,WIND,492301,1,HCM,1,62122,1011,90,5,80,10,852,6,6,6,6,6,NA,NA,NA,NA,26/03/2024 10:03,0
26/03/2024 11:00,WIND,492301,1,HCM,1,62122,1011,110,4,80,8,1030,6,6,6,6,6,NA,NA,NA,NA,26/03/2024 11:03,0
26/03/2024 12:00,WIND,492301,1,HCM,1,62122,1011,140,3,190,8,1148,6,6,6,6,6,NA,NA,NA,NA,26/03/2024 12:03,0
26/03/2024 13:00,WIND,492301,1,HCM,1,62122,1011,220,4,220,8,1227,6,6,6,6,6,NA,NA,NA,NA,26/03/2024 13:03,0
26/03/2024 14:00,WIND,492301,1,HCM,1,62122,1011,10,3,90,5,1332,6,6,6,6,6,NA,NA,NA,NA,26/03/2024 14:03,0
26/03/2024 15:00,WIND,492301,1,HCM,1,62122,1011,310,4,310,6,1359,6,6,6,6,6,NA,NA,NA,NA,26/03/2024 15:03,0
26/03/2024 16:00,WIND,492301,1,HCM,1,62122,1011,10,3,350,5,1508,6,6,6,6,6,NA,NA,NA,NA,26/03/2024 16:03,0
26/03/2024 17:00,WIND,492301,1,HCM,1,62122,1011,60,4,20,7,1603,6,6,6,6,6,NA,NA,NA,NA,26/03/2024 17:03,0
26/03/2024 18:00,WIND,492301,1,HCM,1,62122,1011,80,4,60,8,1745,6,6,6,6,6,NA,NA,NA,NA,26/03/2024 18:03,0
26/03/2024 19:00,WIND,492301,1,HCM,1,62122,1011,100,4,90,8,1750,6,6,6,6,6,NA,NA,NA,NA,26/03/2024 19:03,0
26/03/2024 20:00,WIND,492301,1,HCM,1,62122,1011,110,4,110,9,1904,6,6,6,6,6,NA,NA,NA,NA,26/03/2024 20:03,0
26/03/2024 21:00,WIND,492301,1,HCM,1,62122,1011,120,4,120,8,2031,6,6,6,6,6,NA,NA,NA,NA,26/03/2024 21:03,0
26/03/2024 22:00,WIND,492301,1,HCM,1,62122,1011,120,4,100,7,2133,6,6,6,6,6,NA,NA,NA,NA,26/03/2024 22:03,0
26/03/2024 23:00,WIND,492301,1,HCM,1,62122,1011,140,3,130,6,2203,6,6,6,6,6,NA,NA,NA,NA,26/03/2024 23:03,0
27/03/2024 00:00,WIND,492301,1,HCM,1,62122,1011,160,2,160,5,2345,6,6,6,6,6,NA,NA,NA,NA,27/03/2024 00:03,0
27/03/2024 01:00,WIND,492301,1,HCM,1,62122,1011,150,4,170,8,49,6,6,6,6,6,NA,NA,NA,NA,27/03/2024 01:03,0
27/03/2024 02:00,WIND,492301,1,HCM,1,62122,1011,180,5,200,11,106,6,6,6,6,6,NA,NA,NA,NA,27/03/2024 02:03,0
27/03/2024 03:00,WIND,492301,1,HCM,1,62122,1011,140,4,180,8,152,6,6,6,6,6,NA,NA,NA,NA,27/03/2024 03:03,0
27/03/2024 04:00,WIND,492301,1,HCM,1,62122,1011,140,5,150,10,328,6,6,6,6,6,NA,NA,NA,NA,27/03/2024 04:03,0
27/03/2024 05:00,WIND,492301,1,HCM,1,62122,1011,140,5,150,10,441,6,6,6,6,6,NA,NA,NA,NA,27/03/2024 05:03,0
27/03/2024 06:00,WIND,492301,1,HCM,1,62122,1011,140,6,150,17,533,6,6,6,6,6,NA,NA,NA,NA,27/03/2024 06:04,0
27/03/2024 07:00,WIND,492301,1,HCM,1,62122,1011,120,8,120,14,622,6,6,6,6,6,NA,NA,NA,NA,27/03/2024 07:03,0
27/03/2024 08:00,WIND,492301,1,HCM,1,62122,1011,130,9,160,21,726,6,6,6,6,6,NA,NA,NA,NA,27/03/2024 08:03,0
27/03/2024 09:00,WIND,492301,1,HCM,1,62122,1011,180,14,230,32,824,6,6,6,6,6,NA,NA,NA,NA,27/03/2024 09:03,0
27/03/2024 10:00,WIND,492301,1,HCM,1,62122,1011,200,10,220,21,900,6,6,6,6,6,NA,NA,NA,NA,27/03/2024 10:03,0
27/03/2024 11:00,WIND,492301,1,HCM,1,62122,1011,150,7,160,13,1026,6,6,6,6,6,NA,NA,NA,NA,27/03/2024 11:03,0
27/03/2024 12:00,WIND,492301,1,HCM,1,62122,1011,150,8,160,16,1141,6,6,6,6,6,NA,NA,NA,NA,27/03/2024 12:03,0
27/03/2024 13:00,WIND,492301,1,HCM,1,62122,1011,150,10,150,20,1236,6,6,6,6,6,NA,NA,NA,NA,27/03/2024 13:03,0
27/03/2024 14:00,WIND,492301,1,HCM,1,62122,1011,150,11,150,25,1329,6,6,6,6,6,NA,NA,NA,NA,27/03/2024 14:03,0
27/03/2024 15:00,WIND,492301,1,HCM,1,62122,1011,180,10,190,28,1403,6,6,6,6,6,NA,NA,NA,NA,27/03/2024 15:03,0
27/03/2024 16:00,WIND,492301,1,HCM,1,62122,1011,160,11,150,22,1507,6,6,6,6,6,NA,NA,NA,NA,27/03/2024 16:03,0
27/03/2024 17:00,WIND,492301,1,HCM,1,62122,1011,160,10,170,21,1615,6,6,6,6,6,NA,NA,NA,NA,27/03/2024 17:12,0
27/03/2024 18:00,WIND,492301,1,HCM,1,62122,1011,170,8,180,19,1706,6,6,6,6,6,NA,NA,NA,NA,27/03/2024 18:03,0
27/03/2024 19:00,WIND,492301,1,HCM,1,62122,1011,150,6,150,14,1842,6,6,6,6,6,NA,NA,NA,NA,27/03/2024 19:03,0
27/03/2024 20:00,WIND,492301,1,HCM,1,62122,1011,160,6,160,16,1905,6,6,6,6,6,NA,NA,NA,NA,27/03/2024 20:03,0
27/03/2024 21:00,WIND,492301,1,HCM,1,62122,1011,80,6,60,13,2047,6,6,6,6,6,NA,NA,NA,NA,27/03/2024 21:03,0
27/03/2024 22:00,WIND,492301,1,HCM,1,62122,1011,60,6,80,13,2055,6,6,6,6,6,NA,NA,NA,NA,27/03/2024 22:03,0
27/03/2024 23:00,WIND,492301,1,HCM,1,62122,1011,50,5,60,9,2215,6,6,6,6,6,NA,NA,NA,NA,27/03/2024 23:03,0
28/03/2024 00:00,WIND,492301,1,HCM,1,62122,1011,100,7,130,16,2346,6,6,6,6,6,NA,NA,NA,NA,28/03/2024 00:04,0
28/03/2024 01:00,WIND,492301,1,HCM,1,62122,1011,120,9,110,18,49,6,6,6,6,6,NA,NA,NA,NA,28/03/2024 01:03,0
28/03/2024 02:00,WIND,492301,1,HCM,1,62122,1011,140,10,120,24,105,6,6,6,6,6,NA,NA,NA,NA,28/03/2024 02:03,0
28/03/2024 03:00,WIND,492301,1,HCM,1,62122,1011,210,9,220,20,233,6,6,6,6,6,NA,NA,NA,NA,28/03/2024 03:03,0
28/03/2024 04:00,WIND,492301,1,HCM,1,62122,1011,210,10,210,20,255,6,6,6,6,6,NA,NA,NA,NA,28/03/2024 04:03,0
28/03/2024 05:00,WIND,492301,1,HCM,1,62122,1011,190,7,190,15,401,6,6,6,6,6,NA,NA,NA,NA,28/03/2024 05:03,0
28/03/2024 06:00,WIND,492301,1,HCM,1,62122,1011,160,7,200,13,540,6,6,6,6,6,NA,NA,NA,NA,28/03/2024 06:03,0
28/03/2024 07:00,WIND,492301,1,HCM,1,62122,1011,140,5,180,10,550,6,6,6,6,6,NA,NA,NA,NA,28/03/2024 07:03,0
28/03/2024 08:00,WIND,492301,1,HCM,1,62122,1011,130,7,120,13,748,6,6,6,6,6,NA,NA,NA,NA,28/03/2024 08:03,0
28/03/2024 09:00,WIND,492301,1,HCM,1,62122,1011,130,9,130,21,833,6,6,6,6,6,NA,NA,NA,NA,28/03/2024 09:03,0
28/03/2024 10:00,WIND,492301,1,HCM,1,62122,1011,120,12,120,23,924,6,6,6,6,6,NA,NA,NA,NA,28/03/2024 10:03,0
28/03/2024 11:00,WIND,492301,1,HCM,1,62122,1011,130,13,160,24,1029,6,6,6,6,6,NA,NA,NA,NA,28/03/2024 11:03,0
28/03/2024 12:00,WIND,492301,1,HCM,1,62122,1011,120,13,120,24,1106,6,6,6,6,6,NA,NA,NA,NA,28/03/2024 12:03,0
28/03/2024 13:00,WIND,492301,1,HCM,1,62122,1011,150,11,170,24,1227,6,6,6,6,6,NA,NA,NA,NA,28/03/2024 13:03,0
28/03/2024 14:00,WIND,492301,1,HCM,1,62122,1011,130,11,150,22,1301,6,6,6,6,6,NA,NA,NA,NA,28/03/2024 14:03,0
28/03/2024 15:00,WIND,492301,1,HCM,1,62122,1011,170,16,190,36,1430,6,6,6,6,6,NA,NA,NA,NA,28/03/2024 15:03,0
28/03/2024 16:00,WIND,492301,1,HCM,1,62122,1011,170,13,180,28,1505,6,6,6,6,6,NA,NA,NA,NA,28/03/2024 16:03,0
28/03/2024 17:00,WIND,492301,1,HCM,1,62122,1011,200,11,210,27,1614,6,6,6,6,6,NA,NA,NA,NA,28/03/2024 17:03,0
28/03/2024 18:00,WIND,492301,1,HCM,1,62122,1011,200,14,190,28,1739,6,6,6,6,6,NA,NA,NA,NA,28/03/2024 18:03,0
28/03/2024 19:00,WIND,492301,1,HCM,1,62122,1011,210,15,200,27,1840,6,6,6,6,6,NA,NA,NA,NA,28/03/2024 19:03,0
28/03/2024 20:00,WIND,492301,1,HCM,1,62122,1011,210,14,220,26,1851,6,6,6,6,6,NA,NA,NA,NA,28/03/2024 20:03,0
28/03/2024 21:00,WIND,492301,1,HCM,1,62122,1011,220,13,210,26,2014,6,6,6,6,6,NA,NA,NA,NA,28/03/2024 21:03,0
28/03/2024 22:00,WIND,492301,1,HCM,1,62122,1011,220,11,220,23,2059,6,6,6,6,6,NA,NA,NA,NA,28/03/2024 22:03,0
28/03/2024 23:00,WIND,492301,1,HCM,1,62122,1011,210,9,220,15,2154,6,6,6,6,6,NA,NA,NA,NA,28/03/2024 23:03,0
29/03/2024 00:00,WIND,492301,1,HCM,1,62122,1011,200,7,210,15,2258,6,6,6,6,6,NA,NA,NA,NA,29/03/2024 00:03,0
29/03/2024 01:00,WIND,492301,1,HCM,1,62122,1011,160,3,160,7,3,6,6,6,6,6,NA,NA,NA,NA,29/03/2024 01:03,0
29/03/2024 02:00,WIND,492301,1,HCM,1,62122,1011,100,3,60,7,143,6,6,6,6,6,NA,NA,NA,NA,29/03/2024 02:03,0
29/03/2024 03:00,WIND,492301,1,HCM,1,62122,1011,140,5,160,10,208,6,6,6,6,6,NA,NA,NA,NA,29/03/2024 03:03,0
29/03/2024 04:00,WIND,492301,1,HCM,1,62122,1011,130,6,140,10,309,6,6,6,6,6,NA,NA,NA,NA,29/03/2024 04:03,0
29/03/2024 05:00,WIND,492301,1,HCM,1,62122,1011,150,7,170,13,430,6,6,6,6,6,NA,NA,NA,NA,29/03/2024 05:03,0
29/03/2024 06:00,WIND,492301,1,HCM,1,62122,1011,150,7,130,14,533,6,6,6,6,6,NA,NA,NA,NA,29/03/2024 06:04,0
29/03/2024 07:00,WIND,492301,1,HCM,1,62122,1011,140,6,120,12,552,6,6,6,6,6,NA,NA,NA,NA,29/03/2024 07:03,0
29/03/2024 08:00,WIND,492301,1,HCM,1,62122,1011,170,5,180,13,745,6,6,6,6,6,NA,NA,NA,NA,29/03/2024 08:03,0
29/03/2024 09:00,WIND,492301,1,HCM,1,62122,1011,190,10,190,18,805,6,6,6,6,6,NA,NA,NA,NA,29/03/2024 09:03,0
29/03/2024 10:00,WIND,492301,1,HCM,1,62122,1011,190,10,180,19,946,6,6,6,6,6,NA,NA,NA,NA,29/03/2024 10:03,0
29/03/2024 11:00,WIND,492301,1,HCM,1,62122,1011,190,9,170,21,957,6,6,6,6,6,NA,NA,NA,NA,29/03/2024 11:03,0
29/03/2024 12:00,WIND,492301,1,HCM,1,62122,1011,180,12,190,25,1139,6,6,6,6,6,NA,NA,NA,NA,29/03/2024 12:03,0
29/03/2024 13:00,WIND,492301,1,HCM,1,62122,1011,180,14,170,25,1247,6,6,6,6,6,NA,NA,NA,NA,29/03/2024 13:03,0
29/03/2024 14:00,WIND,492301,1,HCM,1,62122,1011,190,14,180,25,1301,6,6,6,6,6,NA,NA,NA,NA,29/03/2024 14:03,0
29/03/2024 15:00,WIND,492301,1,HCM,1,62122,1011,200,13,190,25,1419,6,6,6,6,6,NA,NA,NA,NA,29/03/2024 15:03,0
29/03/2024 16:00,WIND,492301,1,HCM,1,62122,1011,190,13,200,25,1516,6,6,6,6,6,NA,NA,NA,NA,29/03/2024 16:03,0
29/03/2024 17:00,WIND,492301,1,HCM,1,62122,1011,240,10,240,21,1608,6,6,6,6,6,NA,NA,NA,NA,29/03/2024 17:03,0
29/03/2024 18:00,WIND,492301,1,HCM,1,62122,1011,240,9,250,21,1657,6,6,6,6,6,NA,NA,NA,NA,29/03/2024 18:03,0
29/03/2024 19:00,WIND,492301,1,HCM,1,62122,1011,240,7,260,26,1815,6,6,6,6,6,NA,NA,NA,NA,29/03/2024 19:03,0
29/03/2024 20:00,WIND,492301,1,HCM,1,62122,1011,180,5,170,11,1935,6,6,6,6,6,NA,NA,NA,NA,29/03/2024 20:03,0
29/03/2024 21:00,WIND,492301,1,HCM,1,62122,1011,170,6,190,12,2008,6,6,6,6,6,NA,NA,NA,NA,29/03/2024 21:03,0
29/03/2024 22:00,WIND,492301,1,HCM,1,62122,1011,170,7,170,13,2113,6,6,6,6,6,NA,NA,NA,NA,29/03/2024 22:03,0
29/03/2024 23:00,WIND,492301,1,HCM,1,62122,1011,160,5,170,10,2242,6,6,6,6,6,NA,NA,NA,NA,29/03/2024 23:03,0
30/03/2024 00:00,WIND,492301,1,HCM,1,62122,1011,160,5,160,9,2259,6,6,6,6,6,NA,NA,NA,NA,30/03/2024 00:04,0
30/03/2024 01:00,WIND,492301,1,HCM,1,62122,1011,150,4,160,9,15,6,6,6,6,6,NA,NA,NA,NA,30/03/2024 01:03,0
30/03/2024 02:00,WIND,492301,1,HCM,1,62122,1011,130,4,150,8,102,6,6,6,6,6,NA,NA,NA,NA,30/03/2024 02:03,0
30/03/2024 03:00,WIND,492301,1,HCM,1,62122,1011,150,4,140,8,151,6,6,6,6,6,NA,NA,NA,NA,30/03/2024 03:03,0
30/03/2024 04:00,WIND,492301,1,HCM,1,62122,1011,150,4,150,8,328,6,6,6,6,6,NA,NA,NA,NA,30/03/2024 04:03,0
30/03/2024 05:00,WIND,492301,1,HCM,1,62122,1011,90,3,80,5,440,6,6,6,6,6,NA,NA,NA,NA,30/03/2024 05:03,0
30/03/2024 06:00,WIND,492301,1,HCM,1,62122,1011,100,4,120,7,501,6,6,6,6,6,NA,NA,NA,NA,30/03/2024 06:03,0
30/03/2024 07:00,WIND,492301,1,HCM,1,62122,1011,130,3,130,6,619,6,6,6,6,6,NA,NA,NA,NA,30/03/2024 07:03,0
30/03/2024 08:00,WIND,492301,1,HCM,1,62122,1011,140,3,140,7,731,6,6,6,6,6,NA,NA,NA,NA,30/03/2024 08:03,0
30/03/2024 09:00,WIND,492301,1,HCM,1,62122,1011,140,5,170,9,840,6,6,6,6,6,NA,NA,NA,NA,30/03/2024 09:03,0
30/03/2024 10:00,WIND,492301,1,HCM,1,62122,1011,160,6,190,12,946,6,6,6,6,6,NA,NA,NA,NA,30/03/2024 10:03,0
30/03/2024 11:00,WIND,492301,1,HCM,1,62122,1011,190,7,180,13,1014,6,6,6,6,6,NA,NA,NA,NA,30/03/2024 11:03,0
30/03/2024 12:00,WIND,492301,1,HCM,1,62122,1011,180,8,230,15,1112,6,6,6,6,6,NA,NA,NA,NA,30/03/2024 12:03,0
30/03/2024 13:00,WIND,492301,1,HCM,1,62122,1011,170,8,130,15,1245,6,6,6,6,6,NA,NA,NA,NA,30/03/2024 13:03,0
30/03/2024 14:00,WIND,492301,1,HCM,1,62122,1011,160,8,190,15,1328,6,6,6,6,6,NA,NA,NA,NA,30/03/2024 14:03,0
30/03/2024 15:00,WIND,492301,1,HCM,1,62122,1011,160,8,130,14,1359,6,6,6,6,6,NA,NA,NA,NA,30/03/2024 15:03,0
30/03/2024 16:00,WIND,492301,1,HCM,1,62122,1011,160,8,190,16,1533,6,6,6,6,6,NA,NA,NA,NA,30/03/2024 16:03,0
30/03/2024 17:00,WIND,492301,1,HCM,1,62122,1011,140,8,130,15,1644,6,6,6,6,6,NA,NA,NA,NA,30/03/2024 17:03,0
30/03/2024 18:00,WIND,492301,1,HCM,1,62122,1011,130,8,120,16,1707,6,6,6,6,6,NA,NA,NA,NA,30/03/2024 18:03,0
30/03/2024 19:00,WIND,492301,1,HCM,1,62122,1011,120,7,130,14,1805,6,6,6,6,6,NA,NA,NA,NA,30/03/2024 19:03,0
30/03/2024 20:00,WIND,492301,1,HCM,1,62122,1011,90,4,90,7,1851,6,6,6,6,6,NA,NA,NA,NA,30/03/2024 20:03,0
30/03/2024 21:00,WIND,492301,1,HCM,1,62122,1011,80,5,70,8,2018,6,6,6,6,6,NA,NA,NA,NA,30/03/2024 21:03,0
30/03/2024 22:00,WIND,492301,1,HCM,1,62122,1011,90,5,100,11,2140,6,6,6,6,6,NA,NA,NA,NA,30/03/2024 22:03,0
30/03/2024 23:00,WIND,492301,1,HCM,1,62122,1011,80,5,90,10,2154,6,6,6,6,6,NA,NA,NA,NA,30/03/2024 23:03,0
31/03/2024 00:00,WIND,492301,1,HCM,1,62122,1011,90,7,120,11,2349,6,6,6,6,6,NA,NA,NA,NA,31/03/2024 00:03,0
31/03/2024 01:00,WIND,492301,1,HCM,1,62122,1011,100,7,100,12,2353,6,6,6,6,6,NA,NA,NA,NA,31/03/2024 01:03,0
31/03/2024 02:00,WIND,492301,1,HCM,1,62122,1011,100,7,90,12,128,6,6,6,6,6,NA,NA,NA,NA,31/03/2024 02:03,0
31/03/2024 03:00,WIND,492301,1,HCM,1,62122,1011,90,6,80,10,217,6,6,6,6,6,NA,NA,NA,NA,31/03/2024 03:03,0
31/03/2024 04:00,WIND,492301,1,HCM,1,62122,1011,80,5,80,10,255,6,6,6,6,6,NA,NA,NA,NA,31/03/2024 04:03,0
31/03/2024 05:00,WIND,492301,1,HCM,1,62122,1011,90,4,80,8,449,6,6,6,6,6,NA,NA,NA,NA,31/03/2024 05:03,0
31/03/2024 06:00,WIND,492301,1,HCM,1,62122,1011,70,5,90,8,450,6,6,6,6,6,NA,NA,NA,NA,31/03/2024 06:03,0
31/03/2024 07:00,WIND,492301,1,HCM,1,62122,1011,60,5,60,9,555,6,6,6,6,6,NA,NA,NA,NA,31/03/2024 07:03,0
31/03/2024 08:00,WIND,492301,1,HCM,1,62122,1011,50,7,50,11,719,6,6,6,6,6,NA,NA,NA,NA,31/03/2024 08:03,0
31/03/2024 09:00,WIND,492301,1,HCM,1,62122,1011,60,10,80,17,835,6,6,6,6,6,NA,NA,NA,NA,31/03/2024 09:03,0
31/03/2024 10:00,WIND,492301,1,HCM,1,62122,1011,60,13,60,24,903,6,6,6,6,6,NA,NA,NA,NA,31/03/2024 10:03,0
31/03/2024 11:00,WIND,492301,1,HCM,1,62122,1011,60,12,60,22,1014,6,6,6,6,6,NA,NA,NA,NA,31/03/2024 11:03,0
31/03/2024 12:00,WIND,492301,1,HCM,1,62122,1011,60,13,70,23,1114,6,6,6,6,6,NA,NA,NA,NA,31/03/2024 12:03,0
31/03/2024 13:00,WIND,492301,1,HCM,1,62122,1011,70,11,60,20,1157,6,6,6,6,6,NA,NA,NA,NA,31/03/2024 13:03,0
31/03/2024 14:00,WIND,492301,1,HCM,1,62122,1011,60,11,50,19,1315,6,6,6,6,6,NA,NA,NA,NA,31/03/2024 14:03,0
31/03/2024 15:00,WIND,492301,1,HCM,1,62122,1011,50,11,60,19,1422,6,6,6,6,6,NA,NA,NA,NA,31/03/2024 15:03,0
31/03/2024 16:00,WIND,492301,1,HCM,1,62122,1011,50,11,60,18,1542,6,6,6,6,6,NA,NA,NA,NA,31/03/2024 16:03,0
31/03/2024 17:00,WIND,492301,1,HCM,1,62122,1011,50,12,50,19,1606,6,6,6,6,6,NA,NA,NA,NA,31/03/2024 17:03,0
31/03/2024 18:00,WIND,492301,1,HCM,1,62122,1011,60,10,80,17,1704,6,6,6,6,6,NA,NA,NA,NA,31/03/2024 18:03,0
31/03/2024 19:00,WIND,492301,1,HCM,1,62122,1011,50,10,50,17,1849,6,6,6,6,6,NA,NA,NA,NA,31/03/2024 19:03,0
31/03/2024 20:00,WIND,492301,1,HCM,1,62122,1011,60,11,60,19,1929,6,6,6,6,6,NA,NA,NA,NA,31/03/2024 20:03,0
31/03/2024 21:00,WIND,492301,1,HCM,1,62122,1011,50,10,50,18,2020,6,6,6,6,6,NA,NA,NA,NA,31/03/2024 21:03,0
31/03/2024 22:00,WIND,492301,1,HCM,1,62122,1011,60,7,60,13,2126,6,6,6,6,6,NA,NA,NA,NA,31/03/2024 22:03,0
31/03/2024 23:00,WIND,492301,1,HCM,1,62122,1011,60,6,40,13,2202,6,6,6,6,6,NA,NA,NA,NA,31/03/2024 23:03,0
01/04/2024 00:00,WIND,492301,1,HCM,1,62122,1011,70,4,80,9,2255,6,6,6,6,6,NA,NA,NA,NA,01/04/2024 00:03,0
01/04/2024 01:00,WIND,492301,1,HCM,1,62122,1011,100,2,70,4,2352,6,6,6,6,6,NA,NA,NA,NA,01/04/2024 01:03,0
01/04/2024 02:00,WIND,492301,1,HCM,1,62122,1011,70,2,50,4,147,6,6,6,6,6,NA,NA,NA,NA,01/04/2024 02:03,0
01/04/2024 03:00,WIND,492301,1,HCM,1,62122,1011,90,3,100,5,214,6,6,6,6,6,NA,NA,NA,NA,01/04/2024 03:03,0
01/04/2024 04:00,WIND,492301,1,HCM,1,62122,1011,120,3,190,9,346,6,6,6,6,6,NA,NA,NA,NA,01/04/2024 04:03,0
01/04/2024 05:00,WIND,492301,1,HCM,1,62122,1011,200,6,190,11,439,6,6,6,6,6,NA,NA,NA,NA,01/04/2024 05:03,0
01/04/2024 06:00,WIND,492301,1,HCM,1,62122,1011,200,5,200,10,456,6,6,6,6,6,NA,NA,NA,NA,01/04/2024 06:03,0
01/04/2024 07:00,WIND,492301,1,HCM,1,62122,1011,180,4,190,6,605,6,6,6,6,6,NA,NA,NA,NA,01/04/2024 07:03,0
01/04/2024 08:00,WIND,492301,1,HCM,1,62122,1011,180,3,170,7,735,6,6,6,6,6,NA,NA,NA,NA,01/04/2024 08:03,0
01/04/2024 09:00,WIND,492301,1,HCM,1,62122,1011,230,5,210,9,803,6,6,6,6,6,NA,NA,NA,NA,01/04/2024 09:03,0
01/04/2024 10:00,WIND,492301,1,HCM,1,62122,1011,250,6,230,11,949,6,6,6,6,6,NA,NA,NA,NA,01/04/2024 10:03,0
01/04/2024 11:00,WIND,492301,1,HCM,1,62122,1011,230,7,220,14,1003,6,6,6,6,6,NA,NA,NA,NA,01/04/2024 11:03,0
01/04/2024 12:00,WIND,492301,1,HCM,1,62122,1011,260,6,210,12,1106,6,6,6,6,6,NA,NA,NA,NA,01/04/2024 12:03,0
01/04/2024 13:00,WIND,492301,1,HCM,1,62122,1011,240,6,210,21,1243,6,6,6,6,6,NA,NA,NA,NA,01/04/2024 13:03,0
01/04/2024 14:00,WIND,492301,1,HCM,1,62122,1011,260,6,250,18,1312,6,6,6,6,6,NA,NA,NA,NA,01/04/2024 14:03,0
01/04/2024 15:00,WIND,492301,1,HCM,1,62122,1011,170,5,150,13,1442,6,6,6,6,6,NA,NA,NA,NA,01/04/2024 15:03,0
01/04/2024 16:00,WIND,492301,1,HCM,1,62122,1011,190,8,150,15,1549,6,6,6,6,6,NA,NA,NA,NA,01/04/2024 16:03,0
01/04/2024 17:00,WIND,492301,1,HCM,1,62122,1011,170,8,190,20,1641,6,6,6,6,6,NA,NA,NA,NA,01/04/2024 17:03,0
01/04/2024 18:00,WIND,492301,1,HCM,1,62122,1011,180,8,190,16,1705,6,6,6,6,6,NA,NA,NA,NA,01/04/2024 18:03,0
01/04/2024 19:00,WIND,492301,1,HCM,1,62122,1011,170,7,160,14,1750,6,6,6,6,6,NA,NA,NA,NA,01/04/2024 19:03,0
01/04/2024 20:00,WIND,492301,1,HCM,1,62122,1011,160,6,160,14,1914,6,6,6,6,6,NA,NA,NA,NA,01/04/2024 20:03,0
01/04/2024 21:00,WIND,492301,1,HCM,1,62122,1011,110,4,100,7,2031,6,6,6,6,6,NA,NA,NA,NA,01/04/2024 21:03,0
01/04/2024 22:00,WIND,492301,1,HCM,1,62122,1011,110,5,130,9,2136,6,6,6,6,6,NA,NA,NA,NA,01/04/2024 22:03,0
01/04/2024 23:00,WIND,492301,1,HCM,1,62122,1011,120,5,130,9,2213,6,6,6,6,6,NA,NA,NA,NA,01/04/2024 23:03,0
02/04/2024 00:00,WIND,492301,1,HCM,1,62122,1011,150,5,200,10,2340,6,6,6,6,6,NA,NA,NA,NA,02/04/2024 00:03,0
02/04/2024 01:00,WIND,492301,1,HCM,1,62122,1011,210,6,200,12,36,6,6,6,6,6,NA,NA,NA,NA,02/04/2024 01:03,0
02/04/2024 02:00,WIND,492301,1,HCM,1,62122,1011,210,6,210,11,54,6,6,6,6,6,NA,NA,NA,NA,02/04/2024 02:03,0
02/04/2024 03:00,WIND,492301,1,HCM,1,62122,1011,240,5,240,8,241,6,6,6,6,6,NA,NA,NA,NA,02/04/2024 03:03,0
02/04/2024 04:00,WIND,492301,1,HCM,1,62122,1011,240,5,240,8,341,6,6,6,6,6,NA,NA,NA,NA,02/04/2024 04:03,0
02/04/2024 05:00,WIND,492301,1,HCM,1,62122,1011,240,5,250,11,417,6,6,6,6,6,NA,NA,NA,NA,02/04/2024 05:03,0
02/04/2024 06:00,WIND,492301,1,HCM,1,62122,1011,240,6,230,10,518,6,6,6,6,6,NA,NA,NA,NA,02/04/2024 06:03,0
02/04/2024 07:00,WIND,492301,1,HCM,1,62122,1011,240,7,240,12,646,6,6,6,6,6,NA,NA,NA,NA,02/04/2024 07:03,0
02/04/2024 08:00,WIND,492301,1,HCM,1,62122,1011,250,6,240,13,700,6,6,6,6,6,NA,NA,NA,NA,02/04/2024 08:03,0
02/04/2024 09:00,WIND,492301,1,HCM,1,62122,1011,240,6,220,12,841,6,6,6,6,6,NA,NA,NA,NA,02/04/2024 09:03,0
02/04/2024 10:00,WIND,492301,1,HCM,1,62122,1011,220,7,230,14,945,6,6,6,6,6,NA,NA,NA,NA,02/04/2024 10:03,0
02/04/2024 11:00,WIND,492301,1,HCM,1,62122,1011,220,8,200,14,1023,6,6,6,6,6,NA,NA,NA,NA,02/04/2024 11:03,0
02/04/2024 12:00,WIND,492301,1,HCM,1,62122,1011,190,8,180,14,1126,6,6,6,6,6,NA,NA,NA,NA,02/04/2024 12:03,0
02/04/2024 13:00,WIND,492301,1,HCM,1,62122,1011,180,8,190,15,1218,6,6,6,6,6,NA,NA,NA,NA,02/04/2024 13:03,0
02/04/2024 14:00,WIND,492301,1,HCM,1,62122,1011,170,8,180,14,1339,6,6,6,6,6,NA,NA,NA,NA,02/04/2024 14:03,0
02/04/2024 15:00,WIND,492301,1,HCM,1,62122,1011,170,9,170,16,1433,6,6,6,6,6,NA,NA,NA,NA,02/04/2024 15:03,0
02/04/2024 16:00,WIND,492301,1,HCM,1,62122,1011,140,8,160,15,1455,6,6,6,6,6,NA,NA,NA,NA,02/04/2024 16:03,0
02/04/2024 17:00,WIND,492301,1,HCM,1,62122,1011,110,8,130,19,1557,6,6,6,6,6,NA,NA,NA,NA,02/04/2024 17:03,0
02/04/2024 18:00,WIND,492301,1,HCM,1,62122,1011,90,8,110,15,1739,6,6,6,6,6,NA,NA,NA,NA,02/04/2024 18:03,0
02/04/2024 19:00,WIND,492301,1,HCM,1,62122,1011,130,9,120,16,1810,6,6,6,6,6,NA,NA,NA,NA,02/04/2024 19:03,0
02/04/2024 20:00,WIND,492301,1,HCM,1,62122,1011,160,9,170,18,1928,6,6,6,6,6,NA,NA,NA,NA,02/04/2024 20:03,0
02/04/2024 21:00,WIND,492301,1,HCM,1,62122,1011,170,10,170,22,2043,6,6,6,6,6,NA,NA,NA,NA,02/04/2024 21:03,0
02/04/2024 22:00,WIND,492301,1,HCM,1,62122,1011,180,10,180,22,2139,6,6,6,6,6,NA,NA,NA,NA,02/04/2024 22:03,0
02/04/2024 23:00,WIND,492301,1,HCM,1,62122,1011,180,12,170,24,2152,6,6,6,6,6,NA,NA,NA,NA,02/04/2024 23:03,0
03/04/2024 00:00,WIND,492301,1,HCM,1,62122,1011,170,11,170,26,2254,6,6,6,6,6,NA,NA,NA,NA,03/04/2024 00:03,0
03/04/2024 01:00,WIND,492301,1,HCM,1,62122,1011,160,7,160,18,2350,6,6,6,6,6,NA,NA,NA,NA,03/04/2024 01:03,0
03/04/2024 02:00,WIND,492301,1,HCM,1,62122,1011,160,7,160,15,123,6,6,6,6,6,NA,NA,NA,NA,03/04/2024 02:03,0
03/04/2024 03:00,WIND,492301,1,HCM,1,62122,1011,160,5,170,11,159,6,6,6,6,6,NA,NA,NA,NA,03/04/2024 03:03,0
03/04/2024 04:00,WIND,492301,1,HCM,1,62122,1011,160,6,190,13,349,6,6,6,6,6,NA,NA,NA,NA,03/04/2024 04:03,0
03/04/2024 05:00,WIND,492301,1,HCM,1,62122,1011,190,8,180,18,440,6,6,6,6,6,NA,NA,NA,NA,03/04/2024 05:07,0
03/04/2024 06:00,WIND,492301,1,HCM,1,62122,1011,180,8,180,18,452,6,6,6,6,6,NA,NA,NA,NA,03/04/2024 06:03,0
03/04/2024 07:00,WIND,492301,1,HCM,1,62122,1011,180,8,180,17,642,6,6,6,6,6,NA,NA,NA,NA,03/04/2024 07:03,0
03/04/2024 08:00,WIND,492301,1,HCM,1,62122,1011,190,9,200,16,721,6,6,6,6,6,NA,NA,NA,NA,03/04/2024 08:03,0
03/04/2024 09:00,WIND,492301,1,HCM,1,62122,1011,220,15,210,29,825,6,6,6,6,6,NA,NA,NA,NA,03/04/2024 09:03,0
03/04/2024 10:00,WIND,492301,1,HCM,1,62122,1011,240,18,240,30,935,6,6,6,6,6,NA,NA,NA,NA,03/04/2024 10:03,0
03/04/2024 11:00,WIND,492301,1,HCM,1,62122,1011,240,18,240,34,1023,6,6,6,6,6,NA,NA,NA,NA,03/04/2024 11:03,0
03/04/2024 12:00,WIND,492301,1,HCM,1,62122,1011,240,20,250,31,1142,6,6,6,6,6,NA,NA,NA,NA,03/04/2024 12:03,0
03/04/2024 13:00,WIND,492301,1,HCM,1,62122,1011,240,17,250,30,1219,6,6,6,6,6,NA,NA,NA,NA,03/04/2024 13:03,0
03/04/2024 14:00,WIND,492301,1,HCM,1,62122,1011,240,17,240,29,1327,6,6,6,6,6,NA,NA,NA,NA,03/04/2024 14:03,0
03/04/2024 15:00,WIND,492301,1,HCM,1,62122,1011,240,17,240,29,1402,6,6,6,6,6,NA,NA,NA,NA,03/04/2024 15:03,0
03/04/2024 16:00,WIND,492301,1,HCM,1,62122,1011,240,16,240,27,1543,6,6,6,6,6,NA,NA,NA,NA,03/04/2024 16:03,0
03/04/2024 17:00,WIND,492301,1,HCM,1,62122,1011,240,14,240,25,1550,6,6,6,6,6,NA,NA,NA,NA,03/04/2024 17:03,0
03/04/2024 18:00,WIND,492301,1,HCM,1,62122,1011,240,11,250,19,1659,6,6,6,6,6,NA,NA,NA,NA,03/04/2024 18:03,0
03/04/2024 19:00,WIND,492301,1,HCM,1,62122,1011,240,7,240,15,1750,6,6,6,6,6,NA,NA,NA,NA,03/04/2024 19:03,0
03/04/2024 20:00,WIND,492301,1,HCM,1,62122,1011,220,4,220,8,1850,6,6,6,6,6,NA,NA,NA,NA,03/04/2024 20:03,0
03/04/2024 21:00,WIND,492301,1,HCM,1,62122,1011,160,4,160,6,2008,6,6,6,6,6,NA,NA,NA,NA,03/04/2024 21:03,0
03/04/2024 22:00,WIND,492301,1,HCM,1,62122,1011,150,4,150,11,2117,6,6,6,6,6,NA,NA,NA,NA,03/04/2024 22:03,0
03/04/2024 23:00,WIND,492301,1,HCM,1,62122,1011,120,4,100,8,2240,6,6,6,6,6,NA,NA,NA,NA,03/04/2024 23:03,0
04/04/2024 00:00,WIND,492301,1,HCM,1,62122,1011,110,4,120,7,2250,6,6,6,6,6,NA,NA,NA,NA,04/04/2024 00:04,0
04/04/2024 01:00,WIND,492301,1,HCM,1,62122,1011,160,5,180,10,36,6,6,6,6,6,NA,NA,NA,NA,04/04/2024 01:03,0
04/04/2024 02:00,WIND,492301,1,HCM,1,62122,1011,190,5,190,10,102,6,6,6,6,6,NA,NA,NA,NA,04/04/2024 02:03,0
04/04/2024 03:00,WIND,492301,1,HCM,1,62122,1011,210,8,200,16,225,6,6,6,6,6,NA,NA,NA,NA,04/04/2024 03:03,0
04/04/2024 04:00,WIND,492301,1,HCM,1,62122,1011,200,6,180,13,347,6,6,6,6,6,NA,NA,NA,NA,04/04/2024 04:03,0
04/04/2024 05:00,WIND,492301,1,HCM,1,62122,1011,220,12,240,23,420,6,6,6,6,6,NA,NA,NA,NA,04/04/2024 05:03,0
04/04/2024 06:00,WIND,492301,1,HCM,1,62122,1011,220,10,230,18,501,6,6,6,6,6,NA,NA,NA,NA,04/04/2024 06:03,0
04/04/2024 07:00,WIND,492301,1,HCM,1,62122,1011,220,9,230,17,643,6,6,6,6,6,NA,NA,NA,NA,04/04/2024 07:03,0
04/04/2024 08:00,WIND,492301,1,HCM,1,62122,1011,230,11,250,21,737,6,6,6,6,6,NA,NA,NA,NA,04/04/2024 08:03,0
04/04/2024 09:00,WIND,492301,1,HCM,1,62122,1011,240,12,240,22,847,6,6,6,6,6,NA,NA,NA,NA,04/04/2024 09:03,0
04/04/2024 10:00,WIND,492301,1,HCM,1,62122,1011,240,14,250,26,903,6,6,6,6,6,NA,NA,NA,NA,04/04/2024 10:03,0
04/04/2024 11:00,WIND,492301,1,HCM,1,62122,1011,240,12,250,21,957,6,6,6,6,6,NA,NA,NA,NA,04/04/2024 11:03,0
04/04/2024 12:00,WIND,492301,1,HCM,1,62122,1011,240,10,240,17,1136,6,6,6,6,6,NA,NA,NA,NA,04/04/2024 12:03,0
04/04/2024 13:00,WIND,492301,1,HCM,1,62122,1011,220,11,210,19,1223,6,6,6,6,6,NA,NA,NA,NA,04/04/2024 13:03,0
04/04/2024 14:00,WIND,492301,1,HCM,1,62122,1011,240,10,230,16,1250,6,6,6,6,6,NA,NA,NA,NA,04/04/2024 14:03,0
04/04/2024 15:00,WIND,492301,1,HCM,1,62122,1011,240,13,230,24,1448,6,6,6,6,6,NA,NA,NA,NA,04/04/2024 15:03,0
04/04/2024 16:00,WIND,492301,1,HCM,1,62122,1011,240,11,240,21,1450,6,6,6,6,6,NA,NA,NA,NA,04/04/2024 16:03,0
04/04/2024 17:00,WIND,492301,1,HCM,1,62122,1011,240,6,220,16,1551,6,6,6,6,6,NA,NA,NA,NA,04/04/2024 17:03,0
04/04/2024 18:00,WIND,492301,1,HCM,1,62122,1011,250,5,210,9,1702,6,6,6,6,6,NA,NA,NA,NA,04/04/2024 18:03,0
04/04/2024 19:00,WIND,492301,1,HCM,1,62122,1011,180,5,180,15,1814,6,6,6,6,6,NA,NA,NA,NA,04/04/2024 19:03,0
04/04/2024 20:00,WIND,492301,1,HCM,1,62122,1011,150,6,150,11,1944,6,6,6,6,6,NA,NA,NA,NA,04/04/2024 20:03,0
04/04/2024 21:00,WIND,492301,1,HCM,1,62122,1011,170,9,160,20,2031,6,6,6,6,6,NA,NA,NA,NA,04/04/2024 21:03,0
04/04/2024 22:00,WIND,492301,1,HCM,1,62122,1011,180,10,180,22,2147,6,6,6,6,6,NA,NA,NA,NA,04/04/2024 22:03,0
04/04/2024 23:00,WIND,492301,1,HCM,1,62122,1011,190,12,200,24,2230,6,6,6,6,6,NA,NA,NA,NA,04/04/2024 23:03,0
05/04/2024 00:00,WIND,492301,1,HCM,1,62122,1011,170,10,190,20,2251,6,6,6,6,6,NA,NA,NA,NA,05/04/2024 00:03,0
05/04/2024 01:00,WIND,492301,1,HCM,1,62122,1011,180,12,200,27,49,6,6,6,6,6,NA,NA,NA,NA,05/04/2024 01:03,0
05/04/2024 02:00,WIND,492301,1,HCM,1,62122,1011,180,12,180,23,145,6,6,6,6,6,NA,NA,NA,NA,05/04/2024 02:03,0
05/04/2024 03:00,WIND,492301,1,HCM,1,62122,1011,180,10,170,21,224,6,6,6,6,6,NA,NA,NA,NA,05/04/2024 03:03,0
05/04/2024 04:00,WIND,492301,1,HCM,1,62122,1011,170,10,160,27,301,6,6,6,6,6,NA,NA,NA,NA,05/04/2024 04:03,0
05/04/2024 05:00,WIND,492301,1,HCM,1,62122,1011,180,10,170,22,421,6,6,6,6,6,NA,NA,NA,NA,05/04/2024 05:03,0
05/04/2024 06:00,WIND,492301,1,HCM,1,62122,1011,190,11,190,23,507,6,6,6,6,6,NA,NA,NA,NA,05/04/2024 06:03,0
05/04/2024 07:00,WIND,492301,1,HCM,1,62122,1011,200,10,220,22,554,6,6,6,6,6,NA,NA,NA,NA,05/04/2024 07:03,0
05/04/2024 08:00,WIND,492301,1,HCM,1,62122,1011,190,10,220,21,746,6,6,6,6,6,NA,NA,NA,NA,05/04/2024 08:03,0
05/04/2024 09:00,WIND,492301,1,HCM,1,62122,1011,200,12,200,23,848,6,6,6,6,6,NA,NA,NA,NA,05/04/2024 09:04,0
05/04/2024 10:00,WIND,492301,1,HCM,1,62122,1011,210,13,210,24,926,6,6,6,6,6,NA,NA,NA,NA,05/04/2024 10:03,0
05/04/2024 11:00,WIND,492301,1,HCM,1,62122,1011,210,13,210,24,951,6,6,6,6,6,NA,NA,NA,NA,05/04/2024 11:03,0
05/04/2024 12:00,WIND,492301,1,HCM,1,62122,1011,210,11,210,22,1117,6,6,6,6,6,NA,NA,NA,NA,05/04/2024 12:03,0
05/04/2024 13:00,WIND,492301,1,HCM,1,62122,1011,210,14,200,27,1221,6,6,6,6,6,NA,NA,NA,NA,05/04/2024 13:03,0
05/04/2024 14:00,WIND,492301,1,HCM,1,62122,1011,210,14,190,28,1250,6,6,6,6,6,NA,NA,NA,NA,05/04/2024 14:03,0
05/04/2024 15:00,WIND,492301,1,HCM,1,62122,1011,200,13,200,27,1358,6,6,6,6,6,NA,NA,NA,NA,05/04/2024 15:03,0
05/04/2024 16:00,WIND,492301,1,HCM,1,62122,1011,200,13,180,25,1457,6,6,6,6,6,NA,NA,NA,NA,05/04/2024 16:03,0
05/04/2024 17:00,WIND,492301,1,HCM,1,62122,1011,200,12,190,22,1647,6,6,6,6,6,NA,NA,NA,NA,05/04/2024 17:03,0
05/04/2024 18:00,WIND,492301,1,HCM,1,62122,1011,190,12,190,23,1728,6,6,6,6,6,NA,NA,NA,NA,05/04/2024 18:03,0
05/04/2024 19:00,WIND,492301,1,HCM,1,62122,1011,180,10,190,20,1824,6,6,6,6,6,NA,NA,NA,NA,05/04/2024 19:03,0
05/04/2024 20:00,WIND,492301,1,HCM,1,62122,1011,170,6,170,15,1900,6,6,6,6,6,NA,NA,NA,NA,05/04/2024 20:03,0
05/04/2024 21:00,WIND,492301,1,HCM,1,62122,1011,140,7,140,18,2010,6,6,6,6,6,NA,NA,NA,NA,05/04/2024 21:03,0
05/04/2024 22:00,WIND,492301,1,HCM,1,62122,1011,140,9,140,17,2055,6,6,6,6,6,NA,NA,NA,NA,05/04/2024 22:03,0
05/04/2024 23:00,WIND,492301,1,HCM,1,62122,1011,140,9,140,17,2207,6,6,6,6,6,NA,NA,NA,NA,05/04/2024 23:03,0
06/04/2024 00:00,WIND,492301,1,HCM,1,62122,1011,140,8,150,16,2315,6,6,6,6,6,NA,NA,NA,NA,06/04/2024 00:03,0
06/04/2024 01:00,WIND,492301,1,HCM,1,62122,1011,140,6,150,13,22,6,6,6,6,6,NA,NA,NA,NA,06/04/2024 01:03,0
06/04/2024 02:00,WIND,492301,1,HCM,1,62122,1011,110,4,90,8,109,6,6,6,6,6,NA,NA,NA,NA,06/04/2024 02:03,0
06/04/2024 03:00,WIND,492301,1,HCM,1,62122,1011,110,7,110,12,232,6,6,6,6,6,NA,NA,NA,NA,06/04/2024 03:03,0
06/04/2024 04:00,WIND,492301,1,HCM,1,62122,1011,120,7,130,13,309,6,6,6,6,6,NA,NA,NA,NA,06/04/2024 04:03,0
06/04/2024 05:00,WIND,492301,1,HCM,1,62122,1011,130,10,140,19,435,6,6,6,6,6,NA,NA,NA,NA,06/04/2024 05:03,0
06/04/2024 06:00,WIND,492301,1,HCM,1,62122,1011,140,10,130,21,521,6,6,6,6,6,NA,NA,NA,NA,06/04/2024 06:04,0
06/04/2024 07:00,WIND,492301,1,HCM,1,62122,1011,160,9,160,18,614,6,6,6,6,6,NA,NA,NA,NA,06/04/2024 07:03,0
06/04/2024 08:00,WIND,492301,1,HCM,1,62122,1011,170,9,180,21,706,6,6,6,6,6,NA,NA,NA,NA,06/04/2024 08:03,0
06/04/2024 09:00,WIND,492301,1,HCM,1,62122,1011,160,9,180,18,807,6,6,6,6,6,NA,NA,NA,NA,06/04/2024 09:03,0
06/04/2024 10:00,WIND,492301,1,HCM,1,62122,1011,180,13,180,29,922,6,6,6,6,6,NA,NA,NA,NA,06/04/2024 10:03,0
06/04/2024 11:00,WIND,492301,1,HCM,1,62122,1011,180,16,180,31,1000,6,6,6,6,6,NA,NA,NA,NA,06/04/2024 11:03,0
06/04/2024 12:00,WIND,492301,1,HCM,1,62122,1011,190,16,190,32,1054,6,6,6,6,6,NA,NA,NA,NA,06/04/2024 12:03,0
06/04/2024 13:00,WIND,492301,1,HCM,1,62122,1011,200,14,190,27,1226,6,6,6,6,6,NA,NA,NA,NA,06/04/2024 13:03,0
06/04/2024 14:00,WIND,492301,1,HCM,1,62122,1011,200,13,190,26,1318,6,6,6,6,6,NA,NA,NA,NA,06/04/2024 14:03,0
06/04/2024 15:00,WIND,492301,1,HCM,1,62122,1011,200,12,210,24,1413,6,6,6,6,6,NA,NA,NA,NA,06/04/2024 15:03,0
06/04/2024 16:00,WIND,492301,1,HCM,1,62122,1011,190,14,170,25,1515,6,6,6,6,6,NA,NA,NA,NA,06/04/2024 16:03,0
06/04/2024 17:00,WIND,492301,1,HCM,1,62122,1011,190,14,190,30,1555,6,6,6,6,6,NA,NA,NA,NA,06/04/2024 17:03,0
06/04/2024 18:00,WIND,492301,1,HCM,1,62122,1011,180,15,190,33,1657,6,6,6,6,6,NA,NA,NA,NA,06/04/2024 18:03,0
06/04/2024 19:00,WIND,492301,1,HCM,1,62122,1011,180,18,180,36,1846,6,6,6,6,6,NA,NA,NA,NA,06/04/2024 19:03,0
06/04/2024 20:00,WIND,492301,1,HCM,1,62122,1011,180,16,160,31,1920,6,6,6,6,6,NA,NA,NA,NA,06/04/2024 20:03,0
06/04/2024 21:00,WIND,492301,1,HCM,1,62122,1011,190,17,200,31,2022,6,6,6,6,6,NA,NA,NA,NA,06/04/2024 21:03,0
06/04/2024 22:00,WIND,492301,1,HCM,1,62122,1011,210,14,240,27,2118,6,6,6,6,6,NA,NA,NA,NA,06/04/2024 22:03,0
06/04/2024 23:00,WIND,492301,1,HCM,1,62122,1011,200,13,210,25,2237,6,6,6,6,6,NA,NA,NA,NA,06/04/2024 23:03,0
07/04/2024 00:00,WIND,492301,1,HCM,1,62122,1011,200,13,200,26,2253,6,6,6,6,6,NA,NA,NA,NA,07/04/2024 00:03,0
07/04/2024 01:00,WIND,492301,1,HCM,1,62122,1011,210,15,210,31,18,6,6,6,6,6,NA,NA,NA,NA,07/04/2024 01:03,0
07/04/2024 02:00,WIND,492301,1,HCM,1,62122,1011,210,9,230,22,105,6,6,6,6,6,NA,NA,NA,NA,07/04/2024 02:03,0
07/04/2024 03:00,WIND,492301,1,HCM,1,62122,1011,190,10,190,21,214,6,6,6,6,6,NA,NA,NA,NA,07/04/2024 03:03,0
07/04/2024 04:00,WIND,492301,1,HCM,1,62122,1011,180,9,180,18,310,6,6,6,6,6,NA,NA,NA,NA,07/04/2024 04:03,0
07/04/2024 05:00,WIND,492301,1,HCM,1,62122,1011,190,11,190,21,446,6,6,6,6,6,NA,NA,NA,NA,07/04/2024 05:03,0
07/04/2024 06:00,WIND,492301,1,HCM,1,62122,1011,190,13,190,24,507,6,6,6,6,6,NA,NA,NA,NA,07/04/2024 06:03,0
07/04/2024 07:00,WIND,492301,1,HCM,1,62122,1011,180,14,190,26,602,6,6,6,6,6,NA,NA,NA,NA,07/04/2024 07:03,0
07/04/2024 08:00,WIND,492301,1,HCM,1,62122,1011,190,12,190,24,745,6,6,6,6,6,NA,NA,NA,NA,07/04/2024 08:03,0
07/04/2024 09:00,WIND,492301,1,HCM,1,62122,1011,200,14,180,26,804,6,6,6,6,6,NA,NA,NA,NA,07/04/2024 09:03,0
07/04/2024 10:00,WIND,492301,1,HCM,1,62122,1011,190,15,190,26,933,6,6,6,6,6,NA,NA,NA,NA,07/04/2024 10:03,0
07/04/2024 11:00,WIND,492301,1,HCM,1,62122,1011,200,17,180,33,1047,6,6,6,6,6,NA,NA,NA,NA,07/04/2024 11:03,0
07/04/2024 12:00,WIND,492301,1,HCM,1,62122,1011,200,18,210,32,1146,6,6,6,6,6,NA,NA,NA,NA,07/04/2024 12:03,0
07/04/2024 13:00,WIND,492301,1,HCM,1,62122,1011,200,18,190,34,1152,6,6,6,6,6,NA,NA,NA,NA,07/04/2024 13:03,0
07/04/2024 14:00,WIND,492301,1,HCM,1,62122,1011,190,17,190,30,1309,6,6,6,6,6,NA,NA,NA,NA,07/04/2024 14:03,0
07/04/2024 15:00,WIND,492301,1,HCM,1,62122,1011,190,16,180,31,1439,6,6,6,6,6,NA,NA,NA,NA,07/04/2024 15:03,0
07/04/2024 16:00,WIND,492301,1,HCM,1,62122,1011,190,15,190,27,1501,6,6,6,6,6,NA,NA,NA,NA,07/04/2024 16:03,0
07/04/2024 17:00,WIND,492301,1,HCM,1,62122,1011,180,15,200,28,1601,6,6,6,6,6,NA,NA,NA,NA,07/04/2024 17:03,0
07/04/2024 18:00,WIND,492301,1,HCM,1,62122,1011,180,15,180,32,1724,6,6,6,6,6,NA,NA,NA,NA,07/04/2024 18:03,0
07/04/2024 19:00,WIND,492301,1,HCM,1,62122,1011,190,14,190,26,1802,6,6,6,6,6,NA,NA,NA,NA,07/04/2024 19:03,0
07/04/2024 20:00,WIND,492301,1,HCM,1,62122,1011,190,13,170,28,1941,6,6,6,6,6,NA,NA,NA,NA,07/04/2024 20:03,0
07/04/2024 21:00,WIND,492301,1,HCM,1,62122,1011,190,13,180,27,2008,6,6,6,6,6,NA,NA,NA,NA,07/04/2024 21:03,0
07/04/2024 22:00,WIND,492301,1,HCM,1,62122,1011,190,12,190,23,2056,6,6,6,6,6,NA,NA,NA,NA,07/04/2024 22:03,0
07/04/2024 23:00,WIND,492301,1,HCM,1,62122,1011,190,11,200,21,2206,6,6,6,6,6,NA,NA,NA,NA,07/04/2024 23:03,0
08/04/2024 00:00,WIND,492301,1,HCM,1,62122,1011,190,10,160,20,2341,6,6,6,6,6,NA,NA,NA,NA,08/04/2024 00:03,0
08/04/2024 01:00,WIND,492301,1,HCM,1,62122,1011,180,8,200,19,15,6,6,6,6,6,NA,NA,NA,NA,08/04/2024 01:03,0
08/04/2024 02:00,WIND,492301,1,HCM,1,62122,1011,170,7,180,16,53,6,6,6,6,6,NA,NA,NA,NA,08/04/2024 02:03,0
08/04/2024 03:00,WIND,492301,1,HCM,1,62122,1011,170,7,180,16,209,6,6,6,6,6,NA,NA,NA,NA,08/04/2024 03:03,0
08/04/2024 04:00,WIND,492301,1,HCM,1,62122,1011,160,7,160,15,345,6,6,6,6,6,NA,NA,NA,NA,08/04/2024 04:03,0
08/04/2024 05:00,WIND,492301,1,HCM,1,62122,1011,170,8,150,15,429,6,6,6,6,6,NA,NA,NA,NA,08/04/2024 05:03,0
08/04/2024 06:00,WIND,492301,1,HCM,1,62122,1011,160,8,180,20,455,6,6,6,6,6,NA,NA,NA,NA,08/04/2024 06:04,0
08/04/2024 07:00,WIND,492301,1,HCM,1,62122,1011,150,6,170,14,602,6,6,6,6,6,NA,NA,NA,NA,08/04/2024 07:03,0
08/04/2024 08:00,WIND,492301,1,HCM,1,62122,1011,120,5,120,10,745,6,6,6,6,6,NA,NA,NA,NA,08/04/2024 08:03,0
08/04/2024 09:00,WIND,492301,1,HCM,1,62122,1011,120,7,150,14,846,6,6,6,6,6,NA,NA,NA,NA,08/04/2024 09:03,0
08/04/2024 10:00,WIND,492301,1,HCM,1,62122,1011,120,8,140,14,934,6,6,6,6,6,NA,NA,NA,NA,08/04/2024 10:03,0
08/04/2024 11:00,WIND,492301,1,HCM,1,62122,1011,120,7,130,14,1003,6,6,6,6,6,NA,NA,NA,NA,08/04/2024 11:03,0
08/04/2024 12:00,WIND,492301,1,HCM,1,62122,1011,110,8,130,16,1137,6,6,6,6,6,NA,NA,NA,NA,08/04/2024 12:03,0
08/04/2024 13:00,WIND,492301,1,HCM,1,62122,1011,140,10,140,17,1240,6,6,6,6,6,NA,NA,NA,NA,08/04/2024 13:03,0
08/04/2024 14:00,WIND,492301,1,HCM,1,62122,1011,130,7,120,17,1308,6,6,6,6,6,NA,NA,NA,NA,08/04/2024 14:03,0
08/04/2024 15:00,WIND,492301,1,HCM,1,62122,1011,110,10,100,19,1419,6,6,6,6,6,NA,NA,NA,NA,08/04/2024 15:03,0
08/04/2024 16:00,WIND,492301,1,HCM,1,62122,1011,130,10,120,20,1453,6,6,6,6,6,NA,NA,NA,NA,08/04/2024 16:03,0
08/04/2024 17:00,WIND,492301,1,HCM,1,62122,1011,120,10,130,18,1607,6,6,6,6,6,NA,NA,NA,NA,08/04/2024 17:03,0
08/04/2024 18:00,WIND,492301,1,HCM,1,62122,1011,120,9,130,18,1705,6,6,6,6,6,NA,NA,NA,NA,08/04/2024 18:03,0
08/04/2024 19:00,WIND,492301,1,HCM,1,62122,1011,150,8,150,24,1805,6,6,6,6,6,NA,NA,NA,NA,08/04/2024 19:03,0
08/04/2024 20:00,WIND,492301,1,HCM,1,62122,1011,160,9,160,23,1926,6,6,6,6,6,NA,NA,NA,NA,08/04/2024 20:03,0
08/04/2024 21:00,WIND,492301,1,HCM,1,62122,1011,150,10,150,24,2043,6,6,6,6,6,NA,NA,NA,NA,08/04/2024 21:03,0
08/04/2024 22:00,WIND,492301,1,HCM,1,62122,1011,130,12,120,22,2110,6,6,6,6,6,NA,NA,NA,NA,08/04/2024 22:03,0
08/04/2024 23:00,WIND,492301,1,HCM,1,62122,1011,130,10,150,21,2205,6,6,6,6,6,NA,NA,NA,NA,08/04/2024 23:03,0
09/04/2024 00:00,WIND,492301,1,HCM,1,62122,1011,110,11,110,22,2318,6,6,6,6,6,NA,NA,NA,NA,09/04/2024 00:03,0
09/04/2024 01:00,WIND,492301,1,HCM,1,62122,1011,90,9,90,17,16,6,6,6,6,6,NA,NA,NA,NA,09/04/2024 01:03,0
09/04/2024 02:00,WIND,492301,1,HCM,1,62122,1011,80,6,110,13,52,6,6,6,6,6,NA,NA,NA,NA,09/04/2024 02:03,0
09/04/2024 03:00,WIND,492301,1,HCM,1,62122,1011,190,4,260,10,234,6,6,6,6,6,NA,NA,NA,NA,09/04/2024 03:03,0
09/04/2024 04:00,WIND,492301,1,HCM,1,62122,1011,260,11,290,20,308,6,6,6,6,6,NA,NA,NA,NA,09/04/2024 04:03,0
09/04/2024 05:00,WIND,492301,1,HCM,1,62122,1011,250,15,260,24,404,6,6,6,6,6,NA,NA,NA,NA,09/04/2024 05:07,0
09/04/2024 06:00,WIND,492301,1,HCM,1,62122,1011,260,16,240,29,527,6,6,6,6,6,NA,NA,NA,NA,09/04/2024 06:03,0
09/04/2024 07:00,WIND,492301,1,HCM,1,62122,1011,250,16,240,29,559,6,6,6,6,6,NA,NA,NA,NA,09/04/2024 07:03,0
09/04/2024 08:00,WIND,492301,1,HCM,1,62122,1011,250,15,250,29,700,6,6,6,6,6,NA,NA,NA,NA,09/04/2024 08:03,0
09/04/2024 09:00,WIND,492301,1,HCM,1,62122,1011,250,14,270,26,831,6,6,6,6,6,NA,NA,NA,NA,09/04/2024 09:03,0
09/04/2024 10:00,WIND,492301,1,HCM,1,62122,1011,260,16,270,30,924,6,6,6,6,6,NA,NA,NA,NA,09/04/2024 10:03,0
09/04/2024 11:00,WIND,492301,1,HCM,1,62122,1011,260,17,270,30,1033,6,6,6,6,6,NA,NA,NA,NA,09/04/2024 11:03,0
09/04/2024 12:00,WIND,492301,1,HCM,1,62122,1011,270,18,260,31,1103,6,6,6,6,6,NA,NA,NA,NA,09/04/2024 12:03,0
09/04/2024 13:00,WIND,492301,1,HCM,1,62122,1011,260,18,260,35,1232,6,6,6,6,6,NA,NA,NA,NA,09/04/2024 13:03,0
09/04/2024 14:00,WIND,492301,1,HCM,1,62122,1011,260,16,260,31,1255,6,6,6,6,6,NA,NA,NA,NA,09/04/2024 14:03,0
09/04/2024 15:00,WIND,492301,1,HCM,1,62122,1011,260,14,260,30,1432,6,6,6,6,6,NA,NA,NA,NA,09/04/2024 15:03,0
09/04/2024 16:00,WIND,492301,1,HCM,1,62122,1011,270,13,270,23,1453,6,6,6,6,6,NA,NA,NA,NA,09/04/2024 16:03,0
09/04/2024 17:00,WIND,492301,1,HCM,1,62122,1011,260,15,260,27,1601,6,6,6,6,6,NA,NA,NA,NA,09/04/2024 17:03,0
09/04/2024 18:00,WIND,492301,1,HCM,1,62122,1011,250,13,250,23,1659,6,6,6,6,6,NA,NA,NA,NA,09/04/2024 18:03,0
09/04/2024 19:00,WIND,492301,1,HCM,1,62122,1011,260,9,280,20,1757,6,6,6,6,6,NA,NA,NA,NA,09/04/2024 19:03,0
09/04/2024 20:00,WIND,492301,1,HCM,1,62122,1011,240,5,260,10,1851,6,6,6,6,6,NA,NA,NA,NA,09/04/2024 20:03,0
09/04/2024 21:00,WIND,492301,1,HCM,1,62122,1011,250,8,260,17,2017,6,6,6,6,6,NA,NA,NA,NA,09/04/2024 21:03,0
09/04/2024 22:00,WIND,492301,1,HCM,1,62122,1011,240,10,260,16,2144,6,6,6,6,6,NA,NA,NA,NA,09/04/2024 22:03,0
09/04/2024 23:00,WIND,492301,1,HCM,1,62122,1011,240,6,260,12,2156,6,6,6,6,6,NA,NA,NA,NA,09/04/2024 23:03,0
10/04/2024 00:00,WIND,492301,1,HCM,1,62122,1011,230,5,240,9,2342,6,6,6,6,6,NA,NA,NA,NA,10/04/2024 00:03,0
10/04/2024 01:00,WIND,492301,1,HCM,1,62122,1011,230,6,220,10,28,6,6,6,6,6,NA,NA,NA,NA,10/04/2024 01:03,0
10/04/2024 02:00,WIND,492301,1,HCM,1,62122,1011,220,5,220,10,58,6,6,6,6,6,NA,NA,NA,NA,10/04/2024 02:03,0
10/04/2024 03:00,WIND,492301,1,HCM,1,62122,1011,190,5,200,9,155,6,6,6,6,6,NA,NA,NA,NA,10/04/2024 03:03,0
10/04/2024 04:00,WIND,492301,1,HCM,1,62122,1011,190,5,220,9,346,6,6,6,6,6,NA,NA,NA,NA,10/04/2024 04:03,0
10/04/2024 05:00,WIND,492301,1,HCM,1,62122,1011,210,8,210,14,418,6,6,6,6,6,NA,NA,NA,NA,10/04/2024 05:03,0
10/04/2024 06:00,WIND,492301,1,HCM,1,62122,1011,200,7,210,13,518,6,6,6,6,6,NA,NA,NA,NA,10/04/2024 06:03,0
10/04/2024 07:00,WIND,492301,1,HCM,1,62122,1011,190,7,190,13,628,6,6,6,6,6,NA,NA,NA,NA,10/04/2024 07:03,0
10/04/2024 08:00,WIND,492301,1,HCM,1,62122,1011,180,6,180,11,739,6,6,6,6,6,NA,NA,NA,NA,10/04/2024 08:03,0
10/04/2024 09:00,WIND,492301,1,HCM,1,62122,1011,170,7,170,13,804,6,6,6,6,6,NA,NA,NA,NA,10/04/2024 09:04,0
10/04/2024 10:00,WIND,492301,1,HCM,1,62122,1011,170,10,180,22,943,6,6,6,6,6,NA,NA,NA,NA,10/04/2024 10:03,0
10/04/2024 11:00,WIND,492301,1,HCM,1,62122,1011,170,12,190,22,1023,6,6,6,6,6,NA,NA,NA,NA,10/04/2024 11:03,0
10/04/2024 12:00,WIND,492301,1,HCM,1,62122,1011,170,12,160,24,1059,6,6,6,6,6,NA,NA,NA,NA,10/04/2024 12:03,0
10/04/2024 13:00,WIND,492301,1,HCM,1,62122,1011,180,12,180,23,1237,6,6,6,6,6,NA,NA,NA,NA,10/04/2024 13:03,0
10/04/2024 14:00,WIND,492301,1,HCM,1,62122,1011,190,12,190,23,1307,6,6,6,6,6,NA,NA,NA,NA,10/04/2024 14:03,0
10/04/2024 15:00,WIND,492301,1,HCM,1,62122,1011,190,13,170,22,1439,6,6,6,6,6,NA,NA,NA,NA,10/04/2024 15:03,0
10/04/2024 16:00,WIND,492301,1,HCM,1,62122,1011,180,10,180,23,1458,6,6,6,6,6,NA,NA,NA,NA,10/04/2024 16:03,0
10/04/2024 17:00,WIND,492301,1,HCM,1,62122,1011,200,8,180,15,1555,6,6,6,6,6,NA,NA,NA,NA,10/04/2024 17:03,0
10/04/2024 18:00,WIND,492301,1,HCM,1,62122,1011,210,8,220,18,1735,6,6,6,6,6,NA,NA,NA,NA,10/04/2024 18:03,0
10/04/2024 19:00,WIND,492301,1,HCM,1,62122,1011,220,9,220,18,1757,6,6,6,6,6,NA,NA,NA,NA,10/04/2024 19:03,0
10/04/2024 20:00,WIND,492301,1,HCM,1,62122,1011,210,8,200,15,1902,6,6,6,6,6,NA,NA,NA,NA,10/04/2024 20:03,0
10/04/2024 21:00,WIND,492301,1,HCM,1,62122,1011,220,6,190,12,2031,6,6,6,6,6,NA,NA,NA,NA,10/04/2024 21:03,0
10/04/2024 22:00,WIND,492301,1,HCM,1,62122,1011,230,11,220,22,2139,6,6,6,6,6,NA,NA,NA,NA,10/04/2024 22:03,0
10/04/2024 23:00,WIND,492301,1,HCM,1,62122,1011,220,10,230,19,2245,6,6,6,6,6,NA,NA,NA,NA,10/04/2024 23:03,0
11/04/2024 00:00,WIND,492301,1,HCM,1,62122,1011,220,9,220,19,2311,6,6,6,6,6,NA,NA,NA,NA,11/04/2024 00:04,0
11/04/2024 01:00,WIND,492301,1,HCM,1,62122,1011,220,9,230,17,5,6,6,6,6,6,NA,NA,NA,NA,11/04/2024 01:03,0
11/04/2024 02:00,WIND,492301,1,HCM,1,62122,1011,220,10,240,20,128,6,6,6,6,6,NA,NA,NA,NA,11/04/2024 02:03,0
11/04/2024 03:00,WIND,492301,1,HCM,1,62122,1011,230,9,230,20,237,6,6,6,6,6,NA,NA,NA,NA,11/04/2024 03:03,0
11/04/2024 04:00,WIND,492301,1,HCM,1,62122,1011,240,10,260,19,340,6,6,6,6,6,NA,NA,NA,NA,11/04/2024 04:03,0
11/04/2024 05:00,WIND,492301,1,HCM,1,62122,1011,240,10,240,21,434,6,6,6,6,6,NA,NA,NA,NA,11/04/2024 05:03,0
11/04/2024 06:00,WIND,492301,1,HCM,1,62122,1011,240,9,240,16,454,6,6,6,6,6,NA,NA,NA,NA,11/04/2024 06:03,0
11/04/2024 07:00,WIND,492301,1,HCM,1,62122,1011,240,10,230,18,606,6,6,6,6,6,NA,NA,NA,NA,11/04/2024 07:03,0
11/04/2024 08:00,WIND,492301,1,HCM,1,62122,1011,240,7,250,13,744,6,6,6,6,6,NA,NA,NA,NA,11/04/2024 08:03,0
11/04/2024 09:00,WIND,492301,1,HCM,1,62122,1011,230,7,230,12,847,6,6,6,6,6,NA,NA,NA,NA,11/04/2024 09:04,0
11/04/2024 10:00,WIND,492301,1,HCM,1,62122,1011,240,8,240,13,903,6,6,6,6,6,NA,NA,NA,NA,11/04/2024 10:03,0
11/04/2024 11:00,WIND,492301,1,HCM,1,62122,1011,230,7,230,12,1046,6,6,6,6,6,NA,NA,NA,NA,11/04/2024 11:03,0
11/04/2024 12:00,WIND,492301,1,HCM,1,62122,1011,240,8,250,15,1114,6,6,6,6,6,NA,NA,NA,NA,11/04/2024 12:03,0
11/04/2024 13:00,WIND,492301,1,HCM,1,62122,1011,240,8,230,14,1222,6,6,6,6,6,NA,NA,NA,NA,11/04/2024 13:03,0
11/04/2024 14:00,WIND,492301,1,HCM,1,62122,1011,270,6,280,10,1328,6,6,6,6,6,NA,NA,NA,NA,11/04/2024 14:03,0
11/04/2024 15:00,WIND,492301,1,HCM,1,62122,1011,270,5,300,8,1352,6,6,6,6,6,NA,NA,NA,NA,11/04/2024 15:03,0
11/04/2024 16:00,WIND,492301,1,HCM,1,62122,1011,260,4,250,7,1512,6,6,6,6,6,NA,NA,NA,NA,11/04/2024 16:03,0
11/04/2024 17:00,WIND,492301,1,HCM,1,62122,1011,250,5,210,13,1647,6,6,6,6,6,NA,NA,NA,NA,11/04/2024 17:03,0
11/04/2024 18:00,WIND,492301,1,HCM,1,62122,1011,220,8,220,14,1717,6,6,6,6,6,NA,NA,NA,NA,11/04/2024 18:03,0
11/04/2024 19:00,WIND,492301,1,HCM,1,62122,1011,240,6,220,13,1842,6,6,6,6,6,NA,NA,NA,NA,11/04/2024 19:03,0
11/04/2024 20:00,WIND,492301,1,HCM,1,62122,1011,200,6,210,13,1927,6,6,6,6,6,NA,NA,NA,NA,11/04/2024 20:03,0
11/04/2024 21:00,WIND,492301,1,HCM,1,62122,1011,180,6,180,13,2030,6,6,6,6,6,NA,NA,NA,NA,11/04/2024 21:03,0
11/04/2024 22:00,WIND,492301,1,HCM,1,62122,1011,180,7,160,15,2138,6,6,6,6,6,NA,NA,NA,NA,11/04/2024 22:03,0
11/04/2024 23:00,WIND,492301,1,HCM,1,62122,1011,190,8,190,15,2218,6,6,6,6,6,NA,NA,NA,NA,11/04/2024 23:03,0
12/04/2024 00:00,WIND,492301,1,HCM,1,62122,1011,200,7,210,14,2331,6,6,6,6,6,NA,NA,NA,NA,12/04/2024 00:03,0
12/04/2024 01:00,WIND,492301,1,HCM,1,62122,1011,210,7,220,15,8,6,6,6,6,6,NA,NA,NA,NA,12/04/2024 01:03,0
12/04/2024 02:00,WIND,492301,1,HCM,1,62122,1011,200,7,200,12,52,6,6,6,6,6,NA,NA,NA,NA,12/04/2024 02:03,0
12/04/2024 03:00,WIND,492301,1,HCM,1,62122,1011,210,6,210,11,249,6,6,6,6,6,NA,NA,NA,NA,12/04/2024 03:03,0
12/04/2024 04:00,WIND,492301,1,HCM,1,62122,1011,220,6,210,12,258,6,6,6,6,6,NA,NA,NA,NA,12/04/2024 04:03,0
12/04/2024 05:00,WIND,492301,1,HCM,1,62122,1011,210,5,220,9,432,6,6,6,6,6,NA,NA,NA,NA,12/04/2024 05:03,0
12/04/2024 06:00,WIND,492301,1,HCM,1,62122,1011,190,5,210,8,547,6,6,6,6,6,NA,NA,NA,NA,12/04/2024 06:03,0
12/04/2024 07:00,WIND,492301,1,HCM,1,62122,1011,200,5,210,8,616,6,6,6,6,6,NA,NA,NA,NA,12/04/2024 07:03,0
12/04/2024 08:00,WIND,492301,1,HCM,1,62122,1011,210,6,200,11,733,6,6,6,6,6,NA,NA,NA,NA,12/04/2024 08:03,0
12/04/2024 09:00,WIND,492301,1,HCM,1,62122,1011,210,7,210,14,817,6,6,6,6,6,NA,NA,NA,NA,12/04/2024 09:04,0
12/04/2024 10:00,WIND,492301,1,HCM,1,62122,1011,220,7,230,15,926,6,6,6,6,6,NA,NA,NA,NA,12/04/2024 10:03,0
12/04/2024 11:00,WIND,492301,1,HCM,1,62122,1011,220,8,210,14,1021,6,6,6,6,6,NA,NA,NA,NA,12/04/2024 11:03,0
12/04/2024 12:00,WIND,492301,1,HCM,1,62122,1011,230,9,220,17,1147,6,6,6,6,6,NA,NA,NA,NA,12/04/2024 12:03,0
12/04/2024 13:00,WIND,492301,1,HCM,1,62122,1011,210,12,220,22,1206,6,6,6,6,6,NA,NA,NA,NA,12/04/2024 13:03,0
12/04/2024 14:00,WIND,492301,1,HCM,1,62122,1011,210,12,190,21,1319,6,6,6,6,6,NA,NA,NA,NA,12/04/2024 14:03,0
12/04/2024 15:00,WIND,492301,1,HCM,1,62122,1011,220,11,220,23,1413,6,6,6,6,6,NA,NA,NA,NA,12/04/2024 15:03,0
12/04/2024 16:00,WIND,492301,1,HCM,1,62122,1011,240,9,250,15,1455,6,6,6,6,6,NA,NA,NA,NA,12/04/2024 16:03,0
12/04/2024 17:00,WIND,492301,1,HCM,1,62122,1011,240,9,250,15,1614,6,6,6,6,6,NA,NA,NA,NA,12/04/2024 17:03,0
12/04/2024 18:00,WIND,492301,1,HCM,1,62122,1011,240,10,240,19,1712,6,6,6,6,6,NA,NA,NA,NA,12/04/2024 18:03,0
12/04/2024 19:00,WIND,492301,1,HCM,1,62122,1011,240,8,250,13,1755,6,6,6,6,6,NA,NA,NA,NA,12/04/2024 19:03,0
12/04/2024 20:00,WIND,492301,1,HCM,1,62122,1011,230,6,220,11,1906,6,6,6,6,6,NA,NA,NA,NA,12/04/2024 20:03,0
12/04/2024 21:00,WIND,492301,1,HCM,1,62122,1011,230,6,220,11,2017,6,6,6,6,6,NA,NA,NA,NA,12/04/2024 21:03,0
12/04/2024 22:00,WIND,492301,1,HCM,1,62122,1011,200,5,230,10,2053,6,6,6,6,6,NA,NA,NA,NA,12/04/2024 22:03,0
12/04/2024 23:00,WIND,492301,1,HCM,1,62122,1011,200,6,190,11,2231,6,6,6,6,6,NA,NA,NA,NA,12/04/2024 23:03,0
13/04/2024 00:00,WIND,492301,1,HCM,1,62122,1011,200,6,200,10,2301,6,6,6,6,6,NA,NA,NA,NA,13/04/2024 00:03,0
13/04/2024 01:00,WIND,492301,1,HCM,1,62122,1011,200,5,200,9,2356,6,6,6,6,6,NA,NA,NA,NA,13/04/2024 01:03,0
13/04/2024 02:00,WIND,492301,1,HCM,1,62122,1011,210,5,190,9,55,6,6,6,6,6,NA,NA,NA,NA,13/04/2024 02:03,0
13/04/2024 03:00,WIND,492301,1,HCM,1,62122,1011,210,5,210,8,244,6,6,6,6,6,NA,NA,NA,NA,13/04/2024 03:03,0
13/04/2024 04:00,WIND,492301,1,HCM,1,62122,1011,220,5,220,8,303,6,6,6,6,6,NA,NA,NA,NA,13/04/2024 04:03,0
13/04/2024 05:00,WIND,492301,1,HCM,1,62122,1011,220,4,210,8,407,6,6,6,6,6,NA,NA,NA,NA,13/04/2024 05:03,0
13/04/2024 06:00,WIND,492301,1,HCM,1,62122,1011,200,4,180,7,548,6,6,6,6,6,NA,NA,NA,NA,13/04/2024 06:04,0
13/04/2024 07:00,WIND,492301,1,HCM,1,62122,1011,210,6,200,12,645,6,6,6,6,6,NA,NA,NA,NA,13/04/2024 07:03,0
13/04/2024 08:00,WIND,492301,1,HCM,1,62122,1011,210,6,210,11,653,6,6,6,6,6,NA,NA,NA,NA,13/04/2024 08:03,0
13/04/2024 09:00,WIND,492301,1,HCM,1,62122,1011,220,8,210,15,849,6,6,6,6,6,NA,NA,NA,NA,13/04/2024 09:03,0
13/04/2024 10:00,WIND,492301,1,HCM,1,62122,1011,230,9,230,16,927,6,6,6,6,6,NA,NA,NA,NA,13/04/2024 10:03,0
13/04/2024 11:00,WIND,492301,1,HCM,1,62122,1011,250,11,260,17,1048,6,6,6,6,6,NA,NA,NA,NA,13/04/2024 11:03,0
13/04/2024 12:00,WIND,492301,1,HCM,1,62122,1011,240,12,250,20,1104,6,6,6,6,6,NA,NA,NA,NA,13/04/2024 12:03,0
13/04/2024 13:00,WIND,492301,1,HCM,1,62122,1011,240,11,230,20,1208,6,6,6,6,6,NA,NA,NA,NA,13/04/2024 13:03,0
13/04/2024 14:00,WIND,492301,1,HCM,1,62122,1011,240,11,250,20,1253,6,6,6,6,6,NA,NA,NA,NA,13/04/2024 14:03,0
13/04/2024 15:00,WIND,492301,1,HCM,1,62122,1011,240,11,240,19,1445,6,6,6,6,6,NA,NA,NA,NA,13/04/2024 15:03,0
13/04/2024 16:00,WIND,492301,1,HCM,1,62122,1011,240,13,230,23,1515,6,6,6,6,6,NA,NA,NA,NA,13/04/2024 16:03,0
13/04/2024 17:00,WIND,492301,1,HCM,1,62122,1011,240,14,240,23,1642,6,6,6,6,6,NA,NA,NA,NA,13/04/2024 17:03,0
13/04/2024 18:00,WIND,492301,1,HCM,1,62122,1011,240,15,240,26,1719,6,6,6,6,6,NA,NA,NA,NA,13/04/2024 18:03,0
13/04/2024 19:00,WIND,492301,1,HCM,1,62122,1011,240,13,240,24,1752,6,6,6,6,6,NA,NA,NA,NA,13/04/2024 19:03,0
13/04/2024 20:00,WIND,492301,1,HCM,1,62122,1011,240,11,250,20,1900,6,6,6,6,6,NA,NA,NA,NA,13/04/2024 20:03,0
13/04/2024 21:00,WIND,492301,1,HCM,1,62122,1011,240,9,240,16,2048,6,6,6,6,6,NA,NA,NA,NA,13/04/2024 21:03,0
13/04/2024 22:00,WIND,492301,1,HCM,1,62122,1011,240,8,240,15,2100,6,6,6,6,6,NA,NA,NA,NA,13/04/2024 22:03,0
13/04/2024 23:00,WIND,492301,1,HCM,1,62122,1011,230,6,220,13,2201,6,6,6,6,6,NA,NA,NA,NA,13/04/2024 23:03,0
14/04/2024 00:00,WIND,492301,1,HCM,1,62122,1011,230,4,230,9,2300,6,6,6,6,6,NA,NA,NA,NA,14/04/2024 00:03,0
14/04/2024 01:00,WIND,492301,1,HCM,1,62122,1011,240,3,230,6,31,6,6,6,6,6,NA,NA,NA,NA,14/04/2024 01:03,0
14/04/2024 02:00,WIND,492301,1,HCM,1,62122,1011,240,5,250,8,110,6,6,6,6,6,NA,NA,NA,NA,14/04/2024 02:03,0
14/04/2024 03:00,WIND,492301,1,HCM,1,62122,1011,250,3,240,7,154,6,6,6,6,6,NA,NA,NA,NA,14/04/2024 03:03,0
14/04/2024 04:00,WIND,492301,1,HCM,1,62122,1011,230,3,230,5,313,6,6,6,6,6,NA,NA,NA,NA,14/04/2024 04:03,0
14/04/2024 05:00,WIND,492301,1,HCM,1,62122,1011,230,3,250,5,404,6,6,6,6,6,NA,NA,NA,NA,14/04/2024 05:03,0
14/04/2024 06:00,WIND,492301,1,HCM,1,62122,1011,230,3,240,5,544,6,6,6,6,6,NA,NA,NA,NA,14/04/2024 06:04,0
14/04/2024 07:00,WIND,492301,1,HCM,1,62122,1011,230,3,210,6,606,6,6,6,6,6,NA,NA,NA,NA,14/04/2024 07:03,0
14/04/2024 08:00,WIND,492301,1,HCM,1,62122,1011,230,4,240,8,746,6,6,6,6,6,NA,NA,NA,NA,14/04/2024 08:03,0
14/04/2024 09:00,WIND,492301,1,HCM,1,62122,1011,240,6,240,11,824,6,6,6,6,6,NA,NA,NA,NA,14/04/2024 09:03,0
14/04/2024 10:00,WIND,492301,1,HCM,1,62122,1011,250,7,210,12,943,6,6,6,6,6,NA,NA,NA,NA,14/04/2024 10:03,0
14/04/2024 11:00,WIND,492301,1,HCM,1,62122,1011,240,10,250,19,1035,6,6,6,6,6,NA,NA,NA,NA,14/04/2024 11:03,0
14/04/2024 12:00,WIND,492301,1,HCM,1,62122,1011,230,11,240,17,1051,6,6,6,6,6,NA,NA,NA,NA,14/04/2024 12:03,0
14/04/2024 13:00,WIND,492301,1,HCM,1,62122,1011,240,11,240,19,1230,6,6,6,6,6,NA,NA,NA,NA,14/04/2024 13:03,0
14/04/2024 14:00,WIND,492301,1,HCM,1,62122,1011,240,11,210,19,1343,6,6,6,6,6,NA,NA,NA,NA,14/04/2024 14:03,0
14/04/2024 15:00,WIND,492301,1,HCM,1,62122,1011,240,12,240,19,1423,6,6,6,6,6,NA,NA,NA,NA,14/04/2024 15:03,0
14/04/2024 16:00,WIND,492301,1,HCM,1,62122,1011,240,13,240,23,1527,6,6,6,6,6,NA,NA,NA,NA,14/04/2024 16:03,0
14/04/2024 17:00,WIND,492301,1,HCM,1,62122,1011,240,13,260,21,1635,6,6,6,6,6,NA,NA,NA,NA,14/04/2024 17:03,0
14/04/2024 18:00,WIND,492301,1,HCM,1,62122,1011,240,13,250,24,1714,6,6,6,6,6,NA,NA,NA,NA,14/04/2024 18:03,0
14/04/2024 19:00,WIND,492301,1,HCM,1,62122,1011,240,11,240,20,1835,6,6,6,6,6,NA,NA,NA,NA,14/04/2024 19:03,0
14/04/2024 20:00,WIND,492301,1,HCM,1,62122,1011,240,14,230,27,1942,6,6,6,6,6,NA,NA,NA,NA,14/04/2024 20:03,0
14/04/2024 21:00,WIND,492301,1,HCM,1,62122,1011,240,10,250,23,2026,6,6,6,6,6,NA,NA,NA,NA,14/04/2024 21:03,0
14/04/2024 22:00,WIND,492301,1,HCM,1,62122,1011,230,13,240,27,2117,6,6,6,6,6,NA,NA,NA,NA,14/04/2024 22:03,0
14/04/2024 23:00,WIND,492301,1,HCM,1,62122,1011,230,12,240,25,2244,6,6,6,6,6,NA,NA,NA,NA,14/04/2024 23:03,0
15/04/2024 00:00,WIND,492301,1,HCM,1,62122,1011,220,10,240,23,2315,6,6,6,6,6,NA,NA,NA,NA,15/04/2024 00:03,0
15/04/2024 01:00,WIND,492301,1,HCM,1,62122,1011,210,11,210,20,48,6,6,6,6,6,NA,NA,NA,NA,15/04/2024 01:03,0
15/04/2024 02:00,WIND,492301,1,HCM,1,62122,1011,210,12,210,22,141,6,6,6,6,6,NA,NA,NA,NA,15/04/2024 02:03,0
15/04/2024 03:00,WIND,492301,1,HCM,1,62122,1011,210,13,210,24,240,6,6,6,6,6,NA,NA,NA,NA,15/04/2024 03:03,0
15/04/2024 04:00,WIND,492301,1,HCM,1,62122,1011,230,15,220,28,339,6,6,6,6,6,NA,NA,NA,NA,15/04/2024 04:03,0
15/04/2024 05:00,WIND,492301,1,HCM,1,62122,1011,240,17,240,36,400,6,6,6,6,6,NA,NA,NA,NA,15/04/2024 05:03,0
15/04/2024 06:00,WIND,492301,1,HCM,1,62122,1011,240,20,240,40,536,6,6,6,6,6,NA,NA,NA,NA,15/04/2024 06:04,0
15/04/2024 07:00,WIND,492301,1,HCM,1,62122,1011,230,21,240,42,649,6,6,6,6,6,NA,NA,NA,NA,15/04/2024 07:03,0
15/04/2024 08:00,WIND,492301,1,HCM,1,62122,1011,250,14,240,39,700,6,6,6,6,6,NA,NA,NA,NA,15/04/2024 08:03,0
15/04/2024 09:00,WIND,492301,1,HCM,1,62122,1011,250,10,270,22,848,6,6,6,6,6,NA,NA,NA,NA,15/04/2024 09:03,0
15/04/2024 10:00,WIND,492301,1,HCM,1,62122,1011,270,15,290,31,924,6,6,6,6,6,NA,NA,NA,NA,15/04/2024 10:03,0
15/04/2024 11:00,WIND,492301,1,HCM,1,62122,1011,270,17,250,30,1034,6,6,6,6,6,NA,NA,NA,NA,15/04/2024 11:03,0
15/04/2024 12:00,WIND,492301,1,HCM,1,62122,1011,270,18,260,33,1105,6,6,6,6,6,NA,NA,NA,NA,15/04/2024 12:03,0
15/04/2024 13:00,WIND,492301,1,HCM,1,62122,1011,270,17,280,34,1207,6,6,6,6,6,NA,NA,NA,NA,15/04/2024 13:03,0
15/04/2024 14:00,WIND,492301,1,HCM,1,62122,1011,270,14,260,32,1304,6,6,6,6,6,NA,NA,NA,NA,15/04/2024 14:03,0
15/04/2024 15:00,WIND,492301,1,HCM,1,62122,1011,300,10,300,25,1407,6,6,6,6,6,NA,NA,NA,NA,15/04/2024 15:03,0
15/04/2024 16:00,WIND,492301,1,HCM,1,62122,1011,280,11,300,25,1510,6,6,6,6,6,NA,NA,NA,NA,15/04/2024 16:03,0
15/04/2024 17:00,WIND,492301,1,HCM,1,62122,1011,280,14,300,28,1600,6,6,6,6,6,NA,NA,NA,NA,15/04/2024 17:03,0
15/04/2024 18:00,WIND,492301,1,HCM,1,62122,1011,270,12,290,25,1747,6,6,6,6,6,NA,NA,NA,NA,15/04/2024 18:03,0
15/04/2024 19:00,WIND,492301,1,HCM,1,62122,1011,280,8,290,25,1751,6,6,6,6,6,NA,NA,NA,NA,15/04/2024 19:03,0
15/04/2024 20:00,WIND,492301,1,HCM,1,62122,1011,250,9,250,18,1946,6,6,6,6,6,NA,NA,NA,NA,15/04/2024 20:03,0
15/04/2024 21:00,WIND,492301,1,HCM,1,62122,1011,250,12,250,23,1956,6,6,6,6,6,NA,NA,NA,NA,15/04/2024 21:03,0
15/04/2024 22:00,WIND,492301,1,HCM,1,62122,1011,250,13,260,24,2116,6,6,6,6,6,NA,NA,NA,NA,15/04/2024 22:03,0
15/04/2024 23:00,WIND,492301,1,HCM,1,62122,1011,260,14,260,30,2222,6,6,6,6,6,NA,NA,NA,NA,15/04/2024 23:03,0
16/04/2024 00:00,WIND,492301,1,HCM,1,62122,1011,260,13,260,26,2257,6,6,6,6,6,NA,NA,NA,NA,16/04/2024 00:03,0
16/04/2024 01:00,WIND,492301,1,HCM,1,62122,1011,250,10,250,21,2351,6,6,6,6,6,NA,NA,NA,NA,16/04/2024 01:03,0
16/04/2024 02:00,WIND,492301,1,HCM,1,62122,1011,260,8,280,20,142,6,6,6,6,6,NA,NA,NA,NA,16/04/2024 02:03,0
16/04/2024 03:00,WIND,492301,1,HCM,1,62122,1011,270,9,270,18,241,6,6,6,6,6,NA,NA,NA,NA,16/04/2024 03:03,0
16/04/2024 04:00,WIND,492301,1,HCM,1,62122,1011,260,8,290,15,306,6,6,6,6,6,NA,NA,NA,NA,16/04/2024 04:03,0
16/04/2024 05:00,WIND,492301,1,HCM,1,62122,1011,270,9,280,18,430,6,6,6,6,6,NA,NA,NA,NA,16/04/2024 05:03,0
16/04/2024 06:00,WIND,492301,1,HCM,1,62122,1011,270,11,260,20,519,6,6,6,6,6,NA,NA,NA,NA,16/04/2024 06:04,0
16/04/2024 07:00,WIND,492301,1,HCM,1,62122,1011,270,9,240,19,556,6,6,6,6,6,NA,NA,NA,NA,16/04/2024 07:03,0
16/04/2024 08:00,WIND,492301,1,HCM,1,62122,1011,280,7,280,18,650,6,6,6,6,6,NA,NA,NA,NA,16/04/2024 08:03,0
16/04/2024 09:00,WIND,492301,1,HCM,1,62122,1011,280,9,290,19,839,6,6,6,6,6,NA,NA,NA,NA,16/04/2024 09:03,0
16/04/2024 10:00,WIND,492301,1,HCM,1,62122,1011,300,11,320,20,927,6,6,6,6,6,NA,NA,NA,NA,16/04/2024 10:03,0
16/04/2024 11:00,WIND,492301,1,HCM,1,62122,1011,300,10,290,18,1049,6,6,6,6,6,NA,NA,NA,NA,16/04/2024 11:03,0
16/04/2024 12:00,WIND,492301,1,HCM,1,62122,1011,310,12,280,22,1140,6,6,6,6,6,NA,NA,NA,NA,16/04/2024 12:03,0
16/04/2024 13:00,WIND,492301,1,HCM,1,62122,1011,310,11,280,19,1150,6,6,6,6,6,NA,NA,NA,NA,16/04/2024 13:03,0
16/04/2024 14:00,WIND,492301,1,HCM,1,62122,1011,330,10,340,17,1349,6,6,6,6,6,NA,NA,NA,NA,16/04/2024 14:03,0
16/04/2024 15:00,WIND,492301,1,HCM,1,62122,1011,310,9,290,21,1434,6,6,6,6,6,NA,NA,NA,NA,16/04/2024 15:03,0
16/04/2024 16:00,WIND,492301,1,HCM,1,62122,1011,310,9,300,20,1546,6,6,6,6,6,NA,NA,NA,NA,16/04/2024 16:03,0
16/04/2024 17:00,WIND,492301,1,HCM,1,62122,1011,260,8,270,16,1558,6,6,6,6,6,NA,NA,NA,NA,16/04/2024 17:03,0
16/04/2024 18:00,WIND,492301,1,HCM,1,62122,1011,290,5,280,12,1744,6,6,6,6,6,NA,NA,NA,NA,16/04/2024 18:03,0
16/04/2024 19:00,WIND,492301,1,HCM,1,62122,1011,310,6,310,11,1838,6,6,6,6,6,NA,NA,NA,NA,16/04/2024 19:03,0
16/04/2024 20:00,WIND,492301,1,HCM,1,62122,1011,300,4,280,9,1938,6,6,6,6,6,NA,NA,NA,NA,16/04/2024 20:03,0
16/04/2024 21:00,WIND,492301,1,HCM,1,62122,1011,310,5,290,9,1958,6,6,6,6,6,NA,NA,NA,NA,16/04/2024 21:03,0
16/04/2024 22:00,WIND,492301,1,HCM,1,62122,1011,320,3,330,8,2055,6,6,6,6,6,NA,NA,NA,NA,16/04/2024 22:03,0
16/04/2024 23:00,WIND,492301,1,HCM,1,62122,1011,280,2,300,6,2152,6,6,6,6,6,NA,NA,NA,NA,16/04/2024 23:03,0
17/04/2024 00:00,WIND,492301,1,HCM,1,62122,1011,220,3,220,5,2318,6,6,6,6,6,NA,NA,NA,NA,17/04/2024 00:03,0
17/04/2024 01:00,WIND,492301,1,HCM,1,62122,1011,240,2,280,6,37,6,6,6,6,6,NA,NA,NA,NA,17/04/2024 01:03,0
17/04/2024 02:00,WIND,492301,1,HCM,1,62122,1011,200,2,240,5,146,6,6,6,6,6,NA,NA,NA,NA,17/04/2024 02:03,0
17/04/2024 03:00,WIND,492301,1,HCM,1,62122,1011,250,5,250,8,225,6,6,6,6,6,NA,NA,NA,NA,17/04/2024 03:03,0
17/04/2024 04:00,WIND,492301,1,HCM,1,62122,1011,270,3,270,7,333,6,6,6,6,6,NA,NA,NA,NA,17/04/2024 04:03,0
17/04/2024 05:00,WIND,492301,1,HCM,1,62122,1011,290,5,300,11,431,6,6,6,6,6,NA,NA,NA,NA,17/04/2024 05:03,0
17/04/2024 06:00,WIND,492301,1,HCM,1,62122,1011,270,5,320,11,458,6,6,6,6,6,NA,NA,NA,NA,17/04/2024 06:03,0
17/04/2024 07:00,WIND,492301,1,HCM,1,62122,1011,290,7,300,14,558,6,6,6,6,6,NA,NA,NA,NA,17/04/2024 07:03,0
17/04/2024 08:00,WIND,492301,1,HCM,1,62122,1011,290,9,290,16,658,6,6,6,6,6,NA,NA,NA,NA,17/04/2024 08:03,0
17/04/2024 09:00,WIND,492301,1,HCM,1,62122,1011,290,9,280,17,834,6,6,6,6,6,NA,NA,NA,NA,17/04/2024 09:03,0
17/04/2024 10:00,WIND,492301,1,HCM,1,62122,1011,290,8,270,16,856,6,6,6,6,6,NA,NA,NA,NA,17/04/2024 10:03,0
17/04/2024 11:00,WIND,492301,1,HCM,1,62122,1011,300,8,340,18,1048,6,6,6,6,6,NA,NA,NA,NA,17/04/2024 11:03,0
17/04/2024 12:00,WIND,492301,1,HCM,1,62122,1011,290,9,290,18,1104,6,6,6,6,6,NA,NA,NA,NA,17/04/2024 12:03,0
17/04/2024 13:00,WIND,492301,1,HCM,1,62122,1011,300,10,310,19,1234,6,6,6,6,6,NA,NA,NA,NA,17/04/2024 13:03,0
17/04/2024 14:00,WIND,492301,1,HCM,1,62122,1011,300,9,270,15,1328,6,6,6,6,6,NA,NA,NA,NA,17/04/2024 14:03,0
17/04/2024 15:00,WIND,492301,1,HCM,1,62122,1011,320,9,290,15,1352,6,6,6,6,6,NA,NA,NA,NA,17/04/2024 15:03,0
17/04/2024 16:00,WIND,492301,1,HCM,1,62122,1011,300,7,280,14,1510,6,6,6,6,6,NA,NA,NA,NA,17/04/2024 16:03,0
17/04/2024 17:00,WIND,492301,1,HCM,1,62122,1011,310,5,320,15,1631,6,6,6,6,6,NA,NA,NA,NA,17/04/2024 17:03,0
17/04/2024 18:00,WIND,492301,1,HCM,1,62122,1011,320,7,310,15,1748,6,6,6,6,6,NA,NA,NA,NA,17/04/2024 18:03,0
17/04/2024 19:00,WIND,492301,1,HCM,1,62122,1011,310,6,320,13,1750,6,6,6,6,6,NA,NA,NA,NA,17/04/2024 19:03,0
17/04/2024 20:00,WIND,492301,1,HCM,1,62122,1011,300,4,280,11,1853,6,6,6,6,6,NA,NA,NA,NA,17/04/2024 20:03,0
17/04/2024 21:00,WIND,492301,1,HCM,1,62122,1011,320,3,330,6,1954,6,6,6,6,6,NA,NA,NA,NA,17/04/2024 21:03,0
17/04/2024 22:00,WIND,492301,1,HCM,1,62122,1011,330,4,330,8,2124,6,6,6,6,6,NA,NA,NA,NA,17/04/2024 22:03,0
17/04/2024 23:00,WIND,492301,1,HCM,1,62122,1011,350,5,340,9,2208,6,6,6,6,6,NA,NA,NA,NA,17/04/2024 23:03,0
18/04/2024 00:00,WIND,492301,1,HCM,1,62122,1011,350,4,350,7,2346,6,6,6,6,6,NA,NA,NA,NA,18/04/2024 00:03,0
18/04/2024 01:00,WIND,492301,1,HCM,1,62122,1011,350,5,360,9,17,6,6,6,6,6,NA,NA,NA,NA,18/04/2024 01:03,0
18/04/2024 02:00,WIND,492301,1,HCM,1,62122,1011,360,5,360,8,58,6,6,6,6,6,NA,NA,NA,NA,18/04/2024 02:03,0
18/04/2024 03:00,WIND,492301,1,HCM,1,62122,1011,350,3,10,8,154,6,6,6,6,6,NA,NA,NA,NA,18/04/2024 03:03,0
18/04/2024 04:00,WIND,492301,1,HCM,1,62122,1011,330,3,320,5,257,6,6,6,6,6,NA,NA,NA,NA,18/04/2024 04:03,0
18/04/2024 05:00,WIND,492301,1,HCM,1,62122,1011,350,5,340,7,449,6,6,6,6,6,NA,NA,NA,NA,18/04/2024 05:03,0
18/04/2024 06:00,WIND,492301,1,HCM,1,62122,1011,350,4,350,7,510,6,6,6,6,6,NA,NA,NA,NA,18/04/2024 06:04,0
18/04/2024 07:00,WIND,492301,1,HCM,1,62122,1011,340,4,340,8,631,6,6,6,6,6,NA,NA,NA,NA,18/04/2024 07:03,0
18/04/2024 08:00,WIND,492301,1,HCM,1,62122,1011,340,4,10,7,710,6,6,6,6,6,NA,NA,NA,NA,18/04/2024 08:03,0
18/04/2024 09:00,WIND,492301,1,HCM,1,62122,1011,300,3,280,6,809,6,6,6,6,6,NA,NA,NA,NA,18/04/2024 09:03,0
18/04/2024 10:00,WIND,492301,1,HCM,1,62122,1011,310,3,310,7,947,6,6,6,6,6,NA,NA,NA,NA,18/04/2024 10:03,0
18/04/2024 11:00,WIND,492301,1,HCM,1,62122,1011,270,4,330,12,1017,6,6,6,6,6,NA,NA,NA,NA,18/04/2024 11:03,0
18/04/2024 12:00,WIND,492301,1,HCM,1,62122,1011,230,5,260,11,1148,6,6,6,6,6,NA,NA,NA,NA,18/04/2024 12:03,0
18/04/2024 13:00,WIND,492301,1,HCM,1,62122,1011,240,8,230,14,1236,6,6,6,6,6,NA,NA,NA,NA,18/04/2024 13:03,0
18/04/2024 14:00,WIND,492301,1,HCM,1,62122,1011,240,10,220,18,1327,6,6,6,6,6,NA,NA,NA,NA,18/04/2024 14:03,0
18/04/2024 15:00,WIND,492301,1,HCM,1,62122,1011,240,12,250,22,1427,6,6,6,6,6,NA,NA,NA,NA,18/04/2024 15:03,0
18/04/2024 16:00,WIND,492301,1,HCM,1,62122,1011,240,12,250,22,1546,6,6,6,6,6,NA,NA,NA,NA,18/04/2024 16:03,0
18/04/2024 17:00,WIND,492301,1,HCM,1,62122,1011,240,13,240,23,1617,6,6,6,6,6,NA,NA,NA,NA,18/04/2024 17:03,0
18/04/2024 18:00,WIND,492301,1,HCM,1,62122,1011,240,13,230,21,1724,6,6,6,6,6,NA,NA,NA,NA,18/04/2024 18:03,0
18/04/2024 19:00,WIND,492301,1,HCM,1,62122,1011,240,14,250,24,1848,6,6,6,6,6,NA,NA,NA,NA,18/04/2024 19:03,0
18/04/2024 20:00,WIND,492301,1,HCM,1,62122,1011,240,12,240,22,1850,6,6,6,6,6,NA,NA,NA,NA,18/04/2024 20:03,0
18/04/2024 21:00,WIND,492301,1,HCM,1,62122,1011,240,12,240,22,2011,6,6,6,6,6,NA,NA,NA,NA,18/04/2024 21:03,0
18/04/2024 22:00,WIND,492301,1,HCM,1,62122,1011,240,13,240,22,2111,6,6,6,6,6,NA,NA,NA,NA,18/04/2024 22:03,0
18/04/2024 23:00,WIND,492301,1,HCM,1,62122,1011,240,14,240,23,2157,6,6,6,6,6,NA,NA,NA,NA,18/04/2024 23:03,0
19/04/2024 00:00,WIND,492301,1,HCM,1,62122,1011,240,13,240,22,2259,6,6,6,6,6,NA,NA,NA,NA,19/04/2024 00:03,0
19/04/2024 01:00,WIND,492301,1,HCM,1,62122,1011,240,12,240,20,0,6,6,6,6,6,NA,NA,NA,NA,19/04/2024 01:03,0
19/04/2024 02:00,WIND,492301,1,HCM,1,62122,1011,240,10,250,17,145,6,6,6,6,6,NA,NA,NA,NA,19/04/2024 02:03,0
19/04/2024 03:00,WIND,492301,1,HCM,1,62122,1011,250,10,250,17,150,6,6,6,6,6,NA,NA,NA,NA,19/04/2024 03:03,0
19/04/2024 04:00,WIND,492301,1,HCM,1,62122,1011,250,9,260,16,308,6,6,6,6,6,NA,NA,NA,NA,19/04/2024 04:03,0
19/04/2024 05:00,WIND,492301,1,HCM,1,62122,1011,260,9,250,15,412,6,6,6,6,6,NA,NA,NA,NA,19/04/2024 05:03,0
19/04/2024 06:00,WIND,492301,1,HCM,1,62122,1011,250,5,240,11,508,6,6,6,6,6,NA,NA,NA,NA,19/04/2024 06:03,0
19/04/2024 07:00,WIND,492301,1,HCM,1,62122,1011,250,6,270,12,643,6,6,6,6,6,NA,NA,NA,NA,19/04/2024 07:03,0
19/04/2024 08:00,WIND,492301,1,HCM,1,62122,1011,270,7,280,15,742,6,6,6,6,6,NA,NA,NA,NA,19/04/2024 08:03,0
19/04/2024 09:00,WIND,492301,1,HCM,1,62122,1011,290,8,290,19,800,6,6,6,6,6,NA,NA,NA,NA,19/04/2024 09:03,0
19/04/2024 10:00,WIND,492301,1,HCM,1,62122,1011,290,12,270,23,931,6,6,6,6,6,NA,NA,NA,NA,19/04/2024 10:03,0
19/04/2024 11:00,WIND,492301,1,HCM,1,62122,1011,280,12,300,22,1001,6,6,6,6,6,NA,NA,NA,NA,19/04/2024 11:03,0
19/04/2024 12:00,WIND,492301,1,HCM,1,62122,1011,280,11,270,19,1147,6,6,6,6,6,NA,NA,NA,NA,19/04/2024 12:03,0
19/04/2024 13:00,WIND,492301,1,HCM,1,62122,1011,280,12,270,21,1232,6,6,6,6,6,NA,NA,NA,NA,19/04/2024 13:03,0
19/04/2024 14:00,WIND,492301,1,HCM,1,62122,1011,290,11,320,20,1332,6,6,6,6,6,NA,NA,NA,NA,19/04/2024 14:03,0
19/04/2024 15:00,WIND,492301,1,HCM,1,62122,1011,300,9,290,19,1422,6,6,6,6,6,NA,NA,NA,NA,19/04/2024 15:03,0
19/04/2024 16:00,WIND,492301,1,HCM,1,62122,1011,320,11,310,21,1544,6,6,6,6,6,NA,NA,NA,NA,19/04/2024 16:03,0
19/04/2024 17:00,WIND,492301,1,HCM,1,62122,1011,330,13,330,22,1628,6,6,6,6,6,NA,NA,NA,NA,19/04/2024 17:03,0
19/04/2024 18:00,WIND,492301,1,HCM,1,62122,1011,330,11,330,17,1654,6,6,6,6,6,NA,NA,NA,NA,19/04/2024 18:03,0
19/04/2024 19:00,WIND,492301,1,HCM,1,62122,1011,350,8,360,14,1810,6,6,6,6,6,NA,NA,NA,NA,19/04/2024 19:03,0
19/04/2024 20:00,WIND,492301,1,HCM,1,62122,1011,350,6,340,13,1902,6,6,6,6,6,NA,NA,NA,NA,19/04/2024 20:03,0
19/04/2024 21:00,WIND,492301,1,HCM,1,62122,1011,360,5,350,10,2013,6,6,6,6,6,NA,NA,NA,NA,19/04/2024 21:03,0
19/04/2024 22:00,WIND,492301,1,HCM,1,62122,1011,360,5,360,9,2120,6,6,6,6,6,NA,NA,NA,NA,19/04/2024 22:03,0
19/04/2024 23:00,WIND,492301,1,HCM,1,62122,1011,350,6,330,10,2159,6,6,6,6,6,NA,NA,NA,NA,19/04/2024 23:03,0
20/04/2024 00:00,WIND,492301,1,HCM,1,62122,1011,360,6,30,14,2349,6,6,6,6,6,NA,NA,NA,NA,20/04/2024 00:03,0
20/04/2024 01:00,WIND,492301,1,HCM,1,62122,1011,50,8,50,14,2356,6,6,6,6,6,NA,NA,NA,NA,20/04/2024 01:03,0
20/04/2024 02:00,WIND,492301,1,HCM,1,62122,1011,50,8,40,16,111,6,6,6,6,6,NA,NA,NA,NA,20/04/2024 02:03,0
20/04/2024 03:00,WIND,492301,1,HCM,1,62122,1011,50,5,20,9,216,6,6,6,6,6,NA,NA,NA,NA,20/04/2024 03:03,0
20/04/2024 04:00,WIND,492301,1,HCM,1,62122,1011,30,3,30,5,310,6,6,6,6,6,NA,NA,NA,NA,20/04/2024 04:03,0
20/04/2024 05:00,WIND,492301,1,HCM,1,62122,1011,10,3,30,4,400,6,6,6,6,6,NA,NA,NA,NA,20/04/2024 05:03,0
20/04/2024 06:00,WIND,492301,1,HCM,1,62122,1011,350,3,360,4,544,6,6,6,6,6,NA,NA,NA,NA,20/04/2024 06:03,0
20/04/2024 07:00,WIND,492301,1,HCM,1,62122,1011,10,2,10,5,612,6,6,6,6,6,NA,NA,NA,NA,20/04/2024 07:03,0
20/04/2024 08:00,WIND,492301,1,HCM,1,62122,1011,340,3,20,6,747,6,6,6,6,6,NA,NA,NA,NA,20/04/2024 08:03,0
20/04/2024 09:00,WIND,492301,1,HCM,1,62122,1011,10,6,40,12,843,6,6,6,6,6,NA,NA,NA,NA,20/04/2024 09:03,0
20/04/2024 10:00,WIND,492301,1,HCM,1,62122,1011,10,6,360,11,936,6,6,6,6,6,NA,NA,NA,NA,20/04/2024 10:03,0
20/04/2024 11:00,WIND,492301,1,HCM,1,62122,1011,10,6,360,14,1006,6,6,6,6,6,NA,NA,NA,NA,20/04/2024 11:03,0
20/04/2024 12:00,WIND,492301,1,HCM,1,62122,1011,30,8,40,16,1110,6,6,6,6,6,NA,NA,NA,NA,20/04/2024 12:03,0
20/04/2024 13:00,WIND,492301,1,HCM,1,62122,1011,360,6,50,13,1228,6,6,6,6,6,NA,NA,NA,NA,20/04/2024 13:03,0
20/04/2024 14:00,WIND,492301,1,HCM,1,62122,1011,360,6,10,13,1304,6,6,6,6,6,NA,NA,NA,NA,20/04/2024 14:03,0
20/04/2024 15:00,WIND,492301,1,HCM,1,62122,1011,360,6,350,12,1439,6,6,6,6,6,NA,NA,NA,NA,20/04/2024 15:03,0
20/04/2024 16:00,WIND,492301,1,HCM,1,62122,1011,360,6,340,11,1520,6,6,6,6,6,NA,NA,NA,NA,20/04/2024 16:03,0
20/04/2024 17:00,WIND,492301,1,HCM,1,62122,1011,360,6,360,12,1617,6,6,6,6,6,NA,NA,NA,NA,20/04/2024 17:03,0
20/04/2024 18:00,WIND,492301,1,HCM,1,62122,1011,300,6,20,12,1654,6,6,6,6,6,NA,NA,NA,NA,20/04/2024 18:03,0
20/04/2024 19:00,WIND,492301,1,HCM,1,62122,1011,250,5,270,10,1751,6,6,6,6,6,NA,NA,NA,NA,20/04/2024 19:03,0
20/04/2024 20:00,WIND,492301,1,HCM,1,62122,1011,240,4,240,10,1850,6,6,6,6,6,NA,NA,NA,NA,20/04/2024 20:03,0
20/04/2024 21:00,WIND,492301,1,HCM,1,62122,1011,250,4,240,7,2001,6,6,6,6,6,NA,NA,NA,NA,20/04/2024 21:03,0
20/04/2024 22:00,WIND,492301,1,HCM,1,62122,1011,260,4,250,6,2102,6,6,6,6,6,NA,NA,NA,NA,20/04/2024 22:03,0
20/04/2024 23:00,WIND,492301,1,HCM,1,62122,1011,270,4,270,6,2213,6,6,6,6,6,NA,NA,NA,NA,20/04/2024 23:03,0
21/04/2024 00:00,WIND,492301,1,HCM,1,62122,1011,290,4,300,6,2330,6,6,6,6,6,NA,NA,NA,NA,21/04/2024 00:04,0
21/04/2024 01:00,WIND,492301,1,HCM,1,62122,1011,310,3,340,8,3,6,6,6,6,6,NA,NA,NA,NA,21/04/2024 01:03,0
21/04/2024 02:00,WIND,492301,1,HCM,1,62122,1011,330,4,360,8,109,6,6,6,6,6,NA,NA,NA,NA,21/04/2024 02:03,0
21/04/2024 03:00,WIND,492301,1,HCM,1,62122,1011,340,5,340,7,245,6,6,6,6,6,NA,NA,NA,NA,21/04/2024 03:03,0
21/04/2024 04:00,WIND,492301,1,HCM,1,62122,1011,360,3,40,8,349,6,6,6,6,6,NA,NA,NA,NA,21/04/2024 04:03,0
21/04/2024 05:00,WIND,492301,1,HCM,1,62122,1011,50,4,50,10,413,6,6,6,6,6,NA,NA,NA,NA,21/04/2024 05:07,0
21/04/2024 06:00,WIND,492301,1,HCM,1,62122,1011,360,4,350,9,505,6,6,6,6,6,NA,NA,NA,NA,21/04/2024 06:04,0
21/04/2024 07:00,WIND,492301,1,HCM,1,62122,1011,10,5,20,10,637,6,6,6,6,6,NA,NA,NA,NA,21/04/2024 07:03,0
21/04/2024 08:00,WIND,492301,1,HCM,1,62122,1011,20,7,10,13,736,6,6,6,6,6,NA,NA,NA,NA,21/04/2024 08:03,0
21/04/2024 09:00,WIND,492301,1,HCM,1,62122,1011,30,7,50,13,812,6,6,6,6,6,NA,NA,NA,NA,21/04/2024 09:03,0
21/04/2024 10:00,WIND,492301,1,HCM,1,62122,1011,20,9,50,16,932,6,6,6,6,6,NA,NA,NA,NA,21/04/2024 10:03,0
21/04/2024 11:00,WIND,492301,1,HCM,1,62122,1011,20,10,40,18,1020,6,6,6,6,6,NA,NA,NA,NA,21/04/2024 11:03,0
21/04/2024 12:00,WIND,492301,1,HCM,1,62122,1011,20,11,40,21,1112,6,6,6,6,6,NA,NA,NA,NA,21/04/2024 12:03,0
21/04/2024 13:00,WIND,492301,1,HCM,1,62122,1011,10,10,50,17,1223,6,6,6,6,6,NA,NA,NA,NA,21/04/2024 13:03,0
21/04/2024 14:00,WIND,492301,1,HCM,1,62122,1011,20,10,50,20,1330,6,6,6,6,6,NA,NA,NA,NA,21/04/2024 14:03,0
21/04/2024 15:00,WIND,492301,1,HCM,1,62122,1011,10,9,360,17,1418,6,6,6,6,6,NA,NA,NA,NA,21/04/2024 15:03,0
21/04/2024 16:00,WIND,492301,1,HCM,1,62122,1011,30,9,50,18,1541,6,6,6,6,6,NA,NA,NA,NA,21/04/2024 16:03,0
21/04/2024 17:00,WIND,492301,1,HCM,1,62122,1011,30,9,20,16,1627,6,6,6,6,6,NA,NA,NA,NA,21/04/2024 17:03,0
21/04/2024 18:00,WIND,492301,1,HCM,1,62122,1011,40,8,40,16,1713,6,6,6,6,6,NA,NA,NA,NA,21/04/2024 18:03,0
21/04/2024 19:00,WIND,492301,1,HCM,1,62122,1011,40,5,50,14,1751,6,6,6,6,6,NA,NA,NA,NA,21/04/2024 19:03,0
21/04/2024 20:00,WIND,492301,1,HCM,1,62122,1011,50,3,360,5,1854,6,6,6,6,6,NA,NA,NA,NA,21/04/2024 20:03,0
21/04/2024 21:00,WIND,492301,1,HCM,1,62122,1011,70,4,70,7,2018,6,6,6,6,6,NA,NA,NA,NA,21/04/2024 21:03,0
21/04/2024 22:00,WIND,492301,1,HCM,1,62122,1011,70,3,70,5,2107,6,6,6,6,6,NA,NA,NA,NA,21/04/2024 22:03,0
21/04/2024 23:00,WIND,492301,1,HCM,1,62122,1011,80,2,90,3,2152,6,6,6,6,6,NA,NA,NA,NA,21/04/2024 23:03,0
22/04/2024 00:00,WIND,492301,1,HCM,1,62122,1011,60,3,60,4,2325,6,6,6,6,6,NA,NA,NA,NA,22/04/2024 00:03,0
22/04/2024 01:00,WIND,492301,1,HCM,1,62122,1011,50,4,60,6,40,6,6,6,6,6,NA,NA,NA,NA,22/04/2024 01:03,0
22/04/2024 02:00,WIND,492301,1,HCM,1,62122,1011,40,4,40,7,50,6,6,6,6,6,NA,NA,NA,NA,22/04/2024 02:03,0
22/04/2024 03:00,WIND,492301,1,HCM,1,62122,1011,40,3,40,5,150,6,6,6,6,6,NA,NA,NA,NA,22/04/2024 03:03,0
22/04/2024 04:00,WIND,492301,1,HCM,1,62122,1011,50,2,50,3,301,6,6,6,6,6,NA,NA,NA,NA,22/04/2024 04:03,0
22/04/2024 05:00,WIND,492301,1,HCM,1,62122,1011,70,1,60,3,411,6,6,6,6,6,NA,NA,NA,NA,22/04/2024 05:03,0
22/04/2024 06:00,WIND,492301,1,HCM,1,62122,1011,90,2,100,3,515,6,6,6,6,6,NA,NA,NA,NA,22/04/2024 06:03,0
22/04/2024 07:00,WIND,492301,1,HCM,1,62122,1011,130,2,120,4,641,6,6,6,6,6,NA,NA,NA,NA,22/04/2024 07:03,0
22/04/2024 08:00,WIND,492301,1,HCM,1,62122,1011,160,2,160,4,652,6,6,6,6,6,NA,NA,NA,NA,22/04/2024 08:03,0
22/04/2024 09:00,WIND,492301,1,HCM,1,62122,1011,170,2,160,4,833,6,6,6,6,6,NA,NA,NA,NA,22/04/2024 09:03,0
22/04/2024 10:00,WIND,492301,1,HCM,1,62122,1011,240,3,240,6,923,6,6,6,6,6,NA,NA,NA,NA,22/04/2024 10:03,0
22/04/2024 11:00,WIND,492301,1,HCM,1,62122,1011,240,3,260,5,1029,6,6,6,6,6,NA,NA,NA,NA,22/04/2024 11:03,0
22/04/2024 12:00,WIND,492301,1,HCM,1,62122,1011,220,3,230,5,1114,6,6,6,6,6,NA,NA,NA,NA,22/04/2024 12:03,0
22/04/2024 13:00,WIND,492301,1,HCM,1,62122,1011,250,3,240,6,1212,6,6,6,6,6,NA,NA,NA,NA,22/04/2024 13:03,0
22/04/2024 14:00,WIND,492301,1,HCM,1,62122,1011,250,3,240,5,1302,6,6,6,6,6,NA,NA,NA,NA,22/04/2024 14:03,0
22/04/2024 15:00,WIND,492301,1,HCM,1,62122,1011,210,2,160,4,1444,6,6,6,6,6,NA,NA,NA,NA,22/04/2024 15:03,0
22/04/2024 16:00,WIND,492301,1,HCM,1,62122,1011,100,3,60,7,1521,6,6,6,6,6,NA,NA,NA,NA,22/04/2024 16:03,0
22/04/2024 17:00,WIND,492301,1,HCM,1,62122,1011,70,4,60,7,1624,6,6,6,6,6,NA,NA,NA,NA,22/04/2024 17:03,0
22/04/2024 18:00,WIND,492301,1,HCM,1,62122,1011,60,3,70,5,1653,6,6,6,6,6,NA,NA,NA,NA,22/04/2024 18:03,0
22/04/2024 19:00,WIND,492301,1,HCM,1,62122,1011,40,4,360,6,1844,6,6,6,6,6,NA,NA,NA,NA,22/04/2024 19:03,0
22/04/2024 20:00,WIND,492301,1,HCM,1,62122,1011,360,4,10,6,1927,6,6,6,6,6,NA,NA,NA,NA,22/04/2024 20:03,0
22/04/2024 21:00,WIND,492301,1,HCM,1,62122,1011,10,3,360,6,2006,6,6,6,6,6,NA,NA,NA,NA,22/04/2024 21:03,0
22/04/2024 22:00,WIND,492301,1,HCM,1,62122,1011,360,4,340,8,2118,6,6,6,6,6,NA,NA,NA,NA,22/04/2024 22:03,0
22/04/2024 23:00,WIND,492301,1,HCM,1,62122,1011,350,4,350,6,2225,6,6,6,6,6,NA,NA,NA,NA,22/04/2024 23:03,0
23/04/2024 00:00,WIND,492301,1,HCM,1,62122,1011,340,3,330,9,2322,6,6,6,6,6,NA,NA,NA,NA,23/04/2024 00:03,0
23/04/2024 01:00,WIND,492301,1,HCM,1,62122,1011,330,3,330,5,10,6,6,6,6,6,NA,NA,NA,NA,23/04/2024 01:03,0
23/04/2024 02:00,WIND,492301,1,HCM,1,62122,1011,310,1,300,3,149,6,6,6,6,6,NA,NA,NA,NA,23/04/2024 02:03,0
23/04/2024 03:00,WIND,492301,1,HCM,1,62122,1011,270,2,290,3,152,6,6,6,6,6,NA,NA,NA,NA,23/04/2024 03:03,0
23/04/2024 04:00,WIND,492301,1,HCM,1,62122,1011,270,3,270,5,321,6,6,6,6,6,NA,NA,NA,NA,23/04/2024 04:03,0
23/04/2024 05:00,WIND,492301,1,HCM,1,62122,1011,340,4,360,7,432,6,6,6,6,6,NA,NA,NA,NA,23/04/2024 05:08,0
23/04/2024 06:00,WIND,492301,1,HCM,1,62122,1011,10,4,30,7,517,6,6,6,6,6,NA,NA,NA,NA,23/04/2024 06:03,0
23/04/2024 07:00,WIND,492301,1,HCM,1,62122,1011,320,4,310,7,600,6,6,6,6,6,NA,NA,NA,NA,23/04/2024 07:03,0
23/04/2024 08:00,WIND,492301,1,HCM,1,62122,1011,30,6,360,11,733,6,6,6,6,6,NA,NA,NA,NA,23/04/2024 08:03,0
23/04/2024 09:00,WIND,492301,1,HCM,1,62122,1011,20,6,10,12,821,6,6,6,6,6,NA,NA,NA,NA,23/04/2024 09:03,0
23/04/2024 10:00,WIND,492301,1,HCM,1,62122,1011,360,5,30,10,944,6,6,6,6,6,NA,NA,NA,NA,23/04/2024 10:03,0
23/04/2024 11:00,WIND,492301,1,HCM,1,62122,1011,340,5,340,9,1022,6,6,6,6,6,NA,NA,NA,NA,23/04/2024 11:02,0
23/04/2024 12:00,WIND,492301,1,HCM,1,62122,1011,330,7,340,13,1128,6,6,6,6,6,NA,NA,NA,NA,23/04/2024 12:02,0
23/04/2024 13:00,WIND,492301,1,HCM,1,62122,1011,340,9,310,18,1244,6,6,6,6,6,NA,NA,NA,NA,23/04/2024 13:02,0
23/04/2024 14:00,WIND,492301,1,HCM,1,62122,1011,350,9,340,17,1348,6,6,6,6,6,NA,NA,NA,NA,23/04/2024 14:02,0
23/04/2024 15:00,WIND,492301,1,HCM,1,62122,1011,10,10,10,15,1409,6,6,6,6,6,NA,NA,NA,NA,23/04/2024 15:02,0
23/04/2024 16:00,WIND,492301,1,HCM,1,62122,1011,10,8,50,13,1546,6,6,6,6,6,NA,NA,NA,NA,23/04/2024 16:02,0
23/04/2024 17:00,WIND,492301,1,HCM,1,62122,1011,20,8,50,17,1602,6,6,6,6,6,NA,NA,NA,NA,23/04/2024 17:02,0
23/04/2024 18:00,WIND,492301,1,HCM,1,62122,1011,20,8,40,14,1748,6,6,6,6,6,NA,NA,NA,NA,23/04/2024 18:02,0
23/04/2024 19:00,WIND,492301,1,HCM,1,62122,1011,30,6,30,13,1750,6,6,6,6,6,NA,NA,NA,NA,23/04/2024 19:02,0
23/04/2024 20:00,WIND,492301,1,HCM,1,62122,1011,30,5,40,8,1913,6,6,6,6,6,NA,NA,NA,NA,23/04/2024 20:02,0
23/04/2024 21:00,WIND,492301,1,HCM,1,62122,1011,40,4,20,7,2002,6,6,6,6,6,NA,NA,NA,NA,23/04/2024 21:03,0
23/04/2024 22:00,WIND,492301,1,HCM,1,62122,1011,50,2,60,4,2059,6,6,6,6,6,NA,NA,NA,NA,23/04/2024 22:02,0
23/04/2024 23:00,WIND,492301,1,HCM,1,62122,1011,50,2,60,6,2157,6,6,6,6,6,NA,NA,NA,NA,23/04/2024 23:02,0
24/04/2024 00:00,WIND,492301,1,HCM,1,62122,1011,200,1,220,2,2333,6,6,6,6,6,NA,NA,NA,NA,24/04/2024 00:03,0
24/04/2024 01:00,WIND,492301,1,HCM,1,62122,1011,180,1,50,3,36,6,6,6,6,6,NA,NA,NA,NA,24/04/2024 01:02,0
24/04/2024 02:00,WIND,492301,1,HCM,1,62122,1011,260,3,320,9,142,6,6,6,6,6,NA,NA,NA,NA,24/04/2024 02:02,0
24/04/2024 03:00,WIND,492301,1,HCM,1,62122,1011,270,4,280,6,239,6,6,6,6,6,NA,NA,NA,NA,24/04/2024 03:02,0
24/04/2024 04:00,WIND,492301,1,HCM,1,62122,1011,280,3,270,5,307,6,6,6,6,6,NA,NA,NA,NA,24/04/2024 04:02,0
24/04/2024 05:00,WIND,492301,1,HCM,1,62122,1011,220,1,280,3,350,6,6,6,6,6,NA,NA,NA,NA,24/04/2024 05:02,0
24/04/2024 06:00,WIND,492301,1,HCM,1,62122,1011,280,2,290,4,548,6,6,6,6,6,NA,NA,NA,NA,24/04/2024 06:03,0
24/04/2024 07:00,WIND,492301,1,HCM,1,62122,1011,280,3,280,5,625,6,6,6,6,6,NA,NA,NA,NA,24/04/2024 07:02,0
24/04/2024 08:00,WIND,492301,1,HCM,1,62122,1011,330,3,350,8,737,6,6,6,6,6,NA,NA,NA,NA,24/04/2024 08:02,0
24/04/2024 09:00,WIND,492301,1,HCM,1,62122,1011,30,5,40,12,847,6,6,6,6,6,NA,NA,NA,NA,24/04/2024 09:03,0
24/04/2024 10:00,WIND,492301,1,HCM,1,62122,1011,40,7,40,12,851,6,6,6,6,6,NA,NA,NA,NA,24/04/2024 10:02,0
24/04/2024 11:00,WIND,492301,1,HCM,1,62122,1011,20,5,350,9,1039,6,6,6,6,6,NA,NA,NA,NA,24/04/2024 11:03,0
24/04/2024 12:00,WIND,492301,1,HCM,1,62122,1011,10,6,30,13,1124,6,6,6,6,6,NA,NA,NA,NA,24/04/2024 12:03,0
24/04/2024 13:00,WIND,492301,1,HCM,1,62122,1011,360,7,30,13,1201,6,6,6,6,6,NA,NA,NA,NA,24/04/2024 13:03,0
24/04/2024 14:00,WIND,492301,1,HCM,1,62122,1011,360,7,10,13,1349,6,6,6,6,6,NA,NA,NA,NA,24/04/2024 14:03,0
24/04/2024 15:00,WIND,492301,1,HCM,1,62122,1011,360,7,350,17,1419,6,6,6,6,6,NA,NA,NA,NA,24/04/2024 15:03,0
24/04/2024 16:00,WIND,492301,1,HCM,1,62122,1011,360,9,40,18,1535,6,6,6,6,6,NA,NA,NA,NA,24/04/2024 16:03,0
24/04/2024 17:00,WIND,492301,1,HCM,1,62122,1011,20,8,340,14,1612,6,6,6,6,6,NA,NA,NA,NA,24/04/2024 17:03,0
24/04/2024 18:00,WIND,492301,1,HCM,1,62122,1011,40,5,20,10,1733,6,6,6,6,6,NA,NA,NA,NA,24/04/2024 18:03,0
24/04/2024 19:00,WIND,492301,1,HCM,1,62122,1011,50,4,30,8,1751,6,6,6,6,6,NA,NA,NA,NA,24/04/2024 19:03,0
24/04/2024 20:00,WIND,492301,1,HCM,1,62122,1011,50,2,60,3,1932,6,6,6,6,6,NA,NA,NA,NA,24/04/2024 20:03,0
24/04/2024 21:00,WIND,492301,1,HCM,1,62122,1011,80,2,60,6,2015,6,6,6,6,6,NA,NA,NA,NA,24/04/2024 21:03,0
24/04/2024 22:00,WIND,492301,1,HCM,1,62122,1011,100,3,100,7,2110,6,6,6,6,6,NA,NA,NA,NA,24/04/2024 22:03,0
24/04/2024 23:00,WIND,492301,1,HCM,1,62122,1011,120,3,100,5,2217,6,6,6,6,6,NA,NA,NA,NA,24/04/2024 23:03,0
25/04/2024 00:00,WIND,492301,1,HCM,1,62122,1011,130,3,120,5,2346,6,6,6,6,6,NA,NA,NA,NA,25/04/2024 00:04,0
25/04/2024 01:00,WIND,492301,1,HCM,1,62122,1011,120,3,120,6,21,6,6,6,6,6,NA,NA,NA,NA,25/04/2024 01:03,0
25/04/2024 02:00,WIND,492301,1,HCM,1,62122,1011,130,2,150,4,136,6,6,6,6,6,NA,NA,NA,NA,25/04/2024 02:03,0
25/04/2024 03:00,WIND,492301,1,HCM,1,62122,1011,250,2,320,7,228,6,6,6,6,6,NA,NA,NA,NA,25/04/2024 03:03,0
25/04/2024 04:00,WIND,492301,1,HCM,1,62122,1011,260,4,260,9,333,6,6,6,6,6,NA,NA,NA,NA,25/04/2024 04:03,0
25/04/2024 05:00,WIND,492301,1,HCM,1,62122,1011,260,5,270,8,402,6,6,6,6,6,NA,NA,NA,NA,25/04/2024 05:07,0
25/04/2024 06:00,WIND,492301,1,HCM,1,62122,1011,250,4,250,7,527,6,6,6,6,6,NA,NA,NA,NA,25/04/2024 06:03,0
25/04/2024 07:00,WIND,492301,1,HCM,1,62122,1011,240,2,230,5,632,6,6,6,6,6,NA,NA,NA,NA,25/04/2024 07:03,0
25/04/2024 08:00,WIND,492301,1,HCM,1,62122,1011,230,4,230,9,729,6,6,6,6,6,NA,NA,NA,NA,25/04/2024 08:07,0
25/04/2024 09:00,WIND,492301,1,HCM,1,62122,1011,230,6,240,12,836,6,6,6,6,6,NA,NA,NA,NA,25/04/2024 09:03,0
25/04/2024 10:00,WIND,492301,1,HCM,1,62122,1011,240,8,250,16,913,6,6,6,6,6,NA,NA,NA,NA,25/04/2024 10:03,0
25/04/2024 11:00,WIND,492301,1,HCM,1,62122,1011,240,8,230,16,1027,6,6,6,6,6,NA,NA,NA,NA,25/04/2024 11:03,0
25/04/2024 12:00,WIND,492301,1,HCM,1,62122,1011,240,7,240,14,1109,6,6,6,6,6,NA,NA,NA,NA,25/04/2024 12:03,0
25/04/2024 13:00,WIND,492301,1,HCM,1,62122,1011,240,7,230,16,1238,6,6,6,6,6,NA,NA,NA,NA,25/04/2024 13:03,0
25/04/2024 14:00,WIND,492301,1,HCM,1,62122,1011,290,5,240,12,1257,6,6,6,6,6,NA,NA,NA,NA,25/04/2024 14:03,0
25/04/2024 15:00,WIND,492301,1,HCM,1,62122,1011,290,5,330,11,1441,6,6,6,6,6,NA,NA,NA,NA,25/04/2024 15:03,0
25/04/2024 16:00,WIND,492301,1,HCM,1,62122,1011,310,6,340,12,1532,6,6,6,6,6,NA,NA,NA,NA,25/04/2024 16:03,0
25/04/2024 17:00,WIND,492301,1,HCM,1,62122,1011,300,6,290,12,1637,6,6,6,6,6,NA,NA,NA,NA,25/04/2024 17:03,0
25/04/2024 18:00,WIND,492301,1,HCM,1,62122,1011,270,4,260,7,1655,6,6,6,6,6,NA,NA,NA,NA,25/04/2024 18:03,0
25/04/2024 19:00,WIND,492301,1,HCM,1,62122,1011,270,3,260,6,1816,6,6,6,6,6,NA,NA,NA,NA,25/04/2024 19:03,0
25/04/2024 20:00,WIND,492301,1,HCM,1,62122,1011,30,4,10,9,1906,6,6,6,6,6,NA,NA,NA,NA,25/04/2024 20:03,0
25/04/2024 21:00,WIND,492301,1,HCM,1,62122,1011,50,2,40,4,1950,6,6,6,6,6,NA,NA,NA,NA,25/04/2024 21:03,0
25/04/2024 22:00,WIND,492301,1,HCM,1,62122,1011,30,2,20,5,2148,6,6,6,6,6,NA,NA,NA,NA,25/04/2024 22:03,0
25/04/2024 23:00,WIND,492301,1,HCM,1,62122,1011,30,3,30,5,2217,6,6,6,6,6,NA,NA,NA,NA,25/04/2024 23:03,0
26/04/2024 00:00,WIND,492301,1,HCM,1,62122,1011,40,4,20,9,2308,6,6,6,6,6,NA,NA,NA,NA,26/04/2024 00:03,0
26/04/2024 01:00,WIND,492301,1,HCM,1,62122,1011,70,3,70,7,2351,6,6,6,6,6,NA,NA,NA,NA,26/04/2024 01:03,0
26/04/2024 02:00,WIND,492301,1,HCM,1,62122,1011,40,3,50,6,142,6,6,6,6,6,NA,NA,NA,NA,26/04/2024 02:03,0
26/04/2024 03:00,WIND,492301,1,HCM,1,62122,1011,40,4,40,7,218,6,6,6,6,6,NA,NA,NA,NA,26/04/2024 03:03,0
26/04/2024 04:00,WIND,492301,1,HCM,1,62122,1011,50,3,50,6,254,6,6,6,6,6,NA,NA,NA,NA,26/04/2024 04:03,0
26/04/2024 05:00,WIND,492301,1,HCM,1,62122,1011,60,4,60,6,446,6,6,6,6,6,NA,NA,NA,NA,26/04/2024 05:03,0
26/04/2024 06:00,WIND,492301,1,HCM,1,62122,1011,40,5,40,9,512,6,6,6,6,6,NA,NA,NA,NA,26/04/2024 06:03,0
26/04/2024 07:00,WIND,492301,1,HCM,1,62122,1011,40,6,80,10,633,6,6,6,6,6,NA,NA,NA,NA,26/04/2024 07:03,0
26/04/2024 08:00,WIND,492301,1,HCM,1,62122,1011,60,6,70,11,710,6,6,6,6,6,NA,NA,NA,NA,26/04/2024 08:03,0
26/04/2024 09:00,WIND,492301,1,HCM,1,62122,1011,60,8,60,12,820,6,6,6,6,6,NA,NA,NA,NA,26/04/2024 09:03,0
26/04/2024 10:00,WIND,492301,1,HCM,1,62122,1011,60,8,90,12,947,6,6,6,6,6,NA,NA,NA,NA,26/04/2024 10:03,0
26/04/2024 11:00,WIND,492301,1,HCM,1,62122,1011,70,8,60,13,1032,6,6,6,6,6,NA,NA,NA,NA,26/04/2024 11:03,0
26/04/2024 12:00,WIND,492301,1,HCM,1,62122,1011,60,8,80,16,1130,6,6,6,6,6,NA,NA,NA,NA,26/04/2024 12:03,0
26/04/2024 13:00,WIND,492301,1,HCM,1,62122,1011,80,8,90,14,1215,6,6,6,6,6,NA,NA,NA,NA,26/04/2024 13:03,0
26/04/2024 14:00,WIND,492301,1,HCM,1,62122,1011,70,8,90,15,1316,6,6,6,6,6,NA,NA,NA,NA,26/04/2024 14:03,0
26/04/2024 15:00,WIND,492301,1,HCM,1,62122,1011,60,8,60,15,1421,6,6,6,6,6,NA,NA,NA,NA,26/04/2024 15:03,0
26/04/2024 16:00,WIND,492301,1,HCM,1,62122,1011,60,8,40,15,1529,6,6,6,6,6,NA,NA,NA,NA,26/04/2024 16:03,0
26/04/2024 17:00,WIND,492301,1,HCM,1,62122,1011,50,8,40,14,1625,6,6,6,6,6,NA,NA,NA,NA,26/04/2024 17:03,0
26/04/2024 18:00,WIND,492301,1,HCM,1,62122,1011,70,8,60,16,1746,6,6,6,6,6,NA,NA,NA,NA,26/04/2024 18:03,0
26/04/2024 19:00,WIND,492301,1,HCM,1,62122,1011,60,7,50,13,1827,6,6,6,6,6,NA,NA,NA,NA,26/04/2024 19:03,0
26/04/2024 20:00,WIND,492301,1,HCM,1,62122,1011,60,4,30,10,1948,6,6,6,6,6,NA,NA,NA,NA,26/04/2024 20:03,0
26/04/2024 21:00,WIND,492301,1,HCM,1,62122,1011,40,5,50,10,2036,6,6,6,6,6,NA,NA,NA,NA,26/04/2024 21:03,0
26/04/2024 22:00,WIND,492301,1,HCM,1,62122,1011,50,7,40,13,2109,6,6,6,6,6,NA,NA,NA,NA,26/04/2024 22:03,0
26/04/2024 23:00,WIND,492301,1,HCM,1,62122,1011,70,8,80,14,2214,6,6,6,6,6,NA,NA,NA,NA,26/04/2024 23:03,0
27/04/2024 00:00,WIND,492301,1,HCM,1,62122,1011,60,7,70,14,2314,6,6,6,6,6,NA,NA,NA,NA,27/04/2024 00:03,0
27/04/2024 01:00,WIND,492301,1,HCM,1,62122,1011,50,6,50,11,24,6,6,6,6,6,NA,NA,NA,NA,27/04/2024 01:03,0
27/04/2024 02:00,WIND,492301,1,HCM,1,62122,1011,60,7,70,13,149,6,6,6,6,6,NA,NA,NA,NA,27/04/2024 02:03,0
27/04/2024 03:00,WIND,492301,1,HCM,1,62122,1011,80,9,70,15,249,6,6,6,6,6,NA,NA,NA,NA,27/04/2024 03:03,0
27/04/2024 04:00,WIND,492301,1,HCM,1,62122,1011,70,8,90,14,251,6,6,6,6,6,NA,NA,NA,NA,27/04/2024 04:03,0
27/04/2024 05:00,WIND,492301,1,HCM,1,62122,1011,60,9,60,16,406,6,6,6,6,6,NA,NA,NA,NA,27/04/2024 05:03,0
27/04/2024 06:00,WIND,492301,1,HCM,1,62122,1011,40,8,40,15,523,6,6,6,6,6,NA,NA,NA,NA,27/04/2024 06:03,0
27/04/2024 07:00,WIND,492301,1,HCM,1,62122,1011,50,8,50,13,604,6,6,6,6,6,NA,NA,NA,NA,27/04/2024 07:03,0
27/04/2024 08:00,WIND,492301,1,HCM,1,62122,1011,60,9,50,16,716,6,6,6,6,6,NA,NA,NA,NA,27/04/2024 08:03,0
27/04/2024 09:00,WIND,492301,1,HCM,1,62122,1011,50,9,40,18,812,6,6,6,6,6,NA,NA,NA,NA,27/04/2024 09:03,0
27/04/2024 10:00,WIND,492301,1,HCM,1,62122,1011,50,10,40,18,905,6,6,6,6,6,NA,NA,NA,NA,27/04/2024 10:03,0
27/04/2024 11:00,WIND,492301,1,HCM,1,62122,1011,40,10,40,18,952,6,6,6,6,6,NA,NA,NA,NA,27/04/2024 11:03,0
27/04/2024 12:00,WIND,492301,1,HCM,1,62122,1011,40,10,50,18,1104,6,6,6,6,6,NA,NA,NA,NA,27/04/2024 12:03,0
27/04/2024 13:00,WIND,492301,1,HCM,1,62122,1011,50,10,40,16,1222,6,6,6,6,6,NA,NA,NA,NA,27/04/2024 13:03,0
27/04/2024 14:00,WIND,492301,1,HCM,1,62122,1011,50,10,60,16,1330,6,6,6,6,6,NA,NA,NA,NA,27/04/2024 14:03,0
27/04/2024 15:00,WIND,492301,1,HCM,1,62122,1011,50,8,40,15,1440,6,6,6,6,6,NA,NA,NA,NA,27/04/2024 15:03,0
27/04/2024 16:00,WIND,492301,1,HCM,1,62122,1011,50,8,60,14,1527,6,6,6,6,6,NA,NA,NA,NA,27/04/2024 16:03,0
27/04/2024 17:00,WIND,492301,1,HCM,1,62122,1011,30,7,40,13,1649,6,6,6,6,6,NA,NA,NA,NA,27/04/2024 17:03,0
27/04/2024 18:00,WIND,492301,1,HCM,1,62122,1011,30,7,10,13,1743,6,6,6,6,6,NA,NA,NA,NA,27/04/2024 18:03,0
27/04/2024 19:00,WIND,492301,1,HCM,1,62122,1011,10,7,10,13,1825,6,6,6,6,6,NA,NA,NA,NA,27/04/2024 19:03,0
27/04/2024 20:00,WIND,492301,1,HCM,1,62122,1011,10,9,10,15,1945,6,6,6,6,6,NA,NA,NA,NA,27/04/2024 20:03,0
27/04/2024 21:00,WIND,492301,1,HCM,1,62122,1011,10,9,20,16,2037,6,6,6,6,6,NA,NA,NA,NA,27/04/2024 21:03,0
27/04/2024 22:00,WIND,492301,1,HCM,1,62122,1011,10,9,360,15,2055,6,6,6,6,6,NA,NA,NA,NA,27/04/2024 22:03,0
27/04/2024 23:00,WIND,492301,1,HCM,1,62122,1011,360,8,350,16,2154,6,6,6,6,6,NA,NA,NA,NA,27/04/2024 23:03,0
28/04/2024 00:00,WIND,492301,1,HCM,1,62122,1011,360,8,10,15,2348,6,6,6,6,6,NA,NA,NA,NA,28/04/2024 00:03,0
28/04/2024 01:00,WIND,492301,1,HCM,1,62122,1011,20,9,20,18,29,6,6,6,6,6,NA,NA,NA,NA,28/04/2024 01:03,0
28/04/2024 02:00,WIND,492301,1,HCM,1,62122,1011,10,9,10,18,123,6,6,6,6,6,NA,NA,NA,NA,28/04/2024 02:03,0
28/04/2024 03:00,WIND,492301,1,HCM,1,62122,1011,360,9,350,17,204,6,6,6,6,6,NA,NA,NA,NA,28/04/2024 03:03,0
28/04/2024 04:00,WIND,492301,1,HCM,1,62122,1011,360,9,360,15,331,6,6,6,6,6,NA,NA,NA,NA,28/04/2024 04:03,0
28/04/2024 05:00,WIND,492301,1,HCM,1,62122,1011,350,7,10,12,357,6,6,6,6,6,NA,NA,NA,NA,28/04/2024 05:03,0
28/04/2024 06:00,WIND,492301,1,HCM,1,62122,1011,320,6,340,12,536,6,6,6,6,6,NA,NA,NA,NA,28/04/2024 06:03,0
28/04/2024 07:00,WIND,492301,1,HCM,1,62122,1011,310,5,290,9,647,6,6,6,6,6,NA,NA,NA,NA,28/04/2024 07:03,0
28/04/2024 08:00,WIND,492301,1,HCM,1,62122,1011,290,5,310,9,658,6,6,6,6,6,NA,NA,NA,NA,28/04/2024 08:03,0
28/04/2024 09:00,WIND,492301,1,HCM,1,62122,1011,290,5,290,11,821,6,6,6,6,6,NA,NA,NA,NA,28/04/2024 09:03,0
28/04/2024 10:00,WIND,492301,1,HCM,1,62122,1011,270,5,280,10,945,6,6,6,6,6,NA,NA,NA,NA,28/04/2024 10:03,0
28/04/2024 11:00,WIND,492301,1,HCM,1,62122,1011,270,7,250,15,1037,6,6,6,6,6,NA,NA,NA,NA,28/04/2024 11:03,0
28/04/2024 12:00,WIND,492301,1,HCM,1,62122,1011,270,7,290,14,1107,6,6,6,6,6,NA,NA,NA,NA,28/04/2024 12:03,0
28/04/2024 13:00,WIND,492301,1,HCM,1,62122,1011,220,6,200,12,1244,6,6,6,6,6,NA,NA,NA,NA,28/04/2024 13:03,0
28/04/2024 14:00,WIND,492301,1,HCM,1,62122,1011,240,8,240,19,1344,6,6,6,6,6,NA,NA,NA,NA,28/04/2024 14:03,0
28/04/2024 15:00,WIND,492301,1,HCM,1,62122,1011,230,11,250,21,1449,6,6,6,6,6,NA,NA,NA,NA,28/04/2024 15:03,0
28/04/2024 16:00,WIND,492301,1,HCM,1,62122,1011,240,14,240,25,1459,6,6,6,6,6,NA,NA,NA,NA,28/04/2024 16:03,0
28/04/2024 17:00,WIND,492301,1,HCM,1,62122,1011,240,14,260,22,1641,6,6,6,6,6,NA,NA,NA,NA,28/04/2024 17:03,0
28/04/2024 18:00,WIND,492301,1,HCM,1,62122,1011,240,12,240,22,1652,6,6,6,6,6,NA,NA,NA,NA,28/04/2024 18:03,0
28/04/2024 19:00,WIND,492301,1,HCM,1,62122,1011,270,7,250,16,1840,6,6,6,6,6,NA,NA,NA,NA,28/04/2024 19:03,0
28/04/2024 20:00,WIND,492301,1,HCM,1,62122,1011,240,9,250,18,1855,6,6,6,6,6,NA,NA,NA,NA,28/04/2024 20:03,0
28/04/2024 21:00,WIND,492301,1,HCM,1,62122,1011,240,7,240,13,1957,6,6,6,6,6,NA,NA,NA,NA,28/04/2024 21:03,0
28/04/2024 22:00,WIND,492301,1,HCM,1,62122,1011,200,4,220,8,2051,6,6,6,6,6,NA,NA,NA,NA,28/04/2024 22:03,0
28/04/2024 23:00,WIND,492301,1,HCM,1,62122,1011,190,5,220,8,2249,6,6,6,6,6,NA,NA,NA,NA,28/04/2024 23:03,0
29/04/2024 00:00,WIND,492301,1,HCM,1,62122,1011,180,5,200,10,2253,6,6,6,6,6,NA,NA,NA,NA,29/04/2024 00:03,0
29/04/2024 01:00,WIND,492301,1,HCM,1,62122,1011,170,4,170,8,36,6,6,6,6,6,NA,NA,NA,NA,29/04/2024 01:03,0
29/04/2024 02:00,WIND,492301,1,HCM,1,62122,1011,180,6,180,13,120,6,6,6,6,6,NA,NA,NA,NA,29/04/2024 02:03,0
29/04/2024 03:00,WIND,492301,1,HCM,1,62122,1011,170,6,180,11,240,6,6,6,6,6,NA,NA,NA,NA,29/04/2024 03:03,0
29/04/2024 04:00,WIND,492301,1,HCM,1,62122,1011,170,6,190,13,348,6,6,6,6,6,NA,NA,NA,NA,29/04/2024 04:03,0
29/04/2024 05:00,WIND,492301,1,HCM,1,62122,1011,180,7,190,14,418,6,6,6,6,6,NA,NA,NA,NA,29/04/2024 05:07,0
29/04/2024 06:00,WIND,492301,1,HCM,1,62122,1011,170,7,170,12,529,6,6,6,6,6,NA,NA,NA,NA,29/04/2024 06:03,0
29/04/2024 07:00,WIND,492301,1,HCM,1,62122,1011,170,9,180,16,641,6,6,6,6,6,NA,NA,NA,NA,29/04/2024 07:03,0
29/04/2024 08:00,WIND,492301,1,HCM,1,62122,1011,160,8,160,16,726,6,6,6,6,6,NA,NA,NA,NA,29/04/2024 08:03,0
29/04/2024 09:00,WIND,492301,1,HCM,1,62122,1011,170,10,180,20,811,6,6,6,6,6,NA,NA,NA,NA,29/04/2024 09:03,0
29/04/2024 10:00,WIND,492301,1,HCM,1,62122,1011,180,11,180,26,935,6,6,6,6,6,NA,NA,NA,NA,29/04/2024 10:03,0
29/04/2024 11:00,WIND,492301,1,HCM,1,62122,1011,180,12,180,23,959,6,6,6,6,6,NA,NA,NA,NA,29/04/2024 11:03,0
29/04/2024 12:00,WIND,492301,1,HCM,1,62122,1011,170,13,180,26,1142,6,6,6,6,6,NA,NA,NA,NA,29/04/2024 12:03,0
29/04/2024 13:00,WIND,492301,1,HCM,1,62122,1011,170,13,190,26,1249,6,6,6,6,6,NA,NA,NA,NA,29/04/2024 13:03,0
29/04/2024 14:00,WIND,492301,1,HCM,1,62122,1011,180,15,180,28,1341,6,6,6,6,6,NA,NA,NA,NA,29/04/2024 14:03,0
29/04/2024 15:00,WIND,492301,1,HCM,1,62122,1011,180,14,190,28,1352,6,6,6,6,6,NA,NA,NA,NA,29/04/2024 15:03,0
29/04/2024 16:00,WIND,492301,1,HCM,1,62122,1011,180,15,190,28,1503,6,6,6,6,6,NA,NA,NA,NA,29/04/2024 16:03,0
29/04/2024 17:00,WIND,492301,1,HCM,1,62122,1011,190,14,190,28,1551,6,6,6,6,6,NA,NA,NA,NA,29/04/2024 17:03,0
29/04/2024 18:00,WIND,492301,1,HCM,1,62122,1011,180,14,190,27,1659,6,6,6,6,6,NA,NA,NA,NA,29/04/2024 18:03,0
29/04/2024 19:00,WIND,492301,1,HCM,1,62122,1011,170,12,180,28,1802,6,6,6,6,6,NA,NA,NA,NA,29/04/2024 19:03,0
29/04/2024 20:00,WIND,492301,1,HCM,1,62122,1011,170,11,150,23,1854,6,6,6,6,6,NA,NA,NA,NA,29/04/2024 20:03,0
29/04/2024 21:00,WIND,492301,1,HCM,1,62122,1011,170,9,150,23,2042,6,6,6,6,6,NA,NA,NA,NA,29/04/2024 21:03,0
29/04/2024 22:00,WIND,492301,1,HCM,1,62122,1011,160,8,150,18,2050,6,6,6,6,6,NA,NA,NA,NA,29/04/2024 22:03,0
29/04/2024 23:00,WIND,492301,1,HCM,1,62122,1011,160,8,180,17,2209,6,6,6,6,6,NA,NA,NA,NA,29/04/2024 23:03,0
30/04/2024 00:00,WIND,492301,1,HCM,1,62122,1011,150,7,150,14,2318,6,6,6,6,6,NA,NA,NA,NA,30/04/2024 00:03,0
30/04/2024 01:00,WIND,492301,1,HCM,1,62122,1011,160,8,160,17,33,6,6,6,6,6,NA,NA,NA,NA,30/04/2024 01:03,0
30/04/2024 02:00,WIND,492301,1,HCM,1,62122,1011,150,8,150,18,100,6,6,6,6,6,NA,NA,NA,NA,30/04/2024 02:03,0
30/04/2024 03:00,WIND,492301,1,HCM,1,62122,1011,140,6,150,12,153,6,6,6,6,6,NA,NA,NA,NA,30/04/2024 03:03,0
30/04/2024 04:00,WIND,492301,1,HCM,1,62122,1011,130,8,150,15,337,6,6,6,6,6,NA,NA,NA,NA,30/04/2024 04:03,0
30/04/2024 05:00,WIND,492301,1,HCM,1,62122,1011,120,8,120,15,448,6,6,6,6,6,NA,NA,NA,NA,30/04/2024 05:07,0
30/04/2024 06:00,WIND,492301,1,HCM,1,62122,1011,120,8,120,15,514,6,6,6,6,6,NA,NA,NA,NA,30/04/2024 06:03,0
30/04/2024 07:00,WIND,492301,1,HCM,1,62122,1011,120,8,120,17,630,6,6,6,6,6,NA,NA,NA,NA,30/04/2024 07:03,0
30/04/2024 08:00,WIND,492301,1,HCM,1,62122,1011,130,9,130,21,749,6,6,6,6,6,NA,NA,NA,NA,30/04/2024 08:03,0
30/04/2024 09:00,WIND,492301,1,HCM,1,62122,1011,140,10,140,20,819,6,6,6,6,6,NA,NA,NA,NA,30/04/2024 09:04,0
30/04/2024 10:00,WIND,492301,1,HCM,1,62122,1011,130,11,120,21,855,6,6,6,6,6,NA,NA,NA,NA,30/04/2024 10:03,0
30/04/2024 11:00,WIND,492301,1,HCM,1,62122,1011,130,12,140,22,1010,6,6,6,6,6,NA,NA,NA,NA,30/04/2024 11:03,0
30/04/2024 12:00,WIND,492301,1,HCM,1,62122,1011,140,12,140,24,1145,6,6,6,6,6,NA,NA,NA,NA,30/04/2024 12:03,0
30/04/2024 13:00,WIND,492301,1,HCM,1,62122,1011,150,13,150,25,1210,6,6,6,6,6,NA,NA,NA,NA,30/04/2024 13:03,0
30/04/2024 14:00,WIND,492301,1,HCM,1,62122,1011,150,13,130,24,1307,6,6,6,6,6,NA,NA,NA,NA,30/04/2024 14:03,0
30/04/2024 15:00,WIND,492301,1,HCM,1,62122,1011,150,14,130,27,1439,6,6,6,6,6,NA,NA,NA,NA,30/04/2024 15:03,0
30/04/2024 16:00,WIND,492301,1,HCM,1,62122,1011,170,12,160,25,1501,6,6,6,6,6,NA,NA,NA,NA,30/04/2024 16:03,0
30/04/2024 17:00,WIND,492301,1,HCM,1,62122,1011,160,10,160,24,1637,6,6,6,6,6,NA,NA,NA,NA,30/04/2024 17:03,0
30/04/2024 18:00,WIND,492301,1,HCM,1,62122,1011,160,9,150,23,1715,6,6,6,6,6,NA,NA,NA,NA,30/04/2024 18:03,0
30/04/2024 19:00,WIND,492301,1,HCM,1,62122,1011,220,7,190,13,1756,6,6,6,6,6,NA,NA,NA,NA,30/04/2024 19:03,0
30/04/2024 20:00,WIND,492301,1,HCM,1,62122,1011,170,3,180,8,1911,6,6,6,6,6,NA,NA,NA,NA,30/04/2024 20:03,0
30/04/2024 21:00,WIND,492301,1,HCM,1,62122,1011,180,3,170,7,2045,6,6,6,6,6,NA,NA,NA,NA,30/04/2024 21:03,0
30/04/2024 22:00,WIND,492301,1,HCM,1,62122,1011,200,4,210,8,2120,6,6,6,6,6,NA,NA,NA,NA,30/04/2024 22:03,0
30/04/2024 23:00,WIND,492301,1,HCM,1,62122,1011,110,2,120,5,2221,6,6,6,6,6,NA,NA,NA,NA,30/04/2024 23:03,0
01/05/2024 00:00,WIND,492301,1,HCM,1,62122,1011,80,3,60,6,2319,6,6,6,6,6,NA,NA,NA,NA,01/05/2024 00:03,0
01/05/2024 01:00,WIND,492301,1,HCM,1,62122,1011,190,1,30,4,6,6,6,6,6,6,NA,NA,NA,NA,01/05/2024 01:03,0
01/05/2024 02:00,WIND,492301,1,HCM,1,62122,1011,240,1,140,3,100,6,6,6,6,6,NA,NA,NA,NA,01/05/2024 02:03,0
01/05/2024 03:00,WIND,492301,1,HCM,1,62122,1011,70,2,50,4,212,6,6,6,6,6,NA,NA,NA,NA,01/05/2024 03:03,0
01/05/2024 04:00,WIND,492301,1,HCM,1,62122,1011,50,2,60,4,306,6,6,6,6,6,NA,NA,NA,NA,01/05/2024 04:03,0
01/05/2024 05:00,WIND,492301,1,HCM,1,62122,1011,60,2,50,4,357,6,6,6,6,6,NA,NA,NA,NA,01/05/2024 05:03,0
01/05/2024 06:00,WIND,492301,1,HCM,1,62122,1011,70,2,60,4,455,6,6,6,6,6,NA,NA,NA,NA,01/05/2024 06:03,0
01/05/2024 07:00,WIND,492301,1,HCM,1,62122,1011,80,1,70,3,550,6,6,6,6,6,NA,NA,NA,NA,01/05/2024 07:03,0
01/05/2024 08:00,WIND,492301,1,HCM,1,62122,1011,50,2,60,4,702,6,6,6,6,6,NA,NA,NA,NA,01/05/2024 08:03,0
01/05/2024 09:00,WIND,492301,1,HCM,1,62122,1011,30,2,60,5,831,6,6,6,6,6,NA,NA,NA,NA,01/05/2024 09:04,0
01/05/2024 10:00,WIND,492301,1,HCM,1,62122,1011,10,3,310,8,939,6,6,6,6,6,NA,NA,NA,NA,01/05/2024 10:03,0
01/05/2024 11:00,WIND,492301,1,HCM,1,62122,1011,290,2,250,6,1049,6,6,6,6,6,NA,NA,NA,NA,01/05/2024 11:03,0
01/05/2024 12:00,WIND,492301,1,HCM,1,62122,1011,300,4,280,8,1106,6,6,6,6,6,NA,NA,NA,NA,01/05/2024 12:03,0
01/05/2024 13:00,WIND,492301,1,HCM,1,62122,1011,300,4,340,8,1234,6,6,6,6,6,NA,NA,NA,NA,01/05/2024 13:03,0
01/05/2024 14:00,WIND,492301,1,HCM,1,62122,1011,330,4,350,10,1256,6,6,6,6,6,NA,NA,NA,NA,01/05/2024 14:03,0
01/05/2024 15:00,WIND,492301,1,HCM,1,62122,1011,280,6,280,10,1445,6,6,6,6,6,NA,NA,NA,NA,01/05/2024 15:03,0
01/05/2024 16:00,WIND,492301,1,HCM,1,62122,1011,260,7,240,10,1458,6,6,6,6,6,NA,NA,NA,NA,01/05/2024 16:03,0
01/05/2024 17:00,WIND,492301,1,HCM,1,62122,1011,250,6,250,10,1555,6,6,6,6,6,NA,NA,NA,NA,01/05/2024 17:03,0
01/05/2024 18:00,WIND,492301,1,HCM,1,62122,1011,250,8,240,11,1737,6,6,6,6,6,NA,NA,NA,NA,01/05/2024 18:03,0
01/05/2024 19:00,WIND,492301,1,HCM,1,62122,1011,250,8,250,11,1819,6,6,6,6,6,NA,NA,NA,NA,01/05/2024 19:03,0
01/05/2024 20:00,WIND,492301,1,HCM,1,62122,1011,260,7,260,10,1921,6,6,6,6,6,NA,NA,NA,NA,01/05/2024 20:03,0
01/05/2024 21:00,WIND,492301,1,HCM,1,62122,1011,250,7,250,10,2014,6,6,6,6,6,NA,NA,NA,NA,01/05/2024 21:03,0
01/05/2024 22:00,WIND,492301,1,HCM,1,62122,1011,260,5,260,9,2137,6,6,6,6,6,NA,NA,NA,NA,01/05/2024 22:03,0
01/05/2024 23:00,WIND,492301,1,HCM,1,62122,1011,270,6,270,11,2207,6,6,6,6,6,NA,NA,NA,NA,01/05/2024 23:03,0
02/05/2024 00:00,WIND,492301,1,HCM,1,62122,1011,270,6,260,10,2252,6,6,6,6,6,NA,NA,NA,NA,02/05/2024 00:03,0
02/05/2024 01:00,WIND,492301,1,HCM,1,62122,1011,270,5,260,8,47,6,6,6,6,6,NA,NA,NA,NA,02/05/2024 01:03,0
02/05/2024 02:00,WIND,492301,1,HCM,1,62122,1011,280,4,250,9,149,6,6,6,6,6,NA,NA,NA,NA,02/05/2024 02:03,0
02/05/2024 03:00,WIND,492301,1,HCM,1,62122,1011,310,6,320,12,217,6,6,6,6,6,NA,NA,NA,NA,02/05/2024 03:03,0
02/05/2024 04:00,WIND,492301,1,HCM,1,62122,1011,340,5,360,10,315,6,6,6,6,6,NA,NA,NA,NA,02/05/2024 04:03,0
02/05/2024 05:00,WIND,492301,1,HCM,1,62122,1011,20,5,320,14,445,6,6,6,6,6,NA,NA,NA,NA,02/05/2024 05:07,0
02/05/2024 06:00,WIND,492301,1,HCM,1,62122,1011,350,11,10,19,506,6,6,6,6,6,NA,NA,NA,NA,02/05/2024 06:04,0
02/05/2024 07:00,WIND,492301,1,HCM,1,62122,1011,360,8,350,17,604,6,6,6,6,6,NA,NA,NA,NA,02/05/2024 07:03,0
02/05/2024 08:00,WIND,492301,1,HCM,1,62122,1011,320,3,60,9,749,6,6,6,6,6,NA,NA,NA,NA,02/05/2024 08:03,0
02/05/2024 09:00,WIND,492301,1,HCM,1,62122,1011,360,6,30,14,750,6,6,6,6,6,NA,NA,NA,NA,02/05/2024 09:04,0
02/05/2024 10:00,WIND,492301,1,HCM,1,62122,1011,360,5,360,8,932,6,6,6,6,6,NA,NA,NA,NA,02/05/2024 10:03,0
02/05/2024 11:00,WIND,492301,1,HCM,1,62122,1011,350,4,10,7,1002,6,6,6,6,6,NA,NA,NA,NA,02/05/2024 11:03,0
02/05/2024 12:00,WIND,492301,1,HCM,1,62122,1011,300,3,340,5,1148,6,6,6,6,6,NA,NA,NA,NA,02/05/2024 12:03,0
02/05/2024 13:00,WIND,492301,1,HCM,1,62122,1011,330,3,260,10,1249,6,6,6,6,6,NA,NA,NA,NA,02/05/2024 13:03,0
02/05/2024 14:00,WIND,492301,1,HCM,1,62122,1011,240,8,250,13,1329,6,6,6,6,6,NA,NA,NA,NA,02/05/2024 14:03,0
02/05/2024 15:00,WIND,492301,1,HCM,1,62122,1011,230,8,240,14,1431,6,6,6,6,6,NA,NA,NA,NA,02/05/2024 15:03,0
02/05/2024 16:00,WIND,492301,1,HCM,1,62122,1011,240,10,240,17,1532,6,6,6,6,6,NA,NA,NA,NA,02/05/2024 16:03,0
02/05/2024 17:00,WIND,492301,1,HCM,1,62122,1011,240,11,240,18,1622,6,6,6,6,6,NA,NA,NA,NA,02/05/2024 17:03,0
02/05/2024 18:00,WIND,492301,1,HCM,1,62122,1011,240,11,250,21,1652,6,6,6,6,6,NA,NA,NA,NA,02/05/2024 18:03,0
02/05/2024 19:00,WIND,492301,1,HCM,1,62122,1011,240,12,240,23,1839,6,6,6,6,6,NA,NA,NA,NA,02/05/2024 19:03,0
02/05/2024 20:00,WIND,492301,1,HCM,1,62122,1011,240,14,240,25,1933,6,6,6,6,6,NA,NA,NA,NA,02/05/2024 20:03,0
02/05/2024 21:00,WIND,492301,1,HCM,1,62122,1011,250,13,250,20,2022,6,6,6,6,6,NA,NA,NA,NA,02/05/2024 21:03,0
02/05/2024 22:00,WIND,492301,1,HCM,1,62122,1011,240,11,240,21,2056,6,6,6,6,6,NA,NA,NA,NA,02/05/2024 22:03,0
02/05/2024 23:00,WIND,492301,1,HCM,1,62122,1011,240,12,250,21,2249,6,6,6,6,6,NA,NA,NA,NA,02/05/2024 23:03,0
03/05/2024 00:00,WIND,492301,1,HCM,1,62122,1011,240,13,240,21,2321,6,6,6,6,6,NA,NA,NA,NA,03/05/2024 00:03,0
03/05/2024 01:00,WIND,492301,1,HCM,1,62122,1011,250,11,260,19,11,6,6,6,6,6,NA,NA,NA,NA,03/05/2024 01:03,0
03/05/2024 02:00,WIND,492301,1,HCM,1,62122,1011,240,11,250,19,131,6,6,6,6,6,NA,NA,NA,NA,03/05/2024 02:03,0
03/05/2024 03:00,WIND,492301,1,HCM,1,62122,1011,240,11,250,21,248,6,6,6,6,6,NA,NA,NA,NA,03/05/2024 03:03,0
03/05/2024 04:00,WIND,492301,1,HCM,1,62122,1011,240,11,240,21,251,6,6,6,6,6,NA,NA,NA,NA,03/05/2024 04:03,0
03/05/2024 05:00,WIND,492301,1,HCM,1,62122,1011,240,11,240,21,421,6,6,6,6,6,NA,NA,NA,NA,03/05/2024 05:03,0
03/05/2024 06:00,WIND,492301,1,HCM,1,62122,1011,240,13,250,21,458,6,6,6,6,6,NA,NA,NA,NA,03/05/2024 06:04,0
03/05/2024 07:00,WIND,492301,1,HCM,1,62122,1011,240,11,230,21,633,6,6,6,6,6,NA,NA,NA,NA,03/05/2024 07:03,0
03/05/2024 08:00,WIND,492301,1,HCM,1,62122,1011,240,10,230,19,659,6,6,6,6,6,NA,NA,NA,NA,03/05/2024 08:03,0
03/05/2024 09:00,WIND,492301,1,HCM,1,62122,1011,240,10,240,17,800,6,6,6,6,6,NA,NA,NA,NA,03/05/2024 09:03,0
03/05/2024 10:00,WIND,492301,1,HCM,1,62122,1011,230,9,210,15,902,6,6,6,6,6,NA,NA,NA,NA,03/05/2024 10:03,0
03/05/2024 11:00,WIND,492301,1,HCM,1,62122,1011,230,10,250,19,1048,6,6,6,6,6,NA,NA,NA,NA,03/05/2024 11:03,0
03/05/2024 12:00,WIND,492301,1,HCM,1,62122,1011,240,11,240,19,1125,6,6,6,6,6,NA,NA,NA,NA,03/05/2024 12:03,0
03/05/2024 13:00,WIND,492301,1,HCM,1,62122,1011,240,11,250,19,1224,6,6,6,6,6,NA,NA,NA,NA,03/05/2024 13:03,0
03/05/2024 14:00,WIND,492301,1,HCM,1,62122,1011,250,10,250,18,1255,6,6,6,6,6,NA,NA,NA,NA,03/05/2024 14:03,0
03/05/2024 15:00,WIND,492301,1,HCM,1,62122,1011,240,10,230,18,1426,6,6,6,6,6,NA,NA,NA,NA,03/05/2024 15:03,0
03/05/2024 16:00,WIND,492301,1,HCM,1,62122,1011,250,11,240,20,1527,6,6,6,6,6,NA,NA,NA,NA,03/05/2024 16:03,0
03/05/2024 17:00,WIND,492301,1,HCM,1,62122,1011,250,8,260,17,1553,6,6,6,6,6,NA,NA,NA,NA,03/05/2024 17:07,0
03/05/2024 18:00,WIND,492301,1,HCM,1,62122,1011,240,8,230,16,1742,6,6,6,6,6,NA,NA,NA,NA,03/05/2024 18:03,0
03/05/2024 19:00,WIND,492301,1,HCM,1,62122,1011,240,9,250,17,1816,6,6,6,6,6,NA,NA,NA,NA,03/05/2024 19:03,0
03/05/2024 20:00,WIND,492301,1,HCM,1,62122,1011,240,8,240,15,1916,6,6,6,6,6,NA,NA,NA,NA,03/05/2024 20:03,0
03/05/2024 21:00,WIND,492301,1,HCM,1,62122,1011,240,6,260,13,2047,6,6,6,6,6,NA,NA,NA,NA,03/05/2024 21:03,0
03/05/2024 22:00,WIND,492301,1,HCM,1,62122,1011,240,6,240,10,2109,6,6,6,6,6,NA,NA,NA,NA,03/05/2024 22:03,0
03/05/2024 23:00,WIND,492301,1,HCM,1,62122,1011,220,6,210,10,2244,6,6,6,6,6,NA,NA,NA,NA,03/05/2024 23:03,0
04/05/2024 00:00,WIND,492301,1,HCM,1,62122,1011,210,5,200,10,2302,6,6,6,6,6,NA,NA,NA,NA,04/05/2024 00:03,0
04/05/2024 01:00,WIND,492301,1,HCM,1,62122,1011,200,5,200,9,42,6,6,6,6,6,NA,NA,NA,NA,04/05/2024 01:03,0
04/05/2024 02:00,WIND,492301,1,HCM,1,62122,1011,200,5,200,8,53,6,6,6,6,6,NA,NA,NA,NA,04/05/2024 02:03,0
04/05/2024 03:00,WIND,492301,1,HCM,1,62122,1011,180,2,190,6,154,6,6,6,6,6,NA,NA,NA,NA,04/05/2024 03:03,0
04/05/2024 04:00,WIND,492301,1,HCM,1,62122,1011,160,2,160,3,333,6,6,6,6,6,NA,NA,NA,NA,04/05/2024 04:03,0
04/05/2024 05:00,WIND,492301,1,HCM,1,62122,1011,150,2,150,4,422,6,6,6,6,6,NA,NA,NA,NA,04/05/2024 05:03,0
04/05/2024 06:00,WIND,492301,1,HCM,1,62122,1011,130,1,120,3,507,6,6,6,6,6,NA,NA,NA,NA,04/05/2024 06:04,0
04/05/2024 07:00,WIND,492301,1,HCM,1,62122,1011,150,3,140,5,612,6,6,6,6,6,NA,NA,NA,NA,04/05/2024 07:03,0
04/05/2024 08:00,WIND,492301,1,HCM,1,62122,1011,160,4,150,7,738,6,6,6,6,6,NA,NA,NA,NA,04/05/2024 08:03,0
04/05/2024 09:00,WIND,492301,1,HCM,1,62122,1011,190,4,220,10,838,6,6,6,6,6,NA,NA,NA,NA,04/05/2024 09:03,0
04/05/2024 10:00,WIND,492301,1,HCM,1,62122,1011,160,5,100,10,943,6,6,6,6,6,NA,NA,NA,NA,04/05/2024 10:03,0
04/05/2024 11:00,WIND,492301,1,HCM,1,62122,1011,190,4,160,11,1049,6,6,6,6,6,NA,NA,NA,NA,04/05/2024 11:03,0
04/05/2024 12:00,WIND,492301,1,HCM,1,62122,1011,190,4,190,12,1117,6,6,6,6,6,NA,NA,NA,NA,04/05/2024 12:03,0
04/05/2024 13:00,WIND,492301,1,HCM,1,62122,1011,260,4,270,10,1232,6,6,6,6,6,NA,NA,NA,NA,04/05/2024 13:03,0
04/05/2024 14:00,WIND,492301,1,HCM,1,62122,1011,270,6,240,11,1335,6,6,6,6,6,NA,NA,NA,NA,04/05/2024 14:03,0
04/05/2024 15:00,WIND,492301,1,HCM,1,62122,1011,300,5,280,10,1350,6,6,6,6,6,NA,NA,NA,NA,04/05/2024 15:03,0
04/05/2024 16:00,WIND,492301,1,HCM,1,62122,1011,300,4,290,8,1529,6,6,6,6,6,NA,NA,NA,NA,04/05/2024 16:03,0
04/05/2024 17:00,WIND,492301,1,HCM,1,62122,1011,270,4,270,8,1645,6,6,6,6,6,NA,NA,NA,NA,04/05/2024 17:03,0
04/05/2024 18:00,WIND,492301,1,HCM,1,62122,1011,260,4,290,8,1703,6,6,6,6,6,NA,NA,NA,NA,04/05/2024 18:03,0
04/05/2024 19:00,WIND,492301,1,HCM,1,62122,1011,130,4,130,8,1822,6,6,6,6,6,NA,NA,NA,NA,04/05/2024 19:03,0
04/05/2024 20:00,WIND,492301,1,HCM,1,62122,1011,160,3,120,6,1854,6,6,6,6,6,NA,NA,NA,NA,04/05/2024 20:03,0
04/05/2024 21:00,WIND,492301,1,HCM,1,62122,1011,160,1,70,3,2046,6,6,6,6,6,NA,NA,NA,NA,04/05/2024 21:03,0
04/05/2024 22:00,WIND,492301,1,HCM,1,62122,1011,110,2,80,3,2050,6,6,6,6,6,NA,NA,NA,NA,04/05/2024 22:03,0
04/05/2024 23:00,WIND,492301,1,HCM,1,62122,1011,120,2,90,4,2226,6,6,6,6,6,NA,NA,NA,NA,04/05/2024 23:03,0
05/05/2024 00:00,WIND,492301,1,HCM,1,62122,1011,90,2,70,3,2304,6,6,6,6,6,NA,NA,NA,NA,05/05/2024 00:04,0
05/05/2024 01:00,WIND,492301,1,HCM,1,62122,1011,90,1,100,3,2358,6,6,6,6,6,NA,NA,NA,NA,05/05/2024 01:03,0
05/05/2024 02:00,WIND,492301,1,HCM,1,62122,1011,90,1,80,2,114,6,6,6,6,6,NA,NA,NA,NA,05/05/2024 02:03,0
05/05/2024 03:00,WIND,492301,1,HCM,1,62122,1011,80,2,60,3,245,6,6,6,6,6,NA,NA,NA,NA,05/05/2024 03:03,0
05/05/2024 04:00,WIND,492301,1,HCM,1,62122,1011,70,3,60,4,300,6,6,6,6,6,NA,NA,NA,NA,05/05/2024 04:03,0
05/05/2024 05:00,WIND,492301,1,HCM,1,62122,1011,50,3,50,5,445,6,6,6,6,6,NA,NA,NA,NA,05/05/2024 05:03,0
05/05/2024 06:00,WIND,492301,1,HCM,1,62122,1011,70,3,60,5,545,6,6,6,6,6,NA,NA,NA,NA,05/05/2024 06:04,0
05/05/2024 07:00,WIND,492301,1,HCM,1,62122,1011,80,4,70,8,638,6,6,6,6,6,NA,NA,NA,NA,05/05/2024 07:03,0
05/05/2024 08:00,WIND,492301,1,HCM,1,62122,1011,80,5,80,9,749,6,6,6,6,6,NA,NA,NA,NA,05/05/2024 08:03,0
05/05/2024 09:00,WIND,492301,1,HCM,1,62122,1011,90,6,110,10,849,6,6,6,6,6,NA,NA,NA,NA,05/05/2024 09:03,0
05/05/2024 10:00,WIND,492301,1,HCM,1,62122,1011,90,7,90,14,946,6,6,6,6,6,NA,NA,NA,NA,05/05/2024 10:03,0
05/05/2024 11:00,WIND,492301,1,HCM,1,62122,1011,110,8,100,14,1047,6,6,6,6,6,NA,NA,NA,NA,05/05/2024 11:03,0
05/05/2024 12:00,WIND,492301,1,HCM,1,62122,1011,110,7,110,13,1053,6,6,6,6,6,NA,NA,NA,NA,05/05/2024 12:03,0
05/05/2024 13:00,WIND,492301,1,HCM,1,62122,1011,100,7,90,15,1243,6,6,6,6,6,NA,NA,NA,NA,05/05/2024 13:03,0
05/05/2024 14:00,WIND,492301,1,HCM,1,62122,1011,80,7,70,14,1329,6,6,6,6,6,NA,NA,NA,NA,05/05/2024 14:03,0
05/05/2024 15:00,WIND,492301,1,HCM,1,62122,1011,150,5,150,13,1446,6,6,6,6,6,NA,NA,NA,NA,05/05/2024 15:03,0
05/05/2024 16:00,WIND,492301,1,HCM,1,62122,1011,160,5,150,11,1452,6,6,6,6,6,NA,NA,NA,NA,05/05/2024 16:03,0
05/05/2024 17:00,WIND,492301,1,HCM,1,62122,1011,140,2,160,5,1555,6,6,6,6,6,NA,NA,NA,NA,05/05/2024 17:03,0
05/05/2024 18:00,WIND,492301,1,HCM,1,62122,1011,50,2,110,4,1650,6,6,6,6,6,NA,NA,NA,NA,05/05/2024 18:03,0
05/05/2024 19:00,WIND,492301,1,HCM,1,62122,1011,350,3,350,5,1831,6,6,6,6,6,NA,NA,NA,NA,05/05/2024 19:03,0
05/05/2024 20:00,WIND,492301,1,HCM,1,62122,1011,20,3,350,6,1919,6,6,6,6,6,NA,NA,NA,NA,05/05/2024 20:03,0
05/05/2024 21:00,WIND,492301,1,HCM,1,62122,1011,90,2,80,5,2013,6,6,6,6,6,NA,NA,NA,NA,05/05/2024 21:03,0
05/05/2024 22:00,WIND,492301,1,HCM,1,62122,1011,90,2,40,4,2132,6,6,6,6,6,NA,NA,NA,NA,05/05/2024 22:03,0
05/05/2024 23:00,WIND,492301,1,HCM,1,62122,1011,360,1,40,3,2154,6,6,6,6,6,NA,NA,NA,NA,05/05/2024 23:03,0
06/05/2024 00:00,WIND,492301,1,HCM,1,62122,1011,290,1,260,2,2349,6,6,6,6,6,NA,NA,NA,NA,06/05/2024 00:03,0
06/05/2024 01:00,WIND,492301,1,HCM,1,62122,1011,40,1,50,4,24,6,6,6,6,6,NA,NA,NA,NA,06/05/2024 01:03,0
06/05/2024 02:00,WIND,492301,1,HCM,1,62122,1011,60,1,20,3,100,6,6,6,6,6,NA,NA,NA,NA,06/05/2024 02:03,0
06/05/2024 03:00,WIND,492301,1,HCM,1,62122,1011,70,2,80,5,242,6,6,6,6,6,NA,NA,NA,NA,06/05/2024 03:03,0
06/05/2024 04:00,WIND,492301,1,HCM,1,62122,1011,90,3,350,6,256,6,6,6,6,6,NA,NA,NA,NA,06/05/2024 04:03,0
06/05/2024 05:00,WIND,492301,1,HCM,1,62122,1011,70,2,70,4,356,6,6,6,6,6,NA,NA,NA,NA,06/05/2024 05:03,0
06/05/2024 06:00,WIND,492301,1,HCM,1,62122,1011,140,1,90,3,549,6,6,6,6,6,NA,NA,NA,NA,06/05/2024 06:03,0
06/05/2024 07:00,WIND,492301,1,HCM,1,62122,1011,50,2,350,4,647,6,6,6,6,6,NA,NA,NA,NA,06/05/2024 07:03,0
06/05/2024 08:00,WIND,492301,1,HCM,1,62122,1011,30,4,320,7,742,6,6,6,6,6,NA,NA,NA,NA,06/05/2024 08:03,0
06/05/2024 09:00,WIND,492301,1,HCM,1,62122,1011,360,4,350,7,810,6,6,6,6,6,NA,NA,NA,NA,06/05/2024 09:03,0
06/05/2024 10:00,WIND,492301,1,HCM,1,62122,1011,360,5,20,9,942,6,6,6,6,6,NA,NA,NA,NA,06/05/2024 10:03,0
06/05/2024 11:00,WIND,492301,1,HCM,1,62122,1011,340,5,360,9,1049,6,6,6,6,6,NA,NA,NA,NA,06/05/2024 11:03,0
06/05/2024 12:00,WIND,492301,1,HCM,1,62122,1011,340,6,290,10,1139,6,6,6,6,6,NA,NA,NA,NA,06/05/2024 12:03,0
06/05/2024 13:00,WIND,492301,1,HCM,1,62122,1011,320,5,320,8,1150,6,6,6,6,6,NA,NA,NA,NA,06/05/2024 13:03,0
06/05/2024 14:00,WIND,492301,1,HCM,1,62122,1011,330,5,10,10,1328,6,6,6,6,6,NA,NA,NA,NA,06/05/2024 14:03,0
06/05/2024 15:00,WIND,492301,1,HCM,1,62122,1011,270,6,270,11,1353,6,6,6,6,6,NA,NA,NA,NA,06/05/2024 15:03,0
06/05/2024 16:00,WIND,492301,1,HCM,1,62122,1011,260,6,280,10,1540,6,6,6,6,6,NA,NA,NA,NA,06/05/2024 16:03,0
06/05/2024 17:00,WIND,492301,1,HCM,1,62122,1011,180,5,100,11,1620,6,6,6,6,6,NA,NA,NA,NA,06/05/2024 17:03,0
06/05/2024 18:00,WIND,492301,1,HCM,1,62122,1011,270,4,280,8,1720,6,6,6,6,6,NA,NA,NA,NA,06/05/2024 18:03,0
06/05/2024 19:00,WIND,492301,1,HCM,1,62122,1011,250,3,260,6,1823,6,6,6,6,6,NA,NA,NA,NA,06/05/2024 19:03,0
06/05/2024 20:00,WIND,492301,1,HCM,1,62122,1011,80,3,80,10,1913,6,6,6,6,6,NA,NA,NA,NA,06/05/2024 20:03,0
06/05/2024 21:00,WIND,492301,1,HCM,1,62122,1011,260,2,290,4,2036,6,6,6,6,6,NA,NA,NA,NA,06/05/2024 21:03,0
06/05/2024 22:00,WIND,492301,1,HCM,1,62122,1011,10,4,360,10,2120,6,6,6,6,6,NA,NA,NA,NA,06/05/2024 22:03,0
06/05/2024 23:00,WIND,492301,1,HCM,1,62122,1011,300,4,290,7,2218,6,6,6,6,6,NA,NA,NA,NA,06/05/2024 23:03,0
07/05/2024 00:00,WIND,492301,1,HCM,1,62122,1011,350,3,340,6,2301,6,6,6,6,6,NA,NA,NA,NA,07/05/2024 00:04,0
07/05/2024 01:00,WIND,492301,1,HCM,1,62122,1011,10,4,20,6,13,6,6,6,6,6,NA,NA,NA,NA,07/05/2024 01:03,0
07/05/2024 02:00,WIND,492301,1,HCM,1,62122,1011,360,4,330,9,145,6,6,6,6,6,NA,NA,NA,NA,07/05/2024 02:07,0
07/05/2024 03:00,WIND,492301,1,HCM,1,62122,1011,350,3,350,7,150,6,6,6,6,6,NA,NA,NA,NA,07/05/2024 03:03,0
07/05/2024 04:00,WIND,492301,1,HCM,1,62122,1011,340,2,300,6,324,6,6,6,6,6,NA,NA,NA,NA,07/05/2024 04:03,0
07/05/2024 05:00,WIND,492301,1,HCM,1,62122,1011,310,3,320,6,436,6,6,6,6,6,NA,NA,NA,NA,07/05/2024 05:03,0
07/05/2024 06:00,WIND,492301,1,HCM,1,62122,1011,310,4,310,6,546,6,6,6,6,6,NA,NA,NA,NA,07/05/2024 06:04,0
07/05/2024 07:00,WIND,492301,1,HCM,1,62122,1011,330,5,350,8,611,6,6,6,6,6,NA,NA,NA,NA,07/05/2024 07:03,0
07/05/2024 08:00,WIND,492301,1,HCM,1,62122,1011,340,5,340,9,707,6,6,6,6,6,NA,NA,NA,NA,07/05/2024 08:03,0
07/05/2024 09:00,WIND,492301,1,HCM,1,62122,1011,10,5,30,9,817,6,6,6,6,6,NA,NA,NA,NA,07/05/2024 09:03,0
07/05/2024 10:00,WIND,492301,1,HCM,1,62122,1011,10,6,30,9,923,6,6,6,6,6,NA,NA,NA,NA,07/05/2024 10:03,0
07/05/2024 11:00,WIND,492301,1,HCM,1,62122,1011,350,4,50,8,1011,6,6,6,6,6,NA,NA,NA,NA,07/05/2024 11:03,0
07/05/2024 12:00,WIND,492301,1,HCM,1,62122,1011,10,4,330,9,1118,6,6,6,6,6,NA,NA,NA,NA,07/05/2024 12:03,0
07/05/2024 13:00,WIND,492301,1,HCM,1,62122,1011,30,4,60,9,1206,6,6,6,6,6,NA,NA,NA,NA,07/05/2024 13:03,0
07/05/2024 14:00,WIND,492301,1,HCM,1,62122,1011,30,4,50,8,1335,6,6,6,6,6,NA,NA,NA,NA,07/05/2024 14:03,0
07/05/2024 15:00,WIND,492301,1,HCM,1,62122,1011,340,3,280,8,1443,6,6,6,6,6,NA,NA,NA,NA,07/05/2024 15:03,0
07/05/2024 16:00,WIND,492301,1,HCM,1,62122,1011,360,4,360,8,1509,6,6,6,6,6,NA,NA,NA,NA,07/05/2024 16:03,0
07/05/2024 17:00,WIND,492301,1,HCM,1,62122,1011,300,5,250,10,1646,6,6,6,6,6,NA,NA,NA,NA,07/05/2024 17:03,0
07/05/2024 18:00,WIND,492301,1,HCM,1,62122,1011,260,5,250,10,1654,6,6,6,6,6,NA,NA,NA,NA,07/05/2024 18:03,0
07/05/2024 19:00,WIND,492301,1,HCM,1,62122,1011,350,4,260,9,1759,6,6,6,6,6,NA,NA,NA,NA,07/05/2024 19:03,0
07/05/2024 20:00,WIND,492301,1,HCM,1,62122,1011,110,3,110,6,1923,6,6,6,6,6,NA,NA,NA,NA,07/05/2024 20:03,0
07/05/2024 21:00,WIND,492301,1,HCM,1,62122,1011,100,3,100,5,2036,6,6,6,6,6,NA,NA,NA,NA,07/05/2024 21:03,0
07/05/2024 22:00,WIND,492301,1,HCM,1,62122,1011,120,1,110,4,2052,6,6,6,6,6,NA,NA,NA,NA,07/05/2024 22:03,0
07/05/2024 23:00,WIND,492301,1,HCM,1,62122,1011,330,1,280,3,2231,6,6,6,6,6,NA,NA,NA,NA,07/05/2024 23:03,0
08/05/2024 00:00,WIND,492301,1,HCM,1,62122,1011,280,2,270,6,2323,6,6,6,6,6,NA,NA,NA,NA,08/05/2024 00:03,0
08/05/2024 01:00,WIND,492301,1,HCM,1,62122,1011,270,2,280,4,18,6,6,6,6,6,NA,NA,NA,NA,08/05/2024 01:03,0
08/05/2024 02:00,WIND,492301,1,HCM,1,62122,1011,300,1,290,7,122,6,6,6,6,6,NA,NA,NA,NA,08/05/2024 02:03,0
08/05/2024 03:00,WIND,492301,1,HCM,1,62122,1011,0,0,300,2,249,6,6,6,6,6,NA,NA,NA,NA,08/05/2024 03:03,0
08/05/2024 04:00,WIND,492301,1,HCM,1,62122,1011,280,2,280,4,331,6,6,6,6,6,NA,NA,NA,NA,08/05/2024 04:03,0
08/05/2024 05:00,WIND,492301,1,HCM,1,62122,1011,280,2,280,5,431,6,6,6,6,6,NA,NA,NA,NA,08/05/2024 05:03,0
08/05/2024 06:00,WIND,492301,1,HCM,1,62122,1011,270,2,250,4,459,6,6,6,6,6,NA,NA,NA,NA,08/05/2024 06:03,0
08/05/2024 07:00,WIND,492301,1,HCM,1,62122,1011,350,1,160,2,645,6,6,6,6,6,NA,NA,NA,NA,08/05/2024 07:03,0
08/05/2024 08:00,WIND,492301,1,HCM,1,62122,1011,160,2,190,4,732,6,6,6,6,6,NA,NA,NA,NA,08/05/2024 08:03,0
08/05/2024 09:00,WIND,492301,1,HCM,1,62122,1011,190,2,220,5,822,6,6,6,6,6,NA,NA,NA,NA,08/05/2024 09:03,0
08/05/2024 10:00,WIND,492301,1,HCM,1,62122,1011,290,5,300,13,934,6,6,6,6,6,NA,NA,NA,NA,08/05/2024 10:03,0
08/05/2024 11:00,WIND,492301,1,HCM,1,62122,1011,270,7,290,11,1005,6,6,6,6,6,NA,NA,NA,NA,08/05/2024 11:03,0
08/05/2024 12:00,WIND,492301,1,HCM,1,62122,1011,270,7,250,11,1051,6,6,6,6,6,NA,NA,NA,NA,08/05/2024 12:03,0
08/05/2024 13:00,WIND,492301,1,HCM,1,62122,1011,290,6,280,10,1154,6,6,6,6,6,NA,NA,NA,NA,08/05/2024 13:03,0
08/05/2024 14:00,WIND,492301,1,HCM,1,62122,1011,270,6,250,11,1337,6,6,6,6,6,NA,NA,NA,NA,08/05/2024 14:03,0
08/05/2024 15:00,WIND,492301,1,HCM,1,62122,1011,240,7,250,11,1430,6,6,6,6,6,NA,NA,NA,NA,08/05/2024 15:03,0
08/05/2024 16:00,WIND,492301,1,HCM,1,62122,1011,260,7,280,12,1531,6,6,6,6,6,NA,NA,NA,NA,08/05/2024 16:03,0
08/05/2024 17:00,WIND,492301,1,HCM,1,62122,1011,280,7,290,11,1552,6,6,6,6,6,NA,NA,NA,NA,08/05/2024 17:03,0
08/05/2024 18:00,WIND,492301,1,HCM,1,62122,1011,260,6,250,10,1746,6,6,6,6,6,NA,NA,NA,NA,08/05/2024 18:03,0
08/05/2024 19:00,WIND,492301,1,HCM,1,62122,1011,230,6,230,12,1815,6,6,6,6,6,NA,NA,NA,NA,08/05/2024 19:03,0
08/05/2024 20:00,WIND,492301,1,HCM,1,62122,1011,230,6,230,11,1948,6,6,6,6,6,NA,NA,NA,NA,08/05/2024 20:03,0
08/05/2024 21:00,WIND,492301,1,HCM,1,62122,1011,230,5,230,9,1950,6,6,6,6,6,NA,NA,NA,NA,08/05/2024 21:03,0
08/05/2024 22:00,WIND,492301,1,HCM,1,62122,1011,230,5,250,8,2113,6,6,6,6,6,NA,NA,NA,NA,08/05/2024 22:03,0
08/05/2024 23:00,WIND,492301,1,HCM,1,62122,1011,210,3,230,6,2154,6,6,6,6,6,NA,NA,NA,NA,08/05/2024 23:03,0
09/05/2024 00:00,WIND,492301,1,HCM,1,62122,1011,220,2,210,5,2255,6,6,6,6,6,NA,NA,NA,NA,09/05/2024 00:03,0
09/05/2024 01:00,WIND,492301,1,HCM,1,62122,1011,220,2,240,5,2356,6,6,6,6,6,NA,NA,NA,NA,09/05/2024 01:03,0
09/05/2024 02:00,WIND,492301,1,HCM,1,62122,1011,180,2,160,5,129,6,6,6,6,6,NA,NA,NA,NA,09/05/2024 02:03,0
09/05/2024 03:00,WIND,492301,1,HCM,1,62122,1011,250,2,230,4,238,6,6,6,6,6,NA,NA,NA,NA,09/05/2024 03:03,0
09/05/2024 04:00,WIND,492301,1,HCM,1,62122,1011,230,1,230,3,324,6,6,6,6,6,NA,NA,NA,NA,09/05/2024 04:03,0
09/05/2024 05:00,WIND,492301,1,HCM,1,62122,1011,290,1,290,3,412,6,6,6,6,6,NA,NA,NA,NA,09/05/2024 05:03,0
09/05/2024 06:00,WIND,492301,1,HCM,1,62122,1011,310,1,300,2,503,6,6,6,6,6,NA,NA,NA,NA,09/05/2024 06:03,0
09/05/2024 07:00,WIND,492301,1,HCM,1,62122,1011,300,1,290,3,639,6,6,6,6,6,NA,NA,NA,NA,09/05/2024 07:07,0
09/05/2024 08:00,WIND,492301,1,HCM,1,62122,1011,270,3,260,6,745,6,6,6,6,6,NA,NA,NA,NA,09/05/2024 08:03,0
09/05/2024 09:00,WIND,492301,1,HCM,1,62122,1011,270,4,260,7,849,6,6,6,6,6,NA,NA,NA,NA,09/05/2024 09:04,0
09/05/2024 10:00,WIND,492301,1,HCM,1,62122,1011,270,5,270,9,942,6,6,6,6,6,NA,NA,NA,NA,09/05/2024 10:03,0
09/05/2024 11:00,WIND,492301,1,HCM,1,62122,1011,280,6,280,10,1013,6,6,6,6,6,NA,NA,NA,NA,09/05/2024 11:02,0
09/05/2024 12:00,WIND,492301,1,HCM,1,62122,1011,290,5,330,9,1142,6,6,6,6,6,NA,NA,NA,NA,09/05/2024 12:02,0
09/05/2024 13:00,WIND,492301,1,HCM,1,62122,1011,270,5,280,9,1249,6,6,6,6,6,NA,NA,NA,NA,09/05/2024 13:02,0
09/05/2024 14:00,WIND,492301,1,HCM,1,62122,1011,260,4,290,9,1326,6,6,6,6,6,NA,NA,NA,NA,09/05/2024 14:02,0
09/05/2024 15:00,WIND,492301,1,HCM,1,62122,1011,260,4,250,10,1443,6,6,6,6,6,NA,NA,NA,NA,09/05/2024 15:02,0
09/05/2024 16:00,WIND,492301,1,HCM,1,62122,1011,280,5,270,10,1457,6,6,6,6,6,NA,NA,NA,NA,09/05/2024 16:02,0
09/05/2024 17:00,WIND,492301,1,HCM,1,62122,1011,280,4,290,8,1606,6,6,6,6,6,NA,NA,NA,NA,09/05/2024 17:02,0
09/05/2024 18:00,WIND,492301,1,HCM,1,62122,1011,270,6,260,9,1740,6,6,6,6,6,NA,NA,NA,NA,09/05/2024 18:02,0
09/05/2024 19:00,WIND,492301,1,HCM,1,62122,1011,280,6,270,9,1752,6,6,6,6,6,NA,NA,NA,NA,09/05/2024 19:02,0
09/05/2024 20:00,WIND,492301,1,HCM,1,62122,1011,280,5,290,9,1945,6,6,6,6,6,NA,NA,NA,NA,09/05/2024 20:02,0
09/05/2024 21:00,WIND,492301,1,HCM,1,62122,1011,270,5,270,8,2025,6,6,6,6,6,NA,NA,NA,NA,09/05/2024 21:03,0
09/05/2024 22:00,WIND,492301,1,HCM,1,62122,1011,60,2,280,5,2053,6,6,6,6,6,NA,NA,NA,NA,09/05/2024 22:02,0
09/05/2024 23:00,WIND,492301,1,HCM,1,62122,1011,80,1,90,2,2155,6,6,6,6,6,NA,NA,NA,NA,09/05/2024 23:02,0
10/05/2024 00:00,WIND,492301,1,HCM,1,62122,1011,0,0,280,2,2349,6,6,6,6,6,NA,NA,NA,NA,10/05/2024 00:03,0
10/05/2024 01:00,WIND,492301,1,HCM,1,62122,1011,270,2,290,4,2351,6,6,6,6,6,NA,NA,NA,NA,10/05/2024 01:02,0
10/05/2024 02:00,WIND,492301,1,HCM,1,62122,1011,270,2,270,4,118,6,6,6,6,6,NA,NA,NA,NA,10/05/2024 02:02,0
10/05/2024 03:00,WIND,492301,1,HCM,1,62122,1011,80,1,90,3,208,6,6,6,6,6,NA,NA,NA,NA,10/05/2024 03:02,0
10/05/2024 04:00,WIND,492301,1,HCM,1,62122,1011,110,1,130,3,311,6,6,6,6,6,NA,NA,NA,NA,10/05/2024 04:02,0
10/05/2024 05:00,WIND,492301,1,HCM,1,62122,1011,0,0,100,2,438,6,6,6,6,6,NA,NA,NA,NA,10/05/2024 05:02,0
10/05/2024 06:00,WIND,492301,1,HCM,1,62122,1011,230,1,290,3,507,6,6,6,6,6,NA,NA,NA,NA,10/05/2024 06:03,0
10/05/2024 07:00,WIND,492301,1,HCM,1,62122,1011,110,1,90,4,609,6,6,6,6,6,NA,NA,NA,NA,10/05/2024 07:02,0
10/05/2024 08:00,WIND,492301,1,HCM,1,62122,1011,340,1,30,2,708,6,6,6,6,6,NA,NA,NA,NA,10/05/2024 08:02,0
10/05/2024 09:00,WIND,492301,1,HCM,1,62122,1011,50,3,50,6,809,6,6,6,6,6,NA,NA,NA,NA,10/05/2024 09:03,0
10/05/2024 10:00,WIND,492301,1,HCM,1,62122,1011,50,3,60,9,935,6,6,6,6,6,NA,NA,NA,NA,10/05/2024 10:02,0
10/05/2024 11:00,WIND,492301,1,HCM,1,62122,1011,90,4,110,9,1049,6,6,6,6,6,NA,NA,NA,NA,10/05/2024 11:02,0
10/05/2024 12:00,WIND,492301,1,HCM,1,62122,1011,90,4,70,10,1114,6,6,6,6,6,NA,NA,NA,NA,10/05/2024 12:02,0
10/05/2024 13:00,WIND,492301,1,HCM,1,62122,1011,120,6,140,14,1230,6,6,6,6,6,NA,NA,NA,NA,10/05/2024 13:02,0
10/05/2024 14:00,WIND,492301,1,HCM,1,62122,1011,100,5,100,12,1346,6,6,6,6,6,NA,NA,NA,NA,10/05/2024 14:02,0
10/05/2024 15:00,WIND,492301,1,HCM,1,62122,1011,100,5,70,12,1441,6,6,6,6,6,NA,NA,NA,NA,10/05/2024 15:02,0
10/05/2024 16:00,WIND,492301,1,HCM,1,62122,1011,110,5,70,13,1450,6,6,6,6,6,NA,NA,NA,NA,10/05/2024 16:02,0
10/05/2024 17:00,WIND,492301,1,HCM,1,62122,1011,70,5,130,10,1604,6,6,6,6,6,NA,NA,NA,NA,10/05/2024 17:02,0
10/05/2024 18:00,WIND,492301,1,HCM,1,62122,1011,90,5,80,9,1705,6,6,6,6,6,NA,NA,NA,NA,10/05/2024 18:02,0
10/05/2024 19:00,WIND,492301,1,HCM,1,62122,1011,80,4,110,7,1754,6,6,6,6,6,NA,NA,NA,NA,10/05/2024 19:02,0
10/05/2024 20:00,WIND,492301,1,HCM,1,62122,1011,60,2,40,4,1901,6,6,6,6,6,NA,NA,NA,NA,10/05/2024 20:02,0
10/05/2024 21:00,WIND,492301,1,HCM,1,62122,1011,50,2,50,6,2014,6,6,6,6,6,NA,NA,NA,NA,10/05/2024 21:02,0
10/05/2024 22:00,WIND,492301,1,HCM,1,62122,1011,60,3,130,7,2141,6,6,6,6,6,NA,NA,NA,NA,10/05/2024 22:02,0
10/05/2024 23:00,WIND,492301,1,HCM,1,62122,1011,110,3,110,5,2230,6,6,6,6,6,NA,NA,NA,NA,10/05/2024 23:02,0
11/05/2024 00:00,WIND,492301,1,HCM,1,62122,1011,130,2,180,5,2255,6,6,6,6,6,NA,NA,NA,NA,11/05/2024 00:03,0
11/05/2024 01:00,WIND,492301,1,HCM,1,62122,1011,80,2,110,4,7,6,6,6,6,6,NA,NA,NA,NA,11/05/2024 01:02,0
11/05/2024 02:00,WIND,492301,1,HCM,1,62122,1011,60,3,40,6,109,6,6,6,6,6,NA,NA,NA,NA,11/05/2024 02:02,0
11/05/2024 03:00,WIND,492301,1,HCM,1,62122,1011,60,3,50,5,248,6,6,6,6,6,NA,NA,NA,NA,11/05/2024 03:02,0
11/05/2024 04:00,WIND,492301,1,HCM,1,62122,1011,60,5,60,7,321,6,6,6,6,6,NA,NA,NA,NA,11/05/2024 04:02,0
11/05/2024 05:00,WIND,492301,1,HCM,1,62122,1011,60,5,50,8,414,6,6,6,6,6,NA,NA,NA,NA,11/05/2024 05:02,0
11/05/2024 06:00,WIND,492301,1,HCM,1,62122,1011,70,4,60,7,533,6,6,6,6,6,NA,NA,NA,NA,11/05/2024 06:04,0
11/05/2024 07:00,WIND,492301,1,HCM,1,62122,1011,70,6,70,10,634,6,6,6,6,6,NA,NA,NA,NA,11/05/2024 07:02,0
11/05/2024 08:00,WIND,492301,1,HCM,1,62122,1011,80,6,70,9,737,6,6,6,6,6,NA,NA,NA,NA,11/05/2024 08:02,0
11/05/2024 09:00,WIND,492301,1,HCM,1,62122,1011,70,7,70,11,825,6,6,6,6,6,NA,NA,NA,NA,11/05/2024 09:03,0
11/05/2024 10:00,WIND,492301,1,HCM,1,62122,1011,80,6,80,11,928,6,6,6,6,6,NA,NA,NA,NA,11/05/2024 10:02,0
11/05/2024 11:00,WIND,492301,1,HCM,1,62122,1011,80,7,80,12,1035,6,6,6,6,6,NA,NA,NA,NA,11/05/2024 11:02,0
11/05/2024 12:00,WIND,492301,1,HCM,1,62122,1011,90,8,80,15,1145,6,6,6,6,6,NA,NA,NA,NA,11/05/2024 12:02,0
11/05/2024 13:00,WIND,492301,1,HCM,1,62122,1011,110,8,110,15,1217,6,6,6,6,6,NA,NA,NA,NA,11/05/2024 13:02,0
11/05/2024 14:00,WIND,492301,1,HCM,1,62122,1011,110,7,100,16,1320,6,6,6,6,6,NA,NA,NA,NA,11/05/2024 14:02,0
11/05/2024 15:00,WIND,492301,1,HCM,1,62122,1011,100,7,70,14,1448,6,6,6,6,6,NA,NA,NA,NA,11/05/2024 15:02,0
11/05/2024 16:00,WIND,492301,1,HCM,1,62122,1011,110,7,90,13,1515,6,6,6,6,6,NA,NA,NA,NA,11/05/2024 16:02,0
11/05/2024 17:00,WIND,492301,1,HCM,1,62122,1011,110,7,80,12,1602,6,6,6,6,6,NA,NA,NA,NA,11/05/2024 17:02,0
11/05/2024 18:00,WIND,492301,1,HCM,1,62122,1011,100,7,100,14,1652,6,6,6,6,6,NA,NA,NA,NA,11/05/2024 18:02,0
11/05/2024 19:00,WIND,492301,1,HCM,1,62122,1011,90,5,80,9,1809,6,6,6,6,6,NA,NA,NA,NA,11/05/2024 19:02,0
11/05/2024 20:00,WIND,492301,1,HCM,1,62122,1011,90,3,100,6,1908,6,6,6,6,6,NA,NA,NA,NA,11/05/2024 20:02,0
11/05/2024 21:00,WIND,492301,1,HCM,1,62122,1011,80,2,60,7,2016,6,6,6,6,6,NA,NA,NA,NA,11/05/2024 21:03,0
11/05/2024 22:00,WIND,492301,1,HCM,1,62122,1011,80,3,70,7,2126,6,6,6,6,6,NA,NA,NA,NA,11/05/2024 22:02,0
11/05/2024 23:00,WIND,492301,1,HCM,1,62122,1011,60,5,70,9,2234,6,6,6,6,6,NA,NA,NA,NA,11/05/2024 23:02,0
12/05/2024 00:00,WIND,492301,1,HCM,1,62122,1011,80,4,80,8,2250,6,6,6,6,6,NA,NA,NA,NA,12/05/2024 00:03,0
12/05/2024 01:00,WIND,492301,1,HCM,1,62122,1011,70,6,70,9,40,6,6,6,6,6,NA,NA,NA,NA,12/05/2024 01:02,0
12/05/2024 02:00,WIND,492301,1,HCM,1,62122,1011,70,4,70,7,102,6,6,6,6,6,NA,NA,NA,NA,12/05/2024 02:02,0
12/05/2024 03:00,WIND,492301,1,HCM,1,62122,1011,70,6,70,9,211,6,6,6,6,6,NA,NA,NA,NA,12/05/2024 03:02,0
12/05/2024 04:00,WIND,492301,1,HCM,1,62122,1011,80,4,70,8,253,6,6,6,6,6,NA,NA,NA,NA,12/05/2024 04:02,0
12/05/2024 05:00,WIND,492301,1,HCM,1,62122,1011,70,5,70,8,407,6,6,6,6,6,NA,NA,NA,NA,12/05/2024 05:02,0
12/05/2024 06:00,WIND,492301,1,HCM,1,62122,1011,50,3,60,6,507,6,6,6,6,6,NA,NA,NA,NA,12/05/2024 06:03,0
12/05/2024 07:00,WIND,492301,1,HCM,1,62122,1011,30,3,60,8,647,6,6,6,6,6,NA,NA,NA,NA,12/05/2024 07:02,0
12/05/2024 08:00,WIND,492301,1,HCM,1,62122,1011,50,5,50,9,705,6,6,6,6,6,NA,NA,NA,NA,12/05/2024 08:02,0
12/05/2024 09:00,WIND,492301,1,HCM,1,62122,1011,60,6,50,12,821,6,6,6,6,6,NA,NA,NA,NA,12/05/2024 09:03,0
12/05/2024 10:00,WIND,492301,1,HCM,1,62122,1011,70,5,50,9,851,6,6,6,6,6,NA,NA,NA,NA,12/05/2024 10:02,0
12/05/2024 11:00,WIND,492301,1,HCM,1,62122,1011,70,5,70,11,1029,6,6,6,6,6,NA,NA,NA,NA,12/05/2024 11:02,0
12/05/2024 12:00,WIND,492301,1,HCM,1,62122,1011,70,5,70,11,1123,6,6,6,6,6,NA,NA,NA,NA,12/05/2024 12:02,0
12/05/2024 13:00,WIND,492301,1,HCM,1,62122,1011,100,6,120,12,1220,6,6,6,6,6,NA,NA,NA,NA,12/05/2024 13:02,0
12/05/2024 14:00,WIND,492301,1,HCM,1,62122,1011,120,6,120,15,1342,6,6,6,6,6,NA,NA,NA,NA,12/05/2024 14:02,0
12/05/2024 15:00,WIND,492301,1,HCM,1,62122,1011,140,8,160,19,1427,6,6,6,6,6,NA,NA,NA,NA,12/05/2024 15:02,0
12/05/2024 16:00,WIND,492301,1,HCM,1,62122,1011,180,10,250,22,1548,6,6,6,6,6,NA,NA,NA,NA,12/05/2024 16:02,0
12/05/2024 17:00,WIND,492301,1,HCM,1,62122,1011,230,9,240,20,1553,6,6,6,6,6,NA,NA,NA,NA,12/05/2024 17:02,0
12/05/2024 18:00,WIND,492301,1,HCM,1,62122,1011,190,9,160,19,1653,6,6,6,6,6,NA,NA,NA,NA,12/05/2024 18:02,0
12/05/2024 19:00,WIND,492301,1,HCM,1,62122,1011,230,10,260,21,1804,6,6,6,6,6,NA,NA,NA,NA,12/05/2024 19:02,0
12/05/2024 20:00,WIND,492301,1,HCM,1,62122,1011,210,7,220,13,1943,6,6,6,6,6,NA,NA,NA,NA,12/05/2024 20:02,0
12/05/2024 21:00,WIND,492301,1,HCM,1,62122,1011,220,9,240,15,2040,6,6,6,6,6,NA,NA,NA,NA,12/05/2024 21:03,0
12/05/2024 22:00,WIND,492301,1,HCM,1,62122,1011,240,9,230,16,2102,6,6,6,6,6,NA,NA,NA,NA,12/05/2024 22:02,0
12/05/2024 23:00,WIND,492301,1,HCM,1,62122,1011,230,5,250,12,2156,6,6,6,6,6,NA,NA,NA,NA,12/05/2024 23:02,0
13/05/2024 00:00,WIND,492301,1,HCM,1,62122,1011,200,4,180,9,2348,6,6,6,6,6,NA,NA,NA,NA,13/05/2024 00:03,0
13/05/2024 01:00,WIND,492301,1,HCM,1,62122,1011,200,4,200,8,2351,6,6,6,6,6,NA,NA,NA,NA,13/05/2024 01:02,0
13/05/2024 02:00,WIND,492301,1,HCM,1,62122,1011,180,3,210,6,53,6,6,6,6,6,NA,NA,NA,NA,13/05/2024 02:02,0
13/05/2024 03:00,WIND,492301,1,HCM,1,62122,1011,160,6,150,13,247,6,6,6,6,6,NA,NA,NA,NA,13/05/2024 03:02,0
13/05/2024 04:00,WIND,492301,1,HCM,1,62122,1011,160,6,160,13,319,6,6,6,6,6,NA,NA,NA,NA,13/05/2024 04:02,0
13/05/2024 05:00,WIND,492301,1,HCM,1,62122,1011,160,6,160,13,354,6,6,6,6,6,NA,NA,NA,NA,13/05/2024 05:02,0
13/05/2024 06:00,WIND,492301,1,HCM,1,62122,1011,160,7,160,18,530,6,6,6,6,6,NA,NA,NA,NA,13/05/2024 06:04,0
13/05/2024 07:00,WIND,492301,1,HCM,1,62122,1011,160,8,150,19,629,6,6,6,6,6,NA,NA,NA,NA,13/05/2024 07:02,0
13/05/2024 08:00,WIND,492301,1,HCM,1,62122,1011,140,7,160,13,656,6,6,6,6,6,NA,NA,NA,NA,13/05/2024 08:02,0
13/05/2024 09:00,WIND,492301,1,HCM,1,62122,1011,140,10,130,21,843,6,6,6,6,6,NA,NA,NA,NA,13/05/2024 09:03,0
13/05/2024 10:00,WIND,492301,1,HCM,1,62122,1011,130,10,140,21,910,6,6,6,6,6,NA,NA,NA,NA,13/05/2024 10:02,0
13/05/2024 11:00,WIND,492301,1,HCM,1,62122,1011,130,10,150,20,1014,6,6,6,6,6,NA,NA,NA,NA,13/05/2024 11:02,0
13/05/2024 12:00,WIND,492301,1,HCM,1,62122,1011,140,12,120,22,1134,6,6,6,6,6,NA,NA,NA,NA,13/05/2024 12:02,0
13/05/2024 13:00,WIND,492301,1,HCM,1,62122,1011,130,12,130,23,1215,6,6,6,6,6,NA,NA,NA,NA,13/05/2024 13:02,0
13/05/2024 14:00,WIND,492301,1,HCM,1,62122,1011,130,12,110,24,1324,6,6,6,6,6,NA,NA,NA,NA,13/05/2024 14:02,0
13/05/2024 15:00,WIND,492301,1,HCM,1,62122,1011,130,13,140,24,1436,6,6,6,6,6,NA,NA,NA,NA,13/05/2024 15:02,0
13/05/2024 16:00,WIND,492301,1,HCM,1,62122,1011,130,12,120,23,1451,6,6,6,6,6,NA,NA,NA,NA,13/05/2024 16:02,0
13/05/2024 17:00,WIND,492301,1,HCM,1,62122,1011,120,10,120,22,1550,6,6,6,6,6,NA,NA,NA,NA,13/05/2024 17:02,0
13/05/2024 18:00,WIND,492301,1,HCM,1,62122,1011,120,10,130,17,1745,6,6,6,6,6,NA,NA,NA,NA,13/05/2024 18:02,0
13/05/2024 19:00,WIND,492301,1,HCM,1,62122,1011,130,10,120,18,1811,6,6,6,6,6,NA,NA,NA,NA,13/05/2024 19:02,0
13/05/2024 20:00,WIND,492301,1,HCM,1,62122,1011,130,8,160,15,1919,6,6,6,6,6,NA,NA,NA,NA,13/05/2024 20:02,0
13/05/2024 21:00,WIND,492301,1,HCM,1,62122,1011,130,7,130,14,2016,6,6,6,6,6,NA,NA,NA,NA,13/05/2024 21:03,0
13/05/2024 22:00,WIND,492301,1,HCM,1,62122,1011,120,7,130,13,2136,6,6,6,6,6,NA,NA,NA,NA,13/05/2024 22:02,0
13/05/2024 23:00,WIND,492301,1,HCM,1,62122,1011,130,7,130,13,2238,6,6,6,6,6,NA,NA,NA,NA,13/05/2024 23:02,0
14/05/2024 00:00,WIND,492301,1,HCM,1,62122,1011,120,6,130,12,2330,6,6,6,6,6,NA,NA,NA,NA,14/05/2024 00:03,0
14/05/2024 01:00,WIND,492301,1,HCM,1,62122,1011,130,5,120,11,2353,6,6,6,6,6,NA,NA,NA,NA,14/05/2024 01:02,0
14/05/2024 02:00,WIND,492301,1,HCM,1,62122,1011,130,5,130,9,131,6,6,6,6,6,NA,NA,NA,NA,14/05/2024 02:02,0
14/05/2024 03:00,WIND,492301,1,HCM,1,62122,1011,140,4,120,9,152,6,6,6,6,6,NA,NA,NA,NA,14/05/2024 03:02,0
14/05/2024 04:00,WIND,492301,1,HCM,1,62122,1011,130,4,110,8,330,6,6,6,6,6,NA,NA,NA,NA,14/05/2024 04:02,0
14/05/2024 05:00,WIND,492301,1,HCM,1,62122,1011,120,5,120,8,354,6,6,6,6,6,NA,NA,NA,NA,14/05/2024 05:02,0
14/05/2024 06:00,WIND,492301,1,HCM,1,62122,1011,120,5,130,9,503,6,6,6,6,6,NA,NA,NA,NA,14/05/2024 06:03,0
14/05/2024 07:00,WIND,492301,1,HCM,1,62122,1011,120,6,120,12,616,6,6,6,6,6,NA,NA,NA,NA,14/05/2024 07:02,0
14/05/2024 08:00,WIND,492301,1,HCM,1,62122,1011,120,7,120,13,655,6,6,6,6,6,NA,NA,NA,NA,14/05/2024 08:02,0
14/05/2024 09:00,WIND,492301,1,HCM,1,62122,1011,110,9,110,15,816,6,6,6,6,6,NA,NA,NA,NA,14/05/2024 09:03,0
14/05/2024 10:00,WIND,492301,1,HCM,1,62122,1011,110,10,110,17,934,6,6,6,6,6,NA,NA,NA,NA,14/05/2024 10:02,0
14/05/2024 11:00,WIND,492301,1,HCM,1,62122,1011,130,10,140,19,1021,6,6,6,6,6,NA,NA,NA,NA,14/05/2024 11:02,0
14/05/2024 12:00,WIND,492301,1,HCM,1,62122,1011,130,9,140,17,1137,6,6,6,6,6,NA,NA,NA,NA,14/05/2024 12:02,0
14/05/2024 13:00,WIND,492301,1,HCM,1,62122,1011,130,10,120,19,1158,6,6,6,6,6,NA,NA,NA,NA,14/05/2024 13:02,0
14/05/2024 14:00,WIND,492301,1,HCM,1,62122,1011,130,10,110,21,1316,6,6,6,6,6,NA,NA,NA,NA,14/05/2024 14:02,0
14/05/2024 15:00,WIND,492301,1,HCM,1,62122,1011,120,11,110,19,1414,6,6,6,6,6,NA,NA,NA,NA,14/05/2024 15:02,0
14/05/2024 16:00,WIND,492301,1,HCM,1,62122,1011,130,10,160,19,1513,6,6,6,6,6,NA,NA,NA,NA,14/05/2024 16:02,0
14/05/2024 17:00,WIND,492301,1,HCM,1,62122,1011,130,10,110,19,1646,6,6,6,6,6,NA,NA,NA,NA,14/05/2024 17:02,0
14/05/2024 18:00,WIND,492301,1,HCM,1,62122,1011,120,9,130,18,1656,6,6,6,6,6,NA,NA,NA,NA,14/05/2024 18:02,0
14/05/2024 19:00,WIND,492301,1,HCM,1,62122,1011,120,9,130,19,1800,6,6,6,6,6,NA,NA,NA,NA,14/05/2024 19:02,0
14/05/2024 20:00,WIND,492301,1,HCM,1,62122,1011,110,6,100,15,1903,6,6,6,6,6,NA,NA,NA,NA,14/05/2024 20:02,0
14/05/2024 21:00,WIND,492301,1,HCM,1,62122,1011,100,6,120,13,2047,6,6,6,6,6,NA,NA,NA,NA,14/05/2024 21:03,0
14/05/2024 22:00,WIND,492301,1,HCM,1,62122,1011,100,8,100,14,2116,6,6,6,6,6,NA,NA,NA,NA,14/05/2024 22:02,0
14/05/2024 23:00,WIND,492301,1,HCM,1,62122,1011,100,7,100,13,2233,6,6,6,6,6,NA,NA,NA,NA,14/05/2024 23:02,0
15/05/2024 00:00,WIND,492301,1,HCM,1,62122,1011,100,7,100,13,2253,6,6,6,6,6,NA,NA,NA,NA,15/05/2024 00:04,0
15/05/2024 01:00,WIND,492301,1,HCM,1,62122,1011,90,6,100,11,5,6,6,6,6,6,NA,NA,NA,NA,15/05/2024 01:02,0
15/05/2024 02:00,WIND,492301,1,HCM,1,62122,1011,90,6,100,10,126,6,6,6,6,6,NA,NA,NA,NA,15/05/2024 02:02,0
15/05/2024 03:00,WIND,492301,1,HCM,1,62122,1011,90,6,90,10,241,6,6,6,6,6,NA,NA,NA,NA,15/05/2024 03:02,0
15/05/2024 04:00,WIND,492301,1,HCM,1,62122,1011,90,6,90,9,253,6,6,6,6,6,NA,NA,NA,NA,15/05/2024 04:02,0
15/05/2024 05:00,WIND,492301,1,HCM,1,62122,1011,100,5,100,10,400,6,6,6,6,6,NA,NA,NA,NA,15/05/2024 05:02,0
15/05/2024 06:00,WIND,492301,1,HCM,1,62122,1011,90,4,110,9,546,6,6,6,6,6,NA,NA,NA,NA,15/05/2024 06:03,0
15/05/2024 07:00,WIND,492301,1,HCM,1,62122,1011,100,6,120,11,648,6,6,6,6,6,NA,NA,NA,NA,15/05/2024 07:02,0
15/05/2024 08:00,WIND,492301,1,HCM,1,62122,1011,100,9,110,16,744,6,6,6,6,6,NA,NA,NA,NA,15/05/2024 08:02,0
15/05/2024 09:00,WIND,492301,1,HCM,1,62122,1011,110,8,140,17,830,6,6,6,6,6,NA,NA,NA,NA,15/05/2024 09:04,0
15/05/2024 10:00,WIND,492301,1,HCM,1,62122,1011,100,7,120,13,914,6,6,6,6,6,NA,NA,NA,NA,15/05/2024 10:02,0
15/05/2024 11:00,WIND,492301,1,HCM,1,62122,1011,100,9,90,18,1009,6,6,6,6,6,NA,NA,NA,NA,15/05/2024 11:02,0
15/05/2024 12:00,WIND,492301,1,HCM,1,62122,1011,110,9,110,17,1134,6,6,6,6,6,NA,NA,NA,NA,15/05/2024 12:02,0
15/05/2024 13:00,WIND,492301,1,HCM,1,62122,1011,120,10,130,18,1200,6,6,6,6,6,NA,NA,NA,NA,15/05/2024 13:02,0
15/05/2024 14:00,WIND,492301,1,HCM,1,62122,1011,120,9,120,18,1257,6,6,6,6,6,NA,NA,NA,NA,15/05/2024 14:02,0
15/05/2024 15:00,WIND,492301,1,HCM,1,62122,1011,120,10,130,19,1401,6,6,6,6,6,NA,NA,NA,NA,15/05/2024 15:02,0
15/05/2024 16:00,WIND,492301,1,HCM,1,62122,1011,120,10,110,18,1457,6,6,6,6,6,NA,NA,NA,NA,15/05/2024 16:02,0
15/05/2024 17:00,WIND,492301,1,HCM,1,62122,1011,120,8,120,18,1558,6,6,6,6,6,NA,NA,NA,NA,15/05/2024 17:02,0
15/05/2024 18:00,WIND,492301,1,HCM,1,62122,1011,110,8,110,16,1705,6,6,6,6,6,NA,NA,NA,NA,15/05/2024 18:02,0
15/05/2024 19:00,WIND,492301,1,HCM,1,62122,1011,110,7,110,13,1753,6,6,6,6,6,NA,NA,NA,NA,15/05/2024 19:02,0
15/05/2024 20:00,WIND,492301,1,HCM,1,62122,1011,110,6,100,13,1855,6,6,6,6,6,NA,NA,NA,NA,15/05/2024 20:02,0
15/05/2024 21:00,WIND,492301,1,HCM,1,62122,1011,110,6,110,9,2020,6,6,6,6,6,NA,NA,NA,NA,15/05/2024 21:02,0
15/05/2024 22:00,WIND,492301,1,HCM,1,62122,1011,90,4,110,8,2053,6,6,6,6,6,NA,NA,NA,NA,15/05/2024 22:02,0
15/05/2024 23:00,WIND,492301,1,HCM,1,62122,1011,70,3,80,6,2153,6,6,6,6,6,NA,NA,NA,NA,15/05/2024 23:02,0
16/05/2024 00:00,WIND,492301,1,HCM,1,62122,1011,60,2,50,3,2310,6,6,6,6,6,NA,NA,NA,NA,16/05/2024 00:03,0
16/05/2024 01:00,WIND,492301,1,HCM,1,62122,1011,70,3,70,4,13,6,6,6,6,6,NA,NA,NA,NA,16/05/2024 01:02,0
16/05/2024 02:00,WIND,492301,1,HCM,1,62122,1011,50,2,340,4,147,6,6,6,6,6,NA,NA,NA,NA,16/05/2024 02:02,0
16/05/2024 03:00,WIND,492301,1,HCM,1,62122,1011,40,2,30,5,249,6,6,6,6,6,NA,NA,NA,NA,16/05/2024 03:02,0
16/05/2024 04:00,WIND,492301,1,HCM,1,62122,1011,40,3,50,6,320,6,6,6,6,6,NA,NA,NA,NA,16/05/2024 04:02,0
16/05/2024 05:00,WIND,492301,1,HCM,1,62122,1011,50,3,40,6,431,6,6,6,6,6,NA,NA,NA,NA,16/05/2024 05:02,0
16/05/2024 06:00,WIND,492301,1,HCM,1,62122,1011,70,3,90,6,545,6,6,6,6,6,NA,NA,NA,NA,16/05/2024 06:03,0
16/05/2024 07:00,WIND,492301,1,HCM,1,62122,1011,60,3,40,5,604,6,6,6,6,6,NA,NA,NA,NA,16/05/2024 07:02,0
16/05/2024 08:00,WIND,492301,1,HCM,1,62122,1011,50,4,60,7,718,6,6,6,6,6,NA,NA,NA,NA,16/05/2024 08:02,0
16/05/2024 09:00,WIND,492301,1,HCM,1,62122,1011,40,6,50,9,848,6,6,6,6,6,NA,NA,NA,NA,16/05/2024 09:03,0
16/05/2024 10:00,WIND,492301,1,HCM,1,62122,1011,30,6,20,10,946,6,6,6,6,6,NA,NA,NA,NA,16/05/2024 10:02,0
16/05/2024 11:00,WIND,492301,1,HCM,1,62122,1011,30,6,30,11,1024,6,6,6,6,6,NA,NA,NA,NA,16/05/2024 11:03,0
16/05/2024 12:00,WIND,492301,1,HCM,1,62122,1011,50,5,30,11,1112,6,6,6,6,6,NA,NA,NA,NA,16/05/2024 12:03,0
16/05/2024 13:00,WIND,492301,1,HCM,1,62122,1011,50,3,50,9,1247,6,6,6,6,6,NA,NA,NA,NA,16/05/2024 13:03,0
16/05/2024 14:00,WIND,492301,1,HCM,1,62122,1011,10,3,360,8,1341,6,6,6,6,6,NA,NA,NA,NA,16/05/2024 14:03,0
16/05/2024 15:00,WIND,492301,1,HCM,1,62122,1011,340,4,350,8,1430,6,6,6,6,6,NA,NA,NA,NA,16/05/2024 15:03,0
16/05/2024 16:00,WIND,492301,1,HCM,1,62122,1011,340,3,340,7,1512,6,6,6,6,6,NA,NA,NA,NA,16/05/2024 16:03,0
16/05/2024 17:00,WIND,492301,1,HCM,1,62122,1011,300,3,280,6,1617,6,6,6,6,6,NA,NA,NA,NA,16/05/2024 17:03,0
16/05/2024 18:00,WIND,492301,1,HCM,1,62122,1011,270,5,270,8,1700,6,6,6,6,6,NA,NA,NA,NA,16/05/2024 18:03,0
16/05/2024 19:00,WIND,492301,1,HCM,1,62122,1011,240,7,220,14,1824,6,6,6,6,6,NA,NA,NA,NA,16/05/2024 19:03,0
16/05/2024 20:00,WIND,492301,1,HCM,1,62122,1011,260,6,240,13,1900,6,6,6,6,6,NA,NA,NA,NA,16/05/2024 20:03,0
16/05/2024 21:00,WIND,492301,1,HCM,1,62122,1011,220,2,250,6,2000,6,6,6,6,6,NA,NA,NA,NA,16/05/2024 21:03,0
16/05/2024 22:00,WIND,492301,1,HCM,1,62122,1011,210,3,200,8,2104,6,6,6,6,6,NA,NA,NA,NA,16/05/2024 22:03,0
16/05/2024 23:00,WIND,492301,1,HCM,1,62122,1011,230,4,220,7,2213,6,6,6,6,6,NA,NA,NA,NA,16/05/2024 23:03,0
17/05/2024 00:00,WIND,492301,1,HCM,1,62122,1011,230,3,240,6,2256,6,6,6,6,6,NA,NA,NA,NA,17/05/2024 00:03,0
17/05/2024 01:00,WIND,492301,1,HCM,1,62122,1011,160,2,40,6,44,6,6,6,6,6,NA,NA,NA,NA,17/05/2024 01:03,0
17/05/2024 02:00,WIND,492301,1,HCM,1,62122,1011,120,2,150,5,141,6,6,6,6,6,NA,NA,NA,NA,17/05/2024 02:03,0
17/05/2024 03:00,WIND,492301,1,HCM,1,62122,1011,150,2,140,4,227,6,6,6,6,6,NA,NA,NA,NA,17/05/2024 03:03,0
17/05/2024 04:00,WIND,492301,1,HCM,1,62122,1011,160,1,160,3,250,6,6,6,6,6,NA,NA,NA,NA,17/05/2024 04:03,0
17/05/2024 05:00,WIND,492301,1,HCM,1,62122,1011,80,2,90,4,443,6,6,6,6,6,NA,NA,NA,NA,17/05/2024 05:03,0
17/05/2024 06:00,WIND,492301,1,HCM,1,62122,1011,90,2,100,4,516,6,6,6,6,6,NA,NA,NA,NA,17/05/2024 06:03,0
17/05/2024 07:00,WIND,492301,1,HCM,1,62122,1011,130,3,140,5,607,6,6,6,6,6,NA,NA,NA,NA,17/05/2024 07:03,0
17/05/2024 08:00,WIND,492301,1,HCM,1,62122,1011,10,2,90,5,656,6,6,6,6,6,NA,NA,NA,NA,17/05/2024 08:03,0
17/05/2024 09:00,WIND,492301,1,HCM,1,62122,1011,70,2,80,6,822,6,6,6,6,6,NA,NA,NA,NA,17/05/2024 09:03,0
17/05/2024 10:00,WIND,492301,1,HCM,1,62122,1011,70,3,30,8,939,6,6,6,6,6,NA,NA,NA,NA,17/05/2024 10:03,0
17/05/2024 11:00,WIND,492301,1,HCM,1,62122,1011,70,4,70,8,1030,6,6,6,6,6,NA,NA,NA,NA,17/05/2024 11:03,0
17/05/2024 12:00,WIND,492301,1,HCM,1,62122,1011,100,4,120,10,1119,6,6,6,6,6,NA,NA,NA,NA,17/05/2024 12:03,0
17/05/2024 13:00,WIND,492301,1,HCM,1,62122,1011,100,5,70,12,1242,6,6,6,6,6,NA,NA,NA,NA,17/05/2024 13:03,0
17/05/2024 14:00,WIND,492301,1,HCM,1,62122,1011,60,5,50,11,1254,6,6,6,6,6,NA,NA,NA,NA,17/05/2024 14:03,0
17/05/2024 15:00,WIND,492301,1,HCM,1,62122,1011,70,4,70,8,1350,6,6,6,6,6,NA,NA,NA,NA,17/05/2024 15:03,0
17/05/2024 16:00,WIND,492301,1,HCM,1,62122,1011,50,3,90,7,1516,6,6,6,6,6,NA,NA,NA,NA,17/05/2024 16:03,0
17/05/2024 17:00,WIND,492301,1,HCM,1,62122,1011,310,4,270,8,1627,6,6,6,6,6,NA,NA,NA,NA,17/05/2024 17:03,0
17/05/2024 18:00,WIND,492301,1,HCM,1,62122,1011,290,4,300,7,1715,6,6,6,6,6,NA,NA,NA,NA,17/05/2024 18:03,0
17/05/2024 19:00,WIND,492301,1,HCM,1,62122,1011,290,3,300,7,1833,6,6,6,6,6,NA,NA,NA,NA,17/05/2024 19:03,0
17/05/2024 20:00,WIND,492301,1,HCM,1,62122,1011,280,3,310,6,1912,6,6,6,6,6,NA,NA,NA,NA,17/05/2024 20:03,0
17/05/2024 21:00,WIND,492301,1,HCM,1,62122,1011,270,4,280,7,2019,6,6,6,6,6,NA,NA,NA,NA,17/05/2024 21:03,0
17/05/2024 22:00,WIND,492301,1,HCM,1,62122,1011,250,5,260,8,2115,6,6,6,6,6,NA,NA,NA,NA,17/05/2024 22:03,0
17/05/2024 23:00,WIND,492301,1,HCM,1,62122,1011,250,4,250,7,2159,6,6,6,6,6,NA,NA,NA,NA,17/05/2024 23:03,0
18/05/2024 00:00,WIND,492301,1,HCM,1,62122,1011,250,4,250,7,2300,6,6,6,6,6,NA,NA,NA,NA,18/05/2024 00:03,0
18/05/2024 01:00,WIND,492301,1,HCM,1,62122,1011,190,1,270,3,2350,6,6,6,6,6,NA,NA,NA,NA,18/05/2024 01:03,0
18/05/2024 02:00,WIND,492301,1,HCM,1,62122,1011,300,3,310,8,117,6,6,6,6,6,NA,NA,NA,NA,18/05/2024 02:03,0
18/05/2024 03:00,WIND,492301,1,HCM,1,62122,1011,330,3,340,6,206,6,6,6,6,6,NA,NA,NA,NA,18/05/2024 03:03,0
18/05/2024 04:00,WIND,492301,1,HCM,1,62122,1011,340,4,340,8,305,6,6,6,6,6,NA,NA,NA,NA,18/05/2024 04:03,0
18/05/2024 05:00,WIND,492301,1,HCM,1,62122,1011,360,3,350,6,443,6,6,6,6,6,NA,NA,NA,NA,18/05/2024 05:03,0
18/05/2024 06:00,WIND,492301,1,HCM,1,62122,1011,340,4,10,8,539,6,6,6,6,6,NA,NA,NA,NA,18/05/2024 06:03,0
18/05/2024 07:00,WIND,492301,1,HCM,1,62122,1011,350,6,350,10,610,6,6,6,6,6,NA,NA,NA,NA,18/05/2024 07:03,0
18/05/2024 08:00,WIND,492301,1,HCM,1,62122,1011,350,5,340,9,743,6,6,6,6,6,NA,NA,NA,NA,18/05/2024 08:03,0
18/05/2024 09:00,WIND,492301,1,HCM,1,62122,1011,360,6,360,10,807,6,6,6,6,6,NA,NA,NA,NA,18/05/2024 09:03,0
18/05/2024 10:00,WIND,492301,1,HCM,1,62122,1011,10,6,10,10,916,6,6,6,6,6,NA,NA,NA,NA,18/05/2024 10:03,0
18/05/2024 11:00,WIND,492301,1,HCM,1,62122,1011,350,5,20,9,1046,6,6,6,6,6,NA,NA,NA,NA,18/05/2024 11:03,0
18/05/2024 12:00,WIND,492301,1,HCM,1,62122,1011,360,7,20,12,1146,6,6,6,6,6,NA,NA,NA,NA,18/05/2024 12:03,0
18/05/2024 13:00,WIND,492301,1,HCM,1,62122,1011,10,8,20,15,1246,6,6,6,6,6,NA,NA,NA,NA,18/05/2024 13:03,0
18/05/2024 14:00,WIND,492301,1,HCM,1,62122,1011,20,9,20,15,1333,6,6,6,6,6,NA,NA,NA,NA,18/05/2024 14:03,0
18/05/2024 15:00,WIND,492301,1,HCM,1,62122,1011,30,9,50,15,1407,6,6,6,6,6,NA,NA,NA,NA,18/05/2024 15:03,0
18/05/2024 16:00,WIND,492301,1,HCM,1,62122,1011,30,7,40,13,1458,6,6,6,6,6,NA,NA,NA,NA,18/05/2024 16:03,0
18/05/2024 17:00,WIND,492301,1,HCM,1,62122,1011,20,5,360,9,1610,6,6,6,6,6,NA,NA,NA,NA,18/05/2024 17:03,0
18/05/2024 18:00,WIND,492301,1,HCM,1,62122,1011,60,6,70,11,1725,6,6,6,6,6,NA,NA,NA,NA,18/05/2024 18:03,0
18/05/2024 19:00,WIND,492301,1,HCM,1,62122,1011,50,4,60,7,1828,6,6,6,6,6,NA,NA,NA,NA,18/05/2024 19:03,0
18/05/2024 20:00,WIND,492301,1,HCM,1,62122,1011,10,4,50,8,1935,6,6,6,6,6,NA,NA,NA,NA,18/05/2024 20:03,0
18/05/2024 21:00,WIND,492301,1,HCM,1,62122,1011,30,5,20,8,2021,6,6,6,6,6,NA,NA,NA,NA,18/05/2024 21:03,0
18/05/2024 22:00,WIND,492301,1,HCM,1,62122,1011,50,5,40,13,2126,6,6,6,6,6,NA,NA,NA,NA,18/05/2024 22:03,0
18/05/2024 23:00,WIND,492301,1,HCM,1,62122,1011,60,2,30,6,2248,6,6,6,6,6,NA,NA,NA,NA,18/05/2024 23:03,0
19/05/2024 00:00,WIND,492301,1,HCM,1,62122,1011,30,4,10,8,2327,6,6,6,6,6,NA,NA,NA,NA,19/05/2024 00:03,0
19/05/2024 01:00,WIND,492301,1,HCM,1,62122,1011,40,3,30,6,37,6,6,6,6,6,NA,NA,NA,NA,19/05/2024 01:03,0
19/05/2024 02:00,WIND,492301,1,HCM,1,62122,1011,20,4,30,7,135,6,6,6,6,6,NA,NA,NA,NA,19/05/2024 02:03,0
19/05/2024 03:00,WIND,492301,1,HCM,1,62122,1011,30,5,30,9,234,6,6,6,6,6,NA,NA,NA,NA,19/05/2024 03:03,0
19/05/2024 04:00,WIND,492301,1,HCM,1,62122,1011,30,5,20,9,333,6,6,6,6,6,NA,NA,NA,NA,19/05/2024 04:03,0
19/05/2024 05:00,WIND,492301,1,HCM,1,62122,1011,350,5,10,9,418,6,6,6,6,6,NA,NA,NA,NA,19/05/2024 05:03,0
19/05/2024 06:00,WIND,492301,1,HCM,1,62122,1011,340,3,340,7,454,6,6,6,6,6,NA,NA,NA,NA,19/05/2024 06:03,0
19/05/2024 07:00,WIND,492301,1,HCM,1,62122,1011,360,4,350,10,638,6,6,6,6,6,NA,NA,NA,NA,19/05/2024 07:03,0
19/05/2024 08:00,WIND,492301,1,HCM,1,62122,1011,360,9,10,16,734,6,6,6,6,6,NA,NA,NA,NA,19/05/2024 08:03,0
19/05/2024 09:00,WIND,492301,1,HCM,1,62122,1011,20,8,360,15,825,6,6,6,6,6,NA,NA,NA,NA,19/05/2024 09:03,0
19/05/2024 10:00,WIND,492301,1,HCM,1,62122,1011,20,9,40,15,850,6,6,6,6,6,NA,NA,NA,NA,19/05/2024 10:03,0
19/05/2024 11:00,WIND,492301,1,HCM,1,62122,1011,20,8,50,15,955,6,6,6,6,6,NA,NA,NA,NA,19/05/2024 11:03,0
19/05/2024 12:00,WIND,492301,1,HCM,1,62122,1011,30,8,350,14,1050,6,6,6,6,6,NA,NA,NA,NA,19/05/2024 12:03,0
19/05/2024 13:00,WIND,492301,1,HCM,1,62122,1011,20,8,40,14,1228,6,6,6,6,6,NA,NA,NA,NA,19/05/2024 13:03,0
19/05/2024 14:00,WIND,492301,1,HCM,1,62122,1011,40,9,50,16,1312,6,6,6,6,6,NA,NA,NA,NA,19/05/2024 14:03,0
19/05/2024 15:00,WIND,492301,1,HCM,1,62122,1011,60,10,60,17,1425,6,6,6,6,6,NA,NA,NA,NA,19/05/2024 15:03,0
19/05/2024 16:00,WIND,492301,1,HCM,1,62122,1011,60,11,70,19,1510,6,6,6,6,6,NA,NA,NA,NA,19/05/2024 16:03,0
19/05/2024 17:00,WIND,492301,1,HCM,1,62122,1011,50,10,40,17,1601,6,6,6,6,6,NA,NA,NA,NA,19/05/2024 17:03,0
19/05/2024 18:00,WIND,492301,1,HCM,1,62122,1011,50,7,60,14,1657,6,6,6,6,6,NA,NA,NA,NA,19/05/2024 18:03,0
19/05/2024 19:00,WIND,492301,1,HCM,1,62122,1011,50,6,60,12,1803,6,6,6,6,6,NA,NA,NA,NA,19/05/2024 19:03,0
19/05/2024 20:00,WIND,492301,1,HCM,1,62122,1011,50,4,60,8,1853,6,6,6,6,6,NA,NA,NA,NA,19/05/2024 20:02,0
19/05/2024 21:00,WIND,492301,1,HCM,1,62122,1011,60,3,60,5,2019,6,6,6,6,6,NA,NA,NA,NA,19/05/2024 21:03,0
19/05/2024 22:00,WIND,492301,1,HCM,1,62122,1011,80,4,70,11,2129,6,6,6,6,6,NA,NA,NA,NA,19/05/2024 22:03,0
19/05/2024 23:00,WIND,492301,1,HCM,1,62122,1011,80,4,90,8,2217,6,6,6,6,6,NA,NA,NA,NA,19/05/2024 23:03,0
20/05/2024 00:00,WIND,492301,1,HCM,1,62122,1011,60,4,80,10,2259,6,6,6,6,6,NA,NA,NA,NA,20/05/2024 00:03,0
20/05/2024 01:00,WIND,492301,1,HCM,1,62122,1011,50,5,50,10,39,6,6,6,6,6,NA,NA,NA,NA,20/05/2024 01:03,0
20/05/2024 02:00,WIND,492301,1,HCM,1,62122,1011,60,6,60,12,120,6,6,6,6,6,NA,NA,NA,NA,20/05/2024 02:03,0
20/05/2024 03:00,WIND,492301,1,HCM,1,62122,1011,60,5,60,8,202,6,6,6,6,6,NA,NA,NA,NA,20/05/2024 03:03,0
20/05/2024 04:00,WIND,492301,1,HCM,1,62122,1011,30,2,10,7,342,6,6,6,6,6,NA,NA,NA,NA,20/05/2024 04:03,0
20/05/2024 05:00,WIND,492301,1,HCM,1,62122,1011,20,5,30,10,410,6,6,6,6,6,NA,NA,NA,NA,20/05/2024 05:03,0
20/05/2024 06:00,WIND,492301,1,HCM,1,62122,1011,20,7,10,13,517,6,6,6,6,6,NA,NA,NA,NA,20/05/2024 06:03,0
20/05/2024 07:00,WIND,492301,1,HCM,1,62122,1011,40,7,40,11,555,6,6,6,6,6,NA,NA,NA,NA,20/05/2024 07:03,0
20/05/2024 08:00,WIND,492301,1,HCM,1,62122,1011,20,6,20,10,708,6,6,6,6,6,NA,NA,NA,NA,20/05/2024 08:03,0
20/05/2024 09:00,WIND,492301,1,HCM,1,62122,1011,20,6,30,10,826,6,6,6,6,6,NA,NA,NA,NA,20/05/2024 09:03,0
20/05/2024 10:00,WIND,492301,1,HCM,1,62122,1011,40,6,60,12,918,6,6,6,6,6,NA,NA,NA,NA,20/05/2024 10:03,0
20/05/2024 11:00,WIND,492301,1,HCM,1,62122,1011,40,7,50,13,1045,6,6,6,6,6,NA,NA,NA,NA,20/05/2024 11:03,0
20/05/2024 12:00,WIND,492301,1,HCM,1,62122,1011,20,8,10,15,1135,6,6,6,6,6,NA,NA,NA,NA,20/05/2024 12:03,0
20/05/2024 13:00,WIND,492301,1,HCM,1,62122,1011,10,8,350,17,1228,6,6,6,6,6,NA,NA,NA,NA,20/05/2024 13:03,0
20/05/2024 14:00,WIND,492301,1,HCM,1,62122,1011,360,10,360,17,1336,6,6,6,6,6,NA,NA,NA,NA,20/05/2024 14:03,0
20/05/2024 15:00,WIND,492301,1,HCM,1,62122,1011,20,8,10,14,1424,6,6,6,6,6,NA,NA,NA,NA,20/05/2024 15:03,0
20/05/2024 16:00,WIND,492301,1,HCM,1,62122,1011,20,6,10,13,1519,6,6,6,6,6,NA,NA,NA,NA,20/05/2024 16:03,0
20/05/2024 17:00,WIND,492301,1,HCM,1,62122,1011,360,7,330,13,1610,6,6,6,6,6,NA,NA,NA,NA,20/05/2024 17:03,0
20/05/2024 18:00,WIND,492301,1,HCM,1,62122,1011,50,6,350,13,1659,6,6,6,6,6,NA,NA,NA,NA,20/05/2024 18:03,0
20/05/2024 19:00,WIND,492301,1,HCM,1,62122,1011,50,6,70,10,1758,6,6,6,6,6,NA,NA,NA,NA,20/05/2024 19:03,0
20/05/2024 20:00,WIND,492301,1,HCM,1,62122,1011,40,3,30,7,1852,6,6,6,6,6,NA,NA,NA,NA,20/05/2024 20:03,0
20/05/2024 21:00,WIND,492301,1,HCM,1,62122,1011,30,3,30,6,2031,6,6,6,6,6,NA,NA,NA,NA,20/05/2024 21:03,0
20/05/2024 22:00,WIND,492301,1,HCM,1,62122,1011,50,4,50,8,2135,6,6,6,6,6,NA,NA,NA,NA,20/05/2024 22:03,0
20/05/2024 23:00,WIND,492301,1,HCM,1,62122,1011,60,5,60,9,2231,6,6,6,6,6,NA,NA,NA,NA,20/05/2024 23:03,0
21/05/2024 00:00,WIND,492301,1,HCM,1,62122,1011,50,5,60,9,2253,6,6,6,6,6,NA,NA,NA,NA,21/05/2024 00:03,0
21/05/2024 01:00,WIND,492301,1,HCM,1,62122,1011,50,5,30,10,15,6,6,6,6,6,NA,NA,NA,NA,21/05/2024 01:03,0
21/05/2024 02:00,WIND,492301,1,HCM,1,62122,1011,60,3,50,6,100,6,6,6,6,6,NA,NA,NA,NA,21/05/2024 02:03,0
21/05/2024 03:00,WIND,492301,1,HCM,1,62122,1011,20,2,360,4,248,6,6,6,6,6,NA,NA,NA,NA,21/05/2024 03:03,0
21/05/2024 04:00,WIND,492301,1,HCM,1,62122,1011,360,3,340,5,320,6,6,6,6,6,NA,NA,NA,NA,21/05/2024 04:03,0
21/05/2024 05:00,WIND,492301,1,HCM,1,62122,1011,40,2,20,5,410,6,6,6,6,6,NA,NA,NA,NA,21/05/2024 05:03,0
21/05/2024 06:00,WIND,492301,1,HCM,1,62122,1011,20,5,30,9,547,6,6,6,6,6,NA,NA,NA,NA,21/05/2024 06:03,0
21/05/2024 07:00,WIND,492301,1,HCM,1,62122,1011,20,6,20,12,640,6,6,6,6,6,NA,NA,NA,NA,21/05/2024 07:03,0
21/05/2024 08:00,WIND,492301,1,HCM,1,62122,1011,10,7,30,12,731,6,6,6,6,6,NA,NA,NA,NA,21/05/2024 08:03,0
21/05/2024 09:00,WIND,492301,1,HCM,1,62122,1011,20,7,360,12,829,6,6,6,6,6,NA,NA,NA,NA,21/05/2024 09:03,0
21/05/2024 10:00,WIND,492301,1,HCM,1,62122,1011,30,7,40,13,908,6,6,6,6,6,NA,NA,NA,NA,21/05/2024 10:03,0
21/05/2024 11:00,WIND,492301,1,HCM,1,62122,1011,30,7,30,12,1026,6,6,6,6,6,NA,NA,NA,NA,21/05/2024 11:03,0
21/05/2024 12:00,WIND,492301,1,HCM,1,62122,1011,20,7,50,15,1117,6,6,6,6,6,NA,NA,NA,NA,21/05/2024 12:03,0
21/05/2024 13:00,WIND,492301,1,HCM,1,62122,1011,10,5,10,11,1150,6,6,6,6,6,NA,NA,NA,NA,21/05/2024 13:03,0
21/05/2024 14:00,WIND,492301,1,HCM,1,62122,1011,20,5,10,9,1311,6,6,6,6,6,NA,NA,NA,NA,21/05/2024 14:03,0
21/05/2024 15:00,WIND,492301,1,HCM,1,62122,1011,20,5,NA,10,1436,6,6,NA,6,6,NA,NA,NA,NA,21/05/2024 15:03,0
21/05/2024 16:00,WIND,492301,1,HCM,1,62122,1011,40,5,30,9,1534,6,6,6,6,6,NA,NA,NA,NA,21/05/2024 16:03,0
21/05/2024 17:00,WIND,492301,1,HCM,1,62122,1011,40,5,50,8,1600,6,6,6,6,6,NA,NA,NA,NA,21/05/2024 17:03,0
21/05/2024 18:00,WIND,492301,1,HCM,1,62122,1011,30,4,50,7,1654,6,6,6,6,6,NA,NA,NA,NA,21/05/2024 18:03,0
21/05/2024 19:00,WIND,492301,1,HCM,1,62122,1011,20,2,40,5,1827,6,6,6,6,6,NA,NA,NA,NA,21/05/2024 19:03,0
21/05/2024 20:00,WIND,492301,1,HCM,1,62122,1011,70,2,50,4,1852,6,6,6,6,6,NA,NA,NA,NA,21/05/2024 20:03,0
21/05/2024 21:00,WIND,492301,1,HCM,1,62122,1011,120,2,60,5,2012,6,6,6,6,6,NA,NA,NA,NA,21/05/2024 21:03,0
21/05/2024 22:00,WIND,492301,1,HCM,1,62122,1011,280,2,310,5,2111,6,6,6,6,6,NA,NA,NA,NA,21/05/2024 22:03,0
21/05/2024 23:00,WIND,492301,1,HCM,1,62122,1011,260,3,240,7,2225,6,6,6,6,6,NA,NA,NA,NA,21/05/2024 23:03,0
22/05/2024 00:00,WIND,492301,1,HCM,1,62122,1011,270,5,270,10,2324,6,6,6,6,6,NA,NA,NA,NA,22/05/2024 00:03,0
22/05/2024 01:00,WIND,492301,1,HCM,1,62122,1011,260,5,250,10,2351,6,6,6,6,6,NA,NA,NA,NA,22/05/2024 01:03,0
22/05/2024 02:00,WIND,492301,1,HCM,1,62122,1011,250,6,270,10,120,6,6,6,6,6,NA,NA,NA,NA,22/05/2024 02:03,0
22/05/2024 03:00,WIND,492301,1,HCM,1,62122,1011,250,7,240,12,220,6,6,6,6,6,NA,NA,NA,NA,22/05/2024 03:03,0
22/05/2024 04:00,WIND,492301,1,HCM,1,62122,1011,250,5,250,8,257,6,6,6,6,6,NA,NA,NA,NA,22/05/2024 04:03,0
22/05/2024 05:00,WIND,492301,1,HCM,1,62122,1011,250,5,260,9,448,6,6,6,6,6,NA,NA,NA,NA,22/05/2024 05:03,0
22/05/2024 06:00,WIND,492301,1,HCM,1,62122,1011,250,5,260,10,501,6,6,6,6,6,NA,NA,NA,NA,22/05/2024 06:03,0
22/05/2024 07:00,WIND,492301,1,HCM,1,62122,1011,250,6,240,11,645,6,6,6,6,6,NA,NA,NA,NA,22/05/2024 07:03,0
22/05/2024 08:00,WIND,492301,1,HCM,1,62122,1011,250,6,260,10,715,6,6,6,6,6,NA,NA,NA,NA,22/05/2024 08:07,0
22/05/2024 09:00,WIND,492301,1,HCM,1,62122,1011,250,7,230,12,831,6,6,6,6,6,NA,NA,NA,NA,22/05/2024 09:03,0
22/05/2024 10:00,WIND,492301,1,HCM,1,62122,1011,240,8,260,14,945,6,6,6,6,6,NA,NA,NA,NA,22/05/2024 10:03,0
22/05/2024 11:00,WIND,492301,1,HCM,1,62122,1011,250,8,240,14,1014,6,6,6,6,6,NA,NA,NA,NA,22/05/2024 11:03,0
22/05/2024 12:00,WIND,492301,1,HCM,1,62122,1011,240,8,250,14,1137,6,6,6,6,6,NA,NA,NA,NA,22/05/2024 12:03,0
22/05/2024 13:00,WIND,492301,1,HCM,1,62122,1011,250,8,250,17,1230,6,6,6,6,6,NA,NA,NA,NA,22/05/2024 13:03,0
22/05/2024 14:00,WIND,492301,1,HCM,1,62122,1011,250,10,250,17,1325,6,6,6,6,6,NA,NA,NA,NA,22/05/2024 14:03,0
22/05/2024 15:00,WIND,492301,1,HCM,1,62122,1011,260,9,250,16,1432,6,6,6,6,6,NA,NA,NA,NA,22/05/2024 15:03,0
22/05/2024 16:00,WIND,492301,1,HCM,1,62122,1011,260,10,260,18,1549,6,6,6,6,6,NA,NA,NA,NA,22/05/2024 16:03,0
22/05/2024 17:00,WIND,492301,1,HCM,1,62122,1011,250,10,250,17,1554,6,6,6,6,6,NA,NA,NA,NA,22/05/2024 17:03,0
22/05/2024 18:00,WIND,492301,1,HCM,1,62122,1011,250,10,260,18,1655,6,6,6,6,6,NA,NA,NA,NA,22/05/2024 18:03,0
22/05/2024 19:00,WIND,492301,1,HCM,1,62122,1011,250,9,260,16,1823,6,6,6,6,6,NA,NA,NA,NA,22/05/2024 19:03,0
22/05/2024 20:00,WIND,492301,1,HCM,1,62122,1011,250,10,250,18,1921,6,6,6,6,6,NA,NA,NA,NA,22/05/2024 20:03,0
22/05/2024 21:00,WIND,492301,1,HCM,1,62122,1011,250,11,250,20,2025,6,6,6,6,6,NA,NA,NA,NA,22/05/2024 21:03,0
22/05/2024 22:00,WIND,492301,1,HCM,1,62122,1011,240,10,240,19,2050,6,6,6,6,6,NA,NA,NA,NA,22/05/2024 22:03,0
22/05/2024 23:00,WIND,492301,1,HCM,1,62122,1011,240,10,240,17,2232,6,6,6,6,6,NA,NA,NA,NA,22/05/2024 23:03,0
23/05/2024 00:00,WIND,492301,1,HCM,1,62122,1011,250,11,240,19,2334,6,6,6,6,6,NA,NA,NA,NA,23/05/2024 00:04,0
23/05/2024 01:00,WIND,492301,1,HCM,1,62122,1011,250,10,260,17,2356,6,6,6,6,6,NA,NA,NA,NA,23/05/2024 01:03,0
23/05/2024 02:00,WIND,492301,1,HCM,1,62122,1011,250,11,240,20,124,6,6,6,6,6,NA,NA,NA,NA,23/05/2024 02:03,0
23/05/2024 03:00,WIND,492301,1,HCM,1,62122,1011,250,8,250,17,155,6,6,6,6,6,NA,NA,NA,NA,23/05/2024 03:03,0
23/05/2024 04:00,WIND,492301,1,HCM,1,62122,1011,250,8,240,15,312,6,6,6,6,6,NA,NA,NA,NA,23/05/2024 04:03,0
23/05/2024 05:00,WIND,492301,1,HCM,1,62122,1011,250,8,260,14,406,6,6,6,6,6,NA,NA,NA,NA,23/05/2024 05:03,0
23/05/2024 06:00,WIND,492301,1,HCM,1,62122,1011,260,8,260,14,515,6,6,6,6,6,NA,NA,NA,NA,23/05/2024 06:03,0
23/05/2024 07:00,WIND,492301,1,HCM,1,62122,1011,260,8,260,14,638,6,6,6,6,6,NA,NA,NA,NA,23/05/2024 07:03,0
23/05/2024 08:00,WIND,492301,1,HCM,1,62122,1011,260,8,250,15,720,6,6,6,6,6,NA,NA,NA,NA,23/05/2024 08:03,0
23/05/2024 09:00,WIND,492301,1,HCM,1,62122,1011,250,9,240,16,849,6,6,6,6,6,NA,NA,NA,NA,23/05/2024 09:03,0
23/05/2024 10:00,WIND,492301,1,HCM,1,62122,1011,250,9,250,17,941,6,6,6,6,6,NA,NA,NA,NA,23/05/2024 10:03,0
23/05/2024 11:00,WIND,492301,1,HCM,1,62122,1011,250,11,250,18,1037,6,6,6,6,6,NA,NA,NA,NA,23/05/2024 11:03,0
23/05/2024 12:00,WIND,492301,1,HCM,1,62122,1011,250,10,240,16,1050,6,6,6,6,6,NA,NA,NA,NA,23/05/2024 12:03,0
23/05/2024 13:00,WIND,492301,1,HCM,1,62122,1011,250,9,260,18,1159,6,6,6,6,6,NA,NA,NA,NA,23/05/2024 13:03,0
23/05/2024 14:00,WIND,492301,1,HCM,1,62122,1011,260,10,240,18,1257,6,6,6,6,6,NA,NA,NA,NA,23/05/2024 14:03,0
23/05/2024 15:00,WIND,492301,1,HCM,1,62122,1011,260,9,260,18,1440,6,6,6,6,6,NA,NA,NA,NA,23/05/2024 15:03,0
23/05/2024 16:00,WIND,492301,1,HCM,1,62122,1011,260,10,250,17,1512,6,6,6,6,6,NA,NA,NA,NA,23/05/2024 16:03,0
23/05/2024 17:00,WIND,492301,1,HCM,1,62122,1011,260,8,280,15,1553,6,6,6,6,6,NA,NA,NA,NA,23/05/2024 17:03,0
23/05/2024 18:00,WIND,492301,1,HCM,1,62122,1011,270,7,270,13,1749,6,6,6,6,6,NA,NA,NA,NA,23/05/2024 18:03,0
23/05/2024 19:00,WIND,492301,1,HCM,1,62122,1011,270,6,270,11,1816,6,6,6,6,6,NA,NA,NA,NA,23/05/2024 19:03,0
23/05/2024 20:00,WIND,492301,1,HCM,1,62122,1011,260,6,280,12,1854,6,6,6,6,6,NA,NA,NA,NA,23/05/2024 20:03,0
23/05/2024 21:00,WIND,492301,1,HCM,1,62122,1011,260,5,260,9,2011,6,6,6,6,6,NA,NA,NA,NA,23/05/2024 21:03,0
23/05/2024 22:00,WIND,492301,1,HCM,1,62122,1011,260,5,270,10,2127,6,6,6,6,6,NA,NA,NA,NA,23/05/2024 22:03,0
23/05/2024 23:00,WIND,492301,1,HCM,1,62122,1011,260,4,270,7,2227,6,6,6,6,6,NA,NA,NA,NA,23/05/2024 23:03,0
24/05/2024 00:00,WIND,492301,1,HCM,1,62122,1011,250,4,260,6,2340,6,6,6,6,6,NA,NA,NA,NA,24/05/2024 00:03,0
24/05/2024 01:00,WIND,492301,1,HCM,1,62122,1011,260,3,270,6,21,6,6,6,6,6,NA,NA,NA,NA,24/05/2024 01:03,0
24/05/2024 02:00,WIND,492301,1,HCM,1,62122,1011,250,4,240,8,126,6,6,6,6,6,NA,NA,NA,NA,24/05/2024 02:03,0
24/05/2024 03:00,WIND,492301,1,HCM,1,62122,1011,250,3,250,6,150,6,6,6,6,6,NA,NA,NA,NA,24/05/2024 03:03,0
24/05/2024 04:00,WIND,492301,1,HCM,1,62122,1011,230,3,230,5,349,6,6,6,6,6,NA,NA,NA,NA,24/05/2024 04:03,0
24/05/2024 05:00,WIND,492301,1,HCM,1,62122,1011,230,3,230,5,353,6,6,6,6,6,NA,NA,NA,NA,24/05/2024 05:03,0
24/05/2024 06:00,WIND,492301,1,HCM,1,62122,1011,260,3,230,5,458,6,6,6,6,6,NA,NA,NA,NA,24/05/2024 06:04,0
24/05/2024 07:00,WIND,492301,1,HCM,1,62122,1011,250,1,180,5,649,6,6,6,6,6,NA,NA,NA,NA,24/05/2024 07:03,0
24/05/2024 08:00,WIND,492301,1,HCM,1,62122,1011,200,3,230,5,743,6,6,6,6,6,NA,NA,NA,NA,24/05/2024 08:03,0
24/05/2024 09:00,WIND,492301,1,HCM,1,62122,1011,230,3,220,7,847,6,6,6,6,6,NA,NA,NA,NA,24/05/2024 09:03,0
24/05/2024 10:00,WIND,492301,1,HCM,1,62122,1011,240,4,250,9,914,6,6,6,6,6,NA,NA,NA,NA,24/05/2024 10:03,0
24/05/2024 11:00,WIND,492301,1,HCM,1,62122,1011,270,4,270,7,1033,6,6,6,6,6,NA,NA,NA,NA,24/05/2024 11:03,0
24/05/2024 12:00,WIND,492301,1,HCM,1,62122,1011,270,3,290,7,1110,6,6,6,6,6,NA,NA,NA,NA,24/05/2024 12:03,0
24/05/2024 13:00,WIND,492301,1,HCM,1,62122,1011,250,4,240,12,1243,6,6,6,6,6,NA,NA,NA,NA,24/05/2024 13:03,0
24/05/2024 14:00,WIND,492301,1,HCM,1,62122,1011,240,6,230,10,1313,6,6,6,6,6,NA,NA,NA,NA,24/05/2024 14:03,0
24/05/2024 15:00,WIND,492301,1,HCM,1,62122,1011,240,6,250,11,1422,6,6,6,6,6,NA,NA,NA,NA,24/05/2024 15:03,0
24/05/2024 16:00,WIND,492301,1,HCM,1,62122,1011,240,6,260,15,1518,6,6,6,6,6,NA,NA,NA,NA,24/05/2024 16:03,0
24/05/2024 17:00,WIND,492301,1,HCM,1,62122,1011,250,8,260,13,1624,6,6,6,6,6,NA,NA,NA,NA,24/05/2024 17:08,0
24/05/2024 18:00,WIND,492301,1,HCM,1,62122,1011,240,7,240,13,1739,6,6,6,6,6,NA,NA,NA,NA,24/05/2024 18:03,0
24/05/2024 19:00,WIND,492301,1,HCM,1,62122,1011,230,7,260,11,1801,6,6,6,6,6,NA,NA,NA,NA,24/05/2024 19:03,0
24/05/2024 20:00,WIND,492301,1,HCM,1,62122,1011,230,5,230,8,1930,6,6,6,6,6,NA,NA,NA,NA,24/05/2024 20:03,0
24/05/2024 21:00,WIND,492301,1,HCM,1,62122,1011,220,4,210,8,2012,6,6,6,6,6,NA,NA,NA,NA,24/05/2024 21:03,0
24/05/2024 22:00,WIND,492301,1,HCM,1,62122,1011,240,4,240,7,2056,6,6,6,6,6,NA,NA,NA,NA,24/05/2024 22:03,0
24/05/2024 23:00,WIND,492301,1,HCM,1,62122,1011,230,1,210,4,2151,6,6,6,6,6,NA,NA,NA,NA,24/05/2024 23:03,0
25/05/2024 00:00,WIND,492301,1,HCM,1,62122,1011,250,2,250,4,2302,6,6,6,6,6,NA,NA,NA,NA,25/05/2024 00:04,0
25/05/2024 01:00,WIND,492301,1,HCM,1,62122,1011,70,1,60,4,44,6,6,6,6,6,NA,NA,NA,NA,25/05/2024 01:03,0
25/05/2024 02:00,WIND,492301,1,HCM,1,62122,1011,50,1,50,7,127,6,6,6,6,6,NA,NA,NA,NA,25/05/2024 02:03,0
25/05/2024 03:00,WIND,492301,1,HCM,1,62122,1011,80,2,80,4,233,6,6,6,6,6,NA,NA,NA,NA,25/05/2024 03:03,0
25/05/2024 04:00,WIND,492301,1,HCM,1,62122,1011,80,1,70,3,258,6,6,6,6,6,NA,NA,NA,NA,25/05/2024 04:03,0
25/05/2024 05:00,WIND,492301,1,HCM,1,62122,1011,90,1,70,3,439,6,6,6,6,6,NA,NA,NA,NA,25/05/2024 05:03,0
25/05/2024 06:00,WIND,492301,1,HCM,1,62122,1011,80,2,100,4,512,6,6,6,6,6,NA,NA,NA,NA,25/05/2024 06:03,0
25/05/2024 07:00,WIND,492301,1,HCM,1,62122,1011,70,2,50,4,625,6,6,6,6,6,NA,NA,NA,NA,25/05/2024 07:03,0
25/05/2024 08:00,WIND,492301,1,HCM,1,62122,1011,300,2,280,5,728,6,6,6,6,6,NA,NA,NA,NA,25/05/2024 08:03,0
25/05/2024 09:00,WIND,492301,1,HCM,1,62122,1011,30,3,70,8,806,6,6,6,6,6,NA,NA,NA,NA,25/05/2024 09:03,0
25/05/2024 10:00,WIND,492301,1,HCM,1,62122,1011,340,3,280,7,947,6,6,6,6,6,NA,NA,NA,NA,25/05/2024 10:03,0
25/05/2024 11:00,WIND,492301,1,HCM,1,62122,1011,310,4,100,10,1044,6,6,6,6,6,NA,NA,NA,NA,25/05/2024 11:03,0
25/05/2024 12:00,WIND,492301,1,HCM,1,62122,1011,100,6,70,11,1121,6,6,6,6,6,NA,NA,NA,NA,25/05/2024 12:03,0
25/05/2024 13:00,WIND,492301,1,HCM,1,62122,1011,120,6,90,13,1217,6,6,6,6,6,NA,NA,NA,NA,25/05/2024 13:03,0
25/05/2024 14:00,WIND,492301,1,HCM,1,62122,1011,120,8,100,14,1327,6,6,6,6,6,NA,NA,NA,NA,25/05/2024 14:03,0
25/05/2024 15:00,WIND,492301,1,HCM,1,62122,1011,130,7,140,13,1401,6,6,6,6,6,NA,NA,NA,NA,25/05/2024 15:03,0
25/05/2024 16:00,WIND,492301,1,HCM,1,62122,1011,170,7,180,15,1510,6,6,6,6,6,NA,NA,NA,NA,25/05/2024 16:03,0
25/05/2024 17:00,WIND,492301,1,HCM,1,62122,1011,180,7,140,13,1612,6,6,6,6,6,NA,NA,NA,NA,25/05/2024 17:03,0
25/05/2024 18:00,WIND,492301,1,HCM,1,62122,1011,170,7,160,13,1745,6,6,6,6,6,NA,NA,NA,NA,25/05/2024 18:03,0
25/05/2024 19:00,WIND,492301,1,HCM,1,62122,1011,160,6,150,12,1815,6,6,6,6,6,NA,NA,NA,NA,25/05/2024 19:03,0
25/05/2024 20:00,WIND,492301,1,HCM,1,62122,1011,170,6,210,14,1945,6,6,6,6,6,NA,NA,NA,NA,25/05/2024 20:03,0
25/05/2024 21:00,WIND,492301,1,HCM,1,62122,1011,170,5,170,14,1950,6,6,6,6,6,NA,NA,NA,NA,25/05/2024 21:03,0
25/05/2024 22:00,WIND,492301,1,HCM,1,62122,1011,130,4,130,6,2146,6,6,6,6,6,NA,NA,NA,NA,25/05/2024 22:03,0
25/05/2024 23:00,WIND,492301,1,HCM,1,62122,1011,130,4,140,8,2209,6,6,6,6,6,NA,NA,NA,NA,25/05/2024 23:03,0
26/05/2024 00:00,WIND,492301,1,HCM,1,62122,1011,100,5,110,9,2303,6,6,6,6,6,NA,NA,NA,NA,26/05/2024 00:03,0
26/05/2024 01:00,WIND,492301,1,HCM,1,62122,1011,90,5,100,9,48,6,6,6,6,6,NA,NA,NA,NA,26/05/2024 01:03,0
26/05/2024 02:00,WIND,492301,1,HCM,1,62122,1011,90,5,90,10,52,6,6,6,6,6,NA,NA,NA,NA,26/05/2024 02:03,0
26/05/2024 03:00,WIND,492301,1,HCM,1,62122,1011,90,5,100,8,214,6,6,6,6,6,NA,NA,NA,NA,26/05/2024 03:03,0
26/05/2024 04:00,WIND,492301,1,HCM,1,62122,1011,100,6,110,12,331,6,6,6,6,6,NA,NA,NA,NA,26/05/2024 04:03,0
26/05/2024 05:00,WIND,492301,1,HCM,1,62122,1011,120,6,110,13,413,6,6,6,6,6,NA,NA,NA,NA,26/05/2024 05:03,0
26/05/2024 06:00,WIND,492301,1,HCM,1,62122,1011,130,5,130,10,510,6,6,6,6,6,NA,NA,NA,NA,26/05/2024 06:04,0
26/05/2024 07:00,WIND,492301,1,HCM,1,62122,1011,170,5,210,10,642,6,6,6,6,6,NA,NA,NA,NA,26/05/2024 07:03,0
26/05/2024 08:00,WIND,492301,1,HCM,1,62122,1011,210,8,200,14,708,6,6,6,6,6,NA,NA,NA,NA,26/05/2024 08:03,0
26/05/2024 09:00,WIND,492301,1,HCM,1,62122,1011,220,8,180,17,849,6,6,6,6,6,NA,NA,NA,NA,26/05/2024 09:03,0
26/05/2024 10:00,WIND,492301,1,HCM,1,62122,1011,220,9,250,17,948,6,6,6,6,6,NA,NA,NA,NA,26/05/2024 10:03,0
26/05/2024 11:00,WIND,492301,1,HCM,1,62122,1011,230,10,240,18,1043,6,6,6,6,6,NA,NA,NA,NA,26/05/2024 11:03,0
26/05/2024 12:00,WIND,492301,1,HCM,1,62122,1011,250,9,260,17,1051,6,6,6,6,6,NA,NA,NA,NA,26/05/2024 12:03,0
26/05/2024 13:00,WIND,492301,1,HCM,1,62122,1011,230,8,250,15,1211,6,6,6,6,6,NA,NA,NA,NA,26/05/2024 13:03,0
26/05/2024 14:00,WIND,492301,1,HCM,1,62122,1011,220,6,240,14,1349,6,6,6,6,6,NA,NA,NA,NA,26/05/2024 14:03,0
26/05/2024 15:00,WIND,492301,1,HCM,1,62122,1011,230,9,240,17,1353,6,6,6,6,6,NA,NA,NA,NA,26/05/2024 15:03,0
26/05/2024 16:00,WIND,492301,1,HCM,1,62122,1011,220,10,250,24,1547,6,6,6,6,6,NA,NA,NA,NA,26/05/2024 16:03,0
26/05/2024 17:00,WIND,492301,1,HCM,1,62122,1011,240,13,250,23,1552,6,6,6,6,6,NA,NA,NA,NA,26/05/2024 17:03,0
26/05/2024 18:00,WIND,492301,1,HCM,1,62122,1011,240,13,260,22,1737,6,6,6,6,6,NA,NA,NA,NA,26/05/2024 18:03,0
26/05/2024 19:00,WIND,492301,1,HCM,1,62122,1011,240,12,250,20,1751,6,6,6,6,6,NA,NA,NA,NA,26/05/2024 19:03,0
26/05/2024 20:00,WIND,492301,1,HCM,1,62122,1011,240,11,240,19,1940,6,6,6,6,6,NA,NA,NA,NA,26/05/2024 20:03,0
26/05/2024 21:00,WIND,492301,1,HCM,1,62122,1011,240,10,200,18,2031,6,6,6,6,6,NA,NA,NA,NA,26/05/2024 21:03,0
26/05/2024 22:00,WIND,492301,1,HCM,1,62122,1011,240,10,250,20,2056,6,6,6,6,6,NA,NA,NA,NA,26/05/2024 22:03,0
26/05/2024 23:00,WIND,492301,1,HCM,1,62122,1011,220,8,220,14,2215,6,6,6,6,6,NA,NA,NA,NA,26/05/2024 23:03,0
27/05/2024 00:00,WIND,492301,1,HCM,1,62122,1011,210,7,190,13,2327,6,6,6,6,6,NA,NA,NA,NA,27/05/2024 00:03,0
27/05/2024 01:00,WIND,492301,1,HCM,1,62122,1011,210,8,200,15,36,6,6,6,6,6,NA,NA,NA,NA,27/05/2024 01:03,0
27/05/2024 02:00,WIND,492301,1,HCM,1,62122,1011,210,7,210,16,53,6,6,6,6,6,NA,NA,NA,NA,27/05/2024 02:03,0
27/05/2024 03:00,WIND,492301,1,HCM,1,62122,1011,210,7,200,13,248,6,6,6,6,6,NA,NA,NA,NA,27/05/2024 03:03,0
27/05/2024 04:00,WIND,492301,1,HCM,1,62122,1011,210,8,220,18,342,6,6,6,6,6,NA,NA,NA,NA,27/05/2024 04:03,0
27/05/2024 05:00,WIND,492301,1,HCM,1,62122,1011,210,7,220,13,352,6,6,6,6,6,NA,NA,NA,NA,27/05/2024 05:03,0
27/05/2024 06:00,WIND,492301,1,HCM,1,62122,1011,210,6,200,12,543,6,6,6,6,6,NA,NA,NA,NA,27/05/2024 06:04,0
27/05/2024 07:00,WIND,492301,1,HCM,1,62122,1011,220,7,210,16,609,6,6,6,6,6,NA,NA,NA,NA,27/05/2024 07:03,0
27/05/2024 08:00,WIND,492301,1,HCM,1,62122,1011,220,8,210,15,749,6,6,6,6,6,NA,NA,NA,NA,27/05/2024 08:03,0
27/05/2024 09:00,WIND,492301,1,HCM,1,62122,1011,230,10,240,17,823,6,6,6,6,6,NA,NA,NA,NA,27/05/2024 09:03,0
27/05/2024 10:00,WIND,492301,1,HCM,1,62122,1011,240,11,260,19,908,6,6,6,6,6,NA,NA,NA,NA,27/05/2024 10:03,0
27/05/2024 11:00,WIND,492301,1,HCM,1,62122,1011,230,11,250,20,952,6,6,6,6,6,NA,NA,NA,NA,27/05/2024 11:03,0
27/05/2024 12:00,WIND,492301,1,HCM,1,62122,1011,230,12,240,21,1143,6,6,6,6,6,NA,NA,NA,NA,27/05/2024 12:03,0
27/05/2024 13:00,WIND,492301,1,HCM,1,62122,1011,240,11,240,19,1237,6,6,6,6,6,NA,NA,NA,NA,27/05/2024 13:03,0
27/05/2024 14:00,WIND,492301,1,HCM,1,62122,1011,240,12,250,19,1337,6,6,6,6,6,NA,NA,NA,NA,27/05/2024 14:03,0
27/05/2024 15:00,WIND,492301,1,HCM,1,62122,1011,240,13,240,23,1416,6,6,6,6,6,NA,NA,NA,NA,27/05/2024 15:03,0
27/05/2024 16:00,WIND,492301,1,HCM,1,62122,1011,240,12,210,22,1504,6,6,6,6,6,NA,NA,NA,NA,27/05/2024 16:03,0
27/05/2024 17:00,WIND,492301,1,HCM,1,62122,1011,240,11,230,21,1557,6,6,6,6,6,NA,NA,NA,NA,27/05/2024 17:03,0
27/05/2024 18:00,WIND,492301,1,HCM,1,62122,1011,260,10,260,18,1653,6,6,6,6,6,NA,NA,NA,NA,27/05/2024 18:03,0
27/05/2024 19:00,WIND,492301,1,HCM,1,62122,1011,240,10,240,17,1754,6,6,6,6,6,NA,NA,NA,NA,27/05/2024 19:03,0
27/05/2024 20:00,WIND,492301,1,HCM,1,62122,1011,240,5,230,12,1850,6,6,6,6,6,NA,NA,NA,NA,27/05/2024 20:03,0
27/05/2024 21:00,WIND,492301,1,HCM,1,62122,1011,200,3,180,6,2039,6,6,6,6,6,NA,NA,NA,NA,27/05/2024 21:03,0
27/05/2024 22:00,WIND,492301,1,HCM,1,62122,1011,160,3,180,7,2102,6,6,6,6,6,NA,NA,NA,NA,27/05/2024 22:03,0
27/05/2024 23:00,WIND,492301,1,HCM,1,62122,1011,130,3,150,6,2209,6,6,6,6,6,NA,NA,NA,NA,27/05/2024 23:03,0
28/05/2024 00:00,WIND,492301,1,HCM,1,62122,1011,150,4,180,8,2338,6,6,6,6,6,NA,NA,NA,NA,28/05/2024 00:03,0
28/05/2024 01:00,WIND,492301,1,HCM,1,62122,1011,130,4,130,8,41,6,6,6,6,6,NA,NA,NA,NA,28/05/2024 01:03,0
28/05/2024 02:00,WIND,492301,1,HCM,1,62122,1011,150,6,160,13,136,6,6,6,6,6,NA,NA,NA,NA,28/05/2024 02:03,0
28/05/2024 03:00,WIND,492301,1,HCM,1,62122,1011,150,8,150,16,207,6,6,6,6,6,NA,NA,NA,NA,28/05/2024 03:03,0
28/05/2024 04:00,WIND,492301,1,HCM,1,62122,1011,140,7,120,14,347,6,6,6,6,6,NA,NA,NA,NA,28/05/2024 04:03,0
28/05/2024 05:00,WIND,492301,1,HCM,1,62122,1011,140,7,150,13,426,6,6,6,6,6,NA,NA,NA,NA,28/05/2024 05:07,0
28/05/2024 06:00,WIND,492301,1,HCM,1,62122,1011,150,6,160,12,451,6,6,6,6,6,NA,NA,NA,NA,28/05/2024 06:04,0
28/05/2024 07:00,WIND,492301,1,HCM,1,62122,1011,150,5,140,9,636,6,6,6,6,6,NA,NA,NA,NA,28/05/2024 07:03,0
28/05/2024 08:00,WIND,492301,1,HCM,1,62122,1011,180,6,190,12,744,6,6,6,6,6,NA,NA,NA,NA,28/05/2024 08:03,0
28/05/2024 09:00,WIND,492301,1,HCM,1,62122,1011,190,7,200,12,757,6,6,6,6,6,NA,NA,NA,NA,28/05/2024 09:03,0
28/05/2024 10:00,WIND,492301,1,HCM,1,62122,1011,210,10,210,19,941,6,6,6,6,6,NA,NA,NA,NA,28/05/2024 10:03,0
28/05/2024 11:00,WIND,492301,1,HCM,1,62122,1011,230,9,230,19,959,6,6,6,6,6,NA,NA,NA,NA,28/05/2024 11:03,0
28/05/2024 12:00,WIND,492301,1,HCM,1,62122,1011,220,8,180,19,1129,6,6,6,6,6,NA,NA,NA,NA,28/05/2024 12:03,0
28/05/2024 13:00,WIND,492301,1,HCM,1,62122,1011,230,10,250,20,1241,6,6,6,6,6,NA,NA,NA,NA,28/05/2024 13:03,0
28/05/2024 14:00,WIND,492301,1,HCM,1,62122,1011,230,10,250,20,1301,6,6,6,6,6,NA,NA,NA,NA,28/05/2024 14:03,0
28/05/2024 15:00,WIND,492301,1,HCM,1,62122,1011,230,11,250,20,1440,6,6,6,6,6,NA,NA,NA,NA,28/05/2024 15:03,0
28/05/2024 16:00,WIND,492301,1,HCM,1,62122,1011,240,10,250,17,1459,6,6,6,6,6,NA,NA,NA,NA,28/05/2024 16:03,0
28/05/2024 17:00,WIND,492301,1,HCM,1,62122,1011,230,9,250,18,1620,6,6,6,6,6,NA,NA,NA,NA,28/05/2024 17:03,0
28/05/2024 18:00,WIND,492301,1,HCM,1,62122,1011,240,11,250,21,1701,6,6,6,6,6,NA,NA,NA,NA,28/05/2024 18:03,0
28/05/2024 19:00,WIND,492301,1,HCM,1,62122,1011,240,11,240,21,1842,6,6,6,6,6,NA,NA,NA,NA,28/05/2024 19:03,0
28/05/2024 20:00,WIND,492301,1,HCM,1,62122,1011,230,12,230,22,1909,6,6,6,6,6,NA,NA,NA,NA,28/05/2024 20:03,0
28/05/2024 21:00,WIND,492301,1,HCM,1,62122,1011,240,14,220,26,2008,6,6,6,6,6,NA,NA,NA,NA,28/05/2024 21:03,0
28/05/2024 22:00,WIND,492301,1,HCM,1,62122,1011,240,13,250,22,2147,6,6,6,6,6,NA,NA,NA,NA,28/05/2024 22:03,0
28/05/2024 23:00,WIND,492301,1,HCM,1,62122,1011,240,11,240,21,2150,6,6,6,6,6,NA,NA,NA,NA,28/05/2024 23:03,0
29/05/2024 00:00,WIND,492301,1,HCM,1,62122,1011,230,11,240,22,2316,6,6,6,6,6,NA,NA,NA,NA,29/05/2024 00:03,0
29/05/2024 01:00,WIND,492301,1,HCM,1,62122,1011,230,10,210,21,21,6,6,6,6,6,NA,NA,NA,NA,29/05/2024 01:03,0
29/05/2024 02:00,WIND,492301,1,HCM,1,62122,1011,240,11,250,20,121,6,6,6,6,6,NA,NA,NA,NA,29/05/2024 02:03,0
29/05/2024 03:00,WIND,492301,1,HCM,1,62122,1011,250,11,240,20,211,6,6,6,6,6,NA,NA,NA,NA,29/05/2024 03:03,0
29/05/2024 04:00,WIND,492301,1,HCM,1,62122,1011,250,9,230,17,255,6,6,6,6,6,NA,NA,NA,NA,29/05/2024 04:03,0
29/05/2024 05:00,WIND,492301,1,HCM,1,62122,1011,240,7,230,13,449,6,6,6,6,6,NA,NA,NA,NA,29/05/2024 05:03,0
29/05/2024 06:00,WIND,492301,1,HCM,1,62122,1011,240,8,230,14,529,6,6,6,6,6,NA,NA,NA,NA,29/05/2024 06:03,0
29/05/2024 07:00,WIND,492301,1,HCM,1,62122,1011,240,9,260,17,608,6,6,6,6,6,NA,NA,NA,NA,29/05/2024 07:03,0
29/05/2024 08:00,WIND,492301,1,HCM,1,62122,1011,250,9,250,17,656,6,6,6,6,6,NA,NA,NA,NA,29/05/2024 08:03,0
29/05/2024 09:00,WIND,492301,1,HCM,1,62122,1011,240,8,230,14,844,6,6,6,6,6,NA,NA,NA,NA,29/05/2024 09:03,0
29/05/2024 10:00,WIND,492301,1,HCM,1,62122,1011,230,10,220,17,921,6,6,6,6,6,NA,NA,NA,NA,29/05/2024 10:03,0
29/05/2024 11:00,WIND,492301,1,HCM,1,62122,1011,240,10,250,17,958,6,6,6,6,6,NA,NA,NA,NA,29/05/2024 11:03,0
29/05/2024 12:00,WIND,492301,1,HCM,1,62122,1011,240,11,240,20,1141,6,6,6,6,6,NA,NA,NA,NA,29/05/2024 12:03,0
29/05/2024 13:00,WIND,492301,1,HCM,1,62122,1011,240,11,240,19,1153,6,6,6,6,6,NA,NA,NA,NA,29/05/2024 13:03,0
29/05/2024 14:00,WIND,492301,1,HCM,1,62122,1011,250,10,240,17,1344,6,6,6,6,6,NA,NA,NA,NA,29/05/2024 14:03,0
29/05/2024 15:00,WIND,492301,1,HCM,1,62122,1011,250,10,260,17,1439,6,6,6,6,6,NA,NA,NA,NA,29/05/2024 15:03,0
29/05/2024 16:00,WIND,492301,1,HCM,1,62122,1011,250,10,270,18,1500,6,6,6,6,6,NA,NA,NA,NA,29/05/2024 16:03,0
29/05/2024 17:00,WIND,492301,1,HCM,1,62122,1011,260,8,280,16,1625,6,6,6,6,6,NA,NA,NA,NA,29/05/2024 17:03,0
29/05/2024 18:00,WIND,492301,1,HCM,1,62122,1011,250,6,230,11,1738,6,6,6,6,6,NA,NA,NA,NA,29/05/2024 18:03,0
29/05/2024 19:00,WIND,492301,1,HCM,1,62122,1011,250,9,250,14,1839,6,6,6,6,6,NA,NA,NA,NA,29/05/2024 19:03,0
29/05/2024 20:00,WIND,492301,1,HCM,1,62122,1011,250,7,260,13,1853,6,6,6,6,6,NA,NA,NA,NA,29/05/2024 20:03,0
29/05/2024 21:00,WIND,492301,1,HCM,1,62122,1011,280,5,270,11,1956,6,6,6,6,6,NA,NA,NA,NA,29/05/2024 21:03,0
29/05/2024 22:00,WIND,492301,1,HCM,1,62122,1011,280,4,280,8,2059,6,6,6,6,6,NA,NA,NA,NA,29/05/2024 22:03,0
29/05/2024 23:00,WIND,492301,1,HCM,1,62122,1011,290,4,280,9,2150,6,6,6,6,6,NA,NA,NA,NA,29/05/2024 23:03,0
30/05/2024 00:00,WIND,492301,1,HCM,1,62122,1011,270,3,310,7,2347,6,6,6,6,6,NA,NA,NA,NA,30/05/2024 00:03,0
30/05/2024 01:00,WIND,492301,1,HCM,1,62122,1011,260,4,270,11,42,6,6,6,6,6,NA,NA,NA,NA,30/05/2024 01:03,0
30/05/2024 02:00,WIND,492301,1,HCM,1,62122,1011,250,4,280,10,149,6,6,6,6,6,NA,NA,NA,NA,30/05/2024 02:03,0
30/05/2024 03:00,WIND,492301,1,HCM,1,62122,1011,260,5,260,11,150,6,6,6,6,6,NA,NA,NA,NA,30/05/2024 03:03,0
30/05/2024 04:00,WIND,492301,1,HCM,1,62122,1011,260,5,250,11,309,6,6,6,6,6,NA,NA,NA,NA,30/05/2024 04:03,0
30/05/2024 05:00,WIND,492301,1,HCM,1,62122,1011,250,5,260,9,411,6,6,6,6,6,NA,NA,NA,NA,30/05/2024 05:03,0
30/05/2024 06:00,WIND,492301,1,HCM,1,62122,1011,250,5,270,9,542,6,6,6,6,6,NA,NA,NA,NA,30/05/2024 06:03,0
30/05/2024 07:00,WIND,492301,1,HCM,1,62122,1011,260,5,290,8,557,6,6,6,6,6,NA,NA,NA,NA,30/05/2024 07:03,0
30/05/2024 08:00,WIND,492301,1,HCM,1,62122,1011,280,7,290,13,749,6,6,6,6,6,NA,NA,NA,NA,30/05/2024 08:03,0
30/05/2024 09:00,WIND,492301,1,HCM,1,62122,1011,290,7,280,14,842,6,6,6,6,6,NA,NA,NA,NA,30/05/2024 09:04,0
30/05/2024 10:00,WIND,492301,1,HCM,1,62122,1011,310,8,310,18,929,6,6,6,6,6,NA,NA,NA,NA,30/05/2024 10:03,0
30/05/2024 11:00,WIND,492301,1,HCM,1,62122,1011,310,8,340,17,1048,6,6,6,6,6,NA,NA,NA,NA,30/05/2024 11:03,0
30/05/2024 12:00,WIND,492301,1,HCM,1,62122,1011,330,10,310,19,1137,6,6,6,6,6,NA,NA,NA,NA,30/05/2024 12:03,0
30/05/2024 13:00,WIND,492301,1,HCM,1,62122,1011,330,10,340,18,1206,6,6,6,6,6,NA,NA,NA,NA,30/05/2024 13:03,0
30/05/2024 14:00,WIND,492301,1,HCM,1,62122,1011,320,9,310,17,1300,6,6,6,6,6,NA,NA,NA,NA,30/05/2024 14:03,0
30/05/2024 15:00,WIND,492301,1,HCM,1,62122,1011,320,7,340,13,1439,6,6,6,6,6,NA,NA,NA,NA,30/05/2024 15:03,0
30/05/2024 16:00,WIND,492301,1,HCM,1,62122,1011,320,9,330,18,1458,6,6,6,6,6,NA,NA,NA,NA,30/05/2024 16:03,0
30/05/2024 17:00,WIND,492301,1,HCM,1,62122,1011,300,8,300,17,1552,6,6,6,6,6,NA,NA,NA,NA,30/05/2024 17:03,0
30/05/2024 18:00,WIND,492301,1,HCM,1,62122,1011,320,8,330,16,1658,6,6,6,6,6,NA,NA,NA,NA,30/05/2024 18:03,0
30/05/2024 19:00,WIND,492301,1,HCM,1,62122,1011,310,7,320,16,1807,6,6,6,6,6,NA,NA,NA,NA,30/05/2024 19:02,0
30/05/2024 20:00,WIND,492301,1,HCM,1,62122,1011,310,7,310,13,1947,6,6,6,6,6,NA,NA,NA,NA,30/05/2024 20:03,0
30/05/2024 21:00,WIND,492301,1,HCM,1,62122,1011,310,5,320,12,1953,6,6,6,6,6,NA,NA,NA,NA,30/05/2024 21:03,0
30/05/2024 22:00,WIND,492301,1,HCM,1,62122,1011,290,4,300,7,2143,6,6,6,6,6,NA,NA,NA,NA,30/05/2024 22:03,0
30/05/2024 23:00,WIND,492301,1,HCM,1,62122,1011,310,5,330,9,2247,6,6,6,6,6,NA,NA,NA,NA,30/05/2024 23:03,0
31/05/2024 00:00,WIND,492301,1,HCM,1,62122,1011,340,5,340,9,2250,6,6,6,6,6,NA,NA,NA,NA,31/05/2024 00:03,0
31/05/2024 01:00,WIND,492301,1,HCM,1,62122,1011,300,4,320,9,35,6,6,6,6,6,NA,NA,NA,NA,31/05/2024 01:02,0
31/05/2024 02:00,WIND,492301,1,HCM,1,62122,1011,320,6,330,11,109,6,6,6,6,6,NA,NA,NA,NA,31/05/2024 02:03,0
31/05/2024 03:00,WIND,492301,1,HCM,1,62122,1011,320,5,340,10,211,6,6,6,6,6,NA,NA,NA,NA,31/05/2024 03:03,0
31/05/2024 04:00,WIND,492301,1,HCM,1,62122,1011,340,5,350,10,312,6,6,6,6,6,NA,NA,NA,NA,31/05/2024 04:03,0
31/05/2024 05:00,WIND,492301,1,HCM,1,62122,1011,330,6,330,12,350,6,6,6,6,6,NA,NA,NA,NA,31/05/2024 05:02,0
31/05/2024 06:00,WIND,492301,1,HCM,1,62122,1011,330,8,340,15,504,6,6,6,6,6,NA,NA,NA,NA,31/05/2024 06:03,0
31/05/2024 07:00,WIND,492301,1,HCM,1,62122,1011,320,8,330,15,626,6,6,6,6,6,NA,NA,NA,NA,31/05/2024 07:03,0
31/05/2024 08:00,WIND,492301,1,HCM,1,62122,1011,330,9,320,16,727,6,6,6,6,6,NA,NA,NA,NA,31/05/2024 08:03,0
31/05/2024 09:00,WIND,492301,1,HCM,1,62122,1011,330,9,320,18,833,6,6,6,6,6,NA,NA,NA,NA,31/05/2024 09:03,0
31/05/2024 10:00,WIND,492301,1,HCM,1,62122,1011,340,10,320,18,858,6,6,6,6,6,NA,NA,NA,NA,31/05/2024 10:03,0
31/05/2024 11:00,WIND,492301,1,HCM,1,62122,1011,350,11,350,24,956,6,6,6,6,6,NA,NA,NA,NA,31/05/2024 11:03,0
31/05/2024 12:00,WIND,492301,1,HCM,1,62122,1011,350,11,350,19,1116,6,6,6,6,6,NA,NA,NA,NA,31/05/2024 12:03,0
31/05/2024 13:00,WIND,492301,1,HCM,1,62122,1011,350,10,340,19,1200,6,6,6,6,6,NA,NA,NA,NA,31/05/2024 13:03,0
31/05/2024 14:00,WIND,492301,1,HCM,1,62122,1011,360,11,360,20,1332,6,6,6,6,6,NA,NA,NA,NA,31/05/2024 14:03,0
31/05/2024 15:00,WIND,492301,1,HCM,1,62122,1011,360,11,330,20,1419,6,6,6,6,6,NA,NA,NA,NA,31/05/2024 15:03,0
31/05/2024 16:00,WIND,492301,1,HCM,1,62122,1011,10,9,10,17,1533,6,6,6,6,6,NA,NA,NA,NA,31/05/2024 16:03,0
31/05/2024 17:00,WIND,492301,1,HCM,1,62122,1011,360,8,20,15,1611,6,6,6,6,6,NA,NA,NA,NA,31/05/2024 17:03,0
31/05/2024 18:00,WIND,492301,1,HCM,1,62122,1011,10,9,350,15,1717,6,6,6,6,6,NA,NA,NA,NA,31/05/2024 18:03,0
31/05/2024 19:00,WIND,492301,1,HCM,1,62122,1011,10,7,10,13,1816,6,6,6,6,6,NA,NA,NA,NA,31/05/2024 19:03,0
31/05/2024 20:00,WIND,492301,1,HCM,1,62122,1011,10,5,350,11,1859,6,6,6,6,6,NA,NA,NA,NA,31/05/2024 20:03,0
31/05/2024 21:00,WIND,492301,1,HCM,1,62122,1011,360,3,10,9,1950,6,6,6,6,6,NA,NA,NA,NA,31/05/2024 21:03,0
31/05/2024 22:00,WIND,492301,1,HCM,1,62122,1011,30,4,20,7,2110,6,6,6,6,6,NA,NA,NA,NA,31/05/2024 22:03,0
31/05/2024 23:00,WIND,492301,1,HCM,1,62122,1011,40,3,30,7,2208,6,6,6,6,6,NA,NA,NA,NA,31/05/2024 23:03,0
01/06/2024 00:00,WIND,492301,1,HCM,1,62122,1011,360,4,350,7,2329,6,6,6,6,6,NA,NA,NA,NA,01/06/2024 00:03,0
01/06/2024 01:00,WIND,492301,1,HCM,1,62122,1011,350,5,350,9,47,6,6,6,6,6,NA,NA,NA,NA,01/06/2024 01:03,0
01/06/2024 02:00,WIND,492301,1,HCM,1,62122,1011,340,5,340,9,109,6,6,6,6,6,NA,NA,NA,NA,01/06/2024 02:03,0
01/06/2024 03:00,WIND,492301,1,HCM,1,62122,1011,340,5,350,8,156,6,6,6,6,6,NA,NA,NA,NA,01/06/2024 03:03,0
01/06/2024 04:00,WIND,492301,1,HCM,1,62122,1011,330,4,340,7,315,6,6,6,6,6,NA,NA,NA,NA,01/06/2024 04:03,0
01/06/2024 05:00,WIND,492301,1,HCM,1,62122,1011,350,2,360,5,419,6,6,6,6,6,NA,NA,NA,NA,01/06/2024 05:03,0
01/06/2024 06:00,WIND,492301,1,HCM,1,62122,1011,360,2,20,6,538,6,6,6,6,6,NA,NA,NA,NA,01/06/2024 06:04,0
01/06/2024 07:00,WIND,492301,1,HCM,1,62122,1011,10,5,30,10,635,6,6,6,6,6,NA,NA,NA,NA,01/06/2024 07:03,0
01/06/2024 08:00,WIND,492301,1,HCM,1,62122,1011,360,8,340,15,745,6,6,6,6,6,NA,NA,NA,NA,01/06/2024 08:03,0
01/06/2024 09:00,WIND,492301,1,HCM,1,62122,1011,10,9,360,15,800,6,6,6,6,6,NA,NA,NA,NA,01/06/2024 09:03,0
01/06/2024 10:00,WIND,492301,1,HCM,1,62122,1011,20,9,40,15,943,6,6,6,6,6,NA,NA,NA,NA,01/06/2024 10:03,0
01/06/2024 11:00,WIND,492301,1,HCM,1,62122,1011,30,8,30,16,1039,6,6,6,6,6,NA,NA,NA,NA,01/06/2024 11:03,0
01/06/2024 12:00,WIND,492301,1,HCM,1,62122,1011,20,8,10,16,1129,6,6,6,6,6,NA,NA,NA,NA,01/06/2024 12:03,0
01/06/2024 13:00,WIND,492301,1,HCM,1,62122,1011,360,9,360,14,1150,6,6,6,6,6,NA,NA,NA,NA,01/06/2024 13:03,0
01/06/2024 14:00,WIND,492301,1,HCM,1,62122,1011,360,9,20,15,1304,6,6,6,6,6,NA,NA,NA,NA,01/06/2024 14:03,0
01/06/2024 15:00,WIND,492301,1,HCM,1,62122,1011,360,7,360,15,1431,6,6,6,6,6,NA,NA,NA,NA,01/06/2024 15:03,0
01/06/2024 16:00,WIND,492301,1,HCM,1,62122,1011,360,7,350,12,1502,6,6,6,6,6,NA,NA,NA,NA,01/06/2024 16:03,0
01/06/2024 17:00,WIND,492301,1,HCM,1,62122,1011,10,7,360,13,1639,6,6,6,6,6,NA,NA,NA,NA,01/06/2024 17:07,0
01/06/2024 18:00,WIND,492301,1,HCM,1,62122,1011,10,8,10,15,1712,6,6,6,6,6,NA,NA,NA,NA,01/06/2024 18:03,0
01/06/2024 19:00,WIND,492301,1,HCM,1,62122,1011,10,7,360,11,1750,6,6,6,6,6,NA,NA,NA,NA,01/06/2024 19:03,0
01/06/2024 20:00,WIND,492301,1,HCM,1,62122,1011,360,6,350,10,1916,6,6,6,6,6,NA,NA,NA,NA,01/06/2024 20:03,0
01/06/2024 21:00,WIND,492301,1,HCM,1,62122,1011,10,4,10,6,2000,6,6,6,6,6,NA,NA,NA,NA,01/06/2024 21:03,0
01/06/2024 22:00,WIND,492301,1,HCM,1,62122,1011,10,3,360,6,2050,6,6,6,6,6,NA,NA,NA,NA,01/06/2024 22:03,0
01/06/2024 23:00,WIND,492301,1,HCM,1,62122,1011,20,3,80,6,2246,6,6,6,6,6,NA,NA,NA,NA,01/06/2024 23:03,0
02/06/2024 00:00,WIND,492301,1,HCM,1,62122,1011,70,4,70,8,2254,6,6,6,6,6,NA,NA,NA,NA,02/06/2024 00:04,0
02/06/2024 01:00,WIND,492301,1,HCM,1,62122,1011,50,3,70,5,2352,6,6,6,6,6,NA,NA,NA,NA,02/06/2024 01:03,0
02/06/2024 02:00,WIND,492301,1,HCM,1,62122,1011,20,2,360,3,148,6,6,6,6,6,NA,NA,NA,NA,02/06/2024 02:03,0
02/06/2024 03:00,WIND,492301,1,HCM,1,62122,1011,350,3,350,5,234,6,6,6,6,6,NA,NA,NA,NA,02/06/2024 03:03,0
02/06/2024 04:00,WIND,492301,1,HCM,1,62122,1011,330,3,360,7,310,6,6,6,6,6,NA,NA,NA,NA,02/06/2024 04:03,0
02/06/2024 05:00,WIND,492301,1,HCM,1,62122,1011,320,3,310,5,449,6,6,6,6,6,NA,NA,NA,NA,02/06/2024 05:03,0
02/06/2024 06:00,WIND,492301,1,HCM,1,62122,1011,340,4,10,7,544,6,6,6,6,6,NA,NA,NA,NA,02/06/2024 06:03,0
02/06/2024 07:00,WIND,492301,1,HCM,1,62122,1011,350,4,340,8,641,6,6,6,6,6,NA,NA,NA,NA,02/06/2024 07:03,0
02/06/2024 08:00,WIND,492301,1,HCM,1,62122,1011,360,5,350,9,743,6,6,6,6,6,NA,NA,NA,NA,02/06/2024 08:03,0
02/06/2024 09:00,WIND,492301,1,HCM,1,62122,1011,20,7,40,13,829,6,6,6,6,6,NA,NA,NA,NA,02/06/2024 09:03,0
02/06/2024 10:00,WIND,492301,1,HCM,1,62122,1011,360,5,350,10,920,6,6,6,6,6,NA,NA,NA,NA,02/06/2024 10:03,0
02/06/2024 11:00,WIND,492301,1,HCM,1,62122,1011,330,5,310,11,1049,6,6,6,6,6,NA,NA,NA,NA,02/06/2024 11:03,0
02/06/2024 12:00,WIND,492301,1,HCM,1,62122,1011,320,6,320,13,1110,6,6,6,6,6,NA,NA,NA,NA,02/06/2024 12:03,0
02/06/2024 13:00,WIND,492301,1,HCM,1,62122,1011,310,5,280,11,1234,6,6,6,6,6,NA,NA,NA,NA,02/06/2024 13:03,0
02/06/2024 14:00,WIND,492301,1,HCM,1,62122,1011,270,5,300,12,1341,6,6,6,6,6,NA,NA,NA,NA,02/06/2024 14:03,0
02/06/2024 15:00,WIND,492301,1,HCM,1,62122,1011,270,6,280,11,1440,6,6,6,6,6,NA,NA,NA,NA,02/06/2024 15:03,0
02/06/2024 16:00,WIND,492301,1,HCM,1,62122,1011,240,8,230,14,1531,6,6,6,6,6,NA,NA,NA,NA,02/06/2024 16:03,0
02/06/2024 17:00,WIND,492301,1,HCM,1,62122,1011,240,7,220,12,1611,6,6,6,6,6,NA,NA,NA,NA,02/06/2024 17:03,0
02/06/2024 18:00,WIND,492301,1,HCM,1,62122,1011,260,6,250,11,1704,6,6,6,6,6,NA,NA,NA,NA,02/06/2024 18:03,0
02/06/2024 19:00,WIND,492301,1,HCM,1,62122,1011,290,6,290,12,1831,6,6,6,6,6,NA,NA,NA,NA,02/06/2024 19:03,0
02/06/2024 20:00,WIND,492301,1,HCM,1,62122,1011,290,4,280,8,1850,6,6,6,6,6,NA,NA,NA,NA,02/06/2024 20:03,0
02/06/2024 21:00,WIND,492301,1,HCM,1,62122,1011,300,3,320,7,1959,6,6,6,6,6,NA,NA,NA,NA,02/06/2024 21:03,0
02/06/2024 22:00,WIND,492301,1,HCM,1,62122,1011,340,4,30,8,2146,6,6,6,6,6,NA,NA,NA,NA,02/06/2024 22:03,0
02/06/2024 23:00,WIND,492301,1,HCM,1,62122,1011,10,5,10,9,2150,6,6,6,6,6,NA,NA,NA,NA,02/06/2024 23:03,0
03/06/2024 00:00,WIND,492301,1,HCM,1,62122,1011,10,2,10,6,2252,6,6,6,6,6,NA,NA,NA,NA,03/06/2024 00:03,0
03/06/2024 01:00,WIND,492301,1,HCM,1,62122,1011,350,3,360,7,1,6,6,6,6,6,NA,NA,NA,NA,03/06/2024 01:03,0
03/06/2024 02:00,WIND,492301,1,HCM,1,62122,1011,310,2,340,3,57,6,6,6,6,6,NA,NA,NA,NA,03/06/2024 02:03,0
03/06/2024 03:00,WIND,492301,1,HCM,1,62122,1011,260,3,250,4,248,6,6,6,6,6,NA,NA,NA,NA,03/06/2024 03:03,0
03/06/2024 04:00,WIND,492301,1,HCM,1,62122,1011,260,3,310,5,324,6,6,6,6,6,NA,NA,NA,NA,03/06/2024 04:03,0
03/06/2024 05:00,WIND,492301,1,HCM,1,62122,1011,270,3,280,6,413,6,6,6,6,6,NA,NA,NA,NA,03/06/2024 05:03,0
03/06/2024 06:00,WIND,492301,1,HCM,1,62122,1011,280,4,300,7,547,6,6,6,6,6,NA,NA,NA,NA,03/06/2024 06:04,0
03/06/2024 07:00,WIND,492301,1,HCM,1,62122,1011,280,5,280,8,617,6,6,6,6,6,NA,NA,NA,NA,03/06/2024 07:03,0
03/06/2024 08:00,WIND,492301,1,HCM,1,62122,1011,290,4,280,7,748,6,6,6,6,6,NA,NA,NA,NA,03/06/2024 08:03,0
03/06/2024 09:00,WIND,492301,1,HCM,1,62122,1011,280,4,270,8,826,6,6,6,6,6,NA,NA,NA,NA,03/06/2024 09:04,0
03/06/2024 10:00,WIND,492301,1,HCM,1,62122,1011,270,4,310,9,937,6,6,6,6,6,NA,NA,NA,NA,03/06/2024 10:03,0
03/06/2024 11:00,WIND,492301,1,HCM,1,62122,1011,280,5,270,8,1041,6,6,6,6,6,NA,NA,NA,NA,03/06/2024 11:03,0
03/06/2024 12:00,WIND,492301,1,HCM,1,62122,1011,320,4,330,10,1121,6,6,6,6,6,NA,NA,NA,NA,03/06/2024 12:03,0
03/06/2024 13:00,WIND,492301,1,HCM,1,62122,1011,300,4,310,10,1239,6,6,6,6,6,NA,NA,NA,NA,03/06/2024 13:03,0
03/06/2024 14:00,WIND,492301,1,HCM,1,62122,1011,290,3,230,8,1346,6,6,6,6,6,NA,NA,NA,NA,03/06/2024 14:03,0
03/06/2024 15:00,WIND,492301,1,HCM,1,62122,1011,280,5,240,11,1445,6,6,6,6,6,NA,NA,NA,NA,03/06/2024 15:03,0
03/06/2024 16:00,WIND,492301,1,HCM,1,62122,1011,270,6,240,11,1548,6,6,6,6,6,NA,NA,NA,NA,03/06/2024 16:03,0
03/06/2024 17:00,WIND,492301,1,HCM,1,62122,1011,250,8,250,14,1639,6,6,6,6,6,NA,NA,NA,NA,03/06/2024 17:03,0
03/06/2024 18:00,WIND,492301,1,HCM,1,62122,1011,240,8,250,14,1740,6,6,6,6,6,NA,NA,NA,NA,03/06/2024 18:03,0
03/06/2024 19:00,WIND,492301,1,HCM,1,62122,1011,240,7,250,14,1754,6,6,6,6,6,NA,NA,NA,NA,03/06/2024 19:03,0
03/06/2024 20:00,WIND,492301,1,HCM,1,62122,1011,240,6,230,10,1859,6,6,6,6,6,NA,NA,NA,NA,03/06/2024 20:03,0
03/06/2024 21:00,WIND,492301,1,HCM,1,62122,1011,240,5,250,11,1958,6,6,6,6,6,NA,NA,NA,NA,03/06/2024 21:03,0
03/06/2024 22:00,WIND,492301,1,HCM,1,62122,1011,250,4,240,7,2111,6,6,6,6,6,NA,NA,NA,NA,03/06/2024 22:03,0
03/06/2024 23:00,WIND,492301,1,HCM,1,62122,1011,270,3,270,5,2155,6,6,6,6,6,NA,NA,NA,NA,03/06/2024 23:03,0
04/06/2024 00:00,WIND,492301,1,HCM,1,62122,1011,260,4,250,6,2338,6,6,6,6,6,NA,NA,NA,NA,04/06/2024 00:03,0
04/06/2024 01:00,WIND,492301,1,HCM,1,62122,1011,230,3,240,6,48,6,6,6,6,6,NA,NA,NA,NA,04/06/2024 01:03,0
04/06/2024 02:00,WIND,492301,1,HCM,1,62122,1011,230,5,230,9,143,6,6,6,6,6,NA,NA,NA,NA,04/06/2024 02:03,0
04/06/2024 03:00,WIND,492301,1,HCM,1,62122,1011,240,7,250,12,225,6,6,6,6,6,NA,NA,NA,NA,04/06/2024 03:03,0
04/06/2024 04:00,WIND,492301,1,HCM,1,62122,1011,250,7,230,12,256,6,6,6,6,6,NA,NA,NA,NA,04/06/2024 04:03,0
04/06/2024 05:00,WIND,492301,1,HCM,1,62122,1011,250,5,250,10,409,6,6,6,6,6,NA,NA,NA,NA,04/06/2024 05:02,0
04/06/2024 06:00,WIND,492301,1,HCM,1,62122,1011,250,6,240,12,529,6,6,6,6,6,NA,NA,NA,NA,04/06/2024 06:03,0
04/06/2024 07:00,WIND,492301,1,HCM,1,62122,1011,240,6,230,11,553,6,6,6,6,6,NA,NA,NA,NA,04/06/2024 07:03,0
04/06/2024 08:00,WIND,492301,1,HCM,1,62122,1011,240,7,230,13,734,6,6,6,6,6,NA,NA,NA,NA,04/06/2024 08:03,0
04/06/2024 09:00,WIND,492301,1,HCM,1,62122,1011,240,9,250,15,831,6,6,6,6,6,NA,NA,NA,NA,04/06/2024 09:03,0
04/06/2024 10:00,WIND,492301,1,HCM,1,62122,1011,230,7,240,13,933,6,6,6,6,6,NA,NA,NA,NA,04/06/2024 10:03,0
04/06/2024 11:00,WIND,492301,1,HCM,1,62122,1011,230,12,230,22,1045,6,6,6,6,6,NA,NA,NA,NA,04/06/2024 11:03,0
04/06/2024 12:00,WIND,492301,1,HCM,1,62122,1011,240,13,250,22,1100,6,6,6,6,6,NA,NA,NA,NA,04/06/2024 12:03,0
04/06/2024 13:00,WIND,492301,1,HCM,1,62122,1011,240,12,250,22,1222,6,6,6,6,6,NA,NA,NA,NA,04/06/2024 13:03,0
04/06/2024 14:00,WIND,492301,1,HCM,1,62122,1011,240,14,230,27,1335,6,6,6,6,6,NA,NA,NA,NA,04/06/2024 14:03,0
04/06/2024 15:00,WIND,492301,1,HCM,1,62122,1011,240,14,240,24,1355,6,6,6,6,6,NA,NA,NA,NA,04/06/2024 15:03,0
04/06/2024 16:00,WIND,492301,1,HCM,1,62122,1011,240,14,250,25,1450,6,6,6,6,6,NA,NA,NA,NA,04/06/2024 16:03,0
04/06/2024 17:00,WIND,492301,1,HCM,1,62122,1011,240,13,240,25,1552,6,6,6,6,6,NA,NA,NA,NA,04/06/2024 17:02,0
04/06/2024 18:00,WIND,492301,1,HCM,1,62122,1011,240,13,250,23,1744,6,6,6,6,6,NA,NA,NA,NA,04/06/2024 18:03,0
04/06/2024 19:00,WIND,492301,1,HCM,1,62122,1011,240,13,260,25,1803,6,6,6,6,6,NA,NA,NA,NA,04/06/2024 19:03,0
04/06/2024 20:00,WIND,492301,1,HCM,1,62122,1011,250,4,280,18,1857,6,6,6,6,6,NA,NA,NA,NA,04/06/2024 20:03,0
04/06/2024 21:00,WIND,492301,1,HCM,1,62122,1011,270,3,290,7,2018,6,6,6,6,6,NA,NA,NA,NA,04/06/2024 21:03,0
04/06/2024 22:00,WIND,492301,1,HCM,1,62122,1011,290,3,280,9,2118,6,6,6,6,6,NA,NA,NA,NA,04/06/2024 22:03,0
04/06/2024 23:00,WIND,492301,1,HCM,1,62122,1011,260,3,260,5,2247,6,6,6,6,6,NA,NA,NA,NA,04/06/2024 23:03,0
05/06/2024 00:00,WIND,492301,1,HCM,1,62122,1011,250,4,260,6,2330,6,6,6,6,6,NA,NA,NA,NA,05/06/2024 00:03,0
05/06/2024 01:00,WIND,492301,1,HCM,1,62122,1011,260,4,260,6,28,6,6,6,6,6,NA,NA,NA,NA,05/06/2024 01:02,0
05/06/2024 02:00,WIND,492301,1,HCM,1,62122,1011,260,5,280,9,57,6,6,6,6,6,NA,NA,NA,NA,05/06/2024 02:03,0
05/06/2024 03:00,WIND,492301,1,HCM,1,62122,1011,270,4,300,6,227,6,6,6,6,6,NA,NA,NA,NA,05/06/2024 03:03,0
05/06/2024 04:00,WIND,492301,1,HCM,1,62122,1011,230,3,170,5,257,6,6,6,6,6,NA,NA,NA,NA,05/06/2024 04:03,0
05/06/2024 05:00,WIND,492301,1,HCM,1,62122,1011,240,3,210,5,405,6,6,6,6,6,NA,NA,NA,NA,05/06/2024 05:03,0
05/06/2024 06:00,WIND,492301,1,HCM,1,62122,1011,230,2,240,5,504,6,6,6,6,6,NA,NA,NA,NA,05/06/2024 06:03,0
05/06/2024 07:00,WIND,492301,1,HCM,1,62122,1011,250,5,250,9,649,6,6,6,6,6,NA,NA,NA,NA,05/06/2024 07:03,0
05/06/2024 08:00,WIND,492301,1,HCM,1,62122,1011,270,7,280,11,742,6,6,6,6,6,NA,NA,NA,NA,05/06/2024 08:03,0
05/06/2024 09:00,WIND,492301,1,HCM,1,62122,1011,260,7,260,15,832,6,6,6,6,6,NA,NA,NA,NA,05/06/2024 09:03,0
05/06/2024 10:00,WIND,492301,1,HCM,1,62122,1011,250,9,250,19,923,6,6,6,6,6,NA,NA,NA,NA,05/06/2024 10:02,0
05/06/2024 11:00,WIND,492301,1,HCM,1,62122,1011,250,9,260,19,951,6,6,6,6,6,NA,NA,NA,NA,05/06/2024 11:03,0
05/06/2024 12:00,WIND,492301,1,HCM,1,62122,1011,240,9,250,16,1125,6,6,6,6,6,NA,NA,NA,NA,05/06/2024 12:03,0
05/06/2024 13:00,WIND,492301,1,HCM,1,62122,1011,240,10,260,19,1235,6,6,6,6,6,NA,NA,NA,NA,05/06/2024 13:03,0
05/06/2024 14:00,WIND,492301,1,HCM,1,62122,1011,230,12,240,22,1318,6,6,6,6,6,NA,NA,NA,NA,05/06/2024 14:03,0
05/06/2024 15:00,WIND,492301,1,HCM,1,62122,1011,240,13,260,20,1416,6,6,6,6,6,NA,NA,NA,NA,05/06/2024 15:03,0
05/06/2024 16:00,WIND,492301,1,HCM,1,62122,1011,240,14,240,25,1525,6,6,6,6,6,NA,NA,NA,NA,05/06/2024 16:03,0
05/06/2024 17:00,WIND,492301,1,HCM,1,62122,1011,240,14,250,24,1552,6,6,6,6,6,NA,NA,NA,NA,05/06/2024 17:03,0
05/06/2024 18:00,WIND,492301,1,HCM,1,62122,1011,250,12,240,23,1653,6,6,6,6,6,NA,NA,NA,NA,05/06/2024 18:03,0
05/06/2024 19:00,WIND,492301,1,HCM,1,62122,1011,250,10,250,18,1824,6,6,6,6,6,NA,NA,NA,NA,05/06/2024 19:02,0
05/06/2024 20:00,WIND,492301,1,HCM,1,62122,1011,240,8,240,17,1902,6,6,6,6,6,NA,NA,NA,NA,05/06/2024 20:03,0
05/06/2024 21:00,WIND,492301,1,HCM,1,62122,1011,240,6,230,12,2048,6,6,6,6,6,NA,NA,NA,NA,05/06/2024 21:02,0
05/06/2024 22:00,WIND,492301,1,HCM,1,62122,1011,240,6,250,13,2147,6,6,6,6,6,NA,NA,NA,NA,05/06/2024 22:03,0
05/06/2024 23:00,WIND,492301,1,HCM,1,62122,1011,250,8,260,14,2226,6,6,6,6,6,NA,NA,NA,NA,05/06/2024 23:03,0
06/06/2024 00:00,WIND,492301,1,HCM,1,62122,1011,260,7,260,12,2258,6,6,6,6,6,NA,NA,NA,NA,06/06/2024 00:03,0
06/06/2024 01:00,WIND,492301,1,HCM,1,62122,1011,260,5,260,11,2350,6,6,6,6,6,NA,NA,NA,NA,06/06/2024 01:03,0
06/06/2024 02:00,WIND,492301,1,HCM,1,62122,1011,250,5,260,9,54,6,6,6,6,6,NA,NA,NA,NA,06/06/2024 02:03,0
06/06/2024 03:00,WIND,492301,1,HCM,1,62122,1011,240,8,240,16,218,6,6,6,6,6,NA,NA,NA,NA,06/06/2024 03:03,0
06/06/2024 04:00,WIND,492301,1,HCM,1,62122,1011,240,5,230,11,250,6,6,6,6,6,NA,NA,NA,NA,06/06/2024 04:03,0
06/06/2024 05:00,WIND,492301,1,HCM,1,62122,1011,200,2,200,5,441,6,6,6,6,6,NA,NA,NA,NA,06/06/2024 05:02,0
06/06/2024 06:00,WIND,492301,1,HCM,1,62122,1011,230,4,220,9,540,6,6,6,6,6,NA,NA,NA,NA,06/06/2024 06:04,0
06/06/2024 07:00,WIND,492301,1,HCM,1,62122,1011,240,4,220,10,550,6,6,6,6,6,NA,NA,NA,NA,06/06/2024 07:03,0
06/06/2024 08:00,WIND,492301,1,HCM,1,62122,1011,230,5,230,9,739,6,6,6,6,6,NA,NA,NA,NA,06/06/2024 08:03,0
06/06/2024 09:00,WIND,492301,1,HCM,1,62122,1011,230,5,240,10,808,6,6,6,6,6,NA,NA,NA,NA,06/06/2024 09:03,0
06/06/2024 10:00,WIND,492301,1,HCM,1,62122,1011,260,6,220,11,907,6,6,6,6,6,NA,NA,NA,NA,06/06/2024 10:03,0
06/06/2024 11:00,WIND,492301,1,HCM,1,62122,1011,240,7,210,12,1013,6,6,6,6,6,NA,NA,NA,NA,06/06/2024 11:03,0
06/06/2024 12:00,WIND,492301,1,HCM,1,62122,1011,250,6,250,10,1111,6,6,6,6,6,NA,NA,NA,NA,06/06/2024 12:03,0
06/06/2024 13:00,WIND,492301,1,HCM,1,62122,1011,250,8,250,16,1249,6,6,6,6,6,NA,NA,NA,NA,06/06/2024 13:03,0
06/06/2024 14:00,WIND,492301,1,HCM,1,62122,1011,240,10,240,18,1314,6,6,6,6,6,NA,NA,NA,NA,06/06/2024 14:03,0
06/06/2024 15:00,WIND,492301,1,HCM,1,62122,1011,250,11,250,19,1438,6,6,6,6,6,NA,NA,NA,NA,06/06/2024 15:03,0
06/06/2024 16:00,WIND,492301,1,HCM,1,62122,1011,250,11,240,19,1518,6,6,6,6,6,NA,NA,NA,NA,06/06/2024 16:03,0
06/06/2024 17:00,WIND,492301,1,HCM,1,62122,1011,250,10,250,18,1646,6,6,6,6,6,NA,NA,NA,NA,06/06/2024 17:03,0
06/06/2024 18:00,WIND,492301,1,HCM,1,62122,1011,240,10,240,18,1740,6,6,6,6,6,NA,NA,NA,NA,06/06/2024 18:03,0
06/06/2024 19:00,WIND,492301,1,HCM,1,62122,1011,250,8,240,17,1757,6,6,6,6,6,NA,NA,NA,NA,06/06/2024 19:03,0
06/06/2024 20:00,WIND,492301,1,HCM,1,62122,1011,260,5,290,10,1858,6,6,6,6,6,NA,NA,NA,NA,06/06/2024 20:03,0
06/06/2024 21:00,WIND,492301,1,HCM,1,62122,1011,240,5,230,11,2044,6,6,6,6,6,NA,NA,NA,NA,06/06/2024 21:03,0
06/06/2024 22:00,WIND,492301,1,HCM,1,62122,1011,240,6,230,12,2102,6,6,6,6,6,NA,NA,NA,NA,06/06/2024 22:03,0
06/06/2024 23:00,WIND,492301,1,HCM,1,62122,1011,250,5,240,9,2229,6,6,6,6,6,NA,NA,NA,NA,06/06/2024 23:03,0
07/06/2024 00:00,WIND,492301,1,HCM,1,62122,1011,250,4,270,7,2326,6,6,6,6,6,NA,NA,NA,NA,07/06/2024 00:03,0
07/06/2024 01:00,WIND,492301,1,HCM,1,62122,1011,240,4,250,8,16,6,6,6,6,6,NA,NA,NA,NA,07/06/2024 01:03,0
07/06/2024 02:00,WIND,492301,1,HCM,1,62122,1011,230,4,240,9,147,6,6,6,6,6,NA,NA,NA,NA,07/06/2024 02:03,0
07/06/2024 03:00,WIND,492301,1,HCM,1,62122,1011,250,5,240,10,224,6,6,6,6,6,NA,NA,NA,NA,07/06/2024 03:03,0
07/06/2024 04:00,WIND,492301,1,HCM,1,62122,1011,240,5,260,10,312,6,6,6,6,6,NA,NA,NA,NA,07/06/2024 04:03,0
07/06/2024 05:00,WIND,492301,1,HCM,1,62122,1011,210,2,240,5,354,6,6,6,6,6,NA,NA,NA,NA,07/06/2024 05:03,0
07/06/2024 06:00,WIND,492301,1,HCM,1,62122,1011,190,3,180,6,549,6,6,6,6,6,NA,NA,NA,NA,07/06/2024 06:03,0
07/06/2024 07:00,WIND,492301,1,HCM,1,62122,1011,210,5,220,11,649,6,6,6,6,6,NA,NA,NA,NA,07/06/2024 07:03,0
07/06/2024 08:00,WIND,492301,1,HCM,1,62122,1011,240,8,240,14,710,6,6,6,6,6,NA,NA,NA,NA,07/06/2024 08:03,0
07/06/2024 09:00,WIND,492301,1,HCM,1,62122,1011,230,8,220,13,836,6,6,6,6,6,NA,NA,NA,NA,07/06/2024 09:03,0
07/06/2024 10:00,WIND,492301,1,HCM,1,62122,1011,230,9,240,17,923,6,6,6,6,6,NA,NA,NA,NA,07/06/2024 10:03,0
07/06/2024 11:00,WIND,492301,1,HCM,1,62122,1011,230,11,220,22,1028,6,6,6,6,6,NA,NA,NA,NA,07/06/2024 11:03,0
07/06/2024 12:00,WIND,492301,1,HCM,1,62122,1011,240,10,230,20,1148,6,6,6,6,6,NA,NA,NA,NA,07/06/2024 12:03,0
07/06/2024 13:00,WIND,492301,1,HCM,1,62122,1011,250,15,240,26,1216,6,6,6,6,6,NA,NA,NA,NA,07/06/2024 13:03,0
07/06/2024 14:00,WIND,492301,1,HCM,1,62122,1011,240,15,230,25,1314,6,6,6,6,6,NA,NA,NA,NA,07/06/2024 14:03,0
07/06/2024 15:00,WIND,492301,1,HCM,1,62122,1011,240,13,250,23,1406,6,6,6,6,6,NA,NA,NA,NA,07/06/2024 15:03,0
07/06/2024 16:00,WIND,492301,1,HCM,1,62122,1011,240,13,230,24,1545,6,6,6,6,6,NA,NA,NA,NA,07/06/2024 16:03,0
07/06/2024 17:00,WIND,492301,1,HCM,1,62122,1011,240,13,240,23,1606,6,6,6,6,6,NA,NA,NA,NA,07/06/2024 17:03,0
07/06/2024 18:00,WIND,492301,1,HCM,1,62122,1011,250,13,270,22,1650,6,6,6,6,6,NA,NA,NA,NA,07/06/2024 18:02,0
07/06/2024 19:00,WIND,492301,1,HCM,1,62122,1011,240,13,240,22,1753,6,6,6,6,6,NA,NA,NA,NA,07/06/2024 19:03,0
07/06/2024 20:00,WIND,492301,1,HCM,1,62122,1011,250,11,270,21,1858,6,6,6,6,6,NA,NA,NA,NA,07/06/2024 20:03,0
07/06/2024 21:00,WIND,492301,1,HCM,1,62122,1011,250,10,250,18,2039,6,6,6,6,6,NA,NA,NA,NA,07/06/2024 21:03,0
07/06/2024 22:00,WIND,492301,1,HCM,1,62122,1011,240,8,250,16,2055,6,6,6,6,6,NA,NA,NA,NA,07/06/2024 22:03,0
07/06/2024 23:00,WIND,492301,1,HCM,1,62122,1011,240,6,230,12,2233,6,6,6,6,6,NA,NA,NA,NA,07/06/2024 23:03,0
08/06/2024 00:00,WIND,492301,1,HCM,1,62122,1011,250,5,240,11,2313,6,6,6,6,6,NA,NA,NA,NA,08/06/2024 00:03,0
08/06/2024 01:00,WIND,492301,1,HCM,1,62122,1011,240,7,250,16,45,6,6,6,6,6,NA,NA,NA,NA,08/06/2024 01:03,0
08/06/2024 02:00,WIND,492301,1,HCM,1,62122,1011,230,6,240,13,53,6,6,6,6,6,NA,NA,NA,NA,08/06/2024 02:03,0
08/06/2024 03:00,WIND,492301,1,HCM,1,62122,1011,240,5,240,12,249,6,6,6,6,6,NA,NA,NA,NA,08/06/2024 03:03,0
08/06/2024 04:00,WIND,492301,1,HCM,1,62122,1011,240,8,230,15,332,6,6,6,6,6,NA,NA,NA,NA,08/06/2024 04:03,0
08/06/2024 05:00,WIND,492301,1,HCM,1,62122,1011,240,8,240,15,401,6,6,6,6,6,NA,NA,NA,NA,08/06/2024 05:03,0
08/06/2024 06:00,WIND,492301,1,HCM,1,62122,1011,240,7,260,15,506,6,6,6,6,6,NA,NA,NA,NA,08/06/2024 06:03,0
08/06/2024 07:00,WIND,492301,1,HCM,1,62122,1011,250,7,240,12,612,6,6,6,6,6,NA,NA,NA,NA,08/06/2024 07:03,0
08/06/2024 08:00,WIND,492301,1,HCM,1,62122,1011,260,6,260,11,705,6,6,6,6,6,NA,NA,NA,NA,08/06/2024 08:03,0
08/06/2024 09:00,WIND,492301,1,HCM,1,62122,1011,270,7,250,14,849,6,6,6,6,6,NA,NA,NA,NA,08/06/2024 09:03,0
08/06/2024 10:00,WIND,492301,1,HCM,1,62122,1011,290,8,260,18,850,6,6,6,6,6,NA,NA,NA,NA,08/06/2024 10:03,0
08/06/2024 11:00,WIND,492301,1,HCM,1,62122,1011,260,7,240,14,954,6,6,6,6,6,NA,NA,NA,NA,08/06/2024 11:03,0
08/06/2024 12:00,WIND,492301,1,HCM,1,62122,1011,310,8,330,14,1124,6,6,6,6,6,NA,NA,NA,NA,08/06/2024 12:03,0
08/06/2024 13:00,WIND,492301,1,HCM,1,62122,1011,310,8,300,17,1236,6,6,6,6,6,NA,NA,NA,NA,08/06/2024 13:03,0
08/06/2024 14:00,WIND,492301,1,HCM,1,62122,1011,290,9,290,18,1331,6,6,6,6,6,NA,NA,NA,NA,08/06/2024 14:03,0
08/06/2024 15:00,WIND,492301,1,HCM,1,62122,1011,290,9,280,15,1448,6,6,6,6,6,NA,NA,NA,NA,08/06/2024 15:03,0
08/06/2024 16:00,WIND,492301,1,HCM,1,62122,1011,300,10,310,18,1535,6,6,6,6,6,NA,NA,NA,NA,08/06/2024 16:03,0
08/06/2024 17:00,WIND,492301,1,HCM,1,62122,1011,300,9,310,16,1600,6,6,6,6,6,NA,NA,NA,NA,08/06/2024 17:03,0
08/06/2024 18:00,WIND,492301,1,HCM,1,62122,1011,290,8,280,15,1658,6,6,6,6,6,NA,NA,NA,NA,08/06/2024 18:03,0
08/06/2024 19:00,WIND,492301,1,HCM,1,62122,1011,280,6,290,11,1816,6,6,6,6,6,NA,NA,NA,NA,08/06/2024 19:03,0
08/06/2024 20:00,WIND,492301,1,HCM,1,62122,1011,270,5,270,9,1906,6,6,6,6,6,NA,NA,NA,NA,08/06/2024 20:03,0
08/06/2024 21:00,WIND,492301,1,HCM,1,62122,1011,260,3,250,7,2036,6,6,6,6,6,NA,NA,NA,NA,08/06/2024 21:03,0
08/06/2024 22:00,WIND,492301,1,HCM,1,62122,1011,290,3,340,8,2115,6,6,6,6,6,NA,NA,NA,NA,08/06/2024 22:03,0
08/06/2024 23:00,WIND,492301,1,HCM,1,62122,1011,330,3,350,6,2226,6,6,6,6,6,NA,NA,NA,NA,08/06/2024 23:03,0
09/06/2024 00:00,WIND,492301,1,HCM,1,62122,1011,300,2,300,4,2309,6,6,6,6,6,NA,NA,NA,NA,09/06/2024 00:03,0
09/06/2024 01:00,WIND,492301,1,HCM,1,62122,1011,240,2,180,3,30,6,6,6,6,6,NA,NA,NA,NA,09/06/2024 01:03,0
09/06/2024 02:00,WIND,492301,1,HCM,1,62122,1011,250,4,270,9,132,6,6,6,6,6,NA,NA,NA,NA,09/06/2024 02:03,0
09/06/2024 03:00,WIND,492301,1,HCM,1,62122,1011,290,4,280,6,202,6,6,6,6,6,NA,NA,NA,NA,09/06/2024 03:03,0
09/06/2024 04:00,WIND,492301,1,HCM,1,62122,1011,240,3,250,5,338,6,6,6,6,6,NA,NA,NA,NA,09/06/2024 04:03,0
09/06/2024 05:00,WIND,492301,1,HCM,1,62122,1011,240,5,240,8,443,6,6,6,6,6,NA,NA,NA,NA,09/06/2024 05:03,0
09/06/2024 06:00,WIND,492301,1,HCM,1,62122,1011,260,4,240,9,451,6,6,6,6,6,NA,NA,NA,NA,09/06/2024 06:03,0
09/06/2024 07:00,WIND,492301,1,HCM,1,62122,1011,280,4,330,9,645,6,6,6,6,6,NA,NA,NA,NA,09/06/2024 07:03,0
09/06/2024 08:00,WIND,492301,1,HCM,1,62122,1011,280,6,300,10,720,6,6,6,6,6,NA,NA,NA,NA,09/06/2024 08:03,0
09/06/2024 09:00,WIND,492301,1,HCM,1,62122,1011,280,7,330,13,822,6,6,6,6,6,NA,NA,NA,NA,09/06/2024 09:03,0
09/06/2024 10:00,WIND,492301,1,HCM,1,62122,1011,260,6,250,12,902,6,6,6,6,6,NA,NA,NA,NA,09/06/2024 10:03,0
09/06/2024 11:00,WIND,492301,1,HCM,1,62122,1011,260,6,240,14,958,6,6,6,6,6,NA,NA,NA,NA,09/06/2024 11:03,0
09/06/2024 12:00,WIND,492301,1,HCM,1,62122,1011,260,5,260,9,1133,6,6,6,6,6,NA,NA,NA,NA,09/06/2024 12:03,0
09/06/2024 13:00,WIND,492301,1,HCM,1,62122,1011,270,8,240,17,1215,6,6,6,6,6,NA,NA,NA,NA,09/06/2024 13:03,0
09/06/2024 14:00,WIND,492301,1,HCM,1,62122,1011,260,8,220,14,1339,6,6,6,6,6,NA,NA,NA,NA,09/06/2024 14:03,0
09/06/2024 15:00,WIND,492301,1,HCM,1,62122,1011,240,9,250,16,1353,6,6,6,6,6,NA,NA,NA,NA,09/06/2024 15:03,0
09/06/2024 16:00,WIND,492301,1,HCM,1,62122,1011,250,7,240,15,1523,6,6,6,6,6,NA,NA,NA,NA,09/06/2024 16:03,0
09/06/2024 17:00,WIND,492301,1,HCM,1,62122,1011,280,6,280,11,1622,6,6,6,6,6,NA,NA,NA,NA,09/06/2024 17:03,0
09/06/2024 18:00,WIND,492301,1,HCM,1,62122,1011,250,10,240,21,1727,6,6,6,6,6,NA,NA,NA,NA,09/06/2024 18:03,0
09/06/2024 19:00,WIND,492301,1,HCM,1,62122,1011,240,11,240,21,1759,6,6,6,6,6,NA,NA,NA,NA,09/06/2024 19:03,0
09/06/2024 20:00,WIND,492301,1,HCM,1,62122,1011,240,11,240,21,1944,6,6,6,6,6,NA,NA,NA,NA,09/06/2024 20:03,0
09/06/2024 21:00,WIND,492301,1,HCM,1,62122,1011,240,11,250,22,2000,6,6,6,6,6,NA,NA,NA,NA,09/06/2024 21:03,0
09/06/2024 22:00,WIND,492301,1,HCM,1,62122,1011,250,12,240,24,2148,6,6,6,6,6,NA,NA,NA,NA,09/06/2024 22:03,0
09/06/2024 23:00,WIND,492301,1,HCM,1,62122,1011,250,14,250,23,2209,6,6,6,6,6,NA,NA,NA,NA,09/06/2024 23:03,0
10/06/2024 00:00,WIND,492301,1,HCM,1,62122,1011,240,11,250,23,2254,6,6,6,6,6,NA,NA,NA,NA,10/06/2024 00:03,0
10/06/2024 01:00,WIND,492301,1,HCM,1,62122,1011,240,11,260,18,29,6,6,6,6,6,NA,NA,NA,NA,10/06/2024 01:03,0
10/06/2024 02:00,WIND,492301,1,HCM,1,62122,1011,250,11,260,19,108,6,6,6,6,6,NA,NA,NA,NA,10/06/2024 02:03,0
10/06/2024 03:00,WIND,492301,1,HCM,1,62122,1011,250,9,250,16,157,6,6,6,6,6,NA,NA,NA,NA,10/06/2024 03:03,0
10/06/2024 04:00,WIND,492301,1,HCM,1,62122,1011,260,7,260,14,324,6,6,6,6,6,NA,NA,NA,NA,10/06/2024 04:03,0
10/06/2024 05:00,WIND,492301,1,HCM,1,62122,1011,320,5,270,12,357,6,6,6,6,6,NA,NA,NA,NA,10/06/2024 05:03,0
10/06/2024 06:00,WIND,492301,1,HCM,1,62122,1011,330,9,350,21,503,6,6,6,6,6,NA,NA,NA,NA,10/06/2024 06:03,0
10/06/2024 07:00,WIND,492301,1,HCM,1,62122,1011,320,9,330,21,648,6,6,6,6,6,NA,NA,NA,NA,10/06/2024 07:03,0
10/06/2024 08:00,WIND,492301,1,HCM,1,62122,1011,310,10,340,18,748,6,6,6,6,6,NA,NA,NA,NA,10/06/2024 08:03,0
10/06/2024 09:00,WIND,492301,1,HCM,1,62122,1011,330,11,310,22,810,6,6,6,6,6,NA,NA,NA,NA,10/06/2024 09:03,0
10/06/2024 10:00,WIND,492301,1,HCM,1,62122,1011,350,10,340,19,904,6,6,6,6,6,NA,NA,NA,NA,10/06/2024 10:03,0
10/06/2024 11:00,WIND,492301,1,HCM,1,62122,1011,330,9,340,18,1024,6,6,6,6,6,NA,NA,NA,NA,10/06/2024 11:03,0
10/06/2024 12:00,WIND,492301,1,HCM,1,62122,1011,330,9,350,16,1148,6,6,6,6,6,NA,NA,NA,NA,10/06/2024 12:03,0
10/06/2024 13:00,WIND,492301,1,HCM,1,62122,1011,330,9,340,18,1248,6,6,6,6,6,NA,NA,NA,NA,10/06/2024 13:03,0
10/06/2024 14:00,WIND,492301,1,HCM,1,62122,1011,350,9,330,16,1254,6,6,6,6,6,NA,NA,NA,NA,10/06/2024 14:03,0
10/06/2024 15:00,WIND,492301,1,HCM,1,62122,1011,330,7,320,24,1356,6,6,6,6,6,NA,NA,NA,NA,10/06/2024 15:03,0
10/06/2024 16:00,WIND,492301,1,HCM,1,62122,1011,280,7,290,14,1456,6,6,6,6,6,NA,NA,NA,NA,10/06/2024 16:03,0
10/06/2024 17:00,WIND,492301,1,HCM,1,62122,1011,260,6,280,11,1626,6,6,6,6,6,NA,NA,NA,NA,10/06/2024 17:03,0
10/06/2024 18:00,WIND,492301,1,HCM,1,62122,1011,340,6,310,11,1749,6,6,6,6,6,NA,NA,NA,NA,10/06/2024 18:03,0
10/06/2024 19:00,WIND,492301,1,HCM,1,62122,1011,330,8,350,17,1801,6,6,6,6,6,NA,NA,NA,NA,10/06/2024 19:03,0
10/06/2024 20:00,WIND,492301,1,HCM,1,62122,1011,310,6,330,12,1909,6,6,6,6,6,NA,NA,NA,NA,10/06/2024 20:03,0
10/06/2024 21:00,WIND,492301,1,HCM,1,62122,1011,280,3,300,7,2001,6,6,6,6,6,NA,NA,NA,NA,10/06/2024 21:03,0
10/06/2024 22:00,WIND,492301,1,HCM,1,62122,1011,280,3,310,6,2139,6,6,6,6,6,NA,NA,NA,NA,10/06/2024 22:03,0
10/06/2024 23:00,WIND,492301,1,HCM,1,62122,1011,330,4,330,12,2245,6,6,6,6,6,NA,NA,NA,NA,10/06/2024 23:03,0
11/06/2024 00:00,WIND,492301,1,HCM,1,62122,1011,320,6,360,11,2341,6,6,6,6,6,NA,NA,NA,NA,11/06/2024 00:03,0
11/06/2024 01:00,WIND,492301,1,HCM,1,62122,1011,310,3,340,8,2357,6,6,6,6,6,NA,NA,NA,NA,11/06/2024 01:03,0
11/06/2024 02:00,WIND,492301,1,HCM,1,62122,1011,300,2,270,6,127,6,6,6,6,6,NA,NA,NA,NA,11/06/2024 02:03,0
11/06/2024 03:00,WIND,492301,1,HCM,1,62122,1011,270,5,260,9,214,6,6,6,6,6,NA,NA,NA,NA,11/06/2024 03:03,0
11/06/2024 04:00,WIND,492301,1,HCM,1,62122,1011,270,3,270,8,345,6,6,6,6,6,NA,NA,NA,NA,11/06/2024 04:03,0
11/06/2024 05:00,WIND,492301,1,HCM,1,62122,1011,250,4,240,6,447,6,6,6,6,6,NA,NA,NA,NA,11/06/2024 05:03,0
11/06/2024 06:00,WIND,492301,1,HCM,1,62122,1011,260,4,280,8,510,6,6,6,6,6,NA,NA,NA,NA,11/06/2024 06:03,0
11/06/2024 07:00,WIND,492301,1,HCM,1,62122,1011,260,5,280,9,642,6,6,6,6,6,NA,NA,NA,NA,11/06/2024 07:03,0
11/06/2024 08:00,WIND,492301,1,HCM,1,62122,1011,300,6,310,13,740,6,6,6,6,6,NA,NA,NA,NA,11/06/2024 08:03,0
11/06/2024 09:00,WIND,492301,1,HCM,1,62122,1011,320,7,350,13,809,6,6,6,6,6,NA,NA,NA,NA,11/06/2024 09:03,0
11/06/2024 10:00,WIND,492301,1,HCM,1,62122,1011,300,7,280,12,851,6,6,6,6,6,NA,NA,NA,NA,11/06/2024 10:03,0
11/06/2024 11:00,WIND,492301,1,HCM,1,62122,1011,320,8,340,15,959,6,6,6,6,6,NA,NA,NA,NA,11/06/2024 11:03,0
11/06/2024 12:00,WIND,492301,1,HCM,1,62122,1011,330,6,320,15,1144,6,6,6,6,6,NA,NA,NA,NA,11/06/2024 12:03,0
11/06/2024 13:00,WIND,492301,1,HCM,1,62122,1011,300,7,330,14,1245,6,6,6,6,6,NA,NA,NA,NA,11/06/2024 13:03,0
11/06/2024 14:00,WIND,492301,1,HCM,1,62122,1011,290,7,280,14,1250,6,6,6,6,6,NA,NA,NA,NA,11/06/2024 14:03,0
11/06/2024 15:00,WIND,492301,1,HCM,1,62122,1011,320,8,320,16,1427,6,6,6,6,6,NA,NA,NA,NA,11/06/2024 15:03,0
11/06/2024 16:00,WIND,492301,1,HCM,1,62122,1011,320,7,310,13,1454,6,6,6,6,6,NA,NA,NA,NA,11/06/2024 16:03,0
11/06/2024 17:00,WIND,492301,1,HCM,1,62122,1011,310,8,320,14,1640,6,6,6,6,6,NA,NA,NA,NA,11/06/2024 17:03,0
11/06/2024 18:00,WIND,492301,1,HCM,1,62122,1011,330,8,330,13,1721,6,6,6,6,6,NA,NA,NA,NA,11/06/2024 18:03,0
11/06/2024 19:00,WIND,492301,1,HCM,1,62122,1011,350,6,330,12,1756,6,6,6,6,6,NA,NA,NA,NA,11/06/2024 19:03,0
11/06/2024 20:00,WIND,492301,1,HCM,1,62122,1011,350,4,360,8,1937,6,6,6,6,6,NA,NA,NA,NA,11/06/2024 20:03,0
11/06/2024 21:00,WIND,492301,1,HCM,1,62122,1011,330,3,330,5,1955,6,6,6,6,6,NA,NA,NA,NA,11/06/2024 21:03,0
11/06/2024 22:00,WIND,492301,1,HCM,1,62122,1011,320,2,350,8,2055,6,6,6,6,6,NA,NA,NA,NA,11/06/2024 22:03,0
11/06/2024 23:00,WIND,492301,1,HCM,1,62122,1011,300,2,310,4,2224,6,6,6,6,6,NA,NA,NA,NA,11/06/2024 23:03,0
12/06/2024 00:00,WIND,492301,1,HCM,1,62122,1011,310,2,320,3,2307,6,6,6,6,6,NA,NA,NA,NA,12/06/2024 00:04,0
12/06/2024 01:00,WIND,492301,1,HCM,1,62122,1011,280,4,290,6,28,6,6,6,6,6,NA,NA,NA,NA,12/06/2024 01:03,0
12/06/2024 02:00,WIND,492301,1,HCM,1,62122,1011,280,3,270,6,57,6,6,6,6,6,NA,NA,NA,NA,12/06/2024 02:03,0
12/06/2024 03:00,WIND,492301,1,HCM,1,62122,1011,300,3,290,7,213,6,6,6,6,6,NA,NA,NA,NA,12/06/2024 03:03,0
12/06/2024 04:00,WIND,492301,1,HCM,1,62122,1011,330,2,350,4,346,6,6,6,6,6,NA,NA,NA,NA,12/06/2024 04:03,0
12/06/2024 05:00,WIND,492301,1,HCM,1,62122,1011,340,2,350,5,351,6,6,6,6,6,NA,NA,NA,NA,12/06/2024 05:03,0
12/06/2024 06:00,WIND,492301,1,HCM,1,62122,1011,320,3,320,5,521,6,6,6,6,6,NA,NA,NA,NA,12/06/2024 06:03,0
12/06/2024 07:00,WIND,492301,1,HCM,1,62122,1011,310,2,310,4,615,6,6,6,6,6,NA,NA,NA,NA,12/06/2024 07:03,0
12/06/2024 08:00,WIND,492301,1,HCM,1,62122,1011,280,3,260,7,724,6,6,6,6,6,NA,NA,NA,NA,12/06/2024 08:03,0
12/06/2024 09:00,WIND,492301,1,HCM,1,62122,1011,300,3,300,6,848,6,6,6,6,6,NA,NA,NA,NA,12/06/2024 09:03,0
12/06/2024 10:00,WIND,492301,1,HCM,1,62122,1011,270,4,290,11,921,6,6,6,6,6,NA,NA,NA,NA,12/06/2024 10:03,0
12/06/2024 11:00,WIND,492301,1,HCM,1,62122,1011,250,4,260,11,1013,6,6,6,6,6,NA,NA,NA,NA,12/06/2024 11:03,0
12/06/2024 12:00,WIND,492301,1,HCM,1,62122,1011,250,4,240,12,1123,6,6,6,6,6,NA,NA,NA,NA,12/06/2024 12:03,0
12/06/2024 13:00,WIND,492301,1,HCM,1,62122,1011,270,6,270,12,1212,6,6,6,6,6,NA,NA,NA,NA,12/06/2024 13:03,0
12/06/2024 14:00,WIND,492301,1,HCM,1,62122,1011,270,5,230,12,1349,6,6,6,6,6,NA,NA,NA,NA,12/06/2024 14:03,0
12/06/2024 15:00,WIND,492301,1,HCM,1,62122,1011,260,7,240,12,1351,6,6,6,6,6,NA,NA,NA,NA,12/06/2024 15:03,0
12/06/2024 16:00,WIND,492301,1,HCM,1,62122,1011,240,8,250,15,1549,6,6,6,6,6,NA,NA,NA,NA,12/06/2024 16:03,0
12/06/2024 17:00,WIND,492301,1,HCM,1,62122,1011,240,9,240,17,1621,6,6,6,6,6,NA,NA,NA,NA,12/06/2024 17:03,0
12/06/2024 18:00,WIND,492301,1,HCM,1,62122,1011,240,9,250,15,1700,6,6,6,6,6,NA,NA,NA,NA,12/06/2024 18:03,0
12/06/2024 19:00,WIND,492301,1,HCM,1,62122,1011,240,8,240,14,1830,6,6,6,6,6,NA,NA,NA,NA,12/06/2024 19:03,0
12/06/2024 20:00,WIND,492301,1,HCM,1,62122,1011,240,7,240,16,1904,6,6,6,6,6,NA,NA,NA,NA,12/06/2024 20:03,0
12/06/2024 21:00,WIND,492301,1,HCM,1,62122,1011,240,4,230,9,1952,6,6,6,6,6,NA,NA,NA,NA,12/06/2024 21:03,0
12/06/2024 22:00,WIND,492301,1,HCM,1,62122,1011,240,4,240,8,2143,6,6,6,6,6,NA,NA,NA,NA,12/06/2024 22:03,0
12/06/2024 23:00,WIND,492301,1,HCM,1,62122,1011,240,5,240,8,2213,6,6,6,6,6,NA,NA,NA,NA,12/06/2024 23:03,0
13/06/2024 00:00,WIND,492301,1,HCM,1,62122,1011,240,4,240,8,2255,6,6,6,6,6,NA,NA,NA,NA,13/06/2024 00:04,0
13/06/2024 01:00,WIND,492301,1,HCM,1,62122,1011,180,2,250,5,2350,6,6,6,6,6,NA,NA,NA,NA,13/06/2024 01:03,0
13/06/2024 02:00,WIND,492301,1,HCM,1,62122,1011,140,3,160,5,146,6,6,6,6,6,NA,NA,NA,NA,13/06/2024 02:03,0
13/06/2024 03:00,WIND,492301,1,HCM,1,62122,1011,160,3,170,6,227,6,6,6,6,6,NA,NA,NA,NA,13/06/2024 03:03,0
13/06/2024 04:00,WIND,492301,1,HCM,1,62122,1011,170,3,160,6,324,6,6,6,6,6,NA,NA,NA,NA,13/06/2024 04:03,0
13/06/2024 05:00,WIND,492301,1,HCM,1,62122,1011,170,3,160,6,351,6,6,6,6,6,NA,NA,NA,NA,13/06/2024 05:03,0
13/06/2024 06:00,WIND,492301,1,HCM,1,62122,1011,160,4,160,8,511,6,6,6,6,6,NA,NA,NA,NA,13/06/2024 06:04,0
13/06/2024 07:00,WIND,492301,1,HCM,1,62122,1011,150,5,140,10,648,6,6,6,6,6,NA,NA,NA,NA,13/06/2024 07:03,0
13/06/2024 08:00,WIND,492301,1,HCM,1,62122,1011,160,7,150,12,732,6,6,6,6,6,NA,NA,NA,NA,13/06/2024 08:03,0
13/06/2024 09:00,WIND,492301,1,HCM,1,62122,1011,180,9,190,19,839,6,6,6,6,6,NA,NA,NA,NA,13/06/2024 09:03,0
13/06/2024 10:00,WIND,492301,1,HCM,1,62122,1011,170,10,190,19,932,6,6,6,6,6,NA,NA,NA,NA,13/06/2024 10:03,0
13/06/2024 11:00,WIND,492301,1,HCM,1,62122,1011,170,10,190,21,1043,6,6,6,6,6,NA,NA,NA,NA,13/06/2024 11:03,0
13/06/2024 12:00,WIND,492301,1,HCM,1,62122,1011,180,11,190,24,1146,6,6,6,6,6,NA,NA,NA,NA,13/06/2024 12:03,0
13/06/2024 13:00,WIND,492301,1,HCM,1,62122,1011,180,11,190,23,1208,6,6,6,6,6,NA,NA,NA,NA,13/06/2024 13:03,0
13/06/2024 14:00,WIND,492301,1,HCM,1,62122,1011,160,10,150,20,1344,6,6,6,6,6,NA,NA,NA,NA,13/06/2024 14:03,0
13/06/2024 15:00,WIND,492301,1,HCM,1,62122,1011,170,11,180,22,1406,6,6,6,6,6,NA,NA,NA,NA,13/06/2024 15:03,0
13/06/2024 16:00,WIND,492301,1,HCM,1,62122,1011,160,12,160,30,1547,6,6,6,6,6,NA,NA,NA,NA,13/06/2024 16:03,0
13/06/2024 17:00,WIND,492301,1,HCM,1,62122,1011,170,13,150,27,1557,6,6,6,6,6,NA,NA,NA,NA,13/06/2024 17:07,0
13/06/2024 18:00,WIND,492301,1,HCM,1,62122,1011,160,12,160,29,1737,6,6,6,6,6,NA,NA,NA,NA,13/06/2024 18:02,0
13/06/2024 19:00,WIND,492301,1,HCM,1,62122,1011,160,12,160,27,1808,6,6,6,6,6,NA,NA,NA,NA,13/06/2024 19:03,0
13/06/2024 20:00,WIND,492301,1,HCM,1,62122,1011,160,11,170,23,1931,6,6,6,6,6,NA,NA,NA,NA,13/06/2024 20:03,0
13/06/2024 21:00,WIND,492301,1,HCM,1,62122,1011,160,11,160,24,2006,6,6,6,6,6,NA,NA,NA,NA,13/06/2024 21:03,0
13/06/2024 22:00,WIND,492301,1,HCM,1,62122,1011,170,8,150,17,2120,6,6,6,6,6,NA,NA,NA,NA,13/06/2024 22:03,0
13/06/2024 23:00,WIND,492301,1,HCM,1,62122,1011,180,5,210,11,2155,6,6,6,6,6,NA,NA,NA,NA,13/06/2024 23:03,0
14/06/2024 00:00,WIND,492301,1,HCM,1,62122,1011,210,6,220,13,2310,6,6,6,6,6,NA,NA,NA,NA,14/06/2024 00:03,0
14/06/2024 01:00,WIND,492301,1,HCM,1,62122,1011,210,7,200,14,34,6,6,6,6,6,NA,NA,NA,NA,14/06/2024 01:03,0
14/06/2024 02:00,WIND,492301,1,HCM,1,62122,1011,200,7,210,17,56,6,6,6,6,6,NA,NA,NA,NA,14/06/2024 02:03,0
14/06/2024 03:00,WIND,492301,1,HCM,1,62122,1011,200,6,220,11,236,6,6,6,6,6,NA,NA,NA,NA,14/06/2024 03:03,0
14/06/2024 04:00,WIND,492301,1,HCM,1,62122,1011,200,7,210,12,319,6,6,6,6,6,NA,NA,NA,NA,14/06/2024 04:03,0
14/06/2024 05:00,WIND,492301,1,HCM,1,62122,1011,190,6,200,17,449,6,6,6,6,6,NA,NA,NA,NA,14/06/2024 05:03,0
14/06/2024 06:00,WIND,492301,1,HCM,1,62122,1011,190,8,180,16,537,6,6,6,6,6,NA,NA,NA,NA,14/06/2024 06:04,0
14/06/2024 07:00,WIND,492301,1,HCM,1,62122,1011,200,10,210,19,649,6,6,6,6,6,NA,NA,NA,NA,14/06/2024 07:03,0
14/06/2024 08:00,WIND,492301,1,HCM,1,62122,1011,220,9,230,19,654,6,6,6,6,6,NA,NA,NA,NA,14/06/2024 08:03,0
14/06/2024 09:00,WIND,492301,1,HCM,1,62122,1011,220,10,230,20,825,6,6,6,6,6,NA,NA,NA,NA,14/06/2024 09:03,0
14/06/2024 10:00,WIND,492301,1,HCM,1,62122,1011,210,9,230,18,905,6,6,6,6,6,NA,NA,NA,NA,14/06/2024 10:03,0
14/06/2024 11:00,WIND,492301,1,HCM,1,62122,1011,220,10,250,18,1044,6,6,6,6,6,NA,NA,NA,NA,14/06/2024 11:03,0
14/06/2024 12:00,WIND,492301,1,HCM,1,62122,1011,240,11,250,21,1135,6,6,6,6,6,NA,NA,NA,NA,14/06/2024 12:03,0
14/06/2024 13:00,WIND,492301,1,HCM,1,62122,1011,220,10,250,19,1151,6,6,6,6,6,NA,NA,NA,NA,14/06/2024 13:03,0
14/06/2024 14:00,WIND,492301,1,HCM,1,62122,1011,240,10,240,17,1328,6,6,6,6,6,NA,NA,NA,NA,14/06/2024 14:07,0
14/06/2024 15:00,WIND,492301,1,HCM,1,62122,1011,230,8,200,15,1432,6,6,6,6,6,NA,NA,NA,NA,14/06/2024 15:03,0
14/06/2024 16:00,WIND,492301,1,HCM,1,62122,1011,200,7,180,13,1518,6,6,6,6,6,NA,NA,NA,NA,14/06/2024 16:03,0
14/06/2024 17:00,WIND,492301,1,HCM,1,62122,1011,140,6,120,12,1644,6,6,6,6,6,NA,NA,NA,NA,14/06/2024 17:03,0
14/06/2024 18:00,WIND,492301,1,HCM,1,62122,1011,110,6,270,14,1749,6,6,6,6,6,NA,NA,NA,NA,14/06/2024 18:03,0
14/06/2024 19:00,WIND,492301,1,HCM,1,62122,1011,270,3,270,12,1756,6,6,6,6,6,NA,NA,NA,NA,14/06/2024 19:03,0
14/06/2024 20:00,WIND,492301,1,HCM,1,62122,1011,260,4,260,8,1854,6,6,6,6,6,NA,NA,NA,NA,14/06/2024 20:03,0
14/06/2024 21:00,WIND,492301,1,HCM,1,62122,1011,290,2,250,5,1950,6,6,6,6,6,NA,NA,NA,NA,14/06/2024 21:03,0
14/06/2024 22:00,WIND,492301,1,HCM,1,62122,1011,110,2,130,4,2142,6,6,6,6,6,NA,NA,NA,NA,14/06/2024 22:03,0
14/06/2024 23:00,WIND,492301,1,HCM,1,62122,1011,240,4,260,8,2213,6,6,6,6,6,NA,NA,NA,NA,14/06/2024 23:03,0
15/06/2024 00:00,WIND,492301,1,HCM,1,62122,1011,240,5,250,8,2339,6,6,6,6,6,NA,NA,NA,NA,15/06/2024 00:03,0
15/06/2024 01:00,WIND,492301,1,HCM,1,62122,1011,250,7,240,13,30,6,6,6,6,6,NA,NA,NA,NA,15/06/2024 01:03,0
15/06/2024 02:00,WIND,492301,1,HCM,1,62122,1011,240,5,240,12,52,6,6,6,6,6,NA,NA,NA,NA,15/06/2024 02:07,0
15/06/2024 03:00,WIND,492301,1,HCM,1,62122,1011,190,4,190,8,230,6,6,6,6,6,NA,NA,NA,NA,15/06/2024 03:03,0
15/06/2024 04:00,WIND,492301,1,HCM,1,62122,1011,190,4,170,8,349,6,6,6,6,6,NA,NA,NA,NA,15/06/2024 04:03,0
15/06/2024 05:00,WIND,492301,1,HCM,1,62122,1011,170,5,170,9,446,6,6,6,6,6,NA,NA,NA,NA,15/06/2024 05:03,0
15/06/2024 06:00,WIND,492301,1,HCM,1,62122,1011,150,5,160,10,512,6,6,6,6,6,NA,NA,NA,NA,15/06/2024 06:03,0
15/06/2024 07:00,WIND,492301,1,HCM,1,62122,1011,130,5,120,10,649,6,6,6,6,6,NA,NA,NA,NA,15/06/2024 07:03,0
15/06/2024 08:00,WIND,492301,1,HCM,1,62122,1011,140,6,190,11,748,6,6,6,6,6,NA,NA,NA,NA,15/06/2024 08:03,0
15/06/2024 09:00,WIND,492301,1,HCM,1,62122,1011,200,9,220,19,848,6,6,6,6,6,NA,NA,NA,NA,15/06/2024 09:03,0
15/06/2024 10:00,WIND,492301,1,HCM,1,62122,1011,240,16,230,29,946,6,6,6,6,6,NA,NA,NA,NA,15/06/2024 10:03,0
15/06/2024 11:00,WIND,492301,1,HCM,1,62122,1011,240,17,250,33,1001,6,6,6,6,6,NA,NA,NA,NA,15/06/2024 11:03,0
15/06/2024 12:00,WIND,492301,1,HCM,1,62122,1011,240,18,250,32,1132,6,6,6,6,6,NA,NA,NA,NA,15/06/2024 12:03,0
15/06/2024 13:00,WIND,492301,1,HCM,1,62122,1011,240,17,250,29,1208,6,6,6,6,6,NA,NA,NA,NA,15/06/2024 13:03,0
15/06/2024 14:00,WIND,492301,1,HCM,1,62122,1011,230,17,230,28,1328,6,6,6,6,6,NA,NA,NA,NA,15/06/2024 14:03,0
15/06/2024 15:00,WIND,492301,1,HCM,1,62122,1011,240,17,240,31,1446,6,6,6,6,6,NA,NA,NA,NA,15/06/2024 15:03,0
15/06/2024 16:00,WIND,492301,1,HCM,1,62122,1011,240,14,270,27,1527,6,6,6,6,6,NA,NA,NA,NA,15/06/2024 16:03,0
15/06/2024 17:00,WIND,492301,1,HCM,1,62122,1011,240,11,250,22,1556,6,6,6,6,6,NA,NA,NA,NA,15/06/2024 17:08,0
15/06/2024 18:00,WIND,492301,1,HCM,1,62122,1011,230,7,260,13,1748,6,6,6,6,6,NA,NA,NA,NA,15/06/2024 18:03,0
15/06/2024 19:00,WIND,492301,1,HCM,1,62122,1011,240,10,240,18,1813,6,6,6,6,6,NA,NA,NA,NA,15/06/2024 19:03,0
15/06/2024 20:00,WIND,492301,1,HCM,1,62122,1011,210,8,240,23,1859,6,6,6,6,6,NA,NA,NA,NA,15/06/2024 20:03,0
15/06/2024 21:00,WIND,492301,1,HCM,1,62122,1011,200,6,190,11,2016,6,6,6,6,6,NA,NA,NA,NA,15/06/2024 21:03,0
15/06/2024 22:00,WIND,492301,1,HCM,1,62122,1011,200,6,210,13,2125,6,6,6,6,6,NA,NA,NA,NA,15/06/2024 22:03,0
15/06/2024 23:00,WIND,492301,1,HCM,1,62122,1011,210,8,200,16,2227,6,6,6,6,6,NA,NA,NA,NA,15/06/2024 23:03,0
16/06/2024 00:00,WIND,492301,1,HCM,1,62122,1011,200,8,210,14,2310,6,6,6,6,6,NA,NA,NA,NA,16/06/2024 00:03,0
16/06/2024 01:00,WIND,492301,1,HCM,1,62122,1011,200,8,210,17,39,6,6,6,6,6,NA,NA,NA,NA,16/06/2024 01:03,0
16/06/2024 02:00,WIND,492301,1,HCM,1,62122,1011,210,10,180,18,56,6,6,6,6,6,NA,NA,NA,NA,16/06/2024 02:03,0
16/06/2024 03:00,WIND,492301,1,HCM,1,62122,1011,210,9,200,18,233,6,6,6,6,6,NA,NA,NA,NA,16/06/2024 03:03,0
16/06/2024 04:00,WIND,492301,1,HCM,1,62122,1011,200,8,210,14,255,6,6,6,6,6,NA,NA,NA,NA,16/06/2024 04:03,0
16/06/2024 05:00,WIND,492301,1,HCM,1,62122,1011,220,6,230,17,357,6,6,6,6,6,NA,NA,NA,NA,16/06/2024 05:03,0
16/06/2024 06:00,WIND,492301,1,HCM,1,62122,1011,210,5,230,13,525,6,6,6,6,6,NA,NA,NA,NA,16/06/2024 06:04,0
16/06/2024 07:00,WIND,492301,1,HCM,1,62122,1011,230,6,250,10,640,6,6,6,6,6,NA,NA,NA,NA,16/06/2024 07:03,0
16/06/2024 08:00,WIND,492301,1,HCM,1,62122,1011,250,7,230,11,747,6,6,6,6,6,NA,NA,NA,NA,16/06/2024 08:03,0
16/06/2024 09:00,WIND,492301,1,HCM,1,62122,1011,250,7,250,12,840,6,6,6,6,6,NA,NA,NA,NA,16/06/2024 09:03,0
16/06/2024 10:00,WIND,492301,1,HCM,1,62122,1011,240,8,230,15,945,6,6,6,6,6,NA,NA,NA,NA,16/06/2024 10:03,0
16/06/2024 11:00,WIND,492301,1,HCM,1,62122,1011,240,10,250,16,1026,6,6,6,6,6,NA,NA,NA,NA,16/06/2024 11:03,0
16/06/2024 12:00,WIND,492301,1,HCM,1,62122,1011,240,11,250,16,1108,6,6,6,6,6,NA,NA,NA,NA,16/06/2024 12:03,0
16/06/2024 13:00,WIND,492301,1,HCM,1,62122,1011,240,10,270,18,1235,6,6,6,6,6,NA,NA,NA,NA,16/06/2024 13:03,0
16/06/2024 14:00,WIND,492301,1,HCM,1,62122,1011,250,10,260,17,1251,6,6,6,6,6,NA,NA,NA,NA,16/06/2024 14:03,0
16/06/2024 15:00,WIND,492301,1,HCM,1,62122,1011,240,11,250,18,1432,6,6,6,6,6,NA,NA,NA,NA,16/06/2024 15:03,0
16/06/2024 16:00,WIND,492301,1,HCM,1,62122,1011,250,12,240,20,1546,6,6,6,6,6,NA,NA,NA,NA,16/06/2024 16:03,0
16/06/2024 17:00,WIND,492301,1,HCM,1,62122,1011,240,11,250,19,1634,6,6,6,6,6,NA,NA,NA,NA,16/06/2024 17:03,0
16/06/2024 18:00,WIND,492301,1,HCM,1,62122,1011,240,12,220,19,1720,6,6,6,6,6,NA,NA,NA,NA,16/06/2024 18:03,0
16/06/2024 19:00,WIND,492301,1,HCM,1,62122,1011,230,10,240,18,1828,6,6,6,6,6,NA,NA,NA,NA,16/06/2024 19:03,0
16/06/2024 20:00,WIND,492301,1,HCM,1,62122,1011,230,8,250,18,1903,6,6,6,6,6,NA,NA,NA,NA,16/06/2024 20:03,0
16/06/2024 21:00,WIND,492301,1,HCM,1,62122,1011,230,6,250,12,2002,6,6,6,6,6,NA,NA,NA,NA,16/06/2024 21:03,0
16/06/2024 22:00,WIND,492301,1,HCM,1,62122,1011,230,5,240,8,2052,6,6,6,6,6,NA,NA,NA,NA,16/06/2024 22:03,0
16/06/2024 23:00,WIND,492301,1,HCM,1,62122,1011,240,5,250,8,2215,6,6,6,6,6,NA,NA,NA,NA,16/06/2024 23:03,0
17/06/2024 00:00,WIND,492301,1,HCM,1,62122,1011,230,4,240,7,2253,6,6,6,6,6,NA,NA,NA,NA,17/06/2024 00:03,0
17/06/2024 01:00,WIND,492301,1,HCM,1,62122,1011,230,4,240,7,10,6,6,6,6,6,NA,NA,NA,NA,17/06/2024 01:03,0
17/06/2024 02:00,WIND,492301,1,HCM,1,62122,1011,240,4,230,8,134,6,6,6,6,6,NA,NA,NA,NA,17/06/2024 02:03,0
17/06/2024 03:00,WIND,492301,1,HCM,1,62122,1011,210,4,230,7,158,6,6,6,6,6,NA,NA,NA,NA,17/06/2024 03:03,0
17/06/2024 04:00,WIND,492301,1,HCM,1,62122,1011,210,4,210,7,313,6,6,6,6,6,NA,NA,NA,NA,17/06/2024 04:03,0
17/06/2024 05:00,WIND,492301,1,HCM,1,62122,1011,190,3,200,7,440,6,6,6,6,6,NA,NA,NA,NA,17/06/2024 05:03,0
17/06/2024 06:00,WIND,492301,1,HCM,1,62122,1011,200,3,200,7,514,6,6,6,6,6,NA,NA,NA,NA,17/06/2024 06:03,0
17/06/2024 07:00,WIND,492301,1,HCM,1,62122,1011,230,6,220,10,645,6,6,6,6,6,NA,NA,NA,NA,17/06/2024 07:03,0
17/06/2024 08:00,WIND,492301,1,HCM,1,62122,1011,240,7,240,13,740,6,6,6,6,6,NA,NA,NA,NA,17/06/2024 08:03,0
17/06/2024 09:00,WIND,492301,1,HCM,1,62122,1011,250,7,250,14,808,6,6,6,6,6,NA,NA,NA,NA,17/06/2024 09:03,0
17/06/2024 10:00,WIND,492301,1,HCM,1,62122,1011,240,9,240,14,908,6,6,6,6,6,NA,NA,NA,NA,17/06/2024 10:03,0
17/06/2024 11:00,WIND,492301,1,HCM,1,62122,1011,240,8,230,17,1033,6,6,6,6,6,NA,NA,NA,NA,17/06/2024 11:03,0
17/06/2024 12:00,WIND,492301,1,HCM,1,62122,1011,240,7,260,13,1134,6,6,6,6,6,NA,NA,NA,NA,17/06/2024 12:03,0
17/06/2024 13:00,WIND,492301,1,HCM,1,62122,1011,240,8,230,14,1217,6,6,6,6,6,NA,NA,NA,NA,17/06/2024 13:03,0
17/06/2024 14:00,WIND,492301,1,HCM,1,62122,1011,240,8,240,14,1329,6,6,6,6,6,NA,NA,NA,NA,17/06/2024 14:03,0
17/06/2024 15:00,WIND,492301,1,HCM,1,62122,1011,240,9,220,16,1420,6,6,6,6,6,NA,NA,NA,NA,17/06/2024 15:03,0
17/06/2024 16:00,WIND,492301,1,HCM,1,62122,1011,240,9,270,17,1451,6,6,6,6,6,NA,NA,NA,NA,17/06/2024 16:03,0
17/06/2024 17:00,WIND,492301,1,HCM,1,62122,1011,250,9,250,16,1552,6,6,6,6,6,NA,NA,NA,NA,17/06/2024 17:03,0
17/06/2024 18:00,WIND,492301,1,HCM,1,62122,1011,290,6,290,15,1653,6,6,6,6,6,NA,NA,NA,NA,17/06/2024 18:03,0
17/06/2024 19:00,WIND,492301,1,HCM,1,62122,1011,320,5,320,8,1826,6,6,6,6,6,NA,NA,NA,NA,17/06/2024 19:03,0
17/06/2024 20:00,WIND,492301,1,HCM,1,62122,1011,340,2,340,7,1856,6,6,6,6,6,NA,NA,NA,NA,17/06/2024 20:03,0
17/06/2024 21:00,WIND,492301,1,HCM,1,62122,1011,280,2,270,4,2049,6,6,6,6,6,NA,NA,NA,NA,17/06/2024 21:03,0
17/06/2024 22:00,WIND,492301,1,HCM,1,62122,1011,260,3,270,5,2114,6,6,6,6,6,NA,NA,NA,NA,17/06/2024 22:03,0
17/06/2024 23:00,WIND,492301,1,HCM,1,62122,1011,270,3,330,8,2248,6,6,6,6,6,NA,NA,NA,NA,17/06/2024 23:03,0
18/06/2024 00:00,WIND,492301,1,HCM,1,62122,1011,310,4,310,8,2257,6,6,6,6,6,NA,NA,NA,NA,18/06/2024 00:04,0
18/06/2024 01:00,WIND,492301,1,HCM,1,62122,1011,10,6,20,13,28,6,6,6,6,6,NA,NA,NA,NA,18/06/2024 01:03,0
18/06/2024 02:00,WIND,492301,1,HCM,1,62122,1011,20,6,10,12,128,6,6,6,6,6,NA,NA,NA,NA,18/06/2024 02:03,0
18/06/2024 03:00,WIND,492301,1,HCM,1,62122,1011,10,7,10,13,236,6,6,6,6,6,NA,NA,NA,NA,18/06/2024 03:03,0
18/06/2024 04:00,WIND,492301,1,HCM,1,62122,1011,20,6,10,11,331,6,6,6,6,6,NA,NA,NA,NA,18/06/2024 04:03,0
18/06/2024 05:00,WIND,492301,1,HCM,1,62122,1011,20,6,360,11,401,6,6,6,6,6,NA,NA,NA,NA,18/06/2024 05:03,0
18/06/2024 06:00,WIND,492301,1,HCM,1,62122,1011,30,6,30,12,533,6,6,6,6,6,NA,NA,NA,NA,18/06/2024 06:03,0
18/06/2024 07:00,WIND,492301,1,HCM,1,62122,1011,10,7,10,13,638,6,6,6,6,6,NA,NA,NA,NA,18/06/2024 07:03,0
18/06/2024 08:00,WIND,492301,1,HCM,1,62122,1011,10,7,350,15,740,6,6,6,6,6,NA,NA,NA,NA,18/06/2024 08:03,0
18/06/2024 09:00,WIND,492301,1,HCM,1,62122,1011,20,9,30,15,821,6,6,6,6,6,NA,NA,NA,NA,18/06/2024 09:03,0
18/06/2024 10:00,WIND,492301,1,HCM,1,62122,1011,10,8,10,13,851,6,6,6,6,6,NA,NA,NA,NA,18/06/2024 10:03,0
18/06/2024 11:00,WIND,492301,1,HCM,1,62122,1011,360,6,360,13,954,6,6,6,6,6,NA,NA,NA,NA,18/06/2024 11:03,0
18/06/2024 12:00,WIND,492301,1,HCM,1,62122,1011,350,7,360,12,1103,6,6,6,6,6,NA,NA,NA,NA,18/06/2024 12:03,0
18/06/2024 13:00,WIND,492301,1,HCM,1,62122,1011,350,6,360,12,1227,6,6,6,6,6,NA,NA,NA,NA,18/06/2024 13:03,0
18/06/2024 14:00,WIND,492301,1,HCM,1,62122,1011,360,8,30,15,1317,6,6,6,6,6,NA,NA,NA,NA,18/06/2024 14:14,0
18/06/2024 15:00,WIND,492301,1,HCM,1,62122,1011,10,8,30,14,1431,6,6,6,6,6,NA,NA,NA,NA,18/06/2024 15:03,0
18/06/2024 16:00,WIND,492301,1,HCM,1,62122,1011,20,8,30,14,1455,6,6,6,6,6,NA,NA,NA,NA,18/06/2024 16:03,0
18/06/2024 17:00,WIND,492301,1,HCM,1,62122,1011,10,10,360,16,1621,6,6,6,6,6,NA,NA,NA,NA,18/06/2024 17:03,0
18/06/2024 18:00,WIND,492301,1,HCM,1,62122,1011,360,9,360,15,1657,6,6,6,6,6,NA,NA,NA,NA,18/06/2024 18:03,0
18/06/2024 19:00,WIND,492301,1,HCM,1,62122,1011,350,8,340,14,1750,6,6,6,6,6,NA,NA,NA,NA,18/06/2024 19:03,0
18/06/2024 20:00,WIND,492301,1,HCM,1,62122,1011,350,8,330,13,1920,6,6,6,6,6,NA,NA,NA,NA,18/06/2024 20:03,0
18/06/2024 21:00,WIND,492301,1,HCM,1,62122,1011,350,6,340,12,2010,6,6,6,6,6,NA,NA,NA,NA,18/06/2024 21:03,0
18/06/2024 22:00,WIND,492301,1,HCM,1,62122,1011,360,4,10,8,2135,6,6,6,6,6,NA,NA,NA,NA,18/06/2024 22:03,0
18/06/2024 23:00,WIND,492301,1,HCM,1,62122,1011,350,4,320,10,2151,6,6,6,6,6,NA,NA,NA,NA,18/06/2024 23:03,0
19/06/2024 00:00,WIND,492301,1,HCM,1,62122,1011,350,2,340,6,2324,6,6,6,6,6,NA,NA,NA,NA,19/06/2024 00:03,0
19/06/2024 01:00,WIND,492301,1,HCM,1,62122,1011,350,3,40,6,45,6,6,6,6,6,NA,NA,NA,NA,19/06/2024 01:03,0
19/06/2024 02:00,WIND,492301,1,HCM,1,62122,1011,10,7,360,15,122,6,6,6,6,6,NA,NA,NA,NA,19/06/2024 02:03,0
19/06/2024 03:00,WIND,492301,1,HCM,1,62122,1011,20,6,20,14,226,6,6,6,6,6,NA,NA,NA,NA,19/06/2024 03:03,0
19/06/2024 04:00,WIND,492301,1,HCM,1,62122,1011,10,8,360,14,330,6,6,6,6,6,NA,NA,NA,NA,19/06/2024 04:03,0
19/06/2024 05:00,WIND,492301,1,HCM,1,62122,1011,20,7,10,13,417,6,6,6,6,6,NA,NA,NA,NA,19/06/2024 05:03,0
19/06/2024 06:00,WIND,492301,1,HCM,1,62122,1011,50,8,70,15,519,6,6,6,6,6,NA,NA,NA,NA,19/06/2024 06:04,0
19/06/2024 07:00,WIND,492301,1,HCM,1,62122,1011,50,8,60,14,617,6,6,6,6,6,NA,NA,NA,NA,19/06/2024 07:03,0
19/06/2024 08:00,WIND,492301,1,HCM,1,62122,1011,40,9,40,15,710,6,6,6,6,6,NA,NA,NA,NA,19/06/2024 08:03,0
19/06/2024 09:00,WIND,492301,1,HCM,1,62122,1011,30,8,50,14,821,6,6,6,6,6,NA,NA,NA,NA,19/06/2024 09:03,0
19/06/2024 10:00,WIND,492301,1,HCM,1,62122,1011,30,8,30,14,936,6,6,6,6,6,NA,NA,NA,NA,19/06/2024 10:03,0
19/06/2024 11:00,WIND,492301,1,HCM,1,62122,1011,40,7,40,14,1028,6,6,6,6,6,NA,NA,NA,NA,19/06/2024 11:03,0
19/06/2024 12:00,WIND,492301,1,HCM,1,62122,1011,60,7,50,13,1141,6,6,6,6,6,NA,NA,NA,NA,19/06/2024 12:03,0
19/06/2024 13:00,WIND,492301,1,HCM,1,62122,1011,30,7,50,14,1230,6,6,6,6,6,NA,NA,NA,NA,19/06/2024 13:03,0
19/06/2024 14:00,WIND,492301,1,HCM,1,62122,1011,40,8,70,14,1303,6,6,6,6,6,NA,NA,NA,NA,19/06/2024 14:03,0
19/06/2024 15:00,WIND,492301,1,HCM,1,62122,1011,60,8,40,14,1440,6,6,6,6,6,NA,NA,NA,NA,19/06/2024 15:03,0
19/06/2024 16:00,WIND,492301,1,HCM,1,62122,1011,60,7,70,13,1455,6,6,6,6,6,NA,NA,NA,NA,19/06/2024 16:03,0
19/06/2024 17:00,WIND,492301,1,HCM,1,62122,1011,50,6,40,10,1633,6,6,6,6,6,NA,NA,NA,NA,19/06/2024 17:03,0
19/06/2024 18:00,WIND,492301,1,HCM,1,62122,1011,50,6,100,11,1651,6,6,6,6,6,NA,NA,NA,NA,19/06/2024 18:03,0
19/06/2024 19:00,WIND,492301,1,HCM,1,62122,1011,60,5,40,10,1812,6,6,6,6,6,NA,NA,NA,NA,19/06/2024 19:03,0
19/06/2024 20:00,WIND,492301,1,HCM,1,62122,1011,60,3,50,5,1944,6,6,6,6,6,NA,NA,NA,NA,19/06/2024 20:03,0
19/06/2024 21:00,WIND,492301,1,HCM,1,62122,1011,20,4,360,6,2035,6,6,6,6,6,NA,NA,NA,NA,19/06/2024 21:03,0
19/06/2024 22:00,WIND,492301,1,HCM,1,62122,1011,30,3,10,6,2119,6,6,6,6,6,NA,NA,NA,NA,19/06/2024 22:03,0
19/06/2024 23:00,WIND,492301,1,HCM,1,62122,1011,60,3,50,5,2232,6,6,6,6,6,NA,NA,NA,NA,19/06/2024 23:03,0
20/06/2024 00:00,WIND,492301,1,HCM,1,62122,1011,70,3,90,5,2347,6,6,6,6,6,NA,NA,NA,NA,20/06/2024 00:03,0
20/06/2024 01:00,WIND,492301,1,HCM,1,62122,1011,80,3,80,5,19,6,6,6,6,6,NA,NA,NA,NA,20/06/2024 01:03,0
20/06/2024 02:00,WIND,492301,1,HCM,1,62122,1011,80,3,70,5,146,6,6,6,6,6,NA,NA,NA,NA,20/06/2024 02:03,0
20/06/2024 03:00,WIND,492301,1,HCM,1,62122,1011,90,3,90,5,201,6,6,6,6,6,NA,NA,NA,NA,20/06/2024 03:03,0
20/06/2024 04:00,WIND,492301,1,HCM,1,62122,1011,80,3,90,5,251,6,6,6,6,6,NA,NA,NA,NA,20/06/2024 04:03,0
20/06/2024 05:00,WIND,492301,1,HCM,1,62122,1011,350,1,310,4,359,6,6,6,6,6,NA,NA,NA,NA,20/06/2024 05:03,0
20/06/2024 06:00,WIND,492301,1,HCM,1,62122,1011,60,3,60,4,519,6,6,6,6,6,NA,NA,NA,NA,20/06/2024 06:03,0
20/06/2024 07:00,WIND,492301,1,HCM,1,62122,1011,50,3,50,5,631,6,6,6,6,6,NA,NA,NA,NA,20/06/2024 07:03,0
20/06/2024 08:00,WIND,492301,1,HCM,1,62122,1011,80,3,130,6,726,6,6,6,6,6,NA,NA,NA,NA,20/06/2024 08:03,0
20/06/2024 09:00,WIND,492301,1,HCM,1,62122,1011,80,3,40,9,805,6,6,6,6,6,NA,NA,NA,NA,20/06/2024 09:04,0
20/06/2024 10:00,WIND,492301,1,HCM,1,62122,1011,60,4,60,8,945,6,6,6,6,6,NA,NA,NA,NA,20/06/2024 10:03,0
20/06/2024 11:00,WIND,492301,1,HCM,1,62122,1011,60,5,90,10,1040,6,6,6,6,6,NA,NA,NA,NA,20/06/2024 11:03,0
20/06/2024 12:00,WIND,492301,1,HCM,1,62122,1011,10,4,110,11,1100,6,6,6,6,6,NA,NA,NA,NA,20/06/2024 12:03,0
20/06/2024 13:00,WIND,492301,1,HCM,1,62122,1011,330,5,330,10,1235,6,6,6,6,6,NA,NA,NA,NA,20/06/2024 13:03,0
20/06/2024 14:00,WIND,492301,1,HCM,1,62122,1011,10,4,10,10,1306,6,6,6,6,6,NA,NA,NA,NA,20/06/2024 14:03,0
20/06/2024 15:00,WIND,492301,1,HCM,1,62122,1011,320,3,340,9,1443,6,6,6,6,6,NA,NA,NA,NA,20/06/2024 15:03,0
20/06/2024 16:00,WIND,492301,1,HCM,1,62122,1011,360,3,80,8,1543,6,6,6,6,6,NA,NA,NA,NA,20/06/2024 16:03,0
20/06/2024 17:00,WIND,492301,1,HCM,1,62122,1011,300,3,280,7,1636,6,6,6,6,6,NA,NA,NA,NA,20/06/2024 17:03,0
20/06/2024 18:00,WIND,492301,1,HCM,1,62122,1011,270,7,260,11,1747,6,6,6,6,6,NA,NA,NA,NA,20/06/2024 18:03,0
20/06/2024 19:00,WIND,492301,1,HCM,1,62122,1011,260,8,250,13,1848,6,6,6,6,6,NA,NA,NA,NA,20/06/2024 19:03,0
20/06/2024 20:00,WIND,492301,1,HCM,1,62122,1011,250,6,260,10,1855,6,6,6,6,6,NA,NA,NA,NA,20/06/2024 20:03,0
20/06/2024 21:00,WIND,492301,1,HCM,1,62122,1011,250,4,260,7,1951,6,6,6,6,6,NA,NA,NA,NA,20/06/2024 21:03,0
20/06/2024 22:00,WIND,492301,1,HCM,1,62122,1011,240,4,240,6,2149,6,6,6,6,6,NA,NA,NA,NA,20/06/2024 22:03,0
20/06/2024 23:00,WIND,492301,1,HCM,1,62122,1011,240,5,230,8,2245,6,6,6,6,6,NA,NA,NA,NA,20/06/2024 23:03,0
21/06/2024 00:00,WIND,492301,1,HCM,1,62122,1011,250,7,250,10,2345,6,6,6,6,6,NA,NA,NA,NA,21/06/2024 00:03,0
21/06/2024 01:00,WIND,492301,1,HCM,1,62122,1011,240,6,240,11,20,6,6,6,6,6,NA,NA,NA,NA,21/06/2024 01:03,0
21/06/2024 02:00,WIND,492301,1,HCM,1,62122,1011,190,3,230,7,50,6,6,6,6,6,NA,NA,NA,NA,21/06/2024 02:07,0
21/06/2024 03:00,WIND,492301,1,HCM,1,62122,1011,220,2,250,5,239,6,6,6,6,6,NA,NA,NA,NA,21/06/2024 03:03,0
21/06/2024 04:00,WIND,492301,1,HCM,1,62122,1011,180,2,230,5,254,6,6,6,6,6,NA,NA,NA,NA,21/06/2024 04:07,0
21/06/2024 05:00,WIND,492301,1,HCM,1,62122,1011,190,1,220,3,449,6,6,6,6,6,NA,NA,NA,NA,21/06/2024 05:03,0
21/06/2024 06:00,WIND,492301,1,HCM,1,62122,1011,230,6,240,11,543,6,6,6,6,6,NA,NA,NA,NA,21/06/2024 06:03,0
21/06/2024 07:00,WIND,492301,1,HCM,1,62122,1011,240,8,260,15,643,6,6,6,6,6,NA,NA,NA,NA,21/06/2024 07:03,0
21/06/2024 08:00,WIND,492301,1,HCM,1,62122,1011,250,9,230,15,732,6,6,6,6,6,NA,NA,NA,NA,21/06/2024 08:03,0
21/06/2024 09:00,WIND,492301,1,HCM,1,62122,1011,240,10,250,17,844,6,6,6,6,6,NA,NA,NA,NA,21/06/2024 09:03,0
21/06/2024 10:00,WIND,492301,1,HCM,1,62122,1011,250,10,240,17,945,6,6,6,6,6,NA,NA,NA,NA,21/06/2024 10:03,0
21/06/2024 11:00,WIND,492301,1,HCM,1,62122,1011,240,10,250,18,1024,6,6,6,6,6,NA,NA,NA,NA,21/06/2024 11:03,0
21/06/2024 12:00,WIND,492301,1,HCM,1,62122,1011,250,10,250,17,1132,6,6,6,6,6,NA,NA,NA,NA,21/06/2024 12:03,0
21/06/2024 13:00,WIND,492301,1,HCM,1,62122,1011,250,11,240,19,1156,6,6,6,6,6,NA,NA,NA,NA,21/06/2024 13:03,0
21/06/2024 14:00,WIND,492301,1,HCM,1,62122,1011,250,11,250,19,1346,6,6,6,6,6,NA,NA,NA,NA,21/06/2024 14:03,0
21/06/2024 15:00,WIND,492301,1,HCM,1,62122,1011,250,12,240,20,1412,6,6,6,6,6,NA,NA,NA,NA,21/06/2024 15:03,0
21/06/2024 16:00,WIND,492301,1,HCM,1,62122,1011,250,12,260,19,1501,6,6,6,6,6,NA,NA,NA,NA,21/06/2024 16:03,0
21/06/2024 17:00,WIND,492301,1,HCM,1,62122,1011,240,11,250,18,1631,6,6,6,6,6,NA,NA,NA,NA,21/06/2024 17:03,0
21/06/2024 18:00,WIND,492301,1,HCM,1,62122,1011,240,9,250,18,1727,6,6,6,6,6,NA,NA,NA,NA,21/06/2024 18:03,0
21/06/2024 19:00,WIND,492301,1,HCM,1,62122,1011,230,8,230,14,1830,6,6,6,6,6,NA,NA,NA,NA,21/06/2024 19:03,0
21/06/2024 20:00,WIND,492301,1,HCM,1,62122,1011,240,7,240,11,1928,6,6,6,6,6,NA,NA,NA,NA,21/06/2024 20:07,0
21/06/2024 21:00,WIND,492301,1,HCM,1,62122,1011,220,8,230,16,2010,6,6,6,6,6,NA,NA,NA,NA,21/06/2024 21:03,0
21/06/2024 22:00,WIND,492301,1,HCM,1,62122,1011,190,6,190,13,2130,6,6,6,6,6,NA,NA,NA,NA,21/06/2024 22:03,0
21/06/2024 23:00,WIND,492301,1,HCM,1,62122,1011,170,6,170,11,2216,6,6,6,6,6,NA,NA,NA,NA,21/06/2024 23:03,0
22/06/2024 00:00,WIND,492301,1,HCM,1,62122,1011,180,6,200,12,2304,6,6,6,6,6,NA,NA,NA,NA,22/06/2024 00:03,0
22/06/2024 01:00,WIND,492301,1,HCM,1,62122,1011,180,5,170,10,2356,6,6,6,6,6,NA,NA,NA,NA,22/06/2024 01:03,0
22/06/2024 02:00,WIND,492301,1,HCM,1,62122,1011,190,5,190,9,127,6,6,6,6,6,NA,NA,NA,NA,22/06/2024 02:03,0
22/06/2024 03:00,WIND,492301,1,HCM,1,62122,1011,200,5,210,10,248,6,6,6,6,6,NA,NA,NA,NA,22/06/2024 03:03,0
22/06/2024 04:00,WIND,492301,1,HCM,1,62122,1011,230,5,210,9,311,6,6,6,6,6,NA,NA,NA,NA,22/06/2024 04:07,0
22/06/2024 05:00,WIND,492301,1,HCM,1,62122,1011,270,5,280,9,410,6,6,6,6,6,NA,NA,NA,NA,22/06/2024 05:03,0
22/06/2024 06:00,WIND,492301,1,HCM,1,62122,1011,250,5,250,10,540,6,6,6,6,6,NA,NA,NA,NA,22/06/2024 06:03,0
22/06/2024 07:00,WIND,492301,1,HCM,1,62122,1011,260,6,260,12,648,6,6,6,6,6,NA,NA,NA,NA,22/06/2024 07:03,0
22/06/2024 08:00,WIND,492301,1,HCM,1,62122,1011,270,7,290,12,746,6,6,6,6,6,NA,NA,NA,NA,22/06/2024 08:03,0
22/06/2024 09:00,WIND,492301,1,HCM,1,62122,1011,260,9,250,17,829,6,6,6,6,6,NA,NA,NA,NA,22/06/2024 09:03,0
22/06/2024 10:00,WIND,492301,1,HCM,1,62122,1011,250,10,240,18,917,6,6,6,6,6,NA,NA,NA,NA,22/06/2024 10:03,0
22/06/2024 11:00,WIND,492301,1,HCM,1,62122,1011,250,10,240,18,1015,6,6,6,6,6,NA,NA,NA,NA,22/06/2024 11:03,0
22/06/2024 12:00,WIND,492301,1,HCM,1,62122,1011,240,11,220,22,1120,6,6,6,6,6,NA,NA,NA,NA,22/06/2024 12:03,0
22/06/2024 13:00,WIND,492301,1,HCM,1,62122,1011,240,12,260,20,1202,6,6,6,6,6,NA,NA,NA,NA,22/06/2024 13:03,0
22/06/2024 14:00,WIND,492301,1,HCM,1,62122,1011,240,11,240,18,1307,6,6,6,6,6,NA,NA,NA,NA,22/06/2024 14:03,0
22/06/2024 15:00,WIND,492301,1,HCM,1,62122,1011,240,10,240,18,1446,6,6,6,6,6,NA,NA,NA,NA,22/06/2024 15:03,0
22/06/2024 16:00,WIND,492301,1,HCM,1,62122,1011,240,9,270,16,1511,6,6,6,6,6,NA,NA,NA,NA,22/06/2024 16:03,0
22/06/2024 17:00,WIND,492301,1,HCM,1,62122,1011,240,11,230,18,1628,6,6,6,6,6,NA,NA,NA,NA,22/06/2024 17:03,0
22/06/2024 18:00,WIND,492301,1,HCM,1,62122,1011,240,11,260,18,1718,6,6,6,6,6,NA,NA,NA,NA,22/06/2024 18:03,0
22/06/2024 19:00,WIND,492301,1,HCM,1,62122,1011,250,10,250,17,1821,6,6,6,6,6,NA,NA,NA,NA,22/06/2024 19:03,0
22/06/2024 20:00,WIND,492301,1,HCM,1,62122,1011,250,8,250,14,1853,6,6,6,6,6,NA,NA,NA,NA,22/06/2024 20:03,0
22/06/2024 21:00,WIND,492301,1,HCM,1,62122,1011,250,7,250,14,2014,6,6,6,6,6,NA,NA,NA,NA,22/06/2024 21:03,0
22/06/2024 22:00,WIND,492301,1,HCM,1,62122,1011,250,6,250,10,2052,6,6,6,6,6,NA,NA,NA,NA,22/06/2024 22:03,0
22/06/2024 23:00,WIND,492301,1,HCM,1,62122,1011,250,4,250,10,2205,6,6,6,6,6,NA,NA,NA,NA,22/06/2024 23:03,0
23/06/2024 00:00,WIND,492301,1,HCM,1,62122,1011,230,4,250,8,2328,6,6,6,6,6,NA,NA,NA,NA,23/06/2024 00:03,0
23/06/2024 01:00,WIND,492301,1,HCM,1,62122,1011,240,5,250,8,47,6,6,6,6,6,NA,NA,NA,NA,23/06/2024 01:03,0
23/06/2024 02:00,WIND,492301,1,HCM,1,62122,1011,250,6,260,10,100,6,6,6,6,6,NA,NA,NA,NA,23/06/2024 02:03,0
23/06/2024 03:00,WIND,492301,1,HCM,1,62122,1011,240,4,250,9,155,6,6,6,6,6,NA,NA,NA,NA,23/06/2024 03:03,0
23/06/2024 04:00,WIND,492301,1,HCM,1,62122,1011,250,7,260,12,321,6,6,6,6,6,NA,NA,NA,NA,23/06/2024 04:03,0
23/06/2024 05:00,WIND,492301,1,HCM,1,62122,1011,250,4,240,10,350,6,6,6,6,6,NA,NA,NA,NA,23/06/2024 05:03,0
23/06/2024 06:00,WIND,492301,1,HCM,1,62122,1011,240,5,250,11,517,6,6,6,6,6,NA,NA,NA,NA,23/06/2024 06:03,0
23/06/2024 07:00,WIND,492301,1,HCM,1,62122,1011,240,6,240,10,637,6,6,6,6,6,NA,NA,NA,NA,23/06/2024 07:03,0
23/06/2024 08:00,WIND,492301,1,HCM,1,62122,1011,240,5,250,9,741,6,6,6,6,6,NA,NA,NA,NA,23/06/2024 08:03,0
23/06/2024 09:00,WIND,492301,1,HCM,1,62122,1011,240,6,240,10,813,6,6,6,6,6,NA,NA,NA,NA,23/06/2024 09:03,0
23/06/2024 10:00,WIND,492301,1,HCM,1,62122,1011,230,5,210,9,935,6,6,6,6,6,NA,NA,NA,NA,23/06/2024 10:03,0
23/06/2024 11:00,WIND,492301,1,HCM,1,62122,1011,240,6,250,11,1041,6,6,6,6,6,NA,NA,NA,NA,23/06/2024 11:03,0
23/06/2024 12:00,WIND,492301,1,HCM,1,62122,1011,230,6,220,11,1144,6,6,6,6,6,NA,NA,NA,NA,23/06/2024 12:03,0
23/06/2024 13:00,WIND,492301,1,HCM,1,62122,1011,240,5,250,11,1238,6,6,6,6,6,NA,NA,NA,NA,23/06/2024 13:03,0
23/06/2024 14:00,WIND,492301,1,HCM,1,62122,1011,250,7,270,13,1344,6,6,6,6,6,NA,NA,NA,NA,23/06/2024 14:03,0
23/06/2024 15:00,WIND,492301,1,HCM,1,62122,1011,230,7,230,13,1416,6,6,6,6,6,NA,NA,NA,NA,23/06/2024 15:03,0
23/06/2024 16:00,WIND,492301,1,HCM,1,62122,1011,230,7,250,13,1532,6,6,6,6,6,NA,NA,NA,NA,23/06/2024 16:03,0
23/06/2024 17:00,WIND,492301,1,HCM,1,62122,1011,240,9,250,15,1623,6,6,6,6,6,NA,NA,NA,NA,23/06/2024 17:03,0
23/06/2024 18:00,WIND,492301,1,HCM,1,62122,1011,250,9,250,14,1653,6,6,6,6,6,NA,NA,NA,NA,23/06/2024 18:03,0
23/06/2024 19:00,WIND,492301,1,HCM,1,62122,1011,240,9,250,13,1812,6,6,6,6,6,NA,NA,NA,NA,23/06/2024 19:03,0
23/06/2024 20:00,WIND,492301,1,HCM,1,62122,1011,240,7,240,11,1928,6,6,6,6,6,NA,NA,NA,NA,23/06/2024 20:03,0
23/06/2024 21:00,WIND,492301,1,HCM,1,62122,1011,240,5,240,9,1953,6,6,6,6,6,NA,NA,NA,NA,23/06/2024 21:03,0
23/06/2024 22:00,WIND,492301,1,HCM,1,62122,1011,240,4,240,8,2057,6,6,6,6,6,NA,NA,NA,NA,23/06/2024 22:03,0
23/06/2024 23:00,WIND,492301,1,HCM,1,62122,1011,230,4,190,8,2246,6,6,6,6,6,NA,NA,NA,NA,23/06/2024 23:03,0
24/06/2024 00:00,WIND,492301,1,HCM,1,62122,1011,200,2,210,6,2250,6,6,6,6,6,NA,NA,NA,NA,24/06/2024 00:03,0
24/06/2024 01:00,WIND,492301,1,HCM,1,62122,1011,200,3,190,5,2,6,6,6,6,6,NA,NA,NA,NA,24/06/2024 01:03,0
24/06/2024 02:00,WIND,492301,1,HCM,1,62122,1011,240,3,250,7,132,6,6,6,6,6,NA,NA,NA,NA,24/06/2024 02:03,0
24/06/2024 03:00,WIND,492301,1,HCM,1,62122,1011,230,1,280,3,150,6,6,6,6,6,NA,NA,NA,NA,24/06/2024 03:03,0
24/06/2024 04:00,WIND,492301,1,HCM,1,62122,1011,80,1,70,2,326,6,6,6,6,6,NA,NA,NA,NA,24/06/2024 04:03,0
24/06/2024 05:00,WIND,492301,1,HCM,1,62122,1011,160,1,230,5,447,6,6,6,6,6,NA,NA,NA,NA,24/06/2024 05:03,0
24/06/2024 06:00,WIND,492301,1,HCM,1,62122,1011,240,3,250,6,507,6,6,6,6,6,NA,NA,NA,NA,24/06/2024 06:03,0
24/06/2024 07:00,WIND,492301,1,HCM,1,62122,1011,240,2,250,4,617,6,6,6,6,6,NA,NA,NA,NA,24/06/2024 07:03,0
24/06/2024 08:00,WIND,492301,1,HCM,1,62122,1011,270,1,260,3,654,6,6,6,6,6,NA,NA,NA,NA,24/06/2024 08:03,0
24/06/2024 09:00,WIND,492301,1,HCM,1,62122,1011,330,2,340,5,840,6,6,6,6,6,NA,NA,NA,NA,24/06/2024 09:03,0
24/06/2024 10:00,WIND,492301,1,HCM,1,62122,1011,280,3,90,5,900,6,6,6,6,6,NA,NA,NA,NA,24/06/2024 10:03,0
24/06/2024 11:00,WIND,492301,1,HCM,1,62122,1011,280,4,270,6,1023,6,6,6,6,6,NA,NA,NA,NA,24/06/2024 11:03,0
24/06/2024 12:00,WIND,492301,1,HCM,1,62122,1011,270,3,330,6,1135,6,6,6,6,6,NA,NA,NA,NA,24/06/2024 12:03,0
24/06/2024 13:00,WIND,492301,1,HCM,1,62122,1011,300,2,310,5,1242,6,6,6,6,6,NA,NA,NA,NA,24/06/2024 13:03,0
24/06/2024 14:00,WIND,492301,1,HCM,1,62122,1011,300,4,270,8,1308,6,6,6,6,6,NA,NA,NA,NA,24/06/2024 14:03,0
24/06/2024 15:00,WIND,492301,1,HCM,1,62122,1011,280,4,290,9,1403,6,6,6,6,6,NA,NA,NA,NA,24/06/2024 15:03,0
24/06/2024 16:00,WIND,492301,1,HCM,1,62122,1011,280,4,290,8,1535,6,6,6,6,6,NA,NA,NA,NA,24/06/2024 16:03,0
24/06/2024 17:00,WIND,492301,1,HCM,1,62122,1011,270,5,270,10,1626,6,6,6,6,6,NA,NA,NA,NA,24/06/2024 17:03,0
24/06/2024 18:00,WIND,492301,1,HCM,1,62122,1011,270,5,280,9,1655,6,6,6,6,6,NA,NA,NA,NA,24/06/2024 18:03,0
24/06/2024 19:00,WIND,492301,1,HCM,1,62122,1011,270,5,270,8,1824,6,6,6,6,6,NA,NA,NA,NA,24/06/2024 19:03,0
24/06/2024 20:00,WIND,492301,1,HCM,1,62122,1011,250,4,240,8,1857,6,6,6,6,6,NA,NA,NA,NA,24/06/2024 20:03,0
24/06/2024 21:00,WIND,492301,1,HCM,1,62122,1011,280,3,280,7,2033,6,6,6,6,6,NA,NA,NA,NA,24/06/2024 21:03,0
24/06/2024 22:00,WIND,492301,1,HCM,1,62122,1011,270,3,280,5,2056,6,6,6,6,6,NA,NA,NA,NA,24/06/2024 22:03,0
24/06/2024 23:00,WIND,492301,1,HCM,1,62122,1011,260,3,250,5,2220,6,6,6,6,6,NA,NA,NA,NA,24/06/2024 23:03,0
25/06/2024 00:00,WIND,492301,1,HCM,1,62122,1011,190,1,230,2,2308,6,6,6,6,6,NA,NA,NA,NA,25/06/2024 00:03,0
25/06/2024 01:00,WIND,492301,1,HCM,1,62122,1011,60,1,60,2,1,6,6,6,6,6,NA,NA,NA,NA,25/06/2024 01:03,0
25/06/2024 02:00,WIND,492301,1,HCM,1,62122,1011,0,0,330,2,51,6,6,6,6,6,NA,NA,NA,NA,25/06/2024 02:03,0
25/06/2024 03:00,WIND,492301,1,HCM,1,62122,1011,100,1,90,1,159,6,6,6,6,6,NA,NA,NA,NA,25/06/2024 03:03,0
25/06/2024 04:00,WIND,492301,1,HCM,1,62122,1011,0,0,260,2,333,6,6,6,6,6,NA,NA,NA,NA,25/06/2024 04:03,0
25/06/2024 05:00,WIND,492301,1,HCM,1,62122,1011,270,1,300,2,432,6,6,6,6,6,NA,NA,NA,NA,25/06/2024 05:03,0
25/06/2024 06:00,WIND,492301,1,HCM,1,62122,1011,280,1,270,2,546,6,6,6,6,6,NA,NA,NA,NA,25/06/2024 06:03,0
25/06/2024 07:00,WIND,492301,1,HCM,1,62122,1011,340,3,20,7,633,6,6,6,6,6,NA,NA,NA,NA,25/06/2024 07:03,0
25/06/2024 08:00,WIND,492301,1,HCM,1,62122,1011,10,3,10,7,723,6,6,6,6,6,NA,NA,NA,NA,25/06/2024 08:03,0
25/06/2024 09:00,WIND,492301,1,HCM,1,62122,1011,350,4,30,6,844,6,6,6,6,6,NA,NA,NA,NA,25/06/2024 09:03,0
25/06/2024 10:00,WIND,492301,1,HCM,1,62122,1011,60,3,120,7,939,6,6,6,6,6,NA,NA,NA,NA,25/06/2024 10:03,0
25/06/2024 11:00,WIND,492301,1,HCM,1,62122,1011,40,3,40,8,1032,6,6,6,6,6,NA,NA,NA,NA,25/06/2024 11:03,0
25/06/2024 12:00,WIND,492301,1,HCM,1,62122,1011,340,5,360,11,1106,6,6,6,6,6,NA,NA,NA,NA,25/06/2024 12:03,0
25/06/2024 13:00,WIND,492301,1,HCM,1,62122,1011,330,5,10,10,1210,6,6,6,6,6,NA,NA,NA,NA,25/06/2024 13:03,0
25/06/2024 14:00,WIND,492301,1,HCM,1,62122,1011,280,6,320,11,1321,6,6,6,6,6,NA,NA,NA,NA,25/06/2024 14:03,0
25/06/2024 15:00,WIND,492301,1,HCM,1,62122,1011,270,7,240,12,1441,6,6,6,6,6,NA,NA,NA,NA,25/06/2024 15:03,0
25/06/2024 16:00,WIND,492301,1,HCM,1,62122,1011,270,7,260,12,1507,6,6,6,6,6,NA,NA,NA,NA,25/06/2024 16:03,0
25/06/2024 17:00,WIND,492301,1,HCM,1,62122,1011,260,7,280,11,1611,6,6,6,6,6,NA,NA,NA,NA,25/06/2024 17:03,0
25/06/2024 18:00,WIND,492301,1,HCM,1,62122,1011,250,8,250,12,1712,6,6,6,6,6,NA,NA,NA,NA,25/06/2024 18:03,0
25/06/2024 19:00,WIND,492301,1,HCM,1,62122,1011,260,8,250,12,1814,6,6,6,6,6,NA,NA,NA,NA,25/06/2024 19:03,0
25/06/2024 20:00,WIND,492301,1,HCM,1,62122,1011,270,6,250,11,1852,6,6,6,6,6,NA,NA,NA,NA,25/06/2024 20:03,0
25/06/2024 21:00,WIND,492301,1,HCM,1,62122,1011,250,7,260,10,2003,6,6,6,6,6,NA,NA,NA,NA,25/06/2024 21:03,0
25/06/2024 22:00,WIND,492301,1,HCM,1,62122,1011,260,6,250,11,2121,6,6,6,6,6,NA,NA,NA,NA,25/06/2024 22:03,0
25/06/2024 23:00,WIND,492301,1,HCM,1,62122,1011,280,5,280,7,2202,6,6,6,6,6,NA,NA,NA,NA,25/06/2024 23:03,0
26/06/2024 00:00,WIND,492301,1,HCM,1,62122,1011,330,4,360,9,2336,6,6,6,6,6,NA,NA,NA,NA,26/06/2024 00:03,0
26/06/2024 01:00,WIND,492301,1,HCM,1,62122,1011,340,5,340,10,8,6,6,6,6,6,NA,NA,NA,NA,26/06/2024 01:03,0
26/06/2024 02:00,WIND,492301,1,HCM,1,62122,1011,10,6,10,10,127,6,6,6,6,6,NA,NA,NA,NA,26/06/2024 02:03,0
26/06/2024 03:00,WIND,492301,1,HCM,1,62122,1011,350,5,350,10,215,6,6,6,6,6,NA,NA,NA,NA,26/06/2024 03:03,0
26/06/2024 04:00,WIND,492301,1,HCM,1,62122,1011,360,4,360,8,308,6,6,6,6,6,NA,NA,NA,NA,26/06/2024 04:03,0
26/06/2024 05:00,WIND,492301,1,HCM,1,62122,1011,350,5,350,9,401,6,6,6,6,6,NA,NA,NA,NA,26/06/2024 05:03,0
26/06/2024 06:00,WIND,492301,1,HCM,1,62122,1011,360,5,20,10,545,6,6,6,6,6,NA,NA,NA,NA,26/06/2024 06:03,0
26/06/2024 07:00,WIND,492301,1,HCM,1,62122,1011,20,6,10,11,559,6,6,6,6,6,NA,NA,NA,NA,26/06/2024 07:03,0
26/06/2024 08:00,WIND,492301,1,HCM,1,62122,1011,40,5,40,8,658,6,6,6,6,6,NA,NA,NA,NA,26/06/2024 08:03,0
26/06/2024 09:00,WIND,492301,1,HCM,1,62122,1011,60,5,60,9,823,6,6,6,6,6,NA,NA,NA,NA,26/06/2024 09:03,0
26/06/2024 10:00,WIND,492301,1,HCM,1,62122,1011,90,5,100,11,944,6,6,6,6,6,NA,NA,NA,NA,26/06/2024 10:03,0
26/06/2024 11:00,WIND,492301,1,HCM,1,62122,1011,120,5,130,11,1008,6,6,6,6,6,NA,NA,NA,NA,26/06/2024 11:03,0
26/06/2024 12:00,WIND,492301,1,HCM,1,62122,1011,150,5,120,11,1125,6,6,6,6,6,NA,NA,NA,NA,26/06/2024 12:03,0
26/06/2024 13:00,WIND,492301,1,HCM,1,62122,1011,190,5,190,12,1239,6,6,6,6,6,NA,NA,NA,NA,26/06/2024 13:03,0
26/06/2024 14:00,WIND,492301,1,HCM,1,62122,1011,260,7,250,13,1331,6,6,6,6,6,NA,NA,NA,NA,26/06/2024 14:03,0
26/06/2024 15:00,WIND,492301,1,HCM,1,62122,1011,270,8,280,13,1426,6,6,6,6,6,NA,NA,NA,NA,26/06/2024 15:03,0
26/06/2024 16:00,WIND,492301,1,HCM,1,62122,1011,260,8,250,15,1516,6,6,6,6,6,NA,NA,NA,NA,26/06/2024 16:03,0
26/06/2024 17:00,WIND,492301,1,HCM,1,62122,1011,250,7,240,13,1628,6,6,6,6,6,NA,NA,NA,NA,26/06/2024 17:03,0
26/06/2024 18:00,WIND,492301,1,HCM,1,62122,1011,240,6,240,10,1704,6,6,6,6,6,NA,NA,NA,NA,26/06/2024 18:03,0
26/06/2024 19:00,WIND,492301,1,HCM,1,62122,1011,240,7,260,12,1814,6,6,6,6,6,NA,NA,NA,NA,26/06/2024 19:03,0
26/06/2024 20:00,WIND,492301,1,HCM,1,62122,1011,230,5,240,11,1854,6,6,6,6,6,NA,NA,NA,NA,26/06/2024 20:03,0
26/06/2024 21:00,WIND,492301,1,HCM,1,62122,1011,230,6,220,12,2023,6,6,6,6,6,NA,NA,NA,NA,26/06/2024 21:03,0
26/06/2024 22:00,WIND,492301,1,HCM,1,62122,1011,230,6,230,14,2149,6,6,6,6,6,NA,NA,NA,NA,26/06/2024 22:03,0
26/06/2024 23:00,WIND,492301,1,HCM,1,62122,1011,230,8,230,17,2159,6,6,6,6,6,NA,NA,NA,NA,26/06/2024 23:03,0
27/06/2024 00:00,WIND,492301,1,HCM,1,62122,1011,230,7,250,13,2330,6,6,6,6,6,NA,NA,NA,NA,27/06/2024 00:03,0
27/06/2024 01:00,WIND,492301,1,HCM,1,62122,1011,220,7,220,13,2,6,6,6,6,6,NA,NA,NA,NA,27/06/2024 01:03,0
27/06/2024 02:00,WIND,492301,1,HCM,1,62122,1011,230,7,230,14,147,6,6,6,6,6,NA,NA,NA,NA,27/06/2024 02:03,0
27/06/2024 03:00,WIND,492301,1,HCM,1,62122,1011,240,9,230,17,224,6,6,6,6,6,NA,NA,NA,NA,27/06/2024 03:03,0
27/06/2024 04:00,WIND,492301,1,HCM,1,62122,1011,240,9,240,16,324,6,6,6,6,6,NA,NA,NA,NA,27/06/2024 04:03,0
27/06/2024 05:00,WIND,492301,1,HCM,1,62122,1011,250,9,250,17,400,6,6,6,6,6,NA,NA,NA,NA,27/06/2024 05:03,0
27/06/2024 06:00,WIND,492301,1,HCM,1,62122,1011,240,8,230,14,512,6,6,6,6,6,NA,NA,NA,NA,27/06/2024 06:03,0
27/06/2024 07:00,WIND,492301,1,HCM,1,62122,1011,240,9,240,17,630,6,6,6,6,6,NA,NA,NA,NA,27/06/2024 07:03,0
27/06/2024 08:00,WIND,492301,1,HCM,1,62122,1011,240,11,240,23,748,6,6,6,6,6,NA,NA,NA,NA,27/06/2024 08:03,0
27/06/2024 09:00,WIND,492301,1,HCM,1,62122,1011,240,16,240,26,845,6,6,6,6,6,NA,NA,NA,NA,27/06/2024 09:03,0
27/06/2024 10:00,WIND,492301,1,HCM,1,62122,1011,240,14,250,25,942,6,6,6,6,6,NA,NA,NA,NA,27/06/2024 10:03,0
27/06/2024 11:00,WIND,492301,1,HCM,1,62122,1011,240,15,230,24,1039,6,6,6,6,6,NA,NA,NA,NA,27/06/2024 11:03,0
27/06/2024 12:00,WIND,492301,1,HCM,1,62122,1011,230,15,240,25,1051,6,6,6,6,6,NA,NA,NA,NA,27/06/2024 12:03,0
27/06/2024 13:00,WIND,492301,1,HCM,1,62122,1011,230,15,240,26,1155,6,6,6,6,6,NA,NA,NA,NA,27/06/2024 13:03,0
27/06/2024 14:00,WIND,492301,1,HCM,1,62122,1011,240,15,250,25,1312,6,6,6,6,6,NA,NA,NA,NA,27/06/2024 14:03,0
27/06/2024 15:00,WIND,492301,1,HCM,1,62122,1011,240,16,240,26,1356,6,6,6,6,6,NA,NA,NA,NA,27/06/2024 15:03,0
27/06/2024 16:00,WIND,492301,1,HCM,1,62122,1011,240,15,240,27,1536,6,6,6,6,6,NA,NA,NA,NA,27/06/2024 16:03,0
27/06/2024 17:00,WIND,492301,1,HCM,1,62122,1011,240,15,210,26,1622,6,6,6,6,6,NA,NA,NA,NA,27/06/2024 17:03,0
27/06/2024 18:00,WIND,492301,1,HCM,1,62122,1011,240,16,250,27,1658,6,6,6,6,6,NA,NA,NA,NA,27/06/2024 18:03,0
27/06/2024 19:00,WIND,492301,1,HCM,1,62122,1011,240,16,240,28,1811,6,6,6,6,6,NA,NA,NA,NA,27/06/2024 19:03,0
27/06/2024 20:00,WIND,492301,1,HCM,1,62122,1011,240,14,250,27,1907,6,6,6,6,6,NA,NA,NA,NA,27/06/2024 20:03,0
27/06/2024 21:00,WIND,492301,1,HCM,1,62122,1011,240,14,240,26,1954,6,6,6,6,6,NA,NA,NA,NA,27/06/2024 21:03,0
27/06/2024 22:00,WIND,492301,1,HCM,1,62122,1011,240,13,240,24,2111,6,6,6,6,6,NA,NA,NA,NA,27/06/2024 22:03,0
27/06/2024 23:00,WIND,492301,1,HCM,1,62122,1011,240,12,240,20,2153,6,6,6,6,6,NA,NA,NA,NA,27/06/2024 23:03,0
28/06/2024 00:00,WIND,492301,1,HCM,1,62122,1011,250,10,250,19,2342,6,6,6,6,6,NA,NA,NA,NA,28/06/2024 00:03,0
28/06/2024 01:00,WIND,492301,1,HCM,1,62122,1011,250,10,240,18,25,6,6,6,6,6,NA,NA,NA,NA,28/06/2024 01:03,0
28/06/2024 02:00,WIND,492301,1,HCM,1,62122,1011,260,10,270,18,140,6,6,6,6,6,NA,NA,NA,NA,28/06/2024 02:03,0
28/06/2024 03:00,WIND,492301,1,HCM,1,62122,1011,250,10,260,19,155,6,6,6,6,6,NA,NA,NA,NA,28/06/2024 03:03,0
28/06/2024 04:00,WIND,492301,1,HCM,1,62122,1011,250,9,250,19,346,6,6,6,6,6,NA,NA,NA,NA,28/06/2024 04:03,0
28/06/2024 05:00,WIND,492301,1,HCM,1,62122,1011,260,8,250,16,350,6,6,6,6,6,NA,NA,NA,NA,28/06/2024 05:03,0
28/06/2024 06:00,WIND,492301,1,HCM,1,62122,1011,260,10,250,18,548,6,6,6,6,6,NA,NA,NA,NA,28/06/2024 06:04,0
28/06/2024 07:00,WIND,492301,1,HCM,1,62122,1011,250,12,250,21,608,6,6,6,6,6,NA,NA,NA,NA,28/06/2024 07:03,0
28/06/2024 08:00,WIND,492301,1,HCM,1,62122,1011,250,12,260,21,742,6,6,6,6,6,NA,NA,NA,NA,28/06/2024 08:03,0
28/06/2024 09:00,WIND,492301,1,HCM,1,62122,1011,250,10,240,19,805,6,6,6,6,6,NA,NA,NA,NA,28/06/2024 09:03,0
28/06/2024 10:00,WIND,492301,1,HCM,1,62122,1011,250,10,270,18,921,6,6,6,6,6,NA,NA,NA,NA,28/06/2024 10:03,0
28/06/2024 11:00,WIND,492301,1,HCM,1,62122,1011,250,9,240,16,1012,6,6,6,6,6,NA,NA,NA,NA,28/06/2024 11:03,0
28/06/2024 12:00,WIND,492301,1,HCM,1,62122,1011,240,10,240,19,1114,6,6,6,6,6,NA,NA,NA,NA,28/06/2024 12:03,0
28/06/2024 13:00,WIND,492301,1,HCM,1,62122,1011,240,13,220,23,1249,6,6,6,6,6,NA,NA,NA,NA,28/06/2024 13:03,0
28/06/2024 14:00,WIND,492301,1,HCM,1,62122,1011,240,13,260,22,1303,6,6,6,6,6,NA,NA,NA,NA,28/06/2024 14:03,0
28/06/2024 15:00,WIND,492301,1,HCM,1,62122,1011,240,13,250,20,1444,6,6,6,6,6,NA,NA,NA,NA,28/06/2024 15:03,0
28/06/2024 16:00,WIND,492301,1,HCM,1,62122,1011,240,13,240,21,1545,6,6,6,6,6,NA,NA,NA,NA,28/06/2024 16:03,0
28/06/2024 17:00,WIND,492301,1,HCM,1,62122,1011,240,12,240,21,1609,6,6,6,6,6,NA,NA,NA,NA,28/06/2024 17:07,0
28/06/2024 18:00,WIND,492301,1,HCM,1,62122,1011,240,12,240,19,1712,6,6,6,6,6,NA,NA,NA,NA,28/06/2024 18:03,0
28/06/2024 19:00,WIND,492301,1,HCM,1,62122,1011,250,9,240,19,1817,6,6,6,6,6,NA,NA,NA,NA,28/06/2024 19:03,0
28/06/2024 20:00,WIND,492301,1,HCM,1,62122,1011,240,9,230,15,1904,6,6,6,6,6,NA,NA,NA,NA,28/06/2024 20:03,0
28/06/2024 21:00,WIND,492301,1,HCM,1,62122,1011,240,7,230,13,2030,6,6,6,6,6,NA,NA,NA,NA,28/06/2024 21:03,0
28/06/2024 22:00,WIND,492301,1,HCM,1,62122,1011,250,6,270,14,2138,6,6,6,6,6,NA,NA,NA,NA,28/06/2024 22:03,0
28/06/2024 23:00,WIND,492301,1,HCM,1,62122,1011,250,6,260,13,2220,6,6,6,6,6,NA,NA,NA,NA,28/06/2024 23:03,0
29/06/2024 00:00,WIND,492301,1,HCM,1,62122,1011,240,4,250,9,2251,6,6,6,6,6,NA,NA,NA,NA,29/06/2024 00:03,0
29/06/2024 01:00,WIND,492301,1,HCM,1,62122,1011,220,3,220,6,2359,6,6,6,6,6,NA,NA,NA,NA,29/06/2024 01:03,0
29/06/2024 02:00,WIND,492301,1,HCM,1,62122,1011,210,1,230,3,59,6,6,6,6,6,NA,NA,NA,NA,29/06/2024 02:03,0
29/06/2024 03:00,WIND,492301,1,HCM,1,62122,1011,70,2,90,5,247,6,6,6,6,6,NA,NA,NA,NA,29/06/2024 03:03,0
29/06/2024 04:00,WIND,492301,1,HCM,1,62122,1011,70,1,70,4,250,6,6,6,6,6,NA,NA,NA,NA,29/06/2024 04:03,0
29/06/2024 05:00,WIND,492301,1,HCM,1,62122,1011,90,2,90,3,404,6,6,6,6,6,NA,NA,NA,NA,29/06/2024 05:03,0
29/06/2024 06:00,WIND,492301,1,HCM,1,62122,1011,100,2,100,4,538,6,6,6,6,6,NA,NA,NA,NA,29/06/2024 06:03,0
29/06/2024 07:00,WIND,492301,1,HCM,1,62122,1011,140,2,120,6,646,6,6,6,6,6,NA,NA,NA,NA,29/06/2024 07:03,0
29/06/2024 08:00,WIND,492301,1,HCM,1,62122,1011,190,3,220,7,719,6,6,6,6,6,NA,NA,NA,NA,29/06/2024 08:03,0
29/06/2024 09:00,WIND,492301,1,HCM,1,62122,1011,260,3,250,6,838,6,6,6,6,6,NA,NA,NA,NA,29/06/2024 09:03,0
29/06/2024 10:00,WIND,492301,1,HCM,1,62122,1011,260,4,240,9,946,6,6,6,6,6,NA,NA,NA,NA,29/06/2024 10:03,0
29/06/2024 11:00,WIND,492301,1,HCM,1,62122,1011,260,5,240,13,1031,6,6,6,6,6,NA,NA,NA,NA,29/06/2024 11:03,0
29/06/2024 12:00,WIND,492301,1,HCM,1,62122,1011,280,6,270,14,1133,6,6,6,6,6,NA,NA,NA,NA,29/06/2024 12:03,0
29/06/2024 13:00,WIND,492301,1,HCM,1,62122,1011,260,7,270,14,1240,6,6,6,6,6,NA,NA,NA,NA,29/06/2024 13:03,0
29/06/2024 14:00,WIND,492301,1,HCM,1,62122,1011,260,9,270,17,1318,6,6,6,6,6,NA,NA,NA,NA,29/06/2024 14:03,0
29/06/2024 15:00,WIND,492301,1,HCM,1,62122,1011,260,9,280,17,1356,6,6,6,6,6,NA,NA,NA,NA,29/06/2024 15:03,0
29/06/2024 16:00,WIND,492301,1,HCM,1,62122,1011,250,8,270,15,1534,6,6,6,6,6,NA,NA,NA,NA,29/06/2024 16:03,0
29/06/2024 17:00,WIND,492301,1,HCM,1,62122,1011,260,7,250,13,1600,6,6,6,6,6,NA,NA,NA,NA,29/06/2024 17:03,0
29/06/2024 18:00,WIND,492301,1,HCM,1,62122,1011,250,7,240,11,1726,6,6,6,6,6,NA,NA,NA,NA,29/06/2024 18:03,0
29/06/2024 19:00,WIND,492301,1,HCM,1,62122,1011,240,8,230,13,1822,6,6,6,6,6,NA,NA,NA,NA,29/06/2024 19:03,0
29/06/2024 20:00,WIND,492301,1,HCM,1,62122,1011,240,7,240,12,1908,6,6,6,6,6,NA,NA,NA,NA,29/06/2024 20:03,0
29/06/2024 21:00,WIND,492301,1,HCM,1,62122,1011,240,8,240,13,2015,6,6,6,6,6,NA,NA,NA,NA,29/06/2024 21:03,0
29/06/2024 22:00,WIND,492301,1,HCM,1,62122,1011,240,8,230,12,2114,6,6,6,6,6,NA,NA,NA,NA,29/06/2024 22:03,0
29/06/2024 23:00,WIND,492301,1,HCM,1,62122,1011,260,5,240,9,2215,6,6,6,6,6,NA,NA,NA,NA,29/06/2024 23:03,0
30/06/2024 00:00,WIND,492301,1,HCM,1,62122,1011,350,1,330,6,2348,6,6,6,6,6,NA,NA,NA,NA,30/06/2024 00:03,0
30/06/2024 01:00,WIND,492301,1,HCM,1,62122,1011,340,3,340,5,22,6,6,6,6,6,NA,NA,NA,NA,30/06/2024 01:03,0
30/06/2024 02:00,WIND,492301,1,HCM,1,62122,1011,300,3,280,6,142,6,6,6,6,6,NA,NA,NA,NA,30/06/2024 02:03,0
30/06/2024 03:00,WIND,492301,1,HCM,1,62122,1011,290,5,270,8,211,6,6,6,6,6,NA,NA,NA,NA,30/06/2024 03:03,0
30/06/2024 04:00,WIND,492301,1,HCM,1,62122,1011,300,5,360,17,340,6,6,6,6,6,NA,NA,NA,NA,30/06/2024 04:03,0
30/06/2024 05:00,WIND,492301,1,HCM,1,62122,1011,10,8,10,16,350,6,6,6,6,6,NA,NA,NA,NA,30/06/2024 05:03,0
30/06/2024 06:00,WIND,492301,1,HCM,1,62122,1011,350,5,360,8,457,6,6,6,6,6,NA,NA,NA,NA,30/06/2024 06:03,0
30/06/2024 07:00,WIND,492301,1,HCM,1,62122,1011,360,5,360,10,609,6,6,6,6,6,NA,NA,NA,NA,30/06/2024 07:03,0
30/06/2024 08:00,WIND,492301,1,HCM,1,62122,1011,360,4,330,8,729,6,6,6,6,6,NA,NA,NA,NA,30/06/2024 08:03,0
30/06/2024 09:00,WIND,492301,1,HCM,1,62122,1011,20,6,40,10,828,6,6,6,6,6,NA,NA,NA,NA,30/06/2024 09:03,0
30/06/2024 10:00,WIND,492301,1,HCM,1,62122,1011,360,6,10,10,921,6,6,6,6,6,NA,NA,NA,NA,30/06/2024 10:03,0
30/06/2024 11:00,WIND,492301,1,HCM,1,62122,1011,350,5,350,9,1001,6,6,6,6,6,NA,NA,NA,NA,30/06/2024 11:03,0
30/06/2024 12:00,WIND,492301,1,HCM,1,62122,1011,360,5,20,11,1145,6,6,6,6,6,NA,NA,NA,NA,30/06/2024 12:03,0
30/06/2024 13:00,WIND,492301,1,HCM,1,62122,1011,340,7,330,14,1232,6,6,6,6,6,NA,NA,NA,NA,30/06/2024 13:03,0
30/06/2024 14:00,WIND,492301,1,HCM,1,62122,1011,330,7,340,13,1316,6,6,6,6,6,NA,NA,NA,NA,30/06/2024 14:03,0
30/06/2024 15:00,WIND,492301,1,HCM,1,62122,1011,320,6,350,13,1350,6,6,6,6,6,NA,NA,NA,NA,30/06/2024 15:03,0
30/06/2024 16:00,WIND,492301,1,HCM,1,62122,1011,320,5,340,10,1455,6,6,6,6,6,NA,NA,NA,NA,30/06/2024 16:03,0
30/06/2024 17:00,WIND,492301,1,HCM,1,62122,1011,340,5,350,10,1630,6,6,6,6,6,NA,NA,NA,NA,30/06/2024 17:03,0
30/06/2024 18:00,WIND,492301,1,HCM,1,62122,1011,330,5,320,9,1652,6,6,6,6,6,NA,NA,NA,NA,30/06/2024 18:03,0
30/06/2024 19:00,WIND,492301,1,HCM,1,62122,1011,310,4,310,8,1837,6,6,6,6,6,NA,NA,NA,NA,30/06/2024 19:03,0
30/06/2024 20:00,WIND,492301,1,HCM,1,62122,1011,300,4,300,9,1856,6,6,6,6,6,NA,NA,NA,NA,30/06/2024 20:03,0
30/06/2024 21:00,WIND,492301,1,HCM,1,62122,1011,320,5,320,9,2025,6,6,6,6,6,NA,NA,NA,NA,30/06/2024 21:03,0
30/06/2024 22:00,WIND,492301,1,HCM,1,62122,1011,330,4,340,8,2119,6,6,6,6,6,NA,NA,NA,NA,30/06/2024 22:03,0
30/06/2024 23:00,WIND,492301,1,HCM,1,62122,1011,330,3,340,7,2150,6,6,6,6,6,NA,NA,NA,NA,30/06/2024 23:03,0
01/07/2024 00:00,WIND,492301,1,HCM,1,62122,1011,270,3,260,4,2311,6,6,6,6,6,NA,NA,NA,NA,01/07/2024 00:03,0
01/07/2024 01:00,WIND,492301,1,HCM,1,62122,1011,280,3,280,7,49,6,6,6,6,6,NA,NA,NA,NA,01/07/2024 01:03,0
01/07/2024 02:00,WIND,492301,1,HCM,1,62122,1011,260,4,280,8,108,6,6,6,6,6,NA,NA,NA,NA,01/07/2024 02:03,0
01/07/2024 03:00,WIND,492301,1,HCM,1,62122,1011,260,2,260,6,153,6,6,6,6,6,NA,NA,NA,NA,01/07/2024 03:03,0
01/07/2024 04:00,WIND,492301,1,HCM,1,62122,1011,250,3,250,5,330,6,6,6,6,6,NA,NA,NA,NA,01/07/2024 04:03,0
01/07/2024 05:00,WIND,492301,1,HCM,1,62122,1011,260,3,270,6,429,6,6,6,6,6,NA,NA,NA,NA,01/07/2024 05:03,0
01/07/2024 06:00,WIND,492301,1,HCM,1,62122,1011,250,2,240,5,533,6,6,6,6,6,NA,NA,NA,NA,01/07/2024 06:04,0
01/07/2024 07:00,WIND,492301,1,HCM,1,62122,1011,250,4,250,6,636,6,6,6,6,6,NA,NA,NA,NA,01/07/2024 07:03,0
01/07/2024 08:00,WIND,492301,1,HCM,1,62122,1011,240,4,250,7,748,6,6,6,6,6,NA,NA,NA,NA,01/07/2024 08:03,0
01/07/2024 09:00,WIND,492301,1,HCM,1,62122,1011,230,5,210,10,824,6,6,6,6,6,NA,NA,NA,NA,01/07/2024 09:03,0
01/07/2024 10:00,WIND,492301,1,HCM,1,62122,1011,240,6,250,12,910,6,6,6,6,6,NA,NA,NA,NA,01/07/2024 10:03,0
01/07/2024 11:00,WIND,492301,1,HCM,1,62122,1011,240,7,230,12,951,6,6,6,6,6,NA,NA,NA,NA,01/07/2024 11:03,0
01/07/2024 12:00,WIND,492301,1,HCM,1,62122,1011,240,7,260,14,1058,6,6,6,6,6,NA,NA,NA,NA,01/07/2024 12:03,0
01/07/2024 13:00,WIND,492301,1,HCM,1,62122,1011,240,10,250,17,1242,6,6,6,6,6,NA,NA,NA,NA,01/07/2024 13:03,0
01/07/2024 14:00,WIND,492301,1,HCM,1,62122,1011,240,11,250,20,1338,6,6,6,6,6,NA,NA,NA,NA,01/07/2024 14:03,0
01/07/2024 15:00,WIND,492301,1,HCM,1,62122,1011,240,13,240,25,1433,6,6,6,6,6,NA,NA,NA,NA,01/07/2024 15:03,0
01/07/2024 16:00,WIND,492301,1,HCM,1,62122,1011,240,13,240,20,1549,6,6,6,6,6,NA,NA,NA,NA,01/07/2024 16:03,0
01/07/2024 17:00,WIND,492301,1,HCM,1,62122,1011,240,11,240,20,1643,6,6,6,6,6,NA,NA,NA,NA,01/07/2024 17:03,0
01/07/2024 18:00,WIND,492301,1,HCM,1,62122,1011,230,10,240,17,1653,6,6,6,6,6,NA,NA,NA,NA,01/07/2024 18:03,0
01/07/2024 19:00,WIND,492301,1,HCM,1,62122,1011,240,9,230,17,1809,6,6,6,6,6,NA,NA,NA,NA,01/07/2024 19:03,0
01/07/2024 20:00,WIND,492301,1,HCM,1,62122,1011,240,8,250,15,1907,6,6,6,6,6,NA,NA,NA,NA,01/07/2024 20:03,0
01/07/2024 21:00,WIND,492301,1,HCM,1,62122,1011,260,6,240,12,1958,6,6,6,6,6,NA,NA,NA,NA,01/07/2024 21:03,0
01/07/2024 22:00,WIND,492301,1,HCM,1,62122,1011,280,4,280,9,2104,6,6,6,6,6,NA,NA,NA,NA,01/07/2024 22:03,0
01/07/2024 23:00,WIND,492301,1,HCM,1,62122,1011,300,4,270,11,2202,6,6,6,6,6,NA,NA,NA,NA,01/07/2024 23:03,0
02/07/2024 00:00,WIND,492301,1,HCM,1,62122,1011,250,3,240,5,2327,6,6,6,6,6,NA,NA,NA,NA,02/07/2024 00:03,0
02/07/2024 01:00,WIND,492301,1,HCM,1,62122,1011,340,5,40,12,20,6,6,6,6,6,NA,NA,NA,NA,02/07/2024 01:03,0
02/07/2024 02:00,WIND,492301,1,HCM,1,62122,1011,360,5,360,9,126,6,6,6,6,6,NA,NA,NA,NA,02/07/2024 02:03,0
02/07/2024 03:00,WIND,492301,1,HCM,1,62122,1011,340,6,330,15,219,6,6,6,6,6,NA,NA,NA,NA,02/07/2024 03:03,0
02/07/2024 04:00,WIND,492301,1,HCM,1,62122,1011,360,5,360,11,342,6,6,6,6,6,NA,NA,NA,NA,02/07/2024 04:03,0
02/07/2024 05:00,WIND,492301,1,HCM,1,62122,1011,340,3,340,8,350,6,6,6,6,6,NA,NA,NA,NA,02/07/2024 05:07,0
02/07/2024 06:00,WIND,492301,1,HCM,1,62122,1011,280,4,270,10,548,6,6,6,6,6,NA,NA,NA,NA,02/07/2024 06:03,0
02/07/2024 07:00,WIND,492301,1,HCM,1,62122,1011,300,8,280,15,615,6,6,6,6,6,NA,NA,NA,NA,02/07/2024 07:03,0
02/07/2024 08:00,WIND,492301,1,HCM,1,62122,1011,310,8,290,16,708,6,6,6,6,6,NA,NA,NA,NA,02/07/2024 08:07,0
02/07/2024 09:00,WIND,492301,1,HCM,1,62122,1011,320,7,330,15,811,6,6,6,6,6,NA,NA,NA,NA,02/07/2024 09:03,0
02/07/2024 10:00,WIND,492301,1,HCM,1,62122,1011,330,7,330,12,908,6,6,6,6,6,NA,NA,NA,NA,02/07/2024 10:03,0
02/07/2024 11:00,WIND,492301,1,HCM,1,62122,1011,330,7,330,13,1046,6,6,6,6,6,NA,NA,NA,NA,02/07/2024 11:03,0
02/07/2024 12:00,WIND,492301,1,HCM,1,62122,1011,350,9,360,18,1123,6,6,6,6,6,NA,NA,NA,NA,02/07/2024 12:03,0
02/07/2024 13:00,WIND,492301,1,HCM,1,62122,1011,350,8,340,14,1203,6,6,6,6,6,NA,NA,NA,NA,02/07/2024 13:03,0
02/07/2024 14:00,WIND,492301,1,HCM,1,62122,1011,320,5,280,13,1301,6,6,6,6,6,NA,NA,NA,NA,02/07/2024 14:03,0
02/07/2024 15:00,WIND,492301,1,HCM,1,62122,1011,310,5,340,11,1426,6,6,6,6,6,NA,NA,NA,NA,02/07/2024 15:03,0
02/07/2024 16:00,WIND,492301,1,HCM,1,62122,1011,280,5,250,10,1451,6,6,6,6,6,NA,NA,NA,NA,02/07/2024 16:03,0
02/07/2024 17:00,WIND,492301,1,HCM,1,62122,1011,280,5,270,11,1620,6,6,6,6,6,NA,NA,NA,NA,02/07/2024 17:03,0
02/07/2024 18:00,WIND,492301,1,HCM,1,62122,1011,260,6,240,12,1708,6,6,6,6,6,NA,NA,NA,NA,02/07/2024 18:03,0
02/07/2024 19:00,WIND,492301,1,HCM,1,62122,1011,240,8,240,13,1847,6,6,6,6,6,NA,NA,NA,NA,02/07/2024 19:03,0
02/07/2024 20:00,WIND,492301,1,HCM,1,62122,1011,230,6,250,11,1920,6,6,6,6,6,NA,NA,NA,NA,02/07/2024 20:03,0
02/07/2024 21:00,WIND,492301,1,HCM,1,62122,1011,260,5,270,12,2007,6,6,6,6,6,NA,NA,NA,NA,02/07/2024 21:03,0
02/07/2024 22:00,WIND,492301,1,HCM,1,62122,1011,270,4,280,9,2059,6,6,6,6,6,NA,NA,NA,NA,02/07/2024 22:03,0
02/07/2024 23:00,WIND,492301,1,HCM,1,62122,1011,280,2,280,4,2156,6,6,6,6,6,NA,NA,NA,NA,02/07/2024 23:03,0
03/07/2024 00:00,WIND,492301,1,HCM,1,62122,1011,250,3,250,5,2310,6,6,6,6,6,NA,NA,NA,NA,03/07/2024 00:03,0
03/07/2024 01:00,WIND,492301,1,HCM,1,62122,1011,240,7,220,14,29,6,6,6,6,6,NA,NA,NA,NA,03/07/2024 01:03,0
03/07/2024 02:00,WIND,492301,1,HCM,1,62122,1011,250,7,250,15,56,6,6,6,6,6,NA,NA,NA,NA,03/07/2024 02:03,0
03/07/2024 03:00,WIND,492301,1,HCM,1,62122,1011,250,7,250,13,209,6,6,6,6,6,NA,NA,NA,NA,03/07/2024 03:03,0
03/07/2024 04:00,WIND,492301,1,HCM,1,62122,1011,240,5,260,10,250,6,6,6,6,6,NA,NA,NA,NA,03/07/2024 04:03,0
03/07/2024 05:00,WIND,492301,1,HCM,1,62122,1011,230,5,230,10,449,6,6,6,6,6,NA,NA,NA,NA,03/07/2024 05:03,0
03/07/2024 06:00,WIND,492301,1,HCM,1,62122,1011,210,6,190,10,526,6,6,6,6,6,NA,NA,NA,NA,03/07/2024 06:03,0
03/07/2024 07:00,WIND,492301,1,HCM,1,62122,1011,180,6,170,12,639,6,6,6,6,6,NA,NA,NA,NA,03/07/2024 07:03,0
03/07/2024 08:00,WIND,492301,1,HCM,1,62122,1011,190,7,190,13,731,6,6,6,6,6,NA,NA,NA,NA,03/07/2024 08:03,0
03/07/2024 09:00,WIND,492301,1,HCM,1,62122,1011,210,8,200,16,750,6,6,6,6,6,NA,NA,NA,NA,03/07/2024 09:03,0
03/07/2024 10:00,WIND,492301,1,HCM,1,62122,1011,230,9,260,19,948,6,6,6,6,6,NA,NA,NA,NA,03/07/2024 10:03,0
03/07/2024 11:00,WIND,492301,1,HCM,1,62122,1011,230,10,250,20,959,6,6,6,6,6,NA,NA,NA,NA,03/07/2024 11:03,0
03/07/2024 12:00,WIND,492301,1,HCM,1,62122,1011,240,13,230,24,1123,6,6,6,6,6,NA,NA,NA,NA,03/07/2024 12:03,0
03/07/2024 13:00,WIND,492301,1,HCM,1,62122,1011,230,11,250,25,1200,6,6,6,6,6,NA,NA,NA,NA,03/07/2024 13:03,0
03/07/2024 14:00,WIND,492301,1,HCM,1,62122,1011,230,11,210,21,1254,6,6,6,6,6,NA,NA,NA,NA,03/07/2024 14:03,0
03/07/2024 15:00,WIND,492301,1,HCM,1,62122,1011,230,12,240,24,1430,6,6,6,6,6,NA,NA,NA,NA,03/07/2024 15:03,0
03/07/2024 16:00,WIND,492301,1,HCM,1,62122,1011,240,17,260,28,1539,6,6,6,6,6,NA,NA,NA,NA,03/07/2024 16:03,0
03/07/2024 17:00,WIND,492301,1,HCM,1,62122,1011,240,11,250,20,1554,6,6,6,6,6,NA,NA,NA,NA,03/07/2024 17:07,0
03/07/2024 18:00,WIND,492301,1,HCM,1,62122,1011,240,11,240,19,1723,6,6,6,6,6,NA,NA,NA,NA,03/07/2024 18:03,0
03/07/2024 19:00,WIND,492301,1,HCM,1,62122,1011,230,11,240,20,1830,6,6,6,6,6,NA,NA,NA,NA,03/07/2024 19:03,0
03/07/2024 20:00,WIND,492301,1,HCM,1,62122,1011,240,12,240,20,1901,6,6,6,6,6,NA,NA,NA,NA,03/07/2024 20:03,0
03/07/2024 21:00,WIND,492301,1,HCM,1,62122,1011,240,11,250,20,2023,6,6,6,6,6,NA,NA,NA,NA,03/07/2024 21:03,0
03/07/2024 22:00,WIND,492301,1,HCM,1,62122,1011,250,10,250,18,2054,6,6,6,6,6,NA,NA,NA,NA,03/07/2024 22:03,0
03/07/2024 23:00,WIND,492301,1,HCM,1,62122,1011,250,8,250,15,2152,6,6,6,6,6,NA,NA,NA,NA,03/07/2024 23:03,0
04/07/2024 00:00,WIND,492301,1,HCM,1,62122,1011,250,6,240,13,2309,6,6,6,6,6,NA,NA,NA,NA,04/07/2024 00:03,0
04/07/2024 01:00,WIND,492301,1,HCM,1,62122,1011,240,4,240,8,32,6,6,6,6,6,NA,NA,NA,NA,04/07/2024 01:03,0
04/07/2024 02:00,WIND,492301,1,HCM,1,62122,1011,250,6,270,12,143,6,6,6,6,6,NA,NA,NA,NA,04/07/2024 02:03,0
04/07/2024 03:00,WIND,492301,1,HCM,1,62122,1011,270,5,270,11,241,6,6,6,6,6,NA,NA,NA,NA,04/07/2024 03:03,0
04/07/2024 04:00,WIND,492301,1,HCM,1,62122,1011,260,4,280,8,258,6,6,6,6,6,NA,NA,NA,NA,04/07/2024 04:03,0
04/07/2024 05:00,WIND,492301,1,HCM,1,62122,1011,250,3,270,10,442,6,6,6,6,6,NA,NA,NA,NA,04/07/2024 05:03,0
04/07/2024 06:00,WIND,492301,1,HCM,1,62122,1011,260,6,280,13,521,6,6,6,6,6,NA,NA,NA,NA,04/07/2024 06:03,0
04/07/2024 07:00,WIND,492301,1,HCM,1,62122,1011,260,9,240,20,602,6,6,6,6,6,NA,NA,NA,NA,04/07/2024 07:03,0
04/07/2024 08:00,WIND,492301,1,HCM,1,62122,1011,260,10,260,18,713,6,6,6,6,6,NA,NA,NA,NA,04/07/2024 08:03,0
04/07/2024 09:00,WIND,492301,1,HCM,1,62122,1011,250,12,240,22,843,6,6,6,6,6,NA,NA,NA,NA,04/07/2024 09:03,0
04/07/2024 10:00,WIND,492301,1,HCM,1,62122,1011,260,14,260,24,931,6,6,6,6,6,NA,NA,NA,NA,04/07/2024 10:03,0
04/07/2024 11:00,WIND,492301,1,HCM,1,62122,1011,250,15,240,27,1047,6,6,6,6,6,NA,NA,NA,NA,04/07/2024 11:03,0
04/07/2024 12:00,WIND,492301,1,HCM,1,62122,1011,240,17,230,27,1101,6,6,6,6,6,NA,NA,NA,NA,04/07/2024 12:03,0
04/07/2024 13:00,WIND,492301,1,HCM,1,62122,1011,240,17,240,30,1234,6,6,6,6,6,NA,NA,NA,NA,04/07/2024 13:03,0
04/07/2024 14:00,WIND,492301,1,HCM,1,62122,1011,240,17,260,29,1338,6,6,6,6,6,NA,NA,NA,NA,04/07/2024 14:03,0
04/07/2024 15:00,WIND,492301,1,HCM,1,62122,1011,240,17,250,28,1419,6,6,6,6,6,NA,NA,NA,NA,04/07/2024 15:03,0
04/07/2024 16:00,WIND,492301,1,HCM,1,62122,1011,240,18,250,29,1505,6,6,6,6,6,NA,NA,NA,NA,04/07/2024 16:03,0
04/07/2024 17:00,WIND,492301,1,HCM,1,62122,1011,240,16,240,29,1553,6,6,6,6,6,NA,NA,NA,NA,04/07/2024 17:03,0
04/07/2024 18:00,WIND,492301,1,HCM,1,62122,1011,240,15,260,27,1653,6,6,6,6,6,NA,NA,NA,NA,04/07/2024 18:03,0
04/07/2024 19:00,WIND,492301,1,HCM,1,62122,1011,240,14,250,24,1824,6,6,6,6,6,NA,NA,NA,NA,04/07/2024 19:03,0
04/07/2024 20:00,WIND,492301,1,HCM,1,62122,1011,240,14,250,26,1917,6,6,6,6,6,NA,NA,NA,NA,04/07/2024 20:03,0
04/07/2024 21:00,WIND,492301,1,HCM,1,62122,1011,240,13,240,24,1952,6,6,6,6,6,NA,NA,NA,NA,04/07/2024 21:03,0
04/07/2024 22:00,WIND,492301,1,HCM,1,62122,1011,240,11,270,21,2050,6,6,6,6,6,NA,NA,NA,NA,04/07/2024 22:03,0
04/07/2024 23:00,WIND,492301,1,HCM,1,62122,1011,230,11,230,22,2157,6,6,6,6,6,NA,NA,NA,NA,04/07/2024 23:03,0
05/07/2024 00:00,WIND,492301,1,HCM,1,62122,1011,240,10,240,18,2320,6,6,6,6,6,NA,NA,NA,NA,05/07/2024 00:03,0
05/07/2024 01:00,WIND,492301,1,HCM,1,62122,1011,230,7,240,15,2350,6,6,6,6,6,NA,NA,NA,NA,05/07/2024 01:03,0
05/07/2024 02:00,WIND,492301,1,HCM,1,62122,1011,190,5,170,10,125,6,6,6,6,6,NA,NA,NA,NA,05/07/2024 02:03,0
05/07/2024 03:00,WIND,492301,1,HCM,1,62122,1011,160,4,160,8,159,6,6,6,6,6,NA,NA,NA,NA,05/07/2024 03:03,0
05/07/2024 04:00,WIND,492301,1,HCM,1,62122,1011,150,4,160,10,317,6,6,6,6,6,NA,NA,NA,NA,05/07/2024 04:03,0
05/07/2024 05:00,WIND,492301,1,HCM,1,62122,1011,110,3,100,5,448,6,6,6,6,6,NA,NA,NA,NA,05/07/2024 05:03,0
05/07/2024 06:00,WIND,492301,1,HCM,1,62122,1011,80,3,90,5,453,6,6,6,6,6,NA,NA,NA,NA,05/07/2024 06:03,0
05/07/2024 07:00,WIND,492301,1,HCM,1,62122,1011,50,3,340,9,644,6,6,6,6,6,NA,NA,NA,NA,05/07/2024 07:03,0
05/07/2024 08:00,WIND,492301,1,HCM,1,62122,1011,10,5,350,9,652,6,6,6,6,6,NA,NA,NA,NA,05/07/2024 08:03,0
05/07/2024 09:00,WIND,492301,1,HCM,1,62122,1011,360,5,360,10,753,6,6,6,6,6,NA,NA,NA,NA,05/07/2024 09:04,0
05/07/2024 10:00,WIND,492301,1,HCM,1,62122,1011,10,5,30,9,948,6,6,6,6,6,NA,NA,NA,NA,05/07/2024 10:03,0
05/07/2024 11:00,WIND,492301,1,HCM,1,62122,1011,350,4,40,8,950,6,6,6,6,6,NA,NA,NA,NA,05/07/2024 11:03,0
05/07/2024 12:00,WIND,492301,1,HCM,1,62122,1011,290,3,350,6,1102,6,6,6,6,6,NA,NA,NA,NA,05/07/2024 12:03,0
05/07/2024 13:00,WIND,492301,1,HCM,1,62122,1011,250,3,230,7,1158,6,6,6,6,6,NA,NA,NA,NA,05/07/2024 13:03,0
05/07/2024 14:00,WIND,492301,1,HCM,1,62122,1011,240,6,270,11,1335,6,6,6,6,6,NA,NA,NA,NA,05/07/2024 14:03,0
05/07/2024 15:00,WIND,492301,1,HCM,1,62122,1011,240,7,250,12,1414,6,6,6,6,6,NA,NA,NA,NA,05/07/2024 15:03,0
05/07/2024 16:00,WIND,492301,1,HCM,1,62122,1011,220,6,200,11,1455,6,6,6,6,6,NA,NA,NA,NA,05/07/2024 16:03,0
05/07/2024 17:00,WIND,492301,1,HCM,1,62122,1011,200,5,190,10,1621,6,6,6,6,6,NA,NA,NA,NA,05/07/2024 17:03,0
05/07/2024 18:00,WIND,492301,1,HCM,1,62122,1011,200,3,220,9,1708,6,6,6,6,6,NA,NA,NA,NA,05/07/2024 18:03,0
05/07/2024 19:00,WIND,492301,1,HCM,1,62122,1011,200,2,220,5,1845,6,6,6,6,6,NA,NA,NA,NA,05/07/2024 19:03,0
05/07/2024 20:00,WIND,492301,1,HCM,1,62122,1011,210,3,220,5,1942,6,6,6,6,6,NA,NA,NA,NA,05/07/2024 20:03,0
05/07/2024 21:00,WIND,492301,1,HCM,1,62122,1011,210,2,220,5,2001,6,6,6,6,6,NA,NA,NA,NA,05/07/2024 21:03,0
05/07/2024 22:00,WIND,492301,1,HCM,1,62122,1011,230,2,190,4,2146,6,6,6,6,6,NA,NA,NA,NA,05/07/2024 22:03,0
05/07/2024 23:00,WIND,492301,1,HCM,1,62122,1011,230,2,220,6,2212,6,6,6,6,6,NA,NA,NA,NA,05/07/2024 23:03,0
06/07/2024 00:00,WIND,492301,1,HCM,1,62122,1011,180,2,150,4,2328,6,6,6,6,6,NA,NA,NA,NA,06/07/2024 00:03,0
06/07/2024 01:00,WIND,492301,1,HCM,1,62122,1011,310,4,220,14,40,6,6,6,6,6,NA,NA,NA,NA,06/07/2024 01:03,0
06/07/2024 02:00,WIND,492301,1,HCM,1,62122,1011,330,5,300,15,57,6,6,6,6,6,NA,NA,NA,NA,06/07/2024 02:03,0
06/07/2024 03:00,WIND,492301,1,HCM,1,62122,1011,350,4,360,8,209,6,6,6,6,6,NA,NA,NA,NA,06/07/2024 03:03,0
06/07/2024 04:00,WIND,492301,1,HCM,1,62122,1011,270,3,260,6,308,6,6,6,6,6,NA,NA,NA,NA,06/07/2024 04:03,0
06/07/2024 05:00,WIND,492301,1,HCM,1,62122,1011,260,4,240,8,441,6,6,6,6,6,NA,NA,NA,NA,06/07/2024 05:03,0
06/07/2024 06:00,WIND,492301,1,HCM,1,62122,1011,250,12,230,28,520,6,6,6,6,6,NA,NA,NA,NA,06/07/2024 06:03,0
06/07/2024 07:00,WIND,492301,1,HCM,1,62122,1011,250,9,270,24,552,6,6,6,6,6,NA,NA,NA,NA,06/07/2024 07:03,0
06/07/2024 08:00,WIND,492301,1,HCM,1,62122,1011,250,9,250,17,737,6,6,6,6,6,NA,NA,NA,NA,06/07/2024 08:03,0
06/07/2024 09:00,WIND,492301,1,HCM,1,62122,1011,250,11,250,19,802,6,6,6,6,6,NA,NA,NA,NA,06/07/2024 09:03,0
06/07/2024 10:00,WIND,492301,1,HCM,1,62122,1011,250,12,250,24,940,6,6,6,6,6,NA,NA,NA,NA,06/07/2024 10:03,0
06/07/2024 11:00,WIND,492301,1,HCM,1,62122,1011,250,13,250,24,1013,6,6,6,6,6,NA,NA,NA,NA,06/07/2024 11:03,0
06/07/2024 12:00,WIND,492301,1,HCM,1,62122,1011,270,9,250,20,1051,6,6,6,6,6,NA,NA,NA,NA,06/07/2024 12:03,0
06/07/2024 13:00,WIND,492301,1,HCM,1,62122,1011,270,10,260,26,1236,6,6,6,6,6,NA,NA,NA,NA,06/07/2024 13:03,0
06/07/2024 14:00,WIND,492301,1,HCM,1,62122,1011,260,11,270,28,1313,6,6,6,6,6,NA,NA,NA,NA,06/07/2024 14:03,0
06/07/2024 15:00,WIND,492301,1,HCM,1,62122,1011,240,15,260,27,1411,6,6,6,6,6,NA,NA,NA,NA,06/07/2024 15:03,0
06/07/2024 16:00,WIND,492301,1,HCM,1,62122,1011,240,16,240,28,1506,6,6,6,6,6,NA,NA,NA,NA,06/07/2024 16:03,0
06/07/2024 17:00,WIND,492301,1,HCM,1,62122,1011,240,16,240,28,1607,6,6,6,6,6,NA,NA,NA,NA,06/07/2024 17:03,0
06/07/2024 18:00,WIND,492301,1,HCM,1,62122,1011,240,15,240,26,1656,6,6,6,6,6,NA,NA,NA,NA,06/07/2024 18:03,0
06/07/2024 19:00,WIND,492301,1,HCM,1,62122,1011,240,12,240,20,1755,6,6,6,6,6,NA,NA,NA,NA,06/07/2024 19:03,0
06/07/2024 20:00,WIND,492301,1,HCM,1,62122,1011,240,11,230,20,1940,6,6,6,6,6,NA,NA,NA,NA,06/07/2024 20:03,0
06/07/2024 21:00,WIND,492301,1,HCM,1,62122,1011,240,9,250,17,1950,6,6,6,6,6,NA,NA,NA,NA,06/07/2024 21:03,0
06/07/2024 22:00,WIND,492301,1,HCM,1,62122,1011,220,6,210,14,2100,6,6,6,6,6,NA,NA,NA,NA,06/07/2024 22:03,0
06/07/2024 23:00,WIND,492301,1,HCM,1,62122,1011,200,4,220,12,2232,6,6,6,6,6,NA,NA,NA,NA,06/07/2024 23:03,0
07/07/2024 00:00,WIND,492301,1,HCM,1,62122,1011,200,6,220,13,2319,6,6,6,6,6,NA,NA,NA,NA,07/07/2024 00:03,0
07/07/2024 01:00,WIND,492301,1,HCM,1,62122,1011,210,5,190,12,30,6,6,6,6,6,NA,NA,NA,NA,07/07/2024 01:03,0
07/07/2024 02:00,WIND,492301,1,HCM,1,62122,1011,210,4,210,10,145,6,6,6,6,6,NA,NA,NA,NA,07/07/2024 02:03,0
07/07/2024 03:00,WIND,492301,1,HCM,1,62122,1011,210,5,190,12,245,6,6,6,6,6,NA,NA,NA,NA,07/07/2024 03:03,0
07/07/2024 04:00,WIND,492301,1,HCM,1,62122,1011,200,7,200,16,335,6,6,6,6,6,NA,NA,NA,NA,07/07/2024 04:03,0
07/07/2024 05:00,WIND,492301,1,HCM,1,62122,1011,190,5,200,11,353,6,6,6,6,6,NA,NA,NA,NA,07/07/2024 05:03,0
07/07/2024 06:00,WIND,492301,1,HCM,1,62122,1011,210,3,180,11,524,6,6,6,6,6,NA,NA,NA,NA,07/07/2024 06:03,0
07/07/2024 07:00,WIND,492301,1,HCM,1,62122,1011,190,4,190,10,648,6,6,6,6,6,NA,NA,NA,NA,07/07/2024 07:03,0
07/07/2024 08:00,WIND,492301,1,HCM,1,62122,1011,200,5,230,9,738,6,6,6,6,6,NA,NA,NA,NA,07/07/2024 08:03,0
07/07/2024 09:00,WIND,492301,1,HCM,1,62122,1011,280,4,280,8,802,6,6,6,6,6,NA,NA,NA,NA,07/07/2024 09:03,0
07/07/2024 10:00,WIND,492301,1,HCM,1,62122,1011,220,5,180,9,945,6,6,6,6,6,NA,NA,NA,NA,07/07/2024 10:03,0
07/07/2024 11:00,WIND,492301,1,HCM,1,62122,1011,220,8,240,14,1047,6,6,6,6,6,NA,NA,NA,NA,07/07/2024 11:03,0
07/07/2024 12:00,WIND,492301,1,HCM,1,62122,1011,240,9,250,18,1137,6,6,6,6,6,NA,NA,NA,NA,07/07/2024 12:03,0
07/07/2024 13:00,WIND,492301,1,HCM,1,62122,1011,240,11,240,20,1244,6,6,6,6,6,NA,NA,NA,NA,07/07/2024 13:03,0
07/07/2024 14:00,WIND,492301,1,HCM,1,62122,1011,250,11,240,20,1312,6,6,6,6,6,NA,NA,NA,NA,07/07/2024 14:03,0
07/07/2024 15:00,WIND,492301,1,HCM,1,62122,1011,240,11,240,21,1359,6,6,6,6,6,NA,NA,NA,NA,07/07/2024 15:03,0
07/07/2024 16:00,WIND,492301,1,HCM,1,62122,1011,240,12,210,21,1503,6,6,6,6,6,NA,NA,NA,NA,07/07/2024 16:03,0
07/07/2024 17:00,WIND,492301,1,HCM,1,62122,1011,240,12,240,20,1630,6,6,6,6,6,NA,NA,NA,NA,07/07/2024 17:03,0
07/07/2024 18:00,WIND,492301,1,HCM,1,62122,1011,240,11,240,19,1700,6,6,6,6,6,NA,NA,NA,NA,07/07/2024 18:03,0
07/07/2024 19:00,WIND,492301,1,HCM,1,62122,1011,230,10,200,16,1751,6,6,6,6,6,NA,NA,NA,NA,07/07/2024 19:03,0
07/07/2024 20:00,WIND,492301,1,HCM,1,62122,1011,240,8,230,14,1903,6,6,6,6,6,NA,NA,NA,NA,07/07/2024 20:03,0
07/07/2024 21:00,WIND,492301,1,HCM,1,62122,1011,230,5,240,8,2035,6,6,6,6,6,NA,NA,NA,NA,07/07/2024 21:03,0
07/07/2024 22:00,WIND,492301,1,HCM,1,62122,1011,240,4,240,7,2107,6,6,6,6,6,NA,NA,NA,NA,07/07/2024 22:03,0
07/07/2024 23:00,WIND,492301,1,HCM,1,62122,1011,240,3,250,5,2157,6,6,6,6,6,NA,NA,NA,NA,07/07/2024 23:03,0
08/07/2024 00:00,WIND,492301,1,HCM,1,62122,1011,230,2,240,5,2314,6,6,6,6,6,NA,NA,NA,NA,08/07/2024 00:03,0
08/07/2024 01:00,WIND,492301,1,HCM,1,62122,1011,80,2,70,3,27,6,6,6,6,6,NA,NA,NA,NA,08/07/2024 01:03,0
08/07/2024 02:00,WIND,492301,1,HCM,1,62122,1011,80,2,70,3,149,6,6,6,6,6,NA,NA,NA,NA,08/07/2024 02:03,0
08/07/2024 03:00,WIND,492301,1,HCM,1,62122,1011,70,2,70,3,219,6,6,6,6,6,NA,NA,NA,NA,08/07/2024 03:03,0
08/07/2024 04:00,WIND,492301,1,HCM,1,62122,1011,70,1,70,2,348,6,6,6,6,6,NA,NA,NA,NA,08/07/2024 04:03,0
08/07/2024 05:00,WIND,492301,1,HCM,1,62122,1011,70,2,70,3,427,6,6,6,6,6,NA,NA,NA,NA,08/07/2024 05:07,0
08/07/2024 06:00,WIND,492301,1,HCM,1,62122,1011,120,2,140,4,523,6,6,6,6,6,NA,NA,NA,NA,08/07/2024 06:03,0
08/07/2024 07:00,WIND,492301,1,HCM,1,62122,1011,120,3,110,6,640,6,6,6,6,6,NA,NA,NA,NA,08/07/2024 07:03,0
08/07/2024 08:00,WIND,492301,1,HCM,1,62122,1011,100,4,70,8,715,6,6,6,6,6,NA,NA,NA,NA,08/07/2024 08:03,0
08/07/2024 09:00,WIND,492301,1,HCM,1,62122,1011,110,5,110,9,824,6,6,6,6,6,NA,NA,NA,NA,08/07/2024 09:03,0
08/07/2024 10:00,WIND,492301,1,HCM,1,62122,1011,140,6,140,11,946,6,6,6,6,6,NA,NA,NA,NA,08/07/2024 10:03,0
08/07/2024 11:00,WIND,492301,1,HCM,1,62122,1011,140,7,140,12,1000,6,6,6,6,6,NA,NA,NA,NA,08/07/2024 11:03,0
08/07/2024 12:00,WIND,492301,1,HCM,1,62122,1011,110,6,110,10,1126,6,6,6,6,6,NA,NA,NA,NA,08/07/2024 12:03,0
08/07/2024 13:00,WIND,492301,1,HCM,1,62122,1011,110,5,120,11,1229,6,6,6,6,6,NA,NA,NA,NA,08/07/2024 13:03,0
08/07/2024 14:00,WIND,492301,1,HCM,1,62122,1011,120,4,110,9,1253,6,6,6,6,6,NA,NA,NA,NA,08/07/2024 14:03,0
08/07/2024 15:00,WIND,492301,1,HCM,1,62122,1011,90,3,140,10,1440,6,6,6,6,6,NA,NA,NA,NA,08/07/2024 15:03,0
08/07/2024 16:00,WIND,492301,1,HCM,1,62122,1011,130,6,130,12,1453,6,6,6,6,6,NA,NA,NA,NA,08/07/2024 16:03,0
08/07/2024 17:00,WIND,492301,1,HCM,1,62122,1011,130,7,110,15,1637,6,6,6,6,6,NA,NA,NA,NA,08/07/2024 17:07,0
08/07/2024 18:00,WIND,492301,1,HCM,1,62122,1011,120,6,120,11,1650,6,6,6,6,6,NA,NA,NA,NA,08/07/2024 18:03,0
08/07/2024 19:00,WIND,492301,1,HCM,1,62122,1011,100,6,110,13,1819,6,6,6,6,6,NA,NA,NA,NA,08/07/2024 19:03,0
08/07/2024 20:00,WIND,492301,1,HCM,1,62122,1011,90,6,120,14,1855,6,6,6,6,6,NA,NA,NA,NA,08/07/2024 20:03,0
08/07/2024 21:00,WIND,492301,1,HCM,1,62122,1011,90,7,100,15,1956,6,6,6,6,6,NA,NA,NA,NA,08/07/2024 21:03,0
08/07/2024 22:00,WIND,492301,1,HCM,1,62122,1011,80,8,80,14,2128,6,6,6,6,6,NA,NA,NA,NA,08/07/2024 22:03,0
08/07/2024 23:00,WIND,492301,1,HCM,1,62122,1011,60,7,70,12,2156,6,6,6,6,6,NA,NA,NA,NA,08/07/2024 23:03,0
09/07/2024 00:00,WIND,492301,1,HCM,1,62122,1011,60,7,50,14,2339,6,6,6,6,6,NA,NA,NA,NA,09/07/2024 00:03,0
09/07/2024 01:00,WIND,492301,1,HCM,1,62122,1011,70,7,70,12,19,6,6,6,6,6,NA,NA,NA,NA,09/07/2024 01:03,0
09/07/2024 02:00,WIND,492301,1,HCM,1,62122,1011,90,6,90,11,104,6,6,6,6,6,NA,NA,NA,NA,09/07/2024 02:03,0
09/07/2024 03:00,WIND,492301,1,HCM,1,62122,1011,110,7,110,14,245,6,6,6,6,6,NA,NA,NA,NA,09/07/2024 03:03,0
09/07/2024 04:00,WIND,492301,1,HCM,1,62122,1011,120,8,120,16,252,6,6,6,6,6,NA,NA,NA,NA,09/07/2024 04:03,0
09/07/2024 05:00,WIND,492301,1,HCM,1,62122,1011,120,7,110,14,359,6,6,6,6,6,NA,NA,NA,NA,09/07/2024 05:02,0
09/07/2024 06:00,WIND,492301,1,HCM,1,62122,1011,120,7,130,16,540,6,6,6,6,6,NA,NA,NA,NA,09/07/2024 06:03,0
09/07/2024 07:00,WIND,492301,1,HCM,1,62122,1011,160,7,170,16,637,6,6,6,6,6,NA,NA,NA,NA,09/07/2024 07:03,0
09/07/2024 08:00,WIND,492301,1,HCM,1,62122,1011,170,8,190,16,749,6,6,6,6,6,NA,NA,NA,NA,09/07/2024 08:03,0
09/07/2024 09:00,WIND,492301,1,HCM,1,62122,1011,180,8,190,17,833,6,6,6,6,6,NA,NA,NA,NA,09/07/2024 09:03,0
09/07/2024 10:00,WIND,492301,1,HCM,1,62122,1011,180,8,180,17,851,6,6,6,6,6,NA,NA,NA,NA,09/07/2024 10:03,0
09/07/2024 11:00,WIND,492301,1,HCM,1,62122,1011,170,5,180,11,1032,6,6,6,6,6,NA,NA,NA,NA,09/07/2024 11:03,0
09/07/2024 12:00,WIND,492301,1,HCM,1,62122,1011,170,8,160,16,1144,6,6,6,6,6,NA,NA,NA,NA,09/07/2024 12:03,0
09/07/2024 13:00,WIND,492301,1,HCM,1,62122,1011,160,7,180,15,1217,6,6,6,6,6,NA,NA,NA,NA,09/07/2024 13:03,0
09/07/2024 14:00,WIND,492301,1,HCM,1,62122,1011,160,7,150,17,1335,6,6,6,6,6,NA,NA,NA,NA,09/07/2024 14:03,0
09/07/2024 15:00,WIND,492301,1,HCM,1,62122,1011,170,9,170,17,1405,6,6,6,6,6,NA,NA,NA,NA,09/07/2024 15:03,0
09/07/2024 16:00,WIND,492301,1,HCM,1,62122,1011,170,9,180,22,1535,6,6,6,6,6,NA,NA,NA,NA,09/07/2024 16:03,0
09/07/2024 17:00,WIND,492301,1,HCM,1,62122,1011,190,10,170,22,1602,6,6,6,6,6,NA,NA,NA,NA,09/07/2024 17:03,0
09/07/2024 18:00,WIND,492301,1,HCM,1,62122,1011,180,9,180,18,1654,6,6,6,6,6,NA,NA,NA,NA,09/07/2024 18:03,0
09/07/2024 19:00,WIND,492301,1,HCM,1,62122,1011,180,6,200,13,1811,6,6,6,6,6,NA,NA,NA,NA,09/07/2024 19:03,0
09/07/2024 20:00,WIND,492301,1,HCM,1,62122,1011,180,8,170,16,1943,6,6,6,6,6,NA,NA,NA,NA,09/07/2024 20:03,0
09/07/2024 21:00,WIND,492301,1,HCM,1,62122,1011,180,8,180,16,2014,6,6,6,6,6,NA,NA,NA,NA,09/07/2024 21:03,0
09/07/2024 22:00,WIND,492301,1,HCM,1,62122,1011,170,7,170,16,2101,6,6,6,6,6,NA,NA,NA,NA,09/07/2024 22:03,0
09/07/2024 23:00,WIND,492301,1,HCM,1,62122,1011,180,7,190,14,2219,6,6,6,6,6,NA,NA,NA,NA,09/07/2024 23:03,0
10/07/2024 00:00,WIND,492301,1,HCM,1,62122,1011,190,7,200,16,2347,6,6,6,6,6,NA,NA,NA,NA,10/07/2024 00:03,0
10/07/2024 01:00,WIND,492301,1,HCM,1,62122,1011,190,8,150,15,39,6,6,6,6,6,NA,NA,NA,NA,10/07/2024 01:03,0
10/07/2024 02:00,WIND,492301,1,HCM,1,62122,1011,200,8,190,19,50,6,6,6,6,6,NA,NA,NA,NA,10/07/2024 02:03,0
10/07/2024 03:00,WIND,492301,1,HCM,1,62122,1011,210,8,200,14,218,6,6,6,6,6,NA,NA,NA,NA,10/07/2024 03:03,0
10/07/2024 04:00,WIND,492301,1,HCM,1,62122,1011,210,6,210,11,315,6,6,6,6,6,NA,NA,NA,NA,10/07/2024 04:03,0
10/07/2024 05:00,WIND,492301,1,HCM,1,62122,1011,210,7,210,16,428,6,6,6,6,6,NA,NA,NA,NA,10/07/2024 05:03,0
10/07/2024 06:00,WIND,492301,1,HCM,1,62122,1011,220,8,190,14,501,6,6,6,6,6,NA,NA,NA,NA,10/07/2024 06:03,0
10/07/2024 07:00,WIND,492301,1,HCM,1,62122,1011,230,8,240,18,619,6,6,6,6,6,NA,NA,NA,NA,10/07/2024 07:03,0
10/07/2024 08:00,WIND,492301,1,HCM,1,62122,1011,230,9,250,19,744,6,6,6,6,6,NA,NA,NA,NA,10/07/2024 08:03,0
10/07/2024 09:00,WIND,492301,1,HCM,1,62122,1011,230,10,250,20,845,6,6,6,6,6,NA,NA,NA,NA,10/07/2024 09:03,0
10/07/2024 10:00,WIND,492301,1,HCM,1,62122,1011,240,14,250,23,929,6,6,6,6,6,NA,NA,NA,NA,10/07/2024 10:03,0
10/07/2024 11:00,WIND,492301,1,HCM,1,62122,1011,240,13,240,22,1048,6,6,6,6,6,NA,NA,NA,NA,10/07/2024 11:03,0
10/07/2024 12:00,WIND,492301,1,HCM,1,62122,1011,240,15,250,25,1102,6,6,6,6,6,NA,NA,NA,NA,10/07/2024 12:03,0
10/07/2024 13:00,WIND,492301,1,HCM,1,62122,1011,240,15,240,27,1201,6,6,6,6,6,NA,NA,NA,NA,10/07/2024 13:03,0
10/07/2024 14:00,WIND,492301,1,HCM,1,62122,1011,240,14,250,23,1328,6,6,6,6,6,NA,NA,NA,NA,10/07/2024 14:03,0
10/07/2024 15:00,WIND,492301,1,HCM,1,62122,1011,240,12,230,22,1359,6,6,6,6,6,NA,NA,NA,NA,10/07/2024 15:03,0
10/07/2024 16:00,WIND,492301,1,HCM,1,62122,1011,240,14,250,23,1503,6,6,6,6,6,NA,NA,NA,NA,10/07/2024 16:03,0
10/07/2024 17:00,WIND,492301,1,HCM,1,62122,1011,240,13,250,24,1611,6,6,6,6,6,NA,NA,NA,NA,10/07/2024 17:03,0
10/07/2024 18:00,WIND,492301,1,HCM,1,62122,1011,240,11,240,20,1731,6,6,6,6,6,NA,NA,NA,NA,10/07/2024 18:03,0
10/07/2024 19:00,WIND,492301,1,HCM,1,62122,1011,260,10,240,18,1807,6,6,6,6,6,NA,NA,NA,NA,10/07/2024 19:03,0
10/07/2024 20:00,WIND,492301,1,HCM,1,62122,1011,260,8,250,16,1918,6,6,6,6,6,NA,NA,NA,NA,10/07/2024 20:03,0
10/07/2024 21:00,WIND,492301,1,HCM,1,62122,1011,250,7,270,14,2000,6,6,6,6,6,NA,NA,NA,NA,10/07/2024 21:03,0
10/07/2024 22:00,WIND,492301,1,HCM,1,62122,1011,260,5,240,11,2141,6,6,6,6,6,NA,NA,NA,NA,10/07/2024 22:03,0
10/07/2024 23:00,WIND,492301,1,HCM,1,62122,1011,250,10,260,19,2229,6,6,6,6,6,NA,NA,NA,NA,10/07/2024 23:03,0
11/07/2024 00:00,WIND,492301,1,HCM,1,62122,1011,250,8,260,15,2253,6,6,6,6,6,NA,NA,NA,NA,11/07/2024 00:03,0
11/07/2024 01:00,WIND,492301,1,HCM,1,62122,1011,240,6,240,11,3,6,6,6,6,6,NA,NA,NA,NA,11/07/2024 01:03,0
11/07/2024 02:00,WIND,492301,1,HCM,1,62122,1011,250,5,250,10,109,6,6,6,6,6,NA,NA,NA,NA,11/07/2024 02:03,0
11/07/2024 03:00,WIND,492301,1,HCM,1,62122,1011,240,2,220,4,249,6,6,6,6,6,NA,NA,NA,NA,11/07/2024 03:03,0
11/07/2024 04:00,WIND,492301,1,HCM,1,62122,1011,260,1,220,5,250,6,6,6,6,6,NA,NA,NA,NA,11/07/2024 04:03,0
11/07/2024 05:00,WIND,492301,1,HCM,1,62122,1011,240,2,240,4,421,6,6,6,6,6,NA,NA,NA,NA,11/07/2024 05:03,0
11/07/2024 06:00,WIND,492301,1,HCM,1,62122,1011,190,2,240,5,549,6,6,6,6,6,NA,NA,NA,NA,11/07/2024 06:03,0
11/07/2024 07:00,WIND,492301,1,HCM,1,62122,1011,260,4,250,7,618,6,6,6,6,6,NA,NA,NA,NA,11/07/2024 07:03,0
11/07/2024 08:00,WIND,492301,1,HCM,1,62122,1011,240,6,250,11,738,6,6,6,6,6,NA,NA,NA,NA,11/07/2024 08:03,0
11/07/2024 09:00,WIND,492301,1,HCM,1,62122,1011,240,7,250,12,821,6,6,6,6,6,NA,NA,NA,NA,11/07/2024 09:03,0
11/07/2024 10:00,WIND,492301,1,HCM,1,62122,1011,240,9,250,15,927,6,6,6,6,6,NA,NA,NA,NA,11/07/2024 10:03,0
11/07/2024 11:00,WIND,492301,1,HCM,1,62122,1011,240,9,240,16,1012,6,6,6,6,6,NA,NA,NA,NA,11/07/2024 11:03,0
11/07/2024 12:00,WIND,492301,1,HCM,1,62122,1011,230,8,260,15,1112,6,6,6,6,6,NA,NA,NA,NA,11/07/2024 12:02,0
11/07/2024 13:00,WIND,492301,1,HCM,1,62122,1011,230,9,250,15,1249,6,6,6,6,6,NA,NA,NA,NA,11/07/2024 13:02,0
11/07/2024 14:00,WIND,492301,1,HCM,1,62122,1011,240,8,260,14,1250,6,6,6,6,6,NA,NA,NA,NA,11/07/2024 14:02,0
11/07/2024 15:00,WIND,492301,1,HCM,1,62122,1011,250,7,270,13,1446,6,6,6,6,6,NA,NA,NA,NA,11/07/2024 15:02,0
11/07/2024 16:00,WIND,492301,1,HCM,1,62122,1011,250,8,280,12,1524,6,6,6,6,6,NA,NA,NA,NA,11/07/2024 16:02,0
11/07/2024 17:00,WIND,492301,1,HCM,1,62122,1011,240,8,250,14,1625,6,6,6,6,6,NA,NA,NA,NA,11/07/2024 17:02,0
11/07/2024 18:00,WIND,492301,1,HCM,1,62122,1011,240,8,270,13,1656,6,6,6,6,6,NA,NA,NA,NA,11/07/2024 18:02,0
11/07/2024 19:00,WIND,492301,1,HCM,1,62122,1011,240,7,240,12,1751,6,6,6,6,6,NA,NA,NA,NA,11/07/2024 19:02,0
11/07/2024 20:00,WIND,492301,1,HCM,1,62122,1011,240,6,240,11,1908,6,6,6,6,6,NA,NA,NA,NA,11/07/2024 20:02,0
11/07/2024 21:00,WIND,492301,1,HCM,1,62122,1011,240,4,230,7,2036,6,6,6,6,6,NA,NA,NA,NA,11/07/2024 21:03,0
11/07/2024 22:00,WIND,492301,1,HCM,1,62122,1011,230,4,230,7,2102,6,6,6,6,6,NA,NA,NA,NA,11/07/2024 22:02,0
11/07/2024 23:00,WIND,492301,1,HCM,1,62122,1011,280,3,220,6,2152,6,6,6,6,6,NA,NA,NA,NA,11/07/2024 23:02,0
12/07/2024 00:00,WIND,492301,1,HCM,1,62122,1011,80,6,70,13,2336,6,6,6,6,6,NA,NA,NA,NA,12/07/2024 00:03,0
12/07/2024 01:00,WIND,492301,1,HCM,1,62122,1011,60,7,50,13,19,6,6,6,6,6,NA,NA,NA,NA,12/07/2024 01:02,0
12/07/2024 02:00,WIND,492301,1,HCM,1,62122,1011,50,7,40,12,110,6,6,6,6,6,NA,NA,NA,NA,12/07/2024 02:02,0
12/07/2024 03:00,WIND,492301,1,HCM,1,62122,1011,50,6,40,11,237,6,6,6,6,6,NA,NA,NA,NA,12/07/2024 03:02,0
12/07/2024 04:00,WIND,492301,1,HCM,1,62122,1011,40,5,50,12,306,6,6,6,6,6,NA,NA,NA,NA,12/07/2024 04:02,0
12/07/2024 05:00,WIND,492301,1,HCM,1,62122,1011,10,7,40,12,439,6,6,6,6,6,NA,NA,NA,NA,12/07/2024 05:02,0
12/07/2024 06:00,WIND,492301,1,HCM,1,62122,1011,10,7,20,14,520,6,6,6,6,6,NA,NA,NA,NA,12/07/2024 06:03,0
12/07/2024 07:00,WIND,492301,1,HCM,1,62122,1011,10,7,360,11,639,6,6,6,6,6,NA,NA,NA,NA,12/07/2024 07:02,0
12/07/2024 08:00,WIND,492301,1,HCM,1,62122,1011,20,6,10,11,651,6,6,6,6,6,NA,NA,NA,NA,12/07/2024 08:02,0
12/07/2024 09:00,WIND,492301,1,HCM,1,62122,1011,20,6,360,10,751,6,6,6,6,6,NA,NA,NA,NA,12/07/2024 09:03,0
12/07/2024 10:00,WIND,492301,1,HCM,1,62122,1011,20,7,10,11,938,6,6,6,6,6,NA,NA,NA,NA,12/07/2024 10:02,0
12/07/2024 11:00,WIND,492301,1,HCM,1,62122,1011,30,7,40,12,1015,6,6,6,6,6,NA,NA,NA,NA,12/07/2024 11:02,0
12/07/2024 12:00,WIND,492301,1,HCM,1,62122,1011,20,6,40,11,1050,6,6,6,6,6,NA,NA,NA,NA,12/07/2024 12:02,0
12/07/2024 13:00,WIND,492301,1,HCM,1,62122,1011,20,6,10,11,1200,6,6,6,6,6,NA,NA,NA,NA,12/07/2024 13:02,0
12/07/2024 14:00,WIND,492301,1,HCM,1,62122,1011,10,6,350,13,1255,6,6,6,6,6,NA,NA,NA,NA,12/07/2024 14:02,0
12/07/2024 15:00,WIND,492301,1,HCM,1,62122,1011,340,6,340,11,1438,6,6,6,6,6,NA,NA,NA,NA,12/07/2024 15:02,0
12/07/2024 16:00,WIND,492301,1,HCM,1,62122,1011,350,6,350,11,1455,6,6,6,6,6,NA,NA,NA,NA,12/07/2024 16:02,0
12/07/2024 17:00,WIND,492301,1,HCM,1,62122,1011,330,5,330,9,1630,6,6,6,6,6,NA,NA,NA,NA,12/07/2024 17:02,0
12/07/2024 18:00,WIND,492301,1,HCM,1,62122,1011,20,8,30,14,1728,6,6,6,6,6,NA,NA,NA,NA,12/07/2024 18:02,0
12/07/2024 19:00,WIND,492301,1,HCM,1,62122,1011,10,6,30,12,1757,6,6,6,6,6,NA,NA,NA,NA,12/07/2024 19:02,0
12/07/2024 20:00,WIND,492301,1,HCM,1,62122,1011,300,4,290,8,1942,6,6,6,6,6,NA,NA,NA,NA,12/07/2024 20:02,0
12/07/2024 21:00,WIND,492301,1,HCM,1,62122,1011,270,4,260,6,2026,6,6,6,6,6,NA,NA,NA,NA,12/07/2024 21:03,0
12/07/2024 22:00,WIND,492301,1,HCM,1,62122,1011,300,3,280,5,2051,6,6,6,6,6,NA,NA,NA,NA,12/07/2024 22:02,0
12/07/2024 23:00,WIND,492301,1,HCM,1,62122,1011,340,2,290,5,2240,6,6,6,6,6,NA,NA,NA,NA,12/07/2024 23:02,0
13/07/2024 00:00,WIND,492301,1,HCM,1,62122,1011,300,3,300,4,2323,6,6,6,6,6,NA,NA,NA,NA,13/07/2024 00:03,0
13/07/2024 01:00,WIND,492301,1,HCM,1,62122,1011,340,3,340,6,26,6,6,6,6,6,NA,NA,NA,NA,13/07/2024 01:02,0
13/07/2024 02:00,WIND,492301,1,HCM,1,62122,1011,350,2,350,5,138,6,6,6,6,6,NA,NA,NA,NA,13/07/2024 02:02,0
13/07/2024 03:00,WIND,492301,1,HCM,1,62122,1011,350,2,350,4,225,6,6,6,6,6,NA,NA,NA,NA,13/07/2024 03:02,0
13/07/2024 04:00,WIND,492301,1,HCM,1,62122,1011,330,2,340,3,258,6,6,6,6,6,NA,NA,NA,NA,13/07/2024 04:02,0
13/07/2024 05:00,WIND,492301,1,HCM,1,62122,1011,330,2,340,4,417,6,6,6,6,6,NA,NA,NA,NA,13/07/2024 05:02,0
13/07/2024 06:00,WIND,492301,1,HCM,1,62122,1011,340,2,340,4,514,6,6,6,6,6,NA,NA,NA,NA,13/07/2024 06:03,0
13/07/2024 07:00,WIND,492301,1,HCM,1,62122,1011,360,3,10,5,613,6,6,6,6,6,NA,NA,NA,NA,13/07/2024 07:02,0
13/07/2024 08:00,WIND,492301,1,HCM,1,62122,1011,360,4,50,7,748,6,6,6,6,6,NA,NA,NA,NA,13/07/2024 08:02,0
13/07/2024 09:00,WIND,492301,1,HCM,1,62122,1011,350,4,350,8,811,6,6,6,6,6,NA,NA,NA,NA,13/07/2024 09:03,0
13/07/2024 10:00,WIND,492301,1,HCM,1,62122,1011,310,4,300,7,949,6,6,6,6,6,NA,NA,NA,NA,13/07/2024 10:02,0
13/07/2024 11:00,WIND,492301,1,HCM,1,62122,1011,310,4,350,9,1026,6,6,6,6,6,NA,NA,NA,NA,13/07/2024 11:02,0
13/07/2024 12:00,WIND,492301,1,HCM,1,62122,1011,340,5,340,10,1059,6,6,6,6,6,NA,NA,NA,NA,13/07/2024 12:02,0
13/07/2024 13:00,WIND,492301,1,HCM,1,62122,1011,350,4,360,9,1245,6,6,6,6,6,NA,NA,NA,NA,13/07/2024 13:02,0
13/07/2024 14:00,WIND,492301,1,HCM,1,62122,1011,300,5,70,13,1253,6,6,6,6,6,NA,NA,NA,NA,13/07/2024 14:02,0
13/07/2024 15:00,WIND,492301,1,HCM,1,62122,1011,270,7,270,13,1412,6,6,6,6,6,NA,NA,NA,NA,13/07/2024 15:02,0
13/07/2024 16:00,WIND,492301,1,HCM,1,62122,1011,280,6,290,11,1455,6,6,6,6,6,NA,NA,NA,NA,13/07/2024 16:02,0
13/07/2024 17:00,WIND,492301,1,HCM,1,62122,1011,280,6,250,10,1624,6,6,6,6,6,NA,NA,NA,NA,13/07/2024 17:02,0
13/07/2024 18:00,WIND,492301,1,HCM,1,62122,1011,270,6,270,10,1742,6,6,6,6,6,NA,NA,NA,NA,13/07/2024 18:02,0
13/07/2024 19:00,WIND,492301,1,HCM,1,62122,1011,260,5,260,10,1844,6,6,6,6,6,NA,NA,NA,NA,13/07/2024 19:02,0
13/07/2024 20:00,WIND,492301,1,HCM,1,62122,1011,260,5,270,8,1928,6,6,6,6,6,NA,NA,NA,NA,13/07/2024 20:02,0
13/07/2024 21:00,WIND,492301,1,HCM,1,62122,1011,240,4,250,8,1955,6,6,6,6,6,NA,NA,NA,NA,13/07/2024 21:03,0
13/07/2024 22:00,WIND,492301,1,HCM,1,62122,1011,230,4,240,7,2119,6,6,6,6,6,NA,NA,NA,NA,13/07/2024 22:02,0
13/07/2024 23:00,WIND,492301,1,HCM,1,62122,1011,250,4,240,6,2155,6,6,6,6,6,NA,NA,NA,NA,13/07/2024 23:02,0
14/07/2024 00:00,WIND,492301,1,HCM,1,62122,1011,250,3,290,6,2250,6,6,6,6,6,NA,NA,NA,NA,14/07/2024 00:03,0
14/07/2024 01:00,WIND,492301,1,HCM,1,62122,1011,220,2,220,4,43,6,6,6,6,6,NA,NA,NA,NA,14/07/2024 01:02,0
14/07/2024 02:00,WIND,492301,1,HCM,1,62122,1011,210,3,220,6,115,6,6,6,6,6,NA,NA,NA,NA,14/07/2024 02:02,0
14/07/2024 03:00,WIND,492301,1,HCM,1,62122,1011,160,1,210,3,211,6,6,6,6,6,NA,NA,NA,NA,14/07/2024 03:02,0
14/07/2024 04:00,WIND,492301,1,HCM,1,62122,1011,110,1,100,2,315,6,6,6,6,6,NA,NA,NA,NA,14/07/2024 04:02,0
14/07/2024 05:00,WIND,492301,1,HCM,1,62122,1011,120,1,70,2,404,6,6,6,6,6,NA,NA,NA,NA,14/07/2024 05:02,0
14/07/2024 06:00,WIND,492301,1,HCM,1,62122,1011,100,1,50,3,539,6,6,6,6,6,NA,NA,NA,NA,14/07/2024 06:03,0
14/07/2024 07:00,WIND,492301,1,HCM,1,62122,1011,40,1,340,3,642,6,6,6,6,6,NA,NA,NA,NA,14/07/2024 07:02,0
14/07/2024 08:00,WIND,492301,1,HCM,1,62122,1011,280,3,290,6,742,6,6,6,6,6,NA,NA,NA,NA,14/07/2024 08:02,0
14/07/2024 09:00,WIND,492301,1,HCM,1,62122,1011,220,4,200,11,842,6,6,6,6,6,NA,NA,NA,NA,14/07/2024 09:03,0
14/07/2024 10:00,WIND,492301,1,HCM,1,62122,1011,260,6,250,12,949,6,6,6,6,6,NA,NA,NA,NA,14/07/2024 10:02,0
14/07/2024 11:00,WIND,492301,1,HCM,1,62122,1011,250,6,250,12,1009,6,6,6,6,6,NA,NA,NA,NA,14/07/2024 11:02,0
14/07/2024 12:00,WIND,492301,1,HCM,1,62122,1011,250,6,240,12,1124,6,6,6,6,6,NA,NA,NA,NA,14/07/2024 12:02,0
14/07/2024 13:00,WIND,492301,1,HCM,1,62122,1011,250,7,250,11,1238,6,6,6,6,6,NA,NA,NA,NA,14/07/2024 13:02,0
14/07/2024 14:00,WIND,492301,1,HCM,1,62122,1011,240,6,280,11,1255,6,6,6,6,6,NA,NA,NA,NA,14/07/2024 14:02,0
14/07/2024 15:00,WIND,492301,1,HCM,1,62122,1011,240,6,220,12,1409,6,6,6,6,6,NA,NA,NA,NA,14/07/2024 15:02,0
14/07/2024 16:00,WIND,492301,1,HCM,1,62122,1011,260,8,270,13,1547,6,6,6,6,6,NA,NA,NA,NA,14/07/2024 16:02,0
14/07/2024 17:00,WIND,492301,1,HCM,1,62122,1011,260,8,280,13,1645,6,6,6,6,6,NA,NA,NA,NA,14/07/2024 17:02,0
14/07/2024 18:00,WIND,492301,1,HCM,1,62122,1011,260,7,260,11,1655,6,6,6,6,6,NA,NA,NA,NA,14/07/2024 18:02,0
14/07/2024 19:00,WIND,492301,1,HCM,1,62122,1011,260,5,260,10,1750,6,6,6,6,6,NA,NA,NA,NA,14/07/2024 19:02,0
14/07/2024 20:00,WIND,492301,1,HCM,1,62122,1011,250,4,240,7,1850,6,6,6,6,6,NA,NA,NA,NA,14/07/2024 20:02,0
14/07/2024 21:00,WIND,492301,1,HCM,1,62122,1011,240,2,200,4,2045,6,6,6,6,6,NA,NA,NA,NA,14/07/2024 21:03,0
14/07/2024 22:00,WIND,492301,1,HCM,1,62122,1011,210,2,200,4,2119,6,6,6,6,6,NA,NA,NA,NA,14/07/2024 22:02,0
14/07/2024 23:00,WIND,492301,1,HCM,1,62122,1011,230,1,220,4,2155,6,6,6,6,6,NA,NA,NA,NA,14/07/2024 23:02,0
15/07/2024 00:00,WIND,492301,1,HCM,1,62122,1011,50,1,20,3,2332,6,6,6,6,6,NA,NA,NA,NA,15/07/2024 00:03,0
15/07/2024 01:00,WIND,492301,1,HCM,1,62122,1011,90,2,120,8,19,6,6,6,6,6,NA,NA,NA,NA,15/07/2024 01:02,0
15/07/2024 02:00,WIND,492301,1,HCM,1,62122,1011,80,2,60,4,57,6,6,6,6,6,NA,NA,NA,NA,15/07/2024 02:02,0
15/07/2024 03:00,WIND,492301,1,HCM,1,62122,1011,80,2,70,3,232,6,6,6,6,6,NA,NA,NA,NA,15/07/2024 03:02,0
15/07/2024 04:00,WIND,492301,1,HCM,1,62122,1011,70,2,60,4,339,6,6,6,6,6,NA,NA,NA,NA,15/07/2024 04:02,0
15/07/2024 05:00,WIND,492301,1,HCM,1,62122,1011,70,2,50,5,435,6,6,6,6,6,NA,NA,NA,NA,15/07/2024 05:02,0
15/07/2024 06:00,WIND,492301,1,HCM,1,62122,1011,70,3,70,5,546,6,6,6,6,6,NA,NA,NA,NA,15/07/2024 06:03,0
15/07/2024 07:00,WIND,492301,1,HCM,1,62122,1011,70,4,70,6,627,6,6,6,6,6,NA,NA,NA,NA,15/07/2024 07:02,0
15/07/2024 08:00,WIND,492301,1,HCM,1,62122,1011,80,4,80,7,728,6,6,6,6,6,NA,NA,NA,NA,15/07/2024 08:02,0
15/07/2024 09:00,WIND,492301,1,HCM,1,62122,1011,60,5,60,7,847,6,6,6,6,6,NA,NA,NA,NA,15/07/2024 09:03,0
15/07/2024 10:00,WIND,492301,1,HCM,1,62122,1011,60,5,50,8,856,6,6,6,6,6,NA,NA,NA,NA,15/07/2024 10:02,0
15/07/2024 11:00,WIND,492301,1,HCM,1,62122,1011,50,5,40,9,1049,6,6,6,6,6,NA,NA,NA,NA,15/07/2024 11:02,0
15/07/2024 12:00,WIND,492301,1,HCM,1,62122,1011,60,7,70,13,1140,6,6,6,6,6,NA,NA,NA,NA,15/07/2024 12:02,0
15/07/2024 13:00,WIND,492301,1,HCM,1,62122,1011,80,7,90,13,1152,6,6,6,6,6,NA,NA,NA,NA,15/07/2024 13:02,0
15/07/2024 14:00,WIND,492301,1,HCM,1,62122,1011,70,6,30,12,1330,6,6,6,6,6,NA,NA,NA,NA,15/07/2024 14:02,0
15/07/2024 15:00,WIND,492301,1,HCM,1,62122,1011,80,7,70,15,1409,6,6,6,6,6,NA,NA,NA,NA,15/07/2024 15:02,0
15/07/2024 16:00,WIND,492301,1,HCM,1,62122,1011,100,6,110,11,1453,6,6,6,6,6,NA,NA,NA,NA,15/07/2024 16:02,0
15/07/2024 17:00,WIND,492301,1,HCM,1,62122,1011,130,6,130,12,1612,6,6,6,6,6,NA,NA,NA,NA,15/07/2024 17:02,0
15/07/2024 18:00,WIND,492301,1,HCM,1,62122,1011,170,5,180,10,1725,6,6,6,6,6,NA,NA,NA,NA,15/07/2024 18:02,0
15/07/2024 19:00,WIND,492301,1,HCM,1,62122,1011,220,4,220,9,1807,6,6,6,6,6,NA,NA,NA,NA,15/07/2024 19:02,0
15/07/2024 20:00,WIND,492301,1,HCM,1,62122,1011,230,7,240,14,1857,6,6,6,6,6,NA,NA,NA,NA,15/07/2024 20:02,0
15/07/2024 21:00,WIND,492301,1,HCM,1,62122,1011,230,6,220,11,2024,6,6,6,6,6,NA,NA,NA,NA,15/07/2024 21:02,0
15/07/2024 22:00,WIND,492301,1,HCM,1,62122,1011,220,6,230,11,2057,6,6,6,6,6,NA,NA,NA,NA,15/07/2024 22:02,0
15/07/2024 23:00,WIND,492301,1,HCM,1,62122,1011,210,4,220,8,2200,6,6,6,6,6,NA,NA,NA,NA,15/07/2024 23:02,0
16/07/2024 00:00,WIND,492301,1,HCM,1,62122,1011,200,4,190,9,2339,6,6,6,6,6,NA,NA,NA,NA,16/07/2024 00:03,0
16/07/2024 01:00,WIND,492301,1,HCM,1,62122,1011,200,5,210,10,48,6,6,6,6,6,NA,NA,NA,NA,16/07/2024 01:02,0
16/07/2024 02:00,WIND,492301,1,HCM,1,62122,1011,200,5,190,9,50,6,6,6,6,6,NA,NA,NA,NA,16/07/2024 02:02,0
16/07/2024 03:00,WIND,492301,1,HCM,1,62122,1011,210,4,220,9,159,6,6,6,6,6,NA,NA,NA,NA,16/07/2024 03:02,0
16/07/2024 04:00,WIND,492301,1,HCM,1,62122,1011,200,5,200,9,336,6,6,6,6,6,NA,NA,NA,NA,16/07/2024 04:02,0
16/07/2024 05:00,WIND,492301,1,HCM,1,62122,1011,200,5,190,9,433,6,6,6,6,6,NA,NA,NA,NA,16/07/2024 05:02,0
16/07/2024 06:00,WIND,492301,1,HCM,1,62122,1011,210,4,220,9,450,6,6,6,6,6,NA,NA,NA,NA,16/07/2024 06:03,0
16/07/2024 07:00,WIND,492301,1,HCM,1,62122,1011,240,5,240,10,649,6,6,6,6,6,NA,NA,NA,NA,16/07/2024 07:02,0
16/07/2024 08:00,WIND,492301,1,HCM,1,62122,1011,240,6,240,10,742,6,6,6,6,6,NA,NA,NA,NA,16/07/2024 08:02,0
16/07/2024 09:00,WIND,492301,1,HCM,1,62122,1011,250,6,250,11,828,6,6,6,6,6,NA,NA,NA,NA,16/07/2024 09:03,0
16/07/2024 10:00,WIND,492301,1,HCM,1,62122,1011,250,7,260,12,914,6,6,6,6,6,NA,NA,NA,NA,16/07/2024 10:02,0
16/07/2024 11:00,WIND,492301,1,HCM,1,62122,1011,260,7,280,13,1047,6,6,6,6,6,NA,NA,NA,NA,16/07/2024 11:03,0
16/07/2024 12:00,WIND,492301,1,HCM,1,62122,1011,280,8,280,15,1110,6,6,6,6,6,NA,NA,NA,NA,16/07/2024 12:02,0
16/07/2024 13:00,WIND,492301,1,HCM,1,62122,1011,270,8,270,15,1249,6,6,6,6,6,NA,NA,NA,NA,16/07/2024 13:02,0
16/07/2024 14:00,WIND,492301,1,HCM,1,62122,1011,280,8,290,16,1333,6,6,6,6,6,NA,NA,NA,NA,16/07/2024 14:01,660
16/07/2024 15:00,WIND,492301,1,HCM,1,62122,1011,290,5,320,13,1350,6,6,6,6,6,NA,NA,NA,NA,16/07/2024 15:02,0
16/07/2024 16:00,WIND,492301,1,HCM,1,62122,1011,270,6,280,13,1534,6,6,6,6,6,NA,NA,NA,NA,16/07/2024 16:02,0
16/07/2024 17:00,WIND,492301,1,HCM,1,62122,1011,260,6,230,12,1550,6,6,6,6,6,NA,NA,NA,NA,16/07/2024 17:02,0
16/07/2024 18:00,WIND,492301,1,HCM,1,62122,1011,290,7,280,13,1704,6,6,6,6,6,NA,NA,NA,NA,16/07/2024 18:02,0
16/07/2024 19:00,WIND,492301,1,HCM,1,62122,1011,300,6,310,12,1842,6,6,6,6,6,NA,NA,NA,NA,16/07/2024 19:02,0
16/07/2024 20:00,WIND,492301,1,HCM,1,62122,1011,280,5,290,13,1911,6,6,6,6,6,NA,NA,NA,NA,16/07/2024 20:02,0
16/07/2024 21:00,WIND,492301,1,HCM,1,62122,1011,280,4,260,8,2033,6,6,6,6,6,NA,NA,NA,NA,16/07/2024 21:03,0
16/07/2024 22:00,WIND,492301,1,HCM,1,62122,1011,240,6,250,11,2141,6,6,6,6,6,NA,NA,NA,NA,16/07/2024 22:02,0
16/07/2024 23:00,WIND,492301,1,HCM,1,62122,1011,250,4,230,9,2152,6,6,6,6,6,NA,NA,NA,NA,16/07/2024 23:02,0
17/07/2024 00:00,WIND,492301,1,HCM,1,62122,1011,240,4,240,6,2349,6,6,6,6,6,NA,NA,NA,NA,17/07/2024 00:03,0
17/07/2024 01:00,WIND,492301,1,HCM,1,62122,1011,240,5,250,8,26,6,6,6,6,6,NA,NA,NA,NA,17/07/2024 01:02,0
17/07/2024 02:00,WIND,492301,1,HCM,1,62122,1011,240,4,250,7,141,6,6,6,6,6,NA,NA,NA,NA,17/07/2024 02:02,0
17/07/2024 03:00,WIND,492301,1,HCM,1,62122,1011,240,4,240,7,243,6,6,6,6,6,NA,NA,NA,NA,17/07/2024 03:02,0
17/07/2024 04:00,WIND,492301,1,HCM,1,62122,1011,250,3,240,6,252,6,6,6,6,6,NA,NA,NA,NA,17/07/2024 04:02,0
17/07/2024 05:00,WIND,492301,1,HCM,1,62122,1011,240,3,250,6,442,6,6,6,6,6,NA,NA,NA,NA,17/07/2024 05:02,0
17/07/2024 06:00,WIND,492301,1,HCM,1,62122,1011,210,3,220,6,523,6,6,6,6,6,NA,NA,NA,NA,17/07/2024 06:03,0
17/07/2024 07:00,WIND,492301,1,HCM,1,62122,1011,210,3,210,8,625,6,6,6,6,6,NA,NA,NA,NA,17/07/2024 07:02,0
17/07/2024 08:00,WIND,492301,1,HCM,1,62122,1011,240,5,240,9,749,6,6,6,6,6,NA,NA,NA,NA,17/07/2024 08:02,0
17/07/2024 09:00,WIND,492301,1,HCM,1,62122,1011,240,4,250,8,755,6,6,6,6,6,NA,NA,NA,NA,17/07/2024 09:03,0
17/07/2024 10:00,WIND,492301,1,HCM,1,62122,1011,240,5,260,10,948,6,6,6,6,6,NA,NA,NA,NA,17/07/2024 10:02,0
17/07/2024 11:00,WIND,492301,1,HCM,1,62122,1011,250,6,300,11,1022,6,6,6,6,6,NA,NA,NA,NA,17/07/2024 11:02,0
17/07/2024 12:00,WIND,492301,1,HCM,1,62122,1011,250,6,250,12,1057,6,6,6,6,6,NA,NA,NA,NA,17/07/2024 12:02,0
17/07/2024 13:00,WIND,492301,1,HCM,1,62122,1011,260,6,270,14,1202,6,6,6,6,6,NA,NA,NA,NA,17/07/2024 13:02,0
17/07/2024 14:00,WIND,492301,1,HCM,1,62122,1011,260,7,280,13,1320,6,6,6,6,6,NA,NA,NA,NA,17/07/2024 14:02,0
17/07/2024 15:00,WIND,492301,1,HCM,1,62122,1011,260,6,250,12,1359,6,6,6,6,6,NA,NA,NA,NA,17/07/2024 15:02,0
17/07/2024 16:00,WIND,492301,1,HCM,1,62122,1011,260,6,280,12,1534,6,6,6,6,6,NA,NA,NA,NA,17/07/2024 16:02,0
17/07/2024 17:00,WIND,492301,1,HCM,1,62122,1011,270,7,270,12,1601,6,6,6,6,6,NA,NA,NA,NA,17/07/2024 17:02,0
17/07/2024 18:00,WIND,492301,1,HCM,1,62122,1011,270,6,260,10,1734,6,6,6,6,6,NA,NA,NA,NA,17/07/2024 18:02,0
17/07/2024 19:00,WIND,492301,1,HCM,1,62122,1011,250,6,260,9,1805,6,6,6,6,6,NA,NA,NA,NA,17/07/2024 19:02,0
17/07/2024 20:00,WIND,492301,1,HCM,1,62122,1011,220,5,220,10,1919,6,6,6,6,6,NA,NA,NA,NA,17/07/2024 20:02,0
17/07/2024 21:00,WIND,492301,1,HCM,1,62122,1011,180,3,150,7,2039,6,6,6,6,6,NA,NA,NA,NA,17/07/2024 21:03,0
17/07/2024 22:00,WIND,492301,1,HCM,1,62122,1011,160,3,150,7,2055,6,6,6,6,6,NA,NA,NA,NA,17/07/2024 22:02,0
17/07/2024 23:00,WIND,492301,1,HCM,1,62122,1011,150,3,190,5,2248,6,6,6,6,6,NA,NA,NA,NA,17/07/2024 23:02,0
18/07/2024 00:00,WIND,492301,1,HCM,1,62122,1011,170,3,170,6,2257,6,6,6,6,6,NA,NA,NA,NA,18/07/2024 00:03,0
18/07/2024 01:00,WIND,492301,1,HCM,1,62122,1011,140,4,160,8,20,6,6,6,6,6,NA,NA,NA,NA,18/07/2024 01:02,0
18/07/2024 02:00,WIND,492301,1,HCM,1,62122,1011,150,5,170,9,132,6,6,6,6,6,NA,NA,NA,NA,18/07/2024 02:02,0
18/07/2024 03:00,WIND,492301,1,HCM,1,62122,1011,150,4,140,7,152,6,6,6,6,6,NA,NA,NA,NA,18/07/2024 03:02,0
18/07/2024 04:00,WIND,492301,1,HCM,1,62122,1011,150,3,170,7,328,6,6,6,6,6,NA,NA,NA,NA,18/07/2024 04:02,0
18/07/2024 05:00,WIND,492301,1,HCM,1,62122,1011,120,3,120,5,429,6,6,6,6,6,NA,NA,NA,NA,18/07/2024 05:02,0
18/07/2024 06:00,WIND,492301,1,HCM,1,62122,1011,100,3,110,5,512,6,6,6,6,6,NA,NA,NA,NA,18/07/2024 06:03,0
18/07/2024 07:00,WIND,492301,1,HCM,1,62122,1011,130,3,120,7,646,6,6,6,6,6,NA,NA,NA,NA,18/07/2024 07:02,0
18/07/2024 08:00,WIND,492301,1,HCM,1,62122,1011,140,3,140,6,709,6,6,6,6,6,NA,NA,NA,NA,18/07/2024 08:02,0
18/07/2024 09:00,WIND,492301,1,HCM,1,62122,1011,200,3,150,7,751,6,6,6,6,6,NA,NA,NA,NA,18/07/2024 09:03,0
18/07/2024 10:00,WIND,492301,1,HCM,1,62122,1011,140,3,160,9,942,6,6,6,6,6,NA,NA,NA,NA,18/07/2024 10:02,0
18/07/2024 11:00,WIND,492301,1,HCM,1,62122,1011,170,6,190,13,1023,6,6,6,6,6,NA,NA,NA,NA,18/07/2024 11:02,0
18/07/2024 12:00,WIND,492301,1,HCM,1,62122,1011,170,6,210,15,1053,6,6,6,6,6,NA,NA,NA,NA,18/07/2024 12:02,0
18/07/2024 13:00,WIND,492301,1,HCM,1,62122,1011,170,6,160,12,1240,6,6,6,6,6,NA,NA,NA,NA,18/07/2024 13:02,0
18/07/2024 14:00,WIND,492301,1,HCM,1,62122,1011,250,4,180,11,1312,6,6,6,6,6,NA,NA,NA,NA,18/07/2024 14:02,0
18/07/2024 15:00,WIND,492301,1,HCM,1,62122,1011,320,4,160,11,1429,6,6,6,6,6,NA,NA,NA,NA,18/07/2024 15:02,0
18/07/2024 16:00,WIND,492301,1,HCM,1,62122,1011,160,6,130,14,1524,6,6,6,6,6,NA,NA,NA,NA,18/07/2024 16:02,0
18/07/2024 17:00,WIND,492301,1,HCM,1,62122,1011,240,5,210,18,1609,6,6,6,6,6,NA,NA,NA,NA,18/07/2024 17:02,0
18/07/2024 18:00,WIND,492301,1,HCM,1,62122,1011,270,7,260,13,1656,6,6,6,6,6,NA,NA,NA,NA,18/07/2024 18:02,0
18/07/2024 19:00,WIND,492301,1,HCM,1,62122,1011,260,6,250,10,1801,6,6,6,6,6,NA,NA,NA,NA,18/07/2024 19:02,0
18/07/2024 20:00,WIND,492301,1,HCM,1,62122,1011,250,5,260,8,1855,6,6,6,6,6,NA,NA,NA,NA,18/07/2024 20:02,0
18/07/2024 21:00,WIND,492301,1,HCM,1,62122,1011,210,3,200,7,2016,6,6,6,6,6,NA,NA,NA,NA,18/07/2024 21:02,0
18/07/2024 22:00,WIND,492301,1,HCM,1,62122,1011,190,3,190,6,2119,6,6,6,6,6,NA,NA,NA,NA,18/07/2024 22:02,0
18/07/2024 23:00,WIND,492301,1,HCM,1,62122,1011,200,2,160,5,2150,6,6,6,6,6,NA,NA,NA,NA,18/07/2024 23:02,0
19/07/2024 00:00,WIND,492301,1,HCM,1,62122,1011,110,3,190,5,2349,6,6,6,6,6,NA,NA,NA,NA,19/07/2024 00:03,0
19/07/2024 01:00,WIND,492301,1,HCM,1,62122,1011,230,3,220,7,2,6,6,6,6,6,NA,NA,NA,NA,19/07/2024 01:02,0
19/07/2024 02:00,WIND,492301,1,HCM,1,62122,1011,190,1,220,2,50,6,6,6,6,6,NA,NA,NA,NA,19/07/2024 02:02,0
19/07/2024 03:00,WIND,492301,1,HCM,1,62122,1011,140,1,70,4,236,6,6,6,6,6,NA,NA,NA,NA,19/07/2024 03:02,0
19/07/2024 04:00,WIND,492301,1,HCM,1,62122,1011,100,1,70,2,253,6,6,6,6,6,NA,NA,NA,NA,19/07/2024 04:02,0
19/07/2024 05:00,WIND,492301,1,HCM,1,62122,1011,170,1,90,2,449,6,6,6,6,6,NA,NA,NA,NA,19/07/2024 05:02,0
19/07/2024 06:00,WIND,492301,1,HCM,1,62122,1011,90,2,80,4,518,6,6,6,6,6,NA,NA,NA,NA,19/07/2024 06:03,0
19/07/2024 07:00,WIND,492301,1,HCM,1,62122,1011,120,3,120,5,634,6,6,6,6,6,NA,NA,NA,NA,19/07/2024 07:02,0
19/07/2024 08:00,WIND,492301,1,HCM,1,62122,1011,100,3,150,5,718,6,6,6,6,6,NA,NA,NA,NA,19/07/2024 08:02,0
19/07/2024 09:00,WIND,492301,1,HCM,1,62122,1011,20,3,300,7,834,6,6,6,6,6,NA,NA,NA,NA,19/07/2024 09:01,960
19/07/2024 10:00,WIND,492301,1,HCM,1,62122,1011,310,3,280,7,919,6,6,6,6,6,NA,NA,NA,NA,19/07/2024 10:02,0
19/07/2024 11:00,WIND,492301,1,HCM,1,62122,1011,280,5,290,9,1035,6,6,6,6,6,NA,NA,NA,NA,19/07/2024 11:02,0
19/07/2024 12:00,WIND,492301,1,HCM,1,62122,1011,290,6,270,11,1149,6,6,6,6,6,NA,NA,NA,NA,19/07/2024 12:02,0
19/07/2024 13:00,WIND,492301,1,HCM,1,62122,1011,270,7,260,12,1222,6,6,6,6,6,NA,NA,NA,NA,19/07/2024 13:02,0
19/07/2024 14:00,WIND,492301,1,HCM,1,62122,1011,280,8,260,13,1316,6,6,6,6,6,NA,NA,NA,NA,19/07/2024 14:02,0
19/07/2024 15:00,WIND,492301,1,HCM,1,62122,1011,260,8,260,13,1449,6,6,6,6,6,NA,NA,NA,NA,19/07/2024 15:02,0
19/07/2024 16:00,WIND,492301,1,HCM,1,62122,1011,260,9,240,15,1506,6,6,6,6,6,NA,NA,NA,NA,19/07/2024 16:02,0
19/07/2024 17:00,WIND,492301,1,HCM,1,62122,1011,270,8,280,13,1603,6,6,6,6,6,NA,NA,NA,NA,19/07/2024 17:02,0
19/07/2024 18:00,WIND,492301,1,HCM,1,62122,1011,250,8,240,18,1736,6,6,6,6,6,NA,NA,NA,NA,19/07/2024 18:02,0
19/07/2024 19:00,WIND,492301,1,HCM,1,62122,1011,240,10,250,16,1808,6,6,6,6,6,NA,NA,NA,NA,19/07/2024 19:02,0
19/07/2024 20:00,WIND,492301,1,HCM,1,62122,1011,230,7,240,13,1912,6,6,6,6,6,NA,NA,NA,NA,19/07/2024 20:02,0
19/07/2024 21:00,WIND,492301,1,HCM,1,62122,1011,230,6,240,11,2018,6,6,6,6,6,NA,NA,NA,NA,19/07/2024 21:03,0
19/07/2024 22:00,WIND,492301,1,HCM,1,62122,1011,230,6,210,11,2126,6,6,6,6,6,NA,NA,NA,NA,19/07/2024 22:02,0
19/07/2024 23:00,WIND,492301,1,HCM,1,62122,1011,210,4,210,7,2158,6,6,6,6,6,NA,NA,NA,NA,19/07/2024 23:02,0
20/07/2024 00:00,WIND,492301,1,HCM,1,62122,1011,210,4,220,7,2340,6,6,6,6,6,NA,NA,NA,NA,20/07/2024 00:03,0
20/07/2024 01:00,WIND,492301,1,HCM,1,62122,1011,220,4,230,8,1,6,6,6,6,6,NA,NA,NA,NA,20/07/2024 01:02,0
20/07/2024 02:00,WIND,492301,1,HCM,1,62122,1011,190,4,190,7,134,6,6,6,6,6,NA,NA,NA,NA,20/07/2024 02:02,0
20/07/2024 03:00,WIND,492301,1,HCM,1,62122,1011,190,4,200,8,215,6,6,6,6,6,NA,NA,NA,NA,20/07/2024 03:02,0
20/07/2024 04:00,WIND,492301,1,HCM,1,62122,1011,180,5,180,10,324,6,6,6,6,6,NA,NA,NA,NA,20/07/2024 04:02,0
20/07/2024 05:00,WIND,492301,1,HCM,1,62122,1011,170,5,210,10,445,6,6,6,6,6,NA,NA,NA,NA,20/07/2024 05:02,0
20/07/2024 06:00,WIND,492301,1,HCM,1,62122,1011,190,6,190,11,527,6,6,6,6,6,NA,NA,NA,NA,20/07/2024 06:03,0
20/07/2024 07:00,WIND,492301,1,HCM,1,62122,1011,190,6,200,12,557,6,6,6,6,6,NA,NA,NA,NA,20/07/2024 07:02,0
20/07/2024 08:00,WIND,492301,1,HCM,1,62122,1011,180,6,170,11,745,6,6,6,6,6,NA,NA,NA,NA,20/07/2024 08:02,0
20/07/2024 09:00,WIND,492301,1,HCM,1,62122,1011,170,6,150,12,819,6,6,6,6,6,NA,NA,NA,NA,20/07/2024 09:03,0
20/07/2024 10:00,WIND,492301,1,HCM,1,62122,1011,170,7,150,14,948,6,6,6,6,6,NA,NA,NA,NA,20/07/2024 10:02,0
20/07/2024 11:00,WIND,492301,1,HCM,1,62122,1011,160,8,160,15,951,6,6,6,6,6,NA,NA,NA,NA,20/07/2024 11:02,0
20/07/2024 12:00,WIND,492301,1,HCM,1,62122,1011,160,7,190,14,1106,6,6,6,6,6,NA,NA,NA,NA,20/07/2024 12:02,0
20/07/2024 13:00,WIND,492301,1,HCM,1,62122,1011,160,7,180,17,1210,6,6,6,6,6,NA,NA,NA,NA,20/07/2024 13:02,0
20/07/2024 14:00,WIND,492301,1,HCM,1,62122,1011,150,7,140,14,1347,6,6,6,6,6,NA,NA,NA,NA,20/07/2024 14:02,0
20/07/2024 15:00,WIND,492301,1,HCM,1,62122,1011,160,8,170,17,1407,6,6,6,6,6,NA,NA,NA,NA,20/07/2024 15:02,0
20/07/2024 16:00,WIND,492301,1,HCM,1,62122,1011,140,7,160,13,1500,6,6,6,6,6,NA,NA,NA,NA,20/07/2024 16:02,0
20/07/2024 17:00,WIND,492301,1,HCM,1,62122,1011,170,7,190,15,1617,6,6,6,6,6,NA,NA,NA,NA,20/07/2024 17:02,0
20/07/2024 18:00,WIND,492301,1,HCM,1,62122,1011,170,5,140,11,1707,6,6,6,6,6,NA,NA,NA,NA,20/07/2024 18:02,0
20/07/2024 19:00,WIND,492301,1,HCM,1,62122,1011,240,6,250,11,1759,6,6,6,6,6,NA,NA,NA,NA,20/07/2024 19:02,0
20/07/2024 20:00,WIND,492301,1,HCM,1,62122,1011,240,7,250,13,1931,6,6,6,6,6,NA,NA,NA,NA,20/07/2024 20:02,0
20/07/2024 21:00,WIND,492301,1,HCM,1,62122,1011,240,8,230,14,2037,6,6,6,6,6,NA,NA,NA,NA,20/07/2024 21:03,0
20/07/2024 22:00,WIND,492301,1,HCM,1,62122,1011,240,6,250,12,2053,6,6,6,6,6,NA,NA,NA,NA,20/07/2024 22:02,0
20/07/2024 23:00,WIND,492301,1,HCM,1,62122,1011,230,6,220,12,2221,6,6,6,6,6,NA,NA,NA,NA,20/07/2024 23:02,0
21/07/2024 00:00,WIND,492301,1,HCM,1,62122,1011,240,5,270,9,2346,6,6,6,6,6,NA,NA,NA,NA,21/07/2024 00:03,0
21/07/2024 01:00,WIND,492301,1,HCM,1,62122,1011,260,4,260,8,31,6,6,6,6,6,NA,NA,NA,NA,21/07/2024 01:02,0
21/07/2024 02:00,WIND,492301,1,HCM,1,62122,1011,260,4,280,8,101,6,6,6,6,6,NA,NA,NA,NA,21/07/2024 02:02,0
21/07/2024 03:00,WIND,492301,1,HCM,1,62122,1011,260,4,260,7,214,6,6,6,6,6,NA,NA,NA,NA,21/07/2024 03:02,0
21/07/2024 04:00,WIND,492301,1,HCM,1,62122,1011,260,4,250,6,259,6,6,6,6,6,NA,NA,NA,NA,21/07/2024 04:02,0
21/07/2024 05:00,WIND,492301,1,HCM,1,62122,1011,240,3,260,5,449,6,6,6,6,6,NA,NA,NA,NA,21/07/2024 05:02,0
21/07/2024 06:00,WIND,492301,1,HCM,1,62122,1011,270,4,290,8,547,6,6,6,6,6,NA,NA,NA,NA,21/07/2024 06:03,0
21/07/2024 07:00,WIND,492301,1,HCM,1,62122,1011,290,5,290,8,555,6,6,6,6,6,NA,NA,NA,NA,21/07/2024 07:02,0
21/07/2024 08:00,WIND,492301,1,HCM,1,62122,1011,310,4,350,10,739,6,6,6,6,6,NA,NA,NA,NA,21/07/2024 08:07,0
21/07/2024 09:00,WIND,492301,1,HCM,1,62122,1011,350,5,320,11,759,6,6,6,6,6,NA,NA,NA,NA,21/07/2024 09:03,0
21/07/2024 10:00,WIND,492301,1,HCM,1,62122,1011,310,4,260,9,949,6,6,6,6,6,NA,NA,NA,NA,21/07/2024 10:02,0
21/07/2024 11:00,WIND,492301,1,HCM,1,62122,1011,280,6,260,11,1049,6,6,6,6,6,NA,NA,NA,NA,21/07/2024 11:02,0
21/07/2024 12:00,WIND,492301,1,HCM,1,62122,1011,250,9,250,17,1115,6,6,6,6,6,NA,NA,NA,NA,21/07/2024 12:02,0
21/07/2024 13:00,WIND,492301,1,HCM,1,62122,1011,300,6,270,17,1150,6,6,6,6,6,NA,NA,NA,NA,21/07/2024 13:02,0
21/07/2024 14:00,WIND,492301,1,HCM,1,62122,1011,250,7,240,13,1349,6,6,6,6,6,NA,NA,NA,NA,21/07/2024 14:02,0
21/07/2024 15:00,WIND,492301,1,HCM,1,62122,1011,230,9,230,17,1434,6,6,6,6,6,NA,NA,NA,NA,21/07/2024 15:02,0
21/07/2024 16:00,WIND,492301,1,HCM,1,62122,1011,240,12,250,22,1529,6,6,6,6,6,NA,NA,NA,NA,21/07/2024 16:02,0
21/07/2024 17:00,WIND,492301,1,HCM,1,62122,1011,230,13,240,24,1644,6,6,6,6,6,NA,NA,NA,NA,21/07/2024 17:02,0
21/07/2024 18:00,WIND,492301,1,HCM,1,62122,1011,240,12,230,22,1657,6,6,6,6,6,NA,NA,NA,NA,21/07/2024 18:02,0
21/07/2024 19:00,WIND,492301,1,HCM,1,62122,1011,240,10,250,19,1800,6,6,6,6,6,NA,NA,NA,NA,21/07/2024 19:02,0
21/07/2024 20:00,WIND,492301,1,HCM,1,62122,1011,240,8,250,16,1901,6,6,6,6,6,NA,NA,NA,NA,21/07/2024 20:02,0
21/07/2024 21:00,WIND,492301,1,HCM,1,62122,1011,230,5,240,9,2010,6,6,6,6,6,NA,NA,NA,NA,21/07/2024 21:03,0
21/07/2024 22:00,WIND,492301,1,HCM,1,62122,1011,220,4,230,7,2055,6,6,6,6,6,NA,NA,NA,NA,21/07/2024 22:02,0
21/07/2024 23:00,WIND,492301,1,HCM,1,62122,1011,190,3,190,7,2248,6,6,6,6,6,NA,NA,NA,NA,21/07/2024 23:02,0
22/07/2024 00:00,WIND,492301,1,HCM,1,62122,1011,190,4,190,8,2317,6,6,6,6,6,NA,NA,NA,NA,22/07/2024 00:03,0
22/07/2024 01:00,WIND,492301,1,HCM,1,62122,1011,170,4,200,8,2357,6,6,6,6,6,NA,NA,NA,NA,22/07/2024 01:02,0
22/07/2024 02:00,WIND,492301,1,HCM,1,62122,1011,180,5,140,12,141,6,6,6,6,6,NA,NA,NA,NA,22/07/2024 02:02,0
22/07/2024 03:00,WIND,492301,1,HCM,1,62122,1011,190,7,170,14,158,6,6,6,6,6,NA,NA,NA,NA,22/07/2024 03:02,0
22/07/2024 04:00,WIND,492301,1,HCM,1,62122,1011,180,8,200,16,314,6,6,6,6,6,NA,NA,NA,NA,22/07/2024 04:02,0
22/07/2024 05:00,WIND,492301,1,HCM,1,62122,1011,180,7,170,14,359,6,6,6,6,6,NA,NA,NA,NA,22/07/2024 05:02,0
22/07/2024 06:00,WIND,492301,1,HCM,1,62122,1011,180,8,190,15,526,6,6,6,6,6,NA,NA,NA,NA,22/07/2024 06:03,0
22/07/2024 07:00,WIND,492301,1,HCM,1,62122,1011,210,8,220,13,610,6,6,6,6,6,NA,NA,NA,NA,22/07/2024 07:02,0
22/07/2024 08:00,WIND,492301,1,HCM,1,62122,1011,220,10,220,19,657,6,6,6,6,6,NA,NA,NA,NA,22/07/2024 08:02,0
22/07/2024 09:00,WIND,492301,1,HCM,1,62122,1011,240,12,250,20,847,6,6,6,6,6,NA,NA,NA,NA,22/07/2024 09:03,0
22/07/2024 10:00,WIND,492301,1,HCM,1,62122,1011,240,13,240,23,854,6,6,6,6,6,NA,NA,NA,NA,22/07/2024 10:02,0
22/07/2024 11:00,WIND,492301,1,HCM,1,62122,1011,240,14,240,23,1046,6,6,6,6,6,NA,NA,NA,NA,22/07/2024 11:02,0
22/07/2024 12:00,WIND,492301,1,HCM,1,62122,1011,240,13,240,22,1114,6,6,6,6,6,NA,NA,NA,NA,22/07/2024 12:02,0
22/07/2024 13:00,WIND,492301,1,HCM,1,62122,1011,240,15,240,24,1230,6,6,6,6,6,NA,NA,NA,NA,22/07/2024 13:02,0
22/07/2024 14:00,WIND,492301,1,HCM,1,62122,1011,240,14,240,23,1254,6,6,6,6,6,NA,NA,NA,NA,22/07/2024 14:02,0
22/07/2024 15:00,WIND,492301,1,HCM,1,62122,1011,240,14,250,25,1356,6,6,6,6,6,NA,NA,NA,NA,22/07/2024 15:02,0
22/07/2024 16:00,WIND,492301,1,HCM,1,62122,1011,240,13,240,22,1500,6,6,6,6,6,NA,NA,NA,NA,22/07/2024 16:02,0
22/07/2024 17:00,WIND,492301,1,HCM,1,62122,1011,250,12,260,21,1558,6,6,6,6,6,NA,NA,NA,NA,22/07/2024 17:02,0
22/07/2024 18:00,WIND,492301,1,HCM,1,62122,1011,240,9,240,18,1655,6,6,6,6,6,NA,NA,NA,NA,22/07/2024 18:02,0
22/07/2024 19:00,WIND,492301,1,HCM,1,62122,1011,240,8,240,17,1802,6,6,6,6,6,NA,NA,NA,NA,22/07/2024 19:02,0
22/07/2024 20:00,WIND,492301,1,HCM,1,62122,1011,240,8,250,13,1913,6,6,6,6,6,NA,NA,NA,NA,22/07/2024 20:02,0
22/07/2024 21:00,WIND,492301,1,HCM,1,62122,1011,240,5,230,9,1955,6,6,6,6,6,NA,NA,NA,NA,22/07/2024 21:03,0
22/07/2024 22:00,WIND,492301,1,HCM,1,62122,1011,230,4,230,8,2133,6,6,6,6,6,NA,NA,NA,NA,22/07/2024 22:02,0
22/07/2024 23:00,WIND,492301,1,HCM,1,62122,1011,210,3,230,6,2209,6,6,6,6,6,NA,NA,NA,NA,22/07/2024 23:02,0
23/07/2024 00:00,WIND,492301,1,HCM,1,62122,1011,150,2,150,5,2337,6,6,6,6,6,NA,NA,NA,NA,23/07/2024 00:03,0
23/07/2024 01:00,WIND,492301,1,HCM,1,62122,1011,190,6,240,23,45,6,6,6,6,6,NA,NA,NA,NA,23/07/2024 01:02,0
23/07/2024 02:00,WIND,492301,1,HCM,1,62122,1011,250,13,260,22,54,6,6,6,6,6,NA,NA,NA,NA,23/07/2024 02:02,0
23/07/2024 03:00,WIND,492301,1,HCM,1,62122,1011,240,10,260,20,200,6,6,6,6,6,NA,NA,NA,NA,23/07/2024 03:02,0
23/07/2024 04:00,WIND,492301,1,HCM,1,62122,1011,240,9,240,16,335,6,6,6,6,6,NA,NA,NA,NA,23/07/2024 04:02,0
23/07/2024 05:00,WIND,492301,1,HCM,1,62122,1011,240,10,240,18,429,6,6,6,6,6,NA,NA,NA,NA,23/07/2024 05:02,0
23/07/2024 06:00,WIND,492301,1,HCM,1,62122,1011,250,10,240,19,526,6,6,6,6,6,NA,NA,NA,NA,23/07/2024 06:04,0
23/07/2024 07:00,WIND,492301,1,HCM,1,62122,1011,250,8,260,17,554,6,6,6,6,6,NA,NA,NA,NA,23/07/2024 07:02,0
23/07/2024 08:00,WIND,492301,1,HCM,1,62122,1011,260,8,260,14,742,6,6,6,6,6,NA,NA,NA,NA,23/07/2024 08:02,0
23/07/2024 09:00,WIND,492301,1,HCM,1,62122,1011,250,8,250,13,846,6,6,6,6,6,NA,NA,NA,NA,23/07/2024 09:03,0
23/07/2024 10:00,WIND,492301,1,HCM,1,62122,1011,250,8,260,14,911,6,6,6,6,6,NA,NA,NA,NA,23/07/2024 10:02,0
23/07/2024 11:00,WIND,492301,1,HCM,1,62122,1011,280,6,260,10,952,6,6,6,6,6,NA,NA,NA,NA,23/07/2024 11:02,0
23/07/2024 12:00,WIND,492301,1,HCM,1,62122,1011,250,6,240,12,1144,6,6,6,6,6,NA,NA,NA,NA,23/07/2024 12:02,0
23/07/2024 13:00,WIND,492301,1,HCM,1,62122,1011,240,7,250,12,1224,6,6,6,6,6,NA,NA,NA,NA,23/07/2024 13:02,0
23/07/2024 14:00,WIND,492301,1,HCM,1,62122,1011,250,5,270,11,1306,6,6,6,6,6,NA,NA,NA,NA,23/07/2024 14:02,0
23/07/2024 15:00,WIND,492301,1,HCM,1,62122,1011,250,7,250,13,1429,6,6,6,6,6,NA,NA,NA,NA,23/07/2024 15:02,0
23/07/2024 16:00,WIND,492301,1,HCM,1,62122,1011,240,7,250,12,1541,6,6,6,6,6,NA,NA,NA,NA,23/07/2024 16:02,0
23/07/2024 17:00,WIND,492301,1,HCM,1,62122,1011,240,7,250,12,1639,6,6,6,6,6,NA,NA,NA,NA,23/07/2024 17:02,0
23/07/2024 18:00,WIND,492301,1,HCM,1,62122,1011,240,7,250,12,1725,6,6,6,6,6,NA,NA,NA,NA,23/07/2024 18:02,0
23/07/2024 19:00,WIND,492301,1,HCM,1,62122,1011,240,7,250,11,1840,6,6,6,6,6,NA,NA,NA,NA,23/07/2024 19:02,0
23/07/2024 20:00,WIND,492301,1,HCM,1,62122,1011,240,6,250,10,1941,6,6,6,6,6,NA,NA,NA,NA,23/07/2024 20:02,0
23/07/2024 21:00,WIND,492301,1,HCM,1,62122,1011,240,7,230,12,2041,6,6,6,6,6,NA,NA,NA,NA,23/07/2024 21:03,0
23/07/2024 22:00,WIND,492301,1,HCM,1,62122,1011,240,7,230,12,2112,6,6,6,6,6,NA,NA,NA,NA,23/07/2024 22:02,0
23/07/2024 23:00,WIND,492301,1,HCM,1,62122,1011,220,4,210,9,2153,6,6,6,6,6,NA,NA,NA,NA,23/07/2024 23:02,0
24/07/2024 00:00,WIND,492301,1,HCM,1,62122,1011,220,4,220,8,2254,6,6,6,6,6,NA,NA,NA,NA,24/07/2024 00:03,0
24/07/2024 01:00,WIND,492301,1,HCM,1,62122,1011,210,3,250,7,41,6,6,6,6,6,NA,NA,NA,NA,24/07/2024 01:02,0
24/07/2024 02:00,WIND,492301,1,HCM,1,62122,1011,210,4,220,9,52,6,6,6,6,6,NA,NA,NA,NA,24/07/2024 02:02,0
24/07/2024 03:00,WIND,492301,1,HCM,1,62122,1011,220,4,240,8,205,6,6,6,6,6,NA,NA,NA,NA,24/07/2024 03:02,0
24/07/2024 04:00,WIND,492301,1,HCM,1,62122,1011,210,5,220,9,253,6,6,6,6,6,NA,NA,NA,NA,24/07/2024 04:02,0
24/07/2024 05:00,WIND,492301,1,HCM,1,62122,1011,220,5,210,12,416,6,6,6,6,6,NA,NA,NA,NA,24/07/2024 05:02,0
24/07/2024 06:00,WIND,492301,1,HCM,1,62122,1011,240,3,250,7,517,6,6,6,6,6,NA,NA,NA,NA,24/07/2024 06:03,0
24/07/2024 07:00,WIND,492301,1,HCM,1,62122,1011,230,6,240,11,623,6,6,6,6,6,NA,NA,NA,NA,24/07/2024 07:02,0
24/07/2024 08:00,WIND,492301,1,HCM,1,62122,1011,240,6,250,11,713,6,6,6,6,6,NA,NA,NA,NA,24/07/2024 08:02,0
24/07/2024 09:00,WIND,492301,1,HCM,1,62122,1011,250,7,250,11,758,6,6,6,6,6,NA,NA,NA,NA,24/07/2024 09:03,0
24/07/2024 10:00,WIND,492301,1,HCM,1,62122,1011,230,5,190,10,949,6,6,6,6,6,NA,NA,NA,NA,24/07/2024 10:02,0
24/07/2024 11:00,WIND,492301,1,HCM,1,62122,1011,230,6,220,11,1009,6,6,6,6,6,NA,NA,NA,NA,24/07/2024 11:02,0
24/07/2024 12:00,WIND,492301,1,HCM,1,62122,1011,240,7,210,14,1132,6,6,6,6,6,NA,NA,NA,NA,24/07/2024 12:02,0
24/07/2024 13:00,WIND,492301,1,HCM,1,62122,1011,230,7,220,13,1204,6,6,6,6,6,NA,NA,NA,NA,24/07/2024 13:02,0
24/07/2024 14:00,WIND,492301,1,HCM,1,62122,1011,240,7,250,14,1300,6,6,6,6,6,NA,NA,NA,NA,24/07/2024 14:02,0
24/07/2024 15:00,WIND,492301,1,HCM,1,62122,1011,240,6,230,12,1353,6,6,6,6,6,NA,NA,NA,NA,24/07/2024 15:02,0
24/07/2024 16:00,WIND,492301,1,HCM,1,62122,1011,220,6,210,10,1545,6,6,6,6,6,NA,NA,NA,NA,24/07/2024 16:02,0
24/07/2024 17:00,WIND,492301,1,HCM,1,62122,1011,190,7,190,12,1633,6,6,6,6,6,NA,NA,NA,NA,24/07/2024 17:02,0
24/07/2024 18:00,WIND,492301,1,HCM,1,62122,1011,200,8,190,13,1724,6,6,6,6,6,NA,NA,NA,NA,24/07/2024 18:02,0
24/07/2024 19:00,WIND,492301,1,HCM,1,62122,1011,200,8,180,15,1803,6,6,6,6,6,NA,NA,NA,NA,24/07/2024 19:02,0
24/07/2024 20:00,WIND,492301,1,HCM,1,62122,1011,200,6,210,14,1905,6,6,6,6,6,NA,NA,NA,NA,24/07/2024 20:02,0
24/07/2024 21:00,WIND,492301,1,HCM,1,62122,1011,200,6,210,13,2016,6,6,6,6,6,NA,NA,NA,NA,24/07/2024 21:02,0
24/07/2024 22:00,WIND,492301,1,HCM,1,62122,1011,190,7,190,13,2054,6,6,6,6,6,NA,NA,NA,NA,24/07/2024 22:02,0
24/07/2024 23:00,WIND,492301,1,HCM,1,62122,1011,190,7,180,12,2159,6,6,6,6,6,NA,NA,NA,NA,24/07/2024 23:02,0
25/07/2024 00:00,WIND,492301,1,HCM,1,62122,1011,190,7,180,13,2301,6,6,6,6,6,NA,NA,NA,NA,25/07/2024 00:03,0
25/07/2024 01:00,WIND,492301,1,HCM,1,62122,1011,180,5,190,10,2354,6,6,6,6,6,NA,NA,NA,NA,25/07/2024 01:02,0
25/07/2024 02:00,WIND,492301,1,HCM,1,62122,1011,180,6,190,12,120,6,6,6,6,6,NA,NA,NA,NA,25/07/2024 02:02,0
25/07/2024 03:00,WIND,492301,1,HCM,1,62122,1011,170,5,180,10,233,6,6,6,6,6,NA,NA,NA,NA,25/07/2024 03:02,0
25/07/2024 04:00,WIND,492301,1,HCM,1,62122,1011,170,5,140,11,301,6,6,6,6,6,NA,NA,NA,NA,25/07/2024 04:02,0
25/07/2024 05:00,WIND,492301,1,HCM,1,62122,1011,180,5,190,11,420,6,6,6,6,6,NA,NA,NA,NA,25/07/2024 05:02,0
25/07/2024 06:00,WIND,492301,1,HCM,1,62122,1011,180,4,170,9,532,6,6,6,6,6,NA,NA,NA,NA,25/07/2024 06:03,0
25/07/2024 07:00,WIND,492301,1,HCM,1,62122,1011,160,5,160,8,637,6,6,6,6,6,NA,NA,NA,NA,25/07/2024 07:02,0
25/07/2024 08:00,WIND,492301,1,HCM,1,62122,1011,190,7,210,13,729,6,6,6,6,6,NA,NA,NA,NA,25/07/2024 08:02,0
25/07/2024 09:00,WIND,492301,1,HCM,1,62122,1011,210,8,180,18,800,6,6,6,6,6,NA,NA,NA,NA,25/07/2024 09:03,0
25/07/2024 10:00,WIND,492301,1,HCM,1,62122,1011,210,7,210,13,907,6,6,6,6,6,NA,NA,NA,NA,25/07/2024 10:02,0
25/07/2024 11:00,WIND,492301,1,HCM,1,62122,1011,200,7,220,14,1047,6,6,6,6,6,NA,NA,NA,NA,25/07/2024 11:02,0
25/07/2024 12:00,WIND,492301,1,HCM,1,62122,1011,230,6,230,12,1107,6,6,6,6,6,NA,NA,NA,NA,25/07/2024 12:02,0
25/07/2024 13:00,WIND,492301,1,HCM,1,62122,1011,230,5,190,11,1153,6,6,6,6,6,NA,NA,NA,NA,25/07/2024 13:02,0
25/07/2024 14:00,WIND,492301,1,HCM,1,62122,1011,250,6,250,12,1344,6,6,6,6,6,NA,NA,NA,NA,25/07/2024 14:02,0
25/07/2024 15:00,WIND,492301,1,HCM,1,62122,1011,250,8,250,13,1430,6,6,6,6,6,NA,NA,NA,NA,25/07/2024 15:02,0
25/07/2024 16:00,WIND,492301,1,HCM,1,62122,1011,230,7,240,16,1546,6,6,6,6,6,NA,NA,NA,NA,25/07/2024 16:02,0
25/07/2024 17:00,WIND,492301,1,HCM,1,62122,1011,240,10,240,18,1627,6,6,6,6,6,NA,NA,NA,NA,25/07/2024 17:02,0
25/07/2024 18:00,WIND,492301,1,HCM,1,62122,1011,240,11,240,21,1728,6,6,6,6,6,NA,NA,NA,NA,25/07/2024 18:02,0
25/07/2024 19:00,WIND,492301,1,HCM,1,62122,1011,240,12,230,23,1757,6,6,6,6,6,NA,NA,NA,NA,25/07/2024 19:02,0
25/07/2024 20:00,WIND,492301,1,HCM,1,62122,1011,240,11,250,20,1909,6,6,6,6,6,NA,NA,NA,NA,25/07/2024 20:02,0
25/07/2024 21:00,WIND,492301,1,HCM,1,62122,1011,240,10,240,19,2030,6,6,6,6,6,NA,NA,NA,NA,25/07/2024 21:03,0
25/07/2024 22:00,WIND,492301,1,HCM,1,62122,1011,230,8,250,14,2146,6,6,6,6,6,NA,NA,NA,NA,25/07/2024 22:02,0
25/07/2024 23:00,WIND,492301,1,HCM,1,62122,1011,240,8,240,16,2201,6,6,6,6,6,NA,NA,NA,NA,25/07/2024 23:02,0
26/07/2024 00:00,WIND,492301,1,HCM,1,62122,1011,240,9,240,16,2348,6,6,6,6,6,NA,NA,NA,NA,26/07/2024 00:04,0
26/07/2024 01:00,WIND,492301,1,HCM,1,62122,1011,240,8,250,18,43,6,6,6,6,6,NA,NA,NA,NA,26/07/2024 01:02,0
26/07/2024 02:00,WIND,492301,1,HCM,1,62122,1011,240,8,260,16,50,6,6,6,6,6,NA,NA,NA,NA,26/07/2024 02:02,0
26/07/2024 03:00,WIND,492301,1,HCM,1,62122,1011,250,9,240,16,226,6,6,6,6,6,NA,NA,NA,NA,26/07/2024 03:02,0
26/07/2024 04:00,WIND,492301,1,HCM,1,62122,1011,250,8,250,16,347,6,6,6,6,6,NA,NA,NA,NA,26/07/2024 04:02,0
26/07/2024 05:00,WIND,492301,1,HCM,1,62122,1011,250,7,250,13,353,6,6,6,6,6,NA,NA,NA,NA,26/07/2024 05:02,0
26/07/2024 06:00,WIND,492301,1,HCM,1,62122,1011,240,6,250,11,522,6,6,6,6,6,NA,NA,NA,NA,26/07/2024 06:03,0
26/07/2024 07:00,WIND,492301,1,HCM,1,62122,1011,250,7,240,12,624,6,6,6,6,6,NA,NA,NA,NA,26/07/2024 07:02,0
26/07/2024 08:00,WIND,492301,1,HCM,1,62122,1011,250,7,250,13,737,6,6,6,6,6,NA,NA,NA,NA,26/07/2024 08:02,0
26/07/2024 09:00,WIND,492301,1,HCM,1,62122,1011,250,8,250,13,755,6,6,6,6,6,NA,NA,NA,NA,26/07/2024 09:04,0
26/07/2024 10:00,WIND,492301,1,HCM,1,62122,1011,240,9,250,15,925,6,6,6,6,6,NA,NA,NA,NA,26/07/2024 10:02,0
26/07/2024 11:00,WIND,492301,1,HCM,1,62122,1011,240,9,240,16,1002,6,6,6,6,6,NA,NA,NA,NA,26/07/2024 11:02,0
26/07/2024 12:00,WIND,492301,1,HCM,1,62122,1011,240,9,230,16,1115,6,6,6,6,6,NA,NA,NA,NA,26/07/2024 12:02,0
26/07/2024 13:00,WIND,492301,1,HCM,1,62122,1011,240,9,230,16,1237,6,6,6,6,6,NA,NA,NA,NA,26/07/2024 13:02,0
26/07/2024 14:00,WIND,492301,1,HCM,1,62122,1011,230,9,220,15,1345,6,6,6,6,6,NA,NA,NA,NA,26/07/2024 14:02,0
26/07/2024 15:00,WIND,492301,1,HCM,1,62122,1011,240,10,240,16,1358,6,6,6,6,6,NA,NA,NA,NA,26/07/2024 15:02,0
26/07/2024 16:00,WIND,492301,1,HCM,1,62122,1011,240,10,240,17,1517,6,6,6,6,6,NA,NA,NA,NA,26/07/2024 16:02,0
26/07/2024 17:00,WIND,492301,1,HCM,1,62122,1011,230,10,250,16,1646,6,6,6,6,6,NA,NA,NA,NA,26/07/2024 17:02,0
26/07/2024 18:00,WIND,492301,1,HCM,1,62122,1011,240,10,220,17,1741,6,6,6,6,6,NA,NA,NA,NA,26/07/2024 18:02,0
26/07/2024 19:00,WIND,492301,1,HCM,1,62122,1011,240,9,210,15,1752,6,6,6,6,6,NA,NA,NA,NA,26/07/2024 19:02,0
26/07/2024 20:00,WIND,492301,1,HCM,1,62122,1011,240,7,250,12,1901,6,6,6,6,6,NA,NA,NA,NA,26/07/2024 20:02,0
26/07/2024 21:00,WIND,492301,1,HCM,1,62122,1011,240,7,260,13,2041,6,6,6,6,6,NA,NA,NA,NA,26/07/2024 21:03,0
26/07/2024 22:00,WIND,492301,1,HCM,1,62122,1011,250,8,240,15,2055,6,6,6,6,6,NA,NA,NA,NA,26/07/2024 22:02,0
26/07/2024 23:00,WIND,492301,1,HCM,1,62122,1011,250,7,260,12,2156,6,6,6,6,6,NA,NA,NA,NA,26/07/2024 23:02,0
27/07/2024 00:00,WIND,492301,1,HCM,1,62122,1011,240,6,250,10,2313,6,6,6,6,6,NA,NA,NA,NA,27/07/2024 00:03,0
27/07/2024 01:00,WIND,492301,1,HCM,1,62122,1011,250,6,240,10,23,6,6,6,6,6,NA,NA,NA,NA,27/07/2024 01:02,0
27/07/2024 02:00,WIND,492301,1,HCM,1,62122,1011,250,4,260,8,53,6,6,6,6,6,NA,NA,NA,NA,27/07/2024 02:02,0
27/07/2024 03:00,WIND,492301,1,HCM,1,62122,1011,220,3,260,5,153,6,6,6,6,6,NA,NA,NA,NA,27/07/2024 03:02,0
27/07/2024 04:00,WIND,492301,1,HCM,1,62122,1011,160,1,90,2,332,6,6,6,6,6,NA,NA,NA,NA,27/07/2024 04:02,0
27/07/2024 05:00,WIND,492301,1,HCM,1,62122,1011,140,1,90,3,425,6,6,6,6,6,NA,NA,NA,NA,27/07/2024 05:02,0
27/07/2024 06:00,WIND,492301,1,HCM,1,62122,1011,100,2,90,3,543,6,6,6,6,6,NA,NA,NA,NA,27/07/2024 06:03,0
27/07/2024 07:00,WIND,492301,1,HCM,1,62122,1011,90,2,140,4,615,6,6,6,6,6,NA,NA,NA,NA,27/07/2024 07:02,0
27/07/2024 08:00,WIND,492301,1,HCM,1,62122,1011,200,3,260,10,725,6,6,6,6,6,NA,NA,NA,NA,27/07/2024 08:02,0
27/07/2024 09:00,WIND,492301,1,HCM,1,62122,1011,220,6,260,12,834,6,6,6,6,6,NA,NA,NA,NA,27/07/2024 09:03,0
27/07/2024 10:00,WIND,492301,1,HCM,1,62122,1011,230,7,250,13,905,6,6,6,6,6,NA,NA,NA,NA,27/07/2024 10:02,0
27/07/2024 11:00,WIND,492301,1,HCM,1,62122,1011,240,8,250,17,1028,6,6,6,6,6,NA,NA,NA,NA,27/07/2024 11:02,0
27/07/2024 12:00,WIND,492301,1,HCM,1,62122,1011,250,10,250,17,1132,6,6,6,6,6,NA,NA,NA,NA,27/07/2024 12:02,0
27/07/2024 13:00,WIND,492301,1,HCM,1,62122,1011,250,10,250,18,1156,6,6,6,6,6,NA,NA,NA,NA,27/07/2024 13:02,0
27/07/2024 14:00,WIND,492301,1,HCM,1,62122,1011,240,11,250,17,1345,6,6,6,6,6,NA,NA,NA,NA,27/07/2024 14:02,0
27/07/2024 15:00,WIND,492301,1,HCM,1,62122,1011,240,10,220,18,1422,6,6,6,6,6,NA,NA,NA,NA,27/07/2024 15:02,0
27/07/2024 16:00,WIND,492301,1,HCM,1,62122,1011,240,10,210,16,1522,6,6,6,6,6,NA,NA,NA,NA,27/07/2024 16:02,0
27/07/2024 17:00,WIND,492301,1,HCM,1,62122,1011,240,10,250,16,1633,6,6,6,6,6,NA,NA,NA,NA,27/07/2024 17:02,0
27/07/2024 18:00,WIND,492301,1,HCM,1,62122,1011,240,9,210,17,1656,6,6,6,6,6,NA,NA,NA,NA,27/07/2024 18:02,0
27/07/2024 19:00,WIND,492301,1,HCM,1,62122,1011,250,7,250,15,1753,6,6,6,6,6,NA,NA,NA,NA,27/07/2024 19:02,0
27/07/2024 20:00,WIND,492301,1,HCM,1,62122,1011,230,6,240,12,1852,6,6,6,6,6,NA,NA,NA,NA,27/07/2024 20:02,0
27/07/2024 21:00,WIND,492301,1,HCM,1,62122,1011,240,4,230,8,2003,6,6,6,6,6,NA,NA,NA,NA,27/07/2024 21:03,0
27/07/2024 22:00,WIND,492301,1,HCM,1,62122,1011,240,5,250,8,2059,6,6,6,6,6,NA,NA,NA,NA,27/07/2024 22:02,0
27/07/2024 23:00,WIND,492301,1,HCM,1,62122,1011,240,5,240,9,2228,6,6,6,6,6,NA,NA,NA,NA,27/07/2024 23:02,0
28/07/2024 00:00,WIND,492301,1,HCM,1,62122,1011,240,4,260,8,2324,6,6,6,6,6,NA,NA,NA,NA,28/07/2024 00:03,0
28/07/2024 01:00,WIND,492301,1,HCM,1,62122,1011,200,2,220,4,8,6,6,6,6,6,NA,NA,NA,NA,28/07/2024 01:02,0
28/07/2024 02:00,WIND,492301,1,HCM,1,62122,1011,100,2,40,6,119,6,6,6,6,6,NA,NA,NA,NA,28/07/2024 02:02,0
28/07/2024 03:00,WIND,492301,1,HCM,1,62122,1011,60,1,70,3,204,6,6,6,6,6,NA,NA,NA,NA,28/07/2024 03:02,0
28/07/2024 04:00,WIND,492301,1,HCM,1,62122,1011,200,1,180,2,328,6,6,6,6,6,NA,NA,NA,NA,28/07/2024 04:02,0
28/07/2024 05:00,WIND,492301,1,HCM,1,62122,1011,80,1,50,3,424,6,6,6,6,6,NA,NA,NA,NA,28/07/2024 05:02,0
28/07/2024 06:00,WIND,492301,1,HCM,1,62122,1011,80,1,70,3,451,6,6,6,6,6,NA,NA,NA,NA,28/07/2024 06:03,0
28/07/2024 07:00,WIND,492301,1,HCM,1,62122,1011,70,1,40,3,558,6,6,6,6,6,NA,NA,NA,NA,28/07/2024 07:02,0
28/07/2024 08:00,WIND,492301,1,HCM,1,62122,1011,30,1,60,3,741,6,6,6,6,6,NA,NA,NA,NA,28/07/2024 08:02,0
28/07/2024 09:00,WIND,492301,1,HCM,1,62122,1011,180,3,150,7,843,6,6,6,6,6,NA,NA,NA,NA,28/07/2024 09:03,0
28/07/2024 10:00,WIND,492301,1,HCM,1,62122,1011,180,4,270,9,941,6,6,6,6,6,NA,NA,NA,NA,28/07/2024 10:02,0
28/07/2024 11:00,WIND,492301,1,HCM,1,62122,1011,290,5,300,9,957,6,6,6,6,6,NA,NA,NA,NA,28/07/2024 11:02,0
28/07/2024 12:00,WIND,492301,1,HCM,1,62122,1011,250,4,280,9,1050,6,6,6,6,6,NA,NA,NA,NA,28/07/2024 12:02,0
28/07/2024 13:00,WIND,492301,1,HCM,1,62122,1011,260,6,240,13,1232,6,6,6,6,6,NA,NA,NA,NA,28/07/2024 13:02,0
28/07/2024 14:00,WIND,492301,1,HCM,1,62122,1011,290,5,240,10,1252,6,6,6,6,6,NA,NA,NA,NA,28/07/2024 14:02,0
28/07/2024 15:00,WIND,492301,1,HCM,1,62122,1011,230,5,180,12,1439,6,6,6,6,6,NA,NA,NA,NA,28/07/2024 15:02,0
28/07/2024 16:00,WIND,492301,1,HCM,1,62122,1011,180,5,210,11,1517,6,6,6,6,6,NA,NA,NA,NA,28/07/2024 16:02,0
28/07/2024 17:00,WIND,492301,1,HCM,1,62122,1011,250,3,150,9,1558,6,6,6,6,6,NA,NA,NA,NA,28/07/2024 17:02,0
28/07/2024 18:00,WIND,492301,1,HCM,1,62122,1011,250,4,240,9,1712,6,6,6,6,6,NA,NA,NA,NA,28/07/2024 18:02,0
28/07/2024 19:00,WIND,492301,1,HCM,1,62122,1011,270,5,270,8,1821,6,6,6,6,6,NA,NA,NA,NA,28/07/2024 19:02,0
28/07/2024 20:00,WIND,492301,1,HCM,1,62122,1011,280,3,270,8,1905,6,6,6,6,6,NA,NA,NA,NA,28/07/2024 20:02,0
28/07/2024 21:00,WIND,492301,1,HCM,1,62122,1011,260,1,250,2,2018,6,6,6,6,6,NA,NA,NA,NA,28/07/2024 21:03,0
28/07/2024 22:00,WIND,492301,1,HCM,1,62122,1011,0,0,210,2,2106,6,6,6,6,6,NA,NA,NA,NA,28/07/2024 22:02,0
28/07/2024 23:00,WIND,492301,1,HCM,1,62122,1011,180,1,310,3,2222,6,6,6,6,6,NA,NA,NA,NA,28/07/2024 23:02,0
29/07/2024 00:00,WIND,492301,1,HCM,1,62122,1011,0,0,90,1,2257,6,6,6,6,6,NA,NA,NA,NA,29/07/2024 00:03,0
29/07/2024 01:00,WIND,492301,1,HCM,1,62122,1011,90,1,30,2,1,6,6,6,6,6,NA,NA,NA,NA,29/07/2024 01:02,0
29/07/2024 02:00,WIND,492301,1,HCM,1,62122,1011,70,2,70,5,108,6,6,6,6,6,NA,NA,NA,NA,29/07/2024 02:02,0
29/07/2024 03:00,WIND,492301,1,HCM,1,62122,1011,70,1,80,3,215,6,6,6,6,6,NA,NA,NA,NA,29/07/2024 03:02,0
29/07/2024 04:00,WIND,492301,1,HCM,1,62122,1011,60,2,60,4,325,6,6,6,6,6,NA,NA,NA,NA,29/07/2024 04:02,0
29/07/2024 05:00,WIND,492301,1,HCM,1,62122,1011,60,3,60,5,449,6,6,6,6,6,NA,NA,NA,NA,29/07/2024 05:02,0
29/07/2024 06:00,WIND,492301,1,HCM,1,62122,1011,60,3,60,6,544,6,6,6,6,6,NA,NA,NA,NA,29/07/2024 06:03,0
29/07/2024 07:00,WIND,492301,1,HCM,1,62122,1011,60,4,60,7,647,6,6,6,6,6,NA,NA,NA,NA,29/07/2024 07:02,0
29/07/2024 08:00,WIND,492301,1,HCM,1,62122,1011,60,5,60,9,743,6,6,6,6,6,NA,NA,NA,NA,29/07/2024 08:02,0
29/07/2024 09:00,WIND,492301,1,HCM,1,62122,1011,90,6,80,9,816,6,6,6,6,6,NA,NA,NA,NA,29/07/2024 09:03,0
29/07/2024 10:00,WIND,492301,1,HCM,1,62122,1011,120,5,130,9,915,6,6,6,6,6,NA,NA,NA,NA,29/07/2024 10:02,0
29/07/2024 11:00,WIND,492301,1,HCM,1,62122,1011,140,6,160,13,1023,6,6,6,6,6,NA,NA,NA,NA,29/07/2024 11:02,0
29/07/2024 12:00,WIND,492301,1,HCM,1,62122,1011,130,6,100,13,1135,6,6,6,6,6,NA,NA,NA,NA,29/07/2024 12:02,0
29/07/2024 13:00,WIND,492301,1,HCM,1,62122,1011,140,6,160,14,1203,6,6,6,6,6,NA,NA,NA,NA,29/07/2024 13:02,0
29/07/2024 14:00,WIND,492301,1,HCM,1,62122,1011,110,5,90,13,1314,6,6,6,6,6,NA,NA,NA,NA,29/07/2024 14:02,0
29/07/2024 15:00,WIND,492301,1,HCM,1,62122,1011,200,5,210,12,1357,6,6,6,6,6,NA,NA,NA,NA,29/07/2024 15:02,0
29/07/2024 16:00,WIND,492301,1,HCM,1,62122,1011,280,5,230,10,1458,6,6,6,6,6,NA,NA,NA,NA,29/07/2024 16:02,0
29/07/2024 17:00,WIND,492301,1,HCM,1,62122,1011,290,5,270,8,1609,6,6,6,6,6,NA,NA,NA,NA,29/07/2024 17:03,0
29/07/2024 18:00,WIND,492301,1,HCM,1,62122,1011,290,5,290,8,1735,6,6,6,6,6,NA,NA,NA,NA,29/07/2024 18:02,0
29/07/2024 19:00,WIND,492301,1,HCM,1,62122,1011,280,4,280,7,1800,6,6,6,6,6,NA,NA,NA,NA,29/07/2024 19:02,0
29/07/2024 20:00,WIND,492301,1,HCM,1,62122,1011,250,4,250,7,1918,6,6,6,6,6,NA,NA,NA,NA,29/07/2024 20:02,0
29/07/2024 21:00,WIND,492301,1,HCM,1,62122,1011,240,3,250,5,1950,6,6,6,6,6,NA,NA,NA,NA,29/07/2024 21:02,0
29/07/2024 22:00,WIND,492301,1,HCM,1,62122,1011,190,2,260,5,2148,6,6,6,6,6,NA,NA,NA,NA,29/07/2024 22:02,0
29/07/2024 23:00,WIND,492301,1,HCM,1,62122,1011,240,2,240,5,2154,6,6,6,6,6,NA,NA,NA,NA,29/07/2024 23:02,0
30/07/2024 00:00,WIND,492301,1,HCM,1,62122,1011,280,3,280,6,2322,6,6,6,6,6,NA,NA,NA,NA,30/07/2024 00:03,0
30/07/2024 01:00,WIND,492301,1,HCM,1,62122,1011,20,1,290,3,5,6,6,6,6,6,NA,NA,NA,NA,30/07/2024 01:02,0
30/07/2024 02:00,WIND,492301,1,HCM,1,62122,1011,80,1,280,2,144,6,6,6,6,6,NA,NA,NA,NA,30/07/2024 02:02,0
30/07/2024 03:00,WIND,492301,1,HCM,1,62122,1011,310,2,330,5,240,6,6,6,6,6,NA,NA,NA,NA,30/07/2024 03:02,0
30/07/2024 04:00,WIND,492301,1,HCM,1,62122,1011,340,3,340,5,301,6,6,6,6,6,NA,NA,NA,NA,30/07/2024 04:02,0
30/07/2024 05:00,WIND,492301,1,HCM,1,62122,1011,350,3,360,6,448,6,6,6,6,6,NA,NA,NA,NA,30/07/2024 05:02,0
30/07/2024 06:00,WIND,492301,1,HCM,1,62122,1011,340,2,10,5,450,6,6,6,6,6,NA,NA,NA,NA,30/07/2024 06:03,0
30/07/2024 07:00,WIND,492301,1,HCM,1,62122,1011,350,3,10,6,646,6,6,6,6,6,NA,NA,NA,NA,30/07/2024 07:02,0
30/07/2024 08:00,WIND,492301,1,HCM,1,62122,1011,340,5,360,11,749,6,6,6,6,6,NA,NA,NA,NA,30/07/2024 08:02,0
30/07/2024 09:00,WIND,492301,1,HCM,1,62122,1011,360,8,10,14,824,6,6,6,6,6,NA,NA,NA,NA,30/07/2024 09:03,0
30/07/2024 10:00,WIND,492301,1,HCM,1,62122,1011,360,7,360,12,902,6,6,6,6,6,NA,NA,NA,NA,30/07/2024 10:02,0
30/07/2024 11:00,WIND,492301,1,HCM,1,62122,1011,10,6,340,12,1019,6,6,6,6,6,NA,NA,NA,NA,30/07/2024 11:02,0
30/07/2024 12:00,WIND,492301,1,HCM,1,62122,1011,360,7,350,13,1120,6,6,6,6,6,NA,NA,NA,NA,30/07/2024 12:02,0
30/07/2024 13:00,WIND,492301,1,HCM,1,62122,1011,30,6,10,11,1248,6,6,6,6,6,NA,NA,NA,NA,30/07/2024 13:02,0
30/07/2024 14:00,WIND,492301,1,HCM,1,62122,1011,350,5,290,12,1324,6,6,6,6,6,NA,NA,NA,NA,30/07/2024 14:02,0
30/07/2024 15:00,WIND,492301,1,HCM,1,62122,1011,360,5,10,9,1404,6,6,6,6,6,NA,NA,NA,NA,30/07/2024 15:02,0
30/07/2024 16:00,WIND,492301,1,HCM,1,62122,1011,10,5,340,11,1517,6,6,6,6,6,NA,NA,NA,NA,30/07/2024 16:02,0
30/07/2024 17:00,WIND,492301,1,HCM,1,62122,1011,20,5,360,12,1635,6,6,6,6,6,NA,NA,NA,NA,30/07/2024 17:02,0
30/07/2024 18:00,WIND,492301,1,HCM,1,62122,1011,360,6,350,11,1722,6,6,6,6,6,NA,NA,NA,NA,30/07/2024 18:02,0
30/07/2024 19:00,WIND,492301,1,HCM,1,62122,1011,360,7,340,11,1816,6,6,6,6,6,NA,NA,NA,NA,30/07/2024 19:02,0
30/07/2024 20:00,WIND,492301,1,HCM,1,62122,1011,360,5,10,12,1948,6,6,6,6,6,NA,NA,NA,NA,30/07/2024 20:02,0
30/07/2024 21:00,WIND,492301,1,HCM,1,62122,1011,20,6,20,11,2039,6,6,6,6,6,NA,NA,NA,NA,30/07/2024 21:02,0
30/07/2024 22:00,WIND,492301,1,HCM,1,62122,1011,20,8,10,15,2120,6,6,6,6,6,NA,NA,NA,NA,30/07/2024 22:02,0
30/07/2024 23:00,WIND,492301,1,HCM,1,62122,1011,20,8,20,16,2243,6,6,6,6,6,NA,NA,NA,NA,30/07/2024 23:02,0
31/07/2024 00:00,WIND,492301,1,HCM,1,62122,1011,10,9,360,18,2323,6,6,6,6,6,NA,NA,NA,NA,31/07/2024 00:03,0
31/07/2024 01:00,WIND,492301,1,HCM,1,62122,1011,360,8,20,16,36,6,6,6,6,6,NA,NA,NA,NA,31/07/2024 01:02,0
31/07/2024 02:00,WIND,492301,1,HCM,1,62122,1011,20,7,30,14,145,6,6,6,6,6,NA,NA,NA,NA,31/07/2024 02:02,0
31/07/2024 03:00,WIND,492301,1,HCM,1,62122,1011,20,7,10,15,226,6,6,6,6,6,NA,NA,NA,NA,31/07/2024 03:02,0
31/07/2024 04:00,WIND,492301,1,HCM,1,62122,1011,20,6,10,14,252,6,6,6,6,6,NA,NA,NA,NA,31/07/2024 04:02,0
31/07/2024 05:00,WIND,492301,1,HCM,1,62122,1011,20,6,10,12,427,6,6,6,6,6,NA,NA,NA,NA,31/07/2024 05:02,0
31/07/2024 06:00,WIND,492301,1,HCM,1,62122,1011,20,7,30,12,547,6,6,6,6,6,NA,NA,NA,NA,31/07/2024 06:03,0
31/07/2024 07:00,WIND,492301,1,HCM,1,62122,1011,30,6,20,13,553,6,6,6,6,6,NA,NA,NA,NA,31/07/2024 07:02,0
31/07/2024 08:00,WIND,492301,1,HCM,1,62122,1011,10,5,360,10,709,6,6,6,6,6,NA,NA,NA,NA,31/07/2024 08:02,0
31/07/2024 09:00,WIND,492301,1,HCM,1,62122,1011,10,5,360,9,806,6,6,6,6,6,NA,NA,NA,NA,31/07/2024 09:03,0
31/07/2024 10:00,WIND,492301,1,HCM,1,62122,1011,40,5,50,9,915,6,6,6,6,6,NA,NA,NA,NA,31/07/2024 10:02,0
31/07/2024 11:00,WIND,492301,1,HCM,1,62122,1011,20,5,50,10,951,6,6,6,6,6,NA,NA,NA,NA,31/07/2024 11:02,0
31/07/2024 12:00,WIND,492301,1,HCM,1,62122,1011,40,5,320,9,1054,6,6,6,6,6,NA,NA,NA,NA,31/07/2024 12:02,0
31/07/2024 13:00,WIND,492301,1,HCM,1,62122,1011,50,5,50,10,1238,6,6,6,6,6,NA,NA,NA,NA,31/07/2024 13:02,0
31/07/2024 14:00,WIND,492301,1,HCM,1,62122,1011,50,4,40,10,1315,6,6,6,6,6,NA,NA,NA,NA,31/07/2024 14:02,0
31/07/2024 15:00,WIND,492301,1,HCM,1,62122,1011,30,5,50,11,1421,6,6,6,6,6,NA,NA,NA,NA,31/07/2024 15:02,0
31/07/2024 16:00,WIND,492301,1,HCM,1,62122,1011,350,6,350,11,1507,6,6,6,6,6,NA,NA,NA,NA,31/07/2024 16:02,0
31/07/2024 17:00,WIND,492301,1,HCM,1,62122,1011,330,6,340,13,1617,6,6,6,6,6,NA,NA,NA,NA,31/07/2024 17:02,0
31/07/2024 18:00,WIND,492301,1,HCM,1,62122,1011,360,7,360,11,1743,6,6,6,6,6,NA,NA,NA,NA,31/07/2024 18:02,0
31/07/2024 19:00,WIND,492301,1,HCM,1,62122,1011,360,6,10,10,1836,6,6,6,6,6,NA,NA,NA,NA,31/07/2024 19:02,0
31/07/2024 20:00,WIND,492301,1,HCM,1,62122,1011,340,4,350,8,1850,6,6,6,6,6,NA,NA,NA,NA,31/07/2024 20:02,0
31/07/2024 21:00,WIND,492301,1,HCM,1,62122,1011,310,3,290,6,2036,6,6,6,6,6,NA,NA,NA,NA,31/07/2024 21:03,0
31/07/2024 22:00,WIND,492301,1,HCM,1,62122,1011,320,2,240,7,2143,6,6,6,6,6,NA,NA,NA,NA,31/07/2024 22:02,0
31/07/2024 23:00,WIND,492301,1,HCM,1,62122,1011,240,3,200,6,2249,6,6,6,6,6,NA,NA,NA,NA,31/07/2024 23:02,0
01/08/2024 00:00,WIND,492301,1,HCM,1,62122,1011,190,4,200,7,2300,6,6,6,6,6,NA,NA,NA,NA,01/08/2024 00:03,0
01/08/2024 01:00,WIND,492301,1,HCM,1,62122,1011,210,2,200,8,2354,6,6,6,6,6,NA,NA,NA,NA,01/08/2024 01:02,0
01/08/2024 02:00,WIND,492301,1,HCM,1,62122,1011,190,2,220,5,137,6,6,6,6,6,NA,NA,NA,NA,01/08/2024 02:02,0
01/08/2024 03:00,WIND,492301,1,HCM,1,62122,1011,190,3,220,6,230,6,6,6,6,6,NA,NA,NA,NA,01/08/2024 03:02,0
01/08/2024 04:00,WIND,492301,1,HCM,1,62122,1011,220,2,120,7,340,6,6,6,6,6,NA,NA,NA,NA,01/08/2024 04:02,0
01/08/2024 05:00,WIND,492301,1,HCM,1,62122,1011,130,2,290,7,444,6,6,6,6,6,NA,NA,NA,NA,01/08/2024 05:02,0
01/08/2024 06:00,WIND,492301,1,HCM,1,62122,1011,300,2,260,6,452,6,6,6,6,6,NA,NA,NA,NA,01/08/2024 06:03,0
01/08/2024 07:00,WIND,492301,1,HCM,1,62122,1011,70,3,110,5,622,6,6,6,6,6,NA,NA,NA,NA,01/08/2024 07:02,0
01/08/2024 08:00,WIND,492301,1,HCM,1,62122,1011,350,2,290,4,738,6,6,6,6,6,NA,NA,NA,NA,01/08/2024 08:02,0
01/08/2024 09:00,WIND,492301,1,HCM,1,62122,1011,290,3,280,6,826,6,6,6,6,6,NA,NA,NA,NA,01/08/2024 09:03,0
01/08/2024 10:00,WIND,492301,1,HCM,1,62122,1011,290,4,300,9,938,6,6,6,6,6,NA,NA,NA,NA,01/08/2024 10:02,0
01/08/2024 11:00,WIND,492301,1,HCM,1,62122,1011,290,4,290,8,1039,6,6,6,6,6,NA,NA,NA,NA,01/08/2024 11:02,0
01/08/2024 12:00,WIND,492301,1,HCM,1,62122,1011,280,5,270,9,1139,6,6,6,6,6,NA,NA,NA,NA,01/08/2024 12:02,0
01/08/2024 13:00,WIND,492301,1,HCM,1,62122,1011,260,6,250,12,1227,6,6,6,6,6,NA,NA,NA,NA,01/08/2024 13:02,0
01/08/2024 14:00,WIND,492301,1,HCM,1,62122,1011,250,7,250,14,1345,6,6,6,6,6,NA,NA,NA,NA,01/08/2024 14:02,0
01/08/2024 15:00,WIND,492301,1,HCM,1,62122,1011,240,9,240,14,1428,6,6,6,6,6,NA,NA,NA,NA,01/08/2024 15:02,0
01/08/2024 16:00,WIND,492301,1,HCM,1,62122,1011,240,8,230,14,1453,6,6,6,6,6,NA,NA,NA,NA,01/08/2024 16:02,0
01/08/2024 17:00,WIND,492301,1,HCM,1,62122,1011,240,8,220,17,1559,6,6,6,6,6,NA,NA,NA,NA,01/08/2024 17:02,0
01/08/2024 18:00,WIND,492301,1,HCM,1,62122,1011,240,8,230,12,1735,6,6,6,6,6,NA,NA,NA,NA,01/08/2024 18:02,0
01/08/2024 19:00,WIND,492301,1,HCM,1,62122,1011,230,6,220,13,1750,6,6,6,6,6,NA,NA,NA,NA,01/08/2024 19:02,0
01/08/2024 20:00,WIND,492301,1,HCM,1,62122,1011,230,7,240,12,1933,6,6,6,6,6,NA,NA,NA,NA,01/08/2024 20:02,0
01/08/2024 21:00,WIND,492301,1,HCM,1,62122,1011,240,7,250,12,1958,6,6,6,6,6,NA,NA,NA,NA,01/08/2024 21:03,0
01/08/2024 22:00,WIND,492301,1,HCM,1,62122,1011,240,7,240,11,2132,6,6,6,6,6,NA,NA,NA,NA,01/08/2024 22:02,0
01/08/2024 23:00,WIND,492301,1,HCM,1,62122,1011,240,7,240,11,2239,6,6,6,6,6,NA,NA,NA,NA,01/08/2024 23:02,0
02/08/2024 00:00,WIND,492301,1,HCM,1,62122,1011,250,7,250,11,2331,6,6,6,6,6,NA,NA,NA,NA,02/08/2024 00:03,0
02/08/2024 01:00,WIND,492301,1,HCM,1,62122,1011,250,7,250,11,26,6,6,6,6,6,NA,NA,NA,NA,02/08/2024 01:02,0
02/08/2024 02:00,WIND,492301,1,HCM,1,62122,1011,240,7,250,11,51,6,6,6,6,6,NA,NA,NA,NA,02/08/2024 02:02,0
02/08/2024 03:00,WIND,492301,1,HCM,1,62122,1011,250,6,220,10,152,6,6,6,6,6,NA,NA,NA,NA,02/08/2024 03:02,0
02/08/2024 04:00,WIND,492301,1,HCM,1,62122,1011,230,6,240,9,325,6,6,6,6,6,NA,NA,NA,NA,02/08/2024 04:02,0
02/08/2024 05:00,WIND,492301,1,HCM,1,62122,1011,230,5,230,10,404,6,6,6,6,6,NA,NA,NA,NA,02/08/2024 05:02,0
02/08/2024 06:00,WIND,492301,1,HCM,1,62122,1011,240,5,230,10,544,6,6,6,6,6,NA,NA,NA,NA,02/08/2024 06:03,0
02/08/2024 07:00,WIND,492301,1,HCM,1,62122,1011,240,9,230,17,649,6,6,6,6,6,NA,NA,NA,NA,02/08/2024 07:02,0
02/08/2024 08:00,WIND,492301,1,HCM,1,62122,1011,240,10,240,17,749,6,6,6,6,6,NA,NA,NA,NA,02/08/2024 08:02,0
02/08/2024 09:00,WIND,492301,1,HCM,1,62122,1011,250,11,240,17,806,6,6,6,6,6,NA,NA,NA,NA,02/08/2024 09:03,0
02/08/2024 10:00,WIND,492301,1,HCM,1,62122,1011,250,11,260,17,915,6,6,6,6,6,NA,NA,NA,NA,02/08/2024 10:02,0
02/08/2024 11:00,WIND,492301,1,HCM,1,62122,1011,240,10,270,17,1046,6,6,6,6,6,NA,NA,NA,NA,02/08/2024 11:02,0
02/08/2024 12:00,WIND,492301,1,HCM,1,62122,1011,240,11,240,20,1128,6,6,6,6,6,NA,NA,NA,NA,02/08/2024 12:02,0
02/08/2024 13:00,WIND,492301,1,HCM,1,62122,1011,240,11,200,20,1223,6,6,6,6,6,NA,NA,NA,NA,02/08/2024 13:02,0
02/08/2024 14:00,WIND,492301,1,HCM,1,62122,1011,240,11,250,20,1312,6,6,6,6,6,NA,NA,NA,NA,02/08/2024 14:02,0
02/08/2024 15:00,WIND,492301,1,HCM,1,62122,1011,240,10,240,17,1408,6,6,6,6,6,NA,NA,NA,NA,02/08/2024 15:02,0
02/08/2024 16:00,WIND,492301,1,HCM,1,62122,1011,240,9,260,16,1503,6,6,6,6,6,NA,NA,NA,NA,02/08/2024 16:02,0
02/08/2024 17:00,WIND,492301,1,HCM,1,62122,1011,240,9,230,18,1615,6,6,6,6,6,NA,NA,NA,NA,02/08/2024 17:02,0
02/08/2024 18:00,WIND,492301,1,HCM,1,62122,1011,240,10,240,19,1710,6,6,6,6,6,NA,NA,NA,NA,02/08/2024 18:02,0
02/08/2024 19:00,WIND,492301,1,HCM,1,62122,1011,240,8,220,16,1751,6,6,6,6,6,NA,NA,NA,NA,02/08/2024 19:02,0
02/08/2024 20:00,WIND,492301,1,HCM,1,62122,1011,240,7,240,13,1915,6,6,6,6,6,NA,NA,NA,NA,02/08/2024 20:02,0
02/08/2024 21:00,WIND,492301,1,HCM,1,62122,1011,220,6,240,13,2009,6,6,6,6,6,NA,NA,NA,NA,02/08/2024 21:03,0
02/08/2024 22:00,WIND,492301,1,HCM,1,62122,1011,200,5,200,10,2100,6,6,6,6,6,NA,NA,NA,NA,02/08/2024 22:02,0
02/08/2024 23:00,WIND,492301,1,HCM,1,62122,1011,200,6,190,14,2248,6,6,6,6,6,NA,NA,NA,NA,02/08/2024 23:02,0
03/08/2024 00:00,WIND,492301,1,HCM,1,62122,1011,220,8,220,17,2346,6,6,6,6,6,NA,NA,NA,NA,03/08/2024 00:03,0
03/08/2024 01:00,WIND,492301,1,HCM,1,62122,1011,220,7,230,15,49,6,6,6,6,6,NA,NA,NA,NA,03/08/2024 01:02,0
03/08/2024 02:00,WIND,492301,1,HCM,1,62122,1011,210,6,240,14,54,6,6,6,6,6,NA,NA,NA,NA,03/08/2024 02:02,0
03/08/2024 03:00,WIND,492301,1,HCM,1,62122,1011,200,6,200,12,242,6,6,6,6,6,NA,NA,NA,NA,03/08/2024 03:02,0
03/08/2024 04:00,WIND,492301,1,HCM,1,62122,1011,200,6,210,11,323,6,6,6,6,6,NA,NA,NA,NA,03/08/2024 04:02,0
03/08/2024 05:00,WIND,492301,1,HCM,1,62122,1011,220,8,210,20,422,6,6,6,6,6,NA,NA,NA,NA,03/08/2024 05:02,0
03/08/2024 06:00,WIND,492301,1,HCM,1,62122,1011,240,9,240,19,524,6,6,6,6,6,NA,NA,NA,NA,03/08/2024 06:03,0
03/08/2024 07:00,WIND,492301,1,HCM,1,62122,1011,240,8,220,18,642,6,6,6,6,6,NA,NA,NA,NA,03/08/2024 07:02,0
03/08/2024 08:00,WIND,492301,1,HCM,1,62122,1011,230,7,240,14,655,6,6,6,6,6,NA,NA,NA,NA,03/08/2024 08:02,0
03/08/2024 09:00,WIND,492301,1,HCM,1,62122,1011,250,9,250,17,821,6,6,6,6,6,NA,NA,NA,NA,03/08/2024 09:03,0
03/08/2024 10:00,WIND,492301,1,HCM,1,62122,1011,260,8,240,18,920,6,6,6,6,6,NA,NA,NA,NA,03/08/2024 10:02,0
03/08/2024 11:00,WIND,492301,1,HCM,1,62122,1011,230,10,220,16,1036,6,6,6,6,6,NA,NA,NA,NA,03/08/2024 11:02,0
03/08/2024 12:00,WIND,492301,1,HCM,1,62122,1011,240,11,250,21,1114,6,6,6,6,6,NA,NA,NA,NA,03/08/2024 12:02,0
03/08/2024 13:00,WIND,492301,1,HCM,1,62122,1011,230,10,230,17,1238,6,6,6,6,6,NA,NA,NA,NA,03/08/2024 13:02,0
03/08/2024 14:00,WIND,492301,1,HCM,1,62122,1011,240,10,250,17,1338,6,6,6,6,6,NA,NA,NA,NA,03/08/2024 14:02,0
03/08/2024 15:00,WIND,492301,1,HCM,1,62122,1011,250,9,270,20,1415,6,6,6,6,6,NA,NA,NA,NA,03/08/2024 15:02,0
03/08/2024 16:00,WIND,492301,1,HCM,1,62122,1011,240,10,260,19,1531,6,6,6,6,6,NA,NA,NA,NA,03/08/2024 16:02,0
03/08/2024 17:00,WIND,492301,1,HCM,1,62122,1011,240,11,240,20,1638,6,6,6,6,6,NA,NA,NA,NA,03/08/2024 17:02,0
03/08/2024 18:00,WIND,492301,1,HCM,1,62122,1011,250,8,240,17,1650,6,6,6,6,6,NA,NA,NA,NA,03/08/2024 18:02,0
03/08/2024 19:00,WIND,492301,1,HCM,1,62122,1011,250,10,250,19,1808,6,6,6,6,6,NA,NA,NA,NA,03/08/2024 19:02,0
03/08/2024 20:00,WIND,492301,1,HCM,1,62122,1011,250,7,240,13,1853,6,6,6,6,6,NA,NA,NA,NA,03/08/2024 20:02,0
03/08/2024 21:00,WIND,492301,1,HCM,1,62122,1011,250,5,260,11,1957,6,6,6,6,6,NA,NA,NA,NA,03/08/2024 21:03,0
03/08/2024 22:00,WIND,492301,1,HCM,1,62122,1011,260,4,260,10,2050,6,6,6,6,6,NA,NA,NA,NA,03/08/2024 22:02,0
03/08/2024 23:00,WIND,492301,1,HCM,1,62122,1011,260,3,270,6,2152,6,6,6,6,6,NA,NA,NA,NA,03/08/2024 23:02,0
04/08/2024 00:00,WIND,492301,1,HCM,1,62122,1011,250,4,240,6,2318,6,6,6,6,6,NA,NA,NA,NA,04/08/2024 00:03,0
04/08/2024 01:00,WIND,492301,1,HCM,1,62122,1011,250,3,260,6,10,6,6,6,6,6,NA,NA,NA,NA,04/08/2024 01:02,0
04/08/2024 02:00,WIND,492301,1,HCM,1,62122,1011,230,3,230,5,144,6,6,6,6,6,NA,NA,NA,NA,04/08/2024 02:02,0
04/08/2024 03:00,WIND,492301,1,HCM,1,62122,1011,250,3,250,5,222,6,6,6,6,6,NA,NA,NA,NA,04/08/2024 03:02,0
04/08/2024 04:00,WIND,492301,1,HCM,1,62122,1011,260,2,250,4,258,6,6,6,6,6,NA,NA,NA,NA,04/08/2024 04:02,0
04/08/2024 05:00,WIND,492301,1,HCM,1,62122,1011,90,1,90,3,433,6,6,6,6,6,NA,NA,NA,NA,04/08/2024 05:02,0
04/08/2024 06:00,WIND,492301,1,HCM,1,62122,1011,190,1,180,4,544,6,6,6,6,6,NA,NA,NA,NA,04/08/2024 06:03,0
04/08/2024 07:00,WIND,492301,1,HCM,1,62122,1011,170,2,190,4,629,6,6,6,6,6,NA,NA,NA,NA,04/08/2024 07:02,0
04/08/2024 08:00,WIND,492301,1,HCM,1,62122,1011,190,3,210,7,746,6,6,6,6,6,NA,NA,NA,NA,04/08/2024 08:02,0
04/08/2024 09:00,WIND,492301,1,HCM,1,62122,1011,230,5,240,11,835,6,6,6,6,6,NA,NA,NA,NA,04/08/2024 09:03,0
04/08/2024 10:00,WIND,492301,1,HCM,1,62122,1011,230,5,250,11,929,6,6,6,6,6,NA,NA,NA,NA,04/08/2024 10:02,0
04/08/2024 11:00,WIND,492301,1,HCM,1,62122,1011,240,7,250,14,1049,6,6,6,6,6,NA,NA,NA,NA,04/08/2024 11:02,0
04/08/2024 12:00,WIND,492301,1,HCM,1,62122,1011,230,10,250,19,1113,6,6,6,6,6,NA,NA,NA,NA,04/08/2024 12:02,0
04/08/2024 13:00,WIND,492301,1,HCM,1,62122,1011,240,10,240,18,1216,6,6,6,6,6,NA,NA,NA,NA,04/08/2024 13:02,0
04/08/2024 14:00,WIND,492301,1,HCM,1,62122,1011,240,9,250,16,1345,6,6,6,6,6,NA,NA,NA,NA,04/08/2024 14:02,0
04/08/2024 15:00,WIND,492301,1,HCM,1,62122,1011,240,8,250,14,1438,6,6,6,6,6,NA,NA,NA,NA,04/08/2024 15:02,0
04/08/2024 16:00,WIND,492301,1,HCM,1,62122,1011,240,9,250,16,1539,6,6,6,6,6,NA,NA,NA,NA,04/08/2024 16:02,0
04/08/2024 17:00,WIND,492301,1,HCM,1,62122,1011,240,9,250,21,1636,6,6,6,6,6,NA,NA,NA,NA,04/08/2024 17:02,0
04/08/2024 18:00,WIND,492301,1,HCM,1,62122,1011,220,9,230,17,1724,6,6,6,6,6,NA,NA,NA,NA,04/08/2024 18:02,0
04/08/2024 19:00,WIND,492301,1,HCM,1,62122,1011,240,9,250,15,1759,6,6,6,6,6,NA,NA,NA,NA,04/08/2024 19:02,0
04/08/2024 20:00,WIND,492301,1,HCM,1,62122,1011,240,7,240,12,1854,6,6,6,6,6,NA,NA,NA,NA,04/08/2024 20:02,0
04/08/2024 21:00,WIND,492301,1,HCM,1,62122,1011,230,6,220,10,2028,6,6,6,6,6,NA,NA,NA,NA,04/08/2024 21:03,0
04/08/2024 22:00,WIND,492301,1,HCM,1,62122,1011,210,7,220,11,2121,6,6,6,6,6,NA,NA,NA,NA,04/08/2024 22:02,0
04/08/2024 23:00,WIND,492301,1,HCM,1,62122,1011,200,4,200,8,2240,6,6,6,6,6,NA,NA,NA,NA,04/08/2024 23:02,0
05/08/2024 00:00,WIND,492301,1,HCM,1,62122,1011,200,6,230,13,2310,6,6,6,6,6,NA,NA,NA,NA,05/08/2024 00:03,0
05/08/2024 01:00,WIND,492301,1,HCM,1,62122,1011,190,6,190,12,2359,6,6,6,6,6,NA,NA,NA,NA,05/08/2024 01:02,0
05/08/2024 02:00,WIND,492301,1,HCM,1,62122,1011,170,5,160,10,148,6,6,6,6,6,NA,NA,NA,NA,05/08/2024 02:02,0
05/08/2024 03:00,WIND,492301,1,HCM,1,62122,1011,170,5,170,10,213,6,6,6,6,6,NA,NA,NA,NA,05/08/2024 03:02,0
05/08/2024 04:00,WIND,492301,1,HCM,1,62122,1011,160,5,180,11,252,6,6,6,6,6,NA,NA,NA,NA,05/08/2024 04:02,0
05/08/2024 05:00,WIND,492301,1,HCM,1,62122,1011,180,6,170,12,435,6,6,6,6,6,NA,NA,NA,NA,05/08/2024 05:02,0
05/08/2024 06:00,WIND,492301,1,HCM,1,62122,1011,170,6,180,12,542,6,6,6,6,6,NA,NA,NA,NA,05/08/2024 06:03,0
05/08/2024 07:00,WIND,492301,1,HCM,1,62122,1011,170,7,190,14,638,6,6,6,6,6,NA,NA,NA,NA,05/08/2024 07:02,0
05/08/2024 08:00,WIND,492301,1,HCM,1,62122,1011,170,8,180,15,744,6,6,6,6,6,NA,NA,NA,NA,05/08/2024 08:02,0
05/08/2024 09:00,WIND,492301,1,HCM,1,62122,1011,190,10,190,20,813,6,6,6,6,6,NA,NA,NA,NA,05/08/2024 09:03,0
05/08/2024 10:00,WIND,492301,1,HCM,1,62122,1011,190,10,200,19,901,6,6,6,6,6,NA,NA,NA,NA,05/08/2024 10:02,0
05/08/2024 11:00,WIND,492301,1,HCM,1,62122,1011,190,10,200,17,1012,6,6,6,6,6,NA,NA,NA,NA,05/08/2024 11:02,0
05/08/2024 12:00,WIND,492301,1,HCM,1,62122,1011,170,11,170,20,1121,6,6,6,6,6,NA,NA,NA,NA,05/08/2024 12:02,0
05/08/2024 13:00,WIND,492301,1,HCM,1,62122,1011,180,11,180,20,1247,6,6,6,6,6,NA,NA,NA,NA,05/08/2024 13:02,0
05/08/2024 14:00,WIND,492301,1,HCM,1,62122,1011,170,10,150,20,1250,6,6,6,6,6,NA,NA,NA,NA,05/08/2024 14:02,0
05/08/2024 15:00,WIND,492301,1,HCM,1,62122,1011,170,9,190,18,1447,6,6,6,6,6,NA,NA,NA,NA,05/08/2024 15:02,0
05/08/2024 16:00,WIND,492301,1,HCM,1,62122,1011,170,11,180,19,1542,6,6,6,6,6,NA,NA,NA,NA,05/08/2024 16:02,0
05/08/2024 17:00,WIND,492301,1,HCM,1,62122,1011,180,11,180,21,1632,6,6,6,6,6,NA,NA,NA,NA,05/08/2024 17:03,0
05/08/2024 18:00,WIND,492301,1,HCM,1,62122,1011,180,11,180,19,1651,6,6,6,6,6,NA,NA,NA,NA,05/08/2024 18:02,0
05/08/2024 19:00,WIND,492301,1,HCM,1,62122,1011,180,11,180,20,1808,6,6,6,6,6,NA,NA,NA,NA,05/08/2024 19:02,0
05/08/2024 20:00,WIND,492301,1,HCM,1,62122,1011,180,9,180,17,1910,6,6,6,6,6,NA,NA,NA,NA,05/08/2024 20:02,0
05/08/2024 21:00,WIND,492301,1,HCM,1,62122,1011,170,9,170,15,2021,6,6,6,6,6,NA,NA,NA,NA,05/08/2024 21:03,0
05/08/2024 22:00,WIND,492301,1,HCM,1,62122,1011,160,8,160,16,2143,6,6,6,6,6,NA,NA,NA,NA,05/08/2024 22:02,0
05/08/2024 23:00,WIND,492301,1,HCM,1,62122,1011,160,7,170,16,2214,6,6,6,6,6,NA,NA,NA,NA,05/08/2024 23:02,0
06/08/2024 00:00,WIND,492301,1,HCM,1,62122,1011,180,7,170,16,2346,6,6,6,6,6,NA,NA,NA,NA,06/08/2024 00:03,0
06/08/2024 01:00,WIND,492301,1,HCM,1,62122,1011,170,8,190,17,27,6,6,6,6,6,NA,NA,NA,NA,06/08/2024 01:02,0
06/08/2024 02:00,WIND,492301,1,HCM,1,62122,1011,190,7,240,16,140,6,6,6,6,6,NA,NA,NA,NA,06/08/2024 02:02,0
06/08/2024 03:00,WIND,492301,1,HCM,1,62122,1011,240,7,240,14,221,6,6,6,6,6,NA,NA,NA,NA,06/08/2024 03:02,0
06/08/2024 04:00,WIND,492301,1,HCM,1,62122,1011,240,7,250,15,347,6,6,6,6,6,NA,NA,NA,NA,06/08/2024 04:02,0
06/08/2024 05:00,WIND,492301,1,HCM,1,62122,1011,250,6,250,15,351,6,6,6,6,6,NA,NA,NA,NA,06/08/2024 05:02,0
06/08/2024 06:00,WIND,492301,1,HCM,1,62122,1011,240,4,240,8,452,6,6,6,6,6,NA,NA,NA,NA,06/08/2024 06:03,0
06/08/2024 07:00,WIND,492301,1,HCM,1,62122,1011,250,6,250,10,623,6,6,6,6,6,NA,NA,NA,NA,06/08/2024 07:02,0
06/08/2024 08:00,WIND,492301,1,HCM,1,62122,1011,260,4,270,9,654,6,6,6,6,6,NA,NA,NA,NA,06/08/2024 08:02,0
06/08/2024 09:00,WIND,492301,1,HCM,1,62122,1011,260,6,250,11,819,6,6,6,6,6,NA,NA,NA,NA,06/08/2024 09:03,0
06/08/2024 10:00,WIND,492301,1,HCM,1,62122,1011,240,7,230,13,942,6,6,6,6,6,NA,NA,NA,NA,06/08/2024 10:02,0
06/08/2024 11:00,WIND,492301,1,HCM,1,62122,1011,230,9,250,18,1033,6,6,6,6,6,NA,NA,NA,NA,06/08/2024 11:02,0
06/08/2024 12:00,WIND,492301,1,HCM,1,62122,1011,250,11,240,19,1055,6,6,6,6,6,NA,NA,NA,NA,06/08/2024 12:02,0
06/08/2024 13:00,WIND,492301,1,HCM,1,62122,1011,240,12,250,20,1223,6,6,6,6,6,NA,NA,NA,NA,06/08/2024 13:02,0
06/08/2024 14:00,WIND,492301,1,HCM,1,62122,1011,240,12,240,20,1259,6,6,6,6,6,NA,NA,NA,NA,06/08/2024 14:02,0
06/08/2024 15:00,WIND,492301,1,HCM,1,62122,1011,240,12,240,22,1442,6,6,6,6,6,NA,NA,NA,NA,06/08/2024 15:02,0
06/08/2024 16:00,WIND,492301,1,HCM,1,62122,1011,240,13,250,23,1536,6,6,6,6,6,NA,NA,NA,NA,06/08/2024 16:02,0
06/08/2024 17:00,WIND,492301,1,HCM,1,62122,1011,240,11,240,23,1550,6,6,6,6,6,NA,NA,NA,NA,06/08/2024 17:02,0
06/08/2024 18:00,WIND,492301,1,HCM,1,62122,1011,240,12,250,21,1652,6,6,6,6,6,NA,NA,NA,NA,06/08/2024 18:02,0
06/08/2024 19:00,WIND,492301,1,HCM,1,62122,1011,240,11,250,18,1801,6,6,6,6,6,NA,NA,NA,NA,06/08/2024 19:02,0
06/08/2024 20:00,WIND,492301,1,HCM,1,62122,1011,240,9,240,18,1943,6,6,6,6,6,NA,NA,NA,NA,06/08/2024 20:02,0
06/08/2024 21:00,WIND,492301,1,HCM,1,62122,1011,240,6,250,15,1955,6,6,6,6,6,NA,NA,NA,NA,06/08/2024 21:03,0
06/08/2024 22:00,WIND,492301,1,HCM,1,62122,1011,230,6,250,11,2134,6,6,6,6,6,NA,NA,NA,NA,06/08/2024 22:02,0
06/08/2024 23:00,WIND,492301,1,HCM,1,62122,1011,230,6,220,12,2210,6,6,6,6,6,NA,NA,NA,NA,06/08/2024 23:02,0
07/08/2024 00:00,WIND,492301,1,HCM,1,62122,1011,220,5,240,11,2252,6,6,6,6,6,NA,NA,NA,NA,07/08/2024 00:03,0
07/08/2024 01:00,WIND,492301,1,HCM,1,62122,1011,210,5,190,10,12,6,6,6,6,6,NA,NA,NA,NA,07/08/2024 01:02,0
07/08/2024 02:00,WIND,492301,1,HCM,1,62122,1011,190,5,190,10,148,6,6,6,6,6,NA,NA,NA,NA,07/08/2024 02:02,0
07/08/2024 03:00,WIND,492301,1,HCM,1,62122,1011,210,7,190,19,231,6,6,6,6,6,NA,NA,NA,NA,07/08/2024 03:02,0
07/08/2024 04:00,WIND,492301,1,HCM,1,62122,1011,200,5,180,11,349,6,6,6,6,6,NA,NA,NA,NA,07/08/2024 04:02,0
07/08/2024 05:00,WIND,492301,1,HCM,1,62122,1011,220,5,200,12,352,6,6,6,6,6,NA,NA,NA,NA,07/08/2024 05:02,0
07/08/2024 06:00,WIND,492301,1,HCM,1,62122,1011,210,5,210,10,530,6,6,6,6,6,NA,NA,NA,NA,07/08/2024 06:04,0
07/08/2024 07:00,WIND,492301,1,HCM,1,62122,1011,220,5,230,12,614,6,6,6,6,6,NA,NA,NA,NA,07/08/2024 07:02,0
07/08/2024 08:00,WIND,492301,1,HCM,1,62122,1011,210,8,220,16,746,6,6,6,6,6,NA,NA,NA,NA,07/08/2024 08:02,0
07/08/2024 09:00,WIND,492301,1,HCM,1,62122,1011,220,11,230,24,822,6,6,6,6,6,NA,NA,NA,NA,07/08/2024 09:03,0
07/08/2024 10:00,WIND,492301,1,HCM,1,62122,1011,220,10,220,18,930,6,6,6,6,6,NA,NA,NA,NA,07/08/2024 10:02,0
07/08/2024 11:00,WIND,492301,1,HCM,1,62122,1011,230,10,210,18,953,6,6,6,6,6,NA,NA,NA,NA,07/08/2024 11:02,0
07/08/2024 12:00,WIND,492301,1,HCM,1,62122,1011,230,11,240,23,1123,6,6,6,6,6,NA,NA,NA,NA,07/08/2024 12:02,0
07/08/2024 13:00,WIND,492301,1,HCM,1,62122,1011,240,12,250,24,1234,6,6,6,6,6,NA,NA,NA,NA,07/08/2024 13:02,0
07/08/2024 14:00,WIND,492301,1,HCM,1,62122,1011,230,12,240,24,1319,6,6,6,6,6,NA,NA,NA,NA,07/08/2024 14:02,0
07/08/2024 15:00,WIND,492301,1,HCM,1,62122,1011,240,14,210,27,1444,6,6,6,6,6,NA,NA,NA,NA,07/08/2024 15:02,0
07/08/2024 16:00,WIND,492301,1,HCM,1,62122,1011,240,13,250,24,1511,6,6,6,6,6,NA,NA,NA,NA,07/08/2024 16:02,0
07/08/2024 17:00,WIND,492301,1,HCM,1,62122,1011,240,12,230,22,1600,6,6,6,6,6,NA,NA,NA,NA,07/08/2024 17:02,0
07/08/2024 18:00,WIND,492301,1,HCM,1,62122,1011,240,11,250,20,1727,6,6,6,6,6,NA,NA,NA,NA,07/08/2024 18:02,0
07/08/2024 19:00,WIND,492301,1,HCM,1,62122,1011,240,9,250,17,1758,6,6,6,6,6,NA,NA,NA,NA,07/08/2024 19:02,0
07/08/2024 20:00,WIND,492301,1,HCM,1,62122,1011,230,8,230,17,1855,6,6,6,6,6,NA,NA,NA,NA,07/08/2024 20:02,0
07/08/2024 21:00,WIND,492301,1,HCM,1,62122,1011,230,8,250,16,2047,6,6,6,6,6,NA,NA,NA,NA,07/08/2024 21:03,0
07/08/2024 22:00,WIND,492301,1,HCM,1,62122,1011,230,6,230,13,2102,6,6,6,6,6,NA,NA,NA,NA,07/08/2024 22:02,0
07/08/2024 23:00,WIND,492301,1,HCM,1,62122,1011,220,7,240,18,2243,6,6,6,6,6,NA,NA,NA,NA,07/08/2024 23:02,0
08/08/2024 00:00,WIND,492301,1,HCM,1,62122,1011,240,9,240,17,2311,6,6,6,6,6,NA,NA,NA,NA,08/08/2024 00:03,0
08/08/2024 01:00,WIND,492301,1,HCM,1,62122,1011,230,4,260,9,2352,6,6,6,6,6,NA,NA,NA,NA,08/08/2024 01:02,0
08/08/2024 02:00,WIND,492301,1,HCM,1,62122,1011,170,3,170,5,111,6,6,6,6,6,NA,NA,NA,NA,08/08/2024 02:02,0
08/08/2024 03:00,WIND,492301,1,HCM,1,62122,1011,170,3,170,7,150,6,6,6,6,6,NA,NA,NA,NA,08/08/2024 03:02,0
08/08/2024 04:00,WIND,492301,1,HCM,1,62122,1011,160,3,160,7,341,6,6,6,6,6,NA,NA,NA,NA,08/08/2024 04:02,0
08/08/2024 05:00,WIND,492301,1,HCM,1,62122,1011,160,4,160,7,426,6,6,6,6,6,NA,NA,NA,NA,08/08/2024 05:02,0
08/08/2024 06:00,WIND,492301,1,HCM,1,62122,1011,150,4,170,11,548,6,6,6,6,6,NA,NA,NA,NA,08/08/2024 06:03,0
08/08/2024 07:00,WIND,492301,1,HCM,1,62122,1011,150,6,140,11,627,6,6,6,6,6,NA,NA,NA,NA,08/08/2024 07:02,0
08/08/2024 08:00,WIND,492301,1,HCM,1,62122,1011,170,7,150,17,748,6,6,6,6,6,NA,NA,NA,NA,08/08/2024 08:02,0
08/08/2024 09:00,WIND,492301,1,HCM,1,62122,1011,160,8,170,19,843,6,6,6,6,6,NA,NA,NA,NA,08/08/2024 09:03,0
08/08/2024 10:00,WIND,492301,1,HCM,1,62122,1011,160,8,160,18,909,6,6,6,6,6,NA,NA,NA,NA,08/08/2024 10:02,0
08/08/2024 11:00,WIND,492301,1,HCM,1,62122,1011,170,9,160,21,1002,6,6,6,6,6,NA,NA,NA,NA,08/08/2024 11:02,0
08/08/2024 12:00,WIND,492301,1,HCM,1,62122,1011,180,10,180,19,1056,6,6,6,6,6,NA,NA,NA,NA,08/08/2024 12:02,0
08/08/2024 13:00,WIND,492301,1,HCM,1,62122,1011,170,9,190,18,1207,6,6,6,6,6,NA,NA,NA,NA,08/08/2024 13:02,0
08/08/2024 14:00,WIND,492301,1,HCM,1,62122,1011,170,8,180,15,1328,6,6,6,6,6,NA,NA,NA,NA,08/08/2024 14:02,0
08/08/2024 15:00,WIND,492301,1,HCM,1,62122,1011,190,7,170,18,1425,6,6,6,6,6,NA,NA,NA,NA,08/08/2024 15:02,0
08/08/2024 16:00,WIND,492301,1,HCM,1,62122,1011,210,7,210,15,1545,6,6,6,6,6,NA,NA,NA,NA,08/08/2024 16:02,0
08/08/2024 17:00,WIND,492301,1,HCM,1,62122,1011,230,8,210,15,1645,6,6,6,6,6,NA,NA,NA,NA,08/08/2024 17:02,0
08/08/2024 18:00,WIND,492301,1,HCM,1,62122,1011,240,11,240,22,1735,6,6,6,6,6,NA,NA,NA,NA,08/08/2024 18:02,0
08/08/2024 19:00,WIND,492301,1,HCM,1,62122,1011,240,10,250,20,1754,6,6,6,6,6,NA,NA,NA,NA,08/08/2024 19:02,0
08/08/2024 20:00,WIND,492301,1,HCM,1,62122,1011,240,9,230,17,1934,6,6,6,6,6,NA,NA,NA,NA,08/08/2024 20:02,0
08/08/2024 21:00,WIND,492301,1,HCM,1,62122,1011,230,10,250,23,2033,6,6,6,6,6,NA,NA,NA,NA,08/08/2024 21:02,0
08/08/2024 22:00,WIND,492301,1,HCM,1,62122,1011,240,11,230,22,2114,6,6,6,6,6,NA,NA,NA,NA,08/08/2024 22:02,0
08/08/2024 23:00,WIND,492301,1,HCM,1,62122,1011,230,8,250,19,2150,6,6,6,6,6,NA,NA,NA,NA,08/08/2024 23:02,0
09/08/2024 00:00,WIND,492301,1,HCM,1,62122,1011,230,9,230,20,2329,6,6,6,6,6,NA,NA,NA,NA,09/08/2024 00:03,0
09/08/2024 01:00,WIND,492301,1,HCM,1,62122,1011,230,11,220,23,16,6,6,6,6,6,NA,NA,NA,NA,09/08/2024 01:02,0
09/08/2024 02:00,WIND,492301,1,HCM,1,62122,1011,230,12,220,22,108,6,6,6,6,6,NA,NA,NA,NA,09/08/2024 02:02,0
09/08/2024 03:00,WIND,492301,1,HCM,1,62122,1011,240,14,220,23,200,6,6,6,6,6,NA,NA,NA,NA,09/08/2024 03:02,0
09/08/2024 04:00,WIND,492301,1,HCM,1,62122,1011,240,14,240,27,314,6,6,6,6,6,NA,NA,NA,NA,09/08/2024 04:02,0
09/08/2024 05:00,WIND,492301,1,HCM,1,62122,1011,240,10,250,22,357,6,6,6,6,6,NA,NA,NA,NA,09/08/2024 05:02,0
09/08/2024 06:00,WIND,492301,1,HCM,1,62122,1011,240,11,240,20,524,6,6,6,6,6,NA,NA,NA,NA,09/08/2024 06:03,0
09/08/2024 07:00,WIND,492301,1,HCM,1,62122,1011,240,11,240,20,639,6,6,6,6,6,NA,NA,NA,NA,09/08/2024 07:02,0
09/08/2024 08:00,WIND,492301,1,HCM,1,62122,1011,250,11,260,20,706,6,6,6,6,6,NA,NA,NA,NA,09/08/2024 08:02,0
09/08/2024 09:00,WIND,492301,1,HCM,1,62122,1011,260,10,280,18,844,6,6,6,6,6,NA,NA,NA,NA,09/08/2024 09:03,0
09/08/2024 10:00,WIND,492301,1,HCM,1,62122,1011,260,10,250,17,904,6,6,6,6,6,NA,NA,NA,NA,09/08/2024 10:02,0
09/08/2024 11:00,WIND,492301,1,HCM,1,62122,1011,250,11,260,19,1037,6,6,6,6,6,NA,NA,NA,NA,09/08/2024 11:02,0
09/08/2024 12:00,WIND,492301,1,HCM,1,62122,1011,240,12,250,21,1141,6,6,6,6,6,NA,NA,NA,NA,09/08/2024 12:02,0
09/08/2024 13:00,WIND,492301,1,HCM,1,62122,1011,240,13,240,22,1208,6,6,6,6,6,NA,NA,NA,NA,09/08/2024 13:02,0
09/08/2024 14:00,WIND,492301,1,HCM,1,62122,1011,230,14,250,23,1347,6,6,6,6,6,NA,NA,NA,NA,09/08/2024 14:02,0
09/08/2024 15:00,WIND,492301,1,HCM,1,62122,1011,230,15,230,27,1410,6,6,6,6,6,NA,NA,NA,NA,09/08/2024 15:02,0
09/08/2024 16:00,WIND,492301,1,HCM,1,62122,1011,240,14,230,25,1539,6,6,6,6,6,NA,NA,NA,NA,09/08/2024 16:02,0
09/08/2024 17:00,WIND,492301,1,HCM,1,62122,1011,240,14,240,24,1647,6,6,6,6,6,NA,NA,NA,NA,09/08/2024 17:02,0
09/08/2024 18:00,WIND,492301,1,HCM,1,62122,1011,240,13,230,23,1651,6,6,6,6,6,NA,NA,NA,NA,09/08/2024 18:02,0
09/08/2024 19:00,WIND,492301,1,HCM,1,62122,1011,240,11,240,21,1803,6,6,6,6,6,NA,NA,NA,NA,09/08/2024 19:02,0
09/08/2024 20:00,WIND,492301,1,HCM,1,62122,1011,240,10,250,20,1924,6,6,6,6,6,NA,NA,NA,NA,09/08/2024 20:02,0
09/08/2024 21:00,WIND,492301,1,HCM,1,62122,1011,240,10,240,17,2039,6,6,6,6,6,NA,NA,NA,NA,09/08/2024 21:03,0
09/08/2024 22:00,WIND,492301,1,HCM,1,62122,1011,230,7,230,14,2055,6,6,6,6,6,NA,NA,NA,NA,09/08/2024 22:02,0
09/08/2024 23:00,WIND,492301,1,HCM,1,62122,1011,230,8,240,18,2226,6,6,6,6,6,NA,NA,NA,NA,09/08/2024 23:02,0
10/08/2024 00:00,WIND,492301,1,HCM,1,62122,1011,230,8,230,18,2311,6,6,6,6,6,NA,NA,NA,NA,10/08/2024 00:03,0
10/08/2024 01:00,WIND,492301,1,HCM,1,62122,1011,210,5,210,11,2355,6,6,6,6,6,NA,NA,NA,NA,10/08/2024 01:02,0
10/08/2024 02:00,WIND,492301,1,HCM,1,62122,1011,200,4,220,8,135,6,6,6,6,6,NA,NA,NA,NA,10/08/2024 02:02,0
10/08/2024 03:00,WIND,492301,1,HCM,1,62122,1011,200,6,200,11,150,6,6,6,6,6,NA,NA,NA,NA,10/08/2024 03:02,0
10/08/2024 04:00,WIND,492301,1,HCM,1,62122,1011,200,6,200,10,302,6,6,6,6,6,NA,NA,NA,NA,10/08/2024 04:02,0
10/08/2024 05:00,WIND,492301,1,HCM,1,62122,1011,200,6,190,11,408,6,6,6,6,6,NA,NA,NA,NA,10/08/2024 05:07,0
10/08/2024 06:00,WIND,492301,1,HCM,1,62122,1011,190,6,190,12,515,6,6,6,6,6,NA,NA,NA,NA,10/08/2024 06:03,0
10/08/2024 07:00,WIND,492301,1,HCM,1,62122,1011,190,6,200,13,645,6,6,6,6,6,NA,NA,NA,NA,10/08/2024 07:02,0
10/08/2024 08:00,WIND,492301,1,HCM,1,62122,1011,190,7,190,13,717,6,6,6,6,6,NA,NA,NA,NA,10/08/2024 08:02,0
10/08/2024 09:00,WIND,492301,1,HCM,1,62122,1011,200,8,180,16,816,6,6,6,6,6,NA,NA,NA,NA,10/08/2024 09:03,0
10/08/2024 10:00,WIND,492301,1,HCM,1,62122,1011,190,9,180,16,947,6,6,6,6,6,NA,NA,NA,NA,10/08/2024 10:02,0
10/08/2024 11:00,WIND,492301,1,HCM,1,62122,1011,200,10,180,19,958,6,6,6,6,6,NA,NA,NA,NA,10/08/2024 11:02,0
10/08/2024 12:00,WIND,492301,1,HCM,1,62122,1011,190,10,180,22,1137,6,6,6,6,6,NA,NA,NA,NA,10/08/2024 12:02,0
10/08/2024 13:00,WIND,492301,1,HCM,1,62122,1011,210,10,190,20,1239,6,6,6,6,6,NA,NA,NA,NA,10/08/2024 13:02,0
10/08/2024 14:00,WIND,492301,1,HCM,1,62122,1011,250,12,250,21,1300,6,6,6,6,6,NA,NA,NA,NA,10/08/2024 14:02,0
10/08/2024 15:00,WIND,492301,1,HCM,1,62122,1011,250,13,240,21,1420,6,6,6,6,6,NA,NA,NA,NA,10/08/2024 15:02,0
10/08/2024 16:00,WIND,492301,1,HCM,1,62122,1011,240,10,240,18,1523,6,6,6,6,6,NA,NA,NA,NA,10/08/2024 16:02,0
10/08/2024 17:00,WIND,492301,1,HCM,1,62122,1011,230,9,240,15,1555,6,6,6,6,6,NA,NA,NA,NA,10/08/2024 17:02,0
10/08/2024 18:00,WIND,492301,1,HCM,1,62122,1011,230,8,220,12,1654,6,6,6,6,6,NA,NA,NA,NA,10/08/2024 18:02,0
10/08/2024 19:00,WIND,492301,1,HCM,1,62122,1011,240,6,230,12,1817,6,6,6,6,6,NA,NA,NA,NA,10/08/2024 19:02,0
10/08/2024 20:00,WIND,492301,1,HCM,1,62122,1011,240,6,230,10,1902,6,6,6,6,6,NA,NA,NA,NA,10/08/2024 20:02,0
10/08/2024 21:00,WIND,492301,1,HCM,1,62122,1011,250,5,250,11,2008,6,6,6,6,6,NA,NA,NA,NA,10/08/2024 21:03,0
10/08/2024 22:00,WIND,492301,1,HCM,1,62122,1011,240,3,250,7,2053,6,6,6,6,6,NA,NA,NA,NA,10/08/2024 22:02,0
10/08/2024 23:00,WIND,492301,1,HCM,1,62122,1011,250,1,230,5,2151,6,6,6,6,6,NA,NA,NA,NA,10/08/2024 23:02,0
11/08/2024 00:00,WIND,492301,1,HCM,1,62122,1011,30,1,350,4,2327,6,6,6,6,6,NA,NA,NA,NA,11/08/2024 00:03,0
11/08/2024 01:00,WIND,492301,1,HCM,1,62122,1011,50,1,70,2,45,6,6,6,6,6,NA,NA,NA,NA,11/08/2024 01:02,0
11/08/2024 02:00,WIND,492301,1,HCM,1,62122,1011,70,2,60,3,58,6,6,6,6,6,NA,NA,NA,NA,11/08/2024 02:02,0
11/08/2024 03:00,WIND,492301,1,HCM,1,62122,1011,20,3,30,7,236,6,6,6,6,6,NA,NA,NA,NA,11/08/2024 03:02,0
11/08/2024 04:00,WIND,492301,1,HCM,1,62122,1011,30,4,60,7,349,6,6,6,6,6,NA,NA,NA,NA,11/08/2024 04:02,0
11/08/2024 05:00,WIND,492301,1,HCM,1,62122,1011,60,5,50,7,413,6,6,6,6,6,NA,NA,NA,NA,11/08/2024 05:02,0
11/08/2024 06:00,WIND,492301,1,HCM,1,62122,1011,60,3,70,7,504,6,6,6,6,6,NA,NA,NA,NA,11/08/2024 06:03,0
11/08/2024 07:00,WIND,492301,1,HCM,1,62122,1011,60,5,60,9,630,6,6,6,6,6,NA,NA,NA,NA,11/08/2024 07:02,0
11/08/2024 08:00,WIND,492301,1,HCM,1,62122,1011,70,6,70,12,736,6,6,6,6,6,NA,NA,NA,NA,11/08/2024 08:02,0
11/08/2024 09:00,WIND,492301,1,HCM,1,62122,1011,80,7,80,11,805,6,6,6,6,6,NA,NA,NA,NA,11/08/2024 09:03,0
11/08/2024 10:00,WIND,492301,1,HCM,1,62122,1011,70,7,100,11,937,6,6,6,6,6,NA,NA,NA,NA,11/08/2024 10:02,0
11/08/2024 11:00,WIND,492301,1,HCM,1,62122,1011,80,7,80,12,1042,6,6,6,6,6,NA,NA,NA,NA,11/08/2024 11:02,0
11/08/2024 12:00,WIND,492301,1,HCM,1,62122,1011,90,7,60,14,1053,6,6,6,6,6,NA,NA,NA,NA,11/08/2024 12:02,0
11/08/2024 13:00,WIND,492301,1,HCM,1,62122,1011,100,6,90,13,1244,6,6,6,6,6,NA,NA,NA,NA,11/08/2024 13:02,0
11/08/2024 14:00,WIND,492301,1,HCM,1,62122,1011,100,6,90,15,1348,6,6,6,6,6,NA,NA,NA,NA,11/08/2024 14:02,0
11/08/2024 15:00,WIND,492301,1,HCM,1,62122,1011,110,7,110,14,1430,6,6,6,6,6,NA,NA,NA,NA,11/08/2024 15:02,0
11/08/2024 16:00,WIND,492301,1,HCM,1,62122,1011,110,7,150,14,1531,6,6,6,6,6,NA,NA,NA,NA,11/08/2024 16:02,0
11/08/2024 17:00,WIND,492301,1,HCM,1,62122,1011,100,8,120,15,1629,6,6,6,6,6,NA,NA,NA,NA,11/08/2024 17:07,0
11/08/2024 18:00,WIND,492301,1,HCM,1,62122,1011,110,8,120,15,1719,6,6,6,6,6,NA,NA,NA,NA,11/08/2024 18:02,0
11/08/2024 19:00,WIND,492301,1,HCM,1,62122,1011,110,8,110,14,1750,6,6,6,6,6,NA,NA,NA,NA,11/08/2024 19:02,0
11/08/2024 20:00,WIND,492301,1,HCM,1,62122,1011,100,7,90,13,1853,6,6,6,6,6,NA,NA,NA,NA,11/08/2024 20:02,0
11/08/2024 21:00,WIND,492301,1,HCM,1,62122,1011,100,5,90,9,2048,6,6,6,6,6,NA,NA,NA,NA,11/08/2024 21:03,0
11/08/2024 22:00,WIND,492301,1,HCM,1,62122,1011,100,6,90,10,2138,6,6,6,6,6,NA,NA,NA,NA,11/08/2024 22:02,0
11/08/2024 23:00,WIND,492301,1,HCM,1,62122,1011,90,7,90,13,2213,6,6,6,6,6,NA,NA,NA,NA,11/08/2024 23:02,0
12/08/2024 00:00,WIND,492301,1,HCM,1,62122,1011,100,7,100,13,2259,6,6,6,6,6,NA,NA,NA,NA,12/08/2024 00:03,0
12/08/2024 01:00,WIND,492301,1,HCM,1,62122,1011,90,6,100,12,13,6,6,6,6,6,NA,NA,NA,NA,12/08/2024 01:02,0
12/08/2024 02:00,WIND,492301,1,HCM,1,62122,1011,90,6,100,11,142,6,6,6,6,6,NA,NA,NA,NA,12/08/2024 02:02,0
12/08/2024 03:00,WIND,492301,1,HCM,1,62122,1011,70,6,80,13,233,6,6,6,6,6,NA,NA,NA,NA,12/08/2024 03:02,0
12/08/2024 04:00,WIND,492301,1,HCM,1,62122,1011,90,7,70,11,347,6,6,6,6,6,NA,NA,NA,NA,12/08/2024 04:02,0
12/08/2024 05:00,WIND,492301,1,HCM,1,62122,1011,90,7,80,12,437,6,6,6,6,6,NA,NA,NA,NA,12/08/2024 05:02,0
12/08/2024 06:00,WIND,492301,1,HCM,1,62122,1011,90,6,100,12,504,6,6,6,6,6,NA,NA,NA,NA,12/08/2024 06:03,0
12/08/2024 07:00,WIND,492301,1,HCM,1,62122,1011,100,7,100,13,642,6,6,6,6,6,NA,NA,NA,NA,12/08/2024 07:02,0
12/08/2024 08:00,WIND,492301,1,HCM,1,62122,1011,130,6,110,13,651,6,6,6,6,6,NA,NA,NA,NA,12/08/2024 08:02,0
12/08/2024 09:00,WIND,492301,1,HCM,1,62122,1011,160,6,140,12,828,6,6,6,6,6,NA,NA,NA,NA,12/08/2024 09:03,0
12/08/2024 10:00,WIND,492301,1,HCM,1,62122,1011,220,8,240,19,944,6,6,6,6,6,NA,NA,NA,NA,12/08/2024 10:02,0
12/08/2024 11:00,WIND,492301,1,HCM,1,62122,1011,240,12,250,19,1042,6,6,6,6,6,NA,NA,NA,NA,12/08/2024 11:02,0
12/08/2024 12:00,WIND,492301,1,HCM,1,62122,1011,240,10,250,17,1113,6,6,6,6,6,NA,NA,NA,NA,12/08/2024 12:02,0
12/08/2024 13:00,WIND,492301,1,HCM,1,62122,1011,240,11,250,20,1247,6,6,6,6,6,NA,NA,NA,NA,12/08/2024 13:02,0
12/08/2024 14:00,WIND,492301,1,HCM,1,62122,1011,240,14,250,23,1333,6,6,6,6,6,NA,NA,NA,NA,12/08/2024 14:02,0
12/08/2024 15:00,WIND,492301,1,HCM,1,62122,1011,240,14,250,23,1420,6,6,6,6,6,NA,NA,NA,NA,12/08/2024 15:02,0
12/08/2024 16:00,WIND,492301,1,HCM,1,62122,1011,240,12,240,20,1451,6,6,6,6,6,NA,NA,NA,NA,12/08/2024 16:02,0
12/08/2024 17:00,WIND,492301,1,HCM,1,62122,1011,240,11,260,20,1618,6,6,6,6,6,NA,NA,NA,NA,12/08/2024 17:02,0
12/08/2024 18:00,WIND,492301,1,HCM,1,62122,1011,230,10,250,19,1708,6,6,6,6,6,NA,NA,NA,NA,12/08/2024 18:02,0
12/08/2024 19:00,WIND,492301,1,HCM,1,62122,1011,240,12,230,24,1839,6,6,6,6,6,NA,NA,NA,NA,12/08/2024 19:02,0
12/08/2024 20:00,WIND,492301,1,HCM,1,62122,1011,230,11,240,20,1850,6,6,6,6,6,NA,NA,NA,NA,12/08/2024 20:02,0
12/08/2024 21:00,WIND,492301,1,HCM,1,62122,1011,240,10,250,19,2017,6,6,6,6,6,NA,NA,NA,NA,12/08/2024 21:02,0
12/08/2024 22:00,WIND,492301,1,HCM,1,62122,1011,240,10,250,18,2053,6,6,6,6,6,NA,NA,NA,NA,12/08/2024 22:02,0
12/08/2024 23:00,WIND,492301,1,HCM,1,62122,1011,250,7,250,14,2203,6,6,6,6,6,NA,NA,NA,NA,12/08/2024 23:02,0
13/08/2024 00:00,WIND,492301,1,HCM,1,62122,1011,240,4,220,10,2257,6,6,6,6,6,NA,NA,NA,NA,13/08/2024 00:03,0
13/08/2024 01:00,WIND,492301,1,HCM,1,62122,1011,230,3,230,5,29,6,6,6,6,6,NA,NA,NA,NA,13/08/2024 01:02,0
13/08/2024 02:00,WIND,492301,1,HCM,1,62122,1011,210,1,220,4,55,6,6,6,6,6,NA,NA,NA,NA,13/08/2024 02:02,0
13/08/2024 03:00,WIND,492301,1,HCM,1,62122,1011,120,2,180,5,238,6,6,6,6,6,NA,NA,NA,NA,13/08/2024 03:02,0
13/08/2024 04:00,WIND,492301,1,HCM,1,62122,1011,190,3,200,8,303,6,6,6,6,6,NA,NA,NA,NA,13/08/2024 04:02,0
13/08/2024 05:00,WIND,492301,1,HCM,1,62122,1011,100,2,90,4,440,6,6,6,6,6,NA,NA,NA,NA,13/08/2024 05:02,0
13/08/2024 06:00,WIND,492301,1,HCM,1,62122,1011,120,3,150,5,539,6,6,6,6,6,NA,NA,NA,NA,13/08/2024 06:03,0
13/08/2024 07:00,WIND,492301,1,HCM,1,62122,1011,140,3,170,7,629,6,6,6,6,6,NA,NA,NA,NA,13/08/2024 07:02,0
13/08/2024 08:00,WIND,492301,1,HCM,1,62122,1011,160,5,160,10,741,6,6,6,6,6,NA,NA,NA,NA,13/08/2024 08:02,0
13/08/2024 09:00,WIND,492301,1,HCM,1,62122,1011,190,7,190,15,844,6,6,6,6,6,NA,NA,NA,NA,13/08/2024 09:03,0
13/08/2024 10:00,WIND,492301,1,HCM,1,62122,1011,210,8,220,15,909,6,6,6,6,6,NA,NA,NA,NA,13/08/2024 10:02,0
13/08/2024 11:00,WIND,492301,1,HCM,1,62122,1011,200,10,200,17,1004,6,6,6,6,6,NA,NA,NA,NA,13/08/2024 11:02,0
13/08/2024 12:00,WIND,492301,1,HCM,1,62122,1011,190,9,170,18,1122,6,6,6,6,6,NA,NA,NA,NA,13/08/2024 12:02,0
13/08/2024 13:00,WIND,492301,1,HCM,1,62122,1011,200,9,180,18,1232,6,6,6,6,6,NA,NA,NA,NA,13/08/2024 13:02,0
13/08/2024 14:00,WIND,492301,1,HCM,1,62122,1011,210,9,230,18,1321,6,6,6,6,6,NA,NA,NA,NA,13/08/2024 14:02,0
13/08/2024 15:00,WIND,492301,1,HCM,1,62122,1011,200,9,190,17,1446,6,6,6,6,6,NA,NA,NA,NA,13/08/2024 15:02,0
13/08/2024 16:00,WIND,492301,1,HCM,1,62122,1011,200,9,190,15,1454,6,6,6,6,6,NA,NA,NA,NA,13/08/2024 16:02,0
13/08/2024 17:00,WIND,492301,1,HCM,1,62122,1011,200,7,210,14,1554,6,6,6,6,6,NA,NA,NA,NA,13/08/2024 17:02,0
13/08/2024 18:00,WIND,492301,1,HCM,1,62122,1011,190,7,180,14,1741,6,6,6,6,6,NA,NA,NA,NA,13/08/2024 18:02,0
13/08/2024 19:00,WIND,492301,1,HCM,1,62122,1011,190,6,170,12,1833,6,6,6,6,6,NA,NA,NA,NA,13/08/2024 19:02,0
13/08/2024 20:00,WIND,492301,1,HCM,1,62122,1011,160,6,160,11,1927,6,6,6,6,6,NA,NA,NA,NA,13/08/2024 20:02,0
13/08/2024 21:00,WIND,492301,1,HCM,1,62122,1011,160,5,170,10,1954,6,6,6,6,6,NA,NA,NA,NA,13/08/2024 21:02,0
13/08/2024 22:00,WIND,492301,1,HCM,1,62122,1011,160,5,140,9,2111,6,6,6,6,6,NA,NA,NA,NA,13/08/2024 22:02,0
13/08/2024 23:00,WIND,492301,1,HCM,1,62122,1011,170,4,160,8,2222,6,6,6,6,6,NA,NA,NA,NA,13/08/2024 23:02,0
14/08/2024 00:00,WIND,492301,1,HCM,1,62122,1011,150,4,150,8,2328,6,6,6,6,6,NA,NA,NA,NA,14/08/2024 00:03,0
14/08/2024 01:00,WIND,492301,1,HCM,1,62122,1011,150,4,150,7,25,6,6,6,6,6,NA,NA,NA,NA,14/08/2024 01:02,0
14/08/2024 02:00,WIND,492301,1,HCM,1,62122,1011,130,3,140,7,55,6,6,6,6,6,NA,NA,NA,NA,14/08/2024 02:02,0
14/08/2024 03:00,WIND,492301,1,HCM,1,62122,1011,110,3,110,5,239,6,6,6,6,6,NA,NA,NA,NA,14/08/2024 03:02,0
14/08/2024 04:00,WIND,492301,1,HCM,1,62122,1011,20,5,360,16,332,6,6,6,6,6,NA,NA,NA,NA,14/08/2024 04:02,0
14/08/2024 05:00,WIND,492301,1,HCM,1,62122,1011,350,7,350,13,445,6,6,6,6,6,NA,NA,NA,NA,14/08/2024 05:02,0
14/08/2024 06:00,WIND,492301,1,HCM,1,62122,1011,360,9,360,17,545,6,6,6,6,6,NA,NA,NA,NA,14/08/2024 06:04,0
14/08/2024 07:00,WIND,492301,1,HCM,1,62122,1011,350,8,350,17,633,6,6,6,6,6,NA,NA,NA,NA,14/08/2024 07:02,0
14/08/2024 08:00,WIND,492301,1,HCM,1,62122,1011,350,9,340,15,720,6,6,6,6,6,NA,NA,NA,NA,14/08/2024 08:02,0
14/08/2024 09:00,WIND,492301,1,HCM,1,62122,1011,350,7,350,15,750,6,6,6,6,6,NA,NA,NA,NA,14/08/2024 09:03,0
14/08/2024 10:00,WIND,492301,1,HCM,1,62122,1011,330,6,340,11,947,6,6,6,6,6,NA,NA,NA,NA,14/08/2024 10:02,0
14/08/2024 11:00,WIND,492301,1,HCM,1,62122,1011,350,7,340,12,1026,6,6,6,6,6,NA,NA,NA,NA,14/08/2024 11:02,0
14/08/2024 12:00,WIND,492301,1,HCM,1,62122,1011,340,6,330,10,1130,6,6,6,6,6,NA,NA,NA,NA,14/08/2024 12:02,0
14/08/2024 13:00,WIND,492301,1,HCM,1,62122,1011,340,5,320,9,1243,6,6,6,6,6,NA,NA,NA,NA,14/08/2024 13:02,0
14/08/2024 14:00,WIND,492301,1,HCM,1,62122,1011,360,6,350,11,1330,6,6,6,6,6,NA,NA,NA,NA,14/08/2024 14:02,0
14/08/2024 15:00,WIND,492301,1,HCM,1,62122,1011,40,6,50,11,1407,6,6,6,6,6,NA,NA,NA,NA,14/08/2024 15:02,0
14/08/2024 16:00,WIND,492301,1,HCM,1,62122,1011,360,3,50,8,1453,6,6,6,6,6,NA,NA,NA,NA,14/08/2024 16:02,0
14/08/2024 17:00,WIND,492301,1,HCM,1,62122,1011,260,3,240,6,1645,6,6,6,6,6,NA,NA,NA,NA,14/08/2024 17:02,0
14/08/2024 18:00,WIND,492301,1,HCM,1,62122,1011,250,5,260,11,1652,6,6,6,6,6,NA,NA,NA,NA,14/08/2024 18:02,0
14/08/2024 19:00,WIND,492301,1,HCM,1,62122,1011,230,6,250,12,1837,6,6,6,6,6,NA,NA,NA,NA,14/08/2024 19:02,0
14/08/2024 20:00,WIND,492301,1,HCM,1,62122,1011,230,6,230,11,1908,6,6,6,6,6,NA,NA,NA,NA,14/08/2024 20:02,0
14/08/2024 21:00,WIND,492301,1,HCM,1,62122,1011,240,8,250,15,2039,6,6,6,6,6,NA,NA,NA,NA,14/08/2024 21:03,0
14/08/2024 22:00,WIND,492301,1,HCM,1,62122,1011,240,8,240,14,2109,6,6,6,6,6,NA,NA,NA,NA,14/08/2024 22:02,0
14/08/2024 23:00,WIND,492301,1,HCM,1,62122,1011,240,8,250,13,2219,6,6,6,6,6,NA,NA,NA,NA,14/08/2024 23:02,0
15/08/2024 00:00,WIND,492301,1,HCM,1,62122,1011,240,8,240,14,2342,6,6,6,6,6,NA,NA,NA,NA,15/08/2024 00:03,0
15/08/2024 01:00,WIND,492301,1,HCM,1,62122,1011,240,6,240,14,2357,6,6,6,6,6,NA,NA,NA,NA,15/08/2024 01:02,0
15/08/2024 02:00,WIND,492301,1,HCM,1,62122,1011,220,3,220,8,145,6,6,6,6,6,NA,NA,NA,NA,15/08/2024 02:02,0
15/08/2024 03:00,WIND,492301,1,HCM,1,62122,1011,210,5,210,9,224,6,6,6,6,6,NA,NA,NA,NA,15/08/2024 03:02,0
15/08/2024 04:00,WIND,492301,1,HCM,1,62122,1011,190,5,180,9,321,6,6,6,6,6,NA,NA,NA,NA,15/08/2024 04:02,0
15/08/2024 05:00,WIND,492301,1,HCM,1,62122,1011,180,6,190,11,440,6,6,6,6,6,NA,NA,NA,NA,15/08/2024 05:02,0
15/08/2024 06:00,WIND,492301,1,HCM,1,62122,1011,190,7,180,13,535,6,6,6,6,6,NA,NA,NA,NA,15/08/2024 06:03,0
15/08/2024 07:00,WIND,492301,1,HCM,1,62122,1011,180,6,190,14,620,6,6,6,6,6,NA,NA,NA,NA,15/08/2024 07:02,0
15/08/2024 08:00,WIND,492301,1,HCM,1,62122,1011,190,6,210,14,736,6,6,6,6,6,NA,NA,NA,NA,15/08/2024 08:02,0
15/08/2024 09:00,WIND,492301,1,HCM,1,62122,1011,190,10,190,21,828,6,6,6,6,6,NA,NA,NA,NA,15/08/2024 09:03,0
15/08/2024 10:00,WIND,492301,1,HCM,1,62122,1011,200,10,180,20,900,6,6,6,6,6,NA,NA,NA,NA,15/08/2024 10:02,0
15/08/2024 11:00,WIND,492301,1,HCM,1,62122,1011,190,10,190,21,954,6,6,6,6,6,NA,NA,NA,NA,15/08/2024 11:02,0
15/08/2024 12:00,WIND,492301,1,HCM,1,62122,1011,190,10,200,20,1120,6,6,6,6,6,NA,NA,NA,NA,15/08/2024 12:02,0
15/08/2024 13:00,WIND,492301,1,HCM,1,62122,1011,200,12,190,26,1211,6,6,6,6,6,NA,NA,NA,NA,15/08/2024 13:02,0
15/08/2024 14:00,WIND,492301,1,HCM,1,62122,1011,210,12,220,25,1349,6,6,6,6,6,NA,NA,NA,NA,15/08/2024 14:02,0
15/08/2024 15:00,WIND,492301,1,HCM,1,62122,1011,210,13,220,25,1410,6,6,6,6,6,NA,NA,NA,NA,15/08/2024 15:02,0
15/08/2024 16:00,WIND,492301,1,HCM,1,62122,1011,220,14,200,27,1450,6,6,6,6,6,NA,NA,NA,NA,15/08/2024 16:02,0
15/08/2024 17:00,WIND,492301,1,HCM,1,62122,1011,240,14,250,24,1552,6,6,6,6,6,NA,NA,NA,NA,15/08/2024 17:02,0
15/08/2024 18:00,WIND,492301,1,HCM,1,62122,1011,240,14,250,25,1748,6,6,6,6,6,NA,NA,NA,NA,15/08/2024 18:02,0
15/08/2024 19:00,WIND,492301,1,HCM,1,62122,1011,230,12,240,22,1801,6,6,6,6,6,NA,NA,NA,NA,15/08/2024 19:02,0
15/08/2024 20:00,WIND,492301,1,HCM,1,62122,1011,240,11,260,20,1931,6,6,6,6,6,NA,NA,NA,NA,15/08/2024 20:02,0
15/08/2024 21:00,WIND,492301,1,HCM,1,62122,1011,240,9,250,16,2018,6,6,6,6,6,NA,NA,NA,NA,15/08/2024 21:03,0
15/08/2024 22:00,WIND,492301,1,HCM,1,62122,1011,230,8,220,16,2056,6,6,6,6,6,NA,NA,NA,NA,15/08/2024 22:02,0
15/08/2024 23:00,WIND,492301,1,HCM,1,62122,1011,240,7,240,14,2152,6,6,6,6,6,NA,NA,NA,NA,15/08/2024 23:02,0
16/08/2024 00:00,WIND,492301,1,HCM,1,62122,1011,270,4,260,10,2303,6,6,6,6,6,NA,NA,NA,NA,16/08/2024 00:03,0
16/08/2024 01:00,WIND,492301,1,HCM,1,62122,1011,280,3,250,6,3,6,6,6,6,6,NA,NA,NA,NA,16/08/2024 01:02,0
16/08/2024 02:00,WIND,492301,1,HCM,1,62122,1011,340,4,330,7,56,6,6,6,6,6,NA,NA,NA,NA,16/08/2024 02:02,0
16/08/2024 03:00,WIND,492301,1,HCM,1,62122,1011,360,2,360,4,152,6,6,6,6,6,NA,NA,NA,NA,16/08/2024 03:02,0
16/08/2024 04:00,WIND,492301,1,HCM,1,62122,1011,360,3,10,5,309,6,6,6,6,6,NA,NA,NA,NA,16/08/2024 04:02,0
16/08/2024 05:00,WIND,492301,1,HCM,1,62122,1011,110,1,70,3,351,6,6,6,6,6,NA,NA,NA,NA,16/08/2024 05:02,0
16/08/2024 06:00,WIND,492301,1,HCM,1,62122,1011,0,0,200,1,516,6,6,6,6,6,NA,NA,NA,NA,16/08/2024 06:03,0
16/08/2024 07:00,WIND,492301,1,HCM,1,62122,1011,320,2,330,4,641,6,6,6,6,6,NA,NA,NA,NA,16/08/2024 07:02,0
16/08/2024 08:00,WIND,492301,1,HCM,1,62122,1011,10,3,20,5,719,6,6,6,6,6,NA,NA,NA,NA,16/08/2024 08:02,0
16/08/2024 09:00,WIND,492301,1,HCM,1,62122,1011,40,3,60,7,843,6,6,6,6,6,NA,NA,NA,NA,16/08/2024 09:03,0
16/08/2024 10:00,WIND,492301,1,HCM,1,62122,1011,50,3,140,8,936,6,6,6,6,6,NA,NA,NA,NA,16/08/2024 10:02,0
16/08/2024 11:00,WIND,492301,1,HCM,1,62122,1011,360,4,360,9,1037,6,6,6,6,6,NA,NA,NA,NA,16/08/2024 11:02,0
16/08/2024 12:00,WIND,492301,1,HCM,1,62122,1011,10,3,40,7,1135,6,6,6,6,6,NA,NA,NA,NA,16/08/2024 12:02,0
16/08/2024 13:00,WIND,492301,1,HCM,1,62122,1011,310,4,300,9,1243,6,6,6,6,6,NA,NA,NA,NA,16/08/2024 13:02,0
16/08/2024 14:00,WIND,492301,1,HCM,1,62122,1011,280,5,260,13,1345,6,6,6,6,6,NA,NA,NA,NA,16/08/2024 14:02,0
16/08/2024 15:00,WIND,492301,1,HCM,1,62122,1011,250,8,250,13,1402,6,6,6,6,6,NA,NA,NA,NA,16/08/2024 15:02,0
16/08/2024 16:00,WIND,492301,1,HCM,1,62122,1011,250,7,240,14,1532,6,6,6,6,6,NA,NA,NA,NA,16/08/2024 16:02,0
16/08/2024 17:00,WIND,492301,1,HCM,1,62122,1011,260,7,260,12,1602,6,6,6,6,6,NA,NA,NA,NA,16/08/2024 17:02,0
16/08/2024 18:00,WIND,492301,1,HCM,1,62122,1011,250,6,250,12,1657,6,6,6,6,6,NA,NA,NA,NA,16/08/2024 18:02,0
16/08/2024 19:00,WIND,492301,1,HCM,1,62122,1011,240,5,240,10,1840,6,6,6,6,6,NA,NA,NA,NA,16/08/2024 19:02,0
16/08/2024 20:00,WIND,492301,1,HCM,1,62122,1011,240,7,250,13,1946,6,6,6,6,6,NA,NA,NA,NA,16/08/2024 20:02,0
16/08/2024 21:00,WIND,492301,1,HCM,1,62122,1011,250,9,250,15,2045,6,6,6,6,6,NA,NA,NA,NA,16/08/2024 21:03,0
16/08/2024 22:00,WIND,492301,1,HCM,1,62122,1011,250,9,250,15,2057,6,6,6,6,6,NA,NA,NA,NA,16/08/2024 22:02,0
16/08/2024 23:00,WIND,492301,1,HCM,1,62122,1011,260,6,250,11,2157,6,6,6,6,6,NA,NA,NA,NA,16/08/2024 23:02,0
17/08/2024 00:00,WIND,492301,1,HCM,1,62122,1011,260,4,290,8,2257,6,6,6,6,6,NA,NA,NA,NA,17/08/2024 00:03,0
17/08/2024 01:00,WIND,492301,1,HCM,1,62122,1011,270,3,290,5,14,6,6,6,6,6,NA,NA,NA,NA,17/08/2024 01:02,0
17/08/2024 02:00,WIND,492301,1,HCM,1,62122,1011,280,1,280,4,107,6,6,6,6,6,NA,NA,NA,NA,17/08/2024 02:02,0
17/08/2024 03:00,WIND,492301,1,HCM,1,62122,1011,290,1,260,2,158,6,6,6,6,6,NA,NA,NA,NA,17/08/2024 03:02,0
17/08/2024 04:00,WIND,492301,1,HCM,1,62122,1011,280,2,280,3,326,6,6,6,6,6,NA,NA,NA,NA,17/08/2024 04:02,0
17/08/2024 05:00,WIND,492301,1,HCM,1,62122,1011,190,1,250,3,357,6,6,6,6,6,NA,NA,NA,NA,17/08/2024 05:07,0
17/08/2024 06:00,WIND,492301,1,HCM,1,62122,1011,150,1,160,2,515,6,6,6,6,6,NA,NA,NA,NA,17/08/2024 06:04,0
17/08/2024 07:00,WIND,492301,1,HCM,1,62122,1011,110,1,90,3,623,6,6,6,6,6,NA,NA,NA,NA,17/08/2024 07:02,0
17/08/2024 08:00,WIND,492301,1,HCM,1,62122,1011,180,1,160,3,721,6,6,6,6,6,NA,NA,NA,NA,17/08/2024 08:02,0
17/08/2024 09:00,WIND,492301,1,HCM,1,62122,1011,260,2,230,4,841,6,6,6,6,6,NA,NA,NA,NA,17/08/2024 09:03,0
17/08/2024 10:00,WIND,492301,1,HCM,1,62122,1011,270,4,250,10,946,6,6,6,6,6,NA,NA,NA,NA,17/08/2024 10:02,0
17/08/2024 11:00,WIND,492301,1,HCM,1,62122,1011,270,5,250,9,1025,6,6,6,6,6,NA,NA,NA,NA,17/08/2024 11:02,0
17/08/2024 12:00,WIND,492301,1,HCM,1,62122,1011,310,4,300,10,1147,6,6,6,6,6,NA,NA,NA,NA,17/08/2024 12:02,0
17/08/2024 13:00,WIND,492301,1,HCM,1,62122,1011,270,5,250,13,1245,6,6,6,6,6,NA,NA,NA,NA,17/08/2024 13:02,0
17/08/2024 14:00,WIND,492301,1,HCM,1,62122,1011,240,8,240,16,1345,6,6,6,6,6,NA,NA,NA,NA,17/08/2024 14:02,0
17/08/2024 15:00,WIND,492301,1,HCM,1,62122,1011,240,9,230,15,1408,6,6,6,6,6,NA,NA,NA,NA,17/08/2024 15:02,0
17/08/2024 16:00,WIND,492301,1,HCM,1,62122,1011,240,9,250,14,1515,6,6,6,6,6,NA,NA,NA,NA,17/08/2024 16:02,0
17/08/2024 17:00,WIND,492301,1,HCM,1,62122,1011,260,6,240,9,1640,6,6,6,6,6,NA,NA,NA,NA,17/08/2024 17:02,0
17/08/2024 18:00,WIND,492301,1,HCM,1,62122,1011,240,7,250,16,1749,6,6,6,6,6,NA,NA,NA,NA,17/08/2024 18:02,0
17/08/2024 19:00,WIND,492301,1,HCM,1,62122,1011,240,8,240,15,1753,6,6,6,6,6,NA,NA,NA,NA,17/08/2024 19:02,0
17/08/2024 20:00,WIND,492301,1,HCM,1,62122,1011,250,7,240,13,1856,6,6,6,6,6,NA,NA,NA,NA,17/08/2024 20:02,0
17/08/2024 21:00,WIND,492301,1,HCM,1,62122,1011,250,7,250,12,2028,6,6,6,6,6,NA,NA,NA,NA,17/08/2024 21:03,0
17/08/2024 22:00,WIND,492301,1,HCM,1,62122,1011,250,6,240,11,2110,6,6,6,6,6,NA,NA,NA,NA,17/08/2024 22:02,0
17/08/2024 23:00,WIND,492301,1,HCM,1,62122,1011,250,5,250,10,2224,6,6,6,6,6,NA,NA,NA,NA,17/08/2024 23:02,0
18/08/2024 00:00,WIND,492301,1,HCM,1,62122,1011,250,3,250,7,2308,6,6,6,6,6,NA,NA,NA,NA,18/08/2024 00:03,0
18/08/2024 01:00,WIND,492301,1,HCM,1,62122,1011,240,2,230,5,40,6,6,6,6,6,NA,NA,NA,NA,18/08/2024 01:02,0
18/08/2024 02:00,WIND,492301,1,HCM,1,62122,1011,250,2,240,5,51,6,6,6,6,6,NA,NA,NA,NA,18/08/2024 02:02,0
18/08/2024 03:00,WIND,492301,1,HCM,1,62122,1011,250,3,280,10,243,6,6,6,6,6,NA,NA,NA,NA,18/08/2024 03:02,0
18/08/2024 04:00,WIND,492301,1,HCM,1,62122,1011,220,2,240,6,252,6,6,6,6,6,NA,NA,NA,NA,18/08/2024 04:02,0
18/08/2024 05:00,WIND,492301,1,HCM,1,62122,1011,200,3,220,5,422,6,6,6,6,6,NA,NA,NA,NA,18/08/2024 05:02,0
18/08/2024 06:00,WIND,492301,1,HCM,1,62122,1011,220,2,230,4,544,6,6,6,6,6,NA,NA,NA,NA,18/08/2024 06:04,0
18/08/2024 07:00,WIND,492301,1,HCM,1,62122,1011,240,3,250,8,645,6,6,6,6,6,NA,NA,NA,NA,18/08/2024 07:02,0
18/08/2024 08:00,WIND,492301,1,HCM,1,62122,1011,260,6,260,14,745,6,6,6,6,6,NA,NA,NA,NA,18/08/2024 08:02,0
18/08/2024 09:00,WIND,492301,1,HCM,1,62122,1011,260,7,240,14,814,6,6,6,6,6,NA,NA,NA,NA,18/08/2024 09:03,0
18/08/2024 10:00,WIND,492301,1,HCM,1,62122,1011,260,8,270,15,855,6,6,6,6,6,NA,NA,NA,NA,18/08/2024 10:02,0
18/08/2024 11:00,WIND,492301,1,HCM,1,62122,1011,250,8,230,14,1045,6,6,6,6,6,NA,NA,NA,NA,18/08/2024 11:02,0
18/08/2024 12:00,WIND,492301,1,HCM,1,62122,1011,240,10,240,16,1135,6,6,6,6,6,NA,NA,NA,NA,18/08/2024 12:02,0
18/08/2024 13:00,WIND,492301,1,HCM,1,62122,1011,240,10,250,18,1246,6,6,6,6,6,NA,NA,NA,NA,18/08/2024 13:02,0
18/08/2024 14:00,WIND,492301,1,HCM,1,62122,1011,230,11,240,19,1345,6,6,6,6,6,NA,NA,NA,NA,18/08/2024 14:02,0
18/08/2024 15:00,WIND,492301,1,HCM,1,62122,1011,230,12,210,20,1415,6,6,6,6,6,NA,NA,NA,NA,18/08/2024 15:02,0
18/08/2024 16:00,WIND,492301,1,HCM,1,62122,1011,230,12,260,19,1527,6,6,6,6,6,NA,NA,NA,NA,18/08/2024 16:02,0
18/08/2024 17:00,WIND,492301,1,HCM,1,62122,1011,240,11,240,18,1553,6,6,6,6,6,NA,NA,NA,NA,18/08/2024 17:02,0
18/08/2024 18:00,WIND,492301,1,HCM,1,62122,1011,240,9,240,16,1651,6,6,6,6,6,NA,NA,NA,NA,18/08/2024 18:02,0
18/08/2024 19:00,WIND,492301,1,HCM,1,62122,1011,240,7,250,13,1752,6,6,6,6,6,NA,NA,NA,NA,18/08/2024 19:02,0
18/08/2024 20:00,WIND,492301,1,HCM,1,62122,1011,250,6,250,11,1924,6,6,6,6,6,NA,NA,NA,NA,18/08/2024 20:02,0
18/08/2024 21:00,WIND,492301,1,HCM,1,62122,1011,260,4,270,8,2001,6,6,6,6,6,NA,NA,NA,NA,18/08/2024 21:02,0
18/08/2024 22:00,WIND,492301,1,HCM,1,62122,1011,250,3,270,6,2100,6,6,6,6,6,NA,NA,NA,NA,18/08/2024 22:02,0
18/08/2024 23:00,WIND,492301,1,HCM,1,62122,1011,260,2,250,4,2220,6,6,6,6,6,NA,NA,NA,NA,18/08/2024 23:02,0
19/08/2024 00:00,WIND,492301,1,HCM,1,62122,1011,240,2,270,4,2253,6,6,6,6,6,NA,NA,NA,NA,19/08/2024 00:03,0
19/08/2024 01:00,WIND,492301,1,HCM,1,62122,1011,190,1,70,2,44,6,6,6,6,6,NA,NA,NA,NA,19/08/2024 01:02,0
19/08/2024 02:00,WIND,492301,1,HCM,1,62122,1011,120,1,120,4,114,6,6,6,6,6,NA,NA,NA,NA,19/08/2024 02:02,0
19/08/2024 03:00,WIND,492301,1,HCM,1,62122,1011,110,1,90,3,221,6,6,6,6,6,NA,NA,NA,NA,19/08/2024 03:02,0
19/08/2024 04:00,WIND,492301,1,HCM,1,62122,1011,140,2,160,4,334,6,6,6,6,6,NA,NA,NA,NA,19/08/2024 04:02,0
19/08/2024 05:00,WIND,492301,1,HCM,1,62122,1011,150,3,140,6,433,6,6,6,6,6,NA,NA,NA,NA,19/08/2024 05:02,0
19/08/2024 06:00,WIND,492301,1,HCM,1,62122,1011,130,3,120,5,511,6,6,6,6,6,NA,NA,NA,NA,19/08/2024 06:03,0
19/08/2024 07:00,WIND,492301,1,HCM,1,62122,1011,160,3,160,7,620,6,6,6,6,6,NA,NA,NA,NA,19/08/2024 07:02,0
19/08/2024 08:00,WIND,492301,1,HCM,1,62122,1011,160,4,160,9,745,6,6,6,6,6,NA,NA,NA,NA,19/08/2024 08:02,0
19/08/2024 09:00,WIND,492301,1,HCM,1,62122,1011,170,6,190,13,821,6,6,6,6,6,NA,NA,NA,NA,19/08/2024 09:03,0
19/08/2024 10:00,WIND,492301,1,HCM,1,62122,1011,180,6,180,12,925,6,6,6,6,6,NA,NA,NA,NA,19/08/2024 10:02,0
19/08/2024 11:00,WIND,492301,1,HCM,1,62122,1011,180,8,170,16,1045,6,6,6,6,6,NA,NA,NA,NA,19/08/2024 11:02,0
19/08/2024 12:00,WIND,492301,1,HCM,1,62122,1011,180,8,200,16,1147,6,6,6,6,6,NA,NA,NA,NA,19/08/2024 12:02,0
19/08/2024 13:00,WIND,492301,1,HCM,1,62122,1011,170,7,190,15,1242,6,6,6,6,6,NA,NA,NA,NA,19/08/2024 13:02,0
19/08/2024 14:00,WIND,492301,1,HCM,1,62122,1011,160,8,190,15,1347,6,6,6,6,6,NA,NA,NA,NA,19/08/2024 14:02,0
19/08/2024 15:00,WIND,492301,1,HCM,1,62122,1011,190,10,180,21,1410,6,6,6,6,6,NA,NA,NA,NA,19/08/2024 15:02,0
19/08/2024 16:00,WIND,492301,1,HCM,1,62122,1011,180,13,190,23,1503,6,6,6,6,6,NA,NA,NA,NA,19/08/2024 16:03,0
19/08/2024 17:00,WIND,492301,1,HCM,1,62122,1011,180,11,190,25,1602,6,6,6,6,6,NA,NA,NA,NA,19/08/2024 17:02,0
19/08/2024 18:00,WIND,492301,1,HCM,1,62122,1011,190,10,180,24,1736,6,6,6,6,6,NA,NA,NA,NA,19/08/2024 18:02,0
19/08/2024 19:00,WIND,492301,1,HCM,1,62122,1011,180,9,180,19,1808,6,6,6,6,6,NA,NA,NA,NA,19/08/2024 19:02,0
19/08/2024 20:00,WIND,492301,1,HCM,1,62122,1011,180,11,190,23,1945,6,6,6,6,6,NA,NA,NA,NA,19/08/2024 20:02,0
19/08/2024 21:00,WIND,492301,1,HCM,1,62122,1011,180,13,180,26,2039,6,6,6,6,6,NA,NA,NA,NA,19/08/2024 21:03,0
19/08/2024 22:00,WIND,492301,1,HCM,1,62122,1011,190,14,180,25,2105,6,6,6,6,6,NA,NA,NA,NA,19/08/2024 22:02,0
19/08/2024 23:00,WIND,492301,1,HCM,1,62122,1011,180,10,200,22,2150,6,6,6,6,6,NA,NA,NA,NA,19/08/2024 23:02,0
20/08/2024 00:00,WIND,492301,1,HCM,1,62122,1011,180,7,180,15,2252,6,6,6,6,6,NA,NA,NA,NA,20/08/2024 00:03,0
20/08/2024 01:00,WIND,492301,1,HCM,1,62122,1011,230,7,240,14,47,6,6,6,6,6,NA,NA,NA,NA,20/08/2024 01:02,0
20/08/2024 02:00,WIND,492301,1,HCM,1,62122,1011,240,8,240,17,149,6,6,6,6,6,NA,NA,NA,NA,20/08/2024 02:02,0
20/08/2024 03:00,WIND,492301,1,HCM,1,62122,1011,240,10,240,19,207,6,6,6,6,6,NA,NA,NA,NA,20/08/2024 03:02,0
20/08/2024 04:00,WIND,492301,1,HCM,1,62122,1011,230,7,260,16,315,6,6,6,6,6,NA,NA,NA,NA,20/08/2024 04:02,0
20/08/2024 05:00,WIND,492301,1,HCM,1,62122,1011,220,5,270,11,412,6,6,6,6,6,NA,NA,NA,NA,20/08/2024 05:02,0
20/08/2024 06:00,WIND,492301,1,HCM,1,62122,1011,200,5,190,9,540,6,6,6,6,6,NA,NA,NA,NA,20/08/2024 06:03,0
20/08/2024 07:00,WIND,492301,1,HCM,1,62122,1011,190,6,190,12,646,6,6,6,6,6,NA,NA,NA,NA,20/08/2024 07:02,0
20/08/2024 08:00,WIND,492301,1,HCM,1,62122,1011,200,7,200,15,738,6,6,6,6,6,NA,NA,NA,NA,20/08/2024 08:02,0
20/08/2024 09:00,WIND,492301,1,HCM,1,62122,1011,220,8,250,24,847,6,6,6,6,6,NA,NA,NA,NA,20/08/2024 09:03,0
20/08/2024 10:00,WIND,492301,1,HCM,1,62122,1011,250,12,240,24,853,6,6,6,6,6,NA,NA,NA,NA,20/08/2024 10:02,0
20/08/2024 11:00,WIND,492301,1,HCM,1,62122,1011,250,11,220,20,1045,6,6,6,6,6,NA,NA,NA,NA,20/08/2024 11:02,0
20/08/2024 12:00,WIND,492301,1,HCM,1,62122,1011,250,11,230,27,1118,6,6,6,6,6,NA,NA,NA,NA,20/08/2024 12:02,0
20/08/2024 13:00,WIND,492301,1,HCM,1,62122,1011,240,13,230,24,1245,6,6,6,6,6,NA,NA,NA,NA,20/08/2024 13:02,0
20/08/2024 14:00,WIND,492301,1,HCM,1,62122,1011,240,15,260,26,1257,6,6,6,6,6,NA,NA,NA,NA,20/08/2024 14:02,0
20/08/2024 15:00,WIND,492301,1,HCM,1,62122,1011,240,16,250,27,1356,6,6,6,6,6,NA,NA,NA,NA,20/08/2024 15:02,0
20/08/2024 16:00,WIND,492301,1,HCM,1,62122,1011,240,16,230,28,1509,6,6,6,6,6,NA,NA,NA,NA,20/08/2024 16:02,0
20/08/2024 17:00,WIND,492301,1,HCM,1,62122,1011,240,16,250,27,1611,6,6,6,6,6,NA,NA,NA,NA,20/08/2024 17:02,0
20/08/2024 18:00,WIND,492301,1,HCM,1,62122,1011,250,13,230,22,1712,6,6,6,6,6,NA,NA,NA,NA,20/08/2024 18:02,0
20/08/2024 19:00,WIND,492301,1,HCM,1,62122,1011,250,12,230,23,1802,6,6,6,6,6,NA,NA,NA,NA,20/08/2024 19:02,0
20/08/2024 20:00,WIND,492301,1,HCM,1,62122,1011,250,11,260,19,1918,6,6,6,6,6,NA,NA,NA,NA,20/08/2024 20:02,0
20/08/2024 21:00,WIND,492301,1,HCM,1,62122,1011,250,12,250,20,2043,6,6,6,6,6,NA,NA,NA,NA,20/08/2024 21:03,0
20/08/2024 22:00,WIND,492301,1,HCM,1,62122,1011,250,11,250,21,2148,6,6,6,6,6,NA,NA,NA,NA,20/08/2024 22:02,0
20/08/2024 23:00,WIND,492301,1,HCM,1,62122,1011,250,11,260,19,2228,6,6,6,6,6,NA,NA,NA,NA,20/08/2024 23:02,0
21/08/2024 00:00,WIND,492301,1,HCM,1,62122,1011,250,8,250,19,2255,6,6,6,6,6,NA,NA,NA,NA,21/08/2024 00:03,0
21/08/2024 01:00,WIND,492301,1,HCM,1,62122,1011,250,9,260,17,25,6,6,6,6,6,NA,NA,NA,NA,21/08/2024 01:02,0
21/08/2024 02:00,WIND,492301,1,HCM,1,62122,1011,250,9,250,18,59,6,6,6,6,6,NA,NA,NA,NA,21/08/2024 02:02,0
21/08/2024 03:00,WIND,492301,1,HCM,1,62122,1011,260,5,250,11,242,6,6,6,6,6,NA,NA,NA,NA,21/08/2024 03:02,0
21/08/2024 04:00,WIND,492301,1,HCM,1,62122,1011,250,8,240,12,314,6,6,6,6,6,NA,NA,NA,NA,21/08/2024 04:02,0
21/08/2024 05:00,WIND,492301,1,HCM,1,62122,1011,240,5,230,12,352,6,6,6,6,6,NA,NA,NA,NA,21/08/2024 05:02,0
21/08/2024 06:00,WIND,492301,1,HCM,1,62122,1011,180,2,220,6,453,6,6,6,6,6,NA,NA,NA,NA,21/08/2024 06:03,0
21/08/2024 07:00,WIND,492301,1,HCM,1,62122,1011,230,3,250,7,643,6,6,6,6,6,NA,NA,NA,NA,21/08/2024 07:02,0
21/08/2024 08:00,WIND,492301,1,HCM,1,62122,1011,260,5,260,12,748,6,6,6,6,6,NA,NA,NA,NA,21/08/2024 08:02,0
21/08/2024 09:00,WIND,492301,1,HCM,1,62122,1011,240,9,200,15,845,6,6,6,6,6,NA,NA,NA,NA,21/08/2024 09:03,0
21/08/2024 10:00,WIND,492301,1,HCM,1,62122,1011,250,10,250,18,854,6,6,6,6,6,NA,NA,NA,NA,21/08/2024 10:02,0
21/08/2024 16:00,WIND,492301,1,HCM,1,62122,1011,240,11,250,18,1517,6,6,6,6,6,NA,NA,NA,NA,21/08/2024 16:03,0
21/08/2024 17:00,WIND,492301,1,HCM,1,62122,1011,230,11,210,21,1625,6,6,6,6,6,NA,NA,NA,NA,21/08/2024 17:03,0
21/08/2024 18:00,WIND,492301,1,HCM,1,62122,1011,230,10,200,18,1653,6,6,6,6,6,NA,NA,NA,NA,21/08/2024 18:03,0
21/08/2024 19:00,WIND,492301,1,HCM,1,62122,1011,220,9,230,18,1816,6,6,6,6,6,NA,NA,NA,NA,21/08/2024 19:03,0
21/08/2024 20:00,WIND,492301,1,HCM,1,62122,1011,210,7,230,15,1855,6,6,6,6,6,NA,NA,NA,NA,21/08/2024 20:03,0
21/08/2024 21:00,WIND,492301,1,HCM,1,62122,1011,210,9,210,20,2046,6,6,6,6,6,NA,NA,NA,NA,21/08/2024 21:03,0
21/08/2024 22:00,WIND,492301,1,HCM,1,62122,1011,210,8,210,17,2051,6,6,6,6,6,NA,NA,NA,NA,21/08/2024 22:03,0
21/08/2024 23:00,WIND,492301,1,HCM,1,62122,1011,210,10,190,20,2238,6,6,6,6,6,NA,NA,NA,NA,21/08/2024 23:03,0
22/08/2024 00:00,WIND,492301,1,HCM,1,62122,1011,210,9,200,19,2321,6,6,6,6,6,NA,NA,NA,NA,22/08/2024 00:03,0
22/08/2024 01:00,WIND,492301,1,HCM,1,62122,1011,200,7,190,16,36,6,6,6,6,6,NA,NA,NA,NA,22/08/2024 01:03,0
22/08/2024 02:00,WIND,492301,1,HCM,1,62122,1011,200,9,210,19,59,6,6,6,6,6,NA,NA,NA,NA,22/08/2024 02:03,0
22/08/2024 03:00,WIND,492301,1,HCM,1,62122,1011,210,9,190,21,217,6,6,6,6,6,NA,NA,NA,NA,22/08/2024 03:03,0
22/08/2024 04:00,WIND,492301,1,HCM,1,62122,1011,200,10,200,22,349,6,6,6,6,6,NA,NA,NA,NA,22/08/2024 04:03,0
22/08/2024 05:00,WIND,492301,1,HCM,1,62122,1011,200,11,180,21,406,6,6,6,6,6,NA,NA,NA,NA,22/08/2024 05:03,0
22/08/2024 06:00,WIND,492301,1,HCM,1,62122,1011,200,10,190,23,517,6,6,6,6,6,NA,NA,NA,NA,22/08/2024 06:03,0
22/08/2024 07:00,WIND,492301,1,HCM,1,62122,1011,200,11,200,20,638,6,6,6,6,6,NA,NA,NA,NA,22/08/2024 07:03,0
22/08/2024 08:00,WIND,492301,1,HCM,1,62122,1011,200,11,200,21,739,6,6,6,6,6,NA,NA,NA,NA,22/08/2024 08:03,0
22/08/2024 09:00,WIND,492301,1,HCM,1,62122,1011,210,12,180,23,839,6,6,6,6,6,NA,NA,NA,NA,22/08/2024 09:03,0
22/08/2024 10:00,WIND,492301,1,HCM,1,62122,1011,210,13,210,26,918,6,6,6,6,6,NA,NA,NA,NA,22/08/2024 10:03,0
22/08/2024 11:00,WIND,492301,1,HCM,1,62122,1011,220,12,230,28,1042,6,6,6,6,6,NA,NA,NA,NA,22/08/2024 11:03,0
22/08/2024 12:00,WIND,492301,1,HCM,1,62122,1011,240,13,250,28,1100,6,6,6,6,6,NA,NA,NA,NA,22/08/2024 12:03,0
22/08/2024 13:00,WIND,492301,1,HCM,1,62122,1011,240,16,250,28,1233,6,6,6,6,6,NA,NA,NA,NA,22/08/2024 13:03,0
22/08/2024 14:00,WIND,492301,1,HCM,1,62122,1011,240,15,240,26,1318,6,6,6,6,6,NA,NA,NA,NA,22/08/2024 14:03,0
22/08/2024 15:00,WIND,492301,1,HCM,1,62122,1011,240,16,260,27,1400,6,6,6,6,6,NA,NA,NA,NA,22/08/2024 15:03,0
22/08/2024 16:00,WIND,492301,1,HCM,1,62122,1011,240,14,250,24,1450,6,6,6,6,6,NA,NA,NA,NA,22/08/2024 16:03,0
22/08/2024 17:00,WIND,492301,1,HCM,1,62122,1011,250,14,260,25,1624,6,6,6,6,6,NA,NA,NA,NA,22/08/2024 17:03,0
22/08/2024 18:00,WIND,492301,1,HCM,1,62122,1011,250,11,260,22,1716,6,6,6,6,6,NA,NA,NA,NA,22/08/2024 18:03,0
22/08/2024 19:00,WIND,492301,1,HCM,1,62122,1011,240,10,240,18,1802,6,6,6,6,6,NA,NA,NA,NA,22/08/2024 19:03,0
22/08/2024 20:00,WIND,492301,1,HCM,1,62122,1011,240,10,250,19,1858,6,6,6,6,6,NA,NA,NA,NA,22/08/2024 20:03,0
22/08/2024 21:00,WIND,492301,1,HCM,1,62122,1011,230,7,250,16,1951,6,6,6,6,6,NA,NA,NA,NA,22/08/2024 21:03,0
22/08/2024 22:00,WIND,492301,1,HCM,1,62122,1011,210,7,210,13,2133,6,6,6,6,6,NA,NA,NA,NA,22/08/2024 22:03,0
22/08/2024 23:00,WIND,492301,1,HCM,1,62122,1011,210,7,200,12,2150,6,6,6,6,6,NA,NA,NA,NA,22/08/2024 23:03,0
23/08/2024 00:00,WIND,492301,1,HCM,1,62122,1011,200,7,200,13,2303,6,6,6,6,6,NA,NA,NA,NA,23/08/2024 00:03,0
23/08/2024 01:00,WIND,492301,1,HCM,1,62122,1011,180,6,180,16,49,6,6,6,6,6,NA,NA,NA,NA,23/08/2024 01:03,0
23/08/2024 02:00,WIND,492301,1,HCM,1,62122,1011,180,9,180,19,132,6,6,6,6,6,NA,NA,NA,NA,23/08/2024 02:03,0
23/08/2024 03:00,WIND,492301,1,HCM,1,62122,1011,190,13,210,27,235,6,6,6,6,6,NA,NA,NA,NA,23/08/2024 03:03,0
23/08/2024 04:00,WIND,492301,1,HCM,1,62122,1011,200,14,200,32,333,6,6,6,6,6,NA,NA,NA,NA,23/08/2024 04:03,0
23/08/2024 05:00,WIND,492301,1,HCM,1,62122,1011,220,18,220,36,431,6,6,6,6,6,NA,NA,NA,NA,23/08/2024 05:03,0
23/08/2024 06:00,WIND,492301,1,HCM,1,62122,1011,250,21,240,39,459,6,6,6,6,6,NA,NA,NA,NA,23/08/2024 06:03,0
23/08/2024 07:00,WIND,492301,1,HCM,1,62122,1011,250,14,270,25,608,6,6,6,6,6,NA,NA,NA,NA,23/08/2024 07:03,0
23/08/2024 08:00,WIND,492301,1,HCM,1,62122,1011,250,13,230,24,732,6,6,6,6,6,NA,NA,NA,NA,23/08/2024 08:03,0
23/08/2024 09:00,WIND,492301,1,HCM,1,62122,1011,260,12,240,22,805,6,6,6,6,6,NA,NA,NA,NA,23/08/2024 09:03,0
23/08/2024 10:00,WIND,492301,1,HCM,1,62122,1011,260,11,240,21,917,6,6,6,6,6,NA,NA,NA,NA,23/08/2024 10:03,0
23/08/2024 11:00,WIND,492301,1,HCM,1,62122,1011,250,12,250,21,1015,6,6,6,6,6,NA,NA,NA,NA,23/08/2024 11:03,0
23/08/2024 12:00,WIND,492301,1,HCM,1,62122,1011,240,12,260,20,1138,6,6,6,6,6,NA,NA,NA,NA,23/08/2024 12:03,0
23/08/2024 13:00,WIND,492301,1,HCM,1,62122,1011,240,13,240,23,1240,6,6,6,6,6,NA,NA,NA,NA,23/08/2024 13:03,0
23/08/2024 14:00,WIND,492301,1,HCM,1,62122,1011,230,13,250,22,1303,6,6,6,6,6,NA,NA,NA,NA,23/08/2024 14:03,0
23/08/2024 15:00,WIND,492301,1,HCM,1,62122,1011,240,13,240,20,1424,6,6,6,6,6,NA,NA,NA,NA,23/08/2024 15:03,0
23/08/2024 16:00,WIND,492301,1,HCM,1,62122,1011,240,12,240,20,1547,6,6,6,6,6,NA,NA,NA,NA,23/08/2024 16:03,0
23/08/2024 17:00,WIND,492301,1,HCM,1,62122,1011,240,11,250,19,1625,6,6,6,6,6,NA,NA,NA,NA,23/08/2024 17:03,0
23/08/2024 18:00,WIND,492301,1,HCM,1,62122,1011,240,8,240,16,1702,6,6,6,6,6,NA,NA,NA,NA,23/08/2024 18:03,0
23/08/2024 19:00,WIND,492301,1,HCM,1,62122,1011,250,7,250,13,1800,6,6,6,6,6,NA,NA,NA,NA,23/08/2024 19:03,0
23/08/2024 20:00,WIND,492301,1,HCM,1,62122,1011,240,5,250,10,1918,6,6,6,6,6,NA,NA,NA,NA,23/08/2024 20:03,0
23/08/2024 21:00,WIND,492301,1,HCM,1,62122,1011,210,4,180,8,2045,6,6,6,6,6,NA,NA,NA,NA,23/08/2024 21:03,0
23/08/2024 22:00,WIND,492301,1,HCM,1,62122,1011,200,6,210,14,2149,6,6,6,6,6,NA,NA,NA,NA,23/08/2024 22:03,0
23/08/2024 23:00,WIND,492301,1,HCM,1,62122,1011,200,6,210,13,2151,6,6,6,6,6,NA,NA,NA,NA,23/08/2024 23:03,0
24/08/2024 00:00,WIND,492301,1,HCM,1,62122,1011,190,7,160,14,2349,6,6,6,6,6,NA,NA,NA,NA,24/08/2024 00:03,0
24/08/2024 01:00,WIND,492301,1,HCM,1,62122,1011,200,7,190,14,14,6,6,6,6,6,NA,NA,NA,NA,24/08/2024 01:03,0
24/08/2024 02:00,WIND,492301,1,HCM,1,62122,1011,190,5,190,11,51,6,6,6,6,6,NA,NA,NA,NA,24/08/2024 02:03,0
24/08/2024 03:00,WIND,492301,1,HCM,1,62122,1011,190,4,110,8,221,6,6,6,6,6,NA,NA,NA,NA,24/08/2024 03:03,0
24/08/2024 04:00,WIND,492301,1,HCM,1,62122,1011,160,3,140,10,300,6,6,6,6,6,NA,NA,NA,NA,24/08/2024 04:03,0
24/08/2024 05:00,WIND,492301,1,HCM,1,62122,1011,180,3,130,5,407,6,6,6,6,6,NA,NA,NA,NA,24/08/2024 05:03,0
24/08/2024 06:00,WIND,492301,1,HCM,1,62122,1011,190,5,180,11,532,6,6,6,6,6,NA,NA,NA,NA,24/08/2024 06:03,0
24/08/2024 07:00,WIND,492301,1,HCM,1,62122,1011,180,5,190,10,636,6,6,6,6,6,NA,NA,NA,NA,24/08/2024 07:03,0
24/08/2024 08:00,WIND,492301,1,HCM,1,62122,1011,170,4,190,7,658,6,6,6,6,6,NA,NA,NA,NA,24/08/2024 08:03,0
24/08/2024 09:00,WIND,492301,1,HCM,1,62122,1011,190,3,180,6,754,6,6,6,6,6,NA,NA,NA,NA,24/08/2024 09:03,0
24/08/2024 10:00,WIND,492301,1,HCM,1,62122,1011,240,5,250,12,944,6,6,6,6,6,NA,NA,NA,NA,24/08/2024 10:03,0
24/08/2024 11:00,WIND,492301,1,HCM,1,62122,1011,260,7,250,11,1037,6,6,6,6,6,NA,NA,NA,NA,24/08/2024 11:03,0
24/08/2024 12:00,WIND,492301,1,HCM,1,62122,1011,250,6,270,11,1117,6,6,6,6,6,NA,NA,NA,NA,24/08/2024 12:03,0
24/08/2024 13:00,WIND,492301,1,HCM,1,62122,1011,250,7,250,15,1249,6,6,6,6,6,NA,NA,NA,NA,24/08/2024 13:03,0
24/08/2024 14:00,WIND,492301,1,HCM,1,62122,1011,240,12,240,23,1335,6,6,6,6,6,NA,NA,NA,NA,24/08/2024 14:03,0
24/08/2024 15:00,WIND,492301,1,HCM,1,62122,1011,250,14,240,24,1448,6,6,6,6,6,NA,NA,NA,NA,24/08/2024 15:03,0
24/08/2024 16:00,WIND,492301,1,HCM,1,62122,1011,240,15,240,26,1512,6,6,6,6,6,NA,NA,NA,NA,24/08/2024 16:03,0
24/08/2024 17:00,WIND,492301,1,HCM,1,62122,1011,250,14,240,24,1557,6,6,6,6,6,NA,NA,NA,NA,24/08/2024 17:03,0
24/08/2024 18:00,WIND,492301,1,HCM,1,62122,1011,250,13,260,22,1716,6,6,6,6,6,NA,NA,NA,NA,24/08/2024 18:03,0
24/08/2024 19:00,WIND,492301,1,HCM,1,62122,1011,260,9,280,22,1802,6,6,6,6,6,NA,NA,NA,NA,24/08/2024 19:03,0
24/08/2024 20:00,WIND,492301,1,HCM,1,62122,1011,250,11,240,18,1938,6,6,6,6,6,NA,NA,NA,NA,24/08/2024 20:03,0
24/08/2024 21:00,WIND,492301,1,HCM,1,62122,1011,250,9,260,16,2033,6,6,6,6,6,NA,NA,NA,NA,24/08/2024 21:03,0
24/08/2024 22:00,WIND,492301,1,HCM,1,62122,1011,250,8,250,17,2051,6,6,6,6,6,NA,NA,NA,NA,24/08/2024 22:03,0
24/08/2024 23:00,WIND,492301,1,HCM,1,62122,1011,240,6,250,11,2203,6,6,6,6,6,NA,NA,NA,NA,24/08/2024 23:03,0
25/08/2024 00:00,WIND,492301,1,HCM,1,62122,1011,250,6,260,11,2329,6,6,6,6,6,NA,NA,NA,NA,25/08/2024 00:03,0
25/08/2024 01:00,WIND,492301,1,HCM,1,62122,1011,230,3,230,8,47,6,6,6,6,6,NA,NA,NA,NA,25/08/2024 01:03,0
25/08/2024 02:00,WIND,492301,1,HCM,1,62122,1011,250,5,270,9,104,6,6,6,6,6,NA,NA,NA,NA,25/08/2024 02:03,0
25/08/2024 03:00,WIND,492301,1,HCM,1,62122,1011,250,3,250,9,150,6,6,6,6,6,NA,NA,NA,NA,25/08/2024 03:03,0
25/08/2024 04:00,WIND,492301,1,HCM,1,62122,1011,240,3,240,7,316,6,6,6,6,6,NA,NA,NA,NA,25/08/2024 04:03,0
25/08/2024 05:00,WIND,492301,1,HCM,1,62122,1011,190,2,230,5,404,6,6,6,6,6,NA,NA,NA,NA,25/08/2024 05:03,0
25/08/2024 06:00,WIND,492301,1,HCM,1,62122,1011,180,3,200,6,534,6,6,6,6,6,NA,NA,NA,NA,25/08/2024 06:03,0
25/08/2024 07:00,WIND,492301,1,HCM,1,62122,1011,190,5,200,10,646,6,6,6,6,6,NA,NA,NA,NA,25/08/2024 07:03,0
25/08/2024 08:00,WIND,492301,1,HCM,1,62122,1011,200,6,210,13,734,6,6,6,6,6,NA,NA,NA,NA,25/08/2024 08:03,0
25/08/2024 09:00,WIND,492301,1,HCM,1,62122,1011,210,10,220,17,818,6,6,6,6,6,NA,NA,NA,NA,25/08/2024 09:03,0
25/08/2024 10:00,WIND,492301,1,HCM,1,62122,1011,220,10,220,21,942,6,6,6,6,6,NA,NA,NA,NA,25/08/2024 10:03,0
25/08/2024 11:00,WIND,492301,1,HCM,1,62122,1011,220,12,250,23,1034,6,6,6,6,6,NA,NA,NA,NA,25/08/2024 11:03,0
25/08/2024 12:00,WIND,492301,1,HCM,1,62122,1011,210,12,250,22,1050,6,6,6,6,6,NA,NA,NA,NA,25/08/2024 12:03,0
25/08/2024 13:00,WIND,492301,1,HCM,1,62122,1011,210,12,240,24,1249,6,6,6,6,6,NA,NA,NA,NA,25/08/2024 13:03,0
25/08/2024 14:00,WIND,492301,1,HCM,1,62122,1011,240,11,210,27,1302,6,6,6,6,6,NA,NA,NA,NA,25/08/2024 14:03,0
25/08/2024 15:00,WIND,492301,1,HCM,1,62122,1011,220,10,220,21,1448,6,6,6,6,6,NA,NA,NA,NA,25/08/2024 15:03,0
25/08/2024 16:00,WIND,492301,1,HCM,1,62122,1011,220,13,190,26,1512,6,6,6,6,6,NA,NA,NA,NA,25/08/2024 16:03,0
25/08/2024 17:00,WIND,492301,1,HCM,1,62122,1011,210,10,210,22,1612,6,6,6,6,6,NA,NA,NA,NA,25/08/2024 17:03,0
25/08/2024 18:00,WIND,492301,1,HCM,1,62122,1011,220,11,210,23,1729,6,6,6,6,6,NA,NA,NA,NA,25/08/2024 18:03,0
25/08/2024 19:00,WIND,492301,1,HCM,1,62122,1011,220,10,210,19,1803,6,6,6,6,6,NA,NA,NA,NA,25/08/2024 19:03,0
25/08/2024 20:00,WIND,492301,1,HCM,1,62122,1011,210,8,260,18,1943,6,6,6,6,6,NA,NA,NA,NA,25/08/2024 20:03,0
25/08/2024 21:00,WIND,492301,1,HCM,1,62122,1011,230,10,230,22,2005,6,6,6,6,6,NA,NA,NA,NA,25/08/2024 21:03,0
25/08/2024 22:00,WIND,492301,1,HCM,1,62122,1011,210,8,220,15,2117,6,6,6,6,6,NA,NA,NA,NA,25/08/2024 22:03,0
25/08/2024 23:00,WIND,492301,1,HCM,1,62122,1011,200,7,200,14,2224,6,6,6,6,6,NA,NA,NA,NA,25/08/2024 23:03,0
26/08/2024 00:00,WIND,492301,1,HCM,1,62122,1011,200,8,190,15,2330,6,6,6,6,6,NA,NA,NA,NA,26/08/2024 00:03,0
26/08/2024 01:00,WIND,492301,1,HCM,1,62122,1011,200,6,190,15,1,6,6,6,6,6,NA,NA,NA,NA,26/08/2024 01:03,0
26/08/2024 02:00,WIND,492301,1,HCM,1,62122,1011,200,6,200,15,144,6,6,6,6,6,NA,NA,NA,NA,26/08/2024 02:03,0
26/08/2024 03:00,WIND,492301,1,HCM,1,62122,1011,210,7,220,15,150,6,6,6,6,6,NA,NA,NA,NA,26/08/2024 03:03,0
26/08/2024 04:00,WIND,492301,1,HCM,1,62122,1011,200,5,200,12,317,6,6,6,6,6,NA,NA,NA,NA,26/08/2024 04:03,0
26/08/2024 05:00,WIND,492301,1,HCM,1,62122,1011,190,5,190,10,356,6,6,6,6,6,NA,NA,NA,NA,26/08/2024 05:03,0
26/08/2024 06:00,WIND,492301,1,HCM,1,62122,1011,200,6,200,12,540,6,6,6,6,6,NA,NA,NA,NA,26/08/2024 06:04,0
26/08/2024 07:00,WIND,492301,1,HCM,1,62122,1011,210,6,220,12,623,6,6,6,6,6,NA,NA,NA,NA,26/08/2024 07:03,0
26/08/2024 08:00,WIND,492301,1,HCM,1,62122,1011,220,6,220,11,748,6,6,6,6,6,NA,NA,NA,NA,26/08/2024 08:03,0
26/08/2024 09:00,WIND,492301,1,HCM,1,62122,1011,230,7,230,12,824,6,6,6,6,6,NA,NA,NA,NA,26/08/2024 09:03,0
26/08/2024 10:00,WIND,492301,1,HCM,1,62122,1011,240,6,230,13,924,6,6,6,6,6,NA,NA,NA,NA,26/08/2024 10:03,0
26/08/2024 11:00,WIND,492301,1,HCM,1,62122,1011,240,9,260,20,1045,6,6,6,6,6,NA,NA,NA,NA,26/08/2024 11:03,0
26/08/2024 12:00,WIND,492301,1,HCM,1,62122,1011,240,9,250,18,1050,6,6,6,6,6,NA,NA,NA,NA,26/08/2024 12:03,0
26/08/2024 13:00,WIND,492301,1,HCM,1,62122,1011,250,11,240,18,1225,6,6,6,6,6,NA,NA,NA,NA,26/08/2024 13:03,0
26/08/2024 14:00,WIND,492301,1,HCM,1,62122,1011,250,9,260,15,1306,6,6,6,6,6,NA,NA,NA,NA,26/08/2024 14:03,0
26/08/2024 15:00,WIND,492301,1,HCM,1,62122,1011,250,9,270,15,1354,6,6,6,6,6,NA,NA,NA,NA,26/08/2024 15:03,0
26/08/2024 16:00,WIND,492301,1,HCM,1,62122,1011,250,9,250,14,1531,6,6,6,6,6,NA,NA,NA,NA,26/08/2024 16:03,0
26/08/2024 17:00,WIND,492301,1,HCM,1,62122,1011,240,8,250,16,1624,6,6,6,6,6,NA,NA,NA,NA,26/08/2024 17:03,0
26/08/2024 18:00,WIND,492301,1,HCM,1,62122,1011,260,6,260,13,1656,6,6,6,6,6,NA,NA,NA,NA,26/08/2024 18:03,0
26/08/2024 19:00,WIND,492301,1,HCM,1,62122,1011,220,4,210,7,1828,6,6,6,6,6,NA,NA,NA,NA,26/08/2024 19:03,0
26/08/2024 20:00,WIND,492301,1,HCM,1,62122,1011,190,3,200,5,1851,6,6,6,6,6,NA,NA,NA,NA,26/08/2024 20:03,0
26/08/2024 21:00,WIND,492301,1,HCM,1,62122,1011,180,3,150,5,2044,6,6,6,6,6,NA,NA,NA,NA,26/08/2024 21:03,0
26/08/2024 22:00,WIND,492301,1,HCM,1,62122,1011,190,5,160,10,2147,6,6,6,6,6,NA,NA,NA,NA,26/08/2024 22:03,0
26/08/2024 23:00,WIND,492301,1,HCM,1,62122,1011,170,5,170,11,2220,6,6,6,6,6,NA,NA,NA,NA,26/08/2024 23:03,0
27/08/2024 00:00,WIND,492301,1,HCM,1,62122,1011,190,5,190,10,2339,6,6,6,6,6,NA,NA,NA,NA,27/08/2024 00:03,0
27/08/2024 01:00,WIND,492301,1,HCM,1,62122,1011,180,6,190,13,14,6,6,6,6,6,NA,NA,NA,NA,27/08/2024 01:03,0
27/08/2024 02:00,WIND,492301,1,HCM,1,62122,1011,200,7,190,15,101,6,6,6,6,6,NA,NA,NA,NA,27/08/2024 02:03,0
27/08/2024 03:00,WIND,492301,1,HCM,1,62122,1011,170,4,190,8,156,6,6,6,6,6,NA,NA,NA,NA,27/08/2024 03:03,0
27/08/2024 04:00,WIND,492301,1,HCM,1,62122,1011,170,5,170,10,324,6,6,6,6,6,NA,NA,NA,NA,27/08/2024 04:03,0
27/08/2024 05:00,WIND,492301,1,HCM,1,62122,1011,160,4,160,10,355,6,6,6,6,6,NA,NA,NA,NA,27/08/2024 05:03,0
27/08/2024 06:00,WIND,492301,1,HCM,1,62122,1011,160,5,140,10,546,6,6,6,6,6,NA,NA,NA,NA,27/08/2024 06:03,0
27/08/2024 07:00,WIND,492301,1,HCM,1,62122,1011,170,5,160,10,550,6,6,6,6,6,NA,NA,NA,NA,27/08/2024 07:03,0
27/08/2024 08:00,WIND,492301,1,HCM,1,62122,1011,170,5,180,9,652,6,6,6,6,6,NA,NA,NA,NA,27/08/2024 08:03,0
27/08/2024 09:00,WIND,492301,1,HCM,1,62122,1011,160,7,180,13,848,6,6,6,6,6,NA,NA,NA,NA,27/08/2024 09:03,0
27/08/2024 10:00,WIND,492301,1,HCM,1,62122,1011,170,8,190,17,929,6,6,6,6,6,NA,NA,NA,NA,27/08/2024 10:03,0
27/08/2024 11:00,WIND,492301,1,HCM,1,62122,1011,190,8,230,18,1006,6,6,6,6,6,NA,NA,NA,NA,27/08/2024 11:03,0
27/08/2024 12:00,WIND,492301,1,HCM,1,62122,1011,210,9,230,19,1140,6,6,6,6,6,NA,NA,NA,NA,27/08/2024 12:03,0
27/08/2024 13:00,WIND,492301,1,HCM,1,62122,1011,200,9,180,18,1234,6,6,6,6,6,NA,NA,NA,NA,27/08/2024 13:03,0
27/08/2024 14:00,WIND,492301,1,HCM,1,62122,1011,190,10,180,21,1332,6,6,6,6,6,NA,NA,NA,NA,27/08/2024 14:03,0
27/08/2024 15:00,WIND,492301,1,HCM,1,62122,1011,180,9,200,18,1427,6,6,6,6,6,NA,NA,NA,NA,27/08/2024 15:03,0
27/08/2024 16:00,WIND,492301,1,HCM,1,62122,1011,190,9,160,18,1515,6,6,6,6,6,NA,NA,NA,NA,27/08/2024 16:03,0
27/08/2024 17:00,WIND,492301,1,HCM,1,62122,1011,180,7,160,15,1641,6,6,6,6,6,NA,NA,NA,NA,27/08/2024 17:03,0
27/08/2024 18:00,WIND,492301,1,HCM,1,62122,1011,180,6,160,12,1703,6,6,6,6,6,NA,NA,NA,NA,27/08/2024 18:07,0
27/08/2024 19:00,WIND,492301,1,HCM,1,62122,1011,180,7,170,13,1820,6,6,6,6,6,NA,NA,NA,NA,27/08/2024 19:03,0
27/08/2024 20:00,WIND,492301,1,HCM,1,62122,1011,190,6,180,13,1857,6,6,6,6,6,NA,NA,NA,NA,27/08/2024 20:03,0
27/08/2024 21:00,WIND,492301,1,HCM,1,62122,1011,190,5,210,11,1952,6,6,6,6,6,NA,NA,NA,NA,27/08/2024 21:03,0
27/08/2024 22:00,WIND,492301,1,HCM,1,62122,1011,150,4,160,9,2112,6,6,6,6,6,NA,NA,NA,NA,27/08/2024 22:03,0
27/08/2024 23:00,WIND,492301,1,HCM,1,62122,1011,160,4,150,7,2150,6,6,6,6,6,NA,NA,NA,NA,27/08/2024 23:03,0
28/08/2024 00:00,WIND,492301,1,HCM,1,62122,1011,150,4,160,7,2306,6,6,6,6,6,NA,NA,NA,NA,28/08/2024 00:03,0
28/08/2024 01:00,WIND,492301,1,HCM,1,62122,1011,140,4,150,7,6,6,6,6,6,6,NA,NA,NA,NA,28/08/2024 01:03,0
28/08/2024 02:00,WIND,492301,1,HCM,1,62122,1011,160,4,150,8,128,6,6,6,6,6,NA,NA,NA,NA,28/08/2024 02:03,0
28/08/2024 03:00,WIND,492301,1,HCM,1,62122,1011,190,2,150,5,201,6,6,6,6,6,NA,NA,NA,NA,28/08/2024 03:03,0
28/08/2024 04:00,WIND,492301,1,HCM,1,62122,1011,90,2,80,4,304,6,6,6,6,6,NA,NA,NA,NA,28/08/2024 04:03,0
28/08/2024 05:00,WIND,492301,1,HCM,1,62122,1011,60,3,40,6,446,6,6,6,6,6,NA,NA,NA,NA,28/08/2024 05:03,0
28/08/2024 06:00,WIND,492301,1,HCM,1,62122,1011,80,3,90,5,535,6,6,6,6,6,NA,NA,NA,NA,28/08/2024 06:03,0
28/08/2024 07:00,WIND,492301,1,HCM,1,62122,1011,90,2,80,5,608,6,6,6,6,6,NA,NA,NA,NA,28/08/2024 07:03,0
28/08/2024 08:00,WIND,492301,1,HCM,1,62122,1011,110,3,110,6,733,6,6,6,6,6,NA,NA,NA,NA,28/08/2024 08:03,0
28/08/2024 09:00,WIND,492301,1,HCM,1,62122,1011,170,3,160,7,837,6,6,6,6,6,NA,NA,NA,NA,28/08/2024 09:03,0
28/08/2024 10:00,WIND,492301,1,HCM,1,62122,1011,270,4,330,8,919,6,6,6,6,6,NA,NA,NA,NA,28/08/2024 10:03,0
28/08/2024 11:00,WIND,492301,1,HCM,1,62122,1011,160,4,200,9,953,6,6,6,6,6,NA,NA,NA,NA,28/08/2024 11:03,0
28/08/2024 12:00,WIND,492301,1,HCM,1,62122,1011,350,3,280,7,1137,6,6,6,6,6,NA,NA,NA,NA,28/08/2024 12:03,0
28/08/2024 13:00,WIND,492301,1,HCM,1,62122,1011,270,6,270,13,1229,6,6,6,6,6,NA,NA,NA,NA,28/08/2024 13:03,0
28/08/2024 14:00,WIND,492301,1,HCM,1,62122,1011,250,9,260,15,1334,6,6,6,6,6,NA,NA,NA,NA,28/08/2024 14:03,0
28/08/2024 15:00,WIND,492301,1,HCM,1,62122,1011,260,10,260,16,1433,6,6,6,6,6,NA,NA,NA,NA,28/08/2024 15:03,0
28/08/2024 16:00,WIND,492301,1,HCM,1,62122,1011,260,8,250,17,1450,6,6,6,6,6,NA,NA,NA,NA,28/08/2024 16:03,0
28/08/2024 17:00,WIND,492301,1,HCM,1,62122,1011,250,8,250,15,1648,6,6,6,6,6,NA,NA,NA,NA,28/08/2024 17:03,0
28/08/2024 18:00,WIND,492301,1,HCM,1,62122,1011,250,10,250,17,1735,6,6,6,6,6,NA,NA,NA,NA,28/08/2024 18:03,0
28/08/2024 19:00,WIND,492301,1,HCM,1,62122,1011,240,9,240,16,1815,6,6,6,6,6,NA,NA,NA,NA,28/08/2024 19:03,0
28/08/2024 20:00,WIND,492301,1,HCM,1,62122,1011,240,8,240,14,1918,6,6,6,6,6,NA,NA,NA,NA,28/08/2024 20:03,0
28/08/2024 21:00,WIND,492301,1,HCM,1,62122,1011,250,6,260,11,1951,6,6,6,6,6,NA,NA,NA,NA,28/08/2024 21:03,0
28/08/2024 22:00,WIND,492301,1,HCM,1,62122,1011,250,9,240,17,2121,6,6,6,6,6,NA,NA,NA,NA,28/08/2024 22:03,0
28/08/2024 23:00,WIND,492301,1,HCM,1,62122,1011,250,9,260,15,2216,6,6,6,6,6,NA,NA,NA,NA,28/08/2024 23:03,0
29/08/2024 00:00,WIND,492301,1,HCM,1,62122,1011,250,8,250,12,2342,6,6,6,6,6,NA,NA,NA,NA,29/08/2024 00:03,0
29/08/2024 01:00,WIND,492301,1,HCM,1,62122,1011,250,8,250,13,46,6,6,6,6,6,NA,NA,NA,NA,29/08/2024 01:03,0
29/08/2024 02:00,WIND,492301,1,HCM,1,62122,1011,250,7,250,12,52,6,6,6,6,6,NA,NA,NA,NA,29/08/2024 02:03,0
29/08/2024 03:00,WIND,492301,1,HCM,1,62122,1011,280,4,240,10,156,6,6,6,6,6,NA,NA,NA,NA,29/08/2024 03:03,0
29/08/2024 04:00,WIND,492301,1,HCM,1,62122,1011,220,2,230,5,343,6,6,6,6,6,NA,NA,NA,NA,29/08/2024 04:03,0
29/08/2024 05:00,WIND,492301,1,HCM,1,62122,1011,230,3,240,5,409,6,6,6,6,6,NA,NA,NA,NA,29/08/2024 05:07,0
29/08/2024 06:00,WIND,492301,1,HCM,1,62122,1011,190,2,210,5,544,6,6,6,6,6,NA,NA,NA,NA,29/08/2024 06:03,0
29/08/2024 07:00,WIND,492301,1,HCM,1,62122,1011,230,3,240,5,632,6,6,6,6,6,NA,NA,NA,NA,29/08/2024 07:03,0
29/08/2024 08:00,WIND,492301,1,HCM,1,62122,1011,260,4,260,10,724,6,6,6,6,6,NA,NA,NA,NA,29/08/2024 08:03,0
29/08/2024 09:00,WIND,492301,1,HCM,1,62122,1011,250,6,230,13,845,6,6,6,6,6,NA,NA,NA,NA,29/08/2024 09:03,0
29/08/2024 10:00,WIND,492301,1,HCM,1,62122,1011,250,8,230,14,933,6,6,6,6,6,NA,NA,NA,NA,29/08/2024 10:03,0
29/08/2024 11:00,WIND,492301,1,HCM,1,62122,1011,240,7,250,12,950,6,6,6,6,6,NA,NA,NA,NA,29/08/2024 11:03,0
29/08/2024 12:00,WIND,492301,1,HCM,1,62122,1011,240,9,240,17,1148,6,6,6,6,6,NA,NA,NA,NA,29/08/2024 12:03,0
29/08/2024 13:00,WIND,492301,1,HCM,1,62122,1011,230,11,210,19,1225,6,6,6,6,6,NA,NA,NA,NA,29/08/2024 13:03,0
29/08/2024 14:00,WIND,492301,1,HCM,1,62122,1011,240,11,250,18,1314,6,6,6,6,6,NA,NA,NA,NA,29/08/2024 14:03,0
29/08/2024 15:00,WIND,492301,1,HCM,1,62122,1011,240,11,230,18,1404,6,6,6,6,6,NA,NA,NA,NA,29/08/2024 15:03,0
29/08/2024 16:00,WIND,492301,1,HCM,1,62122,1011,240,11,250,17,1450,6,6,6,6,6,NA,NA,NA,NA,29/08/2024 16:03,0
29/08/2024 17:00,WIND,492301,1,HCM,1,62122,1011,250,10,280,18,1604,6,6,6,6,6,NA,NA,NA,NA,29/08/2024 17:07,0
29/08/2024 18:00,WIND,492301,1,HCM,1,62122,1011,260,8,240,16,1658,6,6,6,6,6,NA,NA,NA,NA,29/08/2024 18:03,0
29/08/2024 19:00,WIND,492301,1,HCM,1,62122,1011,270,4,270,9,1750,6,6,6,6,6,NA,NA,NA,NA,29/08/2024 19:03,0
29/08/2024 20:00,WIND,492301,1,HCM,1,62122,1011,250,5,240,11,1913,6,6,6,6,6,NA,NA,NA,NA,29/08/2024 20:03,0
29/08/2024 21:00,WIND,492301,1,HCM,1,62122,1011,250,5,260,8,2022,6,6,6,6,6,NA,NA,NA,NA,29/08/2024 21:03,0
29/08/2024 22:00,WIND,492301,1,HCM,1,62122,1011,250,4,250,7,2131,6,6,6,6,6,NA,NA,NA,NA,29/08/2024 22:03,0
29/08/2024 23:00,WIND,492301,1,HCM,1,62122,1011,260,4,270,7,2206,6,6,6,6,6,NA,NA,NA,NA,29/08/2024 23:03,0
30/08/2024 00:00,WIND,492301,1,HCM,1,62122,1011,250,2,240,4,2250,6,6,6,6,6,NA,NA,NA,NA,30/08/2024 00:03,0
30/08/2024 01:00,WIND,492301,1,HCM,1,62122,1011,250,1,300,2,49,6,6,6,6,6,NA,NA,NA,NA,30/08/2024 01:03,0
30/08/2024 02:00,WIND,492301,1,HCM,1,62122,1011,160,2,280,4,54,6,6,6,6,6,NA,NA,NA,NA,30/08/2024 02:03,0
30/08/2024 03:00,WIND,492301,1,HCM,1,62122,1011,100,1,110,3,237,6,6,6,6,6,NA,NA,NA,NA,30/08/2024 03:03,0
30/08/2024 04:00,WIND,492301,1,HCM,1,62122,1011,360,1,90,3,329,6,6,6,6,6,NA,NA,NA,NA,30/08/2024 04:03,0
30/08/2024 05:00,WIND,492301,1,HCM,1,62122,1011,90,1,110,3,400,6,6,6,6,6,NA,NA,NA,NA,30/08/2024 05:03,0
30/08/2024 06:00,WIND,492301,1,HCM,1,62122,1011,70,2,340,4,500,6,6,6,6,6,NA,NA,NA,NA,30/08/2024 06:03,0
30/08/2024 07:00,WIND,492301,1,HCM,1,62122,1011,60,2,70,4,649,6,6,6,6,6,NA,NA,NA,NA,30/08/2024 07:03,0
30/08/2024 08:00,WIND,492301,1,HCM,1,62122,1011,50,3,50,6,656,6,6,6,6,6,NA,NA,NA,NA,30/08/2024 08:03,0
30/08/2024 09:00,WIND,492301,1,HCM,1,62122,1011,60,3,90,7,838,6,6,6,6,6,NA,NA,NA,NA,30/08/2024 09:03,0
30/08/2024 10:00,WIND,492301,1,HCM,1,62122,1011,40,4,60,7,938,6,6,6,6,6,NA,NA,NA,NA,30/08/2024 10:03,0
30/08/2024 11:00,WIND,492301,1,HCM,1,62122,1011,50,4,20,9,1046,6,6,6,6,6,NA,NA,NA,NA,30/08/2024 11:03,0
30/08/2024 12:00,WIND,492301,1,HCM,1,62122,1011,40,5,50,11,1149,6,6,6,6,6,NA,NA,NA,NA,30/08/2024 12:03,0
30/08/2024 13:00,WIND,492301,1,HCM,1,62122,1011,70,6,60,12,1200,6,6,6,6,6,NA,NA,NA,NA,30/08/2024 13:03,0
30/08/2024 14:00,WIND,492301,1,HCM,1,62122,1011,60,6,80,12,1320,6,6,6,6,6,NA,NA,NA,NA,30/08/2024 14:03,0
30/08/2024 15:00,WIND,492301,1,HCM,1,62122,1011,70,7,50,14,1425,6,6,6,6,6,NA,NA,NA,NA,30/08/2024 15:03,0
30/08/2024 16:00,WIND,492301,1,HCM,1,62122,1011,60,7,70,12,1523,6,6,6,6,6,NA,NA,NA,NA,30/08/2024 16:03,0
30/08/2024 17:00,WIND,492301,1,HCM,1,62122,1011,60,7,70,14,1639,6,6,6,6,6,NA,NA,NA,NA,30/08/2024 17:03,0
30/08/2024 18:00,WIND,492301,1,HCM,1,62122,1011,60,6,60,12,1744,6,6,6,6,6,NA,NA,NA,NA,30/08/2024 18:03,0
30/08/2024 19:00,WIND,492301,1,HCM,1,62122,1011,50,4,40,10,1750,6,6,6,6,6,NA,NA,NA,NA,30/08/2024 19:03,0
30/08/2024 20:00,WIND,492301,1,HCM,1,62122,1011,30,3,30,6,1938,6,6,6,6,6,NA,NA,NA,NA,30/08/2024 20:03,0
30/08/2024 21:00,WIND,492301,1,HCM,1,62122,1011,40,4,30,8,2021,6,6,6,6,6,NA,NA,NA,NA,30/08/2024 21:03,0
30/08/2024 22:00,WIND,492301,1,HCM,1,62122,1011,50,4,60,9,2147,6,6,6,6,6,NA,NA,NA,NA,30/08/2024 22:03,0
30/08/2024 23:00,WIND,492301,1,HCM,1,62122,1011,60,5,80,9,2246,6,6,6,6,6,NA,NA,NA,NA,30/08/2024 23:03,0
31/08/2024 00:00,WIND,492301,1,HCM,1,62122,1011,70,7,80,11,2300,6,6,6,6,6,NA,NA,NA,NA,31/08/2024 00:03,0
31/08/2024 01:00,WIND,492301,1,HCM,1,62122,1011,90,7,100,13,32,6,6,6,6,6,NA,NA,NA,NA,31/08/2024 01:03,0
31/08/2024 02:00,WIND,492301,1,HCM,1,62122,1011,70,6,110,13,51,6,6,6,6,6,NA,NA,NA,NA,31/08/2024 02:03,0
31/08/2024 03:00,WIND,492301,1,HCM,1,62122,1011,70,6,70,10,219,6,6,6,6,6,NA,NA,NA,NA,31/08/2024 03:03,0
31/08/2024 04:00,WIND,492301,1,HCM,1,62122,1011,50,6,40,11,326,6,6,6,6,6,NA,NA,NA,NA,31/08/2024 04:03,0
31/08/2024 05:00,WIND,492301,1,HCM,1,62122,1011,40,6,40,10,422,6,6,6,6,6,NA,NA,NA,NA,31/08/2024 05:03,0
31/08/2024 06:00,WIND,492301,1,HCM,1,62122,1011,40,6,30,11,451,6,6,6,6,6,NA,NA,NA,NA,31/08/2024 06:03,0
31/08/2024 07:00,WIND,492301,1,HCM,1,62122,1011,30,6,40,12,609,6,6,6,6,6,NA,NA,NA,NA,31/08/2024 07:03,0
31/08/2024 08:00,WIND,492301,1,HCM,1,62122,1011,20,6,30,12,716,6,6,6,6,6,NA,NA,NA,NA,31/08/2024 08:03,0
31/08/2024 09:00,WIND,492301,1,HCM,1,62122,1011,30,7,40,12,820,6,6,6,6,6,NA,NA,NA,NA,31/08/2024 09:03,0
31/08/2024 10:00,WIND,492301,1,HCM,1,62122,1011,50,9,60,15,907,6,6,6,6,6,NA,NA,NA,NA,31/08/2024 10:03,0
31/08/2024 11:00,WIND,492301,1,HCM,1,62122,1011,50,10,40,18,1049,6,6,6,6,6,NA,NA,NA,NA,31/08/2024 11:03,0
31/08/2024 12:00,WIND,492301,1,HCM,1,62122,1011,60,11,50,20,1147,6,6,6,6,6,NA,NA,NA,NA,31/08/2024 12:03,0
31/08/2024 13:00,WIND,492301,1,HCM,1,62122,1011,50,11,60,19,1234,6,6,6,6,6,NA,NA,NA,NA,31/08/2024 13:03,0
31/08/2024 14:00,WIND,492301,1,HCM,1,62122,1011,70,11,70,18,1312,6,6,6,6,6,NA,NA,NA,NA,31/08/2024 14:03,0
31/08/2024 15:00,WIND,492301,1,HCM,1,62122,1011,60,10,50,17,1352,6,6,6,6,6,NA,NA,NA,NA,31/08/2024 15:03,0
31/08/2024 16:00,WIND,492301,1,HCM,1,62122,1011,60,9,60,17,1526,6,6,6,6,6,NA,NA,NA,NA,31/08/2024 16:03,0
31/08/2024 17:00,WIND,492301,1,HCM,1,62122,1011,60,9,50,16,1559,6,6,6,6,6,NA,NA,NA,NA,31/08/2024 17:03,0
31/08/2024 18:00,WIND,492301,1,HCM,1,62122,1011,60,8,50,14,1652,6,6,6,6,6,NA,NA,NA,NA,31/08/2024 18:03,0
31/08/2024 19:00,WIND,492301,1,HCM,1,62122,1011,50,8,60,15,1820,6,6,6,6,6,NA,NA,NA,NA,31/08/2024 19:03,0
31/08/2024 20:00,WIND,492301,1,HCM,1,62122,1011,40,6,40,11,1927,6,6,6,6,6,NA,NA,NA,NA,31/08/2024 20:03,0
31/08/2024 21:00,WIND,492301,1,HCM,1,62122,1011,40,5,40,10,2032,6,6,6,6,6,NA,NA,NA,NA,31/08/2024 21:03,0
31/08/2024 22:00,WIND,492301,1,HCM,1,62122,1011,40,6,40,12,2138,6,6,6,6,6,NA,NA,NA,NA,31/08/2024 22:03,0
31/08/2024 23:00,WIND,492301,1,HCM,1,62122,1011,30,6,30,11,2200,6,6,6,6,6,NA,NA,NA,NA,31/08/2024 23:03,0
01/09/2024 00:00,WIND,492301,1,HCM,1,62122,1011,30,6,30,10,2337,6,6,6,6,6,NA,NA,NA,NA,01/09/2024 00:03,0
01/09/2024 01:00,WIND,492301,1,HCM,1,62122,1011,30,5,30,9,2350,6,6,6,6,6,NA,NA,NA,NA,01/09/2024 01:03,0
01/09/2024 02:00,WIND,492301,1,HCM,1,62122,1011,40,6,50,10,142,6,6,6,6,6,NA,NA,NA,NA,01/09/2024 02:03,0
01/09/2024 03:00,WIND,492301,1,HCM,1,62122,1011,40,5,40,8,153,6,6,6,6,6,NA,NA,NA,NA,01/09/2024 03:03,0
01/09/2024 04:00,WIND,492301,1,HCM,1,62122,1011,20,4,20,7,343,6,6,6,6,6,NA,NA,NA,NA,01/09/2024 04:03,0
01/09/2024 05:00,WIND,492301,1,HCM,1,62122,1011,20,4,10,8,445,6,6,6,6,6,NA,NA,NA,NA,01/09/2024 05:03,0
01/09/2024 06:00,WIND,492301,1,HCM,1,62122,1011,40,5,40,11,528,6,6,6,6,6,NA,NA,NA,NA,01/09/2024 06:03,0
01/09/2024 07:00,WIND,492301,1,HCM,1,62122,1011,50,6,60,14,636,6,6,6,6,6,NA,NA,NA,NA,01/09/2024 07:03,0
01/09/2024 08:00,WIND,492301,1,HCM,1,62122,1011,60,8,80,15,720,6,6,6,6,6,NA,NA,NA,NA,01/09/2024 08:03,0
01/09/2024 09:00,WIND,492301,1,HCM,1,62122,1011,60,7,70,13,828,6,6,6,6,6,NA,NA,NA,NA,01/09/2024 09:03,0
01/09/2024 10:00,WIND,492301,1,HCM,1,62122,1011,50,6,70,12,900,6,6,6,6,6,NA,NA,NA,NA,01/09/2024 10:03,0
01/09/2024 11:00,WIND,492301,1,HCM,1,62122,1011,40,5,30,11,1040,6,6,6,6,6,NA,NA,NA,NA,01/09/2024 11:03,0
01/09/2024 12:00,WIND,492301,1,HCM,1,62122,1011,40,7,50,13,1120,6,6,6,6,6,NA,NA,NA,NA,01/09/2024 12:03,0
01/09/2024 13:00,WIND,492301,1,HCM,1,62122,1011,10,7,10,11,1221,6,6,6,6,6,NA,NA,NA,NA,01/09/2024 13:03,0
01/09/2024 14:00,WIND,492301,1,HCM,1,62122,1011,20,6,360,10,1253,6,6,6,6,6,NA,NA,NA,NA,01/09/2024 14:03,0
01/09/2024 15:00,WIND,492301,1,HCM,1,62122,1011,10,6,10,12,1408,6,6,6,6,6,NA,NA,NA,NA,01/09/2024 15:03,0
01/09/2024 16:00,WIND,492301,1,HCM,1,62122,1011,40,5,40,9,1509,6,6,6,6,6,NA,NA,NA,NA,01/09/2024 16:03,0
01/09/2024 17:00,WIND,492301,1,HCM,1,62122,1011,20,6,50,12,1640,6,6,6,6,6,NA,NA,NA,NA,01/09/2024 17:03,0
01/09/2024 18:00,WIND,492301,1,HCM,1,62122,1011,30,5,50,11,1651,6,6,6,6,6,NA,NA,NA,NA,01/09/2024 18:03,0
01/09/2024 19:00,WIND,492301,1,HCM,1,62122,1011,350,3,40,7,1750,6,6,6,6,6,NA,NA,NA,NA,01/09/2024 19:03,0
01/09/2024 20:00,WIND,492301,1,HCM,1,62122,1011,350,5,350,10,1915,6,6,6,6,6,NA,NA,NA,NA,01/09/2024 20:03,0
01/09/2024 21:00,WIND,492301,1,HCM,1,62122,1011,20,5,20,9,2026,6,6,6,6,6,NA,NA,NA,NA,01/09/2024 21:03,0
01/09/2024 22:00,WIND,492301,1,HCM,1,62122,1011,10,5,350,9,2103,6,6,6,6,6,NA,NA,NA,NA,01/09/2024 22:03,0
01/09/2024 23:00,WIND,492301,1,HCM,1,62122,1011,310,5,330,9,2203,6,6,6,6,6,NA,NA,NA,NA,01/09/2024 23:03,0
02/09/2024 00:00,WIND,492301,1,HCM,1,62122,1011,360,4,10,8,2332,6,6,6,6,6,NA,NA,NA,NA,02/09/2024 00:03,0
02/09/2024 01:00,WIND,492301,1,HCM,1,62122,1011,70,4,70,6,26,6,6,6,6,6,NA,NA,NA,NA,02/09/2024 01:03,0
02/09/2024 02:00,WIND,492301,1,HCM,1,62122,1011,100,4,120,8,143,6,6,6,6,6,NA,NA,NA,NA,02/09/2024 02:03,0
02/09/2024 03:00,WIND,492301,1,HCM,1,62122,1011,130,5,140,9,222,6,6,6,6,6,NA,NA,NA,NA,02/09/2024 03:03,0
02/09/2024 04:00,WIND,492301,1,HCM,1,62122,1011,170,4,190,8,329,6,6,6,6,6,NA,NA,NA,NA,02/09/2024 04:03,0
02/09/2024 05:00,WIND,492301,1,HCM,1,62122,1011,200,4,190,8,409,6,6,6,6,6,NA,NA,NA,NA,02/09/2024 05:03,0
02/09/2024 06:00,WIND,492301,1,HCM,1,62122,1011,230,3,250,7,537,6,6,6,6,6,NA,NA,NA,NA,02/09/2024 06:03,0
02/09/2024 07:00,WIND,492301,1,HCM,1,62122,1011,210,4,210,8,647,6,6,6,6,6,NA,NA,NA,NA,02/09/2024 07:03,0
02/09/2024 08:00,WIND,492301,1,HCM,1,62122,1011,220,6,220,11,715,6,6,6,6,6,NA,NA,NA,NA,02/09/2024 08:03,0
02/09/2024 09:00,WIND,492301,1,HCM,1,62122,1011,230,6,220,11,849,6,6,6,6,6,NA,NA,NA,NA,02/09/2024 09:03,0
02/09/2024 10:00,WIND,492301,1,HCM,1,62122,1011,220,6,200,12,945,6,6,6,6,6,NA,NA,NA,NA,02/09/2024 10:03,0
02/09/2024 11:00,WIND,492301,1,HCM,1,62122,1011,230,7,230,12,1016,6,6,6,6,6,NA,NA,NA,NA,02/09/2024 11:03,0
02/09/2024 12:00,WIND,492301,1,HCM,1,62122,1011,220,6,220,11,1117,6,6,6,6,6,NA,NA,NA,NA,02/09/2024 12:03,0
02/09/2024 13:00,WIND,492301,1,HCM,1,62122,1011,240,5,250,10,1215,6,6,6,6,6,NA,NA,NA,NA,02/09/2024 13:03,0
02/09/2024 14:00,WIND,492301,1,HCM,1,62122,1011,230,4,200,9,1322,6,6,6,6,6,NA,NA,NA,NA,02/09/2024 14:03,0
02/09/2024 15:00,WIND,492301,1,HCM,1,62122,1011,240,4,160,9,1446,6,6,6,6,6,NA,NA,NA,NA,02/09/2024 15:03,0
02/09/2024 16:00,WIND,492301,1,HCM,1,62122,1011,180,4,170,9,1452,6,6,6,6,6,NA,NA,NA,NA,02/09/2024 16:03,0
02/09/2024 17:00,WIND,492301,1,HCM,1,62122,1011,150,5,150,10,1557,6,6,6,6,6,NA,NA,NA,NA,02/09/2024 17:03,0
02/09/2024 18:00,WIND,492301,1,HCM,1,62122,1011,150,3,140,5,1718,6,6,6,6,6,NA,NA,NA,NA,02/09/2024 18:03,0
02/09/2024 19:00,WIND,492301,1,HCM,1,62122,1011,270,3,280,8,1808,6,6,6,6,6,NA,NA,NA,NA,02/09/2024 19:03,0
02/09/2024 20:00,WIND,492301,1,HCM,1,62122,1011,210,3,230,5,1859,6,6,6,6,6,NA,NA,NA,NA,02/09/2024 20:03,0
02/09/2024 21:00,WIND,492301,1,HCM,1,62122,1011,190,4,210,6,2048,6,6,6,6,6,NA,NA,NA,NA,02/09/2024 21:03,0
02/09/2024 22:00,WIND,492301,1,HCM,1,62122,1011,220,5,230,10,2144,6,6,6,6,6,NA,NA,NA,NA,02/09/2024 22:03,0
02/09/2024 23:00,WIND,492301,1,HCM,1,62122,1011,220,5,230,8,2205,6,6,6,6,6,NA,NA,NA,NA,02/09/2024 23:03,0
03/09/2024 00:00,WIND,492301,1,HCM,1,62122,1011,230,4,230,8,2301,6,6,6,6,6,NA,NA,NA,NA,03/09/2024 00:03,0
03/09/2024 01:00,WIND,492301,1,HCM,1,62122,1011,230,4,240,7,31,6,6,6,6,6,NA,NA,NA,NA,03/09/2024 01:03,0
03/09/2024 02:00,WIND,492301,1,HCM,1,62122,1011,220,3,230,7,104,6,6,6,6,6,NA,NA,NA,NA,03/09/2024 02:03,0
03/09/2024 03:00,WIND,492301,1,HCM,1,62122,1011,250,4,250,7,232,6,6,6,6,6,NA,NA,NA,NA,03/09/2024 03:03,0
03/09/2024 04:00,WIND,492301,1,HCM,1,62122,1011,270,3,270,7,305,6,6,6,6,6,NA,NA,NA,NA,03/09/2024 04:03,0
03/09/2024 05:00,WIND,492301,1,HCM,1,62122,1011,270,3,280,7,419,6,6,6,6,6,NA,NA,NA,NA,03/09/2024 05:03,0
03/09/2024 06:00,WIND,492301,1,HCM,1,62122,1011,350,4,350,6,548,6,6,6,6,6,NA,NA,NA,NA,03/09/2024 06:03,0
03/09/2024 07:00,WIND,492301,1,HCM,1,62122,1011,340,5,330,11,622,6,6,6,6,6,NA,NA,NA,NA,03/09/2024 07:03,0
03/09/2024 08:00,WIND,492301,1,HCM,1,62122,1011,340,4,360,9,735,6,6,6,6,6,NA,NA,NA,NA,03/09/2024 08:03,0
03/09/2024 09:00,WIND,492301,1,HCM,1,62122,1011,330,4,340,7,807,6,6,6,6,6,NA,NA,NA,NA,03/09/2024 09:03,0
03/09/2024 10:00,WIND,492301,1,HCM,1,62122,1011,330,4,340,10,905,6,6,6,6,6,NA,NA,NA,NA,03/09/2024 10:03,0
03/09/2024 11:00,WIND,492301,1,HCM,1,62122,1011,300,4,270,8,1020,6,6,6,6,6,NA,NA,NA,NA,03/09/2024 11:03,0
03/09/2024 12:00,WIND,492301,1,HCM,1,62122,1011,290,4,280,9,1126,6,6,6,6,6,NA,NA,NA,NA,03/09/2024 12:03,0
03/09/2024 13:00,WIND,492301,1,HCM,1,62122,1011,260,4,250,7,1236,6,6,6,6,6,NA,NA,NA,NA,03/09/2024 13:03,0
03/09/2024 14:00,WIND,492301,1,HCM,1,62122,1011,250,6,280,13,1340,6,6,6,6,6,NA,NA,NA,NA,03/09/2024 14:03,0
03/09/2024 15:00,WIND,492301,1,HCM,1,62122,1011,280,4,280,10,1351,6,6,6,6,6,NA,NA,NA,NA,03/09/2024 15:03,0
03/09/2024 16:00,WIND,492301,1,HCM,1,62122,1011,290,5,250,12,1543,6,6,6,6,6,NA,NA,NA,NA,03/09/2024 16:03,0
03/09/2024 17:00,WIND,492301,1,HCM,1,62122,1011,240,8,260,14,1635,6,6,6,6,6,NA,NA,NA,NA,03/09/2024 17:03,0
03/09/2024 18:00,WIND,492301,1,HCM,1,62122,1011,230,8,250,15,1719,6,6,6,6,6,NA,NA,NA,NA,03/09/2024 18:03,0
03/09/2024 19:00,WIND,492301,1,HCM,1,62122,1011,290,5,290,10,1836,6,6,6,6,6,NA,NA,NA,NA,03/09/2024 19:03,0
03/09/2024 20:00,WIND,492301,1,HCM,1,62122,1011,260,3,270,6,1932,6,6,6,6,6,NA,NA,NA,NA,03/09/2024 20:03,0
03/09/2024 21:00,WIND,492301,1,HCM,1,62122,1011,250,3,300,6,2013,6,6,6,6,6,NA,NA,NA,NA,03/09/2024 21:03,0
03/09/2024 22:00,WIND,492301,1,HCM,1,62122,1011,240,4,240,7,2116,6,6,6,6,6,NA,NA,NA,NA,03/09/2024 22:03,0
03/09/2024 23:00,WIND,492301,1,HCM,1,62122,1011,260,4,270,6,2232,6,6,6,6,6,NA,NA,NA,NA,03/09/2024 23:03,0
04/09/2024 00:00,WIND,492301,1,HCM,1,62122,1011,250,4,240,8,2327,6,6,6,6,6,NA,NA,NA,NA,04/09/2024 00:03,0
04/09/2024 01:00,WIND,492301,1,HCM,1,62122,1011,220,3,250,7,2353,6,6,6,6,6,NA,NA,NA,NA,04/09/2024 01:03,0
04/09/2024 02:00,WIND,492301,1,HCM,1,62122,1011,120,1,90,4,120,6,6,6,6,6,NA,NA,NA,NA,04/09/2024 02:03,0
04/09/2024 03:00,WIND,492301,1,HCM,1,62122,1011,280,3,280,5,211,6,6,6,6,6,NA,NA,NA,NA,04/09/2024 03:03,0
04/09/2024 04:00,WIND,492301,1,HCM,1,62122,1011,270,3,270,5,312,6,6,6,6,6,NA,NA,NA,NA,04/09/2024 04:03,0
04/09/2024 05:00,WIND,492301,1,HCM,1,62122,1011,320,4,330,7,428,6,6,6,6,6,NA,NA,NA,NA,04/09/2024 05:03,0
04/09/2024 06:00,WIND,492301,1,HCM,1,62122,1011,20,4,360,7,549,6,6,6,6,6,NA,NA,NA,NA,04/09/2024 06:03,0
04/09/2024 07:00,WIND,492301,1,HCM,1,62122,1011,20,4,30,9,611,6,6,6,6,6,NA,NA,NA,NA,04/09/2024 07:03,0
04/09/2024 08:00,WIND,492301,1,HCM,1,62122,1011,30,3,360,7,749,6,6,6,6,6,NA,NA,NA,NA,04/09/2024 08:03,0
04/09/2024 09:00,WIND,492301,1,HCM,1,62122,1011,340,5,320,10,828,6,6,6,6,6,NA,NA,NA,NA,04/09/2024 09:03,0
04/09/2024 10:00,WIND,492301,1,HCM,1,62122,1011,330,5,320,12,941,6,6,6,6,6,NA,NA,NA,NA,04/09/2024 10:03,0
04/09/2024 11:00,WIND,492301,1,HCM,1,62122,1011,330,5,330,10,1008,6,6,6,6,6,NA,NA,NA,NA,04/09/2024 11:03,0
04/09/2024 12:00,WIND,492301,1,HCM,1,62122,1011,360,5,350,10,1104,6,6,6,6,6,NA,NA,NA,NA,04/09/2024 12:03,0
04/09/2024 13:00,WIND,492301,1,HCM,1,62122,1011,350,6,330,12,1205,6,6,6,6,6,NA,NA,NA,NA,04/09/2024 13:03,0
04/09/2024 14:00,WIND,492301,1,HCM,1,62122,1011,340,6,340,11,1320,6,6,6,6,6,NA,NA,NA,NA,04/09/2024 14:03,0
04/09/2024 15:00,WIND,492301,1,HCM,1,62122,1011,20,6,20,12,1404,6,6,6,6,6,NA,NA,NA,NA,04/09/2024 15:03,0
04/09/2024 16:00,WIND,492301,1,HCM,1,62122,1011,10,3,10,6,1450,6,6,6,6,6,NA,NA,NA,NA,04/09/2024 16:03,0
04/09/2024 17:00,WIND,492301,1,HCM,1,62122,1011,10,2,10,5,1554,6,6,6,6,6,NA,NA,NA,NA,04/09/2024 17:03,0
04/09/2024 18:00,WIND,492301,1,HCM,1,62122,1011,20,3,20,5,1651,6,6,6,6,6,NA,NA,NA,NA,04/09/2024 18:03,0
04/09/2024 19:00,WIND,492301,1,HCM,1,62122,1011,40,2,340,5,1849,6,6,6,6,6,NA,NA,NA,NA,04/09/2024 19:03,0
04/09/2024 20:00,WIND,492301,1,HCM,1,62122,1011,350,6,350,12,1925,6,6,6,6,6,NA,NA,NA,NA,04/09/2024 20:03,0
04/09/2024 21:00,WIND,492301,1,HCM,1,62122,1011,360,6,10,12,2046,6,6,6,6,6,NA,NA,NA,NA,04/09/2024 21:03,0
04/09/2024 22:00,WIND,492301,1,HCM,1,62122,1011,10,7,10,12,2138,6,6,6,6,6,NA,NA,NA,NA,04/09/2024 22:03,0
04/09/2024 23:00,WIND,492301,1,HCM,1,62122,1011,10,8,360,14,2228,6,6,6,6,6,NA,NA,NA,NA,04/09/2024 23:03,0
05/09/2024 00:00,WIND,492301,1,HCM,1,62122,1011,360,7,350,13,2256,6,6,6,6,6,NA,NA,NA,NA,05/09/2024 00:03,0
05/09/2024 01:00,WIND,492301,1,HCM,1,62122,1011,20,6,10,14,42,6,6,6,6,6,NA,NA,NA,NA,05/09/2024 01:03,0
05/09/2024 02:00,WIND,492301,1,HCM,1,62122,1011,30,7,40,14,143,6,6,6,6,6,NA,NA,NA,NA,05/09/2024 02:03,0
05/09/2024 03:00,WIND,492301,1,HCM,1,62122,1011,30,9,30,16,237,6,6,6,6,6,NA,NA,NA,NA,05/09/2024 03:03,0
05/09/2024 04:00,WIND,492301,1,HCM,1,62122,1011,30,9,30,16,251,6,6,6,6,6,NA,NA,NA,NA,05/09/2024 04:03,0
05/09/2024 05:00,WIND,492301,1,HCM,1,62122,1011,20,7,50,15,351,6,6,6,6,6,NA,NA,NA,NA,05/09/2024 05:03,0
05/09/2024 06:00,WIND,492301,1,HCM,1,62122,1011,10,9,10,17,539,6,6,6,6,6,NA,NA,NA,NA,05/09/2024 06:03,0
05/09/2024 07:00,WIND,492301,1,HCM,1,62122,1011,20,8,360,16,554,6,6,6,6,6,NA,NA,NA,NA,05/09/2024 07:03,0
05/09/2024 08:00,WIND,492301,1,HCM,1,62122,1011,20,8,10,15,737,6,6,6,6,6,NA,NA,NA,NA,05/09/2024 08:03,0
05/09/2024 09:00,WIND,492301,1,HCM,1,62122,1011,20,8,20,16,752,6,6,6,6,6,NA,NA,NA,NA,05/09/2024 09:03,0
05/09/2024 10:00,WIND,492301,1,HCM,1,62122,1011,10,9,10,15,928,6,6,6,6,6,NA,NA,NA,NA,05/09/2024 10:03,0
05/09/2024 11:00,WIND,492301,1,HCM,1,62122,1011,350,9,340,16,1013,6,6,6,6,6,NA,NA,NA,NA,05/09/2024 11:03,0
05/09/2024 12:00,WIND,492301,1,HCM,1,62122,1011,340,9,340,15,1128,6,6,6,6,6,NA,NA,NA,NA,05/09/2024 12:03,0
05/09/2024 13:00,WIND,492301,1,HCM,1,62122,1011,360,12,360,22,1242,6,6,6,6,6,NA,NA,NA,NA,05/09/2024 13:03,0
05/09/2024 14:00,WIND,492301,1,HCM,1,62122,1011,10,11,10,22,1259,6,6,6,6,6,NA,NA,NA,NA,05/09/2024 14:03,0
05/09/2024 15:00,WIND,492301,1,HCM,1,62122,1011,20,10,10,18,1444,6,6,6,6,6,NA,NA,NA,NA,05/09/2024 15:03,0
05/09/2024 16:00,WIND,492301,1,HCM,1,62122,1011,20,10,20,24,1501,6,6,6,6,6,NA,NA,NA,NA,05/09/2024 16:03,0
05/09/2024 17:00,WIND,492301,1,HCM,1,62122,1011,30,11,30,21,1625,6,6,6,6,6,NA,NA,NA,NA,05/09/2024 17:03,0
05/09/2024 18:00,WIND,492301,1,HCM,1,62122,1011,30,11,40,21,1714,6,6,6,6,6,NA,NA,NA,NA,05/09/2024 18:03,0
05/09/2024 19:00,WIND,492301,1,HCM,1,62122,1011,30,8,40,15,1811,6,6,6,6,6,NA,NA,NA,NA,05/09/2024 19:03,0
05/09/2024 20:00,WIND,492301,1,HCM,1,62122,1011,30,9,40,16,1903,6,6,6,6,6,NA,NA,NA,NA,05/09/2024 20:03,0
05/09/2024 21:00,WIND,492301,1,HCM,1,62122,1011,30,10,40,18,1958,6,6,6,6,6,NA,NA,NA,NA,05/09/2024 21:03,0
05/09/2024 22:00,WIND,492301,1,HCM,1,62122,1011,30,9,40,16,2113,6,6,6,6,6,NA,NA,NA,NA,05/09/2024 22:03,0
05/09/2024 23:00,WIND,492301,1,HCM,1,62122,1011,20,9,10,16,2218,6,6,6,6,6,NA,NA,NA,NA,05/09/2024 23:03,0
06/09/2024 00:00,WIND,492301,1,HCM,1,62122,1011,30,9,20,17,2337,6,6,6,6,6,NA,NA,NA,NA,06/09/2024 00:03,0
06/09/2024 01:00,WIND,492301,1,HCM,1,62122,1011,20,9,20,17,26,6,6,6,6,6,NA,NA,NA,NA,06/09/2024 01:03,0
06/09/2024 02:00,WIND,492301,1,HCM,1,62122,1011,30,7,20,14,110,6,6,6,6,6,NA,NA,NA,NA,06/09/2024 02:03,0
06/09/2024 03:00,WIND,492301,1,HCM,1,62122,1011,40,6,40,12,210,6,6,6,6,6,NA,NA,NA,NA,06/09/2024 03:03,0
06/09/2024 04:00,WIND,492301,1,HCM,1,62122,1011,40,5,30,10,253,6,6,6,6,6,NA,NA,NA,NA,06/09/2024 04:03,0
06/09/2024 05:00,WIND,492301,1,HCM,1,62122,1011,30,5,30,7,435,6,6,6,6,6,NA,NA,NA,NA,06/09/2024 05:07,0
06/09/2024 06:00,WIND,492301,1,HCM,1,62122,1011,160,3,50,8,452,6,6,6,6,6,NA,NA,NA,NA,06/09/2024 06:04,0
06/09/2024 07:00,WIND,492301,1,HCM,1,62122,1011,150,3,100,8,639,6,6,6,6,6,NA,NA,NA,NA,06/09/2024 07:03,0
06/09/2024 08:00,WIND,492301,1,HCM,1,62122,1011,290,2,280,7,715,6,6,6,6,6,NA,NA,NA,NA,06/09/2024 08:03,0
06/09/2024 09:00,WIND,492301,1,HCM,1,62122,1011,70,2,130,6,815,6,6,6,6,6,NA,NA,NA,NA,06/09/2024 09:03,0
06/09/2024 10:00,WIND,492301,1,HCM,1,62122,1011,10,4,30,8,920,6,6,6,6,6,NA,NA,NA,NA,06/09/2024 10:03,0
06/09/2024 11:00,WIND,492301,1,HCM,1,62122,1011,20,6,10,10,1009,6,6,6,6,6,NA,NA,NA,NA,06/09/2024 11:03,0
06/09/2024 12:00,WIND,492301,1,HCM,1,62122,1011,10,6,350,11,1107,6,6,6,6,6,NA,NA,NA,NA,06/09/2024 12:03,0
06/09/2024 13:00,WIND,492301,1,HCM,1,62122,1011,20,5,10,11,1200,6,6,6,6,6,NA,NA,NA,NA,06/09/2024 13:03,0
06/09/2024 14:00,WIND,492301,1,HCM,1,62122,1011,70,2,30,6,1250,6,6,6,6,6,NA,NA,NA,NA,06/09/2024 14:03,0
06/09/2024 15:00,WIND,492301,1,HCM,1,62122,1011,120,3,270,7,1449,6,6,6,6,6,NA,NA,NA,NA,06/09/2024 15:03,0
06/09/2024 16:00,WIND,492301,1,HCM,1,62122,1011,250,6,260,12,1523,6,6,6,6,6,NA,NA,NA,NA,06/09/2024 16:03,0
06/09/2024 17:00,WIND,492301,1,HCM,1,62122,1011,260,6,280,12,1619,6,6,6,6,6,NA,NA,NA,NA,06/09/2024 17:03,0
06/09/2024 18:00,WIND,492301,1,HCM,1,62122,1011,240,6,240,11,1653,6,6,6,6,6,NA,NA,NA,NA,06/09/2024 18:03,0
06/09/2024 19:00,WIND,492301,1,HCM,1,62122,1011,240,5,230,9,1757,6,6,6,6,6,NA,NA,NA,NA,06/09/2024 19:03,0
06/09/2024 20:00,WIND,492301,1,HCM,1,62122,1011,190,4,170,6,1925,6,6,6,6,6,NA,NA,NA,NA,06/09/2024 20:03,0
06/09/2024 21:00,WIND,492301,1,HCM,1,62122,1011,180,3,190,7,2021,6,6,6,6,6,NA,NA,NA,NA,06/09/2024 21:03,0
06/09/2024 22:00,WIND,492301,1,HCM,1,62122,1011,250,4,270,8,2139,6,6,6,6,6,NA,NA,NA,NA,06/09/2024 22:03,0
06/09/2024 23:00,WIND,492301,1,HCM,1,62122,1011,220,4,220,8,2212,6,6,6,6,6,NA,NA,NA,NA,06/09/2024 23:03,0
07/09/2024 00:00,WIND,492301,1,HCM,1,62122,1011,230,4,210,8,2302,6,6,6,6,6,NA,NA,NA,NA,07/09/2024 00:03,0
07/09/2024 01:00,WIND,492301,1,HCM,1,62122,1011,200,3,210,6,19,6,6,6,6,6,NA,NA,NA,NA,07/09/2024 01:03,0
07/09/2024 02:00,WIND,492301,1,HCM,1,62122,1011,210,2,180,5,127,6,6,6,6,6,NA,NA,NA,NA,07/09/2024 02:03,0
07/09/2024 03:00,WIND,492301,1,HCM,1,62122,1011,200,3,170,7,227,6,6,6,6,6,NA,NA,NA,NA,07/09/2024 03:03,0
07/09/2024 04:00,WIND,492301,1,HCM,1,62122,1011,170,2,160,4,252,6,6,6,6,6,NA,NA,NA,NA,07/09/2024 04:03,0
07/09/2024 05:00,WIND,492301,1,HCM,1,62122,1011,170,1,170,3,437,6,6,6,6,6,NA,NA,NA,NA,07/09/2024 05:07,0
07/09/2024 06:00,WIND,492301,1,HCM,1,62122,1011,210,2,230,4,541,6,6,6,6,6,NA,NA,NA,NA,07/09/2024 06:03,0
07/09/2024 07:00,WIND,492301,1,HCM,1,62122,1011,140,2,150,5,645,6,6,6,6,6,NA,NA,NA,NA,07/09/2024 07:03,0
07/09/2024 08:00,WIND,492301,1,HCM,1,62122,1011,130,1,170,4,728,6,6,6,6,6,NA,NA,NA,NA,07/09/2024 08:03,0
07/09/2024 09:00,WIND,492301,1,HCM,1,62122,1011,190,2,10,5,842,6,6,6,6,6,NA,NA,NA,NA,07/09/2024 09:03,0
07/09/2024 10:00,WIND,492301,1,HCM,1,62122,1011,70,3,110,7,942,6,6,6,6,6,NA,NA,NA,NA,07/09/2024 10:03,0
07/09/2024 11:00,WIND,492301,1,HCM,1,62122,1011,90,4,90,7,1043,6,6,6,6,6,NA,NA,NA,NA,07/09/2024 11:03,0
07/09/2024 12:00,WIND,492301,1,HCM,1,62122,1011,70,3,70,6,1108,6,6,6,6,6,NA,NA,NA,NA,07/09/2024 12:03,0
07/09/2024 13:00,WIND,492301,1,HCM,1,62122,1011,100,3,110,6,1238,6,6,6,6,6,NA,NA,NA,NA,07/09/2024 13:03,0
07/09/2024 14:00,WIND,492301,1,HCM,1,62122,1011,70,2,360,8,1348,6,6,6,6,6,NA,NA,NA,NA,07/09/2024 14:03,0
07/09/2024 15:00,WIND,492301,1,HCM,1,62122,1011,80,2,330,5,1351,6,6,6,6,6,NA,NA,NA,NA,07/09/2024 15:03,0
07/09/2024 16:00,WIND,492301,1,HCM,1,62122,1011,80,2,60,5,1522,6,6,6,6,6,NA,NA,NA,NA,07/09/2024 16:03,0
07/09/2024 17:00,WIND,492301,1,HCM,1,62122,1011,60,2,50,3,1648,6,6,6,6,6,NA,NA,NA,NA,07/09/2024 17:03,0
07/09/2024 18:00,WIND,492301,1,HCM,1,62122,1011,50,2,50,3,1651,6,6,6,6,6,NA,NA,NA,NA,07/09/2024 18:03,0
07/09/2024 19:00,WIND,492301,1,HCM,1,62122,1011,330,1,250,3,1848,6,6,6,6,6,NA,NA,NA,NA,07/09/2024 19:03,0
07/09/2024 20:00,WIND,492301,1,HCM,1,62122,1011,110,1,90,3,1906,6,6,6,6,6,NA,NA,NA,NA,07/09/2024 20:03,0
07/09/2024 21:00,WIND,492301,1,HCM,1,62122,1011,260,1,290,4,2019,6,6,6,6,6,NA,NA,NA,NA,07/09/2024 21:03,0
07/09/2024 22:00,WIND,492301,1,HCM,1,62122,1011,290,3,290,4,2116,6,6,6,6,6,NA,NA,NA,NA,07/09/2024 22:03,0
07/09/2024 23:00,WIND,492301,1,HCM,1,62122,1011,300,2,290,6,2239,6,6,6,6,6,NA,NA,NA,NA,07/09/2024 23:03,0
08/09/2024 00:00,WIND,492301,1,HCM,1,62122,1011,330,2,310,4,2302,6,6,6,6,6,NA,NA,NA,NA,08/09/2024 00:03,0
08/09/2024 01:00,WIND,492301,1,HCM,1,62122,1011,360,3,350,6,42,6,6,6,6,6,NA,NA,NA,NA,08/09/2024 01:03,0
08/09/2024 02:00,WIND,492301,1,HCM,1,62122,1011,310,4,320,6,102,6,6,6,6,6,NA,NA,NA,NA,08/09/2024 02:03,0
08/09/2024 03:00,WIND,492301,1,HCM,1,62122,1011,300,3,280,5,225,6,6,6,6,6,NA,NA,NA,NA,08/09/2024 03:03,0
08/09/2024 04:00,WIND,492301,1,HCM,1,62122,1011,140,2,110,6,336,6,6,6,6,6,NA,NA,NA,NA,08/09/2024 04:03,0
08/09/2024 05:00,WIND,492301,1,HCM,1,62122,1011,300,4,280,9,449,6,6,6,6,6,NA,NA,NA,NA,08/09/2024 05:03,0
08/09/2024 06:00,WIND,492301,1,HCM,1,62122,1011,280,8,280,13,503,6,6,6,6,6,NA,NA,NA,NA,08/09/2024 06:03,0
08/09/2024 07:00,WIND,492301,1,HCM,1,62122,1011,110,4,270,9,601,6,6,6,6,6,NA,NA,NA,NA,08/09/2024 07:03,0
08/09/2024 08:00,WIND,492301,1,HCM,1,62122,1011,160,3,150,5,652,6,6,6,6,6,NA,NA,NA,NA,08/09/2024 08:03,0
08/09/2024 09:00,WIND,492301,1,HCM,1,62122,1011,100,1,300,4,845,6,6,6,6,6,NA,NA,NA,NA,08/09/2024 09:03,0
08/09/2024 10:00,WIND,492301,1,HCM,1,62122,1011,290,5,300,8,934,6,6,6,6,6,NA,NA,NA,NA,08/09/2024 10:03,0
08/09/2024 11:00,WIND,492301,1,HCM,1,62122,1011,300,5,290,9,1009,6,6,6,6,6,NA,NA,NA,NA,08/09/2024 11:03,0
08/09/2024 12:00,WIND,492301,1,HCM,1,62122,1011,310,4,290,9,1137,6,6,6,6,6,NA,NA,NA,NA,08/09/2024 12:03,0
08/09/2024 13:00,WIND,492301,1,HCM,1,62122,1011,290,5,270,11,1207,6,6,6,6,6,NA,NA,NA,NA,08/09/2024 13:03,0
08/09/2024 14:00,WIND,492301,1,HCM,1,62122,1011,260,5,270,10,1321,6,6,6,6,6,NA,NA,NA,NA,08/09/2024 14:03,0
08/09/2024 15:00,WIND,492301,1,HCM,1,62122,1011,250,6,250,12,1434,6,6,6,6,6,NA,NA,NA,NA,08/09/2024 15:03,0
08/09/2024 16:00,WIND,492301,1,HCM,1,62122,1011,250,7,230,12,1519,6,6,6,6,6,NA,NA,NA,NA,08/09/2024 16:03,0
08/09/2024 17:00,WIND,492301,1,HCM,1,62122,1011,250,7,240,12,1630,6,6,6,6,6,NA,NA,NA,NA,08/09/2024 17:03,0
08/09/2024 18:00,WIND,492301,1,HCM,1,62122,1011,250,7,250,14,1703,6,6,6,6,6,NA,NA,NA,NA,08/09/2024 18:03,0
08/09/2024 19:00,WIND,492301,1,HCM,1,62122,1011,260,4,240,7,1756,6,6,6,6,6,NA,NA,NA,NA,08/09/2024 19:03,0
08/09/2024 20:00,WIND,492301,1,HCM,1,62122,1011,260,4,260,7,1938,6,6,6,6,6,NA,NA,NA,NA,08/09/2024 20:03,0
08/09/2024 21:00,WIND,492301,1,HCM,1,62122,1011,270,6,280,10,2024,6,6,6,6,6,NA,NA,NA,NA,08/09/2024 21:03,0
08/09/2024 22:00,WIND,492301,1,HCM,1,62122,1011,270,7,280,14,2110,6,6,6,6,6,NA,NA,NA,NA,08/09/2024 22:03,0
08/09/2024 23:00,WIND,492301,1,HCM,1,62122,1011,270,7,250,13,2249,6,6,6,6,6,NA,NA,NA,NA,08/09/2024 23:03,0
09/09/2024 00:00,WIND,492301,1,HCM,1,62122,1011,260,7,260,14,2250,6,6,6,6,6,NA,NA,NA,NA,09/09/2024 00:04,0
09/09/2024 01:00,WIND,492301,1,HCM,1,62122,1011,260,8,270,16,22,6,6,6,6,6,NA,NA,NA,NA,09/09/2024 01:03,0
09/09/2024 02:00,WIND,492301,1,HCM,1,62122,1011,270,7,270,16,100,6,6,6,6,6,NA,NA,NA,NA,09/09/2024 02:03,0
09/09/2024 03:00,WIND,492301,1,HCM,1,62122,1011,300,5,270,8,156,6,6,6,6,6,NA,NA,NA,NA,09/09/2024 03:03,0
09/09/2024 04:00,WIND,492301,1,HCM,1,62122,1011,290,3,280,7,345,6,6,6,6,6,NA,NA,NA,NA,09/09/2024 04:03,0
09/09/2024 05:00,WIND,492301,1,HCM,1,62122,1011,270,4,270,9,440,6,6,6,6,6,NA,NA,NA,NA,09/09/2024 05:03,0
09/09/2024 06:00,WIND,492301,1,HCM,1,62122,1011,290,5,290,10,500,6,6,6,6,6,NA,NA,NA,NA,09/09/2024 06:03,0
09/09/2024 07:00,WIND,492301,1,HCM,1,62122,1011,280,6,290,13,644,6,6,6,6,6,NA,NA,NA,NA,09/09/2024 07:03,0
09/09/2024 08:00,WIND,492301,1,HCM,1,62122,1011,290,7,290,14,711,6,6,6,6,6,NA,NA,NA,NA,09/09/2024 08:03,0
09/09/2024 09:00,WIND,492301,1,HCM,1,62122,1011,310,8,300,18,845,6,6,6,6,6,NA,NA,NA,NA,09/09/2024 09:03,0
09/09/2024 10:00,WIND,492301,1,HCM,1,62122,1011,330,10,350,22,910,6,6,6,6,6,NA,NA,NA,NA,09/09/2024 10:03,0
09/09/2024 11:00,WIND,492301,1,HCM,1,62122,1011,320,10,340,17,957,6,6,6,6,6,NA,NA,NA,NA,09/09/2024 11:03,0
09/09/2024 12:00,WIND,492301,1,HCM,1,62122,1011,320,8,350,16,1050,6,6,6,6,6,NA,NA,NA,NA,09/09/2024 12:03,0
09/09/2024 13:00,WIND,492301,1,HCM,1,62122,1011,310,8,330,16,1227,6,6,6,6,6,NA,NA,NA,NA,09/09/2024 13:03,0
09/09/2024 14:00,WIND,492301,1,HCM,1,62122,1011,280,7,320,15,1251,6,6,6,6,6,NA,NA,NA,NA,09/09/2024 14:03,0
09/09/2024 15:00,WIND,492301,1,HCM,1,62122,1011,280,8,280,15,1437,6,6,6,6,6,NA,NA,NA,NA,09/09/2024 15:03,0
09/09/2024 16:00,WIND,492301,1,HCM,1,62122,1011,290,8,280,15,1525,6,6,6,6,6,NA,NA,NA,NA,09/09/2024 16:03,0
09/09/2024 17:00,WIND,492301,1,HCM,1,62122,1011,290,8,300,15,1625,6,6,6,6,6,NA,NA,NA,NA,09/09/2024 17:03,0
09/09/2024 18:00,WIND,492301,1,HCM,1,62122,1011,290,8,290,15,1733,6,6,6,6,6,NA,NA,NA,NA,09/09/2024 18:02,0
09/09/2024 19:00,WIND,492301,1,HCM,1,62122,1011,270,4,300,10,1753,6,6,6,6,6,NA,NA,NA,NA,09/09/2024 19:03,0
09/09/2024 20:00,WIND,492301,1,HCM,1,62122,1011,260,5,260,10,1944,6,6,6,6,6,NA,NA,NA,NA,09/09/2024 20:03,0
09/09/2024 21:00,WIND,492301,1,HCM,1,62122,1011,260,6,260,15,2049,6,6,6,6,6,NA,NA,NA,NA,09/09/2024 21:03,0
09/09/2024 22:00,WIND,492301,1,HCM,1,62122,1011,250,9,250,18,2057,6,6,6,6,6,NA,NA,NA,NA,09/09/2024 22:03,0
09/09/2024 23:00,WIND,492301,1,HCM,1,62122,1011,260,7,250,13,2248,6,6,6,6,6,NA,NA,NA,NA,09/09/2024 23:03,0
10/09/2024 00:00,WIND,492301,1,HCM,1,62122,1011,240,8,240,15,2334,6,6,6,6,6,NA,NA,NA,NA,10/09/2024 00:03,0
10/09/2024 01:00,WIND,492301,1,HCM,1,62122,1011,240,9,250,18,2353,6,6,6,6,6,NA,NA,NA,NA,10/09/2024 01:03,0
10/09/2024 02:00,WIND,492301,1,HCM,1,62122,1011,230,9,250,21,104,6,6,6,6,6,NA,NA,NA,NA,10/09/2024 02:03,0
10/09/2024 03:00,WIND,492301,1,HCM,1,62122,1011,210,7,240,18,246,6,6,6,6,6,NA,NA,NA,NA,10/09/2024 03:03,0
10/09/2024 04:00,WIND,492301,1,HCM,1,62122,1011,240,13,240,29,339,6,6,6,6,6,NA,NA,NA,NA,10/09/2024 04:03,0
10/09/2024 05:00,WIND,492301,1,HCM,1,62122,1011,240,14,250,25,357,6,6,6,6,6,NA,NA,NA,NA,10/09/2024 05:03,0
10/09/2024 06:00,WIND,492301,1,HCM,1,62122,1011,240,12,250,23,545,6,6,6,6,6,NA,NA,NA,NA,10/09/2024 06:03,0
10/09/2024 07:00,WIND,492301,1,HCM,1,62122,1011,240,14,250,26,633,6,6,6,6,6,NA,NA,NA,NA,10/09/2024 07:03,0
10/09/2024 08:00,WIND,492301,1,HCM,1,62122,1011,250,12,250,22,728,6,6,6,6,6,NA,NA,NA,NA,10/09/2024 08:03,0
10/09/2024 09:00,WIND,492301,1,HCM,1,62122,1011,250,15,230,25,845,6,6,6,6,6,NA,NA,NA,NA,10/09/2024 09:03,0
10/09/2024 10:00,WIND,492301,1,HCM,1,62122,1011,250,17,250,29,908,6,6,6,6,6,NA,NA,NA,NA,10/09/2024 10:03,0
10/09/2024 11:00,WIND,492301,1,HCM,1,62122,1011,250,16,260,28,1007,6,6,6,6,6,NA,NA,NA,NA,10/09/2024 11:03,0
10/09/2024 12:00,WIND,492301,1,HCM,1,62122,1011,250,16,270,26,1149,6,6,6,6,6,NA,NA,NA,NA,10/09/2024 12:03,0
10/09/2024 13:00,WIND,492301,1,HCM,1,62122,1011,250,16,250,30,1210,6,6,6,6,6,NA,NA,NA,NA,10/09/2024 13:03,0
10/09/2024 14:00,WIND,492301,1,HCM,1,62122,1011,240,16,250,30,1325,6,6,6,6,6,NA,NA,NA,NA,10/09/2024 14:03,0
10/09/2024 15:00,WIND,492301,1,HCM,1,62122,1011,240,11,250,27,1350,6,6,6,6,6,NA,NA,NA,NA,10/09/2024 15:03,0
10/09/2024 16:00,WIND,492301,1,HCM,1,62122,1011,240,13,230,27,1537,6,6,6,6,6,NA,NA,NA,NA,10/09/2024 16:03,0
10/09/2024 17:00,WIND,492301,1,HCM,1,62122,1011,260,13,240,27,1556,6,6,6,6,6,NA,NA,NA,NA,10/09/2024 17:03,0
10/09/2024 18:00,WIND,492301,1,HCM,1,62122,1011,290,5,270,14,1749,6,6,6,6,6,NA,NA,NA,NA,10/09/2024 18:03,0
10/09/2024 19:00,WIND,492301,1,HCM,1,62122,1011,280,8,310,17,1756,6,6,6,6,6,NA,NA,NA,NA,10/09/2024 19:03,0
10/09/2024 20:00,WIND,492301,1,HCM,1,62122,1011,260,5,280,10,1850,6,6,6,6,6,NA,NA,NA,NA,10/09/2024 20:03,0
10/09/2024 21:00,WIND,492301,1,HCM,1,62122,1011,250,6,260,10,2012,6,6,6,6,6,NA,NA,NA,NA,10/09/2024 21:03,0
10/09/2024 22:00,WIND,492301,1,HCM,1,62122,1011,250,7,260,12,2056,6,6,6,6,6,NA,NA,NA,NA,10/09/2024 22:03,0
10/09/2024 23:00,WIND,492301,1,HCM,1,62122,1011,250,7,250,10,2213,6,6,6,6,6,NA,NA,NA,NA,10/09/2024 23:03,0
11/09/2024 00:00,WIND,492301,1,HCM,1,62122,1011,260,7,260,12,2304,6,6,6,6,6,NA,NA,NA,NA,11/09/2024 00:03,0
11/09/2024 01:00,WIND,492301,1,HCM,1,62122,1011,260,6,260,13,4,6,6,6,6,6,NA,NA,NA,NA,11/09/2024 01:03,0
11/09/2024 02:00,WIND,492301,1,HCM,1,62122,1011,260,5,280,10,109,6,6,6,6,6,NA,NA,NA,NA,11/09/2024 02:03,0
11/09/2024 03:00,WIND,492301,1,HCM,1,62122,1011,250,7,260,15,230,6,6,6,6,6,NA,NA,NA,NA,11/09/2024 03:03,0
11/09/2024 04:00,WIND,492301,1,HCM,1,62122,1011,250,7,260,14,344,6,6,6,6,6,NA,NA,NA,NA,11/09/2024 04:03,0
11/09/2024 05:00,WIND,492301,1,HCM,1,62122,1011,250,9,260,15,401,6,6,6,6,6,NA,NA,NA,NA,11/09/2024 05:03,0
11/09/2024 06:00,WIND,492301,1,HCM,1,62122,1011,250,9,250,16,549,6,6,6,6,6,NA,NA,NA,NA,11/09/2024 06:03,0
11/09/2024 07:00,WIND,492301,1,HCM,1,62122,1011,250,9,240,15,647,6,6,6,6,6,NA,NA,NA,NA,11/09/2024 07:03,0
11/09/2024 08:00,WIND,492301,1,HCM,1,62122,1011,250,11,240,21,727,6,6,6,6,6,NA,NA,NA,NA,11/09/2024 08:03,0
11/09/2024 09:00,WIND,492301,1,HCM,1,62122,1011,250,10,260,19,809,6,6,6,6,6,NA,NA,NA,NA,11/09/2024 09:03,0
11/09/2024 10:00,WIND,492301,1,HCM,1,62122,1011,260,12,260,23,918,6,6,6,6,6,NA,NA,NA,NA,11/09/2024 10:03,0
11/09/2024 11:00,WIND,492301,1,HCM,1,62122,1011,260,12,250,23,951,6,6,6,6,6,NA,NA,NA,NA,11/09/2024 11:03,0
11/09/2024 12:00,WIND,492301,1,HCM,1,62122,1011,270,11,280,22,1052,6,6,6,6,6,NA,NA,NA,NA,11/09/2024 12:03,0
11/09/2024 13:00,WIND,492301,1,HCM,1,62122,1011,270,10,280,20,1239,6,6,6,6,6,NA,NA,NA,NA,11/09/2024 13:03,0
11/09/2024 14:00,WIND,492301,1,HCM,1,62122,1011,280,11,260,23,1330,6,6,6,6,6,NA,NA,NA,NA,11/09/2024 14:03,0
11/09/2024 15:00,WIND,492301,1,HCM,1,62122,1011,290,8,330,21,1416,6,6,6,6,6,NA,NA,NA,NA,11/09/2024 15:03,0
11/09/2024 16:00,WIND,492301,1,HCM,1,62122,1011,270,9,280,17,1457,6,6,6,6,6,NA,NA,NA,NA,11/09/2024 16:03,0
11/09/2024 17:00,WIND,492301,1,HCM,1,62122,1011,280,11,300,23,1613,6,6,6,6,6,NA,NA,NA,NA,11/09/2024 17:03,0
11/09/2024 18:00,WIND,492301,1,HCM,1,62122,1011,280,8,260,15,1725,6,6,6,6,6,NA,NA,NA,NA,11/09/2024 18:03,0
11/09/2024 19:00,WIND,492301,1,HCM,1,62122,1011,260,8,270,15,1753,6,6,6,6,6,NA,NA,NA,NA,11/09/2024 19:03,0
11/09/2024 20:00,WIND,492301,1,HCM,1,62122,1011,260,6,250,14,1900,6,6,6,6,6,NA,NA,NA,NA,11/09/2024 20:03,0
11/09/2024 21:00,WIND,492301,1,HCM,1,62122,1011,230,2,260,8,1951,6,6,6,6,6,NA,NA,NA,NA,11/09/2024 21:03,0
11/09/2024 22:00,WIND,492301,1,HCM,1,62122,1011,270,4,270,12,2149,6,6,6,6,6,NA,NA,NA,NA,11/09/2024 22:03,0
11/09/2024 23:00,WIND,492301,1,HCM,1,62122,1011,260,6,260,13,2211,6,6,6,6,6,NA,NA,NA,NA,11/09/2024 23:03,0
12/09/2024 00:00,WIND,492301,1,HCM,1,62122,1011,260,4,280,11,2302,6,6,6,6,6,NA,NA,NA,NA,12/09/2024 00:03,0
12/09/2024 01:00,WIND,492301,1,HCM,1,62122,1011,260,4,300,11,30,6,6,6,6,6,NA,NA,NA,NA,12/09/2024 01:03,0
12/09/2024 02:00,WIND,492301,1,HCM,1,62122,1011,270,3,290,8,132,6,6,6,6,6,NA,NA,NA,NA,12/09/2024 02:03,0
12/09/2024 03:00,WIND,492301,1,HCM,1,62122,1011,260,3,280,7,200,6,6,6,6,6,NA,NA,NA,NA,12/09/2024 03:03,0
12/09/2024 04:00,WIND,492301,1,HCM,1,62122,1011,230,2,260,6,349,6,6,6,6,6,NA,NA,NA,NA,12/09/2024 04:03,0
12/09/2024 05:00,WIND,492301,1,HCM,1,62122,1011,250,5,250,10,424,6,6,6,6,6,NA,NA,NA,NA,12/09/2024 05:03,0
12/09/2024 06:00,WIND,492301,1,HCM,1,62122,1011,250,4,250,9,500,6,6,6,6,6,NA,NA,NA,NA,12/09/2024 06:03,0
12/09/2024 07:00,WIND,492301,1,HCM,1,62122,1011,250,3,260,7,611,6,6,6,6,6,NA,NA,NA,NA,12/09/2024 07:03,0
12/09/2024 08:00,WIND,492301,1,HCM,1,62122,1011,240,5,250,9,749,6,6,6,6,6,NA,NA,NA,NA,12/09/2024 08:03,0
12/09/2024 09:00,WIND,492301,1,HCM,1,62122,1011,260,7,240,12,826,6,6,6,6,6,NA,NA,NA,NA,12/09/2024 09:03,0
12/09/2024 10:00,WIND,492301,1,HCM,1,62122,1011,270,7,260,13,930,6,6,6,6,6,NA,NA,NA,NA,12/09/2024 10:03,0
12/09/2024 11:00,WIND,492301,1,HCM,1,62122,1011,290,9,330,24,1035,6,6,6,6,6,NA,NA,NA,NA,12/09/2024 11:03,0
12/09/2024 12:00,WIND,492301,1,HCM,1,62122,1011,310,7,310,20,1110,6,6,6,6,6,NA,NA,NA,NA,12/09/2024 12:03,0
12/09/2024 13:00,WIND,492301,1,HCM,1,62122,1011,270,7,260,16,1248,6,6,6,6,6,NA,NA,NA,NA,12/09/2024 13:03,0
12/09/2024 14:00,WIND,492301,1,HCM,1,62122,1011,300,8,290,17,1315,6,6,6,6,6,NA,NA,NA,NA,12/09/2024 14:03,0
12/09/2024 15:00,WIND,492301,1,HCM,1,62122,1011,330,9,350,21,1418,6,6,6,6,6,NA,NA,NA,NA,12/09/2024 15:03,0
12/09/2024 16:00,WIND,492301,1,HCM,1,62122,1011,330,8,330,16,1548,6,6,6,6,6,NA,NA,NA,NA,12/09/2024 16:03,0
12/09/2024 17:00,WIND,492301,1,HCM,1,62122,1011,340,9,360,16,1642,6,6,6,6,6,NA,NA,NA,NA,12/09/2024 17:03,0
12/09/2024 18:00,WIND,492301,1,HCM,1,62122,1011,340,7,330,14,1717,6,6,6,6,6,NA,NA,NA,NA,12/09/2024 18:03,0
12/09/2024 19:00,WIND,492301,1,HCM,1,62122,1011,330,6,320,12,1812,6,6,6,6,6,NA,NA,NA,NA,12/09/2024 19:03,0
12/09/2024 20:00,WIND,492301,1,HCM,1,62122,1011,330,3,340,6,1910,6,6,6,6,6,NA,NA,NA,NA,12/09/2024 20:03,0
12/09/2024 21:00,WIND,492301,1,HCM,1,62122,1011,340,4,350,9,2024,6,6,6,6,6,NA,NA,NA,NA,12/09/2024 21:03,0
12/09/2024 22:00,WIND,492301,1,HCM,1,62122,1011,320,3,360,8,2116,6,6,6,6,6,NA,NA,NA,NA,12/09/2024 22:03,0
12/09/2024 23:00,WIND,492301,1,HCM,1,62122,1011,330,4,340,8,2225,6,6,6,6,6,NA,NA,NA,NA,12/09/2024 23:03,0
13/09/2024 00:00,WIND,492301,1,HCM,1,62122,1011,340,5,350,8,2336,6,6,6,6,6,NA,NA,NA,NA,13/09/2024 00:03,0
13/09/2024 01:00,WIND,492301,1,HCM,1,62122,1011,320,3,340,7,49,6,6,6,6,6,NA,NA,NA,NA,13/09/2024 01:03,0
13/09/2024 02:00,WIND,492301,1,HCM,1,62122,1011,350,3,350,8,53,6,6,6,6,6,NA,NA,NA,NA,13/09/2024 02:03,0
13/09/2024 03:00,WIND,492301,1,HCM,1,62122,1011,240,2,20,4,237,6,6,6,6,6,NA,NA,NA,NA,13/09/2024 03:03,0
13/09/2024 04:00,WIND,492301,1,HCM,1,62122,1011,50,1,250,2,345,6,6,6,6,6,NA,NA,NA,NA,13/09/2024 04:03,0
13/09/2024 05:00,WIND,492301,1,HCM,1,62122,1011,260,2,330,4,416,6,6,6,6,6,NA,NA,NA,NA,13/09/2024 05:03,0
13/09/2024 06:00,WIND,492301,1,HCM,1,62122,1011,310,1,320,2,505,6,6,6,6,6,NA,NA,NA,NA,13/09/2024 06:03,0
13/09/2024 07:00,WIND,492301,1,HCM,1,62122,1011,170,1,160,4,637,6,6,6,6,6,NA,NA,NA,NA,13/09/2024 07:03,0
13/09/2024 08:00,WIND,492301,1,HCM,1,62122,1011,180,1,180,4,708,6,6,6,6,6,NA,NA,NA,NA,13/09/2024 08:03,0
13/09/2024 09:00,WIND,492301,1,HCM,1,62122,1011,290,2,260,4,846,6,6,6,6,6,NA,NA,NA,NA,13/09/2024 09:03,0
13/09/2024 10:00,WIND,492301,1,HCM,1,62122,1011,290,2,260,6,928,6,6,6,6,6,NA,NA,NA,NA,13/09/2024 10:03,0
13/09/2024 11:00,WIND,492301,1,HCM,1,62122,1011,310,2,310,6,1044,6,6,6,6,6,NA,NA,NA,NA,13/09/2024 11:03,0
13/09/2024 12:00,WIND,492301,1,HCM,1,62122,1011,260,4,240,11,1132,6,6,6,6,6,NA,NA,NA,NA,13/09/2024 12:03,0
13/09/2024 13:00,WIND,492301,1,HCM,1,62122,1011,270,4,280,9,1202,6,6,6,6,6,NA,NA,NA,NA,13/09/2024 13:03,0
13/09/2024 14:00,WIND,492301,1,HCM,1,62122,1011,310,4,310,13,1318,6,6,6,6,6,NA,NA,NA,NA,13/09/2024 14:03,0
13/09/2024 15:00,WIND,492301,1,HCM,1,62122,1011,260,6,250,11,1438,6,6,6,6,6,NA,NA,NA,NA,13/09/2024 15:03,0
13/09/2024 16:00,WIND,492301,1,HCM,1,62122,1011,260,6,250,11,1542,6,6,6,6,6,NA,NA,NA,NA,13/09/2024 16:03,0
13/09/2024 17:00,WIND,492301,1,HCM,1,62122,1011,240,6,260,11,1612,6,6,6,6,6,NA,NA,NA,NA,13/09/2024 17:03,0
13/09/2024 18:00,WIND,492301,1,HCM,1,62122,1011,240,6,230,13,1724,6,6,6,6,6,NA,NA,NA,NA,13/09/2024 18:03,0
13/09/2024 19:00,WIND,492301,1,HCM,1,62122,1011,240,4,220,8,1808,6,6,6,6,6,NA,NA,NA,NA,13/09/2024 19:03,0
13/09/2024 20:00,WIND,492301,1,HCM,1,62122,1011,240,4,260,7,1926,6,6,6,6,6,NA,NA,NA,NA,13/09/2024 20:03,0
13/09/2024 21:00,WIND,492301,1,HCM,1,62122,1011,250,4,250,8,2017,6,6,6,6,6,NA,NA,NA,NA,13/09/2024 21:03,0
13/09/2024 22:00,WIND,492301,1,HCM,1,62122,1011,240,2,230,6,2051,6,6,6,6,6,NA,NA,NA,NA,13/09/2024 22:03,0
13/09/2024 23:00,WIND,492301,1,HCM,1,62122,1011,180,1,100,3,2200,6,6,6,6,6,NA,NA,NA,NA,13/09/2024 23:03,0
14/09/2024 00:00,WIND,492301,1,HCM,1,62122,1011,150,2,170,4,2312,6,6,6,6,6,NA,NA,NA,NA,14/09/2024 00:03,0
14/09/2024 01:00,WIND,492301,1,HCM,1,62122,1011,130,2,190,3,4,6,6,6,6,6,NA,NA,NA,NA,14/09/2024 01:03,0
14/09/2024 02:00,WIND,492301,1,HCM,1,62122,1011,130,2,160,4,143,6,6,6,6,6,NA,NA,NA,NA,14/09/2024 02:03,0
14/09/2024 03:00,WIND,492301,1,HCM,1,62122,1011,150,3,130,4,202,6,6,6,6,6,NA,NA,NA,NA,14/09/2024 03:03,0
14/09/2024 04:00,WIND,492301,1,HCM,1,62122,1011,130,2,150,4,349,6,6,6,6,6,NA,NA,NA,NA,14/09/2024 04:03,0
14/09/2024 05:00,WIND,492301,1,HCM,1,62122,1011,160,3,170,4,425,6,6,6,6,6,NA,NA,NA,NA,14/09/2024 05:03,0
14/09/2024 06:00,WIND,492301,1,HCM,1,62122,1011,160,3,170,5,537,6,6,6,6,6,NA,NA,NA,NA,14/09/2024 06:03,0
14/09/2024 07:00,WIND,492301,1,HCM,1,62122,1011,140,2,140,5,627,6,6,6,6,6,NA,NA,NA,NA,14/09/2024 07:03,0
14/09/2024 08:00,WIND,492301,1,HCM,1,62122,1011,160,3,190,8,748,6,6,6,6,6,NA,NA,NA,NA,14/09/2024 08:03,0
14/09/2024 09:00,WIND,492301,1,HCM,1,62122,1011,200,7,200,13,825,6,6,6,6,6,NA,NA,NA,NA,14/09/2024 09:03,0
14/09/2024 10:00,WIND,492301,1,HCM,1,62122,1011,220,8,230,14,942,6,6,6,6,6,NA,NA,NA,NA,14/09/2024 10:03,0
14/09/2024 11:00,WIND,492301,1,HCM,1,62122,1011,220,8,220,15,1016,6,6,6,6,6,NA,NA,NA,NA,14/09/2024 11:03,0
14/09/2024 12:00,WIND,492301,1,HCM,1,62122,1011,230,8,200,17,1142,6,6,6,6,6,NA,NA,NA,NA,14/09/2024 12:03,0
14/09/2024 13:00,WIND,492301,1,HCM,1,62122,1011,240,8,240,13,1242,6,6,6,6,6,NA,NA,NA,NA,14/09/2024 13:03,0
14/09/2024 14:00,WIND,492301,1,HCM,1,62122,1011,260,8,290,15,1335,6,6,6,6,6,NA,NA,NA,NA,14/09/2024 14:03,0
14/09/2024 15:00,WIND,492301,1,HCM,1,62122,1011,250,9,250,15,1414,6,6,6,6,6,NA,NA,NA,NA,14/09/2024 15:03,0
14/09/2024 16:00,WIND,492301,1,HCM,1,62122,1011,250,9,220,15,1450,6,6,6,6,6,NA,NA,NA,NA,14/09/2024 16:03,0
14/09/2024 17:00,WIND,492301,1,HCM,1,62122,1011,250,7,240,10,1642,6,6,6,6,6,NA,NA,NA,NA,14/09/2024 17:03,0
14/09/2024 18:00,WIND,492301,1,HCM,1,62122,1011,250,5,250,9,1658,6,6,6,6,6,NA,NA,NA,NA,14/09/2024 18:03,0
14/09/2024 19:00,WIND,492301,1,HCM,1,62122,1011,220,4,230,8,1834,6,6,6,6,6,NA,NA,NA,NA,14/09/2024 19:03,0
14/09/2024 20:00,WIND,492301,1,HCM,1,62122,1011,210,4,210,8,1924,6,6,6,6,6,NA,NA,NA,NA,14/09/2024 20:03,0
14/09/2024 21:00,WIND,492301,1,HCM,1,62122,1011,220,3,230,6,2021,6,6,6,6,6,NA,NA,NA,NA,14/09/2024 21:03,0
14/09/2024 22:00,WIND,492301,1,HCM,1,62122,1011,160,2,220,5,2050,6,6,6,6,6,NA,NA,NA,NA,14/09/2024 22:03,0
14/09/2024 23:00,WIND,492301,1,HCM,1,62122,1011,170,2,190,4,2215,6,6,6,6,6,NA,NA,NA,NA,14/09/2024 23:03,0
15/09/2024 00:00,WIND,492301,1,HCM,1,62122,1011,180,3,170,5,2342,6,6,6,6,6,NA,NA,NA,NA,15/09/2024 00:03,0
15/09/2024 01:00,WIND,492301,1,HCM,1,62122,1011,180,3,180,6,27,6,6,6,6,6,NA,NA,NA,NA,15/09/2024 01:03,0
15/09/2024 02:00,WIND,492301,1,HCM,1,62122,1011,180,4,190,6,56,6,6,6,6,6,NA,NA,NA,NA,15/09/2024 02:03,0
15/09/2024 03:00,WIND,492301,1,HCM,1,62122,1011,190,4,190,7,207,6,6,6,6,6,NA,NA,NA,NA,15/09/2024 03:03,0
15/09/2024 04:00,WIND,492301,1,HCM,1,62122,1011,190,3,170,7,342,6,6,6,6,6,NA,NA,NA,NA,15/09/2024 04:03,0
15/09/2024 05:00,WIND,492301,1,HCM,1,62122,1011,200,4,190,9,429,6,6,6,6,6,NA,NA,NA,NA,15/09/2024 05:03,0
15/09/2024 06:00,WIND,492301,1,HCM,1,62122,1011,210,6,210,10,515,6,6,6,6,6,NA,NA,NA,NA,15/09/2024 06:03,0
15/09/2024 07:00,WIND,492301,1,HCM,1,62122,1011,200,5,190,10,609,6,6,6,6,6,NA,NA,NA,NA,15/09/2024 07:03,0
15/09/2024 08:00,WIND,492301,1,HCM,1,62122,1011,210,6,200,11,719,6,6,6,6,6,NA,NA,NA,NA,15/09/2024 08:03,0
15/09/2024 09:00,WIND,492301,1,HCM,1,62122,1011,220,7,220,14,838,6,6,6,6,6,NA,NA,NA,NA,15/09/2024 09:03,0
15/09/2024 10:00,WIND,492301,1,HCM,1,62122,1011,220,9,220,16,922,6,6,6,6,6,NA,NA,NA,NA,15/09/2024 10:03,0
15/09/2024 11:00,WIND,492301,1,HCM,1,62122,1011,220,9,230,17,1002,6,6,6,6,6,NA,NA,NA,NA,15/09/2024 11:03,0
15/09/2024 12:00,WIND,492301,1,HCM,1,62122,1011,230,10,230,16,1145,6,6,6,6,6,NA,NA,NA,NA,15/09/2024 12:03,0
15/09/2024 13:00,WIND,492301,1,HCM,1,62122,1011,230,10,240,17,1235,6,6,6,6,6,NA,NA,NA,NA,15/09/2024 13:03,0
15/09/2024 14:00,WIND,492301,1,HCM,1,62122,1011,230,9,210,17,1251,6,6,6,6,6,NA,NA,NA,NA,15/09/2024 14:03,0
15/09/2024 15:00,WIND,492301,1,HCM,1,62122,1011,230,10,230,17,1437,6,6,6,6,6,NA,NA,NA,NA,15/09/2024 15:03,0
15/09/2024 16:00,WIND,492301,1,HCM,1,62122,1011,240,10,240,21,1523,6,6,6,6,6,NA,NA,NA,NA,15/09/2024 16:03,0
15/09/2024 17:00,WIND,492301,1,HCM,1,62122,1011,240,9,260,17,1556,6,6,6,6,6,NA,NA,NA,NA,15/09/2024 17:03,0
15/09/2024 18:00,WIND,492301,1,HCM,1,62122,1011,250,8,250,17,1704,6,6,6,6,6,NA,NA,NA,NA,15/09/2024 18:03,0
15/09/2024 19:00,WIND,492301,1,HCM,1,62122,1011,250,9,250,17,1830,6,6,6,6,6,NA,NA,NA,NA,15/09/2024 19:03,0
15/09/2024 20:00,WIND,492301,1,HCM,1,62122,1011,250,7,240,13,1851,6,6,6,6,6,NA,NA,NA,NA,15/09/2024 20:03,0
15/09/2024 21:00,WIND,492301,1,HCM,1,62122,1011,240,5,250,10,2049,6,6,6,6,6,NA,NA,NA,NA,15/09/2024 21:03,0
15/09/2024 22:00,WIND,492301,1,HCM,1,62122,1011,240,6,250,11,2054,6,6,6,6,6,NA,NA,NA,NA,15/09/2024 22:03,0
15/09/2024 23:00,WIND,492301,1,HCM,1,62122,1011,230,5,240,10,2206,6,6,6,6,6,NA,NA,NA,NA,15/09/2024 23:03,0
16/09/2024 00:00,WIND,492301,1,HCM,1,62122,1011,230,3,240,7,2307,6,6,6,6,6,NA,NA,NA,NA,16/09/2024 00:03,0
16/09/2024 01:00,WIND,492301,1,HCM,1,62122,1011,250,3,250,5,15,6,6,6,6,6,NA,NA,NA,NA,16/09/2024 01:03,0
16/09/2024 02:00,WIND,492301,1,HCM,1,62122,1011,300,2,360,5,149,6,6,6,6,6,NA,NA,NA,NA,16/09/2024 02:03,0
16/09/2024 03:00,WIND,492301,1,HCM,1,62122,1011,30,5,10,9,152,6,6,6,6,6,NA,NA,NA,NA,16/09/2024 03:03,0
16/09/2024 04:00,WIND,492301,1,HCM,1,62122,1011,30,5,10,11,349,6,6,6,6,6,NA,NA,NA,NA,16/09/2024 04:03,0
16/09/2024 05:00,WIND,492301,1,HCM,1,62122,1011,30,7,30,13,419,6,6,6,6,6,NA,NA,NA,NA,16/09/2024 05:03,0
16/09/2024 06:00,WIND,492301,1,HCM,1,62122,1011,10,7,10,13,503,6,6,6,6,6,NA,NA,NA,NA,16/09/2024 06:03,0
16/09/2024 07:00,WIND,492301,1,HCM,1,62122,1011,20,6,20,11,617,6,6,6,6,6,NA,NA,NA,NA,16/09/2024 07:03,0
16/09/2024 08:00,WIND,492301,1,HCM,1,62122,1011,20,6,20,12,700,6,6,6,6,6,NA,NA,NA,NA,16/09/2024 08:03,0
16/09/2024 09:00,WIND,492301,1,HCM,1,62122,1011,30,6,20,10,758,6,6,6,6,6,NA,NA,NA,NA,16/09/2024 09:03,0
16/09/2024 10:00,WIND,492301,1,HCM,1,62122,1011,40,6,50,9,940,6,6,6,6,6,NA,NA,NA,NA,16/09/2024 10:03,0
16/09/2024 11:00,WIND,492301,1,HCM,1,62122,1011,40,5,40,10,1006,6,6,6,6,6,NA,NA,NA,NA,16/09/2024 11:03,0
16/09/2024 12:00,WIND,492301,1,HCM,1,62122,1011,40,4,50,10,1130,6,6,6,6,6,NA,NA,NA,NA,16/09/2024 12:03,0
16/09/2024 13:00,WIND,492301,1,HCM,1,62122,1011,40,5,60,11,1215,6,6,6,6,6,NA,NA,NA,NA,16/09/2024 13:03,0
16/09/2024 14:00,WIND,492301,1,HCM,1,62122,1011,40,6,350,12,1326,6,6,6,6,6,NA,NA,NA,NA,16/09/2024 14:03,0
16/09/2024 15:00,WIND,492301,1,HCM,1,62122,1011,30,6,20,13,1355,6,6,6,6,6,NA,NA,NA,NA,16/09/2024 15:03,0
16/09/2024 16:00,WIND,492301,1,HCM,1,62122,1011,10,6,360,10,1526,6,6,6,6,6,NA,NA,NA,NA,16/09/2024 16:03,0
16/09/2024 17:00,WIND,492301,1,HCM,1,62122,1011,30,6,40,10,1554,6,6,6,6,6,NA,NA,NA,NA,16/09/2024 17:03,0
16/09/2024 18:00,WIND,492301,1,HCM,1,62122,1011,360,6,360,11,1711,6,6,6,6,6,NA,NA,NA,NA,16/09/2024 18:03,0
16/09/2024 19:00,WIND,492301,1,HCM,1,62122,1011,360,5,360,7,1754,6,6,6,6,6,NA,NA,NA,NA,16/09/2024 19:03,0
16/09/2024 20:00,WIND,492301,1,HCM,1,62122,1011,360,4,340,8,1923,6,6,6,6,6,NA,NA,NA,NA,16/09/2024 20:03,0
16/09/2024 21:00,WIND,492301,1,HCM,1,62122,1011,30,4,10,7,1952,6,6,6,6,6,NA,NA,NA,NA,16/09/2024 21:03,0
16/09/2024 22:00,WIND,492301,1,HCM,1,62122,1011,70,2,30,5,2100,6,6,6,6,6,NA,NA,NA,NA,16/09/2024 22:03,0
16/09/2024 23:00,WIND,492301,1,HCM,1,62122,1011,70,3,40,5,2210,6,6,6,6,6,NA,NA,NA,NA,16/09/2024 23:03,0
17/09/2024 00:00,WIND,492301,1,HCM,1,62122,1011,70,4,70,7,2300,6,6,6,6,6,NA,NA,NA,NA,17/09/2024 00:03,0
17/09/2024 01:00,WIND,492301,1,HCM,1,62122,1011,60,4,50,7,2356,6,6,6,6,6,NA,NA,NA,NA,17/09/2024 01:03,0
17/09/2024 02:00,WIND,492301,1,HCM,1,62122,1011,30,4,50,8,55,6,6,6,6,6,NA,NA,NA,NA,17/09/2024 02:03,0
17/09/2024 03:00,WIND,492301,1,HCM,1,62122,1011,50,4,60,7,155,6,6,6,6,6,NA,NA,NA,NA,17/09/2024 03:03,0
17/09/2024 04:00,WIND,492301,1,HCM,1,62122,1011,30,4,30,6,343,6,6,6,6,6,NA,NA,NA,NA,17/09/2024 04:03,0
17/09/2024 05:00,WIND,492301,1,HCM,1,62122,1011,40,4,30,7,412,6,6,6,6,6,NA,NA,NA,NA,17/09/2024 05:03,0
17/09/2024 06:00,WIND,492301,1,HCM,1,62122,1011,40,2,50,5,450,6,6,6,6,6,NA,NA,NA,NA,17/09/2024 06:03,0
17/09/2024 07:00,WIND,492301,1,HCM,1,62122,1011,30,3,50,6,633,6,6,6,6,6,NA,NA,NA,NA,17/09/2024 07:03,0
17/09/2024 08:00,WIND,492301,1,HCM,1,62122,1011,30,4,40,7,725,6,6,6,6,6,NA,NA,NA,NA,17/09/2024 08:03,0
17/09/2024 09:00,WIND,492301,1,HCM,1,62122,1011,40,5,30,9,821,6,6,6,6,6,NA,NA,NA,NA,17/09/2024 09:03,0
17/09/2024 10:00,WIND,492301,1,HCM,1,62122,1011,40,6,30,12,943,6,6,6,6,6,NA,NA,NA,NA,17/09/2024 10:03,0
17/09/2024 11:00,WIND,492301,1,HCM,1,62122,1011,30,6,60,11,1030,6,6,6,6,6,NA,NA,NA,NA,17/09/2024 11:03,0
17/09/2024 12:00,WIND,492301,1,HCM,1,62122,1011,20,7,360,14,1112,6,6,6,6,6,NA,NA,NA,NA,17/09/2024 12:03,0
17/09/2024 13:00,WIND,492301,1,HCM,1,62122,1011,20,7,40,13,1247,6,6,6,6,6,NA,NA,NA,NA,17/09/2024 13:03,0
17/09/2024 14:00,WIND,492301,1,HCM,1,62122,1011,30,7,340,14,1306,6,6,6,6,6,NA,NA,NA,NA,17/09/2024 14:03,0
17/09/2024 15:00,WIND,492301,1,HCM,1,62122,1011,40,8,50,15,1424,6,6,6,6,6,NA,NA,NA,NA,17/09/2024 15:03,0
17/09/2024 16:00,WIND,492301,1,HCM,1,62122,1011,60,9,50,15,1523,6,6,6,6,6,NA,NA,NA,NA,17/09/2024 16:03,0
17/09/2024 17:00,WIND,492301,1,HCM,1,62122,1011,60,8,40,14,1600,6,6,6,6,6,NA,NA,NA,NA,17/09/2024 17:03,0
17/09/2024 18:00,WIND,492301,1,HCM,1,62122,1011,50,7,40,13,1711,6,6,6,6,6,NA,NA,NA,NA,17/09/2024 18:03,0
17/09/2024 19:00,WIND,492301,1,HCM,1,62122,1011,50,5,50,10,1755,6,6,6,6,6,NA,NA,NA,NA,17/09/2024 19:03,0
17/09/2024 20:00,WIND,492301,1,HCM,1,62122,1011,40,4,40,9,1947,6,6,6,6,6,NA,NA,NA,NA,17/09/2024 20:03,0
17/09/2024 21:00,WIND,492301,1,HCM,1,62122,1011,40,6,50,11,2039,6,6,6,6,6,NA,NA,NA,NA,17/09/2024 21:03,0
17/09/2024 22:00,WIND,492301,1,HCM,1,62122,1011,40,5,30,8,2101,6,6,6,6,6,NA,NA,NA,NA,17/09/2024 22:03,0
17/09/2024 23:00,WIND,492301,1,HCM,1,62122,1011,50,5,40,10,2205,6,6,6,6,6,NA,NA,NA,NA,17/09/2024 23:03,0
18/09/2024 00:00,WIND,492301,1,HCM,1,62122,1011,60,6,60,10,2311,6,6,6,6,6,NA,NA,NA,NA,18/09/2024 00:03,0
18/09/2024 01:00,WIND,492301,1,HCM,1,62122,1011,60,6,60,10,10,6,6,6,6,6,NA,NA,NA,NA,18/09/2024 01:03,0
18/09/2024 02:00,WIND,492301,1,HCM,1,62122,1011,40,6,40,11,149,6,6,6,6,6,NA,NA,NA,NA,18/09/2024 02:03,0
18/09/2024 03:00,WIND,492301,1,HCM,1,62122,1011,20,6,20,10,209,6,6,6,6,6,NA,NA,NA,NA,18/09/2024 03:03,0
18/09/2024 04:00,WIND,492301,1,HCM,1,62122,1011,20,6,10,11,308,6,6,6,6,6,NA,NA,NA,NA,18/09/2024 04:03,0
18/09/2024 05:00,WIND,492301,1,HCM,1,62122,1011,360,7,360,12,441,6,6,6,6,6,NA,NA,NA,NA,18/09/2024 05:03,0
18/09/2024 06:00,WIND,492301,1,HCM,1,62122,1011,10,9,10,15,505,6,6,6,6,6,NA,NA,NA,NA,18/09/2024 06:03,0
18/09/2024 07:00,WIND,492301,1,HCM,1,62122,1011,10,8,20,14,558,6,6,6,6,6,NA,NA,NA,NA,18/09/2024 07:03,0
18/09/2024 08:00,WIND,492301,1,HCM,1,62122,1011,20,8,20,13,700,6,6,6,6,6,NA,NA,NA,NA,18/09/2024 08:03,0
18/09/2024 09:00,WIND,492301,1,HCM,1,62122,1011,30,7,30,12,817,6,6,6,6,6,NA,NA,NA,NA,18/09/2024 09:03,0
18/09/2024 10:00,WIND,492301,1,HCM,1,62122,1011,50,9,50,18,857,6,6,6,6,6,NA,NA,NA,NA,18/09/2024 10:03,0
18/09/2024 11:00,WIND,492301,1,HCM,1,62122,1011,50,10,30,16,1048,6,6,6,6,6,NA,NA,NA,NA,18/09/2024 11:03,0
18/09/2024 12:00,WIND,492301,1,HCM,1,62122,1011,40,10,50,16,1119,6,6,6,6,6,NA,NA,NA,NA,18/09/2024 12:03,0
18/09/2024 13:00,WIND,492301,1,HCM,1,62122,1011,40,10,50,18,1233,6,6,6,6,6,NA,NA,NA,NA,18/09/2024 13:03,0
18/09/2024 14:00,WIND,492301,1,HCM,1,62122,1011,30,10,10,17,1319,6,6,6,6,6,NA,NA,NA,NA,18/09/2024 14:03,0
18/09/2024 15:00,WIND,492301,1,HCM,1,62122,1011,10,10,10,17,1431,6,6,6,6,6,NA,NA,NA,NA,18/09/2024 15:03,0
18/09/2024 16:00,WIND,492301,1,HCM,1,62122,1011,20,10,30,19,1456,6,6,6,6,6,NA,NA,NA,NA,18/09/2024 16:03,0
18/09/2024 17:00,WIND,492301,1,HCM,1,62122,1011,20,9,40,16,1643,6,6,6,6,6,NA,NA,NA,NA,18/09/2024 17:03,0
18/09/2024 18:00,WIND,492301,1,HCM,1,62122,1011,20,8,20,14,1714,6,6,6,6,6,NA,NA,NA,NA,18/09/2024 18:03,0
18/09/2024 19:00,WIND,492301,1,HCM,1,62122,1011,20,8,10,13,1755,6,6,6,6,6,NA,NA,NA,NA,18/09/2024 19:03,0
18/09/2024 20:00,WIND,492301,1,HCM,1,62122,1011,20,8,10,15,1926,6,6,6,6,6,NA,NA,NA,NA,18/09/2024 20:03,0
18/09/2024 21:00,WIND,492301,1,HCM,1,62122,1011,20,8,360,13,2006,6,6,6,6,6,NA,NA,NA,NA,18/09/2024 21:03,0
18/09/2024 22:00,WIND,492301,1,HCM,1,62122,1011,30,8,20,17,2111,6,6,6,6,6,NA,NA,NA,NA,18/09/2024 22:03,0
18/09/2024 23:00,WIND,492301,1,HCM,1,62122,1011,30,8,50,15,2218,6,6,6,6,6,NA,NA,NA,NA,18/09/2024 23:03,0
19/09/2024 00:00,WIND,492301,1,HCM,1,62122,1011,20,8,20,14,2340,6,6,6,6,6,NA,NA,NA,NA,19/09/2024 00:03,0
19/09/2024 01:00,WIND,492301,1,HCM,1,62122,1011,20,7,10,14,40,6,6,6,6,6,NA,NA,NA,NA,19/09/2024 01:03,0
19/09/2024 02:00,WIND,492301,1,HCM,1,62122,1011,10,6,10,10,58,6,6,6,6,6,NA,NA,NA,NA,19/09/2024 02:03,0
19/09/2024 03:00,WIND,492301,1,HCM,1,62122,1011,10,5,360,10,152,6,6,6,6,6,NA,NA,NA,NA,19/09/2024 03:03,0
19/09/2024 04:00,WIND,492301,1,HCM,1,62122,1011,10,7,360,15,338,6,6,6,6,6,NA,NA,NA,NA,19/09/2024 04:03,0
19/09/2024 05:00,WIND,492301,1,HCM,1,62122,1011,360,7,360,14,425,6,6,6,6,6,NA,NA,NA,NA,19/09/2024 05:03,0
19/09/2024 06:00,WIND,492301,1,HCM,1,62122,1011,350,6,350,10,510,6,6,6,6,6,NA,NA,NA,NA,19/09/2024 06:03,0
19/09/2024 07:00,WIND,492301,1,HCM,1,62122,1011,10,6,40,15,639,6,6,6,6,6,NA,NA,NA,NA,19/09/2024 07:03,0
19/09/2024 08:00,WIND,492301,1,HCM,1,62122,1011,40,9,40,16,729,6,6,6,6,6,NA,NA,NA,NA,19/09/2024 08:03,0
19/09/2024 09:00,WIND,492301,1,HCM,1,62122,1011,50,8,70,16,832,6,6,6,6,6,NA,NA,NA,NA,19/09/2024 09:03,0
19/09/2024 10:00,WIND,492301,1,HCM,1,62122,1011,40,9,30,16,911,6,6,6,6,6,NA,NA,NA,NA,19/09/2024 10:03,0
19/09/2024 11:00,WIND,492301,1,HCM,1,62122,1011,50,10,60,17,1042,6,6,6,6,6,NA,NA,NA,NA,19/09/2024 11:03,0
19/09/2024 12:00,WIND,492301,1,HCM,1,62122,1011,40,10,50,17,1118,6,6,6,6,6,NA,NA,NA,NA,19/09/2024 12:03,0
19/09/2024 13:00,WIND,492301,1,HCM,1,62122,1011,30,10,40,18,1201,6,6,6,6,6,NA,NA,NA,NA,19/09/2024 13:03,0
19/09/2024 14:00,WIND,492301,1,HCM,1,62122,1011,20,10,20,18,1303,6,6,6,6,6,NA,NA,NA,NA,19/09/2024 14:03,0
19/09/2024 15:00,WIND,492301,1,HCM,1,62122,1011,10,11,20,19,1438,6,6,6,6,6,NA,NA,NA,NA,19/09/2024 15:03,0
19/09/2024 16:00,WIND,492301,1,HCM,1,62122,1011,20,10,10,18,1510,6,6,6,6,6,NA,NA,NA,NA,19/09/2024 16:03,0
19/09/2024 17:00,WIND,492301,1,HCM,1,62122,1011,20,11,10,17,1606,6,6,6,6,6,NA,NA,NA,NA,19/09/2024 17:02,0
19/09/2024 18:00,WIND,492301,1,HCM,1,62122,1011,10,11,30,17,1714,6,6,6,6,6,NA,NA,NA,NA,19/09/2024 18:03,0
19/09/2024 19:00,WIND,492301,1,HCM,1,62122,1011,10,9,350,19,1832,6,6,6,6,6,NA,NA,NA,NA,19/09/2024 19:03,0
19/09/2024 20:00,WIND,492301,1,HCM,1,62122,1011,10,9,360,15,1901,6,6,6,6,6,NA,NA,NA,NA,19/09/2024 20:03,0
19/09/2024 21:00,WIND,492301,1,HCM,1,62122,1011,10,10,20,18,2028,6,6,6,6,6,NA,NA,NA,NA,19/09/2024 21:03,0
19/09/2024 22:00,WIND,492301,1,HCM,1,62122,1011,20,10,10,17,2100,6,6,6,6,6,NA,NA,NA,NA,19/09/2024 22:03,0
19/09/2024 23:00,WIND,492301,1,HCM,1,62122,1011,30,8,10,16,2153,6,6,6,6,6,NA,NA,NA,NA,19/09/2024 23:03,0
20/09/2024 00:00,WIND,492301,1,HCM,1,62122,1011,30,7,40,12,2310,6,6,6,6,6,NA,NA,NA,NA,20/09/2024 00:03,0
20/09/2024 01:00,WIND,492301,1,HCM,1,62122,1011,30,7,30,13,30,6,6,6,6,6,NA,NA,NA,NA,20/09/2024 01:03,0
20/09/2024 02:00,WIND,492301,1,HCM,1,62122,1011,40,7,30,12,128,6,6,6,6,6,NA,NA,NA,NA,20/09/2024 02:03,0
20/09/2024 03:00,WIND,492301,1,HCM,1,62122,1011,30,6,30,11,218,6,6,6,6,6,NA,NA,NA,NA,20/09/2024 03:03,0
20/09/2024 04:00,WIND,492301,1,HCM,1,62122,1011,30,7,30,12,328,6,6,6,6,6,NA,NA,NA,NA,20/09/2024 04:03,0
20/09/2024 05:00,WIND,492301,1,HCM,1,62122,1011,20,7,10,12,425,6,6,6,6,6,NA,NA,NA,NA,20/09/2024 05:07,0
20/09/2024 06:00,WIND,492301,1,HCM,1,62122,1011,20,8,10,16,540,6,6,6,6,6,NA,NA,NA,NA,20/09/2024 06:04,0
20/09/2024 07:00,WIND,492301,1,HCM,1,62122,1011,20,8,10,15,641,6,6,6,6,6,NA,NA,NA,NA,20/09/2024 07:03,0
20/09/2024 08:00,WIND,492301,1,HCM,1,62122,1011,20,7,20,14,724,6,6,6,6,6,NA,NA,NA,NA,20/09/2024 08:03,0
20/09/2024 09:00,WIND,492301,1,HCM,1,62122,1011,20,9,360,14,800,6,6,6,6,6,NA,NA,NA,NA,20/09/2024 09:03,0
20/09/2024 10:00,WIND,492301,1,HCM,1,62122,1011,20,9,10,16,912,6,6,6,6,6,NA,NA,NA,NA,20/09/2024 10:03,0
20/09/2024 11:00,WIND,492301,1,HCM,1,62122,1011,10,9,350,16,1011,6,6,6,6,6,NA,NA,NA,NA,20/09/2024 11:03,0
20/09/2024 12:00,WIND,492301,1,HCM,1,62122,1011,20,9,10,15,1142,6,6,6,6,6,NA,NA,NA,NA,20/09/2024 12:03,0
20/09/2024 13:00,WIND,492301,1,HCM,1,62122,1011,10,8,360,15,1248,6,6,6,6,6,NA,NA,NA,NA,20/09/2024 13:03,0
20/09/2024 14:00,WIND,492301,1,HCM,1,62122,1011,10,10,360,18,1306,6,6,6,6,6,NA,NA,NA,NA,20/09/2024 14:03,0
20/09/2024 15:00,WIND,492301,1,HCM,1,62122,1011,10,10,20,16,1422,6,6,6,6,6,NA,NA,NA,NA,20/09/2024 15:03,0
20/09/2024 16:00,WIND,492301,1,HCM,1,62122,1011,20,7,10,13,1450,6,6,6,6,6,NA,NA,NA,NA,20/09/2024 16:03,0
20/09/2024 17:00,WIND,492301,1,HCM,1,62122,1011,30,7,360,14,1639,6,6,6,6,6,NA,NA,NA,NA,20/09/2024 17:03,0
20/09/2024 18:00,WIND,492301,1,HCM,1,62122,1011,20,9,20,17,1707,6,6,6,6,6,NA,NA,NA,NA,20/09/2024 18:03,0
20/09/2024 19:00,WIND,492301,1,HCM,1,62122,1011,10,11,360,18,1809,6,6,6,6,6,NA,NA,NA,NA,20/09/2024 19:03,0
20/09/2024 20:00,WIND,492301,1,HCM,1,62122,1011,30,8,30,16,1850,6,6,6,6,6,NA,NA,NA,NA,20/09/2024 20:03,0
20/09/2024 21:00,WIND,492301,1,HCM,1,62122,1011,20,8,10,15,2041,6,6,6,6,6,NA,NA,NA,NA,20/09/2024 21:03,0
20/09/2024 22:00,WIND,492301,1,HCM,1,62122,1011,20,9,10,17,2127,6,6,6,6,6,NA,NA,NA,NA,20/09/2024 22:03,0
20/09/2024 23:00,WIND,492301,1,HCM,1,62122,1011,20,9,20,14,2244,6,6,6,6,6,NA,NA,NA,NA,20/09/2024 23:03,0
21/09/2024 00:00,WIND,492301,1,HCM,1,62122,1011,20,8,10,14,2250,6,6,6,6,6,NA,NA,NA,NA,21/09/2024 00:03,0
21/09/2024 01:00,WIND,492301,1,HCM,1,62122,1011,20,8,30,14,2357,6,6,6,6,6,NA,NA,NA,NA,21/09/2024 01:03,0
21/09/2024 02:00,WIND,492301,1,HCM,1,62122,1011,30,7,30,13,131,6,6,6,6,6,NA,NA,NA,NA,21/09/2024 02:03,0
21/09/2024 03:00,WIND,492301,1,HCM,1,62122,1011,20,7,20,12,230,6,6,6,6,6,NA,NA,NA,NA,21/09/2024 03:03,0
21/09/2024 04:00,WIND,492301,1,HCM,1,62122,1011,30,8,30,12,253,6,6,6,6,6,NA,NA,NA,NA,21/09/2024 04:03,0
21/09/2024 05:00,WIND,492301,1,HCM,1,62122,1011,20,8,30,15,404,6,6,6,6,6,NA,NA,NA,NA,21/09/2024 05:08,0
21/09/2024 06:00,WIND,492301,1,HCM,1,62122,1011,20,8,10,15,455,6,6,6,6,6,NA,NA,NA,NA,21/09/2024 06:03,0
21/09/2024 07:00,WIND,492301,1,HCM,1,62122,1011,30,8,30,13,641,6,6,6,6,6,NA,NA,NA,NA,21/09/2024 07:03,0
21/09/2024 08:00,WIND,492301,1,HCM,1,62122,1011,20,8,10,14,739,6,6,6,6,6,NA,NA,NA,NA,21/09/2024 08:03,0
21/09/2024 09:00,WIND,492301,1,HCM,1,62122,1011,30,7,30,12,814,6,6,6,6,6,NA,NA,NA,NA,21/09/2024 09:04,0
21/09/2024 10:00,WIND,492301,1,HCM,1,62122,1011,30,6,10,10,910,6,6,6,6,6,NA,NA,NA,NA,21/09/2024 10:03,0
21/09/2024 11:00,WIND,492301,1,HCM,1,62122,1011,50,8,60,16,1034,6,6,6,6,6,NA,NA,NA,NA,21/09/2024 11:03,0
21/09/2024 12:00,WIND,492301,1,HCM,1,62122,1011,60,8,60,14,1052,6,6,6,6,6,NA,NA,NA,NA,21/09/2024 12:03,0
21/09/2024 13:00,WIND,492301,1,HCM,1,62122,1011,80,7,70,13,1234,6,6,6,6,6,NA,NA,NA,NA,21/09/2024 13:03,0
21/09/2024 14:00,WIND,492301,1,HCM,1,62122,1011,80,8,70,12,1348,6,6,6,6,6,NA,NA,NA,NA,21/09/2024 14:03,0
21/09/2024 15:00,WIND,492301,1,HCM,1,62122,1011,80,7,70,19,1418,6,6,6,6,6,NA,NA,NA,NA,21/09/2024 15:03,0
21/09/2024 16:00,WIND,492301,1,HCM,1,62122,1011,90,7,100,14,1526,6,6,6,6,6,NA,NA,NA,NA,21/09/2024 16:03,0
21/09/2024 17:00,WIND,492301,1,HCM,1,62122,1011,80,7,110,14,1556,6,6,6,6,6,NA,NA,NA,NA,21/09/2024 17:03,0
21/09/2024 18:00,WIND,492301,1,HCM,1,62122,1011,60,5,70,10,1706,6,6,6,6,6,NA,NA,NA,NA,21/09/2024 18:03,0
21/09/2024 19:00,WIND,492301,1,HCM,1,62122,1011,40,5,10,9,1849,6,6,6,6,6,NA,NA,NA,NA,21/09/2024 19:03,0
21/09/2024 20:00,WIND,492301,1,HCM,1,62122,1011,30,6,30,10,1940,6,6,6,6,6,NA,NA,NA,NA,21/09/2024 20:03,0
21/09/2024 21:00,WIND,492301,1,HCM,1,62122,1011,30,5,40,10,1952,6,6,6,6,6,NA,NA,NA,NA,21/09/2024 21:03,0
21/09/2024 22:00,WIND,492301,1,HCM,1,62122,1011,30,6,30,11,2147,6,6,6,6,6,NA,NA,NA,NA,21/09/2024 22:03,0
21/09/2024 23:00,WIND,492301,1,HCM,1,62122,1011,20,7,30,16,2237,6,6,6,6,6,NA,NA,NA,NA,21/09/2024 23:03,0
22/09/2024 00:00,WIND,492301,1,HCM,1,62122,1011,30,7,30,13,2327,6,6,6,6,6,NA,NA,NA,NA,22/09/2024 00:03,0
22/09/2024 01:00,WIND,492301,1,HCM,1,62122,1011,20,7,10,15,21,6,6,6,6,6,NA,NA,NA,NA,22/09/2024 01:03,0
22/09/2024 02:00,WIND,492301,1,HCM,1,62122,1011,30,8,50,13,149,6,6,6,6,6,NA,NA,NA,NA,22/09/2024 02:03,0
22/09/2024 03:00,WIND,492301,1,HCM,1,62122,1011,20,8,40,13,200,6,6,6,6,6,NA,NA,NA,NA,22/09/2024 03:03,0
22/09/2024 04:00,WIND,492301,1,HCM,1,62122,1011,30,7,40,13,323,6,6,6,6,6,NA,NA,NA,NA,22/09/2024 04:03,0
22/09/2024 05:00,WIND,492301,1,HCM,1,62122,1011,30,6,40,11,353,6,6,6,6,6,NA,NA,NA,NA,22/09/2024 05:02,0
22/09/2024 06:00,WIND,492301,1,HCM,1,62122,1011,40,7,30,11,518,6,6,6,6,6,NA,NA,NA,NA,22/09/2024 06:03,0
22/09/2024 07:00,WIND,492301,1,HCM,1,62122,1011,40,6,30,11,644,6,6,6,6,6,NA,NA,NA,NA,22/09/2024 07:03,0
22/09/2024 08:00,WIND,492301,1,HCM,1,62122,1011,30,6,360,11,747,6,6,6,6,6,NA,NA,NA,NA,22/09/2024 08:03,0
22/09/2024 09:00,WIND,492301,1,HCM,1,62122,1011,30,8,30,13,849,6,6,6,6,6,NA,NA,NA,NA,22/09/2024 09:03,0
22/09/2024 10:00,WIND,492301,1,HCM,1,62122,1011,40,7,40,14,908,6,6,6,6,6,NA,NA,NA,NA,22/09/2024 10:03,0
22/09/2024 11:00,WIND,492301,1,HCM,1,62122,1011,40,6,40,10,1040,6,6,6,6,6,NA,NA,NA,NA,22/09/2024 11:03,0
22/09/2024 12:00,WIND,492301,1,HCM,1,62122,1011,50,7,60,13,1136,6,6,6,6,6,NA,NA,NA,NA,22/09/2024 12:03,0
22/09/2024 13:00,WIND,492301,1,HCM,1,62122,1011,70,9,80,16,1216,6,6,6,6,6,NA,NA,NA,NA,22/09/2024 13:03,0
22/09/2024 14:00,WIND,492301,1,HCM,1,62122,1011,70,9,80,15,1310,6,6,6,6,6,NA,NA,NA,NA,22/09/2024 14:03,0
22/09/2024 15:00,WIND,492301,1,HCM,1,62122,1011,60,7,60,13,1400,6,6,6,6,6,NA,NA,NA,NA,22/09/2024 15:03,0
22/09/2024 16:00,WIND,492301,1,HCM,1,62122,1011,60,5,60,10,1452,6,6,6,6,6,NA,NA,NA,NA,22/09/2024 16:03,0
22/09/2024 17:00,WIND,492301,1,HCM,1,62122,1011,50,3,80,5,1553,6,6,6,6,6,NA,NA,NA,NA,22/09/2024 17:03,0
22/09/2024 18:00,WIND,492301,1,HCM,1,62122,1011,60,3,50,6,1711,6,6,6,6,6,NA,NA,NA,NA,22/09/2024 18:03,0
22/09/2024 19:00,WIND,492301,1,HCM,1,62122,1011,60,3,60,4,1759,6,6,6,6,6,NA,NA,NA,NA,22/09/2024 19:03,0
22/09/2024 20:00,WIND,492301,1,HCM,1,62122,1011,100,3,110,5,1918,6,6,6,6,6,NA,NA,NA,NA,22/09/2024 20:03,0
22/09/2024 21:00,WIND,492301,1,HCM,1,62122,1011,110,2,70,5,2007,6,6,6,6,6,NA,NA,NA,NA,22/09/2024 21:03,0
22/09/2024 22:00,WIND,492301,1,HCM,1,62122,1011,100,2,60,4,2136,6,6,6,6,6,NA,NA,NA,NA,22/09/2024 22:03,0
22/09/2024 23:00,WIND,492301,1,HCM,1,62122,1011,110,2,80,4,2153,6,6,6,6,6,NA,NA,NA,NA,22/09/2024 23:03,0
23/09/2024 00:00,WIND,492301,1,HCM,1,62122,1011,110,1,110,3,2342,6,6,6,6,6,NA,NA,NA,NA,23/09/2024 00:03,0
23/09/2024 01:00,WIND,492301,1,HCM,1,62122,1011,70,2,50,3,4,6,6,6,6,6,NA,NA,NA,NA,23/09/2024 01:03,0
23/09/2024 02:00,WIND,492301,1,HCM,1,62122,1011,100,1,70,3,58,6,6,6,6,6,NA,NA,NA,NA,23/09/2024 02:03,0
23/09/2024 03:00,WIND,492301,1,HCM,1,62122,1011,190,1,340,3,249,6,6,6,6,6,NA,NA,NA,NA,23/09/2024 03:03,0
23/09/2024 04:00,WIND,492301,1,HCM,1,62122,1011,330,1,330,3,250,6,6,6,6,6,NA,NA,NA,NA,23/09/2024 04:03,0
23/09/2024 05:00,WIND,492301,1,HCM,1,62122,1011,170,1,180,3,446,6,6,6,6,6,NA,NA,NA,NA,23/09/2024 05:08,0
23/09/2024 06:00,WIND,492301,1,HCM,1,62122,1011,230,4,260,8,547,6,6,6,6,6,NA,NA,NA,NA,23/09/2024 06:04,0
23/09/2024 07:00,WIND,492301,1,HCM,1,62122,1011,340,3,230,7,552,6,6,6,6,6,NA,NA,NA,NA,23/09/2024 07:03,0
23/09/2024 08:00,WIND,492301,1,HCM,1,62122,1011,340,4,350,7,734,6,6,6,6,6,NA,NA,NA,NA,23/09/2024 08:03,0
23/09/2024 09:00,WIND,492301,1,HCM,1,62122,1011,300,3,300,6,823,6,6,6,6,6,NA,NA,NA,NA,23/09/2024 09:03,0
23/09/2024 10:00,WIND,492301,1,HCM,1,62122,1011,280,3,270,8,901,6,6,6,6,6,NA,NA,NA,NA,23/09/2024 10:03,0
23/09/2024 11:00,WIND,492301,1,HCM,1,62122,1011,280,4,290,6,1034,6,6,6,6,6,NA,NA,NA,NA,23/09/2024 11:03,0
23/09/2024 12:00,WIND,492301,1,HCM,1,62122,1011,280,3,270,6,1113,6,6,6,6,6,NA,NA,NA,NA,23/09/2024 12:03,0
23/09/2024 13:00,WIND,492301,1,HCM,1,62122,1011,270,3,260,6,1233,6,6,6,6,6,NA,NA,NA,NA,23/09/2024 13:03,0
23/09/2024 14:00,WIND,492301,1,HCM,1,62122,1011,280,4,290,6,1311,6,6,6,6,6,NA,NA,NA,NA,23/09/2024 14:03,0
23/09/2024 15:00,WIND,492301,1,HCM,1,62122,1011,270,3,270,4,1446,6,6,6,6,6,NA,NA,NA,NA,23/09/2024 15:03,0
23/09/2024 16:00,WIND,492301,1,HCM,1,62122,1011,280,3,290,6,1459,6,6,6,6,6,NA,NA,NA,NA,23/09/2024 16:03,0
23/09/2024 17:00,WIND,492301,1,HCM,1,62122,1011,290,4,290,6,1635,6,6,6,6,6,NA,NA,NA,NA,23/09/2024 17:03,0
23/09/2024 18:00,WIND,492301,1,HCM,1,62122,1011,290,3,290,6,1701,6,6,6,6,6,NA,NA,NA,NA,23/09/2024 18:03,0
23/09/2024 19:00,WIND,492301,1,HCM,1,62122,1011,290,2,300,4,1839,6,6,6,6,6,NA,NA,NA,NA,23/09/2024 19:03,0
23/09/2024 20:00,WIND,492301,1,HCM,1,62122,1011,290,2,290,5,1915,6,6,6,6,6,NA,NA,NA,NA,23/09/2024 20:03,0
23/09/2024 21:00,WIND,492301,1,HCM,1,62122,1011,260,2,270,4,2048,6,6,6,6,6,NA,NA,NA,NA,23/09/2024 21:03,0
23/09/2024 22:00,WIND,492301,1,HCM,1,62122,1011,270,2,310,5,2149,6,6,6,6,6,NA,NA,NA,NA,23/09/2024 22:03,0
23/09/2024 23:00,WIND,492301,1,HCM,1,62122,1011,290,3,290,8,2236,6,6,6,6,6,NA,NA,NA,NA,23/09/2024 23:03,0
24/09/2024 00:00,WIND,492301,1,HCM,1,62122,1011,310,3,330,8,2252,6,6,6,6,6,NA,NA,NA,NA,24/09/2024 00:03,0
24/09/2024 01:00,WIND,492301,1,HCM,1,62122,1011,280,2,290,4,2352,6,6,6,6,6,NA,NA,NA,NA,24/09/2024 01:03,0
24/09/2024 02:00,WIND,492301,1,HCM,1,62122,1011,290,2,300,5,141,6,6,6,6,6,NA,NA,NA,NA,24/09/2024 02:03,0
24/09/2024 03:00,WIND,492301,1,HCM,1,62122,1011,290,4,300,7,220,6,6,6,6,6,NA,NA,NA,NA,24/09/2024 03:03,0
24/09/2024 04:00,WIND,492301,1,HCM,1,62122,1011,290,3,290,7,326,6,6,6,6,6,NA,NA,NA,NA,24/09/2024 04:03,0
24/09/2024 05:00,WIND,492301,1,HCM,1,62122,1011,260,3,260,6,433,6,6,6,6,6,NA,NA,NA,NA,24/09/2024 05:03,0
24/09/2024 06:00,WIND,492301,1,HCM,1,62122,1011,280,4,290,8,515,6,6,6,6,6,NA,NA,NA,NA,24/09/2024 06:03,0
24/09/2024 07:00,WIND,492301,1,HCM,1,62122,1011,260,4,270,8,615,6,6,6,6,6,NA,NA,NA,NA,24/09/2024 07:03,0
24/09/2024 08:00,WIND,492301,1,HCM,1,62122,1011,280,3,330,6,733,6,6,6,6,6,NA,NA,NA,NA,24/09/2024 08:03,0
24/09/2024 09:00,WIND,492301,1,HCM,1,62122,1011,290,2,260,4,834,6,6,6,6,6,NA,NA,NA,NA,24/09/2024 09:03,0
24/09/2024 10:00,WIND,492301,1,HCM,1,62122,1011,270,4,270,8,946,6,6,6,6,6,NA,NA,NA,NA,24/09/2024 10:03,0
24/09/2024 11:00,WIND,492301,1,HCM,1,62122,1011,270,5,270,9,1013,6,6,6,6,6,NA,NA,NA,NA,24/09/2024 11:03,0
24/09/2024 12:00,WIND,492301,1,HCM,1,62122,1011,270,5,270,8,1123,6,6,6,6,6,NA,NA,NA,NA,24/09/2024 12:03,0
24/09/2024 13:00,WIND,492301,1,HCM,1,62122,1011,270,5,230,9,1150,6,6,6,6,6,NA,NA,NA,NA,24/09/2024 13:03,0
24/09/2024 14:00,WIND,492301,1,HCM,1,62122,1011,250,7,270,13,1313,6,6,6,6,6,NA,NA,NA,NA,24/09/2024 14:03,0
24/09/2024 15:00,WIND,492301,1,HCM,1,62122,1011,250,8,260,15,1420,6,6,6,6,6,NA,NA,NA,NA,24/09/2024 15:03,0
24/09/2024 16:00,WIND,492301,1,HCM,1,62122,1011,260,7,250,12,1536,6,6,6,6,6,NA,NA,NA,NA,24/09/2024 16:03,0
24/09/2024 17:00,WIND,492301,1,HCM,1,62122,1011,260,6,250,12,1621,6,6,6,6,6,NA,NA,NA,NA,24/09/2024 17:03,0
24/09/2024 18:00,WIND,492301,1,HCM,1,62122,1011,250,7,250,13,1740,6,6,6,6,6,NA,NA,NA,NA,24/09/2024 18:03,0
24/09/2024 19:00,WIND,492301,1,HCM,1,62122,1011,250,7,250,14,1754,6,6,6,6,6,NA,NA,NA,NA,24/09/2024 19:03,0
24/09/2024 20:00,WIND,492301,1,HCM,1,62122,1011,250,4,260,9,1850,6,6,6,6,6,NA,NA,NA,NA,24/09/2024 20:03,0
24/09/2024 21:00,WIND,492301,1,HCM,1,62122,1011,250,5,240,11,2033,6,6,6,6,6,NA,NA,NA,NA,24/09/2024 21:03,0
24/09/2024 22:00,WIND,492301,1,HCM,1,62122,1011,240,4,250,7,2059,6,6,6,6,6,NA,NA,NA,NA,24/09/2024 22:03,0
24/09/2024 23:00,WIND,492301,1,HCM,1,62122,1011,260,2,240,6,2159,6,6,6,6,6,NA,NA,NA,NA,24/09/2024 23:03,0
25/09/2024 00:00,WIND,492301,1,HCM,1,62122,1011,220,2,230,5,2252,6,6,6,6,6,NA,NA,NA,NA,25/09/2024 00:03,0
25/09/2024 01:00,WIND,492301,1,HCM,1,62122,1011,160,2,150,4,2357,6,6,6,6,6,NA,NA,NA,NA,25/09/2024 01:03,0
25/09/2024 02:00,WIND,492301,1,HCM,1,62122,1011,160,2,150,5,126,6,6,6,6,6,NA,NA,NA,NA,25/09/2024 02:03,0
25/09/2024 03:00,WIND,492301,1,HCM,1,62122,1011,180,2,160,6,207,6,6,6,6,6,NA,NA,NA,NA,25/09/2024 03:03,0
25/09/2024 04:00,WIND,492301,1,HCM,1,62122,1011,140,1,170,3,300,6,6,6,6,6,NA,NA,NA,NA,25/09/2024 04:03,0
25/09/2024 05:00,WIND,492301,1,HCM,1,62122,1011,120,2,130,3,420,6,6,6,6,6,NA,NA,NA,NA,25/09/2024 05:03,0
25/09/2024 06:00,WIND,492301,1,HCM,1,62122,1011,80,3,100,5,528,6,6,6,6,6,NA,NA,NA,NA,25/09/2024 06:03,0
25/09/2024 07:00,WIND,492301,1,HCM,1,62122,1011,130,4,140,7,638,6,6,6,6,6,NA,NA,NA,NA,25/09/2024 07:03,0
25/09/2024 08:00,WIND,492301,1,HCM,1,62122,1011,140,4,160,7,712,6,6,6,6,6,NA,NA,NA,NA,25/09/2024 08:03,0
25/09/2024 09:00,WIND,492301,1,HCM,1,62122,1011,130,4,130,8,838,6,6,6,6,6,NA,NA,NA,NA,25/09/2024 09:03,0
25/09/2024 10:00,WIND,492301,1,HCM,1,62122,1011,130,5,110,8,948,6,6,6,6,6,NA,NA,NA,NA,25/09/2024 10:03,0
25/09/2024 11:00,WIND,492301,1,HCM,1,62122,1011,130,6,150,12,1035,6,6,6,6,6,NA,NA,NA,NA,25/09/2024 11:03,0
25/09/2024 12:00,WIND,492301,1,HCM,1,62122,1011,140,6,150,11,1144,6,6,6,6,6,NA,NA,NA,NA,25/09/2024 12:03,0
25/09/2024 13:00,WIND,492301,1,HCM,1,62122,1011,140,6,170,12,1155,6,6,6,6,6,NA,NA,NA,NA,25/09/2024 13:03,0
25/09/2024 14:00,WIND,492301,1,HCM,1,62122,1011,110,6,120,14,1346,6,6,6,6,6,NA,NA,NA,NA,25/09/2024 14:03,0
25/09/2024 15:00,WIND,492301,1,HCM,1,62122,1011,120,8,130,15,1447,6,6,6,6,6,NA,NA,NA,NA,25/09/2024 15:03,0
25/09/2024 16:00,WIND,492301,1,HCM,1,62122,1011,130,7,130,14,1531,6,6,6,6,6,NA,NA,NA,NA,25/09/2024 16:03,0
25/09/2024 17:00,WIND,492301,1,HCM,1,62122,1011,180,4,120,12,1552,6,6,6,6,6,NA,NA,NA,NA,25/09/2024 17:03,0
25/09/2024 18:00,WIND,492301,1,HCM,1,62122,1011,200,3,230,6,1651,6,6,6,6,6,NA,NA,NA,NA,25/09/2024 18:03,0
25/09/2024 19:00,WIND,492301,1,HCM,1,62122,1011,160,3,180,7,1847,6,6,6,6,6,NA,NA,NA,NA,25/09/2024 19:03,0
25/09/2024 20:00,WIND,492301,1,HCM,1,62122,1011,160,3,200,8,1851,6,6,6,6,6,NA,NA,NA,NA,25/09/2024 20:03,0
25/09/2024 21:00,WIND,492301,1,HCM,1,62122,1011,140,3,170,5,2021,6,6,6,6,6,NA,NA,NA,NA,25/09/2024 21:03,0
25/09/2024 22:00,WIND,492301,1,HCM,1,62122,1011,140,3,140,5,2149,6,6,6,6,6,NA,NA,NA,NA,25/09/2024 22:03,0
25/09/2024 23:00,WIND,492301,1,HCM,1,62122,1011,140,3,140,6,2245,6,6,6,6,6,NA,NA,NA,NA,25/09/2024 23:03,0
26/09/2024 00:00,WIND,492301,1,HCM,1,62122,1011,150,4,160,7,2345,6,6,6,6,6,NA,NA,NA,NA,26/09/2024 00:03,0
26/09/2024 01:00,WIND,492301,1,HCM,1,62122,1011,130,3,150,6,2352,6,6,6,6,6,NA,NA,NA,NA,26/09/2024 01:03,0
26/09/2024 02:00,WIND,492301,1,HCM,1,62122,1011,100,3,120,5,112,6,6,6,6,6,NA,NA,NA,NA,26/09/2024 02:03,0
26/09/2024 03:00,WIND,492301,1,HCM,1,62122,1011,90,4,100,8,245,6,6,6,6,6,NA,NA,NA,NA,26/09/2024 03:03,0
26/09/2024 04:00,WIND,492301,1,HCM,1,62122,1011,110,6,100,10,325,6,6,6,6,6,NA,NA,NA,NA,26/09/2024 04:03,0
26/09/2024 05:00,WIND,492301,1,HCM,1,62122,1011,170,4,260,10,433,6,6,6,6,6,NA,NA,NA,NA,26/09/2024 05:03,0
26/09/2024 06:00,WIND,492301,1,HCM,1,62122,1011,220,5,200,11,521,6,6,6,6,6,NA,NA,NA,NA,26/09/2024 06:03,0
26/09/2024 07:00,WIND,492301,1,HCM,1,62122,1011,220,7,220,14,616,6,6,6,6,6,NA,NA,NA,NA,26/09/2024 07:03,0
26/09/2024 08:00,WIND,492301,1,HCM,1,62122,1011,180,5,210,11,652,6,6,6,6,6,NA,NA,NA,NA,26/09/2024 08:03,0
26/09/2024 09:00,WIND,492301,1,HCM,1,62122,1011,170,5,160,11,820,6,6,6,6,6,NA,NA,NA,NA,26/09/2024 09:03,0
26/09/2024 10:00,WIND,492301,1,HCM,1,62122,1011,190,7,150,14,906,6,6,6,6,6,NA,NA,NA,NA,26/09/2024 10:03,0
26/09/2024 11:00,WIND,492301,1,HCM,1,62122,1011,210,6,200,10,1006,6,6,6,6,6,NA,NA,NA,NA,26/09/2024 11:03,0
26/09/2024 12:00,WIND,492301,1,HCM,1,62122,1011,220,6,220,11,1054,6,6,6,6,6,NA,NA,NA,NA,26/09/2024 12:03,0
26/09/2024 13:00,WIND,492301,1,HCM,1,62122,1011,270,7,250,14,1247,6,6,6,6,6,NA,NA,NA,NA,26/09/2024 13:03,0
26/09/2024 14:00,WIND,492301,1,HCM,1,62122,1011,260,10,240,20,1326,6,6,6,6,6,NA,NA,NA,NA,26/09/2024 14:03,0
26/09/2024 15:00,WIND,492301,1,HCM,1,62122,1011,240,11,250,20,1446,6,6,6,6,6,NA,NA,NA,NA,26/09/2024 15:03,0
26/09/2024 16:00,WIND,492301,1,HCM,1,62122,1011,240,12,240,23,1502,6,6,6,6,6,NA,NA,NA,NA,26/09/2024 16:03,0
26/09/2024 17:00,WIND,492301,1,HCM,1,62122,1011,240,13,230,21,1622,6,6,6,6,6,NA,NA,NA,NA,26/09/2024 17:03,0
26/09/2024 18:00,WIND,492301,1,HCM,1,62122,1011,240,11,250,25,1749,6,6,6,6,6,NA,NA,NA,NA,26/09/2024 18:03,0
26/09/2024 19:00,WIND,492301,1,HCM,1,62122,1011,240,11,230,23,1807,6,6,6,6,6,NA,NA,NA,NA,26/09/2024 19:03,0
26/09/2024 20:00,WIND,492301,1,HCM,1,62122,1011,240,9,240,23,1900,6,6,6,6,6,NA,NA,NA,NA,26/09/2024 20:03,0
26/09/2024 21:00,WIND,492301,1,HCM,1,62122,1011,260,6,270,16,2026,6,6,6,6,6,NA,NA,NA,NA,26/09/2024 21:03,0
26/09/2024 22:00,WIND,492301,1,HCM,1,62122,1011,250,5,270,11,2114,6,6,6,6,6,NA,NA,NA,NA,26/09/2024 22:03,0
26/09/2024 23:00,WIND,492301,1,HCM,1,62122,1011,190,3,210,7,2209,6,6,6,6,6,NA,NA,NA,NA,26/09/2024 23:03,0
27/09/2024 00:00,WIND,492301,1,HCM,1,62122,1011,150,2,190,7,2251,6,6,6,6,6,NA,NA,NA,NA,27/09/2024 00:03,0
27/09/2024 01:00,WIND,492301,1,HCM,1,62122,1011,20,8,20,18,29,6,6,6,6,6,NA,NA,NA,NA,27/09/2024 01:03,0
27/09/2024 02:00,WIND,492301,1,HCM,1,62122,1011,10,7,360,14,137,6,6,6,6,6,NA,NA,NA,NA,27/09/2024 02:03,0
27/09/2024 03:00,WIND,492301,1,HCM,1,62122,1011,10,7,350,14,229,6,6,6,6,6,NA,NA,NA,NA,27/09/2024 03:03,0
27/09/2024 04:00,WIND,492301,1,HCM,1,62122,1011,350,9,340,18,335,6,6,6,6,6,NA,NA,NA,NA,27/09/2024 04:03,0
27/09/2024 05:00,WIND,492301,1,HCM,1,62122,1011,350,11,10,22,440,6,6,6,6,6,NA,NA,NA,NA,27/09/2024 05:03,0
27/09/2024 06:00,WIND,492301,1,HCM,1,62122,1011,350,14,340,26,457,6,6,6,6,6,NA,NA,NA,NA,27/09/2024 06:03,0
27/09/2024 07:00,WIND,492301,1,HCM,1,62122,1011,350,11,340,21,551,6,6,6,6,6,NA,NA,NA,NA,27/09/2024 07:03,0
27/09/2024 08:00,WIND,492301,1,HCM,1,62122,1011,350,9,360,18,720,6,6,6,6,6,NA,NA,NA,NA,27/09/2024 08:03,0
27/09/2024 09:00,WIND,492301,1,HCM,1,62122,1011,340,8,340,18,838,6,6,6,6,6,NA,NA,NA,NA,27/09/2024 09:03,0
27/09/2024 10:00,WIND,492301,1,HCM,1,62122,1011,330,9,310,19,946,6,6,6,6,6,NA,NA,NA,NA,27/09/2024 10:03,0
27/09/2024 11:00,WIND,492301,1,HCM,1,62122,1011,340,11,350,24,1043,6,6,6,6,6,NA,NA,NA,NA,27/09/2024 11:03,0
27/09/2024 12:00,WIND,492301,1,HCM,1,62122,1011,340,12,350,27,1107,6,6,6,6,6,NA,NA,NA,NA,27/09/2024 12:03,0
27/09/2024 13:00,WIND,492301,1,HCM,1,62122,1011,340,11,350,21,1223,6,6,6,6,6,NA,NA,NA,NA,27/09/2024 13:03,0
27/09/2024 14:00,WIND,492301,1,HCM,1,62122,1011,330,10,340,18,1310,6,6,6,6,6,NA,NA,NA,NA,27/09/2024 14:03,0
27/09/2024 15:00,WIND,492301,1,HCM,1,62122,1011,330,11,320,21,1421,6,6,6,6,6,NA,NA,NA,NA,27/09/2024 15:03,0
27/09/2024 16:00,WIND,492301,1,HCM,1,62122,1011,330,10,340,19,1511,6,6,6,6,6,NA,NA,NA,NA,27/09/2024 16:03,0
27/09/2024 17:00,WIND,492301,1,HCM,1,62122,1011,330,8,350,16,1607,6,6,6,6,6,NA,NA,NA,NA,27/09/2024 17:03,0
27/09/2024 18:00,WIND,492301,1,HCM,1,62122,1011,320,6,310,16,1658,6,6,6,6,6,NA,NA,NA,NA,27/09/2024 18:03,0
27/09/2024 19:00,WIND,492301,1,HCM,1,62122,1011,300,7,300,15,1802,6,6,6,6,6,NA,NA,NA,NA,27/09/2024 19:03,0
27/09/2024 20:00,WIND,492301,1,HCM,1,62122,1011,310,4,310,9,1900,6,6,6,6,6,NA,NA,NA,NA,27/09/2024 20:03,0
27/09/2024 21:00,WIND,492301,1,HCM,1,62122,1011,270,2,280,6,2034,6,6,6,6,6,NA,NA,NA,NA,27/09/2024 21:03,0
27/09/2024 22:00,WIND,492301,1,HCM,1,62122,1011,250,3,250,7,2108,6,6,6,6,6,NA,NA,NA,NA,27/09/2024 22:03,0
27/09/2024 23:00,WIND,492301,1,HCM,1,62122,1011,260,4,260,8,2225,6,6,6,6,6,NA,NA,NA,NA,27/09/2024 23:03,0
28/09/2024 00:00,WIND,492301,1,HCM,1,62122,1011,260,3,290,7,2256,6,6,6,6,6,NA,NA,NA,NA,28/09/2024 00:03,0
28/09/2024 01:00,WIND,492301,1,HCM,1,62122,1011,280,3,290,7,2356,6,6,6,6,6,NA,NA,NA,NA,28/09/2024 01:03,0
28/09/2024 02:00,WIND,492301,1,HCM,1,62122,1011,250,3,250,6,120,6,6,6,6,6,NA,NA,NA,NA,28/09/2024 02:03,0
28/09/2024 03:00,WIND,492301,1,HCM,1,62122,1011,270,3,290,6,227,6,6,6,6,6,NA,NA,NA,NA,28/09/2024 03:03,0
28/09/2024 04:00,WIND,492301,1,HCM,1,62122,1011,260,3,290,6,305,6,6,6,6,6,NA,NA,NA,NA,28/09/2024 04:03,0
28/09/2024 05:00,WIND,492301,1,HCM,1,62122,1011,250,3,270,6,406,6,6,6,6,6,NA,NA,NA,NA,28/09/2024 05:03,0
28/09/2024 06:00,WIND,492301,1,HCM,1,62122,1011,260,4,260,6,527,6,6,6,6,6,NA,NA,NA,NA,28/09/2024 06:03,0
28/09/2024 07:00,WIND,492301,1,HCM,1,62122,1011,260,4,270,6,648,6,6,6,6,6,NA,NA,NA,NA,28/09/2024 07:03,0
28/09/2024 08:00,WIND,492301,1,HCM,1,62122,1011,260,4,250,7,719,6,6,6,6,6,NA,NA,NA,NA,28/09/2024 08:02,0
28/09/2024 09:00,WIND,492301,1,HCM,1,62122,1011,270,5,290,8,806,6,6,6,6,6,NA,NA,NA,NA,28/09/2024 09:03,0
28/09/2024 10:00,WIND,492301,1,HCM,1,62122,1011,270,5,250,9,859,6,6,6,6,6,NA,NA,NA,NA,28/09/2024 10:03,0
28/09/2024 11:00,WIND,492301,1,HCM,1,62122,1011,280,5,250,9,1026,6,6,6,6,6,NA,NA,NA,NA,28/09/2024 11:03,0
28/09/2024 12:00,WIND,492301,1,HCM,1,62122,1011,280,4,240,9,1056,6,6,6,6,6,NA,NA,NA,NA,28/09/2024 12:03,0
28/09/2024 13:00,WIND,492301,1,HCM,1,62122,1011,240,5,220,9,1220,6,6,6,6,6,NA,NA,NA,NA,28/09/2024 13:03,0
28/09/2024 14:00,WIND,492301,1,HCM,1,62122,1011,260,5,280,9,1253,6,6,6,6,6,NA,NA,NA,NA,28/09/2024 14:03,0
28/09/2024 15:00,WIND,492301,1,HCM,1,62122,1011,240,6,250,11,1448,6,6,6,6,6,NA,NA,NA,NA,28/09/2024 15:03,0
28/09/2024 16:00,WIND,492301,1,HCM,1,62122,1011,250,7,250,13,1548,6,6,6,6,6,NA,NA,NA,NA,28/09/2024 16:03,0
28/09/2024 17:00,WIND,492301,1,HCM,1,62122,1011,240,7,240,11,1611,6,6,6,6,6,NA,NA,NA,NA,28/09/2024 17:03,0
28/09/2024 18:00,WIND,492301,1,HCM,1,62122,1011,230,5,230,11,1733,6,6,6,6,6,NA,NA,NA,NA,28/09/2024 18:03,0
28/09/2024 19:00,WIND,492301,1,HCM,1,62122,1011,230,4,200,8,1807,6,6,6,6,6,NA,NA,NA,NA,28/09/2024 19:03,0
28/09/2024 20:00,WIND,492301,1,HCM,1,62122,1011,240,2,240,5,1852,6,6,6,6,6,NA,NA,NA,NA,28/09/2024 20:03,0
28/09/2024 21:00,WIND,492301,1,HCM,1,62122,1011,140,1,100,2,2006,6,6,6,6,6,NA,NA,NA,NA,28/09/2024 21:03,0
28/09/2024 22:00,WIND,492301,1,HCM,1,62122,1011,160,2,160,3,2130,6,6,6,6,6,NA,NA,NA,NA,28/09/2024 22:03,0
28/09/2024 23:00,WIND,492301,1,HCM,1,62122,1011,120,2,80,3,2223,6,6,6,6,6,NA,NA,NA,NA,28/09/2024 23:03,0
29/09/2024 00:00,WIND,492301,1,HCM,1,62122,1011,100,2,100,3,2339,6,6,6,6,6,NA,NA,NA,NA,29/09/2024 00:03,0
29/09/2024 01:00,WIND,492301,1,HCM,1,62122,1011,90,2,100,4,17,6,6,6,6,6,NA,NA,NA,NA,29/09/2024 01:03,0
29/09/2024 02:00,WIND,492301,1,HCM,1,62122,1011,90,2,100,4,103,6,6,6,6,6,NA,NA,NA,NA,29/09/2024 02:03,0
29/09/2024 03:00,WIND,492301,1,HCM,1,62122,1011,90,2,80,4,217,6,6,6,6,6,NA,NA,NA,NA,29/09/2024 03:03,0
29/09/2024 04:00,WIND,492301,1,HCM,1,62122,1011,90,3,110,5,347,6,6,6,6,6,NA,NA,NA,NA,29/09/2024 04:03,0
29/09/2024 05:00,WIND,492301,1,HCM,1,62122,1011,90,4,90,6,448,6,6,6,6,6,NA,NA,NA,NA,29/09/2024 05:03,0
29/09/2024 06:00,WIND,492301,1,HCM,1,62122,1011,80,4,100,6,548,6,6,6,6,6,NA,NA,NA,NA,29/09/2024 06:03,0
29/09/2024 07:00,WIND,492301,1,HCM,1,62122,1011,80,4,70,8,557,6,6,6,6,6,NA,NA,NA,NA,29/09/2024 07:03,0
29/09/2024 08:00,WIND,492301,1,HCM,1,62122,1011,90,5,90,10,748,6,6,6,6,6,NA,NA,NA,NA,29/09/2024 08:03,0
29/09/2024 09:00,WIND,492301,1,HCM,1,62122,1011,90,7,90,13,810,6,6,6,6,6,NA,NA,NA,NA,29/09/2024 09:03,0
29/09/2024 10:00,WIND,492301,1,HCM,1,62122,1011,90,6,110,15,947,6,6,6,6,6,NA,NA,NA,NA,29/09/2024 10:03,0
29/09/2024 11:00,WIND,492301,1,HCM,1,62122,1011,110,9,110,17,1045,6,6,6,6,6,NA,NA,NA,NA,29/09/2024 11:03,0
29/09/2024 12:00,WIND,492301,1,HCM,1,62122,1011,120,10,140,22,1139,6,6,6,6,6,NA,NA,NA,NA,29/09/2024 12:03,0
29/09/2024 13:00,WIND,492301,1,HCM,1,62122,1011,130,12,130,22,1241,6,6,6,6,6,NA,NA,NA,NA,29/09/2024 13:03,0
29/09/2024 14:00,WIND,492301,1,HCM,1,62122,1011,120,12,140,25,1256,6,6,6,6,6,NA,NA,NA,NA,29/09/2024 14:03,0
29/09/2024 15:00,WIND,492301,1,HCM,1,62122,1011,120,12,100,25,1445,6,6,6,6,6,NA,NA,NA,NA,29/09/2024 15:03,0
29/09/2024 16:00,WIND,492301,1,HCM,1,62122,1011,110,13,100,24,1511,6,6,6,6,6,NA,NA,NA,NA,29/09/2024 16:03,0
29/09/2024 17:00,WIND,492301,1,HCM,1,62122,1011,110,13,120,23,1623,6,6,6,6,6,NA,NA,NA,NA,29/09/2024 17:03,0
29/09/2024 18:00,WIND,492301,1,HCM,1,62122,1011,110,15,120,28,1727,6,6,6,6,6,NA,NA,NA,NA,29/09/2024 18:02,0
29/09/2024 19:00,WIND,492301,1,HCM,1,62122,1011,110,17,110,32,1844,6,6,6,6,6,NA,NA,NA,NA,29/09/2024 19:03,0
29/09/2024 20:00,WIND,492301,1,HCM,1,62122,1011,110,18,110,33,1937,6,6,6,6,6,NA,NA,NA,NA,29/09/2024 20:03,0
29/09/2024 21:00,WIND,492301,1,HCM,1,62122,1011,110,16,110,29,2012,6,6,6,6,6,NA,NA,NA,NA,29/09/2024 21:03,0
29/09/2024 22:00,WIND,492301,1,HCM,1,62122,1011,100,16,100,28,2055,6,6,6,6,6,NA,NA,NA,NA,29/09/2024 22:03,0
29/09/2024 23:00,WIND,492301,1,HCM,1,62122,1011,100,16,120,26,2214,6,6,6,6,6,NA,NA,NA,NA,29/09/2024 23:03,0
30/09/2024 00:00,WIND,492301,1,HCM,1,62122,1011,100,14,90,27,2334,6,6,6,6,6,NA,NA,NA,NA,30/09/2024 00:03,0
30/09/2024 01:00,WIND,492301,1,HCM,1,62122,1011,110,14,120,24,2351,6,6,6,6,6,NA,NA,NA,NA,30/09/2024 01:03,0
30/09/2024 02:00,WIND,492301,1,HCM,1,62122,1011,120,9,100,19,113,6,6,6,6,6,NA,NA,NA,NA,30/09/2024 02:03,0
30/09/2024 03:00,WIND,492301,1,HCM,1,62122,1011,100,7,110,13,158,6,6,6,6,6,NA,NA,NA,NA,30/09/2024 03:03,0
30/09/2024 04:00,WIND,492301,1,HCM,1,62122,1011,100,5,100,9,310,6,6,6,6,6,NA,NA,NA,NA,30/09/2024 04:03,0
30/09/2024 05:00,WIND,492301,1,HCM,1,62122,1011,140,3,130,8,350,6,6,6,6,6,NA,NA,NA,NA,30/09/2024 05:03,0
30/09/2024 06:00,WIND,492301,1,HCM,1,62122,1011,210,3,220,8,506,6,6,6,6,6,NA,NA,NA,NA,30/09/2024 06:03,0
30/09/2024 07:00,WIND,492301,1,HCM,1,62122,1011,280,5,290,10,644,6,6,6,6,6,NA,NA,NA,NA,30/09/2024 07:03,0
30/09/2024 08:00,WIND,492301,1,HCM,1,62122,1011,280,6,290,10,730,6,6,6,6,6,NA,NA,NA,NA,30/09/2024 08:03,0
30/09/2024 09:00,WIND,492301,1,HCM,1,62122,1011,270,8,290,14,815,6,6,6,6,6,NA,NA,NA,NA,30/09/2024 09:03,0
30/09/2024 10:00,WIND,492301,1,HCM,1,62122,1011,270,8,270,17,905,6,6,6,6,6,NA,NA,NA,NA,30/09/2024 10:03,0
30/09/2024 11:00,WIND,492301,1,HCM,1,62122,1011,260,9,260,21,1034,6,6,6,6,6,NA,NA,NA,NA,30/09/2024 11:03,0
30/09/2024 12:00,WIND,492301,1,HCM,1,62122,1011,250,14,240,22,1124,6,6,6,6,6,NA,NA,NA,NA,30/09/2024 12:03,0
30/09/2024 13:00,WIND,492301,1,HCM,1,62122,1011,250,13,240,23,1153,6,6,6,6,6,NA,NA,NA,NA,30/09/2024 13:03,0
30/09/2024 14:00,WIND,492301,1,HCM,1,62122,1011,250,13,250,24,1341,6,6,6,6,6,NA,NA,NA,NA,30/09/2024 14:03,0
30/09/2024 15:00,WIND,492301,1,HCM,1,62122,1011,260,12,270,22,1444,6,6,6,6,6,NA,NA,NA,NA,30/09/2024 15:03,0
30/09/2024 16:00,WIND,492301,1,HCM,1,62122,1011,260,14,250,29,1520,6,6,6,6,6,NA,NA,NA,NA,30/09/2024 16:03,0
30/09/2024 17:00,WIND,492301,1,HCM,1,62122,1011,260,14,250,23,1556,6,6,6,6,6,NA,NA,NA,NA,30/09/2024 17:03,0
30/09/2024 18:00,WIND,492301,1,HCM,1,62122,1011,260,13,250,25,1735,6,6,6,6,6,NA,NA,NA,NA,30/09/2024 18:03,0
30/09/2024 19:00,WIND,492301,1,HCM,1,62122,1011,270,10,260,20,1753,6,6,6,6,6,NA,NA,NA,NA,30/09/2024 19:03,0
30/09/2024 20:00,WIND,492301,1,HCM,1,62122,1011,260,10,280,17,1917,6,6,6,6,6,NA,NA,NA,NA,30/09/2024 20:03,0
30/09/2024 21:00,WIND,492301,1,HCM,1,62122,1011,260,9,280,17,2006,6,6,6,6,6,NA,NA,NA,NA,30/09/2024 21:03,0
30/09/2024 22:00,WIND,492301,1,HCM,1,62122,1011,250,8,250,15,2126,6,6,6,6,6,NA,NA,NA,NA,30/09/2024 22:03,0
30/09/2024 23:00,WIND,492301,1,HCM,1,62122,1011,250,8,270,13,2155,6,6,6,6,6,NA,NA,NA,NA,30/09/2024 23:03,0
01/10/2024 00:00,WIND,492301,1,HCM,1,62122,1011,250,9,260,14,2341,6,6,6,6,6,NA,NA,NA,NA,01/10/2024 00:03,0
01/10/2024 01:00,WIND,492301,1,HCM,1,62122,1011,260,8,260,14,7,6,6,6,6,6,NA,NA,NA,NA,01/10/2024 01:03,0
01/10/2024 02:00,WIND,492301,1,HCM,1,62122,1011,250,5,250,10,107,6,6,6,6,6,NA,NA,NA,NA,01/10/2024 02:03,0
01/10/2024 03:00,WIND,492301,1,HCM,1,62122,1011,240,5,260,11,227,6,6,6,6,6,NA,NA,NA,NA,01/10/2024 03:03,0
01/10/2024 04:00,WIND,492301,1,HCM,1,62122,1011,250,6,240,11,318,6,6,6,6,6,NA,NA,NA,NA,01/10/2024 04:03,0
01/10/2024 05:00,WIND,492301,1,HCM,1,62122,1011,250,6,260,11,409,6,6,6,6,6,NA,NA,NA,NA,01/10/2024 05:03,0
01/10/2024 06:00,WIND,492301,1,HCM,1,62122,1011,260,6,250,10,527,6,6,6,6,6,NA,NA,NA,NA,01/10/2024 06:03,0
01/10/2024 07:00,WIND,492301,1,HCM,1,62122,1011,250,5,250,9,559,6,6,6,6,6,NA,NA,NA,NA,01/10/2024 07:03,0
01/10/2024 08:00,WIND,492301,1,HCM,1,62122,1011,260,5,250,9,700,6,6,6,6,6,NA,NA,NA,NA,01/10/2024 08:03,0
01/10/2024 09:00,WIND,492301,1,HCM,1,62122,1011,260,4,250,8,810,6,6,6,6,6,NA,NA,NA,NA,01/10/2024 09:03,0
01/10/2024 10:00,WIND,492301,1,HCM,1,62122,1011,270,5,270,7,935,6,6,6,6,6,NA,NA,NA,NA,01/10/2024 10:03,0
01/10/2024 11:00,WIND,492301,1,HCM,1,62122,1011,310,5,300,10,1049,6,6,6,6,6,NA,NA,NA,NA,01/10/2024 11:03,0
01/10/2024 12:00,WIND,492301,1,HCM,1,62122,1011,310,5,310,10,1056,6,6,6,6,6,NA,NA,NA,NA,01/10/2024 12:03,0
01/10/2024 13:00,WIND,492301,1,HCM,1,62122,1011,320,7,320,12,1206,6,6,6,6,6,NA,NA,NA,NA,01/10/2024 13:03,0
01/10/2024 14:00,WIND,492301,1,HCM,1,62122,1011,320,8,320,15,1251,6,6,6,6,6,NA,NA,NA,NA,01/10/2024 14:03,0
01/10/2024 15:00,WIND,492301,1,HCM,1,62122,1011,310,8,310,16,1408,6,6,6,6,6,NA,NA,NA,NA,01/10/2024 15:03,0
01/10/2024 16:00,WIND,492301,1,HCM,1,62122,1011,310,7,320,17,1501,6,6,6,6,6,NA,NA,NA,NA,01/10/2024 16:03,0
01/10/2024 17:00,WIND,492301,1,HCM,1,62122,1011,320,8,300,17,1606,6,6,6,6,6,NA,NA,NA,NA,01/10/2024 17:03,0
01/10/2024 18:00,WIND,492301,1,HCM,1,62122,1011,330,9,310,18,1733,6,6,6,6,6,NA,NA,NA,NA,01/10/2024 18:03,0
01/10/2024 19:00,WIND,492301,1,HCM,1,62122,1011,320,8,320,15,1820,6,6,6,6,6,NA,NA,NA,NA,01/10/2024 19:03,0
01/10/2024 20:00,WIND,492301,1,HCM,1,62122,1011,350,10,360,19,1945,6,6,6,6,6,NA,NA,NA,NA,01/10/2024 20:03,0
01/10/2024 21:00,WIND,492301,1,HCM,1,62122,1011,350,9,340,18,2047,6,6,6,6,6,NA,NA,NA,NA,01/10/2024 21:03,0
01/10/2024 22:00,WIND,492301,1,HCM,1,62122,1011,330,8,10,15,2055,6,6,6,6,6,NA,NA,NA,NA,01/10/2024 22:03,0
01/10/2024 23:00,WIND,492301,1,HCM,1,62122,1011,340,8,340,14,2244,6,6,6,6,6,NA,NA,NA,NA,01/10/2024 23:03,0
02/10/2024 00:00,WIND,492301,1,HCM,1,62122,1011,340,6,350,14,2311,6,6,6,6,6,NA,NA,NA,NA,02/10/2024 00:03,0
02/10/2024 01:00,WIND,492301,1,HCM,1,62122,1011,350,7,360,13,40,6,6,6,6,6,NA,NA,NA,NA,02/10/2024 01:03,0
02/10/2024 02:00,WIND,492301,1,HCM,1,62122,1011,340,7,340,13,130,6,6,6,6,6,NA,NA,NA,NA,02/10/2024 02:03,0
02/10/2024 03:00,WIND,492301,1,HCM,1,62122,1011,340,6,340,12,210,6,6,6,6,6,NA,NA,NA,NA,02/10/2024 03:03,0
02/10/2024 04:00,WIND,492301,1,HCM,1,62122,1011,340,7,10,11,325,6,6,6,6,6,NA,NA,NA,NA,02/10/2024 04:03,0
02/10/2024 05:00,WIND,492301,1,HCM,1,62122,1011,350,6,20,11,448,6,6,6,6,6,NA,NA,NA,NA,02/10/2024 05:03,0
02/10/2024 06:00,WIND,492301,1,HCM,1,62122,1011,350,6,350,12,514,6,6,6,6,6,NA,NA,NA,NA,02/10/2024 06:03,0
02/10/2024 07:00,WIND,492301,1,HCM,1,62122,1011,10,9,10,16,608,6,6,6,6,6,NA,NA,NA,NA,02/10/2024 07:03,0
02/10/2024 08:00,WIND,492301,1,HCM,1,62122,1011,10,10,10,19,728,6,6,6,6,6,NA,NA,NA,NA,02/10/2024 08:03,0
02/10/2024 09:00,WIND,492301,1,HCM,1,62122,1011,10,10,20,21,806,6,6,6,6,6,NA,NA,NA,NA,02/10/2024 09:03,0
02/10/2024 10:00,WIND,492301,1,HCM,1,62122,1011,20,9,10,16,937,6,6,6,6,6,NA,NA,NA,NA,02/10/2024 10:03,0
02/10/2024 11:00,WIND,492301,1,HCM,1,62122,1011,20,9,20,17,1028,6,6,6,6,6,NA,NA,NA,NA,02/10/2024 11:03,0
02/10/2024 12:00,WIND,492301,1,HCM,1,62122,1011,20,8,350,16,1104,6,6,6,6,6,NA,NA,NA,NA,02/10/2024 12:03,0
02/10/2024 13:00,WIND,492301,1,HCM,1,62122,1011,20,9,20,15,1210,6,6,6,6,6,NA,NA,NA,NA,02/10/2024 13:03,0
02/10/2024 14:00,WIND,492301,1,HCM,1,62122,1011,20,9,40,17,1318,6,6,6,6,6,NA,NA,NA,NA,02/10/2024 14:03,0
02/10/2024 15:00,WIND,492301,1,HCM,1,62122,1011,10,9,360,16,1351,6,6,6,6,6,NA,NA,NA,NA,02/10/2024 15:03,0
02/10/2024 16:00,WIND,492301,1,HCM,1,62122,1011,10,10,30,18,1521,6,6,6,6,6,NA,NA,NA,NA,02/10/2024 16:03,0
02/10/2024 17:00,WIND,492301,1,HCM,1,62122,1011,20,8,10,16,1647,6,6,6,6,6,NA,NA,NA,NA,02/10/2024 17:03,0
02/10/2024 18:00,WIND,492301,1,HCM,1,62122,1011,30,9,40,19,1730,6,6,6,6,6,NA,NA,NA,NA,02/10/2024 18:03,0
02/10/2024 19:00,WIND,492301,1,HCM,1,62122,1011,40,10,40,17,1802,6,6,6,6,6,NA,NA,NA,NA,02/10/2024 19:03,0
02/10/2024 20:00,WIND,492301,1,HCM,1,62122,1011,30,6,30,12,1938,6,6,6,6,6,NA,NA,NA,NA,02/10/2024 20:03,0
02/10/2024 21:00,WIND,492301,1,HCM,1,62122,1011,20,8,40,14,2006,6,6,6,6,6,NA,NA,NA,NA,02/10/2024 21:03,0
02/10/2024 22:00,WIND,492301,1,HCM,1,62122,1011,20,7,10,13,2133,6,6,6,6,6,NA,NA,NA,NA,02/10/2024 22:03,0
02/10/2024 23:00,WIND,492301,1,HCM,1,62122,1011,30,8,30,13,2232,6,6,6,6,6,NA,NA,NA,NA,02/10/2024 23:03,0
03/10/2024 00:00,WIND,492301,1,HCM,1,62122,1011,20,6,40,12,2250,6,6,6,6,6,NA,NA,NA,NA,03/10/2024 00:03,0
03/10/2024 01:00,WIND,492301,1,HCM,1,62122,1011,20,6,30,12,1,6,6,6,6,6,NA,NA,NA,NA,03/10/2024 01:03,0
03/10/2024 02:00,WIND,492301,1,HCM,1,62122,1011,20,6,30,10,118,6,6,6,6,6,NA,NA,NA,NA,03/10/2024 02:03,0
03/10/2024 03:00,WIND,492301,1,HCM,1,62122,1011,10,6,10,12,225,6,6,6,6,6,NA,NA,NA,NA,03/10/2024 03:03,0
03/10/2024 04:00,WIND,492301,1,HCM,1,62122,1011,10,8,10,13,321,6,6,6,6,6,NA,NA,NA,NA,03/10/2024 04:03,0
03/10/2024 05:00,WIND,492301,1,HCM,1,62122,1011,20,8,360,13,401,6,6,6,6,6,NA,NA,NA,NA,03/10/2024 05:03,0
03/10/2024 06:00,WIND,492301,1,HCM,1,62122,1011,20,6,30,11,549,6,6,6,6,6,NA,NA,NA,NA,03/10/2024 06:03,0
03/10/2024 07:00,WIND,492301,1,HCM,1,62122,1011,30,6,40,12,602,6,6,6,6,6,NA,NA,NA,NA,03/10/2024 07:03,0
03/10/2024 08:00,WIND,492301,1,HCM,1,62122,1011,10,6,30,11,706,6,6,6,6,6,NA,NA,NA,NA,03/10/2024 08:03,0
03/10/2024 09:00,WIND,492301,1,HCM,1,62122,1011,10,5,10,9,815,6,6,6,6,6,NA,NA,NA,NA,03/10/2024 09:03,0
03/10/2024 10:00,WIND,492301,1,HCM,1,62122,1011,10,6,340,11,948,6,6,6,6,6,NA,NA,NA,NA,03/10/2024 10:03,0
03/10/2024 11:00,WIND,492301,1,HCM,1,62122,1011,40,6,50,10,1022,6,6,6,6,6,NA,NA,NA,NA,03/10/2024 11:03,0
03/10/2024 12:00,WIND,492301,1,HCM,1,62122,1011,50,5,50,11,1148,6,6,6,6,6,NA,NA,NA,NA,03/10/2024 12:03,0
03/10/2024 13:00,WIND,492301,1,HCM,1,62122,1011,80,7,80,12,1231,6,6,6,6,6,NA,NA,NA,NA,03/10/2024 13:03,0
03/10/2024 14:00,WIND,492301,1,HCM,1,62122,1011,70,7,60,13,1316,6,6,6,6,6,NA,NA,NA,NA,03/10/2024 14:03,0
03/10/2024 15:00,WIND,492301,1,HCM,1,62122,1011,60,7,40,13,1423,6,6,6,6,6,NA,NA,NA,NA,03/10/2024 15:03,0
03/10/2024 16:00,WIND,492301,1,HCM,1,62122,1011,60,6,60,11,1459,6,6,6,6,6,NA,NA,NA,NA,03/10/2024 16:03,0
03/10/2024 17:00,WIND,492301,1,HCM,1,62122,1011,60,5,70,8,1617,6,6,6,6,6,NA,NA,NA,NA,03/10/2024 17:02,0
03/10/2024 18:00,WIND,492301,1,HCM,1,62122,1011,70,3,60,7,1652,6,6,6,6,6,NA,NA,NA,NA,03/10/2024 18:03,0
03/10/2024 19:00,WIND,492301,1,HCM,1,62122,1011,80,2,60,4,1803,6,6,6,6,6,NA,NA,NA,NA,03/10/2024 19:03,0
03/10/2024 20:00,WIND,492301,1,HCM,1,62122,1011,80,2,60,4,1932,6,6,6,6,6,NA,NA,NA,NA,03/10/2024 20:03,0
03/10/2024 21:00,WIND,492301,1,HCM,1,62122,1011,90,2,80,4,1952,6,6,6,6,6,NA,NA,NA,NA,03/10/2024 21:03,0
03/10/2024 22:00,WIND,492301,1,HCM,1,62122,1011,80,2,60,4,2105,6,6,6,6,6,NA,NA,NA,NA,03/10/2024 22:03,0
03/10/2024 23:00,WIND,492301,1,HCM,1,62122,1011,90,3,100,4,2213,6,6,6,6,6,NA,NA,NA,NA,03/10/2024 23:03,0
04/10/2024 00:00,WIND,492301,1,HCM,1,62122,1011,90,3,100,4,2333,6,6,6,6,6,NA,NA,NA,NA,04/10/2024 00:03,0
04/10/2024 01:00,WIND,492301,1,HCM,1,62122,1011,90,4,90,5,30,6,6,6,6,6,NA,NA,NA,NA,04/10/2024 01:03,0
04/10/2024 02:00,WIND,492301,1,HCM,1,62122,1011,90,3,90,5,141,6,6,6,6,6,NA,NA,NA,NA,04/10/2024 02:03,0
04/10/2024 03:00,WIND,492301,1,HCM,1,62122,1011,80,4,80,6,248,6,6,6,6,6,NA,NA,NA,NA,04/10/2024 03:02,0
04/10/2024 04:00,WIND,492301,1,HCM,1,62122,1011,90,4,90,7,327,6,6,6,6,6,NA,NA,NA,NA,04/10/2024 04:03,0
04/10/2024 05:00,WIND,492301,1,HCM,1,62122,1011,90,4,100,7,355,6,6,6,6,6,NA,NA,NA,NA,04/10/2024 05:03,0
04/10/2024 06:00,WIND,492301,1,HCM,1,62122,1011,80,4,70,6,549,6,6,6,6,6,NA,NA,NA,NA,04/10/2024 06:03,0
04/10/2024 07:00,WIND,492301,1,HCM,1,62122,1011,90,3,90,6,550,6,6,6,6,6,NA,NA,NA,NA,04/10/2024 07:03,0
04/10/2024 08:00,WIND,492301,1,HCM,1,62122,1011,100,4,130,6,749,6,6,6,6,6,NA,NA,NA,NA,04/10/2024 08:03,0
04/10/2024 09:00,WIND,492301,1,HCM,1,62122,1011,130,5,130,8,849,6,6,6,6,6,NA,NA,NA,NA,04/10/2024 09:03,0
04/10/2024 10:00,WIND,492301,1,HCM,1,62122,1011,130,6,120,14,949,6,6,6,6,6,NA,NA,NA,NA,04/10/2024 10:03,0
04/10/2024 11:00,WIND,492301,1,HCM,1,62122,1011,120,8,120,15,950,6,6,6,6,6,NA,NA,NA,NA,04/10/2024 11:03,0
04/10/2024 12:00,WIND,492301,1,HCM,1,62122,1011,150,8,150,15,1105,6,6,6,6,6,NA,NA,NA,NA,04/10/2024 12:03,0
04/10/2024 13:00,WIND,492301,1,HCM,1,62122,1011,160,7,170,15,1211,6,6,6,6,6,NA,NA,NA,NA,04/10/2024 13:03,0
04/10/2024 14:00,WIND,492301,1,HCM,1,62122,1011,160,7,160,13,1329,6,6,6,6,6,NA,NA,NA,NA,04/10/2024 14:03,0
04/10/2024 15:00,WIND,492301,1,HCM,1,62122,1011,190,7,230,13,1415,6,6,6,6,6,NA,NA,NA,NA,04/10/2024 15:03,0
04/10/2024 16:00,WIND,492301,1,HCM,1,62122,1011,180,7,180,14,1536,6,6,6,6,6,NA,NA,NA,NA,04/10/2024 16:03,0
04/10/2024 17:00,WIND,492301,1,HCM,1,62122,1011,200,5,180,11,1557,6,6,6,6,6,NA,NA,NA,NA,04/10/2024 17:03,0
04/10/2024 18:00,WIND,492301,1,HCM,1,62122,1011,180,3,190,7,1716,6,6,6,6,6,NA,NA,NA,NA,04/10/2024 18:03,0
04/10/2024 19:00,WIND,492301,1,HCM,1,62122,1011,140,3,150,6,1750,6,6,6,6,6,NA,NA,NA,NA,04/10/2024 19:03,0
04/10/2024 20:00,WIND,492301,1,HCM,1,62122,1011,130,3,130,5,1949,6,6,6,6,6,NA,NA,NA,NA,04/10/2024 20:03,0
04/10/2024 21:00,WIND,492301,1,HCM,1,62122,1011,120,4,140,6,2042,6,6,6,6,6,NA,NA,NA,NA,04/10/2024 21:03,0
04/10/2024 22:00,WIND,492301,1,HCM,1,62122,1011,110,3,130,6,2055,6,6,6,6,6,NA,NA,NA,NA,04/10/2024 22:03,0
04/10/2024 23:00,WIND,492301,1,HCM,1,62122,1011,90,3,100,4,2151,6,6,6,6,6,NA,NA,NA,NA,04/10/2024 23:03,0
05/10/2024 00:00,WIND,492301,1,HCM,1,62122,1011,80,3,70,5,2347,6,6,6,6,6,NA,NA,NA,NA,05/10/2024 00:03,0
05/10/2024 01:00,WIND,492301,1,HCM,1,62122,1011,80,4,70,7,32,6,6,6,6,6,NA,NA,NA,NA,05/10/2024 01:03,0
05/10/2024 02:00,WIND,492301,1,HCM,1,62122,1011,70,3,80,5,140,6,6,6,6,6,NA,NA,NA,NA,05/10/2024 02:03,0
05/10/2024 03:00,WIND,492301,1,HCM,1,62122,1011,70,4,80,5,247,6,6,6,6,6,NA,NA,NA,NA,05/10/2024 03:03,0
05/10/2024 04:00,WIND,492301,1,HCM,1,62122,1011,70,4,70,6,307,6,6,6,6,6,NA,NA,NA,NA,05/10/2024 04:03,0
05/10/2024 05:00,WIND,492301,1,HCM,1,62122,1011,90,3,80,4,357,6,6,6,6,6,NA,NA,NA,NA,05/10/2024 05:03,0
05/10/2024 06:00,WIND,492301,1,HCM,1,62122,1011,80,3,70,5,546,6,6,6,6,6,NA,NA,NA,NA,05/10/2024 06:03,0
05/10/2024 07:00,WIND,492301,1,HCM,1,62122,1011,70,4,60,5,640,6,6,6,6,6,NA,NA,NA,NA,05/10/2024 07:03,0
05/10/2024 08:00,WIND,492301,1,HCM,1,62122,1011,80,3,90,6,746,6,6,6,6,6,NA,NA,NA,NA,05/10/2024 08:03,0
05/10/2024 09:00,WIND,492301,1,HCM,1,62122,1011,100,4,120,9,848,6,6,6,6,6,NA,NA,NA,NA,05/10/2024 09:03,0
05/10/2024 10:00,WIND,492301,1,HCM,1,62122,1011,120,7,110,16,949,6,6,6,6,6,NA,NA,NA,NA,05/10/2024 10:03,0
05/10/2024 11:00,WIND,492301,1,HCM,1,62122,1011,140,9,120,19,1029,6,6,6,6,6,NA,NA,NA,NA,05/10/2024 11:03,0
05/10/2024 12:00,WIND,492301,1,HCM,1,62122,1011,140,10,120,20,1059,6,6,6,6,6,NA,NA,NA,NA,05/10/2024 12:03,0
05/10/2024 13:00,WIND,492301,1,HCM,1,62122,1011,140,10,120,19,1219,6,6,6,6,6,NA,NA,NA,NA,05/10/2024 13:03,0
05/10/2024 14:00,WIND,492301,1,HCM,1,62122,1011,140,10,140,20,1316,6,6,6,6,6,NA,NA,NA,NA,05/10/2024 14:03,0
05/10/2024 15:00,WIND,492301,1,HCM,1,62122,1011,140,11,140,21,1420,6,6,6,6,6,NA,NA,NA,NA,05/10/2024 15:03,0
05/10/2024 16:00,WIND,492301,1,HCM,1,62122,1011,130,11,120,20,1533,6,6,6,6,6,NA,NA,NA,NA,05/10/2024 16:03,0
05/10/2024 17:00,WIND,492301,1,HCM,1,62122,1011,130,8,160,16,1553,6,6,6,6,6,NA,NA,NA,NA,05/10/2024 17:03,0
05/10/2024 18:00,WIND,492301,1,HCM,1,62122,1011,120,7,120,15,1702,6,6,6,6,6,NA,NA,NA,NA,05/10/2024 18:03,0
05/10/2024 19:00,WIND,492301,1,HCM,1,62122,1011,100,5,110,11,1847,6,6,6,6,6,NA,NA,NA,NA,05/10/2024 19:03,0
05/10/2024 20:00,WIND,492301,1,HCM,1,62122,1011,110,7,100,15,1946,6,6,6,6,6,NA,NA,NA,NA,05/10/2024 20:03,0
05/10/2024 21:00,WIND,492301,1,HCM,1,62122,1011,110,9,110,19,2046,6,6,6,6,6,NA,NA,NA,NA,05/10/2024 21:03,0
05/10/2024 22:00,WIND,492301,1,HCM,1,62122,1011,110,13,120,23,2129,6,6,6,6,6,NA,NA,NA,NA,05/10/2024 22:03,0
05/10/2024 23:00,WIND,492301,1,HCM,1,62122,1011,110,10,110,20,2152,6,6,6,6,6,NA,NA,NA,NA,05/10/2024 23:03,0
06/10/2024 00:00,WIND,492301,1,HCM,1,62122,1011,130,4,120,12,2251,6,6,6,6,6,NA,NA,NA,NA,06/10/2024 00:03,0
06/10/2024 01:00,WIND,492301,1,HCM,1,62122,1011,150,2,160,6,35,6,6,6,6,6,NA,NA,NA,NA,06/10/2024 01:03,0
06/10/2024 02:00,WIND,492301,1,HCM,1,62122,1011,90,3,70,6,141,6,6,6,6,6,NA,NA,NA,NA,06/10/2024 02:03,0
06/10/2024 03:00,WIND,492301,1,HCM,1,62122,1011,90,4,100,7,200,6,6,6,6,6,NA,NA,NA,NA,06/10/2024 03:03,0
06/10/2024 04:00,WIND,492301,1,HCM,1,62122,1011,90,4,100,7,321,6,6,6,6,6,NA,NA,NA,NA,06/10/2024 04:03,0
06/10/2024 05:00,WIND,492301,1,HCM,1,62122,1011,90,4,80,8,436,6,6,6,6,6,NA,NA,NA,NA,06/10/2024 05:03,0
06/10/2024 06:00,WIND,492301,1,HCM,1,62122,1011,90,5,90,9,527,6,6,6,6,6,NA,NA,NA,NA,06/10/2024 06:03,0
06/10/2024 07:00,WIND,492301,1,HCM,1,62122,1011,110,5,110,9,621,6,6,6,6,6,NA,NA,NA,NA,06/10/2024 07:03,0
06/10/2024 08:00,WIND,492301,1,HCM,1,62122,1011,130,6,130,13,701,6,6,6,6,6,NA,NA,NA,NA,06/10/2024 08:03,0
06/10/2024 09:00,WIND,492301,1,HCM,1,62122,1011,120,6,150,12,753,6,6,6,6,6,NA,NA,NA,NA,06/10/2024 09:03,0
06/10/2024 10:00,WIND,492301,1,HCM,1,62122,1011,110,7,100,15,941,6,6,6,6,6,NA,NA,NA,NA,06/10/2024 10:03,0
06/10/2024 11:00,WIND,492301,1,HCM,1,62122,1011,130,6,130,12,1041,6,6,6,6,6,NA,NA,NA,NA,06/10/2024 11:03,0
06/10/2024 12:00,WIND,492301,1,HCM,1,62122,1011,120,7,120,13,1148,6,6,6,6,6,NA,NA,NA,NA,06/10/2024 12:03,0
06/10/2024 13:00,WIND,492301,1,HCM,1,62122,1011,120,8,130,14,1221,6,6,6,6,6,NA,NA,NA,NA,06/10/2024 13:03,0
06/10/2024 14:00,WIND,492301,1,HCM,1,62122,1011,130,8,130,15,1321,6,6,6,6,6,NA,NA,NA,NA,06/10/2024 14:03,0
06/10/2024 15:00,WIND,492301,1,HCM,1,62122,1011,120,7,120,12,1404,6,6,6,6,6,NA,NA,NA,NA,06/10/2024 15:03,0
06/10/2024 16:00,WIND,492301,1,HCM,1,62122,1011,130,5,120,10,1451,6,6,6,6,6,NA,NA,NA,NA,06/10/2024 16:03,0
06/10/2024 17:00,WIND,492301,1,HCM,1,62122,1011,150,3,130,8,1557,6,6,6,6,6,NA,NA,NA,NA,06/10/2024 17:03,0
06/10/2024 18:00,WIND,492301,1,HCM,1,62122,1011,210,2,200,5,1744,6,6,6,6,6,NA,NA,NA,NA,06/10/2024 18:03,0
06/10/2024 19:00,WIND,492301,1,HCM,1,62122,1011,230,4,240,7,1809,6,6,6,6,6,NA,NA,NA,NA,06/10/2024 19:03,0
06/10/2024 20:00,WIND,492301,1,HCM,1,62122,1011,230,5,240,9,1948,6,6,6,6,6,NA,NA,NA,NA,06/10/2024 20:03,0
06/10/2024 21:00,WIND,492301,1,HCM,1,62122,1011,230,5,230,9,2034,6,6,6,6,6,NA,NA,NA,NA,06/10/2024 21:03,0
06/10/2024 22:00,WIND,492301,1,HCM,1,62122,1011,220,5,200,9,2135,6,6,6,6,6,NA,NA,NA,NA,06/10/2024 22:03,0
06/10/2024 23:00,WIND,492301,1,HCM,1,62122,1011,200,5,210,10,2150,6,6,6,6,6,NA,NA,NA,NA,06/10/2024 23:03,0
07/10/2024 00:00,WIND,492301,1,HCM,1,62122,1011,180,3,190,6,2336,6,6,6,6,6,NA,NA,NA,NA,07/10/2024 00:03,0
07/10/2024 01:00,WIND,492301,1,HCM,1,62122,1011,160,3,160,5,45,6,6,6,6,6,NA,NA,NA,NA,07/10/2024 01:03,0
07/10/2024 02:00,WIND,492301,1,HCM,1,62122,1011,150,3,170,6,54,6,6,6,6,6,NA,NA,NA,NA,07/10/2024 02:03,0
07/10/2024 03:00,WIND,492301,1,HCM,1,62122,1011,150,3,170,6,248,6,6,6,6,6,NA,NA,NA,NA,07/10/2024 03:03,0
07/10/2024 04:00,WIND,492301,1,HCM,1,62122,1011,170,4,180,7,252,6,6,6,6,6,NA,NA,NA,NA,07/10/2024 04:03,0
07/10/2024 05:00,WIND,492301,1,HCM,1,62122,1011,150,3,160,7,425,6,6,6,6,6,NA,NA,NA,NA,07/10/2024 05:03,0
07/10/2024 06:00,WIND,492301,1,HCM,1,62122,1011,160,4,170,6,543,6,6,6,6,6,NA,NA,NA,NA,07/10/2024 06:03,0
07/10/2024 07:00,WIND,492301,1,HCM,1,62122,1011,150,4,160,7,646,6,6,6,6,6,NA,NA,NA,NA,07/10/2024 07:03,0
07/10/2024 08:00,WIND,492301,1,HCM,1,62122,1011,150,3,170,7,700,6,6,6,6,6,NA,NA,NA,NA,07/10/2024 08:03,0
07/10/2024 09:00,WIND,492301,1,HCM,1,62122,1011,140,4,160,10,844,6,6,6,6,6,NA,NA,NA,NA,07/10/2024 09:03,0
07/10/2024 10:00,WIND,492301,1,HCM,1,62122,1011,180,6,180,13,931,6,6,6,6,6,NA,NA,NA,NA,07/10/2024 10:03,0
07/10/2024 11:00,WIND,492301,1,HCM,1,62122,1011,200,7,220,15,1001,6,6,6,6,6,NA,NA,NA,NA,07/10/2024 11:03,0
07/10/2024 12:00,WIND,492301,1,HCM,1,62122,1011,180,7,150,14,1113,6,6,6,6,6,NA,NA,NA,NA,07/10/2024 12:03,0
07/10/2024 13:00,WIND,492301,1,HCM,1,62122,1011,170,7,160,14,1207,6,6,6,6,6,NA,NA,NA,NA,07/10/2024 13:03,0
07/10/2024 14:00,WIND,492301,1,HCM,1,62122,1011,160,8,130,15,1258,6,6,6,6,6,NA,NA,NA,NA,07/10/2024 14:03,0
07/10/2024 15:00,WIND,492301,1,HCM,1,62122,1011,200,5,220,12,1434,6,6,6,6,6,NA,NA,NA,NA,07/10/2024 15:03,0
07/10/2024 16:00,WIND,492301,1,HCM,1,62122,1011,170,4,170,10,1524,6,6,6,6,6,NA,NA,NA,NA,07/10/2024 16:03,0
07/10/2024 17:00,WIND,492301,1,HCM,1,62122,1011,130,6,110,13,1554,6,6,6,6,6,NA,NA,NA,NA,07/10/2024 17:03,0
07/10/2024 18:00,WIND,492301,1,HCM,1,62122,1011,130,6,120,12,1737,6,6,6,6,6,NA,NA,NA,NA,07/10/2024 18:03,0
07/10/2024 19:00,WIND,492301,1,HCM,1,62122,1011,120,6,110,12,1839,6,6,6,6,6,NA,NA,NA,NA,07/10/2024 19:03,0
07/10/2024 20:00,WIND,492301,1,HCM,1,62122,1011,100,7,110,15,1908,6,6,6,6,6,NA,NA,NA,NA,07/10/2024 20:03,0
07/10/2024 21:00,WIND,492301,1,HCM,1,62122,1011,100,7,110,12,2045,6,6,6,6,6,NA,NA,NA,NA,07/10/2024 21:03,0
07/10/2024 22:00,WIND,492301,1,HCM,1,62122,1011,100,7,90,14,2127,6,6,6,6,6,NA,NA,NA,NA,07/10/2024 22:03,0
07/10/2024 23:00,WIND,492301,1,HCM,1,62122,1011,90,5,80,9,2204,6,6,6,6,6,NA,NA,NA,NA,07/10/2024 23:03,0
08/10/2024 00:00,WIND,492301,1,HCM,1,62122,1011,150,5,160,11,2348,6,6,6,6,6,NA,NA,NA,NA,08/10/2024 00:03,0
08/10/2024 01:00,WIND,492301,1,HCM,1,62122,1011,160,6,160,12,4,6,6,6,6,6,NA,NA,NA,NA,08/10/2024 01:03,0
08/10/2024 02:00,WIND,492301,1,HCM,1,62122,1011,140,4,140,8,106,6,6,6,6,6,NA,NA,NA,NA,08/10/2024 02:03,0
08/10/2024 03:00,WIND,492301,1,HCM,1,62122,1011,120,3,140,6,203,6,6,6,6,6,NA,NA,NA,NA,08/10/2024 03:03,0
08/10/2024 04:00,WIND,492301,1,HCM,1,62122,1011,80,4,80,6,339,6,6,6,6,6,NA,NA,NA,NA,08/10/2024 04:03,0
08/10/2024 05:00,WIND,492301,1,HCM,1,62122,1011,120,5,130,10,435,6,6,6,6,6,NA,NA,NA,NA,08/10/2024 05:03,0
08/10/2024 06:00,WIND,492301,1,HCM,1,62122,1011,130,5,150,9,522,6,6,6,6,6,NA,NA,NA,NA,08/10/2024 06:03,0
08/10/2024 07:00,WIND,492301,1,HCM,1,62122,1011,120,5,120,8,608,6,6,6,6,6,NA,NA,NA,NA,08/10/2024 07:03,0
08/10/2024 08:00,WIND,492301,1,HCM,1,62122,1011,80,5,90,8,742,6,6,6,6,6,NA,NA,NA,NA,08/10/2024 08:03,0
08/10/2024 09:00,WIND,492301,1,HCM,1,62122,1011,120,6,130,11,845,6,6,6,6,6,NA,NA,NA,NA,08/10/2024 09:03,0
08/10/2024 10:00,WIND,492301,1,HCM,1,62122,1011,130,6,130,13,924,6,6,6,6,6,NA,NA,NA,NA,08/10/2024 10:03,0
08/10/2024 11:00,WIND,492301,1,HCM,1,62122,1011,140,6,150,12,1013,6,6,6,6,6,NA,NA,NA,NA,08/10/2024 11:03,0
08/10/2024 12:00,WIND,492301,1,HCM,1,62122,1011,140,6,130,12,1130,6,6,6,6,6,NA,NA,NA,NA,08/10/2024 12:03,0
08/10/2024 13:00,WIND,492301,1,HCM,1,62122,1011,140,5,100,14,1213,6,6,6,6,6,NA,NA,NA,NA,08/10/2024 13:03,0
08/10/2024 14:00,WIND,492301,1,HCM,1,62122,1011,230,3,260,8,1315,6,6,6,6,6,NA,NA,NA,NA,08/10/2024 14:03,0
08/10/2024 15:00,WIND,492301,1,HCM,1,62122,1011,80,3,80,8,1430,6,6,6,6,6,NA,NA,NA,NA,08/10/2024 15:03,0
08/10/2024 16:00,WIND,492301,1,HCM,1,62122,1011,110,4,100,9,1507,6,6,6,6,6,NA,NA,NA,NA,08/10/2024 16:03,0
08/10/2024 17:00,WIND,492301,1,HCM,1,62122,1011,130,4,110,11,1621,6,6,6,6,6,NA,NA,NA,NA,08/10/2024 17:03,0
08/10/2024 18:00,WIND,492301,1,HCM,1,62122,1011,120,5,160,9,1706,6,6,6,6,6,NA,NA,NA,NA,08/10/2024 18:03,0
08/10/2024 19:00,WIND,492301,1,HCM,1,62122,1011,110,3,120,7,1847,6,6,6,6,6,NA,NA,NA,NA,08/10/2024 19:03,0
08/10/2024 20:00,WIND,492301,1,HCM,1,62122,1011,120,6,150,10,1915,6,6,6,6,6,NA,NA,NA,NA,08/10/2024 20:03,0
08/10/2024 21:00,WIND,492301,1,HCM,1,62122,1011,120,5,120,10,1956,6,6,6,6,6,NA,NA,NA,NA,08/10/2024 21:03,0
08/10/2024 22:00,WIND,492301,1,HCM,1,62122,1011,100,3,110,7,2130,6,6,6,6,6,NA,NA,NA,NA,08/10/2024 22:03,0
08/10/2024 23:00,WIND,492301,1,HCM,1,62122,1011,70,2,110,4,2151,6,6,6,6,6,NA,NA,NA,NA,08/10/2024 23:02,0
09/10/2024 00:00,WIND,492301,1,HCM,1,62122,1011,270,2,250,5,2307,6,6,6,6,6,NA,NA,NA,NA,09/10/2024 00:03,0
09/10/2024 01:00,WIND,492301,1,HCM,1,62122,1011,260,4,260,7,31,6,6,6,6,6,NA,NA,NA,NA,09/10/2024 01:03,0
09/10/2024 02:00,WIND,492301,1,HCM,1,62122,1011,250,4,240,7,143,6,6,6,6,6,NA,NA,NA,NA,09/10/2024 02:03,0
09/10/2024 03:00,WIND,492301,1,HCM,1,62122,1011,240,4,230,8,227,6,6,6,6,6,NA,NA,NA,NA,09/10/2024 03:03,0
09/10/2024 04:00,WIND,492301,1,HCM,1,62122,1011,250,4,260,6,306,6,6,6,6,6,NA,NA,NA,NA,09/10/2024 04:03,0
09/10/2024 05:00,WIND,492301,1,HCM,1,62122,1011,240,4,230,6,449,6,6,6,6,6,NA,NA,NA,NA,09/10/2024 05:03,0
09/10/2024 06:00,WIND,492301,1,HCM,1,62122,1011,260,4,260,7,512,6,6,6,6,6,NA,NA,NA,NA,09/10/2024 06:03,0
09/10/2024 07:00,WIND,492301,1,HCM,1,62122,1011,260,3,260,5,556,6,6,6,6,6,NA,NA,NA,NA,09/10/2024 07:03,0
09/10/2024 08:00,WIND,492301,1,HCM,1,62122,1011,240,2,260,4,746,6,6,6,6,6,NA,NA,NA,NA,09/10/2024 08:02,0
09/10/2024 09:00,WIND,492301,1,HCM,1,62122,1011,270,3,290,4,846,6,6,6,6,6,NA,NA,NA,NA,09/10/2024 09:03,0
09/10/2024 10:00,WIND,492301,1,HCM,1,62122,1011,280,3,270,6,922,6,6,6,6,6,NA,NA,NA,NA,09/10/2024 10:03,0
09/10/2024 11:00,WIND,492301,1,HCM,1,62122,1011,320,4,340,7,1028,6,6,6,6,6,NA,NA,NA,NA,09/10/2024 11:03,0
09/10/2024 12:00,WIND,492301,1,HCM,1,62122,1011,310,4,310,7,1141,6,6,6,6,6,NA,NA,NA,NA,09/10/2024 12:03,0
09/10/2024 13:00,WIND,492301,1,HCM,1,62122,1011,330,5,320,11,1219,6,6,6,6,6,NA,NA,NA,NA,09/10/2024 13:03,0
09/10/2024 14:00,WIND,492301,1,HCM,1,62122,1011,320,4,300,9,1301,6,6,6,6,6,NA,NA,NA,NA,09/10/2024 14:03,0
09/10/2024 15:00,WIND,492301,1,HCM,1,62122,1011,330,6,340,17,1446,6,6,6,6,6,NA,NA,NA,NA,09/10/2024 15:03,0
09/10/2024 16:00,WIND,492301,1,HCM,1,62122,1011,340,8,350,14,1455,6,6,6,6,6,NA,NA,NA,NA,09/10/2024 16:03,0
09/10/2024 17:00,WIND,492301,1,HCM,1,62122,1011,340,8,350,18,1629,6,6,6,6,6,NA,NA,NA,NA,09/10/2024 17:08,0
09/10/2024 18:00,WIND,492301,1,HCM,1,62122,1011,340,10,330,18,1721,6,6,6,6,6,NA,NA,NA,NA,09/10/2024 18:03,0
09/10/2024 19:00,WIND,492301,1,HCM,1,62122,1011,340,9,340,17,1818,6,6,6,6,6,NA,NA,NA,NA,09/10/2024 19:03,0
09/10/2024 20:00,WIND,492301,1,HCM,1,62122,1011,350,9,360,15,1905,6,6,6,6,6,NA,NA,NA,NA,09/10/2024 20:03,0
09/10/2024 21:00,WIND,492301,1,HCM,1,62122,1011,340,7,350,14,2032,6,6,6,6,6,NA,NA,NA,NA,09/10/2024 21:03,0
09/10/2024 22:00,WIND,492301,1,HCM,1,62122,1011,330,7,360,13,2052,6,6,6,6,6,NA,NA,NA,NA,09/10/2024 22:03,0
09/10/2024 23:00,WIND,492301,1,HCM,1,62122,1011,320,5,330,11,2150,6,6,6,6,6,NA,NA,NA,NA,09/10/2024 23:02,0
10/10/2024 00:00,WIND,492301,1,HCM,1,62122,1011,320,6,320,11,2340,6,6,6,6,6,NA,NA,NA,NA,10/10/2024 00:03,0
10/10/2024 01:00,WIND,492301,1,HCM,1,62122,1011,330,6,340,10,36,6,6,6,6,6,NA,NA,NA,NA,10/10/2024 01:03,0
10/10/2024 02:00,WIND,492301,1,HCM,1,62122,1011,340,6,330,12,117,6,6,6,6,6,NA,NA,NA,NA,10/10/2024 02:03,0
10/10/2024 03:00,WIND,492301,1,HCM,1,62122,1011,340,7,340,15,156,6,6,6,6,6,NA,NA,NA,NA,10/10/2024 03:03,0
10/10/2024 04:00,WIND,492301,1,HCM,1,62122,1011,350,6,340,12,323,6,6,6,6,6,NA,NA,NA,NA,10/10/2024 04:03,0
10/10/2024 05:00,WIND,492301,1,HCM,1,62122,1011,360,7,340,13,447,6,6,6,6,6,NA,NA,NA,NA,10/10/2024 05:03,0
10/10/2024 06:00,WIND,492301,1,HCM,1,62122,1011,10,7,350,16,505,6,6,6,6,6,NA,NA,NA,NA,10/10/2024 06:03,0
10/10/2024 07:00,WIND,492301,1,HCM,1,62122,1011,360,5,330,11,622,6,6,6,6,6,NA,NA,NA,NA,10/10/2024 07:03,0
10/10/2024 08:00,WIND,492301,1,HCM,1,62122,1011,10,4,360,9,655,6,6,6,6,6,NA,NA,NA,NA,10/10/2024 08:03,0
10/10/2024 09:00,WIND,492301,1,HCM,1,62122,1011,350,3,330,5,849,6,6,6,6,6,NA,NA,NA,NA,10/10/2024 09:03,0
10/10/2024 10:00,WIND,492301,1,HCM,1,62122,1011,360,6,10,11,941,6,6,6,6,6,NA,NA,NA,NA,10/10/2024 10:03,0
10/10/2024 11:00,WIND,492301,1,HCM,1,62122,1011,20,7,360,11,1005,6,6,6,6,6,NA,NA,NA,NA,10/10/2024 11:03,0
10/10/2024 12:00,WIND,492301,1,HCM,1,62122,1011,20,5,50,10,1053,6,6,6,6,6,NA,NA,NA,NA,10/10/2024 12:03,0
10/10/2024 13:00,WIND,492301,1,HCM,1,62122,1011,340,5,350,10,1240,6,6,6,6,6,NA,NA,NA,NA,10/10/2024 13:03,0
10/10/2024 14:00,WIND,492301,1,HCM,1,62122,1011,350,6,340,11,1319,6,6,6,6,6,NA,NA,NA,NA,10/10/2024 14:03,0
10/10/2024 15:00,WIND,492301,1,HCM,1,62122,1011,340,5,340,10,1405,6,6,6,6,6,NA,NA,NA,NA,10/10/2024 15:03,0
10/10/2024 16:00,WIND,492301,1,HCM,1,62122,1011,340,4,350,8,1451,6,6,6,6,6,NA,NA,NA,NA,10/10/2024 16:03,0
10/10/2024 17:00,WIND,492301,1,HCM,1,62122,1011,350,3,350,6,1558,6,6,6,6,6,NA,NA,NA,NA,10/10/2024 17:03,0
10/10/2024 18:00,WIND,492301,1,HCM,1,62122,1011,360,3,350,5,1718,6,6,6,6,6,NA,NA,NA,NA,10/10/2024 18:03,0
10/10/2024 19:00,WIND,492301,1,HCM,1,62122,1011,340,2,320,4,1825,6,6,6,6,6,NA,NA,NA,NA,10/10/2024 19:03,0
10/10/2024 20:00,WIND,492301,1,HCM,1,62122,1011,350,3,10,5,1949,6,6,6,6,6,NA,NA,NA,NA,10/10/2024 20:03,0
10/10/2024 21:00,WIND,492301,1,HCM,1,62122,1011,10,3,360,6,2006,6,6,6,6,6,NA,NA,NA,NA,10/10/2024 21:03,0
10/10/2024 22:00,WIND,492301,1,HCM,1,62122,1011,20,3,30,8,2144,6,6,6,6,6,NA,NA,NA,NA,10/10/2024 22:03,0
10/10/2024 23:00,WIND,492301,1,HCM,1,62122,1011,20,4,360,8,2156,6,6,6,6,6,NA,NA,NA,NA,10/10/2024 23:03,0
11/10/2024 00:00,WIND,492301,1,HCM,1,62122,1011,20,4,360,9,2305,6,6,6,6,6,NA,NA,NA,NA,11/10/2024 00:03,0
11/10/2024 01:00,WIND,492301,1,HCM,1,62122,1011,20,2,360,4,2351,6,6,6,6,6,NA,NA,NA,NA,11/10/2024 01:03,0
11/10/2024 02:00,WIND,492301,1,HCM,1,62122,1011,50,1,60,2,138,6,6,6,6,6,NA,NA,NA,NA,11/10/2024 02:03,0
11/10/2024 03:00,WIND,492301,1,HCM,1,62122,1011,300,1,10,3,240,6,6,6,6,6,NA,NA,NA,NA,11/10/2024 03:03,0
11/10/2024 04:00,WIND,492301,1,HCM,1,62122,1011,20,1,360,3,329,6,6,6,6,6,NA,NA,NA,NA,11/10/2024 04:03,0
11/10/2024 05:00,WIND,492301,1,HCM,1,62122,1011,360,1,10,3,352,6,6,6,6,6,NA,NA,NA,NA,11/10/2024 05:03,0
11/10/2024 06:00,WIND,492301,1,HCM,1,62122,1011,360,1,350,2,456,6,6,6,6,6,NA,NA,NA,NA,11/10/2024 06:03,0
11/10/2024 07:00,WIND,492301,1,HCM,1,62122,1011,110,1,130,4,610,6,6,6,6,6,NA,NA,NA,NA,11/10/2024 07:03,0
11/10/2024 08:00,WIND,492301,1,HCM,1,62122,1011,150,1,180,3,709,6,6,6,6,6,NA,NA,NA,NA,11/10/2024 08:03,0
11/10/2024 09:00,WIND,492301,1,HCM,1,62122,1011,90,2,60,3,826,6,6,6,6,6,NA,NA,NA,NA,11/10/2024 09:03,0
11/10/2024 10:00,WIND,492301,1,HCM,1,62122,1011,100,2,150,6,947,6,6,6,6,6,NA,NA,NA,NA,11/10/2024 10:03,0
11/10/2024 11:00,WIND,492301,1,HCM,1,62122,1011,110,2,140,6,1005,6,6,6,6,6,NA,NA,NA,NA,11/10/2024 11:03,0
11/10/2024 12:00,WIND,492301,1,HCM,1,62122,1011,220,2,120,7,1107,6,6,6,6,6,NA,NA,NA,NA,11/10/2024 12:03,0
11/10/2024 13:00,WIND,492301,1,HCM,1,62122,1011,120,3,100,6,1235,6,6,6,6,6,NA,NA,NA,NA,11/10/2024 13:03,0
11/10/2024 14:00,WIND,492301,1,HCM,1,62122,1011,160,3,130,8,1250,6,6,6,6,6,NA,NA,NA,NA,11/10/2024 14:03,0
11/10/2024 15:00,WIND,492301,1,HCM,1,62122,1011,110,3,120,8,1350,6,6,6,6,6,NA,NA,NA,NA,11/10/2024 15:03,0
11/10/2024 16:00,WIND,492301,1,HCM,1,62122,1011,220,2,240,5,1517,6,6,6,6,6,NA,NA,NA,NA,11/10/2024 16:03,0
11/10/2024 17:00,WIND,492301,1,HCM,1,62122,1011,100,3,90,7,1619,6,6,6,6,6,NA,NA,NA,NA,11/10/2024 17:03,0
11/10/2024 18:00,WIND,492301,1,HCM,1,62122,1011,100,3,90,5,1714,6,6,6,6,6,NA,NA,NA,NA,11/10/2024 18:03,0
11/10/2024 19:00,WIND,492301,1,HCM,1,62122,1011,80,3,110,5,1846,6,6,6,6,6,NA,NA,NA,NA,11/10/2024 19:02,0
11/10/2024 20:00,WIND,492301,1,HCM,1,62122,1011,100,3,100,6,1859,6,6,6,6,6,NA,NA,NA,NA,11/10/2024 20:03,0
11/10/2024 21:00,WIND,492301,1,HCM,1,62122,1011,90,3,90,6,2049,6,6,6,6,6,NA,NA,NA,NA,11/10/2024 21:03,0
11/10/2024 22:00,WIND,492301,1,HCM,1,62122,1011,80,4,80,6,2145,6,6,6,6,6,NA,NA,NA,NA,11/10/2024 22:03,0
11/10/2024 23:00,WIND,492301,1,HCM,1,62122,1011,70,4,80,7,2200,6,6,6,6,6,NA,NA,NA,NA,11/10/2024 23:03,0
12/10/2024 00:00,WIND,492301,1,HCM,1,62122,1011,70,3,70,5,2252,6,6,6,6,6,NA,NA,NA,NA,12/10/2024 00:03,0
12/10/2024 01:00,WIND,492301,1,HCM,1,62122,1011,100,4,100,7,26,6,6,6,6,6,NA,NA,NA,NA,12/10/2024 01:03,0
12/10/2024 02:00,WIND,492301,1,HCM,1,62122,1011,100,4,140,7,57,6,6,6,6,6,NA,NA,NA,NA,12/10/2024 02:02,0
12/10/2024 03:00,WIND,492301,1,HCM,1,62122,1011,100,5,100,11,213,6,6,6,6,6,NA,NA,NA,NA,12/10/2024 03:03,0
12/10/2024 04:00,WIND,492301,1,HCM,1,62122,1011,90,4,110,8,256,6,6,6,6,6,NA,NA,NA,NA,12/10/2024 04:03,0
12/10/2024 05:00,WIND,492301,1,HCM,1,62122,1011,100,4,90,7,418,6,6,6,6,6,NA,NA,NA,NA,12/10/2024 05:03,0
12/10/2024 06:00,WIND,492301,1,HCM,1,62122,1011,100,4,120,8,518,6,6,6,6,6,NA,NA,NA,NA,12/10/2024 06:03,0
12/10/2024 07:00,WIND,492301,1,HCM,1,62122,1011,110,5,110,9,621,6,6,6,6,6,NA,NA,NA,NA,12/10/2024 07:03,0
12/10/2024 08:00,WIND,492301,1,HCM,1,62122,1011,120,4,110,6,657,6,6,6,6,6,NA,NA,NA,NA,12/10/2024 08:03,0
12/10/2024 09:00,WIND,492301,1,HCM,1,62122,1011,130,3,140,6,759,6,6,6,6,6,NA,NA,NA,NA,12/10/2024 09:03,0
12/10/2024 10:00,WIND,492301,1,HCM,1,62122,1011,150,3,180,7,948,6,6,6,6,6,NA,NA,NA,NA,12/10/2024 10:03,0
12/10/2024 11:00,WIND,492301,1,HCM,1,62122,1011,250,5,260,11,1006,6,6,6,6,6,NA,NA,NA,NA,12/10/2024 11:03,0
12/10/2024 12:00,WIND,492301,1,HCM,1,62122,1011,250,7,240,13,1125,6,6,6,6,6,NA,NA,NA,NA,12/10/2024 12:03,0
12/10/2024 13:00,WIND,492301,1,HCM,1,62122,1011,240,8,250,17,1246,6,6,6,6,6,NA,NA,NA,NA,12/10/2024 13:03,0
12/10/2024 14:00,WIND,492301,1,HCM,1,62122,1011,240,11,240,20,1312,6,6,6,6,6,NA,NA,NA,NA,12/10/2024 14:03,0
12/10/2024 15:00,WIND,492301,1,HCM,1,62122,1011,240,13,230,23,1432,6,6,6,6,6,NA,NA,NA,NA,12/10/2024 15:03,0
12/10/2024 16:00,WIND,492301,1,HCM,1,62122,1011,240,12,240,24,1506,6,6,6,6,6,NA,NA,NA,NA,12/10/2024 16:03,0
12/10/2024 17:00,WIND,492301,1,HCM,1,62122,1011,260,10,260,18,1559,6,6,6,6,6,NA,NA,NA,NA,12/10/2024 17:03,0
12/10/2024 18:00,WIND,492301,1,HCM,1,62122,1011,260,11,280,21,1749,6,6,6,6,6,NA,NA,NA,NA,12/10/2024 18:03,0
12/10/2024 19:00,WIND,492301,1,HCM,1,62122,1011,270,5,290,15,1750,6,6,6,6,6,NA,NA,NA,NA,12/10/2024 19:03,0
12/10/2024 20:00,WIND,492301,1,HCM,1,62122,1011,270,3,260,7,1919,6,6,6,6,6,NA,NA,NA,NA,12/10/2024 20:03,0
12/10/2024 21:00,WIND,492301,1,HCM,1,62122,1011,260,5,250,10,2048,6,6,6,6,6,NA,NA,NA,NA,12/10/2024 21:03,0
12/10/2024 22:00,WIND,492301,1,HCM,1,62122,1011,250,5,260,10,2050,6,6,6,6,6,NA,NA,NA,NA,12/10/2024 22:03,0
12/10/2024 23:00,WIND,492301,1,HCM,1,62122,1011,260,8,270,13,2246,6,6,6,6,6,NA,NA,NA,NA,12/10/2024 23:02,0
13/10/2024 00:00,WIND,492301,1,HCM,1,62122,1011,260,7,240,14,2337,6,6,6,6,6,NA,NA,NA,NA,13/10/2024 00:03,0
13/10/2024 01:00,WIND,492301,1,HCM,1,62122,1011,270,6,280,11,45,6,6,6,6,6,NA,NA,NA,NA,13/10/2024 01:03,0
13/10/2024 02:00,WIND,492301,1,HCM,1,62122,1011,260,5,260,9,51,6,6,6,6,6,NA,NA,NA,NA,13/10/2024 02:03,0
13/10/2024 03:00,WIND,492301,1,HCM,1,62122,1011,250,5,260,8,232,6,6,6,6,6,NA,NA,NA,NA,13/10/2024 03:03,0
13/10/2024 04:00,WIND,492301,1,HCM,1,62122,1011,250,4,270,8,259,6,6,6,6,6,NA,NA,NA,NA,13/10/2024 04:03,0
13/10/2024 05:00,WIND,492301,1,HCM,1,62122,1011,270,4,260,8,354,6,6,6,6,6,NA,NA,NA,NA,13/10/2024 05:03,0
13/10/2024 06:00,WIND,492301,1,HCM,1,62122,1011,250,2,280,5,457,6,6,6,6,6,NA,NA,NA,NA,13/10/2024 06:03,0
13/10/2024 07:00,WIND,492301,1,HCM,1,62122,1011,260,2,320,6,627,6,6,6,6,6,NA,NA,NA,NA,13/10/2024 07:03,0
13/10/2024 08:00,WIND,492301,1,HCM,1,62122,1011,180,1,170,3,712,6,6,6,6,6,NA,NA,NA,NA,13/10/2024 08:03,0
13/10/2024 09:00,WIND,492301,1,HCM,1,62122,1011,150,2,130,4,837,6,6,6,6,6,NA,NA,NA,NA,13/10/2024 09:03,0
13/10/2024 10:00,WIND,492301,1,HCM,1,62122,1011,180,2,170,4,939,6,6,6,6,6,NA,NA,NA,NA,13/10/2024 10:03,0
13/10/2024 11:00,WIND,492301,1,HCM,1,62122,1011,160,2,140,5,1012,6,6,6,6,6,NA,NA,NA,NA,13/10/2024 11:03,0
13/10/2024 12:00,WIND,492301,1,HCM,1,62122,1011,160,2,160,5,1057,6,6,6,6,6,NA,NA,NA,NA,13/10/2024 12:03,0
13/10/2024 13:00,WIND,492301,1,HCM,1,62122,1011,190,3,130,6,1248,6,6,6,6,6,NA,NA,NA,NA,13/10/2024 13:03,0
13/10/2024 14:00,WIND,492301,1,HCM,1,62122,1011,110,4,70,8,1307,6,6,6,6,6,NA,NA,NA,NA,13/10/2024 14:03,0
13/10/2024 15:00,WIND,492301,1,HCM,1,62122,1011,120,4,120,8,1406,6,6,6,6,6,NA,NA,NA,NA,13/10/2024 15:03,0
13/10/2024 16:00,WIND,492301,1,HCM,1,62122,1011,100,4,90,6,1536,6,6,6,6,6,NA,NA,NA,NA,13/10/2024 16:03,0
13/10/2024 17:00,WIND,492301,1,HCM,1,62122,1011,100,4,90,6,1649,6,6,6,6,6,NA,NA,NA,NA,13/10/2024 17:03,0
13/10/2024 18:00,WIND,492301,1,HCM,1,62122,1011,100,5,90,9,1703,6,6,6,6,6,NA,NA,NA,NA,13/10/2024 18:03,0
13/10/2024 19:00,WIND,492301,1,HCM,1,62122,1011,110,5,110,8,1815,6,6,6,6,6,NA,NA,NA,NA,13/10/2024 19:03,0
13/10/2024 20:00,WIND,492301,1,HCM,1,62122,1011,100,5,100,8,1859,6,6,6,6,6,NA,NA,NA,NA,13/10/2024 20:03,0
13/10/2024 21:00,WIND,492301,1,HCM,1,62122,1011,90,4,100,7,1951,6,6,6,6,6,NA,NA,NA,NA,13/10/2024 21:03,0
13/10/2024 22:00,WIND,492301,1,HCM,1,62122,1011,90,5,80,8,2130,6,6,6,6,6,NA,NA,NA,NA,13/10/2024 22:03,0
13/10/2024 23:00,WIND,492301,1,HCM,1,62122,1011,80,5,70,7,2217,6,6,6,6,6,NA,NA,NA,NA,13/10/2024 23:03,0
14/10/2024 00:00,WIND,492301,1,HCM,1,62122,1011,90,4,80,7,2345,6,6,6,6,6,NA,NA,NA,NA,14/10/2024 00:03,0
14/10/2024 01:00,WIND,492301,1,HCM,1,62122,1011,90,5,90,12,49,6,6,6,6,6,NA,NA,NA,NA,14/10/2024 01:03,0
14/10/2024 02:00,WIND,492301,1,HCM,1,62122,1011,80,8,100,16,130,6,6,6,6,6,NA,NA,NA,NA,14/10/2024 02:03,0
14/10/2024 03:00,WIND,492301,1,HCM,1,62122,1011,70,6,80,14,151,6,6,6,6,6,NA,NA,NA,NA,14/10/2024 03:03,0
14/10/2024 04:00,WIND,492301,1,HCM,1,62122,1011,70,7,70,12,310,6,6,6,6,6,NA,NA,NA,NA,14/10/2024 04:03,0
14/10/2024 05:00,WIND,492301,1,HCM,1,62122,1011,60,6,70,10,421,6,6,6,6,6,NA,NA,NA,NA,14/10/2024 05:03,0
14/10/2024 06:00,WIND,492301,1,HCM,1,62122,1011,50,6,50,11,517,6,6,6,6,6,NA,NA,NA,NA,14/10/2024 06:03,0
14/10/2024 07:00,WIND,492301,1,HCM,1,62122,1011,50,7,50,11,642,6,6,6,6,6,NA,NA,NA,NA,14/10/2024 07:03,0
14/10/2024 08:00,WIND,492301,1,HCM,1,62122,1011,50,6,50,11,745,6,6,6,6,6,NA,NA,NA,NA,14/10/2024 08:03,0
14/10/2024 09:00,WIND,492301,1,HCM,1,62122,1011,10,5,60,11,758,6,6,6,6,6,NA,NA,NA,NA,14/10/2024 09:03,0
14/10/2024 10:00,WIND,492301,1,HCM,1,62122,1011,10,6,20,10,920,6,6,6,6,6,NA,NA,NA,NA,14/10/2024 10:03,0
14/10/2024 11:00,WIND,492301,1,HCM,1,62122,1011,20,6,350,10,1042,6,6,6,6,6,NA,NA,NA,NA,14/10/2024 11:03,0
14/10/2024 12:00,WIND,492301,1,HCM,1,62122,1011,10,6,40,10,1054,6,6,6,6,6,NA,NA,NA,NA,14/10/2024 12:03,0
14/10/2024 13:00,WIND,492301,1,HCM,1,62122,1011,360,4,360,7,1158,6,6,6,6,6,NA,NA,NA,NA,14/10/2024 13:03,0
14/10/2024 14:00,WIND,492301,1,HCM,1,62122,1011,10,6,20,9,1333,6,6,6,6,6,NA,NA,NA,NA,14/10/2024 14:03,0
14/10/2024 15:00,WIND,492301,1,HCM,1,62122,1011,20,5,50,9,1426,6,6,6,6,6,NA,NA,NA,NA,14/10/2024 15:03,0
14/10/2024 16:00,WIND,492301,1,HCM,1,62122,1011,20,4,10,8,1459,6,6,6,6,6,NA,NA,NA,NA,14/10/2024 16:03,0
14/10/2024 17:00,WIND,492301,1,HCM,1,62122,1011,10,4,360,7,1646,6,6,6,6,6,NA,NA,NA,NA,14/10/2024 17:03,0
14/10/2024 18:00,WIND,492301,1,HCM,1,62122,1011,10,4,10,6,1720,6,6,6,6,6,NA,NA,NA,NA,14/10/2024 18:02,0
14/10/2024 19:00,WIND,492301,1,HCM,1,62122,1011,20,3,20,6,1806,6,6,6,6,6,NA,NA,NA,NA,14/10/2024 19:03,0
14/10/2024 20:00,WIND,492301,1,HCM,1,62122,1011,40,4,40,6,1935,6,6,6,6,6,NA,NA,NA,NA,14/10/2024 20:03,0
14/10/2024 21:00,WIND,492301,1,HCM,1,62122,1011,60,4,80,7,2043,6,6,6,6,6,NA,NA,NA,NA,14/10/2024 21:03,0
14/10/2024 22:00,WIND,492301,1,HCM,1,62122,1011,80,5,80,8,2122,6,6,6,6,6,NA,NA,NA,NA,14/10/2024 22:03,0
14/10/2024 23:00,WIND,492301,1,HCM,1,62122,1011,90,4,90,7,2207,6,6,6,6,6,NA,NA,NA,NA,14/10/2024 23:03,0
15/10/2024 00:00,WIND,492301,1,HCM,1,62122,1011,80,4,80,7,2349,6,6,6,6,6,NA,NA,NA,NA,15/10/2024 00:03,0
15/10/2024 01:00,WIND,492301,1,HCM,1,62122,1011,80,4,70,7,36,6,6,6,6,6,NA,NA,NA,NA,15/10/2024 01:03,0
15/10/2024 02:00,WIND,492301,1,HCM,1,62122,1011,90,4,100,7,134,6,6,6,6,6,NA,NA,NA,NA,15/10/2024 02:03,0
15/10/2024 03:00,WIND,492301,1,HCM,1,62122,1011,100,4,100,7,216,6,6,6,6,6,NA,NA,NA,NA,15/10/2024 03:03,0
15/10/2024 04:00,WIND,492301,1,HCM,1,62122,1011,90,5,90,8,315,6,6,6,6,6,NA,NA,NA,NA,15/10/2024 04:03,0
15/10/2024 05:00,WIND,492301,1,HCM,1,62122,1011,90,4,100,8,433,6,6,6,6,6,NA,NA,NA,NA,15/10/2024 05:02,0
15/10/2024 06:00,WIND,492301,1,HCM,1,62122,1011,100,6,100,11,523,6,6,6,6,6,NA,NA,NA,NA,15/10/2024 06:03,0
15/10/2024 07:00,WIND,492301,1,HCM,1,62122,1011,90,6,90,10,611,6,6,6,6,6,NA,NA,NA,NA,15/10/2024 07:03,0
15/10/2024 08:00,WIND,492301,1,HCM,1,62122,1011,100,6,110,10,749,6,6,6,6,6,NA,NA,NA,NA,15/10/2024 08:03,0
15/10/2024 09:00,WIND,492301,1,HCM,1,62122,1011,100,7,90,12,837,6,6,6,6,6,NA,NA,NA,NA,15/10/2024 09:03,0
15/10/2024 10:00,WIND,492301,1,HCM,1,62122,1011,100,7,100,13,932,6,6,6,6,6,NA,NA,NA,NA,15/10/2024 10:03,0
15/10/2024 11:00,WIND,492301,1,HCM,1,62122,1011,100,7,110,12,1016,6,6,6,6,6,NA,NA,NA,NA,15/10/2024 11:03,0
15/10/2024 12:00,WIND,492301,1,HCM,1,62122,1011,80,5,90,10,1050,6,6,6,6,6,NA,NA,NA,NA,15/10/2024 12:03,0
15/10/2024 13:00,WIND,492301,1,HCM,1,62122,1011,100,8,110,17,1243,6,6,6,6,6,NA,NA,NA,NA,15/10/2024 13:03,0
15/10/2024 14:00,WIND,492301,1,HCM,1,62122,1011,100,8,110,14,1300,6,6,6,6,6,NA,NA,NA,NA,15/10/2024 14:03,0
15/10/2024 15:00,WIND,492301,1,HCM,1,62122,1011,100,7,110,13,1442,6,6,6,6,6,NA,NA,NA,NA,15/10/2024 15:03,0
15/10/2024 16:00,WIND,492301,1,HCM,1,62122,1011,110,8,80,15,1535,6,6,6,6,6,NA,NA,NA,NA,15/10/2024 16:03,0
15/10/2024 17:00,WIND,492301,1,HCM,1,62122,1011,100,8,110,16,1620,6,6,6,6,6,NA,NA,NA,NA,15/10/2024 17:03,0
15/10/2024 18:00,WIND,492301,1,HCM,1,62122,1011,90,6,90,15,1722,6,6,6,6,6,NA,NA,NA,NA,15/10/2024 18:03,0
15/10/2024 19:00,WIND,492301,1,HCM,1,62122,1011,100,7,80,14,1753,6,6,6,6,6,NA,NA,NA,NA,15/10/2024 19:03,0
15/10/2024 20:00,WIND,492301,1,HCM,1,62122,1011,90,7,100,14,1933,6,6,6,6,6,NA,NA,NA,NA,15/10/2024 20:03,0
15/10/2024 21:00,WIND,492301,1,HCM,1,62122,1011,90,7,90,14,2012,6,6,6,6,6,NA,NA,NA,NA,15/10/2024 21:03,0
15/10/2024 22:00,WIND,492301,1,HCM,1,62122,1011,100,9,100,18,2140,6,6,6,6,6,NA,NA,NA,NA,15/10/2024 22:03,0
15/10/2024 23:00,WIND,492301,1,HCM,1,62122,1011,110,10,100,19,2150,6,6,6,6,6,NA,NA,NA,NA,15/10/2024 23:03,0
16/10/2024 00:00,WIND,492301,1,HCM,1,62122,1011,110,12,120,22,2324,6,6,6,6,6,NA,NA,NA,NA,16/10/2024 00:03,0
16/10/2024 01:00,WIND,492301,1,HCM,1,62122,1011,110,10,100,20,0,6,6,6,6,6,NA,NA,NA,NA,16/10/2024 01:03,0
16/10/2024 02:00,WIND,492301,1,HCM,1,62122,1011,110,8,110,19,134,6,6,6,6,6,NA,NA,NA,NA,16/10/2024 02:03,0
16/10/2024 03:00,WIND,492301,1,HCM,1,62122,1011,130,9,130,17,247,6,6,6,6,6,NA,NA,NA,NA,16/10/2024 03:03,0
16/10/2024 04:00,WIND,492301,1,HCM,1,62122,1011,130,10,130,16,256,6,6,6,6,6,NA,NA,NA,NA,16/10/2024 04:03,0
16/10/2024 05:00,WIND,492301,1,HCM,1,62122,1011,130,9,140,15,449,6,6,6,6,6,NA,NA,NA,NA,16/10/2024 05:03,0
16/10/2024 06:00,WIND,492301,1,HCM,1,62122,1011,120,9,130,17,530,6,6,6,6,6,NA,NA,NA,NA,16/10/2024 06:03,0
16/10/2024 07:00,WIND,492301,1,HCM,1,62122,1011,120,7,110,14,558,6,6,6,6,6,NA,NA,NA,NA,16/10/2024 07:03,0
16/10/2024 08:00,WIND,492301,1,HCM,1,62122,1011,120,6,110,12,651,6,6,6,6,6,NA,NA,NA,NA,16/10/2024 08:03,0
16/10/2024 09:00,WIND,492301,1,HCM,1,62122,1011,110,6,100,11,824,6,6,6,6,6,NA,NA,NA,NA,16/10/2024 09:03,0
16/10/2024 10:00,WIND,492301,1,HCM,1,62122,1011,120,8,110,14,905,6,6,6,6,6,NA,NA,NA,NA,16/10/2024 10:03,0
16/10/2024 11:00,WIND,492301,1,HCM,1,62122,1011,130,7,120,12,1018,6,6,6,6,6,NA,NA,NA,NA,16/10/2024 11:03,0
16/10/2024 12:00,WIND,492301,1,HCM,1,62122,1011,130,6,130,12,1129,6,6,6,6,6,NA,NA,NA,NA,16/10/2024 12:02,0
16/10/2024 13:00,WIND,492301,1,HCM,1,62122,1011,140,6,150,13,1226,6,6,6,6,6,NA,NA,NA,NA,16/10/2024 13:03,0
16/10/2024 14:00,WIND,492301,1,HCM,1,62122,1011,140,4,150,10,1308,6,6,6,6,6,NA,NA,NA,NA,16/10/2024 14:03,0
16/10/2024 15:00,WIND,492301,1,HCM,1,62122,1011,130,6,120,12,1412,6,6,6,6,6,NA,NA,NA,NA,16/10/2024 15:03,0
16/10/2024 16:00,WIND,492301,1,HCM,1,62122,1011,130,7,130,13,1530,6,6,6,6,6,NA,NA,NA,NA,16/10/2024 16:03,0
16/10/2024 17:00,WIND,492301,1,HCM,1,62122,1011,130,6,140,11,1613,6,6,6,6,6,NA,NA,NA,NA,16/10/2024 17:03,0
16/10/2024 18:00,WIND,492301,1,HCM,1,62122,1011,190,5,170,12,1709,6,6,6,6,6,NA,NA,NA,NA,16/10/2024 18:03,0
16/10/2024 19:00,WIND,492301,1,HCM,1,62122,1011,210,6,210,10,1846,6,6,6,6,6,NA,NA,NA,NA,16/10/2024 19:03,0
16/10/2024 20:00,WIND,492301,1,HCM,1,62122,1011,230,7,230,12,1922,6,6,6,6,6,NA,NA,NA,NA,16/10/2024 20:03,0
16/10/2024 21:00,WIND,492301,1,HCM,1,62122,1011,230,6,240,10,2017,6,6,6,6,6,NA,NA,NA,NA,16/10/2024 21:03,0
16/10/2024 22:00,WIND,492301,1,HCM,1,62122,1011,230,4,240,8,2103,6,6,6,6,6,NA,NA,NA,NA,16/10/2024 22:03,0
16/10/2024 23:00,WIND,492301,1,HCM,1,62122,1011,220,3,220,6,2241,6,6,6,6,6,NA,NA,NA,NA,16/10/2024 23:03,0
17/10/2024 00:00,WIND,492301,1,HCM,1,62122,1011,210,3,200,6,2259,6,6,6,6,6,NA,NA,NA,NA,17/10/2024 00:03,0
17/10/2024 01:00,WIND,492301,1,HCM,1,62122,1011,230,6,250,13,28,6,6,6,6,6,NA,NA,NA,NA,17/10/2024 01:03,0
17/10/2024 02:00,WIND,492301,1,HCM,1,62122,1011,240,8,240,16,123,6,6,6,6,6,NA,NA,NA,NA,17/10/2024 02:03,0
17/10/2024 03:00,WIND,492301,1,HCM,1,62122,1011,240,7,240,14,151,6,6,6,6,6,NA,NA,NA,NA,17/10/2024 03:02,0
17/10/2024 04:00,WIND,492301,1,HCM,1,62122,1011,230,5,240,11,251,6,6,6,6,6,NA,NA,NA,NA,17/10/2024 04:03,0
17/10/2024 05:00,WIND,492301,1,HCM,1,62122,1011,230,5,230,10,354,6,6,6,6,6,NA,NA,NA,NA,17/10/2024 05:03,0
17/10/2024 06:00,WIND,492301,1,HCM,1,62122,1011,210,4,220,7,453,6,6,6,6,6,NA,NA,NA,NA,17/10/2024 06:03,0
17/10/2024 07:00,WIND,492301,1,HCM,1,62122,1011,200,5,210,9,623,6,6,6,6,6,NA,NA,NA,NA,17/10/2024 07:03,0
17/10/2024 08:00,WIND,492301,1,HCM,1,62122,1011,210,6,210,12,724,6,6,6,6,6,NA,NA,NA,NA,17/10/2024 08:02,0
17/10/2024 09:00,WIND,492301,1,HCM,1,62122,1011,190,5,190,10,842,6,6,6,6,6,NA,NA,NA,NA,17/10/2024 09:03,0
17/10/2024 10:00,WIND,492301,1,HCM,1,62122,1011,200,7,200,13,913,6,6,6,6,6,NA,NA,NA,NA,17/10/2024 10:03,0
17/10/2024 11:00,WIND,492301,1,HCM,1,62122,1011,200,7,220,14,1008,6,6,6,6,6,NA,NA,NA,NA,17/10/2024 11:03,0
17/10/2024 12:00,WIND,492301,1,HCM,1,62122,1011,220,8,240,16,1139,6,6,6,6,6,NA,NA,NA,NA,17/10/2024 12:03,0
17/10/2024 13:00,WIND,492301,1,HCM,1,62122,1011,210,8,230,15,1151,6,6,6,6,6,NA,NA,NA,NA,17/10/2024 13:03,0
17/10/2024 14:00,WIND,492301,1,HCM,1,62122,1011,220,7,220,13,1339,6,6,6,6,6,NA,NA,NA,NA,17/10/2024 14:03,0
17/10/2024 15:00,WIND,492301,1,HCM,1,62122,1011,250,7,250,12,1359,6,6,6,6,6,NA,NA,NA,NA,17/10/2024 15:03,0
17/10/2024 16:00,WIND,492301,1,HCM,1,62122,1011,240,6,240,10,1458,6,6,6,6,6,NA,NA,NA,NA,17/10/2024 16:03,0
17/10/2024 17:00,WIND,492301,1,HCM,1,62122,1011,250,5,250,9,1604,6,6,6,6,6,NA,NA,NA,NA,17/10/2024 17:03,0
17/10/2024 18:00,WIND,492301,1,HCM,1,62122,1011,240,4,250,6,1725,6,6,6,6,6,NA,NA,NA,NA,17/10/2024 18:03,0
17/10/2024 19:00,WIND,492301,1,HCM,1,62122,1011,240,4,250,5,1819,6,6,6,6,6,NA,NA,NA,NA,17/10/2024 19:03,0
17/10/2024 20:00,WIND,492301,1,HCM,1,62122,1011,240,3,250,5,1936,6,6,6,6,6,NA,NA,NA,NA,17/10/2024 20:03,0
17/10/2024 21:00,WIND,492301,1,HCM,1,62122,1011,230,2,240,4,2026,6,6,6,6,6,NA,NA,NA,NA,17/10/2024 21:03,0
17/10/2024 22:00,WIND,492301,1,HCM,1,62122,1011,200,3,190,5,2145,6,6,6,6,6,NA,NA,NA,NA,17/10/2024 22:03,0
17/10/2024 23:00,WIND,492301,1,HCM,1,62122,1011,200,2,190,5,2152,6,6,6,6,6,NA,NA,NA,NA,17/10/2024 23:03,0
18/10/2024 00:00,WIND,492301,1,HCM,1,62122,1011,190,2,160,4,2340,6,6,6,6,6,NA,NA,NA,NA,18/10/2024 00:03,0
18/10/2024 01:00,WIND,492301,1,HCM,1,62122,1011,200,3,210,6,24,6,6,6,6,6,NA,NA,NA,NA,18/10/2024 01:02,0
18/10/2024 02:00,WIND,492301,1,HCM,1,62122,1011,220,4,240,7,142,6,6,6,6,6,NA,NA,NA,NA,18/10/2024 02:03,0
18/10/2024 03:00,WIND,492301,1,HCM,1,62122,1011,180,2,210,6,151,6,6,6,6,6,NA,NA,NA,NA,18/10/2024 03:03,0
18/10/2024 04:00,WIND,492301,1,HCM,1,62122,1011,170,1,150,3,250,6,6,6,6,6,NA,NA,NA,NA,18/10/2024 04:03,0
18/10/2024 05:00,WIND,492301,1,HCM,1,62122,1011,130,2,80,4,423,6,6,6,6,6,NA,NA,NA,NA,18/10/2024 05:02,0
18/10/2024 06:00,WIND,492301,1,HCM,1,62122,1011,170,3,190,5,508,6,6,6,6,6,NA,NA,NA,NA,18/10/2024 06:03,0
18/10/2024 07:00,WIND,492301,1,HCM,1,62122,1011,170,3,190,6,619,6,6,6,6,6,NA,NA,NA,NA,18/10/2024 07:03,0
18/10/2024 08:00,WIND,492301,1,HCM,1,62122,1011,170,4,140,6,748,6,6,6,6,6,NA,NA,NA,NA,18/10/2024 08:02,0
18/10/2024 09:00,WIND,492301,1,HCM,1,62122,1011,170,5,180,9,848,6,6,6,6,6,NA,NA,NA,NA,18/10/2024 09:03,0
18/10/2024 10:00,WIND,492301,1,HCM,1,62122,1011,190,6,190,10,926,6,6,6,6,6,NA,NA,NA,NA,18/10/2024 10:03,0
18/10/2024 11:00,WIND,492301,1,HCM,1,62122,1011,200,8,170,17,1032,6,6,6,6,6,NA,NA,NA,NA,18/10/2024 11:03,0
18/10/2024 12:00,WIND,492301,1,HCM,1,62122,1011,200,9,190,20,1121,6,6,6,6,6,NA,NA,NA,NA,18/10/2024 12:03,0
18/10/2024 13:00,WIND,492301,1,HCM,1,62122,1011,200,9,210,16,1156,6,6,6,6,6,NA,NA,NA,NA,18/10/2024 13:03,0
18/10/2024 14:00,WIND,492301,1,HCM,1,62122,1011,190,9,190,18,1325,6,6,6,6,6,NA,NA,NA,NA,18/10/2024 14:03,0
18/10/2024 15:00,WIND,492301,1,HCM,1,62122,1011,180,8,220,17,1401,6,6,6,6,6,NA,NA,NA,NA,18/10/2024 15:03,0
18/10/2024 16:00,WIND,492301,1,HCM,1,62122,1011,180,7,210,16,1542,6,6,6,6,6,NA,NA,NA,NA,18/10/2024 16:03,0
18/10/2024 17:00,WIND,492301,1,HCM,1,62122,1011,180,9,190,18,1630,6,6,6,6,6,NA,NA,NA,NA,18/10/2024 17:03,0
18/10/2024 18:00,WIND,492301,1,HCM,1,62122,1011,160,7,170,16,1712,6,6,6,6,6,NA,NA,NA,NA,18/10/2024 18:03,0
18/10/2024 19:00,WIND,492301,1,HCM,1,62122,1011,150,7,160,14,1832,6,6,6,6,6,NA,NA,NA,NA,18/10/2024 19:03,0
18/10/2024 20:00,WIND,492301,1,HCM,1,62122,1011,140,6,160,14,1946,6,6,6,6,6,NA,NA,NA,NA,18/10/2024 20:03,0
18/10/2024 21:00,WIND,492301,1,HCM,1,62122,1011,150,6,140,12,2026,6,6,6,6,6,NA,NA,NA,NA,18/10/2024 21:02,0
18/10/2024 22:00,WIND,492301,1,HCM,1,62122,1011,130,6,150,11,2107,6,6,6,6,6,NA,NA,NA,NA,18/10/2024 22:03,0
18/10/2024 23:00,WIND,492301,1,HCM,1,62122,1011,150,6,170,12,2240,6,6,6,6,6,NA,NA,NA,NA,18/10/2024 23:03,0
19/10/2024 00:00,WIND,492301,1,HCM,1,62122,1011,170,9,180,18,2331,6,6,6,6,6,NA,NA,NA,NA,19/10/2024 00:03,0
19/10/2024 01:00,WIND,492301,1,HCM,1,62122,1011,170,7,180,14,2355,6,6,6,6,6,NA,NA,NA,NA,19/10/2024 01:03,0
19/10/2024 02:00,WIND,492301,1,HCM,1,62122,1011,170,5,150,12,59,6,6,6,6,6,NA,NA,NA,NA,19/10/2024 02:03,0
19/10/2024 03:00,WIND,492301,1,HCM,1,62122,1011,190,7,240,17,220,6,6,6,6,6,NA,NA,NA,NA,19/10/2024 03:03,0
19/10/2024 04:00,WIND,492301,1,HCM,1,62122,1011,240,5,210,9,309,6,6,6,6,6,NA,NA,NA,NA,19/10/2024 04:03,0
19/10/2024 05:00,WIND,492301,1,HCM,1,62122,1011,260,5,250,9,427,6,6,6,6,6,NA,NA,NA,NA,19/10/2024 05:03,0
19/10/2024 06:00,WIND,492301,1,HCM,1,62122,1011,250,6,250,10,507,6,6,6,6,6,NA,NA,NA,NA,19/10/2024 06:03,0
19/10/2024 07:00,WIND,492301,1,HCM,1,62122,1011,240,4,230,7,624,6,6,6,6,6,NA,NA,NA,NA,19/10/2024 07:03,0
19/10/2024 08:00,WIND,492301,1,HCM,1,62122,1011,240,5,240,9,735,6,6,6,6,6,NA,NA,NA,NA,19/10/2024 08:02,0
19/10/2024 09:00,WIND,492301,1,HCM,1,62122,1011,240,6,240,10,822,6,6,6,6,6,NA,NA,NA,NA,19/10/2024 09:03,0
19/10/2024 10:00,WIND,492301,1,HCM,1,62122,1011,260,6,250,12,923,6,6,6,6,6,NA,NA,NA,NA,19/10/2024 10:03,0
19/10/2024 11:00,WIND,492301,1,HCM,1,62122,1011,250,7,260,12,1048,6,6,6,6,6,NA,NA,NA,NA,19/10/2024 11:03,0
19/10/2024 12:00,WIND,492301,1,HCM,1,62122,1011,250,7,250,15,1143,6,6,6,6,6,NA,NA,NA,NA,19/10/2024 12:03,0
19/10/2024 13:00,WIND,492301,1,HCM,1,62122,1011,240,8,250,14,1244,6,6,6,6,6,NA,NA,NA,NA,19/10/2024 13:03,0
19/10/2024 14:00,WIND,492301,1,HCM,1,62122,1011,240,10,250,16,1325,6,6,6,6,6,NA,NA,NA,NA,19/10/2024 14:03,0
19/10/2024 15:00,WIND,492301,1,HCM,1,62122,1011,240,9,250,16,1354,6,6,6,6,6,NA,NA,NA,NA,19/10/2024 15:03,0
19/10/2024 16:00,WIND,492301,1,HCM,1,62122,1011,240,8,240,15,1459,6,6,6,6,6,NA,NA,NA,NA,19/10/2024 16:03,0
19/10/2024 17:00,WIND,492301,1,HCM,1,62122,1011,230,6,240,11,1601,6,6,6,6,6,NA,NA,NA,NA,19/10/2024 17:03,0
19/10/2024 18:00,WIND,492301,1,HCM,1,62122,1011,210,2,210,6,1652,6,6,6,6,6,NA,NA,NA,NA,19/10/2024 18:03,0
19/10/2024 19:00,WIND,492301,1,HCM,1,62122,1011,200,1,190,3,1843,6,6,6,6,6,NA,NA,NA,NA,19/10/2024 19:02,0
19/10/2024 20:00,WIND,492301,1,HCM,1,62122,1011,150,2,120,6,1927,6,6,6,6,6,NA,NA,NA,NA,19/10/2024 20:03,0
19/10/2024 21:00,WIND,492301,1,HCM,1,62122,1011,170,3,180,5,2012,6,6,6,6,6,NA,NA,NA,NA,19/10/2024 21:03,0
19/10/2024 22:00,WIND,492301,1,HCM,1,62122,1011,120,3,120,5,2145,6,6,6,6,6,NA,NA,NA,NA,19/10/2024 22:02,0
19/10/2024 23:00,WIND,492301,1,HCM,1,62122,1011,160,5,190,8,2247,6,6,6,6,6,NA,NA,NA,NA,19/10/2024 23:03,0
20/10/2024 00:00,WIND,492301,1,HCM,1,62122,1011,160,5,150,10,2303,6,6,6,6,6,NA,NA,NA,NA,20/10/2024 00:03,0
20/10/2024 01:00,WIND,492301,1,HCM,1,62122,1011,140,5,170,10,30,6,6,6,6,6,NA,NA,NA,NA,20/10/2024 01:03,0
20/10/2024 02:00,WIND,492301,1,HCM,1,62122,1011,140,5,140,11,114,6,6,6,6,6,NA,NA,NA,NA,20/10/2024 02:03,0
20/10/2024 03:00,WIND,492301,1,HCM,1,62122,1011,150,8,180,18,224,6,6,6,6,6,NA,NA,NA,NA,20/10/2024 03:02,0
20/10/2024 04:00,WIND,492301,1,HCM,1,62122,1011,140,7,150,14,254,6,6,6,6,6,NA,NA,NA,NA,20/10/2024 04:02,0
20/10/2024 05:00,WIND,492301,1,HCM,1,62122,1011,130,6,150,12,441,6,6,6,6,6,NA,NA,NA,NA,20/10/2024 05:03,0
20/10/2024 06:00,WIND,492301,1,HCM,1,62122,1011,150,9,150,24,543,6,6,6,6,6,NA,NA,NA,NA,20/10/2024 06:03,0
20/10/2024 07:00,WIND,492301,1,HCM,1,62122,1011,140,11,150,24,648,6,6,6,6,6,NA,NA,NA,NA,20/10/2024 07:03,0
20/10/2024 08:00,WIND,492301,1,HCM,1,62122,1011,140,12,160,22,732,6,6,6,6,6,NA,NA,NA,NA,20/10/2024 08:03,0
20/10/2024 09:00,WIND,492301,1,HCM,1,62122,1011,160,13,140,24,758,6,6,6,6,6,NA,NA,NA,NA,20/10/2024 09:03,0
20/10/2024 10:00,WIND,492301,1,HCM,1,62122,1011,160,12,170,24,853,6,6,6,6,6,NA,NA,NA,NA,20/10/2024 10:03,0
20/10/2024 11:00,WIND,492301,1,HCM,1,62122,1011,180,11,190,22,1033,6,6,6,6,6,NA,NA,NA,NA,20/10/2024 11:02,0
20/10/2024 12:00,WIND,492301,1,HCM,1,62122,1011,230,15,250,33,1053,6,6,6,6,6,NA,NA,NA,NA,20/10/2024 12:03,0
20/10/2024 13:00,WIND,492301,1,HCM,1,62122,1011,210,11,210,22,1234,6,6,6,6,6,NA,NA,NA,NA,20/10/2024 13:03,0
20/10/2024 14:00,WIND,492301,1,HCM,1,62122,1011,220,12,230,26,1345,6,6,6,6,6,NA,NA,NA,NA,20/10/2024 14:03,0
20/10/2024 15:00,WIND,492301,1,HCM,1,62122,1011,220,13,210,25,1428,6,6,6,6,6,NA,NA,NA,NA,20/10/2024 15:03,0
20/10/2024 16:00,WIND,492301,1,HCM,1,62122,1011,230,14,230,28,1513,6,6,6,6,6,NA,NA,NA,NA,20/10/2024 16:03,0
20/10/2024 17:00,WIND,492301,1,HCM,1,62122,1011,230,13,220,27,1554,6,6,6,6,6,NA,NA,NA,NA,20/10/2024 17:02,0
20/10/2024 18:00,WIND,492301,1,HCM,1,62122,1011,220,12,240,25,1746,6,6,6,6,6,NA,NA,NA,NA,20/10/2024 18:03,0
20/10/2024 19:00,WIND,492301,1,HCM,1,62122,1011,220,12,210,24,1750,6,6,6,6,6,NA,NA,NA,NA,20/10/2024 19:03,0
20/10/2024 20:00,WIND,492301,1,HCM,1,62122,1011,220,12,230,24,1914,6,6,6,6,6,NA,NA,NA,NA,20/10/2024 20:03,0
20/10/2024 21:00,WIND,492301,1,HCM,1,62122,1011,220,11,230,25,2029,6,6,6,6,6,NA,NA,NA,NA,20/10/2024 21:03,0
20/10/2024 22:00,WIND,492301,1,HCM,1,62122,1011,220,12,240,26,2140,6,6,6,6,6,NA,NA,NA,NA,20/10/2024 22:03,0
20/10/2024 23:00,WIND,492301,1,HCM,1,62122,1011,220,13,210,25,2150,6,6,6,6,6,NA,NA,NA,NA,20/10/2024 23:03,0
21/10/2024 00:00,WIND,492301,1,HCM,1,62122,1011,210,10,220,22,2253,6,6,6,6,6,NA,NA,NA,NA,21/10/2024 00:03,0
21/10/2024 01:00,WIND,492301,1,HCM,1,62122,1011,210,8,200,15,29,6,6,6,6,6,NA,NA,NA,NA,21/10/2024 01:03,0
21/10/2024 02:00,WIND,492301,1,HCM,1,62122,1011,190,6,200,12,54,6,6,6,6,6,NA,NA,NA,NA,21/10/2024 02:03,0
21/10/2024 03:00,WIND,492301,1,HCM,1,62122,1011,200,8,190,16,210,6,6,6,6,6,NA,NA,NA,NA,21/10/2024 03:03,0
21/10/2024 04:00,WIND,492301,1,HCM,1,62122,1011,210,8,210,16,258,6,6,6,6,6,NA,NA,NA,NA,21/10/2024 04:03,0
21/10/2024 05:00,WIND,492301,1,HCM,1,62122,1011,220,8,220,15,406,6,6,6,6,6,NA,NA,NA,NA,21/10/2024 05:02,0
21/10/2024 06:00,WIND,492301,1,HCM,1,62122,1011,210,7,210,14,501,6,6,6,6,6,NA,NA,NA,NA,21/10/2024 06:03,0
21/10/2024 07:00,WIND,492301,1,HCM,1,62122,1011,210,7,210,15,616,6,6,6,6,6,NA,NA,NA,NA,21/10/2024 07:03,0
21/10/2024 08:00,WIND,492301,1,HCM,1,62122,1011,200,5,210,9,701,6,6,6,6,6,NA,NA,NA,NA,21/10/2024 08:03,0
21/10/2024 09:00,WIND,492301,1,HCM,1,62122,1011,200,5,200,8,838,6,6,6,6,6,NA,NA,NA,NA,21/10/2024 09:03,0
21/10/2024 10:00,WIND,492301,1,HCM,1,62122,1011,210,5,200,10,903,6,6,6,6,6,NA,NA,NA,NA,21/10/2024 10:03,0
21/10/2024 11:00,WIND,492301,1,HCM,1,62122,1011,210,6,230,10,1043,6,6,6,6,6,NA,NA,NA,NA,21/10/2024 11:03,0
21/10/2024 12:00,WIND,492301,1,HCM,1,62122,1011,200,5,230,10,1134,6,6,6,6,6,NA,NA,NA,NA,21/10/2024 12:02,0
21/10/2024 13:00,WIND,492301,1,HCM,1,62122,1011,200,5,180,10,1247,6,6,6,6,6,NA,NA,NA,NA,21/10/2024 13:03,0
21/10/2024 14:00,WIND,492301,1,HCM,1,62122,1011,200,5,200,9,1334,6,6,6,6,6,NA,NA,NA,NA,21/10/2024 14:03,0
21/10/2024 15:00,WIND,492301,1,HCM,1,62122,1011,200,5,200,9,1351,6,6,6,6,6,NA,NA,NA,NA,21/10/2024 15:03,0
21/10/2024 16:00,WIND,492301,1,HCM,1,62122,1011,210,5,190,10,1544,6,6,6,6,6,NA,NA,NA,NA,21/10/2024 16:03,0
21/10/2024 17:00,WIND,492301,1,HCM,1,62122,1011,220,6,250,11,1636,6,6,6,6,6,NA,NA,NA,NA,21/10/2024 17:03,0
21/10/2024 18:00,WIND,492301,1,HCM,1,62122,1011,210,4,200,8,1653,6,6,6,6,6,NA,NA,NA,NA,21/10/2024 18:03,0
21/10/2024 19:00,WIND,492301,1,HCM,1,62122,1011,200,4,200,6,1849,6,6,6,6,6,NA,NA,NA,NA,21/10/2024 19:03,0
21/10/2024 20:00,WIND,492301,1,HCM,1,62122,1011,210,5,200,8,1922,6,6,6,6,6,NA,NA,NA,NA,21/10/2024 20:02,0
21/10/2024 21:00,WIND,492301,1,HCM,1,62122,1011,220,6,230,14,2022,6,6,6,6,6,NA,NA,NA,NA,21/10/2024 21:03,0
21/10/2024 22:00,WIND,492301,1,HCM,1,62122,1011,190,3,210,7,2052,6,6,6,6,6,NA,NA,NA,NA,21/10/2024 22:02,0
21/10/2024 23:00,WIND,492301,1,HCM,1,62122,1011,190,3,200,6,2233,6,6,6,6,6,NA,NA,NA,NA,21/10/2024 23:02,0
22/10/2024 00:00,WIND,492301,1,HCM,1,62122,1011,210,7,210,14,2322,6,6,6,6,6,NA,NA,NA,NA,22/10/2024 00:03,0
22/10/2024 01:00,WIND,492301,1,HCM,1,62122,1011,210,7,220,13,2356,6,6,6,6,6,NA,NA,NA,NA,22/10/2024 01:02,0
22/10/2024 02:00,WIND,492301,1,HCM,1,62122,1011,210,6,200,12,120,6,6,6,6,6,NA,NA,NA,NA,22/10/2024 02:02,0
22/10/2024 03:00,WIND,492301,1,HCM,1,62122,1011,210,8,210,14,219,6,6,6,6,6,NA,NA,NA,NA,22/10/2024 03:03,0
22/10/2024 04:00,WIND,492301,1,HCM,1,62122,1011,210,8,210,15,308,6,6,6,6,6,NA,NA,NA,NA,22/10/2024 04:03,0
22/10/2024 05:00,WIND,492301,1,HCM,1,62122,1011,200,7,200,12,433,6,6,6,6,6,NA,NA,NA,NA,22/10/2024 05:07,0
22/10/2024 06:00,WIND,492301,1,HCM,1,62122,1011,190,5,210,11,512,6,6,6,6,6,NA,NA,NA,NA,22/10/2024 06:03,0
22/10/2024 07:00,WIND,492301,1,HCM,1,62122,1011,170,3,200,7,551,6,6,6,6,6,NA,NA,NA,NA,22/10/2024 07:03,0
22/10/2024 08:00,WIND,492301,1,HCM,1,62122,1011,210,8,210,16,736,6,6,6,6,6,NA,NA,NA,NA,22/10/2024 08:03,0
22/10/2024 09:00,WIND,492301,1,HCM,1,62122,1011,200,7,220,15,754,6,6,6,6,6,NA,NA,NA,NA,22/10/2024 09:03,0
22/10/2024 10:00,WIND,492301,1,HCM,1,62122,1011,190,6,190,11,930,6,6,6,6,6,NA,NA,NA,NA,22/10/2024 10:03,0
22/10/2024 11:00,WIND,492301,1,HCM,1,62122,1011,210,8,220,15,1019,6,6,6,6,6,NA,NA,NA,NA,22/10/2024 11:03,0
22/10/2024 12:00,WIND,492301,1,HCM,1,62122,1011,220,8,240,16,1108,6,6,6,6,6,NA,NA,NA,NA,22/10/2024 12:03,0
22/10/2024 13:00,WIND,492301,1,HCM,1,62122,1011,240,8,240,16,1235,6,6,6,6,6,NA,NA,NA,NA,22/10/2024 13:02,0
22/10/2024 14:00,WIND,492301,1,HCM,1,62122,1011,260,7,300,15,1313,6,6,6,6,6,NA,NA,NA,NA,22/10/2024 14:03,0
22/10/2024 15:00,WIND,492301,1,HCM,1,62122,1011,260,7,260,13,1415,6,6,6,6,6,NA,NA,NA,NA,22/10/2024 15:03,0
22/10/2024 16:00,WIND,492301,1,HCM,1,62122,1011,250,6,240,12,1534,6,6,6,6,6,NA,NA,NA,NA,22/10/2024 16:03,0
22/10/2024 17:00,WIND,492301,1,HCM,1,62122,1011,230,5,240,11,1550,6,6,6,6,6,NA,NA,NA,NA,22/10/2024 17:07,0
22/10/2024 18:00,WIND,492301,1,HCM,1,62122,1011,230,4,230,7,1705,6,6,6,6,6,NA,NA,NA,NA,22/10/2024 18:03,0
22/10/2024 19:00,WIND,492301,1,HCM,1,62122,1011,220,3,220,7,1820,6,6,6,6,6,NA,NA,NA,NA,22/10/2024 19:02,0
22/10/2024 20:00,WIND,492301,1,HCM,1,62122,1011,160,2,60,4,1858,6,6,6,6,6,NA,NA,NA,NA,22/10/2024 20:03,0
22/10/2024 21:00,WIND,492301,1,HCM,1,62122,1011,200,2,200,4,2011,6,6,6,6,6,NA,NA,NA,NA,22/10/2024 21:03,0
22/10/2024 22:00,WIND,492301,1,HCM,1,62122,1011,130,1,70,3,2105,6,6,6,6,6,NA,NA,NA,NA,22/10/2024 22:03,0
22/10/2024 23:00,WIND,492301,1,HCM,1,62122,1011,150,2,150,4,2236,6,6,6,6,6,NA,NA,NA,NA,22/10/2024 23:03,0
23/10/2024 00:00,WIND,492301,1,HCM,1,62122,1011,100,1,130,3,2320,6,6,6,6,6,NA,NA,NA,NA,23/10/2024 00:03,0
23/10/2024 01:00,WIND,492301,1,HCM,1,62122,1011,150,2,170,6,43,6,6,6,6,6,NA,NA,NA,NA,23/10/2024 01:03,0
23/10/2024 02:00,WIND,492301,1,HCM,1,62122,1011,170,3,180,5,122,6,6,6,6,6,NA,NA,NA,NA,23/10/2024 02:02,0
23/10/2024 03:00,WIND,492301,1,HCM,1,62122,1011,170,2,160,5,205,6,6,6,6,6,NA,NA,NA,NA,23/10/2024 03:03,0
23/10/2024 04:00,WIND,492301,1,HCM,1,62122,1011,170,3,190,5,320,6,6,6,6,6,NA,NA,NA,NA,23/10/2024 04:03,0
23/10/2024 05:00,WIND,492301,1,HCM,1,62122,1011,140,2,150,5,420,6,6,6,6,6,NA,NA,NA,NA,23/10/2024 05:02,0
23/10/2024 06:00,WIND,492301,1,HCM,1,62122,1011,110,2,100,4,535,6,6,6,6,6,NA,NA,NA,NA,23/10/2024 06:03,0
23/10/2024 07:00,WIND,492301,1,HCM,1,62122,1011,160,2,180,4,637,6,6,6,6,6,NA,NA,NA,NA,23/10/2024 07:03,0
23/10/2024 08:00,WIND,492301,1,HCM,1,62122,1011,140,2,160,4,702,6,6,6,6,6,NA,NA,NA,NA,23/10/2024 08:02,0
23/10/2024 09:00,WIND,492301,1,HCM,1,62122,1011,170,2,160,6,840,6,6,6,6,6,NA,NA,NA,NA,23/10/2024 09:03,0
23/10/2024 10:00,WIND,492301,1,HCM,1,62122,1011,160,4,190,7,924,6,6,6,6,6,NA,NA,NA,NA,23/10/2024 10:03,0
23/10/2024 11:00,WIND,492301,1,HCM,1,62122,1011,180,4,190,8,1049,6,6,6,6,6,NA,NA,NA,NA,23/10/2024 11:03,0
23/10/2024 12:00,WIND,492301,1,HCM,1,62122,1011,170,4,180,8,1134,6,6,6,6,6,NA,NA,NA,NA,23/10/2024 12:02,0
23/10/2024 13:00,WIND,492301,1,HCM,1,62122,1011,160,5,180,9,1151,6,6,6,6,6,NA,NA,NA,NA,23/10/2024 13:02,0
23/10/2024 14:00,WIND,492301,1,HCM,1,62122,1011,180,7,210,15,1339,6,6,6,6,6,NA,NA,NA,NA,23/10/2024 14:03,0
23/10/2024 15:00,WIND,492301,1,HCM,1,62122,1011,200,7,200,13,1425,6,6,6,6,6,NA,NA,NA,NA,23/10/2024 15:03,0
23/10/2024 16:00,WIND,492301,1,HCM,1,62122,1011,190,7,190,15,1520,6,6,6,6,6,NA,NA,NA,NA,23/10/2024 16:03,0
23/10/2024 17:00,WIND,492301,1,HCM,1,62122,1011,180,6,180,14,1618,6,6,6,6,6,NA,NA,NA,NA,23/10/2024 17:03,0
23/10/2024 18:00,WIND,492301,1,HCM,1,62122,1011,160,4,170,9,1715,6,6,6,6,6,NA,NA,NA,NA,23/10/2024 18:03,0
23/10/2024 19:00,WIND,492301,1,HCM,1,62122,1011,130,4,140,7,1750,6,6,6,6,6,NA,NA,NA,NA,23/10/2024 19:03,0
23/10/2024 20:00,WIND,492301,1,HCM,1,62122,1011,120,4,130,9,1910,6,6,6,6,6,NA,NA,NA,NA,23/10/2024 20:03,0
23/10/2024 21:00,WIND,492301,1,HCM,1,62122,1011,120,5,130,10,2010,6,6,6,6,6,NA,NA,NA,NA,23/10/2024 21:03,0
23/10/2024 22:00,WIND,492301,1,HCM,1,62122,1011,120,5,110,12,2149,6,6,6,6,6,NA,NA,NA,NA,23/10/2024 22:02,0
23/10/2024 23:00,WIND,492301,1,HCM,1,62122,1011,130,8,120,14,2205,6,6,6,6,6,NA,NA,NA,NA,23/10/2024 23:03,0
24/10/2024 00:00,WIND,492301,1,HCM,1,62122,1011,130,6,140,12,2316,6,6,6,6,6,NA,NA,NA,NA,24/10/2024 00:03,0
24/10/2024 01:00,WIND,492301,1,HCM,1,62122,1011,120,4,120,9,36,6,6,6,6,6,NA,NA,NA,NA,24/10/2024 01:03,0
24/10/2024 02:00,WIND,492301,1,HCM,1,62122,1011,130,4,130,8,114,6,6,6,6,6,NA,NA,NA,NA,24/10/2024 02:03,0
24/10/2024 03:00,WIND,492301,1,HCM,1,62122,1011,110,4,110,7,241,6,6,6,6,6,NA,NA,NA,NA,24/10/2024 03:03,0
24/10/2024 04:00,WIND,492301,1,HCM,1,62122,1011,90,3,90,5,324,6,6,6,6,6,NA,NA,NA,NA,24/10/2024 04:03,0
24/10/2024 05:00,WIND,492301,1,HCM,1,62122,1011,80,4,80,6,352,6,6,6,6,6,NA,NA,NA,NA,24/10/2024 05:07,0
24/10/2024 06:00,WIND,492301,1,HCM,1,62122,1011,110,4,110,7,532,6,6,6,6,6,NA,NA,NA,NA,24/10/2024 06:03,0
24/10/2024 07:00,WIND,492301,1,HCM,1,62122,1011,100,3,80,5,633,6,6,6,6,6,NA,NA,NA,NA,24/10/2024 07:03,0
24/10/2024 08:00,WIND,492301,1,HCM,1,62122,1011,100,5,110,8,742,6,6,6,6,6,NA,NA,NA,NA,24/10/2024 08:03,0
24/10/2024 09:00,WIND,492301,1,HCM,1,62122,1011,100,6,100,10,823,6,6,6,6,6,NA,NA,NA,NA,24/10/2024 09:03,0
24/10/2024 10:00,WIND,492301,1,HCM,1,62122,1011,110,6,100,12,916,6,6,6,6,6,NA,NA,NA,NA,24/10/2024 10:02,0
24/10/2024 11:00,WIND,492301,1,HCM,1,62122,1011,120,7,100,15,1026,6,6,6,6,6,NA,NA,NA,NA,24/10/2024 11:03,0
24/10/2024 12:00,WIND,492301,1,HCM,1,62122,1011,120,8,130,15,1130,6,6,6,6,6,NA,NA,NA,NA,24/10/2024 12:02,0
24/10/2024 13:00,WIND,492301,1,HCM,1,62122,1011,130,7,130,14,1155,6,6,6,6,6,NA,NA,NA,NA,24/10/2024 13:02,0
24/10/2024 14:00,WIND,492301,1,HCM,1,62122,1011,130,6,160,12,1349,6,6,6,6,6,NA,NA,NA,NA,24/10/2024 14:02,0
24/10/2024 15:00,WIND,492301,1,HCM,1,62122,1011,160,6,150,14,1443,6,6,6,6,6,NA,NA,NA,NA,24/10/2024 15:02,0
24/10/2024 16:00,WIND,492301,1,HCM,1,62122,1011,140,7,150,13,1500,6,6,6,6,6,NA,NA,NA,NA,24/10/2024 16:02,0
24/10/2024 17:00,WIND,492301,1,HCM,1,62122,1011,130,8,110,15,1613,6,6,6,6,6,NA,NA,NA,NA,24/10/2024 17:02,0
24/10/2024 18:00,WIND,492301,1,HCM,1,62122,1011,130,7,130,14,1740,6,6,6,6,6,NA,NA,NA,NA,24/10/2024 18:02,0
24/10/2024 19:00,WIND,492301,1,HCM,1,62122,1011,140,8,150,16,1752,6,6,6,6,6,NA,NA,NA,NA,24/10/2024 19:02,0
24/10/2024 20:00,WIND,492301,1,HCM,1,62122,1011,130,8,130,14,1910,6,6,6,6,6,NA,NA,NA,NA,24/10/2024 20:02,0
24/10/2024 21:00,WIND,492301,1,HCM,1,62122,1011,120,8,120,15,2047,6,6,6,6,6,NA,NA,NA,NA,24/10/2024 21:03,0
24/10/2024 22:00,WIND,492301,1,HCM,1,62122,1011,130,9,140,18,2100,6,6,6,6,6,NA,NA,NA,NA,24/10/2024 22:02,0
24/10/2024 23:00,WIND,492301,1,HCM,1,62122,1011,110,7,110,14,2158,6,6,6,6,6,NA,NA,NA,NA,24/10/2024 23:02,0
25/10/2024 00:00,WIND,492301,1,HCM,1,62122,1011,110,6,130,11,2345,6,6,6,6,6,NA,NA,NA,NA,25/10/2024 00:03,0
25/10/2024 01:00,WIND,492301,1,HCM,1,62122,1011,120,7,140,14,2354,6,6,6,6,6,NA,NA,NA,NA,25/10/2024 01:02,0
25/10/2024 02:00,WIND,492301,1,HCM,1,62122,1011,120,6,130,11,135,6,6,6,6,6,NA,NA,NA,NA,25/10/2024 02:02,0
25/10/2024 03:00,WIND,492301,1,HCM,1,62122,1011,100,5,110,10,244,6,6,6,6,6,NA,NA,NA,NA,25/10/2024 03:02,0
25/10/2024 04:00,WIND,492301,1,HCM,1,62122,1011,100,6,110,10,344,6,6,6,6,6,NA,NA,NA,NA,25/10/2024 04:02,0
25/10/2024 05:00,WIND,492301,1,HCM,1,62122,1011,90,6,90,10,427,6,6,6,6,6,NA,NA,NA,NA,25/10/2024 05:02,0
25/10/2024 06:00,WIND,492301,1,HCM,1,62122,1011,110,7,120,12,548,6,6,6,6,6,NA,NA,NA,NA,25/10/2024 06:03,0
25/10/2024 07:00,WIND,492301,1,HCM,1,62122,1011,100,8,110,15,648,6,6,6,6,6,NA,NA,NA,NA,25/10/2024 07:02,0
25/10/2024 08:00,WIND,492301,1,HCM,1,62122,1011,110,9,110,16,722,6,6,6,6,6,NA,NA,NA,NA,25/10/2024 08:02,0
25/10/2024 09:00,WIND,492301,1,HCM,1,62122,1011,110,9,90,15,822,6,6,6,6,6,NA,NA,NA,NA,25/10/2024 09:03,0
25/10/2024 10:00,WIND,492301,1,HCM,1,62122,1011,150,6,110,12,855,6,6,6,6,6,NA,NA,NA,NA,25/10/2024 10:02,0
25/10/2024 11:00,WIND,492301,1,HCM,1,62122,1011,140,7,160,14,955,6,6,6,6,6,NA,NA,NA,NA,25/10/2024 11:02,0
25/10/2024 12:00,WIND,492301,1,HCM,1,62122,1011,150,6,140,13,1120,6,6,6,6,6,NA,NA,NA,NA,25/10/2024 12:02,0
25/10/2024 13:00,WIND,492301,1,HCM,1,62122,1011,150,5,180,12,1154,6,6,6,6,6,NA,NA,NA,NA,25/10/2024 13:02,0
25/10/2024 14:00,WIND,492301,1,HCM,1,62122,1011,180,7,180,17,1308,6,6,6,6,6,NA,NA,NA,NA,25/10/2024 14:02,0
25/10/2024 15:00,WIND,492301,1,HCM,1,62122,1011,180,9,190,16,1444,6,6,6,6,6,NA,NA,NA,NA,25/10/2024 15:02,0
25/10/2024 16:00,WIND,492301,1,HCM,1,62122,1011,180,8,180,15,1540,6,6,6,6,6,NA,NA,NA,NA,25/10/2024 16:02,0
25/10/2024 17:00,WIND,492301,1,HCM,1,62122,1011,180,7,190,13,1552,6,6,6,6,6,NA,NA,NA,NA,25/10/2024 17:02,0
25/10/2024 18:00,WIND,492301,1,HCM,1,62122,1011,180,6,170,13,1651,6,6,6,6,6,NA,NA,NA,NA,25/10/2024 18:02,0
25/10/2024 19:00,WIND,492301,1,HCM,1,62122,1011,140,3,160,9,1751,6,6,6,6,6,NA,NA,NA,NA,25/10/2024 19:02,0
25/10/2024 20:00,WIND,492301,1,HCM,1,62122,1011,90,2,60,5,1905,6,6,6,6,6,NA,NA,NA,NA,25/10/2024 20:02,0
25/10/2024 21:00,WIND,492301,1,HCM,1,62122,1011,90,3,80,6,2023,6,6,6,6,6,NA,NA,NA,NA,25/10/2024 21:03,0
25/10/2024 22:00,WIND,492301,1,HCM,1,62122,1011,70,3,60,7,2111,6,6,6,6,6,NA,NA,NA,NA,25/10/2024 22:02,0
25/10/2024 23:00,WIND,492301,1,HCM,1,62122,1011,80,4,60,8,2246,6,6,6,6,6,NA,NA,NA,NA,25/10/2024 23:02,0
26/10/2024 00:00,WIND,492301,1,HCM,1,62122,1011,80,4,60,7,2344,6,6,6,6,6,NA,NA,NA,NA,26/10/2024 00:03,0
26/10/2024 01:00,WIND,492301,1,HCM,1,62122,1011,80,3,60,5,1,6,6,6,6,6,NA,NA,NA,NA,26/10/2024 01:02,0
26/10/2024 02:00,WIND,492301,1,HCM,1,62122,1011,80,2,90,4,121,6,6,6,6,6,NA,NA,NA,NA,26/10/2024 02:02,0
26/10/2024 03:00,WIND,492301,1,HCM,1,62122,1011,120,2,120,6,209,6,6,6,6,6,NA,NA,NA,NA,26/10/2024 03:02,0
26/10/2024 04:00,WIND,492301,1,HCM,1,62122,1011,110,2,120,3,250,6,6,6,6,6,NA,NA,NA,NA,26/10/2024 04:02,0
26/10/2024 05:00,WIND,492301,1,HCM,1,62122,1011,90,2,100,3,408,6,6,6,6,6,NA,NA,NA,NA,26/10/2024 05:02,0
26/10/2024 06:00,WIND,492301,1,HCM,1,62122,1011,90,2,100,3,535,6,6,6,6,6,NA,NA,NA,NA,26/10/2024 06:03,0
26/10/2024 07:00,WIND,492301,1,HCM,1,62122,1011,80,2,80,4,634,6,6,6,6,6,NA,NA,NA,NA,26/10/2024 07:02,0
26/10/2024 08:00,WIND,492301,1,HCM,1,62122,1011,10,1,100,4,734,6,6,6,6,6,NA,NA,NA,NA,26/10/2024 08:02,0
26/10/2024 09:00,WIND,492301,1,HCM,1,62122,1011,110,2,100,3,830,6,6,6,6,6,NA,NA,NA,NA,26/10/2024 09:03,0
26/10/2024 10:00,WIND,492301,1,HCM,1,62122,1011,130,2,140,4,948,6,6,6,6,6,NA,NA,NA,NA,26/10/2024 10:02,0
26/10/2024 11:00,WIND,492301,1,HCM,1,62122,1011,160,2,160,5,1046,6,6,6,6,6,NA,NA,NA,NA,26/10/2024 11:02,0
26/10/2024 12:00,WIND,492301,1,HCM,1,62122,1011,230,4,280,9,1144,6,6,6,6,6,NA,NA,NA,NA,26/10/2024 12:02,0
26/10/2024 13:00,WIND,492301,1,HCM,1,62122,1011,270,4,250,10,1241,6,6,6,6,6,NA,NA,NA,NA,26/10/2024 13:02,0
26/10/2024 14:00,WIND,492301,1,HCM,1,62122,1011,270,5,260,10,1257,6,6,6,6,6,NA,NA,NA,NA,26/10/2024 14:02,0
26/10/2024 15:00,WIND,492301,1,HCM,1,62122,1011,230,4,270,8,1442,6,6,6,6,6,NA,NA,NA,NA,26/10/2024 15:02,0
26/10/2024 16:00,WIND,492301,1,HCM,1,62122,1011,270,5,270,9,1503,6,6,6,6,6,NA,NA,NA,NA,26/10/2024 16:02,0
26/10/2024 17:00,WIND,492301,1,HCM,1,62122,1011,250,3,270,6,1558,6,6,6,6,6,NA,NA,NA,NA,26/10/2024 17:02,0
26/10/2024 18:00,WIND,492301,1,HCM,1,62122,1011,240,2,220,4,1657,6,6,6,6,6,NA,NA,NA,NA,26/10/2024 18:02,0
26/10/2024 19:00,WIND,492301,1,HCM,1,62122,1011,190,1,190,3,1811,6,6,6,6,6,NA,NA,NA,NA,26/10/2024 19:02,0
26/10/2024 20:00,WIND,492301,1,HCM,1,62122,1011,180,1,180,3,1911,6,6,6,6,6,NA,NA,NA,NA,26/10/2024 20:02,0
26/10/2024 21:00,WIND,492301,1,HCM,1,62122,1011,150,2,210,5,2004,6,6,6,6,6,NA,NA,NA,NA,26/10/2024 21:03,0
26/10/2024 22:00,WIND,492301,1,HCM,1,62122,1011,160,1,150,4,2138,6,6,6,6,6,NA,NA,NA,NA,26/10/2024 22:02,0
26/10/2024 23:00,WIND,492301,1,HCM,1,62122,1011,190,2,190,4,2207,6,6,6,6,6,NA,NA,NA,NA,26/10/2024 23:02,0
27/10/2024 00:00,WIND,492301,1,HCM,1,62122,1011,200,3,220,6,2346,6,6,6,6,6,NA,NA,NA,NA,27/10/2024 00:03,0
27/10/2024 01:00,WIND,492301,1,HCM,1,62122,1011,180,2,210,5,2357,6,6,6,6,6,NA,NA,NA,NA,27/10/2024 01:02,0
27/10/2024 02:00,WIND,492301,1,HCM,1,62122,1011,130,2,80,4,124,6,6,6,6,6,NA,NA,NA,NA,27/10/2024 02:02,0
27/10/2024 03:00,WIND,492301,1,HCM,1,62122,1011,90,1,70,3,220,6,6,6,6,6,NA,NA,NA,NA,27/10/2024 03:02,0
27/10/2024 04:00,WIND,492301,1,HCM,1,62122,1011,250,3,270,5,342,6,6,6,6,6,NA,NA,NA,NA,27/10/2024 04:02,0
27/10/2024 05:00,WIND,492301,1,HCM,1,62122,1011,330,4,340,10,430,6,6,6,6,6,NA,NA,NA,NA,27/10/2024 05:02,0
27/10/2024 06:00,WIND,492301,1,HCM,1,62122,1011,40,5,30,10,451,6,6,6,6,6,NA,NA,NA,NA,27/10/2024 06:03,0
27/10/2024 07:00,WIND,492301,1,HCM,1,62122,1011,40,2,30,6,618,6,6,6,6,6,NA,NA,NA,NA,27/10/2024 07:02,0
27/10/2024 08:00,WIND,492301,1,HCM,1,62122,1011,50,2,10,4,706,6,6,6,6,6,NA,NA,NA,NA,27/10/2024 08:02,0
27/10/2024 09:00,WIND,492301,1,HCM,1,62122,1011,90,1,30,4,849,6,6,6,6,6,NA,NA,NA,NA,27/10/2024 09:03,0
27/10/2024 10:00,WIND,492301,1,HCM,1,62122,1011,40,4,50,7,912,6,6,6,6,6,NA,NA,NA,NA,27/10/2024 10:02,0
27/10/2024 11:00,WIND,492301,1,HCM,1,62122,1011,80,3,40,6,1008,6,6,6,6,6,NA,NA,NA,NA,27/10/2024 11:02,0
27/10/2024 12:00,WIND,492301,1,HCM,1,62122,1011,160,3,150,7,1126,6,6,6,6,6,NA,NA,NA,NA,27/10/2024 12:02,0
27/10/2024 13:00,WIND,492301,1,HCM,1,62122,1011,220,4,140,8,1203,6,6,6,6,6,NA,NA,NA,NA,27/10/2024 13:02,0
27/10/2024 14:00,WIND,492301,1,HCM,1,62122,1011,270,6,250,11,1326,6,6,6,6,6,NA,NA,NA,NA,27/10/2024 14:02,0
27/10/2024 15:00,WIND,492301,1,HCM,1,62122,1011,240,7,260,12,1352,6,6,6,6,6,NA,NA,NA,NA,27/10/2024 15:02,0
27/10/2024 16:00,WIND,492301,1,HCM,1,62122,1011,240,6,250,11,1516,6,6,6,6,6,NA,NA,NA,NA,27/10/2024 16:02,0
27/10/2024 17:00,WIND,492301,1,HCM,1,62122,1011,230,6,200,12,1624,6,6,6,6,6,NA,NA,NA,NA,27/10/2024 17:02,0
27/10/2024 18:00,WIND,492301,1,HCM,1,62122,1011,230,7,250,12,1742,6,6,6,6,6,NA,NA,NA,NA,27/10/2024 18:02,0
27/10/2024 19:00,WIND,492301,1,HCM,1,62122,1011,210,4,240,10,1750,6,6,6,6,6,NA,NA,NA,NA,27/10/2024 19:02,0
27/10/2024 20:00,WIND,492301,1,HCM,1,62122,1011,200,4,210,7,1916,6,6,6,6,6,NA,NA,NA,NA,27/10/2024 20:02,0
27/10/2024 21:00,WIND,492301,1,HCM,1,62122,1011,200,4,180,8,2022,6,6,6,6,6,NA,NA,NA,NA,27/10/2024 21:03,0
27/10/2024 22:00,WIND,492301,1,HCM,1,62122,1011,210,6,210,11,2137,6,6,6,6,6,NA,NA,NA,NA,27/10/2024 22:02,0
27/10/2024 23:00,WIND,492301,1,HCM,1,62122,1011,210,7,210,12,2222,6,6,6,6,6,NA,NA,NA,NA,27/10/2024 23:02,0
28/10/2024 00:00,WIND,492301,1,HCM,1,62122,1011,220,6,210,11,2327,6,6,6,6,6,NA,NA,NA,NA,28/10/2024 00:03,0
28/10/2024 01:00,WIND,492301,1,HCM,1,62122,1011,210,6,210,11,27,6,6,6,6,6,NA,NA,NA,NA,28/10/2024 01:02,0
28/10/2024 02:00,WIND,492301,1,HCM,1,62122,1011,210,7,200,13,127,6,6,6,6,6,NA,NA,NA,NA,28/10/2024 02:02,0
28/10/2024 03:00,WIND,492301,1,HCM,1,62122,1011,200,6,210,11,153,6,6,6,6,6,NA,NA,NA,NA,28/10/2024 03:02,0
28/10/2024 04:00,WIND,492301,1,HCM,1,62122,1011,200,7,200,13,320,6,6,6,6,6,NA,NA,NA,NA,28/10/2024 04:02,0
28/10/2024 05:00,WIND,492301,1,HCM,1,62122,1011,180,4,190,11,350,6,6,6,6,6,NA,NA,NA,NA,28/10/2024 05:02,0
28/10/2024 06:00,WIND,492301,1,HCM,1,62122,1011,200,6,200,11,549,6,6,6,6,6,NA,NA,NA,NA,28/10/2024 06:03,0
28/10/2024 07:00,WIND,492301,1,HCM,1,62122,1011,210,9,220,17,630,6,6,6,6,6,NA,NA,NA,NA,28/10/2024 07:02,0
28/10/2024 08:00,WIND,492301,1,HCM,1,62122,1011,200,7,200,14,654,6,6,6,6,6,NA,NA,NA,NA,28/10/2024 08:02,0
28/10/2024 09:00,WIND,492301,1,HCM,1,62122,1011,190,6,190,14,813,6,6,6,6,6,NA,NA,NA,NA,28/10/2024 09:03,0
28/10/2024 10:00,WIND,492301,1,HCM,1,62122,1011,200,7,220,16,924,6,6,6,6,6,NA,NA,NA,NA,28/10/2024 10:02,0
28/10/2024 11:00,WIND,492301,1,HCM,1,62122,1011,210,9,200,18,1024,6,6,6,6,6,NA,NA,NA,NA,28/10/2024 11:02,0
28/10/2024 12:00,WIND,492301,1,HCM,1,62122,1011,200,9,210,16,1123,6,6,6,6,6,NA,NA,NA,NA,28/10/2024 12:02,0
28/10/2024 13:00,WIND,492301,1,HCM,1,62122,1011,210,9,230,16,1215,6,6,6,6,6,NA,NA,NA,NA,28/10/2024 13:02,0
28/10/2024 14:00,WIND,492301,1,HCM,1,62122,1011,220,7,220,14,1254,6,6,6,6,6,NA,NA,NA,NA,28/10/2024 14:02,0
28/10/2024 15:00,WIND,492301,1,HCM,1,62122,1011,230,10,230,18,1413,6,6,6,6,6,NA,NA,NA,NA,28/10/2024 15:02,0
28/10/2024 16:00,WIND,492301,1,HCM,1,62122,1011,240,10,240,20,1512,6,6,6,6,6,NA,NA,NA,NA,28/10/2024 16:02,0
28/10/2024 17:00,WIND,492301,1,HCM,1,62122,1011,240,8,240,16,1553,6,6,6,6,6,NA,NA,NA,NA,28/10/2024 17:02,0
28/10/2024 18:00,WIND,492301,1,HCM,1,62122,1011,240,7,240,17,1652,6,6,6,6,6,NA,NA,NA,NA,28/10/2024 18:02,0
28/10/2024 19:00,WIND,492301,1,HCM,1,62122,1011,230,7,230,12,1759,6,6,6,6,6,NA,NA,NA,NA,28/10/2024 19:02,0
28/10/2024 20:00,WIND,492301,1,HCM,1,62122,1011,240,6,250,12,1855,6,6,6,6,6,NA,NA,NA,NA,28/10/2024 20:02,0
28/10/2024 21:00,WIND,492301,1,HCM,1,62122,1011,230,6,220,12,2000,6,6,6,6,6,NA,NA,NA,NA,28/10/2024 21:03,0
28/10/2024 22:00,WIND,492301,1,HCM,1,62122,1011,230,6,230,13,2131,6,6,6,6,6,NA,NA,NA,NA,28/10/2024 22:02,0
28/10/2024 23:00,WIND,492301,1,HCM,1,62122,1011,240,4,240,9,2152,6,6,6,6,6,NA,NA,NA,NA,28/10/2024 23:02,0
29/10/2024 00:00,WIND,492301,1,HCM,1,62122,1011,230,5,220,10,2321,6,6,6,6,6,NA,NA,NA,NA,29/10/2024 00:03,0
29/10/2024 01:00,WIND,492301,1,HCM,1,62122,1011,230,5,230,11,24,6,6,6,6,6,NA,NA,NA,NA,29/10/2024 01:02,0
29/10/2024 02:00,WIND,492301,1,HCM,1,62122,1011,230,5,230,9,101,6,6,6,6,6,NA,NA,NA,NA,29/10/2024 02:02,0
29/10/2024 03:00,WIND,492301,1,HCM,1,62122,1011,240,4,240,8,226,6,6,6,6,6,NA,NA,NA,NA,29/10/2024 03:02,0
29/10/2024 04:00,WIND,492301,1,HCM,1,62122,1011,240,4,250,7,320,6,6,6,6,6,NA,NA,NA,NA,29/10/2024 04:02,0
29/10/2024 05:00,WIND,492301,1,HCM,1,62122,1011,240,4,250,6,420,6,6,6,6,6,NA,NA,NA,NA,29/10/2024 05:02,0
29/10/2024 06:00,WIND,492301,1,HCM,1,62122,1011,230,3,240,6,509,6,6,6,6,6,NA,NA,NA,NA,29/10/2024 06:03,0
29/10/2024 07:00,WIND,492301,1,HCM,1,62122,1011,240,4,240,6,641,6,6,6,6,6,NA,NA,NA,NA,29/10/2024 07:02,0
29/10/2024 08:00,WIND,492301,1,HCM,1,62122,1011,240,4,240,7,744,6,6,6,6,6,NA,NA,NA,NA,29/10/2024 08:02,0
29/10/2024 09:00,WIND,492301,1,HCM,1,62122,1011,250,5,240,8,816,6,6,6,6,6,NA,NA,NA,NA,29/10/2024 09:03,0
29/10/2024 10:00,WIND,492301,1,HCM,1,62122,1011,260,5,270,8,944,6,6,6,6,6,NA,NA,NA,NA,29/10/2024 10:02,0
29/10/2024 11:00,WIND,492301,1,HCM,1,62122,1011,270,4,260,7,1003,6,6,6,6,6,NA,NA,NA,NA,29/10/2024 11:02,0
29/10/2024 12:00,WIND,492301,1,HCM,1,62122,1011,280,4,230,6,1104,6,6,6,6,6,NA,NA,NA,NA,29/10/2024 12:02,0
29/10/2024 13:00,WIND,492301,1,HCM,1,62122,1011,280,3,280,6,1156,6,6,6,6,6,NA,NA,NA,NA,29/10/2024 13:02,0
29/10/2024 14:00,WIND,492301,1,HCM,1,62122,1011,270,3,280,5,1250,6,6,6,6,6,NA,NA,NA,NA,29/10/2024 14:02,0
29/10/2024 15:00,WIND,492301,1,HCM,1,62122,1011,270,4,270,6,1448,6,6,6,6,6,NA,NA,NA,NA,29/10/2024 15:02,0
29/10/2024 16:00,WIND,492301,1,HCM,1,62122,1011,280,3,270,6,1456,6,6,6,6,6,NA,NA,NA,NA,29/10/2024 16:02,0
29/10/2024 17:00,WIND,492301,1,HCM,1,62122,1011,270,1,300,4,1647,6,6,6,6,6,NA,NA,NA,NA,29/10/2024 17:02,0
29/10/2024 18:00,WIND,492301,1,HCM,1,62122,1011,280,3,310,5,1704,6,6,6,6,6,NA,NA,NA,NA,29/10/2024 18:02,0
29/10/2024 19:00,WIND,492301,1,HCM,1,62122,1011,250,3,240,4,1835,6,6,6,6,6,NA,NA,NA,NA,29/10/2024 19:02,0
29/10/2024 20:00,WIND,492301,1,HCM,1,62122,1011,250,3,260,5,1911,6,6,6,6,6,NA,NA,NA,NA,29/10/2024 20:02,0
29/10/2024 21:00,WIND,492301,1,HCM,1,62122,1011,280,3,260,5,1958,6,6,6,6,6,NA,NA,NA,NA,29/10/2024 21:03,0
29/10/2024 22:00,WIND,492301,1,HCM,1,62122,1011,290,3,270,6,2107,6,6,6,6,6,NA,NA,NA,NA,29/10/2024 22:02,0
29/10/2024 23:00,WIND,492301,1,HCM,1,62122,1011,310,2,310,3,2154,6,6,6,6,6,NA,NA,NA,NA,29/10/2024 23:02,0
30/10/2024 00:00,WIND,492301,1,HCM,1,62122,1011,20,1,40,3,2337,6,6,6,6,6,NA,NA,NA,NA,30/10/2024 00:03,0
30/10/2024 01:00,WIND,492301,1,HCM,1,62122,1011,50,2,360,5,27,6,6,6,6,6,NA,NA,NA,NA,30/10/2024 01:02,0
30/10/2024 02:00,WIND,492301,1,HCM,1,62122,1011,30,4,20,9,121,6,6,6,6,6,NA,NA,NA,NA,30/10/2024 02:02,0
30/10/2024 03:00,WIND,492301,1,HCM,1,62122,1011,30,4,20,6,225,6,6,6,6,6,NA,NA,NA,NA,30/10/2024 03:02,0
30/10/2024 04:00,WIND,492301,1,HCM,1,62122,1011,20,4,20,6,311,6,6,6,6,6,NA,NA,NA,NA,30/10/2024 04:02,0
30/10/2024 05:00,WIND,492301,1,HCM,1,62122,1011,40,2,10,4,352,6,6,6,6,6,NA,NA,NA,NA,30/10/2024 05:02,0
30/10/2024 06:00,WIND,492301,1,HCM,1,62122,1011,20,2,30,3,539,6,6,6,6,6,NA,NA,NA,NA,30/10/2024 06:03,0
30/10/2024 07:00,WIND,492301,1,HCM,1,62122,1011,30,2,30,4,639,6,6,6,6,6,NA,NA,NA,NA,30/10/2024 07:02,0
30/10/2024 08:00,WIND,492301,1,HCM,1,62122,1011,20,3,20,5,715,6,6,6,6,6,NA,NA,NA,NA,30/10/2024 08:02,0
30/10/2024 09:00,WIND,492301,1,HCM,1,62122,1011,50,2,60,4,831,6,6,6,6,6,NA,NA,NA,NA,30/10/2024 09:03,0
30/10/2024 10:00,WIND,492301,1,HCM,1,62122,1011,60,3,50,6,914,6,6,6,6,6,NA,NA,NA,NA,30/10/2024 10:02,0
30/10/2024 11:00,WIND,492301,1,HCM,1,62122,1011,80,3,100,6,951,6,6,6,6,6,NA,NA,NA,NA,30/10/2024 11:02,0
30/10/2024 12:00,WIND,492301,1,HCM,1,62122,1011,90,3,90,6,1138,6,6,6,6,6,NA,NA,NA,NA,30/10/2024 12:02,0
30/10/2024 13:00,WIND,492301,1,HCM,1,62122,1011,80,2,140,4,1202,6,6,6,6,6,NA,NA,NA,NA,30/10/2024 13:02,0
30/10/2024 14:00,WIND,492301,1,HCM,1,62122,1011,40,2,60,6,1335,6,6,6,6,6,NA,NA,NA,NA,30/10/2024 14:02,0
30/10/2024 15:00,WIND,492301,1,HCM,1,62122,1011,60,3,60,6,1408,6,6,6,6,6,NA,NA,NA,NA,30/10/2024 15:02,0
30/10/2024 16:00,WIND,492301,1,HCM,1,62122,1011,60,3,60,8,1514,6,6,6,6,6,NA,NA,NA,NA,30/10/2024 16:02,0
30/10/2024 17:00,WIND,492301,1,HCM,1,62122,1011,50,3,60,7,1620,6,6,6,6,6,NA,NA,NA,NA,30/10/2024 17:02,0
30/10/2024 18:00,WIND,492301,1,HCM,1,62122,1011,60,3,40,7,1718,6,6,6,6,6,NA,NA,NA,NA,30/10/2024 18:02,0
30/10/2024 19:00,WIND,492301,1,HCM,1,62122,1011,80,3,80,7,1820,6,6,6,6,6,NA,NA,NA,NA,30/10/2024 19:02,0
30/10/2024 20:00,WIND,492301,1,HCM,1,62122,1011,100,3,120,6,1927,6,6,6,6,6,NA,NA,NA,NA,30/10/2024 20:02,0
30/10/2024 21:00,WIND,492301,1,HCM,1,62122,1011,60,2,60,6,2014,6,6,6,6,6,NA,NA,NA,NA,30/10/2024 21:03,0
30/10/2024 22:00,WIND,492301,1,HCM,1,62122,1011,60,2,60,4,2110,6,6,6,6,6,NA,NA,NA,NA,30/10/2024 22:02,0
30/10/2024 23:00,WIND,492301,1,HCM,1,62122,1011,70,2,90,3,2200,6,6,6,6,6,NA,NA,NA,NA,30/10/2024 23:02,0
31/10/2024 00:00,WIND,492301,1,HCM,1,62122,1011,100,1,110,3,2309,6,6,6,6,6,NA,NA,NA,NA,31/10/2024 00:03,0
31/10/2024 01:00,WIND,492301,1,HCM,1,62122,1011,70,2,30,5,7,6,6,6,6,6,NA,NA,NA,NA,31/10/2024 01:02,0
31/10/2024 02:00,WIND,492301,1,HCM,1,62122,1011,100,2,110,3,109,6,6,6,6,6,NA,NA,NA,NA,31/10/2024 02:02,0
31/10/2024 03:00,WIND,492301,1,HCM,1,62122,1011,80,2,50,5,201,6,6,6,6,6,NA,NA,NA,NA,31/10/2024 03:02,0
31/10/2024 04:00,WIND,492301,1,HCM,1,62122,1011,90,2,100,2,255,6,6,6,6,6,NA,NA,NA,NA,31/10/2024 04:02,0
31/10/2024 05:00,WIND,492301,1,HCM,1,62122,1011,80,2,70,3,432,6,6,6,6,6,NA,NA,NA,NA,31/10/2024 05:02,0
31/10/2024 06:00,WIND,492301,1,HCM,1,62122,1011,90,1,80,2,450,6,6,6,6,6,NA,NA,NA,NA,31/10/2024 06:03,0
31/10/2024 07:00,WIND,492301,1,HCM,1,62122,1011,120,1,150,3,647,6,6,6,6,6,NA,NA,NA,NA,31/10/2024 07:02,0
31/10/2024 08:00,WIND,492301,1,HCM,1,62122,1011,160,2,160,3,700,6,6,6,6,6,NA,NA,NA,NA,31/10/2024 08:02,0
31/10/2024 09:00,WIND,492301,1,HCM,1,62122,1011,150,2,140,3,845,6,6,6,6,6,NA,NA,NA,NA,31/10/2024 09:03,0
31/10/2024 10:00,WIND,492301,1,HCM,1,62122,1011,140,2,160,4,850,6,6,6,6,6,NA,NA,NA,NA,31/10/2024 10:02,0
31/10/2024 11:00,WIND,492301,1,HCM,1,62122,1011,150,2,130,5,1004,6,6,6,6,6,NA,NA,NA,NA,31/10/2024 11:02,0
31/10/2024 12:00,WIND,492301,1,HCM,1,62122,1011,130,2,80,4,1118,6,6,6,6,6,NA,NA,NA,NA,31/10/2024 12:02,0
31/10/2024 13:00,WIND,492301,1,HCM,1,62122,1011,230,2,180,5,1151,6,6,6,6,6,NA,NA,NA,NA,31/10/2024 13:02,0
31/10/2024 14:00,WIND,492301,1,HCM,1,62122,1011,340,2,280,5,1250,6,6,6,6,6,NA,NA,NA,NA,31/10/2024 14:02,0
31/10/2024 15:00,WIND,492301,1,HCM,1,62122,1011,320,2,300,5,1430,6,6,6,6,6,NA,NA,NA,NA,31/10/2024 15:02,0
31/10/2024 16:00,WIND,492301,1,HCM,1,62122,1011,300,3,310,5,1534,6,6,6,6,6,NA,NA,NA,NA,31/10/2024 16:02,0
31/10/2024 17:00,WIND,492301,1,HCM,1,62122,1011,310,2,320,5,1618,6,6,6,6,6,NA,NA,NA,NA,31/10/2024 17:02,0
31/10/2024 18:00,WIND,492301,1,HCM,1,62122,1011,360,1,340,3,1718,6,6,6,6,6,NA,NA,NA,NA,31/10/2024 18:02,0
31/10/2024 19:00,WIND,492301,1,HCM,1,62122,1011,80,1,70,3,1834,6,6,6,6,6,NA,NA,NA,NA,31/10/2024 19:02,0
31/10/2024 20:00,WIND,492301,1,HCM,1,62122,1011,270,1,300,3,1857,6,6,6,6,6,NA,NA,NA,NA,31/10/2024 20:02,0
31/10/2024 21:00,WIND,492301,1,HCM,1,62122,1011,260,1,270,2,2044,6,6,6,6,6,NA,NA,NA,NA,31/10/2024 21:03,0
31/10/2024 22:00,WIND,492301,1,HCM,1,62122,1011,230,2,270,3,2053,6,6,6,6,6,NA,NA,NA,NA,31/10/2024 22:02,0
31/10/2024 23:00,WIND,492301,1,HCM,1,62122,1011,220,2,230,3,2243,6,6,6,6,6,NA,NA,NA,NA,31/10/2024 23:02,0
01/11/2024 00:00,WIND,492301,1,HCM,1,62122,1011,210,2,180,5,2333,6,6,6,6,6,NA,NA,NA,NA,01/11/2024 00:03,0
01/11/2024 01:00,WIND,492301,1,HCM,1,62122,1011,210,3,200,5,19,6,6,6,6,6,NA,NA,NA,NA,01/11/2024 01:02,0
01/11/2024 02:00,WIND,492301,1,HCM,1,62122,1011,280,4,270,6,145,6,6,6,6,6,NA,NA,NA,NA,01/11/2024 02:02,0
01/11/2024 03:00,WIND,492301,1,HCM,1,62122,1011,270,3,250,7,202,6,6,6,6,6,NA,NA,NA,NA,01/11/2024 03:02,0
01/11/2024 04:00,WIND,492301,1,HCM,1,62122,1011,280,2,320,5,306,6,6,6,6,6,NA,NA,NA,NA,01/11/2024 04:02,0
01/11/2024 05:00,WIND,492301,1,HCM,1,62122,1011,260,2,260,4,431,6,6,6,6,6,NA,NA,NA,NA,01/11/2024 05:02,0
01/11/2024 06:00,WIND,492301,1,HCM,1,62122,1011,280,3,290,7,456,6,6,6,6,6,NA,NA,NA,NA,01/11/2024 06:03,0
01/11/2024 07:00,WIND,492301,1,HCM,1,62122,1011,50,2,360,4,550,6,6,6,6,6,NA,NA,NA,NA,01/11/2024 07:02,0
01/11/2024 08:00,WIND,492301,1,HCM,1,62122,1011,90,2,70,4,710,6,6,6,6,6,NA,NA,NA,NA,01/11/2024 08:02,0
01/11/2024 09:00,WIND,492301,1,HCM,1,62122,1011,170,2,180,4,833,6,6,6,6,6,NA,NA,NA,NA,01/11/2024 09:03,0
01/11/2024 10:00,WIND,492301,1,HCM,1,62122,1011,100,1,70,3,920,6,6,6,6,6,NA,NA,NA,NA,01/11/2024 10:02,0
01/11/2024 11:00,WIND,492301,1,HCM,1,62122,1011,50,2,50,6,1007,6,6,6,6,6,NA,NA,NA,NA,01/11/2024 11:02,0
01/11/2024 12:00,WIND,492301,1,HCM,1,62122,1011,350,2,340,5,1133,6,6,6,6,6,NA,NA,NA,NA,01/11/2024 12:02,0
01/11/2024 13:00,WIND,492301,1,HCM,1,62122,1011,300,3,250,5,1151,6,6,6,6,6,NA,NA,NA,NA,01/11/2024 13:02,0
01/11/2024 14:00,WIND,492301,1,HCM,1,62122,1011,300,2,330,4,1330,6,6,6,6,6,NA,NA,NA,NA,01/11/2024 14:02,0
01/11/2024 15:00,WIND,492301,1,HCM,1,62122,1011,290,3,290,6,1438,6,6,6,6,6,NA,NA,NA,NA,01/11/2024 15:02,0
01/11/2024 16:00,WIND,492301,1,HCM,1,62122,1011,330,4,20,7,1544,6,6,6,6,6,NA,NA,NA,NA,01/11/2024 16:02,0
01/11/2024 17:00,WIND,492301,1,HCM,1,62122,1011,350,4,20,7,1555,6,6,6,6,6,NA,NA,NA,NA,01/11/2024 17:02,0
01/11/2024 18:00,WIND,492301,1,HCM,1,62122,1011,10,4,20,9,1714,6,6,6,6,6,NA,NA,NA,NA,01/11/2024 18:02,0
01/11/2024 19:00,WIND,492301,1,HCM,1,62122,1011,20,5,40,9,1846,6,6,6,6,6,NA,NA,NA,NA,01/11/2024 19:02,0
01/11/2024 20:00,WIND,492301,1,HCM,1,62122,1011,30,5,20,9,1948,6,6,6,6,6,NA,NA,NA,NA,01/11/2024 20:02,0
01/11/2024 21:00,WIND,492301,1,HCM,1,62122,1011,40,5,30,9,1958,6,6,6,6,6,NA,NA,NA,NA,01/11/2024 21:03,0
01/11/2024 22:00,WIND,492301,1,HCM,1,62122,1011,40,2,60,5,2050,6,6,6,6,6,NA,NA,NA,NA,01/11/2024 22:02,0
01/11/2024 23:00,WIND,492301,1,HCM,1,62122,1011,30,1,40,3,2223,6,6,6,6,6,NA,NA,NA,NA,01/11/2024 23:02,0
02/11/2024 00:00,WIND,492301,1,HCM,1,62122,1011,60,1,60,5,2340,6,6,6,6,6,NA,NA,NA,NA,02/11/2024 00:03,0
02/11/2024 01:00,WIND,492301,1,HCM,1,62122,1011,60,1,50,4,17,6,6,6,6,6,NA,NA,NA,NA,02/11/2024 01:02,0
02/11/2024 02:00,WIND,492301,1,HCM,1,62122,1011,70,2,90,4,147,6,6,6,6,6,NA,NA,NA,NA,02/11/2024 02:02,0
02/11/2024 03:00,WIND,492301,1,HCM,1,62122,1011,70,4,80,8,249,6,6,6,6,6,NA,NA,NA,NA,02/11/2024 03:02,0
02/11/2024 04:00,WIND,492301,1,HCM,1,62122,1011,80,5,70,9,305,6,6,6,6,6,NA,NA,NA,NA,02/11/2024 04:02,0
02/11/2024 05:00,WIND,492301,1,HCM,1,62122,1011,80,6,120,12,407,6,6,6,6,6,NA,NA,NA,NA,02/11/2024 05:02,0
02/11/2024 06:00,WIND,492301,1,HCM,1,62122,1011,90,4,100,9,509,6,6,6,6,6,NA,NA,NA,NA,02/11/2024 06:03,0
02/11/2024 07:00,WIND,492301,1,HCM,1,62122,1011,90,4,100,8,625,6,6,6,6,6,NA,NA,NA,NA,02/11/2024 07:02,0
02/11/2024 08:00,WIND,492301,1,HCM,1,62122,1011,80,3,70,6,706,6,6,6,6,6,NA,NA,NA,NA,02/11/2024 08:02,0
02/11/2024 09:00,WIND,492301,1,HCM,1,62122,1011,70,3,70,6,826,6,6,6,6,6,NA,NA,NA,NA,02/11/2024 09:03,0
02/11/2024 10:00,WIND,492301,1,HCM,1,62122,1011,70,4,80,7,940,6,6,6,6,6,NA,NA,NA,NA,02/11/2024 10:02,0
02/11/2024 11:00,WIND,492301,1,HCM,1,62122,1011,50,4,70,7,1002,6,6,6,6,6,NA,NA,NA,NA,02/11/2024 11:02,0
02/11/2024 12:00,WIND,492301,1,HCM,1,62122,1011,50,4,50,8,1148,6,6,6,6,6,NA,NA,NA,NA,02/11/2024 12:02,0
02/11/2024 13:00,WIND,492301,1,HCM,1,62122,1011,60,5,70,10,1212,6,6,6,6,6,NA,NA,NA,NA,02/11/2024 13:02,0
02/11/2024 14:00,WIND,492301,1,HCM,1,62122,1011,60,5,50,9,1340,6,6,6,6,6,NA,NA,NA,NA,02/11/2024 14:02,0
02/11/2024 15:00,WIND,492301,1,HCM,1,62122,1011,60,5,50,8,1400,6,6,6,6,6,NA,NA,NA,NA,02/11/2024 15:02,0
02/11/2024 16:00,WIND,492301,1,HCM,1,62122,1011,50,4,50,9,1511,6,6,6,6,6,NA,NA,NA,NA,02/11/2024 16:02,0
02/11/2024 17:00,WIND,492301,1,HCM,1,62122,1011,40,3,50,6,1559,6,6,6,6,6,NA,NA,NA,NA,02/11/2024 17:02,0
02/11/2024 18:00,WIND,492301,1,HCM,1,62122,1011,20,3,20,6,1732,6,6,6,6,6,NA,NA,NA,NA,02/11/2024 18:02,0
02/11/2024 19:00,WIND,492301,1,HCM,1,62122,1011,40,4,50,9,1804,6,6,6,6,6,NA,NA,NA,NA,02/11/2024 19:02,0
02/11/2024 20:00,WIND,492301,1,HCM,1,62122,1011,50,4,40,8,1851,6,6,6,6,6,NA,NA,NA,NA,02/11/2024 20:02,0
02/11/2024 21:00,WIND,492301,1,HCM,1,62122,1011,60,4,60,7,2049,6,6,6,6,6,NA,NA,NA,NA,02/11/2024 21:03,0
02/11/2024 22:00,WIND,492301,1,HCM,1,62122,1011,70,5,70,8,2122,6,6,6,6,6,NA,NA,NA,NA,02/11/2024 22:02,0
02/11/2024 23:00,WIND,492301,1,HCM,1,62122,1011,80,6,70,12,2216,6,6,6,6,6,NA,NA,NA,NA,02/11/2024 23:02,0
03/11/2024 00:00,WIND,492301,1,HCM,1,62122,1011,80,5,80,9,2306,6,6,6,6,6,NA,NA,NA,NA,03/11/2024 00:03,0
03/11/2024 01:00,WIND,492301,1,HCM,1,62122,1011,80,4,90,8,2359,6,6,6,6,6,NA,NA,NA,NA,03/11/2024 01:02,0
03/11/2024 02:00,WIND,492301,1,HCM,1,62122,1011,70,3,50,6,106,6,6,6,6,6,NA,NA,NA,NA,03/11/2024 02:02,0
03/11/2024 03:00,WIND,492301,1,HCM,1,62122,1011,70,3,60,6,217,6,6,6,6,6,NA,NA,NA,NA,03/11/2024 03:02,0
03/11/2024 04:00,WIND,492301,1,HCM,1,62122,1011,80,4,110,8,335,6,6,6,6,6,NA,NA,NA,NA,03/11/2024 04:02,0
03/11/2024 05:00,WIND,492301,1,HCM,1,62122,1011,70,4,110,8,350,6,6,6,6,6,NA,NA,NA,NA,03/11/2024 05:02,0
03/11/2024 06:00,WIND,492301,1,HCM,1,62122,1011,70,6,80,10,541,6,6,6,6,6,NA,NA,NA,NA,03/11/2024 06:03,0
03/11/2024 07:00,WIND,492301,1,HCM,1,62122,1011,70,6,90,9,626,6,6,6,6,6,NA,NA,NA,NA,03/11/2024 07:02,0
03/11/2024 08:00,WIND,492301,1,HCM,1,62122,1011,80,5,80,11,658,6,6,6,6,6,NA,NA,NA,NA,03/11/2024 08:02,0
03/11/2024 09:00,WIND,492301,1,HCM,1,62122,1011,80,4,90,7,802,6,6,6,6,6,NA,NA,NA,NA,03/11/2024 09:03,0
03/11/2024 10:00,WIND,492301,1,HCM,1,62122,1011,90,5,110,8,859,6,6,6,6,6,NA,NA,NA,NA,03/11/2024 10:02,0
03/11/2024 11:00,WIND,492301,1,HCM,1,62122,1011,90,5,80,11,1010,6,6,6,6,6,NA,NA,NA,NA,03/11/2024 11:02,0
03/11/2024 12:00,WIND,492301,1,HCM,1,62122,1011,90,4,80,9,1056,6,6,6,6,6,NA,NA,NA,NA,03/11/2024 12:02,0
03/11/2024 13:00,WIND,492301,1,HCM,1,62122,1011,90,5,100,10,1155,6,6,6,6,6,NA,NA,NA,NA,03/11/2024 13:02,0
03/11/2024 14:00,WIND,492301,1,HCM,1,62122,1011,90,4,90,7,1253,6,6,6,6,6,NA,NA,NA,NA,03/11/2024 14:02,0
03/11/2024 15:00,WIND,492301,1,HCM,1,62122,1011,70,4,60,8,1445,6,6,6,6,6,NA,NA,NA,NA,03/11/2024 15:02,0
03/11/2024 16:00,WIND,492301,1,HCM,1,62122,1011,80,4,70,7,1500,6,6,6,6,6,NA,NA,NA,NA,03/11/2024 16:02,0
03/11/2024 17:00,WIND,492301,1,HCM,1,62122,1011,80,2,100,5,1647,6,6,6,6,6,NA,NA,NA,NA,03/11/2024 17:02,0
03/11/2024 18:00,WIND,492301,1,HCM,1,62122,1011,70,3,70,7,1724,6,6,6,6,6,NA,NA,NA,NA,03/11/2024 18:02,0
03/11/2024 19:00,WIND,492301,1,HCM,1,62122,1011,60,4,80,7,1801,6,6,6,6,6,NA,NA,NA,NA,03/11/2024 19:02,0
03/11/2024 20:00,WIND,492301,1,HCM,1,62122,1011,60,3,50,7,1850,6,6,6,6,6,NA,NA,NA,NA,03/11/2024 20:02,0
03/11/2024 21:00,WIND,492301,1,HCM,1,62122,1011,60,4,90,7,2031,6,6,6,6,6,NA,NA,NA,NA,03/11/2024 21:02,0
03/11/2024 22:00,WIND,492301,1,HCM,1,62122,1011,70,4,70,7,2129,6,6,6,6,6,NA,NA,NA,NA,03/11/2024 22:02,0
03/11/2024 23:00,WIND,492301,1,HCM,1,62122,1011,90,3,80,7,2151,6,6,6,6,6,NA,NA,NA,NA,03/11/2024 23:02,0
04/11/2024 00:00,WIND,492301,1,HCM,1,62122,1011,70,3,70,6,2256,6,6,6,6,6,NA,NA,NA,NA,04/11/2024 00:03,0
04/11/2024 01:00,WIND,492301,1,HCM,1,62122,1011,70,3,80,5,41,6,6,6,6,6,NA,NA,NA,NA,04/11/2024 01:02,0
04/11/2024 02:00,WIND,492301,1,HCM,1,62122,1011,60,3,60,6,52,6,6,6,6,6,NA,NA,NA,NA,04/11/2024 02:02,0
04/11/2024 03:00,WIND,492301,1,HCM,1,62122,1011,60,3,60,7,215,6,6,6,6,6,NA,NA,NA,NA,04/11/2024 03:02,0
04/11/2024 04:00,WIND,492301,1,HCM,1,62122,1011,60,4,60,6,259,6,6,6,6,6,NA,NA,NA,NA,04/11/2024 04:02,0
04/11/2024 05:00,WIND,492301,1,HCM,1,62122,1011,50,4,50,7,419,6,6,6,6,6,NA,NA,NA,NA,04/11/2024 05:02,0
04/11/2024 06:00,WIND,492301,1,HCM,1,62122,1011,60,5,60,7,538,6,6,6,6,6,NA,NA,NA,NA,04/11/2024 06:03,0
04/11/2024 07:00,WIND,492301,1,HCM,1,62122,1011,60,4,80,6,615,6,6,6,6,6,NA,NA,NA,NA,04/11/2024 07:02,0
04/11/2024 08:00,WIND,492301,1,HCM,1,62122,1011,50,5,50,8,723,6,6,6,6,6,NA,NA,NA,NA,04/11/2024 08:02,0
04/11/2024 09:00,WIND,492301,1,HCM,1,62122,1011,60,5,70,9,823,6,6,6,6,6,NA,NA,NA,NA,04/11/2024 09:03,0
04/11/2024 10:00,WIND,492301,1,HCM,1,62122,1011,70,6,70,12,946,6,6,6,6,6,NA,NA,NA,NA,04/11/2024 10:02,0
04/11/2024 11:00,WIND,492301,1,HCM,1,62122,1011,80,7,80,11,1042,6,6,6,6,6,NA,NA,NA,NA,04/11/2024 11:02,0
04/11/2024 12:00,WIND,492301,1,HCM,1,62122,1011,80,6,90,11,1105,6,6,6,6,6,NA,NA,NA,NA,04/11/2024 12:02,0
04/11/2024 13:00,WIND,492301,1,HCM,1,62122,1011,80,6,90,10,1213,6,6,6,6,6,NA,NA,NA,NA,04/11/2024 13:02,0
04/11/2024 14:00,WIND,492301,1,HCM,1,62122,1011,80,5,100,9,1301,6,6,6,6,6,NA,NA,NA,NA,04/11/2024 14:02,0
04/11/2024 15:00,WIND,492301,1,HCM,1,62122,1011,80,5,90,9,1405,6,6,6,6,6,NA,NA,NA,NA,04/11/2024 15:02,0
04/11/2024 16:00,WIND,492301,1,HCM,1,62122,1011,50,5,30,9,1504,6,6,6,6,6,NA,NA,NA,NA,04/11/2024 16:02,0
04/11/2024 17:00,WIND,492301,1,HCM,1,62122,1011,60,6,70,10,1639,6,6,6,6,6,NA,NA,NA,NA,04/11/2024 17:02,0
04/11/2024 18:00,WIND,492301,1,HCM,1,62122,1011,70,5,60,9,1659,6,6,6,6,6,NA,NA,NA,NA,04/11/2024 18:02,0
04/11/2024 19:00,WIND,492301,1,HCM,1,62122,1011,70,5,80,8,1840,6,6,6,6,6,NA,NA,NA,NA,04/11/2024 19:02,0
04/11/2024 20:00,WIND,492301,1,HCM,1,62122,1011,70,4,70,7,1915,6,6,6,6,6,NA,NA,NA,NA,04/11/2024 20:02,0
04/11/2024 21:00,WIND,492301,1,HCM,1,62122,1011,60,2,80,5,1953,6,6,6,6,6,NA,NA,NA,NA,04/11/2024 21:02,0
04/11/2024 22:00,WIND,492301,1,HCM,1,62122,1011,60,3,60,5,2141,6,6,6,6,6,NA,NA,NA,NA,04/11/2024 22:02,0
04/11/2024 23:00,WIND,492301,1,HCM,1,62122,1011,80,4,100,6,2249,6,6,6,6,6,NA,NA,NA,NA,04/11/2024 23:02,0
05/11/2024 00:00,WIND,492301,1,HCM,1,62122,1011,90,5,100,9,2338,6,6,6,6,6,NA,NA,NA,NA,05/11/2024 00:03,0
05/11/2024 01:00,WIND,492301,1,HCM,1,62122,1011,80,6,70,9,23,6,6,6,6,6,NA,NA,NA,NA,05/11/2024 01:02,0
05/11/2024 02:00,WIND,492301,1,HCM,1,62122,1011,70,5,80,7,147,6,6,6,6,6,NA,NA,NA,NA,05/11/2024 02:02,0
05/11/2024 03:00,WIND,492301,1,HCM,1,62122,1011,80,5,60,7,216,6,6,6,6,6,NA,NA,NA,NA,05/11/2024 03:02,0
05/11/2024 04:00,WIND,492301,1,HCM,1,62122,1011,80,3,70,6,304,6,6,6,6,6,NA,NA,NA,NA,05/11/2024 04:02,0
05/11/2024 05:00,WIND,492301,1,HCM,1,62122,1011,90,3,100,5,409,6,6,6,6,6,NA,NA,NA,NA,05/11/2024 05:02,0
05/11/2024 06:00,WIND,492301,1,HCM,1,62122,1011,80,2,70,4,524,6,6,6,6,6,NA,NA,NA,NA,05/11/2024 06:03,0
05/11/2024 07:00,WIND,492301,1,HCM,1,62122,1011,90,3,80,7,641,6,6,6,6,6,NA,NA,NA,NA,05/11/2024 07:02,0
05/11/2024 08:00,WIND,492301,1,HCM,1,62122,1011,100,3,110,7,718,6,6,6,6,6,NA,NA,NA,NA,05/11/2024 08:02,0
05/11/2024 09:00,WIND,492301,1,HCM,1,62122,1011,110,3,110,7,800,6,6,6,6,6,NA,NA,NA,NA,05/11/2024 09:03,0
05/11/2024 10:00,WIND,492301,1,HCM,1,62122,1011,120,3,110,6,906,6,6,6,6,6,NA,NA,NA,NA,05/11/2024 10:03,0
05/11/2024 11:00,WIND,492301,1,HCM,1,62122,1011,150,3,190,7,1013,6,6,6,6,6,NA,NA,NA,NA,05/11/2024 11:03,0
05/11/2024 12:00,WIND,492301,1,HCM,1,62122,1011,160,3,140,6,1050,6,6,6,6,6,NA,NA,NA,NA,05/11/2024 12:03,0
05/11/2024 13:00,WIND,492301,1,HCM,1,62122,1011,150,3,110,5,1153,6,6,6,6,6,NA,NA,NA,NA,05/11/2024 13:03,0
05/11/2024 14:00,WIND,492301,1,HCM,1,62122,1011,120,2,80,6,1312,6,6,6,6,6,NA,NA,NA,NA,05/11/2024 14:03,0
05/11/2024 15:00,WIND,492301,1,HCM,1,62122,1011,110,2,110,6,1433,6,6,6,6,6,NA,NA,NA,NA,05/11/2024 15:03,0
05/11/2024 16:00,WIND,492301,1,HCM,1,62122,1011,190,2,190,6,1515,6,6,6,6,6,NA,NA,NA,NA,05/11/2024 16:03,0
05/11/2024 17:00,WIND,492301,1,HCM,1,62122,1011,170,2,220,5,1602,6,6,6,6,6,NA,NA,NA,NA,05/11/2024 17:03,0
05/11/2024 18:00,WIND,492301,1,HCM,1,62122,1011,280,2,250,4,1652,6,6,6,6,6,NA,NA,NA,NA,05/11/2024 18:03,0
05/11/2024 19:00,WIND,492301,1,HCM,1,62122,1011,20,2,60,4,1836,6,6,6,6,6,NA,NA,NA,NA,05/11/2024 19:03,0
05/11/2024 20:00,WIND,492301,1,HCM,1,62122,1011,80,3,70,6,1927,6,6,6,6,6,NA,NA,NA,NA,05/11/2024 20:03,0
05/11/2024 21:00,WIND,492301,1,HCM,1,62122,1011,70,4,90,6,1953,6,6,6,6,6,NA,NA,NA,NA,05/11/2024 21:03,0
05/11/2024 22:00,WIND,492301,1,HCM,1,62122,1011,70,3,70,5,2140,6,6,6,6,6,NA,NA,NA,NA,05/11/2024 22:03,0
05/11/2024 23:00,WIND,492301,1,HCM,1,62122,1011,80,3,100,5,2249,6,6,6,6,6,NA,NA,NA,NA,05/11/2024 23:03,0
06/11/2024 00:00,WIND,492301,1,HCM,1,62122,1011,90,4,80,6,2317,6,6,6,6,6,NA,NA,NA,NA,06/11/2024 00:03,0
06/11/2024 01:00,WIND,492301,1,HCM,1,62122,1011,90,3,90,5,15,6,6,6,6,6,NA,NA,NA,NA,06/11/2024 01:03,0
06/11/2024 02:00,WIND,492301,1,HCM,1,62122,1011,90,3,90,5,113,6,6,6,6,6,NA,NA,NA,NA,06/11/2024 02:03,0
06/11/2024 03:00,WIND,492301,1,HCM,1,62122,1011,80,3,60,5,241,6,6,6,6,6,NA,NA,NA,NA,06/11/2024 03:03,0
06/11/2024 04:00,WIND,492301,1,HCM,1,62122,1011,80,3,80,5,305,6,6,6,6,6,NA,NA,NA,NA,06/11/2024 04:03,0
06/11/2024 05:00,WIND,492301,1,HCM,1,62122,1011,100,2,70,5,354,6,6,6,6,6,NA,NA,NA,NA,06/11/2024 05:03,0
06/11/2024 06:00,WIND,492301,1,HCM,1,62122,1011,120,2,110,4,548,6,6,6,6,6,NA,NA,NA,NA,06/11/2024 06:03,0
06/11/2024 07:00,WIND,492301,1,HCM,1,62122,1011,110,3,110,5,647,6,6,6,6,6,NA,NA,NA,NA,06/11/2024 07:03,0
06/11/2024 08:00,WIND,492301,1,HCM,1,62122,1011,100,2,120,4,650,6,6,6,6,6,NA,NA,NA,NA,06/11/2024 08:03,0
06/11/2024 09:00,WIND,492301,1,HCM,1,62122,1011,90,3,90,5,849,6,6,6,6,6,NA,NA,NA,NA,06/11/2024 09:03,0
06/11/2024 10:00,WIND,492301,1,HCM,1,62122,1011,100,4,110,6,934,6,6,6,6,6,NA,NA,NA,NA,06/11/2024 10:03,0
06/11/2024 11:00,WIND,492301,1,HCM,1,62122,1011,100,4,110,7,1022,6,6,6,6,6,NA,NA,NA,NA,06/11/2024 11:03,0
06/11/2024 12:00,WIND,492301,1,HCM,1,62122,1011,100,4,100,7,1145,6,6,6,6,6,NA,NA,NA,NA,06/11/2024 12:03,0
06/11/2024 13:00,WIND,492301,1,HCM,1,62122,1011,110,5,100,7,1219,6,6,6,6,6,NA,NA,NA,NA,06/11/2024 13:03,0
06/11/2024 14:00,WIND,492301,1,HCM,1,62122,1011,110,4,110,8,1320,6,6,6,6,6,NA,NA,NA,NA,06/11/2024 14:03,0
06/11/2024 15:00,WIND,492301,1,HCM,1,62122,1011,110,3,110,6,1409,6,6,6,6,6,NA,NA,NA,NA,06/11/2024 15:03,0
06/11/2024 16:00,WIND,492301,1,HCM,1,62122,1011,90,4,90,6,1543,6,6,6,6,6,NA,NA,NA,NA,06/11/2024 16:03,0
06/11/2024 17:00,WIND,492301,1,HCM,1,62122,1011,90,3,90,6,1552,6,6,6,6,6,NA,NA,NA,NA,06/11/2024 17:03,0
06/11/2024 18:00,WIND,492301,1,HCM,1,62122,1011,90,3,80,6,1734,6,6,6,6,6,NA,NA,NA,NA,06/11/2024 18:03,0
06/11/2024 19:00,WIND,492301,1,HCM,1,62122,1011,90,3,90,5,1820,6,6,6,6,6,NA,NA,NA,NA,06/11/2024 19:03,0
06/11/2024 20:00,WIND,492301,1,HCM,1,62122,1011,120,3,120,7,1924,6,6,6,6,6,NA,NA,NA,NA,06/11/2024 20:03,0
06/11/2024 21:00,WIND,492301,1,HCM,1,62122,1011,110,3,110,6,2013,6,6,6,6,6,NA,NA,NA,NA,06/11/2024 21:03,0
06/11/2024 22:00,WIND,492301,1,HCM,1,62122,1011,110,4,100,7,2124,6,6,6,6,6,NA,NA,NA,NA,06/11/2024 22:03,0
06/11/2024 23:00,WIND,492301,1,HCM,1,62122,1011,120,4,140,7,2212,6,6,6,6,6,NA,NA,NA,NA,06/11/2024 23:03,0
07/11/2024 00:00,WIND,492301,1,HCM,1,62122,1011,90,4,110,7,2253,6,6,6,6,6,NA,NA,NA,NA,07/11/2024 00:03,0
07/11/2024 01:00,WIND,492301,1,HCM,1,62122,1011,80,3,90,6,46,6,6,6,6,6,NA,NA,NA,NA,07/11/2024 01:03,0
07/11/2024 02:00,WIND,492301,1,HCM,1,62122,1011,80,4,80,8,110,6,6,6,6,6,NA,NA,NA,NA,07/11/2024 02:03,0
07/11/2024 03:00,WIND,492301,1,HCM,1,62122,1011,80,5,70,9,225,6,6,6,6,6,NA,NA,NA,NA,07/11/2024 03:03,0
07/11/2024 04:00,WIND,492301,1,HCM,1,62122,1011,80,5,70,8,349,6,6,6,6,6,NA,NA,NA,NA,07/11/2024 04:03,0
07/11/2024 05:00,WIND,492301,1,HCM,1,62122,1011,80,6,70,10,443,6,6,6,6,6,NA,NA,NA,NA,07/11/2024 05:03,0
07/11/2024 06:00,WIND,492301,1,HCM,1,62122,1011,80,6,80,10,524,6,6,6,6,6,NA,NA,NA,NA,07/11/2024 06:03,0
07/11/2024 07:00,WIND,492301,1,HCM,1,62122,1011,70,5,70,9,603,6,6,6,6,6,NA,NA,NA,NA,07/11/2024 07:03,0
07/11/2024 08:00,WIND,492301,1,HCM,1,62122,1011,80,5,70,8,738,6,6,6,6,6,NA,NA,NA,NA,07/11/2024 08:03,0
07/11/2024 09:00,WIND,492301,1,HCM,1,62122,1011,70,3,70,7,756,6,6,6,6,6,NA,NA,NA,NA,07/11/2024 09:03,0
07/11/2024 10:00,WIND,492301,1,HCM,1,62122,1011,70,4,80,7,937,6,6,6,6,6,NA,NA,NA,NA,07/11/2024 10:03,0
07/11/2024 11:00,WIND,492301,1,HCM,1,62122,1011,100,5,100,11,1032,6,6,6,6,6,NA,NA,NA,NA,07/11/2024 11:03,0
07/11/2024 12:00,WIND,492301,1,HCM,1,62122,1011,110,7,110,14,1144,6,6,6,6,6,NA,NA,NA,NA,07/11/2024 12:03,0
07/11/2024 13:00,WIND,492301,1,HCM,1,62122,1011,110,8,100,13,1240,6,6,6,6,6,NA,NA,NA,NA,07/11/2024 13:03,0
07/11/2024 14:00,WIND,492301,1,HCM,1,62122,1011,100,7,120,13,1300,6,6,6,6,6,NA,NA,NA,NA,07/11/2024 14:03,0
07/11/2024 15:00,WIND,492301,1,HCM,1,62122,1011,100,7,70,11,1431,6,6,6,6,6,NA,NA,NA,NA,07/11/2024 15:03,0
07/11/2024 16:00,WIND,492301,1,HCM,1,62122,1011,100,7,80,12,1516,6,6,6,6,6,NA,NA,NA,NA,07/11/2024 16:03,0
07/11/2024 17:00,WIND,492301,1,HCM,1,62122,1011,90,6,90,11,1644,6,6,6,6,6,NA,NA,NA,NA,07/11/2024 17:03,0
07/11/2024 18:00,WIND,492301,1,HCM,1,62122,1011,90,6,100,12,1655,6,6,6,6,6,NA,NA,NA,NA,07/11/2024 18:03,0
07/11/2024 19:00,WIND,492301,1,HCM,1,62122,1011,100,5,70,11,1757,6,6,6,6,6,NA,NA,NA,NA,07/11/2024 19:03,0
07/11/2024 20:00,WIND,492301,1,HCM,1,62122,1011,110,6,90,12,1903,6,6,6,6,6,NA,NA,NA,NA,07/11/2024 20:03,0
07/11/2024 21:00,WIND,492301,1,HCM,1,62122,1011,90,4,110,10,1952,6,6,6,6,6,NA,NA,NA,NA,07/11/2024 21:03,0
07/11/2024 22:00,WIND,492301,1,HCM,1,62122,1011,80,5,70,10,2127,6,6,6,6,6,NA,NA,NA,NA,07/11/2024 22:03,0
07/11/2024 23:00,WIND,492301,1,HCM,1,62122,1011,60,5,70,8,2229,6,6,6,6,6,NA,NA,NA,NA,07/11/2024 23:03,0
08/11/2024 00:00,WIND,492301,1,HCM,1,62122,1011,70,6,70,10,2337,6,6,6,6,6,NA,NA,NA,NA,08/11/2024 00:03,0
08/11/2024 01:00,WIND,492301,1,HCM,1,62122,1011,70,6,60,9,9,6,6,6,6,6,NA,NA,NA,NA,08/11/2024 01:03,0
08/11/2024 02:00,WIND,492301,1,HCM,1,62122,1011,70,5,70,9,147,6,6,6,6,6,NA,NA,NA,NA,08/11/2024 02:03,0
08/11/2024 03:00,WIND,492301,1,HCM,1,62122,1011,70,6,70,11,245,6,6,6,6,6,NA,NA,NA,NA,08/11/2024 03:03,0
08/11/2024 04:00,WIND,492301,1,HCM,1,62122,1011,70,5,80,11,252,6,6,6,6,6,NA,NA,NA,NA,08/11/2024 04:03,0
08/11/2024 05:00,WIND,492301,1,HCM,1,62122,1011,70,7,70,11,425,6,6,6,6,6,NA,NA,NA,NA,08/11/2024 05:07,0
08/11/2024 06:00,WIND,492301,1,HCM,1,62122,1011,80,6,70,11,524,6,6,6,6,6,NA,NA,NA,NA,08/11/2024 06:03,0
08/11/2024 07:00,WIND,492301,1,HCM,1,62122,1011,80,6,70,11,611,6,6,6,6,6,NA,NA,NA,NA,08/11/2024 07:03,0
08/11/2024 08:00,WIND,492301,1,HCM,1,62122,1011,90,4,90,8,723,6,6,6,6,6,NA,NA,NA,NA,08/11/2024 08:03,0
08/11/2024 09:00,WIND,492301,1,HCM,1,62122,1011,70,5,80,11,845,6,6,6,6,6,NA,NA,NA,NA,08/11/2024 09:03,0
08/11/2024 10:00,WIND,492301,1,HCM,1,62122,1011,90,6,100,11,851,6,6,6,6,6,NA,NA,NA,NA,08/11/2024 10:03,0
08/11/2024 11:00,WIND,492301,1,HCM,1,62122,1011,60,6,50,10,1044,6,6,6,6,6,NA,NA,NA,NA,08/11/2024 11:03,0
08/11/2024 12:00,WIND,492301,1,HCM,1,62122,1011,70,6,90,10,1134,6,6,6,6,6,NA,NA,NA,NA,08/11/2024 12:03,0
08/11/2024 13:00,WIND,492301,1,HCM,1,62122,1011,70,7,80,11,1210,6,6,6,6,6,NA,NA,NA,NA,08/11/2024 13:03,0
08/11/2024 14:00,WIND,492301,1,HCM,1,62122,1011,60,6,70,9,1310,6,6,6,6,6,NA,NA,NA,NA,08/11/2024 14:03,0
08/11/2024 15:00,WIND,492301,1,HCM,1,62122,1011,60,6,40,11,1426,6,6,6,6,6,NA,NA,NA,NA,08/11/2024 15:03,0
08/11/2024 16:00,WIND,492301,1,HCM,1,62122,1011,60,5,80,10,1450,6,6,6,6,6,NA,NA,NA,NA,08/11/2024 16:03,0
08/11/2024 17:00,WIND,492301,1,HCM,1,62122,1011,60,4,50,8,1552,6,6,6,6,6,NA,NA,NA,NA,08/11/2024 17:03,0
08/11/2024 18:00,WIND,492301,1,HCM,1,62122,1011,60,3,30,5,1731,6,6,6,6,6,NA,NA,NA,NA,08/11/2024 18:03,0
08/11/2024 19:00,WIND,492301,1,HCM,1,62122,1011,50,3,50,4,1847,6,6,6,6,6,NA,NA,NA,NA,08/11/2024 19:03,0
08/11/2024 20:00,WIND,492301,1,HCM,1,62122,1011,80,2,60,4,1856,6,6,6,6,6,NA,NA,NA,NA,08/11/2024 20:03,0
08/11/2024 21:00,WIND,492301,1,HCM,1,62122,1011,100,3,100,6,2029,6,6,6,6,6,NA,NA,NA,NA,08/11/2024 21:03,0
08/11/2024 22:00,WIND,492301,1,HCM,1,62122,1011,100,2,100,4,2131,6,6,6,6,6,NA,NA,NA,NA,08/11/2024 22:03,0
08/11/2024 23:00,WIND,492301,1,HCM,1,62122,1011,80,2,80,6,2249,6,6,6,6,6,NA,NA,NA,NA,08/11/2024 23:03,0
09/11/2024 00:00,WIND,492301,1,HCM,1,62122,1011,90,3,70,7,2256,6,6,6,6,6,NA,NA,NA,NA,09/11/2024 00:03,0
09/11/2024 01:00,WIND,492301,1,HCM,1,62122,1011,80,2,60,5,35,6,6,6,6,6,NA,NA,NA,NA,09/11/2024 01:03,0
09/11/2024 02:00,WIND,492301,1,HCM,1,62122,1011,30,2,50,4,125,6,6,6,6,6,NA,NA,NA,NA,09/11/2024 02:03,0
09/11/2024 03:00,WIND,492301,1,HCM,1,62122,1011,40,3,50,5,249,6,6,6,6,6,NA,NA,NA,NA,09/11/2024 03:03,0
09/11/2024 04:00,WIND,492301,1,HCM,1,62122,1011,70,4,50,7,348,6,6,6,6,6,NA,NA,NA,NA,09/11/2024 04:03,0
09/11/2024 05:00,WIND,492301,1,HCM,1,62122,1011,70,2,50,6,350,6,6,6,6,6,NA,NA,NA,NA,09/11/2024 05:07,0
09/11/2024 06:00,WIND,492301,1,HCM,1,62122,1011,80,1,50,3,454,6,6,6,6,6,NA,NA,NA,NA,09/11/2024 06:03,0
09/11/2024 07:00,WIND,492301,1,HCM,1,62122,1011,60,2,40,6,634,6,6,6,6,6,NA,NA,NA,NA,09/11/2024 07:03,0
09/11/2024 08:00,WIND,492301,1,HCM,1,62122,1011,40,4,50,7,745,6,6,6,6,6,NA,NA,NA,NA,09/11/2024 08:03,0
09/11/2024 09:00,WIND,492301,1,HCM,1,62122,1011,60,3,60,7,827,6,6,6,6,6,NA,NA,NA,NA,09/11/2024 09:03,0
09/11/2024 10:00,WIND,492301,1,HCM,1,62122,1011,60,3,50,5,857,6,6,6,6,6,NA,NA,NA,NA,09/11/2024 10:03,0
09/11/2024 11:00,WIND,492301,1,HCM,1,62122,1011,30,2,50,5,956,6,6,6,6,6,NA,NA,NA,NA,09/11/2024 11:03,0
09/11/2024 12:00,WIND,492301,1,HCM,1,62122,1011,330,1,30,3,1052,6,6,6,6,6,NA,NA,NA,NA,09/11/2024 12:03,0
09/11/2024 13:00,WIND,492301,1,HCM,1,62122,1011,260,2,260,4,1245,6,6,6,6,6,NA,NA,NA,NA,09/11/2024 13:03,0
09/11/2024 14:00,WIND,492301,1,HCM,1,62122,1011,270,2,300,4,1327,6,6,6,6,6,NA,NA,NA,NA,09/11/2024 14:03,0
09/11/2024 15:00,WIND,492301,1,HCM,1,62122,1011,310,1,300,6,1443,6,6,6,6,6,NA,NA,NA,NA,09/11/2024 15:03,0
09/11/2024 16:00,WIND,492301,1,HCM,1,62122,1011,100,2,70,4,1514,6,6,6,6,6,NA,NA,NA,NA,09/11/2024 16:03,0
09/11/2024 17:00,WIND,492301,1,HCM,1,62122,1011,120,3,120,6,1647,6,6,6,6,6,NA,NA,NA,NA,09/11/2024 17:03,0
09/11/2024 18:00,WIND,492301,1,HCM,1,62122,1011,130,3,110,5,1702,6,6,6,6,6,NA,NA,NA,NA,09/11/2024 18:03,0
09/11/2024 19:00,WIND,492301,1,HCM,1,62122,1011,160,3,160,6,1847,6,6,6,6,6,NA,NA,NA,NA,09/11/2024 19:03,0
09/11/2024 20:00,WIND,492301,1,HCM,1,62122,1011,170,3,150,6,1854,6,6,6,6,6,NA,NA,NA,NA,09/11/2024 20:03,0
09/11/2024 21:00,WIND,492301,1,HCM,1,62122,1011,140,2,160,5,2001,6,6,6,6,6,NA,NA,NA,NA,09/11/2024 21:03,0
09/11/2024 22:00,WIND,492301,1,HCM,1,62122,1011,120,2,130,4,2122,6,6,6,6,6,NA,NA,NA,NA,09/11/2024 22:03,0
09/11/2024 23:00,WIND,492301,1,HCM,1,62122,1011,150,2,160,5,2225,6,6,6,6,6,NA,NA,NA,NA,09/11/2024 23:03,0
10/11/2024 00:00,WIND,492301,1,HCM,1,62122,1011,140,2,160,4,2323,6,6,6,6,6,NA,NA,NA,NA,10/11/2024 00:03,0
10/11/2024 01:00,WIND,492301,1,HCM,1,62122,1011,120,2,110,4,30,6,6,6,6,6,NA,NA,NA,NA,10/11/2024 01:03,0
10/11/2024 02:00,WIND,492301,1,HCM,1,62122,1011,130,2,100,4,50,6,6,6,6,6,NA,NA,NA,NA,10/11/2024 02:03,0
10/11/2024 03:00,WIND,492301,1,HCM,1,62122,1011,110,2,100,6,203,6,6,6,6,6,NA,NA,NA,NA,10/11/2024 03:03,0
10/11/2024 04:00,WIND,492301,1,HCM,1,62122,1011,110,2,120,4,345,6,6,6,6,6,NA,NA,NA,NA,10/11/2024 04:03,0
10/11/2024 05:00,WIND,492301,1,HCM,1,62122,1011,170,2,160,3,430,6,6,6,6,6,NA,NA,NA,NA,10/11/2024 05:03,0
10/11/2024 06:00,WIND,492301,1,HCM,1,62122,1011,190,1,200,3,502,6,6,6,6,6,NA,NA,NA,NA,10/11/2024 06:03,0
10/11/2024 07:00,WIND,492301,1,HCM,1,62122,1011,160,1,160,3,610,6,6,6,6,6,NA,NA,NA,NA,10/11/2024 07:03,0
10/11/2024 08:00,WIND,492301,1,HCM,1,62122,1011,140,2,130,4,742,6,6,6,6,6,NA,NA,NA,NA,10/11/2024 08:03,0
10/11/2024 09:00,WIND,492301,1,HCM,1,62122,1011,170,2,190,3,848,6,6,6,6,6,NA,NA,NA,NA,10/11/2024 09:03,0
10/11/2024 10:00,WIND,492301,1,HCM,1,62122,1011,190,2,140,4,948,6,6,6,6,6,NA,NA,NA,NA,10/11/2024 10:03,0
10/11/2024 11:00,WIND,492301,1,HCM,1,62122,1011,170,3,150,5,1018,6,6,6,6,6,NA,NA,NA,NA,10/11/2024 11:03,0
10/11/2024 12:00,WIND,492301,1,HCM,1,62122,1011,270,3,250,7,1055,6,6,6,6,6,NA,NA,NA,NA,10/11/2024 12:03,0
10/11/2024 13:00,WIND,492301,1,HCM,1,62122,1011,280,3,290,6,1211,6,6,6,6,6,NA,NA,NA,NA,10/11/2024 13:03,0
10/11/2024 14:00,WIND,492301,1,HCM,1,62122,1011,270,4,260,7,1326,6,6,6,6,6,NA,NA,NA,NA,10/11/2024 14:03,0
10/11/2024 15:00,WIND,492301,1,HCM,1,62122,1011,250,4,250,9,1439,6,6,6,6,6,NA,NA,NA,NA,10/11/2024 15:03,0
10/11/2024 16:00,WIND,492301,1,HCM,1,62122,1011,250,3,240,7,1451,6,6,6,6,6,NA,NA,NA,NA,10/11/2024 16:03,0
10/11/2024 17:00,WIND,492301,1,HCM,1,62122,1011,250,3,220,6,1551,6,6,6,6,6,NA,NA,NA,NA,10/11/2024 17:03,0
10/11/2024 18:00,WIND,492301,1,HCM,1,62122,1011,240,4,260,7,1652,6,6,6,6,6,NA,NA,NA,NA,10/11/2024 18:03,0
10/11/2024 19:00,WIND,492301,1,HCM,1,62122,1011,240,5,250,9,1831,6,6,6,6,6,NA,NA,NA,NA,10/11/2024 19:03,0
10/11/2024 20:00,WIND,492301,1,HCM,1,62122,1011,240,5,230,9,1938,6,6,6,6,6,NA,NA,NA,NA,10/11/2024 20:03,0
10/11/2024 21:00,WIND,492301,1,HCM,1,62122,1011,240,4,230,8,2031,6,6,6,6,6,NA,NA,NA,NA,10/11/2024 21:03,0
10/11/2024 22:00,WIND,492301,1,HCM,1,62122,1011,240,4,240,8,2053,6,6,6,6,6,NA,NA,NA,NA,10/11/2024 22:03,0
10/11/2024 23:00,WIND,492301,1,HCM,1,62122,1011,240,5,240,8,2241,6,6,6,6,6,NA,NA,NA,NA,10/11/2024 23:03,0
11/11/2024 00:00,WIND,492301,1,HCM,1,62122,1011,250,4,240,9,2303,6,6,6,6,6,NA,NA,NA,NA,11/11/2024 00:03,0
11/11/2024 01:00,WIND,492301,1,HCM,1,62122,1011,270,4,260,7,2350,6,6,6,6,6,NA,NA,NA,NA,11/11/2024 01:03,0
11/11/2024 02:00,WIND,492301,1,HCM,1,62122,1011,260,4,250,7,105,6,6,6,6,6,NA,NA,NA,NA,11/11/2024 02:03,0
11/11/2024 03:00,WIND,492301,1,HCM,1,62122,1011,310,5,30,12,240,6,6,6,6,6,NA,NA,NA,NA,11/11/2024 03:03,0
11/11/2024 04:00,WIND,492301,1,HCM,1,62122,1011,50,7,40,16,317,6,6,6,6,6,NA,NA,NA,NA,11/11/2024 04:03,0
11/11/2024 05:00,WIND,492301,1,HCM,1,62122,1011,40,4,30,9,354,6,6,6,6,6,NA,NA,NA,NA,11/11/2024 05:03,0
11/11/2024 06:00,WIND,492301,1,HCM,1,62122,1011,20,3,10,5,546,6,6,6,6,6,NA,NA,NA,NA,11/11/2024 06:03,0
11/11/2024 07:00,WIND,492301,1,HCM,1,62122,1011,10,4,10,11,641,6,6,6,6,6,NA,NA,NA,NA,11/11/2024 07:03,0
11/11/2024 08:00,WIND,492301,1,HCM,1,62122,1011,10,5,20,9,701,6,6,6,6,6,NA,NA,NA,NA,11/11/2024 08:03,0
11/11/2024 09:00,WIND,492301,1,HCM,1,62122,1011,360,4,350,9,831,6,6,6,6,6,NA,NA,NA,NA,11/11/2024 09:03,0
11/11/2024 10:00,WIND,492301,1,HCM,1,62122,1011,340,4,340,7,945,6,6,6,6,6,NA,NA,NA,NA,11/11/2024 10:03,0
11/11/2024 11:00,WIND,492301,1,HCM,1,62122,1011,350,5,350,9,1040,6,6,6,6,6,NA,NA,NA,NA,11/11/2024 11:03,0
11/11/2024 12:00,WIND,492301,1,HCM,1,62122,1011,360,6,330,10,1140,6,6,6,6,6,NA,NA,NA,NA,11/11/2024 12:03,0
11/11/2024 13:00,WIND,492301,1,HCM,1,62122,1011,360,6,20,11,1230,6,6,6,6,6,NA,NA,NA,NA,11/11/2024 13:03,0
11/11/2024 14:00,WIND,492301,1,HCM,1,62122,1011,350,5,310,10,1307,6,6,6,6,6,NA,NA,NA,NA,11/11/2024 14:03,0
11/11/2024 15:00,WIND,492301,1,HCM,1,62122,1011,340,5,320,10,1442,6,6,6,6,6,NA,NA,NA,NA,11/11/2024 15:03,0
11/11/2024 16:00,WIND,492301,1,HCM,1,62122,1011,330,5,350,10,1509,6,6,6,6,6,NA,NA,NA,NA,11/11/2024 16:03,0
11/11/2024 17:00,WIND,492301,1,HCM,1,62122,1011,330,4,350,7,1624,6,6,6,6,6,NA,NA,NA,NA,11/11/2024 17:03,0
11/11/2024 18:00,WIND,492301,1,HCM,1,62122,1011,10,2,360,5,1654,6,6,6,6,6,NA,NA,NA,NA,11/11/2024 18:03,0
11/11/2024 19:00,WIND,492301,1,HCM,1,62122,1011,30,2,20,5,1800,6,6,6,6,6,NA,NA,NA,NA,11/11/2024 19:03,0
11/11/2024 20:00,WIND,492301,1,HCM,1,62122,1011,30,1,40,5,1854,6,6,6,6,6,NA,NA,NA,NA,11/11/2024 20:03,0
11/11/2024 21:00,WIND,492301,1,HCM,1,62122,1011,350,2,340,5,2049,6,6,6,6,6,NA,NA,NA,NA,11/11/2024 21:03,0
11/11/2024 22:00,WIND,492301,1,HCM,1,62122,1011,350,4,340,8,2107,6,6,6,6,6,NA,NA,NA,NA,11/11/2024 22:03,0
11/11/2024 23:00,WIND,492301,1,HCM,1,62122,1011,360,4,350,7,2153,6,6,6,6,6,NA,NA,NA,NA,11/11/2024 23:03,0
12/11/2024 00:00,WIND,492301,1,HCM,1,62122,1011,360,5,330,8,2349,6,6,6,6,6,NA,NA,NA,NA,12/11/2024 00:03,0
12/11/2024 01:00,WIND,492301,1,HCM,1,62122,1011,360,4,350,7,34,6,6,6,6,6,NA,NA,NA,NA,12/11/2024 01:03,0
12/11/2024 02:00,WIND,492301,1,HCM,1,62122,1011,10,4,360,7,131,6,6,6,6,6,NA,NA,NA,NA,12/11/2024 02:03,0
12/11/2024 03:00,WIND,492301,1,HCM,1,62122,1011,10,4,10,7,150,6,6,6,6,6,NA,NA,NA,NA,12/11/2024 03:03,0
12/11/2024 04:00,WIND,492301,1,HCM,1,62122,1011,10,2,10,4,304,6,6,6,6,6,NA,NA,NA,NA,12/11/2024 04:03,0
12/11/2024 05:00,WIND,492301,1,HCM,1,62122,1011,350,3,340,8,424,6,6,6,6,6,NA,NA,NA,NA,12/11/2024 05:03,0
12/11/2024 06:00,WIND,492301,1,HCM,1,62122,1011,330,2,330,4,540,6,6,6,6,6,NA,NA,NA,NA,12/11/2024 06:03,0
12/11/2024 07:00,WIND,492301,1,HCM,1,62122,1011,350,2,30,4,628,6,6,6,6,6,NA,NA,NA,NA,12/11/2024 07:03,0
12/11/2024 08:00,WIND,492301,1,HCM,1,62122,1011,360,3,360,8,711,6,6,6,6,6,NA,NA,NA,NA,12/11/2024 08:03,0
12/11/2024 09:00,WIND,492301,1,HCM,1,62122,1011,20,3,10,6,830,6,6,6,6,6,NA,NA,NA,NA,12/11/2024 09:03,0
12/11/2024 10:00,WIND,492301,1,HCM,1,62122,1011,360,6,360,12,943,6,6,6,6,6,NA,NA,NA,NA,12/11/2024 10:03,0
12/11/2024 11:00,WIND,492301,1,HCM,1,62122,1011,10,8,350,15,1046,6,6,6,6,6,NA,NA,NA,NA,12/11/2024 11:03,0
12/11/2024 12:00,WIND,492301,1,HCM,1,62122,1011,10,10,20,17,1132,6,6,6,6,6,NA,NA,NA,NA,12/11/2024 12:03,0
12/11/2024 13:00,WIND,492301,1,HCM,1,62122,1011,20,10,20,17,1158,6,6,6,6,6,NA,NA,NA,NA,12/11/2024 13:03,0
12/11/2024 14:00,WIND,492301,1,HCM,1,62122,1011,20,10,30,17,1302,6,6,6,6,6,NA,NA,NA,NA,12/11/2024 14:03,0
12/11/2024 15:00,WIND,492301,1,HCM,1,62122,1011,10,10,20,19,1412,6,6,6,6,6,NA,NA,NA,NA,12/11/2024 15:03,0
12/11/2024 16:00,WIND,492301,1,HCM,1,62122,1011,10,10,30,17,1543,6,6,6,6,6,NA,NA,NA,NA,12/11/2024 16:03,0
12/11/2024 17:00,WIND,492301,1,HCM,1,62122,1011,10,9,10,16,1608,6,6,6,6,6,NA,NA,NA,NA,12/11/2024 17:07,0
12/11/2024 18:00,WIND,492301,1,HCM,1,62122,1011,10,8,360,14,1655,6,6,6,6,6,NA,NA,NA,NA,12/11/2024 18:03,0
12/11/2024 19:00,WIND,492301,1,HCM,1,62122,1011,20,7,30,12,1816,6,6,6,6,6,NA,NA,NA,NA,12/11/2024 19:03,0
12/11/2024 20:00,WIND,492301,1,HCM,1,62122,1011,20,7,30,14,1939,6,6,6,6,6,NA,NA,NA,NA,12/11/2024 20:03,0
12/11/2024 21:00,WIND,492301,1,HCM,1,62122,1011,20,7,40,14,1956,6,6,6,6,6,NA,NA,NA,NA,12/11/2024 21:03,0
12/11/2024 22:00,WIND,492301,1,HCM,1,62122,1011,20,7,20,13,2059,6,6,6,6,6,NA,NA,NA,NA,12/11/2024 22:03,0
12/11/2024 23:00,WIND,492301,1,HCM,1,62122,1011,10,8,10,14,2241,6,6,6,6,6,NA,NA,NA,NA,12/11/2024 23:03,0
13/11/2024 00:00,WIND,492301,1,HCM,1,62122,1011,10,8,10,15,2256,6,6,6,6,6,NA,NA,NA,NA,13/11/2024 00:03,0
13/11/2024 01:00,WIND,492301,1,HCM,1,62122,1011,20,6,350,12,2354,6,6,6,6,6,NA,NA,NA,NA,13/11/2024 01:03,0
13/11/2024 02:00,WIND,492301,1,HCM,1,62122,1011,30,6,20,12,146,6,6,6,6,6,NA,NA,NA,NA,13/11/2024 02:03,0
13/11/2024 03:00,WIND,492301,1,HCM,1,62122,1011,20,6,360,12,241,6,6,6,6,6,NA,NA,NA,NA,13/11/2024 03:03,0
13/11/2024 04:00,WIND,492301,1,HCM,1,62122,1011,360,8,350,13,344,6,6,6,6,6,NA,NA,NA,NA,13/11/2024 04:03,0
13/11/2024 05:00,WIND,492301,1,HCM,1,62122,1011,10,7,10,13,402,6,6,6,6,6,NA,NA,NA,NA,13/11/2024 05:03,0
13/11/2024 06:00,WIND,492301,1,HCM,1,62122,1011,10,8,10,14,518,6,6,6,6,6,NA,NA,NA,NA,13/11/2024 06:03,0
13/11/2024 07:00,WIND,492301,1,HCM,1,62122,1011,10,8,10,13,556,6,6,6,6,6,NA,NA,NA,NA,13/11/2024 07:03,0
13/11/2024 08:00,WIND,492301,1,HCM,1,62122,1011,20,5,20,10,731,6,6,6,6,6,NA,NA,NA,NA,13/11/2024 08:03,0
13/11/2024 09:00,WIND,492301,1,HCM,1,62122,1011,30,3,10,8,849,6,6,6,6,6,NA,NA,NA,NA,13/11/2024 09:03,0
13/11/2024 10:00,WIND,492301,1,HCM,1,62122,1011,30,5,20,8,905,6,6,6,6,6,NA,NA,NA,NA,13/11/2024 10:03,0
13/11/2024 11:00,WIND,492301,1,HCM,1,62122,1011,20,5,350,10,1049,6,6,6,6,6,NA,NA,NA,NA,13/11/2024 11:03,0
13/11/2024 12:00,WIND,492301,1,HCM,1,62122,1011,360,5,10,9,1137,6,6,6,6,6,NA,NA,NA,NA,13/11/2024 12:03,0
13/11/2024 13:00,WIND,492301,1,HCM,1,62122,1011,360,5,350,10,1152,6,6,6,6,6,NA,NA,NA,NA,13/11/2024 13:03,0
13/11/2024 14:00,WIND,492301,1,HCM,1,62122,1011,340,4,330,7,1301,6,6,6,6,6,NA,NA,NA,NA,13/11/2024 14:03,0
13/11/2024 15:00,WIND,492301,1,HCM,1,62122,1011,340,4,330,6,1422,6,6,6,6,6,NA,NA,NA,NA,13/11/2024 15:03,0
13/11/2024 16:00,WIND,492301,1,HCM,1,62122,1011,350,4,20,7,1528,6,6,6,6,6,NA,NA,NA,NA,13/11/2024 16:03,0
13/11/2024 17:00,WIND,492301,1,HCM,1,62122,1011,350,3,360,6,1610,6,6,6,6,6,NA,NA,NA,NA,13/11/2024 17:03,0
13/11/2024 18:00,WIND,492301,1,HCM,1,62122,1011,350,2,350,4,1708,6,6,6,6,6,NA,NA,NA,NA,13/11/2024 18:03,0
13/11/2024 19:00,WIND,492301,1,HCM,1,62122,1011,300,2,320,4,1819,6,6,6,6,6,NA,NA,NA,NA,13/11/2024 19:03,0
13/11/2024 20:00,WIND,492301,1,HCM,1,62122,1011,270,2,260,3,1948,6,6,6,6,6,NA,NA,NA,NA,13/11/2024 20:03,0
13/11/2024 21:00,WIND,492301,1,HCM,1,62122,1011,270,3,290,4,2033,6,6,6,6,6,NA,NA,NA,NA,13/11/2024 21:03,0
13/11/2024 22:00,WIND,492301,1,HCM,1,62122,1011,310,2,330,5,2104,6,6,6,6,6,NA,NA,NA,NA,13/11/2024 22:03,0
13/11/2024 23:00,WIND,492301,1,HCM,1,62122,1011,320,2,340,8,2248,6,6,6,6,6,NA,NA,NA,NA,13/11/2024 23:03,0
14/11/2024 00:00,WIND,492301,1,HCM,1,62122,1011,310,3,350,5,2324,6,6,6,6,6,NA,NA,NA,NA,14/11/2024 00:03,0
14/11/2024 01:00,WIND,492301,1,HCM,1,62122,1011,270,3,280,7,46,6,6,6,6,6,NA,NA,NA,NA,14/11/2024 01:03,0
14/11/2024 02:00,WIND,492301,1,HCM,1,62122,1011,270,4,300,7,110,6,6,6,6,6,NA,NA,NA,NA,14/11/2024 02:03,0
14/11/2024 03:00,WIND,492301,1,HCM,1,62122,1011,270,5,270,7,247,6,6,6,6,6,NA,NA,NA,NA,14/11/2024 03:03,0
14/11/2024 04:00,WIND,492301,1,HCM,1,62122,1011,270,4,270,7,300,6,6,6,6,6,NA,NA,NA,NA,14/11/2024 04:03,0
14/11/2024 05:00,WIND,492301,1,HCM,1,62122,1011,270,3,270,5,404,6,6,6,6,6,NA,NA,NA,NA,14/11/2024 05:03,0
14/11/2024 06:00,WIND,492301,1,HCM,1,62122,1011,280,1,270,4,539,6,6,6,6,6,NA,NA,NA,NA,14/11/2024 06:03,0
14/11/2024 07:00,WIND,492301,1,HCM,1,62122,1011,290,3,290,4,618,6,6,6,6,6,NA,NA,NA,NA,14/11/2024 07:03,0
14/11/2024 08:00,WIND,492301,1,HCM,1,62122,1011,360,2,360,6,721,6,6,6,6,6,NA,NA,NA,NA,14/11/2024 08:03,0
14/11/2024 09:00,WIND,492301,1,HCM,1,62122,1011,20,3,10,8,849,6,6,6,6,6,NA,NA,NA,NA,14/11/2024 09:03,0
14/11/2024 10:00,WIND,492301,1,HCM,1,62122,1011,30,5,40,10,941,6,6,6,6,6,NA,NA,NA,NA,14/11/2024 10:07,0
14/11/2024 11:00,WIND,492301,1,HCM,1,62122,1011,40,5,20,9,1004,6,6,6,6,6,NA,NA,NA,NA,14/11/2024 11:03,0
14/11/2024 12:00,WIND,492301,1,HCM,1,62122,1011,50,5,50,10,1136,6,6,6,6,6,NA,NA,NA,NA,14/11/2024 12:03,0
14/11/2024 13:00,WIND,492301,1,HCM,1,62122,1011,50,5,80,9,1150,6,6,6,6,6,NA,NA,NA,NA,14/11/2024 13:03,0
14/11/2024 14:00,WIND,492301,1,HCM,1,62122,1011,20,4,360,8,1252,6,6,6,6,6,NA,NA,NA,NA,14/11/2024 14:03,0
14/11/2024 15:00,WIND,492301,1,HCM,1,62122,1011,30,5,40,10,1407,6,6,6,6,6,NA,NA,NA,NA,14/11/2024 15:03,0
14/11/2024 16:00,WIND,492301,1,HCM,1,62122,1011,30,5,40,10,1508,6,6,6,6,6,NA,NA,NA,NA,14/11/2024 16:07,0
14/11/2024 17:00,WIND,492301,1,HCM,1,62122,1011,30,4,20,8,1603,6,6,6,6,6,NA,NA,NA,NA,14/11/2024 17:03,0
14/11/2024 18:00,WIND,492301,1,HCM,1,62122,1011,40,4,50,7,1739,6,6,6,6,6,NA,NA,NA,NA,14/11/2024 18:03,0
14/11/2024 19:00,WIND,492301,1,HCM,1,62122,1011,60,3,30,5,1750,6,6,6,6,6,NA,NA,NA,NA,14/11/2024 19:03,0
14/11/2024 20:00,WIND,492301,1,HCM,1,62122,1011,100,2,80,4,1856,6,6,6,6,6,NA,NA,NA,NA,14/11/2024 20:03,0
14/11/2024 21:00,WIND,492301,1,HCM,1,62122,1011,90,2,80,4,2008,6,6,6,6,6,NA,NA,NA,NA,14/11/2024 21:03,0
14/11/2024 22:00,WIND,492301,1,HCM,1,62122,1011,110,2,90,4,2117,6,6,6,6,6,NA,NA,NA,NA,14/11/2024 22:03,0
14/11/2024 23:00,WIND,492301,1,HCM,1,62122,1011,80,2,80,4,2204,6,6,6,6,6,NA,NA,NA,NA,14/11/2024 23:03,0
15/11/2024 00:00,WIND,492301,1,HCM,1,62122,1011,90,2,70,4,2257,6,6,6,6,6,NA,NA,NA,NA,15/11/2024 00:03,0
15/11/2024 01:00,WIND,492301,1,HCM,1,62122,1011,100,1,100,2,45,6,6,6,6,6,NA,NA,NA,NA,15/11/2024 01:03,0
15/11/2024 02:00,WIND,492301,1,HCM,1,62122,1011,180,1,190,2,102,6,6,6,6,6,NA,NA,NA,NA,15/11/2024 02:03,0
15/11/2024 03:00,WIND,492301,1,HCM,1,62122,1011,180,1,70,2,242,6,6,6,6,6,NA,NA,NA,NA,15/11/2024 03:03,0
15/11/2024 04:00,WIND,492301,1,HCM,1,62122,1011,0,0,70,2,349,6,6,6,6,6,NA,NA,NA,NA,15/11/2024 04:03,0
15/11/2024 05:00,WIND,492301,1,HCM,1,62122,1011,90,1,110,3,445,6,6,6,6,6,NA,NA,NA,NA,15/11/2024 05:03,0
15/11/2024 06:00,WIND,492301,1,HCM,1,62122,1011,110,1,90,3,502,6,6,6,6,6,NA,NA,NA,NA,15/11/2024 06:03,0
15/11/2024 07:00,WIND,492301,1,HCM,1,62122,1011,150,1,190,3,639,6,6,6,6,6,NA,NA,NA,NA,15/11/2024 07:03,0
15/11/2024 08:00,WIND,492301,1,HCM,1,62122,1011,180,1,170,3,719,6,6,6,6,6,NA,NA,NA,NA,15/11/2024 08:03,0
15/11/2024 09:00,WIND,492301,1,HCM,1,62122,1011,160,2,170,3,846,6,6,6,6,6,NA,NA,NA,NA,15/11/2024 09:03,0
15/11/2024 10:00,WIND,492301,1,HCM,1,62122,1011,160,2,170,4,853,6,6,6,6,6,NA,NA,NA,NA,15/11/2024 10:03,0
15/11/2024 11:00,WIND,492301,1,HCM,1,62122,1011,150,3,150,5,1023,6,6,6,6,6,NA,NA,NA,NA,15/11/2024 11:03,0
15/11/2024 12:00,WIND,492301,1,HCM,1,62122,1011,170,3,150,6,1149,6,6,6,6,6,NA,NA,NA,NA,15/11/2024 12:03,0
15/11/2024 13:00,WIND,492301,1,HCM,1,62122,1011,200,3,200,7,1154,6,6,6,6,6,NA,NA,NA,NA,15/11/2024 13:03,0
15/11/2024 14:00,WIND,492301,1,HCM,1,62122,1011,230,3,270,5,1348,6,6,6,6,6,NA,NA,NA,NA,15/11/2024 14:03,0
15/11/2024 15:00,WIND,492301,1,HCM,1,62122,1011,260,4,300,8,1434,6,6,6,6,6,NA,NA,NA,NA,15/11/2024 15:03,0
15/11/2024 16:00,WIND,492301,1,HCM,1,62122,1011,260,4,250,6,1522,6,6,6,6,6,NA,NA,NA,NA,15/11/2024 16:03,0
15/11/2024 17:00,WIND,492301,1,HCM,1,62122,1011,240,3,230,6,1636,6,6,6,6,6,NA,NA,NA,NA,15/11/2024 17:03,0
15/11/2024 18:00,WIND,492301,1,HCM,1,62122,1011,190,3,190,5,1718,6,6,6,6,6,NA,NA,NA,NA,15/11/2024 18:03,0
15/11/2024 19:00,WIND,492301,1,HCM,1,62122,1011,170,2,170,3,1840,6,6,6,6,6,NA,NA,NA,NA,15/11/2024 19:03,0
15/11/2024 20:00,WIND,492301,1,HCM,1,62122,1011,190,2,170,5,1901,6,6,6,6,6,NA,NA,NA,NA,15/11/2024 20:03,0
15/11/2024 21:00,WIND,492301,1,HCM,1,62122,1011,230,2,230,4,2041,6,6,6,6,6,NA,NA,NA,NA,15/11/2024 21:03,0
15/11/2024 22:00,WIND,492301,1,HCM,1,62122,1011,190,2,250,4,2059,6,6,6,6,6,NA,NA,NA,NA,15/11/2024 22:03,0
15/11/2024 23:00,WIND,492301,1,HCM,1,62122,1011,160,1,200,3,2239,6,6,6,6,6,NA,NA,NA,NA,15/11/2024 23:03,0
16/11/2024 00:00,WIND,492301,1,HCM,1,62122,1011,160,1,160,3,2346,6,6,6,6,6,NA,NA,NA,NA,16/11/2024 00:03,0
16/11/2024 01:00,WIND,492301,1,HCM,1,62122,1011,190,1,180,3,2358,6,6,6,6,6,NA,NA,NA,NA,16/11/2024 01:03,0
16/11/2024 02:00,WIND,492301,1,HCM,1,62122,1011,190,2,190,5,108,6,6,6,6,6,NA,NA,NA,NA,16/11/2024 02:03,0
16/11/2024 03:00,WIND,492301,1,HCM,1,62122,1011,190,4,180,6,227,6,6,6,6,6,NA,NA,NA,NA,16/11/2024 03:03,0
16/11/2024 04:00,WIND,492301,1,HCM,1,62122,1011,200,2,190,5,258,6,6,6,6,6,NA,NA,NA,NA,16/11/2024 04:03,0
16/11/2024 05:00,WIND,492301,1,HCM,1,62122,1011,180,2,160,3,436,6,6,6,6,6,NA,NA,NA,NA,16/11/2024 05:03,0
16/11/2024 06:00,WIND,492301,1,HCM,1,62122,1011,170,2,220,4,535,6,6,6,6,6,NA,NA,NA,NA,16/11/2024 06:03,0
16/11/2024 07:00,WIND,492301,1,HCM,1,62122,1011,190,2,190,4,635,6,6,6,6,6,NA,NA,NA,NA,16/11/2024 07:03,0
16/11/2024 08:00,WIND,492301,1,HCM,1,62122,1011,180,2,180,6,700,6,6,6,6,6,NA,NA,NA,NA,16/11/2024 08:03,0
16/11/2024 09:00,WIND,492301,1,HCM,1,62122,1011,180,2,170,4,825,6,6,6,6,6,NA,NA,NA,NA,16/11/2024 09:03,0
16/11/2024 10:00,WIND,492301,1,HCM,1,62122,1011,190,3,210,6,946,6,6,6,6,6,NA,NA,NA,NA,16/11/2024 10:03,0
16/11/2024 11:00,WIND,492301,1,HCM,1,62122,1011,230,5,230,10,1036,6,6,6,6,6,NA,NA,NA,NA,16/11/2024 11:03,0
16/11/2024 12:00,WIND,492301,1,HCM,1,62122,1011,230,6,230,11,1056,6,6,6,6,6,NA,NA,NA,NA,16/11/2024 12:03,0
16/11/2024 13:00,WIND,492301,1,HCM,1,62122,1011,240,8,250,13,1221,6,6,6,6,6,NA,NA,NA,NA,16/11/2024 13:03,0
16/11/2024 14:00,WIND,492301,1,HCM,1,62122,1011,240,8,240,15,1315,6,6,6,6,6,NA,NA,NA,NA,16/11/2024 14:03,0
16/11/2024 15:00,WIND,492301,1,HCM,1,62122,1011,230,8,230,15,1352,6,6,6,6,6,NA,NA,NA,NA,16/11/2024 15:03,0
16/11/2024 16:00,WIND,492301,1,HCM,1,62122,1011,230,6,210,11,1515,6,6,6,6,6,NA,NA,NA,NA,16/11/2024 16:03,0
16/11/2024 17:00,WIND,492301,1,HCM,1,62122,1011,240,7,250,15,1625,6,6,6,6,6,NA,NA,NA,NA,16/11/2024 17:02,0
16/11/2024 18:00,WIND,492301,1,HCM,1,62122,1011,240,6,230,12,1653,6,6,6,6,6,NA,NA,NA,NA,16/11/2024 18:03,0
16/11/2024 19:00,WIND,492301,1,HCM,1,62122,1011,250,7,300,13,1849,6,6,6,6,6,NA,NA,NA,NA,16/11/2024 19:03,0
16/11/2024 20:00,WIND,492301,1,HCM,1,62122,1011,300,6,300,13,1901,6,6,6,6,6,NA,NA,NA,NA,16/11/2024 20:03,0
16/11/2024 21:00,WIND,492301,1,HCM,1,62122,1011,320,6,330,11,2049,6,6,6,6,6,NA,NA,NA,NA,16/11/2024 21:03,0
16/11/2024 22:00,WIND,492301,1,HCM,1,62122,1011,300,5,300,11,2052,6,6,6,6,6,NA,NA,NA,NA,16/11/2024 22:03,0
16/11/2024 23:00,WIND,492301,1,HCM,1,62122,1011,260,4,270,9,2210,6,6,6,6,6,NA,NA,NA,NA,16/11/2024 23:03,0
17/11/2024 00:00,WIND,492301,1,HCM,1,62122,1011,250,3,250,6,2310,6,6,6,6,6,NA,NA,NA,NA,17/11/2024 00:03,0
17/11/2024 01:00,WIND,492301,1,HCM,1,62122,1011,260,5,250,10,43,6,6,6,6,6,NA,NA,NA,NA,17/11/2024 01:03,0
17/11/2024 02:00,WIND,492301,1,HCM,1,62122,1011,260,6,240,10,132,6,6,6,6,6,NA,NA,NA,NA,17/11/2024 02:03,0
17/11/2024 03:00,WIND,492301,1,HCM,1,62122,1011,260,6,260,11,201,6,6,6,6,6,NA,NA,NA,NA,17/11/2024 03:03,0
17/11/2024 04:00,WIND,492301,1,HCM,1,62122,1011,250,5,270,9,257,6,6,6,6,6,NA,NA,NA,NA,17/11/2024 04:03,0
17/11/2024 05:00,WIND,492301,1,HCM,1,62122,1011,260,7,280,13,433,6,6,6,6,6,NA,NA,NA,NA,17/11/2024 05:03,0
17/11/2024 06:00,WIND,492301,1,HCM,1,62122,1011,250,5,260,9,512,6,6,6,6,6,NA,NA,NA,NA,17/11/2024 06:03,0
17/11/2024 07:00,WIND,492301,1,HCM,1,62122,1011,250,6,260,12,643,6,6,6,6,6,NA,NA,NA,NA,17/11/2024 07:03,0
17/11/2024 08:00,WIND,492301,1,HCM,1,62122,1011,250,8,250,14,659,6,6,6,6,6,NA,NA,NA,NA,17/11/2024 08:03,0
17/11/2024 09:00,WIND,492301,1,HCM,1,62122,1011,250,8,270,14,843,6,6,6,6,6,NA,NA,NA,NA,17/11/2024 09:03,0
17/11/2024 10:00,WIND,492301,1,HCM,1,62122,1011,250,7,240,13,917,6,6,6,6,6,NA,NA,NA,NA,17/11/2024 10:03,0
17/11/2024 11:00,WIND,492301,1,HCM,1,62122,1011,250,8,260,13,1024,6,6,6,6,6,NA,NA,NA,NA,17/11/2024 11:03,0
17/11/2024 12:00,WIND,492301,1,HCM,1,62122,1011,250,9,250,18,1137,6,6,6,6,6,NA,NA,NA,NA,17/11/2024 12:03,0
17/11/2024 13:00,WIND,492301,1,HCM,1,62122,1011,240,8,230,16,1159,6,6,6,6,6,NA,NA,NA,NA,17/11/2024 13:03,0
17/11/2024 14:00,WIND,492301,1,HCM,1,62122,1011,240,10,240,19,1310,6,6,6,6,6,NA,NA,NA,NA,17/11/2024 14:03,0
17/11/2024 15:00,WIND,492301,1,HCM,1,62122,1011,240,8,260,15,1429,6,6,6,6,6,NA,NA,NA,NA,17/11/2024 15:03,0
17/11/2024 16:00,WIND,492301,1,HCM,1,62122,1011,240,10,250,23,1534,6,6,6,6,6,NA,NA,NA,NA,17/11/2024 16:03,0
17/11/2024 17:00,WIND,492301,1,HCM,1,62122,1011,250,10,240,18,1550,6,6,6,6,6,NA,NA,NA,NA,17/11/2024 17:03,0
17/11/2024 18:00,WIND,492301,1,HCM,1,62122,1011,250,11,260,20,1736,6,6,6,6,6,NA,NA,NA,NA,17/11/2024 18:03,0
17/11/2024 19:00,WIND,492301,1,HCM,1,62122,1011,250,11,250,20,1842,6,6,6,6,6,NA,NA,NA,NA,17/11/2024 19:03,0
17/11/2024 20:00,WIND,492301,1,HCM,1,62122,1011,250,8,260,14,1855,6,6,6,6,6,NA,NA,NA,NA,17/11/2024 20:03,0
17/11/2024 21:00,WIND,492301,1,HCM,1,62122,1011,250,5,250,11,1953,6,6,6,6,6,NA,NA,NA,NA,17/11/2024 21:03,0
17/11/2024 22:00,WIND,492301,1,HCM,1,62122,1011,250,4,260,7,2105,6,6,6,6,6,NA,NA,NA,NA,17/11/2024 22:03,0
17/11/2024 23:00,WIND,492301,1,HCM,1,62122,1011,260,3,280,7,2212,6,6,6,6,6,NA,NA,NA,NA,17/11/2024 23:03,0
18/11/2024 00:00,WIND,492301,1,HCM,1,62122,1011,330,3,300,8,2252,6,6,6,6,6,NA,NA,NA,NA,18/11/2024 00:03,0
18/11/2024 01:00,WIND,492301,1,HCM,1,62122,1011,30,3,40,6,44,6,6,6,6,6,NA,NA,NA,NA,18/11/2024 01:03,0
18/11/2024 02:00,WIND,492301,1,HCM,1,62122,1011,60,2,40,5,51,6,6,6,6,6,NA,NA,NA,NA,18/11/2024 02:03,0
18/11/2024 03:00,WIND,492301,1,HCM,1,62122,1011,70,2,90,3,150,6,6,6,6,6,NA,NA,NA,NA,18/11/2024 03:03,0
18/11/2024 04:00,WIND,492301,1,HCM,1,62122,1011,20,3,40,9,348,6,6,6,6,6,NA,NA,NA,NA,18/11/2024 04:03,0
18/11/2024 05:00,WIND,492301,1,HCM,1,62122,1011,60,3,30,6,351,6,6,6,6,6,NA,NA,NA,NA,18/11/2024 05:07,0
18/11/2024 06:00,WIND,492301,1,HCM,1,62122,1011,180,1,190,3,517,6,6,6,6,6,NA,NA,NA,NA,18/11/2024 06:03,0
18/11/2024 07:00,WIND,492301,1,HCM,1,62122,1011,180,1,200,2,627,6,6,6,6,6,NA,NA,NA,NA,18/11/2024 07:03,0
18/11/2024 08:00,WIND,492301,1,HCM,1,62122,1011,180,1,170,3,729,6,6,6,6,6,NA,NA,NA,NA,18/11/2024 08:03,0
18/11/2024 09:00,WIND,492301,1,HCM,1,62122,1011,220,1,290,3,847,6,6,6,6,6,NA,NA,NA,NA,18/11/2024 09:03,0
18/11/2024 10:00,WIND,492301,1,HCM,1,62122,1011,310,2,330,3,940,6,6,6,6,6,NA,NA,NA,NA,18/11/2024 10:03,0
18/11/2024 11:00,WIND,492301,1,HCM,1,62122,1011,20,3,30,5,1025,6,6,6,6,6,NA,NA,NA,NA,18/11/2024 11:03,0
18/11/2024 12:00,WIND,492301,1,HCM,1,62122,1011,110,3,110,5,1140,6,6,6,6,6,NA,NA,NA,NA,18/11/2024 12:03,0
18/11/2024 13:00,WIND,492301,1,HCM,1,62122,1011,120,3,100,6,1230,6,6,6,6,6,NA,NA,NA,NA,18/11/2024 13:03,0
18/11/2024 14:00,WIND,492301,1,HCM,1,62122,1011,120,5,130,10,1333,6,6,6,6,6,NA,NA,NA,NA,18/11/2024 14:03,0
18/11/2024 15:00,WIND,492301,1,HCM,1,62122,1011,110,6,110,10,1410,6,6,6,6,6,NA,NA,NA,NA,18/11/2024 15:03,0
18/11/2024 16:00,WIND,492301,1,HCM,1,62122,1011,110,6,100,9,1506,6,6,6,6,6,NA,NA,NA,NA,18/11/2024 16:03,0
18/11/2024 17:00,WIND,492301,1,HCM,1,62122,1011,110,6,100,12,1636,6,6,6,6,6,NA,NA,NA,NA,18/11/2024 17:03,0
18/11/2024 18:00,WIND,492301,1,HCM,1,62122,1011,120,6,120,10,1659,6,6,6,6,6,NA,NA,NA,NA,18/11/2024 18:03,0
18/11/2024 19:00,WIND,492301,1,HCM,1,62122,1011,140,4,130,7,1810,6,6,6,6,6,NA,NA,NA,NA,18/11/2024 19:03,0
18/11/2024 20:00,WIND,492301,1,HCM,1,62122,1011,190,5,180,11,1914,6,6,6,6,6,NA,NA,NA,NA,18/11/2024 20:03,0
18/11/2024 21:00,WIND,492301,1,HCM,1,62122,1011,180,7,180,13,2039,6,6,6,6,6,NA,NA,NA,NA,18/11/2024 21:03,0
18/11/2024 22:00,WIND,492301,1,HCM,1,62122,1011,200,8,220,22,2143,6,6,6,6,6,NA,NA,NA,NA,18/11/2024 22:03,0
18/11/2024 23:00,WIND,492301,1,HCM,1,62122,1011,230,13,240,23,2229,6,6,6,6,6,NA,NA,NA,NA,18/11/2024 23:03,0
19/11/2024 00:00,WIND,492301,1,HCM,1,62122,1011,250,15,260,29,2254,6,6,6,6,6,NA,NA,NA,NA,19/11/2024 00:03,0
19/11/2024 01:00,WIND,492301,1,HCM,1,62122,1011,250,16,260,30,2,6,6,6,6,6,NA,NA,NA,NA,19/11/2024 01:03,0
19/11/2024 02:00,WIND,492301,1,HCM,1,62122,1011,290,11,260,22,52,6,6,6,6,6,NA,NA,NA,NA,19/11/2024 02:03,0
19/11/2024 03:00,WIND,492301,1,HCM,1,62122,1011,360,6,40,13,238,6,6,6,6,6,NA,NA,NA,NA,19/11/2024 03:03,0
19/11/2024 04:00,WIND,492301,1,HCM,1,62122,1011,20,7,40,14,329,6,6,6,6,6,NA,NA,NA,NA,19/11/2024 04:03,0
19/11/2024 05:00,WIND,492301,1,HCM,1,62122,1011,40,6,30,10,416,6,6,6,6,6,NA,NA,NA,NA,19/11/2024 05:03,0
19/11/2024 06:00,WIND,492301,1,HCM,1,62122,1011,30,5,40,9,500,6,6,6,6,6,NA,NA,NA,NA,19/11/2024 06:03,0
19/11/2024 07:00,WIND,492301,1,HCM,1,62122,1011,360,8,350,16,616,6,6,6,6,6,NA,NA,NA,NA,19/11/2024 07:03,0
19/11/2024 08:00,WIND,492301,1,HCM,1,62122,1011,20,7,10,12,729,6,6,6,6,6,NA,NA,NA,NA,19/11/2024 08:07,0
19/11/2024 09:00,WIND,492301,1,HCM,1,62122,1011,10,6,10,12,834,6,6,6,6,6,NA,NA,NA,NA,19/11/2024 09:03,0
19/11/2024 10:00,WIND,492301,1,HCM,1,62122,1011,30,6,40,12,907,6,6,6,6,6,NA,NA,NA,NA,19/11/2024 10:03,0
19/11/2024 11:00,WIND,492301,1,HCM,1,62122,1011,20,5,360,11,1032,6,6,6,6,6,NA,NA,NA,NA,19/11/2024 11:03,0
19/11/2024 12:00,WIND,492301,1,HCM,1,62122,1011,10,5,10,10,1146,6,6,6,6,6,NA,NA,NA,NA,19/11/2024 12:03,0
19/11/2024 13:00,WIND,492301,1,HCM,1,62122,1011,10,6,350,10,1212,6,6,6,6,6,NA,NA,NA,NA,19/11/2024 13:03,0
19/11/2024 14:00,WIND,492301,1,HCM,1,62122,1011,10,6,20,11,1318,6,6,6,6,6,NA,NA,NA,NA,19/11/2024 14:03,0
19/11/2024 15:00,WIND,492301,1,HCM,1,62122,1011,20,6,30,11,1417,6,6,6,6,6,NA,NA,NA,NA,19/11/2024 15:03,0
19/11/2024 16:00,WIND,492301,1,HCM,1,62122,1011,350,7,10,14,1507,6,6,6,6,6,NA,NA,NA,NA,19/11/2024 16:03,0
19/11/2024 17:00,WIND,492301,1,HCM,1,62122,1011,330,6,340,10,1628,6,6,6,6,6,NA,NA,NA,NA,19/11/2024 17:03,0
19/11/2024 18:00,WIND,492301,1,HCM,1,62122,1011,330,7,340,14,1707,6,6,6,6,6,NA,NA,NA,NA,19/11/2024 18:03,0
19/11/2024 19:00,WIND,492301,1,HCM,1,62122,1011,330,5,330,11,1752,6,6,6,6,6,NA,NA,NA,NA,19/11/2024 19:03,0
19/11/2024 20:00,WIND,492301,1,HCM,1,62122,1011,320,4,320,9,1941,6,6,6,6,6,NA,NA,NA,NA,19/11/2024 20:03,0
19/11/2024 21:00,WIND,492301,1,HCM,1,62122,1011,310,3,330,7,2012,6,6,6,6,6,NA,NA,NA,NA,19/11/2024 21:03,0
19/11/2024 22:00,WIND,492301,1,HCM,1,62122,1011,300,3,300,6,2116,6,6,6,6,6,NA,NA,NA,NA,19/11/2024 22:03,0
19/11/2024 23:00,WIND,492301,1,HCM,1,62122,1011,290,4,300,7,2236,6,6,6,6,6,NA,NA,NA,NA,19/11/2024 23:03,0
20/11/2024 00:00,WIND,492301,1,HCM,1,62122,1011,270,3,300,7,2345,6,6,6,6,6,NA,NA,NA,NA,20/11/2024 00:03,0
20/11/2024 01:00,WIND,492301,1,HCM,1,62122,1011,270,4,260,10,42,6,6,6,6,6,NA,NA,NA,NA,20/11/2024 01:03,0
20/11/2024 02:00,WIND,492301,1,HCM,1,62122,1011,250,4,220,7,127,6,6,6,6,6,NA,NA,NA,NA,20/11/2024 02:03,0
20/11/2024 03:00,WIND,492301,1,HCM,1,62122,1011,250,4,270,7,249,6,6,6,6,6,NA,NA,NA,NA,20/11/2024 03:03,0
20/11/2024 04:00,WIND,492301,1,HCM,1,62122,1011,260,4,250,7,304,6,6,6,6,6,NA,NA,NA,NA,20/11/2024 04:03,0
20/11/2024 05:00,WIND,492301,1,HCM,1,62122,1011,260,4,260,9,421,6,6,6,6,6,NA,NA,NA,NA,20/11/2024 05:03,0
20/11/2024 06:00,WIND,492301,1,HCM,1,62122,1011,270,4,260,7,517,6,6,6,6,6,NA,NA,NA,NA,20/11/2024 06:03,0
20/11/2024 07:00,WIND,492301,1,HCM,1,62122,1011,250,4,260,8,638,6,6,6,6,6,NA,NA,NA,NA,20/11/2024 07:03,0
20/11/2024 08:00,WIND,492301,1,HCM,1,62122,1011,240,5,250,10,701,6,6,6,6,6,NA,NA,NA,NA,20/11/2024 08:03,0
20/11/2024 09:00,WIND,492301,1,HCM,1,62122,1011,260,6,300,14,839,6,6,6,6,6,NA,NA,NA,NA,20/11/2024 09:03,0
20/11/2024 10:00,WIND,492301,1,HCM,1,62122,1011,280,5,280,14,852,6,6,6,6,6,NA,NA,NA,NA,20/11/2024 10:03,0
20/11/2024 11:00,WIND,492301,1,HCM,1,62122,1011,270,5,270,12,1007,6,6,6,6,6,NA,NA,NA,NA,20/11/2024 11:03,0
20/11/2024 12:00,WIND,492301,1,HCM,1,62122,1011,270,5,280,11,1131,6,6,6,6,6,NA,NA,NA,NA,20/11/2024 12:03,0
20/11/2024 13:00,WIND,492301,1,HCM,1,62122,1011,270,7,270,14,1225,6,6,6,6,6,NA,NA,NA,NA,20/11/2024 13:03,0
20/11/2024 14:00,WIND,492301,1,HCM,1,62122,1011,270,7,290,12,1304,6,6,6,6,6,NA,NA,NA,NA,20/11/2024 14:03,0
20/11/2024 15:00,WIND,492301,1,HCM,1,62122,1011,280,7,280,13,1406,6,6,6,6,6,NA,NA,NA,NA,20/11/2024 15:03,0
20/11/2024 16:00,WIND,492301,1,HCM,1,62122,1011,290,5,290,11,1451,6,6,6,6,6,NA,NA,NA,NA,20/11/2024 16:03,0
20/11/2024 17:00,WIND,492301,1,HCM,1,62122,1011,320,1,300,4,1647,6,6,6,6,6,NA,NA,NA,NA,20/11/2024 17:03,0
20/11/2024 18:00,WIND,492301,1,HCM,1,62122,1011,260,2,230,3,1714,6,6,6,6,6,NA,NA,NA,NA,20/11/2024 18:03,0
20/11/2024 19:00,WIND,492301,1,HCM,1,62122,1011,260,3,250,5,1823,6,6,6,6,6,NA,NA,NA,NA,20/11/2024 19:03,0
20/11/2024 20:00,WIND,492301,1,HCM,1,62122,1011,230,2,240,4,1945,6,6,6,6,6,NA,NA,NA,NA,20/11/2024 20:03,0
20/11/2024 21:00,WIND,492301,1,HCM,1,62122,1011,280,3,280,5,2012,6,6,6,6,6,NA,NA,NA,NA,20/11/2024 21:03,0
20/11/2024 22:00,WIND,492301,1,HCM,1,62122,1011,270,3,290,6,2101,6,6,6,6,6,NA,NA,NA,NA,20/11/2024 22:03,0
20/11/2024 23:00,WIND,492301,1,HCM,1,62122,1011,230,1,220,2,2227,6,6,6,6,6,NA,NA,NA,NA,20/11/2024 23:03,0
21/11/2024 00:00,WIND,492301,1,HCM,1,62122,1011,160,1,80,4,2331,6,6,6,6,6,NA,NA,NA,NA,21/11/2024 00:03,0
21/11/2024 01:00,WIND,492301,1,HCM,1,62122,1011,160,1,190,3,17,6,6,6,6,6,NA,NA,NA,NA,21/11/2024 01:03,0
21/11/2024 02:00,WIND,492301,1,HCM,1,62122,1011,120,2,90,3,124,6,6,6,6,6,NA,NA,NA,NA,21/11/2024 02:03,0
21/11/2024 03:00,WIND,492301,1,HCM,1,62122,1011,80,3,70,5,238,6,6,6,6,6,NA,NA,NA,NA,21/11/2024 03:03,0
21/11/2024 04:00,WIND,492301,1,HCM,1,62122,1011,80,3,70,5,253,6,6,6,6,6,NA,NA,NA,NA,21/11/2024 04:03,0
21/11/2024 05:00,WIND,492301,1,HCM,1,62122,1011,80,3,70,6,445,6,6,6,6,6,NA,NA,NA,NA,21/11/2024 05:03,0
21/11/2024 06:00,WIND,492301,1,HCM,1,62122,1011,80,4,80,7,535,6,6,6,6,6,NA,NA,NA,NA,21/11/2024 06:03,0
21/11/2024 07:00,WIND,492301,1,HCM,1,62122,1011,80,4,70,8,637,6,6,6,6,6,NA,NA,NA,NA,21/11/2024 07:03,0
21/11/2024 08:00,WIND,492301,1,HCM,1,62122,1011,60,5,60,8,718,6,6,6,6,6,NA,NA,NA,NA,21/11/2024 08:03,0
21/11/2024 09:00,WIND,492301,1,HCM,1,62122,1011,60,6,60,11,822,6,6,6,6,6,NA,NA,NA,NA,21/11/2024 09:03,0
21/11/2024 10:00,WIND,492301,1,HCM,1,62122,1011,60,5,60,9,852,6,6,6,6,6,NA,NA,NA,NA,21/11/2024 10:03,0
21/11/2024 11:00,WIND,492301,1,HCM,1,62122,1011,50,6,60,10,1004,6,6,6,6,6,NA,NA,NA,NA,21/11/2024 11:03,0
21/11/2024 12:00,WIND,492301,1,HCM,1,62122,1011,60,5,110,9,1121,6,6,6,6,6,NA,NA,NA,NA,21/11/2024 12:03,0
21/11/2024 13:00,WIND,492301,1,HCM,1,62122,1011,30,6,360,11,1213,6,6,6,6,6,NA,NA,NA,NA,21/11/2024 13:03,0
21/11/2024 14:00,WIND,492301,1,HCM,1,62122,1011,30,5,30,11,1304,6,6,6,6,6,NA,NA,NA,NA,21/11/2024 14:03,0
21/11/2024 15:00,WIND,492301,1,HCM,1,62122,1011,10,6,350,11,1412,6,6,6,6,6,NA,NA,NA,NA,21/11/2024 15:03,0
21/11/2024 16:00,WIND,492301,1,HCM,1,62122,1011,340,4,360,10,1450,6,6,6,6,6,NA,NA,NA,NA,21/11/2024 16:03,0
21/11/2024 17:00,WIND,492301,1,HCM,1,62122,1011,270,3,270,7,1636,6,6,6,6,6,NA,NA,NA,NA,21/11/2024 17:03,0
21/11/2024 18:00,WIND,492301,1,HCM,1,62122,1011,260,3,260,6,1743,6,6,6,6,6,NA,NA,NA,NA,21/11/2024 18:03,0
21/11/2024 19:00,WIND,492301,1,HCM,1,62122,1011,260,5,250,10,1847,6,6,6,6,6,NA,NA,NA,NA,21/11/2024 19:03,0
21/11/2024 20:00,WIND,492301,1,HCM,1,62122,1011,250,7,250,13,1937,6,6,6,6,6,NA,NA,NA,NA,21/11/2024 20:03,0
21/11/2024 21:00,WIND,492301,1,HCM,1,62122,1011,250,8,250,14,2011,6,6,6,6,6,NA,NA,NA,NA,21/11/2024 21:03,0
21/11/2024 22:00,WIND,492301,1,HCM,1,62122,1011,270,6,290,14,2115,6,6,6,6,6,NA,NA,NA,NA,21/11/2024 22:03,0
21/11/2024 23:00,WIND,492301,1,HCM,1,62122,1011,250,5,260,11,2153,6,6,6,6,6,NA,NA,NA,NA,21/11/2024 23:03,0
22/11/2024 00:00,WIND,492301,1,HCM,1,62122,1011,240,6,240,14,2325,6,6,6,6,6,NA,NA,NA,NA,22/11/2024 00:03,0
22/11/2024 01:00,WIND,492301,1,HCM,1,62122,1011,250,8,230,14,45,6,6,6,6,6,NA,NA,NA,NA,22/11/2024 01:03,0
22/11/2024 02:00,WIND,492301,1,HCM,1,62122,1011,250,11,240,19,147,6,6,6,6,6,NA,NA,NA,NA,22/11/2024 02:03,0
22/11/2024 03:00,WIND,492301,1,HCM,1,62122,1011,240,12,250,21,219,6,6,6,6,6,NA,NA,NA,NA,22/11/2024 03:03,0
22/11/2024 04:00,WIND,492301,1,HCM,1,62122,1011,250,13,230,24,322,6,6,6,6,6,NA,NA,NA,NA,22/11/2024 04:03,0
22/11/2024 05:00,WIND,492301,1,HCM,1,62122,1011,250,13,240,23,442,6,6,6,6,6,NA,NA,NA,NA,22/11/2024 05:03,0
22/11/2024 06:00,WIND,492301,1,HCM,1,62122,1011,250,14,250,24,529,6,6,6,6,6,NA,NA,NA,NA,22/11/2024 06:03,0
22/11/2024 07:00,WIND,492301,1,HCM,1,62122,1011,260,12,240,21,552,6,6,6,6,6,NA,NA,NA,NA,22/11/2024 07:03,0
22/11/2024 08:00,WIND,492301,1,HCM,1,62122,1011,250,9,250,18,735,6,6,6,6,6,NA,NA,NA,NA,22/11/2024 08:03,0
22/11/2024 09:00,WIND,492301,1,HCM,1,62122,1011,250,8,250,15,816,6,6,6,6,6,NA,NA,NA,NA,22/11/2024 09:03,0
22/11/2024 10:00,WIND,492301,1,HCM,1,62122,1011,250,10,260,18,944,6,6,6,6,6,NA,NA,NA,NA,22/11/2024 10:03,0
22/11/2024 11:00,WIND,492301,1,HCM,1,62122,1011,260,10,260,17,1040,6,6,6,6,6,NA,NA,NA,NA,22/11/2024 11:03,0
22/11/2024 12:00,WIND,492301,1,HCM,1,62122,1011,260,10,240,21,1107,6,6,6,6,6,NA,NA,NA,NA,22/11/2024 12:03,0
22/11/2024 13:00,WIND,492301,1,HCM,1,62122,1011,270,10,250,18,1154,6,6,6,6,6,NA,NA,NA,NA,22/11/2024 13:03,0
22/11/2024 14:00,WIND,492301,1,HCM,1,62122,1011,260,9,250,17,1322,6,6,6,6,6,NA,NA,NA,NA,22/11/2024 14:03,0
22/11/2024 15:00,WIND,492301,1,HCM,1,62122,1011,260,8,260,15,1412,6,6,6,6,6,NA,NA,NA,NA,22/11/2024 15:03,0
22/11/2024 16:00,WIND,492301,1,HCM,1,62122,1011,260,5,250,11,1451,6,6,6,6,6,NA,NA,NA,NA,22/11/2024 16:03,0
22/11/2024 17:00,WIND,492301,1,HCM,1,62122,1011,240,3,250,6,1609,6,6,6,6,6,NA,NA,NA,NA,22/11/2024 17:03,0
22/11/2024 18:00,WIND,492301,1,HCM,1,62122,1011,240,3,230,5,1718,6,6,6,6,6,NA,NA,NA,NA,22/11/2024 18:03,0
22/11/2024 19:00,WIND,492301,1,HCM,1,62122,1011,200,3,170,5,1826,6,6,6,6,6,NA,NA,NA,NA,22/11/2024 19:03,0
22/11/2024 20:00,WIND,492301,1,HCM,1,62122,1011,180,3,160,5,1918,6,6,6,6,6,NA,NA,NA,NA,22/11/2024 20:03,0
22/11/2024 21:00,WIND,492301,1,HCM,1,62122,1011,180,3,190,6,2025,6,6,6,6,6,NA,NA,NA,NA,22/11/2024 21:03,0
22/11/2024 22:00,WIND,492301,1,HCM,1,62122,1011,160,2,170,5,2134,6,6,6,6,6,NA,NA,NA,NA,22/11/2024 22:03,0
22/11/2024 23:00,WIND,492301,1,HCM,1,62122,1011,100,3,120,5,2231,6,6,6,6,6,NA,NA,NA,NA,22/11/2024 23:03,0
23/11/2024 00:00,WIND,492301,1,HCM,1,62122,1011,130,3,140,5,2333,6,6,6,6,6,NA,NA,NA,NA,23/11/2024 00:03,0
23/11/2024 01:00,WIND,492301,1,HCM,1,62122,1011,120,4,120,7,23,6,6,6,6,6,NA,NA,NA,NA,23/11/2024 01:03,0
23/11/2024 02:00,WIND,492301,1,HCM,1,62122,1011,130,4,160,8,146,6,6,6,6,6,NA,NA,NA,NA,23/11/2024 02:03,0
23/11/2024 03:00,WIND,492301,1,HCM,1,62122,1011,130,5,120,13,247,6,6,6,6,6,NA,NA,NA,NA,23/11/2024 03:02,0
23/11/2024 04:00,WIND,492301,1,HCM,1,62122,1011,120,7,130,12,317,6,6,6,6,6,NA,NA,NA,NA,23/11/2024 04:03,0
23/11/2024 05:00,WIND,492301,1,HCM,1,62122,1011,110,8,100,14,435,6,6,6,6,6,NA,NA,NA,NA,23/11/2024 05:03,0
23/11/2024 06:00,WIND,492301,1,HCM,1,62122,1011,130,9,130,19,522,6,6,6,6,6,NA,NA,NA,NA,23/11/2024 06:03,0
23/11/2024 07:00,WIND,492301,1,HCM,1,62122,1011,150,11,180,23,631,6,6,6,6,6,NA,NA,NA,NA,23/11/2024 07:03,0
23/11/2024 08:00,WIND,492301,1,HCM,1,62122,1011,170,13,170,28,723,6,6,6,6,6,NA,NA,NA,NA,23/11/2024 08:03,0
23/11/2024 09:00,WIND,492301,1,HCM,1,62122,1011,170,15,180,30,831,6,6,6,6,6,NA,NA,NA,NA,23/11/2024 09:03,0
23/11/2024 10:00,WIND,492301,1,HCM,1,62122,1011,170,15,190,30,918,6,6,6,6,6,NA,NA,NA,NA,23/11/2024 10:03,0
23/11/2024 11:00,WIND,492301,1,HCM,1,62122,1011,180,14,190,29,1045,6,6,6,6,6,NA,NA,NA,NA,23/11/2024 11:03,0
23/11/2024 12:00,WIND,492301,1,HCM,1,62122,1011,180,16,190,32,1140,6,6,6,6,6,NA,NA,NA,NA,23/11/2024 12:03,0
23/11/2024 13:00,WIND,492301,1,HCM,1,62122,1011,180,16,180,30,1238,6,6,6,6,6,NA,NA,NA,NA,23/11/2024 13:03,0
23/11/2024 14:00,WIND,492301,1,HCM,1,62122,1011,190,14,180,27,1346,6,6,6,6,6,NA,NA,NA,NA,23/11/2024 14:03,0
23/11/2024 15:00,WIND,492301,1,HCM,1,62122,1011,180,13,180,26,1421,6,6,6,6,6,NA,NA,NA,NA,23/11/2024 15:03,0
23/11/2024 16:00,WIND,492301,1,HCM,1,62122,1011,190,15,200,30,1536,6,6,6,6,6,NA,NA,NA,NA,23/11/2024 16:03,0
23/11/2024 17:00,WIND,492301,1,HCM,1,62122,1011,200,15,200,30,1550,6,6,6,6,6,NA,NA,NA,NA,23/11/2024 17:03,0
23/11/2024 18:00,WIND,492301,1,HCM,1,62122,1011,200,14,190,26,1652,6,6,6,6,6,NA,NA,NA,NA,23/11/2024 18:03,0
23/11/2024 19:00,WIND,492301,1,HCM,1,62122,1011,190,12,180,22,1839,6,6,6,6,6,NA,NA,NA,NA,23/11/2024 19:03,0
23/11/2024 20:00,WIND,492301,1,HCM,1,62122,1011,200,13,190,23,1928,6,6,6,6,6,NA,NA,NA,NA,23/11/2024 20:03,0
23/11/2024 21:00,WIND,492301,1,HCM,1,62122,1011,190,12,190,24,2037,6,6,6,6,6,NA,NA,NA,NA,23/11/2024 21:03,0
23/11/2024 22:00,WIND,492301,1,HCM,1,62122,1011,190,12,190,25,2139,6,6,6,6,6,NA,NA,NA,NA,23/11/2024 22:03,0
23/11/2024 23:00,WIND,492301,1,HCM,1,62122,1011,190,13,180,28,2241,6,6,6,6,6,NA,NA,NA,NA,23/11/2024 23:03,0
24/11/2024 00:00,WIND,492301,1,HCM,1,62122,1011,190,14,180,26,2254,6,6,6,6,6,NA,NA,NA,NA,24/11/2024 00:03,0
24/11/2024 01:00,WIND,492301,1,HCM,1,62122,1011,190,15,180,29,10,6,6,6,6,6,NA,NA,NA,NA,24/11/2024 01:03,0
24/11/2024 02:00,WIND,492301,1,HCM,1,62122,1011,190,15,180,29,103,6,6,6,6,6,NA,NA,NA,NA,24/11/2024 02:03,0
24/11/2024 03:00,WIND,492301,1,HCM,1,62122,1011,190,14,190,28,203,6,6,6,6,6,NA,NA,NA,NA,24/11/2024 03:03,0
24/11/2024 04:00,WIND,492301,1,HCM,1,62122,1011,190,16,200,31,332,6,6,6,6,6,NA,NA,NA,NA,24/11/2024 04:03,0
24/11/2024 05:00,WIND,492301,1,HCM,1,62122,1011,190,18,180,34,428,6,6,6,6,6,NA,NA,NA,NA,24/11/2024 05:03,0
24/11/2024 06:00,WIND,492301,1,HCM,1,62122,1011,190,19,200,37,541,6,6,6,6,6,NA,NA,NA,NA,24/11/2024 06:03,0
24/11/2024 07:00,WIND,492301,1,HCM,1,62122,1011,190,23,180,42,615,6,6,6,6,6,NA,NA,NA,NA,24/11/2024 07:03,0
24/11/2024 08:00,WIND,492301,1,HCM,1,62122,1011,190,21,180,39,731,6,6,6,6,6,NA,NA,NA,NA,24/11/2024 08:03,0
24/11/2024 09:00,WIND,492301,1,HCM,1,62122,1011,190,20,200,40,755,6,6,6,6,6,NA,NA,NA,NA,24/11/2024 09:03,0
24/11/2024 10:00,WIND,492301,1,HCM,1,62122,1011,200,15,210,32,858,6,6,6,6,6,NA,NA,NA,NA,24/11/2024 10:03,0
24/11/2024 11:00,WIND,492301,1,HCM,1,62122,1011,200,15,180,28,957,6,6,6,6,6,NA,NA,NA,NA,24/11/2024 11:03,0
24/11/2024 12:00,WIND,492301,1,HCM,1,62122,1011,230,11,210,24,1058,6,6,6,6,6,NA,NA,NA,NA,24/11/2024 12:03,0
24/11/2024 13:00,WIND,492301,1,HCM,1,62122,1011,240,9,260,17,1210,6,6,6,6,6,NA,NA,NA,NA,24/11/2024 13:03,0
24/11/2024 14:00,WIND,492301,1,HCM,1,62122,1011,230,9,240,19,1251,6,6,6,6,6,NA,NA,NA,NA,24/11/2024 14:03,0
24/11/2024 15:00,WIND,492301,1,HCM,1,62122,1011,230,8,220,15,1351,6,6,6,6,6,NA,NA,NA,NA,24/11/2024 15:03,0
24/11/2024 16:00,WIND,492301,1,HCM,1,62122,1011,250,8,240,15,1457,6,6,6,6,6,NA,NA,NA,NA,24/11/2024 16:03,0
24/11/2024 17:00,WIND,492301,1,HCM,1,62122,1011,250,10,250,22,1645,6,6,6,6,6,NA,NA,NA,NA,24/11/2024 17:03,0
24/11/2024 18:00,WIND,492301,1,HCM,1,62122,1011,240,10,230,20,1708,6,6,6,6,6,NA,NA,NA,NA,24/11/2024 18:03,0
24/11/2024 19:00,WIND,492301,1,HCM,1,62122,1011,210,6,220,17,1753,6,6,6,6,6,NA,NA,NA,NA,24/11/2024 19:03,0
24/11/2024 20:00,WIND,492301,1,HCM,1,62122,1011,200,7,210,14,1949,6,6,6,6,6,NA,NA,NA,NA,24/11/2024 20:03,0
24/11/2024 21:00,WIND,492301,1,HCM,1,62122,1011,190,8,200,15,2014,6,6,6,6,6,NA,NA,NA,NA,24/11/2024 21:03,0
24/11/2024 22:00,WIND,492301,1,HCM,1,62122,1011,190,9,180,18,2107,6,6,6,6,6,NA,NA,NA,NA,24/11/2024 22:03,0
24/11/2024 23:00,WIND,492301,1,HCM,1,62122,1011,190,10,180,19,2159,6,6,6,6,6,NA,NA,NA,NA,24/11/2024 23:03,0
25/11/2024 00:00,WIND,492301,1,HCM,1,62122,1011,200,9,200,22,2347,6,6,6,6,6,NA,NA,NA,NA,25/11/2024 00:03,0
25/11/2024 01:00,WIND,492301,1,HCM,1,62122,1011,200,10,200,19,10,6,6,6,6,6,NA,NA,NA,NA,25/11/2024 01:03,0
25/11/2024 02:00,WIND,492301,1,HCM,1,62122,1011,200,9,220,19,100,6,6,6,6,6,NA,NA,NA,NA,25/11/2024 02:03,0
25/11/2024 03:00,WIND,492301,1,HCM,1,62122,1011,200,10,190,18,209,6,6,6,6,6,NA,NA,NA,NA,25/11/2024 03:03,0
25/11/2024 04:00,WIND,492301,1,HCM,1,62122,1011,210,9,220,19,300,6,6,6,6,6,NA,NA,NA,NA,25/11/2024 04:03,0
25/11/2024 05:00,WIND,492301,1,HCM,1,62122,1011,210,8,210,16,407,6,6,6,6,6,NA,NA,NA,NA,25/11/2024 05:03,0
25/11/2024 06:00,WIND,492301,1,HCM,1,62122,1011,220,9,210,19,454,6,6,6,6,6,NA,NA,NA,NA,25/11/2024 06:03,0
25/11/2024 07:00,WIND,492301,1,HCM,1,62122,1011,220,8,210,14,551,6,6,6,6,6,NA,NA,NA,NA,25/11/2024 07:03,0
25/11/2024 08:00,WIND,492301,1,HCM,1,62122,1011,220,7,200,14,706,6,6,6,6,6,NA,NA,NA,NA,25/11/2024 08:03,0
25/11/2024 09:00,WIND,492301,1,HCM,1,62122,1011,240,10,250,19,841,6,6,6,6,6,NA,NA,NA,NA,25/11/2024 09:03,0
25/11/2024 10:00,WIND,492301,1,HCM,1,62122,1011,250,12,250,26,913,6,6,6,6,6,NA,NA,NA,NA,25/11/2024 10:03,0
25/11/2024 11:00,WIND,492301,1,HCM,1,62122,1011,240,12,240,36,1040,6,6,6,6,6,NA,NA,NA,NA,25/11/2024 11:03,0
25/11/2024 12:00,WIND,492301,1,HCM,1,62122,1011,230,11,210,21,1138,6,6,6,6,6,NA,NA,NA,NA,25/11/2024 12:03,0
25/11/2024 13:00,WIND,492301,1,HCM,1,62122,1011,240,14,240,27,1219,6,6,6,6,6,NA,NA,NA,NA,25/11/2024 13:03,0
25/11/2024 14:00,WIND,492301,1,HCM,1,62122,1011,240,14,250,30,1253,6,6,6,6,6,NA,NA,NA,NA,25/11/2024 14:03,0
25/11/2024 15:00,WIND,492301,1,HCM,1,62122,1011,240,12,250,21,1447,6,6,6,6,6,NA,NA,NA,NA,25/11/2024 15:03,0
25/11/2024 16:00,WIND,492301,1,HCM,1,62122,1011,240,11,250,23,1541,6,6,6,6,6,NA,NA,NA,NA,25/11/2024 16:03,0
25/11/2024 17:00,WIND,492301,1,HCM,1,62122,1011,220,8,250,18,1550,6,6,6,6,6,NA,NA,NA,NA,25/11/2024 17:03,0
25/11/2024 18:00,WIND,492301,1,HCM,1,62122,1011,220,9,200,19,1741,6,6,6,6,6,NA,NA,NA,NA,25/11/2024 18:03,0
25/11/2024 19:00,WIND,492301,1,HCM,1,62122,1011,230,9,250,24,1832,6,6,6,6,6,NA,NA,NA,NA,25/11/2024 19:03,0
25/11/2024 20:00,WIND,492301,1,HCM,1,62122,1011,220,5,250,15,1851,6,6,6,6,6,NA,NA,NA,NA,25/11/2024 20:03,0
25/11/2024 21:00,WIND,492301,1,HCM,1,62122,1011,120,2,300,7,2044,6,6,6,6,6,NA,NA,NA,NA,25/11/2024 21:03,0
25/11/2024 22:00,WIND,492301,1,HCM,1,62122,1011,210,6,200,11,2123,6,6,6,6,6,NA,NA,NA,NA,25/11/2024 22:03,0
25/11/2024 23:00,WIND,492301,1,HCM,1,62122,1011,210,8,200,23,2207,6,6,6,6,6,NA,NA,NA,NA,25/11/2024 23:03,0
26/11/2024 00:00,WIND,492301,1,HCM,1,62122,1011,200,6,210,10,2306,6,6,6,6,6,NA,NA,NA,NA,26/11/2024 00:03,0
26/11/2024 01:00,WIND,492301,1,HCM,1,62122,1011,230,7,230,14,13,6,6,6,6,6,NA,NA,NA,NA,26/11/2024 01:03,0
26/11/2024 02:00,WIND,492301,1,HCM,1,62122,1011,220,9,250,24,128,6,6,6,6,6,NA,NA,NA,NA,26/11/2024 02:03,0
26/11/2024 03:00,WIND,492301,1,HCM,1,62122,1011,210,8,230,15,239,6,6,6,6,6,NA,NA,NA,NA,26/11/2024 03:03,0
26/11/2024 04:00,WIND,492301,1,HCM,1,62122,1011,220,8,230,16,301,6,6,6,6,6,NA,NA,NA,NA,26/11/2024 04:03,0
26/11/2024 05:00,WIND,492301,1,HCM,1,62122,1011,200,4,230,7,350,6,6,6,6,6,NA,NA,NA,NA,26/11/2024 05:03,0
26/11/2024 06:00,WIND,492301,1,HCM,1,62122,1011,210,4,220,8,549,6,6,6,6,6,NA,NA,NA,NA,26/11/2024 06:03,0
26/11/2024 07:00,WIND,492301,1,HCM,1,62122,1011,210,5,220,8,624,6,6,6,6,6,NA,NA,NA,NA,26/11/2024 07:03,0
26/11/2024 08:00,WIND,492301,1,HCM,1,62122,1011,200,5,200,9,705,6,6,6,6,6,NA,NA,NA,NA,26/11/2024 08:03,0
26/11/2024 09:00,WIND,492301,1,HCM,1,62122,1011,140,2,200,6,752,6,6,6,6,6,NA,NA,NA,NA,26/11/2024 09:03,0
26/11/2024 10:00,WIND,492301,1,HCM,1,62122,1011,130,2,140,5,919,6,6,6,6,6,NA,NA,NA,NA,26/11/2024 10:03,0
26/11/2024 11:00,WIND,492301,1,HCM,1,62122,1011,190,4,180,8,1039,6,6,6,6,6,NA,NA,NA,NA,26/11/2024 11:03,0
26/11/2024 12:00,WIND,492301,1,HCM,1,62122,1011,200,4,200,8,1055,6,6,6,6,6,NA,NA,NA,NA,26/11/2024 12:02,0
26/11/2024 13:00,WIND,492301,1,HCM,1,62122,1011,230,5,220,10,1212,6,6,6,6,6,NA,NA,NA,NA,26/11/2024 13:02,0
26/11/2024 14:00,WIND,492301,1,HCM,1,62122,1011,240,5,250,9,1307,6,6,6,6,6,NA,NA,NA,NA,26/11/2024 14:02,0
26/11/2024 15:00,WIND,492301,1,HCM,1,62122,1011,210,4,200,7,1411,6,6,6,6,6,NA,NA,NA,NA,26/11/2024 15:02,0
26/11/2024 16:00,WIND,492301,1,HCM,1,62122,1011,180,3,170,6,1502,6,6,6,6,6,NA,NA,NA,NA,26/11/2024 16:02,0
26/11/2024 17:00,WIND,492301,1,HCM,1,62122,1011,160,2,160,5,1622,6,6,6,6,6,NA,NA,NA,NA,26/11/2024 17:03,0
26/11/2024 18:00,WIND,492301,1,HCM,1,62122,1011,100,3,80,5,1738,6,6,6,6,6,NA,NA,NA,NA,26/11/2024 18:02,0
26/11/2024 19:00,WIND,492301,1,HCM,1,62122,1011,80,3,90,5,1815,6,6,6,6,6,NA,NA,NA,NA,26/11/2024 19:02,0
26/11/2024 20:00,WIND,492301,1,HCM,1,62122,1011,80,3,40,6,1940,6,6,6,6,6,NA,NA,NA,NA,26/11/2024 20:02,0
26/11/2024 21:00,WIND,492301,1,HCM,1,62122,1011,90,4,130,8,2043,6,6,6,6,6,NA,NA,NA,NA,26/11/2024 21:03,0
26/11/2024 22:00,WIND,492301,1,HCM,1,62122,1011,100,4,130,7,2126,6,6,6,6,6,NA,NA,NA,NA,26/11/2024 22:02,0
26/11/2024 23:00,WIND,492301,1,HCM,1,62122,1011,90,4,80,9,2245,6,6,6,6,6,NA,NA,NA,NA,26/11/2024 23:02,0
27/11/2024 00:00,WIND,492301,1,HCM,1,62122,1011,70,7,70,12,2320,6,6,6,6,6,NA,NA,NA,NA,27/11/2024 00:03,0
27/11/2024 01:00,WIND,492301,1,HCM,1,62122,1011,50,9,50,16,32,6,6,6,6,6,NA,NA,NA,NA,27/11/2024 01:02,0
27/11/2024 02:00,WIND,492301,1,HCM,1,62122,1011,40,10,30,17,137,6,6,6,6,6,NA,NA,NA,NA,27/11/2024 02:02,0
27/11/2024 03:00,WIND,492301,1,HCM,1,62122,1011,30,8,40,15,200,6,6,6,6,6,NA,NA,NA,NA,27/11/2024 03:02,0
27/11/2024 04:00,WIND,492301,1,HCM,1,62122,1011,30,10,20,18,318,6,6,6,6,6,NA,NA,NA,NA,27/11/2024 04:02,0
27/11/2024 05:00,WIND,492301,1,HCM,1,62122,1011,10,9,20,19,420,6,6,6,6,6,NA,NA,NA,NA,27/11/2024 05:02,0
27/11/2024 06:00,WIND,492301,1,HCM,1,62122,1011,10,11,350,19,549,6,6,6,6,6,NA,NA,NA,NA,27/11/2024 06:03,0
27/11/2024 07:00,WIND,492301,1,HCM,1,62122,1011,10,12,30,22,614,6,6,6,6,6,NA,NA,NA,NA,27/11/2024 07:02,0
27/11/2024 08:00,WIND,492301,1,HCM,1,62122,1011,10,10,10,18,654,6,6,6,6,6,NA,NA,NA,NA,27/11/2024 08:02,0
27/11/2024 09:00,WIND,492301,1,HCM,1,62122,1011,360,11,350,20,813,6,6,6,6,6,NA,NA,NA,NA,27/11/2024 09:03,0
27/11/2024 10:00,WIND,492301,1,HCM,1,62122,1011,360,9,10,17,905,6,6,6,6,6,NA,NA,NA,NA,27/11/2024 10:03,0
27/11/2024 11:00,WIND,492301,1,HCM,1,62122,1011,340,7,340,14,1030,6,6,6,6,6,NA,NA,NA,NA,27/11/2024 11:02,0
27/11/2024 12:00,WIND,492301,1,HCM,1,62122,1011,340,7,360,13,1106,6,6,6,6,6,NA,NA,NA,NA,27/11/2024 12:02,0
27/11/2024 13:00,WIND,492301,1,HCM,1,62122,1011,330,6,310,12,1231,6,6,6,6,6,NA,NA,NA,NA,27/11/2024 13:02,0
27/11/2024 14:00,WIND,492301,1,HCM,1,62122,1011,340,7,350,14,1316,6,6,6,6,6,NA,NA,NA,NA,27/11/2024 14:03,0
27/11/2024 15:00,WIND,492301,1,HCM,1,62122,1011,350,4,330,8,1419,6,6,6,6,6,NA,NA,NA,NA,27/11/2024 15:03,0
27/11/2024 16:00,WIND,492301,1,HCM,1,62122,1011,320,2,330,5,1532,6,6,6,6,6,NA,NA,NA,NA,27/11/2024 16:03,0
27/11/2024 17:00,WIND,492301,1,HCM,1,62122,1011,280,2,300,5,1643,6,6,6,6,6,NA,NA,NA,NA,27/11/2024 17:02,0
27/11/2024 18:00,WIND,492301,1,HCM,1,62122,1011,270,2,290,3,1735,6,6,6,6,6,NA,NA,NA,NA,27/11/2024 18:02,0
27/11/2024 19:00,WIND,492301,1,HCM,1,62122,1011,250,3,270,4,1837,6,6,6,6,6,NA,NA,NA,NA,27/11/2024 19:02,0
27/11/2024 20:00,WIND,492301,1,HCM,1,62122,1011,290,2,280,3,1854,6,6,6,6,6,NA,NA,NA,NA,27/11/2024 20:02,0
27/11/2024 21:00,WIND,492301,1,HCM,1,62122,1011,220,1,230,2,2034,6,6,6,6,6,NA,NA,NA,NA,27/11/2024 21:03,0
27/11/2024 22:00,WIND,492301,1,HCM,1,62122,1011,190,1,160,3,2103,6,6,6,6,6,NA,NA,NA,NA,27/11/2024 22:02,0
27/11/2024 23:00,WIND,492301,1,HCM,1,62122,1011,240,2,250,3,2247,6,6,6,6,6,NA,NA,NA,NA,27/11/2024 23:02,0
28/11/2024 00:00,WIND,492301,1,HCM,1,62122,1011,140,1,100,3,2324,6,6,6,6,6,NA,NA,NA,NA,28/11/2024 00:03,0
28/11/2024 01:00,WIND,492301,1,HCM,1,62122,1011,80,1,70,2,31,6,6,6,6,6,NA,NA,NA,NA,28/11/2024 01:02,0
28/11/2024 02:00,WIND,492301,1,HCM,1,62122,1011,90,1,120,3,55,6,6,6,6,6,NA,NA,NA,NA,28/11/2024 02:03,0
28/11/2024 03:00,WIND,492301,1,HCM,1,62122,1011,80,2,50,3,230,6,6,6,6,6,NA,NA,NA,NA,28/11/2024 03:03,0
28/11/2024 04:00,WIND,492301,1,HCM,1,62122,1011,120,1,110,2,327,6,6,6,6,6,NA,NA,NA,NA,28/11/2024 04:02,0
28/11/2024 05:00,WIND,492301,1,HCM,1,62122,1011,140,1,190,3,433,6,6,6,6,6,NA,NA,NA,NA,28/11/2024 05:03,0
28/11/2024 06:00,WIND,492301,1,HCM,1,62122,1011,140,1,70,3,547,6,6,6,6,6,NA,NA,NA,NA,28/11/2024 06:03,0
28/11/2024 07:00,WIND,492301,1,HCM,1,62122,1011,80,2,50,3,556,6,6,6,6,6,NA,NA,NA,NA,28/11/2024 07:02,0
28/11/2024 08:00,WIND,492301,1,HCM,1,62122,1011,90,2,60,5,730,6,6,6,6,6,NA,NA,NA,NA,28/11/2024 08:02,0
28/11/2024 09:00,WIND,492301,1,HCM,1,62122,1011,70,3,60,6,847,6,6,6,6,6,NA,NA,NA,NA,28/11/2024 09:03,0
28/11/2024 10:00,WIND,492301,1,HCM,1,62122,1011,60,4,70,6,850,6,6,6,6,6,NA,NA,NA,NA,28/11/2024 10:02,0
28/11/2024 11:00,WIND,492301,1,HCM,1,62122,1011,80,5,70,9,1024,6,6,6,6,6,NA,NA,NA,NA,28/11/2024 11:02,0
28/11/2024 12:00,WIND,492301,1,HCM,1,62122,1011,80,4,80,7,1114,6,6,6,6,6,NA,NA,NA,NA,28/11/2024 12:02,0
28/11/2024 13:00,WIND,492301,1,HCM,1,62122,1011,80,5,90,8,1241,6,6,6,6,6,NA,NA,NA,NA,28/11/2024 13:02,0
28/11/2024 14:00,WIND,492301,1,HCM,1,62122,1011,80,6,80,10,1326,6,6,6,6,6,NA,NA,NA,NA,28/11/2024 14:02,0
28/11/2024 15:00,WIND,492301,1,HCM,1,62122,1011,90,4,70,9,1357,6,6,6,6,6,NA,NA,NA,NA,28/11/2024 15:02,0
28/11/2024 16:00,WIND,492301,1,HCM,1,62122,1011,90,5,90,8,1536,6,6,6,6,6,NA,NA,NA,NA,28/11/2024 16:02,0
28/11/2024 17:00,WIND,492301,1,HCM,1,62122,1011,100,5,90,9,1649,6,6,6,6,6,NA,NA,NA,NA,28/11/2024 17:02,0
28/11/2024 18:00,WIND,492301,1,HCM,1,62122,1011,100,6,100,10,1743,6,6,6,6,6,NA,NA,NA,NA,28/11/2024 18:03,0
28/11/2024 19:00,WIND,492301,1,HCM,1,62122,1011,100,6,110,11,1849,6,6,6,6,6,NA,NA,NA,NA,28/11/2024 19:02,0
28/11/2024 20:00,WIND,492301,1,HCM,1,62122,1011,110,7,100,13,1947,6,6,6,6,6,NA,NA,NA,NA,28/11/2024 20:02,0
28/11/2024 21:00,WIND,492301,1,HCM,1,62122,1011,110,7,110,13,2011,6,6,6,6,6,NA,NA,NA,NA,28/11/2024 21:02,0
28/11/2024 22:00,WIND,492301,1,HCM,1,62122,1011,100,6,90,11,2118,6,6,6,6,6,NA,NA,NA,NA,28/11/2024 22:02,0
28/11/2024 23:00,WIND,492301,1,HCM,1,62122,1011,100,6,100,11,2214,6,6,6,6,6,NA,NA,NA,NA,28/11/2024 23:02,0
29/11/2024 00:00,WIND,492301,1,HCM,1,62122,1011,110,7,120,13,2327,6,6,6,6,6,NA,NA,NA,NA,29/11/2024 00:03,0
29/11/2024 01:00,WIND,492301,1,HCM,1,62122,1011,110,5,110,10,2350,6,6,6,6,6,NA,NA,NA,NA,29/11/2024 01:02,0
29/11/2024 02:00,WIND,492301,1,HCM,1,62122,1011,110,5,120,10,126,6,6,6,6,6,NA,NA,NA,NA,29/11/2024 02:02,0
29/11/2024 03:00,WIND,492301,1,HCM,1,62122,1011,100,4,100,8,245,6,6,6,6,6,NA,NA,NA,NA,29/11/2024 03:02,0
29/11/2024 04:00,WIND,492301,1,HCM,1,62122,1011,110,5,120,11,304,6,6,6,6,6,NA,NA,NA,NA,29/11/2024 04:03,0
29/11/2024 05:00,WIND,492301,1,HCM,1,62122,1011,120,6,130,12,446,6,6,6,6,6,NA,NA,NA,NA,29/11/2024 05:02,0
29/11/2024 06:00,WIND,492301,1,HCM,1,62122,1011,120,8,140,15,458,6,6,6,6,6,NA,NA,NA,NA,29/11/2024 06:03,0
29/11/2024 07:00,WIND,492301,1,HCM,1,62122,1011,110,6,100,10,605,6,6,6,6,6,NA,NA,NA,NA,29/11/2024 07:02,0
29/11/2024 08:00,WIND,492301,1,HCM,1,62122,1011,110,5,120,8,720,6,6,6,6,6,NA,NA,NA,NA,29/11/2024 08:02,0
29/11/2024 09:00,WIND,492301,1,HCM,1,62122,1011,110,6,120,10,820,6,6,6,6,6,NA,NA,NA,NA,29/11/2024 09:03,0
29/11/2024 10:00,WIND,492301,1,HCM,1,62122,1011,110,6,110,11,900,6,6,6,6,6,NA,NA,NA,NA,29/11/2024 10:03,0
29/11/2024 11:00,WIND,492301,1,HCM,1,62122,1011,130,8,140,13,1019,6,6,6,6,6,NA,NA,NA,NA,29/11/2024 11:02,0
29/11/2024 12:00,WIND,492301,1,HCM,1,62122,1011,120,6,120,12,1146,6,6,6,6,6,NA,NA,NA,NA,29/11/2024 12:02,0
29/11/2024 13:00,WIND,492301,1,HCM,1,62122,1011,130,9,140,18,1159,6,6,6,6,6,NA,NA,NA,NA,29/11/2024 13:02,0
29/11/2024 14:00,WIND,492301,1,HCM,1,62122,1011,130,10,130,19,1339,6,6,6,6,6,NA,NA,NA,NA,29/11/2024 14:02,0
29/11/2024 15:00,WIND,492301,1,HCM,1,62122,1011,140,10,120,20,1423,6,6,6,6,6,NA,NA,NA,NA,29/11/2024 15:03,0
29/11/2024 16:00,WIND,492301,1,HCM,1,62122,1011,140,8,160,16,1455,6,6,6,6,6,NA,NA,NA,NA,29/11/2024 16:03,0
29/11/2024 17:00,WIND,492301,1,HCM,1,62122,1011,130,8,130,14,1629,6,6,6,6,6,NA,NA,NA,NA,29/11/2024 17:02,0
29/11/2024 18:00,WIND,492301,1,HCM,1,62122,1011,130,8,110,15,1710,6,6,6,6,6,NA,NA,NA,NA,29/11/2024 18:02,0
29/11/2024 19:00,WIND,492301,1,HCM,1,62122,1011,140,6,150,13,1805,6,6,6,6,6,NA,NA,NA,NA,29/11/2024 19:02,0
29/11/2024 20:00,WIND,492301,1,HCM,1,62122,1011,140,7,140,14,1943,6,6,6,6,6,NA,NA,NA,NA,29/11/2024 20:03,0
29/11/2024 21:00,WIND,492301,1,HCM,1,62122,1011,150,7,150,14,2017,6,6,6,6,6,NA,NA,NA,NA,29/11/2024 21:03,0
29/11/2024 22:00,WIND,492301,1,HCM,1,62122,1011,150,5,170,10,2111,6,6,6,6,6,NA,NA,NA,NA,29/11/2024 22:03,0
29/11/2024 23:00,WIND,492301,1,HCM,1,62122,1011,160,5,140,10,2152,6,6,6,6,6,NA,NA,NA,NA,29/11/2024 23:02,0
30/11/2024 00:00,WIND,492301,1,HCM,1,62122,1011,160,6,160,11,2346,6,6,6,6,6,NA,NA,NA,NA,30/11/2024 00:03,0
30/11/2024 01:00,WIND,492301,1,HCM,1,62122,1011,170,5,170,10,2353,6,6,6,6,6,NA,NA,NA,NA,30/11/2024 01:03,0
30/11/2024 02:00,WIND,492301,1,HCM,1,62122,1011,160,5,160,9,130,6,6,6,6,6,NA,NA,NA,NA,30/11/2024 02:02,0
30/11/2024 03:00,WIND,492301,1,HCM,1,62122,1011,160,5,160,10,231,6,6,6,6,6,NA,NA,NA,NA,30/11/2024 03:03,0
30/11/2024 04:00,WIND,492301,1,HCM,1,62122,1011,170,5,180,10,323,6,6,6,6,6,NA,NA,NA,NA,30/11/2024 04:02,0
30/11/2024 05:00,WIND,492301,1,HCM,1,62122,1011,170,5,160,11,434,6,6,6,6,6,NA,NA,NA,NA,30/11/2024 05:02,0
30/11/2024 06:00,WIND,492301,1,HCM,1,62122,1011,170,4,160,8,501,6,6,6,6,6,NA,NA,NA,NA,30/11/2024 06:03,0
30/11/2024 07:00,WIND,492301,1,HCM,1,62122,1011,170,4,180,7,635,6,6,6,6,6,NA,NA,NA,NA,30/11/2024 07:02,0
30/11/2024 08:00,WIND,492301,1,HCM,1,62122,1011,170,4,190,8,703,6,6,6,6,6,NA,NA,NA,NA,30/11/2024 08:02,0
30/11/2024 09:00,WIND,492301,1,HCM,1,62122,1011,170,4,180,7,824,6,6,6,6,6,NA,NA,NA,NA,30/11/2024 09:03,0
30/11/2024 10:00,WIND,492301,1,HCM,1,62122,1011,180,6,180,12,927,6,6,6,6,6,NA,NA,NA,NA,30/11/2024 10:03,0
30/11/2024 11:00,WIND,492301,1,HCM,1,62122,1011,180,5,170,11,958,6,6,6,6,6,NA,NA,NA,NA,30/11/2024 11:02,0
30/11/2024 12:00,WIND,492301,1,HCM,1,62122,1011,190,7,200,16,1138,6,6,6,6,6,NA,NA,NA,NA,30/11/2024 12:02,0
30/11/2024 13:00,WIND,492301,1,HCM,1,62122,1011,180,7,180,17,1235,6,6,6,6,6,NA,NA,NA,NA,30/11/2024 13:02,0
30/11/2024 14:00,WIND,492301,1,HCM,1,62122,1011,180,8,170,16,1323,6,6,6,6,6,NA,NA,NA,NA,30/11/2024 14:03,0
30/11/2024 15:00,WIND,492301,1,HCM,1,62122,1011,190,8,220,17,1418,6,6,6,6,6,NA,NA,NA,NA,30/11/2024 15:03,0
30/11/2024 16:00,WIND,492301,1,HCM,1,62122,1011,180,7,200,15,1505,6,6,6,6,6,NA,NA,NA,NA,30/11/2024 16:03,0
30/11/2024 17:00,WIND,492301,1,HCM,1,62122,1011,170,7,190,19,1601,6,6,6,6,6,NA,NA,NA,NA,30/11/2024 17:02,0
30/11/2024 18:00,WIND,492301,1,HCM,1,62122,1011,180,5,180,13,1653,6,6,6,6,6,NA,NA,NA,NA,30/11/2024 18:02,0
30/11/2024 19:00,WIND,492301,1,HCM,1,62122,1011,170,8,160,16,1839,6,6,6,6,6,NA,NA,NA,NA,30/11/2024 19:02,0
30/11/2024 20:00,WIND,492301,1,HCM,1,62122,1011,140,9,150,16,1937,6,6,6,6,6,NA,NA,NA,NA,30/11/2024 20:02,0
30/11/2024 21:00,WIND,492301,1,HCM,1,62122,1011,140,10,140,18,2005,6,6,6,6,6,NA,NA,NA,NA,30/11/2024 21:02,0
30/11/2024 22:00,WIND,492301,1,HCM,1,62122,1011,150,10,130,19,2129,6,6,6,6,6,NA,NA,NA,NA,30/11/2024 22:02,0
30/11/2024 23:00,WIND,492301,1,HCM,1,62122,1011,140,9,170,16,2216,6,6,6,6,6,NA,NA,NA,NA,30/11/2024 23:02,0
01/12/2024 00:00,WIND,492301,1,HCM,1,62122,1011,140,9,130,17,2330,6,6,6,6,6,NA,NA,NA,NA,01/12/2024 00:03,0
01/12/2024 01:00,WIND,492301,1,HCM,1,62122,1011,130,10,140,19,30,6,6,6,6,6,NA,NA,NA,NA,01/12/2024 01:03,0
01/12/2024 02:00,WIND,492301,1,HCM,1,62122,1011,140,10,140,17,107,6,6,6,6,6,NA,NA,NA,NA,01/12/2024 02:02,0
01/12/2024 03:00,WIND,492301,1,HCM,1,62122,1011,140,10,150,19,151,6,6,6,6,6,NA,NA,NA,NA,01/12/2024 03:02,0
01/12/2024 04:00,WIND,492301,1,HCM,1,62122,1011,140,9,150,17,342,6,6,6,6,6,NA,NA,NA,NA,01/12/2024 04:03,0
01/12/2024 05:00,WIND,492301,1,HCM,1,62122,1011,150,9,170,19,440,6,6,6,6,6,NA,NA,NA,NA,01/12/2024 05:02,0
01/12/2024 06:00,WIND,492301,1,HCM,1,62122,1011,170,10,180,21,515,6,6,6,6,6,NA,NA,NA,NA,01/12/2024 06:03,0
01/12/2024 07:00,WIND,492301,1,HCM,1,62122,1011,170,9,170,20,555,6,6,6,6,6,NA,NA,NA,NA,01/12/2024 07:02,0
01/12/2024 08:00,WIND,492301,1,HCM,1,62122,1011,160,8,150,17,729,6,6,6,6,6,NA,NA,NA,NA,01/12/2024 08:02,0
01/12/2024 09:00,WIND,492301,1,HCM,1,62122,1011,180,8,160,17,805,6,6,6,6,6,NA,NA,NA,NA,01/12/2024 09:03,0
01/12/2024 10:00,WIND,492301,1,HCM,1,62122,1011,210,6,200,12,900,6,6,6,6,6,NA,NA,NA,NA,01/12/2024 10:03,0
01/12/2024 11:00,WIND,492301,1,HCM,1,62122,1011,210,5,200,10,1013,6,6,6,6,6,NA,NA,NA,NA,01/12/2024 11:03,0
01/12/2024 12:00,WIND,492301,1,HCM,1,62122,1011,230,8,240,16,1135,6,6,6,6,6,NA,NA,NA,NA,01/12/2024 12:02,0
01/12/2024 13:00,WIND,492301,1,HCM,1,62122,1011,240,9,250,16,1233,6,6,6,6,6,NA,NA,NA,NA,01/12/2024 13:02,0
01/12/2024 14:00,WIND,492301,1,HCM,1,62122,1011,230,7,230,14,1304,6,6,6,6,6,NA,NA,NA,NA,01/12/2024 14:02,0
01/12/2024 15:00,WIND,492301,1,HCM,1,62122,1011,200,6,230,12,1351,6,6,6,6,6,NA,NA,NA,NA,01/12/2024 15:02,0
01/12/2024 16:00,WIND,492301,1,HCM,1,62122,1011,190,6,180,14,1502,6,6,6,6,6,NA,NA,NA,NA,01/12/2024 16:02,0
01/12/2024 17:00,WIND,492301,1,HCM,1,62122,1011,190,6,170,12,1626,6,6,6,6,6,NA,NA,NA,NA,01/12/2024 17:02,0
01/12/2024 18:00,WIND,492301,1,HCM,1,62122,1011,200,7,240,14,1743,6,6,6,6,6,NA,NA,NA,NA,01/12/2024 18:02,0
01/12/2024 19:00,WIND,492301,1,HCM,1,62122,1011,240,9,230,17,1833,6,6,6,6,6,NA,NA,NA,NA,01/12/2024 19:03,0
01/12/2024 20:00,WIND,492301,1,HCM,1,62122,1011,230,8,230,16,1913,6,6,6,6,6,NA,NA,NA,NA,01/12/2024 20:02,0
01/12/2024 21:00,WIND,492301,1,HCM,1,62122,1011,220,8,240,14,1957,6,6,6,6,6,NA,NA,NA,NA,01/12/2024 21:03,0
01/12/2024 22:00,WIND,492301,1,HCM,1,62122,1011,210,7,210,14,2146,6,6,6,6,6,NA,NA,NA,NA,01/12/2024 22:02,0
01/12/2024 23:00,WIND,492301,1,HCM,1,62122,1011,210,7,210,13,2219,6,6,6,6,6,NA,NA,NA,NA,01/12/2024 23:03,0
02/12/2024 00:00,WIND,492301,1,HCM,1,62122,1011,230,7,230,16,2312,6,6,6,6,6,NA,NA,NA,NA,02/12/2024 00:03,0
02/12/2024 01:00,WIND,492301,1,HCM,1,62122,1011,220,9,220,17,35,6,6,6,6,6,NA,NA,NA,NA,02/12/2024 01:02,0
02/12/2024 02:00,WIND,492301,1,HCM,1,62122,1011,230,8,240,16,50,6,6,6,6,6,NA,NA,NA,NA,02/12/2024 02:03,0
02/12/2024 03:00,WIND,492301,1,HCM,1,62122,1011,240,9,240,17,218,6,6,6,6,6,NA,NA,NA,NA,02/12/2024 03:02,0
02/12/2024 04:00,WIND,492301,1,HCM,1,62122,1011,230,7,230,13,253,6,6,6,6,6,NA,NA,NA,NA,02/12/2024 04:02,0
02/12/2024 05:00,WIND,492301,1,HCM,1,62122,1011,240,7,260,13,410,6,6,6,6,6,NA,NA,NA,NA,02/12/2024 05:07,0
02/12/2024 06:00,WIND,492301,1,HCM,1,62122,1011,240,7,240,13,511,6,6,6,6,6,NA,NA,NA,NA,02/12/2024 06:03,0
02/12/2024 07:00,WIND,492301,1,HCM,1,62122,1011,240,8,240,14,632,6,6,6,6,6,NA,NA,NA,NA,02/12/2024 07:02,0
02/12/2024 08:00,WIND,492301,1,HCM,1,62122,1011,240,8,240,15,708,6,6,6,6,6,NA,NA,NA,NA,02/12/2024 08:02,0
02/12/2024 09:00,WIND,492301,1,HCM,1,62122,1011,250,8,240,15,751,6,6,6,6,6,NA,NA,NA,NA,02/12/2024 09:03,0
02/12/2024 10:00,WIND,492301,1,HCM,1,62122,1011,250,7,270,13,858,6,6,6,6,6,NA,NA,NA,NA,02/12/2024 10:02,0
02/12/2024 11:00,WIND,492301,1,HCM,1,62122,1011,260,9,260,17,1049,6,6,6,6,6,NA,NA,NA,NA,02/12/2024 11:02,0
02/12/2024 12:00,WIND,492301,1,HCM,1,62122,1011,260,9,260,16,1056,6,6,6,6,6,NA,NA,NA,NA,02/12/2024 12:03,0
02/12/2024 13:00,WIND,492301,1,HCM,1,62122,1011,280,9,280,21,1225,6,6,6,6,6,NA,NA,NA,NA,02/12/2024 13:03,0
02/12/2024 14:00,WIND,492301,1,HCM,1,62122,1011,280,8,270,16,1252,6,6,6,6,6,NA,NA,NA,NA,02/12/2024 14:03,0
02/12/2024 15:00,WIND,492301,1,HCM,1,62122,1011,250,10,260,20,1408,6,6,6,6,6,NA,NA,NA,NA,02/12/2024 15:02,0
02/12/2024 16:00,WIND,492301,1,HCM,1,62122,1011,250,11,230,19,1501,6,6,6,6,6,NA,NA,NA,NA,02/12/2024 16:02,0
02/12/2024 17:00,WIND,492301,1,HCM,1,62122,1011,250,8,250,17,1551,6,6,6,6,6,NA,NA,NA,NA,02/12/2024 17:02,0
02/12/2024 18:00,WIND,492301,1,HCM,1,62122,1011,260,8,260,14,1700,6,6,6,6,6,NA,NA,NA,NA,02/12/2024 18:03,0
02/12/2024 19:00,WIND,492301,1,HCM,1,62122,1011,290,8,280,15,1812,6,6,6,6,6,NA,NA,NA,NA,02/12/2024 19:03,0
02/12/2024 20:00,WIND,492301,1,HCM,1,62122,1011,310,6,320,12,1856,6,6,6,6,6,NA,NA,NA,NA,02/12/2024 20:02,0
02/12/2024 21:00,WIND,492301,1,HCM,1,62122,1011,320,4,310,9,2009,6,6,6,6,6,NA,NA,NA,NA,02/12/2024 21:03,0
02/12/2024 22:00,WIND,492301,1,HCM,1,62122,1011,320,3,320,9,2109,6,6,6,6,6,NA,NA,NA,NA,02/12/2024 22:02,0
02/12/2024 23:00,WIND,492301,1,HCM,1,62122,1011,300,2,340,5,2151,6,6,6,6,6,NA,NA,NA,NA,02/12/2024 23:02,0
03/12/2024 00:00,WIND,492301,1,HCM,1,62122,1011,300,2,300,5,2251,6,6,6,6,6,NA,NA,NA,NA,03/12/2024 00:03,0
03/12/2024 01:00,WIND,492301,1,HCM,1,62122,1011,330,2,360,4,40,6,6,6,6,6,NA,NA,NA,NA,03/12/2024 01:02,0
03/12/2024 02:00,WIND,492301,1,HCM,1,62122,1011,340,2,340,6,139,6,6,6,6,6,NA,NA,NA,NA,03/12/2024 02:02,0
03/12/2024 03:00,WIND,492301,1,HCM,1,62122,1011,30,2,340,8,156,6,6,6,6,6,NA,NA,NA,NA,03/12/2024 03:02,0
03/12/2024 04:00,WIND,492301,1,HCM,1,62122,1011,310,1,270,2,316,6,6,6,6,6,NA,NA,NA,NA,03/12/2024 04:02,0
03/12/2024 05:00,WIND,492301,1,HCM,1,62122,1011,330,2,320,7,357,6,6,6,6,6,NA,NA,NA,NA,03/12/2024 05:02,0
03/12/2024 06:00,WIND,492301,1,HCM,1,62122,1011,330,1,320,4,510,6,6,6,6,6,NA,NA,NA,NA,03/12/2024 06:03,0
03/12/2024 07:00,WIND,492301,1,HCM,1,62122,1011,70,2,60,5,643,6,6,6,6,6,NA,NA,NA,NA,03/12/2024 07:02,0
03/12/2024 08:00,WIND,492301,1,HCM,1,62122,1011,70,2,50,5,744,6,6,6,6,6,NA,NA,NA,NA,03/12/2024 08:02,0
03/12/2024 09:00,WIND,492301,1,HCM,1,62122,1011,90,3,110,6,843,6,6,6,6,6,NA,NA,NA,NA,03/12/2024 09:03,0
03/12/2024 10:00,WIND,492301,1,HCM,1,62122,1011,110,3,90,6,936,6,6,6,6,6,NA,NA,NA,NA,03/12/2024 10:02,0
03/12/2024 11:00,WIND,492301,1,HCM,1,62122,1011,110,4,120,8,1037,6,6,6,6,6,NA,NA,NA,NA,03/12/2024 11:03,0
03/12/2024 12:00,WIND,492301,1,HCM,1,62122,1011,110,4,120,7,1053,6,6,6,6,6,NA,NA,NA,NA,03/12/2024 12:03,0
03/12/2024 13:00,WIND,492301,1,HCM,1,62122,1011,100,3,90,6,1214,6,6,6,6,6,NA,NA,NA,NA,03/12/2024 13:03,0
03/12/2024 14:00,WIND,492301,1,HCM,1,62122,1011,100,3,100,5,1312,6,6,6,6,6,NA,NA,NA,NA,03/12/2024 14:03,0
03/12/2024 15:00,WIND,492301,1,HCM,1,62122,1011,80,3,80,6,1353,6,6,6,6,6,NA,NA,NA,NA,03/12/2024 15:03,0
03/12/2024 16:00,WIND,492301,1,HCM,1,62122,1011,90,3,100,5,1515,6,6,6,6,6,NA,NA,NA,NA,03/12/2024 16:03,0
03/12/2024 17:00,WIND,492301,1,HCM,1,62122,1011,80,2,140,3,1559,6,6,6,6,6,NA,NA,NA,NA,03/12/2024 17:03,0
03/12/2024 18:00,WIND,492301,1,HCM,1,62122,1011,60,2,60,4,1749,6,6,6,6,6,NA,NA,NA,NA,03/12/2024 18:03,0
03/12/2024 19:00,WIND,492301,1,HCM,1,62122,1011,80,2,60,4,1750,6,6,6,6,6,NA,NA,NA,NA,03/12/2024 19:03,0
03/12/2024 20:00,WIND,492301,1,HCM,1,62122,1011,130,2,100,4,1917,6,6,6,6,6,NA,NA,NA,NA,03/12/2024 20:03,0
03/12/2024 21:00,WIND,492301,1,HCM,1,62122,1011,150,3,140,8,2042,6,6,6,6,6,NA,NA,NA,NA,03/12/2024 21:03,0
03/12/2024 22:00,WIND,492301,1,HCM,1,62122,1011,190,2,150,7,2055,6,6,6,6,6,NA,NA,NA,NA,03/12/2024 22:03,0
03/12/2024 23:00,WIND,492301,1,HCM,1,62122,1011,190,2,160,5,2245,6,6,6,6,6,NA,NA,NA,NA,03/12/2024 23:03,0
04/12/2024 00:00,WIND,492301,1,HCM,1,62122,1011,170,2,160,5,2252,6,6,6,6,6,NA,NA,NA,NA,04/12/2024 00:03,0
04/12/2024 01:00,WIND,492301,1,HCM,1,62122,1011,160,2,150,4,2353,6,6,6,6,6,NA,NA,NA,NA,04/12/2024 01:03,0
04/12/2024 02:00,WIND,492301,1,HCM,1,62122,1011,110,2,130,4,116,6,6,6,6,6,NA,NA,NA,NA,04/12/2024 02:03,0
04/12/2024 03:00,WIND,492301,1,HCM,1,62122,1011,170,2,140,4,206,6,6,6,6,6,NA,NA,NA,NA,04/12/2024 03:03,0
04/12/2024 04:00,WIND,492301,1,HCM,1,62122,1011,170,2,150,4,318,6,6,6,6,6,NA,NA,NA,NA,04/12/2024 04:03,0
04/12/2024 05:00,WIND,492301,1,HCM,1,62122,1011,190,1,190,3,359,6,6,6,6,6,NA,NA,NA,NA,04/12/2024 05:03,0
04/12/2024 06:00,WIND,492301,1,HCM,1,62122,1011,180,2,230,5,459,6,6,6,6,6,NA,NA,NA,NA,04/12/2024 06:03,0
04/12/2024 07:00,WIND,492301,1,HCM,1,62122,1011,90,2,70,4,617,6,6,6,6,6,NA,NA,NA,NA,04/12/2024 07:03,0
04/12/2024 08:00,WIND,492301,1,HCM,1,62122,1011,150,2,140,4,733,6,6,6,6,6,NA,NA,NA,NA,04/12/2024 08:03,0
04/12/2024 09:00,WIND,492301,1,HCM,1,62122,1011,110,2,60,5,819,6,6,6,6,6,NA,NA,NA,NA,04/12/2024 09:03,0
04/12/2024 10:00,WIND,492301,1,HCM,1,62122,1011,120,2,80,5,949,6,6,6,6,6,NA,NA,NA,NA,04/12/2024 10:03,0
04/12/2024 11:00,WIND,492301,1,HCM,1,62122,1011,100,2,90,5,952,6,6,6,6,6,NA,NA,NA,NA,04/12/2024 11:03,0
04/12/2024 12:00,WIND,492301,1,HCM,1,62122,1011,130,2,130,5,1111,6,6,6,6,6,NA,NA,NA,NA,04/12/2024 12:03,0
04/12/2024 13:00,WIND,492301,1,HCM,1,62122,1011,180,5,190,12,1241,6,6,6,6,6,NA,NA,NA,NA,04/12/2024 13:03,0
04/12/2024 14:00,WIND,492301,1,HCM,1,62122,1011,190,8,210,14,1341,6,6,6,6,6,NA,NA,NA,NA,04/12/2024 14:03,0
04/12/2024 15:00,WIND,492301,1,HCM,1,62122,1011,190,7,180,14,1429,6,6,6,6,6,NA,NA,NA,NA,04/12/2024 15:03,0
04/12/2024 16:00,WIND,492301,1,HCM,1,62122,1011,190,6,190,13,1532,6,6,6,6,6,NA,NA,NA,NA,04/12/2024 16:03,0
04/12/2024 17:00,WIND,492301,1,HCM,1,62122,1011,180,8,190,15,1615,6,6,6,6,6,NA,NA,NA,NA,04/12/2024 17:03,0
04/12/2024 18:00,WIND,492301,1,HCM,1,62122,1011,170,7,190,15,1746,6,6,6,6,6,NA,NA,NA,NA,04/12/2024 18:03,0
04/12/2024 19:00,WIND,492301,1,HCM,1,62122,1011,170,9,160,19,1838,6,6,6,6,6,NA,NA,NA,NA,04/12/2024 19:03,0
04/12/2024 20:00,WIND,492301,1,HCM,1,62122,1011,170,10,190,20,1939,6,6,6,6,6,NA,NA,NA,NA,04/12/2024 20:03,0
04/12/2024 21:00,WIND,492301,1,HCM,1,62122,1011,180,11,200,21,2003,6,6,6,6,6,NA,NA,NA,NA,04/12/2024 21:03,0
04/12/2024 22:00,WIND,492301,1,HCM,1,62122,1011,170,9,190,18,2054,6,6,6,6,6,NA,NA,NA,NA,04/12/2024 22:03,0
04/12/2024 23:00,WIND,492301,1,HCM,1,62122,1011,170,10,170,22,2230,6,6,6,6,6,NA,NA,NA,NA,04/12/2024 23:03,0
05/12/2024 00:00,WIND,492301,1,HCM,1,62122,1011,170,11,190,23,2332,6,6,6,6,6,NA,NA,NA,NA,05/12/2024 00:03,0
05/12/2024 01:00,WIND,492301,1,HCM,1,62122,1011,180,11,160,21,39,6,6,6,6,6,NA,NA,NA,NA,05/12/2024 01:03,0
05/12/2024 02:00,WIND,492301,1,HCM,1,62122,1011,180,10,190,22,53,6,6,6,6,6,NA,NA,NA,NA,05/12/2024 02:03,0
05/12/2024 03:00,WIND,492301,1,HCM,1,62122,1011,180,8,180,17,229,6,6,6,6,6,NA,NA,NA,NA,05/12/2024 03:03,0
05/12/2024 04:00,WIND,492301,1,HCM,1,62122,1011,200,8,200,17,337,6,6,6,6,6,NA,NA,NA,NA,05/12/2024 04:03,0
05/12/2024 05:00,WIND,492301,1,HCM,1,62122,1011,210,10,200,18,407,6,6,6,6,6,NA,NA,NA,NA,05/12/2024 05:03,0
05/12/2024 06:00,WIND,492301,1,HCM,1,62122,1011,240,13,240,26,541,6,6,6,6,6,NA,NA,NA,NA,05/12/2024 06:03,0
05/12/2024 07:00,WIND,492301,1,HCM,1,62122,1011,240,13,250,25,625,6,6,6,6,6,NA,NA,NA,NA,05/12/2024 07:03,0
05/12/2024 08:00,WIND,492301,1,HCM,1,62122,1011,240,15,250,24,652,6,6,6,6,6,NA,NA,NA,NA,05/12/2024 08:03,0
05/12/2024 09:00,WIND,492301,1,HCM,1,62122,1011,240,15,240,25,806,6,6,6,6,6,NA,NA,NA,NA,05/12/2024 09:03,0
05/12/2024 10:00,WIND,492301,1,HCM,1,62122,1011,240,12,250,23,906,6,6,6,6,6,NA,NA,NA,NA,05/12/2024 10:03,0
05/12/2024 11:00,WIND,492301,1,HCM,1,62122,1011,230,13,230,24,1031,6,6,6,6,6,NA,NA,NA,NA,05/12/2024 11:03,0
05/12/2024 12:00,WIND,492301,1,HCM,1,62122,1011,230,12,220,21,1126,6,6,6,6,6,NA,NA,NA,NA,05/12/2024 12:03,0
05/12/2024 13:00,WIND,492301,1,HCM,1,62122,1011,230,12,220,22,1249,6,6,6,6,6,NA,NA,NA,NA,05/12/2024 13:03,0
05/12/2024 14:00,WIND,492301,1,HCM,1,62122,1011,230,14,210,27,1310,6,6,6,6,6,NA,NA,NA,NA,05/12/2024 14:03,0
05/12/2024 15:00,WIND,492301,1,HCM,1,62122,1011,220,13,230,26,1406,6,6,6,6,6,NA,NA,NA,NA,05/12/2024 15:03,0
05/12/2024 16:00,WIND,492301,1,HCM,1,62122,1011,210,11,200,19,1515,6,6,6,6,6,NA,NA,NA,NA,05/12/2024 16:03,0
05/12/2024 17:00,WIND,492301,1,HCM,1,62122,1011,210,14,210,30,1639,6,6,6,6,6,NA,NA,NA,NA,05/12/2024 17:03,0
05/12/2024 18:00,WIND,492301,1,HCM,1,62122,1011,230,21,260,41,1742,6,6,6,6,6,NA,NA,NA,NA,05/12/2024 18:03,0
05/12/2024 19:00,WIND,492301,1,HCM,1,62122,1011,250,16,240,34,1758,6,6,6,6,6,NA,NA,NA,NA,05/12/2024 19:03,0
05/12/2024 20:00,WIND,492301,1,HCM,1,62122,1011,260,14,260,29,1853,6,6,6,6,6,NA,NA,NA,NA,05/12/2024 20:03,0
05/12/2024 21:00,WIND,492301,1,HCM,1,62122,1011,260,11,270,22,1952,6,6,6,6,6,NA,NA,NA,NA,05/12/2024 21:03,0
05/12/2024 22:00,WIND,492301,1,HCM,1,62122,1011,260,11,260,20,2139,6,6,6,6,6,NA,NA,NA,NA,05/12/2024 22:03,0
05/12/2024 23:00,WIND,492301,1,HCM,1,62122,1011,260,11,260,20,2244,6,6,6,6,6,NA,NA,NA,NA,05/12/2024 23:03,0
06/12/2024 00:00,WIND,492301,1,HCM,1,62122,1011,260,11,280,21,2340,6,6,6,6,6,NA,NA,NA,NA,06/12/2024 00:03,0
06/12/2024 01:00,WIND,492301,1,HCM,1,62122,1011,270,9,270,19,17,6,6,6,6,6,NA,NA,NA,NA,06/12/2024 01:03,0
06/12/2024 02:00,WIND,492301,1,HCM,1,62122,1011,290,6,280,13,131,6,6,6,6,6,NA,NA,NA,NA,06/12/2024 02:03,0
06/12/2024 03:00,WIND,492301,1,HCM,1,62122,1011,280,8,290,17,247,6,6,6,6,6,NA,NA,NA,NA,06/12/2024 03:03,0
06/12/2024 04:00,WIND,492301,1,HCM,1,62122,1011,290,9,290,19,254,6,6,6,6,6,NA,NA,NA,NA,06/12/2024 04:03,0
06/12/2024 05:00,WIND,492301,1,HCM,1,62122,1011,280,7,300,17,358,6,6,6,6,6,NA,NA,NA,NA,06/12/2024 05:03,0
06/12/2024 06:00,WIND,492301,1,HCM,1,62122,1011,240,8,250,18,537,6,6,6,6,6,NA,NA,NA,NA,06/12/2024 06:03,0
06/12/2024 07:00,WIND,492301,1,HCM,1,62122,1011,250,9,230,15,552,6,6,6,6,6,NA,NA,NA,NA,06/12/2024 07:03,0
06/12/2024 08:00,WIND,492301,1,HCM,1,62122,1011,240,7,240,14,653,6,6,6,6,6,NA,NA,NA,NA,06/12/2024 08:03,0
06/12/2024 09:00,WIND,492301,1,HCM,1,62122,1011,240,6,240,10,840,6,6,6,6,6,NA,NA,NA,NA,06/12/2024 09:03,0
06/12/2024 10:00,WIND,492301,1,HCM,1,62122,1011,260,5,240,10,937,6,6,6,6,6,NA,NA,NA,NA,06/12/2024 10:03,0
06/12/2024 11:00,WIND,492301,1,HCM,1,62122,1011,260,6,250,11,1006,6,6,6,6,6,NA,NA,NA,NA,06/12/2024 11:03,0
06/12/2024 12:00,WIND,492301,1,HCM,1,62122,1011,240,6,210,12,1113,6,6,6,6,6,NA,NA,NA,NA,06/12/2024 12:03,0
06/12/2024 13:00,WIND,492301,1,HCM,1,62122,1011,210,5,220,10,1157,6,6,6,6,6,NA,NA,NA,NA,06/12/2024 13:03,0
06/12/2024 14:00,WIND,492301,1,HCM,1,62122,1011,170,6,190,12,1320,6,6,6,6,6,NA,NA,NA,NA,06/12/2024 14:03,0
06/12/2024 15:00,WIND,492301,1,HCM,1,62122,1011,160,6,180,13,1407,6,6,6,6,6,NA,NA,NA,NA,06/12/2024 15:03,0
06/12/2024 16:00,WIND,492301,1,HCM,1,62122,1011,150,6,140,12,1453,6,6,6,6,6,NA,NA,NA,NA,06/12/2024 16:03,0
06/12/2024 17:00,WIND,492301,1,HCM,1,62122,1011,130,7,120,15,1647,6,6,6,6,6,NA,NA,NA,NA,06/12/2024 17:03,0
06/12/2024 18:00,WIND,492301,1,HCM,1,62122,1011,140,10,150,19,1737,6,6,6,6,6,NA,NA,NA,NA,06/12/2024 18:03,0
06/12/2024 19:00,WIND,492301,1,HCM,1,62122,1011,170,12,190,23,1825,6,6,6,6,6,NA,NA,NA,NA,06/12/2024 19:03,0
06/12/2024 20:00,WIND,492301,1,HCM,1,62122,1011,160,13,170,27,1907,6,6,6,6,6,NA,NA,NA,NA,06/12/2024 20:03,0
06/12/2024 21:00,WIND,492301,1,HCM,1,62122,1011,160,12,150,23,1959,6,6,6,6,6,NA,NA,NA,NA,06/12/2024 21:03,0
06/12/2024 22:00,WIND,492301,1,HCM,1,62122,1011,170,13,160,25,2130,6,6,6,6,6,NA,NA,NA,NA,06/12/2024 22:03,0
06/12/2024 23:00,WIND,492301,1,HCM,1,62122,1011,200,15,220,32,2241,6,6,6,6,6,NA,NA,NA,NA,06/12/2024 23:03,0
07/12/2024 00:00,WIND,492301,1,HCM,1,62122,1011,230,16,230,34,2255,6,6,6,6,6,NA,NA,NA,NA,07/12/2024 00:03,0
07/12/2024 01:00,WIND,492301,1,HCM,1,62122,1011,220,18,220,34,40,6,6,6,6,6,NA,NA,NA,NA,07/12/2024 01:03,0
07/12/2024 02:00,WIND,492301,1,HCM,1,62122,1011,230,20,240,39,135,6,6,6,6,6,NA,NA,NA,NA,07/12/2024 02:03,0
07/12/2024 03:00,WIND,492301,1,HCM,1,62122,1011,240,24,260,44,231,6,6,6,6,6,NA,NA,NA,NA,07/12/2024 03:03,0
07/12/2024 04:00,WIND,492301,1,HCM,1,62122,1011,240,28,240,54,317,6,6,6,6,6,NA,NA,NA,NA,07/12/2024 04:03,0
07/12/2024 05:00,WIND,492301,1,HCM,1,62122,1011,250,27,270,46,357,6,6,6,6,6,NA,NA,NA,NA,07/12/2024 05:03,0
07/12/2024 06:00,WIND,492301,1,HCM,1,62122,1011,250,26,240,43,530,6,6,6,6,6,NA,NA,NA,NA,07/12/2024 06:03,0
07/12/2024 07:00,WIND,492301,1,HCM,1,62122,1011,250,23,260,40,555,6,6,6,6,6,NA,NA,NA,NA,07/12/2024 07:03,0
07/12/2024 08:00,WIND,492301,1,HCM,1,62122,1011,260,21,260,43,732,6,6,6,6,6,NA,NA,NA,NA,07/12/2024 08:03,0
07/12/2024 09:00,WIND,492301,1,HCM,1,62122,1011,260,20,250,36,758,6,6,6,6,6,NA,NA,NA,NA,07/12/2024 09:03,0
07/12/2024 10:00,WIND,492301,1,HCM,1,62122,1011,260,20,250,37,930,6,6,6,6,6,NA,NA,NA,NA,07/12/2024 10:03,0
07/12/2024 11:00,WIND,492301,1,HCM,1,62122,1011,260,19,260,34,1018,6,6,6,6,6,NA,NA,NA,NA,07/12/2024 11:03,0
07/12/2024 12:00,WIND,492301,1,HCM,1,62122,1011,270,19,280,34,1134,6,6,6,6,6,NA,NA,NA,NA,07/12/2024 12:03,0
07/12/2024 13:00,WIND,492301,1,HCM,1,62122,1011,280,15,280,31,1156,6,6,6,6,6,NA,NA,NA,NA,07/12/2024 13:03,0
07/12/2024 14:00,WIND,492301,1,HCM,1,62122,1011,300,16,300,32,1342,6,6,6,6,6,NA,NA,NA,NA,07/12/2024 14:03,0
07/12/2024 15:00,WIND,492301,1,HCM,1,62122,1011,300,17,300,35,1444,6,6,6,6,6,NA,NA,NA,NA,07/12/2024 15:03,0
07/12/2024 16:00,WIND,492301,1,HCM,1,62122,1011,300,15,300,32,1500,6,6,6,6,6,NA,NA,NA,NA,07/12/2024 16:03,0
07/12/2024 17:00,WIND,492301,1,HCM,1,62122,1011,300,16,320,41,1641,6,6,6,6,6,NA,NA,NA,NA,07/12/2024 17:03,0
07/12/2024 18:00,WIND,492301,1,HCM,1,62122,1011,300,16,300,38,1719,6,6,6,6,6,NA,NA,NA,NA,07/12/2024 18:03,0
07/12/2024 19:00,WIND,492301,1,HCM,1,62122,1011,300,15,300,33,1810,6,6,6,6,6,NA,NA,NA,NA,07/12/2024 19:03,0
07/12/2024 20:00,WIND,492301,1,HCM,1,62122,1011,310,13,310,28,1917,6,6,6,6,6,NA,NA,NA,NA,07/12/2024 20:03,0
07/12/2024 21:00,WIND,492301,1,HCM,1,62122,1011,310,14,320,30,2011,6,6,6,6,6,NA,NA,NA,NA,07/12/2024 21:03,0
07/12/2024 22:00,WIND,492301,1,HCM,1,62122,1011,310,14,320,29,2141,6,6,6,6,6,NA,NA,NA,NA,07/12/2024 22:03,0
07/12/2024 23:00,WIND,492301,1,HCM,1,62122,1011,310,14,300,31,2202,6,6,6,6,6,NA,NA,NA,NA,07/12/2024 23:03,0
08/12/2024 00:00,WIND,492301,1,HCM,1,62122,1011,310,15,320,29,2344,6,6,6,6,6,NA,NA,NA,NA,08/12/2024 00:03,0
08/12/2024 01:00,WIND,492301,1,HCM,1,62122,1011,320,15,330,31,40,6,6,6,6,6,NA,NA,NA,NA,08/12/2024 01:03,0
08/12/2024 02:00,WIND,492301,1,HCM,1,62122,1011,330,17,330,33,117,6,6,6,6,6,NA,NA,NA,NA,08/12/2024 02:03,0
08/12/2024 03:00,WIND,492301,1,HCM,1,62122,1011,330,17,330,34,151,6,6,6,6,6,NA,NA,NA,NA,08/12/2024 03:03,0
08/12/2024 04:00,WIND,492301,1,HCM,1,62122,1011,330,17,320,34,307,6,6,6,6,6,NA,NA,NA,NA,08/12/2024 04:03,0
08/12/2024 05:00,WIND,492301,1,HCM,1,62122,1011,330,18,340,32,436,6,6,6,6,6,NA,NA,NA,NA,08/12/2024 05:03,0
08/12/2024 06:00,WIND,492301,1,HCM,1,62122,1011,340,17,330,36,511,6,6,6,6,6,NA,NA,NA,NA,08/12/2024 06:03,0
08/12/2024 07:00,WIND,492301,1,HCM,1,62122,1011,340,18,340,32,628,6,6,6,6,6,NA,NA,NA,NA,08/12/2024 07:03,0
08/12/2024 08:00,WIND,492301,1,HCM,1,62122,1011,340,16,350,27,700,6,6,6,6,6,NA,NA,NA,NA,08/12/2024 08:03,0
08/12/2024 09:00,WIND,492301,1,HCM,1,62122,1011,340,15,330,29,751,6,6,6,6,6,NA,NA,NA,NA,08/12/2024 09:03,0
08/12/2024 10:00,WIND,492301,1,HCM,1,62122,1011,340,15,330,30,927,6,6,6,6,6,NA,NA,NA,NA,08/12/2024 10:03,0
08/12/2024 11:00,WIND,492301,1,HCM,1,62122,1011,340,16,330,28,1016,6,6,6,6,6,NA,NA,NA,NA,08/12/2024 11:03,0
08/12/2024 12:00,WIND,492301,1,HCM,1,62122,1011,340,15,360,29,1053,6,6,6,6,6,NA,NA,NA,NA,08/12/2024 12:03,0
08/12/2024 13:00,WIND,492301,1,HCM,1,62122,1011,340,16,310,29,1152,6,6,6,6,6,NA,NA,NA,NA,08/12/2024 13:03,0
08/12/2024 14:00,WIND,492301,1,HCM,1,62122,1011,350,18,350,34,1318,6,6,6,6,6,NA,NA,NA,NA,08/12/2024 14:03,0
08/12/2024 15:00,WIND,492301,1,HCM,1,62122,1011,350,17,360,30,1411,6,6,6,6,6,NA,NA,NA,NA,08/12/2024 15:03,0
08/12/2024 16:00,WIND,492301,1,HCM,1,62122,1011,350,18,20,31,1549,6,6,6,6,6,NA,NA,NA,NA,08/12/2024 16:03,0
08/12/2024 17:00,WIND,492301,1,HCM,1,62122,1011,350,15,340,27,1606,6,6,6,6,6,NA,NA,NA,NA,08/12/2024 17:03,0
08/12/2024 18:00,WIND,492301,1,HCM,1,62122,1011,350,15,10,27,1651,6,6,6,6,6,NA,NA,NA,NA,08/12/2024 18:03,0
08/12/2024 19:00,WIND,492301,1,HCM,1,62122,1011,360,16,10,34,1842,6,6,6,6,6,NA,NA,NA,NA,08/12/2024 19:03,0
08/12/2024 20:00,WIND,492301,1,HCM,1,62122,1011,10,18,20,31,1903,6,6,6,6,6,NA,NA,NA,NA,08/12/2024 20:03,0
08/12/2024 21:00,WIND,492301,1,HCM,1,62122,1011,10,15,350,28,2002,6,6,6,6,6,NA,NA,NA,NA,08/12/2024 21:03,0
08/12/2024 22:00,WIND,492301,1,HCM,1,62122,1011,10,15,360,28,2111,6,6,6,6,6,NA,NA,NA,NA,08/12/2024 22:03,0
08/12/2024 23:00,WIND,492301,1,HCM,1,62122,1011,20,12,10,25,2155,6,6,6,6,6,NA,NA,NA,NA,08/12/2024 23:03,0
09/12/2024 00:00,WIND,492301,1,HCM,1,62122,1011,20,12,30,22,2329,6,6,6,6,6,NA,NA,NA,NA,09/12/2024 00:03,0
09/12/2024 01:00,WIND,492301,1,HCM,1,62122,1011,10,12,20,24,38,6,6,6,6,6,NA,NA,NA,NA,09/12/2024 01:03,0
09/12/2024 02:00,WIND,492301,1,HCM,1,62122,1011,20,12,10,22,122,6,6,6,6,6,NA,NA,NA,NA,09/12/2024 02:03,0
09/12/2024 03:00,WIND,492301,1,HCM,1,62122,1011,20,12,350,21,210,6,6,6,6,6,NA,NA,NA,NA,09/12/2024 03:03,0
09/12/2024 04:00,WIND,492301,1,HCM,1,62122,1011,10,12,10,22,318,6,6,6,6,6,NA,NA,NA,NA,09/12/2024 04:03,0
09/12/2024 05:00,WIND,492301,1,HCM,1,62122,1011,20,12,10,24,401,6,6,6,6,6,NA,NA,NA,NA,09/12/2024 05:03,0
09/12/2024 06:00,WIND,492301,1,HCM,1,62122,1011,20,12,40,23,536,6,6,6,6,6,NA,NA,NA,NA,09/12/2024 06:03,0
09/12/2024 07:00,WIND,492301,1,HCM,1,62122,1011,20,12,10,23,613,6,6,6,6,6,NA,NA,NA,NA,09/12/2024 07:03,0
09/12/2024 08:00,WIND,492301,1,HCM,1,62122,1011,20,13,360,24,743,6,6,6,6,6,NA,NA,NA,NA,09/12/2024 08:03,0
09/12/2024 09:00,WIND,492301,1,HCM,1,62122,1011,10,13,10,24,806,6,6,6,6,6,NA,NA,NA,NA,09/12/2024 09:03,0
09/12/2024 10:00,WIND,492301,1,HCM,1,62122,1011,20,12,10,22,851,6,6,6,6,6,NA,NA,NA,NA,09/12/2024 10:03,0
09/12/2024 11:00,WIND,492301,1,HCM,1,62122,1011,20,13,10,22,958,6,6,6,6,6,NA,NA,NA,NA,09/12/2024 11:03,0
09/12/2024 12:00,WIND,492301,1,HCM,1,62122,1011,10,12,20,22,1052,6,6,6,6,6,NA,NA,NA,NA,09/12/2024 12:03,0
09/12/2024 13:00,WIND,492301,1,HCM,1,62122,1011,20,12,40,23,1225,6,6,6,6,6,NA,NA,NA,NA,09/12/2024 13:03,0
09/12/2024 14:00,WIND,492301,1,HCM,1,62122,1011,20,12,20,24,1303,6,6,6,6,6,NA,NA,NA,NA,09/12/2024 14:03,0
09/12/2024 15:00,WIND,492301,1,HCM,1,62122,1011,20,12,20,23,1353,6,6,6,6,6,NA,NA,NA,NA,09/12/2024 15:03,0
09/12/2024 16:00,WIND,492301,1,HCM,1,62122,1011,10,12,20,21,1547,6,6,6,6,6,NA,NA,NA,NA,09/12/2024 16:03,0
09/12/2024 17:00,WIND,492301,1,HCM,1,62122,1011,20,11,20,22,1626,6,6,6,6,6,NA,NA,NA,NA,09/12/2024 17:03,0
09/12/2024 18:00,WIND,492301,1,HCM,1,62122,1011,20,12,30,21,1720,6,6,6,6,6,NA,NA,NA,NA,09/12/2024 18:03,0
09/12/2024 19:00,WIND,492301,1,HCM,1,62122,1011,30,11,10,22,1818,6,6,6,6,6,NA,NA,NA,NA,09/12/2024 19:03,0
09/12/2024 20:00,WIND,492301,1,HCM,1,62122,1011,30,11,40,19,1937,6,6,6,6,6,NA,NA,NA,NA,09/12/2024 20:03,0
09/12/2024 21:00,WIND,492301,1,HCM,1,62122,1011,20,11,10,20,2007,6,6,6,6,6,NA,NA,NA,NA,09/12/2024 21:03,0
09/12/2024 22:00,WIND,492301,1,HCM,1,62122,1011,20,11,20,21,2105,6,6,6,6,6,NA,NA,NA,NA,09/12/2024 22:03,0
09/12/2024 23:00,WIND,492301,1,HCM,1,62122,1011,20,10,10,17,2229,6,6,6,6,6,NA,NA,NA,NA,09/12/2024 23:03,0
10/12/2024 00:00,WIND,492301,1,HCM,1,62122,1011,20,10,10,18,2300,6,6,6,6,6,NA,NA,NA,NA,10/12/2024 00:03,0
10/12/2024 01:00,WIND,492301,1,HCM,1,62122,1011,20,10,10,18,26,6,6,6,6,6,NA,NA,NA,NA,10/12/2024 01:03,0
10/12/2024 02:00,WIND,492301,1,HCM,1,62122,1011,30,10,20,18,53,6,6,6,6,6,NA,NA,NA,NA,10/12/2024 02:03,0
10/12/2024 03:00,WIND,492301,1,HCM,1,62122,1011,20,10,30,20,227,6,6,6,6,6,NA,NA,NA,NA,10/12/2024 03:03,0
10/12/2024 04:00,WIND,492301,1,HCM,1,62122,1011,20,10,30,18,300,6,6,6,6,6,NA,NA,NA,NA,10/12/2024 04:03,0
10/12/2024 05:00,WIND,492301,1,HCM,1,62122,1011,30,9,30,17,449,6,6,6,6,6,NA,NA,NA,NA,10/12/2024 05:03,0
10/12/2024 06:00,WIND,492301,1,HCM,1,62122,1011,20,9,20,16,453,6,6,6,6,6,NA,NA,NA,NA,10/12/2024 06:03,0
10/12/2024 07:00,WIND,492301,1,HCM,1,62122,1011,20,8,10,16,601,6,6,6,6,6,NA,NA,NA,NA,10/12/2024 07:03,0
10/12/2024 08:00,WIND,492301,1,HCM,1,62122,1011,20,8,20,17,717,6,6,6,6,6,NA,NA,NA,NA,10/12/2024 08:03,0
10/12/2024 09:00,WIND,492301,1,HCM,1,62122,1011,20,8,20,17,842,6,6,6,6,6,NA,NA,NA,NA,10/12/2024 09:03,0
10/12/2024 10:00,WIND,492301,1,HCM,1,62122,1011,20,9,20,18,937,6,6,6,6,6,NA,NA,NA,NA,10/12/2024 10:03,0
10/12/2024 11:00,WIND,492301,1,HCM,1,62122,1011,30,9,20,18,1022,6,6,6,6,6,NA,NA,NA,NA,10/12/2024 11:03,0
10/12/2024 12:00,WIND,492301,1,HCM,1,62122,1011,30,9,30,15,1108,6,6,6,6,6,NA,NA,NA,NA,10/12/2024 12:03,0
10/12/2024 13:00,WIND,492301,1,HCM,1,62122,1011,20,8,30,15,1239,6,6,6,6,6,NA,NA,NA,NA,10/12/2024 13:03,0
10/12/2024 14:00,WIND,492301,1,HCM,1,62122,1011,30,9,20,18,1333,6,6,6,6,6,NA,NA,NA,NA,10/12/2024 14:03,0
10/12/2024 15:00,WIND,492301,1,HCM,1,62122,1011,30,9,30,17,1412,6,6,6,6,6,NA,NA,NA,NA,10/12/2024 15:03,0
10/12/2024 16:00,WIND,492301,1,HCM,1,62122,1011,30,10,40,18,1506,6,6,6,6,6,NA,NA,NA,NA,10/12/2024 16:03,0
10/12/2024 17:00,WIND,492301,1,HCM,1,62122,1011,20,8,20,15,1646,6,6,6,6,6,NA,NA,NA,NA,10/12/2024 17:03,0
10/12/2024 18:00,WIND,492301,1,HCM,1,62122,1011,30,9,360,17,1747,6,6,6,6,6,NA,NA,NA,NA,10/12/2024 18:03,0
10/12/2024 19:00,WIND,492301,1,HCM,1,62122,1011,30,9,40,18,1818,6,6,6,6,6,NA,NA,NA,NA,10/12/2024 19:03,0
10/12/2024 20:00,WIND,492301,1,HCM,1,62122,1011,20,8,20,12,1949,6,6,6,6,6,NA,NA,NA,NA,10/12/2024 20:03,0
10/12/2024 21:00,WIND,492301,1,HCM,1,62122,1011,30,9,30,17,2004,6,6,6,6,6,NA,NA,NA,NA,10/12/2024 21:03,0
10/12/2024 22:00,WIND,492301,1,HCM,1,62122,1011,40,10,50,21,2055,6,6,6,6,6,NA,NA,NA,NA,10/12/2024 22:03,0
10/12/2024 23:00,WIND,492301,1,HCM,1,62122,1011,30,8,20,13,2245,6,6,6,6,6,NA,NA,NA,NA,10/12/2024 23:03,0
11/12/2024 00:00,WIND,492301,1,HCM,1,62122,1011,20,9,20,15,2317,6,6,6,6,6,NA,NA,NA,NA,11/12/2024 00:03,0
11/12/2024 01:00,WIND,492301,1,HCM,1,62122,1011,20,8,30,14,2350,6,6,6,6,6,NA,NA,NA,NA,11/12/2024 01:03,0
11/12/2024 02:00,WIND,492301,1,HCM,1,62122,1011,30,8,20,14,127,6,6,6,6,6,NA,NA,NA,NA,11/12/2024 02:03,0
11/12/2024 03:00,WIND,492301,1,HCM,1,62122,1011,30,8,40,15,232,6,6,6,6,6,NA,NA,NA,NA,11/12/2024 03:03,0
11/12/2024 04:00,WIND,492301,1,HCM,1,62122,1011,30,9,40,15,331,6,6,6,6,6,NA,NA,NA,NA,11/12/2024 04:03,0
11/12/2024 05:00,WIND,492301,1,HCM,1,62122,1011,30,8,20,15,416,6,6,6,6,6,NA,NA,NA,NA,11/12/2024 05:03,0
11/12/2024 06:00,WIND,492301,1,HCM,1,62122,1011,30,7,20,13,519,6,6,6,6,6,NA,NA,NA,NA,11/12/2024 06:03,0
11/12/2024 07:00,WIND,492301,1,HCM,1,62122,1011,30,7,40,14,607,6,6,6,6,6,NA,NA,NA,NA,11/12/2024 07:03,0
11/12/2024 08:00,WIND,492301,1,HCM,1,62122,1011,30,6,40,11,654,6,6,6,6,6,NA,NA,NA,NA,11/12/2024 08:03,0
11/12/2024 09:00,WIND,492301,1,HCM,1,62122,1011,50,9,70,18,841,6,6,6,6,6,NA,NA,NA,NA,11/12/2024 09:03,0
11/12/2024 10:00,WIND,492301,1,HCM,1,62122,1011,50,9,40,15,944,6,6,6,6,6,NA,NA,NA,NA,11/12/2024 10:03,0
11/12/2024 11:00,WIND,492301,1,HCM,1,62122,1011,50,9,30,17,956,6,6,6,6,6,NA,NA,NA,NA,11/12/2024 11:07,0
11/12/2024 12:00,WIND,492301,1,HCM,1,62122,1011,50,8,60,15,1102,6,6,6,6,6,NA,NA,NA,NA,11/12/2024 12:03,0
11/12/2024 13:00,WIND,492301,1,HCM,1,62122,1011,50,8,50,15,1217,6,6,6,6,6,NA,NA,NA,NA,11/12/2024 13:03,0
11/12/2024 14:00,WIND,492301,1,HCM,1,62122,1011,60,9,50,15,1250,6,6,6,6,6,NA,NA,NA,NA,11/12/2024 14:03,0
11/12/2024 15:00,WIND,492301,1,HCM,1,62122,1011,60,9,60,15,1420,6,6,6,6,6,NA,NA,NA,NA,11/12/2024 15:03,0
11/12/2024 16:00,WIND,492301,1,HCM,1,62122,1011,60,7,50,16,1549,6,6,6,6,6,NA,NA,NA,NA,11/12/2024 16:03,0
11/12/2024 17:00,WIND,492301,1,HCM,1,62122,1011,50,9,70,16,1554,6,6,6,6,6,NA,NA,NA,NA,11/12/2024 17:03,0
11/12/2024 18:00,WIND,492301,1,HCM,1,62122,1011,50,7,40,13,1655,6,6,6,6,6,NA,NA,NA,NA,11/12/2024 18:03,0
11/12/2024 19:00,WIND,492301,1,HCM,1,62122,1011,50,8,60,15,1848,6,6,6,6,6,NA,NA,NA,NA,11/12/2024 19:03,0
11/12/2024 20:00,WIND,492301,1,HCM,1,62122,1011,60,7,40,13,1944,6,6,6,6,6,NA,NA,NA,NA,11/12/2024 20:03,0
11/12/2024 21:00,WIND,492301,1,HCM,1,62122,1011,50,9,80,15,1950,6,6,6,6,6,NA,NA,NA,NA,11/12/2024 21:03,0
11/12/2024 22:00,WIND,492301,1,HCM,1,62122,1011,50,8,60,16,2105,6,6,6,6,6,NA,NA,NA,NA,11/12/2024 22:03,0
11/12/2024 23:00,WIND,492301,1,HCM,1,62122,1011,60,8,40,13,2224,6,6,6,6,6,NA,NA,NA,NA,11/12/2024 23:03,0
12/12/2024 00:00,WIND,492301,1,HCM,1,62122,1011,60,6,50,12,2309,6,6,6,6,6,NA,NA,NA,NA,12/12/2024 00:03,0
12/12/2024 01:00,WIND,492301,1,HCM,1,62122,1011,60,6,50,13,24,6,6,6,6,6,NA,NA,NA,NA,12/12/2024 01:03,0
12/12/2024 02:00,WIND,492301,1,HCM,1,62122,1011,70,5,60,10,107,6,6,6,6,6,NA,NA,NA,NA,12/12/2024 02:03,0
12/12/2024 03:00,WIND,492301,1,HCM,1,62122,1011,70,6,100,11,239,6,6,6,6,6,NA,NA,NA,NA,12/12/2024 03:03,0
12/12/2024 04:00,WIND,492301,1,HCM,1,62122,1011,70,6,90,13,334,6,6,6,6,6,NA,NA,NA,NA,12/12/2024 04:03,0
12/12/2024 05:00,WIND,492301,1,HCM,1,62122,1011,70,4,70,8,426,6,6,6,6,6,NA,NA,NA,NA,12/12/2024 05:03,0
12/12/2024 06:00,WIND,492301,1,HCM,1,62122,1011,60,4,70,9,457,6,6,6,6,6,NA,NA,NA,NA,12/12/2024 06:03,0
12/12/2024 07:00,WIND,492301,1,HCM,1,62122,1011,60,4,50,9,646,6,6,6,6,6,NA,NA,NA,NA,12/12/2024 07:03,0
12/12/2024 08:00,WIND,492301,1,HCM,1,62122,1011,60,4,50,7,651,6,6,6,6,6,NA,NA,NA,NA,12/12/2024 08:03,0
12/12/2024 09:00,WIND,492301,1,HCM,1,62122,1011,50,4,70,6,836,6,6,6,6,6,NA,NA,NA,NA,12/12/2024 09:03,0
12/12/2024 10:00,WIND,492301,1,HCM,1,62122,1011,30,4,30,7,937,6,6,6,6,6,NA,NA,NA,NA,12/12/2024 10:03,0
12/12/2024 11:00,WIND,492301,1,HCM,1,62122,1011,40,5,30,8,1042,6,6,6,6,6,NA,NA,NA,NA,12/12/2024 11:03,0
12/12/2024 12:00,WIND,492301,1,HCM,1,62122,1011,30,5,40,9,1107,6,6,6,6,6,NA,NA,NA,NA,12/12/2024 12:03,0
12/12/2024 13:00,WIND,492301,1,HCM,1,62122,1011,20,5,20,8,1244,6,6,6,6,6,NA,NA,NA,NA,12/12/2024 13:03,0
12/12/2024 14:00,WIND,492301,1,HCM,1,62122,1011,10,6,10,9,1348,6,6,6,6,6,NA,NA,NA,NA,12/12/2024 14:03,0
12/12/2024 15:00,WIND,492301,1,HCM,1,62122,1011,20,5,30,9,1352,6,6,6,6,6,NA,NA,NA,NA,12/12/2024 15:03,0
12/12/2024 16:00,WIND,492301,1,HCM,1,62122,1011,30,5,10,9,1545,6,6,6,6,6,NA,NA,NA,NA,12/12/2024 16:03,0
12/12/2024 17:00,WIND,492301,1,HCM,1,62122,1011,20,5,20,9,1642,6,6,6,6,6,NA,NA,NA,NA,12/12/2024 17:03,0
12/12/2024 18:00,WIND,492301,1,HCM,1,62122,1011,20,5,30,9,1744,6,6,6,6,6,NA,NA,NA,NA,12/12/2024 18:03,0
12/12/2024 19:00,WIND,492301,1,HCM,1,62122,1011,30,4,40,6,1834,6,6,6,6,6,NA,NA,NA,NA,12/12/2024 19:03,0
12/12/2024 20:00,WIND,492301,1,HCM,1,62122,1011,30,4,40,6,1916,6,6,6,6,6,NA,NA,NA,NA,12/12/2024 20:03,0
12/12/2024 21:00,WIND,492301,1,HCM,1,62122,1011,30,4,40,7,2045,6,6,6,6,6,NA,NA,NA,NA,12/12/2024 21:03,0
12/12/2024 22:00,WIND,492301,1,HCM,1,62122,1011,40,3,50,6,2050,6,6,6,6,6,NA,NA,NA,NA,12/12/2024 22:03,0
12/12/2024 23:00,WIND,492301,1,HCM,1,62122,1011,40,4,40,6,2223,6,6,6,6,6,NA,NA,NA,NA,12/12/2024 23:03,0
13/12/2024 00:00,WIND,492301,1,HCM,1,62122,1011,30,4,20,6,2256,6,6,6,6,6,NA,NA,NA,NA,13/12/2024 00:03,0
13/12/2024 01:00,WIND,492301,1,HCM,1,62122,1011,40,4,30,6,2352,6,6,6,6,6,NA,NA,NA,NA,13/12/2024 01:03,0
13/12/2024 02:00,WIND,492301,1,HCM,1,62122,1011,30,4,40,6,124,6,6,6,6,6,NA,NA,NA,NA,13/12/2024 02:03,0
13/12/2024 03:00,WIND,492301,1,HCM,1,62122,1011,30,4,10,6,209,6,6,6,6,6,NA,NA,NA,NA,13/12/2024 03:03,0
13/12/2024 04:00,WIND,492301,1,HCM,1,62122,1011,30,5,40,7,301,6,6,6,6,6,NA,NA,NA,NA,13/12/2024 04:03,0
13/12/2024 05:00,WIND,492301,1,HCM,1,62122,1011,40,4,40,7,355,6,6,6,6,6,NA,NA,NA,NA,13/12/2024 05:03,0
13/12/2024 06:00,WIND,492301,1,HCM,1,62122,1011,30,4,30,6,507,6,6,6,6,6,NA,NA,NA,NA,13/12/2024 06:03,0
13/12/2024 07:00,WIND,492301,1,HCM,1,62122,1011,20,4,10,7,648,6,6,6,6,6,NA,NA,NA,NA,13/12/2024 07:03,0
13/12/2024 08:00,WIND,492301,1,HCM,1,62122,1011,20,4,20,8,729,6,6,6,6,6,NA,NA,NA,NA,13/12/2024 08:03,0
13/12/2024 09:00,WIND,492301,1,HCM,1,62122,1011,20,4,10,8,755,6,6,6,6,6,NA,NA,NA,NA,13/12/2024 09:03,0
13/12/2024 10:00,WIND,492301,1,HCM,1,62122,1011,20,4,360,7,903,6,6,6,6,6,NA,NA,NA,NA,13/12/2024 10:03,0
13/12/2024 11:00,WIND,492301,1,HCM,1,62122,1011,10,4,30,7,1021,6,6,6,6,6,NA,NA,NA,NA,13/12/2024 11:03,0
13/12/2024 12:00,WIND,492301,1,HCM,1,62122,1011,360,4,350,6,1111,6,6,6,6,6,NA,NA,NA,NA,13/12/2024 12:03,0
13/12/2024 13:00,WIND,492301,1,HCM,1,62122,1011,350,3,350,5,1152,6,6,6,6,6,NA,NA,NA,NA,13/12/2024 13:03,0
13/12/2024 14:00,WIND,492301,1,HCM,1,62122,1011,310,3,320,5,1339,6,6,6,6,6,NA,NA,NA,NA,13/12/2024 14:03,0
13/12/2024 15:00,WIND,492301,1,HCM,1,62122,1011,280,2,290,3,1351,6,6,6,6,6,NA,NA,NA,NA,13/12/2024 15:03,0
13/12/2024 16:00,WIND,492301,1,HCM,1,62122,1011,280,1,270,2,1549,6,6,6,6,6,NA,NA,NA,NA,13/12/2024 16:03,0
13/12/2024 17:00,WIND,492301,1,HCM,1,62122,1011,260,2,270,3,1606,6,6,6,6,6,NA,NA,NA,NA,13/12/2024 17:03,0
13/12/2024 18:00,WIND,492301,1,HCM,1,62122,1011,270,2,260,3,1720,6,6,6,6,6,NA,NA,NA,NA,13/12/2024 18:03,0
13/12/2024 19:00,WIND,492301,1,HCM,1,62122,1011,260,2,260,3,1839,6,6,6,6,6,NA,NA,NA,NA,13/12/2024 19:03,0
13/12/2024 20:00,WIND,492301,1,HCM,1,62122,1011,240,2,240,5,1947,6,6,6,6,6,NA,NA,NA,NA,13/12/2024 20:03,0
13/12/2024 21:00,WIND,492301,1,HCM,1,62122,1011,240,3,250,5,2043,6,6,6,6,6,NA,NA,NA,NA,13/12/2024 21:03,0
13/12/2024 22:00,WIND,492301,1,HCM,1,62122,1011,250,3,250,6,2134,6,6,6,6,6,NA,NA,NA,NA,13/12/2024 22:03,0
13/12/2024 23:00,WIND,492301,1,HCM,1,62122,1011,250,4,230,7,2241,6,6,6,6,6,NA,NA,NA,NA,13/12/2024 23:03,0
14/12/2024 00:00,WIND,492301,1,HCM,1,62122,1011,240,5,220,10,2306,6,6,6,6,6,NA,NA,NA,NA,14/12/2024 00:03,0
14/12/2024 01:00,WIND,492301,1,HCM,1,62122,1011,250,5,250,7,15,6,6,6,6,6,NA,NA,NA,NA,14/12/2024 01:03,0
14/12/2024 02:00,WIND,492301,1,HCM,1,62122,1011,250,5,250,9,119,6,6,6,6,6,NA,NA,NA,NA,14/12/2024 02:03,0
14/12/2024 03:00,WIND,492301,1,HCM,1,62122,1011,250,3,240,7,159,6,6,6,6,6,NA,NA,NA,NA,14/12/2024 03:03,0
14/12/2024 04:00,WIND,492301,1,HCM,1,62122,1011,240,3,240,6,316,6,6,6,6,6,NA,NA,NA,NA,14/12/2024 04:03,0
14/12/2024 05:00,WIND,492301,1,HCM,1,62122,1011,240,6,250,11,437,6,6,6,6,6,NA,NA,NA,NA,14/12/2024 05:03,0
14/12/2024 06:00,WIND,492301,1,HCM,1,62122,1011,250,6,260,9,544,6,6,6,6,6,NA,NA,NA,NA,14/12/2024 06:03,0
14/12/2024 07:00,WIND,492301,1,HCM,1,62122,1011,250,4,260,8,617,6,6,6,6,6,NA,NA,NA,NA,14/12/2024 07:03,0
14/12/2024 08:00,WIND,492301,1,HCM,1,62122,1011,250,3,260,7,737,6,6,6,6,6,NA,NA,NA,NA,14/12/2024 08:03,0
14/12/2024 09:00,WIND,492301,1,HCM,1,62122,1011,270,3,280,8,750,6,6,6,6,6,NA,NA,NA,NA,14/12/2024 09:03,0
14/12/2024 10:00,WIND,492301,1,HCM,1,62122,1011,260,6,260,11,934,6,6,6,6,6,NA,NA,NA,NA,14/12/2024 10:03,0
14/12/2024 11:00,WIND,492301,1,HCM,1,62122,1011,260,5,250,11,1002,6,6,6,6,6,NA,NA,NA,NA,14/12/2024 11:03,0
14/12/2024 12:00,WIND,492301,1,HCM,1,62122,1011,270,6,270,10,1130,6,6,6,6,6,NA,NA,NA,NA,14/12/2024 12:03,0
14/12/2024 13:00,WIND,492301,1,HCM,1,62122,1011,290,7,270,13,1217,6,6,6,6,6,NA,NA,NA,NA,14/12/2024 13:03,0
14/12/2024 14:00,WIND,492301,1,HCM,1,62122,1011,290,6,290,13,1314,6,6,6,6,6,NA,NA,NA,NA,14/12/2024 14:03,0
14/12/2024 15:00,WIND,492301,1,HCM,1,62122,1011,270,6,290,12,1359,6,6,6,6,6,NA,NA,NA,NA,14/12/2024 15:03,0
14/12/2024 16:00,WIND,492301,1,HCM,1,62122,1011,260,7,250,12,1536,6,6,6,6,6,NA,NA,NA,NA,14/12/2024 16:03,0
14/12/2024 17:00,WIND,492301,1,HCM,1,62122,1011,260,6,260,11,1557,6,6,6,6,6,NA,NA,NA,NA,14/12/2024 17:03,0
14/12/2024 18:00,WIND,492301,1,HCM,1,62122,1011,250,8,260,12,1729,6,6,6,6,6,NA,NA,NA,NA,14/12/2024 18:03,0
14/12/2024 19:00,WIND,492301,1,HCM,1,62122,1011,250,9,250,14,1759,6,6,6,6,6,NA,NA,NA,NA,14/12/2024 19:03,0
14/12/2024 20:00,WIND,492301,1,HCM,1,62122,1011,250,8,240,13,1854,6,6,6,6,6,NA,NA,NA,NA,14/12/2024 20:03,0
14/12/2024 21:00,WIND,492301,1,HCM,1,62122,1011,240,7,240,12,2014,6,6,6,6,6,NA,NA,NA,NA,14/12/2024 21:03,0
14/12/2024 22:00,WIND,492301,1,HCM,1,62122,1011,250,8,260,13,2140,6,6,6,6,6,NA,NA,NA,NA,14/12/2024 22:03,0
14/12/2024 23:00,WIND,492301,1,HCM,1,62122,1011,250,9,250,16,2244,6,6,6,6,6,NA,NA,NA,NA,14/12/2024 23:03,0
15/12/2024 00:00,WIND,492301,1,HCM,1,62122,1011,240,9,240,19,2340,6,6,6,6,6,NA,NA,NA,NA,15/12/2024 00:03,0
15/12/2024 01:00,WIND,492301,1,HCM,1,62122,1011,240,10,230,17,30,6,6,6,6,6,NA,NA,NA,NA,15/12/2024 01:03,0
15/12/2024 02:00,WIND,492301,1,HCM,1,62122,1011,240,11,240,20,56,6,6,6,6,6,NA,NA,NA,NA,15/12/2024 02:03,0
15/12/2024 03:00,WIND,492301,1,HCM,1,62122,1011,250,11,250,18,248,6,6,6,6,6,NA,NA,NA,NA,15/12/2024 03:03,0
15/12/2024 04:00,WIND,492301,1,HCM,1,62122,1011,250,11,250,20,300,6,6,6,6,6,NA,NA,NA,NA,15/12/2024 04:03,0
15/12/2024 05:00,WIND,492301,1,HCM,1,62122,1011,250,11,240,18,408,6,6,6,6,6,NA,NA,NA,NA,15/12/2024 05:03,0
15/12/2024 06:00,WIND,492301,1,HCM,1,62122,1011,240,10,250,15,529,6,6,6,6,6,NA,NA,NA,NA,15/12/2024 06:03,0
15/12/2024 07:00,WIND,492301,1,HCM,1,62122,1011,250,11,250,18,602,6,6,6,6,6,NA,NA,NA,NA,15/12/2024 07:03,0
15/12/2024 08:00,WIND,492301,1,HCM,1,62122,1011,250,9,250,15,700,6,6,6,6,6,NA,NA,NA,NA,15/12/2024 08:03,0
15/12/2024 09:00,WIND,492301,1,HCM,1,62122,1011,230,8,250,16,815,6,6,6,6,6,NA,NA,NA,NA,15/12/2024 09:03,0
15/12/2024 10:00,WIND,492301,1,HCM,1,62122,1011,230,8,230,16,933,6,6,6,6,6,NA,NA,NA,NA,15/12/2024 10:03,0
15/12/2024 11:00,WIND,492301,1,HCM,1,62122,1011,240,12,240,19,1033,6,6,6,6,6,NA,NA,NA,NA,15/12/2024 11:03,0
15/12/2024 12:00,WIND,492301,1,HCM,1,62122,1011,240,11,240,21,1123,6,6,6,6,6,NA,NA,NA,NA,15/12/2024 12:03,0
15/12/2024 13:00,WIND,492301,1,HCM,1,62122,1011,240,13,250,22,1247,6,6,6,6,6,NA,NA,NA,NA,15/12/2024 13:03,0
15/12/2024 14:00,WIND,492301,1,HCM,1,62122,1011,250,14,250,23,1337,6,6,6,6,6,NA,NA,NA,NA,15/12/2024 14:03,0
15/12/2024 15:00,WIND,492301,1,HCM,1,62122,1011,250,14,250,22,1351,6,6,6,6,6,NA,NA,NA,NA,15/12/2024 15:03,0
15/12/2024 16:00,WIND,492301,1,HCM,1,62122,1011,250,12,250,20,1502,6,6,6,6,6,NA,NA,NA,NA,15/12/2024 16:03,0
15/12/2024 17:00,WIND,492301,1,HCM,1,62122,1011,250,13,240,20,1623,6,6,6,6,6,NA,NA,NA,NA,15/12/2024 17:03,0
15/12/2024 18:00,WIND,492301,1,HCM,1,62122,1011,240,12,250,21,1703,6,6,6,6,6,NA,NA,NA,NA,15/12/2024 18:03,0
15/12/2024 19:00,WIND,492301,1,HCM,1,62122,1011,240,11,240,20,1831,6,6,6,6,6,NA,NA,NA,NA,15/12/2024 19:03,0
15/12/2024 20:00,WIND,492301,1,HCM,1,62122,1011,240,12,250,25,1923,6,6,6,6,6,NA,NA,NA,NA,15/12/2024 20:03,0
15/12/2024 21:00,WIND,492301,1,HCM,1,62122,1011,240,12,230,25,2005,6,6,6,6,6,NA,NA,NA,NA,15/12/2024 21:03,0
15/12/2024 22:00,WIND,492301,1,HCM,1,62122,1011,240,13,230,26,2132,6,6,6,6,6,NA,NA,NA,NA,15/12/2024 22:03,0
15/12/2024 23:00,WIND,492301,1,HCM,1,62122,1011,240,14,240,25,2212,6,6,6,6,6,NA,NA,NA,NA,15/12/2024 23:03,0
16/12/2024 00:00,WIND,492301,1,HCM,1,62122,1011,240,13,240,24,2319,6,6,6,6,6,NA,NA,NA,NA,16/12/2024 00:03,0
16/12/2024 01:00,WIND,492301,1,HCM,1,62122,1011,230,14,240,26,12,6,6,6,6,6,NA,NA,NA,NA,16/12/2024 01:03,0
16/12/2024 02:00,WIND,492301,1,HCM,1,62122,1011,240,12,250,23,135,6,6,6,6,6,NA,NA,NA,NA,16/12/2024 02:03,0
16/12/2024 03:00,WIND,492301,1,HCM,1,62122,1011,240,12,250,22,154,6,6,6,6,6,NA,NA,NA,NA,16/12/2024 03:03,0
16/12/2024 04:00,WIND,492301,1,HCM,1,62122,1011,240,14,230,26,339,6,6,6,6,6,NA,NA,NA,NA,16/12/2024 04:03,0
16/12/2024 05:00,WIND,492301,1,HCM,1,62122,1011,240,13,250,24,355,6,6,6,6,6,NA,NA,NA,NA,16/12/2024 05:03,0
16/12/2024 06:00,WIND,492301,1,HCM,1,62122,1011,240,12,240,22,500,6,6,6,6,6,NA,NA,NA,NA,16/12/2024 06:03,0
16/12/2024 07:00,WIND,492301,1,HCM,1,62122,1011,240,12,230,21,557,6,6,6,6,6,NA,NA,NA,NA,16/12/2024 07:03,0
16/12/2024 08:00,WIND,492301,1,HCM,1,62122,1011,240,9,240,18,659,6,6,6,6,6,NA,NA,NA,NA,16/12/2024 08:03,0
16/12/2024 09:00,WIND,492301,1,HCM,1,62122,1011,240,8,250,15,834,6,6,6,6,6,NA,NA,NA,NA,16/12/2024 09:03,0
16/12/2024 10:00,WIND,492301,1,HCM,1,62122,1011,240,9,240,23,912,6,6,6,6,6,NA,NA,NA,NA,16/12/2024 10:03,0
16/12/2024 11:00,WIND,492301,1,HCM,1,62122,1011,220,8,220,13,1020,6,6,6,6,6,NA,NA,NA,NA,16/12/2024 11:03,0
16/12/2024 12:00,WIND,492301,1,HCM,1,62122,1011,230,9,230,17,1134,6,6,6,6,6,NA,NA,NA,NA,16/12/2024 12:03,0
16/12/2024 13:00,WIND,492301,1,HCM,1,62122,1011,240,11,250,21,1243,6,6,6,6,6,NA,NA,NA,NA,16/12/2024 13:03,0
16/12/2024 14:00,WIND,492301,1,HCM,1,62122,1011,240,11,240,21,1252,6,6,6,6,6,NA,NA,NA,NA,16/12/2024 14:03,0
16/12/2024 15:00,WIND,492301,1,HCM,1,62122,1011,230,9,210,16,1446,6,6,6,6,6,NA,NA,NA,NA,16/12/2024 15:03,0
16/12/2024 16:00,WIND,492301,1,HCM,1,62122,1011,230,8,230,16,1452,6,6,6,6,6,NA,NA,NA,NA,16/12/2024 16:07,0
16/12/2024 17:00,WIND,492301,1,HCM,1,62122,1011,230,9,250,19,1620,6,6,6,6,6,NA,NA,NA,NA,16/12/2024 17:03,0
16/12/2024 18:00,WIND,492301,1,HCM,1,62122,1011,210,7,200,14,1740,6,6,6,6,6,NA,NA,NA,NA,16/12/2024 18:03,0
16/12/2024 19:00,WIND,492301,1,HCM,1,62122,1011,220,8,220,14,1819,6,6,6,6,6,NA,NA,NA,NA,16/12/2024 19:03,0
16/12/2024 20:00,WIND,492301,1,HCM,1,62122,1011,220,8,240,15,1854,6,6,6,6,6,NA,NA,NA,NA,16/12/2024 20:03,0
16/12/2024 21:00,WIND,492301,1,HCM,1,62122,1011,200,4,210,10,1959,6,6,6,6,6,NA,NA,NA,NA,16/12/2024 21:03,0
16/12/2024 22:00,WIND,492301,1,HCM,1,62122,1011,120,3,110,8,2110,6,6,6,6,6,NA,NA,NA,NA,16/12/2024 22:03,0
16/12/2024 23:00,WIND,492301,1,HCM,1,62122,1011,120,2,180,5,2215,6,6,6,6,6,NA,NA,NA,NA,16/12/2024 23:03,0
17/12/2024 00:00,WIND,492301,1,HCM,1,62122,1011,110,2,60,4,2348,6,6,6,6,6,NA,NA,NA,NA,17/12/2024 00:03,0
17/12/2024 01:00,WIND,492301,1,HCM,1,62122,1011,110,2,70,4,2350,6,6,6,6,6,NA,NA,NA,NA,17/12/2024 01:03,0
17/12/2024 02:00,WIND,492301,1,HCM,1,62122,1011,110,3,110,5,130,6,6,6,6,6,NA,NA,NA,NA,17/12/2024 02:03,0
17/12/2024 03:00,WIND,492301,1,HCM,1,62122,1011,120,3,110,5,217,6,6,6,6,6,NA,NA,NA,NA,17/12/2024 03:03,0
17/12/2024 04:00,WIND,492301,1,HCM,1,62122,1011,180,3,180,6,321,6,6,6,6,6,NA,NA,NA,NA,17/12/2024 04:03,0
17/12/2024 05:00,WIND,492301,1,HCM,1,62122,1011,180,3,160,7,448,6,6,6,6,6,NA,NA,NA,NA,17/12/2024 05:07,0
17/12/2024 06:00,WIND,492301,1,HCM,1,62122,1011,160,4,160,8,537,6,6,6,6,6,NA,NA,NA,NA,17/12/2024 06:03,0
17/12/2024 07:00,WIND,492301,1,HCM,1,62122,1011,140,4,160,8,554,6,6,6,6,6,NA,NA,NA,NA,17/12/2024 07:03,0
17/12/2024 08:00,WIND,492301,1,HCM,1,62122,1011,160,4,170,8,717,6,6,6,6,6,NA,NA,NA,NA,17/12/2024 08:03,0
17/12/2024 09:00,WIND,492301,1,HCM,1,62122,1011,160,4,150,10,812,6,6,6,6,6,NA,NA,NA,NA,17/12/2024 09:03,0
17/12/2024 10:00,WIND,492301,1,HCM,1,62122,1011,150,4,160,9,913,6,6,6,6,6,NA,NA,NA,NA,17/12/2024 10:03,0
17/12/2024 11:00,WIND,492301,1,HCM,1,62122,1011,170,6,160,15,1038,6,6,6,6,6,NA,NA,NA,NA,17/12/2024 11:03,0
17/12/2024 12:00,WIND,492301,1,HCM,1,62122,1011,180,9,170,17,1134,6,6,6,6,6,NA,NA,NA,NA,17/12/2024 12:03,0
17/12/2024 13:00,WIND,492301,1,HCM,1,62122,1011,190,9,200,19,1155,6,6,6,6,6,NA,NA,NA,NA,17/12/2024 13:03,0
17/12/2024 14:00,WIND,492301,1,HCM,1,62122,1011,180,7,200,15,1251,6,6,6,6,6,NA,NA,NA,NA,17/12/2024 14:03,0
17/12/2024 15:00,WIND,492301,1,HCM,1,62122,1011,150,7,170,15,1436,6,6,6,6,6,NA,NA,NA,NA,17/12/2024 15:03,0
17/12/2024 16:00,WIND,492301,1,HCM,1,62122,1011,160,9,140,19,1514,6,6,6,6,6,NA,NA,NA,NA,17/12/2024 16:03,0
17/12/2024 17:00,WIND,492301,1,HCM,1,62122,1011,160,9,160,19,1649,6,6,6,6,6,NA,NA,NA,NA,17/12/2024 17:03,0
17/12/2024 18:00,WIND,492301,1,HCM,1,62122,1011,130,8,160,18,1650,6,6,6,6,6,NA,NA,NA,NA,17/12/2024 18:03,0
17/12/2024 19:00,WIND,492301,1,HCM,1,62122,1011,160,7,130,16,1753,6,6,6,6,6,NA,NA,NA,NA,17/12/2024 19:03,0
17/12/2024 20:00,WIND,492301,1,HCM,1,62122,1011,160,10,150,20,1919,6,6,6,6,6,NA,NA,NA,NA,17/12/2024 20:03,0
17/12/2024 21:00,WIND,492301,1,HCM,1,62122,1011,170,12,190,24,2037,6,6,6,6,6,NA,NA,NA,NA,17/12/2024 21:03,0
17/12/2024 22:00,WIND,492301,1,HCM,1,62122,1011,170,13,170,26,2141,6,6,6,6,6,NA,NA,NA,NA,17/12/2024 22:03,0
17/12/2024 23:00,WIND,492301,1,HCM,1,62122,1011,170,13,180,26,2150,6,6,6,6,6,NA,NA,NA,NA,17/12/2024 23:03,0
18/12/2024 00:00,WIND,492301,1,HCM,1,62122,1011,170,13,170,24,2336,6,6,6,6,6,NA,NA,NA,NA,18/12/2024 00:03,0
18/12/2024 01:00,WIND,492301,1,HCM,1,62122,1011,190,12,180,23,2351,6,6,6,6,6,NA,NA,NA,NA,18/12/2024 01:03,0
18/12/2024 02:00,WIND,492301,1,HCM,1,62122,1011,190,13,180,24,100,6,6,6,6,6,NA,NA,NA,NA,18/12/2024 02:03,0
18/12/2024 03:00,WIND,492301,1,HCM,1,62122,1011,200,11,210,21,237,6,6,6,6,6,NA,NA,NA,NA,18/12/2024 03:03,0
18/12/2024 04:00,WIND,492301,1,HCM,1,62122,1011,200,12,190,28,328,6,6,6,6,6,NA,NA,NA,NA,18/12/2024 04:03,0
18/12/2024 05:00,WIND,492301,1,HCM,1,62122,1011,210,13,210,25,408,6,6,6,6,6,NA,NA,NA,NA,18/12/2024 05:03,0
18/12/2024 06:00,WIND,492301,1,HCM,1,62122,1011,210,13,220,25,511,6,6,6,6,6,NA,NA,NA,NA,18/12/2024 06:03,0
18/12/2024 07:00,WIND,492301,1,HCM,1,62122,1011,230,16,250,32,615,6,6,6,6,6,NA,NA,NA,NA,18/12/2024 07:03,0
18/12/2024 08:00,WIND,492301,1,HCM,1,62122,1011,230,22,230,43,749,6,6,6,6,6,NA,NA,NA,NA,18/12/2024 08:03,0
18/12/2024 09:00,WIND,492301,1,HCM,1,62122,1011,230,23,230,41,755,6,6,6,6,6,NA,NA,NA,NA,18/12/2024 09:03,0
18/12/2024 10:00,WIND,492301,1,HCM,1,62122,1011,240,20,250,37,856,6,6,6,6,6,NA,NA,NA,NA,18/12/2024 10:03,0
18/12/2024 11:00,WIND,492301,1,HCM,1,62122,1011,240,18,250,32,1039,6,6,6,6,6,NA,NA,NA,NA,18/12/2024 11:03,0
18/12/2024 12:00,WIND,492301,1,HCM,1,62122,1011,240,17,240,29,1123,6,6,6,6,6,NA,NA,NA,NA,18/12/2024 12:03,0
18/12/2024 13:00,WIND,492301,1,HCM,1,62122,1011,240,15,250,28,1215,6,6,6,6,6,NA,NA,NA,NA,18/12/2024 13:03,0
18/12/2024 14:00,WIND,492301,1,HCM,1,62122,1011,230,11,250,23,1310,6,6,6,6,6,NA,NA,NA,NA,18/12/2024 14:03,0
18/12/2024 15:00,WIND,492301,1,HCM,1,62122,1011,220,9,200,15,1352,6,6,6,6,6,NA,NA,NA,NA,18/12/2024 15:03,0
18/12/2024 16:00,WIND,492301,1,HCM,1,62122,1011,200,7,210,14,1452,6,6,6,6,6,NA,NA,NA,NA,18/12/2024 16:03,0
18/12/2024 17:00,WIND,492301,1,HCM,1,62122,1011,190,6,180,11,1559,6,6,6,6,6,NA,NA,NA,NA,18/12/2024 17:07,0
18/12/2024 18:00,WIND,492301,1,HCM,1,62122,1011,160,6,170,17,1749,6,6,6,6,6,NA,NA,NA,NA,18/12/2024 18:03,0
18/12/2024 19:00,WIND,492301,1,HCM,1,62122,1011,170,11,160,23,1845,6,6,6,6,6,NA,NA,NA,NA,18/12/2024 19:07,0
18/12/2024 20:00,WIND,492301,1,HCM,1,62122,1011,190,13,210,27,1917,6,6,6,6,6,NA,NA,NA,NA,18/12/2024 20:03,0
18/12/2024 21:00,WIND,492301,1,HCM,1,62122,1011,210,14,220,27,2040,6,6,6,6,6,NA,NA,NA,NA,18/12/2024 21:03,0
18/12/2024 22:00,WIND,492301,1,HCM,1,62122,1011,220,12,220,24,2053,6,6,6,6,6,NA,NA,NA,NA,18/12/2024 22:03,0
18/12/2024 23:00,WIND,492301,1,HCM,1,62122,1011,210,10,200,18,2231,6,6,6,6,6,NA,NA,NA,NA,18/12/2024 23:03,0
19/12/2024 00:00,WIND,492301,1,HCM,1,62122,1011,250,11,270,22,2332,6,6,6,6,6,NA,NA,NA,NA,19/12/2024 00:03,0
19/12/2024 01:00,WIND,492301,1,HCM,1,62122,1011,340,12,340,27,26,6,6,6,6,6,NA,NA,NA,NA,19/12/2024 01:03,0
19/12/2024 02:00,WIND,492301,1,HCM,1,62122,1011,310,8,320,19,100,6,6,6,6,6,NA,NA,NA,NA,19/12/2024 02:03,0
19/12/2024 03:00,WIND,492301,1,HCM,1,62122,1011,270,6,280,11,159,6,6,6,6,6,NA,NA,NA,NA,19/12/2024 03:02,0
19/12/2024 04:00,WIND,492301,1,HCM,1,62122,1011,270,6,290,16,330,6,6,6,6,6,NA,NA,NA,NA,19/12/2024 04:03,0
19/12/2024 05:00,WIND,492301,1,HCM,1,62122,1011,270,9,290,21,442,6,6,6,6,6,NA,NA,NA,NA,19/12/2024 05:07,0
19/12/2024 06:00,WIND,492301,1,HCM,1,62122,1011,260,7,260,15,452,6,6,6,6,6,NA,NA,NA,NA,19/12/2024 06:03,0
19/12/2024 07:00,WIND,492301,1,HCM,1,62122,1011,250,6,250,11,611,6,6,6,6,6,NA,NA,NA,NA,19/12/2024 07:03,0
19/12/2024 08:00,WIND,492301,1,HCM,1,62122,1011,260,7,270,14,731,6,6,6,6,6,NA,NA,NA,NA,19/12/2024 08:03,0
19/12/2024 09:00,WIND,492301,1,HCM,1,62122,1011,260,8,270,16,842,6,6,6,6,6,NA,NA,NA,NA,19/12/2024 09:03,0
19/12/2024 10:00,WIND,492301,1,HCM,1,62122,1011,250,6,280,13,946,6,6,6,6,6,NA,NA,NA,NA,19/12/2024 10:03,0
19/12/2024 11:00,WIND,492301,1,HCM,1,62122,1011,280,6,280,16,1045,6,6,6,6,6,NA,NA,NA,NA,19/12/2024 11:03,0
19/12/2024 12:00,WIND,492301,1,HCM,1,62122,1011,260,7,280,13,1055,6,6,6,6,6,NA,NA,NA,NA,19/12/2024 12:03,0
19/12/2024 13:00,WIND,492301,1,HCM,1,62122,1011,290,9,280,20,1239,6,6,6,6,6,NA,NA,NA,NA,19/12/2024 13:03,0
19/12/2024 14:00,WIND,492301,1,HCM,1,62122,1011,280,10,300,17,1251,6,6,6,6,6,NA,NA,NA,NA,19/12/2024 14:03,0
19/12/2024 15:00,WIND,492301,1,HCM,1,62122,1011,300,9,280,18,1409,6,6,6,6,6,NA,NA,NA,NA,19/12/2024 15:03,0
19/12/2024 16:00,WIND,492301,1,HCM,1,62122,1011,290,8,340,21,1456,6,6,6,6,6,NA,NA,NA,NA,19/12/2024 16:03,0
19/12/2024 17:00,WIND,492301,1,HCM,1,62122,1011,270,7,290,14,1550,6,6,6,6,6,NA,NA,NA,NA,19/12/2024 17:03,0
19/12/2024 18:00,WIND,492301,1,HCM,1,62122,1011,260,7,250,14,1653,6,6,6,6,6,NA,NA,NA,NA,19/12/2024 18:03,0
19/12/2024 19:00,WIND,492301,1,HCM,1,62122,1011,250,6,270,14,1759,6,6,6,6,6,NA,NA,NA,NA,19/12/2024 19:03,0
19/12/2024 20:00,WIND,492301,1,HCM,1,62122,1011,270,4,270,12,1915,6,6,6,6,6,NA,NA,NA,NA,19/12/2024 20:03,0
19/12/2024 21:00,WIND,492301,1,HCM,1,62122,1011,270,5,290,10,2037,6,6,6,6,6,NA,NA,NA,NA,19/12/2024 21:03,0
19/12/2024 22:00,WIND,492301,1,HCM,1,62122,1011,250,4,260,11,2051,6,6,6,6,6,NA,NA,NA,NA,19/12/2024 22:03,0
19/12/2024 23:00,WIND,492301,1,HCM,1,62122,1011,260,5,300,12,2219,6,6,6,6,6,NA,NA,NA,NA,19/12/2024 23:03,0
20/12/2024 00:00,WIND,492301,1,HCM,1,62122,1011,240,5,270,10,2348,6,6,6,6,6,NA,NA,NA,NA,20/12/2024 00:03,0
20/12/2024 01:00,WIND,492301,1,HCM,1,62122,1011,250,6,250,12,49,6,6,6,6,6,NA,NA,NA,NA,20/12/2024 01:03,0
20/12/2024 02:00,WIND,492301,1,HCM,1,62122,1011,230,4,250,10,53,6,6,6,6,6,NA,NA,NA,NA,20/12/2024 02:03,0
20/12/2024 03:00,WIND,492301,1,HCM,1,62122,1011,230,4,230,8,157,6,6,6,6,6,NA,NA,NA,NA,20/12/2024 03:03,0
20/12/2024 04:00,WIND,492301,1,HCM,1,62122,1011,180,2,240,5,251,6,6,6,6,6,NA,NA,NA,NA,20/12/2024 04:03,0
20/12/2024 05:00,WIND,492301,1,HCM,1,62122,1011,160,1,170,3,356,6,6,6,6,6,NA,NA,NA,NA,20/12/2024 05:03,0
20/12/2024 06:00,WIND,492301,1,HCM,1,62122,1011,190,2,190,5,529,6,6,6,6,6,NA,NA,NA,NA,20/12/2024 06:03,0
20/12/2024 07:00,WIND,492301,1,HCM,1,62122,1011,200,3,190,6,639,6,6,6,6,6,NA,NA,NA,NA,20/12/2024 07:03,0
20/12/2024 08:00,WIND,492301,1,HCM,1,62122,1011,170,4,180,7,749,6,6,6,6,6,NA,NA,NA,NA,20/12/2024 08:03,0
20/12/2024 09:00,WIND,492301,1,HCM,1,62122,1011,180,4,200,9,843,6,6,6,6,6,NA,NA,NA,NA,20/12/2024 09:03,0
20/12/2024 10:00,WIND,492301,1,HCM,1,62122,1011,180,5,200,11,933,6,6,6,6,6,NA,NA,NA,NA,20/12/2024 10:03,0
20/12/2024 11:00,WIND,492301,1,HCM,1,62122,1011,190,7,210,14,1033,6,6,6,6,6,NA,NA,NA,NA,20/12/2024 11:03,0
20/12/2024 12:00,WIND,492301,1,HCM,1,62122,1011,200,9,190,18,1134,6,6,6,6,6,NA,NA,NA,NA,20/12/2024 12:03,0
20/12/2024 13:00,WIND,492301,1,HCM,1,62122,1011,210,10,200,18,1214,6,6,6,6,6,NA,NA,NA,NA,20/12/2024 13:03,0
20/12/2024 14:00,WIND,492301,1,HCM,1,62122,1011,210,9,220,17,1300,6,6,6,6,6,NA,NA,NA,NA,20/12/2024 14:03,0
20/12/2024 15:00,WIND,492301,1,HCM,1,62122,1011,200,9,220,19,1403,6,6,6,6,6,NA,NA,NA,NA,20/12/2024 15:03,0
20/12/2024 16:00,WIND,492301,1,HCM,1,62122,1011,210,10,220,17,1530,6,6,6,6,6,NA,NA,NA,NA,20/12/2024 16:03,0
20/12/2024 17:00,WIND,492301,1,HCM,1,62122,1011,210,8,200,15,1554,6,6,6,6,6,NA,NA,NA,NA,20/12/2024 17:03,0
20/12/2024 18:00,WIND,492301,1,HCM,1,62122,1011,230,7,240,14,1749,6,6,6,6,6,NA,NA,NA,NA,20/12/2024 18:03,0
20/12/2024 19:00,WIND,492301,1,HCM,1,62122,1011,240,8,240,14,1753,6,6,6,6,6,NA,NA,NA,NA,20/12/2024 19:03,0
20/12/2024 20:00,WIND,492301,1,HCM,1,62122,1011,250,7,230,13,1854,6,6,6,6,6,NA,NA,NA,NA,20/12/2024 20:03,0
20/12/2024 21:00,WIND,492301,1,HCM,1,62122,1011,250,6,250,11,2023,6,6,6,6,6,NA,NA,NA,NA,20/12/2024 21:03,0
20/12/2024 22:00,WIND,492301,1,HCM,1,62122,1011,230,5,250,9,2054,6,6,6,6,6,NA,NA,NA,NA,20/12/2024 22:03,0
20/12/2024 23:00,WIND,492301,1,HCM,1,62122,1011,240,6,250,11,2243,6,6,6,6,6,NA,NA,NA,NA,20/12/2024 23:03,0
21/12/2024 00:00,WIND,492301,1,HCM,1,62122,1011,230,5,250,9,2309,6,6,6,6,6,NA,NA,NA,NA,21/12/2024 00:03,0
21/12/2024 01:00,WIND,492301,1,HCM,1,62122,1011,230,4,230,8,42,6,6,6,6,6,NA,NA,NA,NA,21/12/2024 01:03,0
21/12/2024 02:00,WIND,492301,1,HCM,1,62122,1011,210,5,230,9,57,6,6,6,6,6,NA,NA,NA,NA,21/12/2024 02:03,0
21/12/2024 03:00,WIND,492301,1,HCM,1,62122,1011,230,6,240,11,200,6,6,6,6,6,NA,NA,NA,NA,21/12/2024 03:03,0
21/12/2024 04:00,WIND,492301,1,HCM,1,62122,1011,230,8,240,14,337,6,6,6,6,6,NA,NA,NA,NA,21/12/2024 04:03,0
21/12/2024 05:00,WIND,492301,1,HCM,1,62122,1011,220,9,220,17,441,6,6,6,6,6,NA,NA,NA,NA,21/12/2024 05:03,0
21/12/2024 06:00,WIND,492301,1,HCM,1,62122,1011,220,9,230,17,535,6,6,6,6,6,NA,NA,NA,NA,21/12/2024 06:03,0
21/12/2024 07:00,WIND,492301,1,HCM,1,62122,1011,220,12,220,24,644,6,6,6,6,6,NA,NA,NA,NA,21/12/2024 07:03,0
21/12/2024 08:00,WIND,492301,1,HCM,1,62122,1011,220,14,230,26,709,6,6,6,6,6,NA,NA,NA,NA,21/12/2024 08:03,0
21/12/2024 09:00,WIND,492301,1,HCM,1,62122,1011,220,12,230,24,754,6,6,6,6,6,NA,NA,NA,NA,21/12/2024 09:03,0
21/12/2024 10:00,WIND,492301,1,HCM,1,62122,1011,230,15,240,32,943,6,6,6,6,6,NA,NA,NA,NA,21/12/2024 10:03,0
21/12/2024 11:00,WIND,492301,1,HCM,1,62122,1011,230,18,250,33,1037,6,6,6,6,6,NA,NA,NA,NA,21/12/2024 11:03,0
21/12/2024 12:00,WIND,492301,1,HCM,1,62122,1011,230,20,240,34,1100,6,6,6,6,6,NA,NA,NA,NA,21/12/2024 12:03,0
21/12/2024 13:00,WIND,492301,1,HCM,1,62122,1011,240,21,230,36,1235,6,6,6,6,6,NA,NA,NA,NA,21/12/2024 13:03,0
21/12/2024 14:00,WIND,492301,1,HCM,1,62122,1011,240,21,250,35,1323,6,6,6,6,6,NA,NA,NA,NA,21/12/2024 14:03,0
21/12/2024 15:00,WIND,492301,1,HCM,1,62122,1011,250,16,240,31,1350,6,6,6,6,6,NA,NA,NA,NA,21/12/2024 15:03,0
21/12/2024 16:00,WIND,492301,1,HCM,1,62122,1011,260,15,270,25,1534,6,6,6,6,6,NA,NA,NA,NA,21/12/2024 16:03,0
21/12/2024 17:00,WIND,492301,1,HCM,1,62122,1011,250,14,260,25,1646,6,6,6,6,6,NA,NA,NA,NA,21/12/2024 17:02,0
21/12/2024 18:00,WIND,492301,1,HCM,1,62122,1011,250,15,250,28,1701,6,6,6,6,6,NA,NA,NA,NA,21/12/2024 18:03,0
21/12/2024 19:00,WIND,492301,1,HCM,1,62122,1011,250,17,260,28,1839,6,6,6,6,6,NA,NA,NA,NA,21/12/2024 19:03,0
21/12/2024 20:00,WIND,492301,1,HCM,1,62122,1011,250,14,250,28,1858,6,6,6,6,6,NA,NA,NA,NA,21/12/2024 20:07,0
21/12/2024 21:00,WIND,492301,1,HCM,1,62122,1011,260,12,270,29,2041,6,6,6,6,6,NA,NA,NA,NA,21/12/2024 21:03,0
21/12/2024 22:00,WIND,492301,1,HCM,1,62122,1011,250,12,260,22,2146,6,6,6,6,6,NA,NA,NA,NA,21/12/2024 22:03,0
21/12/2024 23:00,WIND,492301,1,HCM,1,62122,1011,250,14,260,26,2155,6,6,6,6,6,NA,NA,NA,NA,21/12/2024 23:03,0
22/12/2024 00:00,WIND,492301,1,HCM,1,62122,1011,250,12,260,21,2325,6,6,6,6,6,NA,NA,NA,NA,22/12/2024 00:03,0
22/12/2024 01:00,WIND,492301,1,HCM,1,62122,1011,250,13,260,26,27,6,6,6,6,6,NA,NA,NA,NA,22/12/2024 01:03,0
22/12/2024 02:00,WIND,492301,1,HCM,1,62122,1011,270,15,300,31,125,6,6,6,6,6,NA,NA,NA,NA,22/12/2024 02:03,0
22/12/2024 03:00,WIND,492301,1,HCM,1,62122,1011,260,12,280,29,150,6,6,6,6,6,NA,NA,NA,NA,22/12/2024 03:03,0
22/12/2024 04:00,WIND,492301,1,HCM,1,62122,1011,270,12,270,23,338,6,6,6,6,6,NA,NA,NA,NA,22/12/2024 04:03,0
22/12/2024 05:00,WIND,492301,1,HCM,1,62122,1011,260,12,250,23,428,6,6,6,6,6,NA,NA,NA,NA,22/12/2024 05:03,0
22/12/2024 06:00,WIND,492301,1,HCM,1,62122,1011,250,13,260,23,549,6,6,6,6,6,NA,NA,NA,NA,22/12/2024 06:03,0
22/12/2024 07:00,WIND,492301,1,HCM,1,62122,1011,260,14,250,31,639,6,6,6,6,6,NA,NA,NA,NA,22/12/2024 07:03,0
22/12/2024 08:00,WIND,492301,1,HCM,1,62122,1011,260,13,260,26,654,6,6,6,6,6,NA,NA,NA,NA,22/12/2024 08:03,0
22/12/2024 09:00,WIND,492301,1,HCM,1,62122,1011,260,10,260,30,813,6,6,6,6,6,NA,NA,NA,NA,22/12/2024 09:03,0
22/12/2024 10:00,WIND,492301,1,HCM,1,62122,1011,260,9,270,23,945,6,6,6,6,6,NA,NA,NA,NA,22/12/2024 10:03,0
22/12/2024 11:00,WIND,492301,1,HCM,1,62122,1011,290,11,300,28,1039,6,6,6,6,6,NA,NA,NA,NA,22/12/2024 11:03,0
22/12/2024 12:00,WIND,492301,1,HCM,1,62122,1011,280,10,280,22,1146,6,6,6,6,6,NA,NA,NA,NA,22/12/2024 12:03,0
22/12/2024 13:00,WIND,492301,1,HCM,1,62122,1011,270,13,280,32,1228,6,6,6,6,6,NA,NA,NA,NA,22/12/2024 13:03,0
22/12/2024 14:00,WIND,492301,1,HCM,1,62122,1011,280,15,270,33,1255,6,6,6,6,6,NA,NA,NA,NA,22/12/2024 14:03,0
22/12/2024 15:00,WIND,492301,1,HCM,1,62122,1011,290,13,270,27,1429,6,6,6,6,6,NA,NA,NA,NA,22/12/2024 15:03,0
22/12/2024 16:00,WIND,492301,1,HCM,1,62122,1011,280,15,280,33,1518,6,6,6,6,6,NA,NA,NA,NA,22/12/2024 16:03,0
22/12/2024 17:00,WIND,492301,1,HCM,1,62122,1011,290,13,300,32,1558,6,6,6,6,6,NA,NA,NA,NA,22/12/2024 17:02,0
22/12/2024 18:00,WIND,492301,1,HCM,1,62122,1011,290,9,320,17,1733,6,6,6,6,6,NA,NA,NA,NA,22/12/2024 18:03,0
22/12/2024 19:00,WIND,492301,1,HCM,1,62122,1011,290,9,320,20,1807,6,6,6,6,6,NA,NA,NA,NA,22/12/2024 19:03,0
22/12/2024 20:00,WIND,492301,1,HCM,1,62122,1011,280,11,260,21,1942,6,6,6,6,6,NA,NA,NA,NA,22/12/2024 20:03,0
22/12/2024 21:00,WIND,492301,1,HCM,1,62122,1011,290,11,290,24,1958,6,6,6,6,6,NA,NA,NA,NA,22/12/2024 21:03,0
22/12/2024 22:00,WIND,492301,1,HCM,1,62122,1011,280,13,280,26,2139,6,6,6,6,6,NA,NA,NA,NA,22/12/2024 22:03,0
22/12/2024 23:00,WIND,492301,1,HCM,1,62122,1011,280,13,280,22,2151,6,6,6,6,6,NA,NA,NA,NA,22/12/2024 23:03,0
23/12/2024 00:00,WIND,492301,1,HCM,1,62122,1011,290,12,290,19,2332,6,6,6,6,6,NA,NA,NA,NA,23/12/2024 00:03,0
23/12/2024 01:00,WIND,492301,1,HCM,1,62122,1011,280,9,280,17,2353,6,6,6,6,6,NA,NA,NA,NA,23/12/2024 01:03,0
23/12/2024 02:00,WIND,492301,1,HCM,1,62122,1011,280,9,280,20,145,6,6,6,6,6,NA,NA,NA,NA,23/12/2024 02:03,0
23/12/2024 03:00,WIND,492301,1,HCM,1,62122,1011,280,11,280,19,216,6,6,6,6,6,NA,NA,NA,NA,23/12/2024 03:03,0
23/12/2024 04:00,WIND,492301,1,HCM,1,62122,1011,280,10,270,20,251,6,6,6,6,6,NA,NA,NA,NA,23/12/2024 04:03,0
23/12/2024 05:00,WIND,492301,1,HCM,1,62122,1011,280,9,280,16,350,6,6,6,6,6,NA,NA,NA,NA,23/12/2024 05:03,0
23/12/2024 06:00,WIND,492301,1,HCM,1,62122,1011,280,7,290,12,457,6,6,6,6,6,NA,NA,NA,NA,23/12/2024 06:03,0
23/12/2024 07:00,WIND,492301,1,HCM,1,62122,1011,270,5,290,11,552,6,6,6,6,6,NA,NA,NA,NA,23/12/2024 07:03,0
23/12/2024 08:00,WIND,492301,1,HCM,1,62122,1011,250,4,250,8,742,6,6,6,6,6,NA,NA,NA,NA,23/12/2024 08:03,0
23/12/2024 09:00,WIND,492301,1,HCM,1,62122,1011,250,5,270,10,821,6,6,6,6,6,NA,NA,NA,NA,23/12/2024 09:03,0
23/12/2024 10:00,WIND,492301,1,HCM,1,62122,1011,250,6,240,9,934,6,6,6,6,6,NA,NA,NA,NA,23/12/2024 10:03,0
23/12/2024 11:00,WIND,492301,1,HCM,1,62122,1011,250,7,260,13,1024,6,6,6,6,6,NA,NA,NA,NA,23/12/2024 11:03,0
23/12/2024 12:00,WIND,492301,1,HCM,1,62122,1011,240,8,240,13,1135,6,6,6,6,6,NA,NA,NA,NA,23/12/2024 12:03,0
23/12/2024 13:00,WIND,492301,1,HCM,1,62122,1011,240,7,250,12,1231,6,6,6,6,6,NA,NA,NA,NA,23/12/2024 13:03,0
23/12/2024 14:00,WIND,492301,1,HCM,1,62122,1011,240,9,240,14,1310,6,6,6,6,6,NA,NA,NA,NA,23/12/2024 14:03,0
23/12/2024 15:00,WIND,492301,1,HCM,1,62122,1011,240,6,230,13,1351,6,6,6,6,6,NA,NA,NA,NA,23/12/2024 15:03,0
23/12/2024 16:00,WIND,492301,1,HCM,1,62122,1011,210,5,230,9,1501,6,6,6,6,6,NA,NA,NA,NA,23/12/2024 16:03,0
23/12/2024 17:00,WIND,492301,1,HCM,1,62122,1011,210,5,210,10,1611,6,6,6,6,6,NA,NA,NA,NA,23/12/2024 17:03,0
23/12/2024 18:00,WIND,492301,1,HCM,1,62122,1011,200,6,200,10,1736,6,6,6,6,6,NA,NA,NA,NA,23/12/2024 18:03,0
23/12/2024 19:00,WIND,492301,1,HCM,1,62122,1011,190,5,200,9,1810,6,6,6,6,6,NA,NA,NA,NA,23/12/2024 19:03,0
23/12/2024 20:00,WIND,492301,1,HCM,1,62122,1011,220,5,210,9,1909,6,6,6,6,6,NA,NA,NA,NA,23/12/2024 20:03,0
23/12/2024 21:00,WIND,492301,1,HCM,1,62122,1011,250,6,250,12,2049,6,6,6,6,6,NA,NA,NA,NA,23/12/2024 21:03,0
23/12/2024 22:00,WIND,492301,1,HCM,1,62122,1011,250,8,230,14,2100,6,6,6,6,6,NA,NA,NA,NA,23/12/2024 22:03,0
23/12/2024 23:00,WIND,492301,1,HCM,1,62122,1011,260,5,250,12,2153,6,6,6,6,6,NA,NA,NA,NA,23/12/2024 23:03,0
24/12/2024 00:00,WIND,492301,1,HCM,1,62122,1011,270,4,260,9,2311,6,6,6,6,6,NA,NA,NA,NA,24/12/2024 00:03,0
24/12/2024 01:00,WIND,492301,1,HCM,1,62122,1011,250,4,230,9,43,6,6,6,6,6,NA,NA,NA,NA,24/12/2024 01:03,0
24/12/2024 02:00,WIND,492301,1,HCM,1,62122,1011,240,4,240,8,147,6,6,6,6,6,NA,NA,NA,NA,24/12/2024 02:03,0
24/12/2024 03:00,WIND,492301,1,HCM,1,62122,1011,230,5,230,10,154,6,6,6,6,6,NA,NA,NA,NA,24/12/2024 03:03,0
24/12/2024 04:00,WIND,492301,1,HCM,1,62122,1011,230,4,240,9,250,6,6,6,6,6,NA,NA,NA,NA,24/12/2024 04:03,0
24/12/2024 05:00,WIND,492301,1,HCM,1,62122,1011,240,5,240,9,406,6,6,6,6,6,NA,NA,NA,NA,24/12/2024 05:03,0
24/12/2024 06:00,WIND,492301,1,HCM,1,62122,1011,240,5,250,9,521,6,6,6,6,6,NA,NA,NA,NA,24/12/2024 06:03,0
24/12/2024 07:00,WIND,492301,1,HCM,1,62122,1011,240,6,250,11,646,6,6,6,6,6,NA,NA,NA,NA,24/12/2024 07:03,0
24/12/2024 08:00,WIND,492301,1,HCM,1,62122,1011,240,8,240,14,739,6,6,6,6,6,NA,NA,NA,NA,24/12/2024 08:03,0
24/12/2024 09:00,WIND,492301,1,HCM,1,62122,1011,250,11,250,17,804,6,6,6,6,6,NA,NA,NA,NA,24/12/2024 09:03,0
24/12/2024 10:00,WIND,492301,1,HCM,1,62122,1011,250,11,250,20,934,6,6,6,6,6,NA,NA,NA,NA,24/12/2024 10:03,0
24/12/2024 11:00,WIND,492301,1,HCM,1,62122,1011,250,12,240,19,1026,6,6,6,6,6,NA,NA,NA,NA,24/12/2024 11:03,0
24/12/2024 12:00,WIND,492301,1,HCM,1,62122,1011,250,11,250,19,1141,6,6,6,6,6,NA,NA,NA,NA,24/12/2024 12:03,0
24/12/2024 13:00,WIND,492301,1,HCM,1,62122,1011,250,12,240,19,1239,6,6,6,6,6,NA,NA,NA,NA,24/12/2024 13:03,0
24/12/2024 14:00,WIND,492301,1,HCM,1,62122,1011,240,12,240,20,1321,6,6,6,6,6,NA,NA,NA,NA,24/12/2024 14:03,0
24/12/2024 15:00,WIND,492301,1,HCM,1,62122,1011,230,8,220,15,1355,6,6,6,6,6,NA,NA,NA,NA,24/12/2024 15:03,0
24/12/2024 16:00,WIND,492301,1,HCM,1,62122,1011,240,7,230,13,1511,6,6,6,6,6,NA,NA,NA,NA,24/12/2024 16:03,0
24/12/2024 17:00,WIND,492301,1,HCM,1,62122,1011,240,10,240,19,1620,6,6,6,6,6,NA,NA,NA,NA,24/12/2024 17:03,0
24/12/2024 18:00,WIND,492301,1,HCM,1,62122,1011,250,11,260,18,1658,6,6,6,6,6,NA,NA,NA,NA,24/12/2024 18:03,0
24/12/2024 19:00,WIND,492301,1,HCM,1,62122,1011,240,9,240,16,1754,6,6,6,6,6,NA,NA,NA,NA,24/12/2024 19:03,0
24/12/2024 20:00,WIND,492301,1,HCM,1,62122,1011,240,11,240,19,1933,6,6,6,6,6,NA,NA,NA,NA,24/12/2024 20:03,0
24/12/2024 21:00,WIND,492301,1,HCM,1,62122,1011,250,11,240,17,2008,6,6,6,6,6,NA,NA,NA,NA,24/12/2024 21:03,0
24/12/2024 22:00,WIND,492301,1,HCM,1,62122,1011,250,10,250,20,2059,6,6,6,6,6,NA,NA,NA,NA,24/12/2024 22:03,0
24/12/2024 23:00,WIND,492301,1,HCM,1,62122,1011,250,9,240,15,2226,6,6,6,6,6,NA,NA,NA,NA,24/12/2024 23:03,0
25/12/2024 00:00,WIND,492301,1,HCM,1,62122,1011,240,9,250,17,2327,6,6,6,6,6,NA,NA,NA,NA,25/12/2024 00:03,0
25/12/2024 01:00,WIND,492301,1,HCM,1,62122,1011,240,8,250,14,29,6,6,6,6,6,NA,NA,NA,NA,25/12/2024 01:03,0
25/12/2024 02:00,WIND,492301,1,HCM,1,62122,1011,240,9,240,15,123,6,6,6,6,6,NA,NA,NA,NA,25/12/2024 02:03,0
25/12/2024 03:00,WIND,492301,1,HCM,1,62122,1011,240,8,240,14,243,6,6,6,6,6,NA,NA,NA,NA,25/12/2024 03:03,0
25/12/2024 04:00,WIND,492301,1,HCM,1,62122,1011,230,7,240,13,257,6,6,6,6,6,NA,NA,NA,NA,25/12/2024 04:03,0
25/12/2024 05:00,WIND,492301,1,HCM,1,62122,1011,240,7,230,14,432,6,6,6,6,6,NA,NA,NA,NA,25/12/2024 05:03,0
25/12/2024 06:00,WIND,492301,1,HCM,1,62122,1011,240,7,240,14,536,6,6,6,6,6,NA,NA,NA,NA,25/12/2024 06:03,0
25/12/2024 07:00,WIND,492301,1,HCM,1,62122,1011,240,7,240,12,642,6,6,6,6,6,NA,NA,NA,NA,25/12/2024 07:03,0
25/12/2024 08:00,WIND,492301,1,HCM,1,62122,1011,240,7,250,12,713,6,6,6,6,6,NA,NA,NA,NA,25/12/2024 08:03,0
25/12/2024 09:00,WIND,492301,1,HCM,1,62122,1011,230,6,240,9,804,6,6,6,6,6,NA,NA,NA,NA,25/12/2024 09:03,0
25/12/2024 10:00,WIND,492301,1,HCM,1,62122,1011,240,7,220,13,905,6,6,6,6,6,NA,NA,NA,NA,25/12/2024 10:03,0
25/12/2024 11:00,WIND,492301,1,HCM,1,62122,1011,240,7,250,14,1014,6,6,6,6,6,NA,NA,NA,NA,25/12/2024 11:03,0
25/12/2024 12:00,WIND,492301,1,HCM,1,62122,1011,240,8,230,13,1104,6,6,6,6,6,NA,NA,NA,NA,25/12/2024 12:03,0
25/12/2024 13:00,WIND,492301,1,HCM,1,62122,1011,250,8,270,13,1217,6,6,6,6,6,NA,NA,NA,NA,25/12/2024 13:03,0
25/12/2024 14:00,WIND,492301,1,HCM,1,62122,1011,240,8,250,13,1333,6,6,6,6,6,NA,NA,NA,NA,25/12/2024 14:03,0
25/12/2024 15:00,WIND,492301,1,HCM,1,62122,1011,230,6,240,12,1353,6,6,6,6,6,NA,NA,NA,NA,25/12/2024 15:03,0
25/12/2024 16:00,WIND,492301,1,HCM,1,62122,1011,220,6,220,12,1455,6,6,6,6,6,NA,NA,NA,NA,25/12/2024 16:03,0
25/12/2024 17:00,WIND,492301,1,HCM,1,62122,1011,230,7,230,12,1649,6,6,6,6,6,NA,NA,NA,NA,25/12/2024 17:03,0
25/12/2024 18:00,WIND,492301,1,HCM,1,62122,1011,230,7,240,12,1738,6,6,6,6,6,NA,NA,NA,NA,25/12/2024 18:03,0
25/12/2024 19:00,WIND,492301,1,HCM,1,62122,1011,230,6,210,12,1758,6,6,6,6,6,NA,NA,NA,NA,25/12/2024 19:03,0
25/12/2024 20:00,WIND,492301,1,HCM,1,62122,1011,220,5,220,11,1902,6,6,6,6,6,NA,NA,NA,NA,25/12/2024 20:03,0
25/12/2024 21:00,WIND,492301,1,HCM,1,62122,1011,220,4,230,9,1959,6,6,6,6,6,NA,NA,NA,NA,25/12/2024 21:03,0
25/12/2024 22:00,WIND,492301,1,HCM,1,62122,1011,220,3,220,7,2117,6,6,6,6,6,NA,NA,NA,NA,25/12/2024 22:03,0
25/12/2024 23:00,WIND,492301,1,HCM,1,62122,1011,220,4,220,8,2156,6,6,6,6,6,NA,NA,NA,NA,25/12/2024 23:03,0
26/12/2024 00:00,WIND,492301,1,HCM,1,62122,1011,220,4,220,7,2334,6,6,6,6,6,NA,NA,NA,NA,26/12/2024 00:03,0
26/12/2024 01:00,WIND,492301,1,HCM,1,62122,1011,230,4,210,9,29,6,6,6,6,6,NA,NA,NA,NA,26/12/2024 01:03,0
26/12/2024 02:00,WIND,492301,1,HCM,1,62122,1011,230,5,250,9,140,6,6,6,6,6,NA,NA,NA,NA,26/12/2024 02:03,0
26/12/2024 03:00,WIND,492301,1,HCM,1,62122,1011,230,3,250,7,202,6,6,6,6,6,NA,NA,NA,NA,26/12/2024 03:03,0
26/12/2024 04:00,WIND,492301,1,HCM,1,62122,1011,270,3,280,7,304,6,6,6,6,6,NA,NA,NA,NA,26/12/2024 04:03,0
26/12/2024 05:00,WIND,492301,1,HCM,1,62122,1011,260,3,260,5,427,6,6,6,6,6,NA,NA,NA,NA,26/12/2024 05:03,0
26/12/2024 06:00,WIND,492301,1,HCM,1,62122,1011,200,2,170,4,535,6,6,6,6,6,NA,NA,NA,NA,26/12/2024 06:03,0
26/12/2024 07:00,WIND,492301,1,HCM,1,62122,1011,180,2,170,5,555,6,6,6,6,6,NA,NA,NA,NA,26/12/2024 07:03,0
26/12/2024 08:00,WIND,492301,1,HCM,1,62122,1011,320,2,320,3,709,6,6,6,6,6,NA,NA,NA,NA,26/12/2024 08:03,0
26/12/2024 09:00,WIND,492301,1,HCM,1,62122,1011,360,2,100,3,849,6,6,6,6,6,NA,NA,NA,NA,26/12/2024 09:03,0
26/12/2024 10:00,WIND,492301,1,HCM,1,62122,1011,140,3,110,5,853,6,6,6,6,6,NA,NA,NA,NA,26/12/2024 10:03,0
26/12/2024 11:00,WIND,492301,1,HCM,1,62122,1011,130,3,120,6,1035,6,6,6,6,6,NA,NA,NA,NA,26/12/2024 11:03,0
26/12/2024 12:00,WIND,492301,1,HCM,1,62122,1011,180,2,290,5,1139,6,6,6,6,6,NA,NA,NA,NA,26/12/2024 12:03,0
26/12/2024 13:00,WIND,492301,1,HCM,1,62122,1011,310,1,60,4,1247,6,6,6,6,6,NA,NA,NA,NA,26/12/2024 13:03,0
26/12/2024 14:00,WIND,492301,1,HCM,1,62122,1011,50,2,80,4,1349,6,6,6,6,6,NA,NA,NA,NA,26/12/2024 14:03,0
26/12/2024 15:00,WIND,492301,1,HCM,1,62122,1011,70,2,110,3,1350,6,6,6,6,6,NA,NA,NA,NA,26/12/2024 15:03,0
26/12/2024 16:00,WIND,492301,1,HCM,1,62122,1011,70,3,70,5,1538,6,6,6,6,6,NA,NA,NA,NA,26/12/2024 16:03,0
26/12/2024 17:00,WIND,492301,1,HCM,1,62122,1011,100,2,110,6,1603,6,6,6,6,6,NA,NA,NA,NA,26/12/2024 17:03,0
26/12/2024 18:00,WIND,492301,1,HCM,1,62122,1011,90,4,90,6,1732,6,6,6,6,6,NA,NA,NA,NA,26/12/2024 18:03,0
26/12/2024 19:00,WIND,492301,1,HCM,1,62122,1011,110,4,100,7,1808,6,6,6,6,6,NA,NA,NA,NA,26/12/2024 19:03,0
26/12/2024 20:00,WIND,492301,1,HCM,1,62122,1011,130,3,150,6,1909,6,6,6,6,6,NA,NA,NA,NA,26/12/2024 20:03,0
26/12/2024 21:00,WIND,492301,1,HCM,1,62122,1011,130,3,150,7,1959,6,6,6,6,6,NA,NA,NA,NA,26/12/2024 21:03,0
26/12/2024 22:00,WIND,492301,1,HCM,1,62122,1011,100,2,130,6,2114,6,6,6,6,6,NA,NA,NA,NA,26/12/2024 22:03,0
26/12/2024 23:00,WIND,492301,1,HCM,1,62122,1011,80,2,90,5,2150,6,6,6,6,6,NA,NA,NA,NA,26/12/2024 23:03,0
27/12/2024 00:00,WIND,492301,1,HCM,1,62122,1011,80,3,110,5,2303,6,6,6,6,6,NA,NA,NA,NA,27/12/2024 00:03,0
27/12/2024 01:00,WIND,492301,1,HCM,1,62122,1011,110,3,90,8,9,6,6,6,6,6,NA,NA,NA,NA,27/12/2024 01:03,0
27/12/2024 02:00,WIND,492301,1,HCM,1,62122,1011,190,2,130,6,53,6,6,6,6,6,NA,NA,NA,NA,27/12/2024 02:03,0
27/12/2024 03:00,WIND,492301,1,HCM,1,62122,1011,170,2,190,4,228,6,6,6,6,6,NA,NA,NA,NA,27/12/2024 03:03,0
27/12/2024 04:00,WIND,492301,1,HCM,1,62122,1011,210,3,210,5,321,6,6,6,6,6,NA,NA,NA,NA,27/12/2024 04:03,0
27/12/2024 05:00,WIND,492301,1,HCM,1,62122,1011,200,3,190,7,400,6,6,6,6,6,NA,NA,NA,NA,27/12/2024 05:03,0
27/12/2024 06:00,WIND,492301,1,HCM,1,62122,1011,190,3,150,5,534,6,6,6,6,6,NA,NA,NA,NA,27/12/2024 06:03,0
27/12/2024 07:00,WIND,492301,1,HCM,1,62122,1011,190,2,260,4,629,6,6,6,6,6,NA,NA,NA,NA,27/12/2024 07:03,0
27/12/2024 08:00,WIND,492301,1,HCM,1,62122,1011,250,2,230,5,703,6,6,6,6,6,NA,NA,NA,NA,27/12/2024 08:03,0
27/12/2024 09:00,WIND,492301,1,HCM,1,62122,1011,230,2,240,5,829,6,6,6,6,6,NA,NA,NA,NA,27/12/2024 09:03,0
27/12/2024 10:00,WIND,492301,1,HCM,1,62122,1011,170,2,150,4,912,6,6,6,6,6,NA,NA,NA,NA,27/12/2024 10:03,0
27/12/2024 11:00,WIND,492301,1,HCM,1,62122,1011,250,2,200,5,1049,6,6,6,6,6,NA,NA,NA,NA,27/12/2024 11:03,0
27/12/2024 12:00,WIND,492301,1,HCM,1,62122,1011,200,2,190,6,1138,6,6,6,6,6,NA,NA,NA,NA,27/12/2024 12:03,0
27/12/2024 13:00,WIND,492301,1,HCM,1,62122,1011,200,2,260,5,1210,6,6,6,6,6,NA,NA,NA,NA,27/12/2024 13:03,0
27/12/2024 14:00,WIND,492301,1,HCM,1,62122,1011,150,2,190,5,1330,6,6,6,6,6,NA,NA,NA,NA,27/12/2024 14:03,0
27/12/2024 15:00,WIND,492301,1,HCM,1,62122,1011,220,2,260,5,1442,6,6,6,6,6,NA,NA,NA,NA,27/12/2024 15:03,0
27/12/2024 16:00,WIND,492301,1,HCM,1,62122,1011,260,3,250,6,1519,6,6,6,6,6,NA,NA,NA,NA,27/12/2024 16:03,0
27/12/2024 17:00,WIND,492301,1,HCM,1,62122,1011,280,3,250,5,1640,6,6,6,6,6,NA,NA,NA,NA,27/12/2024 17:03,0
27/12/2024 18:00,WIND,492301,1,HCM,1,62122,1011,280,3,290,5,1733,6,6,6,6,6,NA,NA,NA,NA,27/12/2024 18:03,0
27/12/2024 19:00,WIND,492301,1,HCM,1,62122,1011,240,3,260,6,1758,6,6,6,6,6,NA,NA,NA,NA,27/12/2024 19:03,0
27/12/2024 20:00,WIND,492301,1,HCM,1,62122,1011,260,3,240,6,1925,6,6,6,6,6,NA,NA,NA,NA,27/12/2024 20:03,0
27/12/2024 21:00,WIND,492301,1,HCM,1,62122,1011,280,3,290,5,2013,6,6,6,6,6,NA,NA,NA,NA,27/12/2024 21:03,0
27/12/2024 22:00,WIND,492301,1,HCM,1,62122,1011,260,2,260,5,2140,6,6,6,6,6,NA,NA,NA,NA,27/12/2024 22:03,0
27/12/2024 23:00,WIND,492301,1,HCM,1,62122,1011,230,2,180,5,2228,6,6,6,6,6,NA,NA,NA,NA,27/12/2024 23:03,0
28/12/2024 00:00,WIND,492301,1,HCM,1,62122,1011,230,3,260,7,2256,6,6,6,6,6,NA,NA,NA,NA,28/12/2024 00:03,0
28/12/2024 01:00,WIND,492301,1,HCM,1,62122,1011,210,3,240,6,12,6,6,6,6,6,NA,NA,NA,NA,28/12/2024 01:03,0
28/12/2024 02:00,WIND,492301,1,HCM,1,62122,1011,240,4,250,7,123,6,6,6,6,6,NA,NA,NA,NA,28/12/2024 02:03,0
28/12/2024 03:00,WIND,492301,1,HCM,1,62122,1011,220,3,250,6,218,6,6,6,6,6,NA,NA,NA,NA,28/12/2024 03:02,0
28/12/2024 04:00,WIND,492301,1,HCM,1,62122,1011,220,3,200,6,314,6,6,6,6,6,NA,NA,NA,NA,28/12/2024 04:03,0
28/12/2024 05:00,WIND,492301,1,HCM,1,62122,1011,250,3,250,5,354,6,6,6,6,6,NA,NA,NA,NA,28/12/2024 05:03,0
28/12/2024 06:00,WIND,492301,1,HCM,1,62122,1011,260,3,280,4,533,6,6,6,6,6,NA,NA,NA,NA,28/12/2024 06:03,0
28/12/2024 07:00,WIND,492301,1,HCM,1,62122,1011,280,2,300,3,617,6,6,6,6,6,NA,NA,NA,NA,28/12/2024 07:03,0
28/12/2024 08:00,WIND,492301,1,HCM,1,62122,1011,250,3,260,5,747,6,6,6,6,6,NA,NA,NA,NA,28/12/2024 08:03,0
28/12/2024 09:00,WIND,492301,1,HCM,1,62122,1011,240,3,250,6,825,6,6,6,6,6,NA,NA,NA,NA,28/12/2024 09:03,0
28/12/2024 10:00,WIND,492301,1,HCM,1,62122,1011,260,4,250,7,944,6,6,6,6,6,NA,NA,NA,NA,28/12/2024 10:03,0
28/12/2024 11:00,WIND,492301,1,HCM,1,62122,1011,240,4,250,8,956,6,6,6,6,6,NA,NA,NA,NA,28/12/2024 11:03,0
28/12/2024 12:00,WIND,492301,1,HCM,1,62122,1011,230,4,240,6,1133,6,6,6,6,6,NA,NA,NA,NA,28/12/2024 12:03,0
28/12/2024 13:00,WIND,492301,1,HCM,1,62122,1011,230,4,250,7,1222,6,6,6,6,6,NA,NA,NA,NA,28/12/2024 13:03,0
28/12/2024 14:00,WIND,492301,1,HCM,1,62122,1011,270,4,250,6,1258,6,6,6,6,6,NA,NA,NA,NA,28/12/2024 14:03,0
28/12/2024 15:00,WIND,492301,1,HCM,1,62122,1011,280,4,300,8,1442,6,6,6,6,6,NA,NA,NA,NA,28/12/2024 15:03,0
28/12/2024 16:00,WIND,492301,1,HCM,1,62122,1011,330,4,320,7,1450,6,6,6,6,6,NA,NA,NA,NA,28/12/2024 16:03,0
28/12/2024 17:00,WIND,492301,1,HCM,1,62122,1011,10,2,320,6,1553,6,6,6,6,6,NA,NA,NA,NA,28/12/2024 17:03,0
28/12/2024 18:00,WIND,492301,1,HCM,1,62122,1011,30,2,20,5,1717,6,6,6,6,6,NA,NA,NA,NA,28/12/2024 18:03,0
28/12/2024 19:00,WIND,492301,1,HCM,1,62122,1011,60,2,20,4,1754,6,6,6,6,6,NA,NA,NA,NA,28/12/2024 19:03,0
28/12/2024 20:00,WIND,492301,1,HCM,1,62122,1011,60,2,40,3,1949,6,6,6,6,6,NA,NA,NA,NA,28/12/2024 20:03,0
28/12/2024 21:00,WIND,492301,1,HCM,1,62122,1011,40,1,40,3,1951,6,6,6,6,6,NA,NA,NA,NA,28/12/2024 21:03,0
28/12/2024 22:00,WIND,492301,1,HCM,1,62122,1011,330,2,290,5,2141,6,6,6,6,6,NA,NA,NA,NA,28/12/2024 22:03,0
28/12/2024 23:00,WIND,492301,1,HCM,1,62122,1011,320,2,320,4,2236,6,6,6,6,6,NA,NA,NA,NA,28/12/2024 23:03,0
29/12/2024 00:00,WIND,492301,1,HCM,1,62122,1011,300,3,290,6,2332,6,6,6,6,6,NA,NA,NA,NA,29/12/2024 00:03,0
29/12/2024 01:00,WIND,492301,1,HCM,1,62122,1011,260,3,260,5,18,6,6,6,6,6,NA,NA,NA,NA,29/12/2024 01:03,0
29/12/2024 02:00,WIND,492301,1,HCM,1,62122,1011,260,3,270,6,104,6,6,6,6,6,NA,NA,NA,NA,29/12/2024 02:03,0
29/12/2024 03:00,WIND,492301,1,HCM,1,62122,1011,260,3,280,6,239,6,6,6,6,6,NA,NA,NA,NA,29/12/2024 03:03,0
29/12/2024 04:00,WIND,492301,1,HCM,1,62122,1011,260,3,230,7,311,6,6,6,6,6,NA,NA,NA,NA,29/12/2024 04:03,0
29/12/2024 05:00,WIND,492301,1,HCM,1,62122,1011,270,2,300,5,410,6,6,6,6,6,NA,NA,NA,NA,29/12/2024 05:03,0
29/12/2024 06:00,WIND,492301,1,HCM,1,62122,1011,180,2,190,5,509,6,6,6,6,6,NA,NA,NA,NA,29/12/2024 06:03,0
29/12/2024 07:00,WIND,492301,1,HCM,1,62122,1011,120,2,110,4,639,6,6,6,6,6,NA,NA,NA,NA,29/12/2024 07:03,0
29/12/2024 08:00,WIND,492301,1,HCM,1,62122,1011,160,2,190,5,736,6,6,6,6,6,NA,NA,NA,NA,29/12/2024 08:03,0
29/12/2024 09:00,WIND,492301,1,HCM,1,62122,1011,150,2,190,4,815,6,6,6,6,6,NA,NA,NA,NA,29/12/2024 09:03,0
29/12/2024 10:00,WIND,492301,1,HCM,1,62122,1011,200,4,180,7,920,6,6,6,6,6,NA,NA,NA,NA,29/12/2024 10:03,0
29/12/2024 11:00,WIND,492301,1,HCM,1,62122,1011,200,3,180,7,1039,6,6,6,6,6,NA,NA,NA,NA,29/12/2024 11:03,0
29/12/2024 12:00,WIND,492301,1,HCM,1,62122,1011,240,6,240,11,1131,6,6,6,6,6,NA,NA,NA,NA,29/12/2024 12:03,0
29/12/2024 13:00,WIND,492301,1,HCM,1,62122,1011,230,6,220,12,1229,6,6,6,6,6,NA,NA,NA,NA,29/12/2024 13:03,0
29/12/2024 14:00,WIND,492301,1,HCM,1,62122,1011,230,8,230,14,1345,6,6,6,6,6,NA,NA,NA,NA,29/12/2024 14:03,0
29/12/2024 15:00,WIND,492301,1,HCM,1,62122,1011,240,9,240,17,1408,6,6,6,6,6,NA,NA,NA,NA,29/12/2024 15:03,0
29/12/2024 16:00,WIND,492301,1,HCM,1,62122,1011,240,8,250,16,1524,6,6,6,6,6,NA,NA,NA,NA,29/12/2024 16:03,0
29/12/2024 17:00,WIND,492301,1,HCM,1,62122,1011,250,9,250,15,1640,6,6,6,6,6,NA,NA,NA,NA,29/12/2024 17:03,0
29/12/2024 18:00,WIND,492301,1,HCM,1,62122,1011,240,9,240,16,1723,6,6,6,6,6,NA,NA,NA,NA,29/12/2024 18:03,0
29/12/2024 19:00,WIND,492301,1,HCM,1,62122,1011,240,10,250,19,1827,6,6,6,6,6,NA,NA,NA,NA,29/12/2024 19:03,0
29/12/2024 20:00,WIND,492301,1,HCM,1,62122,1011,240,8,260,16,1945,6,6,6,6,6,NA,NA,NA,NA,29/12/2024 20:03,0
29/12/2024 21:00,WIND,492301,1,HCM,1,62122,1011,250,9,240,16,2011,6,6,6,6,6,NA,NA,NA,NA,29/12/2024 21:03,0
29/12/2024 22:00,WIND,492301,1,HCM,1,62122,1011,240,9,240,16,2145,6,6,6,6,6,NA,NA,NA,NA,29/12/2024 22:02,0
29/12/2024 23:00,WIND,492301,1,HCM,1,62122,1011,250,11,260,19,2240,6,6,6,6,6,NA,NA,NA,NA,29/12/2024 23:03,0
30/12/2024 00:00,WIND,492301,1,HCM,1,62122,1011,240,11,240,17,2255,6,6,6,6,6,NA,NA,NA,NA,30/12/2024 00:03,0
30/12/2024 01:00,WIND,492301,1,HCM,1,62122,1011,240,10,230,19,17,6,6,6,6,6,NA,NA,NA,NA,30/12/2024 01:03,0
30/12/2024 02:00,WIND,492301,1,HCM,1,62122,1011,240,11,250,20,135,6,6,6,6,6,NA,NA,NA,NA,30/12/2024 02:03,0
30/12/2024 03:00,WIND,492301,1,HCM,1,62122,1011,230,10,230,19,205,6,6,6,6,6,NA,NA,NA,NA,30/12/2024 03:03,0
30/12/2024 04:00,WIND,492301,1,HCM,1,62122,1011,230,10,240,18,318,6,6,6,6,6,NA,NA,NA,NA,30/12/2024 04:03,0
30/12/2024 05:00,WIND,492301,1,HCM,1,62122,1011,220,9,220,16,446,6,6,6,6,6,NA,NA,NA,NA,30/12/2024 05:03,0
30/12/2024 06:00,WIND,492301,1,HCM,1,62122,1011,220,8,220,14,507,6,6,6,6,6,NA,NA,NA,NA,30/12/2024 06:03,0
30/12/2024 07:00,WIND,492301,1,HCM,1,62122,1011,220,8,230,13,614,6,6,6,6,6,NA,NA,NA,NA,30/12/2024 07:03,0
30/12/2024 08:00,WIND,492301,1,HCM,1,62122,1011,210,7,210,13,745,6,6,6,6,6,NA,NA,NA,NA,30/12/2024 08:03,0
30/12/2024 09:00,WIND,492301,1,HCM,1,62122,1011,210,8,210,14,822,6,6,6,6,6,NA,NA,NA,NA,30/12/2024 09:03,0
30/12/2024 10:00,WIND,492301,1,HCM,1,62122,1011,210,8,220,14,903,6,6,6,6,6,NA,NA,NA,NA,30/12/2024 10:03,0
30/12/2024 11:00,WIND,492301,1,HCM,1,62122,1011,210,8,210,15,1021,6,6,6,6,6,NA,NA,NA,NA,30/12/2024 11:03,0
30/12/2024 12:00,WIND,492301,1,HCM,1,62122,1011,210,9,220,15,1126,6,6,6,6,6,NA,NA,NA,NA,30/12/2024 12:03,0
30/12/2024 13:00,WIND,492301,1,HCM,1,62122,1011,220,9,220,17,1245,6,6,6,6,6,NA,NA,NA,NA,30/12/2024 13:03,0
30/12/2024 14:00,WIND,492301,1,HCM,1,62122,1011,220,10,220,17,1338,6,6,6,6,6,NA,NA,NA,NA,30/12/2024 14:03,0
30/12/2024 15:00,WIND,492301,1,HCM,1,62122,1011,230,10,220,19,1405,6,6,6,6,6,NA,NA,NA,NA,30/12/2024 15:03,0
30/12/2024 16:00,WIND,492301,1,HCM,1,62122,1011,220,8,210,16,1507,6,6,6,6,6,NA,NA,NA,NA,30/12/2024 16:03,0
30/12/2024 17:00,WIND,492301,1,HCM,1,62122,1011,220,7,240,13,1611,6,6,6,6,6,NA,NA,NA,NA,30/12/2024 17:03,0
30/12/2024 18:00,WIND,492301,1,HCM,1,62122,1011,210,7,200,12,1719,6,6,6,6,6,NA,NA,NA,NA,30/12/2024 18:03,0
30/12/2024 19:00,WIND,492301,1,HCM,1,62122,1011,210,6,210,12,1817,6,6,6,6,6,NA,NA,NA,NA,30/12/2024 19:03,0
30/12/2024 20:00,WIND,492301,1,HCM,1,62122,1011,210,6,200,11,1914,6,6,6,6,6,NA,NA,NA,NA,30/12/2024 20:03,0
30/12/2024 21:00,WIND,492301,1,HCM,1,62122,1011,200,7,210,13,2038,6,6,6,6,6,NA,NA,NA,NA,30/12/2024 21:03,0
30/12/2024 22:00,WIND,492301,1,HCM,1,62122,1011,200,6,210,12,2115,6,6,6,6,6,NA,NA,NA,NA,30/12/2024 22:03,0
30/12/2024 23:00,WIND,492301,1,HCM,1,62122,1011,200,6,180,12,2219,6,6,6,6,6,NA,NA,NA,NA,30/12/2024 23:03,0
31/12/2024 00:00,WIND,492301,1,HCM,1,62122,1011,210,7,220,14,2345,6,6,6,6,6,NA,NA,NA,NA,31/12/2024 00:03,0
31/12/2024 01:00,WIND,492301,1,HCM,1,62122,1011,210,7,210,14,31,6,6,6,6,6,NA,NA,NA,NA,31/12/2024 01:03,0
31/12/2024 02:00,WIND,492301,1,HCM,1,62122,1011,210,7,210,14,119,6,6,6,6,6,NA,NA,NA,NA,31/12/2024 02:03,0
31/12/2024 03:00,WIND,492301,1,HCM,1,62122,1011,210,10,210,17,227,6,6,6,6,6,NA,NA,NA,NA,31/12/2024 03:03,0
31/12/2024 04:00,WIND,492301,1,HCM,1,62122,1011,210,10,200,21,312,6,6,6,6,6,NA,NA,NA,NA,31/12/2024 04:03,0
31/12/2024 05:00,WIND,492301,1,HCM,1,62122,1011,210,9,200,17,411,6,6,6,6,6,NA,NA,NA,NA,31/12/2024 05:03,0
31/12/2024 06:00,WIND,492301,1,HCM,1,62122,1011,200,8,200,15,514,6,6,6,6,6,NA,NA,NA,NA,31/12/2024 06:03,0
31/12/2024 07:00,WIND,492301,1,HCM,1,62122,1011,200,8,200,16,647,6,6,6,6,6,NA,NA,NA,NA,31/12/2024 07:03,0
31/12/2024 08:00,WIND,492301,1,HCM,1,62122,1011,210,10,220,21,707,6,6,6,6,6,NA,NA,NA,NA,31/12/2024 08:03,0
31/12/2024 09:00,WIND,492301,1,HCM,1,62122,1011,200,9,180,17,833,6,6,6,6,6,NA,NA,NA,NA,31/12/2024 09:03,0
31/12/2024 10:00,WIND,492301,1,HCM,1,62122,1011,200,9,200,17,947,6,6,6,6,6,NA,NA,NA,NA,31/12/2024 10:03,0
31/12/2024 11:00,WIND,492301,1,HCM,1,62122,1011,210,10,210,22,1031,6,6,6,6,6,NA,NA,NA,NA,31/12/2024 11:03,0
31/12/2024 12:00,WIND,492301,1,HCM,1,62122,1011,220,12,220,25,1115,6,6,6,6,6,NA,NA,NA,NA,31/12/2024 12:03,0
31/12/2024 13:00,WIND,492301,1,HCM,1,62122,1011,210,13,210,27,1244,6,6,6,6,6,NA,NA,NA,NA,31/12/2024 13:03,0
31/12/2024 14:00,WIND,492301,1,HCM,1,62122,1011,220,13,230,26,1257,6,6,6,6,6,NA,NA,NA,NA,31/12/2024 14:03,0
31/12/2024 15:00,WIND,492301,1,HCM,1,62122,1011,220,14,210,25,1413,6,6,6,6,6,NA,NA,NA,NA,31/12/2024 15:03,0
31/12/2024 16:00,WIND,492301,1,HCM,1,62122,1011,220,13,230,24,1454,6,6,6,6,6,NA,NA,NA,NA,31/12/2024 16:03,0
31/12/2024 17:00,WIND,492301,1,HCM,1,62122,1011,220,12,200,23,1644,6,6,6,6,6,NA,NA,NA,NA,31/12/2024 17:03,0
31/12/2024 18:00,WIND,492301,1,HCM,1,62122,1011,210,13,220,25,1651,6,6,6,6,6,NA,NA,NA,NA,31/12/2024 18:03,0
31/12/2024 19:00,WIND,492301,1,HCM,1,62122,1011,210,12,220,23,1839,6,6,6,6,6,NA,NA,NA,NA,31/12/2024 19:03,0
31/12/2024 20:00,WIND,492301,1,HCM,1,62122,1011,210,14,230,26,1901,6,6,6,6,6,NA,NA,NA,NA,31/12/2024 20:03,0
31/12/2024 21:00,WIND,492301,1,HCM,1,62122,1011,210,15,200,28,2017,6,6,6,6,6,NA,NA,NA,NA,31/12/2024 21:03,0
31/12/2024 22:00,WIND,492301,1,HCM,1,62122,1011,210,16,220,31,2055,6,6,6,6,6,NA,NA,NA,NA,31/12/2024 22:03,0
31/12/2024 23:00,WIND,492301,1,HCM,1,62122,1011,210,15,220,30,2150,6,6,6,6,6,NA,NA,NA,NA,31/12/2024 23:03,0
end data,,,,,,,,,,,,,,,,,,,,,,,