OBJECTID,SiteID,Location,Year,Count,Historical_annual_data,NO2 2024,Annual mean NO2 concentration μg m3,Survey,Current_,x,y
1,2,Colston Avenue,2024,10,"2010: 79.4, 2011: 78.8, 2012: 66.8, 2013: 68.7, 2014: 67.7, 2015: 69.2, 2016: 66.1, 2017: 63.1, 2018: 58.2, 2019: 53.7, 2020: 36.9, 2021: 40.1, 2022: 40.3, 2023: 39, 2024: 38.4",38.4,38.4,Roadside (DT),Yes,-289075.818144399,6702097.12495681
2,3,Blackboy Hill,2024,12,"2010: 46, 2011: 36.6, 2012: 37.7, 2013: 41.2, 2014: 36.3, 2015: 37.9, 2016: 37.6, 2017: 34.4, 2018: 34.4, 2019: 27.7, 2020: 28.7, 2021: 44.4, 2022: 38.8, 2023: 47.7, 2024: 29",29,29,Roadside (DT),Yes,-290988.19933068,6704714.42467723
3,4,Three Lamps,2024,12,"2010: 62.3, 2011: 59.8, 2012: 58.4, 2013: 60.6, 2014: 55.8, 2015: 53.3, 2016: 55.2, 2017: 52.7, 2018: 53.5, 2019: 41, 2020: 36.8, 2021: 38.9, 2022: 38.4, 2023: 29.3, 2024: 30.7",30.7,30.7,Roadside (DT),Yes,-287018.565739922,6700248.9656145
4,5,Bedminster Parade,2024,12,"2010: 66.6, 2011: 57.2, 2012: 54.6, 2013: 58.7, 2014: 47.6, 2015: 50.9, 2016: 51.3, 2017: 45.8, 2018: 45.8, 2019: 39.9, 2020: 31.6, 2021: 41, 2022: 37.9, 2023: 33.5, 2024: 34.9",34.9,34.9,Roadside (DT),Yes,-288906.606435902,6699999.33324423
5,10,Bath Road,2024,12,"2010: 68.2, 2011: 62.3, 2012: 58.4, 2013: 61.5, 2014: 50.1, 2015: 49.3, 2016: 54.5, 2017: 51.6, 2018: 51.5, 2019: 42.2, 2020: 33.6, 2021: 36.8, 2022: 35.9, 2023: 30.7, 2024: 30.3",30.3,30.3,Roadside (DT),Yes,-284908.842563162,6699589.32161916
6,11,Whitefriars,2024,12,"2010: 60.8, 2011: 56.1, 2012: 53.2, 2013: 56.3, 2014: 48.8, 2015: 51.4, 2016: 51.7, 2017: 49.2, 2018: 48.1, 2019: 41.1, 2020: 31.1, 2021: 35, 2022: 35.3, 2023: 29.6, 2024: 29.4",29.4,29.4,Roadside (DT),Yes,-288783.750004099,6702631.21072234
7,12,Galleries,2024,11,"2010: 58.2, 2011: 55.2, 2012: 50.8, 2013: 56.7, 2014: 51.3, 2015: 52.5, 2016: 52.8, 2017: 56.6, 2018: 57.5, 2019: 51.8, 2020: 41.9, 2021: 46.5, 2022: 50.2, 2023: 60.2, 2024: 35.3",35.3,35.3,Roadside (DT),Yes,-288254.965440197,6702425.05893974
8,14,Red Lion Knowle,2024,12,"2010: 47.9, 2011: 44.1, 2012: 43.2, 2013: 42.2, 2014: 40.4, 2015: 40.1, 2016: 42.3, 2017: 41.1, 2018: 47.6, 2019: 38.7, 2020: 32.4, 2021: 32.7, 2022: 30.3, 2023: 27, 2024: 25.8",25.8,25.8,Roadside (DT),Yes,-285439.186904326,6697740.37180987
9,15,Horsefair,2024,12,"2010: 54.7, 2011: 50.9, 2012: 49.5, 2013: 53.6, 2014: 48.6, 2015: 50.8, 2016: 51.2, 2017: 49.4, 2018: 47.5, 2019: 42.2, 2020: 28.2, 2021: 31.5, 2022: 31.3, 2023: 26.4, 2024: 25.9",25.9,25.9,Roadside (DT),Yes,-288014.971267504,6702867.14929257
10,16,Third Way,2024,12,"2010: 35.1, 2011: 35.8, 2012: 36.4, 2013: 33.3, 2014: 34.6, 2015: 35.9, 2016: 35.7, 2017: 35.2, 2018: 32.6, 2019: 28.7, 2020: 23.2, 2021: 24.9, 2022: 25.8, 2023: 21.5, 2024: 21.5",21.5,21.5,Roadside (DT),No,-299319.725243601,6711147.03571026
11,21,Gloucester Road,2024,12,"2010: 50.1, 2011: 44.5, 2012: 43.1, 2013: 52, 2014: 50.4, 2015: 51.6, 2016: 50.2, 2017: 49.3, 2018: 46.4, 2019: 38.3, 2020: 33.4, 2021: 34.9, 2022: 34, 2023: 30.9, 2024: 33",33,33,Roadside (DT),Yes,-288453.491473036,6705789.48523368
12,22,Stokes Croft,2024,9,"2010: 68.2, 2011: 58.7, 2012: 55.3, 2013: 57.7, 2014: 55.3, 2015: 49.7, 2016: 54.4, 2017: 52.5, 2018: 51, 2019: 44.3, 2020: 34.3, 2021: 37.5, 2022: 36.7, 2023: 35.9, 2024: 34.4",34.4,34.4,Roadside (DT),Yes,-288316.547788833,6703508.93195795
13,113,Victoria Street,2024,10,"2010: 53.9, 2011: 55.2, 2012: 51.8, 2013: 48.4, 2014: 48.8, 2015: 47.5, 2016: 45.5, 2017: 49.9, 2018: 40.5, 2019: 37.4, 2020: 29.9, 2021: 27.8, 2022: 32, 2023: 29.4, 2024: 28.3",28.3,28.3,redcliffe way templegate (DT),No,-288062.502763533,6701599.37177948
14,125,York Road,2024,12,"2010: 72.8, 2011: 66.5, 2012: 63, 2013: 59.6, 2014: 53.3, 2015: 52.9, 2016: 52.9, 2017: 56, 2018: 50.3, 2019: 45.2, 2020: 35.6, 2021: 35.8, 2022: 33.6, 2023: 24.3, 2024: 19.7",19.7,19.7,redcliffe way templegate (DT),Yes,-288122.962480237,6700347.74496852
15,147,Anchor Road,2024,12,"2010: 65.6, 2011: 66.4, 2012: 60.6, 2013: 60.2, 2014: 57, 2015: 60.1, 2016: 56.9, 2017: 61.5, 2018: 56.6, 2019: 50.9, 2020: 39.4, 2021: 43.3, 2022: 45.5, 2023: 39.5, 2024: 36.3",36.3,36.3,harbourside (DT),Yes,-289254.257300207,6701581.66334233
16,154,Hotwells Road,2024,12,"2010: 54.7, 2011: 40.9, 2012: 40.3, 2013: 44.3, 2014: 38.5, 2015: 37.2, 2016: 39.6, 2017: 38.5, 2018: 36.2, 2019: 30, 2020: 22.1, 2021: 25.4, 2022: 26.1, 2023: 17.8, 2024: 17.5",17.5,17.5,harbourside (DT),Yes,-290714.010739251,6701235.48836649
17,155,Jacobs Wells Road South,2024,12,"2010: 47.4, 2011: 52.4, 2012: 46.9, 2013: 48.5, 2014: 38.8, 2015: 39.9, 2016: 43.1, 2017: 37.9, 2018: 40.1, 2019: 31.1, 2020: 22.9, 2021: 25.5, 2022: 24.2, 2023: 17.5, 2024: 15.2",15.2,15.2,harbourside (DT),Yes,-290337.435875919,6701608.05267219
18,156,Jacobs Wells road opp Clifton hill,2024,12,"2010: 56.1, 2011: 49.1, 2012: 45.8, 2013: 44.2, 2014: 38, 2015: 38.9, 2016: 41.2, 2017: 39.3, 2018: 36.2, 2019: 30.5, 2020: 20.7, 2021: 24.9, 2022: 25.9, 2023: 19.1, 2024: 17.7",17.7,17.7,harbourside (DT),Yes,-290548.152178807,6702096.20398506
19,157,Stokes Croft  Ashley Road,2024,12,"2010: 64.9, 2011: 61.8, 2012: 55.9, 2013: 56, 2014: 51.4, 2015: 53.3, 2016: 52.8, 2017: 48.6, 2018: 45.4, 2019: 43.1, 2020: 35.7, 2021: 40.3, 2022: 35, 2023: 35.2, 2024: 33.7",33.7,33.7,gloucester road showcase route (DT),Yes,-288303.158453479,6703836.78908709
20,159,Cromwell Road,2024,12,"2010: 53.6, 2011: 48.9, 2012: 49.7, 2013: 49, 2014: 44.5, 2015: 44.1, 2016: 44.8, 2017: 42, 2018: 43.3, 2019: 35.8, 2020: 28.5, 2021: 31.9, 2022: 32.1, 2023: 28.9, 2024: 28.2",28.2,28.2,gloucester road showcase route (DT),Yes,-288675.219320107,6704666.05891095
21,161,Bishop Road,2024,11,"2010: 52.9, 2011: 47.4, 2012: 41.6, 2013: 41.8, 2014: 41.3, 2015: 43.7, 2016: 41.7, 2017: 38.8, 2018: 38, 2019: 31.7, 2020: 25.3, 2021: 27.4, 2022: 26, 2023: 25.6, 2024: 26.5",26.5,26.5,gloucester road showcase route (DT),Yes,-288271.484099739,6706477.18610887
22,163,Strathmore Road,2024,12,"2010: 44.8, 2011: 38.3, 2012: 38.8, 2013: 43, 2014: 39.1, 2015: 37, 2016: 39.7, 2017: 38, 2018: 36.6, 2019: 30.8, 2020: 24.5, 2021: 27.4, 2022: 27.2, 2023: 27.2, 2024: 25.7",25.7,25.7,gloucester road showcase route (DT),Yes,-287828.657779616,6707832.48413925
23,175,top of Brislington Hill,2024,12,"2010: 57.9, 2011: 56.3, 2012: 54.7, 2013: 55.3, 2014: 51.7, 2015: 52.9, 2016: 56.5, 2017: 54, 2018: 54.9, 2019: 44.6, 2020: 36.4, 2021: 41.4, 2022: 38.7, 2023: 30.4, 2024: 30.3",30.3,30.3,bath road showcase route (DT),Yes,-283408.629887594,6698149.144355
24,239,Parson St. A38 East,2024,12,"2010: 81.3, 2011: 82, 2012: 76.9, 2013: 78, 2014: 65.4, 2015: 69.2, 2016: 68.9, 2017: 66.8, 2018: 65.2, 2019: 54.4, 2020: 47.6, 2021: 51.4, 2022: 48.6, 2023: 40.5, 2024: 38.1",38.1,38.1,Roadside Stage 4 (DT),Yes,-290240.840052813,6698064.71461172
25,242,Parson Street Bedminster Down Road,2024,11,"2010: 80.3, 2011: 75.5, 2012: 73.9, 2013: 75.1, 2014: 56.2, 2015: 61.7, 2016: 68.4, 2017: 56, 2018: 51.1, 2019: 41, 2020: 32.2, 2021: 34.5, 2022: 36.6, 2023: 29.8, 2024: 28",28,28,Roadside Stage 4 (DT),Yes,-290831.882346175,6697891.20245718
26,254,Merchants Road Hotwells,2024,11,"2010: 47.1, 2011: 55.6, 2012: 55.3, 2013: 53.2, 2014: 51.5, 2015: 54.4, 2016: 51.8, 2017: 52.2, 2018: 49.4, 2019: 40.5, 2020: 31.1, 2021: 34.6, 2022: 33, 2023: 24.7, 2024: 23.9",23.9,23.9,Roadside Stage 4 (DT),Yes,-291486.964634959,6701142.24890875
27,260,Stapleton Road South,2024,12,"2010: 52.9, 2011: 52.8, 2012: 45.8, 2013: 46.5, 2014: 46.3, 2015: 45.6, 2016: 45.4, 2017: 42.6, 2018: 43.1, 2019: 36.2, 2020: 29.5, 2021: 33.2, 2022: 31.6, 2023: 26.5, 2024: 26",26,26,Roadside Stage 4 (DT),Yes,-285080.464366343,6705912.52183786
28,261,Stapleton Road Heath Street,2024,12,"2010: 55.8, 2011: 48.2, 2012: 53, 2013: 55.8, 2014: 50.6, 2015: 51.3, 2016: 53.1, 2017: 52.4, 2018: 51, 2019: 41.5, 2020: 34.7, 2021: 39.1, 2022: 39.3, 2023: 32, 2024: 33",33,33,Roadside Stage 4 (DT),Yes,-285135.992821959,6705418.74590538
29,295,Lamppost   16 Ashley Road St. Pauls,2024,12,"2010: 58.8, 2011: 60.7, 2012: 57.8, 2013: 57.2, 2014: 58.6, 2015: 63.3, 2016: 55.7, 2017: 65.1, 2018: 59.6, 2019: 48.1, 2020: 37.2, 2021: 44.5, 2022: 41, 2023: 34, 2024: 34.8",34.8,34.8,Post Stage Four,Yes,-287033.740015952,6704208.4476767
30,300,Facade Haart Estate Agents 755 Fishponds Road Fishponds,2024,12,"2010: 47, 2011: 52.8, 2012: 49.9, 2013: 48.5, 2014: 42.4, 2015: 45.9, 2016: 48.1, 2017: 45.9, 2018: 41.1, 2019: 35.1, 2020: 28.9, 2021: 28.7, 2022: 27.5, 2023: 21.2, 2024: 26.4",26.4,26.4,Post Stage Four,Yes,-281520.287175529,6706769.98297697
31,303,Facade   784 Muller Road Fishponds,2024,12,"2010: 55.4, 2011: 52.1, 2012: 48.5, 2013: 48.2, 2014: 43.5, 2015: 46.1, 2016: 46.2, 2017: 44, 2018: 43.8, 2019: 36.5, 2020: 29.2, 2021: 31.8, 2022: 31.2, 2023: 24.1, 2024: 23.3",23.3,23.3,Post Stage Four,Yes,-284712.640975304,6705600.36391359
32,307,Lamppost     Glenfrome Road \ Muller Road Horfield,2024,12,"2010: 46.6, 2011: 41.5, 2012: 39.5, 2013: 39.8, 2014: 38.4, 2015: 36.6, 2016: 37.4, 2017: 32.6, 2018: 37.3, 2019: 30.7, 2020: 24.6, 2021: 27.5, 2022: 26.8, 2023: 24.5, 2024: 21.6",21.6,21.6,Post Stage Four,Yes,-285709.878701319,6705846.59411472
33,312,Lamppost     Ashley Hill St. Pauls,2024,12,"2010: 46.8, 2011: 46.4, 2012: 43.7, 2013: 44.5, 2014: 36.7, 2015: 36.8, 2016: 41.6, 2017: 38.5, 2018: 38.5, 2019: 32.8, 2020: 26.2, 2021: 29.5, 2022: 29.8, 2023: 24.8, 2024: 23.5",23.5,23.5,Post Stage Four,Yes,-287167.355516468,6704691.02392647
34,320,Monitor     Bath Road Brislington,2024,36,"2010: 34.3, 2011: 33.1, 2012: 31.5, 2013: 31.1, 2014: 30.9, 2015: 31.3, 2016: 31.1, 2017: 30.7, 2018: 27.9, 2019: 23.5, 2020: 19.3, 2021: 20.8, 2022: 20.6, 2023: 17.7, 2024: 17",17,17,QAQC,Yes,-284969.788762769,6699810.45977789
35,325,Facade   258 Fishponds Road Fishponds,2024,12,"2010: 51.8, 2011: 53, 2012: 49.8, 2013: 45.8, 2014: 49.7, 2015: 50.8, 2016: 50.5, 2017: 49.2, 2018: 48.1, 2019: 39.4, 2020: 34.1, 2021: 37.3, 2022: 32.6, 2023: 29.4, 2024: 27.6",27.6,27.6,Post Stage Four,Yes,-284232.620635064,6705496.34843142
36,363,5102 façade,2024,11,"2010: 44.9, 2011: 47.4, 2012: 48, 2013: 44.3, 2014: 39.8, 2015: 39.2, 2016: 39.6, 2017: 38.5, 2018: 37.2, 2019: 34, 2020: 23.5, 2021: 26.8, 2022: 28, 2023: 23.8, 2024: 23.9",23.9,23.9,BROADMEAD,Yes,-288367.49785816,6703069.93538865
37,370,Great George Street lamppost,2024,11,"2010: 49.2, 2011: 43.7, 2012: 39.5, 2013: 39.4, 2014: 36.9, 2015: 37.7, 2016: 38.4, 2017: 37.5, 2018: 36.6, 2019: 30.1, 2021: 25, 2022: 31, 2023: 25.3, 2024: 21.2",21.2,21.2,BROADMEAD,Yes,-287244.687317758,6702918.28830893
38,373,123 Newfoundland Street façade,2024,11,"2010: 53, 2011: 47.9, 2012: 44.9, 2013: 45.2, 2014: 41.6, 2015: 38.3, 2016: 39.5, 2017: 38.5, 2018: 35.7, 2019: 31.2, 2020: 23.9, 2021: 27.9, 2022: 27.4, 2023: 22.3, 2024: 21.5",21.5,21.5,BROADMEAD,Yes,-287292.865269621,6703337.20318085
39,374,St. Paul Street,2024,12,"2010: 56.2, 2011: 56.2, 2012: 46.8, 2013: 50.7, 2014: 51.8, 2015: 47.1, 2016: 47.2, 2017: 45.2, 2018: 47.8, 2019: 39.9, 2020: 29.9, 2021: 35, 2022: 33.7, 2023: 27.1, 2024: 25.1",25.1,25.1,BROADMEAD,Yes,-287671.912995715,6703046.61290049
40,403,Lamp post 48 230 Bath Road,2024,12,"2010: 46.5, 2011: 43.9, 2012: 43.6, 2013: 46.6, 2014: 39.2, 2015: 41.5, 2016: 37.5, 2017: 35.7, 2018: 35.6, 2019: 28.1, 2020: 23.4, 2021: 25.5, 2022: 25.5, 2023: 20.2, 2024: 20.6",20.6,20.6,Post DA Facades,Yes,-286047.399122808,6699977.1677698
41,405,Whitehall Rd/Easton Rd lamppost 4TZ,2024,12,"2010: 57.8, 2011: 58, 2012: 53.1, 2013: 55, 2014: 51.1, 2015: 53.1, 2016: 42.6, 2017: 50.4, 2018: 56.2, 2019: 48.5, 2020: 38.7, 2021: 40.4, 2022: 38, 2023: 33.5, 2024: 33.6",33.6,33.6,Post DA Facades,Yes,-285203.139777754,6703303.7524392
42,406,Whitehall Rd lamppost 17 nr juction with Chalks Rd,2024,12,"2010: 48.1, 2011: 37.5, 2012: 36.5, 2013: 36.5, 2014: 34.9, 2015: 35.4, 2016: 36.2, 2017: 38.9, 2018: 38.5, 2019: 31, 2020: 26.6, 2021: 29.3, 2022: 29.6, 2023: 24.2, 2024: 23.2",23.2,23.2,Post DA Facades,Yes,-284362.720936092,6703411.38989974
43,413,Wells Rd bus lane sign just below junction with Knowle Rd,2024,12,"2010: 52.2, 2011: 47.1, 2012: 41.4, 2013: 43.7, 2014: 38.4, 2015: 39.3, 2016: 40, 2017: 38.7, 2018: 37.6, 2019: 31.2, 2020: 25.5, 2021: 27.4, 2022: 27.2, 2023: 23.5, 2024: 22.5",22.5,22.5,Post DA Facades,Yes,-286790.024426925,6699701.55784787
44,417,St John's Lane No 26 lamppost 15 (just past roundabout),2024,12,"2010: 51.3, 2011: 45.6, 2012: 44.1, 2013: 42.1, 2014: 40.8, 2015: 43.6, 2016: 43.4, 2017: 35.2, 2018: 36, 2019: 31, 2020: 26.3, 2021: 27.9, 2022: 27, 2023: 22.7, 2024: 20.9",20.9,20.9,Post DA Facades,Yes,-287442.243890537,6699543.83315549
45,418,Bedminster Down Rd lamppost between Ashton Motors & Plough PH,2024,12,"2010: 92.9, 2011: 90.5, 2012: 81.8, 2013: 74, 2014: 67.7, 2015: 63.7, 2016: 69.3, 2017: 58.4, 2018: 55.7, 2019: 51.1, 2020: 40.2, 2021: 45.9, 2022: 44.1, 2023: 32.8, 2024: 31.7",31.7,31.7,Post DA Facades,Yes,-290471.62510202,6698281.14621008
46,419,Parson St lamppost outside Bristol Scuba,2024,12,"2010: 63.2, 2011: 54.7, 2012: 54.1, 2013: 53.6, 2014: 56.6, 2015: 53.6, 2016: 55.8, 2017: 51.3, 2018: 45, 2019: 39, 2020: 31.4, 2021: 34.3, 2022: 33.6, 2023: 29.4, 2024: 28.5",28.5,28.5,Post DA Facades,Yes,-290320.090688617,6698353.05372706
47,420,North St/Dean Lane on roundabout sign,2024,10,"2010: 43.8, 2011: 39.6, 2012: 38.1, 2013: 38.9, 2014: 37.2, 2015: 36.7, 2016: 38.6, 2017: 33.3, 2018: 37.1, 2019: 30.4, 2020: 23.2, 2021: 25.6, 2022: 28.8, 2023: 23.7, 2024: 22.3",22.3,22.3,Post DA Facades,Yes,-289619.048853516,6699765.46194782
48,423,facade BRI children's,2024,12,"2010: 53, 2011: 53.2, 2012: 50.9, 2013: 46.3, 2014: 41.8, 2015: 44.4, 2016: 43.5, 2017: 45, 2018: 42.3, 2019: 35.2, 2020: 27.3, 2021: 29.5, 2022: 29.1, 2023: 22.2, 2024: 20.9",20.9,20.9,Post DA Facades,Yes,-289088.725742146,6702699.40590324
49,429,facade villiers road stapleton road junction,2024,12,"2010: 60.3, 2011: 57.8, 2012: 57.3, 2013: 60.6, 2014: 54.7, 2015: 50.4, 2016: 52.1, 2017: 47.8, 2018: 46.8, 2019: 41.2, 2020: 38.8, 2021: 36.4, 2022: 35.5, 2023: 38, 2024: 35.3",35.3,35.3,Post DA Facades,Yes,-286116.033413056,6703865.40916925
50,436,Shiners Garage,2024,11,"2010: 44.7, 2011: 40.9, 2012: 39.6, 2013: 40.1, 2014: 38.2, 2015: 37.9, 2016: 47.7, 2017: 45.8, 2018: 50.6, 2019: 42, 2020: 29.2, 2021: 31.2, 2022: 30.6, 2023: 24.4, 2024: 26.2",26.2,26.2,Roadside,Yes,-285259.212047081,6702675.18810556
51,438,A37 Junction w/ Airport Road,2024,36,"2010: 48, 2011: 47.7, 2012: 43.4, 2013: 43.5, 2014: 44, 2015: 43.1, 2016: 43.4, 2017: 43.2, 2018: 36.6, 2019: 31.8, 2020: 27.1, 2021: 29, 2022: 29.4, 2023: 25, 2024: 23.2",23.2,23.2,QAQC,Yes,-285394.401951542,6697329.73212812
52,439,Parson Street School,2024,36,"2010: 41.9, 2011: 40.9, 2012: 40.9, 2013: 44.7, 2014: 42, 2015: 41, 2016: 43.6, 2017: 37.7, 2018: 37.7, 2019: 31.7, 2020: 25.4, 2021: 28.6, 2022: 27.2, 2023: 24, 2024: 22.4",22.4,22.4,QAQC,Yes,-289982.448521423,6698188.87869929
53,455,St. Pauls Day Nursery,2024,36,"2010: 34.8, 2011: 30, 2012: 29.5, 2013: 30.1, 2014: 27.3, 2015: 26.5, 2016: 27.9, 2017: 26, 2018: 24.4, 2019: 20.8, 2020: 15.9, 2021: 16.4, 2022: 16.7, 2023: 14.3, 2024: 13.8",13.8,13.8,QAQC,Yes,-287711.369865179,6703574.84926661
54,464,Fishponds Road,2024,35,"2010: 42.2, 2011: 39.2, 2012: 38, 2013: 35.7, 2014: 36, 2015: 34.9, 2016: 36.9, 2017: 36.8, 2018: 34.4, 2019: 29.7, 2020: 24.2, 2021: 23.7, 2022: 24, 2023: 20.8, 2024: 20.8",20.8,20.8,QAQC,Yes,-282218.963762018,6706297.20472537
55,470,Victoria Park Primary,2024,12,"2010: 43.3, 2011: 39.4, 2012: 39.6, 2013: 37.8, 2014: 35, 2015: 38.7, 2016: 39.4, 2017: 35.9, 2018: 37.9, 2019: 29.4, 2020: 25.1, 2021: 26.8, 2022: 28.3, 2023: 24.2, 2024: 21.7",21.7,21.7,USA 2009,Yes,-288112.730275877,6698870.47455211
56,472,Jamiesons Autos,2024,11,"2010: 52.4, 2011: 47.4, 2012: 46.5, 2013: 48.2, 2014: 45.2, 2015: 40, 2016: 45.3, 2017: 41.6, 2018: 37.3, 2019: 33.7, 2020: 26.2, 2021: 28.7, 2022: 29, 2023: 25.8, 2024: 25.7",25.7,25.7,USA 2009,Yes,-289697.065688815,6699318.40485888
57,473,B&G Snax West St,2024,11,"2010: 49.2, 2011: 43.1, 2012: 44.6, 2013: 43.5, 2014: 40.7, 2015: 49.6, 2016: 57.1, 2017: 40.1, 2018: 44, 2019: 42.4, 2020: 40, 2021: 28.4, 2022: 28.4, 2023: 26.1, 2024: 25.7",25.7,25.7,USA 2009,Yes,-289888.728777705,6699059.90410014
58,487,Junction 3 Millpond Street,2024,12,"2013: 55.6, 2014: 47.4, 2015: 46.2, 2016: 45.7, 2017: 44.5, 2018: 41.9, 2019: 35.1, 2020: 27.7, 2021: 29.6, 2022: 36.8, 2023: 27.8, 2024: 24.1",24.1,24.1,JCT3,Yes,-286505.090102087,6704231.89916475
59,492,On 1 way sign at bottom of Wellington Hill,2024,12,"2015: 37.6, 2016: 40.3, 2017: 36.8, 2018: 34.8, 2019: 31.3, 2020: 25.2, 2021: 26.4, 2022: 27.5, 2023: 25.6, 2024: 23.7",23.7,23.7,Horfield Roadside,Yes,-287813.3061196,6707917.80129038
60,493,No 67 Filton Avenue on wall facing Muller Rd,2024,12,"2015: 36.2, 2016: 41.5, 2017: 41.9, 2018: 41.8, 2019: 37, 2020: 29.5, 2021: 31.8, 2022: 31.2, 2023: 27.4, 2024: 25.8",25.8,25.8,Horfield Roadside,Yes,-287443.0455096,6708131.34018296
61,494,Muller Road - Adjacent to Darnley Avenue,2024,12,"2015: 37.5, 2016: 43.3, 2017: 39.5, 2018: 38.7, 2019: 32, 2020: 25.1, 2021: 25, 2022: 26.4, 2023: 22.5, 2024: 21.6",21.6,21.6,Horfield Roadside,Yes,-287635.002115621,6708277.69693354
62,496,385 Church Road Redfield,2024,12,"2014: 42, 2015: 39.3, 2016: 41.1, 2017: 41.1, 2018: 39.2, 2019: 33, 2020: 25, 2021: 25.9, 2022: 26.7, 2023: 22.9, 2024: 20.2",20.2,20.2,Post Stage Four,Yes,-283206.866231794,6703121.26962694
63,497,20 Ashley Road,2024,12,"2014: 49.3, 2015: 41.8, 2016: 43.2, 2017: 42.4, 2018: 38, 2019: 29.1, 2020: 24.6, 2021: 27.1, 2022: 24.7, 2023: 24.8, 2024: 22.5",22.5,22.5,Post DA Facades,Yes,-288064.948651647,6703906.18922384
64,499,Temple Way Nox site,2024,29,"2017: 38.5, 2018: 43.2, 2019: 33.6, 2020: 26, 2021: 31.1, 2022: 30.9, 2023: 26.2, 2024: 23.9",23.9,23.9,QAQC,Yes,-287648.349706948,6702703.01974867
65,502,Co-located Colston Ave,2024,33,"2019: 68.7, 2020: 52.1, 2021: 58, 2022: 54.1, 2023: 48.9, 2024: 50.8",50.8,50.8,QAQC,Yes,-289057.625324914,6702224.17268152
66,512,Montpelier High School,2024,9,"2018: 47.6, 2019: 40.6, 2020: 30.7, 2021: 36.1, 2022: 36.2, 2023: 37.3, 2024: 36.6",36.6,36.6,Schools 2018,Yes,-288456.602514821,6704385.03888425
67,525,Summer hill a420,2024,12,"2018: 43.5, 2019: 35.3, 2020: 24.1, 2021: 28.5, 2022: 29.8, 2023: 24.8, 2024: 23.2",23.2,23.2,Schools 2018,Yes,-282952.907378995,6703230.79423347
68,539,Dalby avenue church lane,2024,9,"2018: 43.3, 2019: 35.6, 2020: 27.4, 2021: 30.9, 2022: 23.8, 2023: 26.6, 2024: 22.2",22.2,22.2,Schools 2018,No,-289101.117517916,6699495.11599353
69,545,Ashton park school,2024,12,"2018: 34.9, 2019: 28.6, 2020: 22, 2021: 24.3, 2022: 23.3, 2023: 17.2, 2024: 16.3",16.3,16.3,Schools 2018,Yes,-292657.041091682,6699537.53576006
70,550,Cathedral School,2024,8,"2018: 36.9, 2019: 35.1, 2020: 21.1, 2021: 29.1, 2022: 29.4, 2023: 24.7, 2024: 21.9",21.9,21.9,Schools 2018,Yes,-289511.138807,6701454.27154767
71,555,420 Hotwell Road A4,2024,12,"2019: 32, 2020: 26.5, 2021: 28, 2022: 28, 2023: 19.3, 2024: 17.8",17.8,17.8,2019,No,-292192.346360895,6701393.22836191
72,556,South Eastern stair access Plimsoll Bridge,2024,12,"2019: 37, 2020: 31.7, 2021: 35, 2022: 31.8, 2023: 23.9, 2024: 20.8",20.8,20.8,2019,Yes,-291951.375708127,6700935.93457146
73,559,Except local buses sign Blackmoors Lane,2024,11,"2019: 29, 2020: 19.8, 2021: 24.5, 2022: 24.2, 2023: 20.4, 2024: 20",20,20,2019,Yes,-292489.258406958,6699770.21822176
74,560,Lamppost outside BRI CAZ,2024,22,"2019: 40.4, 2020: 30.2, 2021: 32.2, 2022: 31.5, 2023: 25.6, 2024: 20.5",20.5,20.5,CAZ,No,-289022.128096125,6702785.09084199
75,561,Lamppost opposite BRI CAZ,2024,14,"2019: 47, 2020: 33.8, 2021: 36.7, 2022: 34.8, 2023: 24.7, 2024: 25.7",25.7,25.7,CAZ,Yes,-288985.174522769,6702772.54100723
76,565,A4018 Lamp post by layby before roundabout for Crow Ln/ Knole Ln,2024,12,"2019: 31.4, 2020: 24.5, 2021: 26.3, 2022: 24.4, 2023: 22.7, 2024: 22.8",22.8,22.8,A4018,Yes,-291402.555570038,6711865.98879971
77,567,Muller road/ Glenfrome road junction north,2024,12,"2019: 44, 2020: 41.3, 2021: 44.8, 2022: 43.2, 2023: 35.3, 2024: 34.4",34.4,34.4,,Yes,-285740.541935235,6705873.67575955
78,568,Traffic light on the corner of Shaldon road,2024,10,"2019: 36.2, 2020: 29, 2021: 32.9, 2022: 32.2, 2023: 28.2, 2024: 28.4",28.4,28.4,,Yes,-286627.518470074,6706564.22601791
79,569,Lampost on North corner of Draycott road junction with Muller road.,2024,12,"2019: 31.4, 2020: 22.8, 2021: 24.1, 2022: 24.1, 2023: 21.3, 2024: 21.4",21.4,21.4,,No,-287150.416060161,6707214.2389884
80,570,Muller road junction with Downend road lampost north of the junction.,2024,12,"2019: 33.1, 2020: 28.4, 2021: 28.2, 2022: 29.6, 2023: 26.2, 2024: 26.4",26.4,26.4,,Yes,-287166.452121254,6707620.76976991
81,571,Muller road junction with Downend road traffic light to the south of the junction.,2024,12,"2019: 42.8, 2020: 31.3, 2021: 33.1, 2022: 32.3, 2023: 28.4, 2024: 28.8",28.8,28.8,,Yes,-287164.493543001,6707575.77869199
82,574,"Whiteladies road, on loading sign next to Redland library",2024,11,"2020: 27.3, 2021: 28.9, 2022: 29.6, 2023: 25.8, 2024: 24.4",24.4,24.4,,Yes,-290613.993813206,6704041.12007481
83,575,Baldwin Street traffic light outside domino's,2024,12,"2020: 30.9, 2021: 29.6, 2022: 31.5, 2023: 33, 2024: 34",34,34,,Yes,-288982.808727793,6701889.06748671
84,576,"Baldwin Street lamp post by cycle way, opp St Stephens St",2024,12,"2020: 23.9, 2021: 26.8, 2022: 29.8, 2023: 27.9, 2024: 27.2",27.2,27.2,,Yes,-288811.307352347,6701879.22135177
85,577,High St lamp post outside Wards solicitors,2024,11,"2020: 30.5, 2021: 27.8, 2022: 31.1, 2023: 35.3, 2024: 35.2",35.2,35.2,,Yes,-288583.613175002,6702052.94331383
86,578,Church Road-CAZ-Outside Gurdwara,2024,10,"2021: 33, 2022: 31.1, 2023: 27.5, 2024: 25.1",25.1,25.1,CAZ,Yes,-283853.344852891,6703007.1857158
87,579,Church Road-CAZ-Lamppost,2024,11,"2021: 35.4, 2022: 32.2, 2023: 27.2, 2024: 25.8",25.8,25.8,CAZ,Yes,-283363.406391227,6703055.84193516
88,580,Marlborough St-CAZ-Lamppost opposite hosp,2024,10,"2021: 47.9, 2022: 41.8, 2023: 33.8, 2024: 29.4",29.4,29.4,CAZ,Yes,-288880.696386277,6702929.21887671
89,581,Marlborough St-CAZ-Lamppost by coach station,2024,11,"2021: 40.8, 2022: 39.1, 2023: 30.4, 2024: 29",29,29,CAZ,Yes,-288634.558951011,6703005.11864684
90,582,Rupert St-CAZ-Post outside fire station,2024,10,"2021: 50, 2022: 43.7, 2023: 39.2, 2024: 45.4",45.4,45.4,CAZ,Yes,-288655.464286701,6702617.79581964
91,583,Rupert St-CAZ-Post outside police station,2024,9,"2021: 42.3, 2022: 37.9, 2023: 39.1, 2024: 36.6",36.6,36.6,CAZ,Yes,-288692.403677584,6702628.74061907
92,584,Rupert St-CAZ-Post outside Fusion Tower,2024,11,"2021: 33, 2022: 34.3, 2023: 30.8, 2024: 29.5",29.5,29.5,CAZ,Yes,-288846.975548393,6702524.67373119
93,585,Park St-CAZ-Lamppost by Guild,2024,10,"2021: 30.5, 2022: 32.1, 2023: 24.7, 2024: 29.9",29.9,29.9,CAZ,Yes,-289774.806693865,6702154.02892728
94,586,Park St-CAZ-Lamppost by Agora,2024,10,"2021: 38.6, 2022: 41.8, 2023: 32.6, 2024: 36.4",36.4,36.4,CAZ,Yes,-289769.578448062,6702102.67013239
95,587,Baldwin St-CAZ-Lamppost by Yelland House,2024,10,"2021: 26.5, 2022: 30.9, 2023: 28.5, 2024: 28.7",28.7,28.7,CAZ,Yes,-288795.573750588,6701914.68724236
96,588,Baldwin St-CAZ-Drainpipe on building,2024,12,"2021: 26.5, 2022: 31.5, 2023: 29.2, 2024: 28.3",28.3,28.3,CAZ,Yes,-288896.146325807,6701870.49907366
97,589,Marlborough St-CAZ-On sign leg,2024,12,"2021: 26.5, 2022: 27.2, 2023: 21.8, 2024: 20",20,20,CAZ,Yes,-288729.503590925,6703055.75489532
98,590,Marlborough St-CAZ-Post by bollards,2024,12,"2021: 42.3, 2022: 40.7, 2023: 31, 2024: 29.3",29.3,29.3,CAZ,Yes,-288825.414081121,6703027.66426102
99,591,Marlborough St-CAZ-Post,2024,11,"2021: 34.9, 2022: 33.1, 2023: 25.1, 2024: 23.4",23.4,23.4,CAZ,Yes,-288799.596980024,6703005.38363264
100,592,Upper Maudlin St-CAZ-Crossing by BRI,2024,3,"2021: 39.6, 2022: 38.6, 2023: 28.8, 2024: 26.7",26.7,26.7,CAZ,Yes,-289026.543035871,6702736.86174839
101,593,Upper Maudlin St-CAZ-Post by BRI,2024,12,"2021: 35.2, 2022: 36.3, 2023: 24.8, 2024: 23.8",23.8,23.8,CAZ,Yes,-289109.082997795,6702641.40846616
102,594,Lower Park Row-CAZ-Post by Art shop,2024,11,"2021: 34.1, 2022: 34.1, 2023: 26.6, 2024: 23.5",23.5,23.5,CAZ,Yes,-289219.712773787,6702454.16156801
103,595,Lower Park Row-CAZ-Post after OTR,2024,8,"2021: 32.2, 2022: 30.6, 2023: 23, 2024: 22.6",22.6,22.6,CAZ,Yes,-289267.290490453,6702394.33612116
104,596,Park Row-CAZ-Lamppost by museum,2024,9,"2021: 30, 2022: 31.2, 2023: 25.4, 2024: 22.9",22.9,22.9,CAZ,Yes,-289392.843236105,6702269.61713787
105,597,Park Row-CAZ-Post by house,2024,12,"2021: 32.7, 2022: 33, 2023: 21.7, 2024: 20.8",20.8,20.8,CAZ,No,-289437.752839152,6702275.67361725
106,598,Queens Road-CAZ-Lamppost by UoB,2024,11,"2021: 26.9, 2022: 26.8, 2023: 21.3, 2024: 22.3",22.3,22.3,CAZ,Yes,-289986.417851309,6702364.31518982
107,599,Park St-CAZ-Lamppost by bike stands,2024,12,"2021: 33.3, 2022: 31, 2023: 28.9, 2024: 28.5",28.5,28.5,CAZ,Yes,-289867.086101649,6702270.52830158
108,600,Park St-CAZ-Lamppost by City Hall,2024,9,"2021: 23.9, 2022: 23.9, 2023: 22, 2024: 20.8",20.8,20.8,CAZ,Yes,-289564.019228094,6701847.35983959
109,601,College Green-CAZ-Lamppost opp Denmark St,2024,11,"2021: 29.4, 2022: 30.8, 2023: 25.4, 2024: 27.5",27.5,27.5,CAZ,Yes,-289177.424630136,6701786.28300547
110,602,Anchor Road-CAZ-Lamppost,2024,10,"2021: 38, 2022: 42.7, 2023: 33.9, 2024: 33.5",33.5,33.5,CAZ,Yes,-289325.884318505,6701524.85918933
111,603,Lewins Mead-CAZ-Post by Evans Cycles,2024,12,"2021: 39.6, 2022: 41.9, 2023: 34.5, 2024: 35",35,35,CAZ,Yes,-288857.160773866,6702595.27216901
112,604,Lewins Mead-CAZ-Post by PMT,2024,11,"2021: 43, 2022: 43.1, 2023: 39, 2024: 35.4",35.4,35.4,CAZ,Yes,-288777.341558518,6702631.26286131
113,605,Rupert St-CAZ-Post by Courtrooms,2024,12,"2021: 32.4, 2022: 30.2, 2023: 23.6, 2024: 29.1",29.1,29.1,CAZ,Yes,-288934.452005463,6702445.24819481
114,606,Victoria Street-CAZ-No entry sign,2024,12,"2021: 25.5, 2022: 25.7, 2023: 24.4, 2024: 21.8",21.8,21.8,CAZ,Yes,-288278.539037084,6701769.49639164
115,607,Counterslip-CAZ-Drainpipe on building,2024,12,"2021: 27.8, 2022: 28.4, 2023: 23.3, 2024: 21.4",21.4,21.4,CAZ,Yes,-288184.320609915,6701807.20015473
116,608,Temple Gate-CAZ-Lamppost,2024,12,"2021: 39.4, 2022: 38.4, 2023: 31.9, 2024: 32",32,32,CAZ,Yes,-287568.73913653,6700951.23571188
117,609,Bath Road-CAZ-Lamppost or sign,2024,12,"2021: 30.2, 2022: 30.4, 2023: 25.2, 2024: 24.9",24.9,24.9,CAZ,Yes,-287283.012853419,6700674.05923594
118,610,Wells Road-CAZ-Lamppost,2024,12,"2021: 32.3, 2022: 32.4, 2023: 25.6, 2024: 25.3",25.3,25.3,CAZ,Yes,-286912.246697508,6699764.82633455
119,611,Winterstoke Road-CAZ-Lamppost,2024,12,"2021: 19.5, 2022: 20.1, 2023: 16.5, 2024: 15.3",15.3,15.3,CAZ,Yes,-290972.920613933,6698480.85801947
120,612,Newfoundland St-CAZ-Lamppost by layby,2024,12,"2021: 29.9, 2022: 30.9, 2023: 25.1, 2024: 23.6",23.6,23.6,CAZ,Yes,-288156.888565388,6702981.67231166
121,613,Newfoundland St-CAZ-Lamppost by crossing,2024,9,"2021: 40.6, 2022: 42, 2023: 33.3, 2024: 32",32,32,CAZ,Yes,-287980.610006261,6702978.27168877
122,614,Temple Way-CAZ-Sign by Champ Square,2024,11,"2021: 28.4, 2022: 29.4, 2023: 24.7, 2024: 23.4",23.4,23.4,CAZ,Yes,-287657.873014804,6702691.69863677
123,615,Newfoundland Way-CAZ-Lamppost by petrol station,2024,12,"2021: 53, 2022: 49.4, 2023: 38.4, 2024: 37.1",37.1,37.1,CAZ,Yes,-287432.768119981,6703197.92745018
124,616,Newfoundland Way-CAZ-Road sign,2024,11,"2021: 44, 2022: 42.5, 2023: 33.5, 2024: 29.5",29.5,29.5,CAZ,Yes,-287292.1407964,6703245.63631137
125,617,Houlton St-CAZ-30mph sign,2024,5,"2021: 28.4, 2022: 25.3, 2023: 22.4, 2024: 27.9",27.9,27.9,CAZ,Yes,-287388.222434343,6703036.02554241
126,618,Cheltenham Rd-CAZ-Sign opp Tesco,2024,12,"2021: 33.8, 2022: 31.5, 2023: 30.8, 2024: 30.9",30.9,30.9,CAZ,Yes,-288357.289277508,6703992.19763485
127,619,Cheltenham Rd-CAZ-Lamppost by Bite,2024,12,"2021: 34.7, 2022: 38.2, 2023: 35.2, 2024: 32.1",32.1,32.1,CAZ,Yes,-288303.920158055,6703931.57551177
128,621,Gloucester Rd-CAZ-Lamppost by bus stop,2024,7,"2021: 24.9, 2022: 25.4, 2023: 26.5, 2024: 26",26,26,CAZ,Yes,-288108.211684278,6706906.01899899
129,622,Bedminster Rd-CAZ-Lamppost opp school,2024,12,"2021: 33.7, 2022: 34.3, 2023: 29.7, 2024: 27.5",27.5,27.5,CAZ,Yes,-289955.425769149,6698213.18559292
130,623,Bedminster Rd-CAZ-Lamppost by school,2024,10,"2021: 30.6, 2022: 28.4, 2023: 25.6, 2024: 23.3",23.3,23.3,CAZ,Yes,-289995.522979741,6698220.88132186
131,624,Bedminster Rd-CAZ-Post opp Van Sales,2024,12,"2021: 49.7, 2022: 48.4, 2023: 37.6, 2024: 39.9",39.9,39.9,CAZ,Yes,-290275.973763608,6698053.183866
132,625,Bedminster Rd-CAZ-Lamppost by Van Sales,2024,12,"2021: 45.4, 2022: 44.7, 2023: 37.6, 2024: 32.9",32.9,32.9,CAZ,Yes,-290301.792446708,6698077.05186257
133,626,Bedminster Rd-CAZ-Post,2024,8,"2021: 43, 2022: 43.3, 2023: 38.7, 2024: 33.4",33.4,33.4,CAZ,Yes,-290581.364603998,6697997.65638883
134,627,Parson St-CAZ-Lamppost by Station,2024,10,"2021: 34, 2022: 33.3, 2023: 27.9, 2024: 29.2",29.2,29.2,CAZ,Yes,-290324.52230253,6698308.06088837
135,628,Lower Ashley Rd-CAZ-Lamppost by Geo Jones,2024,12,"2021: 35.9, 2022: 33.2, 2023: 29.5, 2024: 28.6",28.6,28.6,CAZ,Yes,-287056.42728548,6704240.40230617
136,629,Lower Ashley Rd-CAZ-Lamppost opp London Rd,2024,11,"2021: 38.9, 2022: 34.8, 2023: 34.6, 2024: 26.7",26.7,26.7,CAZ,Yes,-286964.823086945,6704207.38663853
137,630,Bedminster Down Rd-CAZ-Lamppost by billboard,2024,9,"2021: 30.3, 2022: 35.5, 2023: 26.7, 2024: 24.3",24.3,24.3,CAZ,Yes,-290795.175714285,6697905.95953687
138,632,West St-CAZ-Lamppost by Argus Rd,2024,12,"2021: 23.4, 2022: 24.6, 2023: 22.6, 2024: 22.1",22.1,22.1,CAZ,No,-289939.167510014,6698961.53897052
139,633,West St-CAZ-Lamppost opp Jamiesons,2024,11,"2021: 36.5, 2022: 34.6, 2023: 31.4, 2024: 33.2",33.2,33.2,CAZ,Yes,-289711.676452964,6699342.37082829
140,634,Bedminster Parade-CAZ-Lamppost by William Hill,2024,11,"2021: 34.6, 2022: 30.1, 2023: 28.1, 2024: 26.1",26.1,26.1,CAZ,Yes,-288828.609373328,6700059.38686374
141,635,York Rd-CAZ-Sign after bridge,2024,12,"2021: 25.3, 2022: 23.8, 2023: 19.9, 2024: 16.5",16.5,16.5,CAZ,No,-288296.522831912,6700418.6139399
142,636,Bath Rd-CAZ-Lamppost by Bus Lane,2024,11,"2021: 26.2, 2022: 25.5, 2023: 22.1, 2024: 21",21,21,CAZ,No,-286959.15307169,6700230.16452906
143,637,Bath Rd-CAZ-Lamppost by Kings Road,2024,12,"2021: 21.7, 2022: 24.2, 2023: 17.1, 2024: 16.9",16.9,16.9,CAZ,No,-284925.98213891,6699526.56389169
144,638,A4044 Roundabout-CAZ-Lamppost,2024,12,"2021: 43.8, 2022: 42.4, 2023: 44.8, 2024: 41.6",41.6,41.6,CAZ,Yes,-287683.770684242,6702322.02309257
145,639,Victoria St-CAZ-Lamppost opp Mitchell Lane,2024,12,"2021: 27, 2022: 29.5, 2023: 29.6, 2024: 25.8",25.8,25.8,CAZ,Yes,-287965.592135745,6701500.56680266
146,640,Lamb Street-CAZ-One way sign by Church,2024,11,"2021: 28.1, 2022: 27.1, 2023: 23.6, 2024: 22.3",22.3,22.3,CAZ,No,-287214.987817026,6702606.87609025
147,641,Stokes Croft-CAZ-Lamppost,2024,11,"2021: 39.7, 2022: 38.1, 2023: 36.8, 2024: 34.7",34.7,34.7,CAZ,Yes,-288310.098556115,6703703.38260294
148,642,Ashley Road-CAZ-Lamppost opp Drumd Rd,2024,12,"2021: 28.9, 2022: 24.6, 2023: 24.9, 2024: 22.7",22.7,22.7,CAZ,No,-288052.425548955,6703943.24322785
149,643,Sussex Place-CAZ-Lamppost,2024,12,"2021: 39.7, 2022: 35.6, 2023: 28.8, 2024: 25.4",25.4,25.4,CAZ,Yes,-287188.664301657,6704345.39763805
150,644,Ashley Down Rd-CAZ-Lamppost,2024,12,"2021: 31.8, 2022: 31.7, 2023: 28.2, 2024: 25.1",25.1,25.1,CAZ,Yes,-287423.539960366,6705469.93319363
151,645,Gloucester Rd-CAZ-Lamppost opp Baths,2024,11,"2021: 30.3, 2022: 28.9, 2023: 28.3, 2024: 27.3",27.3,27.3,CAZ,Yes,-288456.08851493,6705713.93430328
152,646,Cheltenham Rd-CAZ-Post by Papa Johns,2024,12,"2021: 31.7, 2022: 31.7, 2023: 31.9, 2024: 30.3",30.3,30.3,CAZ,Yes,-288436.842596843,6704319.32229724
153,647,Merchants Rd-CAZ-Lamppost by house,2024,12,"2021: 34.3, 2022: 30.9, 2023: 22.9, 2024: 23",23,23,CAZ,Yes,-291476.961493929,6701095.75626459
154,648,Wells Rd-CAZ-Lamppost by Red Lion Carpets,2024,12,"2021: 29, 2022: 29.2, 2023: 25.3, 2024: 25.8",25.8,25.8,CAZ,Yes,-285393.183673245,6697588.21041641
155,649,Bath Rd-CAZ-Lamppost,2024,12,"2021: 30.1, 2022: 30, 2023: 27.1, 2024: 24.7",24.7,24.7,CAZ,Yes,-283502.470401424,6698278.49155093
156,650,Wells Rd-CAZ-Lamppost,2024,11,"2021: 22.8, 2022: 21.6, 2023: 19.3, 2024: 19.6",19.6,19.6,CAZ,No,-285535.730462454,6698009.34601773
157,651,Church Rd-CAZ-Post by Barwaaqo Cafe,2024,10,"2021: 35.2, 2022: 33.9, 2023: 26.6, 2024: 28.6",28.6,28.6,CAZ,Yes,-285379.667685059,6702712.81340885
158,652,Whitehall Rd-CAZ-Lamppost by house,2024,11,"2021: 41.5, 2022: 37, 2023: 33.3, 2024: 30.4",30.4,30.4,CAZ,Yes,-285094.837359283,6703389.73226116
159,653,Stapleton Rd-CAZ-Lamppost by house,2024,12,"2021: 26, 2022: 30.9, 2023: 33.5, 2024: 26.2",26.2,26.2,CAZ,Yes,-286066.821662899,6703925.23954705
160,654,Mina Rd-CAZ-Lamppost by house,2024,12,"2021: 22.9, 2022: 24, 2023: 20, 2024: 18.9",18.9,18.9,CAZ,Yes,-286563.732877027,6704353.54987343
161,655,Muller Rd-CAZ-Lamppost opp LA DT,2024,12,"2021: 29.2, 2022: 28.6, 2023: 26.9, 2024: 26.6",26.6,26.6,CAZ,Yes,-284733.879150594,6705653.23243449
162,656,Stapleton Rd-CAZ-Lamppost,2024,12,"2021: 28.8, 2022: 27.3, 2023: 23.3, 2024: 21",21,21,CAZ,No,-285079.844145574,6706041.09150418
163,657,Fishponds Rd-CAZ-Lamppost,2024,10,"2021: 29.2, 2022: 33.5, 2023: 24.9, 2024: 23.9",23.9,23.9,CAZ,Yes,-284218.487148451,6705535.02282359
164,658,Fishponds Rd-CAZ-Lamppost,2024,12,"2021: 23.6, 2022: 24.1, 2023: 22.9, 2024: 20.2",20.2,20.2,CAZ,No,-281583.477092954,6706640.94873466
165,659,Muller Rd-CAZ-Lamppost,2024,12,"2021: 26.5, 2022: 25.1, 2023: 22.3, 2024: 23.8",23.8,23.8,CAZ,No,-287288.426526314,6708042.55315808
166,660,Muller Rd-CAZ-Lamppost,2024,12,"2021: 32.1, 2022: 32.4, 2023: 28.1, 2024: 27.7",27.7,27.7,CAZ,Yes,-285470.8712225,6705822.73283643
167,661,Linden Rd-CAZ-Lamppost by house,2024,10,"2021: 23.3, 2022: 22, 2023: 20.2, 2024: 18.3",18.3,18.3,CAZ,Yes,-290081.352645409,6706296.83285128
168,662,Linden Rd-CAZ-Lamppost by house,2024,12,"2021: 21.2, 2022: 20.7, 2023: 19.1, 2024: 16.5",16.5,16.5,CAZ,No,-290329.426128408,6706444.23460636
169,663,Whiteladies Rd-CAZ-Lamppost after petrol station,2024,11,"2021: 24.7, 2022: 25.9, 2023: 22.4, 2024: 20.8",20.8,20.8,CAZ,No,-291073.023746753,6704892.06966416
170,664,Westbury Rd-CAZ-Lamppost by hospital,2024,12,"2021: 25.5, 2022: 24.8, 2023: 19.7, 2024: 21.3",21.3,21.3,CAZ,No,-291154.66097586,6705262.57323216
171,665,Upper Maudlin St-CAZ-Lamppost opp BRI,2024,10,"2021: 37.6, 2022: 37.1, 2023: 31.6, 2024: 23.5",23.5,23.5,CAZ,Yes,-289005.663145548,6702730.60651535
172,666,Upper Maudlin St-CAZ-Lamppost by BRI,2024,8,"2021: 32.8, 2022: 31.3, 2023: 25.4, 2024: 22.4",22.4,22.4,CAZ,No,-289052.399063411,6702763.95991414
173,667,College Green-CAZ-Post by Toni&Guy,2024,12,"2021: 43.6, 2022: 45.3, 2023: 42, 2024: 41",41,41,CAZ,Yes,-289228.490562742,6701761.77128086
174,669,Temple Way Bridge-CAZ-Lamppost Temple Way Bridge,2024,12,"2021: 28.6, 2022: 33.2, 2023: 29.7, 2024: 22",22,22,CAZ,Yes,-287657.960147146,6701695.77765519
175,670,Bristol Hill-CAZ-Lamppost Bristol Hill,2024,12,"2021: 39.9, 2022: 38.8, 2023: 32.8, 2024: 33.1",33.1,33.1,CAZ,Yes,-284047.915620127,6698409.25865614
176,671,North View Downs Park West,2024,10,"2021: 26.1, 2022: 23.5, 2023: 21.3, 2024: 20.8",20.8,20.8,,Yes,-291110.796765422,6706530.90462922
177,673,Marlborough Street - co - located,2024,32,"2021: 36.1, 2022: 33.5, 2023: 26.1, 2024: 24.2",24.2,24.2,CAZ,Yes,-288922.248556989,6702916.02845388
178,674,Troopers Hill Opposite No 30,2024,12,"2022: 15.2, 2023: 14.2, 2024: 13.4",13.4,13.4,Liveable Neighbourhoods,Yes,-281822.639363867,6702480.85755695
179,675,Netham Lock Junction,2024,12,"2022: 26.4, 2023: 23.7, 2024: 23",23,23,Liveable Neighbourhoods,Yes,-284287.167897175,6701680.2747792
180,676,Blackswarth Road Opposite St Patrick's School,2024,12,"2022: 19.8, 2023: 19, 2024: 16.1",16.1,16.1,Liveable Neighbourhoods,Yes,-284103.338431866,6702586.01883236
181,677,Beaufort Road Opposite No 109,2024,11,"2022: 21.4, 2023: 17.6, 2024: 15.2",15.2,15.2,Liveable Neighbourhoods,Yes,-283509.659537915,6702685.26391766
182,678,Victoria Avenue Opposite No 90,2024,11,"2022: 17.7, 2023: 15.6, 2024: 14",14,14,Liveable Neighbourhoods,Yes,-284832.201991231,6702567.62418967
183,679,Avonvale Road Opposite Bristol Futures Academy,2024,10,"2022: 21, 2023: 20.3, 2024: 21.4",21.4,21.4,Liveable Neighbourhoods,Yes,-285061.452562614,6702165.8846374
184,680,Morely Street/Bright Street Ped Crossing,2024,11,"2022: 20.8, 2023: 19.9, 2024: 18.5",18.5,18.5,Liveable Neighbourhoods,Yes,-285321.338145554,6702419.29317675
185,681,Russel Town Avenue Opposite Pheonix Social Enterprise Club,2024,11,"2022: 24.8, 2023: 22.4, 2024: 21.7",21.7,21.7,Liveable Neighbourhoods,Yes,-285306.399838492,6702978.44266594
186,682,Church Road Miss Millies,2024,10,"2022: 26.7, 2023: 22.9, 2024: 23.5",23.5,23.5,Liveable Neighbourhoods,Yes,-284706.1926995,6702852.92401362
187,683,Victoria Parade Opposite No 39,2024,12,"2022: 18.6, 2023: 17.2, 2024: 13.5",13.5,13.5,Liveable Neighbourhoods,Yes,-284560.704536839,6703106.25011053
188,684,Lyppiatt Road Opposite No 25,2024,12,"2022: 20.1, 2023: 17, 2024: 15.3",15.3,15.3,Liveable Neighbourhoods,Yes,-284326.841694129,6703116.06067316
189,698,Portway - Sylvan Way,2024,11,"2023: 19.9, 2024: 21.7",21.7,21.7,CAZ,Yes,-295527.026385023,6707789.58556522
190,699,Portway - Roman Way,2024,12,"2023: 18.8, 2024: 16.7",16.7,16.7,CAZ,Yes,-294731.42011469,6706472.27271107
191,700,Portway - Bridge Valley Road,2024,12,"2023: 25.8, 2024: 20.2",20.2,20.2,CAZ,Yes,-292753.840150223,6702793.92334316
192,701,Blackboy Hill_Traffic light on pedestrian crossing,2024,11,"2024: 22.7, 2024: ",22.7,22.7,LAQM,Yes,-290987.98429075,6704688.71744112
193,702,Lamb Street_CAZ signpost by George Jones Park,2024,6,"2024: 19.6, 2024: ",19.6,19.6,LAQM,Yes,-287150.024055629,6702698.95738313
194,703,Sussex Place_No loading signpost,2024,12,"2024: 26.9, 2024: ",26.9,26.9,LAQM,Yes,-287169.117672068,6704305.38435264
195,704,Bedminster Down Rd junction with Winterstoke Close_CAZ,2024,10,"2024: 25.9, 2024: ",25.9,25.9,CAZ,Yes,-290492.561344328,6698295.42160649
196,705,A4044 Roundabout_Traffic Light,2024,8,"2024: 48.1, 2024: ",48.1,48.1,CAZ,Yes,-287670.89034527,6702314.09440021
197,706,Speedwell Road_near Wackum Inn,2024,5,"2024: 15.7, 2024: ",15.7,15.7,,Yes,-282968.937515838,6704099.85026149
198,707,Rodney Road junction with Whiteway Road,2024,5,"2024: 13.5, 2024: ",13.5,13.5,,Yes,-281405.887936288,6704014.90023284
199,708,Whiteway Road junction with A420,2024,5,"2024: 16.8, 2024: ",16.8,16.8,,Yes,-282269.546045028,6703345.08023419
200,709,Air Balloon Hill Primary School,2024,5,"2024: 11.2, 2024: ",11.2,11.2,,Yes,-281701.680936919,6702814.2638521
201,710,Nags Head Hill,2024,5,"2024: 18.6, 2024: ",18.6,18.6,,Yes,-281192.972470938,6702032.43167188
202,711,Barton Hill Academy,2024,5,"2024: 21.1, 2024: ",21.1,21.1,,Yes,-285472.000769582,6702010.1233445
203,373,123 Newfoundland Street façade,2023,12,"2010: 53, 2011: 47.9, 2012: 44.9, 2013: 45.2, 2014: 41.6, 2015: 38.3, 2016: 39.5, 2017: 38.5, 2018: 35.7, 2019: 31.2, 2020: 23.9, 2021: 27.9, 2022: 27.4, 2023: 22.3, 2024: 21.5",,22.3,BROADMEAD,Yes,-287292.865269621,6703337.20318085
204,560,Lamppost outside BRI CAZ,2023,21,"2019: 40.4, 2020: 30.2, 2021: 32.2, 2022: 31.5, 2023: 25.6, 2024: 20.5",,25.6,CAZ,No,-289022.128096125,6702785.09084199
205,502,Co-located Colston Ave,2023,33,"2019: 68.7, 2020: 52.1, 2021: 58, 2022: 54.1, 2023: 48.9, 2024: 50.8",,48.9,QAQC,Yes,-289057.625324914,6702224.17268152
206,499,Temple Way Nox site,2023,29,"2017: 38.5, 2018: 43.2, 2019: 33.6, 2020: 26, 2021: 31.1, 2022: 30.9, 2023: 26.2, 2024: 23.9",,26.2,QAQC,Yes,-287648.349706948,6702703.01974867
207,464,Fishponds Road,2023,33,"2010: 42.2, 2011: 39.2, 2012: 38, 2013: 35.7, 2014: 36, 2015: 34.9, 2016: 36.9, 2017: 36.8, 2018: 34.4, 2019: 29.7, 2020: 24.2, 2021: 23.7, 2022: 24, 2023: 20.8, 2024: 20.8",,20.8,QAQC,Yes,-282218.963762018,6706297.20472537
208,455,St. Pauls Day Nursery,2023,33,"2010: 34.8, 2011: 30, 2012: 29.5, 2013: 30.1, 2014: 27.3, 2015: 26.5, 2016: 27.9, 2017: 26, 2018: 24.4, 2019: 20.8, 2020: 15.9, 2021: 16.4, 2022: 16.7, 2023: 14.3, 2024: 13.8",,14.3,QAQC,Yes,-287711.369865179,6703574.84926661
209,439,Parson Street School,2023,30,"2010: 41.9, 2011: 40.9, 2012: 40.9, 2013: 44.7, 2014: 42, 2015: 41, 2016: 43.6, 2017: 37.7, 2018: 37.7, 2019: 31.7, 2020: 25.4, 2021: 28.6, 2022: 27.2, 2023: 24, 2024: 22.4",,24,QAQC,Yes,-289982.448521423,6698188.87869929
210,438,A37 Junction w/ Airport Road,2023,36,"2010: 48, 2011: 47.7, 2012: 43.4, 2013: 43.5, 2014: 44, 2015: 43.1, 2016: 43.4, 2017: 43.2, 2018: 36.6, 2019: 31.8, 2020: 27.1, 2021: 29, 2022: 29.4, 2023: 25, 2024: 23.2",,25,QAQC,Yes,-285394.401951542,6697329.73212812
211,320,Monitor     Bath Road Brislington,2023,35,"2010: 34.3, 2011: 33.1, 2012: 31.5, 2013: 31.1, 2014: 30.9, 2015: 31.3, 2016: 31.1, 2017: 30.7, 2018: 27.9, 2019: 23.5, 2020: 19.3, 2021: 20.8, 2022: 20.6, 2023: 17.7, 2024: 17",,17.7,QAQC,Yes,-284969.788762769,6699810.45977789
212,700,Portway - Bridge Valley Road,2023,8,"2023: 25.8, 2024: 20.2",,25.8,CAZ,Yes,-292753.840150223,6702793.92334316
213,699,Portway - Roman Way,2023,8,"2023: 18.8, 2024: 16.7",,18.8,CAZ,Yes,-294731.42011469,6706472.27271107
214,698,Portway - Sylvan Way,2023,4,"2023: 19.9, 2024: 21.7",,19.9,CAZ,Yes,-295527.026385023,6707789.58556522
215,684,Lyppiatt Road Opposite No 25,2023,8,"2022: 20.1, 2023: 17, 2024: 15.3",,17,Liveable Neighbourhoods,Yes,-284326.841694129,6703116.06067316
216,683,Victoria Parade Opposite No 39,2023,10,"2022: 18.6, 2023: 17.2, 2024: 13.5",,17.2,Liveable Neighbourhoods,Yes,-284560.704536839,6703106.25011053
217,682,Church Road Miss Millies,2023,10,"2022: 26.7, 2023: 22.9, 2024: 23.5",,22.9,Liveable Neighbourhoods,Yes,-284706.1926995,6702852.92401362
218,681,Russel Town Avenue Opposite Pheonix Social Enterprise Club,2023,11,"2022: 24.8, 2023: 22.4, 2024: 21.7",,22.4,Liveable Neighbourhoods,Yes,-285306.399838492,6702978.44266594
219,680,Morely Street/Bright Street Ped Crossing,2023,10,"2022: 20.8, 2023: 19.9, 2024: 18.5",,19.9,Liveable Neighbourhoods,Yes,-285321.338145554,6702419.29317675
220,679,Avonvale Road Opposite Bristol Futures Academy,2023,11,"2022: 21, 2023: 20.3, 2024: 21.4",,20.3,Liveable Neighbourhoods,Yes,-285061.452562614,6702165.8846374
221,678,Victoria Avenue Opposite No 90,2023,11,"2022: 17.7, 2023: 15.6, 2024: 14",,15.6,Liveable Neighbourhoods,Yes,-284832.201991231,6702567.62418967
222,677,Beaufort Road Opposite No 109,2023,12,"2022: 21.4, 2023: 17.6, 2024: 15.2",,17.6,Liveable Neighbourhoods,Yes,-283509.659537915,6702685.26391766
223,676,Blackswarth Road Opposite St Patrick's School,2023,12,"2022: 19.8, 2023: 19, 2024: 16.1",,19,Liveable Neighbourhoods,Yes,-284103.338431866,6702586.01883236
224,675,Netham Lock Junction,2023,12,"2022: 26.4, 2023: 23.7, 2024: 23",,23.7,Liveable Neighbourhoods,Yes,-284287.167897175,6701680.2747792
225,674,Troopers Hill Opposite No 30,2023,12,"2022: 15.2, 2023: 14.2, 2024: 13.4",,14.2,Liveable Neighbourhoods,Yes,-281822.639363867,6702480.85755695
226,671,North View Downs Park West,2023,11,"2021: 26.1, 2022: 23.5, 2023: 21.3, 2024: 20.8",,21.3,,Yes,-291110.796765422,6706530.90462922
227,670,Bristol Hill-CAZ-Lamppost Bristol Hill,2023,12,"2021: 39.9, 2022: 38.8, 2023: 32.8, 2024: 33.1",,32.8,CAZ,Yes,-284047.915620127,6698409.25865614
228,669,Temple Way Bridge-CAZ-Lamppost Temple Way Bridge,2023,6,"2021: 28.6, 2022: 33.2, 2023: 29.7, 2024: 22",,29.7,CAZ,Yes,-287657.960147146,6701695.77765519
229,667,College Green-CAZ-Post by Toni&Guy,2023,12,"2021: 43.6, 2022: 45.3, 2023: 42, 2024: 41",,42,CAZ,Yes,-289228.490562742,6701761.77128086
230,666,Upper Maudlin St-CAZ-Lamppost by BRI,2023,9,"2021: 32.8, 2022: 31.3, 2023: 25.4, 2024: 22.4",,25.4,CAZ,No,-289052.399063411,6702763.95991414
231,665,Upper Maudlin St-CAZ-Lamppost opp BRI,2023,8,"2021: 37.6, 2022: 37.1, 2023: 31.6, 2024: 23.5",,31.6,CAZ,Yes,-289005.663145548,6702730.60651535
232,664,,2023,11,"2021: 25.5, 2022: 24.8, 2023: 19.7, 2024: 21.3",,19.7,CAZ,No,-291154.66097586,6705262.57323216
233,494,Muller Road - Adjacent to Darnley Avenue,2023,10,"2015: 37.5, 2016: 43.3, 2017: 39.5, 2018: 38.7, 2019: 32, 2020: 25.1, 2021: 25, 2022: 26.4, 2023: 22.5, 2024: 21.6",,22.5,Horfield Roadside,Yes,-287635.002115621,6708277.69693354
234,493,No 67 Filton Avenue on wall facing Muller Rd,2023,8,"2015: 36.2, 2016: 41.5, 2017: 41.9, 2018: 41.8, 2019: 37, 2020: 29.5, 2021: 31.8, 2022: 31.2, 2023: 27.4, 2024: 25.8",,27.4,Horfield Roadside,Yes,-287443.0455096,6708131.34018296
235,492,On 1 way sign at bottom of Wellington Hill,2023,11,"2015: 37.6, 2016: 40.3, 2017: 36.8, 2018: 34.8, 2019: 31.3, 2020: 25.2, 2021: 26.4, 2022: 27.5, 2023: 25.6, 2024: 23.7",,25.6,Horfield Roadside,Yes,-287813.3061196,6707917.80129038
236,487,Junction 3 Millpond Street,2023,7,"2013: 55.6, 2014: 47.4, 2015: 46.2, 2016: 45.7, 2017: 44.5, 2018: 41.9, 2019: 35.1, 2020: 27.7, 2021: 29.6, 2022: 36.8, 2023: 27.8, 2024: 24.1",,27.8,JCT3,Yes,-286505.090102087,6704231.89916475
237,473,B&G Snax West St,2023,12,"2010: 49.2, 2011: 43.1, 2012: 44.6, 2013: 43.5, 2014: 40.7, 2015: 49.6, 2016: 57.1, 2017: 40.1, 2018: 44, 2019: 42.4, 2020: 40, 2021: 28.4, 2022: 28.4, 2023: 26.1, 2024: 25.7",,26.1,USA 2009,Yes,-289888.728777705,6699059.90410014
238,472,Jamiesons Autos,2023,10,"2010: 52.4, 2011: 47.4, 2012: 46.5, 2013: 48.2, 2014: 45.2, 2015: 40, 2016: 45.3, 2017: 41.6, 2018: 37.3, 2019: 33.7, 2020: 26.2, 2021: 28.7, 2022: 29, 2023: 25.8, 2024: 25.7",,25.8,USA 2009,Yes,-289697.065688815,6699318.40485888
239,470,Victoria Park Primary,2023,10,"2010: 43.3, 2011: 39.4, 2012: 39.6, 2013: 37.8, 2014: 35, 2015: 38.7, 2016: 39.4, 2017: 35.9, 2018: 37.9, 2019: 29.4, 2020: 25.1, 2021: 26.8, 2022: 28.3, 2023: 24.2, 2024: 21.7",,24.2,USA 2009,Yes,-288112.730275877,6698870.47455211
240,436,Shiners Garage,2023,11,"2010: 44.7, 2011: 40.9, 2012: 39.6, 2013: 40.1, 2014: 38.2, 2015: 37.9, 2016: 47.7, 2017: 45.8, 2018: 50.6, 2019: 42, 2020: 29.2, 2021: 31.2, 2022: 30.6, 2023: 24.4, 2024: 26.2",,24.4,Roadside,Yes,-285259.212047081,6702675.18810556
241,429,facade villiers road stapleton road junction,2023,6,"2010: 60.3, 2011: 57.8, 2012: 57.3, 2013: 60.6, 2014: 54.7, 2015: 50.4, 2016: 52.1, 2017: 47.8, 2018: 46.8, 2019: 41.2, 2020: 38.8, 2021: 36.4, 2022: 35.5, 2023: 38, 2024: 35.3",,38,Post DA Facades,Yes,-286116.033413056,6703865.40916925
242,423,facade BRI children's,2023,12,"2010: 53, 2011: 53.2, 2012: 50.9, 2013: 46.3, 2014: 41.8, 2015: 44.4, 2016: 43.5, 2017: 45, 2018: 42.3, 2019: 35.2, 2020: 27.3, 2021: 29.5, 2022: 29.1, 2023: 22.2, 2024: 20.9",,22.2,Post DA Facades,Yes,-289088.725742146,6702699.40590324
243,420,North St/Dean Lane on roundabout sign,2023,11,"2010: 43.8, 2011: 39.6, 2012: 38.1, 2013: 38.9, 2014: 37.2, 2015: 36.7, 2016: 38.6, 2017: 33.3, 2018: 37.1, 2019: 30.4, 2020: 23.2, 2021: 25.6, 2022: 28.8, 2023: 23.7, 2024: 22.3",,23.7,Post DA Facades,Yes,-289619.048853516,6699765.46194782
244,419,Parson St lamppost outside Bristol Scuba,2023,11,"2010: 63.2, 2011: 54.7, 2012: 54.1, 2013: 53.6, 2014: 56.6, 2015: 53.6, 2016: 55.8, 2017: 51.3, 2018: 45, 2019: 39, 2020: 31.4, 2021: 34.3, 2022: 33.6, 2023: 29.4, 2024: 28.5",,29.4,Post DA Facades,Yes,-290320.090688617,6698353.05372706
245,418,Bedminster Down Rd lamppost between Ashton Motors & Plough PH,2023,11,"2010: 92.9, 2011: 90.5, 2012: 81.8, 2013: 74, 2014: 67.7, 2015: 63.7, 2016: 69.3, 2017: 58.4, 2018: 55.7, 2019: 51.1, 2020: 40.2, 2021: 45.9, 2022: 44.1, 2023: 32.8, 2024: 31.7",,32.8,Post DA Facades,Yes,-290471.62510202,6698281.14621008
246,417,St John's Lane No 26 lamppost 15 (just past roundabout),2023,12,"2010: 51.3, 2011: 45.6, 2012: 44.1, 2013: 42.1, 2014: 40.8, 2015: 43.6, 2016: 43.4, 2017: 35.2, 2018: 36, 2019: 31, 2020: 26.3, 2021: 27.9, 2022: 27, 2023: 22.7, 2024: 20.9",,22.7,Post DA Facades,Yes,-287442.243890537,6699543.83315549
247,413,Wells Rd bus lane sign just below junction with Knowle Rd,2023,12,"2010: 52.2, 2011: 47.1, 2012: 41.4, 2013: 43.7, 2014: 38.4, 2015: 39.3, 2016: 40, 2017: 38.7, 2018: 37.6, 2019: 31.2, 2020: 25.5, 2021: 27.4, 2022: 27.2, 2023: 23.5, 2024: 22.5",,23.5,Post DA Facades,Yes,-286790.024426925,6699701.55784787
248,407,lamppost sussex place,2023,11,"2010: 53.9, 2011: 56.5, 2012: 47.3, 2013: 47.1, 2014: 43.9, 2015: 43.1, 2016: 48.7, 2017: 44.6, 2018: 46.7, 2019: 37.3, 2020: 26.7, 2021: 30.2, 2022: 29.5, 2023: 24.8",,24.8,Post DA Facades,No,-287169.041541866,6704295.74454928
249,406,Whitehall Rd lamppost 17 nr juction with Chalks Rd,2023,12,"2010: 48.1, 2011: 37.5, 2012: 36.5, 2013: 36.5, 2014: 34.9, 2015: 35.4, 2016: 36.2, 2017: 38.9, 2018: 38.5, 2019: 31, 2020: 26.6, 2021: 29.3, 2022: 29.6, 2023: 24.2, 2024: 23.2",,24.2,Post DA Facades,Yes,-284362.720936092,6703411.38989974
250,405,Whitehall Rd/Easton Rd lamppost 4TZ,2023,12,"2010: 57.8, 2011: 58, 2012: 53.1, 2013: 55, 2014: 51.1, 2015: 53.1, 2016: 42.6, 2017: 50.4, 2018: 56.2, 2019: 48.5, 2020: 38.7, 2021: 40.4, 2022: 38, 2023: 33.5, 2024: 33.6",,33.5,Post DA Facades,Yes,-285203.139777754,6703303.7524392
251,403,Lamp post 48 230 Bath Road,2023,12,"2010: 46.5, 2011: 43.9, 2012: 43.6, 2013: 46.6, 2014: 39.2, 2015: 41.5, 2016: 37.5, 2017: 35.7, 2018: 35.6, 2019: 28.1, 2020: 23.4, 2021: 25.5, 2022: 25.5, 2023: 20.2, 2024: 20.6",,20.2,Post DA Facades,Yes,-286047.399122808,6699977.1677698
252,374,St. Paul Street,2023,12,"2010: 56.2, 2011: 56.2, 2012: 46.8, 2013: 50.7, 2014: 51.8, 2015: 47.1, 2016: 47.2, 2017: 45.2, 2018: 47.8, 2019: 39.9, 2020: 29.9, 2021: 35, 2022: 33.7, 2023: 27.1, 2024: 25.1",,27.1,BROADMEAD,Yes,-287671.912995715,6703046.61290049
253,705,A4044 Roundabout_Traffic Light,2024,,"2024: 48.1, 2024: ",,,CAZ,Yes,-287670.89034527,6702314.09440021
254,371,Lamb Street façade,2023,10,"2010: 57.9, 2011: 47.5, 2012: 47.5, 2013: 46.9, 2014: 42.8, 2015: 44.8, 2016: 42.7, 2017: 44.7, 2018: 42.2, 2019: 34.1, 2020: 25.8, 2021: 29.4, 2022: 29, 2023: 25.5",,25.5,BROADMEAD,No,-287182.028571119,6702693.88408449
255,370,Great George Street lamppost,2023,11,"2010: 49.2, 2011: 43.7, 2012: 39.5, 2013: 39.4, 2014: 36.9, 2015: 37.7, 2016: 38.4, 2017: 37.5, 2018: 36.6, 2019: 30.1, 2021: 25, 2022: 31, 2023: 25.3, 2024: 21.2",,25.3,BROADMEAD,Yes,-287244.687317758,6702918.28830893
256,363,5102 façade,2023,12,"2010: 44.9, 2011: 47.4, 2012: 48, 2013: 44.3, 2014: 39.8, 2015: 39.2, 2016: 39.6, 2017: 38.5, 2018: 37.2, 2019: 34, 2020: 23.5, 2021: 26.8, 2022: 28, 2023: 23.8, 2024: 23.9",,23.8,BROADMEAD,Yes,-288367.49785816,6703069.93538865
257,325,Facade   258 Fishponds Road Fishponds,2023,11,"2010: 51.8, 2011: 53, 2012: 49.8, 2013: 45.8, 2014: 49.7, 2015: 50.8, 2016: 50.5, 2017: 49.2, 2018: 48.1, 2019: 39.4, 2020: 34.1, 2021: 37.3, 2022: 32.6, 2023: 29.4, 2024: 27.6",,29.4,Post Stage Four,Yes,-284232.620635064,6705496.34843142
258,312,Lamppost     Ashley Hill St. Pauls,2023,11,"2010: 46.8, 2011: 46.4, 2012: 43.7, 2013: 44.5, 2014: 36.7, 2015: 36.8, 2016: 41.6, 2017: 38.5, 2018: 38.5, 2019: 32.8, 2020: 26.2, 2021: 29.5, 2022: 29.8, 2023: 24.8, 2024: 23.5",,24.8,Post Stage Four,Yes,-287167.355516468,6704691.02392647
259,307,Lamppost     Glenfrome Road \ Muller Road Horfield,2023,11,"2010: 46.6, 2011: 41.5, 2012: 39.5, 2013: 39.8, 2014: 38.4, 2015: 36.6, 2016: 37.4, 2017: 32.6, 2018: 37.3, 2019: 30.7, 2020: 24.6, 2021: 27.5, 2022: 26.8, 2023: 24.5, 2024: 21.6",,24.5,Post Stage Four,Yes,-285709.878701319,6705846.59411472
260,303,Facade   784 Muller Road Fishponds,2023,10,"2010: 55.4, 2011: 52.1, 2012: 48.5, 2013: 48.2, 2014: 43.5, 2015: 46.1, 2016: 46.2, 2017: 44, 2018: 43.8, 2019: 36.5, 2020: 29.2, 2021: 31.8, 2022: 31.2, 2023: 24.1, 2024: 23.3",,24.1,Post Stage Four,Yes,-284712.640975304,6705600.36391359
261,300,Facade Haart Estate Agents 755 Fishponds Road Fishponds,2023,11,"2010: 47, 2011: 52.8, 2012: 49.9, 2013: 48.5, 2014: 42.4, 2015: 45.9, 2016: 48.1, 2017: 45.9, 2018: 41.1, 2019: 35.1, 2020: 28.9, 2021: 28.7, 2022: 27.5, 2023: 21.2, 2024: 26.4",,21.2,Post Stage Four,Yes,-281520.287175529,6706769.98297697
262,295,Lamppost   16 Ashley Road St. Pauls,2023,8,"2010: 58.8, 2011: 60.7, 2012: 57.8, 2013: 57.2, 2014: 58.6, 2015: 63.3, 2016: 55.7, 2017: 65.1, 2018: 59.6, 2019: 48.1, 2020: 37.2, 2021: 44.5, 2022: 41, 2023: 34, 2024: 34.8",,34,Post Stage Four,Yes,-287033.740015952,6704208.4476767
263,261,Stapleton Road Heath Street,2023,11,"2010: 55.8, 2011: 48.2, 2012: 53, 2013: 55.8, 2014: 50.6, 2015: 51.3, 2016: 53.1, 2017: 52.4, 2018: 51, 2019: 41.5, 2020: 34.7, 2021: 39.1, 2022: 39.3, 2023: 32, 2024: 33",,32,Roadside Stage 4 (DT),Yes,-285135.992821959,6705418.74590538
264,260,Stapleton Road South,2023,11,"2010: 52.9, 2011: 52.8, 2012: 45.8, 2013: 46.5, 2014: 46.3, 2015: 45.6, 2016: 45.4, 2017: 42.6, 2018: 43.1, 2019: 36.2, 2020: 29.5, 2021: 33.2, 2022: 31.6, 2023: 26.5, 2024: 26",,26.5,Roadside Stage 4 (DT),Yes,-285080.464366343,6705912.52183786
265,254,Merchants Road Hotwells,2023,12,"2010: 47.1, 2011: 55.6, 2012: 55.3, 2013: 53.2, 2014: 51.5, 2015: 54.4, 2016: 51.8, 2017: 52.2, 2018: 49.4, 2019: 40.5, 2020: 31.1, 2021: 34.6, 2022: 33, 2023: 24.7, 2024: 23.9",,24.7,Roadside Stage 4 (DT),Yes,-291486.964634959,6701142.24890875
266,242,Parson Street Bedminster Down Road,2023,12,"2010: 80.3, 2011: 75.5, 2012: 73.9, 2013: 75.1, 2014: 56.2, 2015: 61.7, 2016: 68.4, 2017: 56, 2018: 51.1, 2019: 41, 2020: 32.2, 2021: 34.5, 2022: 36.6, 2023: 29.8, 2024: 28",,29.8,Roadside Stage 4 (DT),Yes,-290831.882346175,6697891.20245718
267,239,Parson St. A38 East,2023,12,"2010: 81.3, 2011: 82, 2012: 76.9, 2013: 78, 2014: 65.4, 2015: 69.2, 2016: 68.9, 2017: 66.8, 2018: 65.2, 2019: 54.4, 2020: 47.6, 2021: 51.4, 2022: 48.6, 2023: 40.5, 2024: 38.1",,40.5,Roadside Stage 4 (DT),Yes,-290240.840052813,6698064.71461172
268,175,top of Brislington Hill,2023,12,"2010: 57.9, 2011: 56.3, 2012: 54.7, 2013: 55.3, 2014: 51.7, 2015: 52.9, 2016: 56.5, 2017: 54, 2018: 54.9, 2019: 44.6, 2020: 36.4, 2021: 41.4, 2022: 38.7, 2023: 30.4, 2024: 30.3",,30.4,bath road showcase route (DT),Yes,-283408.629887594,6698149.144355
269,163,Strathmore Road,2023,11,"2010: 44.8, 2011: 38.3, 2012: 38.8, 2013: 43, 2014: 39.1, 2015: 37, 2016: 39.7, 2017: 38, 2018: 36.6, 2019: 30.8, 2020: 24.5, 2021: 27.4, 2022: 27.2, 2023: 27.2, 2024: 25.7",,27.2,gloucester road showcase route (DT),Yes,-287828.657779616,6707832.48413925
270,161,Bishop Road,2023,11,"2010: 52.9, 2011: 47.4, 2012: 41.6, 2013: 41.8, 2014: 41.3, 2015: 43.7, 2016: 41.7, 2017: 38.8, 2018: 38, 2019: 31.7, 2020: 25.3, 2021: 27.4, 2022: 26, 2023: 25.6, 2024: 26.5",,25.6,gloucester road showcase route (DT),Yes,-288271.484099739,6706477.18610887
271,159,Cromwell Road,2023,11,"2010: 53.6, 2011: 48.9, 2012: 49.7, 2013: 49, 2014: 44.5, 2015: 44.1, 2016: 44.8, 2017: 42, 2018: 43.3, 2019: 35.8, 2020: 28.5, 2021: 31.9, 2022: 32.1, 2023: 28.9, 2024: 28.2",,28.9,gloucester road showcase route (DT),Yes,-288675.219320107,6704666.05891095
272,157,Stokes Croft  Ashley Road,2023,10,"2010: 64.9, 2011: 61.8, 2012: 55.9, 2013: 56, 2014: 51.4, 2015: 53.3, 2016: 52.8, 2017: 48.6, 2018: 45.4, 2019: 43.1, 2020: 35.7, 2021: 40.3, 2022: 35, 2023: 35.2, 2024: 33.7",,35.2,gloucester road showcase route (DT),Yes,-288303.158453479,6703836.78908709
273,156,Jacobs Wells road opp Clifton hill,2023,12,"2010: 56.1, 2011: 49.1, 2012: 45.8, 2013: 44.2, 2014: 38, 2015: 38.9, 2016: 41.2, 2017: 39.3, 2018: 36.2, 2019: 30.5, 2020: 20.7, 2021: 24.9, 2022: 25.9, 2023: 19.1, 2024: 17.7",,19.1,harbourside (DT),Yes,-290548.152178807,6702096.20398506
274,155,Jacobs Wells Road South,2023,12,"2010: 47.4, 2011: 52.4, 2012: 46.9, 2013: 48.5, 2014: 38.8, 2015: 39.9, 2016: 43.1, 2017: 37.9, 2018: 40.1, 2019: 31.1, 2020: 22.9, 2021: 25.5, 2022: 24.2, 2023: 17.5, 2024: 15.2",,17.5,harbourside (DT),Yes,-290337.435875919,6701608.05267219
275,154,Hotwells Road,2023,11,"2010: 54.7, 2011: 40.9, 2012: 40.3, 2013: 44.3, 2014: 38.5, 2015: 37.2, 2016: 39.6, 2017: 38.5, 2018: 36.2, 2019: 30, 2020: 22.1, 2021: 25.4, 2022: 26.1, 2023: 17.8, 2024: 17.5",,17.8,harbourside (DT),Yes,-290714.010739251,6701235.48836649
276,147,Anchor Road,2023,12,"2010: 65.6, 2011: 66.4, 2012: 60.6, 2013: 60.2, 2014: 57, 2015: 60.1, 2016: 56.9, 2017: 61.5, 2018: 56.6, 2019: 50.9, 2020: 39.4, 2021: 43.3, 2022: 45.5, 2023: 39.5, 2024: 36.3",,39.5,harbourside (DT),Yes,-289254.257300207,6701581.66334233
277,125,York Road,2023,11,"2010: 72.8, 2011: 66.5, 2012: 63, 2013: 59.6, 2014: 53.3, 2015: 52.9, 2016: 52.9, 2017: 56, 2018: 50.3, 2019: 45.2, 2020: 35.6, 2021: 35.8, 2022: 33.6, 2023: 24.3, 2024: 19.7",,24.3,redcliffe way templegate (DT),Yes,-288122.962480237,6700347.74496852
278,113,Victoria Street,2023,11,"2010: 53.9, 2011: 55.2, 2012: 51.8, 2013: 48.4, 2014: 48.8, 2015: 47.5, 2016: 45.5, 2017: 49.9, 2018: 40.5, 2019: 37.4, 2020: 29.9, 2021: 27.8, 2022: 32, 2023: 29.4, 2024: 28.3",,29.4,redcliffe way templegate (DT),No,-288062.502763533,6701599.37177948
279,22,Stokes Croft,2023,11,"2010: 68.2, 2011: 58.7, 2012: 55.3, 2013: 57.7, 2014: 55.3, 2015: 49.7, 2016: 54.4, 2017: 52.5, 2018: 51, 2019: 44.3, 2020: 34.3, 2021: 37.5, 2022: 36.7, 2023: 35.9, 2024: 34.4",,35.9,Roadside (DT),Yes,-288316.547788833,6703508.93195795
280,21,Gloucester Road,2023,11,"2010: 50.1, 2011: 44.5, 2012: 43.1, 2013: 52, 2014: 50.4, 2015: 51.6, 2016: 50.2, 2017: 49.3, 2018: 46.4, 2019: 38.3, 2020: 33.4, 2021: 34.9, 2022: 34, 2023: 30.9, 2024: 33",,30.9,Roadside (DT),Yes,-288453.491473036,6705789.48523368
281,16,Third Way,2023,11,"2010: 35.1, 2011: 35.8, 2012: 36.4, 2013: 33.3, 2014: 34.6, 2015: 35.9, 2016: 35.7, 2017: 35.2, 2018: 32.6, 2019: 28.7, 2020: 23.2, 2021: 24.9, 2022: 25.8, 2023: 21.5, 2024: 21.5",,21.5,Roadside (DT),No,-299319.725243601,6711147.03571026
282,15,Horsefair,2023,11,"2010: 54.7, 2011: 50.9, 2012: 49.5, 2013: 53.6, 2014: 48.6, 2015: 50.8, 2016: 51.2, 2017: 49.4, 2018: 47.5, 2019: 42.2, 2020: 28.2, 2021: 31.5, 2022: 31.3, 2023: 26.4, 2024: 25.9",,26.4,Roadside (DT),Yes,-288014.971267504,6702867.14929257
283,14,Red Lion Knowle,2023,12,"2010: 47.9, 2011: 44.1, 2012: 43.2, 2013: 42.2, 2014: 40.4, 2015: 40.1, 2016: 42.3, 2017: 41.1, 2018: 47.6, 2019: 38.7, 2020: 32.4, 2021: 32.7, 2022: 30.3, 2023: 27, 2024: 25.8",,27,Roadside (DT),Yes,-285439.186904326,6697740.37180987
284,12,Galleries,2023,11,"2010: 58.2, 2011: 55.2, 2012: 50.8, 2013: 56.7, 2014: 51.3, 2015: 52.5, 2016: 52.8, 2017: 56.6, 2018: 57.5, 2019: 51.8, 2020: 41.9, 2021: 46.5, 2022: 50.2, 2023: 60.2, 2024: 35.3",,60.2,Roadside (DT),Yes,-288254.965440197,6702425.05893974
285,11,Whitefriars,2023,12,"2010: 60.8, 2011: 56.1, 2012: 53.2, 2013: 56.3, 2014: 48.8, 2015: 51.4, 2016: 51.7, 2017: 49.2, 2018: 48.1, 2019: 41.1, 2020: 31.1, 2021: 35, 2022: 35.3, 2023: 29.6, 2024: 29.4",,29.6,Roadside (DT),Yes,-288783.750004099,6702631.21072234
286,10,Bath Road,2023,12,"2010: 68.2, 2011: 62.3, 2012: 58.4, 2013: 61.5, 2014: 50.1, 2015: 49.3, 2016: 54.5, 2017: 51.6, 2018: 51.5, 2019: 42.2, 2020: 33.6, 2021: 36.8, 2022: 35.9, 2023: 30.7, 2024: 30.3",,30.7,Roadside (DT),Yes,-284908.842563162,6699589.32161916
287,9,B.R.I.,2023,12,"2010: 65.4, 2011: 58, 2012: 52, 2013: 54, 2014: 49.3, 2015: 48, 2016: 48.8, 2017: 46.5, 2018: 44.7, 2019: 37.8, 2020: 31.7, 2021: 39.3, 2022: 36, 2023: 27.8",,27.8,Roadside (DT),No,-288920.3727828,6702882.30805318
288,5,Bedminster Parade,2023,12,"2010: 66.6, 2011: 57.2, 2012: 54.6, 2013: 58.7, 2014: 47.6, 2015: 50.9, 2016: 51.3, 2017: 45.8, 2018: 45.8, 2019: 39.9, 2020: 31.6, 2021: 41, 2022: 37.9, 2023: 33.5, 2024: 34.9",,33.5,Roadside (DT),Yes,-288906.606435902,6699999.33324423
289,4,Three Lamps,2023,12,"2010: 62.3, 2011: 59.8, 2012: 58.4, 2013: 60.6, 2014: 55.8, 2015: 53.3, 2016: 55.2, 2017: 52.7, 2018: 53.5, 2019: 41, 2020: 36.8, 2021: 38.9, 2022: 38.4, 2023: 29.3, 2024: 30.7",,29.3,Roadside (DT),Yes,-287018.565739922,6700248.9656145
290,3,Blackboy Hill,2023,11,"2010: 46, 2011: 36.6, 2012: 37.7, 2013: 41.2, 2014: 36.3, 2015: 37.9, 2016: 37.6, 2017: 34.4, 2018: 34.4, 2019: 27.7, 2020: 28.7, 2021: 44.4, 2022: 38.8, 2023: 47.7, 2024: 29",,47.7,Roadside (DT),Yes,-290988.19933068,6704714.42467723
291,2,Colston Avenue,2023,10,"2010: 79.4, 2011: 78.8, 2012: 66.8, 2013: 68.7, 2014: 67.7, 2015: 69.2, 2016: 66.1, 2017: 63.1, 2018: 58.2, 2019: 53.7, 2020: 36.9, 2021: 40.1, 2022: 40.3, 2023: 39, 2024: 38.4",,39,Roadside (DT),Yes,-289075.818144399,6702097.12495681
292,663,Whiteladies Rd-CAZ-Lamppost after petrol station,2023,12,"2021: 24.7, 2022: 25.9, 2023: 22.4, 2024: 20.8",,22.4,CAZ,No,-291073.023746753,6704892.06966416
293,662,Linden Rd-CAZ-Lamppost by house,2023,12,"2021: 21.2, 2022: 20.7, 2023: 19.1, 2024: 16.5",,19.1,CAZ,No,-290329.426128408,6706444.23460636
294,661,Linden Rd-CAZ-Lamppost by house,2023,10,"2021: 23.3, 2022: 22, 2023: 20.2, 2024: 18.3",,20.2,CAZ,Yes,-290081.352645409,6706296.83285128
295,660,Muller Rd-CAZ-Lamppost,2023,9,"2021: 32.1, 2022: 32.4, 2023: 28.1, 2024: 27.7",,28.1,CAZ,Yes,-285470.8712225,6705822.73283643
296,659,Muller Rd-CAZ-Lamppost,2023,11,"2021: 26.5, 2022: 25.1, 2023: 22.3, 2024: 23.8",,22.3,CAZ,No,-287288.426526314,6708042.55315808
297,658,Fishponds Rd-CAZ-Lamppost,2023,10,"2021: 23.6, 2022: 24.1, 2023: 22.9, 2024: 20.2",,22.9,CAZ,No,-281583.477092954,6706640.94873466
298,657,Fishponds Rd-CAZ-Lamppost,2023,11,"2021: 29.2, 2022: 33.5, 2023: 24.9, 2024: 23.9",,24.9,CAZ,Yes,-284218.487148451,6705535.02282359
299,656,Stapleton Rd-CAZ-Lamppost,2023,11,"2021: 28.8, 2022: 27.3, 2023: 23.3, 2024: 21",,23.3,CAZ,No,-285079.844145574,6706041.09150418
300,655,Muller Rd-CAZ-Lamppost opp LA DT,2023,10,"2021: 29.2, 2022: 28.6, 2023: 26.9, 2024: 26.6",,26.9,CAZ,Yes,-284733.879150594,6705653.23243449
301,654,Mina Rd-CAZ-Lamppost by house,2023,11,"2021: 22.9, 2022: 24, 2023: 20, 2024: 18.9",,20,CAZ,Yes,-286563.732877027,6704353.54987343
302,653,Stapleton Rd-CAZ-Lamppost by house,2023,7,"2021: 26, 2022: 30.9, 2023: 33.5, 2024: 26.2",,33.5,CAZ,Yes,-286066.821662899,6703925.23954705
303,652,Whitehall Rd-CAZ-Lamppost by house,2023,12,"2021: 41.5, 2022: 37, 2023: 33.3, 2024: 30.4",,33.3,CAZ,Yes,-285094.837359283,6703389.73226116
304,651,Church Rd-CAZ-Post by Barwaaqo Cafe,2023,6,"2021: 35.2, 2022: 33.9, 2023: 26.6, 2024: 28.6",,26.6,CAZ,Yes,-285379.667685059,6702712.81340885
305,650,Wells Rd-CAZ-Lamppost,2023,11,"2021: 22.8, 2022: 21.6, 2023: 19.3, 2024: 19.6",,19.3,CAZ,No,-285535.730462454,6698009.34601773
306,649,Bath Rd-CAZ-Lamppost,2023,12,"2021: 30.1, 2022: 30, 2023: 27.1, 2024: 24.7",,27.1,CAZ,Yes,-283502.470401424,6698278.49155093
307,648,Wells Rd-CAZ-Lamppost by Red Lion Carpets,2023,12,"2021: 29, 2022: 29.2, 2023: 25.3, 2024: 25.8",,25.3,CAZ,Yes,-285393.183673245,6697588.21041641
308,647,Merchants Rd-CAZ-Lamppost by house,2023,11,"2021: 34.3, 2022: 30.9, 2023: 22.9, 2024: 23",,22.9,CAZ,Yes,-291476.961493929,6701095.75626459
309,646,Cheltenham Rd-CAZ-Post by Papa Johns,2023,12,"2021: 31.7, 2022: 31.7, 2023: 31.9, 2024: 30.3",,31.9,CAZ,Yes,-288436.842596843,6704319.32229724
310,645,Gloucester Rd-CAZ-Lamppost opp Baths,2023,11,"2021: 30.3, 2022: 28.9, 2023: 28.3, 2024: 27.3",,28.3,CAZ,Yes,-288456.08851493,6705713.93430328
311,711,Barton Hill Academy,2024,,"2024: 21.1, 2024: ",,,,Yes,-285472.000769582,6702010.1233445
312,644,Ashley Down Rd-CAZ-Lamppost,2023,11,"2021: 31.8, 2022: 31.7, 2023: 28.2, 2024: 25.1",,28.2,CAZ,Yes,-287423.539960366,6705469.93319363
313,643,Sussex Place-CAZ-Lamppost,2023,11,"2021: 39.7, 2022: 35.6, 2023: 28.8, 2024: 25.4",,28.8,CAZ,Yes,-287188.664301657,6704345.39763805
314,642,Ashley Road-CAZ-Lamppost opp Drumd Rd,2023,11,"2021: 28.9, 2022: 24.6, 2023: 24.9, 2024: 22.7",,24.9,CAZ,No,-288052.425548955,6703943.24322785
315,641,Stokes Croft-CAZ-Lamppost,2023,11,"2021: 39.7, 2022: 38.1, 2023: 36.8, 2024: 34.7",,36.8,CAZ,Yes,-288310.098556115,6703703.38260294
316,640,Lamb Street-CAZ-One way sign by Church,2023,12,"2021: 28.1, 2022: 27.1, 2023: 23.6, 2024: 22.3",,23.6,CAZ,No,-287214.987817026,6702606.87609025
317,639,Victoria St-CAZ-Lamppost opp Mitchell Lane,2023,11,"2021: 27, 2022: 29.5, 2023: 29.6, 2024: 25.8",,29.6,CAZ,Yes,-287965.592135745,6701500.56680266
318,638,A4044 Roundabout-CAZ-Lamppost,2023,11,"2021: 43.8, 2022: 42.4, 2023: 44.8, 2024: 41.6",,44.8,CAZ,Yes,-287683.770684242,6702322.02309257
319,637,Bath Rd-CAZ-Lamppost by Kings Road,2023,11,"2021: 21.7, 2022: 24.2, 2023: 17.1, 2024: 16.9",,17.1,CAZ,No,-284925.98213891,6699526.56389169
320,636,Bath Rd-CAZ-Lamppost by Bus Lane,2023,12,"2021: 26.2, 2022: 25.5, 2023: 22.1, 2024: 21",,22.1,CAZ,No,-286959.15307169,6700230.16452906
321,635,York Rd-CAZ-Sign after bridge,2023,11,"2021: 25.3, 2022: 23.8, 2023: 19.9, 2024: 16.5",,19.9,CAZ,No,-288296.522831912,6700418.6139399
322,634,Bedminster Parade-CAZ-Lamppost by William Hill,2023,11,"2021: 34.6, 2022: 30.1, 2023: 28.1, 2024: 26.1",,28.1,CAZ,Yes,-288828.609373328,6700059.38686374
323,633,West St-CAZ-Lamppost opp Jamiesons,2023,11,"2021: 36.5, 2022: 34.6, 2023: 31.4, 2024: 33.2",,31.4,CAZ,Yes,-289711.676452964,6699342.37082829
324,632,West St-CAZ-Lamppost by Argus Rd,2023,12,"2021: 23.4, 2022: 24.6, 2023: 22.6, 2024: 22.1",,22.6,CAZ,No,-289939.167510014,6698961.53897052
325,631,Bedminster Down Rd-CAZ-Roadsign by Winterstoke,2023,12,"2021: 24.8, 2022: 25.9, 2023: 22.6",,22.6,CAZ,No,-290484.674971752,6698309.93748458
326,630,Bedminster Down Rd-CAZ-Lamppost by billboard,2023,12,"2021: 30.3, 2022: 35.5, 2023: 26.7, 2024: 24.3",,26.7,CAZ,Yes,-290795.175714285,6697905.95953687
327,629,Lower Ashley Rd-CAZ-Lamppost opp London Rd,2023,11,"2021: 38.9, 2022: 34.8, 2023: 34.6, 2024: 26.7",,34.6,CAZ,Yes,-286964.823086945,6704207.38663853
328,628,Lower Ashley Rd-CAZ-Lamppost by Geo Jones,2023,10,"2021: 35.9, 2022: 33.2, 2023: 29.5, 2024: 28.6",,29.5,CAZ,Yes,-287056.42728548,6704240.40230617
329,627,Parson St-CAZ-Lamppost by Station,2023,10,"2021: 34, 2022: 33.3, 2023: 27.9, 2024: 29.2",,27.9,CAZ,Yes,-290324.52230253,6698308.06088837
330,626,Bedminster Rd-CAZ-Post,2023,11,"2021: 43, 2022: 43.3, 2023: 38.7, 2024: 33.4",,38.7,CAZ,Yes,-290581.364603998,6697997.65638883
331,625,Bedminster Rd-CAZ-Lamppost by Van Sales,2023,12,"2021: 45.4, 2022: 44.7, 2023: 37.6, 2024: 32.9",,37.6,CAZ,Yes,-290301.792446708,6698077.05186257
332,624,Bedminster Rd-CAZ-Post opp Van Sales,2023,12,"2021: 49.7, 2022: 48.4, 2023: 37.6, 2024: 39.9",,37.6,CAZ,Yes,-290275.973763608,6698053.183866
333,623,Bedminster Rd-CAZ-Lamppost by school,2023,12,"2021: 30.6, 2022: 28.4, 2023: 25.6, 2024: 23.3",,25.6,CAZ,Yes,-289995.522979741,6698220.88132186
334,622,Bedminster Rd-CAZ-Lamppost opp school,2023,12,"2021: 33.7, 2022: 34.3, 2023: 29.7, 2024: 27.5",,29.7,CAZ,Yes,-289955.425769149,6698213.18559292
335,621,Gloucester Rd-CAZ-Lamppost by bus stop,2023,7,"2021: 24.9, 2022: 25.4, 2023: 26.5, 2024: 26",,26.5,CAZ,Yes,-288108.211684278,6706906.01899899
336,619,Cheltenham Rd-CAZ-Lamppost by Bite,2023,10,"2021: 34.7, 2022: 38.2, 2023: 35.2, 2024: 32.1",,35.2,CAZ,Yes,-288303.920158055,6703931.57551177
337,618,Cheltenham Rd-CAZ-Sign opp Tesco,2023,8,"2021: 33.8, 2022: 31.5, 2023: 30.8, 2024: 30.9",,30.8,CAZ,Yes,-288357.289277508,6703992.19763485
338,617,Houlton St-CAZ-30mph sign,2023,10,"2021: 28.4, 2022: 25.3, 2023: 22.4, 2024: 27.9",,22.4,CAZ,Yes,-287388.222434343,6703036.02554241
339,616,Newfoundland Way-CAZ-Road sign,2023,12,"2021: 44, 2022: 42.5, 2023: 33.5, 2024: 29.5",,33.5,CAZ,Yes,-287292.1407964,6703245.63631137
340,615,Newfoundland Way-CAZ-Lamppost by petrol station,2023,12,"2021: 53, 2022: 49.4, 2023: 38.4, 2024: 37.1",,38.4,CAZ,Yes,-287432.768119981,6703197.92745018
341,614,Temple Way-CAZ-Sign by Champ Square,2023,12,"2021: 28.4, 2022: 29.4, 2023: 24.7, 2024: 23.4",,24.7,CAZ,Yes,-287657.873014804,6702691.69863677
342,613,Newfoundland St-CAZ-Lamppost by crossing,2023,12,"2021: 40.6, 2022: 42, 2023: 33.3, 2024: 32",,33.3,CAZ,Yes,-287980.610006261,6702978.27168877
343,612,Newfoundland St-CAZ-Lamppost by layby,2023,12,"2021: 29.9, 2022: 30.9, 2023: 25.1, 2024: 23.6",,25.1,CAZ,Yes,-288156.888565388,6702981.67231166
344,611,Winterstoke Road-CAZ-Lamppost,2023,12,"2021: 19.5, 2022: 20.1, 2023: 16.5, 2024: 15.3",,16.5,CAZ,Yes,-290972.920613933,6698480.85801947
345,610,Wells Road-CAZ-Lamppost,2023,12,"2021: 32.3, 2022: 32.4, 2023: 25.6, 2024: 25.3",,25.6,CAZ,Yes,-286912.246697508,6699764.82633455
346,609,Bath Road-CAZ-Lamppost or sign,2023,12,"2021: 30.2, 2022: 30.4, 2023: 25.2, 2024: 24.9",,25.2,CAZ,Yes,-287283.012853419,6700674.05923594
347,608,Temple Gate-CAZ-Lamppost,2023,7,"2021: 39.4, 2022: 38.4, 2023: 31.9, 2024: 32",,31.9,CAZ,Yes,-287568.73913653,6700951.23571188
348,606,Victoria Street-CAZ-No entry sign,2023,11,"2021: 25.5, 2022: 25.7, 2023: 24.4, 2024: 21.8",,24.4,CAZ,Yes,-288278.539037084,6701769.49639164
349,605,Rupert St-CAZ-Post by Courtrooms,2023,6,"2021: 32.4, 2022: 30.2, 2023: 23.6, 2024: 29.1",,23.6,CAZ,Yes,-288934.452005463,6702445.24819481
350,604,Lewins Mead-CAZ-Post by PMT,2023,9,"2021: 43, 2022: 43.1, 2023: 39, 2024: 35.4",,39,CAZ,Yes,-288777.341558518,6702631.26286131
351,603,Lewins Mead-CAZ-Post by Evans Cycles,2023,12,"2021: 39.6, 2022: 41.9, 2023: 34.5, 2024: 35",,34.5,CAZ,Yes,-288857.160773866,6702595.27216901
352,710,Nags Head Hill,2024,,"2024: 18.6, 2024: ",,,,Yes,-281192.972470938,6702032.43167188
353,709,Air Balloon Hill Primary School,2024,,"2024: 11.2, 2024: ",,,,Yes,-281701.680936919,6702814.2638521
354,708,Whiteway Road junction with A420,2024,,"2024: 16.8, 2024: ",,,,Yes,-282269.546045028,6703345.08023419
355,602,Anchor Road-CAZ-Lamppost,2023,8,"2021: 38, 2022: 42.7, 2023: 33.9, 2024: 33.5",,33.9,CAZ,Yes,-289325.884318505,6701524.85918933
356,601,College Green-CAZ-Lamppost opp Denmark St,2023,12,"2021: 29.4, 2022: 30.8, 2023: 25.4, 2024: 27.5",,25.4,CAZ,Yes,-289177.424630136,6701786.28300547
357,600,Park St-CAZ-Lamppost by City Hall,2023,10,"2021: 23.9, 2022: 23.9, 2023: 22, 2024: 20.8",,22,CAZ,Yes,-289564.019228094,6701847.35983959
358,599,Park St-CAZ-Lamppost by bike stands,2023,9,"2021: 33.3, 2022: 31, 2023: 28.9, 2024: 28.5",,28.9,CAZ,Yes,-289867.086101649,6702270.52830158
359,598,Queens Road-CAZ-Lamppost by UoB,2023,9,"2021: 26.9, 2022: 26.8, 2023: 21.3, 2024: 22.3",,21.3,CAZ,Yes,-289986.417851309,6702364.31518982
360,597,Park Row-CAZ-Post by house,2023,12,"2021: 32.7, 2022: 33, 2023: 21.7, 2024: 20.8",,21.7,CAZ,No,-289437.752839152,6702275.67361725
361,596,Park Row-CAZ-Lamppost by museum,2023,9,"2021: 30, 2022: 31.2, 2023: 25.4, 2024: 22.9",,25.4,CAZ,Yes,-289392.843236105,6702269.61713787
362,595,Lower Park Row-CAZ-Post after OTR,2023,7,"2021: 32.2, 2022: 30.6, 2023: 23, 2024: 22.6",,23,CAZ,Yes,-289267.290490453,6702394.33612116
363,594,Lower Park Row-CAZ-Post by Art shop,2023,9,"2021: 34.1, 2022: 34.1, 2023: 26.6, 2024: 23.5",,26.6,CAZ,Yes,-289219.712773787,6702454.16156801
364,593,Upper Maudlin St-CAZ-Post by BRI,2023,5,"2021: 35.2, 2022: 36.3, 2023: 24.8, 2024: 23.8",,24.8,CAZ,Yes,-289109.082997795,6702641.40846616
365,592,Upper Maudlin St-CAZ-Crossing by BRI,2023,11,"2021: 39.6, 2022: 38.6, 2023: 28.8, 2024: 26.7",,28.8,CAZ,Yes,-289026.543035871,6702736.86174839
366,591,Marlborough St-CAZ-Post,2023,12,"2021: 34.9, 2022: 33.1, 2023: 25.1, 2024: 23.4",,25.1,CAZ,Yes,-288799.596980024,6703005.38363264
367,590,Marlborough St-CAZ-Post by bollards,2023,12,"2021: 42.3, 2022: 40.7, 2023: 31, 2024: 29.3",,31,CAZ,Yes,-288825.414081121,6703027.66426102
368,589,Marlborough St-CAZ-On sign leg,2023,12,"2021: 26.5, 2022: 27.2, 2023: 21.8, 2024: 20",,21.8,CAZ,Yes,-288729.503590925,6703055.75489532
369,588,Baldwin St-CAZ-Drainpipe on building,2023,11,"2021: 26.5, 2022: 31.5, 2023: 29.2, 2024: 28.3",,29.2,CAZ,Yes,-288896.146325807,6701870.49907366
370,587,Baldwin St-CAZ-Lamppost by Yelland House,2023,12,"2021: 26.5, 2022: 30.9, 2023: 28.5, 2024: 28.7",,28.5,CAZ,Yes,-288795.573750588,6701914.68724236
371,586,Park St-CAZ-Lamppost by Agora,2023,12,"2021: 38.6, 2022: 41.8, 2023: 32.6, 2024: 36.4",,32.6,CAZ,Yes,-289769.578448062,6702102.67013239
372,585,Park St-CAZ-Lamppost by Guild,2023,11,"2021: 30.5, 2022: 32.1, 2023: 24.7, 2024: 29.9",,24.7,CAZ,Yes,-289774.806693865,6702154.02892728
373,584,Rupert St-CAZ-Post outside Fusion Tower,2023,10,"2021: 33, 2022: 34.3, 2023: 30.8, 2024: 29.5",,30.8,CAZ,Yes,-288846.975548393,6702524.67373119
374,583,Rupert St-CAZ-Post outside police station,2023,9,"2021: 42.3, 2022: 37.9, 2023: 39.1, 2024: 36.6",,39.1,CAZ,Yes,-288692.403677584,6702628.74061907
375,582,Rupert St-CAZ-Post outside fire station,2023,8,"2021: 50, 2022: 43.7, 2023: 39.2, 2024: 45.4",,39.2,CAZ,Yes,-288655.464286701,6702617.79581964
376,581,Marlborough St-CAZ-Lamppost by coach station,2023,11,"2021: 40.8, 2022: 39.1, 2023: 30.4, 2024: 29",,30.4,CAZ,Yes,-288634.558951011,6703005.11864684
377,580,Marlborough St-CAZ-Lamppost opposite hosp,2023,8,"2021: 47.9, 2022: 41.8, 2023: 33.8, 2024: 29.4",,33.8,CAZ,Yes,-288880.696386277,6702929.21887671
378,579,Church Road-CAZ-Lamppost,2023,12,"2021: 35.4, 2022: 32.2, 2023: 27.2, 2024: 25.8",,27.2,CAZ,Yes,-283363.406391227,6703055.84193516
379,578,Church Road-CAZ-Outside Gurdwara,2023,11,"2021: 33, 2022: 31.1, 2023: 27.5, 2024: 25.1",,27.5,CAZ,Yes,-283853.344852891,6703007.1857158
380,577,High St lamp post outside Wards solicitors,2023,11,"2020: 30.5, 2021: 27.8, 2022: 31.1, 2023: 35.3, 2024: 35.2",,35.3,,Yes,-288583.613175002,6702052.94331383
381,576,"Baldwin Street lamp post by cycle way, opp St Stephens St",2023,12,"2020: 23.9, 2021: 26.8, 2022: 29.8, 2023: 27.9, 2024: 27.2",,27.9,,Yes,-288811.307352347,6701879.22135177
382,575,Baldwin Street traffic light outside domino's,2023,11,"2020: 30.9, 2021: 29.6, 2022: 31.5, 2023: 33, 2024: 34",,33,,Yes,-288982.808727793,6701889.06748671
383,574,"Whiteladies road, on loading sign next to Redland library",2023,11,"2020: 27.3, 2021: 28.9, 2022: 29.6, 2023: 25.8, 2024: 24.4",,25.8,,Yes,-290613.993813206,6704041.12007481
384,571,Muller road junction with Downend road traffic light to the south of the junction.,2023,11,"2019: 42.8, 2020: 31.3, 2021: 33.1, 2022: 32.3, 2023: 28.4, 2024: 28.8",,28.4,,Yes,-287164.493543001,6707575.77869199
385,570,Muller road junction with Downend road lampost north of the junction.,2023,10,"2019: 33.1, 2020: 28.4, 2021: 28.2, 2022: 29.6, 2023: 26.2, 2024: 26.4",,26.2,,Yes,-287166.452121254,6707620.76976991
386,569,Lampost on North corner of Draycott road junction with Muller road.,2023,11,"2019: 31.4, 2020: 22.8, 2021: 24.1, 2022: 24.1, 2023: 21.3, 2024: 21.4",,21.3,,No,-287150.416060161,6707214.2389884
387,568,Traffic light on the corner of Shaldon road,2023,9,"2019: 36.2, 2020: 29, 2021: 32.9, 2022: 32.2, 2023: 28.2, 2024: 28.4",,28.2,,Yes,-286627.518470074,6706564.22601791
388,567,Muller road/ Glenfrome road junction north,2023,10,"2019: 44, 2020: 41.3, 2021: 44.8, 2022: 43.2, 2023: 35.3, 2024: 34.4",,35.3,,Yes,-285740.541935235,6705873.67575955
389,565,A4018 Lamp post by layby before roundabout for Crow Ln/ Knole Ln,2023,11,"2019: 31.4, 2020: 24.5, 2021: 26.3, 2022: 24.4, 2023: 22.7, 2024: 22.8",,22.7,A4018,Yes,-291402.555570038,6711865.98879971
390,559,Except local buses sign Blackmoors Lane,2023,11,"2019: 29, 2020: 19.8, 2021: 24.5, 2022: 24.2, 2023: 20.4, 2024: 20",,20.4,2019,Yes,-292489.258406958,6699770.21822176
391,556,South Eastern stair access Plimsoll Bridge,2023,12,"2019: 37, 2020: 31.7, 2021: 35, 2022: 31.8, 2023: 23.9, 2024: 20.8",,23.9,2019,Yes,-291951.375708127,6700935.93457146
392,555,420 Hotwell Road A4,2023,12,"2019: 32, 2020: 26.5, 2021: 28, 2022: 28, 2023: 19.3, 2024: 17.8",,19.3,2019,No,-292192.346360895,6701393.22836191
393,550,Cathedral School,2023,9,"2018: 36.9, 2019: 35.1, 2020: 21.1, 2021: 29.1, 2022: 29.4, 2023: 24.7, 2024: 21.9",,24.7,Schools 2018,Yes,-289511.138807,6701454.27154767
394,545,Ashton park school,2023,12,"2018: 34.9, 2019: 28.6, 2020: 22, 2021: 24.3, 2022: 23.3, 2023: 17.2, 2024: 16.3",,17.2,Schools 2018,Yes,-292657.041091682,6699537.53576006
395,539,Dalby avenue church lane,2023,10,"2018: 43.3, 2019: 35.6, 2020: 27.4, 2021: 30.9, 2022: 23.8, 2023: 26.6, 2024: 22.2",,26.6,Schools 2018,No,-289101.117517916,6699495.11599353
396,538,Dalby avenue,2023,12,"2018: 33.7, 2019: 26.6, 2020: 20.4, 2021: 22.5, 2022: 21.3, 2023: 19.5",,19.5,Schools 2018,No,-288970.92841672,6699635.88454218
397,525,Summer hill a420,2023,12,"2018: 43.5, 2019: 35.3, 2020: 24.1, 2021: 28.5, 2022: 29.8, 2023: 24.8, 2024: 23.2",,24.8,Schools 2018,Yes,-282952.907378995,6703230.79423347
398,512,Montpelier High School,2023,11,"2018: 47.6, 2019: 40.6, 2020: 30.7, 2021: 36.1, 2022: 36.2, 2023: 37.3, 2024: 36.6",,37.3,Schools 2018,Yes,-288456.602514821,6704385.03888425
399,497,20 Ashley Road,2023,12,"2014: 49.3, 2015: 41.8, 2016: 43.2, 2017: 42.4, 2018: 38, 2019: 29.1, 2020: 24.6, 2021: 27.1, 2022: 24.7, 2023: 24.8, 2024: 22.5",,24.8,Post DA Facades,Yes,-288064.948651647,6703906.18922384
400,496,385 Church Road Redfield,2023,11,"2014: 42, 2015: 39.3, 2016: 41.1, 2017: 41.1, 2018: 39.2, 2019: 33, 2020: 25, 2021: 25.9, 2022: 26.7, 2023: 22.9, 2024: 20.2",,22.9,Post Stage Four,Yes,-283206.866231794,6703121.26962694
401,707,Rodney Road junction with Whiteway Road,2024,,"2024: 13.5, 2024: ",,,,Yes,-281405.887936288,6704014.90023284
402,706,Speedwell Road_near Wackum Inn,2024,,"2024: 15.7, 2024: ",,,,Yes,-282968.937515838,6704099.85026149
403,607,Counterslip-CAZ-Drainpipe on building,2023,12,"2021: 27.8, 2022: 28.4, 2023: 23.3, 2024: 21.4",,23.3,CAZ,Yes,-288184.320609915,6701807.20015473
404,704,Bedminster Down Rd junction with Winterstoke Close_CAZ,2024,,"2024: 25.9, 2024: ",,,CAZ,Yes,-290492.561344328,6698295.42160649
405,703,Sussex Place_No loading signpost,2024,,"2024: 26.9, 2024: ",,,LAQM,Yes,-287169.117672068,6704305.38435264
406,702,Lamb Street_CAZ signpost by George Jones Park,2024,,"2024: 19.6, 2024: ",,,LAQM,Yes,-287150.024055629,6702698.95738313
407,701,Blackboy Hill_Traffic light on pedestrian crossing,2024,,"2024: 22.7, 2024: ",,,LAQM,Yes,-290987.98429075,6704688.71744112
408,673,Marlborough Street - co - located,2023,35,"2021: 36.1, 2022: 33.5, 2023: 26.1, 2024: 24.2",,26.1,CAZ,Yes,-288922.248556989,6702916.02845388
409,561,Lamppost opposite BRI CAZ,2023,19,"2019: 47, 2020: 33.8, 2021: 36.7, 2022: 34.8, 2023: 24.7, 2024: 25.7",,24.7,CAZ,Yes,-288985.174522769,6702772.54100723
410,4,Three Lamps,2022,12,"2010: 62.3, 2011: 59.8, 2012: 58.4, 2013: 60.6, 2014: 55.8, 2015: 53.3, 2016: 55.2, 2017: 52.7, 2018: 53.5, 2019: 41, 2020: 36.8, 2021: 38.9, 2022: 38.4, 2023: 29.3, 2024: 30.7",,38.4,Roadside (DT),Yes,-287018.565739922,6700248.9656145
411,11,Whitefriars,2022,12,"2010: 60.8, 2011: 56.1, 2012: 53.2, 2013: 56.3, 2014: 48.8, 2015: 51.4, 2016: 51.7, 2017: 49.2, 2018: 48.1, 2019: 41.1, 2020: 31.1, 2021: 35, 2022: 35.3, 2023: 29.6, 2024: 29.4",,35.3,Roadside (DT),Yes,-288783.750004099,6702631.21072234
412,14,Red Lion Knowle,2022,12,"2010: 47.9, 2011: 44.1, 2012: 43.2, 2013: 42.2, 2014: 40.4, 2015: 40.1, 2016: 42.3, 2017: 41.1, 2018: 47.6, 2019: 38.7, 2020: 32.4, 2021: 32.7, 2022: 30.3, 2023: 27, 2024: 25.8",,30.3,Roadside (DT),Yes,-285439.186904326,6697740.37180987
413,125,York Road,2022,10,"2010: 72.8, 2011: 66.5, 2012: 63, 2013: 59.6, 2014: 53.3, 2015: 52.9, 2016: 52.9, 2017: 56, 2018: 50.3, 2019: 45.2, 2020: 35.6, 2021: 35.8, 2022: 33.6, 2023: 24.3, 2024: 19.7",,33.6,redcliffe way templegate (DT),Yes,-288122.962480237,6700347.74496852
414,295,Lamppost   16 Ashley Road St. Pauls,2022,12,"2010: 58.8, 2011: 60.7, 2012: 57.8, 2013: 57.2, 2014: 58.6, 2015: 63.3, 2016: 55.7, 2017: 65.1, 2018: 59.6, 2019: 48.1, 2020: 37.2, 2021: 44.5, 2022: 41, 2023: 34, 2024: 34.8",,41,Post Stage Four,Yes,-287033.740015952,6704208.4476767
415,371,Lamb Street façade,2022,12,"2010: 57.9, 2011: 47.5, 2012: 47.5, 2013: 46.9, 2014: 42.8, 2015: 44.8, 2016: 42.7, 2017: 44.7, 2018: 42.2, 2019: 34.1, 2020: 25.8, 2021: 29.4, 2022: 29, 2023: 25.5",,29,BROADMEAD,No,-287182.028571119,6702693.88408449
416,487,Junction 3 Millpond Street,2022,9,"2013: 55.6, 2014: 47.4, 2015: 46.2, 2016: 45.7, 2017: 44.5, 2018: 41.9, 2019: 35.1, 2020: 27.7, 2021: 29.6, 2022: 36.8, 2023: 27.8, 2024: 24.1",,36.8,JCT3,Yes,-286505.090102087,6704231.89916475
417,492,On 1 way sign at bottom of Wellington Hill,2022,12,"2015: 37.6, 2016: 40.3, 2017: 36.8, 2018: 34.8, 2019: 31.3, 2020: 25.2, 2021: 26.4, 2022: 27.5, 2023: 25.6, 2024: 23.7",,27.5,Horfield Roadside,Yes,-287813.3061196,6707917.80129038
418,493,No 67 Filton Avenue on wall facing Muller Rd,2022,12,"2015: 36.2, 2016: 41.5, 2017: 41.9, 2018: 41.8, 2019: 37, 2020: 29.5, 2021: 31.8, 2022: 31.2, 2023: 27.4, 2024: 25.8",,31.2,Horfield Roadside,Yes,-287443.0455096,6708131.34018296
419,497,20 Ashley Road,2022,12,"2014: 49.3, 2015: 41.8, 2016: 43.2, 2017: 42.4, 2018: 38, 2019: 29.1, 2020: 24.6, 2021: 27.1, 2022: 24.7, 2023: 24.8, 2024: 22.5",,24.7,Post DA Facades,Yes,-288064.948651647,6703906.18922384
420,538,Dalby avenue,2022,5,"2018: 33.7, 2019: 26.6, 2020: 20.4, 2021: 22.5, 2022: 21.3, 2023: 19.5",,21.3,Schools 2018,No,-288970.92841672,6699635.88454218
421,570,Muller road junction with Downend road lampost north of the junction.,2022,12,"2019: 33.1, 2020: 28.4, 2021: 28.2, 2022: 29.6, 2023: 26.2, 2024: 26.4",,29.6,,Yes,-287166.452121254,6707620.76976991
422,582,Rupert St-CAZ-Post outside fire station,2022,9,"2021: 50, 2022: 43.7, 2023: 39.2, 2024: 45.4",,43.7,CAZ,Yes,-288655.464286701,6702617.79581964
423,584,Rupert St-CAZ-Post outside Fusion Tower,2022,11,"2021: 33, 2022: 34.3, 2023: 30.8, 2024: 29.5",,34.3,CAZ,Yes,-288846.975548393,6702524.67373119
424,595,Lower Park Row-CAZ-Post after OTR,2022,6,"2021: 32.2, 2022: 30.6, 2023: 23, 2024: 22.6",,30.6,CAZ,Yes,-289267.290490453,6702394.33612116
425,601,College Green-CAZ-Lamppost opp Denmark St,2022,12,"2021: 29.4, 2022: 30.8, 2023: 25.4, 2024: 27.5",,30.8,CAZ,Yes,-289177.424630136,6701786.28300547
426,603,Lewins Mead-CAZ-Post by Evans Cycles,2022,11,"2021: 39.6, 2022: 41.9, 2023: 34.5, 2024: 35",,41.9,CAZ,Yes,-288857.160773866,6702595.27216901
427,612,Newfoundland St-CAZ-Lamppost by layby,2022,12,"2021: 29.9, 2022: 30.9, 2023: 25.1, 2024: 23.6",,30.9,CAZ,Yes,-288156.888565388,6702981.67231166
428,621,Gloucester Rd-CAZ-Lamppost by bus stop,2022,9,"2021: 24.9, 2022: 25.4, 2023: 26.5, 2024: 26",,25.4,CAZ,Yes,-288108.211684278,6706906.01899899
429,624,Bedminster Rd-CAZ-Post opp Van Sales,2022,9,"2021: 49.7, 2022: 48.4, 2023: 37.6, 2024: 39.9",,48.4,CAZ,Yes,-290275.973763608,6698053.183866
430,632,West St-CAZ-Lamppost by Argus Rd,2022,11,"2021: 23.4, 2022: 24.6, 2023: 22.6, 2024: 22.1",,24.6,CAZ,No,-289939.167510014,6698961.53897052
431,635,York Rd-CAZ-Sign after bridge,2022,12,"2021: 25.3, 2022: 23.8, 2023: 19.9, 2024: 16.5",,23.8,CAZ,No,-288296.522831912,6700418.6139399
432,639,Victoria St-CAZ-Lamppost opp Mitchell Lane,2022,12,"2021: 27, 2022: 29.5, 2023: 29.6, 2024: 25.8",,29.5,CAZ,Yes,-287965.592135745,6701500.56680266
433,662,Linden Rd-CAZ-Lamppost by house,2022,12,"2021: 21.2, 2022: 20.7, 2023: 19.1, 2024: 16.5",,20.7,CAZ,No,-290329.426128408,6706444.23460636
434,666,Upper Maudlin St-CAZ-Lamppost by BRI,2022,12,"2021: 32.8, 2022: 31.3, 2023: 25.4, 2024: 22.4",,31.3,CAZ,No,-289052.399063411,6702763.95991414
435,674,Troopers Hill Opposite No 30,2022,9,"2022: 15.2, 2023: 14.2, 2024: 13.4",,15.2,Liveable Neighbourhoods,Yes,-281822.639363867,6702480.85755695
436,675,Netham Lock Junction,2022,10,"2022: 26.4, 2023: 23.7, 2024: 23",,26.4,Liveable Neighbourhoods,Yes,-284287.167897175,6701680.2747792
437,678,Victoria Avenue Opposite No 90,2022,8,"2022: 17.7, 2023: 15.6, 2024: 14",,17.7,Liveable Neighbourhoods,Yes,-284832.201991231,6702567.62418967
438,682,Church Road Miss Millies,2022,12,"2022: 26.7, 2023: 22.9, 2024: 23.5",,26.7,Liveable Neighbourhoods,Yes,-284706.1926995,6702852.92401362
439,659,Muller Rd-CAZ-Lamppost,2022,12,"2021: 26.5, 2022: 25.1, 2023: 22.3, 2024: 23.8",,25.1,CAZ,No,-287288.426526314,6708042.55315808
440,651,Church Rd-CAZ-Post by Barwaaqo Cafe,2022,9,"2021: 35.2, 2022: 33.9, 2023: 26.6, 2024: 28.6",,33.9,CAZ,Yes,-285379.667685059,6702712.81340885
441,630,Bedminster Down Rd-CAZ-Lamppost by billboard,2022,10,"2021: 30.3, 2022: 35.5, 2023: 26.7, 2024: 24.3",,35.5,CAZ,Yes,-290795.175714285,6697905.95953687
442,626,Bedminster Rd-CAZ-Post,2022,11,"2021: 43, 2022: 43.3, 2023: 38.7, 2024: 33.4",,43.3,CAZ,Yes,-290581.364603998,6697997.65638883
443,599,Park St-CAZ-Lamppost by bike stands,2022,9,"2021: 33.3, 2022: 31, 2023: 28.9, 2024: 28.5",,31,CAZ,Yes,-289867.086101649,6702270.52830158
444,597,Park Row-CAZ-Post by house,2022,8,"2021: 32.7, 2022: 33, 2023: 21.7, 2024: 20.8",,33,CAZ,No,-289437.752839152,6702275.67361725
445,592,Upper Maudlin St-CAZ-Crossing by BRI,2022,12,"2021: 39.6, 2022: 38.6, 2023: 28.8, 2024: 26.7",,38.6,CAZ,Yes,-289026.543035871,6702736.86174839
446,591,Marlborough St-CAZ-Post,2022,12,"2021: 34.9, 2022: 33.1, 2023: 25.1, 2024: 23.4",,33.1,CAZ,Yes,-288799.596980024,6703005.38363264
447,587,Baldwin St-CAZ-Lamppost by Yelland House,2022,11,"2021: 26.5, 2022: 30.9, 2023: 28.5, 2024: 28.7",,30.9,CAZ,Yes,-288795.573750588,6701914.68724236
448,539,Dalby avenue church lane,2022,12,"2018: 43.3, 2019: 35.6, 2020: 27.4, 2021: 30.9, 2022: 23.8, 2023: 26.6, 2024: 22.2",,23.8,Schools 2018,No,-289101.117517916,6699495.11599353
449,464,Fishponds Road,2022,36,"2010: 42.2, 2011: 39.2, 2012: 38, 2013: 35.7, 2014: 36, 2015: 34.9, 2016: 36.9, 2017: 36.8, 2018: 34.4, 2019: 29.7, 2020: 24.2, 2021: 23.7, 2022: 24, 2023: 20.8, 2024: 20.8",,24,QAQC,Yes,-282218.963762018,6706297.20472537
450,418,Bedminster Down Rd lamppost between Ashton Motors & Plough PH,2022,12,"2010: 92.9, 2011: 90.5, 2012: 81.8, 2013: 74, 2014: 67.7, 2015: 63.7, 2016: 69.3, 2017: 58.4, 2018: 55.7, 2019: 51.1, 2020: 40.2, 2021: 45.9, 2022: 44.1, 2023: 32.8, 2024: 31.7",,44.1,Post DA Facades,Yes,-290471.62510202,6698281.14621008
451,413,Wells Rd bus lane sign just below junction with Knowle Rd,2022,12,"2010: 52.2, 2011: 47.1, 2012: 41.4, 2013: 43.7, 2014: 38.4, 2015: 39.3, 2016: 40, 2017: 38.7, 2018: 37.6, 2019: 31.2, 2020: 25.5, 2021: 27.4, 2022: 27.2, 2023: 23.5, 2024: 22.5",,27.2,Post DA Facades,Yes,-286790.024426925,6699701.55784787
452,374,St. Paul Street,2022,12,"2010: 56.2, 2011: 56.2, 2012: 46.8, 2013: 50.7, 2014: 51.8, 2015: 47.1, 2016: 47.2, 2017: 45.2, 2018: 47.8, 2019: 39.9, 2020: 29.9, 2021: 35, 2022: 33.7, 2023: 27.1, 2024: 25.1",,33.7,BROADMEAD,Yes,-287671.912995715,6703046.61290049
453,325,Facade   258 Fishponds Road Fishponds,2022,12,"2010: 51.8, 2011: 53, 2012: 49.8, 2013: 45.8, 2014: 49.7, 2015: 50.8, 2016: 50.5, 2017: 49.2, 2018: 48.1, 2019: 39.4, 2020: 34.1, 2021: 37.3, 2022: 32.6, 2023: 29.4, 2024: 27.6",,32.6,Post Stage Four,Yes,-284232.620635064,6705496.34843142
454,261,Stapleton Road Heath Street,2022,10,"2010: 55.8, 2011: 48.2, 2012: 53, 2013: 55.8, 2014: 50.6, 2015: 51.3, 2016: 53.1, 2017: 52.4, 2018: 51, 2019: 41.5, 2020: 34.7, 2021: 39.1, 2022: 39.3, 2023: 32, 2024: 33",,39.3,Roadside Stage 4 (DT),Yes,-285135.992821959,6705418.74590538
455,159,Cromwell Road,2022,12,"2010: 53.6, 2011: 48.9, 2012: 49.7, 2013: 49, 2014: 44.5, 2015: 44.1, 2016: 44.8, 2017: 42, 2018: 43.3, 2019: 35.8, 2020: 28.5, 2021: 31.9, 2022: 32.1, 2023: 28.9, 2024: 28.2",,32.1,gloucester road showcase route (DT),Yes,-288675.219320107,6704666.05891095
456,156,Jacobs Wells road opp Clifton hill,2022,12,"2010: 56.1, 2011: 49.1, 2012: 45.8, 2013: 44.2, 2014: 38, 2015: 38.9, 2016: 41.2, 2017: 39.3, 2018: 36.2, 2019: 30.5, 2020: 20.7, 2021: 24.9, 2022: 25.9, 2023: 19.1, 2024: 17.7",,25.9,harbourside (DT),Yes,-290548.152178807,6702096.20398506
457,3,Blackboy Hill,2022,12,"2010: 46, 2011: 36.6, 2012: 37.7, 2013: 41.2, 2014: 36.3, 2015: 37.9, 2016: 37.6, 2017: 34.4, 2018: 34.4, 2019: 27.7, 2020: 28.7, 2021: 44.4, 2022: 38.8, 2023: 47.7, 2024: 29",,38.8,Roadside (DT),Yes,-290988.19933068,6704714.42467723
458,617,Houlton St-CAZ-30mph sign,2022,11,"2021: 28.4, 2022: 25.3, 2023: 22.4, 2024: 27.9",,25.3,CAZ,Yes,-287388.222434343,6703036.02554241
459,611,Winterstoke Road-CAZ-Lamppost,2022,12,"2021: 19.5, 2022: 20.1, 2023: 16.5, 2024: 15.3",,20.1,CAZ,Yes,-290972.920613933,6698480.85801947
460,610,Wells Road-CAZ-Lamppost,2022,12,"2021: 32.3, 2022: 32.4, 2023: 25.6, 2024: 25.3",,32.4,CAZ,Yes,-286912.246697508,6699764.82633455
461,590,Marlborough St-CAZ-Post by bollards,2022,12,"2021: 42.3, 2022: 40.7, 2023: 31, 2024: 29.3",,40.7,CAZ,Yes,-288825.414081121,6703027.66426102
462,565,A4018 Lamp post by layby before roundabout for Crow Ln/ Knole Ln,2022,12,"2019: 31.4, 2020: 24.5, 2021: 26.3, 2022: 24.4, 2023: 22.7, 2024: 22.8",,24.4,A4018,Yes,-291402.555570038,6711865.98879971
463,556,South Eastern stair access Plimsoll Bridge,2022,12,"2019: 37, 2020: 31.7, 2021: 35, 2022: 31.8, 2023: 23.9, 2024: 20.8",,31.8,2019,Yes,-291951.375708127,6700935.93457146
464,436,Shiners Garage,2022,12,"2010: 44.7, 2011: 40.9, 2012: 39.6, 2013: 40.1, 2014: 38.2, 2015: 37.9, 2016: 47.7, 2017: 45.8, 2018: 50.6, 2019: 42, 2020: 29.2, 2021: 31.2, 2022: 30.6, 2023: 24.4, 2024: 26.2",,30.6,Roadside,Yes,-285259.212047081,6702675.18810556
465,407,lamppost sussex place,2022,12,"2010: 53.9, 2011: 56.5, 2012: 47.3, 2013: 47.1, 2014: 43.9, 2015: 43.1, 2016: 48.7, 2017: 44.6, 2018: 46.7, 2019: 37.3, 2020: 26.7, 2021: 30.2, 2022: 29.5, 2023: 24.8",,29.5,Post DA Facades,No,-287169.041541866,6704295.74454928
466,363,5102 façade,2022,11,"2010: 44.9, 2011: 47.4, 2012: 48, 2013: 44.3, 2014: 39.8, 2015: 39.2, 2016: 39.6, 2017: 38.5, 2018: 37.2, 2019: 34, 2020: 23.5, 2021: 26.8, 2022: 28, 2023: 23.8, 2024: 23.9",,28,BROADMEAD,Yes,-288367.49785816,6703069.93538865
467,320,Monitor     Bath Road Brislington,2022,36,"2010: 34.3, 2011: 33.1, 2012: 31.5, 2013: 31.1, 2014: 30.9, 2015: 31.3, 2016: 31.1, 2017: 30.7, 2018: 27.9, 2019: 23.5, 2020: 19.3, 2021: 20.8, 2022: 20.6, 2023: 17.7, 2024: 17",,20.6,QAQC,Yes,-284969.788762769,6699810.45977789
468,300,Facade Haart Estate Agents 755 Fishponds Road Fishponds,2022,12,"2010: 47, 2011: 52.8, 2012: 49.9, 2013: 48.5, 2014: 42.4, 2015: 45.9, 2016: 48.1, 2017: 45.9, 2018: 41.1, 2019: 35.1, 2020: 28.9, 2021: 28.7, 2022: 27.5, 2023: 21.2, 2024: 26.4",,27.5,Post Stage Four,Yes,-281520.287175529,6706769.98297697
469,175,top of Brislington Hill,2022,12,"2010: 57.9, 2011: 56.3, 2012: 54.7, 2013: 55.3, 2014: 51.7, 2015: 52.9, 2016: 56.5, 2017: 54, 2018: 54.9, 2019: 44.6, 2020: 36.4, 2021: 41.4, 2022: 38.7, 2023: 30.4, 2024: 30.3",,38.7,bath road showcase route (DT),Yes,-283408.629887594,6698149.144355
470,155,Jacobs Wells Road South,2022,11,"2010: 47.4, 2011: 52.4, 2012: 46.9, 2013: 48.5, 2014: 38.8, 2015: 39.9, 2016: 43.1, 2017: 37.9, 2018: 40.1, 2019: 31.1, 2020: 22.9, 2021: 25.5, 2022: 24.2, 2023: 17.5, 2024: 15.2",,24.2,harbourside (DT),Yes,-290337.435875919,6701608.05267219
471,15,Horsefair,2022,11,"2010: 54.7, 2011: 50.9, 2012: 49.5, 2013: 53.6, 2014: 48.6, 2015: 50.8, 2016: 51.2, 2017: 49.4, 2018: 47.5, 2019: 42.2, 2020: 28.2, 2021: 31.5, 2022: 31.3, 2023: 26.4, 2024: 25.9",,31.3,Roadside (DT),Yes,-288014.971267504,6702867.14929257
472,5,Bedminster Parade,2022,12,"2010: 66.6, 2011: 57.2, 2012: 54.6, 2013: 58.7, 2014: 47.6, 2015: 50.9, 2016: 51.3, 2017: 45.8, 2018: 45.8, 2019: 39.9, 2020: 31.6, 2021: 41, 2022: 37.9, 2023: 33.5, 2024: 34.9",,37.9,Roadside (DT),Yes,-288906.606435902,6699999.33324423
473,683,Victoria Parade Opposite No 39,2022,10,"2022: 18.6, 2023: 17.2, 2024: 13.5",,18.6,Liveable Neighbourhoods,Yes,-284560.704536839,6703106.25011053
474,673,Marlborough Street - co - located,2022,36,"2021: 36.1, 2022: 33.5, 2023: 26.1, 2024: 24.2",,33.5,CAZ,Yes,-288922.248556989,6702916.02845388
475,667,College Green-CAZ-Post by Toni&Guy,2022,10,"2021: 43.6, 2022: 45.3, 2023: 42, 2024: 41",,45.3,CAZ,Yes,-289228.490562742,6701761.77128086
476,658,Fishponds Rd-CAZ-Lamppost,2022,12,"2021: 23.6, 2022: 24.1, 2023: 22.9, 2024: 20.2",,24.1,CAZ,No,-281583.477092954,6706640.94873466
477,655,Muller Rd-CAZ-Lamppost opp LA DT,2022,12,"2021: 29.2, 2022: 28.6, 2023: 26.9, 2024: 26.6",,28.6,CAZ,Yes,-284733.879150594,6705653.23243449
478,654,Mina Rd-CAZ-Lamppost by house,2022,12,"2021: 22.9, 2022: 24, 2023: 20, 2024: 18.9",,24,CAZ,Yes,-286563.732877027,6704353.54987343
479,652,Whitehall Rd-CAZ-Lamppost by house,2022,11,"2021: 41.5, 2022: 37, 2023: 33.3, 2024: 30.4",,37,CAZ,Yes,-285094.837359283,6703389.73226116
480,642,Ashley Road-CAZ-Lamppost opp Drumd Rd,2022,12,"2021: 28.9, 2022: 24.6, 2023: 24.9, 2024: 22.7",,24.6,CAZ,No,-288052.425548955,6703943.24322785
481,636,Bath Rd-CAZ-Lamppost by Bus Lane,2022,12,"2021: 26.2, 2022: 25.5, 2023: 22.1, 2024: 21",,25.5,CAZ,No,-286959.15307169,6700230.16452906
482,631,Bedminster Down Rd-CAZ-Roadsign by Winterstoke,2022,11,"2021: 24.8, 2022: 25.9, 2023: 22.6",,25.9,CAZ,No,-290484.674971752,6698309.93748458
483,619,Cheltenham Rd-CAZ-Lamppost by Bite,2022,11,"2021: 34.7, 2022: 38.2, 2023: 35.2, 2024: 32.1",,38.2,CAZ,Yes,-288303.920158055,6703931.57551177
484,677,Beaufort Road Opposite No 109,2022,10,"2022: 21.4, 2023: 17.6, 2024: 15.2",,21.4,Liveable Neighbourhoods,Yes,-283509.659537915,6702685.26391766
485,665,Upper Maudlin St-CAZ-Lamppost opp BRI,2022,12,"2021: 37.6, 2022: 37.1, 2023: 31.6, 2024: 23.5",,37.1,CAZ,Yes,-289005.663145548,6702730.60651535
486,661,Linden Rd-CAZ-Lamppost by house,2022,12,"2021: 23.3, 2022: 22, 2023: 20.2, 2024: 18.3",,22,CAZ,Yes,-290081.352645409,6706296.83285128
487,657,Fishponds Rd-CAZ-Lamppost,2022,12,"2021: 29.2, 2022: 33.5, 2023: 24.9, 2024: 23.9",,33.5,CAZ,Yes,-284218.487148451,6705535.02282359
488,629,Lower Ashley Rd-CAZ-Lamppost opp London Rd,2022,11,"2021: 38.9, 2022: 34.8, 2023: 34.6, 2024: 26.7",,34.8,CAZ,Yes,-286964.823086945,6704207.38663853
489,623,Bedminster Rd-CAZ-Lamppost by school,2022,11,"2021: 30.6, 2022: 28.4, 2023: 25.6, 2024: 23.3",,28.4,CAZ,Yes,-289995.522979741,6698220.88132186
490,618,Cheltenham Rd-CAZ-Sign opp Tesco,2022,12,"2021: 33.8, 2022: 31.5, 2023: 30.8, 2024: 30.9",,31.5,CAZ,Yes,-288357.289277508,6703992.19763485
491,596,Park Row-CAZ-Lamppost by museum,2022,11,"2021: 30, 2022: 31.2, 2023: 25.4, 2024: 22.9",,31.2,CAZ,Yes,-289392.843236105,6702269.61713787
492,594,Lower Park Row-CAZ-Post by Art shop,2022,12,"2021: 34.1, 2022: 34.1, 2023: 26.6, 2024: 23.5",,34.1,CAZ,Yes,-289219.712773787,6702454.16156801
493,583,Rupert St-CAZ-Post outside police station,2022,8,"2021: 42.3, 2022: 37.9, 2023: 39.1, 2024: 36.6",,37.9,CAZ,Yes,-288692.403677584,6702628.74061907
494,581,Marlborough St-CAZ-Lamppost by coach station,2022,11,"2021: 40.8, 2022: 39.1, 2023: 30.4, 2024: 29",,39.1,CAZ,Yes,-288634.558951011,6703005.11864684
495,569,Lampost on North corner of Draycott road junction with Muller road.,2022,12,"2019: 31.4, 2020: 22.8, 2021: 24.1, 2022: 24.1, 2023: 21.3, 2024: 21.4",,24.1,,No,-287150.416060161,6707214.2389884
496,561,Lamppost opposite BRI CAZ,2022,24,"2019: 47, 2020: 33.8, 2021: 36.7, 2022: 34.8, 2023: 24.7, 2024: 25.7",,34.8,CAZ,Yes,-288985.174522769,6702772.54100723
497,555,420 Hotwell Road A4,2022,12,"2019: 32, 2020: 26.5, 2021: 28, 2022: 28, 2023: 19.3, 2024: 17.8",,28,2019,No,-292192.346360895,6701393.22836191
498,10,Bath Road,2022,12,"2010: 68.2, 2011: 62.3, 2012: 58.4, 2013: 61.5, 2014: 50.1, 2015: 49.3, 2016: 54.5, 2017: 51.6, 2018: 51.5, 2019: 42.2, 2020: 33.6, 2021: 36.8, 2022: 35.9, 2023: 30.7, 2024: 30.3",,35.9,Roadside (DT),Yes,-284908.842563162,6699589.32161916
499,12,Galleries,2022,11,"2010: 58.2, 2011: 55.2, 2012: 50.8, 2013: 56.7, 2014: 51.3, 2015: 52.5, 2016: 52.8, 2017: 56.6, 2018: 57.5, 2019: 51.8, 2020: 41.9, 2021: 46.5, 2022: 50.2, 2023: 60.2, 2024: 35.3",,50.2,Roadside (DT),Yes,-288254.965440197,6702425.05893974
500,147,Anchor Road,2022,12,"2010: 65.6, 2011: 66.4, 2012: 60.6, 2013: 60.2, 2014: 57, 2015: 60.1, 2016: 56.9, 2017: 61.5, 2018: 56.6, 2019: 50.9, 2020: 39.4, 2021: 43.3, 2022: 45.5, 2023: 39.5, 2024: 36.3",,45.5,harbourside (DT),Yes,-289254.257300207,6701581.66334233
501,161,Bishop Road,2022,12,"2010: 52.9, 2011: 47.4, 2012: 41.6, 2013: 41.8, 2014: 41.3, 2015: 43.7, 2016: 41.7, 2017: 38.8, 2018: 38, 2019: 31.7, 2020: 25.3, 2021: 27.4, 2022: 26, 2023: 25.6, 2024: 26.5",,26,gloucester road showcase route (DT),Yes,-288271.484099739,6706477.18610887
502,242,Parson Street Bedminster Down Road,2022,11,"2010: 80.3, 2011: 75.5, 2012: 73.9, 2013: 75.1, 2014: 56.2, 2015: 61.7, 2016: 68.4, 2017: 56, 2018: 51.1, 2019: 41, 2020: 32.2, 2021: 34.5, 2022: 36.6, 2023: 29.8, 2024: 28",,36.6,Roadside Stage 4 (DT),Yes,-290831.882346175,6697891.20245718
503,417,St John's Lane No 26 lamppost 15 (just past roundabout),2022,12,"2010: 51.3, 2011: 45.6, 2012: 44.1, 2013: 42.1, 2014: 40.8, 2015: 43.6, 2016: 43.4, 2017: 35.2, 2018: 36, 2019: 31, 2020: 26.3, 2021: 27.9, 2022: 27, 2023: 22.7, 2024: 20.9",,27,Post DA Facades,Yes,-287442.243890537,6699543.83315549
504,472,Jamiesons Autos,2022,11,"2010: 52.4, 2011: 47.4, 2012: 46.5, 2013: 48.2, 2014: 45.2, 2015: 40, 2016: 45.3, 2017: 41.6, 2018: 37.3, 2019: 33.7, 2020: 26.2, 2021: 28.7, 2022: 29, 2023: 25.8, 2024: 25.7",,29,USA 2009,Yes,-289697.065688815,6699318.40485888
505,496,385 Church Road Redfield,2022,12,"2014: 42, 2015: 39.3, 2016: 41.1, 2017: 41.1, 2018: 39.2, 2019: 33, 2020: 25, 2021: 25.9, 2022: 26.7, 2023: 22.9, 2024: 20.2",,26.7,Post Stage Four,Yes,-283206.866231794,6703121.26962694
506,512,Colston girls,2022,12,"2018: 47.6, 2019: 40.6, 2020: 30.7, 2021: 36.1, 2022: 36.2, 2023: 37.3, 2024: 36.6",,36.2,Schools 2018,Yes,-288456.602514821,6704385.03888425
507,567,Muller road/ Glenfrome road junction north,2022,12,"2019: 44, 2020: 41.3, 2021: 44.8, 2022: 43.2, 2023: 35.3, 2024: 34.4",,43.2,,Yes,-285740.541935235,6705873.67575955
508,600,Park St-CAZ-Lamppost by City Hall,2022,12,"2021: 23.9, 2022: 23.9, 2023: 22, 2024: 20.8",,23.9,CAZ,Yes,-289564.019228094,6701847.35983959
509,602,Anchor Road-CAZ-Lamppost,2022,9,"2021: 38, 2022: 42.7, 2023: 33.9, 2024: 33.5",,42.7,CAZ,Yes,-289325.884318505,6701524.85918933
510,613,Newfoundland St-CAZ-Lamppost by crossing,2022,12,"2021: 40.6, 2022: 42, 2023: 33.3, 2024: 32",,42,CAZ,Yes,-287980.610006261,6702978.27168877
511,614,Temple Way-CAZ-Sign by Champ Square,2022,11,"2021: 28.4, 2022: 29.4, 2023: 24.7, 2024: 23.4",,29.4,CAZ,Yes,-287657.873014804,6702691.69863677
512,615,Newfoundland Way-CAZ-Lamppost by petrol station,2022,10,"2021: 53, 2022: 49.4, 2023: 38.4, 2024: 37.1",,49.4,CAZ,Yes,-287432.768119981,6703197.92745018
513,616,Newfoundland Way-CAZ-Road sign,2022,10,"2021: 44, 2022: 42.5, 2023: 33.5, 2024: 29.5",,42.5,CAZ,Yes,-287292.1407964,6703245.63631137
514,628,Lower Ashley Rd-CAZ-Lamppost by Geo Jones,2022,12,"2021: 35.9, 2022: 33.2, 2023: 29.5, 2024: 28.6",,33.2,CAZ,Yes,-287056.42728548,6704240.40230617
515,637,Bath Rd-CAZ-Lamppost by Kings Road,2022,11,"2021: 21.7, 2022: 24.2, 2023: 17.1, 2024: 16.9",,24.2,CAZ,No,-284925.98213891,6699526.56389169
516,640,Lamb Street-CAZ-One way sign by Church,2022,12,"2021: 28.1, 2022: 27.1, 2023: 23.6, 2024: 22.3",,27.1,CAZ,No,-287214.987817026,6702606.87609025
517,644,Ashley Down Rd-CAZ-Lamppost,2022,11,"2021: 31.8, 2022: 31.7, 2023: 28.2, 2024: 25.1",,31.7,CAZ,Yes,-287423.539960366,6705469.93319363
518,645,Gloucester Rd-CAZ-Lamppost opp Baths,2022,11,"2021: 30.3, 2022: 28.9, 2023: 28.3, 2024: 27.3",,28.9,CAZ,Yes,-288456.08851493,6705713.93430328
519,646,Cheltenham Rd-CAZ-Post by Papa Johns,2022,12,"2021: 31.7, 2022: 31.7, 2023: 31.9, 2024: 30.3",,31.7,CAZ,Yes,-288436.842596843,6704319.32229724
520,648,Wells Rd-CAZ-Lamppost by Red Lion Carpets,2022,11,"2021: 29, 2022: 29.2, 2023: 25.3, 2024: 25.8",,29.2,CAZ,Yes,-285393.183673245,6697588.21041641
521,656,Stapleton Rd-CAZ-Lamppost,2022,11,"2021: 28.8, 2022: 27.3, 2023: 23.3, 2024: 21",,27.3,CAZ,No,-285079.844145574,6706041.09150418
522,664,Westbury Rd-CAZ-Lamppost by hospital,2022,12,"2021: 25.5, 2022: 24.8, 2023: 19.7, 2024: 21.3",,24.8,CAZ,No,-291154.66097586,6705262.57323216
523,671,North View Downs Park West,2022,11,"2021: 26.1, 2022: 23.5, 2023: 21.3, 2024: 20.8",,23.5,,Yes,-291110.796765422,6706530.90462922
524,676,Blackswarth Road Opposite St Patrick's School,2022,11,"2022: 19.8, 2023: 19, 2024: 16.1",,19.8,Liveable Neighbourhoods,Yes,-284103.338431866,6702586.01883236
525,681,Russel Town Avenue Opposite Pheonix Social Enterprise Club,2022,9,"2022: 24.8, 2023: 22.4, 2024: 21.7",,24.8,Liveable Neighbourhoods,Yes,-285306.399838492,6702978.44266594
526,525,Summer hill a420,2022,12,"2018: 43.5, 2019: 35.3, 2020: 24.1, 2021: 28.5, 2022: 29.8, 2023: 24.8, 2024: 23.2",,29.8,Schools 2018,Yes,-282952.907378995,6703230.79423347
527,439,Parson Street School,2022,36,"2010: 41.9, 2011: 40.9, 2012: 40.9, 2013: 44.7, 2014: 42, 2015: 41, 2016: 43.6, 2017: 37.7, 2018: 37.7, 2019: 31.7, 2020: 25.4, 2021: 28.6, 2022: 27.2, 2023: 24, 2024: 22.4",,27.2,QAQC,Yes,-289982.448521423,6698188.87869929
528,423,facade BRI children's,2022,12,"2010: 53, 2011: 53.2, 2012: 50.9, 2013: 46.3, 2014: 41.8, 2015: 44.4, 2016: 43.5, 2017: 45, 2018: 42.3, 2019: 35.2, 2020: 27.3, 2021: 29.5, 2022: 29.1, 2023: 22.2, 2024: 20.9",,29.1,Post DA Facades,Yes,-289088.725742146,6702699.40590324
529,406,Whitehall Rd lamppost 17 nr juction with Chalks Rd,2022,11,"2010: 48.1, 2011: 37.5, 2012: 36.5, 2013: 36.5, 2014: 34.9, 2015: 35.4, 2016: 36.2, 2017: 38.9, 2018: 38.5, 2019: 31, 2020: 26.6, 2021: 29.3, 2022: 29.6, 2023: 24.2, 2024: 23.2",,29.6,Post DA Facades,Yes,-284362.720936092,6703411.38989974
530,373,123 Newfoundland Street façade,2022,10,"2010: 53, 2011: 47.9, 2012: 44.9, 2013: 45.2, 2014: 41.6, 2015: 38.3, 2016: 39.5, 2017: 38.5, 2018: 35.7, 2019: 31.2, 2020: 23.9, 2021: 27.9, 2022: 27.4, 2023: 22.3, 2024: 21.5",,27.4,BROADMEAD,Yes,-287292.865269621,6703337.20318085
531,303,Facade   784 Muller Road Fishponds,2022,12,"2010: 55.4, 2011: 52.1, 2012: 48.5, 2013: 48.2, 2014: 43.5, 2015: 46.1, 2016: 46.2, 2017: 44, 2018: 43.8, 2019: 36.5, 2020: 29.2, 2021: 31.8, 2022: 31.2, 2023: 24.1, 2024: 23.3",,31.2,Post Stage Four,Yes,-284712.640975304,6705600.36391359
532,22,Stokes Croft,2022,10,"2010: 68.2, 2011: 58.7, 2012: 55.3, 2013: 57.7, 2014: 55.3, 2015: 49.7, 2016: 54.4, 2017: 52.5, 2018: 51, 2019: 44.3, 2020: 34.3, 2021: 37.5, 2022: 36.7, 2023: 35.9, 2024: 34.4",,36.7,Roadside (DT),Yes,-288316.547788833,6703508.93195795
533,21,Gloucester Road,2022,12,"2010: 50.1, 2011: 44.5, 2012: 43.1, 2013: 52, 2014: 50.4, 2015: 51.6, 2016: 50.2, 2017: 49.3, 2018: 46.4, 2019: 38.3, 2020: 33.4, 2021: 34.9, 2022: 34, 2023: 30.9, 2024: 33",,34,Roadside (DT),Yes,-288453.491473036,6705789.48523368
534,16,Third Way,2022,12,"2010: 35.1, 2011: 35.8, 2012: 36.4, 2013: 33.3, 2014: 34.6, 2015: 35.9, 2016: 35.7, 2017: 35.2, 2018: 32.6, 2019: 28.7, 2020: 23.2, 2021: 24.9, 2022: 25.8, 2023: 21.5, 2024: 21.5",,25.8,Roadside (DT),No,-299319.725243601,6711147.03571026
535,113,Victoria Street,2022,12,"2010: 53.9, 2011: 55.2, 2012: 51.8, 2013: 48.4, 2014: 48.8, 2015: 47.5, 2016: 45.5, 2017: 49.9, 2018: 40.5, 2019: 37.4, 2020: 29.9, 2021: 27.8, 2022: 32, 2023: 29.4, 2024: 28.3",,32,redcliffe way templegate (DT),No,-288062.502763533,6701599.37177948
536,154,Hotwells Road,2022,12,"2010: 54.7, 2011: 40.9, 2012: 40.3, 2013: 44.3, 2014: 38.5, 2015: 37.2, 2016: 39.6, 2017: 38.5, 2018: 36.2, 2019: 30, 2020: 22.1, 2021: 25.4, 2022: 26.1, 2023: 17.8, 2024: 17.5",,26.1,harbourside (DT),Yes,-290714.010739251,6701235.48836649
537,239,Parson St. A38 East,2022,10,"2010: 81.3, 2011: 82, 2012: 76.9, 2013: 78, 2014: 65.4, 2015: 69.2, 2016: 68.9, 2017: 66.8, 2018: 65.2, 2019: 54.4, 2020: 47.6, 2021: 51.4, 2022: 48.6, 2023: 40.5, 2024: 38.1",,48.6,Roadside Stage 4 (DT),Yes,-290240.840052813,6698064.71461172
538,254,Merchants Road Hotwells,2022,12,"2010: 47.1, 2011: 55.6, 2012: 55.3, 2013: 53.2, 2014: 51.5, 2015: 54.4, 2016: 51.8, 2017: 52.2, 2018: 49.4, 2019: 40.5, 2020: 31.1, 2021: 34.6, 2022: 33, 2023: 24.7, 2024: 23.9",,33,Roadside Stage 4 (DT),Yes,-291486.964634959,6701142.24890875
539,312,Lamppost     Ashley Hill St. Pauls,2022,12,"2010: 46.8, 2011: 46.4, 2012: 43.7, 2013: 44.5, 2014: 36.7, 2015: 36.8, 2016: 41.6, 2017: 38.5, 2018: 38.5, 2019: 32.8, 2020: 26.2, 2021: 29.5, 2022: 29.8, 2023: 24.8, 2024: 23.5",,29.8,Post Stage Four,Yes,-287167.355516468,6704691.02392647
540,429,facade villiers road stapleton road junction,2022,9,"2010: 60.3, 2011: 57.8, 2012: 57.3, 2013: 60.6, 2014: 54.7, 2015: 50.4, 2016: 52.1, 2017: 47.8, 2018: 46.8, 2019: 41.2, 2020: 38.8, 2021: 36.4, 2022: 35.5, 2023: 38, 2024: 35.3",,35.5,Post DA Facades,Yes,-286116.033413056,6703865.40916925
541,473,B&G Snax West St,2022,11,"2010: 49.2, 2011: 43.1, 2012: 44.6, 2013: 43.5, 2014: 40.7, 2015: 49.6, 2016: 57.1, 2017: 40.1, 2018: 44, 2019: 42.4, 2020: 40, 2021: 28.4, 2022: 28.4, 2023: 26.1, 2024: 25.7",,28.4,USA 2009,Yes,-289888.728777705,6699059.90410014
542,499,Temple Way Nox site,2022,36,"2017: 38.5, 2018: 43.2, 2019: 33.6, 2020: 26, 2021: 31.1, 2022: 30.9, 2023: 26.2, 2024: 23.9",,30.9,QAQC,Yes,-287648.349706948,6702703.01974867
543,502,Co-located Colston Ave,2022,28,"2019: 68.7, 2020: 52.1, 2021: 58, 2022: 54.1, 2023: 48.9, 2024: 50.8",,54.1,QAQC,Yes,-289057.625324914,6702224.17268152
544,589,Marlborough St-CAZ-On sign leg,2022,12,"2021: 26.5, 2022: 27.2, 2023: 21.8, 2024: 20",,27.2,CAZ,Yes,-288729.503590925,6703055.75489532
545,598,Queens Road-CAZ-Lamppost by UoB,2022,10,"2021: 26.9, 2022: 26.8, 2023: 21.3, 2024: 22.3",,26.8,CAZ,Yes,-289986.417851309,6702364.31518982
546,607,Counterslip-CAZ-Drainpipe on building,2022,12,"2021: 27.8, 2022: 28.4, 2023: 23.3, 2024: 21.4",,28.4,CAZ,Yes,-288184.320609915,6701807.20015473
547,608,Temple Gate-CAZ-Lamppost,2022,10,"2021: 39.4, 2022: 38.4, 2023: 31.9, 2024: 32",,38.4,CAZ,Yes,-287568.73913653,6700951.23571188
548,638,A4044 Roundabout-CAZ-Lamppost,2022,12,"2021: 43.8, 2022: 42.4, 2023: 44.8, 2024: 41.6",,42.4,CAZ,Yes,-287683.770684242,6702322.02309257
549,641,Stokes Croft-CAZ-Lamppost,2022,12,"2021: 39.7, 2022: 38.1, 2023: 36.8, 2024: 34.7",,38.1,CAZ,Yes,-288310.098556115,6703703.38260294
550,643,Sussex Place-CAZ-Lamppost,2022,12,"2021: 39.7, 2022: 35.6, 2023: 28.8, 2024: 25.4",,35.6,CAZ,Yes,-287188.664301657,6704345.39763805
551,647,Merchants Rd-CAZ-Lamppost by house,2022,9,"2021: 34.3, 2022: 30.9, 2023: 22.9, 2024: 23",,30.9,CAZ,Yes,-291476.961493929,6701095.75626459
552,2,Colston Avenue,2022,11,"2010: 79.4, 2011: 78.8, 2012: 66.8, 2013: 68.7, 2014: 67.7, 2015: 69.2, 2016: 66.1, 2017: 63.1, 2018: 58.2, 2019: 53.7, 2020: 36.9, 2021: 40.1, 2022: 40.3, 2023: 39, 2024: 38.4",,40.3,Roadside (DT),Yes,-289075.818144399,6702097.12495681
553,649,Bath Rd-CAZ-Lamppost,2022,12,"2021: 30.1, 2022: 30, 2023: 27.1, 2024: 24.7",,30,CAZ,Yes,-283502.470401424,6698278.49155093
554,650,Wells Rd-CAZ-Lamppost,2022,12,"2021: 22.8, 2022: 21.6, 2023: 19.3, 2024: 19.6",,21.6,CAZ,No,-285535.730462454,6698009.34601773
555,653,Stapleton Rd-CAZ-Lamppost by house,2022,8,"2021: 26, 2022: 30.9, 2023: 33.5, 2024: 26.2",,30.9,CAZ,Yes,-286066.821662899,6703925.23954705
556,669,Temple Way Bridge-CAZ-Lamppost Temple Way Bridge,2022,8,"2021: 28.6, 2022: 33.2, 2023: 29.7, 2024: 22",,33.2,CAZ,Yes,-287657.960147146,6701695.77765519
557,670,Bristol Hill-CAZ-Lamppost Bristol Hill,2022,12,"2021: 39.9, 2022: 38.8, 2023: 32.8, 2024: 33.1",,38.8,CAZ,Yes,-284047.915620127,6698409.25865614
558,9,B.R.I.,2022,12,"2010: 65.4, 2011: 58, 2012: 52, 2013: 54, 2014: 49.3, 2015: 48, 2016: 48.8, 2017: 46.5, 2018: 44.7, 2019: 37.8, 2020: 31.7, 2021: 39.3, 2022: 36, 2023: 27.8",,36,Roadside (DT),No,-288920.3727828,6702882.30805318
559,157,Stokes Croft  Ashley Road,2022,8,"2010: 64.9, 2011: 61.8, 2012: 55.9, 2013: 56, 2014: 51.4, 2015: 53.3, 2016: 52.8, 2017: 48.6, 2018: 45.4, 2019: 43.1, 2020: 35.7, 2021: 40.3, 2022: 35, 2023: 35.2, 2024: 33.7",,35,gloucester road showcase route (DT),Yes,-288303.158453479,6703836.78908709
560,163,Strathmore Road,2022,12,"2010: 44.8, 2011: 38.3, 2012: 38.8, 2013: 43, 2014: 39.1, 2015: 37, 2016: 39.7, 2017: 38, 2018: 36.6, 2019: 30.8, 2020: 24.5, 2021: 27.4, 2022: 27.2, 2023: 27.2, 2024: 25.7",,27.2,gloucester road showcase route (DT),Yes,-287828.657779616,6707832.48413925
561,370,Great George Street lamppost,2022,12,"2010: 49.2, 2011: 43.7, 2012: 39.5, 2013: 39.4, 2014: 36.9, 2015: 37.7, 2016: 38.4, 2017: 37.5, 2018: 36.6, 2019: 30.1, 2021: 25, 2022: 31, 2023: 25.3, 2024: 21.2",,31,BROADMEAD,Yes,-287244.687317758,6702918.28830893
562,419,Parson St lamppost outside Bristol Scuba,2022,11,"2010: 63.2, 2011: 54.7, 2012: 54.1, 2013: 53.6, 2014: 56.6, 2015: 53.6, 2016: 55.8, 2017: 51.3, 2018: 45, 2019: 39, 2020: 31.4, 2021: 34.3, 2022: 33.6, 2023: 29.4, 2024: 28.5",,33.6,Post DA Facades,Yes,-290320.090688617,6698353.05372706
563,455,St. Pauls Day Nursery,2022,36,"2010: 34.8, 2011: 30, 2012: 29.5, 2013: 30.1, 2014: 27.3, 2015: 26.5, 2016: 27.9, 2017: 26, 2018: 24.4, 2019: 20.8, 2020: 15.9, 2021: 16.4, 2022: 16.7, 2023: 14.3, 2024: 13.8",,16.7,QAQC,Yes,-287711.369865179,6703574.84926661
564,470,Victoria Park Primary,2022,12,"2010: 43.3, 2011: 39.4, 2012: 39.6, 2013: 37.8, 2014: 35, 2015: 38.7, 2016: 39.4, 2017: 35.9, 2018: 37.9, 2019: 29.4, 2020: 25.1, 2021: 26.8, 2022: 28.3, 2023: 24.2, 2024: 21.7",,28.3,USA 2009,Yes,-288112.730275877,6698870.47455211
565,494,Muller Road - Adjacent to Darnley Avenue,2022,12,"2015: 37.5, 2016: 43.3, 2017: 39.5, 2018: 38.7, 2019: 32, 2020: 25.1, 2021: 25, 2022: 26.4, 2023: 22.5, 2024: 21.6",,26.4,Horfield Roadside,Yes,-287635.002115621,6708277.69693354
566,545,Ashton park school,2022,12,"2018: 34.9, 2019: 28.6, 2020: 22, 2021: 24.3, 2022: 23.3, 2023: 17.2, 2024: 16.3",,23.3,Schools 2018,Yes,-292657.041091682,6699537.53576006
567,571,Muller road junction with Downend road traffic light to the south of the junction.,2022,12,"2019: 42.8, 2020: 31.3, 2021: 33.1, 2022: 32.3, 2023: 28.4, 2024: 28.8",,32.3,,Yes,-287164.493543001,6707575.77869199
568,574,"Whiteladies road, on loading sign next to Redland library",2022,11,"2020: 27.3, 2021: 28.9, 2022: 29.6, 2023: 25.8, 2024: 24.4",,29.6,,Yes,-290613.993813206,6704041.12007481
569,579,Church Road-CAZ-Lamppost,2022,12,"2021: 35.4, 2022: 32.2, 2023: 27.2, 2024: 25.8",,32.2,CAZ,Yes,-283363.406391227,6703055.84193516
570,586,Park St-CAZ-Lamppost by Agora,2022,7,"2021: 38.6, 2022: 41.8, 2023: 32.6, 2024: 36.4",,41.8,CAZ,Yes,-289769.578448062,6702102.67013239
571,593,Upper Maudlin St-CAZ-Post by BRI,2022,8,"2021: 35.2, 2022: 36.3, 2023: 24.8, 2024: 23.8",,36.3,CAZ,Yes,-289109.082997795,6702641.40846616
572,605,Rupert St-CAZ-Post by Courtrooms,2022,8,"2021: 32.4, 2022: 30.2, 2023: 23.6, 2024: 29.1",,30.2,CAZ,Yes,-288934.452005463,6702445.24819481
573,609,Bath Road-CAZ-Lamppost or sign,2022,12,"2021: 30.2, 2022: 30.4, 2023: 25.2, 2024: 24.9",,30.4,CAZ,Yes,-287283.012853419,6700674.05923594
574,622,Bedminster Rd-CAZ-Lamppost opp school,2022,12,"2021: 33.7, 2022: 34.3, 2023: 29.7, 2024: 27.5",,34.3,CAZ,Yes,-289955.425769149,6698213.18559292
575,660,Muller Rd-CAZ-Lamppost,2022,11,"2021: 32.1, 2022: 32.4, 2023: 28.1, 2024: 27.7",,32.4,CAZ,Yes,-285470.8712225,6705822.73283643
576,663,Whiteladies Rd-CAZ-Lamppost after petrol station,2022,12,"2021: 24.7, 2022: 25.9, 2023: 22.4, 2024: 20.8",,25.9,CAZ,No,-291073.023746753,6704892.06966416
577,679,Avonvale Road Opposite Bristol Futures Academy,2022,8,"2022: 21, 2023: 20.3, 2024: 21.4",,21,Liveable Neighbourhoods,Yes,-285061.452562614,6702165.8846374
578,559,Except local buses sign Blackmoors Lane,2022,10,"2019: 29, 2020: 19.8, 2021: 24.5, 2022: 24.2, 2023: 20.4, 2024: 20",,24.2,2019,Yes,-292489.258406958,6699770.21822176
579,260,Stapleton Road South,2022,12,"2010: 52.9, 2011: 52.8, 2012: 45.8, 2013: 46.5, 2014: 46.3, 2015: 45.6, 2016: 45.4, 2017: 42.6, 2018: 43.1, 2019: 36.2, 2020: 29.5, 2021: 33.2, 2022: 31.6, 2023: 26.5, 2024: 26",,31.6,Roadside Stage 4 (DT),Yes,-285080.464366343,6705912.52183786
580,307,Lamppost     Glenfrome Road \ Muller Road Horfield,2022,10,"2010: 46.6, 2011: 41.5, 2012: 39.5, 2013: 39.8, 2014: 38.4, 2015: 36.6, 2016: 37.4, 2017: 32.6, 2018: 37.3, 2019: 30.7, 2020: 24.6, 2021: 27.5, 2022: 26.8, 2023: 24.5, 2024: 21.6",,26.8,Post Stage Four,Yes,-285709.878701319,6705846.59411472
581,403,Lamp post 48 230 Bath Road,2022,12,"2010: 46.5, 2011: 43.9, 2012: 43.6, 2013: 46.6, 2014: 39.2, 2015: 41.5, 2016: 37.5, 2017: 35.7, 2018: 35.6, 2019: 28.1, 2020: 23.4, 2021: 25.5, 2022: 25.5, 2023: 20.2, 2024: 20.6",,25.5,Post DA Facades,Yes,-286047.399122808,6699977.1677698
582,405,Whitehall Rd/Easton Rd lamppost 4TZ,2022,11,"2010: 57.8, 2011: 58, 2012: 53.1, 2013: 55, 2014: 51.1, 2015: 53.1, 2016: 42.6, 2017: 50.4, 2018: 56.2, 2019: 48.5, 2020: 38.7, 2021: 40.4, 2022: 38, 2023: 33.5, 2024: 33.6",,38,Post DA Facades,Yes,-285203.139777754,6703303.7524392
583,420,North St/Dean Lane on roundabout sign,2022,10,"2010: 43.8, 2011: 39.6, 2012: 38.1, 2013: 38.9, 2014: 37.2, 2015: 36.7, 2016: 38.6, 2017: 33.3, 2018: 37.1, 2019: 30.4, 2020: 23.2, 2021: 25.6, 2022: 28.8, 2023: 23.7, 2024: 22.3",,28.8,Post DA Facades,Yes,-289619.048853516,6699765.46194782
584,438,A37 Junction w/ Airport Road,2022,34,"2010: 48, 2011: 47.7, 2012: 43.4, 2013: 43.5, 2014: 44, 2015: 43.1, 2016: 43.4, 2017: 43.2, 2018: 36.6, 2019: 31.8, 2020: 27.1, 2021: 29, 2022: 29.4, 2023: 25, 2024: 23.2",,29.4,QAQC,Yes,-285394.401951542,6697329.73212812
585,550,Cathedral School,2022,10,"2018: 36.9, 2019: 35.1, 2020: 21.1, 2021: 29.1, 2022: 29.4, 2023: 24.7, 2024: 21.9",,29.4,Schools 2018,Yes,-289511.138807,6701454.27154767
586,585,Park St-CAZ-Lamppost by Guild,2022,10,"2021: 30.5, 2022: 32.1, 2023: 24.7, 2024: 29.9",,32.1,CAZ,Yes,-289774.806693865,6702154.02892728
587,604,Lewins Mead-CAZ-Post by PMT,2022,12,"2021: 43, 2022: 43.1, 2023: 39, 2024: 35.4",,43.1,CAZ,Yes,-288777.341558518,6702631.26286131
588,606,Victoria Street-CAZ-No entry sign,2022,12,"2021: 25.5, 2022: 25.7, 2023: 24.4, 2024: 21.8",,25.7,CAZ,Yes,-288278.539037084,6701769.49639164
589,625,Bedminster Rd-CAZ-Lamppost by Van Sales,2022,11,"2021: 45.4, 2022: 44.7, 2023: 37.6, 2024: 32.9",,44.7,CAZ,Yes,-290301.792446708,6698077.05186257
590,627,Parson St-CAZ-Lamppost by Station,2022,9,"2021: 34, 2022: 33.3, 2023: 27.9, 2024: 29.2",,33.3,CAZ,Yes,-290324.52230253,6698308.06088837
591,633,West St-CAZ-Lamppost opp Jamiesons,2022,11,"2021: 36.5, 2022: 34.6, 2023: 31.4, 2024: 33.2",,34.6,CAZ,Yes,-289711.676452964,6699342.37082829
592,634,Bedminster Parade-CAZ-Lamppost by William Hill,2022,12,"2021: 34.6, 2022: 30.1, 2023: 28.1, 2024: 26.1",,30.1,CAZ,Yes,-288828.609373328,6700059.38686374
593,680,Morely Street/Bright Street Ped Crossing,2022,10,"2022: 20.8, 2023: 19.9, 2024: 18.5",,20.8,Liveable Neighbourhoods,Yes,-285321.338145554,6702419.29317675
594,560,Lamppost outside BRI CAZ,2022,24,"2019: 40.4, 2020: 30.2, 2021: 32.2, 2022: 31.5, 2023: 25.6, 2024: 20.5",,31.5,CAZ,No,-289022.128096125,6702785.09084199
595,568,Traffic light on the corner of Shaldon road,2022,12,"2019: 36.2, 2020: 29, 2021: 32.9, 2022: 32.2, 2023: 28.2, 2024: 28.4",,32.2,,Yes,-286627.518470074,6706564.22601791
596,575,Baldwin Street traffic light outside domino's,2022,11,"2020: 30.9, 2021: 29.6, 2022: 31.5, 2023: 33, 2024: 34",,31.5,,Yes,-288982.808727793,6701889.06748671
597,684,Lyppiatt Road Opposite No 25,2022,4,"2022: 20.1, 2023: 17, 2024: 15.3",,20.1,Liveable Neighbourhoods,Yes,-284326.841694129,6703116.06067316
598,576,"Baldwin Street lamp post by cycle way, opp St Stephens St",2022,12,"2020: 23.9, 2021: 26.8, 2022: 29.8, 2023: 27.9, 2024: 27.2",,29.8,,Yes,-288811.307352347,6701879.22135177
599,577,High St lamp post outside Wards solicitors,2022,12,"2020: 30.5, 2021: 27.8, 2022: 31.1, 2023: 35.3, 2024: 35.2",,31.1,,Yes,-288583.613175002,6702052.94331383
600,578,Church Road-CAZ-Outside Gurdwara,2022,12,"2021: 33, 2022: 31.1, 2023: 27.5, 2024: 25.1",,31.1,CAZ,Yes,-283853.344852891,6703007.1857158
601,580,Marlborough St-CAZ-Lamppost opposite hosp,2022,10,"2021: 47.9, 2022: 41.8, 2023: 33.8, 2024: 29.4",,41.8,CAZ,Yes,-288880.696386277,6702929.21887671
602,588,Baldwin St-CAZ-Drainpipe on building,2022,12,"2021: 26.5, 2022: 31.5, 2023: 29.2, 2024: 28.3",,31.5,CAZ,Yes,-288896.146325807,6701870.49907366
603,2,Colston Avenue,2021,12,"2010: 79.4, 2011: 78.8, 2012: 66.8, 2013: 68.7, 2014: 67.7, 2015: 69.2, 2016: 66.1, 2017: 63.1, 2018: 58.2, 2019: 53.7, 2020: 36.9, 2021: 40.1, 2022: 40.3, 2023: 39, 2024: 38.4",,40.1,Roadside (DT),Yes,-289075.818144399,6702097.12495681
604,3,Blackboy Hill,2021,12,"2010: 46, 2011: 36.6, 2012: 37.7, 2013: 41.2, 2014: 36.3, 2015: 37.9, 2016: 37.6, 2017: 34.4, 2018: 34.4, 2019: 27.7, 2020: 28.7, 2021: 44.4, 2022: 38.8, 2023: 47.7, 2024: 29",,44.4,Roadside (DT),Yes,-290988.19933068,6704714.42467723
605,312,Lamppost     Ashley Hill St. Pauls,2021,12,"2010: 46.8, 2011: 46.4, 2012: 43.7, 2013: 44.5, 2014: 36.7, 2015: 36.8, 2016: 41.6, 2017: 38.5, 2018: 38.5, 2019: 32.8, 2020: 26.2, 2021: 29.5, 2022: 29.8, 2023: 24.8, 2024: 23.5",,29.5,Post Stage Four,Yes,-287167.355516468,6704691.02392647
606,363,5102 façade,2021,12,"2010: 44.9, 2011: 47.4, 2012: 48, 2013: 44.3, 2014: 39.8, 2015: 39.2, 2016: 39.6, 2017: 38.5, 2018: 37.2, 2019: 34, 2020: 23.5, 2021: 26.8, 2022: 28, 2023: 23.8, 2024: 23.9",,26.8,BROADMEAD,Yes,-288367.49785816,6703069.93538865
607,407,lamppost sussex place,2021,12,"2010: 53.9, 2011: 56.5, 2012: 47.3, 2013: 47.1, 2014: 43.9, 2015: 43.1, 2016: 48.7, 2017: 44.6, 2018: 46.7, 2019: 37.3, 2020: 26.7, 2021: 30.2, 2022: 29.5, 2023: 24.8",,30.2,Post DA Facades,No,-287169.041541866,6704295.74454928
608,438,A37 Junction w/ Airport Road,2021,35,"2010: 48, 2011: 47.7, 2012: 43.4, 2013: 43.5, 2014: 44, 2015: 43.1, 2016: 43.4, 2017: 43.2, 2018: 36.6, 2019: 31.8, 2020: 27.1, 2021: 29, 2022: 29.4, 2023: 25, 2024: 23.2",,29,QAQC,Yes,-285394.401951542,6697329.73212812
609,499,Temple Way Nox site,2021,33,"2017: 38.5, 2018: 43.2, 2019: 33.6, 2020: 26, 2021: 31.1, 2022: 30.9, 2023: 26.2, 2024: 23.9",,31.1,QAQC,Yes,-287648.349706948,6702703.01974867
610,565,A4018 Lamp post by layby before roundabout for Crow Ln/ Knole Ln,2021,12,"2019: 31.4, 2020: 24.5, 2021: 26.3, 2022: 24.4, 2023: 22.7, 2024: 22.8",,26.3,A4018,Yes,-291402.555570038,6711865.98879971
611,588,Baldwin St-CAZ-Drainpipe on building,2021,11,"2021: 26.5, 2022: 31.5, 2023: 29.2, 2024: 28.3",,26.5,CAZ,Yes,-288896.146325807,6701870.49907366
612,591,Marlborough St-CAZ-Post,2021,12,"2021: 34.9, 2022: 33.1, 2023: 25.1, 2024: 23.4",,34.9,CAZ,Yes,-288799.596980024,6703005.38363264
613,598,Queens Road-CAZ-Lamppost by UoB,2021,10,"2021: 26.9, 2022: 26.8, 2023: 21.3, 2024: 22.3",,26.9,CAZ,Yes,-289986.417851309,6702364.31518982
614,611,Winterstoke Road-CAZ-Lamppost,2021,12,"2021: 19.5, 2022: 20.1, 2023: 16.5, 2024: 15.3",,19.5,CAZ,Yes,-290972.920613933,6698480.85801947
615,626,Bedminster Rd-CAZ-Post,2021,10,"2021: 43, 2022: 43.3, 2023: 38.7, 2024: 33.4",,43,CAZ,Yes,-290581.364603998,6697997.65638883
616,641,Stokes Croft-CAZ-Lamppost,2021,12,"2021: 39.7, 2022: 38.1, 2023: 36.8, 2024: 34.7",,39.7,CAZ,Yes,-288310.098556115,6703703.38260294
617,643,Sussex Place-CAZ-Lamppost,2021,11,"2021: 39.7, 2022: 35.6, 2023: 28.8, 2024: 25.4",,39.7,CAZ,Yes,-287188.664301657,6704345.39763805
618,653,Stapleton Rd-CAZ-Lamppost by house,2021,7,"2021: 26, 2022: 30.9, 2023: 33.5, 2024: 26.2",,26,CAZ,Yes,-286066.821662899,6703925.23954705
619,655,Muller Rd-CAZ-Lamppost opp LA DT,2021,12,"2021: 29.2, 2022: 28.6, 2023: 26.9, 2024: 26.6",,29.2,CAZ,Yes,-284733.879150594,6705653.23243449
620,669,Temple Way Bridge-CAZ-Lamppost Temple Way Bridge,2021,10,"2021: 28.6, 2022: 33.2, 2023: 29.7, 2024: 22",,28.6,CAZ,Yes,-287657.960147146,6701695.77765519
621,605,Rupert St-CAZ-Post by Courtrooms,2021,4,"2021: 32.4, 2022: 30.2, 2023: 23.6, 2024: 29.1",,32.4,CAZ,Yes,-288934.452005463,6702445.24819481
622,610,Wells Road-CAZ-Lamppost,2021,12,"2021: 32.3, 2022: 32.4, 2023: 25.6, 2024: 25.3",,32.3,CAZ,Yes,-286912.246697508,6699764.82633455
623,614,Temple Way-CAZ-Sign by Champ Square,2021,12,"2021: 28.4, 2022: 29.4, 2023: 24.7, 2024: 23.4",,28.4,CAZ,Yes,-287657.873014804,6702691.69863677
624,617,Houlton St-CAZ-30mph sign,2021,11,"2021: 28.4, 2022: 25.3, 2023: 22.4, 2024: 27.9",,28.4,CAZ,Yes,-287388.222434343,6703036.02554241
625,618,Cheltenham Rd-CAZ-Sign opp Tesco,2021,12,"2021: 33.8, 2022: 31.5, 2023: 30.8, 2024: 30.9",,33.8,CAZ,Yes,-288357.289277508,6703992.19763485
626,625,Bedminster Rd-CAZ-Lamppost by Van Sales,2021,12,"2021: 45.4, 2022: 44.7, 2023: 37.6, 2024: 32.9",,45.4,CAZ,Yes,-290301.792446708,6698077.05186257
627,646,Cheltenham Rd-CAZ-Post by Papa Johns,2021,12,"2021: 31.7, 2022: 31.7, 2023: 31.9, 2024: 30.3",,31.7,CAZ,Yes,-288436.842596843,6704319.32229724
628,652,Whitehall Rd-CAZ-Lamppost by house,2021,12,"2021: 41.5, 2022: 37, 2023: 33.3, 2024: 30.4",,41.5,CAZ,Yes,-285094.837359283,6703389.73226116
629,654,Mina Rd-CAZ-Lamppost by house,2021,11,"2021: 22.9, 2022: 24, 2023: 20, 2024: 18.9",,22.9,CAZ,Yes,-286563.732877027,6704353.54987343
630,667,College Green-CAZ-Post by Toni&Guy,2021,11,"2021: 43.6, 2022: 45.3, 2023: 42, 2024: 41",,43.6,CAZ,Yes,-289228.490562742,6701761.77128086
631,632,West St-CAZ-Lamppost by Argus Rd,2021,12,"2021: 23.4, 2022: 24.6, 2023: 22.6, 2024: 22.1",,23.4,CAZ,No,-289939.167510014,6698961.53897052
632,637,Bath Rd-CAZ-Lamppost by Kings Road,2021,11,"2021: 21.7, 2022: 24.2, 2023: 17.1, 2024: 16.9",,21.7,CAZ,No,-284925.98213891,6699526.56389169
633,656,Stapleton Rd-CAZ-Lamppost,2021,12,"2021: 28.8, 2022: 27.3, 2023: 23.3, 2024: 21",,28.8,CAZ,No,-285079.844145574,6706041.09150418
634,663,Whiteladies Rd-CAZ-Lamppost after petrol station,2021,12,"2021: 24.7, 2022: 25.9, 2023: 22.4, 2024: 20.8",,24.7,CAZ,No,-291073.023746753,6704892.06966416
635,665,Upper Maudlin St-CAZ-Lamppost opp BRI,2021,11,"2021: 37.6, 2022: 37.1, 2023: 31.6, 2024: 23.5",,37.6,CAZ,Yes,-289005.663145548,6702730.60651535
636,638,A4044 Roundabout-CAZ-Lamppost,2021,11,"2021: 43.8, 2022: 42.4, 2023: 44.8, 2024: 41.6",,43.8,CAZ,Yes,-287683.770684242,6702322.02309257
637,147,Anchor Road,2021,11,"2010: 65.6, 2011: 66.4, 2012: 60.6, 2013: 60.2, 2014: 57, 2015: 60.1, 2016: 56.9, 2017: 61.5, 2018: 56.6, 2019: 50.9, 2020: 39.4, 2021: 43.3, 2022: 45.5, 2023: 39.5, 2024: 36.3",,43.3,harbourside (DT),Yes,-289254.257300207,6701581.66334233
638,261,Stapleton Road Heath Street,2021,12,"2010: 55.8, 2011: 48.2, 2012: 53, 2013: 55.8, 2014: 50.6, 2015: 51.3, 2016: 53.1, 2017: 52.4, 2018: 51, 2019: 41.5, 2020: 34.7, 2021: 39.1, 2022: 39.3, 2023: 32, 2024: 33",,39.1,Roadside Stage 4 (DT),Yes,-285135.992821959,6705418.74590538
639,320,Monitor     Bath Road Brislington,2021,34,"2010: 34.3, 2011: 33.1, 2012: 31.5, 2013: 31.1, 2014: 30.9, 2015: 31.3, 2016: 31.1, 2017: 30.7, 2018: 27.9, 2019: 23.5, 2020: 19.3, 2021: 20.8, 2022: 20.6, 2023: 17.7, 2024: 17",,20.8,QAQC,Yes,-284969.788762769,6699810.45977789
640,370,Great George Street lamppost,2021,11,"2010: 49.2, 2011: 43.7, 2012: 39.5, 2013: 39.4, 2014: 36.9, 2015: 37.7, 2016: 38.4, 2017: 37.5, 2018: 36.6, 2019: 30.1, 2021: 25, 2022: 31, 2023: 25.3, 2024: 21.2",,25,BROADMEAD,Yes,-287244.687317758,6702918.28830893
641,374,St. Paul Street,2021,12,"2010: 56.2, 2011: 56.2, 2012: 46.8, 2013: 50.7, 2014: 51.8, 2015: 47.1, 2016: 47.2, 2017: 45.2, 2018: 47.8, 2019: 39.9, 2020: 29.9, 2021: 35, 2022: 33.7, 2023: 27.1, 2024: 25.1",,35,BROADMEAD,Yes,-287671.912995715,6703046.61290049
642,405,Whitehall Rd/Easton Rd lamppost 4TZ,2021,12,"2010: 57.8, 2011: 58, 2012: 53.1, 2013: 55, 2014: 51.1, 2015: 53.1, 2016: 42.6, 2017: 50.4, 2018: 56.2, 2019: 48.5, 2020: 38.7, 2021: 40.4, 2022: 38, 2023: 33.5, 2024: 33.6",,40.4,Post DA Facades,Yes,-285203.139777754,6703303.7524392
643,418,Bedminster Down Rd lamppost between Ashton Motors & Plough PH,2021,12,"2010: 92.9, 2011: 90.5, 2012: 81.8, 2013: 74, 2014: 67.7, 2015: 63.7, 2016: 69.3, 2017: 58.4, 2018: 55.7, 2019: 51.1, 2020: 40.2, 2021: 45.9, 2022: 44.1, 2023: 32.8, 2024: 31.7",,45.9,Post DA Facades,Yes,-290471.62510202,6698281.14621008
644,420,North St/Dean Lane on roundabout sign,2021,10,"2010: 43.8, 2011: 39.6, 2012: 38.1, 2013: 38.9, 2014: 37.2, 2015: 36.7, 2016: 38.6, 2017: 33.3, 2018: 37.1, 2019: 30.4, 2020: 23.2, 2021: 25.6, 2022: 28.8, 2023: 23.7, 2024: 22.3",,25.6,Post DA Facades,Yes,-289619.048853516,6699765.46194782
645,472,Jamiesons Autos,2021,12,"2010: 52.4, 2011: 47.4, 2012: 46.5, 2013: 48.2, 2014: 45.2, 2015: 40, 2016: 45.3, 2017: 41.6, 2018: 37.3, 2019: 33.7, 2020: 26.2, 2021: 28.7, 2022: 29, 2023: 25.8, 2024: 25.7",,28.7,USA 2009,Yes,-289697.065688815,6699318.40485888
646,538,Dalby avenue,2021,11,"2018: 33.7, 2019: 26.6, 2020: 20.4, 2021: 22.5, 2022: 21.3, 2023: 19.5",,22.5,Schools 2018,No,-288970.92841672,6699635.88454218
647,576,"Baldwin Street lamp post by cycle way, opp St Stephens St",2021,11,"2020: 23.9, 2021: 26.8, 2022: 29.8, 2023: 27.9, 2024: 27.2",,26.8,,Yes,-288811.307352347,6701879.22135177
648,583,Rupert St-CAZ-Post outside police station,2021,10,"2021: 42.3, 2022: 37.9, 2023: 39.1, 2024: 36.6",,42.3,CAZ,Yes,-288692.403677584,6702628.74061907
649,587,Baldwin St-CAZ-Lamppost by Yelland House,2021,11,"2021: 26.5, 2022: 30.9, 2023: 28.5, 2024: 28.7",,26.5,CAZ,Yes,-288795.573750588,6701914.68724236
650,593,Upper Maudlin St-CAZ-Post by BRI,2021,8,"2021: 35.2, 2022: 36.3, 2023: 24.8, 2024: 23.8",,35.2,CAZ,Yes,-289109.082997795,6702641.40846616
651,597,Park Row-CAZ-Post by house,2021,12,"2021: 32.7, 2022: 33, 2023: 21.7, 2024: 20.8",,32.7,CAZ,No,-289437.752839152,6702275.67361725
652,619,Cheltenham Rd-CAZ-Lamppost by Bite,2021,11,"2021: 34.7, 2022: 38.2, 2023: 35.2, 2024: 32.1",,34.7,CAZ,Yes,-288303.920158055,6703931.57551177
653,623,Bedminster Rd-CAZ-Lamppost by school,2021,12,"2021: 30.6, 2022: 28.4, 2023: 25.6, 2024: 23.3",,30.6,CAZ,Yes,-289995.522979741,6698220.88132186
654,635,York Rd-CAZ-Sign after bridge,2021,11,"2021: 25.3, 2022: 23.8, 2023: 19.9, 2024: 16.5",,25.3,CAZ,No,-288296.522831912,6700418.6139399
655,636,Bath Rd-CAZ-Lamppost by Bus Lane,2021,12,"2021: 26.2, 2022: 25.5, 2023: 22.1, 2024: 21",,26.2,CAZ,No,-286959.15307169,6700230.16452906
656,664,Westbury Rd-CAZ-Lamppost by hospital,2021,12,"2021: 25.5, 2022: 24.8, 2023: 19.7, 2024: 21.3",,25.5,CAZ,No,-291154.66097586,6705262.57323216
657,673,Marlborough Street - co - located,2021,20,"2021: 36.1, 2022: 33.5, 2023: 26.1, 2024: 24.2",,36.1,CAZ,Yes,-288922.248556989,6702916.02845388
658,303,Facade   784 Muller Road Fishponds,2021,12,"2010: 55.4, 2011: 52.1, 2012: 48.5, 2013: 48.2, 2014: 43.5, 2015: 46.1, 2016: 46.2, 2017: 44, 2018: 43.8, 2019: 36.5, 2020: 29.2, 2021: 31.8, 2022: 31.2, 2023: 24.1, 2024: 23.3",,31.8,Post Stage Four,Yes,-284712.640975304,6705600.36391359
659,12,Galleries,2021,11,"2010: 58.2, 2011: 55.2, 2012: 50.8, 2013: 56.7, 2014: 51.3, 2015: 52.5, 2016: 52.8, 2017: 56.6, 2018: 57.5, 2019: 51.8, 2020: 41.9, 2021: 46.5, 2022: 50.2, 2023: 60.2, 2024: 35.3",,46.5,Roadside (DT),Yes,-288254.965440197,6702425.05893974
660,113,Victoria Street,2021,12,"2010: 53.9, 2011: 55.2, 2012: 51.8, 2013: 48.4, 2014: 48.8, 2015: 47.5, 2016: 45.5, 2017: 49.9, 2018: 40.5, 2019: 37.4, 2020: 29.9, 2021: 27.8, 2022: 32, 2023: 29.4, 2024: 28.3",,27.8,redcliffe way templegate (DT),No,-288062.502763533,6701599.37177948
661,155,Jacobs Wells Road South,2021,12,"2010: 47.4, 2011: 52.4, 2012: 46.9, 2013: 48.5, 2014: 38.8, 2015: 39.9, 2016: 43.1, 2017: 37.9, 2018: 40.1, 2019: 31.1, 2020: 22.9, 2021: 25.5, 2022: 24.2, 2023: 17.5, 2024: 15.2",,25.5,harbourside (DT),Yes,-290337.435875919,6701608.05267219
662,560,Lamppost outside BRI CAZ,2021,22,"2019: 40.4, 2020: 30.2, 2021: 32.2, 2022: 31.5, 2023: 25.6, 2024: 20.5",,32.2,CAZ,No,-289022.128096125,6702785.09084199
663,325,Facade   258 Fishponds Road Fishponds,2021,12,"2010: 51.8, 2011: 53, 2012: 49.8, 2013: 45.8, 2014: 49.7, 2015: 50.8, 2016: 50.5, 2017: 49.2, 2018: 48.1, 2019: 39.4, 2020: 34.1, 2021: 37.3, 2022: 32.6, 2023: 29.4, 2024: 27.6",,37.3,Post Stage Four,Yes,-284232.620635064,6705496.34843142
664,403,Lamp post 48 230 Bath Road,2021,12,"2010: 46.5, 2011: 43.9, 2012: 43.6, 2013: 46.6, 2014: 39.2, 2015: 41.5, 2016: 37.5, 2017: 35.7, 2018: 35.6, 2019: 28.1, 2020: 23.4, 2021: 25.5, 2022: 25.5, 2023: 20.2, 2024: 20.6",,25.5,Post DA Facades,Yes,-286047.399122808,6699977.1677698
665,406,Whitehall Rd lamppost 17 nr juction with Chalks Rd,2021,11,"2010: 48.1, 2011: 37.5, 2012: 36.5, 2013: 36.5, 2014: 34.9, 2015: 35.4, 2016: 36.2, 2017: 38.9, 2018: 38.5, 2019: 31, 2020: 26.6, 2021: 29.3, 2022: 29.6, 2023: 24.2, 2024: 23.2",,29.3,Post DA Facades,Yes,-284362.720936092,6703411.38989974
666,439,Parson Street School,2021,36,"2010: 41.9, 2011: 40.9, 2012: 40.9, 2013: 44.7, 2014: 42, 2015: 41, 2016: 43.6, 2017: 37.7, 2018: 37.7, 2019: 31.7, 2020: 25.4, 2021: 28.6, 2022: 27.2, 2023: 24, 2024: 22.4",,28.6,QAQC,Yes,-289982.448521423,6698188.87869929
667,473,B&G Snax West St,2021,11,"2010: 49.2, 2011: 43.1, 2012: 44.6, 2013: 43.5, 2014: 40.7, 2015: 49.6, 2016: 57.1, 2017: 40.1, 2018: 44, 2019: 42.4, 2020: 40, 2021: 28.4, 2022: 28.4, 2023: 26.1, 2024: 25.7",,28.4,USA 2009,Yes,-289888.728777705,6699059.90410014
668,492,On 1 way sign at bottom of Wellington Hill,2021,12,"2015: 37.6, 2016: 40.3, 2017: 36.8, 2018: 34.8, 2019: 31.3, 2020: 25.2, 2021: 26.4, 2022: 27.5, 2023: 25.6, 2024: 23.7",,26.4,Horfield Roadside,Yes,-287813.3061196,6707917.80129038
669,502,Co-located Colston Ave,2021,36,"2019: 68.7, 2020: 52.1, 2021: 58, 2022: 54.1, 2023: 48.9, 2024: 50.8",,58,QAQC,Yes,-289057.625324914,6702224.17268152
670,595,Lower Park Row-CAZ-Post after OTR,2021,12,"2021: 32.2, 2022: 30.6, 2023: 23, 2024: 22.6",,32.2,CAZ,Yes,-289267.290490453,6702394.33612116
671,600,Park St-CAZ-Lamppost by City Hall,2021,12,"2021: 23.9, 2022: 23.9, 2023: 22, 2024: 20.8",,23.9,CAZ,Yes,-289564.019228094,6701847.35983959
672,606,Victoria Street-CAZ-No entry sign,2021,12,"2021: 25.5, 2022: 25.7, 2023: 24.4, 2024: 21.8",,25.5,CAZ,Yes,-288278.539037084,6701769.49639164
673,607,Counterslip-CAZ-Drainpipe on building,2021,12,"2021: 27.8, 2022: 28.4, 2023: 23.3, 2024: 21.4",,27.8,CAZ,Yes,-288184.320609915,6701807.20015473
674,609,Bath Road-CAZ-Lamppost or sign,2021,12,"2021: 30.2, 2022: 30.4, 2023: 25.2, 2024: 24.9",,30.2,CAZ,Yes,-287283.012853419,6700674.05923594
675,615,Newfoundland Way-CAZ-Lamppost by petrol station,2021,12,"2021: 53, 2022: 49.4, 2023: 38.4, 2024: 37.1",,53,CAZ,Yes,-287432.768119981,6703197.92745018
676,621,Gloucester Rd-CAZ-Lamppost by bus stop,2021,9,"2021: 24.9, 2022: 25.4, 2023: 26.5, 2024: 26",,24.9,CAZ,Yes,-288108.211684278,6706906.01899899
677,631,Bedminster Down Rd-CAZ-Roadsign by Winterstoke,2021,12,"2021: 24.8, 2022: 25.9, 2023: 22.6",,24.8,CAZ,No,-290484.674971752,6698309.93748458
678,642,Ashley Road-CAZ-Lamppost opp Drumd Rd,2021,11,"2021: 28.9, 2022: 24.6, 2023: 24.9, 2024: 22.7",,28.9,CAZ,No,-288052.425548955,6703943.24322785
679,644,Ashley Down Rd-CAZ-Lamppost,2021,11,"2021: 31.8, 2022: 31.7, 2023: 28.2, 2024: 25.1",,31.8,CAZ,Yes,-287423.539960366,6705469.93319363
680,647,Merchants Rd-CAZ-Lamppost by house,2021,12,"2021: 34.3, 2022: 30.9, 2023: 22.9, 2024: 23",,34.3,CAZ,Yes,-291476.961493929,6701095.75626459
681,658,Fishponds Rd-CAZ-Lamppost,2021,12,"2021: 23.6, 2022: 24.1, 2023: 22.9, 2024: 20.2",,23.6,CAZ,No,-281583.477092954,6706640.94873466
682,659,Muller Rd-CAZ-Lamppost,2021,12,"2021: 26.5, 2022: 25.1, 2023: 22.3, 2024: 23.8",,26.5,CAZ,No,-287288.426526314,6708042.55315808
683,666,Upper Maudlin St-CAZ-Lamppost by BRI,2021,12,"2021: 32.8, 2022: 31.3, 2023: 25.4, 2024: 22.4",,32.8,CAZ,No,-289052.399063411,6702763.95991414
684,671,North View Downs Park West,2021,8,"2021: 26.1, 2022: 23.5, 2023: 21.3, 2024: 20.8",,26.1,,Yes,-291110.796765422,6706530.90462922
685,5,Bedminster Parade,2021,12,"2010: 66.6, 2011: 57.2, 2012: 54.6, 2013: 58.7, 2014: 47.6, 2015: 50.9, 2016: 51.3, 2017: 45.8, 2018: 45.8, 2019: 39.9, 2020: 31.6, 2021: 41, 2022: 37.9, 2023: 33.5, 2024: 34.9",,41,Roadside (DT),Yes,-288906.606435902,6699999.33324423
686,11,Whitefriars,2021,12,"2010: 60.8, 2011: 56.1, 2012: 53.2, 2013: 56.3, 2014: 48.8, 2015: 51.4, 2016: 51.7, 2017: 49.2, 2018: 48.1, 2019: 41.1, 2020: 31.1, 2021: 35, 2022: 35.3, 2023: 29.6, 2024: 29.4",,35,Roadside (DT),Yes,-288783.750004099,6702631.21072234
687,14,Red Lion Knowle,2021,12,"2010: 47.9, 2011: 44.1, 2012: 43.2, 2013: 42.2, 2014: 40.4, 2015: 40.1, 2016: 42.3, 2017: 41.1, 2018: 47.6, 2019: 38.7, 2020: 32.4, 2021: 32.7, 2022: 30.3, 2023: 27, 2024: 25.8",,32.7,Roadside (DT),Yes,-285439.186904326,6697740.37180987
688,15,Horsefair,2021,11,"2010: 54.7, 2011: 50.9, 2012: 49.5, 2013: 53.6, 2014: 48.6, 2015: 50.8, 2016: 51.2, 2017: 49.4, 2018: 47.5, 2019: 42.2, 2020: 28.2, 2021: 31.5, 2022: 31.3, 2023: 26.4, 2024: 25.9",,31.5,Roadside (DT),Yes,-288014.971267504,6702867.14929257
689,125,York Road,2021,11,"2010: 72.8, 2011: 66.5, 2012: 63, 2013: 59.6, 2014: 53.3, 2015: 52.9, 2016: 52.9, 2017: 56, 2018: 50.3, 2019: 45.2, 2020: 35.6, 2021: 35.8, 2022: 33.6, 2023: 24.3, 2024: 19.7",,35.8,redcliffe way templegate (DT),Yes,-288122.962480237,6700347.74496852
690,413,Wells Rd bus lane sign just below junction with Knowle Rd,2021,12,"2010: 52.2, 2011: 47.1, 2012: 41.4, 2013: 43.7, 2014: 38.4, 2015: 39.3, 2016: 40, 2017: 38.7, 2018: 37.6, 2019: 31.2, 2020: 25.5, 2021: 27.4, 2022: 27.2, 2023: 23.5, 2024: 22.5",,27.4,Post DA Facades,Yes,-286790.024426925,6699701.55784787
691,417,St John's Lane No 26 lamppost 15 (just past roundabout),2021,12,"2010: 51.3, 2011: 45.6, 2012: 44.1, 2013: 42.1, 2014: 40.8, 2015: 43.6, 2016: 43.4, 2017: 35.2, 2018: 36, 2019: 31, 2020: 26.3, 2021: 27.9, 2022: 27, 2023: 22.7, 2024: 20.9",,27.9,Post DA Facades,Yes,-287442.243890537,6699543.83315549
692,419,Parson St lamppost outside Bristol Scuba,2021,12,"2010: 63.2, 2011: 54.7, 2012: 54.1, 2013: 53.6, 2014: 56.6, 2015: 53.6, 2016: 55.8, 2017: 51.3, 2018: 45, 2019: 39, 2020: 31.4, 2021: 34.3, 2022: 33.6, 2023: 29.4, 2024: 28.5",,34.3,Post DA Facades,Yes,-290320.090688617,6698353.05372706
693,464,Fishponds Road,2021,33,"2010: 42.2, 2011: 39.2, 2012: 38, 2013: 35.7, 2014: 36, 2015: 34.9, 2016: 36.9, 2017: 36.8, 2018: 34.4, 2019: 29.7, 2020: 24.2, 2021: 23.7, 2022: 24, 2023: 20.8, 2024: 20.8",,23.7,QAQC,Yes,-282218.963762018,6706297.20472537
694,525,Summer hill a420,2021,9,"2018: 43.5, 2019: 35.3, 2020: 24.1, 2021: 28.5, 2022: 29.8, 2023: 24.8, 2024: 23.2",,28.5,Schools 2018,Yes,-282952.907378995,6703230.79423347
695,569,Lampost on North corner of Draycott road junction with Muller road.,2021,12,"2019: 31.4, 2020: 22.8, 2021: 24.1, 2022: 24.1, 2023: 21.3, 2024: 21.4",,24.1,,No,-287150.416060161,6707214.2389884
696,570,Muller road junction with Downend road lampost north of the junction.,2021,10,"2019: 33.1, 2020: 28.4, 2021: 28.2, 2022: 29.6, 2023: 26.2, 2024: 26.4",,28.2,,Yes,-287166.452121254,6707620.76976991
697,584,Rupert St-CAZ-Post outside Fusion Tower,2021,11,"2021: 33, 2022: 34.3, 2023: 30.8, 2024: 29.5",,33,CAZ,Yes,-288846.975548393,6702524.67373119
698,604,Lewins Mead-CAZ-Post by PMT,2021,12,"2021: 43, 2022: 43.1, 2023: 39, 2024: 35.4",,43,CAZ,Yes,-288777.341558518,6702631.26286131
699,612,Newfoundland St-CAZ-Lamppost by layby,2021,10,"2021: 29.9, 2022: 30.9, 2023: 25.1, 2024: 23.6",,29.9,CAZ,Yes,-288156.888565388,6702981.67231166
700,616,Newfoundland Way-CAZ-Road sign,2021,12,"2021: 44, 2022: 42.5, 2023: 33.5, 2024: 29.5",,44,CAZ,Yes,-287292.1407964,6703245.63631137
701,624,Bedminster Rd-CAZ-Post opp Van Sales,2021,11,"2021: 49.7, 2022: 48.4, 2023: 37.6, 2024: 39.9",,49.7,CAZ,Yes,-290275.973763608,6698053.183866
702,627,Parson St-CAZ-Lamppost by Station,2021,9,"2021: 34, 2022: 33.3, 2023: 27.9, 2024: 29.2",,34,CAZ,Yes,-290324.52230253,6698308.06088837
703,645,Gloucester Rd-CAZ-Lamppost opp Baths,2021,11,"2021: 30.3, 2022: 28.9, 2023: 28.3, 2024: 27.3",,30.3,CAZ,Yes,-288456.08851493,6705713.93430328
704,10,Bath Road,2021,12,"2010: 68.2, 2011: 62.3, 2012: 58.4, 2013: 61.5, 2014: 50.1, 2015: 49.3, 2016: 54.5, 2017: 51.6, 2018: 51.5, 2019: 42.2, 2020: 33.6, 2021: 36.8, 2022: 35.9, 2023: 30.7, 2024: 30.3",,36.8,Roadside (DT),Yes,-284908.842563162,6699589.32161916
705,21,Gloucester Road,2021,12,"2010: 50.1, 2011: 44.5, 2012: 43.1, 2013: 52, 2014: 50.4, 2015: 51.6, 2016: 50.2, 2017: 49.3, 2018: 46.4, 2019: 38.3, 2020: 33.4, 2021: 34.9, 2022: 34, 2023: 30.9, 2024: 33",,34.9,Roadside (DT),Yes,-288453.491473036,6705789.48523368
706,22,Stokes Croft,2021,11,"2010: 68.2, 2011: 58.7, 2012: 55.3, 2013: 57.7, 2014: 55.3, 2015: 49.7, 2016: 54.4, 2017: 52.5, 2018: 51, 2019: 44.3, 2020: 34.3, 2021: 37.5, 2022: 36.7, 2023: 35.9, 2024: 34.4",,37.5,Roadside (DT),Yes,-288316.547788833,6703508.93195795
707,175,top of Brislington Hill,2021,11,"2010: 57.9, 2011: 56.3, 2012: 54.7, 2013: 55.3, 2014: 51.7, 2015: 52.9, 2016: 56.5, 2017: 54, 2018: 54.9, 2019: 44.6, 2020: 36.4, 2021: 41.4, 2022: 38.7, 2023: 30.4, 2024: 30.3",,41.4,bath road showcase route (DT),Yes,-283408.629887594,6698149.144355
708,254,Merchants Road Hotwells,2021,12,"2010: 47.1, 2011: 55.6, 2012: 55.3, 2013: 53.2, 2014: 51.5, 2015: 54.4, 2016: 51.8, 2017: 52.2, 2018: 49.4, 2019: 40.5, 2020: 31.1, 2021: 34.6, 2022: 33, 2023: 24.7, 2024: 23.9",,34.6,Roadside Stage 4 (DT),Yes,-291486.964634959,6701142.24890875
709,260,Stapleton Road South,2021,12,"2010: 52.9, 2011: 52.8, 2012: 45.8, 2013: 46.5, 2014: 46.3, 2015: 45.6, 2016: 45.4, 2017: 42.6, 2018: 43.1, 2019: 36.2, 2020: 29.5, 2021: 33.2, 2022: 31.6, 2023: 26.5, 2024: 26",,33.2,Roadside Stage 4 (DT),Yes,-285080.464366343,6705912.52183786
710,371,Lamb Street façade,2021,12,"2010: 57.9, 2011: 47.5, 2012: 47.5, 2013: 46.9, 2014: 42.8, 2015: 44.8, 2016: 42.7, 2017: 44.7, 2018: 42.2, 2019: 34.1, 2020: 25.8, 2021: 29.4, 2022: 29, 2023: 25.5",,29.4,BROADMEAD,No,-287182.028571119,6702693.88408449
711,373,123 Newfoundland Street façade,2021,11,"2010: 53, 2011: 47.9, 2012: 44.9, 2013: 45.2, 2014: 41.6, 2015: 38.3, 2016: 39.5, 2017: 38.5, 2018: 35.7, 2019: 31.2, 2020: 23.9, 2021: 27.9, 2022: 27.4, 2023: 22.3, 2024: 21.5",,27.9,BROADMEAD,Yes,-287292.865269621,6703337.20318085
712,436,Shiners Garage,2021,11,"2010: 44.7, 2011: 40.9, 2012: 39.6, 2013: 40.1, 2014: 38.2, 2015: 37.9, 2016: 47.7, 2017: 45.8, 2018: 50.6, 2019: 42, 2020: 29.2, 2021: 31.2, 2022: 30.6, 2023: 24.4, 2024: 26.2",,31.2,Roadside,Yes,-285259.212047081,6702675.18810556
713,493,No 67 Filton Avenue on wall facing Muller Rd,2021,11,"2015: 36.2, 2016: 41.5, 2017: 41.9, 2018: 41.8, 2019: 37, 2020: 29.5, 2021: 31.8, 2022: 31.2, 2023: 27.4, 2024: 25.8",,31.8,Horfield Roadside,Yes,-287443.0455096,6708131.34018296
714,561,Lamppost opposite BRI CAZ,2021,23,"2019: 47, 2020: 33.8, 2021: 36.7, 2022: 34.8, 2023: 24.7, 2024: 25.7",,36.7,CAZ,Yes,-288985.174522769,6702772.54100723
715,577,High St lamp post outside Wards solicitors,2021,8,"2020: 30.5, 2021: 27.8, 2022: 31.1, 2023: 35.3, 2024: 35.2",,27.8,,Yes,-288583.613175002,6702052.94331383
716,578,Church Road-CAZ-Outside Gurdwara,2021,11,"2021: 33, 2022: 31.1, 2023: 27.5, 2024: 25.1",,33,CAZ,Yes,-283853.344852891,6703007.1857158
717,585,Park St-CAZ-Lamppost by Guild,2021,10,"2021: 30.5, 2022: 32.1, 2023: 24.7, 2024: 29.9",,30.5,CAZ,Yes,-289774.806693865,6702154.02892728
718,594,Lower Park Row-CAZ-Post by Art shop,2021,12,"2021: 34.1, 2022: 34.1, 2023: 26.6, 2024: 23.5",,34.1,CAZ,Yes,-289219.712773787,6702454.16156801
719,608,Temple Gate-CAZ-Lamppost,2021,11,"2021: 39.4, 2022: 38.4, 2023: 31.9, 2024: 32",,39.4,CAZ,Yes,-287568.73913653,6700951.23571188
720,622,Bedminster Rd-CAZ-Lamppost opp school,2021,12,"2021: 33.7, 2022: 34.3, 2023: 29.7, 2024: 27.5",,33.7,CAZ,Yes,-289955.425769149,6698213.18559292
721,629,Lower Ashley Rd-CAZ-Lamppost opp London Rd,2021,9,"2021: 38.9, 2022: 34.8, 2023: 34.6, 2024: 26.7",,38.9,CAZ,Yes,-286964.823086945,6704207.38663853
722,630,Bedminster Down Rd-CAZ-Lamppost by billboard,2021,12,"2021: 30.3, 2022: 35.5, 2023: 26.7, 2024: 24.3",,30.3,CAZ,Yes,-290795.175714285,6697905.95953687
723,657,Fishponds Rd-CAZ-Lamppost,2021,10,"2021: 29.2, 2022: 33.5, 2023: 24.9, 2024: 23.9",,29.2,CAZ,Yes,-284218.487148451,6705535.02282359
724,660,Muller Rd-CAZ-Lamppost,2021,12,"2021: 32.1, 2022: 32.4, 2023: 28.1, 2024: 27.7",,32.1,CAZ,Yes,-285470.8712225,6705822.73283643
725,662,Linden Rd-CAZ-Lamppost by house,2021,12,"2021: 21.2, 2022: 20.7, 2023: 19.1, 2024: 16.5",,21.2,CAZ,No,-290329.426128408,6706444.23460636
726,650,Wells Rd-CAZ-Lamppost,2021,11,"2021: 22.8, 2022: 21.6, 2023: 19.3, 2024: 19.6",,22.8,CAZ,No,-285535.730462454,6698009.34601773
727,651,Church Rd-CAZ-Post by Barwaaqo Cafe,2021,12,"2021: 35.2, 2022: 33.9, 2023: 26.6, 2024: 28.6",,35.2,CAZ,Yes,-285379.667685059,6702712.81340885
728,661,Linden Rd-CAZ-Lamppost by house,2021,10,"2021: 23.3, 2022: 22, 2023: 20.2, 2024: 18.3",,23.3,CAZ,Yes,-290081.352645409,6706296.83285128
729,670,Bristol Hill-CAZ-Lamppost Bristol Hill,2021,11,"2021: 39.9, 2022: 38.8, 2023: 32.8, 2024: 33.1",,39.9,CAZ,Yes,-284047.915620127,6698409.25865614
730,154,Hotwells Road,2021,10,"2010: 54.7, 2011: 40.9, 2012: 40.3, 2013: 44.3, 2014: 38.5, 2015: 37.2, 2016: 39.6, 2017: 38.5, 2018: 36.2, 2019: 30, 2020: 22.1, 2021: 25.4, 2022: 26.1, 2023: 17.8, 2024: 17.5",,25.4,harbourside (DT),Yes,-290714.010739251,6701235.48836649
731,163,Strathmore Road,2021,12,"2010: 44.8, 2011: 38.3, 2012: 38.8, 2013: 43, 2014: 39.1, 2015: 37, 2016: 39.7, 2017: 38, 2018: 36.6, 2019: 30.8, 2020: 24.5, 2021: 27.4, 2022: 27.2, 2023: 27.2, 2024: 25.7",,27.4,gloucester road showcase route (DT),Yes,-287828.657779616,6707832.48413925
732,239,Parson St. A38 East,2021,11,"2010: 81.3, 2011: 82, 2012: 76.9, 2013: 78, 2014: 65.4, 2015: 69.2, 2016: 68.9, 2017: 66.8, 2018: 65.2, 2019: 54.4, 2020: 47.6, 2021: 51.4, 2022: 48.6, 2023: 40.5, 2024: 38.1",,51.4,Roadside Stage 4 (DT),Yes,-290240.840052813,6698064.71461172
733,242,Parson Street Bedminster Down Road,2021,12,"2010: 80.3, 2011: 75.5, 2012: 73.9, 2013: 75.1, 2014: 56.2, 2015: 61.7, 2016: 68.4, 2017: 56, 2018: 51.1, 2019: 41, 2020: 32.2, 2021: 34.5, 2022: 36.6, 2023: 29.8, 2024: 28",,34.5,Roadside Stage 4 (DT),Yes,-290831.882346175,6697891.20245718
734,295,Lamppost   16 Ashley Road St. Pauls,2021,11,"2010: 58.8, 2011: 60.7, 2012: 57.8, 2013: 57.2, 2014: 58.6, 2015: 63.3, 2016: 55.7, 2017: 65.1, 2018: 59.6, 2019: 48.1, 2020: 37.2, 2021: 44.5, 2022: 41, 2023: 34, 2024: 34.8",,44.5,Post Stage Four,Yes,-287033.740015952,6704208.4476767
735,423,facade BRI children's,2021,12,"2010: 53, 2011: 53.2, 2012: 50.9, 2013: 46.3, 2014: 41.8, 2015: 44.4, 2016: 43.5, 2017: 45, 2018: 42.3, 2019: 35.2, 2020: 27.3, 2021: 29.5, 2022: 29.1, 2023: 22.2, 2024: 20.9",,29.5,Post DA Facades,Yes,-289088.725742146,6702699.40590324
736,455,St. Pauls Day Nursery,2021,36,"2010: 34.8, 2011: 30, 2012: 29.5, 2013: 30.1, 2014: 27.3, 2015: 26.5, 2016: 27.9, 2017: 26, 2018: 24.4, 2019: 20.8, 2020: 15.9, 2021: 16.4, 2022: 16.7, 2023: 14.3, 2024: 13.8",,16.4,QAQC,Yes,-287711.369865179,6703574.84926661
737,470,Victoria Park Primary,2021,12,"2010: 43.3, 2011: 39.4, 2012: 39.6, 2013: 37.8, 2014: 35, 2015: 38.7, 2016: 39.4, 2017: 35.9, 2018: 37.9, 2019: 29.4, 2020: 25.1, 2021: 26.8, 2022: 28.3, 2023: 24.2, 2024: 21.7",,26.8,USA 2009,Yes,-288112.730275877,6698870.47455211
738,487,Junction 3 Millpond Street,2021,9,"2013: 55.6, 2014: 47.4, 2015: 46.2, 2016: 45.7, 2017: 44.5, 2018: 41.9, 2019: 35.1, 2020: 27.7, 2021: 29.6, 2022: 36.8, 2023: 27.8, 2024: 24.1",,29.6,JCT3,Yes,-286505.090102087,6704231.89916475
739,512,Colston girls,2021,10,"2018: 47.6, 2019: 40.6, 2020: 30.7, 2021: 36.1, 2022: 36.2, 2023: 37.3, 2024: 36.6",,36.1,Schools 2018,Yes,-288456.602514821,6704385.03888425
740,539,Dalby avenue church lane,2021,11,"2018: 43.3, 2019: 35.6, 2020: 27.4, 2021: 30.9, 2022: 23.8, 2023: 26.6, 2024: 22.2",,30.9,Schools 2018,No,-289101.117517916,6699495.11599353
741,545,Ashton park school,2021,11,"2018: 34.9, 2019: 28.6, 2020: 22, 2021: 24.3, 2022: 23.3, 2023: 17.2, 2024: 16.3",,24.3,Schools 2018,Yes,-292657.041091682,6699537.53576006
742,556,South Eastern stair access Plimsoll Bridge,2021,12,"2019: 37, 2020: 31.7, 2021: 35, 2022: 31.8, 2023: 23.9, 2024: 20.8",,35,2019,Yes,-291951.375708127,6700935.93457146
743,559,Except local buses sign Blackmoors Lane,2021,10,"2019: 29, 2020: 19.8, 2021: 24.5, 2022: 24.2, 2023: 20.4, 2024: 20",,24.5,2019,Yes,-292489.258406958,6699770.21822176
744,567,Muller road/ Glenfrome road junction north,2021,11,"2019: 44, 2020: 41.3, 2021: 44.8, 2022: 43.2, 2023: 35.3, 2024: 34.4",,44.8,,Yes,-285740.541935235,6705873.67575955
745,568,Traffic light on the corner of Shaldon road,2021,11,"2019: 36.2, 2020: 29, 2021: 32.9, 2022: 32.2, 2023: 28.2, 2024: 28.4",,32.9,,Yes,-286627.518470074,6706564.22601791
746,574,"Whiteladies road, on loading sign next to Redland library",2021,12,"2020: 27.3, 2021: 28.9, 2022: 29.6, 2023: 25.8, 2024: 24.4",,28.9,,Yes,-290613.993813206,6704041.12007481
747,575,Baldwin Street traffic light outside domino's,2021,11,"2020: 30.9, 2021: 29.6, 2022: 31.5, 2023: 33, 2024: 34",,29.6,,Yes,-288982.808727793,6701889.06748671
748,581,Marlborough St-CAZ-Lamppost by coach station,2021,12,"2021: 40.8, 2022: 39.1, 2023: 30.4, 2024: 29",,40.8,CAZ,Yes,-288634.558951011,6703005.11864684
749,586,Park St-CAZ-Lamppost by Agora,2021,9,"2021: 38.6, 2022: 41.8, 2023: 32.6, 2024: 36.4",,38.6,CAZ,Yes,-289769.578448062,6702102.67013239
750,592,Upper Maudlin St-CAZ-Crossing by BRI,2021,12,"2021: 39.6, 2022: 38.6, 2023: 28.8, 2024: 26.7",,39.6,CAZ,Yes,-289026.543035871,6702736.86174839
751,596,Park Row-CAZ-Lamppost by museum,2021,12,"2021: 30, 2022: 31.2, 2023: 25.4, 2024: 22.9",,30,CAZ,Yes,-289392.843236105,6702269.61713787
752,601,College Green-CAZ-Lamppost opp Denmark St,2021,12,"2021: 29.4, 2022: 30.8, 2023: 25.4, 2024: 27.5",,29.4,CAZ,Yes,-289177.424630136,6701786.28300547
753,602,Anchor Road-CAZ-Lamppost,2021,11,"2021: 38, 2022: 42.7, 2023: 33.9, 2024: 33.5",,38,CAZ,Yes,-289325.884318505,6701524.85918933
754,603,Lewins Mead-CAZ-Post by Evans Cycles,2021,12,"2021: 39.6, 2022: 41.9, 2023: 34.5, 2024: 35",,39.6,CAZ,Yes,-288857.160773866,6702595.27216901
755,613,Newfoundland St-CAZ-Lamppost by crossing,2021,11,"2021: 40.6, 2022: 42, 2023: 33.3, 2024: 32",,40.6,CAZ,Yes,-287980.610006261,6702978.27168877
756,628,Lower Ashley Rd-CAZ-Lamppost by Geo Jones,2021,10,"2021: 35.9, 2022: 33.2, 2023: 29.5, 2024: 28.6",,35.9,CAZ,Yes,-287056.42728548,6704240.40230617
757,633,West St-CAZ-Lamppost opp Jamiesons,2021,12,"2021: 36.5, 2022: 34.6, 2023: 31.4, 2024: 33.2",,36.5,CAZ,Yes,-289711.676452964,6699342.37082829
758,634,Bedminster Parade-CAZ-Lamppost by William Hill,2021,12,"2021: 34.6, 2022: 30.1, 2023: 28.1, 2024: 26.1",,34.6,CAZ,Yes,-288828.609373328,6700059.38686374
759,639,Victoria St-CAZ-Lamppost opp Mitchell Lane,2021,10,"2021: 27, 2022: 29.5, 2023: 29.6, 2024: 25.8",,27,CAZ,Yes,-287965.592135745,6701500.56680266
760,640,Lamb Street-CAZ-One way sign by Church,2021,10,"2021: 28.1, 2022: 27.1, 2023: 23.6, 2024: 22.3",,28.1,CAZ,No,-287214.987817026,6702606.87609025
761,648,Wells Rd-CAZ-Lamppost by Red Lion Carpets,2021,12,"2021: 29, 2022: 29.2, 2023: 25.3, 2024: 25.8",,29,CAZ,Yes,-285393.183673245,6697588.21041641
762,649,Bath Rd-CAZ-Lamppost,2021,12,"2021: 30.1, 2022: 30, 2023: 27.1, 2024: 24.7",,30.1,CAZ,Yes,-283502.470401424,6698278.49155093
763,4,Three Lamps,2021,12,"2010: 62.3, 2011: 59.8, 2012: 58.4, 2013: 60.6, 2014: 55.8, 2015: 53.3, 2016: 55.2, 2017: 52.7, 2018: 53.5, 2019: 41, 2020: 36.8, 2021: 38.9, 2022: 38.4, 2023: 29.3, 2024: 30.7",,38.9,Roadside (DT),Yes,-287018.565739922,6700248.9656145
764,156,Jacobs Wells road opp Clifton hill,2021,11,"2010: 56.1, 2011: 49.1, 2012: 45.8, 2013: 44.2, 2014: 38, 2015: 38.9, 2016: 41.2, 2017: 39.3, 2018: 36.2, 2019: 30.5, 2020: 20.7, 2021: 24.9, 2022: 25.9, 2023: 19.1, 2024: 17.7",,24.9,harbourside (DT),Yes,-290548.152178807,6702096.20398506
765,157,Stokes Croft  Ashley Road,2021,12,"2010: 64.9, 2011: 61.8, 2012: 55.9, 2013: 56, 2014: 51.4, 2015: 53.3, 2016: 52.8, 2017: 48.6, 2018: 45.4, 2019: 43.1, 2020: 35.7, 2021: 40.3, 2022: 35, 2023: 35.2, 2024: 33.7",,40.3,gloucester road showcase route (DT),Yes,-288303.158453479,6703836.78908709
766,300,Facade Haart Estate Agents 755 Fishponds Road Fishponds,2021,11,"2010: 47, 2011: 52.8, 2012: 49.9, 2013: 48.5, 2014: 42.4, 2015: 45.9, 2016: 48.1, 2017: 45.9, 2018: 41.1, 2019: 35.1, 2020: 28.9, 2021: 28.7, 2022: 27.5, 2023: 21.2, 2024: 26.4",,28.7,Post Stage Four,Yes,-281520.287175529,6706769.98297697
767,307,Lamppost     Glenfrome Road \ Muller Road Horfield,2021,12,"2010: 46.6, 2011: 41.5, 2012: 39.5, 2013: 39.8, 2014: 38.4, 2015: 36.6, 2016: 37.4, 2017: 32.6, 2018: 37.3, 2019: 30.7, 2020: 24.6, 2021: 27.5, 2022: 26.8, 2023: 24.5, 2024: 21.6",,27.5,Post Stage Four,Yes,-285709.878701319,6705846.59411472
768,494,Muller Road - Adjacent to Darnley Avenue,2021,12,"2015: 37.5, 2016: 43.3, 2017: 39.5, 2018: 38.7, 2019: 32, 2020: 25.1, 2021: 25, 2022: 26.4, 2023: 22.5, 2024: 21.6",,25,Horfield Roadside,Yes,-287635.002115621,6708277.69693354
769,496,385 Church Road Redfield,2021,11,"2014: 42, 2015: 39.3, 2016: 41.1, 2017: 41.1, 2018: 39.2, 2019: 33, 2020: 25, 2021: 25.9, 2022: 26.7, 2023: 22.9, 2024: 20.2",,25.9,Post Stage Four,Yes,-283206.866231794,6703121.26962694
770,497,20 Ashley Road,2021,12,"2014: 49.3, 2015: 41.8, 2016: 43.2, 2017: 42.4, 2018: 38, 2019: 29.1, 2020: 24.6, 2021: 27.1, 2022: 24.7, 2023: 24.8, 2024: 22.5",,27.1,Post DA Facades,Yes,-288064.948651647,6703906.18922384
771,555,420 Hotwell Road A4,2021,12,"2019: 32, 2020: 26.5, 2021: 28, 2022: 28, 2023: 19.3, 2024: 17.8",,28,2019,No,-292192.346360895,6701393.22836191
772,571,Muller road junction with Downend road traffic light to the south of the junction.,2021,12,"2019: 42.8, 2020: 31.3, 2021: 33.1, 2022: 32.3, 2023: 28.4, 2024: 28.8",,33.1,,Yes,-287164.493543001,6707575.77869199
773,579,Church Road-CAZ-Lamppost,2021,12,"2021: 35.4, 2022: 32.2, 2023: 27.2, 2024: 25.8",,35.4,CAZ,Yes,-283363.406391227,6703055.84193516
774,582,Rupert St-CAZ-Post outside fire station,2021,8,"2021: 50, 2022: 43.7, 2023: 39.2, 2024: 45.4",,50,CAZ,Yes,-288655.464286701,6702617.79581964
775,589,Marlborough St-CAZ-On sign leg,2021,12,"2021: 26.5, 2022: 27.2, 2023: 21.8, 2024: 20",,26.5,CAZ,Yes,-288729.503590925,6703055.75489532
776,9,B.R.I.,2021,12,"2010: 65.4, 2011: 58, 2012: 52, 2013: 54, 2014: 49.3, 2015: 48, 2016: 48.8, 2017: 46.5, 2018: 44.7, 2019: 37.8, 2020: 31.7, 2021: 39.3, 2022: 36, 2023: 27.8",,39.3,Roadside (DT),No,-288920.3727828,6702882.30805318
777,16,Third Way,2021,12,"2010: 35.1, 2011: 35.8, 2012: 36.4, 2013: 33.3, 2014: 34.6, 2015: 35.9, 2016: 35.7, 2017: 35.2, 2018: 32.6, 2019: 28.7, 2020: 23.2, 2021: 24.9, 2022: 25.8, 2023: 21.5, 2024: 21.5",,24.9,Roadside (DT),No,-299319.725243601,6711147.03571026
778,159,Cromwell Road,2021,12,"2010: 53.6, 2011: 48.9, 2012: 49.7, 2013: 49, 2014: 44.5, 2015: 44.1, 2016: 44.8, 2017: 42, 2018: 43.3, 2019: 35.8, 2020: 28.5, 2021: 31.9, 2022: 32.1, 2023: 28.9, 2024: 28.2",,31.9,gloucester road showcase route (DT),Yes,-288675.219320107,6704666.05891095
779,161,Bishop Road,2021,12,"2010: 52.9, 2011: 47.4, 2012: 41.6, 2013: 41.8, 2014: 41.3, 2015: 43.7, 2016: 41.7, 2017: 38.8, 2018: 38, 2019: 31.7, 2020: 25.3, 2021: 27.4, 2022: 26, 2023: 25.6, 2024: 26.5",,27.4,gloucester road showcase route (DT),Yes,-288271.484099739,6706477.18610887
780,429,facade villiers road stapleton road junction,2021,7,"2010: 60.3, 2011: 57.8, 2012: 57.3, 2013: 60.6, 2014: 54.7, 2015: 50.4, 2016: 52.1, 2017: 47.8, 2018: 46.8, 2019: 41.2, 2020: 38.8, 2021: 36.4, 2022: 35.5, 2023: 38, 2024: 35.3",,36.4,Post DA Facades,Yes,-286116.033413056,6703865.40916925
781,550,Cathedral School,2021,11,"2018: 36.9, 2019: 35.1, 2020: 21.1, 2021: 29.1, 2022: 29.4, 2023: 24.7, 2024: 21.9",,29.1,Schools 2018,Yes,-289511.138807,6701454.27154767
782,580,Marlborough St-CAZ-Lamppost opposite hosp,2021,9,"2021: 47.9, 2022: 41.8, 2023: 33.8, 2024: 29.4",,47.9,CAZ,Yes,-288880.696386277,6702929.21887671
783,590,Marlborough St-CAZ-Post by bollards,2021,9,"2021: 42.3, 2022: 40.7, 2023: 31, 2024: 29.3",,42.3,CAZ,Yes,-288825.414081121,6703027.66426102
784,599,Park St-CAZ-Lamppost by bike stands,2021,10,"2021: 33.3, 2022: 31, 2023: 28.9, 2024: 28.5",,33.3,CAZ,Yes,-289867.086101649,6702270.52830158
785,157,Stokes Croft  Ashley Road,2020,11,"2010: 64.9, 2011: 61.8, 2012: 55.9, 2013: 56, 2014: 51.4, 2015: 53.3, 2016: 52.8, 2017: 48.6, 2018: 45.4, 2019: 43.1, 2020: 35.7, 2021: 40.3, 2022: 35, 2023: 35.2, 2024: 33.7",,35.7,gloucester road showcase route (DT),Yes,-288303.158453479,6703836.78908709
786,163,Strathmore Road,2020,12,"2010: 44.8, 2011: 38.3, 2012: 38.8, 2013: 43, 2014: 39.1, 2015: 37, 2016: 39.7, 2017: 38, 2018: 36.6, 2019: 30.8, 2020: 24.5, 2021: 27.4, 2022: 27.2, 2023: 27.2, 2024: 25.7",,24.5,gloucester road showcase route (DT),Yes,-287828.657779616,6707832.48413925
787,260,Stapleton Road South,2020,12,"2010: 52.9, 2011: 52.8, 2012: 45.8, 2013: 46.5, 2014: 46.3, 2015: 45.6, 2016: 45.4, 2017: 42.6, 2018: 43.1, 2019: 36.2, 2020: 29.5, 2021: 33.2, 2022: 31.6, 2023: 26.5, 2024: 26",,29.5,Roadside Stage 4 (DT),Yes,-285080.464366343,6705912.52183786
788,494,Muller Road - Adjacent to Darnley Avenue,2020,10,"2015: 37.5, 2016: 43.3, 2017: 39.5, 2018: 38.7, 2019: 32, 2020: 25.1, 2021: 25, 2022: 26.4, 2023: 22.5, 2024: 21.6",,25.1,Horfield Roadside,Yes,-287635.002115621,6708277.69693354
789,497,20 Ashley Road,2020,11,"2014: 49.3, 2015: 41.8, 2016: 43.2, 2017: 42.4, 2018: 38, 2019: 29.1, 2020: 24.6, 2021: 27.1, 2022: 24.7, 2023: 24.8, 2024: 22.5",,24.6,Post DA Facades,Yes,-288064.948651647,6703906.18922384
790,545,Ashton park school,2020,11,"2018: 34.9, 2019: 28.6, 2020: 22, 2021: 24.3, 2022: 23.3, 2023: 17.2, 2024: 16.3",,22,Schools 2018,Yes,-292657.041091682,6699537.53576006
791,550,Cathedral School,2020,10,"2018: 36.9, 2019: 35.1, 2020: 21.1, 2021: 29.1, 2022: 29.4, 2023: 24.7, 2024: 21.9",,21.1,Schools 2018,Yes,-289511.138807,6701454.27154767
792,11,Whitefriars,2020,12,"2010: 60.8, 2011: 56.1, 2012: 53.2, 2013: 56.3, 2014: 48.8, 2015: 51.4, 2016: 51.7, 2017: 49.2, 2018: 48.1, 2019: 41.1, 2020: 31.1, 2021: 35, 2022: 35.3, 2023: 29.6, 2024: 29.4",,31.1,Roadside (DT),Yes,-288783.750004099,6702631.21072234
793,5,Bedminster Parade,2020,11,"2010: 66.6, 2011: 57.2, 2012: 54.6, 2013: 58.7, 2014: 47.6, 2015: 50.9, 2016: 51.3, 2017: 45.8, 2018: 45.8, 2019: 39.9, 2020: 31.6, 2021: 41, 2022: 37.9, 2023: 33.5, 2024: 34.9",,31.6,Roadside (DT),Yes,-288906.606435902,6699999.33324423
794,2,Colston Avenue,2020,11,"2010: 79.4, 2011: 78.8, 2012: 66.8, 2013: 68.7, 2014: 67.7, 2015: 69.2, 2016: 66.1, 2017: 63.1, 2018: 58.2, 2019: 53.7, 2020: 36.9, 2021: 40.1, 2022: 40.3, 2023: 39, 2024: 38.4",,36.9,Roadside (DT),Yes,-289075.818144399,6702097.12495681
795,576,"Baldwin Street lamp post by cycle way, opp St Stephens St",2020,6,"2020: 23.9, 2021: 26.8, 2022: 29.8, 2023: 27.9, 2024: 27.2",,23.9,,Yes,-288811.307352347,6701879.22135177
796,574,"Whiteladies road, on loading sign next to Redland library",2020,8,"2020: 27.3, 2021: 28.9, 2022: 29.6, 2023: 25.8, 2024: 24.4",,27.3,,Yes,-290613.993813206,6704041.12007481
797,570,Muller road junction with Downend road lampost north of the junction.,2020,10,"2019: 33.1, 2020: 28.4, 2021: 28.2, 2022: 29.6, 2023: 26.2, 2024: 26.4",,28.4,,Yes,-287166.452121254,6707620.76976991
798,563,Lamp post at junction with Highridge rd. near Cox brothers garage. South Bristol link.,2020,11,"2019: 24.6, 2020: 19.2",,19.2,SBL,No,-292250.846836202,6694532.42999301
799,558,Coronation Road Walter Street No Entry,2020,10,"2019: 27.8, 2020: 22.3",,22.3,2019,No,-291198.269474696,6700336.84968438
800,525,Summer hill a420,2020,9,"2018: 43.5, 2019: 35.3, 2020: 24.1, 2021: 28.5, 2022: 29.8, 2023: 24.8, 2024: 23.2",,24.1,Schools 2018,Yes,-282952.907378995,6703230.79423347
801,496,385 Church Road Redfield,2020,12,"2014: 42, 2015: 39.3, 2016: 41.1, 2017: 41.1, 2018: 39.2, 2019: 33, 2020: 25, 2021: 25.9, 2022: 26.7, 2023: 22.9, 2024: 20.2",,25,Post Stage Four,Yes,-283206.866231794,6703121.26962694
802,438,A37 Junction w/ Airport Road,2020,36,"2010: 48, 2011: 47.7, 2012: 43.4, 2013: 43.5, 2014: 44, 2015: 43.1, 2016: 43.4, 2017: 43.2, 2018: 36.6, 2019: 31.8, 2020: 27.1, 2021: 29, 2022: 29.4, 2023: 25, 2024: 23.2",,27.1,QAQC,Yes,-285394.401951542,6697329.73212812
803,422,North St/Langton Park T junction,2020,11,"2010: 43.4, 2011: 41.2, 2012: 39.8, 2013: 39, 2014: 34.1, 2015: 35, 2016: 39.4, 2017: 36.5, 2018: 34.1, 2019: 27.4, 2020: 23.4",,23.4,Post DA Facades,No,-289793.129417391,6699704.60992124
804,577,High St lamp post outside Wards solicitors,2020,6,"2020: 30.5, 2021: 27.8, 2022: 31.1, 2023: 35.3, 2024: 35.2",,30.5,,Yes,-288583.613175002,6702052.94331383
805,565,A4018 Lamp post by layby before roundabout for Crow Ln/ Knole Ln,2020,12,"2019: 31.4, 2020: 24.5, 2021: 26.3, 2022: 24.4, 2023: 22.7, 2024: 22.8",,24.5,A4018,Yes,-291402.555570038,6711865.98879971
806,515,St. Werburghs park nursery,2020,11,"2018: 33.7, 2019: 27.9, 2020: 22.4",,22.4,Schools 2018,No,-286367.688224139,6705107.08028099
807,502,Co-located Colston Ave,2020,36,"2019: 68.7, 2020: 52.1, 2021: 58, 2022: 54.1, 2023: 48.9, 2024: 50.8",,52.1,QAQC,Yes,-289057.625324914,6702224.17268152
808,492,On 1 way sign at bottom of Wellington Hill,2020,12,"2015: 37.6, 2016: 40.3, 2017: 36.8, 2018: 34.8, 2019: 31.3, 2020: 25.2, 2021: 26.4, 2022: 27.5, 2023: 25.6, 2024: 23.7",,25.2,Horfield Roadside,Yes,-287813.3061196,6707917.80129038
809,487,Junction 3 Millpond Street,2020,11,"2013: 55.6, 2014: 47.4, 2015: 46.2, 2016: 45.7, 2017: 44.5, 2018: 41.9, 2019: 35.1, 2020: 27.7, 2021: 29.6, 2022: 36.8, 2023: 27.8, 2024: 24.1",,27.7,JCT3,Yes,-286505.090102087,6704231.89916475
810,474,Martial Arts West Street,2020,12,"2010: 45.1, 2011: 39.7, 2012: 37.9, 2013: 39.1, 2014: 35.8, 2015: 38.5, 2016: 38.7, 2017: 35.8, 2018: 31.9, 2019: 29.1, 2020: 22.9",,22.9,USA 2009,No,-290069.368921615,6698825.58328779
811,464,Fishponds Road,2020,34,"2010: 42.2, 2011: 39.2, 2012: 38, 2013: 35.7, 2014: 36, 2015: 34.9, 2016: 36.9, 2017: 36.8, 2018: 34.4, 2019: 29.7, 2020: 24.2, 2021: 23.7, 2022: 24, 2023: 20.8, 2024: 20.8",,24.2,QAQC,Yes,-282218.963762018,6706297.20472537
812,418,Bedminster Down Rd lamppost between Ashton Motors & Plough PH,2020,12,"2010: 92.9, 2011: 90.5, 2012: 81.8, 2013: 74, 2014: 67.7, 2015: 63.7, 2016: 69.3, 2017: 58.4, 2018: 55.7, 2019: 51.1, 2020: 40.2, 2021: 45.9, 2022: 44.1, 2023: 32.8, 2024: 31.7",,40.2,Post DA Facades,Yes,-290471.62510202,6698281.14621008
813,303,Facade   784 Muller Road Fishponds,2020,12,"2010: 55.4, 2011: 52.1, 2012: 48.5, 2013: 48.2, 2014: 43.5, 2015: 46.1, 2016: 46.2, 2017: 44, 2018: 43.8, 2019: 36.5, 2020: 29.2, 2021: 31.8, 2022: 31.2, 2023: 24.1, 2024: 23.3",,29.2,Post Stage Four,Yes,-284712.640975304,6705600.36391359
814,539,Dalby avenue church lane,2020,12,"2018: 43.3, 2019: 35.6, 2020: 27.4, 2021: 30.9, 2022: 23.8, 2023: 26.6, 2024: 22.2",,27.4,Schools 2018,No,-289101.117517916,6699495.11599353
815,261,Stapleton Road Heath Street,2020,12,"2010: 55.8, 2011: 48.2, 2012: 53, 2013: 55.8, 2014: 50.6, 2015: 51.3, 2016: 53.1, 2017: 52.4, 2018: 51, 2019: 41.5, 2020: 34.7, 2021: 39.1, 2022: 39.3, 2023: 32, 2024: 33",,34.7,Roadside Stage 4 (DT),Yes,-285135.992821959,6705418.74590538
816,9,B.R.I.,2020,12,"2010: 65.4, 2011: 58, 2012: 52, 2013: 54, 2014: 49.3, 2015: 48, 2016: 48.8, 2017: 46.5, 2018: 44.7, 2019: 37.8, 2020: 31.7, 2021: 39.3, 2022: 36, 2023: 27.8",,31.7,Roadside (DT),No,-288920.3727828,6702882.30805318
817,239,Parson St. A38 East,2020,12,"2010: 81.3, 2011: 82, 2012: 76.9, 2013: 78, 2014: 65.4, 2015: 69.2, 2016: 68.9, 2017: 66.8, 2018: 65.2, 2019: 54.4, 2020: 47.6, 2021: 51.4, 2022: 48.6, 2023: 40.5, 2024: 38.1",,47.6,Roadside Stage 4 (DT),Yes,-290240.840052813,6698064.71461172
818,161,Bishop Road,2020,12,"2010: 52.9, 2011: 47.4, 2012: 41.6, 2013: 41.8, 2014: 41.3, 2015: 43.7, 2016: 41.7, 2017: 38.8, 2018: 38, 2019: 31.7, 2020: 25.3, 2021: 27.4, 2022: 26, 2023: 25.6, 2024: 26.5",,25.3,gloucester road showcase route (DT),Yes,-288271.484099739,6706477.18610887
819,155,Jacobs Wells Road South,2020,11,"2010: 47.4, 2011: 52.4, 2012: 46.9, 2013: 48.5, 2014: 38.8, 2015: 39.9, 2016: 43.1, 2017: 37.9, 2018: 40.1, 2019: 31.1, 2020: 22.9, 2021: 25.5, 2022: 24.2, 2023: 17.5, 2024: 15.2",,22.9,harbourside (DT),Yes,-290337.435875919,6701608.05267219
820,154,Hotwells Road,2020,12,"2010: 54.7, 2011: 40.9, 2012: 40.3, 2013: 44.3, 2014: 38.5, 2015: 37.2, 2016: 39.6, 2017: 38.5, 2018: 36.2, 2019: 30, 2020: 22.1, 2021: 25.4, 2022: 26.1, 2023: 17.8, 2024: 17.5",,22.1,harbourside (DT),Yes,-290714.010739251,6701235.48836649
821,405,Whitehall Rd/Easton Rd lamppost 4TZ,2020,12,"2010: 57.8, 2011: 58, 2012: 53.1, 2013: 55, 2014: 51.1, 2015: 53.1, 2016: 42.6, 2017: 50.4, 2018: 56.2, 2019: 48.5, 2020: 38.7, 2021: 40.4, 2022: 38, 2023: 33.5, 2024: 33.6",,38.7,Post DA Facades,Yes,-285203.139777754,6703303.7524392
822,374,St. Paul Street,2020,11,"2010: 56.2, 2011: 56.2, 2012: 46.8, 2013: 50.7, 2014: 51.8, 2015: 47.1, 2016: 47.2, 2017: 45.2, 2018: 47.8, 2019: 39.9, 2020: 29.9, 2021: 35, 2022: 33.7, 2023: 27.1, 2024: 25.1",,29.9,BROADMEAD,Yes,-287671.912995715,6703046.61290049
823,373,123 Newfoundland Street façade,2020,11,"2010: 53, 2011: 47.9, 2012: 44.9, 2013: 45.2, 2014: 41.6, 2015: 38.3, 2016: 39.5, 2017: 38.5, 2018: 35.7, 2019: 31.2, 2020: 23.9, 2021: 27.9, 2022: 27.4, 2023: 22.3, 2024: 21.5",,23.9,BROADMEAD,Yes,-287292.865269621,6703337.20318085
824,300,Facade Haart Estate Agents 755 Fishponds Road Fishponds,2020,12,"2010: 47, 2011: 52.8, 2012: 49.9, 2013: 48.5, 2014: 42.4, 2015: 45.9, 2016: 48.1, 2017: 45.9, 2018: 41.1, 2019: 35.1, 2020: 28.9, 2021: 28.7, 2022: 27.5, 2023: 21.2, 2024: 26.4",,28.9,Post Stage Four,Yes,-281520.287175529,6706769.98297697
825,175,top of Brislington Hill,2020,10,"2010: 57.9, 2011: 56.3, 2012: 54.7, 2013: 55.3, 2014: 51.7, 2015: 52.9, 2016: 56.5, 2017: 54, 2018: 54.9, 2019: 44.6, 2020: 36.4, 2021: 41.4, 2022: 38.7, 2023: 30.4, 2024: 30.3",,36.4,bath road showcase route (DT),Yes,-283408.629887594,6698149.144355
826,312,Lamppost     Ashley Hill St. Pauls,2020,12,"2010: 46.8, 2011: 46.4, 2012: 43.7, 2013: 44.5, 2014: 36.7, 2015: 36.8, 2016: 41.6, 2017: 38.5, 2018: 38.5, 2019: 32.8, 2020: 26.2, 2021: 29.5, 2022: 29.8, 2023: 24.8, 2024: 23.5",,26.2,Post Stage Four,Yes,-287167.355516468,6704691.02392647
827,159,Cromwell Road,2020,12,"2010: 53.6, 2011: 48.9, 2012: 49.7, 2013: 49, 2014: 44.5, 2015: 44.1, 2016: 44.8, 2017: 42, 2018: 43.3, 2019: 35.8, 2020: 28.5, 2021: 31.9, 2022: 32.1, 2023: 28.9, 2024: 28.2",,28.5,gloucester road showcase route (DT),Yes,-288675.219320107,6704666.05891095
828,21,Gloucester Road,2020,11,"2010: 50.1, 2011: 44.5, 2012: 43.1, 2013: 52, 2014: 50.4, 2015: 51.6, 2016: 50.2, 2017: 49.3, 2018: 46.4, 2019: 38.3, 2020: 33.4, 2021: 34.9, 2022: 34, 2023: 30.9, 2024: 33",,33.4,Roadside (DT),Yes,-288453.491473036,6705789.48523368
829,569,Lampost on North corner of Draycott road junction with Muller road.,2020,12,"2019: 31.4, 2020: 22.8, 2021: 24.1, 2022: 24.1, 2023: 21.3, 2024: 21.4",,22.8,,No,-287150.416060161,6707214.2389884
830,568,Traffic light on the corner of Shaldon road,2020,11,"2019: 36.2, 2020: 29, 2021: 32.9, 2022: 32.2, 2023: 28.2, 2024: 28.4",,29,,Yes,-286627.518470074,6706564.22601791
831,564,Westbury on Trym High Street Lamp post by Athena restaurant,2020,10,"2019: 24.3, 2020: 16.3",,16.3,A4018,No,-291466.833135425,6709215.52965502
832,562,Lamp post near Queens Head pub South Bristol link,2020,10,"2019: 37.3, 2020: 30.1",,30.1,SBL,No,-291682.610624831,6694341.48580166
833,560,Lamppost outside BRI CAZ,2020,24,"2019: 40.4, 2020: 30.2, 2021: 32.2, 2022: 31.5, 2023: 25.6, 2024: 20.5",,30.2,CAZ,No,-289022.128096125,6702785.09084199
834,557,Talbot Road 20mph lamppost,2020,11,"2019: 25.2, 2020: 21.9",,21.9,2019,No,-284973.402644845,6698394.18922359
835,493,No 67 Filton Avenue on wall facing Muller Rd,2020,12,"2015: 36.2, 2016: 41.5, 2017: 41.9, 2018: 41.8, 2019: 37, 2020: 29.5, 2021: 31.8, 2022: 31.2, 2023: 27.4, 2024: 25.8",,29.5,Horfield Roadside,Yes,-287443.0455096,6708131.34018296
836,472,Jamiesons Autos,2020,12,"2010: 52.4, 2011: 47.4, 2012: 46.5, 2013: 48.2, 2014: 45.2, 2015: 40, 2016: 45.3, 2017: 41.6, 2018: 37.3, 2019: 33.7, 2020: 26.2, 2021: 28.7, 2022: 29, 2023: 25.8, 2024: 25.7",,26.2,USA 2009,Yes,-289697.065688815,6699318.40485888
837,470,Victoria Park Primary,2020,11,"2010: 43.3, 2011: 39.4, 2012: 39.6, 2013: 37.8, 2014: 35, 2015: 38.7, 2016: 39.4, 2017: 35.9, 2018: 37.9, 2019: 29.4, 2020: 25.1, 2021: 26.8, 2022: 28.3, 2023: 24.2, 2024: 21.7",,25.1,USA 2009,Yes,-288112.730275877,6698870.47455211
838,439,Parson Street School,2020,31,"2010: 41.9, 2011: 40.9, 2012: 40.9, 2013: 44.7, 2014: 42, 2015: 41, 2016: 43.6, 2017: 37.7, 2018: 37.7, 2019: 31.7, 2020: 25.4, 2021: 28.6, 2022: 27.2, 2023: 24, 2024: 22.4",,25.4,QAQC,Yes,-289982.448521423,6698188.87869929
839,406,Whitehall Rd lamppost 17 nr juction with Chalks Rd,2020,12,"2010: 48.1, 2011: 37.5, 2012: 36.5, 2013: 36.5, 2014: 34.9, 2015: 35.4, 2016: 36.2, 2017: 38.9, 2018: 38.5, 2019: 31, 2020: 26.6, 2021: 29.3, 2022: 29.6, 2023: 24.2, 2024: 23.2",,26.6,Post DA Facades,Yes,-284362.720936092,6703411.38989974
840,320,Monitor     Bath Road Brislington,2020,36,"2010: 34.3, 2011: 33.1, 2012: 31.5, 2013: 31.1, 2014: 30.9, 2015: 31.3, 2016: 31.1, 2017: 30.7, 2018: 27.9, 2019: 23.5, 2020: 19.3, 2021: 20.8, 2022: 20.6, 2023: 17.7, 2024: 17",,19.3,QAQC,Yes,-284969.788762769,6699810.45977789
841,307,Lamppost     Glenfrome Road \ Muller Road Horfield,2020,12,"2010: 46.6, 2011: 41.5, 2012: 39.5, 2013: 39.8, 2014: 38.4, 2015: 36.6, 2016: 37.4, 2017: 32.6, 2018: 37.3, 2019: 30.7, 2020: 24.6, 2021: 27.5, 2022: 26.8, 2023: 24.5, 2024: 21.6",,24.6,Post Stage Four,Yes,-285709.878701319,6705846.59411472
842,156,Jacobs Wells road opp Clifton hill,2020,11,"2010: 56.1, 2011: 49.1, 2012: 45.8, 2013: 44.2, 2014: 38, 2015: 38.9, 2016: 41.2, 2017: 39.3, 2018: 36.2, 2019: 30.5, 2020: 20.7, 2021: 24.9, 2022: 25.9, 2023: 19.1, 2024: 17.7",,20.7,harbourside (DT),Yes,-290548.152178807,6702096.20398506
843,16,Third Way,2020,11,"2010: 35.1, 2011: 35.8, 2012: 36.4, 2013: 33.3, 2014: 34.6, 2015: 35.9, 2016: 35.7, 2017: 35.2, 2018: 32.6, 2019: 28.7, 2020: 23.2, 2021: 24.9, 2022: 25.8, 2023: 21.5, 2024: 21.5",,23.2,Roadside (DT),No,-299319.725243601,6711147.03571026
844,295,Lamppost   16 Ashley Road St. Pauls,2020,8,"2010: 58.8, 2011: 60.7, 2012: 57.8, 2013: 57.2, 2014: 58.6, 2015: 63.3, 2016: 55.7, 2017: 65.1, 2018: 59.6, 2019: 48.1, 2020: 37.2, 2021: 44.5, 2022: 41, 2023: 34, 2024: 34.8",,37.2,Post Stage Four,Yes,-287033.740015952,6704208.4476767
845,417,St John's Lane No 26 lamppost 15 (just past roundabout),2020,12,"2010: 51.3, 2011: 45.6, 2012: 44.1, 2013: 42.1, 2014: 40.8, 2015: 43.6, 2016: 43.4, 2017: 35.2, 2018: 36, 2019: 31, 2020: 26.3, 2021: 27.9, 2022: 27, 2023: 22.7, 2024: 20.9",,26.3,Post DA Facades,Yes,-287442.243890537,6699543.83315549
846,3,Blackboy Hill,2020,12,"2010: 46, 2011: 36.6, 2012: 37.7, 2013: 41.2, 2014: 36.3, 2015: 37.9, 2016: 37.6, 2017: 34.4, 2018: 34.4, 2019: 27.7, 2020: 28.7, 2021: 44.4, 2022: 38.8, 2023: 47.7, 2024: 29",,28.7,Roadside (DT),Yes,-290988.19933068,6704714.42467723
847,10,Bath Road,2020,12,"2010: 68.2, 2011: 62.3, 2012: 58.4, 2013: 61.5, 2014: 50.1, 2015: 49.3, 2016: 54.5, 2017: 51.6, 2018: 51.5, 2019: 42.2, 2020: 33.6, 2021: 36.8, 2022: 35.9, 2023: 30.7, 2024: 30.3",,33.6,Roadside (DT),Yes,-284908.842563162,6699589.32161916
848,14,Red Lion Knowle,2020,12,"2010: 47.9, 2011: 44.1, 2012: 43.2, 2013: 42.2, 2014: 40.4, 2015: 40.1, 2016: 42.3, 2017: 41.1, 2018: 47.6, 2019: 38.7, 2020: 32.4, 2021: 32.7, 2022: 30.3, 2023: 27, 2024: 25.8",,32.4,Roadside (DT),Yes,-285439.186904326,6697740.37180987
849,113,Victoria Street,2020,12,"2010: 53.9, 2011: 55.2, 2012: 51.8, 2013: 48.4, 2014: 48.8, 2015: 47.5, 2016: 45.5, 2017: 49.9, 2018: 40.5, 2019: 37.4, 2020: 29.9, 2021: 27.8, 2022: 32, 2023: 29.4, 2024: 28.3",,29.9,redcliffe way templegate (DT),No,-288062.502763533,6701599.37177948
850,125,York Road,2020,12,"2010: 72.8, 2011: 66.5, 2012: 63, 2013: 59.6, 2014: 53.3, 2015: 52.9, 2016: 52.9, 2017: 56, 2018: 50.3, 2019: 45.2, 2020: 35.6, 2021: 35.8, 2022: 33.6, 2023: 24.3, 2024: 19.7",,35.6,redcliffe way templegate (DT),Yes,-288122.962480237,6700347.74496852
851,371,Lamb Street façade,2020,11,"2010: 57.9, 2011: 47.5, 2012: 47.5, 2013: 46.9, 2014: 42.8, 2015: 44.8, 2016: 42.7, 2017: 44.7, 2018: 42.2, 2019: 34.1, 2020: 25.8, 2021: 29.4, 2022: 29, 2023: 25.5",,25.8,BROADMEAD,No,-287182.028571119,6702693.88408449
852,403,Lamp post 48 230 Bath Road,2020,12,"2010: 46.5, 2011: 43.9, 2012: 43.6, 2013: 46.6, 2014: 39.2, 2015: 41.5, 2016: 37.5, 2017: 35.7, 2018: 35.6, 2019: 28.1, 2020: 23.4, 2021: 25.5, 2022: 25.5, 2023: 20.2, 2024: 20.6",,23.4,Post DA Facades,Yes,-286047.399122808,6699977.1677698
853,12,Galleries,2020,11,"2010: 58.2, 2011: 55.2, 2012: 50.8, 2013: 56.7, 2014: 51.3, 2015: 52.5, 2016: 52.8, 2017: 56.6, 2018: 57.5, 2019: 51.8, 2020: 41.9, 2021: 46.5, 2022: 50.2, 2023: 60.2, 2024: 35.3",,41.9,Roadside (DT),Yes,-288254.965440197,6702425.05893974
854,15,Horsefair,2020,12,"2010: 54.7, 2011: 50.9, 2012: 49.5, 2013: 53.6, 2014: 48.6, 2015: 50.8, 2016: 51.2, 2017: 49.4, 2018: 47.5, 2019: 42.2, 2020: 28.2, 2021: 31.5, 2022: 31.3, 2023: 26.4, 2024: 25.9",,28.2,Roadside (DT),Yes,-288014.971267504,6702867.14929257
855,22,Stokes Croft,2020,12,"2010: 68.2, 2011: 58.7, 2012: 55.3, 2013: 57.7, 2014: 55.3, 2015: 49.7, 2016: 54.4, 2017: 52.5, 2018: 51, 2019: 44.3, 2020: 34.3, 2021: 37.5, 2022: 36.7, 2023: 35.9, 2024: 34.4",,34.3,Roadside (DT),Yes,-288316.547788833,6703508.93195795
856,254,Merchants Road Hotwells,2020,12,"2010: 47.1, 2011: 55.6, 2012: 55.3, 2013: 53.2, 2014: 51.5, 2015: 54.4, 2016: 51.8, 2017: 52.2, 2018: 49.4, 2019: 40.5, 2020: 31.1, 2021: 34.6, 2022: 33, 2023: 24.7, 2024: 23.9",,31.1,Roadside Stage 4 (DT),Yes,-291486.964634959,6701142.24890875
857,325,Facade   258 Fishponds Road Fishponds,2020,12,"2010: 51.8, 2011: 53, 2012: 49.8, 2013: 45.8, 2014: 49.7, 2015: 50.8, 2016: 50.5, 2017: 49.2, 2018: 48.1, 2019: 39.4, 2020: 34.1, 2021: 37.3, 2022: 32.6, 2023: 29.4, 2024: 27.6",,34.1,Post Stage Four,Yes,-284232.620635064,6705496.34843142
858,413,Wells Rd bus lane sign just below junction with Knowle Rd,2020,12,"2010: 52.2, 2011: 47.1, 2012: 41.4, 2013: 43.7, 2014: 38.4, 2015: 39.3, 2016: 40, 2017: 38.7, 2018: 37.6, 2019: 31.2, 2020: 25.5, 2021: 27.4, 2022: 27.2, 2023: 23.5, 2024: 22.5",,25.5,Post DA Facades,Yes,-286790.024426925,6699701.55784787
859,419,Parson St lamppost outside Bristol Scuba,2020,12,"2010: 63.2, 2011: 54.7, 2012: 54.1, 2013: 53.6, 2014: 56.6, 2015: 53.6, 2016: 55.8, 2017: 51.3, 2018: 45, 2019: 39, 2020: 31.4, 2021: 34.3, 2022: 33.6, 2023: 29.4, 2024: 28.5",,31.4,Post DA Facades,Yes,-290320.090688617,6698353.05372706
860,429,facade villiers road stapleton road junction,2020,9,"2010: 60.3, 2011: 57.8, 2012: 57.3, 2013: 60.6, 2014: 54.7, 2015: 50.4, 2016: 52.1, 2017: 47.8, 2018: 46.8, 2019: 41.2, 2020: 38.8, 2021: 36.4, 2022: 35.5, 2023: 38, 2024: 35.3",,38.8,Post DA Facades,Yes,-286116.033413056,6703865.40916925
861,556,South Eastern stair access Plimsoll Bridge,2020,11,"2019: 37, 2020: 31.7, 2021: 35, 2022: 31.8, 2023: 23.9, 2024: 20.8",,31.7,2019,Yes,-291951.375708127,6700935.93457146
862,571,Muller road junction with Downend road traffic light to the south of the junction.,2020,12,"2019: 42.8, 2020: 31.3, 2021: 33.1, 2022: 32.3, 2023: 28.4, 2024: 28.8",,31.3,,Yes,-287164.493543001,6707575.77869199
863,473,B&G Snax West St,2020,11,"2010: 49.2, 2011: 43.1, 2012: 44.6, 2013: 43.5, 2014: 40.7, 2015: 49.6, 2016: 57.1, 2017: 40.1, 2018: 44, 2019: 42.4, 2020: 40, 2021: 28.4, 2022: 28.4, 2023: 26.1, 2024: 25.7",,40,USA 2009,Yes,-289888.728777705,6699059.90410014
864,478,T shirt Shop W. Town Lane,2020,12,"2010: 42.9, 2011: 38.2, 2012: 36.4, 2013: 39.9, 2014: 35.8, 2015: 36.3, 2016: 36.7, 2017: 35.4, 2018: 36.5, 2019: 28.8, 2020: 23.5",,23.5,Callington Road,No,-283497.367453175,6698023.25032835
865,491,Avonmouth Road Outside No 76,2020,12,"2014: 31.2, 2015: 33.8, 2016: 36.5, 2017: 34.4, 2018: 33.5, 2019: 27.3, 2020: 22",,22,Avonmouth Road,No,-298604.550071775,6709267.68975072
866,407,lamppost sussex place,2020,12,"2010: 53.9, 2011: 56.5, 2012: 47.3, 2013: 47.1, 2014: 43.9, 2015: 43.1, 2016: 48.7, 2017: 44.6, 2018: 46.7, 2019: 37.3, 2020: 26.7, 2021: 30.2, 2022: 29.5, 2023: 24.8",,26.7,Post DA Facades,No,-287169.041541866,6704295.74454928
867,561,Lamppost opposite BRI CAZ,2020,24,"2019: 47, 2020: 33.8, 2021: 36.7, 2022: 34.8, 2023: 24.7, 2024: 25.7",,33.8,CAZ,Yes,-288985.174522769,6702772.54100723
868,567,Muller road/ Glenfrome road junction north,2020,12,"2019: 44, 2020: 41.3, 2021: 44.8, 2022: 43.2, 2023: 35.3, 2024: 34.4",,41.3,,Yes,-285740.541935235,6705873.67575955
869,420,North St/Dean Lane on roundabout sign,2020,9,"2010: 43.8, 2011: 39.6, 2012: 38.1, 2013: 38.9, 2014: 37.2, 2015: 36.7, 2016: 38.6, 2017: 33.3, 2018: 37.1, 2019: 30.4, 2020: 23.2, 2021: 25.6, 2022: 28.8, 2023: 23.7, 2024: 22.3",,23.2,Post DA Facades,Yes,-289619.048853516,6699765.46194782
870,436,Shiners Garage,2020,12,"2010: 44.7, 2011: 40.9, 2012: 39.6, 2013: 40.1, 2014: 38.2, 2015: 37.9, 2016: 47.7, 2017: 45.8, 2018: 50.6, 2019: 42, 2020: 29.2, 2021: 31.2, 2022: 30.6, 2023: 24.4, 2024: 26.2",,29.2,Roadside,Yes,-285259.212047081,6702675.18810556
871,455,St. Pauls Day Nursery,2020,33,"2010: 34.8, 2011: 30, 2012: 29.5, 2013: 30.1, 2014: 27.3, 2015: 26.5, 2016: 27.9, 2017: 26, 2018: 24.4, 2019: 20.8, 2020: 15.9, 2021: 16.4, 2022: 16.7, 2023: 14.3, 2024: 13.8",,15.9,QAQC,Yes,-287711.369865179,6703574.84926661
872,469,Lamppost corner park avenue,2020,12,"2010: 46.2, 2011: 40.4, 2012: 39.4, 2013: 38.5, 2014: 35.8, 2015: 35.3, 2016: 39.2, 2017: 34.6, 2018: 36.2, 2019: 27.4, 2020: 23.4",,23.4,USA 2009,No,-287688.258760981,6699061.74717359
873,490,Avon School Barrack's Lane,2020,12,"2014: 29.1, 2015: 31.9, 2016: 32.4, 2017: 31, 2018: 26.8, 2019: 22.4, 2020: 18.6",,18.6,Avonmouth Road,No,-298669.251790211,6709500.2063584
874,499,Temple Way Nox site,2020,36,"2017: 38.5, 2018: 43.2, 2019: 33.6, 2020: 26, 2021: 31.1, 2022: 30.9, 2023: 26.2, 2024: 23.9",,26,QAQC,Yes,-287648.349706948,6702703.01974867
875,538,Dalby avenue,2020,11,"2018: 33.7, 2019: 26.6, 2020: 20.4, 2021: 22.5, 2022: 21.3, 2023: 19.5",,20.4,Schools 2018,No,-288970.92841672,6699635.88454218
876,555,420 Hotwell Road A4,2020,10,"2019: 32, 2020: 26.5, 2021: 28, 2022: 28, 2023: 19.3, 2024: 17.8",,26.5,2019,No,-292192.346360895,6701393.22836191
877,4,Three Lamps,2020,12,"2010: 62.3, 2011: 59.8, 2012: 58.4, 2013: 60.6, 2014: 55.8, 2015: 53.3, 2016: 55.2, 2017: 52.7, 2018: 53.5, 2019: 41, 2020: 36.8, 2021: 38.9, 2022: 38.4, 2023: 29.3, 2024: 30.7",,36.8,Roadside (DT),Yes,-287018.565739922,6700248.9656145
878,575,Baldwin Street traffic light outside domino's,2020,7,"2020: 30.9, 2021: 29.6, 2022: 31.5, 2023: 33, 2024: 34",,30.9,,Yes,-288982.808727793,6701889.06748671
879,559,Except local buses sign Blackmoors Lane,2020,9,"2019: 29, 2020: 19.8, 2021: 24.5, 2022: 24.2, 2023: 20.4, 2024: 20",,19.8,2019,Yes,-292489.258406958,6699770.21822176
880,512,Colston girls,2020,11,"2018: 47.6, 2019: 40.6, 2020: 30.7, 2021: 36.1, 2022: 36.2, 2023: 37.3, 2024: 36.6",,30.7,Schools 2018,Yes,-288456.602514821,6704385.03888425
881,489,Avonmouth Road Outside No 12,2020,12,"2014: 34.5, 2015: 36.9, 2016: 38.6, 2017: 37.7, 2018: 35.5, 2019: 28.6, 2020: 22.8",,22.8,Avonmouth Road,No,-298747.205725735,6709433.55872731
882,466,Savanna coffee drainpipe,2020,12,"2010: 41.1, 2011: 39.7, 2012: 39.6, 2013: 41.1, 2014: 38, 2015: 34, 2016: 35.8, 2017: 33.4, 2018: 33.2, 2019: 27.4, 2020: 20.8",,20.8,USA 2009,No,-290918.706654091,6699851.00397371
883,423,facade BRI children's,2020,12,"2010: 53, 2011: 53.2, 2012: 50.9, 2013: 46.3, 2014: 41.8, 2015: 44.4, 2016: 43.5, 2017: 45, 2018: 42.3, 2019: 35.2, 2020: 27.3, 2021: 29.5, 2022: 29.1, 2023: 22.2, 2024: 20.9",,27.3,Post DA Facades,Yes,-289088.725742146,6702699.40590324
884,363,5102 façade,2020,12,"2010: 44.9, 2011: 47.4, 2012: 48, 2013: 44.3, 2014: 39.8, 2015: 39.2, 2016: 39.6, 2017: 38.5, 2018: 37.2, 2019: 34, 2020: 23.5, 2021: 26.8, 2022: 28, 2023: 23.8, 2024: 23.9",,23.5,BROADMEAD,Yes,-288367.49785816,6703069.93538865
885,242,Parson Street Bedminster Down Road,2020,11,"2010: 80.3, 2011: 75.5, 2012: 73.9, 2013: 75.1, 2014: 56.2, 2015: 61.7, 2016: 68.4, 2017: 56, 2018: 51.1, 2019: 41, 2020: 32.2, 2021: 34.5, 2022: 36.6, 2023: 29.8, 2024: 28",,32.2,Roadside Stage 4 (DT),Yes,-290831.882346175,6697891.20245718
886,147,Anchor Road,2020,12,"2010: 65.6, 2011: 66.4, 2012: 60.6, 2013: 60.2, 2014: 57, 2015: 60.1, 2016: 56.9, 2017: 61.5, 2018: 56.6, 2019: 50.9, 2020: 39.4, 2021: 43.3, 2022: 45.5, 2023: 39.5, 2024: 36.3",,39.4,harbourside (DT),Yes,-289254.257300207,6701581.66334233
887,125,York Road,2019,12,"2010: 72.8, 2011: 66.5, 2012: 63, 2013: 59.6, 2014: 53.3, 2015: 52.9, 2016: 52.9, 2017: 56, 2018: 50.3, 2019: 45.2, 2020: 35.6, 2021: 35.8, 2022: 33.6, 2023: 24.3, 2024: 19.7",,45.2,redcliffe way templegate (DT),Yes,-288122.962480237,6700347.74496852
888,254,Merchants Road Hotwells,2019,12,"2010: 47.1, 2011: 55.6, 2012: 55.3, 2013: 53.2, 2014: 51.5, 2015: 54.4, 2016: 51.8, 2017: 52.2, 2018: 49.4, 2019: 40.5, 2020: 31.1, 2021: 34.6, 2022: 33, 2023: 24.7, 2024: 23.9",,40.5,Roadside Stage 4 (DT),Yes,-291486.964634959,6701142.24890875
889,261,Stapleton Road Heath Street,2019,12,"2010: 55.8, 2011: 48.2, 2012: 53, 2013: 55.8, 2014: 50.6, 2015: 51.3, 2016: 53.1, 2017: 52.4, 2018: 51, 2019: 41.5, 2020: 34.7, 2021: 39.1, 2022: 39.3, 2023: 32, 2024: 33",,41.5,Roadside Stage 4 (DT),Yes,-285135.992821959,6705418.74590538
890,312,Lamppost     Ashley Hill St. Pauls,2019,12,"2010: 46.8, 2011: 46.4, 2012: 43.7, 2013: 44.5, 2014: 36.7, 2015: 36.8, 2016: 41.6, 2017: 38.5, 2018: 38.5, 2019: 32.8, 2020: 26.2, 2021: 29.5, 2022: 29.8, 2023: 24.8, 2024: 23.5",,32.8,Post Stage Four,Yes,-287167.355516468,6704691.02392647
891,370,Great George Street lamppost,2019,12,"2010: 49.2, 2011: 43.7, 2012: 39.5, 2013: 39.4, 2014: 36.9, 2015: 37.7, 2016: 38.4, 2017: 37.5, 2018: 36.6, 2019: 30.1, 2021: 25, 2022: 31, 2023: 25.3, 2024: 21.2",,30.1,BROADMEAD,Yes,-287244.687317758,6702918.28830893
892,371,Lamb Street façade,2019,12,"2010: 57.9, 2011: 47.5, 2012: 47.5, 2013: 46.9, 2014: 42.8, 2015: 44.8, 2016: 42.7, 2017: 44.7, 2018: 42.2, 2019: 34.1, 2020: 25.8, 2021: 29.4, 2022: 29, 2023: 25.5",,34.1,BROADMEAD,No,-287182.028571119,6702693.88408449
893,403,Lamp post 48 230 Bath Road,2019,12,"2010: 46.5, 2011: 43.9, 2012: 43.6, 2013: 46.6, 2014: 39.2, 2015: 41.5, 2016: 37.5, 2017: 35.7, 2018: 35.6, 2019: 28.1, 2020: 23.4, 2021: 25.5, 2022: 25.5, 2023: 20.2, 2024: 20.6",,28.1,Post DA Facades,Yes,-286047.399122808,6699977.1677698
894,420,North St/Dean Lane on roundabout sign,2019,11,"2010: 43.8, 2011: 39.6, 2012: 38.1, 2013: 38.9, 2014: 37.2, 2015: 36.7, 2016: 38.6, 2017: 33.3, 2018: 37.1, 2019: 30.4, 2020: 23.2, 2021: 25.6, 2022: 28.8, 2023: 23.7, 2024: 22.3",,30.4,Post DA Facades,Yes,-289619.048853516,6699765.46194782
895,423,facade BRI children's,2019,12,"2010: 53, 2011: 53.2, 2012: 50.9, 2013: 46.3, 2014: 41.8, 2015: 44.4, 2016: 43.5, 2017: 45, 2018: 42.3, 2019: 35.2, 2020: 27.3, 2021: 29.5, 2022: 29.1, 2023: 22.2, 2024: 20.9",,35.2,Post DA Facades,Yes,-289088.725742146,6702699.40590324
896,474,Martial Arts West Street,2019,12,"2010: 45.1, 2011: 39.7, 2012: 37.9, 2013: 39.1, 2014: 35.8, 2015: 38.5, 2016: 38.7, 2017: 35.8, 2018: 31.9, 2019: 29.1, 2020: 22.9",,29.1,USA 2009,No,-290069.368921615,6698825.58328779
897,489,Avonmouth Road Outside No 12,2019,12,"2014: 34.5, 2015: 36.9, 2016: 38.6, 2017: 37.7, 2018: 35.5, 2019: 28.6, 2020: 22.8",,28.6,Avonmouth Road,No,-298747.205725735,6709433.55872731
898,538,Dalby avenue,2019,12,"2018: 33.7, 2019: 26.6, 2020: 20.4, 2021: 22.5, 2022: 21.3, 2023: 19.5",,26.6,Schools 2018,No,-288970.92841672,6699635.88454218
899,539,Dalby avenue church lane,2019,11,"2018: 43.3, 2019: 35.6, 2020: 27.4, 2021: 30.9, 2022: 23.8, 2023: 26.6, 2024: 22.2",,35.6,Schools 2018,No,-289101.117517916,6699495.11599353
900,314,Lamppost     Whiteladies Road \ Cotham Hill Clifton,2019,9,"2010: 51.1, 2011: 44.1, 2012: 40.4, 2013: 44.4, 2014: 43, 2015: 43.9, 2016: 41.5, 2017: 38.3, 2018: 37.7, 2019: 31.3",,31.3,Post Stage Four,No,-290494.80521666,6703775.41034363
901,175,top of Brislington Hill,2019,12,"2010: 57.9, 2011: 56.3, 2012: 54.7, 2013: 55.3, 2014: 51.7, 2015: 52.9, 2016: 56.5, 2017: 54, 2018: 54.9, 2019: 44.6, 2020: 36.4, 2021: 41.4, 2022: 38.7, 2023: 30.4, 2024: 30.3",,44.6,bath road showcase route (DT),Yes,-283408.629887594,6698149.144355
902,157,Stokes Croft  Ashley Road,2019,11,"2010: 64.9, 2011: 61.8, 2012: 55.9, 2013: 56, 2014: 51.4, 2015: 53.3, 2016: 52.8, 2017: 48.6, 2018: 45.4, 2019: 43.1, 2020: 35.7, 2021: 40.3, 2022: 35, 2023: 35.2, 2024: 33.7",,43.1,gloucester road showcase route (DT),Yes,-288303.158453479,6703836.78908709
903,21,Gloucester Road,2019,10,"2010: 50.1, 2011: 44.5, 2012: 43.1, 2013: 52, 2014: 50.4, 2015: 51.6, 2016: 50.2, 2017: 49.3, 2018: 46.4, 2019: 38.3, 2020: 33.4, 2021: 34.9, 2022: 34, 2023: 30.9, 2024: 33",,38.3,Roadside (DT),Yes,-288453.491473036,6705789.48523368
904,2,Colston Avenue,2019,11,"2010: 79.4, 2011: 78.8, 2012: 66.8, 2013: 68.7, 2014: 67.7, 2015: 69.2, 2016: 66.1, 2017: 63.1, 2018: 58.2, 2019: 53.7, 2020: 36.9, 2021: 40.1, 2022: 40.3, 2023: 39, 2024: 38.4",,53.7,Roadside (DT),Yes,-289075.818144399,6702097.12495681
905,418,Bedminster Down Rd lamppost between Ashton Motors & Plough PH,2019,12,"2010: 92.9, 2011: 90.5, 2012: 81.8, 2013: 74, 2014: 67.7, 2015: 63.7, 2016: 69.3, 2017: 58.4, 2018: 55.7, 2019: 51.1, 2020: 40.2, 2021: 45.9, 2022: 44.1, 2023: 32.8, 2024: 31.7",,51.1,Post DA Facades,Yes,-290471.62510202,6698281.14621008
906,320,Monitor     Bath Road Brislington,2019,34,"2010: 34.3, 2011: 33.1, 2012: 31.5, 2013: 31.1, 2014: 30.9, 2015: 31.3, 2016: 31.1, 2017: 30.7, 2018: 27.9, 2019: 23.5, 2020: 19.3, 2021: 20.8, 2022: 20.6, 2023: 17.7, 2024: 17",,23.5,QAQC,Yes,-284969.788762769,6699810.45977789
907,12,Galleries,2019,12,"2010: 58.2, 2011: 55.2, 2012: 50.8, 2013: 56.7, 2014: 51.3, 2015: 52.5, 2016: 52.8, 2017: 56.6, 2018: 57.5, 2019: 51.8, 2020: 41.9, 2021: 46.5, 2022: 50.2, 2023: 60.2, 2024: 35.3",,51.8,Roadside (DT),Yes,-288254.965440197,6702425.05893974
908,307,Lamppost     Glenfrome Road \ Muller Road Horfield,2019,12,"2010: 46.6, 2011: 41.5, 2012: 39.5, 2013: 39.8, 2014: 38.4, 2015: 36.6, 2016: 37.4, 2017: 32.6, 2018: 37.3, 2019: 30.7, 2020: 24.6, 2021: 27.5, 2022: 26.8, 2023: 24.5, 2024: 21.6",,30.7,Post Stage Four,Yes,-285709.878701319,6705846.59411472
909,512,Colston girls,2019,9,"2018: 47.6, 2019: 40.6, 2020: 30.7, 2021: 36.1, 2022: 36.2, 2023: 37.3, 2024: 36.6",,40.6,Schools 2018,Yes,-288456.602514821,6704385.03888425
910,469,Lamppost corner park avenue,2019,12,"2010: 46.2, 2011: 40.4, 2012: 39.4, 2013: 38.5, 2014: 35.8, 2015: 35.3, 2016: 39.2, 2017: 34.6, 2018: 36.2, 2019: 27.4, 2020: 23.4",,27.4,USA 2009,No,-287688.258760981,6699061.74717359
911,436,Shiners Garage,2019,12,"2010: 44.7, 2011: 40.9, 2012: 39.6, 2013: 40.1, 2014: 38.2, 2015: 37.9, 2016: 47.7, 2017: 45.8, 2018: 50.6, 2019: 42, 2020: 29.2, 2021: 31.2, 2022: 30.6, 2023: 24.4, 2024: 26.2",,42,Roadside,Yes,-285259.212047081,6702675.18810556
912,163,Strathmore Road,2019,12,"2010: 44.8, 2011: 38.3, 2012: 38.8, 2013: 43, 2014: 39.1, 2015: 37, 2016: 39.7, 2017: 38, 2018: 36.6, 2019: 30.8, 2020: 24.5, 2021: 27.4, 2022: 27.2, 2023: 27.2, 2024: 25.7",,30.8,gloucester road showcase route (DT),Yes,-287828.657779616,6707832.48413925
913,560,Lamppost outside BRI CAZ,2019,13,"2019: 40.4, 2020: 30.2, 2021: 32.2, 2022: 31.5, 2023: 25.6, 2024: 20.5",,40.4,CAZ,No,-289022.128096125,6702785.09084199
914,161,Bishop Road,2019,10,"2010: 52.9, 2011: 47.4, 2012: 41.6, 2013: 41.8, 2014: 41.3, 2015: 43.7, 2016: 41.7, 2017: 38.8, 2018: 38, 2019: 31.7, 2020: 25.3, 2021: 27.4, 2022: 26, 2023: 25.6, 2024: 26.5",,31.7,gloucester road showcase route (DT),Yes,-288271.484099739,6706477.18610887
915,473,B&G Snax West St,2019,12,"2010: 49.2, 2011: 43.1, 2012: 44.6, 2013: 43.5, 2014: 40.7, 2015: 49.6, 2016: 57.1, 2017: 40.1, 2018: 44, 2019: 42.4, 2020: 40, 2021: 28.4, 2022: 28.4, 2023: 26.1, 2024: 25.7",,42.4,USA 2009,Yes,-289888.728777705,6699059.90410014
916,487,Junction 3 Millpond Street,2019,12,"2013: 55.6, 2014: 47.4, 2015: 46.2, 2016: 45.7, 2017: 44.5, 2018: 41.9, 2019: 35.1, 2020: 27.7, 2021: 29.6, 2022: 36.8, 2023: 27.8, 2024: 24.1",,35.1,JCT3,Yes,-286505.090102087,6704231.89916475
917,499,Temple Way Nox site,2019,32,"2017: 38.5, 2018: 43.2, 2019: 33.6, 2020: 26, 2021: 31.1, 2022: 30.9, 2023: 26.2, 2024: 23.9",,33.6,QAQC,Yes,-287648.349706948,6702703.01974867
918,525,Summer hill a420,2019,12,"2018: 43.5, 2019: 35.3, 2020: 24.1, 2021: 28.5, 2022: 29.8, 2023: 24.8, 2024: 23.2",,35.3,Schools 2018,Yes,-282952.907378995,6703230.79423347
919,563,Lamp post at junction with Highridge rd. near Cox brothers garage. South Bristol link.,2019,6,"2019: 24.6, 2020: 19.2",,24.6,SBL,No,-292250.846836202,6694532.42999301
920,565,A4018 Lamp post by layby before roundabout for Crow Ln/ Knole Ln,2019,6,"2019: 31.4, 2020: 24.5, 2021: 26.3, 2022: 24.4, 2023: 22.7, 2024: 22.8",,31.4,A4018,Yes,-291402.555570038,6711865.98879971
921,154,Hotwells Road,2019,12,"2010: 54.7, 2011: 40.9, 2012: 40.3, 2013: 44.3, 2014: 38.5, 2015: 37.2, 2016: 39.6, 2017: 38.5, 2018: 36.2, 2019: 30, 2020: 22.1, 2021: 25.4, 2022: 26.1, 2023: 17.8, 2024: 17.5",,30,harbourside (DT),Yes,-290714.010739251,6701235.48836649
922,20,Newfoundland Way,2019,11,"2010: 79, 2011: 73.2, 2012: 74.7, 2013: 64.3, 2014: 65.3, 2015: 58.7, 2016: 55.5, 2017: 61.2, 2018: 50.1, 2019: 42.4",,42.4,Roadside (DT),No,-287579.43244068,6703103.57954815
923,373,123 Newfoundland Street façade,2019,11,"2010: 53, 2011: 47.9, 2012: 44.9, 2013: 45.2, 2014: 41.6, 2015: 38.3, 2016: 39.5, 2017: 38.5, 2018: 35.7, 2019: 31.2, 2020: 23.9, 2021: 27.9, 2022: 27.4, 2023: 22.3, 2024: 21.5",,31.2,BROADMEAD,Yes,-287292.865269621,6703337.20318085
924,405,Whitehall Rd/Easton Rd lamppost 4TZ,2019,11,"2010: 57.8, 2011: 58, 2012: 53.1, 2013: 55, 2014: 51.1, 2015: 53.1, 2016: 42.6, 2017: 50.4, 2018: 56.2, 2019: 48.5, 2020: 38.7, 2021: 40.4, 2022: 38, 2023: 33.5, 2024: 33.6",,48.5,Post DA Facades,Yes,-285203.139777754,6703303.7524392
925,413,Wells Rd bus lane sign just below junction with Knowle Rd,2019,12,"2010: 52.2, 2011: 47.1, 2012: 41.4, 2013: 43.7, 2014: 38.4, 2015: 39.3, 2016: 40, 2017: 38.7, 2018: 37.6, 2019: 31.2, 2020: 25.5, 2021: 27.4, 2022: 27.2, 2023: 23.5, 2024: 22.5",,31.2,Post DA Facades,Yes,-286790.024426925,6699701.55784787
926,438,A37 Junction w/ Airport Road,2019,36,"2010: 48, 2011: 47.7, 2012: 43.4, 2013: 43.5, 2014: 44, 2015: 43.1, 2016: 43.4, 2017: 43.2, 2018: 36.6, 2019: 31.8, 2020: 27.1, 2021: 29, 2022: 29.4, 2023: 25, 2024: 23.2",,31.8,QAQC,Yes,-285394.401951542,6697329.73212812
927,493,No 67 Filton Avenue on wall facing Muller Rd,2019,12,"2015: 36.2, 2016: 41.5, 2017: 41.9, 2018: 41.8, 2019: 37, 2020: 29.5, 2021: 31.8, 2022: 31.2, 2023: 27.4, 2024: 25.8",,37,Horfield Roadside,Yes,-287443.0455096,6708131.34018296
928,562,Lamp post near Queens Head pub South Bristol link,2019,6,"2019: 37.3, 2020: 30.1",,37.3,SBL,No,-291682.610624831,6694341.48580166
929,571,Muller road junction with Downend road traffic light to the south of the junction.,2019,5,"2019: 42.8, 2020: 31.3, 2021: 33.1, 2022: 32.3, 2023: 28.4, 2024: 28.8",,42.8,,Yes,-287164.493543001,6707575.77869199
930,567,Muller road/ Glenfrome road junction north,2019,5,"2019: 44, 2020: 41.3, 2021: 44.8, 2022: 43.2, 2023: 35.3, 2024: 34.4",,44,,Yes,-285740.541935235,6705873.67575955
931,494,Muller Road - Adjacent to Darnley Avenue,2019,12,"2015: 37.5, 2016: 43.3, 2017: 39.5, 2018: 38.7, 2019: 32, 2020: 25.1, 2021: 25, 2022: 26.4, 2023: 22.5, 2024: 21.6",,32,Horfield Roadside,Yes,-287635.002115621,6708277.69693354
932,497,20 Ashley Road,2019,11,"2014: 49.3, 2015: 41.8, 2016: 43.2, 2017: 42.4, 2018: 38, 2019: 29.1, 2020: 24.6, 2021: 27.1, 2022: 24.7, 2023: 24.8, 2024: 22.5",,29.1,Post DA Facades,Yes,-288064.948651647,6703906.18922384
933,558,Coronation Road Walter Street No Entry,2019,12,"2019: 27.8, 2020: 22.3",,27.8,2019,No,-291198.269474696,6700336.84968438
934,561,Lamppost opposite BRI CAZ,2019,14,"2019: 47, 2020: 33.8, 2021: 36.7, 2022: 34.8, 2023: 24.7, 2024: 25.7",,47,CAZ,Yes,-288985.174522769,6702772.54100723
935,570,Muller road junction with Downend road lampost north of the junction.,2019,5,"2019: 33.1, 2020: 28.4, 2021: 28.2, 2022: 29.6, 2023: 26.2, 2024: 26.4",,33.1,,Yes,-287166.452121254,6707620.76976991
936,406,Whitehall Rd lamppost 17 nr juction with Chalks Rd,2019,12,"2010: 48.1, 2011: 37.5, 2012: 36.5, 2013: 36.5, 2014: 34.9, 2015: 35.4, 2016: 36.2, 2017: 38.9, 2018: 38.5, 2019: 31, 2020: 26.6, 2021: 29.3, 2022: 29.6, 2023: 24.2, 2024: 23.2",,31,Post DA Facades,Yes,-284362.720936092,6703411.38989974
937,300,Facade Haart Estate Agents 755 Fishponds Road Fishponds,2019,12,"2010: 47, 2011: 52.8, 2012: 49.9, 2013: 48.5, 2014: 42.4, 2015: 45.9, 2016: 48.1, 2017: 45.9, 2018: 41.1, 2019: 35.1, 2020: 28.9, 2021: 28.7, 2022: 27.5, 2023: 21.2, 2024: 26.4",,35.1,Post Stage Four,Yes,-281520.287175529,6706769.98297697
938,147,Anchor Road,2019,10,"2010: 65.6, 2011: 66.4, 2012: 60.6, 2013: 60.2, 2014: 57, 2015: 60.1, 2016: 56.9, 2017: 61.5, 2018: 56.6, 2019: 50.9, 2020: 39.4, 2021: 43.3, 2022: 45.5, 2023: 39.5, 2024: 36.3",,50.9,harbourside (DT),Yes,-289254.257300207,6701581.66334233
939,11,Whitefriars,2019,12,"2010: 60.8, 2011: 56.1, 2012: 53.2, 2013: 56.3, 2014: 48.8, 2015: 51.4, 2016: 51.7, 2017: 49.2, 2018: 48.1, 2019: 41.1, 2020: 31.1, 2021: 35, 2022: 35.3, 2023: 29.6, 2024: 29.4",,41.1,Roadside (DT),Yes,-288783.750004099,6702631.21072234
940,22,Stokes Croft,2019,11,"2010: 68.2, 2011: 58.7, 2012: 55.3, 2013: 57.7, 2014: 55.3, 2015: 49.7, 2016: 54.4, 2017: 52.5, 2018: 51, 2019: 44.3, 2020: 34.3, 2021: 37.5, 2022: 36.7, 2023: 35.9, 2024: 34.4",,44.3,Roadside (DT),Yes,-288316.547788833,6703508.93195795
941,113,Victoria Street,2019,12,"2010: 53.9, 2011: 55.2, 2012: 51.8, 2013: 48.4, 2014: 48.8, 2015: 47.5, 2016: 45.5, 2017: 49.9, 2018: 40.5, 2019: 37.4, 2020: 29.9, 2021: 27.8, 2022: 32, 2023: 29.4, 2024: 28.3",,37.4,redcliffe way templegate (DT),No,-288062.502763533,6701599.37177948
942,159,Cromwell Road,2019,12,"2010: 53.6, 2011: 48.9, 2012: 49.7, 2013: 49, 2014: 44.5, 2015: 44.1, 2016: 44.8, 2017: 42, 2018: 43.3, 2019: 35.8, 2020: 28.5, 2021: 31.9, 2022: 32.1, 2023: 28.9, 2024: 28.2",,35.8,gloucester road showcase route (DT),Yes,-288675.219320107,6704666.05891095
943,242,Parson Street Bedminster Down Road,2019,11,"2010: 80.3, 2011: 75.5, 2012: 73.9, 2013: 75.1, 2014: 56.2, 2015: 61.7, 2016: 68.4, 2017: 56, 2018: 51.1, 2019: 41, 2020: 32.2, 2021: 34.5, 2022: 36.6, 2023: 29.8, 2024: 28",,41,Roadside Stage 4 (DT),Yes,-290831.882346175,6697891.20245718
944,295,Lamppost   16 Ashley Road St. Pauls,2019,11,"2010: 58.8, 2011: 60.7, 2012: 57.8, 2013: 57.2, 2014: 58.6, 2015: 63.3, 2016: 55.7, 2017: 65.1, 2018: 59.6, 2019: 48.1, 2020: 37.2, 2021: 44.5, 2022: 41, 2023: 34, 2024: 34.8",,48.1,Post Stage Four,Yes,-287033.740015952,6704208.4476767
945,303,Facade   784 Muller Road Fishponds,2019,12,"2010: 55.4, 2011: 52.1, 2012: 48.5, 2013: 48.2, 2014: 43.5, 2015: 46.1, 2016: 46.2, 2017: 44, 2018: 43.8, 2019: 36.5, 2020: 29.2, 2021: 31.8, 2022: 31.2, 2023: 24.1, 2024: 23.3",,36.5,Post Stage Four,Yes,-284712.640975304,6705600.36391359
946,363,5102 façade,2019,10,"2010: 44.9, 2011: 47.4, 2012: 48, 2013: 44.3, 2014: 39.8, 2015: 39.2, 2016: 39.6, 2017: 38.5, 2018: 37.2, 2019: 34, 2020: 23.5, 2021: 26.8, 2022: 28, 2023: 23.8, 2024: 23.9",,34,BROADMEAD,Yes,-288367.49785816,6703069.93538865
947,156,Jacobs Wells road opp Clifton hill,2019,12,"2010: 56.1, 2011: 49.1, 2012: 45.8, 2013: 44.2, 2014: 38, 2015: 38.9, 2016: 41.2, 2017: 39.3, 2018: 36.2, 2019: 30.5, 2020: 20.7, 2021: 24.9, 2022: 25.9, 2023: 19.1, 2024: 17.7",,30.5,harbourside (DT),Yes,-290548.152178807,6702096.20398506
948,260,Stapleton Road South,2019,12,"2010: 52.9, 2011: 52.8, 2012: 45.8, 2013: 46.5, 2014: 46.3, 2015: 45.6, 2016: 45.4, 2017: 42.6, 2018: 43.1, 2019: 36.2, 2020: 29.5, 2021: 33.2, 2022: 31.6, 2023: 26.5, 2024: 26",,36.2,Roadside Stage 4 (DT),Yes,-285080.464366343,6705912.52183786
949,325,Facade   258 Fishponds Road Fishponds,2019,12,"2010: 51.8, 2011: 53, 2012: 49.8, 2013: 45.8, 2014: 49.7, 2015: 50.8, 2016: 50.5, 2017: 49.2, 2018: 48.1, 2019: 39.4, 2020: 34.1, 2021: 37.3, 2022: 32.6, 2023: 29.4, 2024: 27.6",,39.4,Post Stage Four,Yes,-284232.620635064,6705496.34843142
950,422,North St/Langton Park T junction,2019,11,"2010: 43.4, 2011: 41.2, 2012: 39.8, 2013: 39, 2014: 34.1, 2015: 35, 2016: 39.4, 2017: 36.5, 2018: 34.1, 2019: 27.4, 2020: 23.4",,27.4,Post DA Facades,No,-289793.129417391,6699704.60992124
951,439,Parson Street School,2019,36,"2010: 41.9, 2011: 40.9, 2012: 40.9, 2013: 44.7, 2014: 42, 2015: 41, 2016: 43.6, 2017: 37.7, 2018: 37.7, 2019: 31.7, 2020: 25.4, 2021: 28.6, 2022: 27.2, 2023: 24, 2024: 22.4",,31.7,QAQC,Yes,-289982.448521423,6698188.87869929
952,466,Savanna coffee drainpipe,2019,12,"2010: 41.1, 2011: 39.7, 2012: 39.6, 2013: 41.1, 2014: 38, 2015: 34, 2016: 35.8, 2017: 33.4, 2018: 33.2, 2019: 27.4, 2020: 20.8",,27.4,USA 2009,No,-290918.706654091,6699851.00397371
953,491,Avonmouth Road Outside No 76,2019,12,"2014: 31.2, 2015: 33.8, 2016: 36.5, 2017: 34.4, 2018: 33.5, 2019: 27.3, 2020: 22",,27.3,Avonmouth Road,No,-298604.550071775,6709267.68975072
954,492,On 1 way sign at bottom of Wellington Hill,2019,12,"2015: 37.6, 2016: 40.3, 2017: 36.8, 2018: 34.8, 2019: 31.3, 2020: 25.2, 2021: 26.4, 2022: 27.5, 2023: 25.6, 2024: 23.7",,31.3,Horfield Roadside,Yes,-287813.3061196,6707917.80129038
955,502,Co-located Colston Ave,2019,35,"2019: 68.7, 2020: 52.1, 2021: 58, 2022: 54.1, 2023: 48.9, 2024: 50.8",,68.7,QAQC,Yes,-289057.625324914,6702224.17268152
956,545,Ashton park school,2019,11,"2018: 34.9, 2019: 28.6, 2020: 22, 2021: 24.3, 2022: 23.3, 2023: 17.2, 2024: 16.3",,28.6,Schools 2018,Yes,-292657.041091682,6699537.53576006
957,550,Cathedral School,2019,9,"2018: 36.9, 2019: 35.1, 2020: 21.1, 2021: 29.1, 2022: 29.4, 2023: 24.7, 2024: 21.9",,35.1,Schools 2018,Yes,-289511.138807,6701454.27154767
958,555,420 Hotwell Road A4,2019,9,"2019: 32, 2020: 26.5, 2021: 28, 2022: 28, 2023: 19.3, 2024: 17.8",,32,2019,No,-292192.346360895,6701393.22836191
959,568,Traffic light on the corner of Shaldon road,2019,5,"2019: 36.2, 2020: 29, 2021: 32.9, 2022: 32.2, 2023: 28.2, 2024: 28.4",,36.2,,Yes,-286627.518470074,6706564.22601791
960,557,Talbot Road 20mph lamppost,2019,7,"2019: 25.2, 2020: 21.9",,25.2,2019,No,-284973.402644845,6698394.18922359
961,556,South Eastern stair access Plimsoll Bridge,2019,10,"2019: 37, 2020: 31.7, 2021: 35, 2022: 31.8, 2023: 23.9, 2024: 20.8",,37,2019,Yes,-291951.375708127,6700935.93457146
962,515,St. Werburghs park nursery,2019,12,"2018: 33.7, 2019: 27.9, 2020: 22.4",,27.9,Schools 2018,No,-286367.688224139,6705107.08028099
963,496,385 Church Road Redfield,2019,12,"2014: 42, 2015: 39.3, 2016: 41.1, 2017: 41.1, 2018: 39.2, 2019: 33, 2020: 25, 2021: 25.9, 2022: 26.7, 2023: 22.9, 2024: 20.2",,33,Post Stage Four,Yes,-283206.866231794,6703121.26962694
964,490,Avon School Barrack's Lane,2019,12,"2014: 29.1, 2015: 31.9, 2016: 32.4, 2017: 31, 2018: 26.8, 2019: 22.4, 2020: 18.6",,22.4,Avonmouth Road,No,-298669.251790211,6709500.2063584
965,464,Fishponds Road,2019,34,"2010: 42.2, 2011: 39.2, 2012: 38, 2013: 35.7, 2014: 36, 2015: 34.9, 2016: 36.9, 2017: 36.8, 2018: 34.4, 2019: 29.7, 2020: 24.2, 2021: 23.7, 2022: 24, 2023: 20.8, 2024: 20.8",,29.7,QAQC,Yes,-282218.963762018,6706297.20472537
966,455,St. Pauls Day Nursery,2019,36,"2010: 34.8, 2011: 30, 2012: 29.5, 2013: 30.1, 2014: 27.3, 2015: 26.5, 2016: 27.9, 2017: 26, 2018: 24.4, 2019: 20.8, 2020: 15.9, 2021: 16.4, 2022: 16.7, 2023: 14.3, 2024: 13.8",,20.8,QAQC,Yes,-287711.369865179,6703574.84926661
967,429,facade villiers road stapleton road junction,2019,12,"2010: 60.3, 2011: 57.8, 2012: 57.3, 2013: 60.6, 2014: 54.7, 2015: 50.4, 2016: 52.1, 2017: 47.8, 2018: 46.8, 2019: 41.2, 2020: 38.8, 2021: 36.4, 2022: 35.5, 2023: 38, 2024: 35.3",,41.2,Post DA Facades,Yes,-286116.033413056,6703865.40916925
968,16,Third Way,2019,12,"2010: 35.1, 2011: 35.8, 2012: 36.4, 2013: 33.3, 2014: 34.6, 2015: 35.9, 2016: 35.7, 2017: 35.2, 2018: 32.6, 2019: 28.7, 2020: 23.2, 2021: 24.9, 2022: 25.8, 2023: 21.5, 2024: 21.5",,28.7,Roadside (DT),No,-299319.725243601,6711147.03571026
969,5,Bedminster Parade,2019,12,"2010: 66.6, 2011: 57.2, 2012: 54.6, 2013: 58.7, 2014: 47.6, 2015: 50.9, 2016: 51.3, 2017: 45.8, 2018: 45.8, 2019: 39.9, 2020: 31.6, 2021: 41, 2022: 37.9, 2023: 33.5, 2024: 34.9",,39.9,Roadside (DT),Yes,-288906.606435902,6699999.33324423
970,569,Lampost on North corner of Draycott road junction with Muller road.,2019,5,"2019: 31.4, 2020: 22.8, 2021: 24.1, 2022: 24.1, 2023: 21.3, 2024: 21.4",,31.4,,No,-287150.416060161,6707214.2389884
971,3,Blackboy Hill,2019,12,"2010: 46, 2011: 36.6, 2012: 37.7, 2013: 41.2, 2014: 36.3, 2015: 37.9, 2016: 37.6, 2017: 34.4, 2018: 34.4, 2019: 27.7, 2020: 28.7, 2021: 44.4, 2022: 38.8, 2023: 47.7, 2024: 29",,27.7,Roadside (DT),Yes,-290988.19933068,6704714.42467723
972,4,Three Lamps,2019,12,"2010: 62.3, 2011: 59.8, 2012: 58.4, 2013: 60.6, 2014: 55.8, 2015: 53.3, 2016: 55.2, 2017: 52.7, 2018: 53.5, 2019: 41, 2020: 36.8, 2021: 38.9, 2022: 38.4, 2023: 29.3, 2024: 30.7",,41,Roadside (DT),Yes,-287018.565739922,6700248.9656145
973,564,Westbury on Trym High Street Lamp post by Athena restaurant,2019,6,"2019: 24.3, 2020: 16.3",,24.3,A4018,No,-291466.833135425,6709215.52965502
974,9,B.R.I.,2019,11,"2010: 65.4, 2011: 58, 2012: 52, 2013: 54, 2014: 49.3, 2015: 48, 2016: 48.8, 2017: 46.5, 2018: 44.7, 2019: 37.8, 2020: 31.7, 2021: 39.3, 2022: 36, 2023: 27.8",,37.8,Roadside (DT),No,-288920.3727828,6702882.30805318
975,10,Bath Road,2019,12,"2010: 68.2, 2011: 62.3, 2012: 58.4, 2013: 61.5, 2014: 50.1, 2015: 49.3, 2016: 54.5, 2017: 51.6, 2018: 51.5, 2019: 42.2, 2020: 33.6, 2021: 36.8, 2022: 35.9, 2023: 30.7, 2024: 30.3",,42.2,Roadside (DT),Yes,-284908.842563162,6699589.32161916
976,14,Red Lion Knowle,2019,8,"2010: 47.9, 2011: 44.1, 2012: 43.2, 2013: 42.2, 2014: 40.4, 2015: 40.1, 2016: 42.3, 2017: 41.1, 2018: 47.6, 2019: 38.7, 2020: 32.4, 2021: 32.7, 2022: 30.3, 2023: 27, 2024: 25.8",,38.7,Roadside (DT),Yes,-285439.186904326,6697740.37180987
977,374,St. Paul Street,2019,10,"2010: 56.2, 2011: 56.2, 2012: 46.8, 2013: 50.7, 2014: 51.8, 2015: 47.1, 2016: 47.2, 2017: 45.2, 2018: 47.8, 2019: 39.9, 2020: 29.9, 2021: 35, 2022: 33.7, 2023: 27.1, 2024: 25.1",,39.9,BROADMEAD,Yes,-287671.912995715,6703046.61290049
978,407,lamppost sussex place,2019,11,"2010: 53.9, 2011: 56.5, 2012: 47.3, 2013: 47.1, 2014: 43.9, 2015: 43.1, 2016: 48.7, 2017: 44.6, 2018: 46.7, 2019: 37.3, 2020: 26.7, 2021: 30.2, 2022: 29.5, 2023: 24.8",,37.3,Post DA Facades,No,-287169.041541866,6704295.74454928
979,478,T shirt Shop W. Town Lane,2019,12,"2010: 42.9, 2011: 38.2, 2012: 36.4, 2013: 39.9, 2014: 35.8, 2015: 36.3, 2016: 36.7, 2017: 35.4, 2018: 36.5, 2019: 28.8, 2020: 23.5",,28.8,Callington Road,No,-283497.367453175,6698023.25032835
980,559,Except local buses sign Blackmoors Lane,2019,11,"2019: 29, 2020: 19.8, 2021: 24.5, 2022: 24.2, 2023: 20.4, 2024: 20",,29,2019,Yes,-292489.258406958,6699770.21822176
981,15,Horsefair,2019,11,"2010: 54.7, 2011: 50.9, 2012: 49.5, 2013: 53.6, 2014: 48.6, 2015: 50.8, 2016: 51.2, 2017: 49.4, 2018: 47.5, 2019: 42.2, 2020: 28.2, 2021: 31.5, 2022: 31.3, 2023: 26.4, 2024: 25.9",,42.2,Roadside (DT),Yes,-288014.971267504,6702867.14929257
982,155,Jacobs Wells Road South,2019,12,"2010: 47.4, 2011: 52.4, 2012: 46.9, 2013: 48.5, 2014: 38.8, 2015: 39.9, 2016: 43.1, 2017: 37.9, 2018: 40.1, 2019: 31.1, 2020: 22.9, 2021: 25.5, 2022: 24.2, 2023: 17.5, 2024: 15.2",,31.1,harbourside (DT),Yes,-290337.435875919,6701608.05267219
983,239,Parson St. A38 East,2019,12,"2010: 81.3, 2011: 82, 2012: 76.9, 2013: 78, 2014: 65.4, 2015: 69.2, 2016: 68.9, 2017: 66.8, 2018: 65.2, 2019: 54.4, 2020: 47.6, 2021: 51.4, 2022: 48.6, 2023: 40.5, 2024: 38.1",,54.4,Roadside Stage 4 (DT),Yes,-290240.840052813,6698064.71461172
984,417,St John's Lane No 26 lamppost 15 (just past roundabout),2019,12,"2010: 51.3, 2011: 45.6, 2012: 44.1, 2013: 42.1, 2014: 40.8, 2015: 43.6, 2016: 43.4, 2017: 35.2, 2018: 36, 2019: 31, 2020: 26.3, 2021: 27.9, 2022: 27, 2023: 22.7, 2024: 20.9",,31,Post DA Facades,Yes,-287442.243890537,6699543.83315549
985,419,Parson St lamppost outside Bristol Scuba,2019,12,"2010: 63.2, 2011: 54.7, 2012: 54.1, 2013: 53.6, 2014: 56.6, 2015: 53.6, 2016: 55.8, 2017: 51.3, 2018: 45, 2019: 39, 2020: 31.4, 2021: 34.3, 2022: 33.6, 2023: 29.4, 2024: 28.5",,39,Post DA Facades,Yes,-290320.090688617,6698353.05372706
986,461,Millpond School Fence,2019,9,"2010: 40.2, 2011: 35.9, 2012: 35.5, 2013: 37.2, 2014: 34.1, 2015: 33.2, 2016: 37, 2017: 30.4, 2018: 33.9, 2019: 26",,26,Millpond School,No,-286284.930702286,6704358.95120715
987,472,Jamiesons Autos,2019,12,"2010: 52.4, 2011: 47.4, 2012: 46.5, 2013: 48.2, 2014: 45.2, 2015: 40, 2016: 45.3, 2017: 41.6, 2018: 37.3, 2019: 33.7, 2020: 26.2, 2021: 28.7, 2022: 29, 2023: 25.8, 2024: 25.7",,33.7,USA 2009,Yes,-289697.065688815,6699318.40485888
988,470,Victoria Park Primary,2019,12,"2010: 43.3, 2011: 39.4, 2012: 39.6, 2013: 37.8, 2014: 35, 2015: 38.7, 2016: 39.4, 2017: 35.9, 2018: 37.9, 2019: 29.4, 2020: 25.1, 2021: 26.8, 2022: 28.3, 2023: 24.2, 2024: 21.7",,29.4,USA 2009,Yes,-288112.730275877,6698870.47455211
989,20,Newfoundland Way,2018,9,"2010: 79, 2011: 73.2, 2012: 74.7, 2013: 64.3, 2014: 65.3, 2015: 58.7, 2016: 55.5, 2017: 61.2, 2018: 50.1, 2019: 42.4",,50.1,Roadside (DT),No,-287579.43244068,6703103.57954815
990,125,York Road,2018,11,"2010: 72.8, 2011: 66.5, 2012: 63, 2013: 59.6, 2014: 53.3, 2015: 52.9, 2016: 52.9, 2017: 56, 2018: 50.3, 2019: 45.2, 2020: 35.6, 2021: 35.8, 2022: 33.6, 2023: 24.3, 2024: 19.7",,50.3,redcliffe way templegate (DT),Yes,-288122.962480237,6700347.74496852
991,156,Jacobs Wells road opp Clifton hill,2018,12,"2010: 56.1, 2011: 49.1, 2012: 45.8, 2013: 44.2, 2014: 38, 2015: 38.9, 2016: 41.2, 2017: 39.3, 2018: 36.2, 2019: 30.5, 2020: 20.7, 2021: 24.9, 2022: 25.9, 2023: 19.1, 2024: 17.7",,36.2,harbourside (DT),Yes,-290548.152178807,6702096.20398506
992,161,Bishop Road,2018,12,"2010: 52.9, 2011: 47.4, 2012: 41.6, 2013: 41.8, 2014: 41.3, 2015: 43.7, 2016: 41.7, 2017: 38.8, 2018: 38, 2019: 31.7, 2020: 25.3, 2021: 27.4, 2022: 26, 2023: 25.6, 2024: 26.5",,38,gloucester road showcase route (DT),Yes,-288271.484099739,6706477.18610887
993,239,Parson St. A38 East,2018,12,"2010: 81.3, 2011: 82, 2012: 76.9, 2013: 78, 2014: 65.4, 2015: 69.2, 2016: 68.9, 2017: 66.8, 2018: 65.2, 2019: 54.4, 2020: 47.6, 2021: 51.4, 2022: 48.6, 2023: 40.5, 2024: 38.1",,65.2,Roadside Stage 4 (DT),Yes,-290240.840052813,6698064.71461172
994,363,5102 façade,2018,11,"2010: 44.9, 2011: 47.4, 2012: 48, 2013: 44.3, 2014: 39.8, 2015: 39.2, 2016: 39.6, 2017: 38.5, 2018: 37.2, 2019: 34, 2020: 23.5, 2021: 26.8, 2022: 28, 2023: 23.8, 2024: 23.9",,37.2,BROADMEAD,Yes,-288367.49785816,6703069.93538865
995,419,Parson St lamppost outside Bristol Scuba,2018,12,"2010: 63.2, 2011: 54.7, 2012: 54.1, 2013: 53.6, 2014: 56.6, 2015: 53.6, 2016: 55.8, 2017: 51.3, 2018: 45, 2019: 39, 2020: 31.4, 2021: 34.3, 2022: 33.6, 2023: 29.4, 2024: 28.5",,45,Post DA Facades,Yes,-290320.090688617,6698353.05372706
996,472,Jamiesons Autos,2018,12,"2010: 52.4, 2011: 47.4, 2012: 46.5, 2013: 48.2, 2014: 45.2, 2015: 40, 2016: 45.3, 2017: 41.6, 2018: 37.3, 2019: 33.7, 2020: 26.2, 2021: 28.7, 2022: 29, 2023: 25.8, 2024: 25.7",,37.3,USA 2009,Yes,-289697.065688815,6699318.40485888
997,507,Blaise school,2018,9,2018: 22,,22,Schools 2018,No,-292174.712868422,6711561.90155973
998,520,St. Joseph's RC primary,2018,12,2018: 20.9,,20.9,Schools 2018,No,-281267.424757148,6705487.74694452
999,524,City academy,2018,12,2018: 31.7,,31.7,Schools 2018,No,-285298.733788484,6703023.48318601
1000,526,Summer hill Plummers hill,2018,12,2018: 28,,28,Schools 2018,No,-282984.109260283,6703333.38078702
1001,531,Easton c of e academy,2018,12,2018: 27.7,,27.7,Schools 2018,No,-286333.639591151,6703206.61389018
1002,536,St Mary redcliffe secondary,2018,8,2018: 32.6,,32.6,Schools 2018,No,-288000.854164132,6700501.29534811
1003,538,Dalby avenue,2018,8,"2018: 33.7, 2019: 26.6, 2020: 20.4, 2021: 22.5, 2022: 21.3, 2023: 19.5",,33.7,Schools 2018,No,-288970.92841672,6699635.88454218
1004,3,Blackboy Hill,2018,12,"2010: 46, 2011: 36.6, 2012: 37.7, 2013: 41.2, 2014: 36.3, 2015: 37.9, 2016: 37.6, 2017: 34.4, 2018: 34.4, 2019: 27.7, 2020: 28.7, 2021: 44.4, 2022: 38.8, 2023: 47.7, 2024: 29",,34.4,Roadside (DT),Yes,-290988.19933068,6704714.42467723
1005,113,Victoria Street,2018,7,"2010: 53.9, 2011: 55.2, 2012: 51.8, 2013: 48.4, 2014: 48.8, 2015: 47.5, 2016: 45.5, 2017: 49.9, 2018: 40.5, 2019: 37.4, 2020: 29.9, 2021: 27.8, 2022: 32, 2023: 29.4, 2024: 28.3",,40.5,redcliffe way templegate (DT),No,-288062.502763533,6701599.37177948
1006,242,Parson Street Bedminster Down Road,2018,11,"2010: 80.3, 2011: 75.5, 2012: 73.9, 2013: 75.1, 2014: 56.2, 2015: 61.7, 2016: 68.4, 2017: 56, 2018: 51.1, 2019: 41, 2020: 32.2, 2021: 34.5, 2022: 36.6, 2023: 29.8, 2024: 28",,51.1,Roadside Stage 4 (DT),Yes,-290831.882346175,6697891.20245718
1007,295,Lamppost   16 Ashley Road St. Pauls,2018,12,"2010: 58.8, 2011: 60.7, 2012: 57.8, 2013: 57.2, 2014: 58.6, 2015: 63.3, 2016: 55.7, 2017: 65.1, 2018: 59.6, 2019: 48.1, 2020: 37.2, 2021: 44.5, 2022: 41, 2023: 34, 2024: 34.8",,59.6,Post Stage Four,Yes,-287033.740015952,6704208.4476767
1008,370,Great George Street lamppost,2018,12,"2010: 49.2, 2011: 43.7, 2012: 39.5, 2013: 39.4, 2014: 36.9, 2015: 37.7, 2016: 38.4, 2017: 37.5, 2018: 36.6, 2019: 30.1, 2021: 25, 2022: 31, 2023: 25.3, 2024: 21.2",,36.6,BROADMEAD,Yes,-287244.687317758,6702918.28830893
1009,420,North St/Dean Lane on roundabout sign,2018,10,"2010: 43.8, 2011: 39.6, 2012: 38.1, 2013: 38.9, 2014: 37.2, 2015: 36.7, 2016: 38.6, 2017: 33.3, 2018: 37.1, 2019: 30.4, 2020: 23.2, 2021: 25.6, 2022: 28.8, 2023: 23.7, 2024: 22.3",,37.1,Post DA Facades,Yes,-289619.048853516,6699765.46194782
1010,469,Lamppost corner park avenue,2018,12,"2010: 46.2, 2011: 40.4, 2012: 39.4, 2013: 38.5, 2014: 35.8, 2015: 35.3, 2016: 39.2, 2017: 34.6, 2018: 36.2, 2019: 27.4, 2020: 23.4",,36.2,USA 2009,No,-287688.258760981,6699061.74717359
1011,474,Martial Arts West Street,2018,12,"2010: 45.1, 2011: 39.7, 2012: 37.9, 2013: 39.1, 2014: 35.8, 2015: 38.5, 2016: 38.7, 2017: 35.8, 2018: 31.9, 2019: 29.1, 2020: 22.9",,31.9,USA 2009,No,-290069.368921615,6698825.58328779
1012,155,Jacobs Wells Road South,2018,11,"2010: 47.4, 2011: 52.4, 2012: 46.9, 2013: 48.5, 2014: 38.8, 2015: 39.9, 2016: 43.1, 2017: 37.9, 2018: 40.1, 2019: 31.1, 2020: 22.9, 2021: 25.5, 2022: 24.2, 2023: 17.5, 2024: 15.2",,40.1,harbourside (DT),Yes,-290337.435875919,6701608.05267219
1013,14,Red Lion Knowle,2018,6,"2010: 47.9, 2011: 44.1, 2012: 43.2, 2013: 42.2, 2014: 40.4, 2015: 40.1, 2016: 42.3, 2017: 41.1, 2018: 47.6, 2019: 38.7, 2020: 32.4, 2021: 32.7, 2022: 30.3, 2023: 27, 2024: 25.8",,47.6,Roadside (DT),Yes,-285439.186904326,6697740.37180987
1014,320,Monitor     Bath Road Brislington,2018,36,"2010: 34.3, 2011: 33.1, 2012: 31.5, 2013: 31.1, 2014: 30.9, 2015: 31.3, 2016: 31.1, 2017: 30.7, 2018: 27.9, 2019: 23.5, 2020: 19.3, 2021: 20.8, 2022: 20.6, 2023: 17.7, 2024: 17",,27.9,QAQC,Yes,-284969.788762769,6699810.45977789
1015,417,St John's Lane No 26 lamppost 15 (just past roundabout),2018,11,"2010: 51.3, 2011: 45.6, 2012: 44.1, 2013: 42.1, 2014: 40.8, 2015: 43.6, 2016: 43.4, 2017: 35.2, 2018: 36, 2019: 31, 2020: 26.3, 2021: 27.9, 2022: 27, 2023: 22.7, 2024: 20.9",,36,Post DA Facades,Yes,-287442.243890537,6699543.83315549
1016,418,Bedminster Down Rd lamppost between Ashton Motors & Plough PH,2018,12,"2010: 92.9, 2011: 90.5, 2012: 81.8, 2013: 74, 2014: 67.7, 2015: 63.7, 2016: 69.3, 2017: 58.4, 2018: 55.7, 2019: 51.1, 2020: 40.2, 2021: 45.9, 2022: 44.1, 2023: 32.8, 2024: 31.7",,55.7,Post DA Facades,Yes,-290471.62510202,6698281.14621008
1017,461,Millpond School Fence,2018,12,"2010: 40.2, 2011: 35.9, 2012: 35.5, 2013: 37.2, 2014: 34.1, 2015: 33.2, 2016: 37, 2017: 30.4, 2018: 33.9, 2019: 26",,33.9,Millpond School,No,-286284.930702286,6704358.95120715
1018,466,Savanna coffee drainpipe,2018,10,"2010: 41.1, 2011: 39.7, 2012: 39.6, 2013: 41.1, 2014: 38, 2015: 34, 2016: 35.8, 2017: 33.4, 2018: 33.2, 2019: 27.4, 2020: 20.8",,33.2,USA 2009,No,-290918.706654091,6699851.00397371
1019,491,Avonmouth Road Outside No 76,2018,12,"2014: 31.2, 2015: 33.8, 2016: 36.5, 2017: 34.4, 2018: 33.5, 2019: 27.3, 2020: 22",,33.5,Avonmouth Road,No,-298604.550071775,6709267.68975072
1020,496,385 Church Road Redfield,2018,12,"2014: 42, 2015: 39.3, 2016: 41.1, 2017: 41.1, 2018: 39.2, 2019: 33, 2020: 25, 2021: 25.9, 2022: 26.7, 2023: 22.9, 2024: 20.2",,39.2,Post Stage Four,Yes,-283206.866231794,6703121.26962694
1021,516,Fairfield high school,2018,8,2018: 20.2,,20.2,Schools 2018,No,-286248.502253546,6705855.25267448
1022,523,Bannerman road,2018,12,2018: 25.4,,25.4,Schools 2018,No,-285667.025361032,6703823.91705723
1023,540,Compass point,2018,11,2018: 24.6,,24.6,Schools 2018,No,-290030.552845303,6699167.91911725
1024,544,Ashton gate primary,2018,12,2018: 28.3,,28.3,Schools 2018,No,-291113.907928117,6700017.98027016
1025,157,Stokes Croft  Ashley Road,2018,11,"2010: 64.9, 2011: 61.8, 2012: 55.9, 2013: 56, 2014: 51.4, 2015: 53.3, 2016: 52.8, 2017: 48.6, 2018: 45.4, 2019: 43.1, 2020: 35.7, 2021: 40.3, 2022: 35, 2023: 35.2, 2024: 33.7",,45.4,gloucester road showcase route (DT),Yes,-288303.158453479,6703836.78908709
1026,159,Cromwell Road,2018,12,"2010: 53.6, 2011: 48.9, 2012: 49.7, 2013: 49, 2014: 44.5, 2015: 44.1, 2016: 44.8, 2017: 42, 2018: 43.3, 2019: 35.8, 2020: 28.5, 2021: 31.9, 2022: 32.1, 2023: 28.9, 2024: 28.2",,43.3,gloucester road showcase route (DT),Yes,-288675.219320107,6704666.05891095
1027,10,Bath Road,2018,12,"2010: 68.2, 2011: 62.3, 2012: 58.4, 2013: 61.5, 2014: 50.1, 2015: 49.3, 2016: 54.5, 2017: 51.6, 2018: 51.5, 2019: 42.2, 2020: 33.6, 2021: 36.8, 2022: 35.9, 2023: 30.7, 2024: 30.3",,51.5,Roadside (DT),Yes,-284908.842563162,6699589.32161916
1028,12,Galleries,2018,11,"2010: 58.2, 2011: 55.2, 2012: 50.8, 2013: 56.7, 2014: 51.3, 2015: 52.5, 2016: 52.8, 2017: 56.6, 2018: 57.5, 2019: 51.8, 2020: 41.9, 2021: 46.5, 2022: 50.2, 2023: 60.2, 2024: 35.3",,57.5,Roadside (DT),Yes,-288254.965440197,6702425.05893974
1029,16,Third Way,2018,12,"2010: 35.1, 2011: 35.8, 2012: 36.4, 2013: 33.3, 2014: 34.6, 2015: 35.9, 2016: 35.7, 2017: 35.2, 2018: 32.6, 2019: 28.7, 2020: 23.2, 2021: 24.9, 2022: 25.8, 2023: 21.5, 2024: 21.5",,32.6,Roadside (DT),No,-299319.725243601,6711147.03571026
1030,254,Merchants Road Hotwells,2018,11,"2010: 47.1, 2011: 55.6, 2012: 55.3, 2013: 53.2, 2014: 51.5, 2015: 54.4, 2016: 51.8, 2017: 52.2, 2018: 49.4, 2019: 40.5, 2020: 31.1, 2021: 34.6, 2022: 33, 2023: 24.7, 2024: 23.9",,49.4,Roadside Stage 4 (DT),Yes,-291486.964634959,6701142.24890875
1031,300,Facade Haart Estate Agents 755 Fishponds Road Fishponds,2018,11,"2010: 47, 2011: 52.8, 2012: 49.9, 2013: 48.5, 2014: 42.4, 2015: 45.9, 2016: 48.1, 2017: 45.9, 2018: 41.1, 2019: 35.1, 2020: 28.9, 2021: 28.7, 2022: 27.5, 2023: 21.2, 2024: 26.4",,41.1,Post Stage Four,Yes,-281520.287175529,6706769.98297697
1032,429,facade villiers road stapleton road junction,2018,12,"2010: 60.3, 2011: 57.8, 2012: 57.3, 2013: 60.6, 2014: 54.7, 2015: 50.4, 2016: 52.1, 2017: 47.8, 2018: 46.8, 2019: 41.2, 2020: 38.8, 2021: 36.4, 2022: 35.5, 2023: 38, 2024: 35.3",,46.8,Post DA Facades,Yes,-286116.033413056,6703865.40916925
1033,473,B&G Snax West St,2018,11,"2010: 49.2, 2011: 43.1, 2012: 44.6, 2013: 43.5, 2014: 40.7, 2015: 49.6, 2016: 57.1, 2017: 40.1, 2018: 44, 2019: 42.4, 2020: 40, 2021: 28.4, 2022: 28.4, 2023: 26.1, 2024: 25.7",,44,USA 2009,Yes,-289888.728777705,6699059.90410014
1034,490,Avon School Barrack's Lane,2018,12,"2014: 29.1, 2015: 31.9, 2016: 32.4, 2017: 31, 2018: 26.8, 2019: 22.4, 2020: 18.6",,26.8,Avonmouth Road,No,-298669.251790211,6709500.2063584
1035,493,No 67 Filton Avenue on wall facing Muller Rd,2018,10,"2015: 36.2, 2016: 41.5, 2017: 41.9, 2018: 41.8, 2019: 37, 2020: 29.5, 2021: 31.8, 2022: 31.2, 2023: 27.4, 2024: 25.8",,41.8,Horfield Roadside,Yes,-287443.0455096,6708131.34018296
1036,494,Muller Road - Adjacent to Darnley Avenue,2018,10,"2015: 37.5, 2016: 43.3, 2017: 39.5, 2018: 38.7, 2019: 32, 2020: 25.1, 2021: 25, 2022: 26.4, 2023: 22.5, 2024: 21.6",,38.7,Horfield Roadside,Yes,-287635.002115621,6708277.69693354
1037,510,Ashley down primary,2018,12,2018: 22.2,,22.2,Schools 2018,No,-287630.394654007,6707295.60214186
1038,512,Colston girls,2018,12,"2018: 47.6, 2019: 40.6, 2020: 30.7, 2021: 36.1, 2022: 36.2, 2023: 37.3, 2024: 36.6",,47.6,Schools 2018,Yes,-288456.602514821,6704385.03888425
1039,528,Redfield educate together,2018,7,2018: 29.7,,29.7,Schools 2018,No,-284376.571524665,6702699.60980495
1040,175,top of Brislington Hill,2018,12,"2010: 57.9, 2011: 56.3, 2012: 54.7, 2013: 55.3, 2014: 51.7, 2015: 52.9, 2016: 56.5, 2017: 54, 2018: 54.9, 2019: 44.6, 2020: 36.4, 2021: 41.4, 2022: 38.7, 2023: 30.4, 2024: 30.3",,54.9,bath road showcase route (DT),Yes,-283408.629887594,6698149.144355
1041,261,Stapleton Road Heath Street,2018,9,"2010: 55.8, 2011: 48.2, 2012: 53, 2013: 55.8, 2014: 50.6, 2015: 51.3, 2016: 53.1, 2017: 52.4, 2018: 51, 2019: 41.5, 2020: 34.7, 2021: 39.1, 2022: 39.3, 2023: 32, 2024: 33",,51,Roadside Stage 4 (DT),Yes,-285135.992821959,6705418.74590538
1042,312,Lamppost     Ashley Hill St. Pauls,2018,12,"2010: 46.8, 2011: 46.4, 2012: 43.7, 2013: 44.5, 2014: 36.7, 2015: 36.8, 2016: 41.6, 2017: 38.5, 2018: 38.5, 2019: 32.8, 2020: 26.2, 2021: 29.5, 2022: 29.8, 2023: 24.8, 2024: 23.5",,38.5,Post Stage Four,Yes,-287167.355516468,6704691.02392647
1043,325,Facade   258 Fishponds Road Fishponds,2018,12,"2010: 51.8, 2011: 53, 2012: 49.8, 2013: 45.8, 2014: 49.7, 2015: 50.8, 2016: 50.5, 2017: 49.2, 2018: 48.1, 2019: 39.4, 2020: 34.1, 2021: 37.3, 2022: 32.6, 2023: 29.4, 2024: 27.6",,48.1,Post Stage Four,Yes,-284232.620635064,6705496.34843142
1044,406,Whitehall Rd lamppost 17 nr juction with Chalks Rd,2018,11,"2010: 48.1, 2011: 37.5, 2012: 36.5, 2013: 36.5, 2014: 34.9, 2015: 35.4, 2016: 36.2, 2017: 38.9, 2018: 38.5, 2019: 31, 2020: 26.6, 2021: 29.3, 2022: 29.6, 2023: 24.2, 2024: 23.2",,38.5,Post DA Facades,Yes,-284362.720936092,6703411.38989974
1045,163,Strathmore Road,2018,11,"2010: 44.8, 2011: 38.3, 2012: 38.8, 2013: 43, 2014: 39.1, 2015: 37, 2016: 39.7, 2017: 38, 2018: 36.6, 2019: 30.8, 2020: 24.5, 2021: 27.4, 2022: 27.2, 2023: 27.2, 2024: 25.7",,36.6,gloucester road showcase route (DT),Yes,-287828.657779616,6707832.48413925
1046,373,123 Newfoundland Street façade,2018,10,"2010: 53, 2011: 47.9, 2012: 44.9, 2013: 45.2, 2014: 41.6, 2015: 38.3, 2016: 39.5, 2017: 38.5, 2018: 35.7, 2019: 31.2, 2020: 23.9, 2021: 27.9, 2022: 27.4, 2023: 22.3, 2024: 21.5",,35.7,BROADMEAD,Yes,-287292.865269621,6703337.20318085
1047,374,St. Paul Street,2018,9,"2010: 56.2, 2011: 56.2, 2012: 46.8, 2013: 50.7, 2014: 51.8, 2015: 47.1, 2016: 47.2, 2017: 45.2, 2018: 47.8, 2019: 39.9, 2020: 29.9, 2021: 35, 2022: 33.7, 2023: 27.1, 2024: 25.1",,47.8,BROADMEAD,Yes,-287671.912995715,6703046.61290049
1048,413,Wells Rd bus lane sign just below junction with Knowle Rd,2018,12,"2010: 52.2, 2011: 47.1, 2012: 41.4, 2013: 43.7, 2014: 38.4, 2015: 39.3, 2016: 40, 2017: 38.7, 2018: 37.6, 2019: 31.2, 2020: 25.5, 2021: 27.4, 2022: 27.2, 2023: 23.5, 2024: 22.5",,37.6,Post DA Facades,Yes,-286790.024426925,6699701.55784787
1049,423,facade BRI children's,2018,12,"2010: 53, 2011: 53.2, 2012: 50.9, 2013: 46.3, 2014: 41.8, 2015: 44.4, 2016: 43.5, 2017: 45, 2018: 42.3, 2019: 35.2, 2020: 27.3, 2021: 29.5, 2022: 29.1, 2023: 22.2, 2024: 20.9",,42.3,Post DA Facades,Yes,-289088.725742146,6702699.40590324
1050,478,T shirt Shop W. Town Lane,2018,12,"2010: 42.9, 2011: 38.2, 2012: 36.4, 2013: 39.9, 2014: 35.8, 2015: 36.3, 2016: 36.7, 2017: 35.4, 2018: 36.5, 2019: 28.8, 2020: 23.5",,36.5,Callington Road,No,-283497.367453175,6698023.25032835
1051,534,Hillcrest primary,2018,11,2018: 18.8,,18.8,Schools 2018,No,-286196.794860475,6699415.56525638
1052,537,St Mary redcliffe primary,2018,12,2018: 27.8,,27.8,Schools 2018,No,-288229.688808087,6699874.74531956
1053,542,Southville primary,2018,10,2018: 22.6,,22.6,Schools 2018,No,-289940.55962746,6700103.254341
1054,547,St George's primary,2018,9,2018: 18.9,,18.9,Schools 2018,No,-290110.877461576,6701526.41349932
1055,548,St Michaels on the mount,2018,10,2018: 29.9,,29.9,Schools 2018,No,-289326.619272301,6702400.27512008
1056,519,Briarwood school,2018,12,2018: 17.8,,17.8,Schools 2018,No,-280732.688402494,6706246.89463358
1057,543,Southville primary Myrtle street,2018,10,2018: 20.8,,20.8,Schools 2018,No,-290396.588336695,6699661.06379499
1058,532,St. Nicholas of tolentine,2018,12,2018: 32.6,,32.6,Schools 2018,No,-286844.245179683,6702934.3126133
1059,521,Chester park infants,2018,11,2018: 25.9,,25.9,Schools 2018,No,-281695.087414046,6705671.06049326
1060,511,Sefton park,2018,12,2018: 27,,27,Schools 2018,No,-287358.963288699,6705613.46866577
1061,509,Filton avenue primary,2018,9,2018: 26.3,,26.3,Schools 2018,No,-286847.89688811,6708497.75666421
1062,506,Woodstock school,2018,10,2018: 14.9,,14.9,Schools 2018,No,-292745.866396411,6711391.35427155
1063,505,Henbury school,2018,10,2018: 22,,22,Schools 2018,No,-292806.089599244,6711866.85325585
1064,15,Horsefair,2018,11,"2010: 54.7, 2011: 50.9, 2012: 49.5, 2013: 53.6, 2014: 48.6, 2015: 50.8, 2016: 51.2, 2017: 49.4, 2018: 47.5, 2019: 42.2, 2020: 28.2, 2021: 31.5, 2022: 31.3, 2023: 26.4, 2024: 25.9",,47.5,Roadside (DT),Yes,-288014.971267504,6702867.14929257
1065,527,St patricks,2018,12,2018: 29.9,,29.9,Schools 2018,No,-284106.542660463,6702585.99460508
1066,530,Barton Hill Academy,2018,12,2018: 29.7,,29.7,Schools 2018,No,-285533.613405234,6701897.20767892
1067,533,Hannah more front,2018,12,2018: 31,,31,Schools 2018,No,-287174.591340485,6701955.02290194
1068,535,West town lane academy,2018,12,2018: 20.4,,20.4,Schools 2018,No,-284387.914420532,6697416.10001674
1069,545,Ashton park school,2018,12,"2018: 34.9, 2019: 28.6, 2020: 22, 2021: 24.3, 2022: 23.3, 2023: 17.2, 2024: 16.3",,34.9,Schools 2018,Yes,-292657.041091682,6699537.53576006
1070,546,HotWells primary,2018,10,2018: 22.5,,22.5,Schools 2018,No,-291795.302370992,6701422.31401298
1071,550,Cathedral School,2018,7,"2018: 36.9, 2019: 35.1, 2020: 21.1, 2021: 29.1, 2022: 29.4, 2023: 24.7, 2024: 21.9",,36.9,Schools 2018,Yes,-289511.138807,6701454.27154767
1072,554,Nelson Street,2018,4,2018: 43.8,,43.8,Schools 2018,No,-288783.726959429,6702430.41221337
1073,514,St. Barnabas,2018,12,2018: 23.4,,23.4,Schools 2018,No,-287365.201189077,6704377.73546879
1074,21,Gloucester Road,2018,12,"2010: 50.1, 2011: 44.5, 2012: 43.1, 2013: 52, 2014: 50.4, 2015: 51.6, 2016: 50.2, 2017: 49.3, 2018: 46.4, 2019: 38.3, 2020: 33.4, 2021: 34.9, 2022: 34, 2023: 30.9, 2024: 33",,46.4,Roadside (DT),Yes,-288453.491473036,6705789.48523368
1075,9,B.R.I.,2018,12,"2010: 65.4, 2011: 58, 2012: 52, 2013: 54, 2014: 49.3, 2015: 48, 2016: 48.8, 2017: 46.5, 2018: 44.7, 2019: 37.8, 2020: 31.7, 2021: 39.3, 2022: 36, 2023: 27.8",,44.7,Roadside (DT),No,-288920.3727828,6702882.30805318
1076,5,Bedminster Parade,2018,12,"2010: 66.6, 2011: 57.2, 2012: 54.6, 2013: 58.7, 2014: 47.6, 2015: 50.9, 2016: 51.3, 2017: 45.8, 2018: 45.8, 2019: 39.9, 2020: 31.6, 2021: 41, 2022: 37.9, 2023: 33.5, 2024: 34.9",,45.8,Roadside (DT),Yes,-288906.606435902,6699999.33324423
1077,4,Three Lamps,2018,12,"2010: 62.3, 2011: 59.8, 2012: 58.4, 2013: 60.6, 2014: 55.8, 2015: 53.3, 2016: 55.2, 2017: 52.7, 2018: 53.5, 2019: 41, 2020: 36.8, 2021: 38.9, 2022: 38.4, 2023: 29.3, 2024: 30.7",,53.5,Roadside (DT),Yes,-287018.565739922,6700248.9656145
1078,371,Lamb Street façade,2018,12,"2010: 57.9, 2011: 47.5, 2012: 47.5, 2013: 46.9, 2014: 42.8, 2015: 44.8, 2016: 42.7, 2017: 44.7, 2018: 42.2, 2019: 34.1, 2020: 25.8, 2021: 29.4, 2022: 29, 2023: 25.5",,42.2,BROADMEAD,No,-287182.028571119,6702693.88408449
1079,405,Whitehall Rd/Easton Rd lamppost 4TZ,2018,12,"2010: 57.8, 2011: 58, 2012: 53.1, 2013: 55, 2014: 51.1, 2015: 53.1, 2016: 42.6, 2017: 50.4, 2018: 56.2, 2019: 48.5, 2020: 38.7, 2021: 40.4, 2022: 38, 2023: 33.5, 2024: 33.6",,56.2,Post DA Facades,Yes,-285203.139777754,6703303.7524392
1080,407,lamppost sussex place,2018,11,"2010: 53.9, 2011: 56.5, 2012: 47.3, 2013: 47.1, 2014: 43.9, 2015: 43.1, 2016: 48.7, 2017: 44.6, 2018: 46.7, 2019: 37.3, 2020: 26.7, 2021: 30.2, 2022: 29.5, 2023: 24.8",,46.7,Post DA Facades,No,-287169.041541866,6704295.74454928
1081,436,Shiners Garage,2018,12,"2010: 44.7, 2011: 40.9, 2012: 39.6, 2013: 40.1, 2014: 38.2, 2015: 37.9, 2016: 47.7, 2017: 45.8, 2018: 50.6, 2019: 42, 2020: 29.2, 2021: 31.2, 2022: 30.6, 2023: 24.4, 2024: 26.2",,50.6,Roadside,Yes,-285259.212047081,6702675.18810556
1082,439,Parson Street School,2018,36,"2010: 41.9, 2011: 40.9, 2012: 40.9, 2013: 44.7, 2014: 42, 2015: 41, 2016: 43.6, 2017: 37.7, 2018: 37.7, 2019: 31.7, 2020: 25.4, 2021: 28.6, 2022: 27.2, 2023: 24, 2024: 22.4",,37.7,QAQC,Yes,-289982.448521423,6698188.87869929
1083,499,Temple Way Nox site,2018,29,"2017: 38.5, 2018: 43.2, 2019: 33.6, 2020: 26, 2021: 31.1, 2022: 30.9, 2023: 26.2, 2024: 23.9",,43.2,QAQC,Yes,-287648.349706948,6702703.01974867
1084,504,Avonmouth primary,2018,12,2018: 26.7,,26.7,Schools 2018,No,-299436.00938032,6709356.33742353
1085,515,St. Werburghs park nursery,2018,12,"2018: 33.7, 2019: 27.9, 2020: 22.4",,33.7,Schools 2018,No,-286367.688224139,6705107.08028099
1086,517,Glenfrome primary,2018,12,2018: 20.3,,20.3,Schools 2018,No,-285433.251046245,6706350.14678968
1087,508,Orchard school,2018,12,2018: 23.2,,23.2,Schools 2018,No,-287131.008065076,6710035.6968703
1088,438,A37 Junction w/ Airport Road,2018,27,"2010: 48, 2011: 47.7, 2012: 43.4, 2013: 43.5, 2014: 44, 2015: 43.1, 2016: 43.4, 2017: 43.2, 2018: 36.6, 2019: 31.8, 2020: 27.1, 2021: 29, 2022: 29.4, 2023: 25, 2024: 23.2",,36.6,QAQC,Yes,-285394.401951542,6697329.73212812
1089,455,St. Pauls Day Nursery,2018,35,"2010: 34.8, 2011: 30, 2012: 29.5, 2013: 30.1, 2014: 27.3, 2015: 26.5, 2016: 27.9, 2017: 26, 2018: 24.4, 2019: 20.8, 2020: 15.9, 2021: 16.4, 2022: 16.7, 2023: 14.3, 2024: 13.8",,24.4,QAQC,Yes,-287711.369865179,6703574.84926661
1090,487,Junction 3 Millpond Street,2018,10,"2013: 55.6, 2014: 47.4, 2015: 46.2, 2016: 45.7, 2017: 44.5, 2018: 41.9, 2019: 35.1, 2020: 27.7, 2021: 29.6, 2022: 36.8, 2023: 27.8, 2024: 24.1",,41.9,JCT3,Yes,-286505.090102087,6704231.89916475
1091,539,Dalby avenue church lane,2018,9,"2018: 43.3, 2019: 35.6, 2020: 27.4, 2021: 30.9, 2022: 23.8, 2023: 26.6, 2024: 22.2",,43.3,Schools 2018,No,-289101.117517916,6699495.11599353
1092,2,Colston Avenue,2018,12,"2010: 79.4, 2011: 78.8, 2012: 66.8, 2013: 68.7, 2014: 67.7, 2015: 69.2, 2016: 66.1, 2017: 63.1, 2018: 58.2, 2019: 53.7, 2020: 36.9, 2021: 40.1, 2022: 40.3, 2023: 39, 2024: 38.4",,58.2,Roadside (DT),Yes,-289075.818144399,6702097.12495681
1093,492,On 1 way sign at bottom of Wellington Hill,2018,12,"2015: 37.6, 2016: 40.3, 2017: 36.8, 2018: 34.8, 2019: 31.3, 2020: 25.2, 2021: 26.4, 2022: 27.5, 2023: 25.6, 2024: 23.7",,34.8,Horfield Roadside,Yes,-287813.3061196,6707917.80129038
1094,489,Avonmouth Road Outside No 12,2018,11,"2014: 34.5, 2015: 36.9, 2016: 38.6, 2017: 37.7, 2018: 35.5, 2019: 28.6, 2020: 22.8",,35.5,Avonmouth Road,No,-298747.205725735,6709433.55872731
1095,470,Victoria Park Primary,2018,12,"2010: 43.3, 2011: 39.4, 2012: 39.6, 2013: 37.8, 2014: 35, 2015: 38.7, 2016: 39.4, 2017: 35.9, 2018: 37.9, 2019: 29.4, 2020: 25.1, 2021: 26.8, 2022: 28.3, 2023: 24.2, 2024: 21.7",,37.9,USA 2009,Yes,-288112.730275877,6698870.47455211
1096,464,Fishponds Road,2018,35,"2010: 42.2, 2011: 39.2, 2012: 38, 2013: 35.7, 2014: 36, 2015: 34.9, 2016: 36.9, 2017: 36.8, 2018: 34.4, 2019: 29.7, 2020: 24.2, 2021: 23.7, 2022: 24, 2023: 20.8, 2024: 20.8",,34.4,QAQC,Yes,-282218.963762018,6706297.20472537
1097,529,Bristol futures academy,2018,10,2018: 31.6,,31.6,Schools 2018,No,-285064.607543775,6702159.43514955
1098,403,Lamp post 48 230 Bath Road,2018,12,"2010: 46.5, 2011: 43.9, 2012: 43.6, 2013: 46.6, 2014: 39.2, 2015: 41.5, 2016: 37.5, 2017: 35.7, 2018: 35.6, 2019: 28.1, 2020: 23.4, 2021: 25.5, 2022: 25.5, 2023: 20.2, 2024: 20.6",,35.6,Post DA Facades,Yes,-286047.399122808,6699977.1677698
1099,314,Lamppost     Whiteladies Road \ Cotham Hill Clifton,2018,12,"2010: 51.1, 2011: 44.1, 2012: 40.4, 2013: 44.4, 2014: 43, 2015: 43.9, 2016: 41.5, 2017: 38.3, 2018: 37.7, 2019: 31.3",,37.7,Post Stage Four,No,-290494.80521666,6703775.41034363
1100,307,Lamppost     Glenfrome Road \ Muller Road Horfield,2018,11,"2010: 46.6, 2011: 41.5, 2012: 39.5, 2013: 39.8, 2014: 38.4, 2015: 36.6, 2016: 37.4, 2017: 32.6, 2018: 37.3, 2019: 30.7, 2020: 24.6, 2021: 27.5, 2022: 26.8, 2023: 24.5, 2024: 21.6",,37.3,Post Stage Four,Yes,-285709.878701319,6705846.59411472
1101,503,Sea mills pharmacy no stopping sign,2018,12,2018: 19.1,,19.1,Schools 2018,No,-294972.967906951,6707501.99036773
1102,513,Cabot primary,2018,11,2018: 24.3,,24.3,Schools 2018,No,-287411.62521347,6703562.78389881
1103,518,Fishponds c of e,2018,12,2018: 24.8,,24.8,Schools 2018,No,-282121.108417417,6706506.85011591
1104,522,May park primary,2018,12,2018: 24.1,,24.1,Schools 2018,No,-284719.509957434,6705238.74723236
1105,525,Summer hill a420,2018,12,"2018: 43.5, 2019: 35.3, 2020: 24.1, 2021: 28.5, 2022: 29.8, 2023: 24.8, 2024: 23.2",,43.5,Schools 2018,Yes,-282952.907378995,6703230.79423347
1106,541,Holy cross primary,2018,12,2018: 27.5,,27.5,Schools 2018,No,-289365.422774134,6700088.72344187
1107,551,Cod Almighty downpipe,2018,8,2018: 27.9,,27.9,,No,-288577.227654995,6710397.1194661
1108,303,Facade   784 Muller Road Fishponds,2018,11,"2010: 55.4, 2011: 52.1, 2012: 48.5, 2013: 48.2, 2014: 43.5, 2015: 46.1, 2016: 46.2, 2017: 44, 2018: 43.8, 2019: 36.5, 2020: 29.2, 2021: 31.8, 2022: 31.2, 2023: 24.1, 2024: 23.3",,43.8,Post Stage Four,Yes,-284712.640975304,6705600.36391359
1109,260,Stapleton Road South,2018,11,"2010: 52.9, 2011: 52.8, 2012: 45.8, 2013: 46.5, 2014: 46.3, 2015: 45.6, 2016: 45.4, 2017: 42.6, 2018: 43.1, 2019: 36.2, 2020: 29.5, 2021: 33.2, 2022: 31.6, 2023: 26.5, 2024: 26",,43.1,Roadside Stage 4 (DT),Yes,-285080.464366343,6705912.52183786
1110,154,Hotwells Road,2018,12,"2010: 54.7, 2011: 40.9, 2012: 40.3, 2013: 44.3, 2014: 38.5, 2015: 37.2, 2016: 39.6, 2017: 38.5, 2018: 36.2, 2019: 30, 2020: 22.1, 2021: 25.4, 2022: 26.1, 2023: 17.8, 2024: 17.5",,36.2,harbourside (DT),Yes,-290714.010739251,6701235.48836649
1111,497,20 Ashley Road,2018,10,"2014: 49.3, 2015: 41.8, 2016: 43.2, 2017: 42.4, 2018: 38, 2019: 29.1, 2020: 24.6, 2021: 27.1, 2022: 24.7, 2023: 24.8, 2024: 22.5",,38,Post DA Facades,Yes,-288064.948651647,6703906.18922384
1112,147,Anchor Road,2018,7,"2010: 65.6, 2011: 66.4, 2012: 60.6, 2013: 60.2, 2014: 57, 2015: 60.1, 2016: 56.9, 2017: 61.5, 2018: 56.6, 2019: 50.9, 2020: 39.4, 2021: 43.3, 2022: 45.5, 2023: 39.5, 2024: 36.3",,56.6,harbourside (DT),Yes,-289254.257300207,6701581.66334233
1113,22,Stokes Croft,2018,12,"2010: 68.2, 2011: 58.7, 2012: 55.3, 2013: 57.7, 2014: 55.3, 2015: 49.7, 2016: 54.4, 2017: 52.5, 2018: 51, 2019: 44.3, 2020: 34.3, 2021: 37.5, 2022: 36.7, 2023: 35.9, 2024: 34.4",,51,Roadside (DT),Yes,-288316.547788833,6703508.93195795
1114,11,Whitefriars,2018,12,"2010: 60.8, 2011: 56.1, 2012: 53.2, 2013: 56.3, 2014: 48.8, 2015: 51.4, 2016: 51.7, 2017: 49.2, 2018: 48.1, 2019: 41.1, 2020: 31.1, 2021: 35, 2022: 35.3, 2023: 29.6, 2024: 29.4",,48.1,Roadside (DT),Yes,-288783.750004099,6702631.21072234
1115,422,North St/Langton Park T junction,2018,12,"2010: 43.4, 2011: 41.2, 2012: 39.8, 2013: 39, 2014: 34.1, 2015: 35, 2016: 39.4, 2017: 36.5, 2018: 34.1, 2019: 27.4, 2020: 23.4",,34.1,Post DA Facades,No,-289793.129417391,6699704.60992124
1116,396,Avonmouth Rd No 28 on facia,2017,12,"2010: 40.4, 2011: 36.3, 2012: 34.7, 2013: 31.9, 2014: 30.7, 2015: 32, 2016: 32.8, 2017: 32.7",,32.7,Post DA Facades,No,-298813.605486695,6709503.67765245
1117,373,123 Newfoundland Street façade,2017,11,"2010: 53, 2011: 47.9, 2012: 44.9, 2013: 45.2, 2014: 41.6, 2015: 38.3, 2016: 39.5, 2017: 38.5, 2018: 35.7, 2019: 31.2, 2020: 23.9, 2021: 27.9, 2022: 27.4, 2023: 22.3, 2024: 21.5",,38.5,BROADMEAD,Yes,-287292.865269621,6703337.20318085
1118,325,Facade   258 Fishponds Road Fishponds,2017,11,"2010: 51.8, 2011: 53, 2012: 49.8, 2013: 45.8, 2014: 49.7, 2015: 50.8, 2016: 50.5, 2017: 49.2, 2018: 48.1, 2019: 39.4, 2020: 34.1, 2021: 37.3, 2022: 32.6, 2023: 29.4, 2024: 27.6",,49.2,Post Stage Four,Yes,-284232.620635064,6705496.34843142
1119,314,Lamppost     Whiteladies Road \ Cotham Hill Clifton,2017,10,"2010: 51.1, 2011: 44.1, 2012: 40.4, 2013: 44.4, 2014: 43, 2015: 43.9, 2016: 41.5, 2017: 38.3, 2018: 37.7, 2019: 31.3",,38.3,Post Stage Four,No,-290494.80521666,6703775.41034363
1120,303,Facade   784 Muller Road Fishponds,2017,11,"2010: 55.4, 2011: 52.1, 2012: 48.5, 2013: 48.2, 2014: 43.5, 2015: 46.1, 2016: 46.2, 2017: 44, 2018: 43.8, 2019: 36.5, 2020: 29.2, 2021: 31.8, 2022: 31.2, 2023: 24.1, 2024: 23.3",,44,Post Stage Four,Yes,-284712.640975304,6705600.36391359
1121,113,Victoria Street,2017,8,"2010: 53.9, 2011: 55.2, 2012: 51.8, 2013: 48.4, 2014: 48.8, 2015: 47.5, 2016: 45.5, 2017: 49.9, 2018: 40.5, 2019: 37.4, 2020: 29.9, 2021: 27.8, 2022: 32, 2023: 29.4, 2024: 28.3",,49.9,redcliffe way templegate (DT),No,-288062.502763533,6701599.37177948
1122,81,Eastville Park,2017,10,"2010: 22.7, 2011: 19.2, 2012: 21, 2013: 18.2, 2014: 17.5, 2015: 17.9, 2016: 17, 2017: 18.8",,18.8,Wards (DT),No,-284251.786073126,6705912.41811108
1123,22,Stokes Croft,2017,12,"2010: 68.2, 2011: 58.7, 2012: 55.3, 2013: 57.7, 2014: 55.3, 2015: 49.7, 2016: 54.4, 2017: 52.5, 2018: 51, 2019: 44.3, 2020: 34.3, 2021: 37.5, 2022: 36.7, 2023: 35.9, 2024: 34.4",,52.5,Roadside (DT),Yes,-288316.547788833,6703508.93195795
1124,21,Gloucester Road,2017,12,"2010: 50.1, 2011: 44.5, 2012: 43.1, 2013: 52, 2014: 50.4, 2015: 51.6, 2016: 50.2, 2017: 49.3, 2018: 46.4, 2019: 38.3, 2020: 33.4, 2021: 34.9, 2022: 34, 2023: 30.9, 2024: 33",,49.3,Roadside (DT),Yes,-288453.491473036,6705789.48523368
1125,8,Higham Street,2017,12,"2010: 29.8, 2011: 25.7, 2012: 25.6, 2013: 26.8, 2014: 22.6, 2015: 22.5, 2016: 26.3, 2017: 21.9",,21.9,Roadside (DT),No,-287126.547721504,6700333.22530665
1126,3,Blackboy Hill,2017,12,"2010: 46, 2011: 36.6, 2012: 37.7, 2013: 41.2, 2014: 36.3, 2015: 37.9, 2016: 37.6, 2017: 34.4, 2018: 34.4, 2019: 27.7, 2020: 28.7, 2021: 44.4, 2022: 38.8, 2023: 47.7, 2024: 29",,34.4,Roadside (DT),Yes,-290988.19933068,6704714.42467723
1127,13,Ferndown Close,2017,12,"2010: 31.1, 2011: 19.4, 2012: 18.1, 2013: 18.8, 2014: 16.3, 2015: 16.4, 2016: 18.5, 2017: 20.1",,20.1,Roadside (DT),No,-295764.424890332,6709235.86764723
1128,239,Parson St. A38 East,2017,12,"2010: 81.3, 2011: 82, 2012: 76.9, 2013: 78, 2014: 65.4, 2015: 69.2, 2016: 68.9, 2017: 66.8, 2018: 65.2, 2019: 54.4, 2020: 47.6, 2021: 51.4, 2022: 48.6, 2023: 40.5, 2024: 38.1",,66.8,Roadside Stage 4 (DT),Yes,-290240.840052813,6698064.71461172
1129,263,Gatton Road,2017,11,"2010: 43.1, 2011: 38.5, 2012: 35.7, 2013: 35, 2014: 33.9, 2015: 33.6, 2016: 33.6, 2017: 33.5",,33.5,Roadside Stage 4 (DT),No,-286346.675872253,6704467.7269175
1130,320,Monitor     Bath Road Brislington,2017,36,"2010: 34.3, 2011: 33.1, 2012: 31.5, 2013: 31.1, 2014: 30.9, 2015: 31.3, 2016: 31.1, 2017: 30.7, 2018: 27.9, 2019: 23.5, 2020: 19.3, 2021: 20.8, 2022: 20.6, 2023: 17.7, 2024: 17",,30.7,QAQC,Yes,-284969.788762769,6699810.45977789
1131,371,Lamb Street façade,2017,12,"2010: 57.9, 2011: 47.5, 2012: 47.5, 2013: 46.9, 2014: 42.8, 2015: 44.8, 2016: 42.7, 2017: 44.7, 2018: 42.2, 2019: 34.1, 2020: 25.8, 2021: 29.4, 2022: 29, 2023: 25.5",,44.7,BROADMEAD,No,-287182.028571119,6702693.88408449
1132,406,Whitehall Rd lamppost 17 nr juction with Chalks Rd,2017,11,"2010: 48.1, 2011: 37.5, 2012: 36.5, 2013: 36.5, 2014: 34.9, 2015: 35.4, 2016: 36.2, 2017: 38.9, 2018: 38.5, 2019: 31, 2020: 26.6, 2021: 29.3, 2022: 29.6, 2023: 24.2, 2024: 23.2",,38.9,Post DA Facades,Yes,-284362.720936092,6703411.38989974
1133,420,North St/Dean Lane on roundabout sign,2017,10,"2010: 43.8, 2011: 39.6, 2012: 38.1, 2013: 38.9, 2014: 37.2, 2015: 36.7, 2016: 38.6, 2017: 33.3, 2018: 37.1, 2019: 30.4, 2020: 23.2, 2021: 25.6, 2022: 28.8, 2023: 23.7, 2024: 22.3",,33.3,Post DA Facades,Yes,-289619.048853516,6699765.46194782
1134,467,Strada Exeter Road,2017,12,"2010: 40.7, 2011: 33.4, 2012: 35.1, 2013: 34.8, 2014: 33, 2015: 31.6, 2016: 33.7, 2017: 30.7",,30.7,USA 2009,No,-290754.210004917,6699715.88601269
1135,4,Three Lamps,2017,12,"2010: 62.3, 2011: 59.8, 2012: 58.4, 2013: 60.6, 2014: 55.8, 2015: 53.3, 2016: 55.2, 2017: 52.7, 2018: 53.5, 2019: 41, 2020: 36.8, 2021: 38.9, 2022: 38.4, 2023: 29.3, 2024: 30.7",,52.7,Roadside (DT),Yes,-287018.565739922,6700248.9656145
1136,7,St. Andrew's Rd,2017,12,"2010: 30.2, 2011: 27.7, 2012: 27.9, 2013: 27.7, 2014: 28, 2015: 26.8, 2016: 28.6, 2017: 26",,26,Roadside (DT),No,-300244.658919802,6710417.86486197
1137,15,Horsefair,2017,11,"2010: 54.7, 2011: 50.9, 2012: 49.5, 2013: 53.6, 2014: 48.6, 2015: 50.8, 2016: 51.2, 2017: 49.4, 2018: 47.5, 2019: 42.2, 2020: 28.2, 2021: 31.5, 2022: 31.3, 2023: 26.4, 2024: 25.9",,49.4,Roadside (DT),Yes,-288014.971267504,6702867.14929257
1138,154,Hotwells Road,2017,11,"2010: 54.7, 2011: 40.9, 2012: 40.3, 2013: 44.3, 2014: 38.5, 2015: 37.2, 2016: 39.6, 2017: 38.5, 2018: 36.2, 2019: 30, 2020: 22.1, 2021: 25.4, 2022: 26.1, 2023: 17.8, 2024: 17.5",,38.5,harbourside (DT),Yes,-290714.010739251,6701235.48836649
1139,260,Stapleton Road South,2017,12,"2010: 52.9, 2011: 52.8, 2012: 45.8, 2013: 46.5, 2014: 46.3, 2015: 45.6, 2016: 45.4, 2017: 42.6, 2018: 43.1, 2019: 36.2, 2020: 29.5, 2021: 33.2, 2022: 31.6, 2023: 26.5, 2024: 26",,42.6,Roadside Stage 4 (DT),Yes,-285080.464366343,6705912.52183786
1140,374,St. Paul Street,2017,11,"2010: 56.2, 2011: 56.2, 2012: 46.8, 2013: 50.7, 2014: 51.8, 2015: 47.1, 2016: 47.2, 2017: 45.2, 2018: 47.8, 2019: 39.9, 2020: 29.9, 2021: 35, 2022: 33.7, 2023: 27.1, 2024: 25.1",,45.2,BROADMEAD,Yes,-287671.912995715,6703046.61290049
1141,455,St. Pauls Day Nursery,2017,36,"2010: 34.8, 2011: 30, 2012: 29.5, 2013: 30.1, 2014: 27.3, 2015: 26.5, 2016: 27.9, 2017: 26, 2018: 24.4, 2019: 20.8, 2020: 15.9, 2021: 16.4, 2022: 16.7, 2023: 14.3, 2024: 13.8",,26,QAQC,Yes,-287711.369865179,6703574.84926661
1142,464,Fishponds Road,2017,31,"2010: 42.2, 2011: 39.2, 2012: 38, 2013: 35.7, 2014: 36, 2015: 34.9, 2016: 36.9, 2017: 36.8, 2018: 34.4, 2019: 29.7, 2020: 24.2, 2021: 23.7, 2022: 24, 2023: 20.8, 2024: 20.8",,36.8,QAQC,Yes,-282218.963762018,6706297.20472537
1143,365,Unite façade,2017,12,"2010: 45.4, 2011: 40.3, 2012: 37.4, 2013: 37.7, 2014: 35.5, 2015: 36.5, 2016: 37.9, 2017: 37.6",,37.6,BROADMEAD,No,-287650.058854113,6702515.05678852
1144,363,5102 façade,2017,9,"2010: 44.9, 2011: 47.4, 2012: 48, 2013: 44.3, 2014: 39.8, 2015: 39.2, 2016: 39.6, 2017: 38.5, 2018: 37.2, 2019: 34, 2020: 23.5, 2021: 26.8, 2022: 28, 2023: 23.8, 2024: 23.9",,38.5,BROADMEAD,Yes,-288367.49785816,6703069.93538865
1145,159,Cromwell Road,2017,12,"2010: 53.6, 2011: 48.9, 2012: 49.7, 2013: 49, 2014: 44.5, 2015: 44.1, 2016: 44.8, 2017: 42, 2018: 43.3, 2019: 35.8, 2020: 28.5, 2021: 31.9, 2022: 32.1, 2023: 28.9, 2024: 28.2",,42,gloucester road showcase route (DT),Yes,-288675.219320107,6704666.05891095
1146,99,Greville Smyth Park,2017,12,"2010: 32.7, 2011: 28.1, 2012: 30, 2013: 33.1, 2014: 27.2, 2015: 28.7, 2016: 31.6, 2017: 28.5",,28.5,Wards (DT),No,-291506.54674882,6699854.07592476
1147,157,Stokes Croft  Ashley Road,2017,9,"2010: 64.9, 2011: 61.8, 2012: 55.9, 2013: 56, 2014: 51.4, 2015: 53.3, 2016: 52.8, 2017: 48.6, 2018: 45.4, 2019: 43.1, 2020: 35.7, 2021: 40.3, 2022: 35, 2023: 35.2, 2024: 33.7",,48.6,gloucester road showcase route (DT),Yes,-288303.158453479,6703836.78908709
1148,163,Strathmore Road,2017,12,"2010: 44.8, 2011: 38.3, 2012: 38.8, 2013: 43, 2014: 39.1, 2015: 37, 2016: 39.7, 2017: 38, 2018: 36.6, 2019: 30.8, 2020: 24.5, 2021: 27.4, 2022: 27.2, 2023: 27.2, 2024: 25.7",,38,gloucester road showcase route (DT),Yes,-287828.657779616,6707832.48413925
1149,175,top of Brislington Hill,2017,12,"2010: 57.9, 2011: 56.3, 2012: 54.7, 2013: 55.3, 2014: 51.7, 2015: 52.9, 2016: 56.5, 2017: 54, 2018: 54.9, 2019: 44.6, 2020: 36.4, 2021: 41.4, 2022: 38.7, 2023: 30.4, 2024: 30.3",,54,bath road showcase route (DT),Yes,-283408.629887594,6698149.144355
1150,312,Lamppost     Ashley Hill St. Pauls,2017,12,"2010: 46.8, 2011: 46.4, 2012: 43.7, 2013: 44.5, 2014: 36.7, 2015: 36.8, 2016: 41.6, 2017: 38.5, 2018: 38.5, 2019: 32.8, 2020: 26.2, 2021: 29.5, 2022: 29.8, 2023: 24.8, 2024: 23.5",,38.5,Post Stage Four,Yes,-287167.355516468,6704691.02392647
1151,370,Great George Street lamppost,2017,12,"2010: 49.2, 2011: 43.7, 2012: 39.5, 2013: 39.4, 2014: 36.9, 2015: 37.7, 2016: 38.4, 2017: 37.5, 2018: 36.6, 2019: 30.1, 2021: 25, 2022: 31, 2023: 25.3, 2024: 21.2",,37.5,BROADMEAD,Yes,-287244.687317758,6702918.28830893
1152,405,Whitehall Rd/Easton Rd lamppost 4TZ,2017,12,"2010: 57.8, 2011: 58, 2012: 53.1, 2013: 55, 2014: 51.1, 2015: 53.1, 2016: 42.6, 2017: 50.4, 2018: 56.2, 2019: 48.5, 2020: 38.7, 2021: 40.4, 2022: 38, 2023: 33.5, 2024: 33.6",,50.4,Post DA Facades,Yes,-285203.139777754,6703303.7524392
1153,419,Parson St lamppost outside Bristol Scuba,2017,12,"2010: 63.2, 2011: 54.7, 2012: 54.1, 2013: 53.6, 2014: 56.6, 2015: 53.6, 2016: 55.8, 2017: 51.3, 2018: 45, 2019: 39, 2020: 31.4, 2021: 34.3, 2022: 33.6, 2023: 29.4, 2024: 28.5",,51.3,Post DA Facades,Yes,-290320.090688617,6698353.05372706
1154,426,City Rd/Ashley Rd lamppost No 16,2017,11,"2010: 40.7, 2011: 40, 2012: 39.5, 2013: 38, 2014: 34, 2015: 32.5, 2016: 34.2, 2017: 33.5",,33.5,Post DA Facades,No,-287666.22851714,6703943.12855516
1155,466,Savanna coffee drainpipe,2017,12,"2010: 41.1, 2011: 39.7, 2012: 39.6, 2013: 41.1, 2014: 38, 2015: 34, 2016: 35.8, 2017: 33.4, 2018: 33.2, 2019: 27.4, 2020: 20.8",,33.4,USA 2009,No,-290918.706654091,6699851.00397371
1156,472,Jamiesons Autos,2017,12,"2010: 52.4, 2011: 47.4, 2012: 46.5, 2013: 48.2, 2014: 45.2, 2015: 40, 2016: 45.3, 2017: 41.6, 2018: 37.3, 2019: 33.7, 2020: 26.2, 2021: 28.7, 2022: 29, 2023: 25.8, 2024: 25.7",,41.6,USA 2009,Yes,-289697.065688815,6699318.40485888
1157,483,Avonmouth Road - Lampost (19) Opposite Hse No 37,2017,12,"2012: 38.5, 2013: 36.5, 2014: 37.2, 2015: 37.1, 2016: 38.1, 2017: 36.3",,36.3,Avonmouth Road,No,-298989.311077002,6709601.71027226
1158,495,On green fence surrounding Western Power substation (?) adjacent to No.1 Dorian Road,2017,11,"2015: 21.7, 2016: 25.8, 2017: 24.8",,24.8,Horfield Roadside,No,-287969.961992111,6709062.72972397
1159,499,Temple Way Nox site,2017,16,"2017: 38.5, 2018: 43.2, 2019: 33.6, 2020: 26, 2021: 31.1, 2022: 30.9, 2023: 26.2, 2024: 23.9",,38.5,QAQC,Yes,-287648.349706948,6702703.01974867
1160,474,Martial Arts West Street,2017,12,"2010: 45.1, 2011: 39.7, 2012: 37.9, 2013: 39.1, 2014: 35.8, 2015: 38.5, 2016: 38.7, 2017: 35.8, 2018: 31.9, 2019: 29.1, 2020: 22.9",,35.8,USA 2009,No,-290069.368921615,6698825.58328779
1161,479,cycle sign lamppost,2017,12,"2010: 34.8, 2011: 32.6, 2012: 33.4, 2013: 33, 2014: 32.2, 2015: 31.5, 2016: 30.3, 2017: 30.1",,30.1,Callington Road,No,-283775.919971872,6698013.1334356
1162,487,Junction 3 Millpond Street,2017,12,"2013: 55.6, 2014: 47.4, 2015: 46.2, 2016: 45.7, 2017: 44.5, 2018: 41.9, 2019: 35.1, 2020: 27.7, 2021: 29.6, 2022: 36.8, 2023: 27.8, 2024: 24.1",,44.5,JCT3,Yes,-286505.090102087,6704231.89916475
1163,492,On 1 way sign at bottom of Wellington Hill,2017,12,"2015: 37.6, 2016: 40.3, 2017: 36.8, 2018: 34.8, 2019: 31.3, 2020: 25.2, 2021: 26.4, 2022: 27.5, 2023: 25.6, 2024: 23.7",,36.8,Horfield Roadside,Yes,-287813.3061196,6707917.80129038
1164,496,385 Church Road Redfield,2017,12,"2014: 42, 2015: 39.3, 2016: 41.1, 2017: 41.1, 2018: 39.2, 2019: 33, 2020: 25, 2021: 25.9, 2022: 26.7, 2023: 22.9, 2024: 20.2",,41.1,Post Stage Four,Yes,-283206.866231794,6703121.26962694
1165,489,Avonmouth Road Outside No 12,2017,11,"2014: 34.5, 2015: 36.9, 2016: 38.6, 2017: 37.7, 2018: 35.5, 2019: 28.6, 2020: 22.8",,37.7,Avonmouth Road,No,-298747.205725735,6709433.55872731
1166,488,Junction 3 Easton Way,2017,11,"2013: 49.8, 2014: 40.1, 2015: 42.7, 2016: 42.5, 2017: 39.8",,39.8,JCT3,No,-286565.52996909,6704173.58231094
1167,486,Barracks's Lane - Telegraph Pole No 6. End of Lane Left Hand Side,2017,12,"2012: 41.5, 2013: 38.2, 2014: 36.6, 2015: 40.8, 2016: 41.7, 2017: 39.2",,39.2,Avonmouth Road,No,-298508.50916054,6709803.9731087
1168,422,North St/Langton Park T junction,2017,12,"2010: 43.4, 2011: 41.2, 2012: 39.8, 2013: 39, 2014: 34.1, 2015: 35, 2016: 39.4, 2017: 36.5, 2018: 34.1, 2019: 27.4, 2020: 23.4",,36.5,Post DA Facades,No,-289793.129417391,6699704.60992124
1169,311,Give Way sign  Chesterfield Rd \ Ashley Down Road St. Andrews,2017,12,"2010: 49.2, 2011: 45.3, 2012: 46.7, 2013: 49.5, 2014: 43.3, 2015: 44, 2016: 46.2, 2017: 46.4",,46.4,Post Stage Four,No,-287421.363948839,6705397.63750124
1170,307,Lamppost     Glenfrome Road \ Muller Road Horfield,2017,10,"2010: 46.6, 2011: 41.5, 2012: 39.5, 2013: 39.8, 2014: 38.4, 2015: 36.6, 2016: 37.4, 2017: 32.6, 2018: 37.3, 2019: 30.7, 2020: 24.6, 2021: 27.5, 2022: 26.8, 2023: 24.5, 2024: 21.6",,32.6,Post Stage Four,Yes,-285709.878701319,6705846.59411472
1171,261,Stapleton Road Heath Street,2017,11,"2010: 55.8, 2011: 48.2, 2012: 53, 2013: 55.8, 2014: 50.6, 2015: 51.3, 2016: 53.1, 2017: 52.4, 2018: 51, 2019: 41.5, 2020: 34.7, 2021: 39.1, 2022: 39.3, 2023: 32, 2024: 33",,52.4,Roadside Stage 4 (DT),Yes,-285135.992821959,6705418.74590538
1172,105,Victoria Park,2017,11,"2010: 26, 2011: 19.9, 2012: 20.4, 2013: 21.2, 2014: 17.2, 2015: 18.2, 2016: 20.8, 2017: 19.1",,19.1,Wards (DT),No,-288303.274890422,6699464.66471172
1173,23,Old Market,2017,5,"2010: 56.3, 2011: 52.3, 2012: 47.9, 2013: 50.6, 2014: 44.2, 2015: 45.3, 2016: 47.2, 2017: 46.7",,46.7,Roadside (DT),No,-287592.734480822,6702358.09069367
1174,20,Newfoundland Way,2017,10,"2010: 79, 2011: 73.2, 2012: 74.7, 2013: 64.3, 2014: 65.3, 2015: 58.7, 2016: 55.5, 2017: 61.2, 2018: 50.1, 2019: 42.4",,61.2,Roadside (DT),No,-287579.43244068,6703103.57954815
1175,18,Hillcrest,2017,12,"2010: 26.5, 2011: 20.3, 2012: 21.3, 2013: 22.3, 2014: 18.1, 2015: 17.8, 2016: 20.2, 2017: 18.4",,18.4,Roadside (DT),No,-285734.537313679,6697418.60705167
1176,9,B.R.I.,2017,12,"2010: 65.4, 2011: 58, 2012: 52, 2013: 54, 2014: 49.3, 2015: 48, 2016: 48.8, 2017: 46.5, 2018: 44.7, 2019: 37.8, 2020: 31.7, 2021: 39.3, 2022: 36, 2023: 27.8",,46.5,Roadside (DT),No,-288920.3727828,6702882.30805318
1177,2,Colston Avenue,2017,10,"2010: 79.4, 2011: 78.8, 2012: 66.8, 2013: 68.7, 2014: 67.7, 2015: 69.2, 2016: 66.1, 2017: 63.1, 2018: 58.2, 2019: 53.7, 2020: 36.9, 2021: 40.1, 2022: 40.3, 2023: 39, 2024: 38.4",,63.1,Roadside (DT),Yes,-289075.818144399,6702097.12495681
1178,16,Third Way,2017,12,"2010: 35.1, 2011: 35.8, 2012: 36.4, 2013: 33.3, 2014: 34.6, 2015: 35.9, 2016: 35.7, 2017: 35.2, 2018: 32.6, 2019: 28.7, 2020: 23.2, 2021: 24.9, 2022: 25.8, 2023: 21.5, 2024: 21.5",,35.2,Roadside (DT),No,-299319.725243601,6711147.03571026
1179,14,Red Lion Knowle,2017,9,"2010: 47.9, 2011: 44.1, 2012: 43.2, 2013: 42.2, 2014: 40.4, 2015: 40.1, 2016: 42.3, 2017: 41.1, 2018: 47.6, 2019: 38.7, 2020: 32.4, 2021: 32.7, 2022: 30.3, 2023: 27, 2024: 25.8",,41.1,Roadside (DT),Yes,-285439.186904326,6697740.37180987
1180,413,Wells Rd bus lane sign just below junction with Knowle Rd,2017,12,"2010: 52.2, 2011: 47.1, 2012: 41.4, 2013: 43.7, 2014: 38.4, 2015: 39.3, 2016: 40, 2017: 38.7, 2018: 37.6, 2019: 31.2, 2020: 25.5, 2021: 27.4, 2022: 27.2, 2023: 23.5, 2024: 22.5",,38.7,Post DA Facades,Yes,-286790.024426925,6699701.55784787
1181,429,facade villiers road stapleton road junction,2017,8,"2010: 60.3, 2011: 57.8, 2012: 57.3, 2013: 60.6, 2014: 54.7, 2015: 50.4, 2016: 52.1, 2017: 47.8, 2018: 46.8, 2019: 41.2, 2020: 38.8, 2021: 36.4, 2022: 35.5, 2023: 38, 2024: 35.3",,47.8,Post DA Facades,Yes,-286116.033413056,6703865.40916925
1182,438,A37 Junction w/ Airport Road,2017,33,"2010: 48, 2011: 47.7, 2012: 43.4, 2013: 43.5, 2014: 44, 2015: 43.1, 2016: 43.4, 2017: 43.2, 2018: 36.6, 2019: 31.8, 2020: 27.1, 2021: 29, 2022: 29.4, 2023: 25, 2024: 23.2",,43.2,QAQC,Yes,-285394.401951542,6697329.73212812
1183,439,Parson Street School,2017,35,"2010: 41.9, 2011: 40.9, 2012: 40.9, 2013: 44.7, 2014: 42, 2015: 41, 2016: 43.6, 2017: 37.7, 2018: 37.7, 2019: 31.7, 2020: 25.4, 2021: 28.6, 2022: 27.2, 2023: 24, 2024: 22.4",,37.7,QAQC,Yes,-289982.448521423,6698188.87869929
1184,478,T shirt Shop W. Town Lane,2017,12,"2010: 42.9, 2011: 38.2, 2012: 36.4, 2013: 39.9, 2014: 35.8, 2015: 36.3, 2016: 36.7, 2017: 35.4, 2018: 36.5, 2019: 28.8, 2020: 23.5",,35.4,Callington Road,No,-283497.367453175,6698023.25032835
1185,491,Avonmouth Road Outside No 76,2017,12,"2014: 31.2, 2015: 33.8, 2016: 36.5, 2017: 34.4, 2018: 33.5, 2019: 27.3, 2020: 22",,34.4,Avonmouth Road,No,-298604.550071775,6709267.68975072
1186,485,Avonmouth Road - Telegraph Pole Opposite Hse No 4,2017,12,"2012: 41.2, 2013: 35.7, 2014: 35, 2015: 35.5, 2016: 36.4, 2017: 34",,34,Avonmouth Road,No,-298714.733114574,6709390.45378664
1187,482,Avonmouth Road - Lampost (20) Opposite Number Hse No 45,2017,12,"2012: 35.8, 2013: 36.7, 2014: 35.8, 2015: 35.1, 2016: 36.4, 2017: 33.9",,33.9,Avonmouth Road,No,-299044.204309352,6709641.38886502
1188,462,Millpond School play area,2017,11,"2010: 35.8, 2011: 32.6, 2012: 31.7, 2013: 32.9, 2014: 29.2, 2015: 30.4, 2016: 30.8, 2017: 34.6",,34.6,Millpond School,No,-286278.220554745,6704320.44194323
1189,461,Millpond School Fence,2017,9,"2010: 40.2, 2011: 35.9, 2012: 35.5, 2013: 37.2, 2014: 34.1, 2015: 33.2, 2016: 37, 2017: 30.4, 2018: 33.9, 2019: 26",,30.4,Millpond School,No,-286284.930702286,6704358.95120715
1190,403,Lamp post 48 230 Bath Road,2017,12,"2010: 46.5, 2011: 43.9, 2012: 43.6, 2013: 46.6, 2014: 39.2, 2015: 41.5, 2016: 37.5, 2017: 35.7, 2018: 35.6, 2019: 28.1, 2020: 23.4, 2021: 25.5, 2022: 25.5, 2023: 20.2, 2024: 20.6",,35.7,Post DA Facades,Yes,-286047.399122808,6699977.1677698
1191,305,Lamppost     Sarah Street Redfield,2017,12,"2010: 43.8, 2011: 37.3, 2012: 36, 2013: 37.1, 2014: 34.2, 2015: 33.3, 2016: 35, 2017: 32.9",,32.9,Post Stage Four,No,-285823.421858351,6702704.55720837
1192,300,Facade Haart Estate Agents 755 Fishponds Road Fishponds,2017,10,"2010: 47, 2011: 52.8, 2012: 49.9, 2013: 48.5, 2014: 42.4, 2015: 45.9, 2016: 48.1, 2017: 45.9, 2018: 41.1, 2019: 35.1, 2020: 28.9, 2021: 28.7, 2022: 27.5, 2023: 21.2, 2024: 26.4",,45.9,Post Stage Four,Yes,-281520.287175529,6706769.98297697
1193,242,Parson Street Bedminster Down Road,2017,10,"2010: 80.3, 2011: 75.5, 2012: 73.9, 2013: 75.1, 2014: 56.2, 2015: 61.7, 2016: 68.4, 2017: 56, 2018: 51.1, 2019: 41, 2020: 32.2, 2021: 34.5, 2022: 36.6, 2023: 29.8, 2024: 28",,56,Roadside Stage 4 (DT),Yes,-290831.882346175,6697891.20245718
1194,155,Jacobs Wells Road South,2017,12,"2010: 47.4, 2011: 52.4, 2012: 46.9, 2013: 48.5, 2014: 38.8, 2015: 39.9, 2016: 43.1, 2017: 37.9, 2018: 40.1, 2019: 31.1, 2020: 22.9, 2021: 25.5, 2022: 24.2, 2023: 17.5, 2024: 15.2",,37.9,harbourside (DT),Yes,-290337.435875919,6701608.05267219
1195,17,Anglesea Place,2017,12,"2010: 40.3, 2011: 21, 2012: 21.3, 2013: 25, 2014: 21.2, 2015: 20, 2016: 21.9, 2017: 19.7",,19.7,Roadside (DT),No,-291267.721488841,6704602.80656711
1196,11,Whitefriars,2017,12,"2010: 60.8, 2011: 56.1, 2012: 53.2, 2013: 56.3, 2014: 48.8, 2015: 51.4, 2016: 51.7, 2017: 49.2, 2018: 48.1, 2019: 41.1, 2020: 31.1, 2021: 35, 2022: 35.3, 2023: 29.6, 2024: 29.4",,49.2,Roadside (DT),Yes,-288783.750004099,6702631.21072234
1197,10,Bath Road,2017,11,"2010: 68.2, 2011: 62.3, 2012: 58.4, 2013: 61.5, 2014: 50.1, 2015: 49.3, 2016: 54.5, 2017: 51.6, 2018: 51.5, 2019: 42.2, 2020: 33.6, 2021: 36.8, 2022: 35.9, 2023: 30.7, 2024: 30.3",,51.6,Roadside (DT),Yes,-284908.842563162,6699589.32161916
1198,125,York Road,2017,7,"2010: 72.8, 2011: 66.5, 2012: 63, 2013: 59.6, 2014: 53.3, 2015: 52.9, 2016: 52.9, 2017: 56, 2018: 50.3, 2019: 45.2, 2020: 35.6, 2021: 35.8, 2022: 33.6, 2023: 24.3, 2024: 19.7",,56,redcliffe way templegate (DT),Yes,-288122.962480237,6700347.74496852
1199,19,Conham Vale,2017,12,"2010: 24.4, 2011: 21.5, 2012: 22, 2013: 27.2, 2014: 20.8, 2015: 19.7, 2016: 22.4, 2017: 21.3",,21.3,Roadside (DT),No,-282187.941736831,6700722.60876012
1200,5,Bedminster Parade,2017,11,"2010: 66.6, 2011: 57.2, 2012: 54.6, 2013: 58.7, 2014: 47.6, 2015: 50.9, 2016: 51.3, 2017: 45.8, 2018: 45.8, 2019: 39.9, 2020: 31.6, 2021: 41, 2022: 37.9, 2023: 33.5, 2024: 34.9",,45.8,Roadside (DT),Yes,-288906.606435902,6699999.33324423
1201,6,Church Road,2017,12,"2010: 40.9, 2011: 35.2, 2012: 33.6, 2013: 33.5, 2014: 30.5, 2015: 31.3, 2016: 33.7, 2017: 32.3",,32.3,Roadside (DT),No,-284862.629972362,6702776.2252846
1202,12,Galleries,2017,10,"2010: 58.2, 2011: 55.2, 2012: 50.8, 2013: 56.7, 2014: 51.3, 2015: 52.5, 2016: 52.8, 2017: 56.6, 2018: 57.5, 2019: 51.8, 2020: 41.9, 2021: 46.5, 2022: 50.2, 2023: 60.2, 2024: 35.3",,56.6,Roadside (DT),Yes,-288254.965440197,6702425.05893974
1203,147,Anchor Road,2017,4,"2010: 65.6, 2011: 66.4, 2012: 60.6, 2013: 60.2, 2014: 57, 2015: 60.1, 2016: 56.9, 2017: 61.5, 2018: 56.6, 2019: 50.9, 2020: 39.4, 2021: 43.3, 2022: 45.5, 2023: 39.5, 2024: 36.3",,61.5,harbourside (DT),Yes,-289254.257300207,6701581.66334233
1204,156,Jacobs Wells road opp Clifton hill,2017,12,"2010: 56.1, 2011: 49.1, 2012: 45.8, 2013: 44.2, 2014: 38, 2015: 38.9, 2016: 41.2, 2017: 39.3, 2018: 36.2, 2019: 30.5, 2020: 20.7, 2021: 24.9, 2022: 25.9, 2023: 19.1, 2024: 17.7",,39.3,harbourside (DT),Yes,-290548.152178807,6702096.20398506
1205,161,Bishop Road,2017,12,"2010: 52.9, 2011: 47.4, 2012: 41.6, 2013: 41.8, 2014: 41.3, 2015: 43.7, 2016: 41.7, 2017: 38.8, 2018: 38, 2019: 31.7, 2020: 25.3, 2021: 27.4, 2022: 26, 2023: 25.6, 2024: 26.5",,38.8,gloucester road showcase route (DT),Yes,-288271.484099739,6706477.18610887
1206,254,Merchants Road Hotwells,2017,10,"2010: 47.1, 2011: 55.6, 2012: 55.3, 2013: 53.2, 2014: 51.5, 2015: 54.4, 2016: 51.8, 2017: 52.2, 2018: 49.4, 2019: 40.5, 2020: 31.1, 2021: 34.6, 2022: 33, 2023: 24.7, 2024: 23.9",,52.2,Roadside Stage 4 (DT),Yes,-291486.964634959,6701142.24890875
1207,295,Lamppost   16 Ashley Road St. Pauls,2017,12,"2010: 58.8, 2011: 60.7, 2012: 57.8, 2013: 57.2, 2014: 58.6, 2015: 63.3, 2016: 55.7, 2017: 65.1, 2018: 59.6, 2019: 48.1, 2020: 37.2, 2021: 44.5, 2022: 41, 2023: 34, 2024: 34.8",,65.1,Post Stage Four,Yes,-287033.740015952,6704208.4476767
1208,397,facade avonmouth road underpass - house to SE,2017,12,"2010: 38.4, 2011: 35.9, 2012: 34, 2013: 34.4, 2014: 28.5, 2015: 33, 2016: 33.8, 2017: 33.4",,33.4,Post DA Facades,No,-298837.117054549,6709445.57805865
1209,398,Avonmouth Rd No 31 on facia,2017,12,"2010: 40.1, 2011: 34.9, 2012: 31.8, 2013: 34, 2014: 31.9, 2015: 30.1, 2016: 31.8, 2017: 31.2",,31.2,Post DA Facades,No,-298961.49662735,6709542.48396699
1210,407,lamppost sussex place,2017,11,"2010: 53.9, 2011: 56.5, 2012: 47.3, 2013: 47.1, 2014: 43.9, 2015: 43.1, 2016: 48.7, 2017: 44.6, 2018: 46.7, 2019: 37.3, 2020: 26.7, 2021: 30.2, 2022: 29.5, 2023: 24.8",,44.6,Post DA Facades,No,-287169.041541866,6704295.74454928
1211,418,Bedminster Down Rd lamppost between Ashton Motors & Plough PH,2017,12,"2010: 92.9, 2011: 90.5, 2012: 81.8, 2013: 74, 2014: 67.7, 2015: 63.7, 2016: 69.3, 2017: 58.4, 2018: 55.7, 2019: 51.1, 2020: 40.2, 2021: 45.9, 2022: 44.1, 2023: 32.8, 2024: 31.7",,58.4,Post DA Facades,Yes,-290471.62510202,6698281.14621008
1212,436,Shiners Garage,2017,11,"2010: 44.7, 2011: 40.9, 2012: 39.6, 2013: 40.1, 2014: 38.2, 2015: 37.9, 2016: 47.7, 2017: 45.8, 2018: 50.6, 2019: 42, 2020: 29.2, 2021: 31.2, 2022: 30.6, 2023: 24.4, 2024: 26.2",,45.8,Roadside,Yes,-285259.212047081,6702675.18810556
1213,473,B&G Snax West St,2017,12,"2010: 49.2, 2011: 43.1, 2012: 44.6, 2013: 43.5, 2014: 40.7, 2015: 49.6, 2016: 57.1, 2017: 40.1, 2018: 44, 2019: 42.4, 2020: 40, 2021: 28.4, 2022: 28.4, 2023: 26.1, 2024: 25.7",,40.1,USA 2009,Yes,-289888.728777705,6699059.90410014
1214,490,Avon School Barrack's Lane,2017,12,"2014: 29.1, 2015: 31.9, 2016: 32.4, 2017: 31, 2018: 26.8, 2019: 22.4, 2020: 18.6",,31,Avonmouth Road,No,-298669.251790211,6709500.2063584
1215,494,Muller Road - Adjacent to Darnley Avenue,2017,12,"2015: 37.5, 2016: 43.3, 2017: 39.5, 2018: 38.7, 2019: 32, 2020: 25.1, 2021: 25, 2022: 26.4, 2023: 22.5, 2024: 21.6",,39.5,Horfield Roadside,Yes,-287635.002115621,6708277.69693354
1216,497,20 Ashley Road,2017,8,"2014: 49.3, 2015: 41.8, 2016: 43.2, 2017: 42.4, 2018: 38, 2019: 29.1, 2020: 24.6, 2021: 27.1, 2022: 24.7, 2023: 24.8, 2024: 22.5",,42.4,Post DA Facades,Yes,-288064.948651647,6703906.18922384
1217,493,No 67 Filton Avenue on wall facing Muller Rd,2017,12,"2015: 36.2, 2016: 41.5, 2017: 41.9, 2018: 41.8, 2019: 37, 2020: 29.5, 2021: 31.8, 2022: 31.2, 2023: 27.4, 2024: 25.8",,41.9,Horfield Roadside,Yes,-287443.0455096,6708131.34018296
1218,470,Victoria Park Primary,2017,12,"2010: 43.3, 2011: 39.4, 2012: 39.6, 2013: 37.8, 2014: 35, 2015: 38.7, 2016: 39.4, 2017: 35.9, 2018: 37.9, 2019: 29.4, 2020: 25.1, 2021: 26.8, 2022: 28.3, 2023: 24.2, 2024: 21.7",,35.9,USA 2009,Yes,-288112.730275877,6698870.47455211
1219,469,Lamppost corner park avenue,2017,12,"2010: 46.2, 2011: 40.4, 2012: 39.4, 2013: 38.5, 2014: 35.8, 2015: 35.3, 2016: 39.2, 2017: 34.6, 2018: 36.2, 2019: 27.4, 2020: 23.4",,34.6,USA 2009,No,-287688.258760981,6699061.74717359
1220,423,facade BRI children's,2017,12,"2010: 53, 2011: 53.2, 2012: 50.9, 2013: 46.3, 2014: 41.8, 2015: 44.4, 2016: 43.5, 2017: 45, 2018: 42.3, 2019: 35.2, 2020: 27.3, 2021: 29.5, 2022: 29.1, 2023: 22.2, 2024: 20.9",,45,Post DA Facades,Yes,-289088.725742146,6702699.40590324
1221,417,St John's Lane No 26 lamppost 15 (just past roundabout),2017,12,"2010: 51.3, 2011: 45.6, 2012: 44.1, 2013: 42.1, 2014: 40.8, 2015: 43.6, 2016: 43.4, 2017: 35.2, 2018: 36, 2019: 31, 2020: 26.3, 2021: 27.9, 2022: 27, 2023: 22.7, 2024: 20.9",,35.2,Post DA Facades,Yes,-287442.243890537,6699543.83315549
1222,474,Martial Arts West Street,2016,12,"2010: 45.1, 2011: 39.7, 2012: 37.9, 2013: 39.1, 2014: 35.8, 2015: 38.5, 2016: 38.7, 2017: 35.8, 2018: 31.9, 2019: 29.1, 2020: 22.9",,38.7,USA 2009,No,-290069.368921615,6698825.58328779
1223,473,B&G Snax West St,2016,12,"2010: 49.2, 2011: 43.1, 2012: 44.6, 2013: 43.5, 2014: 40.7, 2015: 49.6, 2016: 57.1, 2017: 40.1, 2018: 44, 2019: 42.4, 2020: 40, 2021: 28.4, 2022: 28.4, 2023: 26.1, 2024: 25.7",,57.1,USA 2009,Yes,-289888.728777705,6699059.90410014
1224,439,Parson Street School,2016,36,"2010: 41.9, 2011: 40.9, 2012: 40.9, 2013: 44.7, 2014: 42, 2015: 41, 2016: 43.6, 2017: 37.7, 2018: 37.7, 2019: 31.7, 2020: 25.4, 2021: 28.6, 2022: 27.2, 2023: 24, 2024: 22.4",,43.6,QAQC,Yes,-289982.448521423,6698188.87869929
1225,441,Avon Probation Service,2016,7,"2010: 58.7, 2011: 57.8, 2012: 55, 2013: 56.1, 2014: 50.2, 2015: 45.8, 2016: 45.1",,45.1,QAQC,No,-287455.135573451,6703189.71654543
1226,438,A37 Junction w/ Airport Road,2016,36,"2010: 48, 2011: 47.7, 2012: 43.4, 2013: 43.5, 2014: 44, 2015: 43.1, 2016: 43.4, 2017: 43.2, 2018: 36.6, 2019: 31.8, 2020: 27.1, 2021: 29, 2022: 29.4, 2023: 25, 2024: 23.2",,43.4,QAQC,Yes,-285394.401951542,6697329.73212812
1227,493,No 67 Filton Avenue on wall facing Muller Rd,2016,12,"2015: 36.2, 2016: 41.5, 2017: 41.9, 2018: 41.8, 2019: 37, 2020: 29.5, 2021: 31.8, 2022: 31.2, 2023: 27.4, 2024: 25.8",,41.5,Horfield Roadside,Yes,-287443.0455096,6708131.34018296
1228,105,Victoria Park,2016,12,"2010: 26, 2011: 19.9, 2012: 20.4, 2013: 21.2, 2014: 17.2, 2015: 18.2, 2016: 20.8, 2017: 19.1",,20.8,Wards (DT),No,-288303.274890422,6699464.66471172
1229,99,Greville Smyth Park,2016,12,"2010: 32.7, 2011: 28.1, 2012: 30, 2013: 33.1, 2014: 27.2, 2015: 28.7, 2016: 31.6, 2017: 28.5",,31.6,Wards (DT),No,-291506.54674882,6699854.07592476
1230,81,Eastville Park,2016,10,"2010: 22.7, 2011: 19.2, 2012: 21, 2013: 18.2, 2014: 17.5, 2015: 17.9, 2016: 17, 2017: 18.8",,17,Wards (DT),No,-284251.786073126,6705912.41811108
1231,7,St. Andrew's Rd,2016,12,"2010: 30.2, 2011: 27.7, 2012: 27.9, 2013: 27.7, 2014: 28, 2015: 26.8, 2016: 28.6, 2017: 26",,28.6,Roadside (DT),No,-300244.658919802,6710417.86486197
1232,466,Savanna coffee drainpipe,2016,12,"2010: 41.1, 2011: 39.7, 2012: 39.6, 2013: 41.1, 2014: 38, 2015: 34, 2016: 35.8, 2017: 33.4, 2018: 33.2, 2019: 27.4, 2020: 20.8",,35.8,USA 2009,No,-290918.706654091,6699851.00397371
1233,478,T shirt Shop W. Town Lane,2016,12,"2010: 42.9, 2011: 38.2, 2012: 36.4, 2013: 39.9, 2014: 35.8, 2015: 36.3, 2016: 36.7, 2017: 35.4, 2018: 36.5, 2019: 28.8, 2020: 23.5",,36.7,Callington Road,No,-283497.367453175,6698023.25032835
1234,482,Avonmouth Road - Lampost (20) Opposite Number Hse No 45,2016,12,"2012: 35.8, 2013: 36.7, 2014: 35.8, 2015: 35.1, 2016: 36.4, 2017: 33.9",,36.4,Avonmouth Road,No,-299044.204309352,6709641.38886502
1235,483,Avonmouth Road - Lampost (19) Opposite Hse No 37,2016,12,"2012: 38.5, 2013: 36.5, 2014: 37.2, 2015: 37.1, 2016: 38.1, 2017: 36.3",,38.1,Avonmouth Road,No,-298989.311077002,6709601.71027226
1236,485,Avonmouth Road - Telegraph Pole Opposite Hse No 4,2016,12,"2012: 41.2, 2013: 35.7, 2014: 35, 2015: 35.5, 2016: 36.4, 2017: 34",,36.4,Avonmouth Road,No,-298714.733114574,6709390.45378664
1237,492,On 1 way sign at bottom of Wellington Hill,2016,12,"2015: 37.6, 2016: 40.3, 2017: 36.8, 2018: 34.8, 2019: 31.3, 2020: 25.2, 2021: 26.4, 2022: 27.5, 2023: 25.6, 2024: 23.7",,40.3,Horfield Roadside,Yes,-287813.3061196,6707917.80129038
1238,498,Hungerford Road,2016,6,2016: 19,,19,Hungerford Road,No,-283195.761818584,6697083.12369653
1239,407,lamppost sussex place,2016,12,"2010: 53.9, 2011: 56.5, 2012: 47.3, 2013: 47.1, 2014: 43.9, 2015: 43.1, 2016: 48.7, 2017: 44.6, 2018: 46.7, 2019: 37.3, 2020: 26.7, 2021: 30.2, 2022: 29.5, 2023: 24.8",,48.7,Post DA Facades,No,-287169.041541866,6704295.74454928
1240,436,Shiners Garage,2016,11,"2010: 44.7, 2011: 40.9, 2012: 39.6, 2013: 40.1, 2014: 38.2, 2015: 37.9, 2016: 47.7, 2017: 45.8, 2018: 50.6, 2019: 42, 2020: 29.2, 2021: 31.2, 2022: 30.6, 2023: 24.4, 2024: 26.2",,47.7,Roadside,Yes,-285259.212047081,6702675.18810556
1241,461,Millpond School Fence,2016,11,"2010: 40.2, 2011: 35.9, 2012: 35.5, 2013: 37.2, 2014: 34.1, 2015: 33.2, 2016: 37, 2017: 30.4, 2018: 33.9, 2019: 26",,37,Millpond School,No,-286284.930702286,6704358.95120715
1242,113,Victoria Street,2016,12,"2010: 53.9, 2011: 55.2, 2012: 51.8, 2013: 48.4, 2014: 48.8, 2015: 47.5, 2016: 45.5, 2017: 49.9, 2018: 40.5, 2019: 37.4, 2020: 29.9, 2021: 27.8, 2022: 32, 2023: 29.4, 2024: 28.3",,45.5,redcliffe way templegate (DT),No,-288062.502763533,6701599.37177948
1243,22,Stokes Croft,2016,12,"2010: 68.2, 2011: 58.7, 2012: 55.3, 2013: 57.7, 2014: 55.3, 2015: 49.7, 2016: 54.4, 2017: 52.5, 2018: 51, 2019: 44.3, 2020: 34.3, 2021: 37.5, 2022: 36.7, 2023: 35.9, 2024: 34.4",,54.4,Roadside (DT),Yes,-288316.547788833,6703508.93195795
1244,14,Red Lion Knowle,2016,12,"2010: 47.9, 2011: 44.1, 2012: 43.2, 2013: 42.2, 2014: 40.4, 2015: 40.1, 2016: 42.3, 2017: 41.1, 2018: 47.6, 2019: 38.7, 2020: 32.4, 2021: 32.7, 2022: 30.3, 2023: 27, 2024: 25.8",,42.3,Roadside (DT),Yes,-285439.186904326,6697740.37180987
1245,261,Stapleton Road Heath Street,2016,12,"2010: 55.8, 2011: 48.2, 2012: 53, 2013: 55.8, 2014: 50.6, 2015: 51.3, 2016: 53.1, 2017: 52.4, 2018: 51, 2019: 41.5, 2020: 34.7, 2021: 39.1, 2022: 39.3, 2023: 32, 2024: 33",,53.1,Roadside Stage 4 (DT),Yes,-285135.992821959,6705418.74590538
1246,2,Colston Avenue,2016,11,"2010: 79.4, 2011: 78.8, 2012: 66.8, 2013: 68.7, 2014: 67.7, 2015: 69.2, 2016: 66.1, 2017: 63.1, 2018: 58.2, 2019: 53.7, 2020: 36.9, 2021: 40.1, 2022: 40.3, 2023: 39, 2024: 38.4",,66.1,Roadside (DT),Yes,-289075.818144399,6702097.12495681
1247,5,Bedminster Parade,2016,12,"2010: 66.6, 2011: 57.2, 2012: 54.6, 2013: 58.7, 2014: 47.6, 2015: 50.9, 2016: 51.3, 2017: 45.8, 2018: 45.8, 2019: 39.9, 2020: 31.6, 2021: 41, 2022: 37.9, 2023: 33.5, 2024: 34.9",,51.3,Roadside (DT),Yes,-288906.606435902,6699999.33324423
1248,20,Newfoundland Way,2016,10,"2010: 79, 2011: 73.2, 2012: 74.7, 2013: 64.3, 2014: 65.3, 2015: 58.7, 2016: 55.5, 2017: 61.2, 2018: 50.1, 2019: 42.4",,55.5,Roadside (DT),No,-287579.43244068,6703103.57954815
1249,23,Old Market,2016,12,"2010: 56.3, 2011: 52.3, 2012: 47.9, 2013: 50.6, 2014: 44.2, 2015: 45.3, 2016: 47.2, 2017: 46.7",,47.2,Roadside (DT),No,-287592.734480822,6702358.09069367
1250,155,Jacobs Wells Road South,2016,9,"2010: 47.4, 2011: 52.4, 2012: 46.9, 2013: 48.5, 2014: 38.8, 2015: 39.9, 2016: 43.1, 2017: 37.9, 2018: 40.1, 2019: 31.1, 2020: 22.9, 2021: 25.5, 2022: 24.2, 2023: 17.5, 2024: 15.2",,43.1,harbourside (DT),Yes,-290337.435875919,6701608.05267219
1251,303,Facade   784 Muller Road Fishponds,2016,11,"2010: 55.4, 2011: 52.1, 2012: 48.5, 2013: 48.2, 2014: 43.5, 2015: 46.1, 2016: 46.2, 2017: 44, 2018: 43.8, 2019: 36.5, 2020: 29.2, 2021: 31.8, 2022: 31.2, 2023: 24.1, 2024: 23.3",,46.2,Post Stage Four,Yes,-284712.640975304,6705600.36391359
1252,314,Lamppost     Whiteladies Road \ Cotham Hill Clifton,2016,10,"2010: 51.1, 2011: 44.1, 2012: 40.4, 2013: 44.4, 2014: 43, 2015: 43.9, 2016: 41.5, 2017: 38.3, 2018: 37.7, 2019: 31.3",,41.5,Post Stage Four,No,-290494.80521666,6703775.41034363
1253,325,Facade   258 Fishponds Road Fishponds,2016,11,"2010: 51.8, 2011: 53, 2012: 49.8, 2013: 45.8, 2014: 49.7, 2015: 50.8, 2016: 50.5, 2017: 49.2, 2018: 48.1, 2019: 39.4, 2020: 34.1, 2021: 37.3, 2022: 32.6, 2023: 29.4, 2024: 27.6",,50.5,Post Stage Four,Yes,-284232.620635064,6705496.34843142
1254,365,Unite façade,2016,10,"2010: 45.4, 2011: 40.3, 2012: 37.4, 2013: 37.7, 2014: 35.5, 2015: 36.5, 2016: 37.9, 2017: 37.6",,37.9,BROADMEAD,No,-287650.058854113,6702515.05678852
1255,374,St. Paul Street,2016,11,"2010: 56.2, 2011: 56.2, 2012: 46.8, 2013: 50.7, 2014: 51.8, 2015: 47.1, 2016: 47.2, 2017: 45.2, 2018: 47.8, 2019: 39.9, 2020: 29.9, 2021: 35, 2022: 33.7, 2023: 27.1, 2024: 25.1",,47.2,BROADMEAD,Yes,-287671.912995715,6703046.61290049
1256,396,Avonmouth Rd No 28 on facia,2016,12,"2010: 40.4, 2011: 36.3, 2012: 34.7, 2013: 31.9, 2014: 30.7, 2015: 32, 2016: 32.8, 2017: 32.7",,32.8,Post DA Facades,No,-298813.605486695,6709503.67765245
1257,370,Great George Street lamppost,2016,12,"2010: 49.2, 2011: 43.7, 2012: 39.5, 2013: 39.4, 2014: 36.9, 2015: 37.7, 2016: 38.4, 2017: 37.5, 2018: 36.6, 2019: 30.1, 2021: 25, 2022: 31, 2023: 25.3, 2024: 21.2",,38.4,BROADMEAD,Yes,-287244.687317758,6702918.28830893
1258,371,Lamb Street façade,2016,12,"2010: 57.9, 2011: 47.5, 2012: 47.5, 2013: 46.9, 2014: 42.8, 2015: 44.8, 2016: 42.7, 2017: 44.7, 2018: 42.2, 2019: 34.1, 2020: 25.8, 2021: 29.4, 2022: 29, 2023: 25.5",,42.7,BROADMEAD,No,-287182.028571119,6702693.88408449
1259,418,Bedminster Down Rd lamppost between Ashton Motors & Plough PH,2016,12,"2010: 92.9, 2011: 90.5, 2012: 81.8, 2013: 74, 2014: 67.7, 2015: 63.7, 2016: 69.3, 2017: 58.4, 2018: 55.7, 2019: 51.1, 2020: 40.2, 2021: 45.9, 2022: 44.1, 2023: 32.8, 2024: 31.7",,69.3,Post DA Facades,Yes,-290471.62510202,6698281.14621008
1260,419,Parson St lamppost outside Bristol Scuba,2016,12,"2010: 63.2, 2011: 54.7, 2012: 54.1, 2013: 53.6, 2014: 56.6, 2015: 53.6, 2016: 55.8, 2017: 51.3, 2018: 45, 2019: 39, 2020: 31.4, 2021: 34.3, 2022: 33.6, 2023: 29.4, 2024: 28.5",,55.8,Post DA Facades,Yes,-290320.090688617,6698353.05372706
1261,464,Fishponds Road,2016,34,"2010: 42.2, 2011: 39.2, 2012: 38, 2013: 35.7, 2014: 36, 2015: 34.9, 2016: 36.9, 2017: 36.8, 2018: 34.4, 2019: 29.7, 2020: 24.2, 2021: 23.7, 2022: 24, 2023: 20.8, 2024: 20.8",,36.9,QAQC,Yes,-282218.963762018,6706297.20472537
1262,363,5102 façade,2016,11,"2010: 44.9, 2011: 47.4, 2012: 48, 2013: 44.3, 2014: 39.8, 2015: 39.2, 2016: 39.6, 2017: 38.5, 2018: 37.2, 2019: 34, 2020: 23.5, 2021: 26.8, 2022: 28, 2023: 23.8, 2024: 23.9",,39.6,BROADMEAD,Yes,-288367.49785816,6703069.93538865
1263,125,York Road,2016,12,"2010: 72.8, 2011: 66.5, 2012: 63, 2013: 59.6, 2014: 53.3, 2015: 52.9, 2016: 52.9, 2017: 56, 2018: 50.3, 2019: 45.2, 2020: 35.6, 2021: 35.8, 2022: 33.6, 2023: 24.3, 2024: 19.7",,52.9,redcliffe way templegate (DT),Yes,-288122.962480237,6700347.74496852
1264,157,Stokes Croft  Ashley Road,2016,9,"2010: 64.9, 2011: 61.8, 2012: 55.9, 2013: 56, 2014: 51.4, 2015: 53.3, 2016: 52.8, 2017: 48.6, 2018: 45.4, 2019: 43.1, 2020: 35.7, 2021: 40.3, 2022: 35, 2023: 35.2, 2024: 33.7",,52.8,gloucester road showcase route (DT),Yes,-288303.158453479,6703836.78908709
1265,260,Stapleton Road South,2016,12,"2010: 52.9, 2011: 52.8, 2012: 45.8, 2013: 46.5, 2014: 46.3, 2015: 45.6, 2016: 45.4, 2017: 42.6, 2018: 43.1, 2019: 36.2, 2020: 29.5, 2021: 33.2, 2022: 31.6, 2023: 26.5, 2024: 26",,45.4,Roadside Stage 4 (DT),Yes,-285080.464366343,6705912.52183786
1266,305,Lamppost     Sarah Street Redfield,2016,12,"2010: 43.8, 2011: 37.3, 2012: 36, 2013: 37.1, 2014: 34.2, 2015: 33.3, 2016: 35, 2017: 32.9",,35,Post Stage Four,No,-285823.421858351,6702704.55720837
1267,311,Give Way sign  Chesterfield Rd \ Ashley Down Road St. Andrews,2016,12,"2010: 49.2, 2011: 45.3, 2012: 46.7, 2013: 49.5, 2014: 43.3, 2015: 44, 2016: 46.2, 2017: 46.4",,46.2,Post Stage Four,No,-287421.363948839,6705397.63750124
1268,494,Muller Road - Adjacent to Darnley Avenue,2016,12,"2015: 37.5, 2016: 43.3, 2017: 39.5, 2018: 38.7, 2019: 32, 2020: 25.1, 2021: 25, 2022: 26.4, 2023: 22.5, 2024: 21.6",,43.3,Horfield Roadside,Yes,-287635.002115621,6708277.69693354
1269,491,Avonmouth Road Outside No 76,2016,12,"2014: 31.2, 2015: 33.8, 2016: 36.5, 2017: 34.4, 2018: 33.5, 2019: 27.3, 2020: 22",,36.5,Avonmouth Road,No,-298604.550071775,6709267.68975072
1270,487,Junction 3 Millpond Street,2016,12,"2013: 55.6, 2014: 47.4, 2015: 46.2, 2016: 45.7, 2017: 44.5, 2018: 41.9, 2019: 35.1, 2020: 27.7, 2021: 29.6, 2022: 36.8, 2023: 27.8, 2024: 24.1",,45.7,JCT3,Yes,-286505.090102087,6704231.89916475
1271,467,Strada Exeter Road,2016,12,"2010: 40.7, 2011: 33.4, 2012: 35.1, 2013: 34.8, 2014: 33, 2015: 31.6, 2016: 33.7, 2017: 30.7",,33.7,USA 2009,No,-290754.210004917,6699715.88601269
1272,455,St. Pauls Day Nursery,2016,36,"2010: 34.8, 2011: 30, 2012: 29.5, 2013: 30.1, 2014: 27.3, 2015: 26.5, 2016: 27.9, 2017: 26, 2018: 24.4, 2019: 20.8, 2020: 15.9, 2021: 16.4, 2022: 16.7, 2023: 14.3, 2024: 13.8",,27.9,QAQC,Yes,-287711.369865179,6703574.84926661
1273,426,City Rd/Ashley Rd lamppost No 16,2016,10,"2010: 40.7, 2011: 40, 2012: 39.5, 2013: 38, 2014: 34, 2015: 32.5, 2016: 34.2, 2017: 33.5",,34.2,Post DA Facades,No,-287666.22851714,6703943.12855516
1274,420,North St/Dean Lane on roundabout sign,2016,11,"2010: 43.8, 2011: 39.6, 2012: 38.1, 2013: 38.9, 2014: 37.2, 2015: 36.7, 2016: 38.6, 2017: 33.3, 2018: 37.1, 2019: 30.4, 2020: 23.2, 2021: 25.6, 2022: 28.8, 2023: 23.7, 2024: 22.3",,38.6,Post DA Facades,Yes,-289619.048853516,6699765.46194782
1275,373,123 Newfoundland Street façade,2016,12,"2010: 53, 2011: 47.9, 2012: 44.9, 2013: 45.2, 2014: 41.6, 2015: 38.3, 2016: 39.5, 2017: 38.5, 2018: 35.7, 2019: 31.2, 2020: 23.9, 2021: 27.9, 2022: 27.4, 2023: 22.3, 2024: 21.5",,39.5,BROADMEAD,Yes,-287292.865269621,6703337.20318085
1276,318,Monitor     Rupert Street City Centre,2016,10,"2010: 102.6, 2011: 95.2, 2012: 90.6, 2013: 88.8, 2014: 88.8, 2015: 91.2, 2016: 82.8",,82.8,QAQC,No,-289014.631401276,6702256.65047887
1277,312,Lamppost     Ashley Hill St. Pauls,2016,12,"2010: 46.8, 2011: 46.4, 2012: 43.7, 2013: 44.5, 2014: 36.7, 2015: 36.8, 2016: 41.6, 2017: 38.5, 2018: 38.5, 2019: 32.8, 2020: 26.2, 2021: 29.5, 2022: 29.8, 2023: 24.8, 2024: 23.5",,41.6,Post Stage Four,Yes,-287167.355516468,6704691.02392647
1278,300,Facade Haart Estate Agents 755 Fishponds Road Fishponds,2016,12,"2010: 47, 2011: 52.8, 2012: 49.9, 2013: 48.5, 2014: 42.4, 2015: 45.9, 2016: 48.1, 2017: 45.9, 2018: 41.1, 2019: 35.1, 2020: 28.9, 2021: 28.7, 2022: 27.5, 2023: 21.2, 2024: 26.4",,48.1,Post Stage Four,Yes,-281520.287175529,6706769.98297697
1279,175,top of Brislington Hill,2016,12,"2010: 57.9, 2011: 56.3, 2012: 54.7, 2013: 55.3, 2014: 51.7, 2015: 52.9, 2016: 56.5, 2017: 54, 2018: 54.9, 2019: 44.6, 2020: 36.4, 2021: 41.4, 2022: 38.7, 2023: 30.4, 2024: 30.3",,56.5,bath road showcase route (DT),Yes,-283408.629887594,6698149.144355
1280,161,Bishop Road,2016,12,"2010: 52.9, 2011: 47.4, 2012: 41.6, 2013: 41.8, 2014: 41.3, 2015: 43.7, 2016: 41.7, 2017: 38.8, 2018: 38, 2019: 31.7, 2020: 25.3, 2021: 27.4, 2022: 26, 2023: 25.6, 2024: 26.5",,41.7,gloucester road showcase route (DT),Yes,-288271.484099739,6706477.18610887
1281,154,Hotwells Road,2016,12,"2010: 54.7, 2011: 40.9, 2012: 40.3, 2013: 44.3, 2014: 38.5, 2015: 37.2, 2016: 39.6, 2017: 38.5, 2018: 36.2, 2019: 30, 2020: 22.1, 2021: 25.4, 2022: 26.1, 2023: 17.8, 2024: 17.5",,39.6,harbourside (DT),Yes,-290714.010739251,6701235.48836649
1282,472,Jamiesons Autos,2016,11,"2010: 52.4, 2011: 47.4, 2012: 46.5, 2013: 48.2, 2014: 45.2, 2015: 40, 2016: 45.3, 2017: 41.6, 2018: 37.3, 2019: 33.7, 2020: 26.2, 2021: 28.7, 2022: 29, 2023: 25.8, 2024: 25.7",,45.3,USA 2009,Yes,-289697.065688815,6699318.40485888
1283,470,Victoria Park Primary,2016,12,"2010: 43.3, 2011: 39.4, 2012: 39.6, 2013: 37.8, 2014: 35, 2015: 38.7, 2016: 39.4, 2017: 35.9, 2018: 37.9, 2019: 29.4, 2020: 25.1, 2021: 26.8, 2022: 28.3, 2023: 24.2, 2024: 21.7",,39.4,USA 2009,Yes,-288112.730275877,6698870.47455211
1284,19,Conham Vale,2016,12,"2010: 24.4, 2011: 21.5, 2012: 22, 2013: 27.2, 2014: 20.8, 2015: 19.7, 2016: 22.4, 2017: 21.3",,22.4,Roadside (DT),No,-282187.941736831,6700722.60876012
1285,13,Ferndown Close,2016,12,"2010: 31.1, 2011: 19.4, 2012: 18.1, 2013: 18.8, 2014: 16.3, 2015: 16.4, 2016: 18.5, 2017: 20.1",,18.5,Roadside (DT),No,-295764.424890332,6709235.86764723
1286,397,facade avonmouth road underpass - house to SE,2016,12,"2010: 38.4, 2011: 35.9, 2012: 34, 2013: 34.4, 2014: 28.5, 2015: 33, 2016: 33.8, 2017: 33.4",,33.8,Post DA Facades,No,-298837.117054549,6709445.57805865
1287,403,Lamp post 48 230 Bath Road,2016,12,"2010: 46.5, 2011: 43.9, 2012: 43.6, 2013: 46.6, 2014: 39.2, 2015: 41.5, 2016: 37.5, 2017: 35.7, 2018: 35.6, 2019: 28.1, 2020: 23.4, 2021: 25.5, 2022: 25.5, 2023: 20.2, 2024: 20.6",,37.5,Post DA Facades,Yes,-286047.399122808,6699977.1677698
1288,320,Monitor     Bath Road Brislington,2016,30,"2010: 34.3, 2011: 33.1, 2012: 31.5, 2013: 31.1, 2014: 30.9, 2015: 31.3, 2016: 31.1, 2017: 30.7, 2018: 27.9, 2019: 23.5, 2020: 19.3, 2021: 20.8, 2022: 20.6, 2023: 17.7, 2024: 17",,31.1,QAQC,Yes,-284969.788762769,6699810.45977789
1289,239,Parson St. A38 East,2016,12,"2010: 81.3, 2011: 82, 2012: 76.9, 2013: 78, 2014: 65.4, 2015: 69.2, 2016: 68.9, 2017: 66.8, 2018: 65.2, 2019: 54.4, 2020: 47.6, 2021: 51.4, 2022: 48.6, 2023: 40.5, 2024: 38.1",,68.9,Roadside Stage 4 (DT),Yes,-290240.840052813,6698064.71461172
1290,18,Hillcrest,2016,12,"2010: 26.5, 2011: 20.3, 2012: 21.3, 2013: 22.3, 2014: 18.1, 2015: 17.8, 2016: 20.2, 2017: 18.4",,20.2,Roadside (DT),No,-285734.537313679,6697418.60705167
1291,16,Third Way,2016,12,"2010: 35.1, 2011: 35.8, 2012: 36.4, 2013: 33.3, 2014: 34.6, 2015: 35.9, 2016: 35.7, 2017: 35.2, 2018: 32.6, 2019: 28.7, 2020: 23.2, 2021: 24.9, 2022: 25.8, 2023: 21.5, 2024: 21.5",,35.7,Roadside (DT),No,-299319.725243601,6711147.03571026
1292,15,Horsefair,2016,10,"2010: 54.7, 2011: 50.9, 2012: 49.5, 2013: 53.6, 2014: 48.6, 2015: 50.8, 2016: 51.2, 2017: 49.4, 2018: 47.5, 2019: 42.2, 2020: 28.2, 2021: 31.5, 2022: 31.3, 2023: 26.4, 2024: 25.9",,51.2,Roadside (DT),Yes,-288014.971267504,6702867.14929257
1293,17,Anglesea Place,2016,11,"2010: 40.3, 2011: 21, 2012: 21.3, 2013: 25, 2014: 21.2, 2015: 20, 2016: 21.9, 2017: 19.7",,21.9,Roadside (DT),No,-291267.721488841,6704602.80656711
1294,21,Gloucester Road,2016,12,"2010: 50.1, 2011: 44.5, 2012: 43.1, 2013: 52, 2014: 50.4, 2015: 51.6, 2016: 50.2, 2017: 49.3, 2018: 46.4, 2019: 38.3, 2020: 33.4, 2021: 34.9, 2022: 34, 2023: 30.9, 2024: 33",,50.2,Roadside (DT),Yes,-288453.491473036,6705789.48523368
1295,242,Parson Street Bedminster Down Road,2016,11,"2010: 80.3, 2011: 75.5, 2012: 73.9, 2013: 75.1, 2014: 56.2, 2015: 61.7, 2016: 68.4, 2017: 56, 2018: 51.1, 2019: 41, 2020: 32.2, 2021: 34.5, 2022: 36.6, 2023: 29.8, 2024: 28",,68.4,Roadside Stage 4 (DT),Yes,-290831.882346175,6697891.20245718
1296,12,Galleries,2016,12,"2010: 58.2, 2011: 55.2, 2012: 50.8, 2013: 56.7, 2014: 51.3, 2015: 52.5, 2016: 52.8, 2017: 56.6, 2018: 57.5, 2019: 51.8, 2020: 41.9, 2021: 46.5, 2022: 50.2, 2023: 60.2, 2024: 35.3",,52.8,Roadside (DT),Yes,-288254.965440197,6702425.05893974
1297,4,Three Lamps,2016,11,"2010: 62.3, 2011: 59.8, 2012: 58.4, 2013: 60.6, 2014: 55.8, 2015: 53.3, 2016: 55.2, 2017: 52.7, 2018: 53.5, 2019: 41, 2020: 36.8, 2021: 38.9, 2022: 38.4, 2023: 29.3, 2024: 30.7",,55.2,Roadside (DT),Yes,-287018.565739922,6700248.9656145
1298,8,Higham Street,2016,11,"2010: 29.8, 2011: 25.7, 2012: 25.6, 2013: 26.8, 2014: 22.6, 2015: 22.5, 2016: 26.3, 2017: 21.9",,26.3,Roadside (DT),No,-287126.547721504,6700333.22530665
1299,10,Bath Road,2016,12,"2010: 68.2, 2011: 62.3, 2012: 58.4, 2013: 61.5, 2014: 50.1, 2015: 49.3, 2016: 54.5, 2017: 51.6, 2018: 51.5, 2019: 42.2, 2020: 33.6, 2021: 36.8, 2022: 35.9, 2023: 30.7, 2024: 30.3",,54.5,Roadside (DT),Yes,-284908.842563162,6699589.32161916
1300,405,Whitehall Rd/Easton Rd lamppost 4TZ,2016,12,"2010: 57.8, 2011: 58, 2012: 53.1, 2013: 55, 2014: 51.1, 2015: 53.1, 2016: 42.6, 2017: 50.4, 2018: 56.2, 2019: 48.5, 2020: 38.7, 2021: 40.4, 2022: 38, 2023: 33.5, 2024: 33.6",,42.6,Post DA Facades,Yes,-285203.139777754,6703303.7524392
1301,462,Millpond School play area,2016,12,"2010: 35.8, 2011: 32.6, 2012: 31.7, 2013: 32.9, 2014: 29.2, 2015: 30.4, 2016: 30.8, 2017: 34.6",,30.8,Millpond School,No,-286278.220554745,6704320.44194323
1302,497,20 Ashley Road,2016,11,"2014: 49.3, 2015: 41.8, 2016: 43.2, 2017: 42.4, 2018: 38, 2019: 29.1, 2020: 24.6, 2021: 27.1, 2022: 24.7, 2023: 24.8, 2024: 22.5",,43.2,Post DA Facades,Yes,-288064.948651647,6703906.18922384
1303,496,385 Church Road Redfield,2016,12,"2014: 42, 2015: 39.3, 2016: 41.1, 2017: 41.1, 2018: 39.2, 2019: 33, 2020: 25, 2021: 25.9, 2022: 26.7, 2023: 22.9, 2024: 20.2",,41.1,Post Stage Four,Yes,-283206.866231794,6703121.26962694
1304,147,Anchor Road,2016,12,"2010: 65.6, 2011: 66.4, 2012: 60.6, 2013: 60.2, 2014: 57, 2015: 60.1, 2016: 56.9, 2017: 61.5, 2018: 56.6, 2019: 50.9, 2020: 39.4, 2021: 43.3, 2022: 45.5, 2023: 39.5, 2024: 36.3",,56.9,harbourside (DT),Yes,-289254.257300207,6701581.66334233
1305,156,Jacobs Wells road opp Clifton hill,2016,12,"2010: 56.1, 2011: 49.1, 2012: 45.8, 2013: 44.2, 2014: 38, 2015: 38.9, 2016: 41.2, 2017: 39.3, 2018: 36.2, 2019: 30.5, 2020: 20.7, 2021: 24.9, 2022: 25.9, 2023: 19.1, 2024: 17.7",,41.2,harbourside (DT),Yes,-290548.152178807,6702096.20398506
1306,295,Lamppost   16 Ashley Road St. Pauls,2016,12,"2010: 58.8, 2011: 60.7, 2012: 57.8, 2013: 57.2, 2014: 58.6, 2015: 63.3, 2016: 55.7, 2017: 65.1, 2018: 59.6, 2019: 48.1, 2020: 37.2, 2021: 44.5, 2022: 41, 2023: 34, 2024: 34.8",,55.7,Post Stage Four,Yes,-287033.740015952,6704208.4476767
1307,495,On green fence surrounding Western Power substation (?) adjacent to No.1 Dorian Road,2016,10,"2015: 21.7, 2016: 25.8, 2017: 24.8",,25.8,Horfield Roadside,No,-287969.961992111,6709062.72972397
1308,254,Merchants Road Hotwells,2016,12,"2010: 47.1, 2011: 55.6, 2012: 55.3, 2013: 53.2, 2014: 51.5, 2015: 54.4, 2016: 51.8, 2017: 52.2, 2018: 49.4, 2019: 40.5, 2020: 31.1, 2021: 34.6, 2022: 33, 2023: 24.7, 2024: 23.9",,51.8,Roadside Stage 4 (DT),Yes,-291486.964634959,6701142.24890875
1309,263,Gatton Road,2016,12,"2010: 43.1, 2011: 38.5, 2012: 35.7, 2013: 35, 2014: 33.9, 2015: 33.6, 2016: 33.6, 2017: 33.5",,33.6,Roadside Stage 4 (DT),No,-286346.675872253,6704467.7269175
1310,469,Lamppost corner park avenue,2016,12,"2010: 46.2, 2011: 40.4, 2012: 39.4, 2013: 38.5, 2014: 35.8, 2015: 35.3, 2016: 39.2, 2017: 34.6, 2018: 36.2, 2019: 27.4, 2020: 23.4",,39.2,USA 2009,No,-287688.258760981,6699061.74717359
1311,423,facade BRI children's,2016,12,"2010: 53, 2011: 53.2, 2012: 50.9, 2013: 46.3, 2014: 41.8, 2015: 44.4, 2016: 43.5, 2017: 45, 2018: 42.3, 2019: 35.2, 2020: 27.3, 2021: 29.5, 2022: 29.1, 2023: 22.2, 2024: 20.9",,43.5,Post DA Facades,Yes,-289088.725742146,6702699.40590324
1312,429,facade villiers road stapleton road junction,2016,11,"2010: 60.3, 2011: 57.8, 2012: 57.3, 2013: 60.6, 2014: 54.7, 2015: 50.4, 2016: 52.1, 2017: 47.8, 2018: 46.8, 2019: 41.2, 2020: 38.8, 2021: 36.4, 2022: 35.5, 2023: 38, 2024: 35.3",,52.1,Post DA Facades,Yes,-286116.033413056,6703865.40916925
1313,398,Avonmouth Rd No 31 on facia,2016,12,"2010: 40.1, 2011: 34.9, 2012: 31.8, 2013: 34, 2014: 31.9, 2015: 30.1, 2016: 31.8, 2017: 31.2",,31.8,Post DA Facades,No,-298961.49662735,6709542.48396699
1314,417,St John's Lane No 26 lamppost 15 (just past roundabout),2016,12,"2010: 51.3, 2011: 45.6, 2012: 44.1, 2013: 42.1, 2014: 40.8, 2015: 43.6, 2016: 43.4, 2017: 35.2, 2018: 36, 2019: 31, 2020: 26.3, 2021: 27.9, 2022: 27, 2023: 22.7, 2024: 20.9",,43.4,Post DA Facades,Yes,-287442.243890537,6699543.83315549
1315,479,cycle sign lamppost,2016,12,"2010: 34.8, 2011: 32.6, 2012: 33.4, 2013: 33, 2014: 32.2, 2015: 31.5, 2016: 30.3, 2017: 30.1",,30.3,Callington Road,No,-283775.919971872,6698013.1334356
1316,488,Junction 3 Easton Way,2016,11,"2013: 49.8, 2014: 40.1, 2015: 42.7, 2016: 42.5, 2017: 39.8",,42.5,JCT3,No,-286565.52996909,6704173.58231094
1317,486,Barracks's Lane - Telegraph Pole No 6. End of Lane Left Hand Side,2016,11,"2012: 41.5, 2013: 38.2, 2014: 36.6, 2015: 40.8, 2016: 41.7, 2017: 39.2",,41.7,Avonmouth Road,No,-298508.50916054,6709803.9731087
1318,422,North St/Langton Park T junction,2016,10,"2010: 43.4, 2011: 41.2, 2012: 39.8, 2013: 39, 2014: 34.1, 2015: 35, 2016: 39.4, 2017: 36.5, 2018: 34.1, 2019: 27.4, 2020: 23.4",,39.4,Post DA Facades,No,-289793.129417391,6699704.60992124
1319,413,Wells Rd bus lane sign just below junction with Knowle Rd,2016,12,"2010: 52.2, 2011: 47.1, 2012: 41.4, 2013: 43.7, 2014: 38.4, 2015: 39.3, 2016: 40, 2017: 38.7, 2018: 37.6, 2019: 31.2, 2020: 25.5, 2021: 27.4, 2022: 27.2, 2023: 23.5, 2024: 22.5",,40,Post DA Facades,Yes,-286790.024426925,6699701.55784787
1320,406,Whitehall Rd lamppost 17 nr juction with Chalks Rd,2016,12,"2010: 48.1, 2011: 37.5, 2012: 36.5, 2013: 36.5, 2014: 34.9, 2015: 35.4, 2016: 36.2, 2017: 38.9, 2018: 38.5, 2019: 31, 2020: 26.6, 2021: 29.3, 2022: 29.6, 2023: 24.2, 2024: 23.2",,36.2,Post DA Facades,Yes,-284362.720936092,6703411.38989974
1321,307,Lamppost     Glenfrome Road \ Muller Road Horfield,2016,10,"2010: 46.6, 2011: 41.5, 2012: 39.5, 2013: 39.8, 2014: 38.4, 2015: 36.6, 2016: 37.4, 2017: 32.6, 2018: 37.3, 2019: 30.7, 2020: 24.6, 2021: 27.5, 2022: 26.8, 2023: 24.5, 2024: 21.6",,37.4,Post Stage Four,Yes,-285709.878701319,6705846.59411472
1322,163,Strathmore Road,2016,12,"2010: 44.8, 2011: 38.3, 2012: 38.8, 2013: 43, 2014: 39.1, 2015: 37, 2016: 39.7, 2017: 38, 2018: 36.6, 2019: 30.8, 2020: 24.5, 2021: 27.4, 2022: 27.2, 2023: 27.2, 2024: 25.7",,39.7,gloucester road showcase route (DT),Yes,-287828.657779616,6707832.48413925
1323,159,Cromwell Road,2016,12,"2010: 53.6, 2011: 48.9, 2012: 49.7, 2013: 49, 2014: 44.5, 2015: 44.1, 2016: 44.8, 2017: 42, 2018: 43.3, 2019: 35.8, 2020: 28.5, 2021: 31.9, 2022: 32.1, 2023: 28.9, 2024: 28.2",,44.8,gloucester road showcase route (DT),Yes,-288675.219320107,6704666.05891095
1324,11,Whitefriars,2016,10,"2010: 60.8, 2011: 56.1, 2012: 53.2, 2013: 56.3, 2014: 48.8, 2015: 51.4, 2016: 51.7, 2017: 49.2, 2018: 48.1, 2019: 41.1, 2020: 31.1, 2021: 35, 2022: 35.3, 2023: 29.6, 2024: 29.4",,51.7,Roadside (DT),Yes,-288783.750004099,6702631.21072234
1325,9,B.R.I.,2016,12,"2010: 65.4, 2011: 58, 2012: 52, 2013: 54, 2014: 49.3, 2015: 48, 2016: 48.8, 2017: 46.5, 2018: 44.7, 2019: 37.8, 2020: 31.7, 2021: 39.3, 2022: 36, 2023: 27.8",,48.8,Roadside (DT),No,-288920.3727828,6702882.30805318
1326,3,Blackboy Hill,2016,12,"2010: 46, 2011: 36.6, 2012: 37.7, 2013: 41.2, 2014: 36.3, 2015: 37.9, 2016: 37.6, 2017: 34.4, 2018: 34.4, 2019: 27.7, 2020: 28.7, 2021: 44.4, 2022: 38.8, 2023: 47.7, 2024: 29",,37.6,Roadside (DT),Yes,-290988.19933068,6704714.42467723
1327,490,Avon School Barrack's Lane,2016,12,"2014: 29.1, 2015: 31.9, 2016: 32.4, 2017: 31, 2018: 26.8, 2019: 22.4, 2020: 18.6",,32.4,Avonmouth Road,No,-298669.251790211,6709500.2063584
1328,489,Avonmouth Road Outside No 12,2016,12,"2014: 34.5, 2015: 36.9, 2016: 38.6, 2017: 37.7, 2018: 35.5, 2019: 28.6, 2020: 22.8",,38.6,Avonmouth Road,No,-298747.205725735,6709433.55872731
1329,6,Church Road,2016,12,"2010: 40.9, 2011: 35.2, 2012: 33.6, 2013: 33.5, 2014: 30.5, 2015: 31.3, 2016: 33.7, 2017: 32.3",,33.7,Roadside (DT),No,-284862.629972362,6702776.2252846
1330,407,lamppost sussex place,2015,10,"2010: 53.9, 2011: 56.5, 2012: 47.3, 2013: 47.1, 2014: 43.9, 2015: 43.1, 2016: 48.7, 2017: 44.6, 2018: 46.7, 2019: 37.3, 2020: 26.7, 2021: 30.2, 2022: 29.5, 2023: 24.8",,43.1,Post DA Facades,No,-287169.041541866,6704295.74454928
1331,417,St John's Lane No 26 lamppost 15 (just past roundabout),2015,12,"2010: 51.3, 2011: 45.6, 2012: 44.1, 2013: 42.1, 2014: 40.8, 2015: 43.6, 2016: 43.4, 2017: 35.2, 2018: 36, 2019: 31, 2020: 26.3, 2021: 27.9, 2022: 27, 2023: 22.7, 2024: 20.9",,43.6,Post DA Facades,Yes,-287442.243890537,6699543.83315549
1332,429,facade villiers road stapleton road junction,2015,12,"2010: 60.3, 2011: 57.8, 2012: 57.3, 2013: 60.6, 2014: 54.7, 2015: 50.4, 2016: 52.1, 2017: 47.8, 2018: 46.8, 2019: 41.2, 2020: 38.8, 2021: 36.4, 2022: 35.5, 2023: 38, 2024: 35.3",,50.4,Post DA Facades,Yes,-286116.033413056,6703865.40916925
1333,436,Shiners Garage,2015,12,"2010: 44.7, 2011: 40.9, 2012: 39.6, 2013: 40.1, 2014: 38.2, 2015: 37.9, 2016: 47.7, 2017: 45.8, 2018: 50.6, 2019: 42, 2020: 29.2, 2021: 31.2, 2022: 30.6, 2023: 24.4, 2024: 26.2",,37.9,Roadside,Yes,-285259.212047081,6702675.18810556
1334,495,On green fence surrounding Western Power substation (?) adjacent to No.1 Dorian Road,2015,5,"2015: 21.7, 2016: 25.8, 2017: 24.8",,21.7,Horfield Roadside,No,-287969.961992111,6709062.72972397
1335,496,385 Church Road Redfield,2015,11,"2014: 42, 2015: 39.3, 2016: 41.1, 2017: 41.1, 2018: 39.2, 2019: 33, 2020: 25, 2021: 25.9, 2022: 26.7, 2023: 22.9, 2024: 20.2",,39.3,Post Stage Four,Yes,-283206.866231794,6703121.26962694
1336,374,St. Paul Street,2015,12,"2010: 56.2, 2011: 56.2, 2012: 46.8, 2013: 50.7, 2014: 51.8, 2015: 47.1, 2016: 47.2, 2017: 45.2, 2018: 47.8, 2019: 39.9, 2020: 29.9, 2021: 35, 2022: 33.7, 2023: 27.1, 2024: 25.1",,47.1,BROADMEAD,Yes,-287671.912995715,6703046.61290049
1337,312,Lamppost     Ashley Hill St. Pauls,2015,12,"2010: 46.8, 2011: 46.4, 2012: 43.7, 2013: 44.5, 2014: 36.7, 2015: 36.8, 2016: 41.6, 2017: 38.5, 2018: 38.5, 2019: 32.8, 2020: 26.2, 2021: 29.5, 2022: 29.8, 2023: 24.8, 2024: 23.5",,36.8,Post Stage Four,Yes,-287167.355516468,6704691.02392647
1338,295,Lamppost   16 Ashley Road St. Pauls,2015,10,"2010: 58.8, 2011: 60.7, 2012: 57.8, 2013: 57.2, 2014: 58.6, 2015: 63.3, 2016: 55.7, 2017: 65.1, 2018: 59.6, 2019: 48.1, 2020: 37.2, 2021: 44.5, 2022: 41, 2023: 34, 2024: 34.8",,63.3,Post Stage Four,Yes,-287033.740015952,6704208.4476767
1339,261,Stapleton Road Heath Street,2015,12,"2010: 55.8, 2011: 48.2, 2012: 53, 2013: 55.8, 2014: 50.6, 2015: 51.3, 2016: 53.1, 2017: 52.4, 2018: 51, 2019: 41.5, 2020: 34.7, 2021: 39.1, 2022: 39.3, 2023: 32, 2024: 33",,51.3,Roadside Stage 4 (DT),Yes,-285135.992821959,6705418.74590538
1340,260,Stapleton Road South,2015,12,"2010: 52.9, 2011: 52.8, 2012: 45.8, 2013: 46.5, 2014: 46.3, 2015: 45.6, 2016: 45.4, 2017: 42.6, 2018: 43.1, 2019: 36.2, 2020: 29.5, 2021: 33.2, 2022: 31.6, 2023: 26.5, 2024: 26",,45.6,Roadside Stage 4 (DT),Yes,-285080.464366343,6705912.52183786
1341,154,Hotwells Road,2015,12,"2010: 54.7, 2011: 40.9, 2012: 40.3, 2013: 44.3, 2014: 38.5, 2015: 37.2, 2016: 39.6, 2017: 38.5, 2018: 36.2, 2019: 30, 2020: 22.1, 2021: 25.4, 2022: 26.1, 2023: 17.8, 2024: 17.5",,37.2,harbourside (DT),Yes,-290714.010739251,6701235.48836649
1342,99,Greville Smyth Park,2015,12,"2010: 32.7, 2011: 28.1, 2012: 30, 2013: 33.1, 2014: 27.2, 2015: 28.7, 2016: 31.6, 2017: 28.5",,28.7,Wards (DT),No,-291506.54674882,6699854.07592476
1343,23,Old Market,2015,12,"2010: 56.3, 2011: 52.3, 2012: 47.9, 2013: 50.6, 2014: 44.2, 2015: 45.3, 2016: 47.2, 2017: 46.7",,45.3,Roadside (DT),No,-287592.734480822,6702358.09069367
1344,17,Anglesea Place,2015,11,"2010: 40.3, 2011: 21, 2012: 21.3, 2013: 25, 2014: 21.2, 2015: 20, 2016: 21.9, 2017: 19.7",,20,Roadside (DT),No,-291267.721488841,6704602.80656711
1345,9,B.R.I.,2015,12,"2010: 65.4, 2011: 58, 2012: 52, 2013: 54, 2014: 49.3, 2015: 48, 2016: 48.8, 2017: 46.5, 2018: 44.7, 2019: 37.8, 2020: 31.7, 2021: 39.3, 2022: 36, 2023: 27.8",,48,Roadside (DT),No,-288920.3727828,6702882.30805318
1346,497,20 Ashley Road,2015,10,"2014: 49.3, 2015: 41.8, 2016: 43.2, 2017: 42.4, 2018: 38, 2019: 29.1, 2020: 24.6, 2021: 27.1, 2022: 24.7, 2023: 24.8, 2024: 22.5",,41.8,Post DA Facades,Yes,-288064.948651647,6703906.18922384
1347,370,Great George Street lamppost,2015,12,"2010: 49.2, 2011: 43.7, 2012: 39.5, 2013: 39.4, 2014: 36.9, 2015: 37.7, 2016: 38.4, 2017: 37.5, 2018: 36.6, 2019: 30.1, 2021: 25, 2022: 31, 2023: 25.3, 2024: 21.2",,37.7,BROADMEAD,Yes,-287244.687317758,6702918.28830893
1348,320,Monitor     Bath Road Brislington,2015,36,"2010: 34.3, 2011: 33.1, 2012: 31.5, 2013: 31.1, 2014: 30.9, 2015: 31.3, 2016: 31.1, 2017: 30.7, 2018: 27.9, 2019: 23.5, 2020: 19.3, 2021: 20.8, 2022: 20.6, 2023: 17.7, 2024: 17",,31.3,QAQC,Yes,-284969.788762769,6699810.45977789
1349,303,Facade   784 Muller Road Fishponds,2015,12,"2010: 55.4, 2011: 52.1, 2012: 48.5, 2013: 48.2, 2014: 43.5, 2015: 46.1, 2016: 46.2, 2017: 44, 2018: 43.8, 2019: 36.5, 2020: 29.2, 2021: 31.8, 2022: 31.2, 2023: 24.1, 2024: 23.3",,46.1,Post Stage Four,Yes,-284712.640975304,6705600.36391359
1350,242,Parson Street Bedminster Down Road,2015,8,"2010: 80.3, 2011: 75.5, 2012: 73.9, 2013: 75.1, 2014: 56.2, 2015: 61.7, 2016: 68.4, 2017: 56, 2018: 51.1, 2019: 41, 2020: 32.2, 2021: 34.5, 2022: 36.6, 2023: 29.8, 2024: 28",,61.7,Roadside Stage 4 (DT),Yes,-290831.882346175,6697891.20245718
1351,466,Savanna coffee drainpipe,2015,12,"2010: 41.1, 2011: 39.7, 2012: 39.6, 2013: 41.1, 2014: 38, 2015: 34, 2016: 35.8, 2017: 33.4, 2018: 33.2, 2019: 27.4, 2020: 20.8",,34,USA 2009,No,-290918.706654091,6699851.00397371
1352,467,Strada Exeter Road,2015,12,"2010: 40.7, 2011: 33.4, 2012: 35.1, 2013: 34.8, 2014: 33, 2015: 31.6, 2016: 33.7, 2017: 30.7",,31.6,USA 2009,No,-290754.210004917,6699715.88601269
1353,479,cycle sign lamppost,2015,12,"2010: 34.8, 2011: 32.6, 2012: 33.4, 2013: 33, 2014: 32.2, 2015: 31.5, 2016: 30.3, 2017: 30.1",,31.5,Callington Road,No,-283775.919971872,6698013.1334356
1354,485,Avonmouth Road - Telegraph Pole Opposite Hse No 4,2015,11,"2012: 41.2, 2013: 35.7, 2014: 35, 2015: 35.5, 2016: 36.4, 2017: 34",,35.5,Avonmouth Road,No,-298714.733114574,6709390.45378664
1355,161,Bishop Road,2015,9,"2010: 52.9, 2011: 47.4, 2012: 41.6, 2013: 41.8, 2014: 41.3, 2015: 43.7, 2016: 41.7, 2017: 38.8, 2018: 38, 2019: 31.7, 2020: 25.3, 2021: 27.4, 2022: 26, 2023: 25.6, 2024: 26.5",,43.7,gloucester road showcase route (DT),Yes,-288271.484099739,6706477.18610887
1356,81,Eastville Park,2015,12,"2010: 22.7, 2011: 19.2, 2012: 21, 2013: 18.2, 2014: 17.5, 2015: 17.9, 2016: 17, 2017: 18.8",,17.9,Wards (DT),No,-284251.786073126,6705912.41811108
1357,5,Bedminster Parade,2015,12,"2010: 66.6, 2011: 57.2, 2012: 54.6, 2013: 58.7, 2014: 47.6, 2015: 50.9, 2016: 51.3, 2017: 45.8, 2018: 45.8, 2019: 39.9, 2020: 31.6, 2021: 41, 2022: 37.9, 2023: 33.5, 2024: 34.9",,50.9,Roadside (DT),Yes,-288906.606435902,6699999.33324423
1358,490,Avon School Barrack's Lane,2015,12,"2014: 29.1, 2015: 31.9, 2016: 32.4, 2017: 31, 2018: 26.8, 2019: 22.4, 2020: 18.6",,31.9,Avonmouth Road,No,-298669.251790211,6709500.2063584
1359,439,Parson Street School,2015,36,"2010: 41.9, 2011: 40.9, 2012: 40.9, 2013: 44.7, 2014: 42, 2015: 41, 2016: 43.6, 2017: 37.7, 2018: 37.7, 2019: 31.7, 2020: 25.4, 2021: 28.6, 2022: 27.2, 2023: 24, 2024: 22.4",,41,QAQC,Yes,-289982.448521423,6698188.87869929
1360,438,A37 Junction w/ Airport Road,2015,36,"2010: 48, 2011: 47.7, 2012: 43.4, 2013: 43.5, 2014: 44, 2015: 43.1, 2016: 43.4, 2017: 43.2, 2018: 36.6, 2019: 31.8, 2020: 27.1, 2021: 29, 2022: 29.4, 2023: 25, 2024: 23.2",,43.1,QAQC,Yes,-285394.401951542,6697329.73212812
1361,311,Give Way sign  Chesterfield Rd \ Ashley Down Road St. Andrews,2015,12,"2010: 49.2, 2011: 45.3, 2012: 46.7, 2013: 49.5, 2014: 43.3, 2015: 44, 2016: 46.2, 2017: 46.4",,44,Post Stage Four,No,-287421.363948839,6705397.63750124
1362,300,Facade Haart Estate Agents 755 Fishponds Road Fishponds,2015,12,"2010: 47, 2011: 52.8, 2012: 49.9, 2013: 48.5, 2014: 42.4, 2015: 45.9, 2016: 48.1, 2017: 45.9, 2018: 41.1, 2019: 35.1, 2020: 28.9, 2021: 28.7, 2022: 27.5, 2023: 21.2, 2024: 26.4",,45.9,Post Stage Four,Yes,-281520.287175529,6706769.98297697
1363,156,Jacobs Wells road opp Clifton hill,2015,12,"2010: 56.1, 2011: 49.1, 2012: 45.8, 2013: 44.2, 2014: 38, 2015: 38.9, 2016: 41.2, 2017: 39.3, 2018: 36.2, 2019: 30.5, 2020: 20.7, 2021: 24.9, 2022: 25.9, 2023: 19.1, 2024: 17.7",,38.9,harbourside (DT),Yes,-290548.152178807,6702096.20398506
1364,113,Victoria Street,2015,12,"2010: 53.9, 2011: 55.2, 2012: 51.8, 2013: 48.4, 2014: 48.8, 2015: 47.5, 2016: 45.5, 2017: 49.9, 2018: 40.5, 2019: 37.4, 2020: 29.9, 2021: 27.8, 2022: 32, 2023: 29.4, 2024: 28.3",,47.5,redcliffe way templegate (DT),No,-288062.502763533,6701599.37177948
1365,16,Third Way,2015,12,"2010: 35.1, 2011: 35.8, 2012: 36.4, 2013: 33.3, 2014: 34.6, 2015: 35.9, 2016: 35.7, 2017: 35.2, 2018: 32.6, 2019: 28.7, 2020: 23.2, 2021: 24.9, 2022: 25.8, 2023: 21.5, 2024: 21.5",,35.9,Roadside (DT),No,-299319.725243601,6711147.03571026
1366,15,Horsefair,2015,11,"2010: 54.7, 2011: 50.9, 2012: 49.5, 2013: 53.6, 2014: 48.6, 2015: 50.8, 2016: 51.2, 2017: 49.4, 2018: 47.5, 2019: 42.2, 2020: 28.2, 2021: 31.5, 2022: 31.3, 2023: 26.4, 2024: 25.9",,50.8,Roadside (DT),Yes,-288014.971267504,6702867.14929257
1367,11,Whitefriars,2015,12,"2010: 60.8, 2011: 56.1, 2012: 53.2, 2013: 56.3, 2014: 48.8, 2015: 51.4, 2016: 51.7, 2017: 49.2, 2018: 48.1, 2019: 41.1, 2020: 31.1, 2021: 35, 2022: 35.3, 2023: 29.6, 2024: 29.4",,51.4,Roadside (DT),Yes,-288783.750004099,6702631.21072234
1368,10,Bath Road,2015,12,"2010: 68.2, 2011: 62.3, 2012: 58.4, 2013: 61.5, 2014: 50.1, 2015: 49.3, 2016: 54.5, 2017: 51.6, 2018: 51.5, 2019: 42.2, 2020: 33.6, 2021: 36.8, 2022: 35.9, 2023: 30.7, 2024: 30.3",,49.3,Roadside (DT),Yes,-284908.842563162,6699589.32161916
1369,3,Blackboy Hill,2015,12,"2010: 46, 2011: 36.6, 2012: 37.7, 2013: 41.2, 2014: 36.3, 2015: 37.9, 2016: 37.6, 2017: 34.4, 2018: 34.4, 2019: 27.7, 2020: 28.7, 2021: 44.4, 2022: 38.8, 2023: 47.7, 2024: 29",,37.9,Roadside (DT),Yes,-290988.19933068,6704714.42467723
1370,13,Ferndown Close,2015,12,"2010: 31.1, 2011: 19.4, 2012: 18.1, 2013: 18.8, 2014: 16.3, 2015: 16.4, 2016: 18.5, 2017: 20.1",,16.4,Roadside (DT),No,-295764.424890332,6709235.86764723
1371,21,Gloucester Road,2015,12,"2010: 50.1, 2011: 44.5, 2012: 43.1, 2013: 52, 2014: 50.4, 2015: 51.6, 2016: 50.2, 2017: 49.3, 2018: 46.4, 2019: 38.3, 2020: 33.4, 2021: 34.9, 2022: 34, 2023: 30.9, 2024: 33",,51.6,Roadside (DT),Yes,-288453.491473036,6705789.48523368
1372,155,Jacobs Wells Road South,2015,10,"2010: 47.4, 2011: 52.4, 2012: 46.9, 2013: 48.5, 2014: 38.8, 2015: 39.9, 2016: 43.1, 2017: 37.9, 2018: 40.1, 2019: 31.1, 2020: 22.9, 2021: 25.5, 2022: 24.2, 2023: 17.5, 2024: 15.2",,39.9,harbourside (DT),Yes,-290337.435875919,6701608.05267219
1373,163,Strathmore Road,2015,12,"2010: 44.8, 2011: 38.3, 2012: 38.8, 2013: 43, 2014: 39.1, 2015: 37, 2016: 39.7, 2017: 38, 2018: 36.6, 2019: 30.8, 2020: 24.5, 2021: 27.4, 2022: 27.2, 2023: 27.2, 2024: 25.7",,37,gloucester road showcase route (DT),Yes,-287828.657779616,6707832.48413925
1374,175,top of Brislington Hill,2015,12,"2010: 57.9, 2011: 56.3, 2012: 54.7, 2013: 55.3, 2014: 51.7, 2015: 52.9, 2016: 56.5, 2017: 54, 2018: 54.9, 2019: 44.6, 2020: 36.4, 2021: 41.4, 2022: 38.7, 2023: 30.4, 2024: 30.3",,52.9,bath road showcase route (DT),Yes,-283408.629887594,6698149.144355
1375,325,Facade   258 Fishponds Road Fishponds,2015,12,"2010: 51.8, 2011: 53, 2012: 49.8, 2013: 45.8, 2014: 49.7, 2015: 50.8, 2016: 50.5, 2017: 49.2, 2018: 48.1, 2019: 39.4, 2020: 34.1, 2021: 37.3, 2022: 32.6, 2023: 29.4, 2024: 27.6",,50.8,Post Stage Four,Yes,-284232.620635064,6705496.34843142
1376,413,Wells Rd bus lane sign just below junction with Knowle Rd,2015,12,"2010: 52.2, 2011: 47.1, 2012: 41.4, 2013: 43.7, 2014: 38.4, 2015: 39.3, 2016: 40, 2017: 38.7, 2018: 37.6, 2019: 31.2, 2020: 25.5, 2021: 27.4, 2022: 27.2, 2023: 23.5, 2024: 22.5",,39.3,Post DA Facades,Yes,-286790.024426925,6699701.55784787
1377,419,Parson St lamppost outside Bristol Scuba,2015,11,"2010: 63.2, 2011: 54.7, 2012: 54.1, 2013: 53.6, 2014: 56.6, 2015: 53.6, 2016: 55.8, 2017: 51.3, 2018: 45, 2019: 39, 2020: 31.4, 2021: 34.3, 2022: 33.6, 2023: 29.4, 2024: 28.5",,53.6,Post DA Facades,Yes,-290320.090688617,6698353.05372706
1378,462,Millpond School play area,2015,10,"2010: 35.8, 2011: 32.6, 2012: 31.7, 2013: 32.9, 2014: 29.2, 2015: 30.4, 2016: 30.8, 2017: 34.6",,30.4,Millpond School,No,-286278.220554745,6704320.44194323
1379,470,Victoria Park Primary,2015,12,"2010: 43.3, 2011: 39.4, 2012: 39.6, 2013: 37.8, 2014: 35, 2015: 38.7, 2016: 39.4, 2017: 35.9, 2018: 37.9, 2019: 29.4, 2020: 25.1, 2021: 26.8, 2022: 28.3, 2023: 24.2, 2024: 21.7",,38.7,USA 2009,Yes,-288112.730275877,6698870.47455211
1380,478,T shirt Shop W. Town Lane,2015,12,"2010: 42.9, 2011: 38.2, 2012: 36.4, 2013: 39.9, 2014: 35.8, 2015: 36.3, 2016: 36.7, 2017: 35.4, 2018: 36.5, 2019: 28.8, 2020: 23.5",,36.3,Callington Road,No,-283497.367453175,6698023.25032835
1381,492,On 1 way sign at bottom of Wellington Hill,2015,6,"2015: 37.6, 2016: 40.3, 2017: 36.8, 2018: 34.8, 2019: 31.3, 2020: 25.2, 2021: 26.4, 2022: 27.5, 2023: 25.6, 2024: 23.7",,37.6,Horfield Roadside,Yes,-287813.3061196,6707917.80129038
1382,157,Stokes Croft  Ashley Road,2015,12,"2010: 64.9, 2011: 61.8, 2012: 55.9, 2013: 56, 2014: 51.4, 2015: 53.3, 2016: 52.8, 2017: 48.6, 2018: 45.4, 2019: 43.1, 2020: 35.7, 2021: 40.3, 2022: 35, 2023: 35.2, 2024: 33.7",,53.3,gloucester road showcase route (DT),Yes,-288303.158453479,6703836.78908709
1383,455,St. Pauls Day Nursery,2015,36,"2010: 34.8, 2011: 30, 2012: 29.5, 2013: 30.1, 2014: 27.3, 2015: 26.5, 2016: 27.9, 2017: 26, 2018: 24.4, 2019: 20.8, 2020: 15.9, 2021: 16.4, 2022: 16.7, 2023: 14.3, 2024: 13.8",,26.5,QAQC,Yes,-287711.369865179,6703574.84926661
1384,422,North St/Langton Park T junction,2015,12,"2010: 43.4, 2011: 41.2, 2012: 39.8, 2013: 39, 2014: 34.1, 2015: 35, 2016: 39.4, 2017: 36.5, 2018: 34.1, 2019: 27.4, 2020: 23.4",,35,Post DA Facades,No,-289793.129417391,6699704.60992124
1385,418,Bedminster Down Rd lamppost between Ashton Motors & Plough PH,2015,12,"2010: 92.9, 2011: 90.5, 2012: 81.8, 2013: 74, 2014: 67.7, 2015: 63.7, 2016: 69.3, 2017: 58.4, 2018: 55.7, 2019: 51.1, 2020: 40.2, 2021: 45.9, 2022: 44.1, 2023: 32.8, 2024: 31.7",,63.7,Post DA Facades,Yes,-290471.62510202,6698281.14621008
1386,406,Whitehall Rd lamppost 17 nr juction with Chalks Rd,2015,12,"2010: 48.1, 2011: 37.5, 2012: 36.5, 2013: 36.5, 2014: 34.9, 2015: 35.4, 2016: 36.2, 2017: 38.9, 2018: 38.5, 2019: 31, 2020: 26.6, 2021: 29.3, 2022: 29.6, 2023: 24.2, 2024: 23.2",,35.4,Post DA Facades,Yes,-284362.720936092,6703411.38989974
1387,398,Avonmouth Rd No 31 on facia,2015,12,"2010: 40.1, 2011: 34.9, 2012: 31.8, 2013: 34, 2014: 31.9, 2015: 30.1, 2016: 31.8, 2017: 31.2",,30.1,Post DA Facades,No,-298961.49662735,6709542.48396699
1388,396,Avonmouth Rd No 28 on facia,2015,11,"2010: 40.4, 2011: 36.3, 2012: 34.7, 2013: 31.9, 2014: 30.7, 2015: 32, 2016: 32.8, 2017: 32.7",,32,Post DA Facades,No,-298813.605486695,6709503.67765245
1389,305,Lamppost     Sarah Street Redfield,2015,12,"2010: 43.8, 2011: 37.3, 2012: 36, 2013: 37.1, 2014: 34.2, 2015: 33.3, 2016: 35, 2017: 32.9",,33.3,Post Stage Four,No,-285823.421858351,6702704.55720837
1390,7,St. Andrew's Rd,2015,12,"2010: 30.2, 2011: 27.7, 2012: 27.9, 2013: 27.7, 2014: 28, 2015: 26.8, 2016: 28.6, 2017: 26",,26.8,Roadside (DT),No,-300244.658919802,6710417.86486197
1391,2,Colston Avenue,2015,11,"2010: 79.4, 2011: 78.8, 2012: 66.8, 2013: 68.7, 2014: 67.7, 2015: 69.2, 2016: 66.1, 2017: 63.1, 2018: 58.2, 2019: 53.7, 2020: 36.9, 2021: 40.1, 2022: 40.3, 2023: 39, 2024: 38.4",,69.2,Roadside (DT),Yes,-289075.818144399,6702097.12495681
1392,18,Hillcrest,2015,12,"2010: 26.5, 2011: 20.3, 2012: 21.3, 2013: 22.3, 2014: 18.1, 2015: 17.8, 2016: 20.2, 2017: 18.4",,17.8,Roadside (DT),No,-285734.537313679,6697418.60705167
1393,491,Avonmouth Road Outside No 76,2015,12,"2014: 31.2, 2015: 33.8, 2016: 36.5, 2017: 34.4, 2018: 33.5, 2019: 27.3, 2020: 22",,33.8,Avonmouth Road,No,-298604.550071775,6709267.68975072
1394,489,Avonmouth Road Outside No 12,2015,12,"2014: 34.5, 2015: 36.9, 2016: 38.6, 2017: 37.7, 2018: 35.5, 2019: 28.6, 2020: 22.8",,36.9,Avonmouth Road,No,-298747.205725735,6709433.55872731
1395,494,Muller Road - Adjacent to Darnley Avenue,2015,5,"2015: 37.5, 2016: 43.3, 2017: 39.5, 2018: 38.7, 2019: 32, 2020: 25.1, 2021: 25, 2022: 26.4, 2023: 22.5, 2024: 21.6",,37.5,Horfield Roadside,Yes,-287635.002115621,6708277.69693354
1396,487,Junction 3 Millpond Street,2015,12,"2013: 55.6, 2014: 47.4, 2015: 46.2, 2016: 45.7, 2017: 44.5, 2018: 41.9, 2019: 35.1, 2020: 27.7, 2021: 29.6, 2022: 36.8, 2023: 27.8, 2024: 24.1",,46.2,JCT3,Yes,-286505.090102087,6704231.89916475
1397,483,Avonmouth Road - Lampost (19) Opposite Hse No 37,2015,12,"2012: 38.5, 2013: 36.5, 2014: 37.2, 2015: 37.1, 2016: 38.1, 2017: 36.3",,37.1,Avonmouth Road,No,-298989.311077002,6709601.71027226
1398,482,Avonmouth Road - Lampost (20) Opposite Number Hse No 45,2015,12,"2012: 35.8, 2013: 36.7, 2014: 35.8, 2015: 35.1, 2016: 36.4, 2017: 33.9",,35.1,Avonmouth Road,No,-299044.204309352,6709641.38886502
1399,473,B&G Snax West St,2015,11,"2010: 49.2, 2011: 43.1, 2012: 44.6, 2013: 43.5, 2014: 40.7, 2015: 49.6, 2016: 57.1, 2017: 40.1, 2018: 44, 2019: 42.4, 2020: 40, 2021: 28.4, 2022: 28.4, 2023: 26.1, 2024: 25.7",,49.6,USA 2009,Yes,-289888.728777705,6699059.90410014
1400,469,Lamppost corner park avenue,2015,12,"2010: 46.2, 2011: 40.4, 2012: 39.4, 2013: 38.5, 2014: 35.8, 2015: 35.3, 2016: 39.2, 2017: 34.6, 2018: 36.2, 2019: 27.4, 2020: 23.4",,35.3,USA 2009,No,-287688.258760981,6699061.74717359
1401,464,Fishponds Road,2015,34,"2010: 42.2, 2011: 39.2, 2012: 38, 2013: 35.7, 2014: 36, 2015: 34.9, 2016: 36.9, 2017: 36.8, 2018: 34.4, 2019: 29.7, 2020: 24.2, 2021: 23.7, 2022: 24, 2023: 20.8, 2024: 20.8",,34.9,QAQC,Yes,-282218.963762018,6706297.20472537
1402,441,Avon Probation Service,2015,35,"2010: 58.7, 2011: 57.8, 2012: 55, 2013: 56.1, 2014: 50.2, 2015: 45.8, 2016: 45.1",,45.8,QAQC,No,-287455.135573451,6703189.71654543
1403,373,123 Newfoundland Street façade,2015,10,"2010: 53, 2011: 47.9, 2012: 44.9, 2013: 45.2, 2014: 41.6, 2015: 38.3, 2016: 39.5, 2017: 38.5, 2018: 35.7, 2019: 31.2, 2020: 23.9, 2021: 27.9, 2022: 27.4, 2023: 22.3, 2024: 21.5",,38.3,BROADMEAD,Yes,-287292.865269621,6703337.20318085
1404,365,Unite façade,2015,10,"2010: 45.4, 2011: 40.3, 2012: 37.4, 2013: 37.7, 2014: 35.5, 2015: 36.5, 2016: 37.9, 2017: 37.6",,36.5,BROADMEAD,No,-287650.058854113,6702515.05678852
1405,314,Lamppost     Whiteladies Road \ Cotham Hill Clifton,2015,4,"2010: 51.1, 2011: 44.1, 2012: 40.4, 2013: 44.4, 2014: 43, 2015: 43.9, 2016: 41.5, 2017: 38.3, 2018: 37.7, 2019: 31.3",,43.9,Post Stage Four,No,-290494.80521666,6703775.41034363
1406,461,Millpond School Fence,2015,12,"2010: 40.2, 2011: 35.9, 2012: 35.5, 2013: 37.2, 2014: 34.1, 2015: 33.2, 2016: 37, 2017: 30.4, 2018: 33.9, 2019: 26",,33.2,Millpond School,No,-286284.930702286,6704358.95120715
1407,6,Church Road,2015,12,"2010: 40.9, 2011: 35.2, 2012: 33.6, 2013: 33.5, 2014: 30.5, 2015: 31.3, 2016: 33.7, 2017: 32.3",,31.3,Roadside (DT),No,-284862.629972362,6702776.2252846
1408,159,Cromwell Road,2015,12,"2010: 53.6, 2011: 48.9, 2012: 49.7, 2013: 49, 2014: 44.5, 2015: 44.1, 2016: 44.8, 2017: 42, 2018: 43.3, 2019: 35.8, 2020: 28.5, 2021: 31.9, 2022: 32.1, 2023: 28.9, 2024: 28.2",,44.1,gloucester road showcase route (DT),Yes,-288675.219320107,6704666.05891095
1409,147,Anchor Road,2015,12,"2010: 65.6, 2011: 66.4, 2012: 60.6, 2013: 60.2, 2014: 57, 2015: 60.1, 2016: 56.9, 2017: 61.5, 2018: 56.6, 2019: 50.9, 2020: 39.4, 2021: 43.3, 2022: 45.5, 2023: 39.5, 2024: 36.3",,60.1,harbourside (DT),Yes,-289254.257300207,6701581.66334233
1410,105,Victoria Park,2015,12,"2010: 26, 2011: 19.9, 2012: 20.4, 2013: 21.2, 2014: 17.2, 2015: 18.2, 2016: 20.8, 2017: 19.1",,18.2,Wards (DT),No,-288303.274890422,6699464.66471172
1411,8,Higham Street,2015,12,"2010: 29.8, 2011: 25.7, 2012: 25.6, 2013: 26.8, 2014: 22.6, 2015: 22.5, 2016: 26.3, 2017: 21.9",,22.5,Roadside (DT),No,-287126.547721504,6700333.22530665
1412,4,Three Lamps,2015,12,"2010: 62.3, 2011: 59.8, 2012: 58.4, 2013: 60.6, 2014: 55.8, 2015: 53.3, 2016: 55.2, 2017: 52.7, 2018: 53.5, 2019: 41, 2020: 36.8, 2021: 38.9, 2022: 38.4, 2023: 29.3, 2024: 30.7",,53.3,Roadside (DT),Yes,-287018.565739922,6700248.9656145
1413,12,Galleries,2015,12,"2010: 58.2, 2011: 55.2, 2012: 50.8, 2013: 56.7, 2014: 51.3, 2015: 52.5, 2016: 52.8, 2017: 56.6, 2018: 57.5, 2019: 51.8, 2020: 41.9, 2021: 46.5, 2022: 50.2, 2023: 60.2, 2024: 35.3",,52.5,Roadside (DT),Yes,-288254.965440197,6702425.05893974
1414,371,Lamb Street façade,2015,12,"2010: 57.9, 2011: 47.5, 2012: 47.5, 2013: 46.9, 2014: 42.8, 2015: 44.8, 2016: 42.7, 2017: 44.7, 2018: 42.2, 2019: 34.1, 2020: 25.8, 2021: 29.4, 2022: 29, 2023: 25.5",,44.8,BROADMEAD,No,-287182.028571119,6702693.88408449
1415,420,North St/Dean Lane on roundabout sign,2015,12,"2010: 43.8, 2011: 39.6, 2012: 38.1, 2013: 38.9, 2014: 37.2, 2015: 36.7, 2016: 38.6, 2017: 33.3, 2018: 37.1, 2019: 30.4, 2020: 23.2, 2021: 25.6, 2022: 28.8, 2023: 23.7, 2024: 22.3",,36.7,Post DA Facades,Yes,-289619.048853516,6699765.46194782
1416,493,No 67 Filton Avenue on wall facing Muller Rd,2015,6,"2015: 36.2, 2016: 41.5, 2017: 41.9, 2018: 41.8, 2019: 37, 2020: 29.5, 2021: 31.8, 2022: 31.2, 2023: 27.4, 2024: 25.8",,36.2,Horfield Roadside,Yes,-287443.0455096,6708131.34018296
1417,19,Conham Vale,2015,11,"2010: 24.4, 2011: 21.5, 2012: 22, 2013: 27.2, 2014: 20.8, 2015: 19.7, 2016: 22.4, 2017: 21.3",,19.7,Roadside (DT),No,-282187.941736831,6700722.60876012
1418,22,Stokes Croft,2015,9,"2010: 68.2, 2011: 58.7, 2012: 55.3, 2013: 57.7, 2014: 55.3, 2015: 49.7, 2016: 54.4, 2017: 52.5, 2018: 51, 2019: 44.3, 2020: 34.3, 2021: 37.5, 2022: 36.7, 2023: 35.9, 2024: 34.4",,49.7,Roadside (DT),Yes,-288316.547788833,6703508.93195795
1419,125,York Road,2015,12,"2010: 72.8, 2011: 66.5, 2012: 63, 2013: 59.6, 2014: 53.3, 2015: 52.9, 2016: 52.9, 2017: 56, 2018: 50.3, 2019: 45.2, 2020: 35.6, 2021: 35.8, 2022: 33.6, 2023: 24.3, 2024: 19.7",,52.9,redcliffe way templegate (DT),Yes,-288122.962480237,6700347.74496852
1420,239,Parson St. A38 East,2015,12,"2010: 81.3, 2011: 82, 2012: 76.9, 2013: 78, 2014: 65.4, 2015: 69.2, 2016: 68.9, 2017: 66.8, 2018: 65.2, 2019: 54.4, 2020: 47.6, 2021: 51.4, 2022: 48.6, 2023: 40.5, 2024: 38.1",,69.2,Roadside Stage 4 (DT),Yes,-290240.840052813,6698064.71461172
1421,263,Gatton Road,2015,12,"2010: 43.1, 2011: 38.5, 2012: 35.7, 2013: 35, 2014: 33.9, 2015: 33.6, 2016: 33.6, 2017: 33.5",,33.6,Roadside Stage 4 (DT),No,-286346.675872253,6704467.7269175
1422,397,facade avonmouth road underpass - house to SE,2015,12,"2010: 38.4, 2011: 35.9, 2012: 34, 2013: 34.4, 2014: 28.5, 2015: 33, 2016: 33.8, 2017: 33.4",,33,Post DA Facades,No,-298837.117054549,6709445.57805865
1423,403,Lamp post 48 230 Bath Road,2015,12,"2010: 46.5, 2011: 43.9, 2012: 43.6, 2013: 46.6, 2014: 39.2, 2015: 41.5, 2016: 37.5, 2017: 35.7, 2018: 35.6, 2019: 28.1, 2020: 23.4, 2021: 25.5, 2022: 25.5, 2023: 20.2, 2024: 20.6",,41.5,Post DA Facades,Yes,-286047.399122808,6699977.1677698
1424,405,Whitehall Rd/Easton Rd lamppost 4TZ,2015,12,"2010: 57.8, 2011: 58, 2012: 53.1, 2013: 55, 2014: 51.1, 2015: 53.1, 2016: 42.6, 2017: 50.4, 2018: 56.2, 2019: 48.5, 2020: 38.7, 2021: 40.4, 2022: 38, 2023: 33.5, 2024: 33.6",,53.1,Post DA Facades,Yes,-285203.139777754,6703303.7524392
1425,486,Barracks's Lane - Telegraph Pole No 6. End of Lane Left Hand Side,2015,12,"2012: 41.5, 2013: 38.2, 2014: 36.6, 2015: 40.8, 2016: 41.7, 2017: 39.2",,40.8,Avonmouth Road,No,-298508.50916054,6709803.9731087
1426,474,Martial Arts West Street,2015,10,"2010: 45.1, 2011: 39.7, 2012: 37.9, 2013: 39.1, 2014: 35.8, 2015: 38.5, 2016: 38.7, 2017: 35.8, 2018: 31.9, 2019: 29.1, 2020: 22.9",,38.5,USA 2009,No,-290069.368921615,6698825.58328779
1427,472,Jamiesons Autos,2015,12,"2010: 52.4, 2011: 47.4, 2012: 46.5, 2013: 48.2, 2014: 45.2, 2015: 40, 2016: 45.3, 2017: 41.6, 2018: 37.3, 2019: 33.7, 2020: 26.2, 2021: 28.7, 2022: 29, 2023: 25.8, 2024: 25.7",,40,USA 2009,Yes,-289697.065688815,6699318.40485888
1428,426,City Rd/Ashley Rd lamppost No 16,2015,12,"2010: 40.7, 2011: 40, 2012: 39.5, 2013: 38, 2014: 34, 2015: 32.5, 2016: 34.2, 2017: 33.5",,32.5,Post DA Facades,No,-287666.22851714,6703943.12855516
1429,423,facade BRI children's,2015,12,"2010: 53, 2011: 53.2, 2012: 50.9, 2013: 46.3, 2014: 41.8, 2015: 44.4, 2016: 43.5, 2017: 45, 2018: 42.3, 2019: 35.2, 2020: 27.3, 2021: 29.5, 2022: 29.1, 2023: 22.2, 2024: 20.9",,44.4,Post DA Facades,Yes,-289088.725742146,6702699.40590324
1430,363,5102 façade,2015,10,"2010: 44.9, 2011: 47.4, 2012: 48, 2013: 44.3, 2014: 39.8, 2015: 39.2, 2016: 39.6, 2017: 38.5, 2018: 37.2, 2019: 34, 2020: 23.5, 2021: 26.8, 2022: 28, 2023: 23.8, 2024: 23.9",,39.2,BROADMEAD,Yes,-288367.49785816,6703069.93538865
1431,318,Monitor     Rupert Street City Centre,2015,35,"2010: 102.6, 2011: 95.2, 2012: 90.6, 2013: 88.8, 2014: 88.8, 2015: 91.2, 2016: 82.8",,91.2,QAQC,No,-289014.631401276,6702256.65047887
1432,307,Lamppost     Glenfrome Road \ Muller Road Horfield,2015,12,"2010: 46.6, 2011: 41.5, 2012: 39.5, 2013: 39.8, 2014: 38.4, 2015: 36.6, 2016: 37.4, 2017: 32.6, 2018: 37.3, 2019: 30.7, 2020: 24.6, 2021: 27.5, 2022: 26.8, 2023: 24.5, 2024: 21.6",,36.6,Post Stage Four,Yes,-285709.878701319,6705846.59411472
1433,254,Merchants Road Hotwells,2015,12,"2010: 47.1, 2011: 55.6, 2012: 55.3, 2013: 53.2, 2014: 51.5, 2015: 54.4, 2016: 51.8, 2017: 52.2, 2018: 49.4, 2019: 40.5, 2020: 31.1, 2021: 34.6, 2022: 33, 2023: 24.7, 2024: 23.9",,54.4,Roadside Stage 4 (DT),Yes,-291486.964634959,6701142.24890875
1434,20,Newfoundland Way,2015,8,"2010: 79, 2011: 73.2, 2012: 74.7, 2013: 64.3, 2014: 65.3, 2015: 58.7, 2016: 55.5, 2017: 61.2, 2018: 50.1, 2019: 42.4",,58.7,Roadside (DT),No,-287579.43244068,6703103.57954815
1435,14,Red Lion Knowle,2015,12,"2010: 47.9, 2011: 44.1, 2012: 43.2, 2013: 42.2, 2014: 40.4, 2015: 40.1, 2016: 42.3, 2017: 41.1, 2018: 47.6, 2019: 38.7, 2020: 32.4, 2021: 32.7, 2022: 30.3, 2023: 27, 2024: 25.8",,40.1,Roadside (DT),Yes,-285439.186904326,6697740.37180987
1436,488,Junction 3 Easton Way,2015,12,"2013: 49.8, 2014: 40.1, 2015: 42.7, 2016: 42.5, 2017: 39.8",,42.7,JCT3,No,-286565.52996909,6704173.58231094
1437,467,Strada Exeter Road,2014,12,"2010: 40.7, 2011: 33.4, 2012: 35.1, 2013: 34.8, 2014: 33, 2015: 31.6, 2016: 33.7, 2017: 30.7",,33,USA 2009,No,-290754.210004917,6699715.88601269
1438,489,Avonmouth Road Outside No 12,2014,11,"2014: 34.5, 2015: 36.9, 2016: 38.6, 2017: 37.7, 2018: 35.5, 2019: 28.6, 2020: 22.8",,34.5,Avonmouth Road,No,-298747.205725735,6709433.55872731
1439,490,Avon School Barrack's Lane,2014,11,"2014: 29.1, 2015: 31.9, 2016: 32.4, 2017: 31, 2018: 26.8, 2019: 22.4, 2020: 18.6",,29.1,Avonmouth Road,No,-298669.251790211,6709500.2063584
1440,18,Hillcrest,2014,12,"2010: 26.5, 2011: 20.3, 2012: 21.3, 2013: 22.3, 2014: 18.1, 2015: 17.8, 2016: 20.2, 2017: 18.4",,18.1,Roadside (DT),No,-285734.537313679,6697418.60705167
1441,13,Ferndown Close,2014,12,"2010: 31.1, 2011: 19.4, 2012: 18.1, 2013: 18.8, 2014: 16.3, 2015: 16.4, 2016: 18.5, 2017: 20.1",,16.3,Roadside (DT),No,-295764.424890332,6709235.86764723
1442,154,Hotwells Road,2014,12,"2010: 54.7, 2011: 40.9, 2012: 40.3, 2013: 44.3, 2014: 38.5, 2015: 37.2, 2016: 39.6, 2017: 38.5, 2018: 36.2, 2019: 30, 2020: 22.1, 2021: 25.4, 2022: 26.1, 2023: 17.8, 2024: 17.5",,38.5,harbourside (DT),Yes,-290714.010739251,6701235.48836649
1443,260,Stapleton Road South,2014,12,"2010: 52.9, 2011: 52.8, 2012: 45.8, 2013: 46.5, 2014: 46.3, 2015: 45.6, 2016: 45.4, 2017: 42.6, 2018: 43.1, 2019: 36.2, 2020: 29.5, 2021: 33.2, 2022: 31.6, 2023: 26.5, 2024: 26",,46.3,Roadside Stage 4 (DT),Yes,-285080.464366343,6705912.52183786
1444,496,385 Church Road Redfield,2014,2,"2014: 42, 2015: 39.3, 2016: 41.1, 2017: 41.1, 2018: 39.2, 2019: 33, 2020: 25, 2021: 25.9, 2022: 26.7, 2023: 22.9, 2024: 20.2",,42,Post Stage Four,Yes,-283206.866231794,6703121.26962694
1445,483,Avonmouth Road - Lampost (19) Opposite Hse No 37,2014,12,"2012: 38.5, 2013: 36.5, 2014: 37.2, 2015: 37.1, 2016: 38.1, 2017: 36.3",,37.2,Avonmouth Road,No,-298989.311077002,6709601.71027226
1446,455,St. Pauls Day Nursery,2014,36,"2010: 34.8, 2011: 30, 2012: 29.5, 2013: 30.1, 2014: 27.3, 2015: 26.5, 2016: 27.9, 2017: 26, 2018: 24.4, 2019: 20.8, 2020: 15.9, 2021: 16.4, 2022: 16.7, 2023: 14.3, 2024: 13.8",,27.3,QAQC,Yes,-287711.369865179,6703574.84926661
1447,441,Avon Probation Service,2014,35,"2010: 58.7, 2011: 57.8, 2012: 55, 2013: 56.1, 2014: 50.2, 2015: 45.8, 2016: 45.1",,50.2,QAQC,No,-287455.135573451,6703189.71654543
1448,422,North St/Langton Park T junction,2014,11,"2010: 43.4, 2011: 41.2, 2012: 39.8, 2013: 39, 2014: 34.1, 2015: 35, 2016: 39.4, 2017: 36.5, 2018: 34.1, 2019: 27.4, 2020: 23.4",,34.1,Post DA Facades,No,-289793.129417391,6699704.60992124
1449,420,North St/Dean Lane on roundabout sign,2014,12,"2010: 43.8, 2011: 39.6, 2012: 38.1, 2013: 38.9, 2014: 37.2, 2015: 36.7, 2016: 38.6, 2017: 33.3, 2018: 37.1, 2019: 30.4, 2020: 23.2, 2021: 25.6, 2022: 28.8, 2023: 23.7, 2024: 22.3",,37.2,Post DA Facades,Yes,-289619.048853516,6699765.46194782
1450,418,Bedminster Down Rd lamppost between Ashton Motors & Plough PH,2014,12,"2010: 92.9, 2011: 90.5, 2012: 81.8, 2013: 74, 2014: 67.7, 2015: 63.7, 2016: 69.3, 2017: 58.4, 2018: 55.7, 2019: 51.1, 2020: 40.2, 2021: 45.9, 2022: 44.1, 2023: 32.8, 2024: 31.7",,67.7,Post DA Facades,Yes,-290471.62510202,6698281.14621008
1451,363,5102 façade,2014,12,"2010: 44.9, 2011: 47.4, 2012: 48, 2013: 44.3, 2014: 39.8, 2015: 39.2, 2016: 39.6, 2017: 38.5, 2018: 37.2, 2019: 34, 2020: 23.5, 2021: 26.8, 2022: 28, 2023: 23.8, 2024: 23.9",,39.8,BROADMEAD,Yes,-288367.49785816,6703069.93538865
1452,242,Parson Street Bedminster Down Road,2014,11,"2010: 80.3, 2011: 75.5, 2012: 73.9, 2013: 75.1, 2014: 56.2, 2015: 61.7, 2016: 68.4, 2017: 56, 2018: 51.1, 2019: 41, 2020: 32.2, 2021: 34.5, 2022: 36.6, 2023: 29.8, 2024: 28",,56.2,Roadside Stage 4 (DT),Yes,-290831.882346175,6697891.20245718
1453,175,top of Brislington Hill,2014,12,"2010: 57.9, 2011: 56.3, 2012: 54.7, 2013: 55.3, 2014: 51.7, 2015: 52.9, 2016: 56.5, 2017: 54, 2018: 54.9, 2019: 44.6, 2020: 36.4, 2021: 41.4, 2022: 38.7, 2023: 30.4, 2024: 30.3",,51.7,bath road showcase route (DT),Yes,-283408.629887594,6698149.144355
1454,16,Third Way,2014,12,"2010: 35.1, 2011: 35.8, 2012: 36.4, 2013: 33.3, 2014: 34.6, 2015: 35.9, 2016: 35.7, 2017: 35.2, 2018: 32.6, 2019: 28.7, 2020: 23.2, 2021: 24.9, 2022: 25.8, 2023: 21.5, 2024: 21.5",,34.6,Roadside (DT),No,-299319.725243601,6711147.03571026
1455,15,Horsefair,2014,12,"2010: 54.7, 2011: 50.9, 2012: 49.5, 2013: 53.6, 2014: 48.6, 2015: 50.8, 2016: 51.2, 2017: 49.4, 2018: 47.5, 2019: 42.2, 2020: 28.2, 2021: 31.5, 2022: 31.3, 2023: 26.4, 2024: 25.9",,48.6,Roadside (DT),Yes,-288014.971267504,6702867.14929257
1456,12,Galleries,2014,12,"2010: 58.2, 2011: 55.2, 2012: 50.8, 2013: 56.7, 2014: 51.3, 2015: 52.5, 2016: 52.8, 2017: 56.6, 2018: 57.5, 2019: 51.8, 2020: 41.9, 2021: 46.5, 2022: 50.2, 2023: 60.2, 2024: 35.3",,51.3,Roadside (DT),Yes,-288254.965440197,6702425.05893974
1457,113,Victoria Street,2014,12,"2010: 53.9, 2011: 55.2, 2012: 51.8, 2013: 48.4, 2014: 48.8, 2015: 47.5, 2016: 45.5, 2017: 49.9, 2018: 40.5, 2019: 37.4, 2020: 29.9, 2021: 27.8, 2022: 32, 2023: 29.4, 2024: 28.3",,48.8,redcliffe way templegate (DT),No,-288062.502763533,6701599.37177948
1458,23,Old Market,2014,12,"2010: 56.3, 2011: 52.3, 2012: 47.9, 2013: 50.6, 2014: 44.2, 2015: 45.3, 2016: 47.2, 2017: 46.7",,44.2,Roadside (DT),No,-287592.734480822,6702358.09069367
1459,11,Whitefriars,2014,12,"2010: 60.8, 2011: 56.1, 2012: 53.2, 2013: 56.3, 2014: 48.8, 2015: 51.4, 2016: 51.7, 2017: 49.2, 2018: 48.1, 2019: 41.1, 2020: 31.1, 2021: 35, 2022: 35.3, 2023: 29.6, 2024: 29.4",,48.8,Roadside (DT),Yes,-288783.750004099,6702631.21072234
1460,9,B.R.I.,2014,12,"2010: 65.4, 2011: 58, 2012: 52, 2013: 54, 2014: 49.3, 2015: 48, 2016: 48.8, 2017: 46.5, 2018: 44.7, 2019: 37.8, 2020: 31.7, 2021: 39.3, 2022: 36, 2023: 27.8",,49.3,Roadside (DT),No,-288920.3727828,6702882.30805318
1461,2,Colston Avenue,2014,12,"2010: 79.4, 2011: 78.8, 2012: 66.8, 2013: 68.7, 2014: 67.7, 2015: 69.2, 2016: 66.1, 2017: 63.1, 2018: 58.2, 2019: 53.7, 2020: 36.9, 2021: 40.1, 2022: 40.3, 2023: 39, 2024: 38.4",,67.7,Roadside (DT),Yes,-289075.818144399,6702097.12495681
1462,486,Barracks's Lane - Telegraph Pole No 6. End of Lane Left Hand Side,2014,11,"2012: 41.5, 2013: 38.2, 2014: 36.6, 2015: 40.8, 2016: 41.7, 2017: 39.2",,36.6,Avonmouth Road,No,-298508.50916054,6709803.9731087
1463,482,Avonmouth Road - Lampost (20) Opposite Number Hse No 45,2014,12,"2012: 35.8, 2013: 36.7, 2014: 35.8, 2015: 35.1, 2016: 36.4, 2017: 33.9",,35.8,Avonmouth Road,No,-299044.204309352,6709641.38886502
1464,473,B&G Snax West St,2014,12,"2010: 49.2, 2011: 43.1, 2012: 44.6, 2013: 43.5, 2014: 40.7, 2015: 49.6, 2016: 57.1, 2017: 40.1, 2018: 44, 2019: 42.4, 2020: 40, 2021: 28.4, 2022: 28.4, 2023: 26.1, 2024: 25.7",,40.7,USA 2009,Yes,-289888.728777705,6699059.90410014
1465,466,Savanna coffee drainpipe,2014,11,"2010: 41.1, 2011: 39.7, 2012: 39.6, 2013: 41.1, 2014: 38, 2015: 34, 2016: 35.8, 2017: 33.4, 2018: 33.2, 2019: 27.4, 2020: 20.8",,38,USA 2009,No,-290918.706654091,6699851.00397371
1466,20,Newfoundland Way,2014,10,"2010: 79, 2011: 73.2, 2012: 74.7, 2013: 64.3, 2014: 65.3, 2015: 58.7, 2016: 55.5, 2017: 61.2, 2018: 50.1, 2019: 42.4",,65.3,Roadside (DT),No,-287579.43244068,6703103.57954815
1467,371,Lamb Street façade,2014,12,"2010: 57.9, 2011: 47.5, 2012: 47.5, 2013: 46.9, 2014: 42.8, 2015: 44.8, 2016: 42.7, 2017: 44.7, 2018: 42.2, 2019: 34.1, 2020: 25.8, 2021: 29.4, 2022: 29, 2023: 25.5",,42.8,BROADMEAD,No,-287182.028571119,6702693.88408449
1468,312,Lamppost     Ashley Hill St. Pauls,2014,12,"2010: 46.8, 2011: 46.4, 2012: 43.7, 2013: 44.5, 2014: 36.7, 2015: 36.8, 2016: 41.6, 2017: 38.5, 2018: 38.5, 2019: 32.8, 2020: 26.2, 2021: 29.5, 2022: 29.8, 2023: 24.8, 2024: 23.5",,36.7,Post Stage Four,Yes,-287167.355516468,6704691.02392647
1469,307,Lamppost     Glenfrome Road \ Muller Road Horfield,2014,12,"2010: 46.6, 2011: 41.5, 2012: 39.5, 2013: 39.8, 2014: 38.4, 2015: 36.6, 2016: 37.4, 2017: 32.6, 2018: 37.3, 2019: 30.7, 2020: 24.6, 2021: 27.5, 2022: 26.8, 2023: 24.5, 2024: 21.6",,38.4,Post Stage Four,Yes,-285709.878701319,6705846.59411472
1470,254,Merchants Road Hotwells,2014,12,"2010: 47.1, 2011: 55.6, 2012: 55.3, 2013: 53.2, 2014: 51.5, 2015: 54.4, 2016: 51.8, 2017: 52.2, 2018: 49.4, 2019: 40.5, 2020: 31.1, 2021: 34.6, 2022: 33, 2023: 24.7, 2024: 23.9",,51.5,Roadside Stage 4 (DT),Yes,-291486.964634959,6701142.24890875
1471,163,Strathmore Road,2014,12,"2010: 44.8, 2011: 38.3, 2012: 38.8, 2013: 43, 2014: 39.1, 2015: 37, 2016: 39.7, 2017: 38, 2018: 36.6, 2019: 30.8, 2020: 24.5, 2021: 27.4, 2022: 27.2, 2023: 27.2, 2024: 25.7",,39.1,gloucester road showcase route (DT),Yes,-287828.657779616,6707832.48413925
1472,19,Conham Vale,2014,11,"2010: 24.4, 2011: 21.5, 2012: 22, 2013: 27.2, 2014: 20.8, 2015: 19.7, 2016: 22.4, 2017: 21.3",,20.8,Roadside (DT),No,-282187.941736831,6700722.60876012
1473,491,Avonmouth Road Outside No 76,2014,11,"2014: 31.2, 2015: 33.8, 2016: 36.5, 2017: 34.4, 2018: 33.5, 2019: 27.3, 2020: 22",,31.2,Avonmouth Road,No,-298604.550071775,6709267.68975072
1474,474,Martial Arts West Street,2014,12,"2010: 45.1, 2011: 39.7, 2012: 37.9, 2013: 39.1, 2014: 35.8, 2015: 38.5, 2016: 38.7, 2017: 35.8, 2018: 31.9, 2019: 29.1, 2020: 22.9",,35.8,USA 2009,No,-290069.368921615,6698825.58328779
1475,462,Millpond School play area,2014,12,"2010: 35.8, 2011: 32.6, 2012: 31.7, 2013: 32.9, 2014: 29.2, 2015: 30.4, 2016: 30.8, 2017: 34.6",,29.2,Millpond School,No,-286278.220554745,6704320.44194323
1476,413,Wells Rd bus lane sign just below junction with Knowle Rd,2014,12,"2010: 52.2, 2011: 47.1, 2012: 41.4, 2013: 43.7, 2014: 38.4, 2015: 39.3, 2016: 40, 2017: 38.7, 2018: 37.6, 2019: 31.2, 2020: 25.5, 2021: 27.4, 2022: 27.2, 2023: 23.5, 2024: 22.5",,38.4,Post DA Facades,Yes,-286790.024426925,6699701.55784787
1477,497,20 Ashley Road,2014,2,"2014: 49.3, 2015: 41.8, 2016: 43.2, 2017: 42.4, 2018: 38, 2019: 29.1, 2020: 24.6, 2021: 27.1, 2022: 24.7, 2023: 24.8, 2024: 22.5",,49.3,Post DA Facades,Yes,-288064.948651647,6703906.18922384
1478,488,Junction 3 Easton Way,2014,12,"2013: 49.8, 2014: 40.1, 2015: 42.7, 2016: 42.5, 2017: 39.8",,40.1,JCT3,No,-286565.52996909,6704173.58231094
1479,472,Jamiesons Autos,2014,12,"2010: 52.4, 2011: 47.4, 2012: 46.5, 2013: 48.2, 2014: 45.2, 2015: 40, 2016: 45.3, 2017: 41.6, 2018: 37.3, 2019: 33.7, 2020: 26.2, 2021: 28.7, 2022: 29, 2023: 25.8, 2024: 25.7",,45.2,USA 2009,Yes,-289697.065688815,6699318.40485888
1480,423,facade BRI children's,2014,12,"2010: 53, 2011: 53.2, 2012: 50.9, 2013: 46.3, 2014: 41.8, 2015: 44.4, 2016: 43.5, 2017: 45, 2018: 42.3, 2019: 35.2, 2020: 27.3, 2021: 29.5, 2022: 29.1, 2023: 22.2, 2024: 20.9",,41.8,Post DA Facades,Yes,-289088.725742146,6702699.40590324
1481,403,Lamp post 48 230 Bath Road,2014,12,"2010: 46.5, 2011: 43.9, 2012: 43.6, 2013: 46.6, 2014: 39.2, 2015: 41.5, 2016: 37.5, 2017: 35.7, 2018: 35.6, 2019: 28.1, 2020: 23.4, 2021: 25.5, 2022: 25.5, 2023: 20.2, 2024: 20.6",,39.2,Post DA Facades,Yes,-286047.399122808,6699977.1677698
1482,397,facade avonmouth road underpass - house to SE,2014,12,"2010: 38.4, 2011: 35.9, 2012: 34, 2013: 34.4, 2014: 28.5, 2015: 33, 2016: 33.8, 2017: 33.4",,28.5,Post DA Facades,No,-298837.117054549,6709445.57805865
1483,365,Unite façade,2014,9,"2010: 45.4, 2011: 40.3, 2012: 37.4, 2013: 37.7, 2014: 35.5, 2015: 36.5, 2016: 37.9, 2017: 37.6",,35.5,BROADMEAD,No,-287650.058854113,6702515.05678852
1484,295,Lamppost   16 Ashley Road St. Pauls,2014,12,"2010: 58.8, 2011: 60.7, 2012: 57.8, 2013: 57.2, 2014: 58.6, 2015: 63.3, 2016: 55.7, 2017: 65.1, 2018: 59.6, 2019: 48.1, 2020: 37.2, 2021: 44.5, 2022: 41, 2023: 34, 2024: 34.8",,58.6,Post Stage Four,Yes,-287033.740015952,6704208.4476767
1485,161,Bishop Road,2014,12,"2010: 52.9, 2011: 47.4, 2012: 41.6, 2013: 41.8, 2014: 41.3, 2015: 43.7, 2016: 41.7, 2017: 38.8, 2018: 38, 2019: 31.7, 2020: 25.3, 2021: 27.4, 2022: 26, 2023: 25.6, 2024: 26.5",,41.3,gloucester road showcase route (DT),Yes,-288271.484099739,6706477.18610887
1486,155,Jacobs Wells Road South,2014,12,"2010: 47.4, 2011: 52.4, 2012: 46.9, 2013: 48.5, 2014: 38.8, 2015: 39.9, 2016: 43.1, 2017: 37.9, 2018: 40.1, 2019: 31.1, 2020: 22.9, 2021: 25.5, 2022: 24.2, 2023: 17.5, 2024: 15.2",,38.8,harbourside (DT),Yes,-290337.435875919,6701608.05267219
1487,147,Anchor Road,2014,12,"2010: 65.6, 2011: 66.4, 2012: 60.6, 2013: 60.2, 2014: 57, 2015: 60.1, 2016: 56.9, 2017: 61.5, 2018: 56.6, 2019: 50.9, 2020: 39.4, 2021: 43.3, 2022: 45.5, 2023: 39.5, 2024: 36.3",,57,harbourside (DT),Yes,-289254.257300207,6701581.66334233
1488,125,York Road,2014,10,"2010: 72.8, 2011: 66.5, 2012: 63, 2013: 59.6, 2014: 53.3, 2015: 52.9, 2016: 52.9, 2017: 56, 2018: 50.3, 2019: 45.2, 2020: 35.6, 2021: 35.8, 2022: 33.6, 2023: 24.3, 2024: 19.7",,53.3,redcliffe way templegate (DT),Yes,-288122.962480237,6700347.74496852
1489,8,Higham Street,2014,12,"2010: 29.8, 2011: 25.7, 2012: 25.6, 2013: 26.8, 2014: 22.6, 2015: 22.5, 2016: 26.3, 2017: 21.9",,22.6,Roadside (DT),No,-287126.547721504,6700333.22530665
1490,4,Three Lamps,2014,12,"2010: 62.3, 2011: 59.8, 2012: 58.4, 2013: 60.6, 2014: 55.8, 2015: 53.3, 2016: 55.2, 2017: 52.7, 2018: 53.5, 2019: 41, 2020: 36.8, 2021: 38.9, 2022: 38.4, 2023: 29.3, 2024: 30.7",,55.8,Roadside (DT),Yes,-287018.565739922,6700248.9656145
1491,7,St. Andrew's Rd,2014,12,"2010: 30.2, 2011: 27.7, 2012: 27.9, 2013: 27.7, 2014: 28, 2015: 26.8, 2016: 28.6, 2017: 26",,28,Roadside (DT),No,-300244.658919802,6710417.86486197
1492,3,Blackboy Hill,2014,12,"2010: 46, 2011: 36.6, 2012: 37.7, 2013: 41.2, 2014: 36.3, 2015: 37.9, 2016: 37.6, 2017: 34.4, 2018: 34.4, 2019: 27.7, 2020: 28.7, 2021: 44.4, 2022: 38.8, 2023: 47.7, 2024: 29",,36.3,Roadside (DT),Yes,-290988.19933068,6704714.42467723
1493,10,Bath Road,2014,12,"2010: 68.2, 2011: 62.3, 2012: 58.4, 2013: 61.5, 2014: 50.1, 2015: 49.3, 2016: 54.5, 2017: 51.6, 2018: 51.5, 2019: 42.2, 2020: 33.6, 2021: 36.8, 2022: 35.9, 2023: 30.7, 2024: 30.3",,50.1,Roadside (DT),Yes,-284908.842563162,6699589.32161916
1494,17,Anglesea Place,2014,12,"2010: 40.3, 2011: 21, 2012: 21.3, 2013: 25, 2014: 21.2, 2015: 20, 2016: 21.9, 2017: 19.7",,21.2,Roadside (DT),No,-291267.721488841,6704602.80656711
1495,159,Cromwell Road,2014,12,"2010: 53.6, 2011: 48.9, 2012: 49.7, 2013: 49, 2014: 44.5, 2015: 44.1, 2016: 44.8, 2017: 42, 2018: 43.3, 2019: 35.8, 2020: 28.5, 2021: 31.9, 2022: 32.1, 2023: 28.9, 2024: 28.2",,44.5,gloucester road showcase route (DT),Yes,-288675.219320107,6704666.05891095
1496,311,Give Way sign  Chesterfield Rd \ Ashley Down Road St. Andrews,2014,12,"2010: 49.2, 2011: 45.3, 2012: 46.7, 2013: 49.5, 2014: 43.3, 2015: 44, 2016: 46.2, 2017: 46.4",,43.3,Post Stage Four,No,-287421.363948839,6705397.63750124
1497,325,Facade   258 Fishponds Road Fishponds,2014,12,"2010: 51.8, 2011: 53, 2012: 49.8, 2013: 45.8, 2014: 49.7, 2015: 50.8, 2016: 50.5, 2017: 49.2, 2018: 48.1, 2019: 39.4, 2020: 34.1, 2021: 37.3, 2022: 32.6, 2023: 29.4, 2024: 27.6",,49.7,Post Stage Four,Yes,-284232.620635064,6705496.34843142
1498,370,Great George Street lamppost,2014,12,"2010: 49.2, 2011: 43.7, 2012: 39.5, 2013: 39.4, 2014: 36.9, 2015: 37.7, 2016: 38.4, 2017: 37.5, 2018: 36.6, 2019: 30.1, 2021: 25, 2022: 31, 2023: 25.3, 2024: 21.2",,36.9,BROADMEAD,Yes,-287244.687317758,6702918.28830893
1499,374,St. Paul Street,2014,11,"2010: 56.2, 2011: 56.2, 2012: 46.8, 2013: 50.7, 2014: 51.8, 2015: 47.1, 2016: 47.2, 2017: 45.2, 2018: 47.8, 2019: 39.9, 2020: 29.9, 2021: 35, 2022: 33.7, 2023: 27.1, 2024: 25.1",,51.8,BROADMEAD,Yes,-287671.912995715,6703046.61290049
1500,487,Junction 3 Millpond Street,2014,12,"2013: 55.6, 2014: 47.4, 2015: 46.2, 2016: 45.7, 2017: 44.5, 2018: 41.9, 2019: 35.1, 2020: 27.7, 2021: 29.6, 2022: 36.8, 2023: 27.8, 2024: 24.1",,47.4,JCT3,Yes,-286505.090102087,6704231.89916475
1501,479,cycle sign lamppost,2014,12,"2010: 34.8, 2011: 32.6, 2012: 33.4, 2013: 33, 2014: 32.2, 2015: 31.5, 2016: 30.3, 2017: 30.1",,32.2,Callington Road,No,-283775.919971872,6698013.1334356
1502,478,T shirt Shop W. Town Lane,2014,12,"2010: 42.9, 2011: 38.2, 2012: 36.4, 2013: 39.9, 2014: 35.8, 2015: 36.3, 2016: 36.7, 2017: 35.4, 2018: 36.5, 2019: 28.8, 2020: 23.5",,35.8,Callington Road,No,-283497.367453175,6698023.25032835
1503,426,City Rd/Ashley Rd lamppost No 16,2014,11,"2010: 40.7, 2011: 40, 2012: 39.5, 2013: 38, 2014: 34, 2015: 32.5, 2016: 34.2, 2017: 33.5",,34,Post DA Facades,No,-287666.22851714,6703943.12855516
1504,407,lamppost sussex place,2014,12,"2010: 53.9, 2011: 56.5, 2012: 47.3, 2013: 47.1, 2014: 43.9, 2015: 43.1, 2016: 48.7, 2017: 44.6, 2018: 46.7, 2019: 37.3, 2020: 26.7, 2021: 30.2, 2022: 29.5, 2023: 24.8",,43.9,Post DA Facades,No,-287169.041541866,6704295.74454928
1505,405,Whitehall Rd/Easton Rd lamppost 4TZ,2014,12,"2010: 57.8, 2011: 58, 2012: 53.1, 2013: 55, 2014: 51.1, 2015: 53.1, 2016: 42.6, 2017: 50.4, 2018: 56.2, 2019: 48.5, 2020: 38.7, 2021: 40.4, 2022: 38, 2023: 33.5, 2024: 33.6",,51.1,Post DA Facades,Yes,-285203.139777754,6703303.7524392
1506,398,Avonmouth Rd No 31 on facia,2014,12,"2010: 40.1, 2011: 34.9, 2012: 31.8, 2013: 34, 2014: 31.9, 2015: 30.1, 2016: 31.8, 2017: 31.2",,31.9,Post DA Facades,No,-298961.49662735,6709542.48396699
1507,396,Avonmouth Rd No 28 on facia,2014,12,"2010: 40.4, 2011: 36.3, 2012: 34.7, 2013: 31.9, 2014: 30.7, 2015: 32, 2016: 32.8, 2017: 32.7",,30.7,Post DA Facades,No,-298813.605486695,6709503.67765245
1508,321,Monitor     Trailer Portway Park and Ride,2014,1,"2010: 28.9, 2011: 24, 2012: 24.6, 2013: 24.6, 2014: 25.1",,25.1,QAQC,No,-299313.461144271,6708429.88602366
1509,373,123 Newfoundland Street façade,2014,8,"2010: 53, 2011: 47.9, 2012: 44.9, 2013: 45.2, 2014: 41.6, 2015: 38.3, 2016: 39.5, 2017: 38.5, 2018: 35.7, 2019: 31.2, 2020: 23.9, 2021: 27.9, 2022: 27.4, 2023: 22.3, 2024: 21.5",,41.6,BROADMEAD,Yes,-287292.865269621,6703337.20318085
1510,305,Lamppost     Sarah Street Redfield,2014,12,"2010: 43.8, 2011: 37.3, 2012: 36, 2013: 37.1, 2014: 34.2, 2015: 33.3, 2016: 35, 2017: 32.9",,34.2,Post Stage Four,No,-285823.421858351,6702704.55720837
1511,314,Lamppost     Whiteladies Road \ Cotham Hill Clifton,2014,9,"2010: 51.1, 2011: 44.1, 2012: 40.4, 2013: 44.4, 2014: 43, 2015: 43.9, 2016: 41.5, 2017: 38.3, 2018: 37.7, 2019: 31.3",,43,Post Stage Four,No,-290494.80521666,6703775.41034363
1512,303,Facade   784 Muller Road Fishponds,2014,12,"2010: 55.4, 2011: 52.1, 2012: 48.5, 2013: 48.2, 2014: 43.5, 2015: 46.1, 2016: 46.2, 2017: 44, 2018: 43.8, 2019: 36.5, 2020: 29.2, 2021: 31.8, 2022: 31.2, 2023: 24.1, 2024: 23.3",,43.5,Post Stage Four,Yes,-284712.640975304,6705600.36391359
1513,297,Facade   383 Church Road Redfield,2014,8,"2010: 39.1, 2011: 36.7, 2012: 33.6, 2013: 34.9, 2014: 34.9",,34.9,Post Stage Four,No,-283168.484313521,6703131.19453382
1514,157,Stokes Croft  Ashley Road,2014,12,"2010: 64.9, 2011: 61.8, 2012: 55.9, 2013: 56, 2014: 51.4, 2015: 53.3, 2016: 52.8, 2017: 48.6, 2018: 45.4, 2019: 43.1, 2020: 35.7, 2021: 40.3, 2022: 35, 2023: 35.2, 2024: 33.7",,51.4,gloucester road showcase route (DT),Yes,-288303.158453479,6703836.78908709
1515,105,Victoria Park,2014,12,"2010: 26, 2011: 19.9, 2012: 20.4, 2013: 21.2, 2014: 17.2, 2015: 18.2, 2016: 20.8, 2017: 19.1",,17.2,Wards (DT),No,-288303.274890422,6699464.66471172
1516,81,Eastville Park,2014,12,"2010: 22.7, 2011: 19.2, 2012: 21, 2013: 18.2, 2014: 17.5, 2015: 17.9, 2016: 17, 2017: 18.8",,17.5,Wards (DT),No,-284251.786073126,6705912.41811108
1517,22,Stokes Croft,2014,12,"2010: 68.2, 2011: 58.7, 2012: 55.3, 2013: 57.7, 2014: 55.3, 2015: 49.7, 2016: 54.4, 2017: 52.5, 2018: 51, 2019: 44.3, 2020: 34.3, 2021: 37.5, 2022: 36.7, 2023: 35.9, 2024: 34.4",,55.3,Roadside (DT),Yes,-288316.547788833,6703508.93195795
1518,21,Gloucester Road,2014,12,"2010: 50.1, 2011: 44.5, 2012: 43.1, 2013: 52, 2014: 50.4, 2015: 51.6, 2016: 50.2, 2017: 49.3, 2018: 46.4, 2019: 38.3, 2020: 33.4, 2021: 34.9, 2022: 34, 2023: 30.9, 2024: 33",,50.4,Roadside (DT),Yes,-288453.491473036,6705789.48523368
1519,6,Church Road,2014,12,"2010: 40.9, 2011: 35.2, 2012: 33.6, 2013: 33.5, 2014: 30.5, 2015: 31.3, 2016: 33.7, 2017: 32.3",,30.5,Roadside (DT),No,-284862.629972362,6702776.2252846
1520,470,Victoria Park Primary,2014,12,"2010: 43.3, 2011: 39.4, 2012: 39.6, 2013: 37.8, 2014: 35, 2015: 38.7, 2016: 39.4, 2017: 35.9, 2018: 37.9, 2019: 29.4, 2020: 25.1, 2021: 26.8, 2022: 28.3, 2023: 24.2, 2024: 21.7",,35,USA 2009,Yes,-288112.730275877,6698870.47455211
1521,485,Avonmouth Road - Telegraph Pole Opposite Hse No 4,2014,12,"2012: 41.2, 2013: 35.7, 2014: 35, 2015: 35.5, 2016: 36.4, 2017: 34",,35,Avonmouth Road,No,-298714.733114574,6709390.45378664
1522,438,A37 Junction w/ Airport Road,2014,36,"2010: 48, 2011: 47.7, 2012: 43.4, 2013: 43.5, 2014: 44, 2015: 43.1, 2016: 43.4, 2017: 43.2, 2018: 36.6, 2019: 31.8, 2020: 27.1, 2021: 29, 2022: 29.4, 2023: 25, 2024: 23.2",,44,QAQC,Yes,-285394.401951542,6697329.73212812
1523,469,Lamppost corner park avenue,2014,12,"2010: 46.2, 2011: 40.4, 2012: 39.4, 2013: 38.5, 2014: 35.8, 2015: 35.3, 2016: 39.2, 2017: 34.6, 2018: 36.2, 2019: 27.4, 2020: 23.4",,35.8,USA 2009,No,-287688.258760981,6699061.74717359
1524,417,St John's Lane No 26 lamppost 15 (just past roundabout),2014,12,"2010: 51.3, 2011: 45.6, 2012: 44.1, 2013: 42.1, 2014: 40.8, 2015: 43.6, 2016: 43.4, 2017: 35.2, 2018: 36, 2019: 31, 2020: 26.3, 2021: 27.9, 2022: 27, 2023: 22.7, 2024: 20.9",,40.8,Post DA Facades,Yes,-287442.243890537,6699543.83315549
1525,320,Monitor     Bath Road Brislington,2014,36,"2010: 34.3, 2011: 33.1, 2012: 31.5, 2013: 31.1, 2014: 30.9, 2015: 31.3, 2016: 31.1, 2017: 30.7, 2018: 27.9, 2019: 23.5, 2020: 19.3, 2021: 20.8, 2022: 20.6, 2023: 17.7, 2024: 17",,30.9,QAQC,Yes,-284969.788762769,6699810.45977789
1526,300,Facade Haart Estate Agents 755 Fishponds Road Fishponds,2014,12,"2010: 47, 2011: 52.8, 2012: 49.9, 2013: 48.5, 2014: 42.4, 2015: 45.9, 2016: 48.1, 2017: 45.9, 2018: 41.1, 2019: 35.1, 2020: 28.9, 2021: 28.7, 2022: 27.5, 2023: 21.2, 2024: 26.4",,42.4,Post Stage Four,Yes,-281520.287175529,6706769.98297697
1527,263,Gatton Road,2014,12,"2010: 43.1, 2011: 38.5, 2012: 35.7, 2013: 35, 2014: 33.9, 2015: 33.6, 2016: 33.6, 2017: 33.5",,33.9,Roadside Stage 4 (DT),No,-286346.675872253,6704467.7269175
1528,99,Greville Smyth Park,2014,12,"2010: 32.7, 2011: 28.1, 2012: 30, 2013: 33.1, 2014: 27.2, 2015: 28.7, 2016: 31.6, 2017: 28.5",,27.2,Wards (DT),No,-291506.54674882,6699854.07592476
1529,14,Red Lion Knowle,2014,12,"2010: 47.9, 2011: 44.1, 2012: 43.2, 2013: 42.2, 2014: 40.4, 2015: 40.1, 2016: 42.3, 2017: 41.1, 2018: 47.6, 2019: 38.7, 2020: 32.4, 2021: 32.7, 2022: 30.3, 2023: 27, 2024: 25.8",,40.4,Roadside (DT),Yes,-285439.186904326,6697740.37180987
1530,5,Bedminster Parade,2014,12,"2010: 66.6, 2011: 57.2, 2012: 54.6, 2013: 58.7, 2014: 47.6, 2015: 50.9, 2016: 51.3, 2017: 45.8, 2018: 45.8, 2019: 39.9, 2020: 31.6, 2021: 41, 2022: 37.9, 2023: 33.5, 2024: 34.9",,47.6,Roadside (DT),Yes,-288906.606435902,6699999.33324423
1531,429,facade villiers road stapleton road junction,2014,11,"2010: 60.3, 2011: 57.8, 2012: 57.3, 2013: 60.6, 2014: 54.7, 2015: 50.4, 2016: 52.1, 2017: 47.8, 2018: 46.8, 2019: 41.2, 2020: 38.8, 2021: 36.4, 2022: 35.5, 2023: 38, 2024: 35.3",,54.7,Post DA Facades,Yes,-286116.033413056,6703865.40916925
1532,419,Parson St lamppost outside Bristol Scuba,2014,12,"2010: 63.2, 2011: 54.7, 2012: 54.1, 2013: 53.6, 2014: 56.6, 2015: 53.6, 2016: 55.8, 2017: 51.3, 2018: 45, 2019: 39, 2020: 31.4, 2021: 34.3, 2022: 33.6, 2023: 29.4, 2024: 28.5",,56.6,Post DA Facades,Yes,-290320.090688617,6698353.05372706
1533,318,Monitor     Rupert Street City Centre,2014,36,"2010: 102.6, 2011: 95.2, 2012: 90.6, 2013: 88.8, 2014: 88.8, 2015: 91.2, 2016: 82.8",,88.8,QAQC,No,-289014.631401276,6702256.65047887
1534,261,Stapleton Road Heath Street,2014,12,"2010: 55.8, 2011: 48.2, 2012: 53, 2013: 55.8, 2014: 50.6, 2015: 51.3, 2016: 53.1, 2017: 52.4, 2018: 51, 2019: 41.5, 2020: 34.7, 2021: 39.1, 2022: 39.3, 2023: 32, 2024: 33",,50.6,Roadside Stage 4 (DT),Yes,-285135.992821959,6705418.74590538
1535,239,Parson St. A38 East,2014,8,"2010: 81.3, 2011: 82, 2012: 76.9, 2013: 78, 2014: 65.4, 2015: 69.2, 2016: 68.9, 2017: 66.8, 2018: 65.2, 2019: 54.4, 2020: 47.6, 2021: 51.4, 2022: 48.6, 2023: 40.5, 2024: 38.1",,65.4,Roadside Stage 4 (DT),Yes,-290240.840052813,6698064.71461172
1536,156,Jacobs Wells road opp Clifton hill,2014,12,"2010: 56.1, 2011: 49.1, 2012: 45.8, 2013: 44.2, 2014: 38, 2015: 38.9, 2016: 41.2, 2017: 39.3, 2018: 36.2, 2019: 30.5, 2020: 20.7, 2021: 24.9, 2022: 25.9, 2023: 19.1, 2024: 17.7",,38,harbourside (DT),Yes,-290548.152178807,6702096.20398506
1537,406,Whitehall Rd lamppost 17 nr juction with Chalks Rd,2014,12,"2010: 48.1, 2011: 37.5, 2012: 36.5, 2013: 36.5, 2014: 34.9, 2015: 35.4, 2016: 36.2, 2017: 38.9, 2018: 38.5, 2019: 31, 2020: 26.6, 2021: 29.3, 2022: 29.6, 2023: 24.2, 2024: 23.2",,34.9,Post DA Facades,Yes,-284362.720936092,6703411.38989974
1538,425,Ashley Rd P sign outside International Market (nr Dalrymple Rd),2014,4,"2010: 43.3, 2011: 42.2, 2012: 41.4, 2013: 38.9, 2014: 43.7",,43.7,Post DA Facades,No,-287985.21592089,6703955.03046855
1539,436,Shiners Garage,2014,12,"2010: 44.7, 2011: 40.9, 2012: 39.6, 2013: 40.1, 2014: 38.2, 2015: 37.9, 2016: 47.7, 2017: 45.8, 2018: 50.6, 2019: 42, 2020: 29.2, 2021: 31.2, 2022: 30.6, 2023: 24.4, 2024: 26.2",,38.2,Roadside,Yes,-285259.212047081,6702675.18810556
1540,439,Parson Street School,2014,36,"2010: 41.9, 2011: 40.9, 2012: 40.9, 2013: 44.7, 2014: 42, 2015: 41, 2016: 43.6, 2017: 37.7, 2018: 37.7, 2019: 31.7, 2020: 25.4, 2021: 28.6, 2022: 27.2, 2023: 24, 2024: 22.4",,42,QAQC,Yes,-289982.448521423,6698188.87869929
1541,461,Millpond School Fence,2014,11,"2010: 40.2, 2011: 35.9, 2012: 35.5, 2013: 37.2, 2014: 34.1, 2015: 33.2, 2016: 37, 2017: 30.4, 2018: 33.9, 2019: 26",,34.1,Millpond School,No,-286284.930702286,6704358.95120715
1542,464,Fishponds Road,2014,36,"2010: 42.2, 2011: 39.2, 2012: 38, 2013: 35.7, 2014: 36, 2015: 34.9, 2016: 36.9, 2017: 36.8, 2018: 34.4, 2019: 29.7, 2020: 24.2, 2021: 23.7, 2022: 24, 2023: 20.8, 2024: 20.8",,36,QAQC,Yes,-282218.963762018,6706297.20472537
1543,455,St. Pauls Day Nursery,2013,35,"2010: 34.8, 2011: 30, 2012: 29.5, 2013: 30.1, 2014: 27.3, 2015: 26.5, 2016: 27.9, 2017: 26, 2018: 24.4, 2019: 20.8, 2020: 15.9, 2021: 16.4, 2022: 16.7, 2023: 14.3, 2024: 13.8",,30.1,QAQC,Yes,-287711.369865179,6703574.84926661
1544,466,Savanna coffee drainpipe,2013,12,"2010: 41.1, 2011: 39.7, 2012: 39.6, 2013: 41.1, 2014: 38, 2015: 34, 2016: 35.8, 2017: 33.4, 2018: 33.2, 2019: 27.4, 2020: 20.8",,41.1,USA 2009,No,-290918.706654091,6699851.00397371
1545,472,Jamiesons Autos,2013,12,"2010: 52.4, 2011: 47.4, 2012: 46.5, 2013: 48.2, 2014: 45.2, 2015: 40, 2016: 45.3, 2017: 41.6, 2018: 37.3, 2019: 33.7, 2020: 26.2, 2021: 28.7, 2022: 29, 2023: 25.8, 2024: 25.7",,48.2,USA 2009,Yes,-289697.065688815,6699318.40485888
1546,473,B&G Snax West St,2013,12,"2010: 49.2, 2011: 43.1, 2012: 44.6, 2013: 43.5, 2014: 40.7, 2015: 49.6, 2016: 57.1, 2017: 40.1, 2018: 44, 2019: 42.4, 2020: 40, 2021: 28.4, 2022: 28.4, 2023: 26.1, 2024: 25.7",,43.5,USA 2009,Yes,-289888.728777705,6699059.90410014
1547,484,Avonmouth Road - School Sign Opposite Hse No 16,2013,5,"2012: 40.2, 2013: 37.2",,37.2,Avonmouth Road,No,-298769.803402782,6709449.42451173
1548,6,Church Road,2013,12,"2010: 40.9, 2011: 35.2, 2012: 33.6, 2013: 33.5, 2014: 30.5, 2015: 31.3, 2016: 33.7, 2017: 32.3",,33.5,Roadside (DT),No,-284862.629972362,6702776.2252846
1549,11,Whitefriars,2013,12,"2010: 60.8, 2011: 56.1, 2012: 53.2, 2013: 56.3, 2014: 48.8, 2015: 51.4, 2016: 51.7, 2017: 49.2, 2018: 48.1, 2019: 41.1, 2020: 31.1, 2021: 35, 2022: 35.3, 2023: 29.6, 2024: 29.4",,56.3,Roadside (DT),Yes,-288783.750004099,6702631.21072234
1550,17,Anglesea Place,2013,12,"2010: 40.3, 2011: 21, 2012: 21.3, 2013: 25, 2014: 21.2, 2015: 20, 2016: 21.9, 2017: 19.7",,25,Roadside (DT),No,-291267.721488841,6704602.80656711
1551,156,Jacobs Wells road opp Clifton hill,2013,11,"2010: 56.1, 2011: 49.1, 2012: 45.8, 2013: 44.2, 2014: 38, 2015: 38.9, 2016: 41.2, 2017: 39.3, 2018: 36.2, 2019: 30.5, 2020: 20.7, 2021: 24.9, 2022: 25.9, 2023: 19.1, 2024: 17.7",,44.2,harbourside (DT),Yes,-290548.152178807,6702096.20398506
1552,163,Strathmore Road,2013,12,"2010: 44.8, 2011: 38.3, 2012: 38.8, 2013: 43, 2014: 39.1, 2015: 37, 2016: 39.7, 2017: 38, 2018: 36.6, 2019: 30.8, 2020: 24.5, 2021: 27.4, 2022: 27.2, 2023: 27.2, 2024: 25.7",,43,gloucester road showcase route (DT),Yes,-287828.657779616,6707832.48413925
1553,242,Parson Street Bedminster Down Road,2013,12,"2010: 80.3, 2011: 75.5, 2012: 73.9, 2013: 75.1, 2014: 56.2, 2015: 61.7, 2016: 68.4, 2017: 56, 2018: 51.1, 2019: 41, 2020: 32.2, 2021: 34.5, 2022: 36.6, 2023: 29.8, 2024: 28",,75.1,Roadside Stage 4 (DT),Yes,-290831.882346175,6697891.20245718
1554,261,Stapleton Road Heath Street,2013,10,"2010: 55.8, 2011: 48.2, 2012: 53, 2013: 55.8, 2014: 50.6, 2015: 51.3, 2016: 53.1, 2017: 52.4, 2018: 51, 2019: 41.5, 2020: 34.7, 2021: 39.1, 2022: 39.3, 2023: 32, 2024: 33",,55.8,Roadside Stage 4 (DT),Yes,-285135.992821959,6705418.74590538
1555,396,Avonmouth Rd No 28 on facia,2013,12,"2010: 40.4, 2011: 36.3, 2012: 34.7, 2013: 31.9, 2014: 30.7, 2015: 32, 2016: 32.8, 2017: 32.7",,31.9,Post DA Facades,No,-298813.605486695,6709503.67765245
1556,485,Avonmouth Road - Telegraph Pole Opposite Hse No 4,2013,12,"2012: 41.2, 2013: 35.7, 2014: 35, 2015: 35.5, 2016: 36.4, 2017: 34",,35.7,Avonmouth Road,No,-298714.733114574,6709390.45378664
1557,9,B.R.I.,2013,12,"2010: 65.4, 2011: 58, 2012: 52, 2013: 54, 2014: 49.3, 2015: 48, 2016: 48.8, 2017: 46.5, 2018: 44.7, 2019: 37.8, 2020: 31.7, 2021: 39.3, 2022: 36, 2023: 27.8",,54,Roadside (DT),No,-288920.3727828,6702882.30805318
1558,10,Bath Road,2013,12,"2010: 68.2, 2011: 62.3, 2012: 58.4, 2013: 61.5, 2014: 50.1, 2015: 49.3, 2016: 54.5, 2017: 51.6, 2018: 51.5, 2019: 42.2, 2020: 33.6, 2021: 36.8, 2022: 35.9, 2023: 30.7, 2024: 30.3",,61.5,Roadside (DT),Yes,-284908.842563162,6699589.32161916
1559,113,Victoria Street,2013,11,"2010: 53.9, 2011: 55.2, 2012: 51.8, 2013: 48.4, 2014: 48.8, 2015: 47.5, 2016: 45.5, 2017: 49.9, 2018: 40.5, 2019: 37.4, 2020: 29.9, 2021: 27.8, 2022: 32, 2023: 29.4, 2024: 28.3",,48.4,redcliffe way templegate (DT),No,-288062.502763533,6701599.37177948
1560,125,York Road,2013,12,"2010: 72.8, 2011: 66.5, 2012: 63, 2013: 59.6, 2014: 53.3, 2015: 52.9, 2016: 52.9, 2017: 56, 2018: 50.3, 2019: 45.2, 2020: 35.6, 2021: 35.8, 2022: 33.6, 2023: 24.3, 2024: 19.7",,59.6,redcliffe way templegate (DT),Yes,-288122.962480237,6700347.74496852
1561,321,Monitor     Trailer Portway Park and Ride,2013,12,"2010: 28.9, 2011: 24, 2012: 24.6, 2013: 24.6, 2014: 25.1",,24.6,QAQC,No,-299313.461144271,6708429.88602366
1562,371,Lamb Street façade,2013,12,"2010: 57.9, 2011: 47.5, 2012: 47.5, 2013: 46.9, 2014: 42.8, 2015: 44.8, 2016: 42.7, 2017: 44.7, 2018: 42.2, 2019: 34.1, 2020: 25.8, 2021: 29.4, 2022: 29, 2023: 25.5",,46.9,BROADMEAD,No,-287182.028571119,6702693.88408449
1563,406,Whitehall Rd lamppost 17 nr juction with Chalks Rd,2013,12,"2010: 48.1, 2011: 37.5, 2012: 36.5, 2013: 36.5, 2014: 34.9, 2015: 35.4, 2016: 36.2, 2017: 38.9, 2018: 38.5, 2019: 31, 2020: 26.6, 2021: 29.3, 2022: 29.6, 2023: 24.2, 2024: 23.2",,36.5,Post DA Facades,Yes,-284362.720936092,6703411.38989974
1564,419,Parson St lamppost outside Bristol Scuba,2013,11,"2010: 63.2, 2011: 54.7, 2012: 54.1, 2013: 53.6, 2014: 56.6, 2015: 53.6, 2016: 55.8, 2017: 51.3, 2018: 45, 2019: 39, 2020: 31.4, 2021: 34.3, 2022: 33.6, 2023: 29.4, 2024: 28.5",,53.6,Post DA Facades,Yes,-290320.090688617,6698353.05372706
1565,14,Red Lion Knowle,2013,12,"2010: 47.9, 2011: 44.1, 2012: 43.2, 2013: 42.2, 2014: 40.4, 2015: 40.1, 2016: 42.3, 2017: 41.1, 2018: 47.6, 2019: 38.7, 2020: 32.4, 2021: 32.7, 2022: 30.3, 2023: 27, 2024: 25.8",,42.2,Roadside (DT),Yes,-285439.186904326,6697740.37180987
1566,19,Conham Vale,2013,12,"2010: 24.4, 2011: 21.5, 2012: 22, 2013: 27.2, 2014: 20.8, 2015: 19.7, 2016: 22.4, 2017: 21.3",,27.2,Roadside (DT),No,-282187.941736831,6700722.60876012
1567,154,Hotwells Road,2013,12,"2010: 54.7, 2011: 40.9, 2012: 40.3, 2013: 44.3, 2014: 38.5, 2015: 37.2, 2016: 39.6, 2017: 38.5, 2018: 36.2, 2019: 30, 2020: 22.1, 2021: 25.4, 2022: 26.1, 2023: 17.8, 2024: 17.5",,44.3,harbourside (DT),Yes,-290714.010739251,6701235.48836649
1568,157,Stokes Croft  Ashley Road,2013,12,"2010: 64.9, 2011: 61.8, 2012: 55.9, 2013: 56, 2014: 51.4, 2015: 53.3, 2016: 52.8, 2017: 48.6, 2018: 45.4, 2019: 43.1, 2020: 35.7, 2021: 40.3, 2022: 35, 2023: 35.2, 2024: 33.7",,56,gloucester road showcase route (DT),Yes,-288303.158453479,6703836.78908709
1569,239,Parson St. A38 East,2013,12,"2010: 81.3, 2011: 82, 2012: 76.9, 2013: 78, 2014: 65.4, 2015: 69.2, 2016: 68.9, 2017: 66.8, 2018: 65.2, 2019: 54.4, 2020: 47.6, 2021: 51.4, 2022: 48.6, 2023: 40.5, 2024: 38.1",,78,Roadside Stage 4 (DT),Yes,-290240.840052813,6698064.71461172
1570,303,Facade   784 Muller Road Fishponds,2013,12,"2010: 55.4, 2011: 52.1, 2012: 48.5, 2013: 48.2, 2014: 43.5, 2015: 46.1, 2016: 46.2, 2017: 44, 2018: 43.8, 2019: 36.5, 2020: 29.2, 2021: 31.8, 2022: 31.2, 2023: 24.1, 2024: 23.3",,48.2,Post Stage Four,Yes,-284712.640975304,6705600.36391359
1571,305,Lamppost     Sarah Street Redfield,2013,12,"2010: 43.8, 2011: 37.3, 2012: 36, 2013: 37.1, 2014: 34.2, 2015: 33.3, 2016: 35, 2017: 32.9",,37.1,Post Stage Four,No,-285823.421858351,6702704.55720837
1572,314,Lamppost     Whiteladies Road \ Cotham Hill Clifton,2013,12,"2010: 51.1, 2011: 44.1, 2012: 40.4, 2013: 44.4, 2014: 43, 2015: 43.9, 2016: 41.5, 2017: 38.3, 2018: 37.7, 2019: 31.3",,44.4,Post Stage Four,No,-290494.80521666,6703775.41034363
1573,320,Monitor     Bath Road Brislington,2013,36,"2010: 34.3, 2011: 33.1, 2012: 31.5, 2013: 31.1, 2014: 30.9, 2015: 31.3, 2016: 31.1, 2017: 30.7, 2018: 27.9, 2019: 23.5, 2020: 19.3, 2021: 20.8, 2022: 20.6, 2023: 17.7, 2024: 17",,31.1,QAQC,Yes,-284969.788762769,6699810.45977789
1574,374,St. Paul Street,2013,12,"2010: 56.2, 2011: 56.2, 2012: 46.8, 2013: 50.7, 2014: 51.8, 2015: 47.1, 2016: 47.2, 2017: 45.2, 2018: 47.8, 2019: 39.9, 2020: 29.9, 2021: 35, 2022: 33.7, 2023: 27.1, 2024: 25.1",,50.7,BROADMEAD,Yes,-287671.912995715,6703046.61290049
1575,398,Avonmouth Rd No 31 on facia,2013,12,"2010: 40.1, 2011: 34.9, 2012: 31.8, 2013: 34, 2014: 31.9, 2015: 30.1, 2016: 31.8, 2017: 31.2",,34,Post DA Facades,No,-298961.49662735,6709542.48396699
1576,470,Victoria Park Primary,2013,11,"2010: 43.3, 2011: 39.4, 2012: 39.6, 2013: 37.8, 2014: 35, 2015: 38.7, 2016: 39.4, 2017: 35.9, 2018: 37.9, 2019: 29.4, 2020: 25.1, 2021: 26.8, 2022: 28.3, 2023: 24.2, 2024: 21.7",,37.8,USA 2009,Yes,-288112.730275877,6698870.47455211
1577,482,Avonmouth Road - Lampost (20) Opposite Number Hse No 45,2013,12,"2012: 35.8, 2013: 36.7, 2014: 35.8, 2015: 35.1, 2016: 36.4, 2017: 33.9",,36.7,Avonmouth Road,No,-299044.204309352,6709641.38886502
1578,425,Ashley Rd P sign outside International Market (nr Dalrymple Rd),2013,9,"2010: 43.3, 2011: 42.2, 2012: 41.4, 2013: 38.9, 2014: 43.7",,38.9,Post DA Facades,No,-287985.21592089,6703955.03046855
1579,426,City Rd/Ashley Rd lamppost No 16,2013,11,"2010: 40.7, 2011: 40, 2012: 39.5, 2013: 38, 2014: 34, 2015: 32.5, 2016: 34.2, 2017: 33.5",,38,Post DA Facades,No,-287666.22851714,6703943.12855516
1580,436,Shiners Garage,2013,20,"2010: 44.7, 2011: 40.9, 2012: 39.6, 2013: 40.1, 2014: 38.2, 2015: 37.9, 2016: 47.7, 2017: 45.8, 2018: 50.6, 2019: 42, 2020: 29.2, 2021: 31.2, 2022: 30.6, 2023: 24.4, 2024: 26.2",,40.1,Roadside,Yes,-285259.212047081,6702675.18810556
1581,464,Fishponds Road,2013,36,"2010: 42.2, 2011: 39.2, 2012: 38, 2013: 35.7, 2014: 36, 2015: 34.9, 2016: 36.9, 2017: 36.8, 2018: 34.4, 2019: 29.7, 2020: 24.2, 2021: 23.7, 2022: 24, 2023: 20.8, 2024: 20.8",,35.7,QAQC,Yes,-282218.963762018,6706297.20472537
1582,474,Martial Arts West Street,2013,12,"2010: 45.1, 2011: 39.7, 2012: 37.9, 2013: 39.1, 2014: 35.8, 2015: 38.5, 2016: 38.7, 2017: 35.8, 2018: 31.9, 2019: 29.1, 2020: 22.9",,39.1,USA 2009,No,-290069.368921615,6698825.58328779
1583,8,Higham Street,2013,12,"2010: 29.8, 2011: 25.7, 2012: 25.6, 2013: 26.8, 2014: 22.6, 2015: 22.5, 2016: 26.3, 2017: 21.9",,26.8,Roadside (DT),No,-287126.547721504,6700333.22530665
1584,12,Galleries,2013,12,"2010: 58.2, 2011: 55.2, 2012: 50.8, 2013: 56.7, 2014: 51.3, 2015: 52.5, 2016: 52.8, 2017: 56.6, 2018: 57.5, 2019: 51.8, 2020: 41.9, 2021: 46.5, 2022: 50.2, 2023: 60.2, 2024: 35.3",,56.7,Roadside (DT),Yes,-288254.965440197,6702425.05893974
1585,13,Ferndown Close,2013,12,"2010: 31.1, 2011: 19.4, 2012: 18.1, 2013: 18.8, 2014: 16.3, 2015: 16.4, 2016: 18.5, 2017: 20.1",,18.8,Roadside (DT),No,-295764.424890332,6709235.86764723
1586,254,Merchants Road Hotwells,2013,12,"2010: 47.1, 2011: 55.6, 2012: 55.3, 2013: 53.2, 2014: 51.5, 2015: 54.4, 2016: 51.8, 2017: 52.2, 2018: 49.4, 2019: 40.5, 2020: 31.1, 2021: 34.6, 2022: 33, 2023: 24.7, 2024: 23.9",,53.2,Roadside Stage 4 (DT),Yes,-291486.964634959,6701142.24890875
1587,295,Lamppost   16 Ashley Road St. Pauls,2013,12,"2010: 58.8, 2011: 60.7, 2012: 57.8, 2013: 57.2, 2014: 58.6, 2015: 63.3, 2016: 55.7, 2017: 65.1, 2018: 59.6, 2019: 48.1, 2020: 37.2, 2021: 44.5, 2022: 41, 2023: 34, 2024: 34.8",,57.2,Post Stage Four,Yes,-287033.740015952,6704208.4476767
1588,297,Facade   383 Church Road Redfield,2013,12,"2010: 39.1, 2011: 36.7, 2012: 33.6, 2013: 34.9, 2014: 34.9",,34.9,Post Stage Four,No,-283168.484313521,6703131.19453382
1589,300,Facade Haart Estate Agents 755 Fishponds Road Fishponds,2013,11,"2010: 47, 2011: 52.8, 2012: 49.9, 2013: 48.5, 2014: 42.4, 2015: 45.9, 2016: 48.1, 2017: 45.9, 2018: 41.1, 2019: 35.1, 2020: 28.9, 2021: 28.7, 2022: 27.5, 2023: 21.2, 2024: 26.4",,48.5,Post Stage Four,Yes,-281520.287175529,6706769.98297697
1590,312,Lamppost     Ashley Hill St. Pauls,2013,12,"2010: 46.8, 2011: 46.4, 2012: 43.7, 2013: 44.5, 2014: 36.7, 2015: 36.8, 2016: 41.6, 2017: 38.5, 2018: 38.5, 2019: 32.8, 2020: 26.2, 2021: 29.5, 2022: 29.8, 2023: 24.8, 2024: 23.5",,44.5,Post Stage Four,Yes,-287167.355516468,6704691.02392647
1591,318,Monitor     Rupert Street City Centre,2013,33,"2010: 102.6, 2011: 95.2, 2012: 90.6, 2013: 88.8, 2014: 88.8, 2015: 91.2, 2016: 82.8",,88.8,QAQC,No,-289014.631401276,6702256.65047887
1592,373,123 Newfoundland Street façade,2013,12,"2010: 53, 2011: 47.9, 2012: 44.9, 2013: 45.2, 2014: 41.6, 2015: 38.3, 2016: 39.5, 2017: 38.5, 2018: 35.7, 2019: 31.2, 2020: 23.9, 2021: 27.9, 2022: 27.4, 2023: 22.3, 2024: 21.5",,45.2,BROADMEAD,Yes,-287292.865269621,6703337.20318085
1593,413,Wells Rd bus lane sign just below junction with Knowle Rd,2013,12,"2010: 52.2, 2011: 47.1, 2012: 41.4, 2013: 43.7, 2014: 38.4, 2015: 39.3, 2016: 40, 2017: 38.7, 2018: 37.6, 2019: 31.2, 2020: 25.5, 2021: 27.4, 2022: 27.2, 2023: 23.5, 2024: 22.5",,43.7,Post DA Facades,Yes,-286790.024426925,6699701.55784787
1594,438,A37 Junction w/ Airport Road,2013,34,"2010: 48, 2011: 47.7, 2012: 43.4, 2013: 43.5, 2014: 44, 2015: 43.1, 2016: 43.4, 2017: 43.2, 2018: 36.6, 2019: 31.8, 2020: 27.1, 2021: 29, 2022: 29.4, 2023: 25, 2024: 23.2",,43.5,QAQC,Yes,-285394.401951542,6697329.73212812
1595,488,Junction 3 Easton Way,2013,7,"2013: 49.8, 2014: 40.1, 2015: 42.7, 2016: 42.5, 2017: 39.8",,49.8,JCT3,No,-286565.52996909,6704173.58231094
1596,483,Avonmouth Road - Lampost (19) Opposite Hse No 37,2013,12,"2012: 38.5, 2013: 36.5, 2014: 37.2, 2015: 37.1, 2016: 38.1, 2017: 36.3",,36.5,Avonmouth Road,No,-298989.311077002,6709601.71027226
1597,478,T shirt Shop W. Town Lane,2013,12,"2010: 42.9, 2011: 38.2, 2012: 36.4, 2013: 39.9, 2014: 35.8, 2015: 36.3, 2016: 36.7, 2017: 35.4, 2018: 36.5, 2019: 28.8, 2020: 23.5",,39.9,Callington Road,No,-283497.367453175,6698023.25032835
1598,487,Junction 3 Millpond Street,2013,7,"2013: 55.6, 2014: 47.4, 2015: 46.2, 2016: 45.7, 2017: 44.5, 2018: 41.9, 2019: 35.1, 2020: 27.7, 2021: 29.6, 2022: 36.8, 2023: 27.8, 2024: 24.1",,55.6,JCT3,Yes,-286505.090102087,6704231.89916475
1599,486,Barracks's Lane - Telegraph Pole No 6. End of Lane Left Hand Side,2013,12,"2012: 41.5, 2013: 38.2, 2014: 36.6, 2015: 40.8, 2016: 41.7, 2017: 39.2",,38.2,Avonmouth Road,No,-298508.50916054,6709803.9731087
1600,479,cycle sign lamppost,2013,11,"2010: 34.8, 2011: 32.6, 2012: 33.4, 2013: 33, 2014: 32.2, 2015: 31.5, 2016: 30.3, 2017: 30.1",,33,Callington Road,No,-283775.919971872,6698013.1334356
1601,448,Economy Cars,2013,14,"2010: 40.6, 2011: 39.9, 2012: 37.6, 2013: 38.6",,38.6,QAQC,No,-286244.19575046,6699949.93652804
1602,423,facade BRI children's,2013,12,"2010: 53, 2011: 53.2, 2012: 50.9, 2013: 46.3, 2014: 41.8, 2015: 44.4, 2016: 43.5, 2017: 45, 2018: 42.3, 2019: 35.2, 2020: 27.3, 2021: 29.5, 2022: 29.1, 2023: 22.2, 2024: 20.9",,46.3,Post DA Facades,Yes,-289088.725742146,6702699.40590324
1603,407,lamppost sussex place,2013,12,"2010: 53.9, 2011: 56.5, 2012: 47.3, 2013: 47.1, 2014: 43.9, 2015: 43.1, 2016: 48.7, 2017: 44.6, 2018: 46.7, 2019: 37.3, 2020: 26.7, 2021: 30.2, 2022: 29.5, 2023: 24.8",,47.1,Post DA Facades,No,-287169.041541866,6704295.74454928
1604,397,facade avonmouth road underpass - house to SE,2013,12,"2010: 38.4, 2011: 35.9, 2012: 34, 2013: 34.4, 2014: 28.5, 2015: 33, 2016: 33.8, 2017: 33.4",,34.4,Post DA Facades,No,-298837.117054549,6709445.57805865
1605,365,Unite façade,2013,10,"2010: 45.4, 2011: 40.3, 2012: 37.4, 2013: 37.7, 2014: 35.5, 2015: 36.5, 2016: 37.9, 2017: 37.6",,37.7,BROADMEAD,No,-287650.058854113,6702515.05678852
1606,18,Hillcrest,2013,11,"2010: 26.5, 2011: 20.3, 2012: 21.3, 2013: 22.3, 2014: 18.1, 2015: 17.8, 2016: 20.2, 2017: 18.4",,22.3,Roadside (DT),No,-285734.537313679,6697418.60705167
1607,7,St. Andrew's Rd,2013,12,"2010: 30.2, 2011: 27.7, 2012: 27.9, 2013: 27.7, 2014: 28, 2015: 26.8, 2016: 28.6, 2017: 26",,27.7,Roadside (DT),No,-300244.658919802,6710417.86486197
1608,5,Bedminster Parade,2013,12,"2010: 66.6, 2011: 57.2, 2012: 54.6, 2013: 58.7, 2014: 47.6, 2015: 50.9, 2016: 51.3, 2017: 45.8, 2018: 45.8, 2019: 39.9, 2020: 31.6, 2021: 41, 2022: 37.9, 2023: 33.5, 2024: 34.9",,58.7,Roadside (DT),Yes,-288906.606435902,6699999.33324423
1609,2,Colston Avenue,2013,12,"2010: 79.4, 2011: 78.8, 2012: 66.8, 2013: 68.7, 2014: 67.7, 2015: 69.2, 2016: 66.1, 2017: 63.1, 2018: 58.2, 2019: 53.7, 2020: 36.9, 2021: 40.1, 2022: 40.3, 2023: 39, 2024: 38.4",,68.7,Roadside (DT),Yes,-289075.818144399,6702097.12495681
1610,469,Lamppost corner park avenue,2013,12,"2010: 46.2, 2011: 40.4, 2012: 39.4, 2013: 38.5, 2014: 35.8, 2015: 35.3, 2016: 39.2, 2017: 34.6, 2018: 36.2, 2019: 27.4, 2020: 23.4",,38.5,USA 2009,No,-287688.258760981,6699061.74717359
1611,467,Strada Exeter Road,2013,12,"2010: 40.7, 2011: 33.4, 2012: 35.1, 2013: 34.8, 2014: 33, 2015: 31.6, 2016: 33.7, 2017: 30.7",,34.8,USA 2009,No,-290754.210004917,6699715.88601269
1612,461,Millpond School Fence,2013,12,"2010: 40.2, 2011: 35.9, 2012: 35.5, 2013: 37.2, 2014: 34.1, 2015: 33.2, 2016: 37, 2017: 30.4, 2018: 33.9, 2019: 26",,37.2,Millpond School,No,-286284.930702286,6704358.95120715
1613,403,Lamp post 48 230 Bath Road,2013,12,"2010: 46.5, 2011: 43.9, 2012: 43.6, 2013: 46.6, 2014: 39.2, 2015: 41.5, 2016: 37.5, 2017: 35.7, 2018: 35.6, 2019: 28.1, 2020: 23.4, 2021: 25.5, 2022: 25.5, 2023: 20.2, 2024: 20.6",,46.6,Post DA Facades,Yes,-286047.399122808,6699977.1677698
1614,439,Parson Street School,2013,36,"2010: 41.9, 2011: 40.9, 2012: 40.9, 2013: 44.7, 2014: 42, 2015: 41, 2016: 43.6, 2017: 37.7, 2018: 37.7, 2019: 31.7, 2020: 25.4, 2021: 28.6, 2022: 27.2, 2023: 24, 2024: 22.4",,44.7,QAQC,Yes,-289982.448521423,6698188.87869929
1615,422,North St/Langton Park T junction,2013,12,"2010: 43.4, 2011: 41.2, 2012: 39.8, 2013: 39, 2014: 34.1, 2015: 35, 2016: 39.4, 2017: 36.5, 2018: 34.1, 2019: 27.4, 2020: 23.4",,39,Post DA Facades,No,-289793.129417391,6699704.60992124
1616,325,Facade   258 Fishponds Road Fishponds,2013,12,"2010: 51.8, 2011: 53, 2012: 49.8, 2013: 45.8, 2014: 49.7, 2015: 50.8, 2016: 50.5, 2017: 49.2, 2018: 48.1, 2019: 39.4, 2020: 34.1, 2021: 37.3, 2022: 32.6, 2023: 29.4, 2024: 27.6",,45.8,Post Stage Four,Yes,-284232.620635064,6705496.34843142
1617,307,Lamppost     Glenfrome Road \ Muller Road Horfield,2013,12,"2010: 46.6, 2011: 41.5, 2012: 39.5, 2013: 39.8, 2014: 38.4, 2015: 36.6, 2016: 37.4, 2017: 32.6, 2018: 37.3, 2019: 30.7, 2020: 24.6, 2021: 27.5, 2022: 26.8, 2023: 24.5, 2024: 21.6",,39.8,Post Stage Four,Yes,-285709.878701319,6705846.59411472
1618,155,Jacobs Wells Road South,2013,12,"2010: 47.4, 2011: 52.4, 2012: 46.9, 2013: 48.5, 2014: 38.8, 2015: 39.9, 2016: 43.1, 2017: 37.9, 2018: 40.1, 2019: 31.1, 2020: 22.9, 2021: 25.5, 2022: 24.2, 2023: 17.5, 2024: 15.2",,48.5,harbourside (DT),Yes,-290337.435875919,6701608.05267219
1619,22,Stokes Croft,2013,12,"2010: 68.2, 2011: 58.7, 2012: 55.3, 2013: 57.7, 2014: 55.3, 2015: 49.7, 2016: 54.4, 2017: 52.5, 2018: 51, 2019: 44.3, 2020: 34.3, 2021: 37.5, 2022: 36.7, 2023: 35.9, 2024: 34.4",,57.7,Roadside (DT),Yes,-288316.547788833,6703508.93195795
1620,21,Gloucester Road,2013,11,"2010: 50.1, 2011: 44.5, 2012: 43.1, 2013: 52, 2014: 50.4, 2015: 51.6, 2016: 50.2, 2017: 49.3, 2018: 46.4, 2019: 38.3, 2020: 33.4, 2021: 34.9, 2022: 34, 2023: 30.9, 2024: 33",,52,Roadside (DT),Yes,-288453.491473036,6705789.48523368
1621,20,Newfoundland Way,2013,11,"2010: 79, 2011: 73.2, 2012: 74.7, 2013: 64.3, 2014: 65.3, 2015: 58.7, 2016: 55.5, 2017: 61.2, 2018: 50.1, 2019: 42.4",,64.3,Roadside (DT),No,-287579.43244068,6703103.57954815
1622,16,Third Way,2013,12,"2010: 35.1, 2011: 35.8, 2012: 36.4, 2013: 33.3, 2014: 34.6, 2015: 35.9, 2016: 35.7, 2017: 35.2, 2018: 32.6, 2019: 28.7, 2020: 23.2, 2021: 24.9, 2022: 25.8, 2023: 21.5, 2024: 21.5",,33.3,Roadside (DT),No,-299319.725243601,6711147.03571026
1623,3,Blackboy Hill,2013,12,"2010: 46, 2011: 36.6, 2012: 37.7, 2013: 41.2, 2014: 36.3, 2015: 37.9, 2016: 37.6, 2017: 34.4, 2018: 34.4, 2019: 27.7, 2020: 28.7, 2021: 44.4, 2022: 38.8, 2023: 47.7, 2024: 29",,41.2,Roadside (DT),Yes,-290988.19933068,6704714.42467723
1624,23,Old Market,2013,20,"2010: 56.3, 2011: 52.3, 2012: 47.9, 2013: 50.6, 2014: 44.2, 2015: 45.3, 2016: 47.2, 2017: 46.7",,50.6,Roadside (DT),No,-287592.734480822,6702358.09069367
1625,81,Eastville Park,2013,11,"2010: 22.7, 2011: 19.2, 2012: 21, 2013: 18.2, 2014: 17.5, 2015: 17.9, 2016: 17, 2017: 18.8",,18.2,Wards (DT),No,-284251.786073126,6705912.41811108
1626,105,Victoria Park,2013,12,"2010: 26, 2011: 19.9, 2012: 20.4, 2013: 21.2, 2014: 17.2, 2015: 18.2, 2016: 20.8, 2017: 19.1",,21.2,Wards (DT),No,-288303.274890422,6699464.66471172
1627,147,Anchor Road,2013,12,"2010: 65.6, 2011: 66.4, 2012: 60.6, 2013: 60.2, 2014: 57, 2015: 60.1, 2016: 56.9, 2017: 61.5, 2018: 56.6, 2019: 50.9, 2020: 39.4, 2021: 43.3, 2022: 45.5, 2023: 39.5, 2024: 36.3",,60.2,harbourside (DT),Yes,-289254.257300207,6701581.66334233
1628,159,Cromwell Road,2013,12,"2010: 53.6, 2011: 48.9, 2012: 49.7, 2013: 49, 2014: 44.5, 2015: 44.1, 2016: 44.8, 2017: 42, 2018: 43.3, 2019: 35.8, 2020: 28.5, 2021: 31.9, 2022: 32.1, 2023: 28.9, 2024: 28.2",,49,gloucester road showcase route (DT),Yes,-288675.219320107,6704666.05891095
1629,175,top of Brislington Hill,2013,12,"2010: 57.9, 2011: 56.3, 2012: 54.7, 2013: 55.3, 2014: 51.7, 2015: 52.9, 2016: 56.5, 2017: 54, 2018: 54.9, 2019: 44.6, 2020: 36.4, 2021: 41.4, 2022: 38.7, 2023: 30.4, 2024: 30.3",,55.3,bath road showcase route (DT),Yes,-283408.629887594,6698149.144355
1630,260,Stapleton Road South,2013,12,"2010: 52.9, 2011: 52.8, 2012: 45.8, 2013: 46.5, 2014: 46.3, 2015: 45.6, 2016: 45.4, 2017: 42.6, 2018: 43.1, 2019: 36.2, 2020: 29.5, 2021: 33.2, 2022: 31.6, 2023: 26.5, 2024: 26",,46.5,Roadside Stage 4 (DT),Yes,-285080.464366343,6705912.52183786
1631,417,St John's Lane No 26 lamppost 15 (just past roundabout),2013,12,"2010: 51.3, 2011: 45.6, 2012: 44.1, 2013: 42.1, 2014: 40.8, 2015: 43.6, 2016: 43.4, 2017: 35.2, 2018: 36, 2019: 31, 2020: 26.3, 2021: 27.9, 2022: 27, 2023: 22.7, 2024: 20.9",,42.1,Post DA Facades,Yes,-287442.243890537,6699543.83315549
1632,418,Bedminster Down Rd lamppost between Ashton Motors & Plough PH,2013,12,"2010: 92.9, 2011: 90.5, 2012: 81.8, 2013: 74, 2014: 67.7, 2015: 63.7, 2016: 69.3, 2017: 58.4, 2018: 55.7, 2019: 51.1, 2020: 40.2, 2021: 45.9, 2022: 44.1, 2023: 32.8, 2024: 31.7",,74,Post DA Facades,Yes,-290471.62510202,6698281.14621008
1633,429,facade villiers road stapleton road junction,2013,10,"2010: 60.3, 2011: 57.8, 2012: 57.3, 2013: 60.6, 2014: 54.7, 2015: 50.4, 2016: 52.1, 2017: 47.8, 2018: 46.8, 2019: 41.2, 2020: 38.8, 2021: 36.4, 2022: 35.5, 2023: 38, 2024: 35.3",,60.6,Post DA Facades,Yes,-286116.033413056,6703865.40916925
1634,441,Avon Probation Service,2013,35,"2010: 58.7, 2011: 57.8, 2012: 55, 2013: 56.1, 2014: 50.2, 2015: 45.8, 2016: 45.1",,56.1,QAQC,No,-287455.135573451,6703189.71654543
1635,462,Millpond School play area,2013,9,"2010: 35.8, 2011: 32.6, 2012: 31.7, 2013: 32.9, 2014: 29.2, 2015: 30.4, 2016: 30.8, 2017: 34.6",,32.9,Millpond School,No,-286278.220554745,6704320.44194323
1636,4,Three Lamps,2013,12,"2010: 62.3, 2011: 59.8, 2012: 58.4, 2013: 60.6, 2014: 55.8, 2015: 53.3, 2016: 55.2, 2017: 52.7, 2018: 53.5, 2019: 41, 2020: 36.8, 2021: 38.9, 2022: 38.4, 2023: 29.3, 2024: 30.7",,60.6,Roadside (DT),Yes,-287018.565739922,6700248.9656145
1637,15,Horsefair,2013,12,"2010: 54.7, 2011: 50.9, 2012: 49.5, 2013: 53.6, 2014: 48.6, 2015: 50.8, 2016: 51.2, 2017: 49.4, 2018: 47.5, 2019: 42.2, 2020: 28.2, 2021: 31.5, 2022: 31.3, 2023: 26.4, 2024: 25.9",,53.6,Roadside (DT),Yes,-288014.971267504,6702867.14929257
1638,99,Greville Smyth Park,2013,12,"2010: 32.7, 2011: 28.1, 2012: 30, 2013: 33.1, 2014: 27.2, 2015: 28.7, 2016: 31.6, 2017: 28.5",,33.1,Wards (DT),No,-291506.54674882,6699854.07592476
1639,161,Bishop Road,2013,10,"2010: 52.9, 2011: 47.4, 2012: 41.6, 2013: 41.8, 2014: 41.3, 2015: 43.7, 2016: 41.7, 2017: 38.8, 2018: 38, 2019: 31.7, 2020: 25.3, 2021: 27.4, 2022: 26, 2023: 25.6, 2024: 26.5",,41.8,gloucester road showcase route (DT),Yes,-288271.484099739,6706477.18610887
1640,263,Gatton Road,2013,12,"2010: 43.1, 2011: 38.5, 2012: 35.7, 2013: 35, 2014: 33.9, 2015: 33.6, 2016: 33.6, 2017: 33.5",,35,Roadside Stage 4 (DT),No,-286346.675872253,6704467.7269175
1641,311,Give Way sign  Chesterfield Rd \ Ashley Down Road St. Andrews,2013,12,"2010: 49.2, 2011: 45.3, 2012: 46.7, 2013: 49.5, 2014: 43.3, 2015: 44, 2016: 46.2, 2017: 46.4",,49.5,Post Stage Four,No,-287421.363948839,6705397.63750124
1642,363,5102 façade,2013,12,"2010: 44.9, 2011: 47.4, 2012: 48, 2013: 44.3, 2014: 39.8, 2015: 39.2, 2016: 39.6, 2017: 38.5, 2018: 37.2, 2019: 34, 2020: 23.5, 2021: 26.8, 2022: 28, 2023: 23.8, 2024: 23.9",,44.3,BROADMEAD,Yes,-288367.49785816,6703069.93538865
1643,370,Great George Street lamppost,2013,12,"2010: 49.2, 2011: 43.7, 2012: 39.5, 2013: 39.4, 2014: 36.9, 2015: 37.7, 2016: 38.4, 2017: 37.5, 2018: 36.6, 2019: 30.1, 2021: 25, 2022: 31, 2023: 25.3, 2024: 21.2",,39.4,BROADMEAD,Yes,-287244.687317758,6702918.28830893
1644,405,Whitehall Rd/Easton Rd lamppost 4TZ,2013,11,"2010: 57.8, 2011: 58, 2012: 53.1, 2013: 55, 2014: 51.1, 2015: 53.1, 2016: 42.6, 2017: 50.4, 2018: 56.2, 2019: 48.5, 2020: 38.7, 2021: 40.4, 2022: 38, 2023: 33.5, 2024: 33.6",,55,Post DA Facades,Yes,-285203.139777754,6703303.7524392
1645,420,North St/Dean Lane on roundabout sign,2013,12,"2010: 43.8, 2011: 39.6, 2012: 38.1, 2013: 38.9, 2014: 37.2, 2015: 36.7, 2016: 38.6, 2017: 33.3, 2018: 37.1, 2019: 30.4, 2020: 23.2, 2021: 25.6, 2022: 28.8, 2023: 23.7, 2024: 22.3",,38.9,Post DA Facades,Yes,-289619.048853516,6699765.46194782
1646,163,Strathmore Road,2012,12,"2010: 44.8, 2011: 38.3, 2012: 38.8, 2013: 43, 2014: 39.1, 2015: 37, 2016: 39.7, 2017: 38, 2018: 36.6, 2019: 30.8, 2020: 24.5, 2021: 27.4, 2022: 27.2, 2023: 27.2, 2024: 25.7",,38.8,gloucester road showcase route (DT),Yes,-287828.657779616,6707832.48413925
1647,436,Shiners Garage,2012,36,"2010: 44.7, 2011: 40.9, 2012: 39.6, 2013: 40.1, 2014: 38.2, 2015: 37.9, 2016: 47.7, 2017: 45.8, 2018: 50.6, 2019: 42, 2020: 29.2, 2021: 31.2, 2022: 30.6, 2023: 24.4, 2024: 26.2",,39.6,Roadside,Yes,-285259.212047081,6702675.18810556
1648,374,St. Paul Street,2012,12,"2010: 56.2, 2011: 56.2, 2012: 46.8, 2013: 50.7, 2014: 51.8, 2015: 47.1, 2016: 47.2, 2017: 45.2, 2018: 47.8, 2019: 39.9, 2020: 29.9, 2021: 35, 2022: 33.7, 2023: 27.1, 2024: 25.1",,46.8,BROADMEAD,Yes,-287671.912995715,6703046.61290049
1649,321,Monitor     Trailer Portway Park and Ride,2012,12,"2010: 28.9, 2011: 24, 2012: 24.6, 2013: 24.6, 2014: 25.1",,24.6,QAQC,No,-299313.461144271,6708429.88602366
1650,314,Lamppost     Whiteladies Road \ Cotham Hill Clifton,2012,10,"2010: 51.1, 2011: 44.1, 2012: 40.4, 2013: 44.4, 2014: 43, 2015: 43.9, 2016: 41.5, 2017: 38.3, 2018: 37.7, 2019: 31.3",,40.4,Post Stage Four,No,-290494.80521666,6703775.41034363
1651,254,Merchants Road Hotwells,2012,12,"2010: 47.1, 2011: 55.6, 2012: 55.3, 2013: 53.2, 2014: 51.5, 2015: 54.4, 2016: 51.8, 2017: 52.2, 2018: 49.4, 2019: 40.5, 2020: 31.1, 2021: 34.6, 2022: 33, 2023: 24.7, 2024: 23.9",,55.3,Roadside Stage 4 (DT),Yes,-291486.964634959,6701142.24890875
1652,161,Bishop Road,2012,12,"2010: 52.9, 2011: 47.4, 2012: 41.6, 2013: 41.8, 2014: 41.3, 2015: 43.7, 2016: 41.7, 2017: 38.8, 2018: 38, 2019: 31.7, 2020: 25.3, 2021: 27.4, 2022: 26, 2023: 25.6, 2024: 26.5",,41.6,gloucester road showcase route (DT),Yes,-288271.484099739,6706477.18610887
1653,159,Cromwell Road,2012,12,"2010: 53.6, 2011: 48.9, 2012: 49.7, 2013: 49, 2014: 44.5, 2015: 44.1, 2016: 44.8, 2017: 42, 2018: 43.3, 2019: 35.8, 2020: 28.5, 2021: 31.9, 2022: 32.1, 2023: 28.9, 2024: 28.2",,49.7,gloucester road showcase route (DT),Yes,-288675.219320107,6704666.05891095
1654,99,Greville Smyth Park,2012,12,"2010: 32.7, 2011: 28.1, 2012: 30, 2013: 33.1, 2014: 27.2, 2015: 28.7, 2016: 31.6, 2017: 28.5",,30,Wards (DT),No,-291506.54674882,6699854.07592476
1655,19,Conham Vale,2012,12,"2010: 24.4, 2011: 21.5, 2012: 22, 2013: 27.2, 2014: 20.8, 2015: 19.7, 2016: 22.4, 2017: 21.3",,22,Roadside (DT),No,-282187.941736831,6700722.60876012
1656,363,5102 façade,2012,12,"2010: 44.9, 2011: 47.4, 2012: 48, 2013: 44.3, 2014: 39.8, 2015: 39.2, 2016: 39.6, 2017: 38.5, 2018: 37.2, 2019: 34, 2020: 23.5, 2021: 26.8, 2022: 28, 2023: 23.8, 2024: 23.9",,48,BROADMEAD,Yes,-288367.49785816,6703069.93538865
1657,405,Whitehall Rd/Easton Rd lamppost 4TZ,2012,11,"2010: 57.8, 2011: 58, 2012: 53.1, 2013: 55, 2014: 51.1, 2015: 53.1, 2016: 42.6, 2017: 50.4, 2018: 56.2, 2019: 48.5, 2020: 38.7, 2021: 40.4, 2022: 38, 2023: 33.5, 2024: 33.6",,53.1,Post DA Facades,Yes,-285203.139777754,6703303.7524392
1658,419,Parson St lamppost outside Bristol Scuba,2012,12,"2010: 63.2, 2011: 54.7, 2012: 54.1, 2013: 53.6, 2014: 56.6, 2015: 53.6, 2016: 55.8, 2017: 51.3, 2018: 45, 2019: 39, 2020: 31.4, 2021: 34.3, 2022: 33.6, 2023: 29.4, 2024: 28.5",,54.1,Post DA Facades,Yes,-290320.090688617,6698353.05372706
1659,425,Ashley Rd P sign outside International Market (nr Dalrymple Rd),2012,11,"2010: 43.3, 2011: 42.2, 2012: 41.4, 2013: 38.9, 2014: 43.7",,41.4,Post DA Facades,No,-287985.21592089,6703955.03046855
1660,461,Millpond School Fence,2012,12,"2010: 40.2, 2011: 35.9, 2012: 35.5, 2013: 37.2, 2014: 34.1, 2015: 33.2, 2016: 37, 2017: 30.4, 2018: 33.9, 2019: 26",,35.5,Millpond School,No,-286284.930702286,6704358.95120715
1661,7,St. Andrew's Rd,2012,10,"2010: 30.2, 2011: 27.7, 2012: 27.9, 2013: 27.7, 2014: 28, 2015: 26.8, 2016: 28.6, 2017: 26",,27.9,Roadside (DT),No,-300244.658919802,6710417.86486197
1662,466,Savanna coffee drainpipe,2012,10,"2010: 41.1, 2011: 39.7, 2012: 39.6, 2013: 41.1, 2014: 38, 2015: 34, 2016: 35.8, 2017: 33.4, 2018: 33.2, 2019: 27.4, 2020: 20.8",,39.6,USA 2009,No,-290918.706654091,6699851.00397371
1663,2,Colston Avenue,2012,12,"2010: 79.4, 2011: 78.8, 2012: 66.8, 2013: 68.7, 2014: 67.7, 2015: 69.2, 2016: 66.1, 2017: 63.1, 2018: 58.2, 2019: 53.7, 2020: 36.9, 2021: 40.1, 2022: 40.3, 2023: 39, 2024: 38.4",,66.8,Roadside (DT),Yes,-289075.818144399,6702097.12495681
1664,486,Barracks's Lane - Telegraph Pole No 6. End of Lane Left Hand Side,2012,12,"2012: 41.5, 2013: 38.2, 2014: 36.6, 2015: 40.8, 2016: 41.7, 2017: 39.2",,41.5,Avonmouth Road,No,-298508.50916054,6709803.9731087
1665,479,cycle sign lamppost,2012,12,"2010: 34.8, 2011: 32.6, 2012: 33.4, 2013: 33, 2014: 32.2, 2015: 31.5, 2016: 30.3, 2017: 30.1",,33.4,Callington Road,No,-283775.919971872,6698013.1334356
1666,420,North St/Dean Lane on roundabout sign,2012,11,"2010: 43.8, 2011: 39.6, 2012: 38.1, 2013: 38.9, 2014: 37.2, 2015: 36.7, 2016: 38.6, 2017: 33.3, 2018: 37.1, 2019: 30.4, 2020: 23.2, 2021: 25.6, 2022: 28.8, 2023: 23.7, 2024: 22.3",,38.1,Post DA Facades,Yes,-289619.048853516,6699765.46194782
1667,413,Wells Rd bus lane sign just below junction with Knowle Rd,2012,12,"2010: 52.2, 2011: 47.1, 2012: 41.4, 2013: 43.7, 2014: 38.4, 2015: 39.3, 2016: 40, 2017: 38.7, 2018: 37.6, 2019: 31.2, 2020: 25.5, 2021: 27.4, 2022: 27.2, 2023: 23.5, 2024: 22.5",,41.4,Post DA Facades,Yes,-286790.024426925,6699701.55784787
1668,371,Lamb Street façade,2012,12,"2010: 57.9, 2011: 47.5, 2012: 47.5, 2013: 46.9, 2014: 42.8, 2015: 44.8, 2016: 42.7, 2017: 44.7, 2018: 42.2, 2019: 34.1, 2020: 25.8, 2021: 29.4, 2022: 29, 2023: 25.5",,47.5,BROADMEAD,No,-287182.028571119,6702693.88408449
1669,320,Monitor     Bath Road Brislington,2012,36,"2010: 34.3, 2011: 33.1, 2012: 31.5, 2013: 31.1, 2014: 30.9, 2015: 31.3, 2016: 31.1, 2017: 30.7, 2018: 27.9, 2019: 23.5, 2020: 19.3, 2021: 20.8, 2022: 20.6, 2023: 17.7, 2024: 17",,31.5,QAQC,Yes,-284969.788762769,6699810.45977789
1670,312,Lamppost     Ashley Hill St. Pauls,2012,12,"2010: 46.8, 2011: 46.4, 2012: 43.7, 2013: 44.5, 2014: 36.7, 2015: 36.8, 2016: 41.6, 2017: 38.5, 2018: 38.5, 2019: 32.8, 2020: 26.2, 2021: 29.5, 2022: 29.8, 2023: 24.8, 2024: 23.5",,43.7,Post Stage Four,Yes,-287167.355516468,6704691.02392647
1671,311,Give Way sign  Chesterfield Rd \ Ashley Down Road St. Andrews,2012,11,"2010: 49.2, 2011: 45.3, 2012: 46.7, 2013: 49.5, 2014: 43.3, 2015: 44, 2016: 46.2, 2017: 46.4",,46.7,Post Stage Four,No,-287421.363948839,6705397.63750124
1672,305,Lamppost     Sarah Street Redfield,2012,12,"2010: 43.8, 2011: 37.3, 2012: 36, 2013: 37.1, 2014: 34.2, 2015: 33.3, 2016: 35, 2017: 32.9",,36,Post Stage Four,No,-285823.421858351,6702704.55720837
1673,263,Gatton Road,2012,12,"2010: 43.1, 2011: 38.5, 2012: 35.7, 2013: 35, 2014: 33.9, 2015: 33.6, 2016: 33.6, 2017: 33.5",,35.7,Roadside Stage 4 (DT),No,-286346.675872253,6704467.7269175
1674,423,facade BRI children's,2012,12,"2010: 53, 2011: 53.2, 2012: 50.9, 2013: 46.3, 2014: 41.8, 2015: 44.4, 2016: 43.5, 2017: 45, 2018: 42.3, 2019: 35.2, 2020: 27.3, 2021: 29.5, 2022: 29.1, 2023: 22.2, 2024: 20.9",,50.9,Post DA Facades,Yes,-289088.725742146,6702699.40590324
1675,260,Stapleton Road South,2012,12,"2010: 52.9, 2011: 52.8, 2012: 45.8, 2013: 46.5, 2014: 46.3, 2015: 45.6, 2016: 45.4, 2017: 42.6, 2018: 43.1, 2019: 36.2, 2020: 29.5, 2021: 33.2, 2022: 31.6, 2023: 26.5, 2024: 26",,45.8,Roadside Stage 4 (DT),Yes,-285080.464366343,6705912.52183786
1676,81,Eastville Park,2012,12,"2010: 22.7, 2011: 19.2, 2012: 21, 2013: 18.2, 2014: 17.5, 2015: 17.9, 2016: 17, 2017: 18.8",,21,Wards (DT),No,-284251.786073126,6705912.41811108
1677,22,Stokes Croft,2012,12,"2010: 68.2, 2011: 58.7, 2012: 55.3, 2013: 57.7, 2014: 55.3, 2015: 49.7, 2016: 54.4, 2017: 52.5, 2018: 51, 2019: 44.3, 2020: 34.3, 2021: 37.5, 2022: 36.7, 2023: 35.9, 2024: 34.4",,55.3,Roadside (DT),Yes,-288316.547788833,6703508.93195795
1678,478,T shirt Shop W. Town Lane,2012,12,"2010: 42.9, 2011: 38.2, 2012: 36.4, 2013: 39.9, 2014: 35.8, 2015: 36.3, 2016: 36.7, 2017: 35.4, 2018: 36.5, 2019: 28.8, 2020: 23.5",,36.4,Callington Road,No,-283497.367453175,6698023.25032835
1679,469,Lamppost corner park avenue,2012,12,"2010: 46.2, 2011: 40.4, 2012: 39.4, 2013: 38.5, 2014: 35.8, 2015: 35.3, 2016: 39.2, 2017: 34.6, 2018: 36.2, 2019: 27.4, 2020: 23.4",,39.4,USA 2009,No,-287688.258760981,6699061.74717359
1680,467,Strada Exeter Road,2012,11,"2010: 40.7, 2011: 33.4, 2012: 35.1, 2013: 34.8, 2014: 33, 2015: 31.6, 2016: 33.7, 2017: 30.7",,35.1,USA 2009,No,-290754.210004917,6699715.88601269
1681,417,St John's Lane No 26 lamppost 15 (just past roundabout),2012,12,"2010: 51.3, 2011: 45.6, 2012: 44.1, 2013: 42.1, 2014: 40.8, 2015: 43.6, 2016: 43.4, 2017: 35.2, 2018: 36, 2019: 31, 2020: 26.3, 2021: 27.9, 2022: 27, 2023: 22.7, 2024: 20.9",,44.1,Post DA Facades,Yes,-287442.243890537,6699543.83315549
1682,365,Unite façade,2012,9,"2010: 45.4, 2011: 40.3, 2012: 37.4, 2013: 37.7, 2014: 35.5, 2015: 36.5, 2016: 37.9, 2017: 37.6",,37.4,BROADMEAD,No,-287650.058854113,6702515.05678852
1683,318,Monitor     Rupert Street City Centre,2012,36,"2010: 102.6, 2011: 95.2, 2012: 90.6, 2013: 88.8, 2014: 88.8, 2015: 91.2, 2016: 82.8",,90.6,QAQC,No,-289014.631401276,6702256.65047887
1684,295,Lamppost   16 Ashley Road St. Pauls,2012,12,"2010: 58.8, 2011: 60.7, 2012: 57.8, 2013: 57.2, 2014: 58.6, 2015: 63.3, 2016: 55.7, 2017: 65.1, 2018: 59.6, 2019: 48.1, 2020: 37.2, 2021: 44.5, 2022: 41, 2023: 34, 2024: 34.8",,57.8,Post Stage Four,Yes,-287033.740015952,6704208.4476767
1685,242,Parson Street Bedminster Down Road,2012,12,"2010: 80.3, 2011: 75.5, 2012: 73.9, 2013: 75.1, 2014: 56.2, 2015: 61.7, 2016: 68.4, 2017: 56, 2018: 51.1, 2019: 41, 2020: 32.2, 2021: 34.5, 2022: 36.6, 2023: 29.8, 2024: 28",,73.9,Roadside Stage 4 (DT),Yes,-290831.882346175,6697891.20245718
1686,156,Jacobs Wells road opp Clifton hill,2012,12,"2010: 56.1, 2011: 49.1, 2012: 45.8, 2013: 44.2, 2014: 38, 2015: 38.9, 2016: 41.2, 2017: 39.3, 2018: 36.2, 2019: 30.5, 2020: 20.7, 2021: 24.9, 2022: 25.9, 2023: 19.1, 2024: 17.7",,45.8,harbourside (DT),Yes,-290548.152178807,6702096.20398506
1687,113,Victoria Street,2012,12,"2010: 53.9, 2011: 55.2, 2012: 51.8, 2013: 48.4, 2014: 48.8, 2015: 47.5, 2016: 45.5, 2017: 49.9, 2018: 40.5, 2019: 37.4, 2020: 29.9, 2021: 27.8, 2022: 32, 2023: 29.4, 2024: 28.3",,51.8,redcliffe way templegate (DT),No,-288062.502763533,6701599.37177948
1688,15,Horsefair,2012,12,"2010: 54.7, 2011: 50.9, 2012: 49.5, 2013: 53.6, 2014: 48.6, 2015: 50.8, 2016: 51.2, 2017: 49.4, 2018: 47.5, 2019: 42.2, 2020: 28.2, 2021: 31.5, 2022: 31.3, 2023: 26.4, 2024: 25.9",,49.5,Roadside (DT),Yes,-288014.971267504,6702867.14929257
1689,13,Ferndown Close,2012,12,"2010: 31.1, 2011: 19.4, 2012: 18.1, 2013: 18.8, 2014: 16.3, 2015: 16.4, 2016: 18.5, 2017: 20.1",,18.1,Roadside (DT),No,-295764.424890332,6709235.86764723
1690,8,Higham Street,2012,12,"2010: 29.8, 2011: 25.7, 2012: 25.6, 2013: 26.8, 2014: 22.6, 2015: 22.5, 2016: 26.3, 2017: 21.9",,25.6,Roadside (DT),No,-287126.547721504,6700333.22530665
1691,11,Whitefriars,2012,12,"2010: 60.8, 2011: 56.1, 2012: 53.2, 2013: 56.3, 2014: 48.8, 2015: 51.4, 2016: 51.7, 2017: 49.2, 2018: 48.1, 2019: 41.1, 2020: 31.1, 2021: 35, 2022: 35.3, 2023: 29.6, 2024: 29.4",,53.2,Roadside (DT),Yes,-288783.750004099,6702631.21072234
1692,9,B.R.I.,2012,11,"2010: 65.4, 2011: 58, 2012: 52, 2013: 54, 2014: 49.3, 2015: 48, 2016: 48.8, 2017: 46.5, 2018: 44.7, 2019: 37.8, 2020: 31.7, 2021: 39.3, 2022: 36, 2023: 27.8",,52,Roadside (DT),No,-288920.3727828,6702882.30805318
1693,370,Great George Street lamppost,2012,11,"2010: 49.2, 2011: 43.7, 2012: 39.5, 2013: 39.4, 2014: 36.9, 2015: 37.7, 2016: 38.4, 2017: 37.5, 2018: 36.6, 2019: 30.1, 2021: 25, 2022: 31, 2023: 25.3, 2024: 21.2",,39.5,BROADMEAD,Yes,-287244.687317758,6702918.28830893
1694,485,Avonmouth Road - Telegraph Pole Opposite Hse No 4,2012,11,"2012: 41.2, 2013: 35.7, 2014: 35, 2015: 35.5, 2016: 36.4, 2017: 34",,41.2,Avonmouth Road,No,-298714.733114574,6709390.45378664
1695,462,Millpond School play area,2012,12,"2010: 35.8, 2011: 32.6, 2012: 31.7, 2013: 32.9, 2014: 29.2, 2015: 30.4, 2016: 30.8, 2017: 34.6",,31.7,Millpond School,No,-286278.220554745,6704320.44194323
1696,460,Cheltenham Road \ Station Road,2012,2,"2010: 39.1, 2011: 38, 2012: 26.6",,26.6,QAQC,No,-288620.733959964,6704666.50138393
1697,422,North St/Langton Park T junction,2012,12,"2010: 43.4, 2011: 41.2, 2012: 39.8, 2013: 39, 2014: 34.1, 2015: 35, 2016: 39.4, 2017: 36.5, 2018: 34.1, 2019: 27.4, 2020: 23.4",,39.8,Post DA Facades,No,-289793.129417391,6699704.60992124
1698,403,Lamp post 48 230 Bath Road,2012,12,"2010: 46.5, 2011: 43.9, 2012: 43.6, 2013: 46.6, 2014: 39.2, 2015: 41.5, 2016: 37.5, 2017: 35.7, 2018: 35.6, 2019: 28.1, 2020: 23.4, 2021: 25.5, 2022: 25.5, 2023: 20.2, 2024: 20.6",,43.6,Post DA Facades,Yes,-286047.399122808,6699977.1677698
1699,397,facade avonmouth road underpass - house to SE,2012,11,"2010: 38.4, 2011: 35.9, 2012: 34, 2013: 34.4, 2014: 28.5, 2015: 33, 2016: 33.8, 2017: 33.4",,34,Post DA Facades,No,-298837.117054549,6709445.57805865
1700,429,facade villiers road stapleton road junction,2012,12,"2010: 60.3, 2011: 57.8, 2012: 57.3, 2013: 60.6, 2014: 54.7, 2015: 50.4, 2016: 52.1, 2017: 47.8, 2018: 46.8, 2019: 41.2, 2020: 38.8, 2021: 36.4, 2022: 35.5, 2023: 38, 2024: 35.3",,57.3,Post DA Facades,Yes,-286116.033413056,6703865.40916925
1701,426,City Rd/Ashley Rd lamppost No 16,2012,10,"2010: 40.7, 2011: 40, 2012: 39.5, 2013: 38, 2014: 34, 2015: 32.5, 2016: 34.2, 2017: 33.5",,39.5,Post DA Facades,No,-287666.22851714,6703943.12855516
1702,261,Stapleton Road Heath Street,2012,12,"2010: 55.8, 2011: 48.2, 2012: 53, 2013: 55.8, 2014: 50.6, 2015: 51.3, 2016: 53.1, 2017: 52.4, 2018: 51, 2019: 41.5, 2020: 34.7, 2021: 39.1, 2022: 39.3, 2023: 32, 2024: 33",,53,Roadside Stage 4 (DT),Yes,-285135.992821959,6705418.74590538
1703,418,Bedminster Down Rd lamppost between Ashton Motors & Plough PH,2012,12,"2010: 92.9, 2011: 90.5, 2012: 81.8, 2013: 74, 2014: 67.7, 2015: 63.7, 2016: 69.3, 2017: 58.4, 2018: 55.7, 2019: 51.1, 2020: 40.2, 2021: 45.9, 2022: 44.1, 2023: 32.8, 2024: 31.7",,81.8,Post DA Facades,Yes,-290471.62510202,6698281.14621008
1704,325,Facade   258 Fishponds Road Fishponds,2012,12,"2010: 51.8, 2011: 53, 2012: 49.8, 2013: 45.8, 2014: 49.7, 2015: 50.8, 2016: 50.5, 2017: 49.2, 2018: 48.1, 2019: 39.4, 2020: 34.1, 2021: 37.3, 2022: 32.6, 2023: 29.4, 2024: 27.6",,49.8,Post Stage Four,Yes,-284232.620635064,6705496.34843142
1705,303,Facade   784 Muller Road Fishponds,2012,11,"2010: 55.4, 2011: 52.1, 2012: 48.5, 2013: 48.2, 2014: 43.5, 2015: 46.1, 2016: 46.2, 2017: 44, 2018: 43.8, 2019: 36.5, 2020: 29.2, 2021: 31.8, 2022: 31.2, 2023: 24.1, 2024: 23.3",,48.5,Post Stage Four,Yes,-284712.640975304,6705600.36391359
1706,239,Parson St. A38 East,2012,11,"2010: 81.3, 2011: 82, 2012: 76.9, 2013: 78, 2014: 65.4, 2015: 69.2, 2016: 68.9, 2017: 66.8, 2018: 65.2, 2019: 54.4, 2020: 47.6, 2021: 51.4, 2022: 48.6, 2023: 40.5, 2024: 38.1",,76.9,Roadside Stage 4 (DT),Yes,-290240.840052813,6698064.71461172
1707,155,Jacobs Wells Road South,2012,12,"2010: 47.4, 2011: 52.4, 2012: 46.9, 2013: 48.5, 2014: 38.8, 2015: 39.9, 2016: 43.1, 2017: 37.9, 2018: 40.1, 2019: 31.1, 2020: 22.9, 2021: 25.5, 2022: 24.2, 2023: 17.5, 2024: 15.2",,46.9,harbourside (DT),Yes,-290337.435875919,6701608.05267219
1708,157,Stokes Croft  Ashley Road,2012,12,"2010: 64.9, 2011: 61.8, 2012: 55.9, 2013: 56, 2014: 51.4, 2015: 53.3, 2016: 52.8, 2017: 48.6, 2018: 45.4, 2019: 43.1, 2020: 35.7, 2021: 40.3, 2022: 35, 2023: 35.2, 2024: 33.7",,55.9,gloucester road showcase route (DT),Yes,-288303.158453479,6703836.78908709
1709,105,Victoria Park,2012,11,"2010: 26, 2011: 19.9, 2012: 20.4, 2013: 21.2, 2014: 17.2, 2015: 18.2, 2016: 20.8, 2017: 19.1",,20.4,Wards (DT),No,-288303.274890422,6699464.66471172
1710,20,Newfoundland Way,2012,11,"2010: 79, 2011: 73.2, 2012: 74.7, 2013: 64.3, 2014: 65.3, 2015: 58.7, 2016: 55.5, 2017: 61.2, 2018: 50.1, 2019: 42.4",,74.7,Roadside (DT),No,-287579.43244068,6703103.57954815
1711,18,Hillcrest,2012,12,"2010: 26.5, 2011: 20.3, 2012: 21.3, 2013: 22.3, 2014: 18.1, 2015: 17.8, 2016: 20.2, 2017: 18.4",,21.3,Roadside (DT),No,-285734.537313679,6697418.60705167
1712,5,Bedminster Parade,2012,12,"2010: 66.6, 2011: 57.2, 2012: 54.6, 2013: 58.7, 2014: 47.6, 2015: 50.9, 2016: 51.3, 2017: 45.8, 2018: 45.8, 2019: 39.9, 2020: 31.6, 2021: 41, 2022: 37.9, 2023: 33.5, 2024: 34.9",,54.6,Roadside (DT),Yes,-288906.606435902,6699999.33324423
1713,6,Church Road,2012,12,"2010: 40.9, 2011: 35.2, 2012: 33.6, 2013: 33.5, 2014: 30.5, 2015: 31.3, 2016: 33.7, 2017: 32.3",,33.6,Roadside (DT),No,-284862.629972362,6702776.2252846
1714,4,Three Lamps,2012,12,"2010: 62.3, 2011: 59.8, 2012: 58.4, 2013: 60.6, 2014: 55.8, 2015: 53.3, 2016: 55.2, 2017: 52.7, 2018: 53.5, 2019: 41, 2020: 36.8, 2021: 38.9, 2022: 38.4, 2023: 29.3, 2024: 30.7",,58.4,Roadside (DT),Yes,-287018.565739922,6700248.9656145
1715,10,Bath Road,2012,12,"2010: 68.2, 2011: 62.3, 2012: 58.4, 2013: 61.5, 2014: 50.1, 2015: 49.3, 2016: 54.5, 2017: 51.6, 2018: 51.5, 2019: 42.2, 2020: 33.6, 2021: 36.8, 2022: 35.9, 2023: 30.7, 2024: 30.3",,58.4,Roadside (DT),Yes,-284908.842563162,6699589.32161916
1716,406,Whitehall Rd lamppost 17 nr juction with Chalks Rd,2012,12,"2010: 48.1, 2011: 37.5, 2012: 36.5, 2013: 36.5, 2014: 34.9, 2015: 35.4, 2016: 36.2, 2017: 38.9, 2018: 38.5, 2019: 31, 2020: 26.6, 2021: 29.3, 2022: 29.6, 2023: 24.2, 2024: 23.2",,36.5,Post DA Facades,Yes,-284362.720936092,6703411.38989974
1717,3,Blackboy Hill,2012,11,"2010: 46, 2011: 36.6, 2012: 37.7, 2013: 41.2, 2014: 36.3, 2015: 37.9, 2016: 37.6, 2017: 34.4, 2018: 34.4, 2019: 27.7, 2020: 28.7, 2021: 44.4, 2022: 38.8, 2023: 47.7, 2024: 29",,37.7,Roadside (DT),Yes,-290988.19933068,6704714.42467723
1718,14,Red Lion Knowle,2012,12,"2010: 47.9, 2011: 44.1, 2012: 43.2, 2013: 42.2, 2014: 40.4, 2015: 40.1, 2016: 42.3, 2017: 41.1, 2018: 47.6, 2019: 38.7, 2020: 32.4, 2021: 32.7, 2022: 30.3, 2023: 27, 2024: 25.8",,43.2,Roadside (DT),Yes,-285439.186904326,6697740.37180987
1719,17,Anglesea Place,2012,12,"2010: 40.3, 2011: 21, 2012: 21.3, 2013: 25, 2014: 21.2, 2015: 20, 2016: 21.9, 2017: 19.7",,21.3,Roadside (DT),No,-291267.721488841,6704602.80656711
1720,175,top of Brislington Hill,2012,10,"2010: 57.9, 2011: 56.3, 2012: 54.7, 2013: 55.3, 2014: 51.7, 2015: 52.9, 2016: 56.5, 2017: 54, 2018: 54.9, 2019: 44.6, 2020: 36.4, 2021: 41.4, 2022: 38.7, 2023: 30.4, 2024: 30.3",,54.7,bath road showcase route (DT),Yes,-283408.629887594,6698149.144355
1721,16,Third Way,2012,12,"2010: 35.1, 2011: 35.8, 2012: 36.4, 2013: 33.3, 2014: 34.6, 2015: 35.9, 2016: 35.7, 2017: 35.2, 2018: 32.6, 2019: 28.7, 2020: 23.2, 2021: 24.9, 2022: 25.8, 2023: 21.5, 2024: 21.5",,36.4,Roadside (DT),No,-299319.725243601,6711147.03571026
1722,23,Old Market,2012,32,"2010: 56.3, 2011: 52.3, 2012: 47.9, 2013: 50.6, 2014: 44.2, 2015: 45.3, 2016: 47.2, 2017: 46.7",,47.9,Roadside (DT),No,-287592.734480822,6702358.09069367
1723,154,Hotwells Road,2012,12,"2010: 54.7, 2011: 40.9, 2012: 40.3, 2013: 44.3, 2014: 38.5, 2015: 37.2, 2016: 39.6, 2017: 38.5, 2018: 36.2, 2019: 30, 2020: 22.1, 2021: 25.4, 2022: 26.1, 2023: 17.8, 2024: 17.5",,40.3,harbourside (DT),Yes,-290714.010739251,6701235.48836649
1724,300,Facade Haart Estate Agents 755 Fishponds Road Fishponds,2012,12,"2010: 47, 2011: 52.8, 2012: 49.9, 2013: 48.5, 2014: 42.4, 2015: 45.9, 2016: 48.1, 2017: 45.9, 2018: 41.1, 2019: 35.1, 2020: 28.9, 2021: 28.7, 2022: 27.5, 2023: 21.2, 2024: 26.4",,49.9,Post Stage Four,Yes,-281520.287175529,6706769.98297697
1725,373,123 Newfoundland Street façade,2012,12,"2010: 53, 2011: 47.9, 2012: 44.9, 2013: 45.2, 2014: 41.6, 2015: 38.3, 2016: 39.5, 2017: 38.5, 2018: 35.7, 2019: 31.2, 2020: 23.9, 2021: 27.9, 2022: 27.4, 2023: 22.3, 2024: 21.5",,44.9,BROADMEAD,Yes,-287292.865269621,6703337.20318085
1726,398,Avonmouth Rd No 31 on facia,2012,12,"2010: 40.1, 2011: 34.9, 2012: 31.8, 2013: 34, 2014: 31.9, 2015: 30.1, 2016: 31.8, 2017: 31.2",,31.8,Post DA Facades,No,-298961.49662735,6709542.48396699
1727,407,lamppost sussex place,2012,12,"2010: 53.9, 2011: 56.5, 2012: 47.3, 2013: 47.1, 2014: 43.9, 2015: 43.1, 2016: 48.7, 2017: 44.6, 2018: 46.7, 2019: 37.3, 2020: 26.7, 2021: 30.2, 2022: 29.5, 2023: 24.8",,47.3,Post DA Facades,No,-287169.041541866,6704295.74454928
1728,448,Economy Cars,2012,31,"2010: 40.6, 2011: 39.9, 2012: 37.6, 2013: 38.6",,37.6,QAQC,No,-286244.19575046,6699949.93652804
1729,473,B&G Snax West St,2012,12,"2010: 49.2, 2011: 43.1, 2012: 44.6, 2013: 43.5, 2014: 40.7, 2015: 49.6, 2016: 57.1, 2017: 40.1, 2018: 44, 2019: 42.4, 2020: 40, 2021: 28.4, 2022: 28.4, 2023: 26.1, 2024: 25.7",,44.6,USA 2009,Yes,-289888.728777705,6699059.90410014
1730,484,Avonmouth Road - School Sign Opposite Hse No 16,2012,10,"2012: 40.2, 2013: 37.2",,40.2,Avonmouth Road,No,-298769.803402782,6709449.42451173
1731,482,Avonmouth Road - Lampost (20) Opposite Number Hse No 45,2012,12,"2012: 35.8, 2013: 36.7, 2014: 35.8, 2015: 35.1, 2016: 36.4, 2017: 33.9",,35.8,Avonmouth Road,No,-299044.204309352,6709641.38886502
1732,472,Jamiesons Autos,2012,12,"2010: 52.4, 2011: 47.4, 2012: 46.5, 2013: 48.2, 2014: 45.2, 2015: 40, 2016: 45.3, 2017: 41.6, 2018: 37.3, 2019: 33.7, 2020: 26.2, 2021: 28.7, 2022: 29, 2023: 25.8, 2024: 25.7",,46.5,USA 2009,Yes,-289697.065688815,6699318.40485888
1733,470,Victoria Park Primary,2012,11,"2010: 43.3, 2011: 39.4, 2012: 39.6, 2013: 37.8, 2014: 35, 2015: 38.7, 2016: 39.4, 2017: 35.9, 2018: 37.9, 2019: 29.4, 2020: 25.1, 2021: 26.8, 2022: 28.3, 2023: 24.2, 2024: 21.7",,39.6,USA 2009,Yes,-288112.730275877,6698870.47455211
1734,464,Fishponds Road,2012,36,"2010: 42.2, 2011: 39.2, 2012: 38, 2013: 35.7, 2014: 36, 2015: 34.9, 2016: 36.9, 2017: 36.8, 2018: 34.4, 2019: 29.7, 2020: 24.2, 2021: 23.7, 2022: 24, 2023: 20.8, 2024: 20.8",,38,QAQC,Yes,-282218.963762018,6706297.20472537
1735,441,Avon Probation Service,2012,36,"2010: 58.7, 2011: 57.8, 2012: 55, 2013: 56.1, 2014: 50.2, 2015: 45.8, 2016: 45.1",,55,QAQC,No,-287455.135573451,6703189.71654543
1736,12,Galleries,2012,12,"2010: 58.2, 2011: 55.2, 2012: 50.8, 2013: 56.7, 2014: 51.3, 2015: 52.5, 2016: 52.8, 2017: 56.6, 2018: 57.5, 2019: 51.8, 2020: 41.9, 2021: 46.5, 2022: 50.2, 2023: 60.2, 2024: 35.3",,50.8,Roadside (DT),Yes,-288254.965440197,6702425.05893974
1737,21,Gloucester Road,2012,12,"2010: 50.1, 2011: 44.5, 2012: 43.1, 2013: 52, 2014: 50.4, 2015: 51.6, 2016: 50.2, 2017: 49.3, 2018: 46.4, 2019: 38.3, 2020: 33.4, 2021: 34.9, 2022: 34, 2023: 30.9, 2024: 33",,43.1,Roadside (DT),Yes,-288453.491473036,6705789.48523368
1738,125,York Road,2012,12,"2010: 72.8, 2011: 66.5, 2012: 63, 2013: 59.6, 2014: 53.3, 2015: 52.9, 2016: 52.9, 2017: 56, 2018: 50.3, 2019: 45.2, 2020: 35.6, 2021: 35.8, 2022: 33.6, 2023: 24.3, 2024: 19.7",,63,redcliffe way templegate (DT),Yes,-288122.962480237,6700347.74496852
1739,147,Anchor Road,2012,12,"2010: 65.6, 2011: 66.4, 2012: 60.6, 2013: 60.2, 2014: 57, 2015: 60.1, 2016: 56.9, 2017: 61.5, 2018: 56.6, 2019: 50.9, 2020: 39.4, 2021: 43.3, 2022: 45.5, 2023: 39.5, 2024: 36.3",,60.6,harbourside (DT),Yes,-289254.257300207,6701581.66334233
1740,483,Avonmouth Road - Lampost (19) Opposite Hse No 37,2012,12,"2012: 38.5, 2013: 36.5, 2014: 37.2, 2015: 37.1, 2016: 38.1, 2017: 36.3",,38.5,Avonmouth Road,No,-298989.311077002,6709601.71027226
1741,297,Facade   383 Church Road Redfield,2012,11,"2010: 39.1, 2011: 36.7, 2012: 33.6, 2013: 34.9, 2014: 34.9",,33.6,Post Stage Four,No,-283168.484313521,6703131.19453382
1742,307,Lamppost     Glenfrome Road \ Muller Road Horfield,2012,12,"2010: 46.6, 2011: 41.5, 2012: 39.5, 2013: 39.8, 2014: 38.4, 2015: 36.6, 2016: 37.4, 2017: 32.6, 2018: 37.3, 2019: 30.7, 2020: 24.6, 2021: 27.5, 2022: 26.8, 2023: 24.5, 2024: 21.6",,39.5,Post Stage Four,Yes,-285709.878701319,6705846.59411472
1743,396,Avonmouth Rd No 28 on facia,2012,12,"2010: 40.4, 2011: 36.3, 2012: 34.7, 2013: 31.9, 2014: 30.7, 2015: 32, 2016: 32.8, 2017: 32.7",,34.7,Post DA Facades,No,-298813.605486695,6709503.67765245
1744,438,A37 Junction w/ Airport Road,2012,34,"2010: 48, 2011: 47.7, 2012: 43.4, 2013: 43.5, 2014: 44, 2015: 43.1, 2016: 43.4, 2017: 43.2, 2018: 36.6, 2019: 31.8, 2020: 27.1, 2021: 29, 2022: 29.4, 2023: 25, 2024: 23.2",,43.4,QAQC,Yes,-285394.401951542,6697329.73212812
1745,455,St. Pauls Day Nursery,2012,33,"2010: 34.8, 2011: 30, 2012: 29.5, 2013: 30.1, 2014: 27.3, 2015: 26.5, 2016: 27.9, 2017: 26, 2018: 24.4, 2019: 20.8, 2020: 15.9, 2021: 16.4, 2022: 16.7, 2023: 14.3, 2024: 13.8",,29.5,QAQC,Yes,-287711.369865179,6703574.84926661
1746,474,Martial Arts West Street,2012,12,"2010: 45.1, 2011: 39.7, 2012: 37.9, 2013: 39.1, 2014: 35.8, 2015: 38.5, 2016: 38.7, 2017: 35.8, 2018: 31.9, 2019: 29.1, 2020: 22.9",,37.9,USA 2009,No,-290069.368921615,6698825.58328779
1747,439,Parson Street School,2012,38,"2010: 41.9, 2011: 40.9, 2012: 40.9, 2013: 44.7, 2014: 42, 2015: 41, 2016: 43.6, 2017: 37.7, 2018: 37.7, 2019: 31.7, 2020: 25.4, 2021: 28.6, 2022: 27.2, 2023: 24, 2024: 22.4",,40.9,QAQC,Yes,-289982.448521423,6698188.87869929
1748,305,Lamppost     Sarah Street Redfield,2011,12,"2010: 43.8, 2011: 37.3, 2012: 36, 2013: 37.1, 2014: 34.2, 2015: 33.3, 2016: 35, 2017: 32.9",,37.3,Post Stage Four,No,-285823.421858351,6702704.55720837
1749,380,Orange Street Façade,2011,11,"2010: 37.6, 2011: 37.7",,37.7,BROADMEAD,No,-287578.340864538,6703167.84855302
1750,396,Avonmouth Rd No 28 on facia,2011,12,"2010: 40.4, 2011: 36.3, 2012: 34.7, 2013: 31.9, 2014: 30.7, 2015: 32, 2016: 32.8, 2017: 32.7",,36.3,Post DA Facades,No,-298813.605486695,6709503.67765245
1751,425,Ashley Rd P sign outside International Market (nr Dalrymple Rd),2011,12,"2010: 43.3, 2011: 42.2, 2012: 41.4, 2013: 38.9, 2014: 43.7",,42.2,Post DA Facades,No,-287985.21592089,6703955.03046855
1752,455,St. Pauls Day Nursery,2011,36,"2010: 34.8, 2011: 30, 2012: 29.5, 2013: 30.1, 2014: 27.3, 2015: 26.5, 2016: 27.9, 2017: 26, 2018: 24.4, 2019: 20.8, 2020: 15.9, 2021: 16.4, 2022: 16.7, 2023: 14.3, 2024: 13.8",,30,QAQC,Yes,-287711.369865179,6703574.84926661
1753,464,Fishponds Road,2011,36,"2010: 42.2, 2011: 39.2, 2012: 38, 2013: 35.7, 2014: 36, 2015: 34.9, 2016: 36.9, 2017: 36.8, 2018: 34.4, 2019: 29.7, 2020: 24.2, 2021: 23.7, 2022: 24, 2023: 20.8, 2024: 20.8",,39.2,QAQC,Yes,-282218.963762018,6706297.20472537
1754,427,Fishponds Rd lamppost 37 outside PO (just before Oakdene Ave),2011,11,"2010: 53.4, 2011: 48",,48,Post DA Facades,No,-283710.061094783,6705489.04305856
1755,466,Savanna coffee drainpipe,2011,12,"2010: 41.1, 2011: 39.7, 2012: 39.6, 2013: 41.1, 2014: 38, 2015: 34, 2016: 35.8, 2017: 33.4, 2018: 33.2, 2019: 27.4, 2020: 20.8",,39.7,USA 2009,No,-290918.706654091,6699851.00397371
1756,467,Strada Exeter Road,2011,12,"2010: 40.7, 2011: 33.4, 2012: 35.1, 2013: 34.8, 2014: 33, 2015: 31.6, 2016: 33.7, 2017: 30.7",,33.4,USA 2009,No,-290754.210004917,6699715.88601269
1757,473,B&G Snax West St,2011,12,"2010: 49.2, 2011: 43.1, 2012: 44.6, 2013: 43.5, 2014: 40.7, 2015: 49.6, 2016: 57.1, 2017: 40.1, 2018: 44, 2019: 42.4, 2020: 40, 2021: 28.4, 2022: 28.4, 2023: 26.1, 2024: 25.7",,43.1,USA 2009,Yes,-289888.728777705,6699059.90410014
1758,17,Anglesea Place,2011,10,"2010: 40.3, 2011: 21, 2012: 21.3, 2013: 25, 2014: 21.2, 2015: 20, 2016: 21.9, 2017: 19.7",,21,Roadside (DT),No,-291267.721488841,6704602.80656711
1759,23,Old Market,2011,36,"2010: 56.3, 2011: 52.3, 2012: 47.9, 2013: 50.6, 2014: 44.2, 2015: 45.3, 2016: 47.2, 2017: 46.7",,52.3,Roadside (DT),No,-287592.734480822,6702358.09069367
1760,254,Merchants Road Hotwells,2011,12,"2010: 47.1, 2011: 55.6, 2012: 55.3, 2013: 53.2, 2014: 51.5, 2015: 54.4, 2016: 51.8, 2017: 52.2, 2018: 49.4, 2019: 40.5, 2020: 31.1, 2021: 34.6, 2022: 33, 2023: 24.7, 2024: 23.9",,55.6,Roadside Stage 4 (DT),Yes,-291486.964634959,6701142.24890875
1761,429,facade villiers road stapleton road junction,2011,12,"2010: 60.3, 2011: 57.8, 2012: 57.3, 2013: 60.6, 2014: 54.7, 2015: 50.4, 2016: 52.1, 2017: 47.8, 2018: 46.8, 2019: 41.2, 2020: 38.8, 2021: 36.4, 2022: 35.5, 2023: 38, 2024: 35.3",,57.8,Post DA Facades,Yes,-286116.033413056,6703865.40916925
1762,426,City Rd/Ashley Rd lamppost No 16,2011,11,"2010: 40.7, 2011: 40, 2012: 39.5, 2013: 38, 2014: 34, 2015: 32.5, 2016: 34.2, 2017: 33.5",,40,Post DA Facades,No,-287666.22851714,6703943.12855516
1763,419,Parson St lamppost outside Bristol Scuba,2011,12,"2010: 63.2, 2011: 54.7, 2012: 54.1, 2013: 53.6, 2014: 56.6, 2015: 53.6, 2016: 55.8, 2017: 51.3, 2018: 45, 2019: 39, 2020: 31.4, 2021: 34.3, 2022: 33.6, 2023: 29.4, 2024: 28.5",,54.7,Post DA Facades,Yes,-290320.090688617,6698353.05372706
1764,413,Wells Rd bus lane sign just below junction with Knowle Rd,2011,11,"2010: 52.2, 2011: 47.1, 2012: 41.4, 2013: 43.7, 2014: 38.4, 2015: 39.3, 2016: 40, 2017: 38.7, 2018: 37.6, 2019: 31.2, 2020: 25.5, 2021: 27.4, 2022: 27.2, 2023: 23.5, 2024: 22.5",,47.1,Post DA Facades,Yes,-286790.024426925,6699701.55784787
1765,320,Monitor     Bath Road Brislington,2011,36,"2010: 34.3, 2011: 33.1, 2012: 31.5, 2013: 31.1, 2014: 30.9, 2015: 31.3, 2016: 31.1, 2017: 30.7, 2018: 27.9, 2019: 23.5, 2020: 19.3, 2021: 20.8, 2022: 20.6, 2023: 17.7, 2024: 17",,33.1,QAQC,Yes,-284969.788762769,6699810.45977789
1766,312,Lamppost     Ashley Hill St. Pauls,2011,12,"2010: 46.8, 2011: 46.4, 2012: 43.7, 2013: 44.5, 2014: 36.7, 2015: 36.8, 2016: 41.6, 2017: 38.5, 2018: 38.5, 2019: 32.8, 2020: 26.2, 2021: 29.5, 2022: 29.8, 2023: 24.8, 2024: 23.5",,46.4,Post Stage Four,Yes,-287167.355516468,6704691.02392647
1767,297,Facade   383 Church Road Redfield,2011,10,"2010: 39.1, 2011: 36.7, 2012: 33.6, 2013: 34.9, 2014: 34.9",,36.7,Post Stage Four,No,-283168.484313521,6703131.19453382
1768,263,Gatton Road,2011,12,"2010: 43.1, 2011: 38.5, 2012: 35.7, 2013: 35, 2014: 33.9, 2015: 33.6, 2016: 33.6, 2017: 33.5",,38.5,Roadside Stage 4 (DT),No,-286346.675872253,6704467.7269175
1769,16,Third Way,2011,12,"2010: 35.1, 2011: 35.8, 2012: 36.4, 2013: 33.3, 2014: 34.6, 2015: 35.9, 2016: 35.7, 2017: 35.2, 2018: 32.6, 2019: 28.7, 2020: 23.2, 2021: 24.9, 2022: 25.8, 2023: 21.5, 2024: 21.5",,35.8,Roadside (DT),No,-299319.725243601,6711147.03571026
1770,13,Ferndown Close,2011,12,"2010: 31.1, 2011: 19.4, 2012: 18.1, 2013: 18.8, 2014: 16.3, 2015: 16.4, 2016: 18.5, 2017: 20.1",,19.4,Roadside (DT),No,-295764.424890332,6709235.86764723
1771,6,Church Road,2011,12,"2010: 40.9, 2011: 35.2, 2012: 33.6, 2013: 33.5, 2014: 30.5, 2015: 31.3, 2016: 33.7, 2017: 32.3",,35.2,Roadside (DT),No,-284862.629972362,6702776.2252846
1772,314,Lamppost     Whiteladies Road \ Cotham Hill Clifton,2011,12,"2010: 51.1, 2011: 44.1, 2012: 40.4, 2013: 44.4, 2014: 43, 2015: 43.9, 2016: 41.5, 2017: 38.3, 2018: 37.7, 2019: 31.3",,44.1,Post Stage Four,No,-290494.80521666,6703775.41034363
1773,318,Monitor     Rupert Street City Centre,2011,34,"2010: 102.6, 2011: 95.2, 2012: 90.6, 2013: 88.8, 2014: 88.8, 2015: 91.2, 2016: 82.8",,95.2,QAQC,No,-289014.631401276,6702256.65047887
1774,321,Monitor     Trailer Portway Park and Ride,2011,12,"2010: 28.9, 2011: 24, 2012: 24.6, 2013: 24.6, 2014: 25.1",,24,QAQC,No,-299313.461144271,6708429.88602366
1775,325,Facade   258 Fishponds Road Fishponds,2011,12,"2010: 51.8, 2011: 53, 2012: 49.8, 2013: 45.8, 2014: 49.7, 2015: 50.8, 2016: 50.5, 2017: 49.2, 2018: 48.1, 2019: 39.4, 2020: 34.1, 2021: 37.3, 2022: 32.6, 2023: 29.4, 2024: 27.6",,53,Post Stage Four,Yes,-284232.620635064,6705496.34843142
1776,365,Unite façade,2011,11,"2010: 45.4, 2011: 40.3, 2012: 37.4, 2013: 37.7, 2014: 35.5, 2015: 36.5, 2016: 37.9, 2017: 37.6",,40.3,BROADMEAD,No,-287650.058854113,6702515.05678852
1777,367,River Street facade 1,2011,12,"2010: 36.4, 2011: 35.7",,35.7,BROADMEAD,No,-287423.22633034,6702802.80927558
1778,370,Great George Street lamppost,2011,11,"2010: 49.2, 2011: 43.7, 2012: 39.5, 2013: 39.4, 2014: 36.9, 2015: 37.7, 2016: 38.4, 2017: 37.5, 2018: 36.6, 2019: 30.1, 2021: 25, 2022: 31, 2023: 25.3, 2024: 21.2",,43.7,BROADMEAD,Yes,-287244.687317758,6702918.28830893
1779,405,Whitehall Rd/Easton Rd lamppost 4TZ,2011,11,"2010: 57.8, 2011: 58, 2012: 53.1, 2013: 55, 2014: 51.1, 2015: 53.1, 2016: 42.6, 2017: 50.4, 2018: 56.2, 2019: 48.5, 2020: 38.7, 2021: 40.4, 2022: 38, 2023: 33.5, 2024: 33.6",,58,Post DA Facades,Yes,-285203.139777754,6703303.7524392
1780,160,Zetland Road junction,2011,12,"2010: 51.8, 2011: 51.1",,51.1,gloucester road showcase route (DT),No,-288728.734959763,6704941.99939285
1781,410,facade cotham girls school cheltenham rd,2011,12,"2010: 48.2, 2011: 40.8",,40.8,Post DA Facades,No,-288476.388644335,6704453.96926756
1782,420,North St/Dean Lane on roundabout sign,2011,12,"2010: 43.8, 2011: 39.6, 2012: 38.1, 2013: 38.9, 2014: 37.2, 2015: 36.7, 2016: 38.6, 2017: 33.3, 2018: 37.1, 2019: 30.4, 2020: 23.2, 2021: 25.6, 2022: 28.8, 2023: 23.7, 2024: 22.3",,39.6,Post DA Facades,Yes,-289619.048853516,6699765.46194782
1783,475,18 Morton Street,2011,12,"2010: 35.9, 2011: 34.1",,34.1,USA 2009,No,-285465.318552893,6702599.70306723
1784,474,Martial Arts West Street,2011,12,"2010: 45.1, 2011: 39.7, 2012: 37.9, 2013: 39.1, 2014: 35.8, 2015: 38.5, 2016: 38.7, 2017: 35.8, 2018: 31.9, 2019: 29.1, 2020: 22.9",,39.7,USA 2009,No,-290069.368921615,6698825.58328779
1785,472,Jamiesons Autos,2011,12,"2010: 52.4, 2011: 47.4, 2012: 46.5, 2013: 48.2, 2014: 45.2, 2015: 40, 2016: 45.3, 2017: 41.6, 2018: 37.3, 2019: 33.7, 2020: 26.2, 2021: 28.7, 2022: 29, 2023: 25.8, 2024: 25.7",,47.4,USA 2009,Yes,-289697.065688815,6699318.40485888
1786,469,Lamppost corner park avenue,2011,12,"2010: 46.2, 2011: 40.4, 2012: 39.4, 2013: 38.5, 2014: 35.8, 2015: 35.3, 2016: 39.2, 2017: 34.6, 2018: 36.2, 2019: 27.4, 2020: 23.4",,40.4,USA 2009,No,-287688.258760981,6699061.74717359
1787,462,Millpond School play area,2011,11,"2010: 35.8, 2011: 32.6, 2012: 31.7, 2013: 32.9, 2014: 29.2, 2015: 30.4, 2016: 30.8, 2017: 34.6",,32.6,Millpond School,No,-286278.220554745,6704320.44194323
1788,461,Millpond School Fence,2011,11,"2010: 40.2, 2011: 35.9, 2012: 35.5, 2013: 37.2, 2014: 34.1, 2015: 33.2, 2016: 37, 2017: 30.4, 2018: 33.9, 2019: 26",,35.9,Millpond School,No,-286284.930702286,6704358.95120715
1789,460,Cheltenham Road \ Station Road,2011,36,"2010: 39.1, 2011: 38, 2012: 26.6",,38,QAQC,No,-288620.733959964,6704666.50138393
1790,436,Shiners Garage,2011,36,"2010: 44.7, 2011: 40.9, 2012: 39.6, 2013: 40.1, 2014: 38.2, 2015: 37.9, 2016: 47.7, 2017: 45.8, 2018: 50.6, 2019: 42, 2020: 29.2, 2021: 31.2, 2022: 30.6, 2023: 24.4, 2024: 26.2",,40.9,Roadside,Yes,-285259.212047081,6702675.18810556
1791,416,Wells Rd - Knowle shopping centre lamppost 41 (outside Miss Millies),2011,12,"2010: 56.2, 2011: 50.2",,50.2,Post DA Facades,No,-285549.03435514,6698073.46353651
1792,397,facade avonmouth road underpass - house to SE,2011,12,"2010: 38.4, 2011: 35.9, 2012: 34, 2013: 34.4, 2014: 28.5, 2015: 33, 2016: 33.8, 2017: 33.4",,35.9,Post DA Facades,No,-298837.117054549,6709445.57805865
1793,373,123 Newfoundland Street façade,2011,12,"2010: 53, 2011: 47.9, 2012: 44.9, 2013: 45.2, 2014: 41.6, 2015: 38.3, 2016: 39.5, 2017: 38.5, 2018: 35.7, 2019: 31.2, 2020: 23.9, 2021: 27.9, 2022: 27.4, 2023: 22.3, 2024: 21.5",,47.9,BROADMEAD,Yes,-287292.865269621,6703337.20318085
1794,311,Give Way sign  Chesterfield Rd \ Ashley Down Road St. Andrews,2011,11,"2010: 49.2, 2011: 45.3, 2012: 46.7, 2013: 49.5, 2014: 43.3, 2015: 44, 2016: 46.2, 2017: 46.4",,45.3,Post Stage Four,No,-287421.363948839,6705397.63750124
1795,267,Pritchard Street,2011,12,"2010: 39, 2011: 40.9",,40.9,Roadside Stage 4 (DT),No,-287798.409579239,6703035.96102279
1796,15,Horsefair,2011,12,"2010: 54.7, 2011: 50.9, 2012: 49.5, 2013: 53.6, 2014: 48.6, 2015: 50.8, 2016: 51.2, 2017: 49.4, 2018: 47.5, 2019: 42.2, 2020: 28.2, 2021: 31.5, 2022: 31.3, 2023: 26.4, 2024: 25.9",,50.9,Roadside (DT),Yes,-288014.971267504,6702867.14929257
1797,12,Galleries,2011,11,"2010: 58.2, 2011: 55.2, 2012: 50.8, 2013: 56.7, 2014: 51.3, 2015: 52.5, 2016: 52.8, 2017: 56.6, 2018: 57.5, 2019: 51.8, 2020: 41.9, 2021: 46.5, 2022: 50.2, 2023: 60.2, 2024: 35.3",,55.2,Roadside (DT),Yes,-288254.965440197,6702425.05893974
1798,11,Whitefriars,2011,12,"2010: 60.8, 2011: 56.1, 2012: 53.2, 2013: 56.3, 2014: 48.8, 2015: 51.4, 2016: 51.7, 2017: 49.2, 2018: 48.1, 2019: 41.1, 2020: 31.1, 2021: 35, 2022: 35.3, 2023: 29.6, 2024: 29.4",,56.1,Roadside (DT),Yes,-288783.750004099,6702631.21072234
1799,4,Three Lamps,2011,12,"2010: 62.3, 2011: 59.8, 2012: 58.4, 2013: 60.6, 2014: 55.8, 2015: 53.3, 2016: 55.2, 2017: 52.7, 2018: 53.5, 2019: 41, 2020: 36.8, 2021: 38.9, 2022: 38.4, 2023: 29.3, 2024: 30.7",,59.8,Roadside (DT),Yes,-287018.565739922,6700248.9656145
1800,424,facade BRI main building,2011,9,"2010: 47.8, 2011: 48",,48,Post DA Facades,No,-288955.685485169,6702890.05235597
1801,9,B.R.I.,2011,12,"2010: 65.4, 2011: 58, 2012: 52, 2013: 54, 2014: 49.3, 2015: 48, 2016: 48.8, 2017: 46.5, 2018: 44.7, 2019: 37.8, 2020: 31.7, 2021: 39.3, 2022: 36, 2023: 27.8",,58,Roadside (DT),No,-288920.3727828,6702882.30805318
1802,14,Red Lion Knowle,2011,12,"2010: 47.9, 2011: 44.1, 2012: 43.2, 2013: 42.2, 2014: 40.4, 2015: 40.1, 2016: 42.3, 2017: 41.1, 2018: 47.6, 2019: 38.7, 2020: 32.4, 2021: 32.7, 2022: 30.3, 2023: 27, 2024: 25.8",,44.1,Roadside (DT),Yes,-285439.186904326,6697740.37180987
1803,18,Hillcrest,2011,12,"2010: 26.5, 2011: 20.3, 2012: 21.3, 2013: 22.3, 2014: 18.1, 2015: 17.8, 2016: 20.2, 2017: 18.4",,20.3,Roadside (DT),No,-285734.537313679,6697418.60705167
1804,477,rear 32 st marks grove,2011,8,"2010: 37.1, 2011: 34.1",,34.1,USA 2009,No,-285713.225431454,6704411.61017587
1805,441,Avon Probation Service,2011,36,"2010: 58.7, 2011: 57.8, 2012: 55, 2013: 56.1, 2014: 50.2, 2015: 45.8, 2016: 45.1",,57.8,QAQC,No,-287455.135573451,6703189.71654543
1806,439,Parson Street School,2011,36,"2010: 41.9, 2011: 40.9, 2012: 40.9, 2013: 44.7, 2014: 42, 2015: 41, 2016: 43.6, 2017: 37.7, 2018: 37.7, 2019: 31.7, 2020: 25.4, 2021: 28.6, 2022: 27.2, 2023: 24, 2024: 22.4",,40.9,QAQC,Yes,-289982.448521423,6698188.87869929
1807,438,A37 Junction w/ Airport Road,2011,36,"2010: 48, 2011: 47.7, 2012: 43.4, 2013: 43.5, 2014: 44, 2015: 43.1, 2016: 43.4, 2017: 43.2, 2018: 36.6, 2019: 31.8, 2020: 27.1, 2021: 29, 2022: 29.4, 2023: 25, 2024: 23.2",,47.7,QAQC,Yes,-285394.401951542,6697329.73212812
1808,406,Whitehall Rd lamppost 17 nr juction with Chalks Rd,2011,11,"2010: 48.1, 2011: 37.5, 2012: 36.5, 2013: 36.5, 2014: 34.9, 2015: 35.4, 2016: 36.2, 2017: 38.9, 2018: 38.5, 2019: 31, 2020: 26.6, 2021: 29.3, 2022: 29.6, 2023: 24.2, 2024: 23.2",,37.5,Post DA Facades,Yes,-284362.720936092,6703411.38989974
1809,371,Lamb Street façade,2011,12,"2010: 57.9, 2011: 47.5, 2012: 47.5, 2013: 46.9, 2014: 42.8, 2015: 44.8, 2016: 42.7, 2017: 44.7, 2018: 42.2, 2019: 34.1, 2020: 25.8, 2021: 29.4, 2022: 29, 2023: 25.5",,47.5,BROADMEAD,No,-287182.028571119,6702693.88408449
1810,366,Broad Weir post development,2011,12,"2010: 53.4, 2011: 49.3",,49.3,BROADMEAD,No,-287874.428541147,6702522.89775129
1811,364,St. Matthias House façade,2011,12,"2010: 40.6, 2011: 35.9",,35.9,BROADMEAD,No,-287638.302536464,6702648.48190123
1812,479,cycle sign lamppost,2011,12,"2010: 34.8, 2011: 32.6, 2012: 33.4, 2013: 33, 2014: 32.2, 2015: 31.5, 2016: 30.3, 2017: 30.1",,32.6,Callington Road,No,-283775.919971872,6698013.1334356
1813,448,Economy Cars,2011,35,"2010: 40.6, 2011: 39.9, 2012: 37.6, 2013: 38.6",,39.9,QAQC,No,-286244.19575046,6699949.93652804
1814,423,facade BRI children's,2011,12,"2010: 53, 2011: 53.2, 2012: 50.9, 2013: 46.3, 2014: 41.8, 2015: 44.4, 2016: 43.5, 2017: 45, 2018: 42.3, 2019: 35.2, 2020: 27.3, 2021: 29.5, 2022: 29.1, 2023: 22.2, 2024: 20.9",,53.2,Post DA Facades,Yes,-289088.725742146,6702699.40590324
1815,418,Bedminster Down Rd lamppost between Ashton Motors & Plough PH,2011,12,"2010: 92.9, 2011: 90.5, 2012: 81.8, 2013: 74, 2014: 67.7, 2015: 63.7, 2016: 69.3, 2017: 58.4, 2018: 55.7, 2019: 51.1, 2020: 40.2, 2021: 45.9, 2022: 44.1, 2023: 32.8, 2024: 31.7",,90.5,Post DA Facades,Yes,-290471.62510202,6698281.14621008
1816,417,St John's Lane No 26 lamppost 15 (just past roundabout),2011,12,"2010: 51.3, 2011: 45.6, 2012: 44.1, 2013: 42.1, 2014: 40.8, 2015: 43.6, 2016: 43.4, 2017: 35.2, 2018: 36, 2019: 31, 2020: 26.3, 2021: 27.9, 2022: 27, 2023: 22.7, 2024: 20.9",,45.6,Post DA Facades,Yes,-287442.243890537,6699543.83315549
1817,398,Avonmouth Rd No 31 on facia,2011,12,"2010: 40.1, 2011: 34.9, 2012: 31.8, 2013: 34, 2014: 31.9, 2015: 30.1, 2016: 31.8, 2017: 31.2",,34.9,Post DA Facades,No,-298961.49662735,6709542.48396699
1818,374,St. Paul Street,2011,11,"2010: 56.2, 2011: 56.2, 2012: 46.8, 2013: 50.7, 2014: 51.8, 2015: 47.1, 2016: 47.2, 2017: 45.2, 2018: 47.8, 2019: 39.9, 2020: 29.9, 2021: 35, 2022: 33.7, 2023: 27.1, 2024: 25.1",,56.2,BROADMEAD,Yes,-287671.912995715,6703046.61290049
1819,242,Parson Street Bedminster Down Road,2011,12,"2010: 80.3, 2011: 75.5, 2012: 73.9, 2013: 75.1, 2014: 56.2, 2015: 61.7, 2016: 68.4, 2017: 56, 2018: 51.1, 2019: 41, 2020: 32.2, 2021: 34.5, 2022: 36.6, 2023: 29.8, 2024: 28",,75.5,Roadside Stage 4 (DT),Yes,-290831.882346175,6697891.20245718
1820,240,Parson St. A38 West,2011,12,"2010: 54.9, 2011: 47.3",,47.3,Roadside Stage 4 (DT),No,-290690.353035173,6698009.58917251
1821,238,Parson Street School,2011,12,"2010: 54.7, 2011: 52.4",,52.4,Roadside Stage 4 (DT),No,-290040.661884479,6698063.16511597
1822,154,Hotwells Road,2011,12,"2010: 54.7, 2011: 40.9, 2012: 40.3, 2013: 44.3, 2014: 38.5, 2015: 37.2, 2016: 39.6, 2017: 38.5, 2018: 36.2, 2019: 30, 2020: 22.1, 2021: 25.4, 2022: 26.1, 2023: 17.8, 2024: 17.5",,40.9,harbourside (DT),Yes,-290714.010739251,6701235.48836649
1823,99,Greville Smyth Park,2011,12,"2010: 32.7, 2011: 28.1, 2012: 30, 2013: 33.1, 2014: 27.2, 2015: 28.7, 2016: 31.6, 2017: 28.5",,28.1,Wards (DT),No,-291506.54674882,6699854.07592476
1824,3,Blackboy Hill,2011,11,"2010: 46, 2011: 36.6, 2012: 37.7, 2013: 41.2, 2014: 36.3, 2015: 37.9, 2016: 37.6, 2017: 34.4, 2018: 34.4, 2019: 27.7, 2020: 28.7, 2021: 44.4, 2022: 38.8, 2023: 47.7, 2024: 29",,36.6,Roadside (DT),Yes,-290988.19933068,6704714.42467723
1825,2,Colston Avenue,2011,12,"2010: 79.4, 2011: 78.8, 2012: 66.8, 2013: 68.7, 2014: 67.7, 2015: 69.2, 2016: 66.1, 2017: 63.1, 2018: 58.2, 2019: 53.7, 2020: 36.9, 2021: 40.1, 2022: 40.3, 2023: 39, 2024: 38.4",,78.8,Roadside (DT),Yes,-289075.818144399,6702097.12495681
1826,159,Cromwell Road,2011,11,"2010: 53.6, 2011: 48.9, 2012: 49.7, 2013: 49, 2014: 44.5, 2015: 44.1, 2016: 44.8, 2017: 42, 2018: 43.3, 2019: 35.8, 2020: 28.5, 2021: 31.9, 2022: 32.1, 2023: 28.9, 2024: 28.2",,48.9,gloucester road showcase route (DT),Yes,-288675.219320107,6704666.05891095
1827,19,Conham Vale,2011,12,"2010: 24.4, 2011: 21.5, 2012: 22, 2013: 27.2, 2014: 20.8, 2015: 19.7, 2016: 22.4, 2017: 21.3",,21.5,Roadside (DT),No,-282187.941736831,6700722.60876012
1828,20,Newfoundland Way,2011,48,"2010: 79, 2011: 73.2, 2012: 74.7, 2013: 64.3, 2014: 65.3, 2015: 58.7, 2016: 55.5, 2017: 61.2, 2018: 50.1, 2019: 42.4",,73.2,Roadside (DT),No,-287579.43244068,6703103.57954815
1829,21,Gloucester Road,2011,12,"2010: 50.1, 2011: 44.5, 2012: 43.1, 2013: 52, 2014: 50.4, 2015: 51.6, 2016: 50.2, 2017: 49.3, 2018: 46.4, 2019: 38.3, 2020: 33.4, 2021: 34.9, 2022: 34, 2023: 30.9, 2024: 33",,44.5,Roadside (DT),Yes,-288453.491473036,6705789.48523368
1830,81,Eastville Park,2011,11,"2010: 22.7, 2011: 19.2, 2012: 21, 2013: 18.2, 2014: 17.5, 2015: 17.9, 2016: 17, 2017: 18.8",,19.2,Wards (DT),No,-284251.786073126,6705912.41811108
1831,161,Bishop Road,2011,12,"2010: 52.9, 2011: 47.4, 2012: 41.6, 2013: 41.8, 2014: 41.3, 2015: 43.7, 2016: 41.7, 2017: 38.8, 2018: 38, 2019: 31.7, 2020: 25.3, 2021: 27.4, 2022: 26, 2023: 25.6, 2024: 26.5",,47.4,gloucester road showcase route (DT),Yes,-288271.484099739,6706477.18610887
1832,255,Joy Hill Hotwells,2011,12,"2010: 27.8, 2011: 40.2",,40.2,Roadside Stage 4 (DT),No,-291778.319076186,6701308.42083824
1833,295,Lamppost   16 Ashley Road St. Pauls,2011,12,"2010: 58.8, 2011: 60.7, 2012: 57.8, 2013: 57.2, 2014: 58.6, 2015: 63.3, 2016: 55.7, 2017: 65.1, 2018: 59.6, 2019: 48.1, 2020: 37.2, 2021: 44.5, 2022: 41, 2023: 34, 2024: 34.8",,60.7,Post Stage Four,Yes,-287033.740015952,6704208.4476767
1834,306,Lamppost     Cottrell Road \ Muller Road Horfield,2011,12,"2010: 51.6, 2011: 55.9",,55.9,Post Stage Four,No,-285178.974638735,6705799.27175951
1835,307,Lamppost     Glenfrome Road \ Muller Road Horfield,2011,12,"2010: 46.6, 2011: 41.5, 2012: 39.5, 2013: 39.8, 2014: 38.4, 2015: 36.6, 2016: 37.4, 2017: 32.6, 2018: 37.3, 2019: 30.7, 2020: 24.6, 2021: 27.5, 2022: 26.8, 2023: 24.5, 2024: 21.6",,41.5,Post Stage Four,Yes,-285709.878701319,6705846.59411472
1836,403,Lamp post 48 230 Bath Road,2011,12,"2010: 46.5, 2011: 43.9, 2012: 43.6, 2013: 46.6, 2014: 39.2, 2015: 41.5, 2016: 37.5, 2017: 35.7, 2018: 35.6, 2019: 28.1, 2020: 23.4, 2021: 25.5, 2022: 25.5, 2023: 20.2, 2024: 20.6",,43.9,Post DA Facades,Yes,-286047.399122808,6699977.1677698
1837,422,North St/Langton Park T junction,2011,12,"2010: 43.4, 2011: 41.2, 2012: 39.8, 2013: 39, 2014: 34.1, 2015: 35, 2016: 39.4, 2017: 36.5, 2018: 34.1, 2019: 27.4, 2020: 23.4",,41.2,Post DA Facades,No,-289793.129417391,6699704.60992124
1838,465,North Street School fence,2011,12,"2010: 34.6, 2011: 30.2",,30.2,USA 2009,No,-291088.09417658,6699995.71504348
1839,470,Victoria Park Primary,2011,12,"2010: 43.3, 2011: 39.4, 2012: 39.6, 2013: 37.8, 2014: 35, 2015: 38.7, 2016: 39.4, 2017: 35.9, 2018: 37.9, 2019: 29.4, 2020: 25.1, 2021: 26.8, 2022: 28.3, 2023: 24.2, 2024: 21.7",,39.4,USA 2009,Yes,-288112.730275877,6698870.47455211
1840,478,T shirt Shop W. Town Lane,2011,10,"2010: 42.9, 2011: 38.2, 2012: 36.4, 2013: 39.9, 2014: 35.8, 2015: 36.3, 2016: 36.7, 2017: 35.4, 2018: 36.5, 2019: 28.8, 2020: 23.5",,38.2,Callington Road,No,-283497.367453175,6698023.25032835
1841,300,Facade Haart Estate Agents 755 Fishponds Road Fishponds,2011,11,"2010: 47, 2011: 52.8, 2012: 49.9, 2013: 48.5, 2014: 42.4, 2015: 45.9, 2016: 48.1, 2017: 45.9, 2018: 41.1, 2019: 35.1, 2020: 28.9, 2021: 28.7, 2022: 27.5, 2023: 21.2, 2024: 26.4",,52.8,Post Stage Four,Yes,-281520.287175529,6706769.98297697
1842,468,façade of North Street near Myrtle Street,2011,12,"2010: 31.8, 2011: 28.5",,28.5,USA 2009,No,-290318.731287868,6699542.8816391
1843,407,lamppost sussex place,2011,11,"2010: 53.9, 2011: 56.5, 2012: 47.3, 2013: 47.1, 2014: 43.9, 2015: 43.1, 2016: 48.7, 2017: 44.6, 2018: 46.7, 2019: 37.3, 2020: 26.7, 2021: 30.2, 2022: 29.5, 2023: 24.8",,56.5,Post DA Facades,No,-287169.041541866,6704295.74454928
1844,368,River Street facade 2,2011,11,"2010: 43.1, 2011: 38.1",,38.1,BROADMEAD,No,-287320.02751949,6702922.50860316
1845,363,5102 façade,2011,10,"2010: 44.9, 2011: 47.4, 2012: 48, 2013: 44.3, 2014: 39.8, 2015: 39.2, 2016: 39.6, 2017: 38.5, 2018: 37.2, 2019: 34, 2020: 23.5, 2021: 26.8, 2022: 28, 2023: 23.8, 2024: 23.9",,47.4,BROADMEAD,Yes,-288367.49785816,6703069.93538865
1846,303,Facade   784 Muller Road Fishponds,2011,12,"2010: 55.4, 2011: 52.1, 2012: 48.5, 2013: 48.2, 2014: 43.5, 2015: 46.1, 2016: 46.2, 2017: 44, 2018: 43.8, 2019: 36.5, 2020: 29.2, 2021: 31.8, 2022: 31.2, 2023: 24.1, 2024: 23.3",,52.1,Post Stage Four,Yes,-284712.640975304,6705600.36391359
1847,261,Stapleton Road Heath Street,2011,11,"2010: 55.8, 2011: 48.2, 2012: 53, 2013: 55.8, 2014: 50.6, 2015: 51.3, 2016: 53.1, 2017: 52.4, 2018: 51, 2019: 41.5, 2020: 34.7, 2021: 39.1, 2022: 39.3, 2023: 32, 2024: 33",,48.2,Roadside Stage 4 (DT),Yes,-285135.992821959,6705418.74590538
1848,260,Stapleton Road South,2011,12,"2010: 52.9, 2011: 52.8, 2012: 45.8, 2013: 46.5, 2014: 46.3, 2015: 45.6, 2016: 45.4, 2017: 42.6, 2018: 43.1, 2019: 36.2, 2020: 29.5, 2021: 33.2, 2022: 31.6, 2023: 26.5, 2024: 26",,52.8,Roadside Stage 4 (DT),Yes,-285080.464366343,6705912.52183786
1849,175,top of Brislington Hill,2011,12,"2010: 57.9, 2011: 56.3, 2012: 54.7, 2013: 55.3, 2014: 51.7, 2015: 52.9, 2016: 56.5, 2017: 54, 2018: 54.9, 2019: 44.6, 2020: 36.4, 2021: 41.4, 2022: 38.7, 2023: 30.4, 2024: 30.3",,56.3,bath road showcase route (DT),Yes,-283408.629887594,6698149.144355
1850,156,Jacobs Wells road opp Clifton hill,2011,12,"2010: 56.1, 2011: 49.1, 2012: 45.8, 2013: 44.2, 2014: 38, 2015: 38.9, 2016: 41.2, 2017: 39.3, 2018: 36.2, 2019: 30.5, 2020: 20.7, 2021: 24.9, 2022: 25.9, 2023: 19.1, 2024: 17.7",,49.1,harbourside (DT),Yes,-290548.152178807,6702096.20398506
1851,147,Anchor Road,2011,11,"2010: 65.6, 2011: 66.4, 2012: 60.6, 2013: 60.2, 2014: 57, 2015: 60.1, 2016: 56.9, 2017: 61.5, 2018: 56.6, 2019: 50.9, 2020: 39.4, 2021: 43.3, 2022: 45.5, 2023: 39.5, 2024: 36.3",,66.4,harbourside (DT),Yes,-289254.257300207,6701581.66334233
1852,125,York Road,2011,12,"2010: 72.8, 2011: 66.5, 2012: 63, 2013: 59.6, 2014: 53.3, 2015: 52.9, 2016: 52.9, 2017: 56, 2018: 50.3, 2019: 45.2, 2020: 35.6, 2021: 35.8, 2022: 33.6, 2023: 24.3, 2024: 19.7",,66.5,redcliffe way templegate (DT),Yes,-288122.962480237,6700347.74496852
1853,113,Victoria Street,2011,12,"2010: 53.9, 2011: 55.2, 2012: 51.8, 2013: 48.4, 2014: 48.8, 2015: 47.5, 2016: 45.5, 2017: 49.9, 2018: 40.5, 2019: 37.4, 2020: 29.9, 2021: 27.8, 2022: 32, 2023: 29.4, 2024: 28.3",,55.2,redcliffe way templegate (DT),No,-288062.502763533,6701599.37177948
1854,105,Victoria Park,2011,12,"2010: 26, 2011: 19.9, 2012: 20.4, 2013: 21.2, 2014: 17.2, 2015: 18.2, 2016: 20.8, 2017: 19.1",,19.9,Wards (DT),No,-288303.274890422,6699464.66471172
1855,7,St. Andrew's Rd,2011,12,"2010: 30.2, 2011: 27.7, 2012: 27.9, 2013: 27.7, 2014: 28, 2015: 26.8, 2016: 28.6, 2017: 26",,27.7,Roadside (DT),No,-300244.658919802,6710417.86486197
1856,5,Bedminster Parade,2011,12,"2010: 66.6, 2011: 57.2, 2012: 54.6, 2013: 58.7, 2014: 47.6, 2015: 50.9, 2016: 51.3, 2017: 45.8, 2018: 45.8, 2019: 39.9, 2020: 31.6, 2021: 41, 2022: 37.9, 2023: 33.5, 2024: 34.9",,57.2,Roadside (DT),Yes,-288906.606435902,6699999.33324423
1857,158,botttom of Arley Hill,2011,12,"2010: 51.2, 2011: 47.6",,47.6,gloucester road showcase route (DT),No,-288356.552605177,6704099.85152153
1858,157,Stokes Croft  Ashley Road,2011,12,"2010: 64.9, 2011: 61.8, 2012: 55.9, 2013: 56, 2014: 51.4, 2015: 53.3, 2016: 52.8, 2017: 48.6, 2018: 45.4, 2019: 43.1, 2020: 35.7, 2021: 40.3, 2022: 35, 2023: 35.2, 2024: 33.7",,61.8,gloucester road showcase route (DT),Yes,-288303.158453479,6703836.78908709
1859,155,Jacobs Wells Road South,2011,10,"2010: 47.4, 2011: 52.4, 2012: 46.9, 2013: 48.5, 2014: 38.8, 2015: 39.9, 2016: 43.1, 2017: 37.9, 2018: 40.1, 2019: 31.1, 2020: 22.9, 2021: 25.5, 2022: 24.2, 2023: 17.5, 2024: 15.2",,52.4,harbourside (DT),Yes,-290337.435875919,6701608.05267219
1860,22,Stokes Croft,2011,45,"2010: 68.2, 2011: 58.7, 2012: 55.3, 2013: 57.7, 2014: 55.3, 2015: 49.7, 2016: 54.4, 2017: 52.5, 2018: 51, 2019: 44.3, 2020: 34.3, 2021: 37.5, 2022: 36.7, 2023: 35.9, 2024: 34.4",,58.7,Roadside (DT),Yes,-288316.547788833,6703508.93195795
1861,10,Bath Road,2011,12,"2010: 68.2, 2011: 62.3, 2012: 58.4, 2013: 61.5, 2014: 50.1, 2015: 49.3, 2016: 54.5, 2017: 51.6, 2018: 51.5, 2019: 42.2, 2020: 33.6, 2021: 36.8, 2022: 35.9, 2023: 30.7, 2024: 30.3",,62.3,Roadside (DT),Yes,-284908.842563162,6699589.32161916
1862,8,Higham Street,2011,12,"2010: 29.8, 2011: 25.7, 2012: 25.6, 2013: 26.8, 2014: 22.6, 2015: 22.5, 2016: 26.3, 2017: 21.9",,25.7,Roadside (DT),No,-287126.547721504,6700333.22530665
1863,266,Cabot Primary School,2011,10,"2010: 39.2, 2011: 37.6",,37.6,Roadside Stage 4 (DT),No,-287150.501367294,6703571.28676571
1864,243,Parson Street Chip Shop,2011,12,"2010: 49.1, 2011: 44.6",,44.6,Roadside Stage 4 (DT),No,-290214.946476589,6698225.48317068
1865,239,Parson St. A38 East,2011,12,"2010: 81.3, 2011: 82, 2012: 76.9, 2013: 78, 2014: 65.4, 2015: 69.2, 2016: 68.9, 2017: 66.8, 2018: 65.2, 2019: 54.4, 2020: 47.6, 2021: 51.4, 2022: 48.6, 2023: 40.5, 2024: 38.1",,82,Roadside Stage 4 (DT),Yes,-290240.840052813,6698064.71461172
1866,163,Strathmore Road,2011,11,"2010: 44.8, 2011: 38.3, 2012: 38.8, 2013: 43, 2014: 39.1, 2015: 37, 2016: 39.7, 2017: 38, 2018: 36.6, 2019: 30.8, 2020: 24.5, 2021: 27.4, 2022: 27.2, 2023: 27.2, 2024: 25.7",,38.3,gloucester road showcase route (DT),Yes,-287828.657779616,6707832.48413925
1867,476,Elmgrove Ave,2011,12,"2010: 33.1, 2011: 29.4",,29.4,USA 2009,No,-285423.588688328,6703633.00634763
1868,480,Halston Drive,2011,12,"2010: 33.2, 2011: 31.4",,31.4,USA 2009,No,-287349.848041948,6703653.24548323
1869,471,property façade nr. Paultow Road,2011,12,"2010: 37.6, 2011: 34",,34,USA 2009,No,-288468.235689724,6698867.60442458
1870,475,18 Morton Street,2010,13,"2010: 35.9, 2011: 34.1",,35.9,USA 2009,No,-285465.318552893,6702599.70306723
1871,469,Lamppost corner park avenue,2010,13,"2010: 46.2, 2011: 40.4, 2012: 39.4, 2013: 38.5, 2014: 35.8, 2015: 35.3, 2016: 39.2, 2017: 34.6, 2018: 36.2, 2019: 27.4, 2020: 23.4",,46.2,USA 2009,No,-287688.258760981,6699061.74717359
1872,438,A37 Junction w/ Airport Road,2010,36,"2010: 48, 2011: 47.7, 2012: 43.4, 2013: 43.5, 2014: 44, 2015: 43.1, 2016: 43.4, 2017: 43.2, 2018: 36.6, 2019: 31.8, 2020: 27.1, 2021: 29, 2022: 29.4, 2023: 25, 2024: 23.2",,48,QAQC,Yes,-285394.401951542,6697329.73212812
1873,426,City Rd/Ashley Rd lamppost No 16,2010,10,"2010: 40.7, 2011: 40, 2012: 39.5, 2013: 38, 2014: 34, 2015: 32.5, 2016: 34.2, 2017: 33.5",,40.7,Post DA Facades,No,-287666.22851714,6703943.12855516
1874,19,Conham Vale,2010,13,"2010: 24.4, 2011: 21.5, 2012: 22, 2013: 27.2, 2014: 20.8, 2015: 19.7, 2016: 22.4, 2017: 21.3",,24.4,Roadside (DT),No,-282187.941736831,6700722.60876012
1875,419,Parson St lamppost outside Bristol Scuba,2010,12,"2010: 63.2, 2011: 54.7, 2012: 54.1, 2013: 53.6, 2014: 56.6, 2015: 53.6, 2016: 55.8, 2017: 51.3, 2018: 45, 2019: 39, 2020: 31.4, 2021: 34.3, 2022: 33.6, 2023: 29.4, 2024: 28.5",,63.2,Post DA Facades,Yes,-290320.090688617,6698353.05372706
1876,403,Lamp post 48 230 Bath Road,2010,12,"2010: 46.5, 2011: 43.9, 2012: 43.6, 2013: 46.6, 2014: 39.2, 2015: 41.5, 2016: 37.5, 2017: 35.7, 2018: 35.6, 2019: 28.1, 2020: 23.4, 2021: 25.5, 2022: 25.5, 2023: 20.2, 2024: 20.6",,46.5,Post DA Facades,Yes,-286047.399122808,6699977.1677698
1877,398,Avonmouth Rd No 31 on facia,2010,12,"2010: 40.1, 2011: 34.9, 2012: 31.8, 2013: 34, 2014: 31.9, 2015: 30.1, 2016: 31.8, 2017: 31.2",,40.1,Post DA Facades,No,-298961.49662735,6709542.48396699
1878,380,Orange Street Façade,2010,13,"2010: 37.6, 2011: 37.7",,37.6,BROADMEAD,No,-287578.340864538,6703167.84855302
1879,364,St. Matthias House façade,2010,13,"2010: 40.6, 2011: 35.9",,40.6,BROADMEAD,No,-287638.302536464,6702648.48190123
1880,307,Lamppost     Glenfrome Road \ Muller Road Horfield,2010,13,"2010: 46.6, 2011: 41.5, 2012: 39.5, 2013: 39.8, 2014: 38.4, 2015: 36.6, 2016: 37.4, 2017: 32.6, 2018: 37.3, 2019: 30.7, 2020: 24.6, 2021: 27.5, 2022: 26.8, 2023: 24.5, 2024: 21.6",,46.6,Post Stage Four,Yes,-285709.878701319,6705846.59411472
1881,261,Stapleton Road Heath Street,2010,12,"2010: 55.8, 2011: 48.2, 2012: 53, 2013: 55.8, 2014: 50.6, 2015: 51.3, 2016: 53.1, 2017: 52.4, 2018: 51, 2019: 41.5, 2020: 34.7, 2021: 39.1, 2022: 39.3, 2023: 32, 2024: 33",,55.8,Roadside Stage 4 (DT),Yes,-285135.992821959,6705418.74590538
1882,243,Parson Street Chip Shop,2010,10,"2010: 49.1, 2011: 44.6",,49.1,Roadside Stage 4 (DT),No,-290214.946476589,6698225.48317068
1883,184,Hillcrest (National),2010,1,2010: 35,,35,National (DT),No,-285769.401984825,6697371.78033427
1884,161,Bishop Road,2010,11,"2010: 52.9, 2011: 47.4, 2012: 41.6, 2013: 41.8, 2014: 41.3, 2015: 43.7, 2016: 41.7, 2017: 38.8, 2018: 38, 2019: 31.7, 2020: 25.3, 2021: 27.4, 2022: 26, 2023: 25.6, 2024: 26.5",,52.9,gloucester road showcase route (DT),Yes,-288271.484099739,6706477.18610887
1885,158,botttom of Arley Hill,2010,12,"2010: 51.2, 2011: 47.6",,51.2,gloucester road showcase route (DT),No,-288356.552605177,6704099.85152153
1886,154,Hotwells Road,2010,12,"2010: 54.7, 2011: 40.9, 2012: 40.3, 2013: 44.3, 2014: 38.5, 2015: 37.2, 2016: 39.6, 2017: 38.5, 2018: 36.2, 2019: 30, 2020: 22.1, 2021: 25.4, 2022: 26.1, 2023: 17.8, 2024: 17.5",,54.7,harbourside (DT),Yes,-290714.010739251,6701235.48836649
1887,113,Victoria Street,2010,12,"2010: 53.9, 2011: 55.2, 2012: 51.8, 2013: 48.4, 2014: 48.8, 2015: 47.5, 2016: 45.5, 2017: 49.9, 2018: 40.5, 2019: 37.4, 2020: 29.9, 2021: 27.8, 2022: 32, 2023: 29.4, 2024: 28.3",,53.9,redcliffe way templegate (DT),No,-288062.502763533,6701599.37177948
1888,107,Kingshead Lane Park,2010,1,2010: 28.1,,28.1,Wards (DT),No,-291887.075232983,6695805.05321337
1889,100,Ashton Vale School,2010,1,2010: 29.8,,29.8,Wards (DT),No,-292554.728251741,6698249.05411083
1890,99,Greville Smyth Park,2010,13,"2010: 32.7, 2011: 28.1, 2012: 30, 2013: 33.1, 2014: 27.2, 2015: 28.7, 2016: 31.6, 2017: 28.5",,32.7,Wards (DT),No,-291506.54674882,6699854.07592476
1891,86,Petherton Rd,2010,1,2010: 36.6,,36.6,Wards (DT),No,-285545.572165868,6696375.02888637
1892,80,The Limes Nursery School,2010,1,2010: 37.5,,37.5,Wards (DT),No,-284426.765735087,6703828.61933931
1893,18,Hillcrest,2010,13,"2010: 26.5, 2011: 20.3, 2012: 21.3, 2013: 22.3, 2014: 18.1, 2015: 17.8, 2016: 20.2, 2017: 18.4",,26.5,Roadside (DT),No,-285734.537313679,6697418.60705167
1894,15,Horsefair,2010,13,"2010: 54.7, 2011: 50.9, 2012: 49.5, 2013: 53.6, 2014: 48.6, 2015: 50.8, 2016: 51.2, 2017: 49.4, 2018: 47.5, 2019: 42.2, 2020: 28.2, 2021: 31.5, 2022: 31.3, 2023: 26.4, 2024: 25.9",,54.7,Roadside (DT),Yes,-288014.971267504,6702867.14929257
1895,14,Red Lion Knowle,2010,13,"2010: 47.9, 2011: 44.1, 2012: 43.2, 2013: 42.2, 2014: 40.4, 2015: 40.1, 2016: 42.3, 2017: 41.1, 2018: 47.6, 2019: 38.7, 2020: 32.4, 2021: 32.7, 2022: 30.3, 2023: 27, 2024: 25.8",,47.9,Roadside (DT),Yes,-285439.186904326,6697740.37180987
1896,397,facade avonmouth road underpass - house to SE,2010,12,"2010: 38.4, 2011: 35.9, 2012: 34, 2013: 34.4, 2014: 28.5, 2015: 33, 2016: 33.8, 2017: 33.4",,38.4,Post DA Facades,No,-298837.117054549,6709445.57805865
1897,368,River Street facade 2,2010,12,"2010: 43.1, 2011: 38.1",,43.1,BROADMEAD,No,-287320.02751949,6702922.50860316
1898,300,Facade Haart Estate Agents 755 Fishponds Road Fishponds,2010,11,"2010: 47, 2011: 52.8, 2012: 49.9, 2013: 48.5, 2014: 42.4, 2015: 45.9, 2016: 48.1, 2017: 45.9, 2018: 41.1, 2019: 35.1, 2020: 28.9, 2021: 28.7, 2022: 27.5, 2023: 21.2, 2024: 26.4",,47,Post Stage Four,Yes,-281520.287175529,6706769.98297697
1899,295,Lamppost   16 Ashley Road St. Pauls,2010,13,"2010: 58.8, 2011: 60.7, 2012: 57.8, 2013: 57.2, 2014: 58.6, 2015: 63.3, 2016: 55.7, 2017: 65.1, 2018: 59.6, 2019: 48.1, 2020: 37.2, 2021: 44.5, 2022: 41, 2023: 34, 2024: 34.8",,58.8,Post Stage Four,Yes,-287033.740015952,6704208.4476767
1900,240,Parson St. A38 West,2010,12,"2010: 54.9, 2011: 47.3",,54.9,Roadside Stage 4 (DT),No,-290690.353035173,6698009.58917251
1901,160,Zetland Road junction,2010,11,"2010: 51.8, 2011: 51.1",,51.8,gloucester road showcase route (DT),No,-288728.734959763,6704941.99939285
1902,123,corner York rd  and  Whitehouse St,2010,11,2010: 62.9,,62.9,redcliffe way templegate (DT),No,-288124.551280021,6700346.12621023
1903,4,Three Lamps,2010,13,"2010: 62.3, 2011: 59.8, 2012: 58.4, 2013: 60.6, 2014: 55.8, 2015: 53.3, 2016: 55.2, 2017: 52.7, 2018: 53.5, 2019: 41, 2020: 36.8, 2021: 38.9, 2022: 38.4, 2023: 29.3, 2024: 30.7",,62.3,Roadside (DT),Yes,-287018.565739922,6700248.9656145
1904,13,Ferndown Close,2010,13,"2010: 31.1, 2011: 19.4, 2012: 18.1, 2013: 18.8, 2014: 16.3, 2015: 16.4, 2016: 18.5, 2017: 20.1",,31.1,Roadside (DT),No,-295764.424890332,6709235.86764723
1905,16,Third Way,2010,13,"2010: 35.1, 2011: 35.8, 2012: 36.4, 2013: 33.3, 2014: 34.6, 2015: 35.9, 2016: 35.7, 2017: 35.2, 2018: 32.6, 2019: 28.7, 2020: 23.2, 2021: 24.9, 2022: 25.8, 2023: 21.5, 2024: 21.5",,35.1,Roadside (DT),No,-299319.725243601,6711147.03571026
1906,20,Newfoundland Way,2010,48,"2010: 79, 2011: 73.2, 2012: 74.7, 2013: 64.3, 2014: 65.3, 2015: 58.7, 2016: 55.5, 2017: 61.2, 2018: 50.1, 2019: 42.4",,79,Roadside (DT),No,-287579.43244068,6703103.57954815
1907,21,Gloucester Road,2010,13,"2010: 50.1, 2011: 44.5, 2012: 43.1, 2013: 52, 2014: 50.4, 2015: 51.6, 2016: 50.2, 2017: 49.3, 2018: 46.4, 2019: 38.3, 2020: 33.4, 2021: 34.9, 2022: 34, 2023: 30.9, 2024: 33",,50.1,Roadside (DT),Yes,-288453.491473036,6705789.48523368
1908,84,Farmwell Close,2010,1,2010: 28.8,,28.8,Wards (DT),No,-290303.585105645,6694231.10989204
1909,125,York Road,2010,1,"2010: 72.8, 2011: 66.5, 2012: 63, 2013: 59.6, 2014: 53.3, 2015: 52.9, 2016: 52.9, 2017: 56, 2018: 50.3, 2019: 45.2, 2020: 35.6, 2021: 35.8, 2022: 33.6, 2023: 24.3, 2024: 19.7",,72.8,redcliffe way templegate (DT),Yes,-288122.962480237,6700347.74496852
1910,151,Anchor Road c,2010,1,2010: 44.8,,44.8,harbourside (DT),No,-289951.15259368,6701389.60592231
1911,157,Stokes Croft  Ashley Road,2010,11,"2010: 64.9, 2011: 61.8, 2012: 55.9, 2013: 56, 2014: 51.4, 2015: 53.3, 2016: 52.8, 2017: 48.6, 2018: 45.4, 2019: 43.1, 2020: 35.7, 2021: 40.3, 2022: 35, 2023: 35.2, 2024: 33.7",,64.9,gloucester road showcase route (DT),Yes,-288303.158453479,6703836.78908709
1912,239,Parson St. A38 East,2010,12,"2010: 81.3, 2011: 82, 2012: 76.9, 2013: 78, 2014: 65.4, 2015: 69.2, 2016: 68.9, 2017: 66.8, 2018: 65.2, 2019: 54.4, 2020: 47.6, 2021: 51.4, 2022: 48.6, 2023: 40.5, 2024: 38.1",,81.3,Roadside Stage 4 (DT),Yes,-290240.840052813,6698064.71461172
1913,242,Parson Street Bedminster Down Road,2010,12,"2010: 80.3, 2011: 75.5, 2012: 73.9, 2013: 75.1, 2014: 56.2, 2015: 61.7, 2016: 68.4, 2017: 56, 2018: 51.1, 2019: 41, 2020: 32.2, 2021: 34.5, 2022: 36.6, 2023: 29.8, 2024: 28",,80.3,Roadside Stage 4 (DT),Yes,-290831.882346175,6697891.20245718
1914,255,Joy Hill Hotwells,2010,12,"2010: 27.8, 2011: 40.2",,27.8,Roadside Stage 4 (DT),No,-291778.319076186,6701308.42083824
1915,320,Monitor     Bath Road Brislington,2010,36,"2010: 34.3, 2011: 33.1, 2012: 31.5, 2013: 31.1, 2014: 30.9, 2015: 31.3, 2016: 31.1, 2017: 30.7, 2018: 27.9, 2019: 23.5, 2020: 19.3, 2021: 20.8, 2022: 20.6, 2023: 17.7, 2024: 17",,34.3,QAQC,Yes,-284969.788762769,6699810.45977789
1916,325,Facade   258 Fishponds Road Fishponds,2010,13,"2010: 51.8, 2011: 53, 2012: 49.8, 2013: 45.8, 2014: 49.7, 2015: 50.8, 2016: 50.5, 2017: 49.2, 2018: 48.1, 2019: 39.4, 2020: 34.1, 2021: 37.3, 2022: 32.6, 2023: 29.4, 2024: 27.6",,51.8,Post Stage Four,Yes,-284232.620635064,6705496.34843142
1917,373,123 Newfoundland Street façade,2010,13,"2010: 53, 2011: 47.9, 2012: 44.9, 2013: 45.2, 2014: 41.6, 2015: 38.3, 2016: 39.5, 2017: 38.5, 2018: 35.7, 2019: 31.2, 2020: 23.9, 2021: 27.9, 2022: 27.4, 2023: 22.3, 2024: 21.5",,53,BROADMEAD,Yes,-287292.865269621,6703337.20318085
1918,407,lamppost sussex place,2010,11,"2010: 53.9, 2011: 56.5, 2012: 47.3, 2013: 47.1, 2014: 43.9, 2015: 43.1, 2016: 48.7, 2017: 44.6, 2018: 46.7, 2019: 37.3, 2020: 26.7, 2021: 30.2, 2022: 29.5, 2023: 24.8",,53.9,Post DA Facades,No,-287169.041541866,6704295.74454928
1919,410,facade cotham girls school cheltenham rd,2010,12,"2010: 48.2, 2011: 40.8",,48.2,Post DA Facades,No,-288476.388644335,6704453.96926756
1920,478,T shirt Shop W. Town Lane,2010,11,"2010: 42.9, 2011: 38.2, 2012: 36.4, 2013: 39.9, 2014: 35.8, 2015: 36.3, 2016: 36.7, 2017: 35.4, 2018: 36.5, 2019: 28.8, 2020: 23.5",,42.9,Callington Road,No,-283497.367453175,6698023.25032835
1921,466,Savanna coffee drainpipe,2010,13,"2010: 41.1, 2011: 39.7, 2012: 39.6, 2013: 41.1, 2014: 38, 2015: 34, 2016: 35.8, 2017: 33.4, 2018: 33.2, 2019: 27.4, 2020: 20.8",,41.1,USA 2009,No,-290918.706654091,6699851.00397371
1922,464,Fishponds Road,2010,38,"2010: 42.2, 2011: 39.2, 2012: 38, 2013: 35.7, 2014: 36, 2015: 34.9, 2016: 36.9, 2017: 36.8, 2018: 34.4, 2019: 29.7, 2020: 24.2, 2021: 23.7, 2022: 24, 2023: 20.8, 2024: 20.8",,42.2,QAQC,Yes,-282218.963762018,6706297.20472537
1923,461,Millpond School Fence,2010,12,"2010: 40.2, 2011: 35.9, 2012: 35.5, 2013: 37.2, 2014: 34.1, 2015: 33.2, 2016: 37, 2017: 30.4, 2018: 33.9, 2019: 26",,40.2,Millpond School,No,-286284.930702286,6704358.95120715
1924,449,Eastgate Market,2010,2,2010: 57.6,,57.6,Eastgate Development,No,-286067.740064003,6705488.66188207
1925,436,Shiners Garage,2010,39,"2010: 44.7, 2011: 40.9, 2012: 39.6, 2013: 40.1, 2014: 38.2, 2015: 37.9, 2016: 47.7, 2017: 45.8, 2018: 50.6, 2019: 42, 2020: 29.2, 2021: 31.2, 2022: 30.6, 2023: 24.4, 2024: 26.2",,44.7,Roadside,Yes,-285259.212047081,6702675.18810556
1926,427,Fishponds Rd lamppost 37 outside PO (just before Oakdene Ave),2010,12,"2010: 53.4, 2011: 48",,53.4,Post DA Facades,No,-283710.061094783,6705489.04305856
1927,418,Bedminster Down Rd lamppost between Ashton Motors & Plough PH,2010,12,"2010: 92.9, 2011: 90.5, 2012: 81.8, 2013: 74, 2014: 67.7, 2015: 63.7, 2016: 69.3, 2017: 58.4, 2018: 55.7, 2019: 51.1, 2020: 40.2, 2021: 45.9, 2022: 44.1, 2023: 32.8, 2024: 31.7",,92.9,Post DA Facades,Yes,-290471.62510202,6698281.14621008
1928,413,Wells Rd bus lane sign just below junction with Knowle Rd,2010,11,"2010: 52.2, 2011: 47.1, 2012: 41.4, 2013: 43.7, 2014: 38.4, 2015: 39.3, 2016: 40, 2017: 38.7, 2018: 37.6, 2019: 31.2, 2020: 25.5, 2021: 27.4, 2022: 27.2, 2023: 23.5, 2024: 22.5",,52.2,Post DA Facades,Yes,-286790.024426925,6699701.55784787
1929,406,Whitehall Rd lamppost 17 nr juction with Chalks Rd,2010,12,"2010: 48.1, 2011: 37.5, 2012: 36.5, 2013: 36.5, 2014: 34.9, 2015: 35.4, 2016: 36.2, 2017: 38.9, 2018: 38.5, 2019: 31, 2020: 26.6, 2021: 29.3, 2022: 29.6, 2023: 24.2, 2024: 23.2",,48.1,Post DA Facades,Yes,-284362.720936092,6703411.38989974
1930,371,Lamb Street façade,2010,13,"2010: 57.9, 2011: 47.5, 2012: 47.5, 2013: 46.9, 2014: 42.8, 2015: 44.8, 2016: 42.7, 2017: 44.7, 2018: 42.2, 2019: 34.1, 2020: 25.8, 2021: 29.4, 2022: 29, 2023: 25.5",,57.9,BROADMEAD,No,-287182.028571119,6702693.88408449
1931,370,Great George Street lamppost,2010,12,"2010: 49.2, 2011: 43.7, 2012: 39.5, 2013: 39.4, 2014: 36.9, 2015: 37.7, 2016: 38.4, 2017: 37.5, 2018: 36.6, 2019: 30.1, 2021: 25, 2022: 31, 2023: 25.3, 2024: 21.2",,49.2,BROADMEAD,Yes,-287244.687317758,6702918.28830893
1932,363,5102 façade,2010,13,"2010: 44.9, 2011: 47.4, 2012: 48, 2013: 44.3, 2014: 39.8, 2015: 39.2, 2016: 39.6, 2017: 38.5, 2018: 37.2, 2019: 34, 2020: 23.5, 2021: 26.8, 2022: 28, 2023: 23.8, 2024: 23.9",,44.9,BROADMEAD,Yes,-288367.49785816,6703069.93538865
1933,314,Lamppost     Whiteladies Road \ Cotham Hill Clifton,2010,13,"2010: 51.1, 2011: 44.1, 2012: 40.4, 2013: 44.4, 2014: 43, 2015: 43.9, 2016: 41.5, 2017: 38.3, 2018: 37.7, 2019: 31.3",,51.1,Post Stage Four,No,-290494.80521666,6703775.41034363
1934,416,Wells Rd - Knowle shopping centre lamppost 41 (outside Miss Millies),2010,12,"2010: 56.2, 2011: 50.2",,56.2,Post DA Facades,No,-285549.03435514,6698073.46353651
1935,422,North St/Langton Park T junction,2010,13,"2010: 43.4, 2011: 41.2, 2012: 39.8, 2013: 39, 2014: 34.1, 2015: 35, 2016: 39.4, 2017: 36.5, 2018: 34.1, 2019: 27.4, 2020: 23.4",,43.4,Post DA Facades,No,-289793.129417391,6699704.60992124
1936,465,North Street School fence,2010,12,"2010: 34.6, 2011: 30.2",,34.6,USA 2009,No,-291088.09417658,6699995.71504348
1937,5,Bedminster Parade,2010,12,"2010: 66.6, 2011: 57.2, 2012: 54.6, 2013: 58.7, 2014: 47.6, 2015: 50.9, 2016: 51.3, 2017: 45.8, 2018: 45.8, 2019: 39.9, 2020: 31.6, 2021: 41, 2022: 37.9, 2023: 33.5, 2024: 34.9",,66.6,Roadside (DT),Yes,-288906.606435902,6699999.33324423
1938,6,Church Road,2010,12,"2010: 40.9, 2011: 35.2, 2012: 33.6, 2013: 33.5, 2014: 30.5, 2015: 31.3, 2016: 33.7, 2017: 32.3",,40.9,Roadside (DT),No,-284862.629972362,6702776.2252846
1939,9,B.R.I.,2010,13,"2010: 65.4, 2011: 58, 2012: 52, 2013: 54, 2014: 49.3, 2015: 48, 2016: 48.8, 2017: 46.5, 2018: 44.7, 2019: 37.8, 2020: 31.7, 2021: 39.3, 2022: 36, 2023: 27.8",,65.4,Roadside (DT),No,-288920.3727828,6702882.30805318
1940,79,Cotham Lawn Rd,2010,1,2010: 45,,45,Wards (DT),No,-289561.302879811,6703863.48131473
1941,477,rear 32 st marks grove,2010,12,"2010: 37.1, 2011: 34.1",,37.1,USA 2009,No,-285713.225431454,6704411.61017587
1942,90,Southmead Hospital,2010,1,2010: 39,,39,Wards (DT),No,-288669.732858213,6709738.75190148
1943,479,cycle sign lamppost,2010,11,"2010: 34.8, 2011: 32.6, 2012: 33.4, 2013: 33, 2014: 32.2, 2015: 31.5, 2016: 30.3, 2017: 30.1",,34.8,Callington Road,No,-283775.919971872,6698013.1334356
1944,474,Martial Arts West Street,2010,12,"2010: 45.1, 2011: 39.7, 2012: 37.9, 2013: 39.1, 2014: 35.8, 2015: 38.5, 2016: 38.7, 2017: 35.8, 2018: 31.9, 2019: 29.1, 2020: 22.9",,45.1,USA 2009,No,-290069.368921615,6698825.58328779
1945,473,B&G Snax West St,2010,13,"2010: 49.2, 2011: 43.1, 2012: 44.6, 2013: 43.5, 2014: 40.7, 2015: 49.6, 2016: 57.1, 2017: 40.1, 2018: 44, 2019: 42.4, 2020: 40, 2021: 28.4, 2022: 28.4, 2023: 26.1, 2024: 25.7",,49.2,USA 2009,Yes,-289888.728777705,6699059.90410014
1946,472,Jamiesons Autos,2010,13,"2010: 52.4, 2011: 47.4, 2012: 46.5, 2013: 48.2, 2014: 45.2, 2015: 40, 2016: 45.3, 2017: 41.6, 2018: 37.3, 2019: 33.7, 2020: 26.2, 2021: 28.7, 2022: 29, 2023: 25.8, 2024: 25.7",,52.4,USA 2009,Yes,-289697.065688815,6699318.40485888
1947,471,property façade nr. Paultow Road,2010,13,"2010: 37.6, 2011: 34",,37.6,USA 2009,No,-288468.235689724,6698867.60442458
1948,470,Victoria Park Primary,2010,13,"2010: 43.3, 2011: 39.4, 2012: 39.6, 2013: 37.8, 2014: 35, 2015: 38.7, 2016: 39.4, 2017: 35.9, 2018: 37.9, 2019: 29.4, 2020: 25.1, 2021: 26.8, 2022: 28.3, 2023: 24.2, 2024: 21.7",,43.3,USA 2009,Yes,-288112.730275877,6698870.47455211
1949,468,façade of North Street near Myrtle Street,2010,12,"2010: 31.8, 2011: 28.5",,31.8,USA 2009,No,-290318.731287868,6699542.8816391
1950,467,Strada Exeter Road,2010,13,"2010: 40.7, 2011: 33.4, 2012: 35.1, 2013: 34.8, 2014: 33, 2015: 31.6, 2016: 33.7, 2017: 30.7",,40.7,USA 2009,No,-290754.210004917,6699715.88601269
1951,238,Parson Street School,2010,11,"2010: 54.7, 2011: 52.4",,54.7,Roadside Stage 4 (DT),No,-290040.661884479,6698063.16511597
1952,97,Airballoon Infants School,2010,1,2010: 34.2,,34.2,Wards (DT),No,-281607.118431366,6702810.1310388
1953,429,facade villiers road stapleton road junction,2010,12,"2010: 60.3, 2011: 57.8, 2012: 57.3, 2013: 60.6, 2014: 54.7, 2015: 50.4, 2016: 52.1, 2017: 47.8, 2018: 46.8, 2019: 41.2, 2020: 38.8, 2021: 36.4, 2022: 35.5, 2023: 38, 2024: 35.3",,60.3,Post DA Facades,Yes,-286116.033413056,6703865.40916925
1954,424,facade BRI main building,2010,10,"2010: 47.8, 2011: 48",,47.8,Post DA Facades,No,-288955.685485169,6702890.05235597
1955,318,Monitor     Rupert Street City Centre,2010,39,"2010: 102.6, 2011: 95.2, 2012: 90.6, 2013: 88.8, 2014: 88.8, 2015: 91.2, 2016: 82.8",,102.6,QAQC,No,-289014.631401276,6702256.65047887
1956,305,Lamppost     Sarah Street Redfield,2010,13,"2010: 43.8, 2011: 37.3, 2012: 36, 2013: 37.1, 2014: 34.2, 2015: 33.3, 2016: 35, 2017: 32.9",,43.8,Post Stage Four,No,-285823.421858351,6702704.55720837
1957,303,Facade   784 Muller Road Fishponds,2010,13,"2010: 55.4, 2011: 52.1, 2012: 48.5, 2013: 48.2, 2014: 43.5, 2015: 46.1, 2016: 46.2, 2017: 44, 2018: 43.8, 2019: 36.5, 2020: 29.2, 2021: 31.8, 2022: 31.2, 2023: 24.1, 2024: 23.3",,55.4,Post Stage Four,Yes,-284712.640975304,6705600.36391359
1958,267,Pritchard Street,2010,12,"2010: 39, 2011: 40.9",,39,Roadside Stage 4 (DT),No,-287798.409579239,6703035.96102279
1959,260,Stapleton Road South,2010,12,"2010: 52.9, 2011: 52.8, 2012: 45.8, 2013: 46.5, 2014: 46.3, 2015: 45.6, 2016: 45.4, 2017: 42.6, 2018: 43.1, 2019: 36.2, 2020: 29.5, 2021: 33.2, 2022: 31.6, 2023: 26.5, 2024: 26",,52.9,Roadside Stage 4 (DT),Yes,-285080.464366343,6705912.52183786
1960,163,Strathmore Road,2010,11,"2010: 44.8, 2011: 38.3, 2012: 38.8, 2013: 43, 2014: 39.1, 2015: 37, 2016: 39.7, 2017: 38, 2018: 36.6, 2019: 30.8, 2020: 24.5, 2021: 27.4, 2022: 27.2, 2023: 27.2, 2024: 25.7",,44.8,gloucester road showcase route (DT),Yes,-287828.657779616,6707832.48413925
1961,109,St Annes Jnr School,2010,1,2010: 36.7,,36.7,Wards (DT),No,-283889.987726348,6700841.66005044
1962,108,Broomhill Jnr School,2010,1,2010: 25.9,,25.9,Wards (DT),No,-282615.722035508,6699425.10431648
1963,105,Victoria Park,2010,13,"2010: 26, 2011: 19.9, 2012: 20.4, 2013: 21.2, 2014: 17.2, 2015: 18.2, 2016: 20.8, 2017: 19.1",,26,Wards (DT),No,-288303.274890422,6699464.66471172
1964,101,Stockwood Green School,2010,1,2010: 31.9,,31.9,Wards (DT),No,-283275.419266924,6694007.30800698
1965,94,Brangwyn Grove,2010,1,2010: 30.9,,30.9,Wards (DT),No,-285593.915206922,6708062.28766439
1966,93,Hannah Moore School,2010,1,2010: 49.7,,49.7,Wards (DT),No,-286977.509442908,6701951.76614082
1967,82,Novers Lane School,2010,1,2010: 32,,32,Wards (DT),No,-289252.520140109,6696258.83390173
1968,460,Cheltenham Road \ Station Road,2010,35,"2010: 39.1, 2011: 38, 2012: 26.6",,39.1,QAQC,No,-288620.733959964,6704666.50138393
1969,3,Blackboy Hill,2010,13,"2010: 46, 2011: 36.6, 2012: 37.7, 2013: 41.2, 2014: 36.3, 2015: 37.9, 2016: 37.6, 2017: 34.4, 2018: 34.4, 2019: 27.7, 2020: 28.7, 2021: 44.4, 2022: 38.8, 2023: 47.7, 2024: 29",,46,Roadside (DT),Yes,-290988.19933068,6704714.42467723
1970,458,62 Callington Road,2010,1,2010: 44.7,,44.7,Post DA Facades,No,-284012.273639245,6697927.86733425
1971,7,St. Andrew's Rd,2010,13,"2010: 30.2, 2011: 27.7, 2012: 27.9, 2013: 27.7, 2014: 28, 2015: 26.8, 2016: 28.6, 2017: 26",,30.2,Roadside (DT),No,-300244.658919802,6710417.86486197
1972,10,Bath Road,2010,13,"2010: 68.2, 2011: 62.3, 2012: 58.4, 2013: 61.5, 2014: 50.1, 2015: 49.3, 2016: 54.5, 2017: 51.6, 2018: 51.5, 2019: 42.2, 2020: 33.6, 2021: 36.8, 2022: 35.9, 2023: 30.7, 2024: 30.3",,68.2,Roadside (DT),Yes,-284908.842563162,6699589.32161916
1973,78,St Nicholas Rd,2010,1,2010: 40.3,,40.3,Wards (DT),No,-287343.083122433,6703810.74844283
1974,88,Summerleaze Office,2010,1,2010: 32.7,,32.7,Wards (DT),No,-280107.191202553,6705740.29604887
1975,91,Stile AcresBroadlands Drive,2010,1,2010: 30.1,,30.1,Wards (DT),No,-295641.953542866,6710603.63223198
1976,92,The Square,2010,1,2010: 42.1,,42.1,Wards (DT),No,-286260.455227487,6697923.43376163
1977,110,Council House,2010,1,2010: 49.8,,49.8,Wards (DT),No,-289728.381185361,6701572.94614952
1978,159,Cromwell Road,2010,12,"2010: 53.6, 2011: 48.9, 2012: 49.7, 2013: 49, 2014: 44.5, 2015: 44.1, 2016: 44.8, 2017: 42, 2018: 43.3, 2019: 35.8, 2020: 28.5, 2021: 31.9, 2022: 32.1, 2023: 28.9, 2024: 28.2",,53.6,gloucester road showcase route (DT),Yes,-288675.219320107,6704666.05891095
1979,254,Merchants Road Hotwells,2010,10,"2010: 47.1, 2011: 55.6, 2012: 55.3, 2013: 53.2, 2014: 51.5, 2015: 54.4, 2016: 51.8, 2017: 52.2, 2018: 49.4, 2019: 40.5, 2020: 31.1, 2021: 34.6, 2022: 33, 2023: 24.7, 2024: 23.9",,47.1,Roadside Stage 4 (DT),Yes,-291486.964634959,6701142.24890875
1980,281,Rupert St Green Box,2010,1,2010: 91.3,,91.3,Marsh Street (DT),No,-289013.029363887,6702256.66355859
1981,12,Galleries,2010,12,"2010: 58.2, 2011: 55.2, 2012: 50.8, 2013: 56.7, 2014: 51.3, 2015: 52.5, 2016: 52.8, 2017: 56.6, 2018: 57.5, 2019: 51.8, 2020: 41.9, 2021: 46.5, 2022: 50.2, 2023: 60.2, 2024: 35.3",,58.2,Roadside (DT),Yes,-288254.965440197,6702425.05893974
1982,312,Lamppost     Ashley Hill St. Pauls,2010,12,"2010: 46.8, 2011: 46.4, 2012: 43.7, 2013: 44.5, 2014: 36.7, 2015: 36.8, 2016: 41.6, 2017: 38.5, 2018: 38.5, 2019: 32.8, 2020: 26.2, 2021: 29.5, 2022: 29.8, 2023: 24.8, 2024: 23.5",,46.8,Post Stage Four,Yes,-287167.355516468,6704691.02392647
1983,321,Monitor     Trailer Portway Park and Ride,2010,14,"2010: 28.9, 2011: 24, 2012: 24.6, 2013: 24.6, 2014: 25.1",,28.9,QAQC,No,-299313.461144271,6708429.88602366
1984,417,St John's Lane No 26 lamppost 15 (just past roundabout),2010,13,"2010: 51.3, 2011: 45.6, 2012: 44.1, 2013: 42.1, 2014: 40.8, 2015: 43.6, 2016: 43.4, 2017: 35.2, 2018: 36, 2019: 31, 2020: 26.3, 2021: 27.9, 2022: 27, 2023: 22.7, 2024: 20.9",,51.3,Post DA Facades,Yes,-287442.243890537,6699543.83315549
1985,423,facade BRI children's,2010,13,"2010: 53, 2011: 53.2, 2012: 50.9, 2013: 46.3, 2014: 41.8, 2015: 44.4, 2016: 43.5, 2017: 45, 2018: 42.3, 2019: 35.2, 2020: 27.3, 2021: 29.5, 2022: 29.1, 2023: 22.2, 2024: 20.9",,53,Post DA Facades,Yes,-289088.725742146,6702699.40590324
1986,480,Halston Drive,2010,11,"2010: 33.2, 2011: 31.4",,33.2,USA 2009,No,-287349.848041948,6703653.24548323
1987,156,Jacobs Wells road opp Clifton hill,2010,12,"2010: 56.1, 2011: 49.1, 2012: 45.8, 2013: 44.2, 2014: 38, 2015: 38.9, 2016: 41.2, 2017: 39.3, 2018: 36.2, 2019: 30.5, 2020: 20.7, 2021: 24.9, 2022: 25.9, 2023: 19.1, 2024: 17.7",,56.1,harbourside (DT),Yes,-290548.152178807,6702096.20398506
1988,155,Jacobs Wells Road South,2010,11,"2010: 47.4, 2011: 52.4, 2012: 46.9, 2013: 48.5, 2014: 38.8, 2015: 39.9, 2016: 43.1, 2017: 37.9, 2018: 40.1, 2019: 31.1, 2020: 22.9, 2021: 25.5, 2022: 24.2, 2023: 17.5, 2024: 15.2",,47.4,harbourside (DT),Yes,-290337.435875919,6701608.05267219
1989,150,Anchor Road b,2010,1,2010: 47,,47,harbourside (DT),No,-289872.568714355,6701379.01298505
1990,106,Brunel College,2010,1,2010: 45.2,,45.2,Wards (DT),No,-287257.4681495,6706155.85024913
1991,103,Elmlea Jnr School,2010,1,2010: 29.5,,29.5,Wards (DT),No,-291879.382402258,6707565.90661499
1992,83,St Mathias,2010,1,2010: 32.6,,32.6,Wards (DT),No,-281466.307989936,6707287.91329652
1993,22,Stokes Croft,2010,40,"2010: 68.2, 2011: 58.7, 2012: 55.3, 2013: 57.7, 2014: 55.3, 2015: 49.7, 2016: 54.4, 2017: 52.5, 2018: 51, 2019: 44.3, 2020: 34.3, 2021: 37.5, 2022: 36.7, 2023: 35.9, 2024: 34.4",,68.2,Roadside (DT),Yes,-288316.547788833,6703508.93195795
1994,2,Colston Avenue,2010,13,"2010: 79.4, 2011: 78.8, 2012: 66.8, 2013: 68.7, 2014: 67.7, 2015: 69.2, 2016: 66.1, 2017: 63.1, 2018: 58.2, 2019: 53.7, 2020: 36.9, 2021: 40.1, 2022: 40.3, 2023: 39, 2024: 38.4",,79.4,Roadside (DT),Yes,-289075.818144399,6702097.12495681
1995,439,Parson Street School,2010,36,"2010: 41.9, 2011: 40.9, 2012: 40.9, 2013: 44.7, 2014: 42, 2015: 41, 2016: 43.6, 2017: 37.7, 2018: 37.7, 2019: 31.7, 2020: 25.4, 2021: 28.6, 2022: 27.2, 2023: 24, 2024: 22.4",,41.9,QAQC,Yes,-289982.448521423,6698188.87869929
1996,420,North St/Dean Lane on roundabout sign,2010,13,"2010: 43.8, 2011: 39.6, 2012: 38.1, 2013: 38.9, 2014: 37.2, 2015: 36.7, 2016: 38.6, 2017: 33.3, 2018: 37.1, 2019: 30.4, 2020: 23.2, 2021: 25.6, 2022: 28.8, 2023: 23.7, 2024: 22.3",,43.8,Post DA Facades,Yes,-289619.048853516,6699765.46194782
1997,405,Whitehall Rd/Easton Rd lamppost 4TZ,2010,12,"2010: 57.8, 2011: 58, 2012: 53.1, 2013: 55, 2014: 51.1, 2015: 53.1, 2016: 42.6, 2017: 50.4, 2018: 56.2, 2019: 48.5, 2020: 38.7, 2021: 40.4, 2022: 38, 2023: 33.5, 2024: 33.6",,57.8,Post DA Facades,Yes,-285203.139777754,6703303.7524392
1998,366,Broad Weir post development,2010,13,"2010: 53.4, 2011: 49.3",,53.4,BROADMEAD,No,-287874.428541147,6702522.89775129
1999,365,Unite façade,2010,12,"2010: 45.4, 2011: 40.3, 2012: 37.4, 2013: 37.7, 2014: 35.5, 2015: 36.5, 2016: 37.9, 2017: 37.6",,45.4,BROADMEAD,No,-287650.058854113,6702515.05678852
2000,311,Give Way sign  Chesterfield Rd \ Ashley Down Road St. Andrews,2010,13,"2010: 49.2, 2011: 45.3, 2012: 46.7, 2013: 49.5, 2014: 43.3, 2015: 44, 2016: 46.2, 2017: 46.4",,49.2,Post Stage Four,No,-287421.363948839,6705397.63750124
2001,266,Cabot Primary School,2010,11,"2010: 39.2, 2011: 37.6",,39.2,Roadside Stage 4 (DT),No,-287150.501367294,6703571.28676571
2002,263,Gatton Road,2010,11,"2010: 43.1, 2011: 38.5, 2012: 35.7, 2013: 35, 2014: 33.9, 2015: 33.6, 2016: 33.6, 2017: 33.5",,43.1,Roadside Stage 4 (DT),No,-286346.675872253,6704467.7269175
2003,183,Ferndown Close (National),2010,1,2010: 30.3,,30.3,National (DT),No,-295761.189333488,6709232.68135435
2004,104,Teyfant Primary School,2010,1,2010: 25.7,,25.7,Wards (DT),No,-288211.39552994,6693402.5722945
2005,95,Redland Court,2010,1,2010: 34.1,,34.1,Wards (DT),No,-289917.182566946,6705436.81866008
2006,89,Avon County School,2010,1,2010: 37.4,,37.4,Wards (DT),No,-298662.102473145,6709593.52380231
2007,85,Blaise Castle,2010,1,2010: 26.9,,26.9,Wards (DT),No,-293073.414819402,6711245.39924464
2008,81,Eastville Park,2010,13,"2010: 22.7, 2011: 19.2, 2012: 21, 2013: 18.2, 2014: 17.5, 2015: 17.9, 2016: 17, 2017: 18.8",,22.7,Wards (DT),No,-284251.786073126,6705912.41811108
2009,23,Old Market,2010,39,"2010: 56.3, 2011: 52.3, 2012: 47.9, 2013: 50.6, 2014: 44.2, 2015: 45.3, 2016: 47.2, 2017: 46.7",,56.3,Roadside (DT),No,-287592.734480822,6702358.09069367
2010,17,Anglesea Place,2010,13,"2010: 40.3, 2011: 21, 2012: 21.3, 2013: 25, 2014: 21.2, 2015: 20, 2016: 21.9, 2017: 19.7",,40.3,Roadside (DT),No,-291267.721488841,6704602.80656711
2011,11,Whitefriars,2010,12,"2010: 60.8, 2011: 56.1, 2012: 53.2, 2013: 56.3, 2014: 48.8, 2015: 51.4, 2016: 51.7, 2017: 49.2, 2018: 48.1, 2019: 41.1, 2020: 31.1, 2021: 35, 2022: 35.3, 2023: 29.6, 2024: 29.4",,60.8,Roadside (DT),Yes,-288783.750004099,6702631.21072234
2012,8,Higham Street,2010,13,"2010: 29.8, 2011: 25.7, 2012: 25.6, 2013: 26.8, 2014: 22.6, 2015: 22.5, 2016: 26.3, 2017: 21.9",,29.8,Roadside (DT),No,-287126.547721504,6700333.22530665
2013,102,Bishops Close,2010,1,2010: 29.3,,29.3,Wards (DT),No,-292697.426706103,6705932.39280083
2014,111,Clifton College,2010,1,2010: 39.9,,39.9,Wards (DT),No,-291758.334533041,6703491.64186927
2015,147,Anchor Road,2010,12,"2010: 65.6, 2011: 66.4, 2012: 60.6, 2013: 60.2, 2014: 57, 2015: 60.1, 2016: 56.9, 2017: 61.5, 2018: 56.6, 2019: 50.9, 2020: 39.4, 2021: 43.3, 2022: 45.5, 2023: 39.5, 2024: 36.3",,65.6,harbourside (DT),Yes,-289254.257300207,6701581.66334233
2016,175,top of Brislington Hill,2010,12,"2010: 57.9, 2011: 56.3, 2012: 54.7, 2013: 55.3, 2014: 51.7, 2015: 52.9, 2016: 56.5, 2017: 54, 2018: 54.9, 2019: 44.6, 2020: 36.4, 2021: 41.4, 2022: 38.7, 2023: 30.4, 2024: 30.3",,57.9,bath road showcase route (DT),Yes,-283408.629887594,6698149.144355
2017,185,Newfoundland Way (National),2010,1,2010: 77.1,,77.1,National (DT),No,-287536.427998076,6703136.05305918
2018,297,Facade   383 Church Road Redfield,2010,13,"2010: 39.1, 2011: 36.7, 2012: 33.6, 2013: 34.9, 2014: 34.9",,39.1,Post Stage Four,No,-283168.484313521,6703131.19453382
2019,367,River Street facade 1,2010,13,"2010: 36.4, 2011: 35.7",,36.4,BROADMEAD,No,-287423.22633034,6702802.80927558
2020,374,St. Paul Street,2010,13,"2010: 56.2, 2011: 56.2, 2012: 46.8, 2013: 50.7, 2014: 51.8, 2015: 47.1, 2016: 47.2, 2017: 45.2, 2018: 47.8, 2019: 39.9, 2020: 29.9, 2021: 35, 2022: 33.7, 2023: 27.1, 2024: 25.1",,56.2,BROADMEAD,Yes,-287671.912995715,6703046.61290049
2021,396,Avonmouth Rd No 28 on facia,2010,12,"2010: 40.4, 2011: 36.3, 2012: 34.7, 2013: 31.9, 2014: 30.7, 2015: 32, 2016: 32.8, 2017: 32.7",,40.4,Post DA Facades,No,-298813.605486695,6709503.67765245
2022,425,Ashley Rd P sign outside International Market (nr Dalrymple Rd),2010,12,"2010: 43.3, 2011: 42.2, 2012: 41.4, 2013: 38.9, 2014: 43.7",,43.3,Post DA Facades,No,-287985.21592089,6703955.03046855
2023,441,Avon Probation Service,2010,39,"2010: 58.7, 2011: 57.8, 2012: 55, 2013: 56.1, 2014: 50.2, 2015: 45.8, 2016: 45.1",,58.7,QAQC,No,-287455.135573451,6703189.71654543
2024,476,Elmgrove Ave,2010,13,"2010: 33.1, 2011: 29.4",,33.1,USA 2009,No,-285423.588688328,6703633.00634763
2025,462,Millpond School play area,2010,12,"2010: 35.8, 2011: 32.6, 2012: 31.7, 2013: 32.9, 2014: 29.2, 2015: 30.4, 2016: 30.8, 2017: 34.6",,35.8,Millpond School,No,-286278.220554745,6704320.44194323
2026,455,St. Pauls Day Nursery,2010,39,"2010: 34.8, 2011: 30, 2012: 29.5, 2013: 30.1, 2014: 27.3, 2015: 26.5, 2016: 27.9, 2017: 26, 2018: 24.4, 2019: 20.8, 2020: 15.9, 2021: 16.4, 2022: 16.7, 2023: 14.3, 2024: 13.8",,34.8,QAQC,Yes,-287711.369865179,6703574.84926661
2027,448,Economy Cars,2010,36,"2010: 40.6, 2011: 39.9, 2012: 37.6, 2013: 38.6",,40.6,QAQC,No,-286244.19575046,6699949.93652804
2028,306,Lamppost     Cottrell Road \ Muller Road Horfield,2010,13,"2010: 51.6, 2011: 55.9",,51.6,Post Stage Four,No,-285178.974638735,6705799.27175951
