{
"type": "FeatureCollection",
"name": "segments",
"crs": { "type": "name", "properties": { "name": "urn:ogc:def:crs:EPSG::27700" } },
"features": [
{ "type": "Feature", "properties": { "JOURNEY_LINK_ID": 9, "SITE_ID": 215, "SEGMENT_ID": 0, "SEGMENT_LENGTH": 29.999999999990376, "LENGTH_PROPORTION": 0.0058569778684802671, "DIST_TO_SENSOR": 284.85030359948479, "MIDPOINT_X": 358260.25349955523, "MIDPOINT_Y": 170765.0439985157, "SENSOR_X": 358042.0, "SENSOR_Y": 170582.0 }, "geometry": { "type": "LineString", "coordinates": [ [ 358271.230327255092561, 170775.266975266480586 ], [ 358249.276671855361201, 170754.821021764888428 ] ] } },
{ "type": "Feature", "properties": { "JOURNEY_LINK_ID": 9, "SITE_ID": 215, "SEGMENT_ID": 1, "SEGMENT_LENGTH": 30.00000000001021, "LENGTH_PROPORTION": 0.005856977868484139, "DIST_TO_SENSOR": 254.89557284870975, "MIDPOINT_X": 358238.2998441555, "MIDPOINT_Y": 170744.59804501408, "SENSOR_X": 358042.0, "SENSOR_Y": 170582.0 }, "geometry": { "type": "LineString", "coordinates": [ [ 358249.276671855361201, 170754.821021764888428 ], [ 358227.32301645562984, 170734.375068263267167 ] ] } },
{ "type": "Feature", "properties": { "JOURNEY_LINK_ID": 9, "SITE_ID": 215, "SEGMENT_ID": 2, "SEGMENT_LENGTH": 29.999999999990376, "LENGTH_PROPORTION": 0.0058569778684802671, "DIST_TO_SENSOR": 224.95290763852412, "MIDPOINT_X": 358216.34618875576, "MIDPOINT_Y": 170724.15209151246, "SENSOR_X": 358042.0, "SENSOR_Y": 170582.0 }, "geometry": { "type": "LineString", "coordinates": [ [ 358227.32301645562984, 170734.375068263267167 ], [ 358205.36936105589848, 170713.92911476167501 ] ] } },
{ "type": "Feature", "properties": { "JOURNEY_LINK_ID": 9, "SITE_ID": 215, "SEGMENT_ID": 3, "SEGMENT_LENGTH": 30.000000000027999, "LENGTH_PROPORTION": 0.0058569778684876119, "DIST_TO_SENSOR": 194.98999559681189, "MIDPOINT_X": 358193.60199432372, "MIDPOINT_Y": 170704.62925303497, "SENSOR_X": 358042.0, "SENSOR_Y": 170582.0 }, "geometry": { "type": "LineString", "coordinates": [ [ 358205.36936105589848, 170713.92911476167501 ], [ 358205.068318209261633, 170713.648746507184114 ], [ 358186.876995021943003, 170699.339319843798876 ], [ 358181.812309018510859, 170695.355455517099472 ] ] } },
{ "type": "Feature", "properties": { "JOURNEY_LINK_ID": 9, "SITE_ID": 215, "SEGMENT_ID": 4, "SEGMENT_LENGTH": 29.99999999999433, "LENGTH_PROPORTION": 0.005856977868481039, "DIST_TO_SENSOR": 164.99328475975994, "MIDPOINT_X": 358170.02258861857, "MIDPOINT_Y": 170686.0817026149, "SENSOR_X": 358042.0, "SENSOR_Y": 170582.0 }, "geometry": { "type": "LineString", "coordinates": [ [ 358181.812309018510859, 170695.355455517099472 ], [ 358158.232868218619842, 170676.807949712703703 ] ] } },
{ "type": "Feature", "properties": { "JOURNEY_LINK_ID": 9, "SITE_ID": 215, "SEGMENT_ID": 5, "SEGMENT_LENGTH": 29.999999999997598, "LENGTH_PROPORTION": 0.0058569778684816774, "DIST_TO_SENSOR": 135.0019948006782, "MIDPOINT_X": 358146.34866778919, "MIDPOINT_Y": 170667.65567191251, "SENSOR_X": 358042.0, "SENSOR_Y": 170582.0 }, "geometry": { "type": "LineString", "coordinates": [ [ 358158.232868218619842, 170676.807949712703703 ], [ 358157.490598367992789, 170676.224082839849871 ], [ 358134.458119318005629, 170658.511555932578631 ] ] } },
{ "type": "Feature", "properties": { "JOURNEY_LINK_ID": 9, "SITE_ID": 215, "SEGMENT_ID": 6, "SEGMENT_LENGTH": 29.999999999970299, "LENGTH_PROPORTION": 0.0058569778684763475, "DIST_TO_SENSOR": 105.03690470187691, "MIDPOINT_X": 358122.43385542685, "MIDPOINT_Y": 170649.55106402215, "SENSOR_X": 358042.0, "SENSOR_Y": 170582.0 }, "geometry": { "type": "LineString", "coordinates": [ [ 358134.458119318005629, 170658.511555932578631 ], [ 358126.009303060418461, 170652.014214288501535 ], [ 358110.081344901758712, 170641.04133525287034 ] ] } },
{ "type": "Feature", "properties": { "JOURNEY_LINK_ID": 9, "SITE_ID": 215, "SEGMENT_ID": 7, "SEGMENT_LENGTH": 30.000000000017856, "LENGTH_PROPORTION": 0.0058569778684856317, "DIST_TO_SENSOR": 75.227297138681976, "MIDPOINT_X": 358097.72883437661, "MIDPOINT_Y": 170632.53160648362, "SENSOR_X": 358042.0, "SENSOR_Y": 170582.0 }, "geometry": { "type": "LineString", "coordinates": [ [ 358110.081344901758712, 170641.04133525287034 ], [ 358085.376323851465713, 170624.021877714345464 ] ] } },
{ "type": "Feature", "properties": { "JOURNEY_LINK_ID": 9, "SITE_ID": 215, "SEGMENT_ID": 8, "SEGMENT_LENGTH": 29.999999999969923, "LENGTH_PROPORTION": 0.0058569778684762737, "DIST_TO_SENSOR": 45.667725148362358, "MIDPOINT_X": 358073.02381332638, "MIDPOINT_Y": 170615.51214894507, "SENSOR_X": 358042.0, "SENSOR_Y": 170582.0 }, "geometry": { "type": "LineString", "coordinates": [ [ 358085.376323851465713, 170624.021877714345464 ], [ 358060.671302801230922, 170607.002420175820589 ] ] } },
{ "type": "Feature", "properties": { "JOURNEY_LINK_ID": 9, "SITE_ID": 215, "SEGMENT_ID": 9, "SEGMENT_LENGTH": 30.000000000034369, "LENGTH_PROPORTION": 0.0058569778684888557, "DIST_TO_SENSOR": 17.661710156714193, "MIDPOINT_X": 358048.31879227608, "MIDPOINT_Y": 170598.49269140654, "SENSOR_X": 358042.0, "SENSOR_Y": 170582.0 }, "geometry": { "type": "LineString", "coordinates": [ [ 358060.671302801230922, 170607.002420175820589 ], [ 358035.966281750937924, 170589.98296263726661 ] ] } },
{ "type": "Feature", "properties": { "JOURNEY_LINK_ID": 9, "SITE_ID": 215, "SEGMENT_ID": 10, "SEGMENT_LENGTH": 29.999999999993221, "LENGTH_PROPORTION": 0.0058569778684808222, "DIST_TO_SENSOR": 18.39377316091883, "MIDPOINT_X": 358023.61377122579, "MIDPOINT_Y": 170581.47323386802, "SENSOR_X": 358042.0, "SENSOR_Y": 170582.0 }, "geometry": { "type": "LineString", "coordinates": [ [ 358035.966281750937924, 170589.98296263726661 ], [ 358012.741512543172576, 170573.983260691282339 ], [ 358011.233316535071936, 170573.005307836137945 ] ] } },
{ "type": "Feature", "properties": { "JOURNEY_LINK_ID": 9, "SITE_ID": 215, "SEGMENT_ID": 11, "SEGMENT_LENGTH": 30.000000000012076, "LENGTH_PROPORTION": 0.0058569778684845033, "DIST_TO_SENSOR": 46.623419517041867, "MIDPOINT_X": 357998.64761555556, "MIDPOINT_Y": 170564.84441751373, "SENSOR_X": 358042.0, "SENSOR_Y": 170582.0 }, "geometry": { "type": "LineString", "coordinates": [ [ 358011.233316535071936, 170573.005307836137945 ], [ 357986.061914576042909, 170556.683527191315079 ] ] } },
{ "type": "Feature", "properties": { "JOURNEY_LINK_ID": 9, "SITE_ID": 215, "SEGMENT_ID": 12, "SEGMENT_LENGTH": 29.999999999986102, "LENGTH_PROPORTION": 0.0058569778684794327, "DIST_TO_SENSOR": 76.26429797277288, "MIDPOINT_X": 357973.47621359653, "MIDPOINT_Y": 170548.5226368689, "SENSOR_X": 358042.0, "SENSOR_Y": 170582.0 }, "geometry": { "type": "LineString", "coordinates": [ [ 357986.061914576042909, 170556.683527191315079 ], [ 357968.707176452444401, 170545.430271243851166 ], [ 357961.279915610561147, 170539.80657383822836 ] ] } },
{ "type": "Feature", "properties": { "JOURNEY_LINK_ID": 9, "SITE_ID": 215, "SEGMENT_ID": 13, "SEGMENT_LENGTH": 14.376702231149476, "LENGTH_PROPORTION": 0.0028068008929866789, "DIST_TO_SENSOR": 98.178732298171425, "MIDPOINT_X": 357955.54901767895, "MIDPOINT_Y": 170535.46731115226, "SENSOR_X": 358042.0, "SENSOR_Y": 170582.0 }, "geometry": { "type": "LineString", "coordinates": [ [ 357961.279915610561147, 170539.80657383822836 ], [ 357949.818119747273158, 170531.128048466285691 ] ] } },
{ "type": "Feature", "properties": { "JOURNEY_LINK_ID": 9, "SITE_ID": 215, "SEGMENT_ID": 14, "SEGMENT_LENGTH": 30.000000000002185, "LENGTH_PROPORTION": 0.0058569778684825725, "DIST_TO_SENSOR": 119.9826953473129, "MIDPOINT_X": 357935.43812920596, "MIDPOINT_Y": 170526.86004283934, "SENSOR_X": 358042.0, "SENSOR_Y": 170582.0 }, "geometry": { "type": "LineString", "coordinates": [ [ 357949.818119747273158, 170531.128048466285691 ], [ 357921.058138664637227, 170522.592037212394644 ] ] } },
{ "type": "Feature", "properties": { "JOURNEY_LINK_ID": 9, "SITE_ID": 215, "SEGMENT_ID": 15, "SEGMENT_LENGTH": 19.433423299621371, "LENGTH_PROPORTION": 0.0037940376724909216, "DIST_TO_SENSOR": 144.33404005502246, "MIDPOINT_X": 357911.7430572235, "MIDPOINT_Y": 170519.82730521262, "SENSOR_X": 358042.0, "SENSOR_Y": 170582.0 }, "geometry": { "type": "LineString", "coordinates": [ [ 357921.058138664637227, 170522.592037212394644 ], [ 357902.427975782367866, 170517.062573212839197 ] ] } },
{ "type": "Feature", "properties": { "JOURNEY_LINK_ID": 9, "SITE_ID": 215, "SEGMENT_ID": 16, "SEGMENT_LENGTH": 30.000000000010143, "LENGTH_PROPORTION": 0.005856977868484126, "DIST_TO_SENSOR": 168.17691434859933, "MIDPOINT_X": 357887.50343161094, "MIDPOINT_Y": 170515.55991514289, "SENSOR_X": 358042.0, "SENSOR_Y": 170582.0 }, "geometry": { "type": "LineString", "coordinates": [ [ 357902.427975782367866, 170517.062573212839197 ], [ 357872.578887439507525, 170514.057257072941866 ] ] } },
{ "type": "Feature", "properties": { "JOURNEY_LINK_ID": 9, "SITE_ID": 215, "SEGMENT_ID": 17, "SEGMENT_LENGTH": 29.999999999985995, "LENGTH_PROPORTION": 0.0058569778684794118, "DIST_TO_SENSOR": 197.25558443919013, "MIDPOINT_X": 357857.82531272946, "MIDPOINT_Y": 170511.36395989833, "SENSOR_X": 358042.0, "SENSOR_Y": 170582.0 }, "geometry": { "type": "LineString", "coordinates": [ [ 357872.578887439507525, 170514.057257072941866 ], [ 357871.813754727656487, 170513.98022069374565 ], [ 357843.080976703378838, 170508.60632410843391 ] ] } },
{ "type": "Feature", "properties": { "JOURNEY_LINK_ID": 9, "SITE_ID": 215, "SEGMENT_ID": 18, "SEGMENT_LENGTH": 29.999999999978577, "LENGTH_PROPORTION": 0.0058569778684779633, "DIST_TO_SENSOR": 226.82824645063235, "MIDPOINT_X": 357828.3366406773, "MIDPOINT_Y": 170505.84868831854, "SENSOR_X": 358042.0, "SENSOR_Y": 170582.0 }, "geometry": { "type": "LineString", "coordinates": [ [ 357843.080976703378838, 170508.60632410843391 ], [ 357813.592304651218001, 170503.091052528645378 ] ] } },
{ "type": "Feature", "properties": { "JOURNEY_LINK_ID": 9, "SITE_ID": 215, "SEGMENT_ID": 19, "SEGMENT_LENGTH": 30.000000000041144, "LENGTH_PROPORTION": 0.0058569778684901784, "DIST_TO_SENSOR": 256.50017774514959, "MIDPOINT_X": 357798.84796862514, "MIDPOINT_Y": 170500.33341673872, "SENSOR_X": 358042.0, "SENSOR_Y": 170582.0 }, "geometry": { "type": "LineString", "coordinates": [ [ 357813.592304651218001, 170503.091052528645378 ], [ 357784.103632598998956, 170497.575780948827742 ] ] } },
{ "type": "Feature", "properties": { "JOURNEY_LINK_ID": 9, "SITE_ID": 215, "SEGMENT_ID": 20, "SEGMENT_LENGTH": 28.737386655654451, "LENGTH_PROPORTION": 0.005610474588006076, "DIST_TO_SENSOR": 285.61410720984145, "MIDPOINT_X": 357769.97984308691, "MIDPOINT_Y": 170494.93420608382, "SENSOR_X": 358042.0, "SENSOR_Y": 170582.0 }, "geometry": { "type": "LineString", "coordinates": [ [ 357784.103632598998956, 170497.575780948827742 ], [ 357755.856053574825637, 170492.292631218821043 ] ] } },
{ "type": "Feature", "properties": { "JOURNEY_LINK_ID": 21, "SITE_ID": 500, "SEGMENT_ID": 0, "SEGMENT_LENGTH": 15.187081069699266, "LENGTH_PROPORTION": 0.00066988667539385127, "DIST_TO_SENSOR": 294.99853108719685, "MIDPOINT_X": 359619.03080124862, "MIDPOINT_Y": 173659.58420083101, "SENSOR_X": 359522.0, "SENSOR_Y": 173381.0 }, "geometry": { "type": "LineString", "coordinates": [ [ 359611.81216435652459, 173657.227690853527747 ], [ 359626.249438140774146, 173661.94071080852882 ] ] } },
{ "type": "Feature", "properties": { "JOURNEY_LINK_ID": 21, "SITE_ID": 452, "SEGMENT_ID": 0, "SEGMENT_LENGTH": 28.547775245332378, "LENGTH_PROPORTION": 0.036488916815499157, "DIST_TO_SENSOR": 296.13732009536585, "MIDPOINT_X": 359625.38133032253, "MIDPOINT_Y": 173661.65731869923, "SENSOR_X": 359488.0, "SENSOR_Y": 173924.0 }, "geometry": { "type": "LineString", "coordinates": [ [ 359611.81216435652459, 173657.227690853527747 ], [ 359638.950496288540307, 173666.086946544935927 ] ] } },
{ "type": "Feature", "properties": { "JOURNEY_LINK_ID": 21, "SITE_ID": 452, "SEGMENT_ID": 1, "SEGMENT_LENGTH": 27.913198431702504, "LENGTH_PROPORTION": 0.03567781961557389, "DIST_TO_SENSOR": 298.93149787063658, "MIDPOINT_X": 359650.87574631977, "MIDPOINT_Y": 173673.33781362168, "SENSOR_X": 359488.0, "SENSOR_Y": 173924.0 }, "geometry": { "type": "LineString", "coordinates": [ [ 359638.950496288540307, 173666.086946544935927 ], [ 359662.800996350997593, 173680.588680698419921 ] ] } },
{ "type": "Feature", "properties": { "JOURNEY_LINK_ID": 21, "SITE_ID": 463, "SEGMENT_ID": 0, "SEGMENT_LENGTH": 30.000000000005915, "LENGTH_PROPORTION": 0.0083345001598346784, "DIST_TO_SENSOR": 285.00254410325061, "MIDPOINT_X": 362689.25920790102, "MIDPOINT_Y": 175431.31714805414, "SENSOR_X": 362926.0, "SENSOR_Y": 175590.0 }, "geometry": { "type": "LineString", "coordinates": [ [ 362676.388152710103896, 175423.614165627019247 ], [ 362702.130263091938104, 175439.020130481250817 ] ] } },
{ "type": "Feature", "properties": { "JOURNEY_LINK_ID": 21, "SITE_ID": 463, "SEGMENT_ID": 1, "SEGMENT_LENGTH": 30.000000000025331, "LENGTH_PROPORTION": 0.0083345001598400734, "DIST_TO_SENSOR": 255.03943331214225, "MIDPOINT_X": 362714.83541233785, "MIDPOINT_Y": 175446.98031792213, "SENSOR_X": 362926.0, "SENSOR_Y": 175590.0 }, "geometry": { "type": "LineString", "coordinates": [ [ 362702.130263091938104, 175439.020130481250817 ], [ 362711.090072049933951, 175444.382336604234297 ], [ 362727.16050738026388, 175455.529705747961998 ] ] } },
{ "type": "Feature", "properties": { "JOURNEY_LINK_ID": 21, "SITE_ID": 463, "SEGMENT_ID": 2, "SEGMENT_LENGTH": 29.999999999972395, "LENGTH_PROPORTION": 0.0083345001598253664, "DIST_TO_SENSOR": 225.05475759059692, "MIDPOINT_X": 362739.89898896235, "MIDPOINT_Y": 175463.44543625406, "SENSOR_X": 362926.0, "SENSOR_Y": 175590.0 }, "geometry": { "type": "LineString", "coordinates": [ [ 362727.16050738026388, 175455.529705747961998 ], [ 362728.542644129018299, 175456.488434508501086 ], [ 362741.100761720794253, 175464.181653346866369 ], [ 362752.981174983433448, 175470.781766283122124 ] ] } },
{ "type": "Feature", "properties": { "JOURNEY_LINK_ID": 21, "SITE_ID": 463, "SEGMENT_ID": 3, "SEGMENT_LENGTH": 29.999999999989328, "LENGTH_PROPORTION": 0.0083345001598300709, "DIST_TO_SENSOR": 195.1901915763429, "MIDPOINT_X": 362766.09358878341, "MIDPOINT_Y": 175478.06631186529, "SENSOR_X": 362926.0, "SENSOR_Y": 175590.0 }, "geometry": { "type": "LineString", "coordinates": [ [ 362752.981174983433448, 175470.781766283122124 ], [ 362776.667152570968028, 175483.940410147421062 ], [ 362779.090067408862524, 175485.541848457127344 ] ] } },
{ "type": "Feature", "properties": { "JOURNEY_LINK_ID": 21, "SITE_ID": 463, "SEGMENT_ID": 4, "SEGMENT_LENGTH": 30.000000000003386, "LENGTH_PROPORTION": 0.0083345001598339758, "DIST_TO_SENSOR": 165.27050231917781, "MIDPOINT_X": 362791.60371012188, "MIDPOINT_Y": 175493.81280644581, "SENSOR_X": 362926.0, "SENSOR_Y": 175590.0 }, "geometry": { "type": "LineString", "coordinates": [ [ 362779.090067408862524, 175485.541848457127344 ], [ 362798.302619148045778, 175498.240485611371696 ], [ 362804.199242381379008, 175501.95690248865867 ] ] } },
{ "type": "Feature", "properties": { "JOURNEY_LINK_ID": 21, "SITE_ID": 463, "SEGMENT_ID": 5, "SEGMENT_LENGTH": 29.999999999983512, "LENGTH_PROPORTION": 0.0083345001598284542, "DIST_TO_SENSOR": 135.31897167724935, "MIDPOINT_X": 362816.85219695844, "MIDPOINT_Y": 175510.0126185765, "SENSOR_X": 362926.0, "SENSOR_Y": 175590.0 }, "geometry": { "type": "LineString", "coordinates": [ [ 362804.199242381379008, 175501.95690248865867 ], [ 362812.257639211369678, 175507.035802869009785 ], [ 362829.440915154118557, 175518.168853871611645 ] ] } },
{ "type": "Feature", "properties": { "JOURNEY_LINK_ID": 21, "SITE_ID": 463, "SEGMENT_ID": 6, "SEGMENT_LENGTH": 30.000000000014946, "LENGTH_PROPORTION": 0.0083345001598371868, "DIST_TO_SENSOR": 105.38271558934615, "MIDPOINT_X": 362842.02963334986, "MIDPOINT_Y": 175526.32508916673, "SENSOR_X": 362926.0, "SENSOR_Y": 175590.0 }, "geometry": { "type": "LineString", "coordinates": [ [ 362829.440915154118557, 175518.168853871611645 ], [ 362854.618351545534097, 175534.481324461841723 ] ] } },
{ "type": "Feature", "properties": { "JOURNEY_LINK_ID": 21, "SITE_ID": 463, "SEGMENT_ID": 7, "SEGMENT_LENGTH": 29.999999999981132, "LENGTH_PROPORTION": 0.0083345001598277933, "DIST_TO_SENSOR": 75.49708202434357, "MIDPOINT_X": 362867.20706974121, "MIDPOINT_Y": 175542.63755975696, "SENSOR_X": 362926.0, "SENSOR_Y": 175590.0 }, "geometry": { "type": "LineString", "coordinates": [ [ 362854.618351545534097, 175534.481324461841723 ], [ 362875.063207052997313, 175547.727554101846181 ], [ 362879.751611682411749, 175550.860925675486214 ] ] } },
{ "type": "Feature", "properties": { "JOURNEY_LINK_ID": 21, "SITE_ID": 463, "SEGMENT_ID": 8, "SEGMENT_LENGTH": 30.000000000039034, "LENGTH_PROPORTION": 0.0083345001598438793, "DIST_TO_SENSOR": 45.714340775471307, "MIDPOINT_X": 362892.22282054601, "MIDPOINT_Y": 175559.19572918135, "SENSOR_X": 362926.0, "SENSOR_Y": 175590.0 }, "geometry": { "type": "LineString", "coordinates": [ [ 362879.751611682411749, 175550.860925675486214 ], [ 362904.694029409612995, 175567.530532687174855 ] ] } },
{ "type": "Feature", "properties": { "JOURNEY_LINK_ID": 21, "SITE_ID": 463, "SEGMENT_ID": 9, "SEGMENT_LENGTH": 29.999999999990639, "LENGTH_PROPORTION": 0.0083345001598304352, "DIST_TO_SENSOR": 16.668585294075637, "MIDPOINT_X": 362917.16523827321, "MIDPOINT_Y": 175575.865336193, "SENSOR_X": 362926.0, "SENSOR_Y": 175590.0 }, "geometry": { "type": "LineString", "coordinates": [ [ 362904.694029409612995, 175567.530532687174855 ], [ 362929.636447136756033, 175584.200139698863495 ] ] } },
{ "type": "Feature", "properties": { "JOURNEY_LINK_ID": 21, "SITE_ID": 463, "SEGMENT_ID": 10, "SEGMENT_LENGTH": 29.999999999990639, "LENGTH_PROPORTION": 0.0083345001598304352, "DIST_TO_SENSOR": 16.305904417575821, "MIDPOINT_X": 362942.1076560003, "MIDPOINT_Y": 175592.53494320472, "SENSOR_X": 362926.0, "SENSOR_Y": 175590.0 }, "geometry": { "type": "LineString", "coordinates": [ [ 362929.636447136756033, 175584.200139698863495 ], [ 362954.578864863899071, 175600.869746710552135 ] ] } },
{ "type": "Feature", "properties": { "JOURNEY_LINK_ID": 21, "SITE_ID": 463, "SEGMENT_ID": 11, "SEGMENT_LENGTH": 29.999999999974467, "LENGTH_PROPORTION": 0.0083345001598259423, "DIST_TO_SENSOR": 45.320230604518052, "MIDPOINT_X": 362967.0500737275, "MIDPOINT_Y": 175609.20455021638, "SENSOR_X": 362926.0, "SENSOR_Y": 175590.0 }, "geometry": { "type": "LineString", "coordinates": [ [ 362954.578864863899071, 175600.869746710552135 ], [ 362979.521282591042109, 175617.539353722211672 ] ] } },
{ "type": "Feature", "properties": { "JOURNEY_LINK_ID": 21, "SITE_ID": 463, "SEGMENT_ID": 12, "SEGMENT_LENGTH": 30.000000000039034, "LENGTH_PROPORTION": 0.0083345001598438793, "DIST_TO_SENSOR": 75.113008761554283, "MIDPOINT_X": 362991.99249145464, "MIDPOINT_Y": 175625.87415722804, "SENSOR_X": 362926.0, "SENSOR_Y": 175590.0 }, "geometry": { "type": "LineString", "coordinates": [ [ 362979.521282591042109, 175617.539353722211672 ], [ 363004.463700318243355, 175634.208960733900312 ] ] } },
{ "type": "Feature", "properties": { "JOURNEY_LINK_ID": 21, "SITE_ID": 463, "SEGMENT_ID": 13, "SEGMENT_LENGTH": 29.999999999980393, "LENGTH_PROPORTION": 0.0083345001598275886, "DIST_TO_SENSOR": 105.02383000243309, "MIDPOINT_X": 363016.93490918179, "MIDPOINT_Y": 175642.54376423973, "SENSOR_X": 362926.0, "SENSOR_Y": 175590.0 }, "geometry": { "type": "LineString", "coordinates": [ [ 363004.463700318243355, 175634.208960733900312 ], [ 363026.51248114759801, 175648.94468184694415 ], [ 363029.475041159894317, 175650.771232513827272 ] ] } },
{ "type": "Feature", "properties": { "JOURNEY_LINK_ID": 21, "SITE_ID": 463, "SEGMENT_ID": 14, "SEGMENT_LENGTH": 30.000000000013124, "LENGTH_PROPORTION": 0.008334500159836682, "DIST_TO_SENSOR": 134.997873732389, "MIDPOINT_X": 363042.24329992541, "MIDPOINT_Y": 175658.6434347532, "SENSOR_X": 362926.0, "SENSOR_Y": 175590.0 }, "geometry": { "type": "LineString", "coordinates": [ [ 363029.475041159894317, 175650.771232513827272 ], [ 363042.558208625996485, 175658.837590042792726 ], [ 363055.195415008813143, 175666.209112791839289 ] ] } },
{ "type": "Feature", "properties": { "JOURNEY_LINK_ID": 21, "SITE_ID": 463, "SEGMENT_ID": 15, "SEGMENT_LENGTH": 29.999999999967621, "LENGTH_PROPORTION": 0.0083345001598240393, "DIST_TO_SENSOR": 164.98988218467409, "MIDPOINT_X": 363068.30687553668, "MIDPOINT_Y": 175673.48900764951, "SENSOR_X": 362926.0, "SENSOR_Y": 175590.0 }, "geometry": { "type": "LineString", "coordinates": [ [ 363055.195415008813143, 175666.209112791839289 ], [ 363061.38993201800622, 175669.822492337087169 ], [ 363081.560044665297028, 175680.514212845620932 ] ] } },
{ "type": "Feature", "properties": { "JOURNEY_LINK_ID": 21, "SITE_ID": 463, "SEGMENT_ID": 16, "SEGMENT_LENGTH": 30.000000000045095, "LENGTH_PROPORTION": 0.0083345001598455638, "DIST_TO_SENSOR": 194.96625149847966, "MIDPOINT_X": 363094.81321379397, "MIDPOINT_Y": 175687.53941804174, "SENSOR_X": 362926.0, "SENSOR_Y": 175590.0 }, "geometry": { "type": "LineString", "coordinates": [ [ 363081.560044665297028, 175680.514212845620932 ], [ 363108.066382922639605, 175694.564623237849446 ] ] } },
{ "type": "Feature", "properties": { "JOURNEY_LINK_ID": 21, "SITE_ID": 463, "SEGMENT_ID": 17, "SEGMENT_LENGTH": 29.999999999978996, "LENGTH_PROPORTION": 0.0083345001598272, "DIST_TO_SENSOR": 224.94892136531121, "MIDPOINT_X": 363121.31955205125, "MIDPOINT_Y": 175701.58982843393, "SENSOR_X": 362926.0, "SENSOR_Y": 175590.0 }, "geometry": { "type": "LineString", "coordinates": [ [ 363108.066382922639605, 175694.564623237849446 ], [ 363127.623023712658323, 175704.931156190286856 ], [ 363134.69200700923102, 175708.38060875996598 ] ] } },
{ "type": "Feature", "properties": { "JOURNEY_LINK_ID": 21, "SITE_ID": 463, "SEGMENT_ID": 18, "SEGMENT_LENGTH": 30.00000000001269, "LENGTH_PROPORTION": 0.0083345001598365605, "DIST_TO_SENSOR": 254.90298622486316, "MIDPOINT_X": 363148.17004464916, "MIDPOINT_Y": 175714.96400940648, "SENSOR_X": 362926.0, "SENSOR_Y": 175590.0 }, "geometry": { "type": "LineString", "coordinates": [ [ 363134.69200700923102, 175708.38060875996598 ], [ 363147.835076895251404, 175714.79403404192999 ], [ 363161.546419060556218, 175721.751689982804237 ] ] } },
{ "type": "Feature", "properties": { "JOURNEY_LINK_ID": 21, "SITE_ID": 463, "SEGMENT_ID": 19, "SEGMENT_LENGTH": 29.943961659429334, "LENGTH_PROPORTION": 0.0083189317745516016, "DIST_TO_SENSOR": 284.85042157657847, "MIDPOINT_X": 363174.89780714444, "MIDPOINT_Y": 175728.5266915473, "SENSOR_X": 362926.0, "SENSOR_Y": 175590.0 }, "geometry": { "type": "LineString", "coordinates": [ [ 363161.546419060556218, 175721.751689982804237 ], [ 363188.249195228330791, 175735.301693111774512 ] ] } },
{ "type": "Feature", "properties": { "JOURNEY_LINK_ID": 41, "SITE_ID": 500, "SEGMENT_ID": 0, "SEGMENT_LENGTH": 10.767140491676452, "LENGTH_PROPORTION": 0.00047492759894844514, "DIST_TO_SENSOR": 294.42433701923079, "MIDPOINT_X": 359546.06926613359, "MIDPOINT_Y": 173087.5611466472, "SENSOR_X": 359522.0, "SENSOR_Y": 173381.0 }, "geometry": { "type": "LineString", "coordinates": [ [ 359545.983897046477068, 173082.178253307094565 ], [ 359546.154635220766068, 173092.944039987283759 ] ] } },
{ "type": "Feature", "properties": { "JOURNEY_LINK_ID": 41, "SITE_ID": 500, "SEGMENT_ID": 1, "SEGMENT_LENGTH": 30.000000000008793, "LENGTH_PROPORTION": 0.0013232694399661477, "DIST_TO_SENSOR": 274.28641519790699, "MIDPOINT_X": 359542.43686893181, "MIDPOINT_Y": 173107.47601211158, "SENSOR_X": 359522.0, "SENSOR_Y": 173381.0 }, "geometry": { "type": "LineString", "coordinates": [ [ 359546.154635220766068, 173092.944039987283759 ], [ 359538.741650783165824, 173121.919848263787571 ], [ 359538.715216485899873, 173122.006897652812768 ] ] } },
{ "type": "Feature", "properties": { "JOURNEY_LINK_ID": 41, "SITE_ID": 500, "SEGMENT_ID": 2, "SEGMENT_LENGTH": 29.999999999992006, "LENGTH_PROPORTION": 0.0013232694399654072, "DIST_TO_SENSOR": 244.95215483848415, "MIDPOINT_X": 359534.35669564921, "MIDPOINT_Y": 173136.35971257242, "SENSOR_X": 359522.0, "SENSOR_Y": 173381.0 }, "geometry": { "type": "LineString", "coordinates": [ [ 359538.715216485899873, 173122.006897652812768 ], [ 359529.998174812528305, 173150.712527491996298 ] ] } },
{ "type": "Feature", "properties": { "JOURNEY_LINK_ID": 41, "SITE_ID": 500, "SEGMENT_ID": 3, "SEGMENT_LENGTH": 29.999999999985462, "LENGTH_PROPORTION": 0.0013232694399651186, "DIST_TO_SENSOR": 216.2644966308315, "MIDPOINT_X": 359524.73655265087, "MIDPOINT_Y": 173164.75281786211, "SENSOR_X": 359522.0, "SENSOR_Y": 173381.0 }, "geometry": { "type": "LineString", "coordinates": [ [ 359529.998174812528305, 173150.712527491996298 ], [ 359529.262083664012607, 173153.136510401440319 ], [ 359519.291416950291023, 173178.729602084611543 ] ] } },
{ "type": "Feature", "properties": { "JOURNEY_LINK_ID": 41, "SITE_ID": 500, "SEGMENT_ID": 4, "SEGMENT_LENGTH": 30.000000000003354, "LENGTH_PROPORTION": 0.0013232694399659076, "DIST_TO_SENSOR": 188.47007212548743, "MIDPOINT_X": 359513.84628124972, "MIDPOINT_Y": 173192.70638630711, "SENSOR_X": 359522.0, "SENSOR_Y": 173381.0 }, "geometry": { "type": "LineString", "coordinates": [ [ 359519.291416950291023, 173178.729602084611543 ], [ 359508.834009871061426, 173205.572077701450326 ], [ 359508.374065636890009, 173206.672236824233551 ] ] } },
{ "type": "Feature", "properties": { "JOURNEY_LINK_ID": 41, "SITE_ID": 500, "SEGMENT_ID": 5, "SEGMENT_LENGTH": 30.000000000025555, "LENGTH_PROPORTION": 0.0013232694399668869, "DIST_TO_SENSOR": 161.65821656033313, "MIDPOINT_X": 359502.58828325005, "MIDPOINT_Y": 173220.51148254692, "SENSOR_X": 359522.0, "SENSOR_Y": 173381.0 }, "geometry": { "type": "LineString", "coordinates": [ [ 359508.374065636890009, 173206.672236824233551 ], [ 359496.802500863210298, 173234.350728269579122 ] ] } },
{ "type": "Feature", "properties": { "JOURNEY_LINK_ID": 41, "SITE_ID": 500, "SEGMENT_ID": 6, "SEGMENT_LENGTH": 29.99999999998343, "LENGTH_PROPORTION": 0.0013232694399650288, "DIST_TO_SENSOR": 136.37176301424742, "MIDPOINT_X": 359491.02392296866, "MIDPOINT_Y": 173248.19284507466, "SENSOR_X": 359522.0, "SENSOR_Y": 173381.0 }, "geometry": { "type": "LineString", "coordinates": [ [ 359496.802500863210298, 173234.350728269579122 ], [ 359491.105949395161588, 173247.976538966817316 ], [ 359485.705283866613172, 173262.218253378960071 ] ] } },
{ "type": "Feature", "properties": { "JOURNEY_LINK_ID": 41, "SITE_ID": 500, "SEGMENT_ID": 7, "SEGMENT_LENGTH": 28.91257055098097, "LENGTH_PROPORTION": 0.0012753040346989036, "DIST_TO_SENSOR": 113.12084687463857, "MIDPOINT_X": 359480.57943292416, "MIDPOINT_Y": 173275.73527361575, "SENSOR_X": 359522.0, "SENSOR_Y": 173381.0 }, "geometry": { "type": "LineString", "coordinates": [ [ 359485.705283866613172, 173262.218253378960071 ], [ 359475.453581981710158, 173289.252293852565344 ] ] } },
{ "type": "Feature", "properties": { "JOURNEY_LINK_ID": 41, "SITE_ID": 500, "SEGMENT_ID": 8, "SEGMENT_LENGTH": 30.000000000015646, "LENGTH_PROPORTION": 0.00132326943996645, "DIST_TO_SENSOR": 89.124887455875083, "MIDPOINT_X": 359476.79089810076, "MIDPOINT_Y": 173304.1925611058, "SENSOR_X": 359522.0, "SENSOR_Y": 173381.0 }, "geometry": { "type": "LineString", "coordinates": [ [ 359475.453581981710158, 173289.252293852565344 ], [ 359478.128214219817892, 173319.132828359026462 ] ] } },
{ "type": "Feature", "properties": { "JOURNEY_LINK_ID": 41, "SITE_ID": 500, "SEGMENT_ID": 9, "SEGMENT_LENGTH": 21.327842588366597, "LENGTH_PROPORTION": 0.00094074941058619151, "DIST_TO_SENSOR": 66.845642799991438, "MIDPOINT_X": 359479.07894980907, "MIDPOINT_Y": 173329.75428396586, "SENSOR_X": 359522.0, "SENSOR_Y": 173381.0 }, "geometry": { "type": "LineString", "coordinates": [ [ 359478.128214219817892, 173319.132828359026462 ], [ 359480.029685398330912, 173340.375739572686143 ] ] } },
{ "type": "Feature", "properties": { "JOURNEY_LINK_ID": 41, "SITE_ID": 500, "SEGMENT_ID": 10, "SEGMENT_LENGTH": 29.9999999999906, "LENGTH_PROPORTION": 0.0013232694399653452, "DIST_TO_SENSOR": 44.745767298244971, "MIDPOINT_X": 359486.32544245821, "MIDPOINT_Y": 173353.99056395801, "SENSOR_X": 359522.0, "SENSOR_Y": 173381.0 }, "geometry": { "type": "LineString", "coordinates": [ [ 359480.029685398330912, 173340.375739572686143 ], [ 359492.621199518092908, 173367.605388343305094 ] ] } },
{ "type": "Feature", "properties": { "JOURNEY_LINK_ID": 41, "SITE_ID": 500, "SEGMENT_ID": 11, "SEGMENT_LENGTH": 30.000000000017014, "LENGTH_PROPORTION": 0.0013232694399665102, "DIST_TO_SENSOR": 23.084093815200813, "MIDPOINT_X": 359498.91695657797, "MIDPOINT_Y": 173381.22021272863, "SENSOR_X": 359522.0, "SENSOR_Y": 173381.0 }, "geometry": { "type": "LineString", "coordinates": [ [ 359492.621199518092908, 173367.605388343305094 ], [ 359505.212713637854904, 173394.835037113953149 ] ] } },
{ "type": "Feature", "properties": { "JOURNEY_LINK_ID": 41, "SITE_ID": 500, "SEGMENT_ID": 12, "SEGMENT_LENGTH": 29.9999999999906, "LENGTH_PROPORTION": 0.0013232694399653452, "DIST_TO_SENSOR": 29.386511930274541, "MIDPOINT_X": 359511.50847069774, "MIDPOINT_Y": 173408.44986149925, "SENSOR_X": 359522.0, "SENSOR_Y": 173381.0 }, "geometry": { "type": "LineString", "coordinates": [ [ 359505.212713637854904, 173394.835037113953149 ], [ 359517.8042277576169, 173422.0646858845721 ] ] } },
{ "type": "Feature", "properties": { "JOURNEY_LINK_ID": 41, "SITE_ID": 500, "SEGMENT_ID": 13, "SEGMENT_LENGTH": 30.000000000017014, "LENGTH_PROPORTION": 0.0013232694399665102, "DIST_TO_SENSOR": 54.719820719638669, "MIDPOINT_X": 359524.0999848175, "MIDPOINT_Y": 173435.6795102699, "SENSOR_X": 359522.0, "SENSOR_Y": 173381.0 }, "geometry": { "type": "LineString", "coordinates": [ [ 359517.8042277576169, 173422.0646858845721 ], [ 359530.395741877378896, 173449.294334655220155 ] ] } },
{ "type": "Feature", "properties": { "JOURNEY_LINK_ID": 41, "SITE_ID": 500, "SEGMENT_ID": 14, "SEGMENT_LENGTH": 13.069125113475533, "LENGTH_PROPORTION": 0.00057646579565837379, "DIST_TO_SENSOR": 75.056535323755483, "MIDPOINT_X": 359533.13840976736, "MIDPOINT_Y": 173455.22546276488, "SENSOR_X": 359522.0, "SENSOR_Y": 173381.0 }, "geometry": { "type": "LineString", "coordinates": [ [ 359530.395741877378896, 173449.294334655220155 ], [ 359535.8810776573373, 173461.156590874539688 ] ] } },
{ "type": "Feature", "properties": { "JOURNEY_LINK_ID": 41, "SITE_ID": 500, "SEGMENT_ID": 15, "SEGMENT_LENGTH": 29.999999999992987, "LENGTH_PROPORTION": 0.0013232694399654503, "DIST_TO_SENSOR": 95.819756570281726, "MIDPOINT_X": 359534.10902424733, "MIDPOINT_Y": 173476.05155064998, "SENSOR_X": 359522.0, "SENSOR_Y": 173381.0 }, "geometry": { "type": "LineString", "coordinates": [ [ 359535.8810776573373, 173461.156590874539688 ], [ 359532.336970837321132, 173490.946510425419547 ] ] } },
{ "type": "Feature", "properties": { "JOURNEY_LINK_ID": 41, "SITE_ID": 500, "SEGMENT_ID": 16, "SEGMENT_LENGTH": 29.999999999992987, "LENGTH_PROPORTION": 0.0013232694399654503, "DIST_TO_SENSOR": 125.13492914629701, "MIDPOINT_X": 359530.56491742731, "MIDPOINT_Y": 173505.84147020086, "SENSOR_X": 359522.0, "SENSOR_Y": 173381.0 }, "geometry": { "type": "LineString", "coordinates": [ [ 359532.336970837321132, 173490.946510425419547 ], [ 359528.792864017304964, 173520.736429976299405 ] ] } },
{ "type": "Feature", "properties": { "JOURNEY_LINK_ID": 41, "SITE_ID": 500, "SEGMENT_ID": 17, "SEGMENT_LENGTH": 30.000000000027825, "LENGTH_PROPORTION": 0.0013232694399669871, "DIST_TO_SENSOR": 154.47868382136323, "MIDPOINT_X": 359525.9190369788, "MIDPOINT_Y": 173535.42896394245, "SENSOR_X": 359522.0, "SENSOR_Y": 173381.0 }, "geometry": { "type": "LineString", "coordinates": [ [ 359528.792864017304964, 173520.736429976299405 ], [ 359528.067046384443529, 173526.837275687023066 ], [ 359522.280863371037412, 173549.981066635868046 ] ] } },
{ "type": "Feature", "properties": { "JOURNEY_LINK_ID": 41, "SITE_ID": 500, "SEGMENT_ID": 18, "SEGMENT_LENGTH": 29.999999999974211, "LENGTH_PROPORTION": 0.0013232694399646222, "DIST_TO_SENSOR": 183.66067298608132, "MIDPOINT_X": 359519.17555720924, "MIDPOINT_Y": 173564.63895372339, "SENSOR_X": 359522.0, "SENSOR_Y": 173381.0 }, "geometry": { "type": "LineString", "coordinates": [ [ 359522.280863371037412, 173549.981066635868046 ], [ 359519.987318096274976, 173559.154874696978368 ], [ 359516.979168093763292, 173579.477278253238183 ] ] } },
{ "type": "Feature", "properties": { "JOURNEY_LINK_ID": 41, "SITE_ID": 500, "SEGMENT_ID": 19, "SEGMENT_LENGTH": 6.4710842305533181, "LENGTH_PROPORTION": 0.00028543293352451828, "DIST_TO_SENSOR": 201.75278122297172, "MIDPOINT_X": 359516.50540079479, "MIDPOINT_Y": 173582.67794651567, "SENSOR_X": 359522.0, "SENSOR_Y": 173381.0 }, "geometry": { "type": "LineString", "coordinates": [ [ 359516.979168093763292, 173579.477278253238183 ], [ 359516.031633495818824, 173585.878614778106567 ] ] } },
{ "type": "Feature", "properties": { "JOURNEY_LINK_ID": 41, "SITE_ID": 500, "SEGMENT_ID": 20, "SEGMENT_LENGTH": 30.000000000015731, "LENGTH_PROPORTION": 0.0013232694399664536, "DIST_TO_SENSOR": 212.12815434090857, "MIDPOINT_X": 359529.23073590361, "MIDPOINT_Y": 173593.00488277955, "SENSOR_X": 359522.0, "SENSOR_Y": 173381.0 }, "geometry": { "type": "LineString", "coordinates": [ [ 359516.031633495818824, 173585.878614778106567 ], [ 359538.360647664871067, 173597.934172365290578 ], [ 359542.121523135458119, 173600.625053702678997 ] ] } },
{ "type": "Feature", "properties": { "JOURNEY_LINK_ID": 41, "SITE_ID": 500, "SEGMENT_ID": 21, "SEGMENT_LENGTH": 29.999999999979387, "LENGTH_PROPORTION": 0.0013232694399648505, "DIST_TO_SENSOR": 230.62932106430938, "MIDPOINT_X": 359554.32055355469, "MIDPOINT_Y": 173609.35337867547, "SENSOR_X": 359522.0, "SENSOR_Y": 173381.0 }, "geometry": { "type": "LineString", "coordinates": [ [ 359542.121523135458119, 173600.625053702678997 ], [ 359566.519583973917179, 173618.081703648233088 ] ] } },
{ "type": "Feature", "properties": { "JOURNEY_LINK_ID": 41, "SITE_ID": 500, "SEGMENT_ID": 22, "SEGMENT_LENGTH": 30.00000000002947, "LENGTH_PROPORTION": 0.0013232694399670597, "DIST_TO_SENSOR": 252.07714636160037, "MIDPOINT_X": 359578.8821973874, "MIDPOINT_Y": 173626.57545345207, "SENSOR_X": 359522.0, "SENSOR_Y": 173381.0 }, "geometry": { "type": "LineString", "coordinates": [ [ 359566.519583973917179, 173618.081703648233088 ], [ 359569.105853757180739, 173619.932162443699781 ], [ 359591.288822065806016, 173635.006091867369832 ] ] } },
{ "type": "Feature", "properties": { "JOURNEY_LINK_ID": 41, "SITE_ID": 500, "SEGMENT_ID": 23, "SEGMENT_LENGTH": 10.341397218540642, "LENGTH_PROPORTION": 0.00045614849686139136, "DIST_TO_SENSOR": 267.23733184114809, "MIDPOINT_X": 359595.56554986385, "MIDPOINT_Y": 173637.91224455601, "SENSOR_X": 359522.0, "SENSOR_Y": 173381.0 }, "geometry": { "type": "LineString", "coordinates": [ [ 359591.288822065806016, 173635.006091867369832 ], [ 359599.842277661839034, 173640.818397244613152 ] ] } },
{ "type": "Feature", "properties": { "JOURNEY_LINK_ID": 41, "SITE_ID": 500, "SEGMENT_ID": 24, "SEGMENT_LENGTH": 26.070488440125981, "LENGTH_PROPORTION": 0.001149942687926644, "DIST_TO_SENSOR": 277.91979483118149, "MIDPOINT_X": 359612.54181631212, "MIDPOINT_Y": 173643.75766755303, "SENSOR_X": 359522.0, "SENSOR_Y": 173381.0 }, "geometry": { "type": "LineString", "coordinates": [ [ 359599.842277661839034, 173640.818397244613152 ], [ 359625.241354962461628, 173646.696937861444894 ] ] } },
{ "type": "Feature", "properties": { "JOURNEY_LINK_ID": 65, "SITE_ID": 500, "SEGMENT_ID": 0, "SEGMENT_LENGTH": 30.000000000019348, "LENGTH_PROPORTION": 0.0013232694399666132, "DIST_TO_SENSOR": 258.90031040319019, "MIDPOINT_X": 359479.64339966141, "MIDPOINT_Y": 173125.58800119293, "SENSOR_X": 359522.0, "SENSOR_Y": 173381.0 }, "geometry": { "type": "LineString", "coordinates": [ [ 359465.362492789048702, 173120.999352273764089 ], [ 359493.924306533765048, 173130.176650112087373 ] ] } },
{ "type": "Feature", "properties": { "JOURNEY_LINK_ID": 65, "SITE_ID": 500, "SEGMENT_ID": 1, "SEGMENT_LENGTH": 20.922455628203991, "LENGTH_PROPORTION": 0.0009228682047280651, "DIST_TO_SENSOR": 248.28494930567686, "MIDPOINT_X": 359503.88402787934, "MIDPOINT_Y": 173133.37684355892, "SENSOR_X": 359522.0, "SENSOR_Y": 173381.0 }, "geometry": { "type": "LineString", "coordinates": [ [ 359493.924306533765048, 173130.176650112087373 ], [ 359513.843749224906787, 173136.577037005743477 ] ] } },
{ "type": "Feature", "properties": { "JOURNEY_LINK_ID": 65, "SITE_ID": 500, "SEGMENT_ID": 2, "SEGMENT_LENGTH": 3.6142446500096952, "LENGTH_PROPORTION": 0.00015942064979725242, "DIST_TO_SENSOR": 242.87457801495296, "MIDPOINT_X": 359514.55184233346, "MIDPOINT_Y": 173138.23965399325, "SENSOR_X": 359522.0, "SENSOR_Y": 173381.0 }, "geometry": { "type": "LineString", "coordinates": [ [ 359513.843749224906787, 173136.577037005743477 ], [ 359515.259935442009009, 173139.902270980761386 ] ] } },
{ "type": "Feature", "properties": { "JOURNEY_LINK_ID": 65, "SITE_ID": 500, "SEGMENT_ID": 3, "SEGMENT_LENGTH": 28.292893228151957, "LENGTH_PROPORTION": 0.0012479706992342559, "DIST_TO_SENSOR": 233.46380427260232, "MIDPOINT_X": 359527.13344272226, "MIDPOINT_Y": 173147.59264006623, "SENSOR_X": 359522.0, "SENSOR_Y": 173381.0 }, "geometry": { "type": "LineString", "coordinates": [ [ 359515.259935442009009, 173139.902270980761386 ], [ 359539.006950002512895, 173155.283009151695296 ] ] } },
{ "type": "Feature", "properties": { "JOURNEY_LINK_ID": 65, "SITE_ID": 500, "SEGMENT_ID": 4, "SEGMENT_LENGTH": 11.879970743517008, "LENGTH_PROPORTION": 0.00052401340775277874, "DIST_TO_SENSOR": 226.2011924922937, "MIDPOINT_X": 359544.90802621382, "MIDPOINT_Y": 173155.96177698017, "SENSOR_X": 359522.0, "SENSOR_Y": 173381.0 }, "geometry": { "type": "LineString", "coordinates": [ [ 359539.006950002512895, 173155.283009151695296 ], [ 359548.048084719397593, 173156.322960367193446 ], [ 359550.827218999154866, 173156.300794989801943 ] ] } },
{ "type": "Feature", "properties": { "JOURNEY_LINK_ID": 65, "SITE_ID": 500, "SEGMENT_ID": 5, "SEGMENT_LENGTH": 17.687064835877415, "LENGTH_PROPORTION": 0.00078015841266698628, "DIST_TO_SENSOR": 232.08634990704439, "MIDPOINT_X": 359558.43466908287, "MIDPOINT_Y": 173151.79138606502, "SENSOR_X": 359522.0, "SENSOR_Y": 173381.0 }, "geometry": { "type": "LineString", "coordinates": [ [ 359550.827218999154866, 173156.300794989801943 ], [ 359566.04211916658096, 173147.281977140228264 ] ] } },
{ "type": "Feature", "properties": { "JOURNEY_LINK_ID": 65, "SITE_ID": 500, "SEGMENT_ID": 6, "SEGMENT_LENGTH": 29.999999999989921, "LENGTH_PROPORTION": 0.0013232694399653152, "DIST_TO_SENSOR": 238.27783069295131, "MIDPOINT_X": 359580.77779451531, "MIDPOINT_Y": 173150.08552346885, "SENSOR_X": 359522.0, "SENSOR_Y": 173381.0 }, "geometry": { "type": "LineString", "coordinates": [ [ 359566.04211916658096, 173147.281977140228264 ], [ 359595.513469864032231, 173152.889069797500269 ] ] } },
{ "type": "Feature", "properties": { "JOURNEY_LINK_ID": 65, "SITE_ID": 500, "SEGMENT_ID": 7, "SEGMENT_LENGTH": 29.999999999989921, "LENGTH_PROPORTION": 0.0013232694399653152, "DIST_TO_SENSOR": 241.97381854006531, "MIDPOINT_X": 359610.24914521276, "MIDPOINT_Y": 173155.69261612615, "SENSOR_X": 359522.0, "SENSOR_Y": 173381.0 }, "geometry": { "type": "LineString", "coordinates": [ [ 359595.513469864032231, 173152.889069797500269 ], [ 359624.984820561483502, 173158.496162454772275 ] ] } },
{ "type": "Feature", "properties": { "JOURNEY_LINK_ID": 65, "SITE_ID": 500, "SEGMENT_ID": 8, "SEGMENT_LENGTH": 30.000000000047102, "LENGTH_PROPORTION": 0.0013232694399678373, "DIST_TO_SENSOR": 249.25154586886893, "MIDPOINT_X": 359639.72049591027, "MIDPOINT_Y": 173161.29970878339, "SENSOR_X": 359522.0, "SENSOR_Y": 173381.0 }, "geometry": { "type": "LineString", "coordinates": [ [ 359624.984820561483502, 173158.496162454772275 ], [ 359654.456171258992981, 173164.10325511204428 ] ] } },
{ "type": "Feature", "properties": { "JOURNEY_LINK_ID": 65, "SITE_ID": 500, "SEGMENT_ID": 9, "SEGMENT_LENGTH": 29.99999999998991, "LENGTH_PROPORTION": 0.0013232694399653148, "DIST_TO_SENSOR": 258.35892934511008, "MIDPOINT_X": 359668.81604538288, "MIDPOINT_Y": 173168.41028907662, "SENSOR_X": 359522.0, "SENSOR_Y": 173381.0 }, "geometry": { "type": "LineString", "coordinates": [ [ 359654.456171258992981, 173164.10325511204428 ], [ 359655.812507710652426, 173164.36130586231593 ], [ 359673.226545621815603, 173169.783610851387493 ], [ 359683.041208784503397, 173173.164437357947463 ] ] } },
{ "type": "Feature", "properties": { "JOURNEY_LINK_ID": 65, "SITE_ID": 500, "SEGMENT_ID": 10, "SEGMENT_LENGTH": 30.000000000007532, "LENGTH_PROPORTION": 0.001323269439966092, "DIST_TO_SENSOR": 268.12692245862559, "MIDPOINT_X": 359697.22337926243, "MIDPOINT_Y": 173178.04972553113, "SENSOR_X": 359522.0, "SENSOR_Y": 173381.0 }, "geometry": { "type": "LineString", "coordinates": [ [ 359683.041208784503397, 173173.164437357947463 ], [ 359711.405549740360584, 173182.935013704322046 ] ] } },
{ "type": "Feature", "properties": { "JOURNEY_LINK_ID": 65, "SITE_ID": 500, "SEGMENT_ID": 11, "SEGMENT_LENGTH": 29.999999999994831, "LENGTH_PROPORTION": 0.0013232694399655316, "DIST_TO_SENSOR": 280.65344393106199, "MIDPOINT_X": 359725.58772021829, "MIDPOINT_Y": 173187.82030187754, "SENSOR_X": 359522.0, "SENSOR_Y": 173381.0 }, "geometry": { "type": "LineString", "coordinates": [ [ 359711.405549740360584, 173182.935013704322046 ], [ 359726.875535936967935, 173188.263911754416768 ], [ 359739.896761697775219, 173192.318609083537012 ] ] } },
{ "type": "Feature", "properties": { "JOURNEY_LINK_ID": 65, "SITE_ID": 500, "SEGMENT_ID": 12, "SEGMENT_LENGTH": 20.986483941097095, "LENGTH_PROPORTION": 0.00092569242838619879, "DIST_TO_SENSOR": 293.90236641120339, "MIDPOINT_X": 359749.91550811043, "MIDPOINT_Y": 173195.43836025495, "SENSOR_X": 359522.0, "SENSOR_Y": 173381.0 }, "geometry": { "type": "LineString", "coordinates": [ [ 359739.896761697775219, 173192.318609083537012 ], [ 359751.255018522497267, 173195.855472237337381 ], [ 359759.876702695386484, 173198.736437034531264 ] ] } },
{ "type": "Feature", "properties": { "JOURNEY_LINK_ID": 68, "SITE_ID": 500, "SEGMENT_ID": 0, "SEGMENT_LENGTH": 18.375691486565064, "LENGTH_PROPORTION": 0.00081053303274701766, "DIST_TO_SENSOR": 291.00994619287434, "MIDPOINT_X": 359458.51687285374, "MIDPOINT_Y": 173096.99880044107, "SENSOR_X": 359522.0, "SENSOR_Y": 173381.0 }, "geometry": { "type": "LineString", "coordinates": [ [ 359463.43413275614148, 173104.760054492740892 ], [ 359453.599612951336894, 173089.237546389398631 ] ] } },
{ "type": "Feature", "properties": { "JOURNEY_LINK_ID": 105, "SITE_ID": 500, "SEGMENT_ID": 0, "SEGMENT_LENGTH": 15.204343139874728, "LENGTH_PROPORTION": 0.00067064808772497576, "DIST_TO_SENSOR": 292.33302201420378, "MIDPOINT_X": 359534.88785309816, "MIDPOINT_Y": 173088.95120441529, "SENSOR_X": 359522.0, "SENSOR_Y": 173381.0 }, "geometry": { "type": "LineString", "coordinates": [ [ 359537.32329578435747, 173081.752785249962471 ], [ 359536.3565507393796, 173084.936333976802416 ], [ 359532.276134202373214, 173096.090667769662105 ] ] } },
{ "type": "Feature", "properties": { "JOURNEY_LINK_ID": 105, "SITE_ID": 500, "SEGMENT_ID": 1, "SEGMENT_LENGTH": 15.348932410110866, "LENGTH_PROPORTION": 0.00067702577314665677, "DIST_TO_SENSOR": 280.44032196225584, "MIDPOINT_X": 359526.05825263279, "MIDPOINT_Y": 173100.58904306739, "SENSOR_X": 359522.0, "SENSOR_Y": 173381.0 }, "geometry": { "type": "LineString", "coordinates": [ [ 359532.276134202373214, 173096.090667769662105 ], [ 359519.840371063211933, 173105.087418365117628 ] ] } },
{ "type": "Feature", "properties": { "JOURNEY_LINK_ID": 105, "SITE_ID": 500, "SEGMENT_ID": 2, "SEGMENT_LENGTH": 17.344995513378574, "LENGTH_PROPORTION": 0.0007650700833065694, "DIST_TO_SENSOR": 268.16264211825143, "MIDPOINT_X": 359516.08088700601, "MIDPOINT_Y": 173112.90269167855, "SENSOR_X": 359522.0, "SENSOR_Y": 173381.0 }, "geometry": { "type": "LineString", "coordinates": [ [ 359519.840371063211933, 173105.087418365117628 ], [ 359512.321402948873583, 173120.717964991985355 ] ] } },
{ "type": "Feature", "properties": { "JOURNEY_LINK_ID": 105, "SITE_ID": 500, "SEGMENT_ID": 3, "SEGMENT_LENGTH": 16.739867638667707, "LENGTH_PROPORTION": 0.00073837850917735873, "DIST_TO_SENSOR": 252.10454717636196, "MIDPOINT_X": 359513.08258446946, "MIDPOINT_Y": 173129.05321512817, "SENSOR_X": 359522.0, "SENSOR_Y": 173381.0 }, "geometry": { "type": "LineString", "coordinates": [ [ 359512.321402948873583, 173120.717964991985355 ], [ 359513.843765990110114, 173137.388465264346451 ] ] } },
{ "type": "Feature", "properties": { "JOURNEY_LINK_ID": 105, "SITE_ID": 500, "SEGMENT_ID": 4, "SEGMENT_LENGTH": 3.6141526432456663, "LENGTH_PROPORTION": 0.00015941659147261544, "DIST_TO_SENSOR": 242.06358214076974, "MIDPOINT_X": 359514.55185910204, "MIDPOINT_Y": 173139.05103224856, "SENSOR_X": 359522.0, "SENSOR_Y": 173381.0 }, "geometry": { "type": "LineString", "coordinates": [ [ 359513.843765990110114, 173137.388465264346451 ], [ 359515.259952213964425, 173140.713599232782144 ] ] } },
{ "type": "Feature", "properties": { "JOURNEY_LINK_ID": 105, "SITE_ID": 500, "SEGMENT_ID": 5, "SEGMENT_LENGTH": 28.292863730887678, "LENGTH_PROPORTION": 0.0012479693981399765, "DIST_TO_SENSOR": 232.65262219020892, "MIDPOINT_X": 359527.13340957044, "MIDPOINT_Y": 173148.40401826738, "SENSOR_X": 359522.0, "SENSOR_Y": 173381.0 }, "geometry": { "type": "LineString", "coordinates": [ [ 359515.259952213964425, 173140.713599232782144 ], [ 359539.006866926909424, 173156.094437301973812 ] ] } },
{ "type": "Feature", "properties": { "JOURNEY_LINK_ID": 105, "SITE_ID": 500, "SEGMENT_ID": 6, "SEGMENT_LENGTH": 11.880070160917207, "LENGTH_PROPORTION": 0.00052401779295302821, "DIST_TO_SENSOR": 225.39394953353451, "MIDPOINT_X": 359544.9079933769, "MIDPOINT_Y": 173156.77320337264, "SENSOR_X": 359522.0, "SENSOR_Y": 173381.0 }, "geometry": { "type": "LineString", "coordinates": [ [ 359539.006866926909424, 173156.094437301973812 ], [ 359548.048101702937856, 173157.13438847992802 ], [ 359550.827236000564881, 173157.11222309054574 ] ] } },
{ "type": "Feature", "properties": { "JOURNEY_LINK_ID": 105, "SITE_ID": 500, "SEGMENT_ID": 7, "SEGMENT_LENGTH": 17.687064956278771, "LENGTH_PROPORTION": 0.0007801584179777675, "DIST_TO_SENSOR": 231.28502084334994, "MIDPOINT_X": 359558.4346861337, "MIDPOINT_Y": 173152.60281413107, "SENSOR_X": 359522.0, "SENSOR_Y": 173381.0 }, "geometry": { "type": "LineString", "coordinates": [ [ 359550.827236000564881, 173157.11222309054574 ], [ 359566.042136266827583, 173148.093405171588529 ] ] } },
{ "type": "Feature", "properties": { "JOURNEY_LINK_ID": 105, "SITE_ID": 500, "SEGMENT_ID": 8, "SEGMENT_LENGTH": 29.999999999998984, "LENGTH_PROPORTION": 0.0013232694399657149, "DIST_TO_SENSOR": 237.49158248295296, "MIDPOINT_X": 359580.77781464462, "MIDPOINT_Y": 173150.89693557916, "SENSOR_X": 359522.0, "SENSOR_Y": 173381.0 }, "geometry": { "type": "LineString", "coordinates": [ [ 359566.042136266827583, 173148.093405171588529 ], [ 359595.513493022415787, 173153.700465986737981 ] ] } },
{ "type": "Feature", "properties": { "JOURNEY_LINK_ID": 105, "SITE_ID": 500, "SEGMENT_ID": 9, "SEGMENT_LENGTH": 30.000000000004423, "LENGTH_PROPORTION": 0.0013232694399659549, "DIST_TO_SENSOR": 241.21851481122945, "MIDPOINT_X": 359610.24917140021, "MIDPOINT_Y": 173156.50399639434, "SENSOR_X": 359522.0, "SENSOR_Y": 173381.0 }, "geometry": { "type": "LineString", "coordinates": [ [ 359595.513493022415787, 173153.700465986737981 ], [ 359624.984849778003991, 173159.307526801916538 ] ] } },
{ "type": "Feature", "properties": { "JOURNEY_LINK_ID": 105, "SITE_ID": 500, "SEGMENT_ID": 10, "SEGMENT_LENGTH": 29.999999999998984, "LENGTH_PROPORTION": 0.0013232694399657149, "DIST_TO_SENSOR": 248.53670156583848, "MIDPOINT_X": 359639.7205281558, "MIDPOINT_Y": 173162.11105720949, "SENSOR_X": 359522.0, "SENSOR_Y": 173381.0 }, "geometry": { "type": "LineString", "coordinates": [ [ 359624.984849778003991, 173159.307526801916538 ], [ 359654.456206533592194, 173164.91458761706599 ] ] } },
{ "type": "Feature", "properties": { "JOURNEY_LINK_ID": 105, "SITE_ID": 500, "SEGMENT_ID": 11, "SEGMENT_LENGTH": 29.999999999986201, "LENGTH_PROPORTION": 0.0013232694399651511, "DIST_TO_SENSOR": 257.69175937201953, "MIDPOINT_X": 359668.81608045765, "MIDPOINT_Y": 173169.2216220496, "SENSOR_X": 359522.0, "SENSOR_Y": 173381.0 }, "geometry": { "type": "LineString", "coordinates": [ [ 359654.456206533592194, 173164.91458761706599 ], [ 359655.812525385525078, 173165.172633500420488 ], [ 359673.226563408272341, 173170.594938413065393 ], [ 359683.041236144548748, 173173.975792749406537 ] ] } },
{ "type": "Feature", "properties": { "JOURNEY_LINK_ID": 105, "SITE_ID": 500, "SEGMENT_ID": 12, "SEGMENT_LENGTH": 30.000000000017668, "LENGTH_PROPORTION": 0.0013232694399665391, "DIST_TO_SENSOR": 267.51330471179932, "MIDPOINT_X": 359697.22339570679, "MIDPOINT_Y": 173178.86111261114, "SENSOR_X": 359522.0, "SENSOR_Y": 173381.0 }, "geometry": { "type": "LineString", "coordinates": [ [ 359683.041236144548748, 173173.975792749406537 ], [ 359711.405555269040633, 173183.746432472835295 ] ] } },
{ "type": "Feature", "properties": { "JOURNEY_LINK_ID": 105, "SITE_ID": 500, "SEGMENT_ID": 13, "SEGMENT_LENGTH": 29.999999999978542, "LENGTH_PROPORTION": 0.0013232694399648132, "DIST_TO_SENSOR": 280.09552002860681, "MIDPOINT_X": 359725.58771483129, "MIDPOINT_Y": 173188.63175233456, "SENSOR_X": 359522.0, "SENSOR_Y": 173381.0 }, "geometry": { "type": "LineString", "coordinates": [ [ 359711.405555269040633, 173183.746432472835295 ], [ 359726.875454068300314, 173189.075339084782172 ], [ 359739.896756085334346, 173193.130060078576207 ] ] } },
{ "type": "Feature", "properties": { "JOURNEY_LINK_ID": 105, "SITE_ID": 500, "SEGMENT_ID": 14, "SEGMENT_LENGTH": 21.830034364988698, "LENGTH_PROPORTION": 0.00096290057828639613, "DIST_TO_SENSOR": 293.62478816763064, "MIDPOINT_X": 359750.31820540869, "MIDPOINT_Y": 173196.37520939636, "SENSOR_X": 359522.0, "SENSOR_Y": 173381.0 }, "geometry": { "type": "LineString", "coordinates": [ [ 359739.896756085334346, 173193.130060078576207 ], [ 359751.25493681023363, 173196.666899465024471 ], [ 359760.676771475235, 173199.815204904181883 ] ] } },
{ "type": "Feature", "properties": { "JOURNEY_LINK_ID": 111, "SITE_ID": 500, "SEGMENT_ID": 0, "SEGMENT_LENGTH": 10.767140491676452, "LENGTH_PROPORTION": 0.00047492759894844514, "DIST_TO_SENSOR": 294.42433701923079, "MIDPOINT_X": 359546.06926613359, "MIDPOINT_Y": 173087.5611466472, "SENSOR_X": 359522.0, "SENSOR_Y": 173381.0 }, "geometry": { "type": "LineString", "coordinates": [ [ 359545.983897046477068, 173082.178253307094565 ], [ 359546.154635220766068, 173092.944039987283759 ] ] } },
{ "type": "Feature", "properties": { "JOURNEY_LINK_ID": 111, "SITE_ID": 500, "SEGMENT_ID": 1, "SEGMENT_LENGTH": 30.000000000008793, "LENGTH_PROPORTION": 0.0013232694399661477, "DIST_TO_SENSOR": 274.28641519790699, "MIDPOINT_X": 359542.43686893181, "MIDPOINT_Y": 173107.47601211158, "SENSOR_X": 359522.0, "SENSOR_Y": 173381.0 }, "geometry": { "type": "LineString", "coordinates": [ [ 359546.154635220766068, 173092.944039987283759 ], [ 359538.741650783165824, 173121.919848263787571 ], [ 359538.715216485899873, 173122.006897652812768 ] ] } },
{ "type": "Feature", "properties": { "JOURNEY_LINK_ID": 111, "SITE_ID": 500, "SEGMENT_ID": 2, "SEGMENT_LENGTH": 29.999999999992006, "LENGTH_PROPORTION": 0.0013232694399654072, "DIST_TO_SENSOR": 244.95215483848415, "MIDPOINT_X": 359534.35669564921, "MIDPOINT_Y": 173136.35971257242, "SENSOR_X": 359522.0, "SENSOR_Y": 173381.0 }, "geometry": { "type": "LineString", "coordinates": [ [ 359538.715216485899873, 173122.006897652812768 ], [ 359529.998174812528305, 173150.712527491996298 ] ] } },
{ "type": "Feature", "properties": { "JOURNEY_LINK_ID": 111, "SITE_ID": 500, "SEGMENT_ID": 3, "SEGMENT_LENGTH": 29.999999999985462, "LENGTH_PROPORTION": 0.0013232694399651186, "DIST_TO_SENSOR": 216.2644966308315, "MIDPOINT_X": 359524.73655265087, "MIDPOINT_Y": 173164.75281786211, "SENSOR_X": 359522.0, "SENSOR_Y": 173381.0 }, "geometry": { "type": "LineString", "coordinates": [ [ 359529.998174812528305, 173150.712527491996298 ], [ 359529.262083664012607, 173153.136510401440319 ], [ 359519.291416950291023, 173178.729602084611543 ] ] } },
{ "type": "Feature", "properties": { "JOURNEY_LINK_ID": 111, "SITE_ID": 500, "SEGMENT_ID": 4, "SEGMENT_LENGTH": 30.000000000003354, "LENGTH_PROPORTION": 0.0013232694399659076, "DIST_TO_SENSOR": 188.47007212548743, "MIDPOINT_X": 359513.84628124972, "MIDPOINT_Y": 173192.70638630711, "SENSOR_X": 359522.0, "SENSOR_Y": 173381.0 }, "geometry": { "type": "LineString", "coordinates": [ [ 359519.291416950291023, 173178.729602084611543 ], [ 359508.834009871061426, 173205.572077701450326 ], [ 359508.374065636890009, 173206.672236824233551 ] ] } },
{ "type": "Feature", "properties": { "JOURNEY_LINK_ID": 111, "SITE_ID": 500, "SEGMENT_ID": 5, "SEGMENT_LENGTH": 30.000000000025555, "LENGTH_PROPORTION": 0.0013232694399668869, "DIST_TO_SENSOR": 161.65821656033313, "MIDPOINT_X": 359502.58828325005, "MIDPOINT_Y": 173220.51148254692, "SENSOR_X": 359522.0, "SENSOR_Y": 173381.0 }, "geometry": { "type": "LineString", "coordinates": [ [ 359508.374065636890009, 173206.672236824233551 ], [ 359496.802500863210298, 173234.350728269579122 ] ] } },
{ "type": "Feature", "properties": { "JOURNEY_LINK_ID": 111, "SITE_ID": 500, "SEGMENT_ID": 6, "SEGMENT_LENGTH": 29.99999999998343, "LENGTH_PROPORTION": 0.0013232694399650288, "DIST_TO_SENSOR": 136.37176301424742, "MIDPOINT_X": 359491.02392296866, "MIDPOINT_Y": 173248.19284507466, "SENSOR_X": 359522.0, "SENSOR_Y": 173381.0 }, "geometry": { "type": "LineString", "coordinates": [ [ 359496.802500863210298, 173234.350728269579122 ], [ 359491.105949395161588, 173247.976538966817316 ], [ 359485.705283866613172, 173262.218253378960071 ] ] } },
{ "type": "Feature", "properties": { "JOURNEY_LINK_ID": 111, "SITE_ID": 500, "SEGMENT_ID": 7, "SEGMENT_LENGTH": 28.91257055098097, "LENGTH_PROPORTION": 0.0012753040346989036, "DIST_TO_SENSOR": 113.12084687463857, "MIDPOINT_X": 359480.57943292416, "MIDPOINT_Y": 173275.73527361575, "SENSOR_X": 359522.0, "SENSOR_Y": 173381.0 }, "geometry": { "type": "LineString", "coordinates": [ [ 359485.705283866613172, 173262.218253378960071 ], [ 359475.453581981710158, 173289.252293852565344 ] ] } },
{ "type": "Feature", "properties": { "JOURNEY_LINK_ID": 111, "SITE_ID": 500, "SEGMENT_ID": 8, "SEGMENT_LENGTH": 30.000000000015646, "LENGTH_PROPORTION": 0.00132326943996645, "DIST_TO_SENSOR": 89.124887455875083, "MIDPOINT_X": 359476.79089810076, "MIDPOINT_Y": 173304.1925611058, "SENSOR_X": 359522.0, "SENSOR_Y": 173381.0 }, "geometry": { "type": "LineString", "coordinates": [ [ 359475.453581981710158, 173289.252293852565344 ], [ 359478.128214219817892, 173319.132828359026462 ] ] } },
{ "type": "Feature", "properties": { "JOURNEY_LINK_ID": 111, "SITE_ID": 500, "SEGMENT_ID": 9, "SEGMENT_LENGTH": 21.327842588366597, "LENGTH_PROPORTION": 0.00094074941058619151, "DIST_TO_SENSOR": 66.845642799991438, "MIDPOINT_X": 359479.07894980907, "MIDPOINT_Y": 173329.75428396586, "SENSOR_X": 359522.0, "SENSOR_Y": 173381.0 }, "geometry": { "type": "LineString", "coordinates": [ [ 359478.128214219817892, 173319.132828359026462 ], [ 359480.029685398330912, 173340.375739572686143 ] ] } },
{ "type": "Feature", "properties": { "JOURNEY_LINK_ID": 111, "SITE_ID": 500, "SEGMENT_ID": 10, "SEGMENT_LENGTH": 29.9999999999906, "LENGTH_PROPORTION": 0.0013232694399653452, "DIST_TO_SENSOR": 44.745767298244971, "MIDPOINT_X": 359486.32544245821, "MIDPOINT_Y": 173353.99056395801, "SENSOR_X": 359522.0, "SENSOR_Y": 173381.0 }, "geometry": { "type": "LineString", "coordinates": [ [ 359480.029685398330912, 173340.375739572686143 ], [ 359492.621199518092908, 173367.605388343305094 ] ] } },
{ "type": "Feature", "properties": { "JOURNEY_LINK_ID": 111, "SITE_ID": 500, "SEGMENT_ID": 11, "SEGMENT_LENGTH": 30.000000000017014, "LENGTH_PROPORTION": 0.0013232694399665102, "DIST_TO_SENSOR": 23.084093815200813, "MIDPOINT_X": 359498.91695657797, "MIDPOINT_Y": 173381.22021272863, "SENSOR_X": 359522.0, "SENSOR_Y": 173381.0 }, "geometry": { "type": "LineString", "coordinates": [ [ 359492.621199518092908, 173367.605388343305094 ], [ 359505.212713637854904, 173394.835037113953149 ] ] } },
{ "type": "Feature", "properties": { "JOURNEY_LINK_ID": 111, "SITE_ID": 500, "SEGMENT_ID": 12, "SEGMENT_LENGTH": 29.9999999999906, "LENGTH_PROPORTION": 0.0013232694399653452, "DIST_TO_SENSOR": 29.386511930274541, "MIDPOINT_X": 359511.50847069774, "MIDPOINT_Y": 173408.44986149925, "SENSOR_X": 359522.0, "SENSOR_Y": 173381.0 }, "geometry": { "type": "LineString", "coordinates": [ [ 359505.212713637854904, 173394.835037113953149 ], [ 359517.8042277576169, 173422.0646858845721 ] ] } },
{ "type": "Feature", "properties": { "JOURNEY_LINK_ID": 111, "SITE_ID": 500, "SEGMENT_ID": 13, "SEGMENT_LENGTH": 30.000000000017014, "LENGTH_PROPORTION": 0.0013232694399665102, "DIST_TO_SENSOR": 54.719820719638669, "MIDPOINT_X": 359524.0999848175, "MIDPOINT_Y": 173435.6795102699, "SENSOR_X": 359522.0, "SENSOR_Y": 173381.0 }, "geometry": { "type": "LineString", "coordinates": [ [ 359517.8042277576169, 173422.0646858845721 ], [ 359530.395741877378896, 173449.294334655220155 ] ] } },
{ "type": "Feature", "properties": { "JOURNEY_LINK_ID": 111, "SITE_ID": 500, "SEGMENT_ID": 14, "SEGMENT_LENGTH": 13.069125113475533, "LENGTH_PROPORTION": 0.00057646579565837379, "DIST_TO_SENSOR": 75.056535323755483, "MIDPOINT_X": 359533.13840976736, "MIDPOINT_Y": 173455.22546276488, "SENSOR_X": 359522.0, "SENSOR_Y": 173381.0 }, "geometry": { "type": "LineString", "coordinates": [ [ 359530.395741877378896, 173449.294334655220155 ], [ 359535.8810776573373, 173461.156590874539688 ] ] } },
{ "type": "Feature", "properties": { "JOURNEY_LINK_ID": 111, "SITE_ID": 500, "SEGMENT_ID": 15, "SEGMENT_LENGTH": 29.999999999992987, "LENGTH_PROPORTION": 0.0013232694399654503, "DIST_TO_SENSOR": 95.819756570281726, "MIDPOINT_X": 359534.10902424733, "MIDPOINT_Y": 173476.05155064998, "SENSOR_X": 359522.0, "SENSOR_Y": 173381.0 }, "geometry": { "type": "LineString", "coordinates": [ [ 359535.8810776573373, 173461.156590874539688 ], [ 359532.336970837321132, 173490.946510425419547 ] ] } },
{ "type": "Feature", "properties": { "JOURNEY_LINK_ID": 111, "SITE_ID": 500, "SEGMENT_ID": 16, "SEGMENT_LENGTH": 29.999999999992987, "LENGTH_PROPORTION": 0.0013232694399654503, "DIST_TO_SENSOR": 125.13492914629701, "MIDPOINT_X": 359530.56491742731, "MIDPOINT_Y": 173505.84147020086, "SENSOR_X": 359522.0, "SENSOR_Y": 173381.0 }, "geometry": { "type": "LineString", "coordinates": [ [ 359532.336970837321132, 173490.946510425419547 ], [ 359528.792864017304964, 173520.736429976299405 ] ] } },
{ "type": "Feature", "properties": { "JOURNEY_LINK_ID": 111, "SITE_ID": 500, "SEGMENT_ID": 17, "SEGMENT_LENGTH": 30.000000000027825, "LENGTH_PROPORTION": 0.0013232694399669871, "DIST_TO_SENSOR": 154.47868382136323, "MIDPOINT_X": 359525.9190369788, "MIDPOINT_Y": 173535.42896394245, "SENSOR_X": 359522.0, "SENSOR_Y": 173381.0 }, "geometry": { "type": "LineString", "coordinates": [ [ 359528.792864017304964, 173520.736429976299405 ], [ 359528.067046384443529, 173526.837275687023066 ], [ 359522.280863371037412, 173549.981066635868046 ] ] } },
{ "type": "Feature", "properties": { "JOURNEY_LINK_ID": 111, "SITE_ID": 500, "SEGMENT_ID": 18, "SEGMENT_LENGTH": 9.4561675254554274, "LENGTH_PROPORTION": 0.00041710191685439358, "DIST_TO_SENSOR": 173.57013061041894, "MIDPOINT_X": 359521.13409073366, "MIDPOINT_Y": 173554.56797066642, "SENSOR_X": 359522.0, "SENSOR_Y": 173381.0 }, "geometry": { "type": "LineString", "coordinates": [ [ 359522.280863371037412, 173549.981066635868046 ], [ 359519.987318096274976, 173559.154874696978368 ] ] } },
{ "type": "Feature", "properties": { "JOURNEY_LINK_ID": 111, "SITE_ID": 500, "SEGMENT_ID": 19, "SEGMENT_LENGTH": 29.99999999997457, "LENGTH_PROPORTION": 0.001323269439964638, "DIST_TO_SENSOR": 175.768302999669, "MIDPOINT_X": 359505.3280647702, "MIDPOINT_Y": 173555.97583523183, "SENSOR_X": 359522.0, "SENSOR_Y": 173381.0 }, "geometry": { "type": "LineString", "coordinates": [ [ 359519.987318096274976, 173559.154874696978368 ], [ 359490.668811444076709, 173552.796795766713331 ] ] } },
{ "type": "Feature", "properties": { "JOURNEY_LINK_ID": 111, "SITE_ID": 500, "SEGMENT_ID": 20, "SEGMENT_LENGTH": 30.000000000031456, "LENGTH_PROPORTION": 0.0013232694399671473, "DIST_TO_SENSOR": 174.77719669536572, "MIDPOINT_X": 359476.00955811795, "MIDPOINT_Y": 173549.6177563016, "SENSOR_X": 359522.0, "SENSOR_Y": 173381.0 }, "geometry": { "type": "LineString", "coordinates": [ [ 359490.668811444076709, 173552.796795766713331 ], [ 359461.350304791820236, 173546.438716836448293 ] ] } },
{ "type": "Feature", "properties": { "JOURNEY_LINK_ID": 111, "SITE_ID": 500, "SEGMENT_ID": 21, "SEGMENT_LENGTH": 29.99999999997457, "LENGTH_PROPORTION": 0.001323269439964638, "DIST_TO_SENSOR": 178.88443372742586, "MIDPOINT_X": 359446.69105146569, "MIDPOINT_Y": 173543.2596773713, "SENSOR_X": 359522.0, "SENSOR_Y": 173381.0 }, "geometry": { "type": "LineString", "coordinates": [ [ 359461.350304791820236, 173546.438716836448293 ], [ 359432.031798139621969, 173540.080637906183256 ] ] } },
{ "type": "Feature", "properties": { "JOURNEY_LINK_ID": 111, "SITE_ID": 500, "SEGMENT_ID": 22, "SEGMENT_LENGTH": 30.000000000031456, "LENGTH_PROPORTION": 0.0013232694399671473, "DIST_TO_SENSOR": 187.75572634485357, "MIDPOINT_X": 359417.37254481349, "MIDPOINT_Y": 173536.90159844107, "SENSOR_X": 359522.0, "SENSOR_Y": 173381.0 }, "geometry": { "type": "LineString", "coordinates": [ [ 359432.031798139621969, 173540.080637906183256 ], [ 359402.713291487365495, 173533.722558975918218 ] ] } },
{ "type": "Feature", "properties": { "JOURNEY_LINK_ID": 111, "SITE_ID": 500, "SEGMENT_ID": 23, "SEGMENT_LENGTH": 7.4917171281148596, "LENGTH_PROPORTION": 0.00033045201095008135, "DIST_TO_SENSOR": 195.44412072424416, "MIDPOINT_X": 359399.05252551311, "MIDPOINT_Y": 173532.92867682886, "SENSOR_X": 359522.0, "SENSOR_Y": 173381.0 }, "geometry": { "type": "LineString", "coordinates": [ [ 359402.713291487365495, 173533.722558975918218 ], [ 359395.391759538790211, 173532.134794681798667 ] ] } },
{ "type": "Feature", "properties": { "JOURNEY_LINK_ID": 111, "SITE_ID": 500, "SEGMENT_ID": 24, "SEGMENT_LENGTH": 30.000000000027924, "LENGTH_PROPORTION": 0.0013232694399669914, "DIST_TO_SENSOR": 209.82418533172716, "MIDPOINT_X": 359381.00978111016, "MIDPOINT_Y": 173536.39609688637, "SENSOR_X": 359522.0, "SENSOR_Y": 173381.0 }, "geometry": { "type": "LineString", "coordinates": [ [ 359395.391759538790211, 173532.134794681798667 ], [ 359366.627802681527101, 173540.657399090967374 ] ] } },
{ "type": "Feature", "properties": { "JOURNEY_LINK_ID": 111, "SITE_ID": 500, "SEGMENT_ID": 25, "SEGMENT_LENGTH": 29.999999999963844, "LENGTH_PROPORTION": 0.0013232694399641649, "DIST_TO_SENSOR": 235.97843295092585, "MIDPOINT_X": 359352.24582425295, "MIDPOINT_Y": 173544.91870129554, "SENSOR_X": 359522.0, "SENSOR_Y": 173381.0 }, "geometry": { "type": "LineString", "coordinates": [ [ 359366.627802681527101, 173540.657399090967374 ], [ 359337.863845824322198, 173549.180003500106977 ] ] } },
{ "type": "Feature", "properties": { "JOURNEY_LINK_ID": 111, "SITE_ID": 500, "SEGMENT_ID": 26, "SEGMENT_LENGTH": 0.71181685870709688, "LENGTH_PROPORTION": 3.1397516532650878e-05, "DIST_TO_SENSOR": 249.70070766087497, "MIDPOINT_X": 359337.52260133409, "MIDPOINT_Y": 173549.28111239173, "SENSOR_X": 359522.0, "SENSOR_Y": 173381.0 }, "geometry": { "type": "LineString", "coordinates": [ [ 359337.863845824322198, 173549.180003500106977 ], [ 359337.181356843851972, 173549.382221283391118 ] ] } },
{ "type": "Feature", "properties": { "JOURNEY_LINK_ID": 117, "SITE_ID": 500, "SEGMENT_ID": 0, "SEGMENT_LENGTH": 10.767140491676452, "LENGTH_PROPORTION": 0.00047492759894844514, "DIST_TO_SENSOR": 294.42433701923079, "MIDPOINT_X": 359546.06926613359, "MIDPOINT_Y": 173087.5611466472, "SENSOR_X": 359522.0, "SENSOR_Y": 173381.0 }, "geometry": { "type": "LineString", "coordinates": [ [ 359545.983897046477068, 173082.178253307094565 ], [ 359546.154635220766068, 173092.944039987283759 ] ] } },
{ "type": "Feature", "properties": { "JOURNEY_LINK_ID": 117, "SITE_ID": 500, "SEGMENT_ID": 1, "SEGMENT_LENGTH": 30.000000000008793, "LENGTH_PROPORTION": 0.0013232694399661477, "DIST_TO_SENSOR": 274.28641519790699, "MIDPOINT_X": 359542.43686893181, "MIDPOINT_Y": 173107.47601211158, "SENSOR_X": 359522.0, "SENSOR_Y": 173381.0 }, "geometry": { "type": "LineString", "coordinates": [ [ 359546.154635220766068, 173092.944039987283759 ], [ 359538.741650783165824, 173121.919848263787571 ], [ 359538.715216485899873, 173122.006897652812768 ] ] } },
{ "type": "Feature", "properties": { "JOURNEY_LINK_ID": 117, "SITE_ID": 500, "SEGMENT_ID": 2, "SEGMENT_LENGTH": 29.999999999992006, "LENGTH_PROPORTION": 0.0013232694399654072, "DIST_TO_SENSOR": 244.95215483848415, "MIDPOINT_X": 359534.35669564921, "MIDPOINT_Y": 173136.35971257242, "SENSOR_X": 359522.0, "SENSOR_Y": 173381.0 }, "geometry": { "type": "LineString", "coordinates": [ [ 359538.715216485899873, 173122.006897652812768 ], [ 359529.998174812528305, 173150.712527491996298 ] ] } },
{ "type": "Feature", "properties": { "JOURNEY_LINK_ID": 117, "SITE_ID": 500, "SEGMENT_ID": 3, "SEGMENT_LENGTH": 29.999999999985462, "LENGTH_PROPORTION": 0.0013232694399651186, "DIST_TO_SENSOR": 216.2644966308315, "MIDPOINT_X": 359524.73655265087, "MIDPOINT_Y": 173164.75281786211, "SENSOR_X": 359522.0, "SENSOR_Y": 173381.0 }, "geometry": { "type": "LineString", "coordinates": [ [ 359529.998174812528305, 173150.712527491996298 ], [ 359529.262083664012607, 173153.136510401440319 ], [ 359519.291416950291023, 173178.729602084611543 ] ] } },
{ "type": "Feature", "properties": { "JOURNEY_LINK_ID": 117, "SITE_ID": 500, "SEGMENT_ID": 4, "SEGMENT_LENGTH": 30.000000000003354, "LENGTH_PROPORTION": 0.0013232694399659076, "DIST_TO_SENSOR": 188.47007212548743, "MIDPOINT_X": 359513.84628124972, "MIDPOINT_Y": 173192.70638630711, "SENSOR_X": 359522.0, "SENSOR_Y": 173381.0 }, "geometry": { "type": "LineString", "coordinates": [ [ 359519.291416950291023, 173178.729602084611543 ], [ 359508.834009871061426, 173205.572077701450326 ], [ 359508.374065636890009, 173206.672236824233551 ] ] } },
{ "type": "Feature", "properties": { "JOURNEY_LINK_ID": 117, "SITE_ID": 500, "SEGMENT_ID": 5, "SEGMENT_LENGTH": 30.000000000025555, "LENGTH_PROPORTION": 0.0013232694399668869, "DIST_TO_SENSOR": 161.65821656033313, "MIDPOINT_X": 359502.58828325005, "MIDPOINT_Y": 173220.51148254692, "SENSOR_X": 359522.0, "SENSOR_Y": 173381.0 }, "geometry": { "type": "LineString", "coordinates": [ [ 359508.374065636890009, 173206.672236824233551 ], [ 359496.802500863210298, 173234.350728269579122 ] ] } },
{ "type": "Feature", "properties": { "JOURNEY_LINK_ID": 117, "SITE_ID": 500, "SEGMENT_ID": 6, "SEGMENT_LENGTH": 29.99999999998343, "LENGTH_PROPORTION": 0.0013232694399650288, "DIST_TO_SENSOR": 136.37176301424742, "MIDPOINT_X": 359491.02392296866, "MIDPOINT_Y": 173248.19284507466, "SENSOR_X": 359522.0, "SENSOR_Y": 173381.0 }, "geometry": { "type": "LineString", "coordinates": [ [ 359496.802500863210298, 173234.350728269579122 ], [ 359491.105949395161588, 173247.976538966817316 ], [ 359485.705283866613172, 173262.218253378960071 ] ] } },
{ "type": "Feature", "properties": { "JOURNEY_LINK_ID": 117, "SITE_ID": 500, "SEGMENT_ID": 7, "SEGMENT_LENGTH": 28.91257055098097, "LENGTH_PROPORTION": 0.0012753040346989036, "DIST_TO_SENSOR": 113.12084687463857, "MIDPOINT_X": 359480.57943292416, "MIDPOINT_Y": 173275.73527361575, "SENSOR_X": 359522.0, "SENSOR_Y": 173381.0 }, "geometry": { "type": "LineString", "coordinates": [ [ 359485.705283866613172, 173262.218253378960071 ], [ 359475.453581981710158, 173289.252293852565344 ] ] } },
{ "type": "Feature", "properties": { "JOURNEY_LINK_ID": 117, "SITE_ID": 500, "SEGMENT_ID": 8, "SEGMENT_LENGTH": 30.000000000015646, "LENGTH_PROPORTION": 0.00132326943996645, "DIST_TO_SENSOR": 89.124887455875083, "MIDPOINT_X": 359476.79089810076, "MIDPOINT_Y": 173304.1925611058, "SENSOR_X": 359522.0, "SENSOR_Y": 173381.0 }, "geometry": { "type": "LineString", "coordinates": [ [ 359475.453581981710158, 173289.252293852565344 ], [ 359478.128214219817892, 173319.132828359026462 ] ] } },
{ "type": "Feature", "properties": { "JOURNEY_LINK_ID": 117, "SITE_ID": 500, "SEGMENT_ID": 9, "SEGMENT_LENGTH": 21.327842588366597, "LENGTH_PROPORTION": 0.00094074941058619151, "DIST_TO_SENSOR": 66.845642799991438, "MIDPOINT_X": 359479.07894980907, "MIDPOINT_Y": 173329.75428396586, "SENSOR_X": 359522.0, "SENSOR_Y": 173381.0 }, "geometry": { "type": "LineString", "coordinates": [ [ 359478.128214219817892, 173319.132828359026462 ], [ 359480.029685398330912, 173340.375739572686143 ] ] } },
{ "type": "Feature", "properties": { "JOURNEY_LINK_ID": 117, "SITE_ID": 500, "SEGMENT_ID": 10, "SEGMENT_LENGTH": 29.9999999999906, "LENGTH_PROPORTION": 0.0013232694399653452, "DIST_TO_SENSOR": 44.745767298244971, "MIDPOINT_X": 359486.32544245821, "MIDPOINT_Y": 173353.99056395801, "SENSOR_X": 359522.0, "SENSOR_Y": 173381.0 }, "geometry": { "type": "LineString", "coordinates": [ [ 359480.029685398330912, 173340.375739572686143 ], [ 359492.621199518092908, 173367.605388343305094 ] ] } },
{ "type": "Feature", "properties": { "JOURNEY_LINK_ID": 117, "SITE_ID": 500, "SEGMENT_ID": 11, "SEGMENT_LENGTH": 30.000000000017014, "LENGTH_PROPORTION": 0.0013232694399665102, "DIST_TO_SENSOR": 23.084093815200813, "MIDPOINT_X": 359498.91695657797, "MIDPOINT_Y": 173381.22021272863, "SENSOR_X": 359522.0, "SENSOR_Y": 173381.0 }, "geometry": { "type": "LineString", "coordinates": [ [ 359492.621199518092908, 173367.605388343305094 ], [ 359505.212713637854904, 173394.835037113953149 ] ] } },
{ "type": "Feature", "properties": { "JOURNEY_LINK_ID": 117, "SITE_ID": 500, "SEGMENT_ID": 12, "SEGMENT_LENGTH": 29.9999999999906, "LENGTH_PROPORTION": 0.0013232694399653452, "DIST_TO_SENSOR": 29.386511930274541, "MIDPOINT_X": 359511.50847069774, "MIDPOINT_Y": 173408.44986149925, "SENSOR_X": 359522.0, "SENSOR_Y": 173381.0 }, "geometry": { "type": "LineString", "coordinates": [ [ 359505.212713637854904, 173394.835037113953149 ], [ 359517.8042277576169, 173422.0646858845721 ] ] } },
{ "type": "Feature", "properties": { "JOURNEY_LINK_ID": 117, "SITE_ID": 500, "SEGMENT_ID": 13, "SEGMENT_LENGTH": 30.000000000017014, "LENGTH_PROPORTION": 0.0013232694399665102, "DIST_TO_SENSOR": 54.719820719638669, "MIDPOINT_X": 359524.0999848175, "MIDPOINT_Y": 173435.6795102699, "SENSOR_X": 359522.0, "SENSOR_Y": 173381.0 }, "geometry": { "type": "LineString", "coordinates": [ [ 359517.8042277576169, 173422.0646858845721 ], [ 359530.395741877378896, 173449.294334655220155 ] ] } },
{ "type": "Feature", "properties": { "JOURNEY_LINK_ID": 117, "SITE_ID": 500, "SEGMENT_ID": 14, "SEGMENT_LENGTH": 13.069125113475533, "LENGTH_PROPORTION": 0.00057646579565837379, "DIST_TO_SENSOR": 75.056535323755483, "MIDPOINT_X": 359533.13840976736, "MIDPOINT_Y": 173455.22546276488, "SENSOR_X": 359522.0, "SENSOR_Y": 173381.0 }, "geometry": { "type": "LineString", "coordinates": [ [ 359530.395741877378896, 173449.294334655220155 ], [ 359535.8810776573373, 173461.156590874539688 ] ] } },
{ "type": "Feature", "properties": { "JOURNEY_LINK_ID": 117, "SITE_ID": 500, "SEGMENT_ID": 15, "SEGMENT_LENGTH": 29.999999999992987, "LENGTH_PROPORTION": 0.0013232694399654503, "DIST_TO_SENSOR": 95.819756570281726, "MIDPOINT_X": 359534.10902424733, "MIDPOINT_Y": 173476.05155064998, "SENSOR_X": 359522.0, "SENSOR_Y": 173381.0 }, "geometry": { "type": "LineString", "coordinates": [ [ 359535.8810776573373, 173461.156590874539688 ], [ 359532.336970837321132, 173490.946510425419547 ] ] } },
{ "type": "Feature", "properties": { "JOURNEY_LINK_ID": 117, "SITE_ID": 500, "SEGMENT_ID": 16, "SEGMENT_LENGTH": 29.999999999992987, "LENGTH_PROPORTION": 0.0013232694399654503, "DIST_TO_SENSOR": 125.13492914629701, "MIDPOINT_X": 359530.56491742731, "MIDPOINT_Y": 173505.84147020086, "SENSOR_X": 359522.0, "SENSOR_Y": 173381.0 }, "geometry": { "type": "LineString", "coordinates": [ [ 359532.336970837321132, 173490.946510425419547 ], [ 359528.792864017304964, 173520.736429976299405 ] ] } },
{ "type": "Feature", "properties": { "JOURNEY_LINK_ID": 117, "SITE_ID": 500, "SEGMENT_ID": 17, "SEGMENT_LENGTH": 30.000000000027825, "LENGTH_PROPORTION": 0.0013232694399669871, "DIST_TO_SENSOR": 154.47868382136323, "MIDPOINT_X": 359525.9190369788, "MIDPOINT_Y": 173535.42896394245, "SENSOR_X": 359522.0, "SENSOR_Y": 173381.0 }, "geometry": { "type": "LineString", "coordinates": [ [ 359528.792864017304964, 173520.736429976299405 ], [ 359528.067046384443529, 173526.837275687023066 ], [ 359522.280863371037412, 173549.981066635868046 ] ] } },
{ "type": "Feature", "properties": { "JOURNEY_LINK_ID": 117, "SITE_ID": 500, "SEGMENT_ID": 18, "SEGMENT_LENGTH": 29.999999999974211, "LENGTH_PROPORTION": 0.0013232694399646222, "DIST_TO_SENSOR": 183.66067298608132, "MIDPOINT_X": 359519.17555720924, "MIDPOINT_Y": 173564.63895372339, "SENSOR_X": 359522.0, "SENSOR_Y": 173381.0 }, "geometry": { "type": "LineString", "coordinates": [ [ 359522.280863371037412, 173549.981066635868046 ], [ 359519.987318096274976, 173559.154874696978368 ], [ 359516.979168093763292, 173579.477278253238183 ] ] } },
{ "type": "Feature", "properties": { "JOURNEY_LINK_ID": 117, "SITE_ID": 500, "SEGMENT_ID": 19, "SEGMENT_LENGTH": 6.4710842305533181, "LENGTH_PROPORTION": 0.00028543293352451828, "DIST_TO_SENSOR": 201.75278122297172, "MIDPOINT_X": 359516.50540079479, "MIDPOINT_Y": 173582.67794651567, "SENSOR_X": 359522.0, "SENSOR_Y": 173381.0 }, "geometry": { "type": "LineString", "coordinates": [ [ 359516.979168093763292, 173579.477278253238183 ], [ 359516.031633495818824, 173585.878614778106567 ] ] } },
{ "type": "Feature", "properties": { "JOURNEY_LINK_ID": 117, "SITE_ID": 500, "SEGMENT_ID": 20, "SEGMENT_LENGTH": 30.000000000015731, "LENGTH_PROPORTION": 0.0013232694399664536, "DIST_TO_SENSOR": 212.12815434090857, "MIDPOINT_X": 359529.23073590361, "MIDPOINT_Y": 173593.00488277955, "SENSOR_X": 359522.0, "SENSOR_Y": 173381.0 }, "geometry": { "type": "LineString", "coordinates": [ [ 359516.031633495818824, 173585.878614778106567 ], [ 359538.360647664871067, 173597.934172365290578 ], [ 359542.121523135458119, 173600.625053702678997 ] ] } },
{ "type": "Feature", "properties": { "JOURNEY_LINK_ID": 117, "SITE_ID": 500, "SEGMENT_ID": 21, "SEGMENT_LENGTH": 29.999999999979387, "LENGTH_PROPORTION": 0.0013232694399648505, "DIST_TO_SENSOR": 230.62932106430938, "MIDPOINT_X": 359554.32055355469, "MIDPOINT_Y": 173609.35337867547, "SENSOR_X": 359522.0, "SENSOR_Y": 173381.0 }, "geometry": { "type": "LineString", "coordinates": [ [ 359542.121523135458119, 173600.625053702678997 ], [ 359566.519583973917179, 173618.081703648233088 ] ] } },
{ "type": "Feature", "properties": { "JOURNEY_LINK_ID": 117, "SITE_ID": 500, "SEGMENT_ID": 22, "SEGMENT_LENGTH": 30.00000000002947, "LENGTH_PROPORTION": 0.0013232694399670597, "DIST_TO_SENSOR": 252.07714636160037, "MIDPOINT_X": 359578.8821973874, "MIDPOINT_Y": 173626.57545345207, "SENSOR_X": 359522.0, "SENSOR_Y": 173381.0 }, "geometry": { "type": "LineString", "coordinates": [ [ 359566.519583973917179, 173618.081703648233088 ], [ 359569.105853757180739, 173619.932162443699781 ], [ 359591.288822065806016, 173635.006091867369832 ] ] } },
{ "type": "Feature", "properties": { "JOURNEY_LINK_ID": 117, "SITE_ID": 500, "SEGMENT_ID": 23, "SEGMENT_LENGTH": 29.999999999962395, "LENGTH_PROPORTION": 0.0013232694399641009, "DIST_TO_SENSOR": 274.87077347699272, "MIDPOINT_X": 359603.68428521574, "MIDPOINT_Y": 173643.45308087472, "SENSOR_X": 359522.0, "SENSOR_Y": 173381.0 }, "geometry": { "type": "LineString", "coordinates": [ [ 359591.288822065806016, 173635.006091867369832 ], [ 359599.842277661839034, 173640.818397244613152 ], [ 359616.054971452103928, 173651.936365736240987 ] ] } },
{ "type": "Feature", "properties": { "JOURNEY_LINK_ID": 117, "SITE_ID": 500, "SEGMENT_ID": 24, "SEGMENT_LENGTH": 1.5394108718556689, "LENGTH_PROPORTION": 6.7901845409255106e-05, "DIST_TO_SENSOR": 287.41735469782367, "MIDPOINT_X": 359616.68975708156, "MIDPOINT_Y": 173652.3716744344, "SENSOR_X": 359522.0, "SENSOR_Y": 173381.0 }, "geometry": { "type": "LineString", "coordinates": [ [ 359616.054971452103928, 173651.936365736240987 ], [ 359617.324542711081449, 173652.806983132555615 ] ] } },
{ "type": "Feature", "properties": { "JOURNEY_LINK_ID": 118, "SITE_ID": 215, "SEGMENT_ID": 0, "SEGMENT_LENGTH": 29.999999999990376, "LENGTH_PROPORTION": 0.0058569778684802671, "DIST_TO_SENSOR": 284.85030359948479, "MIDPOINT_X": 358260.25349955523, "MIDPOINT_Y": 170765.0439985157, "SENSOR_X": 358042.0, "SENSOR_Y": 170582.0 }, "geometry": { "type": "LineString", "coordinates": [ [ 358271.230327255092561, 170775.266975266480586 ], [ 358249.276671855361201, 170754.821021764888428 ] ] } },
{ "type": "Feature", "properties": { "JOURNEY_LINK_ID": 118, "SITE_ID": 215, "SEGMENT_ID": 1, "SEGMENT_LENGTH": 30.00000000001021, "LENGTH_PROPORTION": 0.005856977868484139, "DIST_TO_SENSOR": 254.89557284870975, "MIDPOINT_X": 358238.2998441555, "MIDPOINT_Y": 170744.59804501408, "SENSOR_X": 358042.0, "SENSOR_Y": 170582.0 }, "geometry": { "type": "LineString", "coordinates": [ [ 358249.276671855361201, 170754.821021764888428 ], [ 358227.32301645562984, 170734.375068263267167 ] ] } },
{ "type": "Feature", "properties": { "JOURNEY_LINK_ID": 118, "SITE_ID": 215, "SEGMENT_ID": 2, "SEGMENT_LENGTH": 29.999999999990376, "LENGTH_PROPORTION": 0.0058569778684802671, "DIST_TO_SENSOR": 224.95290763852412, "MIDPOINT_X": 358216.34618875576, "MIDPOINT_Y": 170724.15209151246, "SENSOR_X": 358042.0, "SENSOR_Y": 170582.0 }, "geometry": { "type": "LineString", "coordinates": [ [ 358227.32301645562984, 170734.375068263267167 ], [ 358205.36936105589848, 170713.92911476167501 ] ] } },
{ "type": "Feature", "properties": { "JOURNEY_LINK_ID": 118, "SITE_ID": 215, "SEGMENT_ID": 3, "SEGMENT_LENGTH": 30.000000000027999, "LENGTH_PROPORTION": 0.0058569778684876119, "DIST_TO_SENSOR": 194.98999559681189, "MIDPOINT_X": 358193.60199432372, "MIDPOINT_Y": 170704.62925303497, "SENSOR_X": 358042.0, "SENSOR_Y": 170582.0 }, "geometry": { "type": "LineString", "coordinates": [ [ 358205.36936105589848, 170713.92911476167501 ], [ 358205.068318209261633, 170713.648746507184114 ], [ 358186.876995021943003, 170699.339319843798876 ], [ 358181.812309018510859, 170695.355455517099472 ] ] } },
{ "type": "Feature", "properties": { "JOURNEY_LINK_ID": 118, "SITE_ID": 215, "SEGMENT_ID": 4, "SEGMENT_LENGTH": 29.99999999999433, "LENGTH_PROPORTION": 0.005856977868481039, "DIST_TO_SENSOR": 164.99328475975994, "MIDPOINT_X": 358170.02258861857, "MIDPOINT_Y": 170686.0817026149, "SENSOR_X": 358042.0, "SENSOR_Y": 170582.0 }, "geometry": { "type": "LineString", "coordinates": [ [ 358181.812309018510859, 170695.355455517099472 ], [ 358158.232868218619842, 170676.807949712703703 ] ] } },
{ "type": "Feature", "properties": { "JOURNEY_LINK_ID": 118, "SITE_ID": 215, "SEGMENT_ID": 5, "SEGMENT_LENGTH": 29.999999999997598, "LENGTH_PROPORTION": 0.0058569778684816774, "DIST_TO_SENSOR": 135.0019948006782, "MIDPOINT_X": 358146.34866778919, "MIDPOINT_Y": 170667.65567191251, "SENSOR_X": 358042.0, "SENSOR_Y": 170582.0 }, "geometry": { "type": "LineString", "coordinates": [ [ 358158.232868218619842, 170676.807949712703703 ], [ 358157.490598367992789, 170676.224082839849871 ], [ 358134.458119318005629, 170658.511555932578631 ] ] } },
{ "type": "Feature", "properties": { "JOURNEY_LINK_ID": 118, "SITE_ID": 215, "SEGMENT_ID": 6, "SEGMENT_LENGTH": 29.999999999970299, "LENGTH_PROPORTION": 0.0058569778684763475, "DIST_TO_SENSOR": 105.03690470187691, "MIDPOINT_X": 358122.43385542685, "MIDPOINT_Y": 170649.55106402215, "SENSOR_X": 358042.0, "SENSOR_Y": 170582.0 }, "geometry": { "type": "LineString", "coordinates": [ [ 358134.458119318005629, 170658.511555932578631 ], [ 358126.009303060418461, 170652.014214288501535 ], [ 358110.081344901758712, 170641.04133525287034 ] ] } },
{ "type": "Feature", "properties": { "JOURNEY_LINK_ID": 118, "SITE_ID": 215, "SEGMENT_ID": 7, "SEGMENT_LENGTH": 30.000000000017856, "LENGTH_PROPORTION": 0.0058569778684856317, "DIST_TO_SENSOR": 75.227297138681976, "MIDPOINT_X": 358097.72883437661, "MIDPOINT_Y": 170632.53160648362, "SENSOR_X": 358042.0, "SENSOR_Y": 170582.0 }, "geometry": { "type": "LineString", "coordinates": [ [ 358110.081344901758712, 170641.04133525287034 ], [ 358085.376323851465713, 170624.021877714345464 ] ] } },
{ "type": "Feature", "properties": { "JOURNEY_LINK_ID": 118, "SITE_ID": 215, "SEGMENT_ID": 8, "SEGMENT_LENGTH": 29.999999999969923, "LENGTH_PROPORTION": 0.0058569778684762737, "DIST_TO_SENSOR": 45.667725148362358, "MIDPOINT_X": 358073.02381332638, "MIDPOINT_Y": 170615.51214894507, "SENSOR_X": 358042.0, "SENSOR_Y": 170582.0 }, "geometry": { "type": "LineString", "coordinates": [ [ 358085.376323851465713, 170624.021877714345464 ], [ 358060.671302801230922, 170607.002420175820589 ] ] } },
{ "type": "Feature", "properties": { "JOURNEY_LINK_ID": 118, "SITE_ID": 215, "SEGMENT_ID": 9, "SEGMENT_LENGTH": 30.000000000034369, "LENGTH_PROPORTION": 0.0058569778684888557, "DIST_TO_SENSOR": 17.661710156714193, "MIDPOINT_X": 358048.31879227608, "MIDPOINT_Y": 170598.49269140654, "SENSOR_X": 358042.0, "SENSOR_Y": 170582.0 }, "geometry": { "type": "LineString", "coordinates": [ [ 358060.671302801230922, 170607.002420175820589 ], [ 358035.966281750937924, 170589.98296263726661 ] ] } },
{ "type": "Feature", "properties": { "JOURNEY_LINK_ID": 118, "SITE_ID": 215, "SEGMENT_ID": 10, "SEGMENT_LENGTH": 29.999999999993221, "LENGTH_PROPORTION": 0.0058569778684808222, "DIST_TO_SENSOR": 18.39377316091883, "MIDPOINT_X": 358023.61377122579, "MIDPOINT_Y": 170581.47323386802, "SENSOR_X": 358042.0, "SENSOR_Y": 170582.0 }, "geometry": { "type": "LineString", "coordinates": [ [ 358035.966281750937924, 170589.98296263726661 ], [ 358012.741512543172576, 170573.983260691282339 ], [ 358011.233316535071936, 170573.005307836137945 ] ] } },
{ "type": "Feature", "properties": { "JOURNEY_LINK_ID": 118, "SITE_ID": 215, "SEGMENT_ID": 11, "SEGMENT_LENGTH": 30.000000000012076, "LENGTH_PROPORTION": 0.0058569778684845033, "DIST_TO_SENSOR": 46.623419517041867, "MIDPOINT_X": 357998.64761555556, "MIDPOINT_Y": 170564.84441751373, "SENSOR_X": 358042.0, "SENSOR_Y": 170582.0 }, "geometry": { "type": "LineString", "coordinates": [ [ 358011.233316535071936, 170573.005307836137945 ], [ 357986.061914576042909, 170556.683527191315079 ] ] } },
{ "type": "Feature", "properties": { "JOURNEY_LINK_ID": 118, "SITE_ID": 215, "SEGMENT_ID": 12, "SEGMENT_LENGTH": 29.999999999986102, "LENGTH_PROPORTION": 0.0058569778684794327, "DIST_TO_SENSOR": 76.26429797277288, "MIDPOINT_X": 357973.47621359653, "MIDPOINT_Y": 170548.5226368689, "SENSOR_X": 358042.0, "SENSOR_Y": 170582.0 }, "geometry": { "type": "LineString", "coordinates": [ [ 357986.061914576042909, 170556.683527191315079 ], [ 357968.707176452444401, 170545.430271243851166 ], [ 357961.279915610561147, 170539.80657383822836 ] ] } },
{ "type": "Feature", "properties": { "JOURNEY_LINK_ID": 118, "SITE_ID": 215, "SEGMENT_ID": 13, "SEGMENT_LENGTH": 14.376702231149476, "LENGTH_PROPORTION": 0.0028068008929866789, "DIST_TO_SENSOR": 98.178732298171425, "MIDPOINT_X": 357955.54901767895, "MIDPOINT_Y": 170535.46731115226, "SENSOR_X": 358042.0, "SENSOR_Y": 170582.0 }, "geometry": { "type": "LineString", "coordinates": [ [ 357961.279915610561147, 170539.80657383822836 ], [ 357949.818119747273158, 170531.128048466285691 ] ] } },
{ "type": "Feature", "properties": { "JOURNEY_LINK_ID": 118, "SITE_ID": 215, "SEGMENT_ID": 14, "SEGMENT_LENGTH": 30.000000000002185, "LENGTH_PROPORTION": 0.0058569778684825725, "DIST_TO_SENSOR": 119.9826953473129, "MIDPOINT_X": 357935.43812920596, "MIDPOINT_Y": 170526.86004283934, "SENSOR_X": 358042.0, "SENSOR_Y": 170582.0 }, "geometry": { "type": "LineString", "coordinates": [ [ 357949.818119747273158, 170531.128048466285691 ], [ 357921.058138664637227, 170522.592037212394644 ] ] } },
{ "type": "Feature", "properties": { "JOURNEY_LINK_ID": 118, "SITE_ID": 215, "SEGMENT_ID": 15, "SEGMENT_LENGTH": 19.433423299621371, "LENGTH_PROPORTION": 0.0037940376724909216, "DIST_TO_SENSOR": 144.33404005502246, "MIDPOINT_X": 357911.7430572235, "MIDPOINT_Y": 170519.82730521262, "SENSOR_X": 358042.0, "SENSOR_Y": 170582.0 }, "geometry": { "type": "LineString", "coordinates": [ [ 357921.058138664637227, 170522.592037212394644 ], [ 357902.427975782367866, 170517.062573212839197 ] ] } },
{ "type": "Feature", "properties": { "JOURNEY_LINK_ID": 118, "SITE_ID": 215, "SEGMENT_ID": 16, "SEGMENT_LENGTH": 30.000000000010143, "LENGTH_PROPORTION": 0.005856977868484126, "DIST_TO_SENSOR": 168.17691434859933, "MIDPOINT_X": 357887.50343161094, "MIDPOINT_Y": 170515.55991514289, "SENSOR_X": 358042.0, "SENSOR_Y": 170582.0 }, "geometry": { "type": "LineString", "coordinates": [ [ 357902.427975782367866, 170517.062573212839197 ], [ 357872.578887439507525, 170514.057257072941866 ] ] } },
{ "type": "Feature", "properties": { "JOURNEY_LINK_ID": 118, "SITE_ID": 215, "SEGMENT_ID": 17, "SEGMENT_LENGTH": 29.999999999985995, "LENGTH_PROPORTION": 0.0058569778684794118, "DIST_TO_SENSOR": 197.25558443919013, "MIDPOINT_X": 357857.82531272946, "MIDPOINT_Y": 170511.36395989833, "SENSOR_X": 358042.0, "SENSOR_Y": 170582.0 }, "geometry": { "type": "LineString", "coordinates": [ [ 357872.578887439507525, 170514.057257072941866 ], [ 357871.813754727656487, 170513.98022069374565 ], [ 357843.080976703378838, 170508.60632410843391 ] ] } },
{ "type": "Feature", "properties": { "JOURNEY_LINK_ID": 118, "SITE_ID": 215, "SEGMENT_ID": 18, "SEGMENT_LENGTH": 29.999999999978577, "LENGTH_PROPORTION": 0.0058569778684779633, "DIST_TO_SENSOR": 226.82824645063235, "MIDPOINT_X": 357828.3366406773, "MIDPOINT_Y": 170505.84868831854, "SENSOR_X": 358042.0, "SENSOR_Y": 170582.0 }, "geometry": { "type": "LineString", "coordinates": [ [ 357843.080976703378838, 170508.60632410843391 ], [ 357813.592304651218001, 170503.091052528645378 ] ] } },
{ "type": "Feature", "properties": { "JOURNEY_LINK_ID": 118, "SITE_ID": 215, "SEGMENT_ID": 19, "SEGMENT_LENGTH": 30.000000000041144, "LENGTH_PROPORTION": 0.0058569778684901784, "DIST_TO_SENSOR": 256.50017774514959, "MIDPOINT_X": 357798.84796862514, "MIDPOINT_Y": 170500.33341673872, "SENSOR_X": 358042.0, "SENSOR_Y": 170582.0 }, "geometry": { "type": "LineString", "coordinates": [ [ 357813.592304651218001, 170503.091052528645378 ], [ 357784.103632598998956, 170497.575780948827742 ] ] } },
{ "type": "Feature", "properties": { "JOURNEY_LINK_ID": 118, "SITE_ID": 215, "SEGMENT_ID": 20, "SEGMENT_LENGTH": 28.737386655654451, "LENGTH_PROPORTION": 0.005610474588006076, "DIST_TO_SENSOR": 285.61410720984145, "MIDPOINT_X": 357769.97984308691, "MIDPOINT_Y": 170494.93420608382, "SENSOR_X": 358042.0, "SENSOR_Y": 170582.0 }, "geometry": { "type": "LineString", "coordinates": [ [ 357784.103632598998956, 170497.575780948827742 ], [ 357755.856053574825637, 170492.292631218821043 ] ] } },
{ "type": "Feature", "properties": { "JOURNEY_LINK_ID": 136, "SITE_ID": 203, "SEGMENT_ID": 0, "SEGMENT_LENGTH": 30.000000000009496, "LENGTH_PROPORTION": 0.011854817823417062, "DIST_TO_SENSOR": 284.81419630921295, "MIDPOINT_X": 361267.05449677131, "MIDPOINT_Y": 171295.46641054377, "SENSOR_X": 361178.0, "SENSOR_Y": 171566.0 }, "geometry": { "type": "LineString", "coordinates": [ [ 361273.556809224770404, 171281.949016832077177 ], [ 361260.55218431778485, 171308.983804255491123 ] ] } },
{ "type": "Feature", "properties": { "JOURNEY_LINK_ID": 136, "SITE_ID": 203, "SEGMENT_ID": 1, "SEGMENT_LENGTH": 29.99999999998327, "LENGTH_PROPORTION": 0.011854817823406697, "DIST_TO_SENSOR": 255.09850960361874, "MIDPOINT_X": 361254.04987186426, "MIDPOINT_Y": 171322.50119796718, "SENSOR_X": 361178.0, "SENSOR_Y": 171566.0 }, "geometry": { "type": "LineString", "coordinates": [ [ 361260.55218431778485, 171308.983804255491123 ], [ 361247.547559410799295, 171336.018591678875964 ] ] } },
{ "type": "Feature", "properties": { "JOURNEY_LINK_ID": 136, "SITE_ID": 203, "SEGMENT_ID": 2, "SEGMENT_LENGTH": 30.000000000015476, "LENGTH_PROPORTION": 0.011854817823419425, "DIST_TO_SENSOR": 225.42774685457724, "MIDPOINT_X": 361241.24703087506, "MIDPOINT_Y": 171349.62652164043, "SENSOR_X": 361178.0, "SENSOR_Y": 171566.0 }, "geometry": { "type": "LineString", "coordinates": [ [ 361247.547559410799295, 171336.018591678875964 ], [ 361242.847279038804118, 171345.789813962997869 ], [ 361235.472819821559824, 171363.470599316817243 ] ] } },
{ "type": "Feature", "properties": { "JOURNEY_LINK_ID": 136, "SITE_ID": 203, "SEGMENT_ID": 3, "SEGMENT_LENGTH": 29.999999999998838, "LENGTH_PROPORTION": 0.01185481782341285, "DIST_TO_SENSOR": 195.60874980093374, "MIDPOINT_X": 361229.96579723194, "MIDPOINT_Y": 171377.42020543883, "SENSOR_X": 361178.0, "SENSOR_Y": 171566.0 }, "geometry": { "type": "LineString", "coordinates": [ [ 361235.472819821559824, 171363.470599316817243 ], [ 361232.609251172048971, 171370.336206834123004 ], [ 361225.117408130434342, 171390.413048290996812 ], [ 361224.73496860411251, 171391.478511333378265 ] ] } },
{ "type": "Feature", "properties": { "JOURNEY_LINK_ID": 136, "SITE_ID": 203, "SEGMENT_ID": 4, "SEGMENT_LENGTH": 19.011666515214213, "LENGTH_PROPORTION": 0.0075126614352450478, "DIST_TO_SENSOR": 171.19939369167187, "MIDPOINT_X": 361221.52353838237, "MIDPOINT_Y": 171400.42544275441, "SENSOR_X": 361178.0, "SENSOR_Y": 171566.0 }, "geometry": { "type": "LineString", "coordinates": [ [ 361224.73496860411251, 171391.478511333378265 ], [ 361218.312108160636853, 171409.372374175407458 ] ] } },
{ "type": "Feature", "properties": { "JOURNEY_LINK_ID": 136, "SITE_ID": 203, "SEGMENT_ID": 5, "SEGMENT_LENGTH": 22.827806260460083, "LENGTH_PROPORTION": 0.0090206494841976043, "DIST_TO_SENSOR": 150.33718598591608, "MIDPOINT_X": 361216.08569035557, "MIDPOINT_Y": 171420.56702684637, "SENSOR_X": 361178.0, "SENSOR_Y": 171566.0 }, "geometry": { "type": "LineString", "coordinates": [ [ 361218.312108160636853, 171409.372374175407458 ], [ 361213.859272550500464, 171431.761679517338052 ] ] } },
{ "type": "Feature", "properties": { "JOURNEY_LINK_ID": 140, "SITE_ID": 215, "SEGMENT_ID": 0, "SEGMENT_LENGTH": 30.000000000009017, "LENGTH_PROPORTION": 0.0058569778684839065, "DIST_TO_SENSOR": 289.19618650012603, "MIDPOINT_X": 357765.34244955424, "MIDPOINT_Y": 170666.23202518976, "SENSOR_X": 358042.0, "SENSOR_Y": 170582.0 }, "geometry": { "type": "LineString", "coordinates": [ [ 357752.332868062308989, 170658.765380066004582 ], [ 357778.352031046233606, 170673.69867031351896 ] ] } },
{ "type": "Feature", "properties": { "JOURNEY_LINK_ID": 140, "SITE_ID": 215, "SEGMENT_ID": 1, "SEGMENT_LENGTH": 24.443709378866789, "LENGTH_PROPORTION": 0.0047722088285210747, "DIST_TO_SENSOR": 271.28331197726629, "MIDPOINT_X": 357788.9521120172, "MIDPOINT_Y": 170679.78242042821, "SENSOR_X": 358042.0, "SENSOR_Y": 170582.0 }, "geometry": { "type": "LineString", "coordinates": [ [ 357778.352031046233606, 170673.69867031351896 ], [ 357799.552192988223396, 170685.866170542896725 ] ] } },
{ "type": "Feature", "properties": { "JOURNEY_LINK_ID": 140, "SITE_ID": 215, "SEGMENT_ID": 2, "SEGMENT_LENGTH": 6.6398594631031367, "LENGTH_PROPORTION": 0.0012963169975075605, "DIST_TO_SENSOR": 261.31311501385949, "MIDPOINT_X": 357802.68942089874, "MIDPOINT_Y": 170686.95232636042, "SENSOR_X": 358042.0, "SENSOR_Y": 170582.0 }, "geometry": { "type": "LineString", "coordinates": [ [ 357799.552192988223396, 170685.866170542896725 ], [ 357805.826648809248582, 170688.038482177944388 ] ] } },
{ "type": "Feature", "properties": { "JOURNEY_LINK_ID": 140, "SITE_ID": 215, "SEGMENT_ID": 3, "SEGMENT_LENGTH": 16.027327693946415, "LENGTH_PROPORTION": 0.0031290567864785046, "DIST_TO_SENSOR": 251.35710562560692, "MIDPOINT_X": 357813.8160858769, "MIDPOINT_Y": 170687.41582368859, "SENSOR_X": 358042.0, "SENSOR_Y": 170582.0 }, "geometry": { "type": "LineString", "coordinates": [ [ 357805.826648809248582, 170688.038482177944388 ], [ 357821.805522944545373, 170686.793165199225768 ] ] } },
{ "type": "Feature", "properties": { "JOURNEY_LINK_ID": 140, "SITE_ID": 215, "SEGMENT_ID": 4, "SEGMENT_LENGTH": 30.000000000003126, "LENGTH_PROPORTION": 0.0058569778684827564, "DIST_TO_SENSOR": 230.41230678312493, "MIDPOINT_X": 357831.25275897468, "MIDPOINT_Y": 170675.1419965286, "SENSOR_X": 358042.0, "SENSOR_Y": 170582.0 }, "geometry": { "type": "LineString", "coordinates": [ [ 357821.805522944545373, 170686.793165199225768 ], [ 357840.699995004746597, 170663.490827857953263 ] ] } },
{ "type": "Feature", "properties": { "JOURNEY_LINK_ID": 140, "SITE_ID": 215, "SEGMENT_ID": 5, "SEGMENT_LENGTH": 30.000000000003126, "LENGTH_PROPORTION": 0.0058569778684827564, "DIST_TO_SENSOR": 204.1692017788335, "MIDPOINT_X": 357850.14723103482, "MIDPOINT_Y": 170651.8396591873, "SENSOR_X": 358042.0, "SENSOR_Y": 170582.0 }, "geometry": { "type": "LineString", "coordinates": [ [ 357840.699995004746597, 170663.490827857953263 ], [ 357859.594467064947821, 170640.188490516680758 ] ] } },
{ "type": "Feature", "properties": { "JOURNEY_LINK_ID": 140, "SITE_ID": 215, "SEGMENT_ID": 6, "SEGMENT_LENGTH": 29.99999999998052, "LENGTH_PROPORTION": 0.0058569778684783433, "DIST_TO_SENSOR": 179.10972835905648, "MIDPOINT_X": 357869.04170309508, "MIDPOINT_Y": 170628.53732184606, "SENSOR_X": 358042.0, "SENSOR_Y": 170582.0 }, "geometry": { "type": "LineString", "coordinates": [ [ 357859.594467064947821, 170640.188490516680758 ], [ 357878.488939125149045, 170616.886153175437357 ] ] } },
{ "type": "Feature", "properties": { "JOURNEY_LINK_ID": 140, "SITE_ID": 215, "SEGMENT_ID": 7, "SEGMENT_LENGTH": 30.000000000019199, "LENGTH_PROPORTION": 0.0058569778684858945, "DIST_TO_SENSOR": 155.82513628393244, "MIDPOINT_X": 357887.91426251805, "MIDPOINT_Y": 170605.21763559346, "SENSOR_X": 358042.0, "SENSOR_Y": 170582.0 }, "geometry": { "type": "LineString", "coordinates": [ [ 357878.488939125149045, 170616.886153175437357 ], [ 357887.179867368366104, 170606.16773029032629 ], [ 357897.087782133894507, 170593.34975718750502 ] ] } },
{ "type": "Feature", "properties": { "JOURNEY_LINK_ID": 140, "SITE_ID": 215, "SEGMENT_ID": 8, "SEGMENT_LENGTH": 27.659675249767574, "LENGTH_PROPORTION": 0.0054000701929097349, "DIST_TO_SENSOR": 136.45494115331445, "MIDPOINT_X": 357905.54566791625, "MIDPOINT_Y": 170582.40770176711, "SENSOR_X": 358042.0, "SENSOR_Y": 170582.0 }, "geometry": { "type": "LineString", "coordinates": [ [ 357897.087782133894507, 170593.34975718750502 ], [ 357914.003553698596079, 170571.465646346681751 ] ] } },
{ "type": "Feature", "properties": { "JOURNEY_LINK_ID": 140, "SITE_ID": 215, "SEGMENT_ID": 9, "SEGMENT_LENGTH": 15.753956863423925, "LENGTH_PROPORTION": 0.0030756858896698776, "DIST_TO_SENSOR": 126.18861125338903, "MIDPOINT_X": 357917.07159175188, "MIDPOINT_Y": 170564.21072169393, "SENSOR_X": 358042.0, "SENSOR_Y": 170582.0 }, "geometry": { "type": "LineString", "coordinates": [ [ 357914.003553698596079, 170571.465646346681751 ], [ 357920.139629805227742, 170556.955797041184269 ] ] } },
{ "type": "Feature", "properties": { "JOURNEY_LINK_ID": 140, "SITE_ID": 215, "SEGMENT_ID": 10, "SEGMENT_LENGTH": 20.602525599837559, "LENGTH_PROPORTION": 0.0040222845491028475, "DIST_TO_SENSOR": 129.2164493845917, "MIDPOINT_X": 357917.62335181399, "MIDPOINT_Y": 170546.96658484283, "SENSOR_X": 358042.0, "SENSOR_Y": 170582.0 }, "geometry": { "type": "LineString", "coordinates": [ [ 357920.139629805227742, 170556.955797041184269 ], [ 357915.107073822757229, 170536.977372644469142 ] ] } },
{ "type": "Feature", "properties": { "JOURNEY_LINK_ID": 140, "SITE_ID": 215, "SEGMENT_ID": 11, "SEGMENT_LENGTH": 29.999999999973614, "LENGTH_PROPORTION": 0.0058569778684769945, "DIST_TO_SENSOR": 149.49712286642213, "MIDPOINT_X": 357901.86003076495, "MIDPOINT_Y": 170529.94062266857, "SENSOR_X": 358042.0, "SENSOR_Y": 170582.0 }, "geometry": { "type": "LineString", "coordinates": [ [ 357915.107073822757229, 170536.977372644469142 ], [ 357888.612987707077991, 170522.903872692666482 ] ] } },
{ "type": "Feature", "properties": { "JOURNEY_LINK_ID": 140, "SITE_ID": 215, "SEGMENT_ID": 12, "SEGMENT_LENGTH": 19.022244707045665, "LENGTH_PROPORTION": 0.0037137622086006036, "DIST_TO_SENSOR": 173.82326277399702, "MIDPOINT_X": 357880.21337121737, "MIDPOINT_Y": 170518.44204669321, "SENSOR_X": 358042.0, "SENSOR_Y": 170582.0 }, "geometry": { "type": "LineString", "coordinates": [ [ 357888.612987707077991, 170522.903872692666482 ], [ 357871.813754727656487, 170513.98022069374565 ] ] } },
{ "type": "Feature", "properties": { "JOURNEY_LINK_ID": 140, "SITE_ID": 215, "SEGMENT_ID": 13, "SEGMENT_LENGTH": 29.999999999983928, "LENGTH_PROPORTION": 0.0058569778684790076, "DIST_TO_SENSOR": 198.01202586476819, "MIDPOINT_X": 357857.06941870158, "MIDPOINT_Y": 170511.22258490382, "SENSOR_X": 358042.0, "SENSOR_Y": 170582.0 }, "geometry": { "type": "LineString", "coordinates": [ [ 357871.813754727656487, 170513.98022069374565 ], [ 357842.325082675495651, 170508.464949113928014 ] ] } },
{ "type": "Feature", "properties": { "JOURNEY_LINK_ID": 140, "SITE_ID": 215, "SEGMENT_ID": 14, "SEGMENT_LENGTH": 30.000000000035794, "LENGTH_PROPORTION": 0.0058569778684891341, "DIST_TO_SENSOR": 227.58776383553536, "MIDPOINT_X": 357827.58074664942, "MIDPOINT_Y": 170505.70731332403, "SENSOR_X": 358042.0, "SENSOR_Y": 170582.0 }, "geometry": { "type": "LineString", "coordinates": [ [ 357842.325082675495651, 170508.464949113928014 ], [ 357812.836410623276606, 170502.949677534139482 ] ] } },
{ "type": "Feature", "properties": { "JOURNEY_LINK_ID": 140, "SITE_ID": 215, "SEGMENT_ID": 15, "SEGMENT_LENGTH": 29.999999999983928, "LENGTH_PROPORTION": 0.0058569778684790076, "DIST_TO_SENSOR": 257.26176962050738, "MIDPOINT_X": 357798.0920745972, "MIDPOINT_Y": 170500.19204174425, "SENSOR_X": 358042.0, "SENSOR_Y": 170582.0 }, "geometry": { "type": "LineString", "coordinates": [ [ 357812.836410623276606, 170502.949677534139482 ], [ 357783.347738571115769, 170497.434405954321846 ] ] } },
{ "type": "Feature", "properties": { "JOURNEY_LINK_ID": 140, "SITE_ID": 215, "SEGMENT_ID": 16, "SEGMENT_LENGTH": 27.968385569529723, "LENGTH_PROPORTION": 0.0054603405099303672, "DIST_TO_SENSOR": 285.99561782684009, "MIDPOINT_X": 357769.60189607297, "MIDPOINT_Y": 170494.86351858656, "SENSOR_X": 358042.0, "SENSOR_Y": 170582.0 }, "geometry": { "type": "LineString", "coordinates": [ [ 357783.347738571115769, 170497.434405954321846 ], [ 357755.856053574825637, 170492.292631218821043 ] ] } },
{ "type": "Feature", "properties": { "JOURNEY_LINK_ID": 147, "SITE_ID": 501, "SEGMENT_ID": 0, "SEGMENT_LENGTH": 5.9127530128412955, "LENGTH_PROPORTION": 0.00088744160748096808, "DIST_TO_SENSOR": 296.84598883346007, "MIDPOINT_X": 358546.50102078216, "MIDPOINT_Y": 172808.26345290017, "SENSOR_X": 358640.0, "SENSOR_Y": 173090.0 }, "geometry": { "type": "LineString", "coordinates": [ [ 358544.874626875680406, 172805.794646526919678 ], [ 358548.12741468870081, 172810.732259273412637 ] ] } },
{ "type": "Feature", "properties": { "JOURNEY_LINK_ID": 147, "SITE_ID": 501, "SEGMENT_ID": 1, "SEGMENT_LENGTH": 29.999999999996138, "LENGTH_PROPORTION": 0.0045026822812664997, "DIST_TO_SENSOR": 279.00979582193082, "MIDPOINT_X": 358552.12544217467, "MIDPOINT_Y": 172825.18963718993, "SENSOR_X": 358640.0, "SENSOR_Y": 173090.0 }, "geometry": { "type": "LineString", "coordinates": [ [ 358548.12741468870081, 172810.732259273412637 ], [ 358554.571617677866016, 172834.035320173366927 ], [ 358555.370251157088205, 172839.802602823328925 ] ] } },
{ "type": "Feature", "properties": { "JOURNEY_LINK_ID": 147, "SITE_ID": 501, "SEGMENT_ID": 2, "SEGMENT_LENGTH": 30.00000000001145, "LENGTH_PROPORTION": 0.0045026822812687982, "DIST_TO_SENSOR": 249.40469768219239, "MIDPOINT_X": 358557.42776607262, "MIDPOINT_Y": 172854.66082049478, "SENSOR_X": 358640.0, "SENSOR_Y": 173090.0 }, "geometry": { "type": "LineString", "coordinates": [ [ 358555.370251157088205, 172839.802602823328925 ], [ 358558.26369944732869, 172860.697462050127797 ], [ 358560.030262764019426, 172869.426248946459964 ] ] } },
{ "type": "Feature", "properties": { "JOURNEY_LINK_ID": 147, "SITE_ID": 501, "SEGMENT_ID": 3, "SEGMENT_LENGTH": 23.946956596759133, "LENGTH_PROPORTION": 0.003594184571949972, "DIST_TO_SENSOR": 222.78762095911733, "MIDPOINT_X": 358562.40534587228, "MIDPOINT_Y": 172881.16180018152, "SENSOR_X": 358640.0, "SENSOR_Y": 173090.0 }, "geometry": { "type": "LineString", "coordinates": [ [ 358560.030262764019426, 172869.426248946459964 ], [ 358564.780428980477154, 172892.89735141658457 ] ] } },
{ "type": "Feature", "properties": { "JOURNEY_LINK_ID": 147, "SITE_ID": 501, "SEGMENT_ID": 4, "SEGMENT_LENGTH": 20.964109471607543, "LENGTH_PROPORTION": 0.0031464908086783548, "DIST_TO_SENSOR": 206.50224440256147, "MIDPOINT_X": 358575.21206125064, "MIDPOINT_Y": 172893.9242494955, "SENSOR_X": 358640.0, "SENSOR_Y": 173090.0 }, "geometry": { "type": "LineString", "coordinates": [ [ 358564.780428980477154, 172892.89735141658457 ], [ 358585.643693520803936, 172894.951147574407514 ] ] } },
{ "type": "Feature", "properties": { "JOURNEY_LINK_ID": 147, "SITE_ID": 501, "SEGMENT_ID": 5, "SEGMENT_LENGTH": 29.999999999998217, "LENGTH_PROPORTION": 0.004502682281266812, "DIST_TO_SENSOR": 200.85393196778148, "MIDPOINT_X": 358600.5244465039, "MIDPOINT_Y": 172893.06350601502, "SENSOR_X": 358640.0, "SENSOR_Y": 173090.0 }, "geometry": { "type": "LineString", "coordinates": [ [ 358585.643693520803936, 172894.951147574407514 ], [ 358604.386122474796139, 172892.573647735698614 ], [ 358615.394135087321047, 172891.0912460963591 ] ] } },
{ "type": "Feature", "properties": { "JOURNEY_LINK_ID": 147, "SITE_ID": 501, "SEGMENT_ID": 6, "SEGMENT_LENGTH": 29.999999999977046, "LENGTH_PROPORTION": 0.0045026822812636348, "DIST_TO_SENSOR": 201.14662667283204, "MIDPOINT_X": 358630.2599461113, "MIDPOINT_Y": 172889.08933136315, "SENSOR_X": 358640.0, "SENSOR_Y": 173090.0 }, "geometry": { "type": "LineString", "coordinates": [ [ 358615.394135087321047, 172891.0912460963591 ], [ 358630.762741143174935, 172889.021622122090776 ], [ 358645.036960941099096, 172886.51482567327912 ] ] } },
{ "type": "Feature", "properties": { "JOURNEY_LINK_ID": 147, "SITE_ID": 501, "SEGMENT_ID": 7, "SEGMENT_LENGTH": 30.000000000022649, "LENGTH_PROPORTION": 0.0045026822812704792, "DIST_TO_SENSOR": 207.02976408995357, "MIDPOINT_X": 358659.81086735101, "MIDPOINT_Y": 172883.92027573305, "SENSOR_X": 358640.0, "SENSOR_Y": 173090.0 }, "geometry": { "type": "LineString", "coordinates": [ [ 358645.036960941099096, 172886.51482567327912 ], [ 358674.58477376087103, 172881.325725792848971 ] ] } },
{ "type": "Feature", "properties": { "JOURNEY_LINK_ID": 147, "SITE_ID": 501, "SEGMENT_ID": 8, "SEGMENT_LENGTH": 2.7096550354058175, "LENGTH_PROPORTION": 0.00040669052387559652, "DIST_TO_SENSOR": 211.97405141394123, "MIDPOINT_X": 358675.91918009077, "MIDPOINT_Y": 172881.09138128252, "SENSOR_X": 358640.0, "SENSOR_Y": 173090.0 }, "geometry": { "type": "LineString", "coordinates": [ [ 358674.58477376087103, 172881.325725792848971 ], [ 358677.253586420614738, 172880.857036772184074 ] ] } },
{ "type": "Feature", "properties": { "JOURNEY_LINK_ID": 147, "SITE_ID": 501, "SEGMENT_ID": 9, "SEGMENT_LENGTH": 29.99999999998591, "LENGTH_PROPORTION": 0.0045026822812649645, "DIST_TO_SENSOR": 216.0360440053241, "MIDPOINT_X": 358692.24589281995, "MIDPOINT_Y": 172880.37667354773, "SENSOR_X": 358640.0, "SENSOR_Y": 173090.0 }, "geometry": { "type": "LineString", "coordinates": [ [ 358677.253586420614738, 172880.857036772184074 ], [ 358707.238199219340459, 172879.896310323267244 ] ] } },
{ "type": "Feature", "properties": { "JOURNEY_LINK_ID": 147, "SITE_ID": 501, "SEGMENT_ID": 10, "SEGMENT_LENGTH": 29.99999999998591, "LENGTH_PROPORTION": 0.0045026822812649645, "DIST_TO_SENSOR": 226.06967817600852, "MIDPOINT_X": 358722.23050561873, "MIDPOINT_Y": 172879.41594709881, "SENSOR_X": 358640.0, "SENSOR_Y": 173090.0 }, "geometry": { "type": "LineString", "coordinates": [ [ 358707.238199219340459, 172879.896310323267244 ], [ 358737.222812018066179, 172878.935583874350414 ] ] } },
{ "type": "Feature", "properties": { "JOURNEY_LINK_ID": 147, "SITE_ID": 501, "SEGMENT_ID": 11, "SEGMENT_LENGTH": 30.000000000044089, "LENGTH_PROPORTION": 0.0045026822812736971, "DIST_TO_SENSOR": 239.46487523586842, "MIDPOINT_X": 358752.21511841746, "MIDPOINT_Y": 172878.45522064989, "SENSOR_X": 358640.0, "SENSOR_Y": 173090.0 }, "geometry": { "type": "LineString", "coordinates": [ [ 358737.222812018066179, 172878.935583874350414 ], [ 358767.207424816850107, 172877.974857425433584 ] ] } },
{ "type": "Feature", "properties": { "JOURNEY_LINK_ID": 147, "SITE_ID": 501, "SEGMENT_ID": 12, "SEGMENT_LENGTH": 3.1381965057517602, "LENGTH_PROPORTION": 0.00047101006005275715, "DIST_TO_SENSOR": 248.11117948694178, "MIDPOINT_X": 358768.77571826871, "MIDPOINT_Y": 172877.92460828568, "SENSOR_X": 358640.0, "SENSOR_Y": 173090.0 }, "geometry": { "type": "LineString", "coordinates": [ [ 358767.207424816850107, 172877.974857425433584 ], [ 358770.344011720560957, 172877.874359145935159 ] ] } },
{ "type": "Feature", "properties": { "JOURNEY_LINK_ID": 147, "SITE_ID": 501, "SEGMENT_ID": 13, "SEGMENT_LENGTH": 29.999999999991765, "LENGTH_PROPORTION": 0.004502682281265844, "DIST_TO_SENSOR": 255.64487097391233, "MIDPOINT_X": 358785.24190729443, "MIDPOINT_Y": 172879.62155904004, "SENSOR_X": 358640.0, "SENSOR_Y": 173090.0 }, "geometry": { "type": "LineString", "coordinates": [ [ 358770.344011720560957, 172877.874359145935159 ], [ 358800.139802868303377, 172881.36875893411343 ] ] } },
{ "type": "Feature", "properties": { "JOURNEY_LINK_ID": 147, "SITE_ID": 501, "SEGMENT_ID": 14, "SEGMENT_LENGTH": 29.999999999998877, "LENGTH_PROPORTION": 0.0045026822812669108, "DIST_TO_SENSOR": 269.9297890649662, "MIDPOINT_X": 358814.81391219865, "MIDPOINT_Y": 172884.32504497032, "SENSOR_X": 358640.0, "SENSOR_Y": 173090.0 }, "geometry": { "type": "LineString", "coordinates": [ [ 358800.139802868303377, 172881.36875893411343 ], [ 358805.816873224859592, 172882.034556105034426 ], [ 358829.35024099209113, 172888.025740203534951 ] ] } },
{ "type": "Feature", "properties": { "JOURNEY_LINK_ID": 147, "SITE_ID": 501, "SEGMENT_ID": 15, "SEGMENT_LENGTH": 30.000000000019224, "LENGTH_PROPORTION": 0.0045026822812699648, "DIST_TO_SENSOR": 284.39785467462536, "MIDPOINT_X": 358843.88656978554, "MIDPOINT_Y": 172891.72643543675, "SENSOR_X": 358640.0, "SENSOR_Y": 173090.0 }, "geometry": { "type": "LineString", "coordinates": [ [ 358829.35024099209113, 172888.025740203534951 ], [ 358858.422898578981403, 172895.427130669966573 ] ] } },
{ "type": "Feature", "properties": { "JOURNEY_LINK_ID": 147, "SITE_ID": 501, "SEGMENT_ID": 16, "SEGMENT_LENGTH": 12.909565802613141, "LENGTH_PROPORTION": 0.001937589106609254, "DIST_TO_SENSOR": 296.1785009257394, "MIDPOINT_X": 358864.67815501522, "MIDPOINT_Y": 172897.01960962426, "SENSOR_X": 358640.0, "SENSOR_Y": 173090.0 }, "geometry": { "type": "LineString", "coordinates": [ [ 358858.422898578981403, 172895.427130669966573 ], [ 358870.933411451464053, 172898.612088578549447 ] ] } },
{ "type": "Feature", "properties": { "JOURNEY_LINK_ID": 160, "SITE_ID": 452, "SEGMENT_ID": 0, "SEGMENT_LENGTH": 29.9999999999858, "LENGTH_PROPORTION": 0.038345107282692269, "DIST_TO_SENSOR": 298.17866323104221, "MIDPOINT_X": 359322.02903284592, "MIDPOINT_Y": 174171.71789048874, "SENSOR_X": 359488.0, "SENSOR_Y": 173924.0 }, "geometry": { "type": "LineString", "coordinates": [ [ 359308.995237549534068, 174164.293593877519015 ], [ 359335.062828142312355, 174179.142187099991133 ] ] } },
{ "type": "Feature", "properties": { "JOURNEY_LINK_ID": 160, "SITE_ID": 452, "SEGMENT_ID": 1, "SEGMENT_LENGTH": 16.299279224713061, "LENGTH_PROPORTION": 0.020833253683415848, "DIST_TO_SENSOR": 297.39880015598004, "MIDPOINT_X": 359342.14421043877, "MIDPOINT_Y": 174183.17587655043, "SENSOR_X": 359488.0, "SENSOR_Y": 173924.0 }, "geometry": { "type": "LineString", "coordinates": [ [ 359335.062828142312355, 174179.142187099991133 ], [ 359349.225592735223472, 174187.209566000907216 ] ] } },
{ "type": "Feature", "properties": { "JOURNEY_LINK_ID": 160, "SITE_ID": 452, "SEGMENT_ID": 2, "SEGMENT_LENGTH": 23.585784605044065, "LENGTH_PROPORTION": 0.030146648034243814, "DIST_TO_SENSOR": 295.9833476715267, "MIDPOINT_X": 359360.37426898314, "MIDPOINT_Y": 174191.05395500021, "SENSOR_X": 359488.0, "SENSOR_Y": 173924.0 }, "geometry": { "type": "LineString", "coordinates": [ [ 359349.225592735223472, 174187.209566000907216 ], [ 359371.522945231059566, 174194.898343999520876 ] ] } },
{ "type": "Feature", "properties": { "JOURNEY_LINK_ID": 160, "SITE_ID": 452, "SEGMENT_ID": 3, "SEGMENT_LENGTH": 29.999999999995474, "LENGTH_PROPORTION": 0.038345107282704634, "DIST_TO_SENSOR": 290.00198906000838, "MIDPOINT_X": 359386.50355150877, "MIDPOINT_Y": 174195.66086321446, "SENSOR_X": 359488.0, "SENSOR_Y": 173924.0 }, "geometry": { "type": "LineString", "coordinates": [ [ 359371.522945231059566, 174194.898343999520876 ], [ 359401.484157786413562, 174196.423382429406047 ] ] } },
{ "type": "Feature", "properties": { "JOURNEY_LINK_ID": 160, "SITE_ID": 452, "SEGMENT_ID": 4, "SEGMENT_LENGTH": 29.999999999993996, "LENGTH_PROPORTION": 0.038345107282702746, "DIST_TO_SENSOR": 282.39657724137896, "MIDPOINT_X": 359416.46476406406, "MIDPOINT_Y": 174197.18590164435, "SENSOR_X": 359488.0, "SENSOR_Y": 173924.0 }, "geometry": { "type": "LineString", "coordinates": [ [ 359401.484157786413562, 174196.423382429406047 ], [ 359431.445370341767557, 174197.948420859262114 ] ] } },
{ "type": "Feature", "properties": { "JOURNEY_LINK_ID": 160, "SITE_ID": 452, "SEGMENT_ID": 5, "SEGMENT_LENGTH": 29.999999999995474, "LENGTH_PROPORTION": 0.038345107282704634, "DIST_TO_SENSOR": 277.83898217582396, "MIDPOINT_X": 359446.42597661947, "MIDPOINT_Y": 174198.7109400742, "SENSOR_X": 359488.0, "SENSOR_Y": 173924.0 }, "geometry": { "type": "LineString", "coordinates": [ [ 359431.445370341767557, 174197.948420859262114 ], [ 359461.406582897121552, 174199.473459289147286 ] ] } },
{ "type": "Feature", "properties": { "JOURNEY_LINK_ID": 160, "SITE_ID": 452, "SEGMENT_ID": 6, "SEGMENT_LENGTH": 29.999999999993996, "LENGTH_PROPORTION": 0.038345107282702746, "DIST_TO_SENSOR": 276.47996888628029, "MIDPOINT_X": 359476.38718917477, "MIDPOINT_Y": 174200.23597850406, "SENSOR_X": 359488.0, "SENSOR_Y": 173924.0 }, "geometry": { "type": "LineString", "coordinates": [ [ 359461.406582897121552, 174199.473459289147286 ], [ 359491.367795452475548, 174200.998497719003353 ] ] } },
{ "type": "Feature", "properties": { "JOURNEY_LINK_ID": 160, "SITE_ID": 452, "SEGMENT_ID": 7, "SEGMENT_LENGTH": 29.999999999995474, "LENGTH_PROPORTION": 0.038345107282704634, "DIST_TO_SENSOR": 278.3663887293722, "MIDPOINT_X": 359506.34840173018, "MIDPOINT_Y": 174201.76101693395, "SENSOR_X": 359488.0, "SENSOR_Y": 173924.0 }, "geometry": { "type": "LineString", "coordinates": [ [ 359491.367795452475548, 174200.998497719003353 ], [ 359521.329008007829543, 174202.523536148888525 ] ] } },
{ "type": "Feature", "properties": { "JOURNEY_LINK_ID": 160, "SITE_ID": 452, "SEGMENT_ID": 8, "SEGMENT_LENGTH": 30.000000000052129, "LENGTH_PROPORTION": 0.038345107282777048, "DIST_TO_SENSOR": 283.43344819041056, "MIDPOINT_X": 359536.30961428554, "MIDPOINT_Y": 174203.28605536383, "SENSOR_X": 359488.0, "SENSOR_Y": 173924.0 }, "geometry": { "type": "LineString", "coordinates": [ [ 359521.329008007829543, 174202.523536148888525 ], [ 359551.290220563241746, 174204.048574578744592 ] ] } },
{ "type": "Feature", "properties": { "JOURNEY_LINK_ID": 160, "SITE_ID": 452, "SEGMENT_ID": 9, "SEGMENT_LENGTH": 29.999999999995474, "LENGTH_PROPORTION": 0.038345107282704634, "DIST_TO_SENSOR": 291.51533875932415, "MIDPOINT_X": 359566.27082684089, "MIDPOINT_Y": 174204.81109379369, "SENSOR_X": 359488.0, "SENSOR_Y": 173924.0 }, "geometry": { "type": "LineString", "coordinates": [ [ 359551.290220563241746, 174204.048574578744592 ], [ 359581.251433118595742, 174205.573613008629763 ] ] } },
{ "type": "Feature", "properties": { "JOURNEY_LINK_ID": 160, "SITE_ID": 452, "SEGMENT_ID": 10, "SEGMENT_LENGTH": 6.4222492685147365, "LENGTH_PROPORTION": 0.0082087279065835364, "DIST_TO_SENSOR": 297.79166600930392, "MIDPOINT_X": 359584.45840604219, "MIDPOINT_Y": 174205.73684929096, "SENSOR_X": 359488.0, "SENSOR_Y": 173924.0 }, "geometry": { "type": "LineString", "coordinates": [ [ 359581.251433118595742, 174205.573613008629763 ], [ 359587.665378965844866, 174205.900085573317483 ] ] } },
{ "type": "Feature", "properties": { "JOURNEY_LINK_ID": 160, "SITE_ID": 452, "SEGMENT_ID": 11, "SEGMENT_LENGTH": 0.9666112597936436, "LENGTH_PROPORTION": 0.0012354937485821046, "DIST_TO_SENSOR": 299.31910793368974, "MIDPOINT_X": 359588.11394974357, "MIDPOINT_Y": 174206.07999830006, "SENSOR_X": 359488.0, "SENSOR_Y": 173924.0 }, "geometry": { "type": "LineString", "coordinates": [ [ 359587.665378965844866, 174205.900085573317483 ], [ 359588.562520521343686, 174206.259911026776535 ] ] } },
{ "type": "Feature", "properties": { "JOURNEY_LINK_ID": 171, "SITE_ID": 500, "SEGMENT_ID": 0, "SEGMENT_LENGTH": 11.920573052405432, "LENGTH_PROPORTION": 0.00052580433423758211, "DIST_TO_SENSOR": 294.20470954817637, "MIDPOINT_X": 359650.90268565511, "MIDPOINT_Y": 173645.46267931644, "SENSOR_X": 359522.0, "SENSOR_Y": 173381.0 }, "geometry": { "type": "LineString", "coordinates": [ [ 359655.407366568397265, 173649.36560966988327 ], [ 359646.398004741815384, 173641.559748962987214 ] ] } },
{ "type": "Feature", "properties": { "JOURNEY_LINK_ID": 171, "SITE_ID": 500, "SEGMENT_ID": 1, "SEGMENT_LENGTH": 8.6413272072037763, "LENGTH_PROPORTION": 0.00038116014046791412, "DIST_TO_SENSOR": 285.10959833594785, "MIDPOINT_X": 359642.7214282357, "MIDPOINT_Y": 173639.29018531105, "SENSOR_X": 359522.0, "SENSOR_Y": 173381.0 }, "geometry": { "type": "LineString", "coordinates": [ [ 359646.398004741815384, 173641.559748962987214 ], [ 359639.044851729588117, 173637.020621659117751 ] ] } },
{ "type": "Feature", "properties": { "JOURNEY_LINK_ID": 176, "SITE_ID": 452, "SEGMENT_ID": 0, "SEGMENT_LENGTH": 0.9666112597936436, "LENGTH_PROPORTION": 0.0012354937485821046, "DIST_TO_SENSOR": 299.31910793368974, "MIDPOINT_X": 359588.11394974357, "MIDPOINT_Y": 174206.07999830006, "SENSOR_X": 359488.0, "SENSOR_Y": 173924.0 }, "geometry": { "type": "LineString", "coordinates": [ [ 359588.562520521343686, 174206.259911026776535 ], [ 359587.665378965844866, 174205.900085573317483 ] ] } },
{ "type": "Feature", "properties": { "JOURNEY_LINK_ID": 176, "SITE_ID": 452, "SEGMENT_ID": 1, "SEGMENT_LENGTH": 29.999999999995474, "LENGTH_PROPORTION": 0.038345107282704634, "DIST_TO_SENSOR": 293.61512553538728, "MIDPOINT_X": 359572.6847726882, "MIDPOINT_Y": 174205.13756635837, "SENSOR_X": 359488.0, "SENSOR_Y": 173924.0 }, "geometry": { "type": "LineString", "coordinates": [ [ 359587.665378965844866, 174205.900085573317483 ], [ 359557.70416641049087, 174204.375047143432312 ] ] } },
{ "type": "Feature", "properties": { "JOURNEY_LINK_ID": 176, "SITE_ID": 452, "SEGMENT_ID": 2, "SEGMENT_LENGTH": 29.999999999993996, "LENGTH_PROPORTION": 0.038345107282702746, "DIST_TO_SENSOR": 284.91724027893952, "MIDPOINT_X": 359542.72356013278, "MIDPOINT_Y": 174203.61252792849, "SENSOR_X": 359488.0, "SENSOR_Y": 173924.0 }, "geometry": { "type": "LineString", "coordinates": [ [ 359557.70416641049087, 174204.375047143432312 ], [ 359527.742953855136875, 174202.850008713576244 ] ] } },
{ "type": "Feature", "properties": { "JOURNEY_LINK_ID": 176, "SITE_ID": 452, "SEGMENT_ID": 3, "SEGMENT_LENGTH": 29.999999999995474, "LENGTH_PROPORTION": 0.038345107282704634, "DIST_TO_SENSOR": 279.18779642599185, "MIDPOINT_X": 359512.76234757749, "MIDPOINT_Y": 174202.08748949863, "SENSOR_X": 359488.0, "SENSOR_Y": 173924.0 }, "geometry": { "type": "LineString", "coordinates": [ [ 359527.742953855136875, 174202.850008713576244 ], [ 359497.78174129978288, 174201.324970283691073 ] ] } },
{ "type": "Feature", "properties": { "JOURNEY_LINK_ID": 176, "SITE_ID": 452, "SEGMENT_ID": 4, "SEGMENT_LENGTH": 29.999999999993996, "LENGTH_PROPORTION": 0.038345107282702746, "DIST_TO_SENSOR": 276.61131129841505, "MIDPOINT_X": 359482.80113502208, "MIDPOINT_Y": 174200.56245106878, "SENSOR_X": 359488.0, "SENSOR_Y": 173924.0 }, "geometry": { "type": "LineString", "coordinates": [ [ 359497.78174129978288, 174201.324970283691073 ], [ 359467.820528744428884, 174199.799931853835005 ] ] } },
{ "type": "Feature", "properties": { "JOURNEY_LINK_ID": 176, "SITE_ID": 452, "SEGMENT_ID": 5, "SEGMENT_LENGTH": 29.999999999995474, "LENGTH_PROPORTION": 0.038345107282704634, "DIST_TO_SENSOR": 277.27569205258214, "MIDPOINT_X": 359452.83992246678, "MIDPOINT_Y": 174199.03741263889, "SENSOR_X": 359488.0, "SENSOR_Y": 173924.0 }, "geometry": { "type": "LineString", "coordinates": [ [ 359467.820528744428884, 174199.799931853835005 ], [ 359437.859316189074889, 174198.274893423949834 ] ] } },
{ "type": "Feature", "properties": { "JOURNEY_LINK_ID": 176, "SITE_ID": 452, "SEGMENT_ID": 6, "SEGMENT_LENGTH": 30.000000000052129, "LENGTH_PROPORTION": 0.038345107282777048, "DIST_TO_SENSOR": 281.15796497388379, "MIDPOINT_X": 359422.87870991137, "MIDPOINT_Y": 174197.51237420901, "SENSOR_X": 359488.0, "SENSOR_Y": 173924.0 }, "geometry": { "type": "LineString", "coordinates": [ [ 359437.859316189074889, 174198.274893423949834 ], [ 359407.898103633662686, 174196.749854994093766 ] ] } },
{ "type": "Feature", "properties": { "JOURNEY_LINK_ID": 176, "SITE_ID": 452, "SEGMENT_ID": 7, "SEGMENT_LENGTH": 29.999999999995474, "LENGTH_PROPORTION": 0.038345107282704634, "DIST_TO_SENSOR": 288.12808459658226, "MIDPOINT_X": 359392.91749735596, "MIDPOINT_Y": 174195.98733577915, "SENSOR_X": 359488.0, "SENSOR_Y": 173924.0 }, "geometry": { "type": "LineString", "coordinates": [ [ 359407.898103633662686, 174196.749854994093766 ], [ 359377.93689107830869, 174195.224816564208595 ] ] } },
{ "type": "Feature", "properties": { "JOURNEY_LINK_ID": 176, "SITE_ID": 452, "SEGMENT_ID": 8, "SEGMENT_LENGTH": 6.4222492685147365, "LENGTH_PROPORTION": 0.0082087279065835364, "DIST_TO_SENSOR": 293.77626137276792, "MIDPOINT_X": 359374.72991815466, "MIDPOINT_Y": 174195.06158028188, "SENSOR_X": 359488.0, "SENSOR_Y": 173924.0 }, "geometry": { "type": "LineString", "coordinates": [ [ 359377.93689107830869, 174195.224816564208595 ], [ 359371.522945231059566, 174194.898343999520876 ] ] } },
{ "type": "Feature", "properties": { "JOURNEY_LINK_ID": 176, "SITE_ID": 452, "SEGMENT_ID": 9, "SEGMENT_LENGTH": 23.585784605044065, "LENGTH_PROPORTION": 0.030146648034243814, "DIST_TO_SENSOR": 295.9833476715267, "MIDPOINT_X": 359360.37426898314, "MIDPOINT_Y": 174191.05395500021, "SENSOR_X": 359488.0, "SENSOR_Y": 173924.0 }, "geometry": { "type": "LineString", "coordinates": [ [ 359371.522945231059566, 174194.898343999520876 ], [ 359349.225592735223472, 174187.209566000907216 ] ] } },
{ "type": "Feature", "properties": { "JOURNEY_LINK_ID": 176, "SITE_ID": 452, "SEGMENT_ID": 10, "SEGMENT_LENGTH": 30.000000000001577, "LENGTH_PROPORTION": 0.038345107282712433, "DIST_TO_SENSOR": 297.44214876992299, "MIDPOINT_X": 359336.19179954974, "MIDPOINT_Y": 174179.78526568378, "SENSOR_X": 359488.0, "SENSOR_Y": 173924.0 }, "geometry": { "type": "LineString", "coordinates": [ [ 359349.225592735223472, 174187.209566000907216 ], [ 359323.158006364305038, 174172.360965366679011 ] ] } },
{ "type": "Feature", "properties": { "JOURNEY_LINK_ID": 176, "SITE_ID": 452, "SEGMENT_ID": 11, "SEGMENT_LENGTH": 16.299388073918358, "LENGTH_PROPORTION": 0.020833392811231005, "DIST_TO_SENSOR": 298.7531868747879, "MIDPOINT_X": 359316.07657792413, "MIDPOINT_Y": 174168.32724696514, "SENSOR_X": 359488.0, "SENSOR_Y": 173924.0 }, "geometry": { "type": "LineString", "coordinates": [ [ 359323.158006364305038, 174172.360965366679011 ], [ 359308.99514948396245, 174164.293528563634027 ] ] } },
{ "type": "Feature", "properties": { "JOURNEY_LINK_ID": 186, "SITE_ID": 500, "SEGMENT_ID": 0, "SEGMENT_LENGTH": 11.920573052405432, "LENGTH_PROPORTION": 0.00052580433423758211, "DIST_TO_SENSOR": 294.20470954817637, "MIDPOINT_X": 359650.90268565511, "MIDPOINT_Y": 173645.46267931644, "SENSOR_X": 359522.0, "SENSOR_Y": 173381.0 }, "geometry": { "type": "LineString", "coordinates": [ [ 359655.407366568397265, 173649.36560966988327 ], [ 359646.398004741815384, 173641.559748962987214 ] ] } },
{ "type": "Feature", "properties": { "JOURNEY_LINK_ID": 186, "SITE_ID": 500, "SEGMENT_ID": 1, "SEGMENT_LENGTH": 2.5496008821269296, "LENGTH_PROPORTION": 0.00011246029771427697, "DIST_TO_SENSOR": 289.86641654589511, "MIDPOINT_X": 359646.36036064598, "MIDPOINT_Y": 173642.833993479, "SENSOR_X": 359522.0, "SENSOR_Y": 173381.0 }, "geometry": { "type": "LineString", "coordinates": [ [ 359646.398004741815384, 173641.559748962987214 ], [ 359646.322716550144833, 173644.108237995009404 ] ] } },
{ "type": "Feature", "properties": { "JOURNEY_LINK_ID": 199, "SITE_ID": 215, "SEGMENT_ID": 0, "SEGMENT_LENGTH": 30.000000000008466, "LENGTH_PROPORTION": 0.005856977868483799, "DIST_TO_SENSOR": 284.77863584596292, "MIDPOINT_X": 358053.30669925082, "MIDPOINT_Y": 170297.4459102625, "SENSOR_X": 358042.0, "SENSOR_Y": 170582.0 }, "geometry": { "type": "LineString", "coordinates": [ [ 358055.985620401799679, 170282.687069472420262 ], [ 358050.627778099791612, 170312.204751052573556 ] ] } },
{ "type": "Feature", "properties": { "JOURNEY_LINK_ID": 199, "SITE_ID": 215, "SEGMENT_ID": 1, "SEGMENT_LENGTH": 29.999999999979831, "LENGTH_PROPORTION": 0.0058569778684782079, "DIST_TO_SENSOR": 255.10577881501226, "MIDPOINT_X": 358047.94885694876, "MIDPOINT_Y": 170326.96359184262, "SENSOR_X": 358042.0, "SENSOR_Y": 170582.0 }, "geometry": { "type": "LineString", "coordinates": [ [ 358050.627778099791612, 170312.204751052573556 ], [ 358045.269935797783546, 170341.722432632697746 ] ] } },
{ "type": "Feature", "properties": { "JOURNEY_LINK_ID": 199, "SITE_ID": 215, "SEGMENT_ID": 2, "SEGMENT_LENGTH": 24.433410024211451, "LENGTH_PROPORTION": 0.0047701980587785426, "DIST_TO_SENSOR": 228.25986719959718, "MIDPOINT_X": 358043.08809650096, "MIDPOINT_Y": 170353.74272624956, "SENSOR_X": 358042.0, "SENSOR_Y": 170582.0 }, "geometry": { "type": "LineString", "coordinates": [ [ 358045.269935797783546, 170341.722432632697746 ], [ 358040.906257204129361, 170365.763019866426475 ] ] } },
{ "type": "Feature", "properties": { "JOURNEY_LINK_ID": 199, "SITE_ID": 215, "SEGMENT_ID": 3, "SEGMENT_LENGTH": 29.99999999998515, "LENGTH_PROPORTION": 0.005856977868479247, "DIST_TO_SENSOR": 202.15934083439049, "MIDPOINT_X": 358035.97814789251, "MIDPOINT_Y": 170379.93036748737, "SENSOR_X": 358042.0, "SENSOR_Y": 170582.0 }, "geometry": { "type": "LineString", "coordinates": [ [ 358040.906257204129361, 170365.763019866426475 ], [ 358031.050038580899127, 170394.097715108306147 ] ] } },
{ "type": "Feature", "properties": { "JOURNEY_LINK_ID": 199, "SITE_ID": 215, "SEGMENT_ID": 4, "SEGMENT_LENGTH": 30.000000000009369, "LENGTH_PROPORTION": 0.005856977868483975, "DIST_TO_SENSOR": 175.03974258469231, "MIDPOINT_X": 358024.96110933711, "MIDPOINT_Y": 170407.79153955937, "SENSOR_X": 358042.0, "SENSOR_Y": 170582.0 }, "geometry": { "type": "LineString", "coordinates": [ [ 358031.050038580899127, 170394.097715108306147 ], [ 358030.042107150889933, 170396.99532026349334 ], [ 358018.573717388499063, 170421.363614717382006 ] ] } },
{ "type": "Feature", "properties": { "JOURNEY_LINK_ID": 199, "SITE_ID": 215, "SEGMENT_ID": 5, "SEGMENT_LENGTH": 30.000000000011607, "LENGTH_PROPORTION": 0.0058569778684844122, "DIST_TO_SENSOR": 150.41673481493171, "MIDPOINT_X": 358011.66863953741, "MIDPOINT_Y": 170434.67314336865, "SENSOR_X": 358042.0, "SENSOR_Y": 170582.0 }, "geometry": { "type": "LineString", "coordinates": [ [ 358018.573717388499063, 170421.363614717382006 ], [ 358016.379193559114356, 170426.026588680513669 ], [ 358004.492607767286245, 170447.845256640022853 ] ] } },
{ "type": "Feature", "properties": { "JOURNEY_LINK_ID": 199, "SITE_ID": 215, "SEGMENT_ID": 6, "SEGMENT_LENGTH": 29.999999999994028, "LENGTH_PROPORTION": 0.00585697786848098, "DIST_TO_SENSOR": 129.18845517381209, "MIDPOINT_X": 357997.07169532502, "MIDPOINT_Y": 170460.87566557777, "SENSOR_X": 358042.0, "SENSOR_Y": 170582.0 }, "geometry": { "type": "LineString", "coordinates": [ [ 358004.492607767286245, 170447.845256640022853 ], [ 357999.944909922371153, 170456.192877310677432 ], [ 357992.399818988342304, 170468.489927218528464 ], [ 357989.227101765165571, 170473.660905187542085 ] ] } },
{ "type": "Feature", "properties": { "JOURNEY_LINK_ID": 199, "SITE_ID": 215, "SEGMENT_ID": 7, "SEGMENT_LENGTH": 29.999999999998046, "LENGTH_PROPORTION": 0.0058569778684817641, "DIST_TO_SENSOR": 113.22793952695577, "MIDPOINT_X": 357981.31926881982, "MIDPOINT_Y": 170486.40494179635, "SENSOR_X": 358042.0, "SENSOR_Y": 170582.0 }, "geometry": { "type": "LineString", "coordinates": [ [ 357989.227101765165571, 170473.660905187542085 ], [ 357982.111101404123474, 170485.258749718137551 ], [ 357972.793387994170189, 170498.746309473674046 ] ] } },
{ "type": "Feature", "properties": { "JOURNEY_LINK_ID": 199, "SITE_ID": 215, "SEGMENT_ID": 8, "SEGMENT_LENGTH": 30.000000000007738, "LENGTH_PROPORTION": 0.0058569778684836567, "DIST_TO_SENSOR": 105.35684874835819, "MIDPOINT_X": 357964.15318660397, "MIDPOINT_Y": 170511.00747065875, "SENSOR_X": 358042.0, "SENSOR_Y": 170582.0 }, "geometry": { "type": "LineString", "coordinates": [ [ 357972.793387994170189, 170498.746309473674046 ], [ 357969.746311306778807, 170503.15700843941886 ], [ 357955.449405002058484, 170523.224024421011563 ] ] } },
{ "type": "Feature", "properties": { "JOURNEY_LINK_ID": 199, "SITE_ID": 215, "SEGMENT_ID": 9, "SEGMENT_LENGTH": 9.7048941122010302, "LENGTH_PROPORTION": 0.0018947116677041373, "DIST_TO_SENSOR": 104.84269839784285, "MIDPOINT_X": 357952.63376237464, "MIDPOINT_Y": 170527.17603644365, "SENSOR_X": 358042.0, "SENSOR_Y": 170582.0 }, "geometry": { "type": "LineString", "coordinates": [ [ 357955.449405002058484, 170523.224024421011563 ], [ 357949.818119747273158, 170531.128048466285691 ] ] } },
{ "type": "Feature", "properties": { "JOURNEY_LINK_ID": 199, "SITE_ID": 215, "SEGMENT_ID": 10, "SEGMENT_LENGTH": 30.000000000002185, "LENGTH_PROPORTION": 0.0058569778684825725, "DIST_TO_SENSOR": 119.9826953473129, "MIDPOINT_X": 357935.43812920596, "MIDPOINT_Y": 170526.86004283934, "SENSOR_X": 358042.0, "SENSOR_Y": 170582.0 }, "geometry": { "type": "LineString", "coordinates": [ [ 357949.818119747273158, 170531.128048466285691 ], [ 357921.058138664637227, 170522.592037212394644 ] ] } },
{ "type": "Feature", "properties": { "JOURNEY_LINK_ID": 199, "SITE_ID": 215, "SEGMENT_ID": 11, "SEGMENT_LENGTH": 19.433423299621371, "LENGTH_PROPORTION": 0.0037940376724909216, "DIST_TO_SENSOR": 144.33404005502246, "MIDPOINT_X": 357911.7430572235, "MIDPOINT_Y": 170519.82730521262, "SENSOR_X": 358042.0, "SENSOR_Y": 170582.0 }, "geometry": { "type": "LineString", "coordinates": [ [ 357921.058138664637227, 170522.592037212394644 ], [ 357902.427975782367866, 170517.062573212839197 ] ] } },
{ "type": "Feature", "properties": { "JOURNEY_LINK_ID": 199, "SITE_ID": 215, "SEGMENT_ID": 12, "SEGMENT_LENGTH": 30.000000000010143, "LENGTH_PROPORTION": 0.005856977868484126, "DIST_TO_SENSOR": 168.17691434859933, "MIDPOINT_X": 357887.50343161094, "MIDPOINT_Y": 170515.55991514289, "SENSOR_X": 358042.0, "SENSOR_Y": 170582.0 }, "geometry": { "type": "LineString", "coordinates": [ [ 357902.427975782367866, 170517.062573212839197 ], [ 357872.578887439507525, 170514.057257072941866 ] ] } },
{ "type": "Feature", "properties": { "JOURNEY_LINK_ID": 199, "SITE_ID": 215, "SEGMENT_ID": 13, "SEGMENT_LENGTH": 29.999999999985995, "LENGTH_PROPORTION": 0.0058569778684794118, "DIST_TO_SENSOR": 197.25558443919013, "MIDPOINT_X": 357857.82531272946, "MIDPOINT_Y": 170511.36395989833, "SENSOR_X": 358042.0, "SENSOR_Y": 170582.0 }, "geometry": { "type": "LineString", "coordinates": [ [ 357872.578887439507525, 170514.057257072941866 ], [ 357871.813754727656487, 170513.98022069374565 ], [ 357843.080976703378838, 170508.60632410843391 ] ] } },
{ "type": "Feature", "properties": { "JOURNEY_LINK_ID": 199, "SITE_ID": 215, "SEGMENT_ID": 14, "SEGMENT_LENGTH": 29.999999999978577, "LENGTH_PROPORTION": 0.0058569778684779633, "DIST_TO_SENSOR": 226.82824645063235, "MIDPOINT_X": 357828.3366406773, "MIDPOINT_Y": 170505.84868831854, "SENSOR_X": 358042.0, "SENSOR_Y": 170582.0 }, "geometry": { "type": "LineString", "coordinates": [ [ 357843.080976703378838, 170508.60632410843391 ], [ 357813.592304651218001, 170503.091052528645378 ] ] } },
{ "type": "Feature", "properties": { "JOURNEY_LINK_ID": 199, "SITE_ID": 215, "SEGMENT_ID": 15, "SEGMENT_LENGTH": 30.000000000041144, "LENGTH_PROPORTION": 0.0058569778684901784, "DIST_TO_SENSOR": 256.50017774514959, "MIDPOINT_X": 357798.84796862514, "MIDPOINT_Y": 170500.33341673872, "SENSOR_X": 358042.0, "SENSOR_Y": 170582.0 }, "geometry": { "type": "LineString", "coordinates": [ [ 357813.592304651218001, 170503.091052528645378 ], [ 357784.103632598998956, 170497.575780948827742 ] ] } },
{ "type": "Feature", "properties": { "JOURNEY_LINK_ID": 199, "SITE_ID": 215, "SEGMENT_ID": 16, "SEGMENT_LENGTH": 28.737386655654451, "LENGTH_PROPORTION": 0.005610474588006076, "DIST_TO_SENSOR": 285.61410720984145, "MIDPOINT_X": 357769.97984308691, "MIDPOINT_Y": 170494.93420608382, "SENSOR_X": 358042.0, "SENSOR_Y": 170582.0 }, "geometry": { "type": "LineString", "coordinates": [ [ 357784.103632598998956, 170497.575780948827742 ], [ 357755.856053574825637, 170492.292631218821043 ] ] } },
{ "type": "Feature", "properties": { "JOURNEY_LINK_ID": 207, "SITE_ID": 215, "SEGMENT_ID": 0, "SEGMENT_LENGTH": 30.000000000020307, "LENGTH_PROPORTION": 0.0058569778684861105, "DIST_TO_SENSOR": 55.654398998694148, "MIDPOINT_X": 357989.06767675746, "MIDPOINT_Y": 170564.80752245738, "SENSOR_X": 358042.0, "SENSOR_Y": 170582.0 }, "geometry": { "type": "LineString", "coordinates": [ [ 357975.081478159409016, 170559.386613974929787 ], [ 358003.053875355573837, 170570.228430939867394 ] ] } },
{ "type": "Feature", "properties": { "JOURNEY_LINK_ID": 207, "SITE_ID": 215, "SEGMENT_ID": 1, "SEGMENT_LENGTH": 10.389853740099369, "LENGTH_PROPORTION": 0.0020284381137509484, "DIST_TO_SENSOR": 35.508612546734305, "MIDPOINT_X": 358007.8976939494, "MIDPOINT_Y": 170572.10584581556, "SENSOR_X": 358042.0, "SENSOR_Y": 170582.0 }, "geometry": { "type": "LineString", "coordinates": [ [ 358003.053875355573837, 170570.228430939867394 ], [ 358012.741512543172576, 170573.983260691282339 ] ] } },
{ "type": "Feature", "properties": { "JOURNEY_LINK_ID": 207, "SITE_ID": 215, "SEGMENT_ID": 2, "SEGMENT_LENGTH": 30.000000000017856, "LENGTH_PROPORTION": 0.0058569778684856317, "DIST_TO_SENSOR": 16.913163353516143, "MIDPOINT_X": 358025.09402306832, "MIDPOINT_Y": 170582.49298946053, "SENSOR_X": 358042.0, "SENSOR_Y": 170582.0 }, "geometry": { "type": "LineString", "coordinates": [ [ 358012.741512543172576, 170573.983260691282339 ], [ 358037.446533593465574, 170591.002718229807215 ] ] } },
{ "type": "Feature", "properties": { "JOURNEY_LINK_ID": 207, "SITE_ID": 215, "SEGMENT_ID": 3, "SEGMENT_LENGTH": 29.999999999986432, "LENGTH_PROPORTION": 0.0058569778684794968, "DIST_TO_SENSOR": 19.17057351932359, "MIDPOINT_X": 358049.79904411861, "MIDPOINT_Y": 170599.51244699908, "SENSOR_X": 358042.0, "SENSOR_Y": 170582.0 }, "geometry": { "type": "LineString", "coordinates": [ [ 358037.446533593465574, 170591.002718229807215 ], [ 358062.151554643700365, 170608.022175768361194 ] ] } },
{ "type": "Feature", "properties": { "JOURNEY_LINK_ID": 207, "SITE_ID": 215, "SEGMENT_ID": 4, "SEGMENT_LENGTH": 30.000000000017856, "LENGTH_PROPORTION": 0.0058569778684856317, "DIST_TO_SENSOR": 47.423271539374007, "MIDPOINT_X": 358074.50406516885, "MIDPOINT_Y": 170616.53190453764, "SENSOR_X": 358042.0, "SENSOR_Y": 170582.0 }, "geometry": { "type": "LineString", "coordinates": [ [ 358062.151554643700365, 170608.022175768361194 ], [ 358086.856575693993364, 170625.041633306886069 ] ] } },
{ "type": "Feature", "properties": { "JOURNEY_LINK_ID": 207, "SITE_ID": 215, "SEGMENT_ID": 5, "SEGMENT_LENGTH": 29.999999999969923, "LENGTH_PROPORTION": 0.0058569778684762737, "DIST_TO_SENSOR": 77.009236315697748, "MIDPOINT_X": 358099.20908621908, "MIDPOINT_Y": 170633.55136207613, "SENSOR_X": 358042.0, "SENSOR_Y": 170582.0 }, "geometry": { "type": "LineString", "coordinates": [ [ 358086.856575693993364, 170625.041633306886069 ], [ 358111.561596744228154, 170642.061090845410945 ] ] } },
{ "type": "Feature", "properties": { "JOURNEY_LINK_ID": 207, "SITE_ID": 215, "SEGMENT_ID": 6, "SEGMENT_LENGTH": 29.999999999990376, "LENGTH_PROPORTION": 0.0058569778684802671, "DIST_TO_SENSOR": 106.8263931449747, "MIDPOINT_X": 358123.91410726937, "MIDPOINT_Y": 170650.57081961466, "SENSOR_X": 358042.0, "SENSOR_Y": 170582.0 }, "geometry": { "type": "LineString", "coordinates": [ [ 358111.561596744228154, 170642.061090845410945 ], [ 358126.009303060418461, 170652.014214288501535 ], [ 358135.883012358739506, 170659.607332738407422 ] ] } },
{ "type": "Feature", "properties": { "JOURNEY_LINK_ID": 207, "SITE_ID": 215, "SEGMENT_ID": 7, "SEGMENT_LENGTH": 30.000000000010033, "LENGTH_PROPORTION": 0.0058569778684841043, "DIST_TO_SENSOR": 136.79861119679623, "MIDPOINT_X": 358147.77356082993, "MIDPOINT_Y": 170668.75144871834, "SENSOR_X": 358042.0, "SENSOR_Y": 170582.0 }, "geometry": { "type": "LineString", "coordinates": [ [ 358135.883012358739506, 170659.607332738407422 ], [ 358157.490598367992789, 170676.224082839849871 ], [ 358159.645678619330283, 170677.919261440983973 ] ] } },
{ "type": "Feature", "properties": { "JOURNEY_LINK_ID": 207, "SITE_ID": 215, "SEGMENT_ID": 8, "SEGMENT_LENGTH": 30.000000000012324, "LENGTH_PROPORTION": 0.0058569778684845518, "DIST_TO_SENSOR": 166.79056563813833, "MIDPOINT_X": 358171.43539901928, "MIDPOINT_Y": 170687.19301434321, "SENSOR_X": 358042.0, "SENSOR_Y": 170582.0 }, "geometry": { "type": "LineString", "coordinates": [ [ 358159.645678619330283, 170677.919261440983973 ], [ 358183.225119419221301, 170696.466767245408846 ] ] } },
{ "type": "Feature", "properties": { "JOURNEY_LINK_ID": 207, "SITE_ID": 215, "SEGMENT_ID": 9, "SEGMENT_LENGTH": 29.999999999990216, "LENGTH_PROPORTION": 0.0058569778684802358, "DIST_TO_SENSOR": 196.78734180866303, "MIDPOINT_X": 358195.01479735161, "MIDPOINT_Y": 170705.74057413623, "SENSOR_X": 358042.0, "SENSOR_Y": 170582.0 }, "geometry": { "type": "LineString", "coordinates": [ [ 358183.225119419221301, 170696.466767245408846 ], [ 358186.876995021943003, 170699.339319843798876 ], [ 358205.068318209261633, 170713.648746507184114 ], [ 358206.684759200608823, 170715.154175864881836 ] ] } },
{ "type": "Feature", "properties": { "JOURNEY_LINK_ID": 207, "SITE_ID": 215, "SEGMENT_ID": 10, "SEGMENT_LENGTH": 29.999999999990376, "LENGTH_PROPORTION": 0.0058569778684802671, "DIST_TO_SENSOR": 226.7465567645439, "MIDPOINT_X": 358217.66158690047, "MIDPOINT_Y": 170725.37715261569, "SENSOR_X": 358042.0, "SENSOR_Y": 170582.0 }, "geometry": { "type": "LineString", "coordinates": [ [ 358206.684759200608823, 170715.154175864881836 ], [ 358228.638414600340184, 170735.600129366473993 ] ] } },
{ "type": "Feature", "properties": { "JOURNEY_LINK_ID": 207, "SITE_ID": 215, "SEGMENT_ID": 11, "SEGMENT_LENGTH": 29.999999999990376, "LENGTH_PROPORTION": 0.0058569778684802671, "DIST_TO_SENSOR": 256.69007399444695, "MIDPOINT_X": 358239.61524230021, "MIDPOINT_Y": 170745.82310611726, "SENSOR_X": 358042.0, "SENSOR_Y": 170582.0 }, "geometry": { "type": "LineString", "coordinates": [ [ 358228.638414600340184, 170735.600129366473993 ], [ 358250.592070000071544, 170756.046082868066151 ] ] } },
{ "type": "Feature", "properties": { "JOURNEY_LINK_ID": 207, "SITE_ID": 215, "SEGMENT_ID": 12, "SEGMENT_LENGTH": 28.202488668836541, "LENGTH_PROPORTION": 0.0055060450656498035, "DIST_TO_SENSOR": 285.74784960448051, "MIDPOINT_X": 358260.91119862755, "MIDPOINT_Y": 170765.65652906726, "SENSOR_X": 358042.0, "SENSOR_Y": 170582.0 }, "geometry": { "type": "LineString", "coordinates": [ [ 358250.592070000071544, 170756.046082868066151 ], [ 358271.230327255092561, 170775.266975266480586 ] ] } },
{ "type": "Feature", "properties": { "JOURNEY_LINK_ID": 60, "SITE_ID": 500, "SEGMENT_ID": 0, "SEGMENT_LENGTH": 9.0902913121482989, "LENGTH_PROPORTION": 0.00040096348979173636, "DIST_TO_SENSOR": 297.15347469803044, "MIDPOINT_X": 359755.56586060894, "MIDPOINT_Y": 173197.29595463595, "SENSOR_X": 359522.0, "SENSOR_Y": 173381.0 }, "geometry": { "type": "LineString", "coordinates": [ [ 359759.876702695386484, 173198.736437034531264 ], [ 359751.255018522497267, 173195.855472237337381 ] ] } },
{ "type": "Feature", "properties": { "JOURNEY_LINK_ID": 60, "SITE_ID": 500, "SEGMENT_ID": 1, "SEGMENT_LENGTH": 29.999999999991005, "LENGTH_PROPORTION": 0.0013232694399653629, "DIST_TO_SENSOR": 289.46353664652014, "MIDPOINT_X": 359738.18057587231, "MIDPOINT_Y": 173188.50299310527, "SENSOR_X": 359522.0, "SENSOR_Y": 173381.0 }, "geometry": { "type": "LineString", "coordinates": [ [ 359751.255018522497267, 173195.855472237337381 ], [ 359725.106133222172502, 173181.150513973203488 ] ] } },
{ "type": "Feature", "properties": { "JOURNEY_LINK_ID": 60, "SITE_ID": 500, "SEGMENT_ID": 2, "SEGMENT_LENGTH": 29.999999999991005, "LENGTH_PROPORTION": 0.0013232694399653629, "DIST_TO_SENSOR": 281.14888900253925, "MIDPOINT_X": 359712.03169057204, "MIDPOINT_Y": 173173.79803484114, "SENSOR_X": 359522.0, "SENSOR_Y": 173381.0 }, "geometry": { "type": "LineString", "coordinates": [ [ 359725.106133222172502, 173181.150513973203488 ], [ 359698.957247921847738, 173166.445555709069595 ] ] } },
{ "type": "Feature", "properties": { "JOURNEY_LINK_ID": 60, "SITE_ID": 500, "SEGMENT_ID": 3, "SEGMENT_LENGTH": 16.070246670271381, "LENGTH_PROPORTION": 0.00070884221038272079, "DIST_TO_SENSOR": 276.80933644180965, "MIDPOINT_X": 359691.95359730639, "MIDPOINT_Y": 173162.50701726606, "SENSOR_X": 359522.0, "SENSOR_Y": 173381.0 }, "geometry": { "type": "LineString", "coordinates": [ [ 359698.957247921847738, 173166.445555709069595 ], [ 359684.94994669087464, 173158.568478823057376 ] ] } },
{ "type": "Feature", "properties": { "JOURNEY_LINK_ID": 60, "SITE_ID": 500, "SEGMENT_ID": 4, "SEGMENT_LENGTH": 29.999999999998042, "LENGTH_PROPORTION": 0.0013232694399656734, "DIST_TO_SENSOR": 271.50400269023771, "MIDPOINT_X": 359670.71273881046, "MIDPOINT_Y": 173153.84598882627, "SENSOR_X": 359522.0, "SENSOR_Y": 173381.0 }, "geometry": { "type": "LineString", "coordinates": [ [ 359684.94994669087464, 173158.568478823057376 ], [ 359656.475530930038076, 173149.123498829489108 ] ] } },
{ "type": "Feature", "properties": { "JOURNEY_LINK_ID": 60, "SITE_ID": 500, "SEGMENT_ID": 5, "SEGMENT_LENGTH": 29.999999999974516, "LENGTH_PROPORTION": 0.0013232694399646357, "DIST_TO_SENSOR": 264.85105935131656, "MIDPOINT_X": 359642.07729778643, "MIDPOINT_Y": 173144.93321666142, "SENSOR_X": 359522.0, "SENSOR_Y": 173381.0 }, "geometry": { "type": "LineString", "coordinates": [ [ 359656.475530930038076, 173149.123498829489108 ], [ 359652.206300011835992, 173147.707392492156941 ], [ 359628.530165525036864, 173141.222868291602936 ], [ 359627.634073047956917, 173140.895695859799162 ] ] } },
{ "type": "Feature", "properties": { "JOURNEY_LINK_ID": 60, "SITE_ID": 500, "SEGMENT_ID": 6, "SEGMENT_LENGTH": 30.000000000021139, "LENGTH_PROPORTION": 0.0013232694399666922, "DIST_TO_SENSOR": 261.77708855310851, "MIDPOINT_X": 359613.54385285429, "MIDPOINT_Y": 173135.7512138747, "SENSOR_X": 359522.0, "SENSOR_Y": 173381.0 }, "geometry": { "type": "LineString", "coordinates": [ [ 359627.634073047956917, 173140.895695859799162 ], [ 359599.453632660675794, 173130.606731889594812 ] ] } },
{ "type": "Feature", "properties": { "JOURNEY_LINK_ID": 60, "SITE_ID": 500, "SEGMENT_ID": 7, "SEGMENT_LENGTH": 26.169476902403151, "LENGTH_PROPORTION": 0.0011543089681613301, "DIST_TO_SENSOR": 263.07872666702195, "MIDPOINT_X": 359587.16250959714, "MIDPOINT_Y": 173126.11911847346, "SENSOR_X": 359522.0, "SENSOR_Y": 173381.0 }, "geometry": { "type": "LineString", "coordinates": [ [ 359599.453632660675794, 173130.606731889594812 ], [ 359574.871386533544865, 173121.631505057332106 ] ] } },
{ "type": "Feature", "properties": { "JOURNEY_LINK_ID": 60, "SITE_ID": 500, "SEGMENT_ID": 8, "SEGMENT_LENGTH": 8.0592449070736709, "LENGTH_PROPORTION": 0.00035548508315767595, "DIST_TO_SENSOR": 268.30017786847463, "MIDPOINT_X": 359573.79824133578, "MIDPOINT_Y": 173117.7474071566, "SENSOR_X": 359522.0, "SENSOR_Y": 173381.0 }, "geometry": { "type": "LineString", "coordinates": [ [ 359574.871386533544865, 173121.631505057332106 ], [ 359572.725096137961373, 173113.863309255859349 ] ] } },
{ "type": "Feature", "properties": { "JOURNEY_LINK_ID": 60, "SITE_ID": 500, "SEGMENT_ID": 9, "SEGMENT_LENGTH": 6.2164609805401199, "LENGTH_PROPORTION": 0.00027420176134294405, "DIST_TO_SENSOR": 274.37380307172037, "MIDPOINT_X": 359571.31342050666, "MIDPOINT_Y": 173111.0941453581, "SENSOR_X": 359522.0, "SENSOR_Y": 173381.0 }, "geometry": { "type": "LineString", "coordinates": [ [ 359572.725096137961373, 173113.863309255859349 ], [ 359569.901744875358418, 173108.324981460347772 ] ] } },
{ "type": "Feature", "properties": { "JOURNEY_LINK_ID": 60, "SITE_ID": 500, "SEGMENT_ID": 10, "SEGMENT_LENGTH": 23.430845141379738, "LENGTH_PROPORTION": 0.0010335107109386004, "DIST_TO_SENSOR": 288.2131469284829, "MIDPOINT_X": 359568.99755112454, "MIDPOINT_Y": 173096.64450374449, "SENSOR_X": 359522.0, "SENSOR_Y": 173381.0 }, "geometry": { "type": "LineString", "coordinates": [ [ 359569.901744875358418, 173108.324981460347772 ], [ 359568.353003985248506, 173088.318170488520991 ], [ 359568.326533273095265, 173084.981854938203469 ], [ 359568.323813789698761, 173084.954229871451389 ] ] } },
{ "type": "Feature", "properties": { "JOURNEY_LINK_ID": 62, "SITE_ID": 500, "SEGMENT_ID": 0, "SEGMENT_LENGTH": 29.999999999985878, "LENGTH_PROPORTION": 0.0013232694399651368, "DIST_TO_SENSOR": 260.98845525677132, "MIDPOINT_X": 359478.98610238871, "MIDPOINT_Y": 173123.58053999435, "SENSOR_X": 359522.0, "SENSOR_Y": 173381.0 }, "geometry": { "type": "LineString", "coordinates": [ [ 359464.931231741444208, 173118.340252684603911 ], [ 359493.040973035967909, 173128.82082730406546 ] ] } },
{ "type": "Feature", "properties": { "JOURNEY_LINK_ID": 62, "SITE_ID": 500, "SEGMENT_ID": 1, "SEGMENT_LENGTH": 22.201673047396373, "LENGTH_PROPORTION": 0.00097929318199103661, "DIST_TO_SENSOR": 248.9935867716689, "MIDPOINT_X": 359503.44236113044, "MIDPOINT_Y": 173132.69893215492, "SENSOR_X": 359522.0, "SENSOR_Y": 173381.0 }, "geometry": { "type": "LineString", "coordinates": [ [ 359493.040973035967909, 173128.82082730406546 ], [ 359513.843749224906787, 173136.577037005743477 ] ] } },
{ "type": "Feature", "properties": { "JOURNEY_LINK_ID": 62, "SITE_ID": 500, "SEGMENT_ID": 2, "SEGMENT_LENGTH": 3.6142446500096952, "LENGTH_PROPORTION": 0.00015942064979725242, "DIST_TO_SENSOR": 242.87457801495296, "MIDPOINT_X": 359514.55184233346, "MIDPOINT_Y": 173138.23965399325, "SENSOR_X": 359522.0, "SENSOR_Y": 173381.0 }, "geometry": { "type": "LineString", "coordinates": [ [ 359513.843749224906787, 173136.577037005743477 ], [ 359515.259935442009009, 173139.902270980761386 ] ] } },
{ "type": "Feature", "properties": { "JOURNEY_LINK_ID": 62, "SITE_ID": 500, "SEGMENT_ID": 3, "SEGMENT_LENGTH": 28.292893228151957, "LENGTH_PROPORTION": 0.0012479706992342559, "DIST_TO_SENSOR": 233.46380427260232, "MIDPOINT_X": 359527.13344272226, "MIDPOINT_Y": 173147.59264006623, "SENSOR_X": 359522.0, "SENSOR_Y": 173381.0 }, "geometry": { "type": "LineString", "coordinates": [ [ 359515.259935442009009, 173139.902270980761386 ], [ 359539.006950002512895, 173155.283009151695296 ] ] } },
{ "type": "Feature", "properties": { "JOURNEY_LINK_ID": 62, "SITE_ID": 500, "SEGMENT_ID": 4, "SEGMENT_LENGTH": 11.879970743517008, "LENGTH_PROPORTION": 0.00052401340775277874, "DIST_TO_SENSOR": 226.2011924922937, "MIDPOINT_X": 359544.90802621382, "MIDPOINT_Y": 173155.96177698017, "SENSOR_X": 359522.0, "SENSOR_Y": 173381.0 }, "geometry": { "type": "LineString", "coordinates": [ [ 359539.006950002512895, 173155.283009151695296 ], [ 359548.048084719397593, 173156.322960367193446 ], [ 359550.827218999154866, 173156.300794989801943 ] ] } },
{ "type": "Feature", "properties": { "JOURNEY_LINK_ID": 62, "SITE_ID": 500, "SEGMENT_ID": 5, "SEGMENT_LENGTH": 17.687064835877415, "LENGTH_PROPORTION": 0.00078015841266698628, "DIST_TO_SENSOR": 232.08634990704439, "MIDPOINT_X": 359558.43466908287, "MIDPOINT_Y": 173151.79138606502, "SENSOR_X": 359522.0, "SENSOR_Y": 173381.0 }, "geometry": { "type": "LineString", "coordinates": [ [ 359550.827218999154866, 173156.300794989801943 ], [ 359566.04211916658096, 173147.281977140228264 ] ] } },
{ "type": "Feature", "properties": { "JOURNEY_LINK_ID": 62, "SITE_ID": 500, "SEGMENT_ID": 6, "SEGMENT_LENGTH": 27.127526247573122, "LENGTH_PROPORTION": 0.0011965675488427511, "DIST_TO_SENSOR": 251.26009513332752, "MIDPOINT_X": 359570.45675285009, "MIDPOINT_Y": 173134.45674109878, "SENSOR_X": 359522.0, "SENSOR_Y": 173381.0 }, "geometry": { "type": "LineString", "coordinates": [ [ 359566.04211916658096, 173147.281977140228264 ], [ 359574.871386533544865, 173121.631505057332106 ] ] } },
{ "type": "Feature", "properties": { "JOURNEY_LINK_ID": 62, "SITE_ID": 500, "SEGMENT_ID": 7, "SEGMENT_LENGTH": 8.0592449070736709, "LENGTH_PROPORTION": 0.00035548508315767595, "DIST_TO_SENSOR": 268.30017786847463, "MIDPOINT_X": 359573.79824133578, "MIDPOINT_Y": 173117.7474071566, "SENSOR_X": 359522.0, "SENSOR_Y": 173381.0 }, "geometry": { "type": "LineString", "coordinates": [ [ 359574.871386533544865, 173121.631505057332106 ], [ 359572.725096137961373, 173113.863309255859349 ] ] } },
{ "type": "Feature", "properties": { "JOURNEY_LINK_ID": 62, "SITE_ID": 500, "SEGMENT_ID": 8, "SEGMENT_LENGTH": 6.2164609805401199, "LENGTH_PROPORTION": 0.00027420176134294405, "DIST_TO_SENSOR": 274.37380307172037, "MIDPOINT_X": 359571.31342050666, "MIDPOINT_Y": 173111.0941453581, "SENSOR_X": 359522.0, "SENSOR_Y": 173381.0 }, "geometry": { "type": "LineString", "coordinates": [ [ 359572.725096137961373, 173113.863309255859349 ], [ 359569.901744875358418, 173108.324981460347772 ] ] } },
{ "type": "Feature", "properties": { "JOURNEY_LINK_ID": 62, "SITE_ID": 500, "SEGMENT_ID": 9, "SEGMENT_LENGTH": 23.430845141379738, "LENGTH_PROPORTION": 0.0010335107109386004, "DIST_TO_SENSOR": 288.2131469284829, "MIDPOINT_X": 359568.99755112454, "MIDPOINT_Y": 173096.64450374449, "SENSOR_X": 359522.0, "SENSOR_Y": 173381.0 }, "geometry": { "type": "LineString", "coordinates": [ [ 359569.901744875358418, 173108.324981460347772 ], [ 359568.353003985248506, 173088.318170488520991 ], [ 359568.326533273095265, 173084.981854938203469 ], [ 359568.323813789698761, 173084.954229871451389 ] ] } },
{ "type": "Feature", "properties": { "JOURNEY_LINK_ID": 76, "SITE_ID": 500, "SEGMENT_ID": 0, "SEGMENT_LENGTH": 30.000000000010058, "LENGTH_PROPORTION": 0.0013232694399662034, "DIST_TO_SENSOR": 230.80766573340284, "MIDPOINT_X": 359353.41740551608, "MIDPOINT_Y": 173538.64544839092, "SENSOR_X": 359522.0, "SENSOR_Y": 173381.0 }, "geometry": { "type": "LineString", "coordinates": [ [ 359338.598496960185003, 173540.9692274708068 ], [ 359368.236314071982633, 173536.32166931105894 ] ] } },
{ "type": "Feature", "properties": { "JOURNEY_LINK_ID": 76, "SITE_ID": 500, "SEGMENT_ID": 1, "SEGMENT_LENGTH": 30.000000000014566, "LENGTH_PROPORTION": 0.0013232694399664023, "DIST_TO_SENSOR": 206.67366928125332, "MIDPOINT_X": 359383.05522262788, "MIDPOINT_Y": 173533.99789023117, "SENSOR_X": 359522.0, "SENSOR_Y": 173381.0 }, "geometry": { "type": "LineString", "coordinates": [ [ 359368.236314071982633, 173536.32166931105894 ], [ 359397.874131183780264, 173531.674111151281977 ] ] } },
{ "type": "Feature", "properties": { "JOURNEY_LINK_ID": 76, "SITE_ID": 500, "SEGMENT_ID": 2, "SEGMENT_LENGTH": 3.1195319733159552, "LENGTH_PROPORTION": 0.00013759937757616952, "DIST_TO_SENSOR": 194.05410398357682, "MIDPOINT_X": 359399.41506648541, "MIDPOINT_Y": 173531.43247438001, "SENSOR_X": 359522.0, "SENSOR_Y": 173381.0 }, "geometry": { "type": "LineString", "coordinates": [ [ 359397.874131183780264, 173531.674111151281977 ], [ 359400.956001787097193, 173531.190837608708534 ] ] } },
{ "type": "Feature", "properties": { "JOURNEY_LINK_ID": 76, "SITE_ID": 500, "SEGMENT_ID": 3, "SEGMENT_LENGTH": 30.000000000010896, "LENGTH_PROPORTION": 0.0013232694399662403, "DIST_TO_SENSOR": 187.42341522179723, "MIDPOINT_X": 359415.41892123455, "MIDPOINT_Y": 173535.16877187873, "SENSOR_X": 359522.0, "SENSOR_Y": 173381.0 }, "geometry": { "type": "LineString", "coordinates": [ [ 359400.956001787097193, 173531.190837608708534 ], [ 359429.881840682006441, 173539.146706148749217 ] ] } },
{ "type": "Feature", "properties": { "JOURNEY_LINK_ID": 76, "SITE_ID": 500, "SEGMENT_ID": 4, "SEGMENT_LENGTH": 27.051594942800357, "LENGTH_PROPORTION": 0.0011932182963380002, "DIST_TO_SENSOR": 180.03028578174784, "MIDPOINT_X": 359442.9233419681, "MIDPOINT_Y": 173542.73368836814, "SENSOR_X": 359522.0, "SENSOR_Y": 173381.0 }, "geometry": { "type": "LineString", "coordinates": [ [ 359429.881840682006441, 173539.146706148749217 ], [ 359455.964843254187144, 173546.320670587534551 ] ] } },
{ "type": "Feature", "properties": { "JOURNEY_LINK_ID": 76, "SITE_ID": 500, "SEGMENT_ID": 5, "SEGMENT_LENGTH": 30.000000000012975, "LENGTH_PROPORTION": 0.001323269439966332, "DIST_TO_SENSOR": 181.63121541821195, "MIDPOINT_X": 359468.49223711621, "MIDPOINT_Y": 173554.57078592168, "SENSOR_X": 359522.0, "SENSOR_Y": 173381.0 }, "geometry": { "type": "LineString", "coordinates": [ [ 359455.964843254187144, 173546.320670587534551 ], [ 359481.019630978174973, 173562.820901255821809 ] ] } },
{ "type": "Feature", "properties": { "JOURNEY_LINK_ID": 76, "SITE_ID": 500, "SEGMENT_ID": 6, "SEGMENT_LENGTH": 29.999999999980371, "LENGTH_PROPORTION": 0.0013232694399648939, "DIST_TO_SENSOR": 192.18887361916038, "MIDPOINT_X": 359493.54702484014, "MIDPOINT_Y": 173571.07101658999, "SENSOR_X": 359522.0, "SENSOR_Y": 173381.0 }, "geometry": { "type": "LineString", "coordinates": [ [ 359481.019630978174973, 173562.820901255821809 ], [ 359506.074418702104595, 173579.321131924138172 ] ] } },
{ "type": "Feature", "properties": { "JOURNEY_LINK_ID": 76, "SITE_ID": 500, "SEGMENT_ID": 7, "SEGMENT_LENGTH": 29.999999999990663, "LENGTH_PROPORTION": 0.001323269439965348, "DIST_TO_SENSOR": 206.36643035074707, "MIDPOINT_X": 359518.73962344986, "MIDPOINT_Y": 173587.3406734516, "SENSOR_X": 359522.0, "SENSOR_Y": 173381.0 }, "geometry": { "type": "LineString", "coordinates": [ [ 359506.074418702104595, 173579.321131924138172 ], [ 359516.031633495818824, 173585.878614778106567 ], [ 359531.938725857646205, 173594.466941453050822 ] ] } },
{ "type": "Feature", "properties": { "JOURNEY_LINK_ID": 76, "SITE_ID": 500, "SEGMENT_ID": 8, "SEGMENT_LENGTH": 30.000000000028944, "LENGTH_PROPORTION": 0.0013232694399670365, "DIST_TO_SENSOR": 222.56867713383977, "MIDPOINT_X": 359544.62433361483, "MIDPOINT_Y": 173602.41579792235, "SENSOR_X": 359522.0, "SENSOR_Y": 173381.0 }, "geometry": { "type": "LineString", "coordinates": [ [ 359531.938725857646205, 173594.466941453050822 ], [ 359538.360647664871067, 173597.934172365290578 ], [ 359556.823364034062251, 173611.144122895144392 ] ] } },
{ "type": "Feature", "properties": { "JOURNEY_LINK_ID": 76, "SITE_ID": 500, "SEGMENT_ID": 9, "SEGMENT_LENGTH": 29.999999999981647, "LENGTH_PROPORTION": 0.0013232694399649503, "DIST_TO_SENSOR": 243.456673620874, "MIDPOINT_X": 359569.02239445329, "MIDPOINT_Y": 173619.87244786794, "SENSOR_X": 359522.0, "SENSOR_Y": 173381.0 }, "geometry": { "type": "LineString", "coordinates": [ [ 359556.823364034062251, 173611.144122895144392 ], [ 359569.105853757180739, 173619.932162443699781 ], [ 359581.427598881709855, 173628.305122896970715 ] ] } },
{ "type": "Feature", "properties": { "JOURNEY_LINK_ID": 76, "SITE_ID": 500, "SEGMENT_ID": 10, "SEGMENT_LENGTH": 22.26392664097477, "LENGTH_PROPORTION": 0.00098203912458804808, "DIST_TO_SENSOR": 262.68673533653759, "MIDPOINT_X": 359590.63493827177, "MIDPOINT_Y": 173634.56176007079, "SENSOR_X": 359522.0, "SENSOR_Y": 173381.0 }, "geometry": { "type": "LineString", "coordinates": [ [ 359581.427598881709855, 173628.305122896970715 ], [ 359599.842277661839034, 173640.818397244613152 ] ] } },
{ "type": "Feature", "properties": { "JOURNEY_LINK_ID": 76, "SITE_ID": 500, "SEGMENT_ID": 11, "SEGMENT_LENGTH": 13.644615893464819, "LENGTH_PROPORTION": 0.00060185010772976979, "DIST_TO_SENSOR": 275.48785598482959, "MIDPOINT_X": 359606.19460138358, "MIDPOINT_Y": 173643.30674389534, "SENSOR_X": 359522.0, "SENSOR_Y": 173381.0 }, "geometry": { "type": "LineString", "coordinates": [ [ 359599.842277661839034, 173640.818397244613152 ], [ 359612.546925105329137, 173645.795090546074789 ] ] } },
{ "type": "Feature", "properties": { "JOURNEY_LINK_ID": 101, "SITE_ID": 500, "SEGMENT_ID": 0, "SEGMENT_LENGTH": 14.368895118721323, "LENGTH_PROPORTION": 0.00063379732655590348, "DIST_TO_SENSOR": 292.74536718537166, "MIDPOINT_X": 359534.74430799222, "MIDPOINT_Y": 173088.53216822649, "SENSOR_X": 359522.0, "SENSOR_Y": 173381.0 }, "geometry": { "type": "LineString", "coordinates": [ [ 359537.080529795784969, 173081.740858921722975 ], [ 359536.3565338239423, 173084.124905820121057 ], [ 359532.276117316505406, 173095.279339598375373 ] ] } },
{ "type": "Feature", "properties": { "JOURNEY_LINK_ID": 101, "SITE_ID": 500, "SEGMENT_ID": 1, "SEGMENT_LENGTH": 15.348873696175508, "LENGTH_PROPORTION": 0.00067702318333477814, "DIST_TO_SENSOR": 281.25161520599141, "MIDPOINT_X": 359526.05823578639, "MIDPOINT_Y": 173099.77766486589, "SENSOR_X": 359522.0, "SENSOR_Y": 173381.0 }, "geometry": { "type": "LineString", "coordinates": [ [ 359532.276117316505406, 173095.279339598375373 ], [ 359519.840354256215505, 173104.275990133406594 ] ] } },
{ "type": "Feature", "properties": { "JOURNEY_LINK_ID": 101, "SITE_ID": 500, "SEGMENT_ID": 2, "SEGMENT_LENGTH": 17.344995460415735, "LENGTH_PROPORTION": 0.00076507008097043247, "DIST_TO_SENSOR": 268.97387364063832, "MIDPOINT_X": 359516.08087022405, "MIDPOINT_Y": 173112.09126342949, "SENSOR_X": 359522.0, "SENSOR_Y": 173381.0 }, "geometry": { "type": "LineString", "coordinates": [ [ 359519.840354256215505, 173104.275990133406594 ], [ 359512.321386191935744, 173119.906536725582555 ] ] } },
{ "type": "Feature", "properties": { "JOURNEY_LINK_ID": 101, "SITE_ID": 500, "SEGMENT_ID": 3, "SEGMENT_LENGTH": 16.739867645683528, "LENGTH_PROPORTION": 0.00073837850948681942, "DIST_TO_SENSOR": 252.91546988181111, "MIDPOINT_X": 359513.08256770845, "MIDPOINT_Y": 173128.24178686566, "SENSOR_X": 359522.0, "SENSOR_Y": 173381.0 }, "geometry": { "type": "LineString", "coordinates": [ [ 359512.321386191935744, 173119.906536725582555 ], [ 359513.843749224906787, 173136.577037005743477 ] ] } },
{ "type": "Feature", "properties": { "JOURNEY_LINK_ID": 101, "SITE_ID": 500, "SEGMENT_ID": 4, "SEGMENT_LENGTH": 3.6142446500096952, "LENGTH_PROPORTION": 0.00015942064979725242, "DIST_TO_SENSOR": 242.87457801495296, "MIDPOINT_X": 359514.55184233346, "MIDPOINT_Y": 173138.23965399325, "SENSOR_X": 359522.0, "SENSOR_Y": 173381.0 }, "geometry": { "type": "LineString", "coordinates": [ [ 359513.843749224906787, 173136.577037005743477 ], [ 359515.259935442009009, 173139.902270980761386 ] ] } },
{ "type": "Feature", "properties": { "JOURNEY_LINK_ID": 101, "SITE_ID": 500, "SEGMENT_ID": 5, "SEGMENT_LENGTH": 18.957389705613643, "LENGTH_PROPORTION": 0.00083619114863200082, "DIST_TO_SENSOR": 231.75619439976981, "MIDPOINT_X": 359514.64032319817, "MIDPOINT_Y": 173149.36069245476, "SENSOR_X": 359522.0, "SENSOR_Y": 173381.0 }, "geometry": { "type": "LineString", "coordinates": [ [ 359515.259935442009009, 173139.902270980761386 ], [ 359514.020710954267997, 173158.819113928766456 ] ] } },
{ "type": "Feature", "properties": { "JOURNEY_LINK_ID": 101, "SITE_ID": 500, "SEGMENT_ID": 6, "SEGMENT_LENGTH": 30.000000000009315, "LENGTH_PROPORTION": 0.0013232694399661707, "DIST_TO_SENSOR": 207.9169621124642, "MIDPOINT_X": 359510.54912787577, "MIDPOINT_Y": 173173.39860149394, "SENSOR_X": 359522.0, "SENSOR_Y": 173381.0 }, "geometry": { "type": "LineString", "coordinates": [ [ 359514.020710954267997, 173158.819113928766456 ], [ 359511.338830305205192, 173171.074506830540486 ], [ 359505.723269727313891, 173187.601104552595643 ] ] } },
{ "type": "Feature", "properties": { "JOURNEY_LINK_ID": 101, "SITE_ID": 500, "SEGMENT_ID": 7, "SEGMENT_LENGTH": 29.999999999983164, "LENGTH_PROPORTION": 0.0013232694399650171, "DIST_TO_SENSOR": 180.43465931802945, "MIDPOINT_X": 359500.89741157892, "MIDPOINT_Y": 173201.80360761125, "SENSOR_X": 359522.0, "SENSOR_Y": 173381.0 }, "geometry": { "type": "LineString", "coordinates": [ [ 359505.723269727313891, 173187.601104552595643 ], [ 359496.07155343046179, 173216.006110669899499 ] ] } },
{ "type": "Feature", "properties": { "JOURNEY_LINK_ID": 101, "SITE_ID": 500, "SEGMENT_ID": 8, "SEGMENT_LENGTH": 30.000000000001894, "LENGTH_PROPORTION": 0.0013232694399658432, "DIST_TO_SENSOR": 153.89564461787865, "MIDPOINT_X": 359491.24569528201, "MIDPOINT_Y": 173230.20861372855, "SENSOR_X": 359522.0, "SENSOR_Y": 173381.0 }, "geometry": { "type": "LineString", "coordinates": [ [ 359496.07155343046179, 173216.006110669899499 ], [ 359486.419837133551482, 173244.411116787203355 ] ] } },
{ "type": "Feature", "properties": { "JOURNEY_LINK_ID": 101, "SITE_ID": 500, "SEGMENT_ID": 9, "SEGMENT_LENGTH": 23.838653476675759, "LENGTH_PROPORTION": 0.0010514987211872847, "DIST_TO_SENSOR": 131.35616520048472, "MIDPOINT_X": 359482.58510512928, "MIDPOINT_Y": 173255.69673508441, "SENSOR_X": 359522.0, "SENSOR_Y": 173381.0 }, "geometry": { "type": "LineString", "coordinates": [ [ 359486.419837133551482, 173244.411116787203355 ], [ 359478.750373124959879, 173266.982353381637949 ] ] } },
{ "type": "Feature", "properties": { "JOURNEY_LINK_ID": 101, "SITE_ID": 500, "SEGMENT_ID": 10, "SEGMENT_LENGTH": 22.512642679633586, "LENGTH_PROPORTION": 0.00099300973569426657, "DIST_TO_SENSOR": 112.25273947360671, "MIDPOINT_X": 359477.10197755334, "MIDPOINT_Y": 173278.1173236171, "SENSOR_X": 359522.0, "SENSOR_Y": 173381.0 }, "geometry": { "type": "LineString", "coordinates": [ [ 359478.750373124959879, 173266.982353381637949 ], [ 359475.453581981710158, 173289.252293852565344 ] ] } },
{ "type": "Feature", "properties": { "JOURNEY_LINK_ID": 101, "SITE_ID": 500, "SEGMENT_ID": 11, "SEGMENT_LENGTH": 30.000000000015646, "LENGTH_PROPORTION": 0.00132326943996645, "DIST_TO_SENSOR": 89.124887455875083, "MIDPOINT_X": 359476.79089810076, "MIDPOINT_Y": 173304.1925611058, "SENSOR_X": 359522.0, "SENSOR_Y": 173381.0 }, "geometry": { "type": "LineString", "coordinates": [ [ 359475.453581981710158, 173289.252293852565344 ], [ 359478.128214219817892, 173319.132828359026462 ] ] } },
{ "type": "Feature", "properties": { "JOURNEY_LINK_ID": 101, "SITE_ID": 500, "SEGMENT_ID": 12, "SEGMENT_LENGTH": 21.327842588366597, "LENGTH_PROPORTION": 0.00094074941058619151, "DIST_TO_SENSOR": 66.845642799991438, "MIDPOINT_X": 359479.07894980907, "MIDPOINT_Y": 173329.75428396586, "SENSOR_X": 359522.0, "SENSOR_Y": 173381.0 }, "geometry": { "type": "LineString", "coordinates": [ [ 359478.128214219817892, 173319.132828359026462 ], [ 359480.029685398330912, 173340.375739572686143 ] ] } },
{ "type": "Feature", "properties": { "JOURNEY_LINK_ID": 101, "SITE_ID": 500, "SEGMENT_ID": 13, "SEGMENT_LENGTH": 29.9999999999906, "LENGTH_PROPORTION": 0.0013232694399653452, "DIST_TO_SENSOR": 44.745767298244971, "MIDPOINT_X": 359486.32544245821, "MIDPOINT_Y": 173353.99056395801, "SENSOR_X": 359522.0, "SENSOR_Y": 173381.0 }, "geometry": { "type": "LineString", "coordinates": [ [ 359480.029685398330912, 173340.375739572686143 ], [ 359492.621199518092908, 173367.605388343305094 ] ] } },
{ "type": "Feature", "properties": { "JOURNEY_LINK_ID": 101, "SITE_ID": 500, "SEGMENT_ID": 14, "SEGMENT_LENGTH": 30.000000000017014, "LENGTH_PROPORTION": 0.0013232694399665102, "DIST_TO_SENSOR": 23.084093815200813, "MIDPOINT_X": 359498.91695657797, "MIDPOINT_Y": 173381.22021272863, "SENSOR_X": 359522.0, "SENSOR_Y": 173381.0 }, "geometry": { "type": "LineString", "coordinates": [ [ 359492.621199518092908, 173367.605388343305094 ], [ 359505.212713637854904, 173394.835037113953149 ] ] } },
{ "type": "Feature", "properties": { "JOURNEY_LINK_ID": 101, "SITE_ID": 500, "SEGMENT_ID": 15, "SEGMENT_LENGTH": 29.9999999999906, "LENGTH_PROPORTION": 0.0013232694399653452, "DIST_TO_SENSOR": 29.386511930274541, "MIDPOINT_X": 359511.50847069774, "MIDPOINT_Y": 173408.44986149925, "SENSOR_X": 359522.0, "SENSOR_Y": 173381.0 }, "geometry": { "type": "LineString", "coordinates": [ [ 359505.212713637854904, 173394.835037113953149 ], [ 359517.8042277576169, 173422.0646858845721 ] ] } },
{ "type": "Feature", "properties": { "JOURNEY_LINK_ID": 101, "SITE_ID": 500, "SEGMENT_ID": 16, "SEGMENT_LENGTH": 30.000000000017014, "LENGTH_PROPORTION": 0.0013232694399665102, "DIST_TO_SENSOR": 54.719820719638669, "MIDPOINT_X": 359524.0999848175, "MIDPOINT_Y": 173435.6795102699, "SENSOR_X": 359522.0, "SENSOR_Y": 173381.0 }, "geometry": { "type": "LineString", "coordinates": [ [ 359517.8042277576169, 173422.0646858845721 ], [ 359530.395741877378896, 173449.294334655220155 ] ] } },
{ "type": "Feature", "properties": { "JOURNEY_LINK_ID": 101, "SITE_ID": 500, "SEGMENT_ID": 17, "SEGMENT_LENGTH": 13.069125113475533, "LENGTH_PROPORTION": 0.00057646579565837379, "DIST_TO_SENSOR": 75.056535323755483, "MIDPOINT_X": 359533.13840976736, "MIDPOINT_Y": 173455.22546276488, "SENSOR_X": 359522.0, "SENSOR_Y": 173381.0 }, "geometry": { "type": "LineString", "coordinates": [ [ 359530.395741877378896, 173449.294334655220155 ], [ 359535.8810776573373, 173461.156590874539688 ] ] } },
{ "type": "Feature", "properties": { "JOURNEY_LINK_ID": 101, "SITE_ID": 500, "SEGMENT_ID": 18, "SEGMENT_LENGTH": 29.999999999992987, "LENGTH_PROPORTION": 0.0013232694399654503, "DIST_TO_SENSOR": 95.819756570281726, "MIDPOINT_X": 359534.10902424733, "MIDPOINT_Y": 173476.05155064998, "SENSOR_X": 359522.0, "SENSOR_Y": 173381.0 }, "geometry": { "type": "LineString", "coordinates": [ [ 359535.8810776573373, 173461.156590874539688 ], [ 359532.336970837321132, 173490.946510425419547 ] ] } },
{ "type": "Feature", "properties": { "JOURNEY_LINK_ID": 101, "SITE_ID": 500, "SEGMENT_ID": 19, "SEGMENT_LENGTH": 29.999999999992987, "LENGTH_PROPORTION": 0.0013232694399654503, "DIST_TO_SENSOR": 125.13492914629701, "MIDPOINT_X": 359530.56491742731, "MIDPOINT_Y": 173505.84147020086, "SENSOR_X": 359522.0, "SENSOR_Y": 173381.0 }, "geometry": { "type": "LineString", "coordinates": [ [ 359532.336970837321132, 173490.946510425419547 ], [ 359528.792864017304964, 173520.736429976299405 ] ] } },
{ "type": "Feature", "properties": { "JOURNEY_LINK_ID": 101, "SITE_ID": 500, "SEGMENT_ID": 20, "SEGMENT_LENGTH": 30.000000000027825, "LENGTH_PROPORTION": 0.0013232694399669871, "DIST_TO_SENSOR": 154.47868382136323, "MIDPOINT_X": 359525.9190369788, "MIDPOINT_Y": 173535.42896394245, "SENSOR_X": 359522.0, "SENSOR_Y": 173381.0 }, "geometry": { "type": "LineString", "coordinates": [ [ 359528.792864017304964, 173520.736429976299405 ], [ 359528.067046384443529, 173526.837275687023066 ], [ 359522.280863371037412, 173549.981066635868046 ] ] } },
{ "type": "Feature", "properties": { "JOURNEY_LINK_ID": 101, "SITE_ID": 500, "SEGMENT_ID": 21, "SEGMENT_LENGTH": 29.999999999974211, "LENGTH_PROPORTION": 0.0013232694399646222, "DIST_TO_SENSOR": 183.66067298608132, "MIDPOINT_X": 359519.17555720924, "MIDPOINT_Y": 173564.63895372339, "SENSOR_X": 359522.0, "SENSOR_Y": 173381.0 }, "geometry": { "type": "LineString", "coordinates": [ [ 359522.280863371037412, 173549.981066635868046 ], [ 359519.987318096274976, 173559.154874696978368 ], [ 359516.979168093763292, 173579.477278253238183 ] ] } },
{ "type": "Feature", "properties": { "JOURNEY_LINK_ID": 101, "SITE_ID": 500, "SEGMENT_ID": 22, "SEGMENT_LENGTH": 6.4710842305533181, "LENGTH_PROPORTION": 0.00028543293352451828, "DIST_TO_SENSOR": 201.75278122297172, "MIDPOINT_X": 359516.50540079479, "MIDPOINT_Y": 173582.67794651567, "SENSOR_X": 359522.0, "SENSOR_Y": 173381.0 }, "geometry": { "type": "LineString", "coordinates": [ [ 359516.979168093763292, 173579.477278253238183 ], [ 359516.031633495818824, 173585.878614778106567 ] ] } },
{ "type": "Feature", "properties": { "JOURNEY_LINK_ID": 101, "SITE_ID": 500, "SEGMENT_ID": 23, "SEGMENT_LENGTH": 30.000000000015731, "LENGTH_PROPORTION": 0.0013232694399664536, "DIST_TO_SENSOR": 212.12815434090857, "MIDPOINT_X": 359529.23073590361, "MIDPOINT_Y": 173593.00488277955, "SENSOR_X": 359522.0, "SENSOR_Y": 173381.0 }, "geometry": { "type": "LineString", "coordinates": [ [ 359516.031633495818824, 173585.878614778106567 ], [ 359538.360647664871067, 173597.934172365290578 ], [ 359542.121523135458119, 173600.625053702678997 ] ] } },
{ "type": "Feature", "properties": { "JOURNEY_LINK_ID": 101, "SITE_ID": 500, "SEGMENT_ID": 24, "SEGMENT_LENGTH": 29.999999999979387, "LENGTH_PROPORTION": 0.0013232694399648505, "DIST_TO_SENSOR": 230.62932106430938, "MIDPOINT_X": 359554.32055355469, "MIDPOINT_Y": 173609.35337867547, "SENSOR_X": 359522.0, "SENSOR_Y": 173381.0 }, "geometry": { "type": "LineString", "coordinates": [ [ 359542.121523135458119, 173600.625053702678997 ], [ 359566.519583973917179, 173618.081703648233088 ] ] } },
{ "type": "Feature", "properties": { "JOURNEY_LINK_ID": 101, "SITE_ID": 500, "SEGMENT_ID": 25, "SEGMENT_LENGTH": 30.00000000002947, "LENGTH_PROPORTION": 0.0013232694399670597, "DIST_TO_SENSOR": 252.07714636160037, "MIDPOINT_X": 359578.8821973874, "MIDPOINT_Y": 173626.57545345207, "SENSOR_X": 359522.0, "SENSOR_Y": 173381.0 }, "geometry": { "type": "LineString", "coordinates": [ [ 359566.519583973917179, 173618.081703648233088 ], [ 359569.105853757180739, 173619.932162443699781 ], [ 359591.288822065806016, 173635.006091867369832 ] ] } },
{ "type": "Feature", "properties": { "JOURNEY_LINK_ID": 101, "SITE_ID": 500, "SEGMENT_ID": 26, "SEGMENT_LENGTH": 10.341397218540642, "LENGTH_PROPORTION": 0.00045614849686139136, "DIST_TO_SENSOR": 267.23733184114809, "MIDPOINT_X": 359595.56554986385, "MIDPOINT_Y": 173637.91224455601, "SENSOR_X": 359522.0, "SENSOR_Y": 173381.0 }, "geometry": { "type": "LineString", "coordinates": [ [ 359591.288822065806016, 173635.006091867369832 ], [ 359599.842277661839034, 173640.818397244613152 ] ] } },
{ "type": "Feature", "properties": { "JOURNEY_LINK_ID": 101, "SITE_ID": 500, "SEGMENT_ID": 27, "SEGMENT_LENGTH": 20.430399976105466, "LENGTH_PROPORTION": 0.00090116413115525168, "DIST_TO_SENSOR": 275.57419541759026, "MIDPOINT_X": 359609.96951301908, "MIDPOINT_Y": 173642.15608734862, "SENSOR_X": 359522.0, "SENSOR_Y": 173381.0 }, "geometry": { "type": "LineString", "coordinates": [ [ 359599.842277661839034, 173640.818397244613152 ], [ 359620.096748376381584, 173643.493777452618815 ] ] } },
{ "type": "Feature", "properties": { "JOURNEY_LINK_ID": 148, "SITE_ID": 501, "SEGMENT_ID": 0, "SEGMENT_LENGTH": 29.999999999995588, "LENGTH_PROPORTION": 0.0045026822812664173, "DIST_TO_SENSOR": 285.02258200751555, "MIDPOINT_X": 358355.65659304091, "MIDPOINT_Y": 173109.66466814186, "SENSOR_X": 358640.0, "SENSOR_Y": 173090.0 }, "geometry": { "type": "LineString", "coordinates": [ [ 358340.848549805930816, 173107.272628102306044 ], [ 358370.464636275894009, 173112.056708181422437 ] ] } },
{ "type": "Feature", "properties": { "JOURNEY_LINK_ID": 148, "SITE_ID": 501, "SEGMENT_ID": 1, "SEGMENT_LENGTH": 30.000000000006636, "LENGTH_PROPORTION": 0.0045026822812680757, "DIST_TO_SENSOR": 255.89792709817326, "MIDPOINT_X": 358385.27267951088, "MIDPOINT_Y": 173114.44874822098, "SENSOR_X": 358640.0, "SENSOR_Y": 173090.0 }, "geometry": { "type": "LineString", "coordinates": [ [ 358370.464636275894009, 173112.056708181422437 ], [ 358399.147558730328456, 173116.690048176038545 ], [ 358400.059304043301381, 173116.93952390080085 ] ] } },
{ "type": "Feature", "properties": { "JOURNEY_LINK_ID": 148, "SITE_ID": 501, "SEGMENT_ID": 2, "SEGMENT_LENGTH": 23.602814492931383, "LENGTH_PROPORTION": 0.0035425324868451988, "DIST_TO_SENSOR": 230.52523916287632, "MIDPOINT_X": 358411.44227868115, "MIDPOINT_Y": 173120.05418301394, "SENSOR_X": 358640.0, "SENSOR_Y": 173090.0 }, "geometry": { "type": "LineString", "coordinates": [ [ 358400.059304043301381, 173116.93952390080085 ], [ 358422.825253318995237, 173123.168842127081007 ] ] } },
{ "type": "Feature", "properties": { "JOURNEY_LINK_ID": 148, "SITE_ID": 501, "SEGMENT_ID": 3, "SEGMENT_LENGTH": 20.652946016222803, "LENGTH_PROPORTION": 0.0030997884694403976, "DIST_TO_SENSOR": 211.56015486853889, "MIDPOINT_X": 358431.89870426967, "MIDPOINT_Y": 173128.09921053456, "SENSOR_X": 358640.0, "SENSOR_Y": 173090.0 }, "geometry": { "type": "LineString", "coordinates": [ [ 358422.825253318995237, 173123.168842127081007 ], [ 358440.97215522028273, 173133.029578942048829 ] ] } },
{ "type": "Feature", "properties": { "JOURNEY_LINK_ID": 148, "SITE_ID": 501, "SEGMENT_ID": 4, "SEGMENT_LENGTH": 29.999999999996771, "LENGTH_PROPORTION": 0.0045026822812665951, "DIST_TO_SENSOR": 194.36336187987345, "MIDPOINT_X": 358452.79458309698, "MIDPOINT_Y": 173142.26134636052, "SENSOR_X": 358640.0, "SENSOR_Y": 173090.0 }, "geometry": { "type": "LineString", "coordinates": [ [ 358440.97215522028273, 173133.029578942048829 ], [ 358447.965672090998851, 173138.533187484019436 ], [ 358464.667749919113703, 173151.428020218241727 ] ] } },
{ "type": "Feature", "properties": { "JOURNEY_LINK_ID": 148, "SITE_ID": 501, "SEGMENT_ID": 5, "SEGMENT_LENGTH": 30.000000000027775, "LENGTH_PROPORTION": 0.0045026822812712485, "DIST_TO_SENSOR": 178.05191021574473, "MIDPOINT_X": 358476.54091674124, "MIDPOINT_Y": 173160.59469407599, "SENSOR_X": 358640.0, "SENSOR_Y": 173090.0 }, "geometry": { "type": "LineString", "coordinates": [ [ 358464.667749919113703, 173151.428020218241727 ], [ 358485.026518092607148, 173167.145999320840929 ], [ 358488.3481252064812, 173169.844643236050615 ] ] } },
{ "type": "Feature", "properties": { "JOURNEY_LINK_ID": 148, "SITE_ID": 501, "SEGMENT_ID": 6, "SEGMENT_LENGTH": 23.658964524588082, "LENGTH_PROPORTION": 0.0035509600119329725, "DIST_TO_SENSOR": 167.09237331630953, "MIDPOINT_X": 358497.52937096817, "MIDPOINT_Y": 173177.30395800737, "SENSOR_X": 358640.0, "SENSOR_Y": 173090.0 }, "geometry": { "type": "LineString", "coordinates": [ [ 358488.3481252064812, 173169.844643236050615 ], [ 358506.710616729862522, 173184.763272778654937 ] ] } },
{ "type": "Feature", "properties": { "JOURNEY_LINK_ID": 148, "SITE_ID": 501, "SEGMENT_ID": 7, "SEGMENT_LENGTH": 30.000000000013227, "LENGTH_PROPORTION": 0.0045026822812690645, "DIST_TO_SENSOR": 163.21572045801787, "MIDPOINT_X": 358516.20902164542, "MIDPOINT_Y": 173196.37276475981, "SENSOR_X": 358640.0, "SENSOR_Y": 173090.0 }, "geometry": { "type": "LineString", "coordinates": [ [ 358506.710616729862522, 173184.763272778654937 ], [ 358525.707426560984459, 173207.98225674094283 ] ] } },
{ "type": "Feature", "properties": { "JOURNEY_LINK_ID": 148, "SITE_ID": 501, "SEGMENT_ID": 8, "SEGMENT_LENGTH": 29.999999999976367, "LENGTH_PROPORTION": 0.0045026822812635325, "DIST_TO_SENSOR": 166.66085051198769, "MIDPOINT_X": 358535.20583147649, "MIDPOINT_Y": 173219.59174872207, "SENSOR_X": 358640.0, "SENSOR_Y": 173090.0 }, "geometry": { "type": "LineString", "coordinates": [ [ 358525.707426560984459, 173207.98225674094283 ], [ 358544.704236392048188, 173231.201240703230724 ] ] } },
{ "type": "Feature", "properties": { "JOURNEY_LINK_ID": 148, "SITE_ID": 501, "SEGMENT_ID": 9, "SEGMENT_LENGTH": 30.000000000013227, "LENGTH_PROPORTION": 0.0045026822812690645, "DIST_TO_SENSOR": 175.24927041825492, "MIDPOINT_X": 358554.20264130761, "MIDPOINT_Y": 173242.81073268439, "SENSOR_X": 358640.0, "SENSOR_Y": 173090.0 }, "geometry": { "type": "LineString", "coordinates": [ [ 358544.704236392048188, 173231.201240703230724 ], [ 358563.701046223170124, 173254.420224665518617 ] ] } },
{ "type": "Feature", "properties": { "JOURNEY_LINK_ID": 148, "SITE_ID": 501, "SEGMENT_ID": 10, "SEGMENT_LENGTH": 30.000000000002306, "LENGTH_PROPORTION": 0.0045026822812674261, "DIST_TO_SENSOR": 189.11145675137044, "MIDPOINT_X": 358572.40744155477, "MIDPOINT_Y": 173266.6193339288, "SENSOR_X": 358640.0, "SENSOR_Y": 173090.0 }, "geometry": { "type": "LineString", "coordinates": [ [ 358563.701046223170124, 173254.420224665518617 ], [ 358566.367032831942197, 173257.678745483688544 ], [ 358578.3235035847174, 173275.375873138662428 ], [ 358580.543773186858743, 173279.211949587363051 ] ] } },
{ "type": "Feature", "properties": { "JOURNEY_LINK_ID": 148, "SITE_ID": 501, "SEGMENT_ID": 11, "SEGMENT_LENGTH": 29.9999999999906, "LENGTH_PROPORTION": 0.0045026822812656688, "DIST_TO_SENSOR": 208.59879161715801, "MIDPOINT_X": 358588.24982025591, "MIDPOINT_Y": 173292.07764537571, "SENSOR_X": 358640.0, "SENSOR_Y": 173090.0 }, "geometry": { "type": "LineString", "coordinates": [ [ 358580.543773186858743, 173279.211949587363051 ], [ 358585.371070597553626, 173287.552324958902318 ], [ 358596.300962513138074, 173304.733833915466676 ] ] } },
{ "type": "Feature", "properties": { "JOURNEY_LINK_ID": 148, "SITE_ID": 501, "SEGMENT_ID": 12, "SEGMENT_LENGTH": 30.000000000002672, "LENGTH_PROPORTION": 0.0045026822812674807, "DIST_TO_SENSOR": 230.16731902358671, "MIDPOINT_X": 358604.35210477031, "MIDPOINT_Y": 173317.39002245525, "SENSOR_X": 358640.0, "SENSOR_Y": 173090.0 }, "geometry": { "type": "LineString", "coordinates": [ [ 358596.300962513138074, 173304.733833915466676 ], [ 358606.486384268326219, 173320.745054928935133 ], [ 358612.403130303544458, 173330.046285247110063 ] ] } },
{ "type": "Feature", "properties": { "JOURNEY_LINK_ID": 148, "SITE_ID": 501, "SEGMENT_ID": 13, "SEGMENT_LENGTH": 29.999999999991893, "LENGTH_PROPORTION": 0.0045026822812658631, "DIST_TO_SENSOR": 253.45735931689691, "MIDPOINT_X": 358620.45411373308, "MIDPOINT_Y": 173342.70257482253, "SENSOR_X": 358640.0, "SENSOR_Y": 173090.0 }, "geometry": { "type": "LineString", "coordinates": [ [ 358612.403130303544458, 173330.046285247110063 ], [ 358628.505097162618767, 173355.358864397974685 ] ] } },
{ "type": "Feature", "properties": { "JOURNEY_LINK_ID": 148, "SITE_ID": 501, "SEGMENT_ID": 14, "SEGMENT_LENGTH": 29.999999999997357, "LENGTH_PROPORTION": 0.0045026822812666827, "DIST_TO_SENSOR": 278.03648397240391, "MIDPOINT_X": 358636.55608059216, "MIDPOINT_Y": 173368.01515397339, "SENSOR_X": 358640.0, "SENSOR_Y": 173090.0 }, "geometry": { "type": "LineString", "coordinates": [ [ 358628.505097162618767, 173355.358864397974685 ], [ 358639.566346714564133, 173372.747346018906683 ], [ 358644.811340390937403, 173380.537737149599707 ] ] } },
{ "type": "Feature", "properties": { "JOURNEY_LINK_ID": 148, "SITE_ID": 501, "SEGMENT_ID": 15, "SEGMENT_LENGTH": 10.765941009425807, "LENGTH_PROPORTION": 0.00161585372747694, "DIST_TO_SENSOR": 295.10656189466221, "MIDPOINT_X": 358647.81764027942, "MIDPOINT_Y": 173385.00299553352, "SENSOR_X": 358640.0, "SENSOR_Y": 173090.0 }, "geometry": { "type": "LineString", "coordinates": [ [ 358644.811340390937403, 173380.537737149599707 ], [ 358650.82394016784383, 173389.468253917468246 ] ] } },
{ "type": "Feature", "properties": { "JOURNEY_LINK_ID": 148, "SITE_ID": 500, "SEGMENT_ID": 0, "SEGMENT_LENGTH": 30.000000000007592, "LENGTH_PROPORTION": 0.0013232694399660946, "DIST_TO_SENSOR": 287.68153244520755, "MIDPOINT_X": 359287.26463756524, "MIDPOINT_Y": 173547.3128790342, "SENSOR_X": 359522.0, "SENSOR_Y": 173381.0 }, "geometry": { "type": "LineString", "coordinates": [ [ 359272.265219662571326, 173547.180732974084094 ], [ 359302.264055467909202, 173547.445025094348239 ] ] } },
{ "type": "Feature", "properties": { "JOURNEY_LINK_ID": 148, "SITE_ID": 500, "SEGMENT_ID": 1, "SEGMENT_LENGTH": 6.4164108684958565, "LENGTH_PROPORTION": 0.00028302134721815755, "DIST_TO_SENSOR": 273.1257430410592, "MIDPOINT_X": 359305.47213640297, "MIDPOINT_Y": 173547.47328854154, "SENSOR_X": 359522.0, "SENSOR_Y": 173381.0 }, "geometry": { "type": "LineString", "coordinates": [ [ 359302.264055467909202, 173547.445025094348239 ], [ 359308.680217338027433, 173547.50155198876746 ] ] } },
{ "type": "Feature", "properties": { "JOURNEY_LINK_ID": 148, "SITE_ID": 500, "SEGMENT_ID": 2, "SEGMENT_LENGTH": 30.000000000001364, "LENGTH_PROPORTION": 0.0013232694399658198, "DIST_TO_SENSOR": 257.04273564950762, "MIDPOINT_X": 359323.27269927773, "MIDPOINT_Y": 173544.0289173669, "SENSOR_X": 359522.0, "SENSOR_Y": 173381.0 }, "geometry": { "type": "LineString", "coordinates": [ [ 359308.680217338027433, 173547.50155198876746 ], [ 359318.388671257533133, 173545.199302062799688 ], [ 359337.859715733327903, 173540.533355763240252 ] ] } },
{ "type": "Feature", "properties": { "JOURNEY_LINK_ID": 148, "SITE_ID": 500, "SEGMENT_ID": 3, "SEGMENT_LENGTH": 2.9434770223405859, "LENGTH_PROPORTION": 0.00012983377303015696, "DIST_TO_SENSOR": 242.33072785994725, "MIDPOINT_X": 359339.29093399202, "MIDPOINT_Y": 173540.19038558789, "SENSOR_X": 359522.0, "SENSOR_Y": 173381.0 }, "geometry": { "type": "LineString", "coordinates": [ [ 359337.859715733327903, 173540.533355763240252 ], [ 359340.722152250760701, 173539.847415412543342 ] ] } },
{ "type": "Feature", "properties": { "JOURNEY_LINK_ID": 148, "SITE_ID": 672, "SEGMENT_ID": 0, "SEGMENT_LENGTH": 29.999999999996636, "LENGTH_PROPORTION": 0.0059937428497790464, "DIST_TO_SENSOR": 284.67017143283357, "MIDPOINT_X": 358579.38179274776, "MIDPOINT_Y": 173277.20433493011, "SENSOR_X": 358728.0, "SENSOR_Y": 173520.0 }, "geometry": { "type": "LineString", "coordinates": [ [ 358571.108853810641449, 173264.697255620383658 ], [ 358578.3235035847174, 173275.375873138662428 ], [ 358585.371070597553626, 173287.552324958902318 ], [ 358587.004771834006533, 173290.120461281156167 ] ] } },
{ "type": "Feature", "properties": { "JOURNEY_LINK_ID": 148, "SITE_ID": 672, "SEGMENT_ID": 1, "SEGMENT_LENGTH": 29.999999999989857, "LENGTH_PROPORTION": 0.0059937428497776925, "DIST_TO_SENSOR": 254.6764885912317, "MIDPOINT_X": 358595.05591409118, "MIDPOINT_Y": 173302.77664982091, "SENSOR_X": 358728.0, "SENSOR_Y": 173520.0 }, "geometry": { "type": "LineString", "coordinates": [ [ 358587.004771834006533, 173290.120461281156167 ], [ 358603.107056348409969, 173315.432838360691676 ] ] } },
{ "type": "Feature", "properties": { "JOURNEY_LINK_ID": 148, "SITE_ID": 672, "SEGMENT_ID": 2, "SEGMENT_LENGTH": 30.000000000024688, "LENGTH_PROPORTION": 0.0059937428497846513, "DIST_TO_SENSOR": 224.68161291786637, "MIDPOINT_X": 358611.15810644312, "MIDPOINT_Y": 173328.08908552816, "SENSOR_X": 358728.0, "SENSOR_Y": 173520.0 }, "geometry": { "type": "LineString", "coordinates": [ [ 358603.107056348409969, 173315.432838360691676 ], [ 358606.486384268326219, 173320.745054928935133 ], [ 358619.209089872718323, 173340.745375103579136 ] ] } },
{ "type": "Feature", "properties": { "JOURNEY_LINK_ID": 148, "SITE_ID": 672, "SEGMENT_ID": 3, "SEGMENT_LENGTH": 29.999999999991893, "LENGTH_PROPORTION": 0.0059937428497780993, "DIST_TO_SENSOR": 194.6883102879994, "MIDPOINT_X": 358627.26007330226, "MIDPOINT_Y": 173353.401664679, "SENSOR_X": 358728.0, "SENSOR_Y": 173520.0 }, "geometry": { "type": "LineString", "coordinates": [ [ 358619.209089872718323, 173340.745375103579136 ], [ 358635.311056731792632, 173366.057954254443757 ] ] } },
{ "type": "Feature", "properties": { "JOURNEY_LINK_ID": 148, "SITE_ID": 672, "SEGMENT_ID": 4, "SEGMENT_LENGTH": 30.000000000013486, "LENGTH_PROPORTION": 0.0059937428497824135, "DIST_TO_SENSOR": 164.70487084713307, "MIDPOINT_X": 358643.51586161746, "MIDPOINT_Y": 173378.61356202757, "SENSOR_X": 358728.0, "SENSOR_Y": 173520.0 }, "geometry": { "type": "LineString", "coordinates": [ [ 358635.311056731792632, 173366.057954254443757 ], [ 358639.566346714564133, 173372.747346018906683 ], [ 358651.893113227386493, 173391.056297075148905 ] ] } },
{ "type": "Feature", "properties": { "JOURNEY_LINK_ID": 148, "SITE_ID": 672, "SEGMENT_ID": 5, "SEGMENT_LENGTH": 29.999999999987597, "LENGTH_PROPORTION": 0.0059937428497772406, "DIST_TO_SENSOR": 134.73056586337225, "MIDPOINT_X": 358659.65493082727, "MIDPOINT_Y": 173403.89109897325, "SENSOR_X": 358728.0, "SENSOR_Y": 173520.0 }, "geometry": { "type": "LineString", "coordinates": [ [ 358651.893113227386493, 173391.056297075148905 ], [ 358652.226191827678122, 173391.55101884866599 ], [ 358667.391265646263491, 173416.742134868021822 ] ] } },
{ "type": "Feature", "properties": { "JOURNEY_LINK_ID": 148, "SITE_ID": 672, "SEGMENT_ID": 6, "SEGMENT_LENGTH": 29.999999999981124, "LENGTH_PROPORTION": 0.0059937428497759473, "DIST_TO_SENSOR": 104.73244676454418, "MIDPOINT_X": 358675.1276004652, "MIDPOINT_Y": 173429.59317076282, "SENSOR_X": 358728.0, "SENSOR_Y": 173520.0 }, "geometry": { "type": "LineString", "coordinates": [ [ 358667.391265646263491, 173416.742134868021822 ], [ 358682.863935284141917, 173442.444206657586619 ] ] } },
{ "type": "Feature", "properties": { "JOURNEY_LINK_ID": 148, "SITE_ID": 672, "SEGMENT_ID": 7, "SEGMENT_LENGTH": 30.000000000011145, "LENGTH_PROPORTION": 0.0059937428497819452, "DIST_TO_SENSOR": 74.735837673241662, "MIDPOINT_X": 358690.60027010308, "MIDPOINT_Y": 173455.29524255235, "SENSOR_X": 358728.0, "SENSOR_Y": 173520.0 }, "geometry": { "type": "LineString", "coordinates": [ [ 358682.863935284141917, 173442.444206657586619 ], [ 358698.33660492207855, 173468.146278447151417 ] ] } },
{ "type": "Feature", "properties": { "JOURNEY_LINK_ID": 148, "SITE_ID": 672, "SEGMENT_ID": 8, "SEGMENT_LENGTH": 29.99999999999919, "LENGTH_PROPORTION": 0.0059937428497795573, "DIST_TO_SENSOR": 44.820444841442317, "MIDPOINT_X": 358706.79253262427, "MIDPOINT_Y": 173480.514362063, "SENSOR_X": 358728.0, "SENSOR_Y": 173520.0 }, "geometry": { "type": "LineString", "coordinates": [ [ 358698.33660492207855, 173468.146278447151417 ], [ 358701.529465807194356, 173473.450026384845842 ], [ 358715.754143863683566, 173492.54305791889783 ] ] } },
{ "type": "Feature", "properties": { "JOURNEY_LINK_ID": 148, "SITE_ID": 672, "SEGMENT_ID": 9, "SEGMENT_LENGTH": 30.000000000004306, "LENGTH_PROPORTION": 0.0059937428497805791, "DIST_TO_SENSOR": 15.773935657541726, "MIDPOINT_X": 358724.7157551031, "MIDPOINT_Y": 173504.5717537748, "SENSOR_X": 358728.0, "SENSOR_Y": 173520.0 }, "geometry": { "type": "LineString", "coordinates": [ [ 358715.754143863683566, 173492.54305791889783 ], [ 358725.413628556707408, 173505.508472328539938 ], [ 358732.42451133026043, 173513.236566047417 ], [ 358734.848028432112187, 173515.617699464986799 ] ] } },
{ "type": "Feature", "properties": { "JOURNEY_LINK_ID": 148, "SITE_ID": 672, "SEGMENT_ID": 10, "SEGMENT_LENGTH": 30.00000000002272, "LENGTH_PROPORTION": 0.0059937428497842575, "DIST_TO_SENSOR": 18.587776959831309, "MIDPOINT_X": 358745.54777879186, "MIDPOINT_Y": 173526.13032721641, "SENSOR_X": 358728.0, "SENSOR_Y": 173520.0 }, "geometry": { "type": "LineString", "coordinates": [ [ 358734.848028432112187, 173515.617699464986799 ], [ 358756.24752915155841, 173536.6429549678287 ] ] } },
{ "type": "Feature", "properties": { "JOURNEY_LINK_ID": 148, "SITE_ID": 672, "SEGMENT_ID": 11, "SEGMENT_LENGTH": 29.999999999960799, "LENGTH_PROPORTION": 0.0059937428497718872, "DIST_TO_SENSOR": 47.479640417231813, "MIDPOINT_X": 358766.94727951125, "MIDPOINT_Y": 173547.15558271925, "SENSOR_X": 358728.0, "SENSOR_Y": 173520.0 }, "geometry": { "type": "LineString", "coordinates": [ [ 358756.24752915155841, 173536.6429549678287 ], [ 358777.647029870946426, 173557.668210470641498 ] ] } },
{ "type": "Feature", "properties": { "JOURNEY_LINK_ID": 148, "SITE_ID": 672, "SEGMENT_ID": 12, "SEGMENT_LENGTH": 30.00000000002272, "LENGTH_PROPORTION": 0.0059937428497842575, "DIST_TO_SENSOR": 77.221286288081018, "MIDPOINT_X": 358788.34678023064, "MIDPOINT_Y": 173568.18083822206, "SENSOR_X": 358728.0, "SENSOR_Y": 173520.0 }, "geometry": { "type": "LineString", "coordinates": [ [ 358777.647029870946426, 173557.668210470641498 ], [ 358799.046530590392649, 173578.693465973483399 ] ] } },
{ "type": "Feature", "properties": { "JOURNEY_LINK_ID": 148, "SITE_ID": 672, "SEGMENT_ID": 13, "SEGMENT_LENGTH": 13.626082782664003, "LENGTH_PROPORTION": 0.0027223745416366301, "DIST_TO_SENSOR": 98.944471920228935, "MIDPOINT_X": 358803.90638672886, "MIDPOINT_Y": 173583.46833050696, "SENSOR_X": 358728.0, "SENSOR_Y": 173520.0 }, "geometry": { "type": "LineString", "coordinates": [ [ 358799.046530590392649, 173578.693465973483399 ], [ 358808.766242867393885, 173588.243195040442515 ] ] } },
{ "type": "Feature", "properties": { "JOURNEY_LINK_ID": 148, "SITE_ID": 672, "SEGMENT_ID": 14, "SEGMENT_LENGTH": 24.944224445769496, "LENGTH_PROPORTION": 0.0049836422305043794, "DIST_TO_SENSOR": 116.91619039366763, "MIDPOINT_X": 358820.94668993569, "MIDPOINT_Y": 173590.92466712059, "SENSOR_X": 358728.0, "SENSOR_Y": 173520.0 }, "geometry": { "type": "LineString", "coordinates": [ [ 358808.766242867393885, 173588.243195040442515 ], [ 358833.127137003990356, 173593.606139200739563 ] ] } },
{ "type": "Feature", "properties": { "JOURNEY_LINK_ID": 148, "SITE_ID": 672, "SEGMENT_ID": 15, "SEGMENT_LENGTH": 7.7070644430487683, "LENGTH_PROPORTION": 0.0015398054132771688, "DIST_TO_SENSOR": 132.13265019936313, "MIDPOINT_X": 358836.61431386549, "MIDPOINT_Y": 173595.2460502102, "SENSOR_X": 358728.0, "SENSOR_Y": 173520.0 }, "geometry": { "type": "LineString", "coordinates": [ [ 358833.127137003990356, 173593.606139200739563 ], [ 358840.101490726985503, 173596.885961219668388 ] ] } },
{ "type": "Feature", "properties": { "JOURNEY_LINK_ID": 148, "SITE_ID": 672, "SEGMENT_ID": 16, "SEGMENT_LENGTH": 29.999999999972189, "LENGTH_PROPORTION": 0.0059937428497741623, "DIST_TO_SENSOR": 147.88242923188093, "MIDPOINT_X": 358855.05260615796, "MIDPOINT_Y": 173595.6759416459, "SENSOR_X": 358728.0, "SENSOR_Y": 173520.0 }, "geometry": { "type": "LineString", "coordinates": [ [ 358840.101490726985503, 173596.885961219668388 ], [ 358855.376511672162451, 173595.649727413663641 ], [ 358859.544923530193046, 173595.615784300316591 ], [ 358870.038727923703846, 173595.099737380107399 ] ] } },
{ "type": "Feature", "properties": { "JOURNEY_LINK_ID": 148, "SITE_ID": 672, "SEGMENT_ID": 17, "SEGMENT_LENGTH": 30.000000000000085, "LENGTH_PROPORTION": 0.005993742849779736, "DIST_TO_SENSOR": 173.73925679055077, "MIDPOINT_X": 358885.02062340884, "MIDPOINT_Y": 173594.36298255471, "SENSOR_X": 358728.0, "SENSOR_Y": 173520.0 }, "geometry": { "type": "LineString", "coordinates": [ [ 358870.038727923703846, 173595.099737380107399 ], [ 358886.630560407531448, 173594.283811741275713 ], [ 358900.00252119731158, 173593.626274569658563 ] ] } },
{ "type": "Feature", "properties": { "JOURNEY_LINK_ID": 148, "SITE_ID": 672, "SEGMENT_ID": 18, "SEGMENT_LENGTH": 30.000000000028383, "LENGTH_PROPORTION": 0.0059937428497853894, "DIST_TO_SENSOR": 200.65467915475389, "MIDPOINT_X": 358914.97813378018, "MIDPOINT_Y": 173592.81124744692, "SENSOR_X": 358728.0, "SENSOR_Y": 173520.0 }, "geometry": { "type": "LineString", "coordinates": [ [ 358900.00252119731158, 173593.626274569658563 ], [ 358913.71609612100292, 173592.951939263904933 ], [ 358929.885785416234285, 173591.14934411100694 ] ] } },
{ "type": "Feature", "properties": { "JOURNEY_LINK_ID": 148, "SITE_ID": 672, "SEGMENT_ID": 19, "SEGMENT_LENGTH": 29.999999999994305, "LENGTH_PROPORTION": 0.0059937428497785807, "DIST_TO_SENSOR": 227.40868247078654, "MIDPOINT_X": 358944.71317529818, "MIDPOINT_Y": 173588.92103100853, "SENSOR_X": 358728.0, "SENSOR_Y": 173520.0 }, "geometry": { "type": "LineString", "coordinates": [ [ 358929.885785416234285, 173591.14934411100694 ], [ 358935.234690669225529, 173590.553048752073664 ], [ 358959.495652123412583, 173586.375765028118622 ] ] } },
{ "type": "Feature", "properties": { "JOURNEY_LINK_ID": 148, "SITE_ID": 672, "SEGMENT_ID": 20, "SEGMENT_LENGTH": 30.000000000034238, "LENGTH_PROPORTION": 0.0059937428497865595, "DIST_TO_SENSOR": 254.41550543770774, "MIDPOINT_X": 358974.27812894864, "MIDPOINT_Y": 173583.8304990477, "SENSOR_X": 358728.0, "SENSOR_Y": 173520.0 }, "geometry": { "type": "LineString", "coordinates": [ [ 358959.495652123412583, 173586.375765028118622 ], [ 358989.060605773935094, 173581.285233067261288 ] ] } },
{ "type": "Feature", "properties": { "JOURNEY_LINK_ID": 148, "SITE_ID": 672, "SEGMENT_ID": 21, "SEGMENT_LENGTH": 29.999999999971937, "LENGTH_PROPORTION": 0.005993742849774112, "DIST_TO_SENSOR": 282.02799497775908, "MIDPOINT_X": 359003.84308259917, "MIDPOINT_Y": 173578.73996708685, "SENSOR_X": 358728.0, "SENSOR_Y": 173520.0 }, "geometry": { "type": "LineString", "coordinates": [ [ 358989.060605773935094, 173581.285233067261288 ], [ 359018.625559424399398, 173576.194701106433058 ] ] } },
{ "type": "Feature", "properties": { "JOURNEY_LINK_ID": 148, "SITE_ID": 672, "SEGMENT_ID": 22, "SEGMENT_LENGTH": 4.1194282155094752, "LENGTH_PROPORTION": 0.00082302644706302476, "DIST_TO_SENSOR": 297.93602017244621, "MIDPOINT_X": 359020.65540449537, "MIDPOINT_Y": 173575.84519975656, "SENSOR_X": 358728.0, "SENSOR_Y": 173520.0 }, "geometry": { "type": "LineString", "coordinates": [ [ 359018.625559424399398, 173576.194701106433058 ], [ 359022.685249566333368, 173575.495698406710289 ] ] } },
{ "type": "Feature", "properties": { "JOURNEY_LINK_ID": 184, "SITE_ID": 203, "SEGMENT_ID": 0, "SEGMENT_LENGTH": 25.478924193199635, "LENGTH_PROPORTION": 0.010068266821564652, "DIST_TO_SENSOR": 295.58005030043847, "MIDPOINT_X": 361184.62374288996, "MIDPOINT_Y": 171861.50582425011, "SENSOR_X": 361178.0, "SENSOR_Y": 171566.0 }, "geometry": { "type": "LineString", "coordinates": [ [ 361196.853358051856048, 171865.073793911346002 ], [ 361172.394127728126477, 171857.937854588904884 ] ] } },
{ "type": "Feature", "properties": { "JOURNEY_LINK_ID": 184, "SITE_ID": 203, "SEGMENT_ID": 1, "SEGMENT_LENGTH": 30.000000000010846, "LENGTH_PROPORTION": 0.011854817823417595, "DIST_TO_SENSOR": 284.58877366947269, "MIDPOINT_X": 361159.66799935407, "MIDPOINT_Y": 171849.9977250807, "SENSOR_X": 361178.0, "SENSOR_Y": 171566.0 }, "geometry": { "type": "LineString", "coordinates": [ [ 361172.394127728126477, 171857.937854588904884 ], [ 361146.941870980022941, 171842.05759557246347 ] ] } },
{ "type": "Feature", "properties": { "JOURNEY_LINK_ID": 184, "SITE_ID": 203, "SEGMENT_ID": 2, "SEGMENT_LENGTH": 17.740268441562129, "LENGTH_PROPORTION": 0.0070102550171055791, "DIST_TO_SENSOR": 274.09154146299568, "MIDPOINT_X": 361139.41637319408, "MIDPOINT_Y": 171837.3622612746, "SENSOR_X": 361178.0, "SENSOR_Y": 171566.0 }, "geometry": { "type": "LineString", "coordinates": [ [ 361146.941870980022941, 171842.05759557246347 ], [ 361131.890875408193097, 171832.666926976700779 ] ] } },
{ "type": "Feature", "properties": { "JOURNEY_LINK_ID": 184, "SITE_ID": 203, "SEGMENT_ID": 3, "SEGMENT_LENGTH": 30.000000000001073, "LENGTH_PROPORTION": 0.011854817823413733, "DIST_TO_SENSOR": 262.33267151281768, "MIDPOINT_X": 361121.22878491209, "MIDPOINT_Y": 171822.11610585923, "SENSOR_X": 361178.0, "SENSOR_Y": 171566.0 }, "geometry": { "type": "LineString", "coordinates": [ [ 361131.890875408193097, 171832.666926976700779 ], [ 361110.566694415989332, 171811.565284741751384 ] ] } },
{ "type": "Feature", "properties": { "JOURNEY_LINK_ID": 184, "SITE_ID": 203, "SEGMENT_ID": 4, "SEGMENT_LENGTH": 12.364754415454254, "LENGTH_PROPORTION": 0.0048860637008818495, "DIST_TO_SENSOR": 251.6837568698088, "MIDPOINT_X": 361106.172223398, "MIDPOINT_Y": 171807.21667434179, "SENSOR_X": 361178.0, "SENSOR_Y": 171566.0 }, "geometry": { "type": "LineString", "coordinates": [ [ 361110.566694415989332, 171811.565284741751384 ], [ 361101.777752380003221, 171802.868063941830769 ] ] } },
{ "type": "Feature", "properties": { "JOURNEY_LINK_ID": 184, "SITE_ID": 203, "SEGMENT_ID": 5, "SEGMENT_LENGTH": 24.867895212626728, "LENGTH_PROPORTION": 0.0098268122465807271, "DIST_TO_SENSOR": 240.17295520857823, "MIDPOINT_X": 361096.13286973082, "MIDPOINT_Y": 171791.78932967506, "SENSOR_X": 361178.0, "SENSOR_Y": 171566.0 }, "geometry": { "type": "LineString", "coordinates": [ [ 361101.777752380003221, 171802.868063941830769 ], [ 361090.487987081694882, 171780.710595408279914 ] ] } },
{ "type": "Feature", "properties": { "JOURNEY_LINK_ID": 184, "SITE_ID": 203, "SEGMENT_ID": 6, "SEGMENT_LENGTH": 30.000000000004277, "LENGTH_PROPORTION": 0.011854817823415, "DIST_TO_SENSOR": 219.79356181643308, "MIDPOINT_X": 361087.07417144149, "MIDPOINT_Y": 171766.10423163167, "SENSOR_X": 361178.0, "SENSOR_Y": 171566.0 }, "geometry": { "type": "LineString", "coordinates": [ [ 361090.487987081694882, 171780.710595408279914 ], [ 361083.660355801344849, 171751.497867855039658 ] ] } },
{ "type": "Feature", "properties": { "JOURNEY_LINK_ID": 184, "SITE_ID": 203, "SEGMENT_ID": 7, "SEGMENT_LENGTH": 11.044463645933526, "LENGTH_PROPORTION": 0.004364336815995103, "DIST_TO_SENSOR": 203.91687558243777, "MIDPOINT_X": 361082.40356371028, "MIDPOINT_Y": 171746.12055273069, "SENSOR_X": 361178.0, "SENSOR_Y": 171566.0 }, "geometry": { "type": "LineString", "coordinates": [ [ 361083.660355801344849, 171751.497867855039658 ], [ 361081.146771619212814, 171740.743237606366165 ] ] } },
{ "type": "Feature", "properties": { "JOURNEY_LINK_ID": 184, "SITE_ID": 203, "SEGMENT_ID": 8, "SEGMENT_LENGTH": 29.999999999999392, "LENGTH_PROPORTION": 0.011854817823413069, "DIST_TO_SENSOR": 186.17007086912787, "MIDPOINT_X": 361082.49014581129, "MIDPOINT_Y": 171725.80351385457, "SENSOR_X": 361178.0, "SENSOR_Y": 171566.0 }, "geometry": { "type": "LineString", "coordinates": [ [ 361081.146771619212814, 171740.743237606366165 ], [ 361083.833520003361627, 171710.863790102768689 ] ] } },
{ "type": "Feature", "properties": { "JOURNEY_LINK_ID": 184, "SITE_ID": 203, "SEGMENT_ID": 9, "SEGMENT_LENGTH": 5.758369026414794, "LENGTH_PROPORTION": 0.0022754805256044413, "DIST_TO_SENSOR": 170.24025287479509, "MIDPOINT_X": 361084.09137481463, "MIDPOINT_Y": 171707.99617535225, "SENSOR_X": 361178.0, "SENSOR_Y": 171566.0 }, "geometry": { "type": "LineString", "coordinates": [ [ 361083.833520003361627, 171710.863790102768689 ], [ 361084.349229625950102, 171705.128560601733625 ] ] } },
{ "type": "Feature", "properties": { "JOURNEY_LINK_ID": 184, "SITE_ID": 203, "SEGMENT_ID": 10, "SEGMENT_LENGTH": 29.999999999983167, "LENGTH_PROPORTION": 0.011854817823406657, "DIST_TO_SENSOR": 153.54217005820595, "MIDPOINT_X": 361088.39568762272, "MIDPOINT_Y": 171690.68466300864, "SENSOR_X": 361178.0, "SENSOR_Y": 171566.0 }, "geometry": { "type": "LineString", "coordinates": [ [ 361084.349229625950102, 171705.128560601733625 ], [ 361088.408478434546851, 171690.639005997974891 ], [ 361093.124215505144093, 171676.449515989166684 ] ] } },
{ "type": "Feature", "properties": { "JOURNEY_LINK_ID": 184, "SITE_ID": 203, "SEGMENT_ID": 11, "SEGMENT_LENGTH": 30.000000000030482, "LENGTH_PROPORTION": 0.011854817823425354, "DIST_TO_SENSOR": 125.14273691813237, "MIDPOINT_X": 361098.07585409068, "MIDPOINT_Y": 171662.29556326242, "SENSOR_X": 361178.0, "SENSOR_Y": 171566.0 }, "geometry": { "type": "LineString", "coordinates": [ [ 361093.124215505144093, 171676.449515989166684 ], [ 361096.561028304393403, 171666.108264951093588 ], [ 361103.614376785873901, 171648.355521427642088 ] ] } },
{ "type": "Feature", "properties": { "JOURNEY_LINK_ID": 184, "SITE_ID": 203, "SEGMENT_ID": 12, "SEGMENT_LENGTH": 29.999999999982581, "LENGTH_PROPORTION": 0.011854817823406425, "DIST_TO_SENSOR": 96.612134553521699, "MIDPOINT_X": 361110.37614597549, "MIDPOINT_Y": 171634.99941238778, "SENSOR_X": 361178.0, "SENSOR_Y": 171566.0 }, "geometry": { "type": "LineString", "coordinates": [ [ 361103.614376785873901, 171648.355521427642088 ], [ 361105.425622891576495, 171643.796752261871006 ], [ 361112.968486138503067, 171630.392687583749648 ], [ 361117.287099614215549, 171621.691495725302957 ] ] } },
{ "type": "Feature", "properties": { "JOURNEY_LINK_ID": 184, "SITE_ID": 203, "SEGMENT_ID": 13, "SEGMENT_LENGTH": 16.459908595153955, "LENGTH_PROPORTION": 0.0065043072595195005, "DIST_TO_SENSOR": 74.765950479878583, "MIDPOINT_X": 361120.94595393934, "MIDPOINT_Y": 171614.31959415463, "SENSOR_X": 361178.0, "SENSOR_Y": 171566.0 }, "geometry": { "type": "LineString", "coordinates": [ [ 361117.287099614215549, 171621.691495725302957 ], [ 361124.604808264470194, 171606.947692583955359 ] ] } },
{ "type": "Feature", "properties": { "JOURNEY_LINK_ID": 184, "SITE_ID": 203, "SEGMENT_ID": 14, "SEGMENT_LENGTH": 30.000000000020915, "LENGTH_PROPORTION": 0.011854817823421574, "DIST_TO_SENSOR": 53.003084960196063, "MIDPOINT_X": 361133.59544956416, "MIDPOINT_Y": 171594.94067925756, "SENSOR_X": 361178.0, "SENSOR_Y": 171566.0 }, "geometry": { "type": "LineString", "coordinates": [ [ 361124.604808264470194, 171606.947692583955359 ], [ 361142.586090863856953, 171582.933665931137512 ] ] } },
{ "type": "Feature", "properties": { "JOURNEY_LINK_ID": 184, "SITE_ID": 203, "SEGMENT_ID": 15, "SEGMENT_LENGTH": 29.999999999970992, "LENGTH_PROPORTION": 0.011854817823401847, "DIST_TO_SENSOR": 26.972837952769613, "MIDPOINT_X": 361151.46578039305, "MIDPOINT_Y": 171570.84449967244, "SENSOR_X": 361178.0, "SENSOR_Y": 171566.0 }, "geometry": { "type": "LineString", "coordinates": [ [ 361142.586090863856953, 171582.933665931137512 ], [ 361143.869243685971014, 171581.220013642974664 ], [ 361160.32699852559017, 171558.741656485508429 ] ] } },
{ "type": "Feature", "properties": { "JOURNEY_LINK_ID": 184, "SITE_ID": 203, "SEGMENT_ID": 16, "SEGMENT_LENGTH": 30.000000000021657, "LENGTH_PROPORTION": 0.011854817823421867, "DIST_TO_SENSOR": 21.551466868039718, "MIDPOINT_X": 361168.92633612687, "MIDPOINT_Y": 171546.45174309352, "SENSOR_X": 361178.0, "SENSOR_Y": 171566.0 }, "geometry": { "type": "LineString", "coordinates": [ [ 361160.32699852559017, 171558.741656485508429 ], [ 361161.065834165725391, 171557.732538804470096 ], [ 361172.752857110812329, 171540.960210654884577 ], [ 361177.100929823238403, 171533.882297057862161 ] ] } },
{ "type": "Feature", "properties": { "JOURNEY_LINK_ID": 184, "SITE_ID": 203, "SEGMENT_ID": 17, "SEGMENT_LENGTH": 2.1848705951756164, "LENGTH_PROPORTION": 0.0008633747624513181, "DIST_TO_SENSOR": 33.050148608277375, "MIDPOINT_X": 361177.67275043199, "MIDPOINT_Y": 171532.95147157967, "SENSOR_X": 361178.0, "SENSOR_Y": 171566.0 }, "geometry": { "type": "LineString", "coordinates": [ [ 361177.100929823238403, 171533.882297057862161 ], [ 361178.244571040733717, 171532.020646101504099 ] ] } },
{ "type": "Feature", "properties": { "JOURNEY_LINK_ID": 184, "SITE_ID": 203, "SEGMENT_ID": 18, "SEGMENT_LENGTH": 30.000000000005418, "LENGTH_PROPORTION": 0.011854817823415451, "DIST_TO_SENSOR": 48.523754427676295, "MIDPOINT_X": 361182.73161284841, "MIDPOINT_Y": 171517.70748936315, "SENSOR_X": 361178.0, "SENSOR_Y": 171566.0 }, "geometry": { "type": "LineString", "coordinates": [ [ 361178.244571040733717, 171532.020646101504099 ], [ 361187.218654656084254, 171503.394332624826347 ] ] } },
{ "type": "Feature", "properties": { "JOURNEY_LINK_ID": 184, "SITE_ID": 203, "SEGMENT_ID": 19, "SEGMENT_LENGTH": 30.000000000014133, "LENGTH_PROPORTION": 0.011854817823418894, "DIST_TO_SENSOR": 78.125698960312917, "MIDPOINT_X": 361191.73990045738, "MIDPOINT_Y": 171489.09200318914, "SENSOR_X": 361178.0, "SENSOR_Y": 171566.0 }, "geometry": { "type": "LineString", "coordinates": [ [ 361187.218654656084254, 171503.394332624826347 ], [ 361189.778138869209215, 171495.229866974288598 ], [ 361196.306563620863017, 171474.804050657345215 ] ] } },
{ "type": "Feature", "properties": { "JOURNEY_LINK_ID": 184, "SITE_ID": 203, "SEGMENT_ID": 20, "SEGMENT_LENGTH": 25.375808662791417, "LENGTH_PROPORTION": 0.010027519627306185, "DIST_TO_SENSOR": 105.63408402796669, "MIDPOINT_X": 361200.16932264296, "MIDPOINT_Y": 171462.71843900299, "SENSOR_X": 361178.0, "SENSOR_Y": 171566.0 }, "geometry": { "type": "LineString", "coordinates": [ [ 361196.306563620863017, 171474.804050657345215 ], [ 361204.03208166512195, 171450.632827348657884 ] ] } },
{ "type": "Feature", "properties": { "JOURNEY_LINK_ID": 184, "SITE_ID": 203, "SEGMENT_ID": 21, "SEGMENT_LENGTH": 16.16175424021958, "LENGTH_PROPORTION": 0.0063864884074860233, "DIST_TO_SENSOR": 126.28024481801707, "MIDPOINT_X": 361204.73752409662, "MIDPOINT_Y": 171442.58280088869, "SENSOR_X": 361178.0, "SENSOR_Y": 171566.0 }, "geometry": { "type": "LineString", "coordinates": [ [ 361204.03208166512195, 171450.632827348657884 ], [ 361205.442966528062243, 171434.532774428720586 ] ] } },
{ "type": "Feature", "properties": { "JOURNEY_LINK_ID": 7, "SITE_ID": 500, "SEGMENT_ID": 0, "SEGMENT_LENGTH": 10.767140491676452, "LENGTH_PROPORTION": 0.00047492759894844514, "DIST_TO_SENSOR": 294.42433701923079, "MIDPOINT_X": 359546.06926613359, "MIDPOINT_Y": 173087.5611466472, "SENSOR_X": 359522.0, "SENSOR_Y": 173381.0 }, "geometry": { "type": "LineString", "coordinates": [ [ 359545.983897046477068, 173082.178253307094565 ], [ 359546.154635220766068, 173092.944039987283759 ] ] } },
{ "type": "Feature", "properties": { "JOURNEY_LINK_ID": 7, "SITE_ID": 500, "SEGMENT_ID": 1, "SEGMENT_LENGTH": 30.000000000008793, "LENGTH_PROPORTION": 0.0013232694399661477, "DIST_TO_SENSOR": 274.28641519790699, "MIDPOINT_X": 359542.43686893181, "MIDPOINT_Y": 173107.47601211158, "SENSOR_X": 359522.0, "SENSOR_Y": 173381.0 }, "geometry": { "type": "LineString", "coordinates": [ [ 359546.154635220766068, 173092.944039987283759 ], [ 359538.741650783165824, 173121.919848263787571 ], [ 359538.715216485899873, 173122.006897652812768 ] ] } },
{ "type": "Feature", "properties": { "JOURNEY_LINK_ID": 7, "SITE_ID": 500, "SEGMENT_ID": 2, "SEGMENT_LENGTH": 29.999999999992006, "LENGTH_PROPORTION": 0.0013232694399654072, "DIST_TO_SENSOR": 244.95215483848415, "MIDPOINT_X": 359534.35669564921, "MIDPOINT_Y": 173136.35971257242, "SENSOR_X": 359522.0, "SENSOR_Y": 173381.0 }, "geometry": { "type": "LineString", "coordinates": [ [ 359538.715216485899873, 173122.006897652812768 ], [ 359529.998174812528305, 173150.712527491996298 ] ] } },
{ "type": "Feature", "properties": { "JOURNEY_LINK_ID": 7, "SITE_ID": 500, "SEGMENT_ID": 3, "SEGMENT_LENGTH": 29.999999999985462, "LENGTH_PROPORTION": 0.0013232694399651186, "DIST_TO_SENSOR": 216.2644966308315, "MIDPOINT_X": 359524.73655265087, "MIDPOINT_Y": 173164.75281786211, "SENSOR_X": 359522.0, "SENSOR_Y": 173381.0 }, "geometry": { "type": "LineString", "coordinates": [ [ 359529.998174812528305, 173150.712527491996298 ], [ 359529.262083664012607, 173153.136510401440319 ], [ 359519.291416950291023, 173178.729602084611543 ] ] } },
{ "type": "Feature", "properties": { "JOURNEY_LINK_ID": 7, "SITE_ID": 500, "SEGMENT_ID": 4, "SEGMENT_LENGTH": 30.000000000003354, "LENGTH_PROPORTION": 0.0013232694399659076, "DIST_TO_SENSOR": 188.47007212548743, "MIDPOINT_X": 359513.84628124972, "MIDPOINT_Y": 173192.70638630711, "SENSOR_X": 359522.0, "SENSOR_Y": 173381.0 }, "geometry": { "type": "LineString", "coordinates": [ [ 359519.291416950291023, 173178.729602084611543 ], [ 359508.834009871061426, 173205.572077701450326 ], [ 359508.374065636890009, 173206.672236824233551 ] ] } },
{ "type": "Feature", "properties": { "JOURNEY_LINK_ID": 7, "SITE_ID": 500, "SEGMENT_ID": 5, "SEGMENT_LENGTH": 30.000000000025555, "LENGTH_PROPORTION": 0.0013232694399668869, "DIST_TO_SENSOR": 161.65821656033313, "MIDPOINT_X": 359502.58828325005, "MIDPOINT_Y": 173220.51148254692, "SENSOR_X": 359522.0, "SENSOR_Y": 173381.0 }, "geometry": { "type": "LineString", "coordinates": [ [ 359508.374065636890009, 173206.672236824233551 ], [ 359496.802500863210298, 173234.350728269579122 ] ] } },
{ "type": "Feature", "properties": { "JOURNEY_LINK_ID": 7, "SITE_ID": 500, "SEGMENT_ID": 6, "SEGMENT_LENGTH": 29.99999999998343, "LENGTH_PROPORTION": 0.0013232694399650288, "DIST_TO_SENSOR": 136.37176301424742, "MIDPOINT_X": 359491.02392296866, "MIDPOINT_Y": 173248.19284507466, "SENSOR_X": 359522.0, "SENSOR_Y": 173381.0 }, "geometry": { "type": "LineString", "coordinates": [ [ 359496.802500863210298, 173234.350728269579122 ], [ 359491.105949395161588, 173247.976538966817316 ], [ 359485.705283866613172, 173262.218253378960071 ] ] } },
{ "type": "Feature", "properties": { "JOURNEY_LINK_ID": 7, "SITE_ID": 500, "SEGMENT_ID": 7, "SEGMENT_LENGTH": 28.91257055098097, "LENGTH_PROPORTION": 0.0012753040346989036, "DIST_TO_SENSOR": 113.12084687463857, "MIDPOINT_X": 359480.57943292416, "MIDPOINT_Y": 173275.73527361575, "SENSOR_X": 359522.0, "SENSOR_Y": 173381.0 }, "geometry": { "type": "LineString", "coordinates": [ [ 359485.705283866613172, 173262.218253378960071 ], [ 359475.453581981710158, 173289.252293852565344 ] ] } },
{ "type": "Feature", "properties": { "JOURNEY_LINK_ID": 7, "SITE_ID": 500, "SEGMENT_ID": 8, "SEGMENT_LENGTH": 30.000000000015646, "LENGTH_PROPORTION": 0.00132326943996645, "DIST_TO_SENSOR": 89.124887455875083, "MIDPOINT_X": 359476.79089810076, "MIDPOINT_Y": 173304.1925611058, "SENSOR_X": 359522.0, "SENSOR_Y": 173381.0 }, "geometry": { "type": "LineString", "coordinates": [ [ 359475.453581981710158, 173289.252293852565344 ], [ 359478.128214219817892, 173319.132828359026462 ] ] } },
{ "type": "Feature", "properties": { "JOURNEY_LINK_ID": 7, "SITE_ID": 500, "SEGMENT_ID": 9, "SEGMENT_LENGTH": 21.327842588366597, "LENGTH_PROPORTION": 0.00094074941058619151, "DIST_TO_SENSOR": 66.845642799991438, "MIDPOINT_X": 359479.07894980907, "MIDPOINT_Y": 173329.75428396586, "SENSOR_X": 359522.0, "SENSOR_Y": 173381.0 }, "geometry": { "type": "LineString", "coordinates": [ [ 359478.128214219817892, 173319.132828359026462 ], [ 359480.029685398330912, 173340.375739572686143 ] ] } },
{ "type": "Feature", "properties": { "JOURNEY_LINK_ID": 7, "SITE_ID": 500, "SEGMENT_ID": 10, "SEGMENT_LENGTH": 29.9999999999906, "LENGTH_PROPORTION": 0.0013232694399653452, "DIST_TO_SENSOR": 44.745767298244971, "MIDPOINT_X": 359486.32544245821, "MIDPOINT_Y": 173353.99056395801, "SENSOR_X": 359522.0, "SENSOR_Y": 173381.0 }, "geometry": { "type": "LineString", "coordinates": [ [ 359480.029685398330912, 173340.375739572686143 ], [ 359492.621199518092908, 173367.605388343305094 ] ] } },
{ "type": "Feature", "properties": { "JOURNEY_LINK_ID": 7, "SITE_ID": 500, "SEGMENT_ID": 11, "SEGMENT_LENGTH": 30.000000000017014, "LENGTH_PROPORTION": 0.0013232694399665102, "DIST_TO_SENSOR": 23.084093815200813, "MIDPOINT_X": 359498.91695657797, "MIDPOINT_Y": 173381.22021272863, "SENSOR_X": 359522.0, "SENSOR_Y": 173381.0 }, "geometry": { "type": "LineString", "coordinates": [ [ 359492.621199518092908, 173367.605388343305094 ], [ 359505.212713637854904, 173394.835037113953149 ] ] } },
{ "type": "Feature", "properties": { "JOURNEY_LINK_ID": 7, "SITE_ID": 500, "SEGMENT_ID": 12, "SEGMENT_LENGTH": 29.9999999999906, "LENGTH_PROPORTION": 0.0013232694399653452, "DIST_TO_SENSOR": 29.386511930274541, "MIDPOINT_X": 359511.50847069774, "MIDPOINT_Y": 173408.44986149925, "SENSOR_X": 359522.0, "SENSOR_Y": 173381.0 }, "geometry": { "type": "LineString", "coordinates": [ [ 359505.212713637854904, 173394.835037113953149 ], [ 359517.8042277576169, 173422.0646858845721 ] ] } },
{ "type": "Feature", "properties": { "JOURNEY_LINK_ID": 7, "SITE_ID": 500, "SEGMENT_ID": 13, "SEGMENT_LENGTH": 30.000000000017014, "LENGTH_PROPORTION": 0.0013232694399665102, "DIST_TO_SENSOR": 54.719820719638669, "MIDPOINT_X": 359524.0999848175, "MIDPOINT_Y": 173435.6795102699, "SENSOR_X": 359522.0, "SENSOR_Y": 173381.0 }, "geometry": { "type": "LineString", "coordinates": [ [ 359517.8042277576169, 173422.0646858845721 ], [ 359530.395741877378896, 173449.294334655220155 ] ] } },
{ "type": "Feature", "properties": { "JOURNEY_LINK_ID": 7, "SITE_ID": 500, "SEGMENT_ID": 14, "SEGMENT_LENGTH": 13.069125113475533, "LENGTH_PROPORTION": 0.00057646579565837379, "DIST_TO_SENSOR": 75.056535323755483, "MIDPOINT_X": 359533.13840976736, "MIDPOINT_Y": 173455.22546276488, "SENSOR_X": 359522.0, "SENSOR_Y": 173381.0 }, "geometry": { "type": "LineString", "coordinates": [ [ 359530.395741877378896, 173449.294334655220155 ], [ 359535.8810776573373, 173461.156590874539688 ] ] } },
{ "type": "Feature", "properties": { "JOURNEY_LINK_ID": 7, "SITE_ID": 500, "SEGMENT_ID": 15, "SEGMENT_LENGTH": 29.999999999992987, "LENGTH_PROPORTION": 0.0013232694399654503, "DIST_TO_SENSOR": 95.819756570281726, "MIDPOINT_X": 359534.10902424733, "MIDPOINT_Y": 173476.05155064998, "SENSOR_X": 359522.0, "SENSOR_Y": 173381.0 }, "geometry": { "type": "LineString", "coordinates": [ [ 359535.8810776573373, 173461.156590874539688 ], [ 359532.336970837321132, 173490.946510425419547 ] ] } },
{ "type": "Feature", "properties": { "JOURNEY_LINK_ID": 7, "SITE_ID": 500, "SEGMENT_ID": 16, "SEGMENT_LENGTH": 29.999999999992987, "LENGTH_PROPORTION": 0.0013232694399654503, "DIST_TO_SENSOR": 125.13492914629701, "MIDPOINT_X": 359530.56491742731, "MIDPOINT_Y": 173505.84147020086, "SENSOR_X": 359522.0, "SENSOR_Y": 173381.0 }, "geometry": { "type": "LineString", "coordinates": [ [ 359532.336970837321132, 173490.946510425419547 ], [ 359528.792864017304964, 173520.736429976299405 ] ] } },
{ "type": "Feature", "properties": { "JOURNEY_LINK_ID": 7, "SITE_ID": 500, "SEGMENT_ID": 17, "SEGMENT_LENGTH": 30.000000000027825, "LENGTH_PROPORTION": 0.0013232694399669871, "DIST_TO_SENSOR": 154.47868382136323, "MIDPOINT_X": 359525.9190369788, "MIDPOINT_Y": 173535.42896394245, "SENSOR_X": 359522.0, "SENSOR_Y": 173381.0 }, "geometry": { "type": "LineString", "coordinates": [ [ 359528.792864017304964, 173520.736429976299405 ], [ 359528.067046384443529, 173526.837275687023066 ], [ 359522.280863371037412, 173549.981066635868046 ] ] } },
{ "type": "Feature", "properties": { "JOURNEY_LINK_ID": 7, "SITE_ID": 500, "SEGMENT_ID": 18, "SEGMENT_LENGTH": 29.999999999974211, "LENGTH_PROPORTION": 0.0013232694399646222, "DIST_TO_SENSOR": 183.66067298608132, "MIDPOINT_X": 359519.17555720924, "MIDPOINT_Y": 173564.63895372339, "SENSOR_X": 359522.0, "SENSOR_Y": 173381.0 }, "geometry": { "type": "LineString", "coordinates": [ [ 359522.280863371037412, 173549.981066635868046 ], [ 359519.987318096274976, 173559.154874696978368 ], [ 359516.979168093763292, 173579.477278253238183 ] ] } },
{ "type": "Feature", "properties": { "JOURNEY_LINK_ID": 7, "SITE_ID": 500, "SEGMENT_ID": 19, "SEGMENT_LENGTH": 6.4710842305533181, "LENGTH_PROPORTION": 0.00028543293352451828, "DIST_TO_SENSOR": 201.75278122297172, "MIDPOINT_X": 359516.50540079479, "MIDPOINT_Y": 173582.67794651567, "SENSOR_X": 359522.0, "SENSOR_Y": 173381.0 }, "geometry": { "type": "LineString", "coordinates": [ [ 359516.979168093763292, 173579.477278253238183 ], [ 359516.031633495818824, 173585.878614778106567 ] ] } },
{ "type": "Feature", "properties": { "JOURNEY_LINK_ID": 7, "SITE_ID": 500, "SEGMENT_ID": 20, "SEGMENT_LENGTH": 30.000000000015731, "LENGTH_PROPORTION": 0.0013232694399664536, "DIST_TO_SENSOR": 212.12815434090857, "MIDPOINT_X": 359529.23073590361, "MIDPOINT_Y": 173593.00488277955, "SENSOR_X": 359522.0, "SENSOR_Y": 173381.0 }, "geometry": { "type": "LineString", "coordinates": [ [ 359516.031633495818824, 173585.878614778106567 ], [ 359538.360647664871067, 173597.934172365290578 ], [ 359542.121523135458119, 173600.625053702678997 ] ] } },
{ "type": "Feature", "properties": { "JOURNEY_LINK_ID": 7, "SITE_ID": 500, "SEGMENT_ID": 21, "SEGMENT_LENGTH": 29.999999999979387, "LENGTH_PROPORTION": 0.0013232694399648505, "DIST_TO_SENSOR": 230.62932106430938, "MIDPOINT_X": 359554.32055355469, "MIDPOINT_Y": 173609.35337867547, "SENSOR_X": 359522.0, "SENSOR_Y": 173381.0 }, "geometry": { "type": "LineString", "coordinates": [ [ 359542.121523135458119, 173600.625053702678997 ], [ 359566.519583973917179, 173618.081703648233088 ] ] } },
{ "type": "Feature", "properties": { "JOURNEY_LINK_ID": 7, "SITE_ID": 500, "SEGMENT_ID": 22, "SEGMENT_LENGTH": 30.00000000002947, "LENGTH_PROPORTION": 0.0013232694399670597, "DIST_TO_SENSOR": 252.07714636160037, "MIDPOINT_X": 359578.8821973874, "MIDPOINT_Y": 173626.57545345207, "SENSOR_X": 359522.0, "SENSOR_Y": 173381.0 }, "geometry": { "type": "LineString", "coordinates": [ [ 359566.519583973917179, 173618.081703648233088 ], [ 359569.105853757180739, 173619.932162443699781 ], [ 359591.288822065806016, 173635.006091867369832 ] ] } },
{ "type": "Feature", "properties": { "JOURNEY_LINK_ID": 7, "SITE_ID": 500, "SEGMENT_ID": 23, "SEGMENT_LENGTH": 10.341397218540642, "LENGTH_PROPORTION": 0.00045614849686139136, "DIST_TO_SENSOR": 267.23733184114809, "MIDPOINT_X": 359595.56554986385, "MIDPOINT_Y": 173637.91224455601, "SENSOR_X": 359522.0, "SENSOR_Y": 173381.0 }, "geometry": { "type": "LineString", "coordinates": [ [ 359591.288822065806016, 173635.006091867369832 ], [ 359599.842277661839034, 173640.818397244613152 ] ] } },
{ "type": "Feature", "properties": { "JOURNEY_LINK_ID": 7, "SITE_ID": 500, "SEGMENT_ID": 24, "SEGMENT_LENGTH": 19.989905544741742, "LENGTH_PROPORTION": 0.00088173437050529464, "DIST_TO_SENSOR": 273.71487502503709, "MIDPOINT_X": 359609.82070137118, "MIDPOINT_Y": 173640.24381809533, "SENSOR_X": 359522.0, "SENSOR_Y": 173381.0 }, "geometry": { "type": "LineString", "coordinates": [ [ 359599.842277661839034, 173640.818397244613152 ], [ 359619.799125080520753, 173639.669238946051337 ] ] } },
{ "type": "Feature", "properties": { "JOURNEY_LINK_ID": 11, "SITE_ID": 500, "SEGMENT_ID": 0, "SEGMENT_LENGTH": 23.703723411472289, "LENGTH_PROPORTION": 0.0010455470934600734, "DIST_TO_SENSOR": 284.91557290810425, "MIDPOINT_X": 359636.4674313413, "MIDPOINT_Y": 173641.91012024772, "SENSOR_X": 359522.0, "SENSOR_Y": 173381.0 }, "geometry": { "type": "LineString", "coordinates": [ [ 359639.825147523777559, 173653.276402310468256 ], [ 359633.109715158876497, 173630.543838184967171 ] ] } },
{ "type": "Feature", "properties": { "JOURNEY_LINK_ID": 11, "SITE_ID": 500, "SEGMENT_ID": 1, "SEGMENT_LENGTH": 15.206204673699448, "LENGTH_PROPORTION": 0.00067073019808569956, "DIST_TO_SENSOR": 265.75601110767894, "MIDPOINT_X": 359628.54535612446, "MIDPOINT_Y": 173624.46323034121, "SENSOR_X": 359522.0, "SENSOR_Y": 173381.0 }, "geometry": { "type": "LineString", "coordinates": [ [ 359633.109715158876497, 173630.543838184967171 ], [ 359623.980997090053279, 173618.382622497447301 ] ] } },
{ "type": "Feature", "properties": { "JOURNEY_LINK_ID": 11, "SITE_ID": 500, "SEGMENT_ID": 2, "SEGMENT_LENGTH": 30.000000000018265, "LENGTH_PROPORTION": 0.0013232694399665653, "DIST_TO_SENSOR": 245.93215273185049, "MIDPOINT_X": 359611.49458976724, "MIDPOINT_Y": 173610.07060516294, "SENSOR_X": 359522.0, "SENSOR_Y": 173381.0 }, "geometry": { "type": "LineString", "coordinates": [ [ 359623.980997090053279, 173618.382622497447301 ], [ 359599.008182444435079, 173601.758587828429881 ] ] } },
{ "type": "Feature", "properties": { "JOURNEY_LINK_ID": 11, "SITE_ID": 500, "SEGMENT_ID": 3, "SEGMENT_LENGTH": 29.999999999953687, "LENGTH_PROPORTION": 0.0013232694399637169, "DIST_TO_SENSOR": 222.02838732802118, "MIDPOINT_X": 359586.52177512168, "MIDPOINT_Y": 173593.44657049392, "SENSOR_X": 359522.0, "SENSOR_Y": 173381.0 }, "geometry": { "type": "LineString", "coordinates": [ [ 359599.008182444435079, 173601.758587828429881 ], [ 359574.035367798875086, 173585.134553159441566 ] ] } },
{ "type": "Feature", "properties": { "JOURNEY_LINK_ID": 11, "SITE_ID": 500, "SEGMENT_ID": 4, "SEGMENT_LENGTH": 5.4489498885119882, "LENGTH_PROPORTION": 0.00024034762891242493, "DIST_TO_SENSOR": 208.64711582592909, "MIDPOINT_X": 359571.76744087256, "MIDPOINT_Y": 173583.62482762849, "SENSOR_X": 359522.0, "SENSOR_Y": 173381.0 }, "geometry": { "type": "LineString", "coordinates": [ [ 359574.035367798875086, 173585.134553159441566 ], [ 359569.499513946240768, 173582.115102097566705 ] ] } },
{ "type": "Feature", "properties": { "JOURNEY_LINK_ID": 11, "SITE_ID": 500, "SEGMENT_ID": 5, "SEGMENT_LENGTH": 23.121222403277557, "LENGTH_PROPORTION": 0.001019853567363629, "DIST_TO_SENSOR": 199.65945539177659, "MIDPOINT_X": 359559.03867206548, "MIDPOINT_Y": 173577.19387069673, "SENSOR_X": 359522.0, "SENSOR_Y": 173381.0 }, "geometry": { "type": "LineString", "coordinates": [ [ 359569.499513946240768, 173582.115102097566705 ], [ 359548.577830184658524, 173572.272639295901172 ] ] } },
{ "type": "Feature", "properties": { "JOURNEY_LINK_ID": 11, "SITE_ID": 500, "SEGMENT_ID": 6, "SEGMENT_LENGTH": 29.455533050434877, "LENGTH_PROPORTION": 0.0012992535574513962, "DIST_TO_SENSOR": 178.7207444424688, "MIDPOINT_X": 359543.60395134171, "MIDPOINT_Y": 173558.41018510924, "SENSOR_X": 359522.0, "SENSOR_Y": 173381.0 }, "geometry": { "type": "LineString", "coordinates": [ [ 359548.577830184658524, 173572.272639295901172 ], [ 359538.630072498810478, 173544.547730922582559 ] ] } },
{ "type": "Feature", "properties": { "JOURNEY_LINK_ID": 11, "SITE_ID": 500, "SEGMENT_ID": 7, "SEGMENT_LENGTH": 30.000000000014488, "LENGTH_PROPORTION": 0.0013232694399663988, "DIST_TO_SENSOR": 149.8526211310359, "MIDPOINT_X": 359540.66217269131, "MIDPOINT_Y": 173529.68601605491, "SENSOR_X": 359522.0, "SENSOR_Y": 173381.0 }, "geometry": { "type": "LineString", "coordinates": [ [ 359538.630072498810478, 173544.547730922582559 ], [ 359542.694272883760277, 173514.824301187240053 ] ] } },
{ "type": "Feature", "properties": { "JOURNEY_LINK_ID": 11, "SITE_ID": 500, "SEGMENT_ID": 8, "SEGMENT_LENGTH": 29.999999999985651, "LENGTH_PROPORTION": 0.0013232694399651268, "DIST_TO_SENSOR": 121.1139338682659, "MIDPOINT_X": 359544.72637307621, "MIDPOINT_Y": 173499.9625863196, "SENSOR_X": 359522.0, "SENSOR_Y": 173381.0 }, "geometry": { "type": "LineString", "coordinates": [ [ 359542.694272883760277, 173514.824301187240053 ], [ 359546.758473268710077, 173485.10087145192665 ] ] } },
{ "type": "Feature", "properties": { "JOURNEY_LINK_ID": 11, "SITE_ID": 500, "SEGMENT_ID": 9, "SEGMENT_LENGTH": 17.538796191910301, "LENGTH_PROPORTION": 0.00077361843381809148, "DIST_TO_SENSOR": 98.877353432750454, "MIDPOINT_X": 359547.94649297261, "MIDPOINT_Y": 173476.41231851437, "SENSOR_X": 359522.0, "SENSOR_Y": 173381.0 }, "geometry": { "type": "LineString", "coordinates": [ [ 359546.758473268710077, 173485.10087145192665 ], [ 359549.134512676508166, 173467.723765576840378 ] ] } },
{ "type": "Feature", "properties": { "JOURNEY_LINK_ID": 11, "SITE_ID": 500, "SEGMENT_ID": 10, "SEGMENT_LENGTH": 28.834577755226146, "LENGTH_PROPORTION": 0.0012718638519269086, "DIST_TO_SENSOR": 76.458613489589453, "MIDPOINT_X": 359545.20261473872, "MIDPOINT_Y": 173453.8529906458, "SENSOR_X": 359522.0, "SENSOR_Y": 173381.0 }, "geometry": { "type": "LineString", "coordinates": [ [ 359549.134512676508166, 173467.723765576840378 ], [ 359541.270716800994705, 173439.982215714757331 ] ] } },
{ "type": "Feature", "properties": { "JOURNEY_LINK_ID": 11, "SITE_ID": 500, "SEGMENT_ID": 11, "SEGMENT_LENGTH": 29.999999999989285, "LENGTH_PROPORTION": 0.001323269439965287, "DIST_TO_SENSOR": 47.216015232892921, "MIDPOINT_X": 359534.83838358783, "MIDPOINT_Y": 173426.43707738537, "SENSOR_X": 359522.0, "SENSOR_Y": 173381.0 }, "geometry": { "type": "LineString", "coordinates": [ [ 359541.270716800994705, 173439.982215714757331 ], [ 359535.615279874706175, 173427.793428912584204 ], [ 359529.273957234690897, 173416.722372463264037 ], [ 359527.510050543700345, 173413.351444525324041 ] ] } },
{ "type": "Feature", "properties": { "JOURNEY_LINK_ID": 11, "SITE_ID": 500, "SEGMENT_ID": 12, "SEGMENT_LENGTH": 30.000000000013276, "LENGTH_PROPORTION": 0.0013232694399663454, "DIST_TO_SENSOR": 19.115677992664455, "MIDPOINT_X": 359520.5555691155, "MIDPOINT_Y": 173400.06102737365, "SENSOR_X": 359522.0, "SENSOR_Y": 173381.0 }, "geometry": { "type": "LineString", "coordinates": [ [ 359527.510050543700345, 173413.351444525324041 ], [ 359513.601087687304243, 173386.770610222010873 ] ] } },
{ "type": "Feature", "properties": { "JOURNEY_LINK_ID": 11, "SITE_ID": 500, "SEGMENT_ID": 13, "SEGMENT_LENGTH": 1.1957893860208331, "LENGTH_PROPORTION": 5.2745051705226252e-05, "DIST_TO_SENSOR": 10.136152220091727, "MIDPOINT_X": 359513.32388451806, "MIDPOINT_Y": 173386.24085889649, "SENSOR_X": 359522.0, "SENSOR_Y": 173381.0 }, "geometry": { "type": "LineString", "coordinates": [ [ 359513.601087687304243, 173386.770610222010873 ], [ 359513.046681348816492, 173385.711107570969034 ] ] } },
{ "type": "Feature", "properties": { "JOURNEY_LINK_ID": 11, "SITE_ID": 500, "SEGMENT_ID": 14, "SEGMENT_LENGTH": 29.999999999988862, "LENGTH_PROPORTION": 0.0013232694399652684, "DIST_TO_SENSOR": 16.464966241286373, "MIDPOINT_X": 359508.64353354916, "MIDPOINT_Y": 173371.37192037454, "SENSOR_X": 359522.0, "SENSOR_Y": 173381.0 }, "geometry": { "type": "LineString", "coordinates": [ [ 359513.046681348816492, 173385.711107570969034 ], [ 359504.240385749493726, 173357.03273317811545 ] ] } },
{ "type": "Feature", "properties": { "JOURNEY_LINK_ID": 11, "SITE_ID": 500, "SEGMENT_ID": 15, "SEGMENT_LENGTH": 30.000000000016684, "LENGTH_PROPORTION": 0.0013232694399664957, "DIST_TO_SENSOR": 44.255761671804756, "MIDPOINT_X": 359499.83723794983, "MIDPOINT_Y": 173342.69354598166, "SENSOR_X": 359522.0, "SENSOR_Y": 173381.0 }, "geometry": { "type": "LineString", "coordinates": [ [ 359504.240385749493726, 173357.03273317811545 ], [ 359495.43409015017096, 173328.354358785232762 ] ] } },
{ "type": "Feature", "properties": { "JOURNEY_LINK_ID": 11, "SITE_ID": 500, "SEGMENT_ID": 16, "SEGMENT_LENGTH": 17.759075229194593, "LENGTH_PROPORTION": 0.00078333471776153749, "DIST_TO_SENSOR": 67.737706119977915, "MIDPOINT_X": 359492.82756238285, "MIDPOINT_Y": 173319.86600198032, "SENSOR_X": 359522.0, "SENSOR_Y": 173381.0 }, "geometry": { "type": "LineString", "coordinates": [ [ 359495.43409015017096, 173328.354358785232762 ], [ 359490.221034615533426, 173311.377645175438374 ] ] } },
{ "type": "Feature", "properties": { "JOURNEY_LINK_ID": 11, "SITE_ID": 500, "SEGMENT_ID": 17, "SEGMENT_LENGTH": 29.999999999986215, "LENGTH_PROPORTION": 0.0013232694399651517, "DIST_TO_SENSOR": 90.156284933393124, "MIDPOINT_X": 359490.83669333247, "MIDPOINT_Y": 173296.40092181036, "SENSOR_X": 359522.0, "SENSOR_Y": 173381.0 }, "geometry": { "type": "LineString", "coordinates": [ [ 359490.221034615533426, 173311.377645175438374 ], [ 359490.176720284274779, 173305.817150189250242 ], [ 359491.885453929193318, 173281.437630019761855 ] ] } },
{ "type": "Feature", "properties": { "JOURNEY_LINK_ID": 11, "SITE_ID": 500, "SEGMENT_ID": 18, "SEGMENT_LENGTH": 2.3334015022752106, "LENGTH_PROPORTION": 0.00010292396330436601, "DIST_TO_SENSOR": 105.1082774782073, "MIDPOINT_X": 359491.96702658094, "MIDPOINT_Y": 173280.273784435, "SENSOR_X": 359522.0, "SENSOR_Y": 173381.0 }, "geometry": { "type": "LineString", "coordinates": [ [ 359491.885453929193318, 173281.437630019761855 ], [ 359492.048599232686684, 173279.109938850218896 ] ] } },
{ "type": "Feature", "properties": { "JOURNEY_LINK_ID": 11, "SITE_ID": 500, "SEGMENT_ID": 19, "SEGMENT_LENGTH": 29.999999999982201, "LENGTH_PROPORTION": 0.0013232694399649746, "DIST_TO_SENSOR": 117.73490970399632, "MIDPOINT_X": 359498.59657831717, "MIDPOINT_Y": 173265.61460743862, "SENSOR_X": 359522.0, "SENSOR_Y": 173381.0 }, "geometry": { "type": "LineString", "coordinates": [ [ 359492.048599232686684, 173279.109938850218896 ], [ 359505.144557401654311, 173252.119276027020533 ] ] } },
{ "type": "Feature", "properties": { "JOURNEY_LINK_ID": 11, "SITE_ID": 500, "SEGMENT_ID": 20, "SEGMENT_LENGTH": 30.000000000033797, "LENGTH_PROPORTION": 0.0013232694399672505, "DIST_TO_SENSOR": 142.74867758042805, "MIDPOINT_X": 359511.6925364862, "MIDPOINT_Y": 173238.62394461542, "SENSOR_X": 359522.0, "SENSOR_Y": 173381.0 }, "geometry": { "type": "LineString", "coordinates": [ [ 359505.144557401654311, 173252.119276027020533 ], [ 359518.240515570680145, 173225.128613203793066 ] ] } },
{ "type": "Feature", "properties": { "JOURNEY_LINK_ID": 11, "SITE_ID": 500, "SEGMENT_ID": 21, "SEGMENT_LENGTH": 29.999999999977547, "LENGTH_PROPORTION": 0.0013232694399647694, "DIST_TO_SENSOR": 169.53879804963785, "MIDPOINT_X": 359524.45354955527, "MIDPOINT_Y": 173211.47895664934, "SENSOR_X": 359522.0, "SENSOR_Y": 173381.0 }, "geometry": { "type": "LineString", "coordinates": [ [ 359518.240515570680145, 173225.128613203793066 ], [ 359520.760460998921189, 173219.935026258172002 ], [ 359530.457041255605873, 173197.732753995398525 ] ] } },
{ "type": "Feature", "properties": { "JOURNEY_LINK_ID": 11, "SITE_ID": 500, "SEGMENT_ID": 22, "SEGMENT_LENGTH": 30.000000000014765, "LENGTH_PROPORTION": 0.0013232694399664109, "DIST_TO_SENSOR": 197.35455426259912, "MIDPOINT_X": 359536.95142304577, "MIDPOINT_Y": 173184.21261463931, "SENSOR_X": 359522.0, "SENSOR_Y": 173381.0 }, "geometry": { "type": "LineString", "coordinates": [ [ 359530.457041255605873, 173197.732753995398525 ], [ 359530.996506884752307, 173196.497538851690479 ], [ 359543.49427062436007, 173170.714794609259116 ] ] } },
{ "type": "Feature", "properties": { "JOURNEY_LINK_ID": 11, "SITE_ID": 500, "SEGMENT_ID": 23, "SEGMENT_LENGTH": 16.172284067055212, "LENGTH_PROPORTION": 0.00071334297601264435, "DIST_TO_SENSOR": 218.9466949388468, "MIDPOINT_X": 359547.15031427174, "MIDPOINT_Y": 173163.50260480485, "SENSOR_X": 359522.0, "SENSOR_Y": 173381.0 }, "geometry": { "type": "LineString", "coordinates": [ [ 359543.49427062436007, 173170.714794609259116 ], [ 359543.985413504007738, 173169.701572442718316 ], [ 359550.827218999154866, 173156.300794989801943 ] ] } },
{ "type": "Feature", "properties": { "JOURNEY_LINK_ID": 11, "SITE_ID": 500, "SEGMENT_ID": 24, "SEGMENT_LENGTH": 17.687064835877415, "LENGTH_PROPORTION": 0.00078015841266698628, "DIST_TO_SENSOR": 232.08634990704439, "MIDPOINT_X": 359558.43466908287, "MIDPOINT_Y": 173151.79138606502, "SENSOR_X": 359522.0, "SENSOR_Y": 173381.0 }, "geometry": { "type": "LineString", "coordinates": [ [ 359550.827218999154866, 173156.300794989801943 ], [ 359566.04211916658096, 173147.281977140228264 ] ] } },
{ "type": "Feature", "properties": { "JOURNEY_LINK_ID": 11, "SITE_ID": 500, "SEGMENT_ID": 25, "SEGMENT_LENGTH": 27.127526247573122, "LENGTH_PROPORTION": 0.0011965675488427511, "DIST_TO_SENSOR": 251.26009513332752, "MIDPOINT_X": 359570.45675285009, "MIDPOINT_Y": 173134.45674109878, "SENSOR_X": 359522.0, "SENSOR_Y": 173381.0 }, "geometry": { "type": "LineString", "coordinates": [ [ 359566.04211916658096, 173147.281977140228264 ], [ 359574.871386533544865, 173121.631505057332106 ] ] } },
{ "type": "Feature", "properties": { "JOURNEY_LINK_ID": 11, "SITE_ID": 500, "SEGMENT_ID": 26, "SEGMENT_LENGTH": 8.0592449070736709, "LENGTH_PROPORTION": 0.00035548508315767595, "DIST_TO_SENSOR": 268.30017786847463, "MIDPOINT_X": 359573.79824133578, "MIDPOINT_Y": 173117.7474071566, "SENSOR_X": 359522.0, "SENSOR_Y": 173381.0 }, "geometry": { "type": "LineString", "coordinates": [ [ 359574.871386533544865, 173121.631505057332106 ], [ 359572.725096137961373, 173113.863309255859349 ] ] } },
{ "type": "Feature", "properties": { "JOURNEY_LINK_ID": 11, "SITE_ID": 500, "SEGMENT_ID": 27, "SEGMENT_LENGTH": 6.2164609805401199, "LENGTH_PROPORTION": 0.00027420176134294405, "DIST_TO_SENSOR": 274.37380307172037, "MIDPOINT_X": 359571.31342050666, "MIDPOINT_Y": 173111.0941453581, "SENSOR_X": 359522.0, "SENSOR_Y": 173381.0 }, "geometry": { "type": "LineString", "coordinates": [ [ 359572.725096137961373, 173113.863309255859349 ], [ 359569.901744875358418, 173108.324981460347772 ] ] } },
{ "type": "Feature", "properties": { "JOURNEY_LINK_ID": 11, "SITE_ID": 500, "SEGMENT_ID": 28, "SEGMENT_LENGTH": 29.999999999975593, "LENGTH_PROPORTION": 0.0013232694399646831, "DIST_TO_SENSOR": 281.76404532600111, "MIDPOINT_X": 359556.61165812763, "MIDPOINT_Y": 173101.36986864766, "SENSOR_X": 359522.0, "SENSOR_Y": 173381.0 }, "geometry": { "type": "LineString", "coordinates": [ [ 359569.901744875358418, 173108.324981460347772 ], [ 359543.321571379899979, 173094.414755834935931 ] ] } },
{ "type": "Feature", "properties": { "JOURNEY_LINK_ID": 11, "SITE_ID": 500, "SEGMENT_ID": 29, "SEGMENT_LENGTH": 3.0760543258224984, "LENGTH_PROPORTION": 0.00013568162283451301, "DIST_TO_SENSOR": 287.99083329254512, "MIDPOINT_X": 359541.95887041884, "MIDPOINT_Y": 173093.70161233982, "SENSOR_X": 359522.0, "SENSOR_Y": 173381.0 }, "geometry": { "type": "LineString", "coordinates": [ [ 359543.321571379899979, 173094.414755834935931 ], [ 359540.596169457829092, 173092.98846884467639 ] ] } },
{ "type": "Feature", "properties": { "JOURNEY_LINK_ID": 11, "SITE_ID": 500, "SEGMENT_ID": 30, "SEGMENT_LENGTH": 8.6296788146777637, "LENGTH_PROPORTION": 0.00038064634173943417, "DIST_TO_SENSOR": 287.22910566841853, "MIDPOINT_X": 359536.43614338717, "MIDPOINT_Y": 173094.13390422153, "SENSOR_X": 359522.0, "SENSOR_Y": 173381.0 }, "geometry": { "type": "LineString", "coordinates": [ [ 359540.596169457829092, 173092.98846884467639 ], [ 359532.276117316505406, 173095.279339598375373 ] ] } },
{ "type": "Feature", "properties": { "JOURNEY_LINK_ID": 11, "SITE_ID": 500, "SEGMENT_ID": 31, "SEGMENT_LENGTH": 15.348873696175508, "LENGTH_PROPORTION": 0.00067702318333477814, "DIST_TO_SENSOR": 281.25161520599141, "MIDPOINT_X": 359526.05823578639, "MIDPOINT_Y": 173099.77766486589, "SENSOR_X": 359522.0, "SENSOR_Y": 173381.0 }, "geometry": { "type": "LineString", "coordinates": [ [ 359532.276117316505406, 173095.279339598375373 ], [ 359519.840354256215505, 173104.275990133406594 ] ] } },
{ "type": "Feature", "properties": { "JOURNEY_LINK_ID": 11, "SITE_ID": 500, "SEGMENT_ID": 32, "SEGMENT_LENGTH": 29.999999999972413, "LENGTH_PROPORTION": 0.0013232694399645428, "DIST_TO_SENSOR": 277.43528257606511, "MIDPOINT_X": 359504.84143622516, "MIDPOINT_Y": 173104.0958293791, "SENSOR_X": 359522.0, "SENSOR_Y": 173381.0 }, "geometry": { "type": "LineString", "coordinates": [ [ 359519.840354256215505, 173104.275990133406594 ], [ 359489.842518194112927, 173103.915668624802493 ] ] } },
{ "type": "Feature", "properties": { "JOURNEY_LINK_ID": 11, "SITE_ID": 500, "SEGMENT_ID": 33, "SEGMENT_LENGTH": 25.597341052121259, "LENGTH_PROPORTION": 0.0011290726386217684, "DIST_TO_SENSOR": 280.8592359678313, "MIDPOINT_X": 359477.04477085231, "MIDPOINT_Y": 173103.76194741574, "SENSOR_X": 359522.0, "SENSOR_Y": 173381.0 }, "geometry": { "type": "LineString", "coordinates": [ [ 359489.842518194112927, 173103.915668624802493 ], [ 359464.247023510513827, 173103.6082262066775 ] ] } },
{ "type": "Feature", "properties": { "JOURNEY_LINK_ID": 11, "SITE_ID": 500, "SEGMENT_ID": 34, "SEGMENT_LENGTH": 9.3026390799395422, "LENGTH_PROPORTION": 0.00041032993351717293, "DIST_TO_SENSOR": 283.17277476130249, "MIDPOINT_X": 359459.73966929945, "MIDPOINT_Y": 173104.75649946637, "SENSOR_X": 359522.0, "SENSOR_Y": 173381.0 }, "geometry": { "type": "LineString", "coordinates": [ [ 359464.247023510513827, 173103.6082262066775 ], [ 359455.232315088389441, 173105.90477272606222 ] ] } },
{ "type": "Feature", "properties": { "JOURNEY_LINK_ID": 11, "SITE_ID": 500, "SEGMENT_ID": 35, "SEGMENT_LENGTH": 19.131894816418537, "LENGTH_PROPORTION": 0.00084388839130686603, "DIST_TO_SENSOR": 276.86314824075987, "MIDPOINT_X": 359449.73592507024, "MIDPOINT_Y": 173113.73401576644, "SENSOR_X": 359522.0, "SENSOR_Y": 173381.0 }, "geometry": { "type": "LineString", "coordinates": [ [ 359455.232315088389441, 173105.90477272606222 ], [ 359444.239535052154679, 173121.563258806825615 ] ] } },
{ "type": "Feature", "properties": { "JOURNEY_LINK_ID": 11, "SITE_ID": 500, "SEGMENT_ID": 36, "SEGMENT_LENGTH": 19.479481622116737, "LENGTH_PROPORTION": 0.0008592200912307241, "DIST_TO_SENSOR": 261.10328114536458, "MIDPOINT_X": 359446.79371577414, "MIDPOINT_Y": 173130.96212639319, "SENSOR_X": 359522.0, "SENSOR_Y": 173381.0 }, "geometry": { "type": "LineString", "coordinates": [ [ 359444.239535052154679, 173121.563258806825615 ], [ 359449.347896496125031, 173140.360993979556952 ] ] } },
{ "type": "Feature", "properties": { "JOURNEY_LINK_ID": 22, "SITE_ID": 500, "SEGMENT_ID": 0, "SEGMENT_LENGTH": 20.834721123640556, "LENGTH_PROPORTION": 0.00091899832510408739, "DIST_TO_SENSOR": 290.53631298753447, "MIDPOINT_X": 359624.19087331707, "MIDPOINT_Y": 173652.97127527569, "SENSOR_X": 359522.0, "SENSOR_Y": 173381.0 }, "geometry": { "type": "LineString", "coordinates": [ [ 359616.403794814657886, 173646.051534711732529 ], [ 359631.97795181942638, 173659.891015839675674 ] ] } },
{ "type": "Feature", "properties": { "JOURNEY_LINK_ID": 22, "SITE_ID": 452, "SEGMENT_ID": 0, "SEGMENT_LENGTH": 4.3956160872147549, "LENGTH_PROPORTION": 0.0056183456812619196, "DIST_TO_SENSOR": 299.27761399929329, "MIDPOINT_X": 359637.30761336564, "MIDPOINT_Y": 173664.62705069309, "SENSOR_X": 359488.0, "SENSOR_Y": 173924.0 }, "geometry": { "type": "LineString", "coordinates": [ [ 359635.664730442746077, 173663.167154841270531 ], [ 359638.950496288540307, 173666.086946544935927 ] ] } },
{ "type": "Feature", "properties": { "JOURNEY_LINK_ID": 22, "SITE_ID": 452, "SEGMENT_ID": 1, "SEGMENT_LENGTH": 27.913198431702504, "LENGTH_PROPORTION": 0.03567781961557389, "DIST_TO_SENSOR": 298.93149787063658, "MIDPOINT_X": 359650.87574631977, "MIDPOINT_Y": 173673.33781362168, "SENSOR_X": 359488.0, "SENSOR_Y": 173924.0 }, "geometry": { "type": "LineString", "coordinates": [ [ 359638.950496288540307, 173666.086946544935927 ], [ 359662.800996350997593, 173680.588680698419921 ] ] } },
{ "type": "Feature", "properties": { "JOURNEY_LINK_ID": 24, "SITE_ID": 500, "SEGMENT_ID": 0, "SEGMENT_LENGTH": 16.900275829398094, "LENGTH_PROPORTION": 0.00074545395106781606, "DIST_TO_SENSOR": 293.03440933994267, "MIDPOINT_X": 359622.8851402672, "MIDPOINT_Y": 173656.12061633123, "SENSOR_X": 359522.0, "SENSOR_Y": 173381.0 }, "geometry": { "type": "LineString", "coordinates": [ [ 359615.704508445924148, 173651.666027974861208 ], [ 359630.065772088477388, 173660.57520468760049 ] ] } },
{ "type": "Feature", "properties": { "JOURNEY_LINK_ID": 24, "SITE_ID": 452, "SEGMENT_ID": 0, "SEGMENT_LENGTH": 29.999999999992475, "LENGTH_PROPORTION": 0.038345107282700804, "DIST_TO_SENSOR": 298.90469284784706, "MIDPOINT_X": 359637.07471950364, "MIDPOINT_Y": 173664.9232866285, "SENSOR_X": 359488.0, "SENSOR_Y": 173924.0 }, "geometry": { "type": "LineString", "coordinates": [ [ 359624.328243835887406, 173657.015862392319832 ], [ 359638.950496288540307, 173666.086946544935927 ], [ 359649.881158912670799, 173672.733078201767057 ] ] } },
{ "type": "Feature", "properties": { "JOURNEY_LINK_ID": 24, "SITE_ID": 452, "SEGMENT_ID": 1, "SEGMENT_LENGTH": 15.120604816547829, "LENGTH_PROPORTION": 0.019326707128999813, "DIST_TO_SENSOR": 299.19117462358179, "MIDPOINT_X": 359656.34107763181, "MIDPOINT_Y": 173676.66087945009, "SENSOR_X": 359488.0, "SENSOR_Y": 173924.0 }, "geometry": { "type": "LineString", "coordinates": [ [ 359649.881158912670799, 173672.733078201767057 ], [ 359662.800996350997593, 173680.588680698419921 ] ] } },
{ "type": "Feature", "properties": { "JOURNEY_LINK_ID": 72, "SITE_ID": 501, "SEGMENT_ID": 0, "SEGMENT_LENGTH": 30.000000000007578, "LENGTH_PROPORTION": 0.0045026822812682171, "DIST_TO_SENSOR": 286.82245655245089, "MIDPOINT_X": 358642.84789286496, "MIDPOINT_Y": 173376.80831767753, "SENSOR_X": 358640.0, "SENSOR_Y": 173090.0 }, "geometry": { "type": "LineString", "coordinates": [ [ 358650.898935427772813, 173389.464569636591477 ], [ 358634.796850302082021, 173364.152065718459198 ] ] } },
{ "type": "Feature", "properties": { "JOURNEY_LINK_ID": 72, "SITE_ID": 501, "SEGMENT_ID": 1, "SEGMENT_LENGTH": 30.000000000007578, "LENGTH_PROPORTION": 0.0045026822812682171, "DIST_TO_SENSOR": 261.83149968285562, "MIDPOINT_X": 358626.74580773921, "MIDPOINT_Y": 173351.49581375939, "SENSOR_X": 358640.0, "SENSOR_Y": 173090.0 }, "geometry": { "type": "LineString", "coordinates": [ [ 358634.796850302082021, 173364.152065718459198 ], [ 358618.694765176391229, 173338.839561800326919 ] ] } },
{ "type": "Feature", "properties": { "JOURNEY_LINK_ID": 72, "SITE_ID": 501, "SEGMENT_ID": 2, "SEGMENT_LENGTH": 29.999999999976335, "LENGTH_PROPORTION": 0.0045026822812635281, "DIST_TO_SENSOR": 238.00072871645105, "MIDPOINT_X": 358610.64372261357, "MIDPOINT_Y": 173326.18330984126, "SENSOR_X": 358640.0, "SENSOR_Y": 173090.0 }, "geometry": { "type": "LineString", "coordinates": [ [ 358618.694765176391229, 173338.839561800326919 ], [ 358602.592680050758645, 173313.52705788219464 ] ] } },
{ "type": "Feature", "properties": { "JOURNEY_LINK_ID": 72, "SITE_ID": 501, "SEGMENT_ID": 3, "SEGMENT_LENGTH": 30.000000000007578, "LENGTH_PROPORTION": 0.0045026822812682171, "DIST_TO_SENSOR": 215.71499603167919, "MIDPOINT_X": 358594.54163748794, "MIDPOINT_Y": 173300.87080592313, "SENSOR_X": 358640.0, "SENSOR_Y": 173090.0 }, "geometry": { "type": "LineString", "coordinates": [ [ 358602.592680050758645, 173313.52705788219464 ], [ 358586.490594925067853, 173288.214553964062361 ] ] } },
{ "type": "Feature", "properties": { "JOURNEY_LINK_ID": 72, "SITE_ID": 501, "SEGMENT_ID": 4, "SEGMENT_LENGTH": 29.999999999992532, "LENGTH_PROPORTION": 0.0045026822812659585, "DIST_TO_SENSOR": 195.50338144478351, "MIDPOINT_X": 358578.43955236219, "MIDPOINT_Y": 173275.558302005, "SENSOR_X": 358640.0, "SENSOR_Y": 173090.0 }, "geometry": { "type": "LineString", "coordinates": [ [ 358586.490594925067853, 173288.214553964062361 ], [ 358578.3235035847174, 173275.375873138662428 ], [ 358570.047188307449687, 173263.125852961005876 ] ] } },
{ "type": "Feature", "properties": { "JOURNEY_LINK_ID": 72, "SITE_ID": 501, "SEGMENT_ID": 5, "SEGMENT_LENGTH": 30.000000000025004, "LENGTH_PROPORTION": 0.0045026822812708322, "DIST_TO_SENSOR": 179.46496584417142, "MIDPOINT_X": 358561.03132001159, "MIDPOINT_Y": 173251.15713309171, "SENSOR_X": 358640.0, "SENSOR_Y": 173090.0 }, "geometry": { "type": "LineString", "coordinates": [ [ 358570.047188307449687, 173263.125852961005876 ], [ 358566.367032831942197, 173257.678745483688544 ], [ 358551.532915096031502, 173239.547641110548284 ] ] } },
{ "type": "Feature", "properties": { "JOURNEY_LINK_ID": 72, "SITE_ID": 501, "SEGMENT_ID": 6, "SEGMENT_LENGTH": 29.999999999976367, "LENGTH_PROPORTION": 0.0045026822812635325, "DIST_TO_SENSOR": 169.18679079887445, "MIDPOINT_X": 358542.03451018047, "MIDPOINT_Y": 173227.93814912939, "SENSOR_X": 358640.0, "SENSOR_Y": 173090.0 }, "geometry": { "type": "LineString", "coordinates": [ [ 358551.532915096031502, 173239.547641110548284 ], [ 358532.536105264967773, 173216.32865714826039 ] ] } },
{ "type": "Feature", "properties": { "JOURNEY_LINK_ID": 72, "SITE_ID": 501, "SEGMENT_ID": 7, "SEGMENT_LENGTH": 30.000000000013227, "LENGTH_PROPORTION": 0.0045026822812690645, "DIST_TO_SENSOR": 163.83121313168206, "MIDPOINT_X": 358523.03770034941, "MIDPOINT_Y": 173204.71916516713, "SENSOR_X": 358640.0, "SENSOR_Y": 173090.0 }, "geometry": { "type": "LineString", "coordinates": [ [ 358532.536105264967773, 173216.32865714826039 ], [ 358513.539295433845837, 173193.109673185972497 ] ] } },
{ "type": "Feature", "properties": { "JOURNEY_LINK_ID": 72, "SITE_ID": 501, "SEGMENT_ID": 8, "SEGMENT_LENGTH": 10.78393493125334, "LENGTH_PROPORTION": 0.0016185544245763846, "DIST_TO_SENSOR": 163.26650825849248, "MIDPOINT_X": 358510.12495608185, "MIDPOINT_Y": 173188.93647298231, "SENSOR_X": 358640.0, "SENSOR_Y": 173090.0 }, "geometry": { "type": "LineString", "coordinates": [ [ 358513.539295433845837, 173193.109673185972497 ], [ 358506.710616729862522, 173184.763272778654937 ] ] } },
{ "type": "Feature", "properties": { "JOURNEY_LINK_ID": 72, "SITE_ID": 501, "SEGMENT_ID": 9, "SEGMENT_LENGTH": 29.999999999977923, "LENGTH_PROPORTION": 0.0045026822812637658, "DIST_TO_SENSOR": 168.172525722236, "MIDPOINT_X": 358495.06862907804, "MIDPOINT_Y": 173175.30472513571, "SENSOR_X": 358640.0, "SENSOR_Y": 173090.0 }, "geometry": { "type": "LineString", "coordinates": [ [ 358506.710616729862522, 173184.763272778654937 ], [ 358485.026518092607148, 173167.145999320840929 ], [ 358483.394872095086612, 173165.886287658853689 ] ] } },
{ "type": "Feature", "properties": { "JOURNEY_LINK_ID": 72, "SITE_ID": 501, "SEGMENT_ID": 10, "SEGMENT_LENGTH": 30.000000000029495, "LENGTH_PROPORTION": 0.0045026822812715061, "DIST_TO_SENSOR": 181.20828529595761, "MIDPOINT_X": 358471.52170527296, "MIDPOINT_Y": 173156.71961380111, "SENSOR_X": 358640.0, "SENSOR_Y": 173090.0 }, "geometry": { "type": "LineString", "coordinates": [ [ 358483.394872095086612, 173165.886287658853689 ], [ 358459.648538450826891, 173147.552939943358069 ] ] } },
{ "type": "Feature", "properties": { "JOURNEY_LINK_ID": 72, "SITE_ID": 501, "SEGMENT_ID": 11, "SEGMENT_LENGTH": 14.75958335486971, "LENGTH_PROPORTION": 0.0022152571483618788, "DIST_TO_SENSOR": 193.60103474861108, "MIDPOINT_X": 358453.80710527091, "MIDPOINT_Y": 173143.0430637137, "SENSOR_X": 358640.0, "SENSOR_Y": 173090.0 }, "geometry": { "type": "LineString", "coordinates": [ [ 358459.648538450826891, 173147.552939943358069 ], [ 358447.965672090998851, 173138.533187484019436 ] ] } },
{ "type": "Feature", "properties": { "JOURNEY_LINK_ID": 72, "SITE_ID": 501, "SEGMENT_ID": 12, "SEGMENT_LENGTH": 30.00000000000545, "LENGTH_PROPORTION": 0.0045026822812678979, "DIST_TO_SENSOR": 210.05149400104096, "MIDPOINT_X": 358434.27375976153, "MIDPOINT_Y": 173132.40688870236, "SENSOR_X": 358640.0, "SENSOR_Y": 173090.0 }, "geometry": { "type": "LineString", "coordinates": [ [ 358447.965672090998851, 173138.533187484019436 ], [ 358420.58184743206948, 173126.280589920672355 ] ] } },
{ "type": "Feature", "properties": { "JOURNEY_LINK_ID": 72, "SITE_ID": 501, "SEGMENT_ID": 13, "SEGMENT_LENGTH": 23.482061730289928, "LENGTH_PROPORTION": 0.0035244087760198748, "DIST_TO_SENSOR": 232.27909979910058, "MIDPOINT_X": 358409.8647030812, "MIDPOINT_Y": 173121.48531904834, "SENSOR_X": 358640.0, "SENSOR_Y": 173090.0 }, "geometry": { "type": "LineString", "coordinates": [ [ 358420.58184743206948, 173126.280589920672355 ], [ 358399.147558730328456, 173116.690048176038545 ] ] } },
{ "type": "Feature", "properties": { "JOURNEY_LINK_ID": 72, "SITE_ID": 501, "SEGMENT_ID": 14, "SEGMENT_LENGTH": 29.999999999995588, "LENGTH_PROPORTION": 0.0045026822812664173, "DIST_TO_SENSOR": 256.81253189156183, "MIDPOINT_X": 358384.33951549535, "MIDPOINT_Y": 173114.29800813648, "SENSOR_X": 358640.0, "SENSOR_Y": 173090.0 }, "geometry": { "type": "LineString", "coordinates": [ [ 358399.147558730328456, 173116.690048176038545 ], [ 358369.531472260365263, 173111.905968096922152 ] ] } },
{ "type": "Feature", "properties": { "JOURNEY_LINK_ID": 72, "SITE_ID": 501, "SEGMENT_ID": 15, "SEGMENT_LENGTH": 29.054739372997464, "LENGTH_PROPORTION": 0.0043608086720542888, "DIST_TO_SENSOR": 285.48287236773848, "MIDPOINT_X": 358355.19001103315, "MIDPOINT_Y": 173109.58929809963, "SENSOR_X": 358640.0, "SENSOR_Y": 173090.0 }, "geometry": { "type": "LineString", "coordinates": [ [ 358369.531472260365263, 173111.905968096922152 ], [ 358340.848549805930816, 173107.272628102306044 ] ] } },
{ "type": "Feature", "properties": { "JOURNEY_LINK_ID": 72, "SITE_ID": 500, "SEGMENT_ID": 0, "SEGMENT_LENGTH": 13.384969209904511, "LENGTH_PROPORTION": 0.00059039735701164268, "DIST_TO_SENSOR": 259.4593393854683, "MIDPOINT_X": 359630.45920080738, "MIDPOINT_Y": 173616.70267405052, "SENSOR_X": 359522.0, "SENSOR_Y": 173381.0 }, "geometry": { "type": "LineString", "coordinates": [ [ 359636.937404524709564, 173615.02272560360143 ], [ 359623.980997090053279, 173618.382622497447301 ] ] } },
{ "type": "Feature", "properties": { "JOURNEY_LINK_ID": 72, "SITE_ID": 500, "SEGMENT_ID": 1, "SEGMENT_LENGTH": 30.000000000018265, "LENGTH_PROPORTION": 0.0013232694399665653, "DIST_TO_SENSOR": 245.93215273185049, "MIDPOINT_X": 359611.49458976724, "MIDPOINT_Y": 173610.07060516294, "SENSOR_X": 359522.0, "SENSOR_Y": 173381.0 }, "geometry": { "type": "LineString", "coordinates": [ [ 359623.980997090053279, 173618.382622497447301 ], [ 359599.008182444435079, 173601.758587828429881 ] ] } },
{ "type": "Feature", "properties": { "JOURNEY_LINK_ID": 72, "SITE_ID": 500, "SEGMENT_ID": 2, "SEGMENT_LENGTH": 29.999999999953687, "LENGTH_PROPORTION": 0.0013232694399637169, "DIST_TO_SENSOR": 222.02838732802118, "MIDPOINT_X": 359586.52177512168, "MIDPOINT_Y": 173593.44657049392, "SENSOR_X": 359522.0, "SENSOR_Y": 173381.0 }, "geometry": { "type": "LineString", "coordinates": [ [ 359599.008182444435079, 173601.758587828429881 ], [ 359574.035367798875086, 173585.134553159441566 ] ] } },
{ "type": "Feature", "properties": { "JOURNEY_LINK_ID": 72, "SITE_ID": 500, "SEGMENT_ID": 3, "SEGMENT_LENGTH": 5.4489498885119882, "LENGTH_PROPORTION": 0.00024034762891242493, "DIST_TO_SENSOR": 208.64711582592909, "MIDPOINT_X": 359571.76744087256, "MIDPOINT_Y": 173583.62482762849, "SENSOR_X": 359522.0, "SENSOR_Y": 173381.0 }, "geometry": { "type": "LineString", "coordinates": [ [ 359574.035367798875086, 173585.134553159441566 ], [ 359569.499513946240768, 173582.115102097566705 ] ] } },
{ "type": "Feature", "properties": { "JOURNEY_LINK_ID": 72, "SITE_ID": 500, "SEGMENT_ID": 4, "SEGMENT_LENGTH": 30.000000000020336, "LENGTH_PROPORTION": 0.0013232694399666568, "DIST_TO_SENSOR": 197.66305841963415, "MIDPOINT_X": 359555.92647481576, "MIDPOINT_Y": 173575.72975882073, "SENSOR_X": 359522.0, "SENSOR_Y": 173381.0 }, "geometry": { "type": "LineString", "coordinates": [ [ 359569.499513946240768, 173582.115102097566705 ], [ 359548.577830184658524, 173572.272639295901172 ], [ 359542.325717300642282, 173569.40407419973053 ] ] } },
{ "type": "Feature", "properties": { "JOURNEY_LINK_ID": 72, "SITE_ID": 500, "SEGMENT_ID": 5, "SEGMENT_LENGTH": 29.999999999971127, "LENGTH_PROPORTION": 0.0013232694399644862, "DIST_TO_SENSOR": 182.27172027725697, "MIDPOINT_X": 359528.69223490625, "MIDPOINT_Y": 173563.14882378097, "SENSOR_X": 359522.0, "SENSOR_Y": 173381.0 }, "geometry": { "type": "LineString", "coordinates": [ [ 359542.325717300642282, 173569.40407419973053 ], [ 359519.987318096274976, 173559.154874696978368 ], [ 359514.83502321416745, 173557.464283115812577 ] ] } },
{ "type": "Feature", "properties": { "JOURNEY_LINK_ID": 72, "SITE_ID": 500, "SEGMENT_ID": 6, "SEGMENT_LENGTH": 30.000000000028148, "LENGTH_PROPORTION": 0.0013232694399670014, "DIST_TO_SENSOR": 173.11767708150481, "MIDPOINT_X": 359500.58265701088, "MIDPOINT_Y": 173552.7877397761, "SENSOR_X": 359522.0, "SENSOR_Y": 173381.0 }, "geometry": { "type": "LineString", "coordinates": [ [ 359514.83502321416745, 173557.464283115812577 ], [ 359493.516264392703306, 173550.469086798548233 ], [ 359486.719655102817342, 173547.151864242536249 ] ] } },
{ "type": "Feature", "properties": { "JOURNEY_LINK_ID": 72, "SITE_ID": 500, "SEGMENT_ID": 7, "SEGMENT_LENGTH": 27.363605703356988, "LENGTH_PROPORTION": 0.0012069807731508357, "DIST_TO_SENSOR": 167.06806868579082, "MIDPOINT_X": 359474.42416824057, "MIDPOINT_Y": 173541.15080332861, "SENSOR_X": 359522.0, "SENSOR_Y": 173381.0 }, "geometry": { "type": "LineString", "coordinates": [ [ 359486.719655102817342, 173547.151864242536249 ], [ 359462.128681378322653, 173535.149742414709181 ] ] } },
{ "type": "Feature", "properties": { "JOURNEY_LINK_ID": 72, "SITE_ID": 500, "SEGMENT_ID": 8, "SEGMENT_LENGTH": 29.999999999990521, "LENGTH_PROPORTION": 0.0013232694399653417, "DIST_TO_SENSOR": 168.09521290795013, "MIDPOINT_X": 359447.53087126615, "MIDPOINT_Y": 173531.69953373581, "SENSOR_X": 359522.0, "SENSOR_Y": 173381.0 }, "geometry": { "type": "LineString", "coordinates": [ [ 359462.128681378322653, 173535.149742414709181 ], [ 359432.93306115391897, 173528.249325056909584 ] ] } },
{ "type": "Feature", "properties": { "JOURNEY_LINK_ID": 72, "SITE_ID": 500, "SEGMENT_ID": 9, "SEGMENT_LENGTH": 29.999999999983828, "LENGTH_PROPORTION": 0.0013232694399650463, "DIST_TO_SENSOR": 177.26975502799752, "MIDPOINT_X": 359418.33525104169, "MIDPOINT_Y": 173524.79911637801, "SENSOR_X": 359522.0, "SENSOR_Y": 173381.0 }, "geometry": { "type": "LineString", "coordinates": [ [ 359432.93306115391897, 173528.249325056909584 ], [ 359403.737440929515287, 173521.34890769913909 ] ] } },
{ "type": "Feature", "properties": { "JOURNEY_LINK_ID": 72, "SITE_ID": 500, "SEGMENT_ID": 10, "SEGMENT_LENGTH": 0.79871177172461294, "LENGTH_PROPORTION": 3.5230362628802942e-05, "DIST_TO_SENSOR": 183.71213655391202, "MIDPOINT_X": 359403.34879283688, "MIDPOINT_Y": 173521.2570502896, "SENSOR_X": 359522.0, "SENSOR_Y": 173381.0 }, "geometry": { "type": "LineString", "coordinates": [ [ 359403.737440929515287, 173521.34890769913909 ], [ 359402.960144744312856, 173521.165192880027462 ] ] } },
{ "type": "Feature", "properties": { "JOURNEY_LINK_ID": 72, "SITE_ID": 500, "SEGMENT_ID": 11, "SEGMENT_LENGTH": 29.999999999983945, "LENGTH_PROPORTION": 0.0013232694399650516, "DIST_TO_SENSOR": 195.34723079624547, "MIDPOINT_X": 359388.10448628123, "MIDPOINT_Y": 173523.24110511996, "SENSOR_X": 359522.0, "SENSOR_Y": 173381.0 }, "geometry": { "type": "LineString", "coordinates": [ [ 359402.960144744312856, 173521.165192880027462 ], [ 359373.248827818140853, 173525.317017359891906 ] ] } },
{ "type": "Feature", "properties": { "JOURNEY_LINK_ID": 72, "SITE_ID": 500, "SEGMENT_ID": 12, "SEGMENT_LENGTH": 30.000000000041592, "LENGTH_PROPORTION": 0.0013232694399675942, "DIST_TO_SENSOR": 219.54062236980624, "MIDPOINT_X": 359358.393169355, "MIDPOINT_Y": 173527.39292959982, "SENSOR_X": 359522.0, "SENSOR_Y": 173381.0 }, "geometry": { "type": "LineString", "coordinates": [ [ 359373.248827818140853, 173525.317017359891906 ], [ 359343.537510891910642, 173529.468841839756351 ] ] } },
{ "type": "Feature", "properties": { "JOURNEY_LINK_ID": 72, "SITE_ID": 500, "SEGMENT_ID": 13, "SEGMENT_LENGTH": 29.999999999983945, "LENGTH_PROPORTION": 0.0013232694399650516, "DIST_TO_SENSOR": 245.02169120562499, "MIDPOINT_X": 359328.68185242882, "MIDPOINT_Y": 173531.54475407969, "SENSOR_X": 359522.0, "SENSOR_Y": 173381.0 }, "geometry": { "type": "LineString", "coordinates": [ [ 359343.537510891910642, 173529.468841839756351 ], [ 359313.826193965738639, 173533.620666319620796 ] ] } },
{ "type": "Feature", "properties": { "JOURNEY_LINK_ID": 72, "SITE_ID": 500, "SEGMENT_ID": 14, "SEGMENT_LENGTH": 29.999999999988653, "LENGTH_PROPORTION": 0.0013232694399652593, "DIST_TO_SENSOR": 271.30308418058604, "MIDPOINT_X": 359298.94730163924, "MIDPOINT_Y": 173535.44370249345, "SENSOR_X": 359522.0, "SENSOR_Y": 173381.0 }, "geometry": { "type": "LineString", "coordinates": [ [ 359313.826193965738639, 173533.620666319620796 ], [ 359301.634647670318373, 173535.324298658873886 ], [ 359283.962086191459093, 173536.109523777937284 ] ] } },
{ "type": "Feature", "properties": { "JOURNEY_LINK_ID": 72, "SITE_ID": 500, "SEGMENT_ID": 15, "SEGMENT_LENGTH": 17.874750738468563, "LENGTH_PROPORTION": 0.0007884370466406949, "DIST_TO_SENSOR": 291.84693248339829, "MIDPOINT_X": 359275.0335198284, "MIDPOINT_Y": 173536.50623676117, "SENSOR_X": 359522.0, "SENSOR_Y": 173381.0 }, "geometry": { "type": "LineString", "coordinates": [ [ 359283.962086191459093, 173536.109523777937284 ], [ 359266.104953465342987, 173536.902949744398938 ] ] } },
{ "type": "Feature", "properties": { "JOURNEY_LINK_ID": 72, "SITE_ID": 672, "SEGMENT_ID": 0, "SEGMENT_LENGTH": 16.613956239660357, "LENGTH_PROPORTION": 0.003319326047267247, "DIST_TO_SENSOR": 293.36226832106053, "MIDPOINT_X": 359021.32115747093, "MIDPOINT_Y": 173524.91111539197, "SENSOR_X": 358728.0, "SENSOR_Y": 173520.0 }, "geometry": { "type": "LineString", "coordinates": [ [ 359027.998504837509245, 173519.96956526779104 ], [ 359014.64381010440411, 173529.852665516140405 ] ] } },
{ "type": "Feature", "properties": { "JOURNEY_LINK_ID": 72, "SITE_ID": 672, "SEGMENT_ID": 1, "SEGMENT_LENGTH": 9.573169044114417, "LENGTH_PROPORTION": 0.0019126371169297777, "DIST_TO_SENSOR": 285.00213369677891, "MIDPOINT_X": 359012.64799692255, "MIDPOINT_Y": 173534.20331157505, "SENSOR_X": 358728.0, "SENSOR_Y": 173520.0 }, "geometry": { "type": "LineString", "coordinates": [ [ 359014.64381010440411, 173529.852665516140405 ], [ 359012.595428239263128, 173534.317905334115494 ], [ 359011.241963928157929, 173538.77755471796263 ] ] } },
{ "type": "Feature", "properties": { "JOURNEY_LINK_ID": 72, "SITE_ID": 672, "SEGMENT_ID": 2, "SEGMENT_LENGTH": 30.000000000001581, "LENGTH_PROPORTION": 0.0059937428497800344, "DIST_TO_SENSOR": 275.36301240798116, "MIDPOINT_X": 359001.68644130998, "MIDPOINT_Y": 173550.34007985282, "SENSOR_X": 358728.0, "SENSOR_Y": 173520.0 }, "geometry": { "type": "LineString", "coordinates": [ [ 359011.241963928157929, 173538.77755471796263 ], [ 358992.1309186918661, 173561.902604987670202 ] ] } },
{ "type": "Feature", "properties": { "JOURNEY_LINK_ID": 72, "SITE_ID": 672, "SEGMENT_ID": 3, "SEGMENT_LENGTH": 12.123476948446385, "LENGTH_PROPORTION": 0.0024221667758073254, "DIST_TO_SENSOR": 264.4038576709649, "MIDPOINT_X": 358988.26938008552, "MIDPOINT_Y": 173566.57520521895, "SENSOR_X": 358728.0, "SENSOR_Y": 173520.0 }, "geometry": { "type": "LineString", "coordinates": [ [ 358992.1309186918661, 173561.902604987670202 ], [ 358984.407841479114722, 173571.247805450228043 ] ] } },
{ "type": "Feature", "properties": { "JOURNEY_LINK_ID": 72, "SITE_ID": 672, "SEGMENT_ID": 4, "SEGMENT_LENGTH": 29.999999999999432, "LENGTH_PROPORTION": 0.005993742849779605, "DIST_TO_SENSOR": 247.48510756026323, "MIDPOINT_X": 358969.60083006002, "MIDPOINT_Y": 173573.64622426996, "SENSOR_X": 358728.0, "SENSOR_Y": 173520.0 }, "geometry": { "type": "LineString", "coordinates": [ [ 358984.407841479114722, 173571.247805450228043 ], [ 358954.793818640930112, 173576.044643089699093 ] ] } },
{ "type": "Feature", "properties": { "JOURNEY_LINK_ID": 72, "SITE_ID": 672, "SEGMENT_ID": 5, "SEGMENT_LENGTH": 29.999999999999432, "LENGTH_PROPORTION": 0.005993742849779605, "DIST_TO_SENSOR": 219.89542496709348, "MIDPOINT_X": 358939.98680722184, "MIDPOINT_Y": 173578.44306190943, "SENSOR_X": 358728.0, "SENSOR_Y": 173520.0 }, "geometry": { "type": "LineString", "coordinates": [ [ 358954.793818640930112, 173576.044643089699093 ], [ 358925.179795802745502, 173580.841480729170144 ] ] } },
{ "type": "Feature", "properties": { "JOURNEY_LINK_ID": 72, "SITE_ID": 672, "SEGMENT_ID": 6, "SEGMENT_LENGTH": 30.000000000008676, "LENGTH_PROPORTION": 0.0059937428497814525, "DIST_TO_SENSOR": 193.02620904634205, "MIDPOINT_X": 358910.37278438365, "MIDPOINT_Y": 173583.23989954891, "SENSOR_X": 358728.0, "SENSOR_Y": 173520.0 }, "geometry": { "type": "LineString", "coordinates": [ [ 358925.179795802745502, 173580.841480729170144 ], [ 358897.674035068950616, 173585.296825047349557 ], [ 358895.546810768777505, 173585.487359994498547 ] ] } },
{ "type": "Feature", "properties": { "JOURNEY_LINK_ID": 72, "SITE_ID": 672, "SEGMENT_ID": 7, "SEGMENT_LENGTH": 29.999999999995186, "LENGTH_PROPORTION": 0.0059937428497787567, "DIST_TO_SENSOR": 166.59662354196695, "MIDPOINT_X": 358880.60662167275, "MIDPOINT_Y": 173586.82554898551, "SENSOR_X": 358728.0, "SENSOR_Y": 173520.0 }, "geometry": { "type": "LineString", "coordinates": [ [ 358895.546810768777505, 173585.487359994498547 ], [ 358865.666432576777879, 173588.163737976545235 ] ] } },
{ "type": "Feature", "properties": { "JOURNEY_LINK_ID": 72, "SITE_ID": 672, "SEGMENT_ID": 8, "SEGMENT_LENGTH": 30.000000000003507, "LENGTH_PROPORTION": 0.0059937428497804195, "DIST_TO_SENSOR": 141.42579220222274, "MIDPOINT_X": 358850.81532915181, "MIDPOINT_Y": 173590.12595543277, "SENSOR_X": 358728.0, "SENSOR_Y": 173520.0 }, "geometry": { "type": "LineString", "coordinates": [ [ 358865.666432576777879, 173588.163737976545235 ], [ 358856.711911654041614, 173588.965792170201894 ], [ 358836.097497315262444, 173593.021715442009736 ] ] } },
{ "type": "Feature", "properties": { "JOURNEY_LINK_ID": 72, "SITE_ID": 672, "SEGMENT_ID": 9, "SEGMENT_LENGTH": 3.0273076336157705, "LENGTH_PROPORTION": 0.0006048301161022695, "DIST_TO_SENSOR": 129.38747276855969, "MIDPOINT_X": 358834.61231715966, "MIDPOINT_Y": 173593.31392732137, "SENSOR_X": 358728.0, "SENSOR_Y": 173520.0 }, "geometry": { "type": "LineString", "coordinates": [ [ 358836.097497315262444, 173593.021715442009736 ], [ 358833.127137003990356, 173593.606139200739563 ] ] } },
{ "type": "Feature", "properties": { "JOURNEY_LINK_ID": 72, "SITE_ID": 672, "SEGMENT_ID": 10, "SEGMENT_LENGTH": 24.944224445769496, "LENGTH_PROPORTION": 0.0049836422305043794, "DIST_TO_SENSOR": 116.91619039366763, "MIDPOINT_X": 358820.94668993569, "MIDPOINT_Y": 173590.92466712059, "SENSOR_X": 358728.0, "SENSOR_Y": 173520.0 }, "geometry": { "type": "LineString", "coordinates": [ [ 358833.127137003990356, 173593.606139200739563 ], [ 358808.766242867393885, 173588.243195040442515 ] ] } },
{ "type": "Feature", "properties": { "JOURNEY_LINK_ID": 72, "SITE_ID": 672, "SEGMENT_ID": 11, "SEGMENT_LENGTH": 30.00000000002272, "LENGTH_PROPORTION": 0.0059937428497842575, "DIST_TO_SENSOR": 90.786187120309279, "MIDPOINT_X": 358798.0664925077, "MIDPOINT_Y": 173577.73056728902, "SENSOR_X": 358728.0, "SENSOR_Y": 173520.0 }, "geometry": { "type": "LineString", "coordinates": [ [ 358808.766242867393885, 173588.243195040442515 ], [ 358787.366742147947662, 173567.217939537600614 ] ] } },
{ "type": "Feature", "properties": { "JOURNEY_LINK_ID": 72, "SITE_ID": 672, "SEGMENT_ID": 12, "SEGMENT_LENGTH": 29.999999999981195, "LENGTH_PROPORTION": 0.0059937428497759621, "DIST_TO_SENSOR": 60.9570012635022, "MIDPOINT_X": 358776.66699178825, "MIDPOINT_Y": 173556.70531178618, "SENSOR_X": 358728.0, "SENSOR_Y": 173520.0 }, "geometry": { "type": "LineString", "coordinates": [ [ 358787.366742147947662, 173567.217939537600614 ], [ 358765.967241428559646, 173546.192684034758713 ] ] } },
{ "type": "Feature", "properties": { "JOURNEY_LINK_ID": 72, "SITE_ID": 672, "SEGMENT_ID": 13, "SEGMENT_LENGTH": 30.00000000002272, "LENGTH_PROPORTION": 0.0059937428497842575, "DIST_TO_SENSOR": 31.454415178733385, "MIDPOINT_X": 358755.26749106881, "MIDPOINT_Y": 173535.68005628334, "SENSOR_X": 358728.0, "SENSOR_Y": 173520.0 }, "geometry": { "type": "LineString", "coordinates": [ [ 358765.967241428559646, 173546.192684034758713 ], [ 358744.567740709113423, 173525.167428531916812 ] ] } },
{ "type": "Feature", "properties": { "JOURNEY_LINK_ID": 72, "SITE_ID": 672, "SEGMENT_ID": 14, "SEGMENT_LENGTH": 29.999999999967404, "LENGTH_PROPORTION": 0.0059937428497732065, "DIST_TO_SENSOR": 7.9375352243040185, "MIDPOINT_X": 358733.86799034942, "MIDPOINT_Y": 173514.6548007805, "SENSOR_X": 358728.0, "SENSOR_Y": 173520.0 }, "geometry": { "type": "LineString", "coordinates": [ [ 358744.567740709113423, 173525.167428531916812 ], [ 358732.42451133026043, 173513.236566047417 ], [ 358725.413628556707408, 173505.508472328539938 ], [ 358723.894920971302781, 173503.4699916189129 ] ] } },
{ "type": "Feature", "properties": { "JOURNEY_LINK_ID": 72, "SITE_ID": 672, "SEGMENT_ID": 15, "SEGMENT_LENGTH": 29.999999999999353, "LENGTH_PROPORTION": 0.0059937428497795894, "DIST_TO_SENSOR": 31.406018249031707, "MIDPOINT_X": 358714.93330973189, "MIDPOINT_Y": 173491.44129576301, "SENSOR_X": 358728.0, "SENSOR_Y": 173520.0 }, "geometry": { "type": "LineString", "coordinates": [ [ 358723.894920971302781, 173503.4699916189129 ], [ 358705.971698492532596, 173479.41259990708204 ] ] } },
{ "type": "Feature", "properties": { "JOURNEY_LINK_ID": 72, "SITE_ID": 672, "SEGMENT_ID": 16, "SEGMENT_LENGTH": 30.000000000004832, "LENGTH_PROPORTION": 0.005993742849780684, "DIST_TO_SENSOR": 61.112394466812766, "MIDPOINT_X": 358697.62799934833, "MIDPOINT_Y": 173466.96919448205, "SENSOR_X": 358728.0, "SENSOR_Y": 173520.0 }, "geometry": { "type": "LineString", "coordinates": [ [ 358705.971698492532596, 173479.41259990708204 ], [ 358701.529465807194356, 173473.450026384845842 ], [ 358689.891664529335685, 173454.118158587283688 ] ] } },
{ "type": "Feature", "properties": { "JOURNEY_LINK_ID": 72, "SITE_ID": 672, "SEGMENT_ID": 17, "SEGMENT_LENGTH": 30.000000000011145, "LENGTH_PROPORTION": 0.0059937428497819452, "DIST_TO_SENSOR": 91.107627359556076, "MIDPOINT_X": 358682.15532971034, "MIDPOINT_Y": 173441.26712269249, "SENSOR_X": 358728.0, "SENSOR_Y": 173520.0 }, "geometry": { "type": "LineString", "coordinates": [ [ 358689.891664529335685, 173454.118158587283688 ], [ 358674.418994891399052, 173428.41608679771889 ] ] } },
{ "type": "Feature", "properties": { "JOURNEY_LINK_ID": 72, "SITE_ID": 672, "SEGMENT_ID": 18, "SEGMENT_LENGTH": 30.000000000011145, "LENGTH_PROPORTION": 0.0059937428497819452, "DIST_TO_SENSOR": 121.10522188862343, "MIDPOINT_X": 358666.68266007246, "MIDPOINT_Y": 173415.56505090295, "SENSOR_X": 358728.0, "SENSOR_Y": 173520.0 }, "geometry": { "type": "LineString", "coordinates": [ [ 358674.418994891399052, 173428.41608679771889 ], [ 358658.946325253462419, 173402.714015008154092 ] ] } },
{ "type": "Feature", "properties": { "JOURNEY_LINK_ID": 72, "SITE_ID": 672, "SEGMENT_ID": 19, "SEGMENT_LENGTH": 29.99999999999272, "LENGTH_PROPORTION": 0.0059937428497782641, "DIST_TO_SENSOR": 151.10275168249456, "MIDPOINT_X": 358651.16865219682, "MIDPOINT_Y": 173389.88856483472, "SENSOR_X": 358728.0, "SENSOR_Y": 173520.0 }, "geometry": { "type": "LineString", "coordinates": [ [ 358658.946325253462419, 173402.714015008154092 ], [ 358652.226191827678122, 173391.55101884866599 ], [ 358643.117609633947723, 173377.232312875654316 ] ] } },
{ "type": "Feature", "properties": { "JOURNEY_LINK_ID": 72, "SITE_ID": 672, "SEGMENT_ID": 20, "SEGMENT_LENGTH": 29.999999999976335, "LENGTH_PROPORTION": 0.0059937428497749906, "DIST_TO_SENSOR": 181.08899413312955, "MIDPOINT_X": 358635.06656707113, "MIDPOINT_Y": 173364.57606091659, "SENSOR_X": 358728.0, "SENSOR_Y": 173520.0 }, "geometry": { "type": "LineString", "coordinates": [ [ 358643.117609633947723, 173377.232312875654316 ], [ 358627.015524508315139, 173351.919808957522037 ] ] } },
{ "type": "Feature", "properties": { "JOURNEY_LINK_ID": 72, "SITE_ID": 672, "SEGMENT_ID": 21, "SEGMENT_LENGTH": 30.000000000007578, "LENGTH_PROPORTION": 0.005993742849781233, "DIST_TO_SENSOR": 211.07914635573039, "MIDPOINT_X": 358618.9644819455, "MIDPOINT_Y": 173339.26355699846, "SENSOR_X": 358728.0, "SENSOR_Y": 173520.0 }, "geometry": { "type": "LineString", "coordinates": [ [ 358627.015524508315139, 173351.919808957522037 ], [ 358610.913439382624347, 173326.607305039389757 ] ] } },
{ "type": "Feature", "properties": { "JOURNEY_LINK_ID": 72, "SITE_ID": 672, "SEGMENT_ID": 22, "SEGMENT_LENGTH": 30.000000000007578, "LENGTH_PROPORTION": 0.005993742849781233, "DIST_TO_SENSOR": 241.07174918767518, "MIDPOINT_X": 358602.86239681975, "MIDPOINT_Y": 173313.95105308032, "SENSOR_X": 358728.0, "SENSOR_Y": 173520.0 }, "geometry": { "type": "LineString", "coordinates": [ [ 358610.913439382624347, 173326.607305039389757 ], [ 358594.811354256933555, 173301.294801121257478 ] ] } },
{ "type": "Feature", "properties": { "JOURNEY_LINK_ID": 72, "SITE_ID": 672, "SEGMENT_ID": 23, "SEGMENT_LENGTH": 30.000000000007578, "LENGTH_PROPORTION": 0.005993742849781233, "DIST_TO_SENSOR": 271.0659891733352, "MIDPOINT_X": 358586.76031169412, "MIDPOINT_Y": 173288.63854916219, "SENSOR_X": 358728.0, "SENSOR_Y": 173520.0 }, "geometry": { "type": "LineString", "coordinates": [ [ 358594.811354256933555, 173301.294801121257478 ], [ 358578.709269131242763, 173275.982297203125199 ] ] } },
{ "type": "Feature", "properties": { "JOURNEY_LINK_ID": 72, "SITE_ID": 672, "SEGMENT_ID": 24, "SEGMENT_LENGTH": 13.606084538845129, "LENGTH_PROPORTION": 0.0027183790639400459, "DIST_TO_SENSOR": 292.86044263460758, "MIDPOINT_X": 358574.91735826834, "MIDPOINT_Y": 173270.33433624025, "SENSOR_X": 358728.0, "SENSOR_Y": 173520.0 }, "geometry": { "type": "LineString", "coordinates": [ [ 358578.709269131242763, 173275.982297203125199 ], [ 358578.3235035847174, 173275.375873138662428 ], [ 358571.108853810641449, 173264.697255620383658 ] ] } },
{ "type": "Feature", "properties": { "JOURNEY_LINK_ID": 74, "SITE_ID": 501, "SEGMENT_ID": 0, "SEGMENT_LENGTH": 30.000000000027093, "LENGTH_PROPORTION": 0.0045026822812711462, "DIST_TO_SENSOR": 285.20438912871566, "MIDPOINT_X": 358834.1226860974, "MIDPOINT_Y": 173298.94479251854, "SENSOR_X": 358640.0, "SENSOR_Y": 173090.0 }, "geometry": { "type": "LineString", "coordinates": [ [ 358846.796916044841055, 173306.96750373361283 ], [ 358821.448456150013953, 173290.922081303462619 ] ] } },
{ "type": "Feature", "properties": { "JOURNEY_LINK_ID": 74, "SITE_ID": 501, "SEGMENT_ID": 1, "SEGMENT_LENGTH": 29.999999999979522, "LENGTH_PROPORTION": 0.004502682281264006, "DIST_TO_SENSOR": 256.31017617487026, "MIDPOINT_X": 358808.77422620263, "MIDPOINT_Y": 173282.89937008839, "SENSOR_X": 358640.0, "SENSOR_Y": 173090.0 }, "geometry": { "type": "LineString", "coordinates": [ [ 358821.448456150013953, 173290.922081303462619 ], [ 358802.782707620761357, 173279.106774915242568 ], [ 358795.632448266551364, 173275.726493256777758 ] ] } },
{ "type": "Feature", "properties": { "JOURNEY_LINK_ID": 74, "SITE_ID": 501, "SEGMENT_ID": 2, "SEGMENT_LENGTH": 30.000000000015071, "LENGTH_PROPORTION": 0.0045026822812693412, "DIST_TO_SENSOR": 228.77581387227181, "MIDPOINT_X": 358782.07148082659, "MIDPOINT_Y": 173269.31555244501, "SENSOR_X": 358640.0, "SENSOR_Y": 173090.0 }, "geometry": { "type": "LineString", "coordinates": [ [ 358795.632448266551364, 173275.726493256777758 ], [ 358768.510513386572711, 173262.904611633275636 ] ] } },
{ "type": "Feature", "properties": { "JOURNEY_LINK_ID": 74, "SITE_ID": 501, "SEGMENT_ID": 3, "SEGMENT_LENGTH": 29.999999999998668, "LENGTH_PROPORTION": 0.0045026822812668796, "DIST_TO_SENSOR": 202.30937915849094, "MIDPOINT_X": 358754.95903082122, "MIDPOINT_Y": 173256.47374005572, "SENSOR_X": 358640.0, "SENSOR_Y": 173090.0 }, "geometry": { "type": "LineString", "coordinates": [ [ 358768.510513386572711, 173262.904611633275636 ], [ 358758.839991867542267, 173258.332877252832986 ], [ 358741.431124906404875, 173249.993326368305134 ] ] } },
{ "type": "Feature", "properties": { "JOURNEY_LINK_ID": 74, "SITE_ID": 501, "SEGMENT_ID": 4, "SEGMENT_LENGTH": 28.588403875122253, "LENGTH_PROPORTION": 0.0042908166526073365, "DIST_TO_SENSOR": 177.27047745068208, "MIDPOINT_X": 358728.72031148191, "MIDPOINT_Y": 173243.47158859589, "SENSOR_X": 358640.0, "SENSOR_Y": 173090.0 }, "geometry": { "type": "LineString", "coordinates": [ [ 358741.431124906404875, 173249.993326368305134 ], [ 358733.728527742379811, 173246.303471012623049 ], [ 358716.277536142501049, 173236.435854740440845 ] ] } },
{ "type": "Feature", "properties": { "JOURNEY_LINK_ID": 74, "SITE_ID": 501, "SEGMENT_ID": 5, "SEGMENT_LENGTH": 30.00000000000497, "LENGTH_PROPORTION": 0.0045026822812678259, "DIST_TO_SENSOR": 150.23188600659077, "MIDPOINT_X": 358707.79239557649, "MIDPOINT_Y": 173224.0664412711, "SENSOR_X": 358640.0, "SENSOR_Y": 173090.0 }, "geometry": { "type": "LineString", "coordinates": [ [ 358716.277536142501049, 173236.435854740440845 ], [ 358699.307255010469817, 173211.697027801797958 ] ] } },
{ "type": "Feature", "properties": { "JOURNEY_LINK_ID": 74, "SITE_ID": 501, "SEGMENT_ID": 6, "SEGMENT_LENGTH": 20.965629901611596, "LENGTH_PROPORTION": 0.00314671900911966, "DIST_TO_SENSOR": 125.02014639756025, "MIDPOINT_X": 358693.37737778481, "MIDPOINT_Y": 173203.05260963854, "SENSOR_X": 358640.0, "SENSOR_Y": 173090.0 }, "geometry": { "type": "LineString", "coordinates": [ [ 358699.307255010469817, 173211.697027801797958 ], [ 358687.447500559152104, 173194.408191475260537 ] ] } },
{ "type": "Feature", "properties": { "JOURNEY_LINK_ID": 74, "SITE_ID": 501, "SEGMENT_ID": 7, "SEGMENT_LENGTH": 29.999999999982087, "LENGTH_PROPORTION": 0.0045026822812643912, "DIST_TO_SENSOR": 99.988138043588151, "MIDPOINT_X": 358683.90726670006, "MIDPOINT_Y": 173179.83195244652, "SENSOR_X": 358640.0, "SENSOR_Y": 173090.0 }, "geometry": { "type": "LineString", "coordinates": [ [ 358687.447500559152104, 173194.408191475260537 ], [ 358683.13404917268781, 173176.648376460128929 ], [ 358680.516482715436723, 173165.220450295775663 ] ] } },
{ "type": "Feature", "properties": { "JOURNEY_LINK_ID": 74, "SITE_ID": 501, "SEGMENT_ID": 8, "SEGMENT_LENGTH": 7.636497637890411, "LENGTH_PROPORTION": 0.0011461574201689021, "DIST_TO_SENSOR": 81.763560090211712, "MIDPOINT_X": 358679.66398953658, "MIDPOINT_Y": 173161.49858524941, "SENSOR_X": 358640.0, "SENSOR_Y": 173090.0 }, "geometry": { "type": "LineString", "coordinates": [ [ 358680.516482715436723, 173165.220450295775663 ], [ 358678.811496357666329, 173157.776720203051809 ] ] } },
{ "type": "Feature", "properties": { "JOURNEY_LINK_ID": 74, "SITE_ID": 501, "SEGMENT_ID": 9, "SEGMENT_LENGTH": 29.999999999991733, "LENGTH_PROPORTION": 0.0045026822812658388, "DIST_TO_SENSOR": 63.30040453742852, "MIDPOINT_X": 358673.33364034281, "MIDPOINT_Y": 173143.81272745455, "SENSOR_X": 358640.0, "SENSOR_Y": 173090.0 }, "geometry": { "type": "LineString", "coordinates": [ [ 358678.811496357666329, 173157.776720203051809 ], [ 358667.855784327897709, 173129.848734706058167 ] ] } },
{ "type": "Feature", "properties": { "JOURNEY_LINK_ID": 74, "SITE_ID": 501, "SEGMENT_ID": 10, "SEGMENT_LENGTH": 29.999999999991733, "LENGTH_PROPORTION": 0.0045026822812658388, "DIST_TO_SENSOR": 34.216831264607201, "MIDPOINT_X": 358662.37792831298, "MIDPOINT_Y": 173115.88474195756, "SENSOR_X": 358640.0, "SENSOR_Y": 173090.0 }, "geometry": { "type": "LineString", "coordinates": [ [ 358667.855784327897709, 173129.848734706058167 ], [ 358656.900072298129089, 173101.920749209064525 ] ] } },
{ "type": "Feature", "properties": { "JOURNEY_LINK_ID": 74, "SITE_ID": 501, "SEGMENT_ID": 11, "SEGMENT_LENGTH": 13.83467550569276, "LENGTH_PROPORTION": 0.0020764382755520819, "DIST_TO_SENSOR": 15.383530977339769, "MIDPOINT_X": 358654.37392695039, "MIDPOINT_Y": 173095.48117226109, "SENSOR_X": 358640.0, "SENSOR_Y": 173090.0 }, "geometry": { "type": "LineString", "coordinates": [ [ 358656.900072298129089, 173101.920749209064525 ], [ 358651.847781602584291, 173089.041595313115977 ] ] } },
{ "type": "Feature", "properties": { "JOURNEY_LINK_ID": 74, "SITE_ID": 501, "SEGMENT_ID": 12, "SEGMENT_LENGTH": 29.999999999988507, "LENGTH_PROPORTION": 0.0045026822812653548, "DIST_TO_SENSOR": 14.311151947722756, "MIDPOINT_X": 358643.99899848696, "MIDPOINT_Y": 173076.25892721902, "SENSOR_X": 358640.0, "SENSOR_Y": 173090.0 }, "geometry": { "type": "LineString", "coordinates": [ [ 358651.847781602584291, 173089.041595313115977 ], [ 358636.150215371337254, 173063.476259124930948 ] ] } },
{ "type": "Feature", "properties": { "JOURNEY_LINK_ID": 74, "SITE_ID": 501, "SEGMENT_ID": 13, "SEGMENT_LENGTH": 30.000000000018964, "LENGTH_PROPORTION": 0.0045026822812699258, "DIST_TO_SENSOR": 41.010367875940858, "MIDPOINT_X": 358628.30143225566, "MIDPOINT_Y": 173050.69359103084, "SENSOR_X": 358640.0, "SENSOR_Y": 173090.0 }, "geometry": { "type": "LineString", "coordinates": [ [ 358636.150215371337254, 173063.476259124930948 ], [ 358620.452649140032008, 173037.910922936745919 ] ] } },
{ "type": "Feature", "properties": { "JOURNEY_LINK_ID": 74, "SITE_ID": 501, "SEGMENT_ID": 14, "SEGMENT_LENGTH": 29.999999999985018, "LENGTH_PROPORTION": 0.0045026822812648309, "DIST_TO_SENSOR": 70.426743519949071, "MIDPOINT_X": 358612.65702396183, "MIDPOINT_Y": 173025.09785932497, "SENSOR_X": 358640.0, "SENSOR_Y": 173090.0 }, "geometry": { "type": "LineString", "coordinates": [ [ 358620.452649140032008, 173037.910922936745919 ], [ 358613.116778706782497, 173025.9635935802944 ], [ 358605.621683632954955, 173011.850067567225778 ] ] } },
{ "type": "Feature", "properties": { "JOURNEY_LINK_ID": 74, "SITE_ID": 501, "SEGMENT_ID": 15, "SEGMENT_LENGTH": 30.000000000007535, "LENGTH_PROPORTION": 0.004502682281268211, "DIST_TO_SENSOR": 100.34024465671844, "MIDPOINT_X": 358598.55437927146, "MIDPOINT_Y": 172998.61933891574, "SENSOR_X": 358640.0, "SENSOR_Y": 173090.0 }, "geometry": { "type": "LineString", "coordinates": [ [ 358605.621683632954955, 173011.850067567225778 ], [ 358602.531370288226753, 173006.03089951799484 ], [ 358591.462036075710785, 172985.401976546709193 ] ] } },
{ "type": "Feature", "properties": { "JOURNEY_LINK_ID": 74, "SITE_ID": 501, "SEGMENT_ID": 16, "SEGMENT_LENGTH": 24.342266884327099, "LENGTH_PROPORTION": 0.0036535164595311344, "DIST_TO_SENSOR": 127.46383937287644, "MIDPOINT_X": 358585.70724571217, "MIDPOINT_Y": 172974.67729113693, "SENSOR_X": 358640.0, "SENSOR_Y": 173090.0 }, "geometry": { "type": "LineString", "coordinates": [ [ 358591.462036075710785, 172985.401976546709193 ], [ 358579.952455348684452, 172963.952605727128685 ] ] } },
{ "type": "Feature", "properties": { "JOURNEY_LINK_ID": 74, "SITE_ID": 501, "SEGMENT_ID": 17, "SEGMENT_LENGTH": 29.999999999997257, "LENGTH_PROPORTION": 0.004502682281266668, "DIST_TO_SENSOR": 154.24941223417557, "MIDPOINT_X": 358576.82019833731, "MIDPOINT_Y": 172949.28328515613, "SENSOR_X": 358640.0, "SENSOR_Y": 173090.0 }, "geometry": { "type": "LineString", "coordinates": [ [ 358579.952455348684452, 172963.952605727128685 ], [ 358573.687941326003056, 172934.613964585121721 ] ] } },
{ "type": "Feature", "properties": { "JOURNEY_LINK_ID": 74, "SITE_ID": 501, "SEGMENT_ID": 18, "SEGMENT_LENGTH": 29.999999999997257, "LENGTH_PROPORTION": 0.004502682281266668, "DIST_TO_SENSOR": 183.68815171503513, "MIDPOINT_X": 358570.55568431469, "MIDPOINT_Y": 172919.94464401412, "SENSOR_X": 358640.0, "SENSOR_Y": 173090.0 }, "geometry": { "type": "LineString", "coordinates": [ [ 358573.687941326003056, 172934.613964585121721 ], [ 358567.42342730332166, 172905.275323443114758 ] ] } },
{ "type": "Feature", "properties": { "JOURNEY_LINK_ID": 74, "SITE_ID": 501, "SEGMENT_ID": 19, "SEGMENT_LENGTH": 29.99999999999303, "LENGTH_PROPORTION": 0.0045026822812660331, "DIST_TO_SENSOR": 213.27943135898815, "MIDPOINT_X": 358564.31566667714, "MIDPOINT_Y": 172890.60090890306, "SENSOR_X": 358640.0, "SENSOR_Y": 173090.0 }, "geometry": { "type": "LineString", "coordinates": [ [ 358567.42342730332166, 172905.275323443114758 ], [ 358564.780428980477154, 172892.89735141658457 ], [ 358561.340236669639125, 172875.898976503871381 ] ] } },
{ "type": "Feature", "properties": { "JOURNEY_LINK_ID": 74, "SITE_ID": 501, "SEGMENT_ID": 20, "SEGMENT_LENGTH": 30.000000000013372, "LENGTH_PROPORTION": 0.0045026822812690871, "DIST_TO_SENSOR": 242.93023158460954, "MIDPOINT_X": 358558.36480666208, "MIDPOINT_Y": 172861.19704410469, "SENSOR_X": 358640.0, "SENSOR_Y": 173090.0 }, "geometry": { "type": "LineString", "coordinates": [ [ 358561.340236669639125, 172875.898976503871381 ], [ 358558.26369944732869, 172860.697462050127797 ], [ 358556.276100342918653, 172846.344137117237551 ] ] } },
{ "type": "Feature", "properties": { "JOURNEY_LINK_ID": 74, "SITE_ID": 501, "SEGMENT_ID": 21, "SEGMENT_LENGTH": 30.00000000001253, "LENGTH_PROPORTION": 0.0045026822812689604, "DIST_TO_SENSOR": 272.41450028765001, "MIDPOINT_X": 358553.88562865771, "MIDPOINT_Y": 172831.55469627929, "SENSOR_X": 358640.0, "SENSOR_Y": 173090.0 }, "geometry": { "type": "LineString", "coordinates": [ [ 358556.276100342918653, 172846.344137117237551 ], [ 358554.571617677866016, 172834.035320173366927 ], [ 358549.887601171736605, 172817.097318362735678 ] ] } },
{ "type": "Feature", "properties": { "JOURNEY_LINK_ID": 74, "SITE_ID": 501, "SEGMENT_ID": 22, "SEGMENT_LENGTH": 12.397742123265308, "LENGTH_PROPORTION": 0.0018607697928715069, "DIST_TO_SENSOR": 293.58695241950142, "MIDPOINT_X": 358548.23538404598, "MIDPOINT_Y": 172811.12269025648, "SENSOR_X": 358640.0, "SENSOR_Y": 173090.0 }, "geometry": { "type": "LineString", "coordinates": [ [ 358549.887601171736605, 172817.097318362735678 ], [ 358548.12741468870081, 172810.732259273412637 ], [ 358546.899836212454829, 172805.07001503938227 ] ] } },
{ "type": "Feature", "properties": { "JOURNEY_LINK_ID": 74, "SITE_ID": 500, "SEGMENT_ID": 0, "SEGMENT_LENGTH": 14.078526287705522, "LENGTH_PROPORTION": 0.00062098945320917707, "DIST_TO_SENSOR": 265.06989871165104, "MIDPOINT_X": 359628.61015341798, "MIDPOINT_Y": 173623.68565345154, "SENSOR_X": 359522.0, "SENSOR_Y": 173381.0 }, "geometry": { "type": "LineString", "coordinates": [ [ 359633.239309745898936, 173628.98868440563092 ], [ 359623.980997090053279, 173618.382622497447301 ] ] } },
{ "type": "Feature", "properties": { "JOURNEY_LINK_ID": 74, "SITE_ID": 500, "SEGMENT_ID": 1, "SEGMENT_LENGTH": 30.000000000018265, "LENGTH_PROPORTION": 0.0013232694399665653, "DIST_TO_SENSOR": 245.93215273185049, "MIDPOINT_X": 359611.49458976724, "MIDPOINT_Y": 173610.07060516294, "SENSOR_X": 359522.0, "SENSOR_Y": 173381.0 }, "geometry": { "type": "LineString", "coordinates": [ [ 359623.980997090053279, 173618.382622497447301 ], [ 359599.008182444435079, 173601.758587828429881 ] ] } },
{ "type": "Feature", "properties": { "JOURNEY_LINK_ID": 74, "SITE_ID": 500, "SEGMENT_ID": 2, "SEGMENT_LENGTH": 29.999999999953687, "LENGTH_PROPORTION": 0.0013232694399637169, "DIST_TO_SENSOR": 222.02838732802118, "MIDPOINT_X": 359586.52177512168, "MIDPOINT_Y": 173593.44657049392, "SENSOR_X": 359522.0, "SENSOR_Y": 173381.0 }, "geometry": { "type": "LineString", "coordinates": [ [ 359599.008182444435079, 173601.758587828429881 ], [ 359574.035367798875086, 173585.134553159441566 ] ] } },
{ "type": "Feature", "properties": { "JOURNEY_LINK_ID": 74, "SITE_ID": 500, "SEGMENT_ID": 3, "SEGMENT_LENGTH": 5.4489498885119882, "LENGTH_PROPORTION": 0.00024034762891242493, "DIST_TO_SENSOR": 208.64711582592909, "MIDPOINT_X": 359571.76744087256, "MIDPOINT_Y": 173583.62482762849, "SENSOR_X": 359522.0, "SENSOR_Y": 173381.0 }, "geometry": { "type": "LineString", "coordinates": [ [ 359574.035367798875086, 173585.134553159441566 ], [ 359569.499513946240768, 173582.115102097566705 ] ] } },
{ "type": "Feature", "properties": { "JOURNEY_LINK_ID": 74, "SITE_ID": 500, "SEGMENT_ID": 4, "SEGMENT_LENGTH": 30.000000000020336, "LENGTH_PROPORTION": 0.0013232694399666568, "DIST_TO_SENSOR": 197.66305841963415, "MIDPOINT_X": 359555.92647481576, "MIDPOINT_Y": 173575.72975882073, "SENSOR_X": 359522.0, "SENSOR_Y": 173381.0 }, "geometry": { "type": "LineString", "coordinates": [ [ 359569.499513946240768, 173582.115102097566705 ], [ 359548.577830184658524, 173572.272639295901172 ], [ 359542.325717300642282, 173569.40407419973053 ] ] } },
{ "type": "Feature", "properties": { "JOURNEY_LINK_ID": 74, "SITE_ID": 500, "SEGMENT_ID": 5, "SEGMENT_LENGTH": 29.999999999971127, "LENGTH_PROPORTION": 0.0013232694399644862, "DIST_TO_SENSOR": 182.27172027725697, "MIDPOINT_X": 359528.69223490625, "MIDPOINT_Y": 173563.14882378097, "SENSOR_X": 359522.0, "SENSOR_Y": 173381.0 }, "geometry": { "type": "LineString", "coordinates": [ [ 359542.325717300642282, 173569.40407419973053 ], [ 359519.987318096274976, 173559.154874696978368 ], [ 359514.83502321416745, 173557.464283115812577 ] ] } },
{ "type": "Feature", "properties": { "JOURNEY_LINK_ID": 74, "SITE_ID": 500, "SEGMENT_ID": 6, "SEGMENT_LENGTH": 30.000000000028148, "LENGTH_PROPORTION": 0.0013232694399670014, "DIST_TO_SENSOR": 173.11767708150481, "MIDPOINT_X": 359500.58265701088, "MIDPOINT_Y": 173552.7877397761, "SENSOR_X": 359522.0, "SENSOR_Y": 173381.0 }, "geometry": { "type": "LineString", "coordinates": [ [ 359514.83502321416745, 173557.464283115812577 ], [ 359493.516264392703306, 173550.469086798548233 ], [ 359486.719655102817342, 173547.151864242536249 ] ] } },
{ "type": "Feature", "properties": { "JOURNEY_LINK_ID": 74, "SITE_ID": 500, "SEGMENT_ID": 7, "SEGMENT_LENGTH": 27.363605703356988, "LENGTH_PROPORTION": 0.0012069807731508357, "DIST_TO_SENSOR": 167.06806868579082, "MIDPOINT_X": 359474.42416824057, "MIDPOINT_Y": 173541.15080332861, "SENSOR_X": 359522.0, "SENSOR_Y": 173381.0 }, "geometry": { "type": "LineString", "coordinates": [ [ 359486.719655102817342, 173547.151864242536249 ], [ 359462.128681378322653, 173535.149742414709181 ] ] } },
{ "type": "Feature", "properties": { "JOURNEY_LINK_ID": 74, "SITE_ID": 500, "SEGMENT_ID": 8, "SEGMENT_LENGTH": 29.999999999990521, "LENGTH_PROPORTION": 0.0013232694399653417, "DIST_TO_SENSOR": 168.09521290795013, "MIDPOINT_X": 359447.53087126615, "MIDPOINT_Y": 173531.69953373581, "SENSOR_X": 359522.0, "SENSOR_Y": 173381.0 }, "geometry": { "type": "LineString", "coordinates": [ [ 359462.128681378322653, 173535.149742414709181 ], [ 359432.93306115391897, 173528.249325056909584 ] ] } },
{ "type": "Feature", "properties": { "JOURNEY_LINK_ID": 74, "SITE_ID": 500, "SEGMENT_ID": 9, "SEGMENT_LENGTH": 29.999999999983828, "LENGTH_PROPORTION": 0.0013232694399650463, "DIST_TO_SENSOR": 177.26975502799752, "MIDPOINT_X": 359418.33525104169, "MIDPOINT_Y": 173524.79911637801, "SENSOR_X": 359522.0, "SENSOR_Y": 173381.0 }, "geometry": { "type": "LineString", "coordinates": [ [ 359432.93306115391897, 173528.249325056909584 ], [ 359403.737440929515287, 173521.34890769913909 ] ] } },
{ "type": "Feature", "properties": { "JOURNEY_LINK_ID": 74, "SITE_ID": 500, "SEGMENT_ID": 10, "SEGMENT_LENGTH": 0.79871177172461294, "LENGTH_PROPORTION": 3.5230362628802942e-05, "DIST_TO_SENSOR": 183.71213655391202, "MIDPOINT_X": 359403.34879283688, "MIDPOINT_Y": 173521.2570502896, "SENSOR_X": 359522.0, "SENSOR_Y": 173381.0 }, "geometry": { "type": "LineString", "coordinates": [ [ 359403.737440929515287, 173521.34890769913909 ], [ 359402.960144744312856, 173521.165192880027462 ] ] } },
{ "type": "Feature", "properties": { "JOURNEY_LINK_ID": 74, "SITE_ID": 500, "SEGMENT_ID": 11, "SEGMENT_LENGTH": 29.999999999983945, "LENGTH_PROPORTION": 0.0013232694399650516, "DIST_TO_SENSOR": 195.34723079624547, "MIDPOINT_X": 359388.10448628123, "MIDPOINT_Y": 173523.24110511996, "SENSOR_X": 359522.0, "SENSOR_Y": 173381.0 }, "geometry": { "type": "LineString", "coordinates": [ [ 359402.960144744312856, 173521.165192880027462 ], [ 359373.248827818140853, 173525.317017359891906 ] ] } },
{ "type": "Feature", "properties": { "JOURNEY_LINK_ID": 74, "SITE_ID": 500, "SEGMENT_ID": 12, "SEGMENT_LENGTH": 30.000000000041592, "LENGTH_PROPORTION": 0.0013232694399675942, "DIST_TO_SENSOR": 219.54062236980624, "MIDPOINT_X": 359358.393169355, "MIDPOINT_Y": 173527.39292959982, "SENSOR_X": 359522.0, "SENSOR_Y": 173381.0 }, "geometry": { "type": "LineString", "coordinates": [ [ 359373.248827818140853, 173525.317017359891906 ], [ 359343.537510891910642, 173529.468841839756351 ] ] } },
{ "type": "Feature", "properties": { "JOURNEY_LINK_ID": 74, "SITE_ID": 500, "SEGMENT_ID": 13, "SEGMENT_LENGTH": 29.999999999983945, "LENGTH_PROPORTION": 0.0013232694399650516, "DIST_TO_SENSOR": 245.02169120562499, "MIDPOINT_X": 359328.68185242882, "MIDPOINT_Y": 173531.54475407969, "SENSOR_X": 359522.0, "SENSOR_Y": 173381.0 }, "geometry": { "type": "LineString", "coordinates": [ [ 359343.537510891910642, 173529.468841839756351 ], [ 359313.826193965738639, 173533.620666319620796 ] ] } },
{ "type": "Feature", "properties": { "JOURNEY_LINK_ID": 74, "SITE_ID": 500, "SEGMENT_ID": 14, "SEGMENT_LENGTH": 29.999999999988653, "LENGTH_PROPORTION": 0.0013232694399652593, "DIST_TO_SENSOR": 271.30308418058604, "MIDPOINT_X": 359298.94730163924, "MIDPOINT_Y": 173535.44370249345, "SENSOR_X": 359522.0, "SENSOR_Y": 173381.0 }, "geometry": { "type": "LineString", "coordinates": [ [ 359313.826193965738639, 173533.620666319620796 ], [ 359301.634647670318373, 173535.324298658873886 ], [ 359283.962086191459093, 173536.109523777937284 ] ] } },
{ "type": "Feature", "properties": { "JOURNEY_LINK_ID": 74, "SITE_ID": 500, "SEGMENT_ID": 15, "SEGMENT_LENGTH": 17.874750738468563, "LENGTH_PROPORTION": 0.0007884370466406949, "DIST_TO_SENSOR": 291.84693248339829, "MIDPOINT_X": 359275.0335198284, "MIDPOINT_Y": 173536.50623676117, "SENSOR_X": 359522.0, "SENSOR_Y": 173381.0 }, "geometry": { "type": "LineString", "coordinates": [ [ 359283.962086191459093, 173536.109523777937284 ], [ 359266.104953465342987, 173536.902949744398938 ] ] } },
{ "type": "Feature", "properties": { "JOURNEY_LINK_ID": 74, "SITE_ID": 672, "SEGMENT_ID": 0, "SEGMENT_LENGTH": 7.4623146441577806, "LENGTH_PROPORTION": 0.0014909065013742394, "DIST_TO_SENSOR": 296.84541079966652, "MIDPOINT_X": 359023.70817458018, "MIDPOINT_Y": 173494.04092838182, "SENSOR_X": 358728.0, "SENSOR_Y": 173520.0 }, "geometry": { "type": "LineString", "coordinates": [ [ 359026.82544269238133, 173496.091336750600021 ], [ 359020.590906467987224, 173491.990520013030618 ] ] } },
{ "type": "Feature", "properties": { "JOURNEY_LINK_ID": 74, "SITE_ID": 672, "SEGMENT_ID": 1, "SEGMENT_LENGTH": 29.99999999999141, "LENGTH_PROPORTION": 0.0059937428497780021, "DIST_TO_SENSOR": 287.03950745456126, "MIDPOINT_X": 359012.17817494838, "MIDPOINT_Y": 173479.5717459842, "SENSOR_X": 358728.0, "SENSOR_Y": 173520.0 }, "geometry": { "type": "LineString", "coordinates": [ [ 359020.590906467987224, 173491.990520013030618 ], [ 359003.765443428768776, 173467.152971955394605 ] ] } },
{ "type": "Feature", "properties": { "JOURNEY_LINK_ID": 74, "SITE_ID": 672, "SEGMENT_ID": 2, "SEGMENT_LENGTH": 29.999999999999961, "LENGTH_PROPORTION": 0.0059937428497797108, "DIST_TO_SENSOR": 275.20373813855855, "MIDPOINT_X": 358995.3527119091, "MIDPOINT_Y": 173454.73419792659, "SENSOR_X": 358728.0, "SENSOR_Y": 173520.0 }, "geometry": { "type": "LineString", "coordinates": [ [ 359003.765443428768776, 173467.152971955394605 ], [ 358986.939980389492121, 173442.315423897787696 ] ] } },
{ "type": "Feature", "properties": { "JOURNEY_LINK_ID": 74, "SITE_ID": 672, "SEGMENT_ID": 3, "SEGMENT_LENGTH": 30.000000000005535, "LENGTH_PROPORTION": 0.0059937428497808245, "DIST_TO_SENSOR": 266.23770606574476, "MIDPOINT_X": 358978.52724886988, "MIDPOINT_Y": 173429.89664986896, "SENSOR_X": 358728.0, "SENSOR_Y": 173520.0 }, "geometry": { "type": "LineString", "coordinates": [ [ 358986.939980389492121, 173442.315423897787696 ], [ 358974.883588784257881, 173424.517922265978996 ], [ 358969.819720627041534, 173417.686850951256929 ] ] } },
{ "type": "Feature", "properties": { "JOURNEY_LINK_ID": 74, "SITE_ID": 672, "SEGMENT_ID": 4, "SEGMENT_LENGTH": 8.0108387839513107, "LENGTH_PROPORTION": 0.0016004969227348743, "DIST_TO_SENSOR": 261.65933708766113, "MIDPOINT_X": 358967.43442435976, "MIDPOINT_Y": 173414.46912718704, "SENSOR_X": 358728.0, "SENSOR_Y": 173520.0 }, "geometry": { "type": "LineString", "coordinates": [ [ 358969.819720627041534, 173417.686850951256929 ], [ 358965.049128092476167, 173411.251403422793373 ] ] } },
{ "type": "Feature", "properties": { "JOURNEY_LINK_ID": 74, "SITE_ID": 672, "SEGMENT_ID": 5, "SEGMENT_LENGTH": 29.999999999984208, "LENGTH_PROPORTION": 0.005993742849776564, "DIST_TO_SENSOR": 255.49760198991049, "MIDPOINT_X": 358954.09507517621, "MIDPOINT_Y": 173401.00402694353, "SENSOR_X": 358728.0, "SENSOR_Y": 173520.0 }, "geometry": { "type": "LineString", "coordinates": [ [ 358965.049128092476167, 173411.251403422793373 ], [ 358943.141022260009777, 173390.756650464230916 ] ] } },
{ "type": "Feature", "properties": { "JOURNEY_LINK_ID": 74, "SITE_ID": 672, "SEGMENT_ID": 6, "SEGMENT_LENGTH": 30.000000000026716, "LENGTH_PROPORTION": 0.0059937428497850564, "DIST_TO_SENSOR": 247.28522215044384, "MIDPOINT_X": 358932.18696934375, "MIDPOINT_Y": 173380.50927398494, "SENSOR_X": 358728.0, "SENSOR_Y": 173520.0 }, "geometry": { "type": "LineString", "coordinates": [ [ 358943.141022260009777, 173390.756650464230916 ], [ 358921.232916427485179, 173370.261897505668458 ] ] } },
{ "type": "Feature", "properties": { "JOURNEY_LINK_ID": 74, "SITE_ID": 672, "SEGMENT_ID": 7, "SEGMENT_LENGTH": 29.999999999984208, "LENGTH_PROPORTION": 0.005993742849776564, "DIST_TO_SENSOR": 242.53028174926089, "MIDPOINT_X": 358910.27886351128, "MIDPOINT_Y": 173360.0145210264, "SENSOR_X": 358728.0, "SENSOR_Y": 173520.0 }, "geometry": { "type": "LineString", "coordinates": [ [ 358921.232916427485179, 173370.261897505668458 ], [ 358899.324810595018789, 173349.767144547106 ] ] } },
{ "type": "Feature", "properties": { "JOURNEY_LINK_ID": 74, "SITE_ID": 672, "SEGMENT_ID": 8, "SEGMENT_LENGTH": 29.999999999984208, "LENGTH_PROPORTION": 0.005993742849776564, "DIST_TO_SENSOR": 241.43714303469432, "MIDPOINT_X": 358888.37075767876, "MIDPOINT_Y": 173339.51976806781, "SENSOR_X": 358728.0, "SENSOR_Y": 173520.0 }, "geometry": { "type": "LineString", "coordinates": [ [ 358899.324810595018789, 173349.767144547106 ], [ 358877.416704762552399, 173329.272391588543542 ] ] } },
{ "type": "Feature", "properties": { "JOURNEY_LINK_ID": 74, "SITE_ID": 672, "SEGMENT_ID": 9, "SEGMENT_LENGTH": 30.000000000027697, "LENGTH_PROPORTION": 0.0059937428497852524, "DIST_TO_SENSOR": 243.07601002847662, "MIDPOINT_X": 358865.83997735474, "MIDPOINT_Y": 173319.78489743726, "SENSOR_X": 358728.0, "SENSOR_Y": 173520.0 }, "geometry": { "type": "LineString", "coordinates": [ [ 358877.416704762552399, 173329.272391588543542 ], [ 358871.93487996654585, 173324.144214565167204 ], [ 358856.559867339732591, 173313.14739309734432 ], [ 358853.526087144331541, 173311.22702850724454 ] ] } },
{ "type": "Feature", "properties": { "JOURNEY_LINK_ID": 74, "SITE_ID": 672, "SEGMENT_ID": 10, "SEGMENT_LENGTH": 30.000000000011525, "LENGTH_PROPORTION": 0.0059937428497820215, "DIST_TO_SENSOR": 244.40930774732931, "MIDPOINT_X": 358840.85185719689, "MIDPOINT_Y": 173303.2043172922, "SENSOR_X": 358728.0, "SENSOR_Y": 173520.0 }, "geometry": { "type": "LineString", "coordinates": [ [ 358853.526087144331541, 173311.22702850724454 ], [ 358828.17762724950444, 173295.181606077123433 ] ] } },
{ "type": "Feature", "properties": { "JOURNEY_LINK_ID": 74, "SITE_ID": 672, "SEGMENT_ID": 11, "SEGMENT_LENGTH": 29.999999999962345, "LENGTH_PROPORTION": 0.005993742849772196, "DIST_TO_SENSOR": 248.7404767649916, "MIDPOINT_X": 358815.50339730212, "MIDPOINT_Y": 173287.15889486205, "SENSOR_X": 358728.0, "SENSOR_Y": 173520.0 }, "geometry": { "type": "LineString", "coordinates": [ [ 358828.17762724950444, 173295.181606077123433 ], [ 358802.829167354735546, 173279.136183647002326 ] ] } },
{ "type": "Feature", "properties": { "JOURNEY_LINK_ID": 74, "SITE_ID": 672, "SEGMENT_ID": 12, "SEGMENT_LENGTH": 29.999999999996188, "LENGTH_PROPORTION": 0.0059937428497789571, "DIST_TO_SENSOR": 254.75854866954288, "MIDPOINT_X": 358789.27145041502, "MIDPOINT_Y": 173272.71933459275, "SENSOR_X": 358728.0, "SENSOR_Y": 173520.0 }, "geometry": { "type": "LineString", "coordinates": [ [ 358802.829167354735546, 173279.136183647002326 ], [ 358802.782707620761357, 173279.106774915242568 ], [ 358775.710482975060586, 173266.30839378098608 ] ] } },
{ "type": "Feature", "properties": { "JOURNEY_LINK_ID": 74, "SITE_ID": 672, "SEGMENT_ID": 13, "SEGMENT_LENGTH": 30.000000000036444, "LENGTH_PROPORTION": 0.0059937428497870001, "DIST_TO_SENSOR": 262.33475633849389, "MIDPOINT_X": 358762.14951553504, "MIDPOINT_Y": 173259.89745296922, "SENSOR_X": 358728.0, "SENSOR_Y": 173520.0 }, "geometry": { "type": "LineString", "coordinates": [ [ 358775.710482975060586, 173266.30839378098608 ], [ 358758.839991867542267, 173258.332877252832986 ], [ 358748.61354102921905, 173253.433993981190724 ] ] } },
{ "type": "Feature", "properties": { "JOURNEY_LINK_ID": 74, "SITE_ID": 672, "SEGMENT_ID": 14, "SEGMENT_LENGTH": 30.000000000004928, "LENGTH_PROPORTION": 0.0059937428497807031, "DIST_TO_SENSOR": 273.13834139386961, "MIDPOINT_X": 358735.0856351144, "MIDPOINT_Y": 173246.95358029372, "SENSOR_X": 358728.0, "SENSOR_Y": 173520.0 }, "geometry": { "type": "LineString", "coordinates": [ [ 358748.61354102921905, 173253.433993981190724 ], [ 358733.728527742379811, 173246.303471012623049 ], [ 358721.981253559759352, 173239.661006416019518 ] ] } },
{ "type": "Feature", "properties": { "JOURNEY_LINK_ID": 74, "SITE_ID": 672, "SEGMENT_ID": 15, "SEGMENT_LENGTH": 6.5524038113064771, "LENGTH_PROPORTION": 0.0013091141164295859, "DIST_TO_SENSOR": 282.09107595793546, "MIDPOINT_X": 358719.12939485116, "MIDPOINT_Y": 173238.04843057823, "SENSOR_X": 358728.0, "SENSOR_Y": 173520.0 }, "geometry": { "type": "LineString", "coordinates": [ [ 358721.981253559759352, 173239.661006416019518 ], [ 358716.277536142501049, 173236.435854740440845 ] ] } },
{ "type": "Feature", "properties": { "JOURNEY_LINK_ID": 74, "SITE_ID": 672, "SEGMENT_ID": 16, "SEGMENT_LENGTH": 18.605868624105213, "LENGTH_PROPORTION": 0.0037172930676557144, "DIST_TO_SENSOR": 291.7304623736884, "MIDPOINT_X": 358711.01508912153, "MIDPOINT_Y": 173228.76439867486, "SENSOR_X": 358728.0, "SENSOR_Y": 173520.0 }, "geometry": { "type": "LineString", "coordinates": [ [ 358716.277536142501049, 173236.435854740440845 ], [ 358705.752642100618687, 173221.092942609277088 ] ] } },
{ "type": "Feature", "properties": { "JOURNEY_LINK_ID": 100, "SITE_ID": 501, "SEGMENT_ID": 0, "SEGMENT_LENGTH": 30.000000000023228, "LENGTH_PROPORTION": 0.0045026822812705659, "DIST_TO_SENSOR": 291.63326968047136, "MIDPOINT_X": 358854.02752270258, "MIDPOINT_Y": 172891.903600461, "SENSOR_X": 358640.0, "SENSOR_Y": 173090.0 }, "geometry": { "type": "LineString", "coordinates": [ [ 358868.483003884903155, 172895.908480457612313 ], [ 358853.146929965994786, 172891.659632917377166 ], [ 358839.343232043844182, 172888.852502270543482 ] ] } },
{ "type": "Feature", "properties": { "JOURNEY_LINK_ID": 100, "SITE_ID": 501, "SEGMENT_ID": 1, "SEGMENT_LENGTH": 29.999999999948788, "LENGTH_PROPORTION": 0.0045026822812593934, "DIST_TO_SENSOR": 275.25487388760905, "MIDPOINT_X": 358824.64409868768, "MIDPOINT_Y": 172885.86327518377, "SENSOR_X": 358640.0, "SENSOR_Y": 173090.0 }, "geometry": { "type": "LineString", "coordinates": [ [ 358839.343232043844182, 172888.852502270543482 ], [ 358809.944965331465937, 172882.874048097030027 ] ] } },
{ "type": "Feature", "properties": { "JOURNEY_LINK_ID": 100, "SITE_ID": 501, "SEGMENT_ID": 2, "SEGMENT_LENGTH": 30.000000000046189, "LENGTH_PROPORTION": 0.0045026822812740119, "DIST_TO_SENSOR": 260.44334454279334, "MIDPOINT_X": 358795.10288996965, "MIDPOINT_Y": 172880.77803834277, "SENSOR_X": 358640.0, "SENSOR_Y": 173090.0 }, "geometry": { "type": "LineString", "coordinates": [ [ 358809.944965331465937, 172882.874048097030027 ], [ 358805.816873224859592, 172882.034556105034426 ], [ 358780.204994395782705, 172879.030838448699797 ] ] } },
{ "type": "Feature", "properties": { "JOURNEY_LINK_ID": 100, "SITE_ID": 501, "SEGMENT_ID": 3, "SEGMENT_LENGTH": 9.9285660444369537, "LENGTH_PROPORTION": 0.0014901726135558748, "DIST_TO_SENSOR": 251.10056577641936, "MIDPOINT_X": 358775.27450305817, "MIDPOINT_Y": 172878.45259879733, "SENSOR_X": 358640.0, "SENSOR_Y": 173090.0 }, "geometry": { "type": "LineString", "coordinates": [ [ 358780.204994395782705, 172879.030838448699797 ], [ 358770.344011720560957, 172877.874359145935159 ] ] } },
{ "type": "Feature", "properties": { "JOURNEY_LINK_ID": 100, "SITE_ID": 501, "SEGMENT_ID": 4, "SEGMENT_LENGTH": 29.99999999998591, "LENGTH_PROPORTION": 0.0045026822812649645, "DIST_TO_SENSOR": 241.03887541935725, "MIDPOINT_X": 358755.35170532123, "MIDPOINT_Y": 172878.35472237039, "SENSOR_X": 358640.0, "SENSOR_Y": 173090.0 }, "geometry": { "type": "LineString", "coordinates": [ [ 358770.344011720560957, 172877.874359145935159 ], [ 358740.359398921835236, 172878.835085594851989 ] ] } },
{ "type": "Feature", "properties": { "JOURNEY_LINK_ID": 100, "SITE_ID": 501, "SEGMENT_ID": 5, "SEGMENT_LENGTH": 29.99999999998591, "LENGTH_PROPORTION": 0.0045026822812649645, "DIST_TO_SENSOR": 227.32250348776296, "MIDPOINT_X": 358725.36709252244, "MIDPOINT_Y": 172879.31544881931, "SENSOR_X": 358640.0, "SENSOR_Y": 173090.0 }, "geometry": { "type": "LineString", "coordinates": [ [ 358740.359398921835236, 172878.835085594851989 ], [ 358710.374786123109516, 172879.795812043768819 ] ] } },
{ "type": "Feature", "properties": { "JOURNEY_LINK_ID": 100, "SITE_ID": 501, "SEGMENT_ID": 6, "SEGMENT_LENGTH": 30.000000000044089, "LENGTH_PROPORTION": 0.0045026822812736971, "DIST_TO_SENSOR": 216.9131202128431, "MIDPOINT_X": 358695.38247972372, "MIDPOINT_Y": 172880.27617526823, "SENSOR_X": 358640.0, "SENSOR_Y": 173090.0 }, "geometry": { "type": "LineString", "coordinates": [ [ 358710.374786123109516, 172879.795812043768819 ], [ 358680.390173324325588, 172880.75653849268565 ] ] } },
{ "type": "Feature", "properties": { "JOURNEY_LINK_ID": 100, "SITE_ID": 501, "SEGMENT_ID": 7, "SEGMENT_LENGTH": 3.1381965057517602, "LENGTH_PROPORTION": 0.00047101006005275715, "DIST_TO_SENSOR": 212.76498409628806, "MIDPOINT_X": 358678.82187987247, "MIDPOINT_Y": 172880.80678763243, "SENSOR_X": 358640.0, "SENSOR_Y": 173090.0 }, "geometry": { "type": "LineString", "coordinates": [ [ 358680.390173324325588, 172880.75653849268565 ], [ 358677.253586420614738, 172880.857036772184074 ] ] } },
{ "type": "Feature", "properties": { "JOURNEY_LINK_ID": 100, "SITE_ID": 501, "SEGMENT_ID": 8, "SEGMENT_LENGTH": 30.000000000022649, "LENGTH_PROPORTION": 0.0045026822812704792, "DIST_TO_SENSOR": 207.7680991996005, "MIDPOINT_X": 358662.4796800107, "MIDPOINT_Y": 172883.45158671238, "SENSOR_X": 358640.0, "SENSOR_Y": 173090.0 }, "geometry": { "type": "LineString", "coordinates": [ [ 358677.253586420614738, 172880.857036772184074 ], [ 358647.705773600842804, 172886.046136652614223 ] ] } },
{ "type": "Feature", "properties": { "JOURNEY_LINK_ID": 100, "SITE_ID": 501, "SEGMENT_ID": 9, "SEGMENT_LENGTH": 29.999999999951612, "LENGTH_PROPORTION": 0.0045026822812598176, "DIST_TO_SENSOR": 201.4833283356688, "MIDPOINT_X": 358632.93186719099, "MIDPOINT_Y": 172888.64068659281, "SENSOR_X": 358640.0, "SENSOR_Y": 173090.0 }, "geometry": { "type": "LineString", "coordinates": [ [ 358647.705773600842804, 172886.046136652614223 ], [ 358630.762741143174935, 172889.021622122090776 ], [ 358618.079549733782187, 172890.729612873867154 ] ] } },
{ "type": "Feature", "properties": { "JOURNEY_LINK_ID": 100, "SITE_ID": 501, "SEGMENT_ID": 10, "SEGMENT_LENGTH": 30.00000000004917, "LENGTH_PROPORTION": 0.0045026822812744595, "DIST_TO_SENSOR": 200.67815427130083, "MIDPOINT_X": 358603.21256032062, "MIDPOINT_Y": 172892.72251551793, "SENSOR_X": 358640.0, "SENSOR_Y": 173090.0 }, "geometry": { "type": "LineString", "coordinates": [ [ 358618.079549733782187, 172890.729612873867154 ], [ 358604.386122474796139, 172892.573647735698614 ], [ 358588.331807337526698, 172894.610157077317126 ] ] } },
{ "type": "Feature", "properties": { "JOURNEY_LINK_ID": 100, "SITE_ID": 501, "SEGMENT_ID": 11, "SEGMENT_LENGTH": 2.7096550353802904, "LENGTH_PROPORTION": 0.00040669052387176517, "DIST_TO_SENSOR": 202.2891304812822, "MIDPOINT_X": 358586.98775042919, "MIDPOINT_Y": 172894.78065232586, "SENSOR_X": 358640.0, "SENSOR_Y": 173090.0 }, "geometry": { "type": "LineString", "coordinates": [ [ 358588.331807337526698, 172894.610157077317126 ], [ 358585.643693520803936, 172894.951147574407514 ] ] } },
{ "type": "Feature", "properties": { "JOURNEY_LINK_ID": 100, "SITE_ID": 501, "SEGMENT_ID": 12, "SEGMENT_LENGTH": 20.964109471607543, "LENGTH_PROPORTION": 0.0031464908086783548, "DIST_TO_SENSOR": 206.50224440256147, "MIDPOINT_X": 358575.21206125064, "MIDPOINT_Y": 172893.9242494955, "SENSOR_X": 358640.0, "SENSOR_Y": 173090.0 }, "geometry": { "type": "LineString", "coordinates": [ [ 358585.643693520803936, 172894.951147574407514 ], [ 358564.780428980477154, 172892.89735141658457 ] ] } },
{ "type": "Feature", "properties": { "JOURNEY_LINK_ID": 100, "SITE_ID": 501, "SEGMENT_ID": 13, "SEGMENT_LENGTH": 29.999999999992966, "LENGTH_PROPORTION": 0.0045026822812660235, "DIST_TO_SENSOR": 225.77785256937833, "MIDPOINT_X": 358561.80499897292, "MIDPOINT_Y": 172878.1954190174, "SENSOR_X": 358640.0, "SENSOR_Y": 173090.0 }, "geometry": { "type": "LineString", "coordinates": [ [ 358564.780428980477154, 172892.89735141658457 ], [ 358558.82956896541873, 172863.493486618215684 ] ] } },
{ "type": "Feature", "properties": { "JOURNEY_LINK_ID": 100, "SITE_ID": 501, "SEGMENT_ID": 14, "SEGMENT_LENGTH": 30.00000000001436, "LENGTH_PROPORTION": 0.0045026822812692354, "DIST_TO_SENSOR": 255.34009870722616, "MIDPOINT_X": 358556.59748426685, "MIDPOINT_Y": 172848.66499139744, "SENSOR_X": 358640.0, "SENSOR_Y": 173090.0 }, "geometry": { "type": "LineString", "coordinates": [ [ 358558.82956896541873, 172863.493486618215684 ], [ 358558.26369944732869, 172860.697462050127797 ], [ 358554.571617677866016, 172834.035320173366927 ], [ 358554.510120733990334, 172833.812939371418906 ] ] } },
{ "type": "Feature", "properties": { "JOURNEY_LINK_ID": 100, "SITE_ID": 501, "SEGMENT_ID": 15, "SEGMENT_LENGTH": 29.740742809690669, "LENGTH_PROPORTION": 0.004463770522697183, "DIST_TO_SENSOR": 284.92578401965807, "MIDPOINT_X": 358550.54664382711, "MIDPOINT_Y": 172819.48050076081, "SENSOR_X": 358640.0, "SENSOR_Y": 173090.0 }, "geometry": { "type": "LineString", "coordinates": [ [ 358554.510120733990334, 172833.812939371418906 ], [ 358548.12741468870081, 172810.732259273412637 ], [ 358546.899836212454829, 172805.07001503938227 ] ] } },
{ "type": "Feature", "properties": { "JOURNEY_LINK_ID": 157, "SITE_ID": 500, "SEGMENT_ID": 0, "SEGMENT_LENGTH": 30.000000000007592, "LENGTH_PROPORTION": 0.0013232694399660946, "DIST_TO_SENSOR": 287.68153244520755, "MIDPOINT_X": 359287.26463756524, "MIDPOINT_Y": 173547.3128790342, "SENSOR_X": 359522.0, "SENSOR_Y": 173381.0 }, "geometry": { "type": "LineString", "coordinates": [ [ 359272.265219662571326, 173547.180732974084094 ], [ 359302.264055467909202, 173547.445025094348239 ] ] } },
{ "type": "Feature", "properties": { "JOURNEY_LINK_ID": 157, "SITE_ID": 500, "SEGMENT_ID": 1, "SEGMENT_LENGTH": 6.4164108684958565, "LENGTH_PROPORTION": 0.00028302134721815755, "DIST_TO_SENSOR": 273.1257430410592, "MIDPOINT_X": 359305.47213640297, "MIDPOINT_Y": 173547.47328854154, "SENSOR_X": 359522.0, "SENSOR_Y": 173381.0 }, "geometry": { "type": "LineString", "coordinates": [ [ 359302.264055467909202, 173547.445025094348239 ], [ 359308.680217338027433, 173547.50155198876746 ] ] } },
{ "type": "Feature", "properties": { "JOURNEY_LINK_ID": 157, "SITE_ID": 500, "SEGMENT_ID": 2, "SEGMENT_LENGTH": 9.9776967396681382, "LENGTH_PROPORTION": 0.00044010603922829482, "DIST_TO_SENSOR": 266.08016016201634, "MIDPOINT_X": 359313.53444429778, "MIDPOINT_Y": 173546.35042702578, "SENSOR_X": 359522.0, "SENSOR_Y": 173381.0 }, "geometry": { "type": "LineString", "coordinates": [ [ 359308.680217338027433, 173547.50155198876746 ], [ 359318.388671257533133, 173545.199302062799688 ] ] } },
{ "type": "Feature", "properties": { "JOURNEY_LINK_ID": 157, "SITE_ID": 500, "SEGMENT_ID": 3, "SEGMENT_LENGTH": 21.172111261502906, "LENGTH_PROPORTION": 0.00093388026039672349, "DIST_TO_SENSOR": 251.14087678630324, "MIDPOINT_X": 359327.62821300951, "MIDPOINT_Y": 173540.03253885641, "SENSOR_X": 359522.0, "SENSOR_Y": 173381.0 }, "geometry": { "type": "LineString", "coordinates": [ [ 359318.388671257533133, 173545.199302062799688 ], [ 359336.867754761478864, 173534.865775650017895 ] ] } },
{ "type": "Feature", "properties": { "JOURNEY_LINK_ID": 188, "SITE_ID": 463, "SEGMENT_ID": 0, "SEGMENT_LENGTH": 30.000000000005915, "LENGTH_PROPORTION": 0.0083345001598346784, "DIST_TO_SENSOR": 285.00254410325061, "MIDPOINT_X": 362689.25920790102, "MIDPOINT_Y": 175431.31714805414, "SENSOR_X": 362926.0, "SENSOR_Y": 175590.0 }, "geometry": { "type": "LineString", "coordinates": [ [ 362676.388152710103896, 175423.614165627019247 ], [ 362702.130263091938104, 175439.020130481250817 ] ] } },
{ "type": "Feature", "properties": { "JOURNEY_LINK_ID": 188, "SITE_ID": 463, "SEGMENT_ID": 1, "SEGMENT_LENGTH": 30.000000000025331, "LENGTH_PROPORTION": 0.0083345001598400734, "DIST_TO_SENSOR": 255.03943331214225, "MIDPOINT_X": 362714.83541233785, "MIDPOINT_Y": 175446.98031792213, "SENSOR_X": 362926.0, "SENSOR_Y": 175590.0 }, "geometry": { "type": "LineString", "coordinates": [ [ 362702.130263091938104, 175439.020130481250817 ], [ 362711.090072049933951, 175444.382336604234297 ], [ 362727.16050738026388, 175455.529705747961998 ] ] } },
{ "type": "Feature", "properties": { "JOURNEY_LINK_ID": 188, "SITE_ID": 463, "SEGMENT_ID": 2, "SEGMENT_LENGTH": 29.999999999972395, "LENGTH_PROPORTION": 0.0083345001598253664, "DIST_TO_SENSOR": 225.05475759059692, "MIDPOINT_X": 362739.89898896235, "MIDPOINT_Y": 175463.44543625406, "SENSOR_X": 362926.0, "SENSOR_Y": 175590.0 }, "geometry": { "type": "LineString", "coordinates": [ [ 362727.16050738026388, 175455.529705747961998 ], [ 362728.542644129018299, 175456.488434508501086 ], [ 362741.100761720794253, 175464.181653346866369 ], [ 362752.981174983433448, 175470.781766283122124 ] ] } },
{ "type": "Feature", "properties": { "JOURNEY_LINK_ID": 188, "SITE_ID": 463, "SEGMENT_ID": 3, "SEGMENT_LENGTH": 29.999999999989328, "LENGTH_PROPORTION": 0.0083345001598300709, "DIST_TO_SENSOR": 195.1901915763429, "MIDPOINT_X": 362766.09358878341, "MIDPOINT_Y": 175478.06631186529, "SENSOR_X": 362926.0, "SENSOR_Y": 175590.0 }, "geometry": { "type": "LineString", "coordinates": [ [ 362752.981174983433448, 175470.781766283122124 ], [ 362776.667152570968028, 175483.940410147421062 ], [ 362779.090067408862524, 175485.541848457127344 ] ] } },
{ "type": "Feature", "properties": { "JOURNEY_LINK_ID": 188, "SITE_ID": 463, "SEGMENT_ID": 4, "SEGMENT_LENGTH": 30.000000000003386, "LENGTH_PROPORTION": 0.0083345001598339758, "DIST_TO_SENSOR": 165.27050231917781, "MIDPOINT_X": 362791.60371012188, "MIDPOINT_Y": 175493.81280644581, "SENSOR_X": 362926.0, "SENSOR_Y": 175590.0 }, "geometry": { "type": "LineString", "coordinates": [ [ 362779.090067408862524, 175485.541848457127344 ], [ 362798.302619148045778, 175498.240485611371696 ], [ 362804.199242381379008, 175501.95690248865867 ] ] } },
{ "type": "Feature", "properties": { "JOURNEY_LINK_ID": 188, "SITE_ID": 463, "SEGMENT_ID": 5, "SEGMENT_LENGTH": 29.999999999983512, "LENGTH_PROPORTION": 0.0083345001598284542, "DIST_TO_SENSOR": 135.31897167724935, "MIDPOINT_X": 362816.85219695844, "MIDPOINT_Y": 175510.0126185765, "SENSOR_X": 362926.0, "SENSOR_Y": 175590.0 }, "geometry": { "type": "LineString", "coordinates": [ [ 362804.199242381379008, 175501.95690248865867 ], [ 362812.257639211369678, 175507.035802869009785 ], [ 362829.440915154118557, 175518.168853871611645 ] ] } },
{ "type": "Feature", "properties": { "JOURNEY_LINK_ID": 188, "SITE_ID": 463, "SEGMENT_ID": 6, "SEGMENT_LENGTH": 30.000000000014946, "LENGTH_PROPORTION": 0.0083345001598371868, "DIST_TO_SENSOR": 105.38271558934615, "MIDPOINT_X": 362842.02963334986, "MIDPOINT_Y": 175526.32508916673, "SENSOR_X": 362926.0, "SENSOR_Y": 175590.0 }, "geometry": { "type": "LineString", "coordinates": [ [ 362829.440915154118557, 175518.168853871611645 ], [ 362854.618351545534097, 175534.481324461841723 ] ] } },
{ "type": "Feature", "properties": { "JOURNEY_LINK_ID": 188, "SITE_ID": 463, "SEGMENT_ID": 7, "SEGMENT_LENGTH": 29.999999999981132, "LENGTH_PROPORTION": 0.0083345001598277933, "DIST_TO_SENSOR": 75.49708202434357, "MIDPOINT_X": 362867.20706974121, "MIDPOINT_Y": 175542.63755975696, "SENSOR_X": 362926.0, "SENSOR_Y": 175590.0 }, "geometry": { "type": "LineString", "coordinates": [ [ 362854.618351545534097, 175534.481324461841723 ], [ 362875.063207052997313, 175547.727554101846181 ], [ 362879.751611682411749, 175550.860925675486214 ] ] } },
{ "type": "Feature", "properties": { "JOURNEY_LINK_ID": 188, "SITE_ID": 463, "SEGMENT_ID": 8, "SEGMENT_LENGTH": 30.000000000039034, "LENGTH_PROPORTION": 0.0083345001598438793, "DIST_TO_SENSOR": 45.714340775471307, "MIDPOINT_X": 362892.22282054601, "MIDPOINT_Y": 175559.19572918135, "SENSOR_X": 362926.0, "SENSOR_Y": 175590.0 }, "geometry": { "type": "LineString", "coordinates": [ [ 362879.751611682411749, 175550.860925675486214 ], [ 362904.694029409612995, 175567.530532687174855 ] ] } },
{ "type": "Feature", "properties": { "JOURNEY_LINK_ID": 188, "SITE_ID": 463, "SEGMENT_ID": 9, "SEGMENT_LENGTH": 29.999999999990639, "LENGTH_PROPORTION": 0.0083345001598304352, "DIST_TO_SENSOR": 16.668585294075637, "MIDPOINT_X": 362917.16523827321, "MIDPOINT_Y": 175575.865336193, "SENSOR_X": 362926.0, "SENSOR_Y": 175590.0 }, "geometry": { "type": "LineString", "coordinates": [ [ 362904.694029409612995, 175567.530532687174855 ], [ 362929.636447136756033, 175584.200139698863495 ] ] } },
{ "type": "Feature", "properties": { "JOURNEY_LINK_ID": 188, "SITE_ID": 463, "SEGMENT_ID": 10, "SEGMENT_LENGTH": 29.999999999990639, "LENGTH_PROPORTION": 0.0083345001598304352, "DIST_TO_SENSOR": 16.305904417575821, "MIDPOINT_X": 362942.1076560003, "MIDPOINT_Y": 175592.53494320472, "SENSOR_X": 362926.0, "SENSOR_Y": 175590.0 }, "geometry": { "type": "LineString", "coordinates": [ [ 362929.636447136756033, 175584.200139698863495 ], [ 362954.578864863899071, 175600.869746710552135 ] ] } },
{ "type": "Feature", "properties": { "JOURNEY_LINK_ID": 188, "SITE_ID": 463, "SEGMENT_ID": 11, "SEGMENT_LENGTH": 29.999999999974467, "LENGTH_PROPORTION": 0.0083345001598259423, "DIST_TO_SENSOR": 45.320230604518052, "MIDPOINT_X": 362967.0500737275, "MIDPOINT_Y": 175609.20455021638, "SENSOR_X": 362926.0, "SENSOR_Y": 175590.0 }, "geometry": { "type": "LineString", "coordinates": [ [ 362954.578864863899071, 175600.869746710552135 ], [ 362979.521282591042109, 175617.539353722211672 ] ] } },
{ "type": "Feature", "properties": { "JOURNEY_LINK_ID": 188, "SITE_ID": 463, "SEGMENT_ID": 12, "SEGMENT_LENGTH": 30.000000000039034, "LENGTH_PROPORTION": 0.0083345001598438793, "DIST_TO_SENSOR": 75.113008761554283, "MIDPOINT_X": 362991.99249145464, "MIDPOINT_Y": 175625.87415722804, "SENSOR_X": 362926.0, "SENSOR_Y": 175590.0 }, "geometry": { "type": "LineString", "coordinates": [ [ 362979.521282591042109, 175617.539353722211672 ], [ 363004.463700318243355, 175634.208960733900312 ] ] } },
{ "type": "Feature", "properties": { "JOURNEY_LINK_ID": 188, "SITE_ID": 463, "SEGMENT_ID": 13, "SEGMENT_LENGTH": 29.999999999980393, "LENGTH_PROPORTION": 0.0083345001598275886, "DIST_TO_SENSOR": 105.02383000243309, "MIDPOINT_X": 363016.93490918179, "MIDPOINT_Y": 175642.54376423973, "SENSOR_X": 362926.0, "SENSOR_Y": 175590.0 }, "geometry": { "type": "LineString", "coordinates": [ [ 363004.463700318243355, 175634.208960733900312 ], [ 363026.51248114759801, 175648.94468184694415 ], [ 363029.475041159894317, 175650.771232513827272 ] ] } },
{ "type": "Feature", "properties": { "JOURNEY_LINK_ID": 188, "SITE_ID": 463, "SEGMENT_ID": 14, "SEGMENT_LENGTH": 30.000000000013124, "LENGTH_PROPORTION": 0.008334500159836682, "DIST_TO_SENSOR": 134.997873732389, "MIDPOINT_X": 363042.24329992541, "MIDPOINT_Y": 175658.6434347532, "SENSOR_X": 362926.0, "SENSOR_Y": 175590.0 }, "geometry": { "type": "LineString", "coordinates": [ [ 363029.475041159894317, 175650.771232513827272 ], [ 363042.558208625996485, 175658.837590042792726 ], [ 363055.195415008813143, 175666.209112791839289 ] ] } },
{ "type": "Feature", "properties": { "JOURNEY_LINK_ID": 188, "SITE_ID": 463, "SEGMENT_ID": 15, "SEGMENT_LENGTH": 29.999999999967621, "LENGTH_PROPORTION": 0.0083345001598240393, "DIST_TO_SENSOR": 164.98988218467409, "MIDPOINT_X": 363068.30687553668, "MIDPOINT_Y": 175673.48900764951, "SENSOR_X": 362926.0, "SENSOR_Y": 175590.0 }, "geometry": { "type": "LineString", "coordinates": [ [ 363055.195415008813143, 175666.209112791839289 ], [ 363061.38993201800622, 175669.822492337087169 ], [ 363081.560044665297028, 175680.514212845620932 ] ] } },
{ "type": "Feature", "properties": { "JOURNEY_LINK_ID": 188, "SITE_ID": 463, "SEGMENT_ID": 16, "SEGMENT_LENGTH": 30.000000000045095, "LENGTH_PROPORTION": 0.0083345001598455638, "DIST_TO_SENSOR": 194.96625149847966, "MIDPOINT_X": 363094.81321379397, "MIDPOINT_Y": 175687.53941804174, "SENSOR_X": 362926.0, "SENSOR_Y": 175590.0 }, "geometry": { "type": "LineString", "coordinates": [ [ 363081.560044665297028, 175680.514212845620932 ], [ 363108.066382922639605, 175694.564623237849446 ] ] } },
{ "type": "Feature", "properties": { "JOURNEY_LINK_ID": 188, "SITE_ID": 463, "SEGMENT_ID": 17, "SEGMENT_LENGTH": 29.999999999978996, "LENGTH_PROPORTION": 0.0083345001598272, "DIST_TO_SENSOR": 224.94892136531121, "MIDPOINT_X": 363121.31955205125, "MIDPOINT_Y": 175701.58982843393, "SENSOR_X": 362926.0, "SENSOR_Y": 175590.0 }, "geometry": { "type": "LineString", "coordinates": [ [ 363108.066382922639605, 175694.564623237849446 ], [ 363127.623023712658323, 175704.931156190286856 ], [ 363134.69200700923102, 175708.38060875996598 ] ] } },
{ "type": "Feature", "properties": { "JOURNEY_LINK_ID": 188, "SITE_ID": 463, "SEGMENT_ID": 18, "SEGMENT_LENGTH": 30.00000000001269, "LENGTH_PROPORTION": 0.0083345001598365605, "DIST_TO_SENSOR": 254.90298622486316, "MIDPOINT_X": 363148.17004464916, "MIDPOINT_Y": 175714.96400940648, "SENSOR_X": 362926.0, "SENSOR_Y": 175590.0 }, "geometry": { "type": "LineString", "coordinates": [ [ 363134.69200700923102, 175708.38060875996598 ], [ 363147.835076895251404, 175714.79403404192999 ], [ 363161.546419060556218, 175721.751689982804237 ] ] } },
{ "type": "Feature", "properties": { "JOURNEY_LINK_ID": 188, "SITE_ID": 463, "SEGMENT_ID": 19, "SEGMENT_LENGTH": 29.943961659429334, "LENGTH_PROPORTION": 0.0083189317745516016, "DIST_TO_SENSOR": 284.85042157657847, "MIDPOINT_X": 363174.89780714444, "MIDPOINT_Y": 175728.5266915473, "SENSOR_X": 362926.0, "SENSOR_Y": 175590.0 }, "geometry": { "type": "LineString", "coordinates": [ [ 363161.546419060556218, 175721.751689982804237 ], [ 363188.249195228330791, 175735.301693111774512 ] ] } },
{ "type": "Feature", "properties": { "JOURNEY_LINK_ID": 193, "SITE_ID": 463, "SEGMENT_ID": 0, "SEGMENT_LENGTH": 30.00000000001684, "LENGTH_PROPORTION": 0.0083345001598377141, "DIST_TO_SENSOR": 284.82242294111802, "MIDPOINT_X": 363174.87282081693, "MIDPOINT_Y": 175728.51401253545, "SENSOR_X": 362926.0, "SENSOR_Y": 175590.0 }, "geometry": { "type": "LineString", "coordinates": [ [ 363188.249195228330791, 175735.301693111774512 ], [ 363161.496446405537426, 175721.726331959100207 ] ] } },
{ "type": "Feature", "properties": { "JOURNEY_LINK_ID": 193, "SITE_ID": 463, "SEGMENT_ID": 1, "SEGMENT_LENGTH": 29.999999999978719, "LENGTH_PROPORTION": 0.0083345001598271237, "DIST_TO_SENSOR": 254.84699918190569, "MIDPOINT_X": 363148.12007199414, "MIDPOINT_Y": 175714.93865138275, "SENSOR_X": 362926.0, "SENSOR_Y": 175590.0 }, "geometry": { "type": "LineString", "coordinates": [ [ 363161.496446405537426, 175721.726331959100207 ], [ 363147.835076895251404, 175714.79403404192999 ], [ 363134.641644796472974, 175708.356033505377127 ] ] } },
{ "type": "Feature", "properties": { "JOURNEY_LINK_ID": 193, "SITE_ID": 463, "SEGMENT_ID": 2, "SEGMENT_LENGTH": 30.000000000001975, "LENGTH_PROPORTION": 0.0083345001598335838, "DIST_TO_SENSOR": 224.89291108755521, "MIDPOINT_X": 363121.27003967762, "MIDPOINT_Y": 175701.56358304454, "SENSOR_X": 362926.0, "SENSOR_Y": 175590.0 }, "geometry": { "type": "LineString", "coordinates": [ [ 363134.641644796472974, 175708.356033505377127 ], [ 363127.623023712658323, 175704.931156190286856 ], [ 363108.016870548948646, 175694.538377848424716 ] ] } },
{ "type": "Feature", "properties": { "JOURNEY_LINK_ID": 193, "SITE_ID": 463, "SEGMENT_ID": 3, "SEGMENT_LENGTH": 29.999999999993669, "LENGTH_PROPORTION": 0.0083345001598312766, "DIST_TO_SENSOR": 194.91025052005816, "MIDPOINT_X": 363094.76370142028, "MIDPOINT_Y": 175687.51317265231, "SENSOR_X": 362926.0, "SENSOR_Y": 175590.0 }, "geometry": { "type": "LineString", "coordinates": [ [ 363108.016870548948646, 175694.538377848424716 ], [ 363081.510532291664276, 175680.487967456196202 ] ] } },
{ "type": "Feature", "properties": { "JOURNEY_LINK_ID": 193, "SITE_ID": 463, "SEGMENT_ID": 4, "SEGMENT_LENGTH": 29.999999999983931, "LENGTH_PROPORTION": 0.0083345001598285704, "DIST_TO_SENSOR": 164.93389602557593, "MIDPOINT_X": 363068.25736316299, "MIDPOINT_Y": 175673.46276226011, "SENSOR_X": 362926.0, "SENSOR_Y": 175590.0 }, "geometry": { "type": "LineString", "coordinates": [ [ 363081.510532291664276, 175680.487967456196202 ], [ 363061.38993201800622, 175669.822492337087169 ], [ 363055.147009970911313, 175666.180877212929772 ] ] } },
{ "type": "Feature", "properties": { "JOURNEY_LINK_ID": 193, "SITE_ID": 463, "SEGMENT_ID": 5, "SEGMENT_LENGTH": 30.000000000042018, "LENGTH_PROPORTION": 0.0083345001598447085, "DIST_TO_SENSOR": 134.94184559580154, "MIDPOINT_X": 363042.1955991232, "MIDPOINT_Y": 175658.61402507653, "SENSOR_X": 362926.0, "SENSOR_Y": 175590.0 }, "geometry": { "type": "LineString", "coordinates": [ [ 363055.147009970911313, 175666.180877212929772 ], [ 363042.558208625996485, 175658.837590042792726 ], [ 363029.427340357680805, 175650.74182283715345 ] ] } },
{ "type": "Feature", "properties": { "JOURNEY_LINK_ID": 193, "SITE_ID": 463, "SEGMENT_ID": 6, "SEGMENT_LENGTH": 29.999999999969944, "LENGTH_PROPORTION": 0.0083345001598246846, "DIST_TO_SENSOR": 104.96791079331658, "MIDPOINT_X": 363016.88831812516, "MIDPOINT_Y": 175642.5126263359, "SENSOR_X": 362926.0, "SENSOR_Y": 175590.0 }, "geometry": { "type": "LineString", "coordinates": [ [ 363029.427340357680805, 175650.74182283715345 ], [ 363026.51248114759801, 175648.94468184694415 ], [ 363004.417109261616133, 175634.17782283006818 ] ] } },
{ "type": "Feature", "properties": { "JOURNEY_LINK_ID": 193, "SITE_ID": 463, "SEGMENT_ID": 7, "SEGMENT_LENGTH": 30.000000000022862, "LENGTH_PROPORTION": 0.0083345001598393864, "DIST_TO_SENSOR": 75.05720360886562, "MIDPOINT_X": 362991.94590039802, "MIDPOINT_Y": 175625.84301932424, "SENSOR_X": 362926.0, "SENSOR_Y": 175590.0 }, "geometry": { "type": "LineString", "coordinates": [ [ 363004.417109261616133, 175634.17782283006818 ], [ 362979.474691534414887, 175617.508215818408644 ] ] } },
{ "type": "Feature", "properties": { "JOURNEY_LINK_ID": 193, "SITE_ID": 463, "SEGMENT_ID": 8, "SEGMENT_LENGTH": 29.999999999990639, "LENGTH_PROPORTION": 0.0083345001598304352, "DIST_TO_SENSOR": 45.26483547798103, "MIDPOINT_X": 362967.00348267087, "MIDPOINT_Y": 175609.17341231258, "SENSOR_X": 362926.0, "SENSOR_Y": 175590.0 }, "geometry": { "type": "LineString", "coordinates": [ [ 362979.474691534414887, 175617.508215818408644 ], [ 362954.532273807271849, 175600.838608806720003 ] ] } },
{ "type": "Feature", "properties": { "JOURNEY_LINK_ID": 193, "SITE_ID": 463, "SEGMENT_ID": 9, "SEGMENT_LENGTH": 29.999999999990639, "LENGTH_PROPORTION": 0.0083345001598304352, "DIST_TO_SENSOR": 16.255056078323602, "MIDPOINT_X": 362942.06106494367, "MIDPOINT_Y": 175592.50380530086, "SENSOR_X": 362926.0, "SENSOR_Y": 175590.0 }, "geometry": { "type": "LineString", "coordinates": [ [ 362954.532273807271849, 175600.838608806720003 ], [ 362929.589856080128811, 175584.169001795031363 ] ] } },
{ "type": "Feature", "properties": { "JOURNEY_LINK_ID": 193, "SITE_ID": 463, "SEGMENT_ID": 10, "SEGMENT_LENGTH": 30.000000000039034, "LENGTH_PROPORTION": 0.0083345001598438793, "DIST_TO_SENSOR": 16.71969991878268, "MIDPOINT_X": 362917.11864721653, "MIDPOINT_Y": 175575.8341982892, "SENSOR_X": 362926.0, "SENSOR_Y": 175590.0 }, "geometry": { "type": "LineString", "coordinates": [ [ 362929.589856080128811, 175584.169001795031363 ], [ 362904.647438352927566, 175567.499394783342723 ] ] } },
{ "type": "Feature", "properties": { "JOURNEY_LINK_ID": 193, "SITE_ID": 463, "SEGMENT_ID": 11, "SEGMENT_LENGTH": 29.999999999974467, "LENGTH_PROPORTION": 0.0083345001598259423, "DIST_TO_SENSOR": 45.769748553357481, "MIDPOINT_X": 362892.17622948939, "MIDPOINT_Y": 175559.16459127751, "SENSOR_X": 362926.0, "SENSOR_Y": 175590.0 }, "geometry": { "type": "LineString", "coordinates": [ [ 362904.647438352927566, 175567.499394783342723 ], [ 362879.705020625784528, 175550.829787771683186 ] ] } },
{ "type": "Feature", "properties": { "JOURNEY_LINK_ID": 193, "SITE_ID": 463, "SEGMENT_ID": 12, "SEGMENT_LENGTH": 30.000000000003357, "LENGTH_PROPORTION": 0.0083345001598339671, "DIST_TO_SENSOR": 75.552822227804342, "MIDPOINT_X": 362867.1600396827, "MIDPOINT_Y": 175542.60708896423, "SENSOR_X": 362926.0, "SENSOR_Y": 175590.0 }, "geometry": { "type": "LineString", "coordinates": [ [ 362879.705020625784528, 175550.829787771683186 ], [ 362875.063207052997313, 175547.727554101846181 ], [ 362854.571321487019304, 175534.450853669113712 ] ] } },
{ "type": "Feature", "properties": { "JOURNEY_LINK_ID": 193, "SITE_ID": 463, "SEGMENT_ID": 13, "SEGMENT_LENGTH": 29.999999999966096, "LENGTH_PROPORTION": 0.008334500159823616, "DIST_TO_SENSOR": 105.43860108050899, "MIDPOINT_X": 362841.98260329134, "MIDPOINT_Y": 175526.294618374, "SENSOR_X": 362926.0, "SENSOR_Y": 175590.0 }, "geometry": { "type": "LineString", "coordinates": [ [ 362854.571321487019304, 175534.450853669113712 ], [ 362829.393885095661972, 175518.138383078883635 ] ] } },
{ "type": "Feature", "properties": { "JOURNEY_LINK_ID": 193, "SITE_ID": 463, "SEGMENT_ID": 14, "SEGMENT_LENGTH": 30.000000000012708, "LENGTH_PROPORTION": 0.0083345001598365658, "DIST_TO_SENSOR": 135.37491735561338, "MIDPOINT_X": 362816.80516689998, "MIDPOINT_Y": 175509.98214778377, "SENSOR_X": 362926.0, "SENSOR_Y": 175590.0 }, "geometry": { "type": "LineString", "coordinates": [ [ 362829.393885095661972, 175518.138383078883635 ], [ 362812.257639211369678, 175507.035802869009785 ], [ 362804.1518344169599, 175501.927023055584868 ] ] } },
{ "type": "Feature", "properties": { "JOURNEY_LINK_ID": 193, "SITE_ID": 463, "SEGMENT_ID": 15, "SEGMENT_LENGTH": 30.00000000000119, "LENGTH_PROPORTION": 0.0083345001598333652, "DIST_TO_SENSOR": 165.32650201551124, "MIDPOINT_X": 362791.5569605371, "MIDPOINT_Y": 175493.78190706181, "SENSOR_X": 362926.0, "SENSOR_Y": 175590.0 }, "geometry": { "type": "LineString", "coordinates": [ [ 362804.1518344169599, 175501.927023055584868 ], [ 362798.302619148045778, 175498.240485611371696 ], [ 362779.043317824078258, 175485.510949073097436 ] ] } },
{ "type": "Feature", "properties": { "JOURNEY_LINK_ID": 193, "SITE_ID": 463, "SEGMENT_ID": 16, "SEGMENT_LENGTH": 30.000000000030543, "LENGTH_PROPORTION": 0.0083345001598415201, "DIST_TO_SENSOR": 195.24592936003393, "MIDPOINT_X": 362766.04460225604, "MIDPOINT_Y": 175478.03909760888, "SENSOR_X": 362926.0, "SENSOR_Y": 175590.0 }, "geometry": { "type": "LineString", "coordinates": [ [ 362779.043317824078258, 175485.510949073097436 ], [ 362776.667152570968028, 175483.940410147421062 ], [ 362752.932188456063159, 175470.754552026715828 ] ] } },
{ "type": "Feature", "properties": { "JOURNEY_LINK_ID": 193, "SITE_ID": 463, "SEGMENT_ID": 17, "SEGMENT_LENGTH": 29.999999999979298, "LENGTH_PROPORTION": 0.0083345001598272832, "DIST_TO_SENSOR": 225.11073258401564, "MIDPOINT_X": 362739.85120434512, "MIDPOINT_Y": 175463.41616295613, "SENSOR_X": 362926.0, "SENSOR_Y": 175590.0 }, "geometry": { "type": "LineString", "coordinates": [ [ 362752.932188456063159, 175470.754552026715828 ], [ 362741.100761720794253, 175464.181653346866369 ], [ 362728.542644129018299, 175456.488434508501086 ], [ 362727.114462188677862, 175455.497766180837061 ] ] } },
{ "type": "Feature", "properties": { "JOURNEY_LINK_ID": 193, "SITE_ID": 463, "SEGMENT_ID": 18, "SEGMENT_LENGTH": 30.00000000000275, "LENGTH_PROPORTION": 0.0083345001598337989, "DIST_TO_SENSOR": 255.09546817948706, "MIDPOINT_X": 362714.78936714632, "MIDPOINT_Y": 175446.94837835501, "SENSOR_X": 362926.0, "SENSOR_Y": 175590.0 }, "geometry": { "type": "LineString", "coordinates": [ [ 362727.114462188677862, 175455.497766180837061 ], [ 362711.090072049933951, 175444.382336604234297 ], [ 362702.196451992786024, 175438.804848169325851 ] ] } },
{ "type": "Feature", "properties": { "JOURNEY_LINK_ID": 193, "SITE_ID": 463, "SEGMENT_ID": 19, "SEGMENT_LENGTH": 29.902019550676471, "LENGTH_PROPORTION": 0.0083072795574814524, "DIST_TO_SENSOR": 285.03169546372112, "MIDPOINT_X": 362689.53018221306, "MIDPOINT_Y": 175430.86140413233, "SENSOR_X": 362926.0, "SENSOR_Y": 175590.0 }, "geometry": { "type": "LineString", "coordinates": [ [ 362702.196451992786024, 175438.804848169325851 ], [ 362676.863912433269434, 175422.917960095364833 ] ] } },
{ "type": "Feature", "properties": { "JOURNEY_LINK_ID": 227, "SITE_ID": 203, "SEGMENT_ID": 0, "SEGMENT_LENGTH": 19.75197815059942, "LENGTH_PROPORTION": 0.0078052034209132081, "DIST_TO_SENSOR": 127.71614070682955, "MIDPOINT_X": 361203.19048155018, "MIDPOINT_Y": 171440.79276284369, "SENSOR_X": 361178.0, "SENSOR_Y": 171566.0 }, "geometry": { "type": "LineString", "coordinates": [ [ 361202.348881435231306, 171430.952698338718619 ], [ 361204.03208166512195, 171450.632827348657884 ] ] } },
{ "type": "Feature", "properties": { "JOURNEY_LINK_ID": 227, "SITE_ID": 203, "SEGMENT_ID": 1, "SEGMENT_LENGTH": 30.000000000002675, "LENGTH_PROPORTION": 0.011854817823414366, "DIST_TO_SENSOR": 103.33330988321164, "MIDPOINT_X": 361199.46541850164, "MIDPOINT_Y": 171464.92077988049, "SENSOR_X": 361178.0, "SENSOR_Y": 171566.0 }, "geometry": { "type": "LineString", "coordinates": [ [ 361204.03208166512195, 171450.632827348657884 ], [ 361194.89875533815939, 171479.208732412284007 ] ] } },
{ "type": "Feature", "properties": { "JOURNEY_LINK_ID": 227, "SITE_ID": 203, "SEGMENT_ID": 2, "SEGMENT_LENGTH": 16.819556048717274, "LENGTH_PROPORTION": 0.0066464257609410889, "DIST_TO_SENSOR": 80.074901224785151, "MIDPOINT_X": 361192.33844710368, "MIDPOINT_Y": 171487.2192996933, "SENSOR_X": 361178.0, "SENSOR_Y": 171566.0 }, "geometry": { "type": "LineString", "coordinates": [ [ 361194.89875533815939, 171479.208732412284007 ], [ 361189.778138869209215, 171495.229866974288598 ] ] } },
{ "type": "Feature", "properties": { "JOURNEY_LINK_ID": 227, "SITE_ID": 203, "SEGMENT_ID": 3, "SEGMENT_LENGTH": 29.999999999992575, "LENGTH_PROPORTION": 0.011854817823410375, "DIST_TO_SENSOR": 58.403672521849956, "MIDPOINT_X": 361181.43816031574, "MIDPOINT_Y": 171507.69761567755, "SENSOR_X": 361178.0, "SENSOR_Y": 171566.0 }, "geometry": { "type": "LineString", "coordinates": [ [ 361189.778138869209215, 171495.229866974288598 ], [ 361173.098181762325112, 171520.165364380838582 ] ] } },
{ "type": "Feature", "properties": { "JOURNEY_LINK_ID": 227, "SITE_ID": 203, "SEGMENT_ID": 4, "SEGMENT_LENGTH": 30.000000000016385, "LENGTH_PROPORTION": 0.011854817823419784, "DIST_TO_SENSOR": 35.898388887476962, "MIDPOINT_X": 361164.75820320885, "MIDPOINT_Y": 171532.6331130841, "SENSOR_X": 361178.0, "SENSOR_Y": 171566.0 }, "geometry": { "type": "LineString", "coordinates": [ [ 361173.098181762325112, 171520.165364380838582 ], [ 361164.352930641616695, 171533.238970340462402 ], [ 361155.977988594095223, 171544.794245044555282 ] ] } },
{ "type": "Feature", "properties": { "JOURNEY_LINK_ID": 227, "SITE_ID": 203, "SEGMENT_ID": 5, "SEGMENT_LENGTH": 30.000000000010637, "LENGTH_PROPORTION": 0.011854817823417511, "DIST_TO_SENSOR": 32.128672239147207, "MIDPOINT_X": 361147.1752885087, "MIDPOINT_Y": 171556.93971626664, "SENSOR_X": 361178.0, "SENSOR_Y": 171566.0 }, "geometry": { "type": "LineString", "coordinates": [ [ 361155.977988594095223, 171544.794245044555282 ], [ 361141.65666002233047, 171564.55400992842624 ], [ 361138.107328753569163, 171568.880549411114771 ] ] } },
{ "type": "Feature", "properties": { "JOURNEY_LINK_ID": 227, "SITE_ID": 203, "SEGMENT_ID": 6, "SEGMENT_LENGTH": 29.147177930316055, "LENGTH_PROPORTION": 0.011517816147683661, "DIST_TO_SENSOR": 51.132188757779531, "MIDPOINT_X": 361128.86407063471, "MIDPOINT_Y": 171580.14783278704, "SENSOR_X": 361178.0, "SENSOR_Y": 171566.0 }, "geometry": { "type": "LineString", "coordinates": [ [ 361138.107328753569163, 171568.880549411114771 ], [ 361119.620812515844591, 171591.415116162970662 ] ] } },
{ "type": "Feature", "properties": { "JOURNEY_LINK_ID": 227, "SITE_ID": 203, "SEGMENT_ID": 7, "SEGMENT_LENGTH": 29.801262239023487, "LENGTH_PROPORTION": 0.011776284491712988, "DIST_TO_SENSOR": 76.22562227057206, "MIDPOINT_X": 361112.07363113045, "MIDPOINT_Y": 171604.26302886877, "SENSOR_X": 361178.0, "SENSOR_Y": 171566.0 }, "geometry": { "type": "LineString", "coordinates": [ [ 361119.620812515844591, 171591.415116162970662 ], [ 361104.526449745055288, 171617.110941574559547 ] ] } },
{ "type": "Feature", "properties": { "JOURNEY_LINK_ID": 227, "SITE_ID": 203, "SEGMENT_ID": 8, "SEGMENT_LENGTH": 29.999999999987818, "LENGTH_PROPORTION": 0.011854817823408494, "DIST_TO_SENSOR": 102.32631915820487, "MIDPOINT_X": 361099.02419924951, "MIDPOINT_Y": 171631.06534014578, "SENSOR_X": 361178.0, "SENSOR_Y": 171566.0 }, "geometry": { "type": "LineString", "coordinates": [ [ 361104.526449745055288, 171617.110941574559547 ], [ 361093.521948753972538, 171645.019738716975553 ] ] } },
{ "type": "Feature", "properties": { "JOURNEY_LINK_ID": 227, "SITE_ID": 203, "SEGMENT_ID": 9, "SEGMENT_LENGTH": 30.000000000014893, "LENGTH_PROPORTION": 0.011854817823419194, "DIST_TO_SENSOR": 129.38564412634227, "MIDPOINT_X": 361088.01969825843, "MIDPOINT_Y": 171658.9741372882, "SENSOR_X": 361178.0, "SENSOR_Y": 171566.0 }, "geometry": { "type": "LineString", "coordinates": [ [ 361093.521948753972538, 171645.019738716975553 ], [ 361082.517447762889788, 171672.928535859420663 ] ] } },
{ "type": "Feature", "properties": { "JOURNEY_LINK_ID": 227, "SITE_ID": 203, "SEGMENT_ID": 10, "SEGMENT_LENGTH": 14.347177055219666, "LENGTH_PROPORTION": 0.005669439008996152, "DIST_TO_SENSOR": 150.10588899607384, "MIDPOINT_X": 361079.88605569419, "MIDPOINT_Y": 171679.60207675945, "SENSOR_X": 361178.0, "SENSOR_Y": 171566.0 }, "geometry": { "type": "LineString", "coordinates": [ [ 361082.517447762889788, 171672.928535859420663 ], [ 361077.254663625441026, 171686.275617659441195 ] ] } },
{ "type": "Feature", "properties": { "JOURNEY_LINK_ID": 227, "SITE_ID": 203, "SEGMENT_ID": 11, "SEGMENT_LENGTH": 30.00000000001004, "LENGTH_PROPORTION": 0.011854817823417275, "DIST_TO_SENSOR": 169.58283642787532, "MIDPOINT_X": 361075.61232533283, "MIDPOINT_Y": 171701.18543740793, "SENSOR_X": 361178.0, "SENSOR_Y": 171566.0 }, "geometry": { "type": "LineString", "coordinates": [ [ 361077.254663625441026, 171686.275617659441195 ], [ 361073.969987040210981, 171716.095257156441221 ] ] } },
{ "type": "Feature", "properties": { "JOURNEY_LINK_ID": 227, "SITE_ID": 203, "SEGMENT_ID": 12, "SEGMENT_LENGTH": 29.352692262461666, "LENGTH_PROPORTION": 0.011599027313273216, "DIST_TO_SENSOR": 195.65216510587075, "MIDPOINT_X": 361072.36308535706, "MIDPOINT_Y": 171730.68336884864, "SENSOR_X": 361178.0, "SENSOR_Y": 171566.0 }, "geometry": { "type": "LineString", "coordinates": [ [ 361073.969987040210981, 171716.095257156441221 ], [ 361070.756183673918713, 171745.271480540861376 ] ] } },
{ "type": "Feature", "properties": { "JOURNEY_LINK_ID": 227, "SITE_ID": 203, "SEGMENT_ID": 13, "SEGMENT_LENGTH": 29.999999999986166, "LENGTH_PROPORTION": 0.011854817823407842, "DIST_TO_SENSOR": 219.79114808665912, "MIDPOINT_X": 361074.37316866498, "MIDPOINT_Y": 171759.82886421974, "SENSOR_X": 361178.0, "SENSOR_Y": 171566.0 }, "geometry": { "type": "LineString", "coordinates": [ [ 361070.756183673918713, 171745.271480540861376 ], [ 361077.990153656050097, 171774.386247898626607 ] ] } },
{ "type": "Feature", "properties": { "JOURNEY_LINK_ID": 227, "SITE_ID": 203, "SEGMENT_ID": 14, "SEGMENT_LENGTH": 14.609525716005313, "LENGTH_PROPORTION": 0.0057731088616571622, "DIST_TO_SENSOR": 236.81729196648431, "MIDPOINT_X": 361079.75156816409, "MIDPOINT_Y": 171781.47546360578, "SENSOR_X": 361178.0, "SENSOR_Y": 171566.0 }, "geometry": { "type": "LineString", "coordinates": [ [ 361077.990153656050097, 171774.386247898626607 ], [ 361081.512982672138605, 171788.564679312927183 ] ] } },
{ "type": "Feature", "properties": { "JOURNEY_LINK_ID": 227, "SITE_ID": 203, "SEGMENT_ID": 15, "SEGMENT_LENGTH": 30.000000000003315, "LENGTH_PROPORTION": 0.011854817823414618, "DIST_TO_SENSOR": 250.85668473980684, "MIDPOINT_X": 361090.01673128654, "MIDPOINT_Y": 171800.92130747368, "SENSOR_X": 361178.0, "SENSOR_Y": 171566.0 }, "geometry": { "type": "LineString", "coordinates": [ [ 361081.512982672138605, 171788.564679312927183 ], [ 361098.520479900995269, 171813.277935634396272 ] ] } },
{ "type": "Feature", "properties": { "JOURNEY_LINK_ID": 227, "SITE_ID": 203, "SEGMENT_ID": 16, "SEGMENT_LENGTH": 18.349519013295637, "LENGTH_PROPORTION": 0.0072510068349959508, "DIST_TO_SENSOR": 265.44033935728424, "MIDPOINT_X": 361103.72180313047, "MIDPOINT_Y": 171820.83587508026, "SENSOR_X": 361178.0, "SENSOR_Y": 171566.0 }, "geometry": { "type": "LineString", "coordinates": [ [ 361098.520479900995269, 171813.277935634396272 ], [ 361108.923126359994058, 171828.393814526090864 ] ] } },
{ "type": "Feature", "properties": { "JOURNEY_LINK_ID": 227, "SITE_ID": 203, "SEGMENT_ID": 17, "SEGMENT_LENGTH": 29.999999999982464, "LENGTH_PROPORTION": 0.01185481782340638, "DIST_TO_SENSOR": 277.95576466301611, "MIDPOINT_X": 361120.49203097116, "MIDPOINT_Y": 171837.9416124972, "SENSOR_X": 361178.0, "SENSOR_Y": 171566.0 }, "geometry": { "type": "LineString", "coordinates": [ [ 361108.923126359994058, 171828.393814526090864 ], [ 361132.060935582325328, 171847.489410468348069 ] ] } },
{ "type": "Feature", "properties": { "JOURNEY_LINK_ID": 227, "SITE_ID": 203, "SEGMENT_ID": 18, "SEGMENT_LENGTH": 29.999999999996056, "LENGTH_PROPORTION": 0.01185481782341175, "DIST_TO_SENSOR": 292.31978812006781, "MIDPOINT_X": 361144.12878101296, "MIDPOINT_Y": 171856.35082064787, "SENSOR_X": 361178.0, "SENSOR_Y": 171566.0 }, "geometry": { "type": "LineString", "coordinates": [ [ 361132.060935582325328, 171847.489410468348069 ], [ 361138.298664520552848, 171852.637397914193571 ], [ 361156.780410917999689, 171864.409124485915527 ] ] } },
{ "type": "Feature", "properties": { "JOURNEY_LINK_ID": 227, "SITE_ID": 203, "SEGMENT_ID": 19, "SEGMENT_LENGTH": 1.1061738112067661, "LENGTH_PROPORTION": 0.00043711630042956662, "DIST_TO_SENSOR": 299.42631314931049, "MIDPOINT_X": 361157.24690764036, "MIDPOINT_Y": 171864.70625397487, "SENSOR_X": 361178.0, "SENSOR_Y": 171566.0 }, "geometry": { "type": "LineString", "coordinates": [ [ 361156.780410917999689, 171864.409124485915527 ], [ 361157.713404362672009, 171865.003383463801583 ] ] } },
{ "type": "Feature", "properties": { "JOURNEY_LINK_ID": 10, "SITE_ID": 500, "SEGMENT_ID": 0, "SEGMENT_LENGTH": 7.6886601231450431, "LENGTH_PROPORTION": 0.00033913896584137368, "DIST_TO_SENSOR": 274.93443697025754, "MIDPOINT_X": 359636.94843344332, "MIDPOINT_Y": 173630.75148103881, "SENSOR_X": 359522.0, "SENSOR_Y": 173381.0 }, "geometry": { "type": "LineString", "coordinates": [ [ 359640.787151727825403, 173630.959123892651405 ], [ 359633.109715158876497, 173630.543838184967171 ] ] } },
{ "type": "Feature", "properties": { "JOURNEY_LINK_ID": 10, "SITE_ID": 500, "SEGMENT_ID": 1, "SEGMENT_LENGTH": 15.206204673699448, "LENGTH_PROPORTION": 0.00067073019808569956, "DIST_TO_SENSOR": 265.75601110767894, "MIDPOINT_X": 359628.54535612446, "MIDPOINT_Y": 173624.46323034121, "SENSOR_X": 359522.0, "SENSOR_Y": 173381.0 }, "geometry": { "type": "LineString", "coordinates": [ [ 359633.109715158876497, 173630.543838184967171 ], [ 359623.980997090053279, 173618.382622497447301 ] ] } },
{ "type": "Feature", "properties": { "JOURNEY_LINK_ID": 10, "SITE_ID": 500, "SEGMENT_ID": 2, "SEGMENT_LENGTH": 30.000000000018265, "LENGTH_PROPORTION": 0.0013232694399665653, "DIST_TO_SENSOR": 245.93215273185049, "MIDPOINT_X": 359611.49458976724, "MIDPOINT_Y": 173610.07060516294, "SENSOR_X": 359522.0, "SENSOR_Y": 173381.0 }, "geometry": { "type": "LineString", "coordinates": [ [ 359623.980997090053279, 173618.382622497447301 ], [ 359599.008182444435079, 173601.758587828429881 ] ] } },
{ "type": "Feature", "properties": { "JOURNEY_LINK_ID": 10, "SITE_ID": 500, "SEGMENT_ID": 3, "SEGMENT_LENGTH": 29.999999999953687, "LENGTH_PROPORTION": 0.0013232694399637169, "DIST_TO_SENSOR": 222.02838732802118, "MIDPOINT_X": 359586.52177512168, "MIDPOINT_Y": 173593.44657049392, "SENSOR_X": 359522.0, "SENSOR_Y": 173381.0 }, "geometry": { "type": "LineString", "coordinates": [ [ 359599.008182444435079, 173601.758587828429881 ], [ 359574.035367798875086, 173585.134553159441566 ] ] } },
{ "type": "Feature", "properties": { "JOURNEY_LINK_ID": 10, "SITE_ID": 500, "SEGMENT_ID": 4, "SEGMENT_LENGTH": 5.4489498885119882, "LENGTH_PROPORTION": 0.00024034762891242493, "DIST_TO_SENSOR": 208.64711582592909, "MIDPOINT_X": 359571.76744087256, "MIDPOINT_Y": 173583.62482762849, "SENSOR_X": 359522.0, "SENSOR_Y": 173381.0 }, "geometry": { "type": "LineString", "coordinates": [ [ 359574.035367798875086, 173585.134553159441566 ], [ 359569.499513946240768, 173582.115102097566705 ] ] } },
{ "type": "Feature", "properties": { "JOURNEY_LINK_ID": 10, "SITE_ID": 500, "SEGMENT_ID": 5, "SEGMENT_LENGTH": 23.121222403277557, "LENGTH_PROPORTION": 0.001019853567363629, "DIST_TO_SENSOR": 199.65945539177659, "MIDPOINT_X": 359559.03867206548, "MIDPOINT_Y": 173577.19387069673, "SENSOR_X": 359522.0, "SENSOR_Y": 173381.0 }, "geometry": { "type": "LineString", "coordinates": [ [ 359569.499513946240768, 173582.115102097566705 ], [ 359548.577830184658524, 173572.272639295901172 ] ] } },
{ "type": "Feature", "properties": { "JOURNEY_LINK_ID": 10, "SITE_ID": 500, "SEGMENT_ID": 6, "SEGMENT_LENGTH": 29.455533050434877, "LENGTH_PROPORTION": 0.0012992535574513962, "DIST_TO_SENSOR": 178.7207444424688, "MIDPOINT_X": 359543.60395134171, "MIDPOINT_Y": 173558.41018510924, "SENSOR_X": 359522.0, "SENSOR_Y": 173381.0 }, "geometry": { "type": "LineString", "coordinates": [ [ 359548.577830184658524, 173572.272639295901172 ], [ 359538.630072498810478, 173544.547730922582559 ] ] } },
{ "type": "Feature", "properties": { "JOURNEY_LINK_ID": 10, "SITE_ID": 500, "SEGMENT_ID": 7, "SEGMENT_LENGTH": 30.000000000014488, "LENGTH_PROPORTION": 0.0013232694399663988, "DIST_TO_SENSOR": 149.8526211310359, "MIDPOINT_X": 359540.66217269131, "MIDPOINT_Y": 173529.68601605491, "SENSOR_X": 359522.0, "SENSOR_Y": 173381.0 }, "geometry": { "type": "LineString", "coordinates": [ [ 359538.630072498810478, 173544.547730922582559 ], [ 359542.694272883760277, 173514.824301187240053 ] ] } },
{ "type": "Feature", "properties": { "JOURNEY_LINK_ID": 10, "SITE_ID": 500, "SEGMENT_ID": 8, "SEGMENT_LENGTH": 29.999999999985651, "LENGTH_PROPORTION": 0.0013232694399651268, "DIST_TO_SENSOR": 121.1139338682659, "MIDPOINT_X": 359544.72637307621, "MIDPOINT_Y": 173499.9625863196, "SENSOR_X": 359522.0, "SENSOR_Y": 173381.0 }, "geometry": { "type": "LineString", "coordinates": [ [ 359542.694272883760277, 173514.824301187240053 ], [ 359546.758473268710077, 173485.10087145192665 ] ] } },
{ "type": "Feature", "properties": { "JOURNEY_LINK_ID": 10, "SITE_ID": 500, "SEGMENT_ID": 9, "SEGMENT_LENGTH": 17.538796191910301, "LENGTH_PROPORTION": 0.00077361843381809148, "DIST_TO_SENSOR": 98.877353432750454, "MIDPOINT_X": 359547.94649297261, "MIDPOINT_Y": 173476.41231851437, "SENSOR_X": 359522.0, "SENSOR_Y": 173381.0 }, "geometry": { "type": "LineString", "coordinates": [ [ 359546.758473268710077, 173485.10087145192665 ], [ 359549.134512676508166, 173467.723765576840378 ] ] } },
{ "type": "Feature", "properties": { "JOURNEY_LINK_ID": 10, "SITE_ID": 500, "SEGMENT_ID": 10, "SEGMENT_LENGTH": 28.834577755226146, "LENGTH_PROPORTION": 0.0012718638519269086, "DIST_TO_SENSOR": 76.458613489589453, "MIDPOINT_X": 359545.20261473872, "MIDPOINT_Y": 173453.8529906458, "SENSOR_X": 359522.0, "SENSOR_Y": 173381.0 }, "geometry": { "type": "LineString", "coordinates": [ [ 359549.134512676508166, 173467.723765576840378 ], [ 359541.270716800994705, 173439.982215714757331 ] ] } },
{ "type": "Feature", "properties": { "JOURNEY_LINK_ID": 10, "SITE_ID": 500, "SEGMENT_ID": 11, "SEGMENT_LENGTH": 29.999999999989285, "LENGTH_PROPORTION": 0.001323269439965287, "DIST_TO_SENSOR": 47.216015232892921, "MIDPOINT_X": 359534.83838358783, "MIDPOINT_Y": 173426.43707738537, "SENSOR_X": 359522.0, "SENSOR_Y": 173381.0 }, "geometry": { "type": "LineString", "coordinates": [ [ 359541.270716800994705, 173439.982215714757331 ], [ 359535.615279874706175, 173427.793428912584204 ], [ 359529.273957234690897, 173416.722372463264037 ], [ 359527.510050543700345, 173413.351444525324041 ] ] } },
{ "type": "Feature", "properties": { "JOURNEY_LINK_ID": 10, "SITE_ID": 500, "SEGMENT_ID": 12, "SEGMENT_LENGTH": 30.000000000013276, "LENGTH_PROPORTION": 0.0013232694399663454, "DIST_TO_SENSOR": 19.115677992664455, "MIDPOINT_X": 359520.5555691155, "MIDPOINT_Y": 173400.06102737365, "SENSOR_X": 359522.0, "SENSOR_Y": 173381.0 }, "geometry": { "type": "LineString", "coordinates": [ [ 359527.510050543700345, 173413.351444525324041 ], [ 359513.601087687304243, 173386.770610222010873 ] ] } },
{ "type": "Feature", "properties": { "JOURNEY_LINK_ID": 10, "SITE_ID": 500, "SEGMENT_ID": 13, "SEGMENT_LENGTH": 1.1957893860208331, "LENGTH_PROPORTION": 5.2745051705226252e-05, "DIST_TO_SENSOR": 10.136152220091727, "MIDPOINT_X": 359513.32388451806, "MIDPOINT_Y": 173386.24085889649, "SENSOR_X": 359522.0, "SENSOR_Y": 173381.0 }, "geometry": { "type": "LineString", "coordinates": [ [ 359513.601087687304243, 173386.770610222010873 ], [ 359513.046681348816492, 173385.711107570969034 ] ] } },
{ "type": "Feature", "properties": { "JOURNEY_LINK_ID": 10, "SITE_ID": 500, "SEGMENT_ID": 14, "SEGMENT_LENGTH": 29.999999999988862, "LENGTH_PROPORTION": 0.0013232694399652684, "DIST_TO_SENSOR": 16.464966241286373, "MIDPOINT_X": 359508.64353354916, "MIDPOINT_Y": 173371.37192037454, "SENSOR_X": 359522.0, "SENSOR_Y": 173381.0 }, "geometry": { "type": "LineString", "coordinates": [ [ 359513.046681348816492, 173385.711107570969034 ], [ 359504.240385749493726, 173357.03273317811545 ] ] } },
{ "type": "Feature", "properties": { "JOURNEY_LINK_ID": 10, "SITE_ID": 500, "SEGMENT_ID": 15, "SEGMENT_LENGTH": 30.000000000016684, "LENGTH_PROPORTION": 0.0013232694399664957, "DIST_TO_SENSOR": 44.255761671804756, "MIDPOINT_X": 359499.83723794983, "MIDPOINT_Y": 173342.69354598166, "SENSOR_X": 359522.0, "SENSOR_Y": 173381.0 }, "geometry": { "type": "LineString", "coordinates": [ [ 359504.240385749493726, 173357.03273317811545 ], [ 359495.43409015017096, 173328.354358785232762 ] ] } },
{ "type": "Feature", "properties": { "JOURNEY_LINK_ID": 10, "SITE_ID": 500, "SEGMENT_ID": 16, "SEGMENT_LENGTH": 17.759075229194593, "LENGTH_PROPORTION": 0.00078333471776153749, "DIST_TO_SENSOR": 67.737706119977915, "MIDPOINT_X": 359492.82756238285, "MIDPOINT_Y": 173319.86600198032, "SENSOR_X": 359522.0, "SENSOR_Y": 173381.0 }, "geometry": { "type": "LineString", "coordinates": [ [ 359495.43409015017096, 173328.354358785232762 ], [ 359490.221034615533426, 173311.377645175438374 ] ] } },
{ "type": "Feature", "properties": { "JOURNEY_LINK_ID": 10, "SITE_ID": 500, "SEGMENT_ID": 17, "SEGMENT_LENGTH": 29.999999999986215, "LENGTH_PROPORTION": 0.0013232694399651517, "DIST_TO_SENSOR": 90.156284933393124, "MIDPOINT_X": 359490.83669333247, "MIDPOINT_Y": 173296.40092181036, "SENSOR_X": 359522.0, "SENSOR_Y": 173381.0 }, "geometry": { "type": "LineString", "coordinates": [ [ 359490.221034615533426, 173311.377645175438374 ], [ 359490.176720284274779, 173305.817150189250242 ], [ 359491.885453929193318, 173281.437630019761855 ] ] } },
{ "type": "Feature", "properties": { "JOURNEY_LINK_ID": 10, "SITE_ID": 500, "SEGMENT_ID": 18, "SEGMENT_LENGTH": 2.3334015022752106, "LENGTH_PROPORTION": 0.00010292396330436601, "DIST_TO_SENSOR": 105.1082774782073, "MIDPOINT_X": 359491.96702658094, "MIDPOINT_Y": 173280.273784435, "SENSOR_X": 359522.0, "SENSOR_Y": 173381.0 }, "geometry": { "type": "LineString", "coordinates": [ [ 359491.885453929193318, 173281.437630019761855 ], [ 359492.048599232686684, 173279.109938850218896 ] ] } },
{ "type": "Feature", "properties": { "JOURNEY_LINK_ID": 10, "SITE_ID": 500, "SEGMENT_ID": 19, "SEGMENT_LENGTH": 30.000000000014587, "LENGTH_PROPORTION": 0.0013232694399664031, "DIST_TO_SENSOR": 118.72305720237475, "MIDPOINT_X": 359496.9791773184, "MIDPOINT_Y": 173264.94345023303, "SENSOR_X": 359522.0, "SENSOR_Y": 173381.0 }, "geometry": { "type": "LineString", "coordinates": [ [ 359492.048599232686684, 173279.109938850218896 ], [ 359501.90975540416548, 173250.776961615862092 ] ] } },
{ "type": "Feature", "properties": { "JOURNEY_LINK_ID": 10, "SITE_ID": 500, "SEGMENT_ID": 20, "SEGMENT_LENGTH": 29.999999999967969, "LENGTH_PROPORTION": 0.0013232694399643468, "DIST_TO_SENSOR": 145.18316361189349, "MIDPOINT_X": 359506.84033348988, "MIDPOINT_Y": 173236.6104729987, "SENSOR_X": 359522.0, "SENSOR_Y": 173381.0 }, "geometry": { "type": "LineString", "coordinates": [ [ 359501.90975540416548, 173250.776961615862092 ], [ 359511.770911575586069, 173222.443984381534392 ] ] } },
{ "type": "Feature", "properties": { "JOURNEY_LINK_ID": 10, "SITE_ID": 500, "SEGMENT_ID": 21, "SEGMENT_LENGTH": 29.999999999999748, "LENGTH_PROPORTION": 0.0013232694399657487, "DIST_TO_SENSOR": 172.78911034995889, "MIDPOINT_X": 359516.73685994424, "MIDPOINT_Y": 173208.29106562692, "SENSOR_X": 359522.0, "SENSOR_Y": 173381.0 }, "geometry": { "type": "LineString", "coordinates": [ [ 359511.770911575586069, 173222.443984381534392 ], [ 359516.503176428144798, 173208.847287401731592 ], [ 359522.54683442163514, 173194.461958765954478 ] ] } },
{ "type": "Feature", "properties": { "JOURNEY_LINK_ID": 10, "SITE_ID": 500, "SEGMENT_ID": 22, "SEGMENT_LENGTH": 30.000000000022091, "LENGTH_PROPORTION": 0.0013232694399667342, "DIST_TO_SENSOR": 200.46796017093911, "MIDPOINT_X": 359528.35680889909, "MIDPOINT_Y": 173180.63285190501, "SENSOR_X": 359522.0, "SENSOR_Y": 173381.0 }, "geometry": { "type": "LineString", "coordinates": [ [ 359522.54683442163514, 173194.461958765954478 ], [ 359534.16678337653866, 173166.803745044046082 ] ] } },
{ "type": "Feature", "properties": { "JOURNEY_LINK_ID": 10, "SITE_ID": 500, "SEGMENT_ID": 23, "SEGMENT_LENGTH": 29.999999999996387, "LENGTH_PROPORTION": 0.0013232694399656004, "DIST_TO_SENSOR": 228.80111905014218, "MIDPOINT_X": 359539.73447936069, "MIDPOINT_Y": 173152.887220173, "SENSOR_X": 359522.0, "SENSOR_Y": 173381.0 }, "geometry": { "type": "LineString", "coordinates": [ [ 359534.16678337653866, 173166.803745044046082 ], [ 359539.006950002512895, 173155.283009151695296 ], [ 359544.092999449174386, 173138.534405026206514 ] ] } },
{ "type": "Feature", "properties": { "JOURNEY_LINK_ID": 10, "SITE_ID": 500, "SEGMENT_ID": 24, "SEGMENT_LENGTH": 30.00000000000961, "LENGTH_PROPORTION": 0.0013232694399661837, "DIST_TO_SENSOR": 258.17702969615777, "MIDPOINT_X": 359548.45151953766, "MIDPOINT_Y": 173124.18158987939, "SENSOR_X": 359522.0, "SENSOR_Y": 173381.0 }, "geometry": { "type": "LineString", "coordinates": [ [ 359544.092999449174386, 173138.534405026206514 ], [ 359548.486514887190424, 173124.066348519350868 ], [ 359551.847924164962023, 173109.571442477259552 ] ] } },
{ "type": "Feature", "properties": { "JOURNEY_LINK_ID": 10, "SITE_ID": 500, "SEGMENT_ID": 25, "SEGMENT_LENGTH": 14.859445887743124, "LENGTH_PROPORTION": 0.00065543502126917848, "DIST_TO_SENSOR": 280.44387865394873, "MIDPOINT_X": 359553.52635657939, "MIDPOINT_Y": 173102.33378763241, "SENSOR_X": 359522.0, "SENSOR_Y": 173381.0 }, "geometry": { "type": "LineString", "coordinates": [ [ 359551.847924164962023, 173109.571442477259552 ], [ 359555.204788993753027, 173095.096132787584793 ] ] } },
{ "type": "Feature", "properties": { "JOURNEY_LINK_ID": 10, "SITE_ID": 500, "SEGMENT_ID": 26, "SEGMENT_LENGTH": 12.162990006570626, "LENGTH_PROPORTION": 0.00053649709914346149, "DIST_TO_SENSOR": 293.83786399891699, "MIDPOINT_X": 359554.9798291506, "MIDPOINT_Y": 173089.01879993972, "SENSOR_X": 359522.0, "SENSOR_Y": 173381.0 }, "geometry": { "type": "LineString", "coordinates": [ [ 359555.204788993753027, 173095.096132787584793 ], [ 359554.754869307449553, 173082.941467091819504 ] ] } },
{ "type": "Feature", "properties": { "JOURNEY_LINK_ID": 17, "SITE_ID": 500, "SEGMENT_ID": 0, "SEGMENT_LENGTH": 7.5553636683019194, "LENGTH_PROPORTION": 0.00033325939500305097, "DIST_TO_SENSOR": 276.53178529282104, "MIDPOINT_X": 359632.90873023763, "MIDPOINT_Y": 173634.31616970559, "SENSOR_X": 359522.0, "SENSOR_Y": 173381.0 }, "geometry": { "type": "LineString", "coordinates": [ [ 359632.707745316321962, 173638.088501226215158 ], [ 359633.109715158876497, 173630.543838184967171 ] ] } },
{ "type": "Feature", "properties": { "JOURNEY_LINK_ID": 17, "SITE_ID": 500, "SEGMENT_ID": 1, "SEGMENT_LENGTH": 15.206204673699448, "LENGTH_PROPORTION": 0.00067073019808569956, "DIST_TO_SENSOR": 265.75601110767894, "MIDPOINT_X": 359628.54535612446, "MIDPOINT_Y": 173624.46323034121, "SENSOR_X": 359522.0, "SENSOR_Y": 173381.0 }, "geometry": { "type": "LineString", "coordinates": [ [ 359633.109715158876497, 173630.543838184967171 ], [ 359623.980997090053279, 173618.382622497447301 ] ] } },
{ "type": "Feature", "properties": { "JOURNEY_LINK_ID": 17, "SITE_ID": 500, "SEGMENT_ID": 2, "SEGMENT_LENGTH": 30.000000000018265, "LENGTH_PROPORTION": 0.0013232694399665653, "DIST_TO_SENSOR": 245.93215273185049, "MIDPOINT_X": 359611.49458976724, "MIDPOINT_Y": 173610.07060516294, "SENSOR_X": 359522.0, "SENSOR_Y": 173381.0 }, "geometry": { "type": "LineString", "coordinates": [ [ 359623.980997090053279, 173618.382622497447301 ], [ 359599.008182444435079, 173601.758587828429881 ] ] } },
{ "type": "Feature", "properties": { "JOURNEY_LINK_ID": 17, "SITE_ID": 500, "SEGMENT_ID": 3, "SEGMENT_LENGTH": 29.999999999953687, "LENGTH_PROPORTION": 0.0013232694399637169, "DIST_TO_SENSOR": 222.02838732802118, "MIDPOINT_X": 359586.52177512168, "MIDPOINT_Y": 173593.44657049392, "SENSOR_X": 359522.0, "SENSOR_Y": 173381.0 }, "geometry": { "type": "LineString", "coordinates": [ [ 359599.008182444435079, 173601.758587828429881 ], [ 359574.035367798875086, 173585.134553159441566 ] ] } },
{ "type": "Feature", "properties": { "JOURNEY_LINK_ID": 17, "SITE_ID": 500, "SEGMENT_ID": 4, "SEGMENT_LENGTH": 5.4489498885119882, "LENGTH_PROPORTION": 0.00024034762891242493, "DIST_TO_SENSOR": 208.64711582592909, "MIDPOINT_X": 359571.76744087256, "MIDPOINT_Y": 173583.62482762849, "SENSOR_X": 359522.0, "SENSOR_Y": 173381.0 }, "geometry": { "type": "LineString", "coordinates": [ [ 359574.035367798875086, 173585.134553159441566 ], [ 359569.499513946240768, 173582.115102097566705 ] ] } },
{ "type": "Feature", "properties": { "JOURNEY_LINK_ID": 17, "SITE_ID": 500, "SEGMENT_ID": 5, "SEGMENT_LENGTH": 23.121222403277557, "LENGTH_PROPORTION": 0.001019853567363629, "DIST_TO_SENSOR": 199.65945539177659, "MIDPOINT_X": 359559.03867206548, "MIDPOINT_Y": 173577.19387069673, "SENSOR_X": 359522.0, "SENSOR_Y": 173381.0 }, "geometry": { "type": "LineString", "coordinates": [ [ 359569.499513946240768, 173582.115102097566705 ], [ 359548.577830184658524, 173572.272639295901172 ] ] } },
{ "type": "Feature", "properties": { "JOURNEY_LINK_ID": 17, "SITE_ID": 500, "SEGMENT_ID": 6, "SEGMENT_LENGTH": 29.455533050434877, "LENGTH_PROPORTION": 0.0012992535574513962, "DIST_TO_SENSOR": 178.7207444424688, "MIDPOINT_X": 359543.60395134171, "MIDPOINT_Y": 173558.41018510924, "SENSOR_X": 359522.0, "SENSOR_Y": 173381.0 }, "geometry": { "type": "LineString", "coordinates": [ [ 359548.577830184658524, 173572.272639295901172 ], [ 359538.630072498810478, 173544.547730922582559 ] ] } },
{ "type": "Feature", "properties": { "JOURNEY_LINK_ID": 17, "SITE_ID": 500, "SEGMENT_ID": 7, "SEGMENT_LENGTH": 30.000000000014488, "LENGTH_PROPORTION": 0.0013232694399663988, "DIST_TO_SENSOR": 149.8526211310359, "MIDPOINT_X": 359540.66217269131, "MIDPOINT_Y": 173529.68601605491, "SENSOR_X": 359522.0, "SENSOR_Y": 173381.0 }, "geometry": { "type": "LineString", "coordinates": [ [ 359538.630072498810478, 173544.547730922582559 ], [ 359542.694272883760277, 173514.824301187240053 ] ] } },
{ "type": "Feature", "properties": { "JOURNEY_LINK_ID": 17, "SITE_ID": 500, "SEGMENT_ID": 8, "SEGMENT_LENGTH": 29.999999999985651, "LENGTH_PROPORTION": 0.0013232694399651268, "DIST_TO_SENSOR": 121.1139338682659, "MIDPOINT_X": 359544.72637307621, "MIDPOINT_Y": 173499.9625863196, "SENSOR_X": 359522.0, "SENSOR_Y": 173381.0 }, "geometry": { "type": "LineString", "coordinates": [ [ 359542.694272883760277, 173514.824301187240053 ], [ 359546.758473268710077, 173485.10087145192665 ] ] } },
{ "type": "Feature", "properties": { "JOURNEY_LINK_ID": 17, "SITE_ID": 500, "SEGMENT_ID": 9, "SEGMENT_LENGTH": 17.538796191910301, "LENGTH_PROPORTION": 0.00077361843381809148, "DIST_TO_SENSOR": 98.877353432750454, "MIDPOINT_X": 359547.94649297261, "MIDPOINT_Y": 173476.41231851437, "SENSOR_X": 359522.0, "SENSOR_Y": 173381.0 }, "geometry": { "type": "LineString", "coordinates": [ [ 359546.758473268710077, 173485.10087145192665 ], [ 359549.134512676508166, 173467.723765576840378 ] ] } },
{ "type": "Feature", "properties": { "JOURNEY_LINK_ID": 17, "SITE_ID": 500, "SEGMENT_ID": 10, "SEGMENT_LENGTH": 28.834577755226146, "LENGTH_PROPORTION": 0.0012718638519269086, "DIST_TO_SENSOR": 76.458613489589453, "MIDPOINT_X": 359545.20261473872, "MIDPOINT_Y": 173453.8529906458, "SENSOR_X": 359522.0, "SENSOR_Y": 173381.0 }, "geometry": { "type": "LineString", "coordinates": [ [ 359549.134512676508166, 173467.723765576840378 ], [ 359541.270716800994705, 173439.982215714757331 ] ] } },
{ "type": "Feature", "properties": { "JOURNEY_LINK_ID": 17, "SITE_ID": 500, "SEGMENT_ID": 11, "SEGMENT_LENGTH": 29.999999999989285, "LENGTH_PROPORTION": 0.001323269439965287, "DIST_TO_SENSOR": 47.216015232892921, "MIDPOINT_X": 359534.83838358783, "MIDPOINT_Y": 173426.43707738537, "SENSOR_X": 359522.0, "SENSOR_Y": 173381.0 }, "geometry": { "type": "LineString", "coordinates": [ [ 359541.270716800994705, 173439.982215714757331 ], [ 359535.615279874706175, 173427.793428912584204 ], [ 359529.273957234690897, 173416.722372463264037 ], [ 359527.510050543700345, 173413.351444525324041 ] ] } },
{ "type": "Feature", "properties": { "JOURNEY_LINK_ID": 17, "SITE_ID": 500, "SEGMENT_ID": 12, "SEGMENT_LENGTH": 30.000000000013276, "LENGTH_PROPORTION": 0.0013232694399663454, "DIST_TO_SENSOR": 19.115677992664455, "MIDPOINT_X": 359520.5555691155, "MIDPOINT_Y": 173400.06102737365, "SENSOR_X": 359522.0, "SENSOR_Y": 173381.0 }, "geometry": { "type": "LineString", "coordinates": [ [ 359527.510050543700345, 173413.351444525324041 ], [ 359513.601087687304243, 173386.770610222010873 ] ] } },
{ "type": "Feature", "properties": { "JOURNEY_LINK_ID": 17, "SITE_ID": 500, "SEGMENT_ID": 13, "SEGMENT_LENGTH": 1.1957893860208331, "LENGTH_PROPORTION": 5.2745051705226252e-05, "DIST_TO_SENSOR": 10.136152220091727, "MIDPOINT_X": 359513.32388451806, "MIDPOINT_Y": 173386.24085889649, "SENSOR_X": 359522.0, "SENSOR_Y": 173381.0 }, "geometry": { "type": "LineString", "coordinates": [ [ 359513.601087687304243, 173386.770610222010873 ], [ 359513.046681348816492, 173385.711107570969034 ] ] } },
{ "type": "Feature", "properties": { "JOURNEY_LINK_ID": 17, "SITE_ID": 500, "SEGMENT_ID": 14, "SEGMENT_LENGTH": 29.999999999988862, "LENGTH_PROPORTION": 0.0013232694399652684, "DIST_TO_SENSOR": 16.464966241286373, "MIDPOINT_X": 359508.64353354916, "MIDPOINT_Y": 173371.37192037454, "SENSOR_X": 359522.0, "SENSOR_Y": 173381.0 }, "geometry": { "type": "LineString", "coordinates": [ [ 359513.046681348816492, 173385.711107570969034 ], [ 359504.240385749493726, 173357.03273317811545 ] ] } },
{ "type": "Feature", "properties": { "JOURNEY_LINK_ID": 17, "SITE_ID": 500, "SEGMENT_ID": 15, "SEGMENT_LENGTH": 30.000000000016684, "LENGTH_PROPORTION": 0.0013232694399664957, "DIST_TO_SENSOR": 44.255761671804756, "MIDPOINT_X": 359499.83723794983, "MIDPOINT_Y": 173342.69354598166, "SENSOR_X": 359522.0, "SENSOR_Y": 173381.0 }, "geometry": { "type": "LineString", "coordinates": [ [ 359504.240385749493726, 173357.03273317811545 ], [ 359495.43409015017096, 173328.354358785232762 ] ] } },
{ "type": "Feature", "properties": { "JOURNEY_LINK_ID": 17, "SITE_ID": 500, "SEGMENT_ID": 16, "SEGMENT_LENGTH": 17.759075229194593, "LENGTH_PROPORTION": 0.00078333471776153749, "DIST_TO_SENSOR": 67.737706119977915, "MIDPOINT_X": 359492.82756238285, "MIDPOINT_Y": 173319.86600198032, "SENSOR_X": 359522.0, "SENSOR_Y": 173381.0 }, "geometry": { "type": "LineString", "coordinates": [ [ 359495.43409015017096, 173328.354358785232762 ], [ 359490.221034615533426, 173311.377645175438374 ] ] } },
{ "type": "Feature", "properties": { "JOURNEY_LINK_ID": 17, "SITE_ID": 500, "SEGMENT_ID": 17, "SEGMENT_LENGTH": 29.999999999986215, "LENGTH_PROPORTION": 0.0013232694399651517, "DIST_TO_SENSOR": 90.156284933393124, "MIDPOINT_X": 359490.83669333247, "MIDPOINT_Y": 173296.40092181036, "SENSOR_X": 359522.0, "SENSOR_Y": 173381.0 }, "geometry": { "type": "LineString", "coordinates": [ [ 359490.221034615533426, 173311.377645175438374 ], [ 359490.176720284274779, 173305.817150189250242 ], [ 359491.885453929193318, 173281.437630019761855 ] ] } },
{ "type": "Feature", "properties": { "JOURNEY_LINK_ID": 17, "SITE_ID": 500, "SEGMENT_ID": 18, "SEGMENT_LENGTH": 2.3334015022752106, "LENGTH_PROPORTION": 0.00010292396330436601, "DIST_TO_SENSOR": 105.1082774782073, "MIDPOINT_X": 359491.96702658094, "MIDPOINT_Y": 173280.273784435, "SENSOR_X": 359522.0, "SENSOR_Y": 173381.0 }, "geometry": { "type": "LineString", "coordinates": [ [ 359491.885453929193318, 173281.437630019761855 ], [ 359492.048599232686684, 173279.109938850218896 ] ] } },
{ "type": "Feature", "properties": { "JOURNEY_LINK_ID": 17, "SITE_ID": 500, "SEGMENT_ID": 19, "SEGMENT_LENGTH": 30.000000000014587, "LENGTH_PROPORTION": 0.0013232694399664031, "DIST_TO_SENSOR": 118.72305720237475, "MIDPOINT_X": 359496.9791773184, "MIDPOINT_Y": 173264.94345023303, "SENSOR_X": 359522.0, "SENSOR_Y": 173381.0 }, "geometry": { "type": "LineString", "coordinates": [ [ 359492.048599232686684, 173279.109938850218896 ], [ 359501.90975540416548, 173250.776961615862092 ] ] } },
{ "type": "Feature", "properties": { "JOURNEY_LINK_ID": 17, "SITE_ID": 500, "SEGMENT_ID": 20, "SEGMENT_LENGTH": 29.999999999967969, "LENGTH_PROPORTION": 0.0013232694399643468, "DIST_TO_SENSOR": 145.18316361189349, "MIDPOINT_X": 359506.84033348988, "MIDPOINT_Y": 173236.6104729987, "SENSOR_X": 359522.0, "SENSOR_Y": 173381.0 }, "geometry": { "type": "LineString", "coordinates": [ [ 359501.90975540416548, 173250.776961615862092 ], [ 359511.770911575586069, 173222.443984381534392 ] ] } },
{ "type": "Feature", "properties": { "JOURNEY_LINK_ID": 17, "SITE_ID": 500, "SEGMENT_ID": 21, "SEGMENT_LENGTH": 29.999999999999748, "LENGTH_PROPORTION": 0.0013232694399657487, "DIST_TO_SENSOR": 172.78911034995889, "MIDPOINT_X": 359516.73685994424, "MIDPOINT_Y": 173208.29106562692, "SENSOR_X": 359522.0, "SENSOR_Y": 173381.0 }, "geometry": { "type": "LineString", "coordinates": [ [ 359511.770911575586069, 173222.443984381534392 ], [ 359516.503176428144798, 173208.847287401731592 ], [ 359522.54683442163514, 173194.461958765954478 ] ] } },
{ "type": "Feature", "properties": { "JOURNEY_LINK_ID": 17, "SITE_ID": 500, "SEGMENT_ID": 22, "SEGMENT_LENGTH": 30.000000000022091, "LENGTH_PROPORTION": 0.0013232694399667342, "DIST_TO_SENSOR": 200.46796017093911, "MIDPOINT_X": 359528.35680889909, "MIDPOINT_Y": 173180.63285190501, "SENSOR_X": 359522.0, "SENSOR_Y": 173381.0 }, "geometry": { "type": "LineString", "coordinates": [ [ 359522.54683442163514, 173194.461958765954478 ], [ 359534.16678337653866, 173166.803745044046082 ] ] } },
{ "type": "Feature", "properties": { "JOURNEY_LINK_ID": 17, "SITE_ID": 500, "SEGMENT_ID": 23, "SEGMENT_LENGTH": 29.999999999996387, "LENGTH_PROPORTION": 0.0013232694399656004, "DIST_TO_SENSOR": 228.80111905014218, "MIDPOINT_X": 359539.73447936069, "MIDPOINT_Y": 173152.887220173, "SENSOR_X": 359522.0, "SENSOR_Y": 173381.0 }, "geometry": { "type": "LineString", "coordinates": [ [ 359534.16678337653866, 173166.803745044046082 ], [ 359539.006950002512895, 173155.283009151695296 ], [ 359544.092999449174386, 173138.534405026206514 ] ] } },
{ "type": "Feature", "properties": { "JOURNEY_LINK_ID": 17, "SITE_ID": 500, "SEGMENT_ID": 24, "SEGMENT_LENGTH": 30.00000000000961, "LENGTH_PROPORTION": 0.0013232694399661837, "DIST_TO_SENSOR": 258.17702969615777, "MIDPOINT_X": 359548.45151953766, "MIDPOINT_Y": 173124.18158987939, "SENSOR_X": 359522.0, "SENSOR_Y": 173381.0 }, "geometry": { "type": "LineString", "coordinates": [ [ 359544.092999449174386, 173138.534405026206514 ], [ 359548.486514887190424, 173124.066348519350868 ], [ 359551.847924164962023, 173109.571442477259552 ] ] } },
{ "type": "Feature", "properties": { "JOURNEY_LINK_ID": 17, "SITE_ID": 500, "SEGMENT_ID": 25, "SEGMENT_LENGTH": 14.859445887743124, "LENGTH_PROPORTION": 0.00065543502126917848, "DIST_TO_SENSOR": 280.44387865394873, "MIDPOINT_X": 359553.52635657939, "MIDPOINT_Y": 173102.33378763241, "SENSOR_X": 359522.0, "SENSOR_Y": 173381.0 }, "geometry": { "type": "LineString", "coordinates": [ [ 359551.847924164962023, 173109.571442477259552 ], [ 359555.204788993753027, 173095.096132787584793 ] ] } },
{ "type": "Feature", "properties": { "JOURNEY_LINK_ID": 17, "SITE_ID": 500, "SEGMENT_ID": 26, "SEGMENT_LENGTH": 12.162990006570626, "LENGTH_PROPORTION": 0.00053649709914346149, "DIST_TO_SENSOR": 293.83786399891699, "MIDPOINT_X": 359554.9798291506, "MIDPOINT_Y": 173089.01879993972, "SENSOR_X": 359522.0, "SENSOR_Y": 173381.0 }, "geometry": { "type": "LineString", "coordinates": [ [ 359555.204788993753027, 173095.096132787584793 ], [ 359554.754869307449553, 173082.941467091819504 ] ] } },
{ "type": "Feature", "properties": { "JOURNEY_LINK_ID": 20, "SITE_ID": 500, "SEGMENT_ID": 0, "SEGMENT_LENGTH": 20.191537716181969, "LENGTH_PROPORTION": 0.00089062816019132101, "DIST_TO_SENSOR": 290.89157366344455, "MIDPOINT_X": 359624.17416015954, "MIDPOINT_Y": 173653.35702418716, "SENSOR_X": 359522.0, "SENSOR_Y": 173381.0 }, "geometry": { "type": "LineString", "coordinates": [ [ 359616.525400309066754, 173646.767561266256962 ], [ 359631.822920009959489, 173659.946487108099973 ] ] } },
{ "type": "Feature", "properties": { "JOURNEY_LINK_ID": 20, "SITE_ID": 452, "SEGMENT_ID": 0, "SEGMENT_LENGTH": 4.7855071736687611, "LENGTH_PROPORTION": 0.0061166928658836321, "DIST_TO_SENSOR": 299.28117380803383, "MIDPOINT_X": 359637.13769749884, "MIDPOINT_Y": 173664.52520704188, "SENSOR_X": 359488.0, "SENSOR_Y": 173924.0 }, "geometry": { "type": "LineString", "coordinates": [ [ 359635.324898709135596, 173662.963467538851546 ], [ 359638.950496288540307, 173666.086946544935927 ] ] } },
{ "type": "Feature", "properties": { "JOURNEY_LINK_ID": 20, "SITE_ID": 452, "SEGMENT_ID": 1, "SEGMENT_LENGTH": 27.913198431702504, "LENGTH_PROPORTION": 0.03567781961557389, "DIST_TO_SENSOR": 298.93149787063658, "MIDPOINT_X": 359650.87574631977, "MIDPOINT_Y": 173673.33781362168, "SENSOR_X": 359488.0, "SENSOR_Y": 173924.0 }, "geometry": { "type": "LineString", "coordinates": [ [ 359638.950496288540307, 173666.086946544935927 ], [ 359662.800996350997593, 173680.588680698419921 ] ] } },
{ "type": "Feature", "properties": { "JOURNEY_LINK_ID": 49, "SITE_ID": 500, "SEGMENT_ID": 0, "SEGMENT_LENGTH": 28.2364509380361, "LENGTH_PROPORTION": 0.0012454810873131893, "DIST_TO_SENSOR": 287.63837443024204, "MIDPOINT_X": 359779.14297136047, "MIDPOINT_Y": 173252.10730538631, "SENSOR_X": 359522.0, "SENSOR_Y": 173381.0 }, "geometry": { "type": "LineString", "coordinates": [ [ 359786.94420293031726, 173240.358676667907275 ], [ 359780.172125196200795, 173250.122646261414047 ], [ 359772.643754857068416, 173264.640639948018361 ] ] } },
{ "type": "Feature", "properties": { "JOURNEY_LINK_ID": 49, "SITE_ID": 500, "SEGMENT_ID": 1, "SEGMENT_LENGTH": 29.999999999992994, "LENGTH_PROPORTION": 0.0013232694399654508, "DIST_TO_SENSOR": 272.53666083441419, "MIDPOINT_X": 359774.91765294992, "MIDPOINT_Y": 173279.46728445927, "SENSOR_X": 359522.0, "SENSOR_Y": 173381.0 }, "geometry": { "type": "LineString", "coordinates": [ [ 359772.643754857068416, 173264.640639948018361 ], [ 359777.191551042837091, 173294.293928970524576 ] ] } },
{ "type": "Feature", "properties": { "JOURNEY_LINK_ID": 49, "SITE_ID": 500, "SEGMENT_ID": 2, "SEGMENT_LENGTH": 18.323966284893231, "LENGTH_PROPORTION": 0.00080825148679207102, "DIST_TO_SENSOR": 268.07283212823978, "MIDPOINT_X": 359778.58044544247, "MIDPOINT_Y": 173303.35002677527, "SENSOR_X": 359522.0, "SENSOR_Y": 173381.0 }, "geometry": { "type": "LineString", "coordinates": [ [ 359777.191551042837091, 173294.293928970524576 ], [ 359779.969339842151385, 173312.406124580011237 ] ] } },
{ "type": "Feature", "properties": { "JOURNEY_LINK_ID": 49, "SITE_ID": 500, "SEGMENT_ID": 3, "SEGMENT_LENGTH": 30.000000000000263, "LENGTH_PROPORTION": 0.0013232694399657712, "DIST_TO_SENSOR": 273.02126690006139, "MIDPOINT_X": 359789.07440558623, "MIDPOINT_Y": 173324.32660182699, "SENSOR_X": 359522.0, "SENSOR_Y": 173381.0 }, "geometry": { "type": "LineString", "coordinates": [ [ 359779.969339842151385, 173312.406124580011237 ], [ 359798.17947133036796, 173336.247079073946225 ] ] } },
{ "type": "Feature", "properties": { "JOURNEY_LINK_ID": 49, "SITE_ID": 500, "SEGMENT_ID": 4, "SEGMENT_LENGTH": 30.000000000000263, "LENGTH_PROPORTION": 0.0013232694399657712, "DIST_TO_SENSOR": 287.16761038069063, "MIDPOINT_X": 359807.28453707451, "MIDPOINT_Y": 173348.1675563209, "SENSOR_X": 359522.0, "SENSOR_Y": 173381.0 }, "geometry": { "type": "LineString", "coordinates": [ [ 359798.17947133036796, 173336.247079073946225 ], [ 359816.389602818584535, 173360.088033567881212 ] ] } },
{ "type": "Feature", "properties": { "JOURNEY_LINK_ID": 49, "SITE_ID": 500, "SEGMENT_ID": 5, "SEGMENT_LENGTH": 8.0692850138569554, "LENGTH_PROPORTION": 0.00035592794204035303, "DIST_TO_SENSOR": 297.36622708306987, "MIDPOINT_X": 359818.83864850388, "MIDPOINT_Y": 173363.29435784812, "SENSOR_X": 359522.0, "SENSOR_Y": 173381.0 }, "geometry": { "type": "LineString", "coordinates": [ [ 359816.389602818584535, 173360.088033567881212 ], [ 359821.287694189173635, 173366.500682128360495 ] ] } },
{ "type": "Feature", "properties": { "JOURNEY_LINK_ID": 52, "SITE_ID": 500, "SEGMENT_ID": 0, "SEGMENT_LENGTH": 9.0902913121482989, "LENGTH_PROPORTION": 0.00040096348979173636, "DIST_TO_SENSOR": 297.15347469803044, "MIDPOINT_X": 359755.56586060894, "MIDPOINT_Y": 173197.29595463595, "SENSOR_X": 359522.0, "SENSOR_Y": 173381.0 }, "geometry": { "type": "LineString", "coordinates": [ [ 359759.876702695386484, 173198.736437034531264 ], [ 359751.255018522497267, 173195.855472237337381 ] ] } },
{ "type": "Feature", "properties": { "JOURNEY_LINK_ID": 52, "SITE_ID": 500, "SEGMENT_ID": 1, "SEGMENT_LENGTH": 29.999999999991005, "LENGTH_PROPORTION": 0.0013232694399653629, "DIST_TO_SENSOR": 289.46353664652014, "MIDPOINT_X": 359738.18057587231, "MIDPOINT_Y": 173188.50299310527, "SENSOR_X": 359522.0, "SENSOR_Y": 173381.0 }, "geometry": { "type": "LineString", "coordinates": [ [ 359751.255018522497267, 173195.855472237337381 ], [ 359725.106133222172502, 173181.150513973203488 ] ] } },
{ "type": "Feature", "properties": { "JOURNEY_LINK_ID": 52, "SITE_ID": 500, "SEGMENT_ID": 2, "SEGMENT_LENGTH": 29.999999999991005, "LENGTH_PROPORTION": 0.0013232694399653629, "DIST_TO_SENSOR": 281.14888900253925, "MIDPOINT_X": 359712.03169057204, "MIDPOINT_Y": 173173.79803484114, "SENSOR_X": 359522.0, "SENSOR_Y": 173381.0 }, "geometry": { "type": "LineString", "coordinates": [ [ 359725.106133222172502, 173181.150513973203488 ], [ 359698.957247921847738, 173166.445555709069595 ] ] } },
{ "type": "Feature", "properties": { "JOURNEY_LINK_ID": 52, "SITE_ID": 500, "SEGMENT_ID": 3, "SEGMENT_LENGTH": 16.070246670271381, "LENGTH_PROPORTION": 0.00070884221038272079, "DIST_TO_SENSOR": 276.80933644180965, "MIDPOINT_X": 359691.95359730639, "MIDPOINT_Y": 173162.50701726606, "SENSOR_X": 359522.0, "SENSOR_Y": 173381.0 }, "geometry": { "type": "LineString", "coordinates": [ [ 359698.957247921847738, 173166.445555709069595 ], [ 359684.94994669087464, 173158.568478823057376 ] ] } },
{ "type": "Feature", "properties": { "JOURNEY_LINK_ID": 52, "SITE_ID": 500, "SEGMENT_ID": 4, "SEGMENT_LENGTH": 29.999999999998042, "LENGTH_PROPORTION": 0.0013232694399656734, "DIST_TO_SENSOR": 271.50400269023771, "MIDPOINT_X": 359670.71273881046, "MIDPOINT_Y": 173153.84598882627, "SENSOR_X": 359522.0, "SENSOR_Y": 173381.0 }, "geometry": { "type": "LineString", "coordinates": [ [ 359684.94994669087464, 173158.568478823057376 ], [ 359656.475530930038076, 173149.123498829489108 ] ] } },
{ "type": "Feature", "properties": { "JOURNEY_LINK_ID": 52, "SITE_ID": 500, "SEGMENT_ID": 5, "SEGMENT_LENGTH": 29.999999999974516, "LENGTH_PROPORTION": 0.0013232694399646357, "DIST_TO_SENSOR": 264.85105935131656, "MIDPOINT_X": 359642.07729778643, "MIDPOINT_Y": 173144.93321666142, "SENSOR_X": 359522.0, "SENSOR_Y": 173381.0 }, "geometry": { "type": "LineString", "coordinates": [ [ 359656.475530930038076, 173149.123498829489108 ], [ 359652.206300011835992, 173147.707392492156941 ], [ 359628.530165525036864, 173141.222868291602936 ], [ 359627.634073047956917, 173140.895695859799162 ] ] } },
{ "type": "Feature", "properties": { "JOURNEY_LINK_ID": 52, "SITE_ID": 500, "SEGMENT_ID": 6, "SEGMENT_LENGTH": 30.000000000021139, "LENGTH_PROPORTION": 0.0013232694399666922, "DIST_TO_SENSOR": 261.77708855310851, "MIDPOINT_X": 359613.54385285429, "MIDPOINT_Y": 173135.7512138747, "SENSOR_X": 359522.0, "SENSOR_Y": 173381.0 }, "geometry": { "type": "LineString", "coordinates": [ [ 359627.634073047956917, 173140.895695859799162 ], [ 359599.453632660675794, 173130.606731889594812 ] ] } },
{ "type": "Feature", "properties": { "JOURNEY_LINK_ID": 52, "SITE_ID": 500, "SEGMENT_ID": 7, "SEGMENT_LENGTH": 26.169476902403151, "LENGTH_PROPORTION": 0.0011543089681613301, "DIST_TO_SENSOR": 263.07872666702195, "MIDPOINT_X": 359587.16250959714, "MIDPOINT_Y": 173126.11911847346, "SENSOR_X": 359522.0, "SENSOR_Y": 173381.0 }, "geometry": { "type": "LineString", "coordinates": [ [ 359599.453632660675794, 173130.606731889594812 ], [ 359574.871386533544865, 173121.631505057332106 ] ] } },
{ "type": "Feature", "properties": { "JOURNEY_LINK_ID": 52, "SITE_ID": 500, "SEGMENT_ID": 8, "SEGMENT_LENGTH": 8.0592449070736709, "LENGTH_PROPORTION": 0.00035548508315767595, "DIST_TO_SENSOR": 268.30017786847463, "MIDPOINT_X": 359573.79824133578, "MIDPOINT_Y": 173117.7474071566, "SENSOR_X": 359522.0, "SENSOR_Y": 173381.0 }, "geometry": { "type": "LineString", "coordinates": [ [ 359574.871386533544865, 173121.631505057332106 ], [ 359572.725096137961373, 173113.863309255859349 ] ] } },
{ "type": "Feature", "properties": { "JOURNEY_LINK_ID": 52, "SITE_ID": 500, "SEGMENT_ID": 9, "SEGMENT_LENGTH": 6.2164609805401199, "LENGTH_PROPORTION": 0.00027420176134294405, "DIST_TO_SENSOR": 274.37380307172037, "MIDPOINT_X": 359571.31342050666, "MIDPOINT_Y": 173111.0941453581, "SENSOR_X": 359522.0, "SENSOR_Y": 173381.0 }, "geometry": { "type": "LineString", "coordinates": [ [ 359572.725096137961373, 173113.863309255859349 ], [ 359569.901744875358418, 173108.324981460347772 ] ] } },
{ "type": "Feature", "properties": { "JOURNEY_LINK_ID": 52, "SITE_ID": 500, "SEGMENT_ID": 10, "SEGMENT_LENGTH": 23.554371477268358, "LENGTH_PROPORTION": 0.0010389593317823454, "DIST_TO_SENSOR": 288.23202757287595, "MIDPOINT_X": 359568.82584458403, "MIDPOINT_Y": 173096.59704291663, "SENSOR_X": 359522.0, "SENSOR_Y": 173381.0 }, "geometry": { "type": "LineString", "coordinates": [ [ 359569.901744875358418, 173108.324981460347772 ], [ 359567.749944292765576, 173084.869104372890433 ] ] } },
{ "type": "Feature", "properties": { "JOURNEY_LINK_ID": 53, "SITE_ID": 500, "SEGMENT_ID": 0, "SEGMENT_LENGTH": 9.0902913121482989, "LENGTH_PROPORTION": 0.00040096348979173636, "DIST_TO_SENSOR": 297.15347469803044, "MIDPOINT_X": 359755.56586060894, "MIDPOINT_Y": 173197.29595463595, "SENSOR_X": 359522.0, "SENSOR_Y": 173381.0 }, "geometry": { "type": "LineString", "coordinates": [ [ 359759.876702695386484, 173198.736437034531264 ], [ 359751.255018522497267, 173195.855472237337381 ] ] } },
{ "type": "Feature", "properties": { "JOURNEY_LINK_ID": 53, "SITE_ID": 500, "SEGMENT_ID": 1, "SEGMENT_LENGTH": 29.999999999991005, "LENGTH_PROPORTION": 0.0013232694399653629, "DIST_TO_SENSOR": 289.46353664652014, "MIDPOINT_X": 359738.18057587231, "MIDPOINT_Y": 173188.50299310527, "SENSOR_X": 359522.0, "SENSOR_Y": 173381.0 }, "geometry": { "type": "LineString", "coordinates": [ [ 359751.255018522497267, 173195.855472237337381 ], [ 359725.106133222172502, 173181.150513973203488 ] ] } },
{ "type": "Feature", "properties": { "JOURNEY_LINK_ID": 53, "SITE_ID": 500, "SEGMENT_ID": 2, "SEGMENT_LENGTH": 29.999999999991005, "LENGTH_PROPORTION": 0.0013232694399653629, "DIST_TO_SENSOR": 281.14888900253925, "MIDPOINT_X": 359712.03169057204, "MIDPOINT_Y": 173173.79803484114, "SENSOR_X": 359522.0, "SENSOR_Y": 173381.0 }, "geometry": { "type": "LineString", "coordinates": [ [ 359725.106133222172502, 173181.150513973203488 ], [ 359698.957247921847738, 173166.445555709069595 ] ] } },
{ "type": "Feature", "properties": { "JOURNEY_LINK_ID": 53, "SITE_ID": 500, "SEGMENT_ID": 3, "SEGMENT_LENGTH": 16.070246670271381, "LENGTH_PROPORTION": 0.00070884221038272079, "DIST_TO_SENSOR": 276.80933644180965, "MIDPOINT_X": 359691.95359730639, "MIDPOINT_Y": 173162.50701726606, "SENSOR_X": 359522.0, "SENSOR_Y": 173381.0 }, "geometry": { "type": "LineString", "coordinates": [ [ 359698.957247921847738, 173166.445555709069595 ], [ 359684.94994669087464, 173158.568478823057376 ] ] } },
{ "type": "Feature", "properties": { "JOURNEY_LINK_ID": 53, "SITE_ID": 500, "SEGMENT_ID": 4, "SEGMENT_LENGTH": 29.999999999998042, "LENGTH_PROPORTION": 0.0013232694399656734, "DIST_TO_SENSOR": 271.50400269023771, "MIDPOINT_X": 359670.71273881046, "MIDPOINT_Y": 173153.84598882627, "SENSOR_X": 359522.0, "SENSOR_Y": 173381.0 }, "geometry": { "type": "LineString", "coordinates": [ [ 359684.94994669087464, 173158.568478823057376 ], [ 359656.475530930038076, 173149.123498829489108 ] ] } },
{ "type": "Feature", "properties": { "JOURNEY_LINK_ID": 53, "SITE_ID": 500, "SEGMENT_ID": 5, "SEGMENT_LENGTH": 29.999999999974516, "LENGTH_PROPORTION": 0.0013232694399646357, "DIST_TO_SENSOR": 264.85105935131656, "MIDPOINT_X": 359642.07729778643, "MIDPOINT_Y": 173144.93321666142, "SENSOR_X": 359522.0, "SENSOR_Y": 173381.0 }, "geometry": { "type": "LineString", "coordinates": [ [ 359656.475530930038076, 173149.123498829489108 ], [ 359652.206300011835992, 173147.707392492156941 ], [ 359628.530165525036864, 173141.222868291602936 ], [ 359627.634073047956917, 173140.895695859799162 ] ] } },
{ "type": "Feature", "properties": { "JOURNEY_LINK_ID": 53, "SITE_ID": 500, "SEGMENT_ID": 6, "SEGMENT_LENGTH": 30.000000000021139, "LENGTH_PROPORTION": 0.0013232694399666922, "DIST_TO_SENSOR": 261.77708855310851, "MIDPOINT_X": 359613.54385285429, "MIDPOINT_Y": 173135.7512138747, "SENSOR_X": 359522.0, "SENSOR_Y": 173381.0 }, "geometry": { "type": "LineString", "coordinates": [ [ 359627.634073047956917, 173140.895695859799162 ], [ 359599.453632660675794, 173130.606731889594812 ] ] } },
{ "type": "Feature", "properties": { "JOURNEY_LINK_ID": 53, "SITE_ID": 500, "SEGMENT_ID": 7, "SEGMENT_LENGTH": 26.169476902403151, "LENGTH_PROPORTION": 0.0011543089681613301, "DIST_TO_SENSOR": 263.07872666702195, "MIDPOINT_X": 359587.16250959714, "MIDPOINT_Y": 173126.11911847346, "SENSOR_X": 359522.0, "SENSOR_Y": 173381.0 }, "geometry": { "type": "LineString", "coordinates": [ [ 359599.453632660675794, 173130.606731889594812 ], [ 359574.871386533544865, 173121.631505057332106 ] ] } },
{ "type": "Feature", "properties": { "JOURNEY_LINK_ID": 53, "SITE_ID": 500, "SEGMENT_ID": 8, "SEGMENT_LENGTH": 8.0592449070736709, "LENGTH_PROPORTION": 0.00035548508315767595, "DIST_TO_SENSOR": 268.30017786847463, "MIDPOINT_X": 359573.79824133578, "MIDPOINT_Y": 173117.7474071566, "SENSOR_X": 359522.0, "SENSOR_Y": 173381.0 }, "geometry": { "type": "LineString", "coordinates": [ [ 359574.871386533544865, 173121.631505057332106 ], [ 359572.725096137961373, 173113.863309255859349 ] ] } },
{ "type": "Feature", "properties": { "JOURNEY_LINK_ID": 53, "SITE_ID": 500, "SEGMENT_ID": 9, "SEGMENT_LENGTH": 6.2164609805401199, "LENGTH_PROPORTION": 0.00027420176134294405, "DIST_TO_SENSOR": 274.37380307172037, "MIDPOINT_X": 359571.31342050666, "MIDPOINT_Y": 173111.0941453581, "SENSOR_X": 359522.0, "SENSOR_Y": 173381.0 }, "geometry": { "type": "LineString", "coordinates": [ [ 359572.725096137961373, 173113.863309255859349 ], [ 359569.901744875358418, 173108.324981460347772 ] ] } },
{ "type": "Feature", "properties": { "JOURNEY_LINK_ID": 53, "SITE_ID": 500, "SEGMENT_ID": 10, "SEGMENT_LENGTH": 29.999999999975593, "LENGTH_PROPORTION": 0.0013232694399646831, "DIST_TO_SENSOR": 281.76404532600111, "MIDPOINT_X": 359556.61165812763, "MIDPOINT_Y": 173101.36986864766, "SENSOR_X": 359522.0, "SENSOR_Y": 173381.0 }, "geometry": { "type": "LineString", "coordinates": [ [ 359569.901744875358418, 173108.324981460347772 ], [ 359543.321571379899979, 173094.414755834935931 ] ] } },
{ "type": "Feature", "properties": { "JOURNEY_LINK_ID": 53, "SITE_ID": 500, "SEGMENT_ID": 11, "SEGMENT_LENGTH": 3.0760543258224984, "LENGTH_PROPORTION": 0.00013568162283451301, "DIST_TO_SENSOR": 287.99083329254512, "MIDPOINT_X": 359541.95887041884, "MIDPOINT_Y": 173093.70161233982, "SENSOR_X": 359522.0, "SENSOR_Y": 173381.0 }, "geometry": { "type": "LineString", "coordinates": [ [ 359543.321571379899979, 173094.414755834935931 ], [ 359540.596169457829092, 173092.98846884467639 ] ] } },
{ "type": "Feature", "properties": { "JOURNEY_LINK_ID": 53, "SITE_ID": 500, "SEGMENT_ID": 12, "SEGMENT_LENGTH": 8.6296788146777637, "LENGTH_PROPORTION": 0.00038064634173943417, "DIST_TO_SENSOR": 287.22910566841853, "MIDPOINT_X": 359536.43614338717, "MIDPOINT_Y": 173094.13390422153, "SENSOR_X": 359522.0, "SENSOR_Y": 173381.0 }, "geometry": { "type": "LineString", "coordinates": [ [ 359540.596169457829092, 173092.98846884467639 ], [ 359532.276117316505406, 173095.279339598375373 ] ] } },
{ "type": "Feature", "properties": { "JOURNEY_LINK_ID": 53, "SITE_ID": 500, "SEGMENT_ID": 13, "SEGMENT_LENGTH": 15.348873696175508, "LENGTH_PROPORTION": 0.00067702318333477814, "DIST_TO_SENSOR": 281.25161520599141, "MIDPOINT_X": 359526.05823578639, "MIDPOINT_Y": 173099.77766486589, "SENSOR_X": 359522.0, "SENSOR_Y": 173381.0 }, "geometry": { "type": "LineString", "coordinates": [ [ 359532.276117316505406, 173095.279339598375373 ], [ 359519.840354256215505, 173104.275990133406594 ] ] } },
{ "type": "Feature", "properties": { "JOURNEY_LINK_ID": 53, "SITE_ID": 500, "SEGMENT_ID": 14, "SEGMENT_LENGTH": 17.344995460415735, "LENGTH_PROPORTION": 0.00076507008097043247, "DIST_TO_SENSOR": 268.97387364063832, "MIDPOINT_X": 359516.08087022405, "MIDPOINT_Y": 173112.09126342949, "SENSOR_X": 359522.0, "SENSOR_Y": 173381.0 }, "geometry": { "type": "LineString", "coordinates": [ [ 359519.840354256215505, 173104.275990133406594 ], [ 359512.321386191935744, 173119.906536725582555 ] ] } },
{ "type": "Feature", "properties": { "JOURNEY_LINK_ID": 53, "SITE_ID": 500, "SEGMENT_ID": 15, "SEGMENT_LENGTH": 16.739867645683528, "LENGTH_PROPORTION": 0.00073837850948681942, "DIST_TO_SENSOR": 252.91546988181111, "MIDPOINT_X": 359513.08256770845, "MIDPOINT_Y": 173128.24178686566, "SENSOR_X": 359522.0, "SENSOR_Y": 173381.0 }, "geometry": { "type": "LineString", "coordinates": [ [ 359512.321386191935744, 173119.906536725582555 ], [ 359513.843749224906787, 173136.577037005743477 ] ] } },
{ "type": "Feature", "properties": { "JOURNEY_LINK_ID": 53, "SITE_ID": 500, "SEGMENT_ID": 16, "SEGMENT_LENGTH": 3.6142446500096952, "LENGTH_PROPORTION": 0.00015942064979725242, "DIST_TO_SENSOR": 242.87457801495296, "MIDPOINT_X": 359514.55184233346, "MIDPOINT_Y": 173138.23965399325, "SENSOR_X": 359522.0, "SENSOR_Y": 173381.0 }, "geometry": { "type": "LineString", "coordinates": [ [ 359513.843749224906787, 173136.577037005743477 ], [ 359515.259935442009009, 173139.902270980761386 ] ] } },
{ "type": "Feature", "properties": { "JOURNEY_LINK_ID": 53, "SITE_ID": 500, "SEGMENT_ID": 17, "SEGMENT_LENGTH": 18.957389705613643, "LENGTH_PROPORTION": 0.00083619114863200082, "DIST_TO_SENSOR": 231.75619439976981, "MIDPOINT_X": 359514.64032319817, "MIDPOINT_Y": 173149.36069245476, "SENSOR_X": 359522.0, "SENSOR_Y": 173381.0 }, "geometry": { "type": "LineString", "coordinates": [ [ 359515.259935442009009, 173139.902270980761386 ], [ 359514.020710954267997, 173158.819113928766456 ] ] } },
{ "type": "Feature", "properties": { "JOURNEY_LINK_ID": 53, "SITE_ID": 500, "SEGMENT_ID": 18, "SEGMENT_LENGTH": 30.000000000009315, "LENGTH_PROPORTION": 0.0013232694399661707, "DIST_TO_SENSOR": 207.9169621124642, "MIDPOINT_X": 359510.54912787577, "MIDPOINT_Y": 173173.39860149394, "SENSOR_X": 359522.0, "SENSOR_Y": 173381.0 }, "geometry": { "type": "LineString", "coordinates": [ [ 359514.020710954267997, 173158.819113928766456 ], [ 359511.338830305205192, 173171.074506830540486 ], [ 359505.723269727313891, 173187.601104552595643 ] ] } },
{ "type": "Feature", "properties": { "JOURNEY_LINK_ID": 53, "SITE_ID": 500, "SEGMENT_ID": 19, "SEGMENT_LENGTH": 29.999999999983164, "LENGTH_PROPORTION": 0.0013232694399650171, "DIST_TO_SENSOR": 180.43465931802945, "MIDPOINT_X": 359500.89741157892, "MIDPOINT_Y": 173201.80360761125, "SENSOR_X": 359522.0, "SENSOR_Y": 173381.0 }, "geometry": { "type": "LineString", "coordinates": [ [ 359505.723269727313891, 173187.601104552595643 ], [ 359496.07155343046179, 173216.006110669899499 ] ] } },
{ "type": "Feature", "properties": { "JOURNEY_LINK_ID": 53, "SITE_ID": 500, "SEGMENT_ID": 20, "SEGMENT_LENGTH": 30.000000000001894, "LENGTH_PROPORTION": 0.0013232694399658432, "DIST_TO_SENSOR": 153.89564461787865, "MIDPOINT_X": 359491.24569528201, "MIDPOINT_Y": 173230.20861372855, "SENSOR_X": 359522.0, "SENSOR_Y": 173381.0 }, "geometry": { "type": "LineString", "coordinates": [ [ 359496.07155343046179, 173216.006110669899499 ], [ 359486.419837133551482, 173244.411116787203355 ] ] } },
{ "type": "Feature", "properties": { "JOURNEY_LINK_ID": 53, "SITE_ID": 500, "SEGMENT_ID": 21, "SEGMENT_LENGTH": 23.838653476675759, "LENGTH_PROPORTION": 0.0010514987211872847, "DIST_TO_SENSOR": 131.35616520048472, "MIDPOINT_X": 359482.58510512928, "MIDPOINT_Y": 173255.69673508441, "SENSOR_X": 359522.0, "SENSOR_Y": 173381.0 }, "geometry": { "type": "LineString", "coordinates": [ [ 359486.419837133551482, 173244.411116787203355 ], [ 359478.750373124959879, 173266.982353381637949 ] ] } },
{ "type": "Feature", "properties": { "JOURNEY_LINK_ID": 53, "SITE_ID": 500, "SEGMENT_ID": 22, "SEGMENT_LENGTH": 22.512642679633586, "LENGTH_PROPORTION": 0.00099300973569426657, "DIST_TO_SENSOR": 112.25273947360671, "MIDPOINT_X": 359477.10197755334, "MIDPOINT_Y": 173278.1173236171, "SENSOR_X": 359522.0, "SENSOR_Y": 173381.0 }, "geometry": { "type": "LineString", "coordinates": [ [ 359478.750373124959879, 173266.982353381637949 ], [ 359475.453581981710158, 173289.252293852565344 ] ] } },
{ "type": "Feature", "properties": { "JOURNEY_LINK_ID": 53, "SITE_ID": 500, "SEGMENT_ID": 23, "SEGMENT_LENGTH": 30.000000000015646, "LENGTH_PROPORTION": 0.00132326943996645, "DIST_TO_SENSOR": 89.124887455875083, "MIDPOINT_X": 359476.79089810076, "MIDPOINT_Y": 173304.1925611058, "SENSOR_X": 359522.0, "SENSOR_Y": 173381.0 }, "geometry": { "type": "LineString", "coordinates": [ [ 359475.453581981710158, 173289.252293852565344 ], [ 359478.128214219817892, 173319.132828359026462 ] ] } },
{ "type": "Feature", "properties": { "JOURNEY_LINK_ID": 53, "SITE_ID": 500, "SEGMENT_ID": 24, "SEGMENT_LENGTH": 21.327842588366597, "LENGTH_PROPORTION": 0.00094074941058619151, "DIST_TO_SENSOR": 66.845642799991438, "MIDPOINT_X": 359479.07894980907, "MIDPOINT_Y": 173329.75428396586, "SENSOR_X": 359522.0, "SENSOR_Y": 173381.0 }, "geometry": { "type": "LineString", "coordinates": [ [ 359478.128214219817892, 173319.132828359026462 ], [ 359480.029685398330912, 173340.375739572686143 ] ] } },
{ "type": "Feature", "properties": { "JOURNEY_LINK_ID": 53, "SITE_ID": 500, "SEGMENT_ID": 25, "SEGMENT_LENGTH": 29.9999999999906, "LENGTH_PROPORTION": 0.0013232694399653452, "DIST_TO_SENSOR": 44.745767298244971, "MIDPOINT_X": 359486.32544245821, "MIDPOINT_Y": 173353.99056395801, "SENSOR_X": 359522.0, "SENSOR_Y": 173381.0 }, "geometry": { "type": "LineString", "coordinates": [ [ 359480.029685398330912, 173340.375739572686143 ], [ 359492.621199518092908, 173367.605388343305094 ] ] } },
{ "type": "Feature", "properties": { "JOURNEY_LINK_ID": 53, "SITE_ID": 500, "SEGMENT_ID": 26, "SEGMENT_LENGTH": 30.000000000017014, "LENGTH_PROPORTION": 0.0013232694399665102, "DIST_TO_SENSOR": 23.084093815200813, "MIDPOINT_X": 359498.91695657797, "MIDPOINT_Y": 173381.22021272863, "SENSOR_X": 359522.0, "SENSOR_Y": 173381.0 }, "geometry": { "type": "LineString", "coordinates": [ [ 359492.621199518092908, 173367.605388343305094 ], [ 359505.212713637854904, 173394.835037113953149 ] ] } },
{ "type": "Feature", "properties": { "JOURNEY_LINK_ID": 53, "SITE_ID": 500, "SEGMENT_ID": 27, "SEGMENT_LENGTH": 29.9999999999906, "LENGTH_PROPORTION": 0.0013232694399653452, "DIST_TO_SENSOR": 29.386511930274541, "MIDPOINT_X": 359511.50847069774, "MIDPOINT_Y": 173408.44986149925, "SENSOR_X": 359522.0, "SENSOR_Y": 173381.0 }, "geometry": { "type": "LineString", "coordinates": [ [ 359505.212713637854904, 173394.835037113953149 ], [ 359517.8042277576169, 173422.0646858845721 ] ] } },
{ "type": "Feature", "properties": { "JOURNEY_LINK_ID": 53, "SITE_ID": 500, "SEGMENT_ID": 28, "SEGMENT_LENGTH": 30.000000000017014, "LENGTH_PROPORTION": 0.0013232694399665102, "DIST_TO_SENSOR": 54.719820719638669, "MIDPOINT_X": 359524.0999848175, "MIDPOINT_Y": 173435.6795102699, "SENSOR_X": 359522.0, "SENSOR_Y": 173381.0 }, "geometry": { "type": "LineString", "coordinates": [ [ 359517.8042277576169, 173422.0646858845721 ], [ 359530.395741877378896, 173449.294334655220155 ] ] } },
{ "type": "Feature", "properties": { "JOURNEY_LINK_ID": 53, "SITE_ID": 500, "SEGMENT_ID": 29, "SEGMENT_LENGTH": 13.069125113475533, "LENGTH_PROPORTION": 0.00057646579565837379, "DIST_TO_SENSOR": 75.056535323755483, "MIDPOINT_X": 359533.13840976736, "MIDPOINT_Y": 173455.22546276488, "SENSOR_X": 359522.0, "SENSOR_Y": 173381.0 }, "geometry": { "type": "LineString", "coordinates": [ [ 359530.395741877378896, 173449.294334655220155 ], [ 359535.8810776573373, 173461.156590874539688 ] ] } },
{ "type": "Feature", "properties": { "JOURNEY_LINK_ID": 53, "SITE_ID": 500, "SEGMENT_ID": 30, "SEGMENT_LENGTH": 29.999999999992987, "LENGTH_PROPORTION": 0.0013232694399654503, "DIST_TO_SENSOR": 95.819756570281726, "MIDPOINT_X": 359534.10902424733, "MIDPOINT_Y": 173476.05155064998, "SENSOR_X": 359522.0, "SENSOR_Y": 173381.0 }, "geometry": { "type": "LineString", "coordinates": [ [ 359535.8810776573373, 173461.156590874539688 ], [ 359532.336970837321132, 173490.946510425419547 ] ] } },
{ "type": "Feature", "properties": { "JOURNEY_LINK_ID": 53, "SITE_ID": 500, "SEGMENT_ID": 31, "SEGMENT_LENGTH": 29.999999999992987, "LENGTH_PROPORTION": 0.0013232694399654503, "DIST_TO_SENSOR": 125.13492914629701, "MIDPOINT_X": 359530.56491742731, "MIDPOINT_Y": 173505.84147020086, "SENSOR_X": 359522.0, "SENSOR_Y": 173381.0 }, "geometry": { "type": "LineString", "coordinates": [ [ 359532.336970837321132, 173490.946510425419547 ], [ 359528.792864017304964, 173520.736429976299405 ] ] } },
{ "type": "Feature", "properties": { "JOURNEY_LINK_ID": 53, "SITE_ID": 500, "SEGMENT_ID": 32, "SEGMENT_LENGTH": 30.000000000027825, "LENGTH_PROPORTION": 0.0013232694399669871, "DIST_TO_SENSOR": 154.47868382136323, "MIDPOINT_X": 359525.9190369788, "MIDPOINT_Y": 173535.42896394245, "SENSOR_X": 359522.0, "SENSOR_Y": 173381.0 }, "geometry": { "type": "LineString", "coordinates": [ [ 359528.792864017304964, 173520.736429976299405 ], [ 359528.067046384443529, 173526.837275687023066 ], [ 359522.280863371037412, 173549.981066635868046 ] ] } },
{ "type": "Feature", "properties": { "JOURNEY_LINK_ID": 53, "SITE_ID": 500, "SEGMENT_ID": 33, "SEGMENT_LENGTH": 29.999999999974211, "LENGTH_PROPORTION": 0.0013232694399646222, "DIST_TO_SENSOR": 183.66067298608132, "MIDPOINT_X": 359519.17555720924, "MIDPOINT_Y": 173564.63895372339, "SENSOR_X": 359522.0, "SENSOR_Y": 173381.0 }, "geometry": { "type": "LineString", "coordinates": [ [ 359522.280863371037412, 173549.981066635868046 ], [ 359519.987318096274976, 173559.154874696978368 ], [ 359516.979168093763292, 173579.477278253238183 ] ] } },
{ "type": "Feature", "properties": { "JOURNEY_LINK_ID": 53, "SITE_ID": 500, "SEGMENT_ID": 34, "SEGMENT_LENGTH": 6.4710842305533181, "LENGTH_PROPORTION": 0.00028543293352451828, "DIST_TO_SENSOR": 201.75278122297172, "MIDPOINT_X": 359516.50540079479, "MIDPOINT_Y": 173582.67794651567, "SENSOR_X": 359522.0, "SENSOR_Y": 173381.0 }, "geometry": { "type": "LineString", "coordinates": [ [ 359516.979168093763292, 173579.477278253238183 ], [ 359516.031633495818824, 173585.878614778106567 ] ] } },
{ "type": "Feature", "properties": { "JOURNEY_LINK_ID": 53, "SITE_ID": 500, "SEGMENT_ID": 35, "SEGMENT_LENGTH": 30.000000000015731, "LENGTH_PROPORTION": 0.0013232694399664536, "DIST_TO_SENSOR": 212.12815434090857, "MIDPOINT_X": 359529.23073590361, "MIDPOINT_Y": 173593.00488277955, "SENSOR_X": 359522.0, "SENSOR_Y": 173381.0 }, "geometry": { "type": "LineString", "coordinates": [ [ 359516.031633495818824, 173585.878614778106567 ], [ 359538.360647664871067, 173597.934172365290578 ], [ 359542.121523135458119, 173600.625053702678997 ] ] } },
{ "type": "Feature", "properties": { "JOURNEY_LINK_ID": 53, "SITE_ID": 500, "SEGMENT_ID": 36, "SEGMENT_LENGTH": 29.999999999979387, "LENGTH_PROPORTION": 0.0013232694399648505, "DIST_TO_SENSOR": 230.62932106430938, "MIDPOINT_X": 359554.32055355469, "MIDPOINT_Y": 173609.35337867547, "SENSOR_X": 359522.0, "SENSOR_Y": 173381.0 }, "geometry": { "type": "LineString", "coordinates": [ [ 359542.121523135458119, 173600.625053702678997 ], [ 359566.519583973917179, 173618.081703648233088 ] ] } },
{ "type": "Feature", "properties": { "JOURNEY_LINK_ID": 53, "SITE_ID": 500, "SEGMENT_ID": 37, "SEGMENT_LENGTH": 30.00000000002947, "LENGTH_PROPORTION": 0.0013232694399670597, "DIST_TO_SENSOR": 252.07714636160037, "MIDPOINT_X": 359578.8821973874, "MIDPOINT_Y": 173626.57545345207, "SENSOR_X": 359522.0, "SENSOR_Y": 173381.0 }, "geometry": { "type": "LineString", "coordinates": [ [ 359566.519583973917179, 173618.081703648233088 ], [ 359569.105853757180739, 173619.932162443699781 ], [ 359591.288822065806016, 173635.006091867369832 ] ] } },
{ "type": "Feature", "properties": { "JOURNEY_LINK_ID": 53, "SITE_ID": 500, "SEGMENT_ID": 38, "SEGMENT_LENGTH": 10.341397218540642, "LENGTH_PROPORTION": 0.00045614849686139136, "DIST_TO_SENSOR": 267.23733184114809, "MIDPOINT_X": 359595.56554986385, "MIDPOINT_Y": 173637.91224455601, "SENSOR_X": 359522.0, "SENSOR_Y": 173381.0 }, "geometry": { "type": "LineString", "coordinates": [ [ 359591.288822065806016, 173635.006091867369832 ], [ 359599.842277661839034, 173640.818397244613152 ] ] } },
{ "type": "Feature", "properties": { "JOURNEY_LINK_ID": 53, "SITE_ID": 500, "SEGMENT_ID": 39, "SEGMENT_LENGTH": 25.017073657920577, "LENGTH_PROPORTION": 0.0011034776349632908, "DIST_TO_SENSOR": 283.32436448675406, "MIDPOINT_X": 359606.42884296994, "MIDPOINT_Y": 173651.45233588672, "SENSOR_X": 359522.0, "SENSOR_Y": 173381.0 }, "geometry": { "type": "LineString", "coordinates": [ [ 359599.842277661839034, 173640.818397244613152 ], [ 359613.015408277977258, 173662.086274528817739 ] ] } },
{ "type": "Feature", "properties": { "JOURNEY_LINK_ID": 53, "SITE_ID": 452, "SEGMENT_ID": 0, "SEGMENT_LENGTH": 17.336884723156277, "LENGTH_PROPORTION": 0.022159490155247027, "DIST_TO_SENSOR": 294.99456060772269, "MIDPOINT_X": 359608.45090465021, "MIDPOINT_Y": 173654.71693265805, "SENSOR_X": 359488.0, "SENSOR_Y": 173924.0 }, "geometry": { "type": "LineString", "coordinates": [ [ 359603.886401022435166, 173647.347590787307126 ], [ 359613.015408277977258, 173662.086274528817739 ] ] } },
{ "type": "Feature", "properties": { "JOURNEY_LINK_ID": 58, "SITE_ID": 500, "SEGMENT_ID": 0, "SEGMENT_LENGTH": 9.0902913121482989, "LENGTH_PROPORTION": 0.00040096348979173636, "DIST_TO_SENSOR": 297.15347469803044, "MIDPOINT_X": 359755.56586060894, "MIDPOINT_Y": 173197.29595463595, "SENSOR_X": 359522.0, "SENSOR_Y": 173381.0 }, "geometry": { "type": "LineString", "coordinates": [ [ 359759.876702695386484, 173198.736437034531264 ], [ 359751.255018522497267, 173195.855472237337381 ] ] } },
{ "type": "Feature", "properties": { "JOURNEY_LINK_ID": 58, "SITE_ID": 500, "SEGMENT_ID": 1, "SEGMENT_LENGTH": 29.999999999991005, "LENGTH_PROPORTION": 0.0013232694399653629, "DIST_TO_SENSOR": 289.46353664652014, "MIDPOINT_X": 359738.18057587231, "MIDPOINT_Y": 173188.50299310527, "SENSOR_X": 359522.0, "SENSOR_Y": 173381.0 }, "geometry": { "type": "LineString", "coordinates": [ [ 359751.255018522497267, 173195.855472237337381 ], [ 359725.106133222172502, 173181.150513973203488 ] ] } },
{ "type": "Feature", "properties": { "JOURNEY_LINK_ID": 58, "SITE_ID": 500, "SEGMENT_ID": 2, "SEGMENT_LENGTH": 29.999999999991005, "LENGTH_PROPORTION": 0.0013232694399653629, "DIST_TO_SENSOR": 281.14888900253925, "MIDPOINT_X": 359712.03169057204, "MIDPOINT_Y": 173173.79803484114, "SENSOR_X": 359522.0, "SENSOR_Y": 173381.0 }, "geometry": { "type": "LineString", "coordinates": [ [ 359725.106133222172502, 173181.150513973203488 ], [ 359698.957247921847738, 173166.445555709069595 ] ] } },
{ "type": "Feature", "properties": { "JOURNEY_LINK_ID": 58, "SITE_ID": 500, "SEGMENT_ID": 3, "SEGMENT_LENGTH": 16.070246670271381, "LENGTH_PROPORTION": 0.00070884221038272079, "DIST_TO_SENSOR": 276.80933644180965, "MIDPOINT_X": 359691.95359730639, "MIDPOINT_Y": 173162.50701726606, "SENSOR_X": 359522.0, "SENSOR_Y": 173381.0 }, "geometry": { "type": "LineString", "coordinates": [ [ 359698.957247921847738, 173166.445555709069595 ], [ 359684.94994669087464, 173158.568478823057376 ] ] } },
{ "type": "Feature", "properties": { "JOURNEY_LINK_ID": 58, "SITE_ID": 500, "SEGMENT_ID": 4, "SEGMENT_LENGTH": 29.999999999998042, "LENGTH_PROPORTION": 0.0013232694399656734, "DIST_TO_SENSOR": 271.50400269023771, "MIDPOINT_X": 359670.71273881046, "MIDPOINT_Y": 173153.84598882627, "SENSOR_X": 359522.0, "SENSOR_Y": 173381.0 }, "geometry": { "type": "LineString", "coordinates": [ [ 359684.94994669087464, 173158.568478823057376 ], [ 359656.475530930038076, 173149.123498829489108 ] ] } },
{ "type": "Feature", "properties": { "JOURNEY_LINK_ID": 58, "SITE_ID": 500, "SEGMENT_ID": 5, "SEGMENT_LENGTH": 29.999999999974516, "LENGTH_PROPORTION": 0.0013232694399646357, "DIST_TO_SENSOR": 264.85105935131656, "MIDPOINT_X": 359642.07729778643, "MIDPOINT_Y": 173144.93321666142, "SENSOR_X": 359522.0, "SENSOR_Y": 173381.0 }, "geometry": { "type": "LineString", "coordinates": [ [ 359656.475530930038076, 173149.123498829489108 ], [ 359652.206300011835992, 173147.707392492156941 ], [ 359628.530165525036864, 173141.222868291602936 ], [ 359627.634073047956917, 173140.895695859799162 ] ] } },
{ "type": "Feature", "properties": { "JOURNEY_LINK_ID": 58, "SITE_ID": 500, "SEGMENT_ID": 6, "SEGMENT_LENGTH": 30.000000000021139, "LENGTH_PROPORTION": 0.0013232694399666922, "DIST_TO_SENSOR": 261.77708855310851, "MIDPOINT_X": 359613.54385285429, "MIDPOINT_Y": 173135.7512138747, "SENSOR_X": 359522.0, "SENSOR_Y": 173381.0 }, "geometry": { "type": "LineString", "coordinates": [ [ 359627.634073047956917, 173140.895695859799162 ], [ 359599.453632660675794, 173130.606731889594812 ] ] } },
{ "type": "Feature", "properties": { "JOURNEY_LINK_ID": 58, "SITE_ID": 500, "SEGMENT_ID": 7, "SEGMENT_LENGTH": 26.169476902403151, "LENGTH_PROPORTION": 0.0011543089681613301, "DIST_TO_SENSOR": 263.07872666702195, "MIDPOINT_X": 359587.16250959714, "MIDPOINT_Y": 173126.11911847346, "SENSOR_X": 359522.0, "SENSOR_Y": 173381.0 }, "geometry": { "type": "LineString", "coordinates": [ [ 359599.453632660675794, 173130.606731889594812 ], [ 359574.871386533544865, 173121.631505057332106 ] ] } },
{ "type": "Feature", "properties": { "JOURNEY_LINK_ID": 58, "SITE_ID": 500, "SEGMENT_ID": 8, "SEGMENT_LENGTH": 8.0592449070736709, "LENGTH_PROPORTION": 0.00035548508315767595, "DIST_TO_SENSOR": 268.30017786847463, "MIDPOINT_X": 359573.79824133578, "MIDPOINT_Y": 173117.7474071566, "SENSOR_X": 359522.0, "SENSOR_Y": 173381.0 }, "geometry": { "type": "LineString", "coordinates": [ [ 359574.871386533544865, 173121.631505057332106 ], [ 359572.725096137961373, 173113.863309255859349 ] ] } },
{ "type": "Feature", "properties": { "JOURNEY_LINK_ID": 58, "SITE_ID": 500, "SEGMENT_ID": 9, "SEGMENT_LENGTH": 6.2164609805401199, "LENGTH_PROPORTION": 0.00027420176134294405, "DIST_TO_SENSOR": 274.37380307172037, "MIDPOINT_X": 359571.31342050666, "MIDPOINT_Y": 173111.0941453581, "SENSOR_X": 359522.0, "SENSOR_Y": 173381.0 }, "geometry": { "type": "LineString", "coordinates": [ [ 359572.725096137961373, 173113.863309255859349 ], [ 359569.901744875358418, 173108.324981460347772 ] ] } },
{ "type": "Feature", "properties": { "JOURNEY_LINK_ID": 58, "SITE_ID": 500, "SEGMENT_ID": 10, "SEGMENT_LENGTH": 23.430845141379738, "LENGTH_PROPORTION": 0.0010335107109386004, "DIST_TO_SENSOR": 288.2131469284829, "MIDPOINT_X": 359568.99755112454, "MIDPOINT_Y": 173096.64450374449, "SENSOR_X": 359522.0, "SENSOR_Y": 173381.0 }, "geometry": { "type": "LineString", "coordinates": [ [ 359569.901744875358418, 173108.324981460347772 ], [ 359568.353003985248506, 173088.318170488520991 ], [ 359568.326533273095265, 173084.981854938203469 ], [ 359568.323813789698761, 173084.954229871451389 ] ] } },
{ "type": "Feature", "properties": { "JOURNEY_LINK_ID": 69, "SITE_ID": 501, "SEGMENT_ID": 0, "SEGMENT_LENGTH": 30.000000000004665, "LENGTH_PROPORTION": 0.0045026822812677799, "DIST_TO_SENSOR": 292.35715674950251, "MIDPOINT_X": 358930.99208494095, "MIDPOINT_Y": 173061.78097088187, "SENSOR_X": 358640.0, "SENSOR_Y": 173090.0 }, "geometry": { "type": "LineString", "coordinates": [ [ 358939.229528901458252, 173074.316700497554848 ], [ 358922.754640980449039, 173049.245241266180528 ] ] } },
{ "type": "Feature", "properties": { "JOURNEY_LINK_ID": 69, "SITE_ID": 501, "SEGMENT_ID": 1, "SEGMENT_LENGTH": 5.5582968067316862, "LENGTH_PROPORTION": 0.00083424148485647181, "DIST_TO_SENSOR": 284.50850582630113, "MIDPOINT_X": 358921.22843569843, "MIDPOINT_Y": 173046.9226644031, "SENSOR_X": 358640.0, "SENSOR_Y": 173090.0 }, "geometry": { "type": "LineString", "coordinates": [ [ 358922.754640980449039, 173049.245241266180528 ], [ 358919.702230416354723, 173044.600087539991364 ] ] } },
{ "type": "Feature", "properties": { "JOURNEY_LINK_ID": 69, "SITE_ID": 501, "SEGMENT_ID": 2, "SEGMENT_LENGTH": 29.999999999997584, "LENGTH_PROPORTION": 0.0045026822812667174, "DIST_TO_SENSOR": 288.33052141141997, "MIDPOINT_X": 358921.97010531992, "MIDPOINT_Y": 173029.77252053047, "SENSOR_X": 358640.0, "SENSOR_Y": 173090.0 }, "geometry": { "type": "LineString", "coordinates": [ [ 358919.702230416354723, 173044.600087539991364 ], [ 358924.237980223493651, 173014.944953520956915 ] ] } },
{ "type": "Feature", "properties": { "JOURNEY_LINK_ID": 69, "SITE_ID": 501, "SEGMENT_ID": 3, "SEGMENT_LENGTH": 4.9217130653127246, "LENGTH_PROPORTION": 0.00073869700708880965, "DIST_TO_SENSOR": 294.96983897341721, "MIDPOINT_X": 358924.61004120827, "MIDPOINT_Y": 173012.51238584504, "SENSOR_X": 358640.0, "SENSOR_Y": 173090.0 }, "geometry": { "type": "LineString", "coordinates": [ [ 358924.237980223493651, 173014.944953520956915 ], [ 358924.982102193054743, 173010.079818169120699 ] ] } },
{ "type": "Feature", "properties": { "JOURNEY_LINK_ID": 69, "SITE_ID": 501, "SEGMENT_ID": 4, "SEGMENT_LENGTH": 4.9963857719831779, "LENGTH_PROPORTION": 0.00074990458952945316, "DIST_TO_SENSOR": 297.9146344924601, "MIDPOINT_X": 358926.41730599693, "MIDPOINT_Y": 173008.03503022488, "SENSOR_X": 358640.0, "SENSOR_Y": 173090.0 }, "geometry": { "type": "LineString", "coordinates": [ [ 358924.982102193054743, 173010.079818169120699 ], [ 358927.852509800810367, 173005.990242280618986 ] ] } },
{ "type": "Feature", "properties": { "JOURNEY_LINK_ID": 69, "SITE_ID": 501, "SEGMENT_ID": 0, "SEGMENT_LENGTH": 30.000000000019224, "LENGTH_PROPORTION": 0.0045026822812699648, "DIST_TO_SENSOR": 291.35418622247494, "MIDPOINT_X": 358856.39708265802, "MIDPOINT_Y": 172894.91139334533, "SENSOR_X": 358640.0, "SENSOR_Y": 173090.0 }, "geometry": { "type": "LineString", "coordinates": [ [ 358870.933411451464053, 172898.612088578549447 ], [ 358841.86075386457378, 172891.210698112117825 ] ] } },
{ "type": "Feature", "properties": { "JOURNEY_LINK_ID": 69, "SITE_ID": 501, "SEGMENT_ID": 1, "SEGMENT_LENGTH": 29.999999999962817, "LENGTH_PROPORTION": 0.0045026822812614994, "DIST_TO_SENSOR": 275.84894265218992, "MIDPOINT_X": 358827.32442507113, "MIDPOINT_Y": 172887.5100028789, "SENSOR_X": 358640.0, "SENSOR_Y": 173090.0 }, "geometry": { "type": "LineString", "coordinates": [ [ 358841.86075386457378, 172891.210698112117825 ], [ 358812.788096277741715, 172883.809307645686204 ] ] } },
{ "type": "Feature", "properties": { "JOURNEY_LINK_ID": 69, "SITE_ID": 501, "SEGMENT_ID": 2, "SEGMENT_LENGTH": 30.000000000029861, "LENGTH_PROPORTION": 0.0045026822812715616, "DIST_TO_SENSOR": 261.94036710161072, "MIDPOINT_X": 358798.06359817652, "MIDPOINT_Y": 172881.12526517356, "SENSOR_X": 358640.0, "SENSOR_Y": 173090.0 }, "geometry": { "type": "LineString", "coordinates": [ [ 358812.788096277741715, 172883.809307645686204 ], [ 358805.816873224859592, 172882.034556105034426 ], [ 358783.165702602651436, 172879.378065279481234 ] ] } },
{ "type": "Feature", "properties": { "JOURNEY_LINK_ID": 69, "SITE_ID": 501, "SEGMENT_ID": 3, "SEGMENT_LENGTH": 12.909565802611109, "LENGTH_PROPORTION": 0.0019375891066089489, "DIST_TO_SENSOR": 251.75537555498639, "MIDPOINT_X": 358776.75485716161, "MIDPOINT_Y": 172878.62621221272, "SENSOR_X": 358640.0, "SENSOR_Y": 173090.0 }, "geometry": { "type": "LineString", "coordinates": [ [ 358783.165702602651436, 172879.378065279481234 ], [ 358770.344011720560957, 172877.874359145935159 ] ] } },
{ "type": "Feature", "properties": { "JOURNEY_LINK_ID": 69, "SITE_ID": 501, "SEGMENT_ID": 4, "SEGMENT_LENGTH": 29.99999999998591, "LENGTH_PROPORTION": 0.0045026822812649645, "DIST_TO_SENSOR": 241.03887541935725, "MIDPOINT_X": 358755.35170532123, "MIDPOINT_Y": 172878.35472237039, "SENSOR_X": 358640.0, "SENSOR_Y": 173090.0 }, "geometry": { "type": "LineString", "coordinates": [ [ 358770.344011720560957, 172877.874359145935159 ], [ 358740.359398921835236, 172878.835085594851989 ] ] } },
{ "type": "Feature", "properties": { "JOURNEY_LINK_ID": 69, "SITE_ID": 501, "SEGMENT_ID": 5, "SEGMENT_LENGTH": 29.99999999998591, "LENGTH_PROPORTION": 0.0045026822812649645, "DIST_TO_SENSOR": 227.32250348776296, "MIDPOINT_X": 358725.36709252244, "MIDPOINT_Y": 172879.31544881931, "SENSOR_X": 358640.0, "SENSOR_Y": 173090.0 }, "geometry": { "type": "LineString", "coordinates": [ [ 358740.359398921835236, 172878.835085594851989 ], [ 358710.374786123109516, 172879.795812043768819 ] ] } },
{ "type": "Feature", "properties": { "JOURNEY_LINK_ID": 69, "SITE_ID": 501, "SEGMENT_ID": 6, "SEGMENT_LENGTH": 30.000000000044089, "LENGTH_PROPORTION": 0.0045026822812736971, "DIST_TO_SENSOR": 216.9131202128431, "MIDPOINT_X": 358695.38247972372, "MIDPOINT_Y": 172880.27617526823, "SENSOR_X": 358640.0, "SENSOR_Y": 173090.0 }, "geometry": { "type": "LineString", "coordinates": [ [ 358710.374786123109516, 172879.795812043768819 ], [ 358680.390173324325588, 172880.75653849268565 ] ] } },
{ "type": "Feature", "properties": { "JOURNEY_LINK_ID": 69, "SITE_ID": 501, "SEGMENT_ID": 7, "SEGMENT_LENGTH": 3.1381965057517602, "LENGTH_PROPORTION": 0.00047101006005275715, "DIST_TO_SENSOR": 212.76498409628806, "MIDPOINT_X": 358678.82187987247, "MIDPOINT_Y": 172880.80678763243, "SENSOR_X": 358640.0, "SENSOR_Y": 173090.0 }, "geometry": { "type": "LineString", "coordinates": [ [ 358680.390173324325588, 172880.75653849268565 ], [ 358677.253586420614738, 172880.857036772184074 ] ] } },
{ "type": "Feature", "properties": { "JOURNEY_LINK_ID": 69, "SITE_ID": 501, "SEGMENT_ID": 8, "SEGMENT_LENGTH": 30.000000000022649, "LENGTH_PROPORTION": 0.0045026822812704792, "DIST_TO_SENSOR": 207.7680991996005, "MIDPOINT_X": 358662.4796800107, "MIDPOINT_Y": 172883.45158671238, "SENSOR_X": 358640.0, "SENSOR_Y": 173090.0 }, "geometry": { "type": "LineString", "coordinates": [ [ 358677.253586420614738, 172880.857036772184074 ], [ 358647.705773600842804, 172886.046136652614223 ] ] } },
{ "type": "Feature", "properties": { "JOURNEY_LINK_ID": 69, "SITE_ID": 501, "SEGMENT_ID": 9, "SEGMENT_LENGTH": 29.999999999951612, "LENGTH_PROPORTION": 0.0045026822812598176, "DIST_TO_SENSOR": 201.4833283356688, "MIDPOINT_X": 358632.93186719099, "MIDPOINT_Y": 172888.64068659281, "SENSOR_X": 358640.0, "SENSOR_Y": 173090.0 }, "geometry": { "type": "LineString", "coordinates": [ [ 358647.705773600842804, 172886.046136652614223 ], [ 358630.762741143174935, 172889.021622122090776 ], [ 358618.079549733782187, 172890.729612873867154 ] ] } },
{ "type": "Feature", "properties": { "JOURNEY_LINK_ID": 69, "SITE_ID": 501, "SEGMENT_ID": 10, "SEGMENT_LENGTH": 30.00000000004917, "LENGTH_PROPORTION": 0.0045026822812744595, "DIST_TO_SENSOR": 200.67815427130083, "MIDPOINT_X": 358603.21256032062, "MIDPOINT_Y": 172892.72251551793, "SENSOR_X": 358640.0, "SENSOR_Y": 173090.0 }, "geometry": { "type": "LineString", "coordinates": [ [ 358618.079549733782187, 172890.729612873867154 ], [ 358604.386122474796139, 172892.573647735698614 ], [ 358588.331807337526698, 172894.610157077317126 ] ] } },
{ "type": "Feature", "properties": { "JOURNEY_LINK_ID": 69, "SITE_ID": 501, "SEGMENT_ID": 11, "SEGMENT_LENGTH": 2.7096550353802904, "LENGTH_PROPORTION": 0.00040669052387176517, "DIST_TO_SENSOR": 202.2891304812822, "MIDPOINT_X": 358586.98775042919, "MIDPOINT_Y": 172894.78065232586, "SENSOR_X": 358640.0, "SENSOR_Y": 173090.0 }, "geometry": { "type": "LineString", "coordinates": [ [ 358588.331807337526698, 172894.610157077317126 ], [ 358585.643693520803936, 172894.951147574407514 ] ] } },
{ "type": "Feature", "properties": { "JOURNEY_LINK_ID": 69, "SITE_ID": 501, "SEGMENT_ID": 12, "SEGMENT_LENGTH": 20.964109471607543, "LENGTH_PROPORTION": 0.0031464908086783548, "DIST_TO_SENSOR": 206.50224440256147, "MIDPOINT_X": 358575.21206125064, "MIDPOINT_Y": 172893.9242494955, "SENSOR_X": 358640.0, "SENSOR_Y": 173090.0 }, "geometry": { "type": "LineString", "coordinates": [ [ 358585.643693520803936, 172894.951147574407514 ], [ 358564.780428980477154, 172892.89735141658457 ] ] } },
{ "type": "Feature", "properties": { "JOURNEY_LINK_ID": 69, "SITE_ID": 501, "SEGMENT_ID": 13, "SEGMENT_LENGTH": 29.999999999992966, "LENGTH_PROPORTION": 0.0045026822812660235, "DIST_TO_SENSOR": 225.77785256937833, "MIDPOINT_X": 358561.80499897292, "MIDPOINT_Y": 172878.1954190174, "SENSOR_X": 358640.0, "SENSOR_Y": 173090.0 }, "geometry": { "type": "LineString", "coordinates": [ [ 358564.780428980477154, 172892.89735141658457 ], [ 358558.82956896541873, 172863.493486618215684 ] ] } },
{ "type": "Feature", "properties": { "JOURNEY_LINK_ID": 69, "SITE_ID": 501, "SEGMENT_ID": 14, "SEGMENT_LENGTH": 30.00000000001436, "LENGTH_PROPORTION": 0.0045026822812692354, "DIST_TO_SENSOR": 255.34009870722616, "MIDPOINT_X": 358556.59748426685, "MIDPOINT_Y": 172848.66499139744, "SENSOR_X": 358640.0, "SENSOR_Y": 173090.0 }, "geometry": { "type": "LineString", "coordinates": [ [ 358558.82956896541873, 172863.493486618215684 ], [ 358558.26369944732869, 172860.697462050127797 ], [ 358554.571617677866016, 172834.035320173366927 ], [ 358554.510120733990334, 172833.812939371418906 ] ] } },
{ "type": "Feature", "properties": { "JOURNEY_LINK_ID": 69, "SITE_ID": 501, "SEGMENT_ID": 15, "SEGMENT_LENGTH": 29.740742809690669, "LENGTH_PROPORTION": 0.004463770522697183, "DIST_TO_SENSOR": 284.92578401965807, "MIDPOINT_X": 358550.54664382711, "MIDPOINT_Y": 172819.48050076081, "SENSOR_X": 358640.0, "SENSOR_Y": 173090.0 }, "geometry": { "type": "LineString", "coordinates": [ [ 358554.510120733990334, 172833.812939371418906 ], [ 358548.12741468870081, 172810.732259273412637 ], [ 358546.899836212454829, 172805.07001503938227 ] ] } },
{ "type": "Feature", "properties": { "JOURNEY_LINK_ID": 69, "SITE_ID": 500, "SEGMENT_ID": 0, "SEGMENT_LENGTH": 14.564616461905326, "LENGTH_PROPORTION": 0.0006424303956287182, "DIST_TO_SENSOR": 254.57665747277238, "MIDPOINT_X": 359443.73366457643, "MIDPOINT_Y": 173138.75290451819, "SENSOR_X": 359522.0, "SENSOR_Y": 173381.0 }, "geometry": { "type": "LineString", "coordinates": [ [ 359443.727521138906013, 173131.470598878571764 ], [ 359443.739808014011942, 173146.035210157802794 ] ] } },
{ "type": "Feature", "properties": { "JOURNEY_LINK_ID": 69, "SITE_ID": 500, "SEGMENT_ID": 1, "SEGMENT_LENGTH": 30.000000000007937, "LENGTH_PROPORTION": 0.0013232694399661097, "DIST_TO_SENSOR": 236.01383089793651, "MIDPOINT_X": 359438.71621152101, "MIDPOINT_Y": 173160.16898100197, "SENSOR_X": 359522.0, "SENSOR_Y": 173381.0 }, "geometry": { "type": "LineString", "coordinates": [ [ 359443.739808014011942, 173146.035210157802794 ], [ 359434.225458424189128, 173172.80360945535358 ], [ 359433.616643487184774, 173174.273539509886177 ] ] } },
{ "type": "Feature", "properties": { "JOURNEY_LINK_ID": 69, "SITE_ID": 500, "SEGMENT_ID": 2, "SEGMENT_LENGTH": 29.999999999995364, "LENGTH_PROPORTION": 0.0013232694399655553, "DIST_TO_SENSOR": 214.60960389956213, "MIDPOINT_X": 359427.87679458514, "MIDPOINT_Y": 173188.13189924625, "SENSOR_X": 359522.0, "SENSOR_Y": 173381.0 }, "geometry": { "type": "LineString", "coordinates": [ [ 359433.616643487184774, 173174.273539509886177 ], [ 359422.136945683159865, 173201.990258982579689 ] ] } },
{ "type": "Feature", "properties": { "JOURNEY_LINK_ID": 69, "SITE_ID": 500, "SEGMENT_ID": 3, "SEGMENT_LENGTH": 29.999999999990752, "LENGTH_PROPORTION": 0.0013232694399653519, "DIST_TO_SENSOR": 196.02793654810486, "MIDPOINT_X": 359416.39709678112, "MIDPOINT_Y": 173215.84861871891, "SENSOR_X": 359522.0, "SENSOR_Y": 173381.0 }, "geometry": { "type": "LineString", "coordinates": [ [ 359422.136945683159865, 173201.990258982579689 ], [ 359410.657247879076749, 173229.706978455244098 ] ] } },
{ "type": "Feature", "properties": { "JOURNEY_LINK_ID": 69, "SITE_ID": 500, "SEGMENT_ID": 4, "SEGMENT_LENGTH": 30.000000000014936, "LENGTH_PROPORTION": 0.0013232694399664185, "DIST_TO_SENSOR": 180.61531869744499, "MIDPOINT_X": 359404.84529065131, "MIDPOINT_Y": 173243.53485014156, "SENSOR_X": 359522.0, "SENSOR_Y": 173381.0 }, "geometry": { "type": "LineString", "coordinates": [ [ 359410.657247879076749, 173229.706978455244098 ], [ 359406.957197804527823, 173238.640423542528879 ], [ 359398.902534046384972, 173257.307418672338827 ] ] } },
{ "type": "Feature", "properties": { "JOURNEY_LINK_ID": 69, "SITE_ID": 500, "SEGMENT_ID": 5, "SEGMENT_LENGTH": 29.999999999997101, "LENGTH_PROPORTION": 0.0013232694399656318, "DIST_TO_SENSOR": 169.3198779418037, "MIDPOINT_X": 359393.14375477319, "MIDPOINT_Y": 173271.15788998624, "SENSOR_X": 359522.0, "SENSOR_Y": 173381.0 }, "geometry": { "type": "LineString", "coordinates": [ [ 359398.902534046384972, 173257.307418672338827 ], [ 359398.770690251782071, 173257.612971771217417 ], [ 359387.389149761467706, 173285.010128836293006 ] ] } },
{ "type": "Feature", "properties": { "JOURNEY_LINK_ID": 69, "SITE_ID": 500, "SEGMENT_ID": 6, "SEGMENT_LENGTH": 0.54159845951545715, "LENGTH_PROPORTION": 2.388935634031124e-05, "DIST_TO_SENSOR": 165.26998828611693, "MIDPOINT_X": 359387.28526025452, "MIDPOINT_Y": 173285.26020721038, "SENSOR_X": 359522.0, "SENSOR_Y": 173381.0 }, "geometry": { "type": "LineString", "coordinates": [ [ 359387.389149761467706, 173285.010128836293006 ], [ 359387.181370747508481, 173285.510285584430676 ] ] } },
{ "type": "Feature", "properties": { "JOURNEY_LINK_ID": 69, "SITE_ID": 500, "SEGMENT_ID": 7, "SEGMENT_LENGTH": 30.000000000024606, "LENGTH_PROPORTION": 0.001323269439966845, "DIST_TO_SENSOR": 180.20637261910099, "MIDPOINT_X": 359374.74447771127, "MIDPOINT_Y": 173277.12436335691, "SENSOR_X": 359522.0, "SENSOR_Y": 173381.0 }, "geometry": { "type": "LineString", "coordinates": [ [ 359387.181370747508481, 173285.510285584430676 ], [ 359362.730865236313548, 173269.023849860997871 ], [ 359362.293305783299729, 173268.760854989028303 ] ] } },
{ "type": "Feature", "properties": { "JOURNEY_LINK_ID": 69, "SITE_ID": 500, "SEGMENT_ID": 8, "SEGMENT_LENGTH": 29.999999999964977, "LENGTH_PROPORTION": 0.001323269439964215, "DIST_TO_SENSOR": 210.16658997300507, "MIDPOINT_X": 359349.43686820375, "MIDPOINT_Y": 173261.03350015296, "SENSOR_X": 359522.0, "SENSOR_Y": 173381.0 }, "geometry": { "type": "LineString", "coordinates": [ [ 359362.293305783299729, 173268.760854989028303 ], [ 359336.580430624191649, 173253.306145316892071 ] ] } },
{ "type": "Feature", "properties": { "JOURNEY_LINK_ID": 69, "SITE_ID": 500, "SEGMENT_ID": 9, "SEGMENT_LENGTH": 29.999999999988713, "LENGTH_PROPORTION": 0.0013232694399652619, "DIST_TO_SENSOR": 240.10888971839316, "MIDPOINT_X": 359323.72399304464, "MIDPOINT_Y": 173245.57879048082, "SENSOR_X": 359522.0, "SENSOR_Y": 173381.0 }, "geometry": { "type": "LineString", "coordinates": [ [ 359336.580430624191649, 173253.306145316892071 ], [ 359315.254408027802128, 173240.488150998891797 ], [ 359310.547311211179476, 173238.478180147125386 ] ] } },
{ "type": "Feature", "properties": { "JOURNEY_LINK_ID": 69, "SITE_ID": 500, "SEGMENT_ID": 10, "SEGMENT_LENGTH": 30.000000000041918, "LENGTH_PROPORTION": 0.0013232694399676088, "DIST_TO_SENSOR": 269.7457045370279, "MIDPOINT_X": 359296.75234191632, "MIDPOINT_Y": 173232.58760953345, "SENSOR_X": 359522.0, "SENSOR_Y": 173381.0 }, "geometry": { "type": "LineString", "coordinates": [ [ 359310.547311211179476, 173238.478180147125386 ], [ 359282.957372621458489, 173226.697038919810439 ] ] } },
{ "type": "Feature", "properties": { "JOURNEY_LINK_ID": 69, "SITE_ID": 500, "SEGMENT_ID": 11, "SEGMENT_LENGTH": 15.420567986080355, "LENGTH_PROPORTION": 0.00068018554542981582, "DIST_TO_SENSOR": 292.12101938527462, "MIDPOINT_X": 359275.86649722559, "MIDPOINT_Y": 173223.66917409899, "SENSOR_X": 359522.0, "SENSOR_Y": 173381.0 }, "geometry": { "type": "LineString", "coordinates": [ [ 359282.957372621458489, 173226.697038919810439 ], [ 359268.775621829670854, 173220.641309278144035 ] ] } },
{ "type": "Feature", "properties": { "JOURNEY_LINK_ID": 155, "SITE_ID": 501, "SEGMENT_ID": 0, "SEGMENT_LENGTH": 30.000000000007578, "LENGTH_PROPORTION": 0.0045026822812682171, "DIST_TO_SENSOR": 286.82245655245089, "MIDPOINT_X": 358642.84789286496, "MIDPOINT_Y": 173376.80831767753, "SENSOR_X": 358640.0, "SENSOR_Y": 173090.0 }, "geometry": { "type": "LineString", "coordinates": [ [ 358650.898935427772813, 173389.464569636591477 ], [ 358634.796850302082021, 173364.152065718459198 ] ] } },
{ "type": "Feature", "properties": { "JOURNEY_LINK_ID": 155, "SITE_ID": 501, "SEGMENT_ID": 1, "SEGMENT_LENGTH": 30.000000000007578, "LENGTH_PROPORTION": 0.0045026822812682171, "DIST_TO_SENSOR": 261.83149968285562, "MIDPOINT_X": 358626.74580773921, "MIDPOINT_Y": 173351.49581375939, "SENSOR_X": 358640.0, "SENSOR_Y": 173090.0 }, "geometry": { "type": "LineString", "coordinates": [ [ 358634.796850302082021, 173364.152065718459198 ], [ 358618.694765176391229, 173338.839561800326919 ] ] } },
{ "type": "Feature", "properties": { "JOURNEY_LINK_ID": 155, "SITE_ID": 501, "SEGMENT_ID": 2, "SEGMENT_LENGTH": 29.999999999976335, "LENGTH_PROPORTION": 0.0045026822812635281, "DIST_TO_SENSOR": 238.00072871645105, "MIDPOINT_X": 358610.64372261357, "MIDPOINT_Y": 173326.18330984126, "SENSOR_X": 358640.0, "SENSOR_Y": 173090.0 }, "geometry": { "type": "LineString", "coordinates": [ [ 358618.694765176391229, 173338.839561800326919 ], [ 358602.592680050758645, 173313.52705788219464 ] ] } },
{ "type": "Feature", "properties": { "JOURNEY_LINK_ID": 155, "SITE_ID": 501, "SEGMENT_ID": 3, "SEGMENT_LENGTH": 30.000000000007578, "LENGTH_PROPORTION": 0.0045026822812682171, "DIST_TO_SENSOR": 215.71499603167919, "MIDPOINT_X": 358594.54163748794, "MIDPOINT_Y": 173300.87080592313, "SENSOR_X": 358640.0, "SENSOR_Y": 173090.0 }, "geometry": { "type": "LineString", "coordinates": [ [ 358602.592680050758645, 173313.52705788219464 ], [ 358586.490594925067853, 173288.214553964062361 ] ] } },
{ "type": "Feature", "properties": { "JOURNEY_LINK_ID": 155, "SITE_ID": 501, "SEGMENT_ID": 4, "SEGMENT_LENGTH": 29.999999999992532, "LENGTH_PROPORTION": 0.0045026822812659585, "DIST_TO_SENSOR": 195.50338144478351, "MIDPOINT_X": 358578.43955236219, "MIDPOINT_Y": 173275.558302005, "SENSOR_X": 358640.0, "SENSOR_Y": 173090.0 }, "geometry": { "type": "LineString", "coordinates": [ [ 358586.490594925067853, 173288.214553964062361 ], [ 358578.3235035847174, 173275.375873138662428 ], [ 358570.047188307449687, 173263.125852961005876 ] ] } },
{ "type": "Feature", "properties": { "JOURNEY_LINK_ID": 155, "SITE_ID": 501, "SEGMENT_ID": 5, "SEGMENT_LENGTH": 30.000000000025004, "LENGTH_PROPORTION": 0.0045026822812708322, "DIST_TO_SENSOR": 179.46496584417142, "MIDPOINT_X": 358561.03132001159, "MIDPOINT_Y": 173251.15713309171, "SENSOR_X": 358640.0, "SENSOR_Y": 173090.0 }, "geometry": { "type": "LineString", "coordinates": [ [ 358570.047188307449687, 173263.125852961005876 ], [ 358566.367032831942197, 173257.678745483688544 ], [ 358551.532915096031502, 173239.547641110548284 ] ] } },
{ "type": "Feature", "properties": { "JOURNEY_LINK_ID": 155, "SITE_ID": 501, "SEGMENT_ID": 6, "SEGMENT_LENGTH": 29.999999999976367, "LENGTH_PROPORTION": 0.0045026822812635325, "DIST_TO_SENSOR": 169.18679079887445, "MIDPOINT_X": 358542.03451018047, "MIDPOINT_Y": 173227.93814912939, "SENSOR_X": 358640.0, "SENSOR_Y": 173090.0 }, "geometry": { "type": "LineString", "coordinates": [ [ 358551.532915096031502, 173239.547641110548284 ], [ 358532.536105264967773, 173216.32865714826039 ] ] } },
{ "type": "Feature", "properties": { "JOURNEY_LINK_ID": 155, "SITE_ID": 501, "SEGMENT_ID": 7, "SEGMENT_LENGTH": 30.000000000013227, "LENGTH_PROPORTION": 0.0045026822812690645, "DIST_TO_SENSOR": 163.83121313168206, "MIDPOINT_X": 358523.03770034941, "MIDPOINT_Y": 173204.71916516713, "SENSOR_X": 358640.0, "SENSOR_Y": 173090.0 }, "geometry": { "type": "LineString", "coordinates": [ [ 358532.536105264967773, 173216.32865714826039 ], [ 358513.539295433845837, 173193.109673185972497 ] ] } },
{ "type": "Feature", "properties": { "JOURNEY_LINK_ID": 155, "SITE_ID": 501, "SEGMENT_ID": 8, "SEGMENT_LENGTH": 10.78393493125334, "LENGTH_PROPORTION": 0.0016185544245763846, "DIST_TO_SENSOR": 163.26650825849248, "MIDPOINT_X": 358510.12495608185, "MIDPOINT_Y": 173188.93647298231, "SENSOR_X": 358640.0, "SENSOR_Y": 173090.0 }, "geometry": { "type": "LineString", "coordinates": [ [ 358513.539295433845837, 173193.109673185972497 ], [ 358506.710616729862522, 173184.763272778654937 ] ] } },
{ "type": "Feature", "properties": { "JOURNEY_LINK_ID": 155, "SITE_ID": 501, "SEGMENT_ID": 9, "SEGMENT_LENGTH": 29.999999999977923, "LENGTH_PROPORTION": 0.0045026822812637658, "DIST_TO_SENSOR": 168.172525722236, "MIDPOINT_X": 358495.06862907804, "MIDPOINT_Y": 173175.30472513571, "SENSOR_X": 358640.0, "SENSOR_Y": 173090.0 }, "geometry": { "type": "LineString", "coordinates": [ [ 358506.710616729862522, 173184.763272778654937 ], [ 358485.026518092607148, 173167.145999320840929 ], [ 358483.394872095086612, 173165.886287658853689 ] ] } },
{ "type": "Feature", "properties": { "JOURNEY_LINK_ID": 155, "SITE_ID": 501, "SEGMENT_ID": 10, "SEGMENT_LENGTH": 30.000000000029495, "LENGTH_PROPORTION": 0.0045026822812715061, "DIST_TO_SENSOR": 181.20828529595761, "MIDPOINT_X": 358471.52170527296, "MIDPOINT_Y": 173156.71961380111, "SENSOR_X": 358640.0, "SENSOR_Y": 173090.0 }, "geometry": { "type": "LineString", "coordinates": [ [ 358483.394872095086612, 173165.886287658853689 ], [ 358459.648538450826891, 173147.552939943358069 ] ] } },
{ "type": "Feature", "properties": { "JOURNEY_LINK_ID": 155, "SITE_ID": 501, "SEGMENT_ID": 11, "SEGMENT_LENGTH": 14.75958335486971, "LENGTH_PROPORTION": 0.0022152571483618788, "DIST_TO_SENSOR": 193.60103474861108, "MIDPOINT_X": 358453.80710527091, "MIDPOINT_Y": 173143.0430637137, "SENSOR_X": 358640.0, "SENSOR_Y": 173090.0 }, "geometry": { "type": "LineString", "coordinates": [ [ 358459.648538450826891, 173147.552939943358069 ], [ 358447.965672090998851, 173138.533187484019436 ] ] } },
{ "type": "Feature", "properties": { "JOURNEY_LINK_ID": 155, "SITE_ID": 501, "SEGMENT_ID": 12, "SEGMENT_LENGTH": 30.00000000000545, "LENGTH_PROPORTION": 0.0045026822812678979, "DIST_TO_SENSOR": 210.05149400104096, "MIDPOINT_X": 358434.27375976153, "MIDPOINT_Y": 173132.40688870236, "SENSOR_X": 358640.0, "SENSOR_Y": 173090.0 }, "geometry": { "type": "LineString", "coordinates": [ [ 358447.965672090998851, 173138.533187484019436 ], [ 358420.58184743206948, 173126.280589920672355 ] ] } },
{ "type": "Feature", "properties": { "JOURNEY_LINK_ID": 155, "SITE_ID": 501, "SEGMENT_ID": 13, "SEGMENT_LENGTH": 23.482061730289928, "LENGTH_PROPORTION": 0.0035244087760198748, "DIST_TO_SENSOR": 232.27909979910058, "MIDPOINT_X": 358409.8647030812, "MIDPOINT_Y": 173121.48531904834, "SENSOR_X": 358640.0, "SENSOR_Y": 173090.0 }, "geometry": { "type": "LineString", "coordinates": [ [ 358420.58184743206948, 173126.280589920672355 ], [ 358399.147558730328456, 173116.690048176038545 ] ] } },
{ "type": "Feature", "properties": { "JOURNEY_LINK_ID": 155, "SITE_ID": 501, "SEGMENT_ID": 14, "SEGMENT_LENGTH": 29.999999999995588, "LENGTH_PROPORTION": 0.0045026822812664173, "DIST_TO_SENSOR": 256.81253189156183, "MIDPOINT_X": 358384.33951549535, "MIDPOINT_Y": 173114.29800813648, "SENSOR_X": 358640.0, "SENSOR_Y": 173090.0 }, "geometry": { "type": "LineString", "coordinates": [ [ 358399.147558730328456, 173116.690048176038545 ], [ 358369.531472260365263, 173111.905968096922152 ] ] } },
{ "type": "Feature", "properties": { "JOURNEY_LINK_ID": 155, "SITE_ID": 501, "SEGMENT_ID": 15, "SEGMENT_LENGTH": 29.054739372997464, "LENGTH_PROPORTION": 0.0043608086720542888, "DIST_TO_SENSOR": 285.48287236773848, "MIDPOINT_X": 358355.19001103315, "MIDPOINT_Y": 173109.58929809963, "SENSOR_X": 358640.0, "SENSOR_Y": 173090.0 }, "geometry": { "type": "LineString", "coordinates": [ [ 358369.531472260365263, 173111.905968096922152 ], [ 358340.848549805930816, 173107.272628102306044 ] ] } },
{ "type": "Feature", "properties": { "JOURNEY_LINK_ID": 155, "SITE_ID": 672, "SEGMENT_ID": 0, "SEGMENT_LENGTH": 29.999999999983594, "LENGTH_PROPORTION": 0.0059937428497764409, "DIST_TO_SENSOR": 289.48253836373135, "MIDPOINT_X": 359017.19422886323, "MIDPOINT_Y": 173532.9165788703, "SENSOR_X": 358728.0, "SENSOR_Y": 173520.0 }, "geometry": { "type": "LineString", "coordinates": [ [ 359027.88247600174509, 173522.392255941696931 ], [ 359011.241963928157929, 173538.77755471796263 ], [ 359007.007894068257883, 173543.900931129115634 ] ] } },
{ "type": "Feature", "properties": { "JOURNEY_LINK_ID": 155, "SITE_ID": 672, "SEGMENT_ID": 1, "SEGMENT_LENGTH": 30.000000000001581, "LENGTH_PROPORTION": 0.0059937428497800344, "DIST_TO_SENSOR": 271.77607917234229, "MIDPOINT_X": 358997.45237145014, "MIDPOINT_Y": 173555.46345626397, "SENSOR_X": 358728.0, "SENSOR_Y": 173520.0 }, "geometry": { "type": "LineString", "coordinates": [ [ 359007.007894068257883, 173543.900931129115634 ], [ 358987.896848831966054, 173567.025981398823205 ] ] } },
{ "type": "Feature", "properties": { "JOURNEY_LINK_ID": 155, "SITE_ID": 672, "SEGMENT_ID": 2, "SEGMENT_LENGTH": 5.4769490256228428, "LENGTH_PROPORTION": 0.0010942474686978303, "DIST_TO_SENSOR": 262.78711460937052, "MIDPOINT_X": 358986.15234515554, "MIDPOINT_Y": 173569.13689342453, "SENSOR_X": 358728.0, "SENSOR_Y": 173520.0 }, "geometry": { "type": "LineString", "coordinates": [ [ 358987.896848831966054, 173567.025981398823205 ], [ 358984.407841479114722, 173571.247805450228043 ] ] } },
{ "type": "Feature", "properties": { "JOURNEY_LINK_ID": 155, "SITE_ID": 672, "SEGMENT_ID": 3, "SEGMENT_LENGTH": 30.000000000006782, "LENGTH_PROPORTION": 0.0059937428497810735, "DIST_TO_SENSOR": 248.9939162987832, "MIDPOINT_X": 358970.44533440517, "MIDPOINT_Y": 173576.72944719429, "SENSOR_X": 358728.0, "SENSOR_Y": 173520.0 }, "geometry": { "type": "LineString", "coordinates": [ [ 358984.407841479114722, 173571.247805450228043 ], [ 358956.48282733123051, 173582.21108893834753 ] ] } },
{ "type": "Feature", "properties": { "JOURNEY_LINK_ID": 155, "SITE_ID": 672, "SEGMENT_ID": 4, "SEGMENT_LENGTH": 22.826992906229719, "LENGTH_PROPORTION": 0.0045606375171228916, "DIST_TO_SENSOR": 227.74770676623075, "MIDPOINT_X": 358945.8587590002, "MIDPOINT_Y": 173586.38206884521, "SENSOR_X": 358728.0, "SENSOR_Y": 173520.0 }, "geometry": { "type": "LineString", "coordinates": [ [ 358956.48282733123051, 173582.21108893834753 ], [ 358935.234690669225529, 173590.553048752073664 ] ] } },
{ "type": "Feature", "properties": { "JOURNEY_LINK_ID": 155, "SITE_ID": 672, "SEGMENT_ID": 5, "SEGMENT_LENGTH": 30.000000000006441, "LENGTH_PROPORTION": 0.0059937428497810058, "DIST_TO_SENSOR": 204.93400319494251, "MIDPOINT_X": 358920.24139157898, "MIDPOINT_Y": 173591.00135934813, "SENSOR_X": 358728.0, "SENSOR_Y": 173520.0 }, "geometry": { "type": "LineString", "coordinates": [ [ 358935.234690669225529, 173590.553048752073664 ], [ 358905.248092488734983, 173591.449669944209745 ] ] } },
{ "type": "Feature", "properties": { "JOURNEY_LINK_ID": 155, "SITE_ID": 672, "SEGMENT_ID": 6, "SEGMENT_LENGTH": 30.000000000006441, "LENGTH_PROPORTION": 0.0059937428497810058, "DIST_TO_SENSOR": 177.47094857062899, "MIDPOINT_X": 358890.25479339849, "MIDPOINT_Y": 173591.89798054029, "SENSOR_X": 358728.0, "SENSOR_Y": 173520.0 }, "geometry": { "type": "LineString", "coordinates": [ [ 358905.248092488734983, 173591.449669944209745 ], [ 358875.261494308244437, 173592.346291136345826 ] ] } },
{ "type": "Feature", "properties": { "JOURNEY_LINK_ID": 155, "SITE_ID": 672, "SEGMENT_ID": 7, "SEGMENT_LENGTH": 30.000000000005571, "LENGTH_PROPORTION": 0.0059937428497808315, "DIST_TO_SENSOR": 150.97658595823847, "MIDPOINT_X": 358860.268195218, "MIDPOINT_Y": 173592.7946017324, "SENSOR_X": 358728.0, "SENSOR_Y": 173520.0 }, "geometry": { "type": "LineString", "coordinates": [ [ 358875.261494308244437, 173592.346291136345826 ], [ 358845.274896127753891, 173593.242912328452803 ] ] } },
{ "type": "Feature", "properties": { "JOURNEY_LINK_ID": 155, "SITE_ID": 672, "SEGMENT_ID": 8, "SEGMENT_LENGTH": 12.153188284961747, "LENGTH_PROPORTION": 0.0024281028461672037, "DIST_TO_SENSOR": 133.25474501512392, "MIDPOINT_X": 358839.2010165659, "MIDPOINT_Y": 173593.4245257646, "SENSOR_X": 358728.0, "SENSOR_Y": 173520.0 }, "geometry": { "type": "LineString", "coordinates": [ [ 358845.274896127753891, 173593.242912328452803 ], [ 358833.127137003990356, 173593.606139200739563 ] ] } },
{ "type": "Feature", "properties": { "JOURNEY_LINK_ID": 155, "SITE_ID": 672, "SEGMENT_ID": 9, "SEGMENT_LENGTH": 24.944224445769496, "LENGTH_PROPORTION": 0.0049836422305043794, "DIST_TO_SENSOR": 116.91619039366763, "MIDPOINT_X": 358820.94668993569, "MIDPOINT_Y": 173590.92466712059, "SENSOR_X": 358728.0, "SENSOR_Y": 173520.0 }, "geometry": { "type": "LineString", "coordinates": [ [ 358833.127137003990356, 173593.606139200739563 ], [ 358808.766242867393885, 173588.243195040442515 ] ] } },
{ "type": "Feature", "properties": { "JOURNEY_LINK_ID": 155, "SITE_ID": 672, "SEGMENT_ID": 10, "SEGMENT_LENGTH": 30.00000000002272, "LENGTH_PROPORTION": 0.0059937428497842575, "DIST_TO_SENSOR": 90.786187120309279, "MIDPOINT_X": 358798.0664925077, "MIDPOINT_Y": 173577.73056728902, "SENSOR_X": 358728.0, "SENSOR_Y": 173520.0 }, "geometry": { "type": "LineString", "coordinates": [ [ 358808.766242867393885, 173588.243195040442515 ], [ 358787.366742147947662, 173567.217939537600614 ] ] } },
{ "type": "Feature", "properties": { "JOURNEY_LINK_ID": 155, "SITE_ID": 672, "SEGMENT_ID": 11, "SEGMENT_LENGTH": 29.999999999981195, "LENGTH_PROPORTION": 0.0059937428497759621, "DIST_TO_SENSOR": 60.9570012635022, "MIDPOINT_X": 358776.66699178825, "MIDPOINT_Y": 173556.70531178618, "SENSOR_X": 358728.0, "SENSOR_Y": 173520.0 }, "geometry": { "type": "LineString", "coordinates": [ [ 358787.366742147947662, 173567.217939537600614 ], [ 358765.967241428559646, 173546.192684034758713 ] ] } },
{ "type": "Feature", "properties": { "JOURNEY_LINK_ID": 155, "SITE_ID": 672, "SEGMENT_ID": 12, "SEGMENT_LENGTH": 30.00000000002272, "LENGTH_PROPORTION": 0.0059937428497842575, "DIST_TO_SENSOR": 31.454415178733385, "MIDPOINT_X": 358755.26749106881, "MIDPOINT_Y": 173535.68005628334, "SENSOR_X": 358728.0, "SENSOR_Y": 173520.0 }, "geometry": { "type": "LineString", "coordinates": [ [ 358765.967241428559646, 173546.192684034758713 ], [ 358744.567740709113423, 173525.167428531916812 ] ] } },
{ "type": "Feature", "properties": { "JOURNEY_LINK_ID": 155, "SITE_ID": 672, "SEGMENT_ID": 13, "SEGMENT_LENGTH": 29.999999999967404, "LENGTH_PROPORTION": 0.0059937428497732065, "DIST_TO_SENSOR": 7.9375352243040185, "MIDPOINT_X": 358733.86799034942, "MIDPOINT_Y": 173514.6548007805, "SENSOR_X": 358728.0, "SENSOR_Y": 173520.0 }, "geometry": { "type": "LineString", "coordinates": [ [ 358744.567740709113423, 173525.167428531916812 ], [ 358732.42451133026043, 173513.236566047417 ], [ 358725.413628556707408, 173505.508472328539938 ], [ 358723.894920971302781, 173503.4699916189129 ] ] } },
{ "type": "Feature", "properties": { "JOURNEY_LINK_ID": 155, "SITE_ID": 672, "SEGMENT_ID": 14, "SEGMENT_LENGTH": 29.999999999999353, "LENGTH_PROPORTION": 0.0059937428497795894, "DIST_TO_SENSOR": 31.406018249031707, "MIDPOINT_X": 358714.93330973189, "MIDPOINT_Y": 173491.44129576301, "SENSOR_X": 358728.0, "SENSOR_Y": 173520.0 }, "geometry": { "type": "LineString", "coordinates": [ [ 358723.894920971302781, 173503.4699916189129 ], [ 358705.971698492532596, 173479.41259990708204 ] ] } },
{ "type": "Feature", "properties": { "JOURNEY_LINK_ID": 155, "SITE_ID": 672, "SEGMENT_ID": 15, "SEGMENT_LENGTH": 30.000000000004832, "LENGTH_PROPORTION": 0.005993742849780684, "DIST_TO_SENSOR": 61.112394466812766, "MIDPOINT_X": 358697.62799934833, "MIDPOINT_Y": 173466.96919448205, "SENSOR_X": 358728.0, "SENSOR_Y": 173520.0 }, "geometry": { "type": "LineString", "coordinates": [ [ 358705.971698492532596, 173479.41259990708204 ], [ 358701.529465807194356, 173473.450026384845842 ], [ 358689.891664529335685, 173454.118158587283688 ] ] } },
{ "type": "Feature", "properties": { "JOURNEY_LINK_ID": 155, "SITE_ID": 672, "SEGMENT_ID": 16, "SEGMENT_LENGTH": 30.000000000011145, "LENGTH_PROPORTION": 0.0059937428497819452, "DIST_TO_SENSOR": 91.107627359556076, "MIDPOINT_X": 358682.15532971034, "MIDPOINT_Y": 173441.26712269249, "SENSOR_X": 358728.0, "SENSOR_Y": 173520.0 }, "geometry": { "type": "LineString", "coordinates": [ [ 358689.891664529335685, 173454.118158587283688 ], [ 358674.418994891399052, 173428.41608679771889 ] ] } },
{ "type": "Feature", "properties": { "JOURNEY_LINK_ID": 155, "SITE_ID": 672, "SEGMENT_ID": 17, "SEGMENT_LENGTH": 30.000000000011145, "LENGTH_PROPORTION": 0.0059937428497819452, "DIST_TO_SENSOR": 121.10522188862343, "MIDPOINT_X": 358666.68266007246, "MIDPOINT_Y": 173415.56505090295, "SENSOR_X": 358728.0, "SENSOR_Y": 173520.0 }, "geometry": { "type": "LineString", "coordinates": [ [ 358674.418994891399052, 173428.41608679771889 ], [ 358658.946325253462419, 173402.714015008154092 ] ] } },
{ "type": "Feature", "properties": { "JOURNEY_LINK_ID": 155, "SITE_ID": 672, "SEGMENT_ID": 18, "SEGMENT_LENGTH": 29.99999999999272, "LENGTH_PROPORTION": 0.0059937428497782641, "DIST_TO_SENSOR": 151.10275168249456, "MIDPOINT_X": 358651.16865219682, "MIDPOINT_Y": 173389.88856483472, "SENSOR_X": 358728.0, "SENSOR_Y": 173520.0 }, "geometry": { "type": "LineString", "coordinates": [ [ 358658.946325253462419, 173402.714015008154092 ], [ 358652.226191827678122, 173391.55101884866599 ], [ 358643.117609633947723, 173377.232312875654316 ] ] } },
{ "type": "Feature", "properties": { "JOURNEY_LINK_ID": 155, "SITE_ID": 672, "SEGMENT_ID": 19, "SEGMENT_LENGTH": 29.999999999976335, "LENGTH_PROPORTION": 0.0059937428497749906, "DIST_TO_SENSOR": 181.08899413312955, "MIDPOINT_X": 358635.06656707113, "MIDPOINT_Y": 173364.57606091659, "SENSOR_X": 358728.0, "SENSOR_Y": 173520.0 }, "geometry": { "type": "LineString", "coordinates": [ [ 358643.117609633947723, 173377.232312875654316 ], [ 358627.015524508315139, 173351.919808957522037 ] ] } },
{ "type": "Feature", "properties": { "JOURNEY_LINK_ID": 155, "SITE_ID": 672, "SEGMENT_ID": 20, "SEGMENT_LENGTH": 30.000000000007578, "LENGTH_PROPORTION": 0.005993742849781233, "DIST_TO_SENSOR": 211.07914635573039, "MIDPOINT_X": 358618.9644819455, "MIDPOINT_Y": 173339.26355699846, "SENSOR_X": 358728.0, "SENSOR_Y": 173520.0 }, "geometry": { "type": "LineString", "coordinates": [ [ 358627.015524508315139, 173351.919808957522037 ], [ 358610.913439382624347, 173326.607305039389757 ] ] } },
{ "type": "Feature", "properties": { "JOURNEY_LINK_ID": 155, "SITE_ID": 672, "SEGMENT_ID": 21, "SEGMENT_LENGTH": 30.000000000007578, "LENGTH_PROPORTION": 0.005993742849781233, "DIST_TO_SENSOR": 241.07174918767518, "MIDPOINT_X": 358602.86239681975, "MIDPOINT_Y": 173313.95105308032, "SENSOR_X": 358728.0, "SENSOR_Y": 173520.0 }, "geometry": { "type": "LineString", "coordinates": [ [ 358610.913439382624347, 173326.607305039389757 ], [ 358594.811354256933555, 173301.294801121257478 ] ] } },
{ "type": "Feature", "properties": { "JOURNEY_LINK_ID": 155, "SITE_ID": 672, "SEGMENT_ID": 22, "SEGMENT_LENGTH": 30.000000000007578, "LENGTH_PROPORTION": 0.005993742849781233, "DIST_TO_SENSOR": 271.0659891733352, "MIDPOINT_X": 358586.76031169412, "MIDPOINT_Y": 173288.63854916219, "SENSOR_X": 358728.0, "SENSOR_Y": 173520.0 }, "geometry": { "type": "LineString", "coordinates": [ [ 358594.811354256933555, 173301.294801121257478 ], [ 358578.709269131242763, 173275.982297203125199 ] ] } },
{ "type": "Feature", "properties": { "JOURNEY_LINK_ID": 155, "SITE_ID": 672, "SEGMENT_ID": 23, "SEGMENT_LENGTH": 13.606084538845129, "LENGTH_PROPORTION": 0.0027183790639400459, "DIST_TO_SENSOR": 292.86044263460758, "MIDPOINT_X": 358574.91735826834, "MIDPOINT_Y": 173270.33433624025, "SENSOR_X": 358728.0, "SENSOR_Y": 173520.0 }, "geometry": { "type": "LineString", "coordinates": [ [ 358578.709269131242763, 173275.982297203125199 ], [ 358578.3235035847174, 173275.375873138662428 ], [ 358571.108853810641449, 173264.697255620383658 ] ] } },
{ "type": "Feature", "properties": { "JOURNEY_LINK_ID": 156, "SITE_ID": 501, "SEGMENT_ID": 0, "SEGMENT_LENGTH": 30.000000000027093, "LENGTH_PROPORTION": 0.0045026822812711462, "DIST_TO_SENSOR": 285.20438912871566, "MIDPOINT_X": 358834.1226860974, "MIDPOINT_Y": 173298.94479251854, "SENSOR_X": 358640.0, "SENSOR_Y": 173090.0 }, "geometry": { "type": "LineString", "coordinates": [ [ 358846.796916044841055, 173306.96750373361283 ], [ 358821.448456150013953, 173290.922081303462619 ] ] } },
{ "type": "Feature", "properties": { "JOURNEY_LINK_ID": 156, "SITE_ID": 501, "SEGMENT_ID": 1, "SEGMENT_LENGTH": 29.999999999979522, "LENGTH_PROPORTION": 0.004502682281264006, "DIST_TO_SENSOR": 256.31017617487026, "MIDPOINT_X": 358808.77422620263, "MIDPOINT_Y": 173282.89937008839, "SENSOR_X": 358640.0, "SENSOR_Y": 173090.0 }, "geometry": { "type": "LineString", "coordinates": [ [ 358821.448456150013953, 173290.922081303462619 ], [ 358802.782707620761357, 173279.106774915242568 ], [ 358795.632448266551364, 173275.726493256777758 ] ] } },
{ "type": "Feature", "properties": { "JOURNEY_LINK_ID": 156, "SITE_ID": 501, "SEGMENT_ID": 2, "SEGMENT_LENGTH": 30.000000000015071, "LENGTH_PROPORTION": 0.0045026822812693412, "DIST_TO_SENSOR": 228.77581387227181, "MIDPOINT_X": 358782.07148082659, "MIDPOINT_Y": 173269.31555244501, "SENSOR_X": 358640.0, "SENSOR_Y": 173090.0 }, "geometry": { "type": "LineString", "coordinates": [ [ 358795.632448266551364, 173275.726493256777758 ], [ 358768.510513386572711, 173262.904611633275636 ] ] } },
{ "type": "Feature", "properties": { "JOURNEY_LINK_ID": 156, "SITE_ID": 501, "SEGMENT_ID": 3, "SEGMENT_LENGTH": 29.999999999998668, "LENGTH_PROPORTION": 0.0045026822812668796, "DIST_TO_SENSOR": 202.30937915849094, "MIDPOINT_X": 358754.95903082122, "MIDPOINT_Y": 173256.47374005572, "SENSOR_X": 358640.0, "SENSOR_Y": 173090.0 }, "geometry": { "type": "LineString", "coordinates": [ [ 358768.510513386572711, 173262.904611633275636 ], [ 358758.839991867542267, 173258.332877252832986 ], [ 358741.431124906404875, 173249.993326368305134 ] ] } },
{ "type": "Feature", "properties": { "JOURNEY_LINK_ID": 156, "SITE_ID": 501, "SEGMENT_ID": 4, "SEGMENT_LENGTH": 28.588403875122253, "LENGTH_PROPORTION": 0.0042908166526073365, "DIST_TO_SENSOR": 177.27047745068208, "MIDPOINT_X": 358728.72031148191, "MIDPOINT_Y": 173243.47158859589, "SENSOR_X": 358640.0, "SENSOR_Y": 173090.0 }, "geometry": { "type": "LineString", "coordinates": [ [ 358741.431124906404875, 173249.993326368305134 ], [ 358733.728527742379811, 173246.303471012623049 ], [ 358716.277536142501049, 173236.435854740440845 ] ] } },
{ "type": "Feature", "properties": { "JOURNEY_LINK_ID": 156, "SITE_ID": 501, "SEGMENT_ID": 5, "SEGMENT_LENGTH": 30.00000000000497, "LENGTH_PROPORTION": 0.0045026822812678259, "DIST_TO_SENSOR": 150.23188600659077, "MIDPOINT_X": 358707.79239557649, "MIDPOINT_Y": 173224.0664412711, "SENSOR_X": 358640.0, "SENSOR_Y": 173090.0 }, "geometry": { "type": "LineString", "coordinates": [ [ 358716.277536142501049, 173236.435854740440845 ], [ 358699.307255010469817, 173211.697027801797958 ] ] } },
{ "type": "Feature", "properties": { "JOURNEY_LINK_ID": 156, "SITE_ID": 501, "SEGMENT_ID": 6, "SEGMENT_LENGTH": 20.965629901611596, "LENGTH_PROPORTION": 0.00314671900911966, "DIST_TO_SENSOR": 125.02014639756025, "MIDPOINT_X": 358693.37737778481, "MIDPOINT_Y": 173203.05260963854, "SENSOR_X": 358640.0, "SENSOR_Y": 173090.0 }, "geometry": { "type": "LineString", "coordinates": [ [ 358699.307255010469817, 173211.697027801797958 ], [ 358687.447500559152104, 173194.408191475260537 ] ] } },
{ "type": "Feature", "properties": { "JOURNEY_LINK_ID": 156, "SITE_ID": 501, "SEGMENT_ID": 7, "SEGMENT_LENGTH": 29.999999999982087, "LENGTH_PROPORTION": 0.0045026822812643912, "DIST_TO_SENSOR": 99.988138043588151, "MIDPOINT_X": 358683.90726670006, "MIDPOINT_Y": 173179.83195244652, "SENSOR_X": 358640.0, "SENSOR_Y": 173090.0 }, "geometry": { "type": "LineString", "coordinates": [ [ 358687.447500559152104, 173194.408191475260537 ], [ 358683.13404917268781, 173176.648376460128929 ], [ 358680.516482715436723, 173165.220450295775663 ] ] } },
{ "type": "Feature", "properties": { "JOURNEY_LINK_ID": 156, "SITE_ID": 501, "SEGMENT_ID": 8, "SEGMENT_LENGTH": 7.636497637890411, "LENGTH_PROPORTION": 0.0011461574201689021, "DIST_TO_SENSOR": 81.763560090211712, "MIDPOINT_X": 358679.66398953658, "MIDPOINT_Y": 173161.49858524941, "SENSOR_X": 358640.0, "SENSOR_Y": 173090.0 }, "geometry": { "type": "LineString", "coordinates": [ [ 358680.516482715436723, 173165.220450295775663 ], [ 358678.811496357666329, 173157.776720203051809 ] ] } },
{ "type": "Feature", "properties": { "JOURNEY_LINK_ID": 156, "SITE_ID": 501, "SEGMENT_ID": 9, "SEGMENT_LENGTH": 29.999999999991733, "LENGTH_PROPORTION": 0.0045026822812658388, "DIST_TO_SENSOR": 63.30040453742852, "MIDPOINT_X": 358673.33364034281, "MIDPOINT_Y": 173143.81272745455, "SENSOR_X": 358640.0, "SENSOR_Y": 173090.0 }, "geometry": { "type": "LineString", "coordinates": [ [ 358678.811496357666329, 173157.776720203051809 ], [ 358667.855784327897709, 173129.848734706058167 ] ] } },
{ "type": "Feature", "properties": { "JOURNEY_LINK_ID": 156, "SITE_ID": 501, "SEGMENT_ID": 10, "SEGMENT_LENGTH": 29.999999999991733, "LENGTH_PROPORTION": 0.0045026822812658388, "DIST_TO_SENSOR": 34.216831264607201, "MIDPOINT_X": 358662.37792831298, "MIDPOINT_Y": 173115.88474195756, "SENSOR_X": 358640.0, "SENSOR_Y": 173090.0 }, "geometry": { "type": "LineString", "coordinates": [ [ 358667.855784327897709, 173129.848734706058167 ], [ 358656.900072298129089, 173101.920749209064525 ] ] } },
{ "type": "Feature", "properties": { "JOURNEY_LINK_ID": 156, "SITE_ID": 501, "SEGMENT_ID": 11, "SEGMENT_LENGTH": 13.83467550569276, "LENGTH_PROPORTION": 0.0020764382755520819, "DIST_TO_SENSOR": 15.383530977339769, "MIDPOINT_X": 358654.37392695039, "MIDPOINT_Y": 173095.48117226109, "SENSOR_X": 358640.0, "SENSOR_Y": 173090.0 }, "geometry": { "type": "LineString", "coordinates": [ [ 358656.900072298129089, 173101.920749209064525 ], [ 358651.847781602584291, 173089.041595313115977 ] ] } },
{ "type": "Feature", "properties": { "JOURNEY_LINK_ID": 156, "SITE_ID": 501, "SEGMENT_ID": 12, "SEGMENT_LENGTH": 29.999999999988507, "LENGTH_PROPORTION": 0.0045026822812653548, "DIST_TO_SENSOR": 14.311151947722756, "MIDPOINT_X": 358643.99899848696, "MIDPOINT_Y": 173076.25892721902, "SENSOR_X": 358640.0, "SENSOR_Y": 173090.0 }, "geometry": { "type": "LineString", "coordinates": [ [ 358651.847781602584291, 173089.041595313115977 ], [ 358636.150215371337254, 173063.476259124930948 ] ] } },
{ "type": "Feature", "properties": { "JOURNEY_LINK_ID": 156, "SITE_ID": 501, "SEGMENT_ID": 13, "SEGMENT_LENGTH": 30.000000000018964, "LENGTH_PROPORTION": 0.0045026822812699258, "DIST_TO_SENSOR": 41.010367875940858, "MIDPOINT_X": 358628.30143225566, "MIDPOINT_Y": 173050.69359103084, "SENSOR_X": 358640.0, "SENSOR_Y": 173090.0 }, "geometry": { "type": "LineString", "coordinates": [ [ 358636.150215371337254, 173063.476259124930948 ], [ 358620.452649140032008, 173037.910922936745919 ] ] } },
{ "type": "Feature", "properties": { "JOURNEY_LINK_ID": 156, "SITE_ID": 501, "SEGMENT_ID": 14, "SEGMENT_LENGTH": 29.999999999985018, "LENGTH_PROPORTION": 0.0045026822812648309, "DIST_TO_SENSOR": 70.426743519949071, "MIDPOINT_X": 358612.65702396183, "MIDPOINT_Y": 173025.09785932497, "SENSOR_X": 358640.0, "SENSOR_Y": 173090.0 }, "geometry": { "type": "LineString", "coordinates": [ [ 358620.452649140032008, 173037.910922936745919 ], [ 358613.116778706782497, 173025.9635935802944 ], [ 358605.621683632954955, 173011.850067567225778 ] ] } },
{ "type": "Feature", "properties": { "JOURNEY_LINK_ID": 156, "SITE_ID": 501, "SEGMENT_ID": 15, "SEGMENT_LENGTH": 30.000000000007535, "LENGTH_PROPORTION": 0.004502682281268211, "DIST_TO_SENSOR": 100.34024465671844, "MIDPOINT_X": 358598.55437927146, "MIDPOINT_Y": 172998.61933891574, "SENSOR_X": 358640.0, "SENSOR_Y": 173090.0 }, "geometry": { "type": "LineString", "coordinates": [ [ 358605.621683632954955, 173011.850067567225778 ], [ 358602.531370288226753, 173006.03089951799484 ], [ 358591.462036075710785, 172985.401976546709193 ] ] } },
{ "type": "Feature", "properties": { "JOURNEY_LINK_ID": 156, "SITE_ID": 501, "SEGMENT_ID": 16, "SEGMENT_LENGTH": 24.342266884327099, "LENGTH_PROPORTION": 0.0036535164595311344, "DIST_TO_SENSOR": 127.46383937287644, "MIDPOINT_X": 358585.70724571217, "MIDPOINT_Y": 172974.67729113693, "SENSOR_X": 358640.0, "SENSOR_Y": 173090.0 }, "geometry": { "type": "LineString", "coordinates": [ [ 358591.462036075710785, 172985.401976546709193 ], [ 358579.952455348684452, 172963.952605727128685 ] ] } },
{ "type": "Feature", "properties": { "JOURNEY_LINK_ID": 156, "SITE_ID": 501, "SEGMENT_ID": 17, "SEGMENT_LENGTH": 29.999999999997257, "LENGTH_PROPORTION": 0.004502682281266668, "DIST_TO_SENSOR": 154.24941223417557, "MIDPOINT_X": 358576.82019833731, "MIDPOINT_Y": 172949.28328515613, "SENSOR_X": 358640.0, "SENSOR_Y": 173090.0 }, "geometry": { "type": "LineString", "coordinates": [ [ 358579.952455348684452, 172963.952605727128685 ], [ 358573.687941326003056, 172934.613964585121721 ] ] } },
{ "type": "Feature", "properties": { "JOURNEY_LINK_ID": 156, "SITE_ID": 501, "SEGMENT_ID": 18, "SEGMENT_LENGTH": 29.999999999997257, "LENGTH_PROPORTION": 0.004502682281266668, "DIST_TO_SENSOR": 183.68815171503513, "MIDPOINT_X": 358570.55568431469, "MIDPOINT_Y": 172919.94464401412, "SENSOR_X": 358640.0, "SENSOR_Y": 173090.0 }, "geometry": { "type": "LineString", "coordinates": [ [ 358573.687941326003056, 172934.613964585121721 ], [ 358567.42342730332166, 172905.275323443114758 ] ] } },
{ "type": "Feature", "properties": { "JOURNEY_LINK_ID": 156, "SITE_ID": 501, "SEGMENT_ID": 19, "SEGMENT_LENGTH": 29.99999999999303, "LENGTH_PROPORTION": 0.0045026822812660331, "DIST_TO_SENSOR": 213.27943135898815, "MIDPOINT_X": 358564.31566667714, "MIDPOINT_Y": 172890.60090890306, "SENSOR_X": 358640.0, "SENSOR_Y": 173090.0 }, "geometry": { "type": "LineString", "coordinates": [ [ 358567.42342730332166, 172905.275323443114758 ], [ 358564.780428980477154, 172892.89735141658457 ], [ 358561.340236669639125, 172875.898976503871381 ] ] } },
{ "type": "Feature", "properties": { "JOURNEY_LINK_ID": 156, "SITE_ID": 501, "SEGMENT_ID": 20, "SEGMENT_LENGTH": 30.000000000013372, "LENGTH_PROPORTION": 0.0045026822812690871, "DIST_TO_SENSOR": 242.93023158460954, "MIDPOINT_X": 358558.36480666208, "MIDPOINT_Y": 172861.19704410469, "SENSOR_X": 358640.0, "SENSOR_Y": 173090.0 }, "geometry": { "type": "LineString", "coordinates": [ [ 358561.340236669639125, 172875.898976503871381 ], [ 358558.26369944732869, 172860.697462050127797 ], [ 358556.276100342918653, 172846.344137117237551 ] ] } },
{ "type": "Feature", "properties": { "JOURNEY_LINK_ID": 156, "SITE_ID": 501, "SEGMENT_ID": 21, "SEGMENT_LENGTH": 30.00000000001253, "LENGTH_PROPORTION": 0.0045026822812689604, "DIST_TO_SENSOR": 272.41450028765001, "MIDPOINT_X": 358553.88562865771, "MIDPOINT_Y": 172831.55469627929, "SENSOR_X": 358640.0, "SENSOR_Y": 173090.0 }, "geometry": { "type": "LineString", "coordinates": [ [ 358556.276100342918653, 172846.344137117237551 ], [ 358554.571617677866016, 172834.035320173366927 ], [ 358549.887601171736605, 172817.097318362735678 ] ] } },
{ "type": "Feature", "properties": { "JOURNEY_LINK_ID": 156, "SITE_ID": 501, "SEGMENT_ID": 22, "SEGMENT_LENGTH": 12.397742123265308, "LENGTH_PROPORTION": 0.0018607697928715069, "DIST_TO_SENSOR": 293.58695241950142, "MIDPOINT_X": 358548.23538404598, "MIDPOINT_Y": 172811.12269025648, "SENSOR_X": 358640.0, "SENSOR_Y": 173090.0 }, "geometry": { "type": "LineString", "coordinates": [ [ 358549.887601171736605, 172817.097318362735678 ], [ 358548.12741468870081, 172810.732259273412637 ], [ 358546.899836212454829, 172805.07001503938227 ] ] } },
{ "type": "Feature", "properties": { "JOURNEY_LINK_ID": 156, "SITE_ID": 672, "SEGMENT_ID": 0, "SEGMENT_LENGTH": 7.4623146441577806, "LENGTH_PROPORTION": 0.0014909065013742394, "DIST_TO_SENSOR": 296.84541079966652, "MIDPOINT_X": 359023.70817458018, "MIDPOINT_Y": 173494.04092838182, "SENSOR_X": 358728.0, "SENSOR_Y": 173520.0 }, "geometry": { "type": "LineString", "coordinates": [ [ 359026.82544269238133, 173496.091336750600021 ], [ 359020.590906467987224, 173491.990520013030618 ] ] } },
{ "type": "Feature", "properties": { "JOURNEY_LINK_ID": 156, "SITE_ID": 672, "SEGMENT_ID": 1, "SEGMENT_LENGTH": 29.99999999999141, "LENGTH_PROPORTION": 0.0059937428497780021, "DIST_TO_SENSOR": 287.03950745456126, "MIDPOINT_X": 359012.17817494838, "MIDPOINT_Y": 173479.5717459842, "SENSOR_X": 358728.0, "SENSOR_Y": 173520.0 }, "geometry": { "type": "LineString", "coordinates": [ [ 359020.590906467987224, 173491.990520013030618 ], [ 359003.765443428768776, 173467.152971955394605 ] ] } },
{ "type": "Feature", "properties": { "JOURNEY_LINK_ID": 156, "SITE_ID": 672, "SEGMENT_ID": 2, "SEGMENT_LENGTH": 29.999999999999961, "LENGTH_PROPORTION": 0.0059937428497797108, "DIST_TO_SENSOR": 275.20373813855855, "MIDPOINT_X": 358995.3527119091, "MIDPOINT_Y": 173454.73419792659, "SENSOR_X": 358728.0, "SENSOR_Y": 173520.0 }, "geometry": { "type": "LineString", "coordinates": [ [ 359003.765443428768776, 173467.152971955394605 ], [ 358986.939980389492121, 173442.315423897787696 ] ] } },
{ "type": "Feature", "properties": { "JOURNEY_LINK_ID": 156, "SITE_ID": 672, "SEGMENT_ID": 3, "SEGMENT_LENGTH": 30.000000000005535, "LENGTH_PROPORTION": 0.0059937428497808245, "DIST_TO_SENSOR": 266.23770606574476, "MIDPOINT_X": 358978.52724886988, "MIDPOINT_Y": 173429.89664986896, "SENSOR_X": 358728.0, "SENSOR_Y": 173520.0 }, "geometry": { "type": "LineString", "coordinates": [ [ 358986.939980389492121, 173442.315423897787696 ], [ 358974.883588784257881, 173424.517922265978996 ], [ 358969.819720627041534, 173417.686850951256929 ] ] } },
{ "type": "Feature", "properties": { "JOURNEY_LINK_ID": 156, "SITE_ID": 672, "SEGMENT_ID": 4, "SEGMENT_LENGTH": 8.0108387839513107, "LENGTH_PROPORTION": 0.0016004969227348743, "DIST_TO_SENSOR": 261.65933708766113, "MIDPOINT_X": 358967.43442435976, "MIDPOINT_Y": 173414.46912718704, "SENSOR_X": 358728.0, "SENSOR_Y": 173520.0 }, "geometry": { "type": "LineString", "coordinates": [ [ 358969.819720627041534, 173417.686850951256929 ], [ 358965.049128092476167, 173411.251403422793373 ] ] } },
{ "type": "Feature", "properties": { "JOURNEY_LINK_ID": 156, "SITE_ID": 672, "SEGMENT_ID": 5, "SEGMENT_LENGTH": 29.999999999984208, "LENGTH_PROPORTION": 0.005993742849776564, "DIST_TO_SENSOR": 255.49760198991049, "MIDPOINT_X": 358954.09507517621, "MIDPOINT_Y": 173401.00402694353, "SENSOR_X": 358728.0, "SENSOR_Y": 173520.0 }, "geometry": { "type": "LineString", "coordinates": [ [ 358965.049128092476167, 173411.251403422793373 ], [ 358943.141022260009777, 173390.756650464230916 ] ] } },
{ "type": "Feature", "properties": { "JOURNEY_LINK_ID": 156, "SITE_ID": 672, "SEGMENT_ID": 6, "SEGMENT_LENGTH": 30.000000000026716, "LENGTH_PROPORTION": 0.0059937428497850564, "DIST_TO_SENSOR": 247.28522215044384, "MIDPOINT_X": 358932.18696934375, "MIDPOINT_Y": 173380.50927398494, "SENSOR_X": 358728.0, "SENSOR_Y": 173520.0 }, "geometry": { "type": "LineString", "coordinates": [ [ 358943.141022260009777, 173390.756650464230916 ], [ 358921.232916427485179, 173370.261897505668458 ] ] } },
{ "type": "Feature", "properties": { "JOURNEY_LINK_ID": 156, "SITE_ID": 672, "SEGMENT_ID": 7, "SEGMENT_LENGTH": 29.999999999984208, "LENGTH_PROPORTION": 0.005993742849776564, "DIST_TO_SENSOR": 242.53028174926089, "MIDPOINT_X": 358910.27886351128, "MIDPOINT_Y": 173360.0145210264, "SENSOR_X": 358728.0, "SENSOR_Y": 173520.0 }, "geometry": { "type": "LineString", "coordinates": [ [ 358921.232916427485179, 173370.261897505668458 ], [ 358899.324810595018789, 173349.767144547106 ] ] } },
{ "type": "Feature", "properties": { "JOURNEY_LINK_ID": 156, "SITE_ID": 672, "SEGMENT_ID": 8, "SEGMENT_LENGTH": 29.999999999984208, "LENGTH_PROPORTION": 0.005993742849776564, "DIST_TO_SENSOR": 241.43714303469432, "MIDPOINT_X": 358888.37075767876, "MIDPOINT_Y": 173339.51976806781, "SENSOR_X": 358728.0, "SENSOR_Y": 173520.0 }, "geometry": { "type": "LineString", "coordinates": [ [ 358899.324810595018789, 173349.767144547106 ], [ 358877.416704762552399, 173329.272391588543542 ] ] } },
{ "type": "Feature", "properties": { "JOURNEY_LINK_ID": 156, "SITE_ID": 672, "SEGMENT_ID": 9, "SEGMENT_LENGTH": 30.000000000027697, "LENGTH_PROPORTION": 0.0059937428497852524, "DIST_TO_SENSOR": 243.07601002847662, "MIDPOINT_X": 358865.83997735474, "MIDPOINT_Y": 173319.78489743726, "SENSOR_X": 358728.0, "SENSOR_Y": 173520.0 }, "geometry": { "type": "LineString", "coordinates": [ [ 358877.416704762552399, 173329.272391588543542 ], [ 358871.93487996654585, 173324.144214565167204 ], [ 358856.559867339732591, 173313.14739309734432 ], [ 358853.526087144331541, 173311.22702850724454 ] ] } },
{ "type": "Feature", "properties": { "JOURNEY_LINK_ID": 156, "SITE_ID": 672, "SEGMENT_ID": 10, "SEGMENT_LENGTH": 30.000000000011525, "LENGTH_PROPORTION": 0.0059937428497820215, "DIST_TO_SENSOR": 244.40930774732931, "MIDPOINT_X": 358840.85185719689, "MIDPOINT_Y": 173303.2043172922, "SENSOR_X": 358728.0, "SENSOR_Y": 173520.0 }, "geometry": { "type": "LineString", "coordinates": [ [ 358853.526087144331541, 173311.22702850724454 ], [ 358828.17762724950444, 173295.181606077123433 ] ] } },
{ "type": "Feature", "properties": { "JOURNEY_LINK_ID": 156, "SITE_ID": 672, "SEGMENT_ID": 11, "SEGMENT_LENGTH": 29.999999999962345, "LENGTH_PROPORTION": 0.005993742849772196, "DIST_TO_SENSOR": 248.7404767649916, "MIDPOINT_X": 358815.50339730212, "MIDPOINT_Y": 173287.15889486205, "SENSOR_X": 358728.0, "SENSOR_Y": 173520.0 }, "geometry": { "type": "LineString", "coordinates": [ [ 358828.17762724950444, 173295.181606077123433 ], [ 358802.829167354735546, 173279.136183647002326 ] ] } },
{ "type": "Feature", "properties": { "JOURNEY_LINK_ID": 156, "SITE_ID": 672, "SEGMENT_ID": 12, "SEGMENT_LENGTH": 29.999999999996188, "LENGTH_PROPORTION": 0.0059937428497789571, "DIST_TO_SENSOR": 254.75854866954288, "MIDPOINT_X": 358789.27145041502, "MIDPOINT_Y": 173272.71933459275, "SENSOR_X": 358728.0, "SENSOR_Y": 173520.0 }, "geometry": { "type": "LineString", "coordinates": [ [ 358802.829167354735546, 173279.136183647002326 ], [ 358802.782707620761357, 173279.106774915242568 ], [ 358775.710482975060586, 173266.30839378098608 ] ] } },
{ "type": "Feature", "properties": { "JOURNEY_LINK_ID": 156, "SITE_ID": 672, "SEGMENT_ID": 13, "SEGMENT_LENGTH": 30.000000000036444, "LENGTH_PROPORTION": 0.0059937428497870001, "DIST_TO_SENSOR": 262.33475633849389, "MIDPOINT_X": 358762.14951553504, "MIDPOINT_Y": 173259.89745296922, "SENSOR_X": 358728.0, "SENSOR_Y": 173520.0 }, "geometry": { "type": "LineString", "coordinates": [ [ 358775.710482975060586, 173266.30839378098608 ], [ 358758.839991867542267, 173258.332877252832986 ], [ 358748.61354102921905, 173253.433993981190724 ] ] } },
{ "type": "Feature", "properties": { "JOURNEY_LINK_ID": 156, "SITE_ID": 672, "SEGMENT_ID": 14, "SEGMENT_LENGTH": 30.000000000004928, "LENGTH_PROPORTION": 0.0059937428497807031, "DIST_TO_SENSOR": 273.13834139386961, "MIDPOINT_X": 358735.0856351144, "MIDPOINT_Y": 173246.95358029372, "SENSOR_X": 358728.0, "SENSOR_Y": 173520.0 }, "geometry": { "type": "LineString", "coordinates": [ [ 358748.61354102921905, 173253.433993981190724 ], [ 358733.728527742379811, 173246.303471012623049 ], [ 358721.981253559759352, 173239.661006416019518 ] ] } },
{ "type": "Feature", "properties": { "JOURNEY_LINK_ID": 156, "SITE_ID": 672, "SEGMENT_ID": 15, "SEGMENT_LENGTH": 6.5524038113064771, "LENGTH_PROPORTION": 0.0013091141164295859, "DIST_TO_SENSOR": 282.09107595793546, "MIDPOINT_X": 358719.12939485116, "MIDPOINT_Y": 173238.04843057823, "SENSOR_X": 358728.0, "SENSOR_Y": 173520.0 }, "geometry": { "type": "LineString", "coordinates": [ [ 358721.981253559759352, 173239.661006416019518 ], [ 358716.277536142501049, 173236.435854740440845 ] ] } },
{ "type": "Feature", "properties": { "JOURNEY_LINK_ID": 156, "SITE_ID": 672, "SEGMENT_ID": 16, "SEGMENT_LENGTH": 18.605868624105213, "LENGTH_PROPORTION": 0.0037172930676557144, "DIST_TO_SENSOR": 291.7304623736884, "MIDPOINT_X": 358711.01508912153, "MIDPOINT_Y": 173228.76439867486, "SENSOR_X": 358728.0, "SENSOR_Y": 173520.0 }, "geometry": { "type": "LineString", "coordinates": [ [ 358716.277536142501049, 173236.435854740440845 ], [ 358705.752642100618687, 173221.092942609277088 ] ] } },
{ "type": "Feature", "properties": { "JOURNEY_LINK_ID": 210, "SITE_ID": 215, "SEGMENT_ID": 0, "SEGMENT_LENGTH": 26.948968432180905, "LENGTH_PROPORTION": 0.0052613170561902518, "DIST_TO_SENSOR": 148.7086416940144, "MIDPOINT_X": 358008.66651391221, "MIDPOINT_Y": 170437.07540298585, "SENSOR_X": 358042.0, "SENSOR_Y": 170582.0 }, "geometry": { "type": "LineString", "coordinates": [ [ 358000.953834265295882, 170448.124217291187961 ], [ 358016.379193559114356, 170426.026588680513669 ] ] } },
{ "type": "Feature", "properties": { "JOURNEY_LINK_ID": 210, "SITE_ID": 215, "SEGMENT_ID": 1, "SEGMENT_LENGTH": 29.999999999983682, "LENGTH_PROPORTION": 0.0058569778684789599, "DIST_TO_SENSOR": 170.63292829322873, "MIDPOINT_X": 358022.76658550772, "MIDPOINT_Y": 170412.45451352251, "SENSOR_X": 358042.0, "SENSOR_Y": 170582.0 }, "geometry": { "type": "LineString", "coordinates": [ [ 358016.379193559114356, 170426.026588680513669 ], [ 358029.153977456327993, 170398.88243836449692 ] ] } },
{ "type": "Feature", "properties": { "JOURNEY_LINK_ID": 210, "SITE_ID": 215, "SEGMENT_ID": 2, "SEGMENT_LENGTH": 29.999999999995286, "LENGTH_PROPORTION": 0.0058569778684812255, "DIST_TO_SENSOR": 197.3529969600016, "MIDPOINT_X": 358034.28499152989, "MIDPOINT_Y": 170384.79785991678, "SENSOR_X": 358042.0, "SENSOR_Y": 170582.0 }, "geometry": { "type": "LineString", "coordinates": [ [ 358029.153977456327993, 170398.88243836449692 ], [ 358030.042107150889933, 170396.99532026349334 ], [ 358039.213100841501728, 170370.630512295843801 ] ] } },
{ "type": "Feature", "properties": { "JOURNEY_LINK_ID": 210, "SITE_ID": 215, "SEGMENT_ID": 3, "SEGMENT_LENGTH": 30.000000000020499, "LENGTH_PROPORTION": 0.0058569778684861478, "DIST_TO_SENSOR": 225.8942893644377, "MIDPOINT_X": 358042.83456729533, "MIDPOINT_Y": 170356.10725229682, "SENSOR_X": 358042.0, "SENSOR_Y": 170582.0 }, "geometry": { "type": "LineString", "coordinates": [ [ 358039.213100841501728, 170370.630512295843801 ], [ 358040.906257204129361, 170365.763019866426475 ], [ 358045.772144152142573, 170341.397709740704158 ] ] } },
{ "type": "Feature", "properties": { "JOURNEY_LINK_ID": 210, "SITE_ID": 215, "SEGMENT_ID": 4, "SEGMENT_LENGTH": 30.000000000000476, "LENGTH_PROPORTION": 0.0058569778684822386, "DIST_TO_SENSOR": 255.26580463255794, "MIDPOINT_X": 358049.37875831785, "MIDPOINT_Y": 170326.8408634981, "SENSOR_X": 358042.0, "SENSOR_Y": 170582.0 }, "geometry": { "type": "LineString", "coordinates": [ [ 358045.772144152142573, 170341.397709740704158 ], [ 358046.245941729168408, 170339.025228623882867 ], [ 358053.114031839650124, 170312.313381551211933 ] ] } },
{ "type": "Feature", "properties": { "JOURNEY_LINK_ID": 210, "SITE_ID": 215, "SEGMENT_ID": 5, "SEGMENT_LENGTH": 29.999999999995545, "LENGTH_PROPORTION": 0.0058569778684812758, "DIST_TO_SENSOR": 284.60175110748037, "MIDPOINT_X": 358056.84930536151, "MIDPOINT_Y": 170297.78589960432, "SENSOR_X": 358042.0, "SENSOR_Y": 170582.0 }, "geometry": { "type": "LineString", "coordinates": [ [ 358053.114031839650124, 170312.313381551211933 ], [ 358059.715372835984454, 170286.638993427040987 ], [ 358060.288587346381973, 170283.195849977841135 ] ] } },
{ "type": "Feature", "properties": { "JOURNEY_LINK_ID": 210, "SITE_ID": 215, "SEGMENT_ID": 6, "SEGMENT_LENGTH": 0.29903657660007654, "LENGTH_PROPORTION": 5.8381687033777141e-05, "DIST_TO_SENSOR": 299.51202522162674, "MIDPOINT_X": 358060.31314121361, "MIDPOINT_Y": 170283.0483615846, "SENSOR_X": 358042.0, "SENSOR_Y": 170582.0 }, "geometry": { "type": "LineString", "coordinates": [ [ 358060.288587346381973, 170283.195849977841135 ], [ 358060.337695080845151, 170282.900873191363644 ] ] } },
{ "type": "Feature", "properties": { "JOURNEY_LINK_ID": 220, "SITE_ID": 270, "SEGMENT_ID": 0, "SEGMENT_LENGTH": 2.8211963487932552, "LENGTH_PROPORTION": 0.0011778977468839941, "DIST_TO_SENSOR": 231.0091809196918, "MIDPOINT_X": 360925.91917787853, "MIDPOINT_Y": 169794.13057411966, "SENSOR_X": 360903.0, "SENSOR_Y": 170024.0 }, "geometry": { "type": "LineString", "coordinates": [ [ 360924.74604615062708, 169794.913867907831445 ], [ 360927.092309606436174, 169793.347280331479851 ] ] } },
{ "type": "Feature", "properties": { "JOURNEY_LINK_ID": 220, "SITE_ID": 270, "SEGMENT_ID": 1, "SEGMENT_LENGTH": 30.000000000002775, "LENGTH_PROPORTION": 0.012525513306309993, "DIST_TO_SENSOR": 217.00751232878159, "MIDPOINT_X": 360923.88048042567, "MIDPOINT_Y": 169807.99938438903, "SENSOR_X": 360903.0, "SENSOR_Y": 170024.0 }, "geometry": { "type": "LineString", "coordinates": [ [ 360927.092309606436174, 169793.347280331479851 ], [ 360920.668651244894136, 169822.651488446601434 ] ] } },
{ "type": "Feature", "properties": { "JOURNEY_LINK_ID": 220, "SITE_ID": 270, "SEGMENT_ID": 2, "SEGMENT_LENGTH": 30.000000000002775, "LENGTH_PROPORTION": 0.012525513306309993, "DIST_TO_SENSOR": 187.25530239766294, "MIDPOINT_X": 360917.45682206412, "MIDPOINT_Y": 169837.30359250418, "SENSOR_X": 360903.0, "SENSOR_Y": 170024.0 }, "geometry": { "type": "LineString", "coordinates": [ [ 360920.668651244894136, 169822.651488446601434 ], [ 360914.244992883352097, 169851.955696561723016 ] ] } },
{ "type": "Feature", "properties": { "JOURNEY_LINK_ID": 220, "SITE_ID": 270, "SEGMENT_ID": 3, "SEGMENT_LENGTH": 30.000000000002775, "LENGTH_PROPORTION": 0.012525513306309993, "DIST_TO_SENSOR": 157.59706896061286, "MIDPOINT_X": 360911.03316370258, "MIDPOINT_Y": 169866.60780061927, "SENSOR_X": 360903.0, "SENSOR_Y": 170024.0 }, "geometry": { "type": "LineString", "coordinates": [ [ 360914.244992883352097, 169851.955696561723016 ], [ 360907.821334521810059, 169881.259904676844599 ] ] } },
{ "type": "Feature", "properties": { "JOURNEY_LINK_ID": 220, "SITE_ID": 270, "SEGMENT_ID": 4, "SEGMENT_LENGTH": 30.000000000002775, "LENGTH_PROPORTION": 0.012525513306309993, "DIST_TO_SENSOR": 128.09810308468329, "MIDPOINT_X": 360904.60950534104, "MIDPOINT_Y": 169895.91200873442, "SENSOR_X": 360903.0, "SENSOR_Y": 170024.0 }, "geometry": { "type": "LineString", "coordinates": [ [ 360907.821334521810059, 169881.259904676844599 ], [ 360901.39767616026802, 169910.564112791966181 ] ] } },
{ "type": "Feature", "properties": { "JOURNEY_LINK_ID": 220, "SITE_ID": 270, "SEGMENT_ID": 5, "SEGMENT_LENGTH": 29.999999999974346, "LENGTH_PROPORTION": 0.012525513306298124, "DIST_TO_SENSOR": 98.90102063592353, "MIDPOINT_X": 360898.1858469795, "MIDPOINT_Y": 169925.21621684951, "SENSOR_X": 360903.0, "SENSOR_Y": 170024.0 }, "geometry": { "type": "LineString", "coordinates": [ [ 360901.39767616026802, 169910.564112791966181 ], [ 360894.974017798725981, 169939.86832090705866 ] ] } },
{ "type": "Feature", "properties": { "JOURNEY_LINK_ID": 220, "SITE_ID": 270, "SEGMENT_ID": 6, "SEGMENT_LENGTH": 25.640025367200522, "LENGTH_PROPORTION": 0.010705149297032207, "DIST_TO_SENSOR": 72.414530199837387, "MIDPOINT_X": 360892.22897174302, "MIDPOINT_Y": 169952.39099823101, "SENSOR_X": 360903.0, "SENSOR_Y": 170024.0 }, "geometry": { "type": "LineString", "coordinates": [ [ 360894.974017798725981, 169939.86832090705866 ], [ 360889.483925687381998, 169964.913675554969814 ] ] } },
{ "type": "Feature", "properties": { "JOURNEY_LINK_ID": 220, "SITE_ID": 270, "SEGMENT_ID": 7, "SEGMENT_LENGTH": 30.000000000013564, "LENGTH_PROPORTION": 0.012525513306314498, "DIST_TO_SENSOR": 46.078211479059377, "MIDPOINT_X": 360889.60007771908, "MIDPOINT_Y": 169979.91322583842, "SENSOR_X": 360903.0, "SENSOR_Y": 170024.0 }, "geometry": { "type": "LineString", "coordinates": [ [ 360889.483925687381998, 169964.913675554969814 ], [ 360889.716229750716593, 169994.912776121869683 ] ] } },
{ "type": "Feature", "properties": { "JOURNEY_LINK_ID": 220, "SITE_ID": 270, "SEGMENT_ID": 8, "SEGMENT_LENGTH": 1.1406024682076175, "LENGTH_PROPORTION": 0.00047622104642477378, "DIST_TO_SENSOR": 31.457226492914508, "MIDPOINT_X": 360889.72064586054, "MIDPOINT_Y": 169995.48306025771, "SENSOR_X": 360903.0, "SENSOR_Y": 170024.0 }, "geometry": { "type": "LineString", "coordinates": [ [ 360889.716229750716593, 169994.912776121869683 ], [ 360889.725061970297247, 169996.053344393556472 ] ] } },
{ "type": "Feature", "properties": { "JOURNEY_LINK_ID": 220, "SITE_ID": 270, "SEGMENT_ID": 9, "SEGMENT_LENGTH": 30.000000000007255, "LENGTH_PROPORTION": 0.012525513306311865, "DIST_TO_SENSOR": 21.712262198276271, "MIDPOINT_X": 360903.36667917226, "MIDPOINT_Y": 170002.29083428247, "SENSOR_X": 360903.0, "SENSOR_Y": 170024.0 }, "geometry": { "type": "LineString", "coordinates": [ [ 360889.725061970297247, 169996.053344393556472 ], [ 360906.471150027937256, 170003.710321817256045 ], [ 360916.736547640932258, 170009.083050328539684 ] ] } },
{ "type": "Feature", "properties": { "JOURNEY_LINK_ID": 220, "SITE_ID": 270, "SEGMENT_ID": 10, "SEGMENT_LENGTH": 29.999999999990997, "LENGTH_PROPORTION": 0.012525513306305077, "DIST_TO_SENSOR": 28.174511947496974, "MIDPOINT_X": 360930.0263184582, "MIDPOINT_Y": 170016.03876679932, "SENSOR_X": 360903.0, "SENSOR_Y": 170024.0 }, "geometry": { "type": "LineString", "coordinates": [ [ 360916.736547640932258, 170009.083050328539684 ], [ 360921.131445723411161, 170011.383262665360235 ], [ 360937.885989380185492, 170020.152454713708721 ], [ 360942.967500699858647, 170023.579020617966307 ] ] } },
{ "type": "Feature", "properties": { "JOURNEY_LINK_ID": 220, "SITE_ID": 270, "SEGMENT_ID": 11, "SEGMENT_LENGTH": 30.000000000016989, "LENGTH_PROPORTION": 0.012525513306315929, "DIST_TO_SENSOR": 52.975851542563959, "MIDPOINT_X": 360955.36491713399, "MIDPOINT_Y": 170032.02223785548, "SENSOR_X": 360903.0, "SENSOR_Y": 170024.0 }, "geometry": { "type": "LineString", "coordinates": [ [ 360942.967500699858647, 170023.579020617966307 ], [ 360952.563386257563252, 170030.049720416660421 ], [ 360967.629808799771126, 170040.657770984718809 ] ] } },
{ "type": "Feature", "properties": { "JOURNEY_LINK_ID": 220, "SITE_ID": 270, "SEGMENT_ID": 12, "SEGMENT_LENGTH": 29.999999999981149, "LENGTH_PROPORTION": 0.012525513306300966, "DIST_TO_SENSOR": 80.955481421403562, "MIDPOINT_X": 360979.91030866245, "MIDPOINT_Y": 170049.27042527575, "SENSOR_X": 360903.0, "SENSOR_Y": 170024.0 }, "geometry": { "type": "LineString", "coordinates": [ [ 360967.629808799771126, 170040.657770984718809 ], [ 360979.128352672152687, 170048.753729697957169 ], [ 360992.424999239156023, 170057.539797668432584 ] ] } },
{ "type": "Feature", "properties": { "JOURNEY_LINK_ID": 220, "SITE_ID": 270, "SEGMENT_ID": 13, "SEGMENT_LENGTH": 30.00000000002133, "LENGTH_PROPORTION": 0.012525513306317741, "DIST_TO_SENSOR": 110.18033881303397, "MIDPOINT_X": 361004.93968981586, "MIDPOINT_Y": 170065.80917006114, "SENSOR_X": 360903.0, "SENSOR_Y": 170024.0 }, "geometry": { "type": "LineString", "coordinates": [ [ 360992.424999239156023, 170057.539797668432584 ], [ 361014.070328112575226, 170071.842451331322081 ], [ 361017.453635983867571, 170074.079668618534924 ] ] } },
{ "type": "Feature", "properties": { "JOURNEY_LINK_ID": 220, "SITE_ID": 270, "SEGMENT_ID": 14, "SEGMENT_LENGTH": 29.999999999983963, "LENGTH_PROPORTION": 0.01252551330630214, "DIST_TO_SENSOR": 139.73315106500851, "MIDPOINT_X": 361029.96557363472, "MIDPOINT_Y": 170082.35320572311, "SENSOR_X": 360903.0, "SENSOR_Y": 170024.0 }, "geometry": { "type": "LineString", "coordinates": [ [ 361017.453635983867571, 170074.079668618534924 ], [ 361042.477511285571381, 170090.626742827706039 ] ] } },
{ "type": "Feature", "properties": { "JOURNEY_LINK_ID": 220, "SITE_ID": 270, "SEGMENT_ID": 15, "SEGMENT_LENGTH": 29.999999999993225, "LENGTH_PROPORTION": 0.012525513306306007, "DIST_TO_SENSOR": 169.44274703254621, "MIDPOINT_X": 361054.98944893642, "MIDPOINT_Y": 170098.90027993231, "SENSOR_X": 360903.0, "SENSOR_Y": 170024.0 }, "geometry": { "type": "LineString", "coordinates": [ [ 361042.477511285571381, 170090.626742827706039 ], [ 361062.289729987853207, 170103.727601474209223 ], [ 361067.672129226964898, 170106.900540907226969 ] ] } },
{ "type": "Feature", "properties": { "JOURNEY_LINK_ID": 220, "SITE_ID": 270, "SEGMENT_ID": 16, "SEGMENT_LENGTH": 29.999999999981235, "LENGTH_PROPORTION": 0.012525513306301, "DIST_TO_SENSOR": 199.24030358950591, "MIDPOINT_X": 361080.1341704806, "MIDPOINT_Y": 170115.21504383921, "SENSOR_X": 360903.0, "SENSOR_Y": 170024.0 }, "geometry": { "type": "LineString", "coordinates": [ [ 361067.672129226964898, 170106.900540907226969 ], [ 361073.464829123055097, 170110.315353727201 ], [ 361083.953079119150061, 170118.020638558722567 ], [ 361092.610508173296694, 170123.529075818747515 ] ] } },
{ "type": "Feature", "properties": { "JOURNEY_LINK_ID": 220, "SITE_ID": 270, "SEGMENT_ID": 17, "SEGMENT_LENGTH": 29.999999999998941, "LENGTH_PROPORTION": 0.012525513306308394, "DIST_TO_SENSOR": 229.09664473781419, "MIDPOINT_X": 361105.26598383556, "MIDPOINT_Y": 170131.58133859158, "SENSOR_X": 360903.0, "SENSOR_Y": 170024.0 }, "geometry": { "type": "LineString", "coordinates": [ [ 361092.610508173296694, 170123.529075818747515 ], [ 361117.921459497767501, 170139.633601364388596 ] ] } },
{ "type": "Feature", "properties": { "JOURNEY_LINK_ID": 220, "SITE_ID": 270, "SEGMENT_ID": 18, "SEGMENT_LENGTH": 29.999999999998941, "LENGTH_PROPORTION": 0.012525513306308394, "DIST_TO_SENSOR": 259.01632072935377, "MIDPOINT_X": 361130.57693515997, "MIDPOINT_Y": 170147.68586413719, "SENSOR_X": 360903.0, "SENSOR_Y": 170024.0 }, "geometry": { "type": "LineString", "coordinates": [ [ 361117.921459497767501, 170139.633601364388596 ], [ 361143.232410822238307, 170155.738126910029678 ] ] } },
{ "type": "Feature", "properties": { "JOURNEY_LINK_ID": 220, "SITE_ID": 270, "SEGMENT_ID": 19, "SEGMENT_LENGTH": 25.881266561894801, "LENGTH_PROPORTION": 0.010805871623504642, "DIST_TO_SENSOR": 286.91594563018543, "MIDPOINT_X": 361154.49436707213, "MIDPOINT_Y": 170162.09903398596, "SENSOR_X": 360903.0, "SENSOR_Y": 170024.0 }, "geometry": { "type": "LineString", "coordinates": [ [ 361143.232410822238307, 170155.738126910029678 ], [ 361146.135747799940873, 170157.585424703196622 ], [ 361165.880925845063757, 170168.247714252705919 ] ] } },
{ "type": "Feature", "properties": { "JOURNEY_LINK_ID": 220, "SITE_ID": 203, "SEGMENT_ID": 0, "SEGMENT_LENGTH": 30.000000000009496, "LENGTH_PROPORTION": 0.011854817823417062, "DIST_TO_SENSOR": 284.81419630921295, "MIDPOINT_X": 361267.05449677131, "MIDPOINT_Y": 171295.46641054377, "SENSOR_X": 361178.0, "SENSOR_Y": 171566.0 }, "geometry": { "type": "LineString", "coordinates": [ [ 361273.556809224770404, 171281.949016832077177 ], [ 361260.55218431778485, 171308.983804255491123 ] ] } },
{ "type": "Feature", "properties": { "JOURNEY_LINK_ID": 220, "SITE_ID": 203, "SEGMENT_ID": 1, "SEGMENT_LENGTH": 29.99999999998327, "LENGTH_PROPORTION": 0.011854817823406697, "DIST_TO_SENSOR": 255.09850960361874, "MIDPOINT_X": 361254.04987186426, "MIDPOINT_Y": 171322.50119796718, "SENSOR_X": 361178.0, "SENSOR_Y": 171566.0 }, "geometry": { "type": "LineString", "coordinates": [ [ 361260.55218431778485, 171308.983804255491123 ], [ 361247.547559410799295, 171336.018591678875964 ] ] } },
{ "type": "Feature", "properties": { "JOURNEY_LINK_ID": 220, "SITE_ID": 203, "SEGMENT_ID": 2, "SEGMENT_LENGTH": 30.000000000015476, "LENGTH_PROPORTION": 0.011854817823419425, "DIST_TO_SENSOR": 225.42774685457724, "MIDPOINT_X": 361241.24703087506, "MIDPOINT_Y": 171349.62652164043, "SENSOR_X": 361178.0, "SENSOR_Y": 171566.0 }, "geometry": { "type": "LineString", "coordinates": [ [ 361247.547559410799295, 171336.018591678875964 ], [ 361242.847279038804118, 171345.789813962997869 ], [ 361235.472819821559824, 171363.470599316817243 ] ] } },
{ "type": "Feature", "properties": { "JOURNEY_LINK_ID": 220, "SITE_ID": 203, "SEGMENT_ID": 3, "SEGMENT_LENGTH": 29.999999999998838, "LENGTH_PROPORTION": 0.01185481782341285, "DIST_TO_SENSOR": 195.60874980093374, "MIDPOINT_X": 361229.96579723194, "MIDPOINT_Y": 171377.42020543883, "SENSOR_X": 361178.0, "SENSOR_Y": 171566.0 }, "geometry": { "type": "LineString", "coordinates": [ [ 361235.472819821559824, 171363.470599316817243 ], [ 361232.609251172048971, 171370.336206834123004 ], [ 361225.117408130434342, 171390.413048290996812 ], [ 361224.73496860411251, 171391.478511333378265 ] ] } },
{ "type": "Feature", "properties": { "JOURNEY_LINK_ID": 220, "SITE_ID": 203, "SEGMENT_ID": 4, "SEGMENT_LENGTH": 30.000000000001613, "LENGTH_PROPORTION": 0.011854817823413947, "DIST_TO_SENSOR": 165.7269762017732, "MIDPOINT_X": 361219.6674009306, "MIDPOINT_Y": 171405.59657628133, "SENSOR_X": 361178.0, "SENSOR_Y": 171566.0 }, "geometry": { "type": "LineString", "coordinates": [ [ 361224.73496860411251, 171391.478511333378265 ], [ 361218.312108160636853, 171409.372374175407458 ], [ 361214.096717699430883, 171419.519982565194368 ] ] } },
{ "type": "Feature", "properties": { "JOURNEY_LINK_ID": 220, "SITE_ID": 203, "SEGMENT_ID": 5, "SEGMENT_LENGTH": 10.909095532939071, "LENGTH_PROPORTION": 0.0043108446720401539, "DIST_TO_SENSOR": 145.47286001770394, "MIDPOINT_X": 361212.00422126614, "MIDPOINT_Y": 171424.55719905978, "SENSOR_X": 361178.0, "SENSOR_Y": 171566.0 }, "geometry": { "type": "LineString", "coordinates": [ [ 361214.096717699430883, 171419.519982565194368 ], [ 361209.911724832840264, 171429.594415554369334 ] ] } },
{ "type": "Feature", "properties": { "JOURNEY_LINK_ID": 14, "SITE_ID": 500, "SEGMENT_ID": 0, "SEGMENT_LENGTH": 13.108180831754767, "LENGTH_PROPORTION": 0.00057818850360686789, "DIST_TO_SENSOR": 275.48396505725771, "MIDPOINT_X": 359639.64867739275, "MIDPOINT_Y": 173630.09878303879, "SENSOR_X": 359522.0, "SENSOR_Y": 173381.0 }, "geometry": { "type": "LineString", "coordinates": [ [ 359646.187639626674354, 173629.653727892611641 ], [ 359633.109715158876497, 173630.543838184967171 ] ] } },
{ "type": "Feature", "properties": { "JOURNEY_LINK_ID": 14, "SITE_ID": 500, "SEGMENT_ID": 1, "SEGMENT_LENGTH": 15.206204673699448, "LENGTH_PROPORTION": 0.00067073019808569956, "DIST_TO_SENSOR": 265.75601110767894, "MIDPOINT_X": 359628.54535612446, "MIDPOINT_Y": 173624.46323034121, "SENSOR_X": 359522.0, "SENSOR_Y": 173381.0 }, "geometry": { "type": "LineString", "coordinates": [ [ 359633.109715158876497, 173630.543838184967171 ], [ 359623.980997090053279, 173618.382622497447301 ] ] } },
{ "type": "Feature", "properties": { "JOURNEY_LINK_ID": 14, "SITE_ID": 500, "SEGMENT_ID": 2, "SEGMENT_LENGTH": 30.000000000018265, "LENGTH_PROPORTION": 0.0013232694399665653, "DIST_TO_SENSOR": 245.93215273185049, "MIDPOINT_X": 359611.49458976724, "MIDPOINT_Y": 173610.07060516294, "SENSOR_X": 359522.0, "SENSOR_Y": 173381.0 }, "geometry": { "type": "LineString", "coordinates": [ [ 359623.980997090053279, 173618.382622497447301 ], [ 359599.008182444435079, 173601.758587828429881 ] ] } },
{ "type": "Feature", "properties": { "JOURNEY_LINK_ID": 14, "SITE_ID": 500, "SEGMENT_ID": 3, "SEGMENT_LENGTH": 29.999999999953687, "LENGTH_PROPORTION": 0.0013232694399637169, "DIST_TO_SENSOR": 222.02838732802118, "MIDPOINT_X": 359586.52177512168, "MIDPOINT_Y": 173593.44657049392, "SENSOR_X": 359522.0, "SENSOR_Y": 173381.0 }, "geometry": { "type": "LineString", "coordinates": [ [ 359599.008182444435079, 173601.758587828429881 ], [ 359574.035367798875086, 173585.134553159441566 ] ] } },
{ "type": "Feature", "properties": { "JOURNEY_LINK_ID": 14, "SITE_ID": 500, "SEGMENT_ID": 4, "SEGMENT_LENGTH": 5.4489498885119882, "LENGTH_PROPORTION": 0.00024034762891242493, "DIST_TO_SENSOR": 208.64711582592909, "MIDPOINT_X": 359571.76744087256, "MIDPOINT_Y": 173583.62482762849, "SENSOR_X": 359522.0, "SENSOR_Y": 173381.0 }, "geometry": { "type": "LineString", "coordinates": [ [ 359574.035367798875086, 173585.134553159441566 ], [ 359569.499513946240768, 173582.115102097566705 ] ] } },
{ "type": "Feature", "properties": { "JOURNEY_LINK_ID": 14, "SITE_ID": 500, "SEGMENT_ID": 5, "SEGMENT_LENGTH": 30.000000000020336, "LENGTH_PROPORTION": 0.0013232694399666568, "DIST_TO_SENSOR": 197.66305841963415, "MIDPOINT_X": 359555.92647481576, "MIDPOINT_Y": 173575.72975882073, "SENSOR_X": 359522.0, "SENSOR_Y": 173381.0 }, "geometry": { "type": "LineString", "coordinates": [ [ 359569.499513946240768, 173582.115102097566705 ], [ 359548.577830184658524, 173572.272639295901172 ], [ 359542.325717300642282, 173569.40407419973053 ] ] } },
{ "type": "Feature", "properties": { "JOURNEY_LINK_ID": 14, "SITE_ID": 500, "SEGMENT_ID": 6, "SEGMENT_LENGTH": 29.999999999971127, "LENGTH_PROPORTION": 0.0013232694399644862, "DIST_TO_SENSOR": 182.27172027725697, "MIDPOINT_X": 359528.69223490625, "MIDPOINT_Y": 173563.14882378097, "SENSOR_X": 359522.0, "SENSOR_Y": 173381.0 }, "geometry": { "type": "LineString", "coordinates": [ [ 359542.325717300642282, 173569.40407419973053 ], [ 359519.987318096274976, 173559.154874696978368 ], [ 359514.83502321416745, 173557.464283115812577 ] ] } },
{ "type": "Feature", "properties": { "JOURNEY_LINK_ID": 14, "SITE_ID": 500, "SEGMENT_ID": 7, "SEGMENT_LENGTH": 30.000000000028148, "LENGTH_PROPORTION": 0.0013232694399670014, "DIST_TO_SENSOR": 173.11767708150481, "MIDPOINT_X": 359500.58265701088, "MIDPOINT_Y": 173552.7877397761, "SENSOR_X": 359522.0, "SENSOR_Y": 173381.0 }, "geometry": { "type": "LineString", "coordinates": [ [ 359514.83502321416745, 173557.464283115812577 ], [ 359493.516264392703306, 173550.469086798548233 ], [ 359486.719655102817342, 173547.151864242536249 ] ] } },
{ "type": "Feature", "properties": { "JOURNEY_LINK_ID": 14, "SITE_ID": 500, "SEGMENT_ID": 8, "SEGMENT_LENGTH": 27.363605703356988, "LENGTH_PROPORTION": 0.0012069807731508357, "DIST_TO_SENSOR": 167.06806868579082, "MIDPOINT_X": 359474.42416824057, "MIDPOINT_Y": 173541.15080332861, "SENSOR_X": 359522.0, "SENSOR_Y": 173381.0 }, "geometry": { "type": "LineString", "coordinates": [ [ 359486.719655102817342, 173547.151864242536249 ], [ 359462.128681378322653, 173535.149742414709181 ] ] } },
{ "type": "Feature", "properties": { "JOURNEY_LINK_ID": 14, "SITE_ID": 500, "SEGMENT_ID": 9, "SEGMENT_LENGTH": 29.999999999990521, "LENGTH_PROPORTION": 0.0013232694399653417, "DIST_TO_SENSOR": 168.09521290795013, "MIDPOINT_X": 359447.53087126615, "MIDPOINT_Y": 173531.69953373581, "SENSOR_X": 359522.0, "SENSOR_Y": 173381.0 }, "geometry": { "type": "LineString", "coordinates": [ [ 359462.128681378322653, 173535.149742414709181 ], [ 359432.93306115391897, 173528.249325056909584 ] ] } },
{ "type": "Feature", "properties": { "JOURNEY_LINK_ID": 14, "SITE_ID": 500, "SEGMENT_ID": 10, "SEGMENT_LENGTH": 29.999999999983828, "LENGTH_PROPORTION": 0.0013232694399650463, "DIST_TO_SENSOR": 177.26975502799752, "MIDPOINT_X": 359418.33525104169, "MIDPOINT_Y": 173524.79911637801, "SENSOR_X": 359522.0, "SENSOR_Y": 173381.0 }, "geometry": { "type": "LineString", "coordinates": [ [ 359432.93306115391897, 173528.249325056909584 ], [ 359403.737440929515287, 173521.34890769913909 ] ] } },
{ "type": "Feature", "properties": { "JOURNEY_LINK_ID": 14, "SITE_ID": 500, "SEGMENT_ID": 11, "SEGMENT_LENGTH": 0.79871177172461294, "LENGTH_PROPORTION": 3.5230362628802942e-05, "DIST_TO_SENSOR": 183.71213655391202, "MIDPOINT_X": 359403.34879283688, "MIDPOINT_Y": 173521.2570502896, "SENSOR_X": 359522.0, "SENSOR_Y": 173381.0 }, "geometry": { "type": "LineString", "coordinates": [ [ 359403.737440929515287, 173521.34890769913909 ], [ 359402.960144744312856, 173521.165192880027462 ] ] } },
{ "type": "Feature", "properties": { "JOURNEY_LINK_ID": 14, "SITE_ID": 500, "SEGMENT_ID": 12, "SEGMENT_LENGTH": 29.999999999983945, "LENGTH_PROPORTION": 0.0013232694399650516, "DIST_TO_SENSOR": 195.34723079624547, "MIDPOINT_X": 359388.10448628123, "MIDPOINT_Y": 173523.24110511996, "SENSOR_X": 359522.0, "SENSOR_Y": 173381.0 }, "geometry": { "type": "LineString", "coordinates": [ [ 359402.960144744312856, 173521.165192880027462 ], [ 359373.248827818140853, 173525.317017359891906 ] ] } },
{ "type": "Feature", "properties": { "JOURNEY_LINK_ID": 14, "SITE_ID": 500, "SEGMENT_ID": 13, "SEGMENT_LENGTH": 30.000000000041592, "LENGTH_PROPORTION": 0.0013232694399675942, "DIST_TO_SENSOR": 219.54062236980624, "MIDPOINT_X": 359358.393169355, "MIDPOINT_Y": 173527.39292959982, "SENSOR_X": 359522.0, "SENSOR_Y": 173381.0 }, "geometry": { "type": "LineString", "coordinates": [ [ 359373.248827818140853, 173525.317017359891906 ], [ 359343.537510891910642, 173529.468841839756351 ] ] } },
{ "type": "Feature", "properties": { "JOURNEY_LINK_ID": 14, "SITE_ID": 500, "SEGMENT_ID": 14, "SEGMENT_LENGTH": 29.999999999983945, "LENGTH_PROPORTION": 0.0013232694399650516, "DIST_TO_SENSOR": 245.02169120562499, "MIDPOINT_X": 359328.68185242882, "MIDPOINT_Y": 173531.54475407969, "SENSOR_X": 359522.0, "SENSOR_Y": 173381.0 }, "geometry": { "type": "LineString", "coordinates": [ [ 359343.537510891910642, 173529.468841839756351 ], [ 359313.826193965738639, 173533.620666319620796 ] ] } },
{ "type": "Feature", "properties": { "JOURNEY_LINK_ID": 14, "SITE_ID": 500, "SEGMENT_ID": 15, "SEGMENT_LENGTH": 30.000000000002764, "LENGTH_PROPORTION": 0.0013232694399658816, "DIST_TO_SENSOR": 271.39500796693864, "MIDPOINT_X": 359298.96159343689, "MIDPOINT_Y": 173535.62574024775, "SENSOR_X": 359522.0, "SENSOR_Y": 173381.0 }, "geometry": { "type": "LineString", "coordinates": [ [ 359313.826193965738639, 173533.620666319620796 ], [ 359301.634647670318373, 173535.324298658873886 ], [ 359284.056072105187923, 173537.306642930983799 ] ] } },
{ "type": "Feature", "properties": { "JOURNEY_LINK_ID": 14, "SITE_ID": 500, "SEGMENT_ID": 16, "SEGMENT_LENGTH": 16.693084456549659, "LENGTH_PROPORTION": 0.00073631495067065327, "DIST_TO_SENSOR": 292.16114754144195, "MIDPOINT_X": 359275.76210122323, "MIDPOINT_Y": 173538.24195794613, "SENSOR_X": 359522.0, "SENSOR_Y": 173381.0 }, "geometry": { "type": "LineString", "coordinates": [ [ 359284.056072105187923, 173537.306642930983799 ], [ 359267.468130341265351, 173539.177272961271228 ] ] } },
{ "type": "Feature", "properties": { "JOURNEY_LINK_ID": 18, "SITE_ID": 500, "SEGMENT_ID": 0, "SEGMENT_LENGTH": 10.416847798431752, "LENGTH_PROPORTION": 0.00045947654508131136, "DIST_TO_SENSOR": 276.50570887559888, "MIDPOINT_X": 359638.12821017171, "MIDPOINT_Y": 173631.93753374717, "SENSOR_X": 359522.0, "SENSOR_Y": 173381.0 }, "geometry": { "type": "LineString", "coordinates": [ [ 359643.146705184539314, 173633.331229309376795 ], [ 359633.109715158876497, 173630.543838184967171 ] ] } },
{ "type": "Feature", "properties": { "JOURNEY_LINK_ID": 18, "SITE_ID": 500, "SEGMENT_ID": 1, "SEGMENT_LENGTH": 15.206204673699448, "LENGTH_PROPORTION": 0.00067073019808569956, "DIST_TO_SENSOR": 265.75601110767894, "MIDPOINT_X": 359628.54535612446, "MIDPOINT_Y": 173624.46323034121, "SENSOR_X": 359522.0, "SENSOR_Y": 173381.0 }, "geometry": { "type": "LineString", "coordinates": [ [ 359633.109715158876497, 173630.543838184967171 ], [ 359623.980997090053279, 173618.382622497447301 ] ] } },
{ "type": "Feature", "properties": { "JOURNEY_LINK_ID": 18, "SITE_ID": 500, "SEGMENT_ID": 2, "SEGMENT_LENGTH": 30.000000000018265, "LENGTH_PROPORTION": 0.0013232694399665653, "DIST_TO_SENSOR": 245.93215273185049, "MIDPOINT_X": 359611.49458976724, "MIDPOINT_Y": 173610.07060516294, "SENSOR_X": 359522.0, "SENSOR_Y": 173381.0 }, "geometry": { "type": "LineString", "coordinates": [ [ 359623.980997090053279, 173618.382622497447301 ], [ 359599.008182444435079, 173601.758587828429881 ] ] } },
{ "type": "Feature", "properties": { "JOURNEY_LINK_ID": 18, "SITE_ID": 500, "SEGMENT_ID": 3, "SEGMENT_LENGTH": 29.999999999953687, "LENGTH_PROPORTION": 0.0013232694399637169, "DIST_TO_SENSOR": 222.02838732802118, "MIDPOINT_X": 359586.52177512168, "MIDPOINT_Y": 173593.44657049392, "SENSOR_X": 359522.0, "SENSOR_Y": 173381.0 }, "geometry": { "type": "LineString", "coordinates": [ [ 359599.008182444435079, 173601.758587828429881 ], [ 359574.035367798875086, 173585.134553159441566 ] ] } },
{ "type": "Feature", "properties": { "JOURNEY_LINK_ID": 18, "SITE_ID": 500, "SEGMENT_ID": 4, "SEGMENT_LENGTH": 5.4489498885119882, "LENGTH_PROPORTION": 0.00024034762891242493, "DIST_TO_SENSOR": 208.64711582592909, "MIDPOINT_X": 359571.76744087256, "MIDPOINT_Y": 173583.62482762849, "SENSOR_X": 359522.0, "SENSOR_Y": 173381.0 }, "geometry": { "type": "LineString", "coordinates": [ [ 359574.035367798875086, 173585.134553159441566 ], [ 359569.499513946240768, 173582.115102097566705 ] ] } },
{ "type": "Feature", "properties": { "JOURNEY_LINK_ID": 18, "SITE_ID": 500, "SEGMENT_ID": 5, "SEGMENT_LENGTH": 23.121222403277557, "LENGTH_PROPORTION": 0.001019853567363629, "DIST_TO_SENSOR": 199.65945539177659, "MIDPOINT_X": 359559.03867206548, "MIDPOINT_Y": 173577.19387069673, "SENSOR_X": 359522.0, "SENSOR_Y": 173381.0 }, "geometry": { "type": "LineString", "coordinates": [ [ 359569.499513946240768, 173582.115102097566705 ], [ 359548.577830184658524, 173572.272639295901172 ] ] } },
{ "type": "Feature", "properties": { "JOURNEY_LINK_ID": 18, "SITE_ID": 500, "SEGMENT_ID": 6, "SEGMENT_LENGTH": 29.455533050434877, "LENGTH_PROPORTION": 0.0012992535574513962, "DIST_TO_SENSOR": 178.7207444424688, "MIDPOINT_X": 359543.60395134171, "MIDPOINT_Y": 173558.41018510924, "SENSOR_X": 359522.0, "SENSOR_Y": 173381.0 }, "geometry": { "type": "LineString", "coordinates": [ [ 359548.577830184658524, 173572.272639295901172 ], [ 359538.630072498810478, 173544.547730922582559 ] ] } },
{ "type": "Feature", "properties": { "JOURNEY_LINK_ID": 18, "SITE_ID": 500, "SEGMENT_ID": 7, "SEGMENT_LENGTH": 30.000000000014488, "LENGTH_PROPORTION": 0.0013232694399663988, "DIST_TO_SENSOR": 149.8526211310359, "MIDPOINT_X": 359540.66217269131, "MIDPOINT_Y": 173529.68601605491, "SENSOR_X": 359522.0, "SENSOR_Y": 173381.0 }, "geometry": { "type": "LineString", "coordinates": [ [ 359538.630072498810478, 173544.547730922582559 ], [ 359542.694272883760277, 173514.824301187240053 ] ] } },
{ "type": "Feature", "properties": { "JOURNEY_LINK_ID": 18, "SITE_ID": 500, "SEGMENT_ID": 8, "SEGMENT_LENGTH": 29.999999999985651, "LENGTH_PROPORTION": 0.0013232694399651268, "DIST_TO_SENSOR": 121.1139338682659, "MIDPOINT_X": 359544.72637307621, "MIDPOINT_Y": 173499.9625863196, "SENSOR_X": 359522.0, "SENSOR_Y": 173381.0 }, "geometry": { "type": "LineString", "coordinates": [ [ 359542.694272883760277, 173514.824301187240053 ], [ 359546.758473268710077, 173485.10087145192665 ] ] } },
{ "type": "Feature", "properties": { "JOURNEY_LINK_ID": 18, "SITE_ID": 500, "SEGMENT_ID": 9, "SEGMENT_LENGTH": 17.538796191910301, "LENGTH_PROPORTION": 0.00077361843381809148, "DIST_TO_SENSOR": 98.877353432750454, "MIDPOINT_X": 359547.94649297261, "MIDPOINT_Y": 173476.41231851437, "SENSOR_X": 359522.0, "SENSOR_Y": 173381.0 }, "geometry": { "type": "LineString", "coordinates": [ [ 359546.758473268710077, 173485.10087145192665 ], [ 359549.134512676508166, 173467.723765576840378 ] ] } },
{ "type": "Feature", "properties": { "JOURNEY_LINK_ID": 18, "SITE_ID": 500, "SEGMENT_ID": 10, "SEGMENT_LENGTH": 28.834577755226146, "LENGTH_PROPORTION": 0.0012718638519269086, "DIST_TO_SENSOR": 76.458613489589453, "MIDPOINT_X": 359545.20261473872, "MIDPOINT_Y": 173453.8529906458, "SENSOR_X": 359522.0, "SENSOR_Y": 173381.0 }, "geometry": { "type": "LineString", "coordinates": [ [ 359549.134512676508166, 173467.723765576840378 ], [ 359541.270716800994705, 173439.982215714757331 ] ] } },
{ "type": "Feature", "properties": { "JOURNEY_LINK_ID": 18, "SITE_ID": 500, "SEGMENT_ID": 11, "SEGMENT_LENGTH": 29.999999999989285, "LENGTH_PROPORTION": 0.001323269439965287, "DIST_TO_SENSOR": 47.216015232892921, "MIDPOINT_X": 359534.83838358783, "MIDPOINT_Y": 173426.43707738537, "SENSOR_X": 359522.0, "SENSOR_Y": 173381.0 }, "geometry": { "type": "LineString", "coordinates": [ [ 359541.270716800994705, 173439.982215714757331 ], [ 359535.615279874706175, 173427.793428912584204 ], [ 359529.273957234690897, 173416.722372463264037 ], [ 359527.510050543700345, 173413.351444525324041 ] ] } },
{ "type": "Feature", "properties": { "JOURNEY_LINK_ID": 18, "SITE_ID": 500, "SEGMENT_ID": 12, "SEGMENT_LENGTH": 30.000000000013276, "LENGTH_PROPORTION": 0.0013232694399663454, "DIST_TO_SENSOR": 19.115677992664455, "MIDPOINT_X": 359520.5555691155, "MIDPOINT_Y": 173400.06102737365, "SENSOR_X": 359522.0, "SENSOR_Y": 173381.0 }, "geometry": { "type": "LineString", "coordinates": [ [ 359527.510050543700345, 173413.351444525324041 ], [ 359513.601087687304243, 173386.770610222010873 ] ] } },
{ "type": "Feature", "properties": { "JOURNEY_LINK_ID": 18, "SITE_ID": 500, "SEGMENT_ID": 13, "SEGMENT_LENGTH": 1.1957893860208331, "LENGTH_PROPORTION": 5.2745051705226252e-05, "DIST_TO_SENSOR": 10.136152220091727, "MIDPOINT_X": 359513.32388451806, "MIDPOINT_Y": 173386.24085889649, "SENSOR_X": 359522.0, "SENSOR_Y": 173381.0 }, "geometry": { "type": "LineString", "coordinates": [ [ 359513.601087687304243, 173386.770610222010873 ], [ 359513.046681348816492, 173385.711107570969034 ] ] } },
{ "type": "Feature", "properties": { "JOURNEY_LINK_ID": 18, "SITE_ID": 500, "SEGMENT_ID": 14, "SEGMENT_LENGTH": 29.999999999988862, "LENGTH_PROPORTION": 0.0013232694399652684, "DIST_TO_SENSOR": 16.464966241286373, "MIDPOINT_X": 359508.64353354916, "MIDPOINT_Y": 173371.37192037454, "SENSOR_X": 359522.0, "SENSOR_Y": 173381.0 }, "geometry": { "type": "LineString", "coordinates": [ [ 359513.046681348816492, 173385.711107570969034 ], [ 359504.240385749493726, 173357.03273317811545 ] ] } },
{ "type": "Feature", "properties": { "JOURNEY_LINK_ID": 18, "SITE_ID": 500, "SEGMENT_ID": 15, "SEGMENT_LENGTH": 30.000000000016684, "LENGTH_PROPORTION": 0.0013232694399664957, "DIST_TO_SENSOR": 44.255761671804756, "MIDPOINT_X": 359499.83723794983, "MIDPOINT_Y": 173342.69354598166, "SENSOR_X": 359522.0, "SENSOR_Y": 173381.0 }, "geometry": { "type": "LineString", "coordinates": [ [ 359504.240385749493726, 173357.03273317811545 ], [ 359495.43409015017096, 173328.354358785232762 ] ] } },
{ "type": "Feature", "properties": { "JOURNEY_LINK_ID": 18, "SITE_ID": 500, "SEGMENT_ID": 16, "SEGMENT_LENGTH": 17.759075229194593, "LENGTH_PROPORTION": 0.00078333471776153749, "DIST_TO_SENSOR": 67.737706119977915, "MIDPOINT_X": 359492.82756238285, "MIDPOINT_Y": 173319.86600198032, "SENSOR_X": 359522.0, "SENSOR_Y": 173381.0 }, "geometry": { "type": "LineString", "coordinates": [ [ 359495.43409015017096, 173328.354358785232762 ], [ 359490.221034615533426, 173311.377645175438374 ] ] } },
{ "type": "Feature", "properties": { "JOURNEY_LINK_ID": 18, "SITE_ID": 500, "SEGMENT_ID": 17, "SEGMENT_LENGTH": 29.999999999986215, "LENGTH_PROPORTION": 0.0013232694399651517, "DIST_TO_SENSOR": 90.156284933393124, "MIDPOINT_X": 359490.83669333247, "MIDPOINT_Y": 173296.40092181036, "SENSOR_X": 359522.0, "SENSOR_Y": 173381.0 }, "geometry": { "type": "LineString", "coordinates": [ [ 359490.221034615533426, 173311.377645175438374 ], [ 359490.176720284274779, 173305.817150189250242 ], [ 359491.885453929193318, 173281.437630019761855 ] ] } },
{ "type": "Feature", "properties": { "JOURNEY_LINK_ID": 18, "SITE_ID": 500, "SEGMENT_ID": 18, "SEGMENT_LENGTH": 2.3334015022752106, "LENGTH_PROPORTION": 0.00010292396330436601, "DIST_TO_SENSOR": 105.1082774782073, "MIDPOINT_X": 359491.96702658094, "MIDPOINT_Y": 173280.273784435, "SENSOR_X": 359522.0, "SENSOR_Y": 173381.0 }, "geometry": { "type": "LineString", "coordinates": [ [ 359491.885453929193318, 173281.437630019761855 ], [ 359492.048599232686684, 173279.109938850218896 ] ] } },
{ "type": "Feature", "properties": { "JOURNEY_LINK_ID": 18, "SITE_ID": 500, "SEGMENT_ID": 19, "SEGMENT_LENGTH": 30.000000000014587, "LENGTH_PROPORTION": 0.0013232694399664031, "DIST_TO_SENSOR": 118.72305720237475, "MIDPOINT_X": 359496.9791773184, "MIDPOINT_Y": 173264.94345023303, "SENSOR_X": 359522.0, "SENSOR_Y": 173381.0 }, "geometry": { "type": "LineString", "coordinates": [ [ 359492.048599232686684, 173279.109938850218896 ], [ 359501.90975540416548, 173250.776961615862092 ] ] } },
{ "type": "Feature", "properties": { "JOURNEY_LINK_ID": 18, "SITE_ID": 500, "SEGMENT_ID": 20, "SEGMENT_LENGTH": 29.999999999967969, "LENGTH_PROPORTION": 0.0013232694399643468, "DIST_TO_SENSOR": 145.18316361189349, "MIDPOINT_X": 359506.84033348988, "MIDPOINT_Y": 173236.6104729987, "SENSOR_X": 359522.0, "SENSOR_Y": 173381.0 }, "geometry": { "type": "LineString", "coordinates": [ [ 359501.90975540416548, 173250.776961615862092 ], [ 359511.770911575586069, 173222.443984381534392 ] ] } },
{ "type": "Feature", "properties": { "JOURNEY_LINK_ID": 18, "SITE_ID": 500, "SEGMENT_ID": 21, "SEGMENT_LENGTH": 29.999999999999748, "LENGTH_PROPORTION": 0.0013232694399657487, "DIST_TO_SENSOR": 172.78911034995889, "MIDPOINT_X": 359516.73685994424, "MIDPOINT_Y": 173208.29106562692, "SENSOR_X": 359522.0, "SENSOR_Y": 173381.0 }, "geometry": { "type": "LineString", "coordinates": [ [ 359511.770911575586069, 173222.443984381534392 ], [ 359516.503176428144798, 173208.847287401731592 ], [ 359522.54683442163514, 173194.461958765954478 ] ] } },
{ "type": "Feature", "properties": { "JOURNEY_LINK_ID": 18, "SITE_ID": 500, "SEGMENT_ID": 22, "SEGMENT_LENGTH": 30.000000000022091, "LENGTH_PROPORTION": 0.0013232694399667342, "DIST_TO_SENSOR": 200.46796017093911, "MIDPOINT_X": 359528.35680889909, "MIDPOINT_Y": 173180.63285190501, "SENSOR_X": 359522.0, "SENSOR_Y": 173381.0 }, "geometry": { "type": "LineString", "coordinates": [ [ 359522.54683442163514, 173194.461958765954478 ], [ 359534.16678337653866, 173166.803745044046082 ] ] } },
{ "type": "Feature", "properties": { "JOURNEY_LINK_ID": 18, "SITE_ID": 500, "SEGMENT_ID": 23, "SEGMENT_LENGTH": 29.999999999996387, "LENGTH_PROPORTION": 0.0013232694399656004, "DIST_TO_SENSOR": 228.80111905014218, "MIDPOINT_X": 359539.73447936069, "MIDPOINT_Y": 173152.887220173, "SENSOR_X": 359522.0, "SENSOR_Y": 173381.0 }, "geometry": { "type": "LineString", "coordinates": [ [ 359534.16678337653866, 173166.803745044046082 ], [ 359539.006950002512895, 173155.283009151695296 ], [ 359544.092999449174386, 173138.534405026206514 ] ] } },
{ "type": "Feature", "properties": { "JOURNEY_LINK_ID": 18, "SITE_ID": 500, "SEGMENT_ID": 24, "SEGMENT_LENGTH": 30.00000000000961, "LENGTH_PROPORTION": 0.0013232694399661837, "DIST_TO_SENSOR": 258.17702969615777, "MIDPOINT_X": 359548.45151953766, "MIDPOINT_Y": 173124.18158987939, "SENSOR_X": 359522.0, "SENSOR_Y": 173381.0 }, "geometry": { "type": "LineString", "coordinates": [ [ 359544.092999449174386, 173138.534405026206514 ], [ 359548.486514887190424, 173124.066348519350868 ], [ 359551.847924164962023, 173109.571442477259552 ] ] } },
{ "type": "Feature", "properties": { "JOURNEY_LINK_ID": 18, "SITE_ID": 500, "SEGMENT_ID": 25, "SEGMENT_LENGTH": 14.859445887743124, "LENGTH_PROPORTION": 0.00065543502126917848, "DIST_TO_SENSOR": 280.44387865394873, "MIDPOINT_X": 359553.52635657939, "MIDPOINT_Y": 173102.33378763241, "SENSOR_X": 359522.0, "SENSOR_Y": 173381.0 }, "geometry": { "type": "LineString", "coordinates": [ [ 359551.847924164962023, 173109.571442477259552 ], [ 359555.204788993753027, 173095.096132787584793 ] ] } },
{ "type": "Feature", "properties": { "JOURNEY_LINK_ID": 18, "SITE_ID": 500, "SEGMENT_ID": 26, "SEGMENT_LENGTH": 12.162990006570626, "LENGTH_PROPORTION": 0.00053649709914346149, "DIST_TO_SENSOR": 293.83786399891699, "MIDPOINT_X": 359554.9798291506, "MIDPOINT_Y": 173089.01879993972, "SENSOR_X": 359522.0, "SENSOR_Y": 173381.0 }, "geometry": { "type": "LineString", "coordinates": [ [ 359555.204788993753027, 173095.096132787584793 ], [ 359554.754869307449553, 173082.941467091819504 ] ] } },
{ "type": "Feature", "properties": { "JOURNEY_LINK_ID": 19, "SITE_ID": 500, "SEGMENT_ID": 0, "SEGMENT_LENGTH": 30.000000000002256, "LENGTH_PROPORTION": 0.0013232694399658593, "DIST_TO_SENSOR": 278.78278299640704, "MIDPOINT_X": 359637.20794580528, "MIDPOINT_Y": 173634.86407646327, "SENSOR_X": 359522.0, "SENSOR_Y": 173381.0 }, "geometry": { "type": "LineString", "coordinates": [ [ 359647.53124647657387, 173645.746606649307068 ], [ 359633.109715158876497, 173630.543838184967171 ], [ 359627.679639429843519, 173623.309928490052698 ] ] } },
{ "type": "Feature", "properties": { "JOURNEY_LINK_ID": 19, "SITE_ID": 500, "SEGMENT_ID": 1, "SEGMENT_LENGTH": 6.1610307175385906, "LENGTH_PROPORTION": 0.00027175678890697111, "DIST_TO_SENSOR": 261.35602319093204, "MIDPOINT_X": 359625.83031825995, "MIDPOINT_Y": 173620.84627549374, "SENSOR_X": 359522.0, "SENSOR_Y": 173381.0 }, "geometry": { "type": "LineString", "coordinates": [ [ 359627.679639429843519, 173623.309928490052698 ], [ 359623.980997090053279, 173618.382622497447301 ] ] } },
{ "type": "Feature", "properties": { "JOURNEY_LINK_ID": 19, "SITE_ID": 500, "SEGMENT_ID": 2, "SEGMENT_LENGTH": 30.000000000018265, "LENGTH_PROPORTION": 0.0013232694399665653, "DIST_TO_SENSOR": 245.93215273185049, "MIDPOINT_X": 359611.49458976724, "MIDPOINT_Y": 173610.07060516294, "SENSOR_X": 359522.0, "SENSOR_Y": 173381.0 }, "geometry": { "type": "LineString", "coordinates": [ [ 359623.980997090053279, 173618.382622497447301 ], [ 359599.008182444435079, 173601.758587828429881 ] ] } },
{ "type": "Feature", "properties": { "JOURNEY_LINK_ID": 19, "SITE_ID": 500, "SEGMENT_ID": 3, "SEGMENT_LENGTH": 29.999999999953687, "LENGTH_PROPORTION": 0.0013232694399637169, "DIST_TO_SENSOR": 222.02838732802118, "MIDPOINT_X": 359586.52177512168, "MIDPOINT_Y": 173593.44657049392, "SENSOR_X": 359522.0, "SENSOR_Y": 173381.0 }, "geometry": { "type": "LineString", "coordinates": [ [ 359599.008182444435079, 173601.758587828429881 ], [ 359574.035367798875086, 173585.134553159441566 ] ] } },
{ "type": "Feature", "properties": { "JOURNEY_LINK_ID": 19, "SITE_ID": 500, "SEGMENT_ID": 4, "SEGMENT_LENGTH": 5.4489498885119882, "LENGTH_PROPORTION": 0.00024034762891242493, "DIST_TO_SENSOR": 208.64711582592909, "MIDPOINT_X": 359571.76744087256, "MIDPOINT_Y": 173583.62482762849, "SENSOR_X": 359522.0, "SENSOR_Y": 173381.0 }, "geometry": { "type": "LineString", "coordinates": [ [ 359574.035367798875086, 173585.134553159441566 ], [ 359569.499513946240768, 173582.115102097566705 ] ] } },
{ "type": "Feature", "properties": { "JOURNEY_LINK_ID": 19, "SITE_ID": 500, "SEGMENT_ID": 5, "SEGMENT_LENGTH": 23.121222403277557, "LENGTH_PROPORTION": 0.001019853567363629, "DIST_TO_SENSOR": 199.65945539177659, "MIDPOINT_X": 359559.03867206548, "MIDPOINT_Y": 173577.19387069673, "SENSOR_X": 359522.0, "SENSOR_Y": 173381.0 }, "geometry": { "type": "LineString", "coordinates": [ [ 359569.499513946240768, 173582.115102097566705 ], [ 359548.577830184658524, 173572.272639295901172 ] ] } },
{ "type": "Feature", "properties": { "JOURNEY_LINK_ID": 19, "SITE_ID": 500, "SEGMENT_ID": 6, "SEGMENT_LENGTH": 29.455533050434877, "LENGTH_PROPORTION": 0.0012992535574513962, "DIST_TO_SENSOR": 178.7207444424688, "MIDPOINT_X": 359543.60395134171, "MIDPOINT_Y": 173558.41018510924, "SENSOR_X": 359522.0, "SENSOR_Y": 173381.0 }, "geometry": { "type": "LineString", "coordinates": [ [ 359548.577830184658524, 173572.272639295901172 ], [ 359538.630072498810478, 173544.547730922582559 ] ] } },
{ "type": "Feature", "properties": { "JOURNEY_LINK_ID": 19, "SITE_ID": 500, "SEGMENT_ID": 7, "SEGMENT_LENGTH": 30.000000000014488, "LENGTH_PROPORTION": 0.0013232694399663988, "DIST_TO_SENSOR": 149.8526211310359, "MIDPOINT_X": 359540.66217269131, "MIDPOINT_Y": 173529.68601605491, "SENSOR_X": 359522.0, "SENSOR_Y": 173381.0 }, "geometry": { "type": "LineString", "coordinates": [ [ 359538.630072498810478, 173544.547730922582559 ], [ 359542.694272883760277, 173514.824301187240053 ] ] } },
{ "type": "Feature", "properties": { "JOURNEY_LINK_ID": 19, "SITE_ID": 500, "SEGMENT_ID": 8, "SEGMENT_LENGTH": 29.999999999985651, "LENGTH_PROPORTION": 0.0013232694399651268, "DIST_TO_SENSOR": 121.1139338682659, "MIDPOINT_X": 359544.72637307621, "MIDPOINT_Y": 173499.9625863196, "SENSOR_X": 359522.0, "SENSOR_Y": 173381.0 }, "geometry": { "type": "LineString", "coordinates": [ [ 359542.694272883760277, 173514.824301187240053 ], [ 359546.758473268710077, 173485.10087145192665 ] ] } },
{ "type": "Feature", "properties": { "JOURNEY_LINK_ID": 19, "SITE_ID": 500, "SEGMENT_ID": 9, "SEGMENT_LENGTH": 17.538796191910301, "LENGTH_PROPORTION": 0.00077361843381809148, "DIST_TO_SENSOR": 98.877353432750454, "MIDPOINT_X": 359547.94649297261, "MIDPOINT_Y": 173476.41231851437, "SENSOR_X": 359522.0, "SENSOR_Y": 173381.0 }, "geometry": { "type": "LineString", "coordinates": [ [ 359546.758473268710077, 173485.10087145192665 ], [ 359549.134512676508166, 173467.723765576840378 ] ] } },
{ "type": "Feature", "properties": { "JOURNEY_LINK_ID": 19, "SITE_ID": 500, "SEGMENT_ID": 10, "SEGMENT_LENGTH": 28.834577755226146, "LENGTH_PROPORTION": 0.0012718638519269086, "DIST_TO_SENSOR": 76.458613489589453, "MIDPOINT_X": 359545.20261473872, "MIDPOINT_Y": 173453.8529906458, "SENSOR_X": 359522.0, "SENSOR_Y": 173381.0 }, "geometry": { "type": "LineString", "coordinates": [ [ 359549.134512676508166, 173467.723765576840378 ], [ 359541.270716800994705, 173439.982215714757331 ] ] } },
{ "type": "Feature", "properties": { "JOURNEY_LINK_ID": 19, "SITE_ID": 500, "SEGMENT_ID": 11, "SEGMENT_LENGTH": 29.999999999989285, "LENGTH_PROPORTION": 0.001323269439965287, "DIST_TO_SENSOR": 47.216015232892921, "MIDPOINT_X": 359534.83838358783, "MIDPOINT_Y": 173426.43707738537, "SENSOR_X": 359522.0, "SENSOR_Y": 173381.0 }, "geometry": { "type": "LineString", "coordinates": [ [ 359541.270716800994705, 173439.982215714757331 ], [ 359535.615279874706175, 173427.793428912584204 ], [ 359529.273957234690897, 173416.722372463264037 ], [ 359527.510050543700345, 173413.351444525324041 ] ] } },
{ "type": "Feature", "properties": { "JOURNEY_LINK_ID": 19, "SITE_ID": 500, "SEGMENT_ID": 12, "SEGMENT_LENGTH": 30.000000000013276, "LENGTH_PROPORTION": 0.0013232694399663454, "DIST_TO_SENSOR": 19.115677992664455, "MIDPOINT_X": 359520.5555691155, "MIDPOINT_Y": 173400.06102737365, "SENSOR_X": 359522.0, "SENSOR_Y": 173381.0 }, "geometry": { "type": "LineString", "coordinates": [ [ 359527.510050543700345, 173413.351444525324041 ], [ 359513.601087687304243, 173386.770610222010873 ] ] } },
{ "type": "Feature", "properties": { "JOURNEY_LINK_ID": 19, "SITE_ID": 500, "SEGMENT_ID": 13, "SEGMENT_LENGTH": 1.1957893860208331, "LENGTH_PROPORTION": 5.2745051705226252e-05, "DIST_TO_SENSOR": 10.136152220091727, "MIDPOINT_X": 359513.32388451806, "MIDPOINT_Y": 173386.24085889649, "SENSOR_X": 359522.0, "SENSOR_Y": 173381.0 }, "geometry": { "type": "LineString", "coordinates": [ [ 359513.601087687304243, 173386.770610222010873 ], [ 359513.046681348816492, 173385.711107570969034 ] ] } },
{ "type": "Feature", "properties": { "JOURNEY_LINK_ID": 19, "SITE_ID": 500, "SEGMENT_ID": 14, "SEGMENT_LENGTH": 29.999999999988862, "LENGTH_PROPORTION": 0.0013232694399652684, "DIST_TO_SENSOR": 16.464966241286373, "MIDPOINT_X": 359508.64353354916, "MIDPOINT_Y": 173371.37192037454, "SENSOR_X": 359522.0, "SENSOR_Y": 173381.0 }, "geometry": { "type": "LineString", "coordinates": [ [ 359513.046681348816492, 173385.711107570969034 ], [ 359504.240385749493726, 173357.03273317811545 ] ] } },
{ "type": "Feature", "properties": { "JOURNEY_LINK_ID": 19, "SITE_ID": 500, "SEGMENT_ID": 15, "SEGMENT_LENGTH": 30.000000000016684, "LENGTH_PROPORTION": 0.0013232694399664957, "DIST_TO_SENSOR": 44.255761671804756, "MIDPOINT_X": 359499.83723794983, "MIDPOINT_Y": 173342.69354598166, "SENSOR_X": 359522.0, "SENSOR_Y": 173381.0 }, "geometry": { "type": "LineString", "coordinates": [ [ 359504.240385749493726, 173357.03273317811545 ], [ 359495.43409015017096, 173328.354358785232762 ] ] } },
{ "type": "Feature", "properties": { "JOURNEY_LINK_ID": 19, "SITE_ID": 500, "SEGMENT_ID": 16, "SEGMENT_LENGTH": 17.759075229194593, "LENGTH_PROPORTION": 0.00078333471776153749, "DIST_TO_SENSOR": 67.737706119977915, "MIDPOINT_X": 359492.82756238285, "MIDPOINT_Y": 173319.86600198032, "SENSOR_X": 359522.0, "SENSOR_Y": 173381.0 }, "geometry": { "type": "LineString", "coordinates": [ [ 359495.43409015017096, 173328.354358785232762 ], [ 359490.221034615533426, 173311.377645175438374 ] ] } },
{ "type": "Feature", "properties": { "JOURNEY_LINK_ID": 19, "SITE_ID": 500, "SEGMENT_ID": 17, "SEGMENT_LENGTH": 29.999999999986215, "LENGTH_PROPORTION": 0.0013232694399651517, "DIST_TO_SENSOR": 90.156284933393124, "MIDPOINT_X": 359490.83669333247, "MIDPOINT_Y": 173296.40092181036, "SENSOR_X": 359522.0, "SENSOR_Y": 173381.0 }, "geometry": { "type": "LineString", "coordinates": [ [ 359490.221034615533426, 173311.377645175438374 ], [ 359490.176720284274779, 173305.817150189250242 ], [ 359491.885453929193318, 173281.437630019761855 ] ] } },
{ "type": "Feature", "properties": { "JOURNEY_LINK_ID": 19, "SITE_ID": 500, "SEGMENT_ID": 18, "SEGMENT_LENGTH": 2.3334015022752106, "LENGTH_PROPORTION": 0.00010292396330436601, "DIST_TO_SENSOR": 105.1082774782073, "MIDPOINT_X": 359491.96702658094, "MIDPOINT_Y": 173280.273784435, "SENSOR_X": 359522.0, "SENSOR_Y": 173381.0 }, "geometry": { "type": "LineString", "coordinates": [ [ 359491.885453929193318, 173281.437630019761855 ], [ 359492.048599232686684, 173279.109938850218896 ] ] } },
{ "type": "Feature", "properties": { "JOURNEY_LINK_ID": 19, "SITE_ID": 500, "SEGMENT_ID": 19, "SEGMENT_LENGTH": 30.000000000014587, "LENGTH_PROPORTION": 0.0013232694399664031, "DIST_TO_SENSOR": 118.72305720237475, "MIDPOINT_X": 359496.9791773184, "MIDPOINT_Y": 173264.94345023303, "SENSOR_X": 359522.0, "SENSOR_Y": 173381.0 }, "geometry": { "type": "LineString", "coordinates": [ [ 359492.048599232686684, 173279.109938850218896 ], [ 359501.90975540416548, 173250.776961615862092 ] ] } },
{ "type": "Feature", "properties": { "JOURNEY_LINK_ID": 19, "SITE_ID": 500, "SEGMENT_ID": 20, "SEGMENT_LENGTH": 29.999999999967969, "LENGTH_PROPORTION": 0.0013232694399643468, "DIST_TO_SENSOR": 145.18316361189349, "MIDPOINT_X": 359506.84033348988, "MIDPOINT_Y": 173236.6104729987, "SENSOR_X": 359522.0, "SENSOR_Y": 173381.0 }, "geometry": { "type": "LineString", "coordinates": [ [ 359501.90975540416548, 173250.776961615862092 ], [ 359511.770911575586069, 173222.443984381534392 ] ] } },
{ "type": "Feature", "properties": { "JOURNEY_LINK_ID": 19, "SITE_ID": 500, "SEGMENT_ID": 21, "SEGMENT_LENGTH": 29.999999999999748, "LENGTH_PROPORTION": 0.0013232694399657487, "DIST_TO_SENSOR": 172.78911034995889, "MIDPOINT_X": 359516.73685994424, "MIDPOINT_Y": 173208.29106562692, "SENSOR_X": 359522.0, "SENSOR_Y": 173381.0 }, "geometry": { "type": "LineString", "coordinates": [ [ 359511.770911575586069, 173222.443984381534392 ], [ 359516.503176428144798, 173208.847287401731592 ], [ 359522.54683442163514, 173194.461958765954478 ] ] } },
{ "type": "Feature", "properties": { "JOURNEY_LINK_ID": 19, "SITE_ID": 500, "SEGMENT_ID": 22, "SEGMENT_LENGTH": 30.000000000022091, "LENGTH_PROPORTION": 0.0013232694399667342, "DIST_TO_SENSOR": 200.46796017093911, "MIDPOINT_X": 359528.35680889909, "MIDPOINT_Y": 173180.63285190501, "SENSOR_X": 359522.0, "SENSOR_Y": 173381.0 }, "geometry": { "type": "LineString", "coordinates": [ [ 359522.54683442163514, 173194.461958765954478 ], [ 359534.16678337653866, 173166.803745044046082 ] ] } },
{ "type": "Feature", "properties": { "JOURNEY_LINK_ID": 19, "SITE_ID": 500, "SEGMENT_ID": 23, "SEGMENT_LENGTH": 29.999999999996387, "LENGTH_PROPORTION": 0.0013232694399656004, "DIST_TO_SENSOR": 228.80111905014218, "MIDPOINT_X": 359539.73447936069, "MIDPOINT_Y": 173152.887220173, "SENSOR_X": 359522.0, "SENSOR_Y": 173381.0 }, "geometry": { "type": "LineString", "coordinates": [ [ 359534.16678337653866, 173166.803745044046082 ], [ 359539.006950002512895, 173155.283009151695296 ], [ 359544.092999449174386, 173138.534405026206514 ] ] } },
{ "type": "Feature", "properties": { "JOURNEY_LINK_ID": 19, "SITE_ID": 500, "SEGMENT_ID": 24, "SEGMENT_LENGTH": 30.00000000000961, "LENGTH_PROPORTION": 0.0013232694399661837, "DIST_TO_SENSOR": 258.17702969615777, "MIDPOINT_X": 359548.45151953766, "MIDPOINT_Y": 173124.18158987939, "SENSOR_X": 359522.0, "SENSOR_Y": 173381.0 }, "geometry": { "type": "LineString", "coordinates": [ [ 359544.092999449174386, 173138.534405026206514 ], [ 359548.486514887190424, 173124.066348519350868 ], [ 359551.847924164962023, 173109.571442477259552 ] ] } },
{ "type": "Feature", "properties": { "JOURNEY_LINK_ID": 19, "SITE_ID": 500, "SEGMENT_ID": 25, "SEGMENT_LENGTH": 14.859445887743124, "LENGTH_PROPORTION": 0.00065543502126917848, "DIST_TO_SENSOR": 280.44387865394873, "MIDPOINT_X": 359553.52635657939, "MIDPOINT_Y": 173102.33378763241, "SENSOR_X": 359522.0, "SENSOR_Y": 173381.0 }, "geometry": { "type": "LineString", "coordinates": [ [ 359551.847924164962023, 173109.571442477259552 ], [ 359555.204788993753027, 173095.096132787584793 ] ] } },
{ "type": "Feature", "properties": { "JOURNEY_LINK_ID": 19, "SITE_ID": 500, "SEGMENT_ID": 26, "SEGMENT_LENGTH": 12.162990006570626, "LENGTH_PROPORTION": 0.00053649709914346149, "DIST_TO_SENSOR": 293.83786399891699, "MIDPOINT_X": 359554.9798291506, "MIDPOINT_Y": 173089.01879993972, "SENSOR_X": 359522.0, "SENSOR_Y": 173381.0 }, "geometry": { "type": "LineString", "coordinates": [ [ 359555.204788993753027, 173095.096132787584793 ], [ 359554.754869307449553, 173082.941467091819504 ] ] } },
{ "type": "Feature", "properties": { "JOURNEY_LINK_ID": 54, "SITE_ID": 500, "SEGMENT_ID": 0, "SEGMENT_LENGTH": 9.0902913121482989, "LENGTH_PROPORTION": 0.00040096348979173636, "DIST_TO_SENSOR": 297.15347469803044, "MIDPOINT_X": 359755.56586060894, "MIDPOINT_Y": 173197.29595463595, "SENSOR_X": 359522.0, "SENSOR_Y": 173381.0 }, "geometry": { "type": "LineString", "coordinates": [ [ 359759.876702695386484, 173198.736437034531264 ], [ 359751.255018522497267, 173195.855472237337381 ] ] } },
{ "type": "Feature", "properties": { "JOURNEY_LINK_ID": 54, "SITE_ID": 500, "SEGMENT_ID": 1, "SEGMENT_LENGTH": 29.999999999991005, "LENGTH_PROPORTION": 0.0013232694399653629, "DIST_TO_SENSOR": 289.46353664652014, "MIDPOINT_X": 359738.18057587231, "MIDPOINT_Y": 173188.50299310527, "SENSOR_X": 359522.0, "SENSOR_Y": 173381.0 }, "geometry": { "type": "LineString", "coordinates": [ [ 359751.255018522497267, 173195.855472237337381 ], [ 359725.106133222172502, 173181.150513973203488 ] ] } },
{ "type": "Feature", "properties": { "JOURNEY_LINK_ID": 54, "SITE_ID": 500, "SEGMENT_ID": 2, "SEGMENT_LENGTH": 29.999999999991005, "LENGTH_PROPORTION": 0.0013232694399653629, "DIST_TO_SENSOR": 281.14888900253925, "MIDPOINT_X": 359712.03169057204, "MIDPOINT_Y": 173173.79803484114, "SENSOR_X": 359522.0, "SENSOR_Y": 173381.0 }, "geometry": { "type": "LineString", "coordinates": [ [ 359725.106133222172502, 173181.150513973203488 ], [ 359698.957247921847738, 173166.445555709069595 ] ] } },
{ "type": "Feature", "properties": { "JOURNEY_LINK_ID": 54, "SITE_ID": 500, "SEGMENT_ID": 3, "SEGMENT_LENGTH": 16.070246670271381, "LENGTH_PROPORTION": 0.00070884221038272079, "DIST_TO_SENSOR": 276.80933644180965, "MIDPOINT_X": 359691.95359730639, "MIDPOINT_Y": 173162.50701726606, "SENSOR_X": 359522.0, "SENSOR_Y": 173381.0 }, "geometry": { "type": "LineString", "coordinates": [ [ 359698.957247921847738, 173166.445555709069595 ], [ 359684.94994669087464, 173158.568478823057376 ] ] } },
{ "type": "Feature", "properties": { "JOURNEY_LINK_ID": 54, "SITE_ID": 500, "SEGMENT_ID": 4, "SEGMENT_LENGTH": 29.999999999998042, "LENGTH_PROPORTION": 0.0013232694399656734, "DIST_TO_SENSOR": 271.50400269023771, "MIDPOINT_X": 359670.71273881046, "MIDPOINT_Y": 173153.84598882627, "SENSOR_X": 359522.0, "SENSOR_Y": 173381.0 }, "geometry": { "type": "LineString", "coordinates": [ [ 359684.94994669087464, 173158.568478823057376 ], [ 359656.475530930038076, 173149.123498829489108 ] ] } },
{ "type": "Feature", "properties": { "JOURNEY_LINK_ID": 54, "SITE_ID": 500, "SEGMENT_ID": 5, "SEGMENT_LENGTH": 29.999999999974516, "LENGTH_PROPORTION": 0.0013232694399646357, "DIST_TO_SENSOR": 264.85105935131656, "MIDPOINT_X": 359642.07729778643, "MIDPOINT_Y": 173144.93321666142, "SENSOR_X": 359522.0, "SENSOR_Y": 173381.0 }, "geometry": { "type": "LineString", "coordinates": [ [ 359656.475530930038076, 173149.123498829489108 ], [ 359652.206300011835992, 173147.707392492156941 ], [ 359628.530165525036864, 173141.222868291602936 ], [ 359627.634073047956917, 173140.895695859799162 ] ] } },
{ "type": "Feature", "properties": { "JOURNEY_LINK_ID": 54, "SITE_ID": 500, "SEGMENT_ID": 6, "SEGMENT_LENGTH": 30.000000000021139, "LENGTH_PROPORTION": 0.0013232694399666922, "DIST_TO_SENSOR": 261.77708855310851, "MIDPOINT_X": 359613.54385285429, "MIDPOINT_Y": 173135.7512138747, "SENSOR_X": 359522.0, "SENSOR_Y": 173381.0 }, "geometry": { "type": "LineString", "coordinates": [ [ 359627.634073047956917, 173140.895695859799162 ], [ 359599.453632660675794, 173130.606731889594812 ] ] } },
{ "type": "Feature", "properties": { "JOURNEY_LINK_ID": 54, "SITE_ID": 500, "SEGMENT_ID": 7, "SEGMENT_LENGTH": 26.169476902403151, "LENGTH_PROPORTION": 0.0011543089681613301, "DIST_TO_SENSOR": 263.07872666702195, "MIDPOINT_X": 359587.16250959714, "MIDPOINT_Y": 173126.11911847346, "SENSOR_X": 359522.0, "SENSOR_Y": 173381.0 }, "geometry": { "type": "LineString", "coordinates": [ [ 359599.453632660675794, 173130.606731889594812 ], [ 359574.871386533544865, 173121.631505057332106 ] ] } },
{ "type": "Feature", "properties": { "JOURNEY_LINK_ID": 54, "SITE_ID": 500, "SEGMENT_ID": 8, "SEGMENT_LENGTH": 8.0592449070736709, "LENGTH_PROPORTION": 0.00035548508315767595, "DIST_TO_SENSOR": 268.30017786847463, "MIDPOINT_X": 359573.79824133578, "MIDPOINT_Y": 173117.7474071566, "SENSOR_X": 359522.0, "SENSOR_Y": 173381.0 }, "geometry": { "type": "LineString", "coordinates": [ [ 359574.871386533544865, 173121.631505057332106 ], [ 359572.725096137961373, 173113.863309255859349 ] ] } },
{ "type": "Feature", "properties": { "JOURNEY_LINK_ID": 54, "SITE_ID": 500, "SEGMENT_ID": 9, "SEGMENT_LENGTH": 6.2164609805401199, "LENGTH_PROPORTION": 0.00027420176134294405, "DIST_TO_SENSOR": 274.37380307172037, "MIDPOINT_X": 359571.31342050666, "MIDPOINT_Y": 173111.0941453581, "SENSOR_X": 359522.0, "SENSOR_Y": 173381.0 }, "geometry": { "type": "LineString", "coordinates": [ [ 359572.725096137961373, 173113.863309255859349 ], [ 359569.901744875358418, 173108.324981460347772 ] ] } },
{ "type": "Feature", "properties": { "JOURNEY_LINK_ID": 54, "SITE_ID": 500, "SEGMENT_ID": 10, "SEGMENT_LENGTH": 29.999999999975593, "LENGTH_PROPORTION": 0.0013232694399646831, "DIST_TO_SENSOR": 281.76404532600111, "MIDPOINT_X": 359556.61165812763, "MIDPOINT_Y": 173101.36986864766, "SENSOR_X": 359522.0, "SENSOR_Y": 173381.0 }, "geometry": { "type": "LineString", "coordinates": [ [ 359569.901744875358418, 173108.324981460347772 ], [ 359543.321571379899979, 173094.414755834935931 ] ] } },
{ "type": "Feature", "properties": { "JOURNEY_LINK_ID": 54, "SITE_ID": 500, "SEGMENT_ID": 11, "SEGMENT_LENGTH": 3.0760543258224984, "LENGTH_PROPORTION": 0.00013568162283451301, "DIST_TO_SENSOR": 287.99083329254512, "MIDPOINT_X": 359541.95887041884, "MIDPOINT_Y": 173093.70161233982, "SENSOR_X": 359522.0, "SENSOR_Y": 173381.0 }, "geometry": { "type": "LineString", "coordinates": [ [ 359543.321571379899979, 173094.414755834935931 ], [ 359540.596169457829092, 173092.98846884467639 ] ] } },
{ "type": "Feature", "properties": { "JOURNEY_LINK_ID": 54, "SITE_ID": 500, "SEGMENT_ID": 12, "SEGMENT_LENGTH": 8.6296788146777637, "LENGTH_PROPORTION": 0.00038064634173943417, "DIST_TO_SENSOR": 287.22910566841853, "MIDPOINT_X": 359536.43614338717, "MIDPOINT_Y": 173094.13390422153, "SENSOR_X": 359522.0, "SENSOR_Y": 173381.0 }, "geometry": { "type": "LineString", "coordinates": [ [ 359540.596169457829092, 173092.98846884467639 ], [ 359532.276117316505406, 173095.279339598375373 ] ] } },
{ "type": "Feature", "properties": { "JOURNEY_LINK_ID": 54, "SITE_ID": 500, "SEGMENT_ID": 13, "SEGMENT_LENGTH": 15.348873696175508, "LENGTH_PROPORTION": 0.00067702318333477814, "DIST_TO_SENSOR": 281.25161520599141, "MIDPOINT_X": 359526.05823578639, "MIDPOINT_Y": 173099.77766486589, "SENSOR_X": 359522.0, "SENSOR_Y": 173381.0 }, "geometry": { "type": "LineString", "coordinates": [ [ 359532.276117316505406, 173095.279339598375373 ], [ 359519.840354256215505, 173104.275990133406594 ] ] } },
{ "type": "Feature", "properties": { "JOURNEY_LINK_ID": 54, "SITE_ID": 500, "SEGMENT_ID": 14, "SEGMENT_LENGTH": 29.999999999972413, "LENGTH_PROPORTION": 0.0013232694399645428, "DIST_TO_SENSOR": 277.43528257606511, "MIDPOINT_X": 359504.84143622516, "MIDPOINT_Y": 173104.0958293791, "SENSOR_X": 359522.0, "SENSOR_Y": 173381.0 }, "geometry": { "type": "LineString", "coordinates": [ [ 359519.840354256215505, 173104.275990133406594 ], [ 359489.842518194112927, 173103.915668624802493 ] ] } },
{ "type": "Feature", "properties": { "JOURNEY_LINK_ID": 54, "SITE_ID": 500, "SEGMENT_ID": 15, "SEGMENT_LENGTH": 25.597341052121259, "LENGTH_PROPORTION": 0.0011290726386217684, "DIST_TO_SENSOR": 280.8592359678313, "MIDPOINT_X": 359477.04477085231, "MIDPOINT_Y": 173103.76194741574, "SENSOR_X": 359522.0, "SENSOR_Y": 173381.0 }, "geometry": { "type": "LineString", "coordinates": [ [ 359489.842518194112927, 173103.915668624802493 ], [ 359464.247023510513827, 173103.6082262066775 ] ] } },
{ "type": "Feature", "properties": { "JOURNEY_LINK_ID": 54, "SITE_ID": 500, "SEGMENT_ID": 16, "SEGMENT_LENGTH": 9.3026390799395422, "LENGTH_PROPORTION": 0.00041032993351717293, "DIST_TO_SENSOR": 283.17277476130249, "MIDPOINT_X": 359459.73966929945, "MIDPOINT_Y": 173104.75649946637, "SENSOR_X": 359522.0, "SENSOR_Y": 173381.0 }, "geometry": { "type": "LineString", "coordinates": [ [ 359464.247023510513827, 173103.6082262066775 ], [ 359455.232315088389441, 173105.90477272606222 ] ] } },
{ "type": "Feature", "properties": { "JOURNEY_LINK_ID": 54, "SITE_ID": 500, "SEGMENT_ID": 17, "SEGMENT_LENGTH": 19.131894816418537, "LENGTH_PROPORTION": 0.00084388839130686603, "DIST_TO_SENSOR": 276.86314824075987, "MIDPOINT_X": 359449.73592507024, "MIDPOINT_Y": 173113.73401576644, "SENSOR_X": 359522.0, "SENSOR_Y": 173381.0 }, "geometry": { "type": "LineString", "coordinates": [ [ 359455.232315088389441, 173105.90477272606222 ], [ 359444.239535052154679, 173121.563258806825615 ] ] } },
{ "type": "Feature", "properties": { "JOURNEY_LINK_ID": 54, "SITE_ID": 500, "SEGMENT_ID": 18, "SEGMENT_LENGTH": 29.999999999990969, "LENGTH_PROPORTION": 0.0013232694399653614, "DIST_TO_SENSOR": 256.89809957753812, "MIDPOINT_X": 359443.09533709637, "MIDPOINT_Y": 173136.5195555088, "SENSOR_X": 359522.0, "SENSOR_Y": 173381.0 }, "geometry": { "type": "LineString", "coordinates": [ [ 359444.239535052154679, 173121.563258806825615 ], [ 359441.951139140641317, 173151.475852210802259 ] ] } },
{ "type": "Feature", "properties": { "JOURNEY_LINK_ID": 54, "SITE_ID": 500, "SEGMENT_ID": 19, "SEGMENT_LENGTH": 2.470002599225634, "LENGTH_PROPORTION": 0.00010894929853970919, "DIST_TO_SENSOR": 241.95141747789239, "MIDPOINT_X": 359441.85693340981, "MIDPOINT_Y": 173152.70725526841, "SENSOR_X": 359522.0, "SENSOR_Y": 173381.0 }, "geometry": { "type": "LineString", "coordinates": [ [ 359441.951139140641317, 173151.475852210802259 ], [ 359441.762727678986266, 173153.938658326049335 ] ] } },
{ "type": "Feature", "properties": { "JOURNEY_LINK_ID": 59, "SITE_ID": 500, "SEGMENT_ID": 0, "SEGMENT_LENGTH": 9.0902913121482989, "LENGTH_PROPORTION": 0.00040096348979173636, "DIST_TO_SENSOR": 297.15347469803044, "MIDPOINT_X": 359755.56586060894, "MIDPOINT_Y": 173197.29595463595, "SENSOR_X": 359522.0, "SENSOR_Y": 173381.0 }, "geometry": { "type": "LineString", "coordinates": [ [ 359759.876702695386484, 173198.736437034531264 ], [ 359751.255018522497267, 173195.855472237337381 ] ] } },
{ "type": "Feature", "properties": { "JOURNEY_LINK_ID": 59, "SITE_ID": 500, "SEGMENT_ID": 1, "SEGMENT_LENGTH": 29.999999999991005, "LENGTH_PROPORTION": 0.0013232694399653629, "DIST_TO_SENSOR": 289.46353664652014, "MIDPOINT_X": 359738.18057587231, "MIDPOINT_Y": 173188.50299310527, "SENSOR_X": 359522.0, "SENSOR_Y": 173381.0 }, "geometry": { "type": "LineString", "coordinates": [ [ 359751.255018522497267, 173195.855472237337381 ], [ 359725.106133222172502, 173181.150513973203488 ] ] } },
{ "type": "Feature", "properties": { "JOURNEY_LINK_ID": 59, "SITE_ID": 500, "SEGMENT_ID": 2, "SEGMENT_LENGTH": 29.999999999991005, "LENGTH_PROPORTION": 0.0013232694399653629, "DIST_TO_SENSOR": 281.14888900253925, "MIDPOINT_X": 359712.03169057204, "MIDPOINT_Y": 173173.79803484114, "SENSOR_X": 359522.0, "SENSOR_Y": 173381.0 }, "geometry": { "type": "LineString", "coordinates": [ [ 359725.106133222172502, 173181.150513973203488 ], [ 359698.957247921847738, 173166.445555709069595 ] ] } },
{ "type": "Feature", "properties": { "JOURNEY_LINK_ID": 59, "SITE_ID": 500, "SEGMENT_ID": 3, "SEGMENT_LENGTH": 16.070246670271381, "LENGTH_PROPORTION": 0.00070884221038272079, "DIST_TO_SENSOR": 276.80933644180965, "MIDPOINT_X": 359691.95359730639, "MIDPOINT_Y": 173162.50701726606, "SENSOR_X": 359522.0, "SENSOR_Y": 173381.0 }, "geometry": { "type": "LineString", "coordinates": [ [ 359698.957247921847738, 173166.445555709069595 ], [ 359684.94994669087464, 173158.568478823057376 ] ] } },
{ "type": "Feature", "properties": { "JOURNEY_LINK_ID": 59, "SITE_ID": 500, "SEGMENT_ID": 4, "SEGMENT_LENGTH": 29.999999999998042, "LENGTH_PROPORTION": 0.0013232694399656734, "DIST_TO_SENSOR": 271.50400269023771, "MIDPOINT_X": 359670.71273881046, "MIDPOINT_Y": 173153.84598882627, "SENSOR_X": 359522.0, "SENSOR_Y": 173381.0 }, "geometry": { "type": "LineString", "coordinates": [ [ 359684.94994669087464, 173158.568478823057376 ], [ 359656.475530930038076, 173149.123498829489108 ] ] } },
{ "type": "Feature", "properties": { "JOURNEY_LINK_ID": 59, "SITE_ID": 500, "SEGMENT_ID": 5, "SEGMENT_LENGTH": 29.999999999974516, "LENGTH_PROPORTION": 0.0013232694399646357, "DIST_TO_SENSOR": 264.85105935131656, "MIDPOINT_X": 359642.07729778643, "MIDPOINT_Y": 173144.93321666142, "SENSOR_X": 359522.0, "SENSOR_Y": 173381.0 }, "geometry": { "type": "LineString", "coordinates": [ [ 359656.475530930038076, 173149.123498829489108 ], [ 359652.206300011835992, 173147.707392492156941 ], [ 359628.530165525036864, 173141.222868291602936 ], [ 359627.634073047956917, 173140.895695859799162 ] ] } },
{ "type": "Feature", "properties": { "JOURNEY_LINK_ID": 59, "SITE_ID": 500, "SEGMENT_ID": 6, "SEGMENT_LENGTH": 30.000000000021139, "LENGTH_PROPORTION": 0.0013232694399666922, "DIST_TO_SENSOR": 261.77708855310851, "MIDPOINT_X": 359613.54385285429, "MIDPOINT_Y": 173135.7512138747, "SENSOR_X": 359522.0, "SENSOR_Y": 173381.0 }, "geometry": { "type": "LineString", "coordinates": [ [ 359627.634073047956917, 173140.895695859799162 ], [ 359599.453632660675794, 173130.606731889594812 ] ] } },
{ "type": "Feature", "properties": { "JOURNEY_LINK_ID": 59, "SITE_ID": 500, "SEGMENT_ID": 7, "SEGMENT_LENGTH": 26.169476902403151, "LENGTH_PROPORTION": 0.0011543089681613301, "DIST_TO_SENSOR": 263.07872666702195, "MIDPOINT_X": 359587.16250959714, "MIDPOINT_Y": 173126.11911847346, "SENSOR_X": 359522.0, "SENSOR_Y": 173381.0 }, "geometry": { "type": "LineString", "coordinates": [ [ 359599.453632660675794, 173130.606731889594812 ], [ 359574.871386533544865, 173121.631505057332106 ] ] } },
{ "type": "Feature", "properties": { "JOURNEY_LINK_ID": 59, "SITE_ID": 500, "SEGMENT_ID": 8, "SEGMENT_LENGTH": 8.0592449070736709, "LENGTH_PROPORTION": 0.00035548508315767595, "DIST_TO_SENSOR": 268.30017786847463, "MIDPOINT_X": 359573.79824133578, "MIDPOINT_Y": 173117.7474071566, "SENSOR_X": 359522.0, "SENSOR_Y": 173381.0 }, "geometry": { "type": "LineString", "coordinates": [ [ 359574.871386533544865, 173121.631505057332106 ], [ 359572.725096137961373, 173113.863309255859349 ] ] } },
{ "type": "Feature", "properties": { "JOURNEY_LINK_ID": 59, "SITE_ID": 500, "SEGMENT_ID": 9, "SEGMENT_LENGTH": 6.2164609805401199, "LENGTH_PROPORTION": 0.00027420176134294405, "DIST_TO_SENSOR": 274.37380307172037, "MIDPOINT_X": 359571.31342050666, "MIDPOINT_Y": 173111.0941453581, "SENSOR_X": 359522.0, "SENSOR_Y": 173381.0 }, "geometry": { "type": "LineString", "coordinates": [ [ 359572.725096137961373, 173113.863309255859349 ], [ 359569.901744875358418, 173108.324981460347772 ] ] } },
{ "type": "Feature", "properties": { "JOURNEY_LINK_ID": 59, "SITE_ID": 500, "SEGMENT_ID": 10, "SEGMENT_LENGTH": 23.430845141379738, "LENGTH_PROPORTION": 0.0010335107109386004, "DIST_TO_SENSOR": 288.2131469284829, "MIDPOINT_X": 359568.99755112454, "MIDPOINT_Y": 173096.64450374449, "SENSOR_X": 359522.0, "SENSOR_Y": 173381.0 }, "geometry": { "type": "LineString", "coordinates": [ [ 359569.901744875358418, 173108.324981460347772 ], [ 359568.353003985248506, 173088.318170488520991 ], [ 359568.326533273095265, 173084.981854938203469 ], [ 359568.323813789698761, 173084.954229871451389 ] ] } },
{ "type": "Feature", "properties": { "JOURNEY_LINK_ID": 75, "SITE_ID": 500, "SEGMENT_ID": 0, "SEGMENT_LENGTH": 30.000000000028553, "LENGTH_PROPORTION": 0.0013232694399670192, "DIST_TO_SENSOR": 224.30482084105341, "MIDPOINT_X": 359354.08067154599, "MIDPOINT_Y": 173529.71365701943, "SENSOR_X": 359522.0, "SENSOR_Y": 173381.0 }, "geometry": { "type": "LineString", "coordinates": [ [ 359339.08811400498962, 173529.241197095019743 ], [ 359369.073229086992797, 173530.186116943863453 ] ] } },
{ "type": "Feature", "properties": { "JOURNEY_LINK_ID": 75, "SITE_ID": 500, "SEGMENT_ID": 1, "SEGMENT_LENGTH": 29.999999999970374, "LENGTH_PROPORTION": 0.0013232694399644531, "DIST_TO_SENSOR": 203.52772992596084, "MIDPOINT_X": 359384.06578662794, "MIDPOINT_Y": 173530.6585768683, "SENSOR_X": 359522.0, "SENSOR_Y": 173381.0 }, "geometry": { "type": "LineString", "coordinates": [ [ 359369.073229086992797, 173530.186116943863453 ], [ 359399.058344168937765, 173531.131036792707164 ] ] } },
{ "type": "Feature", "properties": { "JOURNEY_LINK_ID": 75, "SITE_ID": 500, "SEGMENT_ID": 2, "SEGMENT_LENGTH": 1.8985996348237677, "LENGTH_PROPORTION": 8.3745295849748107e-05, "DIST_TO_SENSOR": 193.46978292697358, "MIDPOINT_X": 359400.00717297802, "MIDPOINT_Y": 173531.16093720071, "SENSOR_X": 359522.0, "SENSOR_Y": 173381.0 }, "geometry": { "type": "LineString", "coordinates": [ [ 359399.058344168937765, 173531.131036792707164 ], [ 359400.956001787097193, 173531.190837608708534 ] ] } },
{ "type": "Feature", "properties": { "JOURNEY_LINK_ID": 75, "SITE_ID": 500, "SEGMENT_ID": 3, "SEGMENT_LENGTH": 30.000000000010896, "LENGTH_PROPORTION": 0.0013232694399662403, "DIST_TO_SENSOR": 187.42341522179723, "MIDPOINT_X": 359415.41892123455, "MIDPOINT_Y": 173535.16877187873, "SENSOR_X": 359522.0, "SENSOR_Y": 173381.0 }, "geometry": { "type": "LineString", "coordinates": [ [ 359400.956001787097193, 173531.190837608708534 ], [ 359429.881840682006441, 173539.146706148749217 ] ] } },
{ "type": "Feature", "properties": { "JOURNEY_LINK_ID": 75, "SITE_ID": 500, "SEGMENT_ID": 4, "SEGMENT_LENGTH": 27.051594942800357, "LENGTH_PROPORTION": 0.0011932182963380002, "DIST_TO_SENSOR": 180.03028578174784, "MIDPOINT_X": 359442.9233419681, "MIDPOINT_Y": 173542.73368836814, "SENSOR_X": 359522.0, "SENSOR_Y": 173381.0 }, "geometry": { "type": "LineString", "coordinates": [ [ 359429.881840682006441, 173539.146706148749217 ], [ 359455.964843254187144, 173546.320670587534551 ] ] } },
{ "type": "Feature", "properties": { "JOURNEY_LINK_ID": 75, "SITE_ID": 500, "SEGMENT_ID": 5, "SEGMENT_LENGTH": 30.000000000012975, "LENGTH_PROPORTION": 0.001323269439966332, "DIST_TO_SENSOR": 181.63121541821195, "MIDPOINT_X": 359468.49223711621, "MIDPOINT_Y": 173554.57078592168, "SENSOR_X": 359522.0, "SENSOR_Y": 173381.0 }, "geometry": { "type": "LineString", "coordinates": [ [ 359455.964843254187144, 173546.320670587534551 ], [ 359481.019630978174973, 173562.820901255821809 ] ] } },
{ "type": "Feature", "properties": { "JOURNEY_LINK_ID": 75, "SITE_ID": 500, "SEGMENT_ID": 6, "SEGMENT_LENGTH": 29.999999999980371, "LENGTH_PROPORTION": 0.0013232694399648939, "DIST_TO_SENSOR": 192.18887361916038, "MIDPOINT_X": 359493.54702484014, "MIDPOINT_Y": 173571.07101658999, "SENSOR_X": 359522.0, "SENSOR_Y": 173381.0 }, "geometry": { "type": "LineString", "coordinates": [ [ 359481.019630978174973, 173562.820901255821809 ], [ 359506.074418702104595, 173579.321131924138172 ] ] } },
{ "type": "Feature", "properties": { "JOURNEY_LINK_ID": 75, "SITE_ID": 500, "SEGMENT_ID": 7, "SEGMENT_LENGTH": 29.999999999990663, "LENGTH_PROPORTION": 0.001323269439965348, "DIST_TO_SENSOR": 206.36643035074707, "MIDPOINT_X": 359518.73962344986, "MIDPOINT_Y": 173587.3406734516, "SENSOR_X": 359522.0, "SENSOR_Y": 173381.0 }, "geometry": { "type": "LineString", "coordinates": [ [ 359506.074418702104595, 173579.321131924138172 ], [ 359516.031633495818824, 173585.878614778106567 ], [ 359531.938725857646205, 173594.466941453050822 ] ] } },
{ "type": "Feature", "properties": { "JOURNEY_LINK_ID": 75, "SITE_ID": 500, "SEGMENT_ID": 8, "SEGMENT_LENGTH": 30.000000000028944, "LENGTH_PROPORTION": 0.0013232694399670365, "DIST_TO_SENSOR": 222.56867713383977, "MIDPOINT_X": 359544.62433361483, "MIDPOINT_Y": 173602.41579792235, "SENSOR_X": 359522.0, "SENSOR_Y": 173381.0 }, "geometry": { "type": "LineString", "coordinates": [ [ 359531.938725857646205, 173594.466941453050822 ], [ 359538.360647664871067, 173597.934172365290578 ], [ 359556.823364034062251, 173611.144122895144392 ] ] } },
{ "type": "Feature", "properties": { "JOURNEY_LINK_ID": 75, "SITE_ID": 500, "SEGMENT_ID": 9, "SEGMENT_LENGTH": 29.999999999981647, "LENGTH_PROPORTION": 0.0013232694399649503, "DIST_TO_SENSOR": 243.456673620874, "MIDPOINT_X": 359569.02239445329, "MIDPOINT_Y": 173619.87244786794, "SENSOR_X": 359522.0, "SENSOR_Y": 173381.0 }, "geometry": { "type": "LineString", "coordinates": [ [ 359556.823364034062251, 173611.144122895144392 ], [ 359569.105853757180739, 173619.932162443699781 ], [ 359581.427598881709855, 173628.305122896970715 ] ] } },
{ "type": "Feature", "properties": { "JOURNEY_LINK_ID": 75, "SITE_ID": 500, "SEGMENT_ID": 10, "SEGMENT_LENGTH": 22.26392664097477, "LENGTH_PROPORTION": 0.00098203912458804808, "DIST_TO_SENSOR": 262.68673533653759, "MIDPOINT_X": 359590.63493827177, "MIDPOINT_Y": 173634.56176007079, "SENSOR_X": 359522.0, "SENSOR_Y": 173381.0 }, "geometry": { "type": "LineString", "coordinates": [ [ 359581.427598881709855, 173628.305122896970715 ], [ 359599.842277661839034, 173640.818397244613152 ] ] } },
{ "type": "Feature", "properties": { "JOURNEY_LINK_ID": 75, "SITE_ID": 500, "SEGMENT_ID": 11, "SEGMENT_LENGTH": 30.00000000001863, "LENGTH_PROPORTION": 0.0013232694399665816, "DIST_TO_SENSOR": 271.51642756604167, "MIDPOINT_X": 359614.17430187797, "MIDPOINT_Y": 173636.39198991263, "SENSOR_X": 359522.0, "SENSOR_Y": 173381.0 }, "geometry": { "type": "LineString", "coordinates": [ [ 359599.842277661839034, 173640.818397244613152 ], [ 359628.50632609409513, 173631.965582580654882 ] ] } },
{ "type": "Feature", "properties": { "JOURNEY_LINK_ID": 75, "SITE_ID": 500, "SEGMENT_ID": 12, "SEGMENT_LENGTH": 4.8179402246622036, "LENGTH_PROPORTION": 0.00021251443542924203, "DIST_TO_SENSOR": 272.88570028757169, "MIDPOINT_X": 359630.80802062649, "MIDPOINT_Y": 173631.25471038281, "SENSOR_X": 359522.0, "SENSOR_Y": 173381.0 }, "geometry": { "type": "LineString", "coordinates": [ [ 359628.50632609409513, 173631.965582580654882 ], [ 359633.109715158876497, 173630.543838184967171 ] ] } },
{ "type": "Feature", "properties": { "JOURNEY_LINK_ID": 75, "SITE_ID": 500, "SEGMENT_ID": 13, "SEGMENT_LENGTH": 15.206204673699448, "LENGTH_PROPORTION": 0.00067073019808569956, "DIST_TO_SENSOR": 265.75601110767894, "MIDPOINT_X": 359628.54535612446, "MIDPOINT_Y": 173624.46323034121, "SENSOR_X": 359522.0, "SENSOR_Y": 173381.0 }, "geometry": { "type": "LineString", "coordinates": [ [ 359633.109715158876497, 173630.543838184967171 ], [ 359623.980997090053279, 173618.382622497447301 ] ] } },
{ "type": "Feature", "properties": { "JOURNEY_LINK_ID": 75, "SITE_ID": 500, "SEGMENT_ID": 14, "SEGMENT_LENGTH": 30.000000000018265, "LENGTH_PROPORTION": 0.0013232694399665653, "DIST_TO_SENSOR": 245.93215273185049, "MIDPOINT_X": 359611.49458976724, "MIDPOINT_Y": 173610.07060516294, "SENSOR_X": 359522.0, "SENSOR_Y": 173381.0 }, "geometry": { "type": "LineString", "coordinates": [ [ 359623.980997090053279, 173618.382622497447301 ], [ 359599.008182444435079, 173601.758587828429881 ] ] } },
{ "type": "Feature", "properties": { "JOURNEY_LINK_ID": 75, "SITE_ID": 500, "SEGMENT_ID": 15, "SEGMENT_LENGTH": 29.999999999953687, "LENGTH_PROPORTION": 0.0013232694399637169, "DIST_TO_SENSOR": 222.02838732802118, "MIDPOINT_X": 359586.52177512168, "MIDPOINT_Y": 173593.44657049392, "SENSOR_X": 359522.0, "SENSOR_Y": 173381.0 }, "geometry": { "type": "LineString", "coordinates": [ [ 359599.008182444435079, 173601.758587828429881 ], [ 359574.035367798875086, 173585.134553159441566 ] ] } },
{ "type": "Feature", "properties": { "JOURNEY_LINK_ID": 75, "SITE_ID": 500, "SEGMENT_ID": 16, "SEGMENT_LENGTH": 5.4489498885119882, "LENGTH_PROPORTION": 0.00024034762891242493, "DIST_TO_SENSOR": 208.64711582592909, "MIDPOINT_X": 359571.76744087256, "MIDPOINT_Y": 173583.62482762849, "SENSOR_X": 359522.0, "SENSOR_Y": 173381.0 }, "geometry": { "type": "LineString", "coordinates": [ [ 359574.035367798875086, 173585.134553159441566 ], [ 359569.499513946240768, 173582.115102097566705 ] ] } },
{ "type": "Feature", "properties": { "JOURNEY_LINK_ID": 75, "SITE_ID": 500, "SEGMENT_ID": 17, "SEGMENT_LENGTH": 23.121222403277557, "LENGTH_PROPORTION": 0.001019853567363629, "DIST_TO_SENSOR": 199.65945539177659, "MIDPOINT_X": 359559.03867206548, "MIDPOINT_Y": 173577.19387069673, "SENSOR_X": 359522.0, "SENSOR_Y": 173381.0 }, "geometry": { "type": "LineString", "coordinates": [ [ 359569.499513946240768, 173582.115102097566705 ], [ 359548.577830184658524, 173572.272639295901172 ] ] } },
{ "type": "Feature", "properties": { "JOURNEY_LINK_ID": 75, "SITE_ID": 500, "SEGMENT_ID": 18, "SEGMENT_LENGTH": 29.455533050434877, "LENGTH_PROPORTION": 0.0012992535574513962, "DIST_TO_SENSOR": 178.7207444424688, "MIDPOINT_X": 359543.60395134171, "MIDPOINT_Y": 173558.41018510924, "SENSOR_X": 359522.0, "SENSOR_Y": 173381.0 }, "geometry": { "type": "LineString", "coordinates": [ [ 359548.577830184658524, 173572.272639295901172 ], [ 359538.630072498810478, 173544.547730922582559 ] ] } },
{ "type": "Feature", "properties": { "JOURNEY_LINK_ID": 75, "SITE_ID": 500, "SEGMENT_ID": 19, "SEGMENT_LENGTH": 30.000000000014488, "LENGTH_PROPORTION": 0.0013232694399663988, "DIST_TO_SENSOR": 149.8526211310359, "MIDPOINT_X": 359540.66217269131, "MIDPOINT_Y": 173529.68601605491, "SENSOR_X": 359522.0, "SENSOR_Y": 173381.0 }, "geometry": { "type": "LineString", "coordinates": [ [ 359538.630072498810478, 173544.547730922582559 ], [ 359542.694272883760277, 173514.824301187240053 ] ] } },
{ "type": "Feature", "properties": { "JOURNEY_LINK_ID": 75, "SITE_ID": 500, "SEGMENT_ID": 20, "SEGMENT_LENGTH": 29.999999999985651, "LENGTH_PROPORTION": 0.0013232694399651268, "DIST_TO_SENSOR": 121.1139338682659, "MIDPOINT_X": 359544.72637307621, "MIDPOINT_Y": 173499.9625863196, "SENSOR_X": 359522.0, "SENSOR_Y": 173381.0 }, "geometry": { "type": "LineString", "coordinates": [ [ 359542.694272883760277, 173514.824301187240053 ], [ 359546.758473268710077, 173485.10087145192665 ] ] } },
{ "type": "Feature", "properties": { "JOURNEY_LINK_ID": 75, "SITE_ID": 500, "SEGMENT_ID": 21, "SEGMENT_LENGTH": 17.538796191910301, "LENGTH_PROPORTION": 0.00077361843381809148, "DIST_TO_SENSOR": 98.877353432750454, "MIDPOINT_X": 359547.94649297261, "MIDPOINT_Y": 173476.41231851437, "SENSOR_X": 359522.0, "SENSOR_Y": 173381.0 }, "geometry": { "type": "LineString", "coordinates": [ [ 359546.758473268710077, 173485.10087145192665 ], [ 359549.134512676508166, 173467.723765576840378 ] ] } },
{ "type": "Feature", "properties": { "JOURNEY_LINK_ID": 75, "SITE_ID": 500, "SEGMENT_ID": 22, "SEGMENT_LENGTH": 28.834577755226146, "LENGTH_PROPORTION": 0.0012718638519269086, "DIST_TO_SENSOR": 76.458613489589453, "MIDPOINT_X": 359545.20261473872, "MIDPOINT_Y": 173453.8529906458, "SENSOR_X": 359522.0, "SENSOR_Y": 173381.0 }, "geometry": { "type": "LineString", "coordinates": [ [ 359549.134512676508166, 173467.723765576840378 ], [ 359541.270716800994705, 173439.982215714757331 ] ] } },
{ "type": "Feature", "properties": { "JOURNEY_LINK_ID": 75, "SITE_ID": 500, "SEGMENT_ID": 23, "SEGMENT_LENGTH": 29.999999999989285, "LENGTH_PROPORTION": 0.001323269439965287, "DIST_TO_SENSOR": 47.216015232892921, "MIDPOINT_X": 359534.83838358783, "MIDPOINT_Y": 173426.43707738537, "SENSOR_X": 359522.0, "SENSOR_Y": 173381.0 }, "geometry": { "type": "LineString", "coordinates": [ [ 359541.270716800994705, 173439.982215714757331 ], [ 359535.615279874706175, 173427.793428912584204 ], [ 359529.273957234690897, 173416.722372463264037 ], [ 359527.510050543700345, 173413.351444525324041 ] ] } },
{ "type": "Feature", "properties": { "JOURNEY_LINK_ID": 75, "SITE_ID": 500, "SEGMENT_ID": 24, "SEGMENT_LENGTH": 30.000000000013276, "LENGTH_PROPORTION": 0.0013232694399663454, "DIST_TO_SENSOR": 19.115677992664455, "MIDPOINT_X": 359520.5555691155, "MIDPOINT_Y": 173400.06102737365, "SENSOR_X": 359522.0, "SENSOR_Y": 173381.0 }, "geometry": { "type": "LineString", "coordinates": [ [ 359527.510050543700345, 173413.351444525324041 ], [ 359513.601087687304243, 173386.770610222010873 ] ] } },
{ "type": "Feature", "properties": { "JOURNEY_LINK_ID": 75, "SITE_ID": 500, "SEGMENT_ID": 25, "SEGMENT_LENGTH": 1.1957893860208331, "LENGTH_PROPORTION": 5.2745051705226252e-05, "DIST_TO_SENSOR": 10.136152220091727, "MIDPOINT_X": 359513.32388451806, "MIDPOINT_Y": 173386.24085889649, "SENSOR_X": 359522.0, "SENSOR_Y": 173381.0 }, "geometry": { "type": "LineString", "coordinates": [ [ 359513.601087687304243, 173386.770610222010873 ], [ 359513.046681348816492, 173385.711107570969034 ] ] } },
{ "type": "Feature", "properties": { "JOURNEY_LINK_ID": 75, "SITE_ID": 500, "SEGMENT_ID": 26, "SEGMENT_LENGTH": 29.999999999988862, "LENGTH_PROPORTION": 0.0013232694399652684, "DIST_TO_SENSOR": 16.464966241286373, "MIDPOINT_X": 359508.64353354916, "MIDPOINT_Y": 173371.37192037454, "SENSOR_X": 359522.0, "SENSOR_Y": 173381.0 }, "geometry": { "type": "LineString", "coordinates": [ [ 359513.046681348816492, 173385.711107570969034 ], [ 359504.240385749493726, 173357.03273317811545 ] ] } },
{ "type": "Feature", "properties": { "JOURNEY_LINK_ID": 75, "SITE_ID": 500, "SEGMENT_ID": 27, "SEGMENT_LENGTH": 30.000000000016684, "LENGTH_PROPORTION": 0.0013232694399664957, "DIST_TO_SENSOR": 44.255761671804756, "MIDPOINT_X": 359499.83723794983, "MIDPOINT_Y": 173342.69354598166, "SENSOR_X": 359522.0, "SENSOR_Y": 173381.0 }, "geometry": { "type": "LineString", "coordinates": [ [ 359504.240385749493726, 173357.03273317811545 ], [ 359495.43409015017096, 173328.354358785232762 ] ] } },
{ "type": "Feature", "properties": { "JOURNEY_LINK_ID": 75, "SITE_ID": 500, "SEGMENT_ID": 28, "SEGMENT_LENGTH": 17.759075229194593, "LENGTH_PROPORTION": 0.00078333471776153749, "DIST_TO_SENSOR": 67.737706119977915, "MIDPOINT_X": 359492.82756238285, "MIDPOINT_Y": 173319.86600198032, "SENSOR_X": 359522.0, "SENSOR_Y": 173381.0 }, "geometry": { "type": "LineString", "coordinates": [ [ 359495.43409015017096, 173328.354358785232762 ], [ 359490.221034615533426, 173311.377645175438374 ] ] } },
{ "type": "Feature", "properties": { "JOURNEY_LINK_ID": 75, "SITE_ID": 500, "SEGMENT_ID": 29, "SEGMENT_LENGTH": 29.999999999986215, "LENGTH_PROPORTION": 0.0013232694399651517, "DIST_TO_SENSOR": 90.156284933393124, "MIDPOINT_X": 359490.83669333247, "MIDPOINT_Y": 173296.40092181036, "SENSOR_X": 359522.0, "SENSOR_Y": 173381.0 }, "geometry": { "type": "LineString", "coordinates": [ [ 359490.221034615533426, 173311.377645175438374 ], [ 359490.176720284274779, 173305.817150189250242 ], [ 359491.885453929193318, 173281.437630019761855 ] ] } },
{ "type": "Feature", "properties": { "JOURNEY_LINK_ID": 75, "SITE_ID": 500, "SEGMENT_ID": 30, "SEGMENT_LENGTH": 2.3334015022752106, "LENGTH_PROPORTION": 0.00010292396330436601, "DIST_TO_SENSOR": 105.1082774782073, "MIDPOINT_X": 359491.96702658094, "MIDPOINT_Y": 173280.273784435, "SENSOR_X": 359522.0, "SENSOR_Y": 173381.0 }, "geometry": { "type": "LineString", "coordinates": [ [ 359491.885453929193318, 173281.437630019761855 ], [ 359492.048599232686684, 173279.109938850218896 ] ] } },
{ "type": "Feature", "properties": { "JOURNEY_LINK_ID": 75, "SITE_ID": 500, "SEGMENT_ID": 31, "SEGMENT_LENGTH": 29.999999999982201, "LENGTH_PROPORTION": 0.0013232694399649746, "DIST_TO_SENSOR": 117.73490970399632, "MIDPOINT_X": 359498.59657831717, "MIDPOINT_Y": 173265.61460743862, "SENSOR_X": 359522.0, "SENSOR_Y": 173381.0 }, "geometry": { "type": "LineString", "coordinates": [ [ 359492.048599232686684, 173279.109938850218896 ], [ 359505.144557401654311, 173252.119276027020533 ] ] } },
{ "type": "Feature", "properties": { "JOURNEY_LINK_ID": 75, "SITE_ID": 500, "SEGMENT_ID": 32, "SEGMENT_LENGTH": 30.000000000033797, "LENGTH_PROPORTION": 0.0013232694399672505, "DIST_TO_SENSOR": 142.74867758042805, "MIDPOINT_X": 359511.6925364862, "MIDPOINT_Y": 173238.62394461542, "SENSOR_X": 359522.0, "SENSOR_Y": 173381.0 }, "geometry": { "type": "LineString", "coordinates": [ [ 359505.144557401654311, 173252.119276027020533 ], [ 359518.240515570680145, 173225.128613203793066 ] ] } },
{ "type": "Feature", "properties": { "JOURNEY_LINK_ID": 75, "SITE_ID": 500, "SEGMENT_ID": 33, "SEGMENT_LENGTH": 29.999999999977547, "LENGTH_PROPORTION": 0.0013232694399647694, "DIST_TO_SENSOR": 169.53879804963785, "MIDPOINT_X": 359524.45354955527, "MIDPOINT_Y": 173211.47895664934, "SENSOR_X": 359522.0, "SENSOR_Y": 173381.0 }, "geometry": { "type": "LineString", "coordinates": [ [ 359518.240515570680145, 173225.128613203793066 ], [ 359520.760460998921189, 173219.935026258172002 ], [ 359530.457041255605873, 173197.732753995398525 ] ] } },
{ "type": "Feature", "properties": { "JOURNEY_LINK_ID": 75, "SITE_ID": 500, "SEGMENT_ID": 34, "SEGMENT_LENGTH": 30.000000000014765, "LENGTH_PROPORTION": 0.0013232694399664109, "DIST_TO_SENSOR": 197.35455426259912, "MIDPOINT_X": 359536.95142304577, "MIDPOINT_Y": 173184.21261463931, "SENSOR_X": 359522.0, "SENSOR_Y": 173381.0 }, "geometry": { "type": "LineString", "coordinates": [ [ 359530.457041255605873, 173197.732753995398525 ], [ 359530.996506884752307, 173196.497538851690479 ], [ 359543.49427062436007, 173170.714794609259116 ] ] } },
{ "type": "Feature", "properties": { "JOURNEY_LINK_ID": 75, "SITE_ID": 500, "SEGMENT_ID": 35, "SEGMENT_LENGTH": 16.172284067055212, "LENGTH_PROPORTION": 0.00071334297601264435, "DIST_TO_SENSOR": 218.9466949388468, "MIDPOINT_X": 359547.15031427174, "MIDPOINT_Y": 173163.50260480485, "SENSOR_X": 359522.0, "SENSOR_Y": 173381.0 }, "geometry": { "type": "LineString", "coordinates": [ [ 359543.49427062436007, 173170.714794609259116 ], [ 359543.985413504007738, 173169.701572442718316 ], [ 359550.827218999154866, 173156.300794989801943 ] ] } },
{ "type": "Feature", "properties": { "JOURNEY_LINK_ID": 75, "SITE_ID": 500, "SEGMENT_ID": 36, "SEGMENT_LENGTH": 17.687064835877415, "LENGTH_PROPORTION": 0.00078015841266698628, "DIST_TO_SENSOR": 232.08634990704439, "MIDPOINT_X": 359558.43466908287, "MIDPOINT_Y": 173151.79138606502, "SENSOR_X": 359522.0, "SENSOR_Y": 173381.0 }, "geometry": { "type": "LineString", "coordinates": [ [ 359550.827218999154866, 173156.300794989801943 ], [ 359566.04211916658096, 173147.281977140228264 ] ] } },
{ "type": "Feature", "properties": { "JOURNEY_LINK_ID": 75, "SITE_ID": 500, "SEGMENT_ID": 37, "SEGMENT_LENGTH": 29.999999999989921, "LENGTH_PROPORTION": 0.0013232694399653152, "DIST_TO_SENSOR": 238.27783069295131, "MIDPOINT_X": 359580.77779451531, "MIDPOINT_Y": 173150.08552346885, "SENSOR_X": 359522.0, "SENSOR_Y": 173381.0 }, "geometry": { "type": "LineString", "coordinates": [ [ 359566.04211916658096, 173147.281977140228264 ], [ 359595.513469864032231, 173152.889069797500269 ] ] } },
{ "type": "Feature", "properties": { "JOURNEY_LINK_ID": 75, "SITE_ID": 500, "SEGMENT_ID": 38, "SEGMENT_LENGTH": 29.999999999989921, "LENGTH_PROPORTION": 0.0013232694399653152, "DIST_TO_SENSOR": 241.97381854006531, "MIDPOINT_X": 359610.24914521276, "MIDPOINT_Y": 173155.69261612615, "SENSOR_X": 359522.0, "SENSOR_Y": 173381.0 }, "geometry": { "type": "LineString", "coordinates": [ [ 359595.513469864032231, 173152.889069797500269 ], [ 359624.984820561483502, 173158.496162454772275 ] ] } },
{ "type": "Feature", "properties": { "JOURNEY_LINK_ID": 75, "SITE_ID": 500, "SEGMENT_ID": 39, "SEGMENT_LENGTH": 30.000000000047102, "LENGTH_PROPORTION": 0.0013232694399678373, "DIST_TO_SENSOR": 249.25154586886893, "MIDPOINT_X": 359639.72049591027, "MIDPOINT_Y": 173161.29970878339, "SENSOR_X": 359522.0, "SENSOR_Y": 173381.0 }, "geometry": { "type": "LineString", "coordinates": [ [ 359624.984820561483502, 173158.496162454772275 ], [ 359654.456171258992981, 173164.10325511204428 ] ] } },
{ "type": "Feature", "properties": { "JOURNEY_LINK_ID": 75, "SITE_ID": 500, "SEGMENT_ID": 40, "SEGMENT_LENGTH": 29.99999999998991, "LENGTH_PROPORTION": 0.0013232694399653148, "DIST_TO_SENSOR": 258.35892934511008, "MIDPOINT_X": 359668.81604538288, "MIDPOINT_Y": 173168.41028907662, "SENSOR_X": 359522.0, "SENSOR_Y": 173381.0 }, "geometry": { "type": "LineString", "coordinates": [ [ 359654.456171258992981, 173164.10325511204428 ], [ 359655.812507710652426, 173164.36130586231593 ], [ 359673.226545621815603, 173169.783610851387493 ], [ 359683.041208784503397, 173173.164437357947463 ] ] } },
{ "type": "Feature", "properties": { "JOURNEY_LINK_ID": 75, "SITE_ID": 500, "SEGMENT_ID": 41, "SEGMENT_LENGTH": 30.000000000007532, "LENGTH_PROPORTION": 0.001323269439966092, "DIST_TO_SENSOR": 268.12692245862559, "MIDPOINT_X": 359697.22337926243, "MIDPOINT_Y": 173178.04972553113, "SENSOR_X": 359522.0, "SENSOR_Y": 173381.0 }, "geometry": { "type": "LineString", "coordinates": [ [ 359683.041208784503397, 173173.164437357947463 ], [ 359711.405549740360584, 173182.935013704322046 ] ] } },
{ "type": "Feature", "properties": { "JOURNEY_LINK_ID": 75, "SITE_ID": 500, "SEGMENT_ID": 42, "SEGMENT_LENGTH": 29.999999999994831, "LENGTH_PROPORTION": 0.0013232694399655316, "DIST_TO_SENSOR": 280.65344393106199, "MIDPOINT_X": 359725.58772021829, "MIDPOINT_Y": 173187.82030187754, "SENSOR_X": 359522.0, "SENSOR_Y": 173381.0 }, "geometry": { "type": "LineString", "coordinates": [ [ 359711.405549740360584, 173182.935013704322046 ], [ 359726.875535936967935, 173188.263911754416768 ], [ 359739.896761697775219, 173192.318609083537012 ] ] } },
{ "type": "Feature", "properties": { "JOURNEY_LINK_ID": 75, "SITE_ID": 500, "SEGMENT_ID": 43, "SEGMENT_LENGTH": 20.986483941097095, "LENGTH_PROPORTION": 0.00092569242838619879, "DIST_TO_SENSOR": 293.90236641120339, "MIDPOINT_X": 359749.91550811043, "MIDPOINT_Y": 173195.43836025495, "SENSOR_X": 359522.0, "SENSOR_Y": 173381.0 }, "geometry": { "type": "LineString", "coordinates": [ [ 359739.896761697775219, 173192.318609083537012 ], [ 359751.255018522497267, 173195.855472237337381 ], [ 359759.876702695386484, 173198.736437034531264 ] ] } },
{ "type": "Feature", "properties": { "JOURNEY_LINK_ID": 77, "SITE_ID": 500, "SEGMENT_ID": 0, "SEGMENT_LENGTH": 29.999999999988667, "LENGTH_PROPORTION": 0.0013232694399652599, "DIST_TO_SENSOR": 226.77942631868567, "MIDPOINT_X": 359358.44712103705, "MIDPOINT_Y": 173538.09667082521, "SENSOR_X": 359522.0, "SENSOR_Y": 173381.0 }, "geometry": { "type": "LineString", "coordinates": [ [ 359343.641227470710874, 173540.5019807224744 ], [ 359373.253014603396878, 173535.691360927914502 ] ] } },
{ "type": "Feature", "properties": { "JOURNEY_LINK_ID": 77, "SITE_ID": 500, "SEGMENT_ID": 1, "SEGMENT_LENGTH": 28.066175532961033, "LENGTH_PROPORTION": 0.0012379704126494018, "DIST_TO_SENSOR": 203.55609166856641, "MIDPOINT_X": 359387.10450819525, "MIDPOINT_Y": 173533.44109926833, "SENSOR_X": 359522.0, "SENSOR_Y": 173381.0 }, "geometry": { "type": "LineString", "coordinates": [ [ 359373.253014603396878, 173535.691360927914502 ], [ 359400.956001787097193, 173531.190837608708534 ] ] } },
{ "type": "Feature", "properties": { "JOURNEY_LINK_ID": 77, "SITE_ID": 500, "SEGMENT_ID": 2, "SEGMENT_LENGTH": 30.000000000010896, "LENGTH_PROPORTION": 0.0013232694399662403, "DIST_TO_SENSOR": 187.42341522179723, "MIDPOINT_X": 359415.41892123455, "MIDPOINT_Y": 173535.16877187873, "SENSOR_X": 359522.0, "SENSOR_Y": 173381.0 }, "geometry": { "type": "LineString", "coordinates": [ [ 359400.956001787097193, 173531.190837608708534 ], [ 359429.881840682006441, 173539.146706148749217 ] ] } },
{ "type": "Feature", "properties": { "JOURNEY_LINK_ID": 77, "SITE_ID": 500, "SEGMENT_ID": 3, "SEGMENT_LENGTH": 27.051594942800357, "LENGTH_PROPORTION": 0.0011932182963380002, "DIST_TO_SENSOR": 180.03028578174784, "MIDPOINT_X": 359442.9233419681, "MIDPOINT_Y": 173542.73368836814, "SENSOR_X": 359522.0, "SENSOR_Y": 173381.0 }, "geometry": { "type": "LineString", "coordinates": [ [ 359429.881840682006441, 173539.146706148749217 ], [ 359455.964843254187144, 173546.320670587534551 ] ] } },
{ "type": "Feature", "properties": { "JOURNEY_LINK_ID": 77, "SITE_ID": 500, "SEGMENT_ID": 4, "SEGMENT_LENGTH": 30.000000000012975, "LENGTH_PROPORTION": 0.001323269439966332, "DIST_TO_SENSOR": 181.63121541821195, "MIDPOINT_X": 359468.49223711621, "MIDPOINT_Y": 173554.57078592168, "SENSOR_X": 359522.0, "SENSOR_Y": 173381.0 }, "geometry": { "type": "LineString", "coordinates": [ [ 359455.964843254187144, 173546.320670587534551 ], [ 359481.019630978174973, 173562.820901255821809 ] ] } },
{ "type": "Feature", "properties": { "JOURNEY_LINK_ID": 77, "SITE_ID": 500, "SEGMENT_ID": 5, "SEGMENT_LENGTH": 29.999999999980371, "LENGTH_PROPORTION": 0.0013232694399648939, "DIST_TO_SENSOR": 192.18887361916038, "MIDPOINT_X": 359493.54702484014, "MIDPOINT_Y": 173571.07101658999, "SENSOR_X": 359522.0, "SENSOR_Y": 173381.0 }, "geometry": { "type": "LineString", "coordinates": [ [ 359481.019630978174973, 173562.820901255821809 ], [ 359506.074418702104595, 173579.321131924138172 ] ] } },
{ "type": "Feature", "properties": { "JOURNEY_LINK_ID": 77, "SITE_ID": 500, "SEGMENT_ID": 6, "SEGMENT_LENGTH": 29.999999999990663, "LENGTH_PROPORTION": 0.001323269439965348, "DIST_TO_SENSOR": 206.36643035074707, "MIDPOINT_X": 359518.73962344986, "MIDPOINT_Y": 173587.3406734516, "SENSOR_X": 359522.0, "SENSOR_Y": 173381.0 }, "geometry": { "type": "LineString", "coordinates": [ [ 359506.074418702104595, 173579.321131924138172 ], [ 359516.031633495818824, 173585.878614778106567 ], [ 359531.938725857646205, 173594.466941453050822 ] ] } },
{ "type": "Feature", "properties": { "JOURNEY_LINK_ID": 77, "SITE_ID": 500, "SEGMENT_ID": 7, "SEGMENT_LENGTH": 30.000000000028944, "LENGTH_PROPORTION": 0.0013232694399670365, "DIST_TO_SENSOR": 222.56867713383977, "MIDPOINT_X": 359544.62433361483, "MIDPOINT_Y": 173602.41579792235, "SENSOR_X": 359522.0, "SENSOR_Y": 173381.0 }, "geometry": { "type": "LineString", "coordinates": [ [ 359531.938725857646205, 173594.466941453050822 ], [ 359538.360647664871067, 173597.934172365290578 ], [ 359556.823364034062251, 173611.144122895144392 ] ] } },
{ "type": "Feature", "properties": { "JOURNEY_LINK_ID": 77, "SITE_ID": 500, "SEGMENT_ID": 8, "SEGMENT_LENGTH": 29.999999999981647, "LENGTH_PROPORTION": 0.0013232694399649503, "DIST_TO_SENSOR": 243.456673620874, "MIDPOINT_X": 359569.02239445329, "MIDPOINT_Y": 173619.87244786794, "SENSOR_X": 359522.0, "SENSOR_Y": 173381.0 }, "geometry": { "type": "LineString", "coordinates": [ [ 359556.823364034062251, 173611.144122895144392 ], [ 359569.105853757180739, 173619.932162443699781 ], [ 359581.427598881709855, 173628.305122896970715 ] ] } },
{ "type": "Feature", "properties": { "JOURNEY_LINK_ID": 77, "SITE_ID": 500, "SEGMENT_ID": 9, "SEGMENT_LENGTH": 22.26392664097477, "LENGTH_PROPORTION": 0.00098203912458804808, "DIST_TO_SENSOR": 262.68673533653759, "MIDPOINT_X": 359590.63493827177, "MIDPOINT_Y": 173634.56176007079, "SENSOR_X": 359522.0, "SENSOR_Y": 173381.0 }, "geometry": { "type": "LineString", "coordinates": [ [ 359581.427598881709855, 173628.305122896970715 ], [ 359599.842277661839034, 173640.818397244613152 ] ] } },
{ "type": "Feature", "properties": { "JOURNEY_LINK_ID": 77, "SITE_ID": 500, "SEGMENT_ID": 10, "SEGMENT_LENGTH": 30.00000000001863, "LENGTH_PROPORTION": 0.0013232694399665816, "DIST_TO_SENSOR": 271.51642756604167, "MIDPOINT_X": 359614.17430187797, "MIDPOINT_Y": 173636.39198991263, "SENSOR_X": 359522.0, "SENSOR_Y": 173381.0 }, "geometry": { "type": "LineString", "coordinates": [ [ 359599.842277661839034, 173640.818397244613152 ], [ 359628.50632609409513, 173631.965582580654882 ] ] } },
{ "type": "Feature", "properties": { "JOURNEY_LINK_ID": 77, "SITE_ID": 500, "SEGMENT_ID": 11, "SEGMENT_LENGTH": 4.8179402246622036, "LENGTH_PROPORTION": 0.00021251443542924203, "DIST_TO_SENSOR": 272.88570028757169, "MIDPOINT_X": 359630.80802062649, "MIDPOINT_Y": 173631.25471038281, "SENSOR_X": 359522.0, "SENSOR_Y": 173381.0 }, "geometry": { "type": "LineString", "coordinates": [ [ 359628.50632609409513, 173631.965582580654882 ], [ 359633.109715158876497, 173630.543838184967171 ] ] } },
{ "type": "Feature", "properties": { "JOURNEY_LINK_ID": 77, "SITE_ID": 500, "SEGMENT_ID": 12, "SEGMENT_LENGTH": 15.206204673699448, "LENGTH_PROPORTION": 0.00067073019808569956, "DIST_TO_SENSOR": 265.75601110767894, "MIDPOINT_X": 359628.54535612446, "MIDPOINT_Y": 173624.46323034121, "SENSOR_X": 359522.0, "SENSOR_Y": 173381.0 }, "geometry": { "type": "LineString", "coordinates": [ [ 359633.109715158876497, 173630.543838184967171 ], [ 359623.980997090053279, 173618.382622497447301 ] ] } },
{ "type": "Feature", "properties": { "JOURNEY_LINK_ID": 77, "SITE_ID": 500, "SEGMENT_ID": 13, "SEGMENT_LENGTH": 30.000000000018265, "LENGTH_PROPORTION": 0.0013232694399665653, "DIST_TO_SENSOR": 245.93215273185049, "MIDPOINT_X": 359611.49458976724, "MIDPOINT_Y": 173610.07060516294, "SENSOR_X": 359522.0, "SENSOR_Y": 173381.0 }, "geometry": { "type": "LineString", "coordinates": [ [ 359623.980997090053279, 173618.382622497447301 ], [ 359599.008182444435079, 173601.758587828429881 ] ] } },
{ "type": "Feature", "properties": { "JOURNEY_LINK_ID": 77, "SITE_ID": 500, "SEGMENT_ID": 14, "SEGMENT_LENGTH": 29.999999999953687, "LENGTH_PROPORTION": 0.0013232694399637169, "DIST_TO_SENSOR": 222.02838732802118, "MIDPOINT_X": 359586.52177512168, "MIDPOINT_Y": 173593.44657049392, "SENSOR_X": 359522.0, "SENSOR_Y": 173381.0 }, "geometry": { "type": "LineString", "coordinates": [ [ 359599.008182444435079, 173601.758587828429881 ], [ 359574.035367798875086, 173585.134553159441566 ] ] } },
{ "type": "Feature", "properties": { "JOURNEY_LINK_ID": 77, "SITE_ID": 500, "SEGMENT_ID": 15, "SEGMENT_LENGTH": 5.4489498885119882, "LENGTH_PROPORTION": 0.00024034762891242493, "DIST_TO_SENSOR": 208.64711582592909, "MIDPOINT_X": 359571.76744087256, "MIDPOINT_Y": 173583.62482762849, "SENSOR_X": 359522.0, "SENSOR_Y": 173381.0 }, "geometry": { "type": "LineString", "coordinates": [ [ 359574.035367798875086, 173585.134553159441566 ], [ 359569.499513946240768, 173582.115102097566705 ] ] } },
{ "type": "Feature", "properties": { "JOURNEY_LINK_ID": 77, "SITE_ID": 500, "SEGMENT_ID": 16, "SEGMENT_LENGTH": 23.121222403277557, "LENGTH_PROPORTION": 0.001019853567363629, "DIST_TO_SENSOR": 199.65945539177659, "MIDPOINT_X": 359559.03867206548, "MIDPOINT_Y": 173577.19387069673, "SENSOR_X": 359522.0, "SENSOR_Y": 173381.0 }, "geometry": { "type": "LineString", "coordinates": [ [ 359569.499513946240768, 173582.115102097566705 ], [ 359548.577830184658524, 173572.272639295901172 ] ] } },
{ "type": "Feature", "properties": { "JOURNEY_LINK_ID": 77, "SITE_ID": 500, "SEGMENT_ID": 17, "SEGMENT_LENGTH": 29.455533050434877, "LENGTH_PROPORTION": 0.0012992535574513962, "DIST_TO_SENSOR": 178.7207444424688, "MIDPOINT_X": 359543.60395134171, "MIDPOINT_Y": 173558.41018510924, "SENSOR_X": 359522.0, "SENSOR_Y": 173381.0 }, "geometry": { "type": "LineString", "coordinates": [ [ 359548.577830184658524, 173572.272639295901172 ], [ 359538.630072498810478, 173544.547730922582559 ] ] } },
{ "type": "Feature", "properties": { "JOURNEY_LINK_ID": 77, "SITE_ID": 500, "SEGMENT_ID": 18, "SEGMENT_LENGTH": 30.000000000014488, "LENGTH_PROPORTION": 0.0013232694399663988, "DIST_TO_SENSOR": 149.8526211310359, "MIDPOINT_X": 359540.66217269131, "MIDPOINT_Y": 173529.68601605491, "SENSOR_X": 359522.0, "SENSOR_Y": 173381.0 }, "geometry": { "type": "LineString", "coordinates": [ [ 359538.630072498810478, 173544.547730922582559 ], [ 359542.694272883760277, 173514.824301187240053 ] ] } },
{ "type": "Feature", "properties": { "JOURNEY_LINK_ID": 77, "SITE_ID": 500, "SEGMENT_ID": 19, "SEGMENT_LENGTH": 29.999999999985651, "LENGTH_PROPORTION": 0.0013232694399651268, "DIST_TO_SENSOR": 121.1139338682659, "MIDPOINT_X": 359544.72637307621, "MIDPOINT_Y": 173499.9625863196, "SENSOR_X": 359522.0, "SENSOR_Y": 173381.0 }, "geometry": { "type": "LineString", "coordinates": [ [ 359542.694272883760277, 173514.824301187240053 ], [ 359546.758473268710077, 173485.10087145192665 ] ] } },
{ "type": "Feature", "properties": { "JOURNEY_LINK_ID": 77, "SITE_ID": 500, "SEGMENT_ID": 20, "SEGMENT_LENGTH": 17.538796191910301, "LENGTH_PROPORTION": 0.00077361843381809148, "DIST_TO_SENSOR": 98.877353432750454, "MIDPOINT_X": 359547.94649297261, "MIDPOINT_Y": 173476.41231851437, "SENSOR_X": 359522.0, "SENSOR_Y": 173381.0 }, "geometry": { "type": "LineString", "coordinates": [ [ 359546.758473268710077, 173485.10087145192665 ], [ 359549.134512676508166, 173467.723765576840378 ] ] } },
{ "type": "Feature", "properties": { "JOURNEY_LINK_ID": 77, "SITE_ID": 500, "SEGMENT_ID": 21, "SEGMENT_LENGTH": 28.834577755226146, "LENGTH_PROPORTION": 0.0012718638519269086, "DIST_TO_SENSOR": 76.458613489589453, "MIDPOINT_X": 359545.20261473872, "MIDPOINT_Y": 173453.8529906458, "SENSOR_X": 359522.0, "SENSOR_Y": 173381.0 }, "geometry": { "type": "LineString", "coordinates": [ [ 359549.134512676508166, 173467.723765576840378 ], [ 359541.270716800994705, 173439.982215714757331 ] ] } },
{ "type": "Feature", "properties": { "JOURNEY_LINK_ID": 77, "SITE_ID": 500, "SEGMENT_ID": 22, "SEGMENT_LENGTH": 29.999999999989285, "LENGTH_PROPORTION": 0.001323269439965287, "DIST_TO_SENSOR": 47.216015232892921, "MIDPOINT_X": 359534.83838358783, "MIDPOINT_Y": 173426.43707738537, "SENSOR_X": 359522.0, "SENSOR_Y": 173381.0 }, "geometry": { "type": "LineString", "coordinates": [ [ 359541.270716800994705, 173439.982215714757331 ], [ 359535.615279874706175, 173427.793428912584204 ], [ 359529.273957234690897, 173416.722372463264037 ], [ 359527.510050543700345, 173413.351444525324041 ] ] } },
{ "type": "Feature", "properties": { "JOURNEY_LINK_ID": 77, "SITE_ID": 500, "SEGMENT_ID": 23, "SEGMENT_LENGTH": 30.000000000013276, "LENGTH_PROPORTION": 0.0013232694399663454, "DIST_TO_SENSOR": 19.115677992664455, "MIDPOINT_X": 359520.5555691155, "MIDPOINT_Y": 173400.06102737365, "SENSOR_X": 359522.0, "SENSOR_Y": 173381.0 }, "geometry": { "type": "LineString", "coordinates": [ [ 359527.510050543700345, 173413.351444525324041 ], [ 359513.601087687304243, 173386.770610222010873 ] ] } },
{ "type": "Feature", "properties": { "JOURNEY_LINK_ID": 77, "SITE_ID": 500, "SEGMENT_ID": 24, "SEGMENT_LENGTH": 1.1957893860208331, "LENGTH_PROPORTION": 5.2745051705226252e-05, "DIST_TO_SENSOR": 10.136152220091727, "MIDPOINT_X": 359513.32388451806, "MIDPOINT_Y": 173386.24085889649, "SENSOR_X": 359522.0, "SENSOR_Y": 173381.0 }, "geometry": { "type": "LineString", "coordinates": [ [ 359513.601087687304243, 173386.770610222010873 ], [ 359513.046681348816492, 173385.711107570969034 ] ] } },
{ "type": "Feature", "properties": { "JOURNEY_LINK_ID": 77, "SITE_ID": 500, "SEGMENT_ID": 25, "SEGMENT_LENGTH": 29.999999999988862, "LENGTH_PROPORTION": 0.0013232694399652684, "DIST_TO_SENSOR": 16.464966241286373, "MIDPOINT_X": 359508.64353354916, "MIDPOINT_Y": 173371.37192037454, "SENSOR_X": 359522.0, "SENSOR_Y": 173381.0 }, "geometry": { "type": "LineString", "coordinates": [ [ 359513.046681348816492, 173385.711107570969034 ], [ 359504.240385749493726, 173357.03273317811545 ] ] } },
{ "type": "Feature", "properties": { "JOURNEY_LINK_ID": 77, "SITE_ID": 500, "SEGMENT_ID": 26, "SEGMENT_LENGTH": 30.000000000016684, "LENGTH_PROPORTION": 0.0013232694399664957, "DIST_TO_SENSOR": 44.255761671804756, "MIDPOINT_X": 359499.83723794983, "MIDPOINT_Y": 173342.69354598166, "SENSOR_X": 359522.0, "SENSOR_Y": 173381.0 }, "geometry": { "type": "LineString", "coordinates": [ [ 359504.240385749493726, 173357.03273317811545 ], [ 359495.43409015017096, 173328.354358785232762 ] ] } },
{ "type": "Feature", "properties": { "JOURNEY_LINK_ID": 77, "SITE_ID": 500, "SEGMENT_ID": 27, "SEGMENT_LENGTH": 17.759075229194593, "LENGTH_PROPORTION": 0.00078333471776153749, "DIST_TO_SENSOR": 67.737706119977915, "MIDPOINT_X": 359492.82756238285, "MIDPOINT_Y": 173319.86600198032, "SENSOR_X": 359522.0, "SENSOR_Y": 173381.0 }, "geometry": { "type": "LineString", "coordinates": [ [ 359495.43409015017096, 173328.354358785232762 ], [ 359490.221034615533426, 173311.377645175438374 ] ] } },
{ "type": "Feature", "properties": { "JOURNEY_LINK_ID": 77, "SITE_ID": 500, "SEGMENT_ID": 28, "SEGMENT_LENGTH": 29.999999999986215, "LENGTH_PROPORTION": 0.0013232694399651517, "DIST_TO_SENSOR": 90.156284933393124, "MIDPOINT_X": 359490.83669333247, "MIDPOINT_Y": 173296.40092181036, "SENSOR_X": 359522.0, "SENSOR_Y": 173381.0 }, "geometry": { "type": "LineString", "coordinates": [ [ 359490.221034615533426, 173311.377645175438374 ], [ 359490.176720284274779, 173305.817150189250242 ], [ 359491.885453929193318, 173281.437630019761855 ] ] } },
{ "type": "Feature", "properties": { "JOURNEY_LINK_ID": 77, "SITE_ID": 500, "SEGMENT_ID": 29, "SEGMENT_LENGTH": 2.3334015022752106, "LENGTH_PROPORTION": 0.00010292396330436601, "DIST_TO_SENSOR": 105.1082774782073, "MIDPOINT_X": 359491.96702658094, "MIDPOINT_Y": 173280.273784435, "SENSOR_X": 359522.0, "SENSOR_Y": 173381.0 }, "geometry": { "type": "LineString", "coordinates": [ [ 359491.885453929193318, 173281.437630019761855 ], [ 359492.048599232686684, 173279.109938850218896 ] ] } },
{ "type": "Feature", "properties": { "JOURNEY_LINK_ID": 77, "SITE_ID": 500, "SEGMENT_ID": 30, "SEGMENT_LENGTH": 29.999999999982201, "LENGTH_PROPORTION": 0.0013232694399649746, "DIST_TO_SENSOR": 117.73490970399632, "MIDPOINT_X": 359498.59657831717, "MIDPOINT_Y": 173265.61460743862, "SENSOR_X": 359522.0, "SENSOR_Y": 173381.0 }, "geometry": { "type": "LineString", "coordinates": [ [ 359492.048599232686684, 173279.109938850218896 ], [ 359505.144557401654311, 173252.119276027020533 ] ] } },
{ "type": "Feature", "properties": { "JOURNEY_LINK_ID": 77, "SITE_ID": 500, "SEGMENT_ID": 31, "SEGMENT_LENGTH": 30.000000000033797, "LENGTH_PROPORTION": 0.0013232694399672505, "DIST_TO_SENSOR": 142.74867758042805, "MIDPOINT_X": 359511.6925364862, "MIDPOINT_Y": 173238.62394461542, "SENSOR_X": 359522.0, "SENSOR_Y": 173381.0 }, "geometry": { "type": "LineString", "coordinates": [ [ 359505.144557401654311, 173252.119276027020533 ], [ 359518.240515570680145, 173225.128613203793066 ] ] } },
{ "type": "Feature", "properties": { "JOURNEY_LINK_ID": 77, "SITE_ID": 500, "SEGMENT_ID": 32, "SEGMENT_LENGTH": 29.999999999977547, "LENGTH_PROPORTION": 0.0013232694399647694, "DIST_TO_SENSOR": 169.53879804963785, "MIDPOINT_X": 359524.45354955527, "MIDPOINT_Y": 173211.47895664934, "SENSOR_X": 359522.0, "SENSOR_Y": 173381.0 }, "geometry": { "type": "LineString", "coordinates": [ [ 359518.240515570680145, 173225.128613203793066 ], [ 359520.760460998921189, 173219.935026258172002 ], [ 359530.457041255605873, 173197.732753995398525 ] ] } },
{ "type": "Feature", "properties": { "JOURNEY_LINK_ID": 77, "SITE_ID": 500, "SEGMENT_ID": 33, "SEGMENT_LENGTH": 30.000000000014765, "LENGTH_PROPORTION": 0.0013232694399664109, "DIST_TO_SENSOR": 197.35455426259912, "MIDPOINT_X": 359536.95142304577, "MIDPOINT_Y": 173184.21261463931, "SENSOR_X": 359522.0, "SENSOR_Y": 173381.0 }, "geometry": { "type": "LineString", "coordinates": [ [ 359530.457041255605873, 173197.732753995398525 ], [ 359530.996506884752307, 173196.497538851690479 ], [ 359543.49427062436007, 173170.714794609259116 ] ] } },
{ "type": "Feature", "properties": { "JOURNEY_LINK_ID": 77, "SITE_ID": 500, "SEGMENT_ID": 34, "SEGMENT_LENGTH": 16.172284067055212, "LENGTH_PROPORTION": 0.00071334297601264435, "DIST_TO_SENSOR": 218.9466949388468, "MIDPOINT_X": 359547.15031427174, "MIDPOINT_Y": 173163.50260480485, "SENSOR_X": 359522.0, "SENSOR_Y": 173381.0 }, "geometry": { "type": "LineString", "coordinates": [ [ 359543.49427062436007, 173170.714794609259116 ], [ 359543.985413504007738, 173169.701572442718316 ], [ 359550.827218999154866, 173156.300794989801943 ] ] } },
{ "type": "Feature", "properties": { "JOURNEY_LINK_ID": 77, "SITE_ID": 500, "SEGMENT_ID": 35, "SEGMENT_LENGTH": 17.687064835877415, "LENGTH_PROPORTION": 0.00078015841266698628, "DIST_TO_SENSOR": 232.08634990704439, "MIDPOINT_X": 359558.43466908287, "MIDPOINT_Y": 173151.79138606502, "SENSOR_X": 359522.0, "SENSOR_Y": 173381.0 }, "geometry": { "type": "LineString", "coordinates": [ [ 359550.827218999154866, 173156.300794989801943 ], [ 359566.04211916658096, 173147.281977140228264 ] ] } },
{ "type": "Feature", "properties": { "JOURNEY_LINK_ID": 77, "SITE_ID": 500, "SEGMENT_ID": 36, "SEGMENT_LENGTH": 27.127526247573122, "LENGTH_PROPORTION": 0.0011965675488427511, "DIST_TO_SENSOR": 251.26009513332752, "MIDPOINT_X": 359570.45675285009, "MIDPOINT_Y": 173134.45674109878, "SENSOR_X": 359522.0, "SENSOR_Y": 173381.0 }, "geometry": { "type": "LineString", "coordinates": [ [ 359566.04211916658096, 173147.281977140228264 ], [ 359574.871386533544865, 173121.631505057332106 ] ] } },
{ "type": "Feature", "properties": { "JOURNEY_LINK_ID": 77, "SITE_ID": 500, "SEGMENT_ID": 37, "SEGMENT_LENGTH": 8.0592449070736709, "LENGTH_PROPORTION": 0.00035548508315767595, "DIST_TO_SENSOR": 268.30017786847463, "MIDPOINT_X": 359573.79824133578, "MIDPOINT_Y": 173117.7474071566, "SENSOR_X": 359522.0, "SENSOR_Y": 173381.0 }, "geometry": { "type": "LineString", "coordinates": [ [ 359574.871386533544865, 173121.631505057332106 ], [ 359572.725096137961373, 173113.863309255859349 ] ] } },
{ "type": "Feature", "properties": { "JOURNEY_LINK_ID": 77, "SITE_ID": 500, "SEGMENT_ID": 38, "SEGMENT_LENGTH": 6.2164609805401199, "LENGTH_PROPORTION": 0.00027420176134294405, "DIST_TO_SENSOR": 274.37380307172037, "MIDPOINT_X": 359571.31342050666, "MIDPOINT_Y": 173111.0941453581, "SENSOR_X": 359522.0, "SENSOR_Y": 173381.0 }, "geometry": { "type": "LineString", "coordinates": [ [ 359572.725096137961373, 173113.863309255859349 ], [ 359569.901744875358418, 173108.324981460347772 ] ] } },
{ "type": "Feature", "properties": { "JOURNEY_LINK_ID": 77, "SITE_ID": 500, "SEGMENT_ID": 39, "SEGMENT_LENGTH": 29.999999999975593, "LENGTH_PROPORTION": 0.0013232694399646831, "DIST_TO_SENSOR": 281.76404532600111, "MIDPOINT_X": 359556.61165812763, "MIDPOINT_Y": 173101.36986864766, "SENSOR_X": 359522.0, "SENSOR_Y": 173381.0 }, "geometry": { "type": "LineString", "coordinates": [ [ 359569.901744875358418, 173108.324981460347772 ], [ 359543.321571379899979, 173094.414755834935931 ] ] } },
{ "type": "Feature", "properties": { "JOURNEY_LINK_ID": 77, "SITE_ID": 500, "SEGMENT_ID": 40, "SEGMENT_LENGTH": 3.0760543258224984, "LENGTH_PROPORTION": 0.00013568162283451301, "DIST_TO_SENSOR": 287.99083329254512, "MIDPOINT_X": 359541.95887041884, "MIDPOINT_Y": 173093.70161233982, "SENSOR_X": 359522.0, "SENSOR_Y": 173381.0 }, "geometry": { "type": "LineString", "coordinates": [ [ 359543.321571379899979, 173094.414755834935931 ], [ 359540.596169457829092, 173092.98846884467639 ] ] } },
{ "type": "Feature", "properties": { "JOURNEY_LINK_ID": 77, "SITE_ID": 500, "SEGMENT_ID": 41, "SEGMENT_LENGTH": 8.6296788146777637, "LENGTH_PROPORTION": 0.00038064634173943417, "DIST_TO_SENSOR": 287.22910566841853, "MIDPOINT_X": 359536.43614338717, "MIDPOINT_Y": 173094.13390422153, "SENSOR_X": 359522.0, "SENSOR_Y": 173381.0 }, "geometry": { "type": "LineString", "coordinates": [ [ 359540.596169457829092, 173092.98846884467639 ], [ 359532.276117316505406, 173095.279339598375373 ] ] } },
{ "type": "Feature", "properties": { "JOURNEY_LINK_ID": 77, "SITE_ID": 500, "SEGMENT_ID": 42, "SEGMENT_LENGTH": 15.348873696175508, "LENGTH_PROPORTION": 0.00067702318333477814, "DIST_TO_SENSOR": 281.25161520599141, "MIDPOINT_X": 359526.05823578639, "MIDPOINT_Y": 173099.77766486589, "SENSOR_X": 359522.0, "SENSOR_Y": 173381.0 }, "geometry": { "type": "LineString", "coordinates": [ [ 359532.276117316505406, 173095.279339598375373 ], [ 359519.840354256215505, 173104.275990133406594 ] ] } },
{ "type": "Feature", "properties": { "JOURNEY_LINK_ID": 77, "SITE_ID": 500, "SEGMENT_ID": 43, "SEGMENT_LENGTH": 29.999999999972413, "LENGTH_PROPORTION": 0.0013232694399645428, "DIST_TO_SENSOR": 277.43528257606511, "MIDPOINT_X": 359504.84143622516, "MIDPOINT_Y": 173104.0958293791, "SENSOR_X": 359522.0, "SENSOR_Y": 173381.0 }, "geometry": { "type": "LineString", "coordinates": [ [ 359519.840354256215505, 173104.275990133406594 ], [ 359489.842518194112927, 173103.915668624802493 ] ] } },
{ "type": "Feature", "properties": { "JOURNEY_LINK_ID": 77, "SITE_ID": 500, "SEGMENT_ID": 44, "SEGMENT_LENGTH": 25.597341052121259, "LENGTH_PROPORTION": 0.0011290726386217684, "DIST_TO_SENSOR": 280.8592359678313, "MIDPOINT_X": 359477.04477085231, "MIDPOINT_Y": 173103.76194741574, "SENSOR_X": 359522.0, "SENSOR_Y": 173381.0 }, "geometry": { "type": "LineString", "coordinates": [ [ 359489.842518194112927, 173103.915668624802493 ], [ 359464.247023510513827, 173103.6082262066775 ] ] } },
{ "type": "Feature", "properties": { "JOURNEY_LINK_ID": 77, "SITE_ID": 500, "SEGMENT_ID": 45, "SEGMENT_LENGTH": 9.3026390799395422, "LENGTH_PROPORTION": 0.00041032993351717293, "DIST_TO_SENSOR": 283.17277476130249, "MIDPOINT_X": 359459.73966929945, "MIDPOINT_Y": 173104.75649946637, "SENSOR_X": 359522.0, "SENSOR_Y": 173381.0 }, "geometry": { "type": "LineString", "coordinates": [ [ 359464.247023510513827, 173103.6082262066775 ], [ 359455.232315088389441, 173105.90477272606222 ] ] } },
{ "type": "Feature", "properties": { "JOURNEY_LINK_ID": 77, "SITE_ID": 500, "SEGMENT_ID": 46, "SEGMENT_LENGTH": 19.131894816418537, "LENGTH_PROPORTION": 0.00084388839130686603, "DIST_TO_SENSOR": 276.86314824075987, "MIDPOINT_X": 359449.73592507024, "MIDPOINT_Y": 173113.73401576644, "SENSOR_X": 359522.0, "SENSOR_Y": 173381.0 }, "geometry": { "type": "LineString", "coordinates": [ [ 359455.232315088389441, 173105.90477272606222 ], [ 359444.239535052154679, 173121.563258806825615 ] ] } },
{ "type": "Feature", "properties": { "JOURNEY_LINK_ID": 77, "SITE_ID": 500, "SEGMENT_ID": 47, "SEGMENT_LENGTH": 23.500102406400583, "LENGTH_PROPORTION": 0.0010365655783485233, "DIST_TO_SENSOR": 259.11604944569223, "MIDPOINT_X": 359448.34417545918, "MIDPOINT_Y": 173132.57305582616, "SENSOR_X": 359522.0, "SENSOR_Y": 173381.0 }, "geometry": { "type": "LineString", "coordinates": [ [ 359444.239535052154679, 173121.563258806825615 ], [ 359452.448815866198856, 173143.58285284548765 ] ] } },
{ "type": "Feature", "properties": { "JOURNEY_LINK_ID": 82, "SITE_ID": 500, "SEGMENT_ID": 0, "SEGMENT_LENGTH": 29.99999999998191, "LENGTH_PROPORTION": 0.0013232694399649618, "DIST_TO_SENSOR": 234.20074094333322, "MIDPOINT_X": 359353.12379061489, "MIDPOINT_Y": 173543.26772002503, "SENSOR_X": 359522.0, "SENSOR_Y": 173381.0 }, "geometry": { "type": "LineString", "coordinates": [ [ 359338.580194179841783, 173546.939749808982015 ], [ 359367.667387049936224, 173539.595690241083503 ] ] } },
{ "type": "Feature", "properties": { "JOURNEY_LINK_ID": 82, "SITE_ID": 500, "SEGMENT_ID": 1, "SEGMENT_LENGTH": 30.000000000038348, "LENGTH_PROPORTION": 0.0013232694399674513, "DIST_TO_SENSOR": 208.66794125517458, "MIDPOINT_X": 359382.21098348498, "MIDPOINT_Y": 173535.92366045713, "SENSOR_X": 359522.0, "SENSOR_Y": 173381.0 }, "geometry": { "type": "LineString", "coordinates": [ [ 359367.667387049936224, 173539.595690241083503 ], [ 359396.754579920088872, 173532.251630673184991 ] ] } },
{ "type": "Feature", "properties": { "JOURNEY_LINK_ID": 82, "SITE_ID": 500, "SEGMENT_ID": 2, "SEGMENT_LENGTH": 4.3332698543036798, "LENGTH_PROPORTION": 0.00019113611911083131, "DIST_TO_SENSOR": 194.63172868708551, "MIDPOINT_X": 359398.85529085359, "MIDPOINT_Y": 173531.72123414095, "SENSOR_X": 359522.0, "SENSOR_Y": 173381.0 }, "geometry": { "type": "LineString", "coordinates": [ [ 359396.754579920088872, 173532.251630673184991 ], [ 359400.956001787097193, 173531.190837608708534 ] ] } },
{ "type": "Feature", "properties": { "JOURNEY_LINK_ID": 82, "SITE_ID": 500, "SEGMENT_ID": 3, "SEGMENT_LENGTH": 30.000000000010896, "LENGTH_PROPORTION": 0.0013232694399662403, "DIST_TO_SENSOR": 187.42341522179723, "MIDPOINT_X": 359415.41892123455, "MIDPOINT_Y": 173535.16877187873, "SENSOR_X": 359522.0, "SENSOR_Y": 173381.0 }, "geometry": { "type": "LineString", "coordinates": [ [ 359400.956001787097193, 173531.190837608708534 ], [ 359429.881840682006441, 173539.146706148749217 ] ] } },
{ "type": "Feature", "properties": { "JOURNEY_LINK_ID": 82, "SITE_ID": 500, "SEGMENT_ID": 4, "SEGMENT_LENGTH": 27.051594942800357, "LENGTH_PROPORTION": 0.0011932182963380002, "DIST_TO_SENSOR": 180.03028578174784, "MIDPOINT_X": 359442.9233419681, "MIDPOINT_Y": 173542.73368836814, "SENSOR_X": 359522.0, "SENSOR_Y": 173381.0 }, "geometry": { "type": "LineString", "coordinates": [ [ 359429.881840682006441, 173539.146706148749217 ], [ 359455.964843254187144, 173546.320670587534551 ] ] } },
{ "type": "Feature", "properties": { "JOURNEY_LINK_ID": 82, "SITE_ID": 500, "SEGMENT_ID": 5, "SEGMENT_LENGTH": 30.000000000012975, "LENGTH_PROPORTION": 0.001323269439966332, "DIST_TO_SENSOR": 181.63121541821195, "MIDPOINT_X": 359468.49223711621, "MIDPOINT_Y": 173554.57078592168, "SENSOR_X": 359522.0, "SENSOR_Y": 173381.0 }, "geometry": { "type": "LineString", "coordinates": [ [ 359455.964843254187144, 173546.320670587534551 ], [ 359481.019630978174973, 173562.820901255821809 ] ] } },
{ "type": "Feature", "properties": { "JOURNEY_LINK_ID": 82, "SITE_ID": 500, "SEGMENT_ID": 6, "SEGMENT_LENGTH": 29.999999999980371, "LENGTH_PROPORTION": 0.0013232694399648939, "DIST_TO_SENSOR": 192.18887361916038, "MIDPOINT_X": 359493.54702484014, "MIDPOINT_Y": 173571.07101658999, "SENSOR_X": 359522.0, "SENSOR_Y": 173381.0 }, "geometry": { "type": "LineString", "coordinates": [ [ 359481.019630978174973, 173562.820901255821809 ], [ 359506.074418702104595, 173579.321131924138172 ] ] } },
{ "type": "Feature", "properties": { "JOURNEY_LINK_ID": 82, "SITE_ID": 500, "SEGMENT_ID": 7, "SEGMENT_LENGTH": 29.999999999990663, "LENGTH_PROPORTION": 0.001323269439965348, "DIST_TO_SENSOR": 206.36643035074707, "MIDPOINT_X": 359518.73962344986, "MIDPOINT_Y": 173587.3406734516, "SENSOR_X": 359522.0, "SENSOR_Y": 173381.0 }, "geometry": { "type": "LineString", "coordinates": [ [ 359506.074418702104595, 173579.321131924138172 ], [ 359516.031633495818824, 173585.878614778106567 ], [ 359531.938725857646205, 173594.466941453050822 ] ] } },
{ "type": "Feature", "properties": { "JOURNEY_LINK_ID": 82, "SITE_ID": 500, "SEGMENT_ID": 8, "SEGMENT_LENGTH": 30.000000000028944, "LENGTH_PROPORTION": 0.0013232694399670365, "DIST_TO_SENSOR": 222.56867713383977, "MIDPOINT_X": 359544.62433361483, "MIDPOINT_Y": 173602.41579792235, "SENSOR_X": 359522.0, "SENSOR_Y": 173381.0 }, "geometry": { "type": "LineString", "coordinates": [ [ 359531.938725857646205, 173594.466941453050822 ], [ 359538.360647664871067, 173597.934172365290578 ], [ 359556.823364034062251, 173611.144122895144392 ] ] } },
{ "type": "Feature", "properties": { "JOURNEY_LINK_ID": 82, "SITE_ID": 500, "SEGMENT_ID": 9, "SEGMENT_LENGTH": 29.999999999981647, "LENGTH_PROPORTION": 0.0013232694399649503, "DIST_TO_SENSOR": 243.456673620874, "MIDPOINT_X": 359569.02239445329, "MIDPOINT_Y": 173619.87244786794, "SENSOR_X": 359522.0, "SENSOR_Y": 173381.0 }, "geometry": { "type": "LineString", "coordinates": [ [ 359556.823364034062251, 173611.144122895144392 ], [ 359569.105853757180739, 173619.932162443699781 ], [ 359581.427598881709855, 173628.305122896970715 ] ] } },
{ "type": "Feature", "properties": { "JOURNEY_LINK_ID": 82, "SITE_ID": 500, "SEGMENT_ID": 10, "SEGMENT_LENGTH": 22.26392664097477, "LENGTH_PROPORTION": 0.00098203912458804808, "DIST_TO_SENSOR": 262.68673533653759, "MIDPOINT_X": 359590.63493827177, "MIDPOINT_Y": 173634.56176007079, "SENSOR_X": 359522.0, "SENSOR_Y": 173381.0 }, "geometry": { "type": "LineString", "coordinates": [ [ 359581.427598881709855, 173628.305122896970715 ], [ 359599.842277661839034, 173640.818397244613152 ] ] } },
{ "type": "Feature", "properties": { "JOURNEY_LINK_ID": 82, "SITE_ID": 500, "SEGMENT_ID": 11, "SEGMENT_LENGTH": 30.00000000001863, "LENGTH_PROPORTION": 0.0013232694399665816, "DIST_TO_SENSOR": 271.51642756604167, "MIDPOINT_X": 359614.17430187797, "MIDPOINT_Y": 173636.39198991263, "SENSOR_X": 359522.0, "SENSOR_Y": 173381.0 }, "geometry": { "type": "LineString", "coordinates": [ [ 359599.842277661839034, 173640.818397244613152 ], [ 359628.50632609409513, 173631.965582580654882 ] ] } },
{ "type": "Feature", "properties": { "JOURNEY_LINK_ID": 82, "SITE_ID": 500, "SEGMENT_ID": 12, "SEGMENT_LENGTH": 4.8179402246622036, "LENGTH_PROPORTION": 0.00021251443542924203, "DIST_TO_SENSOR": 272.88570028757169, "MIDPOINT_X": 359630.80802062649, "MIDPOINT_Y": 173631.25471038281, "SENSOR_X": 359522.0, "SENSOR_Y": 173381.0 }, "geometry": { "type": "LineString", "coordinates": [ [ 359628.50632609409513, 173631.965582580654882 ], [ 359633.109715158876497, 173630.543838184967171 ] ] } },
{ "type": "Feature", "properties": { "JOURNEY_LINK_ID": 82, "SITE_ID": 500, "SEGMENT_ID": 13, "SEGMENT_LENGTH": 15.206204673699448, "LENGTH_PROPORTION": 0.00067073019808569956, "DIST_TO_SENSOR": 265.75601110767894, "MIDPOINT_X": 359628.54535612446, "MIDPOINT_Y": 173624.46323034121, "SENSOR_X": 359522.0, "SENSOR_Y": 173381.0 }, "geometry": { "type": "LineString", "coordinates": [ [ 359633.109715158876497, 173630.543838184967171 ], [ 359623.980997090053279, 173618.382622497447301 ] ] } },
{ "type": "Feature", "properties": { "JOURNEY_LINK_ID": 82, "SITE_ID": 500, "SEGMENT_ID": 14, "SEGMENT_LENGTH": 30.000000000018265, "LENGTH_PROPORTION": 0.0013232694399665653, "DIST_TO_SENSOR": 245.93215273185049, "MIDPOINT_X": 359611.49458976724, "MIDPOINT_Y": 173610.07060516294, "SENSOR_X": 359522.0, "SENSOR_Y": 173381.0 }, "geometry": { "type": "LineString", "coordinates": [ [ 359623.980997090053279, 173618.382622497447301 ], [ 359599.008182444435079, 173601.758587828429881 ] ] } },
{ "type": "Feature", "properties": { "JOURNEY_LINK_ID": 82, "SITE_ID": 500, "SEGMENT_ID": 15, "SEGMENT_LENGTH": 29.999999999953687, "LENGTH_PROPORTION": 0.0013232694399637169, "DIST_TO_SENSOR": 222.02838732802118, "MIDPOINT_X": 359586.52177512168, "MIDPOINT_Y": 173593.44657049392, "SENSOR_X": 359522.0, "SENSOR_Y": 173381.0 }, "geometry": { "type": "LineString", "coordinates": [ [ 359599.008182444435079, 173601.758587828429881 ], [ 359574.035367798875086, 173585.134553159441566 ] ] } },
{ "type": "Feature", "properties": { "JOURNEY_LINK_ID": 82, "SITE_ID": 500, "SEGMENT_ID": 16, "SEGMENT_LENGTH": 5.4489498885119882, "LENGTH_PROPORTION": 0.00024034762891242493, "DIST_TO_SENSOR": 208.64711582592909, "MIDPOINT_X": 359571.76744087256, "MIDPOINT_Y": 173583.62482762849, "SENSOR_X": 359522.0, "SENSOR_Y": 173381.0 }, "geometry": { "type": "LineString", "coordinates": [ [ 359574.035367798875086, 173585.134553159441566 ], [ 359569.499513946240768, 173582.115102097566705 ] ] } },
{ "type": "Feature", "properties": { "JOURNEY_LINK_ID": 82, "SITE_ID": 500, "SEGMENT_ID": 17, "SEGMENT_LENGTH": 23.121222403277557, "LENGTH_PROPORTION": 0.001019853567363629, "DIST_TO_SENSOR": 199.65945539177659, "MIDPOINT_X": 359559.03867206548, "MIDPOINT_Y": 173577.19387069673, "SENSOR_X": 359522.0, "SENSOR_Y": 173381.0 }, "geometry": { "type": "LineString", "coordinates": [ [ 359569.499513946240768, 173582.115102097566705 ], [ 359548.577830184658524, 173572.272639295901172 ] ] } },
{ "type": "Feature", "properties": { "JOURNEY_LINK_ID": 82, "SITE_ID": 500, "SEGMENT_ID": 18, "SEGMENT_LENGTH": 29.455533050434877, "LENGTH_PROPORTION": 0.0012992535574513962, "DIST_TO_SENSOR": 178.7207444424688, "MIDPOINT_X": 359543.60395134171, "MIDPOINT_Y": 173558.41018510924, "SENSOR_X": 359522.0, "SENSOR_Y": 173381.0 }, "geometry": { "type": "LineString", "coordinates": [ [ 359548.577830184658524, 173572.272639295901172 ], [ 359538.630072498810478, 173544.547730922582559 ] ] } },
{ "type": "Feature", "properties": { "JOURNEY_LINK_ID": 82, "SITE_ID": 500, "SEGMENT_ID": 19, "SEGMENT_LENGTH": 30.000000000014488, "LENGTH_PROPORTION": 0.0013232694399663988, "DIST_TO_SENSOR": 149.8526211310359, "MIDPOINT_X": 359540.66217269131, "MIDPOINT_Y": 173529.68601605491, "SENSOR_X": 359522.0, "SENSOR_Y": 173381.0 }, "geometry": { "type": "LineString", "coordinates": [ [ 359538.630072498810478, 173544.547730922582559 ], [ 359542.694272883760277, 173514.824301187240053 ] ] } },
{ "type": "Feature", "properties": { "JOURNEY_LINK_ID": 82, "SITE_ID": 500, "SEGMENT_ID": 20, "SEGMENT_LENGTH": 29.999999999985651, "LENGTH_PROPORTION": 0.0013232694399651268, "DIST_TO_SENSOR": 121.1139338682659, "MIDPOINT_X": 359544.72637307621, "MIDPOINT_Y": 173499.9625863196, "SENSOR_X": 359522.0, "SENSOR_Y": 173381.0 }, "geometry": { "type": "LineString", "coordinates": [ [ 359542.694272883760277, 173514.824301187240053 ], [ 359546.758473268710077, 173485.10087145192665 ] ] } },
{ "type": "Feature", "properties": { "JOURNEY_LINK_ID": 82, "SITE_ID": 500, "SEGMENT_ID": 21, "SEGMENT_LENGTH": 17.538796191910301, "LENGTH_PROPORTION": 0.00077361843381809148, "DIST_TO_SENSOR": 98.877353432750454, "MIDPOINT_X": 359547.94649297261, "MIDPOINT_Y": 173476.41231851437, "SENSOR_X": 359522.0, "SENSOR_Y": 173381.0 }, "geometry": { "type": "LineString", "coordinates": [ [ 359546.758473268710077, 173485.10087145192665 ], [ 359549.134512676508166, 173467.723765576840378 ] ] } },
{ "type": "Feature", "properties": { "JOURNEY_LINK_ID": 82, "SITE_ID": 500, "SEGMENT_ID": 22, "SEGMENT_LENGTH": 28.834577755226146, "LENGTH_PROPORTION": 0.0012718638519269086, "DIST_TO_SENSOR": 76.458613489589453, "MIDPOINT_X": 359545.20261473872, "MIDPOINT_Y": 173453.8529906458, "SENSOR_X": 359522.0, "SENSOR_Y": 173381.0 }, "geometry": { "type": "LineString", "coordinates": [ [ 359549.134512676508166, 173467.723765576840378 ], [ 359541.270716800994705, 173439.982215714757331 ] ] } },
{ "type": "Feature", "properties": { "JOURNEY_LINK_ID": 82, "SITE_ID": 500, "SEGMENT_ID": 23, "SEGMENT_LENGTH": 29.999999999989285, "LENGTH_PROPORTION": 0.001323269439965287, "DIST_TO_SENSOR": 47.216015232892921, "MIDPOINT_X": 359534.83838358783, "MIDPOINT_Y": 173426.43707738537, "SENSOR_X": 359522.0, "SENSOR_Y": 173381.0 }, "geometry": { "type": "LineString", "coordinates": [ [ 359541.270716800994705, 173439.982215714757331 ], [ 359535.615279874706175, 173427.793428912584204 ], [ 359529.273957234690897, 173416.722372463264037 ], [ 359527.510050543700345, 173413.351444525324041 ] ] } },
{ "type": "Feature", "properties": { "JOURNEY_LINK_ID": 82, "SITE_ID": 500, "SEGMENT_ID": 24, "SEGMENT_LENGTH": 30.000000000013276, "LENGTH_PROPORTION": 0.0013232694399663454, "DIST_TO_SENSOR": 19.115677992664455, "MIDPOINT_X": 359520.5555691155, "MIDPOINT_Y": 173400.06102737365, "SENSOR_X": 359522.0, "SENSOR_Y": 173381.0 }, "geometry": { "type": "LineString", "coordinates": [ [ 359527.510050543700345, 173413.351444525324041 ], [ 359513.601087687304243, 173386.770610222010873 ] ] } },
{ "type": "Feature", "properties": { "JOURNEY_LINK_ID": 82, "SITE_ID": 500, "SEGMENT_ID": 25, "SEGMENT_LENGTH": 1.1957893860208331, "LENGTH_PROPORTION": 5.2745051705226252e-05, "DIST_TO_SENSOR": 10.136152220091727, "MIDPOINT_X": 359513.32388451806, "MIDPOINT_Y": 173386.24085889649, "SENSOR_X": 359522.0, "SENSOR_Y": 173381.0 }, "geometry": { "type": "LineString", "coordinates": [ [ 359513.601087687304243, 173386.770610222010873 ], [ 359513.046681348816492, 173385.711107570969034 ] ] } },
{ "type": "Feature", "properties": { "JOURNEY_LINK_ID": 82, "SITE_ID": 500, "SEGMENT_ID": 26, "SEGMENT_LENGTH": 29.999999999988862, "LENGTH_PROPORTION": 0.0013232694399652684, "DIST_TO_SENSOR": 16.464966241286373, "MIDPOINT_X": 359508.64353354916, "MIDPOINT_Y": 173371.37192037454, "SENSOR_X": 359522.0, "SENSOR_Y": 173381.0 }, "geometry": { "type": "LineString", "coordinates": [ [ 359513.046681348816492, 173385.711107570969034 ], [ 359504.240385749493726, 173357.03273317811545 ] ] } },
{ "type": "Feature", "properties": { "JOURNEY_LINK_ID": 82, "SITE_ID": 500, "SEGMENT_ID": 27, "SEGMENT_LENGTH": 30.000000000016684, "LENGTH_PROPORTION": 0.0013232694399664957, "DIST_TO_SENSOR": 44.255761671804756, "MIDPOINT_X": 359499.83723794983, "MIDPOINT_Y": 173342.69354598166, "SENSOR_X": 359522.0, "SENSOR_Y": 173381.0 }, "geometry": { "type": "LineString", "coordinates": [ [ 359504.240385749493726, 173357.03273317811545 ], [ 359495.43409015017096, 173328.354358785232762 ] ] } },
{ "type": "Feature", "properties": { "JOURNEY_LINK_ID": 82, "SITE_ID": 500, "SEGMENT_ID": 28, "SEGMENT_LENGTH": 17.759075229194593, "LENGTH_PROPORTION": 0.00078333471776153749, "DIST_TO_SENSOR": 67.737706119977915, "MIDPOINT_X": 359492.82756238285, "MIDPOINT_Y": 173319.86600198032, "SENSOR_X": 359522.0, "SENSOR_Y": 173381.0 }, "geometry": { "type": "LineString", "coordinates": [ [ 359495.43409015017096, 173328.354358785232762 ], [ 359490.221034615533426, 173311.377645175438374 ] ] } },
{ "type": "Feature", "properties": { "JOURNEY_LINK_ID": 82, "SITE_ID": 500, "SEGMENT_ID": 29, "SEGMENT_LENGTH": 29.999999999986215, "LENGTH_PROPORTION": 0.0013232694399651517, "DIST_TO_SENSOR": 90.156284933393124, "MIDPOINT_X": 359490.83669333247, "MIDPOINT_Y": 173296.40092181036, "SENSOR_X": 359522.0, "SENSOR_Y": 173381.0 }, "geometry": { "type": "LineString", "coordinates": [ [ 359490.221034615533426, 173311.377645175438374 ], [ 359490.176720284274779, 173305.817150189250242 ], [ 359491.885453929193318, 173281.437630019761855 ] ] } },
{ "type": "Feature", "properties": { "JOURNEY_LINK_ID": 82, "SITE_ID": 500, "SEGMENT_ID": 30, "SEGMENT_LENGTH": 2.3334015022752106, "LENGTH_PROPORTION": 0.00010292396330436601, "DIST_TO_SENSOR": 105.1082774782073, "MIDPOINT_X": 359491.96702658094, "MIDPOINT_Y": 173280.273784435, "SENSOR_X": 359522.0, "SENSOR_Y": 173381.0 }, "geometry": { "type": "LineString", "coordinates": [ [ 359491.885453929193318, 173281.437630019761855 ], [ 359492.048599232686684, 173279.109938850218896 ] ] } },
{ "type": "Feature", "properties": { "JOURNEY_LINK_ID": 82, "SITE_ID": 500, "SEGMENT_ID": 31, "SEGMENT_LENGTH": 30.000000000014587, "LENGTH_PROPORTION": 0.0013232694399664031, "DIST_TO_SENSOR": 118.72305720237475, "MIDPOINT_X": 359496.9791773184, "MIDPOINT_Y": 173264.94345023303, "SENSOR_X": 359522.0, "SENSOR_Y": 173381.0 }, "geometry": { "type": "LineString", "coordinates": [ [ 359492.048599232686684, 173279.109938850218896 ], [ 359501.90975540416548, 173250.776961615862092 ] ] } },
{ "type": "Feature", "properties": { "JOURNEY_LINK_ID": 82, "SITE_ID": 500, "SEGMENT_ID": 32, "SEGMENT_LENGTH": 29.999999999967969, "LENGTH_PROPORTION": 0.0013232694399643468, "DIST_TO_SENSOR": 145.18316361189349, "MIDPOINT_X": 359506.84033348988, "MIDPOINT_Y": 173236.6104729987, "SENSOR_X": 359522.0, "SENSOR_Y": 173381.0 }, "geometry": { "type": "LineString", "coordinates": [ [ 359501.90975540416548, 173250.776961615862092 ], [ 359511.770911575586069, 173222.443984381534392 ] ] } },
{ "type": "Feature", "properties": { "JOURNEY_LINK_ID": 82, "SITE_ID": 500, "SEGMENT_ID": 33, "SEGMENT_LENGTH": 29.999999999999748, "LENGTH_PROPORTION": 0.0013232694399657487, "DIST_TO_SENSOR": 172.78911034995889, "MIDPOINT_X": 359516.73685994424, "MIDPOINT_Y": 173208.29106562692, "SENSOR_X": 359522.0, "SENSOR_Y": 173381.0 }, "geometry": { "type": "LineString", "coordinates": [ [ 359511.770911575586069, 173222.443984381534392 ], [ 359516.503176428144798, 173208.847287401731592 ], [ 359522.54683442163514, 173194.461958765954478 ] ] } },
{ "type": "Feature", "properties": { "JOURNEY_LINK_ID": 82, "SITE_ID": 500, "SEGMENT_ID": 34, "SEGMENT_LENGTH": 30.000000000022091, "LENGTH_PROPORTION": 0.0013232694399667342, "DIST_TO_SENSOR": 200.46796017093911, "MIDPOINT_X": 359528.35680889909, "MIDPOINT_Y": 173180.63285190501, "SENSOR_X": 359522.0, "SENSOR_Y": 173381.0 }, "geometry": { "type": "LineString", "coordinates": [ [ 359522.54683442163514, 173194.461958765954478 ], [ 359534.16678337653866, 173166.803745044046082 ] ] } },
{ "type": "Feature", "properties": { "JOURNEY_LINK_ID": 82, "SITE_ID": 500, "SEGMENT_ID": 35, "SEGMENT_LENGTH": 29.999999999996387, "LENGTH_PROPORTION": 0.0013232694399656004, "DIST_TO_SENSOR": 228.80111905014218, "MIDPOINT_X": 359539.73447936069, "MIDPOINT_Y": 173152.887220173, "SENSOR_X": 359522.0, "SENSOR_Y": 173381.0 }, "geometry": { "type": "LineString", "coordinates": [ [ 359534.16678337653866, 173166.803745044046082 ], [ 359539.006950002512895, 173155.283009151695296 ], [ 359544.092999449174386, 173138.534405026206514 ] ] } },
{ "type": "Feature", "properties": { "JOURNEY_LINK_ID": 82, "SITE_ID": 500, "SEGMENT_ID": 36, "SEGMENT_LENGTH": 30.00000000000961, "LENGTH_PROPORTION": 0.0013232694399661837, "DIST_TO_SENSOR": 258.17702969615777, "MIDPOINT_X": 359548.45151953766, "MIDPOINT_Y": 173124.18158987939, "SENSOR_X": 359522.0, "SENSOR_Y": 173381.0 }, "geometry": { "type": "LineString", "coordinates": [ [ 359544.092999449174386, 173138.534405026206514 ], [ 359548.486514887190424, 173124.066348519350868 ], [ 359551.847924164962023, 173109.571442477259552 ] ] } },
{ "type": "Feature", "properties": { "JOURNEY_LINK_ID": 82, "SITE_ID": 500, "SEGMENT_ID": 37, "SEGMENT_LENGTH": 14.859445887743124, "LENGTH_PROPORTION": 0.00065543502126917848, "DIST_TO_SENSOR": 280.44387865394873, "MIDPOINT_X": 359553.52635657939, "MIDPOINT_Y": 173102.33378763241, "SENSOR_X": 359522.0, "SENSOR_Y": 173381.0 }, "geometry": { "type": "LineString", "coordinates": [ [ 359551.847924164962023, 173109.571442477259552 ], [ 359555.204788993753027, 173095.096132787584793 ] ] } },
{ "type": "Feature", "properties": { "JOURNEY_LINK_ID": 82, "SITE_ID": 500, "SEGMENT_ID": 38, "SEGMENT_LENGTH": 12.162990006570626, "LENGTH_PROPORTION": 0.00053649709914346149, "DIST_TO_SENSOR": 293.83786399891699, "MIDPOINT_X": 359554.9798291506, "MIDPOINT_Y": 173089.01879993972, "SENSOR_X": 359522.0, "SENSOR_Y": 173381.0 }, "geometry": { "type": "LineString", "coordinates": [ [ 359555.204788993753027, 173095.096132787584793 ], [ 359554.754869307449553, 173082.941467091819504 ] ] } },
{ "type": "Feature", "properties": { "JOURNEY_LINK_ID": 88, "SITE_ID": 500, "SEGMENT_ID": 0, "SEGMENT_LENGTH": 10.767140491676452, "LENGTH_PROPORTION": 0.00047492759894844514, "DIST_TO_SENSOR": 294.42433701923079, "MIDPOINT_X": 359546.06926613359, "MIDPOINT_Y": 173087.5611466472, "SENSOR_X": 359522.0, "SENSOR_Y": 173381.0 }, "geometry": { "type": "LineString", "coordinates": [ [ 359545.983897046477068, 173082.178253307094565 ], [ 359546.154635220766068, 173092.944039987283759 ] ] } },
{ "type": "Feature", "properties": { "JOURNEY_LINK_ID": 88, "SITE_ID": 500, "SEGMENT_ID": 1, "SEGMENT_LENGTH": 30.000000000008793, "LENGTH_PROPORTION": 0.0013232694399661477, "DIST_TO_SENSOR": 274.28641519790699, "MIDPOINT_X": 359542.43686893181, "MIDPOINT_Y": 173107.47601211158, "SENSOR_X": 359522.0, "SENSOR_Y": 173381.0 }, "geometry": { "type": "LineString", "coordinates": [ [ 359546.154635220766068, 173092.944039987283759 ], [ 359538.741650783165824, 173121.919848263787571 ], [ 359538.715216485899873, 173122.006897652812768 ] ] } },
{ "type": "Feature", "properties": { "JOURNEY_LINK_ID": 88, "SITE_ID": 500, "SEGMENT_ID": 2, "SEGMENT_LENGTH": 29.999999999992006, "LENGTH_PROPORTION": 0.0013232694399654072, "DIST_TO_SENSOR": 244.95215483848415, "MIDPOINT_X": 359534.35669564921, "MIDPOINT_Y": 173136.35971257242, "SENSOR_X": 359522.0, "SENSOR_Y": 173381.0 }, "geometry": { "type": "LineString", "coordinates": [ [ 359538.715216485899873, 173122.006897652812768 ], [ 359529.998174812528305, 173150.712527491996298 ] ] } },
{ "type": "Feature", "properties": { "JOURNEY_LINK_ID": 88, "SITE_ID": 500, "SEGMENT_ID": 3, "SEGMENT_LENGTH": 29.999999999985462, "LENGTH_PROPORTION": 0.0013232694399651186, "DIST_TO_SENSOR": 216.2644966308315, "MIDPOINT_X": 359524.73655265087, "MIDPOINT_Y": 173164.75281786211, "SENSOR_X": 359522.0, "SENSOR_Y": 173381.0 }, "geometry": { "type": "LineString", "coordinates": [ [ 359529.998174812528305, 173150.712527491996298 ], [ 359529.262083664012607, 173153.136510401440319 ], [ 359519.291416950291023, 173178.729602084611543 ] ] } },
{ "type": "Feature", "properties": { "JOURNEY_LINK_ID": 88, "SITE_ID": 500, "SEGMENT_ID": 4, "SEGMENT_LENGTH": 30.000000000003354, "LENGTH_PROPORTION": 0.0013232694399659076, "DIST_TO_SENSOR": 188.47007212548743, "MIDPOINT_X": 359513.84628124972, "MIDPOINT_Y": 173192.70638630711, "SENSOR_X": 359522.0, "SENSOR_Y": 173381.0 }, "geometry": { "type": "LineString", "coordinates": [ [ 359519.291416950291023, 173178.729602084611543 ], [ 359508.834009871061426, 173205.572077701450326 ], [ 359508.374065636890009, 173206.672236824233551 ] ] } },
{ "type": "Feature", "properties": { "JOURNEY_LINK_ID": 88, "SITE_ID": 500, "SEGMENT_ID": 5, "SEGMENT_LENGTH": 30.000000000025555, "LENGTH_PROPORTION": 0.0013232694399668869, "DIST_TO_SENSOR": 161.65821656033313, "MIDPOINT_X": 359502.58828325005, "MIDPOINT_Y": 173220.51148254692, "SENSOR_X": 359522.0, "SENSOR_Y": 173381.0 }, "geometry": { "type": "LineString", "coordinates": [ [ 359508.374065636890009, 173206.672236824233551 ], [ 359496.802500863210298, 173234.350728269579122 ] ] } },
{ "type": "Feature", "properties": { "JOURNEY_LINK_ID": 88, "SITE_ID": 500, "SEGMENT_ID": 6, "SEGMENT_LENGTH": 29.99999999998343, "LENGTH_PROPORTION": 0.0013232694399650288, "DIST_TO_SENSOR": 136.37176301424742, "MIDPOINT_X": 359491.02392296866, "MIDPOINT_Y": 173248.19284507466, "SENSOR_X": 359522.0, "SENSOR_Y": 173381.0 }, "geometry": { "type": "LineString", "coordinates": [ [ 359496.802500863210298, 173234.350728269579122 ], [ 359491.105949395161588, 173247.976538966817316 ], [ 359485.705283866613172, 173262.218253378960071 ] ] } },
{ "type": "Feature", "properties": { "JOURNEY_LINK_ID": 88, "SITE_ID": 500, "SEGMENT_ID": 7, "SEGMENT_LENGTH": 28.91257055098097, "LENGTH_PROPORTION": 0.0012753040346989036, "DIST_TO_SENSOR": 113.12084687463857, "MIDPOINT_X": 359480.57943292416, "MIDPOINT_Y": 173275.73527361575, "SENSOR_X": 359522.0, "SENSOR_Y": 173381.0 }, "geometry": { "type": "LineString", "coordinates": [ [ 359485.705283866613172, 173262.218253378960071 ], [ 359475.453581981710158, 173289.252293852565344 ] ] } },
{ "type": "Feature", "properties": { "JOURNEY_LINK_ID": 88, "SITE_ID": 500, "SEGMENT_ID": 8, "SEGMENT_LENGTH": 30.000000000015646, "LENGTH_PROPORTION": 0.00132326943996645, "DIST_TO_SENSOR": 89.124887455875083, "MIDPOINT_X": 359476.79089810076, "MIDPOINT_Y": 173304.1925611058, "SENSOR_X": 359522.0, "SENSOR_Y": 173381.0 }, "geometry": { "type": "LineString", "coordinates": [ [ 359475.453581981710158, 173289.252293852565344 ], [ 359478.128214219817892, 173319.132828359026462 ] ] } },
{ "type": "Feature", "properties": { "JOURNEY_LINK_ID": 88, "SITE_ID": 500, "SEGMENT_ID": 9, "SEGMENT_LENGTH": 21.327842588366597, "LENGTH_PROPORTION": 0.00094074941058619151, "DIST_TO_SENSOR": 66.845642799991438, "MIDPOINT_X": 359479.07894980907, "MIDPOINT_Y": 173329.75428396586, "SENSOR_X": 359522.0, "SENSOR_Y": 173381.0 }, "geometry": { "type": "LineString", "coordinates": [ [ 359478.128214219817892, 173319.132828359026462 ], [ 359480.029685398330912, 173340.375739572686143 ] ] } },
{ "type": "Feature", "properties": { "JOURNEY_LINK_ID": 88, "SITE_ID": 500, "SEGMENT_ID": 10, "SEGMENT_LENGTH": 29.9999999999906, "LENGTH_PROPORTION": 0.0013232694399653452, "DIST_TO_SENSOR": 44.745767298244971, "MIDPOINT_X": 359486.32544245821, "MIDPOINT_Y": 173353.99056395801, "SENSOR_X": 359522.0, "SENSOR_Y": 173381.0 }, "geometry": { "type": "LineString", "coordinates": [ [ 359480.029685398330912, 173340.375739572686143 ], [ 359492.621199518092908, 173367.605388343305094 ] ] } },
{ "type": "Feature", "properties": { "JOURNEY_LINK_ID": 88, "SITE_ID": 500, "SEGMENT_ID": 11, "SEGMENT_LENGTH": 30.000000000017014, "LENGTH_PROPORTION": 0.0013232694399665102, "DIST_TO_SENSOR": 23.084093815200813, "MIDPOINT_X": 359498.91695657797, "MIDPOINT_Y": 173381.22021272863, "SENSOR_X": 359522.0, "SENSOR_Y": 173381.0 }, "geometry": { "type": "LineString", "coordinates": [ [ 359492.621199518092908, 173367.605388343305094 ], [ 359505.212713637854904, 173394.835037113953149 ] ] } },
{ "type": "Feature", "properties": { "JOURNEY_LINK_ID": 88, "SITE_ID": 500, "SEGMENT_ID": 12, "SEGMENT_LENGTH": 29.9999999999906, "LENGTH_PROPORTION": 0.0013232694399653452, "DIST_TO_SENSOR": 29.386511930274541, "MIDPOINT_X": 359511.50847069774, "MIDPOINT_Y": 173408.44986149925, "SENSOR_X": 359522.0, "SENSOR_Y": 173381.0 }, "geometry": { "type": "LineString", "coordinates": [ [ 359505.212713637854904, 173394.835037113953149 ], [ 359517.8042277576169, 173422.0646858845721 ] ] } },
{ "type": "Feature", "properties": { "JOURNEY_LINK_ID": 88, "SITE_ID": 500, "SEGMENT_ID": 13, "SEGMENT_LENGTH": 30.000000000017014, "LENGTH_PROPORTION": 0.0013232694399665102, "DIST_TO_SENSOR": 54.719820719638669, "MIDPOINT_X": 359524.0999848175, "MIDPOINT_Y": 173435.6795102699, "SENSOR_X": 359522.0, "SENSOR_Y": 173381.0 }, "geometry": { "type": "LineString", "coordinates": [ [ 359517.8042277576169, 173422.0646858845721 ], [ 359530.395741877378896, 173449.294334655220155 ] ] } },
{ "type": "Feature", "properties": { "JOURNEY_LINK_ID": 88, "SITE_ID": 500, "SEGMENT_ID": 14, "SEGMENT_LENGTH": 13.069125113475533, "LENGTH_PROPORTION": 0.00057646579565837379, "DIST_TO_SENSOR": 75.056535323755483, "MIDPOINT_X": 359533.13840976736, "MIDPOINT_Y": 173455.22546276488, "SENSOR_X": 359522.0, "SENSOR_Y": 173381.0 }, "geometry": { "type": "LineString", "coordinates": [ [ 359530.395741877378896, 173449.294334655220155 ], [ 359535.8810776573373, 173461.156590874539688 ] ] } },
{ "type": "Feature", "properties": { "JOURNEY_LINK_ID": 88, "SITE_ID": 500, "SEGMENT_ID": 15, "SEGMENT_LENGTH": 29.999999999992987, "LENGTH_PROPORTION": 0.0013232694399654503, "DIST_TO_SENSOR": 95.819756570281726, "MIDPOINT_X": 359534.10902424733, "MIDPOINT_Y": 173476.05155064998, "SENSOR_X": 359522.0, "SENSOR_Y": 173381.0 }, "geometry": { "type": "LineString", "coordinates": [ [ 359535.8810776573373, 173461.156590874539688 ], [ 359532.336970837321132, 173490.946510425419547 ] ] } },
{ "type": "Feature", "properties": { "JOURNEY_LINK_ID": 88, "SITE_ID": 500, "SEGMENT_ID": 16, "SEGMENT_LENGTH": 29.999999999992987, "LENGTH_PROPORTION": 0.0013232694399654503, "DIST_TO_SENSOR": 125.13492914629701, "MIDPOINT_X": 359530.56491742731, "MIDPOINT_Y": 173505.84147020086, "SENSOR_X": 359522.0, "SENSOR_Y": 173381.0 }, "geometry": { "type": "LineString", "coordinates": [ [ 359532.336970837321132, 173490.946510425419547 ], [ 359528.792864017304964, 173520.736429976299405 ] ] } },
{ "type": "Feature", "properties": { "JOURNEY_LINK_ID": 88, "SITE_ID": 500, "SEGMENT_ID": 17, "SEGMENT_LENGTH": 30.000000000027825, "LENGTH_PROPORTION": 0.0013232694399669871, "DIST_TO_SENSOR": 154.47868382136323, "MIDPOINT_X": 359525.9190369788, "MIDPOINT_Y": 173535.42896394245, "SENSOR_X": 359522.0, "SENSOR_Y": 173381.0 }, "geometry": { "type": "LineString", "coordinates": [ [ 359528.792864017304964, 173520.736429976299405 ], [ 359528.067046384443529, 173526.837275687023066 ], [ 359522.280863371037412, 173549.981066635868046 ] ] } },
{ "type": "Feature", "properties": { "JOURNEY_LINK_ID": 88, "SITE_ID": 500, "SEGMENT_ID": 18, "SEGMENT_LENGTH": 9.4561675254554274, "LENGTH_PROPORTION": 0.00041710191685439358, "DIST_TO_SENSOR": 173.57013061041894, "MIDPOINT_X": 359521.13409073366, "MIDPOINT_Y": 173554.56797066642, "SENSOR_X": 359522.0, "SENSOR_Y": 173381.0 }, "geometry": { "type": "LineString", "coordinates": [ [ 359522.280863371037412, 173549.981066635868046 ], [ 359519.987318096274976, 173559.154874696978368 ] ] } },
{ "type": "Feature", "properties": { "JOURNEY_LINK_ID": 88, "SITE_ID": 500, "SEGMENT_ID": 19, "SEGMENT_LENGTH": 30.000000000003006, "LENGTH_PROPORTION": 0.0013232694399658922, "DIST_TO_SENSOR": 182.02952416372727, "MIDPOINT_X": 359505.31287274056, "MIDPOINT_Y": 173562.26303387922, "SENSOR_X": 359522.0, "SENSOR_Y": 173381.0 }, "geometry": { "type": "LineString", "coordinates": [ [ 359519.987318096274976, 173559.154874696978368 ], [ 359490.638427384837996, 173565.371193061437225 ] ] } },
{ "type": "Feature", "properties": { "JOURNEY_LINK_ID": 88, "SITE_ID": 500, "SEGMENT_ID": 20, "SEGMENT_LENGTH": 4.4442975905735009, "LENGTH_PROPORTION": 0.00019603343945731239, "DIST_TO_SENSOR": 187.84931883312493, "MIDPOINT_X": 359488.46450731356, "MIDPOINT_Y": 173565.83164587361, "SENSOR_X": 359522.0, "SENSOR_Y": 173381.0 }, "geometry": { "type": "LineString", "coordinates": [ [ 359490.638427384837996, 173565.371193061437225 ], [ 359486.290587242343463, 173566.292098685749806 ] ] } },
{ "type": "Feature", "properties": { "JOURNEY_LINK_ID": 88, "SITE_ID": 500, "SEGMENT_ID": 21, "SEGMENT_LENGTH": 29.999999999998288, "LENGTH_PROPORTION": 0.0013232694399656843, "DIST_TO_SENSOR": 186.76403577511377, "MIDPOINT_X": 359472.24922015565, "MIDPOINT_Y": 173561.01573532302, "SENSOR_X": 359522.0, "SENSOR_Y": 173381.0 }, "geometry": { "type": "LineString", "coordinates": [ [ 359486.290587242343463, 173566.292098685749806 ], [ 359458.207853068888653, 173555.739371960255085 ] ] } },
{ "type": "Feature", "properties": { "JOURNEY_LINK_ID": 88, "SITE_ID": 500, "SEGMENT_ID": 22, "SEGMENT_LENGTH": 30.000000000008523, "LENGTH_PROPORTION": 0.0013232694399661358, "DIST_TO_SENSOR": 186.4826189951323, "MIDPOINT_X": 359444.16648598213, "MIDPOINT_Y": 173550.46300859749, "SENSOR_X": 359522.0, "SENSOR_Y": 173381.0 }, "geometry": { "type": "LineString", "coordinates": [ [ 359458.207853068888653, 173555.739371960255085 ], [ 359430.125118895433843, 173545.186645234731259 ] ] } },
{ "type": "Feature", "properties": { "JOURNEY_LINK_ID": 88, "SITE_ID": 500, "SEGMENT_ID": 23, "SEGMENT_LENGTH": 29.999999999998288, "LENGTH_PROPORTION": 0.0013232694399656843, "DIST_TO_SENSOR": 190.97311149882404, "MIDPOINT_X": 359416.08375180874, "MIDPOINT_Y": 173539.91028187197, "SENSOR_X": 359522.0, "SENSOR_Y": 173381.0 }, "geometry": { "type": "LineString", "coordinates": [ [ 359430.125118895433843, 173545.186645234731259 ], [ 359402.042384721979033, 173534.633918509236537 ] ] } },
{ "type": "Feature", "properties": { "JOURNEY_LINK_ID": 88, "SITE_ID": 500, "SEGMENT_ID": 24, "SEGMENT_LENGTH": 7.1046769970304116, "LENGTH_PROPORTION": 0.00031338006503326831, "DIST_TO_SENSOR": 196.00936824327422, "MIDPOINT_X": 359398.71707213041, "MIDPOINT_Y": 173533.38435659552, "SENSOR_X": 359522.0, "SENSOR_Y": 173381.0 }, "geometry": { "type": "LineString", "coordinates": [ [ 359402.042384721979033, 173534.633918509236537 ], [ 359395.391759538790211, 173532.134794681798667 ] ] } },
{ "type": "Feature", "properties": { "JOURNEY_LINK_ID": 88, "SITE_ID": 500, "SEGMENT_ID": 25, "SEGMENT_LENGTH": 30.000000000011561, "LENGTH_PROPORTION": 0.0013232694399662698, "DIST_TO_SENSOR": 208.77387592025804, "MIDPOINT_X": 359380.59469801816, "MIDPOINT_Y": 173534.59385351697, "SENSOR_X": 359522.0, "SENSOR_Y": 173381.0 }, "geometry": { "type": "LineString", "coordinates": [ [ 359395.391759538790211, 173532.134794681798667 ], [ 359365.797636497532949, 173537.052912352170097 ] ] } },
{ "type": "Feature", "properties": { "JOURNEY_LINK_ID": 88, "SITE_ID": 500, "SEGMENT_ID": 26, "SEGMENT_LENGTH": 30.000000000011561, "LENGTH_PROPORTION": 0.0013232694399662698, "DIST_TO_SENSOR": 233.16699673824994, "MIDPOINT_X": 359351.0005749769, "MIDPOINT_Y": 173539.51197118737, "SENSOR_X": 359522.0, "SENSOR_Y": 173381.0 }, "geometry": { "type": "LineString", "coordinates": [ [ 359365.797636497532949, 173537.052912352170097 ], [ 359336.203513456275687, 173541.971030022541527 ] ] } },
{ "type": "Feature", "properties": { "JOURNEY_LINK_ID": 88, "SITE_ID": 500, "SEGMENT_ID": 27, "SEGMENT_LENGTH": 29.999999999978467, "LENGTH_PROPORTION": 0.00132326943996481, "DIST_TO_SENSOR": 258.55812430422975, "MIDPOINT_X": 359321.37381964026, "MIDPOINT_Y": 173544.09947700094, "SENSOR_X": 359522.0, "SENSOR_Y": 173381.0 }, "geometry": { "type": "LineString", "coordinates": [ [ 359336.203513456275687, 173541.971030022541527 ], [ 359323.87991442985367, 173544.019034960889257 ], [ 359306.381541056965943, 173544.580707590968814 ] ] } },
{ "type": "Feature", "properties": { "JOURNEY_LINK_ID": 88, "SITE_ID": 500, "SEGMENT_ID": 28, "SEGMENT_LENGTH": 29.999999999983682, "LENGTH_PROPORTION": 0.0013232694399650401, "DIST_TO_SENSOR": 283.01525015825518, "MIDPOINT_X": 359291.38926247368, "MIDPOINT_Y": 173545.061938181, "SENSOR_X": 359522.0, "SENSOR_Y": 173381.0 }, "geometry": { "type": "LineString", "coordinates": [ [ 359306.381541056965943, 173544.580707590968814 ], [ 359276.396983890386764, 173545.543168771051569 ] ] } },
{ "type": "Feature", "properties": { "JOURNEY_LINK_ID": 88, "SITE_ID": 500, "SEGMENT_ID": 29, "SEGMENT_LENGTH": 5.0193479849497908, "LENGTH_PROPORTION": 0.00022139832656792581, "DIST_TO_SENSOR": 297.7586662653876, "MIDPOINT_X": 359273.88860178052, "MIDPOINT_Y": 173545.62368423078, "SENSOR_X": 359522.0, "SENSOR_Y": 173381.0 }, "geometry": { "type": "LineString", "coordinates": [ [ 359276.396983890386764, 173545.543168771051569 ], [ 359271.38021967059467, 173545.704199690546375 ] ] } },
{ "type": "Feature", "properties": { "JOURNEY_LINK_ID": 158, "SITE_ID": 501, "SEGMENT_ID": 0, "SEGMENT_LENGTH": 30.000000000027093, "LENGTH_PROPORTION": 0.0045026822812711462, "DIST_TO_SENSOR": 285.20438912871566, "MIDPOINT_X": 358834.1226860974, "MIDPOINT_Y": 173298.94479251854, "SENSOR_X": 358640.0, "SENSOR_Y": 173090.0 }, "geometry": { "type": "LineString", "coordinates": [ [ 358846.796916044841055, 173306.96750373361283 ], [ 358821.448456150013953, 173290.922081303462619 ] ] } },
{ "type": "Feature", "properties": { "JOURNEY_LINK_ID": 158, "SITE_ID": 501, "SEGMENT_ID": 1, "SEGMENT_LENGTH": 29.999999999979522, "LENGTH_PROPORTION": 0.004502682281264006, "DIST_TO_SENSOR": 256.31017617487026, "MIDPOINT_X": 358808.77422620263, "MIDPOINT_Y": 173282.89937008839, "SENSOR_X": 358640.0, "SENSOR_Y": 173090.0 }, "geometry": { "type": "LineString", "coordinates": [ [ 358821.448456150013953, 173290.922081303462619 ], [ 358802.782707620761357, 173279.106774915242568 ], [ 358795.632448266551364, 173275.726493256777758 ] ] } },
{ "type": "Feature", "properties": { "JOURNEY_LINK_ID": 158, "SITE_ID": 501, "SEGMENT_ID": 2, "SEGMENT_LENGTH": 30.000000000015071, "LENGTH_PROPORTION": 0.0045026822812693412, "DIST_TO_SENSOR": 228.77581387227181, "MIDPOINT_X": 358782.07148082659, "MIDPOINT_Y": 173269.31555244501, "SENSOR_X": 358640.0, "SENSOR_Y": 173090.0 }, "geometry": { "type": "LineString", "coordinates": [ [ 358795.632448266551364, 173275.726493256777758 ], [ 358768.510513386572711, 173262.904611633275636 ] ] } },
{ "type": "Feature", "properties": { "JOURNEY_LINK_ID": 158, "SITE_ID": 501, "SEGMENT_ID": 3, "SEGMENT_LENGTH": 29.999999999998668, "LENGTH_PROPORTION": 0.0045026822812668796, "DIST_TO_SENSOR": 202.30937915849094, "MIDPOINT_X": 358754.95903082122, "MIDPOINT_Y": 173256.47374005572, "SENSOR_X": 358640.0, "SENSOR_Y": 173090.0 }, "geometry": { "type": "LineString", "coordinates": [ [ 358768.510513386572711, 173262.904611633275636 ], [ 358758.839991867542267, 173258.332877252832986 ], [ 358741.431124906404875, 173249.993326368305134 ] ] } },
{ "type": "Feature", "properties": { "JOURNEY_LINK_ID": 158, "SITE_ID": 501, "SEGMENT_ID": 4, "SEGMENT_LENGTH": 28.588403875122253, "LENGTH_PROPORTION": 0.0042908166526073365, "DIST_TO_SENSOR": 177.27047745068208, "MIDPOINT_X": 358728.72031148191, "MIDPOINT_Y": 173243.47158859589, "SENSOR_X": 358640.0, "SENSOR_Y": 173090.0 }, "geometry": { "type": "LineString", "coordinates": [ [ 358741.431124906404875, 173249.993326368305134 ], [ 358733.728527742379811, 173246.303471012623049 ], [ 358716.277536142501049, 173236.435854740440845 ] ] } },
{ "type": "Feature", "properties": { "JOURNEY_LINK_ID": 158, "SITE_ID": 501, "SEGMENT_ID": 5, "SEGMENT_LENGTH": 30.00000000000497, "LENGTH_PROPORTION": 0.0045026822812678259, "DIST_TO_SENSOR": 150.23188600659077, "MIDPOINT_X": 358707.79239557649, "MIDPOINT_Y": 173224.0664412711, "SENSOR_X": 358640.0, "SENSOR_Y": 173090.0 }, "geometry": { "type": "LineString", "coordinates": [ [ 358716.277536142501049, 173236.435854740440845 ], [ 358699.307255010469817, 173211.697027801797958 ] ] } },
{ "type": "Feature", "properties": { "JOURNEY_LINK_ID": 158, "SITE_ID": 501, "SEGMENT_ID": 6, "SEGMENT_LENGTH": 20.965629901611596, "LENGTH_PROPORTION": 0.00314671900911966, "DIST_TO_SENSOR": 125.02014639756025, "MIDPOINT_X": 358693.37737778481, "MIDPOINT_Y": 173203.05260963854, "SENSOR_X": 358640.0, "SENSOR_Y": 173090.0 }, "geometry": { "type": "LineString", "coordinates": [ [ 358699.307255010469817, 173211.697027801797958 ], [ 358687.447500559152104, 173194.408191475260537 ] ] } },
{ "type": "Feature", "properties": { "JOURNEY_LINK_ID": 158, "SITE_ID": 501, "SEGMENT_ID": 7, "SEGMENT_LENGTH": 29.999999999982087, "LENGTH_PROPORTION": 0.0045026822812643912, "DIST_TO_SENSOR": 99.988138043588151, "MIDPOINT_X": 358683.90726670006, "MIDPOINT_Y": 173179.83195244652, "SENSOR_X": 358640.0, "SENSOR_Y": 173090.0 }, "geometry": { "type": "LineString", "coordinates": [ [ 358687.447500559152104, 173194.408191475260537 ], [ 358683.13404917268781, 173176.648376460128929 ], [ 358680.516482715436723, 173165.220450295775663 ] ] } },
{ "type": "Feature", "properties": { "JOURNEY_LINK_ID": 158, "SITE_ID": 501, "SEGMENT_ID": 8, "SEGMENT_LENGTH": 7.636497637890411, "LENGTH_PROPORTION": 0.0011461574201689021, "DIST_TO_SENSOR": 81.763560090211712, "MIDPOINT_X": 358679.66398953658, "MIDPOINT_Y": 173161.49858524941, "SENSOR_X": 358640.0, "SENSOR_Y": 173090.0 }, "geometry": { "type": "LineString", "coordinates": [ [ 358680.516482715436723, 173165.220450295775663 ], [ 358678.811496357666329, 173157.776720203051809 ] ] } },
{ "type": "Feature", "properties": { "JOURNEY_LINK_ID": 158, "SITE_ID": 501, "SEGMENT_ID": 9, "SEGMENT_LENGTH": 29.999999999991733, "LENGTH_PROPORTION": 0.0045026822812658388, "DIST_TO_SENSOR": 63.30040453742852, "MIDPOINT_X": 358673.33364034281, "MIDPOINT_Y": 173143.81272745455, "SENSOR_X": 358640.0, "SENSOR_Y": 173090.0 }, "geometry": { "type": "LineString", "coordinates": [ [ 358678.811496357666329, 173157.776720203051809 ], [ 358667.855784327897709, 173129.848734706058167 ] ] } },
{ "type": "Feature", "properties": { "JOURNEY_LINK_ID": 158, "SITE_ID": 501, "SEGMENT_ID": 10, "SEGMENT_LENGTH": 29.999999999991733, "LENGTH_PROPORTION": 0.0045026822812658388, "DIST_TO_SENSOR": 34.216831264607201, "MIDPOINT_X": 358662.37792831298, "MIDPOINT_Y": 173115.88474195756, "SENSOR_X": 358640.0, "SENSOR_Y": 173090.0 }, "geometry": { "type": "LineString", "coordinates": [ [ 358667.855784327897709, 173129.848734706058167 ], [ 358656.900072298129089, 173101.920749209064525 ] ] } },
{ "type": "Feature", "properties": { "JOURNEY_LINK_ID": 158, "SITE_ID": 501, "SEGMENT_ID": 11, "SEGMENT_LENGTH": 13.83467550569276, "LENGTH_PROPORTION": 0.0020764382755520819, "DIST_TO_SENSOR": 15.383530977339769, "MIDPOINT_X": 358654.37392695039, "MIDPOINT_Y": 173095.48117226109, "SENSOR_X": 358640.0, "SENSOR_Y": 173090.0 }, "geometry": { "type": "LineString", "coordinates": [ [ 358656.900072298129089, 173101.920749209064525 ], [ 358651.847781602584291, 173089.041595313115977 ] ] } },
{ "type": "Feature", "properties": { "JOURNEY_LINK_ID": 158, "SITE_ID": 501, "SEGMENT_ID": 12, "SEGMENT_LENGTH": 29.999999999988507, "LENGTH_PROPORTION": 0.0045026822812653548, "DIST_TO_SENSOR": 14.311151947722756, "MIDPOINT_X": 358643.99899848696, "MIDPOINT_Y": 173076.25892721902, "SENSOR_X": 358640.0, "SENSOR_Y": 173090.0 }, "geometry": { "type": "LineString", "coordinates": [ [ 358651.847781602584291, 173089.041595313115977 ], [ 358636.150215371337254, 173063.476259124930948 ] ] } },
{ "type": "Feature", "properties": { "JOURNEY_LINK_ID": 158, "SITE_ID": 501, "SEGMENT_ID": 13, "SEGMENT_LENGTH": 30.000000000018964, "LENGTH_PROPORTION": 0.0045026822812699258, "DIST_TO_SENSOR": 41.010367875940858, "MIDPOINT_X": 358628.30143225566, "MIDPOINT_Y": 173050.69359103084, "SENSOR_X": 358640.0, "SENSOR_Y": 173090.0 }, "geometry": { "type": "LineString", "coordinates": [ [ 358636.150215371337254, 173063.476259124930948 ], [ 358620.452649140032008, 173037.910922936745919 ] ] } },
{ "type": "Feature", "properties": { "JOURNEY_LINK_ID": 158, "SITE_ID": 501, "SEGMENT_ID": 14, "SEGMENT_LENGTH": 29.999999999985018, "LENGTH_PROPORTION": 0.0045026822812648309, "DIST_TO_SENSOR": 70.426743519949071, "MIDPOINT_X": 358612.65702396183, "MIDPOINT_Y": 173025.09785932497, "SENSOR_X": 358640.0, "SENSOR_Y": 173090.0 }, "geometry": { "type": "LineString", "coordinates": [ [ 358620.452649140032008, 173037.910922936745919 ], [ 358613.116778706782497, 173025.9635935802944 ], [ 358605.621683632954955, 173011.850067567225778 ] ] } },
{ "type": "Feature", "properties": { "JOURNEY_LINK_ID": 158, "SITE_ID": 501, "SEGMENT_ID": 15, "SEGMENT_LENGTH": 30.000000000007535, "LENGTH_PROPORTION": 0.004502682281268211, "DIST_TO_SENSOR": 100.34024465671844, "MIDPOINT_X": 358598.55437927146, "MIDPOINT_Y": 172998.61933891574, "SENSOR_X": 358640.0, "SENSOR_Y": 173090.0 }, "geometry": { "type": "LineString", "coordinates": [ [ 358605.621683632954955, 173011.850067567225778 ], [ 358602.531370288226753, 173006.03089951799484 ], [ 358591.462036075710785, 172985.401976546709193 ] ] } },
{ "type": "Feature", "properties": { "JOURNEY_LINK_ID": 158, "SITE_ID": 501, "SEGMENT_ID": 16, "SEGMENT_LENGTH": 24.342266884327099, "LENGTH_PROPORTION": 0.0036535164595311344, "DIST_TO_SENSOR": 127.46383937287644, "MIDPOINT_X": 358585.70724571217, "MIDPOINT_Y": 172974.67729113693, "SENSOR_X": 358640.0, "SENSOR_Y": 173090.0 }, "geometry": { "type": "LineString", "coordinates": [ [ 358591.462036075710785, 172985.401976546709193 ], [ 358579.952455348684452, 172963.952605727128685 ] ] } },
{ "type": "Feature", "properties": { "JOURNEY_LINK_ID": 158, "SITE_ID": 501, "SEGMENT_ID": 17, "SEGMENT_LENGTH": 29.999999999997257, "LENGTH_PROPORTION": 0.004502682281266668, "DIST_TO_SENSOR": 154.24941223417557, "MIDPOINT_X": 358576.82019833731, "MIDPOINT_Y": 172949.28328515613, "SENSOR_X": 358640.0, "SENSOR_Y": 173090.0 }, "geometry": { "type": "LineString", "coordinates": [ [ 358579.952455348684452, 172963.952605727128685 ], [ 358573.687941326003056, 172934.613964585121721 ] ] } },
{ "type": "Feature", "properties": { "JOURNEY_LINK_ID": 158, "SITE_ID": 501, "SEGMENT_ID": 18, "SEGMENT_LENGTH": 29.999999999997257, "LENGTH_PROPORTION": 0.004502682281266668, "DIST_TO_SENSOR": 183.68815171503513, "MIDPOINT_X": 358570.55568431469, "MIDPOINT_Y": 172919.94464401412, "SENSOR_X": 358640.0, "SENSOR_Y": 173090.0 }, "geometry": { "type": "LineString", "coordinates": [ [ 358573.687941326003056, 172934.613964585121721 ], [ 358567.42342730332166, 172905.275323443114758 ] ] } },
{ "type": "Feature", "properties": { "JOURNEY_LINK_ID": 158, "SITE_ID": 501, "SEGMENT_ID": 19, "SEGMENT_LENGTH": 29.99999999999303, "LENGTH_PROPORTION": 0.0045026822812660331, "DIST_TO_SENSOR": 213.27943135898815, "MIDPOINT_X": 358564.31566667714, "MIDPOINT_Y": 172890.60090890306, "SENSOR_X": 358640.0, "SENSOR_Y": 173090.0 }, "geometry": { "type": "LineString", "coordinates": [ [ 358567.42342730332166, 172905.275323443114758 ], [ 358564.780428980477154, 172892.89735141658457 ], [ 358561.340236669639125, 172875.898976503871381 ] ] } },
{ "type": "Feature", "properties": { "JOURNEY_LINK_ID": 158, "SITE_ID": 501, "SEGMENT_ID": 20, "SEGMENT_LENGTH": 30.000000000013372, "LENGTH_PROPORTION": 0.0045026822812690871, "DIST_TO_SENSOR": 242.93023158460954, "MIDPOINT_X": 358558.36480666208, "MIDPOINT_Y": 172861.19704410469, "SENSOR_X": 358640.0, "SENSOR_Y": 173090.0 }, "geometry": { "type": "LineString", "coordinates": [ [ 358561.340236669639125, 172875.898976503871381 ], [ 358558.26369944732869, 172860.697462050127797 ], [ 358556.276100342918653, 172846.344137117237551 ] ] } },
{ "type": "Feature", "properties": { "JOURNEY_LINK_ID": 158, "SITE_ID": 501, "SEGMENT_ID": 21, "SEGMENT_LENGTH": 30.00000000001253, "LENGTH_PROPORTION": 0.0045026822812689604, "DIST_TO_SENSOR": 272.41450028765001, "MIDPOINT_X": 358553.88562865771, "MIDPOINT_Y": 172831.55469627929, "SENSOR_X": 358640.0, "SENSOR_Y": 173090.0 }, "geometry": { "type": "LineString", "coordinates": [ [ 358556.276100342918653, 172846.344137117237551 ], [ 358554.571617677866016, 172834.035320173366927 ], [ 358549.887601171736605, 172817.097318362735678 ] ] } },
{ "type": "Feature", "properties": { "JOURNEY_LINK_ID": 158, "SITE_ID": 501, "SEGMENT_ID": 22, "SEGMENT_LENGTH": 12.397742123265308, "LENGTH_PROPORTION": 0.0018607697928715069, "DIST_TO_SENSOR": 293.58695241950142, "MIDPOINT_X": 358548.23538404598, "MIDPOINT_Y": 172811.12269025648, "SENSOR_X": 358640.0, "SENSOR_Y": 173090.0 }, "geometry": { "type": "LineString", "coordinates": [ [ 358549.887601171736605, 172817.097318362735678 ], [ 358548.12741468870081, 172810.732259273412637 ], [ 358546.899836212454829, 172805.07001503938227 ] ] } },
{ "type": "Feature", "properties": { "JOURNEY_LINK_ID": 158, "SITE_ID": 672, "SEGMENT_ID": 0, "SEGMENT_LENGTH": 7.4623146441577806, "LENGTH_PROPORTION": 0.0014909065013742394, "DIST_TO_SENSOR": 296.84541079966652, "MIDPOINT_X": 359023.70817458018, "MIDPOINT_Y": 173494.04092838182, "SENSOR_X": 358728.0, "SENSOR_Y": 173520.0 }, "geometry": { "type": "LineString", "coordinates": [ [ 359026.82544269238133, 173496.091336750600021 ], [ 359020.590906467987224, 173491.990520013030618 ] ] } },
{ "type": "Feature", "properties": { "JOURNEY_LINK_ID": 158, "SITE_ID": 672, "SEGMENT_ID": 1, "SEGMENT_LENGTH": 29.99999999999141, "LENGTH_PROPORTION": 0.0059937428497780021, "DIST_TO_SENSOR": 287.03950745456126, "MIDPOINT_X": 359012.17817494838, "MIDPOINT_Y": 173479.5717459842, "SENSOR_X": 358728.0, "SENSOR_Y": 173520.0 }, "geometry": { "type": "LineString", "coordinates": [ [ 359020.590906467987224, 173491.990520013030618 ], [ 359003.765443428768776, 173467.152971955394605 ] ] } },
{ "type": "Feature", "properties": { "JOURNEY_LINK_ID": 158, "SITE_ID": 672, "SEGMENT_ID": 2, "SEGMENT_LENGTH": 29.999999999999961, "LENGTH_PROPORTION": 0.0059937428497797108, "DIST_TO_SENSOR": 275.20373813855855, "MIDPOINT_X": 358995.3527119091, "MIDPOINT_Y": 173454.73419792659, "SENSOR_X": 358728.0, "SENSOR_Y": 173520.0 }, "geometry": { "type": "LineString", "coordinates": [ [ 359003.765443428768776, 173467.152971955394605 ], [ 358986.939980389492121, 173442.315423897787696 ] ] } },
{ "type": "Feature", "properties": { "JOURNEY_LINK_ID": 158, "SITE_ID": 672, "SEGMENT_ID": 3, "SEGMENT_LENGTH": 30.000000000005535, "LENGTH_PROPORTION": 0.0059937428497808245, "DIST_TO_SENSOR": 266.23770606574476, "MIDPOINT_X": 358978.52724886988, "MIDPOINT_Y": 173429.89664986896, "SENSOR_X": 358728.0, "SENSOR_Y": 173520.0 }, "geometry": { "type": "LineString", "coordinates": [ [ 358986.939980389492121, 173442.315423897787696 ], [ 358974.883588784257881, 173424.517922265978996 ], [ 358969.819720627041534, 173417.686850951256929 ] ] } },
{ "type": "Feature", "properties": { "JOURNEY_LINK_ID": 158, "SITE_ID": 672, "SEGMENT_ID": 4, "SEGMENT_LENGTH": 8.0108387839513107, "LENGTH_PROPORTION": 0.0016004969227348743, "DIST_TO_SENSOR": 261.65933708766113, "MIDPOINT_X": 358967.43442435976, "MIDPOINT_Y": 173414.46912718704, "SENSOR_X": 358728.0, "SENSOR_Y": 173520.0 }, "geometry": { "type": "LineString", "coordinates": [ [ 358969.819720627041534, 173417.686850951256929 ], [ 358965.049128092476167, 173411.251403422793373 ] ] } },
{ "type": "Feature", "properties": { "JOURNEY_LINK_ID": 158, "SITE_ID": 672, "SEGMENT_ID": 5, "SEGMENT_LENGTH": 29.999999999984208, "LENGTH_PROPORTION": 0.005993742849776564, "DIST_TO_SENSOR": 255.49760198991049, "MIDPOINT_X": 358954.09507517621, "MIDPOINT_Y": 173401.00402694353, "SENSOR_X": 358728.0, "SENSOR_Y": 173520.0 }, "geometry": { "type": "LineString", "coordinates": [ [ 358965.049128092476167, 173411.251403422793373 ], [ 358943.141022260009777, 173390.756650464230916 ] ] } },
{ "type": "Feature", "properties": { "JOURNEY_LINK_ID": 158, "SITE_ID": 672, "SEGMENT_ID": 6, "SEGMENT_LENGTH": 30.000000000026716, "LENGTH_PROPORTION": 0.0059937428497850564, "DIST_TO_SENSOR": 247.28522215044384, "MIDPOINT_X": 358932.18696934375, "MIDPOINT_Y": 173380.50927398494, "SENSOR_X": 358728.0, "SENSOR_Y": 173520.0 }, "geometry": { "type": "LineString", "coordinates": [ [ 358943.141022260009777, 173390.756650464230916 ], [ 358921.232916427485179, 173370.261897505668458 ] ] } },
{ "type": "Feature", "properties": { "JOURNEY_LINK_ID": 158, "SITE_ID": 672, "SEGMENT_ID": 7, "SEGMENT_LENGTH": 29.999999999984208, "LENGTH_PROPORTION": 0.005993742849776564, "DIST_TO_SENSOR": 242.53028174926089, "MIDPOINT_X": 358910.27886351128, "MIDPOINT_Y": 173360.0145210264, "SENSOR_X": 358728.0, "SENSOR_Y": 173520.0 }, "geometry": { "type": "LineString", "coordinates": [ [ 358921.232916427485179, 173370.261897505668458 ], [ 358899.324810595018789, 173349.767144547106 ] ] } },
{ "type": "Feature", "properties": { "JOURNEY_LINK_ID": 158, "SITE_ID": 672, "SEGMENT_ID": 8, "SEGMENT_LENGTH": 29.999999999984208, "LENGTH_PROPORTION": 0.005993742849776564, "DIST_TO_SENSOR": 241.43714303469432, "MIDPOINT_X": 358888.37075767876, "MIDPOINT_Y": 173339.51976806781, "SENSOR_X": 358728.0, "SENSOR_Y": 173520.0 }, "geometry": { "type": "LineString", "coordinates": [ [ 358899.324810595018789, 173349.767144547106 ], [ 358877.416704762552399, 173329.272391588543542 ] ] } },
{ "type": "Feature", "properties": { "JOURNEY_LINK_ID": 158, "SITE_ID": 672, "SEGMENT_ID": 9, "SEGMENT_LENGTH": 30.000000000027697, "LENGTH_PROPORTION": 0.0059937428497852524, "DIST_TO_SENSOR": 243.07601002847662, "MIDPOINT_X": 358865.83997735474, "MIDPOINT_Y": 173319.78489743726, "SENSOR_X": 358728.0, "SENSOR_Y": 173520.0 }, "geometry": { "type": "LineString", "coordinates": [ [ 358877.416704762552399, 173329.272391588543542 ], [ 358871.93487996654585, 173324.144214565167204 ], [ 358856.559867339732591, 173313.14739309734432 ], [ 358853.526087144331541, 173311.22702850724454 ] ] } },
{ "type": "Feature", "properties": { "JOURNEY_LINK_ID": 158, "SITE_ID": 672, "SEGMENT_ID": 10, "SEGMENT_LENGTH": 30.000000000011525, "LENGTH_PROPORTION": 0.0059937428497820215, "DIST_TO_SENSOR": 244.40930774732931, "MIDPOINT_X": 358840.85185719689, "MIDPOINT_Y": 173303.2043172922, "SENSOR_X": 358728.0, "SENSOR_Y": 173520.0 }, "geometry": { "type": "LineString", "coordinates": [ [ 358853.526087144331541, 173311.22702850724454 ], [ 358828.17762724950444, 173295.181606077123433 ] ] } },
{ "type": "Feature", "properties": { "JOURNEY_LINK_ID": 158, "SITE_ID": 672, "SEGMENT_ID": 11, "SEGMENT_LENGTH": 29.999999999962345, "LENGTH_PROPORTION": 0.005993742849772196, "DIST_TO_SENSOR": 248.7404767649916, "MIDPOINT_X": 358815.50339730212, "MIDPOINT_Y": 173287.15889486205, "SENSOR_X": 358728.0, "SENSOR_Y": 173520.0 }, "geometry": { "type": "LineString", "coordinates": [ [ 358828.17762724950444, 173295.181606077123433 ], [ 358802.829167354735546, 173279.136183647002326 ] ] } },
{ "type": "Feature", "properties": { "JOURNEY_LINK_ID": 158, "SITE_ID": 672, "SEGMENT_ID": 12, "SEGMENT_LENGTH": 29.999999999996188, "LENGTH_PROPORTION": 0.0059937428497789571, "DIST_TO_SENSOR": 254.75854866954288, "MIDPOINT_X": 358789.27145041502, "MIDPOINT_Y": 173272.71933459275, "SENSOR_X": 358728.0, "SENSOR_Y": 173520.0 }, "geometry": { "type": "LineString", "coordinates": [ [ 358802.829167354735546, 173279.136183647002326 ], [ 358802.782707620761357, 173279.106774915242568 ], [ 358775.710482975060586, 173266.30839378098608 ] ] } },
{ "type": "Feature", "properties": { "JOURNEY_LINK_ID": 158, "SITE_ID": 672, "SEGMENT_ID": 13, "SEGMENT_LENGTH": 30.000000000036444, "LENGTH_PROPORTION": 0.0059937428497870001, "DIST_TO_SENSOR": 262.33475633849389, "MIDPOINT_X": 358762.14951553504, "MIDPOINT_Y": 173259.89745296922, "SENSOR_X": 358728.0, "SENSOR_Y": 173520.0 }, "geometry": { "type": "LineString", "coordinates": [ [ 358775.710482975060586, 173266.30839378098608 ], [ 358758.839991867542267, 173258.332877252832986 ], [ 358748.61354102921905, 173253.433993981190724 ] ] } },
{ "type": "Feature", "properties": { "JOURNEY_LINK_ID": 158, "SITE_ID": 672, "SEGMENT_ID": 14, "SEGMENT_LENGTH": 30.000000000004928, "LENGTH_PROPORTION": 0.0059937428497807031, "DIST_TO_SENSOR": 273.13834139386961, "MIDPOINT_X": 358735.0856351144, "MIDPOINT_Y": 173246.95358029372, "SENSOR_X": 358728.0, "SENSOR_Y": 173520.0 }, "geometry": { "type": "LineString", "coordinates": [ [ 358748.61354102921905, 173253.433993981190724 ], [ 358733.728527742379811, 173246.303471012623049 ], [ 358721.981253559759352, 173239.661006416019518 ] ] } },
{ "type": "Feature", "properties": { "JOURNEY_LINK_ID": 158, "SITE_ID": 672, "SEGMENT_ID": 15, "SEGMENT_LENGTH": 6.5524038113064771, "LENGTH_PROPORTION": 0.0013091141164295859, "DIST_TO_SENSOR": 282.09107595793546, "MIDPOINT_X": 358719.12939485116, "MIDPOINT_Y": 173238.04843057823, "SENSOR_X": 358728.0, "SENSOR_Y": 173520.0 }, "geometry": { "type": "LineString", "coordinates": [ [ 358721.981253559759352, 173239.661006416019518 ], [ 358716.277536142501049, 173236.435854740440845 ] ] } },
{ "type": "Feature", "properties": { "JOURNEY_LINK_ID": 158, "SITE_ID": 672, "SEGMENT_ID": 16, "SEGMENT_LENGTH": 18.605868624105213, "LENGTH_PROPORTION": 0.0037172930676557144, "DIST_TO_SENSOR": 291.7304623736884, "MIDPOINT_X": 358711.01508912153, "MIDPOINT_Y": 173228.76439867486, "SENSOR_X": 358728.0, "SENSOR_Y": 173520.0 }, "geometry": { "type": "LineString", "coordinates": [ [ 358716.277536142501049, 173236.435854740440845 ], [ 358705.752642100618687, 173221.092942609277088 ] ] } },
{ "type": "Feature", "properties": { "JOURNEY_LINK_ID": 165, "SITE_ID": 501, "SEGMENT_ID": 0, "SEGMENT_LENGTH": 5.9127530128412955, "LENGTH_PROPORTION": 0.00088744160748096808, "DIST_TO_SENSOR": 296.84598883346007, "MIDPOINT_X": 358546.50102078216, "MIDPOINT_Y": 172808.26345290017, "SENSOR_X": 358640.0, "SENSOR_Y": 173090.0 }, "geometry": { "type": "LineString", "coordinates": [ [ 358544.874626875680406, 172805.794646526919678 ], [ 358548.12741468870081, 172810.732259273412637 ] ] } },
{ "type": "Feature", "properties": { "JOURNEY_LINK_ID": 165, "SITE_ID": 501, "SEGMENT_ID": 1, "SEGMENT_LENGTH": 29.999999999997652, "LENGTH_PROPORTION": 0.004502682281266727, "DIST_TO_SENSOR": 279.02366305545598, "MIDPOINT_X": 358552.49045491224, "MIDPOINT_Y": 172825.05418655238, "SENSOR_X": 358640.0, "SENSOR_Y": 173090.0 }, "geometry": { "type": "LineString", "coordinates": [ [ 358548.12741468870081, 172810.732259273412637 ], [ 358550.970355937897693, 172818.494290213915519 ], [ 358554.571617677866016, 172834.035320173366927 ], [ 358555.364568760618567, 172839.761567745881621 ] ] } },
{ "type": "Feature", "properties": { "JOURNEY_LINK_ID": 165, "SITE_ID": 501, "SEGMENT_ID": 2, "SEGMENT_LENGTH": 30.00000000000535, "LENGTH_PROPORTION": 0.0045026822812678823, "DIST_TO_SENSOR": 249.44529997851006, "MIDPOINT_X": 358557.42208367615, "MIDPOINT_Y": 172854.61978541734, "SENSOR_X": 358640.0, "SENSOR_Y": 173090.0 }, "geometry": { "type": "LineString", "coordinates": [ [ 358555.364568760618567, 172839.761567745881621 ], [ 358558.26369944732869, 172860.697462050127797 ], [ 358560.022045291145332, 172869.385645494010532 ] ] } },
{ "type": "Feature", "properties": { "JOURNEY_LINK_ID": 165, "SITE_ID": 501, "SEGMENT_ID": 3, "SEGMENT_LENGTH": 30.000000000003002, "LENGTH_PROPORTION": 0.0045026822812675301, "DIST_TO_SENSOR": 219.8392921847088, "MIDPOINT_X": 358562.99747529865, "MIDPOINT_Y": 172884.08757789319, "SENSOR_X": 358640.0, "SENSOR_Y": 173090.0 }, "geometry": { "type": "LineString", "coordinates": [ [ 358560.022045291145332, 172869.385645494010532 ], [ 358564.780428980477154, 172892.89735141658457 ], [ 358566.035757562436629, 172898.776440304878633 ] ] } },
{ "type": "Feature", "properties": { "JOURNEY_LINK_ID": 165, "SITE_ID": 501, "SEGMENT_ID": 4, "SEGMENT_LENGTH": 29.999999999997257, "LENGTH_PROPORTION": 0.004502682281266668, "DIST_TO_SENSOR": 190.23293487753622, "MIDPOINT_X": 358569.16801457375, "MIDPOINT_Y": 172913.44576087588, "SENSOR_X": 358640.0, "SENSOR_Y": 173090.0 }, "geometry": { "type": "LineString", "coordinates": [ [ 358566.035757562436629, 172898.776440304878633 ], [ 358572.300271585118026, 172928.115081446885597 ] ] } },
{ "type": "Feature", "properties": { "JOURNEY_LINK_ID": 165, "SITE_ID": 501, "SEGMENT_ID": 5, "SEGMENT_LENGTH": 29.999999999997257, "LENGTH_PROPORTION": 0.004502682281266668, "DIST_TO_SENSOR": 160.7525758819244, "MIDPOINT_X": 358575.43252859649, "MIDPOINT_Y": 172942.78440201789, "SENSOR_X": 358640.0, "SENSOR_Y": 173090.0 }, "geometry": { "type": "LineString", "coordinates": [ [ 358572.300271585118026, 172928.115081446885597 ], [ 358578.564785607799422, 172957.45372258889256 ] ] } },
{ "type": "Feature", "properties": { "JOURNEY_LINK_ID": 165, "SITE_ID": 501, "SEGMENT_ID": 6, "SEGMENT_LENGTH": 6.6453825589064275, "LENGTH_PROPORTION": 0.00099740154334097527, "DIST_TO_SENSOR": 142.85372569506239, "MIDPOINT_X": 358579.25862047821, "MIDPOINT_Y": 172960.70316415801, "SENSOR_X": 358640.0, "SENSOR_Y": 173090.0 }, "geometry": { "type": "LineString", "coordinates": [ [ 358578.564785607799422, 172957.45372258889256 ], [ 358579.952455348684452, 172963.952605727128685 ] ] } },
{ "type": "Feature", "properties": { "JOURNEY_LINK_ID": 165, "SITE_ID": 501, "SEGMENT_ID": 7, "SEGMENT_LENGTH": 29.999999999986777, "LENGTH_PROPORTION": 0.0045026822812650946, "DIST_TO_SENSOR": 124.63895643270482, "MIDPOINT_X": 358587.04479854438, "MIDPOINT_Y": 172977.16996809613, "SENSOR_X": 358640.0, "SENSOR_Y": 173090.0 }, "geometry": { "type": "LineString", "coordinates": [ [ 358579.952455348684452, 172963.952605727128685 ], [ 358594.137141740124207, 172990.387330465164268 ] ] } },
{ "type": "Feature", "properties": { "JOURNEY_LINK_ID": 165, "SITE_ID": 501, "SEGMENT_ID": 8, "SEGMENT_LENGTH": 30.00000000002678, "LENGTH_PROPORTION": 0.0045026822812710993, "DIST_TO_SENSOR": 94.695839077602571, "MIDPOINT_X": 358601.22948493587, "MIDPOINT_Y": 173003.6046928342, "SENSOR_X": 358640.0, "SENSOR_Y": 173090.0 }, "geometry": { "type": "LineString", "coordinates": [ [ 358594.137141740124207, 172990.387330465164268 ], [ 358602.531370288226753, 173006.03089951799484 ], [ 358608.275288830220234, 173016.846898909716401 ] ] } },
{ "type": "Feature", "properties": { "JOURNEY_LINK_ID": 165, "SITE_ID": 501, "SEGMENT_ID": 9, "SEGMENT_LENGTH": 30.000000000011429, "LENGTH_PROPORTION": 0.0045026822812687948, "DIST_TO_SENSOR": 64.831694480410974, "MIDPOINT_X": 358615.56428736786, "MIDPOINT_Y": 173029.94964981484, "SENSOR_X": 358640.0, "SENSOR_Y": 173090.0 }, "geometry": { "type": "LineString", "coordinates": [ [ 358608.275288830220234, 173016.846898909716401 ], [ 358613.116778706782497, 173025.9635935802944 ], [ 358623.413070483482443, 173042.732317908928962 ] ] } },
{ "type": "Feature", "properties": { "JOURNEY_LINK_ID": 165, "SITE_ID": 501, "SEGMENT_ID": 10, "SEGMENT_LENGTH": 29.999999999988507, "LENGTH_PROPORTION": 0.0045026822812653548, "DIST_TO_SENSOR": 35.574870244250533, "MIDPOINT_X": 358631.26185359911, "MIDPOINT_Y": 173055.51498600302, "SENSOR_X": 358640.0, "SENSOR_Y": 173090.0 }, "geometry": { "type": "LineString", "coordinates": [ [ 358623.413070483482443, 173042.732317908928962 ], [ 358639.11063671472948, 173068.297654097113991 ] ] } },
{ "type": "Feature", "properties": { "JOURNEY_LINK_ID": 165, "SITE_ID": 501, "SEGMENT_ID": 11, "SEGMENT_LENGTH": 24.342266884313627, "LENGTH_PROPORTION": 0.0036535164595291126, "DIST_TO_SENSOR": 12.58567190609619, "MIDPOINT_X": 358645.47920915869, "MIDPOINT_Y": 173078.6696247051, "SENSOR_X": 358640.0, "SENSOR_Y": 173090.0 }, "geometry": { "type": "LineString", "coordinates": [ [ 358639.11063671472948, 173068.297654097113991 ], [ 358651.847781602584291, 173089.041595313115977 ] ] } },
{ "type": "Feature", "properties": { "JOURNEY_LINK_ID": 165, "SITE_ID": 501, "SEGMENT_ID": 12, "SEGMENT_LENGTH": 30.00000000000319, "LENGTH_PROPORTION": 0.0045026822812675588, "DIST_TO_SENSOR": 20.639825818654266, "MIDPOINT_X": 358655.54381471378, "MIDPOINT_Y": 173103.57911020532, "SENSOR_X": 358640.0, "SENSOR_Y": 173090.0 }, "geometry": { "type": "LineString", "coordinates": [ [ 358651.847781602584291, 173089.041595313115977 ], [ 358659.239847824967001, 173118.116625097522046 ] ] } },
{ "type": "Feature", "properties": { "JOURNEY_LINK_ID": 165, "SITE_ID": 501, "SEGMENT_ID": 13, "SEGMENT_LENGTH": 29.999999999988848, "LENGTH_PROPORTION": 0.004502682281265406, "DIST_TO_SENSOR": 48.42964270545496, "MIDPOINT_X": 358662.9358809361, "MIDPOINT_Y": 173132.65413998973, "SENSOR_X": 358640.0, "SENSOR_Y": 173090.0 }, "geometry": { "type": "LineString", "coordinates": [ [ 358659.239847824967001, 173118.116625097522046 ], [ 358666.631914047291502, 173147.191654881928116 ] ] } },
{ "type": "Feature", "properties": { "JOURNEY_LINK_ID": 165, "SITE_ID": 501, "SEGMENT_ID": 14, "SEGMENT_LENGTH": 30.00000000000319, "LENGTH_PROPORTION": 0.0045026822812675588, "DIST_TO_SENSOR": 77.877199329032493, "MIDPOINT_X": 358670.32794715848, "MIDPOINT_Y": 173161.72916977413, "SENSOR_X": 358640.0, "SENSOR_Y": 173090.0 }, "geometry": { "type": "LineString", "coordinates": [ [ 358666.631914047291502, 173147.191654881928116 ], [ 358674.023980269674212, 173176.266684666334186 ] ] } },
{ "type": "Feature", "properties": { "JOURNEY_LINK_ID": 165, "SITE_ID": 501, "SEGMENT_ID": 15, "SEGMENT_LENGTH": 29.999999999988848, "LENGTH_PROPORTION": 0.004502682281265406, "DIST_TO_SENSOR": 107.63032127653467, "MIDPOINT_X": 358677.72001338087, "MIDPOINT_Y": 173190.80419955854, "SENSOR_X": 358640.0, "SENSOR_Y": 173090.0 }, "geometry": { "type": "LineString", "coordinates": [ [ 358674.023980269674212, 173176.266684666334186 ], [ 358681.416046491998713, 173205.341714450740255 ] ] } },
{ "type": "Feature", "properties": { "JOURNEY_LINK_ID": 165, "SITE_ID": 501, "SEGMENT_ID": 16, "SEGMENT_LENGTH": 30.00000000000319, "LENGTH_PROPORTION": 0.0045026822812675588, "DIST_TO_SENSOR": 137.49077765741751, "MIDPOINT_X": 358685.11207960319, "MIDPOINT_Y": 173219.87922934294, "SENSOR_X": 358640.0, "SENSOR_Y": 173090.0 }, "geometry": { "type": "LineString", "coordinates": [ [ 358681.416046491998713, 173205.341714450740255 ], [ 358688.808112714381423, 173234.416744235146325 ] ] } },
{ "type": "Feature", "properties": { "JOURNEY_LINK_ID": 165, "SITE_ID": 501, "SEGMENT_ID": 17, "SEGMENT_LENGTH": 16.051879905077239, "LENGTH_PROPORTION": 0.0024092171743206126, "DIST_TO_SENSOR": 160.44493223726778, "MIDPOINT_X": 358690.78572203522, "MIDPOINT_Y": 173242.19522567408, "SENSOR_X": 358640.0, "SENSOR_Y": 173090.0 }, "geometry": { "type": "LineString", "coordinates": [ [ 358688.808112714381423, 173234.416744235146325 ], [ 358692.76333135610912, 173249.973707113007549 ] ] } },
{ "type": "Feature", "properties": { "JOURNEY_LINK_ID": 165, "SITE_ID": 501, "SEGMENT_ID": 18, "SEGMENT_LENGTH": 29.999999999994611, "LENGTH_PROPORTION": 0.0045026822812662707, "DIST_TO_SENSOR": 182.92081853058679, "MIDPOINT_X": 358701.19088354451, "MIDPOINT_Y": 173262.3824284054, "SENSOR_X": 358640.0, "SENSOR_Y": 173090.0 }, "geometry": { "type": "LineString", "coordinates": [ [ 358692.76333135610912, 173249.973707113007549 ], [ 358709.618435732845683, 173274.791149697790388 ] ] } },
{ "type": "Feature", "properties": { "JOURNEY_LINK_ID": 165, "SITE_ID": 501, "SEGMENT_ID": 19, "SEGMENT_LENGTH": 28.829345886355906, "LENGTH_PROPORTION": 0.0043269794967671568, "DIST_TO_SENSOR": 211.51123669143772, "MIDPOINT_X": 358717.7171296333, "MIDPOINT_Y": 173286.71566030264, "SENSOR_X": 358640.0, "SENSOR_Y": 173090.0 }, "geometry": { "type": "LineString", "coordinates": [ [ 358709.618435732845683, 173274.791149697790388 ], [ 358725.815823533805087, 173298.640170907485299 ] ] } },
{ "type": "Feature", "properties": { "JOURNEY_LINK_ID": 165, "SITE_ID": 501, "SEGMENT_ID": 20, "SEGMENT_LENGTH": 29.999999999991296, "LENGTH_PROPORTION": 0.0045026822812657729, "DIST_TO_SENSOR": 237.3470949546178, "MIDPOINT_X": 358739.05690077902, "MIDPOINT_Y": 173305.68814035883, "SENSOR_X": 358640.0, "SENSOR_Y": 173090.0 }, "geometry": { "type": "LineString", "coordinates": [ [ 358725.815823533805087, 173298.640170907485299 ], [ 358752.297978024173062, 173312.736109810153721 ] ] } },
{ "type": "Feature", "properties": { "JOURNEY_LINK_ID": 165, "SITE_ID": 501, "SEGMENT_ID": 21, "SEGMENT_LENGTH": 30.000000000029001, "LENGTH_PROPORTION": 0.0045026822812714324, "DIST_TO_SENSOR": 261.84113022971212, "MIDPOINT_X": 358765.53905526939, "MIDPOINT_Y": 173319.78407926147, "SENSOR_X": 358640.0, "SENSOR_Y": 173090.0 }, "geometry": { "type": "LineString", "coordinates": [ [ 358752.297978024173062, 173312.736109810153721 ], [ 358778.780132514599245, 173326.832048712793039 ] ] } },
{ "type": "Feature", "properties": { "JOURNEY_LINK_ID": 165, "SITE_ID": 501, "SEGMENT_ID": 22, "SEGMENT_LENGTH": 29.356617462859706, "LENGTH_PROPORTION": 0.0044061173762651373, "DIST_TO_SENSOR": 287.1026831514946, "MIDPOINT_X": 358791.73724049737, "MIDPOINT_Y": 173333.72886681522, "SENSOR_X": 358640.0, "SENSOR_Y": 173090.0 }, "geometry": { "type": "LineString", "coordinates": [ [ 358778.780132514599245, 173326.832048712793039 ], [ 358804.694348480144981, 173340.625684917642502 ] ] } },
{ "type": "Feature", "properties": { "JOURNEY_LINK_ID": 165, "SITE_ID": 500, "SEGMENT_ID": 0, "SEGMENT_LENGTH": 30.000000000007592, "LENGTH_PROPORTION": 0.0013232694399660946, "DIST_TO_SENSOR": 287.68153244520755, "MIDPOINT_X": 359287.26463756524, "MIDPOINT_Y": 173547.3128790342, "SENSOR_X": 359522.0, "SENSOR_Y": 173381.0 }, "geometry": { "type": "LineString", "coordinates": [ [ 359272.265219662571326, 173547.180732974084094 ], [ 359302.264055467909202, 173547.445025094348239 ] ] } },
{ "type": "Feature", "properties": { "JOURNEY_LINK_ID": 165, "SITE_ID": 500, "SEGMENT_ID": 1, "SEGMENT_LENGTH": 6.4164108684958565, "LENGTH_PROPORTION": 0.00028302134721815755, "DIST_TO_SENSOR": 273.1257430410592, "MIDPOINT_X": 359305.47213640297, "MIDPOINT_Y": 173547.47328854154, "SENSOR_X": 359522.0, "SENSOR_Y": 173381.0 }, "geometry": { "type": "LineString", "coordinates": [ [ 359302.264055467909202, 173547.445025094348239 ], [ 359308.680217338027433, 173547.50155198876746 ] ] } },
{ "type": "Feature", "properties": { "JOURNEY_LINK_ID": 165, "SITE_ID": 500, "SEGMENT_ID": 2, "SEGMENT_LENGTH": 29.999999999973511, "LENGTH_PROPORTION": 0.0013232694399645914, "DIST_TO_SENSOR": 257.0168086126385, "MIDPOINT_X": 359323.25833508471, "MIDPOINT_Y": 173543.97052045117, "SENSOR_X": 359522.0, "SENSOR_Y": 173381.0 }, "geometry": { "type": "LineString", "coordinates": [ [ 359308.680217338027433, 173547.50155198876746 ], [ 359318.388671257533133, 173545.199302062799688 ], [ 359337.802450328483246, 173540.300546095008031 ] ] } },
{ "type": "Feature", "properties": { "JOURNEY_LINK_ID": 165, "SITE_ID": 500, "SEGMENT_ID": 3, "SEGMENT_LENGTH": 9.3888097712594476, "LENGTH_PROPORTION": 0.00041413083493198474, "DIST_TO_SENSOR": 239.34216512021553, "MIDPOINT_X": 359342.35418137233, "MIDPOINT_Y": 173539.15198972516, "SENSOR_X": 359522.0, "SENSOR_Y": 173381.0 }, "geometry": { "type": "LineString", "coordinates": [ [ 359337.802450328483246, 173540.300546095008031 ], [ 359346.905912416172214, 173538.003433355304878 ] ] } },
{ "type": "Feature", "properties": { "JOURNEY_LINK_ID": 165, "SITE_ID": 672, "SEGMENT_ID": 0, "SEGMENT_LENGTH": 27.506816596797918, "LENGTH_PROPORTION": 0.0054956261765753203, "DIST_TO_SENSOR": 285.97614837326449, "MIDPOINT_X": 358689.37446119194, "MIDPOINT_Y": 173236.64434858257, "SENSOR_X": 358728.0, "SENSOR_Y": 173520.0 }, "geometry": { "type": "LineString", "coordinates": [ [ 358685.98559102776926, 173223.314990052138455 ], [ 358692.76333135610912, 173249.973707113007549 ] ] } },
{ "type": "Feature", "properties": { "JOURNEY_LINK_ID": 165, "SITE_ID": 672, "SEGMENT_ID": 1, "SEGMENT_LENGTH": 29.999999999994611, "LENGTH_PROPORTION": 0.0059937428497786422, "DIST_TO_SENSOR": 259.00876803580144, "MIDPOINT_X": 358701.19088354451, "MIDPOINT_Y": 173262.3824284054, "SENSOR_X": 358728.0, "SENSOR_Y": 173520.0 }, "geometry": { "type": "LineString", "coordinates": [ [ 358692.76333135610912, 173249.973707113007549 ], [ 358709.618435732845683, 173274.791149697790388 ] ] } },
{ "type": "Feature", "properties": { "JOURNEY_LINK_ID": 165, "SITE_ID": 672, "SEGMENT_ID": 2, "SEGMENT_LENGTH": 28.829345886355906, "LENGTH_PROPORTION": 0.005759856192339069, "DIST_TO_SENSOR": 233.51085750134337, "MIDPOINT_X": 358717.7171296333, "MIDPOINT_Y": 173286.71566030264, "SENSOR_X": 358728.0, "SENSOR_Y": 173520.0 }, "geometry": { "type": "LineString", "coordinates": [ [ 358709.618435732845683, 173274.791149697790388 ], [ 358725.815823533805087, 173298.640170907485299 ] ] } },
{ "type": "Feature", "properties": { "JOURNEY_LINK_ID": 165, "SITE_ID": 672, "SEGMENT_ID": 3, "SEGMENT_LENGTH": 29.999999999991296, "LENGTH_PROPORTION": 0.0059937428497779796, "DIST_TO_SENSOR": 214.59689708309361, "MIDPOINT_X": 358739.05690077902, "MIDPOINT_Y": 173305.68814035883, "SENSOR_X": 358728.0, "SENSOR_Y": 173520.0 }, "geometry": { "type": "LineString", "coordinates": [ [ 358725.815823533805087, 173298.640170907485299 ], [ 358752.297978024173062, 173312.736109810153721 ] ] } },
{ "type": "Feature", "properties": { "JOURNEY_LINK_ID": 165, "SITE_ID": 672, "SEGMENT_ID": 4, "SEGMENT_LENGTH": 30.000000000029001, "LENGTH_PROPORTION": 0.0059937428497855126, "DIST_TO_SENSOR": 203.70467738295554, "MIDPOINT_X": 358765.53905526939, "MIDPOINT_Y": 173319.78407926147, "SENSOR_X": 358728.0, "SENSOR_Y": 173520.0 }, "geometry": { "type": "LineString", "coordinates": [ [ 358752.297978024173062, 173312.736109810153721 ], [ 358778.780132514599245, 173326.832048712793039 ] ] } },
{ "type": "Feature", "properties": { "JOURNEY_LINK_ID": 165, "SITE_ID": 672, "SEGMENT_ID": 5, "SEGMENT_LENGTH": 29.999999999991296, "LENGTH_PROPORTION": 0.0059937428497779796, "DIST_TO_SENSOR": 196.8231768306097, "MIDPOINT_X": 358792.02120975975, "MIDPOINT_Y": 173333.88001816411, "SENSOR_X": 358728.0, "SENSOR_Y": 173520.0 }, "geometry": { "type": "LineString", "coordinates": [ [ 358778.780132514599245, 173326.832048712793039 ], [ 358805.26228700496722, 173340.927987615461461 ] ] } },
{ "type": "Feature", "properties": { "JOURNEY_LINK_ID": 165, "SITE_ID": 672, "SEGMENT_ID": 6, "SEGMENT_LENGTH": 29.999999999991296, "LENGTH_PROPORTION": 0.0059937428497779796, "DIST_TO_SENSOR": 194.37883189195458, "MIDPOINT_X": 358818.50336425018, "MIDPOINT_Y": 173347.97595706681, "SENSOR_X": 358728.0, "SENSOR_Y": 173520.0 }, "geometry": { "type": "LineString", "coordinates": [ [ 358805.26228700496722, 173340.927987615461461 ], [ 358831.744441495335195, 173355.023926518129883 ] ] } },
{ "type": "Feature", "properties": { "JOURNEY_LINK_ID": 165, "SITE_ID": 672, "SEGMENT_ID": 7, "SEGMENT_LENGTH": 29.99999999998392, "LENGTH_PROPORTION": 0.0059937428497765059, "DIST_TO_SENSOR": 196.53726780862593, "MIDPOINT_X": 358844.98551874055, "MIDPOINT_Y": 173362.07189596945, "SENSOR_X": 358728.0, "SENSOR_Y": 173520.0 }, "geometry": { "type": "LineString", "coordinates": [ [ 358831.744441495335195, 173355.023926518129883 ], [ 358847.238435804028995, 173363.271080170699861 ], [ 358858.748868581780698, 173368.010055835184176 ] ] } },
{ "type": "Feature", "properties": { "JOURNEY_LINK_ID": 165, "SITE_ID": 672, "SEGMENT_ID": 8, "SEGMENT_LENGTH": 29.999999999993619, "LENGTH_PROPORTION": 0.0059937428497784436, "DIST_TO_SENSOR": 205.69974360614097, "MIDPOINT_X": 358872.6193006665, "MIDPOINT_Y": 173373.72066996884, "SENSOR_X": 358728.0, "SENSOR_Y": 173520.0 }, "geometry": { "type": "LineString", "coordinates": [ [ 358858.748868581780698, 173368.010055835184176 ], [ 358873.729511417273898, 173374.177756321034394 ], [ 358886.905541594605893, 173378.278369861363899 ] ] } },
{ "type": "Feature", "properties": { "JOURNEY_LINK_ID": 165, "SITE_ID": 672, "SEGMENT_ID": 9, "SEGMENT_LENGTH": 26.324152079497672, "LENGTH_PROPORTION": 0.0052593399434334364, "DIST_TO_SENSOR": 219.98798919170878, "MIDPOINT_X": 358899.47305913095, "MIDPOINT_Y": 173382.18960350944, "SENSOR_X": 358728.0, "SENSOR_Y": 173520.0 }, "geometry": { "type": "LineString", "coordinates": [ [ 358886.905541594605893, 173378.278369861363899 ], [ 358912.040576667292044, 173386.100837157515343 ] ] } },
{ "type": "Feature", "properties": { "JOURNEY_LINK_ID": 165, "SITE_ID": 672, "SEGMENT_ID": 10, "SEGMENT_LENGTH": 30.00000000001511, "LENGTH_PROPORTION": 0.0059937428497827379, "DIST_TO_SENSOR": 234.74195290145596, "MIDPOINT_X": 358925.38671718293, "MIDPOINT_Y": 173392.94777321222, "SENSOR_X": 358728.0, "SENSOR_Y": 173520.0 }, "geometry": { "type": "LineString", "coordinates": [ [ 358912.040576667292044, 173386.100837157515343 ], [ 358938.732857698574662, 173399.794709266891005 ] ] } },
{ "type": "Feature", "properties": { "JOURNEY_LINK_ID": 165, "SITE_ID": 672, "SEGMENT_ID": 11, "SEGMENT_LENGTH": 10.776395753104165, "LENGTH_PROPORTION": 0.0021530314997188207, "DIST_TO_SENSOR": 245.59304271166687, "MIDPOINT_X": 358943.52696743101, "MIDPOINT_Y": 173402.25421902095, "SENSOR_X": 358728.0, "SENSOR_Y": 173520.0 }, "geometry": { "type": "LineString", "coordinates": [ [ 358938.732857698574662, 173399.794709266891005 ], [ 358948.321077163447626, 173404.713728774979245 ] ] } },
{ "type": "Feature", "properties": { "JOURNEY_LINK_ID": 165, "SITE_ID": 672, "SEGMENT_ID": 12, "SEGMENT_LENGTH": 30.000000000002618, "LENGTH_PROPORTION": 0.0059937428497802417, "DIST_TO_SENSOR": 251.113938935975, "MIDPOINT_X": 358956.9958394632, "MIDPOINT_Y": 173416.95090569789, "SENSOR_X": 358728.0, "SENSOR_Y": 173520.0 }, "geometry": { "type": "LineString", "coordinates": [ [ 358948.321077163447626, 173404.713728774979245 ], [ 358965.670601762947626, 173429.18808262082166 ] ] } },
{ "type": "Feature", "properties": { "JOURNEY_LINK_ID": 165, "SITE_ID": 672, "SEGMENT_ID": 13, "SEGMENT_LENGTH": 30.000000000002572, "LENGTH_PROPORTION": 0.005993742849780233, "DIST_TO_SENSOR": 258.43298109615165, "MIDPOINT_X": 358974.2250904243, "MIDPOINT_Y": 173441.50916891897, "SENSOR_X": 358728.0, "SENSOR_Y": 173520.0 }, "geometry": { "type": "LineString", "coordinates": [ [ 358965.670601762947626, 173429.18808262082166 ], [ 358968.702630651183426, 173433.465257332776673 ], [ 358982.714952047739644, 173453.875342523388099 ] ] } },
{ "type": "Feature", "properties": { "JOURNEY_LINK_ID": 165, "SITE_ID": 672, "SEGMENT_ID": 14, "SEGMENT_LENGTH": 29.999999999999929, "LENGTH_PROPORTION": 0.0059937428497797048, "DIST_TO_SENSOR": 268.85795159471036, "MIDPOINT_X": 358991.40005337429, "MIDPOINT_Y": 173466.10185515138, "SENSOR_X": 358728.0, "SENSOR_Y": 173520.0 }, "geometry": { "type": "LineString", "coordinates": [ [ 358982.714952047739644, 173453.875342523388099 ], [ 358987.685962935851421, 173461.116023980721366 ], [ 359000.360965970903635, 173478.131071478157537 ] ] } },
{ "type": "Feature", "properties": { "JOURNEY_LINK_ID": 165, "SITE_ID": 672, "SEGMENT_ID": 15, "SEGMENT_LENGTH": 18.760157342469721, "LENGTH_PROPORTION": 0.0037481186310723462, "DIST_TO_SENSOR": 280.07854428824328, "MIDPOINT_X": 359005.96457031241, "MIDPOINT_Y": 173485.65340451139, "SENSOR_X": 358728.0, "SENSOR_Y": 173520.0 }, "geometry": { "type": "LineString", "coordinates": [ [ 359000.360965970903635, 173478.131071478157537 ], [ 359011.568174653861206, 173493.17573754460318 ] ] } },
{ "type": "Feature", "properties": { "JOURNEY_LINK_ID": 165, "SITE_ID": 672, "SEGMENT_ID": 16, "SEGMENT_LENGTH": 12.432954401128688, "LENGTH_PROPORTION": 0.002483997718113412, "DIST_TO_SENSOR": 287.18207260827052, "MIDPOINT_X": 359014.39210872212, "MIDPOINT_Y": 173498.71378640347, "SENSOR_X": 358728.0, "SENSOR_Y": 173520.0 }, "geometry": { "type": "LineString", "coordinates": [ [ 359011.568174653861206, 173493.17573754460318 ], [ 359017.216042790387291, 173504.251835262344684 ] ] } },
{ "type": "Feature", "properties": { "JOURNEY_LINK_ID": 165, "SITE_ID": 672, "SEGMENT_ID": 17, "SEGMENT_LENGTH": 25.729727761375607, "LENGTH_PROPORTION": 0.0051405790598841256, "DIST_TO_SENSOR": 287.94501518826547, "MIDPOINT_X": 359015.9299264474, "MIDPOINT_Y": 173517.05225038924, "SENSOR_X": 358728.0, "SENSOR_Y": 173520.0 }, "geometry": { "type": "LineString", "coordinates": [ [ 359017.216042790387291, 173504.251835262344684 ], [ 359014.64381010440411, 173529.852665516140405 ] ] } },
{ "type": "Feature", "properties": { "JOURNEY_LINK_ID": 165, "SITE_ID": 672, "SEGMENT_ID": 18, "SEGMENT_LENGTH": 9.573169044114417, "LENGTH_PROPORTION": 0.0019126371169297777, "DIST_TO_SENSOR": 285.00213369677891, "MIDPOINT_X": 359012.64799692255, "MIDPOINT_Y": 173534.20331157505, "SENSOR_X": 358728.0, "SENSOR_Y": 173520.0 }, "geometry": { "type": "LineString", "coordinates": [ [ 359014.64381010440411, 173529.852665516140405 ], [ 359012.595428239263128, 173534.317905334115494 ], [ 359011.241963928157929, 173538.77755471796263 ] ] } },
{ "type": "Feature", "properties": { "JOURNEY_LINK_ID": 165, "SITE_ID": 672, "SEGMENT_ID": 19, "SEGMENT_LENGTH": 16.739796533623966, "LENGTH_PROPORTION": 0.003344467859339199, "DIST_TO_SENSOR": 283.91326580347049, "MIDPOINT_X": 359010.61464213207, "MIDPOINT_Y": 173547.12391107035, "SENSOR_X": 358728.0, "SENSOR_Y": 173520.0 }, "geometry": { "type": "LineString", "coordinates": [ [ 359011.241963928157929, 173538.77755471796263 ], [ 359009.98732033604756, 173555.470267422730103 ] ] } },
{ "type": "Feature", "properties": { "JOURNEY_LINK_ID": 165, "SITE_ID": 672, "SEGMENT_ID": 20, "SEGMENT_LENGTH": 23.028256172592538, "LENGTH_PROPORTION": 0.0046008481925790736, "DIST_TO_SENSOR": 291.89770895799813, "MIDPOINT_X": 359016.40330999868, "MIDPOINT_Y": 173565.03113674704, "SENSOR_X": 358728.0, "SENSOR_Y": 173520.0 }, "geometry": { "type": "LineString", "coordinates": [ [ 359009.98732033604756, 173555.470267422730103 ], [ 359022.819299661321566, 173574.592006071354263 ] ] } },
{ "type": "Feature", "properties": { "JOURNEY_LINK_ID": 166, "SITE_ID": 501, "SEGMENT_ID": 0, "SEGMENT_LENGTH": 5.9127530128412955, "LENGTH_PROPORTION": 0.00088744160748096808, "DIST_TO_SENSOR": 296.84598883346007, "MIDPOINT_X": 358546.50102078216, "MIDPOINT_Y": 172808.26345290017, "SENSOR_X": 358640.0, "SENSOR_Y": 173090.0 }, "geometry": { "type": "LineString", "coordinates": [ [ 358544.874626875680406, 172805.794646526919678 ], [ 358548.12741468870081, 172810.732259273412637 ] ] } },
{ "type": "Feature", "properties": { "JOURNEY_LINK_ID": 166, "SITE_ID": 501, "SEGMENT_ID": 1, "SEGMENT_LENGTH": 29.999999999997652, "LENGTH_PROPORTION": 0.004502682281266727, "DIST_TO_SENSOR": 279.02366305545598, "MIDPOINT_X": 358552.49045491224, "MIDPOINT_Y": 172825.05418655238, "SENSOR_X": 358640.0, "SENSOR_Y": 173090.0 }, "geometry": { "type": "LineString", "coordinates": [ [ 358548.12741468870081, 172810.732259273412637 ], [ 358550.970355937897693, 172818.494290213915519 ], [ 358554.571617677866016, 172834.035320173366927 ], [ 358555.364568760618567, 172839.761567745881621 ] ] } },
{ "type": "Feature", "properties": { "JOURNEY_LINK_ID": 166, "SITE_ID": 501, "SEGMENT_ID": 2, "SEGMENT_LENGTH": 30.00000000000535, "LENGTH_PROPORTION": 0.0045026822812678823, "DIST_TO_SENSOR": 249.44529997851006, "MIDPOINT_X": 358557.42208367615, "MIDPOINT_Y": 172854.61978541734, "SENSOR_X": 358640.0, "SENSOR_Y": 173090.0 }, "geometry": { "type": "LineString", "coordinates": [ [ 358555.364568760618567, 172839.761567745881621 ], [ 358558.26369944732869, 172860.697462050127797 ], [ 358560.022045291145332, 172869.385645494010532 ] ] } },
{ "type": "Feature", "properties": { "JOURNEY_LINK_ID": 166, "SITE_ID": 501, "SEGMENT_ID": 3, "SEGMENT_LENGTH": 30.000000000003002, "LENGTH_PROPORTION": 0.0045026822812675301, "DIST_TO_SENSOR": 219.8392921847088, "MIDPOINT_X": 358562.99747529865, "MIDPOINT_Y": 172884.08757789319, "SENSOR_X": 358640.0, "SENSOR_Y": 173090.0 }, "geometry": { "type": "LineString", "coordinates": [ [ 358560.022045291145332, 172869.385645494010532 ], [ 358564.780428980477154, 172892.89735141658457 ], [ 358566.035757562436629, 172898.776440304878633 ] ] } },
{ "type": "Feature", "properties": { "JOURNEY_LINK_ID": 166, "SITE_ID": 501, "SEGMENT_ID": 4, "SEGMENT_LENGTH": 29.999999999997257, "LENGTH_PROPORTION": 0.004502682281266668, "DIST_TO_SENSOR": 190.23293487753622, "MIDPOINT_X": 358569.16801457375, "MIDPOINT_Y": 172913.44576087588, "SENSOR_X": 358640.0, "SENSOR_Y": 173090.0 }, "geometry": { "type": "LineString", "coordinates": [ [ 358566.035757562436629, 172898.776440304878633 ], [ 358572.300271585118026, 172928.115081446885597 ] ] } },
{ "type": "Feature", "properties": { "JOURNEY_LINK_ID": 166, "SITE_ID": 501, "SEGMENT_ID": 5, "SEGMENT_LENGTH": 29.999999999997257, "LENGTH_PROPORTION": 0.004502682281266668, "DIST_TO_SENSOR": 160.7525758819244, "MIDPOINT_X": 358575.43252859649, "MIDPOINT_Y": 172942.78440201789, "SENSOR_X": 358640.0, "SENSOR_Y": 173090.0 }, "geometry": { "type": "LineString", "coordinates": [ [ 358572.300271585118026, 172928.115081446885597 ], [ 358578.564785607799422, 172957.45372258889256 ] ] } },
{ "type": "Feature", "properties": { "JOURNEY_LINK_ID": 166, "SITE_ID": 501, "SEGMENT_ID": 6, "SEGMENT_LENGTH": 6.6453825589064275, "LENGTH_PROPORTION": 0.00099740154334097527, "DIST_TO_SENSOR": 142.85372569506239, "MIDPOINT_X": 358579.25862047821, "MIDPOINT_Y": 172960.70316415801, "SENSOR_X": 358640.0, "SENSOR_Y": 173090.0 }, "geometry": { "type": "LineString", "coordinates": [ [ 358578.564785607799422, 172957.45372258889256 ], [ 358579.952455348684452, 172963.952605727128685 ] ] } },
{ "type": "Feature", "properties": { "JOURNEY_LINK_ID": 166, "SITE_ID": 501, "SEGMENT_ID": 7, "SEGMENT_LENGTH": 29.999999999986777, "LENGTH_PROPORTION": 0.0045026822812650946, "DIST_TO_SENSOR": 124.63895643270482, "MIDPOINT_X": 358587.04479854438, "MIDPOINT_Y": 172977.16996809613, "SENSOR_X": 358640.0, "SENSOR_Y": 173090.0 }, "geometry": { "type": "LineString", "coordinates": [ [ 358579.952455348684452, 172963.952605727128685 ], [ 358594.137141740124207, 172990.387330465164268 ] ] } },
{ "type": "Feature", "properties": { "JOURNEY_LINK_ID": 166, "SITE_ID": 501, "SEGMENT_ID": 8, "SEGMENT_LENGTH": 30.00000000002678, "LENGTH_PROPORTION": 0.0045026822812710993, "DIST_TO_SENSOR": 94.695839077602571, "MIDPOINT_X": 358601.22948493587, "MIDPOINT_Y": 173003.6046928342, "SENSOR_X": 358640.0, "SENSOR_Y": 173090.0 }, "geometry": { "type": "LineString", "coordinates": [ [ 358594.137141740124207, 172990.387330465164268 ], [ 358602.531370288226753, 173006.03089951799484 ], [ 358608.275288830220234, 173016.846898909716401 ] ] } },
{ "type": "Feature", "properties": { "JOURNEY_LINK_ID": 166, "SITE_ID": 501, "SEGMENT_ID": 9, "SEGMENT_LENGTH": 30.000000000011429, "LENGTH_PROPORTION": 0.0045026822812687948, "DIST_TO_SENSOR": 64.831694480410974, "MIDPOINT_X": 358615.56428736786, "MIDPOINT_Y": 173029.94964981484, "SENSOR_X": 358640.0, "SENSOR_Y": 173090.0 }, "geometry": { "type": "LineString", "coordinates": [ [ 358608.275288830220234, 173016.846898909716401 ], [ 358613.116778706782497, 173025.9635935802944 ], [ 358623.413070483482443, 173042.732317908928962 ] ] } },
{ "type": "Feature", "properties": { "JOURNEY_LINK_ID": 166, "SITE_ID": 501, "SEGMENT_ID": 10, "SEGMENT_LENGTH": 29.999999999988507, "LENGTH_PROPORTION": 0.0045026822812653548, "DIST_TO_SENSOR": 35.574870244250533, "MIDPOINT_X": 358631.26185359911, "MIDPOINT_Y": 173055.51498600302, "SENSOR_X": 358640.0, "SENSOR_Y": 173090.0 }, "geometry": { "type": "LineString", "coordinates": [ [ 358623.413070483482443, 173042.732317908928962 ], [ 358639.11063671472948, 173068.297654097113991 ] ] } },
{ "type": "Feature", "properties": { "JOURNEY_LINK_ID": 166, "SITE_ID": 501, "SEGMENT_ID": 11, "SEGMENT_LENGTH": 24.342266884313627, "LENGTH_PROPORTION": 0.0036535164595291126, "DIST_TO_SENSOR": 12.58567190609619, "MIDPOINT_X": 358645.47920915869, "MIDPOINT_Y": 173078.6696247051, "SENSOR_X": 358640.0, "SENSOR_Y": 173090.0 }, "geometry": { "type": "LineString", "coordinates": [ [ 358639.11063671472948, 173068.297654097113991 ], [ 358651.847781602584291, 173089.041595313115977 ] ] } },
{ "type": "Feature", "properties": { "JOURNEY_LINK_ID": 166, "SITE_ID": 501, "SEGMENT_ID": 12, "SEGMENT_LENGTH": 30.00000000000319, "LENGTH_PROPORTION": 0.0045026822812675588, "DIST_TO_SENSOR": 20.639825818654266, "MIDPOINT_X": 358655.54381471378, "MIDPOINT_Y": 173103.57911020532, "SENSOR_X": 358640.0, "SENSOR_Y": 173090.0 }, "geometry": { "type": "LineString", "coordinates": [ [ 358651.847781602584291, 173089.041595313115977 ], [ 358659.239847824967001, 173118.116625097522046 ] ] } },
{ "type": "Feature", "properties": { "JOURNEY_LINK_ID": 166, "SITE_ID": 501, "SEGMENT_ID": 13, "SEGMENT_LENGTH": 29.999999999988848, "LENGTH_PROPORTION": 0.004502682281265406, "DIST_TO_SENSOR": 48.42964270545496, "MIDPOINT_X": 358662.9358809361, "MIDPOINT_Y": 173132.65413998973, "SENSOR_X": 358640.0, "SENSOR_Y": 173090.0 }, "geometry": { "type": "LineString", "coordinates": [ [ 358659.239847824967001, 173118.116625097522046 ], [ 358666.631914047291502, 173147.191654881928116 ] ] } },
{ "type": "Feature", "properties": { "JOURNEY_LINK_ID": 166, "SITE_ID": 501, "SEGMENT_ID": 14, "SEGMENT_LENGTH": 30.00000000000319, "LENGTH_PROPORTION": 0.0045026822812675588, "DIST_TO_SENSOR": 77.877199329032493, "MIDPOINT_X": 358670.32794715848, "MIDPOINT_Y": 173161.72916977413, "SENSOR_X": 358640.0, "SENSOR_Y": 173090.0 }, "geometry": { "type": "LineString", "coordinates": [ [ 358666.631914047291502, 173147.191654881928116 ], [ 358674.023980269674212, 173176.266684666334186 ] ] } },
{ "type": "Feature", "properties": { "JOURNEY_LINK_ID": 166, "SITE_ID": 501, "SEGMENT_ID": 15, "SEGMENT_LENGTH": 29.999999999988848, "LENGTH_PROPORTION": 0.004502682281265406, "DIST_TO_SENSOR": 107.63032127653467, "MIDPOINT_X": 358677.72001338087, "MIDPOINT_Y": 173190.80419955854, "SENSOR_X": 358640.0, "SENSOR_Y": 173090.0 }, "geometry": { "type": "LineString", "coordinates": [ [ 358674.023980269674212, 173176.266684666334186 ], [ 358681.416046491998713, 173205.341714450740255 ] ] } },
{ "type": "Feature", "properties": { "JOURNEY_LINK_ID": 166, "SITE_ID": 501, "SEGMENT_ID": 16, "SEGMENT_LENGTH": 30.00000000000319, "LENGTH_PROPORTION": 0.0045026822812675588, "DIST_TO_SENSOR": 137.49077765741751, "MIDPOINT_X": 358685.11207960319, "MIDPOINT_Y": 173219.87922934294, "SENSOR_X": 358640.0, "SENSOR_Y": 173090.0 }, "geometry": { "type": "LineString", "coordinates": [ [ 358681.416046491998713, 173205.341714450740255 ], [ 358688.808112714381423, 173234.416744235146325 ] ] } },
{ "type": "Feature", "properties": { "JOURNEY_LINK_ID": 166, "SITE_ID": 501, "SEGMENT_ID": 17, "SEGMENT_LENGTH": 16.051879905077239, "LENGTH_PROPORTION": 0.0024092171743206126, "DIST_TO_SENSOR": 160.44493223726778, "MIDPOINT_X": 358690.78572203522, "MIDPOINT_Y": 173242.19522567408, "SENSOR_X": 358640.0, "SENSOR_Y": 173090.0 }, "geometry": { "type": "LineString", "coordinates": [ [ 358688.808112714381423, 173234.416744235146325 ], [ 358692.76333135610912, 173249.973707113007549 ] ] } },
{ "type": "Feature", "properties": { "JOURNEY_LINK_ID": 166, "SITE_ID": 501, "SEGMENT_ID": 18, "SEGMENT_LENGTH": 29.999999999994611, "LENGTH_PROPORTION": 0.0045026822812662707, "DIST_TO_SENSOR": 182.92081853058679, "MIDPOINT_X": 358701.19088354451, "MIDPOINT_Y": 173262.3824284054, "SENSOR_X": 358640.0, "SENSOR_Y": 173090.0 }, "geometry": { "type": "LineString", "coordinates": [ [ 358692.76333135610912, 173249.973707113007549 ], [ 358709.618435732845683, 173274.791149697790388 ] ] } },
{ "type": "Feature", "properties": { "JOURNEY_LINK_ID": 166, "SITE_ID": 501, "SEGMENT_ID": 19, "SEGMENT_LENGTH": 28.829345886355906, "LENGTH_PROPORTION": 0.0043269794967671568, "DIST_TO_SENSOR": 211.51123669143772, "MIDPOINT_X": 358717.7171296333, "MIDPOINT_Y": 173286.71566030264, "SENSOR_X": 358640.0, "SENSOR_Y": 173090.0 }, "geometry": { "type": "LineString", "coordinates": [ [ 358709.618435732845683, 173274.791149697790388 ], [ 358725.815823533805087, 173298.640170907485299 ] ] } },
{ "type": "Feature", "properties": { "JOURNEY_LINK_ID": 166, "SITE_ID": 501, "SEGMENT_ID": 20, "SEGMENT_LENGTH": 29.999999999991296, "LENGTH_PROPORTION": 0.0045026822812657729, "DIST_TO_SENSOR": 237.3470949546178, "MIDPOINT_X": 358739.05690077902, "MIDPOINT_Y": 173305.68814035883, "SENSOR_X": 358640.0, "SENSOR_Y": 173090.0 }, "geometry": { "type": "LineString", "coordinates": [ [ 358725.815823533805087, 173298.640170907485299 ], [ 358752.297978024173062, 173312.736109810153721 ] ] } },
{ "type": "Feature", "properties": { "JOURNEY_LINK_ID": 166, "SITE_ID": 501, "SEGMENT_ID": 21, "SEGMENT_LENGTH": 30.000000000029001, "LENGTH_PROPORTION": 0.0045026822812714324, "DIST_TO_SENSOR": 261.84113022971212, "MIDPOINT_X": 358765.53905526939, "MIDPOINT_Y": 173319.78407926147, "SENSOR_X": 358640.0, "SENSOR_Y": 173090.0 }, "geometry": { "type": "LineString", "coordinates": [ [ 358752.297978024173062, 173312.736109810153721 ], [ 358778.780132514599245, 173326.832048712793039 ] ] } },
{ "type": "Feature", "properties": { "JOURNEY_LINK_ID": 166, "SITE_ID": 501, "SEGMENT_ID": 22, "SEGMENT_LENGTH": 29.356617462859706, "LENGTH_PROPORTION": 0.0044061173762651373, "DIST_TO_SENSOR": 287.1026831514946, "MIDPOINT_X": 358791.73724049737, "MIDPOINT_Y": 173333.72886681522, "SENSOR_X": 358640.0, "SENSOR_Y": 173090.0 }, "geometry": { "type": "LineString", "coordinates": [ [ 358778.780132514599245, 173326.832048712793039 ], [ 358804.694348480144981, 173340.625684917642502 ] ] } },
{ "type": "Feature", "properties": { "JOURNEY_LINK_ID": 166, "SITE_ID": 672, "SEGMENT_ID": 0, "SEGMENT_LENGTH": 27.506816596797918, "LENGTH_PROPORTION": 0.0054956261765753203, "DIST_TO_SENSOR": 285.97614837326449, "MIDPOINT_X": 358689.37446119194, "MIDPOINT_Y": 173236.64434858257, "SENSOR_X": 358728.0, "SENSOR_Y": 173520.0 }, "geometry": { "type": "LineString", "coordinates": [ [ 358685.98559102776926, 173223.314990052138455 ], [ 358692.76333135610912, 173249.973707113007549 ] ] } },
{ "type": "Feature", "properties": { "JOURNEY_LINK_ID": 166, "SITE_ID": 672, "SEGMENT_ID": 1, "SEGMENT_LENGTH": 29.999999999994611, "LENGTH_PROPORTION": 0.0059937428497786422, "DIST_TO_SENSOR": 259.00876803580144, "MIDPOINT_X": 358701.19088354451, "MIDPOINT_Y": 173262.3824284054, "SENSOR_X": 358728.0, "SENSOR_Y": 173520.0 }, "geometry": { "type": "LineString", "coordinates": [ [ 358692.76333135610912, 173249.973707113007549 ], [ 358709.618435732845683, 173274.791149697790388 ] ] } },
{ "type": "Feature", "properties": { "JOURNEY_LINK_ID": 166, "SITE_ID": 672, "SEGMENT_ID": 2, "SEGMENT_LENGTH": 28.829345886355906, "LENGTH_PROPORTION": 0.005759856192339069, "DIST_TO_SENSOR": 233.51085750134337, "MIDPOINT_X": 358717.7171296333, "MIDPOINT_Y": 173286.71566030264, "SENSOR_X": 358728.0, "SENSOR_Y": 173520.0 }, "geometry": { "type": "LineString", "coordinates": [ [ 358709.618435732845683, 173274.791149697790388 ], [ 358725.815823533805087, 173298.640170907485299 ] ] } },
{ "type": "Feature", "properties": { "JOURNEY_LINK_ID": 166, "SITE_ID": 672, "SEGMENT_ID": 3, "SEGMENT_LENGTH": 29.999999999991296, "LENGTH_PROPORTION": 0.0059937428497779796, "DIST_TO_SENSOR": 214.59689708309361, "MIDPOINT_X": 358739.05690077902, "MIDPOINT_Y": 173305.68814035883, "SENSOR_X": 358728.0, "SENSOR_Y": 173520.0 }, "geometry": { "type": "LineString", "coordinates": [ [ 358725.815823533805087, 173298.640170907485299 ], [ 358752.297978024173062, 173312.736109810153721 ] ] } },
{ "type": "Feature", "properties": { "JOURNEY_LINK_ID": 166, "SITE_ID": 672, "SEGMENT_ID": 4, "SEGMENT_LENGTH": 30.000000000029001, "LENGTH_PROPORTION": 0.0059937428497855126, "DIST_TO_SENSOR": 203.70467738295554, "MIDPOINT_X": 358765.53905526939, "MIDPOINT_Y": 173319.78407926147, "SENSOR_X": 358728.0, "SENSOR_Y": 173520.0 }, "geometry": { "type": "LineString", "coordinates": [ [ 358752.297978024173062, 173312.736109810153721 ], [ 358778.780132514599245, 173326.832048712793039 ] ] } },
{ "type": "Feature", "properties": { "JOURNEY_LINK_ID": 166, "SITE_ID": 672, "SEGMENT_ID": 5, "SEGMENT_LENGTH": 29.999999999991296, "LENGTH_PROPORTION": 0.0059937428497779796, "DIST_TO_SENSOR": 196.8231768306097, "MIDPOINT_X": 358792.02120975975, "MIDPOINT_Y": 173333.88001816411, "SENSOR_X": 358728.0, "SENSOR_Y": 173520.0 }, "geometry": { "type": "LineString", "coordinates": [ [ 358778.780132514599245, 173326.832048712793039 ], [ 358805.26228700496722, 173340.927987615461461 ] ] } },
{ "type": "Feature", "properties": { "JOURNEY_LINK_ID": 166, "SITE_ID": 672, "SEGMENT_ID": 6, "SEGMENT_LENGTH": 29.999999999991296, "LENGTH_PROPORTION": 0.0059937428497779796, "DIST_TO_SENSOR": 194.37883189195458, "MIDPOINT_X": 358818.50336425018, "MIDPOINT_Y": 173347.97595706681, "SENSOR_X": 358728.0, "SENSOR_Y": 173520.0 }, "geometry": { "type": "LineString", "coordinates": [ [ 358805.26228700496722, 173340.927987615461461 ], [ 358831.744441495335195, 173355.023926518129883 ] ] } },
{ "type": "Feature", "properties": { "JOURNEY_LINK_ID": 166, "SITE_ID": 672, "SEGMENT_ID": 7, "SEGMENT_LENGTH": 29.99999999998392, "LENGTH_PROPORTION": 0.0059937428497765059, "DIST_TO_SENSOR": 196.53726780862593, "MIDPOINT_X": 358844.98551874055, "MIDPOINT_Y": 173362.07189596945, "SENSOR_X": 358728.0, "SENSOR_Y": 173520.0 }, "geometry": { "type": "LineString", "coordinates": [ [ 358831.744441495335195, 173355.023926518129883 ], [ 358847.238435804028995, 173363.271080170699861 ], [ 358858.748868581780698, 173368.010055835184176 ] ] } },
{ "type": "Feature", "properties": { "JOURNEY_LINK_ID": 166, "SITE_ID": 672, "SEGMENT_ID": 8, "SEGMENT_LENGTH": 29.999999999993619, "LENGTH_PROPORTION": 0.0059937428497784436, "DIST_TO_SENSOR": 205.69974360614097, "MIDPOINT_X": 358872.6193006665, "MIDPOINT_Y": 173373.72066996884, "SENSOR_X": 358728.0, "SENSOR_Y": 173520.0 }, "geometry": { "type": "LineString", "coordinates": [ [ 358858.748868581780698, 173368.010055835184176 ], [ 358873.729511417273898, 173374.177756321034394 ], [ 358886.905541594605893, 173378.278369861363899 ] ] } },
{ "type": "Feature", "properties": { "JOURNEY_LINK_ID": 166, "SITE_ID": 672, "SEGMENT_ID": 9, "SEGMENT_LENGTH": 26.324152079497672, "LENGTH_PROPORTION": 0.0052593399434334364, "DIST_TO_SENSOR": 219.98798919170878, "MIDPOINT_X": 358899.47305913095, "MIDPOINT_Y": 173382.18960350944, "SENSOR_X": 358728.0, "SENSOR_Y": 173520.0 }, "geometry": { "type": "LineString", "coordinates": [ [ 358886.905541594605893, 173378.278369861363899 ], [ 358912.040576667292044, 173386.100837157515343 ] ] } },
{ "type": "Feature", "properties": { "JOURNEY_LINK_ID": 166, "SITE_ID": 672, "SEGMENT_ID": 10, "SEGMENT_LENGTH": 30.00000000001511, "LENGTH_PROPORTION": 0.0059937428497827379, "DIST_TO_SENSOR": 234.74195290145596, "MIDPOINT_X": 358925.38671718293, "MIDPOINT_Y": 173392.94777321222, "SENSOR_X": 358728.0, "SENSOR_Y": 173520.0 }, "geometry": { "type": "LineString", "coordinates": [ [ 358912.040576667292044, 173386.100837157515343 ], [ 358938.732857698574662, 173399.794709266891005 ] ] } },
{ "type": "Feature", "properties": { "JOURNEY_LINK_ID": 166, "SITE_ID": 672, "SEGMENT_ID": 11, "SEGMENT_LENGTH": 10.776395753104165, "LENGTH_PROPORTION": 0.0021530314997188207, "DIST_TO_SENSOR": 245.59304271166687, "MIDPOINT_X": 358943.52696743101, "MIDPOINT_Y": 173402.25421902095, "SENSOR_X": 358728.0, "SENSOR_Y": 173520.0 }, "geometry": { "type": "LineString", "coordinates": [ [ 358938.732857698574662, 173399.794709266891005 ], [ 358948.321077163447626, 173404.713728774979245 ] ] } },
{ "type": "Feature", "properties": { "JOURNEY_LINK_ID": 166, "SITE_ID": 672, "SEGMENT_ID": 12, "SEGMENT_LENGTH": 30.000000000002618, "LENGTH_PROPORTION": 0.0059937428497802417, "DIST_TO_SENSOR": 251.113938935975, "MIDPOINT_X": 358956.9958394632, "MIDPOINT_Y": 173416.95090569789, "SENSOR_X": 358728.0, "SENSOR_Y": 173520.0 }, "geometry": { "type": "LineString", "coordinates": [ [ 358948.321077163447626, 173404.713728774979245 ], [ 358965.670601762947626, 173429.18808262082166 ] ] } },
{ "type": "Feature", "properties": { "JOURNEY_LINK_ID": 166, "SITE_ID": 672, "SEGMENT_ID": 13, "SEGMENT_LENGTH": 30.000000000002572, "LENGTH_PROPORTION": 0.005993742849780233, "DIST_TO_SENSOR": 258.43298109615165, "MIDPOINT_X": 358974.2250904243, "MIDPOINT_Y": 173441.50916891897, "SENSOR_X": 358728.0, "SENSOR_Y": 173520.0 }, "geometry": { "type": "LineString", "coordinates": [ [ 358965.670601762947626, 173429.18808262082166 ], [ 358968.702630651183426, 173433.465257332776673 ], [ 358982.714952047739644, 173453.875342523388099 ] ] } },
{ "type": "Feature", "properties": { "JOURNEY_LINK_ID": 166, "SITE_ID": 672, "SEGMENT_ID": 14, "SEGMENT_LENGTH": 29.999999999999929, "LENGTH_PROPORTION": 0.0059937428497797048, "DIST_TO_SENSOR": 268.85795159471036, "MIDPOINT_X": 358991.40005337429, "MIDPOINT_Y": 173466.10185515138, "SENSOR_X": 358728.0, "SENSOR_Y": 173520.0 }, "geometry": { "type": "LineString", "coordinates": [ [ 358982.714952047739644, 173453.875342523388099 ], [ 358987.685962935851421, 173461.116023980721366 ], [ 359000.360965970903635, 173478.131071478157537 ] ] } },
{ "type": "Feature", "properties": { "JOURNEY_LINK_ID": 166, "SITE_ID": 672, "SEGMENT_ID": 15, "SEGMENT_LENGTH": 18.760157342469721, "LENGTH_PROPORTION": 0.0037481186310723462, "DIST_TO_SENSOR": 280.07854428824328, "MIDPOINT_X": 359005.96457031241, "MIDPOINT_Y": 173485.65340451139, "SENSOR_X": 358728.0, "SENSOR_Y": 173520.0 }, "geometry": { "type": "LineString", "coordinates": [ [ 359000.360965970903635, 173478.131071478157537 ], [ 359011.568174653861206, 173493.17573754460318 ] ] } },
{ "type": "Feature", "properties": { "JOURNEY_LINK_ID": 166, "SITE_ID": 672, "SEGMENT_ID": 16, "SEGMENT_LENGTH": 12.432954401128688, "LENGTH_PROPORTION": 0.002483997718113412, "DIST_TO_SENSOR": 287.18207260827052, "MIDPOINT_X": 359014.39210872212, "MIDPOINT_Y": 173498.71378640347, "SENSOR_X": 358728.0, "SENSOR_Y": 173520.0 }, "geometry": { "type": "LineString", "coordinates": [ [ 359011.568174653861206, 173493.17573754460318 ], [ 359017.216042790387291, 173504.251835262344684 ] ] } },
{ "type": "Feature", "properties": { "JOURNEY_LINK_ID": 166, "SITE_ID": 672, "SEGMENT_ID": 17, "SEGMENT_LENGTH": 25.729727761375607, "LENGTH_PROPORTION": 0.0051405790598841256, "DIST_TO_SENSOR": 287.94501518826547, "MIDPOINT_X": 359015.9299264474, "MIDPOINT_Y": 173517.05225038924, "SENSOR_X": 358728.0, "SENSOR_Y": 173520.0 }, "geometry": { "type": "LineString", "coordinates": [ [ 359017.216042790387291, 173504.251835262344684 ], [ 359014.64381010440411, 173529.852665516140405 ] ] } },
{ "type": "Feature", "properties": { "JOURNEY_LINK_ID": 166, "SITE_ID": 672, "SEGMENT_ID": 18, "SEGMENT_LENGTH": 9.573169044114417, "LENGTH_PROPORTION": 0.0019126371169297777, "DIST_TO_SENSOR": 285.00213369677891, "MIDPOINT_X": 359012.64799692255, "MIDPOINT_Y": 173534.20331157505, "SENSOR_X": 358728.0, "SENSOR_Y": 173520.0 }, "geometry": { "type": "LineString", "coordinates": [ [ 359014.64381010440411, 173529.852665516140405 ], [ 359012.595428239263128, 173534.317905334115494 ], [ 359011.241963928157929, 173538.77755471796263 ] ] } },
{ "type": "Feature", "properties": { "JOURNEY_LINK_ID": 166, "SITE_ID": 672, "SEGMENT_ID": 19, "SEGMENT_LENGTH": 16.739796533623966, "LENGTH_PROPORTION": 0.003344467859339199, "DIST_TO_SENSOR": 283.91326580347049, "MIDPOINT_X": 359010.61464213207, "MIDPOINT_Y": 173547.12391107035, "SENSOR_X": 358728.0, "SENSOR_Y": 173520.0 }, "geometry": { "type": "LineString", "coordinates": [ [ 359011.241963928157929, 173538.77755471796263 ], [ 359009.98732033604756, 173555.470267422730103 ] ] } },
{ "type": "Feature", "properties": { "JOURNEY_LINK_ID": 166, "SITE_ID": 672, "SEGMENT_ID": 20, "SEGMENT_LENGTH": 23.028256172592538, "LENGTH_PROPORTION": 0.0046008481925790736, "DIST_TO_SENSOR": 291.89770895799813, "MIDPOINT_X": 359016.40330999868, "MIDPOINT_Y": 173565.03113674704, "SENSOR_X": 358728.0, "SENSOR_Y": 173520.0 }, "geometry": { "type": "LineString", "coordinates": [ [ 359009.98732033604756, 173555.470267422730103 ], [ 359022.819299661321566, 173574.592006071354263 ] ] } },
{ "type": "Feature", "properties": { "JOURNEY_LINK_ID": 191, "SITE_ID": 463, "SEGMENT_ID": 0, "SEGMENT_LENGTH": 30.00000000001684, "LENGTH_PROPORTION": 0.0083345001598377141, "DIST_TO_SENSOR": 284.82242294111802, "MIDPOINT_X": 363174.87282081693, "MIDPOINT_Y": 175728.51401253545, "SENSOR_X": 362926.0, "SENSOR_Y": 175590.0 }, "geometry": { "type": "LineString", "coordinates": [ [ 363188.249195228330791, 175735.301693111774512 ], [ 363161.496446405537426, 175721.726331959100207 ] ] } },
{ "type": "Feature", "properties": { "JOURNEY_LINK_ID": 191, "SITE_ID": 463, "SEGMENT_ID": 1, "SEGMENT_LENGTH": 29.999999999978719, "LENGTH_PROPORTION": 0.0083345001598271237, "DIST_TO_SENSOR": 254.84699918190569, "MIDPOINT_X": 363148.12007199414, "MIDPOINT_Y": 175714.93865138275, "SENSOR_X": 362926.0, "SENSOR_Y": 175590.0 }, "geometry": { "type": "LineString", "coordinates": [ [ 363161.496446405537426, 175721.726331959100207 ], [ 363147.835076895251404, 175714.79403404192999 ], [ 363134.641644796472974, 175708.356033505377127 ] ] } },
{ "type": "Feature", "properties": { "JOURNEY_LINK_ID": 191, "SITE_ID": 463, "SEGMENT_ID": 2, "SEGMENT_LENGTH": 30.000000000001975, "LENGTH_PROPORTION": 0.0083345001598335838, "DIST_TO_SENSOR": 224.89291108755521, "MIDPOINT_X": 363121.27003967762, "MIDPOINT_Y": 175701.56358304454, "SENSOR_X": 362926.0, "SENSOR_Y": 175590.0 }, "geometry": { "type": "LineString", "coordinates": [ [ 363134.641644796472974, 175708.356033505377127 ], [ 363127.623023712658323, 175704.931156190286856 ], [ 363108.016870548948646, 175694.538377848424716 ] ] } },
{ "type": "Feature", "properties": { "JOURNEY_LINK_ID": 191, "SITE_ID": 463, "SEGMENT_ID": 3, "SEGMENT_LENGTH": 29.999999999993669, "LENGTH_PROPORTION": 0.0083345001598312766, "DIST_TO_SENSOR": 194.91025052005816, "MIDPOINT_X": 363094.76370142028, "MIDPOINT_Y": 175687.51317265231, "SENSOR_X": 362926.0, "SENSOR_Y": 175590.0 }, "geometry": { "type": "LineString", "coordinates": [ [ 363108.016870548948646, 175694.538377848424716 ], [ 363081.510532291664276, 175680.487967456196202 ] ] } },
{ "type": "Feature", "properties": { "JOURNEY_LINK_ID": 191, "SITE_ID": 463, "SEGMENT_ID": 4, "SEGMENT_LENGTH": 29.999999999983931, "LENGTH_PROPORTION": 0.0083345001598285704, "DIST_TO_SENSOR": 164.93389602557593, "MIDPOINT_X": 363068.25736316299, "MIDPOINT_Y": 175673.46276226011, "SENSOR_X": 362926.0, "SENSOR_Y": 175590.0 }, "geometry": { "type": "LineString", "coordinates": [ [ 363081.510532291664276, 175680.487967456196202 ], [ 363061.38993201800622, 175669.822492337087169 ], [ 363055.147009970911313, 175666.180877212929772 ] ] } },
{ "type": "Feature", "properties": { "JOURNEY_LINK_ID": 191, "SITE_ID": 463, "SEGMENT_ID": 5, "SEGMENT_LENGTH": 30.000000000042018, "LENGTH_PROPORTION": 0.0083345001598447085, "DIST_TO_SENSOR": 134.94184559580154, "MIDPOINT_X": 363042.1955991232, "MIDPOINT_Y": 175658.61402507653, "SENSOR_X": 362926.0, "SENSOR_Y": 175590.0 }, "geometry": { "type": "LineString", "coordinates": [ [ 363055.147009970911313, 175666.180877212929772 ], [ 363042.558208625996485, 175658.837590042792726 ], [ 363029.427340357680805, 175650.74182283715345 ] ] } },
{ "type": "Feature", "properties": { "JOURNEY_LINK_ID": 191, "SITE_ID": 463, "SEGMENT_ID": 6, "SEGMENT_LENGTH": 29.999999999969944, "LENGTH_PROPORTION": 0.0083345001598246846, "DIST_TO_SENSOR": 104.96791079331658, "MIDPOINT_X": 363016.88831812516, "MIDPOINT_Y": 175642.5126263359, "SENSOR_X": 362926.0, "SENSOR_Y": 175590.0 }, "geometry": { "type": "LineString", "coordinates": [ [ 363029.427340357680805, 175650.74182283715345 ], [ 363026.51248114759801, 175648.94468184694415 ], [ 363004.417109261616133, 175634.17782283006818 ] ] } },
{ "type": "Feature", "properties": { "JOURNEY_LINK_ID": 191, "SITE_ID": 463, "SEGMENT_ID": 7, "SEGMENT_LENGTH": 30.000000000022862, "LENGTH_PROPORTION": 0.0083345001598393864, "DIST_TO_SENSOR": 75.05720360886562, "MIDPOINT_X": 362991.94590039802, "MIDPOINT_Y": 175625.84301932424, "SENSOR_X": 362926.0, "SENSOR_Y": 175590.0 }, "geometry": { "type": "LineString", "coordinates": [ [ 363004.417109261616133, 175634.17782283006818 ], [ 362979.474691534414887, 175617.508215818408644 ] ] } },
{ "type": "Feature", "properties": { "JOURNEY_LINK_ID": 191, "SITE_ID": 463, "SEGMENT_ID": 8, "SEGMENT_LENGTH": 29.999999999990639, "LENGTH_PROPORTION": 0.0083345001598304352, "DIST_TO_SENSOR": 45.26483547798103, "MIDPOINT_X": 362967.00348267087, "MIDPOINT_Y": 175609.17341231258, "SENSOR_X": 362926.0, "SENSOR_Y": 175590.0 }, "geometry": { "type": "LineString", "coordinates": [ [ 362979.474691534414887, 175617.508215818408644 ], [ 362954.532273807271849, 175600.838608806720003 ] ] } },
{ "type": "Feature", "properties": { "JOURNEY_LINK_ID": 191, "SITE_ID": 463, "SEGMENT_ID": 9, "SEGMENT_LENGTH": 29.999999999990639, "LENGTH_PROPORTION": 0.0083345001598304352, "DIST_TO_SENSOR": 16.255056078323602, "MIDPOINT_X": 362942.06106494367, "MIDPOINT_Y": 175592.50380530086, "SENSOR_X": 362926.0, "SENSOR_Y": 175590.0 }, "geometry": { "type": "LineString", "coordinates": [ [ 362954.532273807271849, 175600.838608806720003 ], [ 362929.589856080128811, 175584.169001795031363 ] ] } },
{ "type": "Feature", "properties": { "JOURNEY_LINK_ID": 191, "SITE_ID": 463, "SEGMENT_ID": 10, "SEGMENT_LENGTH": 30.000000000039034, "LENGTH_PROPORTION": 0.0083345001598438793, "DIST_TO_SENSOR": 16.71969991878268, "MIDPOINT_X": 362917.11864721653, "MIDPOINT_Y": 175575.8341982892, "SENSOR_X": 362926.0, "SENSOR_Y": 175590.0 }, "geometry": { "type": "LineString", "coordinates": [ [ 362929.589856080128811, 175584.169001795031363 ], [ 362904.647438352927566, 175567.499394783342723 ] ] } },
{ "type": "Feature", "properties": { "JOURNEY_LINK_ID": 191, "SITE_ID": 463, "SEGMENT_ID": 11, "SEGMENT_LENGTH": 29.999999999974467, "LENGTH_PROPORTION": 0.0083345001598259423, "DIST_TO_SENSOR": 45.769748553357481, "MIDPOINT_X": 362892.17622948939, "MIDPOINT_Y": 175559.16459127751, "SENSOR_X": 362926.0, "SENSOR_Y": 175590.0 }, "geometry": { "type": "LineString", "coordinates": [ [ 362904.647438352927566, 175567.499394783342723 ], [ 362879.705020625784528, 175550.829787771683186 ] ] } },
{ "type": "Feature", "properties": { "JOURNEY_LINK_ID": 191, "SITE_ID": 463, "SEGMENT_ID": 12, "SEGMENT_LENGTH": 30.000000000003357, "LENGTH_PROPORTION": 0.0083345001598339671, "DIST_TO_SENSOR": 75.552822227804342, "MIDPOINT_X": 362867.1600396827, "MIDPOINT_Y": 175542.60708896423, "SENSOR_X": 362926.0, "SENSOR_Y": 175590.0 }, "geometry": { "type": "LineString", "coordinates": [ [ 362879.705020625784528, 175550.829787771683186 ], [ 362875.063207052997313, 175547.727554101846181 ], [ 362854.571321487019304, 175534.450853669113712 ] ] } },
{ "type": "Feature", "properties": { "JOURNEY_LINK_ID": 191, "SITE_ID": 463, "SEGMENT_ID": 13, "SEGMENT_LENGTH": 29.999999999966096, "LENGTH_PROPORTION": 0.008334500159823616, "DIST_TO_SENSOR": 105.43860108050899, "MIDPOINT_X": 362841.98260329134, "MIDPOINT_Y": 175526.294618374, "SENSOR_X": 362926.0, "SENSOR_Y": 175590.0 }, "geometry": { "type": "LineString", "coordinates": [ [ 362854.571321487019304, 175534.450853669113712 ], [ 362829.393885095661972, 175518.138383078883635 ] ] } },
{ "type": "Feature", "properties": { "JOURNEY_LINK_ID": 191, "SITE_ID": 463, "SEGMENT_ID": 14, "SEGMENT_LENGTH": 30.000000000012708, "LENGTH_PROPORTION": 0.0083345001598365658, "DIST_TO_SENSOR": 135.37491735561338, "MIDPOINT_X": 362816.80516689998, "MIDPOINT_Y": 175509.98214778377, "SENSOR_X": 362926.0, "SENSOR_Y": 175590.0 }, "geometry": { "type": "LineString", "coordinates": [ [ 362829.393885095661972, 175518.138383078883635 ], [ 362812.257639211369678, 175507.035802869009785 ], [ 362804.1518344169599, 175501.927023055584868 ] ] } },
{ "type": "Feature", "properties": { "JOURNEY_LINK_ID": 191, "SITE_ID": 463, "SEGMENT_ID": 15, "SEGMENT_LENGTH": 30.00000000000119, "LENGTH_PROPORTION": 0.0083345001598333652, "DIST_TO_SENSOR": 165.32650201551124, "MIDPOINT_X": 362791.5569605371, "MIDPOINT_Y": 175493.78190706181, "SENSOR_X": 362926.0, "SENSOR_Y": 175590.0 }, "geometry": { "type": "LineString", "coordinates": [ [ 362804.1518344169599, 175501.927023055584868 ], [ 362798.302619148045778, 175498.240485611371696 ], [ 362779.043317824078258, 175485.510949073097436 ] ] } },
{ "type": "Feature", "properties": { "JOURNEY_LINK_ID": 191, "SITE_ID": 463, "SEGMENT_ID": 16, "SEGMENT_LENGTH": 30.000000000030543, "LENGTH_PROPORTION": 0.0083345001598415201, "DIST_TO_SENSOR": 195.24592936003393, "MIDPOINT_X": 362766.04460225604, "MIDPOINT_Y": 175478.03909760888, "SENSOR_X": 362926.0, "SENSOR_Y": 175590.0 }, "geometry": { "type": "LineString", "coordinates": [ [ 362779.043317824078258, 175485.510949073097436 ], [ 362776.667152570968028, 175483.940410147421062 ], [ 362752.932188456063159, 175470.754552026715828 ] ] } },
{ "type": "Feature", "properties": { "JOURNEY_LINK_ID": 191, "SITE_ID": 463, "SEGMENT_ID": 17, "SEGMENT_LENGTH": 29.999999999979298, "LENGTH_PROPORTION": 0.0083345001598272832, "DIST_TO_SENSOR": 225.11073258401564, "MIDPOINT_X": 362739.85120434512, "MIDPOINT_Y": 175463.41616295613, "SENSOR_X": 362926.0, "SENSOR_Y": 175590.0 }, "geometry": { "type": "LineString", "coordinates": [ [ 362752.932188456063159, 175470.754552026715828 ], [ 362741.100761720794253, 175464.181653346866369 ], [ 362728.542644129018299, 175456.488434508501086 ], [ 362727.114462188677862, 175455.497766180837061 ] ] } },
{ "type": "Feature", "properties": { "JOURNEY_LINK_ID": 191, "SITE_ID": 463, "SEGMENT_ID": 18, "SEGMENT_LENGTH": 30.00000000000275, "LENGTH_PROPORTION": 0.0083345001598337989, "DIST_TO_SENSOR": 255.09546817948706, "MIDPOINT_X": 362714.78936714632, "MIDPOINT_Y": 175446.94837835501, "SENSOR_X": 362926.0, "SENSOR_Y": 175590.0 }, "geometry": { "type": "LineString", "coordinates": [ [ 362727.114462188677862, 175455.497766180837061 ], [ 362711.090072049933951, 175444.382336604234297 ], [ 362702.196451992786024, 175438.804848169325851 ] ] } },
{ "type": "Feature", "properties": { "JOURNEY_LINK_ID": 191, "SITE_ID": 463, "SEGMENT_ID": 19, "SEGMENT_LENGTH": 29.902019550676471, "LENGTH_PROPORTION": 0.0083072795574814524, "DIST_TO_SENSOR": 285.03169546372112, "MIDPOINT_X": 362689.53018221306, "MIDPOINT_Y": 175430.86140413233, "SENSOR_X": 362926.0, "SENSOR_Y": 175590.0 }, "geometry": { "type": "LineString", "coordinates": [ [ 362702.196451992786024, 175438.804848169325851 ], [ 362676.863912433269434, 175422.917960095364833 ] ] } },
{ "type": "Feature", "properties": { "JOURNEY_LINK_ID": 217, "SITE_ID": 215, "SEGMENT_ID": 0, "SEGMENT_LENGTH": 30.000000000009017, "LENGTH_PROPORTION": 0.0058569778684839065, "DIST_TO_SENSOR": 289.19618650012603, "MIDPOINT_X": 357765.34244955424, "MIDPOINT_Y": 170666.23202518976, "SENSOR_X": 358042.0, "SENSOR_Y": 170582.0 }, "geometry": { "type": "LineString", "coordinates": [ [ 357752.332868062308989, 170658.765380066004582 ], [ 357778.352031046233606, 170673.69867031351896 ] ] } },
{ "type": "Feature", "properties": { "JOURNEY_LINK_ID": 217, "SITE_ID": 215, "SEGMENT_ID": 1, "SEGMENT_LENGTH": 24.443709378866789, "LENGTH_PROPORTION": 0.0047722088285210747, "DIST_TO_SENSOR": 271.28331197726629, "MIDPOINT_X": 357788.9521120172, "MIDPOINT_Y": 170679.78242042821, "SENSOR_X": 358042.0, "SENSOR_Y": 170582.0 }, "geometry": { "type": "LineString", "coordinates": [ [ 357778.352031046233606, 170673.69867031351896 ], [ 357799.552192988223396, 170685.866170542896725 ] ] } },
{ "type": "Feature", "properties": { "JOURNEY_LINK_ID": 217, "SITE_ID": 215, "SEGMENT_ID": 2, "SEGMENT_LENGTH": 6.6398594631031367, "LENGTH_PROPORTION": 0.0012963169975075605, "DIST_TO_SENSOR": 261.31311501385949, "MIDPOINT_X": 357802.68942089874, "MIDPOINT_Y": 170686.95232636042, "SENSOR_X": 358042.0, "SENSOR_Y": 170582.0 }, "geometry": { "type": "LineString", "coordinates": [ [ 357799.552192988223396, 170685.866170542896725 ], [ 357805.826648809248582, 170688.038482177944388 ] ] } },
{ "type": "Feature", "properties": { "JOURNEY_LINK_ID": 217, "SITE_ID": 215, "SEGMENT_ID": 3, "SEGMENT_LENGTH": 16.027327693946415, "LENGTH_PROPORTION": 0.0031290567864785046, "DIST_TO_SENSOR": 251.35710562560692, "MIDPOINT_X": 357813.8160858769, "MIDPOINT_Y": 170687.41582368859, "SENSOR_X": 358042.0, "SENSOR_Y": 170582.0 }, "geometry": { "type": "LineString", "coordinates": [ [ 357805.826648809248582, 170688.038482177944388 ], [ 357821.805522944545373, 170686.793165199225768 ] ] } },
{ "type": "Feature", "properties": { "JOURNEY_LINK_ID": 217, "SITE_ID": 215, "SEGMENT_ID": 4, "SEGMENT_LENGTH": 30.000000000003126, "LENGTH_PROPORTION": 0.0058569778684827564, "DIST_TO_SENSOR": 230.41230678312493, "MIDPOINT_X": 357831.25275897468, "MIDPOINT_Y": 170675.1419965286, "SENSOR_X": 358042.0, "SENSOR_Y": 170582.0 }, "geometry": { "type": "LineString", "coordinates": [ [ 357821.805522944545373, 170686.793165199225768 ], [ 357840.699995004746597, 170663.490827857953263 ] ] } },
{ "type": "Feature", "properties": { "JOURNEY_LINK_ID": 217, "SITE_ID": 215, "SEGMENT_ID": 5, "SEGMENT_LENGTH": 30.000000000003126, "LENGTH_PROPORTION": 0.0058569778684827564, "DIST_TO_SENSOR": 204.1692017788335, "MIDPOINT_X": 357850.14723103482, "MIDPOINT_Y": 170651.8396591873, "SENSOR_X": 358042.0, "SENSOR_Y": 170582.0 }, "geometry": { "type": "LineString", "coordinates": [ [ 357840.699995004746597, 170663.490827857953263 ], [ 357859.594467064947821, 170640.188490516680758 ] ] } },
{ "type": "Feature", "properties": { "JOURNEY_LINK_ID": 217, "SITE_ID": 215, "SEGMENT_ID": 6, "SEGMENT_LENGTH": 29.99999999998052, "LENGTH_PROPORTION": 0.0058569778684783433, "DIST_TO_SENSOR": 179.10972835905648, "MIDPOINT_X": 357869.04170309508, "MIDPOINT_Y": 170628.53732184606, "SENSOR_X": 358042.0, "SENSOR_Y": 170582.0 }, "geometry": { "type": "LineString", "coordinates": [ [ 357859.594467064947821, 170640.188490516680758 ], [ 357878.488939125149045, 170616.886153175437357 ] ] } },
{ "type": "Feature", "properties": { "JOURNEY_LINK_ID": 217, "SITE_ID": 215, "SEGMENT_ID": 7, "SEGMENT_LENGTH": 30.000000000019199, "LENGTH_PROPORTION": 0.0058569778684858945, "DIST_TO_SENSOR": 155.82513628393244, "MIDPOINT_X": 357887.91426251805, "MIDPOINT_Y": 170605.21763559346, "SENSOR_X": 358042.0, "SENSOR_Y": 170582.0 }, "geometry": { "type": "LineString", "coordinates": [ [ 357878.488939125149045, 170616.886153175437357 ], [ 357887.179867368366104, 170606.16773029032629 ], [ 357897.087782133894507, 170593.34975718750502 ] ] } },
{ "type": "Feature", "properties": { "JOURNEY_LINK_ID": 217, "SITE_ID": 215, "SEGMENT_ID": 8, "SEGMENT_LENGTH": 27.659675249767574, "LENGTH_PROPORTION": 0.0054000701929097349, "DIST_TO_SENSOR": 136.45494115331445, "MIDPOINT_X": 357905.54566791625, "MIDPOINT_Y": 170582.40770176711, "SENSOR_X": 358042.0, "SENSOR_Y": 170582.0 }, "geometry": { "type": "LineString", "coordinates": [ [ 357897.087782133894507, 170593.34975718750502 ], [ 357914.003553698596079, 170571.465646346681751 ] ] } },
{ "type": "Feature", "properties": { "JOURNEY_LINK_ID": 217, "SITE_ID": 215, "SEGMENT_ID": 9, "SEGMENT_LENGTH": 15.753956863423925, "LENGTH_PROPORTION": 0.0030756858896698776, "DIST_TO_SENSOR": 126.18861125338903, "MIDPOINT_X": 357917.07159175188, "MIDPOINT_Y": 170564.21072169393, "SENSOR_X": 358042.0, "SENSOR_Y": 170582.0 }, "geometry": { "type": "LineString", "coordinates": [ [ 357914.003553698596079, 170571.465646346681751 ], [ 357920.139629805227742, 170556.955797041184269 ] ] } },
{ "type": "Feature", "properties": { "JOURNEY_LINK_ID": 217, "SITE_ID": 215, "SEGMENT_ID": 10, "SEGMENT_LENGTH": 20.602525599837559, "LENGTH_PROPORTION": 0.0040222845491028475, "DIST_TO_SENSOR": 129.2164493845917, "MIDPOINT_X": 357917.62335181399, "MIDPOINT_Y": 170546.96658484283, "SENSOR_X": 358042.0, "SENSOR_Y": 170582.0 }, "geometry": { "type": "LineString", "coordinates": [ [ 357920.139629805227742, 170556.955797041184269 ], [ 357915.107073822757229, 170536.977372644469142 ] ] } },
{ "type": "Feature", "properties": { "JOURNEY_LINK_ID": 217, "SITE_ID": 215, "SEGMENT_ID": 11, "SEGMENT_LENGTH": 29.999999999973614, "LENGTH_PROPORTION": 0.0058569778684769945, "DIST_TO_SENSOR": 149.49712286642213, "MIDPOINT_X": 357901.86003076495, "MIDPOINT_Y": 170529.94062266857, "SENSOR_X": 358042.0, "SENSOR_Y": 170582.0 }, "geometry": { "type": "LineString", "coordinates": [ [ 357915.107073822757229, 170536.977372644469142 ], [ 357888.612987707077991, 170522.903872692666482 ] ] } },
{ "type": "Feature", "properties": { "JOURNEY_LINK_ID": 217, "SITE_ID": 215, "SEGMENT_ID": 12, "SEGMENT_LENGTH": 19.022244707045665, "LENGTH_PROPORTION": 0.0037137622086006036, "DIST_TO_SENSOR": 173.82326277399702, "MIDPOINT_X": 357880.21337121737, "MIDPOINT_Y": 170518.44204669321, "SENSOR_X": 358042.0, "SENSOR_Y": 170582.0 }, "geometry": { "type": "LineString", "coordinates": [ [ 357888.612987707077991, 170522.903872692666482 ], [ 357871.813754727656487, 170513.98022069374565 ] ] } },
{ "type": "Feature", "properties": { "JOURNEY_LINK_ID": 217, "SITE_ID": 215, "SEGMENT_ID": 13, "SEGMENT_LENGTH": 29.999999999983928, "LENGTH_PROPORTION": 0.0058569778684790076, "DIST_TO_SENSOR": 198.01202586476819, "MIDPOINT_X": 357857.06941870158, "MIDPOINT_Y": 170511.22258490382, "SENSOR_X": 358042.0, "SENSOR_Y": 170582.0 }, "geometry": { "type": "LineString", "coordinates": [ [ 357871.813754727656487, 170513.98022069374565 ], [ 357842.325082675495651, 170508.464949113928014 ] ] } },
{ "type": "Feature", "properties": { "JOURNEY_LINK_ID": 217, "SITE_ID": 215, "SEGMENT_ID": 14, "SEGMENT_LENGTH": 30.000000000035794, "LENGTH_PROPORTION": 0.0058569778684891341, "DIST_TO_SENSOR": 227.58776383553536, "MIDPOINT_X": 357827.58074664942, "MIDPOINT_Y": 170505.70731332403, "SENSOR_X": 358042.0, "SENSOR_Y": 170582.0 }, "geometry": { "type": "LineString", "coordinates": [ [ 357842.325082675495651, 170508.464949113928014 ], [ 357812.836410623276606, 170502.949677534139482 ] ] } },
{ "type": "Feature", "properties": { "JOURNEY_LINK_ID": 217, "SITE_ID": 215, "SEGMENT_ID": 15, "SEGMENT_LENGTH": 29.999999999983928, "LENGTH_PROPORTION": 0.0058569778684790076, "DIST_TO_SENSOR": 257.26176962050738, "MIDPOINT_X": 357798.0920745972, "MIDPOINT_Y": 170500.19204174425, "SENSOR_X": 358042.0, "SENSOR_Y": 170582.0 }, "geometry": { "type": "LineString", "coordinates": [ [ 357812.836410623276606, 170502.949677534139482 ], [ 357783.347738571115769, 170497.434405954321846 ] ] } },
{ "type": "Feature", "properties": { "JOURNEY_LINK_ID": 217, "SITE_ID": 215, "SEGMENT_ID": 16, "SEGMENT_LENGTH": 27.968385569529723, "LENGTH_PROPORTION": 0.0054603405099303672, "DIST_TO_SENSOR": 285.99561782684009, "MIDPOINT_X": 357769.60189607297, "MIDPOINT_Y": 170494.86351858656, "SENSOR_X": 358042.0, "SENSOR_Y": 170582.0 }, "geometry": { "type": "LineString", "coordinates": [ [ 357783.347738571115769, 170497.434405954321846 ], [ 357755.856053574825637, 170492.292631218821043 ] ] } },
{ "type": "Feature", "properties": { "JOURNEY_LINK_ID": 224, "SITE_ID": 203, "SEGMENT_ID": 0, "SEGMENT_LENGTH": 29.999999999986557, "LENGTH_PROPORTION": 0.011854817823407996, "DIST_TO_SENSOR": 121.02000830589414, "MIDPOINT_X": 361205.15490269411, "MIDPOINT_Y": 171448.06589267717, "SENSOR_X": 361178.0, "SENSOR_Y": 171566.0 }, "geometry": { "type": "LineString", "coordinates": [ [ 361211.166228536167182, 171434.323114150960464 ], [ 361204.03208166512195, 171450.632827348657884 ], [ 361200.318399286072236, 171462.252015287580434 ] ] } },
{ "type": "Feature", "properties": { "JOURNEY_LINK_ID": 224, "SITE_ID": 203, "SEGMENT_ID": 1, "SEGMENT_LENGTH": 30.000000000020396, "LENGTH_PROPORTION": 0.011854817823421369, "DIST_TO_SENSOR": 91.204284401099173, "MIDPOINT_X": 361195.75173612253, "MIDPOINT_Y": 171476.53996781941, "SENSOR_X": 361178.0, "SENSOR_Y": 171566.0 }, "geometry": { "type": "LineString", "coordinates": [ [ 361200.318399286072236, 171462.252015287580434 ], [ 361191.185072959051467, 171490.827920351206558 ] ] } },
{ "type": "Feature", "properties": { "JOURNEY_LINK_ID": 224, "SITE_ID": 203, "SEGMENT_ID": 2, "SEGMENT_LENGTH": 4.6213198986462318, "LENGTH_PROPORTION": 0.0018261635167388646, "DIST_TO_SENSOR": 74.030891162273448, "MIDPOINT_X": 361190.48160591413, "MIDPOINT_Y": 171493.02889366273, "SENSOR_X": 361178.0, "SENSOR_Y": 171566.0 }, "geometry": { "type": "LineString", "coordinates": [ [ 361191.185072959051467, 171490.827920351206558 ], [ 361189.778138869209215, 171495.229866974288598 ] ] } },
{ "type": "Feature", "properties": { "JOURNEY_LINK_ID": 224, "SITE_ID": 203, "SEGMENT_ID": 3, "SEGMENT_LENGTH": 29.999999999992575, "LENGTH_PROPORTION": 0.011854817823410375, "DIST_TO_SENSOR": 58.403672521849956, "MIDPOINT_X": 361181.43816031574, "MIDPOINT_Y": 171507.69761567755, "SENSOR_X": 361178.0, "SENSOR_Y": 171566.0 }, "geometry": { "type": "LineString", "coordinates": [ [ 361189.778138869209215, 171495.229866974288598 ], [ 361173.098181762325112, 171520.165364380838582 ] ] } },
{ "type": "Feature", "properties": { "JOURNEY_LINK_ID": 224, "SITE_ID": 203, "SEGMENT_ID": 4, "SEGMENT_LENGTH": 30.000000000016385, "LENGTH_PROPORTION": 0.011854817823419784, "DIST_TO_SENSOR": 35.898388887476962, "MIDPOINT_X": 361164.75820320885, "MIDPOINT_Y": 171532.6331130841, "SENSOR_X": 361178.0, "SENSOR_Y": 171566.0 }, "geometry": { "type": "LineString", "coordinates": [ [ 361173.098181762325112, 171520.165364380838582 ], [ 361164.352930641616695, 171533.238970340462402 ], [ 361155.977988594095223, 171544.794245044555282 ] ] } },
{ "type": "Feature", "properties": { "JOURNEY_LINK_ID": 224, "SITE_ID": 203, "SEGMENT_ID": 5, "SEGMENT_LENGTH": 30.000000000010637, "LENGTH_PROPORTION": 0.011854817823417511, "DIST_TO_SENSOR": 32.128672239147207, "MIDPOINT_X": 361147.1752885087, "MIDPOINT_Y": 171556.93971626664, "SENSOR_X": 361178.0, "SENSOR_Y": 171566.0 }, "geometry": { "type": "LineString", "coordinates": [ [ 361155.977988594095223, 171544.794245044555282 ], [ 361141.65666002233047, 171564.55400992842624 ], [ 361138.107328753569163, 171568.880549411114771 ] ] } },
{ "type": "Feature", "properties": { "JOURNEY_LINK_ID": 224, "SITE_ID": 203, "SEGMENT_ID": 6, "SEGMENT_LENGTH": 29.147177930316055, "LENGTH_PROPORTION": 0.011517816147683661, "DIST_TO_SENSOR": 51.132188757779531, "MIDPOINT_X": 361128.86407063471, "MIDPOINT_Y": 171580.14783278704, "SENSOR_X": 361178.0, "SENSOR_Y": 171566.0 }, "geometry": { "type": "LineString", "coordinates": [ [ 361138.107328753569163, 171568.880549411114771 ], [ 361119.620812515844591, 171591.415116162970662 ] ] } },
{ "type": "Feature", "properties": { "JOURNEY_LINK_ID": 224, "SITE_ID": 203, "SEGMENT_ID": 7, "SEGMENT_LENGTH": 29.801262239023487, "LENGTH_PROPORTION": 0.011776284491712988, "DIST_TO_SENSOR": 76.22562227057206, "MIDPOINT_X": 361112.07363113045, "MIDPOINT_Y": 171604.26302886877, "SENSOR_X": 361178.0, "SENSOR_Y": 171566.0 }, "geometry": { "type": "LineString", "coordinates": [ [ 361119.620812515844591, 171591.415116162970662 ], [ 361104.526449745055288, 171617.110941574559547 ] ] } },
{ "type": "Feature", "properties": { "JOURNEY_LINK_ID": 224, "SITE_ID": 203, "SEGMENT_ID": 8, "SEGMENT_LENGTH": 29.999999999987818, "LENGTH_PROPORTION": 0.011854817823408494, "DIST_TO_SENSOR": 102.32631915820487, "MIDPOINT_X": 361099.02419924951, "MIDPOINT_Y": 171631.06534014578, "SENSOR_X": 361178.0, "SENSOR_Y": 171566.0 }, "geometry": { "type": "LineString", "coordinates": [ [ 361104.526449745055288, 171617.110941574559547 ], [ 361093.521948753972538, 171645.019738716975553 ] ] } },
{ "type": "Feature", "properties": { "JOURNEY_LINK_ID": 224, "SITE_ID": 203, "SEGMENT_ID": 9, "SEGMENT_LENGTH": 30.000000000014893, "LENGTH_PROPORTION": 0.011854817823419194, "DIST_TO_SENSOR": 129.38564412634227, "MIDPOINT_X": 361088.01969825843, "MIDPOINT_Y": 171658.9741372882, "SENSOR_X": 361178.0, "SENSOR_Y": 171566.0 }, "geometry": { "type": "LineString", "coordinates": [ [ 361093.521948753972538, 171645.019738716975553 ], [ 361082.517447762889788, 171672.928535859420663 ] ] } },
{ "type": "Feature", "properties": { "JOURNEY_LINK_ID": 224, "SITE_ID": 203, "SEGMENT_ID": 10, "SEGMENT_LENGTH": 14.347177055219666, "LENGTH_PROPORTION": 0.005669439008996152, "DIST_TO_SENSOR": 150.10588899607384, "MIDPOINT_X": 361079.88605569419, "MIDPOINT_Y": 171679.60207675945, "SENSOR_X": 361178.0, "SENSOR_Y": 171566.0 }, "geometry": { "type": "LineString", "coordinates": [ [ 361082.517447762889788, 171672.928535859420663 ], [ 361077.254663625441026, 171686.275617659441195 ] ] } },
{ "type": "Feature", "properties": { "JOURNEY_LINK_ID": 224, "SITE_ID": 203, "SEGMENT_ID": 11, "SEGMENT_LENGTH": 30.00000000001004, "LENGTH_PROPORTION": 0.011854817823417275, "DIST_TO_SENSOR": 169.58283642787532, "MIDPOINT_X": 361075.61232533283, "MIDPOINT_Y": 171701.18543740793, "SENSOR_X": 361178.0, "SENSOR_Y": 171566.0 }, "geometry": { "type": "LineString", "coordinates": [ [ 361077.254663625441026, 171686.275617659441195 ], [ 361073.969987040210981, 171716.095257156441221 ] ] } },
{ "type": "Feature", "properties": { "JOURNEY_LINK_ID": 224, "SITE_ID": 203, "SEGMENT_ID": 12, "SEGMENT_LENGTH": 29.352692262461666, "LENGTH_PROPORTION": 0.011599027313273216, "DIST_TO_SENSOR": 195.65216510587075, "MIDPOINT_X": 361072.36308535706, "MIDPOINT_Y": 171730.68336884864, "SENSOR_X": 361178.0, "SENSOR_Y": 171566.0 }, "geometry": { "type": "LineString", "coordinates": [ [ 361073.969987040210981, 171716.095257156441221 ], [ 361070.756183673918713, 171745.271480540861376 ] ] } },
{ "type": "Feature", "properties": { "JOURNEY_LINK_ID": 224, "SITE_ID": 203, "SEGMENT_ID": 13, "SEGMENT_LENGTH": 29.999999999986166, "LENGTH_PROPORTION": 0.011854817823407842, "DIST_TO_SENSOR": 219.79114808665912, "MIDPOINT_X": 361074.37316866498, "MIDPOINT_Y": 171759.82886421974, "SENSOR_X": 361178.0, "SENSOR_Y": 171566.0 }, "geometry": { "type": "LineString", "coordinates": [ [ 361070.756183673918713, 171745.271480540861376 ], [ 361077.990153656050097, 171774.386247898626607 ] ] } },
{ "type": "Feature", "properties": { "JOURNEY_LINK_ID": 224, "SITE_ID": 203, "SEGMENT_ID": 14, "SEGMENT_LENGTH": 14.609525716005313, "LENGTH_PROPORTION": 0.0057731088616571622, "DIST_TO_SENSOR": 236.81729196648431, "MIDPOINT_X": 361079.75156816409, "MIDPOINT_Y": 171781.47546360578, "SENSOR_X": 361178.0, "SENSOR_Y": 171566.0 }, "geometry": { "type": "LineString", "coordinates": [ [ 361077.990153656050097, 171774.386247898626607 ], [ 361081.512982672138605, 171788.564679312927183 ] ] } },
{ "type": "Feature", "properties": { "JOURNEY_LINK_ID": 224, "SITE_ID": 203, "SEGMENT_ID": 15, "SEGMENT_LENGTH": 30.000000000003315, "LENGTH_PROPORTION": 0.011854817823414618, "DIST_TO_SENSOR": 250.85668473980684, "MIDPOINT_X": 361090.01673128654, "MIDPOINT_Y": 171800.92130747368, "SENSOR_X": 361178.0, "SENSOR_Y": 171566.0 }, "geometry": { "type": "LineString", "coordinates": [ [ 361081.512982672138605, 171788.564679312927183 ], [ 361098.520479900995269, 171813.277935634396272 ] ] } },
{ "type": "Feature", "properties": { "JOURNEY_LINK_ID": 224, "SITE_ID": 203, "SEGMENT_ID": 16, "SEGMENT_LENGTH": 18.349519013295637, "LENGTH_PROPORTION": 0.0072510068349959508, "DIST_TO_SENSOR": 265.44033935728424, "MIDPOINT_X": 361103.72180313047, "MIDPOINT_Y": 171820.83587508026, "SENSOR_X": 361178.0, "SENSOR_Y": 171566.0 }, "geometry": { "type": "LineString", "coordinates": [ [ 361098.520479900995269, 171813.277935634396272 ], [ 361108.923126359994058, 171828.393814526090864 ] ] } },
{ "type": "Feature", "properties": { "JOURNEY_LINK_ID": 224, "SITE_ID": 203, "SEGMENT_ID": 17, "SEGMENT_LENGTH": 29.999999999982464, "LENGTH_PROPORTION": 0.01185481782340638, "DIST_TO_SENSOR": 277.95576466301611, "MIDPOINT_X": 361120.49203097116, "MIDPOINT_Y": 171837.9416124972, "SENSOR_X": 361178.0, "SENSOR_Y": 171566.0 }, "geometry": { "type": "LineString", "coordinates": [ [ 361108.923126359994058, 171828.393814526090864 ], [ 361132.060935582325328, 171847.489410468348069 ] ] } },
{ "type": "Feature", "properties": { "JOURNEY_LINK_ID": 224, "SITE_ID": 203, "SEGMENT_ID": 18, "SEGMENT_LENGTH": 29.999999999996056, "LENGTH_PROPORTION": 0.01185481782341175, "DIST_TO_SENSOR": 292.31978812006781, "MIDPOINT_X": 361144.12878101296, "MIDPOINT_Y": 171856.35082064787, "SENSOR_X": 361178.0, "SENSOR_Y": 171566.0 }, "geometry": { "type": "LineString", "coordinates": [ [ 361132.060935582325328, 171847.489410468348069 ], [ 361138.298664520552848, 171852.637397914193571 ], [ 361156.780410917999689, 171864.409124485915527 ] ] } },
{ "type": "Feature", "properties": { "JOURNEY_LINK_ID": 224, "SITE_ID": 203, "SEGMENT_ID": 19, "SEGMENT_LENGTH": 1.1061738112067661, "LENGTH_PROPORTION": 0.00043711630042956662, "DIST_TO_SENSOR": 299.42631314931049, "MIDPOINT_X": 361157.24690764036, "MIDPOINT_Y": 171864.70625397487, "SENSOR_X": 361178.0, "SENSOR_Y": 171566.0 }, "geometry": { "type": "LineString", "coordinates": [ [ 361156.780410917999689, 171864.409124485915527 ], [ 361157.713404362672009, 171865.003383463801583 ] ] } },
{ "type": "Feature", "properties": { "JOURNEY_LINK_ID": 92, "SITE_ID": 500, "SEGMENT_ID": 0, "SEGMENT_LENGTH": 14.368895118721323, "LENGTH_PROPORTION": 0.00063379732655590348, "DIST_TO_SENSOR": 292.74536718537166, "MIDPOINT_X": 359534.74430799222, "MIDPOINT_Y": 173088.53216822649, "SENSOR_X": 359522.0, "SENSOR_Y": 173381.0 }, "geometry": { "type": "LineString", "coordinates": [ [ 359537.080529795784969, 173081.740858921722975 ], [ 359536.3565338239423, 173084.124905820121057 ], [ 359532.276117316505406, 173095.279339598375373 ] ] } },
{ "type": "Feature", "properties": { "JOURNEY_LINK_ID": 92, "SITE_ID": 500, "SEGMENT_ID": 1, "SEGMENT_LENGTH": 15.348873696175508, "LENGTH_PROPORTION": 0.00067702318333477814, "DIST_TO_SENSOR": 281.25161520599141, "MIDPOINT_X": 359526.05823578639, "MIDPOINT_Y": 173099.77766486589, "SENSOR_X": 359522.0, "SENSOR_Y": 173381.0 }, "geometry": { "type": "LineString", "coordinates": [ [ 359532.276117316505406, 173095.279339598375373 ], [ 359519.840354256215505, 173104.275990133406594 ] ] } },
{ "type": "Feature", "properties": { "JOURNEY_LINK_ID": 92, "SITE_ID": 500, "SEGMENT_ID": 2, "SEGMENT_LENGTH": 29.999999999972413, "LENGTH_PROPORTION": 0.0013232694399645428, "DIST_TO_SENSOR": 277.43528257606511, "MIDPOINT_X": 359504.84143622516, "MIDPOINT_Y": 173104.0958293791, "SENSOR_X": 359522.0, "SENSOR_Y": 173381.0 }, "geometry": { "type": "LineString", "coordinates": [ [ 359519.840354256215505, 173104.275990133406594 ], [ 359489.842518194112927, 173103.915668624802493 ] ] } },
{ "type": "Feature", "properties": { "JOURNEY_LINK_ID": 92, "SITE_ID": 500, "SEGMENT_ID": 3, "SEGMENT_LENGTH": 25.597341052121259, "LENGTH_PROPORTION": 0.0011290726386217684, "DIST_TO_SENSOR": 280.8592359678313, "MIDPOINT_X": 359477.04477085231, "MIDPOINT_Y": 173103.76194741574, "SENSOR_X": 359522.0, "SENSOR_Y": 173381.0 }, "geometry": { "type": "LineString", "coordinates": [ [ 359489.842518194112927, 173103.915668624802493 ], [ 359464.247023510513827, 173103.6082262066775 ] ] } },
{ "type": "Feature", "properties": { "JOURNEY_LINK_ID": 92, "SITE_ID": 500, "SEGMENT_ID": 4, "SEGMENT_LENGTH": 9.3026390799395422, "LENGTH_PROPORTION": 0.00041032993351717293, "DIST_TO_SENSOR": 283.17277476130249, "MIDPOINT_X": 359459.73966929945, "MIDPOINT_Y": 173104.75649946637, "SENSOR_X": 359522.0, "SENSOR_Y": 173381.0 }, "geometry": { "type": "LineString", "coordinates": [ [ 359464.247023510513827, 173103.6082262066775 ], [ 359455.232315088389441, 173105.90477272606222 ] ] } },
{ "type": "Feature", "properties": { "JOURNEY_LINK_ID": 92, "SITE_ID": 500, "SEGMENT_ID": 5, "SEGMENT_LENGTH": 19.131894816418537, "LENGTH_PROPORTION": 0.00084388839130686603, "DIST_TO_SENSOR": 276.86314824075987, "MIDPOINT_X": 359449.73592507024, "MIDPOINT_Y": 173113.73401576644, "SENSOR_X": 359522.0, "SENSOR_Y": 173381.0 }, "geometry": { "type": "LineString", "coordinates": [ [ 359455.232315088389441, 173105.90477272606222 ], [ 359444.239535052154679, 173121.563258806825615 ] ] } },
{ "type": "Feature", "properties": { "JOURNEY_LINK_ID": 92, "SITE_ID": 500, "SEGMENT_ID": 6, "SEGMENT_LENGTH": 25.672999310445036, "LENGTH_PROPORTION": 0.0011324098473257979, "DIST_TO_SENSOR": 258.16193598783559, "MIDPOINT_X": 359445.99916712742, "MIDPOINT_Y": 173134.27858099536, "SENSOR_X": 359522.0, "SENSOR_Y": 173381.0 }, "geometry": { "type": "LineString", "coordinates": [ [ 359444.239535052154679, 173121.563258806825615 ], [ 359447.758799202623777, 173146.993903183902148 ] ] } },
{ "type": "Feature", "properties": { "JOURNEY_LINK_ID": 6, "SITE_ID": 500, "SEGMENT_ID": 0, "SEGMENT_LENGTH": 14.368895118721323, "LENGTH_PROPORTION": 0.00063379732655590348, "DIST_TO_SENSOR": 292.74536718537166, "MIDPOINT_X": 359534.74430799222, "MIDPOINT_Y": 173088.53216822649, "SENSOR_X": 359522.0, "SENSOR_Y": 173381.0 }, "geometry": { "type": "LineString", "coordinates": [ [ 359537.080529795784969, 173081.740858921722975 ], [ 359536.3565338239423, 173084.124905820121057 ], [ 359532.276117316505406, 173095.279339598375373 ] ] } },
{ "type": "Feature", "properties": { "JOURNEY_LINK_ID": 6, "SITE_ID": 500, "SEGMENT_ID": 1, "SEGMENT_LENGTH": 15.348873696175508, "LENGTH_PROPORTION": 0.00067702318333477814, "DIST_TO_SENSOR": 281.25161520599141, "MIDPOINT_X": 359526.05823578639, "MIDPOINT_Y": 173099.77766486589, "SENSOR_X": 359522.0, "SENSOR_Y": 173381.0 }, "geometry": { "type": "LineString", "coordinates": [ [ 359532.276117316505406, 173095.279339598375373 ], [ 359519.840354256215505, 173104.275990133406594 ] ] } },
{ "type": "Feature", "properties": { "JOURNEY_LINK_ID": 6, "SITE_ID": 500, "SEGMENT_ID": 2, "SEGMENT_LENGTH": 17.344995460415735, "LENGTH_PROPORTION": 0.00076507008097043247, "DIST_TO_SENSOR": 268.97387364063832, "MIDPOINT_X": 359516.08087022405, "MIDPOINT_Y": 173112.09126342949, "SENSOR_X": 359522.0, "SENSOR_Y": 173381.0 }, "geometry": { "type": "LineString", "coordinates": [ [ 359519.840354256215505, 173104.275990133406594 ], [ 359512.321386191935744, 173119.906536725582555 ] ] } },
{ "type": "Feature", "properties": { "JOURNEY_LINK_ID": 6, "SITE_ID": 500, "SEGMENT_ID": 3, "SEGMENT_LENGTH": 16.739867645683528, "LENGTH_PROPORTION": 0.00073837850948681942, "DIST_TO_SENSOR": 252.91546988181111, "MIDPOINT_X": 359513.08256770845, "MIDPOINT_Y": 173128.24178686566, "SENSOR_X": 359522.0, "SENSOR_Y": 173381.0 }, "geometry": { "type": "LineString", "coordinates": [ [ 359512.321386191935744, 173119.906536725582555 ], [ 359513.843749224906787, 173136.577037005743477 ] ] } },
{ "type": "Feature", "properties": { "JOURNEY_LINK_ID": 6, "SITE_ID": 500, "SEGMENT_ID": 4, "SEGMENT_LENGTH": 3.6142446500096952, "LENGTH_PROPORTION": 0.00015942064979725242, "DIST_TO_SENSOR": 242.87457801495296, "MIDPOINT_X": 359514.55184233346, "MIDPOINT_Y": 173138.23965399325, "SENSOR_X": 359522.0, "SENSOR_Y": 173381.0 }, "geometry": { "type": "LineString", "coordinates": [ [ 359513.843749224906787, 173136.577037005743477 ], [ 359515.259935442009009, 173139.902270980761386 ] ] } },
{ "type": "Feature", "properties": { "JOURNEY_LINK_ID": 6, "SITE_ID": 500, "SEGMENT_ID": 5, "SEGMENT_LENGTH": 28.292893228151957, "LENGTH_PROPORTION": 0.0012479706992342559, "DIST_TO_SENSOR": 233.46380427260232, "MIDPOINT_X": 359527.13344272226, "MIDPOINT_Y": 173147.59264006623, "SENSOR_X": 359522.0, "SENSOR_Y": 173381.0 }, "geometry": { "type": "LineString", "coordinates": [ [ 359515.259935442009009, 173139.902270980761386 ], [ 359539.006950002512895, 173155.283009151695296 ] ] } },
{ "type": "Feature", "properties": { "JOURNEY_LINK_ID": 6, "SITE_ID": 500, "SEGMENT_ID": 6, "SEGMENT_LENGTH": 11.879970743517008, "LENGTH_PROPORTION": 0.00052401340775277874, "DIST_TO_SENSOR": 226.2011924922937, "MIDPOINT_X": 359544.90802621382, "MIDPOINT_Y": 173155.96177698017, "SENSOR_X": 359522.0, "SENSOR_Y": 173381.0 }, "geometry": { "type": "LineString", "coordinates": [ [ 359539.006950002512895, 173155.283009151695296 ], [ 359548.048084719397593, 173156.322960367193446 ], [ 359550.827218999154866, 173156.300794989801943 ] ] } },
{ "type": "Feature", "properties": { "JOURNEY_LINK_ID": 6, "SITE_ID": 500, "SEGMENT_ID": 7, "SEGMENT_LENGTH": 17.687064835877415, "LENGTH_PROPORTION": 0.00078015841266698628, "DIST_TO_SENSOR": 232.08634990704439, "MIDPOINT_X": 359558.43466908287, "MIDPOINT_Y": 173151.79138606502, "SENSOR_X": 359522.0, "SENSOR_Y": 173381.0 }, "geometry": { "type": "LineString", "coordinates": [ [ 359550.827218999154866, 173156.300794989801943 ], [ 359566.04211916658096, 173147.281977140228264 ] ] } },
{ "type": "Feature", "properties": { "JOURNEY_LINK_ID": 6, "SITE_ID": 500, "SEGMENT_ID": 8, "SEGMENT_LENGTH": 29.999999999989921, "LENGTH_PROPORTION": 0.0013232694399653152, "DIST_TO_SENSOR": 238.27783069295131, "MIDPOINT_X": 359580.77779451531, "MIDPOINT_Y": 173150.08552346885, "SENSOR_X": 359522.0, "SENSOR_Y": 173381.0 }, "geometry": { "type": "LineString", "coordinates": [ [ 359566.04211916658096, 173147.281977140228264 ], [ 359595.513469864032231, 173152.889069797500269 ] ] } },
{ "type": "Feature", "properties": { "JOURNEY_LINK_ID": 6, "SITE_ID": 500, "SEGMENT_ID": 9, "SEGMENT_LENGTH": 29.999999999989921, "LENGTH_PROPORTION": 0.0013232694399653152, "DIST_TO_SENSOR": 241.97381854006531, "MIDPOINT_X": 359610.24914521276, "MIDPOINT_Y": 173155.69261612615, "SENSOR_X": 359522.0, "SENSOR_Y": 173381.0 }, "geometry": { "type": "LineString", "coordinates": [ [ 359595.513469864032231, 173152.889069797500269 ], [ 359624.984820561483502, 173158.496162454772275 ] ] } },
{ "type": "Feature", "properties": { "JOURNEY_LINK_ID": 6, "SITE_ID": 500, "SEGMENT_ID": 10, "SEGMENT_LENGTH": 30.000000000047102, "LENGTH_PROPORTION": 0.0013232694399678373, "DIST_TO_SENSOR": 249.25154586886893, "MIDPOINT_X": 359639.72049591027, "MIDPOINT_Y": 173161.29970878339, "SENSOR_X": 359522.0, "SENSOR_Y": 173381.0 }, "geometry": { "type": "LineString", "coordinates": [ [ 359624.984820561483502, 173158.496162454772275 ], [ 359654.456171258992981, 173164.10325511204428 ] ] } },
{ "type": "Feature", "properties": { "JOURNEY_LINK_ID": 6, "SITE_ID": 500, "SEGMENT_ID": 11, "SEGMENT_LENGTH": 29.99999999998991, "LENGTH_PROPORTION": 0.0013232694399653148, "DIST_TO_SENSOR": 258.35892934511008, "MIDPOINT_X": 359668.81604538288, "MIDPOINT_Y": 173168.41028907662, "SENSOR_X": 359522.0, "SENSOR_Y": 173381.0 }, "geometry": { "type": "LineString", "coordinates": [ [ 359654.456171258992981, 173164.10325511204428 ], [ 359655.812507710652426, 173164.36130586231593 ], [ 359673.226545621815603, 173169.783610851387493 ], [ 359683.041208784503397, 173173.164437357947463 ] ] } },
{ "type": "Feature", "properties": { "JOURNEY_LINK_ID": 6, "SITE_ID": 500, "SEGMENT_ID": 12, "SEGMENT_LENGTH": 30.000000000007532, "LENGTH_PROPORTION": 0.001323269439966092, "DIST_TO_SENSOR": 268.12692245862559, "MIDPOINT_X": 359697.22337926243, "MIDPOINT_Y": 173178.04972553113, "SENSOR_X": 359522.0, "SENSOR_Y": 173381.0 }, "geometry": { "type": "LineString", "coordinates": [ [ 359683.041208784503397, 173173.164437357947463 ], [ 359711.405549740360584, 173182.935013704322046 ] ] } },
{ "type": "Feature", "properties": { "JOURNEY_LINK_ID": 6, "SITE_ID": 500, "SEGMENT_ID": 13, "SEGMENT_LENGTH": 29.999999999994831, "LENGTH_PROPORTION": 0.0013232694399655316, "DIST_TO_SENSOR": 280.65344393106199, "MIDPOINT_X": 359725.58772021829, "MIDPOINT_Y": 173187.82030187754, "SENSOR_X": 359522.0, "SENSOR_Y": 173381.0 }, "geometry": { "type": "LineString", "coordinates": [ [ 359711.405549740360584, 173182.935013704322046 ], [ 359726.875535936967935, 173188.263911754416768 ], [ 359739.896761697775219, 173192.318609083537012 ] ] } },
{ "type": "Feature", "properties": { "JOURNEY_LINK_ID": 6, "SITE_ID": 500, "SEGMENT_ID": 14, "SEGMENT_LENGTH": 20.986483941097095, "LENGTH_PROPORTION": 0.00092569242838619879, "DIST_TO_SENSOR": 293.90236641120339, "MIDPOINT_X": 359749.91550811043, "MIDPOINT_Y": 173195.43836025495, "SENSOR_X": 359522.0, "SENSOR_Y": 173381.0 }, "geometry": { "type": "LineString", "coordinates": [ [ 359739.896761697775219, 173192.318609083537012 ], [ 359751.255018522497267, 173195.855472237337381 ], [ 359759.876702695386484, 173198.736437034531264 ] ] } },
{ "type": "Feature", "properties": { "JOURNEY_LINK_ID": 12, "SITE_ID": 500, "SEGMENT_ID": 0, "SEGMENT_LENGTH": 10.977104815052584, "LENGTH_PROPORTION": 0.00048418891136866926, "DIST_TO_SENSOR": 275.13812358671777, "MIDPOINT_X": 359638.58840943198, "MIDPOINT_Y": 173630.21502730963, "SENSOR_X": 359522.0, "SENSOR_Y": 173381.0 }, "geometry": { "type": "LineString", "coordinates": [ [ 359644.067103705136105, 173629.886216434300877 ], [ 359633.109715158876497, 173630.543838184967171 ] ] } },
{ "type": "Feature", "properties": { "JOURNEY_LINK_ID": 12, "SITE_ID": 500, "SEGMENT_ID": 1, "SEGMENT_LENGTH": 15.206204673699448, "LENGTH_PROPORTION": 0.00067073019808569956, "DIST_TO_SENSOR": 265.75601110767894, "MIDPOINT_X": 359628.54535612446, "MIDPOINT_Y": 173624.46323034121, "SENSOR_X": 359522.0, "SENSOR_Y": 173381.0 }, "geometry": { "type": "LineString", "coordinates": [ [ 359633.109715158876497, 173630.543838184967171 ], [ 359623.980997090053279, 173618.382622497447301 ] ] } },
{ "type": "Feature", "properties": { "JOURNEY_LINK_ID": 12, "SITE_ID": 500, "SEGMENT_ID": 2, "SEGMENT_LENGTH": 30.000000000018265, "LENGTH_PROPORTION": 0.0013232694399665653, "DIST_TO_SENSOR": 245.93215273185049, "MIDPOINT_X": 359611.49458976724, "MIDPOINT_Y": 173610.07060516294, "SENSOR_X": 359522.0, "SENSOR_Y": 173381.0 }, "geometry": { "type": "LineString", "coordinates": [ [ 359623.980997090053279, 173618.382622497447301 ], [ 359599.008182444435079, 173601.758587828429881 ] ] } },
{ "type": "Feature", "properties": { "JOURNEY_LINK_ID": 12, "SITE_ID": 500, "SEGMENT_ID": 3, "SEGMENT_LENGTH": 29.999999999953687, "LENGTH_PROPORTION": 0.0013232694399637169, "DIST_TO_SENSOR": 222.02838732802118, "MIDPOINT_X": 359586.52177512168, "MIDPOINT_Y": 173593.44657049392, "SENSOR_X": 359522.0, "SENSOR_Y": 173381.0 }, "geometry": { "type": "LineString", "coordinates": [ [ 359599.008182444435079, 173601.758587828429881 ], [ 359574.035367798875086, 173585.134553159441566 ] ] } },
{ "type": "Feature", "properties": { "JOURNEY_LINK_ID": 12, "SITE_ID": 500, "SEGMENT_ID": 4, "SEGMENT_LENGTH": 5.4489498885119882, "LENGTH_PROPORTION": 0.00024034762891242493, "DIST_TO_SENSOR": 208.64711582592909, "MIDPOINT_X": 359571.76744087256, "MIDPOINT_Y": 173583.62482762849, "SENSOR_X": 359522.0, "SENSOR_Y": 173381.0 }, "geometry": { "type": "LineString", "coordinates": [ [ 359574.035367798875086, 173585.134553159441566 ], [ 359569.499513946240768, 173582.115102097566705 ] ] } },
{ "type": "Feature", "properties": { "JOURNEY_LINK_ID": 12, "SITE_ID": 500, "SEGMENT_ID": 5, "SEGMENT_LENGTH": 23.121222403277557, "LENGTH_PROPORTION": 0.001019853567363629, "DIST_TO_SENSOR": 199.65945539177659, "MIDPOINT_X": 359559.03867206548, "MIDPOINT_Y": 173577.19387069673, "SENSOR_X": 359522.0, "SENSOR_Y": 173381.0 }, "geometry": { "type": "LineString", "coordinates": [ [ 359569.499513946240768, 173582.115102097566705 ], [ 359548.577830184658524, 173572.272639295901172 ] ] } },
{ "type": "Feature", "properties": { "JOURNEY_LINK_ID": 12, "SITE_ID": 500, "SEGMENT_ID": 6, "SEGMENT_LENGTH": 29.455533050434877, "LENGTH_PROPORTION": 0.0012992535574513962, "DIST_TO_SENSOR": 178.7207444424688, "MIDPOINT_X": 359543.60395134171, "MIDPOINT_Y": 173558.41018510924, "SENSOR_X": 359522.0, "SENSOR_Y": 173381.0 }, "geometry": { "type": "LineString", "coordinates": [ [ 359548.577830184658524, 173572.272639295901172 ], [ 359538.630072498810478, 173544.547730922582559 ] ] } },
{ "type": "Feature", "properties": { "JOURNEY_LINK_ID": 12, "SITE_ID": 500, "SEGMENT_ID": 7, "SEGMENT_LENGTH": 30.000000000014488, "LENGTH_PROPORTION": 0.0013232694399663988, "DIST_TO_SENSOR": 149.8526211310359, "MIDPOINT_X": 359540.66217269131, "MIDPOINT_Y": 173529.68601605491, "SENSOR_X": 359522.0, "SENSOR_Y": 173381.0 }, "geometry": { "type": "LineString", "coordinates": [ [ 359538.630072498810478, 173544.547730922582559 ], [ 359542.694272883760277, 173514.824301187240053 ] ] } },
{ "type": "Feature", "properties": { "JOURNEY_LINK_ID": 12, "SITE_ID": 500, "SEGMENT_ID": 8, "SEGMENT_LENGTH": 29.999999999985651, "LENGTH_PROPORTION": 0.0013232694399651268, "DIST_TO_SENSOR": 121.1139338682659, "MIDPOINT_X": 359544.72637307621, "MIDPOINT_Y": 173499.9625863196, "SENSOR_X": 359522.0, "SENSOR_Y": 173381.0 }, "geometry": { "type": "LineString", "coordinates": [ [ 359542.694272883760277, 173514.824301187240053 ], [ 359546.758473268710077, 173485.10087145192665 ] ] } },
{ "type": "Feature", "properties": { "JOURNEY_LINK_ID": 12, "SITE_ID": 500, "SEGMENT_ID": 9, "SEGMENT_LENGTH": 17.538796191910301, "LENGTH_PROPORTION": 0.00077361843381809148, "DIST_TO_SENSOR": 98.877353432750454, "MIDPOINT_X": 359547.94649297261, "MIDPOINT_Y": 173476.41231851437, "SENSOR_X": 359522.0, "SENSOR_Y": 173381.0 }, "geometry": { "type": "LineString", "coordinates": [ [ 359546.758473268710077, 173485.10087145192665 ], [ 359549.134512676508166, 173467.723765576840378 ] ] } },
{ "type": "Feature", "properties": { "JOURNEY_LINK_ID": 12, "SITE_ID": 500, "SEGMENT_ID": 10, "SEGMENT_LENGTH": 28.834577755226146, "LENGTH_PROPORTION": 0.0012718638519269086, "DIST_TO_SENSOR": 76.458613489589453, "MIDPOINT_X": 359545.20261473872, "MIDPOINT_Y": 173453.8529906458, "SENSOR_X": 359522.0, "SENSOR_Y": 173381.0 }, "geometry": { "type": "LineString", "coordinates": [ [ 359549.134512676508166, 173467.723765576840378 ], [ 359541.270716800994705, 173439.982215714757331 ] ] } },
{ "type": "Feature", "properties": { "JOURNEY_LINK_ID": 12, "SITE_ID": 500, "SEGMENT_ID": 11, "SEGMENT_LENGTH": 29.999999999989285, "LENGTH_PROPORTION": 0.001323269439965287, "DIST_TO_SENSOR": 47.216015232892921, "MIDPOINT_X": 359534.83838358783, "MIDPOINT_Y": 173426.43707738537, "SENSOR_X": 359522.0, "SENSOR_Y": 173381.0 }, "geometry": { "type": "LineString", "coordinates": [ [ 359541.270716800994705, 173439.982215714757331 ], [ 359535.615279874706175, 173427.793428912584204 ], [ 359529.273957234690897, 173416.722372463264037 ], [ 359527.510050543700345, 173413.351444525324041 ] ] } },
{ "type": "Feature", "properties": { "JOURNEY_LINK_ID": 12, "SITE_ID": 500, "SEGMENT_ID": 12, "SEGMENT_LENGTH": 30.000000000013276, "LENGTH_PROPORTION": 0.0013232694399663454, "DIST_TO_SENSOR": 19.115677992664455, "MIDPOINT_X": 359520.5555691155, "MIDPOINT_Y": 173400.06102737365, "SENSOR_X": 359522.0, "SENSOR_Y": 173381.0 }, "geometry": { "type": "LineString", "coordinates": [ [ 359527.510050543700345, 173413.351444525324041 ], [ 359513.601087687304243, 173386.770610222010873 ] ] } },
{ "type": "Feature", "properties": { "JOURNEY_LINK_ID": 12, "SITE_ID": 500, "SEGMENT_ID": 13, "SEGMENT_LENGTH": 1.1957893860208331, "LENGTH_PROPORTION": 5.2745051705226252e-05, "DIST_TO_SENSOR": 10.136152220091727, "MIDPOINT_X": 359513.32388451806, "MIDPOINT_Y": 173386.24085889649, "SENSOR_X": 359522.0, "SENSOR_Y": 173381.0 }, "geometry": { "type": "LineString", "coordinates": [ [ 359513.601087687304243, 173386.770610222010873 ], [ 359513.046681348816492, 173385.711107570969034 ] ] } },
{ "type": "Feature", "properties": { "JOURNEY_LINK_ID": 12, "SITE_ID": 500, "SEGMENT_ID": 14, "SEGMENT_LENGTH": 29.999999999988862, "LENGTH_PROPORTION": 0.0013232694399652684, "DIST_TO_SENSOR": 16.464966241286373, "MIDPOINT_X": 359508.64353354916, "MIDPOINT_Y": 173371.37192037454, "SENSOR_X": 359522.0, "SENSOR_Y": 173381.0 }, "geometry": { "type": "LineString", "coordinates": [ [ 359513.046681348816492, 173385.711107570969034 ], [ 359504.240385749493726, 173357.03273317811545 ] ] } },
{ "type": "Feature", "properties": { "JOURNEY_LINK_ID": 12, "SITE_ID": 500, "SEGMENT_ID": 15, "SEGMENT_LENGTH": 30.000000000016684, "LENGTH_PROPORTION": 0.0013232694399664957, "DIST_TO_SENSOR": 44.255761671804756, "MIDPOINT_X": 359499.83723794983, "MIDPOINT_Y": 173342.69354598166, "SENSOR_X": 359522.0, "SENSOR_Y": 173381.0 }, "geometry": { "type": "LineString", "coordinates": [ [ 359504.240385749493726, 173357.03273317811545 ], [ 359495.43409015017096, 173328.354358785232762 ] ] } },
{ "type": "Feature", "properties": { "JOURNEY_LINK_ID": 12, "SITE_ID": 500, "SEGMENT_ID": 16, "SEGMENT_LENGTH": 17.759075229194593, "LENGTH_PROPORTION": 0.00078333471776153749, "DIST_TO_SENSOR": 67.737706119977915, "MIDPOINT_X": 359492.82756238285, "MIDPOINT_Y": 173319.86600198032, "SENSOR_X": 359522.0, "SENSOR_Y": 173381.0 }, "geometry": { "type": "LineString", "coordinates": [ [ 359495.43409015017096, 173328.354358785232762 ], [ 359490.221034615533426, 173311.377645175438374 ] ] } },
{ "type": "Feature", "properties": { "JOURNEY_LINK_ID": 12, "SITE_ID": 500, "SEGMENT_ID": 17, "SEGMENT_LENGTH": 29.999999999986215, "LENGTH_PROPORTION": 0.0013232694399651517, "DIST_TO_SENSOR": 90.156284933393124, "MIDPOINT_X": 359490.83669333247, "MIDPOINT_Y": 173296.40092181036, "SENSOR_X": 359522.0, "SENSOR_Y": 173381.0 }, "geometry": { "type": "LineString", "coordinates": [ [ 359490.221034615533426, 173311.377645175438374 ], [ 359490.176720284274779, 173305.817150189250242 ], [ 359491.885453929193318, 173281.437630019761855 ] ] } },
{ "type": "Feature", "properties": { "JOURNEY_LINK_ID": 12, "SITE_ID": 500, "SEGMENT_ID": 18, "SEGMENT_LENGTH": 2.3334015022752106, "LENGTH_PROPORTION": 0.00010292396330436601, "DIST_TO_SENSOR": 105.1082774782073, "MIDPOINT_X": 359491.96702658094, "MIDPOINT_Y": 173280.273784435, "SENSOR_X": 359522.0, "SENSOR_Y": 173381.0 }, "geometry": { "type": "LineString", "coordinates": [ [ 359491.885453929193318, 173281.437630019761855 ], [ 359492.048599232686684, 173279.109938850218896 ] ] } },
{ "type": "Feature", "properties": { "JOURNEY_LINK_ID": 12, "SITE_ID": 500, "SEGMENT_ID": 19, "SEGMENT_LENGTH": 29.999999999982201, "LENGTH_PROPORTION": 0.0013232694399649746, "DIST_TO_SENSOR": 117.73490970399632, "MIDPOINT_X": 359498.59657831717, "MIDPOINT_Y": 173265.61460743862, "SENSOR_X": 359522.0, "SENSOR_Y": 173381.0 }, "geometry": { "type": "LineString", "coordinates": [ [ 359492.048599232686684, 173279.109938850218896 ], [ 359505.144557401654311, 173252.119276027020533 ] ] } },
{ "type": "Feature", "properties": { "JOURNEY_LINK_ID": 12, "SITE_ID": 500, "SEGMENT_ID": 20, "SEGMENT_LENGTH": 30.000000000033797, "LENGTH_PROPORTION": 0.0013232694399672505, "DIST_TO_SENSOR": 142.74867758042805, "MIDPOINT_X": 359511.6925364862, "MIDPOINT_Y": 173238.62394461542, "SENSOR_X": 359522.0, "SENSOR_Y": 173381.0 }, "geometry": { "type": "LineString", "coordinates": [ [ 359505.144557401654311, 173252.119276027020533 ], [ 359518.240515570680145, 173225.128613203793066 ] ] } },
{ "type": "Feature", "properties": { "JOURNEY_LINK_ID": 12, "SITE_ID": 500, "SEGMENT_ID": 21, "SEGMENT_LENGTH": 29.999999999977547, "LENGTH_PROPORTION": 0.0013232694399647694, "DIST_TO_SENSOR": 169.53879804963785, "MIDPOINT_X": 359524.45354955527, "MIDPOINT_Y": 173211.47895664934, "SENSOR_X": 359522.0, "SENSOR_Y": 173381.0 }, "geometry": { "type": "LineString", "coordinates": [ [ 359518.240515570680145, 173225.128613203793066 ], [ 359520.760460998921189, 173219.935026258172002 ], [ 359530.457041255605873, 173197.732753995398525 ] ] } },
{ "type": "Feature", "properties": { "JOURNEY_LINK_ID": 12, "SITE_ID": 500, "SEGMENT_ID": 22, "SEGMENT_LENGTH": 30.000000000014765, "LENGTH_PROPORTION": 0.0013232694399664109, "DIST_TO_SENSOR": 197.35455426259912, "MIDPOINT_X": 359536.95142304577, "MIDPOINT_Y": 173184.21261463931, "SENSOR_X": 359522.0, "SENSOR_Y": 173381.0 }, "geometry": { "type": "LineString", "coordinates": [ [ 359530.457041255605873, 173197.732753995398525 ], [ 359530.996506884752307, 173196.497538851690479 ], [ 359543.49427062436007, 173170.714794609259116 ] ] } },
{ "type": "Feature", "properties": { "JOURNEY_LINK_ID": 12, "SITE_ID": 500, "SEGMENT_ID": 23, "SEGMENT_LENGTH": 16.172284067055212, "LENGTH_PROPORTION": 0.00071334297601264435, "DIST_TO_SENSOR": 218.9466949388468, "MIDPOINT_X": 359547.15031427174, "MIDPOINT_Y": 173163.50260480485, "SENSOR_X": 359522.0, "SENSOR_Y": 173381.0 }, "geometry": { "type": "LineString", "coordinates": [ [ 359543.49427062436007, 173170.714794609259116 ], [ 359543.985413504007738, 173169.701572442718316 ], [ 359550.827218999154866, 173156.300794989801943 ] ] } },
{ "type": "Feature", "properties": { "JOURNEY_LINK_ID": 12, "SITE_ID": 500, "SEGMENT_ID": 24, "SEGMENT_LENGTH": 17.687064835877415, "LENGTH_PROPORTION": 0.00078015841266698628, "DIST_TO_SENSOR": 232.08634990704439, "MIDPOINT_X": 359558.43466908287, "MIDPOINT_Y": 173151.79138606502, "SENSOR_X": 359522.0, "SENSOR_Y": 173381.0 }, "geometry": { "type": "LineString", "coordinates": [ [ 359550.827218999154866, 173156.300794989801943 ], [ 359566.04211916658096, 173147.281977140228264 ] ] } },
{ "type": "Feature", "properties": { "JOURNEY_LINK_ID": 12, "SITE_ID": 500, "SEGMENT_ID": 25, "SEGMENT_LENGTH": 29.999999999989921, "LENGTH_PROPORTION": 0.0013232694399653152, "DIST_TO_SENSOR": 238.27783069295131, "MIDPOINT_X": 359580.77779451531, "MIDPOINT_Y": 173150.08552346885, "SENSOR_X": 359522.0, "SENSOR_Y": 173381.0 }, "geometry": { "type": "LineString", "coordinates": [ [ 359566.04211916658096, 173147.281977140228264 ], [ 359595.513469864032231, 173152.889069797500269 ] ] } },
{ "type": "Feature", "properties": { "JOURNEY_LINK_ID": 12, "SITE_ID": 500, "SEGMENT_ID": 26, "SEGMENT_LENGTH": 29.999999999989921, "LENGTH_PROPORTION": 0.0013232694399653152, "DIST_TO_SENSOR": 241.97381854006531, "MIDPOINT_X": 359610.24914521276, "MIDPOINT_Y": 173155.69261612615, "SENSOR_X": 359522.0, "SENSOR_Y": 173381.0 }, "geometry": { "type": "LineString", "coordinates": [ [ 359595.513469864032231, 173152.889069797500269 ], [ 359624.984820561483502, 173158.496162454772275 ] ] } },
{ "type": "Feature", "properties": { "JOURNEY_LINK_ID": 12, "SITE_ID": 500, "SEGMENT_ID": 27, "SEGMENT_LENGTH": 30.000000000047102, "LENGTH_PROPORTION": 0.0013232694399678373, "DIST_TO_SENSOR": 249.25154586886893, "MIDPOINT_X": 359639.72049591027, "MIDPOINT_Y": 173161.29970878339, "SENSOR_X": 359522.0, "SENSOR_Y": 173381.0 }, "geometry": { "type": "LineString", "coordinates": [ [ 359624.984820561483502, 173158.496162454772275 ], [ 359654.456171258992981, 173164.10325511204428 ] ] } },
{ "type": "Feature", "properties": { "JOURNEY_LINK_ID": 12, "SITE_ID": 500, "SEGMENT_ID": 28, "SEGMENT_LENGTH": 29.99999999998991, "LENGTH_PROPORTION": 0.0013232694399653148, "DIST_TO_SENSOR": 258.35892934511008, "MIDPOINT_X": 359668.81604538288, "MIDPOINT_Y": 173168.41028907662, "SENSOR_X": 359522.0, "SENSOR_Y": 173381.0 }, "geometry": { "type": "LineString", "coordinates": [ [ 359654.456171258992981, 173164.10325511204428 ], [ 359655.812507710652426, 173164.36130586231593 ], [ 359673.226545621815603, 173169.783610851387493 ], [ 359683.041208784503397, 173173.164437357947463 ] ] } },
{ "type": "Feature", "properties": { "JOURNEY_LINK_ID": 12, "SITE_ID": 500, "SEGMENT_ID": 29, "SEGMENT_LENGTH": 30.000000000007532, "LENGTH_PROPORTION": 0.001323269439966092, "DIST_TO_SENSOR": 268.12692245862559, "MIDPOINT_X": 359697.22337926243, "MIDPOINT_Y": 173178.04972553113, "SENSOR_X": 359522.0, "SENSOR_Y": 173381.0 }, "geometry": { "type": "LineString", "coordinates": [ [ 359683.041208784503397, 173173.164437357947463 ], [ 359711.405549740360584, 173182.935013704322046 ] ] } },
{ "type": "Feature", "properties": { "JOURNEY_LINK_ID": 12, "SITE_ID": 500, "SEGMENT_ID": 30, "SEGMENT_LENGTH": 29.999999999994831, "LENGTH_PROPORTION": 0.0013232694399655316, "DIST_TO_SENSOR": 280.65344393106199, "MIDPOINT_X": 359725.58772021829, "MIDPOINT_Y": 173187.82030187754, "SENSOR_X": 359522.0, "SENSOR_Y": 173381.0 }, "geometry": { "type": "LineString", "coordinates": [ [ 359711.405549740360584, 173182.935013704322046 ], [ 359726.875535936967935, 173188.263911754416768 ], [ 359739.896761697775219, 173192.318609083537012 ] ] } },
{ "type": "Feature", "properties": { "JOURNEY_LINK_ID": 12, "SITE_ID": 500, "SEGMENT_ID": 31, "SEGMENT_LENGTH": 20.986483941097095, "LENGTH_PROPORTION": 0.00092569242838619879, "DIST_TO_SENSOR": 293.90236641120339, "MIDPOINT_X": 359749.91550811043, "MIDPOINT_Y": 173195.43836025495, "SENSOR_X": 359522.0, "SENSOR_Y": 173381.0 }, "geometry": { "type": "LineString", "coordinates": [ [ 359739.896761697775219, 173192.318609083537012 ], [ 359751.255018522497267, 173195.855472237337381 ], [ 359759.876702695386484, 173198.736437034531264 ] ] } },
{ "type": "Feature", "properties": { "JOURNEY_LINK_ID": 51, "SITE_ID": 500, "SEGMENT_ID": 0, "SEGMENT_LENGTH": 9.0902913121482989, "LENGTH_PROPORTION": 0.00040096348979173636, "DIST_TO_SENSOR": 297.15347469803044, "MIDPOINT_X": 359755.56586060894, "MIDPOINT_Y": 173197.29595463595, "SENSOR_X": 359522.0, "SENSOR_Y": 173381.0 }, "geometry": { "type": "LineString", "coordinates": [ [ 359759.876702695386484, 173198.736437034531264 ], [ 359751.255018522497267, 173195.855472237337381 ] ] } },
{ "type": "Feature", "properties": { "JOURNEY_LINK_ID": 51, "SITE_ID": 500, "SEGMENT_ID": 1, "SEGMENT_LENGTH": 29.999999999991005, "LENGTH_PROPORTION": 0.0013232694399653629, "DIST_TO_SENSOR": 289.46353664652014, "MIDPOINT_X": 359738.18057587231, "MIDPOINT_Y": 173188.50299310527, "SENSOR_X": 359522.0, "SENSOR_Y": 173381.0 }, "geometry": { "type": "LineString", "coordinates": [ [ 359751.255018522497267, 173195.855472237337381 ], [ 359725.106133222172502, 173181.150513973203488 ] ] } },
{ "type": "Feature", "properties": { "JOURNEY_LINK_ID": 51, "SITE_ID": 500, "SEGMENT_ID": 2, "SEGMENT_LENGTH": 29.999999999991005, "LENGTH_PROPORTION": 0.0013232694399653629, "DIST_TO_SENSOR": 281.14888900253925, "MIDPOINT_X": 359712.03169057204, "MIDPOINT_Y": 173173.79803484114, "SENSOR_X": 359522.0, "SENSOR_Y": 173381.0 }, "geometry": { "type": "LineString", "coordinates": [ [ 359725.106133222172502, 173181.150513973203488 ], [ 359698.957247921847738, 173166.445555709069595 ] ] } },
{ "type": "Feature", "properties": { "JOURNEY_LINK_ID": 51, "SITE_ID": 500, "SEGMENT_ID": 3, "SEGMENT_LENGTH": 16.070246670271381, "LENGTH_PROPORTION": 0.00070884221038272079, "DIST_TO_SENSOR": 276.80933644180965, "MIDPOINT_X": 359691.95359730639, "MIDPOINT_Y": 173162.50701726606, "SENSOR_X": 359522.0, "SENSOR_Y": 173381.0 }, "geometry": { "type": "LineString", "coordinates": [ [ 359698.957247921847738, 173166.445555709069595 ], [ 359684.94994669087464, 173158.568478823057376 ] ] } },
{ "type": "Feature", "properties": { "JOURNEY_LINK_ID": 51, "SITE_ID": 500, "SEGMENT_ID": 4, "SEGMENT_LENGTH": 29.999999999998042, "LENGTH_PROPORTION": 0.0013232694399656734, "DIST_TO_SENSOR": 271.50400269023771, "MIDPOINT_X": 359670.71273881046, "MIDPOINT_Y": 173153.84598882627, "SENSOR_X": 359522.0, "SENSOR_Y": 173381.0 }, "geometry": { "type": "LineString", "coordinates": [ [ 359684.94994669087464, 173158.568478823057376 ], [ 359656.475530930038076, 173149.123498829489108 ] ] } },
{ "type": "Feature", "properties": { "JOURNEY_LINK_ID": 51, "SITE_ID": 500, "SEGMENT_ID": 5, "SEGMENT_LENGTH": 29.999999999974516, "LENGTH_PROPORTION": 0.0013232694399646357, "DIST_TO_SENSOR": 264.85105935131656, "MIDPOINT_X": 359642.07729778643, "MIDPOINT_Y": 173144.93321666142, "SENSOR_X": 359522.0, "SENSOR_Y": 173381.0 }, "geometry": { "type": "LineString", "coordinates": [ [ 359656.475530930038076, 173149.123498829489108 ], [ 359652.206300011835992, 173147.707392492156941 ], [ 359628.530165525036864, 173141.222868291602936 ], [ 359627.634073047956917, 173140.895695859799162 ] ] } },
{ "type": "Feature", "properties": { "JOURNEY_LINK_ID": 51, "SITE_ID": 500, "SEGMENT_ID": 6, "SEGMENT_LENGTH": 30.000000000021139, "LENGTH_PROPORTION": 0.0013232694399666922, "DIST_TO_SENSOR": 261.77708855310851, "MIDPOINT_X": 359613.54385285429, "MIDPOINT_Y": 173135.7512138747, "SENSOR_X": 359522.0, "SENSOR_Y": 173381.0 }, "geometry": { "type": "LineString", "coordinates": [ [ 359627.634073047956917, 173140.895695859799162 ], [ 359599.453632660675794, 173130.606731889594812 ] ] } },
{ "type": "Feature", "properties": { "JOURNEY_LINK_ID": 51, "SITE_ID": 500, "SEGMENT_ID": 7, "SEGMENT_LENGTH": 26.169476902403151, "LENGTH_PROPORTION": 0.0011543089681613301, "DIST_TO_SENSOR": 263.07872666702195, "MIDPOINT_X": 359587.16250959714, "MIDPOINT_Y": 173126.11911847346, "SENSOR_X": 359522.0, "SENSOR_Y": 173381.0 }, "geometry": { "type": "LineString", "coordinates": [ [ 359599.453632660675794, 173130.606731889594812 ], [ 359574.871386533544865, 173121.631505057332106 ] ] } },
{ "type": "Feature", "properties": { "JOURNEY_LINK_ID": 51, "SITE_ID": 500, "SEGMENT_ID": 8, "SEGMENT_LENGTH": 8.0592449070736709, "LENGTH_PROPORTION": 0.00035548508315767595, "DIST_TO_SENSOR": 268.30017786847463, "MIDPOINT_X": 359573.79824133578, "MIDPOINT_Y": 173117.7474071566, "SENSOR_X": 359522.0, "SENSOR_Y": 173381.0 }, "geometry": { "type": "LineString", "coordinates": [ [ 359574.871386533544865, 173121.631505057332106 ], [ 359572.725096137961373, 173113.863309255859349 ] ] } },
{ "type": "Feature", "properties": { "JOURNEY_LINK_ID": 51, "SITE_ID": 500, "SEGMENT_ID": 9, "SEGMENT_LENGTH": 6.2164609805401199, "LENGTH_PROPORTION": 0.00027420176134294405, "DIST_TO_SENSOR": 274.37380307172037, "MIDPOINT_X": 359571.31342050666, "MIDPOINT_Y": 173111.0941453581, "SENSOR_X": 359522.0, "SENSOR_Y": 173381.0 }, "geometry": { "type": "LineString", "coordinates": [ [ 359572.725096137961373, 173113.863309255859349 ], [ 359569.901744875358418, 173108.324981460347772 ] ] } },
{ "type": "Feature", "properties": { "JOURNEY_LINK_ID": 51, "SITE_ID": 500, "SEGMENT_ID": 10, "SEGMENT_LENGTH": 29.999999999975593, "LENGTH_PROPORTION": 0.0013232694399646831, "DIST_TO_SENSOR": 281.76404532600111, "MIDPOINT_X": 359556.61165812763, "MIDPOINT_Y": 173101.36986864766, "SENSOR_X": 359522.0, "SENSOR_Y": 173381.0 }, "geometry": { "type": "LineString", "coordinates": [ [ 359569.901744875358418, 173108.324981460347772 ], [ 359543.321571379899979, 173094.414755834935931 ] ] } },
{ "type": "Feature", "properties": { "JOURNEY_LINK_ID": 51, "SITE_ID": 500, "SEGMENT_ID": 11, "SEGMENT_LENGTH": 3.0760543258224984, "LENGTH_PROPORTION": 0.00013568162283451301, "DIST_TO_SENSOR": 287.99083329254512, "MIDPOINT_X": 359541.95887041884, "MIDPOINT_Y": 173093.70161233982, "SENSOR_X": 359522.0, "SENSOR_Y": 173381.0 }, "geometry": { "type": "LineString", "coordinates": [ [ 359543.321571379899979, 173094.414755834935931 ], [ 359540.596169457829092, 173092.98846884467639 ] ] } },
{ "type": "Feature", "properties": { "JOURNEY_LINK_ID": 51, "SITE_ID": 500, "SEGMENT_ID": 12, "SEGMENT_LENGTH": 8.6296788146777637, "LENGTH_PROPORTION": 0.00038064634173943417, "DIST_TO_SENSOR": 287.22910566841853, "MIDPOINT_X": 359536.43614338717, "MIDPOINT_Y": 173094.13390422153, "SENSOR_X": 359522.0, "SENSOR_Y": 173381.0 }, "geometry": { "type": "LineString", "coordinates": [ [ 359540.596169457829092, 173092.98846884467639 ], [ 359532.276117316505406, 173095.279339598375373 ] ] } },
{ "type": "Feature", "properties": { "JOURNEY_LINK_ID": 51, "SITE_ID": 500, "SEGMENT_ID": 13, "SEGMENT_LENGTH": 15.348873696175508, "LENGTH_PROPORTION": 0.00067702318333477814, "DIST_TO_SENSOR": 281.25161520599141, "MIDPOINT_X": 359526.05823578639, "MIDPOINT_Y": 173099.77766486589, "SENSOR_X": 359522.0, "SENSOR_Y": 173381.0 }, "geometry": { "type": "LineString", "coordinates": [ [ 359532.276117316505406, 173095.279339598375373 ], [ 359519.840354256215505, 173104.275990133406594 ] ] } },
{ "type": "Feature", "properties": { "JOURNEY_LINK_ID": 51, "SITE_ID": 500, "SEGMENT_ID": 14, "SEGMENT_LENGTH": 17.344995460415735, "LENGTH_PROPORTION": 0.00076507008097043247, "DIST_TO_SENSOR": 268.97387364063832, "MIDPOINT_X": 359516.08087022405, "MIDPOINT_Y": 173112.09126342949, "SENSOR_X": 359522.0, "SENSOR_Y": 173381.0 }, "geometry": { "type": "LineString", "coordinates": [ [ 359519.840354256215505, 173104.275990133406594 ], [ 359512.321386191935744, 173119.906536725582555 ] ] } },
{ "type": "Feature", "properties": { "JOURNEY_LINK_ID": 51, "SITE_ID": 500, "SEGMENT_ID": 15, "SEGMENT_LENGTH": 16.739867645683528, "LENGTH_PROPORTION": 0.00073837850948681942, "DIST_TO_SENSOR": 252.91546988181111, "MIDPOINT_X": 359513.08256770845, "MIDPOINT_Y": 173128.24178686566, "SENSOR_X": 359522.0, "SENSOR_Y": 173381.0 }, "geometry": { "type": "LineString", "coordinates": [ [ 359512.321386191935744, 173119.906536725582555 ], [ 359513.843749224906787, 173136.577037005743477 ] ] } },
{ "type": "Feature", "properties": { "JOURNEY_LINK_ID": 51, "SITE_ID": 500, "SEGMENT_ID": 16, "SEGMENT_LENGTH": 3.6142446500096952, "LENGTH_PROPORTION": 0.00015942064979725242, "DIST_TO_SENSOR": 242.87457801495296, "MIDPOINT_X": 359514.55184233346, "MIDPOINT_Y": 173138.23965399325, "SENSOR_X": 359522.0, "SENSOR_Y": 173381.0 }, "geometry": { "type": "LineString", "coordinates": [ [ 359513.843749224906787, 173136.577037005743477 ], [ 359515.259935442009009, 173139.902270980761386 ] ] } },
{ "type": "Feature", "properties": { "JOURNEY_LINK_ID": 51, "SITE_ID": 500, "SEGMENT_ID": 17, "SEGMENT_LENGTH": 18.957389705613643, "LENGTH_PROPORTION": 0.00083619114863200082, "DIST_TO_SENSOR": 231.75619439976981, "MIDPOINT_X": 359514.64032319817, "MIDPOINT_Y": 173149.36069245476, "SENSOR_X": 359522.0, "SENSOR_Y": 173381.0 }, "geometry": { "type": "LineString", "coordinates": [ [ 359515.259935442009009, 173139.902270980761386 ], [ 359514.020710954267997, 173158.819113928766456 ] ] } },
{ "type": "Feature", "properties": { "JOURNEY_LINK_ID": 51, "SITE_ID": 500, "SEGMENT_ID": 18, "SEGMENT_LENGTH": 30.000000000009315, "LENGTH_PROPORTION": 0.0013232694399661707, "DIST_TO_SENSOR": 207.9169621124642, "MIDPOINT_X": 359510.54912787577, "MIDPOINT_Y": 173173.39860149394, "SENSOR_X": 359522.0, "SENSOR_Y": 173381.0 }, "geometry": { "type": "LineString", "coordinates": [ [ 359514.020710954267997, 173158.819113928766456 ], [ 359511.338830305205192, 173171.074506830540486 ], [ 359505.723269727313891, 173187.601104552595643 ] ] } },
{ "type": "Feature", "properties": { "JOURNEY_LINK_ID": 51, "SITE_ID": 500, "SEGMENT_ID": 19, "SEGMENT_LENGTH": 29.999999999983164, "LENGTH_PROPORTION": 0.0013232694399650171, "DIST_TO_SENSOR": 180.43465931802945, "MIDPOINT_X": 359500.89741157892, "MIDPOINT_Y": 173201.80360761125, "SENSOR_X": 359522.0, "SENSOR_Y": 173381.0 }, "geometry": { "type": "LineString", "coordinates": [ [ 359505.723269727313891, 173187.601104552595643 ], [ 359496.07155343046179, 173216.006110669899499 ] ] } },
{ "type": "Feature", "properties": { "JOURNEY_LINK_ID": 51, "SITE_ID": 500, "SEGMENT_ID": 20, "SEGMENT_LENGTH": 30.000000000001894, "LENGTH_PROPORTION": 0.0013232694399658432, "DIST_TO_SENSOR": 153.89564461787865, "MIDPOINT_X": 359491.24569528201, "MIDPOINT_Y": 173230.20861372855, "SENSOR_X": 359522.0, "SENSOR_Y": 173381.0 }, "geometry": { "type": "LineString", "coordinates": [ [ 359496.07155343046179, 173216.006110669899499 ], [ 359486.419837133551482, 173244.411116787203355 ] ] } },
{ "type": "Feature", "properties": { "JOURNEY_LINK_ID": 51, "SITE_ID": 500, "SEGMENT_ID": 21, "SEGMENT_LENGTH": 23.838653476675759, "LENGTH_PROPORTION": 0.0010514987211872847, "DIST_TO_SENSOR": 131.35616520048472, "MIDPOINT_X": 359482.58510512928, "MIDPOINT_Y": 173255.69673508441, "SENSOR_X": 359522.0, "SENSOR_Y": 173381.0 }, "geometry": { "type": "LineString", "coordinates": [ [ 359486.419837133551482, 173244.411116787203355 ], [ 359478.750373124959879, 173266.982353381637949 ] ] } },
{ "type": "Feature", "properties": { "JOURNEY_LINK_ID": 51, "SITE_ID": 500, "SEGMENT_ID": 22, "SEGMENT_LENGTH": 22.512642679633586, "LENGTH_PROPORTION": 0.00099300973569426657, "DIST_TO_SENSOR": 112.25273947360671, "MIDPOINT_X": 359477.10197755334, "MIDPOINT_Y": 173278.1173236171, "SENSOR_X": 359522.0, "SENSOR_Y": 173381.0 }, "geometry": { "type": "LineString", "coordinates": [ [ 359478.750373124959879, 173266.982353381637949 ], [ 359475.453581981710158, 173289.252293852565344 ] ] } },
{ "type": "Feature", "properties": { "JOURNEY_LINK_ID": 51, "SITE_ID": 500, "SEGMENT_ID": 23, "SEGMENT_LENGTH": 30.000000000015646, "LENGTH_PROPORTION": 0.00132326943996645, "DIST_TO_SENSOR": 89.124887455875083, "MIDPOINT_X": 359476.79089810076, "MIDPOINT_Y": 173304.1925611058, "SENSOR_X": 359522.0, "SENSOR_Y": 173381.0 }, "geometry": { "type": "LineString", "coordinates": [ [ 359475.453581981710158, 173289.252293852565344 ], [ 359478.128214219817892, 173319.132828359026462 ] ] } },
{ "type": "Feature", "properties": { "JOURNEY_LINK_ID": 51, "SITE_ID": 500, "SEGMENT_ID": 24, "SEGMENT_LENGTH": 21.327842588366597, "LENGTH_PROPORTION": 0.00094074941058619151, "DIST_TO_SENSOR": 66.845642799991438, "MIDPOINT_X": 359479.07894980907, "MIDPOINT_Y": 173329.75428396586, "SENSOR_X": 359522.0, "SENSOR_Y": 173381.0 }, "geometry": { "type": "LineString", "coordinates": [ [ 359478.128214219817892, 173319.132828359026462 ], [ 359480.029685398330912, 173340.375739572686143 ] ] } },
{ "type": "Feature", "properties": { "JOURNEY_LINK_ID": 51, "SITE_ID": 500, "SEGMENT_ID": 25, "SEGMENT_LENGTH": 29.9999999999906, "LENGTH_PROPORTION": 0.0013232694399653452, "DIST_TO_SENSOR": 44.745767298244971, "MIDPOINT_X": 359486.32544245821, "MIDPOINT_Y": 173353.99056395801, "SENSOR_X": 359522.0, "SENSOR_Y": 173381.0 }, "geometry": { "type": "LineString", "coordinates": [ [ 359480.029685398330912, 173340.375739572686143 ], [ 359492.621199518092908, 173367.605388343305094 ] ] } },
{ "type": "Feature", "properties": { "JOURNEY_LINK_ID": 51, "SITE_ID": 500, "SEGMENT_ID": 26, "SEGMENT_LENGTH": 30.000000000017014, "LENGTH_PROPORTION": 0.0013232694399665102, "DIST_TO_SENSOR": 23.084093815200813, "MIDPOINT_X": 359498.91695657797, "MIDPOINT_Y": 173381.22021272863, "SENSOR_X": 359522.0, "SENSOR_Y": 173381.0 }, "geometry": { "type": "LineString", "coordinates": [ [ 359492.621199518092908, 173367.605388343305094 ], [ 359505.212713637854904, 173394.835037113953149 ] ] } },
{ "type": "Feature", "properties": { "JOURNEY_LINK_ID": 51, "SITE_ID": 500, "SEGMENT_ID": 27, "SEGMENT_LENGTH": 29.9999999999906, "LENGTH_PROPORTION": 0.0013232694399653452, "DIST_TO_SENSOR": 29.386511930274541, "MIDPOINT_X": 359511.50847069774, "MIDPOINT_Y": 173408.44986149925, "SENSOR_X": 359522.0, "SENSOR_Y": 173381.0 }, "geometry": { "type": "LineString", "coordinates": [ [ 359505.212713637854904, 173394.835037113953149 ], [ 359517.8042277576169, 173422.0646858845721 ] ] } },
{ "type": "Feature", "properties": { "JOURNEY_LINK_ID": 51, "SITE_ID": 500, "SEGMENT_ID": 28, "SEGMENT_LENGTH": 30.000000000017014, "LENGTH_PROPORTION": 0.0013232694399665102, "DIST_TO_SENSOR": 54.719820719638669, "MIDPOINT_X": 359524.0999848175, "MIDPOINT_Y": 173435.6795102699, "SENSOR_X": 359522.0, "SENSOR_Y": 173381.0 }, "geometry": { "type": "LineString", "coordinates": [ [ 359517.8042277576169, 173422.0646858845721 ], [ 359530.395741877378896, 173449.294334655220155 ] ] } },
{ "type": "Feature", "properties": { "JOURNEY_LINK_ID": 51, "SITE_ID": 500, "SEGMENT_ID": 29, "SEGMENT_LENGTH": 13.069125113475533, "LENGTH_PROPORTION": 0.00057646579565837379, "DIST_TO_SENSOR": 75.056535323755483, "MIDPOINT_X": 359533.13840976736, "MIDPOINT_Y": 173455.22546276488, "SENSOR_X": 359522.0, "SENSOR_Y": 173381.0 }, "geometry": { "type": "LineString", "coordinates": [ [ 359530.395741877378896, 173449.294334655220155 ], [ 359535.8810776573373, 173461.156590874539688 ] ] } },
{ "type": "Feature", "properties": { "JOURNEY_LINK_ID": 51, "SITE_ID": 500, "SEGMENT_ID": 30, "SEGMENT_LENGTH": 29.999999999992987, "LENGTH_PROPORTION": 0.0013232694399654503, "DIST_TO_SENSOR": 95.819756570281726, "MIDPOINT_X": 359534.10902424733, "MIDPOINT_Y": 173476.05155064998, "SENSOR_X": 359522.0, "SENSOR_Y": 173381.0 }, "geometry": { "type": "LineString", "coordinates": [ [ 359535.8810776573373, 173461.156590874539688 ], [ 359532.336970837321132, 173490.946510425419547 ] ] } },
{ "type": "Feature", "properties": { "JOURNEY_LINK_ID": 51, "SITE_ID": 500, "SEGMENT_ID": 31, "SEGMENT_LENGTH": 29.999999999992987, "LENGTH_PROPORTION": 0.0013232694399654503, "DIST_TO_SENSOR": 125.13492914629701, "MIDPOINT_X": 359530.56491742731, "MIDPOINT_Y": 173505.84147020086, "SENSOR_X": 359522.0, "SENSOR_Y": 173381.0 }, "geometry": { "type": "LineString", "coordinates": [ [ 359532.336970837321132, 173490.946510425419547 ], [ 359528.792864017304964, 173520.736429976299405 ] ] } },
{ "type": "Feature", "properties": { "JOURNEY_LINK_ID": 51, "SITE_ID": 500, "SEGMENT_ID": 32, "SEGMENT_LENGTH": 30.000000000027825, "LENGTH_PROPORTION": 0.0013232694399669871, "DIST_TO_SENSOR": 154.47868382136323, "MIDPOINT_X": 359525.9190369788, "MIDPOINT_Y": 173535.42896394245, "SENSOR_X": 359522.0, "SENSOR_Y": 173381.0 }, "geometry": { "type": "LineString", "coordinates": [ [ 359528.792864017304964, 173520.736429976299405 ], [ 359528.067046384443529, 173526.837275687023066 ], [ 359522.280863371037412, 173549.981066635868046 ] ] } },
{ "type": "Feature", "properties": { "JOURNEY_LINK_ID": 51, "SITE_ID": 500, "SEGMENT_ID": 33, "SEGMENT_LENGTH": 9.4561675254554274, "LENGTH_PROPORTION": 0.00041710191685439358, "DIST_TO_SENSOR": 173.57013061041894, "MIDPOINT_X": 359521.13409073366, "MIDPOINT_Y": 173554.56797066642, "SENSOR_X": 359522.0, "SENSOR_Y": 173381.0 }, "geometry": { "type": "LineString", "coordinates": [ [ 359522.280863371037412, 173549.981066635868046 ], [ 359519.987318096274976, 173559.154874696978368 ] ] } },
{ "type": "Feature", "properties": { "JOURNEY_LINK_ID": 51, "SITE_ID": 500, "SEGMENT_ID": 34, "SEGMENT_LENGTH": 30.000000000020709, "LENGTH_PROPORTION": 0.0013232694399666731, "DIST_TO_SENSOR": 175.5125379338848, "MIDPOINT_X": 359505.38487628114, "MIDPOINT_Y": 173555.72432182098, "SENSOR_X": 359522.0, "SENSOR_Y": 173381.0 }, "geometry": { "type": "LineString", "coordinates": [ [ 359519.987318096274976, 173559.154874696978368 ], [ 359490.782434465945698, 173552.293768944975454 ] ] } },
{ "type": "Feature", "properties": { "JOURNEY_LINK_ID": 51, "SITE_ID": 500, "SEGMENT_ID": 35, "SEGMENT_LENGTH": 29.999999999964043, "LENGTH_PROPORTION": 0.0013232694399641738, "DIST_TO_SENSOR": 174.00440334226849, "MIDPOINT_X": 359476.17999265081, "MIDPOINT_Y": 173548.86321606897, "SENSOR_X": 359522.0, "SENSOR_Y": 173381.0 }, "geometry": { "type": "LineString", "coordinates": [ [ 359490.782434465945698, 173552.293768944975454 ], [ 359461.577550835674629, 173545.432663192972541 ] ] } },
{ "type": "Feature", "properties": { "JOURNEY_LINK_ID": 51, "SITE_ID": 500, "SEGMENT_ID": 36, "SEGMENT_LENGTH": 30.000000000014051, "LENGTH_PROPORTION": 0.0013232694399663795, "DIST_TO_SENSOR": 177.62436148517531, "MIDPOINT_X": 359446.97510902048, "MIDPOINT_Y": 173542.002110317, "SENSOR_X": 359522.0, "SENSOR_Y": 173381.0 }, "geometry": { "type": "LineString", "coordinates": [ [ 359461.577550835674629, 173545.432663192972541 ], [ 359432.372667205345351, 173538.571557440998731 ] ] } },
{ "type": "Feature", "properties": { "JOURNEY_LINK_ID": 51, "SITE_ID": 500, "SEGMENT_ID": 37, "SEGMENT_LENGTH": 30.000000000020709, "LENGTH_PROPORTION": 0.0013232694399666731, "DIST_TO_SENSOR": 186.07335973619161, "MIDPOINT_X": 359417.77022539021, "MIDPOINT_Y": 173535.141004565, "SENSOR_X": 359522.0, "SENSOR_Y": 173381.0 }, "geometry": { "type": "LineString", "coordinates": [ [ 359432.372667205345351, 173538.571557440998731 ], [ 359403.167783575016074, 173531.710451688995818 ] ] } },
{ "type": "Feature", "properties": { "JOURNEY_LINK_ID": 51, "SITE_ID": 500, "SEGMENT_ID": 38, "SEGMENT_LENGTH": 2.2719985628962092, "LENGTH_PROPORTION": 0.00010021554219755592, "DIST_TO_SENSOR": 192.40724015096197, "MIDPOINT_X": 359402.06189268106, "MIDPOINT_Y": 173531.45064464887, "SENSOR_X": 359522.0, "SENSOR_Y": 173381.0 }, "geometry": { "type": "LineString", "coordinates": [ [ 359403.167783575016074, 173531.710451688995818 ], [ 359400.956001787097193, 173531.190837608708534 ] ] } },
{ "type": "Feature", "properties": { "JOURNEY_LINK_ID": 51, "SITE_ID": 500, "SEGMENT_ID": 39, "SEGMENT_LENGTH": 30.000000000020812, "LENGTH_PROPORTION": 0.0013232694399666776, "DIST_TO_SENSOR": 204.37164410007873, "MIDPOINT_X": 359386.16733512271, "MIDPOINT_Y": 173533.69988888176, "SENSOR_X": 359522.0, "SENSOR_Y": 173381.0 }, "geometry": { "type": "LineString", "coordinates": [ [ 359400.956001787097193, 173531.190837608708534 ], [ 359371.378668458375614, 173536.208940154785523 ] ] } },
{ "type": "Feature", "properties": { "JOURNEY_LINK_ID": 51, "SITE_ID": 500, "SEGMENT_ID": 40, "SEGMENT_LENGTH": 29.999999999959826, "LENGTH_PROPORTION": 0.0013232694399639877, "DIST_TO_SENSOR": 228.55072156203346, "MIDPOINT_X": 359356.59000179404, "MIDPOINT_Y": 173538.71799142784, "SENSOR_X": 359522.0, "SENSOR_Y": 173381.0 }, "geometry": { "type": "LineString", "coordinates": [ [ 359371.378668458375614, 173536.208940154785523 ], [ 359356.219252669485286, 173538.780892876908183 ], [ 359341.707843723124824, 173540.591695333365351 ] ] } },
{ "type": "Feature", "properties": { "JOURNEY_LINK_ID": 51, "SITE_ID": 500, "SEGMENT_ID": 41, "SEGMENT_LENGTH": 30.000000000001524, "LENGTH_PROPORTION": 0.001323269439965827, "DIST_TO_SENSOR": 253.29775149849323, "MIDPOINT_X": 359326.8232815701, "MIDPOINT_Y": 173542.44906161737, "SENSOR_X": 359522.0, "SENSOR_Y": 173381.0 }, "geometry": { "type": "LineString", "coordinates": [ [ 359341.707843723124824, 173540.591695333365351 ], [ 359311.93871941708494, 173544.306427901348798 ] ] } },
{ "type": "Feature", "properties": { "JOURNEY_LINK_ID": 51, "SITE_ID": 500, "SEGMENT_ID": 42, "SEGMENT_LENGTH": 10.263365220562234, "LENGTH_PROPORTION": 0.00045270658491924811, "DIST_TO_SENSOR": 270.49574462323534, "MIDPOINT_X": 359306.84652949963, "MIDPOINT_Y": 173544.94185551873, "SENSOR_X": 359522.0, "SENSOR_Y": 173381.0 }, "geometry": { "type": "LineString", "coordinates": [ [ 359311.93871941708494, 173544.306427901348798 ], [ 359301.754339582112152, 173545.57728313608095 ] ] } },
{ "type": "Feature", "properties": { "JOURNEY_LINK_ID": 51, "SITE_ID": 500, "SEGMENT_ID": 43, "SEGMENT_LENGTH": 29.999999999998792, "LENGTH_PROPORTION": 0.0013232694399657064, "DIST_TO_SENSOR": 284.6040185935376, "MIDPOINT_X": 359287.22055855457, "MIDPOINT_Y": 173541.86659464962, "SENSOR_X": 359522.0, "SENSOR_Y": 173381.0 }, "geometry": { "type": "LineString", "coordinates": [ [ 359301.754339582112152, 173545.57728313608095 ], [ 359272.686777527036611, 173538.155906163156033 ] ] } },
{ "type": "Feature", "properties": { "JOURNEY_LINK_ID": 51, "SITE_ID": 500, "SEGMENT_ID": 44, "SEGMENT_LENGTH": 7.1051776896349539, "LENGTH_PROPORTION": 0.00031340215007401518, "DIST_TO_SENSOR": 297.16630160250025, "MIDPOINT_X": 359269.24460763694, "MIDPOINT_Y": 173537.27706946159, "SENSOR_X": 359522.0, "SENSOR_Y": 173381.0 }, "geometry": { "type": "LineString", "coordinates": [ [ 359272.686777527036611, 173538.155906163156033 ], [ 359265.802437746839132, 173536.398232760024257 ] ] } },
{ "type": "Feature", "properties": { "JOURNEY_LINK_ID": 63, "SITE_ID": 500, "SEGMENT_ID": 0, "SEGMENT_LENGTH": 24.129234813288157, "LENGTH_PROPORTION": 0.0010643159679394043, "DIST_TO_SENSOR": 277.02409685116436, "MIDPOINT_X": 359449.54517068411, "MIDPOINT_Y": 173113.61890877437, "SENSOR_X": 359522.0, "SENSOR_Y": 173381.0 }, "geometry": { "type": "LineString", "coordinates": [ [ 359437.533840355579741, 173112.486240725789685 ], [ 359461.556501012586523, 173114.751576822949573 ] ] } },
{ "type": "Feature", "properties": { "JOURNEY_LINK_ID": 63, "SITE_ID": 500, "SEGMENT_ID": 1, "SEGMENT_LENGTH": 29.9999999999945, "LENGTH_PROPORTION": 0.0013232694399655171, "DIST_TO_SENSOR": 264.60625483565616, "MIDPOINT_X": 359475.39897639677, "MIDPOINT_Y": 173120.52962798567, "SENSOR_X": 359522.0, "SENSOR_Y": 173381.0 }, "geometry": { "type": "LineString", "coordinates": [ [ 359461.556501012586523, 173114.751576822949573 ], [ 359489.24145178089384, 173126.307679148390889 ] ] } },
{ "type": "Feature", "properties": { "JOURNEY_LINK_ID": 63, "SITE_ID": 500, "SEGMENT_ID": 2, "SEGMENT_LENGTH": 26.659571458034641, "LENGTH_PROPORTION": 0.0011759265397666885, "DIST_TO_SENSOR": 250.3947320458613, "MIDPOINT_X": 359501.5426005029, "MIDPOINT_Y": 173131.44235807707, "SENSOR_X": 359522.0, "SENSOR_Y": 173381.0 }, "geometry": { "type": "LineString", "coordinates": [ [ 359489.24145178089384, 173126.307679148390889 ], [ 359513.843749224906787, 173136.577037005743477 ] ] } },
{ "type": "Feature", "properties": { "JOURNEY_LINK_ID": 63, "SITE_ID": 500, "SEGMENT_ID": 3, "SEGMENT_LENGTH": 3.6142446500096952, "LENGTH_PROPORTION": 0.00015942064979725242, "DIST_TO_SENSOR": 242.87457801495296, "MIDPOINT_X": 359514.55184233346, "MIDPOINT_Y": 173138.23965399325, "SENSOR_X": 359522.0, "SENSOR_Y": 173381.0 }, "geometry": { "type": "LineString", "coordinates": [ [ 359513.843749224906787, 173136.577037005743477 ], [ 359515.259935442009009, 173139.902270980761386 ] ] } },
{ "type": "Feature", "properties": { "JOURNEY_LINK_ID": 63, "SITE_ID": 500, "SEGMENT_ID": 4, "SEGMENT_LENGTH": 18.957389705613643, "LENGTH_PROPORTION": 0.00083619114863200082, "DIST_TO_SENSOR": 231.75619439976981, "MIDPOINT_X": 359514.64032319817, "MIDPOINT_Y": 173149.36069245476, "SENSOR_X": 359522.0, "SENSOR_Y": 173381.0 }, "geometry": { "type": "LineString", "coordinates": [ [ 359515.259935442009009, 173139.902270980761386 ], [ 359514.020710954267997, 173158.819113928766456 ] ] } },
{ "type": "Feature", "properties": { "JOURNEY_LINK_ID": 63, "SITE_ID": 500, "SEGMENT_ID": 5, "SEGMENT_LENGTH": 30.000000000009315, "LENGTH_PROPORTION": 0.0013232694399661707, "DIST_TO_SENSOR": 207.9169621124642, "MIDPOINT_X": 359510.54912787577, "MIDPOINT_Y": 173173.39860149394, "SENSOR_X": 359522.0, "SENSOR_Y": 173381.0 }, "geometry": { "type": "LineString", "coordinates": [ [ 359514.020710954267997, 173158.819113928766456 ], [ 359511.338830305205192, 173171.074506830540486 ], [ 359505.723269727313891, 173187.601104552595643 ] ] } },
{ "type": "Feature", "properties": { "JOURNEY_LINK_ID": 63, "SITE_ID": 500, "SEGMENT_ID": 6, "SEGMENT_LENGTH": 29.999999999983164, "LENGTH_PROPORTION": 0.0013232694399650171, "DIST_TO_SENSOR": 180.43465931802945, "MIDPOINT_X": 359500.89741157892, "MIDPOINT_Y": 173201.80360761125, "SENSOR_X": 359522.0, "SENSOR_Y": 173381.0 }, "geometry": { "type": "LineString", "coordinates": [ [ 359505.723269727313891, 173187.601104552595643 ], [ 359496.07155343046179, 173216.006110669899499 ] ] } },
{ "type": "Feature", "properties": { "JOURNEY_LINK_ID": 63, "SITE_ID": 500, "SEGMENT_ID": 7, "SEGMENT_LENGTH": 30.000000000001894, "LENGTH_PROPORTION": 0.0013232694399658432, "DIST_TO_SENSOR": 153.89564461787865, "MIDPOINT_X": 359491.24569528201, "MIDPOINT_Y": 173230.20861372855, "SENSOR_X": 359522.0, "SENSOR_Y": 173381.0 }, "geometry": { "type": "LineString", "coordinates": [ [ 359496.07155343046179, 173216.006110669899499 ], [ 359486.419837133551482, 173244.411116787203355 ] ] } },
{ "type": "Feature", "properties": { "JOURNEY_LINK_ID": 63, "SITE_ID": 500, "SEGMENT_ID": 8, "SEGMENT_LENGTH": 23.838653476675759, "LENGTH_PROPORTION": 0.0010514987211872847, "DIST_TO_SENSOR": 131.35616520048472, "MIDPOINT_X": 359482.58510512928, "MIDPOINT_Y": 173255.69673508441, "SENSOR_X": 359522.0, "SENSOR_Y": 173381.0 }, "geometry": { "type": "LineString", "coordinates": [ [ 359486.419837133551482, 173244.411116787203355 ], [ 359478.750373124959879, 173266.982353381637949 ] ] } },
{ "type": "Feature", "properties": { "JOURNEY_LINK_ID": 63, "SITE_ID": 500, "SEGMENT_ID": 9, "SEGMENT_LENGTH": 22.512642679633586, "LENGTH_PROPORTION": 0.00099300973569426657, "DIST_TO_SENSOR": 112.25273947360671, "MIDPOINT_X": 359477.10197755334, "MIDPOINT_Y": 173278.1173236171, "SENSOR_X": 359522.0, "SENSOR_Y": 173381.0 }, "geometry": { "type": "LineString", "coordinates": [ [ 359478.750373124959879, 173266.982353381637949 ], [ 359475.453581981710158, 173289.252293852565344 ] ] } },
{ "type": "Feature", "properties": { "JOURNEY_LINK_ID": 63, "SITE_ID": 500, "SEGMENT_ID": 10, "SEGMENT_LENGTH": 30.000000000015646, "LENGTH_PROPORTION": 0.00132326943996645, "DIST_TO_SENSOR": 89.124887455875083, "MIDPOINT_X": 359476.79089810076, "MIDPOINT_Y": 173304.1925611058, "SENSOR_X": 359522.0, "SENSOR_Y": 173381.0 }, "geometry": { "type": "LineString", "coordinates": [ [ 359475.453581981710158, 173289.252293852565344 ], [ 359478.128214219817892, 173319.132828359026462 ] ] } },
{ "type": "Feature", "properties": { "JOURNEY_LINK_ID": 63, "SITE_ID": 500, "SEGMENT_ID": 11, "SEGMENT_LENGTH": 21.327842588366597, "LENGTH_PROPORTION": 0.00094074941058619151, "DIST_TO_SENSOR": 66.845642799991438, "MIDPOINT_X": 359479.07894980907, "MIDPOINT_Y": 173329.75428396586, "SENSOR_X": 359522.0, "SENSOR_Y": 173381.0 }, "geometry": { "type": "LineString", "coordinates": [ [ 359478.128214219817892, 173319.132828359026462 ], [ 359480.029685398330912, 173340.375739572686143 ] ] } },
{ "type": "Feature", "properties": { "JOURNEY_LINK_ID": 63, "SITE_ID": 500, "SEGMENT_ID": 12, "SEGMENT_LENGTH": 29.9999999999906, "LENGTH_PROPORTION": 0.0013232694399653452, "DIST_TO_SENSOR": 44.745767298244971, "MIDPOINT_X": 359486.32544245821, "MIDPOINT_Y": 173353.99056395801, "SENSOR_X": 359522.0, "SENSOR_Y": 173381.0 }, "geometry": { "type": "LineString", "coordinates": [ [ 359480.029685398330912, 173340.375739572686143 ], [ 359492.621199518092908, 173367.605388343305094 ] ] } },
{ "type": "Feature", "properties": { "JOURNEY_LINK_ID": 63, "SITE_ID": 500, "SEGMENT_ID": 13, "SEGMENT_LENGTH": 30.000000000017014, "LENGTH_PROPORTION": 0.0013232694399665102, "DIST_TO_SENSOR": 23.084093815200813, "MIDPOINT_X": 359498.91695657797, "MIDPOINT_Y": 173381.22021272863, "SENSOR_X": 359522.0, "SENSOR_Y": 173381.0 }, "geometry": { "type": "LineString", "coordinates": [ [ 359492.621199518092908, 173367.605388343305094 ], [ 359505.212713637854904, 173394.835037113953149 ] ] } },
{ "type": "Feature", "properties": { "JOURNEY_LINK_ID": 63, "SITE_ID": 500, "SEGMENT_ID": 14, "SEGMENT_LENGTH": 29.9999999999906, "LENGTH_PROPORTION": 0.0013232694399653452, "DIST_TO_SENSOR": 29.386511930274541, "MIDPOINT_X": 359511.50847069774, "MIDPOINT_Y": 173408.44986149925, "SENSOR_X": 359522.0, "SENSOR_Y": 173381.0 }, "geometry": { "type": "LineString", "coordinates": [ [ 359505.212713637854904, 173394.835037113953149 ], [ 359517.8042277576169, 173422.0646858845721 ] ] } },
{ "type": "Feature", "properties": { "JOURNEY_LINK_ID": 63, "SITE_ID": 500, "SEGMENT_ID": 15, "SEGMENT_LENGTH": 30.000000000017014, "LENGTH_PROPORTION": 0.0013232694399665102, "DIST_TO_SENSOR": 54.719820719638669, "MIDPOINT_X": 359524.0999848175, "MIDPOINT_Y": 173435.6795102699, "SENSOR_X": 359522.0, "SENSOR_Y": 173381.0 }, "geometry": { "type": "LineString", "coordinates": [ [ 359517.8042277576169, 173422.0646858845721 ], [ 359530.395741877378896, 173449.294334655220155 ] ] } },
{ "type": "Feature", "properties": { "JOURNEY_LINK_ID": 63, "SITE_ID": 500, "SEGMENT_ID": 16, "SEGMENT_LENGTH": 13.069125113475533, "LENGTH_PROPORTION": 0.00057646579565837379, "DIST_TO_SENSOR": 75.056535323755483, "MIDPOINT_X": 359533.13840976736, "MIDPOINT_Y": 173455.22546276488, "SENSOR_X": 359522.0, "SENSOR_Y": 173381.0 }, "geometry": { "type": "LineString", "coordinates": [ [ 359530.395741877378896, 173449.294334655220155 ], [ 359535.8810776573373, 173461.156590874539688 ] ] } },
{ "type": "Feature", "properties": { "JOURNEY_LINK_ID": 63, "SITE_ID": 500, "SEGMENT_ID": 17, "SEGMENT_LENGTH": 29.999999999992987, "LENGTH_PROPORTION": 0.0013232694399654503, "DIST_TO_SENSOR": 95.819756570281726, "MIDPOINT_X": 359534.10902424733, "MIDPOINT_Y": 173476.05155064998, "SENSOR_X": 359522.0, "SENSOR_Y": 173381.0 }, "geometry": { "type": "LineString", "coordinates": [ [ 359535.8810776573373, 173461.156590874539688 ], [ 359532.336970837321132, 173490.946510425419547 ] ] } },
{ "type": "Feature", "properties": { "JOURNEY_LINK_ID": 63, "SITE_ID": 500, "SEGMENT_ID": 18, "SEGMENT_LENGTH": 29.999999999992987, "LENGTH_PROPORTION": 0.0013232694399654503, "DIST_TO_SENSOR": 125.13492914629701, "MIDPOINT_X": 359530.56491742731, "MIDPOINT_Y": 173505.84147020086, "SENSOR_X": 359522.0, "SENSOR_Y": 173381.0 }, "geometry": { "type": "LineString", "coordinates": [ [ 359532.336970837321132, 173490.946510425419547 ], [ 359528.792864017304964, 173520.736429976299405 ] ] } },
{ "type": "Feature", "properties": { "JOURNEY_LINK_ID": 63, "SITE_ID": 500, "SEGMENT_ID": 19, "SEGMENT_LENGTH": 30.000000000027825, "LENGTH_PROPORTION": 0.0013232694399669871, "DIST_TO_SENSOR": 154.47868382136323, "MIDPOINT_X": 359525.9190369788, "MIDPOINT_Y": 173535.42896394245, "SENSOR_X": 359522.0, "SENSOR_Y": 173381.0 }, "geometry": { "type": "LineString", "coordinates": [ [ 359528.792864017304964, 173520.736429976299405 ], [ 359528.067046384443529, 173526.837275687023066 ], [ 359522.280863371037412, 173549.981066635868046 ] ] } },
{ "type": "Feature", "properties": { "JOURNEY_LINK_ID": 63, "SITE_ID": 500, "SEGMENT_ID": 20, "SEGMENT_LENGTH": 9.4561675254554274, "LENGTH_PROPORTION": 0.00041710191685439358, "DIST_TO_SENSOR": 173.57013061041894, "MIDPOINT_X": 359521.13409073366, "MIDPOINT_Y": 173554.56797066642, "SENSOR_X": 359522.0, "SENSOR_Y": 173381.0 }, "geometry": { "type": "LineString", "coordinates": [ [ 359522.280863371037412, 173549.981066635868046 ], [ 359519.987318096274976, 173559.154874696978368 ] ] } },
{ "type": "Feature", "properties": { "JOURNEY_LINK_ID": 63, "SITE_ID": 500, "SEGMENT_ID": 21, "SEGMENT_LENGTH": 29.999999999988088, "LENGTH_PROPORTION": 0.0013232694399652343, "DIST_TO_SENSOR": 174.28545397328273, "MIDPOINT_X": 359505.72022573638, "MIDPOINT_Y": 173554.52345206513, "SENSOR_X": 359522.0, "SENSOR_Y": 173381.0 }, "geometry": { "type": "LineString", "coordinates": [ [ 359519.987318096274976, 173559.154874696978368 ], [ 359491.453133376548067, 173549.892029433249263 ] ] } },
{ "type": "Feature", "properties": { "JOURNEY_LINK_ID": 63, "SITE_ID": 500, "SEGMENT_ID": 22, "SEGMENT_LENGTH": 30.000000000034465, "LENGTH_PROPORTION": 0.00132326943996728, "DIST_TO_SENSOR": 170.26402399369275, "MIDPOINT_X": 359477.18604101666, "MIDPOINT_Y": 173545.2606068014, "SENSOR_X": 359522.0, "SENSOR_Y": 173381.0 }, "geometry": { "type": "LineString", "coordinates": [ [ 359491.453133376548067, 173549.892029433249263 ], [ 359462.91894865676295, 173540.629184169549262 ] ] } },
{ "type": "Feature", "properties": { "JOURNEY_LINK_ID": 63, "SITE_ID": 500, "SEGMENT_ID": 23, "SEGMENT_LENGTH": 29.999999999988088, "LENGTH_PROPORTION": 0.0013232694399652343, "DIST_TO_SENSOR": 171.47669307044288, "MIDPOINT_X": 359448.65185629693, "MIDPOINT_Y": 173535.99776153767, "SENSOR_X": 359522.0, "SENSOR_Y": 173381.0 }, "geometry": { "type": "LineString", "coordinates": [ [ 359462.91894865676295, 173540.629184169549262 ], [ 359434.384763937036041, 173531.366338905820157 ] ] } },
{ "type": "Feature", "properties": { "JOURNEY_LINK_ID": 63, "SITE_ID": 500, "SEGMENT_ID": 24, "SEGMENT_LENGTH": 29.999999999979103, "LENGTH_PROPORTION": 0.001323269439964838, "DIST_TO_SENSOR": 177.8164071907986, "MIDPOINT_X": 359420.11767157714, "MIDPOINT_Y": 173526.73491627397, "SENSOR_X": 359522.0, "SENSOR_Y": 173381.0 }, "geometry": { "type": "LineString", "coordinates": [ [ 359434.384763937036041, 173531.366338905820157 ], [ 359405.850579217309132, 173522.103493642120156 ] ] } },
{ "type": "Feature", "properties": { "JOURNEY_LINK_ID": 63, "SITE_ID": 500, "SEGMENT_ID": 25, "SEGMENT_LENGTH": 3.0389175314294055, "LENGTH_PROPORTION": 0.00013404355666389061, "DIST_TO_SENSOR": 183.32080458950773, "MIDPOINT_X": 359404.40536198078, "MIDPOINT_Y": 173521.63434326107, "SENSOR_X": 359522.0, "SENSOR_Y": 173381.0 }, "geometry": { "type": "LineString", "coordinates": [ [ 359405.850579217309132, 173522.103493642120156 ], [ 359402.960144744312856, 173521.165192880027462 ] ] } },
{ "type": "Feature", "properties": { "JOURNEY_LINK_ID": 63, "SITE_ID": 500, "SEGMENT_ID": 26, "SEGMENT_LENGTH": 29.999999999972534, "LENGTH_PROPORTION": 0.0013232694399645483, "DIST_TO_SENSOR": 195.13248248077241, "MIDPOINT_X": 359388.06143204367, "MIDPOINT_Y": 173522.90541121789, "SENSOR_X": 359522.0, "SENSOR_Y": 173381.0 }, "geometry": { "type": "LineString", "coordinates": [ [ 359402.960144744312856, 173521.165192880027462 ], [ 359373.162719343032222, 173524.645629555714549 ] ] } },
{ "type": "Feature", "properties": { "JOURNEY_LINK_ID": 63, "SITE_ID": 500, "SEGMENT_ID": 27, "SEGMENT_LENGTH": 30.000000000030351, "LENGTH_PROPORTION": 0.0013232694399670985, "DIST_TO_SENSOR": 218.96693880247597, "MIDPOINT_X": 359358.26400664239, "MIDPOINT_Y": 173526.38584789354, "SENSOR_X": 359522.0, "SENSOR_Y": 173381.0 }, "geometry": { "type": "LineString", "coordinates": [ [ 359373.162719343032222, 173524.645629555714549 ], [ 359343.36529394169338, 173528.126066231401637 ] ] } },
{ "type": "Feature", "properties": { "JOURNEY_LINK_ID": 63, "SITE_ID": 500, "SEGMENT_ID": 28, "SEGMENT_LENGTH": 29.999999999984961, "LENGTH_PROPORTION": 0.0013232694399650964, "DIST_TO_SENSOR": 244.16460607134087, "MIDPOINT_X": 359328.46658124105, "MIDPOINT_Y": 173529.86628456923, "SENSOR_X": 359522.0, "SENSOR_Y": 173381.0 }, "geometry": { "type": "LineString", "coordinates": [ [ 359343.36529394169338, 173528.126066231401637 ], [ 359323.695818754436914, 173530.423525220248848 ], [ 359313.579997128399555, 173531.706086944206618 ] ] } },
{ "type": "Feature", "properties": { "JOURNEY_LINK_ID": 63, "SITE_ID": 500, "SEGMENT_ID": 29, "SEGMENT_LENGTH": 30.000000000031477, "LENGTH_PROPORTION": 0.0013232694399671482, "DIST_TO_SENSOR": 270.45857786751316, "MIDPOINT_X": 359298.699126177, "MIDPOINT_Y": 173533.59279829665, "SENSOR_X": 359522.0, "SENSOR_Y": 173381.0 }, "geometry": { "type": "LineString", "coordinates": [ [ 359313.579997128399555, 173531.706086944206618 ], [ 359283.818255225545727, 173535.479509649099782 ] ] } },
{ "type": "Feature", "properties": { "JOURNEY_LINK_ID": 63, "SITE_ID": 500, "SEGMENT_ID": 30, "SEGMENT_LENGTH": 17.39333096281085, "LENGTH_PROPORTION": 0.00076720211074326073, "DIST_TO_SENSOR": 291.7497706680407, "MIDPOINT_X": 359275.19065810979, "MIDPOINT_Y": 173536.57338281523, "SENSOR_X": 359522.0, "SENSOR_Y": 173381.0 }, "geometry": { "type": "LineString", "coordinates": [ [ 359283.818255225545727, 173535.479509649099782 ], [ 359266.563060994027182, 173537.667255981388735 ] ] } },
{ "type": "Feature", "properties": { "JOURNEY_LINK_ID": 80, "SITE_ID": 500, "SEGMENT_ID": 0, "SEGMENT_LENGTH": 30.000000000020403, "LENGTH_PROPORTION": 0.0013232694399666596, "DIST_TO_SENSOR": 229.87331613473194, "MIDPOINT_X": 359356.34768921032, "MIDPOINT_Y": 173540.37707928312, "SENSOR_X": 359522.0, "SENSOR_Y": 173381.0 }, "geometry": { "type": "LineString", "coordinates": [ [ 359341.655975211993791, 173543.402561028662603 ], [ 359371.039403208589647, 173537.351597537606722 ] ] } },
{ "type": "Feature", "properties": { "JOURNEY_LINK_ID": 80, "SITE_ID": 500, "SEGMENT_ID": 1, "SEGMENT_LENGTH": 29.999999999963396, "LENGTH_PROPORTION": 0.0013232694399641452, "DIST_TO_SENSOR": 205.12948642645543, "MIDPOINT_X": 359385.73111720686, "MIDPOINT_Y": 173534.32611579209, "SENSOR_X": 359522.0, "SENSOR_Y": 173381.0 }, "geometry": { "type": "LineString", "coordinates": [ [ 359371.039403208589647, 173537.351597537606722 ], [ 359400.422831205127295, 173531.30063404655084 ] ] } },
{ "type": "Feature", "properties": { "JOURNEY_LINK_ID": 80, "SITE_ID": 500, "SEGMENT_ID": 2, "SEGMENT_LENGTH": 0.54435845473454281, "LENGTH_PROPORTION": 2.4011096917906827e-05, "DIST_TO_SENSOR": 193.10628887855174, "MIDPOINT_X": 359400.68941649608, "MIDPOINT_Y": 173531.24573582763, "SENSOR_X": 359522.0, "SENSOR_Y": 173381.0 }, "geometry": { "type": "LineString", "coordinates": [ [ 359400.422831205127295, 173531.30063404655084 ], [ 359400.956001787097193, 173531.190837608708534 ] ] } },
{ "type": "Feature", "properties": { "JOURNEY_LINK_ID": 80, "SITE_ID": 500, "SEGMENT_ID": 3, "SEGMENT_LENGTH": 30.000000000010896, "LENGTH_PROPORTION": 0.0013232694399662403, "DIST_TO_SENSOR": 187.42341522179723, "MIDPOINT_X": 359415.41892123455, "MIDPOINT_Y": 173535.16877187873, "SENSOR_X": 359522.0, "SENSOR_Y": 173381.0 }, "geometry": { "type": "LineString", "coordinates": [ [ 359400.956001787097193, 173531.190837608708534 ], [ 359429.881840682006441, 173539.146706148749217 ] ] } },
{ "type": "Feature", "properties": { "JOURNEY_LINK_ID": 80, "SITE_ID": 500, "SEGMENT_ID": 4, "SEGMENT_LENGTH": 27.051594942800357, "LENGTH_PROPORTION": 0.0011932182963380002, "DIST_TO_SENSOR": 180.03028578174784, "MIDPOINT_X": 359442.9233419681, "MIDPOINT_Y": 173542.73368836814, "SENSOR_X": 359522.0, "SENSOR_Y": 173381.0 }, "geometry": { "type": "LineString", "coordinates": [ [ 359429.881840682006441, 173539.146706148749217 ], [ 359455.964843254187144, 173546.320670587534551 ] ] } },
{ "type": "Feature", "properties": { "JOURNEY_LINK_ID": 80, "SITE_ID": 500, "SEGMENT_ID": 5, "SEGMENT_LENGTH": 30.000000000012975, "LENGTH_PROPORTION": 0.001323269439966332, "DIST_TO_SENSOR": 181.63121541821195, "MIDPOINT_X": 359468.49223711621, "MIDPOINT_Y": 173554.57078592168, "SENSOR_X": 359522.0, "SENSOR_Y": 173381.0 }, "geometry": { "type": "LineString", "coordinates": [ [ 359455.964843254187144, 173546.320670587534551 ], [ 359481.019630978174973, 173562.820901255821809 ] ] } },
{ "type": "Feature", "properties": { "JOURNEY_LINK_ID": 80, "SITE_ID": 500, "SEGMENT_ID": 6, "SEGMENT_LENGTH": 29.999999999980371, "LENGTH_PROPORTION": 0.0013232694399648939, "DIST_TO_SENSOR": 192.18887361916038, "MIDPOINT_X": 359493.54702484014, "MIDPOINT_Y": 173571.07101658999, "SENSOR_X": 359522.0, "SENSOR_Y": 173381.0 }, "geometry": { "type": "LineString", "coordinates": [ [ 359481.019630978174973, 173562.820901255821809 ], [ 359506.074418702104595, 173579.321131924138172 ] ] } },
{ "type": "Feature", "properties": { "JOURNEY_LINK_ID": 80, "SITE_ID": 500, "SEGMENT_ID": 7, "SEGMENT_LENGTH": 29.999999999990663, "LENGTH_PROPORTION": 0.001323269439965348, "DIST_TO_SENSOR": 206.36643035074707, "MIDPOINT_X": 359518.73962344986, "MIDPOINT_Y": 173587.3406734516, "SENSOR_X": 359522.0, "SENSOR_Y": 173381.0 }, "geometry": { "type": "LineString", "coordinates": [ [ 359506.074418702104595, 173579.321131924138172 ], [ 359516.031633495818824, 173585.878614778106567 ], [ 359531.938725857646205, 173594.466941453050822 ] ] } },
{ "type": "Feature", "properties": { "JOURNEY_LINK_ID": 80, "SITE_ID": 500, "SEGMENT_ID": 8, "SEGMENT_LENGTH": 30.000000000028944, "LENGTH_PROPORTION": 0.0013232694399670365, "DIST_TO_SENSOR": 222.56867713383977, "MIDPOINT_X": 359544.62433361483, "MIDPOINT_Y": 173602.41579792235, "SENSOR_X": 359522.0, "SENSOR_Y": 173381.0 }, "geometry": { "type": "LineString", "coordinates": [ [ 359531.938725857646205, 173594.466941453050822 ], [ 359538.360647664871067, 173597.934172365290578 ], [ 359556.823364034062251, 173611.144122895144392 ] ] } },
{ "type": "Feature", "properties": { "JOURNEY_LINK_ID": 80, "SITE_ID": 500, "SEGMENT_ID": 9, "SEGMENT_LENGTH": 29.999999999981647, "LENGTH_PROPORTION": 0.0013232694399649503, "DIST_TO_SENSOR": 243.456673620874, "MIDPOINT_X": 359569.02239445329, "MIDPOINT_Y": 173619.87244786794, "SENSOR_X": 359522.0, "SENSOR_Y": 173381.0 }, "geometry": { "type": "LineString", "coordinates": [ [ 359556.823364034062251, 173611.144122895144392 ], [ 359569.105853757180739, 173619.932162443699781 ], [ 359581.427598881709855, 173628.305122896970715 ] ] } },
{ "type": "Feature", "properties": { "JOURNEY_LINK_ID": 80, "SITE_ID": 500, "SEGMENT_ID": 10, "SEGMENT_LENGTH": 22.26392664097477, "LENGTH_PROPORTION": 0.00098203912458804808, "DIST_TO_SENSOR": 262.68673533653759, "MIDPOINT_X": 359590.63493827177, "MIDPOINT_Y": 173634.56176007079, "SENSOR_X": 359522.0, "SENSOR_Y": 173381.0 }, "geometry": { "type": "LineString", "coordinates": [ [ 359581.427598881709855, 173628.305122896970715 ], [ 359599.842277661839034, 173640.818397244613152 ] ] } },
{ "type": "Feature", "properties": { "JOURNEY_LINK_ID": 80, "SITE_ID": 500, "SEGMENT_ID": 11, "SEGMENT_LENGTH": 30.00000000001863, "LENGTH_PROPORTION": 0.0013232694399665816, "DIST_TO_SENSOR": 271.51642756604167, "MIDPOINT_X": 359614.17430187797, "MIDPOINT_Y": 173636.39198991263, "SENSOR_X": 359522.0, "SENSOR_Y": 173381.0 }, "geometry": { "type": "LineString", "coordinates": [ [ 359599.842277661839034, 173640.818397244613152 ], [ 359628.50632609409513, 173631.965582580654882 ] ] } },
{ "type": "Feature", "properties": { "JOURNEY_LINK_ID": 80, "SITE_ID": 500, "SEGMENT_ID": 12, "SEGMENT_LENGTH": 4.8179402246622036, "LENGTH_PROPORTION": 0.00021251443542924203, "DIST_TO_SENSOR": 272.88570028757169, "MIDPOINT_X": 359630.80802062649, "MIDPOINT_Y": 173631.25471038281, "SENSOR_X": 359522.0, "SENSOR_Y": 173381.0 }, "geometry": { "type": "LineString", "coordinates": [ [ 359628.50632609409513, 173631.965582580654882 ], [ 359633.109715158876497, 173630.543838184967171 ] ] } },
{ "type": "Feature", "properties": { "JOURNEY_LINK_ID": 80, "SITE_ID": 500, "SEGMENT_ID": 13, "SEGMENT_LENGTH": 15.206204673699448, "LENGTH_PROPORTION": 0.00067073019808569956, "DIST_TO_SENSOR": 265.75601110767894, "MIDPOINT_X": 359628.54535612446, "MIDPOINT_Y": 173624.46323034121, "SENSOR_X": 359522.0, "SENSOR_Y": 173381.0 }, "geometry": { "type": "LineString", "coordinates": [ [ 359633.109715158876497, 173630.543838184967171 ], [ 359623.980997090053279, 173618.382622497447301 ] ] } },
{ "type": "Feature", "properties": { "JOURNEY_LINK_ID": 80, "SITE_ID": 500, "SEGMENT_ID": 14, "SEGMENT_LENGTH": 30.000000000018265, "LENGTH_PROPORTION": 0.0013232694399665653, "DIST_TO_SENSOR": 245.93215273185049, "MIDPOINT_X": 359611.49458976724, "MIDPOINT_Y": 173610.07060516294, "SENSOR_X": 359522.0, "SENSOR_Y": 173381.0 }, "geometry": { "type": "LineString", "coordinates": [ [ 359623.980997090053279, 173618.382622497447301 ], [ 359599.008182444435079, 173601.758587828429881 ] ] } },
{ "type": "Feature", "properties": { "JOURNEY_LINK_ID": 80, "SITE_ID": 500, "SEGMENT_ID": 15, "SEGMENT_LENGTH": 29.999999999953687, "LENGTH_PROPORTION": 0.0013232694399637169, "DIST_TO_SENSOR": 222.02838732802118, "MIDPOINT_X": 359586.52177512168, "MIDPOINT_Y": 173593.44657049392, "SENSOR_X": 359522.0, "SENSOR_Y": 173381.0 }, "geometry": { "type": "LineString", "coordinates": [ [ 359599.008182444435079, 173601.758587828429881 ], [ 359574.035367798875086, 173585.134553159441566 ] ] } },
{ "type": "Feature", "properties": { "JOURNEY_LINK_ID": 80, "SITE_ID": 500, "SEGMENT_ID": 16, "SEGMENT_LENGTH": 5.4489498885119882, "LENGTH_PROPORTION": 0.00024034762891242493, "DIST_TO_SENSOR": 208.64711582592909, "MIDPOINT_X": 359571.76744087256, "MIDPOINT_Y": 173583.62482762849, "SENSOR_X": 359522.0, "SENSOR_Y": 173381.0 }, "geometry": { "type": "LineString", "coordinates": [ [ 359574.035367798875086, 173585.134553159441566 ], [ 359569.499513946240768, 173582.115102097566705 ] ] } },
{ "type": "Feature", "properties": { "JOURNEY_LINK_ID": 80, "SITE_ID": 500, "SEGMENT_ID": 17, "SEGMENT_LENGTH": 23.121222403277557, "LENGTH_PROPORTION": 0.001019853567363629, "DIST_TO_SENSOR": 199.65945539177659, "MIDPOINT_X": 359559.03867206548, "MIDPOINT_Y": 173577.19387069673, "SENSOR_X": 359522.0, "SENSOR_Y": 173381.0 }, "geometry": { "type": "LineString", "coordinates": [ [ 359569.499513946240768, 173582.115102097566705 ], [ 359548.577830184658524, 173572.272639295901172 ] ] } },
{ "type": "Feature", "properties": { "JOURNEY_LINK_ID": 80, "SITE_ID": 500, "SEGMENT_ID": 18, "SEGMENT_LENGTH": 29.455533050434877, "LENGTH_PROPORTION": 0.0012992535574513962, "DIST_TO_SENSOR": 178.7207444424688, "MIDPOINT_X": 359543.60395134171, "MIDPOINT_Y": 173558.41018510924, "SENSOR_X": 359522.0, "SENSOR_Y": 173381.0 }, "geometry": { "type": "LineString", "coordinates": [ [ 359548.577830184658524, 173572.272639295901172 ], [ 359538.630072498810478, 173544.547730922582559 ] ] } },
{ "type": "Feature", "properties": { "JOURNEY_LINK_ID": 80, "SITE_ID": 500, "SEGMENT_ID": 19, "SEGMENT_LENGTH": 30.000000000014488, "LENGTH_PROPORTION": 0.0013232694399663988, "DIST_TO_SENSOR": 149.8526211310359, "MIDPOINT_X": 359540.66217269131, "MIDPOINT_Y": 173529.68601605491, "SENSOR_X": 359522.0, "SENSOR_Y": 173381.0 }, "geometry": { "type": "LineString", "coordinates": [ [ 359538.630072498810478, 173544.547730922582559 ], [ 359542.694272883760277, 173514.824301187240053 ] ] } },
{ "type": "Feature", "properties": { "JOURNEY_LINK_ID": 80, "SITE_ID": 500, "SEGMENT_ID": 20, "SEGMENT_LENGTH": 29.999999999985651, "LENGTH_PROPORTION": 0.0013232694399651268, "DIST_TO_SENSOR": 121.1139338682659, "MIDPOINT_X": 359544.72637307621, "MIDPOINT_Y": 173499.9625863196, "SENSOR_X": 359522.0, "SENSOR_Y": 173381.0 }, "geometry": { "type": "LineString", "coordinates": [ [ 359542.694272883760277, 173514.824301187240053 ], [ 359546.758473268710077, 173485.10087145192665 ] ] } },
{ "type": "Feature", "properties": { "JOURNEY_LINK_ID": 80, "SITE_ID": 500, "SEGMENT_ID": 21, "SEGMENT_LENGTH": 17.538796191910301, "LENGTH_PROPORTION": 0.00077361843381809148, "DIST_TO_SENSOR": 98.877353432750454, "MIDPOINT_X": 359547.94649297261, "MIDPOINT_Y": 173476.41231851437, "SENSOR_X": 359522.0, "SENSOR_Y": 173381.0 }, "geometry": { "type": "LineString", "coordinates": [ [ 359546.758473268710077, 173485.10087145192665 ], [ 359549.134512676508166, 173467.723765576840378 ] ] } },
{ "type": "Feature", "properties": { "JOURNEY_LINK_ID": 80, "SITE_ID": 500, "SEGMENT_ID": 22, "SEGMENT_LENGTH": 28.834577755226146, "LENGTH_PROPORTION": 0.0012718638519269086, "DIST_TO_SENSOR": 76.458613489589453, "MIDPOINT_X": 359545.20261473872, "MIDPOINT_Y": 173453.8529906458, "SENSOR_X": 359522.0, "SENSOR_Y": 173381.0 }, "geometry": { "type": "LineString", "coordinates": [ [ 359549.134512676508166, 173467.723765576840378 ], [ 359541.270716800994705, 173439.982215714757331 ] ] } },
{ "type": "Feature", "properties": { "JOURNEY_LINK_ID": 80, "SITE_ID": 500, "SEGMENT_ID": 23, "SEGMENT_LENGTH": 29.999999999989285, "LENGTH_PROPORTION": 0.001323269439965287, "DIST_TO_SENSOR": 47.216015232892921, "MIDPOINT_X": 359534.83838358783, "MIDPOINT_Y": 173426.43707738537, "SENSOR_X": 359522.0, "SENSOR_Y": 173381.0 }, "geometry": { "type": "LineString", "coordinates": [ [ 359541.270716800994705, 173439.982215714757331 ], [ 359535.615279874706175, 173427.793428912584204 ], [ 359529.273957234690897, 173416.722372463264037 ], [ 359527.510050543700345, 173413.351444525324041 ] ] } },
{ "type": "Feature", "properties": { "JOURNEY_LINK_ID": 80, "SITE_ID": 500, "SEGMENT_ID": 24, "SEGMENT_LENGTH": 30.000000000013276, "LENGTH_PROPORTION": 0.0013232694399663454, "DIST_TO_SENSOR": 19.115677992664455, "MIDPOINT_X": 359520.5555691155, "MIDPOINT_Y": 173400.06102737365, "SENSOR_X": 359522.0, "SENSOR_Y": 173381.0 }, "geometry": { "type": "LineString", "coordinates": [ [ 359527.510050543700345, 173413.351444525324041 ], [ 359513.601087687304243, 173386.770610222010873 ] ] } },
{ "type": "Feature", "properties": { "JOURNEY_LINK_ID": 80, "SITE_ID": 500, "SEGMENT_ID": 25, "SEGMENT_LENGTH": 1.1957893860208331, "LENGTH_PROPORTION": 5.2745051705226252e-05, "DIST_TO_SENSOR": 10.136152220091727, "MIDPOINT_X": 359513.32388451806, "MIDPOINT_Y": 173386.24085889649, "SENSOR_X": 359522.0, "SENSOR_Y": 173381.0 }, "geometry": { "type": "LineString", "coordinates": [ [ 359513.601087687304243, 173386.770610222010873 ], [ 359513.046681348816492, 173385.711107570969034 ] ] } },
{ "type": "Feature", "properties": { "JOURNEY_LINK_ID": 80, "SITE_ID": 500, "SEGMENT_ID": 26, "SEGMENT_LENGTH": 29.999999999988862, "LENGTH_PROPORTION": 0.0013232694399652684, "DIST_TO_SENSOR": 16.464966241286373, "MIDPOINT_X": 359508.64353354916, "MIDPOINT_Y": 173371.37192037454, "SENSOR_X": 359522.0, "SENSOR_Y": 173381.0 }, "geometry": { "type": "LineString", "coordinates": [ [ 359513.046681348816492, 173385.711107570969034 ], [ 359504.240385749493726, 173357.03273317811545 ] ] } },
{ "type": "Feature", "properties": { "JOURNEY_LINK_ID": 80, "SITE_ID": 500, "SEGMENT_ID": 27, "SEGMENT_LENGTH": 30.000000000016684, "LENGTH_PROPORTION": 0.0013232694399664957, "DIST_TO_SENSOR": 44.255761671804756, "MIDPOINT_X": 359499.83723794983, "MIDPOINT_Y": 173342.69354598166, "SENSOR_X": 359522.0, "SENSOR_Y": 173381.0 }, "geometry": { "type": "LineString", "coordinates": [ [ 359504.240385749493726, 173357.03273317811545 ], [ 359495.43409015017096, 173328.354358785232762 ] ] } },
{ "type": "Feature", "properties": { "JOURNEY_LINK_ID": 80, "SITE_ID": 500, "SEGMENT_ID": 28, "SEGMENT_LENGTH": 17.759075229194593, "LENGTH_PROPORTION": 0.00078333471776153749, "DIST_TO_SENSOR": 67.737706119977915, "MIDPOINT_X": 359492.82756238285, "MIDPOINT_Y": 173319.86600198032, "SENSOR_X": 359522.0, "SENSOR_Y": 173381.0 }, "geometry": { "type": "LineString", "coordinates": [ [ 359495.43409015017096, 173328.354358785232762 ], [ 359490.221034615533426, 173311.377645175438374 ] ] } },
{ "type": "Feature", "properties": { "JOURNEY_LINK_ID": 80, "SITE_ID": 500, "SEGMENT_ID": 29, "SEGMENT_LENGTH": 29.999999999986215, "LENGTH_PROPORTION": 0.0013232694399651517, "DIST_TO_SENSOR": 90.156284933393124, "MIDPOINT_X": 359490.83669333247, "MIDPOINT_Y": 173296.40092181036, "SENSOR_X": 359522.0, "SENSOR_Y": 173381.0 }, "geometry": { "type": "LineString", "coordinates": [ [ 359490.221034615533426, 173311.377645175438374 ], [ 359490.176720284274779, 173305.817150189250242 ], [ 359491.885453929193318, 173281.437630019761855 ] ] } },
{ "type": "Feature", "properties": { "JOURNEY_LINK_ID": 80, "SITE_ID": 500, "SEGMENT_ID": 30, "SEGMENT_LENGTH": 2.3334015022752106, "LENGTH_PROPORTION": 0.00010292396330436601, "DIST_TO_SENSOR": 105.1082774782073, "MIDPOINT_X": 359491.96702658094, "MIDPOINT_Y": 173280.273784435, "SENSOR_X": 359522.0, "SENSOR_Y": 173381.0 }, "geometry": { "type": "LineString", "coordinates": [ [ 359491.885453929193318, 173281.437630019761855 ], [ 359492.048599232686684, 173279.109938850218896 ] ] } },
{ "type": "Feature", "properties": { "JOURNEY_LINK_ID": 80, "SITE_ID": 500, "SEGMENT_ID": 31, "SEGMENT_LENGTH": 30.000000000014587, "LENGTH_PROPORTION": 0.0013232694399664031, "DIST_TO_SENSOR": 118.72305720237475, "MIDPOINT_X": 359496.9791773184, "MIDPOINT_Y": 173264.94345023303, "SENSOR_X": 359522.0, "SENSOR_Y": 173381.0 }, "geometry": { "type": "LineString", "coordinates": [ [ 359492.048599232686684, 173279.109938850218896 ], [ 359501.90975540416548, 173250.776961615862092 ] ] } },
{ "type": "Feature", "properties": { "JOURNEY_LINK_ID": 80, "SITE_ID": 500, "SEGMENT_ID": 32, "SEGMENT_LENGTH": 29.999999999967969, "LENGTH_PROPORTION": 0.0013232694399643468, "DIST_TO_SENSOR": 145.18316361189349, "MIDPOINT_X": 359506.84033348988, "MIDPOINT_Y": 173236.6104729987, "SENSOR_X": 359522.0, "SENSOR_Y": 173381.0 }, "geometry": { "type": "LineString", "coordinates": [ [ 359501.90975540416548, 173250.776961615862092 ], [ 359511.770911575586069, 173222.443984381534392 ] ] } },
{ "type": "Feature", "properties": { "JOURNEY_LINK_ID": 80, "SITE_ID": 500, "SEGMENT_ID": 33, "SEGMENT_LENGTH": 29.999999999999748, "LENGTH_PROPORTION": 0.0013232694399657487, "DIST_TO_SENSOR": 172.78911034995889, "MIDPOINT_X": 359516.73685994424, "MIDPOINT_Y": 173208.29106562692, "SENSOR_X": 359522.0, "SENSOR_Y": 173381.0 }, "geometry": { "type": "LineString", "coordinates": [ [ 359511.770911575586069, 173222.443984381534392 ], [ 359516.503176428144798, 173208.847287401731592 ], [ 359522.54683442163514, 173194.461958765954478 ] ] } },
{ "type": "Feature", "properties": { "JOURNEY_LINK_ID": 80, "SITE_ID": 500, "SEGMENT_ID": 34, "SEGMENT_LENGTH": 30.000000000022091, "LENGTH_PROPORTION": 0.0013232694399667342, "DIST_TO_SENSOR": 200.46796017093911, "MIDPOINT_X": 359528.35680889909, "MIDPOINT_Y": 173180.63285190501, "SENSOR_X": 359522.0, "SENSOR_Y": 173381.0 }, "geometry": { "type": "LineString", "coordinates": [ [ 359522.54683442163514, 173194.461958765954478 ], [ 359534.16678337653866, 173166.803745044046082 ] ] } },
{ "type": "Feature", "properties": { "JOURNEY_LINK_ID": 80, "SITE_ID": 500, "SEGMENT_ID": 35, "SEGMENT_LENGTH": 29.999999999996387, "LENGTH_PROPORTION": 0.0013232694399656004, "DIST_TO_SENSOR": 228.80111905014218, "MIDPOINT_X": 359539.73447936069, "MIDPOINT_Y": 173152.887220173, "SENSOR_X": 359522.0, "SENSOR_Y": 173381.0 }, "geometry": { "type": "LineString", "coordinates": [ [ 359534.16678337653866, 173166.803745044046082 ], [ 359539.006950002512895, 173155.283009151695296 ], [ 359544.092999449174386, 173138.534405026206514 ] ] } },
{ "type": "Feature", "properties": { "JOURNEY_LINK_ID": 80, "SITE_ID": 500, "SEGMENT_ID": 36, "SEGMENT_LENGTH": 30.00000000000961, "LENGTH_PROPORTION": 0.0013232694399661837, "DIST_TO_SENSOR": 258.17702969615777, "MIDPOINT_X": 359548.45151953766, "MIDPOINT_Y": 173124.18158987939, "SENSOR_X": 359522.0, "SENSOR_Y": 173381.0 }, "geometry": { "type": "LineString", "coordinates": [ [ 359544.092999449174386, 173138.534405026206514 ], [ 359548.486514887190424, 173124.066348519350868 ], [ 359551.847924164962023, 173109.571442477259552 ] ] } },
{ "type": "Feature", "properties": { "JOURNEY_LINK_ID": 80, "SITE_ID": 500, "SEGMENT_ID": 37, "SEGMENT_LENGTH": 14.859445887743124, "LENGTH_PROPORTION": 0.00065543502126917848, "DIST_TO_SENSOR": 280.44387865394873, "MIDPOINT_X": 359553.52635657939, "MIDPOINT_Y": 173102.33378763241, "SENSOR_X": 359522.0, "SENSOR_Y": 173381.0 }, "geometry": { "type": "LineString", "coordinates": [ [ 359551.847924164962023, 173109.571442477259552 ], [ 359555.204788993753027, 173095.096132787584793 ] ] } },
{ "type": "Feature", "properties": { "JOURNEY_LINK_ID": 80, "SITE_ID": 500, "SEGMENT_ID": 38, "SEGMENT_LENGTH": 12.162990006570626, "LENGTH_PROPORTION": 0.00053649709914346149, "DIST_TO_SENSOR": 293.83786399891699, "MIDPOINT_X": 359554.9798291506, "MIDPOINT_Y": 173089.01879993972, "SENSOR_X": 359522.0, "SENSOR_Y": 173381.0 }, "geometry": { "type": "LineString", "coordinates": [ [ 359555.204788993753027, 173095.096132787584793 ], [ 359554.754869307449553, 173082.941467091819504 ] ] } },
{ "type": "Feature", "properties": { "JOURNEY_LINK_ID": 93, "SITE_ID": 500, "SEGMENT_ID": 0, "SEGMENT_LENGTH": 14.368895118721323, "LENGTH_PROPORTION": 0.00063379732655590348, "DIST_TO_SENSOR": 292.74536718537166, "MIDPOINT_X": 359534.74430799222, "MIDPOINT_Y": 173088.53216822649, "SENSOR_X": 359522.0, "SENSOR_Y": 173381.0 }, "geometry": { "type": "LineString", "coordinates": [ [ 359537.080529795784969, 173081.740858921722975 ], [ 359536.3565338239423, 173084.124905820121057 ], [ 359532.276117316505406, 173095.279339598375373 ] ] } },
{ "type": "Feature", "properties": { "JOURNEY_LINK_ID": 93, "SITE_ID": 500, "SEGMENT_ID": 1, "SEGMENT_LENGTH": 15.348873696175508, "LENGTH_PROPORTION": 0.00067702318333477814, "DIST_TO_SENSOR": 281.25161520599141, "MIDPOINT_X": 359526.05823578639, "MIDPOINT_Y": 173099.77766486589, "SENSOR_X": 359522.0, "SENSOR_Y": 173381.0 }, "geometry": { "type": "LineString", "coordinates": [ [ 359532.276117316505406, 173095.279339598375373 ], [ 359519.840354256215505, 173104.275990133406594 ] ] } },
{ "type": "Feature", "properties": { "JOURNEY_LINK_ID": 93, "SITE_ID": 500, "SEGMENT_ID": 2, "SEGMENT_LENGTH": 17.344995460415735, "LENGTH_PROPORTION": 0.00076507008097043247, "DIST_TO_SENSOR": 268.97387364063832, "MIDPOINT_X": 359516.08087022405, "MIDPOINT_Y": 173112.09126342949, "SENSOR_X": 359522.0, "SENSOR_Y": 173381.0 }, "geometry": { "type": "LineString", "coordinates": [ [ 359519.840354256215505, 173104.275990133406594 ], [ 359512.321386191935744, 173119.906536725582555 ] ] } },
{ "type": "Feature", "properties": { "JOURNEY_LINK_ID": 93, "SITE_ID": 500, "SEGMENT_ID": 3, "SEGMENT_LENGTH": 16.739867645683528, "LENGTH_PROPORTION": 0.00073837850948681942, "DIST_TO_SENSOR": 252.91546988181111, "MIDPOINT_X": 359513.08256770845, "MIDPOINT_Y": 173128.24178686566, "SENSOR_X": 359522.0, "SENSOR_Y": 173381.0 }, "geometry": { "type": "LineString", "coordinates": [ [ 359512.321386191935744, 173119.906536725582555 ], [ 359513.843749224906787, 173136.577037005743477 ] ] } },
{ "type": "Feature", "properties": { "JOURNEY_LINK_ID": 93, "SITE_ID": 500, "SEGMENT_ID": 4, "SEGMENT_LENGTH": 3.6142446500096952, "LENGTH_PROPORTION": 0.00015942064979725242, "DIST_TO_SENSOR": 242.87457801495296, "MIDPOINT_X": 359514.55184233346, "MIDPOINT_Y": 173138.23965399325, "SENSOR_X": 359522.0, "SENSOR_Y": 173381.0 }, "geometry": { "type": "LineString", "coordinates": [ [ 359513.843749224906787, 173136.577037005743477 ], [ 359515.259935442009009, 173139.902270980761386 ] ] } },
{ "type": "Feature", "properties": { "JOURNEY_LINK_ID": 93, "SITE_ID": 500, "SEGMENT_ID": 5, "SEGMENT_LENGTH": 28.292893228151957, "LENGTH_PROPORTION": 0.0012479706992342559, "DIST_TO_SENSOR": 233.46380427260232, "MIDPOINT_X": 359527.13344272226, "MIDPOINT_Y": 173147.59264006623, "SENSOR_X": 359522.0, "SENSOR_Y": 173381.0 }, "geometry": { "type": "LineString", "coordinates": [ [ 359515.259935442009009, 173139.902270980761386 ], [ 359539.006950002512895, 173155.283009151695296 ] ] } },
{ "type": "Feature", "properties": { "JOURNEY_LINK_ID": 93, "SITE_ID": 500, "SEGMENT_ID": 6, "SEGMENT_LENGTH": 11.879970743517008, "LENGTH_PROPORTION": 0.00052401340775277874, "DIST_TO_SENSOR": 226.2011924922937, "MIDPOINT_X": 359544.90802621382, "MIDPOINT_Y": 173155.96177698017, "SENSOR_X": 359522.0, "SENSOR_Y": 173381.0 }, "geometry": { "type": "LineString", "coordinates": [ [ 359539.006950002512895, 173155.283009151695296 ], [ 359548.048084719397593, 173156.322960367193446 ], [ 359550.827218999154866, 173156.300794989801943 ] ] } },
{ "type": "Feature", "properties": { "JOURNEY_LINK_ID": 93, "SITE_ID": 500, "SEGMENT_ID": 7, "SEGMENT_LENGTH": 17.687064835877415, "LENGTH_PROPORTION": 0.00078015841266698628, "DIST_TO_SENSOR": 232.08634990704439, "MIDPOINT_X": 359558.43466908287, "MIDPOINT_Y": 173151.79138606502, "SENSOR_X": 359522.0, "SENSOR_Y": 173381.0 }, "geometry": { "type": "LineString", "coordinates": [ [ 359550.827218999154866, 173156.300794989801943 ], [ 359566.04211916658096, 173147.281977140228264 ] ] } },
{ "type": "Feature", "properties": { "JOURNEY_LINK_ID": 93, "SITE_ID": 500, "SEGMENT_ID": 8, "SEGMENT_LENGTH": 29.999999999989921, "LENGTH_PROPORTION": 0.0013232694399653152, "DIST_TO_SENSOR": 238.27783069295131, "MIDPOINT_X": 359580.77779451531, "MIDPOINT_Y": 173150.08552346885, "SENSOR_X": 359522.0, "SENSOR_Y": 173381.0 }, "geometry": { "type": "LineString", "coordinates": [ [ 359566.04211916658096, 173147.281977140228264 ], [ 359595.513469864032231, 173152.889069797500269 ] ] } },
{ "type": "Feature", "properties": { "JOURNEY_LINK_ID": 93, "SITE_ID": 500, "SEGMENT_ID": 9, "SEGMENT_LENGTH": 29.999999999989921, "LENGTH_PROPORTION": 0.0013232694399653152, "DIST_TO_SENSOR": 241.97381854006531, "MIDPOINT_X": 359610.24914521276, "MIDPOINT_Y": 173155.69261612615, "SENSOR_X": 359522.0, "SENSOR_Y": 173381.0 }, "geometry": { "type": "LineString", "coordinates": [ [ 359595.513469864032231, 173152.889069797500269 ], [ 359624.984820561483502, 173158.496162454772275 ] ] } },
{ "type": "Feature", "properties": { "JOURNEY_LINK_ID": 93, "SITE_ID": 500, "SEGMENT_ID": 10, "SEGMENT_LENGTH": 30.000000000047102, "LENGTH_PROPORTION": 0.0013232694399678373, "DIST_TO_SENSOR": 249.25154586886893, "MIDPOINT_X": 359639.72049591027, "MIDPOINT_Y": 173161.29970878339, "SENSOR_X": 359522.0, "SENSOR_Y": 173381.0 }, "geometry": { "type": "LineString", "coordinates": [ [ 359624.984820561483502, 173158.496162454772275 ], [ 359654.456171258992981, 173164.10325511204428 ] ] } },
{ "type": "Feature", "properties": { "JOURNEY_LINK_ID": 93, "SITE_ID": 500, "SEGMENT_ID": 11, "SEGMENT_LENGTH": 29.99999999998991, "LENGTH_PROPORTION": 0.0013232694399653148, "DIST_TO_SENSOR": 258.35892934511008, "MIDPOINT_X": 359668.81604538288, "MIDPOINT_Y": 173168.41028907662, "SENSOR_X": 359522.0, "SENSOR_Y": 173381.0 }, "geometry": { "type": "LineString", "coordinates": [ [ 359654.456171258992981, 173164.10325511204428 ], [ 359655.812507710652426, 173164.36130586231593 ], [ 359673.226545621815603, 173169.783610851387493 ], [ 359683.041208784503397, 173173.164437357947463 ] ] } },
{ "type": "Feature", "properties": { "JOURNEY_LINK_ID": 93, "SITE_ID": 500, "SEGMENT_ID": 12, "SEGMENT_LENGTH": 30.000000000007532, "LENGTH_PROPORTION": 0.001323269439966092, "DIST_TO_SENSOR": 268.12692245862559, "MIDPOINT_X": 359697.22337926243, "MIDPOINT_Y": 173178.04972553113, "SENSOR_X": 359522.0, "SENSOR_Y": 173381.0 }, "geometry": { "type": "LineString", "coordinates": [ [ 359683.041208784503397, 173173.164437357947463 ], [ 359711.405549740360584, 173182.935013704322046 ] ] } },
{ "type": "Feature", "properties": { "JOURNEY_LINK_ID": 93, "SITE_ID": 500, "SEGMENT_ID": 13, "SEGMENT_LENGTH": 29.999999999994831, "LENGTH_PROPORTION": 0.0013232694399655316, "DIST_TO_SENSOR": 280.65344393106199, "MIDPOINT_X": 359725.58772021829, "MIDPOINT_Y": 173187.82030187754, "SENSOR_X": 359522.0, "SENSOR_Y": 173381.0 }, "geometry": { "type": "LineString", "coordinates": [ [ 359711.405549740360584, 173182.935013704322046 ], [ 359726.875535936967935, 173188.263911754416768 ], [ 359739.896761697775219, 173192.318609083537012 ] ] } },
{ "type": "Feature", "properties": { "JOURNEY_LINK_ID": 93, "SITE_ID": 500, "SEGMENT_ID": 14, "SEGMENT_LENGTH": 20.986483941097095, "LENGTH_PROPORTION": 0.00092569242838619879, "DIST_TO_SENSOR": 293.90236641120339, "MIDPOINT_X": 359749.91550811043, "MIDPOINT_Y": 173195.43836025495, "SENSOR_X": 359522.0, "SENSOR_Y": 173381.0 }, "geometry": { "type": "LineString", "coordinates": [ [ 359739.896761697775219, 173192.318609083537012 ], [ 359751.255018522497267, 173195.855472237337381 ], [ 359759.876702695386484, 173198.736437034531264 ] ] } },
{ "type": "Feature", "properties": { "JOURNEY_LINK_ID": 134, "SITE_ID": 270, "SEGMENT_ID": 0, "SEGMENT_LENGTH": 29.999999999996483, "LENGTH_PROPORTION": 0.012525513306307367, "DIST_TO_SENSOR": 284.85663021789924, "MIDPOINT_X": 361152.68231509044, "MIDPOINT_Y": 170161.12053569825, "SENSOR_X": 360903.0, "SENSOR_Y": 170024.0 }, "geometry": { "type": "LineString", "coordinates": [ [ 361165.880925845063757, 170168.247714252705919 ], [ 361146.135747799940873, 170157.585424703196622 ], [ 361139.757442103233188, 170153.527118647703901 ] ] } },
{ "type": "Feature", "properties": { "JOURNEY_LINK_ID": 134, "SITE_ID": 270, "SEGMENT_ID": 1, "SEGMENT_LENGTH": 29.999999999998941, "LENGTH_PROPORTION": 0.012525513306308394, "DIST_TO_SENSOR": 254.90749689360325, "MIDPOINT_X": 361127.10196644103, "MIDPOINT_Y": 170145.4748558749, "SENSOR_X": 360903.0, "SENSOR_Y": 170024.0 }, "geometry": { "type": "LineString", "coordinates": [ [ 361139.757442103233188, 170153.527118647703901 ], [ 361114.446490778762382, 170137.42259310206282 ] ] } },
{ "type": "Feature", "properties": { "JOURNEY_LINK_ID": 134, "SITE_ID": 270, "SEGMENT_ID": 2, "SEGMENT_LENGTH": 29.999999999998941, "LENGTH_PROPORTION": 0.012525513306308394, "DIST_TO_SENSOR": 224.99060914788922, "MIDPOINT_X": 361101.7910151165, "MIDPOINT_Y": 170129.37033032923, "SENSOR_X": 360903.0, "SENSOR_Y": 170024.0 }, "geometry": { "type": "LineString", "coordinates": [ [ 361114.446490778762382, 170137.42259310206282 ], [ 361089.135539454291575, 170121.318067556421738 ] ] } },
{ "type": "Feature", "properties": { "JOURNEY_LINK_ID": 134, "SITE_ID": 270, "SEGMENT_ID": 3, "SEGMENT_LENGTH": 29.99999999998408, "LENGTH_PROPORTION": 0.012525513306302189, "DIST_TO_SENSOR": 195.17399894313309, "MIDPOINT_X": 361076.81490250782, "MIDPOINT_Y": 170112.77651451624, "SENSOR_X": 360903.0, "SENSOR_Y": 170024.0 }, "geometry": { "type": "LineString", "coordinates": [ [ 361089.135539454291575, 170121.318067556421738 ], [ 361083.953079119150061, 170118.020638558722567 ], [ 361073.464829123055097, 170110.315353727201 ], [ 361064.124018908420112, 170104.808919932576828 ] ] } },
{ "type": "Feature", "properties": { "JOURNEY_LINK_ID": 134, "SITE_ID": 270, "SEGMENT_ID": 4, "SEGMENT_LENGTH": 29.999999999998607, "LENGTH_PROPORTION": 0.012525513306308253, "DIST_TO_SENSOR": 165.35767349670456, "MIDPOINT_X": 361051.55389320455, "MIDPOINT_Y": 170096.6285136707, "SENSOR_X": 360903.0, "SENSOR_Y": 170024.0 }, "geometry": { "type": "LineString", "coordinates": [ [ 361064.124018908420112, 170104.808919932576828 ], [ 361062.289729987853207, 170103.727601474209223 ], [ 361039.041955553693697, 170088.354976566100959 ] ] } },
{ "type": "Feature", "properties": { "JOURNEY_LINK_ID": 134, "SITE_ID": 270, "SEGMENT_ID": 5, "SEGMENT_LENGTH": 30.000000000035538, "LENGTH_PROPORTION": 0.012525513306323673, "DIST_TO_SENSOR": 135.66426639004979, "MIDPOINT_X": 361026.53001790284, "MIDPOINT_Y": 170080.0814394615, "SENSOR_X": 360903.0, "SENSOR_Y": 170024.0 }, "geometry": { "type": "LineString", "coordinates": [ [ 361039.041955553693697, 170088.354976566100959 ], [ 361014.070328112575226, 170071.842451331322081 ], [ 361014.018068756151479, 170071.807919748098357 ] ] } },
{ "type": "Feature", "properties": { "JOURNEY_LINK_ID": 134, "SITE_ID": 270, "SEGMENT_ID": 6, "SEGMENT_LENGTH": 29.999999999977486, "LENGTH_PROPORTION": 0.012525513306299436, "DIST_TO_SENSOR": 106.14241489497898, "MIDPOINT_X": 361001.50337817945, "MIDPOINT_Y": 170063.53854735539, "SENSOR_X": 360903.0, "SENSOR_Y": 170024.0 }, "geometry": { "type": "LineString", "coordinates": [ [ 361014.018068756151479, 170071.807919748098357 ], [ 360988.988687602744903, 170055.269174962711986 ] ] } },
{ "type": "Feature", "properties": { "JOURNEY_LINK_ID": 134, "SITE_ID": 270, "SEGMENT_ID": 7, "SEGMENT_LENGTH": 30.000000000022759, "LENGTH_PROPORTION": 0.012525513306318337, "DIST_TO_SENSOR": 77.017148585833198, "MIDPOINT_X": 360976.52697917091, "MIDPOINT_Y": 170046.92214017696, "SENSOR_X": 360903.0, "SENSOR_Y": 170024.0 }, "geometry": { "type": "LineString", "coordinates": [ [ 360988.988687602744903, 170055.269174962711986 ], [ 360979.128352672152687, 170048.753729697957169 ], [ 360964.262087505136151, 170038.286607047688449 ] ] } },
{ "type": "Feature", "properties": { "JOURNEY_LINK_ID": 134, "SITE_ID": 270, "SEGMENT_ID": 8, "SEGMENT_LENGTH": 29.999999999989424, "LENGTH_PROPORTION": 0.01252551330630442, "DIST_TO_SENSOR": 49.315444708143922, "MIDPOINT_X": 360951.98926691688, "MIDPOINT_Y": 170029.66258012826, "SENSOR_X": 360903.0, "SENSOR_Y": 170024.0 }, "geometry": { "type": "LineString", "coordinates": [ [ 360964.262087505136151, 170038.286607047688449 ], [ 360952.563386257563252, 170030.049720416660421 ], [ 360939.552617884706706, 170021.276296037569409 ] ] } },
{ "type": "Feature", "properties": { "JOURNEY_LINK_ID": 134, "SITE_ID": 270, "SEGMENT_ID": 9, "SEGMENT_LENGTH": 30.000000000013635, "LENGTH_PROPORTION": 0.012525513306314528, "DIST_TO_SENSOR": 25.375828992736658, "MIDPOINT_X": 360926.37718825648, "MIDPOINT_Y": 170014.12884169462, "SENSOR_X": 360903.0, "SENSOR_Y": 170024.0 }, "geometry": { "type": "LineString", "coordinates": [ [ 360939.552617884706706, 170021.276296037569409 ], [ 360937.885989380185492, 170020.152454713708721 ], [ 360921.131445723411161, 170011.383262665360235 ], [ 360913.087403241952416, 170007.17315234959824 ] ] } },
{ "type": "Feature", "properties": { "JOURNEY_LINK_ID": 134, "SITE_ID": 270, "SEGMENT_ID": 10, "SEGMENT_LENGTH": 30.000000000012271, "LENGTH_PROPORTION": 0.012525513306313959, "DIST_TO_SENSOR": 23.664362778351503, "MIDPOINT_X": 360899.62093351095, "MIDPOINT_Y": 170000.57813040409, "SENSOR_X": 360903.0, "SENSOR_Y": 170024.0 }, "geometry": { "type": "LineString", "coordinates": [ [ 360913.087403241952416, 170007.17315234959824 ], [ 360906.471150027937256, 170003.710321817256045 ], [ 360889.725061970297247, 169996.053344393556472 ], [ 360885.977601940394379, 169994.344394874438876 ] ] } },
{ "type": "Feature", "properties": { "JOURNEY_LINK_ID": 134, "SITE_ID": 270, "SEGMENT_ID": 11, "SEGMENT_LENGTH": 29.999999999972019, "LENGTH_PROPORTION": 0.012525513306297153, "DIST_TO_SENSOR": 47.201670529138219, "MIDPOINT_X": 360872.329741186, "MIDPOINT_Y": 169988.12057797256, "SENSOR_X": 360903.0, "SENSOR_Y": 170024.0 }, "geometry": { "type": "LineString", "coordinates": [ [ 360885.977601940394379, 169994.344394874438876 ], [ 360858.681880431598984, 169981.896761070674984 ] ] } },
{ "type": "Feature", "properties": { "JOURNEY_LINK_ID": 134, "SITE_ID": 270, "SEGMENT_ID": 12, "SEGMENT_LENGTH": 29.999999999976996, "LENGTH_PROPORTION": 0.012525513306299231, "DIST_TO_SENSOR": 75.490257098210009, "MIDPOINT_X": 360845.06867003639, "MIDPOINT_Y": 169975.59814130221, "SENSOR_X": 360903.0, "SENSOR_Y": 170024.0 }, "geometry": { "type": "LineString", "coordinates": [ [ 360858.681880431598984, 169981.896761070674984 ], [ 360851.348923777462915, 169978.552722002146766 ], [ 360831.495696132129524, 169969.212659378768876 ] ] } },
{ "type": "Feature", "properties": { "JOURNEY_LINK_ID": 134, "SITE_ID": 270, "SEGMENT_ID": 13, "SEGMENT_LENGTH": 30.000000000025835, "LENGTH_PROPORTION": 0.012525513306319623, "DIST_TO_SENSOR": 104.63874881253253, "MIDPOINT_X": 360817.6325746298, "MIDPOINT_Y": 169963.48826197576, "SENSOR_X": 360903.0, "SENSOR_Y": 170024.0 }, "geometry": { "type": "LineString", "coordinates": [ [ 360831.495696132129524, 169969.212659378768876 ], [ 360830.413975788629614, 169968.703757958312053 ], [ 360803.744326861458831, 169957.821113316516858 ] ] } },
{ "type": "Feature", "properties": { "JOURNEY_LINK_ID": 134, "SITE_ID": 270, "SEGMENT_ID": 14, "SEGMENT_LENGTH": 29.999999999986901, "LENGTH_PROPORTION": 0.012525513306303367, "DIST_TO_SENSOR": 134.02760772555862, "MIDPOINT_X": 360789.85607909318, "MIDPOINT_Y": 169952.15396465728, "SENSOR_X": 360903.0, "SENSOR_Y": 170024.0 }, "geometry": { "type": "LineString", "coordinates": [ [ 360803.744326861458831, 169957.821113316516858 ], [ 360775.967831324844155, 169946.486815998039674 ] ] } },
{ "type": "Feature", "properties": { "JOURNEY_LINK_ID": 134, "SITE_ID": 270, "SEGMENT_ID": 15, "SEGMENT_LENGTH": 29.999999999986901, "LENGTH_PROPORTION": 0.012525513306303367, "DIST_TO_SENSOR": 163.63841698157253, "MIDPOINT_X": 360762.07958355651, "MIDPOINT_Y": 169940.8196673388, "SENSOR_X": 360903.0, "SENSOR_Y": 170024.0 }, "geometry": { "type": "LineString", "coordinates": [ [ 360775.967831324844155, 169946.486815998039674 ], [ 360748.19133578822948, 169935.15251867956249 ] ] } },
{ "type": "Feature", "properties": { "JOURNEY_LINK_ID": 134, "SITE_ID": 270, "SEGMENT_ID": 16, "SEGMENT_LENGTH": 30.000000000040796, "LENGTH_PROPORTION": 0.012525513306325868, "DIST_TO_SENSOR": 193.36924106956371, "MIDPOINT_X": 360734.30308801989, "MIDPOINT_Y": 169929.48537002032, "SENSOR_X": 360903.0, "SENSOR_Y": 170024.0 }, "geometry": { "type": "LineString", "coordinates": [ [ 360748.19133578822948, 169935.15251867956249 ], [ 360720.414840251556598, 169923.818221361085307 ] ] } },
{ "type": "Feature", "properties": { "JOURNEY_LINK_ID": 134, "SITE_ID": 270, "SEGMENT_ID": 17, "SEGMENT_LENGTH": 29.999999999975905, "LENGTH_PROPORTION": 0.012525513306298775, "DIST_TO_SENSOR": 223.17212028253331, "MIDPOINT_X": 360706.52659248328, "MIDPOINT_Y": 169918.15107270185, "SENSOR_X": 360903.0, "SENSOR_Y": 170024.0 }, "geometry": { "type": "LineString", "coordinates": [ [ 360720.414840251556598, 169923.818221361085307 ], [ 360692.638344714941923, 169912.483924042637227 ] ] } },
{ "type": "Feature", "properties": { "JOURNEY_LINK_ID": 134, "SITE_ID": 270, "SEGMENT_ID": 18, "SEGMENT_LENGTH": 29.999999999986901, "LENGTH_PROPORTION": 0.012525513306303367, "DIST_TO_SENSOR": 253.02159423851887, "MIDPOINT_X": 360678.75009694661, "MIDPOINT_Y": 169906.8167753834, "SENSOR_X": 360903.0, "SENSOR_Y": 170024.0 }, "geometry": { "type": "LineString", "coordinates": [ [ 360692.638344714941923, 169912.483924042637227 ], [ 360664.861849178327248, 169901.149626724160044 ] ] } },
{ "type": "Feature", "properties": { "JOURNEY_LINK_ID": 134, "SITE_ID": 270, "SEGMENT_ID": 19, "SEGMENT_LENGTH": 30.000000000040796, "LENGTH_PROPORTION": 0.012525513306325868, "DIST_TO_SENSOR": 282.90291449644627, "MIDPOINT_X": 360650.97360140999, "MIDPOINT_Y": 169895.48247806492, "SENSOR_X": 360903.0, "SENSOR_Y": 170024.0 }, "geometry": { "type": "LineString", "coordinates": [ [ 360664.861849178327248, 169901.149626724160044 ], [ 360637.085353641654365, 169889.81532940568286 ] ] } },
{ "type": "Feature", "properties": { "JOURNEY_LINK_ID": 134, "SITE_ID": 270, "SEGMENT_ID": 20, "SEGMENT_LENGTH": 1.8860899808682132, "LENGTH_PROPORTION": 0.00078747483840868604, "DIST_TO_SENSOR": 298.79256778774112, "MIDPOINT_X": 360636.21220414271, "MIDPOINT_Y": 169889.45903766213, "SENSOR_X": 360903.0, "SENSOR_Y": 170024.0 }, "geometry": { "type": "LineString", "coordinates": [ [ 360637.085353641654365, 169889.81532940568286 ], [ 360635.33905464381678, 169889.102745918586152 ] ] } },
{ "type": "Feature", "properties": { "JOURNEY_LINK_ID": 201, "SITE_ID": 215, "SEGMENT_ID": 0, "SEGMENT_LENGTH": 30.000000000008466, "LENGTH_PROPORTION": 0.005856977868483799, "DIST_TO_SENSOR": 284.77863584596292, "MIDPOINT_X": 358053.30669925082, "MIDPOINT_Y": 170297.4459102625, "SENSOR_X": 358042.0, "SENSOR_Y": 170582.0 }, "geometry": { "type": "LineString", "coordinates": [ [ 358055.985620401799679, 170282.687069472420262 ], [ 358050.627778099791612, 170312.204751052573556 ] ] } },
{ "type": "Feature", "properties": { "JOURNEY_LINK_ID": 201, "SITE_ID": 215, "SEGMENT_ID": 1, "SEGMENT_LENGTH": 29.999999999979831, "LENGTH_PROPORTION": 0.0058569778684782079, "DIST_TO_SENSOR": 255.10577881501226, "MIDPOINT_X": 358047.94885694876, "MIDPOINT_Y": 170326.96359184262, "SENSOR_X": 358042.0, "SENSOR_Y": 170582.0 }, "geometry": { "type": "LineString", "coordinates": [ [ 358050.627778099791612, 170312.204751052573556 ], [ 358045.269935797783546, 170341.722432632697746 ] ] } },
{ "type": "Feature", "properties": { "JOURNEY_LINK_ID": 201, "SITE_ID": 215, "SEGMENT_ID": 2, "SEGMENT_LENGTH": 24.433410024211451, "LENGTH_PROPORTION": 0.0047701980587785426, "DIST_TO_SENSOR": 228.25986719959718, "MIDPOINT_X": 358043.08809650096, "MIDPOINT_Y": 170353.74272624956, "SENSOR_X": 358042.0, "SENSOR_Y": 170582.0 }, "geometry": { "type": "LineString", "coordinates": [ [ 358045.269935797783546, 170341.722432632697746 ], [ 358040.906257204129361, 170365.763019866426475 ] ] } },
{ "type": "Feature", "properties": { "JOURNEY_LINK_ID": 201, "SITE_ID": 215, "SEGMENT_ID": 3, "SEGMENT_LENGTH": 29.99999999998515, "LENGTH_PROPORTION": 0.005856977868479247, "DIST_TO_SENSOR": 202.15934083439049, "MIDPOINT_X": 358035.97814789251, "MIDPOINT_Y": 170379.93036748737, "SENSOR_X": 358042.0, "SENSOR_Y": 170582.0 }, "geometry": { "type": "LineString", "coordinates": [ [ 358040.906257204129361, 170365.763019866426475 ], [ 358031.050038580899127, 170394.097715108306147 ] ] } },
{ "type": "Feature", "properties": { "JOURNEY_LINK_ID": 201, "SITE_ID": 215, "SEGMENT_ID": 4, "SEGMENT_LENGTH": 30.000000000009369, "LENGTH_PROPORTION": 0.005856977868483975, "DIST_TO_SENSOR": 175.03974258469231, "MIDPOINT_X": 358024.96110933711, "MIDPOINT_Y": 170407.79153955937, "SENSOR_X": 358042.0, "SENSOR_Y": 170582.0 }, "geometry": { "type": "LineString", "coordinates": [ [ 358031.050038580899127, 170394.097715108306147 ], [ 358030.042107150889933, 170396.99532026349334 ], [ 358018.573717388499063, 170421.363614717382006 ] ] } },
{ "type": "Feature", "properties": { "JOURNEY_LINK_ID": 201, "SITE_ID": 215, "SEGMENT_ID": 5, "SEGMENT_LENGTH": 30.000000000011607, "LENGTH_PROPORTION": 0.0058569778684844122, "DIST_TO_SENSOR": 150.41673481493171, "MIDPOINT_X": 358011.66863953741, "MIDPOINT_Y": 170434.67314336865, "SENSOR_X": 358042.0, "SENSOR_Y": 170582.0 }, "geometry": { "type": "LineString", "coordinates": [ [ 358018.573717388499063, 170421.363614717382006 ], [ 358016.379193559114356, 170426.026588680513669 ], [ 358004.492607767286245, 170447.845256640022853 ] ] } },
{ "type": "Feature", "properties": { "JOURNEY_LINK_ID": 201, "SITE_ID": 215, "SEGMENT_ID": 6, "SEGMENT_LENGTH": 29.999999999994028, "LENGTH_PROPORTION": 0.00585697786848098, "DIST_TO_SENSOR": 129.18845517381209, "MIDPOINT_X": 357997.07169532502, "MIDPOINT_Y": 170460.87566557777, "SENSOR_X": 358042.0, "SENSOR_Y": 170582.0 }, "geometry": { "type": "LineString", "coordinates": [ [ 358004.492607767286245, 170447.845256640022853 ], [ 357999.944909922371153, 170456.192877310677432 ], [ 357992.399818988342304, 170468.489927218528464 ], [ 357989.227101765165571, 170473.660905187542085 ] ] } },
{ "type": "Feature", "properties": { "JOURNEY_LINK_ID": 201, "SITE_ID": 215, "SEGMENT_ID": 7, "SEGMENT_LENGTH": 29.999999999998046, "LENGTH_PROPORTION": 0.0058569778684817641, "DIST_TO_SENSOR": 113.22793952695577, "MIDPOINT_X": 357981.31926881982, "MIDPOINT_Y": 170486.40494179635, "SENSOR_X": 358042.0, "SENSOR_Y": 170582.0 }, "geometry": { "type": "LineString", "coordinates": [ [ 357989.227101765165571, 170473.660905187542085 ], [ 357982.111101404123474, 170485.258749718137551 ], [ 357972.793387994170189, 170498.746309473674046 ] ] } },
{ "type": "Feature", "properties": { "JOURNEY_LINK_ID": 201, "SITE_ID": 215, "SEGMENT_ID": 8, "SEGMENT_LENGTH": 30.000000000007738, "LENGTH_PROPORTION": 0.0058569778684836567, "DIST_TO_SENSOR": 105.35684874835819, "MIDPOINT_X": 357964.15318660397, "MIDPOINT_Y": 170511.00747065875, "SENSOR_X": 358042.0, "SENSOR_Y": 170582.0 }, "geometry": { "type": "LineString", "coordinates": [ [ 357972.793387994170189, 170498.746309473674046 ], [ 357969.746311306778807, 170503.15700843941886 ], [ 357955.449405002058484, 170523.224024421011563 ] ] } },
{ "type": "Feature", "properties": { "JOURNEY_LINK_ID": 201, "SITE_ID": 215, "SEGMENT_ID": 9, "SEGMENT_LENGTH": 9.7048941122010302, "LENGTH_PROPORTION": 0.0018947116677041373, "DIST_TO_SENSOR": 104.84269839784285, "MIDPOINT_X": 357952.63376237464, "MIDPOINT_Y": 170527.17603644365, "SENSOR_X": 358042.0, "SENSOR_Y": 170582.0 }, "geometry": { "type": "LineString", "coordinates": [ [ 357955.449405002058484, 170523.224024421011563 ], [ 357949.818119747273158, 170531.128048466285691 ] ] } },
{ "type": "Feature", "properties": { "JOURNEY_LINK_ID": 201, "SITE_ID": 215, "SEGMENT_ID": 10, "SEGMENT_LENGTH": 30.000000000002185, "LENGTH_PROPORTION": 0.0058569778684825725, "DIST_TO_SENSOR": 119.9826953473129, "MIDPOINT_X": 357935.43812920596, "MIDPOINT_Y": 170526.86004283934, "SENSOR_X": 358042.0, "SENSOR_Y": 170582.0 }, "geometry": { "type": "LineString", "coordinates": [ [ 357949.818119747273158, 170531.128048466285691 ], [ 357921.058138664637227, 170522.592037212394644 ] ] } },
{ "type": "Feature", "properties": { "JOURNEY_LINK_ID": 201, "SITE_ID": 215, "SEGMENT_ID": 11, "SEGMENT_LENGTH": 19.433423299621371, "LENGTH_PROPORTION": 0.0037940376724909216, "DIST_TO_SENSOR": 144.33404005502246, "MIDPOINT_X": 357911.7430572235, "MIDPOINT_Y": 170519.82730521262, "SENSOR_X": 358042.0, "SENSOR_Y": 170582.0 }, "geometry": { "type": "LineString", "coordinates": [ [ 357921.058138664637227, 170522.592037212394644 ], [ 357902.427975782367866, 170517.062573212839197 ] ] } },
{ "type": "Feature", "properties": { "JOURNEY_LINK_ID": 201, "SITE_ID": 215, "SEGMENT_ID": 12, "SEGMENT_LENGTH": 30.000000000010143, "LENGTH_PROPORTION": 0.005856977868484126, "DIST_TO_SENSOR": 168.17691434859933, "MIDPOINT_X": 357887.50343161094, "MIDPOINT_Y": 170515.55991514289, "SENSOR_X": 358042.0, "SENSOR_Y": 170582.0 }, "geometry": { "type": "LineString", "coordinates": [ [ 357902.427975782367866, 170517.062573212839197 ], [ 357872.578887439507525, 170514.057257072941866 ] ] } },
{ "type": "Feature", "properties": { "JOURNEY_LINK_ID": 201, "SITE_ID": 215, "SEGMENT_ID": 13, "SEGMENT_LENGTH": 29.999999999985995, "LENGTH_PROPORTION": 0.0058569778684794118, "DIST_TO_SENSOR": 197.25558443919013, "MIDPOINT_X": 357857.82531272946, "MIDPOINT_Y": 170511.36395989833, "SENSOR_X": 358042.0, "SENSOR_Y": 170582.0 }, "geometry": { "type": "LineString", "coordinates": [ [ 357872.578887439507525, 170514.057257072941866 ], [ 357871.813754727656487, 170513.98022069374565 ], [ 357843.080976703378838, 170508.60632410843391 ] ] } },
{ "type": "Feature", "properties": { "JOURNEY_LINK_ID": 201, "SITE_ID": 215, "SEGMENT_ID": 14, "SEGMENT_LENGTH": 29.999999999978577, "LENGTH_PROPORTION": 0.0058569778684779633, "DIST_TO_SENSOR": 226.82824645063235, "MIDPOINT_X": 357828.3366406773, "MIDPOINT_Y": 170505.84868831854, "SENSOR_X": 358042.0, "SENSOR_Y": 170582.0 }, "geometry": { "type": "LineString", "coordinates": [ [ 357843.080976703378838, 170508.60632410843391 ], [ 357813.592304651218001, 170503.091052528645378 ] ] } },
{ "type": "Feature", "properties": { "JOURNEY_LINK_ID": 201, "SITE_ID": 215, "SEGMENT_ID": 15, "SEGMENT_LENGTH": 30.000000000041144, "LENGTH_PROPORTION": 0.0058569778684901784, "DIST_TO_SENSOR": 256.50017774514959, "MIDPOINT_X": 357798.84796862514, "MIDPOINT_Y": 170500.33341673872, "SENSOR_X": 358042.0, "SENSOR_Y": 170582.0 }, "geometry": { "type": "LineString", "coordinates": [ [ 357813.592304651218001, 170503.091052528645378 ], [ 357784.103632598998956, 170497.575780948827742 ] ] } },
{ "type": "Feature", "properties": { "JOURNEY_LINK_ID": 201, "SITE_ID": 215, "SEGMENT_ID": 16, "SEGMENT_LENGTH": 28.737386655654451, "LENGTH_PROPORTION": 0.005610474588006076, "DIST_TO_SENSOR": 285.61410720984145, "MIDPOINT_X": 357769.97984308691, "MIDPOINT_Y": 170494.93420608382, "SENSOR_X": 358042.0, "SENSOR_Y": 170582.0 }, "geometry": { "type": "LineString", "coordinates": [ [ 357784.103632598998956, 170497.575780948827742 ], [ 357755.856053574825637, 170492.292631218821043 ] ] } },
{ "type": "Feature", "properties": { "JOURNEY_LINK_ID": 201, "SITE_ID": 215, "SEGMENT_ID": 0, "SEGMENT_LENGTH": 30.000000000009017, "LENGTH_PROPORTION": 0.0058569778684839065, "DIST_TO_SENSOR": 289.19618650012603, "MIDPOINT_X": 357765.34244955424, "MIDPOINT_Y": 170666.23202518976, "SENSOR_X": 358042.0, "SENSOR_Y": 170582.0 }, "geometry": { "type": "LineString", "coordinates": [ [ 357752.332868062308989, 170658.765380066004582 ], [ 357778.352031046233606, 170673.69867031351896 ] ] } },
{ "type": "Feature", "properties": { "JOURNEY_LINK_ID": 201, "SITE_ID": 215, "SEGMENT_ID": 1, "SEGMENT_LENGTH": 24.443709378866789, "LENGTH_PROPORTION": 0.0047722088285210747, "DIST_TO_SENSOR": 271.28331197726629, "MIDPOINT_X": 357788.9521120172, "MIDPOINT_Y": 170679.78242042821, "SENSOR_X": 358042.0, "SENSOR_Y": 170582.0 }, "geometry": { "type": "LineString", "coordinates": [ [ 357778.352031046233606, 170673.69867031351896 ], [ 357799.552192988223396, 170685.866170542896725 ] ] } },
{ "type": "Feature", "properties": { "JOURNEY_LINK_ID": 201, "SITE_ID": 215, "SEGMENT_ID": 2, "SEGMENT_LENGTH": 18.508031949579447, "LENGTH_PROPORTION": 0.0036133711172615761, "DIST_TO_SENSOR": 264.78506424530968, "MIDPOINT_X": 357802.3851543495, "MIDPOINT_Y": 170694.67588913019, "SENSOR_X": 358042.0, "SENSOR_Y": 170582.0 }, "geometry": { "type": "LineString", "coordinates": [ [ 357799.552192988223396, 170685.866170542896725 ], [ 357802.405965639511123, 170694.740606429579202 ], [ 357805.092733640922233, 170703.524939828028437 ] ] } },
{ "type": "Feature", "properties": { "JOURNEY_LINK_ID": 202, "SITE_ID": 215, "SEGMENT_ID": 0, "SEGMENT_LENGTH": 30.000000000008466, "LENGTH_PROPORTION": 0.005856977868483799, "DIST_TO_SENSOR": 284.77863584596292, "MIDPOINT_X": 358053.30669925082, "MIDPOINT_Y": 170297.4459102625, "SENSOR_X": 358042.0, "SENSOR_Y": 170582.0 }, "geometry": { "type": "LineString", "coordinates": [ [ 358055.985620401799679, 170282.687069472420262 ], [ 358050.627778099791612, 170312.204751052573556 ] ] } },
{ "type": "Feature", "properties": { "JOURNEY_LINK_ID": 202, "SITE_ID": 215, "SEGMENT_ID": 1, "SEGMENT_LENGTH": 29.999999999979831, "LENGTH_PROPORTION": 0.0058569778684782079, "DIST_TO_SENSOR": 255.10577881501226, "MIDPOINT_X": 358047.94885694876, "MIDPOINT_Y": 170326.96359184262, "SENSOR_X": 358042.0, "SENSOR_Y": 170582.0 }, "geometry": { "type": "LineString", "coordinates": [ [ 358050.627778099791612, 170312.204751052573556 ], [ 358045.269935797783546, 170341.722432632697746 ] ] } },
{ "type": "Feature", "properties": { "JOURNEY_LINK_ID": 202, "SITE_ID": 215, "SEGMENT_ID": 2, "SEGMENT_LENGTH": 24.433410024211451, "LENGTH_PROPORTION": 0.0047701980587785426, "DIST_TO_SENSOR": 228.25986719959718, "MIDPOINT_X": 358043.08809650096, "MIDPOINT_Y": 170353.74272624956, "SENSOR_X": 358042.0, "SENSOR_Y": 170582.0 }, "geometry": { "type": "LineString", "coordinates": [ [ 358045.269935797783546, 170341.722432632697746 ], [ 358040.906257204129361, 170365.763019866426475 ] ] } },
{ "type": "Feature", "properties": { "JOURNEY_LINK_ID": 202, "SITE_ID": 215, "SEGMENT_ID": 3, "SEGMENT_LENGTH": 29.99999999998515, "LENGTH_PROPORTION": 0.005856977868479247, "DIST_TO_SENSOR": 202.15934083439049, "MIDPOINT_X": 358035.97814789251, "MIDPOINT_Y": 170379.93036748737, "SENSOR_X": 358042.0, "SENSOR_Y": 170582.0 }, "geometry": { "type": "LineString", "coordinates": [ [ 358040.906257204129361, 170365.763019866426475 ], [ 358031.050038580899127, 170394.097715108306147 ] ] } },
{ "type": "Feature", "properties": { "JOURNEY_LINK_ID": 202, "SITE_ID": 215, "SEGMENT_ID": 4, "SEGMENT_LENGTH": 30.000000000009369, "LENGTH_PROPORTION": 0.005856977868483975, "DIST_TO_SENSOR": 175.03974258469231, "MIDPOINT_X": 358024.96110933711, "MIDPOINT_Y": 170407.79153955937, "SENSOR_X": 358042.0, "SENSOR_Y": 170582.0 }, "geometry": { "type": "LineString", "coordinates": [ [ 358031.050038580899127, 170394.097715108306147 ], [ 358030.042107150889933, 170396.99532026349334 ], [ 358018.573717388499063, 170421.363614717382006 ] ] } },
{ "type": "Feature", "properties": { "JOURNEY_LINK_ID": 202, "SITE_ID": 215, "SEGMENT_ID": 5, "SEGMENT_LENGTH": 30.000000000011607, "LENGTH_PROPORTION": 0.0058569778684844122, "DIST_TO_SENSOR": 150.41673481493171, "MIDPOINT_X": 358011.66863953741, "MIDPOINT_Y": 170434.67314336865, "SENSOR_X": 358042.0, "SENSOR_Y": 170582.0 }, "geometry": { "type": "LineString", "coordinates": [ [ 358018.573717388499063, 170421.363614717382006 ], [ 358016.379193559114356, 170426.026588680513669 ], [ 358004.492607767286245, 170447.845256640022853 ] ] } },
{ "type": "Feature", "properties": { "JOURNEY_LINK_ID": 202, "SITE_ID": 215, "SEGMENT_ID": 6, "SEGMENT_LENGTH": 29.999999999994028, "LENGTH_PROPORTION": 0.00585697786848098, "DIST_TO_SENSOR": 129.18845517381209, "MIDPOINT_X": 357997.07169532502, "MIDPOINT_Y": 170460.87566557777, "SENSOR_X": 358042.0, "SENSOR_Y": 170582.0 }, "geometry": { "type": "LineString", "coordinates": [ [ 358004.492607767286245, 170447.845256640022853 ], [ 357999.944909922371153, 170456.192877310677432 ], [ 357992.399818988342304, 170468.489927218528464 ], [ 357989.227101765165571, 170473.660905187542085 ] ] } },
{ "type": "Feature", "properties": { "JOURNEY_LINK_ID": 202, "SITE_ID": 215, "SEGMENT_ID": 7, "SEGMENT_LENGTH": 29.999999999998046, "LENGTH_PROPORTION": 0.0058569778684817641, "DIST_TO_SENSOR": 113.22793952695577, "MIDPOINT_X": 357981.31926881982, "MIDPOINT_Y": 170486.40494179635, "SENSOR_X": 358042.0, "SENSOR_Y": 170582.0 }, "geometry": { "type": "LineString", "coordinates": [ [ 357989.227101765165571, 170473.660905187542085 ], [ 357982.111101404123474, 170485.258749718137551 ], [ 357972.793387994170189, 170498.746309473674046 ] ] } },
{ "type": "Feature", "properties": { "JOURNEY_LINK_ID": 202, "SITE_ID": 215, "SEGMENT_ID": 8, "SEGMENT_LENGTH": 30.000000000007738, "LENGTH_PROPORTION": 0.0058569778684836567, "DIST_TO_SENSOR": 105.35684874835819, "MIDPOINT_X": 357964.15318660397, "MIDPOINT_Y": 170511.00747065875, "SENSOR_X": 358042.0, "SENSOR_Y": 170582.0 }, "geometry": { "type": "LineString", "coordinates": [ [ 357972.793387994170189, 170498.746309473674046 ], [ 357969.746311306778807, 170503.15700843941886 ], [ 357955.449405002058484, 170523.224024421011563 ] ] } },
{ "type": "Feature", "properties": { "JOURNEY_LINK_ID": 202, "SITE_ID": 215, "SEGMENT_ID": 9, "SEGMENT_LENGTH": 9.7048941122010302, "LENGTH_PROPORTION": 0.0018947116677041373, "DIST_TO_SENSOR": 104.84269839784285, "MIDPOINT_X": 357952.63376237464, "MIDPOINT_Y": 170527.17603644365, "SENSOR_X": 358042.0, "SENSOR_Y": 170582.0 }, "geometry": { "type": "LineString", "coordinates": [ [ 357955.449405002058484, 170523.224024421011563 ], [ 357949.818119747273158, 170531.128048466285691 ] ] } },
{ "type": "Feature", "properties": { "JOURNEY_LINK_ID": 202, "SITE_ID": 215, "SEGMENT_ID": 10, "SEGMENT_LENGTH": 23.692826753899322, "LENGTH_PROPORTION": 0.0046256120646456667, "DIST_TO_SENSOR": 93.578743646334885, "MIDPOINT_X": 357959.26264809986, "MIDPOINT_Y": 170538.27915985507, "SENSOR_X": 358042.0, "SENSOR_Y": 170582.0 }, "geometry": { "type": "LineString", "coordinates": [ [ 357949.818119747273158, 170531.128048466285691 ], [ 357968.707176452444401, 170545.430271243851166 ] ] } },
{ "type": "Feature", "properties": { "JOURNEY_LINK_ID": 202, "SITE_ID": 215, "SEGMENT_ID": 11, "SEGMENT_LENGTH": 8.2997260116325506, "LENGTH_PROPORTION": 0.001620377052153248, "DIST_TO_SENSOR": 84.775205227150494, "MIDPOINT_X": 357967.55537691934, "MIDPOINT_Y": 170541.44345286291, "SENSOR_X": 358042.0, "SENSOR_Y": 170582.0 }, "geometry": { "type": "LineString", "coordinates": [ [ 357968.707176452444401, 170545.430271243851166 ], [ 357966.403577386285178, 170537.456634481961373 ] ] } },
{ "type": "Feature", "properties": { "JOURNEY_LINK_ID": 211, "SITE_ID": 215, "SEGMENT_ID": 0, "SEGMENT_LENGTH": 28.53027302166447, "LENGTH_PROPORTION": 0.0055700392556547349, "DIST_TO_SENSOR": 261.03052933107597, "MIDPOINT_X": 357813.35734885756, "MIDPOINT_Y": 170707.93440880641, "SENSOR_X": 358042.0, "SENSOR_Y": 170582.0 }, "geometry": { "type": "LineString", "coordinates": [ [ 357806.024801019462757, 170695.698075128602795 ], [ 357820.689896695665084, 170720.170742484217044 ] ] } },
{ "type": "Feature", "properties": { "JOURNEY_LINK_ID": 211, "SITE_ID": 215, "SEGMENT_ID": 1, "SEGMENT_LENGTH": 29.999999999997652, "LENGTH_PROPORTION": 0.0058569778684816878, "DIST_TO_SENSOR": 265.42298419524195, "MIDPOINT_X": 357824.82342738844, "MIDPOINT_Y": 170734.58996312931, "SENSOR_X": 358042.0, "SENSOR_Y": 170582.0 }, "geometry": { "type": "LineString", "coordinates": [ [ 357820.689896695665084, 170720.170742484217044 ], [ 357828.95695808128221, 170749.009183774382109 ] ] } },
{ "type": "Feature", "properties": { "JOURNEY_LINK_ID": 211, "SITE_ID": 215, "SEGMENT_ID": 2, "SEGMENT_LENGTH": 30.000000000010466, "LENGTH_PROPORTION": 0.0058569778684841893, "DIST_TO_SENSOR": 277.25729572350446, "MIDPOINT_X": 357832.48273471481, "MIDPOINT_Y": 170763.58778477454, "SENSOR_X": 358042.0, "SENSOR_Y": 170582.0 }, "geometry": { "type": "LineString", "coordinates": [ [ 357828.95695808128221, 170749.009183774382109 ], [ 357829.278440648631658, 170750.130628954560962 ], [ 357835.957257447880693, 170778.179826844716445 ] ] } },
{ "type": "Feature", "properties": { "JOURNEY_LINK_ID": 211, "SITE_ID": 215, "SEGMENT_ID": 3, "SEGMENT_LENGTH": 28.145643627473483, "LENGTH_PROPORTION": 0.0054949470606765914, "DIST_TO_SENSOR": 291.83268781129721, "MIDPOINT_X": 357839.21701340191, "MIDPOINT_Y": 170791.86990737484, "SENSOR_X": 358042.0, "SENSOR_Y": 170582.0 }, "geometry": { "type": "LineString", "coordinates": [ [ 357835.957257447880693, 170778.179826844716445 ], [ 357842.476769355940633, 170805.559987904969603 ] ] } },
{ "type": "Feature", "properties": { "JOURNEY_LINK_ID": 73, "SITE_ID": 500, "SEGMENT_ID": 0, "SEGMENT_LENGTH": 29.99999999999595, "LENGTH_PROPORTION": 0.0013232694399655811, "DIST_TO_SENSOR": 262.55921887084884, "MIDPOINT_X": 359309.03935277346, "MIDPOINT_Y": 173534.574431944, "SENSOR_X": 359522.0, "SENSOR_Y": 173381.0 }, "geometry": { "type": "LineString", "coordinates": [ [ 359323.96302385936724, 173533.063127434870694 ], [ 359301.634647670318373, 173535.324298658873886 ], [ 359294.084673903940711, 173535.659758182213409 ] ] } },
{ "type": "Feature", "properties": { "JOURNEY_LINK_ID": 73, "SITE_ID": 500, "SEGMENT_ID": 1, "SEGMENT_LENGTH": 28.007325489635253, "LENGTH_PROPORTION": 0.0012353745971869464, "DIST_TO_SENSOR": 287.45507136758908, "MIDPOINT_X": 359280.09481368464, "MIDPOINT_Y": 173536.28135396331, "SENSOR_X": 359522.0, "SENSOR_Y": 173381.0 }, "geometry": { "type": "LineString", "coordinates": [ [ 359294.084673903940711, 173535.659758182213409 ], [ 359266.104953465342987, 173536.902949744398938 ] ] } },
{ "type": "Feature", "properties": { "JOURNEY_LINK_ID": 73, "SITE_ID": 672, "SEGMENT_ID": 0, "SEGMENT_LENGTH": 16.613956239660357, "LENGTH_PROPORTION": 0.003319326047267247, "DIST_TO_SENSOR": 293.36226832106053, "MIDPOINT_X": 359021.32115747093, "MIDPOINT_Y": 173524.91111539197, "SENSOR_X": 358728.0, "SENSOR_Y": 173520.0 }, "geometry": { "type": "LineString", "coordinates": [ [ 359027.998504837509245, 173519.96956526779104 ], [ 359014.64381010440411, 173529.852665516140405 ] ] } },
{ "type": "Feature", "properties": { "JOURNEY_LINK_ID": 73, "SITE_ID": 672, "SEGMENT_ID": 1, "SEGMENT_LENGTH": 9.573169044114417, "LENGTH_PROPORTION": 0.0019126371169297777, "DIST_TO_SENSOR": 285.00213369677891, "MIDPOINT_X": 359012.64799692255, "MIDPOINT_Y": 173534.20331157505, "SENSOR_X": 358728.0, "SENSOR_Y": 173520.0 }, "geometry": { "type": "LineString", "coordinates": [ [ 359014.64381010440411, 173529.852665516140405 ], [ 359012.595428239263128, 173534.317905334115494 ], [ 359011.241963928157929, 173538.77755471796263 ] ] } },
{ "type": "Feature", "properties": { "JOURNEY_LINK_ID": 73, "SITE_ID": 672, "SEGMENT_ID": 2, "SEGMENT_LENGTH": 16.739796533623966, "LENGTH_PROPORTION": 0.003344467859339199, "DIST_TO_SENSOR": 283.91326580347049, "MIDPOINT_X": 359010.61464213207, "MIDPOINT_Y": 173547.12391107035, "SENSOR_X": 358728.0, "SENSOR_Y": 173520.0 }, "geometry": { "type": "LineString", "coordinates": [ [ 359011.241963928157929, 173538.77755471796263 ], [ 359009.98732033604756, 173555.470267422730103 ] ] } },
{ "type": "Feature", "properties": { "JOURNEY_LINK_ID": 73, "SITE_ID": 672, "SEGMENT_ID": 3, "SEGMENT_LENGTH": 23.028256172592538, "LENGTH_PROPORTION": 0.0046008481925790736, "DIST_TO_SENSOR": 291.89770895799813, "MIDPOINT_X": 359016.40330999868, "MIDPOINT_Y": 173565.03113674704, "SENSOR_X": 358728.0, "SENSOR_Y": 173520.0 }, "geometry": { "type": "LineString", "coordinates": [ [ 359009.98732033604756, 173555.470267422730103 ], [ 359022.819299661321566, 173574.592006071354263 ] ] } },
{ "type": "Feature", "properties": { "JOURNEY_LINK_ID": 94, "SITE_ID": 500, "SEGMENT_ID": 0, "SEGMENT_LENGTH": 10.767140491676452, "LENGTH_PROPORTION": 0.00047492759894844514, "DIST_TO_SENSOR": 294.42433701923079, "MIDPOINT_X": 359546.06926613359, "MIDPOINT_Y": 173087.5611466472, "SENSOR_X": 359522.0, "SENSOR_Y": 173381.0 }, "geometry": { "type": "LineString", "coordinates": [ [ 359545.983897046477068, 173082.178253307094565 ], [ 359546.154635220766068, 173092.944039987283759 ] ] } },
{ "type": "Feature", "properties": { "JOURNEY_LINK_ID": 94, "SITE_ID": 500, "SEGMENT_ID": 1, "SEGMENT_LENGTH": 30.000000000008793, "LENGTH_PROPORTION": 0.0013232694399661477, "DIST_TO_SENSOR": 274.28641519790699, "MIDPOINT_X": 359542.43686893181, "MIDPOINT_Y": 173107.47601211158, "SENSOR_X": 359522.0, "SENSOR_Y": 173381.0 }, "geometry": { "type": "LineString", "coordinates": [ [ 359546.154635220766068, 173092.944039987283759 ], [ 359538.741650783165824, 173121.919848263787571 ], [ 359538.715216485899873, 173122.006897652812768 ] ] } },
{ "type": "Feature", "properties": { "JOURNEY_LINK_ID": 94, "SITE_ID": 500, "SEGMENT_ID": 2, "SEGMENT_LENGTH": 29.999999999992006, "LENGTH_PROPORTION": 0.0013232694399654072, "DIST_TO_SENSOR": 244.95215483848415, "MIDPOINT_X": 359534.35669564921, "MIDPOINT_Y": 173136.35971257242, "SENSOR_X": 359522.0, "SENSOR_Y": 173381.0 }, "geometry": { "type": "LineString", "coordinates": [ [ 359538.715216485899873, 173122.006897652812768 ], [ 359529.998174812528305, 173150.712527491996298 ] ] } },
{ "type": "Feature", "properties": { "JOURNEY_LINK_ID": 94, "SITE_ID": 500, "SEGMENT_ID": 3, "SEGMENT_LENGTH": 29.999999999985462, "LENGTH_PROPORTION": 0.0013232694399651186, "DIST_TO_SENSOR": 216.2644966308315, "MIDPOINT_X": 359524.73655265087, "MIDPOINT_Y": 173164.75281786211, "SENSOR_X": 359522.0, "SENSOR_Y": 173381.0 }, "geometry": { "type": "LineString", "coordinates": [ [ 359529.998174812528305, 173150.712527491996298 ], [ 359529.262083664012607, 173153.136510401440319 ], [ 359519.291416950291023, 173178.729602084611543 ] ] } },
{ "type": "Feature", "properties": { "JOURNEY_LINK_ID": 94, "SITE_ID": 500, "SEGMENT_ID": 4, "SEGMENT_LENGTH": 30.000000000003354, "LENGTH_PROPORTION": 0.0013232694399659076, "DIST_TO_SENSOR": 188.47007212548743, "MIDPOINT_X": 359513.84628124972, "MIDPOINT_Y": 173192.70638630711, "SENSOR_X": 359522.0, "SENSOR_Y": 173381.0 }, "geometry": { "type": "LineString", "coordinates": [ [ 359519.291416950291023, 173178.729602084611543 ], [ 359508.834009871061426, 173205.572077701450326 ], [ 359508.374065636890009, 173206.672236824233551 ] ] } },
{ "type": "Feature", "properties": { "JOURNEY_LINK_ID": 94, "SITE_ID": 500, "SEGMENT_ID": 5, "SEGMENT_LENGTH": 30.000000000025555, "LENGTH_PROPORTION": 0.0013232694399668869, "DIST_TO_SENSOR": 161.65821656033313, "MIDPOINT_X": 359502.58828325005, "MIDPOINT_Y": 173220.51148254692, "SENSOR_X": 359522.0, "SENSOR_Y": 173381.0 }, "geometry": { "type": "LineString", "coordinates": [ [ 359508.374065636890009, 173206.672236824233551 ], [ 359496.802500863210298, 173234.350728269579122 ] ] } },
{ "type": "Feature", "properties": { "JOURNEY_LINK_ID": 94, "SITE_ID": 500, "SEGMENT_ID": 6, "SEGMENT_LENGTH": 29.99999999998343, "LENGTH_PROPORTION": 0.0013232694399650288, "DIST_TO_SENSOR": 136.37176301424742, "MIDPOINT_X": 359491.02392296866, "MIDPOINT_Y": 173248.19284507466, "SENSOR_X": 359522.0, "SENSOR_Y": 173381.0 }, "geometry": { "type": "LineString", "coordinates": [ [ 359496.802500863210298, 173234.350728269579122 ], [ 359491.105949395161588, 173247.976538966817316 ], [ 359485.705283866613172, 173262.218253378960071 ] ] } },
{ "type": "Feature", "properties": { "JOURNEY_LINK_ID": 94, "SITE_ID": 500, "SEGMENT_ID": 7, "SEGMENT_LENGTH": 28.91257055098097, "LENGTH_PROPORTION": 0.0012753040346989036, "DIST_TO_SENSOR": 113.12084687463857, "MIDPOINT_X": 359480.57943292416, "MIDPOINT_Y": 173275.73527361575, "SENSOR_X": 359522.0, "SENSOR_Y": 173381.0 }, "geometry": { "type": "LineString", "coordinates": [ [ 359485.705283866613172, 173262.218253378960071 ], [ 359475.453581981710158, 173289.252293852565344 ] ] } },
{ "type": "Feature", "properties": { "JOURNEY_LINK_ID": 94, "SITE_ID": 500, "SEGMENT_ID": 8, "SEGMENT_LENGTH": 30.000000000015646, "LENGTH_PROPORTION": 0.00132326943996645, "DIST_TO_SENSOR": 89.124887455875083, "MIDPOINT_X": 359476.79089810076, "MIDPOINT_Y": 173304.1925611058, "SENSOR_X": 359522.0, "SENSOR_Y": 173381.0 }, "geometry": { "type": "LineString", "coordinates": [ [ 359475.453581981710158, 173289.252293852565344 ], [ 359478.128214219817892, 173319.132828359026462 ] ] } },
{ "type": "Feature", "properties": { "JOURNEY_LINK_ID": 94, "SITE_ID": 500, "SEGMENT_ID": 9, "SEGMENT_LENGTH": 21.327842588366597, "LENGTH_PROPORTION": 0.00094074941058619151, "DIST_TO_SENSOR": 66.845642799991438, "MIDPOINT_X": 359479.07894980907, "MIDPOINT_Y": 173329.75428396586, "SENSOR_X": 359522.0, "SENSOR_Y": 173381.0 }, "geometry": { "type": "LineString", "coordinates": [ [ 359478.128214219817892, 173319.132828359026462 ], [ 359480.029685398330912, 173340.375739572686143 ] ] } },
{ "type": "Feature", "properties": { "JOURNEY_LINK_ID": 94, "SITE_ID": 500, "SEGMENT_ID": 10, "SEGMENT_LENGTH": 29.9999999999906, "LENGTH_PROPORTION": 0.0013232694399653452, "DIST_TO_SENSOR": 44.745767298244971, "MIDPOINT_X": 359486.32544245821, "MIDPOINT_Y": 173353.99056395801, "SENSOR_X": 359522.0, "SENSOR_Y": 173381.0 }, "geometry": { "type": "LineString", "coordinates": [ [ 359480.029685398330912, 173340.375739572686143 ], [ 359492.621199518092908, 173367.605388343305094 ] ] } },
{ "type": "Feature", "properties": { "JOURNEY_LINK_ID": 94, "SITE_ID": 500, "SEGMENT_ID": 11, "SEGMENT_LENGTH": 30.000000000017014, "LENGTH_PROPORTION": 0.0013232694399665102, "DIST_TO_SENSOR": 23.084093815200813, "MIDPOINT_X": 359498.91695657797, "MIDPOINT_Y": 173381.22021272863, "SENSOR_X": 359522.0, "SENSOR_Y": 173381.0 }, "geometry": { "type": "LineString", "coordinates": [ [ 359492.621199518092908, 173367.605388343305094 ], [ 359505.212713637854904, 173394.835037113953149 ] ] } },
{ "type": "Feature", "properties": { "JOURNEY_LINK_ID": 94, "SITE_ID": 500, "SEGMENT_ID": 12, "SEGMENT_LENGTH": 29.9999999999906, "LENGTH_PROPORTION": 0.0013232694399653452, "DIST_TO_SENSOR": 29.386511930274541, "MIDPOINT_X": 359511.50847069774, "MIDPOINT_Y": 173408.44986149925, "SENSOR_X": 359522.0, "SENSOR_Y": 173381.0 }, "geometry": { "type": "LineString", "coordinates": [ [ 359505.212713637854904, 173394.835037113953149 ], [ 359517.8042277576169, 173422.0646858845721 ] ] } },
{ "type": "Feature", "properties": { "JOURNEY_LINK_ID": 94, "SITE_ID": 500, "SEGMENT_ID": 13, "SEGMENT_LENGTH": 30.000000000017014, "LENGTH_PROPORTION": 0.0013232694399665102, "DIST_TO_SENSOR": 54.719820719638669, "MIDPOINT_X": 359524.0999848175, "MIDPOINT_Y": 173435.6795102699, "SENSOR_X": 359522.0, "SENSOR_Y": 173381.0 }, "geometry": { "type": "LineString", "coordinates": [ [ 359517.8042277576169, 173422.0646858845721 ], [ 359530.395741877378896, 173449.294334655220155 ] ] } },
{ "type": "Feature", "properties": { "JOURNEY_LINK_ID": 94, "SITE_ID": 500, "SEGMENT_ID": 14, "SEGMENT_LENGTH": 13.069125113475533, "LENGTH_PROPORTION": 0.00057646579565837379, "DIST_TO_SENSOR": 75.056535323755483, "MIDPOINT_X": 359533.13840976736, "MIDPOINT_Y": 173455.22546276488, "SENSOR_X": 359522.0, "SENSOR_Y": 173381.0 }, "geometry": { "type": "LineString", "coordinates": [ [ 359530.395741877378896, 173449.294334655220155 ], [ 359535.8810776573373, 173461.156590874539688 ] ] } },
{ "type": "Feature", "properties": { "JOURNEY_LINK_ID": 94, "SITE_ID": 500, "SEGMENT_ID": 15, "SEGMENT_LENGTH": 29.999999999992987, "LENGTH_PROPORTION": 0.0013232694399654503, "DIST_TO_SENSOR": 95.819756570281726, "MIDPOINT_X": 359534.10902424733, "MIDPOINT_Y": 173476.05155064998, "SENSOR_X": 359522.0, "SENSOR_Y": 173381.0 }, "geometry": { "type": "LineString", "coordinates": [ [ 359535.8810776573373, 173461.156590874539688 ], [ 359532.336970837321132, 173490.946510425419547 ] ] } },
{ "type": "Feature", "properties": { "JOURNEY_LINK_ID": 94, "SITE_ID": 500, "SEGMENT_ID": 16, "SEGMENT_LENGTH": 29.999999999992987, "LENGTH_PROPORTION": 0.0013232694399654503, "DIST_TO_SENSOR": 125.13492914629701, "MIDPOINT_X": 359530.56491742731, "MIDPOINT_Y": 173505.84147020086, "SENSOR_X": 359522.0, "SENSOR_Y": 173381.0 }, "geometry": { "type": "LineString", "coordinates": [ [ 359532.336970837321132, 173490.946510425419547 ], [ 359528.792864017304964, 173520.736429976299405 ] ] } },
{ "type": "Feature", "properties": { "JOURNEY_LINK_ID": 94, "SITE_ID": 500, "SEGMENT_ID": 17, "SEGMENT_LENGTH": 30.000000000027825, "LENGTH_PROPORTION": 0.0013232694399669871, "DIST_TO_SENSOR": 154.47868382136323, "MIDPOINT_X": 359525.9190369788, "MIDPOINT_Y": 173535.42896394245, "SENSOR_X": 359522.0, "SENSOR_Y": 173381.0 }, "geometry": { "type": "LineString", "coordinates": [ [ 359528.792864017304964, 173520.736429976299405 ], [ 359528.067046384443529, 173526.837275687023066 ], [ 359522.280863371037412, 173549.981066635868046 ] ] } },
{ "type": "Feature", "properties": { "JOURNEY_LINK_ID": 94, "SITE_ID": 500, "SEGMENT_ID": 18, "SEGMENT_LENGTH": 29.999999999974211, "LENGTH_PROPORTION": 0.0013232694399646222, "DIST_TO_SENSOR": 183.66067298608132, "MIDPOINT_X": 359519.17555720924, "MIDPOINT_Y": 173564.63895372339, "SENSOR_X": 359522.0, "SENSOR_Y": 173381.0 }, "geometry": { "type": "LineString", "coordinates": [ [ 359522.280863371037412, 173549.981066635868046 ], [ 359519.987318096274976, 173559.154874696978368 ], [ 359516.979168093763292, 173579.477278253238183 ] ] } },
{ "type": "Feature", "properties": { "JOURNEY_LINK_ID": 94, "SITE_ID": 500, "SEGMENT_ID": 19, "SEGMENT_LENGTH": 6.4710842305533181, "LENGTH_PROPORTION": 0.00028543293352451828, "DIST_TO_SENSOR": 201.75278122297172, "MIDPOINT_X": 359516.50540079479, "MIDPOINT_Y": 173582.67794651567, "SENSOR_X": 359522.0, "SENSOR_Y": 173381.0 }, "geometry": { "type": "LineString", "coordinates": [ [ 359516.979168093763292, 173579.477278253238183 ], [ 359516.031633495818824, 173585.878614778106567 ] ] } },
{ "type": "Feature", "properties": { "JOURNEY_LINK_ID": 94, "SITE_ID": 500, "SEGMENT_ID": 20, "SEGMENT_LENGTH": 30.000000000015731, "LENGTH_PROPORTION": 0.0013232694399664536, "DIST_TO_SENSOR": 212.12815434090857, "MIDPOINT_X": 359529.23073590361, "MIDPOINT_Y": 173593.00488277955, "SENSOR_X": 359522.0, "SENSOR_Y": 173381.0 }, "geometry": { "type": "LineString", "coordinates": [ [ 359516.031633495818824, 173585.878614778106567 ], [ 359538.360647664871067, 173597.934172365290578 ], [ 359542.121523135458119, 173600.625053702678997 ] ] } },
{ "type": "Feature", "properties": { "JOURNEY_LINK_ID": 94, "SITE_ID": 500, "SEGMENT_ID": 21, "SEGMENT_LENGTH": 29.999999999979387, "LENGTH_PROPORTION": 0.0013232694399648505, "DIST_TO_SENSOR": 230.62932106430938, "MIDPOINT_X": 359554.32055355469, "MIDPOINT_Y": 173609.35337867547, "SENSOR_X": 359522.0, "SENSOR_Y": 173381.0 }, "geometry": { "type": "LineString", "coordinates": [ [ 359542.121523135458119, 173600.625053702678997 ], [ 359566.519583973917179, 173618.081703648233088 ] ] } },
{ "type": "Feature", "properties": { "JOURNEY_LINK_ID": 94, "SITE_ID": 500, "SEGMENT_ID": 22, "SEGMENT_LENGTH": 30.00000000002947, "LENGTH_PROPORTION": 0.0013232694399670597, "DIST_TO_SENSOR": 252.07714636160037, "MIDPOINT_X": 359578.8821973874, "MIDPOINT_Y": 173626.57545345207, "SENSOR_X": 359522.0, "SENSOR_Y": 173381.0 }, "geometry": { "type": "LineString", "coordinates": [ [ 359566.519583973917179, 173618.081703648233088 ], [ 359569.105853757180739, 173619.932162443699781 ], [ 359591.288822065806016, 173635.006091867369832 ] ] } },
{ "type": "Feature", "properties": { "JOURNEY_LINK_ID": 94, "SITE_ID": 500, "SEGMENT_ID": 23, "SEGMENT_LENGTH": 10.341397218540642, "LENGTH_PROPORTION": 0.00045614849686139136, "DIST_TO_SENSOR": 267.23733184114809, "MIDPOINT_X": 359595.56554986385, "MIDPOINT_Y": 173637.91224455601, "SENSOR_X": 359522.0, "SENSOR_Y": 173381.0 }, "geometry": { "type": "LineString", "coordinates": [ [ 359591.288822065806016, 173635.006091867369832 ], [ 359599.842277661839034, 173640.818397244613152 ] ] } },
{ "type": "Feature", "properties": { "JOURNEY_LINK_ID": 94, "SITE_ID": 500, "SEGMENT_ID": 24, "SEGMENT_LENGTH": 29.459521042344896, "LENGTH_PROPORTION": 0.0012994294637121082, "DIST_TO_SENSOR": 285.46264684750798, "MIDPOINT_X": 359607.64394388313, "MIDPOINT_Y": 173653.31238976831, "SENSOR_X": 359522.0, "SENSOR_Y": 173381.0 }, "geometry": { "type": "LineString", "coordinates": [ [ 359599.842277661839034, 173640.818397244613152 ], [ 359615.445610104477964, 173665.806382292008493 ] ] } },
{ "type": "Feature", "properties": { "JOURNEY_LINK_ID": 94, "SITE_ID": 452, "SEGMENT_ID": 0, "SEGMENT_LENGTH": 23.894453027584195, "LENGTH_PROPORTION": 0.030541178826813356, "DIST_TO_SENSOR": 293.20324234628703, "MIDPOINT_X": 359610.26101064857, "MIDPOINT_Y": 173657.50349608753, "SENSOR_X": 359488.0, "SENSOR_Y": 173924.0 }, "geometry": { "type": "LineString", "coordinates": [ [ 359603.933122737740632, 173647.369688512873836 ], [ 359616.588898559333757, 173667.637303662195336 ] ] } },
{ "type": "Feature", "properties": { "JOURNEY_LINK_ID": 102, "SITE_ID": 500, "SEGMENT_ID": 0, "SEGMENT_LENGTH": 27.150579588031484, "LENGTH_PROPORTION": 0.0011975844082066736, "DIST_TO_SENSOR": 288.09646100624627, "MIDPOINT_X": 359527.32863624697, "MIDPOINT_Y": 173092.95282247508, "SENSOR_X": 359522.0, "SENSOR_Y": 173381.0 }, "geometry": { "type": "LineString", "coordinates": [ [ 359534.816918237716891, 173081.629654816759285 ], [ 359519.840354256215505, 173104.275990133406594 ] ] } },
{ "type": "Feature", "properties": { "JOURNEY_LINK_ID": 102, "SITE_ID": 500, "SEGMENT_ID": 1, "SEGMENT_LENGTH": 18.079634012123002, "LENGTH_PROPORTION": 0.00079747423913359688, "DIST_TO_SENSOR": 268.56825772247333, "MIDPOINT_X": 359516.08087860257, "MIDPOINT_Y": 173112.4969775627, "SENSOR_X": 359522.0, "SENSOR_Y": 173381.0 }, "geometry": { "type": "LineString", "coordinates": [ [ 359519.840354256215505, 173104.275990133406594 ], [ 359512.321402948873583, 173120.717964991985355 ] ] } },
{ "type": "Feature", "properties": { "JOURNEY_LINK_ID": 102, "SITE_ID": 500, "SEGMENT_ID": 2, "SEGMENT_LENGTH": 30.000000000004562, "LENGTH_PROPORTION": 0.001323269439965961, "DIST_TO_SENSOR": 245.46235842521463, "MIDPOINT_X": 359512.9897372952, "MIDPOINT_Y": 173135.7030685686, "SENSOR_X": 359522.0, "SENSOR_Y": 173381.0 }, "geometry": { "type": "LineString", "coordinates": [ [ 359512.321402948873583, 173120.717964991985355 ], [ 359513.658071641577408, 173150.688172145193676 ] ] } },
{ "type": "Feature", "properties": { "JOURNEY_LINK_ID": 102, "SITE_ID": 500, "SEGMENT_ID": 3, "SEGMENT_LENGTH": 8.1390246073444459, "LENGTH_PROPORTION": 0.00035900408446760739, "DIST_TO_SENSOR": 226.39348394646996, "MIDPOINT_X": 359513.83939129789, "MIDPOINT_Y": 173154.75364303699, "SENSOR_X": 359522.0, "SENSOR_Y": 173381.0 }, "geometry": { "type": "LineString", "coordinates": [ [ 359513.658071641577408, 173150.688172145193676 ], [ 359514.020710954267997, 173158.819113928766456 ] ] } },
{ "type": "Feature", "properties": { "JOURNEY_LINK_ID": 102, "SITE_ID": 500, "SEGMENT_ID": 4, "SEGMENT_LENGTH": 30.000000000017859, "LENGTH_PROPORTION": 0.0013232694399665475, "DIST_TO_SENSOR": 207.98313452781767, "MIDPOINT_X": 359510.28684287076, "MIDPOINT_Y": 173173.34695716633, "SENSOR_X": 359522.0, "SENSOR_Y": 173381.0 }, "geometry": { "type": "LineString", "coordinates": [ [ 359514.020710954267997, 173158.819113928766456 ], [ 359506.552974787249696, 173187.87480040389346 ] ] } },
{ "type": "Feature", "properties": { "JOURNEY_LINK_ID": 102, "SITE_ID": 500, "SEGMENT_ID": 5, "SEGMENT_LENGTH": 29.999999999975181, "LENGTH_PROPORTION": 0.0013232694399646649, "DIST_TO_SENSOR": 179.62439245799249, "MIDPOINT_X": 359502.81910670374, "MIDPOINT_Y": 173202.40264364146, "SENSOR_X": 359522.0, "SENSOR_Y": 173381.0 }, "geometry": { "type": "LineString", "coordinates": [ [ 359506.552974787249696, 173187.87480040389346 ], [ 359499.085238620289601, 173216.93048687899136 ] ] } },
{ "type": "Feature", "properties": { "JOURNEY_LINK_ID": 102, "SITE_ID": 500, "SEGMENT_ID": 6, "SEGMENT_LENGTH": 30.000000000017859, "LENGTH_PROPORTION": 0.0013232694399665475, "DIST_TO_SENSOR": 151.89753284302301, "MIDPOINT_X": 359495.35137053678, "MIDPOINT_Y": 173231.45833011655, "SENSOR_X": 359522.0, "SENSOR_Y": 173381.0 }, "geometry": { "type": "LineString", "coordinates": [ [ 359499.085238620289601, 173216.93048687899136 ], [ 359491.6175024532713, 173245.986173354118364 ] ] } },
{ "type": "Feature", "properties": { "JOURNEY_LINK_ID": 102, "SITE_ID": 500, "SEGMENT_ID": 7, "SEGMENT_LENGTH": 30.000000000006708, "LENGTH_PROPORTION": 0.0013232694399660555, "DIST_TO_SENSOR": 126.01849485025953, "MIDPOINT_X": 359486.51598255377, "MIDPOINT_Y": 173260.08041701114, "SENSOR_X": 359522.0, "SENSOR_Y": 173381.0 }, "geometry": { "type": "LineString", "coordinates": [ [ 359491.6175024532713, 173245.986173354118364 ], [ 359491.105949395161588, 173247.976538966817316 ], [ 359481.197343451727647, 173274.105825315433322 ] ] } },
{ "type": "Feature", "properties": { "JOURNEY_LINK_ID": 102, "SITE_ID": 500, "SEGMENT_ID": 8, "SEGMENT_LENGTH": 16.198959996579649, "LENGTH_PROPORTION": 0.00071451962409005659, "DIST_TO_SENSOR": 108.49937516883594, "MIDPOINT_X": 359478.32546271675, "MIDPOINT_Y": 173281.67905958398, "SENSOR_X": 359522.0, "SENSOR_Y": 173381.0 }, "geometry": { "type": "LineString", "coordinates": [ [ 359481.197343451727647, 173274.105825315433322 ], [ 359475.453581981710158, 173289.252293852565344 ] ] } },
{ "type": "Feature", "properties": { "JOURNEY_LINK_ID": 102, "SITE_ID": 500, "SEGMENT_ID": 9, "SEGMENT_LENGTH": 30.000000000015646, "LENGTH_PROPORTION": 0.00132326943996645, "DIST_TO_SENSOR": 89.124887455875083, "MIDPOINT_X": 359476.79089810076, "MIDPOINT_Y": 173304.1925611058, "SENSOR_X": 359522.0, "SENSOR_Y": 173381.0 }, "geometry": { "type": "LineString", "coordinates": [ [ 359475.453581981710158, 173289.252293852565344 ], [ 359478.128214219817892, 173319.132828359026462 ] ] } },
{ "type": "Feature", "properties": { "JOURNEY_LINK_ID": 102, "SITE_ID": 500, "SEGMENT_ID": 10, "SEGMENT_LENGTH": 21.327842588366597, "LENGTH_PROPORTION": 0.00094074941058619151, "DIST_TO_SENSOR": 66.845642799991438, "MIDPOINT_X": 359479.07894980907, "MIDPOINT_Y": 173329.75428396586, "SENSOR_X": 359522.0, "SENSOR_Y": 173381.0 }, "geometry": { "type": "LineString", "coordinates": [ [ 359478.128214219817892, 173319.132828359026462 ], [ 359480.029685398330912, 173340.375739572686143 ] ] } },
{ "type": "Feature", "properties": { "JOURNEY_LINK_ID": 102, "SITE_ID": 500, "SEGMENT_ID": 11, "SEGMENT_LENGTH": 29.9999999999906, "LENGTH_PROPORTION": 0.0013232694399653452, "DIST_TO_SENSOR": 44.745767298244971, "MIDPOINT_X": 359486.32544245821, "MIDPOINT_Y": 173353.99056395801, "SENSOR_X": 359522.0, "SENSOR_Y": 173381.0 }, "geometry": { "type": "LineString", "coordinates": [ [ 359480.029685398330912, 173340.375739572686143 ], [ 359492.621199518092908, 173367.605388343305094 ] ] } },
{ "type": "Feature", "properties": { "JOURNEY_LINK_ID": 102, "SITE_ID": 500, "SEGMENT_ID": 12, "SEGMENT_LENGTH": 30.000000000017014, "LENGTH_PROPORTION": 0.0013232694399665102, "DIST_TO_SENSOR": 23.084093815200813, "MIDPOINT_X": 359498.91695657797, "MIDPOINT_Y": 173381.22021272863, "SENSOR_X": 359522.0, "SENSOR_Y": 173381.0 }, "geometry": { "type": "LineString", "coordinates": [ [ 359492.621199518092908, 173367.605388343305094 ], [ 359505.212713637854904, 173394.835037113953149 ] ] } },
{ "type": "Feature", "properties": { "JOURNEY_LINK_ID": 102, "SITE_ID": 500, "SEGMENT_ID": 13, "SEGMENT_LENGTH": 29.9999999999906, "LENGTH_PROPORTION": 0.0013232694399653452, "DIST_TO_SENSOR": 29.386511930274541, "MIDPOINT_X": 359511.50847069774, "MIDPOINT_Y": 173408.44986149925, "SENSOR_X": 359522.0, "SENSOR_Y": 173381.0 }, "geometry": { "type": "LineString", "coordinates": [ [ 359505.212713637854904, 173394.835037113953149 ], [ 359517.8042277576169, 173422.0646858845721 ] ] } },
{ "type": "Feature", "properties": { "JOURNEY_LINK_ID": 102, "SITE_ID": 500, "SEGMENT_ID": 14, "SEGMENT_LENGTH": 30.000000000017014, "LENGTH_PROPORTION": 0.0013232694399665102, "DIST_TO_SENSOR": 54.719820719638669, "MIDPOINT_X": 359524.0999848175, "MIDPOINT_Y": 173435.6795102699, "SENSOR_X": 359522.0, "SENSOR_Y": 173381.0 }, "geometry": { "type": "LineString", "coordinates": [ [ 359517.8042277576169, 173422.0646858845721 ], [ 359530.395741877378896, 173449.294334655220155 ] ] } },
{ "type": "Feature", "properties": { "JOURNEY_LINK_ID": 102, "SITE_ID": 500, "SEGMENT_ID": 15, "SEGMENT_LENGTH": 13.069125113475533, "LENGTH_PROPORTION": 0.00057646579565837379, "DIST_TO_SENSOR": 75.056535323755483, "MIDPOINT_X": 359533.13840976736, "MIDPOINT_Y": 173455.22546276488, "SENSOR_X": 359522.0, "SENSOR_Y": 173381.0 }, "geometry": { "type": "LineString", "coordinates": [ [ 359530.395741877378896, 173449.294334655220155 ], [ 359535.8810776573373, 173461.156590874539688 ] ] } },
{ "type": "Feature", "properties": { "JOURNEY_LINK_ID": 102, "SITE_ID": 500, "SEGMENT_ID": 16, "SEGMENT_LENGTH": 29.999999999992987, "LENGTH_PROPORTION": 0.0013232694399654503, "DIST_TO_SENSOR": 95.819756570281726, "MIDPOINT_X": 359534.10902424733, "MIDPOINT_Y": 173476.05155064998, "SENSOR_X": 359522.0, "SENSOR_Y": 173381.0 }, "geometry": { "type": "LineString", "coordinates": [ [ 359535.8810776573373, 173461.156590874539688 ], [ 359532.336970837321132, 173490.946510425419547 ] ] } },
{ "type": "Feature", "properties": { "JOURNEY_LINK_ID": 102, "SITE_ID": 500, "SEGMENT_ID": 17, "SEGMENT_LENGTH": 29.999999999992987, "LENGTH_PROPORTION": 0.0013232694399654503, "DIST_TO_SENSOR": 125.13492914629701, "MIDPOINT_X": 359530.56491742731, "MIDPOINT_Y": 173505.84147020086, "SENSOR_X": 359522.0, "SENSOR_Y": 173381.0 }, "geometry": { "type": "LineString", "coordinates": [ [ 359532.336970837321132, 173490.946510425419547 ], [ 359528.792864017304964, 173520.736429976299405 ] ] } },
{ "type": "Feature", "properties": { "JOURNEY_LINK_ID": 102, "SITE_ID": 500, "SEGMENT_ID": 18, "SEGMENT_LENGTH": 30.000000000027825, "LENGTH_PROPORTION": 0.0013232694399669871, "DIST_TO_SENSOR": 154.47868382136323, "MIDPOINT_X": 359525.9190369788, "MIDPOINT_Y": 173535.42896394245, "SENSOR_X": 359522.0, "SENSOR_Y": 173381.0 }, "geometry": { "type": "LineString", "coordinates": [ [ 359528.792864017304964, 173520.736429976299405 ], [ 359528.067046384443529, 173526.837275687023066 ], [ 359522.280863371037412, 173549.981066635868046 ] ] } },
{ "type": "Feature", "properties": { "JOURNEY_LINK_ID": 102, "SITE_ID": 500, "SEGMENT_ID": 19, "SEGMENT_LENGTH": 9.4561675254554274, "LENGTH_PROPORTION": 0.00041710191685439358, "DIST_TO_SENSOR": 173.57013061041894, "MIDPOINT_X": 359521.13409073366, "MIDPOINT_Y": 173554.56797066642, "SENSOR_X": 359522.0, "SENSOR_Y": 173381.0 }, "geometry": { "type": "LineString", "coordinates": [ [ 359522.280863371037412, 173549.981066635868046 ], [ 359519.987318096274976, 173559.154874696978368 ] ] } },
{ "type": "Feature", "properties": { "JOURNEY_LINK_ID": 102, "SITE_ID": 500, "SEGMENT_ID": 20, "SEGMENT_LENGTH": 29.999999999988088, "LENGTH_PROPORTION": 0.0013232694399652343, "DIST_TO_SENSOR": 174.28545397328273, "MIDPOINT_X": 359505.72022573638, "MIDPOINT_Y": 173554.52345206513, "SENSOR_X": 359522.0, "SENSOR_Y": 173381.0 }, "geometry": { "type": "LineString", "coordinates": [ [ 359519.987318096274976, 173559.154874696978368 ], [ 359491.453133376548067, 173549.892029433249263 ] ] } },
{ "type": "Feature", "properties": { "JOURNEY_LINK_ID": 102, "SITE_ID": 500, "SEGMENT_ID": 21, "SEGMENT_LENGTH": 30.000000000034465, "LENGTH_PROPORTION": 0.00132326943996728, "DIST_TO_SENSOR": 170.26402399369275, "MIDPOINT_X": 359477.18604101666, "MIDPOINT_Y": 173545.2606068014, "SENSOR_X": 359522.0, "SENSOR_Y": 173381.0 }, "geometry": { "type": "LineString", "coordinates": [ [ 359491.453133376548067, 173549.892029433249263 ], [ 359462.91894865676295, 173540.629184169549262 ] ] } },
{ "type": "Feature", "properties": { "JOURNEY_LINK_ID": 102, "SITE_ID": 500, "SEGMENT_ID": 22, "SEGMENT_LENGTH": 29.999999999988088, "LENGTH_PROPORTION": 0.0013232694399652343, "DIST_TO_SENSOR": 171.47669307044288, "MIDPOINT_X": 359448.65185629693, "MIDPOINT_Y": 173535.99776153767, "SENSOR_X": 359522.0, "SENSOR_Y": 173381.0 }, "geometry": { "type": "LineString", "coordinates": [ [ 359462.91894865676295, 173540.629184169549262 ], [ 359434.384763937036041, 173531.366338905820157 ] ] } },
{ "type": "Feature", "properties": { "JOURNEY_LINK_ID": 102, "SITE_ID": 500, "SEGMENT_ID": 23, "SEGMENT_LENGTH": 29.999999999979103, "LENGTH_PROPORTION": 0.001323269439964838, "DIST_TO_SENSOR": 177.8164071907986, "MIDPOINT_X": 359420.11767157714, "MIDPOINT_Y": 173526.73491627397, "SENSOR_X": 359522.0, "SENSOR_Y": 173381.0 }, "geometry": { "type": "LineString", "coordinates": [ [ 359434.384763937036041, 173531.366338905820157 ], [ 359405.850579217309132, 173522.103493642120156 ] ] } },
{ "type": "Feature", "properties": { "JOURNEY_LINK_ID": 102, "SITE_ID": 500, "SEGMENT_ID": 24, "SEGMENT_LENGTH": 3.0389175314294055, "LENGTH_PROPORTION": 0.00013404355666389061, "DIST_TO_SENSOR": 183.32080458950773, "MIDPOINT_X": 359404.40536198078, "MIDPOINT_Y": 173521.63434326107, "SENSOR_X": 359522.0, "SENSOR_Y": 173381.0 }, "geometry": { "type": "LineString", "coordinates": [ [ 359405.850579217309132, 173522.103493642120156 ], [ 359402.960144744312856, 173521.165192880027462 ] ] } },
{ "type": "Feature", "properties": { "JOURNEY_LINK_ID": 102, "SITE_ID": 500, "SEGMENT_ID": 25, "SEGMENT_LENGTH": 30.000000000027804, "LENGTH_PROPORTION": 0.0013232694399669862, "DIST_TO_SENSOR": 194.02950773241446, "MIDPOINT_X": 359387.96065274783, "MIDPOINT_Y": 173521.28864265897, "SENSOR_X": 359522.0, "SENSOR_Y": 173381.0 }, "geometry": { "type": "LineString", "coordinates": [ [ 359402.960144744312856, 173521.165192880027462 ], [ 359372.96116075135069, 173521.412092437880347 ] ] } },
{ "type": "Feature", "properties": { "JOURNEY_LINK_ID": 102, "SITE_ID": 500, "SEGMENT_ID": 26, "SEGMENT_LENGTH": 29.999999999969599, "LENGTH_PROPORTION": 0.0013232694399644188, "DIST_TO_SENSOR": 216.00651088297275, "MIDPOINT_X": 359357.96166875493, "MIDPOINT_Y": 173521.53554221679, "SENSOR_X": 359522.0, "SENSOR_Y": 173381.0 }, "geometry": { "type": "LineString", "coordinates": [ [ 359372.96116075135069, 173521.412092437880347 ], [ 359342.962176758446731, 173521.658991995733231 ] ] } },
{ "type": "Feature", "properties": { "JOURNEY_LINK_ID": 102, "SITE_ID": 500, "SEGMENT_ID": 27, "SEGMENT_LENGTH": 10.065458635812528, "LENGTH_PROPORTION": 0.00044397712706700543, "DIST_TO_SENSOR": 231.68623461041102, "MIDPOINT_X": 359337.92961788352, "MIDPOINT_Y": 173521.70041128385, "SENSOR_X": 359522.0, "SENSOR_Y": 173381.0 }, "geometry": { "type": "LineString", "coordinates": [ [ 359342.962176758446731, 173521.658991995733231 ], [ 359332.897059008537326, 173521.741830571962055 ] ] } },
{ "type": "Feature", "properties": { "JOURNEY_LINK_ID": 169, "SITE_ID": 501, "SEGMENT_ID": 0, "SEGMENT_LENGTH": 18.160226767473542, "LENGTH_PROPORTION": 0.0027256577096565083, "DIST_TO_SENSOR": 290.88198781526148, "MIDPOINT_X": 358554.86596121127, "MIDPOINT_Y": 172811.8552062776, "SENSOR_X": 358640.0, "SENSOR_Y": 173090.0 }, "geometry": { "type": "LineString", "coordinates": [ [ 358558.277738541946746, 172820.269969168351963 ], [ 358551.454183880647179, 172803.440443386847619 ] ] } },
{ "type": "Feature", "properties": { "JOURNEY_LINK_ID": 179, "SITE_ID": 500, "SEGMENT_ID": 0, "SEGMENT_LENGTH": 11.920573052405432, "LENGTH_PROPORTION": 0.00052580433423758211, "DIST_TO_SENSOR": 294.20470954817637, "MIDPOINT_X": 359650.90268565511, "MIDPOINT_Y": 173645.46267931644, "SENSOR_X": 359522.0, "SENSOR_Y": 173381.0 }, "geometry": { "type": "LineString", "coordinates": [ [ 359655.407366568397265, 173649.36560966988327 ], [ 359646.398004741815384, 173641.559748962987214 ] ] } },
{ "type": "Feature", "properties": { "JOURNEY_LINK_ID": 179, "SITE_ID": 500, "SEGMENT_ID": 1, "SEGMENT_LENGTH": 6.7475388419883613, "LENGTH_PROPORTION": 0.00029762706481950498, "DIST_TO_SENSOR": 288.27500686966454, "MIDPOINT_X": 359643.17865285208, "MIDPOINT_Y": 173642.56875516518, "SENSOR_X": 359522.0, "SENSOR_Y": 173381.0 }, "geometry": { "type": "LineString", "coordinates": [ [ 359646.398004741815384, 173641.559748962987214 ], [ 359639.959300962334964, 173643.57776136737084 ] ] } },
{ "type": "Feature", "properties": { "JOURNEY_LINK_ID": 194, "SITE_ID": 463, "SEGMENT_ID": 0, "SEGMENT_LENGTH": 30.00000000001684, "LENGTH_PROPORTION": 0.0083345001598377141, "DIST_TO_SENSOR": 284.82242294111802, "MIDPOINT_X": 363174.87282081693, "MIDPOINT_Y": 175728.51401253545, "SENSOR_X": 362926.0, "SENSOR_Y": 175590.0 }, "geometry": { "type": "LineString", "coordinates": [ [ 363188.249195228330791, 175735.301693111774512 ], [ 363161.496446405537426, 175721.726331959100207 ] ] } },
{ "type": "Feature", "properties": { "JOURNEY_LINK_ID": 194, "SITE_ID": 463, "SEGMENT_ID": 1, "SEGMENT_LENGTH": 29.999999999978719, "LENGTH_PROPORTION": 0.0083345001598271237, "DIST_TO_SENSOR": 254.84699918190569, "MIDPOINT_X": 363148.12007199414, "MIDPOINT_Y": 175714.93865138275, "SENSOR_X": 362926.0, "SENSOR_Y": 175590.0 }, "geometry": { "type": "LineString", "coordinates": [ [ 363161.496446405537426, 175721.726331959100207 ], [ 363147.835076895251404, 175714.79403404192999 ], [ 363134.641644796472974, 175708.356033505377127 ] ] } },
{ "type": "Feature", "properties": { "JOURNEY_LINK_ID": 194, "SITE_ID": 463, "SEGMENT_ID": 2, "SEGMENT_LENGTH": 30.000000000001975, "LENGTH_PROPORTION": 0.0083345001598335838, "DIST_TO_SENSOR": 224.89291108755521, "MIDPOINT_X": 363121.27003967762, "MIDPOINT_Y": 175701.56358304454, "SENSOR_X": 362926.0, "SENSOR_Y": 175590.0 }, "geometry": { "type": "LineString", "coordinates": [ [ 363134.641644796472974, 175708.356033505377127 ], [ 363127.623023712658323, 175704.931156190286856 ], [ 363108.016870548948646, 175694.538377848424716 ] ] } },
{ "type": "Feature", "properties": { "JOURNEY_LINK_ID": 194, "SITE_ID": 463, "SEGMENT_ID": 3, "SEGMENT_LENGTH": 29.999999999993669, "LENGTH_PROPORTION": 0.0083345001598312766, "DIST_TO_SENSOR": 194.91025052005816, "MIDPOINT_X": 363094.76370142028, "MIDPOINT_Y": 175687.51317265231, "SENSOR_X": 362926.0, "SENSOR_Y": 175590.0 }, "geometry": { "type": "LineString", "coordinates": [ [ 363108.016870548948646, 175694.538377848424716 ], [ 363081.510532291664276, 175680.487967456196202 ] ] } },
{ "type": "Feature", "properties": { "JOURNEY_LINK_ID": 194, "SITE_ID": 463, "SEGMENT_ID": 4, "SEGMENT_LENGTH": 29.999999999983931, "LENGTH_PROPORTION": 0.0083345001598285704, "DIST_TO_SENSOR": 164.93389602557593, "MIDPOINT_X": 363068.25736316299, "MIDPOINT_Y": 175673.46276226011, "SENSOR_X": 362926.0, "SENSOR_Y": 175590.0 }, "geometry": { "type": "LineString", "coordinates": [ [ 363081.510532291664276, 175680.487967456196202 ], [ 363061.38993201800622, 175669.822492337087169 ], [ 363055.147009970911313, 175666.180877212929772 ] ] } },
{ "type": "Feature", "properties": { "JOURNEY_LINK_ID": 194, "SITE_ID": 463, "SEGMENT_ID": 5, "SEGMENT_LENGTH": 30.000000000042018, "LENGTH_PROPORTION": 0.0083345001598447085, "DIST_TO_SENSOR": 134.94184559580154, "MIDPOINT_X": 363042.1955991232, "MIDPOINT_Y": 175658.61402507653, "SENSOR_X": 362926.0, "SENSOR_Y": 175590.0 }, "geometry": { "type": "LineString", "coordinates": [ [ 363055.147009970911313, 175666.180877212929772 ], [ 363042.558208625996485, 175658.837590042792726 ], [ 363029.427340357680805, 175650.74182283715345 ] ] } },
{ "type": "Feature", "properties": { "JOURNEY_LINK_ID": 194, "SITE_ID": 463, "SEGMENT_ID": 6, "SEGMENT_LENGTH": 29.999999999969944, "LENGTH_PROPORTION": 0.0083345001598246846, "DIST_TO_SENSOR": 104.96791079331658, "MIDPOINT_X": 363016.88831812516, "MIDPOINT_Y": 175642.5126263359, "SENSOR_X": 362926.0, "SENSOR_Y": 175590.0 }, "geometry": { "type": "LineString", "coordinates": [ [ 363029.427340357680805, 175650.74182283715345 ], [ 363026.51248114759801, 175648.94468184694415 ], [ 363004.417109261616133, 175634.17782283006818 ] ] } },
{ "type": "Feature", "properties": { "JOURNEY_LINK_ID": 194, "SITE_ID": 463, "SEGMENT_ID": 7, "SEGMENT_LENGTH": 30.000000000022862, "LENGTH_PROPORTION": 0.0083345001598393864, "DIST_TO_SENSOR": 75.05720360886562, "MIDPOINT_X": 362991.94590039802, "MIDPOINT_Y": 175625.84301932424, "SENSOR_X": 362926.0, "SENSOR_Y": 175590.0 }, "geometry": { "type": "LineString", "coordinates": [ [ 363004.417109261616133, 175634.17782283006818 ], [ 362979.474691534414887, 175617.508215818408644 ] ] } },
{ "type": "Feature", "properties": { "JOURNEY_LINK_ID": 194, "SITE_ID": 463, "SEGMENT_ID": 8, "SEGMENT_LENGTH": 29.999999999990639, "LENGTH_PROPORTION": 0.0083345001598304352, "DIST_TO_SENSOR": 45.26483547798103, "MIDPOINT_X": 362967.00348267087, "MIDPOINT_Y": 175609.17341231258, "SENSOR_X": 362926.0, "SENSOR_Y": 175590.0 }, "geometry": { "type": "LineString", "coordinates": [ [ 362979.474691534414887, 175617.508215818408644 ], [ 362954.532273807271849, 175600.838608806720003 ] ] } },
{ "type": "Feature", "properties": { "JOURNEY_LINK_ID": 194, "SITE_ID": 463, "SEGMENT_ID": 9, "SEGMENT_LENGTH": 29.999999999990639, "LENGTH_PROPORTION": 0.0083345001598304352, "DIST_TO_SENSOR": 16.255056078323602, "MIDPOINT_X": 362942.06106494367, "MIDPOINT_Y": 175592.50380530086, "SENSOR_X": 362926.0, "SENSOR_Y": 175590.0 }, "geometry": { "type": "LineString", "coordinates": [ [ 362954.532273807271849, 175600.838608806720003 ], [ 362929.589856080128811, 175584.169001795031363 ] ] } },
{ "type": "Feature", "properties": { "JOURNEY_LINK_ID": 194, "SITE_ID": 463, "SEGMENT_ID": 10, "SEGMENT_LENGTH": 30.000000000039034, "LENGTH_PROPORTION": 0.0083345001598438793, "DIST_TO_SENSOR": 16.71969991878268, "MIDPOINT_X": 362917.11864721653, "MIDPOINT_Y": 175575.8341982892, "SENSOR_X": 362926.0, "SENSOR_Y": 175590.0 }, "geometry": { "type": "LineString", "coordinates": [ [ 362929.589856080128811, 175584.169001795031363 ], [ 362904.647438352927566, 175567.499394783342723 ] ] } },
{ "type": "Feature", "properties": { "JOURNEY_LINK_ID": 194, "SITE_ID": 463, "SEGMENT_ID": 11, "SEGMENT_LENGTH": 29.999999999974467, "LENGTH_PROPORTION": 0.0083345001598259423, "DIST_TO_SENSOR": 45.769748553357481, "MIDPOINT_X": 362892.17622948939, "MIDPOINT_Y": 175559.16459127751, "SENSOR_X": 362926.0, "SENSOR_Y": 175590.0 }, "geometry": { "type": "LineString", "coordinates": [ [ 362904.647438352927566, 175567.499394783342723 ], [ 362879.705020625784528, 175550.829787771683186 ] ] } },
{ "type": "Feature", "properties": { "JOURNEY_LINK_ID": 194, "SITE_ID": 463, "SEGMENT_ID": 12, "SEGMENT_LENGTH": 30.000000000003357, "LENGTH_PROPORTION": 0.0083345001598339671, "DIST_TO_SENSOR": 75.552822227804342, "MIDPOINT_X": 362867.1600396827, "MIDPOINT_Y": 175542.60708896423, "SENSOR_X": 362926.0, "SENSOR_Y": 175590.0 }, "geometry": { "type": "LineString", "coordinates": [ [ 362879.705020625784528, 175550.829787771683186 ], [ 362875.063207052997313, 175547.727554101846181 ], [ 362854.571321487019304, 175534.450853669113712 ] ] } },
{ "type": "Feature", "properties": { "JOURNEY_LINK_ID": 194, "SITE_ID": 463, "SEGMENT_ID": 13, "SEGMENT_LENGTH": 29.999999999966096, "LENGTH_PROPORTION": 0.008334500159823616, "DIST_TO_SENSOR": 105.43860108050899, "MIDPOINT_X": 362841.98260329134, "MIDPOINT_Y": 175526.294618374, "SENSOR_X": 362926.0, "SENSOR_Y": 175590.0 }, "geometry": { "type": "LineString", "coordinates": [ [ 362854.571321487019304, 175534.450853669113712 ], [ 362829.393885095661972, 175518.138383078883635 ] ] } },
{ "type": "Feature", "properties": { "JOURNEY_LINK_ID": 194, "SITE_ID": 463, "SEGMENT_ID": 14, "SEGMENT_LENGTH": 30.000000000012708, "LENGTH_PROPORTION": 0.0083345001598365658, "DIST_TO_SENSOR": 135.37491735561338, "MIDPOINT_X": 362816.80516689998, "MIDPOINT_Y": 175509.98214778377, "SENSOR_X": 362926.0, "SENSOR_Y": 175590.0 }, "geometry": { "type": "LineString", "coordinates": [ [ 362829.393885095661972, 175518.138383078883635 ], [ 362812.257639211369678, 175507.035802869009785 ], [ 362804.1518344169599, 175501.927023055584868 ] ] } },
{ "type": "Feature", "properties": { "JOURNEY_LINK_ID": 194, "SITE_ID": 463, "SEGMENT_ID": 15, "SEGMENT_LENGTH": 30.00000000000119, "LENGTH_PROPORTION": 0.0083345001598333652, "DIST_TO_SENSOR": 165.32650201551124, "MIDPOINT_X": 362791.5569605371, "MIDPOINT_Y": 175493.78190706181, "SENSOR_X": 362926.0, "SENSOR_Y": 175590.0 }, "geometry": { "type": "LineString", "coordinates": [ [ 362804.1518344169599, 175501.927023055584868 ], [ 362798.302619148045778, 175498.240485611371696 ], [ 362779.043317824078258, 175485.510949073097436 ] ] } },
{ "type": "Feature", "properties": { "JOURNEY_LINK_ID": 194, "SITE_ID": 463, "SEGMENT_ID": 16, "SEGMENT_LENGTH": 30.000000000030543, "LENGTH_PROPORTION": 0.0083345001598415201, "DIST_TO_SENSOR": 195.24592936003393, "MIDPOINT_X": 362766.04460225604, "MIDPOINT_Y": 175478.03909760888, "SENSOR_X": 362926.0, "SENSOR_Y": 175590.0 }, "geometry": { "type": "LineString", "coordinates": [ [ 362779.043317824078258, 175485.510949073097436 ], [ 362776.667152570968028, 175483.940410147421062 ], [ 362752.932188456063159, 175470.754552026715828 ] ] } },
{ "type": "Feature", "properties": { "JOURNEY_LINK_ID": 194, "SITE_ID": 463, "SEGMENT_ID": 17, "SEGMENT_LENGTH": 29.999999999979298, "LENGTH_PROPORTION": 0.0083345001598272832, "DIST_TO_SENSOR": 225.11073258401564, "MIDPOINT_X": 362739.85120434512, "MIDPOINT_Y": 175463.41616295613, "SENSOR_X": 362926.0, "SENSOR_Y": 175590.0 }, "geometry": { "type": "LineString", "coordinates": [ [ 362752.932188456063159, 175470.754552026715828 ], [ 362741.100761720794253, 175464.181653346866369 ], [ 362728.542644129018299, 175456.488434508501086 ], [ 362727.114462188677862, 175455.497766180837061 ] ] } },
{ "type": "Feature", "properties": { "JOURNEY_LINK_ID": 194, "SITE_ID": 463, "SEGMENT_ID": 18, "SEGMENT_LENGTH": 30.00000000000275, "LENGTH_PROPORTION": 0.0083345001598337989, "DIST_TO_SENSOR": 255.09546817948706, "MIDPOINT_X": 362714.78936714632, "MIDPOINT_Y": 175446.94837835501, "SENSOR_X": 362926.0, "SENSOR_Y": 175590.0 }, "geometry": { "type": "LineString", "coordinates": [ [ 362727.114462188677862, 175455.497766180837061 ], [ 362711.090072049933951, 175444.382336604234297 ], [ 362702.196451992786024, 175438.804848169325851 ] ] } },
{ "type": "Feature", "properties": { "JOURNEY_LINK_ID": 194, "SITE_ID": 463, "SEGMENT_ID": 19, "SEGMENT_LENGTH": 29.902019550676471, "LENGTH_PROPORTION": 0.0083072795574814524, "DIST_TO_SENSOR": 285.03169546372112, "MIDPOINT_X": 362689.53018221306, "MIDPOINT_Y": 175430.86140413233, "SENSOR_X": 362926.0, "SENSOR_Y": 175590.0 }, "geometry": { "type": "LineString", "coordinates": [ [ 362702.196451992786024, 175438.804848169325851 ], [ 362676.863912433269434, 175422.917960095364833 ] ] } },
{ "type": "Feature", "properties": { "JOURNEY_LINK_ID": 196, "SITE_ID": 203, "SEGMENT_ID": 0, "SEGMENT_LENGTH": 25.478924193199635, "LENGTH_PROPORTION": 0.010068266821564652, "DIST_TO_SENSOR": 295.58005030043847, "MIDPOINT_X": 361184.62374288996, "MIDPOINT_Y": 171861.50582425011, "SENSOR_X": 361178.0, "SENSOR_Y": 171566.0 }, "geometry": { "type": "LineString", "coordinates": [ [ 361196.853358051856048, 171865.073793911346002 ], [ 361172.394127728126477, 171857.937854588904884 ] ] } },
{ "type": "Feature", "properties": { "JOURNEY_LINK_ID": 196, "SITE_ID": 203, "SEGMENT_ID": 1, "SEGMENT_LENGTH": 30.000000000010846, "LENGTH_PROPORTION": 0.011854817823417595, "DIST_TO_SENSOR": 284.58877366947269, "MIDPOINT_X": 361159.66799935407, "MIDPOINT_Y": 171849.9977250807, "SENSOR_X": 361178.0, "SENSOR_Y": 171566.0 }, "geometry": { "type": "LineString", "coordinates": [ [ 361172.394127728126477, 171857.937854588904884 ], [ 361146.941870980022941, 171842.05759557246347 ] ] } },
{ "type": "Feature", "properties": { "JOURNEY_LINK_ID": 196, "SITE_ID": 203, "SEGMENT_ID": 2, "SEGMENT_LENGTH": 17.740268441562129, "LENGTH_PROPORTION": 0.0070102550171055791, "DIST_TO_SENSOR": 274.09154146299568, "MIDPOINT_X": 361139.41637319408, "MIDPOINT_Y": 171837.3622612746, "SENSOR_X": 361178.0, "SENSOR_Y": 171566.0 }, "geometry": { "type": "LineString", "coordinates": [ [ 361146.941870980022941, 171842.05759557246347 ], [ 361131.890875408193097, 171832.666926976700779 ] ] } },
{ "type": "Feature", "properties": { "JOURNEY_LINK_ID": 196, "SITE_ID": 203, "SEGMENT_ID": 3, "SEGMENT_LENGTH": 30.000000000001073, "LENGTH_PROPORTION": 0.011854817823413733, "DIST_TO_SENSOR": 262.33267151281768, "MIDPOINT_X": 361121.22878491209, "MIDPOINT_Y": 171822.11610585923, "SENSOR_X": 361178.0, "SENSOR_Y": 171566.0 }, "geometry": { "type": "LineString", "coordinates": [ [ 361131.890875408193097, 171832.666926976700779 ], [ 361110.566694415989332, 171811.565284741751384 ] ] } },
{ "type": "Feature", "properties": { "JOURNEY_LINK_ID": 196, "SITE_ID": 203, "SEGMENT_ID": 4, "SEGMENT_LENGTH": 12.364754415454254, "LENGTH_PROPORTION": 0.0048860637008818495, "DIST_TO_SENSOR": 251.6837568698088, "MIDPOINT_X": 361106.172223398, "MIDPOINT_Y": 171807.21667434179, "SENSOR_X": 361178.0, "SENSOR_Y": 171566.0 }, "geometry": { "type": "LineString", "coordinates": [ [ 361110.566694415989332, 171811.565284741751384 ], [ 361101.777752380003221, 171802.868063941830769 ] ] } },
{ "type": "Feature", "properties": { "JOURNEY_LINK_ID": 196, "SITE_ID": 203, "SEGMENT_ID": 5, "SEGMENT_LENGTH": 24.867895212626728, "LENGTH_PROPORTION": 0.0098268122465807271, "DIST_TO_SENSOR": 240.17295520857823, "MIDPOINT_X": 361096.13286973082, "MIDPOINT_Y": 171791.78932967506, "SENSOR_X": 361178.0, "SENSOR_Y": 171566.0 }, "geometry": { "type": "LineString", "coordinates": [ [ 361101.777752380003221, 171802.868063941830769 ], [ 361090.487987081694882, 171780.710595408279914 ] ] } },
{ "type": "Feature", "properties": { "JOURNEY_LINK_ID": 196, "SITE_ID": 203, "SEGMENT_ID": 6, "SEGMENT_LENGTH": 30.000000000004277, "LENGTH_PROPORTION": 0.011854817823415, "DIST_TO_SENSOR": 219.79356181643308, "MIDPOINT_X": 361087.07417144149, "MIDPOINT_Y": 171766.10423163167, "SENSOR_X": 361178.0, "SENSOR_Y": 171566.0 }, "geometry": { "type": "LineString", "coordinates": [ [ 361090.487987081694882, 171780.710595408279914 ], [ 361083.660355801344849, 171751.497867855039658 ] ] } },
{ "type": "Feature", "properties": { "JOURNEY_LINK_ID": 196, "SITE_ID": 203, "SEGMENT_ID": 7, "SEGMENT_LENGTH": 11.044463645933526, "LENGTH_PROPORTION": 0.004364336815995103, "DIST_TO_SENSOR": 203.91687558243777, "MIDPOINT_X": 361082.40356371028, "MIDPOINT_Y": 171746.12055273069, "SENSOR_X": 361178.0, "SENSOR_Y": 171566.0 }, "geometry": { "type": "LineString", "coordinates": [ [ 361083.660355801344849, 171751.497867855039658 ], [ 361081.146771619212814, 171740.743237606366165 ] ] } },
{ "type": "Feature", "properties": { "JOURNEY_LINK_ID": 196, "SITE_ID": 203, "SEGMENT_ID": 8, "SEGMENT_LENGTH": 29.999999999999392, "LENGTH_PROPORTION": 0.011854817823413069, "DIST_TO_SENSOR": 186.17007086912787, "MIDPOINT_X": 361082.49014581129, "MIDPOINT_Y": 171725.80351385457, "SENSOR_X": 361178.0, "SENSOR_Y": 171566.0 }, "geometry": { "type": "LineString", "coordinates": [ [ 361081.146771619212814, 171740.743237606366165 ], [ 361083.833520003361627, 171710.863790102768689 ] ] } },
{ "type": "Feature", "properties": { "JOURNEY_LINK_ID": 196, "SITE_ID": 203, "SEGMENT_ID": 9, "SEGMENT_LENGTH": 5.758369026414794, "LENGTH_PROPORTION": 0.0022754805256044413, "DIST_TO_SENSOR": 170.24025287479509, "MIDPOINT_X": 361084.09137481463, "MIDPOINT_Y": 171707.99617535225, "SENSOR_X": 361178.0, "SENSOR_Y": 171566.0 }, "geometry": { "type": "LineString", "coordinates": [ [ 361083.833520003361627, 171710.863790102768689 ], [ 361084.349229625950102, 171705.128560601733625 ] ] } },
{ "type": "Feature", "properties": { "JOURNEY_LINK_ID": 196, "SITE_ID": 203, "SEGMENT_ID": 10, "SEGMENT_LENGTH": 29.999999999983167, "LENGTH_PROPORTION": 0.011854817823406657, "DIST_TO_SENSOR": 153.54217005820595, "MIDPOINT_X": 361088.39568762272, "MIDPOINT_Y": 171690.68466300864, "SENSOR_X": 361178.0, "SENSOR_Y": 171566.0 }, "geometry": { "type": "LineString", "coordinates": [ [ 361084.349229625950102, 171705.128560601733625 ], [ 361088.408478434546851, 171690.639005997974891 ], [ 361093.124215505144093, 171676.449515989166684 ] ] } },
{ "type": "Feature", "properties": { "JOURNEY_LINK_ID": 196, "SITE_ID": 203, "SEGMENT_ID": 11, "SEGMENT_LENGTH": 30.000000000030482, "LENGTH_PROPORTION": 0.011854817823425354, "DIST_TO_SENSOR": 125.14273691813237, "MIDPOINT_X": 361098.07585409068, "MIDPOINT_Y": 171662.29556326242, "SENSOR_X": 361178.0, "SENSOR_Y": 171566.0 }, "geometry": { "type": "LineString", "coordinates": [ [ 361093.124215505144093, 171676.449515989166684 ], [ 361096.561028304393403, 171666.108264951093588 ], [ 361103.614376785873901, 171648.355521427642088 ] ] } },
{ "type": "Feature", "properties": { "JOURNEY_LINK_ID": 196, "SITE_ID": 203, "SEGMENT_ID": 12, "SEGMENT_LENGTH": 29.999999999982581, "LENGTH_PROPORTION": 0.011854817823406425, "DIST_TO_SENSOR": 96.612134553521699, "MIDPOINT_X": 361110.37614597549, "MIDPOINT_Y": 171634.99941238778, "SENSOR_X": 361178.0, "SENSOR_Y": 171566.0 }, "geometry": { "type": "LineString", "coordinates": [ [ 361103.614376785873901, 171648.355521427642088 ], [ 361105.425622891576495, 171643.796752261871006 ], [ 361112.968486138503067, 171630.392687583749648 ], [ 361117.287099614215549, 171621.691495725302957 ] ] } },
{ "type": "Feature", "properties": { "JOURNEY_LINK_ID": 196, "SITE_ID": 203, "SEGMENT_ID": 13, "SEGMENT_LENGTH": 16.459908595153955, "LENGTH_PROPORTION": 0.0065043072595195005, "DIST_TO_SENSOR": 74.765950479878583, "MIDPOINT_X": 361120.94595393934, "MIDPOINT_Y": 171614.31959415463, "SENSOR_X": 361178.0, "SENSOR_Y": 171566.0 }, "geometry": { "type": "LineString", "coordinates": [ [ 361117.287099614215549, 171621.691495725302957 ], [ 361124.604808264470194, 171606.947692583955359 ] ] } },
{ "type": "Feature", "properties": { "JOURNEY_LINK_ID": 196, "SITE_ID": 203, "SEGMENT_ID": 14, "SEGMENT_LENGTH": 30.000000000020915, "LENGTH_PROPORTION": 0.011854817823421574, "DIST_TO_SENSOR": 53.003084960196063, "MIDPOINT_X": 361133.59544956416, "MIDPOINT_Y": 171594.94067925756, "SENSOR_X": 361178.0, "SENSOR_Y": 171566.0 }, "geometry": { "type": "LineString", "coordinates": [ [ 361124.604808264470194, 171606.947692583955359 ], [ 361142.586090863856953, 171582.933665931137512 ] ] } },
{ "type": "Feature", "properties": { "JOURNEY_LINK_ID": 196, "SITE_ID": 203, "SEGMENT_ID": 15, "SEGMENT_LENGTH": 29.999999999970992, "LENGTH_PROPORTION": 0.011854817823401847, "DIST_TO_SENSOR": 26.972837952769613, "MIDPOINT_X": 361151.46578039305, "MIDPOINT_Y": 171570.84449967244, "SENSOR_X": 361178.0, "SENSOR_Y": 171566.0 }, "geometry": { "type": "LineString", "coordinates": [ [ 361142.586090863856953, 171582.933665931137512 ], [ 361143.869243685971014, 171581.220013642974664 ], [ 361160.32699852559017, 171558.741656485508429 ] ] } },
{ "type": "Feature", "properties": { "JOURNEY_LINK_ID": 196, "SITE_ID": 203, "SEGMENT_ID": 16, "SEGMENT_LENGTH": 30.000000000021657, "LENGTH_PROPORTION": 0.011854817823421867, "DIST_TO_SENSOR": 21.551466868039718, "MIDPOINT_X": 361168.92633612687, "MIDPOINT_Y": 171546.45174309352, "SENSOR_X": 361178.0, "SENSOR_Y": 171566.0 }, "geometry": { "type": "LineString", "coordinates": [ [ 361160.32699852559017, 171558.741656485508429 ], [ 361161.065834165725391, 171557.732538804470096 ], [ 361172.752857110812329, 171540.960210654884577 ], [ 361177.100929823238403, 171533.882297057862161 ] ] } },
{ "type": "Feature", "properties": { "JOURNEY_LINK_ID": 196, "SITE_ID": 203, "SEGMENT_ID": 17, "SEGMENT_LENGTH": 2.1848705951756164, "LENGTH_PROPORTION": 0.0008633747624513181, "DIST_TO_SENSOR": 33.050148608277375, "MIDPOINT_X": 361177.67275043199, "MIDPOINT_Y": 171532.95147157967, "SENSOR_X": 361178.0, "SENSOR_Y": 171566.0 }, "geometry": { "type": "LineString", "coordinates": [ [ 361177.100929823238403, 171533.882297057862161 ], [ 361178.244571040733717, 171532.020646101504099 ] ] } },
{ "type": "Feature", "properties": { "JOURNEY_LINK_ID": 196, "SITE_ID": 203, "SEGMENT_ID": 18, "SEGMENT_LENGTH": 30.000000000005418, "LENGTH_PROPORTION": 0.011854817823415451, "DIST_TO_SENSOR": 48.523754427676295, "MIDPOINT_X": 361182.73161284841, "MIDPOINT_Y": 171517.70748936315, "SENSOR_X": 361178.0, "SENSOR_Y": 171566.0 }, "geometry": { "type": "LineString", "coordinates": [ [ 361178.244571040733717, 171532.020646101504099 ], [ 361187.218654656084254, 171503.394332624826347 ] ] } },
{ "type": "Feature", "properties": { "JOURNEY_LINK_ID": 196, "SITE_ID": 203, "SEGMENT_ID": 19, "SEGMENT_LENGTH": 30.000000000014133, "LENGTH_PROPORTION": 0.011854817823418894, "DIST_TO_SENSOR": 78.125698960312917, "MIDPOINT_X": 361191.73990045738, "MIDPOINT_Y": 171489.09200318914, "SENSOR_X": 361178.0, "SENSOR_Y": 171566.0 }, "geometry": { "type": "LineString", "coordinates": [ [ 361187.218654656084254, 171503.394332624826347 ], [ 361189.778138869209215, 171495.229866974288598 ], [ 361196.306563620863017, 171474.804050657345215 ] ] } },
{ "type": "Feature", "properties": { "JOURNEY_LINK_ID": 196, "SITE_ID": 203, "SEGMENT_ID": 20, "SEGMENT_LENGTH": 25.375808662791417, "LENGTH_PROPORTION": 0.010027519627306185, "DIST_TO_SENSOR": 105.63408402796669, "MIDPOINT_X": 361200.16932264296, "MIDPOINT_Y": 171462.71843900299, "SENSOR_X": 361178.0, "SENSOR_Y": 171566.0 }, "geometry": { "type": "LineString", "coordinates": [ [ 361196.306563620863017, 171474.804050657345215 ], [ 361204.03208166512195, 171450.632827348657884 ] ] } },
{ "type": "Feature", "properties": { "JOURNEY_LINK_ID": 196, "SITE_ID": 203, "SEGMENT_ID": 21, "SEGMENT_LENGTH": 19.433894006970657, "LENGTH_PROPORTION": 0.0076795091017386949, "DIST_TO_SENSOR": 127.65362438525842, "MIDPOINT_X": 361203.54373741173, "MIDPOINT_Y": 171440.92815945332, "SENSOR_X": 361178.0, "SENSOR_Y": 171566.0 }, "geometry": { "type": "LineString", "coordinates": [ [ 361204.03208166512195, 171450.632827348657884 ], [ 361203.055393158341758, 171431.223491557990201 ] ] } },
{ "type": "Feature", "properties": { "JOURNEY_LINK_ID": 64, "SITE_ID": 500, "SEGMENT_ID": 0, "SEGMENT_LENGTH": 30.000000000012193, "LENGTH_PROPORTION": 0.0013232694399662975, "DIST_TO_SENSOR": 265.30710562199829, "MIDPOINT_X": 359469.55415590463, "MIDPOINT_Y": 173120.92829117598, "SENSOR_X": 359522.0, "SENSOR_Y": 173381.0 }, "geometry": { "type": "LineString", "coordinates": [ [ 359455.411017995618749, 173115.931126971438061 ], [ 359483.697293813631404, 173125.925455380493077 ] ] } },
{ "type": "Feature", "properties": { "JOURNEY_LINK_ID": 64, "SITE_ID": 500, "SEGMENT_ID": 1, "SEGMENT_LENGTH": 29.999999999957311, "LENGTH_PROPORTION": 0.0013232694399638767, "DIST_TO_SENSOR": 251.24167833895902, "MIDPOINT_X": 359497.84043172258, "MIDPOINT_Y": 173130.92261958501, "SENSOR_X": 359522.0, "SENSOR_Y": 173381.0 }, "geometry": { "type": "LineString", "coordinates": [ [ 359483.697293813631404, 173125.925455380493077 ], [ 359511.983569631585851, 173135.919783789548092 ] ] } },
{ "type": "Feature", "properties": { "JOURNEY_LINK_ID": 64, "SITE_ID": 500, "SEGMENT_ID": 2, "SEGMENT_LENGTH": 1.9728785846084957, "LENGTH_PROPORTION": 8.7021664659177501e-05, "DIST_TO_SENSOR": 244.92019556962859, "MIDPOINT_X": 359512.91365942825, "MIDPOINT_Y": 173136.24841039765, "SENSOR_X": 359522.0, "SENSOR_Y": 173381.0 }, "geometry": { "type": "LineString", "coordinates": [ [ 359511.983569631585851, 173135.919783789548092 ], [ 359513.843749224906787, 173136.577037005743477 ] ] } },
{ "type": "Feature", "properties": { "JOURNEY_LINK_ID": 64, "SITE_ID": 500, "SEGMENT_ID": 3, "SEGMENT_LENGTH": 3.6142446500096952, "LENGTH_PROPORTION": 0.00015942064979725242, "DIST_TO_SENSOR": 242.87457801495296, "MIDPOINT_X": 359514.55184233346, "MIDPOINT_Y": 173138.23965399325, "SENSOR_X": 359522.0, "SENSOR_Y": 173381.0 }, "geometry": { "type": "LineString", "coordinates": [ [ 359513.843749224906787, 173136.577037005743477 ], [ 359515.259935442009009, 173139.902270980761386 ] ] } },
{ "type": "Feature", "properties": { "JOURNEY_LINK_ID": 64, "SITE_ID": 500, "SEGMENT_ID": 4, "SEGMENT_LENGTH": 18.957389705613643, "LENGTH_PROPORTION": 0.00083619114863200082, "DIST_TO_SENSOR": 231.75619439976981, "MIDPOINT_X": 359514.64032319817, "MIDPOINT_Y": 173149.36069245476, "SENSOR_X": 359522.0, "SENSOR_Y": 173381.0 }, "geometry": { "type": "LineString", "coordinates": [ [ 359515.259935442009009, 173139.902270980761386 ], [ 359514.020710954267997, 173158.819113928766456 ] ] } },
{ "type": "Feature", "properties": { "JOURNEY_LINK_ID": 64, "SITE_ID": 500, "SEGMENT_ID": 5, "SEGMENT_LENGTH": 30.000000000009315, "LENGTH_PROPORTION": 0.0013232694399661707, "DIST_TO_SENSOR": 207.9169621124642, "MIDPOINT_X": 359510.54912787577, "MIDPOINT_Y": 173173.39860149394, "SENSOR_X": 359522.0, "SENSOR_Y": 173381.0 }, "geometry": { "type": "LineString", "coordinates": [ [ 359514.020710954267997, 173158.819113928766456 ], [ 359511.338830305205192, 173171.074506830540486 ], [ 359505.723269727313891, 173187.601104552595643 ] ] } },
{ "type": "Feature", "properties": { "JOURNEY_LINK_ID": 64, "SITE_ID": 500, "SEGMENT_ID": 6, "SEGMENT_LENGTH": 29.999999999983164, "LENGTH_PROPORTION": 0.0013232694399650171, "DIST_TO_SENSOR": 180.43465931802945, "MIDPOINT_X": 359500.89741157892, "MIDPOINT_Y": 173201.80360761125, "SENSOR_X": 359522.0, "SENSOR_Y": 173381.0 }, "geometry": { "type": "LineString", "coordinates": [ [ 359505.723269727313891, 173187.601104552595643 ], [ 359496.07155343046179, 173216.006110669899499 ] ] } },
{ "type": "Feature", "properties": { "JOURNEY_LINK_ID": 64, "SITE_ID": 500, "SEGMENT_ID": 7, "SEGMENT_LENGTH": 30.000000000001894, "LENGTH_PROPORTION": 0.0013232694399658432, "DIST_TO_SENSOR": 153.89564461787865, "MIDPOINT_X": 359491.24569528201, "MIDPOINT_Y": 173230.20861372855, "SENSOR_X": 359522.0, "SENSOR_Y": 173381.0 }, "geometry": { "type": "LineString", "coordinates": [ [ 359496.07155343046179, 173216.006110669899499 ], [ 359486.419837133551482, 173244.411116787203355 ] ] } },
{ "type": "Feature", "properties": { "JOURNEY_LINK_ID": 64, "SITE_ID": 500, "SEGMENT_ID": 8, "SEGMENT_LENGTH": 23.838653476675759, "LENGTH_PROPORTION": 0.0010514987211872847, "DIST_TO_SENSOR": 131.35616520048472, "MIDPOINT_X": 359482.58510512928, "MIDPOINT_Y": 173255.69673508441, "SENSOR_X": 359522.0, "SENSOR_Y": 173381.0 }, "geometry": { "type": "LineString", "coordinates": [ [ 359486.419837133551482, 173244.411116787203355 ], [ 359478.750373124959879, 173266.982353381637949 ] ] } },
{ "type": "Feature", "properties": { "JOURNEY_LINK_ID": 64, "SITE_ID": 500, "SEGMENT_ID": 9, "SEGMENT_LENGTH": 22.512642679633586, "LENGTH_PROPORTION": 0.00099300973569426657, "DIST_TO_SENSOR": 112.25273947360671, "MIDPOINT_X": 359477.10197755334, "MIDPOINT_Y": 173278.1173236171, "SENSOR_X": 359522.0, "SENSOR_Y": 173381.0 }, "geometry": { "type": "LineString", "coordinates": [ [ 359478.750373124959879, 173266.982353381637949 ], [ 359475.453581981710158, 173289.252293852565344 ] ] } },
{ "type": "Feature", "properties": { "JOURNEY_LINK_ID": 64, "SITE_ID": 500, "SEGMENT_ID": 10, "SEGMENT_LENGTH": 30.000000000015646, "LENGTH_PROPORTION": 0.00132326943996645, "DIST_TO_SENSOR": 89.124887455875083, "MIDPOINT_X": 359476.79089810076, "MIDPOINT_Y": 173304.1925611058, "SENSOR_X": 359522.0, "SENSOR_Y": 173381.0 }, "geometry": { "type": "LineString", "coordinates": [ [ 359475.453581981710158, 173289.252293852565344 ], [ 359478.128214219817892, 173319.132828359026462 ] ] } },
{ "type": "Feature", "properties": { "JOURNEY_LINK_ID": 64, "SITE_ID": 500, "SEGMENT_ID": 11, "SEGMENT_LENGTH": 21.327842588366597, "LENGTH_PROPORTION": 0.00094074941058619151, "DIST_TO_SENSOR": 66.845642799991438, "MIDPOINT_X": 359479.07894980907, "MIDPOINT_Y": 173329.75428396586, "SENSOR_X": 359522.0, "SENSOR_Y": 173381.0 }, "geometry": { "type": "LineString", "coordinates": [ [ 359478.128214219817892, 173319.132828359026462 ], [ 359480.029685398330912, 173340.375739572686143 ] ] } },
{ "type": "Feature", "properties": { "JOURNEY_LINK_ID": 64, "SITE_ID": 500, "SEGMENT_ID": 12, "SEGMENT_LENGTH": 29.9999999999906, "LENGTH_PROPORTION": 0.0013232694399653452, "DIST_TO_SENSOR": 44.745767298244971, "MIDPOINT_X": 359486.32544245821, "MIDPOINT_Y": 173353.99056395801, "SENSOR_X": 359522.0, "SENSOR_Y": 173381.0 }, "geometry": { "type": "LineString", "coordinates": [ [ 359480.029685398330912, 173340.375739572686143 ], [ 359492.621199518092908, 173367.605388343305094 ] ] } },
{ "type": "Feature", "properties": { "JOURNEY_LINK_ID": 64, "SITE_ID": 500, "SEGMENT_ID": 13, "SEGMENT_LENGTH": 30.000000000017014, "LENGTH_PROPORTION": 0.0013232694399665102, "DIST_TO_SENSOR": 23.084093815200813, "MIDPOINT_X": 359498.91695657797, "MIDPOINT_Y": 173381.22021272863, "SENSOR_X": 359522.0, "SENSOR_Y": 173381.0 }, "geometry": { "type": "LineString", "coordinates": [ [ 359492.621199518092908, 173367.605388343305094 ], [ 359505.212713637854904, 173394.835037113953149 ] ] } },
{ "type": "Feature", "properties": { "JOURNEY_LINK_ID": 64, "SITE_ID": 500, "SEGMENT_ID": 14, "SEGMENT_LENGTH": 29.9999999999906, "LENGTH_PROPORTION": 0.0013232694399653452, "DIST_TO_SENSOR": 29.386511930274541, "MIDPOINT_X": 359511.50847069774, "MIDPOINT_Y": 173408.44986149925, "SENSOR_X": 359522.0, "SENSOR_Y": 173381.0 }, "geometry": { "type": "LineString", "coordinates": [ [ 359505.212713637854904, 173394.835037113953149 ], [ 359517.8042277576169, 173422.0646858845721 ] ] } },
{ "type": "Feature", "properties": { "JOURNEY_LINK_ID": 64, "SITE_ID": 500, "SEGMENT_ID": 15, "SEGMENT_LENGTH": 30.000000000017014, "LENGTH_PROPORTION": 0.0013232694399665102, "DIST_TO_SENSOR": 54.719820719638669, "MIDPOINT_X": 359524.0999848175, "MIDPOINT_Y": 173435.6795102699, "SENSOR_X": 359522.0, "SENSOR_Y": 173381.0 }, "geometry": { "type": "LineString", "coordinates": [ [ 359517.8042277576169, 173422.0646858845721 ], [ 359530.395741877378896, 173449.294334655220155 ] ] } },
{ "type": "Feature", "properties": { "JOURNEY_LINK_ID": 64, "SITE_ID": 500, "SEGMENT_ID": 16, "SEGMENT_LENGTH": 13.069125113475533, "LENGTH_PROPORTION": 0.00057646579565837379, "DIST_TO_SENSOR": 75.056535323755483, "MIDPOINT_X": 359533.13840976736, "MIDPOINT_Y": 173455.22546276488, "SENSOR_X": 359522.0, "SENSOR_Y": 173381.0 }, "geometry": { "type": "LineString", "coordinates": [ [ 359530.395741877378896, 173449.294334655220155 ], [ 359535.8810776573373, 173461.156590874539688 ] ] } },
{ "type": "Feature", "properties": { "JOURNEY_LINK_ID": 64, "SITE_ID": 500, "SEGMENT_ID": 17, "SEGMENT_LENGTH": 29.999999999992987, "LENGTH_PROPORTION": 0.0013232694399654503, "DIST_TO_SENSOR": 95.819756570281726, "MIDPOINT_X": 359534.10902424733, "MIDPOINT_Y": 173476.05155064998, "SENSOR_X": 359522.0, "SENSOR_Y": 173381.0 }, "geometry": { "type": "LineString", "coordinates": [ [ 359535.8810776573373, 173461.156590874539688 ], [ 359532.336970837321132, 173490.946510425419547 ] ] } },
{ "type": "Feature", "properties": { "JOURNEY_LINK_ID": 64, "SITE_ID": 500, "SEGMENT_ID": 18, "SEGMENT_LENGTH": 29.999999999992987, "LENGTH_PROPORTION": 0.0013232694399654503, "DIST_TO_SENSOR": 125.13492914629701, "MIDPOINT_X": 359530.56491742731, "MIDPOINT_Y": 173505.84147020086, "SENSOR_X": 359522.0, "SENSOR_Y": 173381.0 }, "geometry": { "type": "LineString", "coordinates": [ [ 359532.336970837321132, 173490.946510425419547 ], [ 359528.792864017304964, 173520.736429976299405 ] ] } },
{ "type": "Feature", "properties": { "JOURNEY_LINK_ID": 64, "SITE_ID": 500, "SEGMENT_ID": 19, "SEGMENT_LENGTH": 30.000000000027825, "LENGTH_PROPORTION": 0.0013232694399669871, "DIST_TO_SENSOR": 154.47868382136323, "MIDPOINT_X": 359525.9190369788, "MIDPOINT_Y": 173535.42896394245, "SENSOR_X": 359522.0, "SENSOR_Y": 173381.0 }, "geometry": { "type": "LineString", "coordinates": [ [ 359528.792864017304964, 173520.736429976299405 ], [ 359528.067046384443529, 173526.837275687023066 ], [ 359522.280863371037412, 173549.981066635868046 ] ] } },
{ "type": "Feature", "properties": { "JOURNEY_LINK_ID": 64, "SITE_ID": 500, "SEGMENT_ID": 20, "SEGMENT_LENGTH": 29.999999999974211, "LENGTH_PROPORTION": 0.0013232694399646222, "DIST_TO_SENSOR": 183.66067298608132, "MIDPOINT_X": 359519.17555720924, "MIDPOINT_Y": 173564.63895372339, "SENSOR_X": 359522.0, "SENSOR_Y": 173381.0 }, "geometry": { "type": "LineString", "coordinates": [ [ 359522.280863371037412, 173549.981066635868046 ], [ 359519.987318096274976, 173559.154874696978368 ], [ 359516.979168093763292, 173579.477278253238183 ] ] } },
{ "type": "Feature", "properties": { "JOURNEY_LINK_ID": 64, "SITE_ID": 500, "SEGMENT_ID": 21, "SEGMENT_LENGTH": 6.4710842305533181, "LENGTH_PROPORTION": 0.00028543293352451828, "DIST_TO_SENSOR": 201.75278122297172, "MIDPOINT_X": 359516.50540079479, "MIDPOINT_Y": 173582.67794651567, "SENSOR_X": 359522.0, "SENSOR_Y": 173381.0 }, "geometry": { "type": "LineString", "coordinates": [ [ 359516.979168093763292, 173579.477278253238183 ], [ 359516.031633495818824, 173585.878614778106567 ] ] } },
{ "type": "Feature", "properties": { "JOURNEY_LINK_ID": 64, "SITE_ID": 500, "SEGMENT_ID": 22, "SEGMENT_LENGTH": 30.000000000015731, "LENGTH_PROPORTION": 0.0013232694399664536, "DIST_TO_SENSOR": 212.12815434090857, "MIDPOINT_X": 359529.23073590361, "MIDPOINT_Y": 173593.00488277955, "SENSOR_X": 359522.0, "SENSOR_Y": 173381.0 }, "geometry": { "type": "LineString", "coordinates": [ [ 359516.031633495818824, 173585.878614778106567 ], [ 359538.360647664871067, 173597.934172365290578 ], [ 359542.121523135458119, 173600.625053702678997 ] ] } },
{ "type": "Feature", "properties": { "JOURNEY_LINK_ID": 64, "SITE_ID": 500, "SEGMENT_ID": 23, "SEGMENT_LENGTH": 29.999999999979387, "LENGTH_PROPORTION": 0.0013232694399648505, "DIST_TO_SENSOR": 230.62932106430938, "MIDPOINT_X": 359554.32055355469, "MIDPOINT_Y": 173609.35337867547, "SENSOR_X": 359522.0, "SENSOR_Y": 173381.0 }, "geometry": { "type": "LineString", "coordinates": [ [ 359542.121523135458119, 173600.625053702678997 ], [ 359566.519583973917179, 173618.081703648233088 ] ] } },
{ "type": "Feature", "properties": { "JOURNEY_LINK_ID": 64, "SITE_ID": 500, "SEGMENT_ID": 24, "SEGMENT_LENGTH": 30.00000000002947, "LENGTH_PROPORTION": 0.0013232694399670597, "DIST_TO_SENSOR": 252.07714636160037, "MIDPOINT_X": 359578.8821973874, "MIDPOINT_Y": 173626.57545345207, "SENSOR_X": 359522.0, "SENSOR_Y": 173381.0 }, "geometry": { "type": "LineString", "coordinates": [ [ 359566.519583973917179, 173618.081703648233088 ], [ 359569.105853757180739, 173619.932162443699781 ], [ 359591.288822065806016, 173635.006091867369832 ] ] } },
{ "type": "Feature", "properties": { "JOURNEY_LINK_ID": 64, "SITE_ID": 500, "SEGMENT_ID": 25, "SEGMENT_LENGTH": 29.999999999997378, "LENGTH_PROPORTION": 0.0013232694399656442, "DIST_TO_SENSOR": 274.64734678011575, "MIDPOINT_X": 359603.86871723511, "MIDPOINT_Y": 173643.16154987266, "SENSOR_X": 359522.0, "SENSOR_Y": 173381.0 }, "geometry": { "type": "LineString", "coordinates": [ [ 359591.288822065806016, 173635.006091867369832 ], [ 359599.842277661839034, 173640.818397244613152 ], [ 359616.833246823051013, 173650.706148772733286 ] ] } },
{ "type": "Feature", "properties": { "JOURNEY_LINK_ID": 64, "SITE_ID": 500, "SEGMENT_ID": 26, "SEGMENT_LENGTH": 4.431386624859714, "LENGTH_PROPORTION": 0.0001954639499116624, "DIST_TO_SENSOR": 287.58306107740094, "MIDPOINT_X": 359618.74827492354, "MIDPOINT_Y": 173651.82058326126, "SENSOR_X": 359522.0, "SENSOR_Y": 173381.0 }, "geometry": { "type": "LineString", "coordinates": [ [ 359616.833246823051013, 173650.706148772733286 ], [ 359620.663303023960907, 173652.935017749783583 ] ] } },
{ "type": "Feature", "properties": { "JOURNEY_LINK_ID": 71, "SITE_ID": 501, "SEGMENT_ID": 0, "SEGMENT_LENGTH": 30.000000000007578, "LENGTH_PROPORTION": 0.0045026822812682171, "DIST_TO_SENSOR": 286.82245655245089, "MIDPOINT_X": 358642.84789286496, "MIDPOINT_Y": 173376.80831767753, "SENSOR_X": 358640.0, "SENSOR_Y": 173090.0 }, "geometry": { "type": "LineString", "coordinates": [ [ 358650.898935427772813, 173389.464569636591477 ], [ 358634.796850302082021, 173364.152065718459198 ] ] } },
{ "type": "Feature", "properties": { "JOURNEY_LINK_ID": 71, "SITE_ID": 501, "SEGMENT_ID": 1, "SEGMENT_LENGTH": 30.000000000007578, "LENGTH_PROPORTION": 0.0045026822812682171, "DIST_TO_SENSOR": 261.83149968285562, "MIDPOINT_X": 358626.74580773921, "MIDPOINT_Y": 173351.49581375939, "SENSOR_X": 358640.0, "SENSOR_Y": 173090.0 }, "geometry": { "type": "LineString", "coordinates": [ [ 358634.796850302082021, 173364.152065718459198 ], [ 358618.694765176391229, 173338.839561800326919 ] ] } },
{ "type": "Feature", "properties": { "JOURNEY_LINK_ID": 71, "SITE_ID": 501, "SEGMENT_ID": 2, "SEGMENT_LENGTH": 29.999999999976335, "LENGTH_PROPORTION": 0.0045026822812635281, "DIST_TO_SENSOR": 238.00072871645105, "MIDPOINT_X": 358610.64372261357, "MIDPOINT_Y": 173326.18330984126, "SENSOR_X": 358640.0, "SENSOR_Y": 173090.0 }, "geometry": { "type": "LineString", "coordinates": [ [ 358618.694765176391229, 173338.839561800326919 ], [ 358602.592680050758645, 173313.52705788219464 ] ] } },
{ "type": "Feature", "properties": { "JOURNEY_LINK_ID": 71, "SITE_ID": 501, "SEGMENT_ID": 3, "SEGMENT_LENGTH": 30.000000000007578, "LENGTH_PROPORTION": 0.0045026822812682171, "DIST_TO_SENSOR": 215.71499603167919, "MIDPOINT_X": 358594.54163748794, "MIDPOINT_Y": 173300.87080592313, "SENSOR_X": 358640.0, "SENSOR_Y": 173090.0 }, "geometry": { "type": "LineString", "coordinates": [ [ 358602.592680050758645, 173313.52705788219464 ], [ 358586.490594925067853, 173288.214553964062361 ] ] } },
{ "type": "Feature", "properties": { "JOURNEY_LINK_ID": 71, "SITE_ID": 501, "SEGMENT_ID": 4, "SEGMENT_LENGTH": 15.216211956269513, "LENGTH_PROPORTION": 0.0022837922654499673, "DIST_TO_SENSOR": 200.25571631479087, "MIDPOINT_X": 358582.40704925486, "MIDPOINT_Y": 173281.79521355138, "SENSOR_X": 358640.0, "SENSOR_Y": 173090.0 }, "geometry": { "type": "LineString", "coordinates": [ [ 358586.490594925067853, 173288.214553964062361 ], [ 358578.3235035847174, 173275.375873138662428 ] ] } },
{ "type": "Feature", "properties": { "JOURNEY_LINK_ID": 71, "SITE_ID": 501, "SEGMENT_ID": 5, "SEGMENT_LENGTH": 20.820509418797432, "LENGTH_PROPORTION": 0.0031249379615657848, "DIST_TO_SENSOR": 204.33690595374563, "MIDPOINT_X": 358570.38795175648, "MIDPOINT_Y": 173282.11385653849, "SENSOR_X": 358640.0, "SENSOR_Y": 173090.0 }, "geometry": { "type": "LineString", "coordinates": [ [ 358578.3235035847174, 173275.375873138662428 ], [ 358562.452399928297382, 173288.851839938317426 ] ] } },
{ "type": "Feature", "properties": { "JOURNEY_LINK_ID": 71, "SITE_ID": 501, "SEGMENT_ID": 6, "SEGMENT_LENGTH": 10.85491019693605, "LENGTH_PROPORTION": 0.0016292070602829767, "DIST_TO_SENSOR": 212.04542675174289, "MIDPOINT_X": 358558.11070616823, "MIDPOINT_Y": 173285.5950064855, "SENSOR_X": 358640.0, "SENSOR_Y": 173090.0 }, "geometry": { "type": "LineString", "coordinates": [ [ 358562.452399928297382, 173288.851839938317426 ], [ 358553.769012408098206, 173282.338173032680061 ] ] } },
{ "type": "Feature", "properties": { "JOURNEY_LINK_ID": 71, "SITE_ID": 500, "SEGMENT_ID": 0, "SEGMENT_LENGTH": 30.000000000011763, "LENGTH_PROPORTION": 0.0013232694399662787, "DIST_TO_SENSOR": 257.46153731210563, "MIDPOINT_X": 359623.08611216571, "MIDPOINT_Y": 173617.78691079182, "SENSOR_X": 359522.0, "SENSOR_Y": 173381.0 }, "geometry": { "type": "LineString", "coordinates": [ [ 359635.529135722084902, 173626.163705854385626 ], [ 359623.980997090053279, 173618.382622497447301 ], [ 359610.599704842898063, 173609.474893457314465 ] ] } },
{ "type": "Feature", "properties": { "JOURNEY_LINK_ID": 71, "SITE_ID": 500, "SEGMENT_ID": 1, "SEGMENT_LENGTH": 29.999999999969813, "LENGTH_PROPORTION": 0.0013232694399644281, "DIST_TO_SENSOR": 232.94833350347776, "MIDPOINT_X": 359598.11329752009, "MIDPOINT_Y": 173601.16287612281, "SENSOR_X": 359522.0, "SENSOR_Y": 173381.0 }, "geometry": { "type": "LineString", "coordinates": [ [ 359610.599704842898063, 173609.474893457314465 ], [ 359585.626890197338071, 173592.850858788297046 ] ] } },
{ "type": "Feature", "properties": { "JOURNEY_LINK_ID": 71, "SITE_ID": 500, "SEGMENT_ID": 2, "SEGMENT_LENGTH": 19.373918975442695, "LENGTH_PROPORTION": 0.00085456383041920207, "DIST_TO_SENSOR": 213.82818017527512, "MIDPOINT_X": 359577.56320207182, "MIDPOINT_Y": 173587.48298044293, "SENSOR_X": 359522.0, "SENSOR_Y": 173381.0 }, "geometry": { "type": "LineString", "coordinates": [ [ 359585.626890197338071, 173592.850858788297046 ], [ 359569.499513946240768, 173582.115102097566705 ] ] } },
{ "type": "Feature", "properties": { "JOURNEY_LINK_ID": 71, "SITE_ID": 500, "SEGMENT_ID": 3, "SEGMENT_LENGTH": 30.000000000020336, "LENGTH_PROPORTION": 0.0013232694399666568, "DIST_TO_SENSOR": 197.66305841963415, "MIDPOINT_X": 359555.92647481576, "MIDPOINT_Y": 173575.72975882073, "SENSOR_X": 359522.0, "SENSOR_Y": 173381.0 }, "geometry": { "type": "LineString", "coordinates": [ [ 359569.499513946240768, 173582.115102097566705 ], [ 359548.577830184658524, 173572.272639295901172 ], [ 359542.325717300642282, 173569.40407419973053 ] ] } },
{ "type": "Feature", "properties": { "JOURNEY_LINK_ID": 71, "SITE_ID": 500, "SEGMENT_ID": 4, "SEGMENT_LENGTH": 29.999999999971127, "LENGTH_PROPORTION": 0.0013232694399644862, "DIST_TO_SENSOR": 182.27172027725697, "MIDPOINT_X": 359528.69223490625, "MIDPOINT_Y": 173563.14882378097, "SENSOR_X": 359522.0, "SENSOR_Y": 173381.0 }, "geometry": { "type": "LineString", "coordinates": [ [ 359542.325717300642282, 173569.40407419973053 ], [ 359519.987318096274976, 173559.154874696978368 ], [ 359514.83502321416745, 173557.464283115812577 ] ] } },
{ "type": "Feature", "properties": { "JOURNEY_LINK_ID": 71, "SITE_ID": 500, "SEGMENT_ID": 5, "SEGMENT_LENGTH": 30.000000000028148, "LENGTH_PROPORTION": 0.0013232694399670014, "DIST_TO_SENSOR": 173.11767708150481, "MIDPOINT_X": 359500.58265701088, "MIDPOINT_Y": 173552.7877397761, "SENSOR_X": 359522.0, "SENSOR_Y": 173381.0 }, "geometry": { "type": "LineString", "coordinates": [ [ 359514.83502321416745, 173557.464283115812577 ], [ 359493.516264392703306, 173550.469086798548233 ], [ 359486.719655102817342, 173547.151864242536249 ] ] } },
{ "type": "Feature", "properties": { "JOURNEY_LINK_ID": 71, "SITE_ID": 500, "SEGMENT_ID": 6, "SEGMENT_LENGTH": 27.363605703356988, "LENGTH_PROPORTION": 0.0012069807731508357, "DIST_TO_SENSOR": 167.06806868579082, "MIDPOINT_X": 359474.42416824057, "MIDPOINT_Y": 173541.15080332861, "SENSOR_X": 359522.0, "SENSOR_Y": 173381.0 }, "geometry": { "type": "LineString", "coordinates": [ [ 359486.719655102817342, 173547.151864242536249 ], [ 359462.128681378322653, 173535.149742414709181 ] ] } },
{ "type": "Feature", "properties": { "JOURNEY_LINK_ID": 71, "SITE_ID": 500, "SEGMENT_ID": 7, "SEGMENT_LENGTH": 29.999999999990521, "LENGTH_PROPORTION": 0.0013232694399653417, "DIST_TO_SENSOR": 168.09521290795013, "MIDPOINT_X": 359447.53087126615, "MIDPOINT_Y": 173531.69953373581, "SENSOR_X": 359522.0, "SENSOR_Y": 173381.0 }, "geometry": { "type": "LineString", "coordinates": [ [ 359462.128681378322653, 173535.149742414709181 ], [ 359432.93306115391897, 173528.249325056909584 ] ] } },
{ "type": "Feature", "properties": { "JOURNEY_LINK_ID": 71, "SITE_ID": 500, "SEGMENT_ID": 8, "SEGMENT_LENGTH": 29.999999999983828, "LENGTH_PROPORTION": 0.0013232694399650463, "DIST_TO_SENSOR": 177.26975502799752, "MIDPOINT_X": 359418.33525104169, "MIDPOINT_Y": 173524.79911637801, "SENSOR_X": 359522.0, "SENSOR_Y": 173381.0 }, "geometry": { "type": "LineString", "coordinates": [ [ 359432.93306115391897, 173528.249325056909584 ], [ 359403.737440929515287, 173521.34890769913909 ] ] } },
{ "type": "Feature", "properties": { "JOURNEY_LINK_ID": 71, "SITE_ID": 500, "SEGMENT_ID": 9, "SEGMENT_LENGTH": 0.79871177172461294, "LENGTH_PROPORTION": 3.5230362628802942e-05, "DIST_TO_SENSOR": 183.71213655391202, "MIDPOINT_X": 359403.34879283688, "MIDPOINT_Y": 173521.2570502896, "SENSOR_X": 359522.0, "SENSOR_Y": 173381.0 }, "geometry": { "type": "LineString", "coordinates": [ [ 359403.737440929515287, 173521.34890769913909 ], [ 359402.960144744312856, 173521.165192880027462 ] ] } },
{ "type": "Feature", "properties": { "JOURNEY_LINK_ID": 71, "SITE_ID": 500, "SEGMENT_ID": 10, "SEGMENT_LENGTH": 29.999999999983945, "LENGTH_PROPORTION": 0.0013232694399650516, "DIST_TO_SENSOR": 195.34723079624547, "MIDPOINT_X": 359388.10448628123, "MIDPOINT_Y": 173523.24110511996, "SENSOR_X": 359522.0, "SENSOR_Y": 173381.0 }, "geometry": { "type": "LineString", "coordinates": [ [ 359402.960144744312856, 173521.165192880027462 ], [ 359373.248827818140853, 173525.317017359891906 ] ] } },
{ "type": "Feature", "properties": { "JOURNEY_LINK_ID": 71, "SITE_ID": 500, "SEGMENT_ID": 11, "SEGMENT_LENGTH": 30.000000000041592, "LENGTH_PROPORTION": 0.0013232694399675942, "DIST_TO_SENSOR": 219.54062236980624, "MIDPOINT_X": 359358.393169355, "MIDPOINT_Y": 173527.39292959982, "SENSOR_X": 359522.0, "SENSOR_Y": 173381.0 }, "geometry": { "type": "LineString", "coordinates": [ [ 359373.248827818140853, 173525.317017359891906 ], [ 359343.537510891910642, 173529.468841839756351 ] ] } },
{ "type": "Feature", "properties": { "JOURNEY_LINK_ID": 71, "SITE_ID": 500, "SEGMENT_ID": 12, "SEGMENT_LENGTH": 29.999999999983945, "LENGTH_PROPORTION": 0.0013232694399650516, "DIST_TO_SENSOR": 245.02169120562499, "MIDPOINT_X": 359328.68185242882, "MIDPOINT_Y": 173531.54475407969, "SENSOR_X": 359522.0, "SENSOR_Y": 173381.0 }, "geometry": { "type": "LineString", "coordinates": [ [ 359343.537510891910642, 173529.468841839756351 ], [ 359313.826193965738639, 173533.620666319620796 ] ] } },
{ "type": "Feature", "properties": { "JOURNEY_LINK_ID": 71, "SITE_ID": 500, "SEGMENT_ID": 13, "SEGMENT_LENGTH": 29.999999999988653, "LENGTH_PROPORTION": 0.0013232694399652593, "DIST_TO_SENSOR": 271.30308418058604, "MIDPOINT_X": 359298.94730163924, "MIDPOINT_Y": 173535.44370249345, "SENSOR_X": 359522.0, "SENSOR_Y": 173381.0 }, "geometry": { "type": "LineString", "coordinates": [ [ 359313.826193965738639, 173533.620666319620796 ], [ 359301.634647670318373, 173535.324298658873886 ], [ 359283.962086191459093, 173536.109523777937284 ] ] } },
{ "type": "Feature", "properties": { "JOURNEY_LINK_ID": 71, "SITE_ID": 500, "SEGMENT_ID": 14, "SEGMENT_LENGTH": 17.874750738468563, "LENGTH_PROPORTION": 0.0007884370466406949, "DIST_TO_SENSOR": 291.84693248339829, "MIDPOINT_X": 359275.0335198284, "MIDPOINT_Y": 173536.50623676117, "SENSOR_X": 359522.0, "SENSOR_Y": 173381.0 }, "geometry": { "type": "LineString", "coordinates": [ [ 359283.962086191459093, 173536.109523777937284 ], [ 359266.104953465342987, 173536.902949744398938 ] ] } },
{ "type": "Feature", "properties": { "JOURNEY_LINK_ID": 71, "SITE_ID": 672, "SEGMENT_ID": 0, "SEGMENT_LENGTH": 16.613956239660357, "LENGTH_PROPORTION": 0.003319326047267247, "DIST_TO_SENSOR": 293.36226832106053, "MIDPOINT_X": 359021.32115747093, "MIDPOINT_Y": 173524.91111539197, "SENSOR_X": 358728.0, "SENSOR_Y": 173520.0 }, "geometry": { "type": "LineString", "coordinates": [ [ 359027.998504837509245, 173519.96956526779104 ], [ 359014.64381010440411, 173529.852665516140405 ] ] } },
{ "type": "Feature", "properties": { "JOURNEY_LINK_ID": 71, "SITE_ID": 672, "SEGMENT_ID": 1, "SEGMENT_LENGTH": 9.573169044114417, "LENGTH_PROPORTION": 0.0019126371169297777, "DIST_TO_SENSOR": 285.00213369677891, "MIDPOINT_X": 359012.64799692255, "MIDPOINT_Y": 173534.20331157505, "SENSOR_X": 358728.0, "SENSOR_Y": 173520.0 }, "geometry": { "type": "LineString", "coordinates": [ [ 359014.64381010440411, 173529.852665516140405 ], [ 359012.595428239263128, 173534.317905334115494 ], [ 359011.241963928157929, 173538.77755471796263 ] ] } },
{ "type": "Feature", "properties": { "JOURNEY_LINK_ID": 71, "SITE_ID": 672, "SEGMENT_ID": 2, "SEGMENT_LENGTH": 30.000000000001581, "LENGTH_PROPORTION": 0.0059937428497800344, "DIST_TO_SENSOR": 275.36301240798116, "MIDPOINT_X": 359001.68644130998, "MIDPOINT_Y": 173550.34007985282, "SENSOR_X": 358728.0, "SENSOR_Y": 173520.0 }, "geometry": { "type": "LineString", "coordinates": [ [ 359011.241963928157929, 173538.77755471796263 ], [ 358992.1309186918661, 173561.902604987670202 ] ] } },
{ "type": "Feature", "properties": { "JOURNEY_LINK_ID": 71, "SITE_ID": 672, "SEGMENT_ID": 3, "SEGMENT_LENGTH": 12.123476948446385, "LENGTH_PROPORTION": 0.0024221667758073254, "DIST_TO_SENSOR": 264.4038576709649, "MIDPOINT_X": 358988.26938008552, "MIDPOINT_Y": 173566.57520521895, "SENSOR_X": 358728.0, "SENSOR_Y": 173520.0 }, "geometry": { "type": "LineString", "coordinates": [ [ 358992.1309186918661, 173561.902604987670202 ], [ 358984.407841479114722, 173571.247805450228043 ] ] } },
{ "type": "Feature", "properties": { "JOURNEY_LINK_ID": 71, "SITE_ID": 672, "SEGMENT_ID": 4, "SEGMENT_LENGTH": 29.999999999999432, "LENGTH_PROPORTION": 0.005993742849779605, "DIST_TO_SENSOR": 247.48510756026323, "MIDPOINT_X": 358969.60083006002, "MIDPOINT_Y": 173573.64622426996, "SENSOR_X": 358728.0, "SENSOR_Y": 173520.0 }, "geometry": { "type": "LineString", "coordinates": [ [ 358984.407841479114722, 173571.247805450228043 ], [ 358954.793818640930112, 173576.044643089699093 ] ] } },
{ "type": "Feature", "properties": { "JOURNEY_LINK_ID": 71, "SITE_ID": 672, "SEGMENT_ID": 5, "SEGMENT_LENGTH": 29.999999999999432, "LENGTH_PROPORTION": 0.005993742849779605, "DIST_TO_SENSOR": 219.89542496709348, "MIDPOINT_X": 358939.98680722184, "MIDPOINT_Y": 173578.44306190943, "SENSOR_X": 358728.0, "SENSOR_Y": 173520.0 }, "geometry": { "type": "LineString", "coordinates": [ [ 358954.793818640930112, 173576.044643089699093 ], [ 358925.179795802745502, 173580.841480729170144 ] ] } },
{ "type": "Feature", "properties": { "JOURNEY_LINK_ID": 71, "SITE_ID": 672, "SEGMENT_ID": 6, "SEGMENT_LENGTH": 30.000000000008676, "LENGTH_PROPORTION": 0.0059937428497814525, "DIST_TO_SENSOR": 193.02620904634205, "MIDPOINT_X": 358910.37278438365, "MIDPOINT_Y": 173583.23989954891, "SENSOR_X": 358728.0, "SENSOR_Y": 173520.0 }, "geometry": { "type": "LineString", "coordinates": [ [ 358925.179795802745502, 173580.841480729170144 ], [ 358897.674035068950616, 173585.296825047349557 ], [ 358895.546810768777505, 173585.487359994498547 ] ] } },
{ "type": "Feature", "properties": { "JOURNEY_LINK_ID": 71, "SITE_ID": 672, "SEGMENT_ID": 7, "SEGMENT_LENGTH": 29.999999999995186, "LENGTH_PROPORTION": 0.0059937428497787567, "DIST_TO_SENSOR": 166.59662354196695, "MIDPOINT_X": 358880.60662167275, "MIDPOINT_Y": 173586.82554898551, "SENSOR_X": 358728.0, "SENSOR_Y": 173520.0 }, "geometry": { "type": "LineString", "coordinates": [ [ 358895.546810768777505, 173585.487359994498547 ], [ 358865.666432576777879, 173588.163737976545235 ] ] } },
{ "type": "Feature", "properties": { "JOURNEY_LINK_ID": 71, "SITE_ID": 672, "SEGMENT_ID": 8, "SEGMENT_LENGTH": 30.000000000003507, "LENGTH_PROPORTION": 0.0059937428497804195, "DIST_TO_SENSOR": 141.42579220222274, "MIDPOINT_X": 358850.81532915181, "MIDPOINT_Y": 173590.12595543277, "SENSOR_X": 358728.0, "SENSOR_Y": 173520.0 }, "geometry": { "type": "LineString", "coordinates": [ [ 358865.666432576777879, 173588.163737976545235 ], [ 358856.711911654041614, 173588.965792170201894 ], [ 358836.097497315262444, 173593.021715442009736 ] ] } },
{ "type": "Feature", "properties": { "JOURNEY_LINK_ID": 71, "SITE_ID": 672, "SEGMENT_ID": 9, "SEGMENT_LENGTH": 3.0273076336157705, "LENGTH_PROPORTION": 0.0006048301161022695, "DIST_TO_SENSOR": 129.38747276855969, "MIDPOINT_X": 358834.61231715966, "MIDPOINT_Y": 173593.31392732137, "SENSOR_X": 358728.0, "SENSOR_Y": 173520.0 }, "geometry": { "type": "LineString", "coordinates": [ [ 358836.097497315262444, 173593.021715442009736 ], [ 358833.127137003990356, 173593.606139200739563 ] ] } },
{ "type": "Feature", "properties": { "JOURNEY_LINK_ID": 71, "SITE_ID": 672, "SEGMENT_ID": 10, "SEGMENT_LENGTH": 24.944224445769496, "LENGTH_PROPORTION": 0.0049836422305043794, "DIST_TO_SENSOR": 116.91619039366763, "MIDPOINT_X": 358820.94668993569, "MIDPOINT_Y": 173590.92466712059, "SENSOR_X": 358728.0, "SENSOR_Y": 173520.0 }, "geometry": { "type": "LineString", "coordinates": [ [ 358833.127137003990356, 173593.606139200739563 ], [ 358808.766242867393885, 173588.243195040442515 ] ] } },
{ "type": "Feature", "properties": { "JOURNEY_LINK_ID": 71, "SITE_ID": 672, "SEGMENT_ID": 11, "SEGMENT_LENGTH": 30.00000000002272, "LENGTH_PROPORTION": 0.0059937428497842575, "DIST_TO_SENSOR": 90.786187120309279, "MIDPOINT_X": 358798.0664925077, "MIDPOINT_Y": 173577.73056728902, "SENSOR_X": 358728.0, "SENSOR_Y": 173520.0 }, "geometry": { "type": "LineString", "coordinates": [ [ 358808.766242867393885, 173588.243195040442515 ], [ 358787.366742147947662, 173567.217939537600614 ] ] } },
{ "type": "Feature", "properties": { "JOURNEY_LINK_ID": 71, "SITE_ID": 672, "SEGMENT_ID": 12, "SEGMENT_LENGTH": 29.999999999981195, "LENGTH_PROPORTION": 0.0059937428497759621, "DIST_TO_SENSOR": 60.9570012635022, "MIDPOINT_X": 358776.66699178825, "MIDPOINT_Y": 173556.70531178618, "SENSOR_X": 358728.0, "SENSOR_Y": 173520.0 }, "geometry": { "type": "LineString", "coordinates": [ [ 358787.366742147947662, 173567.217939537600614 ], [ 358765.967241428559646, 173546.192684034758713 ] ] } },
{ "type": "Feature", "properties": { "JOURNEY_LINK_ID": 71, "SITE_ID": 672, "SEGMENT_ID": 13, "SEGMENT_LENGTH": 30.00000000002272, "LENGTH_PROPORTION": 0.0059937428497842575, "DIST_TO_SENSOR": 31.454415178733385, "MIDPOINT_X": 358755.26749106881, "MIDPOINT_Y": 173535.68005628334, "SENSOR_X": 358728.0, "SENSOR_Y": 173520.0 }, "geometry": { "type": "LineString", "coordinates": [ [ 358765.967241428559646, 173546.192684034758713 ], [ 358744.567740709113423, 173525.167428531916812 ] ] } },
{ "type": "Feature", "properties": { "JOURNEY_LINK_ID": 71, "SITE_ID": 672, "SEGMENT_ID": 14, "SEGMENT_LENGTH": 29.999999999967404, "LENGTH_PROPORTION": 0.0059937428497732065, "DIST_TO_SENSOR": 7.9375352243040185, "MIDPOINT_X": 358733.86799034942, "MIDPOINT_Y": 173514.6548007805, "SENSOR_X": 358728.0, "SENSOR_Y": 173520.0 }, "geometry": { "type": "LineString", "coordinates": [ [ 358744.567740709113423, 173525.167428531916812 ], [ 358732.42451133026043, 173513.236566047417 ], [ 358725.413628556707408, 173505.508472328539938 ], [ 358723.894920971302781, 173503.4699916189129 ] ] } },
{ "type": "Feature", "properties": { "JOURNEY_LINK_ID": 71, "SITE_ID": 672, "SEGMENT_ID": 15, "SEGMENT_LENGTH": 29.999999999999353, "LENGTH_PROPORTION": 0.0059937428497795894, "DIST_TO_SENSOR": 31.406018249031707, "MIDPOINT_X": 358714.93330973189, "MIDPOINT_Y": 173491.44129576301, "SENSOR_X": 358728.0, "SENSOR_Y": 173520.0 }, "geometry": { "type": "LineString", "coordinates": [ [ 358723.894920971302781, 173503.4699916189129 ], [ 358705.971698492532596, 173479.41259990708204 ] ] } },
{ "type": "Feature", "properties": { "JOURNEY_LINK_ID": 71, "SITE_ID": 672, "SEGMENT_ID": 16, "SEGMENT_LENGTH": 30.000000000004832, "LENGTH_PROPORTION": 0.005993742849780684, "DIST_TO_SENSOR": 61.112394466812766, "MIDPOINT_X": 358697.62799934833, "MIDPOINT_Y": 173466.96919448205, "SENSOR_X": 358728.0, "SENSOR_Y": 173520.0 }, "geometry": { "type": "LineString", "coordinates": [ [ 358705.971698492532596, 173479.41259990708204 ], [ 358701.529465807194356, 173473.450026384845842 ], [ 358689.891664529335685, 173454.118158587283688 ] ] } },
{ "type": "Feature", "properties": { "JOURNEY_LINK_ID": 71, "SITE_ID": 672, "SEGMENT_ID": 17, "SEGMENT_LENGTH": 30.000000000011145, "LENGTH_PROPORTION": 0.0059937428497819452, "DIST_TO_SENSOR": 91.107627359556076, "MIDPOINT_X": 358682.15532971034, "MIDPOINT_Y": 173441.26712269249, "SENSOR_X": 358728.0, "SENSOR_Y": 173520.0 }, "geometry": { "type": "LineString", "coordinates": [ [ 358689.891664529335685, 173454.118158587283688 ], [ 358674.418994891399052, 173428.41608679771889 ] ] } },
{ "type": "Feature", "properties": { "JOURNEY_LINK_ID": 71, "SITE_ID": 672, "SEGMENT_ID": 18, "SEGMENT_LENGTH": 30.000000000011145, "LENGTH_PROPORTION": 0.0059937428497819452, "DIST_TO_SENSOR": 121.10522188862343, "MIDPOINT_X": 358666.68266007246, "MIDPOINT_Y": 173415.56505090295, "SENSOR_X": 358728.0, "SENSOR_Y": 173520.0 }, "geometry": { "type": "LineString", "coordinates": [ [ 358674.418994891399052, 173428.41608679771889 ], [ 358658.946325253462419, 173402.714015008154092 ] ] } },
{ "type": "Feature", "properties": { "JOURNEY_LINK_ID": 71, "SITE_ID": 672, "SEGMENT_ID": 19, "SEGMENT_LENGTH": 29.99999999999272, "LENGTH_PROPORTION": 0.0059937428497782641, "DIST_TO_SENSOR": 151.10275168249456, "MIDPOINT_X": 358651.16865219682, "MIDPOINT_Y": 173389.88856483472, "SENSOR_X": 358728.0, "SENSOR_Y": 173520.0 }, "geometry": { "type": "LineString", "coordinates": [ [ 358658.946325253462419, 173402.714015008154092 ], [ 358652.226191827678122, 173391.55101884866599 ], [ 358643.117609633947723, 173377.232312875654316 ] ] } },
{ "type": "Feature", "properties": { "JOURNEY_LINK_ID": 71, "SITE_ID": 672, "SEGMENT_ID": 20, "SEGMENT_LENGTH": 29.999999999976335, "LENGTH_PROPORTION": 0.0059937428497749906, "DIST_TO_SENSOR": 181.08899413312955, "MIDPOINT_X": 358635.06656707113, "MIDPOINT_Y": 173364.57606091659, "SENSOR_X": 358728.0, "SENSOR_Y": 173520.0 }, "geometry": { "type": "LineString", "coordinates": [ [ 358643.117609633947723, 173377.232312875654316 ], [ 358627.015524508315139, 173351.919808957522037 ] ] } },
{ "type": "Feature", "properties": { "JOURNEY_LINK_ID": 71, "SITE_ID": 672, "SEGMENT_ID": 21, "SEGMENT_LENGTH": 30.000000000007578, "LENGTH_PROPORTION": 0.005993742849781233, "DIST_TO_SENSOR": 211.07914635573039, "MIDPOINT_X": 358618.9644819455, "MIDPOINT_Y": 173339.26355699846, "SENSOR_X": 358728.0, "SENSOR_Y": 173520.0 }, "geometry": { "type": "LineString", "coordinates": [ [ 358627.015524508315139, 173351.919808957522037 ], [ 358610.913439382624347, 173326.607305039389757 ] ] } },
{ "type": "Feature", "properties": { "JOURNEY_LINK_ID": 71, "SITE_ID": 672, "SEGMENT_ID": 22, "SEGMENT_LENGTH": 30.000000000007578, "LENGTH_PROPORTION": 0.005993742849781233, "DIST_TO_SENSOR": 241.07174918767518, "MIDPOINT_X": 358602.86239681975, "MIDPOINT_Y": 173313.95105308032, "SENSOR_X": 358728.0, "SENSOR_Y": 173520.0 }, "geometry": { "type": "LineString", "coordinates": [ [ 358610.913439382624347, 173326.607305039389757 ], [ 358594.811354256933555, 173301.294801121257478 ] ] } },
{ "type": "Feature", "properties": { "JOURNEY_LINK_ID": 71, "SITE_ID": 672, "SEGMENT_ID": 23, "SEGMENT_LENGTH": 30.000000000007578, "LENGTH_PROPORTION": 0.005993742849781233, "DIST_TO_SENSOR": 271.0659891733352, "MIDPOINT_X": 358586.76031169412, "MIDPOINT_Y": 173288.63854916219, "SENSOR_X": 358728.0, "SENSOR_Y": 173520.0 }, "geometry": { "type": "LineString", "coordinates": [ [ 358594.811354256933555, 173301.294801121257478 ], [ 358578.709269131242763, 173275.982297203125199 ] ] } },
{ "type": "Feature", "properties": { "JOURNEY_LINK_ID": 71, "SITE_ID": 672, "SEGMENT_ID": 24, "SEGMENT_LENGTH": 0.71872470588227289, "LENGTH_PROPORTION": 0.00014359503556139681, "DIST_TO_SENSOR": 286.42286949615186, "MIDPOINT_X": 358578.51638635795, "MIDPOINT_Y": 173275.67908517091, "SENSOR_X": 358728.0, "SENSOR_Y": 173520.0 }, "geometry": { "type": "LineString", "coordinates": [ [ 358578.709269131242763, 173275.982297203125199 ], [ 358578.3235035847174, 173275.375873138662428 ] ] } },
{ "type": "Feature", "properties": { "JOURNEY_LINK_ID": 71, "SITE_ID": 672, "SEGMENT_ID": 25, "SEGMENT_LENGTH": 20.820509418797432, "LENGTH_PROPORTION": 0.0041597593152562801, "DIST_TO_SENSOR": 285.36183171985067, "MIDPOINT_X": 358570.38795175648, "MIDPOINT_Y": 173282.11385653849, "SENSOR_X": 358728.0, "SENSOR_Y": 173520.0 }, "geometry": { "type": "LineString", "coordinates": [ [ 358578.3235035847174, 173275.375873138662428 ], [ 358562.452399928297382, 173288.851839938317426 ] ] } },
{ "type": "Feature", "properties": { "JOURNEY_LINK_ID": 71, "SITE_ID": 672, "SEGMENT_ID": 26, "SEGMENT_LENGTH": 10.85491019693605, "LENGTH_PROPORTION": 0.0021687180125962136, "DIST_TO_SENSOR": 289.49624029198014, "MIDPOINT_X": 358558.11070616823, "MIDPOINT_Y": 173285.5950064855, "SENSOR_X": 358728.0, "SENSOR_Y": 173520.0 }, "geometry": { "type": "LineString", "coordinates": [ [ 358562.452399928297382, 173288.851839938317426 ], [ 358553.769012408098206, 173282.338173032680061 ] ] } },
{ "type": "Feature", "properties": { "JOURNEY_LINK_ID": 99, "SITE_ID": 501, "SEGMENT_ID": 0, "SEGMENT_LENGTH": 30.000000000023228, "LENGTH_PROPORTION": 0.0045026822812705659, "DIST_TO_SENSOR": 291.63326968047136, "MIDPOINT_X": 358854.02752270258, "MIDPOINT_Y": 172891.903600461, "SENSOR_X": 358640.0, "SENSOR_Y": 173090.0 }, "geometry": { "type": "LineString", "coordinates": [ [ 358868.483003884903155, 172895.908480457612313 ], [ 358853.146929965994786, 172891.659632917377166 ], [ 358839.343232043844182, 172888.852502270543482 ] ] } },
{ "type": "Feature", "properties": { "JOURNEY_LINK_ID": 99, "SITE_ID": 501, "SEGMENT_ID": 1, "SEGMENT_LENGTH": 29.999999999948788, "LENGTH_PROPORTION": 0.0045026822812593934, "DIST_TO_SENSOR": 275.25487388760905, "MIDPOINT_X": 358824.64409868768, "MIDPOINT_Y": 172885.86327518377, "SENSOR_X": 358640.0, "SENSOR_Y": 173090.0 }, "geometry": { "type": "LineString", "coordinates": [ [ 358839.343232043844182, 172888.852502270543482 ], [ 358809.944965331465937, 172882.874048097030027 ] ] } },
{ "type": "Feature", "properties": { "JOURNEY_LINK_ID": 99, "SITE_ID": 501, "SEGMENT_ID": 2, "SEGMENT_LENGTH": 30.000000000046189, "LENGTH_PROPORTION": 0.0045026822812740119, "DIST_TO_SENSOR": 260.44334454279334, "MIDPOINT_X": 358795.10288996965, "MIDPOINT_Y": 172880.77803834277, "SENSOR_X": 358640.0, "SENSOR_Y": 173090.0 }, "geometry": { "type": "LineString", "coordinates": [ [ 358809.944965331465937, 172882.874048097030027 ], [ 358805.816873224859592, 172882.034556105034426 ], [ 358780.204994395782705, 172879.030838448699797 ] ] } },
{ "type": "Feature", "properties": { "JOURNEY_LINK_ID": 99, "SITE_ID": 501, "SEGMENT_ID": 3, "SEGMENT_LENGTH": 9.9285660444369537, "LENGTH_PROPORTION": 0.0014901726135558748, "DIST_TO_SENSOR": 251.10056577641936, "MIDPOINT_X": 358775.27450305817, "MIDPOINT_Y": 172878.45259879733, "SENSOR_X": 358640.0, "SENSOR_Y": 173090.0 }, "geometry": { "type": "LineString", "coordinates": [ [ 358780.204994395782705, 172879.030838448699797 ], [ 358770.344011720560957, 172877.874359145935159 ] ] } },
{ "type": "Feature", "properties": { "JOURNEY_LINK_ID": 99, "SITE_ID": 501, "SEGMENT_ID": 4, "SEGMENT_LENGTH": 29.99999999998591, "LENGTH_PROPORTION": 0.0045026822812649645, "DIST_TO_SENSOR": 241.03887541935725, "MIDPOINT_X": 358755.35170532123, "MIDPOINT_Y": 172878.35472237039, "SENSOR_X": 358640.0, "SENSOR_Y": 173090.0 }, "geometry": { "type": "LineString", "coordinates": [ [ 358770.344011720560957, 172877.874359145935159 ], [ 358740.359398921835236, 172878.835085594851989 ] ] } },
{ "type": "Feature", "properties": { "JOURNEY_LINK_ID": 99, "SITE_ID": 501, "SEGMENT_ID": 5, "SEGMENT_LENGTH": 29.99999999998591, "LENGTH_PROPORTION": 0.0045026822812649645, "DIST_TO_SENSOR": 227.32250348776296, "MIDPOINT_X": 358725.36709252244, "MIDPOINT_Y": 172879.31544881931, "SENSOR_X": 358640.0, "SENSOR_Y": 173090.0 }, "geometry": { "type": "LineString", "coordinates": [ [ 358740.359398921835236, 172878.835085594851989 ], [ 358710.374786123109516, 172879.795812043768819 ] ] } },
{ "type": "Feature", "properties": { "JOURNEY_LINK_ID": 99, "SITE_ID": 501, "SEGMENT_ID": 6, "SEGMENT_LENGTH": 30.000000000044089, "LENGTH_PROPORTION": 0.0045026822812736971, "DIST_TO_SENSOR": 216.9131202128431, "MIDPOINT_X": 358695.38247972372, "MIDPOINT_Y": 172880.27617526823, "SENSOR_X": 358640.0, "SENSOR_Y": 173090.0 }, "geometry": { "type": "LineString", "coordinates": [ [ 358710.374786123109516, 172879.795812043768819 ], [ 358680.390173324325588, 172880.75653849268565 ] ] } },
{ "type": "Feature", "properties": { "JOURNEY_LINK_ID": 99, "SITE_ID": 501, "SEGMENT_ID": 7, "SEGMENT_LENGTH": 3.1381965057517602, "LENGTH_PROPORTION": 0.00047101006005275715, "DIST_TO_SENSOR": 212.76498409628806, "MIDPOINT_X": 358678.82187987247, "MIDPOINT_Y": 172880.80678763243, "SENSOR_X": 358640.0, "SENSOR_Y": 173090.0 }, "geometry": { "type": "LineString", "coordinates": [ [ 358680.390173324325588, 172880.75653849268565 ], [ 358677.253586420614738, 172880.857036772184074 ] ] } },
{ "type": "Feature", "properties": { "JOURNEY_LINK_ID": 99, "SITE_ID": 501, "SEGMENT_ID": 8, "SEGMENT_LENGTH": 30.000000000022649, "LENGTH_PROPORTION": 0.0045026822812704792, "DIST_TO_SENSOR": 207.7680991996005, "MIDPOINT_X": 358662.4796800107, "MIDPOINT_Y": 172883.45158671238, "SENSOR_X": 358640.0, "SENSOR_Y": 173090.0 }, "geometry": { "type": "LineString", "coordinates": [ [ 358677.253586420614738, 172880.857036772184074 ], [ 358647.705773600842804, 172886.046136652614223 ] ] } },
{ "type": "Feature", "properties": { "JOURNEY_LINK_ID": 99, "SITE_ID": 501, "SEGMENT_ID": 9, "SEGMENT_LENGTH": 29.999999999951612, "LENGTH_PROPORTION": 0.0045026822812598176, "DIST_TO_SENSOR": 201.4833283356688, "MIDPOINT_X": 358632.93186719099, "MIDPOINT_Y": 172888.64068659281, "SENSOR_X": 358640.0, "SENSOR_Y": 173090.0 }, "geometry": { "type": "LineString", "coordinates": [ [ 358647.705773600842804, 172886.046136652614223 ], [ 358630.762741143174935, 172889.021622122090776 ], [ 358618.079549733782187, 172890.729612873867154 ] ] } },
{ "type": "Feature", "properties": { "JOURNEY_LINK_ID": 99, "SITE_ID": 501, "SEGMENT_ID": 10, "SEGMENT_LENGTH": 30.00000000004917, "LENGTH_PROPORTION": 0.0045026822812744595, "DIST_TO_SENSOR": 200.67815427130083, "MIDPOINT_X": 358603.21256032062, "MIDPOINT_Y": 172892.72251551793, "SENSOR_X": 358640.0, "SENSOR_Y": 173090.0 }, "geometry": { "type": "LineString", "coordinates": [ [ 358618.079549733782187, 172890.729612873867154 ], [ 358604.386122474796139, 172892.573647735698614 ], [ 358588.331807337526698, 172894.610157077317126 ] ] } },
{ "type": "Feature", "properties": { "JOURNEY_LINK_ID": 99, "SITE_ID": 501, "SEGMENT_ID": 11, "SEGMENT_LENGTH": 2.7096550353802904, "LENGTH_PROPORTION": 0.00040669052387176517, "DIST_TO_SENSOR": 202.2891304812822, "MIDPOINT_X": 358586.98775042919, "MIDPOINT_Y": 172894.78065232586, "SENSOR_X": 358640.0, "SENSOR_Y": 173090.0 }, "geometry": { "type": "LineString", "coordinates": [ [ 358588.331807337526698, 172894.610157077317126 ], [ 358585.643693520803936, 172894.951147574407514 ] ] } },
{ "type": "Feature", "properties": { "JOURNEY_LINK_ID": 99, "SITE_ID": 501, "SEGMENT_ID": 12, "SEGMENT_LENGTH": 20.964109471607543, "LENGTH_PROPORTION": 0.0031464908086783548, "DIST_TO_SENSOR": 206.50224440256147, "MIDPOINT_X": 358575.21206125064, "MIDPOINT_Y": 172893.9242494955, "SENSOR_X": 358640.0, "SENSOR_Y": 173090.0 }, "geometry": { "type": "LineString", "coordinates": [ [ 358585.643693520803936, 172894.951147574407514 ], [ 358564.780428980477154, 172892.89735141658457 ] ] } },
{ "type": "Feature", "properties": { "JOURNEY_LINK_ID": 99, "SITE_ID": 501, "SEGMENT_ID": 13, "SEGMENT_LENGTH": 29.999999999992966, "LENGTH_PROPORTION": 0.0045026822812660235, "DIST_TO_SENSOR": 225.77785256937833, "MIDPOINT_X": 358561.80499897292, "MIDPOINT_Y": 172878.1954190174, "SENSOR_X": 358640.0, "SENSOR_Y": 173090.0 }, "geometry": { "type": "LineString", "coordinates": [ [ 358564.780428980477154, 172892.89735141658457 ], [ 358558.82956896541873, 172863.493486618215684 ] ] } },
{ "type": "Feature", "properties": { "JOURNEY_LINK_ID": 99, "SITE_ID": 501, "SEGMENT_ID": 14, "SEGMENT_LENGTH": 30.00000000001436, "LENGTH_PROPORTION": 0.0045026822812692354, "DIST_TO_SENSOR": 255.34009870722616, "MIDPOINT_X": 358556.59748426685, "MIDPOINT_Y": 172848.66499139744, "SENSOR_X": 358640.0, "SENSOR_Y": 173090.0 }, "geometry": { "type": "LineString", "coordinates": [ [ 358558.82956896541873, 172863.493486618215684 ], [ 358558.26369944732869, 172860.697462050127797 ], [ 358554.571617677866016, 172834.035320173366927 ], [ 358554.510120733990334, 172833.812939371418906 ] ] } },
{ "type": "Feature", "properties": { "JOURNEY_LINK_ID": 99, "SITE_ID": 501, "SEGMENT_ID": 15, "SEGMENT_LENGTH": 23.946956596759392, "LENGTH_PROPORTION": 0.0035941845719500106, "DIST_TO_SENSOR": 282.03248400459518, "MIDPOINT_X": 358551.31876771135, "MIDPOINT_Y": 172822.27259932243, "SENSOR_X": 358640.0, "SENSOR_Y": 173090.0 }, "geometry": { "type": "LineString", "coordinates": [ [ 358554.510120733990334, 172833.812939371418906 ], [ 358548.12741468870081, 172810.732259273412637 ] ] } },
{ "type": "Feature", "properties": { "JOURNEY_LINK_ID": 99, "SITE_ID": 501, "SEGMENT_ID": 16, "SEGMENT_LENGTH": 5.9127530128412955, "LENGTH_PROPORTION": 0.00088744160748096808, "DIST_TO_SENSOR": 296.84598883346007, "MIDPOINT_X": 358546.50102078216, "MIDPOINT_Y": 172808.26345290017, "SENSOR_X": 358640.0, "SENSOR_Y": 173090.0 }, "geometry": { "type": "LineString", "coordinates": [ [ 358548.12741468870081, 172810.732259273412637 ], [ 358544.874626875680406, 172805.794646526919678 ] ] } },
{ "type": "Feature", "properties": { "JOURNEY_LINK_ID": 133, "SITE_ID": 270, "SEGMENT_ID": 0, "SEGMENT_LENGTH": 29.999999999996483, "LENGTH_PROPORTION": 0.012525513306307367, "DIST_TO_SENSOR": 284.85663021789924, "MIDPOINT_X": 361152.68231509044, "MIDPOINT_Y": 170161.12053569825, "SENSOR_X": 360903.0, "SENSOR_Y": 170024.0 }, "geometry": { "type": "LineString", "coordinates": [ [ 361165.880925845063757, 170168.247714252705919 ], [ 361146.135747799940873, 170157.585424703196622 ], [ 361139.757442103233188, 170153.527118647703901 ] ] } },
{ "type": "Feature", "properties": { "JOURNEY_LINK_ID": 133, "SITE_ID": 270, "SEGMENT_ID": 1, "SEGMENT_LENGTH": 29.999999999998941, "LENGTH_PROPORTION": 0.012525513306308394, "DIST_TO_SENSOR": 254.90749689360325, "MIDPOINT_X": 361127.10196644103, "MIDPOINT_Y": 170145.4748558749, "SENSOR_X": 360903.0, "SENSOR_Y": 170024.0 }, "geometry": { "type": "LineString", "coordinates": [ [ 361139.757442103233188, 170153.527118647703901 ], [ 361114.446490778762382, 170137.42259310206282 ] ] } },
{ "type": "Feature", "properties": { "JOURNEY_LINK_ID": 133, "SITE_ID": 270, "SEGMENT_ID": 2, "SEGMENT_LENGTH": 29.999999999998941, "LENGTH_PROPORTION": 0.012525513306308394, "DIST_TO_SENSOR": 224.99060914788922, "MIDPOINT_X": 361101.7910151165, "MIDPOINT_Y": 170129.37033032923, "SENSOR_X": 360903.0, "SENSOR_Y": 170024.0 }, "geometry": { "type": "LineString", "coordinates": [ [ 361114.446490778762382, 170137.42259310206282 ], [ 361089.135539454291575, 170121.318067556421738 ] ] } },
{ "type": "Feature", "properties": { "JOURNEY_LINK_ID": 133, "SITE_ID": 270, "SEGMENT_ID": 3, "SEGMENT_LENGTH": 29.99999999998408, "LENGTH_PROPORTION": 0.012525513306302189, "DIST_TO_SENSOR": 195.17399894313309, "MIDPOINT_X": 361076.81490250782, "MIDPOINT_Y": 170112.77651451624, "SENSOR_X": 360903.0, "SENSOR_Y": 170024.0 }, "geometry": { "type": "LineString", "coordinates": [ [ 361089.135539454291575, 170121.318067556421738 ], [ 361083.953079119150061, 170118.020638558722567 ], [ 361073.464829123055097, 170110.315353727201 ], [ 361064.124018908420112, 170104.808919932576828 ] ] } },
{ "type": "Feature", "properties": { "JOURNEY_LINK_ID": 133, "SITE_ID": 270, "SEGMENT_ID": 4, "SEGMENT_LENGTH": 29.999999999998607, "LENGTH_PROPORTION": 0.012525513306308253, "DIST_TO_SENSOR": 165.35767349670456, "MIDPOINT_X": 361051.55389320455, "MIDPOINT_Y": 170096.6285136707, "SENSOR_X": 360903.0, "SENSOR_Y": 170024.0 }, "geometry": { "type": "LineString", "coordinates": [ [ 361064.124018908420112, 170104.808919932576828 ], [ 361062.289729987853207, 170103.727601474209223 ], [ 361039.041955553693697, 170088.354976566100959 ] ] } },
{ "type": "Feature", "properties": { "JOURNEY_LINK_ID": 133, "SITE_ID": 270, "SEGMENT_ID": 5, "SEGMENT_LENGTH": 30.000000000035538, "LENGTH_PROPORTION": 0.012525513306323673, "DIST_TO_SENSOR": 135.66426639004979, "MIDPOINT_X": 361026.53001790284, "MIDPOINT_Y": 170080.0814394615, "SENSOR_X": 360903.0, "SENSOR_Y": 170024.0 }, "geometry": { "type": "LineString", "coordinates": [ [ 361039.041955553693697, 170088.354976566100959 ], [ 361014.070328112575226, 170071.842451331322081 ], [ 361014.018068756151479, 170071.807919748098357 ] ] } },
{ "type": "Feature", "properties": { "JOURNEY_LINK_ID": 133, "SITE_ID": 270, "SEGMENT_ID": 6, "SEGMENT_LENGTH": 29.999999999977486, "LENGTH_PROPORTION": 0.012525513306299436, "DIST_TO_SENSOR": 106.14241489497898, "MIDPOINT_X": 361001.50337817945, "MIDPOINT_Y": 170063.53854735539, "SENSOR_X": 360903.0, "SENSOR_Y": 170024.0 }, "geometry": { "type": "LineString", "coordinates": [ [ 361014.018068756151479, 170071.807919748098357 ], [ 360988.988687602744903, 170055.269174962711986 ] ] } },
{ "type": "Feature", "properties": { "JOURNEY_LINK_ID": 133, "SITE_ID": 270, "SEGMENT_ID": 7, "SEGMENT_LENGTH": 30.000000000022759, "LENGTH_PROPORTION": 0.012525513306318337, "DIST_TO_SENSOR": 77.017148585833198, "MIDPOINT_X": 360976.52697917091, "MIDPOINT_Y": 170046.92214017696, "SENSOR_X": 360903.0, "SENSOR_Y": 170024.0 }, "geometry": { "type": "LineString", "coordinates": [ [ 360988.988687602744903, 170055.269174962711986 ], [ 360979.128352672152687, 170048.753729697957169 ], [ 360964.262087505136151, 170038.286607047688449 ] ] } },
{ "type": "Feature", "properties": { "JOURNEY_LINK_ID": 133, "SITE_ID": 270, "SEGMENT_ID": 8, "SEGMENT_LENGTH": 29.999999999989424, "LENGTH_PROPORTION": 0.01252551330630442, "DIST_TO_SENSOR": 49.315444708143922, "MIDPOINT_X": 360951.98926691688, "MIDPOINT_Y": 170029.66258012826, "SENSOR_X": 360903.0, "SENSOR_Y": 170024.0 }, "geometry": { "type": "LineString", "coordinates": [ [ 360964.262087505136151, 170038.286607047688449 ], [ 360952.563386257563252, 170030.049720416660421 ], [ 360939.552617884706706, 170021.276296037569409 ] ] } },
{ "type": "Feature", "properties": { "JOURNEY_LINK_ID": 133, "SITE_ID": 270, "SEGMENT_ID": 9, "SEGMENT_LENGTH": 30.000000000013635, "LENGTH_PROPORTION": 0.012525513306314528, "DIST_TO_SENSOR": 25.375828992736658, "MIDPOINT_X": 360926.37718825648, "MIDPOINT_Y": 170014.12884169462, "SENSOR_X": 360903.0, "SENSOR_Y": 170024.0 }, "geometry": { "type": "LineString", "coordinates": [ [ 360939.552617884706706, 170021.276296037569409 ], [ 360937.885989380185492, 170020.152454713708721 ], [ 360921.131445723411161, 170011.383262665360235 ], [ 360913.087403241952416, 170007.17315234959824 ] ] } },
{ "type": "Feature", "properties": { "JOURNEY_LINK_ID": 133, "SITE_ID": 270, "SEGMENT_ID": 10, "SEGMENT_LENGTH": 25.881266561852929, "LENGTH_PROPORTION": 0.010805871623487159, "DIST_TO_SENSOR": 22.61572918240374, "MIDPOINT_X": 360901.4938063416, "MIDPOINT_Y": 170001.43448234329, "SENSOR_X": 360903.0, "SENSOR_Y": 170024.0 }, "geometry": { "type": "LineString", "coordinates": [ [ 360913.087403241952416, 170007.17315234959824 ], [ 360906.471150027937256, 170003.710321817256045 ], [ 360889.725061970297247, 169996.053344393556472 ] ] } },
{ "type": "Feature", "properties": { "JOURNEY_LINK_ID": 133, "SITE_ID": 270, "SEGMENT_ID": 11, "SEGMENT_LENGTH": 29.999999999985814, "LENGTH_PROPORTION": 0.012525513306302912, "DIST_TO_SENSOR": 18.277551758571608, "MIDPOINT_X": 360890.10311648669, "MIDPOINT_Y": 170011.0485794628, "SENSOR_X": 360903.0, "SENSOR_Y": 170024.0 }, "geometry": { "type": "LineString", "coordinates": [ [ 360889.725061970297247, 169996.053344393556472 ], [ 360890.481171003077179, 170026.043814532080432 ] ] } },
{ "type": "Feature", "properties": { "JOURNEY_LINK_ID": 133, "SITE_ID": 270, "SEGMENT_ID": 12, "SEGMENT_LENGTH": 30.000000000014907, "LENGTH_PROPORTION": 0.012525513306315059, "DIST_TO_SENSOR": 20.921941026220793, "MIDPOINT_X": 360890.85922551947, "MIDPOINT_Y": 170041.03904960136, "SENSOR_X": 360903.0, "SENSOR_Y": 170024.0 }, "geometry": { "type": "LineString", "coordinates": [ [ 360890.481171003077179, 170026.043814532080432 ], [ 360891.237280035857111, 170056.034284670633497 ] ] } },
{ "type": "Feature", "properties": { "JOURNEY_LINK_ID": 133, "SITE_ID": 270, "SEGMENT_ID": 13, "SEGMENT_LENGTH": 29.999999999985814, "LENGTH_PROPORTION": 0.012525513306302912, "DIST_TO_SENSOR": 48.387873835537, "MIDPOINT_X": 360891.61533455225, "MIDPOINT_Y": 170071.02951973991, "SENSOR_X": 360903.0, "SENSOR_Y": 170024.0 }, "geometry": { "type": "LineString", "coordinates": [ [ 360891.237280035857111, 170056.034284670633497 ], [ 360891.993389068637043, 170086.024754809157457 ] ] } },
{ "type": "Feature", "properties": { "JOURNEY_LINK_ID": 133, "SITE_ID": 270, "SEGMENT_ID": 14, "SEGMENT_LENGTH": 30.000000000014907, "LENGTH_PROPORTION": 0.012525513306315059, "DIST_TO_SENSOR": 77.749887796319925, "MIDPOINT_X": 360892.37144358503, "MIDPOINT_Y": 170101.01998987843, "SENSOR_X": 360903.0, "SENSOR_Y": 170024.0 }, "geometry": { "type": "LineString", "coordinates": [ [ 360891.993389068637043, 170086.024754809157457 ], [ 360892.749498101416975, 170116.015224947710522 ] ] } },
{ "type": "Feature", "properties": { "JOURNEY_LINK_ID": 133, "SITE_ID": 270, "SEGMENT_ID": 15, "SEGMENT_LENGTH": 29.999999999985814, "LENGTH_PROPORTION": 0.012525513306302912, "DIST_TO_SENSOR": 107.46489552572564, "MIDPOINT_X": 360893.12755261781, "MIDPOINT_Y": 170131.01046001696, "SENSOR_X": 360903.0, "SENSOR_Y": 170024.0 }, "geometry": { "type": "LineString", "coordinates": [ [ 360892.749498101416975, 170116.015224947710522 ], [ 360893.505607134196907, 170146.005695086234482 ] ] } },
{ "type": "Feature", "properties": { "JOURNEY_LINK_ID": 133, "SITE_ID": 270, "SEGMENT_ID": 16, "SEGMENT_LENGTH": 29.999999999998757, "LENGTH_PROPORTION": 0.012525513306308316, "DIST_TO_SENSOR": 137.30390570603655, "MIDPOINT_X": 360893.88366030785, "MIDPOINT_Y": 170161.00093018936, "SENSOR_X": 360903.0, "SENSOR_Y": 170024.0 }, "geometry": { "type": "LineString", "coordinates": [ [ 360893.505607134196907, 170146.005695086234482 ], [ 360893.841168544138782, 170159.31547450798098 ], [ 360894.261702878051437, 170175.996165559801739 ] ] } },
{ "type": "Feature", "properties": { "JOURNEY_LINK_ID": 133, "SITE_ID": 270, "SEGMENT_ID": 17, "SEGMENT_LENGTH": 19.107871086630212, "LENGTH_PROPORTION": 0.0079778631183606858, "DIST_TO_SENSOR": 161.77040008545185, "MIDPOINT_X": 360894.50248916796, "MIDPOINT_Y": 170185.54706637221, "SENSOR_X": 360903.0, "SENSOR_Y": 170024.0 }, "geometry": { "type": "LineString", "coordinates": [ [ 360894.261702878051437, 170175.996165559801739 ], [ 360894.743275457818527, 170195.09796718461439 ] ] } },
{ "type": "Feature", "properties": { "JOURNEY_LINK_ID": 133, "SITE_ID": 270, "SEGMENT_ID": 18, "SEGMENT_LENGTH": 30.000000000002419, "LENGTH_PROPORTION": 0.012525513306309846, "DIST_TO_SENSOR": 185.84272921606606, "MIDPOINT_X": 360890.23242400633, "MIDPOINT_Y": 170209.40363805956, "SENSOR_X": 360903.0, "SENSOR_Y": 170024.0 }, "geometry": { "type": "LineString", "coordinates": [ [ 360894.743275457818527, 170195.09796718461439 ], [ 360885.72157255478669, 170223.709308934514411 ] ] } },
{ "type": "Feature", "properties": { "JOURNEY_LINK_ID": 133, "SITE_ID": 270, "SEGMENT_ID": 19, "SEGMENT_LENGTH": 30.000000000002419, "LENGTH_PROPORTION": 0.012525513306309846, "DIST_TO_SENSOR": 215.12132450709339, "MIDPOINT_X": 360881.21072110324, "MIDPOINT_Y": 170238.01497980946, "SENSOR_X": 360903.0, "SENSOR_Y": 170024.0 }, "geometry": { "type": "LineString", "coordinates": [ [ 360885.72157255478669, 170223.709308934514411 ], [ 360876.699869651754852, 170252.320650684414431 ] ] } },
{ "type": "Feature", "properties": { "JOURNEY_LINK_ID": 133, "SITE_ID": 270, "SEGMENT_ID": 20, "SEGMENT_LENGTH": 30.000000000002419, "LENGTH_PROPORTION": 0.012525513306309846, "DIST_TO_SENSOR": 244.57483213301308, "MIDPOINT_X": 360872.18901820027, "MIDPOINT_Y": 170266.62632155936, "SENSOR_X": 360903.0, "SENSOR_Y": 170024.0 }, "geometry": { "type": "LineString", "coordinates": [ [ 360876.699869651754852, 170252.320650684414431 ], [ 360867.678166748723015, 170280.931992434314452 ] ] } },
{ "type": "Feature", "properties": { "JOURNEY_LINK_ID": 133, "SITE_ID": 270, "SEGMENT_ID": 21, "SEGMENT_LENGTH": 29.999999999983423, "LENGTH_PROPORTION": 0.012525513306301915, "DIST_TO_SENSOR": 274.13453258837609, "MIDPOINT_X": 360863.09539064765, "MIDPOINT_Y": 170295.21460895365, "SENSOR_X": 360903.0, "SENSOR_Y": 170024.0 }, "geometry": { "type": "LineString", "coordinates": [ [ 360867.678166748723015, 170280.931992434314452 ], [ 360865.564811131218448, 170287.634268098045141 ], [ 360858.449214076681528, 170309.476903413917171 ] ] } },
{ "type": "Feature", "properties": { "JOURNEY_LINK_ID": 133, "SITE_ID": 270, "SEGMENT_ID": 22, "SEGMENT_LENGTH": 10.867014733190112, "LENGTH_PROPORTION": 0.00453716458801423, "DIST_TO_SENSOR": 294.29751344086856, "MIDPOINT_X": 360856.76621176838, "MIDPOINT_Y": 170314.64318888154, "SENSOR_X": 360903.0, "SENSOR_Y": 170024.0 }, "geometry": { "type": "LineString", "coordinates": [ [ 360858.449214076681528, 170309.476903413917171 ], [ 360855.083209460019134, 170319.809474349167431 ] ] } },
{ "type": "Feature", "properties": { "JOURNEY_LINK_ID": 133, "SITE_ID": 215, "SEGMENT_ID": 0, "SEGMENT_LENGTH": 29.999999999995559, "LENGTH_PROPORTION": 0.0058569778684812793, "DIST_TO_SENSOR": 284.84401422457699, "MIDPOINT_X": 358260.1128771347, "MIDPOINT_Y": 170765.20176109305, "SENSOR_X": 358042.0, "SENSOR_Y": 170582.0 }, "geometry": { "type": "LineString", "coordinates": [ [ 358271.019112521782517, 170775.500014813063899 ], [ 358249.206641747674439, 170754.903507373004686 ] ] } },
{ "type": "Feature", "properties": { "JOURNEY_LINK_ID": 133, "SITE_ID": 215, "SEGMENT_ID": 1, "SEGMENT_LENGTH": 30.000000000010381, "LENGTH_PROPORTION": 0.0058569778684841728, "DIST_TO_SENSOR": 254.90060426151675, "MIDPOINT_X": 358238.30040636059, "MIDPOINT_Y": 170744.60525365299, "SENSOR_X": 358042.0, "SENSOR_Y": 170582.0 }, "geometry": { "type": "LineString", "coordinates": [ [ 358249.206641747674439, 170754.903507373004686 ], [ 358237.831598161603324, 170744.162579750583973 ], [ 358226.537107162701432, 170735.302172710071318 ] ] } },
{ "type": "Feature", "properties": { "JOURNEY_LINK_ID": 133, "SITE_ID": 215, "SEGMENT_ID": 2, "SEGMENT_LENGTH": 30.000000000011315, "LENGTH_PROPORTION": 0.0058569778684843549, "DIST_TO_SENSOR": 224.91354283724996, "MIDPOINT_X": 358214.73531202762, "MIDPOINT_Y": 170726.04379101621, "SENSOR_X": 358042.0, "SENSOR_Y": 170582.0 }, "geometry": { "type": "LineString", "coordinates": [ [ 358226.537107162701432, 170735.302172710071318 ], [ 358202.933516892488115, 170716.785409322357737 ] ] } },
{ "type": "Feature", "properties": { "JOURNEY_LINK_ID": 133, "SITE_ID": 215, "SEGMENT_ID": 3, "SEGMENT_LENGTH": 29.999999999965517, "LENGTH_PROPORTION": 0.0058569778684754142, "DIST_TO_SENSOR": 194.92897449988331, "MIDPOINT_X": 358191.13172175741, "MIDPOINT_Y": 170707.5270276285, "SENSOR_X": 358042.0, "SENSOR_Y": 170582.0 }, "geometry": { "type": "LineString", "coordinates": [ [ 358202.933516892488115, 170716.785409322357737 ], [ 358179.329926622333005, 170698.268645934644155 ] ] } },
{ "type": "Feature", "properties": { "JOURNEY_LINK_ID": 133, "SITE_ID": 215, "SEGMENT_ID": 4, "SEGMENT_LENGTH": 30.000000000011315, "LENGTH_PROPORTION": 0.0058569778684843549, "DIST_TO_SENSOR": 164.95001802834159, "MIDPOINT_X": 358167.5281314872, "MIDPOINT_Y": 170689.01026424079, "SENSOR_X": 358042.0, "SENSOR_Y": 170582.0 }, "geometry": { "type": "LineString", "coordinates": [ [ 358179.329926622333005, 170698.268645934644155 ], [ 358155.726336352119688, 170679.751882546930574 ] ] } },
{ "type": "Feature", "properties": { "JOURNEY_LINK_ID": 133, "SITE_ID": 215, "SEGMENT_ID": 5, "SEGMENT_LENGTH": 30.000000000011315, "LENGTH_PROPORTION": 0.0058569778684843549, "DIST_TO_SENSOR": 134.98041263656552, "MIDPOINT_X": 358143.92454121704, "MIDPOINT_Y": 170670.49350085307, "SENSOR_X": 358042.0, "SENSOR_Y": 170582.0 }, "geometry": { "type": "LineString", "coordinates": [ [ 358155.726336352119688, 170679.751882546930574 ], [ 358132.122746081906371, 170661.235119159216993 ] ] } },
{ "type": "Feature", "properties": { "JOURNEY_LINK_ID": 133, "SITE_ID": 215, "SEGMENT_ID": 6, "SEGMENT_LENGTH": 30.000000000011315, "LENGTH_PROPORTION": 0.0058569778684843549, "DIST_TO_SENSOR": 105.02816357293121, "MIDPOINT_X": 358120.32095094677, "MIDPOINT_Y": 170651.97673746536, "SENSOR_X": 358042.0, "SENSOR_Y": 170582.0 }, "geometry": { "type": "LineString", "coordinates": [ [ 358132.122746081906371, 170661.235119159216993 ], [ 358108.519155811693054, 170642.718355771503411 ] ] } },
{ "type": "Feature", "properties": { "JOURNEY_LINK_ID": 133, "SITE_ID": 215, "SEGMENT_ID": 7, "SEGMENT_LENGTH": 29.999999999965517, "LENGTH_PROPORTION": 0.0058569778684754142, "DIST_TO_SENSOR": 75.11403658096728, "MIDPOINT_X": 358096.71736067662, "MIDPOINT_Y": 170633.45997407765, "SENSOR_X": 358042.0, "SENSOR_Y": 170582.0 }, "geometry": { "type": "LineString", "coordinates": [ [ 358108.519155811693054, 170642.718355771503411 ], [ 358084.915565541537944, 170624.20159238378983 ] ] } },
{ "type": "Feature", "properties": { "JOURNEY_LINK_ID": 133, "SITE_ID": 215, "SEGMENT_ID": 8, "SEGMENT_LENGTH": 29.999999999993008, "LENGTH_PROPORTION": 0.0058569778684807805, "DIST_TO_SENSOR": 45.414189790025752, "MIDPOINT_X": 358072.79350330005, "MIDPOINT_Y": 170615.37976615847, "SENSOR_X": 358042.0, "SENSOR_Y": 170582.0 }, "geometry": { "type": "LineString", "coordinates": [ [ 358084.915565541537944, 170624.20159238378983 ], [ 358079.714509226265363, 170620.121419492585119 ], [ 358060.419086390233133, 170606.901924089790555 ] ] } },
{ "type": "Feature", "properties": { "JOURNEY_LINK_ID": 133, "SITE_ID": 215, "SEGMENT_ID": 9, "SEGMENT_LENGTH": 29.999999999998707, "LENGTH_PROPORTION": 0.0058569778684818934, "DIST_TO_SENSOR": 17.501099947250747, "MIDPOINT_X": 358048.04466948041, "MIDPOINT_Y": 170598.42408202111, "SENSOR_X": 358042.0, "SENSOR_Y": 170582.0 }, "geometry": { "type": "LineString", "coordinates": [ [ 358060.419086390233133, 170606.901924089790555 ], [ 358035.670252570533194, 170589.946239952463657 ] ] } },
{ "type": "Feature", "properties": { "JOURNEY_LINK_ID": 133, "SITE_ID": 215, "SEGMENT_ID": 10, "SEGMENT_LENGTH": 29.999999999998707, "LENGTH_PROPORTION": 0.0058569778684818934, "DIST_TO_SENSOR": 18.711717303422226, "MIDPOINT_X": 358023.29583566065, "MIDPOINT_Y": 170581.46839788381, "SENSOR_X": 358042.0, "SENSOR_Y": 170582.0 }, "geometry": { "type": "LineString", "coordinates": [ [ 358035.670252570533194, 170589.946239952463657 ], [ 358010.921418750833254, 170572.990555815136759 ] ] } },
{ "type": "Feature", "properties": { "JOURNEY_LINK_ID": 133, "SITE_ID": 215, "SEGMENT_ID": 11, "SEGMENT_LENGTH": 29.999999999998707, "LENGTH_PROPORTION": 0.0058569778684818934, "DIST_TO_SENSOR": 46.839814576044951, "MIDPOINT_X": 357998.54700184101, "MIDPOINT_Y": 170564.51271374646, "SENSOR_X": 358042.0, "SENSOR_Y": 170582.0 }, "geometry": { "type": "LineString", "coordinates": [ [ 358010.921418750833254, 170572.990555815136759 ], [ 357986.172584931133315, 170556.034871677809861 ] ] } },
{ "type": "Feature", "properties": { "JOURNEY_LINK_ID": 133, "SITE_ID": 215, "SEGMENT_ID": 12, "SEGMENT_LENGTH": 30.000000000046729, "LENGTH_PROPORTION": 0.0058569778684912687, "DIST_TO_SENSOR": 76.405550155739874, "MIDPOINT_X": 357973.79816802125, "MIDPOINT_Y": 170547.55702960916, "SENSOR_X": 358042.0, "SENSOR_Y": 170582.0 }, "geometry": { "type": "LineString", "coordinates": [ [ 357986.172584931133315, 170556.034871677809861 ], [ 357961.423751111375168, 170539.079187540482963 ] ] } },
{ "type": "Feature", "properties": { "JOURNEY_LINK_ID": 133, "SITE_ID": 215, "SEGMENT_ID": 13, "SEGMENT_LENGTH": 14.068094822564104, "LENGTH_PROPORTION": 0.0027465506675822073, "DIST_TO_SENSOR": 98.288419666173397, "MIDPOINT_X": 357955.62093542935, "MIDPOINT_Y": 170535.10361800337, "SENSOR_X": 358042.0, "SENSOR_Y": 170582.0 }, "geometry": { "type": "LineString", "coordinates": [ [ 357961.423751111375168, 170539.079187540482963 ], [ 357949.818119747273158, 170531.128048466285691 ] ] } },
{ "type": "Feature", "properties": { "JOURNEY_LINK_ID": 133, "SITE_ID": 215, "SEGMENT_ID": 14, "SEGMENT_LENGTH": 30.000000000002185, "LENGTH_PROPORTION": 0.0058569778684825725, "DIST_TO_SENSOR": 119.9826953473129, "MIDPOINT_X": 357935.43812920596, "MIDPOINT_Y": 170526.86004283934, "SENSOR_X": 358042.0, "SENSOR_Y": 170582.0 }, "geometry": { "type": "LineString", "coordinates": [ [ 357949.818119747273158, 170531.128048466285691 ], [ 357921.058138664637227, 170522.592037212394644 ] ] } },
{ "type": "Feature", "properties": { "JOURNEY_LINK_ID": 133, "SITE_ID": 215, "SEGMENT_ID": 15, "SEGMENT_LENGTH": 19.433423299621371, "LENGTH_PROPORTION": 0.0037940376724909216, "DIST_TO_SENSOR": 144.33404005502246, "MIDPOINT_X": 357911.7430572235, "MIDPOINT_Y": 170519.82730521262, "SENSOR_X": 358042.0, "SENSOR_Y": 170582.0 }, "geometry": { "type": "LineString", "coordinates": [ [ 357921.058138664637227, 170522.592037212394644 ], [ 357902.427975782367866, 170517.062573212839197 ] ] } },
{ "type": "Feature", "properties": { "JOURNEY_LINK_ID": 133, "SITE_ID": 215, "SEGMENT_ID": 16, "SEGMENT_LENGTH": 30.000000000010143, "LENGTH_PROPORTION": 0.005856977868484126, "DIST_TO_SENSOR": 168.17691434859933, "MIDPOINT_X": 357887.50343161094, "MIDPOINT_Y": 170515.55991514289, "SENSOR_X": 358042.0, "SENSOR_Y": 170582.0 }, "geometry": { "type": "LineString", "coordinates": [ [ 357902.427975782367866, 170517.062573212839197 ], [ 357872.578887439507525, 170514.057257072941866 ] ] } },
{ "type": "Feature", "properties": { "JOURNEY_LINK_ID": 133, "SITE_ID": 215, "SEGMENT_ID": 17, "SEGMENT_LENGTH": 29.999999999985995, "LENGTH_PROPORTION": 0.0058569778684794118, "DIST_TO_SENSOR": 197.25558443919013, "MIDPOINT_X": 357857.82531272946, "MIDPOINT_Y": 170511.36395989833, "SENSOR_X": 358042.0, "SENSOR_Y": 170582.0 }, "geometry": { "type": "LineString", "coordinates": [ [ 357872.578887439507525, 170514.057257072941866 ], [ 357871.813754727656487, 170513.98022069374565 ], [ 357843.080976703378838, 170508.60632410843391 ] ] } },
{ "type": "Feature", "properties": { "JOURNEY_LINK_ID": 133, "SITE_ID": 215, "SEGMENT_ID": 18, "SEGMENT_LENGTH": 29.999999999978577, "LENGTH_PROPORTION": 0.0058569778684779633, "DIST_TO_SENSOR": 226.82824645063235, "MIDPOINT_X": 357828.3366406773, "MIDPOINT_Y": 170505.84868831854, "SENSOR_X": 358042.0, "SENSOR_Y": 170582.0 }, "geometry": { "type": "LineString", "coordinates": [ [ 357843.080976703378838, 170508.60632410843391 ], [ 357813.592304651218001, 170503.091052528645378 ] ] } },
{ "type": "Feature", "properties": { "JOURNEY_LINK_ID": 133, "SITE_ID": 215, "SEGMENT_ID": 19, "SEGMENT_LENGTH": 30.000000000041144, "LENGTH_PROPORTION": 0.0058569778684901784, "DIST_TO_SENSOR": 256.50017774514959, "MIDPOINT_X": 357798.84796862514, "MIDPOINT_Y": 170500.33341673872, "SENSOR_X": 358042.0, "SENSOR_Y": 170582.0 }, "geometry": { "type": "LineString", "coordinates": [ [ 357813.592304651218001, 170503.091052528645378 ], [ 357784.103632598998956, 170497.575780948827742 ] ] } },
{ "type": "Feature", "properties": { "JOURNEY_LINK_ID": 133, "SITE_ID": 215, "SEGMENT_ID": 20, "SEGMENT_LENGTH": 28.737386655654451, "LENGTH_PROPORTION": 0.005610474588006076, "DIST_TO_SENSOR": 285.61410720984145, "MIDPOINT_X": 357769.97984308691, "MIDPOINT_Y": 170494.93420608382, "SENSOR_X": 358042.0, "SENSOR_Y": 170582.0 }, "geometry": { "type": "LineString", "coordinates": [ [ 357784.103632598998956, 170497.575780948827742 ], [ 357755.856053574825637, 170492.292631218821043 ] ] } },
{ "type": "Feature", "properties": { "JOURNEY_LINK_ID": 164, "SITE_ID": 501, "SEGMENT_ID": 0, "SEGMENT_LENGTH": 5.9127530128412955, "LENGTH_PROPORTION": 0.00088744160748096808, "DIST_TO_SENSOR": 296.84598883346007, "MIDPOINT_X": 358546.50102078216, "MIDPOINT_Y": 172808.26345290017, "SENSOR_X": 358640.0, "SENSOR_Y": 173090.0 }, "geometry": { "type": "LineString", "coordinates": [ [ 358544.874626875680406, 172805.794646526919678 ], [ 358548.12741468870081, 172810.732259273412637 ] ] } },
{ "type": "Feature", "properties": { "JOURNEY_LINK_ID": 164, "SITE_ID": 501, "SEGMENT_ID": 1, "SEGMENT_LENGTH": 29.999999999997652, "LENGTH_PROPORTION": 0.004502682281266727, "DIST_TO_SENSOR": 279.02366305545598, "MIDPOINT_X": 358552.49045491224, "MIDPOINT_Y": 172825.05418655238, "SENSOR_X": 358640.0, "SENSOR_Y": 173090.0 }, "geometry": { "type": "LineString", "coordinates": [ [ 358548.12741468870081, 172810.732259273412637 ], [ 358550.970355937897693, 172818.494290213915519 ], [ 358554.571617677866016, 172834.035320173366927 ], [ 358555.364568760618567, 172839.761567745881621 ] ] } },
{ "type": "Feature", "properties": { "JOURNEY_LINK_ID": 164, "SITE_ID": 501, "SEGMENT_ID": 2, "SEGMENT_LENGTH": 30.00000000000535, "LENGTH_PROPORTION": 0.0045026822812678823, "DIST_TO_SENSOR": 249.44529997851006, "MIDPOINT_X": 358557.42208367615, "MIDPOINT_Y": 172854.61978541734, "SENSOR_X": 358640.0, "SENSOR_Y": 173090.0 }, "geometry": { "type": "LineString", "coordinates": [ [ 358555.364568760618567, 172839.761567745881621 ], [ 358558.26369944732869, 172860.697462050127797 ], [ 358560.022045291145332, 172869.385645494010532 ] ] } },
{ "type": "Feature", "properties": { "JOURNEY_LINK_ID": 164, "SITE_ID": 501, "SEGMENT_ID": 3, "SEGMENT_LENGTH": 23.988383245323185, "LENGTH_PROPORTION": 0.0036004022731653596, "DIST_TO_SENSOR": 222.80808258576485, "MIDPOINT_X": 358562.40123713581, "MIDPOINT_Y": 172881.14149845531, "SENSOR_X": 358640.0, "SENSOR_Y": 173090.0 }, "geometry": { "type": "LineString", "coordinates": [ [ 358560.022045291145332, 172869.385645494010532 ], [ 358564.780428980477154, 172892.89735141658457 ] ] } },
{ "type": "Feature", "properties": { "JOURNEY_LINK_ID": 164, "SITE_ID": 501, "SEGMENT_ID": 4, "SEGMENT_LENGTH": 20.964109471607543, "LENGTH_PROPORTION": 0.0031464908086783548, "DIST_TO_SENSOR": 206.50224440256147, "MIDPOINT_X": 358575.21206125064, "MIDPOINT_Y": 172893.9242494955, "SENSOR_X": 358640.0, "SENSOR_Y": 173090.0 }, "geometry": { "type": "LineString", "coordinates": [ [ 358564.780428980477154, 172892.89735141658457 ], [ 358585.643693520803936, 172894.951147574407514 ] ] } },
{ "type": "Feature", "properties": { "JOURNEY_LINK_ID": 164, "SITE_ID": 501, "SEGMENT_ID": 5, "SEGMENT_LENGTH": 29.999999999998217, "LENGTH_PROPORTION": 0.004502682281266812, "DIST_TO_SENSOR": 200.85393196778148, "MIDPOINT_X": 358600.5244465039, "MIDPOINT_Y": 172893.06350601502, "SENSOR_X": 358640.0, "SENSOR_Y": 173090.0 }, "geometry": { "type": "LineString", "coordinates": [ [ 358585.643693520803936, 172894.951147574407514 ], [ 358604.386122474796139, 172892.573647735698614 ], [ 358615.394135087321047, 172891.0912460963591 ] ] } },
{ "type": "Feature", "properties": { "JOURNEY_LINK_ID": 164, "SITE_ID": 501, "SEGMENT_ID": 6, "SEGMENT_LENGTH": 29.999999999977046, "LENGTH_PROPORTION": 0.0045026822812636348, "DIST_TO_SENSOR": 201.14662667283204, "MIDPOINT_X": 358630.2599461113, "MIDPOINT_Y": 172889.08933136315, "SENSOR_X": 358640.0, "SENSOR_Y": 173090.0 }, "geometry": { "type": "LineString", "coordinates": [ [ 358615.394135087321047, 172891.0912460963591 ], [ 358630.762741143174935, 172889.021622122090776 ], [ 358645.036960941099096, 172886.51482567327912 ] ] } },
{ "type": "Feature", "properties": { "JOURNEY_LINK_ID": 164, "SITE_ID": 501, "SEGMENT_ID": 7, "SEGMENT_LENGTH": 30.000000000022649, "LENGTH_PROPORTION": 0.0045026822812704792, "DIST_TO_SENSOR": 207.02976408995357, "MIDPOINT_X": 358659.81086735101, "MIDPOINT_Y": 172883.92027573305, "SENSOR_X": 358640.0, "SENSOR_Y": 173090.0 }, "geometry": { "type": "LineString", "coordinates": [ [ 358645.036960941099096, 172886.51482567327912 ], [ 358674.58477376087103, 172881.325725792848971 ] ] } },
{ "type": "Feature", "properties": { "JOURNEY_LINK_ID": 164, "SITE_ID": 501, "SEGMENT_ID": 8, "SEGMENT_LENGTH": 29.999999999973994, "LENGTH_PROPORTION": 0.0045026822812631769, "DIST_TO_SENSOR": 215.34835896807999, "MIDPOINT_X": 358689.53638726549, "MIDPOINT_Y": 172880.42647579685, "SENSOR_X": 358640.0, "SENSOR_Y": 173090.0 }, "geometry": { "type": "LineString", "coordinates": [ [ 358674.58477376087103, 172881.325725792848971 ], [ 358677.253586420614738, 172880.857036772184074 ], [ 358704.527179892058484, 172879.900988949346356 ] ] } },
{ "type": "Feature", "properties": { "JOURNEY_LINK_ID": 164, "SITE_ID": 501, "SEGMENT_ID": 9, "SEGMENT_LENGTH": 30.000000000045176, "LENGTH_PROPORTION": 0.0045026822812738601, "DIST_TO_SENSOR": 225.1350418489609, "MIDPOINT_X": 358719.51797251869, "MIDPOINT_Y": 172879.37550210184, "SENSOR_X": 358640.0, "SENSOR_Y": 173090.0 }, "geometry": { "type": "LineString", "coordinates": [ [ 358704.527179892058484, 172879.900988949346356 ], [ 358734.508765145263169, 172878.850015254371101 ] ] } },
{ "type": "Feature", "properties": { "JOURNEY_LINK_ID": 164, "SITE_ID": 501, "SEGMENT_ID": 10, "SEGMENT_LENGTH": 29.999999999954515, "LENGTH_PROPORTION": 0.004502682281260253, "DIST_TO_SENSOR": 238.32049518747266, "MIDPOINT_X": 358749.49955777184, "MIDPOINT_Y": 172878.32452840687, "SENSOR_X": 358640.0, "SENSOR_Y": 173090.0 }, "geometry": { "type": "LineString", "coordinates": [ [ 358734.508765145263169, 172878.850015254371101 ], [ 358759.921384752145968, 172877.95920196006773 ], [ 358764.49300520203542, 172877.921987815760076 ] ] } },
{ "type": "Feature", "properties": { "JOURNEY_LINK_ID": 164, "SITE_ID": 501, "SEGMENT_ID": 11, "SEGMENT_LENGTH": 30.000000000033967, "LENGTH_PROPORTION": 0.0045026822812721775, "DIST_TO_SENSOR": 253.10799033054337, "MIDPOINT_X": 358779.4487683092, "MIDPOINT_Y": 172878.77098734735, "SENSOR_X": 358640.0, "SENSOR_Y": 173090.0 }, "geometry": { "type": "LineString", "coordinates": [ [ 358764.49300520203542, 172877.921987815760076 ], [ 358770.344011720560957, 172877.874359145935159 ], [ 358780.775645570363849, 172878.901657021022402 ], [ 358794.336630663543474, 172880.59826704201987 ] ] } },
{ "type": "Feature", "properties": { "JOURNEY_LINK_ID": 164, "SITE_ID": 501, "SEGMENT_ID": 12, "SEGMENT_LENGTH": 29.999999999982176, "LENGTH_PROPORTION": 0.0045026822812644042, "DIST_TO_SENSOR": 267.40803141626526, "MIDPOINT_X": 358809.14109854144, "MIDPOINT_Y": 172882.88084576718, "SENSOR_X": 358640.0, "SENSOR_Y": 173090.0 }, "geometry": { "type": "LineString", "coordinates": [ [ 358794.336630663543474, 172880.59826704201987 ], [ 358805.816873224859592, 172882.034556105034426 ], [ 358823.677427334885579, 172886.581541000399739 ] ] } },
{ "type": "Feature", "properties": { "JOURNEY_LINK_ID": 164, "SITE_ID": 501, "SEGMENT_ID": 13, "SEGMENT_LENGTH": 30.000000000019224, "LENGTH_PROPORTION": 0.0045026822812699648, "DIST_TO_SENSOR": 281.38208593005118, "MIDPOINT_X": 358838.21375612833, "MIDPOINT_Y": 172890.28223623362, "SENSOR_X": 358640.0, "SENSOR_Y": 173090.0 }, "geometry": { "type": "LineString", "coordinates": [ [ 358823.677427334885579, 172886.581541000399739 ], [ 358852.750084921775851, 172893.98293146683136 ] ] } },
{ "type": "Feature", "properties": { "JOURNEY_LINK_ID": 164, "SITE_ID": 501, "SEGMENT_ID": 14, "SEGMENT_LENGTH": 18.763327510072219, "LENGTH_PROPORTION": 0.0028161767439071114, "DIST_TO_SENSOR": 294.50707268569931, "MIDPOINT_X": 358861.84174818662, "MIDPOINT_Y": 172896.2975100227, "SENSOR_X": 358640.0, "SENSOR_Y": 173090.0 }, "geometry": { "type": "LineString", "coordinates": [ [ 358852.750084921775851, 172893.98293146683136 ], [ 358870.933411451464053, 172898.612088578549447 ] ] } },
{ "type": "Feature", "properties": { "JOURNEY_LINK_ID": 190, "SITE_ID": 500, "SEGMENT_ID": 0, "SEGMENT_LENGTH": 11.920573052405432, "LENGTH_PROPORTION": 0.00052580433423758211, "DIST_TO_SENSOR": 294.20470954817637, "MIDPOINT_X": 359650.90268565511, "MIDPOINT_Y": 173645.46267931644, "SENSOR_X": 359522.0, "SENSOR_Y": 173381.0 }, "geometry": { "type": "LineString", "coordinates": [ [ 359655.407366568397265, 173649.36560966988327 ], [ 359646.398004741815384, 173641.559748962987214 ] ] } },
{ "type": "Feature", "properties": { "JOURNEY_LINK_ID": 190, "SITE_ID": 500, "SEGMENT_ID": 1, "SEGMENT_LENGTH": 6.9887729010784172, "LENGTH_PROPORTION": 0.00030826765342859718, "DIST_TO_SENSOR": 292.22649522072595, "MIDPOINT_X": 359647.9160480072, "MIDPOINT_Y": 173644.70717351494, "SENSOR_X": 359522.0, "SENSOR_Y": 173381.0 }, "geometry": { "type": "LineString", "coordinates": [ [ 359646.398004741815384, 173641.559748962987214 ], [ 359649.434091272531077, 173647.854598066885956 ] ] } },
{ "type": "Feature", "properties": { "JOURNEY_LINK_ID": 190, "SITE_ID": 463, "SEGMENT_ID": 0, "SEGMENT_LENGTH": 30.00000000001684, "LENGTH_PROPORTION": 0.0083345001598377141, "DIST_TO_SENSOR": 284.82242294111802, "MIDPOINT_X": 363174.87282081693, "MIDPOINT_Y": 175728.51401253545, "SENSOR_X": 362926.0, "SENSOR_Y": 175590.0 }, "geometry": { "type": "LineString", "coordinates": [ [ 363188.249195228330791, 175735.301693111774512 ], [ 363161.496446405537426, 175721.726331959100207 ] ] } },
{ "type": "Feature", "properties": { "JOURNEY_LINK_ID": 190, "SITE_ID": 463, "SEGMENT_ID": 1, "SEGMENT_LENGTH": 29.999999999978719, "LENGTH_PROPORTION": 0.0083345001598271237, "DIST_TO_SENSOR": 254.84699918190569, "MIDPOINT_X": 363148.12007199414, "MIDPOINT_Y": 175714.93865138275, "SENSOR_X": 362926.0, "SENSOR_Y": 175590.0 }, "geometry": { "type": "LineString", "coordinates": [ [ 363161.496446405537426, 175721.726331959100207 ], [ 363147.835076895251404, 175714.79403404192999 ], [ 363134.641644796472974, 175708.356033505377127 ] ] } },
{ "type": "Feature", "properties": { "JOURNEY_LINK_ID": 190, "SITE_ID": 463, "SEGMENT_ID": 2, "SEGMENT_LENGTH": 30.000000000001975, "LENGTH_PROPORTION": 0.0083345001598335838, "DIST_TO_SENSOR": 224.89291108755521, "MIDPOINT_X": 363121.27003967762, "MIDPOINT_Y": 175701.56358304454, "SENSOR_X": 362926.0, "SENSOR_Y": 175590.0 }, "geometry": { "type": "LineString", "coordinates": [ [ 363134.641644796472974, 175708.356033505377127 ], [ 363127.623023712658323, 175704.931156190286856 ], [ 363108.016870548948646, 175694.538377848424716 ] ] } },
{ "type": "Feature", "properties": { "JOURNEY_LINK_ID": 190, "SITE_ID": 463, "SEGMENT_ID": 3, "SEGMENT_LENGTH": 29.999999999993669, "LENGTH_PROPORTION": 0.0083345001598312766, "DIST_TO_SENSOR": 194.91025052005816, "MIDPOINT_X": 363094.76370142028, "MIDPOINT_Y": 175687.51317265231, "SENSOR_X": 362926.0, "SENSOR_Y": 175590.0 }, "geometry": { "type": "LineString", "coordinates": [ [ 363108.016870548948646, 175694.538377848424716 ], [ 363081.510532291664276, 175680.487967456196202 ] ] } },
{ "type": "Feature", "properties": { "JOURNEY_LINK_ID": 190, "SITE_ID": 463, "SEGMENT_ID": 4, "SEGMENT_LENGTH": 29.999999999983931, "LENGTH_PROPORTION": 0.0083345001598285704, "DIST_TO_SENSOR": 164.93389602557593, "MIDPOINT_X": 363068.25736316299, "MIDPOINT_Y": 175673.46276226011, "SENSOR_X": 362926.0, "SENSOR_Y": 175590.0 }, "geometry": { "type": "LineString", "coordinates": [ [ 363081.510532291664276, 175680.487967456196202 ], [ 363061.38993201800622, 175669.822492337087169 ], [ 363055.147009970911313, 175666.180877212929772 ] ] } },
{ "type": "Feature", "properties": { "JOURNEY_LINK_ID": 190, "SITE_ID": 463, "SEGMENT_ID": 5, "SEGMENT_LENGTH": 30.000000000042018, "LENGTH_PROPORTION": 0.0083345001598447085, "DIST_TO_SENSOR": 134.94184559580154, "MIDPOINT_X": 363042.1955991232, "MIDPOINT_Y": 175658.61402507653, "SENSOR_X": 362926.0, "SENSOR_Y": 175590.0 }, "geometry": { "type": "LineString", "coordinates": [ [ 363055.147009970911313, 175666.180877212929772 ], [ 363042.558208625996485, 175658.837590042792726 ], [ 363029.427340357680805, 175650.74182283715345 ] ] } },
{ "type": "Feature", "properties": { "JOURNEY_LINK_ID": 190, "SITE_ID": 463, "SEGMENT_ID": 6, "SEGMENT_LENGTH": 29.999999999969944, "LENGTH_PROPORTION": 0.0083345001598246846, "DIST_TO_SENSOR": 104.96791079331658, "MIDPOINT_X": 363016.88831812516, "MIDPOINT_Y": 175642.5126263359, "SENSOR_X": 362926.0, "SENSOR_Y": 175590.0 }, "geometry": { "type": "LineString", "coordinates": [ [ 363029.427340357680805, 175650.74182283715345 ], [ 363026.51248114759801, 175648.94468184694415 ], [ 363004.417109261616133, 175634.17782283006818 ] ] } },
{ "type": "Feature", "properties": { "JOURNEY_LINK_ID": 190, "SITE_ID": 463, "SEGMENT_ID": 7, "SEGMENT_LENGTH": 30.000000000022862, "LENGTH_PROPORTION": 0.0083345001598393864, "DIST_TO_SENSOR": 75.05720360886562, "MIDPOINT_X": 362991.94590039802, "MIDPOINT_Y": 175625.84301932424, "SENSOR_X": 362926.0, "SENSOR_Y": 175590.0 }, "geometry": { "type": "LineString", "coordinates": [ [ 363004.417109261616133, 175634.17782283006818 ], [ 362979.474691534414887, 175617.508215818408644 ] ] } },
{ "type": "Feature", "properties": { "JOURNEY_LINK_ID": 190, "SITE_ID": 463, "SEGMENT_ID": 8, "SEGMENT_LENGTH": 29.999999999990639, "LENGTH_PROPORTION": 0.0083345001598304352, "DIST_TO_SENSOR": 45.26483547798103, "MIDPOINT_X": 362967.00348267087, "MIDPOINT_Y": 175609.17341231258, "SENSOR_X": 362926.0, "SENSOR_Y": 175590.0 }, "geometry": { "type": "LineString", "coordinates": [ [ 362979.474691534414887, 175617.508215818408644 ], [ 362954.532273807271849, 175600.838608806720003 ] ] } },
{ "type": "Feature", "properties": { "JOURNEY_LINK_ID": 190, "SITE_ID": 463, "SEGMENT_ID": 9, "SEGMENT_LENGTH": 29.999999999990639, "LENGTH_PROPORTION": 0.0083345001598304352, "DIST_TO_SENSOR": 16.255056078323602, "MIDPOINT_X": 362942.06106494367, "MIDPOINT_Y": 175592.50380530086, "SENSOR_X": 362926.0, "SENSOR_Y": 175590.0 }, "geometry": { "type": "LineString", "coordinates": [ [ 362954.532273807271849, 175600.838608806720003 ], [ 362929.589856080128811, 175584.169001795031363 ] ] } },
{ "type": "Feature", "properties": { "JOURNEY_LINK_ID": 190, "SITE_ID": 463, "SEGMENT_ID": 10, "SEGMENT_LENGTH": 30.000000000039034, "LENGTH_PROPORTION": 0.0083345001598438793, "DIST_TO_SENSOR": 16.71969991878268, "MIDPOINT_X": 362917.11864721653, "MIDPOINT_Y": 175575.8341982892, "SENSOR_X": 362926.0, "SENSOR_Y": 175590.0 }, "geometry": { "type": "LineString", "coordinates": [ [ 362929.589856080128811, 175584.169001795031363 ], [ 362904.647438352927566, 175567.499394783342723 ] ] } },
{ "type": "Feature", "properties": { "JOURNEY_LINK_ID": 190, "SITE_ID": 463, "SEGMENT_ID": 11, "SEGMENT_LENGTH": 29.999999999974467, "LENGTH_PROPORTION": 0.0083345001598259423, "DIST_TO_SENSOR": 45.769748553357481, "MIDPOINT_X": 362892.17622948939, "MIDPOINT_Y": 175559.16459127751, "SENSOR_X": 362926.0, "SENSOR_Y": 175590.0 }, "geometry": { "type": "LineString", "coordinates": [ [ 362904.647438352927566, 175567.499394783342723 ], [ 362879.705020625784528, 175550.829787771683186 ] ] } },
{ "type": "Feature", "properties": { "JOURNEY_LINK_ID": 190, "SITE_ID": 463, "SEGMENT_ID": 12, "SEGMENT_LENGTH": 30.000000000003357, "LENGTH_PROPORTION": 0.0083345001598339671, "DIST_TO_SENSOR": 75.552822227804342, "MIDPOINT_X": 362867.1600396827, "MIDPOINT_Y": 175542.60708896423, "SENSOR_X": 362926.0, "SENSOR_Y": 175590.0 }, "geometry": { "type": "LineString", "coordinates": [ [ 362879.705020625784528, 175550.829787771683186 ], [ 362875.063207052997313, 175547.727554101846181 ], [ 362854.571321487019304, 175534.450853669113712 ] ] } },
{ "type": "Feature", "properties": { "JOURNEY_LINK_ID": 190, "SITE_ID": 463, "SEGMENT_ID": 13, "SEGMENT_LENGTH": 29.999999999966096, "LENGTH_PROPORTION": 0.008334500159823616, "DIST_TO_SENSOR": 105.43860108050899, "MIDPOINT_X": 362841.98260329134, "MIDPOINT_Y": 175526.294618374, "SENSOR_X": 362926.0, "SENSOR_Y": 175590.0 }, "geometry": { "type": "LineString", "coordinates": [ [ 362854.571321487019304, 175534.450853669113712 ], [ 362829.393885095661972, 175518.138383078883635 ] ] } },
{ "type": "Feature", "properties": { "JOURNEY_LINK_ID": 190, "SITE_ID": 463, "SEGMENT_ID": 14, "SEGMENT_LENGTH": 30.000000000012708, "LENGTH_PROPORTION": 0.0083345001598365658, "DIST_TO_SENSOR": 135.37491735561338, "MIDPOINT_X": 362816.80516689998, "MIDPOINT_Y": 175509.98214778377, "SENSOR_X": 362926.0, "SENSOR_Y": 175590.0 }, "geometry": { "type": "LineString", "coordinates": [ [ 362829.393885095661972, 175518.138383078883635 ], [ 362812.257639211369678, 175507.035802869009785 ], [ 362804.1518344169599, 175501.927023055584868 ] ] } },
{ "type": "Feature", "properties": { "JOURNEY_LINK_ID": 190, "SITE_ID": 463, "SEGMENT_ID": 15, "SEGMENT_LENGTH": 30.00000000000119, "LENGTH_PROPORTION": 0.0083345001598333652, "DIST_TO_SENSOR": 165.32650201551124, "MIDPOINT_X": 362791.5569605371, "MIDPOINT_Y": 175493.78190706181, "SENSOR_X": 362926.0, "SENSOR_Y": 175590.0 }, "geometry": { "type": "LineString", "coordinates": [ [ 362804.1518344169599, 175501.927023055584868 ], [ 362798.302619148045778, 175498.240485611371696 ], [ 362779.043317824078258, 175485.510949073097436 ] ] } },
{ "type": "Feature", "properties": { "JOURNEY_LINK_ID": 190, "SITE_ID": 463, "SEGMENT_ID": 16, "SEGMENT_LENGTH": 30.000000000030543, "LENGTH_PROPORTION": 0.0083345001598415201, "DIST_TO_SENSOR": 195.24592936003393, "MIDPOINT_X": 362766.04460225604, "MIDPOINT_Y": 175478.03909760888, "SENSOR_X": 362926.0, "SENSOR_Y": 175590.0 }, "geometry": { "type": "LineString", "coordinates": [ [ 362779.043317824078258, 175485.510949073097436 ], [ 362776.667152570968028, 175483.940410147421062 ], [ 362752.932188456063159, 175470.754552026715828 ] ] } },
{ "type": "Feature", "properties": { "JOURNEY_LINK_ID": 190, "SITE_ID": 463, "SEGMENT_ID": 17, "SEGMENT_LENGTH": 29.999999999979298, "LENGTH_PROPORTION": 0.0083345001598272832, "DIST_TO_SENSOR": 225.11073258401564, "MIDPOINT_X": 362739.85120434512, "MIDPOINT_Y": 175463.41616295613, "SENSOR_X": 362926.0, "SENSOR_Y": 175590.0 }, "geometry": { "type": "LineString", "coordinates": [ [ 362752.932188456063159, 175470.754552026715828 ], [ 362741.100761720794253, 175464.181653346866369 ], [ 362728.542644129018299, 175456.488434508501086 ], [ 362727.114462188677862, 175455.497766180837061 ] ] } },
{ "type": "Feature", "properties": { "JOURNEY_LINK_ID": 190, "SITE_ID": 463, "SEGMENT_ID": 18, "SEGMENT_LENGTH": 30.00000000000275, "LENGTH_PROPORTION": 0.0083345001598337989, "DIST_TO_SENSOR": 255.09546817948706, "MIDPOINT_X": 362714.78936714632, "MIDPOINT_Y": 175446.94837835501, "SENSOR_X": 362926.0, "SENSOR_Y": 175590.0 }, "geometry": { "type": "LineString", "coordinates": [ [ 362727.114462188677862, 175455.497766180837061 ], [ 362711.090072049933951, 175444.382336604234297 ], [ 362702.196451992786024, 175438.804848169325851 ] ] } },
{ "type": "Feature", "properties": { "JOURNEY_LINK_ID": 190, "SITE_ID": 463, "SEGMENT_ID": 19, "SEGMENT_LENGTH": 29.902019550676471, "LENGTH_PROPORTION": 0.0083072795574814524, "DIST_TO_SENSOR": 285.03169546372112, "MIDPOINT_X": 362689.53018221306, "MIDPOINT_Y": 175430.86140413233, "SENSOR_X": 362926.0, "SENSOR_Y": 175590.0 }, "geometry": { "type": "LineString", "coordinates": [ [ 362702.196451992786024, 175438.804848169325851 ], [ 362676.863912433269434, 175422.917960095364833 ] ] } },
{ "type": "Feature", "properties": { "JOURNEY_LINK_ID": 200, "SITE_ID": 215, "SEGMENT_ID": 0, "SEGMENT_LENGTH": 30.000000000008466, "LENGTH_PROPORTION": 0.005856977868483799, "DIST_TO_SENSOR": 284.77863584596292, "MIDPOINT_X": 358053.30669925082, "MIDPOINT_Y": 170297.4459102625, "SENSOR_X": 358042.0, "SENSOR_Y": 170582.0 }, "geometry": { "type": "LineString", "coordinates": [ [ 358055.985620401799679, 170282.687069472420262 ], [ 358050.627778099791612, 170312.204751052573556 ] ] } },
{ "type": "Feature", "properties": { "JOURNEY_LINK_ID": 200, "SITE_ID": 215, "SEGMENT_ID": 1, "SEGMENT_LENGTH": 29.999999999979831, "LENGTH_PROPORTION": 0.0058569778684782079, "DIST_TO_SENSOR": 255.10577881501226, "MIDPOINT_X": 358047.94885694876, "MIDPOINT_Y": 170326.96359184262, "SENSOR_X": 358042.0, "SENSOR_Y": 170582.0 }, "geometry": { "type": "LineString", "coordinates": [ [ 358050.627778099791612, 170312.204751052573556 ], [ 358045.269935797783546, 170341.722432632697746 ] ] } },
{ "type": "Feature", "properties": { "JOURNEY_LINK_ID": 200, "SITE_ID": 215, "SEGMENT_ID": 2, "SEGMENT_LENGTH": 24.433410024211451, "LENGTH_PROPORTION": 0.0047701980587785426, "DIST_TO_SENSOR": 228.25986719959718, "MIDPOINT_X": 358043.08809650096, "MIDPOINT_Y": 170353.74272624956, "SENSOR_X": 358042.0, "SENSOR_Y": 170582.0 }, "geometry": { "type": "LineString", "coordinates": [ [ 358045.269935797783546, 170341.722432632697746 ], [ 358040.906257204129361, 170365.763019866426475 ] ] } },
{ "type": "Feature", "properties": { "JOURNEY_LINK_ID": 200, "SITE_ID": 215, "SEGMENT_ID": 3, "SEGMENT_LENGTH": 29.99999999998515, "LENGTH_PROPORTION": 0.005856977868479247, "DIST_TO_SENSOR": 202.15934083439049, "MIDPOINT_X": 358035.97814789251, "MIDPOINT_Y": 170379.93036748737, "SENSOR_X": 358042.0, "SENSOR_Y": 170582.0 }, "geometry": { "type": "LineString", "coordinates": [ [ 358040.906257204129361, 170365.763019866426475 ], [ 358031.050038580899127, 170394.097715108306147 ] ] } },
{ "type": "Feature", "properties": { "JOURNEY_LINK_ID": 200, "SITE_ID": 215, "SEGMENT_ID": 4, "SEGMENT_LENGTH": 30.000000000009369, "LENGTH_PROPORTION": 0.005856977868483975, "DIST_TO_SENSOR": 175.03974258469231, "MIDPOINT_X": 358024.96110933711, "MIDPOINT_Y": 170407.79153955937, "SENSOR_X": 358042.0, "SENSOR_Y": 170582.0 }, "geometry": { "type": "LineString", "coordinates": [ [ 358031.050038580899127, 170394.097715108306147 ], [ 358030.042107150889933, 170396.99532026349334 ], [ 358018.573717388499063, 170421.363614717382006 ] ] } },
{ "type": "Feature", "properties": { "JOURNEY_LINK_ID": 200, "SITE_ID": 215, "SEGMENT_ID": 5, "SEGMENT_LENGTH": 30.000000000011607, "LENGTH_PROPORTION": 0.0058569778684844122, "DIST_TO_SENSOR": 150.41673481493171, "MIDPOINT_X": 358011.66863953741, "MIDPOINT_Y": 170434.67314336865, "SENSOR_X": 358042.0, "SENSOR_Y": 170582.0 }, "geometry": { "type": "LineString", "coordinates": [ [ 358018.573717388499063, 170421.363614717382006 ], [ 358016.379193559114356, 170426.026588680513669 ], [ 358004.492607767286245, 170447.845256640022853 ] ] } },
{ "type": "Feature", "properties": { "JOURNEY_LINK_ID": 200, "SITE_ID": 215, "SEGMENT_ID": 6, "SEGMENT_LENGTH": 29.999999999994028, "LENGTH_PROPORTION": 0.00585697786848098, "DIST_TO_SENSOR": 129.18845517381209, "MIDPOINT_X": 357997.07169532502, "MIDPOINT_Y": 170460.87566557777, "SENSOR_X": 358042.0, "SENSOR_Y": 170582.0 }, "geometry": { "type": "LineString", "coordinates": [ [ 358004.492607767286245, 170447.845256640022853 ], [ 357999.944909922371153, 170456.192877310677432 ], [ 357992.399818988342304, 170468.489927218528464 ], [ 357989.227101765165571, 170473.660905187542085 ] ] } },
{ "type": "Feature", "properties": { "JOURNEY_LINK_ID": 200, "SITE_ID": 215, "SEGMENT_ID": 7, "SEGMENT_LENGTH": 29.999999999998046, "LENGTH_PROPORTION": 0.0058569778684817641, "DIST_TO_SENSOR": 113.22793952695577, "MIDPOINT_X": 357981.31926881982, "MIDPOINT_Y": 170486.40494179635, "SENSOR_X": 358042.0, "SENSOR_Y": 170582.0 }, "geometry": { "type": "LineString", "coordinates": [ [ 357989.227101765165571, 170473.660905187542085 ], [ 357982.111101404123474, 170485.258749718137551 ], [ 357972.793387994170189, 170498.746309473674046 ] ] } },
{ "type": "Feature", "properties": { "JOURNEY_LINK_ID": 200, "SITE_ID": 215, "SEGMENT_ID": 8, "SEGMENT_LENGTH": 30.000000000007738, "LENGTH_PROPORTION": 0.0058569778684836567, "DIST_TO_SENSOR": 105.35684874835819, "MIDPOINT_X": 357964.15318660397, "MIDPOINT_Y": 170511.00747065875, "SENSOR_X": 358042.0, "SENSOR_Y": 170582.0 }, "geometry": { "type": "LineString", "coordinates": [ [ 357972.793387994170189, 170498.746309473674046 ], [ 357969.746311306778807, 170503.15700843941886 ], [ 357955.449405002058484, 170523.224024421011563 ] ] } },
{ "type": "Feature", "properties": { "JOURNEY_LINK_ID": 200, "SITE_ID": 215, "SEGMENT_ID": 9, "SEGMENT_LENGTH": 9.7048941122010302, "LENGTH_PROPORTION": 0.0018947116677041373, "DIST_TO_SENSOR": 104.84269839784285, "MIDPOINT_X": 357952.63376237464, "MIDPOINT_Y": 170527.17603644365, "SENSOR_X": 358042.0, "SENSOR_Y": 170582.0 }, "geometry": { "type": "LineString", "coordinates": [ [ 357955.449405002058484, 170523.224024421011563 ], [ 357949.818119747273158, 170531.128048466285691 ] ] } },
{ "type": "Feature", "properties": { "JOURNEY_LINK_ID": 200, "SITE_ID": 215, "SEGMENT_ID": 10, "SEGMENT_LENGTH": 30.000000000002185, "LENGTH_PROPORTION": 0.0058569778684825725, "DIST_TO_SENSOR": 119.9826953473129, "MIDPOINT_X": 357935.43812920596, "MIDPOINT_Y": 170526.86004283934, "SENSOR_X": 358042.0, "SENSOR_Y": 170582.0 }, "geometry": { "type": "LineString", "coordinates": [ [ 357949.818119747273158, 170531.128048466285691 ], [ 357921.058138664637227, 170522.592037212394644 ] ] } },
{ "type": "Feature", "properties": { "JOURNEY_LINK_ID": 200, "SITE_ID": 215, "SEGMENT_ID": 11, "SEGMENT_LENGTH": 19.433423299621371, "LENGTH_PROPORTION": 0.0037940376724909216, "DIST_TO_SENSOR": 144.33404005502246, "MIDPOINT_X": 357911.7430572235, "MIDPOINT_Y": 170519.82730521262, "SENSOR_X": 358042.0, "SENSOR_Y": 170582.0 }, "geometry": { "type": "LineString", "coordinates": [ [ 357921.058138664637227, 170522.592037212394644 ], [ 357902.427975782367866, 170517.062573212839197 ] ] } },
{ "type": "Feature", "properties": { "JOURNEY_LINK_ID": 200, "SITE_ID": 215, "SEGMENT_ID": 12, "SEGMENT_LENGTH": 30.000000000010143, "LENGTH_PROPORTION": 0.005856977868484126, "DIST_TO_SENSOR": 168.17691434859933, "MIDPOINT_X": 357887.50343161094, "MIDPOINT_Y": 170515.55991514289, "SENSOR_X": 358042.0, "SENSOR_Y": 170582.0 }, "geometry": { "type": "LineString", "coordinates": [ [ 357902.427975782367866, 170517.062573212839197 ], [ 357872.578887439507525, 170514.057257072941866 ] ] } },
{ "type": "Feature", "properties": { "JOURNEY_LINK_ID": 200, "SITE_ID": 215, "SEGMENT_ID": 13, "SEGMENT_LENGTH": 29.999999999985995, "LENGTH_PROPORTION": 0.0058569778684794118, "DIST_TO_SENSOR": 197.25558443919013, "MIDPOINT_X": 357857.82531272946, "MIDPOINT_Y": 170511.36395989833, "SENSOR_X": 358042.0, "SENSOR_Y": 170582.0 }, "geometry": { "type": "LineString", "coordinates": [ [ 357872.578887439507525, 170514.057257072941866 ], [ 357871.813754727656487, 170513.98022069374565 ], [ 357843.080976703378838, 170508.60632410843391 ] ] } },
{ "type": "Feature", "properties": { "JOURNEY_LINK_ID": 200, "SITE_ID": 215, "SEGMENT_ID": 14, "SEGMENT_LENGTH": 29.999999999978577, "LENGTH_PROPORTION": 0.0058569778684779633, "DIST_TO_SENSOR": 226.82824645063235, "MIDPOINT_X": 357828.3366406773, "MIDPOINT_Y": 170505.84868831854, "SENSOR_X": 358042.0, "SENSOR_Y": 170582.0 }, "geometry": { "type": "LineString", "coordinates": [ [ 357843.080976703378838, 170508.60632410843391 ], [ 357813.592304651218001, 170503.091052528645378 ] ] } },
{ "type": "Feature", "properties": { "JOURNEY_LINK_ID": 200, "SITE_ID": 215, "SEGMENT_ID": 15, "SEGMENT_LENGTH": 30.000000000041144, "LENGTH_PROPORTION": 0.0058569778684901784, "DIST_TO_SENSOR": 256.50017774514959, "MIDPOINT_X": 357798.84796862514, "MIDPOINT_Y": 170500.33341673872, "SENSOR_X": 358042.0, "SENSOR_Y": 170582.0 }, "geometry": { "type": "LineString", "coordinates": [ [ 357813.592304651218001, 170503.091052528645378 ], [ 357784.103632598998956, 170497.575780948827742 ] ] } },
{ "type": "Feature", "properties": { "JOURNEY_LINK_ID": 200, "SITE_ID": 215, "SEGMENT_ID": 16, "SEGMENT_LENGTH": 28.737386655654451, "LENGTH_PROPORTION": 0.005610474588006076, "DIST_TO_SENSOR": 285.61410720984145, "MIDPOINT_X": 357769.97984308691, "MIDPOINT_Y": 170494.93420608382, "SENSOR_X": 358042.0, "SENSOR_Y": 170582.0 }, "geometry": { "type": "LineString", "coordinates": [ [ 357784.103632598998956, 170497.575780948827742 ], [ 357755.856053574825637, 170492.292631218821043 ] ] } },
{ "type": "Feature", "properties": { "JOURNEY_LINK_ID": 205, "SITE_ID": 270, "SEGMENT_ID": 0, "SEGMENT_LENGTH": 29.999999999986901, "LENGTH_PROPORTION": 0.012525513306303367, "DIST_TO_SENSOR": 284.78237689231975, "MIDPOINT_X": 360649.22730241215, "MIDPOINT_Y": 169894.76989457782, "SENSOR_X": 360903.0, "SENSOR_Y": 170024.0 }, "geometry": { "type": "LineString", "coordinates": [ [ 360635.33905464381678, 169889.102745918586152 ], [ 360663.115550180431455, 169900.437043237063335 ] ] } },
{ "type": "Feature", "properties": { "JOURNEY_LINK_ID": 205, "SITE_ID": 270, "SEGMENT_ID": 1, "SEGMENT_LENGTH": 30.000000000040796, "LENGTH_PROPORTION": 0.012525513306325868, "DIST_TO_SENSOR": 254.89940154893523, "MIDPOINT_X": 360677.00379794877, "MIDPOINT_Y": 169906.1041918963, "SENSOR_X": 360903.0, "SENSOR_Y": 170024.0 }, "geometry": { "type": "LineString", "coordinates": [ [ 360663.115550180431455, 169900.437043237063335 ], [ 360690.892045717104338, 169911.771340555540519 ] ] } },
{ "type": "Feature", "properties": { "JOURNEY_LINK_ID": 205, "SITE_ID": 270, "SEGMENT_ID": 2, "SEGMENT_LENGTH": 29.999999999975905, "LENGTH_PROPORTION": 0.012525513306298775, "DIST_TO_SENSOR": 225.04756748646722, "MIDPOINT_X": 360704.78029348538, "MIDPOINT_Y": 169917.43848921475, "SENSOR_X": 360903.0, "SENSOR_Y": 170024.0 }, "geometry": { "type": "LineString", "coordinates": [ [ 360690.892045717104338, 169911.771340555540519 ], [ 360718.668541253719013, 169923.105637873988599 ] ] } },
{ "type": "Feature", "properties": { "JOURNEY_LINK_ID": 205, "SITE_ID": 270, "SEGMENT_ID": 3, "SEGMENT_LENGTH": 29.999999999986901, "LENGTH_PROPORTION": 0.012525513306303367, "DIST_TO_SENSOR": 195.24115947493868, "MIDPOINT_X": 360732.55678902206, "MIDPOINT_Y": 169928.77278653323, "SENSOR_X": 360903.0, "SENSOR_Y": 170024.0 }, "geometry": { "type": "LineString", "coordinates": [ [ 360718.668541253719013, 169923.105637873988599 ], [ 360746.445036790333688, 169934.439935192465782 ] ] } },
{ "type": "Feature", "properties": { "JOURNEY_LINK_ID": 205, "SITE_ID": 270, "SEGMENT_ID": 4, "SEGMENT_LENGTH": 29.999999999986901, "LENGTH_PROPORTION": 0.012525513306303367, "DIST_TO_SENSOR": 165.50472221268782, "MIDPOINT_X": 360760.33328455861, "MIDPOINT_Y": 169940.1070838517, "SENSOR_X": 360903.0, "SENSOR_Y": 170024.0 }, "geometry": { "type": "LineString", "coordinates": [ [ 360746.445036790333688, 169934.439935192465782 ], [ 360774.221532326948363, 169945.774232510942966 ] ] } },
{ "type": "Feature", "properties": { "JOURNEY_LINK_ID": 205, "SITE_ID": 270, "SEGMENT_ID": 5, "SEGMENT_LENGTH": 30.000000000040796, "LENGTH_PROPORTION": 0.012525513306325868, "DIST_TO_SENSOR": 135.88419995071061, "MIDPOINT_X": 360788.10978009528, "MIDPOINT_Y": 169951.44138117018, "SENSOR_X": 360903.0, "SENSOR_Y": 170024.0 }, "geometry": { "type": "LineString", "coordinates": [ [ 360774.221532326948363, 169945.774232510942966 ], [ 360801.998027863621246, 169957.108529829420149 ] ] } },
{ "type": "Feature", "properties": { "JOURNEY_LINK_ID": 205, "SITE_ID": 270, "SEGMENT_ID": 6, "SEGMENT_LENGTH": 29.999999999986901, "LENGTH_PROPORTION": 0.012525513306303367, "DIST_TO_SENSOR": 106.47637539752813, "MIDPOINT_X": 360815.88627563196, "MIDPOINT_Y": 169962.77567848866, "SENSOR_X": 360903.0, "SENSOR_Y": 170024.0 }, "geometry": { "type": "LineString", "coordinates": [ [ 360801.998027863621246, 169957.108529829420149 ], [ 360829.774523400235921, 169968.442827147897333 ] ] } },
{ "type": "Feature", "properties": { "JOURNEY_LINK_ID": 205, "SITE_ID": 270, "SEGMENT_ID": 7, "SEGMENT_LENGTH": 29.999999999973085, "LENGTH_PROPORTION": 0.012525513306297599, "DIST_TO_SENSOR": 77.31622301844854, "MIDPOINT_X": 360843.36201336357, "MIDPOINT_Y": 169974.79523507025, "SENSOR_X": 360903.0, "SENSOR_Y": 170024.0 }, "geometry": { "type": "LineString", "coordinates": [ [ 360829.774523400235921, 169968.442827147897333 ], [ 360830.413975788629614, 169968.703757958312053 ], [ 360851.348923777462915, 169978.552722002146766 ], [ 360856.965807536267675, 169981.114182490593521 ] ] } },
{ "type": "Feature", "properties": { "JOURNEY_LINK_ID": 205, "SITE_ID": 270, "SEGMENT_ID": 8, "SEGMENT_LENGTH": 30.000000000024979, "LENGTH_PROPORTION": 0.012525513306319265, "DIST_TO_SENSOR": 48.918061798615675, "MIDPOINT_X": 360870.61366829067, "MIDPOINT_Y": 169987.33799939248, "SENSOR_X": 360903.0, "SENSOR_Y": 170024.0 }, "geometry": { "type": "LineString", "coordinates": [ [ 360856.965807536267675, 169981.114182490593521 ], [ 360884.261529045121279, 169993.561816294357413 ] ] } },
{ "type": "Feature", "properties": { "JOURNEY_LINK_ID": 205, "SITE_ID": 270, "SEGMENT_ID": 9, "SEGMENT_LENGTH": 30.000000000015802, "LENGTH_PROPORTION": 0.012525513306315433, "DIST_TO_SENSOR": 24.736430352341113, "MIDPOINT_X": 360897.90564567578, "MIDPOINT_Y": 169999.79383259176, "SENSOR_X": 360903.0, "SENSOR_Y": 170024.0 }, "geometry": { "type": "LineString", "coordinates": [ [ 360884.261529045121279, 169993.561816294357413 ], [ 360889.725061970297247, 169996.053344393556472 ], [ 360906.471150027937256, 170003.710321817256045 ], [ 360911.416351984837092, 170006.298553520435235 ] ] } },
{ "type": "Feature", "properties": { "JOURNEY_LINK_ID": 205, "SITE_ID": 270, "SEGMENT_ID": 10, "SEGMENT_LENGTH": 29.999999999977746, "LENGTH_PROPORTION": 0.012525513306299543, "DIST_TO_SENSOR": 24.220409348899437, "MIDPOINT_X": 360924.70614350069, "MIDPOINT_Y": 170013.25423044377, "SENSOR_X": 360903.0, "SENSOR_Y": 170024.0 }, "geometry": { "type": "LineString", "coordinates": [ [ 360911.416351984837092, 170006.298553520435235 ], [ 360921.131445723411161, 170011.383262665360235 ], [ 360937.885989380185492, 170020.152454713708721 ], [ 360937.988841942336876, 170020.221810277551413 ] ] } },
{ "type": "Feature", "properties": { "JOURNEY_LINK_ID": 205, "SITE_ID": 270, "SEGMENT_ID": 11, "SEGMENT_LENGTH": 29.999999999979494, "LENGTH_PROPORTION": 0.012525513306300274, "DIST_TO_SENSOR": 47.648837634088125, "MIDPOINT_X": 360950.42549097451, "MIDPOINT_Y": 170028.60809436825, "SENSOR_X": 360903.0, "SENSOR_Y": 170024.0 }, "geometry": { "type": "LineString", "coordinates": [ [ 360937.988841942336876, 170020.221810277551413 ], [ 360952.563386257563252, 170030.049720416660421 ], [ 360962.719908219296485, 170037.200780880026286 ] ] } },
{ "type": "Feature", "properties": { "JOURNEY_LINK_ID": 205, "SITE_ID": 270, "SEGMENT_ID": 12, "SEGMENT_LENGTH": 30.00000000004729, "LENGTH_PROPORTION": 0.012525513306328579, "DIST_TO_SENSOR": 75.223905934263584, "MIDPOINT_X": 360974.98479988507, "MIDPOINT_Y": 170045.8363140093, "SENSOR_X": 360903.0, "SENSOR_Y": 170024.0 }, "geometry": { "type": "LineString", "coordinates": [ [ 360962.719908219296485, 170037.200780880026286 ], [ 360979.128352672152687, 170048.753729697957169 ], [ 360987.415098768717144, 170054.229389601503499 ] ] } },
{ "type": "Feature", "properties": { "JOURNEY_LINK_ID": 205, "SITE_ID": 270, "SEGMENT_ID": 13, "SEGMENT_LENGTH": 29.999999999977486, "LENGTH_PROPORTION": 0.012525513306299436, "DIST_TO_SENSOR": 104.29543967802361, "MIDPOINT_X": 360999.92978934542, "MIDPOINT_Y": 170062.49876199418, "SENSOR_X": 360903.0, "SENSOR_Y": 170024.0 }, "geometry": { "type": "LineString", "coordinates": [ [ 360987.415098768717144, 170054.229389601503499 ], [ 361012.444479922123719, 170070.768134386889869 ] ] } },
{ "type": "Feature", "properties": { "JOURNEY_LINK_ID": 205, "SITE_ID": 270, "SEGMENT_ID": 14, "SEGMENT_LENGTH": 29.999999999985768, "LENGTH_PROPORTION": 0.012525513306302893, "DIST_TO_SENSOR": 133.80202188784074, "MIDPOINT_X": 361024.95677521982, "MIDPOINT_Y": 170079.04113043222, "SENSOR_X": 360903.0, "SENSOR_Y": 170024.0 }, "geometry": { "type": "LineString", "coordinates": [ [ 361012.444479922123719, 170070.768134386889869 ], [ 361014.070328112575226, 170071.842451331322081 ], [ 361037.46871287067188, 170087.314667536789784 ] ] } },
{ "type": "Feature", "properties": { "JOURNEY_LINK_ID": 205, "SITE_ID": 270, "SEGMENT_ID": 15, "SEGMENT_LENGTH": 30.000000000032639, "LENGTH_PROPORTION": 0.012525513306322462, "DIST_TO_SENSOR": 163.48756121340799, "MIDPOINT_X": 361049.98065052152, "MIDPOINT_Y": 170095.58820464139, "SENSOR_X": 360903.0, "SENSOR_Y": 170024.0 }, "geometry": { "type": "LineString", "coordinates": [ [ 361037.46871287067188, 170087.314667536789784 ], [ 361062.289729987853207, 170103.727601474209223 ], [ 361062.499234147893731, 170103.85110476356931 ] ] } },
{ "type": "Feature", "properties": { "JOURNEY_LINK_ID": 205, "SITE_ID": 270, "SEGMENT_ID": 16, "SEGMENT_LENGTH": 29.999999999987168, "LENGTH_PROPORTION": 0.012525513306303478, "DIST_TO_SENSOR": 193.31265868917896, "MIDPOINT_X": 361075.29491143255, "MIDPOINT_Y": 170111.65983974392, "SENSOR_X": 360903.0, "SENSOR_Y": 170024.0 }, "geometry": { "type": "LineString", "coordinates": [ [ 361062.499234147893731, 170103.85110476356931 ], [ 361073.464829123055097, 170110.315353727201 ], [ 361083.953079119150061, 170118.020638558722567 ], [ 361087.544248397636693, 170120.305581413791515 ] ] } },
{ "type": "Feature", "properties": { "JOURNEY_LINK_ID": 205, "SITE_ID": 270, "SEGMENT_ID": 17, "SEGMENT_LENGTH": 29.999999999998941, "LENGTH_PROPORTION": 0.012525513306308394, "DIST_TO_SENSOR": 223.1104901446262, "MIDPOINT_X": 361100.1997240599, "MIDPOINT_Y": 170128.3578441866, "SENSOR_X": 360903.0, "SENSOR_Y": 170024.0 }, "geometry": { "type": "LineString", "coordinates": [ [ 361087.544248397636693, 170120.305581413791515 ], [ 361112.8551997221075, 170136.410106959432596 ] ] } },
{ "type": "Feature", "properties": { "JOURNEY_LINK_ID": 205, "SITE_ID": 270, "SEGMENT_ID": 18, "SEGMENT_LENGTH": 29.999999999998941, "LENGTH_PROPORTION": 0.012525513306308394, "DIST_TO_SENSOR": 253.02605237701718, "MIDPOINT_X": 361125.51067538431, "MIDPOINT_Y": 170144.46236973227, "SENSOR_X": 360903.0, "SENSOR_Y": 170024.0 }, "geometry": { "type": "LineString", "coordinates": [ [ 361112.8551997221075, 170136.410106959432596 ], [ 361138.166151046578307, 170152.514632505073678 ] ] } },
{ "type": "Feature", "properties": { "JOURNEY_LINK_ID": 205, "SITE_ID": 270, "SEGMENT_ID": 19, "SEGMENT_LENGTH": 29.999999999984929, "LENGTH_PROPORTION": 0.012525513306302543, "DIST_TO_SENSOR": 282.9705878818923, "MIDPOINT_X": 361151.02273059002, "MIDPOINT_Y": 170160.22436902733, "SENSOR_X": 360903.0, "SENSOR_Y": 170024.0 }, "geometry": { "type": "LineString", "coordinates": [ [ 361138.166151046578307, 170152.514632505073678 ], [ 361146.135747799940873, 170157.585424703196622 ], [ 361164.221341344644316, 170167.351547581813065 ] ] } },
{ "type": "Feature", "properties": { "JOURNEY_LINK_ID": 205, "SITE_ID": 270, "SEGMENT_ID": 20, "SEGMENT_LENGTH": 1.8860899809000702, "LENGTH_PROPORTION": 0.00078747483842198692, "DIST_TO_SENSOR": 298.91324907115245, "MIDPOINT_X": 361165.05113359482, "MIDPOINT_Y": 170167.79963091726, "SENSOR_X": 360903.0, "SENSOR_Y": 170024.0 }, "geometry": { "type": "LineString", "coordinates": [ [ 361164.221341344644316, 170167.351547581813065 ], [ 361165.880925845063757, 170168.247714252705919 ] ] } },
{ "type": "Feature", "properties": { "JOURNEY_LINK_ID": 230, "SITE_ID": 203, "SEGMENT_ID": 0, "SEGMENT_LENGTH": 26.09038462504801, "LENGTH_PROPORTION": 0.010309891889090924, "DIST_TO_SENSOR": 148.79918478145231, "MIDPOINT_X": 361216.67255829019, "MIDPOINT_Y": 171422.31412516563, "SENSOR_X": 361178.0, "SENSOR_Y": 171566.0 }, "geometry": { "type": "LineString", "coordinates": [ [ 361215.03300841973396, 171435.255876155861188 ], [ 361218.312108160636853, 171409.372374175407458 ] ] } },
{ "type": "Feature", "properties": { "JOURNEY_LINK_ID": 230, "SITE_ID": 203, "SEGMENT_ID": 1, "SEGMENT_LENGTH": 30.000000000015717, "LENGTH_PROPORTION": 0.01185481782341952, "DIST_TO_SENSOR": 176.67316122208604, "MIDPOINT_X": 361223.37967583415, "MIDPOINT_Y": 171395.25430922746, "SENSOR_X": 361178.0, "SENSOR_Y": 171566.0 }, "geometry": { "type": "LineString", "coordinates": [ [ 361218.312108160636853, 171409.372374175407458 ], [ 361225.117408130434342, 171390.413048290996812 ], [ 361228.563277068431489, 171381.178716503083706 ] ] } },
{ "type": "Feature", "properties": { "JOURNEY_LINK_ID": 230, "SITE_ID": 203, "SEGMENT_ID": 2, "SEGMENT_LENGTH": 29.999999999992248, "LENGTH_PROPORTION": 0.011854817823410246, "DIST_TO_SENSOR": 206.54328692782479, "MIDPOINT_X": 361233.92853921256, "MIDPOINT_Y": 171367.17312084002, "SENSOR_X": 361178.0, "SENSOR_Y": 171566.0 }, "geometry": { "type": "LineString", "coordinates": [ [ 361228.563277068431489, 171381.178716503083706 ], [ 361232.609251172048971, 171370.336206834123004 ], [ 361239.702750266063958, 171353.329043163656024 ] ] } },
{ "type": "Feature", "properties": { "JOURNEY_LINK_ID": 230, "SITE_ID": 203, "SEGMENT_ID": 3, "SEGMENT_LENGTH": 30.000000000004931, "LENGTH_PROPORTION": 0.011854817823415258, "DIST_TO_SENSOR": 236.30421467345431, "MIDPOINT_X": 361245.80855213472, "MIDPOINT_Y": 171339.63374339396, "SENSOR_X": 361178.0, "SENSOR_Y": 171566.0 }, "geometry": { "type": "LineString", "coordinates": [ [ 361239.702750266063958, 171353.329043163656024 ], [ 361242.847279038804118, 171345.789813962997869 ], [ 361252.310864588245749, 171326.116349682270084 ] ] } },
{ "type": "Feature", "properties": { "JOURNEY_LINK_ID": 230, "SITE_ID": 203, "SEGMENT_ID": 4, "SEGMENT_LENGTH": 29.999999999984265, "LENGTH_PROPORTION": 0.011854817823407091, "DIST_TO_SENSOR": 265.97529715894797, "MIDPOINT_X": 361258.81317704171, "MIDPOINT_Y": 171312.59895597055, "SENSOR_X": 361178.0, "SENSOR_Y": 171566.0 }, "geometry": { "type": "LineString", "coordinates": [ [ 361252.310864588245749, 171326.116349682270084 ], [ 361265.315489495173097, 171299.081562258856138 ] ] } },
{ "type": "Feature", "properties": { "JOURNEY_LINK_ID": 230, "SITE_ID": 203, "SEGMENT_ID": 5, "SEGMENT_LENGTH": 19.011666515224132, "LENGTH_PROPORTION": 0.0075126614352489674, "DIST_TO_SENSOR": 290.26263125658659, "MIDPOINT_X": 361269.43614935997, "MIDPOINT_Y": 171290.51528954547, "SENSOR_X": 361178.0, "SENSOR_Y": 171566.0 }, "geometry": { "type": "LineString", "coordinates": [ [ 361265.315489495173097, 171299.081562258856138 ], [ 361273.556809224770404, 171281.949016832077177 ] ] } }
]
}
