,0
0,5.309946844991445e-10
1,5.309946844991445e-10
2,6.374912388563816e-10
3,5.468290152105388e-10
4,2.1649605300730136e-09
5,4.417585742996617e-10
6,5.006697129331564e-10
7,4.5233046929138343e-10
8,5.468290152105388e-10
9,2.1649605300730136e-09
10,2.1649605300730136e-09
11,4.417585742996617e-10
12,3.6739846308719077e-10
13,3.7094816820833885e-10
14,2.1649605300730136e-09
15,1.0531633618367227
16,6.752701109705067e-05
17,1.0709650498507985e-08
18,0.6429788909358873
19,0.3481288545237358
20,0.0003125976927992579
21,5.6198304170490064e-06
22,1.0531633618367227
23,2.094841207391568e-06
24,1.4959800149524758
25,6.752701109705067e-05
26,1.3654842670313846e-09
27,1.3543826105666887e-09
28,4.665277080768268e-09
29,1.0709650498507985e-08
30,1.1733133295697816e-07
31,1.1986022985287567e-07
32,4.5788680474948696e-08
33,4.5788680474948696e-08
34,4.5788680474948696e-08
35,1.1733133295697816e-07
36,1.1578899970312033e-07
37,8.172890180849263e-08
38,1.0754849440835734e-08
39,1.0754849440835734e-08
40,5.431812626185006e-09
41,5.589373219712908e-09
42,0.035234851038618675
43,3.7453398396304802
44,44.74945532744843
45,5.628678679424277
46,91.71421290732057
47,6.103841495007645e-08
48,2.0053677733855493e-06
49,6.103841495007645e-08
50,2.3115395174386156e-08
51,2.3115395174386156e-08
52,2.8219834970917707e-08
53,3.739395386812353e-09
54,1.7834067391064326e-08
55,1.92575550900427e-09
56,0.09861182178648853
57,0.25266830426810055
58,0.35949385073315065
59,3.7094816820833885e-10
60,5.006697129331564e-10
61,0.35949385073315065
62,0.17876729752053536
63,0.04878862219970316
64,0.04878862219970316
65,0.09170165321397324
66,2.2621872377314022e-10
67,3.125683901528292e-10
68,4.5233046929138343e-10
69,6.802626292459011e-10
70,3.92295765723562e-10
71,3.92295765723562e-10
72,5.994932757339345e-10
73,4.5233046929138343e-10
74,3.92295765723562e-10
75,4.5233046929138343e-10
76,6.802626292459011e-10
77,9.881222420822969e-10
78,2.1322594441744425e-09
79,8.987975667929171e-10
80,1.955882858208168e-09
81,1.8050926715631194e-09
82,1.955882858208168e-09
83,1.4616705352907538e-09
84,1.373460977417748e-09
85,1.6748605175708805e-09
86,1.6748605175708805e-09
87,1.6748605175708805e-09
88,1.8050926715631194e-09
89,1.8050926715631194e-09
90,2.1322594441744425e-09
91,2.3409658320657184e-09
92,2.3409658320657184e-09
93,2.5912328890069802e-09
94,2.3409658320657184e-09
95,2.1322594441744425e-09
96,2.1322594441744425e-09
97,2.1322594441744425e-09
98,2.3409658320657184e-09
99,2.5912328890069802e-09
100,4.374733711436643e-09
101,5.209229831061069e-09
102,1.7321635747867345e-09
103,1.0107127104187736e-09
104,1.3543826105666887e-09
105,1.7321635747867345e-09
106,1.0107127104187736e-09
107,7.876598638384144e-10
108,5.309946844991445e-10
109,1.0991310442964433e-09
110,6.374912388563816e-10
111,5.468290152105388e-10
112,5.468290152105388e-10
113,3.7094816820833885e-10
114,3.7094816820833885e-10
115,3.6739846308719077e-10
116,3.6739846308719077e-10
117,3.6739846308719077e-10
118,3.125683901528292e-10
119,2.2621872377314022e-10
120,3.7525649744849895e-09
121,3.7525649744849895e-09
122,2.7366984621789174e-09
123,2.7366984621789174e-09
124,3.485585052514426e-09
125,7.876598638384144e-10
126,1.0991310442964433e-09
127,1.0107127104187736e-09
128,1.3903935413482184e-09
129,1.0531633618367227
130,0.18572162325042293
131,1.0531633618367227
132,0.35949385073315065
133,0.17876729752053536
134,3.7094816820833885e-10
135,0.25266830426810055
136,0.35949385073315065
137,1.1045691816766311e-09
138,0.02814698778616741
139,2.2621872377314022e-10
140,1.9880342850378666e-10
141,1.9880342850378666e-10
142,0.04878862219970316
143,0.04878862219970316
144,0.036097695403720036
145,0.036097695403720036
146,0.026962724097509258
147,0.001529702044322288
148,0.002653418772670274
149,0.001529702044322288
150,3.73952748340861e-10
151,0.001529702044322288
152,0.001529702044322288
153,0.09170165321397324
154,0.09170165321397324
155,7.876598638384144e-10
156,1.0754849440835734e-08
157,5.938662789084879e-08
158,4.417585742996617e-10
159,3.7094816820833885e-10
160,2.6126427581992604e-10
161,9.175657408248993e-10
162,6.802626292459011e-10
163,4.5233046929138343e-10
164,3.125683901528292e-10
165,3.0732137608778376e-10
166,0.25266830426810055
167,0.25266830426810055
168,3.125683901528292e-10
169,4.417585742996617e-10
170,1.3543826105666887e-09
171,4.417585742996617e-10
172,5.006697129331564e-10
173,7.876598638384144e-10
174,2.094841207391568e-06
175,2.094841207391568e-06
176,0.7363033140012959
177,0.09861182178648853
178,0.052486920695188524
179,2.2621872377314022e-10
180,2.6126427581992604e-10
181,3.7094816820833885e-10
182,3.6739846308719077e-10
183,5.309946844991445e-10
184,1.7321635747867345e-09
185,9.528702690196909e-10
186,5.938662789084879e-08
187,0.7363033140012959
188,8.196553497867137e-08
189,8.196553497867137e-08
190,1.3903935413482184e-09
191,1.6761657472467922e-08
192,1.6761657472467922e-08
193,6.701327550031238e-09
194,8.080423457147777e-09
195,6.373274000150564e-09
196,1.3748489294370036e-08
197,8.080423457147777e-09
198,5.209229831061069e-09
199,2.8959964347579184e-09
200,8.708587600740169e-09
201,9.959498920453437e-09
202,1.158077237064948e-08
203,1.158077237064948e-08
204,3.40286922008183e-08
205,8.708587600740169e-09
206,8.708587600740169e-09
207,7.718565392041282e-09
208,9.959498920453437e-09
209,4.374733711436643e-09
210,3.7525649744849895e-09
211,6.373274000150564e-09
212,5.209229831061069e-09
213,7.718565392041282e-09
214,3.40286922008183e-08
215,1.158077237064948e-08
216,6.701327550031238e-09
217,1.9722133049168287
218,1.4959800149524758
219,0.7363033140012959
220,0.3481288545237358
221,8.196553497867137e-08
222,3.739395386812353e-09
223,3.973208741256046e-09
224,4.897383153402769e-10
225,4.897383153402769e-10
226,0.02814698778616741
227,4.417585742996617e-10
228,4.5233046929138343e-10
229,4.5233046929138343e-10
230,2.70786668198813e-10
231,4.5233046929138343e-10
232,3.125683901528292e-10
233,2.3807981285889393e-10
234,2.118976573988146e-10
235,2.5117445710905084e-10
236,4.816204200490557e-10
237,1.955882858208168e-09
238,2.5912328890069802e-09
239,2.8959964347579184e-09
240,2.8959964347579184e-09
241,3.7525649744849895e-09
242,3.2738816291291024e-09
243,3.485585052514426e-09
244,1.8655864901127764e-09
245,3.2738816291291024e-09
246,1.3892123886311504e-09
247,2.8959964347579184e-09
248,1.5959926919715513e-09
249,1.2264188109148626e-09
250,9.175657408248993e-10
251,4.5233046929138343e-10
252,5.994932757339345e-10
253,5.994932757339345e-10
254,6.802626292459011e-10
255,1.2264188109148626e-09
256,1.0954438639371563e-09
257,1.0954438639371563e-09
258,2.5912328890069802e-09
259,2.8959964347579184e-09
260,8.987975667929171e-10
261,8.987975667929171e-10
262,5.346507200049876e-10
263,3.92295765723562e-10
264,2.7672787747696213e-10
265,3.415679117788421e-10
266,6.130267021413371e-10
267,5.755962338453371e-10
268,5.755962338453371e-10
269,6.55380629013078e-10
270,1.5613684305541603e-09
271,7.036545193390562e-10
272,7.591235107668671e-10
273,8.234430759066024e-10
274,4.816204200490557e-10
275,8.987975667929171e-10
276,7.591235107668671e-10
277,9.881222420822969e-10
278,1.8050926715631194e-09
279,1.8050926715631194e-09
280,1.5613684305541603e-09
281,1.955882858208168e-09
282,2.3409658320657184e-09
283,2.5912328890069802e-09
284,3.7525649744849895e-09
285,2.1322594441744425e-09
286,9.881222420822969e-10
287,2.3409658320657184e-09
288,2.1322594441744425e-09
289,1.955882858208168e-09
290,1.6748605175708805e-09
291,4.499824291276778e-09
292,1.955882858208168e-09
293,1.955882858208168e-09
294,5.709483769161809e-09
295,5.709483769161809e-09
296,6.918275713254405e-09
297,6.25971909328403e-09
298,6.25971909328403e-09
299,6.25971909328403e-09
300,8.708587600740169e-09
301,7.718565392041282e-09
302,7.718565392041282e-09
303,7.718565392041282e-09
304,8.708587600740169e-09
305,8.708587600740169e-09
306,4.374733711436643e-09
307,2.7366984621789174e-09
308,1.7321635747867345e-09
309,6.752701109705067e-05
310,0.7363033140012959
311,2.1649605300730136e-09
312,0.5139378039485468
313,0.09861182178648853
314,0.09861182178648853
315,0.015262019977807646
316,0.002653418772670274
317,0.026962724097509258
318,1.3171721706404764e-10
319,1.5898623540648737e-10
320,2.3807981285889393e-10
321,5.994932757339345e-10
322,2.8959964347579184e-09
323,2.8959964347579184e-09
324,2.5912328890069802e-09
325,2.1322594441744425e-09
326,2.5671577789898488e-08
327,8.708587600740169e-09
328,6.918275713254405e-09
329,6.918275713254405e-09
330,7.718565392041282e-09
331,3.2738816291291024e-09
332,4.374733711436643e-09
333,3.7525649744849895e-09
334,5.209229831061069e-09
335,3.7525649744849895e-09
336,3.2738816291291024e-09
337,2.8959964347579184e-09
338,2.5912328890069802e-09
339,7.718565392041282e-09
340,1.5959926919715513e-09
341,6.802626292459011e-10
342,9.175657408248993e-10
343,1.0954438639371563e-09
344,3.2738816291291024e-09
345,4.374733711436643e-09
346,3.2738816291291024e-09
347,2.7366984621789174e-09
348,2.2284617357793447e-09
349,2.7366984621789174e-09
350,2.2284617357793447e-09
351,2.2284617357793447e-09
352,3.7525649744849895e-09
353,3.485585052514426e-09
354,2.7366984621789174e-09
355,1.3903935413482184e-09
356,5.938662789084879e-08
357,1.4959800149524758
358,122.06052524472999
359,59.340269125251076
360,5.484642238617676
361,11.645342715897549
362,3.052721150187646
363,0.9742233592436702
364,2.647933516562444
365,2.023280248104495
366,0.004062792464940234
367,0.0007416238801391625
368,7.270396141802273e-05
369,7.270396141802273e-05
370,5.9435422459833635e-06
371,5.9435422459833635e-06
372,5.9435422459833635e-06
373,0.003152533978270389
374,2.5158290831661758e-05
375,0.0002658615654312196
376,0.0004897325801265481
377,0.0002817649173628776
378,1.2128283260593096e-06
379,12.127319001269731
380,3.0156031169886985e-05
381,9.398768286047324e-07
382,1.6825442337915603e-07
383,44.74945532744843
384,2.2899119258927567
385,376.7126390484861
386,633.9605302405665
387,275.22238759062867
388,44.74945532744843
389,583.9230297157379
390,40.04368335914329
391,57.517396275152834
392,69.9980007094268
393,15.69787608125779
394,392.2641429239634
395,5.788244849976247
396,4.554758677666256
397,2.3348273755659474
398,0.002608335024430013
399,0.007546322205748304
400,3.0156031169886985e-05
401,3.087975706520174e-07
402,3.555934324212227e-06
403,3.087975706520174e-07
404,1.1733133295697816e-07
405,6.259133269873639e-08
406,3.975658067594354e-08
407,3.975658067594354e-08
408,2.116356285399616e-08
409,3.975658067594354e-08
410,1.534105695279004e-08
411,2.8030719197063775e-08
412,2.116356285399616e-08
413,8.172890180849263e-08
414,1.1578899970312033e-07
415,1.1578899970312033e-07
416,2.8030719197063775e-08
417,1.6761657472467922e-08
418,1.1578899970312033e-07
419,1.1578899970312033e-07
420,3.8675696216904056e-07
421,6.182231022652052e-08
422,6.269644095711962e-07
423,2.0349333375485035e-07
424,1.1578899970312033e-07
425,3.975658067594354e-08
426,6.259133269873639e-08
427,1.1578899970312033e-07
428,3.4517256628904857e-07
429,6.259133269873639e-08
430,1.0754849440835734e-08
431,1.1578899970312033e-07
432,1.825317495327987e-07
433,6.200981282044222e-07
434,1.825317495327987e-07
435,2.4303676672299248e-08
436,2.4303676672299248e-08
437,6.259133269873639e-08
438,3.4517256628904857e-07
439,0.4245296695904832
440,0.6605328481646798
441,152.02291115748434
442,0.1071885291448831
443,1.1986022985287567e-07
444,1.2128283260593096e-06
445,2.652224466702408e-06
446,2.652224466702408e-06
447,1.5925814230480148e-06
448,6.200981282044222e-07
449,0.002608335024430013
450,0.0001634125813479309
451,3.0156031169886985e-05
452,3.0156031169886985e-05
453,3.4517256628904857e-07
454,3.4517256628904857e-07
455,6.259133269873639e-08
456,1.1733133295697816e-07
457,2.116356285399616e-08
458,2.8030719197063775e-08
459,2.4303676672299248e-08
460,1.534105695279004e-08
461,3.975658067594354e-08
462,1.1578899970312033e-07
463,1.1578899970312033e-07
464,3.975658067594354e-08
465,1.825317495327987e-07
466,6.259133269873639e-08
467,1.534105695279004e-08
468,3.4517256628904857e-07
469,1.2128283260593096e-06
470,3.555934324212227e-06
471,3.4398399605017355e-05
472,3.4517256628904857e-07
473,9.398768286047324e-07
474,3.555934324212227e-06
475,1.7741210622100878e-05
476,0.09397019209391112
477,4.855089046808215
478,107.2743284566132
479,3.7705159510712307
480,92.01152474416733
481,189.04001809425114
482,15.69787608125779
483,17.091932512210835
484,50.298601395752854
485,92.01152474416733
486,152.02291115748434
487,271.1560061739212
488,210.33374762175126
489,160.804559193147
490,123.35789860578016
491,91.71421290732057
492,278.66124585350525
493,91.71421290732057
494,310.895497572243
495,156.16847869608102
496,91.71421290732057
497,72.59564647117998
498,1.1518577754103743
499,210.33374762175126
500,392.2641429239634
501,210.33374762175126
502,122.06052524472999
503,122.06052524472999
504,310.895497572243
505,275.22238759062867
506,275.22238759062867
507,275.22238759062867
508,275.22238759062867
509,275.22238759062867
510,275.22238759062867
511,275.22238759062867
512,275.22238759062867
513,275.22238759062867
514,275.22238759062867
515,2.0160278858747746e-05
516,9.348491371942475e-07
517,2.8219834970917707e-08
518,2.8219834970917707e-08
519,1.2164094523219897e-08
520,2.3115395174386156e-08
521,2.0053677733855493e-06
522,5.473573402829054e-08
523,1.1640468647166466e-08
524,2.0053677733855493e-06
525,0.00012168000601412643
526,5.473573402829054e-08
527,2.3115395174386156e-08
528,6.103841495007645e-08
529,0.01040336961582853
530,0.8897300759593274
531,0.00012168000601412643
532,122.06052524472999
533,271.1560061739212
534,210.33374762175126
535,122.06052524472999
536,178.5157618519281
537,122.06052524472999
538,122.06052524472999
539,0.00012168000601412643
540,0.8897300759593274
541,2.0053677733855493e-06
542,2.3115395174386156e-08
543,0.011858486689460417
544,271.1560061739212
545,210.33374762175126
546,210.33374762175126
547,178.5157618519281
548,532.9506059879187
549,310.895497572243
550,310.895497572243
551,310.895497572243
552,583.9230297157379
553,392.2641429239634
554,310.895497572243
555,44.74945532744843
556,633.9605302405665
557,340.5001782420814
558,152.02291115748434
559,0.0095120786062911
560,633.9605302405665
561,8.858738421677122
562,1.9777830903337277
563,0.8897300759593274
564,2.0160278858747746e-05
565,376.7126390484861
566,0.00011648409087849211
567,0.048982893376135705
568,86.60453714383172
569,6.56049521755229
570,0.3832824608648755
571,0.10745631794089423
572,0.030959600555135462
573,0.0095120786062911
574,57.517396275152834
575,86.60453714383172
576,583.9230297157379
577,44.74945532744843
578,275.22238759062867
579,0.003165389900431905
580,0.10745631794089423
581,1.1186375869366148e-05
582,5.090511267163168e-06
583,0.035234851038618675
584,7.18620829169508e-07
585,5.384736361024744e-08
586,2.4303676672299248e-08
587,3.975658067594354e-08
588,1.0754849440835734e-08
589,2.116356285399616e-08
590,1.534105695279004e-08
591,6.701327550031238e-09
592,1.1733133295697816e-07
593,1.1733133295697816e-07
594,6.259133269873639e-08
595,9.398768286047324e-07
596,2.3348273755659474
597,1.1063403926847393
598,3.9541644896985497
599,3.3757061750390367
600,1.841619920514153
601,107.39944941742105
602,7.631912748282793
603,15.69787608125779
604,3.7705159510712307
605,2.3348273755659474
606,4.855089046808215
607,1.4758122458044296
608,1.841619920514153
609,2.3348273755659474
610,0.5180445780745008
611,2.647933516562444
612,3.7705159510712307
613,2.3348273755659474
614,24.72755827843379
615,22.474650943806477
616,64.9243605637188
617,3.7705159510712307
618,3.217438588318973
619,2.3348273755659474
620,2.3348273755659474
621,3.9541644896985497
622,2.3348273755659474
623,3.9541644896985497
624,3.1263212956374247
625,1.4758122458044296
626,0.029589682792164097
627,0.8387387311661126
628,2.3348273755659474
629,3.217438588318973
630,3.655857653680356
631,39.226498455042844
632,80.76214075373672
633,3.7705159510712307
634,3.217438588318973
635,3.217438588318973
636,80.76214075373672
637,1.841619920514153
638,2.4872195010994513
639,3.052721150187646
640,3.052721150187646
641,72.00204634254263
642,4.817042442612778
643,2.3348273755659474
644,3.3757061750390367
645,15.69787608125779
646,3.1263212956374247
647,4.855089046808215
648,4.855089046808215
649,1.4758122458044296
650,4.855089046808215
651,0.47864847667471133
652,0.0095120786062911
653,7.18620829169508e-07
654,3.087975706520174e-07
655,3.4517256628904857e-07
656,3.4517256628904857e-07
657,1.1733133295697816e-07
658,1.1733133295697816e-07
659,2.4303676672299248e-08
660,3.975658067594354e-08
661,1.534105695279004e-08
662,2.4303676672299248e-08
663,2.4303676672299248e-08
664,4.5788680474948696e-08
665,4.5788680474948696e-08
666,4.5788680474948696e-08
667,1.1733133295697816e-07
668,3.087975706520174e-07
669,1.1986022985287567e-07
670,5.384736361024744e-08
671,5.384736361024744e-08
672,2.799970821309973e-08
673,6.266983536156406e-09
674,5.431812626185006e-09
675,4.5788680474948696e-08
676,2.0390222608394408e-08
677,1.0709650498507985e-08
678,1.0459686018652724e-08
679,5.431812626185006e-09
680,4.665277080768268e-09
681,6.701327550031238e-09
682,3.485585052514426e-09
683,1.7321635747867345e-09
684,3.485585052514426e-09
685,2.7366984621789174e-09
686,2.8959964347579184e-09
687,3.7525649744849895e-09
688,4.374733711436643e-09
689,5.209229831061069e-09
690,3.7525649744849895e-09
691,1.158077237064948e-08
692,2.7366984621789174e-09
693,3.7525649744849895e-09
694,6.373274000150564e-09
695,4.374733711436643e-09
696,3.2738816291291024e-09
697,3.7525649744849895e-09
698,3.7525649744849895e-09
699,3.7525649744849895e-09
700,1.3748489294370036e-08
701,5.9435422459833635e-06
702,3.4398399605017355e-05
703,3.4517256628904857e-07
704,4.5788680474948696e-08
705,6.259133269873639e-08
706,6.701327550031238e-09
707,8.080423457147777e-09
708,2.8030719197063775e-08
709,1.3748489294370036e-08
710,1.6761657472467922e-08
711,1.1578899970312033e-07
712,1.0860131863362427e-06
713,5.5077944412347675e-06
714,0.0009127810565195474
715,9.398768286047324e-07
716,0.01161591901990271
717,5.090511267163168e-06
718,6.266983536156406e-09
719,3.36966534453326e-09
720,3.485585052514426e-09
721,5.209229831061069e-09
722,4.374733711436643e-09
723,5.209229831061069e-09
724,2.7366984621789174e-09
725,3.7525649744849895e-09
726,2.2284617357793447e-09
727,2.8959964347579184e-09
728,3.2738816291291024e-09
729,3.2738816291291024e-09
730,3.2738816291291024e-09
731,3.7525649744849895e-09
732,1.3748489294370036e-08
733,3.40286922008183e-08
734,1.3201776964370702e-07
735,3.40286922008183e-08
736,4.9063738811726574e-08
737,6.182231022652052e-08
738,6.182231022652052e-08
739,2.116356285399616e-08
740,1.6761657472467922e-08
741,4.374733711436643e-09
742,5.209229831061069e-09
743,1.158077237064948e-08
744,8.080423457147777e-09
745,4.665277080768268e-09
746,5.209229831061069e-09
747,3.7525649744849895e-09
748,3.2738816291291024e-09
749,3.2738816291291024e-09
750,8.708587600740169e-09
751,9.959498920453437e-09
752,6.373274000150564e-09
753,2.8030719197063775e-08
754,6.373274000150564e-09
755,1.6761657472467922e-08
756,3.40286922008183e-08
757,1.3748489294370036e-08
758,3.7525649744849895e-09
759,1.158077237064948e-08
760,4.374733711436643e-09
761,5.209229831061069e-09
762,3.7525649744849895e-09
763,2.2284617357793447e-09
764,4.374733711436643e-09
765,3.7525649744849895e-09
766,5.209229831061069e-09
767,2.7366984621789174e-09
768,4.374733711436643e-09
769,6.373274000150564e-09
770,3.485585052514426e-09
771,8.080423457147777e-09
772,2.7366984621789174e-09
773,4.374733711436643e-09
774,1.5959926919715513e-09
775,3.2738816291291024e-09
776,2.8959964347579184e-09
777,3.2738816291291024e-09
778,2.8959964347579184e-09
779,2.8959964347579184e-09
780,2.5912328890069802e-09
781,2.5912328890069802e-09
782,2.5912328890069802e-09
783,1.955882858208168e-09
784,2.8959964347579184e-09
785,1.8655864901127764e-09
786,1.8655864901127764e-09
787,1.8655864901127764e-09
788,1.8655864901127764e-09
789,3.2738816291291024e-09
790,3.2738816291291024e-09
791,2.5912328890069802e-09
792,2.1322594441744425e-09
793,2.5912328890069802e-09
794,1.2264188109148626e-09
795,2.8959964347579184e-09
796,4.374733711436643e-09
797,4.374733711436643e-09
798,9.959498920453437e-09
799,8.708587600740169e-09
800,4.374733711436643e-09
801,2.7366984621789174e-09
802,1.8655864901127764e-09
803,2.7366984621789174e-09
804,3.7525649744849895e-09
805,3.7525649744849895e-09
806,2.8959964347579184e-09
807,3.2738816291291024e-09
808,4.374733711436643e-09
809,4.374733711436643e-09
810,6.373274000150564e-09
811,8.080423457147777e-09
812,4.665277080768268e-09
813,4.665277080768268e-09
814,8.080423457147777e-09
815,4.665277080768268e-09
816,4.665277080768268e-09
817,6.701327550031238e-09
818,5.384736361024744e-08
819,1.1986022985287567e-07
820,1.1733133295697816e-07
821,2.4303676672299248e-08
822,1.534105695279004e-08
823,1.534105695279004e-08
824,4.5788680474948696e-08
825,4.5788680474948696e-08
826,5.384736361024744e-08
827,5.090511267163168e-06
828,5.589373219712908e-09
829,5.431812626185006e-09
830,2.4303676672299248e-08
831,6.701327550031238e-09
832,6.701327550031238e-09
833,1.534105695279004e-08
834,8.080423457147777e-09
835,8.080423457147777e-09
836,1.6761657472467922e-08
837,8.080423457147777e-09
838,8.080423457147777e-09
839,1.534105695279004e-08
840,1.825317495327987e-07
841,7.631912748282793
842,3.1263212956374247
843,1.4758122458044296
844,92.01152474416733
845,92.01152474416733
846,130.69533234027398
847,0.029589682792164097
848,2.962525084605525
849,3.052721150187646
850,8.639335135475115
851,8.639335135475115
852,5.788244849976247
853,28.45980202251175
854,111.22813614909784
855,4.855089046808215
856,130.69533234027398
857,5.788244849976247
858,169.80058812546187
859,376.7126390484861
860,210.33374762175126
861,4.291661214027981
862,340.5001782420814
863,189.04001809425114
864,0.0095120786062911
865,44.74945532744843
866,392.2641429239634
867,0.8897300759593274
868,1.9777830903337277
869,178.5157618519281
870,0.8897300759593274
871,0.006325036698882923
872,0.006325036698882923
873,1.9722133049168287
874,2.860964231103859
875,3.7453398396304802
876,0.01040336961582853
877,0.6429788909358873
878,0.0003125976927992579
879,1.4959800149524758
880,2.0946700458701626
881,0.00011648409087849211
882,0.003165389900431905
883,0.01161591901990271
884,0.00542975283897518
885,2.799970821309973e-08
886,583.9230297157379
887,45.293801603329904
888,0.3832824608648755
889,0.2478520449885797
890,2.0160278858747746e-05
891,107.2743284566132
892,413.2440999200212
893,633.9605302405665
894,8.858738421677122
895,4.291661214027981
896,3.114343576656502
897,0.649311804896333
898,152.02291115748434
899,169.80058812546187
900,7.463254764928693
901,12.127319001269731
902,0.47864847667471133
903,1.2824597853196713
904,0.8897300759593274
905,40.04368335914329
906,169.80058812546187
907,376.7126390484861
908,392.2641429239634
909,44.74945532744843
910,0.6605328481646798
911,340.5001782420814
912,340.5001782420814
913,152.02291115748434
914,633.9605302405665
915,275.22238759062867
916,583.9230297157379
917,152.02291115748434
918,152.02291115748434
919,8.858738421677122
920,0.8897300759593274
921,0.0023260893190104512
922,3.7453398396304802
923,0.0003125976927992579
924,0.3481288545237358
925,0.3481288545237358
926,0.3481288545237358
927,1.0531633618367227
928,1.3903935413482184e-09
929,3.222852252368891e-09
930,1.3903935413482184e-09
931,6.752701109705067e-05
932,6.752701109705067e-05
933,1.3903935413482184e-09
934,2.268766395215333e-09
935,1.3903935413482184e-09
936,1.3903935413482184e-09
937,3.36966534453326e-09
938,6.266983536156406e-09
939,1.0459686018652724e-08
940,6.701327550031238e-09
941,5.431812626185006e-09
942,1.0709650498507985e-08
943,1.1986022985287567e-07
944,0.00011648409087849211
945,3.555934324212227e-06
946,3.1263212956374247
947,7.631912748282793
948,92.01152474416733
949,0.029589682792164097
950,0.002608335024430013
951,0.0002817649173628776
952,0.00011648409087849211
953,1.2128283260593096e-06
954,3.087975706520174e-07
955,3.555934324212227e-06
956,3.0156031169886985e-05
957,0.0010102983122056103
958,4.291661214027981
959,4.07118228282138
960,2.2899119258927567
961,2.2899119258927567
962,1.9777830903337277
963,0.6605328481646798
964,1.3566818018436504
965,44.74945532744843
966,0.4245296695904832
967,0.2478520449885797
968,0.035234851038618675
969,2.860964231103859
970,5.589373219712908e-09
971,1.985065380152908e-09
972,6.373274000150564e-09
973,5.209229831061069e-09
974,3.2738816291291024e-09
975,3.7525649744849895e-09
976,6.373274000150564e-09
977,4.665277080768268e-09
978,1.7321635747867345e-09
979,2.7366984621789174e-09
980,3.485585052514426e-09
981,4.665277080768268e-09
982,4.665277080768268e-09
983,5.209229831061069e-09
984,2.116356285399616e-08
985,6.373274000150564e-09
986,1.0754849440835734e-08
987,6.701327550031238e-09
988,8.080423457147777e-09
989,1.0754849440835734e-08
990,4.5788680474948696e-08
991,4.5788680474948696e-08
992,3.0156031169886985e-05
993,5.384736361024744e-08
994,7.18620829169508e-07
995,9.398768286047324e-07
996,3.4517256628904857e-07
997,1.0709650498507985e-08
998,1.1733133295697816e-07
999,0.0001634125813479309
1000,0.0011669554706910997
1001,9.398768286047324e-07
1002,0.006557588903318603
1003,7.463254764928693
1004,86.60453714383172
1005,57.072385622198944
1006,392.2641429239634
1007,392.2641429239634
1008,189.04001809425114
1009,189.04001809425114
1010,189.04001809425114
1011,376.7126390484861
1012,376.7126390484861
1013,376.7126390484861
1014,278.66124585350525
1015,278.66124585350525
1016,392.2641429239634
1017,392.2641429239634
1018,210.33374762175126
1019,0.24783779010086096
1020,1.574979110102823e-07
1021,0.056787866718545646
1022,7.622838924583927e-09
1023,0.056787866718545646
1024,1.7834067391064326e-08
1025,1.574979110102823e-07
1026,0.056787866718545646
1027,2.640719142600979e-06
1028,0.056787866718545646
1029,0.24783779010086096
1030,72.59564647117998
1031,91.71421290732057
1032,1.574979110102823e-07
1033,1.7834067391064326e-08
1034,7.622838924583927e-09
1035,1.2164094523219897e-08
1036,2.3115395174386156e-08
1037,1.7834067391064326e-08
1038,2.8219834970917707e-08
1039,2.640719142600979e-06
1040,0.24783779010086096
1041,0.24783779010086096
1042,1.574979110102823e-07
1043,0.056787866718545646
1044,0.24783779010086096
1045,7.622838924583927e-09
1046,1.7834067391064326e-08
1047,1.574979110102823e-07
1048,0.056787866718545646
1049,2.640719142600979e-06
1050,91.71421290732057
1051,156.16847869608102
1052,1.1518577754103743
1053,2.8219834970917707e-08
1054,9.348491371942475e-07
1055,0.4245296695904832
1056,185.53084865464632
1057,69.9980007094268
1058,189.04001809425114
1059,278.66124585350525
1060,278.66124585350525
1061,122.06052524472999
1062,122.06052524472999
1063,210.33374762175126
1064,0.01040336961582853
1065,6.103841495007645e-08
1066,2.8219834970917707e-08
1067,0.24783779010086096
1068,1.574979110102823e-07
1069,7.622838924583927e-09
1070,8.196553497867137e-08
1071,7.622838924583927e-09
1072,1.7834067391064326e-08
1073,0.24783779010086096
1074,91.71421290732057
1075,123.35789860578016
1076,156.16847869608102
1077,122.06052524472999
1078,156.16847869608102
1079,122.06052524472999
1080,72.59564647117998
1081,271.1560061739212
1082,583.9230297157379
1083,210.33374762175126
1084,0.00012168000601412643
1085,5.628678679424277
1086,9.348491371942475e-07
1087,2.0053677733855493e-06
1088,9.348491371942475e-07
1089,0.2478520449885797
1090,0.0003125976927992579
1091,0.18572162325042293
1092,0.35949385073315065
1093,3.0732137608778376e-10
1094,0.25266830426810055
1095,7.032808057850347e-10
1096,6.373274000150564e-09
1097,3.485585052514426e-09
1098,2.3304307390573853e-09
1099,3.36966534453326e-09
1100,5.589373219712908e-09
1101,2.268766395215333e-09
1102,2.0946700458701626
1103,2.268766395215333e-09
1104,1.4959800149524758
1105,1.4959800149524758
1106,6.103841495007645e-08
1107,0.0003125976927992579
1108,1.0531633618367227
1109,5.006697129331564e-10
1110,5.006697129331564e-10
1111,0.5139378039485468
1112,0.18572162325042293
1113,1.0531633618367227
1114,1.0107127104187736e-09
1115,2.2284617357793447e-09
1116,2.8959964347579184e-09
1117,2.8959964347579184e-09
1118,2.8959964347579184e-09
1119,2.5912328890069802e-09
1120,3.7525649744849895e-09
1121,2.2284617357793447e-09
1122,1.0991310442964433e-09
1123,1.0991310442964433e-09
1124,1.5959926919715513e-09
1125,7.876598638384144e-10
1126,7.83106652456249e-10
1127,1.5959926919715513e-09
1128,1.3892123886311504e-09
1129,1.3892123886311504e-09
1130,1.0954438639371563e-09
1131,8.987975667929171e-10
1132,8.987975667929171e-10
1133,1.2264188109148626e-09
1134,1.0954438639371563e-09
1135,2.3409658320657184e-09
1136,2.1322594441744425e-09
1137,2.3409658320657184e-09
1138,2.3409658320657184e-09
1139,1.955882858208168e-09
1140,1.8050926715631194e-09
1141,2.1322594441744425e-09
1142,2.3409658320657184e-09
1143,6.918275713254405e-09
1144,6.918275713254405e-09
1145,2.5912328890069802e-09
1146,2.8959964347579184e-09
1147,3.7525649744849895e-09
1148,3.2738816291291024e-09
1149,1.5959926919715513e-09
1150,1.3892123886311504e-09
1151,1.0954438639371563e-09
1152,2.1322594441744425e-09
1153,1.2264188109148626e-09
1154,2.8959964347579184e-09
1155,1.3892123886311504e-09
1156,2.5912328890069802e-09
1157,2.5912328890069802e-09
1158,2.3409658320657184e-09
1159,2.1322594441744425e-09
1160,2.3409658320657184e-09
1161,2.5912328890069802e-09
1162,2.3409658320657184e-09
1163,2.1322594441744425e-09
1164,2.3409658320657184e-09
1165,2.3409658320657184e-09
1166,2.3409658320657184e-09
1167,2.5912328890069802e-09
1168,2.3409658320657184e-09
1169,2.3409658320657184e-09
1170,2.8959964347579184e-09
1171,3.2738816291291024e-09
1172,3.2738816291291024e-09
1173,2.2284617357793447e-09
1174,2.7366984621789174e-09
1175,3.7525649744849895e-09
1176,9.959498920453437e-09
1177,4.9063738811726574e-08
1178,6.259133269873639e-08
1179,1.0754849440835734e-08
1180,1.6761657472467922e-08
1181,6.701327550031238e-09
1182,8.080423457147777e-09
1183,8.080423457147777e-09
1184,6.701327550031238e-09
1185,1.534105695279004e-08
1186,1.534105695279004e-08
1187,1.1578899970312033e-07
1188,4.665277080768268e-09
1189,4.374733711436643e-09
1190,1.8655864901127764e-09
1191,1.3892123886311504e-09
1192,1.3892123886311504e-09
1193,2.8959964347579184e-09
1194,4.374733711436643e-09
1195,4.374733711436643e-09
1196,3.2738816291291024e-09
1197,2.8959964347579184e-09
1198,2.8959964347579184e-09
1199,3.2738816291291024e-09
1200,2.8959964347579184e-09
1201,2.8959964347579184e-09
1202,7.718565392041282e-09
1203,2.8959964347579184e-09
1204,1.8655864901127764e-09
1205,1.8655864901127764e-09
1206,1.8655864901127764e-09
1207,1.8655864901127764e-09
1208,4.374733711436643e-09
1209,1.8655864901127764e-09
1210,3.7525649744849895e-09
1211,3.7525649744849895e-09
1212,3.7525649744849895e-09
1213,3.2738816291291024e-09
1214,3.2738816291291024e-09
1215,3.7525649744849895e-09
1216,3.2738816291291024e-09
1217,3.2738816291291024e-09
1218,3.7525649744849895e-09
1219,4.374733711436643e-09
1220,4.374733711436643e-09
1221,4.374733711436643e-09
1222,4.374733711436643e-09
1223,2.7366984621789174e-09
1224,1.534105695279004e-08
1225,6.701327550031238e-09
1226,4.665277080768268e-09
1227,1.0709650498507985e-08
1228,5.431812626185006e-09
1229,1.534105695279004e-08
1230,1.0709650498507985e-08
1231,6.701327550031238e-09
1232,2.4303676672299248e-08
1233,1.0709650498507985e-08
1234,2.0390222608394408e-08
1235,1.701306681554931e-08
1236,2.860964231103859
1237,0.0003125976927992579
1238,1.1537846082485779
1239,2.0946700458701626
1240,2.0946700458701626
1241,0.0002817649173628776
1242,3.555934324212227e-06
1243,2.0390222608394408e-08
1244,0.001801692458455696
1245,2.268766395215333e-09
1246,6.752701109705067e-05
1247,6.752701109705067e-05
1248,2.268766395215333e-09
1249,5.589373219712908e-09
1250,3.222852252368891e-09
1251,3.222852252368891e-09
1252,0.001801692458455696
1253,5.090511267163168e-06
1254,5.589373219712908e-09
1255,0.001801692458455696
1256,1.985065380152908e-09
1257,1.0754849440835734e-08
1258,6.182231022652052e-08
1259,1.3201776964370702e-07
1260,8.028200578903554e-07
1261,5.092760307921811e-07
1262,8.028200578903554e-07
1263,2.0349333375485035e-07
1264,4.278979374060759e-06
1265,50.298601395752854
1266,3.0156031169886985e-05
1267,0.00011648409087849211
1268,0.007546322205748304
1269,6.56049521755229
1270,4.855089046808215
1271,3.1263212956374247
1272,3.217438588318973
1273,3.217438588318973
1274,2.233537943810893
1275,2.233537943810893
1276,2.4872195010994513
1277,2.233537943810893
1278,2.4872195010994513
1279,2.233537943810893
1280,2.1622819246991622
1281,1.9797038669275262
1282,46.31932570089467
1283,2.1622819246991622
1284,18.689498909162072
1285,18.689498909162072
1286,18.689498909162072
1287,22.474650943806477
1288,54.13999303054815
1289,59.06808308579421
1290,80.76214075373672
1291,4.817042442612778
1292,3.7705159510712307
1293,3.7705159510712307
1294,3.7705159510712307
1295,3.1263212956374247
1296,6.56049521755229
1297,0.048982893376135705
1298,0.1071885291448831
1299,9.398768286047324e-07
1300,1.1986022985287567e-07
1301,4.5788680474948696e-08
1302,1.1733133295697816e-07
1303,6.259133269873639e-08
1304,1.1578899970312033e-07
1305,1.825317495327987e-07
1306,6.259133269873639e-08
1307,6.259133269873639e-08
1308,5.5077944412347675e-06
1309,6.56049521755229
1310,1.841619920514153
1311,0.002608335024430013
1312,0.002608335024430013
1313,1.841619920514153
1314,80.76214075373672
1315,3.7705159510712307
1316,1.841619920514153
1317,64.9243605637188
1318,24.72755827843379
1319,59.06808308579421
1320,72.00204634254263
1321,80.76214075373672
1322,3.655857653680356
1323,2.4872195010994513
1324,1.5118810265364664
1325,1.5118810265364664
1326,3.3757061750390367
1327,2.962525084605525
1328,2.8057090092908448
1329,2.4872195010994513
1330,2.1622819246991622
1331,1.9797038669275262
1332,49.938913509024935
1333,49.938913509024935
1334,46.31932570089467
1335,2.1622819246991622
1336,54.13999303054815
1337,20.3026586284705
1338,20.3026586284705
1339,5.484642238617676
1340,8.639335135475115
1341,80.76214075373672
1342,32.46370395685336
1343,72.00204634254263
1344,3.655857653680356
1345,72.00204634254263
1346,80.76214075373672
1347,3.052721150187646
1348,2.1622819246991622
1349,2.384780940252762
1350,54.13999303054815
1351,59.06808308579421
1352,22.474650943806477
1353,24.72755827843379
1354,2.1622819246991622
1355,2.1622819246991622
1356,2.384780940252762
1357,3.84430975270599
1358,21.043208602581057
1359,26.71334351599023
1360,24.987859362846333
1361,27.521320714598136
1362,11.645342715897549
1363,50.298601395752854
1364,57.072385622198944
1365,57.072385622198944
1366,45.86133440083926
1367,17.091932512210835
1368,80.76214075373672
1369,3.655857653680356
1370,3.052721150187646
1371,3.052721150187646
1372,72.00204634254263
1373,3.052721150187646
1374,39.226498455042844
1375,32.46370395685336
1376,27.960736163844242
1377,27.960736163844242
1378,59.06808308579421
1379,22.474650943806477
1380,24.72755827843379
1381,22.474650943806477
1382,54.13999303054815
1383,54.13999303054815
1384,22.474650943806477
1385,64.9243605637188
1386,72.00204634254263
1387,3.052721150187646
1388,64.9243605637188
1389,6.76542599347464
1390,5.484642238617676
1391,8.639335135475115
1392,3.7705159510712307
1393,80.76214075373672
1394,50.298601395752854
1395,107.39944941742105
1396,80.76214075373672
1397,80.76214075373672
1398,7.631912748282793
1399,2.3348273755659474
1400,3.217438588318973
1401,3.217438588318973
1402,3.655857653680356
1403,3.655857653680356
1404,64.9243605637188
1405,59.06808308579421
1406,2.6670630099700774
1407,2.384780940252762
1408,2.026731394369251
1409,2.026731394369251
1410,2.6670630099700774
1411,2.6670630099700774
1412,2.6670630099700774
1413,2.384780940252762
1414,2.1622819246991622
1415,22.474650943806477
1416,20.3026586284705
1417,22.85613995535108
1418,4.552549555748193
1419,6.76542599347464
1420,8.639335135475115
1421,3.7705159510712307
1422,3.655857653680356
1423,72.00204634254263
1424,32.46370395685336
1425,27.960736163844242
1426,24.72755827843379
1427,54.13999303054815
1428,22.474650943806477
1429,54.13999303054815
1430,54.13999303054815
1431,54.13999303054815
1432,20.3026586284705
1433,59.06808308579421
1434,64.9243605637188
1435,3.052721150187646
1436,59.06808308579421
1437,3.655857653680356
1438,64.9243605637188
1439,72.00204634254263
1440,80.76214075373672
1441,72.00204634254263
1442,72.00204634254263
1443,72.00204634254263
1444,80.76214075373672
1445,39.226498455042844
1446,45.86133440083926
1447,40.09456004559261
1448,34.362763805780226
1449,6.76542599347464
1450,64.9243605637188
1451,22.474650943806477
1452,2.6670630099700774
1453,54.13999303054815
1454,2.384780940252762
1455,2.1622819246991622
1456,2.1622819246991622
1457,2.384780940252762
1458,2.8057090092908448
1459,3.217438588318973
1460,39.226498455042844
1461,8.639335135475115
1462,11.645342715897549
1463,17.091932512210835
1464,11.645342715897549
1465,17.091932512210835
1466,11.645342715897549
1467,32.46370395685336
1468,32.46370395685336
1469,32.46370395685336
1470,32.46370395685336
1471,6.76542599347464
1472,27.960736163844242
1473,5.484642238617676
1474,27.521320714598136
1475,27.960736163844242
1476,27.960736163844242
1477,27.960736163844242
1478,2.6670630099700774
1479,2.6670630099700774
1480,2.6670630099700774
1481,2.4872195010994513
1482,2.8057090092908448
1483,4.817042442612778
1484,3.7705159510712307
1485,3.3757061750390367
1486,2.3348273755659474
1487,7.631912748282793
1488,92.01152474416733
1489,50.298601395752854
1490,39.226498455042844
1491,17.091932512210835
1492,17.091932512210835
1493,92.01152474416733
1494,17.091932512210835
1495,11.645342715897549
1496,17.091932512210835
1497,92.01152474416733
1498,72.00204634254263
1499,3.655857653680356
1500,72.00204634254263
1501,72.00204634254263
1502,3.655857653680356
1503,39.226498455042844
1504,3.7705159510712307
1505,3.1263212956374247
1506,92.01152474416733
1507,57.517396275152834
1508,15.69787608125779
1509,9.259749518262701
1510,5.788244849976247
1511,5.788244849976247
1512,9.259749518262701
1513,9.259749518262701
1514,7.463254764928693
1515,2.9162832104204806
1516,3.9541644896985497
1517,3.9541644896985497
1518,0.002608335024430013
1519,0.00011648409087849211
1520,0.09397019209391112
1521,4.5788680474948696e-08
1522,1.1986022985287567e-07
1523,1.0709650498507985e-08
1524,3.975658067594354e-08
1525,1.0754849440835734e-08
1526,8.080423457147777e-09
1527,8.080423457147777e-09
1528,2.116356285399616e-08
1529,2.116356285399616e-08
1530,6.182231022652052e-08
1531,1.1578899970312033e-07
1532,3.4517256628904857e-07
1533,1.1733133295697816e-07
1534,3.4517256628904857e-07
1535,1.1986022985287567e-07
1536,5.384736361024744e-08
1537,1.0459686018652724e-08
1538,6.266983536156406e-09
1539,1.0709650498507985e-08
1540,3.36966534453326e-09
1541,6.701327550031238e-09
1542,1.0754849440835734e-08
1543,6.701327550031238e-09
1544,8.080423457147777e-09
1545,8.080423457147777e-09
1546,5.209229831061069e-09
1547,5.209229831061069e-09
1548,3.7525649744849895e-09
1549,3.7525649744849895e-09
1550,3.2738816291291024e-09
1551,3.7525649744849895e-09
1552,2.2284617357793447e-09
1553,2.2284617357793447e-09
1554,2.7366984621789174e-09
1555,2.7366984621789174e-09
1556,8.080423457147777e-09
1557,6.373274000150564e-09
1558,4.665277080768268e-09
1559,3.485585052514426e-09
1560,2.2284617357793447e-09
1561,1.8655864901127764e-09
1562,2.193962743148301
1563,5.484642238617676
1564,77.5269492649476
1565,178.5157618519281
1566,633.9605302405665
1567,1.3566818018436504
1568,0.0011260026919993683
1569,0.0001634125813479309
1570,6.873685958225514e-06
1571,3.087975706520174e-07
1572,0.00011648409087849211
1573,19.902170161063655
1574,413.2440999200212
1575,278.66124585350525
1576,278.66124585350525
1577,218.05526382022393
1578,177.00800986991433
1579,126.17533319328403
1580,112.18816149370043
1581,86.62326353107468
1582,26.71334351599023
1583,22.85613995535108
1584,22.85613995535108
1585,24.987859362846333
1586,22.85613995535108
1587,30.12828179635463
1588,30.12828179635463
1589,30.12828179635463
1590,34.399527228808516
1591,30.12828179635463
1592,86.62326353107468
1593,34.399527228808516
1594,27.521320714598136
1595,27.521320714598136
1596,24.987859362846333
1597,30.12828179635463
1598,24.987859362846333
1599,24.987859362846333
1600,24.987859362846333
1601,5.484642238617676
1602,32.46370395685336
1603,4.817042442612778
1604,92.01152474416733
1605,50.298601395752854
1606,39.1930405844687
1607,47.92777843015664
1608,126.17533319328403
1609,97.24365211009078
1610,160.804559193147
1611,47.92777843015664
1612,59.340269125251076
1613,45.86133440083926
1614,4.554758677666256
1615,92.01152474416733
1616,80.76214075373672
1617,39.226498455042844
1618,92.01152474416733
1619,17.091932512210835
1620,111.22813614909784
1621,218.05526382022393
1622,1.1518577754103743
1623,122.06052524472999
1624,77.5269492649476
1625,2.4872195010994513
1626,1.5859329302530405
1627,1.8781619267468177
1628,1.8781619267468177
1629,0.13185767124755993
1630,0.003152533978270389
1631,0.004062792464940234
1632,0.003152533978270389
1633,0.06792889821723655
1634,0.04834163749972192
1635,1.5479872943635211
1636,0.08274887898385572
1637,1.7530676292481968
1638,1.1063403926847393
1639,0.004062792464940234
1640,1.841619920514153
1641,0.008159705667972689
1642,3.4398399605017355e-05
1643,0.09397019209391112
1644,4.51330628955224
1645,532.9506059879187
1646,44.74945532744843
1647,532.9506059879187
1648,189.04001809425114
1649,86.60453714383172
1650,633.9605302405665
1651,376.7126390484861
1652,278.66124585350525
1653,271.1560061739212
1654,218.05526382022393
1655,203.1968081503157
1656,156.16847869608102
1657,271.1560061739212
1658,156.16847869608102
1659,72.59564647117998
1660,0.0037698623178185177
1661,1.9996545360667444e-08
1662,6.076316454116227e-09
1663,2.5436710767783086e-09
1664,2.5436710767783086e-09
1665,5.105620171067655e-09
1666,6.076316454116227e-09
1667,7.429457514571234e-09
1668,4.083917577361904e-08
1669,9.412445371974325e-09
1670,1.7834067391064326e-08
1671,1.1640468647166466e-08
1672,1.4959800149524758
1673,1.3543826105666887e-09
1674,3.2738816291291024e-09
1675,3.2738816291291024e-09
1676,4.374733711436643e-09
1677,2.2284617357793447e-09
1678,4.374733711436643e-09
1679,2.7366984621789174e-09
1680,2.2284617357793447e-09
1681,3.7525649744849895e-09
1682,4.374733711436643e-09
1683,4.374733711436643e-09
1684,1.8655864901127764e-09
1685,9.175657408248993e-10
1686,9.175657408248993e-10
1687,1.8655864901127764e-09
1688,1.0991310442964433e-09
1689,4.665277080768268e-09
1690,1.7321635747867345e-09
1691,0.35949385073315065
1692,0.052486920695188524
1693,6.89798837455287e-10
1694,0.02814698778616741
1695,0.35949385073315065
1696,3.0732137608778376e-10
1697,3.125683901528292e-10
1698,3.125683901528292e-10
1699,2.3807981285889393e-10
1700,2.118976573988146e-10
1701,3.92295765723562e-10
1702,3.92295765723562e-10
1703,6.802626292459011e-10
1704,5.346507200049876e-10
1705,6.802626292459011e-10
1706,2.2967739810559993e-10
1707,3.415679117788421e-10
1708,4.004463052260122e-10
1709,3.6881315986511957e-10
1710,4.004463052260122e-10
1711,4.004463052260122e-10
1712,4.816204200490557e-10
1713,3.92295765723562e-10
1714,3.125683901528292e-10
1715,6.802626292459011e-10
1716,1.8655864901127764e-09
1717,1.3543826105666887e-09
1718,7.032808057850347e-10
1719,7.876598638384144e-10
1720,7.876598638384144e-10
1721,1.6761657472467922e-08
1722,3.2724753873877363e-06
1723,6.269644095711962e-07
1724,8.028200578903554e-07
1725,2.0349333375485035e-07
1726,8.172890180849263e-08
1727,4.9063738811726574e-08
1728,4.9063738811726574e-08
1729,1.3748489294370036e-08
1730,2.0349333375485035e-07
1731,0.3420401560141251
1732,1.5118810265364664
1733,0.2385344120295585
1734,4.712401212123844e-05
1735,2.0349333375485035e-07
1736,6.373274000150564e-09
1737,3.7525649744849895e-09
1738,3.2738816291291024e-09
1739,2.3409658320657184e-09
1740,8.708587600740169e-09
1741,1.3748489294370036e-08
1742,1.158077237064948e-08
1743,2.8030719197063775e-08
1744,1.534105695279004e-08
1745,9.398768286047324e-07
1746,2.0390222608394408e-08
1747,4.5788680474948696e-08
1748,4.5788680474948696e-08
1749,28.42483268176619
1750,0.8897300759593274
1751,152.02291115748434
1752,152.02291115748434
1753,1.3566818018436504
1754,0.8897300759593274
1755,9.348491371942475e-07
1756,2.3115395174386156e-08
1757,6.01960657362272e-09
1758,8.196553497867137e-08
1759,0.18572162325042293
1760,8.196553497867137e-08
1761,0.18572162325042293
1762,1.92575550900427e-09
1763,3.973208741256046e-09
1764,7.429457514571234e-09
1765,2.1305567453651366e-09
1766,1.223397376935971e-09
1767,1.5067190599581942e-09
1768,1.92575550900427e-09
1769,2.5888045577293227e-09
1770,2.474228564651619e-09
1771,0.18572162325042293
1772,0.09861182178648853
1773,0.35949385073315065
1774,3.7094816820833885e-10
1775,0.35949385073315065
1776,0.25266830426810055
1777,0.25266830426810055
1778,0.35949385073315065
1779,0.09861182178648853
1780,0.35949385073315065
1781,0.052486920695188524
1782,0.17876729752053536
1783,3.7094816820833885e-10
1784,0.5139378039485468
1785,0.35949385073315065
1786,0.18572162325042293
1787,0.09861182178648853
1788,1.1045691816766311e-09
1789,0.052486920695188524
1790,0.052486920695188524
1791,0.18572162325042293
1792,0.3481288545237358
1793,5.938662789084879e-08
1794,2.094841207391568e-06
1795,2.1649605300730136e-09
1796,5.938662789084879e-08
1797,1.4959800149524758
1798,1.1640468647166466e-08
1799,2.3115395174386156e-08
1800,5.473573402829054e-08
1801,1.1640468647166466e-08
1802,5.6198304170490064e-06
1803,8.196553497867137e-08
1804,8.196553497867137e-08
1805,0.09861182178648853
1806,5.468290152105388e-10
1807,3.0732137608778376e-10
1808,0.17876729752053536
1809,0.02814698778616741
1810,0.25266830426810055
1811,0.02814698778616741
1812,0.09861182178648853
1813,2.474228564651619e-09
1814,8.196553497867137e-08
1815,3.739395386812353e-09
1816,2.5888045577293227e-09
1817,6.01960657362272e-09
1818,6.01960657362272e-09
1819,1.2164094523219897e-08
1820,5.473573402829054e-08
1821,5.473573402829054e-08
1822,2.0053677733855493e-06
1823,1.1518577754103743
1824,0.00012168000601412643
1825,6.103841495007645e-08
1826,6.103841495007645e-08
1827,5.6198304170490064e-06
1828,1.4959800149524758
1829,1.825317495327987e-07
1830,8.172890180849263e-08
1831,8.080423457147777e-09
1832,6.373274000150564e-09
1833,3.7525649744849895e-09
1834,2.8959964347579184e-09
1835,3.2738816291291024e-09
1836,4.374733711436643e-09
1837,4.374733711436643e-09
1838,5.209229831061069e-09
1839,5.209229831061069e-09
1840,2.116356285399616e-08
1841,3.8675696216904056e-07
1842,0.0002817649173628776
1843,1.2128283260593096e-06
1844,3.4517256628904857e-07
1845,5.5077944412347675e-06
1846,1.825317495327987e-07
1847,1.1578899970312033e-07
1848,6.259133269873639e-08
1849,1.825317495327987e-07
1850,1.0709650498507985e-08
1851,1.534105695279004e-08
1852,2.7366984621789174e-09
1853,5.209229831061069e-09
1854,1.3748489294370036e-08
1855,6.373274000150564e-09
1856,1.8655864901127764e-09
1857,3.7525649744849895e-09
1858,3.7525649744849895e-09
1859,4.374733711436643e-09
1860,2.7366984621789174e-09
1861,3.485585052514426e-09
1862,3.485585052514426e-09
1863,4.665277080768268e-09
1864,4.665277080768268e-09
1865,1.985065380152908e-09
1866,0.001801692458455696
1867,2.0946700458701626
1868,0.001801692458455696
1869,2.0946700458701626
1870,1.4959800149524758
1871,2.1649605300730136e-09
1872,7.032808057850347e-10
1873,6.374912388563816e-10
1874,1.0107127104187736e-09
1875,1.0107127104187736e-09
1876,7.876598638384144e-10
1877,1.0107127104187736e-09
1878,1.0107127104187736e-09
1879,1.0107127104187736e-09
1880,5.938662789084879e-08
1881,7.032808057850347e-10
1882,7.032808057850347e-10
1883,2.1649605300730136e-09
1884,2.1649605300730136e-09
1885,5.938662789084879e-08
1886,0.6429788909358873
1887,5.6198304170490064e-06
1888,1.1045691816766311e-09
1889,3.7094816820833885e-10
1890,0.25266830426810055
1891,0.052486920695188524
1892,0.02814698778616741
1893,0.17876729752053536
1894,0.25266830426810055
1895,5.006697129331564e-10
1896,0.7363033140012959
1897,1.0531633618367227
1898,5.006697129331564e-10
1899,5.309946844991445e-10
1900,1.8655864901127764e-09
1901,1.0991310442964433e-09
1902,1.2264188109148626e-09
1903,2.8959964347579184e-09
1904,2.3409658320657184e-09
1905,2.8959964347579184e-09
1906,3.2738816291291024e-09
1907,3.2738816291291024e-09
1908,2.7366984621789174e-09
1909,4.417585742996617e-10
1910,3.7094816820833885e-10
1911,0.25266830426810055
1912,0.17876729752053536
1913,0.25266830426810055
1914,0.12748107280272333
1915,0.06657285388458717
1916,0.026962724097509258
1917,1.5898623540648737e-10
1918,1.9880342850378666e-10
1919,6.802626292459011e-10
1920,1.8655864901127764e-09
1921,2.2284617357793447e-09
1922,4.374733711436643e-09
1923,1.7321635747867345e-09
1924,1.0991310442964433e-09
1925,6.374912388563816e-10
1926,4.5233046929138343e-10
1927,3.125683901528292e-10
1928,2.2621872377314022e-10
1929,3.125683901528292e-10
1930,3.0732137608778376e-10
1931,0.25266830426810055
1932,0.35949385073315065
1933,3.7094816820833885e-10
1934,0.25266830426810055
1935,2.2621872377314022e-10
1936,3.4523833034333987e-10
1937,1.2264188109148626e-09
1938,1.2264188109148626e-09
1939,2.2284617357793447e-09
1940,1.3543826105666887e-09
1941,6.374912388563816e-10
1942,5.468290152105388e-10
1943,7.032808057850347e-10
1944,1.0531633618367227
1945,0.5139378039485468
1946,3.7094816820833885e-10
1947,3.6739846308719077e-10
1948,4.5233046929138343e-10
1949,4.5233046929138343e-10
1950,4.5233046929138343e-10
1951,4.5233046929138343e-10
1952,2.70786668198813e-10
1953,2.2621872377314022e-10
1954,3.7094816820833885e-10
1955,5.431812626185006e-09
1956,2.4303676672299248e-08
1957,6.266983536156406e-09
1958,2.0946700458701626
1959,5.938662789084879e-08
1960,5.938662789084879e-08
1961,6.374912388563816e-10
1962,1.0991310442964433e-09
1963,1.0991310442964433e-09
1964,1.3543826105666887e-09
1965,7.032808057850347e-10
1966,7.032808057850347e-10
1967,7.032808057850347e-10
1968,7.032808057850347e-10
1969,7.032808057850347e-10
1970,4.417585742996617e-10
1971,4.5233046929138343e-10
1972,3.92295765723562e-10
1973,6.802626292459011e-10
1974,1.8655864901127764e-09
1975,2.3409658320657184e-09
1976,9.881222420822969e-10
1977,1.0954438639371563e-09
1978,8.987975667929171e-10
1979,2.1322594441744425e-09
1980,2.3409658320657184e-09
1981,9.881222420822969e-10
1982,9.881222420822969e-10
1983,9.881222420822969e-10
1984,9.881222420822969e-10
1985,9.881222420822969e-10
1986,8.987975667929171e-10
1987,7.591235107668671e-10
1988,1.955882858208168e-09
1989,1.6748605175708805e-09
1990,1.8050926715631194e-09
1991,1.6748605175708805e-09
1992,1.6748605175708805e-09
1993,6.25971909328403e-09
1994,2.8959964347579184e-09
1995,6.918275713254405e-09
1996,7.718565392041282e-09
1997,2.1322594441744425e-09
1998,2.8959964347579184e-09
1999,2.1322594441744425e-09
2000,2.3409658320657184e-09
2001,2.1322594441744425e-09
2002,2.5912328890069802e-09
2003,4.374733711436643e-09
2004,4.665277080768268e-09
2005,6.266983536156406e-09
2006,5.589373219712908e-09
2007,0.00012168000601412643
2008,2.640719142600979e-06
2009,72.59564647117998
2010,1.574979110102823e-07
2011,9.412445371974325e-09
2012,2.640719142600979e-06
2013,2.8219834970917707e-08
2014,2.0053677733855493e-06
2015,392.2641429239634
2016,57.072385622198944
2017,107.39944941742105
2018,4.817042442612778
2019,2.3348273755659474
2020,64.9243605637188
2021,54.13999303054815
2022,1.9797038669275262
2023,1.9797038669275262
2024,2.1622819246991622
2025,2.1622819246991622
2026,2.384780940252762
2027,2.384780940252762
2028,3.1263212956374247
2029,4.51330628955224
2030,9.259749518262701
2031,0.048982893376135705
2032,4.855089046808215
2033,57.517396275152834
2034,251.30408789808513
2035,57.517396275152834
2036,57.072385622198944
2037,86.60453714383172
2038,28.45980202251175
2039,17.091932512210835
2040,57.072385622198944
2041,77.5269492649476
2042,59.340269125251076
2043,59.57635173335933
2044,72.59564647117998
2045,156.16847869608102
2046,203.1968081503157
2047,2.860964231103859
2048,278.66124585350525
2049,0.01040336961582853
2050,0.048982893376135705
2051,0.00011648409087849211
2052,3.4398399605017355e-05
2053,0.7363033140012959
2054,0.18572162325042293
2055,2.474228564651619e-09
2056,2.5888045577293227e-09
2057,7.622838924583927e-09
2058,1.7834067391064326e-08
2059,2.8219834970917707e-08
2060,0.00012168000601412643
2061,0.056787866718545646
2062,2.3115395174386156e-08
2063,1.7834067391064326e-08
2064,1.2164094523219897e-08
2065,2.8219834970917707e-08
2066,1.7834067391064326e-08
2067,0.052486920695188524
2068,8.52093139584731e-10
2069,8.52093139584731e-10
2070,5.747501955293098e-10
2071,6.89798837455287e-10
2072,6.89798837455287e-10
2073,0.015262019977807646
2074,0.00467985759334687
2075,0.00467985759334687
2076,5.747501955293098e-10
2077,0.09861182178648853
2078,5.6198304170490064e-06
2079,6.103841495007645e-08
2080,0.011858486689460417
2081,9.348491371942475e-07
2082,0.01040336961582853
2083,2.3115395174386156e-08
2084,5.6198304170490064e-06
2085,5.6198304170490064e-06
2086,0.09861182178648853
2087,2.474228564651619e-09
2088,2.8219834970917707e-08
2089,1.7834067391064326e-08
2090,3.973208741256046e-09
2091,7.622838924583927e-09
2092,2.474228564651619e-09
2093,0.17876729752053536
2094,3.0732137608778376e-10
2095,3.7094816820833885e-10
2096,0.17876729752053536
2097,0.25266830426810055
2098,3.7094816820833885e-10
2099,0.09861182178648853
2100,2.474228564651619e-09
2101,0.09861182178648853
2102,0.35949385073315065
2103,5.006697129331564e-10
2104,0.35949385073315065
2105,3.6739846308719077e-10
2106,3.92295765723562e-10
2107,5.346507200049876e-10
2108,8.987975667929171e-10
2109,7.83106652456249e-10
2110,1.3543826105666887e-09
2111,7.876598638384144e-10
2112,7.876598638384144e-10
2113,5.468290152105388e-10
2114,6.374912388563816e-10
2115,6.374912388563816e-10
2116,7.83106652456249e-10
2117,1.0954438639371563e-09
2118,2.5912328890069802e-09
2119,2.5912328890069802e-09
2120,3.2738816291291024e-09
2121,1.8655864901127764e-09
2122,1.3543826105666887e-09
2123,1.0107127104187736e-09
2124,3.7094816820833885e-10
2125,0.17876729752053536
2126,0.02814698778616741
2127,5.747501955293098e-10
2128,3.121883462783422e-09
2129,1.021747999634774e-09
2130,2.1305567453651366e-09
2131,7.429457514571234e-09
2132,1.92575550900427e-09
2133,1.92575550900427e-09
2134,2.5888045577293227e-09
2135,0.35949385073315065
2136,5.006697129331564e-10
2137,5.346507200049876e-10
2138,2.1322594441744425e-09
2139,8.708587600740169e-09
2140,1.158077237064948e-08
2141,3.2738816291291024e-09
2142,2.3409658320657184e-09
2143,2.3409658320657184e-09
2144,2.1322594441744425e-09
2145,1.6748605175708805e-09
2146,1.6748605175708805e-09
2147,1.6748605175708805e-09
2148,2.1322594441744425e-09
2149,2.8959964347579184e-09
2150,3.7525649744849895e-09
2151,4.374733711436643e-09
2152,5.209229831061069e-09
2153,5.209229831061069e-09
2154,8.080423457147777e-09
2155,6.373274000150564e-09
2156,6.373274000150564e-09
2157,6.373274000150564e-09
2158,6.373274000150564e-09
2159,6.373274000150564e-09
2160,6.373274000150564e-09
2161,5.209229831061069e-09
2162,1.6761657472467922e-08
2163,9.01711183921143e-06
2164,50.298601395752854
2165,72.00204634254263
2166,64.9243605637188
2167,3.052721150187646
2168,2.6670630099700774
2169,2.8057090092908448
2170,1.5118810265364664
2171,1.2787292210427943
2172,1.2787292210427943
2173,2.233537943810893
2174,2.384780940252762
2175,1.841619920514153
2176,2.647933516562444
2177,2.962525084605525
2178,2.962525084605525
2179,0.5180445780745008
2180,0.5180445780745008
2181,3.3757061750390367
2182,2.962525084605525
2183,0.5180445780745008
2184,0.002608335024430013
2185,0.5180445780745008
2186,2.3348273755659474
2187,2.8057090092908448
2188,3.052721150187646
2189,3.052721150187646
2190,3.052721150187646
2191,59.06808308579421
2192,22.474650943806477
2193,3.2908600033830737
2194,24.72755827843379
2195,3.217438588318973
2196,3.7705159510712307
2197,3.9541644896985497
2198,3.1263212956374247
2199,11.645342715897549
2200,160.804559193147
2201,147.77163969824431
2202,147.77163969824431
2203,59.340269125251076
2204,59.340269125251076
2205,177.00800986991433
2206,77.5269492649476
2207,28.45980202251175
2208,45.86133440083926
2209,34.362763805780226
2210,34.362763805780226
2211,126.17533319328403
2212,75.83934339567269
2213,75.83934339567269
2214,112.18816149370043
2215,75.83934339567269
2216,86.85526123941985
2217,86.85526123941985
2218,112.18816149370043
2219,112.18816149370043
2220,126.17533319328403
2221,218.05526382022393
2222,45.86133440083926
2223,77.5269492649476
2224,156.16847869608102
2225,156.16847869608102
2226,156.16847869608102
2227,123.35789860578016
2228,271.1560061739212
2229,203.1968081503157
2230,107.39944941742105
2231,278.66124585350525
2232,0.8897300759593274
2233,203.1968081503157
2234,203.1968081503157
2235,156.16847869608102
2236,1.1518577754103743
2237,2.0946700458701626
2238,6.266983536156406e-09
2239,6.266983536156406e-09
2240,6.200981282044222e-07
2241,3.8675696216904056e-07
2242,6.200981282044222e-07
2243,1.2128283260593096e-06
2244,5.5077944412347675e-06
2245,9.398768286047324e-07
2246,1.0709650498507985e-08
2247,2.268766395215333e-09
2248,0.001801692458455696
2249,5.6198304170490064e-06
2250,1.1537846082485779
2251,2.860964231103859
2252,4.291661214027981
2253,28.42483268176619
2254,0.0023260893190104512
2255,6.103841495007645e-08
2256,0.011858486689460417
2257,9.348491371942475e-07
2258,1.9722133049168287
2259,1.1537846082485779
2260,2.268766395215333e-09
2261,1.3903935413482184e-09
2262,1.985065380152908e-09
2263,1.3654842670313846e-09
2264,1.3654842670313846e-09
2265,1.3654842670313846e-09
2266,1.3903935413482184e-09
2267,2.094841207391568e-06
2268,2.094841207391568e-06
2269,6.752701109705067e-05
2270,6.752701109705067e-05
2271,1.4959800149524758
2272,1.4959800149524758
2273,2.268766395215333e-09
2274,1.3654842670313846e-09
2275,1.3654842670313846e-09
2276,3.222852252368891e-09
2277,5.209229831061069e-09
2278,8.080423457147777e-09
2279,3.485585052514426e-09
2280,6.701327550031238e-09
2281,6.373274000150564e-09
2282,8.080423457147777e-09
2283,6.373274000150564e-09
2284,1.3748489294370036e-08
2285,5.209229831061069e-09
2286,1.3748489294370036e-08
2287,6.269644095711962e-07
2288,5.092760307921811e-07
2289,3.7525649744849895e-09
2290,8.172890180849263e-08
2291,4.278979374060759e-06
2292,4.278979374060759e-06
2293,0.5180445780745008
2294,0.0009127810565195474
2295,0.0011669554706910997
2296,1.7741210622100878e-05
2297,9.398768286047324e-07
2298,3.555934324212227e-06
2299,1.1733133295697816e-07
2300,4.5788680474948696e-08
2301,3.087975706520174e-07
2302,1.2128283260593096e-06
2303,3.4398399605017355e-05
2304,1.7741210622100878e-05
2305,1.2824597853196713
2306,2.9162832104204806
2307,80.76214075373672
2308,3.655857653680356
2309,80.76214075373672
2310,50.298601395752854
2311,50.298601395752854
2312,50.298601395752854
2313,50.298601395752854
2314,17.091932512210835
2315,50.298601395752854
2316,92.01152474416733
2317,69.9980007094268
2318,86.60453714383172
2319,57.072385622198944
2320,189.04001809425114
2321,178.5157618519281
2322,278.66124585350525
2323,376.7126390484861
2324,8.858738421677122
2325,310.895497572243
2326,532.9506059879187
2327,310.895497572243
2328,392.2641429239634
2329,271.1560061739212
2330,271.1560061739212
2331,2.0053677733855493e-06
2332,6.01960657362272e-09
2333,6.01960657362272e-09
2334,4.083917577361904e-08
2335,1.574979110102823e-07
2336,86.85526123941985
2337,2.8219834970917707e-08
2338,1.2164094523219897e-08
2339,59.57635173335933
2340,72.59564647117998
2341,2.0053677733855493e-06
2342,3.1388004538913446e-07
2343,7.18620829169508e-07
2344,2.3115395174386156e-08
2345,1.2164094523219897e-08
2346,1.574979110102823e-07
2347,0.056787866718545646
2348,91.71421290732057
2349,189.04001809425114
2350,203.1968081503157
2351,132.3617347198725
2352,101.85814514070852
2353,59.57635173335933
2354,0.014013775205871047
2355,0.0037698623178185177
2356,1.2516362399638536e-08
2357,9.412445371974325e-09
2358,3.121883462783422e-09
2359,1.223397376935971e-09
2360,6.89798837455287e-10
2361,0.02814698778616741
2362,8.52093139584731e-10
2363,6.89798837455287e-10
2364,3.973208741256046e-09
2365,7.429457514571234e-09
2366,9.412445371974325e-09
2367,3.973208741256046e-09
2368,1.1045691816766311e-09
2369,1.1045691816766311e-09
2370,0.18572162325042293
2371,3.739395386812353e-09
2372,8.196553497867137e-08
2373,0.18572162325042293
2374,0.09861182178648853
2375,0.35949385073315065
2376,0.18572162325042293
2377,5.938662789084879e-08
2378,3.36966534453326e-09
2379,1.0991310442964433e-09
2380,1.8655864901127764e-09
2381,1.0954438639371563e-09
2382,7.036545193390562e-10
2383,1.5613684305541603e-09
2384,1.6748605175708805e-09
2385,7.036545193390562e-10
2386,1.8050926715631194e-09
2387,1.6748605175708805e-09
2388,1.6748605175708805e-09
2389,1.8050926715631194e-09
2390,1.8050926715631194e-09
2391,1.955882858208168e-09
2392,8.708587600740169e-09
2393,4.9063738811726574e-08
2394,4.9063738811726574e-08
2395,9.959498920453437e-09
2396,8.708587600740169e-09
2397,8.708587600740169e-09
2398,1.3892123886311504e-09
2399,8.080423457147777e-09
2400,2.0390222608394408e-08
2401,9.528702690196909e-10
2402,7.032808057850347e-10
2403,5.309946844991445e-10
2404,4.5233046929138343e-10
2405,5.309946844991445e-10
2406,3.6739846308719077e-10
2407,5.006697129331564e-10
2408,0.17876729752053536
2409,0.008387766063829722
2410,0.008387766063829722
2411,4.248382274990932e-10
2412,4.248382274990932e-10
2413,2.6126427581992604e-10
2414,1.0954438639371563e-09
2415,9.881222420822969e-10
2416,1.2264188109148626e-09
2417,2.1322594441744425e-09
2418,3.2738816291291024e-09
2419,1.8655864901127764e-09
2420,1.8655864901127764e-09
2421,4.665277080768268e-09
2422,7.032808057850347e-10
2423,1.3654842670313846e-09
2424,5.938662789084879e-08
2425,5.309946844991445e-10
2426,3.7094816820833885e-10
2427,2.6126427581992604e-10
2428,1.7686966921828003e-10
2429,1.7283422925390802e-10
2430,2.7672787747696213e-10
2431,2.5117445710905084e-10
2432,3.0752457689112286e-10
2433,2.3409658320657184e-09
2434,2.5912328890069802e-09
2435,1.2264188109148626e-09
2436,2.8959964347579184e-09
2437,7.718565392041282e-09
2438,5.709483769161809e-09
2439,6.918275713254405e-09
2440,2.2784658119187593e-08
2441,2.5671577789898488e-08
2442,6.918275713254405e-09
2443,7.718565392041282e-09
2444,6.918275713254405e-09
2445,8.708587600740169e-09
2446,7.718565392041282e-09
2447,3.7525649744849895e-09
2448,3.7525649744849895e-09
2449,3.7525649744849895e-09
2450,9.959498920453437e-09
2451,9.959498920453437e-09
2452,8.708587600740169e-09
2453,3.2738816291291024e-09
2454,3.7525649744849895e-09
2455,1.3748489294370036e-08
2456,3.7525649744849895e-09
2457,2.5912328890069802e-09
2458,1.2264188109148626e-09
2459,2.5912328890069802e-09
2460,3.2738816291291024e-09
2461,4.374733711436643e-09
2462,3.485585052514426e-09
2463,2.0390222608394408e-08
2464,6.266983536156406e-09
2465,1.9722133049168287
2466,9.348491371942475e-07
2467,5.473573402829054e-08
2468,2.3115395174386156e-08
2469,1.1640468647166466e-08
2470,1.1518577754103743
2471,2.640719142600979e-06
2472,1.7834067391064326e-08
2473,5.473573402829054e-08
2474,160.804559193147
2475,0.0037698623178185177
2476,33.53639106402476
2477,30.075520768966314
2478,33.53639106402476
2479,75.83934339567269
2480,147.77163969824431
2481,39.1930405844687
2482,107.39944941742105
2483,0.3420401560141251
2484,0.002608335024430013
2485,0.0002817649173628776
2486,0.008159705667972689
2487,0.0002817649173628776
2488,0.0010102983122056103
2489,3.555934324212227e-06
2490,9.398768286047324e-07
2491,3.4517256628904857e-07
2492,9.398768286047324e-07
2493,0.00011648409087849211
2494,0.0001634125813479309
2495,9.398768286047324e-07
2496,9.398768286047324e-07
2497,0.6605328481646798
2498,7.463254764928693
2499,0.029589682792164097
2500,0.008159705667972689
2501,0.008159705667972689
2502,0.3420401560141251
2503,4.817042442612778
2504,7.631912748282793
2505,80.76214075373672
2506,92.01152474416733
2507,2.652224466702408e-06
2508,3.8675696216904056e-07
2509,3.4517256628904857e-07
2510,3.087975706520174e-07
2511,7.18620829169508e-07
2512,3.7453398396304802
2513,0.00542975283897518
2514,3.7453398396304802
2515,0.0023260893190104512
2516,4.07118228282138
2517,0.0005403243068412707
2518,6.873685958225514e-06
2519,2.2899119258927567
2520,0.2478520449885797
2521,2.0053677733855493e-06
2522,1.1186375869366148e-05
2523,1.701306681554931e-08
2524,6.266983536156406e-09
2525,0.001801692458455696
2526,0.6429788909358873
2527,1.0531633618367227
2528,6.701327550031238e-09
2529,6.752701109705067e-05
2530,6.266983536156406e-09
2531,1.1986022985287567e-07
2532,2.0390222608394408e-08
2533,2.0390222608394408e-08
2534,1.1986022985287567e-07
2535,9.398768286047324e-07
2536,0.0010102983122056103
2537,1.2128283260593096e-06
2538,3.4517256628904857e-07
2539,3.1388004538913446e-07
2540,9.398768286047324e-07
2541,0.0011260026919993683
2542,0.0005403243068412707
2543,0.003165389900431905
2544,1.2824597853196713
2545,413.2440999200212
2546,376.7126390484861
2547,122.06052524472999
2548,107.2743284566132
2549,28.45980202251175
2550,218.05526382022393
2551,39.1930405844687
2552,39.1930405844687
2553,39.226498455042844
2554,7.631912748282793
2555,4.817042442612778
2556,4.817042442612778
2557,92.01152474416733
2558,107.39944941742105
2559,50.298601395752854
2560,8.639335135475115
2561,40.09456004559261
2562,40.09456004559261
2563,47.92777843015664
2564,8.639335135475115
2565,30.583857884548422
2566,8.639335135475115
2567,6.76542599347464
2568,5.484642238617676
2569,32.46370395685336
2570,24.987859362846333
2571,5.484642238617676
2572,22.474650943806477
2573,2.1622819246991622
2574,18.689498909162072
2575,18.13034802780288
2576,18.13034802780288
2577,18.393984636390034
2578,17.059090087976614
2579,16.945483945422083
2580,18.393984636390034
2581,21.043208602581057
2582,21.043208602581057
2583,24.009708509692295
2584,26.71334351599023
2585,21.043208602581057
2586,24.987859362846333
2587,27.960736163844242
2588,24.72755827843379
2589,32.46370395685336
2590,32.46370395685336
2591,27.960736163844242
2592,59.06808308579421
2593,24.72755827843379
2594,24.72755827843379
2595,22.474650943806477
2596,21.043208602581057
2597,16.945483945422083
2598,17.059090087976614
2599,15.903293431554797
2600,15.903293431554797
2601,17.059090087976614
2602,18.393984636390034
2603,19.952819427005174
2604,21.796503114211557
2605,21.796503114211557
2606,24.009708509692295
2607,19.48395948226863
2608,19.48395948226863
2609,19.952819427005174
2610,24.009708509692295
2611,30.583857884548422
2612,32.46370395685336
2613,24.72755827843379
2614,54.13999303054815
2615,64.9243605637188
2616,24.72755827843379
2617,24.72755827843379
2618,5.484642238617676
2619,21.043208602581057
2620,18.13034802780288
2621,16.945483945422083
2622,16.945483945422083
2623,16.945483945422083
2624,18.13034802780288
2625,2.8488773817970103
2626,2.8488773817970103
2627,16.166076086730406
2628,16.166076086730406
2629,17.330927812973805
2630,22.474650943806477
2631,19.48395948226863
2632,21.043208602581057
2633,27.521320714598136
2634,24.987859362846333
2635,6.76542599347464
2636,30.583857884548422
2637,5.484642238617676
2638,64.9243605637188
2639,50.298601395752854
2640,80.76214075373672
2641,92.01152474416733
2642,3.655857653680356
2643,59.06808308579421
2644,3.052721150187646
2645,0.2385344120295585
2646,3.7705159510712307
2647,17.091932512210835
2648,218.05526382022393
2649,1.1518577754103743
2650,210.33374762175126
2651,177.00800986991433
2652,160.804559193147
2653,271.1560061739212
2654,183.59274194366623
2655,45.293801603329904
2656,251.30408789808513
2657,251.30408789808513
2658,392.2641429239634
2659,4.291661214027981
2660,340.5001782420814
2661,275.22238759062867
2662,275.22238759062867
2663,1.3566818018436504
2664,1.3566818018436504
2665,44.74945532744843
2666,0.3832824608648755
2667,310.895497572243
2668,1.1640468647166466e-08
2669,0.3481288545237358
2670,1.0531633618367227
2671,1.3903935413482184e-09
2672,1.0531633618367227
2673,8.196553497867137e-08
2674,2.474228564651619e-09
2675,2.474228564651619e-09
2676,1.2164094523219897e-08
2677,5.473573402829054e-08
2678,177.00800986991433
2679,123.35789860578016
2680,1.1537846082485779
2681,5.628678679424277
2682,0.029589682792164097
2683,0.002608335024430013
2684,1.7741210622100878e-05
2685,9.398768286047324e-07
2686,1.1986022985287567e-07
2687,3.1388004538913446e-07
2688,7.18620829169508e-07
2689,0.4245296695904832
2690,1.701306681554931e-08
2691,3.4517256628904857e-07
2692,1.1733133295697816e-07
2693,6.259133269873639e-08
2694,6.200981282044222e-07
2695,4.032372753414588e-08
2696,3.8675696216904056e-07
2697,2.116356285399616e-08
2698,6.373274000150564e-09
2699,1.0860131863362427e-06
2700,0.00012831858759014103
2701,3.3757061750390367
2702,0.007546322205748304
2703,6.259133269873639e-08
2704,3.4517256628904857e-07
2705,1.2128283260593096e-06
2706,3.555934324212227e-06
2707,1.1986022985287567e-07
2708,6.259133269873639e-08
2709,1.534105695279004e-08
2710,6.259133269873639e-08
2711,9.398768286047324e-07
2712,1.9903443664356015e-06
2713,1.7741210622100878e-05
2714,2.9162832104204806
2715,111.22813614909784
2716,3.7705159510712307
2717,2.3348273755659474
2718,2.3348273755659474
2719,27.960736163844242
2720,59.06808308579421
2721,2.4872195010994513
2722,2.233537943810893
2723,2.026731394369251
2724,49.938913509024935
2725,3.052721150187646
2726,92.01152474416733
2727,7.631912748282793
2728,1.4758122458044296
2729,4.817042442612778
2730,28.45980202251175
2731,3.1263212956374247
2732,80.76214075373672
2733,17.091932512210835
2734,57.517396275152834
2735,4.554758677666256
2736,69.9980007094268
2737,189.04001809425114
2738,11.645342715897549
2739,34.362763805780226
2740,11.645342715897549
2741,34.362763805780226
2742,59.340269125251076
2743,59.340269125251076
2744,39.226498455042844
2745,147.77163969824431
2746,47.92777843015664
2747,126.17533319328403
2748,40.09456004559261
2749,59.340269125251076
2750,45.86133440083926
2751,57.072385622198944
2752,271.1560061739212
2753,413.2440999200212
2754,583.9230297157379
2755,392.2641429239634
2756,189.04001809425114
2757,111.22813614909784
2758,278.66124585350525
2759,203.1968081503157
2760,160.804559193147
2761,132.3617347198725
2762,112.18816149370043
2763,37.81731912220462
2764,37.81731912220462
2765,43.222745911043454
2766,43.222745911043454
2767,50.222121792322056
2768,112.18816149370043
2769,147.77163969824431
2770,40.09456004559261
2771,40.09456004559261
2772,40.09456004559261
2773,177.00800986991433
2774,218.05526382022393
2775,271.1560061739212
2776,271.1560061739212
2777,210.33374762175126
2778,210.33374762175126
2779,123.35789860578016
2780,156.16847869608102
2781,156.16847869608102
2782,160.804559193147
2783,132.3617347198725
2784,132.3617347198725
2785,101.85814514070852
2786,86.85526123941985
2787,37.81731912220462
2788,33.53639106402476
2789,0.0011195055320779137
2790,0.00037113097769742975
2791,50.222121792322056
2792,43.222745911043454
2793,37.81731912220462
2794,0.0037698623178185177
2795,33.53639106402476
2796,0.00037113097769742975
2797,37.81731912220462
2798,50.222121792322056
2799,160.804559193147
2800,156.16847869608102
2801,122.06052524472999
2802,9.348491371942475e-07
2803,5.589373219712908e-09
2804,1.0709650498507985e-08
2805,1.0754849440835734e-08
2806,6.373274000150564e-09
2807,4.374733711436643e-09
2808,3.7525649744849895e-09
2809,3.7525649744849895e-09
2810,4.374733711436643e-09
2811,4.374733711436643e-09
2812,5.209229831061069e-09
2813,4.374733711436643e-09
2814,1.6761657472467922e-08
2815,1.158077237064948e-08
2816,3.2738816291291024e-09
2817,3.2738816291291024e-09
2818,5.209229831061069e-09
2819,6.373274000150564e-09
2820,4.374733711436643e-09
2821,2.7366984621789174e-09
2822,3.485585052514426e-09
2823,4.665277080768268e-09
2824,2.4303676672299248e-08
2825,1.1986022985287567e-07
2826,1.1733133295697816e-07
2827,7.18620829169508e-07
2828,0.0011669554706910997
2829,392.2641429239634
2830,0.0005403243068412707
2831,3.0156031169886985e-05
2832,3.114343576656502
2833,5.628678679424277
2834,0.01040336961582853
2835,5.473573402829054e-08
2836,0.6429788909358873
2837,1.2164094523219897e-08
2838,8.196553497867137e-08
2839,0.6429788909358873
2840,2.8030719197063775e-08
2841,6.182231022652052e-08
2842,1.1578899970312033e-07
2843,2.7047382675466837e-07
2844,1.534105695279004e-08
2845,3.555934324212227e-06
2846,5.589373219712908e-09
2847,2.0946700458701626
2848,5.6198304170490064e-06
2849,6.01960657362272e-09
2850,1.2164094523219897e-08
2851,3.739395386812353e-09
2852,0.011858486689460417
2853,28.42483268176619
2854,0.0023260893190104512
2855,3.114343576656502
2856,6.103841495007645e-08
2857,0.24783779010086096
2858,0.01040336961582853
2859,1.7834067391064326e-08
2860,1.7834067391064326e-08
2861,6.01960657362272e-09
2862,0.0003125976927992579
2863,1.0531633618367227
2864,8.196553497867137e-08
2865,5.6198304170490064e-06
2866,1.4959800149524758
2867,2.0946700458701626
2868,0.035234851038618675
2869,5.384736361024744e-08
2870,1.1986022985287567e-07
2871,6.701327550031238e-09
2872,4.665277080768268e-09
2873,6.373274000150564e-09
2874,4.665277080768268e-09
2875,6.701327550031238e-09
2876,1.534105695279004e-08
2877,8.080423457147777e-09
2878,8.080423457147777e-09
2879,1.0754849440835734e-08
2880,1.534105695279004e-08
2881,1.0754849440835734e-08
2882,1.0754849440835734e-08
2883,1.534105695279004e-08
2884,1.1578899970312033e-07
2885,6.259133269873639e-08
2886,1.5925814230480148e-06
2887,2.7047382675466837e-07
2888,7.270396141802273e-05
2889,0.0004897325801265481
2890,1.5925814230480148e-06
2891,2.8030719197063775e-08
2892,1.1578899970312033e-07
2893,2.4303676672299248e-08
2894,1.1733133295697816e-07
2895,0.0010102983122056103
2896,0.0005403243068412707
2897,4.554758677666256
2898,11.645342715897549
2899,39.226498455042844
2900,39.1930405844687
2901,111.22813614909784
2902,28.45980202251175
2903,203.1968081503157
2904,101.85814514070852
2905,97.24365211009078
2906,30.12828179635463
2907,97.36739582369539
2908,97.24365211009078
2909,50.222121792322056
2910,101.85814514070852
2911,101.85814514070852
2912,86.85526123941985
2913,126.17533319328403
2914,30.583857884548422
2915,40.09456004559261
2916,109.7355243665627
2917,147.77163969824431
2918,112.18816149370043
2919,132.3617347198725
2920,123.35789860578016
2921,123.35789860578016
2922,123.35789860578016
2923,101.85814514070852
2924,37.81731912220462
2925,50.222121792322056
2926,101.85814514070852
2927,123.35789860578016
2928,147.77163969824431
2929,112.18816149370043
2930,97.24365211009078
2931,97.24365211009078
2932,109.7355243665627
2933,78.2524285277061
2934,86.62326353107468
2935,78.2524285277061
2936,71.30985912983822
2937,63.41967745885585
2938,63.41967745885585
2939,71.30985912983822
2940,86.62326353107468
2941,86.62326353107468
2942,97.36739582369539
2943,97.36739582369539
2944,97.36739582369539
2945,97.36739582369539
2946,86.62326353107468
2947,26.71334351599023
2948,97.36739582369539
2949,86.62326353107468
2950,30.12828179635463
2951,30.583857884548422
2952,30.583857884548422
2953,22.85613995535108
2954,24.009708509692295
2955,86.62326353107468
2956,78.2524285277061
2957,71.30985912983822
2958,58.37923299298848
2959,63.41967745885585
2960,50.87670980913346
2961,1.376803254928412e-08
2962,6.076316454116227e-09
2963,1.223397376935971e-09
2964,1.223397376935971e-09
2965,6.89798837455287e-10
2966,0.09861182178648853
2967,2.5888045577293227e-09
2968,8.196553497867137e-08
2969,1.4959800149524758
2970,5.6198304170490064e-06
2971,8.196553497867137e-08
2972,1.1537846082485779
2973,1.1537846082485779
2974,0.0003125976927992579
2975,0.011858486689460417
2976,0.0003125976927992579
2977,5.6198304170490064e-06
2978,5.6198304170490064e-06
2979,0.3481288545237358
2980,5.006697129331564e-10
2981,5.006697129331564e-10
2982,0.35949385073315065
2983,8.080423457147777e-09
2984,2.4303676672299248e-08
2985,3.8675696216904056e-07
2986,6.374912388563816e-10
2987,5.468290152105388e-10
2988,5.006697129331564e-10
2989,0.5139378039485468
2990,0.3481288545237358
2991,6.01960657362272e-09
2992,3.739395386812353e-09
2993,2.474228564651619e-09
2994,3.739395386812353e-09
2995,6.01960657362272e-09
2996,6.01960657362272e-09
2997,1.1640468647166466e-08
2998,2.3115395174386156e-08
2999,0.24783779010086096
3000,210.33374762175126
3001,123.35789860578016
3002,101.85814514070852
3003,50.222121792322056
3004,43.222745911043454
3005,2.5846148347646227e-08
3006,7.429457514571234e-09
3007,5.3130176390603304e-09
3008,3.739395386812353e-09
3009,8.196553497867137e-08
3010,0.18572162325042293
3011,5.6198304170490064e-06
3012,1.4959800149524758
3013,1.3903935413482184e-09
3014,1.985065380152908e-09
3015,2.268766395215333e-09
3016,5.589373219712908e-09
3017,2.799970821309973e-08
3018,5.384736361024744e-08
3019,7.18620829169508e-07
3020,2.4303676672299248e-08
3021,1.534105695279004e-08
3022,2.4303676672299248e-08
3023,1.0459686018652724e-08
3024,5.384736361024744e-08
3025,3.087975706520174e-07
3026,1.7741210622100878e-05
3027,1.0709650498507985e-08
3028,2.4303676672299248e-08
3029,3.975658067594354e-08
3030,1.534105695279004e-08
3031,6.373274000150564e-09
3032,5.209229831061069e-09
3033,5.209229831061069e-09
3034,5.209229831061069e-09
3035,6.373274000150564e-09
3036,8.080423457147777e-09
3037,2.4303676672299248e-08
3038,1.0709650498507985e-08
3039,2.0390222608394408e-08
3040,2.799970821309973e-08
3041,3.7453398396304802
3042,0.00542975283897518
3043,3.114343576656502
3044,0.011858486689460417
3045,1.1640468647166466e-08
3046,0.6429788909358873
3047,5.6198304170490064e-06
3048,6.752701109705067e-05
3049,0.0003125976927992579
3050,0.3481288545237358
3051,0.7363033140012959
3052,0.5139378039485468
3053,0.09861182178648853
3054,0.052486920695188524
3055,0.052486920695188524
3056,0.09861182178648853
3057,0.7363033140012959
3058,1.1537846082485779
3059,1.4959800149524758
3060,2.094841207391568e-06
3061,1.0709650498507985e-08
3062,3.114343576656502
3063,0.0003125976927992579
3064,2.0946700458701626
3065,3.4517256628904857e-07
3066,2.4303676672299248e-08
3067,2.0390222608394408e-08
3068,1.534105695279004e-08
3069,1.0709650498507985e-08
3070,1.0709650498507985e-08
3071,6.701327550031238e-09
3072,1.534105695279004e-08
3073,4.665277080768268e-09
3074,8.080423457147777e-09
3075,2.116356285399616e-08
3076,2.8030719197063775e-08
3077,1.0754849440835734e-08
3078,3.485585052514426e-09
3079,6.373274000150564e-09
3080,1.158077237064948e-08
3081,6.373274000150564e-09
3082,1.6761657472467922e-08
3083,2.7047382675466837e-07
3084,8.080423457147777e-09
3085,3.4517256628904857e-07
3086,4.5788680474948696e-08
3087,2.4303676672299248e-08
3088,4.665277080768268e-09
3089,1.534105695279004e-08
3090,2.4303676672299248e-08
3091,1.534105695279004e-08
3092,1.0754849440835734e-08
3093,6.701327550031238e-09
3094,2.4303676672299248e-08
3095,4.5788680474948696e-08
3096,1.0754849440835734e-08
3097,1.1578899970312033e-07
3098,6.259133269873639e-08
3099,8.080423457147777e-09
3100,6.373274000150564e-09
3101,4.374733711436643e-09
3102,4.374733711436643e-09
3103,4.374733711436643e-09
3104,2.8959964347579184e-09
3105,2.5912328890069802e-09
3106,1.0954438639371563e-09
3107,2.3409658320657184e-09
3108,3.2738816291291024e-09
3109,3.7525649744849895e-09
3110,4.374733711436643e-09
3111,6.373274000150564e-09
3112,1.6761657472467922e-08
3113,1.534105695279004e-08
3114,1.0754849440835734e-08
3115,4.5788680474948696e-08
3116,1.0709650498507985e-08
3117,4.5788680474948696e-08
3118,1.1986022985287567e-07
3119,3.087975706520174e-07
3120,1.2128283260593096e-06
3121,6.259133269873639e-08
3122,2.652224466702408e-06
3123,1.1578899970312033e-07
3124,3.975658067594354e-08
3125,2.4303676672299248e-08
3126,1.0709650498507985e-08
3127,1.1578899970312033e-07
3128,6.182231022652052e-08
3129,6.182231022652052e-08
3130,1.3748489294370036e-08
3131,8.172890180849263e-08
3132,2.8030719197063775e-08
3133,1.0754849440835734e-08
3134,6.259133269873639e-08
3135,39.1930405844687
3136,11.645342715897549
3137,92.01152474416733
3138,92.01152474416733
3139,3.052721150187646
3140,27.960736163844242
3141,8.639335135475115
3142,32.46370395685336
3143,59.06808308579421
3144,24.72755827843379
3145,64.9243605637188
3146,54.13999303054815
3147,49.938913509024935
3148,2.1622819246991622
3149,46.31932570089467
3150,1.9797038669275262
3151,43.172127232048865
3152,43.172127232048865
3153,43.172127232048865
3154,46.31932570089467
3155,46.31932570089467
3156,43.172127232048865
3157,49.938913509024935
3158,2.6670630099700774
3159,59.06808308579421
3160,20.3026586284705
3161,54.13999303054815
3162,59.06808308579421
3163,24.72755827843379
3164,22.474650943806477
3165,22.474650943806477
3166,59.06808308579421
3167,64.9243605637188
3168,27.960736163844242
3169,59.06808308579421
3170,22.474650943806477
3171,54.13999303054815
3172,59.06808308579421
3173,54.13999303054815
3174,59.06808308579421
3175,24.72755827843379
3176,64.9243605637188
3177,80.76214075373672
3178,39.226498455042844
3179,39.226498455042844
3180,17.091932512210835
3181,39.226498455042844
3182,28.45980202251175
3183,271.1560061739212
3184,122.06052524472999
3185,310.895497572243
3186,271.1560061739212
3187,28.42483268176619
3188,392.2641429239634
3189,413.2440999200212
3190,392.2641429239634
3191,44.74945532744843
3192,0.8897300759593274
3193,28.42483268176619
3194,5.589373219712908e-09
3195,6.701327550031238e-09
3196,1.534105695279004e-08
3197,1.534105695279004e-08
3198,2.8030719197063775e-08
3199,8.080423457147777e-09
3200,8.080423457147777e-09
3201,6.373274000150564e-09
3202,2.2284617357793447e-09
3203,5.209229831061069e-09
3204,3.2738816291291024e-09
3205,5.209229831061069e-09
3206,6.373274000150564e-09
3207,1.534105695279004e-08
3208,1.0754849440835734e-08
3209,1.1733133295697816e-07
3210,1.2128283260593096e-06
3211,1.5118810265364664
3212,1.5118810265364664
3213,1.841619920514153
3214,2.3348273755659474
3215,1.841619920514153
3216,1.5118810265364664
3217,2.193962743148301
3218,0.8699813781028124
3219,2.023280248104495
3220,0.13185767124755993
3221,0.08274887898385572
3222,0.1030843326463824
3223,2.193962743148301
3224,2.193962743148301
3225,0.13185767124755993
3226,2.023280248104495
3227,1.1063403926847393
3228,2.4872195010994513
3229,3.052721150187646
3230,3.7705159510712307
3231,3.7705159510712307
3232,0.029589682792164097
3233,0.002608335024430013
3234,0.8387387311661126
3235,0.007546322205748304
3236,1.4758122458044296
3237,1.9777830903337277
3238,0.01161591901990271
3239,0.0011260026919993683
3240,9.398768286047324e-07
3241,1.2128283260593096e-06
3242,0.09397019209391112
3243,0.005527258591148762
3244,0.1740467927295335
3245,0.13185767124755993
3246,2.647933516562444
3247,0.0007416238801391625
3248,7.270396141802273e-05
3249,3.4398399605017355e-05
3250,1.2128283260593096e-06
3251,1.0754849440835734e-08
3252,1.1578899970312033e-07
3253,0.0002817649173628776
3254,3.1263212956374247
3255,7.631912748282793
3256,4.817042442612778
3257,3.9541644896985497
3258,4.855089046808215
3259,0.09397019209391112
3260,9.259749518262701
3261,12.127319001269731
3262,275.22238759062867
3263,0.6605328481646798
3264,1.3566818018436504
3265,6.873685958225514e-06
3266,0.0002817649173628776
3267,0.0012655494809345274
3268,0.0007416238801391625
3269,2.962525084605525
3270,0.013789104138821862
3271,0.3420401560141251
3272,0.0012655494809345274
3273,3.8675696216904056e-07
3274,8.172890180849263e-08
3275,8.172890180849263e-08
3276,2.116356285399616e-08
3277,1.825317495327987e-07
3278,3.4517256628904857e-07
3279,1.1578899970312033e-07
3280,5.384736361024744e-08
3281,152.02291115748434
3282,275.22238759062867
3283,4.07118228282138
3284,633.9605302405665
3285,633.9605302405665
3286,532.9506059879187
3287,169.80058812546187
3288,0.030959600555135462
3289,169.80058812546187
3290,9.259749518262701
3291,0.00011648409087849211
3292,5.5077944412347675e-06
3293,3.4517256628904857e-07
3294,8.172890180849263e-08
3295,4.9063738811726574e-08
3296,1.6761657472467922e-08
3297,6.373274000150564e-09
3298,6.373274000150564e-09
3299,1.6761657472467922e-08
3300,6.373274000150564e-09
3301,3.485585052514426e-09
3302,4.665277080768268e-09
3303,4.665277080768268e-09
3304,1.534105695279004e-08
3305,1.1733133295697816e-07
3306,1.825317495327987e-07
3307,3.555934324212227e-06
3308,0.0009127810565195474
3309,0.0009127810565195474
3310,0.00011648409087849211
3311,0.5180445780745008
3312,1.4758122458044296
3313,3.3757061750390367
3314,3.217438588318973
3315,64.9243605637188
3316,2.962525084605525
3317,1.841619920514153
3318,4.817042442612778
3319,3.052721150187646
3320,2.6670630099700774
3321,0.8699813781028124
3322,1.1063403926847393
3323,72.00204634254263
3324,27.960736163844242
3325,59.340269125251076
3326,11.645342715897549
3327,3.217438588318973
3328,3.052721150187646
3329,72.00204634254263
3330,64.9243605637188
3331,3.052721150187646
3332,72.00204634254263
3333,28.45980202251175
3334,92.01152474416733
3335,50.298601395752854
3336,3.655857653680356
3337,3.052721150187646
3338,2.8057090092908448
3339,2.6670630099700774
3340,54.13999303054815
3341,2.384780940252762
3342,2.6670630099700774
3343,59.06808308579421
3344,2.384780940252762
3345,54.13999303054815
3346,59.06808308579421
3347,24.72755827843379
3348,27.960736163844242
3349,6.76542599347464
3350,11.645342715897549
3351,45.86133440083926
3352,45.86133440083926
3353,92.01152474416733
3354,4.817042442612778
3355,72.00204634254263
3356,27.960736163844242
3357,80.76214075373672
3358,3.7705159510712307
3359,3.052721150187646
3360,72.00204634254263
3361,72.00204634254263
3362,3.655857653680356
3363,3.052721150187646
3364,2.6670630099700774
3365,2.6670630099700774
3366,2.6670630099700774
3367,59.06808308579421
3368,2.233537943810893
3369,2.026731394369251
3370,2.384780940252762
3371,59.06808308579421
3372,59.06808308579421
3373,64.9243605637188
3374,80.76214075373672
3375,92.01152474416733
3376,50.298601395752854
3377,28.45980202251175
3378,107.39944941742105
3379,3.7705159510712307
3380,1.841619920514153
3381,3.1263212956374247
3382,0.8387387311661126
3383,0.2385344120295585
3384,0.008159705667972689
3385,2.962525084605525
3386,2.3348273755659474
3387,59.340269125251076
3388,64.9243605637188
3389,2.233537943810893
3390,49.938913509024935
3391,49.938913509024935
3392,49.938913509024935
3393,59.06808308579421
3394,2.8057090092908448
3395,2.4872195010994513
3396,2.398176127233567
3397,1.5118810265364664
3398,3.052721150187646
3399,59.06808308579421
3400,59.06808308579421
3401,64.9243605637188
3402,80.76214075373672
3403,80.76214075373672
3404,4.817042442612778
3405,7.631912748282793
3406,5.788244849976247
3407,2.9162832104204806
3408,5.788244849976247
3409,92.01152474416733
3410,72.00204634254263
3411,39.226498455042844
3412,50.298601395752854
3413,92.01152474416733
3414,92.01152474416733
3415,4.817042442612778
3416,92.01152474416733
3417,92.01152474416733
3418,39.226498455042844
3419,39.226498455042844
3420,7.631912748282793
3421,107.39944941742105
3422,169.80058812546187
3423,0.47864847667471133
3424,3.555934324212227e-06
3425,3.4517256628904857e-07
3426,0.09397019209391112
3427,107.39944941742105
3428,107.39944941742105
3429,86.60453714383172
3430,45.293801603329904
3431,340.5001782420814
3432,4.07118228282138
3433,6.56049521755229
3434,0.0009127810565195474
3435,0.5180445780745008
3436,1.841619920514153
3437,0.2385344120295585
3438,2.398176127233567
3439,4.712401212123844e-05
3440,0.0004897325801265481
3441,4.712401212123844e-05
3442,1.5118810265364664
3443,2.6670630099700774
3444,2.6670630099700774
3445,24.72755827843379
3446,24.72755827843379
3447,72.00204634254263
3448,3.052721150187646
3449,1.841619920514153
3450,3.1263212956374247
3451,3.1263212956374247
3452,7.631912748282793
3453,4.817042442612778
3454,72.00204634254263
3455,3.655857653680356
3456,2.8057090092908448
3457,3.217438588318973
3458,3.052721150187646
3459,3.052721150187646
3460,72.00204634254263
3461,3.052721150187646
3462,2.384780940252762
3463,22.474650943806477
3464,54.13999303054815
3465,2.384780940252762
3466,22.474650943806477
3467,54.13999303054815
3468,24.72755827843379
3469,30.583857884548422
3470,147.77163969824431
3471,177.00800986991433
3472,218.05526382022393
3473,77.5269492649476
3474,45.86133440083926
3475,28.45980202251175
3476,28.45980202251175
3477,183.59274194366623
3478,69.9980007094268
3479,17.091932512210835
3480,59.340269125251076
3481,30.583857884548422
3482,40.09456004559261
3483,27.521320714598136
3484,4.552549555748193
3485,24.009708509692295
3486,24.009708509692295
3487,22.85613995535108
3488,3.84430975270599
3489,24.009708509692295
3490,22.85613995535108
3491,26.71334351599023
3492,24.987859362846333
3493,27.521320714598136
3494,34.362763805780226
3495,45.86133440083926
3496,45.86133440083926
3497,47.92777843015664
3498,59.340269125251076
3499,59.340269125251076
3500,39.1930405844687
3501,39.1930405844687
3502,45.86133440083926
3503,57.072385622198944
3504,57.072385622198944
3505,30.583857884548422
3506,97.36739582369539
3507,30.583857884548422
3508,8.639335135475115
3509,32.46370395685336
3510,32.46370395685336
3511,3.052721150187646
3512,64.9243605637188
3513,59.06808308579421
3514,2.8057090092908448
3515,3.052721150187646
3516,2.8057090092908448
3517,1.841619920514153
3518,4.554758677666256
3519,69.9980007094268
3520,57.517396275152834
3521,86.60453714383172
3522,4.817042442612778
3523,32.46370395685336
3524,64.9243605637188
3525,3.052721150187646
3526,3.217438588318973
3527,92.01152474416733
3528,1.841619920514153
3529,2.647933516562444
3530,2.6670630099700774
3531,22.474650943806477
3532,59.06808308579421
3533,22.474650943806477
3534,54.13999303054815
3535,59.06808308579421
3536,49.938913509024935
3537,4.552549555748193
3538,24.987859362846333
3539,24.72755827843379
3540,24.72755827843379
3541,30.12828179635463
3542,27.521320714598136
3543,27.521320714598136
3544,24.987859362846333
3545,21.043208602581057
3546,4.552549555748193
3547,27.521320714598136
3548,27.521320714598136
3549,6.76542599347464
3550,72.00204634254263
3551,3.052721150187646
3552,2.6670630099700774
3553,59.06808308579421
3554,22.474650943806477
3555,2.4900095428021602
3556,18.13034802780288
3557,2.8488773817970103
3558,18.13034802780288
3559,19.48395948226863
3560,19.48395948226863
3561,21.796503114211557
3562,21.043208602581057
3563,19.48395948226863
3564,24.009708509692295
3565,26.71334351599023
3566,27.521320714598136
3567,6.76542599347464
3568,6.76542599347464
3569,6.76542599347464
3570,30.583857884548422
3571,30.583857884548422
3572,8.639335135475115
3573,92.01152474416733
3574,3.655857653680356
3575,64.9243605637188
3576,3.655857653680356
3577,64.9243605637188
3578,21.043208602581057
3579,21.043208602581057
3580,18.689498909162072
3581,20.3026586284705
3582,20.3026586284705
3583,20.3026586284705
3584,46.31932570089467
3585,43.172127232048865
3586,2.8488773817970103
3587,3.2908600033830737
3588,2.8488773817970103
3589,20.3026586284705
3590,4.552549555748193
3591,5.484642238617676
3592,22.85613995535108
3593,3.84430975270599
3594,30.12828179635463
3595,22.85613995535108
3596,22.85613995535108
3597,4.552549555748193
3598,5.484642238617676
3599,27.960736163844242
3600,27.960736163844242
3601,6.76542599347464
3602,26.71334351599023
3603,24.009708509692295
3604,19.48395948226863
3605,18.13034802780288
3606,19.48395948226863
3607,19.48395948226863
3608,3.84430975270599
3609,20.3026586284705
3610,2.8488773817970103
3611,18.689498909162072
3612,20.3026586284705
3613,18.689498909162072
3614,4.552549555748193
3615,24.72755827843379
3616,24.72755827843379
3617,4.552549555748193
3618,4.552549555748193
3619,27.521320714598136
3620,24.987859362846333
3621,5.484642238617676
3622,24.72755827843379
3623,4.552549555748193
3624,5.484642238617676
3625,27.521320714598136
3626,27.521320714598136
3627,22.474650943806477
3628,4.552549555748193
3629,22.474650943806477
3630,22.474650943806477
3631,20.3026586284705
3632,3.84430975270599
3633,22.85613995535108
3634,24.987859362846333
3635,4.552549555748193
3636,24.987859362846333
3637,24.987859362846333
3638,27.521320714598136
3639,30.12828179635463
3640,22.85613995535108
3641,26.71334351599023
3642,26.71334351599023
3643,22.85613995535108
3644,22.85613995535108
3645,24.987859362846333
3646,6.76542599347464
3647,27.521320714598136
3648,27.521320714598136
3649,3.84430975270599
3650,24.009708509692295
3651,22.85613995535108
3652,24.987859362846333
3653,4.552549555748193
3654,22.85613995535108
3655,24.987859362846333
3656,4.552549555748193
3657,4.552549555748193
3658,4.552549555748193
3659,3.84430975270599
3660,4.552549555748193
3661,4.552549555748193
3662,27.521320714598136
3663,47.92777843015664
3664,47.92777843015664
3665,47.92777843015664
3666,40.09456004559261
3667,30.583857884548422
3668,34.362763805780226
3669,6.76542599347464
3670,27.960736163844242
3671,59.06808308579421
3672,64.9243605637188
3673,24.72755827843379
3674,22.474650943806477
3675,59.06808308579421
3676,49.938913509024935
3677,22.474650943806477
3678,22.474650943806477
3679,4.552549555748193
3680,22.85613995535108
3681,24.987859362846333
3682,30.12828179635463
3683,30.12828179635463
3684,30.12828179635463
3685,24.987859362846333
3686,30.583857884548422
3687,39.1930405844687
3688,59.340269125251076
3689,47.92777843015664
3690,30.583857884548422
3691,40.09456004559261
3692,11.645342715897549
3693,11.645342715897549
3694,80.76214075373672
3695,80.76214075373672
3696,3.052721150187646
3697,64.9243605637188
3698,22.474650943806477
3699,54.13999303054815
3700,59.06808308579421
3701,2.6670630099700774
3702,2.384780940252762
3703,2.6670630099700774
3704,59.06808308579421
3705,5.484642238617676
3706,5.484642238617676
3707,5.484642238617676
3708,24.72755827843379
3709,59.06808308579421
3710,64.9243605637188
3711,39.226498455042844
3712,34.362763805780226
3713,40.09456004559261
3714,40.09456004559261
3715,40.09456004559261
3716,40.09456004559261
3717,47.92777843015664
3718,92.01152474416733
3719,4.817042442612778
3720,8.639335135475115
3721,5.484642238617676
3722,6.76542599347464
3723,5.484642238617676
3724,5.484642238617676
3725,27.521320714598136
3726,4.552549555748193
3727,22.474650943806477
3728,5.484642238617676
3729,59.06808308579421
3730,2.1622819246991622
3731,49.938913509024935
3732,4.552549555748193
3733,30.12828179635463
3734,34.399527228808516
3735,34.399527228808516
3736,40.09456004559261
3737,27.521320714598136
3738,39.1930405844687
3739,59.340269125251076
3740,34.362763805780226
3741,30.583857884548422
3742,30.583857884548422
3743,22.85613995535108
3744,34.399527228808516
3745,22.85613995535108
3746,30.12828179635463
3747,26.71334351599023
3748,22.85613995535108
3749,26.71334351599023
3750,26.71334351599023
3751,30.12828179635463
3752,26.71334351599023
3753,22.85613995535108
3754,24.987859362846333
3755,24.987859362846333
3756,24.987859362846333
3757,30.12828179635463
3758,34.399527228808516
3759,30.583857884548422
3760,24.987859362846333
3761,24.987859362846333
3762,30.12828179635463
3763,27.521320714598136
3764,6.76542599347464
3765,6.76542599347464
3766,6.76542599347464
3767,27.521320714598136
3768,27.521320714598136
3769,4.552549555748193
3770,24.987859362846333
3771,30.12828179635463
3772,26.71334351599023
3773,24.987859362846333
3774,24.987859362846333
3775,24.987859362846333
3776,24.987859362846333
3777,24.987859362846333
3778,30.12828179635463
3779,30.12828179635463
3780,30.12828179635463
3781,109.7355243665627
3782,40.09456004559261
3783,34.362763805780226
3784,27.521320714598136
3785,27.521320714598136
3786,27.521320714598136
3787,27.521320714598136
3788,92.01152474416733
3789,80.76214075373672
3790,6.76542599347464
3791,6.76542599347464
3792,24.987859362846333
3793,4.552549555748193
3794,24.987859362846333
3795,4.552549555748193
3796,22.85613995535108
3797,3.84430975270599
3798,22.85613995535108
3799,22.85613995535108
3800,26.71334351599023
3801,86.62326353107468
3802,78.2524285277061
3803,24.009708509692295
3804,78.2524285277061
3805,97.36739582369539
3806,30.12828179635463
3807,27.521320714598136
3808,24.987859362846333
3809,22.85613995535108
3810,21.043208602581057
3811,24.987859362846333
3812,64.9243605637188
3813,59.06808308579421
3814,72.00204634254263
3815,72.00204634254263
3816,27.960736163844242
3817,6.76542599347464
3818,4.552549555748193
3819,22.85613995535108
3820,4.552549555748193
3821,22.474650943806477
3822,3.84430975270599
3823,21.796503114211557
3824,21.796503114211557
3825,65.46597587243573
3826,21.796503114211557
3827,21.796503114211557
3828,21.796503114211557
3829,21.043208602581057
3830,22.85613995535108
3831,27.521320714598136
3832,27.521320714598136
3833,27.960736163844242
3834,72.00204634254263
3835,3.052721150187646
3836,59.06808308579421
3837,59.06808308579421
3838,27.960736163844242
3839,64.9243605637188
3840,64.9243605637188
3841,3.655857653680356
3842,64.9243605637188
3843,64.9243605637188
3844,24.72755827843379
3845,32.46370395685336
3846,80.76214075373672
3847,3.1263212956374247
3848,1.2128283260593096e-06
3849,2.7047382675466837e-07
3850,1.1578899970312033e-07
3851,6.200981282044222e-07
3852,2.652224466702408e-06
3853,1.7741210622100878e-05
3854,2.652224466702408e-06
3855,5.5077944412347675e-06
3856,1.1733133295697816e-07
3857,3.555934324212227e-06
3858,251.30408789808513
3859,1.2824597853196713
3860,7.18620829169508e-07
3861,3.555934324212227e-06
3862,0.0095120786062911
3863,1.9903443664356015e-06
3864,0.0011260026919993683
3865,6.873685958225514e-06
3866,6.873685958225514e-06
3867,9.398768286047324e-07
3868,3.4517256628904857e-07
3869,5.384736361024744e-08
3870,2.652224466702408e-06
3871,1.1578899970312033e-07
3872,2.4303676672299248e-08
3873,1.7741210622100878e-05
3874,9.398768286047324e-07
3875,1.825317495327987e-07
3876,1.2128283260593096e-06
3877,3.087975706520174e-07
3878,0.00011648409087849211
3879,6.200981282044222e-07
3880,5.5077944412347675e-06
3881,4.51330628955224
3882,4.51330628955224
3883,9.259749518262701
3884,15.69787608125779
3885,6.56049521755229
3886,0.006557588903318603
3887,1.4758122458044296
3888,0.0009127810565195474
3889,0.0010102983122056103
3890,0.029589682792164097
3891,7.631912748282793
3892,107.39944941742105
3893,0.09397019209391112
3894,1.4758122458044296
3895,2.0349333375485035e-07
3896,8.080423457147777e-09
3897,2.7047382675466837e-07
3898,1.1578899970312033e-07
3899,3.975658067594354e-08
3900,3.975658067594354e-08
3901,0.0002817649173628776
3902,1.4758122458044296
3903,0.007546322205748304
3904,0.8387387311661126
3905,1.4758122458044296
3906,4.855089046808215
3907,69.9980007094268
3908,45.86133440083926
3909,69.9980007094268
3910,107.39944941742105
3911,39.226498455042844
3912,32.46370395685336
3913,39.226498455042844
3914,3.655857653680356
3915,1.841619920514153
3916,2.8057090092908448
3917,59.06808308579421
3918,54.13999303054815
3919,4.552549555748193
3920,30.12828179635463
3921,30.12828179635463
3922,30.12828179635463
3923,34.399527228808516
3924,40.09456004559261
3925,109.7355243665627
3926,126.17533319328403
3927,177.00800986991433
3928,203.1968081503157
3929,218.05526382022393
3930,39.1930405844687
3931,34.362763805780226
3932,39.1930405844687
3933,15.69787608125779
3934,72.00204634254263
3935,72.00204634254263
3936,80.76214075373672
3937,72.00204634254263
3938,2.6670630099700774
3939,3.052721150187646
3940,27.960736163844242
3941,59.06808308579421
3942,27.960736163844242
3943,2.6670630099700774
3944,64.9243605637188
3945,2.8057090092908448
3946,64.9243605637188
3947,64.9243605637188
3948,34.362763805780226
3949,39.226498455042844
3950,17.091932512210835
3951,86.60453714383172
3952,271.1560061739212
3953,218.05526382022393
3954,92.01152474416733
3955,17.091932512210835
3956,77.5269492649476
3957,218.05526382022393
3958,77.5269492649476
3959,111.22813614909784
3960,45.86133440083926
3961,45.86133440083926
3962,59.340269125251076
3963,45.86133440083926
3964,59.340269125251076
3965,59.340269125251076
3966,45.86133440083926
3967,17.091932512210835
3968,92.01152474416733
3969,92.01152474416733
3970,15.69787608125779
3971,177.00800986991433
3972,17.091932512210835
3973,177.00800986991433
3974,69.9980007094268
3975,69.9980007094268
3976,86.60453714383172
3977,633.9605302405665
3978,633.9605302405665
3979,152.02291115748434
3980,86.60453714383172
3981,218.05526382022393
3982,203.1968081503157
3983,271.1560061739212
3984,218.05526382022393
3985,210.33374762175126
3986,91.71421290732057
3987,1.1518577754103743
3988,2.3115395174386156e-08
3989,0.00012168000601412643
3990,123.35789860578016
3991,72.59564647117998
3992,0.056787866718545646
3993,101.85814514070852
3994,2.3115395174386156e-08
3995,1.1518577754103743
3996,2.3115395174386156e-08
3997,1.534105695279004e-08
3998,6.701327550031238e-09
3999,1.0459686018652724e-08
4000,3.0156031169886985e-05
4001,1.9903443664356015e-06
4002,152.02291115748434
4003,28.42483268176619
4004,122.06052524472999
4005,5.628678679424277
4006,9.348491371942475e-07
4007,5.628678679424277
4008,1.1186375869366148e-05
4009,2.9162832104204806
4010,45.86133440083926
4011,59.340269125251076
4012,160.804559193147
4013,177.00800986991433
4014,123.35789860578016
4015,0.056787866718545646
4016,0.24783779010086096
4017,2.8219834970917707e-08
4018,2.8219834970917707e-08
4019,1.1640468647166466e-08
4020,6.103841495007645e-08
4021,122.06052524472999
4022,1.1986022985287567e-07
4023,0.035234851038618675
4024,178.5157618519281
4025,0.006325036698882923
4026,6.103841495007645e-08
4027,6.873685958225514e-06
4028,532.9506059879187
4029,310.895497572243
4030,392.2641429239634
4031,104.93797920633706
4032,0.0011669554706910997
4033,104.93797920633706
4034,310.895497572243
4035,9.348491371942475e-07
4036,271.1560061739212
4037,91.71421290732057
4038,1.568978662608839e-05
4039,3.8675696216904056e-07
4040,1.1578899970312033e-07
4041,8.172890180849263e-08
4042,3.975658067594354e-08
4043,3.975658067594354e-08
4044,1.534105695279004e-08
4045,4.665277080768268e-09
4046,1.0754849440835734e-08
4047,2.4303676672299248e-08
4048,4.665277080768268e-09
4049,6.701327550031238e-09
4050,1.0709650498507985e-08
4051,5.431812626185006e-09
4052,2.860964231103859
4053,2.860964231103859
4054,1.9722133049168287
4055,1.9722133049168287
4056,1.1537846082485779
4057,2.094841207391568e-06
4058,1.3654842670313846e-09
4059,1.0107127104187736e-09
4060,4.665277080768268e-09
4061,3.975658067594354e-08
4062,2.8030719197063775e-08
4063,1.1578899970312033e-07
4064,1.985065380152908e-09
4065,0.5139378039485468
4066,2.1649605300730136e-09
4067,9.528702690196909e-10
4068,0.7363033140012959
4069,3.222852252368891e-09
4070,9.528702690196909e-10
4071,1.3903935413482184e-09
4072,2.268766395215333e-09
4073,5.090511267163168e-06
4074,9.348491371942475e-07
4075,122.06052524472999
4076,271.1560061739212
4077,0.006325036698882923
4078,0.09397019209391112
4079,7.631912748282793
4080,50.298601395752854
4081,32.46370395685336
4082,80.76214075373672
4083,2.8057090092908448
4084,59.06808308579421
4085,3.655857653680356
4086,0.0012655494809345274
4087,3.4517256628904857e-07
4088,1.3748489294370036e-08
4089,5.209229831061069e-09
4090,6.373274000150564e-09
4091,8.080423457147777e-09
4092,4.665277080768268e-09
4093,4.665277080768268e-09
4094,3.485585052514426e-09
4095,3.36966534453326e-09
4096,3.222852252368891e-09
4097,1.534105695279004e-08
4098,1.0709650498507985e-08
4099,1.0709650498507985e-08
4100,4.5788680474948696e-08
4101,6.266983536156406e-09
4102,3.7453398396304802
4103,1.9722133049168287
4104,5.589373219712908e-09
4105,2.268766395215333e-09
4106,1.3903935413482184e-09
4107,3.36966534453326e-09
4108,1.534105695279004e-08
4109,1.534105695279004e-08
4110,1.534105695279004e-08
4111,2.4303676672299248e-08
4112,7.876598638384144e-10
4113,5.468290152105388e-10
4114,2.1649605300730136e-09
4115,9.528702690196909e-10
4116,6.701327550031238e-09
4117,3.36966534453326e-09
4118,3.36966534453326e-09
4119,1.0709650498507985e-08
4120,6.266983536156406e-09
4121,5.589373219712908e-09
4122,5.090511267163168e-06
4123,0.4245296695904832
4124,0.4245296695904832
4125,1.6825442337915603e-07
4126,4.07118228282138
4127,3.555934324212227e-06
4128,3.0156031169886985e-05
4129,1.4758122458044296
4130,3.9541644896985497
4131,0.013789104138821862
4132,1.568978662608839e-05
4133,2.652224466702408e-06
4134,2.652224466702408e-06
4135,1.0860131863362427e-06
4136,4.9063738811726574e-08
4137,4.9063738811726574e-08
4138,1.6761657472467922e-08
4139,2.116356285399616e-08
4140,6.373274000150564e-09
4141,6.373274000150564e-09
4142,3.485585052514426e-09
4143,4.665277080768268e-09
4144,1.0754849440835734e-08
4145,6.701327550031238e-09
4146,1.0754849440835734e-08
4147,1.534105695279004e-08
4148,2.0390222608394408e-08
4149,2.0390222608394408e-08
4150,2.4303676672299248e-08
4151,1.0754849440835734e-08
4152,1.0754849440835734e-08
4153,2.4303676672299248e-08
4154,1.534105695279004e-08
4155,1.0754849440835734e-08
4156,2.116356285399616e-08
4157,8.080423457147777e-09
4158,1.6761657472467922e-08
4159,2.116356285399616e-08
4160,2.116356285399616e-08
4161,4.9063738811726574e-08
4162,1.0754849440835734e-08
4163,1.0107127104187736e-09
4164,2.3304307390573853e-09
4165,1.0754849440835734e-08
4166,6.259133269873639e-08
4167,4.5788680474948696e-08
4168,1.0459686018652724e-08
4169,4.5788680474948696e-08
4170,1.701306681554931e-08
4171,2.268766395215333e-09
4172,2.268766395215333e-09
4173,2.268766395215333e-09
4174,2.268766395215333e-09
4175,5.589373219712908e-09
4176,6.752701109705067e-05
4177,2.268766395215333e-09
4178,4.665277080768268e-09
4179,1.534105695279004e-08
4180,1.534105695279004e-08
4181,6.200981282044222e-07
4182,1.2128283260593096e-06
4183,0.002608335024430013
4184,0.0002817649173628776
4185,0.002608335024430013
4186,5.5077944412347675e-06
4187,2.094841207391568e-06
4188,5.938662789084879e-08
4189,0.18572162325042293
4190,2.5888045577293227e-09
4191,6.01960657362272e-09
4192,1.2164094523219897e-08
4193,1.2164094523219897e-08
4194,0.00012168000601412643
4195,91.71421290732057
4196,210.33374762175126
4197,278.66124585350525
4198,86.60453714383172
4199,310.895497572243
4200,2.3115395174386156e-08
4201,2.5888045577293227e-09
4202,5.3130176390603304e-09
4203,0.18572162325042293
4204,0.3481288545237358
4205,5.006697129331564e-10
4206,3.6739846308719077e-10
4207,1.3543826105666887e-09
4208,2.3409658320657184e-09
4209,2.8959964347579184e-09
4210,2.3409658320657184e-09
4211,2.1322594441744425e-09
4212,2.1322594441744425e-09
4213,2.5912328890069802e-09
4214,8.708587600740169e-09
4215,1.158077237064948e-08
4216,1.3748489294370036e-08
4217,1.3748489294370036e-08
4218,1.6761657472467922e-08
4219,1.3748489294370036e-08
4220,1.3748489294370036e-08
4221,2.116356285399616e-08
4222,2.8030719197063775e-08
4223,1.534105695279004e-08
4224,3.975658067594354e-08
4225,2.116356285399616e-08
4226,1.6761657472467922e-08
4227,5.209229831061069e-09
4228,1.6761657472467922e-08
4229,4.374733711436643e-09
4230,1.3892123886311504e-09
4231,2.8959964347579184e-09
4232,2.5912328890069802e-09
4233,2.5912328890069802e-09
4234,2.8959964347579184e-09
4235,2.8959964347579184e-09
4236,3.2738816291291024e-09
4237,3.7525649744849895e-09
4238,6.373274000150564e-09
4239,2.116356285399616e-08
4240,2.116356285399616e-08
4241,6.259133269873639e-08
4242,1.825317495327987e-07
4243,2.8030719197063775e-08
4244,3.975658067594354e-08
4245,3.975658067594354e-08
4246,4.5788680474948696e-08
4247,1.0459686018652724e-08
4248,2.268766395215333e-09
4249,2.268766395215333e-09
4250,1.3903935413482184e-09
4251,1.3903935413482184e-09
4252,9.528702690196909e-10
4253,9.528702690196909e-10
4254,1.0107127104187736e-09
4255,7.032808057850347e-10
4256,1.3543826105666887e-09
4257,2.2284617357793447e-09
4258,1.0991310442964433e-09
4259,1.7321635747867345e-09
4260,5.209229831061069e-09
4261,3.7525649744849895e-09
4262,3.7525649744849895e-09
4263,5.209229831061069e-09
4264,2.2284617357793447e-09
4265,5.209229831061069e-09
4266,6.373274000150564e-09
4267,4.665277080768268e-09
4268,4.665277080768268e-09
4269,4.665277080768268e-09
4270,2.7366984621789174e-09
4271,5.209229831061069e-09
4272,6.373274000150564e-09
4273,5.209229831061069e-09
4274,3.2738816291291024e-09
4275,3.7525649744849895e-09
4276,4.374733711436643e-09
4277,6.373274000150564e-09
4278,6.373274000150564e-09
4279,2.8030719197063775e-08
4280,6.373274000150564e-09
4281,5.209229831061069e-09
4282,6.373274000150564e-09
4283,6.373274000150564e-09
4284,5.209229831061069e-09
4285,5.209229831061069e-09
4286,8.080423457147777e-09
4287,6.701327550031238e-09
4288,1.534105695279004e-08
4289,1.2128283260593096e-06
4290,2.3348273755659474
4291,39.226498455042844
4292,92.01152474416733
4293,3.1263212956374247
4294,0.013789104138821862
4295,3.9541644896985497
4296,3.3757061750390367
4297,2.3348273755659474
4298,1.841619920514153
4299,1.5118810265364664
4300,0.013789104138821862
4301,2.652224466702408e-06
4302,5.5077944412347675e-06
4303,2.8030719197063775e-08
4304,1.825317495327987e-07
4305,1.825317495327987e-07
4306,2.116356285399616e-08
4307,4.374733711436643e-09
4308,1.0860131863362427e-06
4309,4.712401212123844e-05
4310,9.01711183921143e-06
4311,0.0002817649173628776
4312,3.0156031169886985e-05
4313,7.18620829169508e-07
4314,1.1733133295697816e-07
4315,4.5788680474948696e-08
4316,4.5788680474948696e-08
4317,5.384736361024744e-08
4318,0.011858486689460417
4319,9.348491371942475e-07
4320,1.4959800149524758
4321,5.938662789084879e-08
4322,7.032808057850347e-10
4323,2.1649605300730136e-09
4324,4.417585742996617e-10
4325,4.417585742996617e-10
4326,3.485585052514426e-09
4327,2.7366984621789174e-09
4328,3.7525649744849895e-09
4329,3.2738816291291024e-09
4330,2.2284617357793447e-09
4331,1.5959926919715513e-09
4332,3.7525649744849895e-09
4333,2.7366984621789174e-09
4334,1.8655864901127764e-09
4335,2.7366984621789174e-09
4336,4.374733711436643e-09
4337,3.2738816291291024e-09
4338,5.209229831061069e-09
4339,6.373274000150564e-09
4340,6.373274000150564e-09
4341,2.8030719197063775e-08
4342,2.116356285399616e-08
4343,6.182231022652052e-08
4344,2.116356285399616e-08
4345,6.182231022652052e-08
4346,4.032372753414588e-08
4347,4.9063738811726574e-08
4348,1.158077237064948e-08
4349,4.032372753414588e-08
4350,1.158077237064948e-08
4351,8.708587600740169e-09
4352,6.918275713254405e-09
4353,2.3409658320657184e-09
4354,2.1322594441744425e-09
4355,2.8959964347579184e-09
4356,8.708587600740169e-09
4357,9.959498920453437e-09
4358,1.6761657472467922e-08
4359,1.6761657472467922e-08
4360,8.172890180849263e-08
4361,3.4517256628904857e-07
4362,6.259133269873639e-08
4363,1.1733133295697816e-07
4364,4.5788680474948696e-08
4365,1.0709650498507985e-08
4366,2.0390222608394408e-08
4367,1.0709650498507985e-08
4368,1.534105695279004e-08
4369,2.8030719197063775e-08
4370,1.6761657472467922e-08
4371,1.6761657472467922e-08
4372,1.3201776964370702e-07
4373,9.959498920453437e-09
4374,3.2738816291291024e-09
4375,2.8959964347579184e-09
4376,2.5912328890069802e-09
4377,2.1322594441744425e-09
4378,2.5912328890069802e-09
4379,2.5912328890069802e-09
4380,7.718565392041282e-09
4381,9.959498920453437e-09
4382,1.158077237064948e-08
4383,1.158077237064948e-08
4384,1.3748489294370036e-08
4385,1.6761657472467922e-08
4386,2.116356285399616e-08
4387,2.8030719197063775e-08
4388,2.8030719197063775e-08
4389,2.8030719197063775e-08
4390,2.116356285399616e-08
4391,3.975658067594354e-08
4392,1.1578899970312033e-07
4393,4.9063738811726574e-08
4394,1.3748489294370036e-08
4395,9.959498920453437e-09
4396,2.8959964347579184e-09
4397,1.955882858208168e-09
4398,2.3409658320657184e-09
4399,2.1322594441744425e-09
4400,1.6748605175708805e-09
4401,1.8050926715631194e-09
4402,1.8050926715631194e-09
4403,5.709483769161809e-09
4404,6.918275713254405e-09
4405,9.959498920453437e-09
4406,9.959498920453437e-09
4407,1.158077237064948e-08
4408,1.3748489294370036e-08
4409,1.3748489294370036e-08
4410,1.3748489294370036e-08
4411,1.3748489294370036e-08
4412,5.209229831061069e-09
4413,1.6761657472467922e-08
4414,6.373274000150564e-09
4415,5.431812626185006e-09
4416,3.222852252368891e-09
4417,2.268766395215333e-09
4418,6.752701109705067e-05
4419,6.752701109705067e-05
4420,1.0531633618367227
4421,1.1640468647166466e-08
4422,6.103841495007645e-08
4423,5.628678679424277
4424,210.33374762175126
4425,0.006325036698882923
4426,1.9722133049168287
4427,2.860964231103859
4428,2.860964231103859
4429,5.589373219712908e-09
4430,3.36966534453326e-09
4431,1.534105695279004e-08
4432,1.1733133295697816e-07
4433,1.1733133295697816e-07
4434,3.087975706520174e-07
4435,4.5788680474948696e-08
4436,3.975658067594354e-08
4437,1.0709650498507985e-08
4438,6.259133269873639e-08
4439,3.975658067594354e-08
4440,1.0754849440835734e-08
4441,2.8030719197063775e-08
4442,6.182231022652052e-08
4443,4.032372753414588e-08
4444,3.40286922008183e-08
4445,5.209229831061069e-09
4446,1.8655864901127764e-09
4447,4.374733711436643e-09
4448,2.8959964347579184e-09
4449,2.3409658320657184e-09
4450,2.3409658320657184e-09
4451,2.5912328890069802e-09
4452,2.5912328890069802e-09
4453,2.5912328890069802e-09
4454,3.7525649744849895e-09
4455,3.7525649744849895e-09
4456,5.209229831061069e-09
4457,8.080423457147777e-09
4458,8.080423457147777e-09
4459,5.431812626185006e-09
4460,1.0459686018652724e-08
4461,6.266983536156406e-09
4462,5.090511267163168e-06
4463,1.3903935413482184e-09
4464,2.860964231103859
4465,1.4959800149524758
4466,1.0531633618367227
4467,7.032808057850347e-10
4468,7.876598638384144e-10
4469,3.7094816820833885e-10
4470,3.6739846308719077e-10
4471,0.17876729752053536
4472,2.2621872377314022e-10
4473,0.06657285388458717
4474,0.09170165321397324
4475,0.17876729752053536
4476,2.6126427581992604e-10
4477,3.7094816820833885e-10
4478,0.35949385073315065
4479,0.18572162325042293
4480,8.196553497867137e-08
4481,2.474228564651619e-09
4482,5.6198304170490064e-06
4483,5.6198304170490064e-06
4484,2.3115395174386156e-08
4485,122.06052524472999
4486,91.71421290732057
4487,203.1968081503157
4488,91.71421290732057
4489,2.8219834970917707e-08
4490,7.622838924583927e-09
4491,5.3130176390603304e-09
4492,2.5888045577293227e-09
4493,1.92575550900427e-09
4494,1.92575550900427e-09
4495,8.52093139584731e-10
4496,1.1045691816766311e-09
4497,1.1045691816766311e-09
4498,3.121883462783422e-09
4499,1.5067190599581942e-09
4500,2.5436710767783086e-09
4501,3.121883462783422e-09
4502,1.574979110102823e-07
4503,123.35789860578016
4504,123.35789860578016
4505,123.35789860578016
4506,123.35789860578016
4507,101.85814514070852
4508,50.222121792322056
4509,0.0037698623178185177
4510,2.5846148347646227e-08
4511,6.01960657362272e-09
4512,5.473573402829054e-08
4513,1.2164094523219897e-08
4514,6.701327550031238e-09
4515,6.266983536156406e-09
4516,72.59564647117998
4517,3.739395386812353e-09
4518,7.622838924583927e-09
4519,1.92575550900427e-09
4520,7.622838924583927e-09
4521,1.92575550900427e-09
4522,5.6198304170490064e-06
4523,1.1045691816766311e-09
4524,1.1045691816766311e-09
4525,8.196553497867137e-08
4526,5.6198304170490064e-06
4527,2.094841207391568e-06
4528,0.001801692458455696
4529,6.266983536156406e-09
4530,1.0459686018652724e-08
4531,6.266983536156406e-09
4532,0.035234851038618675
4533,1.1186375869366148e-05
4534,2.0160278858747746e-05
4535,28.42483268176619
4536,0.011858486689460417
4537,2.3115395174386156e-08
4538,5.473573402829054e-08
4539,0.0003125976927992579
4540,0.3481288545237358
4541,3.7094816820833885e-10
4542,0.7363033140012959
4543,0.25266830426810055
4544,0.25266830426810055
4545,9.175657408248993e-10
4546,2.0349333375485035e-07
4547,8.172890180849263e-08
4548,9.528702690196909e-10
4549,1.0459686018652724e-08
4550,1.534105695279004e-08
4551,3.975658067594354e-08
4552,2.799970821309973e-08
4553,1.1186375869366148e-05
4554,8.858738421677122
4555,0.0023260893190104512
4556,0.0003125976927992579
4557,0.011858486689460417
4558,9.348491371942475e-07
4559,1.1640468647166466e-08
4560,6.01960657362272e-09
4561,3.739395386812353e-09
4562,7.622838924583927e-09
4563,8.52093139584731e-10
4564,0.02814698778616741
4565,0.18572162325042293
4566,0.008387766063829722
4567,0.002653418772670274
4568,0.04878862219970316
4569,0.015262019977807646
4570,1.9880342850378666e-10
4571,2.6126427581992604e-10
4572,0.25266830426810055
4573,5.938662789084879e-08
4574,5.938662789084879e-08
4575,0.001801692458455696
4576,1.2164094523219897e-08
4577,5.3130176390603304e-09
4578,0.015262019977807646
4579,5.006697129331564e-10
4580,7.83106652456249e-10
4581,4.374733711436643e-09
4582,1.7321635747867345e-09
4583,1.3654842670313846e-09
4584,9.528702690196909e-10
4585,9.528702690196909e-10
4586,9.528702690196909e-10
4587,5.468290152105388e-10
4588,7.876598638384144e-10
4589,6.374912388563816e-10
4590,4.417585742996617e-10
4591,6.374912388563816e-10
4592,8.080423457147777e-09
4593,6.373274000150564e-09
4594,3.485585052514426e-09
4595,2.7366984621789174e-09
4596,4.374733711436643e-09
4597,4.374733711436643e-09
4598,3.7525649744849895e-09
4599,1.3748489294370036e-08
4600,6.373274000150564e-09
4601,8.080423457147777e-09
4602,1.0754849440835734e-08
4603,8.080423457147777e-09
4604,2.116356285399616e-08
4605,3.975658067594354e-08
4606,3.975658067594354e-08
4607,1.534105695279004e-08
4608,2.4303676672299248e-08
4609,8.080423457147777e-09
4610,3.7525649744849895e-09
4611,1.5959926919715513e-09
4612,9.175657408248993e-10
4613,1.5959926919715513e-09
4614,1.3892123886311504e-09
4615,2.8959964347579184e-09
4616,2.5912328890069802e-09
4617,2.5912328890069802e-09
4618,2.3409658320657184e-09
4619,2.8959964347579184e-09
4620,2.3409658320657184e-09
4621,2.8959964347579184e-09
4622,3.7525649744849895e-09
4623,4.374733711436643e-09
4624,4.374733711436643e-09
4625,3.7525649744849895e-09
4626,5.209229831061069e-09
4627,6.373274000150564e-09
4628,4.665277080768268e-09
4629,3.36966534453326e-09
4630,4.665277080768268e-09
4631,1.534105695279004e-08
4632,0.035234851038618675
4633,5.589373219712908e-09
4634,9.528702690196909e-10
4635,5.938662789084879e-08
4636,6.752701109705067e-05
4637,1.0107127104187736e-09
4638,1.3543826105666887e-09
4639,2.7366984621789174e-09
4640,2.8959964347579184e-09
4641,1.3892123886311504e-09
4642,2.8959964347579184e-09
4643,1.3892123886311504e-09
4644,3.2738816291291024e-09
4645,5.209229831061069e-09
4646,3.485585052514426e-09
4647,4.5788680474948696e-08
4648,1.0459686018652724e-08
4649,2.0946700458701626
4650,3.114343576656502
4651,9.348491371942475e-07
4652,1.9722133049168287
4653,1.1640468647166466e-08
4654,5.473573402829054e-08
4655,2.8219834970917707e-08
4656,2.640719142600979e-06
4657,0.056787866718545646
4658,1.574979110102823e-07
4659,0.0037698623178185177
4660,2.5846148347646227e-08
4661,1.9996545360667444e-08
4662,1.6349314836627446e-08
4663,0.00013831248208142757
4664,8.233664781691873e-09
4665,3.3838283336881168e-09
4666,2.1305567453651366e-09
4667,0.052486920695188524
4668,0.17876729752053536
4669,1.8655864901127764e-09
4670,2.2284617357793447e-09
4671,1.0991310442964433e-09
4672,1.0107127104187736e-09
4673,1.0107127104187736e-09
4674,5.938662789084879e-08
4675,0.5139378039485468
4676,0.18572162325042293
4677,3.7094816820833885e-10
4678,0.5139378039485468
4679,2.1649605300730136e-09
4680,0.5139378039485468
4681,2.1649605300730136e-09
4682,3.7094816820833885e-10
4683,2.6126427581992604e-10
4684,3.7094816820833885e-10
4685,1.9880342850378666e-10
4686,3.0752457689112286e-10
4687,5.346507200049876e-10
4688,6.802626292459011e-10
4689,3.4523833034333987e-10
4690,3.0752457689112286e-10
4691,4.5233046929138343e-10
4692,2.70786668198813e-10
4693,4.5233046929138343e-10
4694,9.175657408248993e-10
4695,9.175657408248993e-10
4696,1.3892123886311504e-09
4697,1.5959926919715513e-09
4698,1.3892123886311504e-09
4699,1.3892123886311504e-09
4700,2.5912328890069802e-09
4701,2.5912328890069802e-09
4702,2.8959964347579184e-09
4703,1.5959926919715513e-09
4704,1.3543826105666887e-09
4705,1.5959926919715513e-09
4706,9.175657408248993e-10
4707,1.0991310442964433e-09
4708,1.0991310442964433e-09
4709,1.8655864901127764e-09
4710,1.2264188109148626e-09
4711,2.5912328890069802e-09
4712,1.3892123886311504e-09
4713,9.175657408248993e-10
4714,6.374912388563816e-10
4715,3.7525649744849895e-09
4716,2.8959964347579184e-09
4717,2.8959964347579184e-09
4718,5.209229831061069e-09
4719,2.7366984621789174e-09
4720,4.665277080768268e-09
4721,2.268766395215333e-09
4722,1.3903935413482184e-09
4723,9.528702690196909e-10
4724,5.589373219712908e-09
4725,2.268766395215333e-09
4726,0.001801692458455696
4727,2.0946700458701626
4728,5.090511267163168e-06
4729,1.985065380152908e-09
4730,1.3654842670313846e-09
4731,3.485585052514426e-09
4732,1.8655864901127764e-09
4733,3.2738816291291024e-09
4734,3.7525649744849895e-09
4735,2.8959964347579184e-09
4736,3.2738816291291024e-09
4737,2.5912328890069802e-09
4738,2.8959964347579184e-09
4739,3.7525649744849895e-09
4740,3.7525649744849895e-09
4741,5.209229831061069e-09
4742,5.209229831061069e-09
4743,6.373274000150564e-09
4744,2.8030719197063775e-08
4745,2.8030719197063775e-08
4746,1.825317495327987e-07
4747,1.1986022985287567e-07
4748,4.291661214027981
4749,4.07118228282138
4750,310.895497572243
4751,28.42483268176619
4752,0.8897300759593274
4753,2.0053677733855493e-06
4754,5.473573402829054e-08
4755,0.0003125976927992579
4756,1.4959800149524758
4757,9.528702690196909e-10
4758,9.528702690196909e-10
4759,2.3304307390573853e-09
4760,3.975658067594354e-08
4761,1.1578899970312033e-07
4762,5.5077944412347675e-06
4763,0.007546322205748304
4764,1.0709650498507985e-08
4765,1.0107127104187736e-09
4766,9.528702690196909e-10
4767,1.3903935413482184e-09
4768,0.6429788909358873
4769,1.3903935413482184e-09
4770,1.985065380152908e-09
4771,1.0709650498507985e-08
4772,2.116356285399616e-08
4773,2.8030719197063775e-08
4774,1.1578899970312033e-07
4775,4.5788680474948696e-08
4776,9.398768286047324e-07
4777,6.200981282044222e-07
4778,8.172890180849263e-08
4779,1.5925814230480148e-06
4780,2.7047382675466837e-07
4781,2.7047382675466837e-07
4782,8.172890180849263e-08
4783,2.116356285399616e-08
4784,2.7366984621789174e-09
4785,5.209229831061069e-09
4786,2.8030719197063775e-08
4787,4.374733711436643e-09
4788,4.374733711436643e-09
4789,1.0754849440835734e-08
4790,1.2128283260593096e-06
4791,1.9903443664356015e-06
4792,9.398768286047324e-07
4793,1.7741210622100878e-05
4794,0.006557588903318603
4795,0.030959600555135462
4796,0.048982893376135705
4797,3.0156031169886985e-05
4798,0.0011260026919993683
4799,2.2899119258927567
4800,1.9777830903337277
4801,0.030959600555135462
4802,0.003165389900431905
4803,3.0156031169886985e-05
4804,1.2128283260593096e-06
4805,3.4517256628904857e-07
4806,6.200981282044222e-07
4807,0.00012831858759014103
4808,2.7047382675466837e-07
4809,2.0349333375485035e-07
4810,2.398176127233567
4811,3.7705159510712307
4812,3.9541644896985497
4813,4.51330628955224
4814,3.555363428247172
4815,19.902170161063655
4816,3.0156031169886985e-05
4817,6.200981282044222e-07
4818,1.568978662608839e-05
4819,0.0009127810565195474
4820,0.048982893376135705
4821,3.1388004538913446e-07
4822,3.1388004538913446e-07
4823,1.6825442337915603e-07
4824,1.1986022985287567e-07
4825,4.5788680474948696e-08
4826,1.1733133295697816e-07
4827,6.200981282044222e-07
4828,3.975658067594354e-08
4829,2.8030719197063775e-08
4830,6.182231022652052e-08
4831,2.0349333375485035e-07
4832,2.7047382675466837e-07
4833,2.8030719197063775e-08
4834,1.3748489294370036e-08
4835,6.373274000150564e-09
4836,4.374733711436643e-09
4837,6.373274000150564e-09
4838,2.116356285399616e-08
4839,1.534105695279004e-08
4840,1.0709650498507985e-08
4841,1.0754849440835734e-08
4842,1.0754849440835734e-08
4843,1.0754849440835734e-08
4844,4.665277080768268e-09
4845,1.3903935413482184e-09
4846,7.032808057850347e-10
4847,9.528702690196909e-10
4848,9.528702690196909e-10
4849,5.468290152105388e-10
4850,4.417585742996617e-10
4851,5.468290152105388e-10
4852,9.528702690196909e-10
4853,0.5139378039485468
4854,0.02814698778616741
4855,0.17876729752053536
4856,2.6126427581992604e-10
4857,2.6126427581992604e-10
4858,2.2621872377314022e-10
4859,3.125683901528292e-10
4860,4.417585742996617e-10
4861,3.7094816820833885e-10
4862,0.25266830426810055
4863,0.25266830426810055
4864,3.0732137608778376e-10
4865,3.6739846308719077e-10
4866,1.0107127104187736e-09
4867,1.3543826105666887e-09
4868,1.0991310442964433e-09
4869,2.2284617357793447e-09
4870,1.8655864901127764e-09
4871,5.209229831061069e-09
4872,2.7366984621789174e-09
4873,2.2284617357793447e-09
4874,4.374733711436643e-09
4875,3.2738816291291024e-09
4876,1.5959926919715513e-09
4877,1.3892123886311504e-09
4878,2.5912328890069802e-09
4879,3.2738816291291024e-09
4880,3.2738816291291024e-09
4881,9.959498920453437e-09
4882,3.7525649744849895e-09
4883,4.374733711436643e-09
4884,5.209229831061069e-09
4885,1.3748489294370036e-08
4886,2.116356285399616e-08
4887,1.0754849440835734e-08
4888,1.0754849440835734e-08
4889,4.5788680474948696e-08
4890,1.1733133295697816e-07
4891,1.0459686018652724e-08
4892,1.1986022985287567e-07
4893,6.873685958225514e-06
4894,1.9903443664356015e-06
4895,0.3832824608648755
4896,3.1263212956374247
4897,1.5118810265364664
4898,2.1622819246991622
4899,54.13999303054815
4900,54.13999303054815
4901,54.13999303054815
4902,2.6670630099700774
4903,2.4872195010994513
4904,2.4872195010994513
4905,2.8057090092908448
4906,3.655857653680356
4907,72.00204634254263
4908,3.7705159510712307
4909,4.855089046808215
4910,0.048982893376135705
4911,3.555934324212227e-06
4912,0.0001634125813479309
4913,0.007546322205748304
4914,4.51330628955224
4915,1.4758122458044296
4916,0.029589682792164097
4917,3.1263212956374247
4918,0.1071885291448831
4919,0.47864847667471133
4920,0.1071885291448831
4921,9.398768286047324e-07
4922,1.7741210622100878e-05
4923,1.2128283260593096e-06
4924,2.652224466702408e-06
4925,6.259133269873639e-08
4926,8.172890180849263e-08
4927,3.8675696216904056e-07
4928,1.1578899970312033e-07
4929,9.01711183921143e-06
4930,6.200981282044222e-07
4931,1.1578899970312033e-07
4932,6.200981282044222e-07
4933,4.554758677666256
4934,4.51330628955224
4935,0.0010102983122056103
4936,3.0156031169886985e-05
4937,1.7741210622100878e-05
4938,1.7741210622100878e-05
4939,310.895497572243
4940,0.649311804896333
4941,2.2899119258927567
4942,2.2899119258927567
4943,1.3566818018436504
4944,8.858738421677122
4945,0.4245296695904832
4946,4.5788680474948696e-08
4947,5.431812626185006e-09
4948,1.985065380152908e-09
4949,1.3654842670313846e-09
4950,1.0107127104187736e-09
4951,7.032808057850347e-10
4952,2.1649605300730136e-09
4953,0.09861182178648853
4954,1.92575550900427e-09
4955,2.5888045577293227e-09
4956,0.18572162325042293
4957,0.18572162325042293
4958,0.7363033140012959
4959,7.876598638384144e-10
4960,7.032808057850347e-10
4961,5.468290152105388e-10
4962,5.468290152105388e-10
4963,9.528702690196909e-10
4964,5.938662789084879e-08
4965,9.528702690196909e-10
4966,1.0107127104187736e-09
4967,9.175657408248993e-10
4968,1.8655864901127764e-09
4969,4.374733711436643e-09
4970,3.7525649744849895e-09
4971,4.374733711436643e-09
4972,2.8959964347579184e-09
4973,2.8959964347579184e-09
4974,1.3892123886311504e-09
4975,1.2264188109148626e-09
4976,1.2264188109148626e-09
4977,2.8959964347579184e-09
4978,3.2738816291291024e-09
4979,3.7525649744849895e-09
4980,9.959498920453437e-09
4981,9.959498920453437e-09
4982,2.116356285399616e-08
4983,1.6761657472467922e-08
4984,1.0754849440835734e-08
4985,1.0754849440835734e-08
4986,1.534105695279004e-08
4987,1.534105695279004e-08
4988,2.4303676672299248e-08
4989,2.0390222608394408e-08
4990,1.0709650498507985e-08
4991,1.534105695279004e-08
4992,1.534105695279004e-08
4993,5.431812626185006e-09
4994,4.665277080768268e-09
4995,6.373274000150564e-09
4996,3.485585052514426e-09
4997,2.7366984621789174e-09
4998,1.7321635747867345e-09
4999,3.485585052514426e-09
5000,3.975658067594354e-08
5001,1.6761657472467922e-08
5002,6.373274000150564e-09
5003,8.080423457147777e-09
5004,5.209229831061069e-09
5005,1.0754849440835734e-08
5006,4.665277080768268e-09
5007,4.665277080768268e-09
5008,1.985065380152908e-09
5009,1.985065380152908e-09
5010,2.268766395215333e-09
5011,2.268766395215333e-09
5012,6.752701109705067e-05
5013,1.3654842670313846e-09
5014,1.3654842670313846e-09
5015,3.485585052514426e-09
5016,6.752701109705067e-05
5017,1.3903935413482184e-09
5018,1.3543826105666887e-09
5019,2.2284617357793447e-09
5020,1.8655864901127764e-09
5021,2.8959964347579184e-09
5022,2.8959964347579184e-09
5023,2.5912328890069802e-09
5024,2.5912328890069802e-09
5025,2.5912328890069802e-09
5026,2.5912328890069802e-09
5027,6.918275713254405e-09
5028,2.8959964347579184e-09
5029,3.2738816291291024e-09
5030,3.2738816291291024e-09
5031,2.8959964347579184e-09
5032,4.374733711436643e-09
5033,1.8655864901127764e-09
5034,4.374733711436643e-09
5035,3.2738816291291024e-09
5036,3.2738816291291024e-09
5037,3.7525649744849895e-09
5038,2.8959964347579184e-09
5039,3.7525649744849895e-09
5040,3.2738816291291024e-09
5041,4.374733711436643e-09
5042,4.374733711436643e-09
5043,7.876598638384144e-10
5044,1.3654842670313846e-09
5045,2.3304307390573853e-09
5046,1.985065380152908e-09
5047,3.485585052514426e-09
5048,2.3409658320657184e-09
5049,2.5912328890069802e-09
5050,2.8959964347579184e-09
5051,2.5912328890069802e-09
5052,2.8959964347579184e-09
5053,1.8655864901127764e-09
5054,1.3543826105666887e-09
5055,9.528702690196909e-10
5056,0.7363033140012959
5057,0.5139378039485468
5058,7.032808057850347e-10
5059,5.468290152105388e-10
5060,7.876598638384144e-10
5061,1.3892123886311504e-09
5062,2.8959964347579184e-09
5063,5.209229831061069e-09
5064,3.485585052514426e-09
5065,3.485585052514426e-09
5066,1.7321635747867345e-09
5067,4.374733711436643e-09
5068,3.7525649744849895e-09
5069,3.7525649744849895e-09
5070,2.2284617357793447e-09
5071,2.2284617357793447e-09
5072,2.2284617357793447e-09
5073,2.8959964347579184e-09
5074,3.2738816291291024e-09
5075,2.8959964347579184e-09
5076,3.2738816291291024e-09
5077,3.7525649744849895e-09
5078,3.7525649744849895e-09
5079,9.959498920453437e-09
5080,1.6761657472467922e-08
5081,5.209229831061069e-09
5082,4.374733711436643e-09
5083,1.158077237064948e-08
5084,1.6761657472467922e-08
5085,2.8030719197063775e-08
5086,1.6761657472467922e-08
5087,1.6761657472467922e-08
5088,2.116356285399616e-08
5089,1.6761657472467922e-08
5090,1.6761657472467922e-08
5091,1.6761657472467922e-08
5092,1.3748489294370036e-08
5093,6.373274000150564e-09
5094,2.2284617357793447e-09
5095,5.209229831061069e-09
5096,1.8655864901127764e-09
5097,3.7525649744849895e-09
5098,3.7525649744849895e-09
5099,4.374733711436643e-09
5100,2.7366984621789174e-09
5101,4.665277080768268e-09
5102,5.589373219712908e-09
5103,6.103841495007645e-08
5104,1.7834067391064326e-08
5105,1.2516362399638536e-08
5106,1.9996545360667444e-08
5107,0.0037698623178185177
5108,1.7834067391064326e-08
5109,0.6429788909358873
5110,1.5959926919715513e-09
5111,2.3409658320657184e-09
5112,3.7525649744849895e-09
5113,1.7321635747867345e-09
5114,7.876598638384144e-10
5115,6.374912388563816e-10
5116,3.7094816820833885e-10
5117,0.5139378039485468
5118,2.8219834970917707e-08
5119,59.340269125251076
5120,80.76214075373672
5121,3.1263212956374247
5122,1.5925814230480148e-06
5123,8.080423457147777e-09
5124,4.374733711436643e-09
5125,3.7525649744849895e-09
5126,1.534105695279004e-08
5127,4.5788680474948696e-08
5128,5.5077944412347675e-06
5129,0.3420401560141251
5130,0.3420401560141251
5131,0.013789104138821862
5132,0.002608335024430013
5133,1.7741210622100878e-05
5134,1.1986022985287567e-07
5135,0.0009127810565195474
5136,0.007546322205748304
5137,0.0009127810565195474
5138,0.029589682792164097
5139,0.0012655494809345274
5140,0.00012831858759014103
5141,2.652224466702408e-06
5142,6.200981282044222e-07
5143,3.4398399605017355e-05
5144,2.652224466702408e-06
5145,8.028200578903554e-07
5146,4.278979374060759e-06
5147,4.278979374060759e-06
5148,5.092760307921811e-07
5149,1.5925814230480148e-06
5150,0.00012831858759014103
5151,1.568978662608839e-05
5152,5.5077944412347675e-06
5153,5.5077944412347675e-06
5154,9.398768286047324e-07
5155,3.4517256628904857e-07
5156,3.555934324212227e-06
5157,3.555934324212227e-06
5158,0.0001634125813479309
5159,6.873685958225514e-06
5160,0.0001634125813479309
5161,3.087975706520174e-07
5162,1.5925814230480148e-06
5163,5.9435422459833635e-06
5164,7.270396141802273e-05
5165,0.0012655494809345274
5166,9.01711183921143e-06
5167,1.5925814230480148e-06
5168,0.0002817649173628776
5169,3.4398399605017355e-05
5170,3.555934324212227e-06
5171,1.2128283260593096e-06
5172,3.8675696216904056e-07
5173,1.825317495327987e-07
5174,5.5077944412347675e-06
5175,3.555934324212227e-06
5176,1.2128283260593096e-06
5177,3.087975706520174e-07
5178,2.0390222608394408e-08
5179,6.266983536156406e-09
5180,5.589373219712908e-09
5181,1.1537846082485779
5182,1.1640468647166466e-08
5183,7.622838924583927e-09
5184,6.076316454116227e-09
5185,2.5436710767783086e-09
5186,1.223397376935971e-09
5187,8.52093139584731e-10
5188,0.7363033140012959
5189,2.2284617357793447e-09
5190,4.374733711436643e-09
5191,1.0860131863362427e-06
5192,0.00017187085053924073
5193,0.0015502073423958001
5194,0.0015502073423958001
5195,0.06792889821723655
5196,0.0021110036972064403
5197,0.00021033198179733537
5198,0.0002658615654312196
5199,0.0003506181068782634
5200,0.0025425755543386653
5201,0.0004897325801265481
5202,5.5077944412347675e-06
5203,1.825317495327987e-07
5204,5.5077944412347675e-06
5205,1.2128283260593096e-06
5206,1.7741210622100878e-05
5207,3.555934324212227e-06
5208,3.1388004538913446e-07
5209,5.384736361024744e-08
5210,8.172890180849263e-08
5211,6.269644095711962e-07
5212,1.0860131863362427e-06
5213,2.7047382675466837e-07
5214,6.269644095711962e-07
5215,5.092760307921811e-07
5216,4.712401212123844e-05
5217,4.278979374060759e-06
5218,4.278979374060759e-06
5219,4.278979374060759e-06
5220,3.2724753873877363e-06
5221,9.01711183921143e-06
5222,0.0002817649173628776
5223,3.0156031169886985e-05
5224,1.7741210622100878e-05
5225,3.4517256628904857e-07
5226,1.9903443664356015e-06
5227,3.1388004538913446e-07
5228,1.9903443664356015e-06
5229,1.7741210622100878e-05
5230,1.7741210622100878e-05
5231,3.555934324212227e-06
5232,1.825317495327987e-07
5233,1.2128283260593096e-06
5234,6.259133269873639e-08
5235,2.4303676672299248e-08
5236,1.534105695279004e-08
5237,6.373274000150564e-09
5238,4.374733711436643e-09
5239,3.2738816291291024e-09
5240,3.7525649744849895e-09
5241,3.2738816291291024e-09
5242,2.8959964347579184e-09
5243,3.2738816291291024e-09
5244,4.374733711436643e-09
5245,8.080423457147777e-09
5246,8.080423457147777e-09
5247,2.116356285399616e-08
5248,2.116356285399616e-08
5249,2.116356285399616e-08
5250,2.116356285399616e-08
5251,2.8030719197063775e-08
5252,1.825317495327987e-07
5253,1.1733133295697816e-07
5254,6.266983536156406e-09
5255,0.001801692458455696
5256,0.011858486689460417
5257,9.348491371942475e-07
5258,2.0946700458701626
5259,6.752701109705067e-05
5260,1.0531633618367227
5261,1.0531633618367227
5262,1.3654842670313846e-09
5263,1.3543826105666887e-09
5264,5.209229831061069e-09
5265,5.209229831061069e-09
5266,6.373274000150564e-09
5267,4.374733711436643e-09
5268,5.209229831061069e-09
5269,8.172890180849263e-08
5270,57.517396275152834
5271,3.114343576656502
5272,0.0010102983122056103
5273,6.873685958225514e-06
5274,1.1733133295697816e-07
5275,3.4517256628904857e-07
5276,5.5077944412347675e-06
5277,5.5077944412347675e-06
5278,0.0011260026919993683
5279,4.07118228282138
5280,532.9506059879187
5281,0.006325036698882923
5282,0.035234851038618675
5283,4.5788680474948696e-08
5284,1.534105695279004e-08
5285,2.8030719197063775e-08
5286,3.975658067594354e-08
5287,2.116356285399616e-08
5288,6.182231022652052e-08
5289,2.116356285399616e-08
5290,2.116356285399616e-08
5291,3.975658067594354e-08
5292,6.259133269873639e-08
5293,2.4303676672299248e-08
5294,3.087975706520174e-07
5295,0.0001634125813479309
5296,0.0095120786062911
5297,1.9903443664356015e-06
5298,104.93797920633706
5299,392.2641429239634
5300,310.895497572243
5301,210.33374762175126
5302,5.628678679424277
5303,5.628678679424277
5304,0.01040336961582853
5305,156.16847869608102
5306,101.85814514070852
5307,1.2516362399638536e-08
5308,1.7834067391064326e-08
5309,8.196553497867137e-08
5310,6.01960657362272e-09
5311,5.3130176390603304e-09
5312,1.1045691816766311e-09
5313,5.3130176390603304e-09
5314,0.09861182178648853
5315,4.417585742996617e-10
5316,2.474228564651619e-09
5317,0.35949385073315065
5318,2.474228564651619e-09
5319,2.474228564651619e-09
5320,0.18572162325042293
5321,0.18572162325042293
5322,8.196553497867137e-08
5323,0.3481288545237358
5324,0.7363033140012959
5325,1.985065380152908e-09
5326,4.665277080768268e-09
5327,2.0390222608394408e-08
5328,6.701327550031238e-09
5329,1.534105695279004e-08
5330,1.0754849440835734e-08
5331,6.373274000150564e-09
5332,6.373274000150564e-09
5333,6.373274000150564e-09
5334,4.9063738811726574e-08
5335,2.116356285399616e-08
5336,8.080423457147777e-09
5337,5.209229831061069e-09
5338,1.6761657472467922e-08
5339,5.209229831061069e-09
5340,8.080423457147777e-09
5341,1.534105695279004e-08
5342,6.259133269873639e-08
5343,6.259133269873639e-08
5344,6.266983536156406e-09
5345,0.0003125976927992579
5346,6.752701109705067e-05
5347,2.094841207391568e-06
5348,2.094841207391568e-06
5349,1.0531633618367227
5350,5.6198304170490064e-06
5351,0.7363033140012959
5352,2.1649605300730136e-09
5353,7.032808057850347e-10
5354,3.0732137608778376e-10
5355,4.417585742996617e-10
5356,6.374912388563816e-10
5357,5.309946844991445e-10
5358,2.2284617357793447e-09
5359,1.7321635747867345e-09
5360,3.7525649744849895e-09
5361,2.8959964347579184e-09
5362,2.5912328890069802e-09
5363,3.7525649744849895e-09
5364,3.2738816291291024e-09
5365,1.8655864901127764e-09
5366,3.485585052514426e-09
5367,2.3304307390573853e-09
5368,2.7366984621789174e-09
5369,1.3654842670313846e-09
5370,1.0107127104187736e-09
5371,9.528702690196909e-10
5372,9.528702690196909e-10
5373,9.528702690196909e-10
5374,2.094841207391568e-06
5375,2.094841207391568e-06
5376,1.0531633618367227
5377,5.938662789084879e-08
5378,1.3543826105666887e-09
5379,1.3654842670313846e-09
5380,1.3543826105666887e-09
5381,1.0991310442964433e-09
5382,1.8655864901127764e-09
5383,1.3748489294370036e-08
5384,1.6761657472467922e-08
5385,6.373274000150564e-09
5386,4.665277080768268e-09
5387,8.080423457147777e-09
5388,1.534105695279004e-08
5389,1.0459686018652724e-08
5390,1.0459686018652724e-08
5391,0.6429788909358873
5392,0.3481288545237358
5393,1.2164094523219897e-08
5394,3.739395386812353e-09
5395,2.474228564651619e-09
5396,0.02814698778616741
5397,1.1045691816766311e-09
5398,1.1045691816766311e-09
5399,2.5888045577293227e-09
5400,2.5888045577293227e-09
5401,2.5888045577293227e-09
5402,8.52093139584731e-10
5403,6.89798837455287e-10
5404,1.5067190599581942e-09
5405,0.015262019977807646
5406,0.09170165321397324
5407,2.70786668198813e-10
5408,9.881222420822969e-10
5409,1.0954438639371563e-09
5410,1.2264188109148626e-09
5411,1.3892123886311504e-09
5412,3.2738816291291024e-09
5413,4.374733711436643e-09
5414,4.665277080768268e-09
5415,1.0754849440835734e-08
5416,2.8030719197063775e-08
5417,2.4303676672299248e-08
5418,2.4303676672299248e-08
5419,1.1733133295697816e-07
5420,5.384736361024744e-08
5421,1.701306681554931e-08
5422,2.799970821309973e-08
5423,6.266983536156406e-09
5424,5.090511267163168e-06
5425,6.266983536156406e-09
5426,4.665277080768268e-09
5427,1.0754849440835734e-08
5428,1.0754849440835734e-08
5429,8.080423457147777e-09
5430,8.080423457147777e-09
5431,6.373274000150564e-09
5432,2.116356285399616e-08
5433,8.080423457147777e-09
5434,2.8030719197063775e-08
5435,8.080423457147777e-09
5436,8.080423457147777e-09
5437,1.534105695279004e-08
5438,6.701327550031238e-09
5439,9.398768286047324e-07
5440,1.9903443664356015e-06
5441,3.0156031169886985e-05
5442,2.9162832104204806
5443,1.4758122458044296
5444,4.855089046808215
5445,2.9162832104204806
5446,6.56049521755229
5447,7.233795617204575
5448,9.259749518262701
5449,189.04001809425114
5450,50.298601395752854
5451,17.091932512210835
5452,92.01152474416733
5453,75.2697639557526
5454,72.00204634254263
5455,3.655857653680356
5456,3.655857653680356
5457,3.655857653680356
5458,3.7705159510712307
5459,3.7705159510712307
5460,3.217438588318973
5461,80.76214075373672
5462,72.00204634254263
5463,64.9243605637188
5464,8.639335135475115
5465,47.92777843015664
5466,177.00800986991433
5467,177.00800986991433
5468,59.340269125251076
5469,147.77163969824431
5470,40.09456004559261
5471,109.7355243665627
5472,109.7355243665627
5473,109.7355243665627
5474,85.79501211040281
5475,97.24365211009078
5476,97.24365211009078
5477,75.83934339567269
5478,67.41408195082096
5479,75.83934339567269
5480,97.24365211009078
5481,85.79501211040281
5482,85.79501211040281
5483,85.79501211040281
5484,97.24365211009078
5485,109.7355243665627
5486,97.36739582369539
5487,69.43618458903147
5488,69.43618458903147
5489,86.62326353107468
5490,34.399527228808516
5491,147.77163969824431
5492,147.77163969824431
5493,40.09456004559261
5494,40.09456004559261
5495,126.17533319328403
5496,85.79501211040281
5497,75.83934339567269
5498,86.85526123941985
5499,75.83934339567269
5500,33.53639106402476
5501,30.075520768966314
5502,33.53639106402476
5503,43.222745911043454
5504,4.083917577361904e-08
5505,1.9996545360667444e-08
5506,0.0037698623178185177
5507,0.0011195055320779137
5508,0.00013831248208142757
5509,7.429457514571234e-09
5510,2.5436710767783086e-09
5511,6.89798837455287e-10
5512,0.5139378039485468
5513,0.5139378039485468
5514,0.35949385073315065
5515,4.417585742996617e-10
5516,3.6739846308719077e-10
5517,7.876598638384144e-10
5518,7.032808057850347e-10
5519,7.876598638384144e-10
5520,6.374912388563816e-10
5521,7.876598638384144e-10
5522,5.006697129331564e-10
5523,1.3543826105666887e-09
5524,8.080423457147777e-09
5525,3.485585052514426e-09
5526,5.209229831061069e-09
5527,6.373274000150564e-09
5528,6.373274000150564e-09
5529,1.0754849440835734e-08
5530,1.534105695279004e-08
5531,4.5788680474948696e-08
5532,2.0390222608394408e-08
5533,1.701306681554931e-08
5534,2.0946700458701626
5535,6.752701109705067e-05
5536,2.860964231103859
5537,0.035234851038618675
5538,9.348491371942475e-07
5539,2.0053677733855493e-06
5540,0.0023260893190104512
5541,1.9722133049168287
5542,6.103841495007645e-08
5543,6.752701109705067e-05
5544,5.431812626185006e-09
5545,5.431812626185006e-09
5546,1.3654842670313846e-09
5547,2.3304307390573853e-09
5548,2.8030719197063775e-08
5549,2.094841207391568e-06
5550,9.528702690196909e-10
5551,6.259133269873639e-08
5552,1.534105695279004e-08
5553,4.665277080768268e-09
5554,1.0709650498507985e-08
5555,3.222852252368891e-09
5556,5.589373219712908e-09
5557,6.266983536156406e-09
5558,6.266983536156406e-09
5559,5.589373219712908e-09
5560,1.701306681554931e-08
5561,0.035234851038618675
5562,3.114343576656502
5563,0.011858486689460417
5564,1.9722133049168287
5565,0.011858486689460417
5566,1.1537846082485779
5567,1.1537846082485779
5568,2.094841207391568e-06
5569,1.0107127104187736e-09
5570,1.0107127104187736e-09
5571,1.3654842670313846e-09
5572,1.985065380152908e-09
5573,1.534105695279004e-08
5574,1.0754849440835734e-08
5575,1.0754849440835734e-08
5576,1.0107127104187736e-09
5577,5.006697129331564e-10
5578,7.032808057850347e-10
5579,5.938662789084879e-08
5580,2.094841207391568e-06
5581,5.938662789084879e-08
5582,0.3481288545237358
5583,1.0531633618367227
5584,5.938662789084879e-08
5585,9.528702690196909e-10
5586,1.3654842670313846e-09
5587,3.485585052514426e-09
5588,4.665277080768268e-09
5589,3.36966534453326e-09
5590,3.222852252368891e-09
5591,6.701327550031238e-09
5592,6.373274000150564e-09
5593,3.7525649744849895e-09
5594,3.2738816291291024e-09
5595,3.7525649744849895e-09
5596,3.2738816291291024e-09
5597,3.7525649744849895e-09
5598,3.7525649744849895e-09
5599,5.209229831061069e-09
5600,5.209229831061069e-09
5601,1.6761657472467922e-08
5602,1.6761657472467922e-08
5603,2.116356285399616e-08
5604,2.0390222608394408e-08
5605,2.4303676672299248e-08
5606,3.4517256628904857e-07
5607,2.0390222608394408e-08
5608,0.00542975283897518
5609,3.1388004538913446e-07
5610,583.9230297157379
5611,152.02291115748434
5612,2.2899119258927567
5613,3.1388004538913446e-07
5614,0.003165389900431905
5615,0.2478520449885797
5616,1.701306681554931e-08
5617,1.1537846082485779
5618,1.1537846082485779
5619,1.0459686018652724e-08
5620,1.5925814230480148e-06
5621,1.5925814230480148e-06
5622,6.200981282044222e-07
5623,1.2128283260593096e-06
5624,0.0002817649173628776
5625,2.9162832104204806
5626,7.233795617204575
5627,1.2824597853196713
5628,2.0160278858747746e-05
5629,7.18620829169508e-07
5630,7.18620829169508e-07
5631,0.4245296695904832
5632,0.0023260893190104512
5633,633.9605302405665
5634,3.555934324212227e-06
5635,1.6825442337915603e-07
5636,0.6605328481646798
5637,1.1186375869366148e-05
5638,3.087975706520174e-07
5639,1.9903443664356015e-06
5640,6.259133269873639e-08
5641,3.975658067594354e-08
5642,2.8030719197063775e-08
5643,1.534105695279004e-08
5644,1.6761657472467922e-08
5645,8.080423457147777e-09
5646,6.373274000150564e-09
5647,8.080423457147777e-09
5648,1.3748489294370036e-08
5649,8.172890180849263e-08
5650,1.568978662608839e-05
5651,3.4398399605017355e-05
5652,5.5077944412347675e-06
5653,6.200981282044222e-07
5654,6.200981282044222e-07
5655,1.7741210622100878e-05
5656,1.2128283260593096e-06
5657,9.398768286047324e-07
5658,633.9605302405665
5659,4.07118228282138
5660,3.114343576656502
5661,178.5157618519281
5662,1.3566818018436504
5663,5.090511267163168e-06
5664,2.4303676672299248e-08
5665,3.975658067594354e-08
5666,8.080423457147777e-09
5667,6.373274000150564e-09
5668,8.080423457147777e-09
5669,6.373274000150564e-09
5670,5.209229831061069e-09
5671,6.373274000150564e-09
5672,5.209229831061069e-09
5673,2.7366984621789174e-09
5674,2.8030719197063775e-08
5675,1.1986022985287567e-07
5676,3.1388004538913446e-07
5677,6.266983536156406e-09
5678,6.266983536156406e-09
5679,1.0459686018652724e-08
5680,1.701306681554931e-08
5681,0.4245296695904832
5682,6.266983536156406e-09
5683,3.222852252368891e-09
5684,1.701306681554931e-08
5685,1.701306681554931e-08
5686,1.0709650498507985e-08
5687,2.4303676672299248e-08
5688,3.975658067594354e-08
5689,2.8030719197063775e-08
5690,8.080423457147777e-09
5691,1.6761657472467922e-08
5692,1.3748489294370036e-08
5693,5.209229831061069e-09
5694,5.209229831061069e-09
5695,5.209229831061069e-09
5696,2.116356285399616e-08
5697,9.398768286047324e-07
5698,3.555934324212227e-06
5699,5.5077944412347675e-06
5700,9.398768286047324e-07
5701,1.1733133295697816e-07
5702,3.4517256628904857e-07
5703,4.5788680474948696e-08
5704,5.384736361024744e-08
5705,1.1733133295697816e-07
5706,1.1186375869366148e-05
5707,9.398768286047324e-07
5708,3.555934324212227e-06
5709,1.2128283260593096e-06
5710,3.4517256628904857e-07
5711,1.825317495327987e-07
5712,1.1578899970312033e-07
5713,4.9063738811726574e-08
5714,1.6096607161968015e-07
5715,2.0349333375485035e-07
5716,1.6096607161968015e-07
5717,4.9063738811726574e-08
5718,2.0349333375485035e-07
5719,2.652224466702408e-06
5720,2.7047382675466837e-07
5721,1.1578899970312033e-07
5722,1.2128283260593096e-06
5723,2.652224466702408e-06
5724,0.47864847667471133
5725,6.873685958225514e-06
5726,3.1388004538913446e-07
5727,3.1388004538913446e-07
5728,3.0156031169886985e-05
5729,3.4517256628904857e-07
5730,1.7741210622100878e-05
5731,0.47864847667471133
5732,4.51330628955224
5733,5.788244849976247
5734,0.006557588903318603
5735,0.00011648409087849211
5736,0.00011648409087849211
5737,1.841619920514153
5738,0.013789104138821862
5739,0.005527258591148762
5740,0.0003506181068782634
5741,4.712401212123844e-05
5742,0.005527258591148762
5743,9.01711183921143e-06
5744,9.01711183921143e-06
5745,2.652224466702408e-06
5746,9.398768286047324e-07
5747,3.0156031169886985e-05
5748,1.7741210622100878e-05
5749,1.7741210622100878e-05
5750,0.0010102983122056103
5751,1.1186375869366148e-05
5752,1.6825442337915603e-07
5753,5.384736361024744e-08
5754,0.00542975283897518
5755,3.7453398396304802
5756,3.7453398396304802
5757,0.4245296695904832
5758,0.035234851038618675
5759,3.222852252368891e-09
5760,1.3903935413482184e-09
5761,2.1649605300730136e-09
5762,1.3903935413482184e-09
5763,6.752701109705067e-05
5764,1.3903935413482184e-09
5765,1.3903935413482184e-09
5766,0.7363033140012959
5767,1.0531633618367227
5768,1.985065380152908e-09
5769,1.985065380152908e-09
5770,2.652224466702408e-06
5771,3.4398399605017355e-05
5772,2.652224466702408e-06
5773,6.200981282044222e-07
5774,3.4517256628904857e-07
5775,9.398768286047324e-07
5776,6.259133269873639e-08
5777,1.1986022985287567e-07
5778,1.1733133295697816e-07
5779,6.873685958225514e-06
5780,0.003165389900431905
5781,3.1388004538913446e-07
5782,3.1388004538913446e-07
5783,9.398768286047324e-07
5784,3.4517256628904857e-07
5785,2.7047382675466837e-07
5786,6.182231022652052e-08
5787,2.116356285399616e-08
5788,1.6761657472467922e-08
5789,1.3748489294370036e-08
5790,1.3748489294370036e-08
5791,1.3748489294370036e-08
5792,1.6761657472467922e-08
5793,2.8030719197063775e-08
5794,6.200981282044222e-07
5795,1.1733133295697816e-07
5796,3.555934324212227e-06
5797,3.4398399605017355e-05
5798,1.9903443664356015e-06
5799,3.555363428247172
5800,0.0011260026919993683
5801,8.858738421677122
5802,392.2641429239634
5803,392.2641429239634
5804,310.895497572243
5805,178.5157618519281
5806,122.06052524472999
5807,0.01040336961582853
5808,0.00012168000601412643
5809,1.7834067391064326e-08
5810,0.056787866718545646
5811,0.24783779010086096
5812,0.24783779010086096
5813,2.640719142600979e-06
5814,2.640719142600979e-06
5815,2.640719142600979e-06
5816,0.00012168000601412643
5817,1.1518577754103743
5818,210.33374762175126
5819,28.45980202251175
5820,86.60453714383172
5821,0.003165389900431905
5822,0.3832824608648755
5823,583.9230297157379
5824,413.2440999200212
5825,0.0010102983122056103
5826,0.006557588903318603
5827,392.2641429239634
5828,0.47864847667471133
5829,0.10745631794089423
5830,107.39944941742105
5831,0.0001634125813479309
5832,57.517396275152834
5833,4.51330628955224
5834,0.09397019209391112
5835,0.006557588903318603
5836,3.555934324212227e-06
5837,0.09397019209391112
5838,3.555934324212227e-06
5839,5.5077944412347675e-06
5840,3.4398399605017355e-05
5841,1.2128283260593096e-06
5842,1.7741210622100878e-05
5843,6.873685958225514e-06
5844,0.00011648409087849211
5845,0.0001634125813479309
5846,44.74945532744843
5847,0.0011260026919993683
5848,583.9230297157379
5849,7.233795617204575
5850,69.9980007094268
5851,80.76214075373672
5852,72.00204634254263
5853,80.76214075373672
5854,4.554758677666256
5855,2.3348273755659474
5856,3.7705159510712307
5857,39.226498455042844
5858,24.72755827843379
5859,24.72755827843379
5860,27.960736163844242
5861,59.06808308579421
5862,3.052721150187646
5863,3.052721150187646
5864,1.2787292210427943
5865,2.8057090092908448
5866,2.3348273755659474
5867,4.554758677666256
5868,92.01152474416733
5869,50.298601395752854
5870,28.45980202251175
5871,57.072385622198944
5872,77.5269492649476
5873,271.1560061739212
5874,189.04001809425114
5875,376.7126390484861
5876,189.04001809425114
5877,111.22813614909784
5878,111.22813614909784
5879,189.04001809425114
5880,189.04001809425114
5881,310.895497572243
5882,271.1560061739212
5883,57.072385622198944
5884,218.05526382022393
5885,177.00800986991433
5886,45.86133440083926
5887,111.22813614909784
5888,45.86133440083926
5889,59.340269125251076
5890,278.66124585350525
5891,111.22813614909784
5892,278.66124585350525
5893,111.22813614909784
5894,189.04001809425114
5895,278.66124585350525
5896,271.1560061739212
5897,111.22813614909784
5898,111.22813614909784
5899,111.22813614909784
5900,77.5269492649476
5901,77.5269492649476
5902,39.1930405844687
5903,147.77163969824431
5904,47.92777843015664
5905,112.18816149370043
5906,126.17533319328403
5907,97.24365211009078
5908,97.24365211009078
5909,126.17533319328403
5910,147.77163969824431
5911,34.399527228808516
5912,109.7355243665627
5913,40.09456004559261
5914,39.1930405844687
5915,45.86133440083926
5916,47.92777843015664
5917,147.77163969824431
5918,147.77163969824431
5919,59.340269125251076
5920,30.583857884548422
5921,34.362763805780226
5922,40.09456004559261
5923,11.645342715897549
5924,7.631912748282793
5925,50.298601395752854
5926,39.226498455042844
5927,32.46370395685336
5928,8.639335135475115
5929,27.960736163844242
5930,4.552549555748193
5931,86.62326353107468
5932,97.36739582369539
5933,97.36739582369539
5934,30.12828179635463
5935,40.09456004559261
5936,40.09456004559261
5937,59.340269125251076
5938,111.22813614909784
5939,376.7126390484861
5940,0.01040336961582853
5941,5.384736361024744e-08
5942,0.0001634125813479309
5943,3.0156031169886985e-05
5944,57.517396275152834
5945,376.7126390484861
5946,392.2641429239634
5947,376.7126390484861
5948,583.9230297157379
5949,169.80058812546187
5950,40.04368335914329
5951,107.2743284566132
5952,77.5269492649476
5953,111.22813614909784
5954,28.45980202251175
5955,111.22813614909784
5956,111.22813614909784
5957,3.4398399605017355e-05
5958,0.8387387311661126
5959,50.298601395752854
5960,77.5269492649476
5961,11.645342715897549
5962,92.01152474416733
5963,50.298601395752854
5964,17.091932512210835
5965,86.60453714383172
5966,210.33374762175126
5967,218.05526382022393
5968,189.04001809425114
5969,45.86133440083926
5970,77.5269492649476
5971,177.00800986991433
5972,28.45980202251175
5973,57.072385622198944
5974,45.86133440083926
5975,107.39944941742105
5976,8.639335135475115
5977,8.639335135475115
5978,11.645342715897549
5979,109.7355243665627
5980,126.17533319328403
5981,123.35789860578016
5982,77.5269492649476
5983,77.5269492649476
5984,17.091932512210835
5985,15.69787608125779
5986,3.1388004538913446e-07
5987,1.6825442337915603e-07
5988,3.1388004538913446e-07
5989,3.0156031169886985e-05
5990,3.555934324212227e-06
5991,0.0095120786062911
5992,275.22238759062867
5993,0.6605328481646798
5994,0.0011669554706910997
5995,0.649311804896333
5996,532.9506059879187
5997,532.9506059879187
5998,4.07118228282138
5999,44.74945532744843
6000,0.0010102983122056103
6001,0.006557588903318603
6002,0.007546322205748304
6003,5.5077944412347675e-06
6004,2.652224466702408e-06
6005,2.652224466702408e-06
6006,3.8675696216904056e-07
6007,1.5925814230480148e-06
6008,6.200981282044222e-07
6009,9.398768286047324e-07
6010,3.555934324212227e-06
6011,1.9903443664356015e-06
6012,1.1986022985287567e-07
6013,1.1986022985287567e-07
6014,4.291661214027981
6015,0.003165389900431905
6016,0.0010102983122056103
6017,2.0160278858747746e-05
6018,251.30408789808513
6019,0.0001634125813479309
6020,6.873685958225514e-06
6021,340.5001782420814
6022,169.80058812546187
6023,3.555363428247172
6024,0.0009127810565195474
6025,3.4398399605017355e-05
6026,3.4398399605017355e-05
6027,2.652224466702408e-06
6028,1.5925814230480148e-06
6029,2.652224466702408e-06
6030,2.652224466702408e-06
6031,1.0860131863362427e-06
6032,2.652224466702408e-06
6033,1.2128283260593096e-06
6034,0.006557588903318603
6035,633.9605302405665
6036,251.30408789808513
6037,633.9605302405665
6038,1.3566818018436504
6039,275.22238759062867
6040,1.2824597853196713
6041,6.873685958225514e-06
6042,39.1930405844687
6043,392.2641429239634
6044,2.0390222608394408e-08
6045,107.39944941742105
6046,111.22813614909784
6047,107.2743284566132
6048,86.60453714383172
6049,0.0010102983122056103
6050,2.652224466702408e-06
6051,39.226498455042844
6052,47.92777843015664
6053,203.1968081503157
6054,3.7453398396304802
6055,0.3481288545237358
6056,0.6429788909358873
6057,3.739395386812353e-09
6058,0.6429788909358873
6059,5.938662789084879e-08
6060,1.3903935413482184e-09
6061,1.7321635747867345e-09
6062,2.7366984621789174e-09
6063,3.7525649744849895e-09
6064,5.209229831061069e-09
6065,3.485585052514426e-09
6066,4.665277080768268e-09
6067,3.36966534453326e-09
6068,5.589373219712908e-09
6069,2.268766395215333e-09
6070,2.094841207391568e-06
6071,1.3903935413482184e-09
6072,2.3304307390573853e-09
6073,2.3304307390573853e-09
6074,8.080423457147777e-09
6075,3.485585052514426e-09
6076,5.209229831061069e-09
6077,5.209229831061069e-09
6078,1.158077237064948e-08
6079,1.3748489294370036e-08
6080,2.7366984621789174e-09
6081,8.080423457147777e-09
6082,1.534105695279004e-08
6083,2.0390222608394408e-08
6084,2.0390222608394408e-08
6085,2.0390222608394408e-08
6086,6.259133269873639e-08
6087,5.384736361024744e-08
6088,2.799970821309973e-08
6089,5.090511267163168e-06
6090,1.701306681554931e-08
6091,6.266983536156406e-09
6092,5.431812626185006e-09
6093,1.701306681554931e-08
6094,1.0459686018652724e-08
6095,4.5788680474948696e-08
6096,5.589373219712908e-09
6097,1.0459686018652724e-08
6098,2.4303676672299248e-08
6099,2.4303676672299248e-08
6100,1.0754849440835734e-08
6101,0.029589682792164097
6102,3.3757061750390367
6103,3.3757061750390367
6104,2.962525084605525
6105,2.647933516562444
6106,2.4872195010994513
6107,2.384780940252762
6108,2.384780940252762
6109,59.06808308579421
6110,2.6670630099700774
6111,64.9243605637188
6112,80.76214075373672
6113,3.655857653680356
6114,72.00204634254263
6115,3.655857653680356
6116,3.655857653680356
6117,3.217438588318973
6118,80.76214075373672
6119,3.655857653680356
6120,72.00204634254263
6121,39.226498455042844
6122,218.05526382022393
6123,45.86133440083926
6124,218.05526382022393
6125,77.5269492649476
6126,45.86133440083926
6127,203.1968081503157
6128,203.1968081503157
6129,210.33374762175126
6130,3.087975706520174e-07
6131,1.1986022985287567e-07
6132,1.1186375869366148e-05
6133,9.348491371942475e-07
6134,0.8897300759593274
6135,2.860964231103859
6136,0.2478520449885797
6137,5.090511267163168e-06
6138,0.2478520449885797
6139,1.9722133049168287
6140,2.860964231103859
6141,0.011858486689460417
6142,9.348491371942475e-07
6143,1.1537846082485779
6144,2.0946700458701626
6145,3.222852252368891e-09
6146,2.094841207391568e-06
6147,3.36966534453326e-09
6148,1.985065380152908e-09
6149,3.36966534453326e-09
6150,1.985065380152908e-09
6151,1.985065380152908e-09
6152,3.222852252368891e-09
6153,4.5788680474948696e-08
6154,3.087975706520174e-07
6155,5.384736361024744e-08
6156,6.266983536156406e-09
6157,0.035234851038618675
6158,0.0023260893190104512
6159,0.006325036698882923
6160,310.895497572243
6161,178.5157618519281
6162,9.348491371942475e-07
6163,6.103841495007645e-08
6164,5.628678679424277
6165,532.9506059879187
6166,210.33374762175126
6167,271.1560061739212
6168,5.473573402829054e-08
6169,1.1640468647166466e-08
6170,1.7834067391064326e-08
6171,2.8219834970917707e-08
6172,6.01960657362272e-09
6173,2.3115395174386156e-08
6174,123.35789860578016
6175,203.1968081503157
6176,91.71421290732057
6177,271.1560061739212
6178,583.9230297157379
6179,189.04001809425114
6180,392.2641429239634
6181,413.2440999200212
6182,86.60453714383172
6183,111.22813614909784
6184,340.5001782420814
6185,251.30408789808513
6186,40.04368335914329
6187,28.45980202251175
6188,11.645342715897549
6189,92.01152474416733
6190,4.554758677666256
6191,11.645342715897549
6192,2.6670630099700774
6193,3.052721150187646
6194,3.052721150187646
6195,59.06808308579421
6196,3.052721150187646
6197,2.8057090092908448
6198,2.6670630099700774
6199,2.6670630099700774
6200,3.052721150187646
6201,2.4872195010994513
6202,3.052721150187646
6203,59.06808308579421
6204,72.00204634254263
6205,8.639335135475115
6206,6.76542599347464
6207,6.76542599347464
6208,6.76542599347464
6209,11.645342715897549
6210,27.521320714598136
6211,24.987859362846333
6212,24.987859362846333
6213,24.987859362846333
6214,27.521320714598136
6215,26.71334351599023
6216,21.796503114211557
6217,21.796503114211557
6218,26.71334351599023
6219,40.09456004559261
6220,47.92777843015664
6221,40.09456004559261
6222,147.77163969824431
6223,132.3617347198725
6224,123.35789860578016
6225,59.340269125251076
6226,0.24783779010086096
6227,0.24783779010086096
6228,1.2164094523219897e-08
6229,2.0160278858747746e-05
6230,6.103841495007645e-08
6231,2.0160278858747746e-05
6232,0.2478520449885797
6233,1.6825442337915603e-07
6234,5.431812626185006e-09
6235,1.985065380152908e-09
6236,2.268766395215333e-09
6237,1.1537846082485779
6238,0.0023260893190104512
6239,91.71421290732057
6240,6.01960657362272e-09
6241,1.985065380152908e-09
6242,4.374733711436643e-09
6243,8.708587600740169e-09
6244,8.708587600740169e-09
6245,6.918275713254405e-09
6246,6.918275713254405e-09
6247,6.918275713254405e-09
6248,6.918275713254405e-09
6249,8.708587600740169e-09
6250,7.718565392041282e-09
6251,1.158077237064948e-08
6252,1.3748489294370036e-08
6253,5.209229831061069e-09
6254,1.158077237064948e-08
6255,4.374733711436643e-09
6256,2.2284617357793447e-09
6257,1.3543826105666887e-09
6258,5.468290152105388e-10
6259,5.468290152105388e-10
6260,4.417585742996617e-10
6261,5.006697129331564e-10
6262,3.7094816820833885e-10
6263,3.92295765723562e-10
6264,3.4523833034333987e-10
6265,2.70786668198813e-10
6266,2.70786668198813e-10
6267,5.309946844991445e-10
6268,6.802626292459011e-10
6269,1.0954438639371563e-09
6270,6.802626292459011e-10
6271,5.346507200049876e-10
6272,5.346507200049876e-10
6273,7.83106652456249e-10
6274,5.309946844991445e-10
6275,4.5233046929138343e-10
6276,4.417585742996617e-10
6277,4.417585742996617e-10
6278,4.417585742996617e-10
6279,3.125683901528292e-10
6280,3.125683901528292e-10
6281,2.70786668198813e-10
6282,2.2621872377314022e-10
6283,2.2621872377314022e-10
6284,1.7686966921828003e-10
6285,1.5898623540648737e-10
6286,2.6126427581992604e-10
6287,0.09170165321397324
6288,0.00467985759334687
6289,0.00467985759334687
6290,0.06657285388458717
6291,0.09170165321397324
6292,2.70786668198813e-10
6293,5.209229831061069e-09
6294,4.665277080768268e-09
6295,1.0754849440835734e-08
6296,6.701327550031238e-09
6297,4.665277080768268e-09
6298,3.36966534453326e-09
6299,8.080423457147777e-09
6300,2.116356285399616e-08
6301,1.534105695279004e-08
6302,6.701327550031238e-09
6303,1.985065380152908e-09
6304,2.268766395215333e-09
6305,1.4959800149524758
6306,2.860964231103859
6307,9.348491371942475e-07
6308,0.8897300759593274
6309,178.5157618519281
6310,6.103841495007645e-08
6311,0.011858486689460417
6312,5.6198304170490064e-06
6313,5.6198304170490064e-06
6314,9.528702690196909e-10
6315,1.3654842670313846e-09
6316,5.431812626185006e-09
6317,1.534105695279004e-08
6318,2.3304307390573853e-09
6319,1.5925814230480148e-06
6320,6.259133269873639e-08
6321,3.087975706520174e-07
6322,6.873685958225514e-06
6323,0.1071885291448831
6324,1.1986022985287567e-07
6325,1.1733133295697816e-07
6326,3.4517256628904857e-07
6327,9.398768286047324e-07
6328,1.2128283260593096e-06
6329,1.2128283260593096e-06
6330,1.825317495327987e-07
6331,1.825317495327987e-07
6332,6.873685958225514e-06
6333,1.9903443664356015e-06
6334,1.701306681554931e-08
6335,2.0390222608394408e-08
6336,2.8030719197063775e-08
6337,2.8030719197063775e-08
6338,2.116356285399616e-08
6339,1.568978662608839e-05
6340,7.270396141802273e-05
6341,3.8675696216904056e-07
6342,2.7047382675466837e-07
6343,1.825317495327987e-07
6344,2.7047382675466837e-07
6345,1.0860131863362427e-06
6346,6.200981282044222e-07
6347,3.4517256628904857e-07
6348,3.1388004538913446e-07
6349,1.1733133295697816e-07
6350,6.259133269873639e-08
6351,1.1986022985287567e-07
6352,4.5788680474948696e-08
6353,2.4303676672299248e-08
6354,4.5788680474948696e-08
6355,2.4303676672299248e-08
6356,2.799970821309973e-08
6357,3.7453398396304802
6358,3.7453398396304802
6359,5.090511267163168e-06
6360,5.431812626185006e-09
6361,1.534105695279004e-08
6362,1.0754849440835734e-08
6363,8.080423457147777e-09
6364,1.0754849440835734e-08
6365,3.485585052514426e-09
6366,4.665277080768268e-09
6367,9.528702690196909e-10
6368,2.1649605300730136e-09
6369,0.5139378039485468
6370,0.18572162325042293
6371,3.739395386812353e-09
6372,8.196553497867137e-08
6373,2.5888045577293227e-09
6374,2.5888045577293227e-09
6375,2.474228564651619e-09
6376,1.92575550900427e-09
6377,1.92575550900427e-09
6378,8.52093139584731e-10
6379,8.52093139584731e-10
6380,0.052486920695188524
6381,0.17876729752053536
6382,0.015262019977807646
6383,0.35949385073315065
6384,0.35949385073315065
6385,0.35949385073315065
6386,0.17876729752053536
6387,0.015262019977807646
6388,0.17876729752053536
6389,3.0732137608778376e-10
6390,2.2621872377314022e-10
6391,0.02814698778616741
6392,1.5067190599581942e-09
6393,1.223397376935971e-09
6394,5.747501955293098e-10
6395,4.897383153402769e-10
6396,4.897383153402769e-10
6397,6.89798837455287e-10
6398,0.35949385073315065
6399,1.3654842670313846e-09
6400,1.3654842670313846e-09
6401,1.7321635747867345e-09
6402,1.3654842670313846e-09
6403,1.3903935413482184e-09
6404,1.3903935413482184e-09
6405,6.752701109705067e-05
6406,6.752701109705067e-05
6407,1.0531633618367227
6408,9.528702690196909e-10
6409,7.876598638384144e-10
6410,6.374912388563816e-10
6411,2.7366984621789174e-09
6412,2.2284617357793447e-09
6413,5.209229831061069e-09
6414,2.116356285399616e-08
6415,2.8030719197063775e-08
6416,6.259133269873639e-08
6417,1.0459686018652724e-08
6418,0.7363033140012959
6419,3.739395386812353e-09
6420,5.6198304170490064e-06
6421,1.1640468647166466e-08
6422,1.2164094523219897e-08
6423,6.01960657362272e-09
6424,1.2164094523219897e-08
6425,0.24783779010086096
6426,1.1518577754103743
6427,0.00012168000601412643
6428,0.24783779010086096
6429,2.640719142600979e-06
6430,2.640719142600979e-06
6431,8.196553497867137e-08
6432,0.7363033140012959
6433,5.468290152105388e-10
6434,3.6739846308719077e-10
6435,3.0732137608778376e-10
6436,0.25266830426810055
6437,3.6739846308719077e-10
6438,2.3304307390573853e-09
6439,1.6761657472467922e-08
6440,8.080423457147777e-09
6441,8.080423457147777e-09
6442,3.975658067594354e-08
6443,2.799970821309973e-08
6444,0.0023260893190104512
6445,2.860964231103859
6446,1.701306681554931e-08
6447,3.7453398396304802
6448,310.895497572243
6449,392.2641429239634
6450,310.895497572243
6451,210.33374762175126
6452,156.16847869608102
6453,50.222121792322056
6454,2.640719142600979e-06
6455,4.083917577361904e-08
6456,2.5846148347646227e-08
6457,1.9996545360667444e-08
6458,5.105620171067655e-09
6459,2.5436710767783086e-09
6460,1.021747999634774e-09
6461,6.076316454116227e-09
6462,3.824069029102824e-09
6463,3.73952748340861e-10
6464,0.00467985759334687
6465,2.70786668198813e-10
6466,3.6739846308719077e-10
6467,3.125683901528292e-10
6468,3.92295765723562e-10
6469,3.0752457689112286e-10
6470,3.92295765723562e-10
6471,7.83106652456249e-10
6472,1.3892123886311504e-09
6473,1.0954438639371563e-09
6474,1.5959926919715513e-09
6475,3.7525649744849895e-09
6476,3.7525649744849895e-09
6477,1.3903935413482184e-09
6478,1.4959800149524758
6479,2.094841207391568e-06
6480,9.528702690196909e-10
6481,1.0531633618367227
6482,5.006697129331564e-10
6483,5.006697129331564e-10
6484,5.468290152105388e-10
6485,3.7094816820833885e-10
6486,3.7094816820833885e-10
6487,0.09861182178648853
6488,1.1045691816766311e-09
6489,2.474228564651619e-09
6490,6.103841495007645e-08
6491,5.628678679424277
6492,1.4758122458044296
6493,2.9162832104204806
6494,0.47864847667471133
6495,9.259749518262701
6496,4.855089046808215
6497,183.59274194366623
6498,3.555934324212227e-06
6499,4.5788680474948696e-08
6500,6.259133269873639e-08
6501,3.8675696216904056e-07
6502,3.975658067594354e-08
6503,3.975658067594354e-08
6504,2.8030719197063775e-08
6505,2.116356285399616e-08
6506,1.6761657472467922e-08
6507,1.6761657472467922e-08
6508,1.158077237064948e-08
6509,3.2738816291291024e-09
6510,3.7525649744849895e-09
6511,3.2738816291291024e-09
6512,4.374733711436643e-09
6513,6.373274000150564e-09
6514,6.373274000150564e-09
6515,2.8030719197063775e-08
6516,1.1733133295697816e-07
6517,1.1986022985287567e-07
6518,1.6825442337915603e-07
6519,0.00542975283897518
6520,3.7453398396304802
6521,28.42483268176619
6522,2.0160278858747746e-05
6523,0.0023260893190104512
6524,0.0023260893190104512
6525,0.0023260893190104512
6526,340.5001782420814
6527,28.42483268176619
6528,0.01040336961582853
6529,2.8219834970917707e-08
6530,7.622838924583927e-09
6531,1.1045691816766311e-09
6532,6.89798837455287e-10
6533,0.052486920695188524
6534,0.35949385073315065
6535,0.17876729752053536
6536,0.17876729752053536
6537,0.02814698778616741
6538,0.12748107280272333
6539,0.17876729752053536
6540,3.7094816820833885e-10
6541,3.7094816820833885e-10
6542,5.006697129331564e-10
6543,5.006697129331564e-10
6544,5.006697129331564e-10
6545,5.006697129331564e-10
6546,5.938662789084879e-08
6547,9.528702690196909e-10
6548,2.094841207391568e-06
6549,0.0003125976927992579
6550,1.1537846082485779
6551,1.0531633618367227
6552,0.7363033140012959
6553,5.938662789084879e-08
6554,9.528702690196909e-10
6555,1.3654842670313846e-09
6556,1.3654842670313846e-09
6557,4.665277080768268e-09
6558,6.701327550031238e-09
6559,1.0754849440835734e-08
6560,5.431812626185006e-09
6561,5.431812626185006e-09
6562,2.116356285399616e-08
6563,1.0754849440835734e-08
6564,6.701327550031238e-09
6565,1.0709650498507985e-08
6566,1.0709650498507985e-08
6567,1.534105695279004e-08
6568,4.5788680474948696e-08
6569,2.0390222608394408e-08
6570,2.0390222608394408e-08
6571,5.384736361024744e-08
6572,1.701306681554931e-08
6573,1.1186375869366148e-05
6574,3.7453398396304802
6575,0.1071885291448831
6576,0.00542975283897518
6577,0.048982893376135705
6578,5.788244849976247
6579,5.788244849976247
6580,92.01152474416733
6581,47.92777843015664
6582,92.01152474416733
6583,32.46370395685336
6584,91.71421290732057
6585,210.33374762175126
6586,107.2743284566132
6587,28.45980202251175
6588,2.193962743148301
6589,0.7857471432330654
6590,2.3348273755659474
6591,0.013789104138821862
6592,1.5925814230480148e-06
6593,3.555934324212227e-06
6594,3.087975706520174e-07
6595,4.5788680474948696e-08
6596,2.4303676672299248e-08
6597,1.1733133295697816e-07
6598,2.0390222608394408e-08
6599,3.36966534453326e-09
6600,1.0754849440835734e-08
6601,5.209229831061069e-09
6602,1.3748489294370036e-08
6603,1.158077237064948e-08
6604,3.2738816291291024e-09
6605,2.8959964347579184e-09
6606,2.5912328890069802e-09
6607,6.918275713254405e-09
6608,3.2738816291291024e-09
6609,4.374733711436643e-09
6610,1.6761657472467922e-08
6611,1.6761657472467922e-08
6612,2.116356285399616e-08
6613,3.975658067594354e-08
6614,1.0754849440835734e-08
6615,1.6761657472467922e-08
6616,1.0754849440835734e-08
6617,2.4303676672299248e-08
6618,6.266983536156406e-09
6619,5.431812626185006e-09
6620,3.222852252368891e-09
6621,2.268766395215333e-09
6622,2.268766395215333e-09
6623,9.528702690196909e-10
6624,1.0107127104187736e-09
6625,7.876598638384144e-10
6626,9.175657408248993e-10
6627,1.8655864901127764e-09
6628,1.5959926919715513e-09
6629,3.2738816291291024e-09
6630,3.7525649744849895e-09
6631,1.8655864901127764e-09
6632,2.2284617357793447e-09
6633,3.485585052514426e-09
6634,1.7321635747867345e-09
6635,6.701327550031238e-09
6636,3.36966534453326e-09
6637,1.985065380152908e-09
6638,1.985065380152908e-09
6639,5.431812626185006e-09
6640,3.222852252368891e-09
6641,2.268766395215333e-09
6642,3.36966534453326e-09
6643,2.268766395215333e-09
6644,1.7321635747867345e-09
6645,1.985065380152908e-09
6646,5.589373219712908e-09
6647,2.268766395215333e-09
6648,1.0107127104187736e-09
6649,1.7321635747867345e-09
6650,1.7321635747867345e-09
6651,6.374912388563816e-10
6652,7.876598638384144e-10
6653,1.0107127104187736e-09
6654,1.0107127104187736e-09
6655,1.0107127104187736e-09
6656,1.3654842670313846e-09
6657,2.268766395215333e-09
6658,9.528702690196909e-10
6659,0.7363033140012959
6660,1.0531633618367227
6661,7.032808057850347e-10
6662,9.528702690196909e-10
6663,2.094841207391568e-06
6664,2.094841207391568e-06
6665,6.752701109705067e-05
6666,2.0946700458701626
6667,6.752701109705067e-05
6668,6.752701109705067e-05
6669,1.1537846082485779
6670,1.4959800149524758
6671,1.4959800149524758
6672,1.3903935413482184e-09
6673,1.3543826105666887e-09
6674,2.2284617357793447e-09
6675,1.5959926919715513e-09
6676,3.7525649744849895e-09
6677,1.8655864901127764e-09
6678,3.7525649744849895e-09
6679,8.080423457147777e-09
6680,6.373274000150564e-09
6681,1.0709650498507985e-08
6682,4.665277080768268e-09
6683,6.701327550031238e-09
6684,4.665277080768268e-09
6685,4.665277080768268e-09
6686,1.7321635747867345e-09
6687,1.3654842670313846e-09
6688,1.3654842670313846e-09
6689,1.3903935413482184e-09
6690,2.268766395215333e-09
6691,1.985065380152908e-09
6692,1.985065380152908e-09
6693,3.485585052514426e-09
6694,2.7366984621789174e-09
6695,2.2284617357793447e-09
6696,2.7366984621789174e-09
6697,6.373274000150564e-09
6698,1.3748489294370036e-08
6699,4.374733711436643e-09
6700,2.2284617357793447e-09
6701,2.2284617357793447e-09
6702,2.7366984621789174e-09
6703,3.485585052514426e-09
6704,3.485585052514426e-09
6705,6.701327550031238e-09
6706,3.36966534453326e-09
6707,4.665277080768268e-09
6708,1.0709650498507985e-08
6709,6.266983536156406e-09
6710,3.222852252368891e-09
6711,6.701327550031238e-09
6712,1.0709650498507985e-08
6713,1.534105695279004e-08
6714,1.0709650498507985e-08
6715,1.0459686018652724e-08
6716,3.114343576656502
6717,310.895497572243
6718,0.01161591901990271
6719,532.9506059879187
6720,0.0001634125813479309
6721,2.0053677733855493e-06
6722,3.114343576656502
6723,5.589373219712908e-09
6724,6.200981282044222e-07
6725,1.1578899970312033e-07
6726,6.259133269873639e-08
6727,4.5788680474948696e-08
6728,5.384736361024744e-08
6729,1.701306681554931e-08
6730,1.701306681554931e-08
6731,1.701306681554931e-08
6732,1.1186375869366148e-05
6733,0.649311804896333
6734,2.0390222608394408e-08
6735,1.6825442337915603e-07
6736,2.0390222608394408e-08
6737,1.0709650498507985e-08
6738,2.4303676672299248e-08
6739,1.534105695279004e-08
6740,1.534105695279004e-08
6741,1.534105695279004e-08
6742,2.4303676672299248e-08
6743,6.259133269873639e-08
6744,2.799970821309973e-08
6745,4.5788680474948696e-08
6746,1.0709650498507985e-08
6747,1.0459686018652724e-08
6748,3.8675696216904056e-07
6749,3.8675696216904056e-07
6750,2.652224466702408e-06
6751,6.200981282044222e-07
6752,3.555934324212227e-06
6753,6.873685958225514e-06
6754,3.087975706520174e-07
6755,4.5788680474948696e-08
6756,2.799970821309973e-08
6757,9.348491371942475e-07
6758,1.3566818018436504
6759,0.2478520449885797
6760,0.00542975283897518
6761,1.1986022985287567e-07
6762,1.1986022985287567e-07
6763,0.00542975283897518
6764,1.1186375869366148e-05
6765,5.384736361024744e-08
6766,3.36966534453326e-09
6767,4.665277080768268e-09
6768,3.485585052514426e-09
6769,3.485585052514426e-09
6770,3.485585052514426e-09
6771,3.485585052514426e-09
6772,2.7366984621789174e-09
6773,2.2284617357793447e-09
6774,2.3304307390573853e-09
6775,1.3654842670313846e-09
6776,3.222852252368891e-09
6777,3.222852252368891e-09
6778,2.3304307390573853e-09
6779,2.7366984621789174e-09
6780,1.8655864901127764e-09
6781,1.7321635747867345e-09
6782,1.985065380152908e-09
6783,1.985065380152908e-09
6784,1.985065380152908e-09
6785,1.0107127104187736e-09
6786,1.0107127104187736e-09
6787,7.876598638384144e-10
6788,1.0107127104187736e-09
6789,1.3903935413482184e-09
6790,1.3654842670313846e-09
6791,1.0107127104187736e-09
6792,1.985065380152908e-09
6793,1.3654842670313846e-09
6794,1.0107127104187736e-09
6795,1.0754849440835734e-08
6796,3.36966534453326e-09
6797,1.3654842670313846e-09
6798,1.3654842670313846e-09
6799,1.534105695279004e-08
6800,2.0390222608394408e-08
6801,2.268766395215333e-09
6802,5.589373219712908e-09
6803,1.1537846082485779
6804,4.291661214027981
6805,0.2478520449885797
6806,11.645342715897549
6807,2.1622819246991622
6808,3.052721150187646
6809,3.052721150187646
6810,72.00204634254263
6811,3.052721150187646
6812,2.6670630099700774
6813,2.4872195010994513
6814,3.052721150187646
6815,80.76214075373672
6816,39.226498455042844
6817,80.76214075373672
6818,39.226498455042844
6819,57.072385622198944
6820,15.69787608125779
6821,69.9980007094268
6822,310.895497572243
6823,0.006325036698882923
6824,0.006325036698882923
6825,0.006325036698882923
6826,2.0053677733855493e-06
6827,1.9777830903337277
6828,0.0023260893190104512
6829,0.0003125976927992579
6830,5.6198304170490064e-06
6831,1.574979110102823e-07
6832,0.09861182178648853
6833,5.938662789084879e-08
6834,2.8219834970917707e-08
6835,0.12748107280272333
6836,3.6739846308719077e-10
6837,5.309946844991445e-10
6838,1.0991310442964433e-09
6839,2.2284617357793447e-09
6840,2.2284617357793447e-09
6841,1.8655864901127764e-09
6842,2.8959964347579184e-09
6843,2.8959964347579184e-09
6844,3.7525649744849895e-09
6845,1.8655864901127764e-09
6846,1.7321635747867345e-09
6847,8.028200578903554e-07
6848,2.026731394369251
6849,1.5118810265364664
6850,4.712401212123844e-05
6851,3.8675696216904056e-07
6852,1.1578899970312033e-07
6853,2.8030719197063775e-08
6854,2.116356285399616e-08
6855,2.8030719197063775e-08
6856,8.172890180849263e-08
6857,2.8030719197063775e-08
6858,1.6761657472467922e-08
6859,2.8030719197063775e-08
6860,6.259133269873639e-08
6861,6.259133269873639e-08
6862,3.975658067594354e-08
6863,3.975658067594354e-08
6864,1.1733133295697816e-07
6865,2.652224466702408e-06
6866,1.5925814230480148e-06
6867,1.0860131863362427e-06
6868,0.0012655494809345274
6869,2.7047382675466837e-07
6870,3.8675696216904056e-07
6871,1.0860131863362427e-06
6872,1.568978662608839e-05
6873,2.652224466702408e-06
6874,9.398768286047324e-07
6875,3.1388004538913446e-07
6876,1.1986022985287567e-07
6877,3.555934324212227e-06
6878,3.0156031169886985e-05
6879,0.003165389900431905
6880,1.2128283260593096e-06
6881,0.00011648409087849211
6882,1.1186375869366148e-05
6883,1.1186375869366148e-05
6884,3.0156031169886985e-05
6885,0.0011260026919993683
6886,3.0156031169886985e-05
6887,0.006557588903318603
6888,3.0156031169886985e-05
6889,3.9541644896985497
6890,32.46370395685336
6891,72.00204634254263
6892,64.9243605637188
6893,72.00204634254263
6894,39.226498455042844
6895,77.5269492649476
6896,57.072385622198944
6897,413.2440999200212
6898,413.2440999200212
6899,532.9506059879187
6900,376.7126390484861
6901,376.7126390484861
6902,189.04001809425114
6903,57.072385622198944
6904,189.04001809425114
6905,376.7126390484861
6906,376.7126390484861
6907,57.072385622198944
6908,45.86133440083926
6909,57.072385622198944
6910,278.66124585350525
6911,177.00800986991433
6912,218.05526382022393
6913,147.77163969824431
6914,132.3617347198725
6915,126.17533319328403
6916,30.12828179635463
6917,30.12828179635463
6918,26.71334351599023
6919,30.12828179635463
6920,34.399527228808516
6921,27.521320714598136
6922,30.12828179635463
6923,30.12828179635463
6924,34.399527228808516
6925,30.12828179635463
6926,34.399527228808516
6927,34.399527228808516
6928,30.12828179635463
6929,30.12828179635463
6930,97.36739582369539
6931,30.12828179635463
6932,30.12828179635463
6933,26.71334351599023
6934,24.009708509692295
6935,30.12828179635463
6936,86.62326353107468
6937,69.43618458903147
6938,63.41967745885585
6939,55.35425292008248
6940,69.43618458903147
6941,54.09521440585401
6942,54.09521440585401
6943,58.37923299298848
6944,69.43618458903147
6945,65.46597587243573
6946,71.30985912983822
6947,54.09521440585401
6948,63.41967745885585
6949,58.37923299298848
6950,63.41967745885585
6951,69.43618458903147
6952,97.36739582369539
6953,30.12828179635463
6954,26.71334351599023
6955,30.12828179635463
6956,78.2524285277061
6957,71.30985912983822
6958,78.2524285277061
6959,78.2524285277061
6960,78.2524285277061
6961,78.2524285277061
6962,78.2524285277061
6963,71.30985912983822
6964,18.393984636390034
6965,21.796503114211557
6966,19.952819427005174
6967,24.009708509692295
6968,22.85613995535108
6969,4.552549555748193
6970,3.7705159510712307
6971,0.0012655494809345274
6972,1.825317495327987e-07
6973,1.0709650498507985e-08
6974,1.985065380152908e-09
6975,7.876598638384144e-10
6976,7.876598638384144e-10
6977,1.0531633618367227
6978,0.00012168000601412643
6979,2.640719142600979e-06
6980,1.7834067391064326e-08
6981,0.3481288545237358
6982,5.6198304170490064e-06
6983,0.0003125976927992579
6984,5.6198304170490064e-06
6985,7.622838924583927e-09
6986,5.3130176390603304e-09
6987,9.412445371974325e-09
6988,1.2516362399638536e-08
6989,1.92575550900427e-09
6990,0.3481288545237358
6991,8.196553497867137e-08
6992,1.2164094523219897e-08
6993,91.71421290732057
6994,72.59564647117998
6995,72.59564647117998
6996,156.16847869608102
6997,278.66124585350525
6998,278.66124585350525
6999,57.072385622198944
7000,77.5269492649476
7001,45.86133440083926
7002,39.1930405844687
7003,28.45980202251175
7004,1.4758122458044296
7005,3.4398399605017355e-05
7006,3.4398399605017355e-05
7007,1.825317495327987e-07
7008,1.1578899970312033e-07
7009,1.0754849440835734e-08
7010,4.665277080768268e-09
7011,6.373274000150564e-09
7012,4.374733711436643e-09
7013,2.7366984621789174e-09
7014,3.485585052514426e-09
7015,3.485585052514426e-09
7016,4.665277080768268e-09
7017,1.985065380152908e-09
7018,6.752701109705067e-05
7019,3.222852252368891e-09
7020,6.266983536156406e-09
7021,6.266983536156406e-09
7022,0.0003125976927992579
7023,1.1640468647166466e-08
7024,1.1537846082485779
7025,9.348491371942475e-07
7026,0.006325036698882923
7027,28.42483268176619
7028,178.5157618519281
7029,1.5118810265364664
7030,2.6670630099700774
7031,2.233537943810893
7032,2.233537943810893
7033,1.5118810265364664
7034,2.398176127233567
7035,2.193962743148301
7036,0.004062792464940234
7037,0.008159705667972689
7038,0.00012831858759014103
7039,1.7741210622100878e-05
7040,6.259133269873639e-08
7041,1.1733133295697816e-07
7042,1.1733133295697816e-07
7043,2.4303676672299248e-08
7044,4.5788680474948696e-08
7045,5.384736361024744e-08
7046,1.0459686018652724e-08
7047,5.384736361024744e-08
7048,1.6825442337915603e-07
7049,0.1071885291448831
7050,2.2899119258927567
7051,0.6605328481646798
7052,1.3566818018436504
7053,152.02291115748434
7054,0.011858486689460417
7055,0.011858486689460417
7056,3.114343576656502
7057,9.348491371942475e-07
7058,1.3903935413482184e-09
7059,1.3654842670313846e-09
7060,4.665277080768268e-09
7061,2.3304307390573853e-09
7062,3.36966534453326e-09
7063,1.0459686018652724e-08
7064,5.384736361024744e-08
7065,1.701306681554931e-08
7066,0.8897300759593274
7067,5.628678679424277
7068,2.0160278858747746e-05
7069,5.628678679424277
7070,210.33374762175126
7071,210.33374762175126
7072,203.1968081503157
7073,203.1968081503157
7074,160.804559193147
7075,132.3617347198725
7076,123.35789860578016
7077,101.85814514070852
7078,101.85814514070852
7079,101.85814514070852
7080,160.804559193147
7081,160.804559193147
7082,43.222745911043454
7083,0.0011195055320779137
7084,0.00037113097769742975
7085,0.00013831248208142757
7086,37.81731912220462
7087,75.83934339567269
7088,101.85814514070852
7089,160.804559193147
7090,112.18816149370043
7091,97.24365211009078
7092,85.79501211040281
7093,75.83934339567269
7094,86.85526123941985
7095,101.85814514070852
7096,72.59564647117998
7097,271.1560061739212
7098,86.60453714383172
7099,189.04001809425114
7100,392.2641429239634
7101,532.9506059879187
7102,44.74945532744843
7103,1.3566818018436504
7104,0.0023260893190104512
7105,2.0053677733855493e-06
7106,1.9722133049168287
7107,4.5788680474948696e-08
7108,1.985065380152908e-09
7109,1.3654842670313846e-09
7110,6.752701109705067e-05
7111,2.3115395174386156e-08
7112,1.1518577754103743
7113,0.01040336961582853
7114,392.2641429239634
7115,392.2641429239634
7116,156.16847869608102
7117,210.33374762175126
7118,45.86133440083926
7119,11.645342715897549
7120,39.226498455042844
7121,72.00204634254263
7122,3.655857653680356
7123,3.052721150187646
7124,72.00204634254263
7125,27.960736163844242
7126,2.6670630099700774
7127,54.13999303054815
7128,2.6670630099700774
7129,2.4872195010994513
7130,2.6670630099700774
7131,59.06808308579421
7132,72.00204634254263
7133,72.00204634254263
7134,80.76214075373672
7135,107.39944941742105
7136,40.04368335914329
7137,57.517396275152834
7138,111.22813614909784
7139,271.1560061739212
7140,122.06052524472999
7141,156.16847869608102
7142,156.16847869608102
7143,210.33374762175126
7144,156.16847869608102
7145,210.33374762175126
7146,203.1968081503157
7147,5.628678679424277
7148,2.640719142600979e-06
7149,0.0003125976927992579
7150,5.431812626185006e-09
7151,5.090511267163168e-06
7152,5.589373219712908e-09
7153,1.985065380152908e-09
7154,2.3304307390573853e-09
7155,1.985065380152908e-09
7156,1.3654842670313846e-09
7157,9.528702690196909e-10
7158,1.985065380152908e-09
7159,3.36966534453326e-09
7160,6.752701109705067e-05
7161,0.001801692458455696
7162,2.860964231103859
7163,0.8897300759593274
7164,0.011858486689460417
7165,0.8897300759593274
7166,633.9605302405665
7167,0.006325036698882923
7168,178.5157618519281
7169,532.9506059879187
7170,0.2478520449885797
7171,0.8897300759593274
7172,392.2641429239634
7173,392.2641429239634
7174,0.006325036698882923
7175,0.2478520449885797
7176,0.011858486689460417
7177,0.0003125976927992579
7178,1.0531633618367227
7179,2.1649605300730136e-09
7180,2.1649605300730136e-09
7181,5.006697129331564e-10
7182,2.3304307390573853e-09
7183,6.200981282044222e-07
7184,0.01040336961582853
7185,2.3115395174386156e-08
7186,2.8219834970917707e-08
7187,91.71421290732057
7188,91.71421290732057
7189,91.71421290732057
7190,0.00012168000601412643
7191,0.00012168000601412643
7192,1.1518577754103743
7193,210.33374762175126
7194,203.1968081503157
7195,271.1560061739212
7196,6.103841495007645e-08
7197,2.0946700458701626
7198,0.011858486689460417
7199,0.011858486689460417
7200,0.0003125976927992579
7201,0.7363033140012959
7202,0.5139378039485468
7203,0.052486920695188524
7204,1.1045691816766311e-09
7205,9.412445371974325e-09
7206,1.2516362399638536e-08
7207,0.056787866718545646
7208,86.85526123941985
7209,101.85814514070852
7210,0.24783779010086096
7211,1.1518577754103743
7212,1.9722133049168287
7213,1.1640468647166466e-08
7214,2.268766395215333e-09
7215,1.3903935413482184e-09
7216,1.3903935413482184e-09
7217,9.528702690196909e-10
7218,7.032808057850347e-10
7219,2.1649605300730136e-09
7220,1.0531633618367227
7221,0.6429788909358873
7222,5.6198304170490064e-06
7223,0.0003125976927992579
7224,2.3115395174386156e-08
7225,6.01960657362272e-09
7226,1.2164094523219897e-08
7227,2.640719142600979e-06
7228,2.474228564651619e-09
7229,0.35949385073315065
7230,3.7094816820833885e-10
7231,5.006697129331564e-10
7232,5.6198304170490064e-06
7233,0.3481288545237358
7234,0.6429788909358873
7235,8.196553497867137e-08
7236,8.196553497867137e-08
7237,0.18572162325042293
7238,0.18572162325042293
7239,0.18572162325042293
7240,0.7363033140012959
7241,2.1649605300730136e-09
7242,0.7363033140012959
7243,0.6429788909358873
7244,1.0531633618367227
7245,0.6429788909358873
7246,0.0003125976927992579
7247,0.0003125976927992579
7248,0.0003125976927992579
7249,2.094841207391568e-06
7250,1.0107127104187736e-09
7251,1.7321635747867345e-09
7252,1.985065380152908e-09
7253,1.985065380152908e-09
7254,2.268766395215333e-09
7255,6.752701109705067e-05
7256,0.6429788909358873
7257,6.103841495007645e-08
7258,0.00012168000601412643
7259,6.103841495007645e-08
7260,2.0053677733855493e-06
7261,210.33374762175126
7262,156.16847869608102
7263,271.1560061739212
7264,91.71421290732057
7265,0.00012168000601412643
7266,6.103841495007645e-08
7267,0.0023260893190104512
7268,0.2478520449885797
7269,9.348491371942475e-07
7270,0.011858486689460417
7271,1.9722133049168287
7272,2.0946700458701626
7273,2.268766395215333e-09
7274,1.3654842670313846e-09
7275,1.0107127104187736e-09
7276,7.270396141802273e-05
7277,1.1733133295697816e-07
7278,4.665277080768268e-09
7279,1.3903935413482184e-09
7280,1.9722133049168287
7281,1.1640468647166466e-08
7282,0.3481288545237358
7283,0.0003125976927992579
7284,1.2164094523219897e-08
7285,1.2516362399638536e-08
7286,1.2516362399638536e-08
7287,1.574979110102823e-07
7288,1.7834067391064326e-08
7289,1.92575550900427e-09
7290,6.89798837455287e-10
7291,8.52093139584731e-10
7292,0.02814698778616741
7293,3.0732137608778376e-10
7294,3.7094816820833885e-10
7295,0.7363033140012959
7296,2.1649605300730136e-09
7297,0.35949385073315065
7298,5.309946844991445e-10
7299,1.5959926919715513e-09
7300,1.5959926919715513e-09
7301,7.83106652456249e-10
7302,6.374912388563816e-10
7303,5.468290152105388e-10
7304,7.032808057850347e-10
7305,8.196553497867137e-08
7306,1.2164094523219897e-08
7307,4.083917577361904e-08
7308,0.0037698623178185177
7309,33.53639106402476
7310,22.844748416302927
7311,21.12779041946798
7312,0.00037113097769742975
7313,0.014013775205871047
7314,97.24365211009078
7315,86.62326353107468
7316,22.85613995535108
7317,2.384780940252762
7318,2.193962743148301
7319,0.0004897325801265481
7320,9.01711183921143e-06
7321,2.0349333375485035e-07
7322,1.3201776964370702e-07
7323,9.576198083951944e-08
7324,6.672203963011271e-08
7325,8.38154233815216e-08
7326,4.9063738811726574e-08
7327,2.2784658119187593e-08
7328,7.718565392041282e-09
7329,2.9314192336849004e-08
7330,8.708587600740169e-09
7331,6.918275713254405e-09
7332,6.918275713254405e-09
7333,9.959498920453437e-09
7334,4.9063738811726574e-08
7335,1.158077237064948e-08
7336,1.6761657472467922e-08
7337,1.3748489294370036e-08
7338,1.3748489294370036e-08
7339,1.0754849440835734e-08
7340,1.3654842670313846e-09
7341,7.032808057850347e-10
7342,7.032808057850347e-10
7343,6.752701109705067e-05
7344,6.752701109705067e-05
7345,1.3654842670313846e-09
7346,1.3654842670313846e-09
7347,2.3304307390573853e-09
7348,2.3304307390573853e-09
7349,1.1578899970312033e-07
7350,3.8675696216904056e-07
7351,1.6761657472467922e-08
7352,8.172890180849263e-08
7353,1.6761657472467922e-08
7354,8.080423457147777e-09
7355,8.080423457147777e-09
7356,6.701327550031238e-09
7357,5.431812626185006e-09
7358,1.4959800149524758
7359,2.0946700458701626
7360,1.1640468647166466e-08
7361,5.473573402829054e-08
7362,2.640719142600979e-06
7363,72.59564647117998
7364,101.85814514070852
7365,43.222745911043454
7366,0.0011195055320779137
7367,63.41967745885585
7368,54.09521440585401
7369,60.75609782680168
7370,5.473573402829054e-08
7371,5.309946844991445e-10
7372,4.5233046929138343e-10
7373,6.374912388563816e-10
7374,7.876598638384144e-10
7375,1.985065380152908e-09
7376,2.268766395215333e-09
7377,1.9722133049168287
7378,0.011858486689460417
7379,2.0160278858747746e-05
7380,0.006325036698882923
7381,0.0005403243068412707
7382,633.9605302405665
7383,3.0156031169886985e-05
7384,0.002608335024430013
7385,0.2385344120295585
7386,0.004062792464940234
7387,0.0004897325801265481
7388,1.568978662608839e-05
7389,2.8030719197063775e-08
7390,6.701327550031238e-09
7391,8.080423457147777e-09
7392,8.080423457147777e-09
7393,8.080423457147777e-09
7394,4.374733711436643e-09
7395,8.708587600740169e-09
7396,3.2738816291291024e-09
7397,9.959498920453437e-09
7398,6.182231022652052e-08
7399,8.172890180849263e-08
7400,2.8030719197063775e-08
7401,1.0754849440835734e-08
7402,3.485585052514426e-09
7403,2.3304307390573853e-09
7404,1.985065380152908e-09
7405,1.3654842670313846e-09
7406,1.0107127104187736e-09
7407,1.0107127104187736e-09
7408,1.3543826105666887e-09
7409,7.876598638384144e-10
7410,1.3543826105666887e-09
7411,2.3304307390573853e-09
7412,2.116356285399616e-08
7413,1.0709650498507985e-08
7414,2.0390222608394408e-08
7415,1.0709650498507985e-08
7416,6.701327550031238e-09
7417,1.0754849440835734e-08
7418,3.485585052514426e-09
7419,2.7366984621789174e-09
7420,2.2284617357793447e-09
7421,3.2738816291291024e-09
7422,2.8959964347579184e-09
7423,4.374733711436643e-09
7424,2.7366984621789174e-09
7425,4.665277080768268e-09
7426,3.36966534453326e-09
7427,6.701327550031238e-09
7428,3.36966534453326e-09
7429,4.665277080768268e-09
7430,5.431812626185006e-09
7431,4.665277080768268e-09
7432,5.589373219712908e-09
7433,1.0709650498507985e-08
7434,1.0709650498507985e-08
7435,6.701327550031238e-09
7436,1.0459686018652724e-08
7437,1.985065380152908e-09
7438,2.860964231103859
7439,0.0003125976927992579
7440,1.985065380152908e-09
7441,4.374733711436643e-09
7442,1.158077237064948e-08
7443,3.7525649744849895e-09
7444,9.959498920453437e-09
7445,1.3748489294370036e-08
7446,1.158077237064948e-08
7447,1.158077237064948e-08
7448,2.116356285399616e-08
7449,2.116356285399616e-08
7450,2.0390222608394408e-08
7451,5.589373219712908e-09
7452,0.001801692458455696
7453,0.001801692458455696
7454,2.0946700458701626
7455,0.6429788909358873
7456,0.0003125976927992579
7457,1.1640468647166466e-08
7458,5.6198304170490064e-06
7459,6.01960657362272e-09
7460,1.2164094523219897e-08
7461,2.474228564651619e-09
7462,8.52093139584731e-10
7463,0.09170165321397324
7464,2.6126427581992604e-10
7465,3.125683901528292e-10
7466,1.3892123886311504e-09
7467,1.3748489294370036e-08
7468,1.6761657472467922e-08
7469,6.182231022652052e-08
7470,1.1578899970312033e-07
7471,1.2128283260593096e-06
7472,1.1733133295697816e-07
7473,2.4303676672299248e-08
7474,2.799970821309973e-08
7475,1.1186375869366148e-05
7476,2.0946700458701626
7477,2.0946700458701626
7478,1.1537846082485779
7479,1.0531633618367227
7480,5.468290152105388e-10
7481,7.032808057850347e-10
7482,1.3654842670313846e-09
7483,5.938662789084879e-08
7484,1.3903935413482184e-09
7485,2.094841207391568e-06
7486,9.528702690196909e-10
7487,2.094841207391568e-06
7488,1.3654842670313846e-09
7489,1.3654842670313846e-09
7490,1.7321635747867345e-09
7491,5.468290152105388e-10
7492,4.5233046929138343e-10
7493,7.876598638384144e-10
7494,9.175657408248993e-10
7495,4.417585742996617e-10
7496,2.7366984621789174e-09
7497,2.7366984621789174e-09
7498,4.374733711436643e-09
7499,2.7366984621789174e-09
7500,3.36966534453326e-09
7501,1.3543826105666887e-09
7502,1.985065380152908e-09
7503,5.938662789084879e-08
7504,9.528702690196909e-10
7505,1.985065380152908e-09
7506,1.985065380152908e-09
7507,1.3903935413482184e-09
7508,6.752701109705067e-05
7509,6.01960657362272e-09
7510,177.00800986991433
7511,59.340269125251076
7512,7.631912748282793
7513,0.3420401560141251
7514,0.0004897325801265481
7515,0.0004897325801265481
7516,0.00021033198179733537
7517,5.9435422459833635e-06
7518,9.01711183921143e-06
7519,3.4398399605017355e-05
7520,3.4517256628904857e-07
7521,2.652224466702408e-06
7522,1.825317495327987e-07
7523,3.975658067594354e-08
7524,2.8030719197063775e-08
7525,3.975658067594354e-08
7526,3.975658067594354e-08
7527,1.1986022985287567e-07
7528,2.4303676672299248e-08
7529,4.5788680474948696e-08
7530,2.4303676672299248e-08
7531,6.259133269873639e-08
7532,9.398768286047324e-07
7533,3.4517256628904857e-07
7534,6.259133269873639e-08
7535,6.259133269873639e-08
7536,3.555934324212227e-06
7537,2.652224466702408e-06
7538,6.200981282044222e-07
7539,3.975658067594354e-08
7540,2.4303676672299248e-08
7541,0.0010102983122056103
7542,0.0010102983122056103
7543,57.517396275152834
7544,203.1968081503157
7545,91.71421290732057
7546,91.71421290732057
7547,156.16847869608102
7548,203.1968081503157
7549,160.804559193147
7550,160.804559193147
7551,132.3617347198725
7552,126.17533319328403
7553,72.59564647117998
7554,147.77163969824431
7555,203.1968081503157
7556,160.804559193147
7557,160.804559193147
7558,160.804559193147
7559,160.804559193147
7560,123.35789860578016
7561,132.3617347198725
7562,43.222745911043454
7563,0.0037698623178185177
7564,0.014013775205871047
7565,4.083917577361904e-08
7566,1.574979110102823e-07
7567,1.574979110102823e-07
7568,2.268766395215333e-09
7569,4.665277080768268e-09
7570,4.665277080768268e-09
7571,3.36966534453326e-09
7572,1.3903935413482184e-09
7573,2.0946700458701626
7574,5.6198304170490064e-06
7575,6.01960657362272e-09
7576,2.8219834970917707e-08
7577,0.056787866718545646
7578,4.083917577361904e-08
7579,4.083917577361904e-08
7580,0.18572162325042293
7581,3.7094816820833885e-10
7582,2.70786668198813e-10
7583,5.994932757339345e-10
7584,8.234430759066024e-10
7585,8.234430759066024e-10
7586,7.591235107668671e-10
7587,7.591235107668671e-10
7588,8.987975667929171e-10
7589,1.8050926715631194e-09
7590,1.8050926715631194e-09
7591,1.8050926715631194e-09
7592,2.1322594441744425e-09
7593,8.234430759066024e-10
7594,1.955882858208168e-09
7595,2.5912328890069802e-09
7596,2.5912328890069802e-09
7597,2.8959964347579184e-09
7598,1.2264188109148626e-09
7599,1.3892123886311504e-09
7600,1.0991310442964433e-09
7601,7.83106652456249e-10
7602,6.802626292459011e-10
7603,1.5959926919715513e-09
7604,9.175657408248993e-10
7605,9.175657408248993e-10
7606,1.0991310442964433e-09
7607,1.3543826105666887e-09
7608,1.0991310442964433e-09
7609,9.175657408248993e-10
7610,1.3543826105666887e-09
7611,4.374733711436643e-09
7612,2.2284617357793447e-09
7613,3.7525649744849895e-09
7614,3.7525649744849895e-09
7615,6.373274000150564e-09
7616,6.373274000150564e-09
7617,6.373274000150564e-09
7618,6.373274000150564e-09
7619,5.209229831061069e-09
7620,5.209229831061069e-09
7621,6.373274000150564e-09
7622,1.0754849440835734e-08
7623,4.665277080768268e-09
7624,3.485585052514426e-09
7625,6.373274000150564e-09
7626,6.373274000150564e-09
7627,1.0754849440835734e-08
7628,6.373274000150564e-09
7629,6.373274000150564e-09
7630,1.3748489294370036e-08
7631,1.158077237064948e-08
7632,1.158077237064948e-08
7633,1.158077237064948e-08
7634,1.6761657472467922e-08
7635,1.158077237064948e-08
7636,1.158077237064948e-08
7637,1.3748489294370036e-08
7638,2.116356285399616e-08
7639,2.8030719197063775e-08
7640,1.0754849440835734e-08
7641,6.259133269873639e-08
7642,1.1733133295697816e-07
7643,5.384736361024744e-08
7644,1.3566818018436504
7645,0.006325036698882923
7646,28.42483268176619
7647,28.42483268176619
7648,310.895497572243
7649,310.895497572243
7650,111.22813614909784
7651,111.22813614909784
7652,39.1930405844687
7653,34.362763805780226
7654,47.92777843015664
7655,39.1930405844687
7656,39.226498455042844
7657,4.817042442612778
7658,92.01152474416733
7659,7.631912748282793
7660,3.9541644896985497
7661,5.5077944412347675e-06
7662,3.555934324212227e-06
7663,4.5788680474948696e-08
7664,1.534105695279004e-08
7665,1.534105695279004e-08
7666,1.0709650498507985e-08
7667,5.090511267163168e-06
7668,0.011858486689460417
7669,2.094841207391568e-06
7670,2.094841207391568e-06
7671,2.860964231103859
7672,1.701306681554931e-08
7673,5.384736361024744e-08
7674,1.0459686018652724e-08
7675,1.0459686018652724e-08
7676,2.4303676672299248e-08
7677,1.0709650498507985e-08
7678,5.384736361024744e-08
7679,0.0023260893190104512
7680,3.114343576656502
7681,3.222852252368891e-09
7682,3.36966534453326e-09
7683,2.3304307390573853e-09
7684,3.485585052514426e-09
7685,3.36966534453326e-09
7686,1.985065380152908e-09
7687,0.001801692458455696
7688,0.001801692458455696
7689,3.114343576656502
7690,0.0003125976927992579
7691,1.1537846082485779
7692,0.0003125976927992579
7693,2.3115395174386156e-08
7694,2.5846148347646227e-08
7695,9.412445371974325e-09
7696,1.2516362399638536e-08
7697,5.3130176390603304e-09
7698,5.747501955293098e-10
7699,4.897383153402769e-10
7700,5.747501955293098e-10
7701,0.052486920695188524
7702,0.35949385073315065
7703,5.006697129331564e-10
7704,6.374912388563816e-10
7705,2.2284617357793447e-09
7706,1.5959926919715513e-09
7707,1.3543826105666887e-09
7708,1.0991310442964433e-09
7709,1.3543826105666887e-09
7710,2.2284617357793447e-09
7711,1.5959926919715513e-09
7712,1.3892123886311504e-09
7713,1.5959926919715513e-09
7714,1.5959926919715513e-09
7715,1.2264188109148626e-09
7716,6.802626292459011e-10
7717,1.2264188109148626e-09
7718,1.3892123886311504e-09
7719,5.994932757339345e-10
7720,5.994932757339345e-10
7721,6.802626292459011e-10
7722,6.802626292459011e-10
7723,1.2264188109148626e-09
7724,8.987975667929171e-10
7725,6.802626292459011e-10
7726,8.234430759066024e-10
7727,5.346507200049876e-10
7728,4.375589065752986e-10
7729,4.816204200490557e-10
7730,5.346507200049876e-10
7731,4.816204200490557e-10
7732,7.036545193390562e-10
7733,7.036545193390562e-10
7734,1.8050926715631194e-09
7735,1.955882858208168e-09
7736,2.3409658320657184e-09
7737,2.5912328890069802e-09
7738,2.8959964347579184e-09
7739,3.2738816291291024e-09
7740,2.8959964347579184e-09
7741,2.8959964347579184e-09
7742,4.374733711436643e-09
7743,5.209229831061069e-09
7744,2.2284617357793447e-09
7745,1.7321635747867345e-09
7746,1.3903935413482184e-09
7747,5.938662789084879e-08
7748,0.052486920695188524
7749,3.739395386812353e-09
7750,5.589373219712908e-09
7751,0.007546322205748304
7752,5.5077944412347675e-06
7753,8.172890180849263e-08
7754,2.7047382675466837e-07
7755,2.116356285399616e-08
7756,8.172890180849263e-08
7757,2.116356285399616e-08
7758,2.8030719197063775e-08
7759,6.259133269873639e-08
7760,5.5077944412347675e-06
7761,2.652224466702408e-06
7762,1.5925814230480148e-06
7763,1.2128283260593096e-06
7764,3.4517256628904857e-07
7765,3.555934324212227e-06
7766,0.0001634125813479309
7767,3.555934324212227e-06
7768,3.555934324212227e-06
7769,0.0012655494809345274
7770,3.3757061750390367
7771,2.962525084605525
7772,2.398176127233567
7773,1.8781619267468177
7774,0.1740467927295335
7775,0.1740467927295335
7776,0.1740467927295335
7777,0.1740467927295335
7778,2.398176127233567
7779,2.398176127233567
7780,2.193962743148301
7781,0.9742233592436702
7782,2.647933516562444
7783,2.647933516562444
7784,3.3757061750390367
7785,0.5180445780745008
7786,0.8387387311661126
7787,2.3348273755659474
7788,3.1263212956374247
7789,2.3348273755659474
7790,4.51330628955224
7791,0.47864847667471133
7792,45.293801603329904
7793,0.1071885291448831
7794,1.6825442337915603e-07
7795,1.1186375869366148e-05
7796,5.384736361024744e-08
7797,0.035234851038618675
7798,1.9722133049168287
7799,2.799970821309973e-08
7800,5.431812626185006e-09
7801,4.665277080768268e-09
7802,1.0754849440835734e-08
7803,8.080423457147777e-09
7804,4.374733711436643e-09
7805,9.959498920453437e-09
7806,6.373274000150564e-09
7807,1.6761657472467922e-08
7808,4.374733711436643e-09
7809,8.080423457147777e-09
7810,8.080423457147777e-09
7811,4.665277080768268e-09
7812,1.985065380152908e-09
7813,5.209229831061069e-09
7814,4.374733711436643e-09
7815,5.209229831061069e-09
7816,5.209229831061069e-09
7817,5.209229831061069e-09
7818,9.187540411289101e-09
7819,1.6761657472467922e-08
7820,6.373274000150564e-09
7821,5.209229831061069e-09
7822,1.3748489294370036e-08
7823,1.158077237064948e-08
7824,2.2284617357793447e-09
7825,2.116356285399616e-08
7826,8.708587600740169e-09
7827,2.8959964347579184e-09
7828,1.5959926919715513e-09
7829,1.8655864901127764e-09
7830,1.5959926919715513e-09
7831,2.8959964347579184e-09
7832,1.8655864901127764e-09
7833,2.7366984621789174e-09
7834,1.6761657472467922e-08
7835,8.708587600740169e-09
7836,3.2738816291291024e-09
7837,4.374733711436643e-09
7838,1.158077237064948e-08
7839,1.6096607161968015e-07
7840,8.028200578903554e-07
7841,1.1578899970312033e-07
7842,8.172890180849263e-08
7843,3.8675696216904056e-07
7844,3.8675696216904056e-07
7845,8.172890180849263e-08
7846,1.1578899970312033e-07
7847,1.2128283260593096e-06
7848,7.270396141802273e-05
7849,5.9435422459833635e-06
7850,9.01711183921143e-06
7851,1.2787292210427943
7852,2.398176127233567
7853,2.026731394369251
7854,2.193962743148301
7855,2.962525084605525
7856,3.9541644896985497
7857,6.873685958225514e-06
7858,1.4758122458044296
7859,3.4398399605017355e-05
7860,0.029589682792164097
7861,3.3757061750390367
7862,0.0002817649173628776
7863,0.0009127810565195474
7864,3.1263212956374247
7865,3.0156031169886985e-05
7866,0.003165389900431905
7867,0.0095120786062911
7868,2.2899119258927567
7869,583.9230297157379
7870,0.1071885291448831
7871,8.858738421677122
7872,0.1071885291448831
7873,0.649311804896333
7874,1.3566818018436504
7875,3.555934324212227e-06
7876,1.7741210622100878e-05
7877,9.398768286047324e-07
7878,1.7741210622100878e-05
7879,1.9903443664356015e-06
7880,7.18620829169508e-07
7881,3.1388004538913446e-07
7882,3.1388004538913446e-07
7883,0.649311804896333
7884,340.5001782420814
7885,1.3566818018436504
7886,0.1071885291448831
7887,1.3566818018436504
7888,340.5001782420814
7889,583.9230297157379
7890,532.9506059879187
7891,392.2641429239634
7892,178.5157618519281
7893,210.33374762175126
7894,178.5157618519281
7895,5.628678679424277
7896,156.16847869608102
7897,72.59564647117998
7898,0.00012168000601412643
7899,2.0160278858747746e-05
7900,122.06052524472999
7901,0.00012168000601412643
7902,91.71421290732057
7903,210.33374762175126
7904,210.33374762175126
7905,91.71421290732057
7906,210.33374762175126
7907,122.06052524472999
7908,1.9722133049168287
7909,1.534105695279004e-08
7910,2.3304307390573853e-09
7911,2.2284617357793447e-09
7912,1.8655864901127764e-09
7913,6.373274000150564e-09
7914,3.485585052514426e-09
7915,4.665277080768268e-09
7916,1.0754849440835734e-08
7917,8.080423457147777e-09
7918,1.0754849440835734e-08
7919,2.8030719197063775e-08
7920,2.8030719197063775e-08
7921,1.0754849440835734e-08
7922,1.0754849440835734e-08
7923,1.6761657472467922e-08
7924,2.0349333375485035e-07
7925,0.1030843326463824
7926,64.9243605637188
7927,3.655857653680356
7928,2.8057090092908448
7929,2.193962743148301
7930,0.1740467927295335
7931,2.962525084605525
7932,0.0004897325801265481
7933,0.003152533978270389
7934,0.1740467927295335
7935,0.1740467927295335
7936,2.398176127233567
7937,2.962525084605525
7938,1.841619920514153
7939,107.39944941742105
7940,3.1263212956374247
7941,0.007546322205748304
7942,7.233795617204575
7943,7.631912748282793
7944,5.788244849976247
7945,4.554758677666256
7946,50.298601395752854
7947,28.45980202251175
7948,9.259749518262701
7949,0.0001634125813479309
7950,3.0156031169886985e-05
7951,3.0156031169886985e-05
7952,1.9903443664356015e-06
7953,3.1388004538913446e-07
7954,2.799970821309973e-08
7955,1.0459686018652724e-08
7956,1.701306681554931e-08
7957,1.9777830903337277
7958,310.895497572243
7959,152.02291115748434
7960,0.1071885291448831
7961,1.9777830903337277
7962,310.895497572243
7963,185.53084865464632
7964,0.1071885291448831
7965,28.42483268176619
7966,4.07118228282138
7967,0.1071885291448831
7968,40.04368335914329
7969,57.072385622198944
7970,77.5269492649476
7971,45.86133440083926
7972,80.76214075373672
7973,50.298601395752854
7974,69.9980007094268
7975,92.01152474416733
7976,39.226498455042844
7977,92.01152474416733
7978,39.226498455042844
7979,17.091932512210835
7980,45.86133440083926
7981,77.5269492649476
7982,111.22813614909784
7983,92.01152474416733
7984,80.76214075373672
7985,80.76214075373672
7986,80.76214075373672
7987,4.817042442612778
7988,80.76214075373672
7989,27.960736163844242
7990,72.00204634254263
7991,72.00204634254263
7992,27.960736163844242
7993,22.474650943806477
7994,24.72755827843379
7995,27.960736163844242
7996,24.72755827843379
7997,27.960736163844242
7998,64.9243605637188
7999,64.9243605637188
8000,27.960736163844242
8001,64.9243605637188
8002,59.06808308579421
8003,54.13999303054815
8004,54.13999303054815
8005,54.13999303054815
8006,59.06808308579421
8007,54.13999303054815
8008,59.06808308579421
8009,32.46370395685336
8010,64.9243605637188
8011,32.46370395685336
8012,39.226498455042844
8013,72.00204634254263
8014,64.9243605637188
8015,59.06808308579421
8016,64.9243605637188
8017,72.00204634254263
8018,64.9243605637188
8019,64.9243605637188
8020,3.217438588318973
8021,39.226498455042844
8022,92.01152474416733
8023,4.51330628955224
8024,69.9980007094268
8025,28.45980202251175
8026,107.2743284566132
8027,4.554758677666256
8028,9.259749518262701
8029,3.1263212956374247
8030,19.902170161063655
8031,183.59274194366623
8032,152.02291115748434
8033,413.2440999200212
8034,15.69787608125779
8035,9.259749518262701
8036,169.80058812546187
8037,189.04001809425114
8038,0.8897300759593274
8039,178.5157618519281
8040,0.0023260893190104512
8041,0.4245296695904832
8042,0.0023260893190104512
8043,2.0053677733855493e-06
8044,7.18620829169508e-07
8045,4.07118228282138
8046,0.00012168000601412643
8047,1.1518577754103743
8048,5.628678679424277
8049,0.8897300759593274
8050,1.1518577754103743
8051,0.00012168000601412643
8052,2.640719142600979e-06
8053,0.24783779010086096
8054,0.056787866718545646
8055,1.2516362399638536e-08
8056,1.2516362399638536e-08
8057,7.622838924583927e-09
8058,1.2164094523219897e-08
8059,0.8897300759593274
8060,122.06052524472999
8061,2.0053677733855493e-06
8062,0.006325036698882923
8063,28.42483268176619
8064,532.9506059879187
8065,310.895497572243
8066,178.5157618519281
8067,0.01040336961582853
8068,9.348491371942475e-07
8069,1.3903935413482184e-09
8070,6.266983536156406e-09
8071,0.006325036698882923
8072,122.06052524472999
8073,91.71421290732057
8074,0.00012168000601412643
8075,156.16847869608102
8076,123.35789860578016
8077,50.222121792322056
8078,0.014013775205871047
8079,0.0011195055320779137
8080,0.0011195055320779137
8081,30.075520768966314
8082,5.794509809602884e-05
8083,7.429457514571234e-09
8084,7.622838924583927e-09
8085,0.00012168000601412643
8086,5.628678679424277
8087,156.16847869608102
8088,28.42483268176619
8089,4.855089046808215
8090,3.1263212956374247
8091,2.398176127233567
8092,2.193962743148301
8093,0.1740467927295335
8094,0.13185767124755993
8095,0.13185767124755993
8096,0.2385344120295585
8097,0.005527258591148762
8098,0.005527258591148762
8099,0.0007416238801391625
8100,0.0007416238801391625
8101,0.0007416238801391625
8102,0.0007416238801391625
8103,1.568978662608839e-05
8104,0.00012831858759014103
8105,0.00012831858759014103
8106,1.2128283260593096e-06
8107,3.0156031169886985e-05
8108,0.0001634125813479309
8109,0.00012831858759014103
8110,0.3420401560141251
8111,0.0002817649173628776
8112,0.5180445780745008
8113,0.3420401560141251
8114,2.962525084605525
8115,2.962525084605525
8116,0.0012655494809345274
8117,3.3757061750390367
8118,0.029589682792164097
8119,0.029589682792164097
8120,3.9541644896985497
8121,2.3348273755659474
8122,0.002608335024430013
8123,0.007546322205748304
8124,4.855089046808215
8125,4.554758677666256
8126,4.855089046808215
8127,0.47864847667471133
8128,7.463254764928693
8129,12.127319001269731
8130,0.3832824608648755
8131,413.2440999200212
8132,340.5001782420814
8133,0.030959600555135462
8134,392.2641429239634
8135,28.42483268176619
8136,5.628678679424277
8137,203.1968081503157
8138,72.59564647117998
8139,59.57635173335933
8140,0.014013775205871047
8141,43.222745911043454
8142,43.222745911043454
8143,50.222121792322056
8144,50.222121792322056
8145,59.57635173335933
8146,50.222121792322056
8147,37.81731912220462
8148,0.0011195055320779137
8149,50.222121792322056
8150,0.0037698623178185177
8151,0.0011195055320779137
8152,0.00037113097769742975
8153,0.00013831248208142757
8154,5.794509809602884e-05
8155,1.1843243246005797e-08
8156,1.1843243246005797e-08
8157,3.0286305714115597e-09
8158,3.3838283336881168e-09
8159,3.3838283336881168e-09
8160,3.0286305714115597e-09
8161,3.3838283336881168e-09
8162,1.0358777394346342e-08
8163,3.0286305714115597e-09
8164,3.3838283336881168e-09
8165,3.824069029102824e-09
8166,1.0358777394346342e-08
8167,3.824069029102824e-09
8168,5.105620171067655e-09
8169,2.5888045577293227e-09
8170,0.0003125976927992579
8171,1.9722133049168287
8172,2.3304307390573853e-09
8173,2.3304307390573853e-09
8174,0.001801692458455696
8175,2.0946700458701626
8176,2.0946700458701626
8177,0.00012168000601412643
8178,2.0946700458701626
8179,2.094841207391568e-06
8180,2.0946700458701626
8181,6.752701109705067e-05
8182,6.752701109705067e-05
8183,2.094841207391568e-06
8184,2.094841207391568e-06
8185,9.528702690196909e-10
8186,5.468290152105388e-10
8187,5.309946844991445e-10
8188,9.175657408248993e-10
8189,7.876598638384144e-10
8190,7.876598638384144e-10
8191,1.3543826105666887e-09
8192,5.938662789084879e-08
8193,7.876598638384144e-10
8194,5.468290152105388e-10
8195,2.1649605300730136e-09
8196,5.468290152105388e-10
8197,5.468290152105388e-10
8198,9.528702690196909e-10
8199,2.1649605300730136e-09
8200,7.032808057850347e-10
8201,0.18572162325042293
8202,2.5888045577293227e-09
8203,5.3130176390603304e-09
8204,6.076316454116227e-09
8205,4.381486913110703e-09
8206,4.381486913110703e-09
8207,1.5067190599581942e-09
8208,2.1649605300730136e-09
8209,1.0954438639371563e-09
8210,1.8050926715631194e-09
8211,1.8050926715631194e-09
8212,1.8050926715631194e-09
8213,6.25971909328403e-09
8214,1.6748605175708805e-09
8215,5.709483769161809e-09
8216,6.25971909328403e-09
8217,7.718565392041282e-09
8218,6.25971909328403e-09
8219,4.844812506840799e-09
8220,5.709483769161809e-09
8221,6.25971909328403e-09
8222,8.708587600740169e-09
8223,2.1322594441744425e-09
8224,1.158077237064948e-08
8225,6.373274000150564e-09
8226,2.116356285399616e-08
8227,6.373274000150564e-09
8228,6.373274000150564e-09
8229,1.3654842670313846e-09
8230,0.001801692458455696
8231,0.0003125976927992579
8232,7.622838924583927e-09
8233,3.973208741256046e-09
8234,1.021747999634774e-09
8235,0.09170165321397324
8236,3.92295765723562e-10
8237,9.881222420822969e-10
8238,2.1322594441744425e-09
8239,2.5912328890069802e-09
8240,1.0954438639371563e-09
8241,9.881222420822969e-10
8242,4.816204200490557e-10
8243,4.375589065752986e-10
8244,9.881222420822969e-10
8245,8.234430759066024e-10
8246,1.6748605175708805e-09
8247,1.5613684305541603e-09
8248,1.6748605175708805e-09
8249,1.955882858208168e-09
8250,1.955882858208168e-09
8251,7.718565392041282e-09
8252,2.8959964347579184e-09
8253,2.8959964347579184e-09
8254,9.959498920453437e-09
8255,2.116356285399616e-08
8256,1.6761657472467922e-08
8257,1.534105695279004e-08
8258,6.182231022652052e-08
8259,2.116356285399616e-08
8260,8.080423457147777e-09
8261,8.080423457147777e-09
8262,3.485585052514426e-09
8263,5.431812626185006e-09
8264,0.0023260893190104512
8265,5.628678679424277
8266,0.00012168000601412643
8267,6.01960657362272e-09
8268,5.6198304170490064e-06
8269,1.7834067391064326e-08
8270,1.2516362399638536e-08
8271,1.574979110102823e-07
8272,3.739395386812353e-09
8273,0.3481288545237358
8274,0.6429788909358873
8275,2.0946700458701626
8276,1.9722133049168287
8277,2.0946700458701626
8278,0.0003125976927992579
8279,5.6198304170490064e-06
8280,5.6198304170490064e-06
8281,0.3481288545237358
8282,0.7363033140012959
8283,0.3481288545237358
8284,0.5139378039485468
8285,1.3543826105666887e-09
8286,7.83106652456249e-10
8287,9.175657408248993e-10
8288,2.2284617357793447e-09
8289,2.2284617357793447e-09
8290,2.2284617357793447e-09
8291,6.373274000150564e-09
8292,1.0754849440835734e-08
8293,3.975658067594354e-08
8294,6.259133269873639e-08
8295,1.825317495327987e-07
8296,1.7741210622100878e-05
8297,0.0001634125813479309
8298,0.8387387311661126
8299,0.3420401560141251
8300,0.5180445780745008
8301,3.4398399605017355e-05
8302,5.5077944412347675e-06
8303,0.13185767124755993
8304,0.06792889821723655
8305,1.8781619267468177
8306,0.08274887898385572
8307,0.08274887898385572
8308,0.08274887898385572
8309,0.08274887898385572
8310,0.13185767124755993
8311,0.13185767124755993
8312,0.1740467927295335
8313,0.0012655494809345274
8314,0.5180445780745008
8315,0.3420401560141251
8316,0.3420401560141251
8317,0.007546322205748304
8318,0.0010102983122056103
8319,6.873685958225514e-06
8320,1.1733133295697816e-07
8321,3.087975706520174e-07
8322,1.1733133295697816e-07
8323,3.7453398396304802
8324,0.0023260893190104512
8325,0.006325036698882923
8326,2.0160278858747746e-05
8327,0.0003125976927992579
8328,1.4959800149524758
8329,1.1537846082485779
8330,1.701306681554931e-08
8331,4.665277080768268e-09
8332,1.1578899970312033e-07
8333,1.534105695279004e-08
8334,1.534105695279004e-08
8335,1.1733133295697816e-07
8336,3.555934324212227e-06
8337,3.555934324212227e-06
8338,0.006557588903318603
8339,1.7741210622100878e-05
8340,3.555934324212227e-06
8341,3.4517256628904857e-07
8342,1.1733133295697816e-07
8343,1.1986022985287567e-07
8344,1.1986022985287567e-07
8345,1.1986022985287567e-07
8346,1.1986022985287567e-07
8347,4.5788680474948696e-08
8348,3.087975706520174e-07
8349,2.799970821309973e-08
8350,2.860964231103859
8351,0.1071885291448831
8352,0.003165389900431905
8353,3.7453398396304802
8354,6.266983536156406e-09
8355,1.0459686018652724e-08
8356,2.0946700458701626
8357,6.752701109705067e-05
8358,2.3304307390573853e-09
8359,1.0107127104187736e-09
8360,1.3654842670313846e-09
8361,1.3903935413482184e-09
8362,3.222852252368891e-09
8363,3.36966534453326e-09
8364,3.485585052514426e-09
8365,2.3304307390573853e-09
8366,2.268766395215333e-09
8367,1.3903935413482184e-09
8368,1.3654842670313846e-09
8369,1.3654842670313846e-09
8370,1.0107127104187736e-09
8371,1.7321635747867345e-09
8372,1.7321635747867345e-09
8373,3.485585052514426e-09
8374,3.485585052514426e-09
8375,3.36966534453326e-09
8376,2.3304307390573853e-09
8377,1.7321635747867345e-09
8378,1.3654842670313846e-09
8379,1.3543826105666887e-09
8380,1.3543826105666887e-09
8381,1.3543826105666887e-09
8382,1.0991310442964433e-09
8383,3.485585052514426e-09
8384,1.0107127104187736e-09
8385,1.3543826105666887e-09
8386,1.7321635747867345e-09
8387,1.985065380152908e-09
8388,1.3654842670313846e-09
8389,1.0107127104187736e-09
8390,2.3304307390573853e-09
8391,1.3654842670313846e-09
8392,1.3654842670313846e-09
8393,1.3654842670313846e-09
8394,1.0107127104187736e-09
8395,9.528702690196909e-10
8396,1.0107127104187736e-09
8397,7.876598638384144e-10
8398,1.3654842670313846e-09
8399,1.0107127104187736e-09
8400,7.032808057850347e-10
8401,7.876598638384144e-10
8402,6.374912388563816e-10
8403,6.374912388563816e-10
8404,7.876598638384144e-10
8405,7.876598638384144e-10
8406,2.7366984621789174e-09
8407,1.3543826105666887e-09
8408,1.0991310442964433e-09
8409,7.876598638384144e-10
8410,5.468290152105388e-10
8411,1.0107127104187736e-09
8412,7.876598638384144e-10
8413,6.374912388563816e-10
8414,7.876598638384144e-10
8415,7.032808057850347e-10
8416,9.528702690196909e-10
8417,5.468290152105388e-10
8418,5.468290152105388e-10
8419,3.6739846308719077e-10
8420,4.417585742996617e-10
8421,7.032808057850347e-10
8422,7.876598638384144e-10
8423,7.032808057850347e-10
8424,9.528702690196909e-10
8425,7.032808057850347e-10
8426,5.468290152105388e-10
8427,7.876598638384144e-10
8428,7.876598638384144e-10
8429,1.3543826105666887e-09
8430,1.0107127104187736e-09
8431,1.3654842670313846e-09
8432,1.3654842670313846e-09
8433,1.3654842670313846e-09
8434,1.3654842670313846e-09
8435,7.876598638384144e-10
8436,1.0107127104187736e-09
8437,7.032808057850347e-10
8438,9.528702690196909e-10
8439,1.0107127104187736e-09
8440,9.528702690196909e-10
8441,1.3543826105666887e-09
8442,2.2284617357793447e-09
8443,1.8655864901127764e-09
8444,2.2284617357793447e-09
8445,3.485585052514426e-09
8446,5.209229831061069e-09
8447,0.008159705667972689
8448,69.9980007094268
8449,0.47864847667471133
8450,1.2128283260593096e-06
8451,6.200981282044222e-07
8452,1.825317495327987e-07
8453,9.01711183921143e-06
8454,5.5077944412347675e-06
8455,1.5925814230480148e-06
8456,1.825317495327987e-07
8457,3.975658067594354e-08
8458,2.116356285399616e-08
8459,1.3748489294370036e-08
8460,1.158077237064948e-08
8461,9.959498920453437e-09
8462,1.3748489294370036e-08
8463,6.373274000150564e-09
8464,4.665277080768268e-09
8465,5.209229831061069e-09
8466,1.158077237064948e-08
8467,1.158077237064948e-08
8468,8.708587600740169e-09
8469,1.158077237064948e-08
8470,1.158077237064948e-08
8471,2.8959964347579184e-09
8472,7.718565392041282e-09
8473,5.209229831061069e-09
8474,3.2738816291291024e-09
8475,2.8959964347579184e-09
8476,2.5912328890069802e-09
8477,2.5912328890069802e-09
8478,2.5912328890069802e-09
8479,3.2738816291291024e-09
8480,3.2738816291291024e-09
8481,3.7525649744849895e-09
8482,3.7525649744849895e-09
8483,2.5912328890069802e-09
8484,2.3409658320657184e-09
8485,2.5912328890069802e-09
8486,3.7525649744849895e-09
8487,1.5959926919715513e-09
8488,2.8959964347579184e-09
8489,2.5912328890069802e-09
8490,6.25971909328403e-09
8491,2.8959964347579184e-09
8492,2.3409658320657184e-09
8493,2.3409658320657184e-09
8494,2.5912328890069802e-09
8495,3.7525649744849895e-09
8496,3.2738816291291024e-09
8497,7.718565392041282e-09
8498,8.708587600740169e-09
8499,2.5671577789898488e-08
8500,2.5671577789898488e-08
8501,8.38154233815216e-08
8502,2.5671577789898488e-08
8503,7.436331574439915e-08
8504,2.8057144302386714e-07
8505,6.269644095711962e-07
8506,3.40286922008183e-08
8507,3.174906633210667e-07
8508,1.3201776964370702e-07
8509,6.182231022652052e-08
8510,1.158077237064948e-08
8511,4.374733711436643e-09
8512,3.2738816291291024e-09
8513,3.2738816291291024e-09
8514,2.8959964347579184e-09
8515,3.2738816291291024e-09
8516,7.718565392041282e-09
8517,7.718565392041282e-09
8518,7.718565392041282e-09
8519,3.7525649744849895e-09
8520,1.3748489294370036e-08
8521,1.3748489294370036e-08
8522,3.40286922008183e-08
8523,2.5671577789898488e-08
8524,9.959498920453437e-09
8525,2.5671577789898488e-08
8526,2.9314192336849004e-08
8527,2.9314192336849004e-08
8528,3.40286922008183e-08
8529,9.959498920453437e-09
8530,1.3748489294370036e-08
8531,1.3748489294370036e-08
8532,5.209229831061069e-09
8533,3.7525649744849895e-09
8534,8.708587600740169e-09
8535,3.2738816291291024e-09
8536,1.3892123886311504e-09
8537,1.5959926919715513e-09
8538,5.209229831061069e-09
8539,6.918275713254405e-09
8540,6.25971909328403e-09
8541,1.158077237064948e-08
8542,2.7366984621789174e-09
8543,4.374733711436643e-09
8544,4.374733711436643e-09
8545,2.8959964347579184e-09
8546,2.5912328890069802e-09
8547,2.8959964347579184e-09
8548,1.5959926919715513e-09
8549,1.3892123886311504e-09
8550,2.3409658320657184e-09
8551,8.708587600740169e-09
8552,2.5912328890069802e-09
8553,3.2738816291291024e-09
8554,1.3892123886311504e-09
8555,5.994932757339345e-10
8556,1.2264188109148626e-09
8557,7.83106652456249e-10
8558,7.83106652456249e-10
8559,9.881222420822969e-10
8560,7.591235107668671e-10
8561,1.5613684305541603e-09
8562,1.4616705352907538e-09
8563,1.6748605175708805e-09
8564,1.955882858208168e-09
8565,1.955882858208168e-09
8566,1.955882858208168e-09
8567,1.955882858208168e-09
8568,8.234430759066024e-10
8569,7.036545193390562e-10
8570,8.987975667929171e-10
8571,8.987975667929171e-10
8572,7.036545193390562e-10
8573,1.6748605175708805e-09
8574,7.591235107668671e-10
8575,8.234430759066024e-10
8576,8.987975667929171e-10
8577,8.987975667929171e-10
8578,2.1322594441744425e-09
8579,1.955882858208168e-09
8580,2.8959964347579184e-09
8581,1.3892123886311504e-09
8582,1.2264188109148626e-09
8583,9.881222420822969e-10
8584,1.2264188109148626e-09
8585,1.0954438639371563e-09
8586,9.881222420822969e-10
8587,1.2264188109148626e-09
8588,2.5912328890069802e-09
8589,3.2738816291291024e-09
8590,3.2738816291291024e-09
8591,3.7525649744849895e-09
8592,1.8655864901127764e-09
8593,1.5959926919715513e-09
8594,2.8959964347579184e-09
8595,1.2264188109148626e-09
8596,3.2738816291291024e-09
8597,2.2284617357793447e-09
8598,2.7366984621789174e-09
8599,3.485585052514426e-09
8600,1.5959926919715513e-09
8601,1.3892123886311504e-09
8602,1.3892123886311504e-09
8603,1.3892123886311504e-09
8604,2.8959964347579184e-09
8605,3.7525649744849895e-09
8606,8.708587600740169e-09
8607,1.3748489294370036e-08
8608,5.209229831061069e-09
8609,1.158077237064948e-08
8610,9.959498920453437e-09
8611,1.3748489294370036e-08
8612,1.158077237064948e-08
8613,1.158077237064948e-08
8614,6.182231022652052e-08
8615,2.116356285399616e-08
8616,3.975658067594354e-08
8617,1.534105695279004e-08
8618,1.0709650498507985e-08
8619,2.0390222608394408e-08
8620,4.5788680474948696e-08
8621,5.384736361024744e-08
8622,7.18620829169508e-07
8623,0.1071885291448831
8624,5.628678679424277
8625,0.006325036698882923
8626,2.0053677733855493e-06
8627,122.06052524472999
8628,91.71421290732057
8629,59.57635173335933
8630,50.222121792322056
8631,0.00037113097769742975
8632,0.0011195055320779137
8633,2.5846148347646227e-08
8634,1.2516362399638536e-08
8635,7.622838924583927e-09
8636,2.474228564651619e-09
8637,8.52093139584731e-10
8638,0.008387766063829722
8639,0.002653418772670274
8640,0.04878862219970316
8641,0.06657285388458717
8642,0.04878862219970316
8643,0.020329002134273955
8644,0.026962724097509258
8645,0.020329002134273955
8646,4.004463052260122e-10
8647,8.234430759066024e-10
8648,6.802626292459011e-10
8649,6.802626292459011e-10
8650,3.92295765723562e-10
8651,3.4523833034333987e-10
8652,2.70786668198813e-10
8653,2.70786668198813e-10
8654,2.118976573988146e-10
8655,2.2967739810559993e-10
8656,4.004463052260122e-10
8657,3.6881315986511957e-10
8658,3.6881315986511957e-10
8659,5.346507200049876e-10
8660,4.816204200490557e-10
8661,1.0954438639371563e-09
8662,5.346507200049876e-10
8663,3.92295765723562e-10
8664,3.4523833034333987e-10
8665,3.0752457689112286e-10
8666,3.0752457689112286e-10
8667,2.5117445710905084e-10
8668,2.5117445710905084e-10
8669,4.004463052260122e-10
8670,5.346507200049876e-10
8671,8.987975667929171e-10
8672,8.987975667929171e-10
8673,4.375589065752986e-10
8674,9.881222420822969e-10
8675,1.0954438639371563e-09
8676,1.0954438639371563e-09
8677,9.881222420822969e-10
8678,9.881222420822969e-10
8679,1.0954438639371563e-09
8680,1.2264188109148626e-09
8681,6.802626292459011e-10
8682,5.994932757339345e-10
8683,1.2264188109148626e-09
8684,1.3892123886311504e-09
8685,2.8959964347579184e-09
8686,6.373274000150564e-09
8687,3.485585052514426e-09
8688,1.3543826105666887e-09
8689,1.3654842670313846e-09
8690,4.665277080768268e-09
8691,1.2128283260593096e-06
8692,3.975658067594354e-08
8693,4.374733711436643e-09
8694,2.8959964347579184e-09
8695,3.2738816291291024e-09
8696,3.7525649744849895e-09
8697,4.374733711436643e-09
8698,2.2284617357793447e-09
8699,4.374733711436643e-09
8700,6.373274000150564e-09
8701,4.665277080768268e-09
8702,4.665277080768268e-09
8703,6.701327550031238e-09
8704,1.985065380152908e-09
8705,9.528702690196909e-10
8706,0.6429788909358873
8707,1.4959800149524758
8708,2.3115395174386156e-08
8709,7.622838924583927e-09
8710,7.622838924583927e-09
8711,3.739395386812353e-09
8712,8.196553497867137e-08
8713,0.18572162325042293
8714,3.7094816820833885e-10
8715,3.0732137608778376e-10
8716,0.09170165321397324
8717,0.09170165321397324
8718,0.002653418772670274
8719,0.04878862219970316
8720,0.00467985759334687
8721,0.06657285388458717
8722,3.485585052514426e-09
8723,6.01960657362272e-09
8724,6.01960657362272e-09
8725,6.01960657362272e-09
8726,1.0531633618367227
8727,0.7363033140012959
8728,0.3481288545237358
8729,6.01960657362272e-09
8730,2.094841207391568e-06
8731,1.985065380152908e-09
8732,1.0107127104187736e-09
8733,7.032808057850347e-10
8734,2.1649605300730136e-09
8735,3.7094816820833885e-10
8736,0.25266830426810055
8737,3.6739846308719077e-10
8738,4.5233046929138343e-10
8739,1.0954438639371563e-09
8740,2.5912328890069802e-09
8741,2.5912328890069802e-09
8742,2.3409658320657184e-09
8743,2.8959964347579184e-09
8744,1.955882858208168e-09
8745,2.1322594441744425e-09
8746,1.8050926715631194e-09
8747,1.6748605175708805e-09
8748,1.8050926715631194e-09
8749,1.8050926715631194e-09
8750,1.955882858208168e-09
